CRASH_RECORD_ID,RD_NO,CRASH_DATE_EST_I,CRASH_DATE,POSTED_SPEED_LIMIT,TRAFFIC_CONTROL_DEVICE,DEVICE_CONDITION,WEATHER_CONDITION,LIGHTING_CONDITION,FIRST_CRASH_TYPE,TRAFFICWAY_TYPE,LANE_CNT,ALIGNMENT,ROADWAY_SURFACE_COND,ROAD_DEFECT,REPORT_TYPE,CRASH_TYPE,INTERSECTION_RELATED_I,NOT_RIGHT_OF_WAY_I,HIT_AND_RUN_I,DAMAGE,DATE_POLICE_NOTIFIED,PRIM_CONTRIBUTORY_CAUSE,SEC_CONTRIBUTORY_CAUSE,STREET_NO,STREET_DIRECTION,STREET_NAME,BEAT_OF_OCCURRENCE,PHOTOS_TAKEN_I,STATEMENTS_TAKEN_I,DOORING_I,WORK_ZONE_I,WORK_ZONE_TYPE,WORKERS_PRESENT_I,NUM_UNITS,MOST_SEVERE_INJURY,INJURIES_TOTAL,INJURIES_FATAL,INJURIES_INCAPACITATING,INJURIES_NON_INCAPACITATING,INJURIES_REPORTED_NOT_EVIDENT,INJURIES_NO_INDICATION,INJURIES_UNKNOWN,CRASH_HOUR,CRASH_DAY_OF_WEEK,CRASH_MONTH,LATITUDE,LONGITUDE,LOCATION
37ea221460ba9f1c425cf75f5f9466e4e920d4df2fea7310b54a857d77518d8f22e4f07adc591dc316392cb2a17e5216036b992170ea933d98d3b7cef1c38f0c,JG339502,,7/12/2023 18:28,30,TRAFFIC SIGNAL,FUNCTIONING PROPERLY,RAIN,DAYLIGHT,REAR END,FOUR WAY,,STRAIGHT AND LEVEL,WET,NO DEFECTS,NOT ON SCENE (DESK REPORT),NO INJURY / DRIVE AWAY,Y,,,"OVER $1,500",7/13/2023 15:30,FOLLOWING TOO CLOSELY,NOT APPLICABLE,4500,S,DR MARTIN LUTHER KING JR DR,215,,,,,,,2,NO INDICATION OF INJURY,0,0,0,0,0,2,0,18,4,7,41.81296274,-87.61683559,POINT (-87.616835585954 41.812962741184)
388914c9e95284bbcab9379be6a2deb5653942952470ea8f642d9f985b061bcefb8c7a690950a00d9d719566ae3a2938aba7c15ff6915cbe6882728ff75bffe2,JG337470,Y,7/12/2023 1:40,30,NO CONTROLS,NO CONTROLS,CLOUDY/OVERCAST,"DARKNESS, LIGHTED ROAD",FIXED OBJECT,FOUR WAY,,STRAIGHT AND LEVEL,DRY,NO DEFECTS,ON SCENE,INJURY AND / OR TOW DUE TO CRASH,,,,"OVER $1,500",7/12/2023 1:43,UNABLE TO DETERMINE,UNABLE TO DETERMINE,4501,W,ROOSEVELT RD,1011,,,,,,,1,INCAPACITATING INJURY,1,0,1,0,0,0,0,1,4,7,41.86588566,-87.7374859,POINT (-87.73748590019 41.865885664469)
395896d93f0dc782f51cab2da37d72c3f4574f4290783d85e5e5993f646e260252677f314da86788ccb6bcd1195e7989861b0f5514f92a919fa79dbe3b51618a,JG337705,,7/12/2023 8:00,30,NO CONTROLS,NO CONTROLS,CLEAR,DAYLIGHT,SIDESWIPE SAME DIRECTION,NOT DIVIDED,,STRAIGHT AND LEVEL,DRY,NO DEFECTS,NOT ON SCENE (DESK REPORT),NO INJURY / DRIVE AWAY,,,,"OVER $1,500",7/12/2023 9:00,FAILING TO YIELD RIGHT-OF-WAY,NOT APPLICABLE,4355,W,DIVISION ST,1111,,,,,,,2,NO INDICATION OF INJURY,0,0,0,0,0,3,0,8,4,7,41.90240961,-87.73586521,POINT (-87.735865205673 41.902409609865)
3a2e8359ea728b86525c82ad7c3386d00407c0ba155b16952bb37b23765ad0398085c24a19e0bf34e45e76050bc2dc002808ee683a292ddd1838ff0fa0244d92,JG338688,,7/12/2023 22:30,30,TRAFFIC SIGNAL,UNKNOWN,UNKNOWN,"DARKNESS, LIGHTED ROAD",TURNING,FOUR WAY,,STRAIGHT AND LEVEL,UNKNOWN,UNKNOWN,NOT ON SCENE (DESK REPORT),NO INJURY / DRIVE AWAY,Y,,Y,"OVER $1,500",7/13/2023 0:30,DISREGARDING TRAFFIC SIGNALS,NOT APPLICABLE,410,N,DEARBORN ST,1831,,,,,,,2,NO INDICATION OF INJURY,0,0,0,0,0,3,0,22,4,7,41.88963425,-87.6297443,POINT (-87.629744299862 41.889634252878)
3adc809fb15d6aa3c6e3e22321c7269ef6ef4a263a18d86ba1a53a26befc9d6e8b01a8837da38213f0fe6605755f81b13dfef22201ded7a52100d0e8d7e70d46,JG338466,,7/12/2023 16:48,35,NO CONTROLS,NO CONTROLS,RAIN,DAYLIGHT,HEAD ON,NOT DIVIDED,,STRAIGHT AND LEVEL,WET,NO DEFECTS,NOT ON SCENE (DESK REPORT),NO INJURY / DRIVE AWAY,Y,,,"OVER $1,500",7/12/2023 19:50,UNABLE TO DETERMINE,NOT APPLICABLE,2639,N,ELSTON AVE,1432,,,,,,,2,NO INDICATION OF INJURY,0,0,0,0,0,3,0,16,4,7,41.92969773,-87.68399026,POINT (-87.683990261402 41.929697728173)
3b1363b80a0b8d6bc3b5bdd970257c89e737f4bb78ba8a558cea999714cd80dcd7410c96fde6c5f4b26935188ade5fa9bb335e69bdf2f3645995f29e6cd9e628,JG338207,,7/12/2023 16:05,25,NO CONTROLS,NO CONTROLS,RAIN,DAYLIGHT,REAR END,DIVIDED - W/MEDIAN BARRIER,,STRAIGHT AND LEVEL,WET,NO DEFECTS,ON SCENE,NO INJURY / DRIVE AWAY,,,,$500 OR LESS,7/12/2023 16:30,FOLLOWING TOO CLOSELY,UNABLE TO DETERMINE,3341,N,WESTERN AVE,1921,,,,,,,2,NO INDICATION OF INJURY,0,0,0,0,0,3,0,16,4,7,41.94251887,-87.68788255,POINT (-87.687882546192 41.942518871394)
3c96fbc6ee3141d951b2c9b415c96071cb773861a3c6ef114045f7d17c5bd9e425add8f302713a940819194cc177527146665cabc77a4b7ff1ccf8570ab3fe0a,JG339451,,7/12/2023 13:00,30,STOP SIGN/FLASHER,FUNCTIONING PROPERLY,RAIN,DAYLIGHT,REAR END,ONE-WAY,,STRAIGHT AND LEVEL,DRY,NO DEFECTS,NOT ON SCENE (DESK REPORT),NO INJURY / DRIVE AWAY,,,,"OVER $1,500",7/13/2023 15:00,UNABLE TO DETERMINE,UNABLE TO DETERMINE,2336,N,PULASKI RD,2525,,,,,,,2,NO INDICATION OF INJURY,0,0,0,0,0,2,0,13,4,7,41.92375069,-87.72689596,POINT (-87.72689596313 41.92375068963)
3becec888a4ab3fef2b091ff401d47844c4905744e8bd2fbd8dfc5cd3e3e5c66c54cada8095ce633209add9b1318f6661fea2269a771d5d9e7ae81d0da887658,JD225122,,5/5/2020 18:49,30,STOP SIGN/FLASHER,NO CONTROLS,CLEAR,DAYLIGHT,TURNING,OTHER,,STRAIGHT AND LEVEL,DRY,NO DEFECTS,,NO INJURY / DRIVE AWAY,,,,$500 OR LESS,5/5/2020 18:53,UNABLE TO DETERMINE,NOT APPLICABLE,1002,W,18TH ST,1235,,,,,,,2,NO INDICATION OF INJURY,0,0,0,0,0,2,0,18,3,5,41.85812941,-87.65169593,POINT (-87.651695927212 41.858129407543)
3e5652324e6b88c7cbfc8f5a7b9ed89ae6cc2c69db113af5ac9c06a1ee7bac10fd8edf4a14af389e961802de3a4849df5047eadf1876c075fe9ba8cecd350877,JG337657,,7/12/2023 8:15,30,TRAFFIC SIGNAL,UNKNOWN,RAIN,DAYLIGHT,PEDALCYCLIST,FOUR WAY,,STRAIGHT AND LEVEL,WET,UNKNOWN,ON SCENE,INJURY AND / OR TOW DUE TO CRASH,,,Y,$500 OR LESS,7/12/2023 8:30,UNABLE TO DETERMINE,UNABLE TO DETERMINE,2801,W,55TH ST,824,,,,,,,2,NONINCAPACITATING INJURY,1,0,0,1,0,1,0,8,4,7,41.79358001,-87.69385554,POINT (-87.693855541383 41.79358001142)
3ec25160b1d6fa5475ee362a3e4d27704709fd36bec48aff19d4a9ba9b8a00852703083f1d018bcf7cf290023ed75d9bee8eb45192bf89238ff547a0fedfb815,JG337667,,7/12/2023 8:00,30,NO CONTROLS,NO CONTROLS,CLOUDY/OVERCAST,DAYLIGHT,PARKED MOTOR VEHICLE,DIVIDED - W/MEDIAN (NOT RAISED),,STRAIGHT AND LEVEL,DRY,UNKNOWN,ON SCENE,INJURY AND / OR TOW DUE TO CRASH,,,,"OVER $1,500",7/12/2023 8:09,UNABLE TO DETERMINE,UNABLE TO DETERMINE,2920,N,SACRAMENTO AVE,1411,,,,,,,2,NO INDICATION OF INJURY,0,0,0,0,0,1,0,8,4,7,41.93454176,-87.70273942,POINT (-87.702739414968 41.934541757511)
40b80e4f962418c762286b90dd995e31c703abd94104539968723edaec338354a63dec1cad2645624f26658485ac8470a0fd975f49711904236b35f62f295eff,JG338532,,7/12/2023 20:53,30,TRAFFIC SIGNAL,FUNCTIONING PROPERLY,CLEAR,DAYLIGHT,ANGLE,FOUR WAY,,STRAIGHT AND LEVEL,DRY,NO DEFECTS,ON SCENE,NO INJURY / DRIVE AWAY,,,,"OVER $1,500",7/12/2023 20:55,FAILING TO YIELD RIGHT-OF-WAY,DRIVING SKILLS/KNOWLEDGE/EXPERIENCE,140,N,MORGAN ST,1224,,,,,,,2,NO INDICATION OF INJURY,0,0,0,0,0,2,0,20,4,7,41.88438066,-87.65225206,POINT (-87.652252057118 41.884380658558)
40f9370fccbaab8eca4a3f773659ba6f0bd7eee634edf302f6aef104e5f8b51861d07bcb98778b77b16bd036ac6c097d3ff66e5d70ad25c4fc49643c0f9cbb57,JG338322,,7/12/2023 17:21,30,NO CONTROLS,NO CONTROLS,CLOUDY/OVERCAST,DAYLIGHT,PEDALCYCLIST,NOT DIVIDED,,STRAIGHT AND LEVEL,WET,NO DEFECTS,ON SCENE,INJURY AND / OR TOW DUE TO CRASH,,,,"OVER $1,500",7/12/2023 17:24,FAILING TO YIELD RIGHT-OF-WAY,NOT APPLICABLE,1357,N,MILWAUKEE AVE,1433,,,,,,,2,INCAPACITATING INJURY,1,0,1,0,0,1,0,17,4,7,41.90659584,-87.67132302,POINT (-87.671323022947 41.90659584185)
428c97b16be6b4cc99c13995b73d46316d588f8c64ddfdab4664046bfa4384e02056d60f85e2d9053a857a61ce150503141b65061f5f33c236ef27d69f6cbbbe,JG338489,,7/12/2023 19:20,10,NO CONTROLS,NO CONTROLS,CLEAR,DAYLIGHT,PEDESTRIAN,PARKING LOT,,STRAIGHT AND LEVEL,WET,NO DEFECTS,ON SCENE,NO INJURY / DRIVE AWAY,,,,$500 OR LESS,7/12/2023 19:23,UNABLE TO DETERMINE,UNABLE TO DETERMINE,2021,W,CHICAGO AVE,1221,,,,,,,2,NO INDICATION OF INJURY,0,0,0,0,0,2,0,19,4,7,41.89578523,-87.67793089,POINT (-87.677930892592 41.895785229598)
44ce4eabab106d0009ba235703b27ab7c3a6078813772f31e7d1a4d9e2da3d200332d1891f8e5d5c827887bb763d22919a99260bc842b0573be3a144b81cb874,JG340778,,7/12/2023 17:00,30,TRAFFIC SIGNAL,UNKNOWN,RAIN,DAYLIGHT,REAR END,ONE-WAY,,STRAIGHT AND LEVEL,UNKNOWN,UNKNOWN,NOT ON SCENE (DESK REPORT),NO INJURY / DRIVE AWAY,,,,"OVER $1,500",7/14/2023 14:15,UNABLE TO DETERMINE,UNABLE TO DETERMINE,3359,W,CONGRESS PKWY,1134,,,,,,,2,NO INDICATION OF INJURY,0,0,0,0,0,2,0,17,4,7,41.87443478,-87.71076508,POINT (-87.710765075441 41.874434778336)
4530ae5ae1dc3217211f70dcd559deac95dac0e18112adccdcc7ccb1c4c507eb85a966f8fc063f17d8a5e2b6f7f26557739b972e4309dcd66176d4720e31d636,JG337752,,7/12/2023 9:55,30,TRAFFIC SIGNAL,FUNCTIONING PROPERLY,RAIN,DAYLIGHT,TURNING,FOUR WAY,,STRAIGHT AND LEVEL,WET,NO DEFECTS,ON SCENE,NO INJURY / DRIVE AWAY,Y,,,"OVER $1,500",7/12/2023 9:59,IMPROPER LANE USAGE,IMPROPER TURNING/NO SIGNAL,525,N,ORLEANS ST,1831,,,,,,,2,NO INDICATION OF INJURY,0,0,0,0,0,2,0,9,4,7,41.8915077,-87.63688268,POINT (-87.636882677276 41.891507704413)
45e40693a5c179199995171b1b37cbc99d490f8be95b72eb8677eec78b0cd549c6704c5c8d6b4b560aa6b599fcf29f6e7fb1e91dfad2027bfd291334067e4569,JG338490,,7/12/2023 19:30,15,NO CONTROLS,NO CONTROLS,RAIN,DUSK,REAR TO SIDE,PARKING LOT,,STRAIGHT AND LEVEL,WET,NO DEFECTS,NOT ON SCENE (DESK REPORT),NO INJURY / DRIVE AWAY,,,,"OVER $1,500",7/12/2023 20:00,UNABLE TO DETERMINE,NOT APPLICABLE,6560,W,FULLERTON AVE,2512,,,,,,,2,NO INDICATION OF INJURY,0,0,0,0,0,2,0,19,4,7,41.9237502,-87.78988086,POINT (-87.789880859626 41.923750201042)
460aedac92923f7d63ccb4069257e34ce6cd3f9e67fb04b8d58b1cf80d3dbe92e219fc5f381edb0ef03c9add7bdb72f2b3552324bde41d6beaa261eea92eff38,JG338234,,7/12/2023 15:45,45,NO CONTROLS,NO CONTROLS,RAIN,DAYLIGHT,FIXED OBJECT,DIVIDED - W/MEDIAN BARRIER,,"CURVE, LEVEL",WET,NO DEFECTS,ON SCENE,INJURY AND / OR TOW DUE TO CRASH,,,,"OVER $1,500",7/12/2023 16:04,UNABLE TO DETERMINE,UNABLE TO DETERMINE,1200,N,LAKE SHORE DR NB,1824,,,,,,,1,NO INDICATION OF INJURY,0,0,0,0,0,1,0,15,4,7,41.90407674,-87.62480394,POINT (-87.624803937073 41.904076743028)
457761517b80a1121f4c5a726e39e3ec0313d8fe41341d029dc01b4656281c2e4acb6f95829bceafd67289a3e2f276986a182d6d6386570852fcfd6f15791018,JC421624,,9/5/2019 13:25,30,TRAFFIC SIGNAL,FUNCTIONING PROPERLY,CLEAR,DAYLIGHT,TURNING,NOT DIVIDED,,STRAIGHT AND LEVEL,DRY,NO DEFECTS,,NO INJURY / DRIVE AWAY,Y,,Y,$500 OR LESS,9/5/2019 19:15,UNABLE TO DETERMINE,NOT APPLICABLE,2,N,LA SALLE ST,122,,,,,,,2,NO INDICATION OF INJURY,0,0,0,0,0,2,0,13,5,9,41.8819923,-87.63250663,POINT (-87.632506626701 41.881992298253)
46e81bb5370fd26d491161c7eecacb7825b9008a5a6e3713be355826161b7ed411da74da86e5935972e48b6b11bb1f87c0b24d6fb8cd0ff9dacb48cdbd002a18,JG337616,,7/12/2023 6:45,30,NO CONTROLS,NO CONTROLS,RAIN,DAYLIGHT,PARKED MOTOR VEHICLE,NOT DIVIDED,,STRAIGHT AND LEVEL,WET,UNKNOWN,ON SCENE,NO INJURY / DRIVE AWAY,,,Y,"$501 - $1,500",7/12/2023 7:00,FAILING TO YIELD RIGHT-OF-WAY,NOT APPLICABLE,6400,S,LINDER AVE,813,,,,,,,2,NO INDICATION OF INJURY,0,0,0,0,0,2,0,6,4,7,41.77624059,-87.75936897,POINT (-87.759368970826 41.776240591525)
4963255905f8cbc820c1c1c7d767c58b010fc319422fef9786e97fd0ef7d4ddc74a6a633b0195d6fa2062131b309fe9a77200054debd779f58b9a52d1a6fefd9,JG339472,,7/12/2023 17:20,20,STOP SIGN/FLASHER,FUNCTIONING PROPERLY,RAIN,DAYLIGHT,ANGLE,FOUR WAY,,STRAIGHT AND LEVEL,WET,NO DEFECTS,NOT ON SCENE (DESK REPORT),NO INJURY / DRIVE AWAY,,,,"OVER $1,500",7/13/2023 15:40,EQUIPMENT - VEHICLE CONDITION,NOT APPLICABLE,4200,N,KEELER AVE,1722,,,,,,,2,NO INDICATION OF INJURY,0,0,0,0,0,4,0,17,4,7,41.95733431,-87.73273324,POINT (-87.732733235773 41.957334307207)
4a0a318ac37d1aa5f7a69116a4aee21f900bfea389324ae87f35b8a02cf5e11ffd3a605217083e9379eadecdeff0da274b769d14fea0683b9be071785aa5e9f8,JG388401,,7/12/2023 14:00,30,UNKNOWN,UNKNOWN,CLEAR,DAYLIGHT,ANGLE,UNKNOWN,,STRAIGHT AND LEVEL,UNKNOWN,UNKNOWN,ON SCENE,INJURY AND / OR TOW DUE TO CRASH,,,,"OVER $1,500",7/12/2023 18:27,UNABLE TO DETERMINE,UNABLE TO DETERMINE,4701,S,CHRISTIANA AVE,821,,,,,,,2,NONINCAPACITATING INJURY,1,0,0,1,0,1,0,14,4,7,41.80801162,-87.70751029,POINT (-87.707510287599 41.808011614559)
4a15c209e2a2c058bba078ecf1de23727cad925e26e12ed5c5d33fb6672666fb662eb7f5da72975723b0e9584bcd9d936c161c8c18870db5068b86748646529c,JG337458,,7/12/2023 0:01,30,NO CONTROLS,NO CONTROLS,CLEAR,"DARKNESS, LIGHTED ROAD",TURNING,NOT DIVIDED,,STRAIGHT AND LEVEL,DRY,NO DEFECTS,ON SCENE,NO INJURY / DRIVE AWAY,,,Y,"$501 - $1,500",7/12/2023 1:31,UNABLE TO DETERMINE,UNABLE TO DETERMINE,817,E,63RD ST,312,,,,,,,2,NO INDICATION OF INJURY,0,0,0,0,0,3,0,0,4,7,41.78031218,-87.60515331,POINT (-87.605153311669 41.780312183322)
4ad9fe359886b29f863f9a829fa28ac1196675bfb70381915067b28afe57d6c3bfdae304baf2f0d195338b5e414dc07e6692495112085592e823952879d6654f,JG339939,,7/12/2023 19:54,30,NO CONTROLS,NO CONTROLS,CLEAR,DAYLIGHT,PARKED MOTOR VEHICLE,NOT DIVIDED,,STRAIGHT AND LEVEL,DRY,NO DEFECTS,NOT ON SCENE (DESK REPORT),NO INJURY / DRIVE AWAY,,,Y,"OVER $1,500",7/13/2023 20:29,UNABLE TO DETERMINE,NOT APPLICABLE,321,E,44TH ST,215,,,,,,,2,NO INDICATION OF INJURY,0,0,0,0,0,1,0,19,4,7,41.81468132,-87.61880391,POINT (-87.618803908454 41.81468132078)
4a0855386efa0a2802faf2bd2896c3e5c4da9f15334b0452070ea3780972acde7aa2d313a85ad8b6e80d82e267348e6eef069ac76c54a69b241386e1a9c58bf1,JC367496,,7/27/2019 22:21,30,STOP SIGN/FLASHER,NO CONTROLS,CLEAR,DARKNESS,TURNING,NOT DIVIDED,,STRAIGHT AND LEVEL,DRY,NO DEFECTS,,INJURY AND / OR TOW DUE TO CRASH,,,,"$501 - $1,500",7/27/2019 22:32,NOT APPLICABLE,NOT APPLICABLE,10700,S,FAIRFIELD AVE,2212,Y,Y,,,,,2,NO INDICATION OF INJURY,0,0,0,0,0,2,0,22,7,7,41.69890335,-87.69014652,POINT (-87.69014651566 41.69890335395)
4b3fba7d261b97b92de2664405d1b21884ebf654d412a55a96f4576fdf24b4ac681bb44f12a400aa14f3794610d1029b7f5b2eba34293a61425b85dd710af97e,JG337866,,7/12/2023 11:25,30,TRAFFIC SIGNAL,FUNCTIONING PROPERLY,CLEAR,DAYLIGHT,REAR END,DIVIDED - W/MEDIAN (NOT RAISED),,STRAIGHT AND LEVEL,DRY,NO DEFECTS,NOT ON SCENE (DESK REPORT),NO INJURY / DRIVE AWAY,N,,,"OVER $1,500",7/12/2023 11:45,FOLLOWING TOO CLOSELY,FOLLOWING TOO CLOSELY,2550,N,PULASKI RD,2524,,,,,,,2,NO INDICATION OF INJURY,0,0,0,0,0,2,0,11,4,7,41.92781351,-87.72701303,POINT (-87.727013034313 41.92781350925)
4ba72ec958ac572843008b38a3db60104fc8e4168ae77803387ea1df7cc22b8a35b224bea38980d71da36e17c585cdbfac912e73dda0e8f1dc15a296516e75a6,JG337693,,7/12/2023 8:35,30,TRAFFIC SIGNAL,FUNCTIONING PROPERLY,RAIN,DAYLIGHT,TURNING,NOT DIVIDED,,STRAIGHT AND LEVEL,WET,UNKNOWN,ON SCENE,NO INJURY / DRIVE AWAY,Y,,,"OVER $1,500",7/12/2023 8:43,UNABLE TO DETERMINE,NOT APPLICABLE,2956,N,CENTRAL PARK AVE,2523,N,,,,,,2,NO INDICATION OF INJURY,0,0,0,0,0,2,0,8,4,7,41.93506582,-87.71742429,POINT (-87.717424292063 41.935065821985)
4c1bb79feb571cfc01938e2095ff8d3f8f9a4bc9cbfb66e693f57b4275c6f28fceaa530669b53168f2bd772cd4bd2b0099138714b26ab7264ef9efaef2c962fc,JG339692,,7/12/2023 17:15,30,NO CONTROLS,NO CONTROLS,CLEAR,DAYLIGHT,SIDESWIPE SAME DIRECTION,DIVIDED - W/MEDIAN (NOT RAISED),,STRAIGHT AND LEVEL,DRY,NO DEFECTS,NOT ON SCENE (DESK REPORT),NO INJURY / DRIVE AWAY,,,Y,"$501 - $1,500",7/13/2023 17:37,IMPROPER OVERTAKING/PASSING,NOT APPLICABLE,5400,S,CALIFORNIA AVE,923,,,,,,,2,NO INDICATION OF INJURY,0,0,0,0,0,2,0,17,4,7,41.79542276,-87.69399236,POINT (-87.693992356462 41.795422759814)
4eaa80d7fbb75ded3988595d0582f6e583db5e3d83ac5114e58da5e9b8017fefbb56bf99cfa9832992270fe3d4b6993f5675317c363228f374d7b6edd760cfd9,JG337920,Y,7/12/2023 11:45,30,NO CONTROLS,NO CONTROLS,RAIN,DAYLIGHT,TURNING,NOT DIVIDED,,STRAIGHT AND LEVEL,WET,NO DEFECTS,,NO INJURY / DRIVE AWAY,,,Y,"OVER $1,500",7/12/2023 12:30,FAILING TO YIELD RIGHT-OF-WAY,IMPROPER TURNING/NO SIGNAL,6830,N,SHERIDAN RD,2431,,,,,,,2,NO INDICATION OF INJURY,0,0,0,0,0,2,0,11,4,7,42.00649643,-87.66135879,POINT (-87.661358791829 42.006496425428)
4f39da5befe199f25cc6c7de98523dfa3890c3ae865c25c279bd0fb43535d415e9f0519c048949048132749e4d72f2668248519d598aafe0930912d3131e37e0,JG337635,,7/12/2023 8:04,30,YIELD,FUNCTIONING PROPERLY,RAIN,DAYLIGHT,TURNING,DIVIDED - W/MEDIAN (NOT RAISED),,STRAIGHT AND LEVEL,WET,NO DEFECTS,ON SCENE,INJURY AND / OR TOW DUE TO CRASH,,Y,,"OVER $1,500",7/12/2023 8:05,FAILING TO YIELD RIGHT-OF-WAY,DRIVING SKILLS/KNOWLEDGE/EXPERIENCE,3745,W,DEVON AVE,1711,,,,,,,2,NO INDICATION OF INJURY,0,0,0,0,0,2,0,8,4,7,41.99715053,-87.72331256,POINT (-87.723312562769 41.997150525348)
509768c90ed0e0cb2be2da21b4d2676f47decadd85d580e587a217ed210462d6f9746de77dca5c2c7aa632aa7678b441afd4b56650515fa7b085805107b65391,JG338306,,7/12/2023 11:50,30,TRAFFIC SIGNAL,FUNCTIONING PROPERLY,CLEAR,DAYLIGHT,PEDESTRIAN,NOT DIVIDED,,STRAIGHT AND LEVEL,UNKNOWN,OTHER,NOT ON SCENE (DESK REPORT),INJURY AND / OR TOW DUE TO CRASH,Y,,,$500 OR LESS,7/12/2023 17:40,UNABLE TO DETERMINE,UNABLE TO DETERMINE,5599,N,BROADWAY,2023,,,,,,,2,NONINCAPACITATING INJURY,1,0,0,1,0,1,0,11,4,7,41.98353333,-87.65991904,POINT (-87.659919034816 41.983533329922)
509f1f9efb15d7fcfedad6ca0c06816b1af2823ee907adbc778c0ab6458b815f49eb9f10be0d4e09f4e6ff3720c18e292eea9398d32cf8096a2a3bbc8ba4c237,JG337831,,7/12/2023 10:44,30,NO CONTROLS,NO CONTROLS,RAIN,DAYLIGHT,FIXED OBJECT,ONE-WAY,,STRAIGHT AND LEVEL,WET,UNKNOWN,ON SCENE,NO INJURY / DRIVE AWAY,,,,$500 OR LESS,7/12/2023 10:44,NOT APPLICABLE,NOT APPLICABLE,5420,W,FLOURNOY ST,1522,,,,,,,1,NO INDICATION OF INJURY,0,0,0,0,0,2,0,10,4,7,41.87199412,-87.76028227,POINT (-87.760282271882 41.871994114678)
50bf2854dec3ce0dac87543b14bda72a792ecd0ad5228730f3d95c7d686005ed8f8617c0959f513ed133e62003546389e5ea3d8319dc3de33c6544c4a2c1e273,JG338150,,7/12/2023 15:30,30,FLASHING CONTROL SIGNAL,NOT FUNCTIONING,RAIN,DAYLIGHT,TURNING,FOUR WAY,,STRAIGHT AND LEVEL,WET,UNKNOWN,ON SCENE,INJURY AND / OR TOW DUE TO CRASH,Y,,,"OVER $1,500",7/12/2023 15:30,WEATHER,WEATHER,8700,S,JEFFERY BLVD,412,,Y,,,,,2,"REPORTED, NOT EVIDENT",1,0,0,0,1,4,0,15,4,7,41.73696313,-87.57586271,POINT (-87.575862708451 41.736963127272)
5119682bc696967bba1539aa3007df0219c67d1205f86d95ac96425d5e50264698e93e42e350454a9999e65512a423fb7bad9c537aa700d4058dc82caa269f42,JG337409,,7/12/2023 0:10,35,TRAFFIC SIGNAL,FUNCTIONING PROPERLY,CLEAR,"DARKNESS, LIGHTED ROAD",REAR END,DIVIDED - W/MEDIAN (NOT RAISED),,STRAIGHT AND LEVEL,DRY,NO DEFECTS,ON SCENE,NO INJURY / DRIVE AWAY,,,,$500 OR LESS,7/12/2023 0:10,DRIVING SKILLS/KNOWLEDGE/EXPERIENCE,DRIVING SKILLS/KNOWLEDGE/EXPERIENCE,5159,N,WESTERN AVE,2031,,,,,,,2,NO INDICATION OF INJURY,0,0,0,0,0,2,0,0,4,7,41.97579462,-87.68899954,POINT (-87.688999541832 41.97579461565)
517418c1c82588006f9e9287614041567b89527fc373d84478061d90b57b87044485c20c2d6ca6910b50f95d90b40c8a5da5a9a630b9bd70f88cb5e17d46deaa,JG337762,,7/12/2023 9:45,15,NO CONTROLS,NO CONTROLS,RAIN,DAYLIGHT,PARKED MOTOR VEHICLE,PARKING LOT,,STRAIGHT AND LEVEL,WET,NO DEFECTS,ON SCENE,NO INJURY / DRIVE AWAY,,,,"OVER $1,500",7/12/2023 9:55,IMPROPER BACKING,UNABLE TO DETERMINE,5435,W,BELMONT AVE,2514,,,,,,,2,NO INDICATION OF INJURY,0,0,0,0,0,1,0,9,4,7,41.93851134,-87.763038,POINT (-87.76303799872 41.938511342146)
5218fbf04a98177ee2930678c7ac5af0b07708616c4e5077b7b3b97ab8f7724a16829dd7cba12d78ca1b99cfb53cb61ce8a4db6ee458f5ece6a196f68765a113,JG338011,,7/12/2023 9:52,30,TRAFFIC SIGNAL,FUNCTIONING PROPERLY,CLEAR,DAYLIGHT,REAR END,DIVIDED - W/MEDIAN (NOT RAISED),,STRAIGHT AND LEVEL,DRY,NO DEFECTS,NOT ON SCENE (DESK REPORT),NO INJURY / DRIVE AWAY,,,,"$501 - $1,500",7/12/2023 13:30,FOLLOWING TOO CLOSELY,DRIVING SKILLS/KNOWLEDGE/EXPERIENCE,777,W,CHICAGO AVE,1214,,,,,,,2,NO INDICATION OF INJURY,0,0,0,0,0,3,0,9,4,7,41.89628637,-87.64766873,POINT (-87.647668725313 41.896286369547)
531caa63c938a1a1650ce9d04137ed18f6ac37a91b72f6169ae2299ba16b81ff5d18fb02efedd6d6b1d7c3a81bb1de58fffdc86b5ff7885a286c46aa8f6b8533,JG340387,,7/12/2023 15:48,35,TRAFFIC SIGNAL,FUNCTIONING PROPERLY,RAIN,DAYLIGHT,REAR END,DIVIDED - W/MEDIAN (NOT RAISED),,STRAIGHT AND LEVEL,WET,NO DEFECTS,NOT ON SCENE (DESK REPORT),NO INJURY / DRIVE AWAY,Y,,,"$501 - $1,500",7/14/2023 9:15,FOLLOWING TOO CLOSELY,NOT APPLICABLE,2250,W,FULLERTON AVE,1432,,,,,,,2,NO INDICATION OF INJURY,0,0,0,0,0,2,0,15,4,7,41.92504785,-87.68481387,POINT (-87.68481387285 41.925047848254)