CRASH_RECORD_ID,RD_NO,CRASH_DATE_EST_I,CRASH_DATE,POSTED_SPEED_LIMIT,TRAFFIC_CONTROL_DEVICE,DEVICE_CONDITION,WEATHER_CONDITION,LIGHTING_CONDITION,FIRST_CRASH_TYPE,TRAFFICWAY_TYPE,LANE_CNT,ALIGNMENT,ROADWAY_SURFACE_COND,ROAD_DEFECT,REPORT_TYPE,CRASH_TYPE,INTERSECTION_RELATED_I,NOT_RIGHT_OF_WAY_I,HIT_AND_RUN_I,DAMAGE,DATE_POLICE_NOTIFIED,PRIM_CONTRIBUTORY_CAUSE,SEC_CONTRIBUTORY_CAUSE,STREET_NO,STREET_DIRECTION,STREET_NAME,BEAT_OF_OCCURRENCE,PHOTOS_TAKEN_I,STATEMENTS_TAKEN_I,DOORING_I,WORK_ZONE_I,WORK_ZONE_TYPE,WORKERS_PRESENT_I,NUM_UNITS,MOST_SEVERE_INJURY,INJURIES_TOTAL,INJURIES_FATAL,INJURIES_INCAPACITATING,INJURIES_NON_INCAPACITATING,INJURIES_REPORTED_NOT_EVIDENT,INJURIES_NO_INDICATION,INJURIES_UNKNOWN,CRASH_HOUR,CRASH_DAY_OF_WEEK,CRASH_MONTH,LATITUDE,LONGITUDE,LOCATION
531d726a7b263bc89ae7b153dd2cf2e771bd42cdc2b8f87f3a99eab637251729c6a1c5bb00a68769d9d152a7c2492b04b63416797f5942bbbf53040ee7bc4160,JG338453,,7/12/2023 19:13,30,NO CONTROLS,NO CONTROLS,RAIN,DAYLIGHT,PARKED MOTOR VEHICLE,FOUR WAY,,STRAIGHT AND LEVEL,WET,UNKNOWN,ON SCENE,INJURY AND / OR TOW DUE TO CRASH,,,,"OVER $1,500",7/12/2023 19:22,WEATHER,WEATHER,7418,W,FOREST PRESERVE AVE,1631,,,,,,,3,NONINCAPACITATING INJURY,1,0,0,1,0,0,0,19,4,7,41.95125643,-87.81294896,POINT (-87.812948955913 41.951256430118)
534685bcdcf6143b37e2a9ed6bb51347b7a49215709c5131a0c5cc00345e8918e1c8b2c149922277c745005718ef9f3e706220b3319aa1aa54da6cfda12bf3ff,JG337632,,7/12/2023 7:40,20,NO CONTROLS,NO CONTROLS,CLEAR,DAYLIGHT,FIXED OBJECT,NOT DIVIDED,,STRAIGHT AND LEVEL,WET,NO DEFECTS,ON SCENE,INJURY AND / OR TOW DUE TO CRASH,,,,"$501 - $1,500",7/12/2023 7:41,UNABLE TO DETERMINE,WEATHER,1600,E,HAYES DR,331,,,,,,,1,"REPORTED, NOT EVIDENT",1,0,0,0,1,0,0,7,4,7,41.78073244,-87.586371,POINT (-87.586370997782 41.780732443959)
53596e10d53de73c11e2f11553fd53ae3b09c954bee9a6a919a779629491bef91aa4ac43eee5e7abff9fbe694e848158f51be8ec997c644f2522a34f23c727e3,JE211844,,4/27/2021 14:50,30,TRAFFIC SIGNAL,FUNCTIONING PROPERLY,CLEAR,DAYLIGHT,PEDESTRIAN,NOT DIVIDED,,STRAIGHT AND LEVEL,DRY,NO DEFECTS,ON SCENE,NO INJURY / DRIVE AWAY,Y,,,$500 OR LESS,4/27/2021 14:54,FAILING TO YIELD RIGHT-OF-WAY,IMPROPER TURNING/NO SIGNAL,1601,N,THROOP ST,1433,,,,,,,2,NO INDICATION OF INJURY,0,0,0,0,0,2,0,14,3,4,41.91080385,-87.66101984,POINT (-87.661019837449 41.910803852478)
53ddea038dcbd60cf16f8c6624c039d56b007fa1b82d044640f39a99e19aed805620212768e28e5d96f0bf7bd16a2d6dabbd593eea757734e403fb217610d11e,JG338432,,7/12/2023 18:30,30,UNKNOWN,UNKNOWN,RAIN,DAYLIGHT,REAR END,NOT DIVIDED,,STRAIGHT AND LEVEL,WET,UNKNOWN,NOT ON SCENE (DESK REPORT),NO INJURY / DRIVE AWAY,,,Y,"$501 - $1,500",7/12/2023 19:20,UNABLE TO DETERMINE,NOT APPLICABLE,4800,N,AUSTIN AVE,1622,,,,,,,2,NO INDICATION OF INJURY,0,0,0,0,0,2,0,18,4,7,41.96762485,-87.77743074,POINT (-87.777430736114 41.967624849006)
5374019ccdcbcd594ad24082475720fef6c97333628d03b3dcc36cf86c4d2b281af624fbcb70a21c1b8b2e523100e52d4a15abd7ede44e2064f85a86c55a19fb,JG285166,,6/2/2023 13:30,30,TRAFFIC SIGNAL,UNKNOWN,CLEAR,DAYLIGHT,REAR END,NOT DIVIDED,,STRAIGHT AND LEVEL,UNKNOWN,UNKNOWN,,NO INJURY / DRIVE AWAY,,,,"$501 - $1,500",6/2/2023 14:20,UNABLE TO DETERMINE,NOT APPLICABLE,2800,N,AUSTIN AVE,2511,,,,,,,2,NO INDICATION OF INJURY,0,0,0,0,0,2,0,13,6,6,41.93122854,-87.77611524,POINT (-87.776115236085 41.931228539179)
56acbd404fef24be71c88451bdca211258b3ce4f6b0be21d22348dd07ac7591482fc4e0c80d5636f6bab05f8f056e6fccd88d58f657e64b9a2588c7b20608964,JG339663,,7/12/2023 17:47,30,TRAFFIC SIGNAL,FUNCTIONING PROPERLY,UNKNOWN,UNKNOWN,SIDESWIPE SAME DIRECTION,CENTER TURN LANE,,STRAIGHT AND LEVEL,UNKNOWN,UNKNOWN,NOT ON SCENE (DESK REPORT),NO INJURY / DRIVE AWAY,,,,"$501 - $1,500",7/13/2023 17:30,DISREGARDING ROAD MARKINGS,NOT APPLICABLE,5207,N,KIMBALL AVE,1712,,,,,,,2,NO INDICATION OF INJURY,0,0,0,0,0,2,0,17,4,7,41.97595236,-87.71340796,POINT (-87.713407964306 41.975952355722)
584e883fa5e27ea39e67b8a69edc100298eca7294a29e6715b730741e5bf6ef8c88c816ee593ba3b7b3245e7d561e55e72226e3610573b462d6dcd7a934ae8ab,JG340342,,7/12/2023 17:00,15,NO CONTROLS,NO CONTROLS,RAIN,DAYLIGHT,PARKED MOTOR VEHICLE,PARKING LOT,,STRAIGHT AND LEVEL,WET,NO DEFECTS,NOT ON SCENE (DESK REPORT),NO INJURY / DRIVE AWAY,,,Y,"$501 - $1,500",7/14/2023 8:20,UNABLE TO DETERMINE,NOT APPLICABLE,1356,S,MUSEUM CAMPUS DR E,132,,,,,,,2,NO INDICATION OF INJURY,0,0,0,0,0,1,0,17,4,7,41.86343354,-87.61483526,POINT (-87.614835263093 41.86343353645)
58792d3f17bf11fefcb5ff7fa687232161f0b3feded83d8e53ea711139f067ac75dede9efeb9e2c7657387f1f866cbefdcb30755d23120b8c7e9f8c1e1146d7d,JG338679,,7/12/2023 20:00,30,TRAFFIC SIGNAL,FUNCTIONING PROPERLY,CLEAR,"DARKNESS, LIGHTED ROAD",TURNING,NOT DIVIDED,,STRAIGHT AND LEVEL,DRY,NO DEFECTS,NOT ON SCENE (DESK REPORT),NO INJURY / DRIVE AWAY,Y,,Y,"OVER $1,500",7/13/2023 0:10,UNABLE TO DETERMINE,NOT APPLICABLE,112,W,87TH ST,622,,,,,,,2,NO INDICATION OF INJURY,0,0,0,0,0,2,0,20,4,7,41.73638005,-87.62750922,POINT (-87.627509219026 41.736380045588)
59579eeafab106213f9b169f74ff92ce0fefe0d78245e1853e4d05ebb1d6dc48ecef4b91a6967e6cfcc3b35c4084a57a0e136a6ad8d7d8f446d92d63ee9e7154,JG338427,,7/12/2023 17:37,30,NO CONTROLS,NO CONTROLS,CLEAR,DAYLIGHT,PARKED MOTOR VEHICLE,PARKING LOT,,STRAIGHT AND LEVEL,DRY,NO DEFECTS,NOT ON SCENE (DESK REPORT),NO INJURY / DRIVE AWAY,,,,"OVER $1,500",7/12/2023 19:20,UNABLE TO DETERMINE,UNABLE TO DETERMINE,8,E,9TH ST,123,,Y,,,,,2,NO INDICATION OF INJURY,0,0,0,0,0,1,0,17,4,7,41.87063499,-87.62727753,POINT (-87.627277530121 41.870634990802)
59e9ed265db118b20cb54ca713a9df7ad843f7d7b28ffcda79a555bcd94297ad6cc725e23485c9fd75e6ed732c8d9711ada905548ccf882f0e3f1325e0c26665,JG337807,,7/12/2023 10:40,30,NO CONTROLS,NO CONTROLS,RAIN,DAYLIGHT,TURNING,NOT DIVIDED,,STRAIGHT AND LEVEL,WET,NO DEFECTS,ON SCENE,INJURY AND / OR TOW DUE TO CRASH,,,,"OVER $1,500",7/12/2023 10:56,DRIVING SKILLS/KNOWLEDGE/EXPERIENCE,"OPERATING VEHICLE IN ERRATIC, RECKLESS, CARELESS, NEGLIGENT OR AGGRESSIVE MANNER",1320,E,87TH ST,412,,,,,,,2,NONINCAPACITATING INJURY,1,0,0,1,0,2,0,10,4,7,41.73692997,-87.59260713,POINT (-87.592607134358 41.736929971255)
5a64549588f739be74b9deabfe4006e30288d56da6da3d4ff48e9ab8603c1e607154d9683c11705eb883e6415382338e07814fbbf6628aeaf18d5a7531d1aa62,JG338273,,7/12/2023 17:00,30,STOP SIGN/FLASHER,FUNCTIONING PROPERLY,RAIN,DAYLIGHT,ANGLE,FOUR WAY,,STRAIGHT AND LEVEL,UNKNOWN,UNKNOWN,ON SCENE,INJURY AND / OR TOW DUE TO CRASH,,,,"OVER $1,500",7/12/2023 17:00,FAILING TO YIELD RIGHT-OF-WAY,NOT APPLICABLE,3599,N,WHIPPLE ST,1733,,,,,,,2,INCAPACITATING INJURY,2,0,2,0,0,1,0,17,4,7,41.94656114,-87.70399887,POINT (-87.703998869511 41.946561141059)
5c8c7f0c3324af4a011666f04f346e8fcce63d09f7121068ffb01f8d003629b8108764bbf84cd8d24aaa3f3b7016f5417a2aa389dfc6c506d78b493c6c878749,JG338483,,7/12/2023 16:30,30,NO CONTROLS,NO CONTROLS,UNKNOWN,DUSK,PARKED MOTOR VEHICLE,NOT DIVIDED,,STRAIGHT AND LEVEL,WET,NO DEFECTS,NOT ON SCENE (DESK REPORT),NO INJURY / DRIVE AWAY,,,Y,"OVER $1,500",7/12/2023 20:10,DRIVING SKILLS/KNOWLEDGE/EXPERIENCE,NOT APPLICABLE,1120,W,95TH ST,2222,,,,,,,2,NO INDICATION OF INJURY,0,0,0,0,0,1,0,16,4,7,41.72146609,-87.65158786,POINT (-87.651587859162 41.721466088264)
5cef8baa4ab6b7a191bd89007468596fde2fd5db55f1f38d41472f0cba453761ba9018c3f9f4e7a9c533ff3366447b51e4fa58a06027c71cf507932cd555a5cd,JC496233,,11/2/2019 18:00,30,NO CONTROLS,NO CONTROLS,CLEAR,"DARKNESS, LIGHTED ROAD",SIDESWIPE SAME DIRECTION,NOT DIVIDED,,STRAIGHT AND LEVEL,DRY,NO DEFECTS,NOT ON SCENE (DESK REPORT),NO INJURY / DRIVE AWAY,,,,"$501 - $1,500",11/2/2019 19:35,UNABLE TO DETERMINE,UNABLE TO DETERMINE,726,N,THROOP ST,1215,,,,,,,2,NO INDICATION OF INJURY,0,0,0,0,0,2,0,18,7,11,41.89521766,-87.66152707,POINT (-87.661527068978 41.89521765637)
5d194fed1bff6f658415443037bc62a240d11581145777beec28a79e1f2d1d0a2560d97bb674721ea55dbf25b17895258e4f6cedfdb389d435e5a7aca80c3c80,JG338344,,7/12/2023 17:30,30,STOP SIGN/FLASHER,FUNCTIONING PROPERLY,RAIN,DAYLIGHT,ANGLE,DIVIDED - W/MEDIAN (NOT RAISED),,STRAIGHT AND LEVEL,WET,NO DEFECTS,ON SCENE,INJURY AND / OR TOW DUE TO CRASH,,,,"$501 - $1,500",7/12/2023 17:45,DISREGARDING STOP SIGN,UNABLE TO DETERMINE,4227,W,ARMITAGE AVE,2534,,,,,,,2,NO INDICATION OF INJURY,0,0,0,0,0,2,0,17,4,7,41.9169782,-87.73260544,POINT (-87.732605444482 41.916978200029)
5df1ab331bb50f603eb9759aa2fba2183bfd4bf3f60ba651fc014b21757bc271af269d1a0fff2b152dc6bd57d8d763209f798c3ba206f3e657bfbdd26ab38cdb,JG339107,,7/12/2023 10:24,35,UNKNOWN,UNKNOWN,UNKNOWN,UNKNOWN,ANGLE,UNKNOWN,,STRAIGHT AND LEVEL,UNKNOWN,UNKNOWN,NOT ON SCENE (DESK REPORT),NO INJURY / DRIVE AWAY,,,,"OVER $1,500",7/13/2023 11:00,UNABLE TO DETERMINE,NOT APPLICABLE,7900,S,SOUTH CHICAGO AVE,411,,,,,,,2,NO INDICATION OF INJURY,0,0,0,0,0,2,0,10,4,7,41.75133971,-87.58563227,POINT (-87.585632265652 41.751339704589)
5e023ac76ba2c9b9975268bfa09b572a70249ef76e608fe5035eab5ba86754e382d10104a68f3d53ef2ecb7c7dfd752b5fd90c05e6bc59e4ec482a091c316394,JG338090,,7/12/2023 6:40,30,TRAFFIC SIGNAL,FUNCTIONING PROPERLY,RAIN,DAWN,SIDESWIPE SAME DIRECTION,DIVIDED - W/MEDIAN BARRIER,,STRAIGHT AND LEVEL,WET,NO DEFECTS,NOT ON SCENE (DESK REPORT),NO INJURY / DRIVE AWAY,,,,"OVER $1,500",7/12/2023 15:00,IMPROPER OVERTAKING/PASSING,UNABLE TO DETERMINE,482,S,ASHLAND AVE,1231,,,,,,,2,NO INDICATION OF INJURY,0,0,0,0,0,2,0,6,4,7,41.87519014,-87.66677373,POINT (-87.666773733757 41.875190140846)
60bb114aaaf10fb09a7fbe8f36ea701cf32466043584795d217bc2ee2b8da285831e0eabcfe4fb188824bdaee91292001ceb8c1effed0ec2b30d5f9053c96fae,JG339111,,7/12/2023 18:18,30,UNKNOWN,UNKNOWN,UNKNOWN,DAYLIGHT,REAR END,NOT DIVIDED,,STRAIGHT AND LEVEL,UNKNOWN,UNKNOWN,NOT ON SCENE (DESK REPORT),NO INJURY / DRIVE AWAY,,,,"OVER $1,500",7/13/2023 11:08,UNABLE TO DETERMINE,UNABLE TO DETERMINE,2400,W,119TH ST,2212,,,,,,,2,NO INDICATION OF INJURY,0,0,0,0,0,2,0,18,4,7,41.6773686,-87.68075032,POINT (-87.680750316837 41.677368602325)
6291c28ab2d353aca20ef918051e3021ffd50e126c7703609d86b7208430a4b47ef48d15f9fc66ea1abd6ee0c8fbde8519cccb04e77eea0a65f8e166ea4abd60,JG337951,,7/12/2023 8:00,30,UNKNOWN,UNKNOWN,RAIN,DAYLIGHT,PEDESTRIAN,NOT DIVIDED,,STRAIGHT AND LEVEL,WET,NO DEFECTS,ON SCENE,INJURY AND / OR TOW DUE TO CRASH,Y,,Y,$500 OR LESS,7/12/2023 12:35,NOT APPLICABLE,NOT APPLICABLE,6659,S,PULASKI RD,833,,,,,,,2,NONINCAPACITATING INJURY,1,0,0,1,0,1,0,8,4,7,41.77142146,-87.72243073,POINT (-87.722430729769 41.771421463229)
63ed9e4000c5beb2124039c2d8b43a0ff375c6eff0d1b748ee506a9d65e53a17cc45ab4d27b7f57c888ea9453ffd2ffeb4875728631d941c27eded6e0449f54c,JG338477,,7/12/2023 18:00,40,TRAFFIC SIGNAL,FUNCTIONING PROPERLY,RAIN,DAYLIGHT,SIDESWIPE SAME DIRECTION,DIVIDED - W/MEDIAN BARRIER,,STRAIGHT ON GRADE,WET,UNKNOWN,NOT ON SCENE (DESK REPORT),NO INJURY / DRIVE AWAY,,,,"$501 - $1,500",7/12/2023 20:00,DRIVING SKILLS/KNOWLEDGE/EXPERIENCE,DRIVING SKILLS/KNOWLEDGE/EXPERIENCE,500,N,LAKE SHORE DR SB,1834,,,,,,,2,NO INDICATION OF INJURY,0,0,0,0,0,2,0,18,4,7,41.89114707,-87.61437506,POINT (-87.61437505723 41.89114707171)
6448c436ed2411a9aaf5bf56ad210e5de93901e4a25c0d3a7f57ee9521eee754afcb0cb35969539f1e20e83d5e1604ed3836a1337cb30563609755614ee8ff19,JG399917,,7/12/2023 15:00,30,TRAFFIC SIGNAL,UNKNOWN,UNKNOWN,DAYLIGHT,REAR END,NOT DIVIDED,,STRAIGHT AND LEVEL,UNKNOWN,UNKNOWN,NOT ON SCENE (DESK REPORT),NO INJURY / DRIVE AWAY,,,,"$501 - $1,500",7/13/2023 20:20,UNABLE TO DETERMINE,NOT APPLICABLE,4200,N,CENTRAL AVE,1624,,,,,,,2,NO INDICATION OF INJURY,0,0,0,0,0,2,0,15,4,7,41.95687429,-87.76727186,POINT (-87.767271860138 41.956874286464)
64798a3b17919c2081b3068021256e3d71cef2c2b2a9c3443ba3785bdd3a926b209a52210bf9a80da61a522651a03f24e75dd776e6dbf1e0db28b3bdc319c971,JG337841,,7/12/2023 10:00,30,NO CONTROLS,NO CONTROLS,CLEAR,DAYLIGHT,PARKED MOTOR VEHICLE,NOT DIVIDED,,STRAIGHT AND LEVEL,DRY,UNKNOWN,NOT ON SCENE (DESK REPORT),NO INJURY / DRIVE AWAY,,,Y,$500 OR LESS,7/12/2023 11:30,UNABLE TO DETERMINE,NOT APPLICABLE,932,N,WELLS ST,1823,,,,,,,2,NO INDICATION OF INJURY,0,0,0,0,0,1,0,10,4,7,41.89992827,-87.63447631,POINT (-87.634476307409 41.899928265572)
6487890c0fbb8d7ef5330d290eb6525a33b1225eec4798f982278e60c552a6307d2e662db76dd6931c95959d285f2892d60119d1433732b067e6981760039e09,JG338540,,7/12/2023 17:50,15,NO CONTROLS,NO CONTROLS,CLEAR,DUSK,TURNING,PARKING LOT,,STRAIGHT ON GRADE,DRY,NO DEFECTS,NOT ON SCENE (DESK REPORT),NO INJURY / DRIVE AWAY,,Y,,"OVER $1,500",7/12/2023 20:35,UNABLE TO DETERMINE,IMPROPER LANE USAGE,1525,S,SANGAMON ST,1232,,,,,,,2,NO INDICATION OF INJURY,0,0,0,0,0,2,0,17,4,7,41.86100097,-87.6496677,POINT (-87.649667694898 41.861000973496)
663f875221b1394a82060159a1ca574fe8706b438afdfff602d1e68401bb384b00c0d3849fcbd858d9aca7fd7dbc1c510de0d3616eb1b9e3b24c9b3dd4b9500d,JE195216,,4/10/2021 9:44,30,NO CONTROLS,NO CONTROLS,RAIN,DAYLIGHT,FIXED OBJECT,NOT DIVIDED,,STRAIGHT AND LEVEL,WET,NO DEFECTS,ON SCENE,INJURY AND / OR TOW DUE TO CRASH,Y,,,"OVER $1,500",4/10/2021 10:14,DISTRACTION - FROM INSIDE VEHICLE,NOT APPLICABLE,1603,N,THROOP ST,1433,,,,,,,1,NO INDICATION OF INJURY,0,0,0,0,0,1,0,9,7,4,41.91086299,-87.66102222,POINT (-87.66102222449 41.910862992518)
666e30283d184ddcc3a3c82dccfb4d790b3d488b31689afe0570d770123f9301cf902b1ac806197717539fecb70e4b85958704fe561cf29d4dc6ae155ef7f338,JG338117,,7/12/2023 7:45,25,NO CONTROLS,NO CONTROLS,UNKNOWN,UNKNOWN,ANGLE,ONE-WAY,,STRAIGHT AND LEVEL,UNKNOWN,UNKNOWN,NOT ON SCENE (DESK REPORT),NO INJURY / DRIVE AWAY,,,,"OVER $1,500",7/12/2023 15:45,FAILING TO YIELD RIGHT-OF-WAY,FAILING TO YIELD RIGHT-OF-WAY,4929,W,DAKIN ST,1634,,,,,,,2,NO INDICATION OF INJURY,0,0,0,0,0,2,0,7,4,7,41.95231713,-87.75098271,POINT (-87.750982713867 41.952317130111)
66a13517d495fe65ce956532b28c598aceb3ee3e54ba00ee050e005e8c5df43266145ac15eb1c13b05d51f67d45e90d95312094ba45f266b39f01da52be351fc,JG338320,,7/12/2023 17:26,30,NO CONTROLS,NO CONTROLS,UNKNOWN,DAYLIGHT,PARKED MOTOR VEHICLE,ONE-WAY,,STRAIGHT AND LEVEL,UNKNOWN,UNKNOWN,ON SCENE,NO INJURY / DRIVE AWAY,,,Y,"$501 - $1,500",7/12/2023 17:28,NOT APPLICABLE,NOT APPLICABLE,40,W,76TH ST,623,,,,,,,2,NO INDICATION OF INJURY,0,0,0,0,0,3,0,17,4,7,41.75647231,-87.62631276,POINT (-87.626312755454 41.756472305523)
67ed7f5157e6ead0d288ed27399daa52197f3f8330143c230162d1ce1520be7ce0be5736291effd7e36f7376e42cf7b821f557e836515db3cb9442595f9b05a9,JE295444,,7/9/2021 8:50,30,TRAFFIC SIGNAL,FUNCTIONING PROPERLY,CLEAR,DAWN,ANGLE,FOUR WAY,,STRAIGHT AND LEVEL,DRY,UNKNOWN,ON SCENE,INJURY AND / OR TOW DUE TO CRASH,Y,,,"OVER $1,500",7/9/2021 9:06,DISREGARDING TRAFFIC SIGNALS,DISREGARDING TRAFFIC SIGNALS,1600,N,THROOP ST,1433,,,,,,,2,NONINCAPACITATING INJURY,1,0,0,1,0,1,0,8,6,7,41.91079724,-87.6613136,POINT (-87.661313602868 41.910797236385)
67fd2cc04d282576b07c19523677376e34f5bb6f96a0f7d27c9e5b6eebbc755fa693c2fe0d40172e784f511e031d2b038b4c8009c842e228263b1ba385b70a0b,JG338056,,7/12/2023 14:25,30,TRAFFIC SIGNAL,FUNCTIONING PROPERLY,RAIN,DAYLIGHT,REAR END,NOT DIVIDED,,STRAIGHT AND LEVEL,WET,UNKNOWN,ON SCENE,INJURY AND / OR TOW DUE TO CRASH,,,,"OVER $1,500",7/12/2023 14:30,UNABLE TO DETERMINE,UNABLE TO DETERMINE,5150,W,CHICAGO AVE,1531,,,,,,,2,NO INDICATION OF INJURY,0,0,0,0,0,6,0,14,4,7,41.89505373,-87.75522529,POINT (-87.755225290757 41.895053730813)
6808205071b721a68944bb032b3774fcfd0e03483e5dd64ca1024d7d902957b97ae1c9404e8dd7d7057a15477de92d2d12468c6b7cd6d074bb5531f3d483ced9,JG337516,,7/12/2023 4:50,20,NO CONTROLS,NO CONTROLS,RAIN,"DARKNESS, LIGHTED ROAD",SIDESWIPE SAME DIRECTION,DIVIDED - W/MEDIAN BARRIER,,CURVE ON GRADE,WET,UNKNOWN,NOT ON SCENE (DESK REPORT),INJURY AND / OR TOW DUE TO CRASH,,,,"OVER $1,500",7/12/2023 4:50,WEATHER,UNABLE TO DETERMINE,900,N,LAKE SHORE DR SB,1833,,,,,,,2,NO INDICATION OF INJURY,0,0,0,0,0,3,0,4,4,7,41.89932228,-87.61873843,POINT (-87.618738433114 41.899322278833)
682f3d5adcfa67f31546fb744bdb729af93f8b16a1ad06e4f0eafed84c034acffbffe70a2c709cd7f7da0797dc3e99a8a311fb3e3d392f9efb2b4f026364f2f9,,,7/26/2023 17:00,30,NO CONTROLS,NO CONTROLS,CLEAR,DAYLIGHT,REAR END,NOT DIVIDED,,STRAIGHT AND LEVEL,DRY,NO DEFECTS,,NO INJURY / DRIVE AWAY,,,,$500 OR LESS,7/26/2023 17:45,FOLLOWING TOO CLOSELY,UNABLE TO DETERMINE,336,W,35TH ST,915,,,,,,,2,NO INDICATION OF INJURY,0,0,0,0,0,2,0,17,4,7,41.83100316,-87.63530103,POINT (-87.635301029786 41.831003161285)
6831fcdafe7937a232c95f9b13730f92908556f565f52e973f80cdc22445af09913eabb8ef42605bdb4696b6ca21b1a8925066f655d8cf46c245e16e06862fd2,JG337653,Y,7/12/2023 5:00,30,NO CONTROLS,NO CONTROLS,RAIN,"DARKNESS, LIGHTED ROAD",PARKED MOTOR VEHICLE,NOT DIVIDED,,STRAIGHT AND LEVEL,WET,UNKNOWN,NOT ON SCENE (DESK REPORT),NO INJURY / DRIVE AWAY,,,Y,"OVER $1,500",7/12/2023 8:41,UNABLE TO DETERMINE,NOT APPLICABLE,1939,N,LINCOLN AVE,1814,,,,,,,2,NO INDICATION OF INJURY,0,0,0,0,0,1,0,5,4,7,41.91755469,-87.63751656,POINT (-87.637516558566 41.917554686445)
6841d458d67d7850856874d83306089aef3e611326e6a2efe262ba91b5bcb21f51b5779a97e620523e89df169ce96acba5b924cc31a427e2c3b4eba5fd04138c,JE242208,,5/25/2021 11:15,30,NO CONTROLS,NO CONTROLS,CLEAR,DAYLIGHT,ANGLE,NOT DIVIDED,,STRAIGHT AND LEVEL,DRY,NO DEFECTS,NOT ON SCENE (DESK REPORT),NO INJURY / DRIVE AWAY,,,,"$501 - $1,500",5/25/2021 11:25,FAILING TO YIELD RIGHT-OF-WAY,UNABLE TO DETERMINE,1612,N,THROOP ST,1433,,,,,,,2,NO INDICATION OF INJURY,0,0,0,0,0,2,0,11,3,5,41.91115214,-87.66132779,POINT (-87.661327785943 41.911152139122)
68b63cfd00f0d8977dedf7c1410525cb2944291c64f7286324463bed970c483aeaa897fcfb3146ef4dadb41e24604be0162e547046c50aa51c8c180fdc972c17,JG343563,Y,7/12/2023 22:00,30,NO CONTROLS,NO CONTROLS,UNKNOWN,UNKNOWN,PARKED MOTOR VEHICLE,NOT DIVIDED,,STRAIGHT AND LEVEL,UNKNOWN,NO DEFECTS,NOT ON SCENE (DESK REPORT),NO INJURY / DRIVE AWAY,,,Y,"OVER $1,500",7/16/2023 16:00,UNABLE TO DETERMINE,UNABLE TO DETERMINE,4047,N,MAJOR AVE,1624,,,,,,,2,NO INDICATION OF INJURY,0,0,0,0,0,1,0,22,4,7,41.95454794,-87.76934533,POINT (-87.769345332324 41.954547936709)
68c0e22cf545ba859afb3f33b49c951d2205613e0a7c145f6247e47d45772dfecfde8dd3a96bf06611c8bc87b0dac8a737736218a4da17ddee6e08d0d7af7df0,JG338121,,7/12/2023 15:44,30,TRAFFIC SIGNAL,FUNCTIONING PROPERLY,RAIN,DAYLIGHT,PEDESTRIAN,T-INTERSECTION,,STRAIGHT AND LEVEL,WET,NO DEFECTS,ON SCENE,INJURY AND / OR TOW DUE TO CRASH,Y,,,$500 OR LESS,7/12/2023 15:48,FAILING TO YIELD RIGHT-OF-WAY,NOT APPLICABLE,6899,S,ASHLAND AVE,725,,,,,,,2,NONINCAPACITATING INJURY,1,0,0,1,0,1,0,15,4,7,41.76864847,-87.66375855,POINT (-87.66375854502 41.768648466824)
68e6dda0b0bbe6c50784b057a0af34ad42da27fe766b60f29485aa52bc90484647101d5222c4e47f46471b72fe2cd297f1ee1b5b65eaf2bf6177f71217c9b447,JG337872,,7/12/2023 9:15,30,NO CONTROLS,NO CONTROLS,CLEAR,DAYLIGHT,PARKED MOTOR VEHICLE,PARKING LOT,,STRAIGHT AND LEVEL,UNKNOWN,NO DEFECTS,NOT ON SCENE (DESK REPORT),NO INJURY / DRIVE AWAY,,Y,,"OVER $1,500",7/12/2023 11:42,UNABLE TO DETERMINE,UNABLE TO DETERMINE,3737,W,99TH ST,2211,,,,,,,2,NO INDICATION OF INJURY,0,0,0,0,0,1,0,9,4,7,41.71314689,-87.71531465,POINT (-87.715314648528 41.713146892523)
69f3f93baa7dea5277b4b99196c04f3259fc83c6f309297be036c755ae71fae4182d1db669cd938807bb07df87dd6aa9509cdc72734bf90e54f31b2986988685,JG338061,,7/12/2023 14:30,25,NO CONTROLS,NO CONTROLS,UNKNOWN,UNKNOWN,REAR TO FRONT,ONE-WAY,,STRAIGHT AND LEVEL,UNKNOWN,NO DEFECTS,NOT ON SCENE (DESK REPORT),NO INJURY / DRIVE AWAY,,,,"OVER $1,500",7/12/2023 14:45,IMPROPER BACKING,IMPROPER BACKING,3987,N,KILDARE AVE,1731,,,,,,,2,NO INDICATION OF INJURY,0,0,0,0,0,2,0,14,4,7,41.95346997,-87.73528767,POINT (-87.735287672554 41.953469965198)
6e7c7b66d704aae3442e8be8c86e14d86091fe63fb92a4596f740893800d7af4767fa8ec4d89e78d4c1202b67b2c41ed3ad7418d6dbec1e5c27109dfe01a1194,JG337945,,7/12/2023 12:16,30,TRAFFIC SIGNAL,FUNCTIONING PROPERLY,RAIN,DAYLIGHT,SIDESWIPE SAME DIRECTION,DIVIDED - W/MEDIAN (NOT RAISED),,STRAIGHT AND LEVEL,WET,NO DEFECTS,ON SCENE,NO INJURY / DRIVE AWAY,Y,,,"OVER $1,500",7/12/2023 12:29,IMPROPER OVERTAKING/PASSING,UNABLE TO DETERMINE,2232,W,TOUHY AVE,2411,,,,,,,2,NO INDICATION OF INJURY,0,0,0,0,0,2,0,12,4,7,42.01236164,-87.68748715,POINT (-87.687487145287 42.012361634684)