CRASH_RECORD_ID,RD_NO,CRASH_DATE_EST_I,CRASH_DATE,POSTED_SPEED_LIMIT,TRAFFIC_CONTROL_DEVICE,DEVICE_CONDITION,WEATHER_CONDITION,LIGHTING_CONDITION,FIRST_CRASH_TYPE,TRAFFICWAY_TYPE,LANE_CNT,ALIGNMENT,ROADWAY_SURFACE_COND,ROAD_DEFECT,REPORT_TYPE,CRASH_TYPE,INTERSECTION_RELATED_I,NOT_RIGHT_OF_WAY_I,HIT_AND_RUN_I,DAMAGE,DATE_POLICE_NOTIFIED,PRIM_CONTRIBUTORY_CAUSE,SEC_CONTRIBUTORY_CAUSE,STREET_NO,STREET_DIRECTION,STREET_NAME,BEAT_OF_OCCURRENCE,PHOTOS_TAKEN_I,STATEMENTS_TAKEN_I,DOORING_I,WORK_ZONE_I,WORK_ZONE_TYPE,WORKERS_PRESENT_I,NUM_UNITS,MOST_SEVERE_INJURY,INJURIES_TOTAL,INJURIES_FATAL,INJURIES_INCAPACITATING,INJURIES_NON_INCAPACITATING,INJURIES_REPORTED_NOT_EVIDENT,INJURIES_NO_INDICATION,INJURIES_UNKNOWN,CRASH_HOUR,CRASH_DAY_OF_WEEK,CRASH_MONTH,LATITUDE,LONGITUDE,LOCATION
6fe9b3dd0047c702dfc92c7ac6a54ec9a00014a82aa986b9ac6d791d25d7dd5cca567612ca24d5569af55c6ed10080ab3aa2b3d5c9f89ad75a94a388ad880230,JG338452,,7/12/2023 18:50,30,UNKNOWN,UNKNOWN,RAIN,DAYLIGHT,REAR END,NOT DIVIDED,,STRAIGHT AND LEVEL,WET,UNKNOWN,NOT ON SCENE (DESK REPORT),NO INJURY / DRIVE AWAY,,,,"$501 - $1,500",7/12/2023 19:45,UNABLE TO DETERMINE,NOT APPLICABLE,3400,N,CENTRAL AVE,1633,,,,,,,2,NO INDICATION OF INJURY,0,0,0,0,0,2,0,18,4,7,41.94227034,-87.76677696,POINT (-87.766776957362 41.942270343326)
7125c772f7e949db5ddb009457a346853930985bc522f37d05d562b59836eb03ba2458fedfc5b71268f87b66cb328699a6edc4f7d14c7cc94db951b5cc8e8611,JG338492,,7/12/2023 19:20,30,NO CONTROLS,NO CONTROLS,RAIN,DAYLIGHT,REAR END,NOT DIVIDED,,STRAIGHT AND LEVEL,WET,NO DEFECTS,NOT ON SCENE (DESK REPORT),NO INJURY / DRIVE AWAY,,,,"OVER $1,500",7/12/2023 20:15,FOLLOWING TOO CLOSELY,NOT APPLICABLE,7103,N,RIDGE BLVD,2424,,,,,,,2,NO INDICATION OF INJURY,0,0,0,0,0,2,0,19,4,7,42.01138727,-87.68260527,POINT (-87.682605264662 42.011387270875)
71a88b9354046ce5c802fe3b3c0b19ae6b6fea203a59a70b9f58c53d375e755d514ad5b6901e52bfe783e2cc91af75adca4030036bf3cf9a4b05bcdfda340678,JG337966,,7/12/2023 12:55,30,STOP SIGN/FLASHER,FUNCTIONING PROPERLY,RAIN,DAYLIGHT,ANGLE,FOUR WAY,,STRAIGHT AND LEVEL,WET,NO DEFECTS,ON SCENE,INJURY AND / OR TOW DUE TO CRASH,Y,,,"OVER $1,500",7/12/2023 12:57,FAILING TO YIELD RIGHT-OF-WAY,"VISION OBSCURED (SIGNS, TREE LIMBS, BUILDINGS, ETC.)",2398,W,36TH ST,911,,,,,,,2,NO INDICATION OF INJURY,0,0,0,0,0,4,0,12,4,7,41.8285619,-87.6849517,POINT (-87.684951696687 41.828561901564)
728c62a44c5f67085f127de02d8d7c38219fb452fb31de1c938e757efa4c4b6d9dc4b4ab65619658b37746ee7677ec5e0c0dbefdcc55aaaef4977fba22ba642a,JA488425,,10/27/2017 15:30,30,TRAFFIC SIGNAL,FUNCTIONING PROPERLY,CLEAR,DAYLIGHT,SIDESWIPE SAME DIRECTION,NOT DIVIDED,,STRAIGHT AND LEVEL,DRY,NO DEFECTS,NOT ON SCENE (DESK REPORT),NO INJURY / DRIVE AWAY,Y,,,$500 OR LESS,10/27/2017 17:10,UNABLE TO DETERMINE,NOT APPLICABLE,1600,N,THROOP ST,1433,,,,,,,2,NO INDICATION OF INJURY,0,0,0,0,0,2,0,15,6,10,41.91079724,-87.6613136,POINT (-87.661313602868 41.910797236385)
72a79530be3cb2c6c8bdb9264fc1ebba3071d24b6f6507b7978dab7eb593488f13030800f6a3e63cc0084669afdc3988a94bf201bb05378e318e7774ebebf642,JG337728,,7/12/2023 8:55,30,UNKNOWN,UNKNOWN,RAIN,DAYLIGHT,REAR END,NOT DIVIDED,,STRAIGHT AND LEVEL,WET,UNKNOWN,NOT ON SCENE (DESK REPORT),NO INJURY / DRIVE AWAY,,,,"OVER $1,500",7/12/2023 9:35,UNABLE TO DETERMINE,UNABLE TO DETERMINE,2199,W,103RD ST,2212,,,,,,,2,NO INDICATION OF INJURY,0,0,0,0,0,3,0,8,4,7,41.70634396,-87.6767233,POINT (-87.676723303813 41.706343959504)
737d94fcf2c888d224bf076289aca2dd613d327dad19ad8437e6ec3668a59bcf0546d14edccf17af64a936b031a09af3e4f9cfa129abe039718d2595f627f61f,JG337979,,7/12/2023 13:00,30,TRAFFIC SIGNAL,FUNCTIONING PROPERLY,RAIN,DAYLIGHT,ANGLE,FOUR WAY,,STRAIGHT AND LEVEL,WET,UNKNOWN,ON SCENE,INJURY AND / OR TOW DUE TO CRASH,Y,,,"OVER $1,500",7/12/2023 13:15,DISREGARDING TRAFFIC SIGNALS,NOT APPLICABLE,500,E,ILLINOIS ST,1834,N,,,,,,3,NONINCAPACITATING INJURY,4,0,0,4,0,2,0,13,4,7,41.89120784,-87.6151303,POINT (-87.615130302871 41.891207840971)
72b77a7843ff30c87942f4fc368e40af9c1661446f21ea7e45d20de877fdf905cb7d4b1bf0c61330c66949db5d4fa1b20aad0e59dcb29e0e7d85a94462ea573e,JC316250,,6/21/2019 19:40,25,TRAFFIC SIGNAL,FUNCTIONING PROPERLY,CLEAR,DUSK,REAR TO SIDE,RAMP,,STRAIGHT AND LEVEL,DRY,NO DEFECTS,,NO INJURY / DRIVE AWAY,,,,"OVER $1,500",6/21/2019 19:42,UNABLE TO DETERMINE,NOT APPLICABLE,500,N,LAKE SHORE DR,1834,,,,,,,2,NO INDICATION OF INJURY,0,0,0,0,0,3,0,19,6,6,41.89111833,-87.61438469,POINT (-87.614384684631 41.891118332732)
7577831a227309a85c469e5e7e1e7a911501f3c113b6cae288da5caaba1c847d52f43a873f812237e7fd01bcd4ed0d2b747a1f353f20b124dcba59c50accd7cf,JG337549,,7/12/2023 5:44,40,NO CONTROLS,NO CONTROLS,RAIN,DAYLIGHT,FIXED OBJECT,DIVIDED - W/MEDIAN BARRIER,,STRAIGHT AND LEVEL,WET,NO DEFECTS,ON SCENE,INJURY AND / OR TOW DUE TO CRASH,,,,"OVER $1,500",7/12/2023 5:45,FAILING TO REDUCE SPEED TO AVOID CRASH,UNABLE TO DETERMINE,1000,N,LAKE SHORE DR NB,1824,,,,,,,1,NO INDICATION OF INJURY,0,0,0,0,0,1,0,5,4,7,41.90095892,-87.61992817,POINT (-87.619928173678 41.900958919109)
75aec8567301feea5108e77ddcc2420dd2468b25b933769c98db3b2aab36c6b5967ba750de98dc14e1b6f0dc7427810fc632709c592c3dc83438084308322231,JG337593,,7/12/2023 7:00,35,STOP SIGN/FLASHER,NO CONTROLS,RAIN,DAYLIGHT,ANGLE,FOUR WAY,,STRAIGHT AND LEVEL,WET,NO DEFECTS,NOT ON SCENE (DESK REPORT),NO INJURY / DRIVE AWAY,Y,,,"$501 - $1,500",7/12/2023 7:25,UNABLE TO DETERMINE,NOT APPLICABLE,3300,W,26TH ST,1024,,,,,,,2,NO INDICATION OF INJURY,0,0,0,0,0,3,0,7,4,7,41.84459206,-87.70753947,POINT (-87.70753946892 41.84459205819)
77088b554eb758da83b684cc40e621cdd8d85259626a81ec9fe4825d5093b689580fb370aea77d212ee18255739963c591551be8d76cb79283b806b2aab36be1,JG338559,,7/12/2023 19:32,30,NO CONTROLS,NO CONTROLS,RAIN,"DARKNESS, LIGHTED ROAD",REAR END,DIVIDED - W/MEDIAN (NOT RAISED),,STRAIGHT AND LEVEL,WET,UNKNOWN,NOT ON SCENE (DESK REPORT),NO INJURY / DRIVE AWAY,,,,"OVER $1,500",7/12/2023 21:00,UNABLE TO DETERMINE,UNABLE TO DETERMINE,3937,W,NORTH AVE,2535,,,,,,,2,NO INDICATION OF INJURY,0,0,0,0,0,3,0,19,4,7,41.90978781,-87.72550466,POINT (-87.725504660997 41.909787806969)
78544a23810599c7208df48541c3f99ea3d3c74d269b59e7885fa4c9dcc0c1be238c25bd67ae323ad8be3b8da1ae4a683b5acc9687020711f9057f1901aa7e8d,JG338006,,7/12/2023 13:30,30,NO CONTROLS,NO CONTROLS,CLEAR,DAYLIGHT,TURNING,DIVIDED - W/MEDIAN (NOT RAISED),,STRAIGHT AND LEVEL,DRY,NO DEFECTS,ON SCENE,INJURY AND / OR TOW DUE TO CRASH,,,,"OVER $1,500",7/12/2023 13:33,UNABLE TO DETERMINE,UNABLE TO DETERMINE,5200,W,FULLERTON AVE,2515,,,,,,,2,NONINCAPACITATING INJURY,2,0,0,2,0,1,0,13,4,7,41.9242158,-87.75621076,POINT (-87.756210754589 41.924215797231)
763ef2cdafc656904c1552dcd21606d648050b1a9844d4627d47472cd123f6075b4896f208add96545a3659b8bda029ddca5bfde31394bfec555f19d4d048620,JC532618,,12/3/2019 7:30,30,TRAFFIC SIGNAL,FUNCTIONING PROPERLY,CLEAR,DAYLIGHT,SIDESWIPE SAME DIRECTION,NOT DIVIDED,,STRAIGHT AND LEVEL,UNKNOWN,NO DEFECTS,,NO INJURY / DRIVE AWAY,,,,$500 OR LESS,12/3/2019 8:06,UNABLE TO DETERMINE,UNABLE TO DETERMINE,1530,W,111TH ST,2234,,,,,,,2,NO INDICATION OF INJURY,0,0,0,0,0,2,0,7,3,12,41.69223013,-87.66156571,POINT (-87.661565707968 41.692230131849)
79057af2309bfbb341bdf3b2f0d90420d959fc9d7a6930d37d8ade1edea8b2e759a35370be9c647213a5fb20c90be5e3a0e57189e6a269a83f70dc5f0be3c070,,,7/23/2023 3:20,30,NO CONTROLS,NOT FUNCTIONING,CLEAR,"DARKNESS, LIGHTED ROAD",TURNING,NOT DIVIDED,,STRAIGHT AND LEVEL,DRY,NO DEFECTS,,NO INJURY / DRIVE AWAY,,,Y,"$501 - $1,500",7/23/2023 19:55,FAILING TO YIELD RIGHT-OF-WAY,FAILING TO YIELD RIGHT-OF-WAY,3500,N,HARLEM AVE,1631,,,,,,,2,NO INDICATION OF INJURY,0,0,0,0,0,3,0,3,1,7,41.94353329,-87.80709507,POINT (-87.807095067025 41.943533293121)
7987f2e1dadd8d8565b04c74836d47a7764d06e3caf114bcc36935a4abb0444659825d925e2e1e52f11f59169f5c00a7c8a45780a1ec67b99759b850aae24203,JG338406,,7/12/2023 18:17,30,NO CONTROLS,NO CONTROLS,RAIN,DAYLIGHT,SIDESWIPE SAME DIRECTION,OTHER,,STRAIGHT AND LEVEL,WET,NO DEFECTS,NOT ON SCENE (DESK REPORT),NO INJURY / DRIVE AWAY,,,,"$501 - $1,500",7/12/2023 19:00,IMPROPER OVERTAKING/PASSING,NOT APPLICABLE,151,N,STATE ST,111,,,,,,,2,NO INDICATION OF INJURY,0,0,0,0,0,2,0,18,4,7,41.88452436,-87.62776455,POINT (-87.627764548957 41.884524361763)
7affdfe71e7f8979ab89d01bbcb157b3e76564a9b5533f54e6af4d0bb1b1b8bda4688d1a995e2b06bed639a2c9591713873de522364dd57e27fcbb972bc71ace,JG338475,,7/12/2023 19:06,30,NO CONTROLS,NO CONTROLS,CLOUDY/OVERCAST,DAYLIGHT,PARKED MOTOR VEHICLE,NOT DIVIDED,,STRAIGHT AND LEVEL,UNKNOWN,UNKNOWN,NOT ON SCENE (DESK REPORT),NO INJURY / DRIVE AWAY,,,,"$501 - $1,500",7/12/2023 19:43,IMPROPER BACKING,UNABLE TO DETERMINE,1025,W,ADDISON ST,1924,,,,,,,2,NO INDICATION OF INJURY,0,0,0,0,0,1,0,19,4,7,41.94711775,-87.65538116,POINT (-87.655381162212 41.947117748352)
7b26ea2dfb875871521f048f8934f022af56b5dac1104bbc94e38d0ceb35f900f442d8c9411eb93b835fe051c974e34a7819ff2b95cc41fced5364d75a7225e8,JG338314,,7/12/2023 15:00,30,NO CONTROLS,FUNCTIONING PROPERLY,CLEAR,DAYLIGHT,PARKED MOTOR VEHICLE,PARKING LOT,,STRAIGHT AND LEVEL,DRY,SHOULDER DEFECT,NOT ON SCENE (DESK REPORT),NO INJURY / DRIVE AWAY,,,,"$501 - $1,500",7/12/2023 17:27,UNABLE TO DETERMINE,UNABLE TO DETERMINE,8600,S,COMMERCIAL AVE,423,,,,,,,2,NO INDICATION OF INJURY,0,0,0,0,0,1,0,15,4,7,41.7391071,-87.55160958,POINT (-87.551609574895 41.739107097952)
7c2d7a964b04992b84fc84db9e58e6b0f1035d7a29c79d91395943a25dd375a45bc0a38d8f659938ef5d6004761b93ffa02313a4b8853fb3f4cdeb5bafcc774e,JG338408,Y,7/12/2023 18:35,30,TRAFFIC SIGNAL,FUNCTIONING PROPERLY,RAIN,DUSK,REAR END,NOT DIVIDED,,STRAIGHT AND LEVEL,WET,UNKNOWN,NOT ON SCENE (DESK REPORT),INJURY AND / OR TOW DUE TO CRASH,,,,"OVER $1,500",7/12/2023 19:00,FOLLOWING TOO CLOSELY,NOT APPLICABLE,1500,W,DIVERSEY PKWY,1932,,,,,,,3,"REPORTED, NOT EVIDENT",1,0,0,0,1,2,0,18,4,7,41.93255021,-87.66604833,POINT (-87.666048330014 41.932550210671)
7ce0638e376e97e462791027a82ceace7a0a9528f24da36671962086d5b46438a5e6b9cebd64a6cbd559ceaf5750bf2c3bd79a3d9db5bc8e4687727dde1c23f6,JG337704,,7/12/2023 9:05,20,NO CONTROLS,NO CONTROLS,RAIN,DAYLIGHT,PARKED MOTOR VEHICLE,PARKING LOT,,CURVE ON GRADE,WET,UNKNOWN,ON SCENE,NO INJURY / DRIVE AWAY,,N,,"OVER $1,500",7/12/2023 9:15,FAILING TO REDUCE SPEED TO AVOID CRASH,DRIVING SKILLS/KNOWLEDGE/EXPERIENCE,4440,W,NORTH AVE,2533,,,,,,,2,NO INDICATION OF INJURY,0,0,0,0,0,1,0,9,4,7,41.90984206,-87.73779797,POINT (-87.737797969282 41.909842057966)
7dfb833b02e7812a3955e50aba449550e37a3a5ac0ac68a7b6ffa7ce09141b55f224663901de95ac8baa178e3d00ab316cd6e5b2f340b9ac9a5a69b08a68173a,JG338198,,7/12/2023 13:28,20,NO CONTROLS,NO CONTROLS,UNKNOWN,UNKNOWN,REAR END,DIVIDED - W/MEDIAN (NOT RAISED),,STRAIGHT AND LEVEL,UNKNOWN,UNKNOWN,NOT ON SCENE (DESK REPORT),NO INJURY / DRIVE AWAY,,,,"OVER $1,500",7/12/2023 16:30,FAILING TO REDUCE SPEED TO AVOID CRASH,FOLLOWING TOO CLOSELY,4853,W,MONTROSE AVE,1624,,,,,,,2,NO INDICATION OF INJURY,0,0,0,0,0,2,0,13,4,7,41.96058943,-87.74967542,POINT (-87.749675423784 41.960589430728)
7e35e6e4447018aec6127ad845922315913d14cbd7f5c4374286024daf3f7946b930e2f3ddd076f8200748c053a08013b2d0f690ee16ecb86e1e36859c2ac5fb,JG338050,,7/12/2023 13:38,30,UNKNOWN,NO CONTROLS,RAIN,DAYLIGHT,ANGLE,NOT DIVIDED,,STRAIGHT AND LEVEL,WET,NO DEFECTS,NOT ON SCENE (DESK REPORT),NO INJURY / DRIVE AWAY,Y,,,"$501 - $1,500",7/12/2023 14:18,UNABLE TO DETERMINE,UNABLE TO DETERMINE,3432,W,CHICAGO AVE,1121,,,,,,,2,NO INDICATION OF INJURY,0,0,0,0,0,3,0,13,4,7,41.89560534,-87.71259634,POINT (-87.712596337189 41.895605334877)
7e7a9adf9fedfa2fe0643c046be962f9759980acad6fc8a75da08004fc54673b022e4e7b4a5867127c83ead57e7ba5bd6fbc5c8509b9c8644fcb826908b90b0a,JG338420,,7/12/2023 17:30,30,UNKNOWN,UNKNOWN,UNKNOWN,UNKNOWN,REAR END,UNKNOWN,,STRAIGHT AND LEVEL,UNKNOWN,UNKNOWN,NOT ON SCENE (DESK REPORT),NO INJURY / DRIVE AWAY,,,,"OVER $1,500",7/12/2023 19:10,UNABLE TO DETERMINE,NOT APPLICABLE,2217,N,HARLEM AVE,2512,,,,,,,2,NO INDICATION OF INJURY,0,0,0,0,0,5,0,17,4,7,41.92040638,-87.80599385,POINT (-87.805993846844 41.92040638128)
7f729dba96a54fa57fc6241586c5cac90802d2f352a5a35b9a0a10bba8e5fd740c9af8efe1161141a1f64db6eed2cf44ef482075ae4efb046fce59f6793beb9f,JG338127,,7/12/2023 15:10,25,STOP SIGN/FLASHER,NO CONTROLS,CLEAR,DAYLIGHT,SIDESWIPE SAME DIRECTION,ONE-WAY,,STRAIGHT AND LEVEL,DRY,NO DEFECTS,ON SCENE,INJURY AND / OR TOW DUE TO CRASH,Y,,Y,"OVER $1,500",7/12/2023 15:41,FAILING TO REDUCE SPEED TO AVOID CRASH,NOT APPLICABLE,1501,W,BIRCHWOOD AVE,2422,,,,,,,2,NO INDICATION OF INJURY,0,0,0,0,0,2,0,15,4,7,42.0180555,-87.66831786,POINT (-87.66831785875 42.018055503642)
7fdf1834d547fd0d75049e9fe58f59508a1a3b27e5f29fb9a9541d3a9844f54ced6a325f296705ed4b97f59fe7604a99844234686f43ce3642306c01c6280d87,JA217494,,4/8/2017 15:50,30,TRAFFIC SIGNAL,FUNCTIONING PROPERLY,CLEAR,DAYLIGHT,REAR END,NOT DIVIDED,2,STRAIGHT AND LEVEL,DRY,NO DEFECTS,NOT ON SCENE (DESK REPORT),NO INJURY / DRIVE AWAY,,,,$500 OR LESS,4/8/2017 16:40,UNABLE TO DETERMINE,NOT APPLICABLE,1602,N,THROOP ST,1433,,,,,,,2,NO INDICATION OF INJURY,0,0,0,0,0,2,0,15,7,4,41.91085638,-87.66131599,POINT (-87.66131599018 41.91085637642)
7f77353d0d40d7c6edeee42ee109930b49fb4df8e4dc00e1ed3a195a5bcf2384bc86135cffdae4a610078a902e5c2312a7cbc53c439e3867b9e908b7bde26588,JC505365,,11/10/2019 11:25,30,NO CONTROLS,UNKNOWN,CLEAR,DAYLIGHT,SIDESWIPE SAME DIRECTION,NOT DIVIDED,,STRAIGHT AND LEVEL,DRY,NO DEFECTS,,NO INJURY / DRIVE AWAY,,,,"OVER $1,500",11/10/2019 11:35,NOT APPLICABLE,NOT APPLICABLE,8847,S,ASHLAND AVE,2221,,,,,,,2,NO INDICATION OF INJURY,0,0,0,0,0,2,0,11,1,11,41.73256752,-87.66282631,POINT (-87.662826304971 41.732567523517)
81d3b5e559e88d00b4c2e6e6926d517f79b5baee3fbe2f33cc8cb394ae82426496dcd3c9e71add8f998d5c83c60208af70cb121d2a7908efa9ef432a64ceb8eb,JG338424,,7/12/2023 18:50,30,NO CONTROLS,NO CONTROLS,RAIN,DAYLIGHT,FIXED OBJECT,DIVIDED - W/MEDIAN (NOT RAISED),,STRAIGHT AND LEVEL,WET,NO DEFECTS,ON SCENE,INJURY AND / OR TOW DUE TO CRASH,,,,"OVER $1,500",7/12/2023 19:03,IMPROPER OVERTAKING/PASSING,UNABLE TO DETERMINE,4880,W,GRAND AVE,2533,,,,,,,1,NO INDICATION OF INJURY,0,0,0,0,0,1,0,18,4,7,41.9151769,-87.74887262,POINT (-87.748872620509 41.915176904348)
85844f2e48a802b3c0acccff5b63dafef43316736db972c02df5406e9e3e9eedd850a9b5210f23357934e141cf6286e4ddd2ab067963a339ea6faa6dd0ecf470,JB487274,,10/22/2018 13:37,30,NO CONTROLS,NO CONTROLS,CLEAR,DAYLIGHT,PARKED MOTOR VEHICLE,NOT DIVIDED,2,STRAIGHT AND LEVEL,DRY,NO DEFECTS,NOT ON SCENE (DESK REPORT),NO INJURY / DRIVE AWAY,,,,"$501 - $1,500",10/23/2018 18:04,UNABLE TO DETERMINE,NOT APPLICABLE,99,N,THROOP ST,1224,,,,,,,2,NO INDICATION OF INJURY,0,0,0,0,0,1,0,13,2,10,41.88285827,-87.66045062,POINT (-87.660450620363 41.882858271319)
8670f771deb20611fc865ec3a664baa9f7118bd1b61061bfa7732144a3e3504876ef1ddc285e01e0e3746fdb02c37f8147299f0daa4d8206d456fab484b29a75,JG338084,,7/12/2023 14:40,30,NO CONTROLS,NO CONTROLS,RAIN,DAYLIGHT,ANGLE,NOT DIVIDED,,STRAIGHT AND LEVEL,WET,NO DEFECTS,NOT ON SCENE (DESK REPORT),NO INJURY / DRIVE AWAY,,,,"OVER $1,500",7/12/2023 15:15,UNABLE TO DETERMINE,UNABLE TO DETERMINE,10329,S,COMMERCIAL AVE,431,,,,,,,2,NO INDICATION OF INJURY,0,0,0,0,0,2,0,14,4,7,41.70735951,-87.55353252,POINT (-87.553532522957 41.707359510314)
86a4ec8a72bd257e0fb82e6d65c86158a5f430b0b78af9815a797ac846e6c898406dc23ed5856ed4f42b2a4871596c47da7d8967e3adf14990fceda126c2ab30,JB367822,,7/27/2018 15:46,30,NO CONTROLS,NO CONTROLS,CLEAR,DAYLIGHT,FIXED OBJECT,NOT DIVIDED,2,STRAIGHT AND LEVEL,DRY,"RUT, HOLES",NOT ON SCENE (DESK REPORT),NO INJURY / DRIVE AWAY,,,,"OVER $1,500",7/27/2018 16:28,UNABLE TO DETERMINE,NOT APPLICABLE,30,N,THROOP ST,1224,,,,,,,1,,,,,,,,,15,6,7,41.88244399,-87.66073237,POINT (-87.660732370269 41.882443993034)
871b8fd8ec3cfd1c52ffea620338d30c7453f68b5002f01c2dd8daace8ef802a59f9e7b1cfd0eee25a4588ddea7c04b8f5781c810b4843209e964f7099d22d91,JC507518,,11/12/2019 10:50,30,STOP SIGN/FLASHER,FUNCTIONING PROPERLY,SNOW,DAYLIGHT,ANGLE,NOT DIVIDED,,STRAIGHT AND LEVEL,ICE,NO DEFECTS,NOT ON SCENE (DESK REPORT),NO INJURY / DRIVE AWAY,,,,"OVER $1,500",11/12/2019 11:30,FAILING TO YIELD RIGHT-OF-WAY,FAILING TO YIELD RIGHT-OF-WAY,99,N,THROOP ST,1224,,,,,,,2,NO INDICATION OF INJURY,0,0,0,0,0,2,0,10,3,11,41.88285827,-87.66045062,POINT (-87.660450620363 41.882858271319)
878f2a7d9ad17d5c6bf4de4c80fe73ea9c2d782ee6cbb1b93c5d3110b23bd5cfa41870328acbac53a762efcb532b5d4528c03bfb56c2af0422215f47ab7c115d,JG338579,Y,7/12/2023 19:23,30,TRAFFIC SIGNAL,FUNCTIONING PROPERLY,RAIN,"DARKNESS, LIGHTED ROAD",ANGLE,FOUR WAY,,STRAIGHT AND LEVEL,WET,NO DEFECTS,ON SCENE,INJURY AND / OR TOW DUE TO CRASH,Y,Y,,"OVER $1,500",7/12/2023 19:24,FAILING TO REDUCE SPEED TO AVOID CRASH,WEATHER,3179,W,MADISON ST,1124,,,,,,,2,NO INDICATION OF INJURY,0,0,0,0,0,3,0,19,4,7,41.88086436,-87.70599745,POINT (-87.70599744874 41.880864362101)
887cb39eb4caef8c68d487967ab20df185f7d4f2776397d70256604e300a88ea2e1086e9b8067cc49fcdcc148b16e7ecf80b538ec6504411447c31516a2ca38e,JG338723,,7/12/2023 12:49,30,TRAFFIC SIGNAL,FUNCTIONING PROPERLY,CLEAR,DAYLIGHT,PEDALCYCLIST,FOUR WAY,,STRAIGHT AND LEVEL,WET,NO DEFECTS,NOT ON SCENE (DESK REPORT),INJURY AND / OR TOW DUE TO CRASH,Y,,Y,$500 OR LESS,7/13/2023 1:00,DISREGARDING OTHER TRAFFIC SIGNS,"OPERATING VEHICLE IN ERRATIC, RECKLESS, CARELESS, NEGLIGENT OR AGGRESSIVE MANNER",2360,W,IRVING PARK RD,1911,,,,,,,2,NONINCAPACITATING INJURY,1,0,0,1,0,1,0,12,4,7,41.95412339,-87.68840835,POINT (-87.688408351502 41.954123388418)
890b68504756759a676925f929e25799534d8fc0922c6c72653e739c208e23f50cba76b02984079a9901b9624f816ae468e13e693bfc10c85a266c351a422e27,JG338098,,7/12/2023 15:18,30,NO CONTROLS,NO CONTROLS,RAIN,DAYLIGHT,PARKED MOTOR VEHICLE,NOT DIVIDED,,STRAIGHT AND LEVEL,WET,NO DEFECTS,ON SCENE,INJURY AND / OR TOW DUE TO CRASH,,Y,,"$501 - $1,500",7/12/2023 15:18,"OPERATING VEHICLE IN ERRATIC, RECKLESS, CARELESS, NEGLIGENT OR AGGRESSIVE MANNER",WEATHER,845,W,69TH ST,733,,,,,,,2,NONINCAPACITATING INJURY,1,0,0,1,0,2,0,15,4,7,41.76870163,-87.64628515,POINT (-87.646285147026 41.768701626769)
89d8b666c9a2853e1c7d63433d896c1c5e5ab80af7caf49c563efdf44a1ea30f3464f6617d9e71efa6f6d121000b05e27c8408828abc8d9385b6579170410b5f,JG337707,,7/12/2023 7:30,30,NO CONTROLS,NO CONTROLS,CLEAR,DAYLIGHT,REAR END,NOT DIVIDED,,STRAIGHT AND LEVEL,WET,NO DEFECTS,NOT ON SCENE (DESK REPORT),NO INJURY / DRIVE AWAY,,,,"OVER $1,500",7/12/2023 9:36,FAILING TO YIELD RIGHT-OF-WAY,FAILING TO YIELD RIGHT-OF-WAY,4300,S,KEDZIE AVE,821,,,,,,,2,NO INDICATION OF INJURY,0,0,0,0,0,3,0,7,4,7,41.81535204,-87.70440626,POINT (-87.704406262956 41.815352037319)
8a47884fe6c70c6fad33a013eecc104696d44300bcc1f7b1e2b6610de0c85e96d3af2065db6890a9755f8143b953188a2a062e1784d9bb726d54708e233ea1c5,JG339857,,7/12/2023 23:00,30,NO CONTROLS,NO CONTROLS,UNKNOWN,DARKNESS,PARKED MOTOR VEHICLE,ONE-WAY,,STRAIGHT AND LEVEL,UNKNOWN,UNKNOWN,NOT ON SCENE (DESK REPORT),INJURY AND / OR TOW DUE TO CRASH,,,Y,"OVER $1,500",7/13/2023 19:30,UNABLE TO DETERMINE,NOT APPLICABLE,3824,W,45TH PL,821,,,,,,,2,NO INDICATION OF INJURY,0,0,0,0,0,1,0,23,4,7,41.810779,-87.71995344,POINT (-87.719953436698 41.810778998505)
89ec98e6a5d188e313b54a14a58b1c1568b323081ec0fc4a1473b2fc2c33200809769a47accd020944b83ed7838ba201779b7563f9cc48ae78f78784dcbdd696,JC341749,,6/29/2019 22:00,30,NO CONTROLS,NO CONTROLS,CLEAR,DARKNESS,PARKED MOTOR VEHICLE,ONE-WAY,,STRAIGHT AND LEVEL,DRY,NO DEFECTS,,NO INJURY / DRIVE AWAY,,,,"OVER $1,500",7/9/2019 18:30,UNABLE TO DETERMINE,NOT APPLICABLE,5730,S,INDIANA AVE,232,,,,,,,2,,,,,,,,,22,7,6,41.79014982,-87.62087654,POINT (-87.620876534607 41.790149820792)
8ade34f06002e1a05f71d704ce1854b76896f490ad4160c56c29b25db17d22bbd7a109d9d710cc58076213c5c68fa2d8ef45ab09856a15ca18f97a379376532f,JG338141,,7/12/2023 15:38,35,NO CONTROLS,NO CONTROLS,RAIN,DAYLIGHT,FIXED OBJECT,ONE-WAY,,STRAIGHT AND LEVEL,WET,NO DEFECTS,ON SCENE,INJURY AND / OR TOW DUE TO CRASH,Y,,Y,"OVER $1,500",7/12/2023 15:38,UNABLE TO DETERMINE,UNABLE TO DETERMINE,1352,S,INDEPENDENCE BLVD,1011,,,,N,,,1,NO INDICATION OF INJURY,0,0,0,0,0,2,0,15,4,7,41.86278137,-87.72048662,POINT (-87.720486619114 41.862781371919)