CRASH_RECORD_ID,RD_NO,CRASH_DATE_EST_I,CRASH_DATE,POSTED_SPEED_LIMIT,TRAFFIC_CONTROL_DEVICE,DEVICE_CONDITION,WEATHER_CONDITION,LIGHTING_CONDITION,FIRST_CRASH_TYPE,TRAFFICWAY_TYPE,LANE_CNT,ALIGNMENT,ROADWAY_SURFACE_COND,ROAD_DEFECT,REPORT_TYPE,CRASH_TYPE,INTERSECTION_RELATED_I,NOT_RIGHT_OF_WAY_I,HIT_AND_RUN_I,DAMAGE,DATE_POLICE_NOTIFIED,PRIM_CONTRIBUTORY_CAUSE,SEC_CONTRIBUTORY_CAUSE,STREET_NO,STREET_DIRECTION,STREET_NAME,BEAT_OF_OCCURRENCE,PHOTOS_TAKEN_I,STATEMENTS_TAKEN_I,DOORING_I,WORK_ZONE_I,WORK_ZONE_TYPE,WORKERS_PRESENT_I,NUM_UNITS,MOST_SEVERE_INJURY,INJURIES_TOTAL,INJURIES_FATAL,INJURIES_INCAPACITATING,INJURIES_NON_INCAPACITATING,INJURIES_REPORTED_NOT_EVIDENT,INJURIES_NO_INDICATION,INJURIES_UNKNOWN,CRASH_HOUR,CRASH_DAY_OF_WEEK,CRASH_MONTH,LATITUDE,LONGITUDE,LOCATION
8b0c559e146274f3115ddf248ba637143f49b27ceff09d608560052c2eb303530b4c5bb7c67ed4fe0320cbc1097ba369c330dab288049d811069c787454e80e6,JG337542,,7/12/2023 13:10,30,NO CONTROLS,NO CONTROLS,RAIN,DAYLIGHT,SIDESWIPE SAME DIRECTION,NOT DIVIDED,,STRAIGHT AND LEVEL,WET,UNKNOWN,NOT ON SCENE (DESK REPORT),NO INJURY / DRIVE AWAY,,,,"$501 - $1,500",7/12/2023 14:10,DRIVING SKILLS/KNOWLEDGE/EXPERIENCE,DRIVING SKILLS/KNOWLEDGE/EXPERIENCE,2100,S,JEFFERSON ST,1235,,,,,,,2,NO INDICATION OF INJURY,0,0,0,0,0,2,0,13,4,7,41.85417783,-87.64189731,POINT (-87.641897308397 41.854177829963)
8d756c67616d3d7f2f9e7ac3b0d21c7b27ff992683f3b91eff9ea18a4959bed501ffd4715461885ca5805b0076afa61baf5bfe33b5c31fa96447fc10d9d3e37c,JG337818,,7/12/2023 10:15,30,TRAFFIC SIGNAL,FUNCTIONING PROPERLY,RAIN,DAYLIGHT,REAR END,NOT DIVIDED,,STRAIGHT AND LEVEL,WET,NO DEFECTS,ON SCENE,INJURY AND / OR TOW DUE TO CRASH,Y,,Y,"OVER $1,500",7/12/2023 10:40,FOLLOWING TOO CLOSELY,NOT APPLICABLE,850,W,IRVING PARK RD,1915,,,,,,,4,"REPORTED, NOT EVIDENT",2,0,0,0,2,4,0,10,4,7,41.95464083,-87.65156901,POINT (-87.651569012354 41.954640825372)
8e41328289800e243a237c4d0a09e31d0e06811fdce6feffeeff53978510195dfe8c5712432682228b6c411e8fec1249f88754686982a30efa32c1ffb339deef,JG337863,,7/12/2023 11:18,30,TRAFFIC SIGNAL,FUNCTIONING PROPERLY,FOG/SMOKE/HAZE,DAYLIGHT,ANGLE,FOUR WAY,,STRAIGHT AND LEVEL,WET,NO DEFECTS,ON SCENE,INJURY AND / OR TOW DUE TO CRASH,Y,,,"OVER $1,500",7/12/2023 11:40,DISREGARDING TRAFFIC SIGNALS,UNABLE TO DETERMINE,3200,N,HALSTED ST,1924,,,,,,,2,NO INDICATION OF INJURY,0,0,0,0,0,3,0,11,4,7,41.94003278,-87.64941521,POINT (-87.649415211125 41.94003278106)
8e7e3b7ae2c6a10b50346f10e6eede2489295236b726b7188899a3b427b3bc0331ec758c79fe5eb55108a510a985c6f21a68b29f4c75c1c9bb232f2129ab66f1,,,7/25/2023 20:30,30,UNKNOWN,UNKNOWN,CLEAR,DAYLIGHT,TURNING,"FIVE POINT, OR MORE",,STRAIGHT AND LEVEL,DRY,NO DEFECTS,,NO INJURY / DRIVE AWAY,,,,"OVER $1,500",7/25/2023 22:00,UNABLE TO DETERMINE,NOT APPLICABLE,7900,S,STONY ISLAND AVE,411,,,,,,,4,NO INDICATION OF INJURY,0,0,0,0,0,4,0,20,3,7,41.7514606,-87.58597199,POINT (-87.585971992965 41.751460603167)
9089a83ecf08eb9e16c30d1c03f880cdaddcaa261261d424b74745cfa3ea5c6b2f1ca8070a65f80fb78c0bf3d01e2592e84573fc34cf7c4dbf8641fd662bdf13,JG337627,,7/12/2023 8:00,10,NO CONTROLS,NO CONTROLS,CLEAR,DAYLIGHT,OTHER OBJECT,PARKING LOT,,STRAIGHT AND LEVEL,DRY,NO DEFECTS,NOT ON SCENE (DESK REPORT),NO INJURY / DRIVE AWAY,,,,"OVER $1,500",7/12/2023 8:05,UNABLE TO DETERMINE,NOT APPLICABLE,4003,W,WEST END AVE,1114,,,,,,,1,,,,,,,,,8,4,7,41.88325039,-87.72588315,POINT (-87.725883150221 41.883250391164)
90e4eb30153d602c6076dd3b6f35d2a9ad7169b49f31b211670b1097237b4323bb93b8508191742ab606c0a9f304ec8116025d564d6015b716414d13bf9a090c,JG338078,,7/12/2023 15:00,30,NO CONTROLS,NO CONTROLS,CLEAR,DAYLIGHT,TURNING,DIVIDED - W/MEDIAN BARRIER,,STRAIGHT AND LEVEL,WET,NO DEFECTS,NOT ON SCENE (DESK REPORT),NO INJURY / DRIVE AWAY,,,,"OVER $1,500",7/12/2023 15:10,FOLLOWING TOO CLOSELY,NOT APPLICABLE,3155,N,LAKE SHORE DR,1934,,,,,,,2,NO INDICATION OF INJURY,0,0,0,0,0,3,0,15,4,7,41.93927946,-87.63803481,POINT (-87.638034808871 41.939279461464)
912152403ead112aad96f08b28637ecbdb510a4dee558e268e5029c20a10aaf3599d4c126e31bbed4ea73f11499caf30da48306fced1ddc5ffd2d38b91966dbe,JG337629,,7/12/2023 7:45,45,NO CONTROLS,NO CONTROLS,CLEAR,DAYLIGHT,FIXED OBJECT,DIVIDED - W/MEDIAN BARRIER,,STRAIGHT AND LEVEL,WET,NO DEFECTS,ON SCENE,NO INJURY / DRIVE AWAY,,,,"$501 - $1,500",7/12/2023 7:54,UNABLE TO DETERMINE,NOT APPLICABLE,555,N,LAKE SHORE DR,1834,,,,,,,1,NO INDICATION OF INJURY,0,0,0,0,0,1,0,7,4,7,41.89262794,-87.61426222,POINT (-87.614262223396 41.892627939283)
913461fb14a48be4bb3750f179bd0bdd984e96e2a425a70eadb2e84782b67697085d9973f1a1f511a5095118103b68f8f38434a66a06e83780ebdf6fc9fcb140,JG338464,,7/12/2023 19:20,30,TRAFFIC SIGNAL,FUNCTIONING PROPERLY,RAIN,DAYLIGHT,TURNING,FOUR WAY,,STRAIGHT AND LEVEL,WET,NO DEFECTS,NOT ON SCENE (DESK REPORT),NO INJURY / DRIVE AWAY,Y,,Y,"OVER $1,500",7/12/2023 20:00,IMPROPER TURNING/NO SIGNAL,NOT APPLICABLE,801,S,STATE ST,123,,,,,,,2,NO INDICATION OF INJURY,0,0,0,0,0,3,0,19,4,7,41.87174547,-87.62737703,POINT (-87.627377031854 41.87174546459)
9173e6fa81db444d5b85be44cd549be7ddbfdb6f25de421b50cebeab3827bee191d8be685011cac9b141f38891fe60a1bbb66006be1f0a8090c8d49448edb7c6,JG338000,,7/12/2023 12:36,35,STOP SIGN/FLASHER,FUNCTIONING PROPERLY,CLEAR,DAYLIGHT,REAR END,FOUR WAY,,STRAIGHT AND LEVEL,DRY,NO DEFECTS,NOT ON SCENE (DESK REPORT),NO INJURY / DRIVE AWAY,Y,,,"OVER $1,500",7/12/2023 14:00,FOLLOWING TOO CLOSELY,FOLLOWING TOO CLOSELY,3100,W,CHICAGO AVE,1211,,,,,,,2,NO INDICATION OF INJURY,0,0,0,0,0,2,0,12,4,7,41.89568826,-87.70415878,POINT (-87.704158783411 41.895688262078)
911c6444c8463f7399645456032008b9b98fe11692b9b09f80201d5599795800d64a994084708bc7e143dded815b054092d1e758a1c238af84c83798a2861a8e,JD102735,,1/2/2020 14:20,30,NO CONTROLS,NO CONTROLS,CLEAR,DAYLIGHT,PARKED MOTOR VEHICLE,NOT DIVIDED,,STRAIGHT AND LEVEL,DRY,NO DEFECTS,,NO INJURY / DRIVE AWAY,,,Y,"OVER $1,500",1/3/2020 11:22,UNABLE TO DETERMINE,NOT APPLICABLE,2001,N,ORCHARD ST,1812,,,,,,,2,NO INDICATION OF INJURY,0,0,0,0,0,1,0,14,5,1,41.91830362,-87.64597389,POINT (-87.645973887671 41.918303615426)
91f3480046063615448e7d175f0fe88244437a1052d9c258289a75a2a9265fb75c946b9f36df9dead7aaba380af58578be973636e93c82379a6938154bdbb602,JG338766,,7/12/2023 23:30,30,NO CONTROLS,UNKNOWN,CLEAR,"DARKNESS, LIGHTED ROAD",PARKED MOTOR VEHICLE,ONE-WAY,,STRAIGHT AND LEVEL,DRY,UNKNOWN,ON SCENE,NO INJURY / DRIVE AWAY,,,Y,"OVER $1,500",7/13/2023 1:45,UNABLE TO DETERMINE,UNABLE TO DETERMINE,1003,E,92ND ST,413,,,,,,,2,NO INDICATION OF INJURY,0,0,0,0,0,1,0,23,4,7,41.727493,-87.59960785,POINT (-87.599607853842 41.727493003372)
928f4a347bfc6c39630e07be045c6fcc7551df98cd8e9d20dc602cfaae44e148b93b10339e6978c0cd6e3c9dd3595e686e6f18a3f9e007d138c851e306c459e1,JG337452,,7/12/2023 1:09,30,TRAFFIC SIGNAL,FUNCTIONING PROPERLY,CLEAR,"DARKNESS, LIGHTED ROAD",TURNING,FOUR WAY,,STRAIGHT AND LEVEL,DRY,NO DEFECTS,ON SCENE,INJURY AND / OR TOW DUE TO CRASH,Y,,,"OVER $1,500",7/12/2023 1:09,FAILING TO YIELD RIGHT-OF-WAY,NOT APPLICABLE,4000,W,26TH ST,1013,,,,,,,2,NO INDICATION OF INJURY,0,0,0,0,0,3,0,1,4,7,41.84436482,-87.72461414,POINT (-87.724614135449 41.844364821304)
92989ee716f7b8beebd5362dae3c3ca8f0fa7bfd87e10332c4bd7d86f07441f524c601fed5f3d196987671c02427016a1561f2d9c2c20612660065b71f6caa8b,JG337634,,7/12/2023 7:45,30,NO CONTROLS,NO CONTROLS,RAIN,DAYLIGHT,REAR END,NOT DIVIDED,,STRAIGHT AND LEVEL,WET,NO DEFECTS,NOT ON SCENE (DESK REPORT),NO INJURY / DRIVE AWAY,,,,"OVER $1,500",7/12/2023 8:23,UNABLE TO DETERMINE,UNABLE TO DETERMINE,3728,W,83RD ST,834,,,,,,,2,NO INDICATION OF INJURY,0,0,0,0,0,2,0,7,4,7,41.74239075,-87.71555705,POINT (-87.715557051702 41.74239075382)
93028f3b7be95186377286a9a2fbf44c79befec4fedf1debe8c7fa0b20642963b9706f23b30a404b196c9abf6219d4849eb85f2ad48485cdc2b8557fe52a5bb2,JG337816,,7/12/2023 10:42,30,NO CONTROLS,NO CONTROLS,RAIN,DAYLIGHT,TURNING,NOT DIVIDED,,STRAIGHT AND LEVEL,WET,NO DEFECTS,ON SCENE,INJURY AND / OR TOW DUE TO CRASH,,,,"OVER $1,500",7/12/2023 10:47,DISREGARDING ROAD MARKINGS,FAILING TO YIELD RIGHT-OF-WAY,2369,W,OGDEN AVE,1233,,,,,,,2,NO INDICATION OF INJURY,0,0,0,0,0,2,0,10,4,7,41.86489174,-87.68565139,POINT (-87.685651394485 41.86489173734)
93704bf0e8cb36601f39026871eb32b70501f1e520c154402c4198476925b2a14a127c883cc450bee8d15e1983739f5801dd60b2c06b5ca1b8324a6941a5c0d0,JG337968,,7/12/2023 12:51,30,NO CONTROLS,FUNCTIONING PROPERLY,RAIN,DUSK,SIDESWIPE SAME DIRECTION,FOUR WAY,,STRAIGHT AND LEVEL,WET,NO DEFECTS,ON SCENE,INJURY AND / OR TOW DUE TO CRASH,,,,"OVER $1,500",7/12/2023 12:53,DRIVING SKILLS/KNOWLEDGE/EXPERIENCE,FAILING TO YIELD RIGHT-OF-WAY,4002,N,CUMBERLAND AVE,1614,,,,,,,2,NO INDICATION OF INJURY,0,0,0,0,0,4,0,12,4,7,41.95219924,-87.83681502,POINT (-87.836815020467 41.952199240735)
93f08629b1064f997c492c35cab64e43f035844ccd9608ec6e83dac296e51bb18797691ff149d0b01aa8668ab2a9ce640b5f113f9271bc11f3ef7c2a99a04b15,JG347594,,7/12/2023 14:30,30,NO CONTROLS,NO CONTROLS,CLEAR,DAYLIGHT,PARKED MOTOR VEHICLE,DIVIDED - W/MEDIAN (NOT RAISED),,STRAIGHT AND LEVEL,DRY,NO DEFECTS,NOT ON SCENE (DESK REPORT),NO INJURY / DRIVE AWAY,,,Y,"OVER $1,500",7/19/2023 14:50,UNABLE TO DETERMINE,UNABLE TO DETERMINE,2137,N,KIMBALL AVE,1413,,,,,,,2,NO INDICATION OF INJURY,0,0,0,0,0,1,0,14,4,7,41.92030449,-87.71182274,POINT (-87.711822740077 41.920304485857)
94bdf27a111341b699acb33d7b2736ff9afa409c9d4195599596e0b686f4727e86f24a2d94cd63e34f6fc32968ab349a479b950c04c10a5fc2a9aa7953c0d6d9,JG338651,,7/12/2023 22:59,20,NO CONTROLS,NO CONTROLS,RAIN,"DARKNESS, LIGHTED ROAD",PARKED MOTOR VEHICLE,OTHER,,STRAIGHT AND LEVEL,WET,NO DEFECTS,ON SCENE,NO INJURY / DRIVE AWAY,,,,"OVER $1,500",7/12/2023 23:05,DRIVING SKILLS/KNOWLEDGE/EXPERIENCE,NOT APPLICABLE,3,W,TERMINAL ST,1653,,,,,,,2,NO INDICATION OF INJURY,0,0,0,0,0,1,0,22,4,7,,,
957ebcf4f3778deae5f46ee222fb6adb44374ddad3cd86391c2e901f13fca2b6af3718d6c9b4e35da0aaa65c13367318cde3ff4acaf55bc081fcfc4afd69540a,,,7/25/2023 19:05,30,STOP SIGN/FLASHER,FUNCTIONING PROPERLY,CLEAR,DAYLIGHT,ANGLE,DIVIDED - W/MEDIAN (NOT RAISED),,STRAIGHT AND LEVEL,DRY,NO DEFECTS,,NO INJURY / DRIVE AWAY,Y,,Y,"OVER $1,500",7/25/2023 19:22,UNABLE TO DETERMINE,UNABLE TO DETERMINE,7427,N,RIDGE BLVD,2424,,Y,,,,,2,NO INDICATION OF INJURY,0,0,0,0,0,3,0,19,3,7,42.01667746,-87.68416989,POINT (-87.684169887321 42.016677464052)
9632ff19830026445d3656f8a6efef13f7fb21d79c9b819b9483b547edead63d1ae1870ec2dc3f378790527e535a196c1c2ac6478e39d6be76acbb734660cd1a,JG337746,,7/12/2023 9:50,30,TRAFFIC SIGNAL,FUNCTIONING PROPERLY,RAIN,DAYLIGHT,TURNING,T-INTERSECTION,,STRAIGHT AND LEVEL,WET,NO DEFECTS,ON SCENE,NO INJURY / DRIVE AWAY,Y,,,"OVER $1,500",7/12/2023 9:52,FAILING TO YIELD RIGHT-OF-WAY,NOT APPLICABLE,5700,N,ELSTON AVE,1622,,,,,,,2,NO INDICATION OF INJURY,0,0,0,0,0,3,0,9,4,7,41.98494175,-87.76844328,POINT (-87.768443278844 41.984941753396)
96defb70430811dba52b7c4874bf89d6c7ec3af278a1fe6ef204bf993db78c82471a255b6f5ff94e8fec961a66a0165e05b001b0f7748e9683bc9649b239c041,JD134907,Y,1/31/2020 10:15,30,NO CONTROLS,NO CONTROLS,CLEAR,DAYLIGHT,PARKED MOTOR VEHICLE,ONE-WAY,,STRAIGHT AND LEVEL,WET,NO DEFECTS,ON SCENE,NO INJURY / DRIVE AWAY,,,,$500 OR LESS,1/31/2020 10:29,UNABLE TO DETERMINE,NOT APPLICABLE,709,N,THROOP ST,1215,,,,,,,2,NO INDICATION OF INJURY,0,0,0,0,0,1,0,10,6,1,41.89469319,-87.66122147,POINT (-87.661221467592 41.894693188139)
984914b25a4ad5c496169af8c405224dcbbfd5a76d2110fdfc38a6a0d170c4ed49496381be5795384ab51fc862aa114df6e95fe8a1f6335bf8a29ac4414c9371,JG337993,,7/12/2023 12:45,30,TRAFFIC SIGNAL,UNKNOWN,RAIN,DAYLIGHT,TURNING,FOUR WAY,,STRAIGHT AND LEVEL,WET,UNKNOWN,NOT ON SCENE (DESK REPORT),NO INJURY / DRIVE AWAY,N,,,"$501 - $1,500",7/12/2023 13:20,TURNING RIGHT ON RED,NOT APPLICABLE,8303,S,DAMEN AVE,614,,,,,,,2,NO INDICATION OF INJURY,0,0,0,0,0,3,0,12,4,7,41.74279792,-87.67281258,POINT (-87.672812582081 41.742797917585)
98b0b4b13f345bbff2b9a2c63975557b1b4f65ba3f845c2f0bef07291a5c013048ff8478c03d25584c5372c507f4930fc49e937e32020057e26538098de59ff9,JG338369,Y,7/12/2023 17:50,30,NO CONTROLS,NO CONTROLS,RAIN,DAYLIGHT,TURNING,NOT DIVIDED,,STRAIGHT AND LEVEL,WET,UNKNOWN,NOT ON SCENE (DESK REPORT),NO INJURY / DRIVE AWAY,,,,"OVER $1,500",7/12/2023 18:15,FAILING TO YIELD RIGHT-OF-WAY,NOT APPLICABLE,2656,N,ELSTON AVE,1432,,,,,,,2,NO INDICATION OF INJURY,0,0,0,0,0,2,0,17,4,7,41.929849,-87.68464378,POINT (-87.684643783527 41.929848996597)
993de435b76c50a6cab5b4b16a3e0ffbe4513bd440b6e24d22127c5de9f51713026df6c85a3afab4510ee364fdbec916c603e8828050f64c4d075e9b31d05b96,JG338089,,7/12/2023 14:23,30,NO CONTROLS,NO CONTROLS,CLOUDY/OVERCAST,DAYLIGHT,TURNING,NOT DIVIDED,,STRAIGHT AND LEVEL,WET,NO DEFECTS,ON SCENE,INJURY AND / OR TOW DUE TO CRASH,,,,"OVER $1,500",7/12/2023 14:30,IMPROPER TURNING/NO SIGNAL,IMPROPER LANE USAGE,7538,S,HALSTED ST,621,,,,,,,2,"REPORTED, NOT EVIDENT",3,0,0,0,3,1,0,14,4,7,41.7566817,-87.64434493,POINT (-87.644344925504 41.756681702982)
9ad447dc090a72d6b7ccabf82c7fa86056af358794f6675d53606f0960ea27756ef0be8b63bfa64151b7ff443578a7072069b8ab22d28ab8b00e67c3cce7a0cd,JG338593,,7/12/2023 19:30,30,NO CONTROLS,NO CONTROLS,RAIN,"DARKNESS, LIGHTED ROAD",FIXED OBJECT,DIVIDED - W/MEDIAN BARRIER,,STRAIGHT AND LEVEL,WET,"RUT, HOLES",NOT ON SCENE (DESK REPORT),INJURY AND / OR TOW DUE TO CRASH,,,,"OVER $1,500",7/12/2023 22:00,"VISION OBSCURED (SIGNS, TREE LIMBS, BUILDINGS, ETC.)",UNABLE TO DETERMINE,227,W,63RD ST,722,,,,,,,1,NO INDICATION OF INJURY,0,0,0,0,0,1,0,19,4,7,41.77986277,-87.63117472,POINT (-87.631174715735 41.779862771776)
9c19b6dd4fb40e42a549aef429127eaa8398edd287b44d568c902c21eb71fe717bb49e10618230ab3acae56d62591fde383319079d0ae8d8d5286ba769fa8eb6,JG338293,,7/12/2023 16:30,30,UNKNOWN,UNKNOWN,CLEAR,DAYLIGHT,REAR END,NOT DIVIDED,,STRAIGHT AND LEVEL,DRY,NO DEFECTS,NOT ON SCENE (DESK REPORT),NO INJURY / DRIVE AWAY,N,,,"$501 - $1,500",7/12/2023 17:25,UNABLE TO DETERMINE,UNABLE TO DETERMINE,20,N,SACRAMENTO BLVD,1222,,,,,,,2,NO INDICATION OF INJURY,0,0,0,0,0,4,0,16,4,7,41.88168705,-87.70137118,POINT (-87.701371176187 41.881687048571)
9c31f89ae4fcf66f899828970a6f06bdad24d72d745b3fb49cbb3c483e45cbc6cdff15498c2a6645d67843c08dde91fca0b9f1c327ac16ef8120ff0becf775e9,JG338072,,7/12/2023 13:52,30,TRAFFIC SIGNAL,FUNCTIONING PROPERLY,CLOUDY/OVERCAST,DAYLIGHT,TURNING,DIVIDED - W/MEDIAN BARRIER,,STRAIGHT AND LEVEL,WET,NO DEFECTS,ON SCENE,INJURY AND / OR TOW DUE TO CRASH,Y,,Y,"OVER $1,500",7/12/2023 13:52,FAILING TO YIELD RIGHT-OF-WAY,NOT APPLICABLE,2900,S,DR MARTIN LUTHER KING JR DR,133,,,,,,,2,NO INDICATION OF INJURY,0,0,0,0,0,2,0,13,4,7,41.84197651,-87.61772003,POINT (-87.617720028977 41.841976513463)
9caba2cebfec451692441ca8b79a00dfa19090ad440f7761a9cff4f537d3e4f1e99a34a878ef80b9e3b5c584f7f7a6e478885328cb3de53cf8e49c49d8120b69,JG338266,,7/12/2023 15:51,30,TRAFFIC SIGNAL,FUNCTIONING PROPERLY,CLEAR,DAYLIGHT,ANGLE,NOT DIVIDED,,STRAIGHT AND LEVEL,DRY,UNKNOWN,,NO INJURY / DRIVE AWAY,N,,,"OVER $1,500",7/12/2023 17:50,UNABLE TO DETERMINE,UNABLE TO DETERMINE,4920,W,MADISON ST,1533,,,,,,,2,NO INDICATION OF INJURY,0,0,0,0,0,2,0,15,4,7,41.88056364,-87.74861367,POINT (-87.748613669334 41.880563637564)
9cec87a1c5d031a8a3f9f4250dfff3b8b933d818bbaf5ea4fdbe31363823414214ec88a5f60baf726f389f5aada203198f854f49408e8763a76ab995719481e2,JG337739,,7/12/2023 9:30,30,TRAFFIC SIGNAL,FUNCTIONING PROPERLY,RAIN,DAYLIGHT,SIDESWIPE SAME DIRECTION,NOT DIVIDED,,STRAIGHT AND LEVEL,WET,NO DEFECTS,NOT ON SCENE (DESK REPORT),NO INJURY / DRIVE AWAY,,,,"$501 - $1,500",7/12/2023 9:50,FAILING TO YIELD RIGHT-OF-WAY,NOT APPLICABLE,5758,N,RIDGE AVE,2013,,,,,,,2,NO INDICATION OF INJURY,0,0,0,0,0,2,0,9,4,7,41.98661352,-87.66518125,POINT (-87.665181251567 41.986613519488)
9d39aa10efc3cdfe5b187008a06338a9ffcbf69cb48c80d22369736891f6fce1db6e79bedecb1010c43341f859edfa09b3bcee82a2305456c43fb7b40162bd49,JG339257,,7/12/2023 10:00,30,NO CONTROLS,NO CONTROLS,CLEAR,DAYLIGHT,PARKED MOTOR VEHICLE,PARKING LOT,,STRAIGHT AND LEVEL,DRY,NO DEFECTS,NOT ON SCENE (DESK REPORT),NO INJURY / DRIVE AWAY,,,Y,"OVER $1,500",7/13/2023 12:55,UNABLE TO DETERMINE,UNABLE TO DETERMINE,217,W,WASHINGTON ST,122,,,,,,,2,NO INDICATION OF INJURY,0,0,0,0,0,1,0,10,4,7,41.88310003,-87.63437825,POINT (-87.634378245247 41.883100029814)
9d3618baddcc723595165fbf233df5a63fc3d02a03860f76044a824ff90fa9ab53b53faeb74c02790f4d61d56c34ab08f92fb06bcc54024921d2a35c2c75d24a,JC470294,,10/12/2019 17:43,30,TRAFFIC SIGNAL,FUNCTIONING PROPERLY,CLEAR,DAYLIGHT,ANGLE,FOUR WAY,,STRAIGHT AND LEVEL,DRY,NO DEFECTS,,INJURY AND / OR TOW DUE TO CRASH,Y,,,"OVER $1,500",10/12/2019 17:43,UNABLE TO DETERMINE,UNABLE TO DETERMINE,3900,S,STATE ST,213,,,,,,,2,NO INDICATION OF INJURY,0,0,0,0,0,2,0,17,7,10,41.82362966,-87.62657307,POINT (-87.626573071207 41.823629662422)
9e99163b0f180ded031927cf2baeb782ae25b94c26a1380a71333a2f10faaaeb9f75876917b79e3c45482dc7a42a59ffc1f137dd8f10ba88663e96e9cdb3e144,JG338329,,7/12/2023 17:26,20,NO CONTROLS,NO CONTROLS,CLEAR,DAYLIGHT,PARKED MOTOR VEHICLE,NOT DIVIDED,,STRAIGHT AND LEVEL,DRY,NO DEFECTS,ON SCENE,NO INJURY / DRIVE AWAY,,,Y,"OVER $1,500",7/12/2023 17:27,UNABLE TO DETERMINE,NOT APPLICABLE,414,E,76TH ST,624,,,,,,,2,NO INDICATION OF INJURY,0,0,0,0,0,1,0,17,4,7,41.75670479,-87.61442312,POINT (-87.614423119879 41.756704788401)
a12ba195bacc7551ff886788927642b0207710fe5cb9954f7ba5fd307bc808a7d2c25cde5d705fc553643c049959c85a41b86c89365dacb8cab36745fed47185,JG337604,,7/12/2023 6:20,30,NO CONTROLS,NO CONTROLS,RAIN,DAWN,PARKED MOTOR VEHICLE,ONE-WAY,,STRAIGHT AND LEVEL,WET,NO DEFECTS,NOT ON SCENE (DESK REPORT),NO INJURY / DRIVE AWAY,,,Y,"OVER $1,500",7/12/2023 7:28,UNABLE TO DETERMINE,UNABLE TO DETERMINE,8717,S,HERMITAGE AVE,2221,,,,,,,2,NO INDICATION OF INJURY,0,0,0,0,0,1,0,6,4,7,41.73518536,-87.66654771,POINT (-87.666547712824 41.735185357064)
a161b71bf2f4b0d10722fa893ae1b39ece74710df27d92d727e8815b662b85b71b5bb0062f8b17dab8d6f6602d80c6c4c378f3342657c992bd8b6035f8b1fc7f,JG337572,,7/12/2023 6:30,35,TRAFFIC SIGNAL,FUNCTIONING PROPERLY,RAIN,DAYLIGHT,REAR END,OTHER,,STRAIGHT AND LEVEL,WET,UNKNOWN,NOT ON SCENE (DESK REPORT),NO INJURY / DRIVE AWAY,,,,"OVER $1,500",7/12/2023 6:50,UNABLE TO DETERMINE,UNABLE TO DETERMINE,5100,S,DR MARTIN LUTHER KING JR DR,231,,,,,,,2,NO INDICATION OF INJURY,0,0,0,0,0,2,0,6,4,7,41.80202315,-87.61627184,POINT (-87.616271839461 41.8020231541)
a2121bb981f2fdd719a8f43e2411292fd4f171976ae5c142dc74bf8c0de95996cc4467b208f9ccaebc06dba32cc2b7a39fc5e9aec3a7dc887d6d209c5bc310fe,JG338184,,7/12/2023 16:13,30,NO CONTROLS,NO CONTROLS,RAIN,DAYLIGHT,SIDESWIPE SAME DIRECTION,NOT DIVIDED,,STRAIGHT AND LEVEL,WET,NO DEFECTS,ON SCENE,INJURY AND / OR TOW DUE TO CRASH,,,Y,"OVER $1,500",7/12/2023 16:15,IMPROPER OVERTAKING/PASSING,DRIVING SKILLS/KNOWLEDGE/EXPERIENCE,8041,S,SOUTH CHICAGO AVE,414,,,,,,,2,"REPORTED, NOT EVIDENT",1,0,0,0,1,1,0,16,4,7,41.74874161,-87.58153461,POINT (-87.581534604983 41.748741611064)
a2e2db5074f48d8d4055f36b615a4e25a3bf25d6a59ef0ad97e0193f9d99a2f2723503dd2fe3be271e41541284f41b31d5f229b51811c716f6db53bba39fc1a5,JG339400,,7/12/2023 21:30,20,TRAFFIC SIGNAL,FUNCTIONING PROPERLY,CLEAR,"DARKNESS, LIGHTED ROAD",SIDESWIPE OPPOSITE DIRECTION,FOUR WAY,,STRAIGHT AND LEVEL,DRY,NO DEFECTS,NOT ON SCENE (DESK REPORT),NO INJURY / DRIVE AWAY,,,Y,"OVER $1,500",7/13/2023 14:30,IMPROPER OVERTAKING/PASSING,IMPROPER OVERTAKING/PASSING,3100,S,DR MARTIN LUTHER KING JR DR,211,,,,,,,2,NO INDICATION OF INJURY,0,0,0,0,0,2,0,21,4,7,41.83832694,-87.61761266,POINT (-87.617612661462 41.838326941218)
a5ae99293e87c6249522f2603fc08cee81102b0c13bb765f8141915b5062c7cabdd833a2d3e90c54c1f99d8bf6354be396e829b571b3dd4b521ae0678fb096f3,JG338444,,7/12/2023 16:45,30,NO CONTROLS,NO CONTROLS,CLEAR,DAYLIGHT,REAR END,PARKING LOT,,STRAIGHT AND LEVEL,DRY,NO DEFECTS,NOT ON SCENE (DESK REPORT),NO INJURY / DRIVE AWAY,,,,"OVER $1,500",7/12/2023 20:08,UNABLE TO DETERMINE,UNABLE TO DETERMINE,111,W,KINZIE ST,1831,,Y,,,,,2,NO INDICATION OF INJURY,0,0,0,0,0,2,0,16,4,7,41.88909518,-87.63156942,POINT (-87.631569424082 41.88909517779)