CRASH_RECORD_ID,RD_NO,CRASH_DATE_EST_I,CRASH_DATE,POSTED_SPEED_LIMIT,TRAFFIC_CONTROL_DEVICE,DEVICE_CONDITION,WEATHER_CONDITION,LIGHTING_CONDITION,FIRST_CRASH_TYPE,TRAFFICWAY_TYPE,LANE_CNT,ALIGNMENT,ROADWAY_SURFACE_COND,ROAD_DEFECT,REPORT_TYPE,CRASH_TYPE,INTERSECTION_RELATED_I,NOT_RIGHT_OF_WAY_I,HIT_AND_RUN_I,DAMAGE,DATE_POLICE_NOTIFIED,PRIM_CONTRIBUTORY_CAUSE,SEC_CONTRIBUTORY_CAUSE,STREET_NO,STREET_DIRECTION,STREET_NAME,BEAT_OF_OCCURRENCE,PHOTOS_TAKEN_I,STATEMENTS_TAKEN_I,DOORING_I,WORK_ZONE_I,WORK_ZONE_TYPE,WORKERS_PRESENT_I,NUM_UNITS,MOST_SEVERE_INJURY,INJURIES_TOTAL,INJURIES_FATAL,INJURIES_INCAPACITATING,INJURIES_NON_INCAPACITATING,INJURIES_REPORTED_NOT_EVIDENT,INJURIES_NO_INDICATION,INJURIES_UNKNOWN,CRASH_HOUR,CRASH_DAY_OF_WEEK,CRASH_MONTH,LATITUDE,LONGITUDE,LOCATION
a5bcb1cdf9bf74f55d1c739f31e0c3dba484b736401f22c70926f59f9aea45ecdda4e6cabc3383b43e2e64ae39825a8c24d3793c557a1e7a999e68383b75ab1c,JG338499,,7/12/2023 19:30,30,STOP SIGN/FLASHER,UNKNOWN,RAIN,UNKNOWN,ANGLE,NOT DIVIDED,,STRAIGHT AND LEVEL,WET,UNKNOWN,NOT ON SCENE (DESK REPORT),INJURY AND / OR TOW DUE TO CRASH,Y,,,"$501 - $1,500",7/12/2023 20:23,WEATHER,NOT APPLICABLE,7522,S,PULASKI RD,833,,,,,,,2,"REPORTED, NOT EVIDENT",1,0,0,0,1,1,0,19,4,7,41.75621612,-87.72231285,POINT (-87.722312848032 41.756216121133)
a752420ab358bd969a2b87f28f000f8409616fa5983c5938b79e6e3a239ad58ada0125f1ac5b6419bac8bf0d2428bbc9d976cdbb3da174bb840278c20d9cdc89,JG337867,,7/12/2023 11:20,30,TRAFFIC SIGNAL,FUNCTIONING PROPERLY,CLOUDY/OVERCAST,DAYLIGHT,REAR END,NOT DIVIDED,,STRAIGHT AND LEVEL,DRY,NO DEFECTS,NOT ON SCENE (DESK REPORT),NO INJURY / DRIVE AWAY,Y,,,"OVER $1,500",7/12/2023 11:40,FOLLOWING TOO CLOSELY,FAILING TO REDUCE SPEED TO AVOID CRASH,2801,N,ASHLAND AVE,1932,,,,,,,2,NO INDICATION OF INJURY,0,0,0,0,0,2,0,11,4,7,41.93245229,-87.668249,POINT (-87.668248997573 41.932452290409)
a786657eae467a90bb364046d5774f7b65475c3825e15f2043ba2b2e326fe73002c74a2984915cc9b6b290440ac0069a820119a781cd7862642d10854f44953d,JG338339,,7/12/2023 9:12,30,TRAFFIC SIGNAL,FUNCTIONING PROPERLY,CLEAR,DAYLIGHT,TURNING,FOUR WAY,,STRAIGHT AND LEVEL,DRY,NO DEFECTS,NOT ON SCENE (DESK REPORT),NO INJURY / DRIVE AWAY,,,,"OVER $1,500",7/12/2023 18:00,FOLLOWING TOO CLOSELY,NOT APPLICABLE,4755,N,KIMBALL AVE,1713,,,,,,,2,NO INDICATION OF INJURY,0,0,0,0,0,2,0,9,4,7,41.96820018,-87.71320847,POINT (-87.713208466279 41.968200181677)
a7a2122810d96cc1760694929c5485ead93bb4ee0bb156ed9b994a82e68253c2bb38eb91081adbf572efd206256a61955cf4430364ed449db840d4cadf75b48e,JG338285,Y,7/12/2023 15:30,30,NO CONTROLS,NO CONTROLS,CLEAR,UNKNOWN,PARKED MOTOR VEHICLE,NOT DIVIDED,,STRAIGHT AND LEVEL,UNKNOWN,OTHER,ON SCENE,NO INJURY / DRIVE AWAY,,,Y,"OVER $1,500",7/12/2023 17:05,UNABLE TO DETERMINE,UNABLE TO DETERMINE,4707,S,LANGLEY AVE,223,,,,,,,2,NO INDICATION OF INJURY,0,0,0,0,0,1,0,15,4,7,41.80924002,-87.60883318,POINT (-87.608833183201 41.809240015597)
a82dcb6c46320eb4aff252d7d3b30fb7002d998f655c6b8182fe410c4c7a784263ece16ac22c6392761f9e7a79872379544d3f434330b8dde6cf3add90856edd,JD319376,,8/1/2020 11:37,30,TRAFFIC SIGNAL,FUNCTIONING PROPERLY,CLEAR,DAYLIGHT,ANGLE,NOT DIVIDED,,STRAIGHT AND LEVEL,DRY,NO DEFECTS,NOT ON SCENE (DESK REPORT),NO INJURY / DRIVE AWAY,,,,"OVER $1,500",8/1/2020 12:44,FAILING TO YIELD RIGHT-OF-WAY,FAILING TO YIELD RIGHT-OF-WAY,1620,N,THROOP ST,1433,,,,,,,2,NO INDICATION OF INJURY,0,0,0,0,0,2,0,11,7,8,41.91138867,-87.66133725,POINT (-87.661337246609 41.911388666025)
a8dc14d3a0f496a8236533dc48aa451c323c9902bc1eaf43818a58623c59870240516a4cbba9693df90b6185bed2d52d49b04fa7a992ade61f2ef3d0be6cf722,JG337860,,7/12/2023 11:15,30,NO CONTROLS,NO CONTROLS,CLEAR,DAYLIGHT,PARKED MOTOR VEHICLE,NOT DIVIDED,,STRAIGHT AND LEVEL,DRY,NO DEFECTS,NOT ON SCENE (DESK REPORT),NO INJURY / DRIVE AWAY,,,,"$501 - $1,500",7/12/2023 11:35,IMPROPER OVERTAKING/PASSING,NOT APPLICABLE,5852,W,NORTH AVE,2531,,,,,,,2,NO INDICATION OF INJURY,0,0,0,0,0,3,0,11,4,7,41.90940341,-87.77242986,POINT (-87.77242986278 41.909403404514)
a9111eebdbc938e4e1cd97342de5ba3eb2a3c51d08045ca9709dc4466d42888d640180a1e7520182247674c5e39af3031d4942a96e8542fcf31abb914d504373,JE429199,Y,10/30/2021 12:00,25,NO CONTROLS,NO CONTROLS,UNKNOWN,UNKNOWN,PARKED MOTOR VEHICLE,ONE-WAY,,STRAIGHT AND LEVEL,UNKNOWN,NO DEFECTS,ON SCENE,NO INJURY / DRIVE AWAY,,,Y,"OVER $1,500",10/31/2021 16:29,UNABLE TO DETERMINE,UNABLE TO DETERMINE,702,N,THROOP ST,1215,,,,,,,2,NO INDICATION OF INJURY,0,0,0,0,0,1,0,12,7,10,41.89444276,-87.66151045,POINT (-87.66151044902 41.894442757839)
a87c851bdaf8054efaafe2d68d8c3311fbb7c5a2e57cbc5689b654a0281a316917a3c326a04637d13c9931293435074ff01762cce3c03a4cb472a53e1bef09f0,JD206098,,4/10/2020 10:48,30,UNKNOWN,UNKNOWN,CLEAR,DAYLIGHT,REAR END,DIVIDED - W/MEDIAN (NOT RAISED),,STRAIGHT AND LEVEL,DRY,UNKNOWN,,NO INJURY / DRIVE AWAY,,,,"$501 - $1,500",4/10/2020 11:45,NOT APPLICABLE,NOT APPLICABLE,3440,N,CLARK ST,1924,,,,,,,2,NO INDICATION OF INJURY,0,0,0,0,0,3,0,10,6,4,41.94445271,-87.65441684,POINT (-87.654416842724 41.944452714278)
aadb900c30d707388fef841a7f055072b298b4d598df057b00c435832e68759f3722d0e5118a40f0154b53df02d2314a8ee2c852b2c516f3a0bddec349289bd3,,,7/27/2023 2:15,35,UNKNOWN,UNKNOWN,CLEAR,"DARKNESS, LIGHTED ROAD",FIXED OBJECT,DIVIDED - W/MEDIAN BARRIER,,STRAIGHT AND LEVEL,DRY,NO DEFECTS,ON SCENE,NO INJURY / DRIVE AWAY,,,,"OVER $1,500",7/27/2023 2:19,UNABLE TO DETERMINE,NOT APPLICABLE,3940,W,WASHINGTON BLVD,1122,,,,,,,1,NO INDICATION OF INJURY,0,0,0,0,0,2,0,2,5,7,41.88196093,-87.724858,POINT (-87.724858000134 41.881960933344)
ab9a5c7b102be56838a5e128e8b9afa9eab09988bdc20f41f56efcb8c9ad19749edf39d7a34762787cdc9549301d94e293d8e2e93860a2baf9728e5b8fc9545e,JG338362,,7/12/2023 17:41,35,NO CONTROLS,NO CONTROLS,RAIN,DAYLIGHT,REAR END,NOT DIVIDED,,STRAIGHT AND LEVEL,WET,NO DEFECTS,NOT ON SCENE (DESK REPORT),INJURY AND / OR TOW DUE TO CRASH,,,,"OVER $1,500",7/12/2023 17:42,FOLLOWING TOO CLOSELY,UNABLE TO DETERMINE,243,W,79TH ST,623,,,,,,,2,INCAPACITATING INJURY,2,0,1,1,0,0,0,17,4,7,41.75072682,-87.63114073,POINT (-87.63114073332 41.750726819818)
ada6cffa2d7339a97032e53cd199b0f8fc6968b9a7c1968b3b486ab8ff22600ad435b7f617e2fc5ef48f8765cfa25ea13cac86a500ef58e1c24ef87aa22c9606,JG338484,,7/12/2023 20:00,35,TRAFFIC SIGNAL,FUNCTIONING PROPERLY,CLEAR,DAYLIGHT,ANGLE,NOT DIVIDED,,STRAIGHT AND LEVEL,DRY,NO DEFECTS,ON SCENE,INJURY AND / OR TOW DUE TO CRASH,Y,,,"OVER $1,500",7/12/2023 20:01,UNABLE TO DETERMINE,UNABLE TO DETERMINE,3600,W,111TH ST,2211,,,,,,,2,NO INDICATION OF INJURY,0,0,0,0,0,6,0,20,4,7,41.69152372,-87.71064546,POINT (-87.710645460768 41.691523720276)
adae2c249e51ebd4c31b77ebc033a7910b1196ca21215a32a3bbcc15fead47f9a81e0a0192ea465f2bbc1d88d5e052932c1f1cad8b4fe7bf0c5a6e8fb1820a37,JG387689,,7/12/2023 8:15,35,NO CONTROLS,NO CONTROLS,RAIN,DAYLIGHT,HEAD ON,NOT DIVIDED,,STRAIGHT AND LEVEL,WET,NO DEFECTS,ON SCENE,INJURY AND / OR TOW DUE TO CRASH,,,,"OVER $1,500",7/12/2023 9:01,IMPROPER LANE USAGE,WEATHER,4453,W,47TH ST,815,,,,,,,2,NO INDICATION OF INJURY,0,0,0,0,0,2,0,8,4,7,41.80760888,-87.73550198,POINT (-87.735501977145 41.80760888033)
aba65cd89d0b7bd2aa90fa396bfc72c70e58fa6b7c005d99192d3d6e7f7ff7471e9316893ca6c24a104bb54c947acc1d09fecc9a10655ebea23853d8020e9442,JD104085,,1/4/2020 12:50,30,NO CONTROLS,NO CONTROLS,CLEAR,DAYLIGHT,ANGLE,NOT DIVIDED,,STRAIGHT AND LEVEL,DRY,NO DEFECTS,,INJURY AND / OR TOW DUE TO CRASH,,,,"OVER $1,500",1/4/2020 12:55,FAILING TO YIELD RIGHT-OF-WAY,NOT APPLICABLE,1590,N,KINGSBURY ST,1822,,,,,,,3,NO INDICATION OF INJURY,0,0,0,0,0,3,0,12,7,1,41.91050252,-87.6539803,POINT (-87.653980302976 41.910502518486)
aea1ef057cd364ee157d3233114c41085f701a59bfa799bf9e109c721a77d3bb78b6b67696cbb8e254782ae180290a004fbb4a8a656cf194eb121d0840aab68b,JG349931,N,7/12/2023 10:00,30,NO CONTROLS,NO CONTROLS,CLEAR,DAYLIGHT,PARKED MOTOR VEHICLE,NOT DIVIDED,,STRAIGHT AND LEVEL,DRY,UNKNOWN,NOT ON SCENE (DESK REPORT),NO INJURY / DRIVE AWAY,,,,"$501 - $1,500",7/21/2023 9:00,UNABLE TO DETERMINE,UNABLE TO DETERMINE,711,W,GRAND AVE,1214,,,,,,,2,NO INDICATION OF INJURY,0,0,0,0,0,1,0,10,4,7,41.89109008,-87.64642084,POINT (-87.646420835782 41.891090075424)
af539d36bdc57dee99a4c9c062a239cef50148724aed64c3df369a13ea825a1c00b88dcaf92eb377284fcd0eadc8eff332d3f3d84b2a9169bca46a13201c5cf1,JG338297,,7/12/2023 16:55,30,TRAFFIC SIGNAL,FUNCTIONING PROPERLY,CLEAR,DAYLIGHT,SIDESWIPE SAME DIRECTION,NOT DIVIDED,,STRAIGHT AND LEVEL,DRY,NO DEFECTS,NOT ON SCENE (DESK REPORT),NO INJURY / DRIVE AWAY,,,,"OVER $1,500",7/12/2023 17:30,UNABLE TO DETERMINE,UNABLE TO DETERMINE,5516,N,CLARK ST,2012,,,,,,,2,NO INDICATION OF INJURY,0,0,0,0,0,2,0,16,4,7,41.98218989,-87.66865163,POINT (-87.668651627961 41.982189884614)
b0a8729520dbda8056ca44ba7fc575f88b8e19743fb78c57199e4bc8d2eadd5c535c89af7b7d36d92913d4b9a271169313514326ba6688152ca1e26d9c1e8f4e,JG339476,,7/12/2023 17:30,30,UNKNOWN,UNKNOWN,CLOUDY/OVERCAST,DAYLIGHT,PARKED MOTOR VEHICLE,NOT DIVIDED,,STRAIGHT AND LEVEL,UNKNOWN,UNKNOWN,NOT ON SCENE (DESK REPORT),NO INJURY / DRIVE AWAY,,,,"$501 - $1,500",7/13/2023 15:17,IMPROPER OVERTAKING/PASSING,UNABLE TO DETERMINE,1433,W,HUTCHINSON ST,1912,,,,,,,2,NO INDICATION OF INJURY,0,0,0,0,0,1,0,17,4,7,41.95878877,-87.66569037,POINT (-87.665690373564 41.958788770836)
b0c1262cab73f0eb62a7abd5452634d7fca3daf37aea3456483574b2d6662c2d6a99ea7af34b12ef1c8503fca68ef69c2ae6afb33a9a410b1ba42e09868ee79a,JG338947,Y,7/13/2023 0:00,30,NO CONTROLS,UNKNOWN,CLEAR,DAYLIGHT,PARKED MOTOR VEHICLE,ONE-WAY,,STRAIGHT AND LEVEL,DRY,UNKNOWN,ON SCENE,NO INJURY / DRIVE AWAY,,,,"OVER $1,500",7/13/2023 8:15,DRIVING SKILLS/KNOWLEDGE/EXPERIENCE,DRIVING SKILLS/KNOWLEDGE/EXPERIENCE,5547,N,KENMORE AVE,2023,,Y,,,,,2,NO INDICATION OF INJURY,0,0,0,0,0,1,0,0,5,7,41.98325212,-87.6564548,POINT (-87.656454799124 41.983252116437)
b15858e63deb7756fd6a9941f7173ce055485cb8e39b5c2660f8418ada1de21fc718e506e40f8c76a6f17a8dac82905ac9b5dffc36d824d5a22e3f09ccf74c6d,JG347107,Y,7/12/2023 6:00,35,NO CONTROLS,NO CONTROLS,UNKNOWN,UNKNOWN,PARKED MOTOR VEHICLE,NOT DIVIDED,,STRAIGHT AND LEVEL,UNKNOWN,UNKNOWN,NOT ON SCENE (DESK REPORT),NO INJURY / DRIVE AWAY,,,Y,"OVER $1,500",7/19/2023 8:32,UNABLE TO DETERMINE,NOT APPLICABLE,7700,S,YATES BLVD,414,,,,,,,2,NO INDICATION OF INJURY,0,0,0,0,0,1,0,6,4,7,41.75526849,-87.56644778,POINT (-87.56644777476 41.755268486532)
b2b5fd493a56ab37beb011e3adf657fd5875887635fe7d6d0d021772e12b31ab167a9a9ed983d895310b4c0abdbabfd0c766a7fc04bdf2cf0f01ac397a5a9f12,JG339243,,7/12/2023 14:29,30,NO CONTROLS,NO CONTROLS,CLEAR,DAYLIGHT,PARKED MOTOR VEHICLE,NOT DIVIDED,,STRAIGHT AND LEVEL,DRY,NO DEFECTS,NOT ON SCENE (DESK REPORT),NO INJURY / DRIVE AWAY,,,,"$501 - $1,500",7/13/2023 12:40,UNABLE TO DETERMINE,NOT APPLICABLE,3528,N,SHEFFIELD AVE,1924,,,,,,,2,NO INDICATION OF INJURY,0,0,0,0,0,1,0,14,4,7,41.94628904,-87.65444611,POINT (-87.6544461073 41.946289037238)
b1eced506fd078b7a3794225c40225eb7f7bf047fcda6d6907e41f7f9f03827e9ed478128d88faf9607c917f715136facdf93d1eb989542c4be73d07f9a05602,JD157609,,2/19/2020 15:00,30,NO CONTROLS,NO CONTROLS,CLEAR,DAYLIGHT,REAR END,NOT DIVIDED,,STRAIGHT AND LEVEL,DRY,NO DEFECTS,,NO INJURY / DRIVE AWAY,,,Y,"OVER $1,500",2/19/2020 15:25,FOLLOWING TOO CLOSELY,FOLLOWING TOO CLOSELY,2832,W,47TH ST,922,,,,,,,2,NO INDICATION OF INJURY,0,0,0,0,0,2,0,15,4,2,41.80836841,-87.69549303,POINT (-87.695493034091 41.8083684092)
b44ef31f922eb8a0ca077a3f70387de68c9bf3ff9f397a91b9923bedc1528423bbba193ca88ef27053ed78281277f631d9945b8f13586c5581b17442320171f3,JG338360,,7/12/2023 17:25,30,NO CONTROLS,NO CONTROLS,RAIN,DAYLIGHT,REAR END,NOT DIVIDED,,STRAIGHT AND LEVEL,WET,NO DEFECTS,ON SCENE,NO INJURY / DRIVE AWAY,,,,$500 OR LESS,7/12/2023 17:30,WEATHER,UNABLE TO DETERMINE,4880,N,CICERO AVE,1623,,,,,,,2,NO INDICATION OF INJURY,0,0,0,0,0,2,0,17,4,7,41.96983975,-87.74800414,POINT (-87.748004139037 41.969839752885)
b477cd589264262090da61d0d172de37d03903deb9e8ed02bb40687c2dee67ac61d50606dbb1141c4ecacb2fff1784ecd4114932fc65dd821db66546271ab8e5,JG338545,,7/12/2023 20:50,45,NO CONTROLS,NO CONTROLS,CLEAR,"DARKNESS, LIGHTED ROAD",FIXED OBJECT,ONE-WAY,,STRAIGHT AND LEVEL,WET,NO DEFECTS,ON SCENE,INJURY AND / OR TOW DUE TO CRASH,,,,"OVER $1,500",7/12/2023 21:08,EQUIPMENT - VEHICLE CONDITION,NOT APPLICABLE,351,N,LAKE SHORE DR NB,114,,,,,,,1,NONINCAPACITATING INJURY,1,0,0,1,0,1,0,20,4,7,41.88819837,-87.61382202,POINT (-87.613822019239 41.888198373361)
b4280522915b63e1ebe0f3656d5853bd83ee1f640311ee3f7499f30dc09a34a5e92ad1d0d43547d4d339b0a3f3749a28a0375d9bc42379ef3086f16cfb77cf29,JD120373,,1/18/2020 13:30,35,STOP SIGN/FLASHER,FUNCTIONING PROPERLY,CLEAR,DAYLIGHT,TURNING,FOUR WAY,,STRAIGHT AND LEVEL,DRY,NO DEFECTS,,NO INJURY / DRIVE AWAY,,,,"OVER $1,500",1/18/2020 13:45,FAILING TO REDUCE SPEED TO AVOID CRASH,NOT APPLICABLE,5502,S,ASHLAND AVE,715,,,,,,,2,NO INDICATION OF INJURY,0,0,0,0,0,3,0,13,7,1,41.79352886,-87.66471969,POINT (-87.664719684652 41.79352886171)
b72d2cc3aee789ba6d0bb1cebda2973033ee0a1fdc8750acbb6b62554fdfdc20708e70a059d16ad3990330eb1731f19e266a34230338d8dbfc76b9f9b70302dd,JG338474,,7/12/2023 19:19,30,NO CONTROLS,NO CONTROLS,CLEAR,DAYLIGHT,PARKED MOTOR VEHICLE,ONE-WAY,,STRAIGHT AND LEVEL,DRY,NO DEFECTS,ON SCENE,NO INJURY / DRIVE AWAY,,,,$500 OR LESS,7/12/2023 19:22,PHYSICAL CONDITION OF DRIVER,NOT APPLICABLE,7828,S,WINCHESTER AVE,611,,,,,,,2,NO INDICATION OF INJURY,0,0,0,0,0,1,0,19,4,7,41.75118322,-87.67209326,POINT (-87.672093260289 41.751183220414)
b74cbc8c8af4d9578caae8a500ca337357e4b7b56fc54c70e216c7569a0daa1050ff9a28b85b7a536b3d4d7dae63e28ecfa93e08b0a072469b11c04263e83cd6,JG349313,,7/12/2023 9:30,30,UNKNOWN,UNKNOWN,OTHER,DAYLIGHT,ANGLE,OTHER,,STRAIGHT AND LEVEL,DRY,UNKNOWN,NOT ON SCENE (DESK REPORT),NO INJURY / DRIVE AWAY,,,Y,"OVER $1,500",7/20/2023 18:15,NOT APPLICABLE,NOT APPLICABLE,7100,S,LAFAYETTE AVE,731,,,,,,,2,NO INDICATION OF INJURY,0,0,0,0,0,2,0,9,4,7,41.76539859,-87.6266955,POINT (-87.626695500681 41.765398585764)
b7a68ac7a208a53d916345062f40c96c759bfb4271584940590e1302be8c7c1a5dbeae6bd3136a4d8e8638b9127703abac7368dcc02bf7fd91985c5ff8447376,JG338383,,7/12/2023 17:54,20,RAILROAD CROSSING GATE,FUNCTIONING PROPERLY,RAIN,DAYLIGHT,SIDESWIPE SAME DIRECTION,NOT DIVIDED,,STRAIGHT AND LEVEL,WET,NO DEFECTS,NOT ON SCENE (DESK REPORT),NO INJURY / DRIVE AWAY,,,,"OVER $1,500",7/12/2023 18:41,IMPROPER OVERTAKING/PASSING,IMPROPER OVERTAKING/PASSING,1803,E,71ST ST,324,,,,,,,2,NO INDICATION OF INJURY,0,0,0,0,0,2,0,17,4,7,41.76591607,-87.58112139,POINT (-87.581121391362 41.76591607189)
b7c43df1ae3ed7a54e8e4fdad1fe7f0464f50dc71f2e086ae102767d32b48423641c5d3988a74fde7d0569cce603bab7ccbc306f0317674e62784de775307cf7,JG338215,,7/12/2023 15:45,30,NO CONTROLS,NO CONTROLS,CLEAR,DAYLIGHT,TURNING,FOUR WAY,,STRAIGHT AND LEVEL,WET,NO DEFECTS,ON SCENE,NO INJURY / DRIVE AWAY,Y,,,"$501 - $1,500",7/12/2023 16:18,FAILING TO YIELD RIGHT-OF-WAY,FAILING TO YIELD RIGHT-OF-WAY,3221,W,HIRSCH ST,1422,,,,,,,3,NO INDICATION OF INJURY,0,0,0,0,0,4,0,15,4,7,41.90635661,-87.70778271,POINT (-87.707782706193 41.906356611474)
b8fb24a88206af97002744d01715b4f580599f14033dd45ec05251c61586e6b36b69930f46639698ea2af6ffe5af526190076a76a77b92493a73ee7c47f5fe42,JG338368,,7/12/2023 17:13,30,NO CONTROLS,NO CONTROLS,CLEAR,DAYLIGHT,PARKED MOTOR VEHICLE,ONE-WAY,,STRAIGHT AND LEVEL,DRY,NO DEFECTS,NOT ON SCENE (DESK REPORT),NO INJURY / DRIVE AWAY,,,,"$501 - $1,500",7/12/2023 18:00,UNABLE TO DETERMINE,NOT APPLICABLE,1922,W,CORNELIA AVE,1922,,,,,,,2,NO INDICATION OF INJURY,0,0,0,0,0,1,0,17,4,7,41.94516149,-87.67703094,POINT (-87.67703093715 41.945161489323)
b9528262240996a4275e9d7c02601a1a19d30cba981974c8c14b330336b0b7b50795df7a856897f5afef1073a5a4eb8e5d38edba152cf00bf2629b1719b2bd69,JA518688,,11/20/2017 8:05,30,TRAFFIC SIGNAL,FUNCTIONING PROPERLY,CLEAR,DAYLIGHT,TURNING,DIVIDED - W/MEDIAN (NOT RAISED),,STRAIGHT AND LEVEL,DRY,NO DEFECTS,ON SCENE,INJURY AND / OR TOW DUE TO CRASH,,,,"OVER $1,500",11/20/2017 8:23,IMPROPER TURNING/NO SIGNAL,FAILING TO REDUCE SPEED TO AVOID CRASH,1601,N,THROOP ST,1433,,,,,,,2,NO INDICATION OF INJURY,0,0,0,0,0,2,0,8,2,11,41.91080385,-87.66101984,POINT (-87.661019837449 41.910803852478)
b967e9d100bed01f512c75b0b017c1acb5c7b8b408d402dae97a252c0d98bb87de20a4fc550db20a4abc31bbec2d09a5528cdac026e60e2d77fadf9d98418a91,JG338158,,7/12/2023 15:29,30,STOP SIGN/FLASHER,FUNCTIONING PROPERLY,CLEAR,DAYLIGHT,TURNING,FOUR WAY,,STRAIGHT AND LEVEL,WET,NO DEFECTS,ON SCENE,INJURY AND / OR TOW DUE TO CRASH,Y,,,"OVER $1,500",7/12/2023 15:31,FAILING TO REDUCE SPEED TO AVOID CRASH,UNABLE TO DETERMINE,4101,N,LARAMIE AVE,1624,,,,,,,2,"REPORTED, NOT EVIDENT",1,0,0,0,1,3,0,15,4,7,41.95517088,-87.75706066,POINT (-87.757060657165 41.955170878933)
b9857e7dd4d27d63e60ea610bcc9b9a1b197c70c2f5358d954c759a669747978b1cbceffa98479e2aa01d046c549e499d7df3732bbbe1b60252e92ac72e14be1,JG342138,,7/12/2023 19:00,30,NO CONTROLS,NO CONTROLS,CLEAR,DAYLIGHT,PARKED MOTOR VEHICLE,NOT DIVIDED,,STRAIGHT AND LEVEL,DRY,NO DEFECTS,NOT ON SCENE (DESK REPORT),NO INJURY / DRIVE AWAY,,,Y,"OVER $1,500",7/15/2023 15:06,UNABLE TO DETERMINE,NOT APPLICABLE,8047,S,EBERHART AVE,631,,,,,,,2,NO INDICATION OF INJURY,0,0,0,0,0,1,0,19,4,7,41.74793631,-87.61226677,POINT (-87.612266770178 41.747936304822)
b9a02f7b419950f0001172bf5f9ea1efac59abb83624772946a5362adaf0b8053c5a729d895a3592bf1ae415580740deb3c2d0a08cc2bec929508b7e579760f2,JG338343,,7/12/2023 17:26,30,TRAFFIC SIGNAL,FUNCTIONING PROPERLY,RAIN,DAYLIGHT,TURNING,NOT DIVIDED,,STRAIGHT AND LEVEL,WET,NO DEFECTS,ON SCENE,INJURY AND / OR TOW DUE TO CRASH,Y,,,"OVER $1,500",7/12/2023 17:35,UNABLE TO DETERMINE,NOT APPLICABLE,1698,W,ARMITAGE AVE,1432,,,,,,,2,NO INDICATION OF INJURY,0,0,0,0,0,2,0,17,4,7,41.91798735,-87.6704507,POINT (-87.670450699494 41.917987353969)
b9cd3eec69a348233d8b75865e8780eb01e0e9fb049d5537833980d8f927682a8d03a3afd5d29158de332e39cdac11baa164994b6c6b8513f1b43be1e305b153,JE116033,Y,1/18/2021 7:30,30,NO CONTROLS,NO CONTROLS,CLEAR,DAYLIGHT,PARKED MOTOR VEHICLE,NOT DIVIDED,,STRAIGHT AND LEVEL,DRY,NO DEFECTS,ON SCENE,NO INJURY / DRIVE AWAY,,,Y,"$501 - $1,500",1/18/2021 7:45,UNABLE TO DETERMINE,NOT APPLICABLE,31,N,THROOP ST,1224,,,,,,,2,NO INDICATION OF INJURY,0,0,0,0,0,2,0,7,2,1,41.88250733,-87.6604404,POINT (-87.660440403379 41.882507326452)
ba0ce06822c51dc48f92638219e80fd9efbfead329306b427628a7dcbbf5b489813f5eb33a6c2ce3510f3deb884d70caa4431591641c4d3cece277a6c64e664f,,,7/25/2023 19:15,30,NO CONTROLS,NO CONTROLS,CLEAR,DAWN,ANGLE,DIVIDED - W/MEDIAN (NOT RAISED),,STRAIGHT AND LEVEL,DRY,UNKNOWN,,INJURY AND / OR TOW DUE TO CRASH,,,,"OVER $1,500",7/25/2023 19:21,FAILING TO YIELD RIGHT-OF-WAY,UNABLE TO DETERMINE,7859,S,STATE ST,623,,,,,,,2,"REPORTED, NOT EVIDENT",1,0,0,0,1,2,0,19,3,7,41.75100958,-87.62440142,POINT (-87.624401416141 41.75100958029)
bb8ce2f152421914cc2759355e6bf5ba5936332f4f446bc99088884875f0b96d211374ead52aee9a54e7819e8da8887aa285f75fcdc34cbe97f31fac3fff075a,JG337917,Y,7/12/2023 12:00,20,NO CONTROLS,NO CONTROLS,CLEAR,DAYLIGHT,PARKED MOTOR VEHICLE,NOT DIVIDED,,STRAIGHT AND LEVEL,DRY,NO DEFECTS,ON SCENE,NO INJURY / DRIVE AWAY,,,Y,"$501 - $1,500",7/12/2023 12:20,UNABLE TO DETERMINE,NOT APPLICABLE,6867,N,OVERHILL AVE,1611,,,,,,,2,NO INDICATION OF INJURY,0,0,0,0,0,1,0,12,4,7,42.00525621,-87.81865875,POINT (-87.818658752006 42.005256214202)
bbf95df25d855e3dc3f144cd15a321430354c8e43a22c117d6a794f9ff76c2b6a49539bcbd1713a2e5c25fa23ff8c3f174cb695f0693b41b2a88dd0e61c43895,,Y,7/26/2023 23:00,30,NO CONTROLS,NO CONTROLS,CLEAR,UNKNOWN,REAR END,NOT DIVIDED,,STRAIGHT AND LEVEL,UNKNOWN,UNKNOWN,NOT ON SCENE (DESK REPORT),INJURY AND / OR TOW DUE TO CRASH,,,,"OVER $1,500",7/27/2023 3:50,UNABLE TO DETERMINE,NOT APPLICABLE,7101,S,SOUTH SHORE DR,334,,,,,,,2,NONINCAPACITATING INJURY,1,0,0,1,0,2,0,23,4,7,41.76632677,-87.56267344,POINT (-87.562673436182 41.766326765106)