CRASH_RECORD_ID,RD_NO,CRASH_DATE_EST_I,CRASH_DATE,POSTED_SPEED_LIMIT,TRAFFIC_CONTROL_DEVICE,DEVICE_CONDITION,WEATHER_CONDITION,LIGHTING_CONDITION,FIRST_CRASH_TYPE,TRAFFICWAY_TYPE,LANE_CNT,ALIGNMENT,ROADWAY_SURFACE_COND,ROAD_DEFECT,REPORT_TYPE,CRASH_TYPE,INTERSECTION_RELATED_I,NOT_RIGHT_OF_WAY_I,HIT_AND_RUN_I,DAMAGE,DATE_POLICE_NOTIFIED,PRIM_CONTRIBUTORY_CAUSE,SEC_CONTRIBUTORY_CAUSE,STREET_NO,STREET_DIRECTION,STREET_NAME,BEAT_OF_OCCURRENCE,PHOTOS_TAKEN_I,STATEMENTS_TAKEN_I,DOORING_I,WORK_ZONE_I,WORK_ZONE_TYPE,WORKERS_PRESENT_I,NUM_UNITS,MOST_SEVERE_INJURY,INJURIES_TOTAL,INJURIES_FATAL,INJURIES_INCAPACITATING,INJURIES_NON_INCAPACITATING,INJURIES_REPORTED_NOT_EVIDENT,INJURIES_NO_INDICATION,INJURIES_UNKNOWN,CRASH_HOUR,CRASH_DAY_OF_WEEK,CRASH_MONTH,LATITUDE,LONGITUDE,LOCATION
bb9481e5780016dbdb2e14862a5b51d8320debc5f440528c3514ff5da842d25ea88f4ed908b763088cf744a48ea54fcf41c4dbfaedda2e6020d31ac4cc0ff3fd,JC562368,,12/27/2019 18:59,30,NO CONTROLS,NO CONTROLS,CLEAR,DARKNESS,PARKED MOTOR VEHICLE,NOT DIVIDED,,STRAIGHT AND LEVEL,DRY,NO DEFECTS,,NO INJURY / DRIVE AWAY,,,Y,"OVER $1,500",12/27/2019 20:23,UNABLE TO DETERMINE,NOT APPLICABLE,2242,S,DAMEN AVE,1034,,,,,,,2,NO INDICATION OF INJURY,0,0,0,0,0,1,0,18,6,12,41.85090773,-87.67594954,POINT (-87.675949534631 41.850907730056)
bc811abbfda79d102e54f374e03c0aff978fd465c803a20278f77cc230ee1fe5349c41ea596b9d45645334dba06a92c30a597e5c840de17840035ceeeb43634b,JG338434,,7/12/2023 18:30,30,POLICE/FLAGMAN,WORN REFLECTIVE MATERIAL,RAIN,DUSK,SIDESWIPE SAME DIRECTION,T-INTERSECTION,,STRAIGHT AND LEVEL,WET,NO DEFECTS,ON SCENE,NO INJURY / DRIVE AWAY,,,,"OVER $1,500",7/12/2023 18:45,UNABLE TO DETERMINE,NOT APPLICABLE,1600,E,MIDWAY PLAISANCE N,331,,,,,,,2,NO INDICATION OF INJURY,0,0,0,0,0,2,0,18,4,7,41.78776746,-87.58655284,POINT (-87.586552842267 41.787767463922)
bda9a98127fd36a48ec5ea0dfa5a19548e4c2d77f5999b4a067a8a24efd3ae472b10936db80cadd0e737c012f5df763dfebf35b3840160753bcad774eb115f7a,JD298542,,7/15/2020 16:52,30,UNKNOWN,UNKNOWN,RAIN,DAYLIGHT,TURNING,DIVIDED - W/MEDIAN (NOT RAISED),,STRAIGHT AND LEVEL,WET,NO DEFECTS,ON SCENE,INJURY AND / OR TOW DUE TO CRASH,,,,"OVER $1,500",7/15/2020 16:54,DISREGARDING ROAD MARKINGS,IMPROPER LANE USAGE,1600,N,THROOP ST,1433,,,,,,,2,"REPORTED, NOT EVIDENT",1,0,0,0,1,4,0,16,4,7,41.91079724,-87.6613136,POINT (-87.661313602868 41.910797236385)
bf3d0a2d83165cdf206c8cbb992455db319ca5ca92f415b885e98f5a6afc8e0ae9144e97cc5bce8fe4c76eb54afa7e2e713f5c582ce0df84992ae965cceae80b,JG338430,,7/12/2023 18:30,30,STOP SIGN/FLASHER,FUNCTIONING PROPERLY,RAIN,DAYLIGHT,ANGLE,UNKNOWN INTERSECTION TYPE,,STRAIGHT AND LEVEL,WET,NO DEFECTS,ON SCENE,INJURY AND / OR TOW DUE TO CRASH,Y,,,"OVER $1,500",7/12/2023 18:32,FAILING TO YIELD RIGHT-OF-WAY,UNABLE TO DETERMINE,1000,N,HOYNE AVE,1212,,,,,,,2,NO INDICATION OF INJURY,0,0,0,0,0,3,0,18,4,7,41.89955283,-87.67974852,POINT (-87.679748519954 41.899552831089)
c0683874051b6998864ef2831f294f7914004680026449da5c1a4061b20f1437a9ce5a6784d895dcee625e4f2ee1ee84531d1cdf03f83a25107f893d1afb6c6e,JG337797,Y,7/12/2023 8:50,35,NO CONTROLS,NO CONTROLS,RAIN,DAYLIGHT,SIDESWIPE SAME DIRECTION,DIVIDED - W/MEDIAN BARRIER,,STRAIGHT AND LEVEL,WET,NO DEFECTS,NOT ON SCENE (DESK REPORT),NO INJURY / DRIVE AWAY,,,,"OVER $1,500",7/12/2023 10:45,FAILING TO YIELD RIGHT-OF-WAY,UNABLE TO DETERMINE,101,N,WACKER DR,122,,,,,,,2,NO INDICATION OF INJURY,0,0,0,0,0,2,0,8,4,7,41.88323435,-87.63664906,POINT (-87.636649061859 41.883234347768)
c0f726cef81ea5c95ce4c41e88553ddc3f3bee9e08c474f1982a73f2adb6755613c9b8bc868f87d9379eca3fbe02b8234dae2107ef1929ae878bf73d4694d9bb,JG340180,,7/12/2023 22:00,30,NO CONTROLS,NO CONTROLS,CLEAR,"DARKNESS, LIGHTED ROAD",REAR END,DIVIDED - W/MEDIAN BARRIER,,STRAIGHT AND LEVEL,DRY,NO DEFECTS,NOT ON SCENE (DESK REPORT),INJURY AND / OR TOW DUE TO CRASH,,,Y,"OVER $1,500",7/14/2023 2:22,IMPROPER BACKING,NOT APPLICABLE,1650,W,ROOSEVELT RD,1231,,,,,,,2,NO INDICATION OF INJURY,0,0,0,0,0,3,0,22,4,7,41.86696892,-87.6684645,POINT (-87.668464498461 41.866968916122)
c5d211a7c7986b6faee5f6563554bab8055b055b24c157cfafc1fbfc0a55ead2cc1a23af544446d136b3d0ae926126a9c1b233131c3dc13343ada16e76d741d8,JG338538,,7/12/2023 20:30,30,TRAFFIC SIGNAL,FUNCTIONING PROPERLY,RAIN,"DARKNESS, LIGHTED ROAD",TURNING,FOUR WAY,,STRAIGHT AND LEVEL,WET,UNKNOWN,ON SCENE,INJURY AND / OR TOW DUE TO CRASH,Y,,,"OVER $1,500",7/12/2023 20:30,FAILING TO YIELD RIGHT-OF-WAY,UNABLE TO DETERMINE,9500,S,LAFAYETTE AVE,511,,,,,,,2,"REPORTED, NOT EVIDENT",2,0,0,0,2,0,0,20,4,7,41.72156629,-87.62516952,POINT (-87.625169517699 41.721566292573)
c6e271cd23767d76da001b93bfaf30e8628b7f8d7712557f04c26468859ee4b8980e9122868ba5cd21b500ca65acb51b3f79de6cc07b5f079f66511aeaf63c68,JG338041,,7/12/2023 13:05,25,STOP SIGN/FLASHER,FUNCTIONING PROPERLY,RAIN,DAYLIGHT,REAR END,NOT DIVIDED,,STRAIGHT AND LEVEL,WET,NO DEFECTS,ON SCENE,INJURY AND / OR TOW DUE TO CRASH,,,,"$501 - $1,500",7/12/2023 13:53,WEATHER,NOT APPLICABLE,10500,S,DR MARTIN LUTHER KING JR DR,512,,,,,,,2,NO INDICATION OF INJURY,0,0,0,0,0,2,0,13,4,7,41.70356988,-87.61381369,POINT (-87.61381369091 41.703569882774)
c74b2d5342ab01174c1b891a6f6eefd5c5363121317c21909a57024a7de4f8e83b52d1774695fc0c34289bc5c45c8e079eff6aa235f84c06f1c3ab9ce134dd7a,JG337774,,7/12/2023 10:40,30,NO CONTROLS,NO CONTROLS,CLOUDY/OVERCAST,DAYLIGHT,REAR END,NOT DIVIDED,,STRAIGHT AND LEVEL,WET,NO DEFECTS,ON SCENE,NO INJURY / DRIVE AWAY,,,,"OVER $1,500",7/12/2023 10:41,FAILING TO REDUCE SPEED TO AVOID CRASH,NOT APPLICABLE,4124,N,PULASKI RD,1722,,,,,,,2,NO INDICATION OF INJURY,0,0,0,0,0,45,0,10,4,7,41.95624426,-87.72783808,POINT (-87.727838081683 41.956244257912)
c800ae662c148f1e145f3400c18da73564724d79c9853d926b48d8696e648dede85386c6ab7bf53c4590d221ba16b641a38098bd0efd7336c02a2c8c915669a3,JG338552,,7/12/2023 19:40,35,NO CONTROLS,NO CONTROLS,RAIN,DAYLIGHT,FIXED OBJECT,NOT DIVIDED,,STRAIGHT AND LEVEL,WET,NO DEFECTS,NOT ON SCENE (DESK REPORT),NO INJURY / DRIVE AWAY,,Y,,"OVER $1,500",7/12/2023 21:45,WEATHER,WEATHER,4425,W,63RD ST,813,,,,,,,1,NO INDICATION OF INJURY,0,0,0,0,0,1,0,19,4,7,41.77842035,-87.7336817,POINT (-87.73368169569 41.77842034575)
c7230f50f276dc908b4f1ca0301813e3132e6c4eb607177cadc6b1553d9101769d3cf89efb98eb5770b2e4508c7a7df3d31da14b49cc009e848824f214d95dda,JG249142,,5/5/2023 13:00,30,TRAFFIC SIGNAL,FUNCTIONING PROPERLY,CLEAR,DAYLIGHT,TURNING,ONE-WAY,,STRAIGHT AND LEVEL,DRY,NO DEFECTS,,INJURY AND / OR TOW DUE TO CRASH,N,,Y,"OVER $1,500",5/5/2023 15:15,IMPROPER TURNING/NO SIGNAL,NOT APPLICABLE,259,E,ERIE ST,1834,,,,,,,2,"REPORTED, NOT EVIDENT",1,0,0,0,1,2,0,13,6,5,41.89408538,-87.62040431,POINT (-87.620404310022 41.894085380663)
caab174b769da8b4c86cf748246cf1fdd3a80574adee216e4b474a71cbd4a46c8c550ddec353f91c9bc4dade0affa318561e4e47d9272cd6b5bf8f6f908b11a1,JG338421,,7/12/2023 18:50,30,NO CONTROLS,NO CONTROLS,RAIN,DAYLIGHT,REAR END,DIVIDED - W/MEDIAN (NOT RAISED),,STRAIGHT AND LEVEL,WET,NO DEFECTS,ON SCENE,INJURY AND / OR TOW DUE TO CRASH,N,,,"OVER $1,500",7/12/2023 18:54,WEATHER,UNABLE TO DETERMINE,5000,S,CALIFORNIA AVE,923,,,,,,,2,NONINCAPACITATING INJURY,1,0,0,1,0,3,0,18,4,7,41.80271328,-87.6941936,POINT (-87.694193599633 41.802713277916)
cb23dbd61e996b63b835d2b5584512a4e5dc4fd01fad6d7432cdcfb710e0d45a5415472a1f1c0b4915c81d5a159b7c7ee7c0def5700e47aafc805ff399dc816b,JG338590,,7/12/2023 22:21,30,TRAFFIC SIGNAL,FUNCTIONING PROPERLY,RAIN,DARKNESS,ANGLE,FOUR WAY,,STRAIGHT AND LEVEL,WET,NO DEFECTS,ON SCENE,INJURY AND / OR TOW DUE TO CRASH,Y,,,"OVER $1,500",7/12/2023 22:21,DISREGARDING TRAFFIC SIGNALS,FAILING TO REDUCE SPEED TO AVOID CRASH,5930,N,BROADWAY,2013,,,,,,,2,NONINCAPACITATING INJURY,3,0,0,3,0,2,0,22,4,7,41.98995275,-87.66041235,POINT (-87.660412345605 41.989952748326)
cd2eabd9a6a6ad79b34c98807488791dc3a0fa6d6bbf006d250171f0072ebaed5161e305c216f7e0546967686aaf2a24f716d28c9888babb17f109eb84104f62,JG338419,,7/12/2023 17:30,25,NO CONTROLS,NO CONTROLS,UNKNOWN,UNKNOWN,SIDESWIPE SAME DIRECTION,DIVIDED - W/MEDIAN (NOT RAISED),,STRAIGHT AND LEVEL,UNKNOWN,UNKNOWN,NOT ON SCENE (DESK REPORT),NO INJURY / DRIVE AWAY,,,,"OVER $1,500",7/12/2023 19:00,IMPROPER OVERTAKING/PASSING,IMPROPER OVERTAKING/PASSING,337,N,SACRAMENTO BLVD,1222,,,,,,,2,NO INDICATION OF INJURY,0,0,0,0,0,2,0,17,4,7,41.88753196,-87.70124079,POINT (-87.701240788028 41.887531962401)
cf7dcd5f65d6b30f5b7290708a67e4a42e84297e08c645745a80db1fb7311cc66f04018b3a2854cb48bf482b51ec2a73f16700ae8d56e7c55bcd35e1b2a7220a,JG338304,,7/12/2023 17:10,30,UNKNOWN,UNKNOWN,UNKNOWN,UNKNOWN,REAR END,UNKNOWN,,STRAIGHT AND LEVEL,UNKNOWN,UNKNOWN,NOT ON SCENE (DESK REPORT),NO INJURY / DRIVE AWAY,,,,"OVER $1,500",7/12/2023 17:40,UNABLE TO DETERMINE,NOT APPLICABLE,3959,N,CUMBERLAND AVE,1631,,,,,,,2,NO INDICATION OF INJURY,0,0,0,0,0,2,0,17,4,7,41.95196186,-87.83651776,POINT (-87.836517755684 41.951961863145)
cfb17df25aafc6e36c2bc750537dfe06ae10f45d34ad793a12f4cbe5fc0d634511e5517a6bd4f0e5a353e98954285f3cff60c7b42fe10ff6576309cbb4baf591,JG337610,,7/12/2023 7:10,20,NO CONTROLS,NO CONTROLS,CLEAR,DAYLIGHT,FIXED OBJECT,DIVIDED - W/MEDIAN BARRIER,,CURVE ON GRADE,WET,NO DEFECTS,ON SCENE,INJURY AND / OR TOW DUE TO CRASH,,,,"OVER $1,500",7/12/2023 7:12,WEATHER,NOT APPLICABLE,1000,N,LAKE SHORE DR NB,1824,,,,,,,1,NO INDICATION OF INJURY,0,0,0,0,0,1,0,7,4,7,41.90095892,-87.61992817,POINT (-87.619928173678 41.900958919109)
d1a845fcdcf539f5bdb38a7be64b786b1bba6cb7bb464348f338e971ad943c5660c08c57f19cce4e02d7f73eba5dda65f2e5b5e7dc643ae6410bdb64b1c59520,JG337978,,7/12/2023 13:30,35,TRAFFIC SIGNAL,FUNCTIONING IMPROPERLY,RAIN,DAYLIGHT,SIDESWIPE SAME DIRECTION,NOT DIVIDED,,STRAIGHT AND LEVEL,WET,NO DEFECTS,ON SCENE,NO INJURY / DRIVE AWAY,,,,"OVER $1,500",7/12/2023 13:30,UNABLE TO DETERMINE,UNABLE TO DETERMINE,3850,S,DR MARTIN LUTHER KING JR DR,212,,,,,,,2,NO INDICATION OF INJURY,0,0,0,0,0,2,0,13,4,7,41.82414853,-87.61715141,POINT (-87.617151411895 41.82414852971)
d245184c0ae553edf2600a22eaf59a23e6858e96e623ce184dfececd8916dd99191f8cf480bffc82b7e3507813ac9cbd213114f5b475d80f1008a3964da88a03,JG338630,,7/12/2023 22:45,30,NO CONTROLS,NO CONTROLS,UNKNOWN,DARKNESS,PEDESTRIAN,NOT DIVIDED,,STRAIGHT AND LEVEL,UNKNOWN,UNKNOWN,ON SCENE,INJURY AND / OR TOW DUE TO CRASH,,,,"OVER $1,500",7/12/2023 22:45,IMPROPER OVERTAKING/PASSING,NOT APPLICABLE,2458,N,CLARK ST,1935,,Y,,,,,3,NONINCAPACITATING INJURY,2,0,0,2,0,1,0,22,4,7,41.92702442,-87.64150484,POINT (-87.641504836082 41.927024414776)
d3029cf383bd9d651cbdceda35184df120556835a33be0bb8183d9616d27cf02366541c96fbb24b9204e8a6af31006e1b38070ed9ce81563f0a118d02552b04a,JA406903,Y,8/26/2017 11:20,20,TRAFFIC SIGNAL,FUNCTIONING PROPERLY,CLEAR,DAYLIGHT,ANGLE,NOT DIVIDED,1,STRAIGHT AND LEVEL,DRY,NO DEFECTS,NOT ON SCENE (DESK REPORT),NO INJURY / DRIVE AWAY,,,,"OVER $1,500",8/26/2017 11:50,UNABLE TO DETERMINE,UNABLE TO DETERMINE,1606,N,THROOP ST,1433,,,,,,,2,NO INDICATION OF INJURY,0,0,0,0,0,2,0,11,7,8,41.91097468,-87.66132072,POINT (-87.66132071461 41.9109746818)
d3d711a34a40885646728e5fee7c588a0f0e718bc7e66658aa188d37b83949189262dc973cab0378882b07dff2712b712ec2d388d4edac74d755a06890b45f24,JG338331,,7/12/2023 12:30,30,NO CONTROLS,NO CONTROLS,FREEZING RAIN/DRIZZLE,DAYLIGHT,TURNING,NOT DIVIDED,,STRAIGHT AND LEVEL,WET,NO DEFECTS,NOT ON SCENE (DESK REPORT),NO INJURY / DRIVE AWAY,,,,"$501 - $1,500",7/12/2023 17:54,IMPROPER TURNING/NO SIGNAL,NOT APPLICABLE,4800,W,55TH ST,814,,,,,,,2,NO INDICATION OF INJURY,0,0,0,0,0,2,0,12,4,7,41.79312636,-87.74293177,POINT (-87.742931772386 41.793126358267)
d52e5dc385f0be67ad927fd7cb2a31f197372ee694c5227f5402cee6a6678ad81613fa5735d79a70f71c515fa58becb0f8b37c3524484e911c2b153092dd3faa,JG367555,,7/12/2023 8:00,30,NO CONTROLS,NO CONTROLS,CLEAR,DAYLIGHT,OTHER OBJECT,NOT DIVIDED,,STRAIGHT AND LEVEL,DRY,OTHER,ON SCENE,NO INJURY / DRIVE AWAY,,,,$500 OR LESS,7/12/2023 8:30,NOT APPLICABLE,NOT APPLICABLE,207,N,LARAMIE AVE,1532,,,,,,,1,NO INDICATION OF INJURY,0,0,0,0,0,1,0,8,4,7,41.88458647,-87.75507276,POINT (-87.755072759036 41.884586471274)
d3bfbe9f8a57bd393c08fda98ed139d8184092ea9b4310445bb99dc4ddd2d9b014e03444c6973f87dc295d3586327e5f23439cb63bdfe075c08ced76a476e7cd,JD179897,,3/9/2020 12:15,25,NO CONTROLS,NO CONTROLS,CLEAR,DAYLIGHT,PARKED MOTOR VEHICLE,NOT DIVIDED,,STRAIGHT AND LEVEL,DRY,NO DEFECTS,,NO INJURY / DRIVE AWAY,,,Y,"$501 - $1,500",3/9/2020 18:15,NOT APPLICABLE,NOT APPLICABLE,3433,W,MADISON ST,1123,,,,,,,2,NO INDICATION OF INJURY,0,0,0,0,0,1,0,12,2,3,41.88079069,-87.71242878,POINT (-87.712428783212 41.880790685199)
d5c5432b427d9921f318974bcd823f46d24226a21022e6cbd011766890a485ef0121bd3d85a9ae4701bf8501c3686ca646107f62a8593b43ebb577320ef9f2ee,JG338644,,7/12/2023 23:00,30,STOP SIGN/FLASHER,FUNCTIONING PROPERLY,CLEAR,"DARKNESS, LIGHTED ROAD",ANGLE,FOUR WAY,,STRAIGHT AND LEVEL,WET,NO DEFECTS,NOT ON SCENE (DESK REPORT),NO INJURY / DRIVE AWAY,Y,,Y,"OVER $1,500",7/12/2023 23:32,DISREGARDING STOP SIGN,NOT APPLICABLE,8201,S,MORGAN ST,613,,,,,,,2,NO INDICATION OF INJURY,0,0,0,0,0,5,0,23,4,7,41.7450187,-87.64858955,POINT (-87.648589544528 41.745018700192)
d6b90f01d2e00824977c5dec6b1234ff516659081034182ec25082bec1275ad0610d03a5d1c0043e804b81cbb043fb25afaa8f13c2736b41d858346df0b0344a,JG337699,,7/12/2023 9:09,30,TRAFFIC SIGNAL,FUNCTIONING PROPERLY,RAIN,DAYLIGHT,SIDESWIPE SAME DIRECTION,NOT DIVIDED,,STRAIGHT AND LEVEL,WET,NO DEFECTS,ON SCENE,NO INJURY / DRIVE AWAY,,,,"OVER $1,500",7/12/2023 9:14,FAILING TO REDUCE SPEED TO AVOID CRASH,WEATHER,6503,S,ASHLAND AVE,725,,,,,,,2,NO INDICATION OF INJURY,0,0,0,0,0,2,0,9,4,7,41.77568814,-87.66396881,POINT (-87.663968808017 41.775688139921)
d6c1ed31e7f93d5e0be1ee25dc3899a1c95ef83ecf34106d28ef925e476c2c3a3130d6d3aa327969ba1512bf430d112422215b87aced55f9c3e28334d76dd07a,JG338265,,7/12/2023 16:40,30,NO CONTROLS,NO CONTROLS,CLEAR,DAYLIGHT,ANGLE,PARKING LOT,,STRAIGHT AND LEVEL,DRY,NO DEFECTS,NOT ON SCENE (DESK REPORT),INJURY AND / OR TOW DUE TO CRASH,,,,"$501 - $1,500",7/12/2023 17:15,FAILING TO YIELD RIGHT-OF-WAY,NOT APPLICABLE,7855,S,WESTERN AVE,835,,,,,,,2,NONINCAPACITATING INJURY,2,0,0,2,0,2,0,16,4,7,41.75031089,-87.6827074,POINT (-87.682707401546 41.750310890789)
d90615415c41b971192130fd12963fc2b3d93a2597afa4358473a2cc4b103425f45da9799e84cf92773a7faa1e4bd80a2363af79437b8682e2ca4057f8538107,JG337577,,7/12/2023 5:00,30,NO CONTROLS,NO CONTROLS,RAIN,"DARKNESS, LIGHTED ROAD",PARKED MOTOR VEHICLE,NOT DIVIDED,,STRAIGHT AND LEVEL,WET,NO DEFECTS,ON SCENE,NO INJURY / DRIVE AWAY,,,Y,"$501 - $1,500",7/12/2023 5:31,WEATHER,UNABLE TO DETERMINE,1545,W,MONROE ST,1224,,,,,,,2,NO INDICATION OF INJURY,0,0,0,0,0,1,0,5,4,7,41.88006692,-87.66624145,POINT (-87.666241449967 41.880066917461)
d9622b675f411715315f26b0cc7fce4900d35b1cfc114d764755fa1c999be3d1d48d09f4b1df5277378562a770830c90c9d8b2de2390566a9365234d3c7d296b,JG338456,,7/12/2023 19:20,30,TRAFFIC SIGNAL,OTHER,RAIN,DAYLIGHT,ANGLE,FOUR WAY,,STRAIGHT AND LEVEL,WET,NO DEFECTS,ON SCENE,INJURY AND / OR TOW DUE TO CRASH,Y,,,"OVER $1,500",7/12/2023 19:28,DISREGARDING TRAFFIC SIGNALS,NOT APPLICABLE,344,W,WEBSTER AVE,1814,,,,,,,2,"REPORTED, NOT EVIDENT",2,0,0,0,2,1,0,19,4,7,41.9220803,-87.63819132,POINT (-87.638191315437 41.922080295226)
daf7f9b6a837b217293a98dd121287beeac99b3e8ef95d0905d06f15218dccf9fa84d82361c05fd1433066755b8b4135227ec7096df22fb8fcbac9eb0de538de,JG338557,,7/12/2023 18:45,10,UNKNOWN,UNKNOWN,RAIN,DAYLIGHT,PARKED MOTOR VEHICLE,PARKING LOT,,STRAIGHT AND LEVEL,WET,UNKNOWN,NOT ON SCENE (DESK REPORT),NO INJURY / DRIVE AWAY,,,,"OVER $1,500",7/12/2023 21:30,DRIVING SKILLS/KNOWLEDGE/EXPERIENCE,"VISION OBSCURED (SIGNS, TREE LIMBS, BUILDINGS, ETC.)",730,W,RANDOLPH ST,1224,,,,,,,2,NO INDICATION OF INJURY,0,0,0,0,0,1,0,18,4,7,41.88452047,-87.64695489,POINT (-87.646954893312 41.884520471912)
dc9412a8153192c5a48a6acc6c53c412e1c9f6672e789492f17e2832bba5a5f591034ef17a74c9dfa39b77b8eda3d5f87c37aca52c85d7e503ab8d95b76cac4c,JE352696,,8/28/2021 4:00,30,NO CONTROLS,NO CONTROLS,CLEAR,"DARKNESS, LIGHTED ROAD",OTHER OBJECT,NOT DIVIDED,,STRAIGHT AND LEVEL,DRY,NO DEFECTS,ON SCENE,INJURY AND / OR TOW DUE TO CRASH,,,,"OVER $1,500",8/28/2021 4:08,FAILING TO REDUCE SPEED TO AVOID CRASH,UNABLE TO DETERMINE,1655,N,THROOP ST,1433,,,,,,,1,NONINCAPACITATING INJURY,1,0,0,1,0,0,0,4,7,8,41.91242176,-87.66172385,POINT (-87.661723848129 41.912421760395)
2f9b2b66e238a930527440f2505140c1650f871153c052f4768d395e7eb2e162ea6015c5c395545cf38d8eeb27c3552a58bf6a53dbd2bdceb2d8a12731a513ff,,,7/26/2023 6:55,20,NO CONTROLS,NO CONTROLS,CLEAR,DAYLIGHT,SIDESWIPE SAME DIRECTION,ONE-WAY,,STRAIGHT AND LEVEL,DRY,NO DEFECTS,ON SCENE,NO INJURY / DRIVE AWAY,,,,"OVER $1,500",7/26/2023 7:02,FAILING TO YIELD RIGHT-OF-WAY,DRIVING SKILLS/KNOWLEDGE/EXPERIENCE,1,W,TERMINAL ST,1651,,,,,,,2,NO INDICATION OF INJURY,0,0,0,0,0,2,0,6,4,7,,,
dd9153a776ce9045a5a3acc5b0b3cbbd61dfd83995c2b535a4938e3f52aba3e13e21cd49410a12175ac1d525b3daddb5f74a161c24cf96de97549faf71bcd91b,JG338596,,7/12/2023 19:58,30,TRAFFIC SIGNAL,UNKNOWN,UNKNOWN,DAYLIGHT,TURNING,FOUR WAY,,STRAIGHT AND LEVEL,UNKNOWN,NO DEFECTS,NOT ON SCENE (DESK REPORT),NO INJURY / DRIVE AWAY,Y,,,"OVER $1,500",7/12/2023 22:00,DISREGARDING TRAFFIC SIGNALS,NOT APPLICABLE,340,N,ORLEANS ST,1831,,,,,,,2,NO INDICATION OF INJURY,0,0,0,0,0,2,0,19,4,7,41.88834939,-87.63686409,POINT (-87.636864084933 41.888349392269)
de4adc97cbc94173d17bc477cd011a170906304a05d1c2a3a76502068fef1341ea909d7c8eebe60bf4c696aa94a29821ea9aa476019ee1f4a00bdbe6ee255461,JG337869,,7/12/2023 11:15,20,NO CONTROLS,NO CONTROLS,CLOUDY/OVERCAST,DAYLIGHT,OTHER OBJECT,ONE-WAY,,STRAIGHT AND LEVEL,WET,NO DEFECTS,ON SCENE,NO INJURY / DRIVE AWAY,,,,$500 OR LESS,7/12/2023 11:28,NOT APPLICABLE,NOT APPLICABLE,4639,N,ALBANY AVE,1713,,,,,,,1,NO INDICATION OF INJURY,0,0,0,0,0,1,0,11,4,7,41.96587876,-87.70579935,POINT (-87.705799347185 41.965878761608)
de8d9d7c8dcbadfe433fa58f02385d717c51b3226b9cda1ea3d65ad5bc2d5f0fbb8af339bdbe7243ce8f38f8a8c37522e5bc9920956e1698636a76e7cd75d65f,JG338525,,7/12/2023 16:00,30,NO CONTROLS,NO CONTROLS,RAIN,DAYLIGHT,PARKED MOTOR VEHICLE,PARKING LOT,,STRAIGHT AND LEVEL,WET,NO DEFECTS,NOT ON SCENE (DESK REPORT),NO INJURY / DRIVE AWAY,,,Y,"$501 - $1,500",7/12/2023 20:30,UNABLE TO DETERMINE,NOT APPLICABLE,4616,W,IRVING PARK RD,1722,,,,,,,2,NO INDICATION OF INJURY,0,0,0,0,0,1,0,16,4,7,41.95358308,-87.7432838,POINT (-87.743283800306 41.953583081986)
decef2e842461995493ecda3a456f0c44a17b3084d17f710e077a385d2597a2874287199733b47433b8a7ea4c0eaf549f9a2ce5a9ef6e06988738d5e2913ad57,JG337825,,7/12/2023 11:05,30,STOP SIGN/FLASHER,FUNCTIONING PROPERLY,RAIN,DAYLIGHT,ANGLE,DIVIDED - W/MEDIAN (NOT RAISED),,STRAIGHT AND LEVEL,WET,NO DEFECTS,ON SCENE,INJURY AND / OR TOW DUE TO CRASH,Y,,,"OVER $1,500",7/12/2023 11:05,DISREGARDING STOP SIGN,NOT APPLICABLE,2558,S,ROCKWELL ST,1034,,,,,,,2,NO INDICATION OF INJURY,0,0,0,0,0,2,0,11,4,7,41.84479649,-87.69048708,POINT (-87.690487081697 41.84479649297)
e031379f32b4d06a6c6cfa326cddce16cf59ac4b3c728f633869c654ac30a1dffe152e1c926080ce4abf37297e5d5f20f2fe9b55ce9cfe46f0b24e9edf269b74,JG338478,,7/12/2023 19:43,30,TRAFFIC SIGNAL,FUNCTIONING PROPERLY,CLEAR,DAYLIGHT,TURNING,NOT DIVIDED,,STRAIGHT AND LEVEL,UNKNOWN,UNKNOWN,ON SCENE,INJURY AND / OR TOW DUE TO CRASH,,,,"OVER $1,500",7/12/2023 19:44,FAILING TO YIELD RIGHT-OF-WAY,NOT APPLICABLE,11000,S,MICHIGAN AVE,513,,,,,,,2,NO INDICATION OF INJURY,0,0,0,0,0,2,0,19,4,7,41.69440268,-87.6209382,POINT (-87.620938204492 41.694402680847)
e12404859e718eb6381f4bef5740d77e8f15ec12bdabd9c2c42169d2f4f51aa6cab466f96b55bcba3d8bd8ba5a6156aaa8e8920d4c7960937cef6c9923dd2562,JG351964,,7/12/2023 14:30,30,NO CONTROLS,FUNCTIONING PROPERLY,CLEAR,DAYLIGHT,HEAD ON,NOT DIVIDED,,STRAIGHT AND LEVEL,DRY,NO DEFECTS,NOT ON SCENE (DESK REPORT),NO INJURY / DRIVE AWAY,,,Y,"$501 - $1,500",7/22/2023 19:00,FAILING TO YIELD RIGHT-OF-WAY,NOT APPLICABLE,3100,N,HALSTED ST,1933,,,,,,,2,NO INDICATION OF INJURY,0,0,0,0,0,2,0,14,4,7,,,
e2741e6eaa6f16262936be83f079dce8ead0b75d291dfe1626b532700fa8ec552ac150d3e3480227302b12ab95f3b3ee4866e87d2963695dec18f8e6401a4bf0,JG338330,,7/12/2023 15:00,30,UNKNOWN,UNKNOWN,FREEZING RAIN/DRIZZLE,DAYLIGHT,PARKED MOTOR VEHICLE,NOT DIVIDED,,STRAIGHT AND LEVEL,UNKNOWN,UNKNOWN,NOT ON SCENE (DESK REPORT),NO INJURY / DRIVE AWAY,,,,"$501 - $1,500",7/12/2023 17:48,IMPROPER OVERTAKING/PASSING,UNABLE TO DETERMINE,4056,N,SHERIDAN RD,1915,,,,,,,2,NO INDICATION OF INJURY,0,0,0,0,0,2,0,15,4,7,41.95610886,-87.65473744,POINT (-87.654737436123 41.956108857173)