CRASH_RECORD_ID,RD_NO,CRASH_DATE_EST_I,CRASH_DATE,POSTED_SPEED_LIMIT,TRAFFIC_CONTROL_DEVICE,DEVICE_CONDITION,WEATHER_CONDITION,LIGHTING_CONDITION,FIRST_CRASH_TYPE,TRAFFICWAY_TYPE,LANE_CNT,ALIGNMENT,ROADWAY_SURFACE_COND,ROAD_DEFECT,REPORT_TYPE,CRASH_TYPE,INTERSECTION_RELATED_I,NOT_RIGHT_OF_WAY_I,HIT_AND_RUN_I,DAMAGE,DATE_POLICE_NOTIFIED,PRIM_CONTRIBUTORY_CAUSE,SEC_CONTRIBUTORY_CAUSE,STREET_NO,STREET_DIRECTION,STREET_NAME,BEAT_OF_OCCURRENCE,PHOTOS_TAKEN_I,STATEMENTS_TAKEN_I,DOORING_I,WORK_ZONE_I,WORK_ZONE_TYPE,WORKERS_PRESENT_I,NUM_UNITS,MOST_SEVERE_INJURY,INJURIES_TOTAL,INJURIES_FATAL,INJURIES_INCAPACITATING,INJURIES_NON_INCAPACITATING,INJURIES_REPORTED_NOT_EVIDENT,INJURIES_NO_INDICATION,INJURIES_UNKNOWN,CRASH_HOUR,CRASH_DAY_OF_WEEK,CRASH_MONTH,LATITUDE,LONGITUDE,LOCATION
e38cb6e52cae565d8806b970b787f46b864cd9323b93c43e994ef8c3b9edfa00da8b833332e1bca807998bdab231da5e008f17f3658db9bb4f5a0d83da2c5415,JG337748,,7/12/2023 9:15,30,TRAFFIC SIGNAL,FUNCTIONING PROPERLY,CLOUDY/OVERCAST,DAYLIGHT,SIDESWIPE OPPOSITE DIRECTION,NOT DIVIDED,,STRAIGHT AND LEVEL,DRY,NO DEFECTS,NOT ON SCENE (DESK REPORT),NO INJURY / DRIVE AWAY,,,,"OVER $1,500",7/12/2023 10:00,DRIVING SKILLS/KNOWLEDGE/EXPERIENCE,NOT APPLICABLE,5600,N,CENTRAL AVE,1622,,,,,,,2,NO INDICATION OF INJURY,0,0,0,0,0,3,0,9,4,7,41.9830329,-87.76849011,POINT (-87.768490105241 41.983032899841)
e3cb5ccfc11c9970670fb46038c689af59b51c29fb7911940654c7711753a8b91202a4c69be4344ba3f190f26b4cd4d9635ec638dd7a0792753f456ea06442a7,JG338210,,7/12/2023 16:34,30,NO CONTROLS,NO CONTROLS,CLEAR,DAYLIGHT,REAR END,NOT DIVIDED,,STRAIGHT AND LEVEL,WET,UNKNOWN,ON SCENE,INJURY AND / OR TOW DUE TO CRASH,,,,"OVER $1,500",7/12/2023 16:35,UNABLE TO DETERMINE,NOT APPLICABLE,1414,N,DAMEN AVE,1424,,,,,,,2,NO INDICATION OF INJURY,0,0,0,0,0,5,0,16,4,7,41.90763417,-87.67753457,POINT (-87.677534572747 41.907634164625)
e47582d27dee277c0bc6815663e62a89e76df27b0671e934f7911fa09a493ac062676bb4794e72152cf05baf0ee0ca1264e48d21e21d739a5da7dec07b3d6564,JG337676,,7/12/2023 8:30,30,STOP SIGN/FLASHER,FUNCTIONING PROPERLY,CLEAR,DAYLIGHT,ANGLE,T-INTERSECTION,,STRAIGHT AND LEVEL,WET,NO DEFECTS,NOT ON SCENE (DESK REPORT),NO INJURY / DRIVE AWAY,,,,"OVER $1,500",7/12/2023 9:30,DISREGARDING TRAFFIC SIGNALS,UNABLE TO DETERMINE,2258,W,CHICAGO AVE,1212,,,,,,,2,NO INDICATION OF INJURY,0,0,0,0,0,2,0,8,4,7,41.89589708,-87.68427765,POINT (-87.684277644867 41.895897076268)
e4e5f7c0fd7bfc1f5107cbf579ed33fbae1792c33d665ed960a4156f4c6edd9f6ff57945889c6ac69c9d427df9d948968c529810083d85f0c482f8009e7d631d,JG337551,,7/12/2023 5:45,45,NO CONTROLS,NO CONTROLS,RAIN,DAWN,FIXED OBJECT,DIVIDED - W/MEDIAN BARRIER,,"CURVE, LEVEL",WET,UNKNOWN,ON SCENE,INJURY AND / OR TOW DUE TO CRASH,,,,"OVER $1,500",7/12/2023 5:45,WEATHER,NOT APPLICABLE,1021,N,LAKE SHORE DR NB,1824,,,,,,,1,NO INDICATION OF INJURY,0,0,0,0,0,1,0,5,4,7,41.90152792,-87.62138617,POINT (-87.621386171565 41.901527918816)
e68997d1f76817d37ba68658abac74c4740b75c4ad227d0a0b7e0ad1381ba61953808ea10ef436d62632104e468036242b62bc9d82026ed71b14d50bc0a9fea3,JG337618,,7/12/2023 6:45,25,NO CONTROLS,NO CONTROLS,RAIN,DAYLIGHT,FIXED OBJECT,DIVIDED - W/MEDIAN BARRIER,,"CURVE, LEVEL",WET,UNKNOWN,ON SCENE,INJURY AND / OR TOW DUE TO CRASH,,,,"OVER $1,500",7/12/2023 6:45,UNABLE TO DETERMINE,UNABLE TO DETERMINE,1000,N,LAKE SHORE DR,1824,,,,,,,1,"REPORTED, NOT EVIDENT",1,0,0,0,1,0,0,6,4,7,41.90075297,-87.624235,POINT (-87.62423499978 41.900752974042)
e6a2ac19df78cafa0202aded4a006d8b4ac6378673d38b3dfa6a0af6310e4cc6c40fccc8bda4d46d7567628af38f41541ecd9ecd44f33a9a03a151db5de4393f,JG338131,,7/12/2023 9:05,30,NO CONTROLS,NO CONTROLS,RAIN,DAYLIGHT,PARKED MOTOR VEHICLE,DIVIDED - W/MEDIAN (NOT RAISED),,STRAIGHT AND LEVEL,WET,UNKNOWN,NOT ON SCENE (DESK REPORT),NO INJURY / DRIVE AWAY,,,,"OVER $1,500",7/12/2023 16:00,UNABLE TO DETERMINE,NOT APPLICABLE,1616,E,56TH ST,235,,,,,,,2,NO INDICATION OF INJURY,0,0,0,0,0,1,0,9,4,7,41.79350627,-87.58575578,POINT (-87.585755781205 41.793506270328)
e6d7d18353bb78e12c58b2ade44d2b69ff23a95a55128ab7066a62d3c12562b09d30cc68e0a4a5b87c7cf0bcfe848be619b1a7b99d94949c68db9de254ae0148,JG337747,Y,7/12/2023 5:00,30,NO CONTROLS,NO CONTROLS,RAIN,DAYLIGHT,PARKED MOTOR VEHICLE,NOT DIVIDED,,STRAIGHT AND LEVEL,WET,UNKNOWN,ON SCENE,NO INJURY / DRIVE AWAY,,,Y,"OVER $1,500",7/12/2023 9:43,UNABLE TO DETERMINE,UNABLE TO DETERMINE,1609,W,PEARSON ST,1213,,,,,,,2,NO INDICATION OF INJURY,0,0,0,0,0,1,0,5,4,7,41.89721761,-87.66772285,POINT (-87.667722851246 41.897217611601)
e6e696629770a64a7cf040ac7ec774d7bb6463a60e72b6d1f23df5f00f7129d30845d7f41f86fa84a331d11df3978b47978f2020df9be1605a67fc9c8a21ef07,JG338013,,7/12/2023 13:00,15,NO CONTROLS,NO CONTROLS,RAIN,DAYLIGHT,PARKED MOTOR VEHICLE,PARKING LOT,,STRAIGHT AND LEVEL,DRY,NO DEFECTS,NOT ON SCENE (DESK REPORT),NO INJURY / DRIVE AWAY,,Y,,"OVER $1,500",7/12/2023 13:45,IMPROPER BACKING,NOT APPLICABLE,2451,W,TOUHY AVE,2411,,,,,,,2,NO INDICATION OF INJURY,0,0,0,0,0,1,0,13,4,7,42.01212839,-87.69220233,POINT (-87.692202325901 42.012128386362)
e70613af6594cde6cd14c8d62c86fa51385d8b63991d9e9c6c41620023914ac0167347623e872bdf0504acbe8658f1339f324a7b2132e052f1907deaa443ef6d,JG338554,,7/12/2023 15:30,25,UNKNOWN,UNKNOWN,RAIN,DAYLIGHT,PARKED MOTOR VEHICLE,UNKNOWN,,STRAIGHT AND LEVEL,WET,UNKNOWN,ON SCENE,NO INJURY / DRIVE AWAY,,,Y,"OVER $1,500",7/12/2023 21:22,IMPROPER TURNING/NO SIGNAL,NOT APPLICABLE,7515,S,DREXEL AVE,624,,,,,,,2,NO INDICATION OF INJURY,0,0,0,0,0,1,0,15,4,7,41.75812468,-87.60277877,POINT (-87.602778774131 41.758124680771)
e82c2d163fa88c95c2af8a6c9b8babacaa7fcde00879887ee05f46709a9ba6a7fec229124fad066a673f8b01925d48909bf9ae06643aaf06b11becbd08c492cf,JG337985,,7/12/2023 13:06,30,NO CONTROLS,NO CONTROLS,RAIN,DAYLIGHT,REAR END,DIVIDED - W/MEDIAN (NOT RAISED),,STRAIGHT AND LEVEL,WET,NO DEFECTS,ON SCENE,INJURY AND / OR TOW DUE TO CRASH,,,,"OVER $1,500",7/12/2023 13:07,WEATHER,UNABLE TO DETERMINE,3452,N,ELSTON AVE,1733,,,,,,,4,NO INDICATION OF INJURY,0,0,0,0,0,5,0,13,4,7,41.94395757,-87.70517378,POINT (-87.705173776128 41.943957572697)
e8357a41bccfb4a7a95f4ae7726761506e7dedd39bb355b21196906ee23621d3cacb15efec87a5e289503b334ef5052ce92b60e2cc9e3227d8aa621228591c4d,JG337749,,7/12/2023 9:00,30,TRAFFIC SIGNAL,FUNCTIONING PROPERLY,RAIN,DAYLIGHT,REAR END,NOT DIVIDED,,"CURVE, LEVEL",WET,NO DEFECTS,ON SCENE,INJURY AND / OR TOW DUE TO CRASH,,,,"OVER $1,500",7/12/2023 9:57,EQUIPMENT - VEHICLE CONDITION,FAILING TO REDUCE SPEED TO AVOID CRASH,2200,E,MARQUETTE DR,331,,,,,,,2,NONINCAPACITATING INJURY,1,0,0,1,0,1,0,9,4,7,41.77567903,-87.57171366,POINT (-87.57171366417 41.775679027941)
e921a1a519526462eeb98e2c0ade483833d79b4ee9ffd5fe99954f2c2d6c0bf83643fcca3cc4369549b2365125ed4db7fd31c177d1269c6a09286de7f7ece4c8,JG339178,,7/12/2023 12:00,10,NO CONTROLS,NO CONTROLS,CLEAR,DAYLIGHT,ANGLE,PARKING LOT,,STRAIGHT AND LEVEL,DRY,NO DEFECTS,NOT ON SCENE (DESK REPORT),NO INJURY / DRIVE AWAY,,Y,,"OVER $1,500",7/13/2023 11:50,IMPROPER BACKING,FAILING TO YIELD RIGHT-OF-WAY,1653,N,ORCHARD ST,1813,,,,,,,2,NO INDICATION OF INJURY,0,0,0,0,0,2,0,12,4,7,41.91247294,-87.64575457,POINT (-87.645754572838 41.912472938672)
ebf919e961e0a84e57708948111ca42bc86a9f521cadd2344a1ceee1b313a4991b1c536797fdc764cb7cbcdde15edb98b14b91adf9df8e60583164b9ad032c40,JG337696,,7/12/2023 7:45,30,NO CONTROLS,NO CONTROLS,CLEAR,DAYLIGHT,REAR END,NOT DIVIDED,,STRAIGHT AND LEVEL,DRY,NO DEFECTS,NOT ON SCENE (DESK REPORT),NO INJURY / DRIVE AWAY,,,,"OVER $1,500",7/12/2023 9:07,FOLLOWING TOO CLOSELY,NOT APPLICABLE,4301,S,KEDZIE AVE,922,,,,,,,2,NO INDICATION OF INJURY,0,0,0,0,0,4,0,7,4,7,41.81535908,-87.70411295,POINT (-87.704112950256 41.815359075021)
ec4aeef8849204d12d88f8a6b824b4b98f4514ca12d3bf06313c88d5c02f9e6daa088f256b3156e01d42567fd91cd6bf89afc13d41cf491ae1f19e974d3ee1ab,JG337879,,7/12/2023 10:37,30,NO CONTROLS,NO CONTROLS,RAIN,DAYLIGHT,REAR END,DIVIDED - W/MEDIAN (NOT RAISED),,STRAIGHT AND LEVEL,WET,NO DEFECTS,NOT ON SCENE (DESK REPORT),NO INJURY / DRIVE AWAY,,,,"OVER $1,500",7/12/2023 11:40,FOLLOWING TOO CLOSELY,FAILING TO REDUCE SPEED TO AVOID CRASH,2226,W,DIVISION ST,1424,,,,,,,3,NO INDICATION OF INJURY,0,0,0,0,0,3,0,10,4,7,41.9031953,-87.68329137,POINT (-87.683291373969 41.903195297482)
ec4ef84d0593103ae50c6e9fd14df637d3ddb32675480b5a455d26aac1b5ed43ba773c32b7cf9d934443eb2a224461933c3f3fc643565473764d4e733091d750,JG337826,,7/12/2023 8:00,30,UNKNOWN,UNKNOWN,CLEAR,DAYLIGHT,PARKED MOTOR VEHICLE,NOT DIVIDED,,STRAIGHT AND LEVEL,WET,NO DEFECTS,NOT ON SCENE (DESK REPORT),NO INJURY / DRIVE AWAY,,,,$500 OR LESS,7/12/2023 11:00,UNABLE TO DETERMINE,UNABLE TO DETERMINE,1142,E,64TH ST,314,,,,,,,2,NO INDICATION OF INJURY,0,0,0,0,0,1,0,8,4,7,41.77943158,-87.59744307,POINT (-87.597443071842 41.779431584464)
ede436096e9620319f68d6ca38c6cb3b3ec02504259414fe8861ad18bf97a67c222c49d039a207c053e181b531ad26ee82eb35372f3cf520e1880dc37b0d29e9,JG349149,,7/12/2023 18:35,30,TRAFFIC SIGNAL,FUNCTIONING PROPERLY,CLEAR,DAYLIGHT,REAR END,DIVIDED - W/MEDIAN (NOT RAISED),,STRAIGHT AND LEVEL,DRY,NO DEFECTS,NOT ON SCENE (DESK REPORT),NO INJURY / DRIVE AWAY,,,,"OVER $1,500",7/20/2023 16:40,FOLLOWING TOO CLOSELY,UNABLE TO DETERMINE,3400,N,KIMBALL AVE,1732,,,,,,,2,NO INDICATION OF INJURY,0,0,0,0,0,2,0,18,4,7,41.94246499,-87.71274985,POINT (-87.712749853929 41.942464985128)
ef84256cc5e8f589ab4369e77891c0802904b36937548485daf616fd39787dc1b94554e14b483da76ff37d696c61f0f42adefb35052b6e2bb90ddfdb3f9d6652,JG337854,,7/12/2023 11:00,25,NO CONTROLS,NO CONTROLS,RAIN,DAYLIGHT,PARKED MOTOR VEHICLE,NOT DIVIDED,,STRAIGHT AND LEVEL,WET,NO DEFECTS,ON SCENE,NO INJURY / DRIVE AWAY,,,,"OVER $1,500",7/12/2023 11:10,UNABLE TO DETERMINE,UNABLE TO DETERMINE,99,E,11TH ST,123,,,,,,,3,NO INDICATION OF INJURY,0,0,0,0,0,1,0,11,4,7,41.86919892,-87.62421368,POINT (-87.624213675983 41.869198916069)
eff165884e9978286cbd2b7efff2560bc30c53da47c0211464aee3fe81ef2d0d73544baf5444ff9c4db3b5ae12e48877844bd2963693d6ed9f3a577e6bfa0099,JG347192,Y,7/12/2023 17:20,30,TRAFFIC SIGNAL,FUNCTIONING PROPERLY,UNKNOWN,DAYLIGHT,TURNING,DIVIDED - W/MEDIAN BARRIER,,STRAIGHT ON GRADE,UNKNOWN,NO DEFECTS,NOT ON SCENE (DESK REPORT),NO INJURY / DRIVE AWAY,,,,"$501 - $1,500",7/19/2023 9:25,FAILING TO YIELD RIGHT-OF-WAY,NOT APPLICABLE,500,N,LOWER MICHIGAN AVE,1834,,,,,,,2,NO INDICATION OF INJURY,0,0,0,0,0,2,0,17,4,7,41.89096978,-87.62430764,POINT (-87.624307641776 41.890969780111)
f0cb55d075f85b1f40c268772f9fd6924ee028d024a7d0b8d3b48ce4a368253443d52e5a378b82276ff77a37b55361da3b58f5db8ac36ea5fa20b941bb56a1bf,JG337599,,7/12/2023 6:00,30,NO CONTROLS,NO CONTROLS,CLEAR,"DARKNESS, LIGHTED ROAD",PARKED MOTOR VEHICLE,NOT DIVIDED,,STRAIGHT AND LEVEL,UNKNOWN,NO DEFECTS,NOT ON SCENE (DESK REPORT),NO INJURY / DRIVE AWAY,,,Y,"OVER $1,500",7/12/2023 7:30,UNABLE TO DETERMINE,UNABLE TO DETERMINE,4004,N,MC VICKER AVE,1624,,,,,,,2,NO INDICATION OF INJURY,0,0,0,0,0,1,0,6,4,7,41.95322372,-87.77815398,POINT (-87.778153983601 41.953223723671)
f19655a0630f9818c03c540975997db87ce3300abad21da26a4bb0e3ec20be71b75492d4e436137adabd23d55ddc26af5fc88b1322a8b2ab0946c9358101ec74,JG338113,,7/12/2023 14:00,30,UNKNOWN,UNKNOWN,CLEAR,DAYLIGHT,PARKED MOTOR VEHICLE,NOT DIVIDED,,STRAIGHT AND LEVEL,DRY,UNKNOWN,NOT ON SCENE (DESK REPORT),NO INJURY / DRIVE AWAY,,,Y,"$501 - $1,500",7/12/2023 15:45,UNABLE TO DETERMINE,UNABLE TO DETERMINE,543,W,OAK ST,1823,,,,,,,2,NO INDICATION OF INJURY,0,0,0,0,0,1,0,14,4,7,41.90030756,-87.64283875,POINT (-87.642838753673 41.900307561763)
f1afcd0b1b07fcaf3ea8dedb7a27eb4d0368da060c84c57a64260238ce3df09f66bd36ee2e497c62ce4162d9ab55ff4b8e047834596278ba3fc01b522b2071d9,JG338063,Y,7/12/2023 14:38,30,NO CONTROLS,NO CONTROLS,RAIN,DAYLIGHT,PARKED MOTOR VEHICLE,ONE-WAY,,STRAIGHT AND LEVEL,WET,WORN SURFACE,ON SCENE,NO INJURY / DRIVE AWAY,,,,"OVER $1,500",7/12/2023 14:45,UNABLE TO DETERMINE,UNABLE TO DETERMINE,5644,N,CAMPBELL AVE,2011,Y,,,,,,2,NO INDICATION OF INJURY,0,0,0,0,0,1,0,14,4,7,41.98448823,-87.69206228,POINT (-87.692062280954 41.984488232035)
f2b99ade2ac0d613e7ed793f362dec8b4719318788742f93e2282c920755f6e540c1ca05a716a37f7408076642f74b93d35f340ffd11e493cf170a6b1b07edbb,JG338372,,7/12/2023 17:30,30,TRAFFIC SIGNAL,FUNCTIONING PROPERLY,UNKNOWN,UNKNOWN,REAR END,NOT DIVIDED,,STRAIGHT AND LEVEL,UNKNOWN,UNKNOWN,NOT ON SCENE (DESK REPORT),INJURY AND / OR TOW DUE TO CRASH,,,,"$501 - $1,500",7/12/2023 18:25,UNABLE TO DETERMINE,NOT APPLICABLE,5601,S,KEDZIE AVE,824,,,,,,,2,"REPORTED, NOT EVIDENT",1,0,0,0,1,1,0,17,4,7,41.79160987,-87.7033556,POINT (-87.703355598231 41.791609871969)
f38700440827e5c952f7ff80345c0a2e7d3e3b30b1243befe0ae3fe656c52271b1400d95268703c567a2b6b43b45d61900c27d4d89a120c751979664d2cecd2d,JG338165,,7/12/2023 14:30,30,NO CONTROLS,NO CONTROLS,UNKNOWN,DAYLIGHT,PARKED MOTOR VEHICLE,NOT DIVIDED,,STRAIGHT AND LEVEL,UNKNOWN,NO DEFECTS,ON SCENE,NO INJURY / DRIVE AWAY,,,Y,"OVER $1,500",7/12/2023 15:36,UNABLE TO DETERMINE,UNABLE TO DETERMINE,115,W,126TH PL,523,,,,,,,2,NO INDICATION OF INJURY,0,0,0,0,0,1,0,14,4,7,41.66432788,-87.62485977,POINT (-87.624859766773 41.664327882906)
f3f468daa4f14a33ec6acc971da20c4c8620c3554e14a7506b1d14c1887d158bafdf1d44959bac6572d5e3d35dd9846ec2ba365c3edaaae386ca29d3c1fda592,JG337654,,7/12/2023 8:13,30,NO CONTROLS,NO CONTROLS,CLEAR,DAYLIGHT,ANGLE,ONE-WAY,,STRAIGHT AND LEVEL,WET,NO DEFECTS,ON SCENE,INJURY AND / OR TOW DUE TO CRASH,,,,"OVER $1,500",7/12/2023 8:20,UNABLE TO DETERMINE,UNABLE TO DETERMINE,5048,S,KOLIN AVE,815,,,,,,,2,NO INDICATION OF INJURY,0,0,0,0,0,3,0,8,4,7,41.80084059,-87.73210084,POINT (-87.732100837143 41.800840589753)
f4a19f44280c229cc88bac9d580cd7439c0a81d6a0f4f178b5d3c6850893161116fcae58de6fb9822d7070eb3b4965bb94cf4a0da43234dcadb162b14ca66a53,JG338231,,7/12/2023 14:00,30,UNKNOWN,UNKNOWN,UNKNOWN,UNKNOWN,PARKED MOTOR VEHICLE,UNKNOWN,,STRAIGHT AND LEVEL,UNKNOWN,UNKNOWN,NOT ON SCENE (DESK REPORT),NO INJURY / DRIVE AWAY,,,Y,"OVER $1,500",7/12/2023 16:55,UNABLE TO DETERMINE,NOT APPLICABLE,6104,N,NEVA AVE,1612,,,,,,,2,NO INDICATION OF INJURY,0,0,0,0,0,1,0,14,4,7,41.99251172,-87.80577735,POINT (-87.805777349347 41.992511717047)
f5aae8ca704332f9634f5e91f850d243d24e136c137de423d5851ce5e47499cce91be3113707a57c4eecb815c3a58fc8770dc5632ca25bd3f0c071b6b5a24e94,JG337904,,7/12/2023 11:35,3,STOP SIGN/FLASHER,FUNCTIONING PROPERLY,RAIN,DAYLIGHT,ANGLE,NOT REPORTED,,STRAIGHT AND LEVEL,WET,NO DEFECTS,ON SCENE,INJURY AND / OR TOW DUE TO CRASH,Y,,,"OVER $1,500",7/12/2023 11:40,FAILING TO YIELD RIGHT-OF-WAY,FAILING TO YIELD RIGHT-OF-WAY,4400,S,INDIANA AVE,215,,,,,,,2,"REPORTED, NOT EVIDENT",1,0,0,0,1,1,0,11,4,7,41.81466863,-87.62150353,POINT (-87.621503530892 41.81466862942)
f5aebc1a8e0ace4eaf1ac1a35203cda7b7bdd7d7926bdf0785b155fd94afdb2f10aede561daa139a02c37b6e154d996aaeabd6622c753182bdea67a95984f35c,,,7/26/2023 10:53,30,TRAFFIC SIGNAL,FUNCTIONING PROPERLY,RAIN,DAYLIGHT,PEDESTRIAN,FOUR WAY,,STRAIGHT AND LEVEL,WET,NO DEFECTS,,INJURY AND / OR TOW DUE TO CRASH,Y,,N,$500 OR LESS,7/26/2023 10:53,FAILING TO YIELD RIGHT-OF-WAY,NOT APPLICABLE,200,W,103RD ST,511,,,,,,,3,NONINCAPACITATING INJURY,2,0,0,2,0,1,0,10,4,7,41.70721036,-87.62835881,POINT (-87.628358811514 41.707210358473)
f6127225785c43d5cceb0a7d46ea222f095c5df80118a708d4b1f79e9db700cb06669bd2c0b4e507bd7f303b0d0fe788065cc84541971abea75f4fead78235f0,JG338635,,7/12/2023 22:15,30,TRAFFIC SIGNAL,FUNCTIONING PROPERLY,RAIN,"DARKNESS, LIGHTED ROAD",TURNING,NOT DIVIDED,,STRAIGHT AND LEVEL,WET,NO DEFECTS,NOT ON SCENE (DESK REPORT),INJURY AND / OR TOW DUE TO CRASH,,,,"OVER $1,500",7/12/2023 23:15,UNABLE TO DETERMINE,UNABLE TO DETERMINE,5100,S,COTTAGE GROVE AVE,233,,,,,,,2,"REPORTED, NOT EVIDENT",3,0,0,0,3,2,0,22,4,7,41.80222063,-87.60655293,POINT (-87.606552929969 41.802220633425)
f64fb679f72faf41858ae1ef2088f8e7fac3cf74309bba573a320299c1051d4370f19990b41e321880654298831fc0d1275b1d9be75df543e4844f0b8db85d9f,JG338358,,7/12/2023 13:40,30,STOP SIGN/FLASHER,FUNCTIONING PROPERLY,RAIN,DAYLIGHT,ANGLE,FOUR WAY,,STRAIGHT AND LEVEL,WET,UNKNOWN,NOT ON SCENE (DESK REPORT),NO INJURY / DRIVE AWAY,Y,,,"OVER $1,500",7/12/2023 17:45,UNABLE TO DETERMINE,NOT APPLICABLE,3701,W,16TH ST,1014,,,,,,,2,NO INDICATION OF INJURY,0,0,0,0,0,2,0,13,4,7,41.85883568,-87.71772087,POINT (-87.717720864539 41.858835677774)
f656aa0528be92c120b5da222ad51c4a17c502842e717c93fd51a6dbdebac7e3fac93f6f66e31958a9900bd6066c619d79ab0b2e70856ededb3ffc79b13918f7,JG342397,,7/12/2023 18:30,25,NO CONTROLS,NO CONTROLS,UNKNOWN,UNKNOWN,PARKED MOTOR VEHICLE,ONE-WAY,,STRAIGHT AND LEVEL,UNKNOWN,UNKNOWN,NOT ON SCENE (DESK REPORT),NO INJURY / DRIVE AWAY,,,,"OVER $1,500",7/15/2023 17:30,UNABLE TO DETERMINE,UNABLE TO DETERMINE,3612,N,ST LOUIS AVE,1732,,,,,,,2,NO INDICATION OF INJURY,0,0,0,0,0,1,0,18,4,7,41.94695818,-87.71532486,POINT (-87.715324859541 41.946958180108)
f65d15ece8431490d29d8394c607cae688152044e3ffda4f0c1e37000a8d7d1663eb1c22fef2dd7942f9e9fd4510c60d54b0f2c10c1eaee814b87144e0855da7,JG337829,,7/12/2023 11:00,30,NO CONTROLS,NO CONTROLS,RAIN,DAYLIGHT,SIDESWIPE SAME DIRECTION,NOT DIVIDED,,STRAIGHT AND LEVEL,WET,NO DEFECTS,NOT ON SCENE (DESK REPORT),NO INJURY / DRIVE AWAY,,,,"OVER $1,500",7/12/2023 11:10,UNABLE TO DETERMINE,UNABLE TO DETERMINE,1415,W,IRVING PARK RD,1922,,,,,,,2,NO INDICATION OF INJURY,0,0,0,0,0,2,0,11,4,7,41.95423658,-87.66486474,POINT (-87.664864740172 41.954236577655)
f6b93881d422eaefa4aa6d48e7e689f2f07d521f6eb3ec5895014840227b8997e19df62ab6f92a94a531308028e24202563ef4b9e96513bf5144b3cb87cc4c36,JG337794,,7/12/2023 9:30,30,NO CONTROLS,NO CONTROLS,UNKNOWN,UNKNOWN,PARKED MOTOR VEHICLE,ONE-WAY,,STRAIGHT AND LEVEL,UNKNOWN,UNKNOWN,NOT ON SCENE (DESK REPORT),NO INJURY / DRIVE AWAY,,,Y,"OVER $1,500",7/12/2023 10:45,UNABLE TO DETERMINE,NOT APPLICABLE,5643,S,WOLCOTT AVE,715,,,,,,,2,NO INDICATION OF INJURY,0,0,0,0,0,1,0,9,4,7,41.79084766,-87.67163721,POINT (-87.671637214493 41.790847661747)
f6d667a2ceb97ace2847387b55a9f5d8b95918574b55e2f29b7495dcb243b10d6b1c3f59b4682f9540dfee00a3ec5a6f35c2c2415b2a5a0858961fb1f6b9d8f6,JG338130,,7/12/2023 15:00,30,TRAFFIC SIGNAL,FUNCTIONING PROPERLY,RAIN,DAYLIGHT,REAR END,ONE-WAY,,STRAIGHT AND LEVEL,WET,NO DEFECTS,ON SCENE,INJURY AND / OR TOW DUE TO CRASH,N,,,"OVER $1,500",7/12/2023 15:46,UNABLE TO DETERMINE,UNABLE TO DETERMINE,220,W,47TH ST,925,,,,,,,3,NONINCAPACITATING INJURY,2,0,0,2,0,5,0,15,4,7,41.80923716,-87.6318671,POINT (-87.631867098157 41.809237163628)
f659e8404a2a5fede420dbcdfac9f635d0a7163cd918156f9e14e7442fa3c833fb8d4c8bcf26185ed0ccf5d7c0147a58dc405dafe07df3c12f8b443b448019b9,JC557191,Y,12/23/2019 2:00,30,NO CONTROLS,UNKNOWN,CLEAR,DARKNESS,PARKED MOTOR VEHICLE,ALLEY,,STRAIGHT AND LEVEL,DRY,UNKNOWN,,NO INJURY / DRIVE AWAY,,,Y,"$501 - $1,500",12/23/2019 2:30,UNABLE TO DETERMINE,NOT APPLICABLE,6720,S,MICHIGAN AVE,322,,,,,,,2,NO INDICATION OF INJURY,0,0,0,0,0,1,0,2,2,12,41.77219359,-87.62201963,POINT (-87.622019628169 41.772193593065)
f8bf7da387c7e7dd39e210933674bf29ab37e1478476aa97c4388a8080c5e9aedf37c1d13276617b1e2c94fb87f16af4f7d4bf86212e5504322a7641b165d592,JG338480,,7/12/2023 18:00,30,NO CONTROLS,NOT FUNCTIONING,RAIN,DAWN,SIDESWIPE SAME DIRECTION,NOT DIVIDED,,STRAIGHT AND LEVEL,WET,NO DEFECTS,NOT ON SCENE (DESK REPORT),NO INJURY / DRIVE AWAY,,,,"$501 - $1,500",7/12/2023 20:00,UNABLE TO DETERMINE,UNABLE TO DETERMINE,7237,N,OLEANDER AVE,1611,,,,,,,2,NO INDICATION OF INJURY,0,0,0,0,0,2,0,18,4,7,42.01259147,-87.81501068,POINT (-87.815010682138 42.012591465069)
fa76b04771dbcb45c645853f116c881e41be72edd79d1b18fc7f6d1d51cc34d45d2f7d5d6601ac1453ef06a4c9c591e3a6b4981a48465822887a3e8edc1be5bb,JG338621,,7/12/2023 21:49,30,UNKNOWN,UNKNOWN,CLEAR,DAYLIGHT,ANGLE,FOUR WAY,,STRAIGHT AND LEVEL,DRY,UNKNOWN,ON SCENE,INJURY AND / OR TOW DUE TO CRASH,Y,,,"OVER $1,500",7/12/2023 22:20,DISREGARDING TRAFFIC SIGNALS,DISREGARDING TRAFFIC SIGNALS,5459,S,WELLS ST,935,,,,,,,2,NO INDICATION OF INJURY,0,0,0,0,0,2,0,21,4,7,41.79456101,-87.63163511,POINT (-87.631635111252 41.794561005835)