CRASH_RECORD_ID,RD_NO,CRASH_DATE_EST_I,CRASH_DATE,POSTED_SPEED_LIMIT,TRAFFIC_CONTROL_DEVICE,DEVICE_CONDITION,WEATHER_CONDITION,LIGHTING_CONDITION,FIRST_CRASH_TYPE,TRAFFICWAY_TYPE,LANE_CNT,ALIGNMENT,ROADWAY_SURFACE_COND,ROAD_DEFECT,REPORT_TYPE,CRASH_TYPE,INTERSECTION_RELATED_I,NOT_RIGHT_OF_WAY_I,HIT_AND_RUN_I,DAMAGE,DATE_POLICE_NOTIFIED,PRIM_CONTRIBUTORY_CAUSE,SEC_CONTRIBUTORY_CAUSE,STREET_NO,STREET_DIRECTION,STREET_NAME,BEAT_OF_OCCURRENCE,PHOTOS_TAKEN_I,STATEMENTS_TAKEN_I,DOORING_I,WORK_ZONE_I,WORK_ZONE_TYPE,WORKERS_PRESENT_I,NUM_UNITS,MOST_SEVERE_INJURY,INJURIES_TOTAL,INJURIES_FATAL,INJURIES_INCAPACITATING,INJURIES_NON_INCAPACITATING,INJURIES_REPORTED_NOT_EVIDENT,INJURIES_NO_INDICATION,INJURIES_UNKNOWN,CRASH_HOUR,CRASH_DAY_OF_WEEK,CRASH_MONTH,LATITUDE,LONGITUDE,LOCATION
faae9bd87911414c0a4845544537204bd1d48361703206fb724458395e4df0b77f86dda02b78a4c58e4df9ffe8e755126a9508132f64b7d0bdebb020e45da549,JG338956,,7/12/2023 20:15,30,UNKNOWN,UNKNOWN,UNKNOWN,UNKNOWN,PEDALCYCLIST,UNKNOWN INTERSECTION TYPE,,STRAIGHT AND LEVEL,UNKNOWN,UNKNOWN,NOT ON SCENE (DESK REPORT),NO INJURY / DRIVE AWAY,,,,"OVER $1,500",7/13/2023 8:45,UNABLE TO DETERMINE,NOT APPLICABLE,3300,N,BROADWAY,1925,,,,,,,2,NO INDICATION OF INJURY,0,0,0,0,0,2,0,20,4,7,41.94188302,-87.644605,POINT (-87.644605003003 41.941883022027)
fade3265a2b13efef43c6481a25879a0c537ea77849e640ded6c7b1df80e35c28726a9766651e19589c4f11c256952c05c36ce5bcb8b85f82c3b7de79cb035ba,JG340600,,7/12/2023 15:00,45,NO CONTROLS,NO CONTROLS,CLEAR,DAYLIGHT,SIDESWIPE SAME DIRECTION,DIVIDED - W/MEDIAN (NOT RAISED),,STRAIGHT AND LEVEL,DRY,NO DEFECTS,NOT ON SCENE (DESK REPORT),NO INJURY / DRIVE AWAY,,,,"OVER $1,500",7/14/2023 11:50,UNABLE TO DETERMINE,UNABLE TO DETERMINE,1600,N,LAKE SHORE DR NB,1814,,,,,,,2,NO INDICATION OF INJURY,0,0,0,0,0,2,0,15,4,7,41.91185695,-87.62616952,POINT (-87.626169523312 41.911856952541)
fc79b3d20c6ba2cdb1b9e51a0e26c03443a2c05a8102cf3e4411242ab41e34ed8955a5079b6b3802d7ebccedf98df3d3a55345f4c8303d1c394e465178e11141,JF330155,,7/24/2022 19:05,25,TRAFFIC SIGNAL,FUNCTIONING IMPROPERLY,CLEAR,DUSK,REAR END,NOT DIVIDED,,STRAIGHT AND LEVEL,DRY,UNKNOWN,NOT ON SCENE (DESK REPORT),NO INJURY / DRIVE AWAY,,,Y,"OVER $1,500",7/24/2022 22:15,UNABLE TO DETERMINE,UNABLE TO DETERMINE,1606,N,THROOP ST,1433,,,,,,,2,NO INDICATION OF INJURY,0,0,0,0,0,2,0,19,1,7,41.91097468,-87.66132072,POINT (-87.66132071461 41.9109746818)
fc7d21a16dae3f8ab019067814d3ad0965351b34983e216f20580397373086b1d578ef934ed09520f2a41302ce399e0e9b30f80c9404f1fa2c0041b1aa0eca26,JG338238,,7/12/2023 14:20,30,TRAFFIC SIGNAL,UNKNOWN,RAIN,DAYLIGHT,TURNING,T-INTERSECTION,,STRAIGHT AND LEVEL,WET,UNKNOWN,ON SCENE,NO INJURY / DRIVE AWAY,,,,"OVER $1,500",7/12/2023 14:22,FAILING TO YIELD RIGHT-OF-WAY,FAILING TO YIELD RIGHT-OF-WAY,3400,W,BALMORAL AVE,1712,,,,,,,2,NO INDICATION OF INJURY,0,0,0,0,0,2,0,14,4,7,41.97946576,-87.71369923,POINT (-87.713699224984 41.979465763373)
fcb1e013bf5f9f08fb0e7739cbdd00a663eb737c9489a560f1dfc84a28ecfd4ecd131a0b289b22fa66c6c0b095b60a79ee30d086bd61847910951b24c74b3f92,JG337906,,7/12/2023 12:08,25,TRAFFIC SIGNAL,FUNCTIONING PROPERLY,RAIN,DUSK,REAR END,NOT DIVIDED,,STRAIGHT AND LEVEL,WET,UNKNOWN,ON SCENE,NO INJURY / DRIVE AWAY,,,,"OVER $1,500",7/12/2023 12:08,UNABLE TO DETERMINE,UNABLE TO DETERMINE,3123,S,CALIFORNIA AVE,1034,,,,,,,3,NO INDICATION OF INJURY,0,0,0,0,0,6,0,12,4,7,41.83637974,-87.69485357,POINT (-87.694853566913 41.836379740788)
fd047085377833ea1821e7c2262c5da6e5eb76cccc56a17e079ffc5ddf36b847fce6c67d82afd16ce14731b50a4ed0685d05e7b32a8e50709a524bce5110ca9f,JG338003,,7/12/2023 12:55,35,NO CONTROLS,NO CONTROLS,RAIN,DAYLIGHT,REAR END,NOT DIVIDED,,STRAIGHT AND LEVEL,WET,NO DEFECTS,NOT ON SCENE (DESK REPORT),NO INJURY / DRIVE AWAY,Y,,,"OVER $1,500",7/12/2023 13:45,UNABLE TO DETERMINE,NOT APPLICABLE,1227,N,PULASKI RD,2535,,,,,,,2,NO INDICATION OF INJURY,0,0,0,0,0,2,0,12,4,7,41.90353753,-87.72617864,POINT (-87.726178638246 41.90353753002)
ff9567ab387eb586775a7c8ac4b2e906c93376f6c7c9ec7e0a0cc6ea2caae37f56b7a17b5e267c2b3f635dcb2dfb354d1d94eebc6460ba3eed98c2644752b9c8,JG339174,,7/12/2023 14:10,25,NO CONTROLS,NO CONTROLS,RAIN,DAYLIGHT,PARKED MOTOR VEHICLE,ONE-WAY,,STRAIGHT AND LEVEL,WET,NO DEFECTS,NOT ON SCENE (DESK REPORT),NO INJURY / DRIVE AWAY,,,Y,"OVER $1,500",7/13/2023 11:45,IMPROPER BACKING,NOT APPLICABLE,5231,W,CONGRESS PKWY,1522,,,,,,,2,NO INDICATION OF INJURY,0,0,0,0,0,1,0,14,4,7,41.87381968,-87.75609907,POINT (-87.756099071598 41.873819677641)
b3c2e6ddeb29b6b1cbad5bfe032a287069eb7b4886a32a4865d0b2c6f4a2e0b871cd5c49079f10b7223ac0ab1324506b2a0a3afc96f816d2aaa672d1ebbf65ad,JC364496,N,7/25/2019 16:00,30,STOP SIGN/FLASHER,FUNCTIONING PROPERLY,CLEAR,DAYLIGHT,REAR END,ONE-WAY,,STRAIGHT AND LEVEL,DRY,NO DEFECTS,,INJURY AND / OR TOW DUE TO CRASH,,,Y,"OVER $1,500",7/25/2019 19:08,UNABLE TO DETERMINE,NOT APPLICABLE,449,E,62ND ST,313,,,,,,,2,NONINCAPACITATING INJURY,2,0,0,2,0,1,0,16,5,7,41.78198374,-87.61372184,POINT (-87.613721836806 41.781983738823)
b43f8b30644924cf044ea7c66fde2dc97a97fd937dbcc706e7ef57872816c985d56ccbddd18549e595adc7a8ee6e646a2575c8f8107d28216a54e0bf2ea3a16f,JG291347,Y,6/7/2023 0:30,35,NO CONTROLS,NO CONTROLS,CLEAR,UNKNOWN,PARKED MOTOR VEHICLE,NOT DIVIDED,,STRAIGHT AND LEVEL,DRY,UNKNOWN,,NO INJURY / DRIVE AWAY,,,Y,"OVER $1,500",6/7/2023 6:39,UNABLE TO DETERMINE,UNABLE TO DETERMINE,1158,N,CROSBY ST,1822,,Y,,,,,3,NO INDICATION OF INJURY,0,0,0,0,0,1,0,0,4,6,41.90279522,-87.64609631,POINT (-87.646096310369 41.902795219814)
d5b2c22bc2a08a123f52eefc332d977b3a7721ac0bb8501ee047873dc96d768821369494ca3b179c2141a05a0395afb8deebaf4ea107171bddd7ed41313a3edf,,,7/24/2023 4:35,10,NO CONTROLS,NO CONTROLS,CLEAR,"DARKNESS, LIGHTED ROAD",SIDESWIPE SAME DIRECTION,ONE-WAY,,STRAIGHT AND LEVEL,DRY,UNKNOWN,ON SCENE,NO INJURY / DRIVE AWAY,,,,"OVER $1,500",7/24/2023 4:40,UNABLE TO DETERMINE,NOT APPLICABLE,5,W,TERMINAL ST,1655,,,,,,,2,NO INDICATION OF INJURY,0,0,0,0,0,2,0,4,2,7,,,
cec83609beb15b78a372b008b5a9ea2ed21a32a1fa7589832b936c8c3fcb9dc848a49cd7d4d8974eedcbe61dabc1c46956854eb7d1c8e58608b4360d18742d74,,,7/26/2023 11:30,30,NO CONTROLS,NO CONTROLS,CLOUDY/OVERCAST,DAYLIGHT,PARKED MOTOR VEHICLE,ONE-WAY,,STRAIGHT AND LEVEL,DRY,NO DEFECTS,NOT ON SCENE (DESK REPORT),INJURY AND / OR TOW DUE TO CRASH,,,,"OVER $1,500",7/27/2023 22:00,DISTRACTION - FROM OUTSIDE VEHICLE,NOT APPLICABLE,7121,S,OAKLEY AVE,832,,,,,,,3,NO INDICATION OF INJURY,0,0,0,0,0,1,0,11,4,7,41.76407961,-87.68053004,POINT (-87.680530042099 41.764079613905)
811854d2df501fe017ebbc07c773bec23a9ee1e7e184e277fc15270e0159bb901c2f37281da4bb49ed9882ca6ddb4d98c86c9a5316272b758d6cac0bdc2fa57c,,,7/26/2023 9:00,30,TRAFFIC SIGNAL,FUNCTIONING PROPERLY,RAIN,DAYLIGHT,SIDESWIPE SAME DIRECTION,"FIVE POINT, OR MORE",,STRAIGHT AND LEVEL,WET,NO DEFECTS,ON SCENE,NO INJURY / DRIVE AWAY,Y,,,"OVER $1,500",7/26/2023 11:33,UNABLE TO DETERMINE,NOT APPLICABLE,408,E,MARQUETTE RD,312,,,,,,,2,NO INDICATION OF INJURY,0,0,0,0,0,4,0,9,4,7,41.77308468,-87.61506163,POINT (-87.615061633813 41.773084675487)
3e546ee865ad691cc7ec267a75ee6f2a97c412633b816658b91e35ffed91608efbf9d2203032f556a3c3b03cf6f9259e552e2ce5e781eb36744f469f51400b47,,,7/26/2023 4:50,30,NO CONTROLS,NO CONTROLS,CLEAR,"DARKNESS, LIGHTED ROAD",FIXED OBJECT,NOT DIVIDED,,STRAIGHT AND LEVEL,DRY,NO DEFECTS,ON SCENE,INJURY AND / OR TOW DUE TO CRASH,,,Y,"OVER $1,500",7/26/2023 4:50,UNABLE TO DETERMINE,UNABLE TO DETERMINE,7900,S,MARQUETTE AVE,422,,,,,,,1,NO INDICATION OF INJURY,0,0,0,0,0,1,0,4,4,7,41.75173733,-87.55910445,POINT (-87.559104451328 41.751737324795)
040e8b92cf9631a78e2f84dfe2e62ce2b51e2d2e9c09f91ca715c523aea051496c2bec72158e20b881a9158df2daec72dd5af34d2e0b90f84b7c060e39c2fe72,,,7/21/2023 19:07,30,NO CONTROLS,NO CONTROLS,CLEAR,DAYLIGHT,REAR END,NOT DIVIDED,,STRAIGHT AND LEVEL,DRY,UNKNOWN,NOT ON SCENE (DESK REPORT),NO INJURY / DRIVE AWAY,,,,"$501 - $1,500",7/27/2023 11:00,FOLLOWING TOO CLOSELY,UNABLE TO DETERMINE,709,W,MONTROSE AVE,1915,,,,,,,2,NO INDICATION OF INJURY,0,0,0,0,0,2,0,19,6,7,41.96176451,-87.64795746,POINT (-87.647957458831 41.961764505135)
acb5b15c327b228e03123b953242452a1762b8487c96a13ebda537d39b43ebf783589c8e70ac5f63c8c7cea5723779e01146f928af6a90f3f0d9c1f3aafcb36b,,,7/27/2023 16:22,30,NO CONTROLS,NO CONTROLS,CLEAR,DAYLIGHT,REAR END,NOT DIVIDED,,STRAIGHT AND LEVEL,DRY,NO DEFECTS,NOT ON SCENE (DESK REPORT),NO INJURY / DRIVE AWAY,Y,,,"OVER $1,500",7/27/2023 16:35,DRIVING SKILLS/KNOWLEDGE/EXPERIENCE,UNABLE TO DETERMINE,930,E,83RD ST,631,,,,,,,2,NO INDICATION OF INJURY,0,0,0,0,0,2,0,16,5,7,41.74412703,-87.60142746,POINT (-87.601427460452 41.744127028819)
e60f09bd809e13e56d496317c74970612a8be76730144625331c17f2f5076d837aa8f2aedc9f4ec3912965f491fbb38a131fa88756464ad33d77f3e30c842a1c,,,7/27/2023 12:45,30,NO CONTROLS,NO CONTROLS,CLEAR,DAYLIGHT,PARKED MOTOR VEHICLE,DIVIDED - W/MEDIAN BARRIER,,STRAIGHT AND LEVEL,DRY,NO DEFECTS,NOT ON SCENE (DESK REPORT),NO INJURY / DRIVE AWAY,,,Y,"OVER $1,500",7/27/2023 13:35,FOLLOWING TOO CLOSELY,FAILING TO REDUCE SPEED TO AVOID CRASH,3521,S,ARCHER AVE,912,,,,,,,2,NO INDICATION OF INJURY,0,0,0,0,0,2,0,12,5,7,41.82998515,-87.67808894,POINT (-87.678088938587 41.829985147073)
c25f9a119c12a85018af65d9a21fb010b2c8f8a1b51439cb618bac4b77b52ca109b92e98e5af1a662799a416f2919c0f501c254ebaffc77d439705844d9a09b4,,,7/27/2023 7:20,20,NO CONTROLS,NO CONTROLS,CLEAR,DAYLIGHT,SIDESWIPE SAME DIRECTION,ONE-WAY,,STRAIGHT AND LEVEL,DRY,NO DEFECTS,NOT ON SCENE (DESK REPORT),NO INJURY / DRIVE AWAY,,,,"OVER $1,500",7/27/2023 7:55,FAILING TO YIELD RIGHT-OF-WAY,NOT APPLICABLE,2052,W,SHAKESPEARE AVE,1432,,,,,,,2,NO INDICATION OF INJURY,0,0,0,0,0,2,0,7,5,7,41.92087469,-87.67978402,POINT (-87.679784016803 41.920874686099)
69f2bd2bda2d603571d0a5dd2848e2a24f94d4de2c1d139cbfe90243c590e7c68e3611ef34bfb48126bd42300a4644f43e0b6a1ca96a45ccf0d7c4b468a370a3,,,7/25/2023 16:00,30,UNKNOWN,UNKNOWN,UNKNOWN,UNKNOWN,SIDESWIPE SAME DIRECTION,NOT DIVIDED,,STRAIGHT AND LEVEL,UNKNOWN,UNKNOWN,NOT ON SCENE (DESK REPORT),NO INJURY / DRIVE AWAY,,,Y,"OVER $1,500",7/26/2023 16:30,UNABLE TO DETERMINE,NOT APPLICABLE,2,E,63RD ST,311,,,,,,,2,NO INDICATION OF INJURY,0,0,0,0,0,2,0,16,3,7,41.78016863,-87.62529227,POINT (-87.625292267357 41.780168630918)
2b2da5a00207efcf6e2239af8719414ce8e42fdca6af069c4abd944007a030b5d8d643f7986813e3dce6881ceb87f87206930a37c1dce39dcad633551a05ccd6,,,7/27/2023 7:45,30,NO CONTROLS,NO CONTROLS,CLEAR,DAYLIGHT,REAR END,NOT DIVIDED,,STRAIGHT AND LEVEL,DRY,NO DEFECTS,NOT ON SCENE (DESK REPORT),NO INJURY / DRIVE AWAY,,,Y,"OVER $1,500",7/27/2023 11:23,FOLLOWING TOO CLOSELY,FOLLOWING TOO CLOSELY,5151,W,CHICAGO AVE,1531,,,,,,,4,NO INDICATION OF INJURY,0,0,0,0,0,4,0,7,5,7,41.89483421,-87.75522257,POINT (-87.755222564892 41.894834205778)
2551dfb1dd8f7c1b243527ba2f563023f113dbe94ab701e4c7fcf9e3653a8623dac4a273e21fe7030b97814270ebb08c70b76c7cb1dc5c6f474efddd961fd16f,,,7/27/2023 17:55,35,NO CONTROLS,NO CONTROLS,CLEAR,DAYLIGHT,REAR TO SIDE,ALLEY,,STRAIGHT AND LEVEL,DRY,NO DEFECTS,NOT ON SCENE (DESK REPORT),NO INJURY / DRIVE AWAY,,,,"OVER $1,500",7/27/2023 19:35,FAILING TO YIELD RIGHT-OF-WAY,UNABLE TO DETERMINE,2823,S,TRUMBULL AVE,1032,,,,,,,2,NO INDICATION OF INJURY,0,0,0,0,0,2,0,17,5,7,41.84006518,-87.71086308,POINT (-87.710863074731 41.840065181821)
29132c99f3c6f277e76e11e2bc7be05f158bf982985b723a56dd7a8c1187091e6a96f80e4e7fff05611fbf834c2b17066cc7d69bd72e8b49149d34f5641c5385,,,7/27/2023 18:39,30,NO CONTROLS,NO CONTROLS,CLEAR,DAYLIGHT,REAR TO FRONT,DIVIDED - W/MEDIAN BARRIER,,STRAIGHT AND LEVEL,DRY,NO DEFECTS,NOT ON SCENE (DESK REPORT),NO INJURY / DRIVE AWAY,,,,"$501 - $1,500",7/27/2023 18:39,IMPROPER BACKING,UNABLE TO DETERMINE,5228,S,LAKE PARK AVE,234,,,,,,,2,NO INDICATION OF INJURY,0,0,0,0,0,2,0,18,5,7,41.8001784,-87.58751619,POINT (-87.587516187718 41.800178398404)
8dae21cb1391ca31c8e7a8eacaf567d9aa9db0fb92558cae655486bb9572f3b9fd306ba4fe9169db8ea8043428e6128a769006b69305972d60f17f959ab45d3c,,,7/27/2023 8:30,30,TRAFFIC SIGNAL,FUNCTIONING PROPERLY,CLEAR,DAYLIGHT,TURNING,FOUR WAY,,STRAIGHT AND LEVEL,DRY,NO DEFECTS,ON SCENE,INJURY AND / OR TOW DUE TO CRASH,Y,,,"OVER $1,500",7/27/2023 8:31,UNABLE TO DETERMINE,UNABLE TO DETERMINE,4801,W,MONTROSE AVE,1624,,,,,,,3,NO INDICATION OF INJURY,0,0,0,0,0,3,0,8,5,7,41.96061186,-87.7475936,POINT (-87.747593601704 41.96061186437)
f282ebc6530ff4d5e6cce02762410cb8df64912834ed005308596f02c2c301ec39717f954c4101b6da38484551dc2fce424509b680f9a403d91ca2224c91d007,,,7/27/2023 16:07,30,NO CONTROLS,NO CONTROLS,CLEAR,DAWN,PARKED MOTOR VEHICLE,ONE-WAY,,STRAIGHT AND LEVEL,DRY,NO DEFECTS,ON SCENE,NO INJURY / DRIVE AWAY,,,,"OVER $1,500",7/27/2023 16:07,UNABLE TO DETERMINE,UNABLE TO DETERMINE,2409,N,GENEVA TER,1935,,,,,,,2,NO INDICATION OF INJURY,0,0,0,0,0,1,0,16,5,7,41.92583183,-87.64381655,POINT (-87.643816550475 41.92583183059)
46ebc3072251d6f07307b5a016503c21a42f2531ceea4567b7341a77bd26bae946bb3f50dab18e45cd5a5ebc70b7dafd826d3cb03d883edbe586f4ee77da1ccd,,,7/27/2023 14:00,30,UNKNOWN,UNKNOWN,CLEAR,DAYLIGHT,FIXED OBJECT,ONE-WAY,,STRAIGHT AND LEVEL,DRY,UNKNOWN,NOT ON SCENE (DESK REPORT),INJURY AND / OR TOW DUE TO CRASH,,,,"OVER $1,500",7/27/2023 15:45,UNABLE TO DETERMINE,UNABLE TO DETERMINE,421,S,WABASH AVE,113,,,,,,,1,NO INDICATION OF INJURY,0,0,0,0,0,1,0,14,5,7,41.87644767,-87.62589774,POINT (-87.625897744319 41.876447666312)
149da996157d481d5b676e313d5832d9a1c697230121c83e98bf9fb2954a818b4c9e48d35005cb5371717de196e3a080fbffea8314797818f9d634542df2c007,,,7/27/2023 23:00,30,NO CONTROLS,FUNCTIONING PROPERLY,CLEAR,DARKNESS,SIDESWIPE SAME DIRECTION,NOT DIVIDED,,STRAIGHT AND LEVEL,DRY,UNKNOWN,NOT ON SCENE (DESK REPORT),NO INJURY / DRIVE AWAY,Y,,Y,"OVER $1,500",7/27/2023 23:30,UNABLE TO DETERMINE,NOT APPLICABLE,5101,S,HYDE PARK BLVD,234,,,,,,,2,NO INDICATION OF INJURY,0,0,0,0,0,3,0,23,5,7,41.80244043,-87.58477857,POINT (-87.58477857382 41.802440426009)
61ff0e271c1fb6605b48ce3baad4b015a23e73f08a92e54cb686edc2a2f83b4a6f392fef48d8acb751049eeb8e2a8fd725e06d1b15fe62da0f5323bcaeb6f7f4,,,7/26/2023 10:04,30,NO CONTROLS,NO CONTROLS,RAIN,DAYLIGHT,PEDALCYCLIST,T-INTERSECTION,,STRAIGHT AND LEVEL,WET,NO DEFECTS,ON SCENE,INJURY AND / OR TOW DUE TO CRASH,,,Y,$500 OR LESS,7/26/2023 10:08,UNABLE TO DETERMINE,NOT APPLICABLE,3534,N,LAKE SHORE DR,1925,,,,,,,2,"REPORTED, NOT EVIDENT",1,0,0,0,1,1,0,10,4,7,41.94770946,-87.64308287,POINT (-87.643082873603 41.947709458036)
dbea32e097d08f98d33a522ea82b0fa2ea3d2240d44931373ebfc368fac17617d479d3ca9522123aa566b00a89f57aaa6c54edd0e11531c0cdf5b7730c0f325a,,,7/27/2023 1:00,30,TRAFFIC SIGNAL,UNKNOWN,CLEAR,"DARKNESS, LIGHTED ROAD",REAR END,NOT DIVIDED,,STRAIGHT AND LEVEL,DRY,UNKNOWN,ON SCENE,NO INJURY / DRIVE AWAY,,,N,"OVER $1,500",7/27/2023 1:07,FOLLOWING TOO CLOSELY,DRIVING SKILLS/KNOWLEDGE/EXPERIENCE,211,E,CHICAGO AVE,1833,,,,,,,3,NO INDICATION OF INJURY,0,0,0,0,0,3,0,1,5,7,41.89665314,-87.62223966,POINT (-87.622239662353 41.896653138028)
33f6baf39a4a5a61e4f1417f7af8ad68194876e1a358f40e0a42a5de2640602f115acc0c8346fbae5be660382f95f7c6f2e1064fc3c3eba2d2961f4d3c333cde,,,7/27/2023 16:30,30,UNKNOWN,UNKNOWN,CLEAR,DAYLIGHT,ANGLE,UNKNOWN,,STRAIGHT AND LEVEL,DRY,UNKNOWN,NOT ON SCENE (DESK REPORT),NO INJURY / DRIVE AWAY,,,Y,"OVER $1,500",7/27/2023 18:35,UNABLE TO DETERMINE,UNABLE TO DETERMINE,6300,S,YALE AVE,722,,,,,,,2,NO INDICATION OF INJURY,0,0,0,0,0,5,0,16,5,7,41.77992652,-87.63197933,POINT (-87.631979325574 41.779926517686)
2155a4ba9c38185e816b9a8850218d15099867fe3230e42c02b134092e1801b98408496fa0963ae8ec10502356544896bff043ddd8e8addc81e0d3dbd64a49a1,,,7/23/2023 17:00,25,NO CONTROLS,NO CONTROLS,CLEAR,DAYLIGHT,REAR END,ONE-WAY,,STRAIGHT AND LEVEL,DRY,UNKNOWN,NOT ON SCENE (DESK REPORT),NO INJURY / DRIVE AWAY,,,,"OVER $1,500",7/23/2023 19:00,FAILING TO REDUCE SPEED TO AVOID CRASH,NOT APPLICABLE,6164,W,WRIGHTWOOD AVE,2512,,,,,,,2,NO INDICATION OF INJURY,0,0,0,0,0,2,0,17,1,7,41.9275212,-87.7806467,POINT (-87.78064669585 41.927521202553)
c7dbd1df6bcade5bdee6cf0deea3dafbe7a6cbefbc4490cd492ee918f5581c68bb9c639cb299cef2033a4ec20a824da80584cb899003640c8af1b36ff287e5a1,,Y,7/27/2023 6:30,30,UNKNOWN,UNKNOWN,CLEAR,DAYLIGHT,PARKED MOTOR VEHICLE,NOT DIVIDED,,STRAIGHT AND LEVEL,DRY,UNKNOWN,NOT ON SCENE (DESK REPORT),NO INJURY / DRIVE AWAY,,,Y,"OVER $1,500",7/27/2023 10:00,UNABLE TO DETERMINE,NOT APPLICABLE,4112,W,87TH ST,834,,,,,,,3,NO INDICATION OF INJURY,0,0,0,0,0,1,0,6,5,7,41.73491483,-87.72446859,POINT (-87.724468591782 41.734914829479)
4328da719485634a9c5d58db1294ed52a9be975bc49a04a54c668c8aece571af862fa7db883b22429fc80982f5b2dd2bf1308df5c968fe6a67f620202712f9b3,,,7/24/2023 8:25,30,TRAFFIC SIGNAL,FUNCTIONING PROPERLY,CLEAR,DAYLIGHT,ANGLE,CENTER TURN LANE,,STRAIGHT AND LEVEL,DRY,NO DEFECTS,ON SCENE,INJURY AND / OR TOW DUE TO CRASH,Y,,,"OVER $1,500",7/24/2023 8:30,DISREGARDING TRAFFIC SIGNALS,DISREGARDING OTHER TRAFFIC SIGNS,300,S,CALIFORNIA AVE,1124,,,,,,,2,NONINCAPACITATING INJURY,1,0,0,1,0,2,0,8,2,7,41.87739611,-87.69633892,POINT (-87.696338915529 41.87739610872)
19e75ea36fec7c2ed88bc9247186b2a8e936f0c5f8f95b4e8cd4e5bf7f6e29e09e0cd9ca65f921b9734d5f8a4fe513acbd9534a98d7b705a34f29fed2465a4f4,,,7/27/2023 1:30,30,TRAFFIC SIGNAL,FUNCTIONING PROPERLY,CLEAR,DAYLIGHT,TURNING,FOUR WAY,,STRAIGHT AND LEVEL,DRY,NO DEFECTS,NOT ON SCENE (DESK REPORT),NO INJURY / DRIVE AWAY,Y,,,"$501 - $1,500",7/27/2023 1:30,FAILING TO YIELD RIGHT-OF-WAY,UNABLE TO DETERMINE,4700,S,WENTWORTH AVE,224,,,,,,,2,NO INDICATION OF INJURY,0,0,0,0,0,2,0,1,5,7,41.80908244,-87.63103087,POINT (-87.63103087365 41.809082436649)
9559bde2b51afb327b1d91992d717066927fdb019c06ab6e38a21ea5cd35a10af126c8e2012af0b9a0c72a1b3bcb62f45cb4822d96cd962bd76783cc60e4dc28,,,7/26/2023 10:18,30,TRAFFIC SIGNAL,UNKNOWN,RAIN,DAYLIGHT,TURNING,T-INTERSECTION,,STRAIGHT AND LEVEL,WET,NO DEFECTS,NOT ON SCENE (DESK REPORT),NO INJURY / DRIVE AWAY,Y,,,"OVER $1,500",7/27/2023 14:45,UNABLE TO DETERMINE,WEATHER,100,W,CERMAK RD,131,,,,,,,2,NO INDICATION OF INJURY,0,0,0,0,0,6,0,10,4,7,41.85299122,-87.62938693,POINT (-87.629386933044 41.852991219253)
016ca278befa66db1d6fc828a974b7a9ea18c5c58d887f2058562009538cdfc4758e3feea3037a90ae65f60f7e623214dd6c869aca3db78578be260324b75740,,,7/17/2023 8:55,30,TRAFFIC SIGNAL,FUNCTIONING PROPERLY,CLEAR,DAYLIGHT,REAR END,FOUR WAY,,STRAIGHT AND LEVEL,DRY,UNKNOWN,ON SCENE,NO INJURY / DRIVE AWAY,Y,,,"OVER $1,500",7/17/2023 9:05,UNABLE TO DETERMINE,NOT APPLICABLE,1004,N,WESTERN AVE,1212,,,,,,,2,NO INDICATION OF INJURY,0,0,0,0,0,3,0,8,2,7,41.89955989,-87.6870888,POINT (-87.687088796131 41.899559894402)
a2dcb4255712309077fe2e584827d6930dcbd54cad1d6c272553bc372eec2c0ffc0df92813883b9d8ea020e09d8f2aed28572f5e78e0276a196188aae1cebb76,,,7/27/2023 4:45,30,TRAFFIC SIGNAL,FUNCTIONING PROPERLY,CLEAR,DAWN,SIDESWIPE OPPOSITE DIRECTION,FOUR WAY,,STRAIGHT AND LEVEL,DRY,NO DEFECTS,NOT ON SCENE (DESK REPORT),NO INJURY / DRIVE AWAY,N,,Y,"OVER $1,500",7/27/2023 15:57,FOLLOWING TOO CLOSELY,UNABLE TO DETERMINE,1941,W,PRATT BLVD,2432,,,,,,,2,NO INDICATION OF INJURY,0,0,0,0,0,2,0,4,5,7,42.00511132,-87.67958811,POINT (-87.679588112045 42.005111317776)
cc0c3c91f8dea8a1f2aa4e487bbed42bef45bca8c67ccdf7360471c2786b25bafb588e413777a3e209719b3efcc08da3fcb41a944251ecde3f32d0635617d9dc,,,7/19/2023 15:58,20,TRAFFIC SIGNAL,FUNCTIONING PROPERLY,CLEAR,DAYLIGHT,REAR END,NOT DIVIDED,,STRAIGHT AND LEVEL,DRY,NO DEFECTS,NOT ON SCENE (DESK REPORT),NO INJURY / DRIVE AWAY,,,Y,"OVER $1,500",7/27/2023 16:19,FOLLOWING TOO CLOSELY,FOLLOWING TOO CLOSELY,311,N,MORGAN ST,1214,,,,,,,2,NO INDICATION OF INJURY,0,0,0,0,0,2,0,15,4,7,41.88712191,-87.65203576,POINT (-87.652035759622 41.887121913924)