CRASH_RECORD_ID,RD_NO,CRASH_DATE_EST_I,CRASH_DATE,POSTED_SPEED_LIMIT,TRAFFIC_CONTROL_DEVICE,DEVICE_CONDITION,WEATHER_CONDITION,LIGHTING_CONDITION,FIRST_CRASH_TYPE,TRAFFICWAY_TYPE,LANE_CNT,ALIGNMENT,ROADWAY_SURFACE_COND,ROAD_DEFECT,REPORT_TYPE,CRASH_TYPE,INTERSECTION_RELATED_I,NOT_RIGHT_OF_WAY_I,HIT_AND_RUN_I,DAMAGE,DATE_POLICE_NOTIFIED,PRIM_CONTRIBUTORY_CAUSE,SEC_CONTRIBUTORY_CAUSE,STREET_NO,STREET_DIRECTION,STREET_NAME,BEAT_OF_OCCURRENCE,PHOTOS_TAKEN_I,STATEMENTS_TAKEN_I,DOORING_I,WORK_ZONE_I,WORK_ZONE_TYPE,WORKERS_PRESENT_I,NUM_UNITS,MOST_SEVERE_INJURY,INJURIES_TOTAL,INJURIES_FATAL,INJURIES_INCAPACITATING,INJURIES_NON_INCAPACITATING,INJURIES_REPORTED_NOT_EVIDENT,INJURIES_NO_INDICATION,INJURIES_UNKNOWN,CRASH_HOUR,CRASH_DAY_OF_WEEK,CRASH_MONTH,LATITUDE,LONGITUDE,LOCATION
8397c3118920c52ce03afe9bcfb81a74aaed3c267208f72a451e0c4f8fb2d00351a76cf9bd98808a435f2ef58a30df8c1861da8a64153c4c802f7a2b5ca38192,,,7/27/2023 13:15,30,NO CONTROLS,NO CONTROLS,CLEAR,DAYLIGHT,ANGLE,DIVIDED - W/MEDIAN (NOT RAISED),,STRAIGHT AND LEVEL,DRY,UNKNOWN,NOT ON SCENE (DESK REPORT),NO INJURY / DRIVE AWAY,,,,"$501 - $1,500",7/27/2023 13:35,UNABLE TO DETERMINE,UNABLE TO DETERMINE,4900,N,LINCOLN AVE,2031,,,,,,,2,NO INDICATION OF INJURY,0,0,0,0,0,2,0,13,5,7,41.97081203,-87.69010846,POINT (-87.690108461338 41.970812027203)
55ad054ac17780caa82934d93844cc469bfcb36b861b25d904cc0897a5f44799e6e7367785c95fa71ad00be479a1de3596e11f78c83199ec8ea646e48fcd8eea,,,7/27/2023 20:30,30,NO CONTROLS,NO CONTROLS,CLEAR,DARKNESS,ANGLE,UNKNOWN,,STRAIGHT AND LEVEL,DRY,NO DEFECTS,NOT ON SCENE (DESK REPORT),INJURY AND / OR TOW DUE TO CRASH,,,Y,"OVER $1,500",7/28/2023 1:00,IMPROPER LANE USAGE,NOT APPLICABLE,4701,W,LAKE ST,1113,,,,,,,2,NO INDICATION OF INJURY,0,0,0,0,0,2,0,20,5,7,41.88635623,-87.74317042,POINT (-87.743170422752 41.886356232378)
79214cfddab690f7d7ce3a6d4fd02e075c0259931c4a5c15dd4b3b2903ed9ce1544d8910d26de3cde9d7e5a221e96b55c554f0691f1695daf263ae6612f725fa,,,7/25/2023 6:30,10,NO CONTROLS,NO CONTROLS,CLEAR,DAYLIGHT,FIXED OBJECT,PARKING LOT,,STRAIGHT AND LEVEL,DRY,NO DEFECTS,NOT ON SCENE (DESK REPORT),NO INJURY / DRIVE AWAY,,Y,Y,"OVER $1,500",7/26/2023 15:48,UNABLE TO DETERMINE,UNABLE TO DETERMINE,586,E,WALDRON DR,132,,,,,,,1,NO INDICATION OF INJURY,0,0,0,0,0,1,0,6,3,7,41.86051038,-87.6128731,POINT (-87.612873100069 41.860510382901)
e3a52777debe8b26ec0a112127fed4d799a79bcdd0bbe85abcc1f77ce6056c803127d07fd65cfc66c04b87fe51f011f9366a432ac828ecd75c705777a2f663de,,,7/24/2023 9:19,45,TRAFFIC SIGNAL,FUNCTIONING PROPERLY,CLEAR,DAYLIGHT,HEAD ON,DIVIDED - W/MEDIAN (NOT RAISED),,STRAIGHT AND LEVEL,DRY,NO DEFECTS,ON SCENE,INJURY AND / OR TOW DUE TO CRASH,Y,,,"OVER $1,500",7/24/2023 9:25,UNABLE TO DETERMINE,UNABLE TO DETERMINE,9500,S,STONY ISLAND AVE,511,,,,,,,2,NONINCAPACITATING INJURY,2,0,0,2,0,0,0,9,2,7,41.72225727,-87.58527557,POINT (-87.585275565077 41.722257273006)
b9f18e7f00c2a40c3544e683b674e358332da4509f4cbc06d9fc66ee785f99451341e9e7a6cbe8db86753577aa378242a4751976af08d6861c9f19e60b889ebd,,,7/27/2023 13:40,30,NO CONTROLS,NO CONTROLS,CLEAR,DAYLIGHT,FIXED OBJECT,NOT DIVIDED,,STRAIGHT AND LEVEL,DRY,NO DEFECTS,NOT ON SCENE (DESK REPORT),NO INJURY / DRIVE AWAY,,,,"OVER $1,500",7/27/2023 14:56,UNABLE TO DETERMINE,UNABLE TO DETERMINE,1100,E,57TH ST,235,,,,,,,1,NO INDICATION OF INJURY,0,0,0,0,0,1,0,13,5,7,41.79152143,-87.59950057,POINT (-87.599500565881 41.79152142986)
e07c4e2aadd262f98796cb313ae68714bf70bb76aef94956977bd7ed898bf58f26ef45e6e20e8b27cab632b991194261d25e9096948ea715a63ea77d79e7879a,,,7/27/2023 13:15,20,NO CONTROLS,NO CONTROLS,CLEAR,DAYLIGHT,FIXED OBJECT,ALLEY,,STRAIGHT AND LEVEL,DRY,UNKNOWN,NOT ON SCENE (DESK REPORT),NO INJURY / DRIVE AWAY,,Y,,"OVER $1,500",7/27/2023 16:00,UNABLE TO DETERMINE,NOT APPLICABLE,5144,W,DRUMMOND PL,2521,,,,,,,1,NO INDICATION OF INJURY,0,0,0,0,0,1,0,13,5,7,41.9288019,-87.75566018,POINT (-87.755660177322 41.928801896093)
6ee595a53346f19ad335c1fef70b182baf22a63c31dfcf475cb4ab7c6ca9966504a3fd5c483a9c15d5e15a920e7d8637c26caf59912821bf2be51bc6a4e04251,,,7/27/2023 21:45,30,NO CONTROLS,NO CONTROLS,CLEAR,"DARKNESS, LIGHTED ROAD",TURNING,T-INTERSECTION,,STRAIGHT AND LEVEL,DRY,NO DEFECTS,ON SCENE,INJURY AND / OR TOW DUE TO CRASH,Y,,,"OVER $1,500",7/27/2023 23:46,FAILING TO YIELD RIGHT-OF-WAY,UNABLE TO DETERMINE,6001,S,HALSTED ST,711,,,,,,,2,NO INDICATION OF INJURY,0,0,0,0,0,2,0,21,5,7,41.78499863,-87.64476987,POINT (-87.644769873728 41.784998625908)
0acd823b8cd83bcdebacf577419eb4aabbf8359744cdec03e69bf0c8f4e64cdfef8526e7c48b006f9dccd25f5cb5b6e1f0776b6ab0e20627ae1036436439601d,,Y,7/26/2023 6:28,30,TRAFFIC SIGNAL,FUNCTIONING PROPERLY,CLEAR,DAYLIGHT,ANGLE,FOUR WAY,,STRAIGHT AND LEVEL,UNKNOWN,UNKNOWN,ON SCENE,INJURY AND / OR TOW DUE TO CRASH,N,,Y,"$501 - $1,500",7/26/2023 6:42,DISREGARDING TRAFFIC SIGNALS,UNABLE TO DETERMINE,198,N,CICERO AVE,1532,,,,,,,2,INCAPACITATING INJURY,1,0,1,0,0,1,0,6,4,7,41.88438365,-87.74556826,POINT (-87.745568261111 41.884383650484)
366cd37686351a833c690840dfb1a94e7c2f7fb77fc9eb466e890868c8a8691ccea614727ad2b6badec51aaed9373443bbc4c9f26ad9334084959fa2c46a899c,,,7/27/2023 8:02,30,TRAFFIC SIGNAL,FUNCTIONING PROPERLY,CLEAR,DAYLIGHT,REAR END,NOT DIVIDED,,STRAIGHT AND LEVEL,DRY,NO DEFECTS,ON SCENE,INJURY AND / OR TOW DUE TO CRASH,,,,"OVER $1,500",7/27/2023 8:03,FOLLOWING TOO CLOSELY,NOT APPLICABLE,9204,S,SOUTH CHICAGO AVE,423,,,,,,,3,NO INDICATION OF INJURY,0,0,0,0,0,3,0,8,5,7,41.72792435,-87.55303747,POINT (-87.553037469839 41.727924350628)
fe75252edf42154b8fa406b7445129b121a9524022465b061d4fe725f20a849ad8208326caa9e85aae19de1b4586b67dd2b2b8aab387683fcd6c7c1c6f3113c7,,,7/27/2023 16:30,30,TRAFFIC SIGNAL,FUNCTIONING PROPERLY,CLEAR,DAYLIGHT,REAR END,ONE-WAY,,STRAIGHT AND LEVEL,DRY,NO DEFECTS,NOT ON SCENE (DESK REPORT),NO INJURY / DRIVE AWAY,,,Y,"$501 - $1,500",7/27/2023 17:40,UNABLE TO DETERMINE,NOT APPLICABLE,1198,N,ROCKWELL ST,1211,,,,,,,2,NO INDICATION OF INJURY,0,0,0,0,0,2,0,16,5,7,41.90294204,-87.6920984,POINT (-87.692098400983 41.902942037094)
5aa6d2249a2e0de53471791cc6ff30e12977a742cfcf6cde8d527a1ba7d647ba359593da9167bde72b4e5adaa5f4c6cd025255aef54ea389b73a19484d4e517a,,,7/27/2023 17:14,30,TRAFFIC SIGNAL,FUNCTIONING PROPERLY,CLEAR,DAYLIGHT,SIDESWIPE SAME DIRECTION,FOUR WAY,,STRAIGHT AND LEVEL,DRY,NO DEFECTS,NOT ON SCENE (DESK REPORT),NO INJURY / DRIVE AWAY,N,,,"OVER $1,500",7/27/2023 19:12,UNABLE TO DETERMINE,UNABLE TO DETERMINE,110,W,HUBBARD ST,1831,,,,,,,3,NO INDICATION OF INJURY,0,0,0,0,0,2,0,17,5,7,41.89012394,-87.63159666,POINT (-87.631596659305 41.890123938027)
73932b09a5d71d4dfe2a880c1b42242eee329d9c6f5814b0b300770d31e2a8dfffcdeffd117dc51e9288b941beb8877c3fee49e32948c2dbe6fcd5193155195b,,,7/27/2023 9:25,30,STOP SIGN/FLASHER,NO CONTROLS,CLEAR,DAYLIGHT,SIDESWIPE SAME DIRECTION,NOT DIVIDED,,STRAIGHT AND LEVEL,DRY,NO DEFECTS,NOT ON SCENE (DESK REPORT),NO INJURY / DRIVE AWAY,,,Y,"OVER $1,500",7/27/2023 10:15,UNABLE TO DETERMINE,NOT APPLICABLE,1455,N,CENTRAL AVE,2532,,,,,,,2,NO INDICATION OF INJURY,0,0,0,0,0,2,0,9,5,7,41.9073661,-87.76569382,POINT (-87.765693814542 41.907366104213)
71b90c2eee65fc579c4203cf27468e1a0ab06a9bae365bcb466499cc57ba65333f46808cce21177ca72d284c6051f600a6f2ca26eceb0b8b20dbcc22c982a921,,,7/27/2023 8:30,30,RR CROSSING SIGN,UNKNOWN,CLEAR,DAYLIGHT,PARKED MOTOR VEHICLE,PARKING LOT,,STRAIGHT AND LEVEL,DRY,UNKNOWN,NOT ON SCENE (DESK REPORT),NO INJURY / DRIVE AWAY,,,Y,"OVER $1,500",7/27/2023 10:31,UNABLE TO DETERMINE,UNABLE TO DETERMINE,5241,S,CICERO AVE,815,,,,,,,2,NO INDICATION OF INJURY,0,0,0,0,0,1,0,8,5,7,41.79744658,-87.74274118,POINT (-87.742741182619 41.797446582968)
4b7d5d53bab3376a6fcb9e4eb2693fb02f9e0879b720e208d48dae35d42bd285cef373605e5fd6d143fccd8c07c7f18c75f105cc5e8c1603c2645d07413506ce,,,7/23/2023 21:46,30,TRAFFIC SIGNAL,FUNCTIONING PROPERLY,CLEAR,"DARKNESS, LIGHTED ROAD",PEDALCYCLIST,DIVIDED - W/MEDIAN (NOT RAISED),,STRAIGHT AND LEVEL,DRY,UNKNOWN,NOT ON SCENE (DESK REPORT),INJURY AND / OR TOW DUE TO CRASH,,,,$500 OR LESS,7/23/2023 21:46,UNABLE TO DETERMINE,UNABLE TO DETERMINE,5289,N,ELSTON AVE,1621,,,N,,,,2,INCAPACITATING INJURY,1,0,1,0,0,1,0,21,1,7,41.97713934,-87.75458801,POINT (-87.754588009137 41.977139341402)
b3a3c5f2507d3f41774dc4e8de8a37a04232ad472352a8151944a664e4917bdbbea46ca8743b335545a25efb210b82e8f0e7e83bd1e31c13c9609b0bc3bfc24f,,,7/27/2023 17:10,30,NO CONTROLS,NO CONTROLS,CLEAR,DAYLIGHT,SIDESWIPE SAME DIRECTION,NOT DIVIDED,,STRAIGHT AND LEVEL,DRY,UNKNOWN,ON SCENE,NO INJURY / DRIVE AWAY,,,,"OVER $1,500",7/27/2023 17:10,UNABLE TO DETERMINE,UNABLE TO DETERMINE,5562,W,JACKSON BLVD,1522,,,,,,,2,NO INDICATION OF INJURY,0,0,0,0,0,4,0,17,5,7,41.87665354,-87.7641334,POINT (-87.764133395317 41.876653539523)
17f815e4a000bb81944617c5b335bf9b52e004f804604f0bab517b9157cff6655e6d2ba335cd251a8b9d6c349c65fcb6ac4b2878be87fd29c94e36df07fd9983,,,7/27/2023 18:43,30,OTHER,OTHER,CLEAR,DAYLIGHT,PEDALCYCLIST,NOT DIVIDED,,STRAIGHT AND LEVEL,DRY,NO DEFECTS,ON SCENE,INJURY AND / OR TOW DUE TO CRASH,,,Y,$500 OR LESS,7/27/2023 18:51,UNABLE TO DETERMINE,UNABLE TO DETERMINE,4903,N,ELSTON AVE,1712,,,,,,,2,NONINCAPACITATING INJURY,1,0,0,1,0,1,0,18,5,7,41.96975089,-87.74259704,POINT (-87.742597044032 41.969750888441)
11e976fc0cbafb638517f205485d5a2966a08a69fc0cbdb8d0c850bc4c6746b52a5bb69b9c269f7b04b85cedf515b75cd4c1c2f9468ac75c84006cce2dedd511,,,7/27/2023 2:38,30,NO CONTROLS,UNKNOWN,CLEAR,"DARKNESS, LIGHTED ROAD",PARKED MOTOR VEHICLE,ONE-WAY,,STRAIGHT AND LEVEL,DRY,NO DEFECTS,ON SCENE,INJURY AND / OR TOW DUE TO CRASH,,,,"OVER $1,500",7/27/2023 2:38,UNABLE TO DETERMINE,NOT APPLICABLE,6847,S,ST LAWRENCE AVE,321,,,,,,,2,NO INDICATION OF INJURY,0,0,0,0,0,1,0,2,5,7,41.76984135,-87.61038232,POINT (-87.610382315214 41.769841353908)
9f5b626d47d9e7dbd7f3613afba4536c48ef7db0356ff6e8922a98e847aaae90408a7f6cc078ffccad50252797a146f9c519737c6feb653ddf9670b03fd33240,,,7/27/2023 11:50,20,NO CONTROLS,NO CONTROLS,CLEAR,DAYLIGHT,OTHER OBJECT,ALLEY,,STRAIGHT AND LEVEL,DRY,NO DEFECTS,ON SCENE,INJURY AND / OR TOW DUE TO CRASH,,Y,,"OVER $1,500",7/27/2023 11:51,PHYSICAL CONDITION OF DRIVER,UNABLE TO DETERMINE,5220,N,ROCKWELL ST,2011,,,,,,,1,INCAPACITATING INJURY,1,0,1,0,0,0,0,11,5,7,41.9765282,-87.69421888,POINT (-87.694218880354 41.976528198695)
6546f49365d8104761d6113fda4b8075c87248f45352c62507b95be318a48bf9b9105d0182c4c031837b7aabffe7496d49c5e1ac1a23372adfb6feee3d4e59f4,,,7/27/2023 15:52,30,NO CONTROLS,NO CONTROLS,CLEAR,DAYLIGHT,PARKED MOTOR VEHICLE,DIVIDED - W/MEDIAN (NOT RAISED),,STRAIGHT AND LEVEL,DRY,NO DEFECTS,ON SCENE,NO INJURY / DRIVE AWAY,,,Y,$500 OR LESS,7/27/2023 16:08,FAILING TO YIELD RIGHT-OF-WAY,FAILING TO YIELD RIGHT-OF-WAY,5045,W,FULLERTON AVE,2522,,,,,,,2,NO INDICATION OF INJURY,0,0,0,0,0,2,0,15,5,7,41.92404025,-87.75302368,POINT (-87.753023679692 41.924040253166)
687f2597468df15d83acba7fa1f7d43620bc57d97cf174d400934d83d535e6e64c8852d30462ef56d8abdc5867afe00a071da24cf1483c01604223cab4b41f79,,,7/20/2023 5:32,30,TRAFFIC SIGNAL,FUNCTIONING PROPERLY,UNKNOWN,UNKNOWN,REAR END,FOUR WAY,,STRAIGHT AND LEVEL,UNKNOWN,UNKNOWN,NOT ON SCENE (DESK REPORT),NO INJURY / DRIVE AWAY,,,,"$501 - $1,500",7/26/2023 21:30,UNABLE TO DETERMINE,UNABLE TO DETERMINE,9458,S,STONY ISLAND AVE,413,,,,,,,2,NO INDICATION OF INJURY,0,0,0,0,0,2,0,5,5,7,41.72237436,-87.58527627,POINT (-87.585276274136 41.722374362261)
a707daa419e9dd3d5b835d60b31a707304847b7bc386ec32b0a8d8de9a15f6e7ab9fd2875a454ce9ea47c8e3f928399aa49af08cdcd88c23f3395feaa99213cf,,Y,7/27/2023 15:00,30,STOP SIGN/FLASHER,FUNCTIONING PROPERLY,CLEAR,DAYLIGHT,ANGLE,FOUR WAY,,STRAIGHT AND LEVEL,DRY,NO DEFECTS,NOT ON SCENE (DESK REPORT),NO INJURY / DRIVE AWAY,,,,$500 OR LESS,7/27/2023 15:25,"VISION OBSCURED (SIGNS, TREE LIMBS, BUILDINGS, ETC.)","VISION OBSCURED (SIGNS, TREE LIMBS, BUILDINGS, ETC.)",3131,W,ADDISON ST,1733,,,,,,,2,NO INDICATION OF INJURY,0,0,0,0,0,2,0,15,5,7,41.94653008,-87.70665609,POINT (-87.706656094333 41.946530075045)
d5145b13d14830303dca76b1deae3d81e49e835bab8521dd8776d0d860948abac8af936cad145a3e90e55147cc8f4743efdaa5cb51ed57035ee9c0cae3b3c704,,,7/18/2023 18:00,10,STOP SIGN/FLASHER,NO CONTROLS,CLEAR,DAYLIGHT,OTHER NONCOLLISION,OTHER,,STRAIGHT AND LEVEL,DRY,NO DEFECTS,NOT ON SCENE (DESK REPORT),INJURY AND / OR TOW DUE TO CRASH,,,,"OVER $1,500",7/27/2023 11:00,UNABLE TO DETERMINE,UNABLE TO DETERMINE,2415,E,79TH ST,422,,,,,,,1,"REPORTED, NOT EVIDENT",1,0,0,0,1,1,0,18,3,7,41.75162691,-87.56558127,POINT (-87.565581274141 41.751626904719)
e15091e4154d66b0e8b4b4d1971a2590746381b68ba52a4d6f30726932b1f088bb8451afec1424fc8f32b09fc5f762b25a4d3627370361ba70f1ed1cbec218a9,,N,7/26/2023 20:32,30,NO CONTROLS,NO CONTROLS,CLEAR,UNKNOWN,PARKED MOTOR VEHICLE,NOT DIVIDED,,STRAIGHT AND LEVEL,DRY,NO DEFECTS,ON SCENE,NO INJURY / DRIVE AWAY,,,Y,$500 OR LESS,7/26/2023 20:41,UNABLE TO DETERMINE,NOT APPLICABLE,1217,N,WOOD ST,1424,,,,,,,2,NO INDICATION OF INJURY,0,0,0,0,0,1,0,20,4,7,41.90389434,-87.67224469,POINT (-87.672244692582 41.903894334657)
eaf0eedd87f5538737a0d4d0984995d2e025e33b74452e55666b7712ee4cc3bc403f67f8c49992b1387cf7bb72b13628c68c45e1492dc39eac1f801a2437ba82,,N,7/27/2023 6:30,30,TRAFFIC SIGNAL,UNKNOWN,CLEAR,DAYLIGHT,REAR END,NOT DIVIDED,,STRAIGHT AND LEVEL,UNKNOWN,UNKNOWN,NOT ON SCENE (DESK REPORT),NO INJURY / DRIVE AWAY,N,,,"$501 - $1,500",7/27/2023 7:00,UNABLE TO DETERMINE,NOT APPLICABLE,4132,W,55TH ST,815,,,,,,,2,NO INDICATION OF INJURY,0,0,0,0,0,2,0,6,5,7,41.79328343,-87.72689955,POINT (-87.72689954764 41.793283426869)
0ed4bbe065df07c82d5b7a6e5f7cfd4be7ed2ff96d720019b91926b79cea611978d51eb46138efe059f76ac4e76e9a4c46b80c7035b80e43e4761cc1ea4968ec,,,7/27/2023 2:03,30,NO CONTROLS,NO CONTROLS,CLEAR,"DARKNESS, LIGHTED ROAD",PARKED MOTOR VEHICLE,NOT DIVIDED,,STRAIGHT AND LEVEL,DRY,NO DEFECTS,ON SCENE,INJURY AND / OR TOW DUE TO CRASH,,,Y,"OVER $1,500",7/27/2023 2:11,UNABLE TO DETERMINE,UNABLE TO DETERMINE,1334,E,76TH ST,411,,,,,,,2,NO INDICATION OF INJURY,0,0,0,0,0,1,0,2,5,7,41.75700363,-87.5918235,POINT (-87.591823501183 41.757003630163)
3856de3969b2d2bb1448cb47aa8dc668c7651d7b6bb06d5493c10a866ef54b35a197b2664bd729cdbe98a686ba288fbac56fc4395a29dfe5a8a0322effe55a63,,,7/26/2023 0:30,30,NO CONTROLS,NO CONTROLS,CLEAR,DARKNESS,OTHER OBJECT,ONE-WAY,,STRAIGHT AND LEVEL,DRY,NO DEFECTS,ON SCENE,NO INJURY / DRIVE AWAY,,,Y,"$501 - $1,500",7/26/2023 7:55,UNABLE TO DETERMINE,UNABLE TO DETERMINE,727,W,VERMONT ST,523,,,,,,,1,NO INDICATION OF INJURY,0,0,0,0,0,1,0,0,4,7,41.66226435,-87.64008418,POINT (-87.640084179524 41.662264344868)
ff9a49e8728e5dac68a3026098735db66543537d1ff5bba194988779a9dd72c2eb2ce36a8cc7b6856873ae2156812e24e369b89f5a0ea3bdda1309fe14d15549,,,7/27/2023 17:00,10,NO CONTROLS,NO CONTROLS,CLEAR,DAYLIGHT,REAR END,PARKING LOT,,STRAIGHT AND LEVEL,DRY,NO DEFECTS,NOT ON SCENE (DESK REPORT),NO INJURY / DRIVE AWAY,,,,"OVER $1,500",7/27/2023 17:30,DRIVING SKILLS/KNOWLEDGE/EXPERIENCE,NOT APPLICABLE,7448,S,STONY ISLAND AVE,324,,,,,,,2,NO INDICATION OF INJURY,0,0,0,0,0,2,0,17,5,7,41.75912382,-87.58629429,POINT (-87.586294285414 41.759123814896)
df5a73c75bf6a3693223883838af3f637ca37eb33072c93deb450b2982b9e16e53f45d8e5ab5a519db1391293cb164b62fae7fba80e0e9a55dbc9b4d0b44a5d9,,,7/27/2023 14:28,30,UNKNOWN,UNKNOWN,CLEAR,DAYLIGHT,REAR END,NOT DIVIDED,,STRAIGHT AND LEVEL,UNKNOWN,UNKNOWN,NOT ON SCENE (DESK REPORT),NO INJURY / DRIVE AWAY,,,,"$501 - $1,500",7/27/2023 14:56,FOLLOWING TOO CLOSELY,UNABLE TO DETERMINE,920,W,BELMONT AVE,1924,,,,,,,2,NO INDICATION OF INJURY,0,0,0,0,0,2,0,14,5,7,41.94004691,-87.65239336,POINT (-87.652393356017 41.940046909662)
21bff10078dd225a52f1d7f4186cdd1a030335c19c39ac5c97cd8cee2a2368ffec1ee273498362d13e0ee5ae35db85dbbeb7407c0bf25d10d2b689f260c79e37,,,7/27/2023 10:45,30,NO CONTROLS,NO CONTROLS,CLEAR,DAYLIGHT,PEDALCYCLIST,DIVIDED - W/MEDIAN (NOT RAISED),,STRAIGHT AND LEVEL,DRY,NO DEFECTS,ON SCENE,INJURY AND / OR TOW DUE TO CRASH,,,Y,$500 OR LESS,7/27/2023 11:10,FAILING TO YIELD RIGHT-OF-WAY,FAILING TO REDUCE SPEED TO AVOID CRASH,428,N,CICERO AVE,1532,,,,,,,2,"REPORTED, NOT EVIDENT",1,0,0,0,1,1,0,10,5,7,41.88877741,-87.74573123,POINT (-87.745731232266 41.888777405326)
0fe329e1e52a8b4a6daff6d6439601a1a93df94abf6cb3cd67e94fa368cdd306cccc1e70f04685e2e5e3c00c432803fb92c11a55f9bda14032ae4df4cfee8cc3,,,7/21/2023 3:33,15,NO CONTROLS,NO CONTROLS,CLEAR,"DARKNESS, LIGHTED ROAD",FIXED OBJECT,ALLEY,,STRAIGHT AND LEVEL,DRY,NO DEFECTS,NOT ON SCENE (DESK REPORT),NO INJURY / DRIVE AWAY,,Y,,"OVER $1,500",7/27/2023 10:50,UNABLE TO DETERMINE,UNABLE TO DETERMINE,4814,W,WABANSIA AVE,2533,,,,,,,1,NO INDICATION OF INJURY,0,0,0,0,0,1,0,3,6,7,41.91155984,-87.74658638,POINT (-87.746586380577 41.911559844266)
7ded9fabf696b8ccb9fc0970d13d9e7fe24e61125f71392deec7d506e753d466c6b3df2284751ca77a60aa829de6e96a7b64cc12396dfeef9c797785ba410dd9,,,7/28/2023 2:27,30,NO CONTROLS,NO CONTROLS,CLEAR,"DARKNESS, LIGHTED ROAD",OTHER OBJECT,ALLEY,,STRAIGHT AND LEVEL,DRY,NO DEFECTS,ON SCENE,NO INJURY / DRIVE AWAY,,,,"OVER $1,500",7/28/2023 2:27,UNABLE TO DETERMINE,UNABLE TO DETERMINE,123,N,WESTERN AVE,1223,,,,,,,1,NO INDICATION OF INJURY,0,0,0,0,0,2,0,2,6,7,41.88380414,-87.68635786,POINT (-87.686357861988 41.883804139882)
a29d2948532c70cf3eb8d1b4a753d1ed6a8a08b6fffa33ed905652c3aedaed728c76ee1aab19eac4830d3c75a644281aef02620990ded83cace93892a7e40cb6,,,7/27/2023 19:30,30,UNKNOWN,UNKNOWN,UNKNOWN,UNKNOWN,SIDESWIPE SAME DIRECTION,NOT DIVIDED,,STRAIGHT AND LEVEL,UNKNOWN,UNKNOWN,NOT ON SCENE (DESK REPORT),NO INJURY / DRIVE AWAY,,,Y,"OVER $1,500",7/27/2023 20:40,UNABLE TO DETERMINE,NOT APPLICABLE,4697,W,LAWRENCE AVE,1722,,,,,,,2,NO INDICATION OF INJURY,0,0,0,0,0,6,0,19,5,7,41.96794568,-87.74524684,POINT (-87.745246843354 41.967945682903)
5654a5328e14efae5d6d8616bdeed9a32c7b7bbe06c07aa2b71c2c15a4d6232e1cb8a2b22e2aad78c58f1f6190ce8b14bc41f7ea9a3984ac6504f066768570f3,,,7/26/2023 19:02,30,STOP SIGN/FLASHER,UNKNOWN,CLEAR,DAYLIGHT,TURNING,NOT DIVIDED,,STRAIGHT AND LEVEL,DRY,UNKNOWN,NOT ON SCENE (DESK REPORT),NO INJURY / DRIVE AWAY,Y,,,"OVER $1,500",7/27/2023 6:27,FAILING TO YIELD RIGHT-OF-WAY,FOLLOWING TOO CLOSELY,7559,S,STONY ISLAND AVE,411,,,,,,,2,NO INDICATION OF INJURY,0,0,0,0,0,2,0,19,4,7,41.75699518,-87.5855441,POINT (-87.585544102288 41.756995183045)
34eb2e9692849f3cebf132f21dc79b8b118bd577851c299479af30981257076a53be89578eabd7d7f48d0460c2170cf9c9afc268a9e5ecbe00bb7fe9ab825e95,,,7/21/2023 13:48,30,TRAFFIC SIGNAL,FUNCTIONING PROPERLY,CLEAR,DAYLIGHT,REAR END,FOUR WAY,,STRAIGHT AND LEVEL,DRY,UNKNOWN,NOT ON SCENE (DESK REPORT),NO INJURY / DRIVE AWAY,,,Y,"OVER $1,500",7/26/2023 17:00,DRIVING SKILLS/KNOWLEDGE/EXPERIENCE,DRIVING SKILLS/KNOWLEDGE/EXPERIENCE,2225,S,WENTWORTH AVE,914,,,,,,,2,NO INDICATION OF INJURY,0,0,0,0,0,2,0,13,6,7,41.85213019,-87.63185039,POINT (-87.631850393773 41.852130189093)
fc47112ff9af008ca1dd0a48cd2dc015670d62b2cb089b36d42ee27e88fc7cfa12e2a3638deb8607f5695ed41ce8ec253c9c80bf498144879036a8c47033a1fb,,,7/26/2023 21:30,30,NO CONTROLS,NO CONTROLS,CLEAR,DUSK,TURNING,NOT DIVIDED,,STRAIGHT AND LEVEL,DRY,NO DEFECTS,,NO INJURY / DRIVE AWAY,,,,"OVER $1,500",7/27/2023 15:45,IMPROPER OVERTAKING/PASSING,UNABLE TO DETERMINE,7501,S,YATES BLVD,421,,,,,,,2,NO INDICATION OF INJURY,0,0,0,0,0,2,0,21,4,7,41.75889803,-87.56622467,POINT (-87.566224672816 41.758898025237)
33df911f771a2e6a6576c81e84181b5752831e7e858eef3a7979b498f93e44bfcae1b9fcfcb95461cc4df43ed7e19d8d7984d2c269a1cd1ff49ee3c57189dd5f,,,7/27/2023 17:15,30,TRAFFIC SIGNAL,UNKNOWN,CLEAR,DAYLIGHT,SIDESWIPE SAME DIRECTION,NOT DIVIDED,,STRAIGHT AND LEVEL,DRY,NO DEFECTS,NOT ON SCENE (DESK REPORT),NO INJURY / DRIVE AWAY,,,,$500 OR LESS,7/27/2023 17:45,IMPROPER LANE USAGE,UNABLE TO DETERMINE,1210,S,HALSTED ST,1232,,,,,,,2,NO INDICATION OF INJURY,0,0,0,0,0,2,0,17,5,7,41.86681214,-87.64705924,POINT (-87.647059235864 41.866812140009)
c9bde40646c23c0739ea6c1b40f4685468d7d36b2140a1a67a4bc9e21b2466c8b600c6b7f3a835505aaf5cdc423609dd98770248457a0eaed57730f150ed82fa,,,7/27/2023 12:13,30,TRAFFIC SIGNAL,FUNCTIONING PROPERLY,CLEAR,DAYLIGHT,REAR END,FOUR WAY,,STRAIGHT AND LEVEL,DRY,NO DEFECTS,ON SCENE,INJURY AND / OR TOW DUE TO CRASH,Y,,,"OVER $1,500",7/27/2023 12:13,FAILING TO REDUCE SPEED TO AVOID CRASH,NOT APPLICABLE,5612,W,GRAND AVE,2515,,,,,,,2,INCAPACITATING INJURY,2,0,1,1,0,1,0,12,5,7,41.91897207,-87.76634722,POINT (-87.766347217531 41.918972066392)