CRASH_RECORD_ID,RD_NO,CRASH_DATE_EST_I,CRASH_DATE,POSTED_SPEED_LIMIT,TRAFFIC_CONTROL_DEVICE,DEVICE_CONDITION,WEATHER_CONDITION,LIGHTING_CONDITION,FIRST_CRASH_TYPE,TRAFFICWAY_TYPE,LANE_CNT,ALIGNMENT,ROADWAY_SURFACE_COND,ROAD_DEFECT,REPORT_TYPE,CRASH_TYPE,INTERSECTION_RELATED_I,NOT_RIGHT_OF_WAY_I,HIT_AND_RUN_I,DAMAGE,DATE_POLICE_NOTIFIED,PRIM_CONTRIBUTORY_CAUSE,SEC_CONTRIBUTORY_CAUSE,STREET_NO,STREET_DIRECTION,STREET_NAME,BEAT_OF_OCCURRENCE,PHOTOS_TAKEN_I,STATEMENTS_TAKEN_I,DOORING_I,WORK_ZONE_I,WORK_ZONE_TYPE,WORKERS_PRESENT_I,NUM_UNITS,MOST_SEVERE_INJURY,INJURIES_TOTAL,INJURIES_FATAL,INJURIES_INCAPACITATING,INJURIES_NON_INCAPACITATING,INJURIES_REPORTED_NOT_EVIDENT,INJURIES_NO_INDICATION,INJURIES_UNKNOWN,CRASH_HOUR,CRASH_DAY_OF_WEEK,CRASH_MONTH,LATITUDE,LONGITUDE,LOCATION
6f4471ec66a87ba0f75da06a1f7d2410786e9028840ddf9bb9a8482d15ca389637204cb337df9faf757ba9dbe3b4b90b23078e2aed03ee8f61b4ed64252fbb8e,,,7/27/2023 10:17,30,NO CONTROLS,NO CONTROLS,CLEAR,DAYLIGHT,SIDESWIPE SAME DIRECTION,DIVIDED - W/MEDIAN BARRIER,,STRAIGHT AND LEVEL,DRY,NO DEFECTS,ON SCENE,NO INJURY / DRIVE AWAY,,,,"OVER $1,500",7/27/2023 10:22,UNABLE TO DETERMINE,NOT APPLICABLE,498,E,95TH ST,633,,,,,,,2,NO INDICATION OF INJURY,0,0,0,0,0,2,0,10,5,7,41.72204178,-87.61178855,POINT (-87.611788544508 41.722041780123)
00a7facc13f9b288ea8aadae13308ec2e75ba974eaa451f2dbdb888ca17a0391ad560c327d345dde3c0d6a0c666ad0411010e10db7a4f6e30c0fb8240eb57834,,,7/27/2023 11:00,30,TRAFFIC SIGNAL,FUNCTIONING PROPERLY,CLEAR,DAYLIGHT,REAR END,NOT DIVIDED,,STRAIGHT AND LEVEL,DRY,NO DEFECTS,NOT ON SCENE (DESK REPORT),NO INJURY / DRIVE AWAY,,,,"OVER $1,500",7/27/2023 14:00,UNABLE TO DETERMINE,NOT APPLICABLE,2200,S,ASHLAND AVE,1034,,,,,,,2,NO INDICATION OF INJURY,0,0,0,0,0,2,0,11,5,7,41.852218,-87.66617016,POINT (-87.666170161509 41.852217996528)
80e99f1aad1dca90bb8b90875b3892e0616206774644a944e0ddcbc0e7c5f13b8ebe23d372c031182006fa192e2399e10240b960810ffbd13dcccc73bef17e9c,,,7/27/2023 18:00,30,UNKNOWN,UNKNOWN,UNKNOWN,UNKNOWN,TURNING,FOUR WAY,,STRAIGHT AND LEVEL,UNKNOWN,UNKNOWN,NOT ON SCENE (DESK REPORT),NO INJURY / DRIVE AWAY,Y,,Y,"OVER $1,500",7/27/2023 18:45,UNABLE TO DETERMINE,UNABLE TO DETERMINE,1432,W,DIVISION ST,1433,,,,,,,2,NO INDICATION OF INJURY,0,0,0,0,0,2,0,18,5,7,41.90349891,-87.66377351,POINT (-87.663773504958 41.903498912403)
ab91f3962edcf55300c4011d3936db333a0d5d23f98ca1101dca0bd4a089fd519a1e9a65ca188644e018ab018dbd462648ece4d102e02759c4a9a0ad7872fff7,,,7/27/2023 8:40,30,NO CONTROLS,NO CONTROLS,CLEAR,DAYLIGHT,SIDESWIPE SAME DIRECTION,NOT DIVIDED,,STRAIGHT AND LEVEL,DRY,UNKNOWN,NOT ON SCENE (DESK REPORT),NO INJURY / DRIVE AWAY,,,,"OVER $1,500",7/27/2023 9:20,IMPROPER LANE USAGE,IMPROPER LANE USAGE,1043,N,HOMAN AVE,1121,,,,,,,2,NO INDICATION OF INJURY,0,0,0,0,0,2,0,8,5,7,41.90052804,-87.71143735,POINT (-87.711437351752 41.900528035768)
f45fe04d4b55ed700f39fd35f5b5040d6f867a49aa94b2e11460a3d8a5952c01b0f6fd73216dfe69dcf97b8a74fd01acc1c6fbcb41dd14588a87f80c1c4fd69b,,,7/27/2023 15:05,30,NO CONTROLS,NO CONTROLS,CLEAR,DAYLIGHT,REAR END,NOT DIVIDED,,STRAIGHT AND LEVEL,DRY,NO DEFECTS,ON SCENE,INJURY AND / OR TOW DUE TO CRASH,,,,"$501 - $1,500",7/27/2023 15:08,FAILING TO REDUCE SPEED TO AVOID CRASH,FAILING TO REDUCE SPEED TO AVOID CRASH,1639,W,DIVERSEY PKWY,1931,,,,,,,2,NO INDICATION OF INJURY,0,0,0,0,0,2,0,15,5,7,41.93227442,-87.66992264,POINT (-87.669922640104 41.932274423637)
896ab772c818be48d93bb763d1100f961f3cf904ef8fe5f4a27ebc09109e49b09cc951b6e28876bf901c088367f24394dd4aec24a1c487be4e8fd58ea021a205,,,7/27/2023 16:57,30,TRAFFIC SIGNAL,FUNCTIONING PROPERLY,CLEAR,DAYLIGHT,TURNING,FOUR WAY,,STRAIGHT AND LEVEL,DRY,NO DEFECTS,ON SCENE,INJURY AND / OR TOW DUE TO CRASH,Y,,,"OVER $1,500",7/27/2023 16:57,FAILING TO YIELD RIGHT-OF-WAY,FAILING TO REDUCE SPEED TO AVOID CRASH,3200,N,ELSTON AVE,1733,,,,,,,2,NONINCAPACITATING INJURY,1,0,0,1,0,1,0,16,5,7,41.9393515,-87.69848351,POINT (-87.698483514124 41.939351496611)
87190ce22d530f7ce8990f13a49f48ae050b779b2afac963cd5c117c56334528f12311ef1a6fa243d7ab36b7f26300bd1f58aff291c1e06c13aa5b6edb27af8f,,,7/27/2023 9:30,15,NO CONTROLS,NO CONTROLS,CLEAR,DAYLIGHT,ANGLE,PARKING LOT,,STRAIGHT AND LEVEL,DRY,UNKNOWN,NOT ON SCENE (DESK REPORT),NO INJURY / DRIVE AWAY,,Y,,"OVER $1,500",7/27/2023 10:20,UNABLE TO DETERMINE,UNABLE TO DETERMINE,300,E,35TH ST,211,,,,,,,2,NO INDICATION OF INJURY,0,0,0,0,0,2,0,9,5,7,41.83119241,-87.6192892,POINT (-87.619289199481 41.831192408738)
3a7afe81fd8c6cec380f651048933ce9bf47f40ea2f1e09878eac920475f9694eec4acb103d33ee8f22cdf8232cc0def65d214b3db8f4353ad1ea82819340e23,,,7/27/2023 16:45,20,TRAFFIC SIGNAL,FUNCTIONING PROPERLY,CLEAR,DAYLIGHT,REAR END,NOT DIVIDED,,STRAIGHT AND LEVEL,DRY,NO DEFECTS,NOT ON SCENE (DESK REPORT),NO INJURY / DRIVE AWAY,,,,"OVER $1,500",7/27/2023 17:02,FOLLOWING TOO CLOSELY,FOLLOWING TOO CLOSELY,10,E,GRAND AVE,1834,,,,,,,2,NO INDICATION OF INJURY,0,0,0,0,0,4,0,16,5,7,41.89179146,-87.62765774,POINT (-87.6276577412 41.891791463112)
eed1d3a0f1111fc69e964c683c12b7467ab56cc62d6e4fffc089e1b2c5de8fdc4067b67a5273c335cd88953eda81115fe47c2e4e59deaea0785fd8ecc7b2542e,,Y,7/27/2023 12:10,35,NO CONTROLS,NO CONTROLS,CLEAR,DAYLIGHT,SIDESWIPE SAME DIRECTION,NOT DIVIDED,,STRAIGHT AND LEVEL,DRY,NO DEFECTS,NOT ON SCENE (DESK REPORT),NO INJURY / DRIVE AWAY,,,Y,"OVER $1,500",7/27/2023 13:17,IMPROPER OVERTAKING/PASSING,UNABLE TO DETERMINE,2105,S,JEFFERSON ST,1235,,,,,,,2,NO INDICATION OF INJURY,0,0,0,0,0,2,0,12,5,7,41.85407104,-87.64160034,POINT (-87.641600343301 41.854071035063)
da692150018952b083082260cb7f71279025946d96a52e2e96805464a9e411a0bb3e248c0366fc94242248a388c7cc744b855d2e940da5b3a90a20c0b405be45,,,7/27/2023 19:35,30,TRAFFIC SIGNAL,FUNCTIONING PROPERLY,CLEAR,DAYLIGHT,REAR TO FRONT,DIVIDED - W/MEDIAN (NOT RAISED),,STRAIGHT AND LEVEL,DRY,NO DEFECTS,ON SCENE,NO INJURY / DRIVE AWAY,,,Y,"OVER $1,500",7/27/2023 19:39,"OPERATING VEHICLE IN ERRATIC, RECKLESS, CARELESS, NEGLIGENT OR AGGRESSIVE MANNER",UNABLE TO DETERMINE,36,S,ASHLAND AVE,1224,,,,,,,2,NO INDICATION OF INJURY,0,0,0,0,0,2,0,19,5,7,41.88031878,-87.66691311,POINT (-87.666913105796 41.88031877928)
6435fd6d7a301c0acb095b32f31195b9264b23299417939b4cc6487a81471cbda868be06609cfef40065a4e49fa192c2173ac33864a6e3d1ef80b0485d5eced0,,,7/27/2023 9:56,30,NO CONTROLS,NO CONTROLS,CLEAR,DAYLIGHT,PEDESTRIAN,DIVIDED - W/MEDIAN (NOT RAISED),,STRAIGHT AND LEVEL,DRY,NO DEFECTS,NOT ON SCENE (DESK REPORT),INJURY AND / OR TOW DUE TO CRASH,,,,$500 OR LESS,7/27/2023 9:56,RELATED TO BUS STOP,NOT APPLICABLE,3807,W,MONTROSE AVE,1723,,,,,,,2,INCAPACITATING INJURY,1,0,1,0,0,1,0,9,5,7,41.96089433,-87.72324313,POINT (-87.723243130821 41.96089433135)
1577d3e7da279c81ad472b83adeabab59c7950e53a15bab08c1c066253fcef66283e84cb9a6d225250e35a3a5064ffd3d1169fdff5416b058061ac50c0aed49b,,,7/27/2023 9:30,30,NO CONTROLS,NO CONTROLS,CLEAR,DAYLIGHT,SIDESWIPE SAME DIRECTION,ONE-WAY,,STRAIGHT AND LEVEL,DRY,NO DEFECTS,ON SCENE,NO INJURY / DRIVE AWAY,,,Y,$500 OR LESS,7/27/2023 10:00,UNABLE TO DETERMINE,UNABLE TO DETERMINE,10133,S,RHODES AVE,511,,,,,,,2,NO INDICATION OF INJURY,0,0,0,0,0,3,0,9,5,7,41.71002267,-87.61003797,POINT (-87.610037968083 41.710022671664)
4a36cf0fff5e256cb9b3e2ce4e9a481f7dd0f73e24bde4bdc08025bdc7c8876c0d30dae63952f51468df9cbfe8e104a2cd22d5a44ad058890e9c8d2b7b7c61f8,,Y,7/27/2023 2:00,30,NO CONTROLS,NO CONTROLS,CLEAR,UNKNOWN,PARKED MOTOR VEHICLE,ONE-WAY,,STRAIGHT AND LEVEL,DRY,NO DEFECTS,NOT ON SCENE (DESK REPORT),NO INJURY / DRIVE AWAY,,,Y,"OVER $1,500",7/27/2023 10:00,UNABLE TO DETERMINE,NOT APPLICABLE,930,N,LAVERGNE AVE,1531,,,,,,,2,NO INDICATION OF INJURY,0,0,0,0,0,1,0,2,5,7,41.89765681,-87.75091479,POINT (-87.750914794035 41.897656813774)
994f3d7875fa44bc5a566c7a00435364452240c58ffa94dc34f412b7b5c0f419ece37ccb18d8c0af95597d024fe8b46f67134faab175eeccd4fd945b2d32946a,,,7/27/2023 16:10,30,NO CONTROLS,NO CONTROLS,CLEAR,DAYLIGHT,ANGLE,NOT DIVIDED,,STRAIGHT AND LEVEL,DRY,NO DEFECTS,NOT ON SCENE (DESK REPORT),NO INJURY / DRIVE AWAY,,,,"OVER $1,500",7/27/2023 17:30,IMPROPER BACKING,NOT APPLICABLE,5959,W,CORCORAN PL,1512,,,,,,,2,NO INDICATION OF INJURY,0,0,0,0,0,3,0,16,5,7,41.8869985,-87.7743793,POINT (-87.774379303459 41.886998497044)
146b65bf1d5e5f240e583fa7fb90561dc3e5bd01c591694837295e558b8232fd79dfcad0b553e691e22795cd956dcec133049c4ccabe34c9cd563621eed735ce,,,7/26/2023 13:39,35,TRAFFIC SIGNAL,FUNCTIONING PROPERLY,CLEAR,DAYLIGHT,REAR END,NOT DIVIDED,,STRAIGHT AND LEVEL,DRY,NO DEFECTS,NOT ON SCENE (DESK REPORT),INJURY AND / OR TOW DUE TO CRASH,,,,$500 OR LESS,7/26/2023 13:45,UNABLE TO DETERMINE,UNABLE TO DETERMINE,926,S,RACINE AVE,1231,,,,,,,2,"REPORTED, NOT EVIDENT",1,0,0,0,1,1,0,13,4,7,41.86951138,-87.65690442,POINT (-87.656904420327 41.869511379422)
987c466f6becf07f4bea6824862906ea1a63b7f0c73a72151766c30e3b3e6b6f62882b769c7dd35defd7d9512da7840b99505d90f6165d14130c79557f91071b,,,7/27/2023 10:01,30,STOP SIGN/FLASHER,FUNCTIONING PROPERLY,CLEAR,DAYLIGHT,ANGLE,NOT DIVIDED,,STRAIGHT AND LEVEL,DRY,NO DEFECTS,ON SCENE,INJURY AND / OR TOW DUE TO CRASH,Y,,,"OVER $1,500",7/27/2023 10:20,FAILING TO YIELD RIGHT-OF-WAY,DRIVING SKILLS/KNOWLEDGE/EXPERIENCE,5900,S,SPRINGFIELD AVE,822,,,,,,,2,NO INDICATION OF INJURY,0,0,0,0,0,2,0,10,5,7,41.78592972,-87.72065239,POINT (-87.7206523879 41.785929717253)
69c9173e78f51a46757591fdad67815ac2b4fcc07ebc5993b9a598d97da19deb5ac244580fa9cb5fd9d241512918e7bcffb14f19444d1183e41aa12cdf2eb473,,,7/27/2023 16:00,30,NO CONTROLS,NO CONTROLS,CLEAR,DUSK,PARKED MOTOR VEHICLE,NOT DIVIDED,,STRAIGHT AND LEVEL,UNKNOWN,UNKNOWN,,NO INJURY / DRIVE AWAY,,,,"OVER $1,500",7/27/2023 20:00,UNABLE TO DETERMINE,UNABLE TO DETERMINE,1474,S,MICHIGAN AVE,131,,,,,,,2,NO INDICATION OF INJURY,0,0,0,0,0,1,0,16,5,7,41.86204533,-87.62417707,POINT (-87.624177064635 41.862045332461)
2fb5e38103fafa162e427df73749f32235542d4d1eacc5ae60b889a873a9d680622bc664ad70bb69f5411a26850357f0c168ece7a57de884f16312a3e72aac79,,,7/27/2023 12:46,30,UNKNOWN,UNKNOWN,CLEAR,DAYLIGHT,PARKED MOTOR VEHICLE,ONE-WAY,,STRAIGHT AND LEVEL,UNKNOWN,UNKNOWN,NOT ON SCENE (DESK REPORT),NO INJURY / DRIVE AWAY,,,Y,"$501 - $1,500",7/27/2023 13:23,IMPROPER BACKING,UNABLE TO DETERMINE,520,W,STRATFORD PL,1925,,,,Y,CONSTRUCTION,,2,NO INDICATION OF INJURY,0,0,0,0,0,2,0,12,5,7,41.94595166,-87.64282381,POINT (-87.642823805545 41.945951662819)
74c975c3dae451046585d8c3e75f52f050718049151273f329cad6f50be93fc7ba30182a2190c2318ba7e40928404f60566a06fe38ae3083f2dfdb58803f7c63,,,7/27/2023 19:09,10,NO CONTROLS,NO CONTROLS,CLEAR,DAYLIGHT,REAR END,PARKING LOT,,STRAIGHT AND LEVEL,DRY,NO DEFECTS,NOT ON SCENE (DESK REPORT),INJURY AND / OR TOW DUE TO CRASH,,Y,,"OVER $1,500",7/27/2023 19:09,PHYSICAL CONDITION OF DRIVER,UNDER THE INFLUENCE OF ALCOHOL/DRUGS (USE WHEN ARREST IS EFFECTED),7808,S,HALSTED ST,621,,,,,,,3,NONINCAPACITATING INJURY,2,0,0,2,0,1,0,19,5,7,41.75213684,-87.64422891,POINT (-87.644228906559 41.752136837768)
50628c5bb5a06b33df522b567d0ee4afcc8dcf3c74f85c63260e3931be89ec4004e4847ba6cff94f37f4bbef0fadea0b0d62bead6c1384d6af8fede3357b1d42,,,7/27/2023 0:45,30,STOP SIGN/FLASHER,FUNCTIONING PROPERLY,CLEAR,DARKNESS,PARKED MOTOR VEHICLE,ONE-WAY,,STRAIGHT AND LEVEL,DRY,NO DEFECTS,ON SCENE,NO INJURY / DRIVE AWAY,,,Y,"$501 - $1,500",7/27/2023 2:50,UNABLE TO DETERMINE,UNABLE TO DETERMINE,4556,N,LAWNDALE AVE,1723,,,,,,,2,NO INDICATION OF INJURY,0,0,0,0,0,1,0,0,5,7,41.96447821,-87.72072937,POINT (-87.720729373552 41.964478204598)
c64a92d4366275d01c7b4aba9ed1a9eebc57e455b1ff4e404374d22a16c60a85554c9d49a18f87af7668787e4534d086cf6cba9f602063457badf4a3966d345d,,,7/27/2023 18:03,30,TRAFFIC SIGNAL,FUNCTIONING PROPERLY,CLEAR,DAYLIGHT,TURNING,FOUR WAY,,STRAIGHT AND LEVEL,DRY,NO DEFECTS,ON SCENE,INJURY AND / OR TOW DUE TO CRASH,Y,,,"OVER $1,500",7/27/2023 18:05,DISREGARDING OTHER TRAFFIC SIGNS,NOT APPLICABLE,7600,S,STATE ST,623,,,,,,,2,NO INDICATION OF INJURY,0,0,0,0,0,7,0,18,5,7,41.75640041,-87.62486969,POINT (-87.624869685896 41.756400406673)
94dd70dd59fb85f9218f4e8d6f8ba5edc927969d2e903a944faa5032e2235634453dcb89e5fac443cb0d40d4676aeadcd2dff281821008af8a6a2a40d7535486,,,7/27/2023 14:15,30,NO CONTROLS,NO CONTROLS,CLEAR,DAYLIGHT,TURNING,NOT DIVIDED,,STRAIGHT AND LEVEL,DRY,NO DEFECTS,ON SCENE,NO INJURY / DRIVE AWAY,,,Y,"$501 - $1,500",7/27/2023 14:27,UNABLE TO DETERMINE,UNABLE TO DETERMINE,13177,S,LANGLEY AVE,533,,,,,,,2,NO INDICATION OF INJURY,0,0,0,0,0,2,0,14,5,7,41.65596906,-87.60498318,POINT (-87.604983184456 41.65596906058)
a4f0c4829417543611a378b140fc615acbcaccff22883dbc2ee3f0cde3012ef12eb5ea531d31bd30314c9fc5fdba6e796e57ce4dadf6c719579e118bf3c296a9,,,7/27/2023 10:30,30,TRAFFIC SIGNAL,UNKNOWN,UNKNOWN,DAYLIGHT,REAR END,OTHER,,STRAIGHT AND LEVEL,UNKNOWN,UNKNOWN,NOT ON SCENE (DESK REPORT),NO INJURY / DRIVE AWAY,,,,"$501 - $1,500",7/27/2023 14:45,UNABLE TO DETERMINE,NOT APPLICABLE,9501,S,WESTERN AVE,2213,,,,,,,2,NO INDICATION OF INJURY,0,0,0,0,0,2,0,10,5,7,41.72084893,-87.68191511,POINT (-87.681915112556 41.720848926601)
e68561ff898f43c2134abf405757798ab0a51def41569bd9a3d78bbfcd5674ea12887058dab9b214efac78b056d441492fbe177eb7a13415f6cbf273a444d0c1,,,7/27/2023 9:20,30,NO CONTROLS,NO CONTROLS,CLEAR,DAYLIGHT,TURNING,ALLEY,,STRAIGHT AND LEVEL,DRY,NO DEFECTS,NOT ON SCENE (DESK REPORT),NO INJURY / DRIVE AWAY,,,,"OVER $1,500",7/27/2023 9:38,FAILING TO YIELD RIGHT-OF-WAY,NOT APPLICABLE,4517,W,WILCOX ST,1113,,,,,,,2,NO INDICATION OF INJURY,0,0,0,0,0,2,0,9,5,7,41.87860508,-87.73857401,POINT (-87.738574010533 41.878605076992)
6c79ce7cf952193dc290044341c740b8a3b8653f5bc5e8eb1bca69c20c5e1f0bcc216b2bcb984518be63f8dd1e553003e024460222519e3cb2a41eaa8d6a1964,,,7/27/2023 15:10,30,NO CONTROLS,NO CONTROLS,CLEAR,DAYLIGHT,TURNING,DIVIDED - W/MEDIAN BARRIER,,CURVE ON GRADE,DRY,NO DEFECTS,ON SCENE,INJURY AND / OR TOW DUE TO CRASH,,,,"OVER $1,500",7/27/2023 15:15,DRIVING ON WRONG SIDE/WRONG WAY,DRIVING ON WRONG SIDE/WRONG WAY,4882,W,GRAND AVE,2533,,,,,,,3,NO INDICATION OF INJURY,0,0,0,0,0,4,0,15,5,7,41.91520098,-87.74893362,POINT (-87.748933615701 41.915200977594)
db34fd52ebd8d1c687748152c4216fdbcfc6af1aa9dced9d9337d97afb59b9963b62e53ccfa41c233a44e9925ec4de002ab7d56239736dca86c6d5aea4f0a9cf,,,7/27/2023 10:55,30,NO CONTROLS,NO CONTROLS,CLEAR,DAYLIGHT,TURNING,NOT DIVIDED,,STRAIGHT AND LEVEL,DRY,NO DEFECTS,NOT ON SCENE (DESK REPORT),NO INJURY / DRIVE AWAY,,,,"OVER $1,500",7/27/2023 11:30,FAILING TO YIELD RIGHT-OF-WAY,"VISION OBSCURED (SIGNS, TREE LIMBS, BUILDINGS, ETC.)",248,N,FAIRFIELD AVE,1222,,,,,,,2,NO INDICATION OF INJURY,0,0,0,0,0,2,0,10,5,7,41.88575954,-87.69532918,POINT (-87.695329178448 41.885759537593)
b35444456a9d0a3b088c78845989a0960738431a641bbf276824c52c4a0c25d0da0a15d6062c1e3ebbfadb3c61abff699d852ab7a0b36666ead8714838e72e76,,,7/27/2023 22:55,30,TRAFFIC SIGNAL,FUNCTIONING PROPERLY,CLEAR,"DARKNESS, LIGHTED ROAD",TURNING,DIVIDED - W/MEDIAN (NOT RAISED),,STRAIGHT AND LEVEL,DRY,NO DEFECTS,ON SCENE,INJURY AND / OR TOW DUE TO CRASH,Y,,Y,"OVER $1,500",7/27/2023 22:59,IMPROPER LANE USAGE,IMPROPER LANE USAGE,3201,W,GRAND AVE,1121,,,,,,,2,NO INDICATION OF INJURY,0,0,0,0,0,2,0,22,5,7,41.89822938,-87.7067546,POINT (-87.706754595057 41.898229380959)
122d9ec3bfc438e87e56bdc8f54b6f2e3cc0d56c32923e31c25d76cf42bd8b256551633cf030e2bbded58ea0c9a4da7e5c331ab2017bfb3bfe6b510efb509af5,,,7/26/2023 17:49,30,TRAFFIC SIGNAL,FUNCTIONING PROPERLY,CLEAR,DAYLIGHT,TURNING,FOUR WAY,,STRAIGHT AND LEVEL,DRY,NO DEFECTS,ON SCENE,NO INJURY / DRIVE AWAY,Y,,Y,"$501 - $1,500",7/26/2023 17:51,FOLLOWING TOO CLOSELY,NOT APPLICABLE,2,E,ADAMS ST,112,,,,,,,2,NO INDICATION OF INJURY,0,0,0,0,0,2,0,17,4,7,41.87960177,-87.62764348,POINT (-87.62764347737 41.879601771907)
3945b9edba7d112080da831584987b22a82207be041a5afce74c08c86c255b1019bf39bccfb606de41de7c06cfb73ae8bc4e6142d65915bc2c5e61e9a1cfdda9,,,7/24/2023 21:45,20,NO CONTROLS,NO CONTROLS,CLEAR,"DARKNESS, LIGHTED ROAD",PEDESTRIAN,ONE-WAY,,STRAIGHT AND LEVEL,DRY,NO DEFECTS,NOT ON SCENE (DESK REPORT),INJURY AND / OR TOW DUE TO CRASH,,,Y,"OVER $1,500",7/27/2023 15:50,"OPERATING VEHICLE IN ERRATIC, RECKLESS, CARELESS, NEGLIGENT OR AGGRESSIVE MANNER",UNABLE TO DETERMINE,10,S,DEARBORN ST,112,,,,,,,2,INCAPACITATING INJURY,1,0,1,0,0,1,0,21,2,7,41.88180696,-87.62954312,POINT (-87.629543115394 41.881806960065)
3448f03a086c939b0ec6766977aa1340b8ffe09ea545576898062ecc6200bbcb824b475d1daa112420f7ace1f4eeca287b14bcd203abb603a98e679f78a24559,,,7/27/2023 10:34,10,NO CONTROLS,NO CONTROLS,CLEAR,DAYLIGHT,REAR TO REAR,PARKING LOT,,STRAIGHT AND LEVEL,DRY,NO DEFECTS,ON SCENE,NO INJURY / DRIVE AWAY,,Y,,"OVER $1,500",7/27/2023 10:37,UNABLE TO DETERMINE,NOT APPLICABLE,2304,W,95TH ST,2221,,,,,,,2,NO INDICATION OF INJURY,0,0,0,0,0,2,0,10,5,7,41.72108177,-87.67987116,POINT (-87.679871161398 41.721081774043)
859379fa3dbbc07fe4cc5cc3f0f4e5c0ddc632d5ca6134b1141ee8295bb578cc3b5453f89778a650ad31340a1442eb5cc4ea46674fcd3803421b7ece2b681cc4,,Y,7/24/2023 16:00,25,NO CONTROLS,NO CONTROLS,UNKNOWN,UNKNOWN,PARKED MOTOR VEHICLE,PARKING LOT,,STRAIGHT AND LEVEL,UNKNOWN,UNKNOWN,NOT ON SCENE (DESK REPORT),NO INJURY / DRIVE AWAY,,,Y,"$501 - $1,500",7/27/2023 11:37,UNABLE TO DETERMINE,UNABLE TO DETERMINE,540,N,DEARBORN ST,1831,,,,,,,2,NO INDICATION OF INJURY,0,0,0,0,0,1,0,16,2,7,41.89204537,-87.6298123,POINT (-87.629812295962 41.892045373175)
cfbc17f127991c5ea81e27ed7e660e59bc185d152a762ed42bce8b5e77d706dbd1c9abadf4b2c28e7b3a34e5344f54f05a5c0d460439cf8759ea3253114adc56,,,7/27/2023 18:15,30,NO CONTROLS,NO CONTROLS,CLEAR,DAYLIGHT,TURNING,CENTER TURN LANE,,STRAIGHT AND LEVEL,DRY,NO DEFECTS,ON SCENE,NO INJURY / DRIVE AWAY,,,,"OVER $1,500",7/27/2023 18:22,FAILING TO YIELD RIGHT-OF-WAY,FAILING TO YIELD RIGHT-OF-WAY,6732,S,PULASKI RD,833,,,,,,,2,NO INDICATION OF INJURY,0,0,0,0,0,2,0,18,5,7,41.77035254,-87.72269646,POINT (-87.72269645645 41.770352538667)
054753313bf5d875cb50f001f6fbc8058bc6450fdd201977ea2c015247bf2f4515c9c003a182442841972d53b6ae2f5c14af09a7b7d9ad574b33d103f1d805bf,,,7/25/2023 16:40,25,NO CONTROLS,NO CONTROLS,CLEAR,DAYLIGHT,TURNING,NOT DIVIDED,,STRAIGHT AND LEVEL,DRY,NO DEFECTS,ON SCENE,INJURY AND / OR TOW DUE TO CRASH,Y,,,"OVER $1,500",7/25/2023 16:42,FAILING TO YIELD RIGHT-OF-WAY,NOT APPLICABLE,10600,S,AVENUE C,432,,,,,,,2,NONINCAPACITATING INJURY,3,0,0,3,0,0,0,16,3,7,41.70260189,-87.52710759,POINT (-87.527107589829 41.702601893373)
8194ae12b51fcb489123283b6dd653dd91ba88d9c03cc136b2bdc844be54dcdea3a5eb1d0b7c0ff0ca1ffdfd4f7390e82df989fe77af8a63de0fc284ab1c2480,,,7/27/2023 22:40,30,NO CONTROLS,NO CONTROLS,CLEAR,"DARKNESS, LIGHTED ROAD",SIDESWIPE SAME DIRECTION,ONE-WAY,,STRAIGHT AND LEVEL,DRY,NO DEFECTS,NOT ON SCENE (DESK REPORT),NO INJURY / DRIVE AWAY,,,Y,$500 OR LESS,7/27/2023 23:50,UNABLE TO DETERMINE,UNABLE TO DETERMINE,7524,S,ESSEX AVE,421,,,,,,,2,NO INDICATION OF INJURY,0,0,0,0,0,4,0,22,5,7,41.75825055,-87.56407875,POINT (-87.564078753042 41.758250552294)
ef4b65559c5c860c4d56015ecfe385004bb91997e0593014e30f2ed40e1392b9f29a6e9bdbe4d782f582651b05b8d15f3a96adc39c39b02d96c6ebb3c858b6d2,,,7/27/2023 14:00,15,NO CONTROLS,NO CONTROLS,CLEAR,DAYLIGHT,PARKED MOTOR VEHICLE,ALLEY,,STRAIGHT AND LEVEL,DRY,NO DEFECTS,NOT ON SCENE (DESK REPORT),NO INJURY / DRIVE AWAY,,,,$500 OR LESS,7/27/2023 15:00,IMPROPER OVERTAKING/PASSING,NOT APPLICABLE,8647,S,COTTAGE GROVE AVE,632,,,,,,,2,NO INDICATION OF INJURY,0,0,0,0,0,2,0,14,5,7,41.73707998,-87.60468808,POINT (-87.604688078347 41.737079975428)
62b9aef69caca3642eb209b3b74109644b05f8542ee63d5f8d7b8490ebb050439b84e9bbb49ba0751452db738bb8245ca5e7e7c5c9b0342418c8a43349282676,,,7/27/2023 12:57,30,TRAFFIC SIGNAL,FUNCTIONING PROPERLY,CLEAR,DAYLIGHT,PEDALCYCLIST,FOUR WAY,,STRAIGHT AND LEVEL,DRY,NO DEFECTS,ON SCENE,INJURY AND / OR TOW DUE TO CRASH,Y,,,"OVER $1,500",7/27/2023 12:57,DISREGARDING TRAFFIC SIGNALS,FAILING TO REDUCE SPEED TO AVOID CRASH,1002,N,PULASKI RD,1111,,Y,,,,,2,INCAPACITATING INJURY,1,0,1,0,0,2,0,12,5,7,41.89916545,-87.72634406,POINT (-87.72634405888 41.899165452656)