CRASH_RECORD_ID,RD_NO,CRASH_DATE_EST_I,CRASH_DATE,POSTED_SPEED_LIMIT,TRAFFIC_CONTROL_DEVICE,DEVICE_CONDITION,WEATHER_CONDITION,LIGHTING_CONDITION,FIRST_CRASH_TYPE,TRAFFICWAY_TYPE,LANE_CNT,ALIGNMENT,ROADWAY_SURFACE_COND,ROAD_DEFECT,REPORT_TYPE,CRASH_TYPE,INTERSECTION_RELATED_I,NOT_RIGHT_OF_WAY_I,HIT_AND_RUN_I,DAMAGE,DATE_POLICE_NOTIFIED,PRIM_CONTRIBUTORY_CAUSE,SEC_CONTRIBUTORY_CAUSE,STREET_NO,STREET_DIRECTION,STREET_NAME,BEAT_OF_OCCURRENCE,PHOTOS_TAKEN_I,STATEMENTS_TAKEN_I,DOORING_I,WORK_ZONE_I,WORK_ZONE_TYPE,WORKERS_PRESENT_I,NUM_UNITS,MOST_SEVERE_INJURY,INJURIES_TOTAL,INJURIES_FATAL,INJURIES_INCAPACITATING,INJURIES_NON_INCAPACITATING,INJURIES_REPORTED_NOT_EVIDENT,INJURIES_NO_INDICATION,INJURIES_UNKNOWN,CRASH_HOUR,CRASH_DAY_OF_WEEK,CRASH_MONTH,LATITUDE,LONGITUDE,LOCATION
2c1ab9b1badaa0f634a1a6e6e4f3bdd3995788d070f3f4c04d029cb49d6763c430d0090b2def9751beb2d08f3ff95347faa71b48b36f27c903bad1ad9834894f,,,7/27/2023 14:06,30,NO CONTROLS,NO CONTROLS,CLEAR,DAYLIGHT,REAR END,NOT DIVIDED,,STRAIGHT AND LEVEL,DRY,NO DEFECTS,NOT ON SCENE (DESK REPORT),NO INJURY / DRIVE AWAY,,,,"OVER $1,500",7/27/2023 14:30,EQUIPMENT - VEHICLE CONDITION,FOLLOWING TOO CLOSELY,5243,W,GRAND AVE,2515,,,,,,,2,NO INDICATION OF INJURY,0,0,0,0,0,2,0,14,5,7,41.91712385,-87.75755337,POINT (-87.757553370935 41.917123853668)
4b8a23a22ac6709b205b86c3c70feb91477bab29c15fa3672ea00ea1e583165e2489e13368ae627abddcf48e6311f26fb41d6ba68ce9d7c8b2ccc8cb05a95317,,,7/26/2023 15:20,20,NO CONTROLS,NO CONTROLS,CLEAR,DAYLIGHT,TURNING,DIVIDED - W/MEDIAN (NOT RAISED),,STRAIGHT AND LEVEL,DRY,UNKNOWN,ON SCENE,INJURY AND / OR TOW DUE TO CRASH,,,Y,"OVER $1,500",7/26/2023 15:35,NOT APPLICABLE,NOT APPLICABLE,1215,E,87TH ST,412,,,,,,,2,NONINCAPACITATING INJURY,1,0,0,1,0,1,0,15,4,7,41.73668265,-87.59463628,POINT (-87.59463627942 41.736682646877)
2914a50f313f4396cf72cb0f6f513981922476dcbb1212cac03fadc716ee7c4052aac12178f55160a30be32319c678feab07e1cd682f64561e712c87af2666e7,,,7/25/2023 10:00,30,NO CONTROLS,NO CONTROLS,CLEAR,DAYLIGHT,PARKED MOTOR VEHICLE,NOT DIVIDED,,STRAIGHT AND LEVEL,DRY,NO DEFECTS,NOT ON SCENE (DESK REPORT),NO INJURY / DRIVE AWAY,,,,"OVER $1,500",7/27/2023 15:30,UNABLE TO DETERMINE,NOT APPLICABLE,1625,S,ASHLAND AVE,1233,,,,,,,2,NO INDICATION OF INJURY,0,0,0,0,0,1,0,10,3,7,41.85881009,-87.66603442,POINT (-87.666034415731 41.858810090919)
ecfa2df245c9fce119dc0ffaa90e60d267cd6a6b590aafd47a7f289a13d4a70da4b15d9813c614811140503e5b16f0f4a6afbf9dd8751810d586716f8195a837,,,7/27/2023 16:30,30,NO CONTROLS,NO CONTROLS,CLEAR,DAYLIGHT,PARKED MOTOR VEHICLE,PARKING LOT,,STRAIGHT AND LEVEL,DRY,NO DEFECTS,NOT ON SCENE (DESK REPORT),NO INJURY / DRIVE AWAY,,,,"$501 - $1,500",7/27/2023 19:47,NOT APPLICABLE,NOT APPLICABLE,8245,S,CICERO AVE,834,,,,,,,2,NO INDICATION OF INJURY,0,0,0,0,0,1,0,16,5,7,41.74246114,-87.74097733,POINT (-87.740977324806 41.742461137969)
8e224df87a4d4f3e8f931864c43d340376665fbd14fb49f9d5d868f925280631bfcb2798928b7db897ddea18400fd980447a5eba144a002e71c217d081128e90,,,7/27/2023 8:00,30,NO CONTROLS,NO CONTROLS,CLEAR,DAYLIGHT,PARKED MOTOR VEHICLE,ONE-WAY,,STRAIGHT AND LEVEL,DRY,UNKNOWN,ON SCENE,INJURY AND / OR TOW DUE TO CRASH,,,Y,"OVER $1,500",7/27/2023 9:00,UNABLE TO DETERMINE,UNABLE TO DETERMINE,5630,S,HOMAN AVE,822,,,,,,,2,NO INDICATION OF INJURY,0,0,0,0,0,1,0,8,5,7,41.79068527,-87.70852741,POINT (-87.708527409298 41.790685266304)
6634a28096193b739579c5822d632be0acc5fad59db8a2a4b6bda6f37529f7455aada46c117bebbe4577c506047f2c5c9a72670c3005ea180da3de8494f19c2c,,,7/26/2023 11:50,30,NO CONTROLS,NO CONTROLS,RAIN,DAYLIGHT,SIDESWIPE SAME DIRECTION,NOT DIVIDED,,STRAIGHT AND LEVEL,WET,NO DEFECTS,NOT ON SCENE (DESK REPORT),NO INJURY / DRIVE AWAY,,,,"OVER $1,500",7/26/2023 12:30,WEATHER,NOT APPLICABLE,1001,N,LAKE SHORE DR NB,1824,,,,,,,2,NO INDICATION OF INJURY,0,0,0,0,0,2,0,11,4,7,41.90116542,-87.61958231,POINT (-87.619582305888 41.901165415908)
79ead72bd94c40a85ae0e970e47ac7896b1a4c4da260ecf0fb2cde10ecaed07b58759abde26bc5e62ae2c3426c0125bf9a477f86a72752de0a56c55fe85e7c02,,,7/22/2023 9:30,30,NO CONTROLS,NO CONTROLS,CLEAR,DAYLIGHT,SIDESWIPE SAME DIRECTION,ONE-WAY,,STRAIGHT AND LEVEL,DRY,NO DEFECTS,NOT ON SCENE (DESK REPORT),NO INJURY / DRIVE AWAY,,,,"OVER $1,500",7/27/2023 17:11,IMPROPER OVERTAKING/PASSING,NOT APPLICABLE,5748,S,NOTTINGHAM AVE,811,,,,,,,2,NO INDICATION OF INJURY,0,0,0,0,0,2,0,9,7,7,41.78693913,-87.79893538,POINT (-87.798935382994 41.786939126869)
d4569999617fa69b668f96f5da4f524553b72695bc6ba65162576824e9cb751dc3f451156023d74fce13bf7dc7d414dd91eeb4ee617574e8b027211cd5d516bb,,,7/27/2023 18:30,30,TRAFFIC SIGNAL,UNKNOWN,UNKNOWN,UNKNOWN,REAR END,FOUR WAY,,STRAIGHT AND LEVEL,UNKNOWN,UNKNOWN,NOT ON SCENE (DESK REPORT),INJURY AND / OR TOW DUE TO CRASH,Y,,,"OVER $1,500",7/27/2023 21:00,UNABLE TO DETERMINE,NOT APPLICABLE,7900,S,VINCENNES AVE,621,,,,,,,2,NONINCAPACITATING INJURY,1,0,0,1,0,1,0,18,5,7,41.75075039,-87.63438435,POINT (-87.634384345423 41.750750386696)
e52416e633672c99701a957cdbb6a24832caf599737e88239e6d1dc6a46e39007a73173f6c802f0c76e385b62c8f8e68f745583dcc45e76d7454e641022882fe,,,7/27/2023 7:50,30,NO CONTROLS,NO CONTROLS,CLEAR,DAYLIGHT,SIDESWIPE SAME DIRECTION,DIVIDED - W/MEDIAN (NOT RAISED),,STRAIGHT AND LEVEL,DRY,NO DEFECTS,ON SCENE,NO INJURY / DRIVE AWAY,,,Y,$500 OR LESS,7/27/2023 11:00,UNABLE TO DETERMINE,UNABLE TO DETERMINE,2125,W,IRVING PARK RD,1921,,,,,,,2,NO INDICATION OF INJURY,0,0,0,0,0,2,0,7,5,7,41.95399384,-87.68233625,POINT (-87.682336248804 41.953993840498)
6ab9c506093d03d64577be34c66dcf795056bca23e61e6831b8e6bcca76af734651e5df9537c2174f78c1218659f6dd5102db557bf2cab4df30834275f9824d2,,,7/27/2023 16:45,30,TRAFFIC SIGNAL,FUNCTIONING IMPROPERLY,CLEAR,DAYLIGHT,REAR END,ONE-WAY,,STRAIGHT AND LEVEL,DRY,NO DEFECTS,NOT ON SCENE (DESK REPORT),NO INJURY / DRIVE AWAY,,,,$500 OR LESS,7/27/2023 16:54,UNABLE TO DETERMINE,NOT APPLICABLE,800,S,DESPLAINES ST,124,,,,,,,2,NO INDICATION OF INJURY,0,0,0,0,0,2,0,16,5,7,41.87193249,-87.64395908,POINT (-87.643959076928 41.871932487976)
d760458a2947116d4d9fc8a0b62ad0cbd3cb6373f1ef6a79f49d545acac42b1d5ecc69da60407c773292b804d3698ae9fe606b1a63a576b6aed88db55f93b4bc,,,7/21/2023 22:01,30,TRAFFIC SIGNAL,FUNCTIONING PROPERLY,CLEAR,"DARKNESS, LIGHTED ROAD",REAR END,NOT DIVIDED,,STRAIGHT AND LEVEL,DRY,NO DEFECTS,NOT ON SCENE (DESK REPORT),NO INJURY / DRIVE AWAY,,,Y,"$501 - $1,500",7/21/2023 22:45,FAILING TO REDUCE SPEED TO AVOID CRASH,UNABLE TO DETERMINE,3129,N,ASHLAND AVE,1932,,,,,,,2,NO INDICATION OF INJURY,0,0,0,0,0,4,0,22,6,7,41.93878339,-87.66848377,POINT (-87.668483771513 41.938783392196)
35f08650e9d4966a3da35390e47ee17eeebe1165cb50db80dc27bbea45090b1ea892e2d51d5fa01e922806eaf76b535645a029abe382b7b15e71f7b3f65a78c6,,,7/27/2023 15:35,30,NO CONTROLS,NO CONTROLS,CLEAR,DAYLIGHT,SIDESWIPE SAME DIRECTION,ONE-WAY,,STRAIGHT AND LEVEL,DRY,UNKNOWN,ON SCENE,NO INJURY / DRIVE AWAY,,,Y,"OVER $1,500",7/27/2023 16:15,IMPROPER OVERTAKING/PASSING,UNABLE TO DETERMINE,608,N,LATROBE AVE,1524,,,,,,,2,NO INDICATION OF INJURY,0,0,0,0,0,3,0,15,5,7,41.89149738,-87.75684586,POINT (-87.756845859939 41.891497381733)
4586c8c06bef13a7908c164b6e5158cb92fbd9a01f75c33c465f72387ebc85635563488ee12d5bc0bf9869ef6789ecb3eb5c37d21752fea041a75a92daf9d8e3,,,7/26/2023 22:30,30,NO CONTROLS,NO CONTROLS,CLEAR,DAYLIGHT,TURNING,DIVIDED - W/MEDIAN (NOT RAISED),,STRAIGHT AND LEVEL,DRY,NO DEFECTS,ON SCENE,NO INJURY / DRIVE AWAY,,,,"OVER $1,500",7/26/2023 22:30,FAILING TO YIELD RIGHT-OF-WAY,FOLLOWING TOO CLOSELY,1956,W,35TH ST,912,,,,,,,3,NO INDICATION OF INJURY,0,0,0,0,0,3,0,22,4,7,41.83050123,-87.67513698,POINT (-87.675136984335 41.830501233375)
1d9a068484af09633ec04d12ce5414687b4657ae7bb983ac647fbb33cf621e47c2b0eb7a18eda135d44afac6bab7888673feb4387c7f8ef75006ef56f7cb30b7,,,7/27/2023 17:40,30,NO CONTROLS,NO CONTROLS,CLEAR,DAYLIGHT,ANGLE,NOT DIVIDED,,STRAIGHT AND LEVEL,DRY,NO DEFECTS,ON SCENE,INJURY AND / OR TOW DUE TO CRASH,,,,"OVER $1,500",7/27/2023 20:50,FAILING TO YIELD RIGHT-OF-WAY,UNABLE TO DETERMINE,4667,N,SIMONDS DR,1914,,,,,,,2,"REPORTED, NOT EVIDENT",1,0,0,0,1,4,0,17,5,7,41.96789742,-87.64420144,POINT (-87.644201444301 41.967897414553)
1ad9f650b3c0928fe4150d555568e607360d8010af3610d0e51462fcb71d4969c7fef1777dca951ba989601a730c6fb2b0ff5e07bb2e7536bfba291d2972645c,,,7/27/2023 6:30,30,STOP SIGN/FLASHER,FUNCTIONING PROPERLY,CLEAR,DAYLIGHT,ANGLE,NOT DIVIDED,,STRAIGHT AND LEVEL,DRY,NO DEFECTS,ON SCENE,NO INJURY / DRIVE AWAY,Y,,,"OVER $1,500",7/27/2023 6:48,FAILING TO YIELD RIGHT-OF-WAY,NOT APPLICABLE,3359,W,26TH ST,1032,,,,,,,2,NO INDICATION OF INJURY,0,0,0,0,0,2,0,6,5,7,41.84434125,-87.70984659,POINT (-87.709846592065 41.844341253303)
0192512b3a9eca8b002f1ea74418a395568365e5d11ff02ca95827c6aa04dc74cbadcd8a01b8ce063255ea1e4a20abcaa08887d20964d34388814ff56282bc48,,,7/27/2023 14:50,30,TRAFFIC SIGNAL,FUNCTIONING PROPERLY,CLEAR,DAYLIGHT,REAR END,DIVIDED - W/MEDIAN (NOT RAISED),,STRAIGHT AND LEVEL,DRY,UNKNOWN,NOT ON SCENE (DESK REPORT),NO INJURY / DRIVE AWAY,,,Y,"OVER $1,500",7/27/2023 16:20,NOT APPLICABLE,NOT APPLICABLE,1598,W,NORTH AVE,1433,,,,,,,2,NO INDICATION OF INJURY,0,0,0,0,0,4,0,14,5,7,41.91074092,-87.66763486,POINT (-87.667634856615 41.910740920066)
3ec008901569da5563a8f985d764771a4cf33d6161d126ac3a6960b5e18d9ff5f71474c5340ccaca0552e367cb7b36361c80220f903f2680372c5c49b4c3de55,,,7/25/2023 13:07,35,TRAFFIC SIGNAL,FUNCTIONING PROPERLY,CLEAR,DAYLIGHT,TURNING,T-INTERSECTION,,STRAIGHT AND LEVEL,DRY,NO DEFECTS,ON SCENE,NO INJURY / DRIVE AWAY,Y,,Y,"OVER $1,500",7/25/2023 13:09,FAILING TO YIELD RIGHT-OF-WAY,UNABLE TO DETERMINE,4045,S,CICERO AVE,815,,,,,,,2,NO INDICATION OF INJURY,0,0,0,0,0,2,0,13,3,7,41.81940716,-87.74332931,POINT (-87.743329305851 41.819407161486)
83f0983deaf4ec1fcbeac2fc0113dd8720c6e0ae0805bbb6b1d6c55cdd314929ed46157cb5e06a93d4b2db3b2326443ccf0a92f575f1bfecffc3c95347a7d637,,,7/27/2023 7:15,30,NO CONTROLS,NO CONTROLS,CLEAR,DAYLIGHT,FIXED OBJECT,T-INTERSECTION,,STRAIGHT AND LEVEL,DRY,NO DEFECTS,ON SCENE,NO INJURY / DRIVE AWAY,Y,,,"$501 - $1,500",7/27/2023 7:24,DRIVING SKILLS/KNOWLEDGE/EXPERIENCE,NOT APPLICABLE,2950,N,WESTERN AVE,1411,,,,,,,1,NO INDICATION OF INJURY,0,0,0,0,0,1,0,7,5,7,41.93569208,-87.68812577,POINT (-87.68812577155 41.935692076293)
1d3a1ad2c0742e77d47e76b7e38810a6370780b418609c49b9d35c8f863bc076cfcf9f8604be508a99cb02c0634c5761275a80a75d86b255b76298edc3f0cafa,,,7/27/2023 14:25,30,NO CONTROLS,NO CONTROLS,CLEAR,DAYLIGHT,TURNING,ALLEY,,STRAIGHT AND LEVEL,DRY,NO DEFECTS,ON SCENE,NO INJURY / DRIVE AWAY,,,,"OVER $1,500",7/27/2023 15:00,UNABLE TO DETERMINE,UNABLE TO DETERMINE,117,E,49TH ST,224,,,,,,,2,NO INDICATION OF INJURY,0,0,0,0,0,2,0,14,5,7,41.80554782,-87.62192838,POINT (-87.62192837929 41.805547820457)
ae3b6ad862a2c1b792f5a1da155ea6145a5f52aa375be1f679aeb4551c3df6de4fa2a9ecc5f260c248e3bfdac62ef4a2cde5522f07c29d915ac7f78537637186,,,7/22/2023 4:40,30,NO CONTROLS,NO CONTROLS,CLEAR,"DARKNESS, LIGHTED ROAD",FIXED OBJECT,DIVIDED - W/MEDIAN (NOT RAISED),,STRAIGHT AND LEVEL,DRY,NO DEFECTS,ON SCENE,INJURY AND / OR TOW DUE TO CRASH,,,Y,"OVER $1,500",7/22/2023 4:50,UNABLE TO DETERMINE,NOT APPLICABLE,12900,S,AVENUE O,433,,,,,,,1,NO INDICATION OF INJURY,0,0,0,0,0,1,0,4,7,7,41.66085838,-87.54003743,POINT (-87.540037432549 41.660858380415)
f5e3fceb1c67e3b3232f3964f66c347a8824a00aa504c88d47414df37fb6579e848d2494a5aab419ef79d168065f50771bd503a65bd87933f2db27aa19618c53,,,7/24/2023 15:10,30,NO CONTROLS,NO CONTROLS,CLEAR,DAYLIGHT,PARKED MOTOR VEHICLE,ONE-WAY,,STRAIGHT AND LEVEL,DRY,NO DEFECTS,NOT ON SCENE (DESK REPORT),NO INJURY / DRIVE AWAY,,,,"OVER $1,500",7/27/2023 20:00,NOT APPLICABLE,NOT APPLICABLE,1331,W,73RD PL,734,,,,,,,2,NO INDICATION OF INJURY,0,0,0,0,0,1,0,15,2,7,41.76033051,-87.65852382,POINT (-87.658523816545 41.760330507898)
b58d97d8f473df67d68aede830104c302d80887ad0db347cfbb148e65058c4e003dce626cdb19664b066efb6c61d4e965cfb484b6779b6a922ebeb7c90dffac1,,,7/21/2023 16:30,30,NO CONTROLS,NO CONTROLS,CLEAR,DAYLIGHT,PARKED MOTOR VEHICLE,NOT DIVIDED,,STRAIGHT AND LEVEL,DRY,NO DEFECTS,NOT ON SCENE (DESK REPORT),INJURY AND / OR TOW DUE TO CRASH,,,,"OVER $1,500",7/26/2023 13:00,UNABLE TO DETERMINE,NOT APPLICABLE,5833,W,WASHINGTON BLVD,1513,,,,,,,2,NO INDICATION OF INJURY,0,0,0,0,0,1,0,16,6,7,41.88204895,-87.77119595,POINT (-87.77119595407 41.882048947681)
eaa72eb89cab991b9ab72a1ba472e2d30ccbb66002582a191dfd9705c273304386c2b38d47cbdb40bc0e25b5ac56fdfe9c5f690e396e4f4171e932fcb4d4af9c,,,7/27/2023 15:50,30,NO CONTROLS,NO CONTROLS,CLEAR,DAYLIGHT,SIDESWIPE SAME DIRECTION,NOT DIVIDED,,STRAIGHT AND LEVEL,DRY,NO DEFECTS,ON SCENE,INJURY AND / OR TOW DUE TO CRASH,,,,"OVER $1,500",7/27/2023 15:50,FAILING TO YIELD RIGHT-OF-WAY,NOT APPLICABLE,5845,W,DIVISION ST,1511,,,,,,,2,NO INDICATION OF INJURY,0,0,0,0,0,2,0,15,5,7,41.90193471,-87.77228648,POINT (-87.772286476132 41.901934714088)
fe5becb3b83f02b617629ac1362dda9dbebcd43e2c9d7d0302102853179073234122069fe2f3c76f8dcb75a16a910b30950af3a4195bf3dcc3a1df3d1c89838a,,,7/25/2023 18:35,30,TRAFFIC SIGNAL,FUNCTIONING PROPERLY,CLEAR,DAYLIGHT,REAR END,DIVIDED - W/MEDIAN BARRIER,,STRAIGHT AND LEVEL,DRY,NO DEFECTS,NOT ON SCENE (DESK REPORT),NO INJURY / DRIVE AWAY,,,,"$501 - $1,500",7/27/2023 18:50,FOLLOWING TOO CLOSELY,UNABLE TO DETERMINE,100,S,ASHLAND AVE,1224,,,,,,,2,NO INDICATION OF INJURY,0,0,0,0,0,2,0,18,3,7,41.8801009,-87.66690182,POINT (-87.666901818788 41.880100902477)
cc352c537bd88dfd52cc4390129e465002fec0b5a7eb4c3ec70bab73b84d7458c75c09017d7f9b09e67e50ebdf721b1c4bbe20a3a5c8d8f1cee7ed7182c14814,,,7/27/2023 13:10,30,OTHER,OTHER,CLEAR,DAYLIGHT,REAR END,DIVIDED - W/MEDIAN (NOT RAISED),,STRAIGHT AND LEVEL,DRY,NO DEFECTS,NOT ON SCENE (DESK REPORT),NO INJURY / DRIVE AWAY,,,,"$501 - $1,500",7/27/2023 13:20,FOLLOWING TOO CLOSELY,UNABLE TO DETERMINE,2348,W,63RD ST,825,,,,,,,2,NO INDICATION OF INJURY,0,0,0,0,0,2,0,13,5,7,41.77929374,-87.68311976,POINT (-87.683119761255 41.779293742978)
326b414de9109f6a3a99536c8b671f780013525ba596cf486df9135c61c01b7aa0edb970fed035203c74113c70e09d7b2b52b82914ff155aa9294e5947a2ea2c,,,7/27/2023 17:11,30,TRAFFIC SIGNAL,FUNCTIONING PROPERLY,CLEAR,DAYLIGHT,TURNING,FOUR WAY,,STRAIGHT AND LEVEL,DRY,NO DEFECTS,ON SCENE,INJURY AND / OR TOW DUE TO CRASH,Y,,,"OVER $1,500",7/27/2023 17:16,PHYSICAL CONDITION OF DRIVER,NOT APPLICABLE,3999,W,103RD ST,2211,,,,,,,2,"REPORTED, NOT EVIDENT",2,0,0,0,2,1,0,17,5,7,41.70576565,-87.72085479,POINT (-87.720854786534 41.705765652857)
8c54985173d9d9e0115aace20e790cb0a2a830152295111336df79c69b1d953b3df5a21ab1e0a78507378ff1db5f47571ed71e41f8856588b3ba1bbabab3b600,,,7/27/2023 5:00,30,TRAFFIC SIGNAL,FUNCTIONING PROPERLY,CLEAR,"DARKNESS, LIGHTED ROAD",TURNING,NOT DIVIDED,,STRAIGHT AND LEVEL,DRY,NO DEFECTS,ON SCENE,INJURY AND / OR TOW DUE TO CRASH,Y,,,"OVER $1,500",7/27/2023 5:01,FAILING TO YIELD RIGHT-OF-WAY,UNABLE TO DETERMINE,3310,N,PULASKI RD,1731,,,,,,,2,"REPORTED, NOT EVIDENT",1,0,0,0,1,1,0,5,5,7,41.94115043,-87.72739309,POINT (-87.727393087269 41.941150429285)
7d2705bf96bef6ad43c40edced307871554755c01ac985006deb7a6437d2c25970b03f9fe1317efe90a6a4abbbc94c087b13ee0f80d649fe58558f55e91bd5a5,,,7/27/2023 12:40,30,STOP SIGN/FLASHER,FUNCTIONING PROPERLY,CLEAR,DAYLIGHT,TURNING,TRAFFIC ROUTE,,STRAIGHT AND LEVEL,DRY,NO DEFECTS,ON SCENE,INJURY AND / OR TOW DUE TO CRASH,Y,,Y,"OVER $1,500",7/27/2023 12:41,FAILING TO YIELD RIGHT-OF-WAY,UNABLE TO DETERMINE,950,E,130TH ST,532,,Y,,,,,2,NONINCAPACITATING INJURY,1,0,0,1,0,1,0,12,5,7,41.65939747,-87.59923824,POINT (-87.599238238137 41.659397468734)
c5169fc1d959737252039de15057a736ee56659f19933eff4095a488e1a8261a3e6ba523d8887d413464049d1e1ef0a0aefc024f9085306bab8c75ba3f5685ea,,,7/27/2023 20:00,25,NO CONTROLS,NO CONTROLS,CLEAR,DAYLIGHT,FIXED OBJECT,ALLEY,,STRAIGHT AND LEVEL,DRY,NO DEFECTS,NOT ON SCENE (DESK REPORT),NO INJURY / DRIVE AWAY,,,,"$501 - $1,500",7/27/2023 20:50,NOT APPLICABLE,NOT APPLICABLE,2902,S,NORMAL AVE,914,,,,,,,1,NO INDICATION OF INJURY,0,0,0,0,0,2,0,20,5,7,41.84163212,-87.6392078,POINT (-87.639207795126 41.841632116366)
3ba30c66a469db83612dedfce9998a4c0ff8b3d04658e1882d6075e513b35e76d001fb13c236170eeaa8057712f6bd7326b694ee2b6a1a758a435feb851e84e4,,,7/26/2023 16:00,30,STOP SIGN/FLASHER,FUNCTIONING PROPERLY,CLEAR,DAYLIGHT,REAR END,NOT DIVIDED,,STRAIGHT AND LEVEL,DRY,NO DEFECTS,NOT ON SCENE (DESK REPORT),NO INJURY / DRIVE AWAY,,,,"OVER $1,500",7/26/2023 20:00,UNABLE TO DETERMINE,NOT APPLICABLE,3624,W,DIVISION ST,2535,,,,,,,2,NO INDICATION OF INJURY,0,0,0,0,0,2,0,16,4,7,41.90285537,-87.71772227,POINT (-87.717722272506 41.902855366737)
9c3eb50fd21cfcfe7d3619fd64a69dfa1dc13f9425d8407e8561c6abfa6ae02b45975d00d4ebb0c1f1d9d985fb56adca87aa03acf1f0b0574aba86086d5d5504,,,7/27/2023 0:00,30,NO CONTROLS,NO CONTROLS,CLEAR,DAYLIGHT,REAR END,DIVIDED - W/MEDIAN (NOT RAISED),,STRAIGHT AND LEVEL,DRY,NO DEFECTS,NOT ON SCENE (DESK REPORT),NO INJURY / DRIVE AWAY,,,,"$501 - $1,500",7/27/2023 16:45,FAILING TO REDUCE SPEED TO AVOID CRASH,UNABLE TO DETERMINE,1132,W,BELMONT AVE,1924,,,,,,,2,NO INDICATION OF INJURY,0,0,0,0,0,2,0,0,5,7,41.93996597,-87.65781572,POINT (-87.657815717394 41.939965971437)
d69fcc622cc768e8089d4794c3b431f64a7578329cdaea546005e4bcfa82bfce96e21ed38abe71c85861b43fb7657a52becb1eeae2fc4b6a0d4075b3d381da43,,,7/27/2023 10:12,30,NO CONTROLS,NO CONTROLS,CLEAR,DAYLIGHT,PEDESTRIAN,NOT DIVIDED,,STRAIGHT AND LEVEL,UNKNOWN,UNKNOWN,ON SCENE,INJURY AND / OR TOW DUE TO CRASH,,,,"OVER $1,500",7/27/2023 10:24,UNABLE TO DETERMINE,UNABLE TO DETERMINE,1821,W,ADDISON ST,1922,,,,,,,2,NONINCAPACITATING INJURY,1,0,0,1,0,1,0,10,5,7,41.94679845,-87.67484566,POINT (-87.674845658218 41.946798453577)
7110a3e72eba0b7ac0dbab939e648b08042d60f81d4008fbb11369ce7b2018537aa6edd7995f547756fb3b898f4a1cdffda0d781308ab9982327c0a0cda93597,,,7/27/2023 11:17,25,NO CONTROLS,NO CONTROLS,CLEAR,DAYLIGHT,SIDESWIPE OPPOSITE DIRECTION,NOT DIVIDED,,STRAIGHT AND LEVEL,DRY,NO DEFECTS,NOT ON SCENE (DESK REPORT),NO INJURY / DRIVE AWAY,,,,"OVER $1,500",7/27/2023 11:17,IMPROPER LANE USAGE,NOT APPLICABLE,4444,W,OHIO ST,1111,,,,,,,2,NO INDICATION OF INJURY,0,0,0,0,0,3,0,11,5,7,41.8914828,-87.7378922,POINT (-87.737892194731 41.891482802386)
5a32f1d26cb0584dfa3838b3c51ba9fdb9bede3261de11cbbce2b5df5babeef27bddfb95ccf4ee0a7765e604d72317c49c6034a5f1774f7cdc495e4dbf8f82f2,,,7/25/2023 14:28,30,NO CONTROLS,NO CONTROLS,CLEAR,DAYLIGHT,PARKED MOTOR VEHICLE,NOT DIVIDED,,STRAIGHT AND LEVEL,DRY,NO DEFECTS,ON SCENE,NO INJURY / DRIVE AWAY,,,Y,"$501 - $1,500",7/25/2023 14:28,UNABLE TO DETERMINE,UNABLE TO DETERMINE,1920,W,CHICAGO AVE,1212,,,,,,,2,NO INDICATION OF INJURY,0,0,0,0,0,1,0,14,3,7,41.89604619,-87.67552033,POINT (-87.675520325382 41.896046191994)
405c55bf1c2e5fe20d361fe336b362cf0e74156fb3ba5b39394ad92e91f5d4cdcda2a051123e9f925cc0d0e937e401e0a873a46630448ee47ece61c28dab2874,,Y,7/27/2023 11:45,30,NO CONTROLS,NO CONTROLS,CLEAR,DAYLIGHT,REAR TO SIDE,NOT DIVIDED,,STRAIGHT AND LEVEL,DRY,NO DEFECTS,ON SCENE,NO INJURY / DRIVE AWAY,,,,"OVER $1,500",7/27/2023 11:50,UNABLE TO DETERMINE,UNABLE TO DETERMINE,9255,S,WESTERN AVE,2221,,,,,,,2,NO INDICATION OF INJURY,0,0,0,0,0,2,0,11,5,7,41.72482906,-87.68203867,POINT (-87.682038671643 41.724829062469)
1834a4c655851ea5efe8971f38ae79fe9e1f6d10dc5bdfdecb838755b6f212a2ca02655e307d21e522b4731229621853c6aea5d87f8ffde0b1990d1b2e9f41cd,,,7/27/2023 13:35,30,TRAFFIC SIGNAL,FUNCTIONING PROPERLY,CLEAR,DAYLIGHT,TURNING,FOUR WAY,,STRAIGHT AND LEVEL,DRY,NO DEFECTS,NOT ON SCENE (DESK REPORT),INJURY AND / OR TOW DUE TO CRASH,Y,,,"OVER $1,500",7/27/2023 13:40,FAILING TO YIELD RIGHT-OF-WAY,FAILING TO YIELD RIGHT-OF-WAY,3501,W,ROOSEVELT RD,1021,,,,,,,2,NO INDICATION OF INJURY,0,0,0,0,0,2,0,13,5,7,41.86620879,-87.71310124,POINT (-87.713101238287 41.866208793006)