CRASH_RECORD_ID,RD_NO,CRASH_DATE_EST_I,CRASH_DATE,POSTED_SPEED_LIMIT,TRAFFIC_CONTROL_DEVICE,DEVICE_CONDITION,WEATHER_CONDITION,LIGHTING_CONDITION,FIRST_CRASH_TYPE,TRAFFICWAY_TYPE,LANE_CNT,ALIGNMENT,ROADWAY_SURFACE_COND,ROAD_DEFECT,REPORT_TYPE,CRASH_TYPE,INTERSECTION_RELATED_I,NOT_RIGHT_OF_WAY_I,HIT_AND_RUN_I,DAMAGE,DATE_POLICE_NOTIFIED,PRIM_CONTRIBUTORY_CAUSE,SEC_CONTRIBUTORY_CAUSE,STREET_NO,STREET_DIRECTION,STREET_NAME,BEAT_OF_OCCURRENCE,PHOTOS_TAKEN_I,STATEMENTS_TAKEN_I,DOORING_I,WORK_ZONE_I,WORK_ZONE_TYPE,WORKERS_PRESENT_I,NUM_UNITS,MOST_SEVERE_INJURY,INJURIES_TOTAL,INJURIES_FATAL,INJURIES_INCAPACITATING,INJURIES_NON_INCAPACITATING,INJURIES_REPORTED_NOT_EVIDENT,INJURIES_NO_INDICATION,INJURIES_UNKNOWN,CRASH_HOUR,CRASH_DAY_OF_WEEK,CRASH_MONTH,LATITUDE,LONGITUDE,LOCATION
1d0295ac128afa0e93f721c1274ad53bf2af6c5bafd4e2846656e13e42f4f9e40d0fde8ac8a6691d86f780a6b900333acb03274c7c45d931e495695f5e9dbaf5,,,7/28/2023 0:03,30,TRAFFIC SIGNAL,FUNCTIONING PROPERLY,CLEAR,"DARKNESS, LIGHTED ROAD",ANGLE,DIVIDED - W/MEDIAN (NOT RAISED),,STRAIGHT AND LEVEL,DRY,NO DEFECTS,ON SCENE,INJURY AND / OR TOW DUE TO CRASH,Y,,,"OVER $1,500",7/28/2023 0:08,FAILING TO YIELD RIGHT-OF-WAY,FAILING TO YIELD RIGHT-OF-WAY,3000,W,HARRISON ST,1134,,,,,,,2,NO INDICATION OF INJURY,0,0,0,0,0,3,0,0,6,7,41.873856,-87.70113735,POINT (-87.701137344971 41.873855998209)
ea7c762afbd4635274116771c8ae85dc19125deeeb102b42c7b775d0536bf0f0bd0568c56d0e0b3bc68276bcc194080ef820c850a9782ba70c88c444f10ccefb,,,7/26/2023 13:50,30,STOP SIGN/FLASHER,NOT FUNCTIONING,CLEAR,DAYLIGHT,ANGLE,ONE-WAY,,STRAIGHT AND LEVEL,DRY,NO DEFECTS,NOT ON SCENE (DESK REPORT),NO INJURY / DRIVE AWAY,,,,"OVER $1,500",7/26/2023 15:25,NOT APPLICABLE,NOT APPLICABLE,3400,W,61ST PL,823,,,,,,,2,NO INDICATION OF INJURY,0,0,0,0,0,2,0,13,4,7,41.78173902,-87.7081918,POINT (-87.708191799568 41.781739018431)
821b2478742fd449dba78cdace30047ce4b375e277c17c1481d115b4a76da5917a6b6ed822542aec16c62ba6445546759d5174b3fac0c35192dbc12248e4c9c4,,,7/23/2023 7:00,25,NO CONTROLS,NO CONTROLS,CLEAR,DAYLIGHT,SIDESWIPE SAME DIRECTION,NOT DIVIDED,,STRAIGHT AND LEVEL,DRY,NO DEFECTS,NOT ON SCENE (DESK REPORT),NO INJURY / DRIVE AWAY,,,,"OVER $1,500",7/23/2023 18:00,FAILING TO REDUCE SPEED TO AVOID CRASH,NOT APPLICABLE,1210,N,CICERO AVE,2533,,,,,,,2,NO INDICATION OF INJURY,0,0,0,0,0,2,0,7,1,7,41.90273781,-87.74613142,POINT (-87.746131422989 41.902737813425)
26c3a514718e252567675a1e746b28c58a053c319555a784ef0e4c30e93844b520de746344748c33cbada4a0b8eb298fd5b7d4cf40cd51309d1ad0f7c61512ec,,,7/26/2023 22:15,15,NO CONTROLS,NO CONTROLS,CLEAR,DARKNESS,PARKED MOTOR VEHICLE,ALLEY,,STRAIGHT AND LEVEL,DRY,UNKNOWN,ON SCENE,NO INJURY / DRIVE AWAY,,,Y,"$501 - $1,500",7/26/2023 22:35,IMPROPER BACKING,NOT APPLICABLE,412,W,66TH ST,722,,Y,,,,,2,NO INDICATION OF INJURY,0,0,0,0,0,5,0,22,4,7,41.77451976,-87.6354814,POINT (-87.635481399782 41.774519759824)
4a2694d1348630000632bdc9255413841fbc88a3e691910d1e775ac9c52ae7bab0a0a733b6efdddd2fe8668085460806a7fca39633d7c823d9418896e5120f98,,,7/18/2023 23:00,30,NO CONTROLS,NO CONTROLS,CLEAR,DAYLIGHT,PARKED MOTOR VEHICLE,ONE-WAY,,STRAIGHT AND LEVEL,DRY,NO DEFECTS,NOT ON SCENE (DESK REPORT),NO INJURY / DRIVE AWAY,,,Y,"$501 - $1,500",7/27/2023 18:00,UNABLE TO DETERMINE,UNABLE TO DETERMINE,1141,N,ROCKWELL ST,1211,,,,,,,2,NO INDICATION OF INJURY,0,0,0,0,0,1,0,23,3,7,41.90232937,-87.69178934,POINT (-87.69178934317 41.902329364541)
abcc4809dd6c51b1c90ae0eb343042e04bb87427f3b63d8040c04be2c1291501bc1c5a701b7ce58196889eee5e5437b32ea5e35e08a470f1766efdf756552429,,,7/20/2023 22:00,30,TRAFFIC SIGNAL,FUNCTIONING PROPERLY,CLEAR,"DARKNESS, LIGHTED ROAD",REAR TO FRONT,FOUR WAY,,STRAIGHT AND LEVEL,DRY,NO DEFECTS,NOT ON SCENE (DESK REPORT),NO INJURY / DRIVE AWAY,,,,"OVER $1,500",7/27/2023 11:10,UNABLE TO DETERMINE,UNABLE TO DETERMINE,2600,N,LINCOLN AVE,1932,,,,,,,2,NO INDICATION OF INJURY,0,0,0,0,0,2,0,22,5,7,41.92897165,-87.65390176,POINT (-87.653901756801 41.92897165072)
ec1bdaef9c373753ab58ec1ddb40b119548a5e14c04f41331ec6dcf01f82cccc8d7ee1ea952eed1f88cbd772aa04b436f7c1a5bc14e63da09554e65e77901092,,,7/27/2023 17:27,25,TRAFFIC SIGNAL,UNKNOWN,CLEAR,DAYLIGHT,SIDESWIPE SAME DIRECTION,DIVIDED - W/MEDIAN (NOT RAISED),,STRAIGHT AND LEVEL,UNKNOWN,UNKNOWN,ON SCENE,NO INJURY / DRIVE AWAY,,,Y,"OVER $1,500",7/27/2023 17:55,UNABLE TO DETERMINE,UNABLE TO DETERMINE,4228,W,FOSTER AVE,1712,,,,,,,2,NO INDICATION OF INJURY,0,0,0,0,0,2,0,17,5,7,41.9755752,-87.73457986,POINT (-87.734579861911 41.975575203749)
ae8cd6f6975ce32a8fb58ffa7fd9d0a1cd0388b7fcb8b260846dec69ebc4b5e4c88a35d511774e259096a5eff316ab162e110c03f2f0b76daea655866d6ba3cc,,,7/27/2023 10:35,30,TRAFFIC SIGNAL,FUNCTIONING PROPERLY,CLEAR,DAYLIGHT,SIDESWIPE SAME DIRECTION,NOT DIVIDED,,STRAIGHT AND LEVEL,DRY,NO DEFECTS,NOT ON SCENE (DESK REPORT),NO INJURY / DRIVE AWAY,,,,"OVER $1,500",7/27/2023 10:45,UNABLE TO DETERMINE,NOT APPLICABLE,10300,S,COTTAGE GROVE AVE,512,,,,,,,2,NO INDICATION OF INJURY,0,0,0,0,0,2,0,10,5,7,41.70740512,-87.60667222,POINT (-87.606672215235 41.707405117831)
f34fcc6e94c107b38dff95d01d5e1c793ffc9c944c1b70e77a8879e282d1bbaf91c6b3b4933f3a4581b97095dc501997add11587e863a9e12c4e9d3bd32a6749,,,7/27/2023 11:50,30,TRAFFIC SIGNAL,UNKNOWN,CLEAR,DAYLIGHT,ANGLE,NOT DIVIDED,,STRAIGHT AND LEVEL,UNKNOWN,UNKNOWN,NOT ON SCENE (DESK REPORT),NO INJURY / DRIVE AWAY,,,,"$501 - $1,500",7/27/2023 12:32,IMPROPER BACKING,UNABLE TO DETERMINE,817,W,GRACE ST,1923,,,,,,,2,NO INDICATION OF INJURY,0,0,0,0,0,3,0,11,5,7,41.95107883,-87.65033447,POINT (-87.650334469941 41.951078830702)
bc0b9a4692d541d0d5669d11cf45b8cabf51ebf99c6c87a77ad1c987ab427fea2e8a630e2dbc9aa2a5801a1320c1ae6f902e62c4d45f92230cd08a474791aacb,,,7/27/2023 18:30,15,NO CONTROLS,NO CONTROLS,CLEAR,DAYLIGHT,PARKED MOTOR VEHICLE,PARKING LOT,,STRAIGHT AND LEVEL,DRY,NO DEFECTS,NOT ON SCENE (DESK REPORT),NO INJURY / DRIVE AWAY,,,Y,$500 OR LESS,7/27/2023 20:20,UNABLE TO DETERMINE,NOT APPLICABLE,2627,N,ELSTON AVE,1432,,,,,,,2,NO INDICATION OF INJURY,0,0,0,0,0,1,0,18,5,7,41.92948927,-87.68368783,POINT (-87.683687824894 41.929489273995)
fc2188ee390022fc27c9c0335af4fc8df09f66c1d8371138653b272bc8ca8a39f07bd0b7fad12062ccb9e1443b692ee5d0f90afaabc9d76752a9b135bd720ea5,,,7/24/2023 18:00,30,NO CONTROLS,NO CONTROLS,CLEAR,DAYLIGHT,ANGLE,UNKNOWN INTERSECTION TYPE,,STRAIGHT AND LEVEL,DRY,NO DEFECTS,NOT ON SCENE (DESK REPORT),NO INJURY / DRIVE AWAY,,,,"$501 - $1,500",7/24/2023 18:40,FAILING TO YIELD RIGHT-OF-WAY,NOT APPLICABLE,5707,W,NORTH AVE,2531,,,,,,,2,NO INDICATION OF INJURY,0,0,0,0,0,6,0,18,2,7,41.90922966,-87.76862484,POINT (-87.76862484425 41.909229662506)
68194af9894162c2c8f3950969f58f182660423583b274f00e18f26a3a318387de91138928e61fa3908eaf86afd46f2b5b44d49c87247b1dc014199c359c77c5,,,7/27/2023 7:45,30,TRAFFIC SIGNAL,FUNCTIONING PROPERLY,CLEAR,DAYLIGHT,TURNING,NOT DIVIDED,,STRAIGHT AND LEVEL,DRY,NO DEFECTS,NOT ON SCENE (DESK REPORT),NO INJURY / DRIVE AWAY,N,,,"OVER $1,500",7/27/2023 8:40,FAILING TO YIELD RIGHT-OF-WAY,NOT APPLICABLE,300,S,LAKE SHORE DR SB,114,,,,,,,2,NO INDICATION OF INJURY,0,0,0,0,0,2,0,7,5,7,41.87831014,-87.6175759,POINT (-87.617575903416 41.878310134581)
1577838f796c571cdc50fd09fc4d09a49c252be70cfc95611b273b82f5888b68a6a91292eb52fba9094c1b333dcc58e01b266cf51d25faac51553b20b473bf0c,,,7/27/2023 11:09,30,NO CONTROLS,NO CONTROLS,CLEAR,DAYLIGHT,FIXED OBJECT,PARKING LOT,,STRAIGHT AND LEVEL,DRY,UNKNOWN,ON SCENE,NO INJURY / DRIVE AWAY,,Y,,"$501 - $1,500",7/27/2023 11:10,NOT APPLICABLE,NOT APPLICABLE,6300,S,ELIZABETH ST,724,,,,,,,1,NO INDICATION OF INJURY,0,0,0,0,0,1,0,11,5,7,41.77948349,-87.65586206,POINT (-87.655862063845 41.779483488048)
98297947a3fac32799ff5f401d03352a1719928047ad1e25114e2ab3a67de2c5c26e3beb879ab742f0945b3b8ad80d31a19ee67fc7802b002a303a347e2d26d5,,,7/27/2023 9:50,30,NO CONTROLS,NO CONTROLS,CLEAR,DAYLIGHT,PARKED MOTOR VEHICLE,NOT DIVIDED,,STRAIGHT AND LEVEL,DRY,NO DEFECTS,NOT ON SCENE (DESK REPORT),NO INJURY / DRIVE AWAY,,,,"OVER $1,500",7/27/2023 10:15,UNABLE TO DETERMINE,NOT APPLICABLE,321,N,CENTRAL AVE,1523,,,,,,,2,NO INDICATION OF INJURY,0,0,0,0,0,2,0,9,5,7,41.88638428,-87.76493413,POINT (-87.76493413332 41.886384278721)
aa756a6db7f5d108847500f4fef3635a46041a6d4507b2cee85090f6d60d6cfca0d023a2a1294fb374c935c8dce4278b306238cf8de7dae5af0aacfa043f61fa,,,7/27/2023 21:09,30,TRAFFIC SIGNAL,FUNCTIONING PROPERLY,CLEAR,"DARKNESS, LIGHTED ROAD",TURNING,NOT REPORTED,,STRAIGHT AND LEVEL,DRY,NO DEFECTS,ON SCENE,INJURY AND / OR TOW DUE TO CRASH,Y,,Y,"OVER $1,500",7/27/2023 21:09,IMPROPER TURNING/NO SIGNAL,IMPROPER LANE USAGE,500,W,WASHINGTON BLVD,121,,,,,,,2,NONINCAPACITATING INJURY,1,0,0,1,0,2,0,21,5,7,41.88329092,-87.63978476,POINT (-87.639784758898 41.883290920413)
7faacef00c64accb37693eeb4f1b3788e75973a0cb1fc729ffb996354f3a3002c475b3e65c3ad8a2c03d70f4266465df3074f239a910599908eedca59425f662,,,7/26/2023 17:10,30,UNKNOWN,UNKNOWN,CLEAR,DAYLIGHT,REAR TO FRONT,FOUR WAY,,STRAIGHT AND LEVEL,DRY,NO DEFECTS,NOT ON SCENE (DESK REPORT),NO INJURY / DRIVE AWAY,,,Y,"OVER $1,500",7/27/2023 21:58,UNABLE TO DETERMINE,UNABLE TO DETERMINE,200,N,LOWER COLUMBUS DR,114,,,,,,,2,NO INDICATION OF INJURY,0,0,0,0,0,2,0,17,4,7,41.88585184,-87.62086026,POINT (-87.62086026425 41.885851834564)
10a2d47cade85ef505fc59787301bc7bf1d7b717aeee5498c7d23bf1d98054e131203b5d19463a6085e4a117d610dc7a32fcb42d09bf62944a7430e74ad6666c,,,7/26/2023 2:00,30,NO CONTROLS,NO CONTROLS,CLEAR,DARKNESS,REAR TO FRONT,NOT DIVIDED,,STRAIGHT AND LEVEL,DRY,NO DEFECTS,NOT ON SCENE (DESK REPORT),INJURY AND / OR TOW DUE TO CRASH,,,Y,"OVER $1,500",7/27/2023 9:30,UNABLE TO DETERMINE,NOT APPLICABLE,7503,S,DAMEN AVE,611,,,,,,,2,NONINCAPACITATING INJURY,1,0,0,1,0,1,0,2,4,7,41.75750132,-87.67319132,POINT (-87.673191323745 41.757501321909)
73473f3a21bb839576c1fbeb3a099348261c3b860c3b1b33f5e1d32ea42edd4f9dd863dc55ac1c46d97d0b56dd0d7fd8d5793c7be75e9a7da0875bc7dfc7e6e2,,,7/27/2023 16:21,35,TRAFFIC SIGNAL,FUNCTIONING PROPERLY,CLEAR,DAYLIGHT,SIDESWIPE SAME DIRECTION,FOUR WAY,,STRAIGHT AND LEVEL,DRY,UNKNOWN,ON SCENE,NO INJURY / DRIVE AWAY,Y,,,"OVER $1,500",7/27/2023 16:22,UNABLE TO DETERMINE,NOT APPLICABLE,4000,W,79TH ST,834,,,,,,,2,NO INDICATION OF INJURY,0,0,0,0,0,4,0,16,5,7,41.74967936,-87.72197835,POINT (-87.721978345242 41.749679358835)
0e9ef30a144e3410ab370479a5812c71bae22bc8cab161d62f946e2dae8b94f1a47e23af949cd8592deb0b733ef3bfc826936d47c53c41641995521c9ea77560,,,7/25/2023 20:25,35,NO CONTROLS,NO CONTROLS,CLEAR,"DARKNESS, LIGHTED ROAD",OTHER OBJECT,ONE-WAY,,STRAIGHT ON GRADE,DRY,OTHER,NOT ON SCENE (DESK REPORT),NO INJURY / DRIVE AWAY,,,,"OVER $1,500",7/27/2023 22:45,ROAD CONSTRUCTION/MAINTENANCE,UNABLE TO DETERMINE,5505,S,NEWLAND AVE,811,,,,,,,1,NO INDICATION OF INJURY,0,0,0,0,0,1,0,20,3,7,41.79188482,-87.79508205,POINT (-87.795082046235 41.791884822386)
88a071766ceac5fdb4228d08d0c45998561b6c0f7bb01e88883314f9331aef37f1edcf53a7106d8e898df5567f5216b520d8767efd743b0db5896a8cb51af50e,,,7/26/2023 20:55,20,STOP SIGN/FLASHER,FUNCTIONING PROPERLY,CLEAR,"DARKNESS, LIGHTED ROAD",PARKED MOTOR VEHICLE,ONE-WAY,,STRAIGHT AND LEVEL,DRY,NO DEFECTS,ON SCENE,NO INJURY / DRIVE AWAY,,,Y,"$501 - $1,500",7/26/2023 21:32,DRIVING ON WRONG SIDE/WRONG WAY,UNABLE TO DETERMINE,5919,N,LEONARD AVE,1622,,,,,,,3,NO INDICATION OF INJURY,0,0,0,0,0,1,0,20,4,7,41.98955045,-87.77256024,POINT (-87.772560238439 41.989550449876)
9a3598a79489a068f72c56a7490d62cab1f379ab9e6db69f6829a546b3e08e4f6c17bc032ccf662bf6f6462ae5622883fb116d5b4ade42f34f993a05e67c67d3,,,7/27/2023 9:00,30,NO CONTROLS,NO CONTROLS,CLEAR,DAYLIGHT,OTHER OBJECT,NOT DIVIDED,,STRAIGHT AND LEVEL,DRY,NO DEFECTS,NOT ON SCENE (DESK REPORT),NO INJURY / DRIVE AWAY,,,,"OVER $1,500",7/27/2023 11:35,UNABLE TO DETERMINE,UNABLE TO DETERMINE,41,W,84TH ST,622,,,,,,,1,NO INDICATION OF INJURY,0,0,0,0,0,1,0,9,5,7,41.74170508,-87.62597631,POINT (-87.625976310992 41.741705075565)
5f477156c434df85fb8b06f22893e1a3b3cf23d0688a146347d3df26f0364dae19cb755a4394b7c8442dd5312fcf886773c1218112eff949ee75049eade5aebd,,,7/27/2023 19:15,15,NO CONTROLS,NO CONTROLS,CLEAR,"DARKNESS, LIGHTED ROAD",PARKED MOTOR VEHICLE,DIVIDED - W/MEDIAN (NOT RAISED),,STRAIGHT AND LEVEL,DRY,NO DEFECTS,,NO INJURY / DRIVE AWAY,,,Y,"OVER $1,500",7/27/2023 20:13,UNABLE TO DETERMINE,UNABLE TO DETERMINE,5047,S,HOYNE AVE,931,,,,,,,2,NO INDICATION OF INJURY,0,0,0,0,0,1,0,19,5,7,41.80160177,-87.67679697,POINT (-87.676796965821 41.801601770212)
ddee9e39cc63f032ba0238e8cdbc3b7296b5141f0e870b68c24bf1b7dc2d0fdc59a4bddfa7c23553c9584d4c4cbed135aa0cb1e9a1b746f93c8186bf426c15a9,,,7/27/2023 12:00,30,TRAFFIC SIGNAL,FUNCTIONING PROPERLY,CLEAR,DAYLIGHT,TURNING,NOT DIVIDED,,STRAIGHT AND LEVEL,DRY,NO DEFECTS,NOT ON SCENE (DESK REPORT),INJURY AND / OR TOW DUE TO CRASH,,,,"OVER $1,500",7/27/2023 16:30,UNABLE TO DETERMINE,NOT APPLICABLE,346,E,95TH ST,633,,,,,,,2,"REPORTED, NOT EVIDENT",4,0,0,0,4,1,0,12,5,7,41.72199187,-87.61470981,POINT (-87.614709812077 41.721991872532)
f6e5c6502cef25a155ea5b2976131fbae9f5e5c1abf141fea8e2089bdac43800f3d25ac82d5ce674d7289d953e768834073fd830930b74cd0e9952a4261f92e8,,,7/27/2023 17:55,35,TRAFFIC SIGNAL,FUNCTIONING PROPERLY,CLEAR,DAYLIGHT,SIDESWIPE OPPOSITE DIRECTION,DIVIDED - W/MEDIAN (NOT RAISED),,STRAIGHT AND LEVEL,DRY,NO DEFECTS,ON SCENE,NO INJURY / DRIVE AWAY,,,Y,$500 OR LESS,7/27/2023 18:04,FOLLOWING TOO CLOSELY,NOT APPLICABLE,2620,N,WASHTENAW AVE,1411,,,,,,,2,NO INDICATION OF INJURY,0,0,0,0,0,3,0,17,5,7,41.92937047,-87.69527688,POINT (-87.695276879673 41.9293704704)
254a99193aa5c0c3867b54aa4e8e5f5ff055c8e72383cb25a0bef10adf0fcabba1a7c89c8af3411c22a2c3a4a8a36fa82b2beb6a2a4397dc957b45e56ab929ff,,,7/26/2023 16:55,30,NO CONTROLS,NO CONTROLS,CLEAR,DAYLIGHT,PARKED MOTOR VEHICLE,PARKING LOT,,STRAIGHT AND LEVEL,DRY,NO DEFECTS,NOT ON SCENE (DESK REPORT),NO INJURY / DRIVE AWAY,,Y,,"OVER $1,500",7/27/2023 21:30,UNABLE TO DETERMINE,NOT APPLICABLE,414,N,HOMAN AVE,1123,,N,,,,,2,NO INDICATION OF INJURY,0,0,0,0,0,1,0,16,4,7,41.88881562,-87.71138489,POINT (-87.711384894371 41.888815623992)
467e3e92dc368342cfa0dcb3a4af3e6d4b19eb9aa68100bc06a6b243549510762755eed848090ae007914a9a9b8d84ce237e9656aef68e5b77bd42ba1c0d38fb,,,7/23/2023 15:00,30,NO CONTROLS,NO CONTROLS,CLEAR,DAYLIGHT,REAR END,DIVIDED - W/MEDIAN (NOT RAISED),,STRAIGHT AND LEVEL,DRY,NO DEFECTS,NOT ON SCENE (DESK REPORT),INJURY AND / OR TOW DUE TO CRASH,N,,Y,"OVER $1,500",7/27/2023 16:00,FOLLOWING TOO CLOSELY,FOLLOWING TOO CLOSELY,4779,N,MILWAUKEE AVE,1623,N,,,,,,2,NONINCAPACITATING INJURY,1,0,0,1,0,1,0,15,1,7,41.96762099,-87.76034982,POINT (-87.760349823344 41.96762098903)
69b156c91c586f911e6e56052e7ff7b1fbbccaf585a76ed428d02c91f85de81e77b7297f79083372bd78910be10e66724f0238cb48e811263300082cda7617f9,,,7/27/2023 18:30,40,NO CONTROLS,NO CONTROLS,UNKNOWN,DAYLIGHT,SIDESWIPE SAME DIRECTION,DIVIDED - W/MEDIAN BARRIER,,STRAIGHT AND LEVEL,UNKNOWN,UNKNOWN,NOT ON SCENE (DESK REPORT),NO INJURY / DRIVE AWAY,,,,"$501 - $1,500",7/27/2023 18:55,UNABLE TO DETERMINE,NOT APPLICABLE,5600,N,LAKE SHORE DR NB,2022,,,,,,,2,NO INDICATION OF INJURY,0,0,0,0,0,2,0,18,5,7,41.98395195,-87.65321511,POINT (-87.653215108266 41.983951946132)
f1b68fb24dde062b0e40fd6b44dadc588504958947b09d27cf4898e0106002c9a8031fe650e95b62e197fcb201c68ebfb3efb6b3a2833250e482f5111de89ebe,,,7/22/2023 7:26,55,NO CONTROLS,NO CONTROLS,CLEAR,DAYLIGHT,OTHER NONCOLLISION,DIVIDED - W/MEDIAN BARRIER,,CURVE ON HILLCREST,DRY,UNKNOWN,ON SCENE,INJURY AND / OR TOW DUE TO CRASH,,,,"OVER $1,500",7/22/2023 7:31,UNABLE TO DETERMINE,UNABLE TO DETERMINE,9800,S,CHICAGO SKYWAY IB,432,,,,,,,1,NO INDICATION OF INJURY,0,0,0,0,0,1,0,7,7,7,41.71717516,-87.54243049,POINT (-87.542430484804 41.717175163963)
5e364d60d943f1a2827a4399365080d16ee25382c6b64c7e1852ab26e18899528b07448017676b2412d0b38c65998052907ba2e9cc9b80dc56190c2cbd4c5aa8,,,7/27/2023 9:00,35,UNKNOWN,UNKNOWN,CLEAR,DAYLIGHT,REAR END,NOT DIVIDED,,STRAIGHT AND LEVEL,DRY,NO DEFECTS,NOT ON SCENE (DESK REPORT),NO INJURY / DRIVE AWAY,,,,"$501 - $1,500",7/27/2023 11:50,NOT APPLICABLE,NOT APPLICABLE,130,E,79TH ST,623,,,,,,,3,NO INDICATION OF INJURY,0,0,0,0,0,3,0,9,5,7,41.75114056,-87.61994429,POINT (-87.619944294233 41.751140560621)
62be8a541424c90429b8de1de469633a139186e816d9cffa6e06bbed19d4c5aac2479f1762e66f804e49a4bfc16f622591c5cd9710e6f2520d01b0f87e53d131,,,7/27/2023 11:30,30,NO CONTROLS,NO CONTROLS,CLEAR,DAYLIGHT,SIDESWIPE SAME DIRECTION,NOT DIVIDED,,STRAIGHT AND LEVEL,DRY,NO DEFECTS,NOT ON SCENE (DESK REPORT),NO INJURY / DRIVE AWAY,,,,"$501 - $1,500",7/27/2023 16:40,IMPROPER OVERTAKING/PASSING,IMPROPER OVERTAKING/PASSING,6938,N,CENTRAL AVE,1621,,,,,,,2,NO INDICATION OF INJURY,0,0,0,0,0,2,0,11,5,7,42.00749032,-87.76184378,POINT (-87.761843776872 42.007490318563)
fe56bbc838f31e09b42817e98a95d605d7df3704fabd36a689b9d121f1a57c182b557e5b047503a08ce270433eb972bc71628f42614a384b29649b68738d4764,,,7/25/2023 21:55,35,UNKNOWN,UNKNOWN,CLEAR,DARKNESS,REAR END,FOUR WAY,,STRAIGHT AND LEVEL,DRY,UNKNOWN,NOT ON SCENE (DESK REPORT),NO INJURY / DRIVE AWAY,,,,"OVER $1,500",7/25/2023 23:14,FOLLOWING TOO CLOSELY,NOT APPLICABLE,2340,W,MADISON ST,1223,,,,,,,2,NO INDICATION OF INJURY,0,0,0,0,0,2,0,21,3,7,41.8812841,-87.68562042,POINT (-87.685620417822 41.88128410252)
765f379890fc38e206ae58c9aae2b0155dad95a65f7ab6545aee01b96db123a87b4af519e117d3c174e3432586054a1dd139409fcbfc28925c684c93b116aa56,,,7/26/2023 7:27,30,NO CONTROLS,NO CONTROLS,CLEAR,DAYLIGHT,ANGLE,NOT DIVIDED,,STRAIGHT AND LEVEL,DRY,NO DEFECTS,ON SCENE,NO INJURY / DRIVE AWAY,,,,"OVER $1,500",7/27/2023 7:27,FAILING TO YIELD RIGHT-OF-WAY,FAILING TO YIELD RIGHT-OF-WAY,645,W,46TH ST,925,,,,,,,2,NO INDICATION OF INJURY,0,0,0,0,0,2,0,7,4,7,41.81063582,-87.64254884,POINT (-87.642548844395 41.810635822109)
fae4267b4580466a08e3153ce84aa6b888a6b21b4301ce16dac5f187fe0c3a2cf618fd370d4f5bf7fc37e7ec9647e1136dc5af2bf106499c030e3abe44fecbf2,,,7/21/2023 14:28,30,UNKNOWN,UNKNOWN,CLEAR,DAYLIGHT,TURNING,ONE-WAY,,STRAIGHT AND LEVEL,DRY,UNKNOWN,NOT ON SCENE (DESK REPORT),NO INJURY / DRIVE AWAY,,,N,"OVER $1,500",7/22/2023 0:01,FAILING TO YIELD RIGHT-OF-WAY,NOT APPLICABLE,497,W,KINZIE ST,1214,,,,,,,2,NO INDICATION OF INJURY,0,0,0,0,0,2,0,14,6,7,41.88893814,-87.63994305,POINT (-87.639943052364 41.88893814287)
1b8646b03494d00e9a7596d508ac50ab80e864982531f35e937a50283c6b622bc7ccb6b89bfa6d558e85901746b5cfab01a7877c18bf25cd90d444b387650b2f,JG358336,,6/26/2023 11:30,35,NO CONTROLS,NO CONTROLS,CLEAR,DAYLIGHT,SIDESWIPE SAME DIRECTION,TRAFFIC ROUTE,,STRAIGHT AND LEVEL,DRY,NO DEFECTS,NOT ON SCENE (DESK REPORT),NO INJURY / DRIVE AWAY,,,,"OVER $1,500",7/27/2023 15:50,IMPROPER LANE USAGE,NOT APPLICABLE,6700,S,STONY ISLAND AVE,332,,,,,,,2,NO INDICATION OF INJURY,0,0,0,0,0,2,0,11,2,6,41.7732929,-87.58644237,POINT (-87.586442368314 41.773292895851)
9c580a859197ee3d5a88763329248f47cd32666d37a25900fb0d7fef5408f7494be74a9472ab42c4e7a450154d1582aff57ef4191710e4f2c062c4fecfcbfb6f,,,7/27/2023 14:45,25,TRAFFIC SIGNAL,FUNCTIONING PROPERLY,CLEAR,DAYLIGHT,REAR END,FOUR WAY,,STRAIGHT ON HILLCREST,DRY,NO DEFECTS,ON SCENE,NO INJURY / DRIVE AWAY,Y,,,"OVER $1,500",7/27/2023 14:47,IMPROPER OVERTAKING/PASSING,DRIVING SKILLS/KNOWLEDGE/EXPERIENCE,10000,W,BALMORAL AVE,1650,,,,,,,2,NO INDICATION OF INJURY,0,0,0,0,0,2,0,14,5,7,,,
13e5886332c2353acba3dbeda4ddedcb394c98afb8150c93367ecdb98052d20dee745845b90a16d7c596157db8e59e606bbc78131c097233543f5f9124a94ce4,,,7/24/2023 17:50,30,NO CONTROLS,NO CONTROLS,UNKNOWN,DAYLIGHT,SIDESWIPE SAME DIRECTION,DIVIDED - W/MEDIAN (NOT RAISED),,STRAIGHT AND LEVEL,UNKNOWN,UNKNOWN,NOT ON SCENE (DESK REPORT),NO INJURY / DRIVE AWAY,,,,"OVER $1,500",7/27/2023 20:15,UNABLE TO DETERMINE,NOT APPLICABLE,4156,W,FULLERTON AVE,2524,,,,,,,2,NO INDICATION OF INJURY,0,0,0,0,0,2,0,17,2,7,41.92453688,-87.73152915,POINT (-87.731529153986 41.924536882101)
08650ee6f77c3cc9fbe10e15df94def800d676976ded70cc1de9eedb3b980607e0b9b2601ac7cabb34f8577c489816f66bc9bdff9b44da5c1c189977f6530e1b,,Y,7/27/2023 8:30,30,UNKNOWN,UNKNOWN,CLEAR,DAYLIGHT,PARKED MOTOR VEHICLE,DIVIDED - W/MEDIAN (NOT RAISED),,STRAIGHT AND LEVEL,DRY,UNKNOWN,ON SCENE,NO INJURY / DRIVE AWAY,,,Y,"OVER $1,500",7/27/2023 17:29,UNABLE TO DETERMINE,UNABLE TO DETERMINE,6141,N,PULASKI RD,1711,,,,,,,2,NO INDICATION OF INJURY,0,0,0,0,0,1,0,8,5,7,41.99310829,-87.72873364,POINT (-87.728733636892 41.99310828544)