CRASH_RECORD_ID,RD_NO,CRASH_DATE_EST_I,CRASH_DATE,POSTED_SPEED_LIMIT,TRAFFIC_CONTROL_DEVICE,DEVICE_CONDITION,WEATHER_CONDITION,LIGHTING_CONDITION,FIRST_CRASH_TYPE,TRAFFICWAY_TYPE,LANE_CNT,ALIGNMENT,ROADWAY_SURFACE_COND,ROAD_DEFECT,REPORT_TYPE,CRASH_TYPE,INTERSECTION_RELATED_I,NOT_RIGHT_OF_WAY_I,HIT_AND_RUN_I,DAMAGE,DATE_POLICE_NOTIFIED,PRIM_CONTRIBUTORY_CAUSE,SEC_CONTRIBUTORY_CAUSE,STREET_NO,STREET_DIRECTION,STREET_NAME,BEAT_OF_OCCURRENCE,PHOTOS_TAKEN_I,STATEMENTS_TAKEN_I,DOORING_I,WORK_ZONE_I,WORK_ZONE_TYPE,WORKERS_PRESENT_I,NUM_UNITS,MOST_SEVERE_INJURY,INJURIES_TOTAL,INJURIES_FATAL,INJURIES_INCAPACITATING,INJURIES_NON_INCAPACITATING,INJURIES_REPORTED_NOT_EVIDENT,INJURIES_NO_INDICATION,INJURIES_UNKNOWN,CRASH_HOUR,CRASH_DAY_OF_WEEK,CRASH_MONTH,LATITUDE,LONGITUDE,LOCATION
d12c89945c03d87993414ceba28ab4f2299b5d796ac9404e9fb7699e17b1d43c8d41e20ededd40077e037feb9d5a5a61ff215bb3f59ba966a6d0c140e3e9d6f6,,,7/27/2023 15:25,30,TRAFFIC SIGNAL,FUNCTIONING PROPERLY,CLEAR,DAYLIGHT,TURNING,DIVIDED - W/MEDIAN (NOT RAISED),,STRAIGHT AND LEVEL,DRY,NO DEFECTS,ON SCENE,NO INJURY / DRIVE AWAY,,,,"OVER $1,500",7/27/2023 15:33,FAILING TO YIELD RIGHT-OF-WAY,UNABLE TO DETERMINE,4464,W,MONTROSE AVE,1722,,,,,,,2,NO INDICATION OF INJURY,0,0,0,0,0,3,0,15,5,7,41.96090635,-87.74098526,POINT (-87.7409852582 41.960906346622)
82407dcaf4683194b7345c6e2a660af74ad8d13e7f418ac44bf078d252ba673f3eca91c0b681c530d604835c3f0e3d0b80ab119a2e76136e03669102dbc9e11c,,,7/26/2023 19:27,30,NO CONTROLS,NO CONTROLS,CLEAR,DUSK,TURNING,NOT DIVIDED,,STRAIGHT AND LEVEL,DRY,NO DEFECTS,ON SCENE,INJURY AND / OR TOW DUE TO CRASH,Y,,,"OVER $1,500",7/26/2023 20:51,UNABLE TO DETERMINE,UNABLE TO DETERMINE,3332,W,BELMONT AVE,1733,,,,,,,2,NO INDICATION OF INJURY,0,0,0,0,0,2,0,19,4,7,41.93941394,-87.71140952,POINT (-87.711409516903 41.939413940624)
a41bb605e711fae3536b571d9ce40c5a4126e692769fefb6bb522d84ccc1c715e7b6ed0aea8a2992bc251e9b82dc7f41a9e2db564a50de530534fc870bc29714,,,7/20/2023 12:45,45,NO CONTROLS,NO CONTROLS,CLEAR,DAYLIGHT,REAR END,DIVIDED - W/MEDIAN BARRIER,,STRAIGHT AND LEVEL,DRY,NO DEFECTS,NOT ON SCENE (DESK REPORT),NO INJURY / DRIVE AWAY,,,,$500 OR LESS,7/26/2023 11:30,UNABLE TO DETERMINE,UNABLE TO DETERMINE,700,N,LAKE SHORE DR,1834,,,,,,,2,NO INDICATION OF INJURY,0,0,0,0,0,2,0,12,5,7,41.89507405,-87.61604354,POINT (-87.616043536802 41.895074051236)
e52cbb546d6405e8388f2d84dd587d349a903e24d6e9856369b5ec35d4257d059b46eb9281ba99222428b770d7c36cd098e195112adb41bd49a7268b6699ebb8,,,7/27/2023 11:45,15,NO CONTROLS,NO CONTROLS,CLEAR,DAYLIGHT,PARKED MOTOR VEHICLE,PARKING LOT,,STRAIGHT AND LEVEL,DRY,NO DEFECTS,ON SCENE,NO INJURY / DRIVE AWAY,,,Y,"$501 - $1,500",7/27/2023 12:10,UNABLE TO DETERMINE,NOT APPLICABLE,5800,S,ARCHER AVE,814,,,,,,,2,NO INDICATION OF INJURY,0,0,0,0,0,1,0,11,5,7,41.7964322,-87.75846371,POINT (-87.758463707293 41.796432197411)
f5a5eef915c5754dc90a9db940373de27616926de5c3fb6a285b570989ace0bb0cfd6e4f0dbfc275db3311098a53fb79c67ed2d314077eef16bc1d34b1c3a2f1,,,7/26/2023 12:00,30,NO CONTROLS,NO CONTROLS,CLEAR,DAYLIGHT,PARKED MOTOR VEHICLE,NOT DIVIDED,,STRAIGHT AND LEVEL,WET,NO DEFECTS,NOT ON SCENE (DESK REPORT),NO INJURY / DRIVE AWAY,,,,"$501 - $1,500",7/26/2023 12:30,UNABLE TO DETERMINE,NOT APPLICABLE,1000,N,MILWAUKEE AVE,1213,,,,,,,2,NO INDICATION OF INJURY,0,0,0,0,0,2,0,12,4,7,41.8997595,-87.66107806,POINT (-87.661078061362 41.899759497226)
6b1203463abefe34fb00d21a5d9f58aec312a68fa22e8fe313fa0e0ab7a07d3000cd9684bc8b22dd0603d90b9776c060675a6e1c2e9025d4465abe56c801ee63,,,7/26/2023 10:05,30,NO CONTROLS,NO CONTROLS,RAIN,DAYLIGHT,SIDESWIPE SAME DIRECTION,ONE-WAY,,STRAIGHT AND LEVEL,WET,NO DEFECTS,NOT ON SCENE (DESK REPORT),NO INJURY / DRIVE AWAY,,,,"OVER $1,500",7/26/2023 10:30,UNABLE TO DETERMINE,UNABLE TO DETERMINE,6601,S,WASHTENAW AVE,831,,,,,,,2,NO INDICATION OF INJURY,0,0,0,0,0,2,0,10,4,7,41.77357277,-87.69066787,POINT (-87.690667872576 41.773572765816)
b6cca07cef7b07d16a88906b5ef96e59fc142f3764bf25ec82f5698742d8f70483eff418d32d908d8d8d2434f89ba3851db8fa096bd3682f46e2d989fe9bf56c,,,7/27/2023 10:00,30,NO CONTROLS,NO CONTROLS,CLEAR,DAYLIGHT,PARKED MOTOR VEHICLE,ONE-WAY,,STRAIGHT AND LEVEL,DRY,NO DEFECTS,NOT ON SCENE (DESK REPORT),NO INJURY / DRIVE AWAY,,,N,"OVER $1,500",7/27/2023 16:45,DRIVING SKILLS/KNOWLEDGE/EXPERIENCE,NOT APPLICABLE,7732,S,PAXTON AVE,414,,,,,,,2,NO INDICATION OF INJURY,0,0,0,0,0,1,0,10,5,7,41.75430568,-87.57130412,POINT (-87.571304119221 41.754305679512)
6e53b30cc1a25532a1b04e6cb16a35a8578345465cae0ab33fda599e2e81fe095303db51b97403d118b8c1901ca13cfe2c73d9ade88ffe82e869ccff545c9c15,,,7/27/2023 21:55,30,NO CONTROLS,NO CONTROLS,CLEAR,"DARKNESS, LIGHTED ROAD",SIDESWIPE SAME DIRECTION,DIVIDED - W/MEDIAN BARRIER,,STRAIGHT AND LEVEL,DRY,NO DEFECTS,ON SCENE,NO INJURY / DRIVE AWAY,,,,"OVER $1,500",7/27/2023 21:55,IMPROPER LANE USAGE,UNABLE TO DETERMINE,1713,W,ROOSEVELT RD,1233,,,,,,,2,NO INDICATION OF INJURY,0,0,0,0,0,2,0,21,5,7,41.86674081,-87.66943249,POINT (-87.669432490766 41.866740810674)
8503175d6638f6c46d3e9af2b9d23bae9613da2c69c705606e0a7eb3f0e8ed12160cbfef37165e7cbe2200f3283c32be4e45d33304600a34c2c14189345d3e94,,,7/26/2023 12:34,30,NO CONTROLS,NO CONTROLS,CLEAR,DAYLIGHT,TURNING,NOT DIVIDED,,STRAIGHT AND LEVEL,WET,UNKNOWN,ON SCENE,NO INJURY / DRIVE AWAY,,,,"OVER $1,500",7/26/2023 13:12,FAILING TO YIELD RIGHT-OF-WAY,UNABLE TO DETERMINE,5121,S,HARPER AVE,234,,,,,,,2,NO INDICATION OF INJURY,0,0,0,0,0,2,0,12,4,7,41.80176553,-87.58899444,POINT (-87.588994440392 41.801765526591)
db6ec71a9a49d3428ee5faec08cd358dcd4beb46bdf655625538e3c752126b59b8b60bcb3c766ded134506bbe8dc74667e074989e4a602996abb2997c7da22f6,,,7/27/2023 5:30,30,STOP SIGN/FLASHER,FUNCTIONING PROPERLY,CLEAR,DAYLIGHT,ANGLE,NOT DIVIDED,,STRAIGHT AND LEVEL,DRY,NO DEFECTS,NOT ON SCENE (DESK REPORT),NO INJURY / DRIVE AWAY,,,,"$501 - $1,500",7/27/2023 7:32,UNABLE TO DETERMINE,UNABLE TO DETERMINE,7199,S,MOZART ST,831,,,,,,,2,NO INDICATION OF INJURY,0,0,0,0,0,2,0,5,5,7,41.7627879,-87.69405469,POINT (-87.694054689009 41.76278789846)
361e69ac2c1e68e87561f9c33b26b455fd2fe54d337598723bcf801aa8e1303831e0d43a6c36840032478df806fd55d911af37f742292d90564404d0245e10e1,,Y,7/27/2023 14:30,30,NO CONTROLS,NO CONTROLS,CLEAR,DAYLIGHT,ANGLE,ALLEY,,STRAIGHT AND LEVEL,DRY,NO DEFECTS,ON SCENE,INJURY AND / OR TOW DUE TO CRASH,,,Y,"OVER $1,500",7/27/2023 14:50,IMPROPER OVERTAKING/PASSING,FAILING TO YIELD RIGHT-OF-WAY,2341,W,ROSEMONT AVE,2413,,,,,,,2,NO INDICATION OF INJURY,0,0,0,0,0,3,0,14,5,7,41.99581665,-87.68900238,POINT (-87.689002379823 41.995816647124)
15742094b6cd9b6de81a108a0258fd653badfaa08923df15eedb5d270f56730ec1967f2a012358d4360990d8200cb92ab9b5677f6d2b9d2a4ce38d153e62df00,,,7/27/2023 12:40,30,UNKNOWN,UNKNOWN,CLEAR,DAYLIGHT,REAR END,NOT DIVIDED,,STRAIGHT AND LEVEL,DRY,NO DEFECTS,ON SCENE,INJURY AND / OR TOW DUE TO CRASH,,,,"OVER $1,500",7/27/2023 12:42,EQUIPMENT - VEHICLE CONDITION,EQUIPMENT - VEHICLE CONDITION,1958,W,59TH ST,715,,,,,,,2,NO INDICATION OF INJURY,0,0,0,0,0,2,0,12,5,7,41.78673744,-87.67403978,POINT (-87.674039783769 41.786737443357)
408fa8ef7718b6461bcba026302e089a3ad038d0ed823c561840646bc80b9069434cfb8dbdd741b1af276664975a2114d8730b045e788a51bda07af91291952d,,,7/27/2023 16:55,30,NO CONTROLS,NO CONTROLS,CLEAR,DAYLIGHT,TURNING,DIVIDED - W/MEDIAN BARRIER,,STRAIGHT AND LEVEL,DRY,UNKNOWN,NOT ON SCENE (DESK REPORT),NO INJURY / DRIVE AWAY,Y,,,"OVER $1,500",7/27/2023 19:05,UNABLE TO DETERMINE,UNABLE TO DETERMINE,131,S,WESTERN AVE,1223,,,,,,,2,NO INDICATION OF INJURY,0,0,0,0,0,7,0,16,5,7,41.87938373,-87.68623821,POINT (-87.686238212763 41.87938372978)
4dd1572082f8a32139750a31ad15db2dc2a38436e35928760c9da44a937b7c214c78cdee6b5ef290d420d2e4deeb15b60b1552bb73740d7dbd0c7412889e8c6b,,,7/27/2023 21:00,30,TRAFFIC SIGNAL,FUNCTIONING PROPERLY,CLEAR,"DARKNESS, LIGHTED ROAD",TURNING,NOT REPORTED,,STRAIGHT AND LEVEL,DRY,NO DEFECTS,NOT ON SCENE (DESK REPORT),NO INJURY / DRIVE AWAY,Y,,,"OVER $1,500",7/27/2023 21:45,FAILING TO YIELD RIGHT-OF-WAY,UNABLE TO DETERMINE,2200,S,PRINCETON AVE,914,,,,,,,2,NO INDICATION OF INJURY,0,0,0,0,0,3,0,21,5,7,41.85282345,-87.63495904,POINT (-87.634959038847 41.85282345043)
208269524008a2dfe77d61309015eef5ee40d82191af045a1823c8f9c62e1223fbd2771d4ac8e2a3cde41f48cc025f92650af91812f60c40877b4613c2df032a,,,7/26/2023 17:32,25,NO CONTROLS,NO CONTROLS,CLEAR,DAYLIGHT,REAR END,ONE-WAY,,STRAIGHT AND LEVEL,DRY,NO DEFECTS,ON SCENE,INJURY AND / OR TOW DUE TO CRASH,,,N,"OVER $1,500",7/26/2023 17:57,IMPROPER OVERTAKING/PASSING,IMPROPER OVERTAKING/PASSING,2727,W,CONGRESS PKWY,1135,,,,,,,2,NONINCAPACITATING INJURY,1,0,0,1,0,1,0,17,4,7,41.87479147,-87.69468395,POINT (-87.694683951228 41.874791471597)
afae16de7ed35af9854cc60a60e0d32bd67eed8ba70674ad5d315a7d33f61f2795e2704673b478dbc8f298e07810ba289b84c221952df6572a342da1a4bc2324,,,7/27/2023 16:00,10,NO CONTROLS,NO CONTROLS,CLEAR,DAYLIGHT,SIDESWIPE SAME DIRECTION,PARKING LOT,,STRAIGHT AND LEVEL,DRY,NO DEFECTS,NOT ON SCENE (DESK REPORT),NO INJURY / DRIVE AWAY,,,,$500 OR LESS,7/27/2023 16:25,UNABLE TO DETERMINE,NOT APPLICABLE,10318,S,HALSTED ST,2232,,,,,,,2,NO INDICATION OF INJURY,0,0,0,0,0,2,0,16,5,7,41.70631464,-87.64296177,POINT (-87.642961767667 41.706314637892)
91db988deda50ed908c483fad32c36544ad7fd4f7d21418cd580391602ad294b4c332daf2cf7ce12c70ea49362d3096c3842ffd6753046dfdd64e2aee1df89b6,,Y,7/27/2023 17:50,30,NO CONTROLS,NO CONTROLS,CLEAR,DAYLIGHT,PARKED MOTOR VEHICLE,PARKING LOT,,STRAIGHT AND LEVEL,UNKNOWN,UNKNOWN,ON SCENE,NO INJURY / DRIVE AWAY,,,Y,"OVER $1,500",7/27/2023 19:27,IMPROPER BACKING,NOT APPLICABLE,5303,N,MILWAUKEE AVE,1622,,,,,,,2,NO INDICATION OF INJURY,0,0,0,0,0,1,0,17,5,7,41.97674884,-87.76848375,POINT (-87.768483753125 41.976748838979)
ed488d7af53697b96100fad4daaf36400bb4e3afc3892e4b6610d1e3fb95d656074e4a9b00535d4166aff9f44bf321e36da2689e349a90d041d207612e76230a,,,7/20/2023 18:15,20,NO CONTROLS,NO CONTROLS,CLEAR,DAYLIGHT,HEAD ON,NOT DIVIDED,,STRAIGHT AND LEVEL,DRY,NO DEFECTS,NOT ON SCENE (DESK REPORT),NO INJURY / DRIVE AWAY,,,,"OVER $1,500",7/27/2023 15:20,UNABLE TO DETERMINE,UNABLE TO DETERMINE,1712,W,HURON ST,1215,,,,,,,2,NO INDICATION OF INJURY,0,0,0,0,0,2,0,18,5,7,41.89431645,-87.67025021,POINT (-87.670250205107 41.894316444684)
34e19cc5d2ac5d6b0db8af7d0dbf8b5ae5ca69f2f1838a303a54281f84e5fef27ad98c0c172193dcda44676826356c1666f25585b3d1b76815430e4ba5b030c6,,,7/23/2023 10:00,25,NO CONTROLS,NO CONTROLS,CLEAR,DAYLIGHT,REAR END,NOT DIVIDED,,STRAIGHT AND LEVEL,DRY,UNKNOWN,NOT ON SCENE (DESK REPORT),NO INJURY / DRIVE AWAY,,,,"OVER $1,500",7/23/2023 17:30,FAILING TO REDUCE SPEED TO AVOID CRASH,NOT APPLICABLE,6400,W,BELMONT AVE,1632,,,,,,,2,NO INDICATION OF INJURY,0,0,0,0,0,2,0,10,1,7,41.93842646,-87.7860894,POINT (-87.78608939776 41.938426462543)
81c92c557b6f67d271260e6f031fe6a60f375341811e47638ed0066e858361157540c4bc20cb9bc76512f72f582dcb62d53603cfc46646bfd68f7b3ae734a59b,,Y,7/26/2023 19:00,30,NO CONTROLS,NO CONTROLS,UNKNOWN,UNKNOWN,PARKED MOTOR VEHICLE,ONE-WAY,,STRAIGHT AND LEVEL,UNKNOWN,UNKNOWN,NOT ON SCENE (DESK REPORT),NO INJURY / DRIVE AWAY,,,Y,"OVER $1,500",7/27/2023 15:51,UNABLE TO DETERMINE,UNABLE TO DETERMINE,4827,W,HUTCHINSON ST,1624,,,,,,,2,NO INDICATION OF INJURY,0,0,0,0,0,1,0,19,4,7,41.95786009,-87.74848039,POINT (-87.748480386976 41.957860093366)
d3edf6e46b7eb3ca031b9efda777f3339aefd1e42219fc47db0f63361238d6fcacf01cbfa549012f35f8719f9a8155b07c6e02ea6911a57d8eeab4c64c4827ac,,,7/27/2023 8:40,30,NO CONTROLS,FUNCTIONING PROPERLY,CLEAR,DAYLIGHT,SIDESWIPE SAME DIRECTION,NOT DIVIDED,,STRAIGHT AND LEVEL,UNKNOWN,UNKNOWN,NOT ON SCENE (DESK REPORT),NO INJURY / DRIVE AWAY,,,,"$501 - $1,500",7/27/2023 21:45,IMPROPER LANE USAGE,IMPROPER LANE USAGE,5217,N,HARLEM AVE,1613,,,,,,,2,NO INDICATION OF INJURY,0,0,0,0,0,2,0,8,5,7,41.97607617,-87.80690316,POINT (-87.80690316089 41.976076165687)
e804c319fcc92e46d702fa26fb65ae83d291a694b3b7e1d93970d1f8a753e8b15165e644069aa2a63c2255eafd0cb8e3ec68c01ddabf0b113f0a6135649c58b2,,,7/26/2023 17:00,35,TRAFFIC SIGNAL,FUNCTIONING PROPERLY,CLEAR,DAYLIGHT,TURNING,DIVIDED - W/MEDIAN (NOT RAISED),,STRAIGHT AND LEVEL,DRY,UNKNOWN,NOT ON SCENE (DESK REPORT),NO INJURY / DRIVE AWAY,Y,,Y,"$501 - $1,500",7/26/2023 17:30,UNABLE TO DETERMINE,NOT APPLICABLE,422,S,HOMAN AVE,1133,,,,,,,2,NO INDICATION OF INJURY,0,0,0,0,0,2,0,17,4,7,41.87466038,-87.71095122,POINT (-87.71095122266 41.874660374717)
2a5fb1a1e3cdfacdcd13d2f6553fe3fa3b08fbedc64c5bbe7ad17f4ba9394dda4503077f84c92be1bfac6d329cdb3576b39c9d596b5721e5e275699bdcf71d4b,,,7/27/2023 19:00,30,TRAFFIC SIGNAL,FUNCTIONING PROPERLY,CLEAR,DAYLIGHT,REAR END,ONE-WAY,,STRAIGHT AND LEVEL,DRY,NO DEFECTS,,NO INJURY / DRIVE AWAY,Y,,,"OVER $1,500",7/27/2023 20:20,FOLLOWING TOO CLOSELY,NOT APPLICABLE,100,N,KOSTNER AVE,1113,,,,,,,2,NO INDICATION OF INJURY,0,0,0,0,0,3,0,19,5,7,41.88199282,-87.73566389,POINT (-87.735663892302 41.88199282352)
f2c5fa20243b5afab7851e892c0e0a2c2f35ed3d0df36ea93c469c198f227265d22004854c771de326a43d1834f57824c0811c97b8ac7f3f973943787c2a63bd,,,7/27/2023 15:00,30,NO CONTROLS,NO CONTROLS,CLEAR,DAYLIGHT,TURNING,DIVIDED - W/MEDIAN (NOT RAISED),,STRAIGHT AND LEVEL,DRY,NO DEFECTS,NOT ON SCENE (DESK REPORT),NO INJURY / DRIVE AWAY,,,Y,"OVER $1,500",7/27/2023 15:30,IMPROPER TURNING/NO SIGNAL,IMPROPER TURNING/NO SIGNAL,2210,W,PERSHING RD,912,,,,,,,2,NO INDICATION OF INJURY,0,0,0,0,0,2,0,15,5,7,41.82315254,-87.68056215,POINT (-87.680562147433 41.823152544283)
69802ed5e4be568cd887e77571a03508fb09b637c5864800cdda5c89c9603fc828aa9c82a971f0acdb4893d99b43d9d08690d6cbc64453a68d2abda16ddf6adf,,,7/27/2023 13:22,30,NO CONTROLS,NO CONTROLS,CLEAR,DAYLIGHT,ANGLE,NOT DIVIDED,,STRAIGHT AND LEVEL,DRY,NO DEFECTS,ON SCENE,INJURY AND / OR TOW DUE TO CRASH,,,,"OVER $1,500",7/27/2023 13:44,DISTRACTION - FROM OUTSIDE VEHICLE,FAILING TO REDUCE SPEED TO AVOID CRASH,1936,E,95TH ST,413,,,,,,,2,NONINCAPACITATING INJURY,2,0,0,2,0,0,0,13,5,7,41.72256578,-87.5763446,POINT (-87.5763445966 41.722565784499)
d8731cb8ca00003684be995e6b5cfd7856604824ced0db5e2ed95218f0fb35cc86bf098c5cdc4012b471bf379261ef8ddf72e0ded490ea77de6bc6e4c49216dd,,,7/27/2023 18:05,30,NO CONTROLS,NO CONTROLS,CLEAR,DAYLIGHT,SIDESWIPE SAME DIRECTION,NOT DIVIDED,,STRAIGHT AND LEVEL,DRY,NO DEFECTS,NOT ON SCENE (DESK REPORT),NO INJURY / DRIVE AWAY,,,,"OVER $1,500",7/27/2023 19:25,UNABLE TO DETERMINE,UNABLE TO DETERMINE,5413,W,DEVON AVE,1621,,,,,,,2,NO INDICATION OF INJURY,0,0,0,0,0,2,0,18,5,7,41.99721856,-87.76432294,POINT (-87.764322938616 41.997218561843)
c0106c8ce973eff2fe34f0f6528db8006942fda078f31930a4e7d368463fcdf35f5f04734b288234355df77a70121bc262bf229c6f0271c944eaa1df97a07f21,,,7/26/2023 18:25,30,TRAFFIC SIGNAL,FUNCTIONING PROPERLY,CLEAR,DAYLIGHT,REAR END,ONE-WAY,,STRAIGHT AND LEVEL,DRY,NO DEFECTS,NOT ON SCENE (DESK REPORT),NO INJURY / DRIVE AWAY,Y,,Y,"OVER $1,500",7/26/2023 18:35,UNABLE TO DETERMINE,UNABLE TO DETERMINE,3058,S,DR MARTIN LUTHER KING JR DR,133,,,,,,,2,NO INDICATION OF INJURY,0,0,0,0,0,2,0,18,4,7,41.83851156,-87.61761488,POINT (-87.617614874572 41.83851156279)
2a414d096d745c5eb4044b3d34006916b8d2eb278b934b9ba0574d39e01faf8a342c495b1d93dd69bbb05c588eff9580b575d712147336e02aed68fb08041264,,,7/26/2023 21:50,25,NO CONTROLS,NO CONTROLS,CLEAR,"DARKNESS, LIGHTED ROAD",PEDESTRIAN,OTHER,,STRAIGHT AND LEVEL,DRY,NO DEFECTS,NOT ON SCENE (DESK REPORT),INJURY AND / OR TOW DUE TO CRASH,,,Y,$500 OR LESS,7/27/2023 1:00,FAILING TO YIELD RIGHT-OF-WAY,NOT APPLICABLE,10000,W,BALMORAL AVE,1650,,,,,,,2,"REPORTED, NOT EVIDENT",1,0,0,0,1,1,0,21,4,7,,,
8f3e88fd90eca626b7f90025e8964d3a4633b45056b70c8165543ac788ef35917874774565078a425fa8f3347cec9dca7c7a7c234e88f9884ccafcb68f1c5df8,,,7/27/2023 15:30,30,NO CONTROLS,NO CONTROLS,CLEAR,DAYLIGHT,PARKED MOTOR VEHICLE,NOT DIVIDED,,STRAIGHT AND LEVEL,DRY,UNKNOWN,NOT ON SCENE (DESK REPORT),NO INJURY / DRIVE AWAY,,,,"OVER $1,500",7/27/2023 17:45,UNABLE TO DETERMINE,NOT APPLICABLE,7008,S,ROCKWELL ST,831,,,,,,,2,NO INDICATION OF INJURY,0,0,0,0,0,1,0,15,5,7,41.76611901,-87.68832269,POINT (-87.688322693286 41.766119010524)
463fa554902986076c485405ad40c308f250da7a45e5c5452e184241748eabb043aa8a12059089c17b6908cc644c3c03467c558f8c4b28c48d88ac5af0c2c7b4,,,7/27/2023 15:05,15,NO CONTROLS,NO CONTROLS,CLEAR,DAYLIGHT,PARKED MOTOR VEHICLE,ONE-WAY,,STRAIGHT AND LEVEL,DRY,NO DEFECTS,ON SCENE,INJURY AND / OR TOW DUE TO CRASH,,,N,"OVER $1,500",7/27/2023 15:10,PHYSICAL CONDITION OF DRIVER,"OPERATING VEHICLE IN ERRATIC, RECKLESS, CARELESS, NEGLIGENT OR AGGRESSIVE MANNER",2633,W,ARTHUR AVE,2412,,,,,,,2,"REPORTED, NOT EVIDENT",1,0,0,0,1,0,0,15,5,7,41.99933833,-87.69609103,POINT (-87.696091032614 41.999338324611)
9be268a109bb2750365a930899596674c525b0faa711bfae3b6f1c9d6ea51a71e2e12747ec269f1732ead06555c592d178915e63b93582a8b40e6a36b69b19d8,,,7/27/2023 15:58,30,TRAFFIC SIGNAL,FUNCTIONING PROPERLY,CLEAR,DAYLIGHT,TURNING,FOUR WAY,,STRAIGHT AND LEVEL,DRY,NO DEFECTS,ON SCENE,INJURY AND / OR TOW DUE TO CRASH,Y,,,"OVER $1,500",7/27/2023 16:18,FAILING TO YIELD RIGHT-OF-WAY,NOT APPLICABLE,5299,W,FOSTER AVE,1623,,,,,,,2,NO INDICATION OF INJURY,0,0,0,0,0,2,0,15,5,7,41.97508333,-87.76019868,POINT (-87.760198677807 41.975083328355)
162a26424f2320d777ec071cb58a531879fe4437964946eeb04c023c74bf2af1c1b2bbe9b04162803122aaf3f537c3c43907d53a0e579fc73026b33c70dddd7d,,,7/27/2023 1:28,15,NO CONTROLS,NO CONTROLS,CLEAR,DARKNESS,PARKED MOTOR VEHICLE,ONE-WAY,,STRAIGHT AND LEVEL,DRY,NO DEFECTS,NOT ON SCENE (DESK REPORT),INJURY AND / OR TOW DUE TO CRASH,,,Y,"OVER $1,500",7/27/2023 15:00,DRIVING SKILLS/KNOWLEDGE/EXPERIENCE,NOT APPLICABLE,538,E,74TH ST,323,,,,,,,2,NO INDICATION OF INJURY,0,0,0,0,0,1,0,1,5,7,41.76041568,-87.61119964,POINT (-87.611199639738 41.760415681898)
70fcfbd0081abb1ec9a67121b29c82fbb51b7786e40dabe236f61bee7ac01ce98c894c399d5d0f27ed251e939eb9e5bc6d596a52bbfd12242bc7fad55fa209b8,,,7/27/2023 20:06,30,TRAFFIC SIGNAL,FUNCTIONING PROPERLY,CLEAR,DUSK,REAR END,FOUR WAY,,STRAIGHT AND LEVEL,DRY,NO DEFECTS,ON SCENE,NO INJURY / DRIVE AWAY,Y,,,"OVER $1,500",7/27/2023 20:06,UNABLE TO DETERMINE,UNABLE TO DETERMINE,499,S,KOSTNER AVE,1131,,,,,,,2,NO INDICATION OF INJURY,0,0,0,0,0,5,0,20,5,7,41.87428073,-87.73509672,POINT (-87.735096723816 41.874280733946)
cbfd525f1110268d73ffbabd83b9ea967796e2300ddc85dcc6e0ef7c4da4c9c2c5615ce8c14c0f669b422b1adfd20e47e11224b750e8a9df338d81a532658bef,,,7/26/2023 19:45,15,NO CONTROLS,NO CONTROLS,CLEAR,DAYLIGHT,OTHER OBJECT,PARKING LOT,,STRAIGHT AND LEVEL,DRY,NO DEFECTS,NOT ON SCENE (DESK REPORT),NO INJURY / DRIVE AWAY,,,,"OVER $1,500",7/27/2023 14:02,UNABLE TO DETERMINE,NOT APPLICABLE,836,W,WELLINGTON AVE,1933,,,,,,,1,NO INDICATION OF INJURY,0,0,0,0,0,1,0,19,4,7,41.93645017,-87.65055245,POINT (-87.650552452041 41.936450167582)
b450ed0eeab8a91c2c95c574f5031011a7fac78475248285f7f97b46c1efa77c0cd54c9eb3a658fa1d210574a6d2e96b2989c4812a2c7dc8e8f5881cc54848ba,,,7/23/2023 22:30,30,NO CONTROLS,NO CONTROLS,CLEAR,"DARKNESS, LIGHTED ROAD",TURNING,NOT DIVIDED,,STRAIGHT AND LEVEL,UNKNOWN,UNKNOWN,NOT ON SCENE (DESK REPORT),NO INJURY / DRIVE AWAY,,,,"OVER $1,500",7/23/2023 22:45,FAILING TO YIELD RIGHT-OF-WAY,FAILING TO YIELD RIGHT-OF-WAY,2416,N,SACRAMENTO AVE,1414,,,,,,,3,NO INDICATION OF INJURY,0,0,0,0,0,2,0,22,1,7,41.92533621,-87.70248421,POINT (-87.702484206523 41.925336208927)
0126926d87725748572b74ea57051b1311cef5f4bc16a428b5dbb7c3e39373fb575bcdbb7791eacde9ef2d27eacc539abab9f2901c20d067ac631321fcbca023,,,7/27/2023 7:55,45,NO CONTROLS,NO CONTROLS,CLEAR,DAYLIGHT,OTHER OBJECT,DIVIDED - W/MEDIAN BARRIER,,STRAIGHT AND LEVEL,DRY,NO DEFECTS,ON SCENE,INJURY AND / OR TOW DUE TO CRASH,,,,"OVER $1,500",7/27/2023 7:55,EQUIPMENT - VEHICLE CONDITION,UNABLE TO DETERMINE,5600,S,LAKE SHORE DR SB,331,,,,,,,2,NO INDICATION OF INJURY,0,0,0,0,0,2,0,7,5,7,41.79345625,-87.58031854,POINT (-87.580318541655 41.793456251099)