CRASH_RECORD_ID,RD_NO,CRASH_DATE_EST_I,CRASH_DATE,POSTED_SPEED_LIMIT,TRAFFIC_CONTROL_DEVICE,DEVICE_CONDITION,WEATHER_CONDITION,LIGHTING_CONDITION,FIRST_CRASH_TYPE,TRAFFICWAY_TYPE,LANE_CNT,ALIGNMENT,ROADWAY_SURFACE_COND,ROAD_DEFECT,REPORT_TYPE,CRASH_TYPE,INTERSECTION_RELATED_I,NOT_RIGHT_OF_WAY_I,HIT_AND_RUN_I,DAMAGE,DATE_POLICE_NOTIFIED,PRIM_CONTRIBUTORY_CAUSE,SEC_CONTRIBUTORY_CAUSE,STREET_NO,STREET_DIRECTION,STREET_NAME,BEAT_OF_OCCURRENCE,PHOTOS_TAKEN_I,STATEMENTS_TAKEN_I,DOORING_I,WORK_ZONE_I,WORK_ZONE_TYPE,WORKERS_PRESENT_I,NUM_UNITS,MOST_SEVERE_INJURY,INJURIES_TOTAL,INJURIES_FATAL,INJURIES_INCAPACITATING,INJURIES_NON_INCAPACITATING,INJURIES_REPORTED_NOT_EVIDENT,INJURIES_NO_INDICATION,INJURIES_UNKNOWN,CRASH_HOUR,CRASH_DAY_OF_WEEK,CRASH_MONTH,LATITUDE,LONGITUDE,LOCATION
97369e2fa18296e731f8d2d7593a59ca57d1e6d529796a7e61f07eac4f072950a849f9c8daa4b6c5ecae7abe685a07d9735d993a442f553706e532aaf14436ce,,,7/27/2023 22:37,15,NO CONTROLS,NO CONTROLS,CLEAR,"DARKNESS, LIGHTED ROAD",PEDESTRIAN,ALLEY,,STRAIGHT AND LEVEL,DRY,NO DEFECTS,NOT ON SCENE (DESK REPORT),INJURY AND / OR TOW DUE TO CRASH,,,Y,$500 OR LESS,7/27/2023 22:37,"OPERATING VEHICLE IN ERRATIC, RECKLESS, CARELESS, NEGLIGENT OR AGGRESSIVE MANNER","OPERATING VEHICLE IN ERRATIC, RECKLESS, CARELESS, NEGLIGENT OR AGGRESSIVE MANNER",2231,W,CULLERTON ST,1234,,,,,,,2,NONINCAPACITATING INJURY,1,0,0,1,0,2,0,22,5,7,41.8547294,-87.68210503,POINT (-87.682105031776 41.854729400415)
2d6a95301e18ff5a940c9900e33673ba756fbdf606ba1dc01e19af64dc359628c12fb31384143db8787893cabddbffaf4bcb61a1d1b8a6fd6c80f5dd1b483cf1,,,7/22/2023 16:30,30,NO CONTROLS,NO CONTROLS,RAIN,DAYLIGHT,REAR TO FRONT,NOT DIVIDED,,STRAIGHT AND LEVEL,WET,UNKNOWN,NOT ON SCENE (DESK REPORT),NO INJURY / DRIVE AWAY,Y,,N,"$501 - $1,500",7/27/2023 18:00,FAILING TO YIELD RIGHT-OF-WAY,FAILING TO YIELD RIGHT-OF-WAY,6457,N,WHIPPLE ST,2412,,,,,,,2,NO INDICATION OF INJURY,0,0,0,0,0,2,0,16,7,7,41.99913087,-87.7056473,POINT (-87.705647301452 41.999130868408)
67dc31d40a7a3335aa145de66be2591166fc2c5e483d818a812e709e1c09f5702f41a4dc72df0a083938d3fc5bf75cbccde9e0130d51dd3278a5b8ed4193e0c9,,,7/27/2023 14:57,30,NO CONTROLS,NO CONTROLS,CLEAR,DAYLIGHT,TURNING,FOUR WAY,,STRAIGHT AND LEVEL,DRY,NO DEFECTS,ON SCENE,INJURY AND / OR TOW DUE TO CRASH,Y,,,"OVER $1,500",7/27/2023 14:57,UNABLE TO DETERMINE,NOT APPLICABLE,5900,W,GRAND AVE,2515,,,,,,,2,NONINCAPACITATING INJURY,1,0,0,1,0,1,0,14,5,7,41.92022568,-87.77318022,POINT (-87.773180217814 41.920225683168)
c4dadd15f40d318adc55908ecee8816044899b5488bbac18ba650d55c16fa9e899a6619171df18096988d6d67e6f42ff2edd72deae8b6713ed0282789ca8e4e3,,Y,7/16/2023 3:00,20,NO CONTROLS,NO CONTROLS,CLEAR,"DARKNESS, LIGHTED ROAD",FIXED OBJECT,FOUR WAY,,STRAIGHT AND LEVEL,DRY,NO DEFECTS,,INJURY AND / OR TOW DUE TO CRASH,,,,"OVER $1,500",7/16/2023 3:45,UNABLE TO DETERMINE,UNABLE TO DETERMINE,4900,W,ERIE ST,1532,,,,,,,1,,,,,,,,,3,1,7,41.8923559,-87.74828785,POINT (-87.748287848382 41.892355904162)
d5b589c1c734b83ef056e251f0501c0b36341354664d6fcc904275529efb1c14aabf86c15c95facae45196f8ca482a3031bb56bda7412bea77f3f9fc0916575b,,,7/27/2023 18:20,40,NO CONTROLS,NO CONTROLS,CLEAR,DAYLIGHT,REAR END,RAMP,,STRAIGHT AND LEVEL,DRY,NO DEFECTS,ON SCENE,INJURY AND / OR TOW DUE TO CRASH,,,,"OVER $1,500",7/27/2023 18:45,FOLLOWING TOO CLOSELY,NOT APPLICABLE,5400,N,LAKE SHORE DR SB,2023,,,,,,,2,NO INDICATION OF INJURY,0,0,0,0,0,2,0,18,5,7,41.98008922,-87.65240613,POINT (-87.652406124734 41.980089217666)
3ba19b8f11f0d943206863e544e7e9801c764ee7eefe61d6a88782aee7370a9133a9250179c14738543dd6f8f93e57853ed99416c2120d13a397831d6dec0cf4,,,7/27/2023 15:16,30,NO CONTROLS,NO CONTROLS,CLEAR,DAYLIGHT,REAR TO FRONT,NOT DIVIDED,,STRAIGHT AND LEVEL,DRY,NO DEFECTS,NOT ON SCENE (DESK REPORT),NO INJURY / DRIVE AWAY,,,,"OVER $1,500",7/27/2023 16:56,NOT APPLICABLE,NOT APPLICABLE,2739,W,38TH ST,911,,,,,,,2,NO INDICATION OF INJURY,0,0,0,0,0,2,0,15,5,7,41.82452175,-87.69377447,POINT (-87.693774472237 41.82452174592)
7e98990c2f34eb7c3bcd97ac7f3f3f60893a8826eaf8815e9c51f1ccd6498035c1802c8517a33b674c4e4bcf93b511e71b81abaf44fe82435b956c620ae7e007,,,7/27/2023 12:14,30,TRAFFIC SIGNAL,OTHER,CLEAR,DAYLIGHT,ANGLE,NOT DIVIDED,,STRAIGHT AND LEVEL,DRY,NO DEFECTS,ON SCENE,NO INJURY / DRIVE AWAY,Y,,,"OVER $1,500",7/27/2023 12:16,UNABLE TO DETERMINE,NOT APPLICABLE,4001,W,FULLERTON AVE,2525,,,,,,,2,NO INDICATION OF INJURY,0,0,0,0,0,2,0,12,5,7,41.92437353,-87.72681368,POINT (-87.726813678073 41.924373528724)
8cc00c48359318fe16d515935ea3f3f1020ce49875488c98f193e3f82186305c7700697500607a842972c3ea001d455910788605bfe1b17c9b7b9c385e2397df,,,7/25/2023 15:20,30,STOP SIGN/FLASHER,UNKNOWN,CLEAR,DAYLIGHT,REAR TO SIDE,T-INTERSECTION,,STRAIGHT AND LEVEL,DRY,UNKNOWN,NOT ON SCENE (DESK REPORT),NO INJURY / DRIVE AWAY,Y,,,"OVER $1,500",7/27/2023 16:00,FAILING TO YIELD RIGHT-OF-WAY,FAILING TO YIELD RIGHT-OF-WAY,1831,S,LOOMIS ST,1233,,,,,,,2,NO INDICATION OF INJURY,0,0,0,0,0,2,0,15,3,7,41.85700515,-87.6611479,POINT (-87.661147903943 41.857005149723)
0c3aa9f8534668958a55e9f7df0561180038da0e3d9f3f8f2c286e4910e7cc798a913c6aca56c399e9b794b9c6fea005fd790d0251174e5d4cf85a8af01d2ed3,,,7/26/2023 18:15,35,TRAFFIC SIGNAL,FUNCTIONING PROPERLY,CLEAR,DAYLIGHT,SIDESWIPE SAME DIRECTION,NOT DIVIDED,,STRAIGHT AND LEVEL,DRY,NO DEFECTS,NOT ON SCENE (DESK REPORT),NO INJURY / DRIVE AWAY,Y,,,"OVER $1,500",7/26/2023 19:03,FAILING TO YIELD RIGHT-OF-WAY,UNABLE TO DETERMINE,511,N,COLUMBUS DR,1834,,,,,,,2,NO INDICATION OF INJURY,0,0,0,0,0,2,0,18,4,7,41.89140488,-87.62008123,POINT (-87.620081229738 41.891404880694)
e3045ff440d589f3e8ef5206001495b983e1300609db75f3c688800a9166304c867889310d3987f145b7a050780462aa92f12eb70a9487353113f2c46ced200f,,,7/25/2023 19:15,30,NO CONTROLS,UNKNOWN,CLEAR,UNKNOWN,PARKED MOTOR VEHICLE,NOT DIVIDED,,STRAIGHT AND LEVEL,UNKNOWN,UNKNOWN,NOT ON SCENE (DESK REPORT),NO INJURY / DRIVE AWAY,,,,"OVER $1,500",7/25/2023 20:00,NOT APPLICABLE,NOT APPLICABLE,8299,S,CHAMPLAIN AVE,631,,,,,,,2,NO INDICATION OF INJURY,0,0,0,0,0,1,0,19,3,7,41.74400251,-87.60852526,POINT (-87.608525263182 41.744002507001)
26627ade208a8cbce27173e842606241e18f7db419aca832847859d03272032cf8769e4078edfc2197473f8c867fe5e5fcb797d6d02e7380e365255511488111,,,7/27/2023 9:30,30,NO CONTROLS,NO CONTROLS,CLEAR,DAYLIGHT,REAR END,NOT DIVIDED,,STRAIGHT AND LEVEL,DRY,NO DEFECTS,ON SCENE,INJURY AND / OR TOW DUE TO CRASH,,,,"OVER $1,500",7/27/2023 10:08,UNABLE TO DETERMINE,UNABLE TO DETERMINE,1109,W,BRYN MAWR AVE,2023,,,,,,,2,NONINCAPACITATING INJURY,1,0,0,1,0,2,0,9,5,7,41.98354261,-87.65842915,POINT (-87.658429145025 41.983542609998)
22376e4b1e57741f53e9a2c388500eed3a33001f33ea985cac23749848253fd38b50ad8b59ddda8166babd36756de6b1c0e56ebcbc47e7217f64eab5a730be24,,,7/26/2023 18:50,30,NO CONTROLS,NO CONTROLS,CLEAR,DAYLIGHT,PARKED MOTOR VEHICLE,ONE-WAY,,STRAIGHT AND LEVEL,DRY,NO DEFECTS,ON SCENE,INJURY AND / OR TOW DUE TO CRASH,,,Y,"OVER $1,500",7/26/2023 18:58,UNABLE TO DETERMINE,NOT APPLICABLE,2117,N,DRAKE AVE,1413,,,,,,,2,NO INDICATION OF INJURY,0,0,0,0,0,1,0,18,4,7,41.91965174,-87.71507723,POINT (-87.715077225085 41.919651738503)
10a9a8e15f01553671753a48774c15caec5fa1cfab439e2c75d4c171ed1b8cf6d67c25c2f652e1f165159291d3ae1733eac61b8ec97b1dee4ad6915f6700dac8,,,7/27/2023 13:05,30,TRAFFIC SIGNAL,FUNCTIONING PROPERLY,CLEAR,DAYLIGHT,TURNING,NOT DIVIDED,,STRAIGHT AND LEVEL,UNKNOWN,UNKNOWN,NOT ON SCENE (DESK REPORT),NO INJURY / DRIVE AWAY,,,,"$501 - $1,500",7/27/2023 15:35,UNABLE TO DETERMINE,NOT APPLICABLE,1600,E,87TH ST,412,,,,,,,2,NO INDICATION OF INJURY,0,0,0,0,0,3,0,13,5,7,41.73703099,-87.58508645,POINT (-87.585086453532 41.737030992315)
4a01bcec5e72963d2a326bb82ea008e472edd575dfdc763d40d1b009e90ccf668fd2d4c20c0e886bde2a883608c70b9f23b584734759356e354b46f77054a036,,,7/27/2023 17:00,30,TRAFFIC SIGNAL,FUNCTIONING PROPERLY,CLEAR,DAYLIGHT,REAR END,NOT DIVIDED,,STRAIGHT AND LEVEL,DRY,NO DEFECTS,NOT ON SCENE (DESK REPORT),NO INJURY / DRIVE AWAY,,,,"$501 - $1,500",7/27/2023 17:29,FAILING TO REDUCE SPEED TO AVOID CRASH,NOT APPLICABLE,7900,S,STONY ISLAND AVE,411,,,,,,,2,NO INDICATION OF INJURY,0,0,0,0,0,3,0,17,5,7,41.7514606,-87.58597199,POINT (-87.585971992965 41.751460603167)
58b6fc2c8e3e0f8515b35b921501b418527bbbf4fac885021788b9d004d4a76e2667afbdc6e18b9e5b548100eaad5a47f3427aa53283813c1728a8f63360f0be,,Y,7/23/2023 2:05,30,NO CONTROLS,NO CONTROLS,RAIN,"DARKNESS, LIGHTED ROAD",PARKED MOTOR VEHICLE,ONE-WAY,,STRAIGHT AND LEVEL,WET,UNKNOWN,ON SCENE,INJURY AND / OR TOW DUE TO CRASH,,,,"OVER $1,500",7/23/2023 2:12,UNABLE TO DETERMINE,UNABLE TO DETERMINE,2849,S,KEDVALE AVE,1031,,,,,,,3,NONINCAPACITATING INJURY,1,0,0,1,0,0,0,2,1,7,41.83906116,-87.72790975,POINT (-87.727909748426 41.839061154883)
fb75ae9ae3f48ddbd02952912b48c46c2c6ec5f4099e01e0dc61441678783bcc8c377fc1c214679fddf76e86cf5488ec422be6707f40e2ec0d679522b5f9aee9,,,7/26/2023 11:15,30,OTHER,OTHER,RAIN,DAYLIGHT,REAR END,NOT DIVIDED,,STRAIGHT AND LEVEL,WET,UNKNOWN,NOT ON SCENE (DESK REPORT),INJURY AND / OR TOW DUE TO CRASH,,,,"$501 - $1,500",7/26/2023 12:45,UNABLE TO DETERMINE,NOT APPLICABLE,4039,W,79TH ST,834,,,,,,,2,"REPORTED, NOT EVIDENT",1,0,0,0,1,1,0,11,4,7,41.74930006,-87.72346513,POINT (-87.72346513028 41.749300060857)
302c5fee05dd0e4c31761f9271c4061bafd21c5cc34217f143daf9fa5bf3afa0df297b09cd1319a42a9cac2e0966c938ccb33619d86bbdcaf01a4c1f62930538,,,7/27/2023 16:30,25,NO CONTROLS,NO CONTROLS,CLEAR,DAYLIGHT,REAR END,NOT DIVIDED,,STRAIGHT AND LEVEL,DRY,NO DEFECTS,NOT ON SCENE (DESK REPORT),NO INJURY / DRIVE AWAY,,,,"OVER $1,500",7/27/2023 19:00,FAILING TO YIELD RIGHT-OF-WAY,FAILING TO YIELD RIGHT-OF-WAY,4254,W,31ST ST,1031,,,,,,,2,NO INDICATION OF INJURY,0,0,0,0,0,3,0,16,5,7,41.83691323,-87.7314113,POINT (-87.731411295602 41.836913225394)
522558b77545d669e83df748ceec570344f62e85499ab3755137cc75ed12025176d878fb6e3eab93beb891062ebc9bd7d0c0264f823ef72a85da3fe29a27130f,,N,7/26/2023 9:23,30,UNKNOWN,UNKNOWN,UNKNOWN,UNKNOWN,PARKED MOTOR VEHICLE,NOT DIVIDED,,STRAIGHT AND LEVEL,UNKNOWN,UNKNOWN,NOT ON SCENE (DESK REPORT),NO INJURY / DRIVE AWAY,,,Y,"$501 - $1,500",7/27/2023 19:00,UNABLE TO DETERMINE,UNABLE TO DETERMINE,509,N,LOCKWOOD AVE,1523,,,,,,,2,NO INDICATION OF INJURY,0,0,0,0,0,1,0,9,4,7,41.88922809,-87.757692,POINT (-87.757692001148 41.889228088392)
72909fa4bc96866d84c126d162f10b5acd1567d151e5ade1f13a8a290a9bf147b2ff18793d71823688033347fef9b30479ae1f25c249ecf581daea494c5b212a,,,7/27/2023 10:42,30,TRAFFIC SIGNAL,FUNCTIONING PROPERLY,CLEAR,DAYLIGHT,REAR END,NOT DIVIDED,,STRAIGHT AND LEVEL,DRY,NO DEFECTS,NOT ON SCENE (DESK REPORT),NO INJURY / DRIVE AWAY,,,,$500 OR LESS,7/27/2023 10:52,FOLLOWING TOO CLOSELY,NOT APPLICABLE,4001,N,PULASKI RD,1723,,,,,,,2,NO INDICATION OF INJURY,0,0,0,0,0,2,0,10,5,7,41.9537414,-87.72747257,POINT (-87.727472571329 41.953741401809)
ea516cb371314e2b1db13bd044f077ddf0e3483531d8af19787ad127b1209bb919a571a39f71686f3845c0e1453e06ca5562818013204dab7fc19ef46ee78747,,Y,7/27/2023 8:28,30,UNKNOWN,UNKNOWN,CLEAR,DAYLIGHT,PEDALCYCLIST,DIVIDED - W/MEDIAN (NOT RAISED),,STRAIGHT AND LEVEL,DRY,UNKNOWN,NOT ON SCENE (DESK REPORT),INJURY AND / OR TOW DUE TO CRASH,,,Y,"$501 - $1,500",7/27/2023 10:10,UNABLE TO DETERMINE,UNABLE TO DETERMINE,2400,N,SOUTHPORT AVE,1932,,,,,,,2,NONINCAPACITATING INJURY,1,0,0,1,0,1,0,8,5,7,41.92530468,-87.66347856,POINT (-87.663478560323 41.925304675159)
18cc4c23bf0fa6d05d879749c9890a5af42ef71065795b352efe786c78e152f1c380f64eee11837e5e967fcec0879115ad4693d74f112b7ecb2ba3031d978993,,,7/27/2023 10:15,30,NO CONTROLS,NO CONTROLS,CLEAR,DAYLIGHT,TURNING,NOT DIVIDED,,STRAIGHT AND LEVEL,DRY,NO DEFECTS,NOT ON SCENE (DESK REPORT),NO INJURY / DRIVE AWAY,,,,"OVER $1,500",7/27/2023 10:40,IMPROPER OVERTAKING/PASSING,FOLLOWING TOO CLOSELY,4363,S,ARCHER AVE,922,,,,,,,2,NO INDICATION OF INJURY,0,0,0,0,0,2,0,10,5,7,41.81421181,-87.7038199,POINT (-87.703819895437 41.814211810102)
aa26dda9e0795f47f5fa06d5b9b25c9f6644e493ce30721c88360b0f6765e5e40474c205255a0108203fccbbe8cfb6547e74f03d6098f9de3d468cf41068bda0,,Y,7/23/2023 21:00,30,NO CONTROLS,NO CONTROLS,UNKNOWN,UNKNOWN,PARKED MOTOR VEHICLE,NOT DIVIDED,,STRAIGHT AND LEVEL,DRY,UNKNOWN,NOT ON SCENE (DESK REPORT),NO INJURY / DRIVE AWAY,,,Y,"$501 - $1,500",7/23/2023 22:12,UNABLE TO DETERMINE,UNABLE TO DETERMINE,2817,W,83RD ST,835,,,,,,,3,NO INDICATION OF INJURY,0,0,0,0,0,1,0,21,1,7,41.74253687,-87.69311682,POINT (-87.693116815571 41.742536867844)
cc3920813ce78f412ff69687a6a27b85fe5d9c78a2f1ced4cd5d3fd3c709d8a82f531c69aceda34993bc2f8b2ccca14f4d4adc95cdceb75ce477675e2ad27e49,,,7/23/2023 21:00,30,UNKNOWN,UNKNOWN,CLEAR,"DARKNESS, LIGHTED ROAD",PEDESTRIAN,NOT DIVIDED,,STRAIGHT AND LEVEL,UNKNOWN,UNKNOWN,ON SCENE,INJURY AND / OR TOW DUE TO CRASH,,,Y,"OVER $1,500",7/23/2023 22:42,UNABLE TO DETERMINE,NOT APPLICABLE,2218,N,NARRAGANSETT AVE,2512,,,,,,,2,NONINCAPACITATING INJURY,1,0,0,1,0,1,0,21,1,7,41.92062042,-87.78549813,POINT (-87.78549812938 41.920620416461)
f9a66619e121e8ef551ccb729dd8464001b74ad8cd5d3b073febf5a25a53d3330584ee1562b96df8901b4ef6d3e57fb0960ae7fe514a19f5e9020690c26b6a0a,,,7/27/2023 16:20,30,TRAFFIC SIGNAL,FUNCTIONING PROPERLY,CLEAR,DAYLIGHT,TURNING,NOT DIVIDED,,STRAIGHT AND LEVEL,DRY,NO DEFECTS,NOT ON SCENE (DESK REPORT),NO INJURY / DRIVE AWAY,,,,"$501 - $1,500",7/27/2023 16:45,IMPROPER TURNING/NO SIGNAL,IMPROPER TURNING/NO SIGNAL,2155,S,ARCHER AVE,914,,,,,,,2,NO INDICATION OF INJURY,0,0,0,0,0,2,0,16,5,7,41.85319783,-87.63385647,POINT (-87.633856473744 41.853197827893)
030fe5a90c939caedcb08441dabb622df30cf00bc7340fa990bcbde91fad781882bb5c9e05fdf8b50d89d8c9e2a14503398f08520346d3c5c416050503debdd1,,,7/28/2023 0:48,30,TRAFFIC SIGNAL,FUNCTIONING PROPERLY,CLEAR,DUSK,ANGLE,NOT DIVIDED,,STRAIGHT AND LEVEL,DRY,NO DEFECTS,ON SCENE,NO INJURY / DRIVE AWAY,,,,"OVER $1,500",7/28/2023 0:50,DISTRACTION - FROM INSIDE VEHICLE,NOT APPLICABLE,3159,N,CALIFORNIA AVE,1411,,,,,,,2,NO INDICATION OF INJURY,0,0,0,0,0,4,0,0,6,7,41.93937772,-87.6976759,POINT (-87.697675895535 41.939377718398)
ac13f5f7c9f07e50c19f0798fd94b25a4406b54b086f67add438de0df31501c82f29c5e1a2dff7584ab5b8d25ce5c31060eb409af592effeb69a88caea603f1f,,,7/27/2023 0:30,30,FLASHING CONTROL SIGNAL,FUNCTIONING PROPERLY,CLEAR,"DARKNESS, LIGHTED ROAD",REAR END,FOUR WAY,,STRAIGHT AND LEVEL,UNKNOWN,UNKNOWN,ON SCENE,NO INJURY / DRIVE AWAY,Y,,Y,$500 OR LESS,7/27/2023 0:40,FOLLOWING TOO CLOSELY,UNABLE TO DETERMINE,4800,N,WESTERN AVE,2031,,,,,,,2,NO INDICATION OF INJURY,0,0,0,0,0,2,0,0,5,7,41.96864073,-87.68905424,POINT (-87.689054240837 41.968640727477)
6ccfc2cfd3a82a6f701ab9d4db88cc97657664d4c724c45b6d1cac31d8fe8e4f0c22bd4030d53da2ef77fb59e4665fa8e5ded2883a1d9ea0b9777202179fcb88,,,7/26/2023 12:38,30,STOP SIGN/FLASHER,FUNCTIONING PROPERLY,CLEAR,UNKNOWN,REAR END,NOT DIVIDED,,STRAIGHT AND LEVEL,DRY,NO DEFECTS,ON SCENE,NO INJURY / DRIVE AWAY,,,Y,$500 OR LESS,7/26/2023 13:20,FOLLOWING TOO CLOSELY,IMPROPER LANE USAGE,56,E,BALBO AVE,123,,,,,,,2,NO INDICATION OF INJURY,0,0,0,0,0,3,0,12,4,7,41.8732376,-87.62588295,POINT (-87.625882944504 41.873237600165)
ebaba54d1d1f6bc633c439c7966cba0cb52629ac33c850dc4d24a8fa87a83201d321228914034a679ffa7d2ff4d7eb5a56ffff0af1e836202ad16c070f188206,,,7/26/2023 17:48,30,NO CONTROLS,NO CONTROLS,CLEAR,DAYLIGHT,SIDESWIPE SAME DIRECTION,NOT DIVIDED,,STRAIGHT AND LEVEL,DRY,NO DEFECTS,ON SCENE,INJURY AND / OR TOW DUE TO CRASH,,,,"OVER $1,500",7/26/2023 17:50,DISTRACTION - FROM INSIDE VEHICLE,NOT APPLICABLE,4939,W,63RD ST,813,,,,,,,3,NONINCAPACITATING INJURY,4,0,0,4,0,2,0,17,4,7,41.7782428,-87.74624648,POINT (-87.746246481003 41.778242800484)
d373eaf37d597c6e9eec6acc6b8e25edbea7933a63c8ba7fe5b1b4d8d6456e4db1f5abc94875dfa2cb632fc645da089d080827ebee38ad64b288c7f6c8a15ea5,,,7/27/2023 13:42,35,TRAFFIC SIGNAL,FUNCTIONING PROPERLY,CLEAR,DAYLIGHT,TURNING,T-INTERSECTION,,STRAIGHT AND LEVEL,DRY,NO DEFECTS,NOT ON SCENE (DESK REPORT),NO INJURY / DRIVE AWAY,Y,,,$500 OR LESS,7/27/2023 14:17,IMPROPER TURNING/NO SIGNAL,FAILING TO YIELD RIGHT-OF-WAY,200,W,CERMAK RD,914,,,,,,,2,NO INDICATION OF INJURY,0,0,0,0,0,2,0,13,5,7,41.85295968,-87.632152,POINT (-87.632152004271 41.852959678693)
7d1b8721526f1b75ccd02bdb10801aafa3c046a95bd6a041b41ad669c3cea1c2df93ea1142f560774b5005de86c3e622d20d806a072a61e5d86f786ead1edbd8,,,7/27/2023 22:20,30,NO CONTROLS,FUNCTIONING PROPERLY,CLEAR,"DARKNESS, LIGHTED ROAD",PEDESTRIAN,FOUR WAY,,STRAIGHT AND LEVEL,DRY,NO DEFECTS,ON SCENE,NO INJURY / DRIVE AWAY,,,,"$501 - $1,500",7/27/2023 23:00,UNABLE TO DETERMINE,UNABLE TO DETERMINE,6700,S,HALSTED ST,723,,,,,,,2,NO INDICATION OF INJURY,0,0,0,0,0,3,0,22,5,7,41.77237962,-87.64474164,POINT (-87.644741641913 41.772379616506)
1cd686c29a793290daf6122c89e8fe31c8df6823683c2b3cd5018ab2c039b60c8f28a74e1826b223c441e6d1590649f7a9a579da8222896e94226a78408c22ff,,,7/27/2023 11:30,30,NO CONTROLS,UNKNOWN,CLEAR,DAYLIGHT,PEDESTRIAN,NOT DIVIDED,,STRAIGHT AND LEVEL,DRY,NO DEFECTS,ON SCENE,INJURY AND / OR TOW DUE TO CRASH,,,,"OVER $1,500",7/27/2023 11:37,"OPERATING VEHICLE IN ERRATIC, RECKLESS, CARELESS, NEGLIGENT OR AGGRESSIVE MANNER",NOT APPLICABLE,4043,W,BELMONT AVE,2523,,,,,,,2,NONINCAPACITATING INJURY,1,0,0,1,0,1,0,11,5,7,41.9389612,-87.72890811,POINT (-87.728908114076 41.938961196189)
882eee623c21acd6c4388960904deac6b8a67325ecb0f6e4e0ff951d69304de2feecbe59381c8791fcb3e46d91f03d9fa3400e2d38ff881b2cdbc8844b5c9238,,,7/27/2023 10:40,15,NO CONTROLS,NO CONTROLS,CLEAR,DAYLIGHT,REAR TO FRONT,PARKING LOT,,STRAIGHT AND LEVEL,DRY,NO DEFECTS,NOT ON SCENE (DESK REPORT),NO INJURY / DRIVE AWAY,,,,"OVER $1,500",7/27/2023 11:15,IMPROPER BACKING,UNABLE TO DETERMINE,5634,W,FULLERTON AVE,2515,,,,,,,2,NO INDICATION OF INJURY,0,0,0,0,0,2,0,10,5,7,41.92406814,-87.76742682,POINT (-87.767426817569 41.924068143373)
392fed44cfcb8fca988655b40931a9fe1c354c548b92abad73a1f207aa59e8253c81a6da89b54b2118cd5aa9ae17bc071537298ff7b97cba86f48041223a7cb9,,Y,7/27/2023 18:45,30,UNKNOWN,UNKNOWN,CLEAR,DAYLIGHT,SIDESWIPE SAME DIRECTION,NOT DIVIDED,,STRAIGHT AND LEVEL,DRY,UNKNOWN,NOT ON SCENE (DESK REPORT),NO INJURY / DRIVE AWAY,,,,"OVER $1,500",7/27/2023 19:01,UNABLE TO DETERMINE,UNABLE TO DETERMINE,500,N,SACRAMENTO BLVD,1221,,,,,,,2,NO INDICATION OF INJURY,0,0,0,0,0,2,0,18,5,7,41.89082294,-87.70209306,POINT (-87.702093054627 41.89082293832)
dc926c441091e1dd319109c018ac21ae375cf7fb72c75ad99b3488bd92ed87ca13d3838af71bc6f9c905ebc00c8a677b7873352e003c5e33b2cbee907362caa6,,,7/27/2023 19:45,25,NO CONTROLS,UNKNOWN,CLEAR,DAYLIGHT,SIDESWIPE SAME DIRECTION,NOT DIVIDED,,STRAIGHT AND LEVEL,DRY,NO DEFECTS,ON SCENE,NO INJURY / DRIVE AWAY,,,,"OVER $1,500",7/27/2023 20:03,IMPROPER OVERTAKING/PASSING,IMPROPER OVERTAKING/PASSING,3425,W,LAWRENCE AVE,1723,,,,,,,2,NO INDICATION OF INJURY,0,0,0,0,0,2,0,19,5,7,41.96828055,-87.71443921,POINT (-87.714439212066 41.968280552457)
20bc61c22c100a9f1b7b32600747c75a53f1cf7042dd10c221a13404ddaa4e7b954525d859c48bc0431a2a295771e40b58b59c1030a884e2d6e47b9c9b1b3466,,,7/25/2023 14:35,30,NO CONTROLS,NO CONTROLS,CLEAR,DAYLIGHT,SIDESWIPE SAME DIRECTION,DIVIDED - W/MEDIAN (NOT RAISED),,STRAIGHT AND LEVEL,DRY,NO DEFECTS,NOT ON SCENE (DESK REPORT),INJURY AND / OR TOW DUE TO CRASH,,,,"OVER $1,500",7/27/2023 9:40,UNABLE TO DETERMINE,NOT APPLICABLE,1900,S,ARCHER AVE,131,,,,,,,2,NO INDICATION OF INJURY,0,0,0,0,0,2,0,14,3,7,41.8566084,-87.627325,POINT (-87.627324998794 41.856608401473)
1c3266d47c147d82c690c155073c81e70395b3e9783a09870c16819d25e898e0c38207e3c65bd4a0f8ee589b4dddbf3d5630dce0c9635d2167aaa95a7e969665,,,7/27/2023 17:36,25,STOP SIGN/FLASHER,FUNCTIONING PROPERLY,CLEAR,DAYLIGHT,PARKED MOTOR VEHICLE,NOT DIVIDED,,STRAIGHT AND LEVEL,DRY,NO DEFECTS,ON SCENE,NO INJURY / DRIVE AWAY,,,,"$501 - $1,500",7/27/2023 18:09,FOLLOWING TOO CLOSELY,NOT APPLICABLE,4352,S,CALIFORNIA AVE,922,,,,,,,2,NO INDICATION OF INJURY,0,0,0,0,0,1,0,17,5,7,41.81399248,-87.69452633,POINT (-87.694526332205 41.813992483501)
9da534c369bcc8e1665273343ed826bfc02f4a54df45b59213c16d2a9b0ddac9c2410755e17d95481470705a550d6fd8009e9893f99926ee0362e1caa197a563,,,7/27/2023 14:20,30,NO CONTROLS,NO CONTROLS,CLEAR,DAYLIGHT,ANGLE,NOT DIVIDED,,STRAIGHT AND LEVEL,DRY,NO DEFECTS,NOT ON SCENE (DESK REPORT),NO INJURY / DRIVE AWAY,,,,"$501 - $1,500",7/27/2023 15:02,NOT APPLICABLE,NOT APPLICABLE,5400,S,PULASKI RD,815,,,,,,,2,NO INDICATION OF INJURY,0,0,0,0,0,2,0,14,5,7,41.79495745,-87.72335657,POINT (-87.723356564996 41.794957444828)