CRASH_RECORD_ID,RD_NO,CRASH_DATE_EST_I,CRASH_DATE,POSTED_SPEED_LIMIT,TRAFFIC_CONTROL_DEVICE,DEVICE_CONDITION,WEATHER_CONDITION,LIGHTING_CONDITION,FIRST_CRASH_TYPE,TRAFFICWAY_TYPE,LANE_CNT,ALIGNMENT,ROADWAY_SURFACE_COND,ROAD_DEFECT,REPORT_TYPE,CRASH_TYPE,INTERSECTION_RELATED_I,NOT_RIGHT_OF_WAY_I,HIT_AND_RUN_I,DAMAGE,DATE_POLICE_NOTIFIED,PRIM_CONTRIBUTORY_CAUSE,SEC_CONTRIBUTORY_CAUSE,STREET_NO,STREET_DIRECTION,STREET_NAME,BEAT_OF_OCCURRENCE,PHOTOS_TAKEN_I,STATEMENTS_TAKEN_I,DOORING_I,WORK_ZONE_I,WORK_ZONE_TYPE,WORKERS_PRESENT_I,NUM_UNITS,MOST_SEVERE_INJURY,INJURIES_TOTAL,INJURIES_FATAL,INJURIES_INCAPACITATING,INJURIES_NON_INCAPACITATING,INJURIES_REPORTED_NOT_EVIDENT,INJURIES_NO_INDICATION,INJURIES_UNKNOWN,CRASH_HOUR,CRASH_DAY_OF_WEEK,CRASH_MONTH,LATITUDE,LONGITUDE,LOCATION
0a96cf4abd3da6fed347bc0d57cd8c90f403c6ff211ff88c8f8cd927175d0115154ea9636ab054a65d78abf6b14813d5ce7d05e2d08aaf9019621433dbea71e0,,,7/27/2023 10:52,30,NO CONTROLS,NO CONTROLS,CLEAR,DAYLIGHT,SIDESWIPE SAME DIRECTION,NOT DIVIDED,,STRAIGHT AND LEVEL,DRY,NO DEFECTS,ON SCENE,NO INJURY / DRIVE AWAY,N,,Y,$500 OR LESS,7/27/2023 11:56,IMPROPER OVERTAKING/PASSING,FAILING TO REDUCE SPEED TO AVOID CRASH,2701,E,79TH ST,422,,,,,,,2,NO INDICATION OF INJURY,0,0,0,0,0,4,0,10,5,7,41.75172038,-87.55893129,POINT (-87.558931292865 41.751720377953)
09d3b5971421986de638daa61e6ebad156f24d775fa311009d8be879e68bdff9fa5973edcd9ff16d7eada978dc16f4da29889ed96fbf2f4d8c594770987c67db,,,7/27/2023 11:28,30,NO CONTROLS,NO CONTROLS,CLEAR,DAYLIGHT,TURNING,NOT DIVIDED,,STRAIGHT AND LEVEL,DRY,NO DEFECTS,ON SCENE,NO INJURY / DRIVE AWAY,,,,"OVER $1,500",7/27/2023 11:30,FAILING TO YIELD RIGHT-OF-WAY,UNABLE TO DETERMINE,2956,W,FULTON ST,1222,,,,,,,2,NO INDICATION OF INJURY,0,0,0,0,0,2,0,11,5,7,41.88659354,-87.701162,POINT (-87.701161994718 41.88659354356)
3bfb2339d0e36a3562d40e8784f42d441b0409f6ac5c55652483fe155384a5ae953ce1a3d0f5271c6c871bd01976b9fb3c88305cf667b735179b082b98ea0a31,,,7/27/2023 4:27,30,TRAFFIC SIGNAL,UNKNOWN,CLEAR,"DARKNESS, LIGHTED ROAD",FIXED OBJECT,FOUR WAY,,STRAIGHT AND LEVEL,DRY,UNKNOWN,ON SCENE,INJURY AND / OR TOW DUE TO CRASH,Y,,,"OVER $1,500",7/27/2023 4:28,DRIVING SKILLS/KNOWLEDGE/EXPERIENCE,NOT APPLICABLE,5202,W,MADISON ST,1522,,,,,,,1,NO INDICATION OF INJURY,0,0,0,0,0,1,0,4,5,7,41.88047949,-87.75522166,POINT (-87.755221655092 41.880479485971)
833ef62c8d2df9250543905fe12c34276e76e43ebf9c1a24ba58cb1c23f2f0f11ca001e6585f1215694e947d74304288127dfce967741f8fda5694ae70f5eece,,,7/26/2023 13:00,30,STOP SIGN/FLASHER,FUNCTIONING PROPERLY,CLEAR,DAYLIGHT,TURNING,NOT DIVIDED,,STRAIGHT AND LEVEL,DRY,NO DEFECTS,NOT ON SCENE (DESK REPORT),INJURY AND / OR TOW DUE TO CRASH,,,,"OVER $1,500",7/26/2023 13:20,FOLLOWING TOO CLOSELY,UNABLE TO DETERMINE,4540,W,WASHINGTON BLVD,1113,,,,,,,2,"REPORTED, NOT EVIDENT",1,0,0,0,1,2,0,13,4,7,41.88199038,-87.73964835,POINT (-87.73964834804 41.881990382252)
d2080f0e0362d16851a1f9668f243d951d40debc7e32415a0c40f6ed77f92ac50c319ba7f6d98ec99ec817f8102ab17d520ab3bb1ff6d9154961753768147618,,,7/26/2023 17:40,30,NO CONTROLS,NO CONTROLS,CLEAR,DUSK,SIDESWIPE SAME DIRECTION,DIVIDED - W/MEDIAN (NOT RAISED),,STRAIGHT AND LEVEL,DRY,NO DEFECTS,NOT ON SCENE (DESK REPORT),NO INJURY / DRIVE AWAY,,,Y,"$501 - $1,500",7/26/2023 20:14,UNABLE TO DETERMINE,NOT APPLICABLE,3700,S,WENTWORTH AVE,915,,,,,,,2,NO INDICATION OF INJURY,0,0,0,0,0,2,0,17,4,7,41.82720231,-87.63156539,POINT (-87.631565394199 41.827202311791)
ac400aa07be27af47a735c6a171bb30992fff69f0a2897fe706196a174f72df631412e2401b69fcb0cfbeb556040366bd81f4bf89f21588b1a6f7515053b5bdc,,,7/26/2023 11:20,15,NO CONTROLS,NO CONTROLS,CLEAR,DAYLIGHT,FIXED OBJECT,ALLEY,,STRAIGHT AND LEVEL,DRY,NO DEFECTS,ON SCENE,NO INJURY / DRIVE AWAY,,,Y,"OVER $1,500",7/26/2023 16:03,DRIVING SKILLS/KNOWLEDGE/EXPERIENCE,UNABLE TO DETERMINE,59,E,11TH ST,123,,,,,,,1,NO INDICATION OF INJURY,0,0,0,0,0,1,0,11,4,7,41.86917472,-87.62523732,POINT (-87.62523731593 41.869174723573)
f2051bb5ae0f709e4a29983d768344d74ee53af04888ec69f9528314800fcfcaace96fb3bc35bf19b57cb44e1121cd084bae8483434c917f9e1bcd42de3b436e,,,7/27/2023 9:41,30,TRAFFIC SIGNAL,FUNCTIONING PROPERLY,CLEAR,DAYLIGHT,TURNING,NOT DIVIDED,,STRAIGHT AND LEVEL,DRY,NO DEFECTS,ON SCENE,INJURY AND / OR TOW DUE TO CRASH,Y,,,"OVER $1,500",7/27/2023 9:42,UNABLE TO DETERMINE,UNABLE TO DETERMINE,9900,S,MICHIGAN AVE,511,,,,,,,2,NONINCAPACITATING INJURY,2,0,0,1,1,1,0,9,5,7,41.71464968,-87.62054801,POINT (-87.620548005498 41.714649679334)
7babde9e7dcfbf2b97804e79af65c0d5b3b5418314c2d7c4941be0549ac21044a1f5bb06da2f64d406f60dd4147b36a8a309a20760b6feafde46a53a12f36ee8,JA481790,,10/22/2017 18:15,25,NO CONTROLS,NO CONTROLS,RAIN,DUSK,ANGLE,ALLEY,,STRAIGHT AND LEVEL,WET,NO DEFECTS,NOT ON SCENE (DESK REPORT),NO INJURY / DRIVE AWAY,,,,"OVER $1,500",10/22/2017 20:05,UNABLE TO DETERMINE,NOT APPLICABLE,9326,S,EGGLESTON AVE,2223,,,,,,,2,NO INDICATION OF INJURY,0,0,0,0,0,2,0,18,1,10,41.72439894,-87.63496749,POINT (-87.634967487701 41.724398939411)
c0cdc32bee187062021cd44829bf6358db121dc1a30c2ad0b5a846313770a66a0a31713721c01b2cd02d55cc451a822a552cd0c8a15ebb773b919808bc314362,,,7/27/2023 8:00,25,NO CONTROLS,NO CONTROLS,CLEAR,DAYLIGHT,PARKED MOTOR VEHICLE,NOT DIVIDED,,STRAIGHT AND LEVEL,DRY,NO DEFECTS,ON SCENE,NO INJURY / DRIVE AWAY,Y,,,"OVER $1,500",7/27/2023 8:25,IMPROPER BACKING,NOT APPLICABLE,3432,W,21ST ST,1024,,,,,,,2,NO INDICATION OF INJURY,0,0,0,0,0,1,0,8,5,7,41.8536677,-87.71144145,POINT (-87.711441450688 41.853667697828)
5f4a164a10bf749ed06d5101bdc176c1fb0acd1183f9a5513019d5fa327b9189bc8b1eae1f6c2db976f88b0518abeffc869162dd040c7a59b30e9032e7fe6fb3,,,7/27/2023 17:20,30,NO CONTROLS,NO CONTROLS,CLEAR,DAYLIGHT,PARKED MOTOR VEHICLE,NOT DIVIDED,,STRAIGHT AND LEVEL,DRY,NO DEFECTS,NOT ON SCENE (DESK REPORT),NO INJURY / DRIVE AWAY,,,,"$501 - $1,500",7/27/2023 18:55,FOLLOWING TOO CLOSELY,IMPROPER OVERTAKING/PASSING,1934,S,STATE ST,131,,,,,,,2,NO INDICATION OF INJURY,0,0,0,0,0,2,0,17,5,7,41.85555505,-87.6272955,POINT (-87.627295499348 41.855555053988)
737f6ef6809ee6592aabafc694df43b7b42ee4605d63172a8e3779c3f6d797a0dd2c5c83cf3067657f68c17f8f0e61a18f7611ea6645771f6034092801e7ae08,,,7/27/2023 16:45,30,NO CONTROLS,NO CONTROLS,CLEAR,DAYLIGHT,OTHER NONCOLLISION,PARKING LOT,,STRAIGHT AND LEVEL,DRY,NO DEFECTS,NOT ON SCENE (DESK REPORT),NO INJURY / DRIVE AWAY,,,,"$501 - $1,500",7/27/2023 17:30,UNABLE TO DETERMINE,UNABLE TO DETERMINE,10900,S,DOTY AVE E,513,,,,,,,1,NO INDICATION OF INJURY,0,0,0,0,0,1,0,16,5,7,41.69623253,-87.5958062,POINT (-87.59580619714 41.696232527674)
8d9fbf35ee37622b7f488cfe655401f8c96fe08fe1d35ac431b25dd669283d8280b98d7ba83f8afc63fa2a00b02150a05fe45ddea9366b548e3291c36015762c,,,7/27/2023 12:00,30,UNKNOWN,UNKNOWN,CLEAR,DAYLIGHT,PEDALCYCLIST,ONE-WAY,,STRAIGHT AND LEVEL,UNKNOWN,UNKNOWN,ON SCENE,INJURY AND / OR TOW DUE TO CRASH,,,Y,"OVER $1,500",7/27/2023 12:03,UNABLE TO DETERMINE,UNABLE TO DETERMINE,17,N,WABASH AVE,112,,N,,,,,2,NONINCAPACITATING INJURY,1,0,0,1,0,1,0,12,5,7,41.88248143,-87.62607683,POINT (-87.626076826909 41.8824814273)
27e3c94ffdeff4e458c226a4acc709c654065016d1d0a2aa47ebf157c7191b4b1b66de3819027ebd9baf623e3a0ea1d0d0c8e64650718e35b4d4e33fc85d6913,,,7/27/2023 16:00,30,UNKNOWN,UNKNOWN,UNKNOWN,DAYLIGHT,REAR END,DIVIDED - W/MEDIAN (NOT RAISED),,STRAIGHT AND LEVEL,UNKNOWN,UNKNOWN,NOT ON SCENE (DESK REPORT),NO INJURY / DRIVE AWAY,,,,"$501 - $1,500",7/27/2023 16:30,UNABLE TO DETERMINE,NOT APPLICABLE,5841,N,SHERIDAN RD,2022,,,,,,,3,NO INDICATION OF INJURY,0,0,0,0,0,6,0,16,5,7,41.98852667,-87.65519242,POINT (-87.655192419543 41.988526673828)
78e831aa7d0ebf6493574d5a58d930da24c68f41cacdeea27fcce958d9784902d65cfab567c4708e7281dfdd3b18cad590511c0594cca2abcad09d0dec5f9512,,,7/27/2023 14:22,30,TRAFFIC SIGNAL,UNKNOWN,CLEAR,DAYLIGHT,SIDESWIPE SAME DIRECTION,NOT DIVIDED,,STRAIGHT AND LEVEL,DRY,NO DEFECTS,ON SCENE,NO INJURY / DRIVE AWAY,,,Y,"OVER $1,500",7/27/2023 14:47,RELATED TO BUS STOP,RELATED TO BUS STOP,2200,S,WESTERN AVE,1034,,,,,,,2,NO INDICATION OF INJURY,0,0,0,0,0,17,0,14,5,7,41.85198384,-87.6857857,POINT (-87.685785704205 41.851983839573)
11546c39bd700ed1649dff5248b686baa70eb9f2111321a163d70f7bec8fdf1872a7aef583a119dfdd406041446aa62ac28bc0d7e7e43d4a05ae218c74c31c7e,,,7/27/2023 9:15,30,NO CONTROLS,NO CONTROLS,CLEAR,DAYLIGHT,HEAD ON,NOT DIVIDED,,STRAIGHT AND LEVEL,DRY,NO DEFECTS,ON SCENE,INJURY AND / OR TOW DUE TO CRASH,Y,,,$500 OR LESS,7/27/2023 9:15,UNABLE TO DETERMINE,UNABLE TO DETERMINE,1700,W,GRAND AVE,1215,,,,,,,2,NONINCAPACITATING INJURY,2,0,0,2,0,1,0,9,5,7,41.89105286,-87.66962354,POINT (-87.669623538743 41.891052857019)
3652ebb4c071541515da824dde42c8d3a4da6aa6d2086e63e41f14538c6aeb26138f0d116865ba8799d0b3a6e00cecfa057d067738d9aee57e8f57dd5bc23a05,,,7/24/2023 17:45,30,NO CONTROLS,NO CONTROLS,CLEAR,DAYLIGHT,PEDALCYCLIST,NOT DIVIDED,,STRAIGHT AND LEVEL,DRY,NO DEFECTS,NOT ON SCENE (DESK REPORT),INJURY AND / OR TOW DUE TO CRASH,,,,"$501 - $1,500",7/27/2023 6:00,FAILING TO YIELD RIGHT-OF-WAY,NOT APPLICABLE,1500,N,KINGSBURY ST,1822,,,Y,,,,2,NONINCAPACITATING INJURY,1,0,0,1,0,0,0,17,2,7,41.9081888,-87.65204825,POINT (-87.652048253584 41.908188799658)
e848405b19dcab6ca805d35ef09d5c1e34b03efe259b13f8c80fd0630e717fae5fdd56ce978c70d318db946d32c8a42d36e637754a604ab8205c026f283e54c7,,,7/26/2023 22:15,30,TRAFFIC SIGNAL,FUNCTIONING PROPERLY,CLEAR,"DARKNESS, LIGHTED ROAD",ANGLE,FOUR WAY,,STRAIGHT AND LEVEL,DRY,NO DEFECTS,ON SCENE,INJURY AND / OR TOW DUE TO CRASH,Y,,Y,"OVER $1,500",7/26/2023 22:31,FAILING TO YIELD RIGHT-OF-WAY,UNABLE TO DETERMINE,150,W,MARQUETTE RD,722,,,,,,,2,NO INDICATION OF INJURY,0,0,0,0,0,4,0,22,4,7,41.77282811,-87.62942727,POINT (-87.62942727322 41.772828113702)
dbe8fcb5f3a2672cd10deaf836e5f800a6e4c0b79975122a6d589e9faf0ebaf052e655f69d04811b84690d877730b5ca730c9abf3e18bc2188fa9fae948c0a50,,,7/26/2023 17:10,30,TRAFFIC SIGNAL,FUNCTIONING PROPERLY,CLEAR,DAYLIGHT,REAR END,NOT DIVIDED,,STRAIGHT AND LEVEL,DRY,NO DEFECTS,NOT ON SCENE (DESK REPORT),NO INJURY / DRIVE AWAY,,,Y,"OVER $1,500",7/26/2023 18:00,UNABLE TO DETERMINE,NOT APPLICABLE,5156,W,CHICAGO AVE,1531,,,,,,,2,NO INDICATION OF INJURY,0,0,0,0,0,2,0,17,4,7,41.89504946,-87.75546456,POINT (-87.755464556517 41.895049461537)
426a43f184cafd8c475eeccc3d29b60734b9810b039f0a034fa64054bbe0b8168dcb04b0b4bdbfbf5e1b978ac6a1d7b296ee16b28e3b906b83ecddb7d6396366,,,7/27/2023 13:25,30,NO CONTROLS,NO CONTROLS,CLEAR,DAYLIGHT,REAR TO SIDE,PARKING LOT,,STRAIGHT AND LEVEL,DRY,NO DEFECTS,NOT ON SCENE (DESK REPORT),NO INJURY / DRIVE AWAY,,,,$500 OR LESS,7/27/2023 15:00,UNABLE TO DETERMINE,UNABLE TO DETERMINE,2320,W,95TH ST,2221,,,,,,,2,NO INDICATION OF INJURY,0,0,0,0,0,3,0,13,5,7,41.72107091,-87.68059551,POINT (-87.680595506797 41.721070913768)
720d888119130c71ca8892afe7b7fc29b3e442aedd8cdc5e2519051c41dbfef4c97cf645c10917c6b076668f2c606861b512ccd8f9feaeab11f68b84f04758a0,,,7/27/2023 15:15,30,STOP SIGN/FLASHER,UNKNOWN,CLEAR,DAYLIGHT,REAR TO FRONT,NOT DIVIDED,,STRAIGHT AND LEVEL,DRY,NO DEFECTS,NOT ON SCENE (DESK REPORT),NO INJURY / DRIVE AWAY,,,,"$501 - $1,500",7/27/2023 18:59,UNABLE TO DETERMINE,NOT APPLICABLE,4254,W,31ST ST,1031,,,,,,,2,NO INDICATION OF INJURY,0,0,0,0,0,3,0,15,5,7,41.83691323,-87.7314113,POINT (-87.731411295602 41.836913225394)
af9820d6f53c0ed9169a3c8db9c0237c2892fcb98ef80e85bb2f8a6da43e3f45f2e7455cd279f564c093e6288b7fb7f794b2e87aea851bb67f1d686eabe21407,,,7/27/2023 13:47,30,TRAFFIC SIGNAL,FUNCTIONING PROPERLY,CLEAR,DAYLIGHT,SIDESWIPE SAME DIRECTION,NOT DIVIDED,,STRAIGHT AND LEVEL,DRY,WORN SURFACE,ON SCENE,INJURY AND / OR TOW DUE TO CRASH,Y,,,"OVER $1,500",7/27/2023 14:44,UNABLE TO DETERMINE,NOT APPLICABLE,1746,S,HALSTED ST,1235,,,,,,,2,NO INDICATION OF INJURY,0,0,0,0,0,2,0,13,5,7,41.85810283,-87.64679631,POINT (-87.646796312972 41.858102832223)
84dface1f81f08ca947903ee5e7969e15500998cf72225e84438fc21caac39516c906e81c6616ac720616fb7671695898129a9f5a4333cda89538d697cf9a4ae,,,7/16/2023 14:10,20,NO CONTROLS,NO CONTROLS,CLEAR,DAYLIGHT,OTHER OBJECT,NOT DIVIDED,,STRAIGHT AND LEVEL,DRY,NO DEFECTS,ON SCENE,NO INJURY / DRIVE AWAY,,Y,Y,"$501 - $1,500",7/16/2023 15:41,NOT APPLICABLE,NOT APPLICABLE,3750,W,MYRICK ST,833,,,,,,,1,NO INDICATION OF INJURY,0,0,0,0,0,1,0,14,1,7,41.7501184,-87.7163026,POINT (-87.716302597322 41.750118401444)
6eaf9b1f96016d6e8e1517c25400fca3c26237858027f6c8944d5f52f281e3a2890a72e2a5f9cc0a03f78d0fde36fdac4177a2421978caa77da2093e6b6727ba,,,7/26/2023 21:57,30,TRAFFIC SIGNAL,FUNCTIONING PROPERLY,CLEAR,"DARKNESS, LIGHTED ROAD",REAR END,FOUR WAY,,STRAIGHT AND LEVEL,DRY,NO DEFECTS,NOT ON SCENE (DESK REPORT),NO INJURY / DRIVE AWAY,Y,,,"OVER $1,500",7/27/2023 13:55,UNABLE TO DETERMINE,UNABLE TO DETERMINE,558,W,35TH ST,915,,,,,,,2,NO INDICATION OF INJURY,0,0,0,0,0,7,0,21,4,7,41.83092576,-87.64117615,POINT (-87.641176147825 41.83092575597)
0bf5b49267eaeeb552d059cf994dc3107a7adbc9da1222bf8cfecea379bd10138b02ee1689b183ec2093f42151b9bcf22eb4bd7d1c6e6774e8ba8c31b44348af,,,7/27/2023 15:02,30,NO CONTROLS,NO CONTROLS,CLEAR,DAYLIGHT,REAR TO FRONT,NOT DIVIDED,,STRAIGHT AND LEVEL,DRY,NO DEFECTS,ON SCENE,NO INJURY / DRIVE AWAY,,,,"OVER $1,500",7/27/2023 15:02,IMPROPER BACKING,UNABLE TO DETERMINE,1958,N,MILWAUKEE AVE,1434,,,,,,,2,NO INDICATION OF INJURY,0,0,0,0,0,2,0,15,5,7,41.91693959,-87.68782832,POINT (-87.687828322989 41.916939590331)
694204089c0205bdff88a2efe7a47fd6f00038d356e1d10a64210150c92cc1f4529cafe0cb472e68e7a66fa25874eef363aca98522d4975f51decd786a76d0f6,,,7/27/2023 14:00,15,NO CONTROLS,NO CONTROLS,CLEAR,DAYLIGHT,REAR TO FRONT,PARKING LOT,,STRAIGHT AND LEVEL,DRY,NO DEFECTS,NOT ON SCENE (DESK REPORT),NO INJURY / DRIVE AWAY,,Y,,"OVER $1,500",7/27/2023 15:00,IMPROPER BACKING,NOT APPLICABLE,2302,W,95TH ST,2221,,,,,,,2,NO INDICATION OF INJURY,0,0,0,0,0,2,0,14,5,7,41.72108295,-87.67978068,POINT (-87.679780676097 41.72108295396)
b6e497a68b9cdf7b0749e4ceb388377576d3d6baa8de85fb29209fc4549f4e3034f2b3bb1720c564b545d422e3e6e81a584f740b674fac65160c359ef6025f37,,,7/27/2023 15:26,30,NO CONTROLS,NO CONTROLS,CLEAR,DAYLIGHT,REAR END,NOT DIVIDED,,STRAIGHT AND LEVEL,DRY,NO DEFECTS,NOT ON SCENE (DESK REPORT),NO INJURY / DRIVE AWAY,,,,"$501 - $1,500",7/27/2023 15:41,NOT APPLICABLE,NOT APPLICABLE,3411,W,63RD ST,823,,,,,,,2,NO INDICATION OF INJURY,0,0,0,0,0,3,0,15,5,7,41.77877444,-87.70848111,POINT (-87.708481114386 41.778774443098)
15252e447ad7b563eaab4125a0d356ae79f74299466842f91cc80764b50e81585878878e9c7f25a1f119da4c9cc8798fecf5e964edafe70230982354625a8900,,,7/27/2023 8:49,30,NO CONTROLS,NO CONTROLS,CLEAR,DAYLIGHT,SIDESWIPE SAME DIRECTION,DIVIDED - W/MEDIAN BARRIER,,STRAIGHT AND LEVEL,DRY,NO DEFECTS,ON SCENE,NO INJURY / DRIVE AWAY,,,,"OVER $1,500",7/27/2023 8:51,FAILING TO YIELD RIGHT-OF-WAY,IMPROPER OVERTAKING/PASSING,960,N,MICHIGAN AVE,1833,,,,,,,2,NO INDICATION OF INJURY,0,0,0,0,0,2,0,8,5,7,41.90050899,-87.62433364,POINT (-87.624333638715 41.90050898451)
2b1b025b343ae75613ce6551b7fb23253f38132f10e112a6f7b231da964451046dc4313e5f867d0d995492930452da5b16bbd4e7391ee3bb34d756cbf9e4ff33,,,7/27/2023 12:40,30,TRAFFIC SIGNAL,UNKNOWN,CLEAR,DAYLIGHT,REAR END,NOT DIVIDED,,STRAIGHT AND LEVEL,DRY,NO DEFECTS,NOT ON SCENE (DESK REPORT),INJURY AND / OR TOW DUE TO CRASH,,,,$500 OR LESS,7/27/2023 12:49,FAILING TO REDUCE SPEED TO AVOID CRASH,UNABLE TO DETERMINE,4658,S,WESTERN AVE,922,,,,,,,2,"REPORTED, NOT EVIDENT",1,0,0,0,1,1,0,12,5,7,41.80846974,-87.6845734,POINT (-87.684573398567 41.808469736745)
fe3dac4d765d9bed11deaf994209d7bcd20fe4d81dc2644f1ba5732f0375472f661476ac9eb5dcdb8557dfd9203b3408498b363c4d939a3c69af703e7f8e70dc,,,7/27/2023 17:45,30,TRAFFIC SIGNAL,FUNCTIONING PROPERLY,CLEAR,DAYLIGHT,SIDESWIPE SAME DIRECTION,FOUR WAY,,STRAIGHT AND LEVEL,DRY,NO DEFECTS,NOT ON SCENE (DESK REPORT),NO INJURY / DRIVE AWAY,Y,,Y,"OVER $1,500",7/27/2023 18:30,IMPROPER OVERTAKING/PASSING,UNABLE TO DETERMINE,55,E,OHIO ST,1834,,,,,,,2,NO INDICATION OF INJURY,0,0,0,0,0,5,0,17,5,7,41.89240275,-87.62589326,POINT (-87.625893256998 41.892402753208)
900d6076eff55d7e4b9636af093609a5195d6fbed8bbb9a45dcf69a20bb2e4063801af8d5b1ca8cecf3de2bcbabf57b32d56b316050270cc05dea88ac878465d,,,7/27/2023 16:50,30,TRAFFIC SIGNAL,FUNCTIONING PROPERLY,CLEAR,DAYLIGHT,SIDESWIPE OPPOSITE DIRECTION,FOUR WAY,,STRAIGHT AND LEVEL,DRY,NO DEFECTS,ON SCENE,NO INJURY / DRIVE AWAY,Y,,,"OVER $1,500",7/27/2023 17:54,UNABLE TO DETERMINE,UNABLE TO DETERMINE,2050,W,LUNT AVE,2411,,,,,,,2,NO INDICATION OF INJURY,0,0,0,0,0,8,0,16,5,7,42.00906613,-87.68202583,POINT (-87.682025831796 42.009066129257)
a388d5c74ed78ca1011c2a0144ade1c66977674ebbfbf8000559c1c195fc516a137a5218ee3c77bbb164e568cfe3b914d13f21c5cc4e794d19ad4616bf179d85,,,7/26/2023 21:05,30,STOP SIGN/FLASHER,UNKNOWN,CLEAR,"DARKNESS, LIGHTED ROAD",TURNING,NOT DIVIDED,,STRAIGHT AND LEVEL,DRY,NO DEFECTS,ON SCENE,NO INJURY / DRIVE AWAY,Y,,,$500 OR LESS,7/26/2023 21:06,UNABLE TO DETERMINE,UNABLE TO DETERMINE,3858,N,NEVA AVE,1632,,,,,,,2,NO INDICATION OF INJURY,0,0,0,0,0,3,0,21,4,7,41.95065473,-87.80613524,POINT (-87.80613523666 41.950654728926)
53e5923d85053d3c76bff70a96304d5a2ac930705b5f8a7b387dfeb5af8aec23cb1b1d456d4ec7450c49f50c298341a7f52be2d623adc23146454660f314ffc9,,,7/27/2023 8:00,30,NO CONTROLS,NO CONTROLS,CLEAR,DAYLIGHT,SIDESWIPE SAME DIRECTION,NOT DIVIDED,,STRAIGHT AND LEVEL,DRY,NO DEFECTS,NOT ON SCENE (DESK REPORT),NO INJURY / DRIVE AWAY,,,,"OVER $1,500",7/27/2023 9:15,FAILING TO YIELD RIGHT-OF-WAY,NOT APPLICABLE,2009,W,NORTH AVE,1424,,,,,,,2,NO INDICATION OF INJURY,0,0,0,0,0,2,0,8,5,7,41.91036386,-87.67799069,POINT (-87.677990686084 41.910363864158)
0f4d6e2180e69cc498c31ebfd76c67888e1f68d8a57cb6f23e9ea602698663886fb4004b432d6066d981009261eb6356bb954c5c6a8ccb896726863f8283d414,,,7/27/2023 16:20,30,NO CONTROLS,NO CONTROLS,CLEAR,DAYLIGHT,SIDESWIPE SAME DIRECTION,ONE-WAY,,STRAIGHT AND LEVEL,DRY,NO DEFECTS,NOT ON SCENE (DESK REPORT),NO INJURY / DRIVE AWAY,,,Y,"$501 - $1,500",7/27/2023 17:35,IMPROPER OVERTAKING/PASSING,NOT APPLICABLE,5954,S,KENNETH AVE,813,,,,,,,2,NO INDICATION OF INJURY,0,0,0,0,0,2,0,16,5,7,41.78420224,-87.73406562,POINT (-87.734065621709 41.784202237567)
7e132f0f78460aa2aed6a4796c60a3b6389654fd9a825b7da9c73d5983f671bbbb20b02bf7a04d072f8181b11d5a2dc33b0fc8ca3c892f8630d94e4bcec34e85,,,7/27/2023 12:15,30,NO CONTROLS,NO CONTROLS,CLEAR,DAYLIGHT,TURNING,DIVIDED - W/MEDIAN (NOT RAISED),,STRAIGHT AND LEVEL,DRY,NO DEFECTS,NOT ON SCENE (DESK REPORT),NO INJURY / DRIVE AWAY,,,,"OVER $1,500",7/27/2023 12:50,"VISION OBSCURED (SIGNS, TREE LIMBS, BUILDINGS, ETC.)",FAILING TO YIELD RIGHT-OF-WAY,7900,S,LAFAYETTE AVE,623,,,,,,,2,NO INDICATION OF INJURY,0,0,0,0,0,2,0,12,5,7,41.75089105,-87.62596851,POINT (-87.625968505423 41.750891046593)
5ae3921dc341d446781d52dfb3df8d6bdbada6afee4ce8b4aa7927233ffa66947069d13cb3b587f5e6dee27c24447bb7554e5e6a92caadd443857c892ac1eed3,,,7/26/2023 23:30,30,NO CONTROLS,NO CONTROLS,CLEAR,"DARKNESS, LIGHTED ROAD",FIXED OBJECT,DIVIDED - W/MEDIAN BARRIER,,"CURVE, LEVEL",DRY,NO DEFECTS,ON SCENE,INJURY AND / OR TOW DUE TO CRASH,,,,"OVER $1,500",7/26/2023 23:30,DISTRACTION - FROM OUTSIDE VEHICLE,DRIVING SKILLS/KNOWLEDGE/EXPERIENCE,700,E,SOLIDARITY DR,132,,,,,,,1,NO INDICATION OF INJURY,0,0,0,0,0,3,0,23,4,7,41.86655899,-87.61114139,POINT (-87.61114138667 41.866558991112)
705a8e7d77d226541a646cd56520a04512d2a0bf3f4548b746672ac2ebfd163e9b9029253ed35043247944b0cc1a0efa2cdcd88ac610110eb3d1c32ac559c2d0,,,7/28/2023 0:27,20,NO CONTROLS,NO CONTROLS,CLEAR,"DARKNESS, LIGHTED ROAD",SIDESWIPE OPPOSITE DIRECTION,ONE-WAY,,STRAIGHT AND LEVEL,DRY,NO DEFECTS,ON SCENE,INJURY AND / OR TOW DUE TO CRASH,,,,"OVER $1,500",7/28/2023 0:27,UNDER THE INFLUENCE OF ALCOHOL/DRUGS (USE WHEN ARREST IS EFFECTED),DRIVING ON WRONG SIDE/WRONG WAY,2245,S,ST LOUIS AVE,1024,,,,,,,2,NO INDICATION OF INJURY,0,0,0,0,0,3,0,0,6,7,41.85031738,-87.71237321,POINT (-87.712373208557 41.850317383292)