CRASH_RECORD_ID,RD_NO,CRASH_DATE_EST_I,CRASH_DATE,POSTED_SPEED_LIMIT,TRAFFIC_CONTROL_DEVICE,DEVICE_CONDITION,WEATHER_CONDITION,LIGHTING_CONDITION,FIRST_CRASH_TYPE,TRAFFICWAY_TYPE,LANE_CNT,ALIGNMENT,ROADWAY_SURFACE_COND,ROAD_DEFECT,REPORT_TYPE,CRASH_TYPE,INTERSECTION_RELATED_I,NOT_RIGHT_OF_WAY_I,HIT_AND_RUN_I,DAMAGE,DATE_POLICE_NOTIFIED,PRIM_CONTRIBUTORY_CAUSE,SEC_CONTRIBUTORY_CAUSE,STREET_NO,STREET_DIRECTION,STREET_NAME,BEAT_OF_OCCURRENCE,PHOTOS_TAKEN_I,STATEMENTS_TAKEN_I,DOORING_I,WORK_ZONE_I,WORK_ZONE_TYPE,WORKERS_PRESENT_I,NUM_UNITS,MOST_SEVERE_INJURY,INJURIES_TOTAL,INJURIES_FATAL,INJURIES_INCAPACITATING,INJURIES_NON_INCAPACITATING,INJURIES_REPORTED_NOT_EVIDENT,INJURIES_NO_INDICATION,INJURIES_UNKNOWN,CRASH_HOUR,CRASH_DAY_OF_WEEK,CRASH_MONTH,LATITUDE,LONGITUDE,LOCATION
0f0c769c09aa325dc8902b763061885359fcecd1764c76021afb1779837bf4d480fe9fce8444440a7849b12c15b23a7a3d29a36dcef3b44d42be96bfc3a26d91,,,7/25/2023 5:55,15,NO CONTROLS,NO CONTROLS,CLEAR,DAYLIGHT,FIXED OBJECT,ALLEY,,STRAIGHT AND LEVEL,DRY,NO DEFECTS,ON SCENE,INJURY AND / OR TOW DUE TO CRASH,,,Y,"OVER $1,500",7/25/2023 5:57,UNABLE TO DETERMINE,NOT APPLICABLE,1329,S,CHRISTIANA AVE,1021,,,,,,,1,NO INDICATION OF INJURY,0,0,0,0,0,1,0,5,3,7,41.86360735,-87.70909699,POINT (-87.709096991941 41.863607352233)
b3f995fb23bfb96386ac9adb9538b3b04b05b5be3ef45186a544d3c3a94ee19d708bb5fd1217641499fd7ce2aad9e469ab8e08c575b3be22204ef86b7221872a,,,7/27/2023 14:25,30,NO CONTROLS,NO CONTROLS,CLEAR,DAYLIGHT,PARKED MOTOR VEHICLE,ONE-WAY,,STRAIGHT AND LEVEL,DRY,NO DEFECTS,ON SCENE,INJURY AND / OR TOW DUE TO CRASH,,,,"OVER $1,500",7/27/2023 14:28,PHYSICAL CONDITION OF DRIVER,UNABLE TO DETERMINE,8029,S,STATE ST,623,,Y,,,,,2,"REPORTED, NOT EVIDENT",1,0,0,0,1,0,0,14,5,7,41.74824201,-87.62430808,POINT (-87.624308075941 41.748242009955)
38ac2764c37dc8d35fe1bff516d26f1fd67ed347b7717b19606e3f9f8364273cee0cc6524357cb0de84329b3dd3d0d339bceb1fbca4196b2e0694d02fbe65fe2,,,7/27/2023 8:25,30,TRAFFIC SIGNAL,UNKNOWN,CLEAR,DAYLIGHT,SIDESWIPE SAME DIRECTION,NOT DIVIDED,,STRAIGHT AND LEVEL,UNKNOWN,UNKNOWN,NOT ON SCENE (DESK REPORT),NO INJURY / DRIVE AWAY,,,,"$501 - $1,500",7/27/2023 17:34,IMPROPER OVERTAKING/PASSING,UNABLE TO DETERMINE,1101,W,CHICAGO AVE,1215,,,,,,,2,NO INDICATION OF INJURY,0,0,0,0,0,3,0,8,5,7,41.8961599,-87.65524378,POINT (-87.655243778075 41.896159894851)
87a7ae7ebf2144a69175c2a3ca38df527abef987b36b4a43f3ce14bdcf16358d1ba3c0b3622b514394f77826399efef79aa6e1abb7b5e04c0add6da0c7483e5d,,,7/27/2023 22:50,30,NO CONTROLS,NO CONTROLS,CLEAR,"DARKNESS, LIGHTED ROAD",FIXED OBJECT,DIVIDED - W/MEDIAN (NOT RAISED),,STRAIGHT AND LEVEL,OTHER,"RUT, HOLES",ON SCENE,INJURY AND / OR TOW DUE TO CRASH,,,,"OVER $1,500",7/27/2023 23:09,ROAD CONSTRUCTION/MAINTENANCE,ROAD CONSTRUCTION/MAINTENANCE,2932,N,BROADWAY,1934,,Y,,,,,1,NO INDICATION OF INJURY,0,0,0,0,0,1,0,22,5,7,41.93587013,-87.6444056,POINT (-87.64440559777 41.935870128734)
21e162b4acc1cfeac96cbf5df3afc11beb554ee7cc18f181402519b72b6441df96964407e6a917de7d3ad575b25ed53a95d2a72791f6bcb266c63d096ea7b37c,,,7/25/2023 17:00,30,STOP SIGN/FLASHER,FUNCTIONING PROPERLY,CLEAR,DAYLIGHT,TURNING,DIVIDED - W/MEDIAN BARRIER,,STRAIGHT AND LEVEL,DRY,UNKNOWN,ON SCENE,NO INJURY / DRIVE AWAY,Y,,,"$501 - $1,500",7/25/2023 17:07,FAILING TO YIELD RIGHT-OF-WAY,FAILING TO REDUCE SPEED TO AVOID CRASH,629,W,GRAND AVE,1214,,Y,,,,,2,NO INDICATION OF INJURY,0,0,0,0,0,2,0,17,3,7,41.8911212,-87.6442218,POINT (-87.644221804353 41.891121203006)
66cf04cdaf257109d4fa9fd3c0a86826c70ef2aa01fb69f116b6d381422d9521530dace2719c957445df8c9a5d99a28a22067280807ef7bf8f9bf7f6eaba4a73,,,7/27/2023 1:30,30,TRAFFIC SIGNAL,FUNCTIONING PROPERLY,CLEAR,"DARKNESS, LIGHTED ROAD",TURNING,UNKNOWN INTERSECTION TYPE,,STRAIGHT AND LEVEL,DRY,NO DEFECTS,ON SCENE,INJURY AND / OR TOW DUE TO CRASH,,,Y,"OVER $1,500",7/27/2023 1:41,DISREGARDING TRAFFIC SIGNALS,UNABLE TO DETERMINE,532,W,84TH ST,622,Y,Y,,,,,2,NONINCAPACITATING INJURY,1,0,0,1,0,1,0,1,5,7,41.74143238,-87.63761969,POINT (-87.637619690912 41.741432378487)
15f42a2928e82fcf920304d3f1c92a5db848dd94757927b9773256101dc342015781545fb9f1367bf4ae9a2ad945e18bdffd6585f3c74e97e044173196b78d94,,,7/27/2023 15:30,20,TRAFFIC SIGNAL,FUNCTIONING PROPERLY,CLEAR,DAYLIGHT,TURNING,FOUR WAY,,STRAIGHT AND LEVEL,DRY,NO DEFECTS,ON SCENE,NO INJURY / DRIVE AWAY,Y,,Y,"OVER $1,500",7/27/2023 15:38,TURNING RIGHT ON RED,DRIVING SKILLS/KNOWLEDGE/EXPERIENCE,5100,S,LAKE PARK AVE,234,,,,,,,2,NO INDICATION OF INJURY,0,0,0,0,0,2,0,15,5,7,41.80237973,-87.58797941,POINT (-87.587979406628 41.802379729614)
84a0314f0d196e86aee2b3bd4a5a070fdf8d419757f80614ba9e4c8d58db8a86cf2385d65d3b6bef7068257da474c1650b408c2cb49bec9c6a9c08f19d0f4b8c,,,7/26/2023 23:00,30,NO CONTROLS,NO CONTROLS,CLEAR,DARKNESS,TURNING,OTHER,,STRAIGHT AND LEVEL,DRY,NO DEFECTS,NOT ON SCENE (DESK REPORT),INJURY AND / OR TOW DUE TO CRASH,,,,"OVER $1,500",7/27/2023 15:15,FOLLOWING TOO CLOSELY,NOT APPLICABLE,6700,S,JEFFERY BLVD,332,,,,,,,2,"REPORTED, NOT EVIDENT",1,0,0,0,1,1,0,23,4,7,41.77336841,-87.57663855,POINT (-87.576638552177 41.773368408547)
eb7092a9011a0c33e545dadb23a71c4ec2a412e31e22726d3f5e4e8658ddc78329a0e678e3a05d71ecc8fc7becbf0d7c028e128ead06f0eedd794e7220b9b730,,Y,7/23/2023 15:00,30,NO CONTROLS,NO CONTROLS,UNKNOWN,UNKNOWN,PARKED MOTOR VEHICLE,ONE-WAY,,STRAIGHT AND LEVEL,UNKNOWN,UNKNOWN,NOT ON SCENE (DESK REPORT),NO INJURY / DRIVE AWAY,,,Y,"OVER $1,500",7/24/2023 10:15,UNABLE TO DETERMINE,NOT APPLICABLE,3247,W,ALTGELD ST,1413,,,,,,,2,NO INDICATION OF INJURY,0,0,0,0,0,1,0,15,1,7,41.92640926,-87.70925519,POINT (-87.70925518993 41.926409260965)
cbcd1ed6b63edd429081cf55ca138b7e007438d152ac7bf196ca8f1bd9beedce782126cf485b611f3940e016ba46cf0715986b94c3478448032b11e96f62a888,,,7/27/2023 14:00,30,NO CONTROLS,NO CONTROLS,CLEAR,DAYLIGHT,PEDALCYCLIST,NOT DIVIDED,,STRAIGHT AND LEVEL,DRY,NO DEFECTS,ON SCENE,NO INJURY / DRIVE AWAY,,,Y,"OVER $1,500",7/27/2023 14:04,FAILING TO YIELD RIGHT-OF-WAY,NOT APPLICABLE,2015,N,STAVE ST,1431,,,,,,,2,NO INDICATION OF INJURY,0,0,0,0,0,3,0,14,5,7,41.91796321,-87.69172993,POINT (-87.691729933739 41.917963206947)
00c1207b8a292fbe1e7c1f470ef438750ea190df8ebfcd9a349ed9a2cbfc71399db619f318e42a837664ed862e83f0ad3ff5b8fae0d1742e5c1ed0489dd954dd,,,7/27/2023 8:45,10,NO CONTROLS,NO CONTROLS,CLEAR,DAYLIGHT,FIXED OBJECT,OTHER,,STRAIGHT AND LEVEL,DRY,NO DEFECTS,ON SCENE,INJURY AND / OR TOW DUE TO CRASH,,Y,,"$501 - $1,500",7/27/2023 8:55,UNABLE TO DETERMINE,NOT APPLICABLE,1554,E,55TH ST,234,,,,,,,1,NO INDICATION OF INJURY,0,0,0,0,0,2,0,8,5,7,41.79529732,-87.58782256,POINT (-87.587822555467 41.79529731814)
7bfd3cb6faa2cdefcdcd802f76bbd67b327ffae9ce339c72e71e0f6e793a6559c10fa2768ae5d7064aeb5754d09cd21452f7a66e039d3bfac8334621d50e4dbe,,,7/27/2023 17:00,25,NO CONTROLS,NO CONTROLS,CLEAR,DAYLIGHT,TURNING,NOT DIVIDED,,STRAIGHT AND LEVEL,DRY,UNKNOWN,ON SCENE,INJURY AND / OR TOW DUE TO CRASH,,,,"OVER $1,500",7/27/2023 17:00,NOT APPLICABLE,NOT APPLICABLE,11200,S,EMERALD AVE,2233,,,,,,,2,"REPORTED, NOT EVIDENT",1,0,0,0,1,1,0,17,5,7,41.69045809,-87.64125582,POINT (-87.641255819969 41.690458089489)
96ffe74135e12952dba6d50e4dd649a0f838e5471b143594a1671a3e3c2f34bf6984b6e2b9eaaa1cdfa0a3f0a1d43ef5d72c9b1c4ddbec1957c0fc640a87d472,,,7/26/2023 2:30,40,TRAFFIC SIGNAL,FUNCTIONING PROPERLY,CLEAR,"DARKNESS, LIGHTED ROAD",OTHER OBJECT,T-INTERSECTION,,STRAIGHT ON GRADE,DRY,DEBRIS ON ROADWAY,ON SCENE,INJURY AND / OR TOW DUE TO CRASH,Y,,,"$501 - $1,500",7/26/2023 2:35,NOT APPLICABLE,NOT APPLICABLE,1300,S,LAKE SHORE DR SB,132,,,,,,,1,NO INDICATION OF INJURY,0,0,0,0,0,1,0,2,4,7,41.86573231,-87.61966864,POINT (-87.61966863732 41.865732312266)
2d1f2b8a3db1df68762f452db1d5fc0d1c2c0b9fd28525e1c457adbb56b0bf99bd33e6a07b64038ad92f38857ce4ba27a0d72e8255c5e7a55c0de5981cda99c1,,,7/26/2023 23:30,30,STOP SIGN/FLASHER,FUNCTIONING PROPERLY,CLOUDY/OVERCAST,"DARKNESS, LIGHTED ROAD",FIXED OBJECT,ROUNDABOUT,,STRAIGHT AND LEVEL,DRY,NO DEFECTS,ON SCENE,INJURY AND / OR TOW DUE TO CRASH,,,,"OVER $1,500",7/26/2023 23:30,UNABLE TO DETERMINE,NOT APPLICABLE,13251,S,AVENUE M,433,,,,,,,1,NO INDICATION OF INJURY,0,0,0,0,0,2,0,23,4,7,41.6539644,-87.53731457,POINT (-87.537314568186 41.653964398237)
a7548771e23e46ea83b3edd4478b2eb770f13ce3705a986dedb8f781b64241734835605cfe5af7f0941da943e3ce805e1009ee3b77d55a06e5df9322f38f35a2,,,7/27/2023 13:00,30,TRAFFIC SIGNAL,UNKNOWN,CLEAR,DAYLIGHT,REAR END,OTHER,,STRAIGHT AND LEVEL,DRY,UNKNOWN,NOT ON SCENE (DESK REPORT),NO INJURY / DRIVE AWAY,,,,"$501 - $1,500",7/27/2023 16:15,UNABLE TO DETERMINE,NOT APPLICABLE,1631,W,95TH ST,2213,,,,,,,2,NO INDICATION OF INJURY,0,0,0,0,0,2,0,13,5,7,41.72108385,-87.66409854,POINT (-87.664098537626 41.721083847299)
e0ff5970b0b6472c9563072a034414e0d9e16df6e0ddc8be4dd9f3281b198f70351f41840fb8e38aabc673414dedfd65a6bd289b7cffff1e6ee019bde86b6169,,,7/26/2023 23:30,30,UNKNOWN,UNKNOWN,UNKNOWN,UNKNOWN,PARKED MOTOR VEHICLE,NOT DIVIDED,,STRAIGHT AND LEVEL,UNKNOWN,UNKNOWN,ON SCENE,NO INJURY / DRIVE AWAY,,,Y,"$501 - $1,500",7/26/2023 23:36,UNABLE TO DETERMINE,NOT APPLICABLE,841,W,BRADLEY PL,1923,,,,,,,2,NO INDICATION OF INJURY,0,0,0,0,0,1,0,23,4,7,41.94998,-87.65119187,POINT (-87.651191869826 41.949979999485)
462d14e4b741aba0df4933a1577003aeaf9d3ed3284be334de858ac546853e752182070adad7b08a2598c67d3d97a658638fcd136e1776f22610b6c454880893,,,7/28/2023 2:15,15,NO CONTROLS,NO CONTROLS,CLEAR,"DARKNESS, LIGHTED ROAD",SIDESWIPE SAME DIRECTION,ONE-WAY,,STRAIGHT AND LEVEL,OTHER,UNKNOWN,NOT ON SCENE (DESK REPORT),NO INJURY / DRIVE AWAY,,,Y,"OVER $1,500",7/28/2023 2:30,UNABLE TO DETERMINE,NOT APPLICABLE,7430,S,ST LAWRENCE AVE,323,,,,,,,2,NO INDICATION OF INJURY,0,0,0,0,0,2,0,2,6,7,41.75937291,-87.61042332,POINT (-87.610423319059 41.759372914085)
56d1aca996842d13b2e18bcd4feced91f0f7c84b31e8cf4b06cbaf6661dabd9043bd98fb5f38dfb87736f7250d04a32f5273a51a86688de7ed0343df1f57651e,,,7/26/2023 20:10,30,TRAFFIC SIGNAL,FUNCTIONING PROPERLY,CLEAR,"DARKNESS, LIGHTED ROAD",REAR END,DIVIDED - W/MEDIAN (NOT RAISED),,STRAIGHT AND LEVEL,DRY,UNKNOWN,NOT ON SCENE (DESK REPORT),NO INJURY / DRIVE AWAY,,,Y,"OVER $1,500",7/27/2023 20:30,IMPROPER OVERTAKING/PASSING,UNABLE TO DETERMINE,800,N,PULASKI RD,1111,,,,,,,2,NO INDICATION OF INJURY,0,0,0,0,0,3,0,20,4,7,41.89545646,-87.72623054,POINT (-87.726230540513 41.895456456825)
d2e5b4ad503b021ec861b435f30e81ea2e71e2ce45ccbdf9554c9313ac8e2b07ca235d7517c847297c7edb78539987b28c49941c6f3cb3f413e5afe9b934c678,,,7/25/2023 15:53,25,TRAFFIC SIGNAL,FUNCTIONING PROPERLY,CLEAR,DAYLIGHT,SIDESWIPE SAME DIRECTION,ONE-WAY,,STRAIGHT AND LEVEL,DRY,NO DEFECTS,ON SCENE,NO INJURY / DRIVE AWAY,,,,"OVER $1,500",7/25/2023 15:53,NOT APPLICABLE,NOT APPLICABLE,27,W,JACKSON BLVD,113,,,,,,,2,NO INDICATION OF INJURY,0,0,0,0,0,2,0,15,3,7,41.87806443,-87.62869595,POINT (-87.628695945836 41.878064434112)
e95dfbfcd108a3088c36585b2d39d0a9b53e5f3fa535b97be214adbf6d1412c9f972fd27e300bc6446685022d438f6a964c7d3c20f3ec67f71dca206e5497fa1,,,7/27/2023 16:18,35,TRAFFIC SIGNAL,UNKNOWN,CLEAR,DAYLIGHT,REAR END,T-INTERSECTION,,STRAIGHT AND LEVEL,DRY,NO DEFECTS,ON SCENE,INJURY AND / OR TOW DUE TO CRASH,Y,,,"OVER $1,500",7/27/2023 16:18,FAILING TO REDUCE SPEED TO AVOID CRASH,FOLLOWING TOO CLOSELY,1200,N,LAKE SHORE DR,1824,,,,,,,2,NONINCAPACITATING INJURY,1,0,0,1,0,1,0,16,5,7,41.90402236,-87.62516042,POINT (-87.625160424397 41.90402235915)
1911b65039676e90f8aaeccf27e5d1bfec885dfcea73afc57a71e202a8655d9784937e778bb4580726a8275d27517e73a8a5ec734f108618bba4b44361a8b9eb,,,7/27/2023 18:50,35,UNKNOWN,UNKNOWN,UNKNOWN,UNKNOWN,PEDALCYCLIST,NOT DIVIDED,,STRAIGHT AND LEVEL,UNKNOWN,UNKNOWN,ON SCENE,INJURY AND / OR TOW DUE TO CRASH,,,,"OVER $1,500",7/27/2023 18:52,UNABLE TO DETERMINE,UNABLE TO DETERMINE,2264,N,CLARK ST,1812,,,Y,,,,2,NONINCAPACITATING INJURY,1,0,0,1,0,1,0,18,5,7,41.92364998,-87.63945497,POINT (-87.639454968895 41.923649983245)
1ca26bc82ba593a04f4efbdad961326d3b103cc78b1a8a5fd9524fcfc05c2570f4754307e8b6e9576997fd66e8d591ce2de51e2b26d83ac41b79d25d28ffd881,,,7/27/2023 10:00,30,NO CONTROLS,NO CONTROLS,CLEAR,DAYLIGHT,PARKED MOTOR VEHICLE,NOT DIVIDED,,STRAIGHT AND LEVEL,DRY,UNKNOWN,NOT ON SCENE (DESK REPORT),NO INJURY / DRIVE AWAY,N,,,"OVER $1,500",7/27/2023 11:40,EQUIPMENT - VEHICLE CONDITION,UNABLE TO DETERMINE,1401,W,31ST ST,913,,,,,,,2,NO INDICATION OF INJURY,0,0,0,0,0,2,0,10,5,7,41.83773736,-87.66089673,POINT (-87.660896726524 41.8377373562)
3aa6da1d92968f6d8a2f54b1722709e623e166a9a041f2ff674933cec1900a4cea5016c78190af4aa937125800d02e0b4c45681b3db9726e8271d09fd82032b6,,,7/27/2023 17:42,30,TRAFFIC SIGNAL,FUNCTIONING PROPERLY,CLEAR,DAYLIGHT,SIDESWIPE SAME DIRECTION,DIVIDED - W/MEDIAN (NOT RAISED),,STRAIGHT AND LEVEL,DRY,NO DEFECTS,ON SCENE,NO INJURY / DRIVE AWAY,,,Y,"OVER $1,500",7/27/2023 18:07,FAILING TO YIELD RIGHT-OF-WAY,NOT APPLICABLE,5318,W,DEVON AVE,1621,,,,,,,2,NO INDICATION OF INJURY,0,0,0,0,0,3,0,17,5,7,41.99743324,-87.76159991,POINT (-87.761599910355 41.997433238794)
264cc533ebfe101ce1bc716f0098a83ac50d34ef3e9b8505b86d33138ec75908f4d026fc09b3d6fbb723218423cc746ecfa497418c692806ef200f5fc5efdad4,,Y,7/27/2023 17:30,30,TRAFFIC SIGNAL,FUNCTIONING PROPERLY,CLEAR,DAYLIGHT,REAR END,FOUR WAY,,STRAIGHT AND LEVEL,DRY,NO DEFECTS,NOT ON SCENE (DESK REPORT),NO INJURY / DRIVE AWAY,,,,"OVER $1,500",7/27/2023 19:00,FAILING TO REDUCE SPEED TO AVOID CRASH,FAILING TO REDUCE SPEED TO AVOID CRASH,3601,W,LAWRENCE AVE,1723,,,,,,,2,NO INDICATION OF INJURY,0,0,0,0,0,2,0,17,5,7,41.96823774,-87.71831301,POINT (-87.718313008105 41.968237739299)
0378e43c03e69d04b9207fcc862421c72e56236a6958133a55315d6f7ca4b5ff073902836bd1d88e5f72d57838d03073e692bf1a7d18c2db6f9dd83f31e06a27,,,7/27/2023 8:39,30,NO CONTROLS,NO CONTROLS,CLEAR,DAYLIGHT,SIDESWIPE SAME DIRECTION,NOT DIVIDED,,STRAIGHT AND LEVEL,DRY,"RUT, HOLES",NOT ON SCENE (DESK REPORT),NO INJURY / DRIVE AWAY,,,,"OVER $1,500",7/27/2023 14:00,ROAD CONSTRUCTION/MAINTENANCE,NOT APPLICABLE,7998,W,BELMONT AVE,1631,,,,,,,2,NO INDICATION OF INJURY,0,0,0,0,0,2,0,8,5,7,41.93785943,-87.82625503,POINT (-87.826255030878 41.937859427847)
cc3e67c8434c859df76929179ff42331da0e773be3e429ed1aecf11a532ade635df9114e6671a2eb36385c4e60eb36437fa95fbcc3a570d45bb11c91eac6d540,,,7/27/2023 14:00,30,TRAFFIC SIGNAL,FUNCTIONING PROPERLY,CLEAR,DAYLIGHT,TURNING,DIVIDED - W/MEDIAN BARRIER,,STRAIGHT AND LEVEL,DRY,NO DEFECTS,ON SCENE,NO INJURY / DRIVE AWAY,Y,,,"$501 - $1,500",7/27/2023 14:09,FOLLOWING TOO CLOSELY,FOLLOWING TOO CLOSELY,235,W,47TH ST,935,,,,,,,2,NO INDICATION OF INJURY,0,0,0,0,0,3,0,14,5,7,41.80899747,-87.63243404,POINT (-87.632434035864 41.808997464662)
ab76b84c5c1c1609ab217c74dee4b3731344760ff555bf6ee930152887cc551848364bd6f9cdbadc87c5a8a9135bcb06a9a6d6ff9f549e104efaab7ac5d8d652,,,7/27/2023 16:30,30,NO CONTROLS,NO CONTROLS,CLEAR,DAYLIGHT,SIDESWIPE SAME DIRECTION,DIVIDED - W/MEDIAN (NOT RAISED),,STRAIGHT AND LEVEL,DRY,NO DEFECTS,ON SCENE,NO INJURY / DRIVE AWAY,,,,"$501 - $1,500",7/27/2023 16:45,NOT APPLICABLE,NOT APPLICABLE,4045,W,MARQUETTE RD,833,,,,,,,2,NO INDICATION OF INJURY,0,0,0,0,0,2,0,16,5,7,41.7712432,-87.72435912,POINT (-87.724359118302 41.771243195377)
475dab2a6356334357a78e143badc9634c65be65f746a97e9fa6e78ca32e78f3b719b49734d3b40fb63cf1218bc10a809df68537912bf62a1c40295a86018fc2,,,7/27/2023 21:00,30,STOP SIGN/FLASHER,FUNCTIONING PROPERLY,CLEAR,"DARKNESS, LIGHTED ROAD",ANGLE,FOUR WAY,,STRAIGHT AND LEVEL,DRY,NO DEFECTS,NOT ON SCENE (DESK REPORT),INJURY AND / OR TOW DUE TO CRASH,Y,,,"OVER $1,500",7/27/2023 23:40,"VISION OBSCURED (SIGNS, TREE LIMBS, BUILDINGS, ETC.)",NOT APPLICABLE,430,N,MICHIGAN AVE,1834,,,,,,,2,NO INDICATION OF INJURY,0,0,0,0,0,3,0,21,5,7,41.89029965,-87.62425466,POINT (-87.624254664102 41.89029964799)
f56347076a749500f684683de661ad8462e0ddf06c5d9b3e1e1aa58c6505c33ede79133b1f7b19d1240b1c441474294b55ea6c7417130f824ba47471884a7741,,,7/27/2023 12:00,30,UNKNOWN,UNKNOWN,UNKNOWN,DAYLIGHT,SIDESWIPE SAME DIRECTION,DIVIDED - W/MEDIAN (NOT RAISED),,STRAIGHT AND LEVEL,UNKNOWN,UNKNOWN,NOT ON SCENE (DESK REPORT),NO INJURY / DRIVE AWAY,,,,"$501 - $1,500",7/27/2023 12:50,UNABLE TO DETERMINE,NOT APPLICABLE,1819,W,PETERSON AVE,2012,,,,,,,2,NO INDICATION OF INJURY,0,0,0,0,0,2,0,12,5,7,41.9906297,-87.67598543,POINT (-87.675985432562 41.990629702982)
0a337b5fb1e45c1627e760a3ced5460144a4611da046064a846e219491ffb6f0e1b7a1d9919b27dcc285af679a6bd4c5bda5b9381ab96c1e835c505ac8e07e38,,Y,7/26/2023 19:00,30,NO CONTROLS,NO CONTROLS,UNKNOWN,UNKNOWN,PARKED MOTOR VEHICLE,ONE-WAY,,STRAIGHT AND LEVEL,UNKNOWN,NO DEFECTS,NOT ON SCENE (DESK REPORT),NO INJURY / DRIVE AWAY,,,Y,"OVER $1,500",7/27/2023 21:00,UNABLE TO DETERMINE,UNABLE TO DETERMINE,6129,N,CLAREMONT AVE,2413,,,,,,,2,NO INDICATION OF INJURY,0,0,0,0,0,1,0,19,4,7,41.9931775,-87.68837453,POINT (-87.688374531967 41.993177497593)
6391203b1b16ac14b72eff0697d5bc65628544bbaaa7fcb4db9a537b89250ff720ade9332ec83dcf1d391c47aa9f7654fe9275da7a184e6fa3b11678e5cda50d,,,7/27/2023 0:15,30,OTHER WARNING SIGN,FUNCTIONING PROPERLY,CLEAR,"DARKNESS, LIGHTED ROAD",FIXED OBJECT,NOT DIVIDED,,STRAIGHT AND LEVEL,DRY,NO DEFECTS,ON SCENE,INJURY AND / OR TOW DUE TO CRASH,,,Y,"OVER $1,500",7/27/2023 2:19,UNABLE TO DETERMINE,UNABLE TO DETERMINE,3434,E,95TH ST,432,,,,,,,1,NO INDICATION OF INJURY,0,0,0,0,0,1,0,0,5,7,41.72300436,-87.54029269,POINT (-87.540292692835 41.723004362661)
c97755fd4bdee7837449c898168787c0be50f06620846f82aaeb3c6205516de8dc92385c55d9f9b595157062bc29bdd5b3155d4f41256b566b09d7aaf94ce1aa,,,7/27/2023 14:22,10,NO CONTROLS,NO CONTROLS,CLEAR,DAYLIGHT,ANGLE,T-INTERSECTION,,STRAIGHT AND LEVEL,DRY,NO DEFECTS,NOT ON SCENE (DESK REPORT),NO INJURY / DRIVE AWAY,Y,Y,,"OVER $1,500",7/27/2023 16:46,UNABLE TO DETERMINE,UNABLE TO DETERMINE,1238,S,CANAL ST,124,,,,,,,2,NO INDICATION OF INJURY,0,0,0,0,0,2,0,14,5,7,41.8661742,-87.63935715,POINT (-87.639357150306 41.866174197253)
52c214df660c0d748a7c69ecfe2039efc130681a19bdf5feda9d2b163f93c26a9f559b7aa22b3cf8cd11b13a53705984ca0d99711073596e32b3bfa6cb665d76,,,7/27/2023 17:46,30,TRAFFIC SIGNAL,FUNCTIONING PROPERLY,CLEAR,DAYLIGHT,TURNING,FOUR WAY,,STRAIGHT AND LEVEL,DRY,NO DEFECTS,ON SCENE,NO INJURY / DRIVE AWAY,,,,"OVER $1,500",7/27/2023 17:56,FOLLOWING TOO CLOSELY,NOT APPLICABLE,6008,N,AVONDALE AVE,1612,,,,,,,2,NO INDICATION OF INJURY,0,0,0,0,0,3,0,17,5,7,41.9904108,-87.79753042,POINT (-87.797530420214 41.990410803113)
76ea217ff28100f957c2c9ae863a3ecf454515e8344fdec326ddb146428b324dd61406640c9b08a33be678771c6a3792f028027ce621fb3f945256603e7fd2ff,,,7/27/2023 10:15,30,NO CONTROLS,NO CONTROLS,CLEAR,DAYLIGHT,PARKED MOTOR VEHICLE,NOT DIVIDED,,STRAIGHT AND LEVEL,DRY,NO DEFECTS,ON SCENE,NO INJURY / DRIVE AWAY,,,,"OVER $1,500",7/27/2023 10:20,NOT APPLICABLE,NOT APPLICABLE,10655,S,HALSTED ST,2233,,,,,,,2,NO INDICATION OF INJURY,0,0,0,0,0,1,0,10,5,7,41.69984693,-87.6424673,POINT (-87.642467301253 41.699846928381)
89579b66f2db4bc903c72a627cde139e01561cb3690e1f13141fe5e7fbbbf2ee99651132c79929acd0468aa638377fb9f803e92277bc36ab1031f5f136589ba4,,,7/27/2023 4:45,30,NO CONTROLS,NO CONTROLS,CLEAR,DARKNESS,PARKED MOTOR VEHICLE,NOT DIVIDED,,STRAIGHT AND LEVEL,DRY,UNKNOWN,ON SCENE,INJURY AND / OR TOW DUE TO CRASH,,,,"OVER $1,500",7/27/2023 4:49,"OPERATING VEHICLE IN ERRATIC, RECKLESS, CARELESS, NEGLIGENT OR AGGRESSIVE MANNER","OPERATING VEHICLE IN ERRATIC, RECKLESS, CARELESS, NEGLIGENT OR AGGRESSIVE MANNER",728,N,CENTRAL AVE,1511,,,,,,,2,NO INDICATION OF INJURY,0,0,0,0,0,2,0,4,5,7,41.89382894,-87.7655031,POINT (-87.765503102107 41.893828938287)
300c76c8bd953b07353185fa30bbf4518ecd649f667037cd422a468f494c8fc1e989fd3f89d763e6ce6d9ebd93c8802754ae736b287ba7859bcc1ce1fe5b1749,,,7/27/2023 0:34,30,TRAFFIC SIGNAL,FUNCTIONING PROPERLY,CLEAR,"DARKNESS, LIGHTED ROAD",REAR END,FOUR WAY,,STRAIGHT AND LEVEL,DRY,NO DEFECTS,ON SCENE,INJURY AND / OR TOW DUE TO CRASH,Y,,Y,"OVER $1,500",7/27/2023 0:57,FAILING TO REDUCE SPEED TO AVOID CRASH,FOLLOWING TOO CLOSELY,1401,S,STATE ST,131,,,,,,,2,NONINCAPACITATING INJURY,1,0,0,1,0,2,0,0,5,7,41.86397298,-87.62719414,POINT (-87.627194135949 41.863972979749)