CRASH_RECORD_ID,RD_NO,CRASH_DATE_EST_I,CRASH_DATE,POSTED_SPEED_LIMIT,TRAFFIC_CONTROL_DEVICE,DEVICE_CONDITION,WEATHER_CONDITION,LIGHTING_CONDITION,FIRST_CRASH_TYPE,TRAFFICWAY_TYPE,LANE_CNT,ALIGNMENT,ROADWAY_SURFACE_COND,ROAD_DEFECT,REPORT_TYPE,CRASH_TYPE,INTERSECTION_RELATED_I,NOT_RIGHT_OF_WAY_I,HIT_AND_RUN_I,DAMAGE,DATE_POLICE_NOTIFIED,PRIM_CONTRIBUTORY_CAUSE,SEC_CONTRIBUTORY_CAUSE,STREET_NO,STREET_DIRECTION,STREET_NAME,BEAT_OF_OCCURRENCE,PHOTOS_TAKEN_I,STATEMENTS_TAKEN_I,DOORING_I,WORK_ZONE_I,WORK_ZONE_TYPE,WORKERS_PRESENT_I,NUM_UNITS,MOST_SEVERE_INJURY,INJURIES_TOTAL,INJURIES_FATAL,INJURIES_INCAPACITATING,INJURIES_NON_INCAPACITATING,INJURIES_REPORTED_NOT_EVIDENT,INJURIES_NO_INDICATION,INJURIES_UNKNOWN,CRASH_HOUR,CRASH_DAY_OF_WEEK,CRASH_MONTH,LATITUDE,LONGITUDE,LOCATION
e603b6c79ae8a725697ad62796db11f2d717fa89c8fba9bc4aacb3eb6d9267a03ed251cef3ce8a904ed05bf78a6231432a678d201f910749312aefcbc38038d9,,,7/27/2023 12:45,30,TRAFFIC SIGNAL,FUNCTIONING IMPROPERLY,CLEAR,DAYLIGHT,PEDESTRIAN,FOUR WAY,,STRAIGHT AND LEVEL,DRY,NO DEFECTS,NOT ON SCENE (DESK REPORT),NO INJURY / DRIVE AWAY,,,,"OVER $1,500",7/27/2023 13:30,UNABLE TO DETERMINE,NOT APPLICABLE,4000,W,FULLERTON AVE,2524,,,,,,,2,NO INDICATION OF INJURY,0,0,0,0,0,2,0,12,5,7,41.92459302,-87.72681927,POINT (-87.726819268403 41.924593021753)
e25fbcbcba8370e3058dbb8ef894bfbc42cb4c0ab026a7453694e2ee64fd1ec09272417284e5f8a727f8cd1a8d08d7428961f7781d73abbc5f8937c0ae572a42,,,7/27/2023 14:11,30,STOP SIGN/FLASHER,FUNCTIONING PROPERLY,CLEAR,DAYLIGHT,ANGLE,NOT DIVIDED,,STRAIGHT AND LEVEL,DRY,NO DEFECTS,ON SCENE,NO INJURY / DRIVE AWAY,Y,,,"OVER $1,500",7/27/2023 14:11,IMPROPER BACKING,IMPROPER BACKING,3055,W,SHERWIN AVE,2411,,,,,,,2,NO INDICATION OF INJURY,0,0,0,0,0,5,0,14,5,7,42.01453279,-87.70648895,POINT (-87.706488949158 42.014532791605)
d9398de2851328d5c05cc8bff731c880cf10b640719d96efd5716b661f51b8398fec10c635858bd7b51f9fc7b430efa8ac9353994d12fc7b251058332c00c569,,,7/27/2023 14:00,30,TRAFFIC SIGNAL,FUNCTIONING PROPERLY,CLEAR,DAYLIGHT,REAR END,DIVIDED - W/MEDIAN (NOT RAISED),,STRAIGHT AND LEVEL,DRY,NO DEFECTS,NOT ON SCENE (DESK REPORT),NO INJURY / DRIVE AWAY,,,,"OVER $1,500",7/27/2023 17:25,IMPROPER OVERTAKING/PASSING,UNABLE TO DETERMINE,1600,N,ASHLAND AVE,1433,,,,,,,2,NO INDICATION OF INJURY,0,0,0,0,0,2,0,14,5,7,41.91071924,-87.66784081,POINT (-87.66784080722 41.910719243344)
00cceafc866a843dbab1e8dfc0f86bd7e63f6bf0148670c0215ef8f946c01ceba484bd5f9c07f084fd849add6909635e5e8b2116b3025386e4d07a8187d55948,JG340441,Y,7/13/2023 15:30,15,NO CONTROLS,NO CONTROLS,RAIN,DAYLIGHT,PARKED MOTOR VEHICLE,OTHER,,STRAIGHT AND LEVEL,WET,NO DEFECTS,ON SCENE,NO INJURY / DRIVE AWAY,,,Y,"$501 - $1,500",7/14/2023 10:30,NOT APPLICABLE,NOT APPLICABLE,2710,E,89TH ST,423,,,,,,,2,NO INDICATION OF INJURY,0,0,0,0,0,1,0,15,5,7,41.73376107,-87.55775263,POINT (-87.557752629452 41.73376106513)
03d644838dd0584f1dffde5d80160efd1ce2c2076325d56b16cfe97dbb8b3f08e9e615ffc2bda698bececa484d8eb2684416eb885c02bcc9c0dfaa02bf3b6739,JG339669,,7/13/2023 17:00,30,NO CONTROLS,NO CONTROLS,CLEAR,DAYLIGHT,REAR END,ONE-WAY,,STRAIGHT AND LEVEL,DRY,NO DEFECTS,ON SCENE,NO INJURY / DRIVE AWAY,,,,$500 OR LESS,7/13/2023 17:02,UNABLE TO DETERMINE,UNABLE TO DETERMINE,914,W,GARFIELD BLVD,934,,,,,,,2,NO INDICATION OF INJURY,0,0,0,0,0,2,0,17,5,7,41.79437944,-87.64824772,POINT (-87.648247716375 41.794379435255)
04183c07cbb07523d26b0d19098288fa4092023d3777f9e204ee7f18da577d4fcbadfc4fa0e67b9fe4c73dfd994f331f1f25454bbfcd316f2b314eba53881da2,JG338881,,7/13/2023 7:20,30,NO CONTROLS,NO CONTROLS,CLEAR,DAYLIGHT,SIDESWIPE SAME DIRECTION,NOT DIVIDED,,STRAIGHT AND LEVEL,DRY,NO DEFECTS,NOT ON SCENE (DESK REPORT),NO INJURY / DRIVE AWAY,,Y,,"OVER $1,500",7/13/2023 7:46,IMPROPER OVERTAKING/PASSING,NOT APPLICABLE,71,E,WACKER DR,111,,,,,,,2,NO INDICATION OF INJURY,0,0,0,0,0,2,0,7,5,7,41.88775652,-87.62551819,POINT (-87.625518191614 41.887756522735)
044360fe48b14301c4885af1479dd35ffabca25ad5e6ff1f46995481008dc0b50a4c98359b8b9e2bcb771cdf6c4c12545bae63657fa926eff52daa0549d7c874,JG344637,,7/13/2023 13:30,30,TRAFFIC SIGNAL,FUNCTIONING PROPERLY,CLEAR,DAYLIGHT,REAR END,NOT DIVIDED,,STRAIGHT AND LEVEL,DRY,NO DEFECTS,NOT ON SCENE (DESK REPORT),NO INJURY / DRIVE AWAY,,,,"OVER $1,500",7/17/2023 13:40,FOLLOWING TOO CLOSELY,FOLLOWING TOO CLOSELY,4940,W,LAWRENCE AVE,1623,,,,,,,2,NO INDICATION OF INJURY,0,0,0,0,0,2,0,13,5,7,41.96808546,-87.75187589,POINT (-87.751875889288 41.96808546052)
0457a4cf4e8c8817ec23e2c7d6d317665ca166a07ca5187da5d78c440f8965906b53439cd6bf848fffc79d807c02b712e170d971940fe94eb1412e7698858945,JG339907,,7/13/2023 18:13,30,NO CONTROLS,NO CONTROLS,CLEAR,DAYLIGHT,FIXED OBJECT,NOT DIVIDED,,STRAIGHT AND LEVEL,DRY,NO DEFECTS,ON SCENE,NO INJURY / DRIVE AWAY,,Y,Y,"$501 - $1,500",7/13/2023 19:45,DRIVING SKILLS/KNOWLEDGE/EXPERIENCE,UNABLE TO DETERMINE,1106,S,CLINTON ST,124,,,,,,,1,NO INDICATION OF INJURY,0,0,0,0,0,1,0,18,5,7,41.86878882,-87.64091692,POINT (-87.640916922355 41.868788822285)
04ce24cb077f37a387b36245cfa5551729c3baa4ec2e9cccde27382459f6bd03e5f21a80f45fda9ee6bd68eff9cb07482a5851038ee89b5570e2d79e06c2e80b,JG339036,,7/13/2023 9:32,30,TRAFFIC SIGNAL,FUNCTIONING PROPERLY,CLEAR,DAYLIGHT,ANGLE,NOT DIVIDED,,STRAIGHT AND LEVEL,DRY,UNKNOWN,NOT ON SCENE (DESK REPORT),INJURY AND / OR TOW DUE TO CRASH,Y,,,"OVER $1,500",7/13/2023 9:56,DISREGARDING OTHER TRAFFIC SIGNS,NOT APPLICABLE,3801,W,LAKE ST,1122,,,,,,,2,NONINCAPACITATING INJURY,3,0,0,3,0,1,0,9,5,7,41.88509943,-87.7210108,POINT (-87.721010800725 41.885099432172)
04fdf2cc171658642d6177bb2f5f827802dfa6cce44a7403b3a6ccb378e6e7d9ff20ef2aa765c10a5d5f83250ea98ffc77a1915d1a4e88549d7f856c1efe9591,JG343410,,7/13/2023 17:23,30,NO CONTROLS,NO CONTROLS,CLEAR,DAYLIGHT,PEDESTRIAN,NOT DIVIDED,,STRAIGHT AND LEVEL,DRY,UNKNOWN,NOT ON SCENE (DESK REPORT),INJURY AND / OR TOW DUE TO CRASH,,,,$500 OR LESS,7/16/2023 14:23,UNABLE TO DETERMINE,NOT APPLICABLE,1901,W,MADISON ST,1223,,,,,,,2,NONINCAPACITATING INJURY,1,0,0,1,0,1,0,17,5,7,41.88124146,-87.67428253,POINT (-87.674282533953 41.881241456803)
04fe0dad6142b215923cafbfdf5e28d78d9f58ec788b6141d366e06585121d1861c5b906fe73d44dc3939984783563f5636e48a8a345d57276b5edc599e1c12b,JG339637,,7/13/2023 16:05,30,TRAFFIC SIGNAL,FUNCTIONING PROPERLY,CLEAR,DAYLIGHT,PEDALCYCLIST,T-INTERSECTION,,STRAIGHT AND LEVEL,DRY,NO DEFECTS,ON SCENE,INJURY AND / OR TOW DUE TO CRASH,Y,,,"OVER $1,500",7/13/2023 16:49,UNABLE TO DETERMINE,UNABLE TO DETERMINE,6000,N,CLARK ST,2433,,,,,,,2,NONINCAPACITATING INJURY,1,0,0,1,0,1,0,16,5,7,41.99084011,-87.67017295,POINT (-87.670172953348 41.990840109284)
0704afbdc4d3607ba01bb3e2aa8d076e3a5c1cba9e6056a040023fa3ee13d4941209d033ee7e90de8749fff524f0e9e7b7879fb0239e9c55a0b1934f280fa608,JG340061,,7/13/2023 21:20,30,STOP SIGN/FLASHER,UNKNOWN,CLEAR,"DARKNESS, LIGHTED ROAD",ANGLE,UNKNOWN INTERSECTION TYPE,,STRAIGHT AND LEVEL,DRY,UNKNOWN,NOT ON SCENE (DESK REPORT),NO INJURY / DRIVE AWAY,,,Y,"OVER $1,500",7/13/2023 23:15,UNABLE TO DETERMINE,UNABLE TO DETERMINE,1200,W,GRAND AVE,1214,,,,,,,2,NO INDICATION OF INJURY,0,0,0,0,0,2,0,21,5,7,41.89118941,-87.65747031,POINT (-87.657470309402 41.891189414133)
0857b065a8acd3f3725ab38d659a1815367f3027c938a0dc1b14e8dd1d7d1e029a5e45aceb864d014e292801ded6fba8a2fcf2a7cfe8b566f4fae0c43b9f1033,JG339686,,7/13/2023 17:10,30,TRAFFIC SIGNAL,FUNCTIONING PROPERLY,CLEAR,DAYLIGHT,TURNING,FOUR WAY,,STRAIGHT AND LEVEL,DRY,NO DEFECTS,ON SCENE,INJURY AND / OR TOW DUE TO CRASH,Y,,,"OVER $1,500",7/13/2023 17:31,FAILING TO REDUCE SPEED TO AVOID CRASH,IMPROPER TURNING/NO SIGNAL,3201,W,DEVON AVE,2413,,,,,,,2,NO INDICATION OF INJURY,0,0,0,0,0,2,0,17,5,7,41.99727847,-87.70940736,POINT (-87.709407357178 41.997278474417)
08eeb5507dca1955ee331a8f6a570b84f0d48a29834cfe77f784419db343cfe1a7e84e8b53411e6b9ec7aa811e1ea0b4b658b4a1db17c193bbf993435930d24c,JG340013,,7/13/2023 21:44,30,STOP SIGN/FLASHER,FUNCTIONING PROPERLY,CLEAR,DARKNESS,PARKED MOTOR VEHICLE,NOT DIVIDED,,STRAIGHT AND LEVEL,DRY,NO DEFECTS,ON SCENE,NO INJURY / DRIVE AWAY,,,Y,"OVER $1,500",7/13/2023 21:44,UNABLE TO DETERMINE,UNABLE TO DETERMINE,137,W,117TH ST,522,,,,,,,2,NO INDICATION OF INJURY,0,0,0,0,0,1,0,21,5,7,41.68150625,-87.62662424,POINT (-87.626624242507 41.681506248719)
09a5d067dfeabcf752248a181111877582cd247f46ac0a4b3258271f9a065a8b4665778fdef055f03f1a41970738ac77fc0e5b256b8277632edf54de7d73303a,JG339072,,7/13/2023 10:15,25,TRAFFIC SIGNAL,FUNCTIONING PROPERLY,CLEAR,DAYLIGHT,REAR END,DIVIDED - W/MEDIAN (NOT RAISED),,STRAIGHT AND LEVEL,DRY,NO DEFECTS,NOT ON SCENE (DESK REPORT),NO INJURY / DRIVE AWAY,,,,"$501 - $1,500",7/13/2023 10:35,FOLLOWING TOO CLOSELY,FOLLOWING TOO CLOSELY,3200,S,PULASKI RD,1031,,,,,,,2,NO INDICATION OF INJURY,0,0,0,0,0,2,0,10,5,7,41.83497306,-87.72445478,POINT (-87.724454781786 41.834973062794)
0a00f379cf9c4060de23f76f8629d9b15d4283d8753eb5cc761d09f6a802415c0c485b167915bdf69111f899e63ac0ceaa1118b36dd578641b304d3185a8ffd7,JG339122,,7/13/2023 11:15,30,NO CONTROLS,NO CONTROLS,CLEAR,DAYLIGHT,OTHER OBJECT,DIVIDED - W/MEDIAN (NOT RAISED),,STRAIGHT AND LEVEL,DRY,NO DEFECTS,ON SCENE,INJURY AND / OR TOW DUE TO CRASH,,,,"OVER $1,500",7/13/2023 11:16,UNABLE TO DETERMINE,UNABLE TO DETERMINE,900,E,103RD ST,511,,,,,,,1,NO INDICATION OF INJURY,0,0,0,0,0,1,0,11,5,7,41.70764215,-87.60101281,POINT (-87.601012810563 41.707642150851)
0a0744a82cf9c6065f72ab5b67d7c1a000ff5b55ac25a3c9eb017b36fd3982be26960da875c7bebfd1c63807c17105ab9d30cbba14cf43301fa3b29a139fa809,JG339305,,7/13/2023 12:27,30,NO CONTROLS,NO CONTROLS,CLEAR,DAYLIGHT,REAR END,NOT DIVIDED,,STRAIGHT AND LEVEL,DRY,NO DEFECTS,NOT ON SCENE (DESK REPORT),NO INJURY / DRIVE AWAY,,,,"OVER $1,500",7/13/2023 13:27,FOLLOWING TOO CLOSELY,FOLLOWING TOO CLOSELY,4930,S,CALIFORNIA AVE,923,,,,,,,2,NO INDICATION OF INJURY,0,0,0,0,0,2,0,12,5,7,41.80361501,-87.69422351,POINT (-87.694223514397 41.803615006687)
0a861c7da1730efa4aec872927a2d554bcd6e29db6ca5dff0f3f8f7bd86b72baeff8b3f348449b534a18f98523d591ee4aee19b78416744944f9b367fc3bc044,JG235986,,4/24/2023 17:09,30,UNKNOWN,UNKNOWN,CLEAR,DAYLIGHT,REAR END,FOUR WAY,,STRAIGHT AND LEVEL,DRY,NO DEFECTS,,INJURY AND / OR TOW DUE TO CRASH,Y,,,"OVER $1,500",4/24/2023 18:41,NOT APPLICABLE,NOT APPLICABLE,1215,E,83RD ST,412,,,,,,,2,NONINCAPACITATING INJURY,1,0,0,1,0,4,0,17,2,4,41.74398443,-87.59466164,POINT (-87.594661637129 41.743984429566)
0cebb734c9496383315f65db1c63f150a9bbcad3597749942b85b29e2efe5a161b635eeffcd37f8fa45b0589a15c2ba1a262097cb413a99700347c39b289d4f0,JG338871,,7/13/2023 7:06,30,NO CONTROLS,NO CONTROLS,CLEAR,DAYLIGHT,OTHER OBJECT,OTHER,,STRAIGHT AND LEVEL,DRY,NO DEFECTS,ON SCENE,INJURY AND / OR TOW DUE TO CRASH,,,,"OVER $1,500",7/13/2023 7:37,FAILING TO REDUCE SPEED TO AVOID CRASH,UNABLE TO DETERMINE,8400,S,ANTHONY AVE,412,,,,,,,1,INCAPACITATING INJURY,1,0,1,0,0,0,0,7,5,7,41.74242215,-87.57617574,POINT (-87.57617573812 41.742422150376)
0ea1a8a38294ca5228845317d6754aabc83949c549d440ba78f51aa51bcd4480dece72d98145262d74e27d0ef4dd53438230ccf285fc418bd6fb79332b4520a1,JG338860,,7/13/2023 6:45,30,NO CONTROLS,NO CONTROLS,CLEAR,"DARKNESS, LIGHTED ROAD",FIXED OBJECT,ALLEY,,STRAIGHT AND LEVEL,DRY,NO DEFECTS,ON SCENE,NO INJURY / DRIVE AWAY,,,,"OVER $1,500",7/13/2023 6:55,NOT APPLICABLE,NOT APPLICABLE,2016,N,LARAMIE AVE,2515,,,,,,,1,NO INDICATION OF INJURY,0,0,0,0,0,1,0,6,5,7,41.91744383,-87.75610175,POINT (-87.756101752737 41.917443833037)
0f619cd0cc4d208fca9e9a7f13d46f230963d9b8ca7b627658a641b8e0e3db0156a60d469cddf02977e11c08f302ffe402c0dfd11a58f8030c0302caa1a242fc,JG340048,,7/13/2023 22:07,30,STOP SIGN/FLASHER,FUNCTIONING PROPERLY,CLEAR,"DARKNESS, LIGHTED ROAD",TURNING,FOUR WAY,,STRAIGHT AND LEVEL,DRY,NO DEFECTS,NOT ON SCENE (DESK REPORT),INJURY AND / OR TOW DUE TO CRASH,Y,,,"OVER $1,500",7/13/2023 22:41,UNDER THE INFLUENCE OF ALCOHOL/DRUGS (USE WHEN ARREST IS EFFECTED),DISREGARDING STOP SIGN,2101,S,OAKLEY AVE,1234,,,,,,,2,NO INDICATION OF INJURY,0,0,0,0,0,2,0,22,5,7,41.85384806,-87.68309652,POINT (-87.683096517229 41.853848064167)
0fa783494d874d66fcfb4102b46ae5bf55ebae6594bba816522fb573d572e850c97450109d727128ba02bde75317a03f9232dae69131a4c91c0c92eb7d228499,JG339590,,7/13/2023 15:50,25,TRAFFIC SIGNAL,FUNCTIONING PROPERLY,CLEAR,DAYLIGHT,SIDESWIPE SAME DIRECTION,DIVIDED - W/MEDIAN BARRIER,,STRAIGHT AND LEVEL,DRY,NO DEFECTS,NOT ON SCENE (DESK REPORT),NO INJURY / DRIVE AWAY,,,,"$501 - $1,500",7/13/2023 16:20,IMPROPER OVERTAKING/PASSING,UNABLE TO DETERMINE,3129,N,ASHLAND AVE,1932,,,,,,,2,NO INDICATION OF INJURY,0,0,0,0,0,2,0,15,5,7,41.93878339,-87.66848377,POINT (-87.668483771513 41.938783392196)
0fa8a8b13f5efd886bdc82f46031fbb7b6aefb6faa37ad0b470d78e9a9e646d8b099ea248d2a3d9c1de7fe1968dfa79115033eb81ddb2d62a367aca3656ac1bb,JG339824,,7/13/2023 18:48,10,NO CONTROLS,NO CONTROLS,CLEAR,DAYLIGHT,FIXED OBJECT,PARKING LOT,,STRAIGHT AND LEVEL,DRY,NO DEFECTS,ON SCENE,NO INJURY / DRIVE AWAY,,,,"OVER $1,500",7/13/2023 18:51,DRIVING SKILLS/KNOWLEDGE/EXPERIENCE,UNABLE TO DETERMINE,5158,N,LINCOLN AVE,2031,,,,,,,1,NO INDICATION OF INJURY,0,0,0,0,0,1,0,18,5,7,41.97576,-87.69249406,POINT (-87.692494058582 41.97575999604)
0fbd5d8d6e677121aba08a47cd31a36bba13dc8fc10f461db0db51b42e1daa5f938b986aae3a2f89f3206078e146742fb26f7ef7a901eb3742bf2b3803dbc06e,JG339563,,7/13/2023 15:45,30,UNKNOWN,UNKNOWN,CLEAR,DAYLIGHT,TURNING,UNKNOWN,,STRAIGHT AND LEVEL,UNKNOWN,UNKNOWN,NOT ON SCENE (DESK REPORT),NO INJURY / DRIVE AWAY,,,N,"OVER $1,500",7/13/2023 16:15,UNABLE TO DETERMINE,UNABLE TO DETERMINE,3833,W,LAWRENCE AVE,1723,,,,,,,2,NO INDICATION OF INJURY,0,0,0,0,0,2,0,15,5,7,41.96817021,-87.72452213,POINT (-87.724522131353 41.968170206558)
0fd5487e3bc56ae18f21cb2cd834bcf7fed40dd7e3729a3b0cf9bcce85930ccab1ea25d90adc4fc4e50767037175e9f06c34c41e9668ae2c608d8488ae7d3958,JG339769,,7/13/2023 17:40,30,NO CONTROLS,NO CONTROLS,CLEAR,DAYLIGHT,SIDESWIPE SAME DIRECTION,NOT DIVIDED,,STRAIGHT AND LEVEL,UNKNOWN,UNKNOWN,ON SCENE,NO INJURY / DRIVE AWAY,,,,"$501 - $1,500",7/13/2023 18:14,UNABLE TO DETERMINE,NOT APPLICABLE,509,N,ORLEANS ST,1831,,,,,,,2,NO INDICATION OF INJURY,0,0,0,0,0,2,0,17,5,7,41.89107541,-87.63687268,POINT (-87.636872677188 41.891075407639)
104016e992218da8e8caa3ab78f34edf8ab8fab9d2fa1e412b8e1eaaa0336b95671d93af4c59aad79e29808cb544cd962b23c5951818311f1d083ea2d086a4f1,JG339594,,7/13/2023 15:20,30,NO CONTROLS,NO CONTROLS,CLEAR,DAYLIGHT,PEDESTRIAN,ONE-WAY,,STRAIGHT AND LEVEL,DRY,NO DEFECTS,ON SCENE,INJURY AND / OR TOW DUE TO CRASH,,,Y,$500 OR LESS,7/13/2023 15:26,DRIVING ON WRONG SIDE/WRONG WAY,"OPERATING VEHICLE IN ERRATIC, RECKLESS, CARELESS, NEGLIGENT OR AGGRESSIVE MANNER",2708,E,80TH ST,422,,,,,,,2,INCAPACITATING INJURY,1,0,1,0,0,1,0,15,5,7,41.75012612,-87.55853259,POINT (-87.558532587277 41.750126120518)
10bbb5fec8484a927b37dfd166b1d534d85fb3727cb4acabe0f811286ff8e9728e952e3c742bef6d30bc4c3d27abb8d3c1b6c7837eeed8228c70a6174c1bc92f,JG338921,,7/13/2023 7:50,30,NO CONTROLS,NO CONTROLS,CLEAR,DAYLIGHT,PARKED MOTOR VEHICLE,ONE-WAY,,STRAIGHT AND LEVEL,DRY,NO DEFECTS,ON SCENE,NO INJURY / DRIVE AWAY,,,,"OVER $1,500",7/13/2023 7:50,UNABLE TO DETERMINE,NOT APPLICABLE,5738,W,GRACE ST,1633,,,,,,,2,NO INDICATION OF INJURY,0,0,0,0,0,3,0,7,5,7,41.94959109,-87.7708865,POINT (-87.770886496306 41.949591090692)
11563e2c2ef4fb633f3a4fcf0ec91fe9969ec5bdaa8b73cb8395253214152686b6230a5f8a84c574c810315c0903d044793ab8d83ae0e58fbe4f43e352e265e3,JG339394,,7/13/2023 12:30,30,TRAFFIC SIGNAL,FUNCTIONING PROPERLY,CLEAR,DUSK,TURNING,UNKNOWN INTERSECTION TYPE,,STRAIGHT AND LEVEL,DRY,NO DEFECTS,NOT ON SCENE (DESK REPORT),NO INJURY / DRIVE AWAY,,,Y,$500 OR LESS,7/13/2023 15:30,UNABLE TO DETERMINE,NOT APPLICABLE,6900,S,LAFAYETTE AVE,731,,,,,,,2,NO INDICATION OF INJURY,0,0,0,0,0,2,0,12,5,7,41.76915534,-87.62681268,POINT (-87.626812676272 41.769155335336)
11ef2031cd443958800d5062c111a025e97215ea3230df7d28fd93a88cf29d0e4d607126acee4fa61a59d83cd204fab036160efa57d6bd00b0529366ceffd5f2,JG339196,,7/13/2023 11:53,25,NO CONTROLS,NO CONTROLS,CLEAR,DAYLIGHT,PARKED MOTOR VEHICLE,ONE-WAY,,STRAIGHT AND LEVEL,DRY,NO DEFECTS,ON SCENE,INJURY AND / OR TOW DUE TO CRASH,,,,"OVER $1,500",7/13/2023 11:53,"OPERATING VEHICLE IN ERRATIC, RECKLESS, CARELESS, NEGLIGENT OR AGGRESSIVE MANNER",DRIVING ON WRONG SIDE/WRONG WAY,7021,S,CLYDE AVE,331,,,,,,,3,INCAPACITATING INJURY,1,0,1,0,0,0,0,11,5,7,41.76737995,-87.57374129,POINT (-87.573741287289 41.767379951766)
1236797b9ba75bc3a4f3cd918bceec8a6985d0f0588e8038888b55946f7d0f0793d6de7c9772e739000bf818011adcfd08bb25e5a562ee394084e1539e0b0eea,JG339219,,7/13/2023 11:00,10,NO CONTROLS,NO CONTROLS,CLEAR,DAYLIGHT,PARKED MOTOR VEHICLE,PARKING LOT,,STRAIGHT AND LEVEL,DRY,NO DEFECTS,ON SCENE,NO INJURY / DRIVE AWAY,,Y,,"OVER $1,500",7/13/2023 11:32,IMPROPER BACKING,UNABLE TO DETERMINE,5301,S,WESTERN BLVD,932,,,,,,,2,NO INDICATION OF INJURY,0,0,0,0,0,1,0,11,5,7,41.79742227,-87.68341787,POINT (-87.683417872042 41.79742227413)
1287c9f99b60dd5e516a5f8de753406839560b1763d75bf48d2d13ceb16f56acff4c08ba6f75ee41599330b892157e8929cd84ca4b2c6fa6465fd80d3b624e48,JG339084,,7/13/2023 8:45,30,NO CONTROLS,NO CONTROLS,CLEAR,DAYLIGHT,SIDESWIPE SAME DIRECTION,DIVIDED - W/MEDIAN (NOT RAISED),,STRAIGHT AND LEVEL,UNKNOWN,UNKNOWN,NOT ON SCENE (DESK REPORT),NO INJURY / DRIVE AWAY,,,,"$501 - $1,500",7/13/2023 10:45,UNABLE TO DETERMINE,NOT APPLICABLE,300,N,LA SALLE DR,1831,,,,,,,2,NO INDICATION OF INJURY,0,0,0,0,0,2,0,8,5,7,41.88752864,-87.63264684,POINT (-87.632646836524 41.887528639657)
12945db768818cdc8d9858d4ca9691705e84b9de5fa9cd0ef4560efdd8a72907461a6351f9189b95f9d7f5a35eb8e2fea544ce5e8df7e49d08f0e502de1e24c2,JG338734,,7/13/2023 1:48,20,NO CONTROLS,NO CONTROLS,CLEAR,"DARKNESS, LIGHTED ROAD",PARKED MOTOR VEHICLE,NOT DIVIDED,,STRAIGHT AND LEVEL,DRY,NO DEFECTS,NOT ON SCENE (DESK REPORT),NO INJURY / DRIVE AWAY,,,,$500 OR LESS,7/13/2023 1:48,IMPROPER BACKING,IMPROPER BACKING,5546,W,IRVING PARK RD,1624,,,,,,,2,NO INDICATION OF INJURY,0,0,0,0,0,2,0,1,5,7,41.95330552,-87.76641965,POINT (-87.766419646722 41.953305520682)
131d63a821293e2ec1a89e946c6accbca3d82f72dc08236e9f31759317f5fc9aded153d9a1ea2e67f5c301f6c4ab6f1125c5e84223d9ba6e57f09d743c84962e,JG339814,,7/13/2023 13:30,30,NO CONTROLS,NO CONTROLS,CLEAR,DAYLIGHT,PEDALCYCLIST,DIVIDED - W/MEDIAN BARRIER,,STRAIGHT AND LEVEL,DRY,NO DEFECTS,NOT ON SCENE (DESK REPORT),NO INJURY / DRIVE AWAY,,,,"$501 - $1,500",7/13/2023 19:00,UNABLE TO DETERMINE,UNABLE TO DETERMINE,2158,W,LAWRENCE AVE,2032,,,,,,,2,NO INDICATION OF INJURY,0,0,0,0,0,4,0,13,5,7,41.96879532,-87.68398537,POINT (-87.683985374027 41.968795314537)
1377397d18eae81e3793c962ad2327ac8b5dbd55fe8b413fd29a823b6b8bbf3323c1fde5a869f40e9637b656162096cdfc72d0a5bbba0ef0786690128e2a060b,JG338986,,7/13/2023 6:40,30,TRAFFIC SIGNAL,FUNCTIONING PROPERLY,CLEAR,DAYLIGHT,SIDESWIPE SAME DIRECTION,NOT DIVIDED,,STRAIGHT AND LEVEL,DRY,NO DEFECTS,NOT ON SCENE (DESK REPORT),NO INJURY / DRIVE AWAY,,,Y,"$501 - $1,500",7/13/2023 9:15,IMPROPER OVERTAKING/PASSING,UNABLE TO DETERMINE,3400,W,GRAND AVE,1121,,,,,,,2,NO INDICATION OF INJURY,0,0,0,0,0,3,0,6,5,7,41.89982195,-87.71143866,POINT (-87.711438657065 41.899821947712)
1601a4d41aefc1242fffa9de8892b206add48a28ed2ac113a3cc61e91116a9eb2d6cc79b1cf44d330e2cc575c16cf2a8026e9f5fcfe27d52e8d9cc9fcd876133,JG339659,,7/13/2023 16:45,30,TRAFFIC SIGNAL,FUNCTIONING PROPERLY,CLEAR,DAYLIGHT,TURNING,DIVIDED - W/MEDIAN (NOT RAISED),,STRAIGHT AND LEVEL,DRY,NO DEFECTS,NOT ON SCENE (DESK REPORT),NO INJURY / DRIVE AWAY,,,,"OVER $1,500",7/13/2023 17:30,IMPROPER OVERTAKING/PASSING,NOT APPLICABLE,5201,W,DIVISION ST,1524,,,,,,,2,NO INDICATION OF INJURY,0,0,0,0,0,2,0,16,5,7,41.90213864,-87.75583299,POINT (-87.755832987503 41.902138635014)
1607be625e9628fd087486ab85376a5f9a30ab35e96596bbdab85dbb62fd0efece4af9ecc55a6a19e593c2be13e18792e06422045785f8de6832cc35e2fd2cd6,JG340041,,7/13/2023 23:02,30,NO CONTROLS,NO CONTROLS,CLEAR,"DARKNESS, LIGHTED ROAD",SIDESWIPE SAME DIRECTION,NOT DIVIDED,,STRAIGHT AND LEVEL,DRY,NO DEFECTS,ON SCENE,NO INJURY / DRIVE AWAY,,,,"$501 - $1,500",7/13/2023 23:15,UNABLE TO DETERMINE,NOT APPLICABLE,5699,N,PULASKI RD,1711,,,,,,,2,NO INDICATION OF INJURY,0,0,0,0,0,2,0,23,5,7,41.9842335,-87.72832445,POINT (-87.7283244458 41.984233499191)