CRASH_RECORD_ID,RD_NO,CRASH_DATE_EST_I,CRASH_DATE,POSTED_SPEED_LIMIT,TRAFFIC_CONTROL_DEVICE,DEVICE_CONDITION,WEATHER_CONDITION,LIGHTING_CONDITION,FIRST_CRASH_TYPE,TRAFFICWAY_TYPE,LANE_CNT,ALIGNMENT,ROADWAY_SURFACE_COND,ROAD_DEFECT,REPORT_TYPE,CRASH_TYPE,INTERSECTION_RELATED_I,NOT_RIGHT_OF_WAY_I,HIT_AND_RUN_I,DAMAGE,DATE_POLICE_NOTIFIED,PRIM_CONTRIBUTORY_CAUSE,SEC_CONTRIBUTORY_CAUSE,STREET_NO,STREET_DIRECTION,STREET_NAME,BEAT_OF_OCCURRENCE,PHOTOS_TAKEN_I,STATEMENTS_TAKEN_I,DOORING_I,WORK_ZONE_I,WORK_ZONE_TYPE,WORKERS_PRESENT_I,NUM_UNITS,MOST_SEVERE_INJURY,INJURIES_TOTAL,INJURIES_FATAL,INJURIES_INCAPACITATING,INJURIES_NON_INCAPACITATING,INJURIES_REPORTED_NOT_EVIDENT,INJURIES_NO_INDICATION,INJURIES_UNKNOWN,CRASH_HOUR,CRASH_DAY_OF_WEEK,CRASH_MONTH,LATITUDE,LONGITUDE,LOCATION
167158639f64633e72e510d7bb6c1ad5c3a9fe0e238367734037c0a25773c2b6c22ad8bb06c91a57125c2495d6404f361e93b1b4de6366d7c6ad551e40337478,JG340578,,7/13/2023 23:00,30,NO CONTROLS,NO CONTROLS,CLEAR,DAYLIGHT,PARKED MOTOR VEHICLE,ONE-WAY,,STRAIGHT AND LEVEL,DRY,NO DEFECTS,NOT ON SCENE (DESK REPORT),NO INJURY / DRIVE AWAY,,,Y,"OVER $1,500",7/14/2023 11:30,IMPROPER BACKING,UNABLE TO DETERMINE,3329,W,65TH ST,831,,,,,,,2,NO INDICATION OF INJURY,0,0,0,0,0,1,0,23,5,7,41.77515607,-87.70664166,POINT (-87.706641657464 41.775156070542)
16b6991990f51cbfdadf0348f7baf44d3ad5531c2905618267ae8863a3a31dfaea8b5bdae0a56fea0ebb9a52d8c6dc99da1450984305baeb0dc1420e1d0901b7,JG339864,Y,7/13/2023 18:45,30,NO CONTROLS,NO CONTROLS,CLEAR,DAYLIGHT,PARKED MOTOR VEHICLE,ONE-WAY,,STRAIGHT AND LEVEL,DRY,NO DEFECTS,ON SCENE,NO INJURY / DRIVE AWAY,,,,"OVER $1,500",7/13/2023 19:10,DRIVING SKILLS/KNOWLEDGE/EXPERIENCE,UNABLE TO DETERMINE,2633,N,MANGO AVE,2514,,,,,,,2,NO INDICATION OF INJURY,0,0,0,0,0,1,0,18,5,7,41.92857644,-87.76965311,POINT (-87.769653107174 41.928576436814)
17b221fb88bff8748cbc47f8e90929f7e6e15096724fa362b0644c4faea4fb616bdd48d5987361249a61859db245eb0ba2b95f4073e8804026141d1c2db9b935,JG339863,,7/13/2023 17:35,30,YIELD,NO CONTROLS,CLEAR,DAYLIGHT,TURNING,NOT DIVIDED,,STRAIGHT AND LEVEL,DRY,NO DEFECTS,ON SCENE,NO INJURY / DRIVE AWAY,,,,"OVER $1,500",7/13/2023 17:41,FAILING TO YIELD RIGHT-OF-WAY,FAILING TO YIELD RIGHT-OF-WAY,1534,S,WABASH AVE,131,,,,,,,2,NO INDICATION OF INJURY,0,0,0,0,0,2,0,17,5,7,41.8609522,-87.62582393,POINT (-87.625823932811 41.860952194852)
17b8c7c0ffd0ed4cce71104bf428f039a45aac33285b7d00bcfa5e1adafdcaace2168e58e14ef33a3b63b23d2b72190b6ed5340144ffdb44bf5904318a4496f4,JG340619,,7/13/2023 14:42,25,TRAFFIC SIGNAL,FUNCTIONING PROPERLY,UNKNOWN,DAYLIGHT,REAR END,NOT DIVIDED,,STRAIGHT AND LEVEL,UNKNOWN,UNKNOWN,NOT ON SCENE (DESK REPORT),INJURY AND / OR TOW DUE TO CRASH,,,,"OVER $1,500",7/14/2023 11:29,UNABLE TO DETERMINE,NOT APPLICABLE,4757,N,KIMBALL AVE,1713,Y,,,,,,2,NONINCAPACITATING INJURY,1,0,0,1,0,1,0,14,5,7,41.96825659,-87.71321057,POINT (-87.713210566501 41.968256592904)
1a359aca56575de256677d681a6d9bc2006eda9da8d838f6bc1e4082864adafbf0b0c1e293046bdb04a3f4f2ef951c9e1913dcf14e3401b28d966143e4ab52f8,JG339615,,7/13/2023 16:35,30,NO CONTROLS,NO CONTROLS,CLEAR,DAYLIGHT,SIDESWIPE SAME DIRECTION,NOT DIVIDED,,STRAIGHT AND LEVEL,UNKNOWN,UNKNOWN,ON SCENE,NO INJURY / DRIVE AWAY,,,,"OVER $1,500",7/13/2023 16:40,IMPROPER LANE USAGE,UNABLE TO DETERMINE,655,N,FAIRBANKS CT,1834,,,,,,,2,NO INDICATION OF INJURY,0,0,0,0,0,4,0,16,5,7,41.89416428,-87.62014473,POINT (-87.620144729206 41.89416428252)
1a368519ad3ddae98816d37406ad8add8c846113c527bc860d8082c826c686252d4915f392fb10559a1d13aa6065694a6dfdc8aaac6db42ae3a11249d5a8fcc0,JG339362,Y,7/13/2023 11:15,30,NO CONTROLS,NO CONTROLS,CLEAR,DAYLIGHT,PARKED MOTOR VEHICLE,NOT DIVIDED,,STRAIGHT AND LEVEL,DRY,NO DEFECTS,NOT ON SCENE (DESK REPORT),NO INJURY / DRIVE AWAY,,,Y,"$501 - $1,500",7/13/2023 14:00,NOT APPLICABLE,NOT APPLICABLE,3122,N,CLYBOURN AVE,1931,,,,,,,2,NO INDICATION OF INJURY,0,0,0,0,0,1,0,11,5,7,41.93813188,-87.68642526,POINT (-87.686425262817 41.938131881565)
1b6e15068d36e4325292424d4a1ba0c98e7fec5873f6fedc55639f92343d91e6639fd6b5be23ac5f46e4a0542ee49c3c73c8b1a9abbd740d8c6c417f6a33b561,JG338942,,7/13/2023 8:15,30,STOP SIGN/FLASHER,FUNCTIONING PROPERLY,CLEAR,DAYLIGHT,SIDESWIPE SAME DIRECTION,FOUR WAY,,STRAIGHT AND LEVEL,DRY,NO DEFECTS,ON SCENE,NO INJURY / DRIVE AWAY,,,,"OVER $1,500",7/13/2023 8:16,RELATED TO BUS STOP,NOT APPLICABLE,1503,W,DEVON AVE,2433,,,,,,,2,NO INDICATION OF INJURY,0,0,0,0,0,2,0,8,5,7,41.99799838,-87.66801969,POINT (-87.66801969257 41.997998384025)
1c7d08272e14b7c58985fb27835c79f5c31c73b299a8936a7168b8d3a38771fd3f24daf3fd65cc1df4547fc6f9c92c29433ecb01984a9e57af614f7af98c2b85,JG339893,Y,7/13/2023 19:30,30,TRAFFIC SIGNAL,FUNCTIONING PROPERLY,CLEAR,DUSK,REAR END,NOT DIVIDED,,STRAIGHT AND LEVEL,DRY,NO DEFECTS,NOT ON SCENE (DESK REPORT),NO INJURY / DRIVE AWAY,,,,"OVER $1,500",7/13/2023 20:00,FOLLOWING TOO CLOSELY,NOT APPLICABLE,4000,W,BELMONT AVE,1731,,,,,,,2,NO INDICATION OF INJURY,0,0,0,0,0,2,0,19,5,7,41.93920375,-87.72731013,POINT (-87.727310134144 41.939203749866)
1e00e47c5c18774dc27ff6839222428a12341fb5034ae761673e408e65c7cef835e46d138fd5c762ed1328cc6937505be084e7d2d0cc9c5d91065fb4b1923b33,JG339176,,7/13/2023 11:50,30,NO CONTROLS,NO CONTROLS,CLEAR,DAYLIGHT,FIXED OBJECT,ONE-WAY,,STRAIGHT AND LEVEL,DRY,UNKNOWN,ON SCENE,INJURY AND / OR TOW DUE TO CRASH,N,,,"OVER $1,500",7/13/2023 11:51,DRIVING SKILLS/KNOWLEDGE/EXPERIENCE,FAILING TO REDUCE SPEED TO AVOID CRASH,4642,S,WENTWORTH AVE,925,,,,,,,1,NO INDICATION OF INJURY,0,0,0,0,0,1,0,11,5,7,41.80987227,-87.63240419,POINT (-87.632404188309 41.809872267184)
1eef90bb3c3297badf158f74f8a260fa12235eeca9c6b7203efd70c333ce0fae06b5d9c8095f5d04dc5e82b0826c908ffa48eb0ae5090ddaf34ccf390c4e8cc9,JG339652,,7/13/2023 16:50,30,NO CONTROLS,NO CONTROLS,CLEAR,DAYLIGHT,TURNING,Y-INTERSECTION,,STRAIGHT AND LEVEL,DRY,NO DEFECTS,ON SCENE,INJURY AND / OR TOW DUE TO CRASH,Y,,,"OVER $1,500",7/13/2023 17:12,IMPROPER TURNING/NO SIGNAL,FAILING TO YIELD RIGHT-OF-WAY,7321,W,DEVON AVE,1612,,,,,,,2,NO INDICATION OF INJURY,0,0,0,0,0,2,0,16,5,7,41.99700605,-87.8113037,POINT (-87.811303700416 41.997006049895)
20a6414db838de2117da377fe84e29ce1eec17665a57f6dae371cfecd0f27be48deba5b1e6217733d0c319f42ea4a7f993d2a02dc2dc76c4065a405593613b8f,JG339695,,7/13/2023 16:41,30,TRAFFIC SIGNAL,NO CONTROLS,CLEAR,"DARKNESS, LIGHTED ROAD",PEDALCYCLIST,ONE-WAY,,STRAIGHT AND LEVEL,DRY,NO DEFECTS,ON SCENE,INJURY AND / OR TOW DUE TO CRASH,,,,"OVER $1,500",7/13/2023 17:01,UNABLE TO DETERMINE,UNABLE TO DETERMINE,300,E,SOUTH WATER ST,114,,,,,,,2,NONINCAPACITATING INJURY,1,0,0,1,0,1,0,16,5,7,41.8866114,-87.61903612,POINT (-87.61903611456 41.886611404033)
2282a33feb1df63f83320484bd265d4d3d2880f9f34633fcc25fa04d2c4493e84f419e643b58b2bffd5dcf13865496037576a9c5f81f315e6cad3a183fe1205b,JG338863,,7/13/2023 6:45,30,TRAFFIC SIGNAL,FUNCTIONING PROPERLY,CLEAR,DAWN,PEDALCYCLIST,DIVIDED - W/MEDIAN BARRIER,,STRAIGHT AND LEVEL,WET,NO DEFECTS,ON SCENE,INJURY AND / OR TOW DUE TO CRASH,Y,,,"OVER $1,500",7/13/2023 6:50,DISREGARDING TRAFFIC SIGNALS,FAILING TO YIELD RIGHT-OF-WAY,148,N,MICHIGAN AVE,111,,,,,,,2,NONINCAPACITATING INJURY,1,0,0,1,0,1,0,6,5,7,41.88440613,-87.62459604,POINT (-87.624596044441 41.884406129114)
234392fc88e91cc4587e4533783168c1247200a89af8aa85f44a21f623a4b3280e4225c0a66311b3ca4165f6c8c0d82ae4c3d85c3307dde04512787dbf186a4e,JG340059,,7/13/2023 11:00,30,NO CONTROLS,UNKNOWN,CLEAR,"DARKNESS, LIGHTED ROAD",TURNING,FOUR WAY,,STRAIGHT AND LEVEL,DRY,UNKNOWN,NOT ON SCENE (DESK REPORT),NO INJURY / DRIVE AWAY,Y,,Y,"$501 - $1,500",7/13/2023 11:30,IMPROPER TURNING/NO SIGNAL,NOT APPLICABLE,1155,N,WELLS ST,1824,,,,,,,2,NO INDICATION OF INJURY,0,0,0,0,0,3,0,11,5,7,41.90369817,-87.63432661,POINT (-87.634326611282 41.903698172489)
236fac628259effe4396bbe000cbd1bfcc8d31eb1e063a0a66837cc2414888936fdb451f0cd54c4b861e868d63993e6644dbe7236c023e49bf9c733cb27265a0,JD178234,,3/8/2020 10:30,30,NO CONTROLS,NO CONTROLS,CLEAR,DAYLIGHT,REAR END,NOT DIVIDED,,STRAIGHT AND LEVEL,DRY,NO DEFECTS,,NO INJURY / DRIVE AWAY,,,,"$501 - $1,500",3/8/2020 11:20,UNABLE TO DETERMINE,NOT APPLICABLE,2910,N,WESTERN AVE,1411,,,,,,,2,NO INDICATION OF INJURY,0,0,0,0,0,2,0,10,1,3,41.93421161,-87.68809301,POINT (-87.688093005952 41.934211613424)
24cf96ff80df3fcf42f0c88269a885f74f08bb896750ccb4c27ae7ab772af7526949547f259b6928e9b00b3da46ff55c8eef8763fdedf3a3ea6aa0ffa67e8826,JG339825,,7/13/2023 18:40,30,TRAFFIC SIGNAL,FUNCTIONING PROPERLY,CLEAR,DAYLIGHT,PEDESTRIAN,DIVIDED - W/MEDIAN (NOT RAISED),,STRAIGHT AND LEVEL,DRY,NO DEFECTS,ON SCENE,INJURY AND / OR TOW DUE TO CRASH,Y,,,"OVER $1,500",7/13/2023 18:42,DISREGARDING TRAFFIC SIGNALS,UNABLE TO DETERMINE,2003,W,FULLERTON AVE,1432,,,,,,,2,NONINCAPACITATING INJURY,1,0,0,1,0,1,0,18,5,7,41.92491421,-87.67804267,POINT (-87.678042669387 41.924914209192)
25206e2a4a52def7df2aa1a60ba3d0f5088469376075939f99f43f1072f4c0ff8293cb1dcdbf19761e50f13c76d39c7cfbf88f6fd685809333fc9b726dad5b6f,JG339733,,7/13/2023 17:30,30,TRAFFIC SIGNAL,FUNCTIONING PROPERLY,CLEAR,DAYLIGHT,ANGLE,NOT DIVIDED,,STRAIGHT AND LEVEL,DRY,NO DEFECTS,NOT ON SCENE (DESK REPORT),NO INJURY / DRIVE AWAY,,,Y,"OVER $1,500",7/13/2023 18:10,DISREGARDING TRAFFIC SIGNALS,DISREGARDING TRAFFIC SIGNALS,801,W,GARFIELD BLVD,712,,,,,,,2,NO INDICATION OF INJURY,0,0,0,0,0,2,0,17,5,7,41.79383347,-87.64520728,POINT (-87.645207274947 41.793833474309)
2532d6f202e454d4fab08e85212c3fa5a30975c4c92c5e86579653cf3c3ae50114d7fe262a6a614391d2977c5b6b287d3a77e26a9568f5eabf51c31abc75d851,JG341103,,7/13/2023 9:30,30,UNKNOWN,UNKNOWN,CLEAR,DAYLIGHT,ANGLE,DIVIDED - W/MEDIAN (NOT RAISED),,STRAIGHT AND LEVEL,DRY,NO DEFECTS,NOT ON SCENE (DESK REPORT),NO INJURY / DRIVE AWAY,,,,"OVER $1,500",7/14/2023 17:46,UNABLE TO DETERMINE,UNABLE TO DETERMINE,5700,N,MAGNOLIA AVE,2013,,,,,,,2,NO INDICATION OF INJURY,0,0,0,0,0,2,0,9,5,7,41.98579335,-87.66156379,POINT (-87.661563793007 41.985793354064)
259f0eafcbdc3b121c65d36e7ea0031fa153b5f10f7b47da4533378673d300e0e7038a8c6518c367a8b685205c3aa1cdbc49a722dbee8bb95b2d7be70c442856,JG340026,,7/13/2023 18:34,20,NO CONTROLS,NO CONTROLS,CLEAR,DUSK,SIDESWIPE SAME DIRECTION,DIVIDED - W/MEDIAN (NOT RAISED),,STRAIGHT AND LEVEL,DRY,NO DEFECTS,NOT ON SCENE (DESK REPORT),NO INJURY / DRIVE AWAY,,,,"$501 - $1,500",7/13/2023 22:20,UNABLE TO DETERMINE,UNABLE TO DETERMINE,2727,W,HOWARD ST,2411,Y,,,,,,2,NO INDICATION OF INJURY,0,0,0,0,0,5,0,18,5,7,42.01924584,-87.69833171,POINT (-87.698331709444 42.019245840974)
268a805c6e8948ba7daa9a002743686e3c06dd32edb33a33c6f81e9cea6ecbd759105ca7e4e3689ee92bb5590502887bc831948ae25ae3a279a7892e84e6670d,JG339328,,7/13/2023 13:05,30,NO CONTROLS,NO CONTROLS,CLEAR,DAYLIGHT,SIDESWIPE SAME DIRECTION,NOT DIVIDED,,STRAIGHT AND LEVEL,DRY,NO DEFECTS,NOT ON SCENE (DESK REPORT),NO INJURY / DRIVE AWAY,,,Y,"OVER $1,500",7/13/2023 13:35,IMPROPER OVERTAKING/PASSING,UNABLE TO DETERMINE,1207,N,LARAMIE AVE,2533,,,,,,,2,NO INDICATION OF INJURY,0,0,0,0,0,2,0,13,5,7,41.90250025,-87.75563289,POINT (-87.755632886534 41.902500250932)
27219e05528e3a75ed037f7fd05b8b086f4051cd634a901a5d960f2aa400392473b58926afcedcf22df65021c30375b78b574c925edd591815f73e4a7b4f059f,JG339782,,7/13/2023 18:31,30,NO CONTROLS,NO CONTROLS,CLEAR,DAYLIGHT,REAR END,DIVIDED - W/MEDIAN (NOT RAISED),,STRAIGHT AND LEVEL,DRY,NO DEFECTS,ON SCENE,NO INJURY / DRIVE AWAY,,,,"OVER $1,500",7/13/2023 18:32,FOLLOWING TOO CLOSELY,FAILING TO REDUCE SPEED TO AVOID CRASH,5828,W,GRAND AVE,2515,,,,,,,2,NO INDICATION OF INJURY,0,0,0,0,0,3,0,18,5,7,41.91997801,-87.77182887,POINT (-87.771828868955 41.919978007323)
27edff3837b33f0d970f98b158cc1dd4ce09b7214bfede121b8325774eb2c74214bcfbb70522a01c169c162bbed94de5b1b6aa3b749019a0cd513e3d18d9aabe,JG339927,,7/13/2023 19:00,30,NO CONTROLS,NO CONTROLS,CLEAR,DAYLIGHT,REAR END,PARKING LOT,,STRAIGHT AND LEVEL,DRY,NO DEFECTS,NOT ON SCENE (DESK REPORT),NO INJURY / DRIVE AWAY,,,,"OVER $1,500",7/13/2023 20:20,UNABLE TO DETERMINE,UNABLE TO DETERMINE,837,W,119TH ST,524,,,,,,,2,NO INDICATION OF INJURY,0,0,0,0,0,2,0,19,5,7,41.6776846,-87.64332381,POINT (-87.643323814287 41.677684602374)
28108d3b5546ba5b1ac52f8da19a209941e5fc1b6f4e9fc2cc365cbc9c2e7966657bde4ed94ee143dd6081f7f5aff88d9e74e3702f18a53004ef659d0690b5cb,JG339918,,7/13/2023 19:45,30,STOP SIGN/FLASHER,FUNCTIONING PROPERLY,CLEAR,DAYLIGHT,ANGLE,FOUR WAY,,STRAIGHT AND LEVEL,DRY,NO DEFECTS,NOT ON SCENE (DESK REPORT),NO INJURY / DRIVE AWAY,,,,"OVER $1,500",7/13/2023 20:01,UNABLE TO DETERMINE,UNABLE TO DETERMINE,1798,W,EDMAIRE ST,2234,,,,,,,2,NO INDICATION OF INJURY,0,0,0,0,0,2,0,19,5,7,41.68677912,-87.66647024,POINT (-87.666470239001 41.686779120748)
2898e81ccd23a4dfc0e24b7e9232cf2c96df2976fc967baf8a14bb3bad41e79391124d2caad0c04825bce43d7779cd89164d8e5c807b7a2bbad5c58b5400d39b,JG339237,,7/13/2023 1:00,20,NO CONTROLS,NO CONTROLS,CLEAR,"DARKNESS, LIGHTED ROAD",PARKED MOTOR VEHICLE,ONE-WAY,,STRAIGHT AND LEVEL,DRY,NO DEFECTS,NOT ON SCENE (DESK REPORT),NO INJURY / DRIVE AWAY,,,Y,"OVER $1,500",7/13/2023 12:30,UNABLE TO DETERMINE,NOT APPLICABLE,2846,N,KENNETH AVE,2523,,,,,,,2,NO INDICATION OF INJURY,0,0,0,0,0,1,0,1,5,7,41.93303761,-87.73821691,POINT (-87.738216913176 41.933037608185)
299b45d35ca432bf1d98ec98615cb9616509386354b906dd4c6de1d0ef0e2a1680caf4452cf497ff7e9dd23500502d04a21fc3e09ca44e18412f1bc998699e92,JG340024,,7/13/2023 16:40,30,NO CONTROLS,UNKNOWN,UNKNOWN,UNKNOWN,TURNING,FOUR WAY,,STRAIGHT AND LEVEL,UNKNOWN,UNKNOWN,NOT ON SCENE (DESK REPORT),NO INJURY / DRIVE AWAY,,,,"OVER $1,500",7/13/2023 22:00,UNABLE TO DETERMINE,NOT APPLICABLE,6351,S,CICERO AVE,813,,,,,,,2,NO INDICATION OF INJURY,0,0,0,0,0,4,0,16,5,7,41.77692523,-87.74209078,POINT (-87.742090783591 41.776925228076)
29b0c2cc897bc90db4e8d1b61cd67f5f8725f672458ff874b0608473d05faa24d210cfa414b40bcfa1b031b1624403141db4bea059dd119a9b33d9e3380ab2db,JG339445,,7/13/2023 14:22,30,STOP SIGN/FLASHER,FUNCTIONING PROPERLY,CLEAR,DAYLIGHT,ANGLE,NOT DIVIDED,,STRAIGHT AND LEVEL,DRY,UNKNOWN,ON SCENE,INJURY AND / OR TOW DUE TO CRASH,Y,,,"$501 - $1,500",7/13/2023 14:53,FAILING TO YIELD RIGHT-OF-WAY,IMPROPER OVERTAKING/PASSING,2636,W,LOGAN BLVD,1411,,,,,,,3,"REPORTED, NOT EVIDENT",1,0,0,0,1,3,0,14,5,7,41.9286053,-87.69417738,POINT (-87.694177375356 41.928605296343)
29ffee393dff043e35113467a50a38a772de614c0e27be24d429e67aa01df833a0cc7fd20a90b04944153a8531697e1fd379b99c9b83ff7dee8882758b7a9445,JG340122,,7/13/2023 23:10,30,TRAFFIC SIGNAL,FUNCTIONING PROPERLY,CLEAR,"DARKNESS, LIGHTED ROAD",PEDESTRIAN,DIVIDED - W/MEDIAN (NOT RAISED),,STRAIGHT AND LEVEL,DRY,NO DEFECTS,ON SCENE,INJURY AND / OR TOW DUE TO CRASH,Y,,,"$501 - $1,500",7/13/2023 23:15,FAILING TO YIELD RIGHT-OF-WAY,UNABLE TO DETERMINE,5600,W,NORTH AVE,2531,,,,,,,2,NONINCAPACITATING INJURY,1,0,0,1,0,1,0,23,5,7,41.90948796,-87.76577699,POINT (-87.76577698728 41.909487955523)
2a8e6d17cf429c77c6a64c995e671b839dca2469cfe8232bc42eac635df81ced3045d912c5ba7bdb861a5d99c12b298fdf99f329d447251cbc269c5613663811,JG339292,,7/13/2023 11:30,25,UNKNOWN,UNKNOWN,CLEAR,DAYLIGHT,PARKED MOTOR VEHICLE,NOT DIVIDED,,STRAIGHT AND LEVEL,DRY,NO DEFECTS,NOT ON SCENE (DESK REPORT),NO INJURY / DRIVE AWAY,,,Y,$500 OR LESS,7/13/2023 13:21,UNABLE TO DETERMINE,UNABLE TO DETERMINE,3501,S,UNION AVE,915,,,,,,,2,NO INDICATION OF INJURY,0,0,0,0,0,1,0,11,5,7,41.83069143,-87.64352503,POINT (-87.64352502925 41.830691431734)
2aa80c1af7ee78c32c5e8fbd1620403bbb959aa09b61800f606cbb83a76e919a0f71699a877b1520645f62bae9b9176c56d47875ac359ae8a5ce9e0b73f9a6f7,JG339269,,7/13/2023 7:30,20,NO CONTROLS,NO CONTROLS,CLEAR,DAYLIGHT,PARKED MOTOR VEHICLE,NOT DIVIDED,,STRAIGHT AND LEVEL,DRY,NO DEFECTS,NOT ON SCENE (DESK REPORT),NO INJURY / DRIVE AWAY,,,,"OVER $1,500",7/13/2023 13:03,IMPROPER OVERTAKING/PASSING,IMPROPER OVERTAKING/PASSING,5900,S,HOMAN AVE,822,,,,,,,2,NO INDICATION OF INJURY,0,0,0,0,0,1,0,7,5,7,41.78610932,-87.70836514,POINT (-87.70836514337 41.786109315171)
2ae1adfd92ad4796867746db3a69eaf85f823b4afa2d7ebd51c6a3437f6fc987fc3991cf2b3859655a9a0019a3b01b9857b54a9377bf354be8dcc9c8fb9fd645,JG340062,,7/13/2023 23:00,30,NO CONTROLS,NO CONTROLS,CLEAR,"DARKNESS, LIGHTED ROAD",PARKED MOTOR VEHICLE,DIVIDED - W/MEDIAN BARRIER,,STRAIGHT AND LEVEL,DRY,NO DEFECTS,ON SCENE,NO INJURY / DRIVE AWAY,,,Y,"OVER $1,500",7/13/2023 23:07,UNABLE TO DETERMINE,UNABLE TO DETERMINE,451,N,OGDEN AVE,1215,,,,,,,2,NO INDICATION OF INJURY,0,0,0,0,0,1,0,23,5,7,41.89050061,-87.6593244,POINT (-87.659324403129 41.890500610013)
2b1f20f5e04f3d7dc2285dbe7630261e823ef13ec7bc55a3aef92496b9790e380a3c098fc017de2a59eaeca66d2389d7941e124a779d0b4a6f9a9d9378b22981,JG339367,,7/13/2023 14:00,30,TRAFFIC SIGNAL,FUNCTIONING PROPERLY,CLEAR,DAYLIGHT,REAR END,DIVIDED - W/MEDIAN BARRIER,,STRAIGHT ON GRADE,DRY,NO DEFECTS,ON SCENE,NO INJURY / DRIVE AWAY,,,,"$501 - $1,500",7/13/2023 14:05,DRIVING SKILLS/KNOWLEDGE/EXPERIENCE,PHYSICAL CONDITION OF DRIVER,9430,S,STONY ISLAND AVE,413,,,,,,,2,NO INDICATION OF INJURY,0,0,0,0,0,2,0,14,5,7,41.7231272,-87.58528922,POINT (-87.585289219624 41.723127203409)
2b4a549cade4504dc19d4653df252e9e5d55abf21a922d35f96969996d285671f722bf6bf34a34616fcbdc30d81a423f7fb025e13b9dd0480916adf75938a3ab,JG339867,,7/13/2023 19:22,30,TRAFFIC SIGNAL,FUNCTIONING PROPERLY,CLEAR,DAWN,TURNING,ONE-WAY,,STRAIGHT AND LEVEL,DRY,NO DEFECTS,ON SCENE,NO INJURY / DRIVE AWAY,,,,"$501 - $1,500",7/13/2023 19:25,IMPROPER OVERTAKING/PASSING,IMPROPER LANE USAGE,5036,S,COTTAGE GROVE AVE,223,,,,,,,2,NO INDICATION OF INJURY,0,0,0,0,0,2,0,19,5,7,41.80299057,-87.60657241,POINT (-87.606572407617 41.802990565468)
2ba3025c102c8e84f20b25aa955fc2736bbfa7b04a386d7059079adfd97e9cb389932567d5d812c1c1a5e4a52e83765e9bf0a63a4a5dd9001e27e23f2465f877,JG339934,,7/13/2023 20:10,30,TRAFFIC SIGNAL,FUNCTIONING PROPERLY,CLEAR,"DARKNESS, LIGHTED ROAD",REAR END,FOUR WAY,,STRAIGHT AND LEVEL,DRY,NO DEFECTS,ON SCENE,INJURY AND / OR TOW DUE TO CRASH,Y,,,"OVER $1,500",7/13/2023 21:07,DISTRACTION - FROM INSIDE VEHICLE,UNABLE TO DETERMINE,1199,S,KOSTNER AVE,1131,,,,,,,2,NONINCAPACITATING INJURY,1,0,0,1,0,2,0,20,5,7,41.86608096,-87.73481943,POINT (-87.734819431439 41.866080955592)
2c008b33d61307537c3a4d7981c004f2655cc9f4da44c2839cf5142e08f3fc9b5a4bb667734d9ba70a823bb41d815c86822cc9109cda6750e80f3f8901bae167,JG339205,,7/13/2023 11:20,35,NO CONTROLS,NO CONTROLS,CLEAR,DAYLIGHT,SIDESWIPE SAME DIRECTION,NOT DIVIDED,,STRAIGHT AND LEVEL,DRY,NO DEFECTS,NOT ON SCENE (DESK REPORT),NO INJURY / DRIVE AWAY,,,,"OVER $1,500",7/13/2023 12:00,UNABLE TO DETERMINE,NOT APPLICABLE,1616,N,WELLS ST,1814,,,,,,,2,NO INDICATION OF INJURY,0,0,0,0,0,2,0,11,5,7,41.91167374,-87.63487362,POINT (-87.634873622743 41.911673736847)
2c374b405995fe3157dbed15de7bd5f211c6f3a133a8005e3342335a599aa18547c934d20057a60c2536385503931f7a61277a8a4cc959c012734e0f42f2aaf6,,,7/27/2023 1:45,30,TRAFFIC SIGNAL,FUNCTIONING PROPERLY,CLEAR,"DARKNESS, LIGHTED ROAD",HEAD ON,RAMP,,STRAIGHT AND LEVEL,DRY,UNKNOWN,,NO INJURY / DRIVE AWAY,,,N,"$501 - $1,500",7/27/2023 2:05,UNABLE TO DETERMINE,NOT APPLICABLE,4700,W,WILSON AVE,1722,N,,,,,,2,NO INDICATION OF INJURY,0,0,0,0,0,3,0,1,5,7,41.9645126,-87.74520537,POINT (-87.745205371716 41.964512604477)
2dfe7bbbd90dfe39040982bf08c54000742872b1c89819c53a7089d98f99331e0e1863159219c5484175211a5d808fe864a4df8bb1b90a3a2c3b380c04b25e3b,JG351646,,7/13/2023 12:00,30,NO CONTROLS,NO CONTROLS,UNKNOWN,UNKNOWN,PARKED MOTOR VEHICLE,PARKING LOT,,STRAIGHT AND LEVEL,UNKNOWN,UNKNOWN,NOT ON SCENE (DESK REPORT),NO INJURY / DRIVE AWAY,,Y,Y,"$501 - $1,500",7/22/2023 14:30,UNABLE TO DETERMINE,NOT APPLICABLE,7141,N,KEDZIE AVE,2411,,,,,,,2,NO INDICATION OF INJURY,0,0,0,0,0,1,0,12,5,7,42.01127677,-87.70895668,POINT (-87.708956676772 42.011276767884)