CRASH_RECORD_ID,RD_NO,CRASH_DATE_EST_I,CRASH_DATE,POSTED_SPEED_LIMIT,TRAFFIC_CONTROL_DEVICE,DEVICE_CONDITION,WEATHER_CONDITION,LIGHTING_CONDITION,FIRST_CRASH_TYPE,TRAFFICWAY_TYPE,LANE_CNT,ALIGNMENT,ROADWAY_SURFACE_COND,ROAD_DEFECT,REPORT_TYPE,CRASH_TYPE,INTERSECTION_RELATED_I,NOT_RIGHT_OF_WAY_I,HIT_AND_RUN_I,DAMAGE,DATE_POLICE_NOTIFIED,PRIM_CONTRIBUTORY_CAUSE,SEC_CONTRIBUTORY_CAUSE,STREET_NO,STREET_DIRECTION,STREET_NAME,BEAT_OF_OCCURRENCE,PHOTOS_TAKEN_I,STATEMENTS_TAKEN_I,DOORING_I,WORK_ZONE_I,WORK_ZONE_TYPE,WORKERS_PRESENT_I,NUM_UNITS,MOST_SEVERE_INJURY,INJURIES_TOTAL,INJURIES_FATAL,INJURIES_INCAPACITATING,INJURIES_NON_INCAPACITATING,INJURIES_REPORTED_NOT_EVIDENT,INJURIES_NO_INDICATION,INJURIES_UNKNOWN,CRASH_HOUR,CRASH_DAY_OF_WEEK,CRASH_MONTH,LATITUDE,LONGITUDE,LOCATION
2c998a2affff47992e65cc19b5851044c5d42c7d9d1b476d2cdb4b05b48dc1531225c2c5be51f204a03c982a0968d3fcd3417121dfab7c4f874b1017740e3caf,JC563424,,12/28/2019 17:00,15,NO CONTROLS,FUNCTIONING PROPERLY,CLEAR,DARKNESS,PARKED MOTOR VEHICLE,ONE-WAY,,STRAIGHT AND LEVEL,DRY,NO DEFECTS,,NO INJURY / DRIVE AWAY,,,Y,"$501 - $1,500",12/28/2019 19:36,IMPROPER BACKING,NOT APPLICABLE,5114,W,DEMING PL,2521,,,,,,,2,NO INDICATION OF INJURY,0,0,0,0,0,1,0,17,7,12,41.92700619,-87.7544454,POINT (-87.754445402297 41.927006184685)
2e20f1d56602c2edbfe83e156565dfe6e75d4fa918631521afc05cc9012de0646167c2e5bd482aaf2cf03328996fdc0157755b3e58d6e925d79a1663b32ee7a4,JG339672,,7/13/2023 17:00,20,STOP SIGN/FLASHER,FUNCTIONING PROPERLY,CLEAR,DAYLIGHT,PEDALCYCLIST,NOT DIVIDED,,STRAIGHT AND LEVEL,DRY,NO DEFECTS,ON SCENE,INJURY AND / OR TOW DUE TO CRASH,Y,,Y,"OVER $1,500",7/13/2023 17:04,DISREGARDING STOP SIGN,FAILING TO YIELD RIGHT-OF-WAY,6399,N,KILDARE AVE,1711,,,,,,,2,NONINCAPACITATING INJURY,1,0,0,1,0,1,0,17,5,7,41.9971517,-87.73605168,POINT (-87.736051679382 41.997151699394)
2e356fe29f8694e59feba0cea4366ef4cb11e8b513db28b6c3c182ba9765d2ec83fdf45739ec978cdb11fd90ab41b0d6bd47875905bdcc485258f7ceb31091de,JG339396,,7/13/2023 12:00,30,TRAFFIC SIGNAL,FUNCTIONING PROPERLY,CLEAR,DAYLIGHT,REAR END,ONE-WAY,,STRAIGHT AND LEVEL,DRY,NO DEFECTS,NOT ON SCENE (DESK REPORT),INJURY AND / OR TOW DUE TO CRASH,Y,,,"OVER $1,500",7/13/2023 14:43,UNABLE TO DETERMINE,NOT APPLICABLE,7600,S,STATE ST,623,,,,,,,2,"REPORTED, NOT EVIDENT",4,0,0,0,4,1,0,12,5,7,41.75640041,-87.62486969,POINT (-87.624869685896 41.756400406673)
2e96f1b44e333c2a3ef5c0f2ed6e03e2c33ead826a97267c314d85838ee95d5a632553e9837283188c995fa7e964ae053ceb350f92bf5d90897ca50168ae8fee,JG339424,,7/13/2023 14:09,30,NO CONTROLS,NO CONTROLS,CLEAR,DAYLIGHT,PARKED MOTOR VEHICLE,NOT DIVIDED,,STRAIGHT AND LEVEL,DRY,NO DEFECTS,,INJURY AND / OR TOW DUE TO CRASH,,,Y,"$501 - $1,500",7/13/2023 14:55,NOT APPLICABLE,NOT APPLICABLE,2400,W,71ST ST,832,,,,,,,2,NONINCAPACITATING INJURY,1,0,0,1,0,1,0,14,5,7,41.76481039,-87.68330877,POINT (-87.683308769447 41.764810388279)
33d0f1c2b0681390171dacf2331da962159b54129be2a4c7713e6a350d42a883bff910ac71a7b1a194579f19820797e55727af8e7ad82881f7d48fe7b6d4337d,JG340817,,7/13/2023 18:47,30,UNKNOWN,UNKNOWN,UNKNOWN,UNKNOWN,SIDESWIPE SAME DIRECTION,DIVIDED - W/MEDIAN (NOT RAISED),,STRAIGHT AND LEVEL,UNKNOWN,UNKNOWN,NOT ON SCENE (DESK REPORT),NO INJURY / DRIVE AWAY,,,,"$501 - $1,500",7/14/2023 14:15,UNABLE TO DETERMINE,NOT APPLICABLE,2435,W,PETERSON AVE,2011,,,,,,,2,NO INDICATION OF INJURY,0,0,0,0,0,2,0,18,5,7,41.9903811,-87.6910996,POINT (-87.691099598697 41.990381095596)
34de076b936f6d7fa3130140ec789e2873c35dcdd362456fc8694695280d75835ba39827341a2f9f763334a1f475540daa0ff0a59f13e3fc15446bad9c63c6ab,JG340053,,7/13/2023 21:30,30,NO CONTROLS,NO CONTROLS,CLEAR,"DARKNESS, LIGHTED ROAD",TURNING,NOT DIVIDED,,STRAIGHT AND LEVEL,DRY,NO DEFECTS,NOT ON SCENE (DESK REPORT),NO INJURY / DRIVE AWAY,,,,"OVER $1,500",7/13/2023 22:10,IMPROPER TURNING/NO SIGNAL,NOT APPLICABLE,2835,S,HALSTED ST,914,,,,,,,2,NO INDICATION OF INJURY,0,0,0,0,0,2,0,21,5,7,41.84244198,-87.64623937,POINT (-87.646239367051 41.84244197806)
3747106cfd21f85f6c5d1a4e549d950f5e6580746b3368223d5337d7e1fa551b4fafe6daf1c3813e5ce24716f1485a7297d7246b1716b681c1317ce0cb41308c,JG340079,,7/13/2023 23:02,30,TRAFFIC SIGNAL,FUNCTIONING PROPERLY,CLEAR,"DARKNESS, LIGHTED ROAD",ANGLE,FOUR WAY,,STRAIGHT AND LEVEL,DRY,NO DEFECTS,ON SCENE,INJURY AND / OR TOW DUE TO CRASH,Y,,,"OVER $1,500",7/13/2023 23:03,FAILING TO REDUCE SPEED TO AVOID CRASH,NOT APPLICABLE,6900,S,PULASKI RD,833,,,,,,,3,NO INDICATION OF INJURY,0,0,0,0,0,4,0,23,5,7,41.76768773,-87.72263085,POINT (-87.72263084508 41.767687732304)
37ca472ffa89f211a832c7e21083daf0e44ad10e1c07ed2c1163dbe19d618b68b929e96c7aa118e8d99a20ab91d18bdea985db7b2fbc8f2492b5407adcb407e7,JG339431,,7/13/2023 13:36,10,NO CONTROLS,NO CONTROLS,CLEAR,DAYLIGHT,PARKED MOTOR VEHICLE,NOT DIVIDED,,STRAIGHT AND LEVEL,DRY,NO DEFECTS,ON SCENE,NO INJURY / DRIVE AWAY,,,,$500 OR LESS,7/13/2023 14:50,IMPROPER OVERTAKING/PASSING,UNABLE TO DETERMINE,2815,N,MILDRED AVE,1933,,,,,,,2,NO INDICATION OF INJURY,0,0,0,0,0,1,0,13,5,7,41.93316478,-87.65130173,POINT (-87.651301729665 41.933164783888)
38ed4e9d77b0bf4a09ff00e99efe03a7c7244bcb80a28f18969f2f9b2cf5200c186725b607cb912b38f4f7b4473e0088bf419a621aae29f94c011a34fc4e1e7b,JG339387,,7/13/2023 14:00,30,TRAFFIC SIGNAL,FUNCTIONING PROPERLY,CLEAR,DAYLIGHT,TURNING,T-INTERSECTION,,STRAIGHT AND LEVEL,DRY,NO DEFECTS,NOT ON SCENE (DESK REPORT),NO INJURY / DRIVE AWAY,,,Y,"$501 - $1,500",7/13/2023 14:30,DRIVING SKILLS/KNOWLEDGE/EXPERIENCE,UNABLE TO DETERMINE,225,W,CERMAK RD,914,,,,,,,2,NO INDICATION OF INJURY,0,0,0,0,0,2,0,14,5,7,41.8527278,-87.63303884,POINT (-87.633038836846 41.85272780039)
3af779405cec768d80ee3fa43ee940954e44c6755f06f3efcedd795c45b3a37d7c2a7d81e8c5db790e8f8ea6e5f0edf8c2809d4370a0e4b2f19a0e434de8d595,JG339339,,7/13/2023 10:00,20,NO CONTROLS,NO CONTROLS,CLEAR,DAYLIGHT,HEAD ON,ONE-WAY,,STRAIGHT AND LEVEL,DRY,NO DEFECTS,NOT ON SCENE (DESK REPORT),NO INJURY / DRIVE AWAY,,,,$500 OR LESS,7/13/2023 10:00,NOT APPLICABLE,NOT APPLICABLE,1337,W,THORNDALE AVE,2013,,,,,,,3,NO INDICATION OF INJURY,0,0,0,0,0,4,0,10,5,7,41.98983493,-87.6642217,POINT (-87.664221696003 41.989834930597)
3c05aa3f2d5183e3f208f8db3e75e8158cfc43fc779276906d77afae894b90d15d4e9d2ed997d4e3cbbe74376241c2e3c12fa618b2d75f3acaee55515abdfa80,JG340499,,7/13/2023 14:00,10,NO CONTROLS,NO CONTROLS,CLEAR,DAYLIGHT,PARKED MOTOR VEHICLE,PARKING LOT,,STRAIGHT AND LEVEL,DRY,NO DEFECTS,NOT ON SCENE (DESK REPORT),NO INJURY / DRIVE AWAY,,,Y,"OVER $1,500",7/14/2023 10:50,DRIVING SKILLS/KNOWLEDGE/EXPERIENCE,NOT APPLICABLE,1301,N,ELSTON AVE,1433,,,,,,,2,NO INDICATION OF INJURY,0,0,0,0,0,1,0,14,5,7,41.90542878,-87.65946302,POINT (-87.659463022735 41.905428782684)
3c2e445516409757d05c9387de77309c737cc30fe7bb7e73ff307b861758732b727fcb02cbb557f219ca563b1854dec5cf14d8f244a9fcaba8a169e9ca5a25b3,JG340065,,7/13/2023 23:00,30,TRAFFIC SIGNAL,FUNCTIONING PROPERLY,CLEAR,"DARKNESS, LIGHTED ROAD",FIXED OBJECT,FOUR WAY,,STRAIGHT AND LEVEL,DRY,UNKNOWN,ON SCENE,INJURY AND / OR TOW DUE TO CRASH,,,,"OVER $1,500",7/13/2023 23:05,UNABLE TO DETERMINE,NOT APPLICABLE,5700,S,WELLS ST,711,,,,,,,1,INCAPACITATING INJURY,1,0,1,0,0,0,0,23,5,7,41.79078466,-87.63188868,POINT (-87.631888684481 41.790784661368)
3c3aef0e37933d1e9a215a2455d26d9f4b974ae601776c867fdb42facc110e2355676c6bed804ed80baa738ea7457f6e989f1d1f019bd1c7508f616751dc570d,JG339289,,7/13/2023 12:00,30,TRAFFIC SIGNAL,FUNCTIONING PROPERLY,CLEAR,DAYLIGHT,TURNING,NOT DIVIDED,,STRAIGHT AND LEVEL,DRY,NO DEFECTS,NOT ON SCENE (DESK REPORT),NO INJURY / DRIVE AWAY,Y,,,$500 OR LESS,7/13/2023 13:16,FAILING TO YIELD RIGHT-OF-WAY,NOT APPLICABLE,3364,W,OGDEN AVE,1021,,,,,,,2,NO INDICATION OF INJURY,0,0,0,0,0,2,0,12,5,7,41.85641842,-87.71018047,POINT (-87.710180465759 41.856418419853)
3e2c6ef3a18911edbd2173714e4050c2b130cff3f9604cabddb2feb9b0da6a00f36d96be9d3bc9eb24ff60bc21c5846182b0d3a7d1565bcc770f57376d59d136,JG338859,,7/13/2023 6:40,30,STOP SIGN/FLASHER,FUNCTIONING PROPERLY,CLEAR,DAYLIGHT,TURNING,FOUR WAY,,STRAIGHT AND LEVEL,DRY,NO DEFECTS,ON SCENE,INJURY AND / OR TOW DUE TO CRASH,Y,,,"OVER $1,500",7/13/2023 6:44,FAILING TO YIELD RIGHT-OF-WAY,NOT APPLICABLE,6300,N,WESTERN AVE,2413,,,,,,,4,NO INDICATION OF INJURY,0,0,0,0,0,4,0,6,5,7,41.99599967,-87.68997363,POINT (-87.689973630508 41.995999667277)
40a6561417b47398f5cae669ca7315567eb64bc64c9b17fac7b1f96846f93188e471d6663f5fa45962564afcebcadf711e34cdd66071be81272e113023f1a2f0,JG339706,,7/13/2023 16:33,30,TRAFFIC SIGNAL,FUNCTIONING PROPERLY,CLEAR,DAYLIGHT,REAR END,FOUR WAY,,STRAIGHT AND LEVEL,DRY,NO DEFECTS,ON SCENE,NO INJURY / DRIVE AWAY,,,Y,"OVER $1,500",7/13/2023 16:33,FAILING TO REDUCE SPEED TO AVOID CRASH,UNABLE TO DETERMINE,5899,S,UNION AVE,711,,,,,,,2,NO INDICATION OF INJURY,0,0,0,0,0,3,0,16,5,7,41.78711886,-87.64238861,POINT (-87.642388613177 41.787118854651)
4107812738d280065c9da6fe1f4289eb85bf07a17733fdc4751562e2d29eb92b0b2d07c1b3ade5ebdb3fdf1e435500c93d345e764c909ea84023ea793a3415fe,JG341226,,7/13/2023 21:30,30,NO CONTROLS,NO CONTROLS,UNKNOWN,DARKNESS,PARKED MOTOR VEHICLE,ONE-WAY,,STRAIGHT AND LEVEL,UNKNOWN,UNKNOWN,NOT ON SCENE (DESK REPORT),NO INJURY / DRIVE AWAY,,,Y,"$501 - $1,500",7/14/2023 19:00,UNABLE TO DETERMINE,NOT APPLICABLE,2153,N,MELVINA AVE,2512,,,,,,,2,NO INDICATION OF INJURY,0,0,0,0,0,1,0,21,5,7,41.9193909,-87.78029012,POINT (-87.780290119429 41.919390897549)
422cfc812e02ab9d5b11c55ab4b1df9a8b6398ab4ff5e033c97c01629a2e11be6664a0ee4d7aff34bb2a2e76113526ad0d2ed96e73996e6cdc4ef7857364785b,JG345106,,7/13/2023 10:00,25,NO CONTROLS,NO CONTROLS,UNKNOWN,DAYLIGHT,PARKED MOTOR VEHICLE,NOT DIVIDED,,STRAIGHT AND LEVEL,UNKNOWN,UNKNOWN,NOT ON SCENE (DESK REPORT),NO INJURY / DRIVE AWAY,,,Y,"OVER $1,500",7/17/2023 18:30,UNABLE TO DETERMINE,UNABLE TO DETERMINE,4060,N,KENMORE AVE,1915,,,,,,,2,NO INDICATION OF INJURY,0,0,0,0,0,1,0,10,5,7,41.95619676,-87.65632831,POINT (-87.656328309972 41.956196761932)
42382ff23a0c0209f71d35c7857c6d1427f7bd4efe87c4f4724d93b2fbb4ba7629ad482ccb9015cea66795d8ffd558f8c10acb5c7e4d786d7cf9f8e2dbf2cf4f,JG339597,,7/13/2023 13:40,35,FLASHING CONTROL SIGNAL,FUNCTIONING PROPERLY,CLEAR,DAYLIGHT,SIDESWIPE SAME DIRECTION,NOT DIVIDED,,STRAIGHT AND LEVEL,DRY,UNKNOWN,ON SCENE,NO INJURY / DRIVE AWAY,,,,"$501 - $1,500",7/13/2023 13:44,UNABLE TO DETERMINE,NOT APPLICABLE,1812,E,130TH ST,434,,,,,,,2,NO INDICATION OF INJURY,0,0,0,0,0,3,0,13,5,7,41.65944402,-87.58259151,POINT (-87.582591505772 41.659444014534)
43152f8c1ff3d2f667f27cb6864e1d969f6d980afe34240e455164bb4186b77cbd4b80ed29dc584778d387e929b13e065a14ac2bf49862041ee3a9375b36169e,JG339677,,7/13/2023 16:50,30,TRAFFIC SIGNAL,UNKNOWN,CLEAR,DAYLIGHT,SIDESWIPE SAME DIRECTION,NOT DIVIDED,,STRAIGHT AND LEVEL,DRY,NO DEFECTS,NOT ON SCENE (DESK REPORT),NO INJURY / DRIVE AWAY,Y,,,$500 OR LESS,7/13/2023 17:31,IMPROPER OVERTAKING/PASSING,NOT APPLICABLE,2363,W,OGDEN AVE,1233,,,,,,,2,NO INDICATION OF INJURY,0,0,0,0,0,2,0,16,5,7,41.86503612,-87.68547468,POINT (-87.685474683129 41.865036117963)
4327c874e7b941278f1eafba4fd48bcc1bd05ae9157f784c0a36602c1ce5e2986b91dae46736ba9b98daa69dafd61849db0c0dfe5742d09d2bc881a2f63d2aaa,JG339972,,7/13/2023 20:00,30,NO CONTROLS,NO CONTROLS,CLEAR,"DARKNESS, LIGHTED ROAD",PARKED MOTOR VEHICLE,ONE-WAY,,STRAIGHT AND LEVEL,DRY,UNKNOWN,NOT ON SCENE (DESK REPORT),NO INJURY / DRIVE AWAY,,,Y,"OVER $1,500",7/13/2023 21:00,UNABLE TO DETERMINE,UNABLE TO DETERMINE,4042,W,CORTLAND ST,2534,,,,,,,2,NO INDICATION OF INJURY,0,0,0,0,0,1,0,20,5,7,41.91543028,-87.72826066,POINT (-87.72826066256 41.915430284243)
4343665a19b5a3dea95dd34a076dd48e9dcc7d76314eb17aae0c654de2ef5b3c632d998bfc6fccf2cfd63cf28ef7aa0e6782bc122b38a7d4dfced45243f231a4,JG339750,,7/13/2023 17:48,30,TRAFFIC SIGNAL,FUNCTIONING PROPERLY,CLEAR,DAYLIGHT,REAR END,NOT DIVIDED,,STRAIGHT AND LEVEL,DRY,NO DEFECTS,NOT ON SCENE (DESK REPORT),NO INJURY / DRIVE AWAY,,,,"$501 - $1,500",7/13/2023 18:05,FOLLOWING TOO CLOSELY,NOT APPLICABLE,812,W,IRVING PARK RD,1915,,,,,,,2,NO INDICATION OF INJURY,0,0,0,0,0,2,0,17,5,7,41.95466067,-87.65030543,POINT (-87.650305430113 41.954660667049)
4432f658e653471077ca266a2d235a1f5ffbf8a98ba9ef9ca7c804f42da3d210e1a0fa0dabd66b99eba1ce2418a3b3422a236f8981b9ba3e0797fc99d4fb5198,JG339960,,7/13/2023 19:30,30,TRAFFIC SIGNAL,FUNCTIONING PROPERLY,CLEAR,DAWN,REAR END,DIVIDED - W/MEDIAN (NOT RAISED),,STRAIGHT AND LEVEL,DRY,NO DEFECTS,NOT ON SCENE (DESK REPORT),INJURY AND / OR TOW DUE TO CRASH,Y,,Y,"OVER $1,500",7/13/2023 21:10,UNABLE TO DETERMINE,FOLLOWING TOO CLOSELY,301,W,31ST ST,915,,,,,,,2,"REPORTED, NOT EVIDENT",2,0,0,0,2,1,0,19,5,7,41.83809478,-87.63416231,POINT (-87.634162309125 41.83809477783)
446e4c858f61cb9fdc653afe18002a5cebfcabbc2b4b315dc90e63049a11a6c151e7e289b6791b865a03fb662bcf30ff5aaeafd4417aa76d870675dba99a2d1e,JG339702,,7/13/2023 14:45,30,NO CONTROLS,NO CONTROLS,CLEAR,DAYLIGHT,REAR END,NOT DIVIDED,,STRAIGHT AND LEVEL,DRY,NO DEFECTS,NOT ON SCENE (DESK REPORT),NO INJURY / DRIVE AWAY,,,Y,"OVER $1,500",7/13/2023 17:45,FOLLOWING TOO CLOSELY,FOLLOWING TOO CLOSELY,1419,N,LAKE SHORE DR SB,1824,,,,,,,3,NO INDICATION OF INJURY,0,0,0,0,0,3,0,14,5,7,41.90841991,-87.62532898,POINT (-87.625328979649 41.908419913327)
447f9c037753419f12ab2ba758672ba0ca43ff57df464cff02a617190bca6b1e548ccb492c121393dc4a3a2267d2ae0ecb8e6600f8780bf2d4659a8858450cff,JG339732,,7/13/2023 17:40,35,NO CONTROLS,NO CONTROLS,CLEAR,DAYLIGHT,ANGLE,DIVIDED - W/MEDIAN (NOT RAISED),,STRAIGHT AND LEVEL,DRY,NO DEFECTS,NOT ON SCENE (DESK REPORT),NO INJURY / DRIVE AWAY,,,Y,"OVER $1,500",7/13/2023 18:00,FAILING TO YIELD RIGHT-OF-WAY,UNABLE TO DETERMINE,8900,S,HALSTED ST,2223,,,,,,,2,NO INDICATION OF INJURY,0,0,0,0,0,4,0,17,5,7,41.73246054,-87.64366173,POINT (-87.643661729508 41.732460544123)
44df4ce6062f68517fcad6a2e22174b2a88479acb6706df1e7e1ac5b31302f537b2ee8f2b05f4d52578ee27101ca5f4a3e3159c292f6cd96d1ce1a580d6b0482,JG339900,,7/13/2023 18:30,30,NO CONTROLS,NO CONTROLS,CLEAR,DAYLIGHT,SIDESWIPE SAME DIRECTION,NOT DIVIDED,,STRAIGHT AND LEVEL,DRY,NO DEFECTS,NOT ON SCENE (DESK REPORT),NO INJURY / DRIVE AWAY,,,,"OVER $1,500",7/13/2023 20:00,FAILING TO YIELD RIGHT-OF-WAY,NOT APPLICABLE,4905,N,CICERO AVE,1712,,,,,,,2,NO INDICATION OF INJURY,0,0,0,0,0,2,0,18,5,7,41.97001742,-87.74771914,POINT (-87.74771913606 41.970017421844)
45ebfa12872467b9d178a811de699b03307da7956b4749f48e4e37bd34c039b61baddac006d01ab7ef1f4b9d244244a01530cedf0a603b221dda12ee39436330,JG339561,,7/13/2023 14:13,30,TRAFFIC SIGNAL,UNKNOWN,UNKNOWN,DAYLIGHT,REAR END,DIVIDED - W/MEDIAN (NOT RAISED),,STRAIGHT AND LEVEL,UNKNOWN,UNKNOWN,NOT ON SCENE (DESK REPORT),NO INJURY / DRIVE AWAY,,,Y,"$501 - $1,500",7/13/2023 16:05,UNABLE TO DETERMINE,NOT APPLICABLE,1441,W,WILSON AVE,1912,,,,,,,2,NO INDICATION OF INJURY,0,0,0,0,0,2,0,14,5,7,41.96515883,-87.66695835,POINT (-87.666958346531 41.965158832512)
4678f7db9d8046c5c05a8eb34f685bd7fbc3c1cc581e48f0ac9f67a3f23b257149925cb2713e14dc2c54bb7bdd2722b8ee7a6f4be22087b775f69ac9d82ae318,JG343380,,7/13/2023 6:20,30,NO CONTROLS,NO CONTROLS,UNKNOWN,UNKNOWN,PARKED MOTOR VEHICLE,PARKING LOT,,STRAIGHT AND LEVEL,UNKNOWN,NO DEFECTS,NOT ON SCENE (DESK REPORT),NO INJURY / DRIVE AWAY,,,,"$501 - $1,500",7/16/2023 13:45,IMPROPER BACKING,NOT APPLICABLE,555,W,HARRISON ST,124,,,,,,,2,NO INDICATION OF INJURY,0,0,0,0,0,1,0,6,5,7,41.87427128,-87.64164283,POINT (-87.641642831227 41.874271274684)
48ec51ffa45b3881fa4e74699fb232cc1af47045da578fbf5385965087bf2374ca81d0853becbe5cbaa40a616bf9d0b0c353b524a24c7b287134f31bbe408dc6,JG339566,,7/13/2023 13:05,30,TRAFFIC SIGNAL,FUNCTIONING PROPERLY,CLEAR,DAYLIGHT,TURNING,FOUR WAY,,STRAIGHT AND LEVEL,DRY,NO DEFECTS,ON SCENE,INJURY AND / OR TOW DUE TO CRASH,Y,,,"OVER $1,500",7/13/2023 14:54,FAILING TO REDUCE SPEED TO AVOID CRASH,NOT APPLICABLE,2799,W,31ST ST,1034,,,,,,,2,NO INDICATION OF INJURY,0,0,0,0,0,2,0,13,5,7,41.83730233,-87.69492314,POINT (-87.69492314045 41.837302326451)
4b90c81da007c2c958e910c98cf7b11211bd0abbc5005c02c0158583fe3e339a34127f87b42c4cef966d2370c2ffd7dcbd853da3044099ca36a4947a1cf688f1,JG339847,,7/13/2023 7:00,30,NO CONTROLS,NO CONTROLS,UNKNOWN,UNKNOWN,PARKED MOTOR VEHICLE,NOT DIVIDED,,STRAIGHT AND LEVEL,UNKNOWN,UNKNOWN,NOT ON SCENE (DESK REPORT),NO INJURY / DRIVE AWAY,,,Y,"OVER $1,500",7/13/2023 19:00,UNABLE TO DETERMINE,NOT APPLICABLE,3838,W,VAN BUREN ST,1133,,,,,,,2,NO INDICATION OF INJURY,0,0,0,0,0,1,0,7,5,7,41.87541818,-87.72218883,POINT (-87.7221888319 41.875418180543)
4b9ff2cb9064eaef7150149820e9e918d78924f4e5d14a6092bf969cf63f5a166cd26200a770e359bdd962415adda363ef8f61b1ba5599869d831e5a2093a8f0,JG339045,,7/13/2023 10:00,30,NO CONTROLS,UNKNOWN,CLEAR,DAWN,SIDESWIPE OPPOSITE DIRECTION,NOT DIVIDED,,STRAIGHT AND LEVEL,WET,UNKNOWN,ON SCENE,INJURY AND / OR TOW DUE TO CRASH,,,Y,"OVER $1,500",7/13/2023 10:15,UNABLE TO DETERMINE,UNABLE TO DETERMINE,651,W,81ST ST,622,,,,,,,2,NONINCAPACITATING INJURY,1,0,0,1,0,1,0,10,5,7,41.74692746,-87.64102742,POINT (-87.641027417648 41.746927463445)
4be4ccbc54ec655375145ae453a913aa4ef7711a10a37770634bf8fe2759b4001f952d71a308ad011328404fdaaa8645722a0bb03b562a9d90f10b5117f17124,JG339318,,7/13/2023 12:48,35,STOP SIGN/FLASHER,FUNCTIONING PROPERLY,CLEAR,DAYLIGHT,ANGLE,FOUR WAY,,STRAIGHT AND LEVEL,DRY,UNKNOWN,NOT ON SCENE (DESK REPORT),NO INJURY / DRIVE AWAY,Y,,,"OVER $1,500",7/13/2023 13:20,FAILING TO YIELD RIGHT-OF-WAY,UNABLE TO DETERMINE,9500,S,ESCANABA AVE,431,,,,,,,2,NO INDICATION OF INJURY,0,0,0,0,0,2,0,12,5,7,41.72264099,-87.55399161,POINT (-87.553991612319 41.722640988484)
4be9d52786ba36b6d4a03dc8d209b9425606308e2ea7898551d991d42bb5e022216d5c0f5d162d29c310a65c8328620b7e04dcd7b5377246a03715c95ecf7c9b,JG339910,,7/13/2023 17:38,35,OTHER,UNKNOWN,UNKNOWN,UNKNOWN,REAR END,NOT DIVIDED,,STRAIGHT AND LEVEL,UNKNOWN,UNKNOWN,NOT ON SCENE (DESK REPORT),NO INJURY / DRIVE AWAY,,,Y,$500 OR LESS,7/13/2023 19:57,FOLLOWING TOO CLOSELY,UNABLE TO DETERMINE,130,E,RANDOLPH ST,114,,,,,,,2,NO INDICATION OF INJURY,0,0,0,0,0,2,0,17,5,7,41.88458837,-87.62327256,POINT (-87.623272561055 41.884588371969)
4d26580046546703d931756ac50400bd0e27c35a32ae0c112476636a753e2fce20e348085c0ce46c22026321c8686687822043e2e20652f43dd99ff9c94d4b7a,JG340088,,7/13/2023 23:35,30,NO CONTROLS,NO CONTROLS,CLEAR,"DARKNESS, LIGHTED ROAD",TURNING,FOUR WAY,,STRAIGHT AND LEVEL,DRY,NO DEFECTS,ON SCENE,INJURY AND / OR TOW DUE TO CRASH,Y,,Y,"OVER $1,500",7/13/2023 23:35,IMPROPER OVERTAKING/PASSING,IMPROPER LANE USAGE,5498,W,DIVISION ST,2532,,,,,,,2,NONINCAPACITATING INJURY,1,0,0,1,0,1,0,23,5,7,41.90227544,-87.76368281,POINT (-87.763682806079 41.902275440888)
509ac48ddce4a016741198ba063e04e3d15bd99bfe066180764ebf038da1d4caebb57e542b2d2505f51f8bb9c3f774c9d64f67bead44984c895f6df8c7cbdc39,JG340034,,7/13/2023 22:25,30,STOP SIGN/FLASHER,FUNCTIONING PROPERLY,CLEAR,"DARKNESS, LIGHTED ROAD",ANGLE,T-INTERSECTION,,STRAIGHT AND LEVEL,DRY,NO DEFECTS,NOT ON SCENE (DESK REPORT),NO INJURY / DRIVE AWAY,Y,,,"OVER $1,500",7/13/2023 22:45,FAILING TO YIELD RIGHT-OF-WAY,UNABLE TO DETERMINE,1421,S,BLUE ISLAND AVE,1233,,,,,,,2,NO INDICATION OF INJURY,0,0,0,0,0,2,0,22,5,7,41.86295289,-87.65664408,POINT (-87.656644075406 41.86295289025)
50ab7c9e7db0eb62be343d6224bc79f31d5f2c528e23ce8b06a65de8144d1dc46fe2d25de26dcad1ff48716c9caceec71bad0bbe851a886c7b9b8f6ea8a000e6,JG338926,,7/13/2023 8:00,30,TRAFFIC SIGNAL,FUNCTIONING PROPERLY,CLEAR,DAYLIGHT,SIDESWIPE SAME DIRECTION,NOT DIVIDED,,STRAIGHT AND LEVEL,WET,NO DEFECTS,ON SCENE,INJURY AND / OR TOW DUE TO CRASH,Y,,,"OVER $1,500",7/13/2023 8:00,FAILING TO YIELD RIGHT-OF-WAY,DRIVING SKILLS/KNOWLEDGE/EXPERIENCE,2000,W,GARFIELD BLVD,932,,,,,,,2,NO INDICATION OF INJURY,0,0,0,0,0,2,0,8,5,7,41.79402546,-87.67436351,POINT (-87.674363508337 41.79402545864)
5246e4eea722a5cc2bee7f9104ae7a974467738d49f264eba3e82844fa75bc3fae53335d26288924464585681a082604d89f92560a4fcdc62af1689596f75a49,JG339380,,7/13/2023 7:45,30,STOP SIGN/FLASHER,FUNCTIONING PROPERLY,CLOUDY/OVERCAST,DAYLIGHT,REAR END,DIVIDED - W/MEDIAN (NOT RAISED),,STRAIGHT AND LEVEL,DRY,NO DEFECTS,NOT ON SCENE (DESK REPORT),NO INJURY / DRIVE AWAY,,,,"OVER $1,500",7/13/2023 14:10,UNABLE TO DETERMINE,NOT APPLICABLE,202,E,79TH ST,623,,,,,,,2,NO INDICATION OF INJURY,0,0,0,0,0,2,0,7,5,7,41.75114702,-87.61960625,POINT (-87.619606254184 41.751147017452)