CRASH_RECORD_ID,RD_NO,CRASH_DATE_EST_I,CRASH_DATE,POSTED_SPEED_LIMIT,TRAFFIC_CONTROL_DEVICE,DEVICE_CONDITION,WEATHER_CONDITION,LIGHTING_CONDITION,FIRST_CRASH_TYPE,TRAFFICWAY_TYPE,LANE_CNT,ALIGNMENT,ROADWAY_SURFACE_COND,ROAD_DEFECT,REPORT_TYPE,CRASH_TYPE,INTERSECTION_RELATED_I,NOT_RIGHT_OF_WAY_I,HIT_AND_RUN_I,DAMAGE,DATE_POLICE_NOTIFIED,PRIM_CONTRIBUTORY_CAUSE,SEC_CONTRIBUTORY_CAUSE,STREET_NO,STREET_DIRECTION,STREET_NAME,BEAT_OF_OCCURRENCE,PHOTOS_TAKEN_I,STATEMENTS_TAKEN_I,DOORING_I,WORK_ZONE_I,WORK_ZONE_TYPE,WORKERS_PRESENT_I,NUM_UNITS,MOST_SEVERE_INJURY,INJURIES_TOTAL,INJURIES_FATAL,INJURIES_INCAPACITATING,INJURIES_NON_INCAPACITATING,INJURIES_REPORTED_NOT_EVIDENT,INJURIES_NO_INDICATION,INJURIES_UNKNOWN,CRASH_HOUR,CRASH_DAY_OF_WEEK,CRASH_MONTH,LATITUDE,LONGITUDE,LOCATION
5281a870ed42cef9b3cf8dc90c1457289047e8166ac6407421be1942e0c24466eaebbe2f2456614216a6afdd5e40e7eea9b519bd41c11cbe8e5209b225074de4,JG338982,Y,7/13/2023 7:45,15,NO CONTROLS,FUNCTIONING PROPERLY,CLEAR,DAYLIGHT,PARKED MOTOR VEHICLE,NOT DIVIDED,,STRAIGHT AND LEVEL,UNKNOWN,UNKNOWN,NOT ON SCENE (DESK REPORT),INJURY AND / OR TOW DUE TO CRASH,,,Y,"OVER $1,500",7/13/2023 9:00,UNABLE TO DETERMINE,UNABLE TO DETERMINE,648,N,TALMAN AVE,1221,,,,,,,2,NO INDICATION OF INJURY,0,0,0,0,0,1,0,7,5,7,41.89337936,-87.6927334,POINT (-87.692733401497 41.893379355648)
529d6d9da0516ff221e84f717fcb62c879945f6fe01503cef16bcc3ee76a247fc7dc045da623da565e948fa52b3b1db15e4087cc4f81e01956b062ada8ad0902,JG339382,,7/13/2023 4:30,25,UNKNOWN,UNKNOWN,CLEAR,"DARKNESS, LIGHTED ROAD",PARKED MOTOR VEHICLE,NOT DIVIDED,,STRAIGHT AND LEVEL,DRY,UNKNOWN,NOT ON SCENE (DESK REPORT),NO INJURY / DRIVE AWAY,,,Y,$500 OR LESS,7/13/2023 14:30,UNABLE TO DETERMINE,UNABLE TO DETERMINE,7720,S,SOUTH SHORE DR,421,,,,,,,2,NO INDICATION OF INJURY,0,0,0,0,0,1,0,4,5,7,41.75648887,-87.5530748,POINT (-87.553074797445 41.756488870776)
53aad1244fc96be3609a708ebbc89d4f91065f96a480a6e47d00dd5e0d3a67d1d3d735563ea2972ea222fa813aaca0143188a64e4f3c53eb1d07da164ca481a5,JG339572,,7/13/2023 15:59,30,TRAFFIC SIGNAL,FUNCTIONING PROPERLY,CLEAR,DAYLIGHT,ANGLE,FOUR WAY,,STRAIGHT AND LEVEL,DRY,NO DEFECTS,ON SCENE,INJURY AND / OR TOW DUE TO CRASH,Y,,Y,"OVER $1,500",7/13/2023 16:11,DISREGARDING TRAFFIC SIGNALS,DISREGARDING TRAFFIC SIGNALS,3999,W,CERMAK RD,1013,,,,,,,2,NO INDICATION OF INJURY,0,0,0,0,0,3,0,15,5,7,41.85143783,-87.72469238,POINT (-87.724692375943 41.851437824915)
55221366058f6e85218feb0d89c95fd2c0b1ec3ea83bf58733c1ae8e28b1742e3a5c95689e3bfa0f7d6c7ae3c5acb8463d4f023162e3904ce85a13eecb6710c5,JG339890,,7/13/2023 18:50,30,UNKNOWN,UNKNOWN,UNKNOWN,UNKNOWN,REAR END,NOT DIVIDED,,STRAIGHT AND LEVEL,UNKNOWN,UNKNOWN,NOT ON SCENE (DESK REPORT),NO INJURY / DRIVE AWAY,,,,"OVER $1,500",7/13/2023 20:00,FOLLOWING TOO CLOSELY,UNABLE TO DETERMINE,1523,W,NORTH AVE,1433,,,,,,,2,NO INDICATION OF INJURY,0,0,0,0,0,2,0,18,5,7,41.91054054,-87.66626365,POINT (-87.66626364669 41.910540543989)
5546d2f9099e973551f0feab80d7d53e16dcb598dfb7e3af07eec2c6df197fd08f047e9c7d640979882eb930bf382e54942336dd82f034d42783c1b1656f3ce3,JG340038,,7/13/2023 22:41,30,TRAFFIC SIGNAL,FUNCTIONING PROPERLY,CLEAR,"DARKNESS, LIGHTED ROAD",REAR END,NOT DIVIDED,,STRAIGHT AND LEVEL,DRY,NO DEFECTS,ON SCENE,INJURY AND / OR TOW DUE TO CRASH,,,,"OVER $1,500",7/13/2023 22:41,UNABLE TO DETERMINE,NOT APPLICABLE,7301,S,KEDZIE AVE,835,,,,,,,2,NONINCAPACITATING INJURY,3,0,0,3,0,0,0,22,5,7,41.76080612,-87.70251735,POINT (-87.702517352506 41.76080611746)
5549b2a2d3c4fde1322aaa2f47348b0cb8d64887af5a25fd9867d5de7242d08a1ee822d129d5b217c3d0c3de8d473b5bf69a2e708d43aea084f1b078dc069665,JG339021,,7/13/2023 9:30,20,NO CONTROLS,NO CONTROLS,CLOUDY/OVERCAST,DAYLIGHT,PARKED MOTOR VEHICLE,OTHER,,STRAIGHT AND LEVEL,DRY,NO DEFECTS,ON SCENE,NO INJURY / DRIVE AWAY,,,,"$501 - $1,500",7/13/2023 9:36,UNABLE TO DETERMINE,UNABLE TO DETERMINE,2404,S,WOLCOTT AVE,1034,,,,,,,2,NO INDICATION OF INJURY,0,0,0,0,0,2,0,9,5,7,41.84832466,-87.67343416,POINT (-87.673434156694 41.848324655385)
5738f4d777ffec8c8c019b8f855ed8bc22c122419d598b9b14d64d7c72274cb17570165777634e8ca8d6d60bdfadd647d03453a23cb44cfde5a92b78039d6b66,JG340461,,7/13/2023 16:30,35,NO CONTROLS,NO CONTROLS,CLEAR,DAYLIGHT,REAR END,NOT DIVIDED,,STRAIGHT AND LEVEL,DRY,NO DEFECTS,NOT ON SCENE (DESK REPORT),NO INJURY / DRIVE AWAY,,,,"$501 - $1,500",7/14/2023 10:20,DRIVING SKILLS/KNOWLEDGE/EXPERIENCE,UNABLE TO DETERMINE,2255,E,103RD ST,434,,,,,,,2,NO INDICATION OF INJURY,0,0,0,0,0,2,0,16,5,7,41.70793329,-87.56834912,POINT (-87.568349122821 41.707933290572)
5779fd629e740b1a8ecd09912eea394535606551a4c2ac36d7e87bb7a2c47f89ed9cf079f8427268f609cb42d00db3595a9890c2bfea2f3c28752a43db06542c,JG339936,,7/13/2023 20:03,30,TRAFFIC SIGNAL,FUNCTIONING PROPERLY,CLEAR,DARKNESS,SIDESWIPE SAME DIRECTION,FOUR WAY,,STRAIGHT AND LEVEL,DRY,UNKNOWN,NOT ON SCENE (DESK REPORT),NO INJURY / DRIVE AWAY,,,,"OVER $1,500",7/13/2023 20:47,UNABLE TO DETERMINE,NOT APPLICABLE,2800,W,26TH ST,1033,,,,,,,2,NO INDICATION OF INJURY,0,0,0,0,0,2,0,20,5,7,41.84480079,-87.69525259,POINT (-87.695252593724 41.844800785514)
57aff7a87e5f39f6f377fa8b5ca216bd385e2c31dba65183f0593ff900da995198459675894a13083d224a1f76e0aac8f1d2434e9bc5a05a402385dd1107a4f1,JG340131,Y,7/14/2023 0:00,20,NO CONTROLS,NO CONTROLS,CLEAR,"DARKNESS, LIGHTED ROAD",PARKED MOTOR VEHICLE,ONE-WAY,,STRAIGHT AND LEVEL,DRY,NO DEFECTS,ON SCENE,NO INJURY / DRIVE AWAY,,,Y,"OVER $1,500",7/14/2023 0:10,UNABLE TO DETERMINE,UNABLE TO DETERMINE,2353,S,ST LOUIS AVE,1024,,,,,,,2,NO INDICATION OF INJURY,0,0,0,0,0,1,0,0,6,7,41.84831328,-87.71231556,POINT (-87.712315562596 41.848313277569)
5845d4b16cc295d82ba48e8d2fccf8ccb13f3cbe312e6c3af8d71d2f66861cd2eba8919ac548c7aae9e94721ef37ae9b250d0c1d6bb63a6c60d67699d7d23fc4,JG342173,,7/13/2023 13:00,30,NO CONTROLS,NO CONTROLS,CLEAR,DAYLIGHT,PARKED MOTOR VEHICLE,ONE-WAY,,STRAIGHT AND LEVEL,DRY,NO DEFECTS,NOT ON SCENE (DESK REPORT),NO INJURY / DRIVE AWAY,,,Y,"OVER $1,500",7/15/2023 14:30,UNABLE TO DETERMINE,UNABLE TO DETERMINE,5532,W,WRIGHTWOOD AVE,2514,,,,,,,2,NO INDICATION OF INJURY,0,0,0,0,0,1,0,13,5,7,41.92775082,-87.76503326,POINT (-87.765033263567 41.927750820636)
58db1cfe13135d9d00039a5acacc3f3691765232aabeadf08e0c941acebde6af0e8ad5df7219d997a4eba081c21fafb0bb5f2adfad85e2a3d441a07969c41178,JG339603,,7/13/2023 14:58,30,STOP SIGN/FLASHER,FUNCTIONING PROPERLY,CLEAR,DAYLIGHT,PEDALCYCLIST,DIVIDED - W/MEDIAN (NOT RAISED),,STRAIGHT AND LEVEL,DRY,NO DEFECTS,ON SCENE,INJURY AND / OR TOW DUE TO CRASH,Y,,,"$501 - $1,500",7/13/2023 14:58,FAILING TO YIELD RIGHT-OF-WAY,UNABLE TO DETERMINE,4899,W,MONTROSE AVE,1624,,,,,,,2,NONINCAPACITATING INJURY,1,0,0,1,0,1,0,14,5,7,41.96058644,-87.74990808,POINT (-87.749908082199 41.960586436884)
59435f0b0c101b100ce7985f967a83faa42f8cef735247734ee8bcd90db21262c9765d6ad44d93cf6b37cde56def9ff7d2c71db51a3ec0f2a1e786c013858d1f,JG338960,,7/13/2023 6:45,30,NO CONTROLS,NO CONTROLS,CLOUDY/OVERCAST,DAYLIGHT,PARKED MOTOR VEHICLE,ONE-WAY,,STRAIGHT ON GRADE,UNKNOWN,UNKNOWN,ON SCENE,NO INJURY / DRIVE AWAY,,,Y,"OVER $1,500",7/13/2023 8:20,UNABLE TO DETERMINE,UNABLE TO DETERMINE,11539,S,NORMAL AVE,522,,,,,,,2,NO INDICATION OF INJURY,0,0,0,0,0,1,0,6,5,7,41.6840109,-87.63471588,POINT (-87.634715883786 41.684010899417)
5cd80a094ff8e01e1afa35b9d15b5da0aa879b338e9d7d546fa16deb3d55a9af2938f1384483796ecb8aab0263e6e344d7bbf8b3b38f4bf7f8d6001eabddbc7d,JG340720,,7/13/2023 18:00,15,NO CONTROLS,NO CONTROLS,CLEAR,DAYLIGHT,PARKED MOTOR VEHICLE,NOT DIVIDED,,STRAIGHT AND LEVEL,DRY,NO DEFECTS,NOT ON SCENE (DESK REPORT),NO INJURY / DRIVE AWAY,,,,"OVER $1,500",7/14/2023 13:30,FOLLOWING TOO CLOSELY,FOLLOWING TOO CLOSELY,1154,W,TAYLOR ST,1232,,,,,,,2,NO INDICATION OF INJURY,0,0,0,0,0,1,0,18,5,7,41.86953072,-87.65642987,POINT (-87.656429865413 41.869530715195)
5ed4a7f1b449506219025e8db4845152d63a92732ed53f2e16c18683be569a5621ff6fba16df763e77e21c8cbca16e2ed8c7c50e6825725a8369c64981c35e99,JG339746,,7/13/2023 14:10,20,NO CONTROLS,NO CONTROLS,CLEAR,DAYLIGHT,HEAD ON,PARKING LOT,,STRAIGHT AND LEVEL,DRY,NO DEFECTS,NOT ON SCENE (DESK REPORT),NO INJURY / DRIVE AWAY,,Y,,"$501 - $1,500",7/13/2023 18:18,UNABLE TO DETERMINE,UNABLE TO DETERMINE,5215,N,CALIFORNIA AVE,2011,,,,,,,2,NO INDICATION OF INJURY,0,0,0,0,0,2,0,14,5,7,41.97634622,-87.69879442,POINT (-87.698794423049 41.976346214824)
5ee4b46819d831c1c7c8341080f1ec5a6ee88736722b51dc95ebf1145b2088746f5915c546b4bf829b1b3431b07244f567fa48bd3ee571b55f056ff9f75db3f4,JG339946,,7/13/2023 20:16,30,STOP SIGN/FLASHER,NO CONTROLS,CLEAR,"DARKNESS, LIGHTED ROAD",FIXED OBJECT,NOT DIVIDED,,STRAIGHT AND LEVEL,DRY,NO DEFECTS,ON SCENE,INJURY AND / OR TOW DUE TO CRASH,,,,"OVER $1,500",7/13/2023 20:40,UNABLE TO DETERMINE,UNABLE TO DETERMINE,10252,S,FAIRFIELD AVE,2211,,,,,,,1,NO INDICATION OF INJURY,0,0,0,0,0,2,0,20,5,7,41.70653362,-87.69040448,POINT (-87.690404476301 41.706533624284)
5efa9a2455904afb5e8e2c0cf5baf4b4d7239b2f2be3451f286a8bd82ac73e720565d4d7a429455c2f9f18ec2adca26312bfe72f512b6138398eda1fde4078d1,JG345125,,7/13/2023 18:25,15,NO CONTROLS,NO CONTROLS,CLEAR,DAYLIGHT,PARKED MOTOR VEHICLE,PARKING LOT,,STRAIGHT AND LEVEL,DRY,NO DEFECTS,NOT ON SCENE (DESK REPORT),NO INJURY / DRIVE AWAY,,Y,,"$501 - $1,500",7/17/2023 18:50,DRIVING SKILLS/KNOWLEDGE/EXPERIENCE,UNABLE TO DETERMINE,4033,W,26TH ST,1031,,,,,,,2,NO INDICATION OF INJURY,0,0,0,0,0,1,0,18,5,7,41.8441272,-87.72569966,POINT (-87.725699657868 41.844127203465)
5fbe286db9a69991bfddcee491b6c042415ccd759f2c488b563867600a20ad4761f9977960e08197dc0ca9387e7464272b023b20c7fd8e861dced44d4fdb891c,JC414415,,8/31/2019 7:00,30,UNKNOWN,UNKNOWN,CLEAR,DAYLIGHT,PARKED MOTOR VEHICLE,NOT DIVIDED,,STRAIGHT AND LEVEL,DRY,UNKNOWN,,INJURY AND / OR TOW DUE TO CRASH,,,Y,"OVER $1,500",8/31/2019 7:08,UNABLE TO DETERMINE,NOT APPLICABLE,5999,W,ADAMS BLVD,1513,,,,,,,2,NO INDICATION OF INJURY,0,0,0,0,0,1,0,7,7,8,41.8775006,-87.77448199,POINT (-87.774481993954 41.877500602)
6207dc067989b311d6f60fd0a1823eeadd160650c537b35975389b40f549e0f35d5c3f8933a1f8cb16798b4e525479128766509072944a88bbc0f71bb878fc4b,JG339256,,7/13/2023 12:22,30,NO CONTROLS,NO CONTROLS,CLEAR,DAYLIGHT,REAR END,NOT DIVIDED,,STRAIGHT AND LEVEL,DRY,NO DEFECTS,NOT ON SCENE (DESK REPORT),NO INJURY / DRIVE AWAY,,,,"$501 - $1,500",7/13/2023 12:55,FOLLOWING TOO CLOSELY,UNABLE TO DETERMINE,3310,W,FOSTER AVE,1712,,,,,,,2,NO INDICATION OF INJURY,0,0,0,0,0,2,0,12,5,7,41.97582312,-87.71163832,POINT (-87.711638320661 41.975823122519)
623d7863b62df48860d8edb44ff1b7b54ee55657bce20017dd5ab545e880c5786c6ee2ddf6c662750231a3f9a3f0b84fa6054da06fc2ba47bf3bc8daae59acd3,JG339251,,7/13/2023 12:34,30,NO CONTROLS,NO CONTROLS,CLOUDY/OVERCAST,DAYLIGHT,REAR END,NOT DIVIDED,,STRAIGHT AND LEVEL,DRY,NO DEFECTS,ON SCENE,NO INJURY / DRIVE AWAY,,,,$500 OR LESS,7/13/2023 12:35,IMPROPER BACKING,NOT APPLICABLE,4601,W,GRAND AVE,2533,,,,,,,2,NO INDICATION OF INJURY,0,0,0,0,0,6,0,12,5,7,41.9119737,-87.7413988,POINT (-87.741398801503 41.911973699191)
61d07fefaff6d683636bb5f5668eacc4d804a00bacc61fe54594f1ff88739a1aaccf848ba24965e4b0b069234e1ffc4b21da6fa9ae05e9ede8098b1578bb5997,JD173166,,3/3/2020 22:12,30,TRAFFIC SIGNAL,UNKNOWN,CLEAR,DARKNESS,TURNING,FOUR WAY,,STRAIGHT AND LEVEL,UNKNOWN,UNKNOWN,,NO INJURY / DRIVE AWAY,Y,,,"OVER $1,500",3/3/2020 22:15,UNABLE TO DETERMINE,NOT APPLICABLE,199,W,MADISON ST,122,,,,,,,2,NO INDICATION OF INJURY,0,0,0,0,0,2,0,22,3,3,41.88183641,-87.63374981,POINT (-87.633749809769 41.881836409218)
62ff13afbce61079ea17ee63a2f0d3ca7c21d275ebae772bd9c4b0fe353ac552bc1cd158802d2e3ff3529a340274a2e0d2e5a3b7ece1f48212b20a684be22ff5,JG339127,,7/13/2023 10:23,45,NO CONTROLS,NO CONTROLS,CLEAR,DAYLIGHT,FIXED OBJECT,DIVIDED - W/MEDIAN BARRIER,,STRAIGHT AND LEVEL,DRY,NO DEFECTS,ON SCENE,INJURY AND / OR TOW DUE TO CRASH,,,,"$501 - $1,500",7/13/2023 11:30,UNABLE TO DETERMINE,UNABLE TO DETERMINE,3300,N,LAKE SHORE DR,1925,,,,,,,1,NO INDICATION OF INJURY,0,0,0,0,0,1,0,10,5,7,41.94230542,-87.64010536,POINT (-87.640105356834 41.942305419413)
640bd179508afbb8f55ae5c24d7f30ebd915f203a09aab8043026d3226a18185fef31e6319e2bdda602c15655125e53c5a1fc3165ef973acdbd8d069936c3488,JG340137,,7/13/2023 13:05,30,NO CONTROLS,NO CONTROLS,CLEAR,DAYLIGHT,TURNING,NOT DIVIDED,,STRAIGHT AND LEVEL,DRY,NO DEFECTS,NOT ON SCENE (DESK REPORT),INJURY AND / OR TOW DUE TO CRASH,N,,,"$501 - $1,500",7/14/2023 1:15,FOLLOWING TOO CLOSELY,IMPROPER OVERTAKING/PASSING,3808,W,DIVISION ST,2535,,,,,,,2,"REPORTED, NOT EVIDENT",1,0,0,0,1,2,0,13,5,7,41.90281912,-87.72185755,POINT (-87.721857544789 41.902819119718)
64536298b18fd9d1818333d71808db75f2203637bb761f9e567393493870897565c3ce27fe72e9ccb3dce094cfca19f8ab5511ebc5ec75c4f35e051fa89a5a28,JG339999,,7/13/2023 20:30,30,NO CONTROLS,NO CONTROLS,CLEAR,"DARKNESS, LIGHTED ROAD",REAR END,FOUR WAY,,STRAIGHT AND LEVEL,DRY,NO DEFECTS,ON SCENE,NO INJURY / DRIVE AWAY,Y,,,"$501 - $1,500",7/13/2023 21:12,DISTRACTION - FROM INSIDE VEHICLE,UNABLE TO DETERMINE,1701,W,GRAND AVE,1215,,,,,,,2,NO INDICATION OF INJURY,0,0,0,0,0,3,0,20,5,7,41.89083335,-87.66961897,POINT (-87.669618969651 41.890833350909)
630b579e13a5a11476b650ee488dab3399021b24c322cbe99622b3c628534cd21d4e3d504d7ae27b00610983cc04c51ef9e78dd784c20612fe9d264f7c6ce36e,JC553723,,12/20/2019 10:30,15,NO CONTROLS,NO CONTROLS,CLEAR,DAYLIGHT,REAR TO SIDE,PARKING LOT,,STRAIGHT AND LEVEL,DRY,NO DEFECTS,,NO INJURY / DRIVE AWAY,,,,$500 OR LESS,12/20/2019 10:32,UNABLE TO DETERMINE,NOT APPLICABLE,4830,N,PULASKI RD,1712,,,,,,,2,NO INDICATION OF INJURY,0,0,0,0,0,2,0,10,6,12,41.9691923,-87.72820341,POINT (-87.72820341215 41.969192302937)
64cb45a8a717439703b935e9ae786dde9f0da979bec608813766ea274908d6587e543ed7a46119a4a937c87728f8e79906b167201b5c5c040e2e58e13c81d485,JG339070,,7/13/2023 10:32,30,NO CONTROLS,NO CONTROLS,CLEAR,DAYLIGHT,SIDESWIPE SAME DIRECTION,DIVIDED - W/MEDIAN (NOT RAISED),,STRAIGHT AND LEVEL,DRY,NO DEFECTS,ON SCENE,INJURY AND / OR TOW DUE TO CRASH,,,,"OVER $1,500",7/13/2023 10:33,UNABLE TO DETERMINE,NOT APPLICABLE,5639,W,NORTH AVE,2531,,,,,,,2,NO INDICATION OF INJURY,0,0,0,0,0,3,0,10,5,7,41.9092448,-87.76733651,POINT (-87.7673365082 41.90924480042)
64e19c2df238213a571f01dfe849240ddd0a1156f10b9b184bc2a73d24cbe3b52d12655e76f0646ca205e02ebc2e04dcde9189415c7298842a94ee2ed3a56a40,,,7/24/2023 0:30,30,TRAFFIC SIGNAL,UNKNOWN,CLEAR,"DARKNESS, LIGHTED ROAD",TURNING,FOUR WAY,,STRAIGHT AND LEVEL,DRY,NO DEFECTS,,INJURY AND / OR TOW DUE TO CRASH,,,,"OVER $1,500",7/24/2023 1:30,FOLLOWING TOO CLOSELY,NOT APPLICABLE,499,S,DEARBORN ST,113,,,,,,,2,NONINCAPACITATING INJURY,1,0,0,1,0,3,0,0,2,7,41.87569278,-87.6290937,POINT (-87.629093696352 41.875692778695)
67f5583535348f9fe67aed661419bd44fb0e2b44d8026308e3e4da4e106a23b2ec2016b8797c14961acb31e4410ccd9938af4c8ba0438cd9cbd526b3f901bebe,JG339827,,7/13/2023 18:20,30,NO CONTROLS,FUNCTIONING PROPERLY,CLEAR,DAYLIGHT,SIDESWIPE SAME DIRECTION,NOT DIVIDED,,STRAIGHT AND LEVEL,DRY,NO DEFECTS,ON SCENE,NO INJURY / DRIVE AWAY,,,,"OVER $1,500",7/13/2023 18:28,FAILING TO YIELD RIGHT-OF-WAY,FAILING TO YIELD RIGHT-OF-WAY,1952,W,CERMAK RD,1234,,,,,,,2,NO INDICATION OF INJURY,0,0,0,0,0,2,0,18,5,7,41.85229196,-87.67549331,POINT (-87.675493309558 41.852291959317)
68040c062418e3b1e000cfa9bfa9ddb3698abe3c474f03261ea871911114dabb6ca2ce25c110488bfcf7726d17b7b07e81de1aca350495909df58ce739a4a753,JG339056,Y,7/13/2023 10:00,30,NO CONTROLS,NO CONTROLS,CLEAR,DAYLIGHT,PARKED MOTOR VEHICLE,NOT DIVIDED,,STRAIGHT AND LEVEL,DRY,NO DEFECTS,NOT ON SCENE (DESK REPORT),NO INJURY / DRIVE AWAY,,,,"OVER $1,500",7/13/2023 10:25,IMPROPER LANE USAGE,IMPROPER OVERTAKING/PASSING,7301,N,RIDGE BLVD,2424,,,,,,,2,NO INDICATION OF INJURY,0,0,0,0,0,2,0,10,5,7,42.01411821,-87.68356474,POINT (-87.683564742629 42.01411821087)
691291fd9b606f3b2d16a167c75a217f1618ff19064315d2aa2b4bc7d6475a3becd08a5fecc3f9d6f134f14e527c48bde89376c43808a9baadf4574f248a3037,JG339679,,7/13/2023 16:45,30,NO CONTROLS,NO CONTROLS,CLEAR,DAYLIGHT,TURNING,FOUR WAY,,STRAIGHT AND LEVEL,DRY,NO DEFECTS,NOT ON SCENE (DESK REPORT),NO INJURY / DRIVE AWAY,,,,"OVER $1,500",7/13/2023 17:05,IMPROPER TURNING/NO SIGNAL,DRIVING ON WRONG SIDE/WRONG WAY,8548,S,WABASH AVE,632,,,,,,,2,NO INDICATION OF INJURY,0,0,0,0,0,2,0,16,5,7,41.7385797,-87.62281164,POINT (-87.622811643776 41.738579694576)
67999450778fc260dee2de0ac67133d3baa0eb1de8f7e9ee6d997ea8cad2f6ab473a43cc08c8c1d8cb3cc13371d2cb8f37e4e61499866ac5a6c9d8130a1c3a37,JG319784,,6/28/2023 9:00,30,NO CONTROLS,NO CONTROLS,CLEAR,DAYLIGHT,REAR TO REAR,PARKING LOT,,STRAIGHT AND LEVEL,DRY,NO DEFECTS,,NO INJURY / DRIVE AWAY,,,,"OVER $1,500",6/28/2023 16:50,UNABLE TO DETERMINE,UNABLE TO DETERMINE,3324,S,ARCHER AVE,912,,,,,,,2,NO INDICATION OF INJURY,0,0,0,0,0,2,0,9,4,6,41.83353525,-87.67274903,POINT (-87.672749030311 41.833535253067)
698d53f41e733f65d9d99e76507e5b34ba7cb462cd58ac571af63dbc0122c106d521b94d9dde6972f8176631de82cbf55f7eecda0a51473a9eb2f87e960d5ad8,JG340096,,7/13/2023 23:30,30,TRAFFIC SIGNAL,FUNCTIONING PROPERLY,CLEAR,"DARKNESS, LIGHTED ROAD",ANGLE,FOUR WAY,,STRAIGHT AND LEVEL,DRY,NO DEFECTS,ON SCENE,INJURY AND / OR TOW DUE TO CRASH,Y,,Y,"OVER $1,500",7/13/2023 23:33,DISREGARDING TRAFFIC SIGNALS,UNABLE TO DETERMINE,3900,S,MICHIGAN AVE,213,,,,,,,2,"REPORTED, NOT EVIDENT",1,0,0,0,1,5,0,23,5,7,41.82368919,-87.62331241,POINT (-87.623312408677 41.823689192028)
6a0d829213a6948b8cee1fced45041ae460b2aae2c56d76fa6cb70ac5170fe0d4a412cdd99fba7338708abab9058e6d4d406d5529f320b2e45c70f0d0ecb3e2e,JG339785,,7/13/2023 15:30,20,NO CONTROLS,NO CONTROLS,CLEAR,DAYLIGHT,FIXED OBJECT,NOT DIVIDED,,STRAIGHT AND LEVEL,DRY,NO DEFECTS,NOT ON SCENE (DESK REPORT),NO INJURY / DRIVE AWAY,,,,"OVER $1,500",7/13/2023 18:40,IMPROPER BACKING,IMPROPER BACKING,7900,S,ELLIS AVE,624,,,,,,,1,NO INDICATION OF INJURY,0,0,0,0,0,1,0,15,5,7,41.75124408,-87.6004815,POINT (-87.600481496153 41.751244075725)
6b67f48813b970c4e21f599b8668d429da214720dbc3df18c3347cc2317e1496f8e53599b2c900bd24cbd8020fe4679ba083697e3dca3797c5d5b1ddb49d68b4,JG339899,,7/13/2023 18:15,30,STOP SIGN/FLASHER,FUNCTIONING PROPERLY,CLEAR,DAYLIGHT,TURNING,NOT DIVIDED,,STRAIGHT AND LEVEL,DRY,NO DEFECTS,NOT ON SCENE (DESK REPORT),INJURY AND / OR TOW DUE TO CRASH,,,Y,"$501 - $1,500",7/13/2023 20:02,NOT APPLICABLE,NOT APPLICABLE,5900,S,HOMAN AVE,822,,,,,,,2,NONINCAPACITATING INJURY,1,0,0,1,0,4,0,18,5,7,41.78610932,-87.70836514,POINT (-87.70836514337 41.786109315171)
6dcb09ebc81997b4e30ae5e11063c71145fc8d3da4f349557e9354c3c13f7e5967aa5752eec1e13ba51dc7bf494d9d7b558ba666351552436b54b7e69b1aaa8d,JG339747,,7/13/2023 18:30,30,TRAFFIC SIGNAL,FUNCTIONING PROPERLY,CLEAR,DAYLIGHT,TURNING,NOT DIVIDED,,STRAIGHT AND LEVEL,DRY,NO DEFECTS,NOT ON SCENE (DESK REPORT),NO INJURY / DRIVE AWAY,,,,"OVER $1,500",7/13/2023 19:00,UNABLE TO DETERMINE,NOT APPLICABLE,5109,W,FULLERTON AVE,2522,,,,,,,2,NO INDICATION OF INJURY,0,0,0,0,0,2,0,18,5,7,41.92402594,-87.75410892,POINT (-87.754108923036 41.924025936998)
6de1bc7ee1548ffe4622c1e8401391e2b988fc49ac2293cd55831f4211f29108ba4c7a8a3a42b8e4d47d23aa3265be177d4e8c3deffaa11fc4967cdcb8ae6456,JG338903,,7/13/2023 6:40,30,NO CONTROLS,NO CONTROLS,CLEAR,DAYLIGHT,REAR END,NOT DIVIDED,,STRAIGHT AND LEVEL,DRY,NO DEFECTS,ON SCENE,INJURY AND / OR TOW DUE TO CRASH,,,,"OVER $1,500",7/13/2023 6:40,DRIVING ON WRONG SIDE/WRONG WAY,"EVASIVE ACTION DUE TO ANIMAL, OBJECT, NONMOTORIST",7538,N,RIDGE BLVD,2411,,,,,,,3,"REPORTED, NOT EVIDENT",1,0,0,0,1,3,0,6,5,7,42.0188382,-87.68471516,POINT (-87.684715161063 42.018838200602)
6ec078d1f833dd1968f62c6bcef280ef4222c7505a834cd6e7f3be6049715d2b03e8a4fdabae0d4a47c9edd39627dcc3a8cbc779355576099e42f8c1712a3cf4,JG339610,,7/13/2023 15:10,30,NO CONTROLS,NO CONTROLS,CLEAR,DAYLIGHT,TURNING,T-INTERSECTION,,STRAIGHT AND LEVEL,DRY,NO DEFECTS,NOT ON SCENE (DESK REPORT),NO INJURY / DRIVE AWAY,Y,,,"OVER $1,500",7/13/2023 16:45,UNABLE TO DETERMINE,UNABLE TO DETERMINE,2532,W,55TH ST,923,,,,,,,2,NO INDICATION OF INJURY,0,0,0,0,0,2,0,15,5,7,41.79391332,-87.68776788,POINT (-87.68776788206 41.793913317077)