CRASH_RECORD_ID,RD_NO,CRASH_DATE_EST_I,CRASH_DATE,POSTED_SPEED_LIMIT,TRAFFIC_CONTROL_DEVICE,DEVICE_CONDITION,WEATHER_CONDITION,LIGHTING_CONDITION,FIRST_CRASH_TYPE,TRAFFICWAY_TYPE,LANE_CNT,ALIGNMENT,ROADWAY_SURFACE_COND,ROAD_DEFECT,REPORT_TYPE,CRASH_TYPE,INTERSECTION_RELATED_I,NOT_RIGHT_OF_WAY_I,HIT_AND_RUN_I,DAMAGE,DATE_POLICE_NOTIFIED,PRIM_CONTRIBUTORY_CAUSE,SEC_CONTRIBUTORY_CAUSE,STREET_NO,STREET_DIRECTION,STREET_NAME,BEAT_OF_OCCURRENCE,PHOTOS_TAKEN_I,STATEMENTS_TAKEN_I,DOORING_I,WORK_ZONE_I,WORK_ZONE_TYPE,WORKERS_PRESENT_I,NUM_UNITS,MOST_SEVERE_INJURY,INJURIES_TOTAL,INJURIES_FATAL,INJURIES_INCAPACITATING,INJURIES_NON_INCAPACITATING,INJURIES_REPORTED_NOT_EVIDENT,INJURIES_NO_INDICATION,INJURIES_UNKNOWN,CRASH_HOUR,CRASH_DAY_OF_WEEK,CRASH_MONTH,LATITUDE,LONGITUDE,LOCATION
701de53ef37168cb9fd103d87b7cb590063e8e41328917f59e5e8365b6a054dbae2da3d8d0f37fff9206ba87a367442b25ac1fe83e96eb9ffc9312fda7f341df,JG339271,,7/13/2023 12:35,30,NO CONTROLS,NO CONTROLS,CLEAR,DAYLIGHT,PARKED MOTOR VEHICLE,DIVIDED - W/MEDIAN (NOT RAISED),,STRAIGHT AND LEVEL,DRY,UNKNOWN,ON SCENE,NO INJURY / DRIVE AWAY,,,,"OVER $1,500",7/13/2023 12:40,UNABLE TO DETERMINE,UNABLE TO DETERMINE,3119,N,CALIFORNIA AVE,1411,,,,,,,2,NO INDICATION OF INJURY,0,0,0,0,0,1,0,12,5,7,41.93814429,-87.69764331,POINT (-87.697643310032 41.938144285547)
702699dcb2ab05eb5eb375f6ad0a09f728672b717c32b33f806f68b297f5ce7cde05805df665525a2394bc8e47d66b8e201c0ccbe5ea56f3f73fecf9eae9cc4a,JG339390,,7/13/2023 8:15,30,NO CONTROLS,NO CONTROLS,CLEAR,DAYLIGHT,PARKED MOTOR VEHICLE,NOT DIVIDED,,STRAIGHT AND LEVEL,DRY,NO DEFECTS,NOT ON SCENE (DESK REPORT),NO INJURY / DRIVE AWAY,,,,"$501 - $1,500",7/13/2023 14:30,UNABLE TO DETERMINE,NOT APPLICABLE,3208,W,BERTEAU AVE,1724,,,,,,,2,NO INDICATION OF INJURY,0,0,0,0,0,1,0,8,5,7,41.95766153,-87.70852551,POINT (-87.708525513086 41.957661530051)
7155e5a037de2e1775a87c47dd5a14a77dc5293aa91a1f04b6b2ac334a1829842b7b3f00ec4a3b10bdc7ca20a8b512e64d9c0938bb427f8e87fb88f09a9d5a27,JG340031,,7/13/2023 22:38,30,TRAFFIC SIGNAL,FUNCTIONING PROPERLY,CLEAR,"DARKNESS, LIGHTED ROAD",TURNING,T-INTERSECTION,,STRAIGHT AND LEVEL,DRY,NO DEFECTS,ON SCENE,INJURY AND / OR TOW DUE TO CRASH,,,Y,"OVER $1,500",7/13/2023 22:38,DISREGARDING TRAFFIC SIGNALS,NOT APPLICABLE,11105,S,VINCENNES AVE,2234,,,,,,,2,NONINCAPACITATING INJURY,1,0,0,1,0,2,0,22,5,7,41.69195107,-87.66328708,POINT (-87.663287079945 41.691951067486)
749ef4fdf232c1048c0f2a0a7fed28333d4ebd1f41db14f567cdef67a0aff60aaa8412d943db017222d6b2ee834382d17491e107d0988774da10c0f57c4e9251,JG340017,,7/13/2023 16:03,30,TRAFFIC SIGNAL,FUNCTIONING PROPERLY,CLEAR,DAYLIGHT,TURNING,NOT DIVIDED,,STRAIGHT AND LEVEL,DRY,NO DEFECTS,,NO INJURY / DRIVE AWAY,N,,,"OVER $1,500",7/13/2023 22:05,IMPROPER TURNING/NO SIGNAL,IMPROPER TURNING/NO SIGNAL,3000,W,PRATT BLVD,2411,,,,,,,2,NO INDICATION OF INJURY,0,0,0,0,0,2,0,16,5,7,42.00486235,-87.70466654,POINT (-87.704666543164 42.004862348711)
756d9c35725c338e13b17c770714d77fb8e8e6a4917916b98355a73cf0269f2982f09b3ced10062325b16525f45c1a7f0febbf1c5af8a2aabd661fccf32733e3,JG338869,,7/13/2023 6:51,30,NO CONTROLS,NO CONTROLS,CLEAR,DAWN,SIDESWIPE OPPOSITE DIRECTION,ONE-WAY,,STRAIGHT AND LEVEL,DRY,NO DEFECTS,,NO INJURY / DRIVE AWAY,,,Y,"OVER $1,500",7/13/2023 7:26,DRIVING ON WRONG SIDE/WRONG WAY,NOT APPLICABLE,10852,S,VERNON AVE,513,,,,,,,3,NO INDICATION OF INJURY,0,0,0,0,0,2,0,6,5,7,41.69664745,-87.61240338,POINT (-87.612403382146 41.696647452295)
75c2ad81ba0aabe76fd0660aa072a55d768a5971280913ee031c8a4dad25d658a812a3c290b2178794dfc69189e3483f18bbdf43cbbd435a00357a7fec0d5869,JG339442,,7/13/2023 14:23,30,TRAFFIC SIGNAL,FUNCTIONING PROPERLY,CLEAR,DAYLIGHT,ANGLE,NOT DIVIDED,,STRAIGHT AND LEVEL,DRY,NO DEFECTS,NOT ON SCENE (DESK REPORT),NO INJURY / DRIVE AWAY,,,Y,"OVER $1,500",7/13/2023 15:09,DISREGARDING TRAFFIC SIGNALS,DISREGARDING TRAFFIC SIGNALS,2800,W,MARQUETTE RD,831,,,,,,,2,NO INDICATION OF INJURY,0,0,0,0,0,2,0,14,5,7,41.77193273,-87.69326964,POINT (-87.693269641671 41.77193273122)
75d54509b3b138a377844c5e3b6c1981ca839e293ca0fcb461dcd6786a6858c1a4a5ad09583d31582d25d855a513e8e7a9f324cfb77bdd9b904d3cbb2a47a760,JG338744,,7/13/2023 2:10,30,NO CONTROLS,NO CONTROLS,CLEAR,"DARKNESS, LIGHTED ROAD",PARKED MOTOR VEHICLE,ONE-WAY,,STRAIGHT AND LEVEL,DRY,NO DEFECTS,ON SCENE,INJURY AND / OR TOW DUE TO CRASH,,,,"OVER $1,500",7/13/2023 2:28,DISTRACTION - FROM OUTSIDE VEHICLE,NOT APPLICABLE,6308,S,MOZART ST,823,,,,,,,2,NO INDICATION OF INJURY,0,0,0,0,0,1,0,2,5,7,41.77877895,-87.69474698,POINT (-87.694746982405 41.778778947107)
7617987281573171f7f67f7b85d466d1981c014f3db20ea8d011799bb6943337b6c6560fc98d2ffc2655822035853f6dda9690dfafbb90e80c16b3a63faadf6c,JG339961,Y,7/13/2023 20:50,20,NO CONTROLS,NO CONTROLS,CLEAR,"DARKNESS, LIGHTED ROAD",TURNING,CENTER TURN LANE,,STRAIGHT AND LEVEL,DRY,NO DEFECTS,ON SCENE,NO INJURY / DRIVE AWAY,,,,"OVER $1,500",7/13/2023 20:53,FAILING TO YIELD RIGHT-OF-WAY,NOT APPLICABLE,827,W,122ND ST,524,Y,Y,,,,,2,NO INDICATION OF INJURY,0,0,0,0,0,2,0,20,5,7,41.67222986,-87.64287742,POINT (-87.642877418015 41.672229856741)
76a561a98c744429d2372204abf681301ec5c10150ba52cc50bd0140c539abcf9d1c16b6a9dcb443b834c2cc33cae07dfd2d90ff316e50e0acb6284cfb7e334f,JG340068,,7/13/2023 11:15,30,UNKNOWN,UNKNOWN,CLEAR,"DARKNESS, LIGHTED ROAD",REAR END,FOUR WAY,,STRAIGHT AND LEVEL,DRY,NO DEFECTS,NOT ON SCENE (DESK REPORT),NO INJURY / DRIVE AWAY,,,Y,$500 OR LESS,7/13/2023 11:25,UNABLE TO DETERMINE,UNABLE TO DETERMINE,1969,W,OGDEN AVE,1231,,,,,,,2,NO INDICATION OF INJURY,0,0,0,0,0,2,0,11,5,7,41.873217,-87.67567518,POINT (-87.67567517654 41.873216999115)
75e3d873af429d3241b51d6593e1bf8de65fc8476434440c5b088a8c75572be1ebd0b4a018ef980435817ddae7ac1b770a0caf06e093c9a40eeaea99152fc0d8,JC445788,,9/23/2019 20:49,30,TRAFFIC SIGNAL,NO CONTROLS,CLEAR,DARKNESS,TURNING,FOUR WAY,,STRAIGHT AND LEVEL,DRY,NO DEFECTS,,NO INJURY / DRIVE AWAY,Y,,Y,"OVER $1,500",9/23/2019 20:59,NOT APPLICABLE,NOT APPLICABLE,7100,S,STATE ST,323,,,,,,,2,NO INDICATION OF INJURY,0,0,0,0,0,2,0,20,2,9,41.76539361,-87.62505048,POINT (-87.625050475006 41.765393607783)
7703ebad32b6f6b888173080d75635477cab163287e4fe44696d54f007d9fdb7a252219c453dccb54c086331a5c1c70cc1cb3a6936b7edf6c380c8403eb0132f,JG339598,,7/13/2023 16:00,25,NO CONTROLS,NO CONTROLS,CLEAR,DAYLIGHT,TURNING,Y-INTERSECTION,,STRAIGHT AND LEVEL,DRY,SHOULDER DEFECT,,NO INJURY / DRIVE AWAY,Y,,,"OVER $1,500",7/13/2023 16:34,DISREGARDING STOP SIGN,NOT APPLICABLE,1126,W,98TH PL,2223,,,,,,,2,NO INDICATION OF INJURY,0,0,0,0,0,2,0,16,5,7,41.71430319,-87.65128914,POINT (-87.651289138378 41.714303191224)
776cf4441c274782322ce416ed5a70b7af44fd109692c53634ac4e6cdc022b069e2022687412eef4f2525b99f76633a69a4ab6619b723c98b1e4722ec9a11f94,JG339053,,7/13/2023 10:03,30,TRAFFIC SIGNAL,UNKNOWN,CLEAR,DAYLIGHT,TURNING,FOUR WAY,,STRAIGHT AND LEVEL,DRY,UNKNOWN,ON SCENE,NO INJURY / DRIVE AWAY,Y,,,"OVER $1,500",7/13/2023 10:12,FAILING TO YIELD RIGHT-OF-WAY,FAILING TO YIELD RIGHT-OF-WAY,300,E,JACKSON DR,114,,,,,,,2,NO INDICATION OF INJURY,0,0,0,0,0,3,0,10,5,7,41.87844405,-87.62051796,POINT (-87.620517957578 41.878444050454)
780ddee8b7338ed92f132e5a24e775fb7209ae87e68854ee332851c5fffb987911137e3d7eef9c4da11dbfb3d9cf8a11d7d82d6e63a74399906da7294cf9a9f4,JG339245,,7/13/2023 12:08,30,NO CONTROLS,NO CONTROLS,CLEAR,DAYLIGHT,PARKED MOTOR VEHICLE,ONE-WAY,,STRAIGHT AND LEVEL,DRY,UNKNOWN,NOT ON SCENE (DESK REPORT),NO INJURY / DRIVE AWAY,,,,"OVER $1,500",7/13/2023 12:45,UNABLE TO DETERMINE,NOT APPLICABLE,2139,W,SCHOOL ST,1921,,,,,,,2,NO INDICATION OF INJURY,0,0,0,0,0,1,0,12,5,7,41.94123517,-87.68240741,POINT (-87.682407407274 41.941235172473)
7885237d0f07d88fda38e30bb6154ad2aaa4b3b4819da7858dec303bdd74917c7394f7ef4da298392a759337a05279fb1aa161ccbb691a2bd4aa8716735a16fe,JG340316,,7/13/2023 12:52,30,TRAFFIC SIGNAL,NO CONTROLS,CLEAR,DAYLIGHT,PEDESTRIAN,NOT DIVIDED,,STRAIGHT AND LEVEL,DRY,UNKNOWN,ON SCENE,INJURY AND / OR TOW DUE TO CRASH,,,Y,"$501 - $1,500",7/13/2023 12:52,UNABLE TO DETERMINE,NOT APPLICABLE,818,S,PULASKI RD,1132,,,,,,,3,FATAL,1,1,0,0,0,2,0,12,5,7,41.87028596,-87.72547369,POINT (-87.725473688829 41.870285957698)
79b26d49ce1ee187affe08eb7ee19a37e27976c894a57c7355845f958911a95ed3da468c7ae32c31db34b521234b1b28a45f1e071edb2f5d3e5169ca92b0b634,JG341068,,7/13/2023 7:16,30,STOP SIGN/FLASHER,UNKNOWN,UNKNOWN,UNKNOWN,REAR END,DIVIDED - W/MEDIAN (NOT RAISED),,STRAIGHT AND LEVEL,UNKNOWN,UNKNOWN,NOT ON SCENE (DESK REPORT),NO INJURY / DRIVE AWAY,,,,"$501 - $1,500",7/14/2023 17:00,UNABLE TO DETERMINE,NOT APPLICABLE,2500,W,BRYN MAWR AVE,2011,,,,,,,2,NO INDICATION OF INJURY,0,0,0,0,0,2,0,7,5,7,41.98326723,-87.69193522,POINT (-87.691935218275 41.983267228221)
79b79f1ec503c57b860bef62dbcdc717cf54084a807933da68bf84a8d93bd1b9f1303dd048a38755a65a5a7d0b066412210c960ac63a4eb591e470617462666c,JG339633,,7/13/2023 16:10,35,OTHER,UNKNOWN,UNKNOWN,UNKNOWN,SIDESWIPE SAME DIRECTION,NOT DIVIDED,,STRAIGHT AND LEVEL,UNKNOWN,UNKNOWN,NOT ON SCENE (DESK REPORT),NO INJURY / DRIVE AWAY,,,,$500 OR LESS,7/13/2023 16:40,IMPROPER OVERTAKING/PASSING,UNABLE TO DETERMINE,140,W,GRAND AVE,1831,,,,,,,2,NO INDICATION OF INJURY,0,0,0,0,0,2,0,16,5,7,41.89171316,-87.6326589,POINT (-87.632658900397 41.891713160082)
7aae314f6b96c272a35b9bdd79a731a1c717ca5fd72f0065eb8b7aecb1123530be8963304a8b51fcc83f680a1fcf9e237060d6f08c9b80e2c1297697e4e8682e,JG338735,,7/13/2023 1:45,25,NO CONTROLS,NO CONTROLS,CLEAR,"DARKNESS, LIGHTED ROAD",PARKED MOTOR VEHICLE,ONE-WAY,,STRAIGHT AND LEVEL,DRY,NO DEFECTS,ON SCENE,INJURY AND / OR TOW DUE TO CRASH,,,Y,"OVER $1,500",7/13/2023 1:45,UNABLE TO DETERMINE,UNABLE TO DETERMINE,2607,W,LE MOYNE ST,1423,,,,,,,5,NO INDICATION OF INJURY,0,0,0,0,0,1,0,1,5,7,41.90832749,-87.69240543,POINT (-87.692405428374 41.908327493195)
7b6061e0aee02d04fbb64d5383cd2d70cf910c1e5184d7f5f119ec5c5c51c678ca433dcb5255231285ee518a5ca272977d8cdc9c589e76397ed2a6f971e3bcc3,JG339993,,7/13/2023 16:20,30,TRAFFIC SIGNAL,FUNCTIONING PROPERLY,UNKNOWN,UNKNOWN,REAR END,FOUR WAY,,STRAIGHT AND LEVEL,UNKNOWN,UNKNOWN,NOT ON SCENE (DESK REPORT),NO INJURY / DRIVE AWAY,,,,"OVER $1,500",7/13/2023 21:00,UNABLE TO DETERMINE,UNABLE TO DETERMINE,6654,S,HALSTED ST,723,,Y,,,,,2,NO INDICATION OF INJURY,0,0,0,0,0,2,0,16,5,7,41.77263465,-87.64474767,POINT (-87.644747668906 41.772634644852)
7d03d3f1bbf4e125e8268e0ea464e959448cd13893c85b97dd39c44a244a7a1ab7f35249e2c754c47d91b0495f9ae2411a3b54612a7fa5c2efd094ffe67f2c40,JG340151,,7/13/2023 23:00,30,UNKNOWN,UNKNOWN,CLEAR,"DARKNESS, LIGHTED ROAD",FIXED OBJECT,ONE-WAY,,STRAIGHT AND LEVEL,DRY,UNKNOWN,ON SCENE,NO INJURY / DRIVE AWAY,,Y,,"OVER $1,500",7/13/2023 23:00,IMPROPER BACKING,NOT APPLICABLE,3537,S,HOYNE AVE,912,,,,,,,2,NO INDICATION OF INJURY,0,0,0,0,0,1,0,23,5,7,41.82925378,-87.67754441,POINT (-87.677544406685 41.829253775637)
7d201c7f89d989f3c7c11dfe8d3492c5c39664e0c432d5f6999ba06676ac86a195ef5609feaa9b81460b949ef5c2dec9c18cbe8356bd3752848aa20042be757d,JG339017,,7/13/2023 7:34,15,NO CONTROLS,NO CONTROLS,CLEAR,DAYLIGHT,PARKED MOTOR VEHICLE,PARKING LOT,,STRAIGHT AND LEVEL,DRY,NO DEFECTS,ON SCENE,NO INJURY / DRIVE AWAY,,Y,Y,"$501 - $1,500",7/13/2023 9:36,IMPROPER BACKING,IMPROPER BACKING,3709,N,HARLEM AVE,1632,,,,,,,2,NO INDICATION OF INJURY,0,0,0,0,0,2,0,7,5,7,41.94739919,-87.80693252,POINT (-87.806932522222 41.947399190997)
7dccdee4de7ad8b42b6b4e8f439d83690a3bd564e6c73ffca390eb982eafe4ab4e513fc697c6a65abfc665d264ceca0614a284d78bed79c08a44ddc3655f872a,JG338990,,7/13/2023 8:20,30,TRAFFIC SIGNAL,FUNCTIONING PROPERLY,CLEAR,DAYLIGHT,TURNING,FOUR WAY,,STRAIGHT AND LEVEL,DRY,NO DEFECTS,ON SCENE,INJURY AND / OR TOW DUE TO CRASH,Y,,,"OVER $1,500",7/13/2023 8:45,UNABLE TO DETERMINE,UNABLE TO DETERMINE,4100,S,STATE ST,213,,,,,,,2,INCAPACITATING INJURY,1,0,1,0,0,1,0,8,5,7,41.82006156,-87.62650822,POINT (-87.626508224077 41.820061559902)
7e919c2b10964d13e43623d0173dc3da8bb86f52a9a287970857706042b23a759670c5bfeec41cd2ec37da0189302262fb025e7b4400af99429aedc796cd2944,JG339689,,7/13/2023 17:12,40,NO CONTROLS,NO CONTROLS,CLEAR,DAYLIGHT,SIDESWIPE SAME DIRECTION,OTHER,,STRAIGHT AND LEVEL,DRY,NO DEFECTS,NOT ON SCENE (DESK REPORT),NO INJURY / DRIVE AWAY,,,,"OVER $1,500",7/13/2023 17:17,IMPROPER LANE USAGE,FAILING TO YIELD RIGHT-OF-WAY,908,W,BRYN MAWR AVE,2022,N,,,,,,2,NO INDICATION OF INJURY,0,0,0,0,0,5,0,17,5,7,41.98398963,-87.65267066,POINT (-87.652670658854 41.983989631776)
7f7bd24d2518727c8174e67e5b3d25df1d35233254b8b2ad52219aa7b88db9d4ac1173b05a5b08a36ff04eb7b1c839b29137f61b43d4058419e510724595dc76,JG338782,,7/13/2023 4:40,30,NO CONTROLS,NO CONTROLS,CLEAR,"DARKNESS, LIGHTED ROAD",PARKED MOTOR VEHICLE,NOT DIVIDED,,STRAIGHT AND LEVEL,DRY,NO DEFECTS,ON SCENE,NO INJURY / DRIVE AWAY,,,,$500 OR LESS,7/13/2023 4:42,FAILING TO REDUCE SPEED TO AVOID CRASH,NOT APPLICABLE,1331,W,ARGYLE ST,2033,,,,,,,2,NO INDICATION OF INJURY,0,0,0,0,0,1,0,4,5,7,41.97250611,-87.66346871,POINT (-87.663468709324 41.972506106831)
80deeeefb5c47e3c6517b5cf62408643a14e490f6cdad3a58e345b2a5085e911a705f337b4b0fac0aa77dbf0518af10371e413fa8decef0176b7696bdf8fe5bb,JG339296,,7/13/2023 13:00,30,NO CONTROLS,NO CONTROLS,CLEAR,DAYLIGHT,REAR END,NOT DIVIDED,,STRAIGHT AND LEVEL,DRY,NO DEFECTS,ON SCENE,INJURY AND / OR TOW DUE TO CRASH,,,,"OVER $1,500",7/13/2023 13:00,FOLLOWING TOO CLOSELY,FOLLOWING TOO CLOSELY,5200,W,FULLERTON AVE,2515,,,,,,,3,NO INDICATION OF INJURY,0,0,0,0,0,3,0,13,5,7,41.9242158,-87.75621076,POINT (-87.756210754589 41.924215797231)
811a02a6a3f39b6646d385c47954bf718d8ce13bfe2b2d7bb278879be639d62d50803153864bf7f7e674e2383a63ae2233d95c36ed6e28afc833f358decaaffc,JG339410,,7/13/2023 14:20,30,NO CONTROLS,NO CONTROLS,CLEAR,DAYLIGHT,SIDESWIPE SAME DIRECTION,NOT DIVIDED,,STRAIGHT AND LEVEL,DRY,NO DEFECTS,NOT ON SCENE (DESK REPORT),NO INJURY / DRIVE AWAY,,,,"$501 - $1,500",7/13/2023 14:40,IMPROPER OVERTAKING/PASSING,IMPROPER OVERTAKING/PASSING,6832,N,HARLEM AVE,1611,,,,,,,2,NO INDICATION OF INJURY,0,0,0,0,0,2,0,14,5,7,42.00542788,-87.806855,POINT (-87.806854999751 42.005427877298)
81457bf5b440db7120d9042081332f1fc57b728da37b46d99b7c7013138f1438a69f3157858f2a5308f397298a0151e92bed7b59bcc1b76a4e1d3783e57ff703,JG344486,Y,7/13/2023 22:00,30,NO CONTROLS,NO CONTROLS,UNKNOWN,UNKNOWN,PARKED MOTOR VEHICLE,NOT DIVIDED,,STRAIGHT AND LEVEL,UNKNOWN,NO DEFECTS,NOT ON SCENE (DESK REPORT),NO INJURY / DRIVE AWAY,,,Y,"OVER $1,500",7/17/2023 11:45,UNABLE TO DETERMINE,NOT APPLICABLE,1442,W,POTOMAC AVE,1433,,,,,,,2,NO INDICATION OF INJURY,0,0,0,0,0,1,0,22,5,7,41.90529358,-87.6643685,POINT (-87.664368502151 41.905293580252)
8344f37179fa1d8a656d795edb5625a5e7c9a3435c76ac50303f37b9baf7370d641cd926be1fb5244c4a568c543ac936c4d1299c2b53520ddb30a59296126b12,JG347677,Y,7/13/2023 10:00,15,NO CONTROLS,NO CONTROLS,CLEAR,DAYLIGHT,PARKED MOTOR VEHICLE,NOT DIVIDED,,STRAIGHT AND LEVEL,DRY,NO DEFECTS,NOT ON SCENE (DESK REPORT),NO INJURY / DRIVE AWAY,,,,"OVER $1,500",7/19/2023 17:17,IMPROPER BACKING,NOT APPLICABLE,3218,N,MONTICELLO AVE,1732,,,,,,,2,NO INDICATION OF INJURY,0,0,0,0,0,1,0,10,5,7,41.93979635,-87.71879002,POINT (-87.718790023466 41.93979635105)
83d826b5b2031eafb64cd8ee512f55d1ad2d71b06ebfdd343fa3bbfba7a0e558bf8afb4ddf3c5297f1c3f755bfed7f31d56c2ef2ca7239b094b3d2282bf774d7,JG339745,,7/13/2023 16:30,45,NO CONTROLS,NO CONTROLS,CLEAR,DAYLIGHT,REAR END,DIVIDED - W/MEDIAN BARRIER,,"CURVE, LEVEL",UNKNOWN,UNKNOWN,NOT ON SCENE (DESK REPORT),NO INJURY / DRIVE AWAY,,,Y,"$501 - $1,500",7/13/2023 18:30,FAILING TO REDUCE SPEED TO AVOID CRASH,NOT APPLICABLE,5100,S,LAKE SHORE DR SB,234,,,,,,,2,NO INDICATION OF INJURY,0,0,0,0,0,2,0,16,5,7,41.80247042,-87.58177793,POINT (-87.581777927646 41.802470420281)
83de3b302adece557ccbe604f45c87bfbe1ab5400102dcc2f7df132b0aba948893790bba54c7f5c1ee6efb51466e8e4464cb31c321397fd28982af97ef299586,JG339586,,7/13/2023 15:28,35,TRAFFIC SIGNAL,FUNCTIONING PROPERLY,CLEAR,DAYLIGHT,SIDESWIPE SAME DIRECTION,DIVIDED - W/MEDIAN (NOT RAISED),,STRAIGHT AND LEVEL,DRY,NO DEFECTS,NOT ON SCENE (DESK REPORT),NO INJURY / DRIVE AWAY,Y,,,"OVER $1,500",7/13/2023 16:40,IMPROPER OVERTAKING/PASSING,UNABLE TO DETERMINE,7600,S,ASHLAND AVE,611,,,,,,,2,NO INDICATION OF INJURY,0,0,0,0,0,2,0,15,5,7,41.75571944,-87.66371778,POINT (-87.663717784195 41.755719440847)
84e6b3fd6e268d75f661df47702f978d2d7f5654f8e599daa9b87ea5685c67085b9119ff7c40929585a01801e5da451b71522247486cbd6e2a2c52e33eff9cc0,JG339165,,7/13/2023 10:30,30,NO CONTROLS,NO CONTROLS,CLEAR,DAYLIGHT,REAR END,NOT DIVIDED,,STRAIGHT AND LEVEL,DRY,NO DEFECTS,ON SCENE,NO INJURY / DRIVE AWAY,,,Y,"OVER $1,500",7/13/2023 11:33,UNABLE TO DETERMINE,UNABLE TO DETERMINE,2741,S,KEDZIE AVE,1033,,,,,,,2,NO INDICATION OF INJURY,0,0,0,0,0,2,0,10,5,7,41.84147871,-87.7048007,POINT (-87.704800702462 41.841478710862)
8517cc8b5ef219429ad6a6eb97c89ecfbfe4e96a82ae21602e166f548ff4817502331aea2df53bb6e9b83b6d32aba60a7cf44365d0add8a030c73eabe897f14c,JG338865,Y,7/13/2023 6:45,30,NO CONTROLS,NO CONTROLS,CLEAR,DAYLIGHT,SIDESWIPE SAME DIRECTION,NOT DIVIDED,,STRAIGHT AND LEVEL,DRY,NO DEFECTS,NOT ON SCENE (DESK REPORT),NO INJURY / DRIVE AWAY,,,,"OVER $1,500",7/13/2023 7:10,FAILING TO YIELD RIGHT-OF-WAY,IMPROPER OVERTAKING/PASSING,6700,N,DAMEN AVE,2412,,,,,,,2,NO INDICATION OF INJURY,0,0,0,0,0,2,0,6,5,7,42.00338923,-87.68046071,POINT (-87.68046070936 42.003389227846)
8523319b33ed5fdff1688e9c3f6688bf88a73ac77e089f9e9dbae2a6404121bfda47f8ae9077650721b21d5d882068fcbae7b057d382fac0f5055d80284a99bf,JG342176,,7/13/2023 17:30,30,TRAFFIC SIGNAL,FUNCTIONING PROPERLY,CLEAR,DAYLIGHT,SIDESWIPE SAME DIRECTION,NOT DIVIDED,,STRAIGHT AND LEVEL,DRY,NO DEFECTS,NOT ON SCENE (DESK REPORT),NO INJURY / DRIVE AWAY,,,Y,"$501 - $1,500",7/15/2023 14:25,IMPROPER LANE USAGE,UNABLE TO DETERMINE,189,N,MICHIGAN AVE,114,,,,,,,2,NO INDICATION OF INJURY,0,0,0,0,0,2,0,17,5,7,41.88545215,-87.62434811,POINT (-87.624348109434 41.885452149942)
864450213abc06912d8066e6a357d4b63c60e1d0c23d234eca8d5be002f8e123208dff5c82703f627de7e6ed3dea3768b9954f44f6d465983b2df312de094c1e,JG340315,,7/13/2023 21:07,15,NO CONTROLS,NO CONTROLS,UNKNOWN,"DARKNESS, LIGHTED ROAD",PARKED MOTOR VEHICLE,PARKING LOT,,STRAIGHT AND LEVEL,UNKNOWN,UNKNOWN,ON SCENE,NO INJURY / DRIVE AWAY,,Y,Y,"OVER $1,500",7/14/2023 7:17,UNABLE TO DETERMINE,UNABLE TO DETERMINE,9244,S,ASHLAND AVE,2221,,,,,,,2,NO INDICATION OF INJURY,0,0,0,0,0,1,0,21,5,7,41.72533156,-87.66292296,POINT (-87.662922957238 41.725331556266)
887f1785a8497b9092fa1577b55e1da7239e270907370635aa00d29b68ca063de010f8003b6b9c0f27de0380128413c1e8db692adf5a1637ed06b6a2ec2c8480,JG339735,,7/13/2023 10:04,30,STOP SIGN/FLASHER,FUNCTIONING PROPERLY,CLEAR,DAYLIGHT,TURNING,FOUR WAY,,STRAIGHT AND LEVEL,DRY,NO DEFECTS,NOT ON SCENE (DESK REPORT),INJURY AND / OR TOW DUE TO CRASH,Y,,,"OVER $1,500",7/13/2023 18:15,IMPROPER TURNING/NO SIGNAL,"OPERATING VEHICLE IN ERRATIC, RECKLESS, CARELESS, NEGLIGENT OR AGGRESSIVE MANNER",1100,W,CATALPA AVE,2023,Y,,,,,,2,NONINCAPACITATING INJURY,1,0,0,1,0,1,0,10,5,7,41.98194008,-87.65807155,POINT (-87.658071545713 41.981940079446)
8888ffbb74d94b5cc09353110ee88bddbc7b416f15b319676c7d81508c26398f5b9347bb29c442f2983c646511b190e6f2d57136ed7ea0bbf83e8c1114a07bae,JG340075,,7/13/2023 23:10,30,TRAFFIC SIGNAL,FUNCTIONING PROPERLY,CLEAR,"DARKNESS, LIGHTED ROAD",ANGLE,FOUR WAY,,STRAIGHT AND LEVEL,DRY,NO DEFECTS,ON SCENE,INJURY AND / OR TOW DUE TO CRASH,Y,,Y,"$501 - $1,500",7/13/2023 23:43,DISREGARDING TRAFFIC SIGNALS,DISREGARDING TRAFFIC SIGNALS,4700,S,MICHIGAN AVE,224,,,,,,,3,NO INDICATION OF INJURY,0,0,0,0,0,2,0,23,5,7,41.80919351,-87.62297931,POINT (-87.62297930642 41.809193513201)
88be963e92cf8ab9b3038dbacf89f3b1b79dffeefae94102da4612498d899570aa301e411cce955bf3a85866989095f868135276e80a30a028acf74dfe2d34f7,JG339286,,7/13/2023 13:05,30,NO CONTROLS,NO CONTROLS,CLEAR,DAYLIGHT,REAR END,NOT DIVIDED,,STRAIGHT AND LEVEL,DRY,NO DEFECTS,ON SCENE,NO INJURY / DRIVE AWAY,,,,"OVER $1,500",7/13/2023 13:06,"VISION OBSCURED (SIGNS, TREE LIMBS, BUILDINGS, ETC.)",UNABLE TO DETERMINE,105,E,OAK ST,1833,,,,,,,2,NO INDICATION OF INJURY,0,0,0,0,0,2,0,13,5,7,41.90068457,-87.6254544,POINT (-87.62545440311 41.900684569821)