CRASH_RECORD_ID,RD_NO,CRASH_DATE_EST_I,CRASH_DATE,POSTED_SPEED_LIMIT,TRAFFIC_CONTROL_DEVICE,DEVICE_CONDITION,WEATHER_CONDITION,LIGHTING_CONDITION,FIRST_CRASH_TYPE,TRAFFICWAY_TYPE,LANE_CNT,ALIGNMENT,ROADWAY_SURFACE_COND,ROAD_DEFECT,REPORT_TYPE,CRASH_TYPE,INTERSECTION_RELATED_I,NOT_RIGHT_OF_WAY_I,HIT_AND_RUN_I,DAMAGE,DATE_POLICE_NOTIFIED,PRIM_CONTRIBUTORY_CAUSE,SEC_CONTRIBUTORY_CAUSE,STREET_NO,STREET_DIRECTION,STREET_NAME,BEAT_OF_OCCURRENCE,PHOTOS_TAKEN_I,STATEMENTS_TAKEN_I,DOORING_I,WORK_ZONE_I,WORK_ZONE_TYPE,WORKERS_PRESENT_I,NUM_UNITS,MOST_SEVERE_INJURY,INJURIES_TOTAL,INJURIES_FATAL,INJURIES_INCAPACITATING,INJURIES_NON_INCAPACITATING,INJURIES_REPORTED_NOT_EVIDENT,INJURIES_NO_INDICATION,INJURIES_UNKNOWN,CRASH_HOUR,CRASH_DAY_OF_WEEK,CRASH_MONTH,LATITUDE,LONGITUDE,LOCATION
88f9bdf3deee2a7661d2ad23d99141cc1ccb83ed8b61fe64409b92a6796c7d67223a556b6214362cecc6ee48dc2dcd7801cd7db11dfd64b92e95bc996c5e8051,JG339336,,7/13/2023 12:55,30,TRAFFIC SIGNAL,FUNCTIONING PROPERLY,CLEAR,DAYLIGHT,REAR END,NOT DIVIDED,,STRAIGHT AND LEVEL,DRY,UNKNOWN,NOT ON SCENE (DESK REPORT),NO INJURY / DRIVE AWAY,,,,"OVER $1,500",7/13/2023 13:40,FOLLOWING TOO CLOSELY,NOT APPLICABLE,1360,N,MILWAUKEE AVE,1424,,,,,,,2,NO INDICATION OF INJURY,0,0,0,0,0,2,0,12,5,7,41.90642912,-87.67151422,POINT (-87.671514214551 41.906429120514)
8c940c8c96717f862b11ffc25dfdf128b6b0ec74b351479fc5d14ef2f85987d0ef3cf38ada77faab153708e25737957d0942a6c33c7907797f3eacf35c508374,JG340811,,7/13/2023 17:00,35,NO CONTROLS,NO CONTROLS,CLEAR,DAYLIGHT,PEDALCYCLIST,NOT DIVIDED,,STRAIGHT AND LEVEL,DRY,NO DEFECTS,NOT ON SCENE (DESK REPORT),INJURY AND / OR TOW DUE TO CRASH,,,,$500 OR LESS,7/14/2023 14:30,FAILING TO YIELD RIGHT-OF-WAY,NOT APPLICABLE,3500,W,47TH ST,821,,,,,,,2,"REPORTED, NOT EVIDENT",1,0,0,0,1,1,0,17,5,7,41.80814466,-87.71100113,POINT (-87.711001130524 41.808144657193)
8d790842d6ac0ff6b45ecd2db4c1320a2eaf568d95dfa875dbb2924f6ea7b1757656d9201e22f511661549959b3873f41a0c12a5d918f451f3d1ebf07cab1fa2,JG339788,,7/13/2023 18:20,30,NO CONTROLS,NO CONTROLS,CLEAR,DAYLIGHT,PARKED MOTOR VEHICLE,ONE-WAY,,STRAIGHT AND LEVEL,DRY,NO DEFECTS,NOT ON SCENE (DESK REPORT),NO INJURY / DRIVE AWAY,,,,"$501 - $1,500",7/13/2023 18:50,UNABLE TO DETERMINE,NOT APPLICABLE,4542,N,SPAULDING AVE,1724,,,,,,,2,NO INDICATION OF INJURY,0,0,0,0,0,1,0,18,5,7,41.96425318,-87.71093686,POINT (-87.710936860384 41.964253183362)
8d9a815fbe27d9b989bc47fa3a1d3dba49314834d396d43dbab2b6706277201df3fc13a7c2fbc91efe2780747422e4b5ee80cb11c8207048c2838519350cc5c1,JG339433,,7/13/2023 14:00,30,TRAFFIC SIGNAL,FUNCTIONING PROPERLY,CLEAR,DAYLIGHT,SIDESWIPE SAME DIRECTION,FOUR WAY,,STRAIGHT AND LEVEL,DRY,UNKNOWN,ON SCENE,INJURY AND / OR TOW DUE TO CRASH,,,,"OVER $1,500",7/13/2023 14:54,FAILING TO YIELD RIGHT-OF-WAY,NOT APPLICABLE,5598,W,ROOSEVELT RD,1522,,,,,,,2,NO INDICATION OF INJURY,0,0,0,0,0,4,0,14,5,7,41.86571504,-87.76418261,POINT (-87.764182613481 41.865715039264)
8dd69f564b661298a79e7d264ebba8be6a1b75c11eaa583174f1211ecce526f59fd9c5164273a0b975b506b53895f1ff7fe990fb355e5f7b652bf2b7c3478878,JG340052,N,7/13/2023 19:20,10,NO CONTROLS,NO CONTROLS,CLEAR,DAYLIGHT,PARKED MOTOR VEHICLE,PARKING LOT,,STRAIGHT AND LEVEL,DRY,NO DEFECTS,NOT ON SCENE (DESK REPORT),NO INJURY / DRIVE AWAY,,Y,Y,"$501 - $1,500",7/13/2023 23:20,UNABLE TO DETERMINE,UNABLE TO DETERMINE,2002,S,WENTWORTH AVE,914,,,,,,,2,NO INDICATION OF INJURY,0,0,0,0,0,1,0,19,5,7,41.8552817,-87.63199264,POINT (-87.631992642294 41.855281703774)
8eff8a3c28594203e559d76f8e18c6c4f51484f547e7a4769f16a1f26a6d1ff569fca35d77c0b4fa5a3879c243d670e4dcfd6771407dad99d59d4975be659c4a,JG339973,,7/13/2023 13:00,25,TRAFFIC SIGNAL,UNKNOWN,CLEAR,DAYLIGHT,TURNING,DIVIDED - W/MEDIAN BARRIER,,STRAIGHT AND LEVEL,DRY,UNKNOWN,NOT ON SCENE (DESK REPORT),NO INJURY / DRIVE AWAY,Y,,,"OVER $1,500",7/13/2023 21:00,UNABLE TO DETERMINE,UNABLE TO DETERMINE,100,W,LOWER WACKER DR,122,,,,Y,UNKNOWN,,2,NO INDICATION OF INJURY,0,0,0,0,0,2,0,13,5,7,41.88706956,-87.63108158,POINT (-87.63108157829 41.887069556332)
8fd5e515a5019098e78ee2bb0d6bfaed9497c74c4adf083614feb489cfa2ea58e0f95d8a00fa84593782cd712dc1df314a23cf5ad42aff4a4e4d0d67f5b7b77b,JG338976,,7/13/2023 8:20,30,NO CONTROLS,NO CONTROLS,CLEAR,DAYLIGHT,ANGLE,DIVIDED - W/MEDIAN (NOT RAISED),,STRAIGHT AND LEVEL,DRY,NO DEFECTS,ON SCENE,INJURY AND / OR TOW DUE TO CRASH,,,,"OVER $1,500",7/13/2023 8:20,DRIVING SKILLS/KNOWLEDGE/EXPERIENCE,NOT APPLICABLE,209,E,103RD ST,512,,,,,,,2,NONINCAPACITATING INJURY,2,0,0,2,0,0,0,8,5,7,41.70713532,-87.61824173,POINT (-87.618241729934 41.707135321618)
8fefb1f980122cdcaff1d59e41be882f694825b36b139dbee42407f9c52ece064e457390d2da3b46806c1fb50b1cba8c3c93f5a6f07102e385099456233b2342,JG339684,,7/13/2023 6:30,30,NO CONTROLS,NO CONTROLS,CLEAR,DAYLIGHT,PARKED MOTOR VEHICLE,ONE-WAY,,STRAIGHT AND LEVEL,DRY,NO DEFECTS,NOT ON SCENE (DESK REPORT),NO INJURY / DRIVE AWAY,,,Y,$500 OR LESS,7/13/2023 17:30,UNABLE TO DETERMINE,NOT APPLICABLE,3413,N,KENTON AVE,1731,,,,,,,2,NO INDICATION OF INJURY,0,0,0,0,0,1,0,6,5,7,41.94298369,-87.74187739,POINT (-87.741877390904 41.942983691413)
8ff4368c17c50558061b35a8929b877a04c848fdf055257f5cb3c1a13bb5f3413489dccd3a0083bf1c1c86b54a931fb9fcdb245bc00b700385ee9d5a04fe8ce8,JG338761,,7/13/2023 3:10,10,NO CONTROLS,NO CONTROLS,CLEAR,DARKNESS,PARKED MOTOR VEHICLE,OTHER,,STRAIGHT AND LEVEL,DRY,NO DEFECTS,ON SCENE,NO INJURY / DRIVE AWAY,,Y,,$500 OR LESS,7/13/2023 3:24,UNABLE TO DETERMINE,UNABLE TO DETERMINE,6739,S,RIDGELAND AVE,332,,,,,,,2,NO INDICATION OF INJURY,0,0,0,0,0,1,0,3,5,7,41.77219225,-87.58247098,POINT (-87.582470981297 41.772192251627)
92856a670024e9dee6b87e284bba21168fce39308711ab28350e38d8aa38d42d01b18e5997bd7eba0de98cf82569d96d9ed6aa105069d5e1f3eb4c6f29634159,JG339347,,7/13/2023 13:30,30,TRAFFIC SIGNAL,FUNCTIONING PROPERLY,CLEAR,DAYLIGHT,ANGLE,FOUR WAY,,STRAIGHT AND LEVEL,DRY,NO DEFECTS,ON SCENE,INJURY AND / OR TOW DUE TO CRASH,Y,,,"OVER $1,500",7/13/2023 13:41,DRIVING SKILLS/KNOWLEDGE/EXPERIENCE,FAILING TO REDUCE SPEED TO AVOID CRASH,6000,W,63RD ST,812,,,,,,,2,"REPORTED, NOT EVIDENT",1,0,0,0,1,1,0,13,5,7,41.77797147,-87.7715589,POINT (-87.771558901904 41.777971470296)
941d097db1833f70b030ea8de45410908271f0cd620e22f409f1ca42dc3a384d74c7830b408557a361a097b7a6e9113721b3dc45a555a31fb89f940a3af9c778,JG339302,,7/13/2023 13:10,35,NO CONTROLS,NO CONTROLS,CLEAR,DAYLIGHT,TURNING,DIVIDED - W/MEDIAN (NOT RAISED),,"CURVE, LEVEL",DRY,NO DEFECTS,ON SCENE,INJURY AND / OR TOW DUE TO CRASH,Y,,,"OVER $1,500",7/13/2023 13:15,FAILING TO YIELD RIGHT-OF-WAY,NOT APPLICABLE,13000,S,DOTY AVE E,434,,,,,,,2,NONINCAPACITATING INJURY,1,0,0,1,0,1,0,13,5,7,41.66100781,-87.58608174,POINT (-87.586081736631 41.661007808554)
94d9e05f8f92274ac6c04e22144581dc0835897f55caa003d19519fe3c442bfd8a1bc0a5323c1c6a1ab54c60cdcbf377a3a49923911f38beb4259340b23f31cc,JG339520,,7/13/2023 15:40,30,NO CONTROLS,NO CONTROLS,CLEAR,DAYLIGHT,SIDESWIPE SAME DIRECTION,DIVIDED - W/MEDIAN (NOT RAISED),,STRAIGHT AND LEVEL,DRY,NO DEFECTS,ON SCENE,NO INJURY / DRIVE AWAY,,,Y,"OVER $1,500",7/13/2023 15:49,IMPROPER OVERTAKING/PASSING,UNABLE TO DETERMINE,5440,S,PULASKI RD,815,,,,,,,2,NO INDICATION OF INJURY,0,0,0,0,0,2,0,15,5,7,41.79381038,-87.72332231,POINT (-87.723322306018 41.793810380638)
93d4f5854fe7d063619f3620be5b6cedb8596035d9969fa8f4751f314422397947999723f67280bbdf1eb78bfd33573a65930e38891cc23c937f7d5df075a115,JG156979,,2/18/2023 8:32,35,NO CONTROLS,NO CONTROLS,CLEAR,DAYLIGHT,HEAD ON,NOT DIVIDED,,STRAIGHT AND LEVEL,WET,UNKNOWN,,INJURY AND / OR TOW DUE TO CRASH,,,,"OVER $1,500",2/18/2023 8:35,UNABLE TO DETERMINE,UNABLE TO DETERMINE,5155,W,GRAND AVE,2533,,,,,,,2,FATAL,3,1,0,2,0,0,0,8,7,2,41.91676691,-87.7550745,POINT (-87.755074499526 41.916766904542)
963016e0f861115fd64b41ca54717d4455bffaf710f0d69f4fefc486d789c11b3c840dda5896b7c95b0b65a3cb4d3b345491b06fa0212c249834cdd63100071e,JG339639,,7/13/2023 16:49,30,NO CONTROLS,NO CONTROLS,CLEAR,DAYLIGHT,PEDESTRIAN,NOT DIVIDED,,STRAIGHT AND LEVEL,DRY,NO DEFECTS,ON SCENE,INJURY AND / OR TOW DUE TO CRASH,,,Y,"$501 - $1,500",7/13/2023 16:50,UNABLE TO DETERMINE,UNABLE TO DETERMINE,7135,S,BLACKSTONE AVE,324,,,,,,,2,NONINCAPACITATING INJURY,1,0,0,1,0,1,0,16,5,7,41.7650205,-87.58838477,POINT (-87.588384764559 41.765020497743)
96b6320e56456fee43b6a68dedb36d1e84b7b658309e6539b8c18ac7bb12a46ac93b87873ffdd9122f15abb368488bfe10e05460615d4b9089b8e5669cc8d3ca,JG338963,,7/13/2023 8:47,30,UNKNOWN,FUNCTIONING PROPERLY,CLEAR,DAYLIGHT,SIDESWIPE SAME DIRECTION,DIVIDED - W/MEDIAN BARRIER,,STRAIGHT AND LEVEL,DRY,NO DEFECTS,ON SCENE,INJURY AND / OR TOW DUE TO CRASH,,,,"$501 - $1,500",7/13/2023 8:51,IMPROPER OVERTAKING/PASSING,NOT APPLICABLE,7228,S,STONY ISLAND AVE,324,,,,,,,2,"REPORTED, NOT EVIDENT",4,0,0,0,4,0,0,8,5,7,41.76336326,-87.5864023,POINT (-87.586402294939 41.763363264183)
9612a75fc29e64a773d903a4d8075c46a8336081f0fbaa8269c0854739c54f7aaf1963a3a687f302c89ea5b9fa4e52f4a7943841233def80dfe09c6c9b8e87f0,JG109467,,1/9/2023 8:00,30,NO CONTROLS,NO CONTROLS,CLEAR,DAYLIGHT,REAR END,ONE-WAY,,STRAIGHT AND LEVEL,DRY,NO DEFECTS,,NO INJURY / DRIVE AWAY,,,,"OVER $1,500",1/9/2023 9:15,UNABLE TO DETERMINE,NOT APPLICABLE,4169,W,ADDISON ST,1731,,,,,,,2,NO INDICATION OF INJURY,0,0,0,0,0,2,0,8,2,1,41.9462042,-87.73192399,POINT (-87.731923987094 41.946204196255)
970890df126005e84d1cc59bda0a3a4399776d72a95e1c2bee55efa6ff5ba278085fd24feb57a1920ca39c37946ac04c0e22c95eb11083851a8e4a288a5fc5e9,JG339544,,7/13/2023 14:10,35,NO CONTROLS,NO CONTROLS,CLEAR,DAYLIGHT,PARKED MOTOR VEHICLE,ONE-WAY,,STRAIGHT AND LEVEL,DRY,NO DEFECTS,NOT ON SCENE (DESK REPORT),NO INJURY / DRIVE AWAY,,,,"OVER $1,500",7/13/2023 16:15,IMPROPER BACKING,IMPROPER BACKING,60,E,WALTON ST,1833,,,,,,,2,NO INDICATION OF INJURY,0,0,0,0,0,3,0,14,5,7,41.90008586,-87.62604358,POINT (-87.62604357939 41.900085861679)
980f56370a2b01ec5ffc4950bf6608fd5c0b2890a70d33c4c75e9ed04b9036c01d9bcb57c85c7175fc5216a75a6705de5e60e599f174b8f631a2510395039b25,JG339877,,7/13/2023 18:45,20,NO CONTROLS,NO CONTROLS,CLEAR,DAYLIGHT,PARKED MOTOR VEHICLE,NOT DIVIDED,,STRAIGHT AND LEVEL,DRY,NO DEFECTS,ON SCENE,NO INJURY / DRIVE AWAY,,,,"OVER $1,500",7/13/2023 18:46,UNABLE TO DETERMINE,UNABLE TO DETERMINE,7148,W,WRIGHTWOOD AVE,2512,,,,,,,2,NO INDICATION OF INJURY,0,0,0,0,0,2,0,18,5,7,41.92725774,-87.8046926,POINT (-87.804692600539 41.927257742261)
9839b9de3e370be382ff187e1c37a3bc4a18e22429f1272de65e18cc2781c7d25c81467fd7fb00f05aedd0a1659c026833ded52c372a4d355aa4431ad8c6c4c4,JG339281,,7/13/2023 12:00,15,NO CONTROLS,NO CONTROLS,CLEAR,DAYLIGHT,PARKED MOTOR VEHICLE,PARKING LOT,,STRAIGHT AND LEVEL,DRY,NO DEFECTS,NOT ON SCENE (DESK REPORT),NO INJURY / DRIVE AWAY,,,,"OVER $1,500",7/13/2023 13:00,UNABLE TO DETERMINE,NOT APPLICABLE,8300,S,STEWART AVE,622,,,,,,,2,NO INDICATION OF INJURY,0,0,0,0,0,1,0,12,5,7,41.74339816,-87.63425177,POINT (-87.634251774458 41.74339815788)
98e5f5b5b56d7c8ae4af177c6c4e90dc4f45a59d00253ab89609e8048e081cad3d595fc13b08c5314765a4c92923e2f31de9964c99fa268955593a1dc8b37e5d,JG339542,,7/13/2023 15:24,30,NO CONTROLS,NO CONTROLS,CLEAR,DAYLIGHT,SIDESWIPE SAME DIRECTION,NOT DIVIDED,,STRAIGHT AND LEVEL,DRY,NO DEFECTS,ON SCENE,NO INJURY / DRIVE AWAY,,,,"$501 - $1,500",7/13/2023 15:25,UNABLE TO DETERMINE,UNABLE TO DETERMINE,399,E,87TH ST,632,,,,,,,2,NO INDICATION OF INJURY,0,0,0,0,0,2,0,15,5,7,41.7363921,-87.61460558,POINT (-87.614605583901 41.736392097414)
9706abb7f6dd590d1ea013f24def605e2c3020a1e4c16ee44f2f004a83a507198af2ab569df14e5c9fe615b0107e5aced42a43485c6294355651bb95a1debbf2,JD222629,,5/2/2020 19:04,30,NO CONTROLS,NO CONTROLS,CLEAR,"DARKNESS, LIGHTED ROAD",PARKED MOTOR VEHICLE,NOT DIVIDED,,STRAIGHT AND LEVEL,DRY,NO DEFECTS,,INJURY AND / OR TOW DUE TO CRASH,,,,"OVER $1,500",5/2/2020 20:18,UNABLE TO DETERMINE,NOT APPLICABLE,640,E,61ST ST,313,,,,,,,2,NO INDICATION OF INJURY,0,0,0,0,0,1,0,19,7,5,41.78410808,-87.60928505,POINT (-87.609285052303 41.784108076208)
99b2c02495509ec28f9fdf67123cbeb2738a113ba98f47aa41e672e87e39e098f6f1245790b69f858526e0a30da1670bb12f7c6e6d6e87f82426f577540cc620,JG339266,,7/13/2023 12:30,25,NO CONTROLS,NO CONTROLS,CLEAR,DAYLIGHT,PARKED MOTOR VEHICLE,NOT DIVIDED,,STRAIGHT AND LEVEL,DRY,NO DEFECTS,ON SCENE,INJURY AND / OR TOW DUE TO CRASH,,,,"$501 - $1,500",7/13/2023 12:45,UNABLE TO DETERMINE,UNABLE TO DETERMINE,1634,S,THROOP ST,1233,,,,,,,2,NO INDICATION OF INJURY,0,0,0,0,0,1,0,12,5,7,41.85867518,-87.65904353,POINT (-87.659043534364 41.858675176274)
99f5cd0bb4c6d9a06e19aaf41bf58a958b511c85637aef239291c07f8452dc0f5ec31f228207eca49dd6fa381b261d05e677c12f0670208e2ffa7886a90e97d8,JG339228,,7/13/2023 12:00,30,TRAFFIC SIGNAL,FUNCTIONING PROPERLY,CLEAR,DAYLIGHT,REAR END,NOT DIVIDED,,STRAIGHT AND LEVEL,WET,NO DEFECTS,NOT ON SCENE (DESK REPORT),NO INJURY / DRIVE AWAY,,,,"OVER $1,500",7/13/2023 12:20,FOLLOWING TOO CLOSELY,FOLLOWING TOO CLOSELY,200,E,MARQUETTE RD,322,,,,,,,2,NO INDICATION OF INJURY,0,0,0,0,0,2,0,12,5,7,41.77299193,-87.62021436,POINT (-87.620214363055 41.772991929062)
9a3ecc43b83d8764029fc836b2b94691319bc8d5ba6924d0b863d68308992b200e7a3b6d621cf7137b3c5da75060fb733762a55a790c82aa3789a60f4dd504ba,JG339657,,7/13/2023 16:45,25,NO CONTROLS,NO CONTROLS,CLEAR,DAYLIGHT,SIDESWIPE SAME DIRECTION,NOT DIVIDED,,STRAIGHT AND LEVEL,DRY,NO DEFECTS,NOT ON SCENE (DESK REPORT),NO INJURY / DRIVE AWAY,,,,"OVER $1,500",7/13/2023 17:30,IMPROPER LANE USAGE,IMPROPER LANE USAGE,15,W,51ST ST,225,,,,,,,2,NO INDICATION OF INJURY,0,0,0,0,0,2,0,16,5,7,41.80182893,-87.6265561,POINT (-87.626556098234 41.801828931885)
9a83e8f4572ea1101da949fbb0a3e12dda190abffbea35f7c8a030d452936293a0cfc782d1bdbf44d8f65da4c9955dfc85ccc6d0f18d0857ad67ebdc011910fd,JG338929,,7/13/2023 8:00,30,TRAFFIC SIGNAL,FUNCTIONING PROPERLY,CLEAR,DAYLIGHT,PEDALCYCLIST,FOUR WAY,,STRAIGHT AND LEVEL,DRY,NO DEFECTS,ON SCENE,INJURY AND / OR TOW DUE TO CRASH,Y,,,$500 OR LESS,7/13/2023 8:02,UNABLE TO DETERMINE,UNABLE TO DETERMINE,1600,N,DAMEN AVE,1434,,Y,,,,,2,"REPORTED, NOT EVIDENT",1,0,0,0,1,1,0,8,5,7,41.91058842,-87.67764382,POINT (-87.677643820277 41.91058842145)
9be1010e81a43a713838d52544cec44b9cacc10a545ce68e1dee614ba4e9273059d2448cbadaf439d6549a7a88281529eb9bb1d313bdbaf3904da7b1f22d7ced,JG339956,,7/13/2023 7:45,10,NO CONTROLS,NO CONTROLS,CLEAR,DAYLIGHT,PARKED MOTOR VEHICLE,NOT DIVIDED,,STRAIGHT AND LEVEL,DRY,NO DEFECTS,NOT ON SCENE (DESK REPORT),NO INJURY / DRIVE AWAY,,,Y,"OVER $1,500",7/13/2023 21:00,UNABLE TO DETERMINE,NOT APPLICABLE,6607,S,ST LOUIS AVE,831,,,,,,,2,NO INDICATION OF INJURY,0,0,0,0,0,1,0,7,5,7,41.77314874,-87.71012795,POINT (-87.710127953265 41.773148736647)
9c062be4fe08061059693270c861be8d81135e5439ceb79e9906a0500a933229d886ec033b2e7d5443de7398210d0fef036f63fc08529bdc60f17155eb7468f1,JG339095,,7/13/2023 11:00,30,NO CONTROLS,NO CONTROLS,CLEAR,DAYLIGHT,REAR END,NOT DIVIDED,,STRAIGHT AND LEVEL,DRY,NO DEFECTS,ON SCENE,NO INJURY / DRIVE AWAY,,,Y,"OVER $1,500",7/13/2023 11:05,FOLLOWING TOO CLOSELY,NOT APPLICABLE,2800,W,DEVON AVE,2412,,,,,,,2,NO INDICATION OF INJURY,0,0,0,0,0,2,0,11,5,7,41.99766952,-87.69970642,POINT (-87.699706423246 41.997669522861)
9ecd2cc8920cde51a09b0981a0c3e6c85f7a1c8bd29de71547202f1010fdb1a5a3deed6d30d4a9fc27c30ab2d29f19f2a5374bc494e37daa2900c5bc8961dc61,JG338825,Y,7/13/2023 5:45,35,UNKNOWN,UNKNOWN,UNKNOWN,UNKNOWN,PARKED MOTOR VEHICLE,UNKNOWN,,STRAIGHT AND LEVEL,UNKNOWN,UNKNOWN,NOT ON SCENE (DESK REPORT),NO INJURY / DRIVE AWAY,,,Y,"OVER $1,500",7/13/2023 6:20,UNABLE TO DETERMINE,UNABLE TO DETERMINE,800,E,48TH ST,223,,,,,,,2,NO INDICATION OF INJURY,0,0,0,0,0,1,0,5,5,7,41.80782679,-87.60641994,POINT (-87.606419938842 41.8078267887)
7a37db684c967b5a36ba938b013eb2a5e29d3e2e86318333d37cc243c3f3af22cdea67f7e18724b0e9bbba02370e8198a974f2d4ac01fb24951b134563dde01e,JE413829,Y,10/18/2021 12:05,20,NO CONTROLS,NO CONTROLS,CLEAR,DAYLIGHT,PARKED MOTOR VEHICLE,UNKNOWN,,STRAIGHT AND LEVEL,DRY,NO DEFECTS,ON SCENE,NO INJURY / DRIVE AWAY,,,Y,"$501 - $1,500",10/18/2021 12:10,UNABLE TO DETERMINE,UNABLE TO DETERMINE,1,W,TERMINAL ST,1651,,,,,,,2,NO INDICATION OF INJURY,0,0,0,0,0,1,0,12,2,10,,,
a08ca92179781ea9179c4ed8e03d539cbb174b672e20730520147ec78ffd7c8669abaa5a4b206c696eddc0407395f69273dbe546e1e8ff611a7aa0f9064c5b52,JG339148,,7/13/2023 11:14,15,NO CONTROLS,NO CONTROLS,CLEAR,DAYLIGHT,PEDESTRIAN,PARKING LOT,,STRAIGHT AND LEVEL,DRY,NO DEFECTS,ON SCENE,INJURY AND / OR TOW DUE TO CRASH,,Y,,"OVER $1,500",7/13/2023 11:14,FAILING TO REDUCE SPEED TO AVOID CRASH,NOT APPLICABLE,1520,W,FULLERTON AVE,1932,,,,,,,2,NONINCAPACITATING INJURY,1,0,0,1,0,1,0,11,5,7,41.92528231,-87.66661708,POINT (-87.666617077535 41.925282314355)
a1d890f53f227007752ec3b499b9604d637d82ac207b1b963defc2e50da41e61a52debfcea626d58fbdccac0704ae4247c21fbdc16ff2d61faec6a33dd347e5c,JG338887,,7/13/2023 7:44,30,OTHER,FUNCTIONING PROPERLY,CLEAR,DAYLIGHT,SIDESWIPE SAME DIRECTION,DIVIDED - W/MEDIAN (NOT RAISED),,STRAIGHT AND LEVEL,DRY,NO DEFECTS,ON SCENE,NO INJURY / DRIVE AWAY,,,,"OVER $1,500",7/13/2023 7:49,IMPROPER OVERTAKING/PASSING,FAILING TO YIELD RIGHT-OF-WAY,5516,W,NORTH AVE,2532,,,,,,,2,NO INDICATION OF INJURY,0,0,0,0,0,2,0,7,5,7,41.90950893,-87.76378793,POINT (-87.763787928547 41.909508932024)
a45141126de21a0101757f0d92340326c101c3cc44d801647fa9801cd8974dd3133b8c864f0cc26dda549f3499e1a326c307ecf0109ab752c35a11c5b7c698d6,JG339906,,7/13/2023 19:58,30,NO CONTROLS,NO CONTROLS,CLEAR,DUSK,PEDALCYCLIST,NOT DIVIDED,,STRAIGHT AND LEVEL,DRY,NO DEFECTS,ON SCENE,INJURY AND / OR TOW DUE TO CRASH,,,,"$501 - $1,500",7/13/2023 20:02,"OPERATING VEHICLE IN ERRATIC, RECKLESS, CARELESS, NEGLIGENT OR AGGRESSIVE MANNER",DRIVING ON WRONG SIDE/WRONG WAY,955,W,BELMONT AVE,1933,,,,,,,2,NONINCAPACITATING INJURY,1,0,0,1,0,2,0,19,5,7,41.93980795,-87.65367872,POINT (-87.653678720679 41.939807948919)
a82faf68c4ec6cb5f4da9f4722f18a6b37d4342bb70f73861ccbd4646029edf9cacae847a80d46c9da0d63530ff0fb5eb13d236aadb39a417f188f3bfeca84f0,JG339591,,7/13/2023 8:55,30,TRAFFIC SIGNAL,FUNCTIONING PROPERLY,CLEAR,DAYLIGHT,TURNING,NOT DIVIDED,,STRAIGHT AND LEVEL,WET,NO DEFECTS,NOT ON SCENE (DESK REPORT),NO INJURY / DRIVE AWAY,,,,"OVER $1,500",7/13/2023 16:15,UNABLE TO DETERMINE,UNABLE TO DETERMINE,600,S,KOSTNER AVE,1131,,,,,,,2,NO INDICATION OF INJURY,0,0,0,0,0,3,0,8,5,7,41.87349948,-87.73536819,POINT (-87.73536818697 41.873499482485)
a956318c7e37cbde968e715026201ed881326c037115f8ef9efedd5f1064f7424e2080d46c4b50ef1db60ffab9607849390268b6cfd3032bb0cff6d32ead161e,JG339222,,7/13/2023 12:05,30,OTHER REG. SIGN,FUNCTIONING PROPERLY,CLOUDY/OVERCAST,DAYLIGHT,REAR END,DIVIDED - W/MEDIAN (NOT RAISED),,STRAIGHT AND LEVEL,DRY,NO DEFECTS,NOT ON SCENE (DESK REPORT),NO INJURY / DRIVE AWAY,,,,$500 OR LESS,7/13/2023 12:20,FOLLOWING TOO CLOSELY,FAILING TO YIELD RIGHT-OF-WAY,5131,W,FULLERTON AVE,2522,,,,Y,CONSTRUCTION,,2,NO INDICATION OF INJURY,0,0,0,0,0,2,0,12,5,7,41.92401471,-87.75494988,POINT (-87.754949882275 41.924014708543)
7c474ad26651cd05ffd767727a16734cd7fcd465547eab1de6a5d8ac9cf8370e500a5f4d6b9b1b0cc6eee36557e8fa2454fe63b3f2d2dde6225d27bcc0493e2b,JA222557,,4/12/2017 18:20,30,NO CONTROLS,NO CONTROLS,CLEAR,DAWN,REAR END,NOT DIVIDED,,STRAIGHT AND LEVEL,DRY,NO DEFECTS,NOT ON SCENE (DESK REPORT),NO INJURY / DRIVE AWAY,,,Y,"OVER $1,500",4/12/2017 19:08,NOT APPLICABLE,NOT APPLICABLE,5535,S,KEDZIE AVE,824,,,,,,,2,NO INDICATION OF INJURY,0,0,0,0,0,2,0,18,4,4,41.7924666,-87.70338205,POINT (-87.703382053971 41.792466603609)
aa28a991525cf46cc76c6b96e009c21856216aa231f675b60cf29fc5bf92320e26d2081ba81f175189a7f84b3f0e947651758dcb27636ff3c6f3344a1e6e38d4,JG338729,,7/13/2023 1:36,30,TRAFFIC SIGNAL,UNKNOWN,CLEAR,"DARKNESS, LIGHTED ROAD",SIDESWIPE OPPOSITE DIRECTION,FOUR WAY,,STRAIGHT AND LEVEL,UNKNOWN,UNKNOWN,ON SCENE,INJURY AND / OR TOW DUE TO CRASH,Y,,,"OVER $1,500",7/13/2023 1:37,FAILING TO REDUCE SPEED TO AVOID CRASH,NOT APPLICABLE,414,S,KOSTNER AVE,1131,,,,,,,2,NONINCAPACITATING INJURY,2,0,0,2,0,4,0,1,5,7,41.87461461,-87.73540786,POINT (-87.735407854998 41.874614605274)