CRASH_RECORD_ID,RD_NO,CRASH_DATE_EST_I,CRASH_DATE,POSTED_SPEED_LIMIT,TRAFFIC_CONTROL_DEVICE,DEVICE_CONDITION,WEATHER_CONDITION,LIGHTING_CONDITION,FIRST_CRASH_TYPE,TRAFFICWAY_TYPE,LANE_CNT,ALIGNMENT,ROADWAY_SURFACE_COND,ROAD_DEFECT,REPORT_TYPE,CRASH_TYPE,INTERSECTION_RELATED_I,NOT_RIGHT_OF_WAY_I,HIT_AND_RUN_I,DAMAGE,DATE_POLICE_NOTIFIED,PRIM_CONTRIBUTORY_CAUSE,SEC_CONTRIBUTORY_CAUSE,STREET_NO,STREET_DIRECTION,STREET_NAME,BEAT_OF_OCCURRENCE,PHOTOS_TAKEN_I,STATEMENTS_TAKEN_I,DOORING_I,WORK_ZONE_I,WORK_ZONE_TYPE,WORKERS_PRESENT_I,NUM_UNITS,MOST_SEVERE_INJURY,INJURIES_TOTAL,INJURIES_FATAL,INJURIES_INCAPACITATING,INJURIES_NON_INCAPACITATING,INJURIES_REPORTED_NOT_EVIDENT,INJURIES_NO_INDICATION,INJURIES_UNKNOWN,CRASH_HOUR,CRASH_DAY_OF_WEEK,CRASH_MONTH,LATITUDE,LONGITUDE,LOCATION
aa4b28ad3c85917ed30957aca1665c86d116097b7899ee14f9ceed3c3b8a0567726989d2a413eb953a0575bfeca4b72f1e5c065ac71f69192b4d2159f78c4d5f,JG339937,,7/13/2023 20:15,30,NO CONTROLS,NO CONTROLS,CLEAR,DAYLIGHT,FIXED OBJECT,NOT DIVIDED,,STRAIGHT AND LEVEL,DRY,NO DEFECTS,ON SCENE,INJURY AND / OR TOW DUE TO CRASH,,,,"OVER $1,500",7/13/2023 20:20,DRIVING SKILLS/KNOWLEDGE/EXPERIENCE,UNABLE TO DETERMINE,4932,W,MONTROSE AVE,1623,,,,,,,1,INCAPACITATING INJURY,1,0,1,0,0,0,0,20,5,7,41.96078827,-87.75127215,POINT (-87.751272153796 41.960788268723)
ab513ded87cce45a6b08425e268c61c7fb746a8631e0062c24bd7632e8a1d23446bfc204085a342c5c45867e4d6d8e31400816a907955a49d791e3f17a6e6c93,JG338933,,7/13/2023 8:03,30,TRAFFIC SIGNAL,FUNCTIONING PROPERLY,CLEAR,DAYLIGHT,ANGLE,NOT DIVIDED,,STRAIGHT AND LEVEL,DRY,NO DEFECTS,NOT ON SCENE (DESK REPORT),NO INJURY / DRIVE AWAY,Y,,,"OVER $1,500",7/13/2023 8:04,DISREGARDING TRAFFIC SIGNALS,NOT APPLICABLE,7098,S,SOUTH SHORE DR,331,,,,,,,2,NO INDICATION OF INJURY,0,0,0,0,0,2,0,8,5,7,41.76636542,-87.56662788,POINT (-87.566627879732 41.766365419233)
aba37762fee498f10f8a9a148feff5a1b2ed890d52dae692fedada31a955a5b1e8081c198ade69bba7b849369ba988464b3b70d950f3f5dba4f0df99cd163cb0,JG338993,,7/13/2023 9:00,35,TRAFFIC SIGNAL,FUNCTIONING PROPERLY,CLEAR,DAYLIGHT,REAR END,FOUR WAY,,STRAIGHT AND LEVEL,DRY,NO DEFECTS,NOT ON SCENE (DESK REPORT),NO INJURY / DRIVE AWAY,,,,"OVER $1,500",7/13/2023 9:30,DISREGARDING TRAFFIC SIGNALS,NOT APPLICABLE,4347,W,CHICAGO AVE,1111,,,,,,,2,NO INDICATION OF INJURY,0,0,0,0,0,2,0,9,5,7,41.8950865,-87.73536768,POINT (-87.735367683382 41.895086495789)
adaed242cf822e6ee2e4a08370f7d8fd21486ad7b50231baea09b7a0aeb947e1b3836dacbf485ff2dd87e468a52e724f0baab0b35b9a4f1cab0d805d46d66e87,JG339719,,7/13/2023 16:50,30,NO CONTROLS,NO CONTROLS,CLEAR,DAYLIGHT,ANGLE,PARKING LOT,,STRAIGHT AND LEVEL,UNKNOWN,UNKNOWN,NOT ON SCENE (DESK REPORT),NO INJURY / DRIVE AWAY,,,,"$501 - $1,500",7/13/2023 17:45,UNABLE TO DETERMINE,NOT APPLICABLE,4400,W,DIVERSEY AVE,2523,,,,,,,2,NO INDICATION OF INJURY,0,0,0,0,0,2,0,16,5,7,41.93177005,-87.7368781,POINT (-87.736878102753 41.931770047674)
adf01dc5d2b09d1b14994b72b326fb6dae0d13bd28f398e78091af97c4916198ad342948b35577daea743d8ebc9ac852ecd035171c81056e93674e1b10b1c511,JG339604,,7/13/2023 16:39,35,UNKNOWN,UNKNOWN,CLEAR,DAYLIGHT,SIDESWIPE SAME DIRECTION,DIVIDED - W/MEDIAN (NOT RAISED),,STRAIGHT AND LEVEL,DRY,NO DEFECTS,ON SCENE,NO INJURY / DRIVE AWAY,,,,"OVER $1,500",7/13/2023 16:39,IMPROPER OVERTAKING/PASSING,FOLLOWING TOO CLOSELY,323,N,HALSTED ST,1214,,Y,,,,,2,NO INDICATION OF INJURY,0,0,0,0,0,2,0,16,5,7,41.88749826,-87.64738167,POINT (-87.647381666047 41.887498259933)
af6f350a16e66fdf897c7dc3ab3571a45141a60c3535ec39db4daed74a7df3606fe7a0bddb2337c3c22ce0dfe9f735a94bbbfb913e81db2a8cd64e08bc4001e5,JG339150,,7/13/2023 11:00,30,NO CONTROLS,NO CONTROLS,CLEAR,DAYLIGHT,PARKED MOTOR VEHICLE,ONE-WAY,,STRAIGHT AND LEVEL,DRY,NO DEFECTS,ON SCENE,NO INJURY / DRIVE AWAY,,,Y,"OVER $1,500",7/13/2023 11:01,UNABLE TO DETERMINE,NOT APPLICABLE,6042,W,BYRON ST,1633,,,,,,,3,NO INDICATION OF INJURY,0,0,0,0,0,1,0,11,5,7,41.95129654,-87.77842441,POINT (-87.778424409741 41.951296539876)
b3066cf5d42657a0af19d4f77fcd1319647ca0c3e6f1c76bb3cc7eaf61d6a08423b7502dfc628fff8d9602e1115bc2d95171f44664995d0c9b16d40bd8411cf9,JG339440,,7/13/2023 14:25,30,TRAFFIC SIGNAL,FUNCTIONING PROPERLY,CLEAR,DAYLIGHT,REAR END,FOUR WAY,,STRAIGHT AND LEVEL,DRY,UNKNOWN,ON SCENE,NO INJURY / DRIVE AWAY,,,,$500 OR LESS,7/13/2023 14:26,UNABLE TO DETERMINE,UNABLE TO DETERMINE,10701,W,HIGGINS RD,1654,,,,,,,3,NO INDICATION OF INJURY,0,0,0,0,0,5,0,14,5,7,,,
b453cf719d06a894721a3efcd8071f4c427553102f5c1be3349ecd06f6df2051233ce4a58d4748614ffd6539f8b673fa70905b7b28060147ba24e927260b1c24,JG340465,,7/13/2023 15:30,30,TRAFFIC SIGNAL,FUNCTIONING PROPERLY,UNKNOWN,DAYLIGHT,REAR END,DIVIDED - W/MEDIAN (NOT RAISED),,STRAIGHT AND LEVEL,UNKNOWN,UNKNOWN,NOT ON SCENE (DESK REPORT),INJURY AND / OR TOW DUE TO CRASH,,,,"OVER $1,500",7/14/2023 10:00,FOLLOWING TOO CLOSELY,NOT APPLICABLE,204,N,LARAMIE AVE,1523,,,,,,,2,"REPORTED, NOT EVIDENT",2,0,0,0,2,1,0,15,5,7,41.88450813,-87.75536403,POINT (-87.755364024825 41.884508129291)
b479fca0a40adacb84b2d16c9e465a86ab3c5da15c1856ec0ce918e1a0b601ad38d332c59b0d622d4be7961ad36e6861fdcd25d366592937ff6f882d9546c6d7,JG339371,,7/13/2023 13:50,30,NO CONTROLS,NO CONTROLS,CLEAR,DAYLIGHT,TURNING,FOUR WAY,,STRAIGHT AND LEVEL,DRY,UNKNOWN,ON SCENE,NO INJURY / DRIVE AWAY,,,,"OVER $1,500",7/13/2023 13:52,IMPROPER TURNING/NO SIGNAL,FAILING TO YIELD RIGHT-OF-WAY,1860,W,OGDEN AVE,1225,,,,,,,2,NO INDICATION OF INJURY,0,0,0,0,0,2,0,13,5,7,41.87559812,-87.67322575,POINT (-87.673225746253 41.875598121919)
b4b4627e46a85cd97853447c56c5cea4ff6f966a15998c2bbe8a9a461d455a2728e94b03de710120b21c05635ac3a271cc20bffc33bb09f4ddab7208d2834eb1,JG338937,,7/13/2023 8:00,30,TRAFFIC SIGNAL,FUNCTIONING PROPERLY,CLEAR,DAYLIGHT,REAR END,DIVIDED - W/MEDIAN (NOT RAISED),,STRAIGHT AND LEVEL,WET,NO DEFECTS,NOT ON SCENE (DESK REPORT),NO INJURY / DRIVE AWAY,Y,,,"OVER $1,500",7/13/2023 8:30,UNABLE TO DETERMINE,NOT APPLICABLE,5100,S,LAKE PARK AVE,234,,,,,,,2,NO INDICATION OF INJURY,0,0,0,0,0,3,0,8,5,7,41.80237973,-87.58797941,POINT (-87.587979406628 41.802379729614)
b6c29a0b8cda85dc839195e6aa9e9fd757c702d30d24d0d23e55836a8a22622c4e9bd748828551d69e783740b28c0c4fa505fa9347a42f669b83169492fca31b,JG339350,,7/13/2023 13:05,40,NO CONTROLS,NO CONTROLS,CLEAR,DAYLIGHT,SIDESWIPE SAME DIRECTION,DIVIDED - W/MEDIAN BARRIER,,STRAIGHT AND LEVEL,DRY,NO DEFECTS,ON SCENE,NO INJURY / DRIVE AWAY,,,,"OVER $1,500",7/13/2023 13:25,FAILING TO REDUCE SPEED TO AVOID CRASH,FAILING TO REDUCE SPEED TO AVOID CRASH,93,W,I190 EXPY,1654,,,,,,,2,NO INDICATION OF INJURY,0,0,0,0,0,3,0,13,5,7,,,
b5cb0819cca5b63a1f6a871c4076dc406668460ed43ef9a44c7d68bbb39cc6a865ff98de52d4574d60c5af023f3cfd28840ecbfa1b27fc1ce6fd67b1b98b8e4e,JG244077,,5/1/2023 14:30,30,STOP SIGN/FLASHER,NO CONTROLS,RAIN,DAYLIGHT,REAR END,NOT DIVIDED,,STRAIGHT AND LEVEL,WET,NO DEFECTS,,NO INJURY / DRIVE AWAY,,,Y,"$501 - $1,500",5/1/2023 14:55,FOLLOWING TOO CLOSELY,NOT APPLICABLE,1500,W,TAYLOR ST,1231,,,,,,,2,NO INDICATION OF INJURY,0,0,0,0,0,2,0,14,2,5,41.86940905,-87.66419709,POINT (-87.664197090165 41.869409054037)
b740423f8c627746be2fc66f17e8d4a4da554a2bb57aec3b8c1bb22220c8dab30314e5427b925d57b60a8475fa5a0666397fc820292fa37fcde92ebe0ca25a8a,JG338720,,7/13/2023 1:34,25,NO CONTROLS,NO CONTROLS,CLEAR,"DARKNESS, LIGHTED ROAD",PARKED MOTOR VEHICLE,NOT DIVIDED,,STRAIGHT AND LEVEL,UNKNOWN,UNKNOWN,ON SCENE,NO INJURY / DRIVE AWAY,,,,"$501 - $1,500",7/13/2023 1:34,UNABLE TO DETERMINE,NOT APPLICABLE,3009,W,DEVON AVE,2413,,,,,,,2,NO INDICATION OF INJURY,0,0,0,0,0,1,0,1,5,7,41.99735855,-87.70490786,POINT (-87.704907855145 41.997358549693)
b82c631aab2beb371020bb1a15677ed40d991b2a89c40de36614ee1b206332fd1533c2bd7c0aae53f7842f2f4e5c95d353a08807f2757ead233856423e76a6da,JG339830,,7/13/2023 15:45,35,STOP SIGN/FLASHER,FUNCTIONING PROPERLY,CLEAR,DAYLIGHT,TURNING,FOUR WAY,,STRAIGHT AND LEVEL,DRY,NO DEFECTS,NOT ON SCENE (DESK REPORT),NO INJURY / DRIVE AWAY,,,,"OVER $1,500",7/13/2023 19:30,UNABLE TO DETERMINE,UNABLE TO DETERMINE,340,N,LOWER MICHIGAN AVE,111,,,,,,,2,NO INDICATION OF INJURY,0,0,0,0,0,2,0,15,5,7,41.88784576,-87.62474279,POINT (-87.624742790729 41.887845762022)
b830ab7632fc92d49831d17219c9cbd6b587b442f9986427da46e0b85b8279181e85d45cbe584ab100ef4c39826cfd4601bc25f8a914b41542e10214a19b1ff8,JG339642,,7/13/2023 16:29,30,TRAFFIC SIGNAL,FUNCTIONING PROPERLY,CLEAR,DAYLIGHT,REAR END,DIVIDED - W/MEDIAN (NOT RAISED),,STRAIGHT AND LEVEL,DRY,NO DEFECTS,NOT ON SCENE (DESK REPORT),NO INJURY / DRIVE AWAY,,,,"OVER $1,500",7/13/2023 16:50,UNABLE TO DETERMINE,NOT APPLICABLE,503,W,MARQUETTE RD,722,,,,,,,2,NO INDICATION OF INJURY,0,0,0,0,0,2,0,16,5,7,41.77248191,-87.63734473,POINT (-87.637344726339 41.772481913998)
b92c040ab206e2965c64ebc6829f283323151192d72f8f80622b19749e255754255383bcd85058385b0a5d87b49be02a36f8aba54a188939de795433fb9dcf74,JG339142,,7/13/2023 10:55,30,TRAFFIC SIGNAL,FUNCTIONING PROPERLY,CLEAR,DAYLIGHT,TURNING,ONE-WAY,,STRAIGHT AND LEVEL,UNKNOWN,UNKNOWN,NOT ON SCENE (DESK REPORT),NO INJURY / DRIVE AWAY,,Y,,$500 OR LESS,7/13/2023 12:11,IMPROPER TURNING/NO SIGNAL,DRIVING SKILLS/KNOWLEDGE/EXPERIENCE,2500,W,WINNEMAC AVE,2031,,,,,,,2,NO INDICATION OF INJURY,0,0,0,0,0,2,0,10,5,7,41.97309723,-87.69151344,POINT (-87.691513442967 41.973097231459)
b97dcdf6856a3c56361cddf659af165d3746156daf0328320b375872ad26a9621d8e47a7154d2f410ebab4aaa398695cee55bd1fde4fca0cecc0dbbce194d410,JG338989,,7/13/2023 9:00,30,TRAFFIC SIGNAL,FUNCTIONING PROPERLY,CLEAR,DAYLIGHT,PARKED MOTOR VEHICLE,DIVIDED - W/MEDIAN (NOT RAISED),,STRAIGHT AND LEVEL,DRY,NO DEFECTS,ON SCENE,NO INJURY / DRIVE AWAY,Y,,,"OVER $1,500",7/13/2023 9:05,UNABLE TO DETERMINE,NOT APPLICABLE,1202,W,MONROE ST,1224,,,,,,,2,NO INDICATION OF INJURY,0,0,0,0,0,1,0,9,5,7,41.88043604,-87.65729989,POINT (-87.657299885822 41.88043603835)
ba1ce30b93cf545bf6c692ea97ed7bf1c3c756d8c6e0f0ce1f67dc4dfd1eb8a22c2f9330e997586f7c61ec9da63cd715c86d66cb42759e8c896394cdaaccec2d,JG341167,,7/13/2023 19:18,30,UNKNOWN,UNKNOWN,CLEAR,DAYLIGHT,SIDESWIPE SAME DIRECTION,NOT DIVIDED,,STRAIGHT AND LEVEL,UNKNOWN,UNKNOWN,NOT ON SCENE (DESK REPORT),NO INJURY / DRIVE AWAY,,,,"$501 - $1,500",7/14/2023 18:05,IMPROPER OVERTAKING/PASSING,UNABLE TO DETERMINE,2754,N,HAMPDEN CT,1935,,,,,,,2,NO INDICATION OF INJURY,0,0,0,0,0,2,0,19,5,7,41.93225932,-87.64256295,POINT (-87.642562946483 41.932259321291)
bab7886f0ae751db17d599e936221c4f81217bd05b646181eb9749176ce3ea5fb9e9edc40e760b2e0769c69c87c08f08349eecc4b6cd469c66133b86213ed7bd,JG339774,,7/13/2023 16:45,30,UNKNOWN,UNKNOWN,UNKNOWN,DAYLIGHT,SIDESWIPE SAME DIRECTION,DIVIDED - W/MEDIAN (NOT RAISED),,STRAIGHT AND LEVEL,UNKNOWN,UNKNOWN,NOT ON SCENE (DESK REPORT),NO INJURY / DRIVE AWAY,,,Y,"$501 - $1,500",7/13/2023 18:10,UNABLE TO DETERMINE,NOT APPLICABLE,501,S,COLUMBUS DR,114,,,,,,,2,NO INDICATION OF INJURY,0,0,0,0,0,2,0,16,5,7,41.87570882,-87.62044304,POINT (-87.62044304114 41.87570882172)
bac60e4414ab601a2f894c40d724d60b3682351e792a0d3791e6d0a774f33dfea330c71b321d61f4c722933bf5dc4aa688793e973e82550ef9aa7cf224056a45,JG339323,,7/13/2023 9:50,30,TRAFFIC SIGNAL,FUNCTIONING PROPERLY,CLEAR,DAYLIGHT,REAR END,DIVIDED - W/MEDIAN (NOT RAISED),,STRAIGHT AND LEVEL,DRY,NO DEFECTS,NOT ON SCENE (DESK REPORT),NO INJURY / DRIVE AWAY,,,,"OVER $1,500",7/13/2023 13:30,UNABLE TO DETERMINE,UNABLE TO DETERMINE,2009,W,FOSTER AVE,2032,,,,,,,2,NO INDICATION OF INJURY,0,0,0,0,0,2,0,9,5,7,41.97591673,-87.67982514,POINT (-87.679825141974 41.975916728407)
bd26d081b619f171fce959b59c6b4681ef30c613b9739778bb68b6bc38f9ee231a1793f366ebfc1528fcfb3de6e81a29553025bd6664e10e43353ae482845b47,JG339007,,7/13/2023 9:27,20,TRAFFIC SIGNAL,FUNCTIONING PROPERLY,CLEAR,DAYLIGHT,PARKED MOTOR VEHICLE,NOT DIVIDED,,STRAIGHT AND LEVEL,DRY,NO DEFECTS,ON SCENE,INJURY AND / OR TOW DUE TO CRASH,,,N,"$501 - $1,500",7/13/2023 9:27,"OPERATING VEHICLE IN ERRATIC, RECKLESS, CARELESS, NEGLIGENT OR AGGRESSIVE MANNER",DRIVING SKILLS/KNOWLEDGE/EXPERIENCE,1151,W,COLUMBIA AVE,2432,,,,,,,2,NO INDICATION OF INJURY,0,0,0,0,0,1,0,9,5,7,42.00451279,-87.66049313,POINT (-87.660493125708 42.004512787827)
be51e7eb2fb8008dee7171219879927f4d13ce552f57fb808200837e6bd7b99b564d32fb6e56590f9bf7ab8fc6bcd142d27c0f4d098b8187eb52b8891e22cec1,JG340801,,7/13/2023 20:01,30,TRAFFIC SIGNAL,FUNCTIONING PROPERLY,CLEAR,"DARKNESS, LIGHTED ROAD",TURNING,DIVIDED - W/MEDIAN BARRIER,,STRAIGHT AND LEVEL,DRY,NO DEFECTS,NOT ON SCENE (DESK REPORT),NO INJURY / DRIVE AWAY,Y,,,"OVER $1,500",7/14/2023 14:30,IMPROPER TURNING/NO SIGNAL,IMPROPER TURNING/NO SIGNAL,321,S,WACKER DR,122,,,,,,,2,NO INDICATION OF INJURY,0,0,0,0,0,2,0,20,5,7,41.87756374,-87.63651458,POINT (-87.63651457548 41.877563737195)
be9ad626c444facdb40df9e6c4ebb3f64ce57351cc1ac8622a6a65b38918d3ab491b9f206accbfc5af1a16d76ba1c9589aabc8d2edbe58cffe99e50f1103e505,JG339355,,7/13/2023 13:16,20,NO CONTROLS,NO CONTROLS,CLEAR,DAYLIGHT,PARKED MOTOR VEHICLE,PARKING LOT,,STRAIGHT AND LEVEL,DRY,NO DEFECTS,ON SCENE,NO INJURY / DRIVE AWAY,,,Y,"OVER $1,500",7/13/2023 13:22,IMPROPER BACKING,NOT APPLICABLE,3201,W,26TH ST,1032,,,,,,,2,NO INDICATION OF INJURY,0,0,0,0,0,1,0,13,5,7,41.84440733,-87.70509985,POINT (-87.705099849405 41.844407330023)
c009786e05b48bc463a915b2502512d478deff6d679c2c1015abe196ed21cd616e3d67ecd9589e3deb1f595fcf0d21076fa26c06e87844b8a7318325d5697e68,JG339957,Y,7/13/2023 20:35,35,TRAFFIC SIGNAL,FUNCTIONING PROPERLY,CLEAR,"DARKNESS, LIGHTED ROAD",ANGLE,NOT DIVIDED,,STRAIGHT AND LEVEL,DRY,NO DEFECTS,ON SCENE,NO INJURY / DRIVE AWAY,Y,,Y,"OVER $1,500",7/13/2023 20:40,UNABLE TO DETERMINE,UNABLE TO DETERMINE,5052,N,AUSTIN AVE,1622,,,,,,,2,NO INDICATION OF INJURY,0,0,0,0,0,2,0,20,5,7,41.97352108,-87.77837123,POINT (-87.77837123329 41.973521083726)
c0158248745eea9fa7e1faaf60705196316c2f0cedfb7fc8880b9d7071d638e272055441655535bb720b3624794f8833a3c412dee8507b7f656c26667c7aa685,JG339213,,7/13/2023 12:10,30,TRAFFIC SIGNAL,FUNCTIONING PROPERLY,CLOUDY/OVERCAST,DAYLIGHT,PEDALCYCLIST,FOUR WAY,,STRAIGHT AND LEVEL,DRY,NO DEFECTS,ON SCENE,INJURY AND / OR TOW DUE TO CRASH,Y,,,$500 OR LESS,7/13/2023 12:15,FAILING TO YIELD RIGHT-OF-WAY,NOT APPLICABLE,800,W,MONTROSE AVE,1914,,,,,,,2,NONINCAPACITATING INJURY,1,0,0,1,0,1,0,12,5,7,41.9619521,-87.64997733,POINT (-87.649977333109 41.961952099022)
c36a8288b0ef89cf9fe859ae9926cc54a2cc20bf337f72cd7f2ae0ff19eb33c8e3d7085215a070eae2de75235827918e5bf2695f9196d559c6bfb88e8850122b,JG339085,,7/13/2023 10:18,30,TRAFFIC SIGNAL,FUNCTIONING PROPERLY,CLEAR,DAYLIGHT,REAR TO FRONT,DIVIDED - W/MEDIAN (NOT RAISED),,STRAIGHT AND LEVEL,DRY,NO DEFECTS,ON SCENE,NO INJURY / DRIVE AWAY,Y,,Y,"OVER $1,500",7/13/2023 10:18,IMPROPER BACKING,NOT APPLICABLE,1606,E,79TH ST,411,,,,,,,2,NO INDICATION OF INJURY,0,0,0,0,0,2,0,10,5,7,41.75161085,-87.58536755,POINT (-87.585367544712 41.751610849697)
c3db795264a8876a3b46d18fc5a953378a5ad7fa516b1792e88834741812e6c140710d78be94de428ffa1f6e2800557211cb9a1d2376f6879267b1fc48801c58,JG339935,,7/13/2023 19:11,5,NO CONTROLS,NO CONTROLS,CLEAR,DAWN,ANGLE,ALLEY,,STRAIGHT AND LEVEL,DRY,UNKNOWN,NOT ON SCENE (DESK REPORT),NO INJURY / DRIVE AWAY,,Y,,$500 OR LESS,7/13/2023 20:30,UNABLE TO DETERMINE,UNABLE TO DETERMINE,2630,W,22ND PL,1034,,,,,,,2,NO INDICATION OF INJURY,0,0,0,0,0,2,0,19,5,7,41.85114625,-87.69178354,POINT (-87.691783544074 41.85114625158)
c4259e87865a0822f4029c52d9ef213f9f84a7613fdc63e6b575cdf04be5036462e23a7b44953ead6d7569222fe226a73f01b1b7d785df7671601e5f2ebae8cf,JG339773,,7/13/2023 17:31,30,NO CONTROLS,NO CONTROLS,CLEAR,DAYLIGHT,PARKED MOTOR VEHICLE,ONE-WAY,,STRAIGHT AND LEVEL,DRY,NO DEFECTS,NOT ON SCENE (DESK REPORT),NO INJURY / DRIVE AWAY,,,,$500 OR LESS,7/13/2023 18:30,IMPROPER BACKING,IMPROPER BACKING,5319,S,JUSTINE ST,934,,,,,,,2,NO INDICATION OF INJURY,0,0,0,0,0,1,0,17,5,7,41.79709332,-87.6633058,POINT (-87.663305801643 41.797093320554)
c4d06f6022a07b915af9b2687517526f74bf4c677a4a437d107fca1803a35f1d62344db8ccb8961769f59ed6430f113d547b5f1c3c2aa18b3ab69f538d20557c,JG341180,Y,7/13/2023 18:30,30,NO CONTROLS,NO CONTROLS,CLEAR,UNKNOWN,PARKED MOTOR VEHICLE,NOT DIVIDED,,STRAIGHT AND LEVEL,DRY,NO DEFECTS,NOT ON SCENE (DESK REPORT),NO INJURY / DRIVE AWAY,,,Y,"$501 - $1,500",7/14/2023 18:20,UNABLE TO DETERMINE,UNABLE TO DETERMINE,9716,S,AVENUE J,432,,,,,,,2,NO INDICATION OF INJURY,0,0,0,0,0,1,0,18,5,7,41.7190328,-87.53422383,POINT (-87.534223832545 41.71903279853)
c5af79edf6a41d387d6d6d7181593d4014b59ee57615dd719ce9b6d1905ac2b75d5b045845cf5fc1a902be1e7ace4b4441cf647db9af52ea2437970db47a12e4,JG339627,,7/13/2023 16:48,30,NO CONTROLS,NO CONTROLS,CLEAR,DAYLIGHT,PARKED MOTOR VEHICLE,NOT DIVIDED,,STRAIGHT AND LEVEL,DRY,NO DEFECTS,ON SCENE,NO INJURY / DRIVE AWAY,,,,$500 OR LESS,7/13/2023 16:49,IMPROPER TURNING/NO SIGNAL,NOT APPLICABLE,1216,W,PRATT BLVD,2431,,,,,,,2,NO INDICATION OF INJURY,0,0,0,0,0,1,0,16,5,7,42.00563911,-87.66167267,POINT (-87.661672673248 42.005639113672)
c5af7f8d504c95d7dfd1371ca1843fc341d78bf178fa1fa418fd28503bc800597a660b80a4737845d95049f8c100470bb705f5cae10578cfaead191371dc46b8,JG339887,Y,7/13/2023 10:00,30,NO CONTROLS,NO CONTROLS,CLEAR,DAYLIGHT,PARKED MOTOR VEHICLE,PARKING LOT,,STRAIGHT AND LEVEL,DRY,NO DEFECTS,NOT ON SCENE (DESK REPORT),NO INJURY / DRIVE AWAY,,,Y,$500 OR LESS,7/13/2023 19:55,UNABLE TO DETERMINE,UNABLE TO DETERMINE,4100,N,LONG AVE,1624,,,,,,,2,NO INDICATION OF INJURY,0,0,0,0,0,1,0,10,5,7,41.95510787,-87.76228458,POINT (-87.762284581398 41.955107867673)
c4ac4ec8cd421b956afdbe30c6165239ee5a563fa0cf822f937f2eef9707289cf82d23dda773070794368e64b79f3854206f91b943253e2e63647c26dd2db255,JG275990,,5/26/2023 12:55,45,NO CONTROLS,NO CONTROLS,CLEAR,DAYLIGHT,SIDESWIPE SAME DIRECTION,DIVIDED - W/MEDIAN BARRIER,,STRAIGHT AND LEVEL,DRY,NO DEFECTS,,NO INJURY / DRIVE AWAY,,,,"$501 - $1,500",5/26/2023 12:55,IMPROPER LANE USAGE,NOT APPLICABLE,735,N,LAKE SHORE DR,1833,,,,,,,2,NO INDICATION OF INJURY,0,0,0,0,0,3,0,12,6,5,41.89602943,-87.61633768,POINT (-87.616337683868 41.896029432853)
c5b158fee2544e924a42002e76993216dabf70a56461a1723cdbbf5d4b290cc264382b93bb089082a95448645ad63d9c432ba3cc6d48a170f3ef500f8fb90ded,JG339742,,7/13/2023 17:30,30,NO CONTROLS,NO CONTROLS,CLEAR,DAYLIGHT,SIDESWIPE SAME DIRECTION,NOT DIVIDED,,STRAIGHT AND LEVEL,DRY,NO DEFECTS,NOT ON SCENE (DESK REPORT),NO INJURY / DRIVE AWAY,,,,"$501 - $1,500",7/13/2023 18:12,IMPROPER OVERTAKING/PASSING,NOT APPLICABLE,3751,S,CALIFORNIA AVE,911,,,,,,,2,NO INDICATION OF INJURY,0,0,0,0,0,4,0,17,5,7,41.82491333,-87.69452335,POINT (-87.694523348798 41.824913331835)
c64a3cf627a3f5da0a01d584ac0e0d766ee7136e7bdf6322a5c30723c82e266e7f3dcc18666973bd38c5cfa5bcb2e9a00a4a361b0fd8c27f356526700bb0cae3,JG339525,,7/13/2023 15:52,30,STOP SIGN/FLASHER,FUNCTIONING PROPERLY,CLEAR,DAYLIGHT,REAR END,FOUR WAY,,STRAIGHT AND LEVEL,DRY,NO DEFECTS,ON SCENE,NO INJURY / DRIVE AWAY,,,,"OVER $1,500",7/13/2023 15:52,FAILING TO YIELD RIGHT-OF-WAY,NOT APPLICABLE,699,W,79TH ST,621,,,,,,,3,NO INDICATION OF INJURY,0,0,0,0,0,3,0,15,5,7,41.75056977,-87.64153874,POINT (-87.641538740103 41.750569772447)
c6db175a1fc145cdac59a0adb656b62dac613f5337e56062ca1ff20c371b1c30041ae4ac229989ab2637458ea32bfdf6cabab936ef6f397271c07f7ba30b818a,JG339588,,7/13/2023 11:00,30,NO CONTROLS,NO CONTROLS,CLEAR,DAYLIGHT,PARKED MOTOR VEHICLE,ONE-WAY,,STRAIGHT AND LEVEL,DRY,NO DEFECTS,NOT ON SCENE (DESK REPORT),NO INJURY / DRIVE AWAY,,,Y,"OVER $1,500",7/13/2023 16:29,UNABLE TO DETERMINE,UNABLE TO DETERMINE,6232,S,KILPATRICK AVE,813,,,,,,,2,NO INDICATION OF INJURY,0,0,0,0,0,1,0,11,5,7,41.77928296,-87.74002051,POINT (-87.740020511824 41.779282960205)
c7df10ba3314594cf0609fdaa1d51a6ff009f55bf2ed60b9c7361b7eb7cc0e91c60cb3fd25df76f18d0bfc0670544f09b17cf6495c6bd3927b0bb24b42b8f168,JG339353,,7/13/2023 12:50,30,UNKNOWN,UNKNOWN,UNKNOWN,UNKNOWN,SIDESWIPE SAME DIRECTION,UNKNOWN,,STRAIGHT AND LEVEL,UNKNOWN,UNKNOWN,NOT ON SCENE (DESK REPORT),NO INJURY / DRIVE AWAY,,,,"OVER $1,500",7/13/2023 14:00,UNABLE TO DETERMINE,NOT APPLICABLE,4799,N,MILWAUKEE AVE,1623,,,,,,,2,NO INDICATION OF INJURY,0,0,0,0,0,2,0,12,5,7,41.96787622,-87.76057277,POINT (-87.760572769987 41.967876214603)