CRASH_RECORD_ID,RD_NO,CRASH_DATE_EST_I,CRASH_DATE,POSTED_SPEED_LIMIT,TRAFFIC_CONTROL_DEVICE,DEVICE_CONDITION,WEATHER_CONDITION,LIGHTING_CONDITION,FIRST_CRASH_TYPE,TRAFFICWAY_TYPE,LANE_CNT,ALIGNMENT,ROADWAY_SURFACE_COND,ROAD_DEFECT,REPORT_TYPE,CRASH_TYPE,INTERSECTION_RELATED_I,NOT_RIGHT_OF_WAY_I,HIT_AND_RUN_I,DAMAGE,DATE_POLICE_NOTIFIED,PRIM_CONTRIBUTORY_CAUSE,SEC_CONTRIBUTORY_CAUSE,STREET_NO,STREET_DIRECTION,STREET_NAME,BEAT_OF_OCCURRENCE,PHOTOS_TAKEN_I,STATEMENTS_TAKEN_I,DOORING_I,WORK_ZONE_I,WORK_ZONE_TYPE,WORKERS_PRESENT_I,NUM_UNITS,MOST_SEVERE_INJURY,INJURIES_TOTAL,INJURIES_FATAL,INJURIES_INCAPACITATING,INJURIES_NON_INCAPACITATING,INJURIES_REPORTED_NOT_EVIDENT,INJURIES_NO_INDICATION,INJURIES_UNKNOWN,CRASH_HOUR,CRASH_DAY_OF_WEEK,CRASH_MONTH,LATITUDE,LONGITUDE,LOCATION
c7fe6e7cff56815ff84c396a10801c98a02fa87a797ebec8445752301de39fe3dacdc5be51e34c96106c60b9d596d90a99b34d83a434171f07211a27a2917f56,JG339559,,7/13/2023 16:00,25,NO CONTROLS,NO CONTROLS,CLEAR,DAYLIGHT,REAR END,NOT DIVIDED,,STRAIGHT AND LEVEL,DRY,NO DEFECTS,ON SCENE,NO INJURY / DRIVE AWAY,,,,"OVER $1,500",7/13/2023 16:04,EQUIPMENT - VEHICLE CONDITION,UNABLE TO DETERMINE,306,S,HALSTED ST,1232,,Y,,,,,2,NO INDICATION OF INJURY,0,0,0,0,0,4,0,16,5,7,41.87772114,-87.64738599,POINT (-87.647385993557 41.877721137834)
ca9236272526fff2b2f2a3aa17dd5cf73f1b90170c93e654b72e1d8528829fc12067d5af983cadc20b9843ef65e81bb8c8ab9c2f8e2bd2684c138662c63320c0,JG338718,,7/13/2023 0:50,35,NO CONTROLS,NO CONTROLS,CLEAR,"DARKNESS, LIGHTED ROAD",PEDESTRIAN,FOUR WAY,,STRAIGHT AND LEVEL,DRY,NO DEFECTS,ON SCENE,INJURY AND / OR TOW DUE TO CRASH,,,Y,$500 OR LESS,7/13/2023 0:54,UNABLE TO DETERMINE,UNABLE TO DETERMINE,1899,W,OGDEN AVE,1231,,,,,,,2,"REPORTED, NOT EVIDENT",1,0,0,0,1,1,0,0,5,7,41.87468664,-87.67392187,POINT (-87.673921869954 41.874686642104)
cb2110630f39de54ea0f7809ff7d627322593565f4ce4487736a9a2b6211a84cd94e490ee57e5db46e19b5017c12dec32f71047e2effc1ec3bd19cd1a42685e5,JG339674,,7/13/2023 17:05,35,NO CONTROLS,NO CONTROLS,CLEAR,DAYLIGHT,FIXED OBJECT,DIVIDED - W/MEDIAN BARRIER,,STRAIGHT AND LEVEL,DRY,UNKNOWN,ON SCENE,INJURY AND / OR TOW DUE TO CRASH,,,,"OVER $1,500",7/13/2023 17:05,UNABLE TO DETERMINE,UNABLE TO DETERMINE,5800,S,CICERO AVE,813,,,,,,,1,NONINCAPACITATING INJURY,2,0,0,2,0,0,0,17,5,7,41.78765243,-87.74155975,POINT (-87.741559744582 41.787652428542)
cb8530e4db476a0e57731d478aa368baba8b7d9512b9afb426f520536cf5e8d7707f2ff504b2897cffebffa1fab0308b7f278fcb5eba9db10721cdf81f4ad914,JG340105,,7/13/2023 23:32,30,TRAFFIC SIGNAL,FUNCTIONING PROPERLY,CLEAR,"DARKNESS, LIGHTED ROAD",REAR END,ONE-WAY,,STRAIGHT AND LEVEL,DRY,NO DEFECTS,ON SCENE,NO INJURY / DRIVE AWAY,,,,"$501 - $1,500",7/13/2023 23:56,FOLLOWING TOO CLOSELY,NOT APPLICABLE,1,E,OHIO ST,1834,,,,,,,2,NO INDICATION OF INJURY,0,0,0,0,0,3,0,23,5,7,41.89236061,-87.6280216,POINT (-87.628021603066 41.892360612585)
cbd44bb472e79ef6c3ecca5cbdce636e7561671877ea51f00295a45ab395cf354930748d6a036e947812a647f5370d03f92c7a822b16ecc6a4d2fa1be1783de6,JG339612,,7/13/2023 14:30,20,NO CONTROLS,NO CONTROLS,CLEAR,DAYLIGHT,PARKED MOTOR VEHICLE,PARKING LOT,,STRAIGHT AND LEVEL,DRY,NO DEFECTS,NOT ON SCENE (DESK REPORT),NO INJURY / DRIVE AWAY,,,,"OVER $1,500",7/13/2023 16:25,UNABLE TO DETERMINE,NOT APPLICABLE,6525,W,DIVERSEY AVE,2512,,,,,,,2,NO INDICATION OF INJURY,0,0,0,0,0,1,0,14,5,7,41.93083392,-87.78913379,POINT (-87.789133787544 41.93083391524)
cc16602e63fc864058273a95a028ffcb2442d0e4a80b6274e9f4966dd952745d325a2c24e673fadc0888978548f81e1310ff517e5db2cb5e2f808728181ad993,JG339878,,7/13/2023 9:15,30,NO CONTROLS,NO CONTROLS,CLEAR,DAYLIGHT,REAR END,NOT DIVIDED,,STRAIGHT AND LEVEL,DRY,NO DEFECTS,NOT ON SCENE (DESK REPORT),NO INJURY / DRIVE AWAY,,,,"OVER $1,500",7/13/2023 19:51,FOLLOWING TOO CLOSELY,FOLLOWING TOO CLOSELY,2701,S,CALIFORNIA AVE,1034,,,,,,,2,NO INDICATION OF INJURY,0,0,0,0,0,2,0,9,5,7,41.84251027,-87.69500352,POINT (-87.695003519658 41.8425102731)
ccc0bdeac3be8ce631ffb9f7fd1d238264b53df4e4bfb2872a4e7f23aa07528cf5ca3c28eac5cdcbe05afc128b78db331eba11a22ef4f0fc2e009882054316ec,JG339242,,7/13/2023 12:15,30,NO CONTROLS,NO CONTROLS,CLEAR,DAYLIGHT,PARKED MOTOR VEHICLE,ONE-WAY,,STRAIGHT AND LEVEL,DRY,UNKNOWN,ON SCENE,INJURY AND / OR TOW DUE TO CRASH,,,,"OVER $1,500",7/13/2023 12:28,"EVASIVE ACTION DUE TO ANIMAL, OBJECT, NONMOTORIST",UNABLE TO DETERMINE,415,W,ONTARIO ST,1831,,,,,,,2,NONINCAPACITATING INJURY,1,0,0,1,0,0,0,12,5,7,41.89301029,-87.63923423,POINT (-87.639234233525 41.893010290661)
cec4e5783b55342e6172177babb0466a4f5b3cd97ca9d7faeabb38e4b09c8fe6ce47893b509e43a98d4df4f1bae14623db2bd8b15f13719da0c332430794b28c,JG347830,,7/13/2023 18:00,30,TRAFFIC SIGNAL,FUNCTIONING PROPERLY,CLEAR,DAYLIGHT,TURNING,NOT DIVIDED,,STRAIGHT AND LEVEL,DRY,NO DEFECTS,NOT ON SCENE (DESK REPORT),NO INJURY / DRIVE AWAY,,,,"OVER $1,500",7/19/2023 17:25,UNABLE TO DETERMINE,UNABLE TO DETERMINE,5300,N,WESTERN AVE,2011,,,,,,,2,NO INDICATION OF INJURY,0,0,0,0,0,2,0,18,5,7,41.97779527,-87.68937178,POINT (-87.689371782613 41.977795265747)
cf2a3d58fc7297c9053859f7ce63b81e2b54a604434993ead82b2152b45dff3bb4f58c8d9e9fa065c3059208b147ed1b681fde3a1e2e4310b316148ccf8620c3,JG340006,,7/13/2023 21:20,30,NO CONTROLS,NO CONTROLS,UNKNOWN,UNKNOWN,SIDESWIPE SAME DIRECTION,NOT DIVIDED,,STRAIGHT AND LEVEL,UNKNOWN,UNKNOWN,NOT ON SCENE (DESK REPORT),NO INJURY / DRIVE AWAY,,,,"OVER $1,500",7/13/2023 22:00,IMPROPER OVERTAKING/PASSING,UNABLE TO DETERMINE,1805,W,51ST ST,932,,Y,,,,,2,NO INDICATION OF INJURY,0,0,0,0,0,2,0,21,5,7,41.8011642,-87.66988623,POINT (-87.669886229359 41.801164195392)
cfc4c16f26adc7e585e138b5e7c8d87d357d8e257855432b3661de2f36f2fac0e8c73778a415af3441b054c63cdbd65bcb95e7e14fc0cf1824270752aa80fea8,JG340012,,7/13/2023 21:00,30,NO CONTROLS,NO CONTROLS,CLEAR,"DARKNESS, LIGHTED ROAD",PARKED MOTOR VEHICLE,NOT DIVIDED,,STRAIGHT AND LEVEL,DRY,NO DEFECTS,ON SCENE,NO INJURY / DRIVE AWAY,,,,"OVER $1,500",7/13/2023 21:41,IMPROPER BACKING,NOT APPLICABLE,8747,S,HOUSTON AVE,424,,,,,,,2,NO INDICATION OF INJURY,0,0,0,0,0,2,0,21,5,7,41.73600623,-87.5498653,POINT (-87.549865303494 41.736006227265)
d0b3a44ed1009bf1ad776a8b4017a275a7c6d2ffbf3f429f499bc45c664e118f988de7d021766e0bff99a7e5fcbb2044b374b24179396e0fab165de05632e955,JG339116,,7/13/2023 10:44,35,NO CONTROLS,NO CONTROLS,CLEAR,DAYLIGHT,REAR TO FRONT,OTHER,,STRAIGHT AND LEVEL,DRY,UNKNOWN,ON SCENE,NO INJURY / DRIVE AWAY,,,Y,"OVER $1,500",7/13/2023 11:06,UNABLE TO DETERMINE,UNABLE TO DETERMINE,6720,W,ARCHER AVE,811,,,,,,,2,NO INDICATION OF INJURY,0,0,0,0,0,2,0,10,5,7,41.7922934,-87.79011271,POINT (-87.790112708861 41.7922933994)
d1442793d4e41fbd9faab5bfc47b7ceef4c5002fd53b1db076d2548db46354cc7dc0f1483f4e0805986e1ab01cdd58567c4258bb31a6daef501455d8648238e1,JG344292,Y,7/13/2023 17:30,25,NO CONTROLS,NO CONTROLS,UNKNOWN,UNKNOWN,PARKED MOTOR VEHICLE,ONE-WAY,,STRAIGHT AND LEVEL,UNKNOWN,UNKNOWN,NOT ON SCENE (DESK REPORT),NO INJURY / DRIVE AWAY,,,Y,$500 OR LESS,7/17/2023 9:00,UNABLE TO DETERMINE,UNABLE TO DETERMINE,811,W,CORNELIA AVE,1924,,,,,,,2,NO INDICATION OF INJURY,0,0,0,0,0,1,0,17,5,7,41.9453605,-87.64987633,POINT (-87.649876329822 41.945360499993)
d2c0bffd4962e57f1822f717faad8a832cfe6f7fb32dd767caf7d540121f8c19c204f9d9bd9aa8733f126cba08f9126ca95c23cf11ca6f53a5aeebd776571c94,JG339996,,7/13/2023 20:30,30,TRAFFIC SIGNAL,UNKNOWN,CLEAR,"DARKNESS, LIGHTED ROAD",TURNING,UNKNOWN INTERSECTION TYPE,,STRAIGHT AND LEVEL,DRY,UNKNOWN,NOT ON SCENE (DESK REPORT),NO INJURY / DRIVE AWAY,Y,,,"OVER $1,500",7/13/2023 21:35,UNABLE TO DETERMINE,UNABLE TO DETERMINE,856,N,MICHIGAN AVE,1833,,,,,,,2,NO INDICATION OF INJURY,0,0,0,0,0,3,0,20,5,7,41.89834229,-87.62424813,POINT (-87.624248132906 41.898342289103)
d2e46069ac01f7572997ed4f684cea65c046e942d30b2781493aec471e9ac802e6047f5a56da83d349804a341edd29f85a633b21ae0f6509fcd85173a1a18c43,JG339526,,7/13/2023 15:40,30,NO CONTROLS,NO CONTROLS,CLEAR,DAYLIGHT,REAR END,NOT DIVIDED,,STRAIGHT AND LEVEL,DRY,NO DEFECTS,NOT ON SCENE (DESK REPORT),NO INJURY / DRIVE AWAY,,,,"$501 - $1,500",7/13/2023 16:00,FOLLOWING TOO CLOSELY,FOLLOWING TOO CLOSELY,6042,W,GUNNISON ST,1622,,,,,,,2,NO INDICATION OF INJURY,0,0,0,0,0,2,0,15,5,7,41.96862082,-87.78001464,POINT (-87.780014635659 41.968620818986)
d4649e65f63f52c821dd00c64839ebffc88287720df12054d5b78fc848fdd06900cd588fbb09c9fb588170aee32dacce8429f1b01c5f939e925270866edf4f51,JG334617,,7/13/2023 16:19,35,NO CONTROLS,NO CONTROLS,CLEAR,DAYLIGHT,REAR END,NOT DIVIDED,,STRAIGHT AND LEVEL,UNKNOWN,UNKNOWN,NOT ON SCENE (DESK REPORT),NO INJURY / DRIVE AWAY,,,,"$501 - $1,500",7/13/2023 16:55,FAILING TO REDUCE SPEED TO AVOID CRASH,FOLLOWING TOO CLOSELY,5771,N,RIDGE AVE,2013,,,,,,,2,NO INDICATION OF INJURY,0,0,0,0,0,2,0,16,5,7,41.98694233,-87.66525353,POINT (-87.665253525538 41.986942327646)
d53e3cdbd7d2daa1db991b642d6506e6d1eb703af7888b1a241bb427f8d8c5ce3d964e0a6e32b6c9e31d644fb6f559660d3dd7259779ffc8c9834bcac9595958,JG339490,,7/13/2023 15:10,30,UNKNOWN,UNKNOWN,UNKNOWN,UNKNOWN,SIDESWIPE OPPOSITE DIRECTION,UNKNOWN,,STRAIGHT AND LEVEL,UNKNOWN,UNKNOWN,NOT ON SCENE (DESK REPORT),NO INJURY / DRIVE AWAY,,,,"OVER $1,500",7/13/2023 15:40,UNABLE TO DETERMINE,NOT APPLICABLE,6429,W,ADDISON ST,1632,,,,,,,2,NO INDICATION OF INJURY,0,0,0,0,0,2,0,15,5,7,41.94553336,-87.78751011,POINT (-87.787510105804 41.945533355837)
d55aada9cbe9a135575df1d6feb3b51b08327c492218139f3d5d9131c2b9a0727e5da8f5a911bbf635963b0b21153687e024c7b61bd4d35f602025963300ac20,JG338703,,7/13/2023 0:10,20,NO CONTROLS,NO CONTROLS,CLEAR,"DARKNESS, LIGHTED ROAD",PARKED MOTOR VEHICLE,NOT DIVIDED,,STRAIGHT AND LEVEL,DRY,NO DEFECTS,ON SCENE,INJURY AND / OR TOW DUE TO CRASH,,,,"OVER $1,500",7/13/2023 0:20,UNABLE TO DETERMINE,NOT APPLICABLE,4942,S,LANGLEY AVE,223,,,,,,,4,NO INDICATION OF INJURY,0,0,0,0,0,1,0,0,5,7,41.80458156,-87.60902791,POINT (-87.609027904518 41.804581564299)
d562a61b934f112e1aff02cf5240da206cd2aa4cb043478cfb80b56354d353da93538d7b0b3e19dbba1044a8463f2a31fa278cf1c1c04760eb612fc440e21d7c,JG339247,,7/13/2023 12:33,30,STOP SIGN/FLASHER,FUNCTIONING PROPERLY,CLEAR,DAYLIGHT,PEDALCYCLIST,FOUR WAY,,STRAIGHT AND LEVEL,DRY,NO DEFECTS,ON SCENE,INJURY AND / OR TOW DUE TO CRASH,,,Y,$500 OR LESS,7/13/2023 12:38,DISREGARDING STOP SIGN,UNABLE TO DETERMINE,3800,S,HERMITAGE AVE,912,,,,,,,2,NONINCAPACITATING INJURY,1,0,0,1,0,1,0,12,5,7,41.82489499,-87.66918007,POINT (-87.669180064515 41.824894986931)
d57e1c46b93e5dc62cd17001bf2342e7b34922ddbfc851e707a99ae53c60d254b5f9e28e06b6536ffccd6cd5382f99dc3c01970c3c43dbe06a3fec5eebde09b6,JG339513,,7/13/2023 14:40,30,NO CONTROLS,NO CONTROLS,CLEAR,DAYLIGHT,SIDESWIPE SAME DIRECTION,NOT DIVIDED,,STRAIGHT AND LEVEL,DRY,NO DEFECTS,NOT ON SCENE (DESK REPORT),NO INJURY / DRIVE AWAY,,,Y,"OVER $1,500",7/13/2023 15:55,FOLLOWING TOO CLOSELY,FOLLOWING TOO CLOSELY,5101,S,KEDZIE AVE,923,,,,,,,2,NO INDICATION OF INJURY,0,0,0,0,0,2,0,14,5,7,41.80073146,-87.70361687,POINT (-87.703616874333 41.800731461185)
d5b0a0de666a359f4b690901cb7bdf57da6ee99eab20ddd930ca09b7741789e67fa0705ca5725003e272415364270928e065d11c05eaa52fe3548303b4fe7aee,JG339624,,7/13/2023 16:00,30,TRAFFIC SIGNAL,FUNCTIONING PROPERLY,CLEAR,DAYLIGHT,TURNING,PARKING LOT,,STRAIGHT AND LEVEL,DRY,NO DEFECTS,ON SCENE,NO INJURY / DRIVE AWAY,N,,,"OVER $1,500",7/13/2023 16:00,UNABLE TO DETERMINE,UNABLE TO DETERMINE,799,N,CICERO AVE,1111,,,,,,,2,NO INDICATION OF INJURY,0,0,0,0,0,6,0,16,5,7,41.89495909,-87.7456589,POINT (-87.74565889869 41.894959093611)
d6406d4fe2da0b6250dc9e7b5f38a0427c0b5aa68a72aa7cea1aa92c618f38c698f34ff3380bebb65a8aa5edea6e3b29f7ab1589bb3e85bf1224e50da030517e,JG339675,,7/13/2023 16:10,30,NO CONTROLS,NO CONTROLS,CLEAR,DAYLIGHT,PARKED MOTOR VEHICLE,NOT DIVIDED,,STRAIGHT AND LEVEL,DRY,NO DEFECTS,NOT ON SCENE (DESK REPORT),NO INJURY / DRIVE AWAY,,,,"$501 - $1,500",7/13/2023 17:25,UNABLE TO DETERMINE,NOT APPLICABLE,8929,S,COTTAGE GROVE AVE,633,,,,,,,2,NO INDICATION OF INJURY,0,0,0,0,0,2,0,16,5,7,41.73213648,-87.6045666,POINT (-87.604566601661 41.732136480998)
d656f5c8fb38b3d097cc0bd39ed7b29e1ef6243c38d6def3aa6d2348293c2a8e67adb6bf2be21eae279e2646368a235fb2e63e05e3266d18f45b78182b87a907,JG339793,,7/13/2023 18:00,30,NO CONTROLS,NO CONTROLS,CLEAR,DAYLIGHT,PARKED MOTOR VEHICLE,ONE-WAY,,STRAIGHT AND LEVEL,DRY,NO DEFECTS,NOT ON SCENE (DESK REPORT),NO INJURY / DRIVE AWAY,,,,"OVER $1,500",7/13/2023 18:50,UNABLE TO DETERMINE,NOT APPLICABLE,6344,S,EBERHART AVE,312,,,,,,,2,NO INDICATION OF INJURY,0,0,0,0,0,1,0,18,5,7,41.77894959,-87.61332358,POINT (-87.613323580119 41.778949592148)
d6ea8ccb4a6f6a564a837b9f9a45a53043a22beb923bc0324ebd8bdecc9c0c0470f249da494ddff016b82ff89fb34b644c42d92d1f58e7553b9c844a9891262f,JG339837,,7/13/2023 18:40,30,STOP SIGN/FLASHER,FUNCTIONING PROPERLY,CLEAR,DAYLIGHT,REAR END,OTHER,,STRAIGHT AND LEVEL,DRY,UNKNOWN,ON SCENE,INJURY AND / OR TOW DUE TO CRASH,,,,"OVER $1,500",7/13/2023 19:07,FOLLOWING TOO CLOSELY,FOLLOWING TOO CLOSELY,501,E,103RD ST,512,,,,,,,2,"REPORTED, NOT EVIDENT",1,0,0,0,1,2,0,18,5,7,41.70724247,-87.61126567,POINT (-87.611265668318 41.707242465103)
d8ba77c6945072b66a415eb7b3ff825a3a998ba93a97fa6f2ee4b0ebd372b65bd10da7fc1dc387d23ccd8270d5695bc0cb2840320110c5d60c99085ea8e1c774,JG339363,,7/13/2023 13:40,30,UNKNOWN,UNKNOWN,CLEAR,DAYLIGHT,REAR END,DIVIDED - W/MEDIAN (NOT RAISED),,STRAIGHT AND LEVEL,UNKNOWN,UNKNOWN,ON SCENE,NO INJURY / DRIVE AWAY,,,,"OVER $1,500",7/13/2023 13:44,UNABLE TO DETERMINE,UNABLE TO DETERMINE,2800,N,CENTRAL AVE,2514,,Y,,,,,2,NO INDICATION OF INJURY,0,0,0,0,0,2,0,13,5,7,41.93136555,-87.76639653,POINT (-87.766396528792 41.931365552363)
d9d77922366211a50c3599ac1ff368b5ff73d1bc4d8ad45f8c12f323e0c1a7bff5693d4c8739948b96bdaf05a563aae50237d180b7d85c963e5a273476753743,JG339379,,7/13/2023 13:53,30,NO CONTROLS,NO CONTROLS,CLEAR,DAYLIGHT,REAR END,DIVIDED - W/MEDIAN (NOT RAISED),,STRAIGHT AND LEVEL,DRY,NO DEFECTS,ON SCENE,INJURY AND / OR TOW DUE TO CRASH,,,,"OVER $1,500",7/13/2023 14:04,FOLLOWING TOO CLOSELY,DRIVING SKILLS/KNOWLEDGE/EXPERIENCE,3440,W,FULLERTON AVE,1413,,,,,,,2,NO INDICATION OF INJURY,0,0,0,0,0,2,0,13,5,7,41.92475429,-87.71371954,POINT (-87.713719534797 41.924754292897)
d9f58681933acf74d6f0795b319cc8f92d7b4b77239940829a37d1b696bb010771ca38838ecf32c540f17b7dfb0c1d16faf3d3a5bde52b5757e9b9c29f558416,JG339033,,7/13/2023 9:47,30,NO CONTROLS,NO CONTROLS,CLEAR,DAYLIGHT,REAR END,NOT DIVIDED,,STRAIGHT AND LEVEL,DRY,NO DEFECTS,ON SCENE,NO INJURY / DRIVE AWAY,,,,$500 OR LESS,7/13/2023 10:25,UNABLE TO DETERMINE,UNABLE TO DETERMINE,925,E,46TH ST,222,,,,,,,2,NO INDICATION OF INJURY,0,0,0,0,0,2,0,9,5,7,41.81128597,-87.60287439,POINT (-87.60287438696 41.811285965397)
d9fc0911c78c56a2ce4d473951dbfcd3bb32d59e4622da8ed9d184a77aea6ace1126869668dac85d2a7c57d35312906400f353a0cdb48cd1febc4949d822fd9f,JG339930,,7/13/2023 20:05,20,NO CONTROLS,NO CONTROLS,CLEAR,"DARKNESS, LIGHTED ROAD",PARKED MOTOR VEHICLE,NOT DIVIDED,,STRAIGHT AND LEVEL,DRY,NO DEFECTS,ON SCENE,NO INJURY / DRIVE AWAY,,,Y,"OVER $1,500",7/13/2023 20:14,IMPROPER BACKING,IMPROPER BACKING,4551,N,MELVINA AVE,1622,,,,,,,2,NO INDICATION OF INJURY,0,0,0,0,0,1,0,20,5,7,41.96356089,-87.78186752,POINT (-87.781867522437 41.963560885678)
a0d136cd9e58ff5373239dab616e46cab64fe3513d83a31d848eabed44e8c684e5bd1eb0cb2cfbf2596b08c51c633661ee6db52491dea5bb62ef5077bc8e90e5,,,7/28/2023 17:43,40,NO CONTROLS,NO CONTROLS,CLEAR,DAYLIGHT,REAR END,RAMP,,STRAIGHT AND LEVEL,DRY,UNKNOWN,ON SCENE,INJURY AND / OR TOW DUE TO CRASH,,,Y,"OVER $1,500",7/28/2023 17:43,UNABLE TO DETERMINE,UNABLE TO DETERMINE,9962,S,CHICAGO SKYWAY OB,432,,,,,,,2,NO INDICATION OF INJURY,0,0,0,0,0,2,0,17,6,7,,,
da97dbdecab5c8c82d3563c63abeadc1b6462ba97d6dd534ce18183c60829815a6bcda8eb3c96b114164ae157f16e09006d2aa9423003ca58c2e3f533298a084,JG339227,,7/13/2023 11:58,30,STOP SIGN/FLASHER,FUNCTIONING PROPERLY,CLEAR,DAYLIGHT,SIDESWIPE SAME DIRECTION,FOUR WAY,,STRAIGHT AND LEVEL,DRY,NO DEFECTS,NOT ON SCENE (DESK REPORT),NO INJURY / DRIVE AWAY,,,Y,"OVER $1,500",7/13/2023 12:47,IMPROPER LANE USAGE,NOT APPLICABLE,45,E,HURON ST,1834,,,,,,,2,NO INDICATION OF INJURY,0,0,0,0,0,2,0,11,5,7,41.89479183,-87.62645043,POINT (-87.626450432777 41.89479182916)
dac21b495c1c8d519dec2e51c32f76631800d31a21ab07d8b838b3fb36e6efcaca58ccd9c63b5f17696b022e86679762d3a9f017597ba752cb10fdac3b1181e2,JG339714,,7/13/2023 15:45,30,NO CONTROLS,NO CONTROLS,CLEAR,DAYLIGHT,REAR END,DIVIDED - W/MEDIAN (NOT RAISED),,STRAIGHT AND LEVEL,DRY,NO DEFECTS,NOT ON SCENE (DESK REPORT),NO INJURY / DRIVE AWAY,,,,"OVER $1,500",7/13/2023 17:55,UNABLE TO DETERMINE,NOT APPLICABLE,2149,W,50TH ST,931,,,,,,,2,NO INDICATION OF INJURY,0,0,0,0,0,4,0,15,5,7,41.80290357,-87.67864737,POINT (-87.678647372017 41.802903567465)
dadf403ff2274867192af5f4f15c7becf5661a779cc4b5037d991dccbcc8811f3a17a4f2efa659110f42b9b0f70c8016a522281940d1762014ba4bb721ce671a,JG339351,,7/13/2023 13:50,30,NO CONTROLS,NO CONTROLS,CLEAR,DAYLIGHT,PARKED MOTOR VEHICLE,NOT DIVIDED,,STRAIGHT AND LEVEL,DRY,NO DEFECTS,ON SCENE,NO INJURY / DRIVE AWAY,,,,"$501 - $1,500",7/13/2023 13:55,UNABLE TO DETERMINE,NOT APPLICABLE,66,W,OAK ST,1824,,,,,,,2,NO INDICATION OF INJURY,0,0,0,0,0,1,0,13,5,7,41.90067029,-87.6308417,POINT (-87.630841695886 41.900670285306)
daf121c9562bebcfa9a598265f5936ae3e42ef2e35cfa72ec7cb878f2d51727a5920e70ad849e1b929d3a9b8d073f359e0a53ee3e670df41302207b17141ac31,JG338807,,7/13/2023 5:30,30,TRAFFIC SIGNAL,FUNCTIONING PROPERLY,CLEAR,DAWN,TURNING,FOUR WAY,,STRAIGHT AND LEVEL,DRY,NO DEFECTS,NOT ON SCENE (DESK REPORT),NO INJURY / DRIVE AWAY,Y,,,"OVER $1,500",7/13/2023 6:03,IMPROPER TURNING/NO SIGNAL,NOT APPLICABLE,10000,S,DR MARTIN LUTHER KING JR DR,511,,,,,,,2,NO INDICATION OF INJURY,0,0,0,0,0,2,0,5,5,7,41.71242201,-87.61406725,POINT (-87.614067252063 41.712422005001)
db5fd6b786fcf789c90a363dc43c7bec04a45da6433fe404b546dcdef23b6e6b07e828ab99972053b80b571ff74760777c609554edcbcf526d9db48e365db09e,JG339284,,7/13/2023 12:30,30,NO CONTROLS,NO CONTROLS,CLEAR,DAYLIGHT,REAR END,DIVIDED - W/MEDIAN (NOT RAISED),,STRAIGHT AND LEVEL,DRY,NO DEFECTS,NOT ON SCENE (DESK REPORT),NO INJURY / DRIVE AWAY,,,,"$501 - $1,500",7/13/2023 13:11,FOLLOWING TOO CLOSELY,NOT APPLICABLE,2000,W,GARFIELD BLVD,932,,,,,,,2,NO INDICATION OF INJURY,0,0,0,0,0,5,0,12,5,7,41.79402546,-87.67436351,POINT (-87.674363508337 41.79402545864)
dbcecca446fbc5d03436fc8bd512c0a02b4823a386ee0624de2ed52ad9eb247b1a155ff1faf65c3d48d9ca7e6c21331ceb3dd54d4a335dcc139ee2ecf65b0c74,JG339856,,7/13/2023 18:45,30,NO CONTROLS,NO CONTROLS,CLEAR,DAYLIGHT,ANGLE,DIVIDED - W/MEDIAN (NOT RAISED),,STRAIGHT AND LEVEL,DRY,NO DEFECTS,ON SCENE,NO INJURY / DRIVE AWAY,,,,"OVER $1,500",7/13/2023 18:49,FAILING TO YIELD RIGHT-OF-WAY,UNABLE TO DETERMINE,4001,W,KAMERLING AVE,2534,,,,,,,2,NO INDICATION OF INJURY,0,0,0,0,0,4,0,18,5,7,41.90526481,-87.72650533,POINT (-87.726505331944 41.905264806925)
dc04067a093a641fecff3797efed96ef174f938ffa5195191788e44088271e65d59c92a688c99446fa2f51749046d5a050d9fb384601e4ed9bb3d003f7ef9a0b,JG339879,,7/13/2023 19:25,30,TRAFFIC SIGNAL,FUNCTIONING PROPERLY,CLEAR,DAYLIGHT,SIDESWIPE SAME DIRECTION,NOT DIVIDED,,STRAIGHT AND LEVEL,DRY,UNKNOWN,NOT ON SCENE (DESK REPORT),NO INJURY / DRIVE AWAY,,,Y,$500 OR LESS,7/13/2023 19:50,DRIVING SKILLS/KNOWLEDGE/EXPERIENCE,DRIVING SKILLS/KNOWLEDGE/EXPERIENCE,525,W,ROOSEVELT RD,124,,,,,,,2,NO INDICATION OF INJURY,0,0,0,0,0,3,0,19,5,7,41.86713548,-87.64030631,POINT (-87.640306304892 41.867135480908)
dc141875c2c162211b77b6a188b854e962b5b69664b7978cd3521a5b78a1932cda93c7f471cef43f05ef0e1a1575888672c56945e785cd72b4c793e07ea846b3,JG339533,,7/13/2023 15:40,30,NO CONTROLS,NO CONTROLS,CLEAR,DAYLIGHT,SIDESWIPE SAME DIRECTION,NOT DIVIDED,,STRAIGHT AND LEVEL,DRY,NO DEFECTS,ON SCENE,NO INJURY / DRIVE AWAY,,,,"OVER $1,500",7/13/2023 15:41,FAILING TO YIELD RIGHT-OF-WAY,DRIVING SKILLS/KNOWLEDGE/EXPERIENCE,5022,N,CENTRAL AVE,1622,,,,,,,2,NO INDICATION OF INJURY,0,0,0,0,0,3,0,15,5,7,41.97228317,-87.76868962,POINT (-87.768689617668 41.972283173008)