CRASH_RECORD_ID,RD_NO,CRASH_DATE_EST_I,CRASH_DATE,POSTED_SPEED_LIMIT,TRAFFIC_CONTROL_DEVICE,DEVICE_CONDITION,WEATHER_CONDITION,LIGHTING_CONDITION,FIRST_CRASH_TYPE,TRAFFICWAY_TYPE,LANE_CNT,ALIGNMENT,ROADWAY_SURFACE_COND,ROAD_DEFECT,REPORT_TYPE,CRASH_TYPE,INTERSECTION_RELATED_I,NOT_RIGHT_OF_WAY_I,HIT_AND_RUN_I,DAMAGE,DATE_POLICE_NOTIFIED,PRIM_CONTRIBUTORY_CAUSE,SEC_CONTRIBUTORY_CAUSE,STREET_NO,STREET_DIRECTION,STREET_NAME,BEAT_OF_OCCURRENCE,PHOTOS_TAKEN_I,STATEMENTS_TAKEN_I,DOORING_I,WORK_ZONE_I,WORK_ZONE_TYPE,WORKERS_PRESENT_I,NUM_UNITS,MOST_SEVERE_INJURY,INJURIES_TOTAL,INJURIES_FATAL,INJURIES_INCAPACITATING,INJURIES_NON_INCAPACITATING,INJURIES_REPORTED_NOT_EVIDENT,INJURIES_NO_INDICATION,INJURIES_UNKNOWN,CRASH_HOUR,CRASH_DAY_OF_WEEK,CRASH_MONTH,LATITUDE,LONGITUDE,LOCATION
dd936131b92efaefd39dda156cbd66b88eba10120f97df899266670ff42bbee9cd51e10123eb23f0cb77b448b789d64707dc56248c7d30c47f693c3c745d0abc,JG339066,Y,7/13/2023 10:25,35,TRAFFIC SIGNAL,FUNCTIONING PROPERLY,CLOUDY/OVERCAST,DAYLIGHT,SIDESWIPE SAME DIRECTION,NOT DIVIDED,,STRAIGHT AND LEVEL,DRY,NO DEFECTS,ON SCENE,NO INJURY / DRIVE AWAY,,,,"OVER $1,500",7/13/2023 10:25,DRIVING SKILLS/KNOWLEDGE/EXPERIENCE,IMPROPER OVERTAKING/PASSING,6355,S,CICERO AVE,813,,,,,,,2,NO INDICATION OF INJURY,0,0,0,0,0,2,0,10,5,7,41.77681201,-87.74208756,POINT (-87.742087554559 41.776812005636)
ddd426955b37bc5bb14c16c720ba286826073d7ebb8aee83a24725705f752877b518f578a809ed765730bbaf42a928bd22f4146f08c5a4df2d852d7573ce7a39,JG339521,,7/13/2023 15:40,25,NO CONTROLS,NO CONTROLS,CLEAR,DAYLIGHT,REAR END,NOT DIVIDED,,STRAIGHT AND LEVEL,DRY,NO DEFECTS,ON SCENE,NO INJURY / DRIVE AWAY,,,,"OVER $1,500",7/13/2023 15:47,PHYSICAL CONDITION OF DRIVER,FOLLOWING TOO CLOSELY,5028,N,CENTRAL AVE,1622,,,,,,,2,NO INDICATION OF INJURY,0,0,0,0,0,2,0,15,5,7,41.97242086,-87.76868609,POINT (-87.768686084534 41.97242086168)
de6a7e210015fcfc2bfa83198b7329ab912f45d3d2aeef5dbbff5b2f891d67e09045c866070fa1e5c0745c47cf506eb71b18d86946e1aaf0d138083dcd75d6ec,JG341739,,7/13/2023 14:30,30,TRAFFIC SIGNAL,FUNCTIONING PROPERLY,CLEAR,DAYLIGHT,TURNING,DIVIDED - W/MEDIAN (NOT RAISED),,STRAIGHT ON GRADE,UNKNOWN,NO DEFECTS,NOT ON SCENE (DESK REPORT),NO INJURY / DRIVE AWAY,,,,"$501 - $1,500",7/15/2023 8:45,FAILING TO YIELD RIGHT-OF-WAY,NOT APPLICABLE,4759,N,WESTERN AVE,1911,,,,,,,2,NO INDICATION OF INJURY,0,0,0,0,0,2,0,14,5,7,41.96846814,-87.68875631,POINT (-87.688756313644 41.968468135052)
de7ac4faf720f95118f21e677e4ff4ea745a3b1ff7c7c06c6ecf3d28778269ea31c4519f6450b07b22a70380e795106b48b3e1c8220a62bf59a12557209acc3b,JG339151,,7/13/2023 11:05,30,NO CONTROLS,NO CONTROLS,CLEAR,DAYLIGHT,SIDESWIPE SAME DIRECTION,NOT DIVIDED,,STRAIGHT AND LEVEL,DRY,UNKNOWN,NOT ON SCENE (DESK REPORT),NO INJURY / DRIVE AWAY,,,,"OVER $1,500",7/13/2023 11:45,FAILING TO YIELD RIGHT-OF-WAY,NOT APPLICABLE,4659,S,WESTERN BLVD,924,,,,,,,2,NO INDICATION OF INJURY,0,0,0,0,0,3,0,11,5,7,41.80850332,-87.68372884,POINT (-87.68372884164 41.808503314857)
df7fe5cfbcaec8b55cda3e09ca51c932e3c525b2290255d8b0fd3518bf31ae298c82eb2bd940bd2f289b3e146f167102833d7c0454f5a1d16a3a59d235adb804,JG339401,,7/13/2023 14:20,30,TRAFFIC SIGNAL,FUNCTIONING PROPERLY,CLEAR,DAYLIGHT,TURNING,DIVIDED - W/MEDIAN BARRIER,,STRAIGHT AND LEVEL,DRY,NO DEFECTS,ON SCENE,NO INJURY / DRIVE AWAY,,,,$500 OR LESS,7/13/2023 14:35,IMPROPER TURNING/NO SIGNAL,NOT APPLICABLE,10000,W,OHARE ST,1651,,,,,,,2,NO INDICATION OF INJURY,0,0,0,0,0,2,0,14,5,7,41.97620114,-87.90530913,POINT (-87.905309125103 41.976201139024)
df797736497ac131261f08a870aada043ad5cb822b05b10211dc6668c93faed86c0a60548d1d78c0099353dffe81c331cbd14b66b9448d8d462844276a29ba45,JG286118,,6/2/2023 11:54,15,NO CONTROLS,NO CONTROLS,UNKNOWN,UNKNOWN,REAR END,OTHER,,STRAIGHT AND LEVEL,UNKNOWN,UNKNOWN,,INJURY AND / OR TOW DUE TO CRASH,,,,"OVER $1,500",6/3/2023 7:00,NOT APPLICABLE,NOT APPLICABLE,1045,W,95TH ST,2223,,,,,,,2,NONINCAPACITATING INJURY,1,0,0,1,0,1,0,11,6,6,41.72126847,-87.6498212,POINT (-87.649821199502 41.721268465879)
e0f4faec0b8877f969dcb84133db9710a55bd439436d2e569f60ad1b6274881e4e29621ea22c88aacd16fc96d7bcaaa1803d61239965de1aaca1cae50e60ddf5,JG340051,,7/13/2023 22:45,30,TRAFFIC SIGNAL,FUNCTIONING PROPERLY,CLEAR,"DARKNESS, LIGHTED ROAD",SIDESWIPE SAME DIRECTION,NOT DIVIDED,,STRAIGHT AND LEVEL,UNKNOWN,UNKNOWN,ON SCENE,NO INJURY / DRIVE AWAY,,,,"OVER $1,500",7/13/2023 22:50,FAILING TO YIELD RIGHT-OF-WAY,FAILING TO YIELD RIGHT-OF-WAY,102,E,SOUTH WATER ST,114,,,,,,,2,NO INDICATION OF INJURY,0,0,0,0,0,2,0,22,5,7,41.88691964,-87.62443,POINT (-87.624429997837 41.886919642384)
e203662ff044e045388a1b67bd91812d20ff2a65db10d66ba53fb2941d2885196507df8b940bae4540fea6905e4b7c18df87aa74ba9780969e92a0ad962b4f34,JG339731,,7/13/2023 14:00,30,TRAFFIC SIGNAL,FUNCTIONING PROPERLY,CLEAR,DAYLIGHT,SIDESWIPE SAME DIRECTION,NOT DIVIDED,,STRAIGHT AND LEVEL,DRY,NO DEFECTS,NOT ON SCENE (DESK REPORT),NO INJURY / DRIVE AWAY,,,,"OVER $1,500",7/13/2023 17:00,IMPROPER LANE USAGE,UNABLE TO DETERMINE,74,W,LA SALLE DR,1814,,,,,,,2,NO INDICATION OF INJURY,0,0,0,0,0,2,0,14,5,7,41.91349013,-87.63161945,POINT (-87.631619448109 41.91349012866)
e265201eb81de247d72f98d8518eea72a5ec1f9c3abbcbfa2c131329248851188343f7883c583521469430ae00b4b503ce93a4a2e7fcd912ff3d0c16e8ce84b5,JG339240,,7/13/2023 12:30,10,NO CONTROLS,NO CONTROLS,CLEAR,DAYLIGHT,PARKED MOTOR VEHICLE,NOT DIVIDED,,STRAIGHT AND LEVEL,DRY,NO DEFECTS,ON SCENE,NO INJURY / DRIVE AWAY,,,,"$501 - $1,500",7/13/2023 12:34,UNABLE TO DETERMINE,UNABLE TO DETERMINE,7299,W,JARVIS AVE,1611,,,,,,,2,NO INDICATION OF INJURY,0,0,0,0,0,1,0,12,5,7,42.01517141,-87.80896805,POINT (-87.808968051508 42.015171408356)
e2ca5dbb6da3d1db676214258b4d5d3657b8cd2e664e06a5b7e2c40de68aafc646bbb9ca07975306d3baabe5a6d3543a63737af1bc6782434a885dd783baa852,JG339541,,7/13/2023 15:58,30,NO CONTROLS,NO CONTROLS,CLEAR,DAYLIGHT,PARKED MOTOR VEHICLE,DIVIDED - W/MEDIAN (NOT RAISED),,STRAIGHT AND LEVEL,DRY,NO DEFECTS,ON SCENE,NO INJURY / DRIVE AWAY,,,Y,"OVER $1,500",7/13/2023 15:58,UNABLE TO DETERMINE,NOT APPLICABLE,1118,E,93RD ST,413,,,,,,,2,NO INDICATION OF INJURY,0,0,0,0,0,1,0,15,5,7,41.72593381,-87.59654113,POINT (-87.59654112657 41.725933813534)
e30febf8ea8b81023219423383ffbb5cdeefd85b800c1810e3a8f21d957b16c351c65300687e6515240a9f5509ca27ea82a1bd42a8296ad9ceef9854e05d600a,JG339898,,7/13/2023 19:30,25,NO CONTROLS,NO CONTROLS,CLEAR,DAYLIGHT,REAR END,NOT DIVIDED,,STRAIGHT AND LEVEL,DRY,NO DEFECTS,NOT ON SCENE (DESK REPORT),NO INJURY / DRIVE AWAY,,,Y,"$501 - $1,500",7/13/2023 20:08,NOT APPLICABLE,NOT APPLICABLE,3300,W,CHICAGO AVE,1121,,,,,,,2,NO INDICATION OF INJURY,0,0,0,0,0,2,0,19,5,7,41.89564031,-87.70892706,POINT (-87.708927063869 41.895640314447)
e38fb3c6e9d9db0af963131e2b2f4704804ff568e05e72444bcaa9cebd4c0bf04cc8b26a84e930062566a0067e31fef746c35dfaa31abf532d802a71bb8aa751,JG344852,,7/13/2023 14:20,30,NO CONTROLS,NO CONTROLS,CLEAR,DAYLIGHT,PARKED MOTOR VEHICLE,NOT DIVIDED,,STRAIGHT AND LEVEL,DRY,NO DEFECTS,NOT ON SCENE (DESK REPORT),NO INJURY / DRIVE AWAY,,,,"$501 - $1,500",7/17/2023 15:50,UNABLE TO DETERMINE,UNABLE TO DETERMINE,1055,W,GRANVILLE AVE,2433,,,,,,,2,NO INDICATION OF INJURY,0,0,0,0,0,1,0,14,5,7,41.99447477,-87.65773064,POINT (-87.657730639593 41.994474772528)
e27dadddb3d0f48b24b0129ffaaaef1d313ee20a544e06ecf87c81ce4857267b815e991c8637e94848b91519c2f40e0b95a8fa9f8ae7b368bf3fd1aed25eb559,JC518048,,11/20/2019 17:00,30,TRAFFIC SIGNAL,FUNCTIONING PROPERLY,CLEAR,DARKNESS,TURNING,NOT DIVIDED,,STRAIGHT AND LEVEL,DRY,NO DEFECTS,,NO INJURY / DRIVE AWAY,N,,,"OVER $1,500",11/20/2019 17:54,IMPROPER OVERTAKING/PASSING,NOT APPLICABLE,6300,S,HALSTED ST,723,,,,,,,2,NO INDICATION OF INJURY,0,0,0,0,0,4,0,17,4,11,41.7796575,-87.64493099,POINT (-87.644930992789 41.779657500363)
e3edc101bb5b972f677bb292ab15b28e4759f2f846e70634263702fff403d82938c8385d94d69c24e576039271f49ea87a3210a1b7af75081bf21fbe40f4d66e,JG338725,Y,7/13/2023 1:25,35,NO CONTROLS,NO CONTROLS,CLEAR,"DARKNESS, LIGHTED ROAD",SIDESWIPE SAME DIRECTION,NOT DIVIDED,,STRAIGHT AND LEVEL,DRY,NO DEFECTS,ON SCENE,NO INJURY / DRIVE AWAY,,,,"OVER $1,500",7/13/2023 1:30,FAILING TO YIELD RIGHT-OF-WAY,UNABLE TO DETERMINE,121,W,HUBBARD ST,1831,,,,,,,3,NO INDICATION OF INJURY,0,0,0,0,0,2,0,1,5,7,41.88990023,-87.63203248,POINT (-87.632032476188 41.889900231875)
e54ff436f39c2e3758a6bd81eeea0d92b5e89bb833d94ca9fa53ef0480597786c675b915028f449bd8ce32922ce188db8d639b6053419a1d41bfd81bb611aab5,JG339054,,7/13/2023 9:26,30,NO CONTROLS,NO CONTROLS,CLOUDY/OVERCAST,DAYLIGHT,PARKED MOTOR VEHICLE,NOT DIVIDED,,STRAIGHT AND LEVEL,UNKNOWN,UNKNOWN,ON SCENE,INJURY AND / OR TOW DUE TO CRASH,,,,"OVER $1,500",7/13/2023 9:53,"VISION OBSCURED (SIGNS, TREE LIMBS, BUILDINGS, ETC.)",UNABLE TO DETERMINE,5705,N,MASON AVE,1622,,,,,,,2,NO INDICATION OF INJURY,0,0,0,0,0,1,0,9,5,7,41.9848713,-87.77663556,POINT (-87.776635556864 41.984871302134)
e5544748a8e0d24f98e081ccea5921e53248fadf3767be86eefc424bf7fca64c347ce86c371e374c56b40d3f3744d4cc049c6ca53bb2768990f54c91878f91f7,JG339117,,7/13/2023 10:40,30,TRAFFIC SIGNAL,FUNCTIONING PROPERLY,CLEAR,DAYLIGHT,SIDESWIPE SAME DIRECTION,NOT DIVIDED,,STRAIGHT AND LEVEL,DRY,NO DEFECTS,NOT ON SCENE (DESK REPORT),NO INJURY / DRIVE AWAY,,,,"OVER $1,500",7/13/2023 11:15,NOT APPLICABLE,NOT APPLICABLE,201,S,HALSTED ST,1232,,,,,,,2,NO INDICATION OF INJURY,0,0,0,0,0,4,0,10,5,7,41.87918739,-87.64713254,POINT (-87.647132537324 41.879187393921)
e556071db47df9e714c72a66793659c4c62727675d1bac27dd3afbf31c3cf61048f9635d0703f7a82f402ea380595fdc0fd60086268e28600bf3ec3406e5a533,JG339587,,7/13/2023 15:17,30,NO CONTROLS,NO CONTROLS,CLEAR,DAYLIGHT,PARKED MOTOR VEHICLE,OTHER,,STRAIGHT AND LEVEL,DRY,UNKNOWN,ON SCENE,INJURY AND / OR TOW DUE TO CRASH,Y,,,"OVER $1,500",7/13/2023 15:17,UNABLE TO DETERMINE,NOT APPLICABLE,1099,E,MARQUETTE RD,321,,,,,,,2,"REPORTED, NOT EVIDENT",2,0,0,0,2,1,0,15,5,7,41.77492739,-87.59856835,POINT (-87.598568351056 41.774927386717)
e5ea99a8ff828b5ae6f385d1a00ea846ca0c87c2c23dfa69857940e5dcf8c644643278b6a97d798f4017d8e08517b5a87a3dea8dd486f05076dda148dba8454f,JG339025,,7/13/2023 9:04,25,NO CONTROLS,NO CONTROLS,CLEAR,"DARKNESS, LIGHTED ROAD",PARKED MOTOR VEHICLE,NOT DIVIDED,,STRAIGHT AND LEVEL,DRY,NO DEFECTS,NOT ON SCENE (DESK REPORT),NO INJURY / DRIVE AWAY,,,Y,"$501 - $1,500",7/13/2023 10:00,IMPROPER OVERTAKING/PASSING,NOT APPLICABLE,3837,S,PRINCETON AVE,915,,,,,,,2,NO INDICATION OF INJURY,0,0,0,0,0,1,0,9,5,7,41.82419209,-87.63362746,POINT (-87.633627457888 41.824192093788)
e837225697e02a0fe43998120a33dc92b23584922eeacdaa4dd7ca85207e2a2cf2be24f6e941b8dd64d153f113670353de99bf862f82ff4639e6c27badac1e24,JG338902,Y,7/13/2023 7:38,30,STOP SIGN/FLASHER,FUNCTIONING PROPERLY,CLEAR,DAYLIGHT,ANGLE,FOUR WAY,,STRAIGHT AND LEVEL,DRY,NO DEFECTS,ON SCENE,NO INJURY / DRIVE AWAY,Y,,,"$501 - $1,500",7/13/2023 7:48,DISREGARDING STOP SIGN,NOT APPLICABLE,7500,S,PAXTON AVE,414,Y,Y,,,,,2,NO INDICATION OF INJURY,0,0,0,0,0,2,0,7,5,7,41.75884419,-87.57139367,POINT (-87.571393672186 41.758844189325)
eaf541bfb61917913ff83e277b271dd14397be0500790b6bcd0f9f308402fc0c4ce2f831517b575c4e4b878d5455957bd594d20cc70ca2f09e0e182f04b7d5d7,JG339146,,7/13/2023 10:59,30,TRAFFIC SIGNAL,FUNCTIONING PROPERLY,CLOUDY/OVERCAST,DAYLIGHT,REAR END,DIVIDED - W/MEDIAN BARRIER,,STRAIGHT AND LEVEL,DRY,NO DEFECTS,ON SCENE,NO INJURY / DRIVE AWAY,,,Y,"OVER $1,500",7/13/2023 10:59,FOLLOWING TOO CLOSELY,UNABLE TO DETERMINE,2358,W,87TH ST,614,,,,,,,2,NO INDICATION OF INJURY,0,0,0,0,0,2,0,10,5,7,41.73563844,-87.68240579,POINT (-87.682405788023 41.735638443917)
e9155270cfb6258c259c251b6f81e20fdc3e0882bbea5101c77858f179e278372876d9aa1e4eb90f849e98f75d5f807f8ccf5a455b88fcd9ede333c7390a4478,JG207924,,4/2/2023 3:51,30,NO CONTROLS,NO CONTROLS,CLEAR,"DARKNESS, LIGHTED ROAD",FIXED OBJECT,OTHER,,STRAIGHT AND LEVEL,DRY,NO DEFECTS,,INJURY AND / OR TOW DUE TO CRASH,,,Y,"OVER $1,500",4/2/2023 3:55,UNABLE TO DETERMINE,NOT APPLICABLE,1501,W,PERSHING RD,924,,,,,,,1,NO INDICATION OF INJURY,0,0,0,0,0,1,0,3,1,4,41.82307047,-87.66322335,POINT (-87.663223353005 41.823070472467)
ebef94e18e7b2cb9b0e19b3ee61947a4afa4d9959cead1519526890e9157df0be8bfbadac1b6c3ab39894c08dbf165f32cb95f12a47f229ef0d7c89b5f7021b7,JG339338,,7/13/2023 13:19,30,NO CONTROLS,NO CONTROLS,CLEAR,DAYLIGHT,TURNING,NOT DIVIDED,,STRAIGHT AND LEVEL,DRY,NO DEFECTS,NOT ON SCENE (DESK REPORT),NO INJURY / DRIVE AWAY,,,,"OVER $1,500",7/13/2023 13:21,UNABLE TO DETERMINE,UNABLE TO DETERMINE,108,E,47TH ST,215,,,,,,,2,NO INDICATION OF INJURY,0,0,0,0,0,3,0,13,5,7,41.8094021,-87.62248348,POINT (-87.622483476594 41.80940209698)
ee910f60eb523e40338c2f721753584e8497ec150f27fc1e2aa9a977fed0164eec2b77acc9ccb45a2d1dcdf86902a95656f4803a1ecc7004ec2a061ba62c8eb6,JG341927,,7/13/2023 1:20,30,NO CONTROLS,NO CONTROLS,CLEAR,"DARKNESS, LIGHTED ROAD",REAR END,OTHER,,STRAIGHT AND LEVEL,WET,NO DEFECTS,NOT ON SCENE (DESK REPORT),NO INJURY / DRIVE AWAY,,,,"OVER $1,500",7/15/2023 11:20,FOLLOWING TOO CLOSELY,WEATHER,5700,S,CICERO AVE,813,,,,,,,2,NO INDICATION OF INJURY,0,0,0,0,0,2,0,1,5,7,41.78932932,-87.74164564,POINT (-87.741645644196 41.789329323265)
efa7b969079c9b6bdd85d6ecbff2115d76e758d6e9433f1cc801523d8b60f15f65e8fe0876f9dba12bed5ebfa70703141e06b04aaf1af093339f1a8c4d4e2a0d,JG338970,,7/13/2023 8:51,30,TRAFFIC SIGNAL,FUNCTIONING PROPERLY,CLEAR,DAYLIGHT,TURNING,DIVIDED - W/MEDIAN BARRIER,,STRAIGHT AND LEVEL,DRY,NO DEFECTS,ON SCENE,NO INJURY / DRIVE AWAY,,,,"OVER $1,500",7/13/2023 8:53,FOLLOWING TOO CLOSELY,DRIVING SKILLS/KNOWLEDGE/EXPERIENCE,3359,S,CALIFORNIA AVE,911,,,,,,,2,NO INDICATION OF INJURY,0,0,0,0,0,2,0,8,5,7,41.83218261,-87.69473004,POINT (-87.694730042726 41.832182605028)
efbb80932448ef5160e48700a884b9e4e0e3cd10aff006deb2f8e9d48646a65cff411972535757e96beb5bd3608161965f94c1ad3177c91e4e2d4660ca9391a5,JG338883,,7/13/2023 7:15,30,NO CONTROLS,NO CONTROLS,RAIN,DAYLIGHT,REAR END,NOT DIVIDED,,STRAIGHT AND LEVEL,WET,UNKNOWN,ON SCENE,INJURY AND / OR TOW DUE TO CRASH,,,,"OVER $1,500",7/13/2023 7:33,UNABLE TO DETERMINE,UNABLE TO DETERMINE,6300,S,SPAULDING AVE,823,,,,,,,3,NO INDICATION OF INJURY,0,0,0,0,0,4,0,7,5,7,41.7788848,-87.70570376,POINT (-87.705703763394 41.778884802093)
efc6638e2eb95885e0e895bc6ff20b9fb3c4148d760d3dc3a046e4cde953fe212ae421eb9e0d4d428cfc38d65f27756a9876a56bf47298b0aad68b5b4dbc4399,JG339273,,7/13/2023 12:08,25,NO CONTROLS,NO CONTROLS,CLEAR,DAYLIGHT,PARKED MOTOR VEHICLE,ONE-WAY,,STRAIGHT AND LEVEL,UNKNOWN,NO DEFECTS,ON SCENE,NO INJURY / DRIVE AWAY,,,,"OVER $1,500",7/13/2023 12:25,UNABLE TO DETERMINE,UNABLE TO DETERMINE,4951,N,ALBANY AVE,1713,,,,,,,2,NO INDICATION OF INJURY,0,0,0,0,0,1,0,12,5,7,41.9717962,-87.70597753,POINT (-87.705977525104 41.971796203568)
efd9b7e4657b2f63c8d833c166eb0a0e6bf42adba2a0ccacdfdb59abd439c79bd395cd0fca865bef07fd74adc56f1a992d86add81288a10e81da94a7f3a3a13f,JG339141,,7/13/2023 11:22,30,TRAFFIC SIGNAL,FUNCTIONING PROPERLY,CLOUDY/OVERCAST,DAYLIGHT,PARKED MOTOR VEHICLE,FOUR WAY,,STRAIGHT AND LEVEL,DRY,WORN SURFACE,ON SCENE,INJURY AND / OR TOW DUE TO CRASH,Y,,,"OVER $1,500",7/13/2023 11:27,IMPROPER OVERTAKING/PASSING,NOT APPLICABLE,364,E,87TH ST,632,,,,,,,2,NO INDICATION OF INJURY,0,0,0,0,0,1,0,11,5,7,41.73660345,-87.61517429,POINT (-87.615174290639 41.736603454243)
f12e8d60ff95f969daa3d784c1069f7661f718d8c242065257b9fdd8298a963227feaf5f4358c3d297a78e2d1b550cacbf50216860e3eaed8c80a99708d74756,JG339978,,7/13/2023 21:08,30,NO CONTROLS,FUNCTIONING PROPERLY,CLEAR,"DARKNESS, LIGHTED ROAD",ANGLE,T-INTERSECTION,,STRAIGHT AND LEVEL,DRY,NO DEFECTS,ON SCENE,NO INJURY / DRIVE AWAY,Y,,,"OVER $1,500",7/13/2023 21:11,DISREGARDING STOP SIGN,DISREGARDING STOP SIGN,1364,S,MORGAN ST,1232,,,,,,,2,NO INDICATION OF INJURY,0,0,0,0,0,3,0,21,5,7,41.86361565,-87.65108747,POINT (-87.651087467469 41.863615654448)
f134a74b0de9e253290778037af43cd694e18b0d89677bc827718fc7dc63f78698cb88f9ca7a2b331470adb9c10ef4537ba3d3025b20a80b5f742e815981e0fc,JG339194,,7/13/2023 11:30,30,NO CONTROLS,NO CONTROLS,CLEAR,DAYLIGHT,PARKED MOTOR VEHICLE,NOT DIVIDED,,STRAIGHT AND LEVEL,DRY,NO DEFECTS,NOT ON SCENE (DESK REPORT),NO INJURY / DRIVE AWAY,,,Y,"OVER $1,500",7/13/2023 12:00,DRIVING SKILLS/KNOWLEDGE/EXPERIENCE,IMPROPER OVERTAKING/PASSING,1958,W,LAKE ST,1223,,,,,,,2,NO INDICATION OF INJURY,0,0,0,0,0,2,0,11,5,7,41.88509638,-87.67662361,POINT (-87.67662361176 41.885096374943)
f2b1a84d0a6d0f9fd5e1f0a9282e620b687dea20140a76ffb0411bd66d42d25ed4a87eaaf5ef310e6f54728c720c9b5493aea4a9ac35095617587bb99c3b1d35,JG339080,,7/13/2023 10:30,30,NO CONTROLS,NO CONTROLS,CLEAR,DAYLIGHT,SIDESWIPE OPPOSITE DIRECTION,NOT DIVIDED,,STRAIGHT AND LEVEL,DRY,NO DEFECTS,ON SCENE,INJURY AND / OR TOW DUE TO CRASH,,,,"OVER $1,500",7/13/2023 10:40,FAILING TO YIELD RIGHT-OF-WAY,NOT APPLICABLE,6629,S,CALIFORNIA AVE,831,,,,,,,3,NO INDICATION OF INJURY,0,0,0,0,0,2,0,10,5,7,41.77276097,-87.69308447,POINT (-87.693084469496 41.772760970784)
f3559e900ca69a3471c7864a49ca26179eaf8af0b8310a785ecb90ddda0ceda03ac59c3ed95e345e56709886a1bb9405127275173661fccff72e6206fd484296,JG339614,,7/13/2023 16:34,30,TRAFFIC SIGNAL,FUNCTIONING PROPERLY,CLEAR,DAYLIGHT,ANGLE,NOT DIVIDED,,STRAIGHT AND LEVEL,DRY,UNKNOWN,ON SCENE,INJURY AND / OR TOW DUE TO CRASH,Y,,Y,"OVER $1,500",7/13/2023 16:35,DISREGARDING OTHER TRAFFIC SIGNS,NOT APPLICABLE,6600,S,HALSTED ST,723,,,,,,,2,NO INDICATION OF INJURY,0,0,0,0,0,2,0,16,5,7,41.77424812,-87.64478978,POINT (-87.644789774568 41.774248116446)
f36f8252324fb82762a0b662920ae77b1949616c9fdf25d977cae032dc584513ebfabacb299d4311f1a32835dfa7e63a45f3e397959c9f852cc403890d49c332,JG339643,,7/13/2023 14:00,30,NO CONTROLS,NO CONTROLS,CLEAR,DAYLIGHT,SIDESWIPE SAME DIRECTION,NOT DIVIDED,,STRAIGHT AND LEVEL,DRY,NO DEFECTS,NOT ON SCENE (DESK REPORT),INJURY AND / OR TOW DUE TO CRASH,,,,$500 OR LESS,7/13/2023 16:45,FAILING TO YIELD RIGHT-OF-WAY,FAILING TO YIELD RIGHT-OF-WAY,215,W,GARFIELD BLVD,711,,,,,,,2,NONINCAPACITATING INJURY,1,0,0,1,0,3,0,14,5,7,41.79407916,-87.63116472,POINT (-87.63116472444 41.794079157197)
f4572b0a615b1520cc8a84958c853c5c0fc988a8ca9dfa0e45d6144320aa15bd5a222e353da43558f67fc1443efe289fe85f3999f1b45348c61a533750eb149b,JG339200,,7/13/2023 11:15,35,NO CONTROLS,NO CONTROLS,CLEAR,DAYLIGHT,REAR END,NOT DIVIDED,,STRAIGHT AND LEVEL,DRY,NO DEFECTS,NOT ON SCENE (DESK REPORT),NO INJURY / DRIVE AWAY,,,,"$501 - $1,500",7/13/2023 12:10,DRIVING SKILLS/KNOWLEDGE/EXPERIENCE,UNABLE TO DETERMINE,2025,E,95TH ST,431,,,,,,,2,NO INDICATION OF INJURY,0,0,0,0,0,2,0,11,5,7,41.72237109,-87.57435264,POINT (-87.574352634637 41.722371085745)
f4773c0170a0ee77c1e647d41df7022442135339c1b5ab118c453837e5546db23c4b4a6245f5621c14dc367e2956c134dcb94a23ea8a6fe6dbbfc868befc77b7,JG339891,,7/13/2023 19:10,30,UNKNOWN,UNKNOWN,CLEAR,DUSK,SIDESWIPE SAME DIRECTION,NOT DIVIDED,,STRAIGHT AND LEVEL,UNKNOWN,UNKNOWN,,NO INJURY / DRIVE AWAY,,,,"$501 - $1,500",7/13/2023 19:50,UNABLE TO DETERMINE,NOT APPLICABLE,4600,W,NORTH AVE,2533,,,,,,,2,NO INDICATION OF INJURY,0,0,0,0,0,2,0,19,5,7,41.90979253,-87.74143388,POINT (-87.741433878087 41.909792526043)
f55d20f8e12c4240be045ce125e40a972e99db357d2ca147e3ab0adbfdfd0a4b6ad8f6386cc86ead02c3ed10687700844c0cc42cfb7f4bdd374aa7d47a3bcdc4,JG339681,,7/13/2023 17:01,35,NO CONTROLS,NO CONTROLS,CLEAR,DAYLIGHT,ANGLE,NOT DIVIDED,,STRAIGHT AND LEVEL,DRY,NO DEFECTS,ON SCENE,NO INJURY / DRIVE AWAY,,,,"OVER $1,500",7/13/2023 17:01,FAILING TO YIELD RIGHT-OF-WAY,FAILING TO YIELD RIGHT-OF-WAY,2626,N,LARAMIE AVE,2514,,,,,,,2,NO INDICATION OF INJURY,0,0,0,0,0,2,0,17,5,7,41.92863562,-87.75645951,POINT (-87.7564595135 41.92863562219)
f5aa0e07b82ad3a7e32a0220c564d5433bebfbf3eec69ba91ccef9f03358a164494b01c8d99ebacb54a668703cc36cf9c79a1a7c0732824c9295894a731c6d67,JG339538,,7/13/2023 15:56,30,TRAFFIC SIGNAL,FUNCTIONING PROPERLY,CLEAR,DAYLIGHT,REAR END,NOT DIVIDED,,STRAIGHT AND LEVEL,DRY,NO DEFECTS,ON SCENE,NO INJURY / DRIVE AWAY,,,,"OVER $1,500",7/13/2023 16:00,NOT APPLICABLE,NOT APPLICABLE,29,N,DAMEN AVE,1223,,,,,,,2,NO INDICATION OF INJURY,0,0,0,0,0,2,0,15,5,7,41.88218834,-87.67651496,POINT (-87.676514961878 41.882188338796)