CRASH_RECORD_ID,RD_NO,CRASH_DATE_EST_I,CRASH_DATE,POSTED_SPEED_LIMIT,TRAFFIC_CONTROL_DEVICE,DEVICE_CONDITION,WEATHER_CONDITION,LIGHTING_CONDITION,FIRST_CRASH_TYPE,TRAFFICWAY_TYPE,LANE_CNT,ALIGNMENT,ROADWAY_SURFACE_COND,ROAD_DEFECT,REPORT_TYPE,CRASH_TYPE,INTERSECTION_RELATED_I,NOT_RIGHT_OF_WAY_I,HIT_AND_RUN_I,DAMAGE,DATE_POLICE_NOTIFIED,PRIM_CONTRIBUTORY_CAUSE,SEC_CONTRIBUTORY_CAUSE,STREET_NO,STREET_DIRECTION,STREET_NAME,BEAT_OF_OCCURRENCE,PHOTOS_TAKEN_I,STATEMENTS_TAKEN_I,DOORING_I,WORK_ZONE_I,WORK_ZONE_TYPE,WORKERS_PRESENT_I,NUM_UNITS,MOST_SEVERE_INJURY,INJURIES_TOTAL,INJURIES_FATAL,INJURIES_INCAPACITATING,INJURIES_NON_INCAPACITATING,INJURIES_REPORTED_NOT_EVIDENT,INJURIES_NO_INDICATION,INJURIES_UNKNOWN,CRASH_HOUR,CRASH_DAY_OF_WEEK,CRASH_MONTH,LATITUDE,LONGITUDE,LOCATION
f5ac1307cc483c037afce5b8c2a1fd4c8df846c9974c75217ba4fd0f00db3afba41453aef0ae7b4ad67f073cefe59480cd6c2592f0a134da3587984a93c50371,JG339962,,7/13/2023 20:38,30,TRAFFIC SIGNAL,FUNCTIONING PROPERLY,CLEAR,DAYLIGHT,PEDALCYCLIST,FOUR WAY,,STRAIGHT AND LEVEL,DRY,NO DEFECTS,ON SCENE,NO INJURY / DRIVE AWAY,Y,,Y,"$501 - $1,500",7/13/2023 21:04,FOLLOWING TOO CLOSELY,UNABLE TO DETERMINE,7600,N,PAULINA ST,2422,,,,,,,2,NO INDICATION OF INJURY,0,0,0,0,0,2,0,20,5,7,42.01947902,-87.67325237,POINT (-87.673252371818 42.019479023694)
f628fa0ed28094abbbbd7db4687f6daed877dd3a34ce1793af81c2d63f9e56d52d5413fa29e20466a020af5d810cda320384095998444691a1b472833d19a4ca,JG339545,,7/13/2023 7:00,30,UNKNOWN,UNKNOWN,CLEAR,DAYLIGHT,PARKED MOTOR VEHICLE,NOT DIVIDED,,STRAIGHT AND LEVEL,UNKNOWN,UNKNOWN,,NO INJURY / DRIVE AWAY,,,,"$501 - $1,500",7/13/2023 16:00,UNABLE TO DETERMINE,UNABLE TO DETERMINE,2740,N,HAMPDEN CT,1935,,,,,,,2,NO INDICATION OF INJURY,0,0,0,0,0,1,0,7,5,7,41.93186086,-87.64233056,POINT (-87.642330560465 41.931860860735)
f8dc5edb0976772d9087bc954df7a1783057bdc2374047e52559123205951428958c293c9a6bbdc34ed0a6d70e6bf28330a73e253711efd43ba8f30b0066e984,JG339437,,7/13/2023 14:36,35,NO CONTROLS,NO CONTROLS,CLEAR,DAYLIGHT,TURNING,DIVIDED - W/MEDIAN BARRIER,,STRAIGHT AND LEVEL,DRY,NO DEFECTS,ON SCENE,INJURY AND / OR TOW DUE TO CRASH,N,,Y,"OVER $1,500",7/13/2023 14:36,FAILING TO YIELD RIGHT-OF-WAY,IMPROPER TURNING/NO SIGNAL,314,N,ASHLAND AVE,1215,,,,,,,2,NO INDICATION OF INJURY,0,0,0,0,0,2,0,14,5,7,41.8874011,-87.66718571,POINT (-87.667185711029 41.887401096645)
f9416ea9fc200df99a381de63196f2931f983aaae36c5545a78f78f93a36e9e80718a25cf04587749a426c08003ac5c74f6d78e3a50ddedafff5db329126e32f,JG339922,,7/13/2023 20:10,15,NO CONTROLS,NO CONTROLS,CLEAR,DAYLIGHT,PARKED MOTOR VEHICLE,PARKING LOT,,STRAIGHT AND LEVEL,DRY,NO DEFECTS,ON SCENE,NO INJURY / DRIVE AWAY,,,Y,$500 OR LESS,7/13/2023 20:15,IMPROPER BACKING,NOT APPLICABLE,6219,N,CALIFORNIA AVE,2413,,,,,,,2,NO INDICATION OF INJURY,0,0,0,0,0,2,0,20,5,7,41.99458836,-87.69939147,POINT (-87.69939147444 41.994588357901)
f94f930412bf4fc8e7993938c5370823bc37d78691d6ddc7db3f673ec4744eef17f9b690117491eb0798772146701b0cf1b5dbe99415961d5b441584f5eeadf0,JG339725,,7/13/2023 17:21,30,NO CONTROLS,NO CONTROLS,CLEAR,DAYLIGHT,ANGLE,NOT DIVIDED,,STRAIGHT AND LEVEL,DRY,NO DEFECTS,ON SCENE,INJURY AND / OR TOW DUE TO CRASH,,,,"OVER $1,500",7/13/2023 17:29,FAILING TO YIELD RIGHT-OF-WAY,FAILING TO YIELD RIGHT-OF-WAY,4150,S,WESTERN AVE,921,,,,,,,2,"REPORTED, NOT EVIDENT",1,0,0,0,1,1,0,17,5,7,41.81781879,-87.68482658,POINT (-87.684826578937 41.817818786134)
f9c7c554b7f67734439969c843f0b664c8e237a9eb7f768287c935492a474bd71717dc38d7e1a538cf652e2916826617c1792dd56eabcf88861f822059320376,JG339067,,7/13/2023 6:00,30,NO CONTROLS,NO CONTROLS,UNKNOWN,UNKNOWN,PARKED MOTOR VEHICLE,NOT DIVIDED,,STRAIGHT AND LEVEL,UNKNOWN,UNKNOWN,NOT ON SCENE (DESK REPORT),NO INJURY / DRIVE AWAY,,,Y,"$501 - $1,500",7/13/2023 10:30,UNABLE TO DETERMINE,NOT APPLICABLE,2333,W,LUNT AVE,2411,,,,,,,2,NO INDICATION OF INJURY,0,0,0,0,0,1,0,6,5,7,42.00852396,-87.68938124,POINT (-87.689381234774 42.008523962535)
fa44d736a137d384e035e26f603dcddc3fc256a2ba1e8978a1388f0066ec02a5cb35edd6c067f71b4efcbd7de430f38af78d217f1c93aef5d0eee53e1d976fad,JG339673,,7/13/2023 17:10,30,TRAFFIC SIGNAL,FUNCTIONING PROPERLY,CLEAR,DAYLIGHT,TURNING,FOUR WAY,,STRAIGHT AND LEVEL,DRY,NO DEFECTS,ON SCENE,INJURY AND / OR TOW DUE TO CRASH,Y,,,"OVER $1,500",7/13/2023 17:11,UNABLE TO DETERMINE,UNABLE TO DETERMINE,6700,S,WESTERN AVE,832,,,,,,,3,NO INDICATION OF INJURY,0,0,0,0,0,7,0,17,5,7,41.77188403,-87.6835884,POINT (-87.683588402063 41.771884027712)
fb00ba8c3ea12097a7342bdfd16ab85c586e0ab3cba2bcb3aa09d91c2b27372c9bc75cd279021eec3489444970ed37718bb8cd930db49b5d8228548daeaa3adf,JG344393,,7/13/2023 3:55,30,TRAFFIC SIGNAL,UNKNOWN,UNKNOWN,"DARKNESS, LIGHTED ROAD",REAR END,FOUR WAY,,STRAIGHT AND LEVEL,UNKNOWN,UNKNOWN,NOT ON SCENE (DESK REPORT),NO INJURY / DRIVE AWAY,,,Y,"OVER $1,500",7/17/2023 10:25,UNABLE TO DETERMINE,UNABLE TO DETERMINE,4701,S,CICERO AVE,815,,,,,,,2,NO INDICATION OF INJURY,0,0,0,0,0,2,0,3,5,7,41.80753346,-87.74300342,POINT (-87.743003421203 41.807533457298)
fc66cf334cecaf0b72bc412bce849ae1b6e277e5bfdaaf9c8d2edf701d33e1c02ca862f03467240a467bc0b8b44fdf0f43d9de6705ee62b71b9f3a813f4519c9,JG339653,,7/13/2023 16:48,30,TRAFFIC SIGNAL,FUNCTIONING PROPERLY,CLEAR,DAYLIGHT,SIDESWIPE SAME DIRECTION,CENTER TURN LANE,,STRAIGHT AND LEVEL,DRY,NO DEFECTS,ON SCENE,NO INJURY / DRIVE AWAY,,,Y,$500 OR LESS,7/13/2023 17:00,UNABLE TO DETERMINE,UNABLE TO DETERMINE,2200,S,WESTERN AVE,1034,,,,,,,2,NO INDICATION OF INJURY,0,0,0,0,0,2,0,16,5,7,41.85198384,-87.6857857,POINT (-87.685785704205 41.851983839573)
fc57aa0df0f714ccbb5d40f4e6ede68367c69e92fa09f11096d832d3fb6dd8f4fedb9c9f60ed250641d7df2454100a18192a3a588bc8c05d3467ea52d3d3da0e,JG321346,,6/29/2023 18:40,30,NO CONTROLS,NO CONTROLS,CLEAR,DAYLIGHT,TURNING,NOT DIVIDED,,STRAIGHT AND LEVEL,DRY,UNKNOWN,,NO INJURY / DRIVE AWAY,,,,"OVER $1,500",6/29/2023 19:50,IMPROPER OVERTAKING/PASSING,NOT APPLICABLE,6500,N,RIDGE BLVD,2412,,,,,,,2,NO INDICATION OF INJURY,0,0,0,0,0,3,0,18,5,6,41.99983997,-87.67785652,POINT (-87.677856521942 41.999839968641)
fe7cf600899ebc1c2024c804e33132a98fcd78ac788a4dded5cce49a160c2f4af48203df7aa90534816e00818ed3f6c94f7b5c2a5ef86fc22808fe40471cb79d,JG339600,,7/13/2023 15:56,30,STOP SIGN/FLASHER,NO CONTROLS,CLEAR,DAYLIGHT,ANGLE,NOT DIVIDED,,STRAIGHT AND LEVEL,DRY,NO DEFECTS,NOT ON SCENE (DESK REPORT),NO INJURY / DRIVE AWAY,,,,"$501 - $1,500",7/13/2023 16:34,NOT APPLICABLE,NOT APPLICABLE,3946,S,PULASKI RD,815,,,,,,,2,NO INDICATION OF INJURY,0,0,0,0,0,2,0,15,5,7,41.8202456,-87.72413519,POINT (-87.724135193287 41.820245600783)
fe9255c48047e40fa476a5ebd3bae91ac227a12dd58243a76123e043f9ee4f0904ab5d195a7049650eafec2447dc5871108746350231b7ed65745ebdc0d9f7e9,JG339767,,7/13/2023 18:10,30,NO CONTROLS,NO CONTROLS,CLEAR,DAYLIGHT,SIDESWIPE SAME DIRECTION,NOT DIVIDED,,STRAIGHT AND LEVEL,DRY,NO DEFECTS,ON SCENE,NO INJURY / DRIVE AWAY,,,Y,$500 OR LESS,7/13/2023 18:15,UNABLE TO DETERMINE,NOT APPLICABLE,629,W,95TH ST,2223,,,,,,,2,NO INDICATION OF INJURY,0,0,0,0,0,2,0,18,5,7,41.72139914,-87.63950876,POINT (-87.639508755141 41.721399142593)
fd9ad97c7bd3eb8ef87af24c8f2d268f8dff5027802f602c1f45953dfd599251cf5bbe1209e22ca3c4b2b057dc77731150a10af310cac0fac2c9d7df29aa8b67,JD108257,,1/8/2020 9:30,20,NO CONTROLS,NO CONTROLS,CLEAR,DAYLIGHT,PEDESTRIAN,NOT DIVIDED,,STRAIGHT AND LEVEL,DRY,NO DEFECTS,,NO INJURY / DRIVE AWAY,Y,,Y,$500 OR LESS,1/8/2020 10:00,FAILING TO YIELD RIGHT-OF-WAY,UNABLE TO DETERMINE,1658,W,21ST ST,1234,,,,,,,2,NO INDICATION OF INJURY,0,0,0,0,0,2,0,9,4,1,41.85421937,-87.66845816,POINT (-87.668458159082 41.85421937417)
ffe5445a492ea5b822ae4ee197517eb435a4ab1cff7a9e6662afa5004ac01103f755cc62ac0910f001e0cf5dc1c4f181ffdc3f99bc0da0994d60916c135dbff1,JG339786,,7/13/2023 18:24,30,UNKNOWN,UNKNOWN,CLEAR,DAYLIGHT,TURNING,FOUR WAY,,STRAIGHT AND LEVEL,DRY,UNKNOWN,ON SCENE,INJURY AND / OR TOW DUE TO CRASH,Y,,,"OVER $1,500",7/13/2023 18:24,FAILING TO YIELD RIGHT-OF-WAY,FAILING TO YIELD RIGHT-OF-WAY,2800,W,55TH ST,923,,,,,,,3,NONINCAPACITATING INJURY,2,0,0,2,0,2,0,18,5,7,41.79379949,-87.69386234,POINT (-87.693862335855 41.793799489484)
003bbd6548d68d5b9f144ef940cc967e6d81398caf2e784a2d66acbf532705e37a1f3d68d88860def25709a3efdfd44e6ad052c6274664ca63ad850ea301347d,JC350464,,7/15/2019 20:20,30,TRAFFIC SIGNAL,FUNCTIONING PROPERLY,CLEAR,DAWN,PEDESTRIAN,NOT DIVIDED,,STRAIGHT AND LEVEL,DRY,NO DEFECTS,,INJURY AND / OR TOW DUE TO CRASH,Y,,Y,$500 OR LESS,7/15/2019 20:22,FAILING TO YIELD RIGHT-OF-WAY,TURNING RIGHT ON RED,1999,W,CHICAGO AVE,1221,,,,,,,2,NONINCAPACITATING INJURY,1,0,0,1,0,1,0,20,2,7,41.89580312,-87.67698748,POINT (-87.676987476039 41.895803114893)
00418b6e196124ea724c0826b83adb45b99732b426595e33272865bd9b7468ce1c168ca94a74b8a39cd33dc694e4c6563318ecf3ed336f429087743db95478e9,JD240830,,5/23/2020 21:20,30,TRAFFIC SIGNAL,FUNCTIONING PROPERLY,RAIN,"DARKNESS, LIGHTED ROAD",REAR END,DIVIDED - W/MEDIAN (NOT RAISED),,STRAIGHT AND LEVEL,WET,NO DEFECTS,,NO INJURY / DRIVE AWAY,,,Y,"$501 - $1,500",5/23/2020 21:50,FOLLOWING TOO CLOSELY,NOT APPLICABLE,4808,W,WRIGHTWOOD AVE,2521,,,,,,,2,NO INDICATION OF INJURY,0,0,0,0,0,3,0,21,7,5,41.92801303,-87.74687859,POINT (-87.746878591086 41.928013031945)
006052855e17fbe84fcbdfd89d0d4473e5e470d5cd1211dbb5413690e598c956aa4c889b59bd0b2b6926cf3325dc9488f71da1f8aa2dc041d7f5a1a1bccc1541,JD149870,,2/13/2020 0:05,30,TRAFFIC SIGNAL,FUNCTIONING PROPERLY,SNOW,DARKNESS,REAR END,NOT DIVIDED,,STRAIGHT AND LEVEL,SNOW OR SLUSH,NO DEFECTS,,INJURY AND / OR TOW DUE TO CRASH,,,,"OVER $1,500",2/13/2020 0:06,NOT APPLICABLE,NOT APPLICABLE,13000,S,STONY ISLAND AVE,434,,,,,,,2,NO INDICATION OF INJURY,0,0,0,0,0,3,0,0,5,2,,,
0069babe3487716ba2eedd63fd367ff0149296e2821549e825c8bafadb6378a61b18e18faf0baef4454a2398ae4335536bc534029a363675116d1f0ed09c3e61,JG328975,,7/3/2023 17:06,30,TRAFFIC SIGNAL,UNKNOWN,UNKNOWN,UNKNOWN,TURNING,NOT DIVIDED,,STRAIGHT AND LEVEL,UNKNOWN,UNKNOWN,,NO INJURY / DRIVE AWAY,Y,,,"OVER $1,500",7/5/2023 17:09,FAILING TO YIELD RIGHT-OF-WAY,NOT APPLICABLE,8258,S,STONY ISLAND AVE,411,,,,,,,2,NO INDICATION OF INJURY,0,0,0,0,0,2,0,17,2,7,41.7442883,-87.58594701,POINT (-87.585947011459 41.744288303496)
7b4709933ff6c929486bbd0345aaa4ac03d3035351dc0f8791d4e531a026f6de19f48c340b6409a2cab6dcc629f0513c8ed8c6c9d64e3763020997be4f873ebb,JE489911,,12/27/2021 10:15,35,NO CONTROLS,NO CONTROLS,RAIN,DAYLIGHT,SIDESWIPE SAME DIRECTION,ONE-WAY,,STRAIGHT AND LEVEL,WET,NO DEFECTS,ON SCENE,NO INJURY / DRIVE AWAY,,,,"$501 - $1,500",12/27/2021 10:25,FOLLOWING TOO CLOSELY,WEATHER,3,W,TERMINAL ST,1653,,,,,,,2,NO INDICATION OF INJURY,0,0,0,0,0,2,0,10,2,12,,,
7a2f7e47ab4a7d294017c66412f26cd7c58c6237bdb454cc7ef7d897e079efcf0460f8c031981ffb2065f0ca7e6d521a871a6435fa9de47ec02df8648ae20ad1,JB520862,,11/18/2018 10:00,30,NO CONTROLS,NO CONTROLS,CLEAR,DAYLIGHT,REAR END,NOT DIVIDED,2,STRAIGHT AND LEVEL,DRY,NO DEFECTS,,NO INJURY / DRIVE AWAY,,,Y,"OVER $1,500",11/18/2018 17:25,FOLLOWING TOO CLOSELY,NOT APPLICABLE,4798,W,LAWRENCE AVE,1712,,,,,,,2,NO INDICATION OF INJURY,0,0,0,0,0,2,0,10,1,11,41.96813894,-87.74770001,POINT (-87.74770000781 41.968138939776)
7c0043fea2daec6e0cf0b90bece3d55f095cdedecd6f6dff50bf6cfa047be14f19dd16f0583274684e1c0dbd0ec60fd7a4dfdb2b0d13b997997aa6d344acaecc,JC461355,,10/5/2019 17:46,30,TRAFFIC SIGNAL,UNKNOWN,RAIN,DUSK,REAR END,FOUR WAY,,STRAIGHT AND LEVEL,WET,UNKNOWN,ON SCENE,NO INJURY / DRIVE AWAY,Y,,Y,$500 OR LESS,10/5/2019 17:46,FOLLOWING TOO CLOSELY,UNABLE TO DETERMINE,2801,N,ASHLAND AVE,1932,,,,,,,2,NO INDICATION OF INJURY,0,0,0,0,0,3,0,17,7,10,41.93245229,-87.668249,POINT (-87.668248997573 41.932452290409)
b4f21a9eaaee2895d092b76e29faa126b6f4a41f45a7704f21b52635b9483fc9421448ab98f237d9d3ef1f2068d32c27b51120efc38da118cb91d0617be59387,JD148897,,2/12/2020 10:00,15,NO CONTROLS,NO CONTROLS,CLEAR,DAYLIGHT,PARKED MOTOR VEHICLE,PARKING LOT,,STRAIGHT AND LEVEL,DRY,NO DEFECTS,,NO INJURY / DRIVE AWAY,,N,Y,"$501 - $1,500",2/12/2020 10:01,IMPROPER BACKING,NOT APPLICABLE,4646,S,DAMEN AVE,924,,,,,,,2,NO INDICATION OF INJURY,0,0,0,0,0,2,0,10,4,2,41.8089361,-87.6750952,POINT (-87.675095196297 41.808936101939)
b53ae1ea02331709ea7fa4157509e8ecffd96b94c330a4a66676a80d7f12a809073d89279399387728f99f46246deef4a8cbc4f1a072994d60a1f7762a160750,JG295495,,6/10/2023 10:37,30,TRAFFIC SIGNAL,FUNCTIONING PROPERLY,CLEAR,DAYLIGHT,ANGLE,NOT DIVIDED,,STRAIGHT AND LEVEL,DRY,UNKNOWN,,NO INJURY / DRIVE AWAY,N,,,"OVER $1,500",6/10/2023 10:57,FAILING TO YIELD RIGHT-OF-WAY,"VISION OBSCURED (SIGNS, TREE LIMBS, BUILDINGS, ETC.)",3950,W,DIVISION ST,2535,,,,,,,2,NO INDICATION OF INJURY,0,0,0,0,0,3,0,10,7,6,41.90278753,-87.72587696,POINT (-87.725876954862 41.902787527696)
b54b02b6ccc501b35ba8335e91c4641eb232d351973f289b4a02b68213a953403b0c71a332f26aa7f132ece52597b73051a5784e1fcff144509ff04c0441a61d,JD145668,Y,2/9/2020 12:45,30,TRAFFIC SIGNAL,FUNCTIONING PROPERLY,SNOW,DAYLIGHT,PEDESTRIAN,ONE-WAY,,STRAIGHT AND LEVEL,SNOW OR SLUSH,NO DEFECTS,,INJURY AND / OR TOW DUE TO CRASH,Y,,,$500 OR LESS,2/9/2020 12:51,FAILING TO YIELD RIGHT-OF-WAY,NOT APPLICABLE,1,S,MORGAN ST,1232,,,,,,,2,NONINCAPACITATING INJURY,1,0,0,1,0,1,0,12,1,2,41.88167957,-87.65188388,POINT (-87.65188387985 41.881679571402)
b6075601d4f6fb116dfa738768d76fe46c00fac523c8169558b2f64ed09eafa8373513cabaef8a50118e6522a58ade7f4c57ab40ec1df9491b338bf9107a1d0e,JD250195,,6/1/2020 14:40,30,TRAFFIC SIGNAL,FUNCTIONING PROPERLY,CLEAR,DAYLIGHT,REAR END,DIVIDED - W/MEDIAN BARRIER,,STRAIGHT AND LEVEL,DRY,NO DEFECTS,,NO INJURY / DRIVE AWAY,,,,"$501 - $1,500",6/1/2020 19:45,FOLLOWING TOO CLOSELY,UNABLE TO DETERMINE,1802,N,DAMEN AVE,1434,,,,,,,2,NO INDICATION OF INJURY,0,0,0,0,0,2,0,14,2,6,41.91458078,-87.67770031,POINT (-87.677700307164 41.914580783959)
b65e8eab1c10c1f8d5ef09c132c2a5d836064bdc5b74ef77128a757f4ccbc51779b02ca5d3753de9a3b855ac9f37c3be1e7acd31718697f3c2e2444f4e7a1275,JC565905,,12/30/2019 21:15,30,TRAFFIC SIGNAL,FUNCTIONING PROPERLY,RAIN,"DARKNESS, LIGHTED ROAD",PEDESTRIAN,CENTER TURN LANE,,STRAIGHT AND LEVEL,WET,NO DEFECTS,,INJURY AND / OR TOW DUE TO CRASH,Y,,Y,"OVER $1,500",12/30/2019 21:17,FAILING TO YIELD RIGHT-OF-WAY,NOT APPLICABLE,6700,S,ASHLAND AVE,725,,,,,,,2,INCAPACITATING INJURY,1,0,1,0,0,1,0,21,2,12,41.77209823,-87.66416462,POINT (-87.664164617596 41.77209823278)
c6374a6617577a5223bda03dc0e3e3d7a8d16094850eeb472070f048a3c4895f59cd33edd468bde5ac9f7bf9e380c7dd0c36eb28cbf16074e5e8708b261f6bdf,,Y,7/27/2023 8:30,30,NO CONTROLS,NO CONTROLS,UNKNOWN,DAYLIGHT,PARKED MOTOR VEHICLE,PARKING LOT,,STRAIGHT AND LEVEL,UNKNOWN,NO DEFECTS,NOT ON SCENE (DESK REPORT),NO INJURY / DRIVE AWAY,,Y,Y,"OVER $1,500",7/28/2023 7:50,FAILING TO YIELD RIGHT-OF-WAY,NOT APPLICABLE,5456,W,BELMONT AVE,1633,,,,,,,2,NO INDICATION OF INJURY,0,0,0,0,0,1,0,8,5,7,41.93871865,-87.76391155,POINT (-87.76391154503 41.938718651976)
968296b5509d54e0fabb25ab0feb766a1ce0840322c2d8a483baad46c9b20cb8d867e080485b7d61ee9f758138602b495f33c93c3a31dfc2577a77b74545092f,,,7/27/2023 17:45,30,UNKNOWN,UNKNOWN,CLEAR,DAYLIGHT,SIDESWIPE SAME DIRECTION,NOT DIVIDED,,STRAIGHT AND LEVEL,DRY,NO DEFECTS,NOT ON SCENE (DESK REPORT),NO INJURY / DRIVE AWAY,,,,"OVER $1,500",7/28/2023 15:15,IMPROPER BACKING,NOT APPLICABLE,2315,W,25TH ST,1034,,,,,,,2,NO INDICATION OF INJURY,0,0,0,0,0,3,0,17,5,7,41.8465179,-87.68365215,POINT (-87.683652149991 41.846517902239)
5802e5bdcdcba1cb7737762bf9699b3018fee1651c35a6eac95326418e0481dac49ba866f45fb4aaf517cf3f778fa705b90ef671e8e54abde1eabfec9f6844d2,,,7/28/2023 13:00,30,TRAFFIC SIGNAL,FUNCTIONING PROPERLY,CLEAR,DAYLIGHT,TURNING,FOUR WAY,,STRAIGHT AND LEVEL,DRY,NO DEFECTS,ON SCENE,NO INJURY / DRIVE AWAY,Y,,,"OVER $1,500",7/28/2023 14:07,FAILING TO YIELD RIGHT-OF-WAY,"VISION OBSCURED (SIGNS, TREE LIMBS, BUILDINGS, ETC.)",4700,S,WESTERN AVE,922,,,,,,,2,NO INDICATION OF INJURY,0,0,0,0,0,2,0,13,6,7,41.80837841,-87.68457072,POINT (-87.684570716896 41.808378407947)
065591f807a685a4ab3cf9347159ae6dd10eb81a6d62c076f4ab4c8ecb56baad60f9e7a34681dd26866870d9a4f4dfc80a8d05059a6b7177f54e4b34c46e78cf,,,7/28/2023 9:40,30,NO CONTROLS,NO CONTROLS,CLEAR,DAYLIGHT,SIDESWIPE SAME DIRECTION,NOT DIVIDED,,STRAIGHT AND LEVEL,DRY,NO DEFECTS,ON SCENE,NO INJURY / DRIVE AWAY,,,,"OVER $1,500",7/28/2023 10:00,UNABLE TO DETERMINE,UNABLE TO DETERMINE,540,W,WRIGHTWOOD AVE,1935,,,,,,,2,NO INDICATION OF INJURY,0,0,0,0,0,2,0,9,6,7,41.93030159,-87.64293444,POINT (-87.642934443708 41.930301591347)
dd3a4362819d3be4ccffe01ca83dc17e8978549d74e21f9f7de670c038fae5b475936332047e596f1b6007dcaabc5e4dec6a3114c3cae9c5bdec2fa7c7f681c1,,,7/28/2023 17:00,30,NO CONTROLS,NO CONTROLS,CLEAR,DAYLIGHT,TURNING,NOT DIVIDED,,STRAIGHT AND LEVEL,DRY,UNKNOWN,NOT ON SCENE (DESK REPORT),NO INJURY / DRIVE AWAY,,,,"OVER $1,500",7/28/2023 17:30,IMPROPER TURNING/NO SIGNAL,NOT APPLICABLE,5118,S,KILBOURN AVE,815,,,,,,,2,NO INDICATION OF INJURY,0,0,0,0,0,2,0,17,6,7,41.79985006,-87.73574761,POINT (-87.735747604839 41.799850059628)
bdd2611029f170f5723bcacb4b8476fa18437a3f9c0ae0dd821bd3cd5502f3f091cb8700215d2a812ffb73c47b8fc9a81f7d36fbbb3ee563562b56a9b5288de8,,,7/28/2023 8:45,30,STOP SIGN/FLASHER,FUNCTIONING PROPERLY,RAIN,DAYLIGHT,ANGLE,FOUR WAY,,STRAIGHT AND LEVEL,WET,NO DEFECTS,ON SCENE,NO INJURY / DRIVE AWAY,Y,,,"OVER $1,500",7/28/2023 8:51,IMPROPER BACKING,UNABLE TO DETERMINE,157,N,PEORIA ST,1224,,,,,,,2,NO INDICATION OF INJURY,0,0,0,0,0,2,0,8,6,7,41.88472148,-87.64963478,POINT (-87.64963477882 41.884721483743)
7cbb0e671e7a23390c3e5728c85b0a2221c2835d93f8357ce59a57cdac674e58b1e0cdcdcbbb55d8a42881076b5526ac5be9c6be54cdf4ef182398b012121997,,Y,7/27/2023 16:00,30,NO CONTROLS,NO CONTROLS,UNKNOWN,UNKNOWN,PARKED MOTOR VEHICLE,ONE-WAY,,STRAIGHT AND LEVEL,UNKNOWN,UNKNOWN,ON SCENE,NO INJURY / DRIVE AWAY,,,,"OVER $1,500",7/28/2023 11:14,IMPROPER BACKING,NOT APPLICABLE,2601,N,MAJOR AVE,2514,,,,,,,2,NO INDICATION OF INJURY,0,0,0,0,0,1,0,16,5,7,41.92768743,-87.76840532,POINT (-87.768405316991 41.92768742517)
37a94f9e0c0dea2b9bc31ab84c78c8109347ff958aa20ac65d8ab50c9f793254274489a2d79b88bd96428370a5767bf6333c447f508bdbe1aa53e5fe2b0310c7,,,7/19/2023 15:11,35,UNKNOWN,UNKNOWN,CLEAR,DAYLIGHT,REAR END,NOT DIVIDED,,STRAIGHT AND LEVEL,DRY,NO DEFECTS,ON SCENE,INJURY AND / OR TOW DUE TO CRASH,,,,"OVER $1,500",7/19/2023 15:11,FOLLOWING TOO CLOSELY,NOT APPLICABLE,5819,S,DAMEN AVE,715,,,,,,,4,NONINCAPACITATING INJURY,3,0,0,3,0,2,0,15,4,7,41.78786689,-87.67398302,POINT (-87.673983015108 41.787866889614)
322b79a599119e4c3eefcc20e12ec76edf7e8cdf1c9950e9861acabf3a5207b6aff55f56dd8eb4e1d3548606a8f8d42f1795f6b1bd43079d449215498b13509e,,,7/28/2023 10:00,30,NO CONTROLS,NO CONTROLS,UNKNOWN,DAYLIGHT,PARKED MOTOR VEHICLE,ONE-WAY,,STRAIGHT AND LEVEL,UNKNOWN,UNKNOWN,NOT ON SCENE (DESK REPORT),NO INJURY / DRIVE AWAY,,,,"$501 - $1,500",7/28/2023 17:45,UNABLE TO DETERMINE,NOT APPLICABLE,345,E,OHIO ST,1834,,,,,,,2,NO INDICATION OF INJURY,0,0,0,0,0,1,0,10,6,7,41.8925183,-87.61850243,POINT (-87.618502426937 41.892518300822)
353b3ce1095a91d0221307cd835d5368119fe4394d7c0c6e9adda8f42b9bfeea1f9cb1b4a2e615f7a3b160e05df318d3fd6b1c83a5e4fd0a787d9db393596347,,,7/28/2023 16:32,30,NO CONTROLS,NO CONTROLS,CLEAR,DAYLIGHT,REAR END,NOT DIVIDED,,STRAIGHT AND LEVEL,DRY,NO DEFECTS,ON SCENE,INJURY AND / OR TOW DUE TO CRASH,,,,"OVER $1,500",7/28/2023 16:42,DISTRACTION - FROM INSIDE VEHICLE,FAILING TO REDUCE SPEED TO AVOID CRASH,5247,W,DIVERSEY AVE,2514,,,,,,,2,NONINCAPACITATING INJURY,1,0,0,1,0,3,0,16,6,7,41.93126652,-87.75829048,POINT (-87.758290481436 41.931266521466)
ab7b7481104871f9f799e8026a13204c4b4ae0869b351c39c664c0b29ce50744d38d4e40b1f8e39396ac0a7df05d3365c9316feaf2637344c0c8d16c40dff581,,,7/28/2023 14:55,30,NO CONTROLS,NO CONTROLS,CLEAR,DAYLIGHT,ANGLE,NOT DIVIDED,,STRAIGHT AND LEVEL,DRY,NO DEFECTS,NOT ON SCENE (DESK REPORT),NO INJURY / DRIVE AWAY,,,Y,"$501 - $1,500",7/28/2023 15:20,UNABLE TO DETERMINE,NOT APPLICABLE,2000,W,119TH ST,2234,,,,,,,2,NO INDICATION OF INJURY,0,0,0,0,0,2,0,14,6,7,41.67748027,-87.67061479,POINT (-87.670614785226 41.677480267193)