CRASH_RECORD_ID,RD_NO,CRASH_DATE_EST_I,CRASH_DATE,POSTED_SPEED_LIMIT,TRAFFIC_CONTROL_DEVICE,DEVICE_CONDITION,WEATHER_CONDITION,LIGHTING_CONDITION,FIRST_CRASH_TYPE,TRAFFICWAY_TYPE,LANE_CNT,ALIGNMENT,ROADWAY_SURFACE_COND,ROAD_DEFECT,REPORT_TYPE,CRASH_TYPE,INTERSECTION_RELATED_I,NOT_RIGHT_OF_WAY_I,HIT_AND_RUN_I,DAMAGE,DATE_POLICE_NOTIFIED,PRIM_CONTRIBUTORY_CAUSE,SEC_CONTRIBUTORY_CAUSE,STREET_NO,STREET_DIRECTION,STREET_NAME,BEAT_OF_OCCURRENCE,PHOTOS_TAKEN_I,STATEMENTS_TAKEN_I,DOORING_I,WORK_ZONE_I,WORK_ZONE_TYPE,WORKERS_PRESENT_I,NUM_UNITS,MOST_SEVERE_INJURY,INJURIES_TOTAL,INJURIES_FATAL,INJURIES_INCAPACITATING,INJURIES_NON_INCAPACITATING,INJURIES_REPORTED_NOT_EVIDENT,INJURIES_NO_INDICATION,INJURIES_UNKNOWN,CRASH_HOUR,CRASH_DAY_OF_WEEK,CRASH_MONTH,LATITUDE,LONGITUDE,LOCATION
f5493835055cb5da813d52257551e6f9e171c25764e33d33b91431bd2fcec9010e2c66f7172c92e02701b849b52779f1177854d026a79d5942ad75b16c814dda,,,7/28/2023 21:50,30,TRAFFIC SIGNAL,FUNCTIONING PROPERLY,CLEAR,"DARKNESS, LIGHTED ROAD",REAR END,NOT DIVIDED,,STRAIGHT AND LEVEL,WET,UNKNOWN,NOT ON SCENE (DESK REPORT),NO INJURY / DRIVE AWAY,,,N,"OVER $1,500",7/28/2023 22:20,UNABLE TO DETERMINE,UNABLE TO DETERMINE,1599,W,MARQUETTE RD,725,,,,,,,2,NO INDICATION OF INJURY,0,0,0,0,0,6,0,21,6,7,41.77208327,-87.66395686,POINT (-87.663956857364 41.772083268831)
5eab61444cbdbf3dc3039f75b24d53e1a47dc694f1127336dd649c950da21926ec22f3920ea0fa205375389feb1353bff8e03b70e154b469ed810bb15f3806dd,,,7/28/2023 18:51,30,STOP SIGN/FLASHER,FUNCTIONING PROPERLY,CLEAR,DAYLIGHT,SIDESWIPE SAME DIRECTION,NOT DIVIDED,,STRAIGHT AND LEVEL,DRY,NO DEFECTS,ON SCENE,NO INJURY / DRIVE AWAY,,,,"OVER $1,500",7/28/2023 19:21,NOT APPLICABLE,NOT APPLICABLE,133,W,DIVISION ST,1824,,,,,,,2,NO INDICATION OF INJURY,0,0,0,0,0,6,0,18,6,7,41.90376988,-87.632843,POINT (-87.632842994811 41.903769877658)
1b243b16e742a3cfdf2319acb638dcc6d94d3d063be8b3b0acb9bda352c26bed02f1efc06fc0cc4746a355731d3cf1f55a8d42240ff549ae143da0544cf64df0,,,7/28/2023 17:25,30,UNKNOWN,UNKNOWN,CLEAR,DAYLIGHT,REAR END,DIVIDED - W/MEDIAN (NOT RAISED),,STRAIGHT AND LEVEL,DRY,NO DEFECTS,ON SCENE,INJURY AND / OR TOW DUE TO CRASH,,,Y,"$501 - $1,500",7/28/2023 17:35,FAILING TO REDUCE SPEED TO AVOID CRASH,NOT APPLICABLE,5957,S,KEDZIE AVE,824,,,,,,,3,NONINCAPACITATING INJURY,2,0,0,1,1,3,0,17,6,7,41.78462928,-87.70315583,POINT (-87.703155834316 41.784629276126)
6f02c84646d1d2f661c05a2ae4e1b8285ca495ca7645b67ddf5c82b258c3e25fa913ec245aa17c8ac93f6a8cd7d88191cd2f0650adfff7a4631b81fb43c51c1f,,,7/28/2023 8:20,40,TRAFFIC SIGNAL,FUNCTIONING PROPERLY,CLEAR,DAYLIGHT,REAR END,DIVIDED - W/MEDIAN BARRIER,,STRAIGHT AND LEVEL,DRY,NO DEFECTS,NOT ON SCENE (DESK REPORT),NO INJURY / DRIVE AWAY,,,Y,"$501 - $1,500",7/28/2023 13:10,UNABLE TO DETERMINE,UNABLE TO DETERMINE,1200,S,LAKE SHORE DR NB,132,,,,,,,2,NO INDICATION OF INJURY,0,0,0,0,0,2,0,8,6,7,41.86748423,-87.61915038,POINT (-87.619150383382 41.867484227164)
d467b74411e8839fc5bfc02ecb46732f022f650fe73220076c81a90000736f91acb9e43a99d7d62ba652dcf0cc8c635d515616aa6792b369681f70a67bb302c7,,,7/28/2023 12:15,30,UNKNOWN,UNKNOWN,UNKNOWN,UNKNOWN,SIDESWIPE SAME DIRECTION,ONE-WAY,,STRAIGHT AND LEVEL,UNKNOWN,UNKNOWN,NOT ON SCENE (DESK REPORT),NO INJURY / DRIVE AWAY,Y,,,"OVER $1,500",7/28/2023 14:00,IMPROPER LANE USAGE,UNABLE TO DETERMINE,200,W,OHIO ST,1831,,,,,,,2,NO INDICATION OF INJURY,0,0,0,0,0,2,0,12,6,7,41.89249742,-87.63416623,POINT (-87.634166225396 41.89249742233)
469a3572d0bcec0c714cfb38c9530a0440d7827510cf2dec933f2187db3177d3f778caf0b6fbb824bf84d5b1d179f7e1c88cf41e176a5615d93b3a1f20c14d43,,,7/28/2023 17:30,15,NO CONTROLS,NO CONTROLS,CLEAR,DAYLIGHT,PARKED MOTOR VEHICLE,NOT DIVIDED,,STRAIGHT AND LEVEL,DRY,NO DEFECTS,NOT ON SCENE (DESK REPORT),NO INJURY / DRIVE AWAY,,,Y,"OVER $1,500",7/28/2023 19:40,UNABLE TO DETERMINE,NOT APPLICABLE,2900,W,CORTLAND ST,1421,,,,,,,2,NO INDICATION OF INJURY,0,0,0,0,0,1,0,17,6,7,41.91576308,-87.69931154,POINT (-87.699311541708 41.915763074765)
27cd423aae5eab0ab9da3bb49da2c509a8d9d640d3e61fb544a7dc2dcbeb5dc25f0da8665e4d01c7724a8d012849f57230fc108ce95dbb1e51a40ff54da3badd,,,7/28/2023 17:09,25,NO CONTROLS,NO CONTROLS,CLEAR,DAYLIGHT,PARKED MOTOR VEHICLE,NOT DIVIDED,,STRAIGHT AND LEVEL,DRY,NO DEFECTS,ON SCENE,NO INJURY / DRIVE AWAY,,,,$500 OR LESS,7/28/2023 17:10,NOT APPLICABLE,NOT APPLICABLE,3850,S,SACRAMENTO AVE,911,,,,,,,2,NO INDICATION OF INJURY,0,0,0,0,0,5,0,17,6,7,41.82293252,-87.69965396,POINT (-87.699653959396 41.822932519225)
c0fe44db4c3c4deabb1c4f5460e36e77bb11270e0e33b7fbb144b7ccf379dd478c8d0ada9d076b48d4cdd4aa8b4c51abcf4c71d221d1ee2cfb00f1da3132db99,,,7/27/2023 13:45,30,NO CONTROLS,NO CONTROLS,CLEAR,DAYLIGHT,PEDESTRIAN,DIVIDED - W/MEDIAN BARRIER,,STRAIGHT AND LEVEL,DRY,NO DEFECTS,NOT ON SCENE (DESK REPORT),INJURY AND / OR TOW DUE TO CRASH,,,,"$501 - $1,500",7/27/2023 14:25,UNABLE TO DETERMINE,UNABLE TO DETERMINE,8320,S,STONY ISLAND AVE,412,,,,,,,2,NONINCAPACITATING INJURY,1,0,0,1,0,1,0,13,5,7,41.74352179,-87.5859362,POINT (-87.585936201525 41.743521791442)
5aad7ac5675ceb6d4bad35b9b67c3131130e2039ce50d8e098bc2dcabfe224e1dcd29c871e8624c09b3e108dad8e14892a1c0ae1fc4a74f63da6ee7d65add9fa,,,7/24/2023 7:00,25,NO CONTROLS,NO CONTROLS,UNKNOWN,UNKNOWN,PARKED MOTOR VEHICLE,ONE-WAY,,STRAIGHT AND LEVEL,UNKNOWN,UNKNOWN,NOT ON SCENE (DESK REPORT),NO INJURY / DRIVE AWAY,,,Y,"OVER $1,500",7/24/2023 19:45,UNABLE TO DETERMINE,FAILING TO REDUCE SPEED TO AVOID CRASH,6300,N,PAULINA ST,2433,,,,,,,2,NO INDICATION OF INJURY,0,0,0,0,0,1,0,7,2,7,41.99567828,-87.67206846,POINT (-87.672068458282 41.995678274667)
24362afcd63e8b023047ded35db2ee14cfe4499f0f8cc46fd998c2eef06a8026feece4a20342726d530a649adf72a12b8acf116f1b3caad609f37e6e62e7b37b,,,7/28/2023 8:25,30,NO CONTROLS,NO CONTROLS,CLEAR,DAYLIGHT,REAR END,NOT DIVIDED,,STRAIGHT AND LEVEL,DRY,NO DEFECTS,NOT ON SCENE (DESK REPORT),INJURY AND / OR TOW DUE TO CRASH,,,Y,"$501 - $1,500",7/28/2023 15:25,FOLLOWING TOO CLOSELY,NOT APPLICABLE,4000,W,71ST ST,833,,,,,,,2,NONINCAPACITATING INJURY,1,0,0,1,0,1,0,8,6,7,41.76423054,-87.72243852,POINT (-87.722438515104 41.764230537342)
b4dce6b0a71e8a8f8a6a0c951275066f8e52225a0ae4d64a923a0e4ce356a7616e3c57be6bcd33db7dbfd272fc398fb978df44db077e13f2b106678b4429677f,,,7/28/2023 14:20,30,STOP SIGN/FLASHER,FUNCTIONING PROPERLY,CLEAR,DAYLIGHT,TURNING,FOUR WAY,,STRAIGHT AND LEVEL,DRY,NO DEFECTS,NOT ON SCENE (DESK REPORT),NO INJURY / DRIVE AWAY,Y,,,"$501 - $1,500",7/28/2023 14:45,IMPROPER OVERTAKING/PASSING,IMPROPER OVERTAKING/PASSING,6300,S,PAULINA ST,725,,,,,,,2,NO INDICATION OF INJURY,0,0,0,0,0,2,0,14,6,7,41.7793444,-87.6668291,POINT (-87.666829100609 41.779344404195)
038fcb6734e8790339d4dd9b08e6c4e6c885c773bdc8f776e90ad224a0f6938b2de7f2df2b8729168e8a1cbb3fcd238e8a1647b305f7e89cc52fb7fdc35575a5,,,7/28/2023 8:02,30,TRAFFIC SIGNAL,FUNCTIONING PROPERLY,RAIN,DAYLIGHT,REAR END,NOT DIVIDED,,STRAIGHT AND LEVEL,WET,NO DEFECTS,ON SCENE,NO INJURY / DRIVE AWAY,,,,"OVER $1,500",7/28/2023 8:02,UNABLE TO DETERMINE,FAILING TO REDUCE SPEED TO AVOID CRASH,2111,S,DAMEN AVE,1234,,,,,,,2,NO INDICATION OF INJURY,0,0,0,0,0,2,0,8,6,7,41.85365015,-87.67573948,POINT (-87.675739479 41.853650153287)
c446945eecfbd64d0fea7afb0a529ab3db21422010a0373194646dfc79d0d13d68b75612cb2f3d40052c338187ae5cc4419b4da5496e41905f9eb11a848ad01a,,,7/28/2023 8:30,30,TRAFFIC SIGNAL,FUNCTIONING IMPROPERLY,CLEAR,DAYLIGHT,REAR END,DIVIDED - W/MEDIAN (NOT RAISED),,STRAIGHT AND LEVEL,DRY,NO DEFECTS,NOT ON SCENE (DESK REPORT),NO INJURY / DRIVE AWAY,Y,,,"$501 - $1,500",7/28/2023 18:00,FAILING TO REDUCE SPEED TO AVOID CRASH,FOLLOWING TOO CLOSELY,2531,S,DAMEN AVE,1034,,,,,,,3,NO INDICATION OF INJURY,0,0,0,0,0,3,0,8,6,7,41.84585248,-87.67552772,POINT (-87.675527715752 41.845852484109)
9bf9ed6aef11e1b57b41587575655cba9692a5a935f1715f1812e917fae1a388e606b4697d52a31d5775d1268f11e0267c6a386f0e20773b2ec587c6992028b9,,,7/28/2023 14:34,30,TRAFFIC SIGNAL,FUNCTIONING PROPERLY,CLEAR,DAYLIGHT,TURNING,ONE-WAY,,STRAIGHT AND LEVEL,DRY,NO DEFECTS,ON SCENE,NO INJURY / DRIVE AWAY,,,N,"OVER $1,500",7/28/2023 17:00,"OPERATING VEHICLE IN ERRATIC, RECKLESS, CARELESS, NEGLIGENT OR AGGRESSIVE MANNER",NOT APPLICABLE,2756,W,VAN BUREN ST,1125,,,,,,,2,NO INDICATION OF INJURY,0,0,0,0,0,4,0,14,6,7,41.87609262,-87.69603325,POINT (-87.696033251758 41.876092620665)
67f1b384414e73af1530a91211a16d6252f7472eb3b3a69418b41cbcffdbc2ada508549e2bf7501290d56693681502fc87f7042e925fbc16bce9bdd6eb825d08,,,7/28/2023 15:00,30,TRAFFIC SIGNAL,FUNCTIONING PROPERLY,CLEAR,DAYLIGHT,SIDESWIPE SAME DIRECTION,FOUR WAY,,STRAIGHT ON GRADE,DRY,NO DEFECTS,NOT ON SCENE (DESK REPORT),NO INJURY / DRIVE AWAY,Y,,,"OVER $1,500",7/28/2023 16:15,IMPROPER LANE USAGE,NOT APPLICABLE,1598,E,87TH ST,412,,,,,,,2,NO INDICATION OF INJURY,0,0,0,0,0,3,0,15,6,7,41.73702896,-87.58523076,POINT (-87.585230764222 41.737028962272)
8fbb9d40b001cda284063053fed50bc837e077db9be8ddaa79909df8fb94a38974c7d57bd017f3e08c3946eee4f515de0a99a98780242c5823c77845ed31e9b6,,,7/28/2023 14:30,15,NO CONTROLS,NO CONTROLS,CLEAR,DAYLIGHT,PARKED MOTOR VEHICLE,PARKING LOT,,STRAIGHT AND LEVEL,DRY,NO DEFECTS,NOT ON SCENE (DESK REPORT),NO INJURY / DRIVE AWAY,,,Y,"OVER $1,500",7/28/2023 20:45,UNABLE TO DETERMINE,UNABLE TO DETERMINE,5201,W,MADISON ST,1522,,,,,,,2,NO INDICATION OF INJURY,0,0,0,0,0,2,0,14,6,7,41.88026125,-87.75512498,POINT (-87.755124979873 41.880261254492)
db3bd273c91e448960f716ac17f64fc5e7340a0bfae2183750ae45ca897a49f6c73c85747cd400db3bc34bfe26a4b742464fcfb1226d61bd11b8db0bad70c781,,,7/28/2023 14:00,30,TRAFFIC SIGNAL,FUNCTIONING PROPERLY,CLEAR,DAYLIGHT,TURNING,T-INTERSECTION,,STRAIGHT AND LEVEL,DRY,NO DEFECTS,ON SCENE,INJURY AND / OR TOW DUE TO CRASH,Y,,,"OVER $1,500",7/28/2023 14:07,FAILING TO YIELD RIGHT-OF-WAY,NOT APPLICABLE,12200,S,TORRENCE AVE,434,,,,,,,2,NO INDICATION OF INJURY,0,0,0,0,0,2,0,14,6,7,41.67367899,-87.55939861,POINT (-87.559398607312 41.673678986233)
bca3940faa4aff22793409f925e7883e097a58d8d7b7418621fd2224da5022ace81aa7b70ffb7f136d4b8cfec894fa8d4b73354a70992bf0bd01cf487ca1914a,,,7/28/2023 7:30,25,NO CONTROLS,NO CONTROLS,RAIN,DAYLIGHT,SIDESWIPE SAME DIRECTION,NOT DIVIDED,,STRAIGHT AND LEVEL,WET,UNKNOWN,NOT ON SCENE (DESK REPORT),NO INJURY / DRIVE AWAY,,,,"OVER $1,500",7/28/2023 8:00,UNABLE TO DETERMINE,UNABLE TO DETERMINE,946,W,RANDOLPH ST,1224,N,,,,,,2,NO INDICATION OF INJURY,0,0,0,0,0,3,0,7,6,7,41.88444504,-87.65161225,POINT (-87.651612251368 41.884445041745)
d6b3ac65738a235ab4b9da80d9ce274b17ea7d563f1245dd6e2395fb8c17eef54cfc21165601de485b442914a79f5a9186d3a6a956324401dd1164f951956571,,,7/28/2023 19:00,30,TRAFFIC SIGNAL,FUNCTIONING PROPERLY,CLEAR,DAYLIGHT,PEDESTRIAN,FOUR WAY,,STRAIGHT AND LEVEL,DRY,NO DEFECTS,ON SCENE,INJURY AND / OR TOW DUE TO CRASH,Y,,,$500 OR LESS,7/28/2023 19:00,UNABLE TO DETERMINE,NOT APPLICABLE,4400,W,FULLERTON AVE,2524,,,,,,,2,NONINCAPACITATING INJURY,1,0,0,1,0,1,0,19,6,7,41.9244744,-87.7366331,POINT (-87.736633099743 41.924474403387)
82ccc4504105485e5b037288d5915f89a3b5484257de3eb30d8d58145984ac5455493a5f7697c1c559e64b1af77eeafa2cb3d242d2533756801a931178b2f6f4,,,7/28/2023 17:45,30,STOP SIGN/FLASHER,FUNCTIONING PROPERLY,CLEAR,DAYLIGHT,REAR TO FRONT,T-INTERSECTION,,STRAIGHT AND LEVEL,DRY,NO DEFECTS,NOT ON SCENE (DESK REPORT),NO INJURY / DRIVE AWAY,,,,"OVER $1,500",7/28/2023 18:35,IMPROPER BACKING,NOT APPLICABLE,1209,S,KOLIN AVE,1011,,,,,,,2,NO INDICATION OF INJURY,0,0,0,0,0,2,0,17,6,7,41.86573375,-87.73357749,POINT (-87.733577489448 41.865733745201)
09235fc41780575ce4fe695a8a96a856cf97141f651ee3cbea23fbd457f72fed26e88ab1925f719db4a97003be385d045c3c2c2b486ffe14cb641b52797a4dc8,,,7/28/2023 14:20,30,NO CONTROLS,NO CONTROLS,CLEAR,DAYLIGHT,REAR END,NOT DIVIDED,,STRAIGHT AND LEVEL,DRY,UNKNOWN,NOT ON SCENE (DESK REPORT),NO INJURY / DRIVE AWAY,,,,"OVER $1,500",7/28/2023 15:40,UNABLE TO DETERMINE,UNABLE TO DETERMINE,111,E,95TH ST,511,,,,,,,3,NO INDICATION OF INJURY,0,0,0,0,0,4,0,14,6,7,41.72168153,-87.62005698,POINT (-87.620056982707 41.721681529357)
4ba97428961da35a05c6e21d84a63c0d789574326e59a52e379f149b6f239b417b58f4bee949d872c55db2d204c2a186638abb9f53119ad13c8bd51e0759febb,,,7/28/2023 21:09,30,TRAFFIC SIGNAL,FUNCTIONING PROPERLY,CLEAR,"DARKNESS, LIGHTED ROAD",SIDESWIPE SAME DIRECTION,T-INTERSECTION,,STRAIGHT AND LEVEL,DRY,NO DEFECTS,ON SCENE,INJURY AND / OR TOW DUE TO CRASH,Y,,,"OVER $1,500",7/28/2023 21:09,IMPROPER OVERTAKING/PASSING,NOT APPLICABLE,1200,S,LAKE SHORE DR NB,132,,,,,,,2,NO INDICATION OF INJURY,0,0,0,0,0,4,0,21,6,7,41.86748423,-87.61915038,POINT (-87.619150383382 41.867484227164)
6b4440aa4147829bb4abd6351d3314617b43fa6dc89401fe4ba8b72a637fbba92d21c8e876477fc240509e55ff07c77c78337a878f1bd990331e7d437efa0042,,,7/28/2023 8:00,30,NO CONTROLS,NO CONTROLS,RAIN,DAYLIGHT,FIXED OBJECT,DIVIDED - W/MEDIAN (NOT RAISED),,STRAIGHT AND LEVEL,WET,NO DEFECTS,ON SCENE,NO INJURY / DRIVE AWAY,,Y,,"$501 - $1,500",7/28/2023 8:39,DRIVING SKILLS/KNOWLEDGE/EXPERIENCE,IMPROPER LANE USAGE,2730,N,WESTERN AVE,1411,,,,,,,1,NO INDICATION OF INJURY,0,0,0,0,0,1,0,8,6,7,41.93129024,-87.68802127,POINT (-87.688021272198 41.931290242006)
8b1a0be254358deb10fbaf93d68d64d0498d1785cca0b962f751390571c6cd71d54885bf31e5b5c73fa6b6c536009bbd27592e261ab822e463e54bd600e5c195,,,7/28/2023 9:44,30,NO CONTROLS,NO CONTROLS,CLEAR,DAYLIGHT,TURNING,DIVIDED - W/MEDIAN (NOT RAISED),,STRAIGHT AND LEVEL,DRY,NO DEFECTS,ON SCENE,INJURY AND / OR TOW DUE TO CRASH,,,,"OVER $1,500",7/28/2023 9:45,FAILING TO YIELD RIGHT-OF-WAY,UNABLE TO DETERMINE,7031,S,WESTERN AVE,832,,,,,,,2,NO INDICATION OF INJURY,0,0,0,0,0,2,0,9,6,7,41.76558357,-87.68312028,POINT (-87.68312028301 41.765583573054)
88cb91657abe2168cfd947f2dbd9799e0669ec16cd061bde7eba1f5e00887e0b08af5a33c28d1dd38718cb39910ea51aa5ad3e0b166ea91c5b19f043b9f330d2,,,7/27/2023 15:50,35,TRAFFIC SIGNAL,FUNCTIONING PROPERLY,CLEAR,DAYLIGHT,REAR END,FOUR WAY,,STRAIGHT AND LEVEL,DRY,NO DEFECTS,ON SCENE,NO INJURY / DRIVE AWAY,,,Y,$500 OR LESS,7/27/2023 15:51,FOLLOWING TOO CLOSELY,NOT APPLICABLE,2801,W,25TH ST,1033,,,,,,,2,NO INDICATION OF INJURY,0,0,0,0,0,2,0,15,5,7,41.84633878,-87.69539395,POINT (-87.695393950272 41.846338779968)
6301158b4b2ea7f318ab52ceefab64a04192d28a963815405cebd7df71c255c7d7d008789edbbf36fb07154cfb532c692f947cd18289c6a18a089170ccd17d17,JG360168,,7/11/2023 13:00,5,NO CONTROLS,NO CONTROLS,UNKNOWN,DAYLIGHT,OTHER OBJECT,PARKING LOT,,STRAIGHT AND LEVEL,UNKNOWN,NO DEFECTS,NOT ON SCENE (DESK REPORT),NO INJURY / DRIVE AWAY,,Y,,"$501 - $1,500",7/28/2023 22:25,UNABLE TO DETERMINE,IMPROPER LANE USAGE,7435,W,TALCOTT AVE,1612,,,,,,,1,NO INDICATION OF INJURY,0,0,0,0,0,1,0,13,3,7,41.98857518,-87.81297791,POINT (-87.812977912195 41.988575182799)
11c3050e2da6d611272f67a9cc17789dfb75bc5ff4a97d7d9aeced7b5e0d17c25dc3d4249ac252ddb25e3e8eaad49813d48255a8dd152ef6761f5b32bd09f494,,,7/28/2023 16:30,30,NO CONTROLS,NO CONTROLS,CLEAR,DAYLIGHT,SIDESWIPE SAME DIRECTION,NOT DIVIDED,,STRAIGHT AND LEVEL,DRY,NO DEFECTS,ON SCENE,NO INJURY / DRIVE AWAY,,,,"OVER $1,500",7/28/2023 18:26,IMPROPER OVERTAKING/PASSING,NOT APPLICABLE,1707,W,47TH ST,931,,,,,,,2,NO INDICATION OF INJURY,0,0,0,0,0,2,0,16,6,7,41.8084688,-87.66772748,POINT (-87.667727481144 41.80846879521)
74272bc05d41560a5463dd552c3d61dcafd1bc196d815401ca24fcfc55c2da4bf8fe0d2b121baedb9290fbf727d32ef52ee51cd514e03a9be4a357228e50e772,,,7/28/2023 13:20,30,NO CONTROLS,NO CONTROLS,CLEAR,DAYLIGHT,HEAD ON,NOT DIVIDED,,STRAIGHT AND LEVEL,DRY,UNKNOWN,NOT ON SCENE (DESK REPORT),NO INJURY / DRIVE AWAY,,,,"OVER $1,500",7/28/2023 14:00,NOT APPLICABLE,NOT APPLICABLE,6425,S,PULASKI RD,823,,,,,,,2,NO INDICATION OF INJURY,0,0,0,0,0,2,0,13,6,7,41.77596058,-87.72254454,POINT (-87.72254453875 41.775960574882)
7926605bbfe10d7e91001e26d11288d98a19e77b0f182831edc50a17f675e4fc39238788db9afa2108b419117b5c63c9fb77f9727f7b0b1912a52182bf82bb63,,,7/28/2023 13:30,30,NO CONTROLS,NO CONTROLS,CLEAR,DAYLIGHT,PARKED MOTOR VEHICLE,NOT DIVIDED,,STRAIGHT AND LEVEL,DRY,NO DEFECTS,ON SCENE,NO INJURY / DRIVE AWAY,,,Y,"OVER $1,500",7/28/2023 16:35,UNABLE TO DETERMINE,UNABLE TO DETERMINE,8514,S,UNIVERSITY AVE,412,,,,,,,2,NO INDICATION OF INJURY,0,0,0,0,0,1,0,13,6,7,41.73960909,-87.59642722,POINT (-87.59642721938 41.739609087397)
cb9b54cc961adce57961fe4a9aad3a0a7fd695f118310025043da4494e2781901830e6e9c49c7398156e3a69fd135931859971506446703245619e1bf8343785,,,7/28/2023 17:30,30,TRAFFIC SIGNAL,UNKNOWN,CLEAR,DAYLIGHT,REAR END,DIVIDED - W/MEDIAN (NOT RAISED),,STRAIGHT AND LEVEL,DRY,NO DEFECTS,NOT ON SCENE (DESK REPORT),NO INJURY / DRIVE AWAY,,,,"OVER $1,500",7/28/2023 19:30,FAILING TO REDUCE SPEED TO AVOID CRASH,NOT APPLICABLE,5745,W,BELMONT AVE,2514,,,,,,,2,NO INDICATION OF INJURY,0,0,0,0,0,2,0,17,6,7,41.93840865,-87.77074731,POINT (-87.77074731254 41.938408653763)
91e5702da9b093145d50055e1607f8155ead0613f12457115252a283331a9c32f5c37fb5b7aba2476f6333661c6abbe99b0d4bec3f071280020ce9c16e3d5b7f,,,7/27/2023 18:00,30,TRAFFIC SIGNAL,FUNCTIONING PROPERLY,CLEAR,DAYLIGHT,HEAD ON,NOT DIVIDED,,STRAIGHT AND LEVEL,DRY,NO DEFECTS,NOT ON SCENE (DESK REPORT),NO INJURY / DRIVE AWAY,Y,,,"OVER $1,500",7/27/2023 18:40,UNABLE TO DETERMINE,UNABLE TO DETERMINE,13300,S,AVENUE O,433,,,,,,,2,NO INDICATION OF INJURY,0,0,0,0,0,2,0,18,5,7,41.65356911,-87.5400298,POINT (-87.540029796116 41.65356911379)
d9a18223fadb6f5b014b93db4da2915a2d410415e455f9d6398d702e6bc13698508a58c5322be3c7dbcc8840162741cbcac022604f5f9250b5bbadd349c33564,,,7/28/2023 14:55,30,NO CONTROLS,NO CONTROLS,CLEAR,DAYLIGHT,PARKED MOTOR VEHICLE,OTHER,,STRAIGHT AND LEVEL,DRY,NO DEFECTS,ON SCENE,NO INJURY / DRIVE AWAY,,,,"$501 - $1,500",7/28/2023 14:55,IMPROPER BACKING,NOT APPLICABLE,823,N,WESTERN AVE,1212,,,,,,,2,NO INDICATION OF INJURY,0,0,0,0,0,3,0,14,6,7,41.89654413,-87.68671584,POINT (-87.686715835579 41.896544130494)
21514a4f5a15e7e72547146d9a8a85a121b34a71de363193ab67edc7691b4ce147a7e684295d64c1459e4245d6978110231b9ec6017361323e7c81e0ca95cdb9,JG342389,,7/15/2023 15:48,15,NO CONTROLS,NO CONTROLS,CLEAR,DAYLIGHT,REAR TO FRONT,PARKING LOT,,STRAIGHT AND LEVEL,DRY,NO DEFECTS,ON SCENE,NO INJURY / DRIVE AWAY,,,,$500 OR LESS,7/15/2023 15:56,IMPROPER BACKING,DRIVING SKILLS/KNOWLEDGE/EXPERIENCE,1,W,PARKING LOT A ST,1654,,,,,,,2,NO INDICATION OF INJURY,0,0,0,0,0,2,0,15,7,7,,,
e75572a38ed80656caf7087cbadb55d210b905e7e22f850b5df9dc8651f4063b1d19b364be0e59e86d4784c658af419ecb3f7fc65bde1c53a35b0896a72c7d54,,,7/28/2023 11:30,40,NO CONTROLS,NO CONTROLS,CLEAR,DAYLIGHT,SIDESWIPE SAME DIRECTION,OTHER,,STRAIGHT AND LEVEL,UNKNOWN,UNKNOWN,NOT ON SCENE (DESK REPORT),NO INJURY / DRIVE AWAY,,,,"OVER $1,500",7/28/2023 11:50,UNABLE TO DETERMINE,UNABLE TO DETERMINE,4800,S,LAKE SHORE DR NB,222,,,,,,,2,NO INDICATION OF INJURY,0,0,0,0,0,2,0,11,6,7,41.80867417,-87.58771708,POINT (-87.587717082408 41.80867417199)
0b8a8f30c37e57077d0cedbba003e26695fce3067deaa4bf8f265eb2e08083015e709686af18abb5fa7c881fbcb8253738f5bf14839104274bd6a614b50d1474,,,7/28/2023 16:33,30,TRAFFIC SIGNAL,FUNCTIONING PROPERLY,CLEAR,DAYLIGHT,SIDESWIPE SAME DIRECTION,NOT DIVIDED,,STRAIGHT AND LEVEL,DRY,NO DEFECTS,NOT ON SCENE (DESK REPORT),NO INJURY / DRIVE AWAY,,,,"$501 - $1,500",7/28/2023 17:23,IMPROPER OVERTAKING/PASSING,NOT APPLICABLE,6800,W,63RD ST,812,,,,,,,2,NO INDICATION OF INJURY,0,0,0,0,0,2,0,16,6,7,41.77763667,-87.79114675,POINT (-87.791146745461 41.777636671673)
4d85024e5d3d81dc490a734f5cf6568e9eef9940c405009b52f22f9e5aa96ab6b2467a9a915595a85565e1a0b1c6b0371f43b03031649ded57b0f6816030ad73,,,7/28/2023 17:00,35,STOP SIGN/FLASHER,FUNCTIONING PROPERLY,CLEAR,DAYLIGHT,ANGLE,OTHER,,STRAIGHT ON GRADE,DRY,NO DEFECTS,ON SCENE,INJURY AND / OR TOW DUE TO CRASH,,,,"OVER $1,500",7/28/2023 17:05,UNABLE TO DETERMINE,NOT APPLICABLE,7935,S,CICERO AVE,834,,,,,,,2,NO INDICATION OF INJURY,0,0,0,0,0,4,0,17,6,7,41.74839304,-87.74116111,POINT (-87.741161110101 41.748393039802)