CRASH_RECORD_ID,RD_NO,CRASH_DATE_EST_I,CRASH_DATE,POSTED_SPEED_LIMIT,TRAFFIC_CONTROL_DEVICE,DEVICE_CONDITION,WEATHER_CONDITION,LIGHTING_CONDITION,FIRST_CRASH_TYPE,TRAFFICWAY_TYPE,LANE_CNT,ALIGNMENT,ROADWAY_SURFACE_COND,ROAD_DEFECT,REPORT_TYPE,CRASH_TYPE,INTERSECTION_RELATED_I,NOT_RIGHT_OF_WAY_I,HIT_AND_RUN_I,DAMAGE,DATE_POLICE_NOTIFIED,PRIM_CONTRIBUTORY_CAUSE,SEC_CONTRIBUTORY_CAUSE,STREET_NO,STREET_DIRECTION,STREET_NAME,BEAT_OF_OCCURRENCE,PHOTOS_TAKEN_I,STATEMENTS_TAKEN_I,DOORING_I,WORK_ZONE_I,WORK_ZONE_TYPE,WORKERS_PRESENT_I,NUM_UNITS,MOST_SEVERE_INJURY,INJURIES_TOTAL,INJURIES_FATAL,INJURIES_INCAPACITATING,INJURIES_NON_INCAPACITATING,INJURIES_REPORTED_NOT_EVIDENT,INJURIES_NO_INDICATION,INJURIES_UNKNOWN,CRASH_HOUR,CRASH_DAY_OF_WEEK,CRASH_MONTH,LATITUDE,LONGITUDE,LOCATION
d63ffb38dc01402b7e505d211ae9e59bbc509331daf00ca52516d112a04da51ffe5e60612a732d605674413441b18d03129be3e74953a8e952a2d3deb5cb62e6,,,7/28/2023 9:10,30,NO CONTROLS,NO CONTROLS,CLEAR,DAYLIGHT,SIDESWIPE SAME DIRECTION,NOT DIVIDED,,STRAIGHT AND LEVEL,DRY,NO DEFECTS,NOT ON SCENE (DESK REPORT),NO INJURY / DRIVE AWAY,,,,"OVER $1,500",7/28/2023 10:00,FAILING TO YIELD RIGHT-OF-WAY,NOT APPLICABLE,843,W,CHICAGO AVE,1214,,,,,,,2,NO INDICATION OF INJURY,0,0,0,0,0,2,0,9,6,7,41.89625203,-87.64940289,POINT (-87.649402884577 41.896252025652)
2dfdb6b35b4a072c600806970175555deb5be726537dc193bd6fb9dc291c7ec0301ce4c2b9b6cbb7bb608bf6821e10ef97bd70f9043c652f34709f706a5149ac,,,7/28/2023 17:45,30,NO CONTROLS,NO CONTROLS,CLEAR,DAYLIGHT,SIDESWIPE SAME DIRECTION,NOT DIVIDED,,STRAIGHT AND LEVEL,DRY,NO DEFECTS,ON SCENE,INJURY AND / OR TOW DUE TO CRASH,,,,"OVER $1,500",7/28/2023 17:50,UNABLE TO DETERMINE,UNABLE TO DETERMINE,1335,W,FOSTER AVE,2033,,,,,,,2,NO INDICATION OF INJURY,0,0,0,0,0,2,0,17,6,7,41.97615436,-87.66376383,POINT (-87.663763833441 41.976154364468)
0dbedb3aac1f2386b364bcf174aa023c7909da1af674796e75b58e54f152fab6a9c85b8b6e6cd81765416ed66ffc498ce441a19dbf39f9fb9fb877411e6a9081,,,7/28/2023 15:30,30,NO CONTROLS,NO CONTROLS,CLEAR,DAYLIGHT,TURNING,NOT DIVIDED,,STRAIGHT AND LEVEL,DRY,NO DEFECTS,NOT ON SCENE (DESK REPORT),NO INJURY / DRIVE AWAY,,,,"OVER $1,500",7/28/2023 16:00,DRIVING SKILLS/KNOWLEDGE/EXPERIENCE,UNABLE TO DETERMINE,730,N,WOOD ST,1221,,,,,,,2,NO INDICATION OF INJURY,0,0,0,0,0,3,0,15,6,7,41.89502858,-87.67228732,POINT (-87.672287321556 41.895028577644)
693f57a31ffaff665e3d30a7ce12e47bdedd39cdcef8c770153cfeeecf03ad4948d5df24d160242f694f55b939b5597db6085a9447b982e792c7dc4f2bb73cd1,,,7/28/2023 3:44,30,NO CONTROLS,NO CONTROLS,RAIN,"DARKNESS, LIGHTED ROAD",PARKED MOTOR VEHICLE,NOT DIVIDED,,STRAIGHT AND LEVEL,WET,NO DEFECTS,ON SCENE,INJURY AND / OR TOW DUE TO CRASH,,,,"OVER $1,500",7/28/2023 3:55,IMPROPER LANE USAGE,DRIVING SKILLS/KNOWLEDGE/EXPERIENCE,500,E,51ST ST,223,,,,,,,3,NO INDICATION OF INJURY,0,0,0,0,0,1,0,3,6,7,41.80223871,-87.61399573,POINT (-87.613995727141 41.802238709769)
49954ba5f9d131fbbf7b60742836f4db496852be31ee5bfd45f0ab76a823fd7fa0507ba02a5706b987975791207273be518f7d6b0731069a7745b6e0e3203697,,,7/27/2023 13:30,25,UNKNOWN,UNKNOWN,UNKNOWN,DAYLIGHT,REAR END,FOUR WAY,,STRAIGHT AND LEVEL,DRY,UNKNOWN,NOT ON SCENE (DESK REPORT),NO INJURY / DRIVE AWAY,,,N,"OVER $1,500",7/28/2023 14:00,UNABLE TO DETERMINE,UNABLE TO DETERMINE,600,W,KINZIE ST,1214,,,,,,,2,NO INDICATION OF INJURY,0,0,0,0,0,2,0,13,5,7,41.88915824,-87.64294895,POINT (-87.642948945011 41.889158237063)
fe2ee28a5a2bd6173a26f3c2fafcc92dbaa24dfdea2007db6c7cba1cd37c7d6b170b5d211c08540c83df649fb372c8cef5b64a6ab96bdd102b20d3a6ca4778b4,,,7/28/2023 18:55,30,NO CONTROLS,NO CONTROLS,CLEAR,DAYLIGHT,FIXED OBJECT,ONE-WAY,,STRAIGHT AND LEVEL,DRY,NO DEFECTS,ON SCENE,INJURY AND / OR TOW DUE TO CRASH,,Y,Y,"OVER $1,500",7/28/2023 19:25,UNABLE TO DETERMINE,NOT APPLICABLE,7345,S,STATE ST,323,,,,,,,1,NO INDICATION OF INJURY,0,0,0,0,0,1,0,18,6,7,41.76054197,-87.62465906,POINT (-87.6246590645 41.760541965645)
4126fe6ec46cb9e190f08e83142f74fef23f16e50aae79cb74bf39909c77cc88ae2aea96c07c31cb502df919bf5bd0eec670c7d292153966ac670a56ad943dd8,,,7/27/2023 17:50,30,NO CONTROLS,NO CONTROLS,CLEAR,DAYLIGHT,REAR END,T-INTERSECTION,,STRAIGHT AND LEVEL,DRY,NO DEFECTS,NOT ON SCENE (DESK REPORT),NO INJURY / DRIVE AWAY,Y,,Y,"OVER $1,500",7/28/2023 11:15,FOLLOWING TOO CLOSELY,NOT APPLICABLE,1248,W,CHICAGO AVE,1213,,,,,,,2,NO INDICATION OF INJURY,0,0,0,0,0,2,0,17,5,7,41.89630529,-87.65945015,POINT (-87.659450147395 41.896305288839)
c1f1076a59aa5ff54da6e0973f37feff80d9e3084253a46aed68038b2d7c1602d44126fd896a2a6bc4b14f87b81738eda2d54322bbaa151eb95a2290f8811660,,,7/28/2023 13:00,10,NO CONTROLS,NO CONTROLS,CLEAR,DAYLIGHT,PARKED MOTOR VEHICLE,PARKING LOT,,STRAIGHT AND LEVEL,DRY,NO DEFECTS,NOT ON SCENE (DESK REPORT),NO INJURY / DRIVE AWAY,,Y,,"$501 - $1,500",7/28/2023 14:45,NOT APPLICABLE,NOT APPLICABLE,5525,S,PULASKI RD,822,,,,,,,2,NO INDICATION OF INJURY,0,0,0,0,0,1,0,13,6,7,41.79233004,-87.72298623,POINT (-87.722986230219 41.792330039883)
83e63edd94434780fe794e431584ba5c0b42877d900af16fc842be809e0ee3a58e7f1dd418b89f58161c03c315799d89a4061a932315f51f57108f22a7060472,,,7/27/2023 20:50,30,NO CONTROLS,NO CONTROLS,CLEAR,DAYLIGHT,SIDESWIPE SAME DIRECTION,DIVIDED - W/MEDIAN (NOT RAISED),,STRAIGHT AND LEVEL,DRY,NO DEFECTS,NOT ON SCENE (DESK REPORT),NO INJURY / DRIVE AWAY,,,Y,"OVER $1,500",7/27/2023 21:50,IMPROPER OVERTAKING/PASSING,NOT APPLICABLE,4816,W,FULLERTON AVE,2521,,,,,,,2,NO INDICATION OF INJURY,0,0,0,0,0,2,0,20,5,7,41.92433853,-87.74703675,POINT (-87.747036745092 41.924338530377)
02be91ba5a7d976debbe50de013a961bab1a312b15986bad8591c26581b55dd3606e59cbde1aac6fc4aee91372a9347b9ac1969b2b670c06b65f39c443239fc5,,,7/28/2023 9:04,30,NO CONTROLS,NO CONTROLS,CLEAR,DAYLIGHT,SIDESWIPE SAME DIRECTION,DIVIDED - W/MEDIAN BARRIER,,STRAIGHT AND LEVEL,DRY,NO DEFECTS,NOT ON SCENE (DESK REPORT),NO INJURY / DRIVE AWAY,,,Y,"OVER $1,500",7/28/2023 9:52,IMPROPER OVERTAKING/PASSING,NOT APPLICABLE,359,S,LAKE SHORE DR NB,114,,,,,,,2,NO INDICATION OF INJURY,0,0,0,0,0,2,0,9,6,7,41.87716703,-87.61702488,POINT (-87.617024883155 41.877167028541)
95d09571acec9c2307e87263726b299662191536bb91a57e4b89b4cfc4f874143fe1f5ab1de1b1db93766c80548f5db50df98119ca2adf211ec355d108bf37a0,,,7/28/2023 11:50,30,NO CONTROLS,NO CONTROLS,CLEAR,DAYLIGHT,FIXED OBJECT,NOT DIVIDED,,STRAIGHT AND LEVEL,UNKNOWN,UNKNOWN,ON SCENE,NO INJURY / DRIVE AWAY,,Y,,"OVER $1,500",7/28/2023 11:55,UNABLE TO DETERMINE,NOT APPLICABLE,7430,S,ROCKWELL ST,835,,,,,,,1,NO INDICATION OF INJURY,0,0,0,0,0,2,0,11,6,7,41.75815411,-87.68810611,POINT (-87.68810610747 41.758154113133)
f792e5315bd74032807e541653c9a4a05bddc32c9ade98756b233d362d3953636ef129b3563680fafa096967eb578c55f0baa0d519f7e80cb7fc93d0d20da694,,,7/28/2023 9:45,25,NO CONTROLS,NO CONTROLS,CLEAR,DAYLIGHT,PARKED MOTOR VEHICLE,NOT DIVIDED,,STRAIGHT AND LEVEL,DRY,NO DEFECTS,ON SCENE,NO INJURY / DRIVE AWAY,,,,$500 OR LESS,7/28/2023 10:45,IMPROPER BACKING,DRIVING SKILLS/KNOWLEDGE/EXPERIENCE,525,N,AUSTIN BLVD,1512,,,,,,,2,NO INDICATION OF INJURY,0,0,0,0,0,1,0,9,6,7,41.8898302,-87.77482132,POINT (-87.774821319939 41.889830199703)
7c5999ca3655bab75e7c8ca0f73ef7a23804bd537d7204ab618ac7ad262444254dd54da80d2fac28ecfdc5067d09452819a043d31919c76b004798abd49a5105,,,7/28/2023 5:49,30,NO CONTROLS,NO CONTROLS,RAIN,"DARKNESS, LIGHTED ROAD",PARKED MOTOR VEHICLE,NOT DIVIDED,,STRAIGHT AND LEVEL,WET,NO DEFECTS,ON SCENE,INJURY AND / OR TOW DUE TO CRASH,Y,,Y,"OVER $1,500",7/28/2023 6:05,UNABLE TO DETERMINE,UNABLE TO DETERMINE,1737,W,WILSON AVE,1912,,,,,,,7,NO INDICATION OF INJURY,0,0,0,0,0,1,0,5,6,7,41.96508299,-87.67242794,POINT (-87.672427942196 41.965082986068)
a5d5056aea7d4a568df1422221be2118647050d355e37c842c4a1c7bf155100a1328aaf6c7100e5b1511fe4e07c6e7ef4fad5b7cfa60526952365cc2492ef58f,,,7/28/2023 9:49,30,NO CONTROLS,NO CONTROLS,CLEAR,DAYLIGHT,SIDESWIPE SAME DIRECTION,DIVIDED - W/MEDIAN BARRIER,,STRAIGHT AND LEVEL,WET,NO DEFECTS,ON SCENE,NO INJURY / DRIVE AWAY,,,,$500 OR LESS,7/28/2023 9:50,IMPROPER OVERTAKING/PASSING,NOT APPLICABLE,1560,E,HYDE PARK BLVD,222,,,,,,,2,NO INDICATION OF INJURY,0,0,0,0,0,2,0,9,6,7,41.80259673,-87.5867896,POINT (-87.586789602045 41.802596730169)
a20d1e4282eba91b4566cc17a31adfe9aceacf5ed91b92b95372ae9edf49cff31f8bdec18f3fdfe9353c916acddfb9c198d70720eb6f672ce0cf154606f6700f,,,7/28/2023 19:40,15,NO CONTROLS,NO CONTROLS,CLEAR,"DARKNESS, LIGHTED ROAD",OTHER OBJECT,ALLEY,,STRAIGHT AND LEVEL,DRY,NO DEFECTS,ON SCENE,NO INJURY / DRIVE AWAY,,,,"$501 - $1,500",7/28/2023 19:48,PHYSICAL CONDITION OF DRIVER,PHYSICAL CONDITION OF DRIVER,1752,W,MAYPOLE AVE,1224,,,,,,,1,NO INDICATION OF INJURY,0,0,0,0,0,1,0,19,6,7,41.88429233,-87.67153146,POINT (-87.67153146248 41.884292326202)
5317166e42d4fcf5c702d8362795a9ef0cd6e5c5397676b80fbf5874fafdee33977d8b6b24985faa73b54e1536ec1cc94cf57695b5344b8ad2d88a8e21c26a8a,,,7/28/2023 16:20,30,NO CONTROLS,NO CONTROLS,CLEAR,DAYLIGHT,PARKED MOTOR VEHICLE,ONE-WAY,,STRAIGHT AND LEVEL,DRY,NO DEFECTS,ON SCENE,NO INJURY / DRIVE AWAY,,,Y,"OVER $1,500",7/28/2023 17:20,UNABLE TO DETERMINE,NOT APPLICABLE,4310,W,25TH PL,1013,,,,,,,2,NO INDICATION OF INJURY,0,0,0,0,0,2,0,16,6,7,41.84517954,-87.73158021,POINT (-87.73158020584 41.845179537552)
f1209181e8881fbeae1582c22f574163d114885089862455f34663a4faa46e72226609f4d642f0d93f22cae03cd07472fe848520654d11ec8278437f96991ba3,,,7/28/2023 9:13,30,TRAFFIC SIGNAL,FUNCTIONING PROPERLY,CLOUDY/OVERCAST,DAYLIGHT,TURNING,CENTER TURN LANE,,STRAIGHT AND LEVEL,DRY,UNKNOWN,ON SCENE,NO INJURY / DRIVE AWAY,,,Y,"OVER $1,500",7/28/2023 9:17,IMPROPER TURNING/NO SIGNAL,IMPROPER TURNING/NO SIGNAL,1557,W,47TH ST,933,,,,,,,2,NO INDICATION OF INJURY,0,0,0,0,0,9,0,9,6,7,41.80849493,-87.6649536,POINT (-87.664953598184 41.808494924755)
cdce6bfcdbff640f86077ca5b958876dddea9be0485e60ff20746a4271c40207afaaa2741ec6567c56198cf53140e952ddf4e6d7237d14b3866c490296dadaad,,,7/28/2023 16:10,30,NO CONTROLS,NO CONTROLS,CLEAR,DAYLIGHT,ANGLE,NOT DIVIDED,,STRAIGHT AND LEVEL,DRY,NO DEFECTS,ON SCENE,NO INJURY / DRIVE AWAY,N,,,"OVER $1,500",7/28/2023 16:10,NOT APPLICABLE,NOT APPLICABLE,3500,W,PETERSON AVE,1711,,,,,,,2,NO INDICATION OF INJURY,0,0,0,0,0,2,0,16,6,7,41.9904026,-87.71648638,POINT (-87.716486376615 41.990402596459)
72c994156d3bd16628a49543ce9dcc652fd736a3aacb34a793569fe1b8adc8d192deeb909a63d42ca12a1d65f4a48b5787cfbc5424868489b6d9a974d670b2c2,,,7/28/2023 8:10,30,TRAFFIC SIGNAL,FUNCTIONING PROPERLY,RAIN,DAYLIGHT,ANGLE,NOT DIVIDED,,STRAIGHT AND LEVEL,WET,NO DEFECTS,ON SCENE,INJURY AND / OR TOW DUE TO CRASH,Y,,,"OVER $1,500",7/28/2023 8:21,DISREGARDING TRAFFIC SIGNALS,FAILING TO YIELD RIGHT-OF-WAY,1400,N,CLARK ST,1821,,,,,,,2,NONINCAPACITATING INJURY,1,0,0,1,0,1,0,8,6,7,41.90787167,-87.6317171,POINT (-87.631717100748 41.907871669546)
1ec4470ac4758fbe46293c3c846ac3e3c25ab248cfa465efaf5e3918a195eb0bcce3656d5770742558559947e45d38211b75d4903e2fee628d914c4bb4ec6211,,,7/28/2023 17:45,30,NO CONTROLS,NO CONTROLS,CLEAR,DAYLIGHT,TURNING,NOT DIVIDED,,STRAIGHT AND LEVEL,DRY,NO DEFECTS,ON SCENE,INJURY AND / OR TOW DUE TO CRASH,,,,"OVER $1,500",7/28/2023 17:47,UNABLE TO DETERMINE,UNABLE TO DETERMINE,2900,N,CENTRAL AVE,2514,,,,,,,2,"REPORTED, NOT EVIDENT",1,0,0,0,1,1,0,17,6,7,41.933189,-87.76645962,POINT (-87.766459618755 41.933188997167)
6275173a55210e3936034be9611283555cd1438b44705263c13ed2f21ac4eb70c9d0672f6e325f2afcacaa8cfa90e2af6a5b8afeed7a656b6b595f23f470b740,,,7/28/2023 15:00,35,NO CONTROLS,NO CONTROLS,CLEAR,DAYLIGHT,REAR TO REAR,NOT DIVIDED,,STRAIGHT AND LEVEL,DRY,NO DEFECTS,NOT ON SCENE (DESK REPORT),NO INJURY / DRIVE AWAY,,,,"OVER $1,500",7/28/2023 15:30,IMPROPER BACKING,IMPROPER BACKING,1623,N,LARRABEE ST,1813,,,,,,,2,NO INDICATION OF INJURY,0,0,0,0,0,2,0,15,6,7,41.91172255,-87.64330652,POINT (-87.643306520012 41.911722553844)
1974c619249043a827b9f431d927d37dca73d627339abaa51a8773606be6ddfc346ddd97b3a714d03019d33be748d529058483654ca4cce839bdf12326f8d037,,,7/24/2023 10:55,30,TRAFFIC SIGNAL,FUNCTIONING PROPERLY,CLEAR,DAYLIGHT,TURNING,NOT DIVIDED,,STRAIGHT AND LEVEL,UNKNOWN,NO DEFECTS,NOT ON SCENE (DESK REPORT),NO INJURY / DRIVE AWAY,,,,"$501 - $1,500",7/24/2023 13:15,UNABLE TO DETERMINE,UNABLE TO DETERMINE,3532,E,95TH ST,432,,,,,,,2,NO INDICATION OF INJURY,0,0,0,0,0,2,0,10,2,7,41.72303873,-87.53747699,POINT (-87.537476989606 41.723038728538)
3a90977c0e2302a845ebd52a8827b357d4a81e81a4deabc2a325b8485ce06a8ede4b2db7b11d49fadb9a1a092804047cec348c8fd473e32f89802b9a1d52c35b,,,7/27/2023 6:30,30,NO CONTROLS,FUNCTIONING PROPERLY,CLEAR,DAYLIGHT,ANGLE,FOUR WAY,,STRAIGHT AND LEVEL,DRY,NO DEFECTS,NOT ON SCENE (DESK REPORT),NO INJURY / DRIVE AWAY,,,Y,"$501 - $1,500",7/27/2023 8:00,FAILING TO YIELD RIGHT-OF-WAY,UNABLE TO DETERMINE,4001,W,CERMAK RD,1013,,,,,,,2,NO INDICATION OF INJURY,0,0,0,0,0,2,0,6,5,7,41.85143488,-87.72487671,POINT (-87.724876709027 41.851434883205)
8e5bae6f71777b7d630ab1646d217caa15cdacad8a707d4534a2e01dbc63439a04437b449647275141136673c0c43f6d896b610baa4052d95df3ca08b673e317,,,7/28/2023 19:30,30,TRAFFIC SIGNAL,FUNCTIONING PROPERLY,CLEAR,DUSK,TURNING,NOT DIVIDED,,STRAIGHT AND LEVEL,DRY,NO DEFECTS,ON SCENE,NO INJURY / DRIVE AWAY,Y,,,$500 OR LESS,7/28/2023 19:31,DISTRACTION - FROM OUTSIDE VEHICLE,UNABLE TO DETERMINE,5150,W,LAWRENCE AVE,1623,,,,,,,2,NO INDICATION OF INJURY,0,0,0,0,0,2,0,19,6,7,41.96802556,-87.75673932,POINT (-87.756739321059 41.968025555855)
666fb2491788082e352948d3832ac5139105800b953a692d8ac8a77d83dbd07cd9d0c2cbab0c182de1cf6f95039067972324468d371473cb7a55f7b6f5d75935,,,7/28/2023 2:30,30,TRAFFIC SIGNAL,FUNCTIONING PROPERLY,CLEAR,"DARKNESS, LIGHTED ROAD",FIXED OBJECT,FOUR WAY,,STRAIGHT AND LEVEL,DRY,NO DEFECTS,ON SCENE,INJURY AND / OR TOW DUE TO CRASH,,,Y,"OVER $1,500",7/28/2023 2:30,UNABLE TO DETERMINE,UNABLE TO DETERMINE,102,N,OAKLEY BLVD,1223,,,,,,,1,,,,,,,,,2,6,7,41.88313772,-87.68416408,POINT (-87.684164079112 41.883137715768)
bef66cfca5c1963b6c3e594a804ca9ff1be0e1d4f6a13b19cb9394f7618621196f82492670fbe059fc23c489283c686e5cd7aabc87322f6fc2b55fcfb2064e75,JG359256,,7/7/2023 19:00,25,NO CONTROLS,NO CONTROLS,CLEAR,DUSK,SIDESWIPE SAME DIRECTION,NOT DIVIDED,,STRAIGHT AND LEVEL,DRY,NO DEFECTS,NOT ON SCENE (DESK REPORT),NO INJURY / DRIVE AWAY,,,,"OVER $1,500",7/28/2023 10:25,UNABLE TO DETERMINE,NOT APPLICABLE,800,N,HAMLIN AVE,1112,,,,,,,2,NO INDICATION OF INJURY,0,0,0,0,0,3,0,19,6,7,41.89550064,-87.72134269,POINT (-87.721342687975 41.895500637566)
b4bd61633f5b8ef8361461822175bc3f4e736dc8ca4b8a936f4d47d6a6c2308039c4ca9b2fda9d77d7864117a8d6aba45ef83134d95c95db87c1a431cf2559eb,,,7/28/2023 17:00,30,NO CONTROLS,NO CONTROLS,CLEAR,UNKNOWN,PARKED MOTOR VEHICLE,PARKING LOT,,STRAIGHT AND LEVEL,UNKNOWN,UNKNOWN,ON SCENE,NO INJURY / DRIVE AWAY,,Y,,"OVER $1,500",7/28/2023 17:23,UNABLE TO DETERMINE,NOT APPLICABLE,3120,N,PULASKI RD,2523,,,,,,,2,NO INDICATION OF INJURY,0,0,0,0,0,3,0,17,6,7,41.93792442,-87.72729744,POINT (-87.727297436758 41.937924424195)
dda8e9fee0511e39e9c1e478690ed82c45ec3f669199f35c82f5c147aeca5d7441311f57b958fe15a1411be024c78b6bdbef2224edcfe0b1453016830f9b913c,,,7/28/2023 10:18,30,UNKNOWN,UNKNOWN,UNKNOWN,UNKNOWN,SIDESWIPE SAME DIRECTION,UNKNOWN,,STRAIGHT AND LEVEL,UNKNOWN,UNKNOWN,NOT ON SCENE (DESK REPORT),NO INJURY / DRIVE AWAY,,,,$500 OR LESS,7/28/2023 11:30,UNABLE TO DETERMINE,UNABLE TO DETERMINE,8200,S,THROOP ST,613,,Y,,,,,2,NO INDICATION OF INJURY,0,0,0,0,0,2,0,10,6,7,41.74490803,-87.65616289,POINT (-87.656162892937 41.744908034356)
7fb5c268ac9103bf1389ddb91325843cdfbf7350c94f029b3e46bf29c0c749babd4a68c4f360e2f0988e379df269c7881910d99da25b33652b819717c5c2efd5,,,7/28/2023 21:11,30,NO CONTROLS,NO CONTROLS,RAIN,"DARKNESS, LIGHTED ROAD",ANGLE,FOUR WAY,,STRAIGHT AND LEVEL,WET,NO DEFECTS,ON SCENE,INJURY AND / OR TOW DUE TO CRASH,Y,,,"OVER $1,500",7/28/2023 21:26,UNABLE TO DETERMINE,UNABLE TO DETERMINE,499,E,WALDRON DR,132,,,,,,,2,NO INDICATION OF INJURY,0,0,0,0,0,2,0,21,6,7,41.86026344,-87.61410289,POINT (-87.614102888861 41.860263440644)
cec365b176bfcde09ab85fe867f41a142684a28a3aac1c12c9b339ab51ff780fd9ab4fbf4068a72d334514a75a0166c4cc8e3bbbcd8ebfa1cbff839d7f8b8021,,,7/27/2023 17:45,30,TRAFFIC SIGNAL,FUNCTIONING PROPERLY,CLEAR,DAYLIGHT,ANGLE,NOT DIVIDED,,STRAIGHT AND LEVEL,DRY,NO DEFECTS,NOT ON SCENE (DESK REPORT),NO INJURY / DRIVE AWAY,,,,"$501 - $1,500",7/27/2023 18:42,UNABLE TO DETERMINE,NOT APPLICABLE,2300,W,25TH ST,1034,,,,,,,2,NO INDICATION OF INJURY,0,0,0,0,0,3,0,17,5,7,41.84675462,-87.6831266,POINT (-87.683126597189 41.846754619468)
168de3439587e60a09697145a90011414f717bbf54a7cde3d05eb44c87ad0aef00d67a54bf5ca25f54e3170001bd075f7757ecc3a1eff994c89305ec2d5fb457,,,7/28/2023 12:45,15,NO CONTROLS,NO CONTROLS,CLEAR,DAYLIGHT,ANGLE,PARKING LOT,,STRAIGHT AND LEVEL,DRY,NO DEFECTS,NOT ON SCENE (DESK REPORT),NO INJURY / DRIVE AWAY,,,,"OVER $1,500",7/28/2023 13:00,FAILING TO YIELD RIGHT-OF-WAY,NOT APPLICABLE,8300,S,HOLLAND RD,622,,,,,,,2,NO INDICATION OF INJURY,0,0,0,0,0,2,0,12,6,7,41.74342733,-87.63218113,POINT (-87.632181132025 41.743427333057)
5218cd5d0c215ec85fcac8a3b550aa110fe1c5059a7fe209a5b8c4418a5127ced1877de6527352d2d644f349edf180556ab8b2657e061d9af8dea4f1c389a2fb,,,7/20/2023 19:00,10,NO CONTROLS,NO CONTROLS,CLEAR,DAYLIGHT,PARKED MOTOR VEHICLE,PARKING LOT,,STRAIGHT AND LEVEL,DRY,NO DEFECTS,NOT ON SCENE (DESK REPORT),NO INJURY / DRIVE AWAY,,Y,,"OVER $1,500",7/20/2023 20:30,UNABLE TO DETERMINE,NOT APPLICABLE,520,W,TAYLOR ST,124,,,,,,,2,NO INDICATION OF INJURY,0,0,0,0,0,1,0,19,5,7,41.8698556,-87.64027031,POINT (-87.640270307865 41.869855596599)
47e7d4ea0dee4c094e753cefd8e00452139adc76daccf77d1a7256cd560ed1a4bcec63ee8516e9a8965ba305e7ff0d6255f3512f51600c3030a77b50348c7eac,,,7/28/2023 13:20,30,NO CONTROLS,NO CONTROLS,CLEAR,DAYLIGHT,REAR END,NOT DIVIDED,,STRAIGHT AND LEVEL,DRY,NO DEFECTS,ON SCENE,NO INJURY / DRIVE AWAY,,,,"OVER $1,500",7/28/2023 13:23,HAD BEEN DRINKING (USE WHEN ARREST IS NOT MADE),FAILING TO REDUCE SPEED TO AVOID CRASH,4445,W,PETERSON AVE,1711,,,,,,,2,NO INDICATION OF INJURY,0,0,0,0,0,2,0,13,6,7,41.98988369,-87.74017801,POINT (-87.740178006424 41.98988368827)
c6fa8df08189589c3cc9be54a33339c59bf6e329475965192faf731f16771fc1ed28ab9365981a4d38a936f70704a4512e520c00560d33e45fea40255b671d10,,,7/28/2023 19:39,30,STOP SIGN/FLASHER,FUNCTIONING PROPERLY,CLEAR,"DARKNESS, LIGHTED ROAD",ANGLE,DIVIDED - W/MEDIAN (NOT RAISED),,STRAIGHT AND LEVEL,UNKNOWN,UNKNOWN,ON SCENE,INJURY AND / OR TOW DUE TO CRASH,Y,,,"OVER $1,500",7/28/2023 19:41,FAILING TO YIELD RIGHT-OF-WAY,NOT APPLICABLE,2700,W,TOUHY AVE,2411,,,,,,,2,NO INDICATION OF INJURY,0,0,0,0,0,2,0,19,6,7,42.01222954,-87.69747499,POINT (-87.697474985947 42.012229542311)
074b411eb51e77b14176249d75c10529588da60be43b7fcfc799c7b48fc5992f010c186758c6542c77769a03c040bbbe35885df73f6707bd6a8141ce7c3e1590,,,7/28/2023 18:20,35,TRAFFIC SIGNAL,FUNCTIONING PROPERLY,CLEAR,DAYLIGHT,SIDESWIPE SAME DIRECTION,NOT DIVIDED,,STRAIGHT AND LEVEL,DRY,NO DEFECTS,NOT ON SCENE (DESK REPORT),NO INJURY / DRIVE AWAY,,,,"OVER $1,500",7/28/2023 19:03,UNABLE TO DETERMINE,UNABLE TO DETERMINE,616,N,RUSH ST,1834,,,,,,,2,NO INDICATION OF INJURY,0,0,0,0,0,2,0,18,6,7,41.89313081,-87.62555906,POINT (-87.625559064282 41.893130810873)
96ca023ee50ab641938ac808e68aebea689fafb047cccccdec4379976dc438885e82c89445cb7472c737eb65021a9b7456093eab7e06d7ab789fe016242ff877,,Y,7/28/2023 10:00,35,UNKNOWN,UNKNOWN,CLEAR,DAYLIGHT,SIDESWIPE SAME DIRECTION,UNKNOWN,,STRAIGHT AND LEVEL,DRY,UNKNOWN,ON SCENE,NO INJURY / DRIVE AWAY,,,Y,"OVER $1,500",7/28/2023 10:04,"OPERATING VEHICLE IN ERRATIC, RECKLESS, CARELESS, NEGLIGENT OR AGGRESSIVE MANNER",NOT APPLICABLE,5500,S,ASHLAND AVE,715,,,,,,,2,NO INDICATION OF INJURY,0,0,0,0,0,2,0,10,6,7,41.79359012,-87.664721,POINT (-87.664720995935 41.793590115883)
f28f6b6fdcd6a0bfa8a80aca7950a39129494f9ec520f50eb4232b74b2a7736b86244568ae4d92b44297106b2301318944fead63fff0a40664121cb84bdd1a10,,,7/28/2023 11:45,30,UNKNOWN,UNKNOWN,CLEAR,DAYLIGHT,PARKED MOTOR VEHICLE,NOT DIVIDED,,STRAIGHT AND LEVEL,DRY,NO DEFECTS,NOT ON SCENE (DESK REPORT),NO INJURY / DRIVE AWAY,,,,"$501 - $1,500",7/28/2023 14:05,FAILING TO YIELD RIGHT-OF-WAY,FOLLOWING TOO CLOSELY,126,N,PEORIA ST,1224,,,,,,,2,NO INDICATION OF INJURY,0,0,0,0,0,3,0,11,6,7,41.88390837,-87.64990518,POINT (-87.64990517829 41.883908369228)