CRASH_RECORD_ID,RD_NO,CRASH_DATE_EST_I,CRASH_DATE,POSTED_SPEED_LIMIT,TRAFFIC_CONTROL_DEVICE,DEVICE_CONDITION,WEATHER_CONDITION,LIGHTING_CONDITION,FIRST_CRASH_TYPE,TRAFFICWAY_TYPE,LANE_CNT,ALIGNMENT,ROADWAY_SURFACE_COND,ROAD_DEFECT,REPORT_TYPE,CRASH_TYPE,INTERSECTION_RELATED_I,NOT_RIGHT_OF_WAY_I,HIT_AND_RUN_I,DAMAGE,DATE_POLICE_NOTIFIED,PRIM_CONTRIBUTORY_CAUSE,SEC_CONTRIBUTORY_CAUSE,STREET_NO,STREET_DIRECTION,STREET_NAME,BEAT_OF_OCCURRENCE,PHOTOS_TAKEN_I,STATEMENTS_TAKEN_I,DOORING_I,WORK_ZONE_I,WORK_ZONE_TYPE,WORKERS_PRESENT_I,NUM_UNITS,MOST_SEVERE_INJURY,INJURIES_TOTAL,INJURIES_FATAL,INJURIES_INCAPACITATING,INJURIES_NON_INCAPACITATING,INJURIES_REPORTED_NOT_EVIDENT,INJURIES_NO_INDICATION,INJURIES_UNKNOWN,CRASH_HOUR,CRASH_DAY_OF_WEEK,CRASH_MONTH,LATITUDE,LONGITUDE,LOCATION
7018be5fae885a81e6b3e27aa6cfc27d055bf334865991a6807cfdf6e28356337923b8d896a8d86121bd206ae4aa60a5aa389b6748d4c4f145f699dcd5150074,,,7/28/2023 18:00,15,NO CONTROLS,NO CONTROLS,CLEAR,DAYLIGHT,PARKED MOTOR VEHICLE,ONE-WAY,,STRAIGHT AND LEVEL,DRY,NO DEFECTS,ON SCENE,NO INJURY / DRIVE AWAY,,,Y,"OVER $1,500",7/28/2023 18:50,UNABLE TO DETERMINE,NOT APPLICABLE,4812,W,WABANSIA AVE,2533,,,,,,,2,NO INDICATION OF INJURY,0,0,0,0,0,1,0,18,6,7,41.9115606,-87.74651336,POINT (-87.746513356114 41.911560596494)
386f66533b20a26342411add487a51ce0e47a7cd052107bc9dae04008832a0753f1a3e45d5ff5505641cce66f0d7c53b3583dd8d1c1c9ead99428230b3d3c328,,,7/28/2023 10:31,30,NO CONTROLS,NO CONTROLS,CLEAR,DAYLIGHT,PARKED MOTOR VEHICLE,NOT DIVIDED,,STRAIGHT AND LEVEL,DRY,NO DEFECTS,ON SCENE,NO INJURY / DRIVE AWAY,,,,"$501 - $1,500",7/28/2023 10:31,EQUIPMENT - VEHICLE CONDITION,NOT APPLICABLE,2199,S,DAMEN AVE,1234,,,,,,,2,NO INDICATION OF INJURY,0,0,0,0,0,1,0,10,6,7,41.85222488,-87.6756952,POINT (-87.675695197272 41.8522248793)
6306945710433bddd37cad9ba097b044dce117b9d73145b3a23dcf99d62058febb8d98cb929a08ab7167aabd128ace0d385d12293ce83b8f43741105eaf5b830,,,7/28/2023 8:33,30,TRAFFIC SIGNAL,FUNCTIONING PROPERLY,CLEAR,DAYLIGHT,SIDESWIPE SAME DIRECTION,NOT DIVIDED,,STRAIGHT AND LEVEL,DRY,NO DEFECTS,ON SCENE,INJURY AND / OR TOW DUE TO CRASH,,,Y,"OVER $1,500",7/28/2023 8:33,FAILING TO REDUCE SPEED TO AVOID CRASH,DISTRACTION - FROM OUTSIDE VEHICLE,3515,N,PULASKI RD,1732,,,,,,,3,"REPORTED, NOT EVIDENT",1,0,0,0,1,2,0,8,6,7,41.94507689,-87.72721499,POINT (-87.727214989226 41.945076887696)
358ea417b12df535dabf1297a5abe2a245fb0a2503996d86ed2d43b0ab96129db4c01c63f0d5b82961c188eff8cc52dc8a6677ef6d687b8cd4b1d3a645fc2843,,,7/28/2023 15:10,25,NO CONTROLS,NO CONTROLS,CLEAR,DAYLIGHT,ANGLE,ALLEY,,STRAIGHT AND LEVEL,DRY,NO DEFECTS,NOT ON SCENE (DESK REPORT),NO INJURY / DRIVE AWAY,Y,,,"OVER $1,500",7/28/2023 15:50,FAILING TO YIELD RIGHT-OF-WAY,FAILING TO YIELD RIGHT-OF-WAY,5915,S,WASHTENAW AVE,824,,,,,,,2,NO INDICATION OF INJURY,0,0,0,0,0,3,0,15,6,7,41.78596177,-87.6909967,POINT (-87.690996704319 41.785961768557)
eb2fb0337ea8f1dd24345199860ce769f97cec88bc9cb75cd0b16b258ec478884855cefecb3c9b17c2e13d485778fd2b12bb703b6506eafb546328123cc94fa6,JG272434,,5/23/2023 18:23,30,NO CONTROLS,NO CONTROLS,CLEAR,DAYLIGHT,FIXED OBJECT,ONE-WAY,,STRAIGHT AND LEVEL,DRY,NO DEFECTS,ON SCENE,INJURY AND / OR TOW DUE TO CRASH,,Y,,"OVER $1,500",5/23/2023 18:23,"OPERATING VEHICLE IN ERRATIC, RECKLESS, CARELESS, NEGLIGENT OR AGGRESSIVE MANNER",NOT APPLICABLE,6055,S,PRAIRIE AVE,311,,,,,,,1,NONINCAPACITATING INJURY,1,0,0,1,0,1,0,18,3,5,41.78403352,-87.61880414,POINT (-87.61880414084 41.784033520797)
adee8268a4ebd38a8adb6f190eb3f1b3b18ff5b84d8bc6a7b9348b9e4660a9688723de312daf9ced40863b35d263575181e98d8b30057498fc3bd1889e03dbdb,,,7/27/2023 9:55,30,NO CONTROLS,NO CONTROLS,CLEAR,DAYLIGHT,TURNING,NOT DIVIDED,,STRAIGHT AND LEVEL,DRY,NO DEFECTS,NOT ON SCENE (DESK REPORT),NO INJURY / DRIVE AWAY,,,,"OVER $1,500",7/27/2023 10:30,UNABLE TO DETERMINE,UNABLE TO DETERMINE,1230,S,WESTERN AVE,1023,,,,,,,2,NO INDICATION OF INJURY,0,0,0,0,0,2,0,9,5,7,41.86565308,-87.68616252,POINT (-87.686162523762 41.865653074809)
75033dfd7261270a58f0cf2e13bd97bcfd4f1ebdae59d2322918720e2a677bce196d8743d2df9e26cae1da00e31b3b11e4bf53641f51738a8d5bef51c039ccd3,,,7/22/2023 7:30,30,TRAFFIC SIGNAL,UNKNOWN,CLEAR,DAYLIGHT,TURNING,DIVIDED - W/MEDIAN (NOT RAISED),,STRAIGHT AND LEVEL,DRY,UNKNOWN,NOT ON SCENE (DESK REPORT),NO INJURY / DRIVE AWAY,,,,"OVER $1,500",7/28/2023 13:00,FAILING TO YIELD RIGHT-OF-WAY,NOT APPLICABLE,5600,W,BELMONT AVE,1633,,,,,,,2,NO INDICATION OF INJURY,0,0,0,0,0,2,0,7,7,7,41.93868378,-87.76656249,POINT (-87.766562493845 41.938683774757)
8fea1b44a33af33099c025b8925c233eb8c54512a0a47780a6c6b307dd769b7ccbace8ea3e5c6cbaf8fca6e14762a5a8cdb38034cc16f583ae390988c3f63586,,,7/28/2023 15:50,25,NO CONTROLS,NO CONTROLS,CLEAR,DAYLIGHT,SIDESWIPE SAME DIRECTION,DIVIDED - W/MEDIAN (NOT RAISED),,STRAIGHT AND LEVEL,DRY,NO DEFECTS,ON SCENE,NO INJURY / DRIVE AWAY,,,,"OVER $1,500",7/28/2023 16:03,IMPROPER OVERTAKING/PASSING,UNABLE TO DETERMINE,4314,N,WESTERN AVE,1911,,,,,,,2,NO INDICATION OF INJURY,0,0,0,0,0,3,0,15,6,7,41.95997556,-87.68879117,POINT (-87.688791174445 41.959975563026)
ca53eb3df89697cebf3c0e592d842afa03778f48cb5ecfb6096a471a9dd8a0ff1937b256f72302e9ee1c5dd3368e94e231aacc53d1675540d2bf3578c6a14c1e,,,7/28/2023 19:05,25,NO CONTROLS,NO CONTROLS,CLEAR,DAWN,TURNING,ONE-WAY,,STRAIGHT AND LEVEL,DRY,NO DEFECTS,ON SCENE,INJURY AND / OR TOW DUE TO CRASH,,,,"OVER $1,500",7/28/2023 19:06,IMPROPER TURNING/NO SIGNAL,FAILING TO YIELD RIGHT-OF-WAY,1851,W,WASHINGTON BLVD,1223,,,,,,,2,NO INDICATION OF INJURY,0,0,0,0,0,4,0,19,6,7,41.88307964,-87.67380942,POINT (-87.673809423105 41.883079641775)
db637b5b4c04c6216707987ccebc9dab2b53632582e0ccc680023c3c19af61cc337adfe874ed19f79574dbf3df46d4ea0bc938d848237d9f9f1c5f9a1a7b26ec,,,7/28/2023 12:30,30,NO CONTROLS,NO CONTROLS,CLEAR,DAYLIGHT,ANGLE,DIVIDED - W/MEDIAN (NOT RAISED),,STRAIGHT AND LEVEL,DRY,NO DEFECTS,NOT ON SCENE (DESK REPORT),NO INJURY / DRIVE AWAY,,,,"OVER $1,500",7/28/2023 13:30,UNABLE TO DETERMINE,UNABLE TO DETERMINE,300,N,PULASKI RD,1114,,,,,,,2,NO INDICATION OF INJURY,0,0,0,0,0,2,0,12,6,7,41.88553355,-87.72595291,POINT (-87.725952906768 41.885533551021)
7e251c65a1e31d37ce614e35aeae6027d584313da86615026a33e060fe431e525e965e29fd68f6287f0539913d542d543dfed6f833a047aef0c79d7746102ea4,,,7/28/2023 17:37,15,NO CONTROLS,NO CONTROLS,CLEAR,DAYLIGHT,SIDESWIPE SAME DIRECTION,NOT DIVIDED,,STRAIGHT AND LEVEL,DRY,NO DEFECTS,ON SCENE,INJURY AND / OR TOW DUE TO CRASH,,,,$500 OR LESS,7/28/2023 17:40,IMPROPER BACKING,"OPERATING VEHICLE IN ERRATIC, RECKLESS, CARELESS, NEGLIGENT OR AGGRESSIVE MANNER",4604,S,HERMITAGE AVE,924,,,,,,,2,NO INDICATION OF INJURY,0,0,0,0,0,4,0,17,6,7,41.81018333,-87.66880498,POINT (-87.668804975209 41.810183325374)
cd04edbb725e69ea061f6c1bfa6f6efedea4dded19ed02b73d455c5a5c8ad4cd2a170a72d2bfc937c84f000420a7c2d91e5deebde91e19af3e0eff72a8cf1654,,,7/28/2023 18:10,55,NO CONTROLS,NO CONTROLS,CLEAR,DAYLIGHT,SIDESWIPE SAME DIRECTION,ONE-WAY,,STRAIGHT AND LEVEL,DRY,NO DEFECTS,NOT ON SCENE (DESK REPORT),NO INJURY / DRIVE AWAY,,,,"OVER $1,500",7/28/2023 19:45,UNABLE TO DETERMINE,UNABLE TO DETERMINE,10430,S,INDIANAPOLIS AVE,432,,,,,,,2,NO INDICATION OF INJURY,0,0,0,0,0,2,0,18,6,7,41.70557547,-87.527667,POINT (-87.527666994629 41.705575464835)
4aa4e3197db5db261eadecef85ba51c4e06eb56c21b56310d482763e47bd9cafd032dc61889d452f3cfab75067628d7bc42fa237bdd015aaa981e7abbb55b948,,Y,7/28/2023 21:00,30,TRAFFIC SIGNAL,FUNCTIONING PROPERLY,CLEAR,"DARKNESS, LIGHTED ROAD",TURNING,FOUR WAY,,STRAIGHT AND LEVEL,DRY,NO DEFECTS,NOT ON SCENE (DESK REPORT),NO INJURY / DRIVE AWAY,Y,,,"OVER $1,500",7/28/2023 21:45,IMPROPER TURNING/NO SIGNAL,DRIVING SKILLS/KNOWLEDGE/EXPERIENCE,3500,S,DR MARTIN LUTHER KING JR DR,212,,,,,,,2,NO INDICATION OF INJURY,0,0,0,0,0,4,0,21,6,7,41.83108657,-87.61746054,POINT (-87.617460541867 41.831086574167)
5b8eb6e7eb7acf050509870f74f31a0898f91b3137cb5d4ed956463f5fb644804d2ede77261473cb4c43efc756e09d33342f7d6f796d0721ce73ea858145b555,,,7/28/2023 12:07,30,TRAFFIC SIGNAL,FUNCTIONING PROPERLY,CLEAR,DAYLIGHT,REAR END,DIVIDED - W/MEDIAN BARRIER,,STRAIGHT AND LEVEL,DRY,NO DEFECTS,ON SCENE,NO INJURY / DRIVE AWAY,,,,"OVER $1,500",7/28/2023 12:12,FOLLOWING TOO CLOSELY,DISTRACTION - FROM INSIDE VEHICLE,2,W,LOWER WACKER DR,111,,,,,,,2,NO INDICATION OF INJURY,0,0,0,0,0,2,0,12,6,7,41.88706894,-87.62806723,POINT (-87.628067225526 41.887068936825)
26b72a011d211127465af81062affdd393ccc4fe3ec1a73bcf5163e4311c045227a7be6ce24bbf165f27b37dfe65d3db36ec2521d9fe00fc2153e9080b191502,,,7/28/2023 11:15,30,TRAFFIC SIGNAL,FUNCTIONING PROPERLY,CLEAR,DAYLIGHT,TURNING,DIVIDED - W/MEDIAN (NOT RAISED),,STRAIGHT AND LEVEL,DRY,NO DEFECTS,ON SCENE,INJURY AND / OR TOW DUE TO CRASH,,,,"OVER $1,500",7/28/2023 11:18,UNABLE TO DETERMINE,UNABLE TO DETERMINE,4801,W,NORTH AVE,2533,,,,,,,2,INCAPACITATING INJURY,1,0,1,0,0,3,0,11,6,7,41.90951439,-87.74623993,POINT (-87.746239925209 41.909514388786)
24b6d8fea977d8554cf8c5810b91fde8cbb3a90cefc40ef0750538f3734bb5058269d6f1ef4ef7a9443ea9385d0e2735fd9bad273286b2568e2bbc732b05adb1,,Y,7/28/2023 15:40,30,STOP SIGN/FLASHER,FUNCTIONING PROPERLY,CLEAR,DAYLIGHT,TURNING,NOT DIVIDED,,STRAIGHT AND LEVEL,DRY,UNKNOWN,ON SCENE,INJURY AND / OR TOW DUE TO CRASH,Y,,,"OVER $1,500",7/28/2023 15:40,IMPROPER OVERTAKING/PASSING,IMPROPER OVERTAKING/PASSING,4000,W,GLADYS AVE,1132,,,,,,,2,NO INDICATION OF INJURY,0,0,0,0,0,6,0,15,6,7,41.87628674,-87.7256402,POINT (-87.725640195139 41.876286738946)
03c51badebe71da6a7da9dfc38b2a18253481cb3300cfe093469a6c175b09b66779f52f6c6b1a8063a5da93d3a021e22f0d82cee91e7893a20394f65954ce452,,,7/28/2023 15:00,30,TRAFFIC SIGNAL,FUNCTIONING PROPERLY,CLEAR,DAYLIGHT,REAR END,T-INTERSECTION,,STRAIGHT AND LEVEL,DRY,NO DEFECTS,ON SCENE,NO INJURY / DRIVE AWAY,Y,,,"OVER $1,500",7/28/2023 15:00,FOLLOWING TOO CLOSELY,NOT APPLICABLE,1400,S,LAKE SHORE DR NB,132,,,,,,,2,NO INDICATION OF INJURY,0,0,0,0,0,2,0,15,6,7,41.86403564,-87.61929707,POINT (-87.619297069192 41.864035639814)
58c0bbd21359dbfbbb02e90670ff69aaf5c296e8cba0e9c51d77485b83533d08a5163d5bf86d189cc9ca79df8fe088f8059a28c4b2dcfe501d48c9e2808a1fea,,,7/28/2023 17:03,25,TRAFFIC SIGNAL,FUNCTIONING PROPERLY,CLEAR,DAYLIGHT,TURNING,FOUR WAY,,STRAIGHT AND LEVEL,DRY,NO DEFECTS,ON SCENE,NO INJURY / DRIVE AWAY,,,,"OVER $1,500",7/28/2023 17:03,IMPROPER TURNING/NO SIGNAL,NOT APPLICABLE,4000,W,CERMAK RD,1012,,,,,,,2,NO INDICATION OF INJURY,0,0,0,0,0,2,0,17,6,7,41.85165437,-87.72488298,POINT (-87.724882975308 41.851654368676)
9cb030c381a922296c41dde33f1fd501b9868f45cd8cf1fe928d8bedc4909f585be436adbe163eae6fcabf0a1d0dc0f1bb7c65a68c9bb9d9406b37af7b7f792e,,,7/26/2023 17:00,30,UNKNOWN,UNKNOWN,CLEAR,DAYLIGHT,SIDESWIPE SAME DIRECTION,UNKNOWN,,STRAIGHT AND LEVEL,UNKNOWN,UNKNOWN,NOT ON SCENE (DESK REPORT),NO INJURY / DRIVE AWAY,,,,"OVER $1,500",7/27/2023 11:30,IMPROPER OVERTAKING/PASSING,IMPROPER OVERTAKING/PASSING,7900,S,COTTAGE GROVE AVE,624,,Y,,,,,2,NO INDICATION OF INJURY,0,0,0,0,0,2,0,17,4,7,41.75119434,-87.60536733,POINT (-87.60536732633 41.751194338222)
2654cb9949ca8a7b4f42c3cc4e73e884b7535477d94a1c7f662bec5c180cddeaedc3529cd7cbd5475b59f9e614f383f8abeb3207b57ceb32327fe0266e866c11,,Y,7/27/2023 22:00,30,NO CONTROLS,NO CONTROLS,CLEAR,DARKNESS,PARKED MOTOR VEHICLE,OTHER,,STRAIGHT AND LEVEL,DRY,NO DEFECTS,NOT ON SCENE (DESK REPORT),NO INJURY / DRIVE AWAY,,,Y,"OVER $1,500",7/28/2023 18:10,NOT APPLICABLE,NOT APPLICABLE,4631,S,LAKE PARK AVE,222,,,,,,,2,NO INDICATION OF INJURY,0,0,0,0,0,1,0,22,5,7,41.81091729,-87.5937036,POINT (-87.593703600171 41.810917288212)
fa2be1da242e47fd77a611cfa25b9d368846a2b7d5f43521304f28ae5dbe49d7d2c879a1857b3bef26e0c39a80bee005644717e010932cb6fd8362f958c2ccae,,,7/27/2023 15:15,30,NO CONTROLS,NO CONTROLS,CLEAR,DAYLIGHT,TURNING,DIVIDED - W/MEDIAN (NOT RAISED),,STRAIGHT AND LEVEL,DRY,NO DEFECTS,NOT ON SCENE (DESK REPORT),INJURY AND / OR TOW DUE TO CRASH,Y,,,"OVER $1,500",7/27/2023 16:00,"OPERATING VEHICLE IN ERRATIC, RECKLESS, CARELESS, NEGLIGENT OR AGGRESSIVE MANNER",NOT APPLICABLE,614,W,79TH ST,621,,,,,,,2,"REPORTED, NOT EVIDENT",1,0,0,0,1,3,0,15,5,7,41.7508138,-87.63981001,POINT (-87.639810008197 41.750813796073)
b834cf39ccf5eed5568a7e00d09df8a4665cea0ecebd3c08b79ecb14f1ddfada6daae2d0fd4dd74c62fe4e466b0e5992fc6252c9c67998803bc335f546441ac3,,,7/27/2023 21:37,30,TRAFFIC SIGNAL,FUNCTIONING PROPERLY,CLEAR,"DARKNESS, LIGHTED ROAD",REAR END,FOUR WAY,,STRAIGHT AND LEVEL,DRY,UNKNOWN,NOT ON SCENE (DESK REPORT),NO INJURY / DRIVE AWAY,Y,,,"OVER $1,500",7/27/2023 22:00,UNABLE TO DETERMINE,NOT APPLICABLE,500,W,IRVING PARK DR,1925,,,,,,,2,NO INDICATION OF INJURY,0,0,0,0,0,3,0,21,5,7,41.95476962,-87.64419973,POINT (-87.64419972807 41.954769616926)
e6058d1eb6e14e89608a6453ce9afc17f709f76b4ae7d32628bfd0dc83ffc19a681dd7865fce8ac7444615184ec55a465adf5ab4564fcb0a2db9da38f36ec221,,,7/26/2023 8:10,30,NO CONTROLS,NO CONTROLS,CLEAR,DAYLIGHT,SIDESWIPE SAME DIRECTION,DIVIDED - W/MEDIAN (NOT RAISED),,STRAIGHT AND LEVEL,DRY,NO DEFECTS,NOT ON SCENE (DESK REPORT),NO INJURY / DRIVE AWAY,,,Y,"OVER $1,500",7/28/2023 17:12,FAILING TO YIELD RIGHT-OF-WAY,FAILING TO YIELD RIGHT-OF-WAY,4813,S,PULASKI RD,821,,,,,,,2,NO INDICATION OF INJURY,0,0,0,0,0,2,0,8,4,7,41.80560926,-87.72336919,POINT (-87.723369192264 41.805609258143)
c474a8a4fb2c677e29200f7c2b131fa683113b59db17f0d132866083abed79d01e32a27a9f94df9954548aae3794c75e8709e88c74a88ed1b6471efd7be5349b,,,7/27/2023 17:45,30,UNKNOWN,UNKNOWN,CLEAR,DAYLIGHT,SIDESWIPE SAME DIRECTION,NOT DIVIDED,,STRAIGHT AND LEVEL,DRY,UNKNOWN,NOT ON SCENE (DESK REPORT),NO INJURY / DRIVE AWAY,,,,"OVER $1,500",7/27/2023 19:04,FAILING TO YIELD RIGHT-OF-WAY,FAILING TO YIELD RIGHT-OF-WAY,704,W,MADISON ST,1224,,,,Y,CONSTRUCTION,,2,NO INDICATION OF INJURY,0,0,0,0,0,3,0,17,5,7,41.88190655,-87.64582653,POINT (-87.645826525532 41.881906546328)
3f6c2a152645db7c7e9ddc368fbae05b32eca9dde145c29c4120916851a13e76fd1d26d1a385d47736a83a9da7cec337b6914f2851e33c5ba8142fe401c192d9,,,7/28/2023 7:20,30,NO CONTROLS,NO CONTROLS,RAIN,DAYLIGHT,SIDESWIPE SAME DIRECTION,NOT DIVIDED,,STRAIGHT AND LEVEL,WET,NO DEFECTS,NOT ON SCENE (DESK REPORT),NO INJURY / DRIVE AWAY,,,Y,"OVER $1,500",7/28/2023 7:55,UNABLE TO DETERMINE,UNABLE TO DETERMINE,4959,W,55TH ST,813,,,,,,,2,NO INDICATION OF INJURY,0,0,0,0,0,2,0,7,6,7,41.79284972,-87.74754029,POINT (-87.747540291127 41.792849717586)
004afd18ce76e4fe932c50aaa2561ebd89aff429cde5d610a470f630fc81eee7fcdcd8960859ebae3e98f75bc72b1830a7d0c2584ee29fa83f1cd1bea2da458f,,,7/28/2023 7:35,35,TRAFFIC SIGNAL,FUNCTIONING PROPERLY,CLEAR,DAYLIGHT,SIDESWIPE SAME DIRECTION,DIVIDED - W/MEDIAN BARRIER,,STRAIGHT AND LEVEL,DRY,NO DEFECTS,NOT ON SCENE (DESK REPORT),NO INJURY / DRIVE AWAY,,,Y,"OVER $1,500",7/28/2023 17:12,FAILING TO YIELD RIGHT-OF-WAY,IMPROPER OVERTAKING/PASSING,500,S,COLUMBUS DR,114,,,,,,,2,NO INDICATION OF INJURY,0,0,0,0,0,2,0,7,6,7,41.87571103,-87.62073676,POINT (-87.620736762921 41.875711033222)
a813325b48758338b77c78461c82e25e1fe624a1c0d735bba35a938e5fe713619acb6f3457348e043d63e4291239274ac694950f5fe515cdbff25ef8a42ee074,,,7/27/2023 18:30,45,NO CONTROLS,NO CONTROLS,CLEAR,DAYLIGHT,REAR END,NOT DIVIDED,,STRAIGHT AND LEVEL,DRY,NO DEFECTS,NOT ON SCENE (DESK REPORT),NO INJURY / DRIVE AWAY,,,Y,"OVER $1,500",7/28/2023 9:10,UNABLE TO DETERMINE,NOT APPLICABLE,800,N,LAKE SHORE DR,1833,,,,,,,2,NO INDICATION OF INJURY,0,0,0,0,0,2,0,18,5,7,41.89682805,-87.6172077,POINT (-87.617207703311 41.896828045009)
9196ffbf3a46aefd96cc517f5860348cfe3f4713e34d4c33da53f4dbd43a7aed3190e78c99117fd211ddc309e369a15d35e535f5a7ebabb10bdaae546fcfcc5c,,Y,7/28/2023 9:40,30,NO CONTROLS,NO CONTROLS,CLEAR,DAYLIGHT,PARKED MOTOR VEHICLE,DIVIDED - W/MEDIAN BARRIER,,STRAIGHT AND LEVEL,WET,NO DEFECTS,ON SCENE,INJURY AND / OR TOW DUE TO CRASH,,,N,"OVER $1,500",7/28/2023 9:40,UNABLE TO DETERMINE,NOT APPLICABLE,2841,S,STATE ST,133,,,,,,,2,,,,,,,,,9,6,7,41.84223261,-87.62652146,POINT (-87.626521463333 41.842232613505)
b6b62764e43b3aa34b18beeaaa4c1b42dc1eae3af361e1974741f925918bbb2385575be856e37c5ad5066524de2bd649a045c2a071e2673162fe2ffb99b623a8,,,7/27/2023 9:30,15,NO CONTROLS,NO CONTROLS,CLEAR,DAYLIGHT,OTHER OBJECT,OTHER,,STRAIGHT ON GRADE,OTHER,"RUT, HOLES",NOT ON SCENE (DESK REPORT),NO INJURY / DRIVE AWAY,,,,$500 OR LESS,7/27/2023 10:05,"VISION OBSCURED (SIGNS, TREE LIMBS, BUILDINGS, ETC.)",NOT APPLICABLE,3157,W,MONROE ST,1124,,,,,,,1,NO INDICATION OF INJURY,0,0,0,0,0,1,0,9,5,7,41.87955133,-87.70512249,POINT (-87.705122489174 41.879551330546)
bea638a238ed31fa1bb09d2d23cb6bf684b34bed94e8246036936ef36cb21a73cbefedb786f715801603d73c32df834d7be7d7ff67883ea61224aac9a60242ef,,,7/28/2023 12:30,30,NO CONTROLS,NO CONTROLS,CLEAR,DAYLIGHT,TURNING,NOT DIVIDED,,STRAIGHT AND LEVEL,DRY,NO DEFECTS,ON SCENE,INJURY AND / OR TOW DUE TO CRASH,,,,"OVER $1,500",7/28/2023 12:30,UNABLE TO DETERMINE,UNABLE TO DETERMINE,9863,S,EWING AVE,432,,,,,,,2,INCAPACITATING INJURY,1,0,1,0,0,2,0,12,6,7,41.7159162,-87.53513061,POINT (-87.535130612383 41.715916201716)
54db354a6c6f1e3b76c60e2326c77f6628b01ba314f18629c86239861b849db769a734beff38ef050b14ad579f80474fa15472537e3f2bd57a1b088ad8921828,,,7/28/2023 15:30,30,TRAFFIC SIGNAL,UNKNOWN,UNKNOWN,UNKNOWN,REAR END,OTHER,,STRAIGHT AND LEVEL,UNKNOWN,UNKNOWN,NOT ON SCENE (DESK REPORT),NO INJURY / DRIVE AWAY,,,,"$501 - $1,500",7/28/2023 20:10,UNABLE TO DETERMINE,NOT APPLICABLE,3200,W,79TH ST,835,,,,,,,2,NO INDICATION OF INJURY,0,0,0,0,0,2,0,15,6,7,41.749952,-87.70244848,POINT (-87.702448478087 41.749952001423)
ccacf3560a068bc58c0eaddb1fcd0a1e7b9e509c43e3079233869a983b9764c60fc036caa1be919ebbc634dde9ef0e76e51f9b5c646f1ff633b5e50c14696dfe,,,7/28/2023 7:17,30,TRAFFIC SIGNAL,FUNCTIONING PROPERLY,RAIN,DAYLIGHT,TURNING,FOUR WAY,,STRAIGHT AND LEVEL,WET,NO DEFECTS,ON SCENE,INJURY AND / OR TOW DUE TO CRASH,Y,,,"OVER $1,500",7/28/2023 7:40,UNABLE TO DETERMINE,NOT APPLICABLE,101,E,LA SALLE DR,1814,,,,,,,2,"REPORTED, NOT EVIDENT",1,0,0,0,1,1,0,7,6,7,41.91239009,-87.62694558,POINT (-87.626945584242 41.912390093351)
88224d1e1d1afab219a1aec362d9684a9c55283d3b3c9b1f6ee3be085959ee4d9c9463bcd6e11457940e7ceb08b35fdc69e2c86962e4185105a53122511bc58d,,,7/28/2023 15:00,30,NO CONTROLS,NO CONTROLS,CLEAR,DAYLIGHT,REAR END,NOT DIVIDED,,STRAIGHT AND LEVEL,DRY,NO DEFECTS,ON SCENE,NO INJURY / DRIVE AWAY,,Y,,$500 OR LESS,7/28/2023 15:44,FOLLOWING TOO CLOSELY,FAILING TO REDUCE SPEED TO AVOID CRASH,4701,S,CICERO AVE,815,,,,,,,2,NO INDICATION OF INJURY,0,0,0,0,0,2,0,15,6,7,41.80753346,-87.74300342,POINT (-87.743003421203 41.807533457298)
6afe2b26f83cda43b91b647f54d41a12dad3b4087c755fdfec485c2c10cfd9a03686aa5a5093f0a0fea91752fd009b84010506eedce7b4026348a41bad89b097,,,7/27/2023 15:45,30,TRAFFIC SIGNAL,FUNCTIONING PROPERLY,CLEAR,DAYLIGHT,REAR END,NOT DIVIDED,,STRAIGHT AND LEVEL,DRY,NO DEFECTS,NOT ON SCENE (DESK REPORT),INJURY AND / OR TOW DUE TO CRASH,,,Y,"OVER $1,500",7/28/2023 13:20,UNABLE TO DETERMINE,UNABLE TO DETERMINE,637,W,KINZIE ST,1214,,,,,,,2,INCAPACITATING INJURY,1,0,1,0,0,2,0,15,5,7,41.88892451,-87.64425909,POINT (-87.644259085327 41.88892450931)
58cd4d6d99d7c4693c6a5117285aedbb1b506e68fead4e632b23b6cafe474f6358ff4d9c655f6c35aada3696afa4700b88a732e2b37f6801b0247d92cb2d50fc,,,7/25/2023 12:30,30,TRAFFIC SIGNAL,FUNCTIONING PROPERLY,CLEAR,DAYLIGHT,REAR END,NOT DIVIDED,,STRAIGHT AND LEVEL,DRY,NO DEFECTS,NOT ON SCENE (DESK REPORT),NO INJURY / DRIVE AWAY,,,,"OVER $1,500",7/27/2023 7:35,UNABLE TO DETERMINE,NOT APPLICABLE,207,N,OGDEN AVE,1215,,,,,,,2,NO INDICATION OF INJURY,0,0,0,0,0,2,0,12,3,7,41.88582845,-87.66229939,POINT (-87.662299389219 41.885828446802)
215c5ac43bafd1661bdf76e2ad8b31305ad339a81a121bd070c1e0cbdd97b3a3d4048a6b19ec5870eaf439b3796d8aa3d37fe9503710c72a616eea8dc2579d20,,,7/28/2023 13:00,30,TRAFFIC SIGNAL,FUNCTIONING PROPERLY,CLEAR,DAYLIGHT,TURNING,NOT DIVIDED,,STRAIGHT AND LEVEL,DRY,NO DEFECTS,ON SCENE,INJURY AND / OR TOW DUE TO CRASH,Y,,,"OVER $1,500",7/28/2023 13:15,IMPROPER TURNING/NO SIGNAL,NOT APPLICABLE,7158,W,60TH ST,812,,,,,,,2,NO INDICATION OF INJURY,0,0,0,0,0,2,0,13,6,7,41.78288442,-87.80101419,POINT (-87.801014187033 41.78288441748)