CRASH_RECORD_ID,RD_NO,CRASH_DATE_EST_I,CRASH_DATE,POSTED_SPEED_LIMIT,TRAFFIC_CONTROL_DEVICE,DEVICE_CONDITION,WEATHER_CONDITION,LIGHTING_CONDITION,FIRST_CRASH_TYPE,TRAFFICWAY_TYPE,LANE_CNT,ALIGNMENT,ROADWAY_SURFACE_COND,ROAD_DEFECT,REPORT_TYPE,CRASH_TYPE,INTERSECTION_RELATED_I,NOT_RIGHT_OF_WAY_I,HIT_AND_RUN_I,DAMAGE,DATE_POLICE_NOTIFIED,PRIM_CONTRIBUTORY_CAUSE,SEC_CONTRIBUTORY_CAUSE,STREET_NO,STREET_DIRECTION,STREET_NAME,BEAT_OF_OCCURRENCE,PHOTOS_TAKEN_I,STATEMENTS_TAKEN_I,DOORING_I,WORK_ZONE_I,WORK_ZONE_TYPE,WORKERS_PRESENT_I,NUM_UNITS,MOST_SEVERE_INJURY,INJURIES_TOTAL,INJURIES_FATAL,INJURIES_INCAPACITATING,INJURIES_NON_INCAPACITATING,INJURIES_REPORTED_NOT_EVIDENT,INJURIES_NO_INDICATION,INJURIES_UNKNOWN,CRASH_HOUR,CRASH_DAY_OF_WEEK,CRASH_MONTH,LATITUDE,LONGITUDE,LOCATION
26475647cd02f9d1ec62445ba4573b7861ab938ae7e932aa7859f63a9c2d3f01a9fe8471e30f6454aefb6fbb7373c71d4fd5e58494c780d60ec1f7c6db4e5655,,,7/28/2023 18:30,30,TRAFFIC SIGNAL,FUNCTIONING PROPERLY,CLEAR,DAYLIGHT,SIDESWIPE SAME DIRECTION,NOT DIVIDED,,STRAIGHT AND LEVEL,DRY,NO DEFECTS,ON SCENE,NO INJURY / DRIVE AWAY,,,Y,$500 OR LESS,7/28/2023 18:40,IMPROPER OVERTAKING/PASSING,NOT APPLICABLE,5234,S,HYDE PARK BLVD,234,,,,,,,2,NO INDICATION OF INJURY,0,0,0,0,0,2,0,18,6,7,41.7998869,-87.58427142,POINT (-87.584271422853 41.799886903044)
e379c5052cc755202ef50cdc742fdd0f05c7f1d1c86519d7c150e8c3b61e98548d1143098adb3f69b0ffb74a0933e980bce9cab0ff336507716764cd3c479152,,,7/28/2023 9:05,30,NO CONTROLS,NO CONTROLS,CLOUDY/OVERCAST,DAYLIGHT,TURNING,NOT DIVIDED,,STRAIGHT AND LEVEL,WET,UNKNOWN,ON SCENE,INJURY AND / OR TOW DUE TO CRASH,,,,"$501 - $1,500",7/28/2023 9:11,FAILING TO YIELD RIGHT-OF-WAY,UNABLE TO DETERMINE,2015,W,AUGUSTA BLVD,1212,,,,,,,2,INCAPACITATING INJURY,1,0,1,0,0,1,0,9,6,7,41.89943113,-87.67780533,POINT (-87.67780533081 41.899431125614)
9908d9d0cddaee15a30ac8b9b2c0e32f674b3691a6718013eb0a354f522d9b9f50c2bc20e499384103e74a01b0e02f63fc533f78aea5c6ef18e1e2e3c30c940b,,,7/28/2023 11:10,35,STOP SIGN/FLASHER,FUNCTIONING PROPERLY,CLEAR,DAYLIGHT,SIDESWIPE SAME DIRECTION,NOT DIVIDED,,STRAIGHT AND LEVEL,DRY,NO DEFECTS,ON SCENE,NO INJURY / DRIVE AWAY,,,,$500 OR LESS,7/28/2023 11:10,UNABLE TO DETERMINE,UNABLE TO DETERMINE,297,E,115TH ST,532,,Y,,,,,2,NO INDICATION OF INJURY,0,0,0,0,0,2,0,11,6,7,41.68528937,-87.61565278,POINT (-87.615652784069 41.685289367657)
32c1838844fca8233a9d18a72ce7de37144aba30a8166ad3ad6c7b6a45eb2bdd9953e1735195d0902bbcb184135c08f1850fee999483c306732a77c8576b6bf8,,,7/28/2023 11:30,25,NO CONTROLS,NO CONTROLS,CLEAR,DAYLIGHT,PARKED MOTOR VEHICLE,ONE-WAY,,STRAIGHT AND LEVEL,DRY,NO DEFECTS,NOT ON SCENE (DESK REPORT),NO INJURY / DRIVE AWAY,,,,"OVER $1,500",7/28/2023 13:40,IMPROPER LANE USAGE,IMPROPER LANE USAGE,100,N,PEORIA ST,1224,,,,,,,2,NO INDICATION OF INJURY,0,0,0,0,0,1,0,11,6,7,41.88316003,-87.64988422,POINT (-87.649884217 41.883160028063)
61495cb94c09c8fa19c8945ce3a8582cdcaf86b4ad3eec468f68846b2d487ea9fbd9afa4606e4360c32c59630a993497d523e51f13022e54f8c0beb08ad49444,,,7/28/2023 3:45,25,NO CONTROLS,NO CONTROLS,UNKNOWN,"DARKNESS, LIGHTED ROAD",PARKED MOTOR VEHICLE,ONE-WAY,,STRAIGHT AND LEVEL,UNKNOWN,UNKNOWN,NOT ON SCENE (DESK REPORT),NO INJURY / DRIVE AWAY,,,,"$501 - $1,500",7/28/2023 6:00,FAILING TO REDUCE SPEED TO AVOID CRASH,UNABLE TO DETERMINE,3245,W,53RD ST,822,,,,,,,3,NO INDICATION OF INJURY,0,0,0,0,0,1,0,3,6,7,41.79703183,-87.70545132,POINT (-87.705451316603 41.797031827471)
ea512d012379378aabfecd1465666681dfc139463e99b875a721e9c1aceaacca49f56a20967ea592498b52ab6c66c62ed7406fae95ec5aa0d502c57d50e4ef93,,Y,7/28/2023 16:48,30,TRAFFIC SIGNAL,FUNCTIONING PROPERLY,CLEAR,DAYLIGHT,SIDESWIPE SAME DIRECTION,DIVIDED - W/MEDIAN BARRIER,,STRAIGHT AND LEVEL,DRY,NO DEFECTS,ON SCENE,NO INJURY / DRIVE AWAY,,,Y,"OVER $1,500",7/28/2023 16:50,FAILING TO YIELD RIGHT-OF-WAY,NOT APPLICABLE,357,N,CENTRAL AVE,1523,,,,,,,2,NO INDICATION OF INJURY,0,0,0,0,0,2,0,16,6,7,41.88738104,-87.76496296,POINT (-87.76496296253 41.887381036856)
f6ea4e3d15aba961ac05ef41d167a855b0414828c0e50c906a8920991bcffe3f27d706ac4608b0f5a4904a0ba99c7393703248d3797fe0833abfda1619e1b433,,,7/28/2023 13:13,30,NO CONTROLS,NO CONTROLS,CLEAR,DAYLIGHT,TURNING,NOT DIVIDED,,STRAIGHT AND LEVEL,DRY,NO DEFECTS,ON SCENE,INJURY AND / OR TOW DUE TO CRASH,,,,"OVER $1,500",7/28/2023 13:38,IMPROPER LANE USAGE,UNABLE TO DETERMINE,221,N,STETSON AVE,114,,,,,,,2,NONINCAPACITATING INJURY,2,0,0,2,0,0,0,13,6,7,41.88621556,-87.62216999,POINT (-87.622169992421 41.886215557047)
bd060ccf6656328a2b0b6167f213c0b38b51c18c0453422550a5261d830966e5cff575b7f919233f327637a6bc0b27da5418985bbd241d5a774b368556ad9bdb,,,7/26/2023 13:15,30,STOP SIGN/FLASHER,OTHER,CLEAR,DAYLIGHT,ANGLE,FOUR WAY,,STRAIGHT AND LEVEL,WET,NO DEFECTS,ON SCENE,INJURY AND / OR TOW DUE TO CRASH,Y,,,"OVER $1,500",7/26/2023 13:20,UNABLE TO DETERMINE,FAILING TO YIELD RIGHT-OF-WAY,9000,S,DR MARTIN LUTHER KING JR DR,633,,,,,,,2,NO INDICATION OF INJURY,0,0,0,0,0,2,0,13,4,7,41.73097609,-87.61453229,POINT (-87.614532284914 41.730976089979)
fcefcf2a51c8dfe5454cc3cdbdb261713887d13b226c6bdb32ef7eee5a29e7793aec1f1ef908ab5d8c126bceac446d63294b452fd012de4d933cad4fa71286d2,,,7/28/2023 14:36,30,STOP SIGN/FLASHER,FUNCTIONING PROPERLY,CLEAR,DAYLIGHT,ANGLE,T-INTERSECTION,,STRAIGHT AND LEVEL,DRY,NO DEFECTS,ON SCENE,INJURY AND / OR TOW DUE TO CRASH,Y,,,"OVER $1,500",7/28/2023 15:27,DISREGARDING STOP SIGN,NOT APPLICABLE,7900,S,EMERALD AVE,621,,,,,,,2,NO INDICATION OF INJURY,0,0,0,0,0,2,0,14,6,7,41.75056649,-87.64296513,POINT (-87.642965128492 41.750566488035)
78fba7523077c7b84b0bd7e7af56bf54532a34cfc7c0f0c7cee97424f7efdff1fe0bf00495ec3b0152c0815b48fd1546b8eaf24246520ea3939d5412395ba7b9,,,7/27/2023 16:20,30,TRAFFIC SIGNAL,FUNCTIONING PROPERLY,CLEAR,DAYLIGHT,REAR END,NOT DIVIDED,,STRAIGHT AND LEVEL,DRY,NO DEFECTS,ON SCENE,INJURY AND / OR TOW DUE TO CRASH,,,,"$501 - $1,500",7/27/2023 16:22,FAILING TO REDUCE SPEED TO AVOID CRASH,NOT APPLICABLE,2327,W,GRAND AVE,1221,,,,,,,2,NONINCAPACITATING INJURY,1,0,0,1,0,1,0,16,5,7,41.8905737,-87.68532811,POINT (-87.685328113619 41.890573698642)
1e4df279d31ca45702dd249d048927581dc9dacf49766b8a4d5750b4aeb609173c2fc1963aa89b9ea8c6d14b88f5e7d1db052e3ddf4bb9c77233b5d6b38a4667,,,7/21/2023 22:27,30,NO CONTROLS,NO CONTROLS,CLEAR,"DARKNESS, LIGHTED ROAD",PARKED MOTOR VEHICLE,NOT DIVIDED,,STRAIGHT AND LEVEL,DRY,NO DEFECTS,,INJURY AND / OR TOW DUE TO CRASH,,,Y,"OVER $1,500",7/21/2023 22:27,HAD BEEN DRINKING (USE WHEN ARREST IS NOT MADE),IMPROPER LANE USAGE,512,W,FULTON ST,1214,,Y,,,,,2,NO INDICATION OF INJURY,0,0,0,0,0,1,0,22,6,7,41.88692722,-87.64049476,POINT (-87.640494754557 41.886927216123)
b5a69a4fca47cc0f7a39711eba9f7780e4e6b5f8a28b319730635c601a8ef985d14f294b8216b2feeb26c96f6cd428561fcf71ec32f05e85af0710339784941a,,,7/28/2023 10:00,30,TRAFFIC SIGNAL,FUNCTIONING PROPERLY,CLOUDY/OVERCAST,DAYLIGHT,SIDESWIPE SAME DIRECTION,NOT DIVIDED,,STRAIGHT AND LEVEL,DRY,NO DEFECTS,NOT ON SCENE (DESK REPORT),NO INJURY / DRIVE AWAY,,,,"OVER $1,500",7/28/2023 10:33,UNABLE TO DETERMINE,NOT APPLICABLE,1299,S,WESTERN AVE,1233,,,,,,,2,NO INDICATION OF INJURY,0,0,0,0,0,2,0,10,6,7,41.86482578,-87.68584298,POINT (-87.685842977642 41.864825778462)
3a8d2fc163bd91310cba98ed72eacb332a1ce7dd63932842dfd18af10097e697b84c8e09c67c0220046723359b3576933089133a18016aa8df1c55962bfe3864,,,7/28/2023 8:00,25,NO CONTROLS,NO CONTROLS,RAIN,"DARKNESS, LIGHTED ROAD",PARKED MOTOR VEHICLE,ONE-WAY,,STRAIGHT AND LEVEL,WET,NO DEFECTS,NOT ON SCENE (DESK REPORT),NO INJURY / DRIVE AWAY,,,Y,"$501 - $1,500",7/28/2023 9:50,FAILING TO REDUCE SPEED TO AVOID CRASH,NOT APPLICABLE,4800,W,WABANSIA AVE,2533,,,,,,,2,NO INDICATION OF INJURY,0,0,0,0,0,1,0,8,6,7,41.91156341,-87.74607381,POINT (-87.746073806589 41.911563405942)
954c0e7e1fda4cd65a7873ff513e368e378936e4f6c385ba0d84b4688fa8d617686fb6eec01a5a076d13078c72a8fc408fb82b3c1f8cb5e5b11ba507bb20d2a8,,,7/28/2023 17:36,30,NO CONTROLS,NO CONTROLS,CLEAR,DAYLIGHT,SIDESWIPE SAME DIRECTION,NOT DIVIDED,,STRAIGHT AND LEVEL,DRY,NO DEFECTS,NOT ON SCENE (DESK REPORT),NO INJURY / DRIVE AWAY,,,Y,"OVER $1,500",7/28/2023 18:30,UNABLE TO DETERMINE,UNABLE TO DETERMINE,1152,W,18TH ST,1235,,,,,,,3,NO INDICATION OF INJURY,0,0,0,0,0,4,0,17,6,7,41.85807912,-87.65548334,POINT (-87.655483340973 41.858079122399)
0f52d9a7f9db15f6eb593e82c961f4bde329512563dab45f66e9e62a39bd17ba9ba67cda8c646e5b82908e5db97669cd111e180ac8468547134f0c61a3373937,,,7/28/2023 13:00,30,NO CONTROLS,NO CONTROLS,CLEAR,DAYLIGHT,ANGLE,DIVIDED - W/MEDIAN (NOT RAISED),,STRAIGHT AND LEVEL,DRY,NO DEFECTS,NOT ON SCENE (DESK REPORT),NO INJURY / DRIVE AWAY,,,,"OVER $1,500",7/28/2023 13:39,"VISION OBSCURED (SIGNS, TREE LIMBS, BUILDINGS, ETC.)",FAILING TO YIELD RIGHT-OF-WAY,8700,S,MICHIGAN AVE,632,,,,,,,2,NO INDICATION OF INJURY,0,0,0,0,0,2,0,13,6,7,41.73631266,-87.62113652,POINT (-87.621136518122 41.736312657424)
6d2942e4f5f49d04b34f079509227fe87a6d236b4b7d7583f13b63e9828aa3db3fafe9d3e9a8c88bd8216a5a1e4aace4cecdca3c2359354436b8cadb85d3fff9,,,7/28/2023 17:50,30,NO CONTROLS,NO CONTROLS,CLEAR,DAYLIGHT,PARKED MOTOR VEHICLE,OTHER,,STRAIGHT AND LEVEL,DRY,UNKNOWN,NOT ON SCENE (DESK REPORT),NO INJURY / DRIVE AWAY,,,,"OVER $1,500",7/28/2023 19:30,UNABLE TO DETERMINE,NOT APPLICABLE,149,W,KINZIE ST,1831,,,,,,,2,NO INDICATION OF INJURY,0,0,0,0,0,3,0,17,6,7,41.88907284,-87.63295047,POINT (-87.632950466519 41.889072838002)
8ab9bbbcfdc6f0227b591eb0ddd4171f39bd23fb36286b6f372e6515f314f1aecd39b2732b4e2c6c56c9e70fd4158a9b8a6851448a1066a55dc601fb2673cb2b,,,7/28/2023 16:00,25,NO CONTROLS,NO CONTROLS,CLEAR,DAYLIGHT,PARKED MOTOR VEHICLE,NOT DIVIDED,,STRAIGHT AND LEVEL,DRY,UNKNOWN,ON SCENE,NO INJURY / DRIVE AWAY,,,,"OVER $1,500",7/28/2023 16:00,UNABLE TO DETERMINE,UNABLE TO DETERMINE,2145,W,WALNUT ST,1223,,,,,,,2,NO INDICATION OF INJURY,0,0,0,0,0,1,0,16,6,7,41.88568433,-87.68099637,POINT (-87.680996370649 41.885684326961)
0b20ea43ef78272a119398871f0bbf10be79772c30ad8ac3de965da66949c36922fddce57a021a948e449b5b8d6dc08174fbf2e188d655c8d2fdef19106bd838,,,7/24/2023 21:00,40,NO CONTROLS,NO CONTROLS,CLEAR,"DARKNESS, LIGHTED ROAD",REAR END,ONE-WAY,,STRAIGHT AND LEVEL,DRY,NO DEFECTS,ON SCENE,INJURY AND / OR TOW DUE TO CRASH,,,,"OVER $1,500",7/24/2023 21:05,UNABLE TO DETERMINE,UNABLE TO DETERMINE,50,W,I190 EXPY,1654,,,,Y,CONSTRUCTION,,2,NO INDICATION OF INJURY,0,0,0,0,0,2,0,21,2,7,,,
a4983538f41b99e2ab18aa161fe7f2406377c8620b72927422b70e81754a026d07c2c3dd6ac29f2bc7360c184422fedc33053cd7a336432beea6bb9c1f207f72,,,7/28/2023 11:30,30,TRAFFIC SIGNAL,FUNCTIONING PROPERLY,CLEAR,DAYLIGHT,PEDESTRIAN,FOUR WAY,,STRAIGHT AND LEVEL,DRY,UNKNOWN,ON SCENE,INJURY AND / OR TOW DUE TO CRASH,Y,,,$500 OR LESS,7/28/2023 12:45,FAILING TO YIELD RIGHT-OF-WAY,NOT APPLICABLE,200,W,KINZIE ST,1831,,,,,,,2,NONINCAPACITATING INJURY,1,0,0,1,0,1,0,11,6,7,41.88927484,-87.63408372,POINT (-87.634083717969 41.889274843852)
d5e28f67b5f15de88a14468c14881401a44fdbcbe8e2d29f1dfeddfbaabf5755842f570a367f368ad4ce1831d9b03aeea62572d121a45a06fa2b1c84be29e393,,,7/28/2023 14:00,30,TRAFFIC SIGNAL,FUNCTIONING PROPERLY,CLEAR,DAYLIGHT,SIDESWIPE SAME DIRECTION,FOUR WAY,,STRAIGHT AND LEVEL,DRY,NO DEFECTS,NOT ON SCENE (DESK REPORT),NO INJURY / DRIVE AWAY,,,,"OVER $1,500",7/28/2023 15:15,UNABLE TO DETERMINE,NOT APPLICABLE,3000,N,CENTRAL PARK AVE,2523,,,,,,,2,NO INDICATION OF INJURY,0,0,0,0,0,2,0,14,6,7,41.93523315,-87.71743105,POINT (-87.717431048532 41.935233150188)
fb5049b8a6d6601cb7725ba8412451d55ad8e4e91c324be540daa02dbb703642bcd323245081bec8b53aae89c4ae7f9c8fe277fbcc861e98ce1247af8d3c8b3a,,,7/28/2023 10:33,45,NO CONTROLS,NO CONTROLS,CLEAR,DAYLIGHT,SIDESWIPE SAME DIRECTION,DIVIDED - W/MEDIAN BARRIER,,STRAIGHT AND LEVEL,WET,NO DEFECTS,NOT ON SCENE (DESK REPORT),NO INJURY / DRIVE AWAY,,,Y,"OVER $1,500",7/28/2023 11:30,IMPROPER LANE USAGE,FAILING TO REDUCE SPEED TO AVOID CRASH,1220,N,LAKE SHORE DR SB,1824,,,,,,,2,NO INDICATION OF INJURY,0,0,0,0,0,3,0,10,6,7,41.90460967,-87.62495835,POINT (-87.624958351578 41.904609667866)
2f15758e6b30bed6c1b3d85a7fe9e8ea14868e38bed068c911443d9c9e5622158d18f98d5591ab4c76fc0e3def4db3bc4ccae1f9887921f2e9136787dbed670a,,,7/28/2023 13:00,30,NO CONTROLS,NO CONTROLS,CLEAR,DAYLIGHT,PARKED MOTOR VEHICLE,NOT DIVIDED,,STRAIGHT ON GRADE,DRY,NO DEFECTS,NOT ON SCENE (DESK REPORT),NO INJURY / DRIVE AWAY,,,,"OVER $1,500",7/28/2023 13:40,FAILING TO REDUCE SPEED TO AVOID CRASH,DRIVING SKILLS/KNOWLEDGE/EXPERIENCE,1931,W,103RD ST,2212,,,,,,,2,NO INDICATION OF INJURY,0,0,0,0,0,2,0,13,6,7,41.70645481,-87.67044816,POINT (-87.67044816263 41.706454814488)
5dee702db27415ca71e4c3cc1fc53a5c3fee10f5c6fde338841124f727d178431d2e647eddefda0e50970b6d6ccfb64ef6839a848bab482fd306429e75db2e24,,,7/28/2023 17:00,30,NO CONTROLS,NO CONTROLS,CLEAR,DAYLIGHT,SIDESWIPE SAME DIRECTION,NOT DIVIDED,,STRAIGHT AND LEVEL,DRY,NO DEFECTS,NOT ON SCENE (DESK REPORT),NO INJURY / DRIVE AWAY,,,N,"$501 - $1,500",7/28/2023 21:00,UNABLE TO DETERMINE,UNABLE TO DETERMINE,4816,W,BERWYN AVE,1621,,,,,,,2,NO INDICATION OF INJURY,0,0,0,0,0,2,0,17,6,7,41.97804204,-87.74875573,POINT (-87.748755732564 41.978042040201)
7ad5459c9bfe24793b13e2309aad58a049528bb7c6c46792e7e4e3fcdb7eea71aa794b273fc58e8c6a2f7ad4d888a6aa5d84d594d9e262ae7f44c49c806a0a69,,,7/26/2023 20:25,30,TRAFFIC SIGNAL,FUNCTIONING PROPERLY,CLEAR,DAYLIGHT,FIXED OBJECT,FOUR WAY,,STRAIGHT AND LEVEL,DRY,NO DEFECTS,ON SCENE,INJURY AND / OR TOW DUE TO CRASH,N,,,"OVER $1,500",7/26/2023 20:38,UNABLE TO DETERMINE,NOT APPLICABLE,200,W,63RD ST,311,,,,,,,1,INCAPACITATING INJURY,2,0,1,1,0,1,0,20,4,7,41.7800965,-87.6301722,POINT (-87.630172198939 41.780096500488)
f41ebc5460440d3245047f071a3cedf0f0d50c19e0f6b901ee447781ac0eb0bda8cfa300886e7663df7e3a4e2c9ae92b7f64297f5ad0bbac97be56c4d4120970,,,7/22/2023 16:53,35,TRAFFIC SIGNAL,FUNCTIONING PROPERLY,CLEAR,DAYLIGHT,SIDESWIPE SAME DIRECTION,FOUR WAY,,STRAIGHT AND LEVEL,DRY,NO DEFECTS,ON SCENE,NO INJURY / DRIVE AWAY,Y,,,"OVER $1,500",7/22/2023 16:55,IMPROPER LANE USAGE,NOT APPLICABLE,200,N,PULASKI RD,1114,,,,,,,3,NO INDICATION OF INJURY,0,0,0,0,0,4,0,16,7,7,41.88339231,-87.72589344,POINT (-87.725893438622 41.883392310474)
6c82da7fea6b0c4bfa1a6c9f24330ce9abf92c7cf3b376f174cd0d8c50dee93a9197f13a6dd54450052e2150e1f29e7f0bc705ada51a55e1a99fc2c10ae7c8c0,,,7/28/2023 15:30,35,STOP SIGN/FLASHER,FUNCTIONING PROPERLY,CLEAR,DAYLIGHT,ANGLE,FOUR WAY,,STRAIGHT AND LEVEL,DRY,NO DEFECTS,ON SCENE,INJURY AND / OR TOW DUE TO CRASH,Y,,,"OVER $1,500",7/28/2023 17:10,UNABLE TO DETERMINE,UNABLE TO DETERMINE,7300,W,BELMONT AVE,1631,,,,,,,2,NO INDICATION OF INJURY,0,0,0,0,0,3,0,15,6,7,41.9381021,-87.80923373,POINT (-87.809233730859 41.93810209999)
71f156d4d3b87702f136774b8611c85cf61a8d067b1f705e4fe8557105ca0b9bbf9d845437a58c0465ecaea8f4dd781c587fb0ba909aba3bc25abbc2c4f23606,,,7/16/2023 14:20,30,UNKNOWN,UNKNOWN,UNKNOWN,UNKNOWN,PARKED MOTOR VEHICLE,DRIVEWAY,,STRAIGHT AND LEVEL,UNKNOWN,UNKNOWN,NOT ON SCENE (DESK REPORT),NO INJURY / DRIVE AWAY,,Y,,"OVER $1,500",7/28/2023 17:00,UNABLE TO DETERMINE,UNABLE TO DETERMINE,151,E,WACKER DR,114,,,,,,,2,NO INDICATION OF INJURY,0,0,0,0,0,1,0,14,1,7,41.88799989,-87.62256513,POINT (-87.62256513256 41.887999887349)
feed0137fb0cf5a1a35edf769e6659ad9c573cfb801ac2d1188093bff34a1203d0787dc258a2d1452e75e26debc415cf86539ff0b76a4464bb60c26a1ad0e169,,,7/28/2023 7:22,30,TRAFFIC SIGNAL,FUNCTIONING PROPERLY,RAIN,DAYLIGHT,REAR END,NOT DIVIDED,,STRAIGHT AND LEVEL,WET,NO DEFECTS,ON SCENE,NO INJURY / DRIVE AWAY,,,,"OVER $1,500",7/28/2023 7:42,UNABLE TO DETERMINE,NOT APPLICABLE,3955,W,BELMONT AVE,2523,,,,,,,2,NO INDICATION OF INJURY,0,0,0,0,0,2,0,7,6,7,41.93900047,-87.72589036,POINT (-87.725890363389 41.93900046907)
8e7f89aa1530809a36be4cd95d6af006e4b6a7b17746a292febc614e00ddf449686398c8e753eb59cbeef3e67f8ee5e59415e9699f358cb4b2f59c2c23446be1,,,7/28/2023 8:50,30,NO CONTROLS,NO CONTROLS,CLEAR,DAYLIGHT,TURNING,DIVIDED - W/MEDIAN (NOT RAISED),,STRAIGHT AND LEVEL,DRY,NO DEFECTS,NOT ON SCENE (DESK REPORT),NO INJURY / DRIVE AWAY,,,,"$501 - $1,500",7/28/2023 9:10,IMPROPER TURNING/NO SIGNAL,UNABLE TO DETERMINE,2611,W,OGDEN AVE,1023,,,,,,,2,NO INDICATION OF INJURY,0,0,0,0,0,2,0,8,6,7,41.86278039,-87.69126116,POINT (-87.691261161353 41.862780390562)
fbea84fa6d7580382898317d739bc7a18f99c2d55d004a4bd93e115866e4c760e5b55df99a99662ea51a994e3e9f8a70439cae1f44e9c96a738dd2a13b00c7cb,,Y,7/28/2023 14:55,30,TRAFFIC SIGNAL,NO CONTROLS,CLEAR,DAYLIGHT,TURNING,FOUR WAY,,STRAIGHT AND LEVEL,DRY,NO DEFECTS,ON SCENE,INJURY AND / OR TOW DUE TO CRASH,Y,,,"OVER $1,500",7/28/2023 15:00,FAILING TO YIELD RIGHT-OF-WAY,TURNING RIGHT ON RED,12699,S,HALSTED ST,523,,,,,,,2,NO INDICATION OF INJURY,0,0,0,0,0,2,0,14,6,7,41.66333889,-87.64127765,POINT (-87.641277649552 41.663338886782)
24c9e86a9bde18e8f7e29c69d9ab8f71a8d3b1e03462e79847183ddae741d8cd0330665aa9d273696f1698a2498dca62f76e2d6b0932196d0bc2fe45189a988b,,,7/28/2023 19:49,25,STOP SIGN/FLASHER,FUNCTIONING PROPERLY,CLEAR,DAYLIGHT,ANGLE,T-INTERSECTION,,STRAIGHT AND LEVEL,DRY,NO DEFECTS,ON SCENE,INJURY AND / OR TOW DUE TO CRASH,Y,,Y,"OVER $1,500",7/28/2023 19:49,DRIVING ON WRONG SIDE/WRONG WAY,FAILING TO REDUCE SPEED TO AVOID CRASH,7800,S,MORGAN ST,612,,,,,,,2,NO INDICATION OF INJURY,0,0,0,0,0,2,0,19,6,7,41.7522966,-87.64908464,POINT (-87.649084637874 41.752296603411)
182448a6c4b33e04e447c48dbbed6a9e958dafdd37a670cf9640b6aa3176b6348c82d45598014c7e71c8a47af703d09d29658e3319613ab6317f0d71f5755466,,,7/25/2023 19:15,10,OTHER,OTHER,CLEAR,DUSK,FIXED OBJECT,PARKING LOT,,STRAIGHT AND LEVEL,DRY,NO DEFECTS,ON SCENE,NO INJURY / DRIVE AWAY,,,,"OVER $1,500",7/25/2023 19:45,NOT APPLICABLE,NOT APPLICABLE,561,W,OHARE ST,1654,,,,,,,1,NO INDICATION OF INJURY,0,0,0,0,0,1,0,19,3,7,,,
075543c7829a18308cccf0cd30f8ebb9578bde09811230091e673135f710a9b870ad9c5638946d8967745377b4674cc36499a79ab6634225e0723ae5428a8af2,,,7/28/2023 9:40,30,NO CONTROLS,NO CONTROLS,CLEAR,"DARKNESS, LIGHTED ROAD",FIXED OBJECT,PARKING LOT,,STRAIGHT AND LEVEL,DRY,NO DEFECTS,NOT ON SCENE (DESK REPORT),NO INJURY / DRIVE AWAY,,Y,,"OVER $1,500",7/28/2023 11:30,UNABLE TO DETERMINE,UNABLE TO DETERMINE,836,W,WELLINGTON AVE,1933,,,,,,,1,NO INDICATION OF INJURY,0,0,0,0,0,1,0,9,6,7,41.93645017,-87.65055245,POINT (-87.650552452041 41.936450167582)
9a7c3f5ffa53ea7574459336dd2c0438e5ae35b2986f7b525eebbfc649793dab8d35b4906f5f1401b0b9c4af312d99187c422770d7b0998d855dbd30f94845a8,,,7/28/2023 9:49,45,NO CONTROLS,NO CONTROLS,CLEAR,DAYLIGHT,REAR END,DIVIDED - W/MEDIAN BARRIER,,STRAIGHT AND LEVEL,DRY,NO DEFECTS,ON SCENE,INJURY AND / OR TOW DUE TO CRASH,,,,"OVER $1,500",7/28/2023 9:49,FAILING TO REDUCE SPEED TO AVOID CRASH,DRIVING SKILLS/KNOWLEDGE/EXPERIENCE,4819,S,LAKE SHORE DR NB,222,,,,,,,2,NO INDICATION OF INJURY,0,0,0,0,0,3,0,9,6,7,41.80808564,-87.58632735,POINT (-87.586327351476 41.808085641465)
c834a17aa768a6a027f5547ea18109145b1ffb63189bc42fe0031b45b64f50e6de700c9ca78147245f00a9433e52386eab868bf435aa6aadddc6787f01ee9714,,,7/27/2023 19:43,45,FLASHING CONTROL SIGNAL,FUNCTIONING PROPERLY,CLEAR,DAYLIGHT,ANGLE,OTHER,,STRAIGHT AND LEVEL,DRY,UNKNOWN,,NO INJURY / DRIVE AWAY,,,,"OVER $1,500",7/27/2023 20:00,DRIVING SKILLS/KNOWLEDGE/EXPERIENCE,NOT APPLICABLE,8801,S,CHICAGO SKYWAY OB,412,,,,,,,2,NO INDICATION OF INJURY,0,0,0,0,0,2,0,19,5,7,41.73534417,-87.56554974,POINT (-87.565549737402 41.735344167053)
dbf411786169a3a72317ecf99e794e4e463368d07997e758a21ade879ef6b584d4d6a1cce542c4234ef3690da48789a619872923ca49adfa7a670dcf7ebfae29,,,7/28/2023 18:15,30,NO CONTROLS,NO CONTROLS,CLEAR,DAYLIGHT,OTHER OBJECT,DIVIDED - W/MEDIAN BARRIER,,STRAIGHT AND LEVEL,DRY,NO DEFECTS,ON SCENE,NO INJURY / DRIVE AWAY,,,,"$501 - $1,500",7/28/2023 18:15,FAILING TO YIELD RIGHT-OF-WAY,IMPROPER TURNING/NO SIGNAL,355,N,HALSTED ST,1214,,,,,,,2,NO INDICATION OF INJURY,0,0,0,0,0,2,0,18,6,7,41.88838583,-87.64741256,POINT (-87.647412563817 41.888385832815)