CRASH_RECORD_ID,RD_NO,CRASH_DATE_EST_I,CRASH_DATE,POSTED_SPEED_LIMIT,TRAFFIC_CONTROL_DEVICE,DEVICE_CONDITION,WEATHER_CONDITION,LIGHTING_CONDITION,FIRST_CRASH_TYPE,TRAFFICWAY_TYPE,LANE_CNT,ALIGNMENT,ROADWAY_SURFACE_COND,ROAD_DEFECT,REPORT_TYPE,CRASH_TYPE,INTERSECTION_RELATED_I,NOT_RIGHT_OF_WAY_I,HIT_AND_RUN_I,DAMAGE,DATE_POLICE_NOTIFIED,PRIM_CONTRIBUTORY_CAUSE,SEC_CONTRIBUTORY_CAUSE,STREET_NO,STREET_DIRECTION,STREET_NAME,BEAT_OF_OCCURRENCE,PHOTOS_TAKEN_I,STATEMENTS_TAKEN_I,DOORING_I,WORK_ZONE_I,WORK_ZONE_TYPE,WORKERS_PRESENT_I,NUM_UNITS,MOST_SEVERE_INJURY,INJURIES_TOTAL,INJURIES_FATAL,INJURIES_INCAPACITATING,INJURIES_NON_INCAPACITATING,INJURIES_REPORTED_NOT_EVIDENT,INJURIES_NO_INDICATION,INJURIES_UNKNOWN,CRASH_HOUR,CRASH_DAY_OF_WEEK,CRASH_MONTH,LATITUDE,LONGITUDE,LOCATION
f93a2554e0595a8c65b7c96f9d640ed3ce75461374f1037902b6903e256ac10dba056698d981af56ea36be85551f9253e1d8b85586e14b1eee33ebf5698b9e17,,,7/27/2023 17:22,30,STOP SIGN/FLASHER,FUNCTIONING PROPERLY,CLEAR,DAYLIGHT,TURNING,DIVIDED - W/MEDIAN (NOT RAISED),,STRAIGHT AND LEVEL,DRY,NO DEFECTS,NOT ON SCENE (DESK REPORT),NO INJURY / DRIVE AWAY,Y,,,"$501 - $1,500",7/28/2023 14:10,UNABLE TO DETERMINE,UNABLE TO DETERMINE,2933,N,CALIFORNIA AVE,1411,,,,,,,2,NO INDICATION OF INJURY,0,0,0,0,0,2,0,17,5,7,41.9349651,-87.6975566,POINT (-87.697556599703 41.934965095293)
7f787c127a51a1427321e0646ddc69b6e7a840570209219e16403c04251b8ff7153bc46727f946b62f011b6ed1d5f297cf1ec9849bcf61e93fe09dd0fe1cf1fc,,,7/27/2023 13:05,35,UNKNOWN,UNKNOWN,UNKNOWN,UNKNOWN,SIDESWIPE OPPOSITE DIRECTION,UNKNOWN,,STRAIGHT AND LEVEL,UNKNOWN,UNKNOWN,NOT ON SCENE (DESK REPORT),NO INJURY / DRIVE AWAY,,,Y,"$501 - $1,500",7/28/2023 11:35,UNABLE TO DETERMINE,NOT APPLICABLE,6709,S,SOUTH SHORE DR,334,,,,,,,2,NO INDICATION OF INJURY,0,0,0,0,0,2,0,13,5,7,41.77327787,-87.56652079,POINT (-87.566520793668 41.77327786727)
b97ebfec47bad14fac06105be97a4089b288cbcbc7fc0bbe5f6f63876663c95186b1f7ab9546e5fdd19f55857ff515a8bf10a4c5549dbe011e76dd69788a6447,,,7/27/2023 18:20,30,TRAFFIC SIGNAL,FUNCTIONING PROPERLY,CLEAR,DAYLIGHT,TURNING,FOUR WAY,,STRAIGHT AND LEVEL,DRY,NO DEFECTS,NOT ON SCENE (DESK REPORT),NO INJURY / DRIVE AWAY,Y,,,"OVER $1,500",7/28/2023 15:55,UNABLE TO DETERMINE,UNABLE TO DETERMINE,500,W,35TH ST,915,,,,,,,2,NO INDICATION OF INJURY,0,0,0,0,0,2,0,18,5,7,41.83095443,-87.6388669,POINT (-87.638866898665 41.83095443385)
823fc0e800a6030b98dc2806366c2b01368aea8b8b50d60a939ba651029ba3c51fcc94ac4197ac1b842b6e55acb99c3955a494c2331d3dea51ac67f6d4c3ac19,,,7/28/2023 16:30,30,STOP SIGN/FLASHER,FUNCTIONING PROPERLY,CLEAR,DAYLIGHT,REAR END,NOT DIVIDED,,STRAIGHT AND LEVEL,DRY,NO DEFECTS,NOT ON SCENE (DESK REPORT),INJURY AND / OR TOW DUE TO CRASH,,,,"$501 - $1,500",7/28/2023 17:00,FOLLOWING TOO CLOSELY,NOT APPLICABLE,3200,W,47TH ST,821,,,,,,,2,NONINCAPACITATING INJURY,1,0,0,1,0,1,0,16,6,7,41.80822625,-87.70403167,POINT (-87.70403167216 41.808226246244)
a040bdc4ba6e87206919859e7b8c4a744d930bd68f97ae86e35d7dc0230f6cdf8beb502c675ebbf49719857a410a5e50b4aa3b022e97ae0b4df80df73104fdcf,,,7/28/2023 22:11,30,NO CONTROLS,NO CONTROLS,CLEAR,"DARKNESS, LIGHTED ROAD",PARKED MOTOR VEHICLE,NOT DIVIDED,,STRAIGHT AND LEVEL,DRY,NO DEFECTS,ON SCENE,NO INJURY / DRIVE AWAY,,,,"$501 - $1,500",7/28/2023 23:12,UNABLE TO DETERMINE,NOT APPLICABLE,2241,W,DEVON AVE,2413,Y,,,,,,2,NO INDICATION OF INJURY,0,0,0,0,0,1,0,22,6,7,41.99767716,-87.68659941,POINT (-87.686599408894 41.997677158519)
cfc25d872fa388e7b55c83635b069b4ee8ea741a8153aa9155714825f380b91173c9ab98e9119330c65ae19fe042fefa6deeddec0e3ae4c99946286358e49e9c,,,7/27/2023 16:00,15,NO CONTROLS,NO CONTROLS,CLEAR,DAYLIGHT,PARKED MOTOR VEHICLE,PARKING LOT,,STRAIGHT AND LEVEL,DRY,NO DEFECTS,NOT ON SCENE (DESK REPORT),NO INJURY / DRIVE AWAY,,,Y,"$501 - $1,500",7/28/2023 9:00,UNABLE TO DETERMINE,NOT APPLICABLE,4821,W,NORTH AVE,2533,,,,,,,2,NO INDICATION OF INJURY,0,0,0,0,0,1,0,16,5,7,41.90950515,-87.74695994,POINT (-87.746959936272 41.909505147743)
4ad79b025cfd3a44153b3bb2e5ffee07d86bae32076ac2964d35f201281e91c4767d0dd0f26ab9c9acf26a2d537df28a2758550ec0f0f3a472e42dde5a99456a,,,7/20/2023 14:19,30,NO CONTROLS,UNKNOWN,CLEAR,DAYLIGHT,PARKED MOTOR VEHICLE,UNKNOWN,,STRAIGHT AND LEVEL,DRY,NO DEFECTS,NOT ON SCENE (DESK REPORT),NO INJURY / DRIVE AWAY,,,,"OVER $1,500",7/26/2023 19:20,DRIVING SKILLS/KNOWLEDGE/EXPERIENCE,NOT APPLICABLE,3159,W,ADDISON ST,1733,,,,,,,2,NO INDICATION OF INJURY,0,0,0,0,0,1,0,14,5,7,41.94652197,-87.70775808,POINT (-87.707758079983 41.946521971142)
1d920fb8a5d390788bfac2a08800ab6b9753618c777e49e49bf28e2c2805ddd51c421724427b71e72a10cd70a024721a5ae7df05e8521fc0a310cd4a161959cc,,N,7/27/2023 21:30,30,TRAFFIC SIGNAL,FUNCTIONING PROPERLY,CLEAR,"DARKNESS, LIGHTED ROAD",SIDESWIPE SAME DIRECTION,FOUR WAY,,STRAIGHT AND LEVEL,UNKNOWN,UNKNOWN,NOT ON SCENE (DESK REPORT),NO INJURY / DRIVE AWAY,Y,,,"OVER $1,500",7/27/2023 23:45,UNABLE TO DETERMINE,UNABLE TO DETERMINE,65,E,OHIO ST,1834,,Y,,,,,2,NO INDICATION OF INJURY,0,0,0,0,0,2,0,21,5,7,41.89241349,-87.62545339,POINT (-87.625453386562 41.89241348727)
598421eea661ea13f98b89f99fb6887a825e59ddb49264520c702ebf792cd00bd21a6efcda4fd7a2600e33637210050e6df5851b90497579fb9693dabb146c44,,,7/28/2023 16:00,20,NO CONTROLS,NO CONTROLS,CLEAR,DAYLIGHT,REAR END,NOT DIVIDED,,STRAIGHT AND LEVEL,DRY,NO DEFECTS,NOT ON SCENE (DESK REPORT),NO INJURY / DRIVE AWAY,,,,"$501 - $1,500",7/28/2023 17:20,FOLLOWING TOO CLOSELY,NOT APPLICABLE,1499,N,DAMEN AVE,1424,,,,,,,2,NO INDICATION OF INJURY,0,0,0,0,0,2,0,16,6,7,41.9082027,-87.6772554,POINT (-87.677255398084 41.908202697446)
637e267b7619d6a73529cbc36042dbc7a714e446ab81f9b907c38f046a784a5ec930cc5feda1ab2ddaafa15cda04893ff3eab20a2304bb9d43b250f5310f216d,,,7/27/2023 15:15,30,STOP SIGN/FLASHER,FUNCTIONING PROPERLY,CLEAR,DAYLIGHT,ANGLE,NOT REPORTED,,STRAIGHT AND LEVEL,DRY,UNKNOWN,ON SCENE,NO INJURY / DRIVE AWAY,Y,,Y,$500 OR LESS,7/27/2023 15:52,FAILING TO YIELD RIGHT-OF-WAY,UNABLE TO DETERMINE,3430,W,CERMAK RD,1024,,,,,,,2,NO INDICATION OF INJURY,0,0,0,0,0,2,0,15,5,7,41.85206294,-87.71133519,POINT (-87.711335191261 41.852062941963)
27961f41d8300e684b091ed97bb1288f531ba2391ee6eaae5a8910d4f127ed84862d65ff647a911092a1f6c9c04a29efe7b7e4f578ca44935c85ae1a4b65973d,,,7/28/2023 11:15,30,NO CONTROLS,NO CONTROLS,CLEAR,DAYLIGHT,OTHER OBJECT,NOT DIVIDED,,STRAIGHT AND LEVEL,DRY,NO DEFECTS,ON SCENE,NO INJURY / DRIVE AWAY,,N,,"OVER $1,500",7/28/2023 11:22,IMPROPER BACKING,NOT APPLICABLE,2706,S,KEDZIE AVE,1032,,,,,,,1,NO INDICATION OF INJURY,0,0,0,0,0,1,0,11,6,7,41.8424342,-87.70512212,POINT (-87.705122117594 41.842434202272)
b38c32fbbf37a9f5a40edd6fd6eba74452e4a1eba2be3376351a7bcba33f86dfc1c9b8cb97d92d24f149e6172525a21ecfc333b1c6c1ba227ec032eada488895,,,7/28/2023 9:44,15,NO CONTROLS,NO CONTROLS,CLEAR,DAYLIGHT,FIXED OBJECT,PARKING LOT,,STRAIGHT AND LEVEL,DRY,NO DEFECTS,ON SCENE,NO INJURY / DRIVE AWAY,,Y,,"OVER $1,500",7/28/2023 10:04,DRIVING SKILLS/KNOWLEDGE/EXPERIENCE,NOT APPLICABLE,4701,S,WESTERN BLVD,931,,,,,,,1,NO INDICATION OF INJURY,0,0,0,0,0,1,0,9,6,7,41.80837313,-87.68372601,POINT (-87.683726004712 41.808373127744)
ee056d004f95ea57a8b55e28b21f61c8fd194f0ed0dcde8256c53d83bc581001363358bbbfd0910fc9d82afc588b65c55385e2a49da332387cf22040df2ea038,,,7/24/2023 15:30,30,NO CONTROLS,NO CONTROLS,CLEAR,DAYLIGHT,REAR END,NOT DIVIDED,,STRAIGHT AND LEVEL,UNKNOWN,UNKNOWN,NOT ON SCENE (DESK REPORT),NO INJURY / DRIVE AWAY,,,Y,"$501 - $1,500",7/24/2023 18:00,UNABLE TO DETERMINE,UNABLE TO DETERMINE,9900,S,GENOA AVE,2232,,,,,,,2,NO INDICATION OF INJURY,0,0,0,0,0,4,0,15,2,7,41.71405089,-87.65214175,POINT (-87.652141747427 41.714050888006)
480a4a2b21ae6fb2a6000361a731857b86dc97e9a601e981f2a5f964519033b5d2055b6e3d7db9207ccb998787a37fdebea44a327686bbe8d6065694a4654caf,,,7/27/2023 16:30,15,NO CONTROLS,NO CONTROLS,CLEAR,DAYLIGHT,PARKED MOTOR VEHICLE,PARKING LOT,,STRAIGHT AND LEVEL,DRY,NO DEFECTS,NOT ON SCENE (DESK REPORT),NO INJURY / DRIVE AWAY,,,,"OVER $1,500",7/27/2023 20:30,NOT APPLICABLE,NOT APPLICABLE,5724,S,KEDZIE AVE,822,,,,,,,2,NO INDICATION OF INJURY,0,0,0,0,0,1,0,16,5,7,41.78911255,-87.70357973,POINT (-87.703579726608 41.789112548017)
9790fda6ac186e1148ecc90a0473a1f2d531cc98069c24b75a3e6d85235d691ac8d14dae0f63c3a65d1190a1f1b7b9b0a17c5219d4ed13178dabe6c3bad4bc40,,,7/26/2023 0:02,30,TRAFFIC SIGNAL,FUNCTIONING PROPERLY,CLEAR,"DARKNESS, LIGHTED ROAD",REAR END,NOT DIVIDED,,STRAIGHT AND LEVEL,DRY,NO DEFECTS,NOT ON SCENE (DESK REPORT),NO INJURY / DRIVE AWAY,Y,,,$500 OR LESS,7/28/2023 19:40,UNABLE TO DETERMINE,NOT APPLICABLE,2813,W,BELMONT AVE,1411,,,,,,,2,NO INDICATION OF INJURY,0,0,0,0,0,2,0,0,4,7,41.93928003,-87.69841955,POINT (-87.698419546305 41.939280030455)
c9e37f873887835a64ddc26e993f4af3c92bfa02d676de229c1a77d246332d7bb7a97ef030d178bb199b460d49370a0d0b062f2d2484160d51c672c75cb7fc88,,,7/23/2023 21:15,30,TRAFFIC SIGNAL,FUNCTIONING PROPERLY,CLEAR,DARKNESS,REAR END,NOT DIVIDED,,STRAIGHT AND LEVEL,DRY,NO DEFECTS,NOT ON SCENE (DESK REPORT),NO INJURY / DRIVE AWAY,,,,"OVER $1,500",7/28/2023 8:02,FAILING TO REDUCE SPEED TO AVOID CRASH,FOLLOWING TOO CLOSELY,9511,S,STONY ISLAND AVE,431,,,,,,,2,NO INDICATION OF INJURY,0,0,0,0,0,3,0,21,1,7,41.72191964,-87.58493263,POINT (-87.584932634076 41.721919638239)
dff15e50566ceeab41ce586f831fe399370cd9bf3c6137e0d81bb61791fdf0556364f96b3cb0f9e632296f430b7e407cdf6892af7bdf087153a3da4b3ada7812,,,7/28/2023 15:30,30,NO CONTROLS,NO CONTROLS,CLEAR,DAYLIGHT,TURNING,L-INTERSECTION,,STRAIGHT AND LEVEL,DRY,NO DEFECTS,ON SCENE,INJURY AND / OR TOW DUE TO CRASH,N,,,"OVER $1,500",7/28/2023 15:31,FAILING TO YIELD RIGHT-OF-WAY,NOT APPLICABLE,5900,W,AUGUSTA BLVD,1511,,,,,,,2,NO INDICATION OF INJURY,0,0,0,0,0,4,0,15,6,7,41.89849686,-87.77287898,POINT (-87.772878977487 41.898496862835)
37500a919fc5b98cf704be83bd9271893a1fbdf3c217a2545c740b01fd459acbfdd2b818d8ffbb6c3b3455d1d0cce9eb99653200d698b26ce1500df5b111a790,,,7/27/2023 7:00,15,NO CONTROLS,NO CONTROLS,CLEAR,DAYLIGHT,FIXED OBJECT,DRIVEWAY,,STRAIGHT ON GRADE,DRY,NO DEFECTS,NOT ON SCENE (DESK REPORT),NO INJURY / DRIVE AWAY,,Y,,"$501 - $1,500",7/27/2023 11:15,UNABLE TO DETERMINE,UNABLE TO DETERMINE,8524,S,WOODLAWN AVE,412,,,,,,,1,NO INDICATION OF INJURY,0,0,0,0,0,1,0,7,5,7,41.73934336,-87.59510886,POINT (-87.595108858015 41.739343358964)
f6a83439bccb64beda148fd29431bdbaae41690207961686fa407dfcdbf70b964dd57db9e4e8b364ca8490d8fcd2b1fe827212dcd4ca91e15d1b6dde0ba538c0,,Y,7/20/2023 5:00,30,NO CONTROLS,NO CONTROLS,UNKNOWN,"DARKNESS, LIGHTED ROAD",PARKED MOTOR VEHICLE,NOT DIVIDED,,STRAIGHT AND LEVEL,UNKNOWN,UNKNOWN,NOT ON SCENE (DESK REPORT),NO INJURY / DRIVE AWAY,,,Y,"OVER $1,500",7/28/2023 12:20,IMPROPER LANE USAGE,DRIVING SKILLS/KNOWLEDGE/EXPERIENCE,9137,S,RACINE AVE,2222,,,,,,,2,NO INDICATION OF INJURY,0,0,0,0,0,1,0,5,5,7,41.72753401,-87.65295197,POINT (-87.652951973357 41.727534014183)
7a68dfe0ca072a382ec1c1b0471fa0167c883e7c4c7735a1bed41f481601e70b198c2b7314e3ce67f39bf546010e0a78c36ba37118bf621458031bab38abcae6,,,7/28/2023 12:38,30,NO CONTROLS,NO CONTROLS,CLEAR,DAYLIGHT,PARKED MOTOR VEHICLE,ONE-WAY,,STRAIGHT AND LEVEL,DRY,WORN SURFACE,ON SCENE,NO INJURY / DRIVE AWAY,,,,"OVER $1,500",7/28/2023 12:40,IMPROPER LANE USAGE,NOT APPLICABLE,8245,S,CHRISTIANA AVE,834,,,,Y,CONSTRUCTION,Y,2,NO INDICATION OF INJURY,0,0,0,0,0,1,0,12,6,7,41.74292869,-87.70571449,POINT (-87.705714493419 41.742928690743)
cd0a6d7030a4aa0775c36eca3e2a0108f203b4999ab3f6c538b4867b0a1ce4e7b29db8705dfa9a7a16fb134c6ce0f80554491b0545b0aa4709e65afcbd8275f1,,,7/28/2023 11:15,30,NO CONTROLS,NO CONTROLS,CLEAR,DAYLIGHT,PARKED MOTOR VEHICLE,PARKING LOT,,STRAIGHT AND LEVEL,DRY,NO DEFECTS,ON SCENE,NO INJURY / DRIVE AWAY,,,Y,$500 OR LESS,7/28/2023 11:20,UNABLE TO DETERMINE,UNABLE TO DETERMINE,5679,S,ARCHER AVE,814,,,,,,,2,NO INDICATION OF INJURY,0,0,0,0,0,1,0,11,6,7,41.79702025,-87.7531835,POINT (-87.753183495265 41.797020247873)
bd18c84990a911b378aeddeacb062a2b838306989c9b97329b0b02fd831c482497b2a461fe9a192d725bbf44fb63a5baa7ca0886da342f4d7c5891ed7cd0481d,,,7/28/2023 13:00,30,TRAFFIC SIGNAL,UNKNOWN,CLEAR,DAYLIGHT,TURNING,NOT DIVIDED,,STRAIGHT AND LEVEL,UNKNOWN,UNKNOWN,NOT ON SCENE (DESK REPORT),NO INJURY / DRIVE AWAY,Y,,,"$501 - $1,500",7/28/2023 13:57,UNABLE TO DETERMINE,UNABLE TO DETERMINE,4400,N,SHERIDAN RD,1914,,,,,,,2,NO INDICATION OF INJURY,0,0,0,0,0,2,0,13,6,7,41.96182307,-87.65489608,POINT (-87.654896083223 41.961823071539)
3623224c9c21789e768060facf0ed2f95568158e2ccd42a717f867a00d97e5a586abd0709b122bb72b4d3ee315777012afcd99557fc3a30e59c32dd4a161b461,,,7/27/2023 8:00,25,STOP SIGN/FLASHER,FUNCTIONING PROPERLY,CLEAR,DAYLIGHT,TURNING,ONE-WAY,,STRAIGHT AND LEVEL,DRY,NO DEFECTS,ON SCENE,NO INJURY / DRIVE AWAY,,,,"OVER $1,500",7/27/2023 8:15,UNABLE TO DETERMINE,UNABLE TO DETERMINE,3701,W,27TH ST,1031,,,,,,,2,NO INDICATION OF INJURY,0,0,0,0,0,3,0,8,5,7,41.84240489,-87.7172366,POINT (-87.717236599977 41.842404888642)
affae01c49c47e07805be1aee995f7be5791621d1e02a02b4fb9b7296842fcb0818faaf00c6b57fdc60de740d3bb1631a1b12177201b973530148cfeea0a3683,,,7/28/2023 16:00,30,NO CONTROLS,NO CONTROLS,CLEAR,DAYLIGHT,REAR END,NOT DIVIDED,,STRAIGHT AND LEVEL,UNKNOWN,UNKNOWN,NOT ON SCENE (DESK REPORT),INJURY AND / OR TOW DUE TO CRASH,,,,"OVER $1,500",7/28/2023 17:30,UNABLE TO DETERMINE,UNABLE TO DETERMINE,7467,N,RIDGE BLVD,2424,,,,,,,2,"REPORTED, NOT EVIDENT",1,0,0,0,1,2,0,16,6,7,42.01774383,-87.68429097,POINT (-87.684290972697 42.017743831411)
5d06c2e2cf79ee0767257cc330322a6c9df8650bb973227dc73696ccd95f4a3331532aed2a4837d795224db65ec0e703e23ed7ec527710434fb960e65bc5c05b,,,7/28/2023 5:38,30,NO CONTROLS,NO CONTROLS,CLEAR,"DARKNESS, LIGHTED ROAD",REAR END,DIVIDED - W/MEDIAN (NOT RAISED),,STRAIGHT AND LEVEL,DRY,NO DEFECTS,ON SCENE,NO INJURY / DRIVE AWAY,,,,"OVER $1,500",7/28/2023 5:39,UNABLE TO DETERMINE,UNABLE TO DETERMINE,2632,W,CERMAK RD,1023,,,,,,,2,NO INDICATION OF INJURY,0,0,0,0,0,2,0,5,6,7,41.85206041,-87.6918846,POINT (-87.691884604 41.852060411096)
2108f6f5383c6c0ae62791c220afd6b36975702feffc65b71beb4d1944cd012de2291ff0749886e1c8bad240e894827f2eb3d6ba3e0b6e1f5d6cc4cf398b50ec,,,7/28/2023 17:10,30,TRAFFIC SIGNAL,FUNCTIONING PROPERLY,CLEAR,DAYLIGHT,SIDESWIPE SAME DIRECTION,FOUR WAY,,CURVE ON GRADE,DRY,NO DEFECTS,NOT ON SCENE (DESK REPORT),NO INJURY / DRIVE AWAY,Y,,,"$501 - $1,500",7/28/2023 19:30,IMPROPER LANE USAGE,UNABLE TO DETERMINE,3401,W,GRAND AVE,1121,Y,,,,,,2,NO INDICATION OF INJURY,0,0,0,0,0,2,0,17,6,7,41.8997647,-87.71172234,POINT (-87.711722341681 41.899764704121)
86cdcaf3c74fa3d750bbf610a023ea4cec319100b1b4e4931648c605ec3ebc130e4cd3c9160ef01bf44f697a465cd6094dee92b6c3cdef39599a935eb18df6b7,,,7/28/2023 21:48,30,TRAFFIC SIGNAL,FUNCTIONING PROPERLY,CLEAR,"DARKNESS, LIGHTED ROAD",REAR END,ONE-WAY,,STRAIGHT AND LEVEL,DRY,NO DEFECTS,NOT ON SCENE (DESK REPORT),INJURY AND / OR TOW DUE TO CRASH,Y,,,"OVER $1,500",7/28/2023 22:50,UNABLE TO DETERMINE,NOT APPLICABLE,3800,W,HARRISON ST,1133,,,,,,,3,NO INDICATION OF INJURY,0,0,0,0,0,7,0,21,6,7,41.87362412,-87.72040656,POINT (-87.720406557306 41.873624118782)
c41d746f8ceda82de345193e0077b697c61c024a2e77b6dee6447f24c9cc9875897066fc7d3724f1d057d64ec6b3a0cf8df541555649a9f353afc4cbac005fd5,,,7/27/2023 11:08,30,TRAFFIC SIGNAL,FUNCTIONING PROPERLY,CLEAR,DAYLIGHT,TURNING,NOT DIVIDED,,STRAIGHT AND LEVEL,DRY,NO DEFECTS,ON SCENE,INJURY AND / OR TOW DUE TO CRASH,Y,,,"OVER $1,500",7/27/2023 11:09,IMPROPER TURNING/NO SIGNAL,OBSTRUCTED CROSSWALKS,1900,S,ASHLAND AVE,1234,,,,,,,2,NO INDICATION OF INJURY,0,0,0,0,0,2,0,11,5,7,41.85592484,-87.66623983,POINT (-87.666239830496 41.855924842836)
030ba25402c788ae95198c7101c6c6679918b152178ae44a3e783c60dc1ac451de4e5b0f17a5af836d28f5890b1746cad49410635a1914a52817e68232bb6258,,,7/28/2023 8:10,25,STOP SIGN/FLASHER,FUNCTIONING PROPERLY,CLOUDY/OVERCAST,DAYLIGHT,ANGLE,DIVIDED - W/MEDIAN (NOT RAISED),,STRAIGHT AND LEVEL,WET,NO DEFECTS,NOT ON SCENE (DESK REPORT),INJURY AND / OR TOW DUE TO CRASH,,,,"$501 - $1,500",7/28/2023 9:20,UNABLE TO DETERMINE,UNABLE TO DETERMINE,3259,N,ELSTON AVE,1733,,,,,,,2,NONINCAPACITATING INJURY,1,0,0,1,0,1,0,8,6,7,41.94059875,-87.69986095,POINT (-87.699860950751 41.940598750482)
b591e2d1e73ca0823b073de377cc6674ec06add87aaf09d572874449e40a67933d9fcbb6ef2e130f6132ba8cf0423e94197c72d029e987bdd69014d2dc02b09e,,,7/28/2023 11:40,20,STOP SIGN/FLASHER,FUNCTIONING PROPERLY,CLEAR,DAYLIGHT,FIXED OBJECT,FOUR WAY,,STRAIGHT AND LEVEL,DRY,NO DEFECTS,ON SCENE,INJURY AND / OR TOW DUE TO CRASH,Y,,,"OVER $1,500",7/28/2023 11:50,DRIVING SKILLS/KNOWLEDGE/EXPERIENCE,FAILING TO YIELD RIGHT-OF-WAY,6458,S,MARSHFIELD AVE,725,,,,,,,1,NO INDICATION OF INJURY,0,0,0,0,0,1,0,11,6,7,41.77590525,-87.66553847,POINT (-87.665538466858 41.775905250556)
397e6dd593ff489db346c1879e93d115e158ae2ee7e7b48cdf4981aa7110bacae9a3c23f7a73b7d9b4af477e55829d6e01f7225c0db9581d4dc6c692f81f0477,,,7/28/2023 21:10,30,NO CONTROLS,NO CONTROLS,CLEAR,"DARKNESS, LIGHTED ROAD",PEDALCYCLIST,NOT DIVIDED,,STRAIGHT AND LEVEL,DRY,NO DEFECTS,ON SCENE,NO INJURY / DRIVE AWAY,N,,,$500 OR LESS,7/28/2023 21:59,DISTRACTION - FROM INSIDE VEHICLE,NOT APPLICABLE,2400,W,DEVON AVE,2412,,,Y,,,,2,NO INDICATION OF INJURY,0,0,0,0,0,2,0,21,6,7,41.99783811,-87.68994854,POINT (-87.689948536814 41.997838113989)
77d4bcbf54573fe0e35dc5ad742f7a8131b254f4ac4c5b3e2b7d9faa15a5d476e2a5328e669c5e11a3d0d6b3e4139696d180beff02861f58ce7fe4685cdf3d89,,,7/28/2023 13:30,20,NO CONTROLS,NO CONTROLS,CLEAR,DAYLIGHT,PARKED MOTOR VEHICLE,ONE-WAY,,STRAIGHT AND LEVEL,DRY,UNKNOWN,NOT ON SCENE (DESK REPORT),NO INJURY / DRIVE AWAY,,,Y,"OVER $1,500",7/28/2023 16:25,UNABLE TO DETERMINE,NOT APPLICABLE,5215,W,POTOMAC AVE,2532,,,,,,,3,NO INDICATION OF INJURY,0,0,0,0,0,1,0,13,6,7,41.90394528,-87.75641391,POINT (-87.756413904789 41.903945278018)
be615b81c16c5578ab09a9853d4b1d0b61a71e731501cf5768b26a6af2a667b2eed113f4099776c275f0d382058b9038db5c826a261f3b07e025163f3a5555e7,,,7/25/2023 12:00,30,NO CONTROLS,NO CONTROLS,CLEAR,DAYLIGHT,PARKED MOTOR VEHICLE,DIVIDED - W/MEDIAN (NOT RAISED),,STRAIGHT AND LEVEL,DRY,NO DEFECTS,NOT ON SCENE (DESK REPORT),NO INJURY / DRIVE AWAY,,,Y,"OVER $1,500",7/28/2023 8:00,IMPROPER BACKING,IMPROPER BACKING,2714,W,59TH ST,824,,,,,,,2,NO INDICATION OF INJURY,0,0,0,0,0,1,0,12,3,7,41.7865458,-87.69186042,POINT (-87.691860422029 41.786545801661)
cca0919546a2a96121bee1afc9ec94dadc99edc40bf989470eab837e53e77f6199e620e431ac31d8bc4a77f808317254c1afd96d931a006ddb0adc7d73b6f8f8,,N,7/28/2023 15:00,30,NO CONTROLS,NO CONTROLS,CLEAR,DAYLIGHT,REAR END,NOT DIVIDED,,STRAIGHT AND LEVEL,DRY,NO DEFECTS,ON SCENE,INJURY AND / OR TOW DUE TO CRASH,,,,$500 OR LESS,7/28/2023 15:20,NOT APPLICABLE,NOT APPLICABLE,1900,W,PERSHING RD,912,,,,,,,2,NONINCAPACITATING INJURY,2,0,0,2,0,2,0,15,6,7,41.82338276,-87.67271619,POINT (-87.67271619023 41.82338275981)
54c9ef36e913f89f194c0b856081aa06fe5b2d7f7e9a35cff802032287fd11c3f0b204798ccd63578923e8fb8ab7074057b4f3dc9af376c22530ccea83b00fab,,,7/21/2023 16:50,30,TRAFFIC SIGNAL,FUNCTIONING PROPERLY,UNKNOWN,DAYLIGHT,TURNING,ONE-WAY,,STRAIGHT AND LEVEL,UNKNOWN,NO DEFECTS,NOT ON SCENE (DESK REPORT),NO INJURY / DRIVE AWAY,,,Y,"OVER $1,500",7/28/2023 14:40,IMPROPER TURNING/NO SIGNAL,TURNING RIGHT ON RED,151,N,FRANKLIN ST,122,,,,,,,2,NO INDICATION OF INJURY,0,0,0,0,0,3,0,16,6,7,41.88449949,-87.63523358,POINT (-87.635233576018 41.884499492655)
94d0b4faad2fc9cbf0b1e3f9ba6d5e78f19b982943b3f5b41c256f4cd741acd884ed6b34cf73f903eb34a4d082ab34c3994019e41a17e0bb72d009b32e4346d5,JG302479,,6/11/2023 9:18,30,TRAFFIC SIGNAL,FUNCTIONING PROPERLY,CLEAR,DAYLIGHT,REAR END,NOT DIVIDED,,STRAIGHT AND LEVEL,DRY,NO DEFECTS,NOT ON SCENE (DESK REPORT),INJURY AND / OR TOW DUE TO CRASH,,,,"$501 - $1,500",6/15/2023 17:15,UNABLE TO DETERMINE,NOT APPLICABLE,2108,W,FULLERTON AVE,1432,,,,,,,2,"REPORTED, NOT EVIDENT",1,0,0,0,1,1,0,9,1,6,41.92509856,-87.68084918,POINT (-87.680849175942 41.925098561348)