CRASH_RECORD_ID,RD_NO,CRASH_DATE_EST_I,CRASH_DATE,POSTED_SPEED_LIMIT,TRAFFIC_CONTROL_DEVICE,DEVICE_CONDITION,WEATHER_CONDITION,LIGHTING_CONDITION,FIRST_CRASH_TYPE,TRAFFICWAY_TYPE,LANE_CNT,ALIGNMENT,ROADWAY_SURFACE_COND,ROAD_DEFECT,REPORT_TYPE,CRASH_TYPE,INTERSECTION_RELATED_I,NOT_RIGHT_OF_WAY_I,HIT_AND_RUN_I,DAMAGE,DATE_POLICE_NOTIFIED,PRIM_CONTRIBUTORY_CAUSE,SEC_CONTRIBUTORY_CAUSE,STREET_NO,STREET_DIRECTION,STREET_NAME,BEAT_OF_OCCURRENCE,PHOTOS_TAKEN_I,STATEMENTS_TAKEN_I,DOORING_I,WORK_ZONE_I,WORK_ZONE_TYPE,WORKERS_PRESENT_I,NUM_UNITS,MOST_SEVERE_INJURY,INJURIES_TOTAL,INJURIES_FATAL,INJURIES_INCAPACITATING,INJURIES_NON_INCAPACITATING,INJURIES_REPORTED_NOT_EVIDENT,INJURIES_NO_INDICATION,INJURIES_UNKNOWN,CRASH_HOUR,CRASH_DAY_OF_WEEK,CRASH_MONTH,LATITUDE,LONGITUDE,LOCATION
a86962ed1462dcb33779709ff4127b4aeecaeff38ecacf69294f91930f0858abac8fe03eb003ba061cab7b8ac73484aea60e79d3968005c3ed35ec89b537ace8,,,7/28/2023 12:51,30,STOP SIGN/FLASHER,OTHER,CLEAR,DAYLIGHT,ANGLE,FOUR WAY,,STRAIGHT AND LEVEL,DRY,NO DEFECTS,NOT ON SCENE (DESK REPORT),NO INJURY / DRIVE AWAY,,,,"OVER $1,500",7/28/2023 13:50,UNABLE TO DETERMINE,NOT APPLICABLE,300,N,WOOD ST,1223,,,,,,,2,NO INDICATION OF INJURY,0,0,0,0,0,2,0,12,6,7,41.88689318,-87.67204894,POINT (-87.672048941029 41.886893183446)
0b19b22b1299601b6947d2e6bc80adabaaf8ad04d56e69ef271161cff11a0b3502004f53f9467eabe5b87f16a3d567811ee1e5ca6d6ca7c73429cfa87c477bea,,,7/28/2023 17:00,30,NO CONTROLS,NO CONTROLS,CLEAR,DAYLIGHT,PARKED MOTOR VEHICLE,DIVIDED - W/MEDIAN (NOT RAISED),,STRAIGHT AND LEVEL,DRY,NO DEFECTS,NOT ON SCENE (DESK REPORT),NO INJURY / DRIVE AWAY,,,,"OVER $1,500",7/28/2023 17:40,UNABLE TO DETERMINE,NOT APPLICABLE,5638,S,PAYNE DR,233,,,,,,,2,NO INDICATION OF INJURY,0,0,0,0,0,1,0,17,6,7,41.79189221,-87.60823224,POINT (-87.608232235303 41.791892208042)
da06a1b8ec4d47d3a4fbb5410a9688d30e19dbcf764ec2c2d132b1381e58a6e63449c1bf224de3f8cf2b30c5b7320ad5a8ba909bd866b5c58e7d308fb7f8acfe,,,7/28/2023 7:40,30,TRAFFIC SIGNAL,FUNCTIONING PROPERLY,RAIN,DAYLIGHT,REAR END,NOT DIVIDED,,STRAIGHT AND LEVEL,WET,NO DEFECTS,ON SCENE,NO INJURY / DRIVE AWAY,Y,,,"OVER $1,500",7/28/2023 7:43,FOLLOWING TOO CLOSELY,NOT APPLICABLE,5501,S,WABASH AVE,225,,,,,,,2,NO INDICATION OF INJURY,0,0,0,0,0,2,0,7,6,7,41.79426502,-87.62393112,POINT (-87.62393112123 41.794265020837)
3255b7337c760a64e95c4294f1d04081f54a9cb14dd05c23b2719b67826a307eff8a9303232711f3d01f500820b2eb56c0f0de3e5beeeb5757bc71b588fba243,,,7/28/2023 11:30,30,TRAFFIC SIGNAL,FUNCTIONING PROPERLY,CLEAR,DAYLIGHT,TURNING,NOT DIVIDED,,STRAIGHT AND LEVEL,DRY,NO DEFECTS,ON SCENE,NO INJURY / DRIVE AWAY,Y,,,"OVER $1,500",7/28/2023 11:53,FAILING TO YIELD RIGHT-OF-WAY,NOT APPLICABLE,2201,S,ASHLAND AVE,1235,,,,,,,2,NO INDICATION OF INJURY,0,0,0,0,0,2,0,11,6,7,41.85221928,-87.66587654,POINT (-87.6658765358 41.852219281567)
2e9803e4a2a533929f2095d18122a2ee5d0aa6b6c8a7bb625a569795df5509a5d6d7ef12e4da9be3a20980b2dde7e7eb698222379c037ca464e8b407736d0f6f,,,7/24/2023 15:30,45,NO CONTROLS,NO CONTROLS,CLEAR,DAYLIGHT,SIDESWIPE SAME DIRECTION,DIVIDED - W/MEDIAN (NOT RAISED),,STRAIGHT AND LEVEL,DRY,UNKNOWN,NOT ON SCENE (DESK REPORT),NO INJURY / DRIVE AWAY,,,Y,"OVER $1,500",7/25/2023 15:40,UNABLE TO DETERMINE,NOT APPLICABLE,10000,W,OHARE ST,1651,,,,,,,2,NO INDICATION OF INJURY,0,0,0,0,0,2,0,15,2,7,41.97620114,-87.90530913,POINT (-87.905309125103 41.976201139024)
1036d64b879d239a790e64b26cbd0f811cb9d48bfc1c8180de0a690d7c06a6c530836ac01bd643042578e02e47a089ffc7e0cb665fceb6b811f5095867367570,,,7/28/2023 13:15,35,NO CONTROLS,NO CONTROLS,CLEAR,DAYLIGHT,ANGLE,NOT DIVIDED,,STRAIGHT AND LEVEL,DRY,NO DEFECTS,NOT ON SCENE (DESK REPORT),NO INJURY / DRIVE AWAY,,,,"OVER $1,500",7/28/2023 14:43,FAILING TO YIELD RIGHT-OF-WAY,UNABLE TO DETERMINE,51,E,14TH ST,131,,,,,,,2,NO INDICATION OF INJURY,0,0,0,0,0,2,0,13,6,7,41.8639618,-87.62539875,POINT (-87.625398751263 41.863961799386)
5ff6343596ee77e783626b56b35c3bbdc6d3dfd89e103554fefbdc98d3f79dd42e2f4e040b84c04bbe16eebf5be6eccd87bc5f29534f960b980325be3ca9bca1,,,7/28/2023 10:40,30,NO CONTROLS,NO CONTROLS,CLEAR,DAYLIGHT,ANGLE,ALLEY,,STRAIGHT AND LEVEL,DRY,NO DEFECTS,NOT ON SCENE (DESK REPORT),NO INJURY / DRIVE AWAY,,,,"OVER $1,500",7/28/2023 11:25,IMPROPER BACKING,FAILING TO YIELD RIGHT-OF-WAY,1425,N,KEELER AVE,2534,,,,,,,2,NO INDICATION OF INJURY,0,0,0,0,0,4,0,10,6,7,41.90694213,-87.73118027,POINT (-87.73118026875 41.906942133865)
6ad8fae7dc0869e71a0fe67420a60f400e2e40769811d3da8efd759712ef01d8403680b84ed9dbbaf265c6725f2045a89d23e64c0dac7ccbedfc219febabbbeb,,,7/28/2023 13:26,30,TRAFFIC SIGNAL,FUNCTIONING PROPERLY,CLEAR,DAYLIGHT,TURNING,ONE-WAY,,STRAIGHT AND LEVEL,DRY,NO DEFECTS,NOT ON SCENE (DESK REPORT),NO INJURY / DRIVE AWAY,,,,"$501 - $1,500",7/28/2023 15:00,IMPROPER TURNING/NO SIGNAL,IMPROPER TURNING/NO SIGNAL,300,W,WASHINGTON ST,122,,,,,,,2,NO INDICATION OF INJURY,0,0,0,0,0,2,0,13,6,7,41.88331491,-87.63541604,POINT (-87.635416036381 41.883314912259)
fc82eca290fbf4ee33ac24fe292109ce4e42170d5faf85aa067197d911f5bfe434f0ef8903894e18e9c844d4f7fc4c643179c019d1d629cdd2da857ac7a6611b,,,7/28/2023 16:24,30,STOP SIGN/FLASHER,FUNCTIONING PROPERLY,CLEAR,DAYLIGHT,SIDESWIPE SAME DIRECTION,NOT DIVIDED,,STRAIGHT AND LEVEL,DRY,UNKNOWN,ON SCENE,NO INJURY / DRIVE AWAY,,,Y,"OVER $1,500",7/28/2023 16:30,NOT APPLICABLE,NOT APPLICABLE,1800,N,CLARK ST,1814,,,,,,,2,NO INDICATION OF INJURY,0,0,0,0,0,2,0,16,6,7,41.9148168,-87.63402763,POINT (-87.634027625066 41.914816804195)
3d4ec2766fe1487fff8a35bdaaa44ade55188a6a83bc1f0a54fde591b3624f99c983694bc68fecdf7d54ebc2c5366d8c580c6c4c7eaeeadadc561bb579d352f1,,,7/21/2023 12:02,30,UNKNOWN,UNKNOWN,CLEAR,DAYLIGHT,REAR END,NOT DIVIDED,,STRAIGHT AND LEVEL,DRY,NO DEFECTS,NOT ON SCENE (DESK REPORT),NO INJURY / DRIVE AWAY,,,,"OVER $1,500",7/21/2023 12:43,UNABLE TO DETERMINE,UNABLE TO DETERMINE,600,N,LAKE SHORE DR,1834,,,,,,,2,NO INDICATION OF INJURY,0,0,0,0,0,2,0,12,6,7,41.89274821,-87.6146868,POINT (-87.614686796014 41.892748209238)
6679afca4851579c5c6c4169af7b5b4702564a0dbd4de57b32b2c8c2ae089b58f85373386e6b1ece33a4e769a8bf8a8375da3a9baefb64c80aeb9addbfb1e75b,,,7/28/2023 19:33,25,NO CONTROLS,NO CONTROLS,CLEAR,"DARKNESS, LIGHTED ROAD",TURNING,ONE-WAY,,STRAIGHT AND LEVEL,DRY,NO DEFECTS,ON SCENE,NO INJURY / DRIVE AWAY,,,,"OVER $1,500",7/28/2023 19:33,UNABLE TO DETERMINE,UNABLE TO DETERMINE,1400,N,LAVERGNE AVE,2533,,,,,,,2,NO INDICATION OF INJURY,0,0,0,0,0,3,0,19,6,7,41.90602169,-87.75110452,POINT (-87.751104515439 41.906021688234)
8a3d6bd5ffe2159dce94149808283ce9f2b572d1dcfd7ff51af437f10dc75f3cfe00ae0a1135219cda64c7182329298c5089ec0a8303e9c2b4602df21fec2c77,,,7/28/2023 17:45,30,TRAFFIC SIGNAL,UNKNOWN,UNKNOWN,UNKNOWN,TURNING,NOT DIVIDED,,STRAIGHT AND LEVEL,UNKNOWN,UNKNOWN,NOT ON SCENE (DESK REPORT),NO INJURY / DRIVE AWAY,Y,,Y,"OVER $1,500",7/28/2023 19:15,UNABLE TO DETERMINE,UNABLE TO DETERMINE,7400,N,WESTERN AVE,2411,,,,,,,2,NO INDICATION OF INJURY,0,0,0,0,0,2,0,17,6,7,42.01585949,-87.69006748,POINT (-87.690067481222 42.015859491773)
e1b1c242696b8254f63e33ac7710cb8dd83ca1c3829dd9fcfb00bdb343495f02041c3e0a9fa930010dfbd2e6d7cc42c0b3bb4ac2cb85a028e7019c018bc98fa4,,,7/27/2023 7:30,30,TRAFFIC SIGNAL,FUNCTIONING PROPERLY,UNKNOWN,DAYLIGHT,TURNING,FOUR WAY,,STRAIGHT AND LEVEL,UNKNOWN,UNKNOWN,NOT ON SCENE (DESK REPORT),NO INJURY / DRIVE AWAY,Y,,,"OVER $1,500",7/28/2023 18:44,UNABLE TO DETERMINE,UNABLE TO DETERMINE,4025,W,PETERSON AVE,1711,,,,,,,2,NO INDICATION OF INJURY,0,0,0,0,0,3,0,7,5,7,41.99001373,-87.7296162,POINT (-87.72961619868 41.990013733891)
22e026a47279c2d2f65aa7fc227ce95060efc40f21ecdca519d878dd67027a388234e9a92feb78b15c730cebf42702c9afc5a8b218ad0e981e6e0aa12d8982d2,,,7/28/2023 17:37,30,TRAFFIC SIGNAL,FUNCTIONING PROPERLY,CLEAR,DAYLIGHT,TURNING,CENTER TURN LANE,,STRAIGHT AND LEVEL,DRY,NO DEFECTS,ON SCENE,INJURY AND / OR TOW DUE TO CRASH,Y,,,"OVER $1,500",7/28/2023 17:45,FAILING TO YIELD RIGHT-OF-WAY,NOT APPLICABLE,2346,S,KOSTNER AVE,1013,Y,Y,,,,,2,NONINCAPACITATING INJURY,3,0,0,1,2,1,0,17,6,7,41.84812559,-87.73454954,POINT (-87.734549535941 41.84812559383)
c5096440bee4e56e1dcb20a1f8a0f35dd2abdb6761be157c128fba9e49c542d88298652b1dec726c4e9b7d5e59b24a0a6d797a8ac8ab4b2173e92c711199165f,,,7/27/2023 12:25,30,NO CONTROLS,OTHER,UNKNOWN,DAYLIGHT,REAR END,NOT DIVIDED,,STRAIGHT AND LEVEL,UNKNOWN,UNKNOWN,NOT ON SCENE (DESK REPORT),NO INJURY / DRIVE AWAY,,,,"$501 - $1,500",7/27/2023 12:40,FOLLOWING TOO CLOSELY,NOT APPLICABLE,47,E,63RD ST,312,,,,,,,2,NO INDICATION OF INJURY,0,0,0,0,0,2,0,12,5,7,41.77990222,-87.62348574,POINT (-87.623485740216 41.779902215302)
fbafebafe4a69cf98c48a4210482e8ee548753c6d8293bd001fcc52a20f92f98d27ce916bf5cb3e362ded02b78a059f3dc5bf8ee585e1553a12320678a1499da,,,7/28/2023 13:00,30,NO CONTROLS,NO CONTROLS,CLEAR,DAYLIGHT,PARKED MOTOR VEHICLE,DIVIDED - W/MEDIAN (NOT RAISED),,STRAIGHT AND LEVEL,DRY,NO DEFECTS,NOT ON SCENE (DESK REPORT),NO INJURY / DRIVE AWAY,,,Y,"OVER $1,500",7/28/2023 13:30,NOT APPLICABLE,NOT APPLICABLE,5821,W,NORTH AVE,2531,,,,,,,2,NO INDICATION OF INJURY,0,0,0,0,0,1,0,13,6,7,41.90919366,-87.77166588,POINT (-87.771665878033 41.909193659365)
04a29ec19df3ee26f0133064a4e6a7a4661e46a1168627dfd3ba2e87e3467cafb7fdb7efa0362edc5825705a0ed80837d0f12d4f821705a41a0f2f5573fa586d,,,7/28/2023 14:55,35,TRAFFIC SIGNAL,FUNCTIONING PROPERLY,CLEAR,DAYLIGHT,TURNING,FOUR WAY,,STRAIGHT AND LEVEL,DRY,UNKNOWN,ON SCENE,INJURY AND / OR TOW DUE TO CRASH,Y,,,"OVER $1,500",7/28/2023 15:04,DISTRACTION - FROM INSIDE VEHICLE,FAILING TO YIELD RIGHT-OF-WAY,3200,N,CENTRAL AVE,1633,,,,,,,2,NONINCAPACITATING INJURY,1,0,0,1,0,2,0,14,6,7,41.93861746,-87.7666483,POINT (-87.766648296838 41.938617463273)
80e8997f78eb4d1a4451488399725b91af82e6525c0c7410d487c6eb4949a4efcced4369f0fdff4ce1e5d243fe697160a52a3bdd8cd229ac7da750b7efca6453,,,7/27/2023 16:30,30,TRAFFIC SIGNAL,UNKNOWN,UNKNOWN,UNKNOWN,TURNING,NOT DIVIDED,,STRAIGHT AND LEVEL,UNKNOWN,UNKNOWN,NOT ON SCENE (DESK REPORT),NO INJURY / DRIVE AWAY,,,,"OVER $1,500",7/28/2023 20:15,UNABLE TO DETERMINE,UNABLE TO DETERMINE,300,E,RANDOLPH ST,114,,,,,,,2,NO INDICATION OF INJURY,0,0,0,0,0,2,0,16,5,7,41.88462379,-87.62047604,POINT (-87.62047604443 41.884623784636)
e8624256db1f44181215aba90da26647584f1d1abf7795fbc28989060a3774e2828df525b567b718c1a77b7501e4c6a5a1128d53800fb7e864e4d0ec5a54569b,,,7/27/2023 16:40,30,STOP SIGN/FLASHER,FUNCTIONING PROPERLY,CLEAR,DAYLIGHT,ANGLE,DIVIDED - W/MEDIAN (NOT RAISED),,STRAIGHT AND LEVEL,DRY,NO DEFECTS,ON SCENE,INJURY AND / OR TOW DUE TO CRASH,Y,,,"OVER $1,500",7/27/2023 16:42,FAILING TO YIELD RIGHT-OF-WAY,"VISION OBSCURED (SIGNS, TREE LIMBS, BUILDINGS, ETC.)",959,N,HOYNE AVE,1212,,,,,,,2,NONINCAPACITATING INJURY,2,0,0,2,0,3,0,16,5,7,41.89946675,-87.67945216,POINT (-87.679452163964 41.899466747371)
c9b7d0d12e9006a8700a6c025da0eaa8fe86e78ea6c61517487e378b56dc873407f169c5340a0852722da8234253bb393d64ce3221cadbfa07829adc80be267e,,,7/22/2023 17:30,10,NO CONTROLS,NO CONTROLS,CLEAR,DAYLIGHT,ANGLE,PARKING LOT,,STRAIGHT AND LEVEL,DRY,NO DEFECTS,NOT ON SCENE (DESK REPORT),NO INJURY / DRIVE AWAY,,,,"$501 - $1,500",7/27/2023 20:10,NOT APPLICABLE,NOT APPLICABLE,4733,W,76TH ST,833,,,,,,,2,NO INDICATION OF INJURY,0,0,0,0,0,2,0,17,7,7,41.75423733,-87.74051786,POINT (-87.740517860834 41.754237325612)
90a8c7f0036ba8673a38e92e826124ad009c1565da94b0a396abe35318060126647b59cae634781e2e07877dd8067c966dd16652d92aeac9de805c63893c1d0b,,,7/28/2023 15:00,15,NO CONTROLS,NO CONTROLS,CLEAR,DAYLIGHT,REAR TO REAR,PARKING LOT,,STRAIGHT AND LEVEL,DRY,NO DEFECTS,NOT ON SCENE (DESK REPORT),NO INJURY / DRIVE AWAY,,,,$500 OR LESS,7/28/2023 19:40,IMPROPER BACKING,UNABLE TO DETERMINE,1615,S,CLARK ST,131,,,,,,,2,NO INDICATION OF INJURY,0,0,0,0,0,2,0,15,6,7,41.85962968,-87.6301249,POINT (-87.630124899277 41.859629677313)
25efac137b01bd37167e4b2cc96c08ccff4f6ada60a6bc9f7aa1c64cf12c63608533bb80284a513134ab1737be2e661d1c708fca3fe93a985d6dab207782f64a,,,7/28/2023 20:54,30,STOP SIGN/FLASHER,FUNCTIONING PROPERLY,UNKNOWN,"DARKNESS, LIGHTED ROAD",ANGLE,NOT DIVIDED,,STRAIGHT AND LEVEL,UNKNOWN,UNKNOWN,NOT ON SCENE (DESK REPORT),INJURY AND / OR TOW DUE TO CRASH,,,,"OVER $1,500",7/28/2023 21:42,FAILING TO YIELD RIGHT-OF-WAY,FAILING TO YIELD RIGHT-OF-WAY,4537,W,BELMONT AVE,2521,,Y,,,,,2,NO INDICATION OF INJURY,0,0,0,0,0,4,0,20,6,7,41.93879928,-87.74091957,POINT (-87.740919568353 41.938799274671)
a3c5157c5850ed0c773422b985f7ea3bd8040d9c3ec09839aa869b4a0f6fe20113c46f675cb2fbdf1d6cb61ff2f719c0cc37af80ceceeb0a3e34e9f95b012c4d,,,7/27/2023 20:00,30,NO CONTROLS,NO CONTROLS,CLEAR,DUSK,PARKED MOTOR VEHICLE,ONE-WAY,,STRAIGHT AND LEVEL,DRY,NO DEFECTS,NOT ON SCENE (DESK REPORT),NO INJURY / DRIVE AWAY,,,,"OVER $1,500",7/27/2023 20:25,UNABLE TO DETERMINE,UNABLE TO DETERMINE,1310,S,UNION AVE,1232,,,,,,,2,NO INDICATION OF INJURY,0,0,0,0,0,2,0,20,5,7,41.86504118,-87.64518927,POINT (-87.645189268249 41.865041175422)
4f9b2c23c098c54a33b6aa2aa707a4df21b85c913c7654395136c08cd42eaa066631eb79a7566a9e0418c8754196b9d4cd6c518de77b8c65dacae1e7fcfeba5a,,,7/28/2023 8:00,30,NO CONTROLS,NO CONTROLS,RAIN,DAYLIGHT,TURNING,NOT DIVIDED,,STRAIGHT AND LEVEL,WET,NO DEFECTS,NOT ON SCENE (DESK REPORT),NO INJURY / DRIVE AWAY,,,,"OVER $1,500",7/28/2023 8:15,IMPROPER TURNING/NO SIGNAL,WEATHER,5840,S,COTTAGE GROVE AVE,233,,,,,,,2,NO INDICATION OF INJURY,0,0,0,0,0,2,0,8,6,7,41.78829176,-87.60623772,POINT (-87.606237722834 41.788291762953)
d49e8593256adbe1c8a608e3493877319a73a0b648a60b274bf5d44a3f084927cc3df74efb67b2102fab2ff3e13e88587c669fc56b2ecce57dbee6cddd31dde6,,,7/28/2023 18:45,25,NO CONTROLS,NO CONTROLS,CLEAR,DAYLIGHT,PEDESTRIAN,ONE-WAY,,STRAIGHT AND LEVEL,WET,NO DEFECTS,ON SCENE,INJURY AND / OR TOW DUE TO CRASH,,,,$500 OR LESS,7/28/2023 19:15,NOT APPLICABLE,NOT APPLICABLE,4732,S,PAULINA ST,931,,,,,,,2,NONINCAPACITATING INJURY,1,0,0,1,0,1,0,18,6,7,41.8075838,-87.66751833,POINT (-87.667518330898 41.807583801891)
27c904bd225c95017d2c907ceb7b48bfc5fca43464409f19746d6e1937edbb9093d75131b2e79f89ed46ce350dd803b0d7f3f3d9cb173ff50dde1b5693bd779c,,,7/28/2023 8:05,30,NO CONTROLS,NO CONTROLS,CLEAR,DAYLIGHT,SIDESWIPE SAME DIRECTION,NOT DIVIDED,,STRAIGHT AND LEVEL,WET,NO DEFECTS,NOT ON SCENE (DESK REPORT),NO INJURY / DRIVE AWAY,,,,"OVER $1,500",7/28/2023 9:46,WEATHER,NOT APPLICABLE,1000,N,LAKE SHORE DR SB,1824,,,,,,,2,NO INDICATION OF INJURY,0,0,0,0,0,2,0,8,6,7,41.90095892,-87.61992817,POINT (-87.619928173678 41.900958919109)
25939161ad11f07f9b5aa911496bf775ec680d1d929d36ddf343f05ee870d4eafb5e16180a40f676797b5957f27c53ce60b1061f295616dc855b171ed85463e5,,,7/28/2023 15:40,30,NO CONTROLS,NO CONTROLS,CLEAR,DAYLIGHT,PARKED MOTOR VEHICLE,NOT DIVIDED,,STRAIGHT AND LEVEL,DRY,NO DEFECTS,ON SCENE,INJURY AND / OR TOW DUE TO CRASH,,,,"OVER $1,500",7/28/2023 15:40,UNABLE TO DETERMINE,UNABLE TO DETERMINE,452,W,63RD ST,711,,,,,,,2,NO INDICATION OF INJURY,0,0,0,0,0,1,0,15,6,7,41.7799835,-87.63721303,POINT (-87.637213027409 41.779983497008)
0800128a78b3bcf2be13ad88d4f0f63cea263b4f577d332e833ec658b14fc02ae150c0e2f9129da3fae3d55d8113351184734cde6a3ff04d8d506971d9d32755,,,7/28/2023 5:45,35,NO CONTROLS,NO CONTROLS,RAIN,"DARKNESS, LIGHTED ROAD",TURNING,DIVIDED - W/MEDIAN BARRIER,,STRAIGHT AND LEVEL,WET,NO DEFECTS,ON SCENE,INJURY AND / OR TOW DUE TO CRASH,,,Y,"OVER $1,500",7/28/2023 6:27,FAILING TO YIELD RIGHT-OF-WAY,DRIVING SKILLS/KNOWLEDGE/EXPERIENCE,4800,S,CICERO AVE,814,,Y,,,,,2,NONINCAPACITATING INJURY,1,0,0,1,0,1,0,5,6,7,41.80570701,-87.74325203,POINT (-87.743252028253 41.805707012223)
568f6db74a0e54a26405ea294c3b0d08294c2f9c7c9fb1ad86ff7ec26c1282d038dacec06cf5847ee65b28e5b7971b26ce7251d11a7558431f67ce7ab2fc66b1,,,7/28/2023 6:30,30,TRAFFIC SIGNAL,FUNCTIONING PROPERLY,RAIN,DAYLIGHT,ANGLE,NOT DIVIDED,,STRAIGHT AND LEVEL,WET,NO DEFECTS,NOT ON SCENE (DESK REPORT),NO INJURY / DRIVE AWAY,,,,"OVER $1,500",7/28/2023 7:30,FAILING TO YIELD RIGHT-OF-WAY,NOT APPLICABLE,1000,W,MONTROSE AVE,1914,,,,,,,2,NO INDICATION OF INJURY,0,0,0,0,0,4,0,6,6,7,41.96188808,-87.654772,POINT (-87.654771996398 41.961888078735)
9b8c7c21dc94c07731c643b8498b27597e0769b4efe2b6ea6fbd93ca353eaf9c0e6ef042af7078b3ee012142a5d0b4b93babfb21f6dc731e05f0146221a14700,,,7/28/2023 16:16,25,NO CONTROLS,NO CONTROLS,CLEAR,DAYLIGHT,REAR END,NOT DIVIDED,,STRAIGHT AND LEVEL,DRY,NO DEFECTS,ON SCENE,NO INJURY / DRIVE AWAY,,,,"$501 - $1,500",7/28/2023 16:16,IMPROPER OVERTAKING/PASSING,NOT APPLICABLE,329,S,PULASKI RD,1132,,,,,,,2,NO INDICATION OF INJURY,0,0,0,0,0,2,0,16,6,7,41.87622609,-87.72537014,POINT (-87.725370142308 41.876226087698)
0871701be8d508ff2c313547e6a5b0b006e60d0ab509acc4eabb456a4a06c215c05a7eecedf8d0e0da325727e95c92281aadbc37436f9eceb315d7ae032eafd0,JG341929,,7/15/2023 11:17,30,NO CONTROLS,NO CONTROLS,CLEAR,DAYLIGHT,ANGLE,NOT DIVIDED,,STRAIGHT AND LEVEL,DRY,NO DEFECTS,ON SCENE,INJURY AND / OR TOW DUE TO CRASH,Y,,,"OVER $1,500",7/15/2023 11:17,FAILING TO YIELD RIGHT-OF-WAY,FAILING TO YIELD RIGHT-OF-WAY,5401,S,LOOMIS BLVD,934,,,,,,,2,NO INDICATION OF INJURY,0,0,0,0,0,5,0,11,7,7,41.79582712,-87.6596307,POINT (-87.659630699466 41.795827119433)
c83b887485b6f238259b7530236a5b2d9358ed04e5bd2a291169dbe0b777aab044877e8bdccd70cfb61b684b1662d2c95ebfd37c3ad12e1c049a23b9391b1305,,,7/28/2023 23:19,30,TRAFFIC SIGNAL,FUNCTIONING PROPERLY,RAIN,"DARKNESS, LIGHTED ROAD",SIDESWIPE OPPOSITE DIRECTION,NOT DIVIDED,,STRAIGHT AND LEVEL,WET,NO DEFECTS,ON SCENE,NO INJURY / DRIVE AWAY,N,,Y,"$501 - $1,500",7/28/2023 23:24,FAILING TO YIELD RIGHT-OF-WAY,FAILING TO YIELD RIGHT-OF-WAY,3948,W,ARMITAGE AVE,2525,,,,,,,2,NO INDICATION OF INJURY,0,0,0,0,0,3,0,23,6,7,41.91728193,-87.72610685,POINT (-87.726106845798 41.917281927844)
f51c63789d7f9c29502ab5cacb073bb29c3e9ddd341c33a509a6a22d1d7b47eb62bd18fd17cebf2a9c60b25ae0818e2ac4079d81bf1f9e70cd041e2665c8ff0b,,,7/28/2023 6:00,45,NO CONTROLS,NO CONTROLS,RAIN,DAWN,REAR END,NOT DIVIDED,,STRAIGHT AND LEVEL,WET,NO DEFECTS,ON SCENE,NO INJURY / DRIVE AWAY,,,Y,"OVER $1,500",7/28/2023 6:05,NOT APPLICABLE,NOT APPLICABLE,11600,W,IRVING PARK RD,1654,,,,,,,2,NO INDICATION OF INJURY,0,0,0,0,0,2,0,6,6,7,41.95376608,-87.91419707,POINT (-87.914197072743 41.953766077129)
bd1b2a948cb56970b898bc93d5323205e00ae5f55d92c53f7b72f4a739702cecd9c0540affacd365c40c6f54528cf5054b2887be15d574cd894b219b9e4e219b,,,7/27/2023 15:00,25,NO CONTROLS,NO CONTROLS,CLEAR,DAYLIGHT,REAR TO SIDE,NOT DIVIDED,,STRAIGHT AND LEVEL,DRY,UNKNOWN,NOT ON SCENE (DESK REPORT),NO INJURY / DRIVE AWAY,,,,"OVER $1,500",7/28/2023 13:00,IMPROPER BACKING,NOT APPLICABLE,5201,S,RICHMOND ST,923,,,,,,,2,NO INDICATION OF INJURY,0,0,0,0,0,2,0,15,5,7,41.79900918,-87.69746527,POINT (-87.697465269624 41.799009177988)
6de052af415e02f81761038807321fc93933e4f351cdc9ad1590100c6fda64b48b0eb3c7e693c214b97df0059ea999c1e6ad6590168f90e6e05a8bfe888c2f2d,,,7/28/2023 14:34,30,TRAFFIC SIGNAL,FUNCTIONING PROPERLY,CLEAR,DAYLIGHT,TURNING,FOUR WAY,,STRAIGHT AND LEVEL,DRY,NO DEFECTS,NOT ON SCENE (DESK REPORT),NO INJURY / DRIVE AWAY,Y,,N,$500 OR LESS,7/28/2023 14:44,FAILING TO YIELD RIGHT-OF-WAY,TURNING RIGHT ON RED,301,S,SACRAMENTO BLVD,1124,,,,,,,2,NO INDICATION OF INJURY,0,0,0,0,0,3,0,14,6,7,41.87730576,-87.70096007,POINT (-87.70096006787 41.877305760362)
8b18d47233d9755147a641a55d8b6ea4061256dde29e51bd16bb73914604797ce428f01f9b469b7af6e69945793807829c45c0407656e004f24146f66009680c,,,7/28/2023 15:43,30,TRAFFIC SIGNAL,FUNCTIONING PROPERLY,CLEAR,DAYLIGHT,REAR END,DIVIDED - W/MEDIAN (NOT RAISED),,STRAIGHT AND LEVEL,DRY,UNKNOWN,ON SCENE,NO INJURY / DRIVE AWAY,,,,$500 OR LESS,7/28/2023 16:30,UNABLE TO DETERMINE,NOT APPLICABLE,3400,N,CICERO AVE,1634,,,,,,,2,NO INDICATION OF INJURY,0,0,0,0,0,2,0,15,6,7,41.94252001,-87.74711282,POINT (-87.747112821184 41.942520006214)
f105468a122aae2a17a189384dc44e4b41aee81c35eb21a5815f505fa0a382f7bb790a5a2ac0c2e4b4c8eed1c89ca40ee2c8625d40952fdfc4361be2ff4ed4b2,,,7/28/2023 3:00,30,NO CONTROLS,NO CONTROLS,RAIN,DARKNESS,PARKED MOTOR VEHICLE,NOT DIVIDED,,STRAIGHT AND LEVEL,WET,UNKNOWN,NOT ON SCENE (DESK REPORT),NO INJURY / DRIVE AWAY,,,,"OVER $1,500",7/28/2023 16:45,WEATHER,WEATHER,3249,W,53RD ST,822,,,,,,,2,NO INDICATION OF INJURY,0,0,0,0,0,1,0,3,6,7,41.79702987,-87.70562036,POINT (-87.705620358384 41.797029866001)