CRASH_RECORD_ID,RD_NO,CRASH_DATE_EST_I,CRASH_DATE,POSTED_SPEED_LIMIT,TRAFFIC_CONTROL_DEVICE,DEVICE_CONDITION,WEATHER_CONDITION,LIGHTING_CONDITION,FIRST_CRASH_TYPE,TRAFFICWAY_TYPE,LANE_CNT,ALIGNMENT,ROADWAY_SURFACE_COND,ROAD_DEFECT,REPORT_TYPE,CRASH_TYPE,INTERSECTION_RELATED_I,NOT_RIGHT_OF_WAY_I,HIT_AND_RUN_I,DAMAGE,DATE_POLICE_NOTIFIED,PRIM_CONTRIBUTORY_CAUSE,SEC_CONTRIBUTORY_CAUSE,STREET_NO,STREET_DIRECTION,STREET_NAME,BEAT_OF_OCCURRENCE,PHOTOS_TAKEN_I,STATEMENTS_TAKEN_I,DOORING_I,WORK_ZONE_I,WORK_ZONE_TYPE,WORKERS_PRESENT_I,NUM_UNITS,MOST_SEVERE_INJURY,INJURIES_TOTAL,INJURIES_FATAL,INJURIES_INCAPACITATING,INJURIES_NON_INCAPACITATING,INJURIES_REPORTED_NOT_EVIDENT,INJURIES_NO_INDICATION,INJURIES_UNKNOWN,CRASH_HOUR,CRASH_DAY_OF_WEEK,CRASH_MONTH,LATITUDE,LONGITUDE,LOCATION
0b407d2410d33a31e3368ac801f88a46137a63aa65151af9ea911d52ed8335712ccc7563efecfa43b89c342deab15e667800cd2356ffaef4bdd166a6912f70c3,JG342185,,7/14/2023 9:04,25,NO CONTROLS,NO CONTROLS,CLEAR,DARKNESS,PARKED MOTOR VEHICLE,NOT DIVIDED,,STRAIGHT AND LEVEL,DRY,UNKNOWN,NOT ON SCENE (DESK REPORT),NO INJURY / DRIVE AWAY,,,,"OVER $1,500",7/15/2023 14:48,IMPROPER BACKING,NOT APPLICABLE,68,W,HUBBARD ST,1831,,,,,,,2,NO INDICATION OF INJURY,0,0,0,0,0,1,0,9,6,7,41.89013639,-87.63065655,POINT (-87.630656551147 41.890136393638)
0bb2c305e64271c11c5b23deb8691586bce94900b398fd864d2c9e0002891e9245b46825f7bf5f5c820f4b86a803e80abc8e98910c66e1b62b103470679c7c60,JG341445,,7/14/2023 23:10,30,TRAFFIC SIGNAL,FUNCTIONING PROPERLY,RAIN,"DARKNESS, LIGHTED ROAD",REAR END,NOT DIVIDED,,STRAIGHT AND LEVEL,WET,NO DEFECTS,NOT ON SCENE (DESK REPORT),NO INJURY / DRIVE AWAY,,,,"OVER $1,500",7/14/2023 23:45,NOT APPLICABLE,NOT APPLICABLE,7500,S,SOUTH CHICAGO AVE,624,,,,,,,3,NO INDICATION OF INJURY,0,0,0,0,0,4,0,23,6,7,41.75860901,-87.59572136,POINT (-87.595721360538 41.758609006103)
0ddf3243ea14bc5c5314138357ea03bf0f20913ada8a9994fa4291ea4a8887cc115ece1d5ff04ac95d1d44c1d087c06e6e6b23bda688f44be853d4cd9e82c560,JG340157,N,7/14/2023 1:25,35,NO CONTROLS,NO CONTROLS,CLEAR,"DARKNESS, LIGHTED ROAD",PARKED MOTOR VEHICLE,NOT DIVIDED,,STRAIGHT AND LEVEL,DRY,NO DEFECTS,ON SCENE,NO INJURY / DRIVE AWAY,,,Y,"OVER $1,500",7/14/2023 1:31,IMPROPER BACKING,IMPROPER BACKING,3216,W,ARMITAGE AVE,1413,,,,,,,2,NO INDICATION OF INJURY,0,0,0,0,0,1,0,1,6,7,41.91750295,-87.70770102,POINT (-87.707701014884 41.917502948943)
0e6e86ae611ebe06f623ed0d63c9573e66c7620a59244a3c9340b3b39c7902f2486ccdffdad0ccb501b1f2b702782d95b87f3d5efa185d36cd8999766d83a974,JG340896,,7/14/2023 13:30,30,UNKNOWN,UNKNOWN,UNKNOWN,UNKNOWN,REAR END,UNKNOWN,,STRAIGHT AND LEVEL,UNKNOWN,UNKNOWN,NOT ON SCENE (DESK REPORT),INJURY AND / OR TOW DUE TO CRASH,,,,"OVER $1,500",7/14/2023 15:40,UNABLE TO DETERMINE,NOT APPLICABLE,6800,N,CENTRAL AVE,1621,,,,,,,2,NO INDICATION OF INJURY,0,0,0,0,0,2,0,13,6,7,42.00474266,-87.76195893,POINT (-87.761958928859 42.004742655141)
125ceaba54a78b93fac9bcf3e48974554c2465cf214e619e5f1f4afc09d553a69ae48a831397eaf128929d250c3b4faf6f7b66bbd4cd59e7b4e019d45844b851,JG341244,,7/14/2023 19:00,35,TRAFFIC SIGNAL,FUNCTIONING PROPERLY,CLEAR,DAYLIGHT,REAR END,NOT DIVIDED,,STRAIGHT AND LEVEL,DRY,NO DEFECTS,NOT ON SCENE (DESK REPORT),NO INJURY / DRIVE AWAY,,,,"OVER $1,500",7/14/2023 19:25,FAILING TO REDUCE SPEED TO AVOID CRASH,NOT APPLICABLE,3957,W,63RD ST,823,,,,,,,2,NO INDICATION OF INJURY,0,0,0,0,0,2,0,19,6,7,41.77855045,-87.72255939,POINT (-87.722559393102 41.778550447157)
13eed1a94933791fa95b6e11c6aaf3338d971e14ef954814619ebfc68e92cd76c29a545c2b28a4df561872d0e12b20d500967f55bae1ea9525521ec30ecc2e31,JG340238,,7/14/2023 4:13,30,NO CONTROLS,UNKNOWN,CLEAR,"DARKNESS, LIGHTED ROAD",FIXED OBJECT,DIVIDED - W/MEDIAN (NOT RAISED),,STRAIGHT AND LEVEL,DRY,UNKNOWN,ON SCENE,INJURY AND / OR TOW DUE TO CRASH,,,,"OVER $1,500",7/14/2023 4:30,UNABLE TO DETERMINE,NOT APPLICABLE,7100,S,SOUTH SHORE DR,334,,,,,,,1,NONINCAPACITATING INJURY,1,0,0,1,0,0,0,4,6,7,41.7661952,-87.56290818,POINT (-87.562908182042 41.76619520231)
1440f2b890e32d805b0aad1e6575514b61f4fe4162bf5eb987d533b1e31a25cd6df4ad4d2d31d54e62d02492f58bf304d746dcc35b0488cf924e0dca6f163aff,JG340880,,7/14/2023 13:30,30,STOP SIGN/FLASHER,FUNCTIONING PROPERLY,CLEAR,DAYLIGHT,ANGLE,DIVIDED - W/MEDIAN (NOT RAISED),,STRAIGHT AND LEVEL,DRY,NO DEFECTS,ON SCENE,INJURY AND / OR TOW DUE TO CRASH,Y,,,"OVER $1,500",7/14/2023 13:30,FAILING TO YIELD RIGHT-OF-WAY,NOT APPLICABLE,10600,S,AVENUE L,432,,,,,,,2,NO INDICATION OF INJURY,0,0,0,0,0,3,0,13,6,7,41.70264801,-87.53663874,POINT (-87.536638735138 41.702648006115)
153cc0c3b04bc2ef7b9800a8eb260e9deffde2573601f226cb511c010ce130cfb95c82d6dcd8611378c1c04d821df26b22c224992a948a4b08b01e772219e0ad,JG340761,,7/14/2023 13:30,30,STOP SIGN/FLASHER,NO CONTROLS,CLEAR,DAYLIGHT,TURNING,DIVIDED - W/MEDIAN (NOT RAISED),,STRAIGHT AND LEVEL,DRY,NO DEFECTS,NOT ON SCENE (DESK REPORT),NO INJURY / DRIVE AWAY,Y,,,"$501 - $1,500",7/14/2023 13:50,FAILING TO YIELD RIGHT-OF-WAY,NOT APPLICABLE,1300,W,MONROE ST,1224,,,,,,,2,NO INDICATION OF INJURY,0,0,0,0,0,2,0,13,6,7,41.88039813,-87.65965584,POINT (-87.659655838002 41.880398130423)
1589b50fac08e13a24148dbf448a3bdcc08fc23e130237934df2ef0276fa6d187ca0a5ad37b49d0617675626166ca9c996b5963a6b61ca373990bad0b70e55f2,JG340326,,7/14/2023 7:19,35,TRAFFIC SIGNAL,FUNCTIONING PROPERLY,CLEAR,DAYLIGHT,REAR END,DIVIDED - W/MEDIAN (NOT RAISED),,STRAIGHT AND LEVEL,DRY,NO DEFECTS,ON SCENE,INJURY AND / OR TOW DUE TO CRASH,,,Y,"$501 - $1,500",7/14/2023 7:30,DISTRACTION - FROM INSIDE VEHICLE,FOLLOWING TOO CLOSELY,5880,S,ARCHER AVE,814,,,,,,,2,"REPORTED, NOT EVIDENT",1,0,0,0,1,1,0,7,6,7,41.79587723,-87.76203722,POINT (-87.762037217609 41.79587722457)
175dd686104678776e8d1256eb3484c1d748cc8f1121928b0ab3182f23d2afaf5d27df632b73d8ac35f1732b4a52bb470c5f61c51ca4de5677816048a3082fc6,JG340978,,7/14/2023 17:10,25,NO CONTROLS,NO CONTROLS,CLEAR,DAYLIGHT,FIXED OBJECT,NOT DIVIDED,,STRAIGHT AND LEVEL,DRY,NO DEFECTS,ON SCENE,NO INJURY / DRIVE AWAY,,,,"$501 - $1,500",7/14/2023 17:26,UNABLE TO DETERMINE,UNABLE TO DETERMINE,164,N,PEORIA ST,1224,,,,,,,3,NO INDICATION OF INJURY,0,0,0,0,0,2,0,17,6,7,41.88495976,-87.6499356,POINT (-87.649935602125 41.884959755234)
1851c13351ec299aadea7681d04e2e3c0beb51a8a7385a34102a069af798016810eb0ad8c3f1a4dd1acb841a5933930d7d42b58c4bb76db6eeadc4904505eaf1,JG340705,,7/14/2023 12:40,30,TRAFFIC SIGNAL,FUNCTIONING PROPERLY,CLEAR,DAYLIGHT,REAR END,NOT DIVIDED,,STRAIGHT AND LEVEL,DRY,NO DEFECTS,NOT ON SCENE (DESK REPORT),NO INJURY / DRIVE AWAY,N,,,"OVER $1,500",7/14/2023 13:20,FAILING TO REDUCE SPEED TO AVOID CRASH,FAILING TO REDUCE SPEED TO AVOID CRASH,2800,N,DAMEN AVE,1931,,,,,,,2,NO INDICATION OF INJURY,0,0,0,0,0,3,0,12,6,7,41.93232949,-87.67828272,POINT (-87.678282719314 41.932329494099)
18c8cdbbd5ea6a4ef201913fd4e5206a2fd06bd02fa85f7d56e72a332e0e673471ec02c950a77308b7f65e8896b22fbd4cef6b71be8ba518d15eaae7b91e1ac2,JG341896,,7/14/2023 20:30,30,NO CONTROLS,NO CONTROLS,CLEAR,DARKNESS,REAR END,NOT DIVIDED,,STRAIGHT AND LEVEL,DRY,NO DEFECTS,NOT ON SCENE (DESK REPORT),NO INJURY / DRIVE AWAY,,,Y,"$501 - $1,500",7/15/2023 11:00,FAILING TO REDUCE SPEED TO AVOID CRASH,NOT APPLICABLE,135,N,SACRAMENTO BLVD,1222,,,,,,,2,NO INDICATION OF INJURY,0,0,0,0,0,5,0,20,6,7,41.88401648,-87.70114276,POINT (-87.701142757538 41.884016475152)
18fc1d8bd403b77061435c813732550c2d187948c61cd21a09f50df41f710a67f30464974afe39fde8db76eb299f0ec21363f4a4e9bcafe489c6f0feae7d1806,JG341399,,7/14/2023 10:42,40,TRAFFIC SIGNAL,FUNCTIONING PROPERLY,CLEAR,DAYLIGHT,REAR END,DIVIDED - W/MEDIAN BARRIER,,STRAIGHT AND LEVEL,DRY,NO DEFECTS,NOT ON SCENE (DESK REPORT),NO INJURY / DRIVE AWAY,,,,"OVER $1,500",7/14/2023 22:15,FAILING TO REDUCE SPEED TO AVOID CRASH,UNABLE TO DETERMINE,1531,S,LAKE SHORE DR NB,132,,,,,,,2,NO INDICATION OF INJURY,0,0,0,0,0,2,0,10,6,7,41.86121864,-87.61782843,POINT (-87.617828427303 41.861218642648)
17e3c53564b1567507519e769785133a7162c4dcbc14806b78fb6f9ea60c85f0f77b09ebdca9e5f9bbd438a69cb8cbba28aa731dca5960b668969ca4c5a08de7,JC529085,N,11/30/2019 1:30,35,NO CONTROLS,NO CONTROLS,RAIN,"DARKNESS, LIGHTED ROAD",PARKED MOTOR VEHICLE,NOT DIVIDED,,STRAIGHT AND LEVEL,WET,NO DEFECTS,,INJURY AND / OR TOW DUE TO CRASH,,,Y,"OVER $1,500",11/30/2019 2:06,UNABLE TO DETERMINE,WEATHER,6737,S,RHODES AVE,321,,,,,,,2,,,,,,,,,1,7,11,41.77196668,-87.61164247,POINT (-87.611642464647 41.771966679783)
19c0ed5421bcb27b962648555692aa89d403e4690f13c530569622853ef20298ec981187aac1c432b82cdba7a6686bcf89e8ef953e014c9b982f3f0f6f3e4b38,JG341254,,7/14/2023 19:26,30,NO CONTROLS,NO CONTROLS,CLEAR,DAYLIGHT,PARKED MOTOR VEHICLE,ONE-WAY,,STRAIGHT AND LEVEL,DRY,NO DEFECTS,ON SCENE,NO INJURY / DRIVE AWAY,,,,"$501 - $1,500",7/14/2023 19:26,FOLLOWING TOO CLOSELY,FOLLOWING TOO CLOSELY,7125,S,UNION AVE,732,,,,,,,2,NO INDICATION OF INJURY,0,0,0,0,0,1,0,19,6,7,41.76448214,-87.64137952,POINT (-87.6413795183 41.764482139343)
1a87f56c07d4a2e3dcca28108fde10476f6d870db57c371261a1e61759c2fe0e9b38d38a503cfd82b4db1d30f432db226a5e3d9b09d7d3085f4e1178a94ca7fd,JG340568,,7/14/2023 11:15,30,OTHER,OTHER,CLEAR,DAYLIGHT,PEDALCYCLIST,NOT DIVIDED,,STRAIGHT AND LEVEL,DRY,NO DEFECTS,ON SCENE,INJURY AND / OR TOW DUE TO CRASH,,,,"OVER $1,500",7/14/2023 11:18,UNABLE TO DETERMINE,NOT APPLICABLE,3824,W,BELDEN AVE,2525,,,,,,,2,NONINCAPACITATING INJURY,1,0,0,1,0,0,0,11,6,7,41.92281121,-87.72283639,POINT (-87.72283639295 41.922811205635)
1aeb47255d53d21fa979fc8fc31228e654b0dc35d232d16884bdacc5f1d83cf315bb1e08a864cfa62115ef7e15e7df625e8dbb8b7d65956be530a8874064e5a7,JG336725,,7/14/2023 17:10,35,TRAFFIC SIGNAL,FUNCTIONING PROPERLY,CLEAR,DAYLIGHT,REAR END,DIVIDED - W/MEDIAN BARRIER,,STRAIGHT AND LEVEL,DRY,UNKNOWN,NOT ON SCENE (DESK REPORT),INJURY AND / OR TOW DUE TO CRASH,Y,,Y,"OVER $1,500",7/14/2023 19:00,FAILING TO REDUCE SPEED TO AVOID CRASH,NOT APPLICABLE,6700,S,STONY ISLAND AVE,332,,Y,,,,,2,"REPORTED, NOT EVIDENT",4,0,0,0,4,1,0,17,6,7,41.7732929,-87.58644237,POINT (-87.586442368314 41.773292895851)
1b05d979e33899e034f8b4794c284d724f92cb37477a191507492d879bb93bf1dd025001485dbc5c74ba0a6f299bf24d4b2767dab1c62fcb1f8e77fbf45dceeb,JG341270,,7/14/2023 15:15,35,TRAFFIC SIGNAL,FUNCTIONING PROPERLY,CLEAR,DAYLIGHT,SIDESWIPE SAME DIRECTION,NOT DIVIDED,,STRAIGHT AND LEVEL,DRY,NO DEFECTS,NOT ON SCENE (DESK REPORT),INJURY AND / OR TOW DUE TO CRASH,,,Y,"OVER $1,500",7/14/2023 19:45,IMPROPER TURNING/NO SIGNAL,NOT APPLICABLE,2358,W,87TH ST,614,,,,,,,2,"REPORTED, NOT EVIDENT",1,0,0,0,1,1,0,15,6,7,41.73563844,-87.68240579,POINT (-87.682405788023 41.735638443917)
1b111002707c62a65c74fc796a7f0a3dfc2c8972b7f298f2015298ff419b45277c284b0f1b3854246700334dd2459db4f91b6511843d80f5233d8699ade09100,JG341063,,7/14/2023 14:45,35,UNKNOWN,UNKNOWN,CLEAR,DAYLIGHT,REAR END,DIVIDED - W/MEDIAN (NOT RAISED),,STRAIGHT AND LEVEL,DRY,NO DEFECTS,NOT ON SCENE (DESK REPORT),NO INJURY / DRIVE AWAY,,,,"OVER $1,500",7/14/2023 17:20,IMPROPER BACKING,IMPROPER BACKING,1000,W,CERMAK RD,1235,,Y,,,,,2,NO INDICATION OF INJURY,0,0,0,0,0,2,0,14,6,7,41.85268538,-87.65149237,POINT (-87.651492366773 41.852685383496)
1b83f1b8759fa226eddd214490d5fb009c0d6bc66ef9f7d5a9ffdcfb077fbf62ae718501bd1f1834f8d4adfe3141b0f2fc5b3efb398c1cde24c70a1eb09efd21,JG341228,,7/14/2023 18:22,30,NO CONTROLS,NO CONTROLS,CLEAR,DAYLIGHT,PARKED MOTOR VEHICLE,PARKING LOT,,STRAIGHT AND LEVEL,DRY,NO DEFECTS,ON SCENE,NO INJURY / DRIVE AWAY,,,,"OVER $1,500",7/14/2023 18:24,UNABLE TO DETERMINE,UNABLE TO DETERMINE,900,S,CLARK ST,123,,Y,,,,,2,NO INDICATION OF INJURY,0,0,0,0,0,3,0,18,6,7,41.87047349,-87.63070624,POINT (-87.630706242584 41.870473493584)
1bd45d55367530f68f2abd6723636f8568b9469047654056d7c4bd87c7c0ae8a9fa93265e4e6f8c268acc14552e44dad46594238d448d53561818cb280581938,JG341939,,7/14/2023 21:30,30,TRAFFIC SIGNAL,UNKNOWN,UNKNOWN,"DARKNESS, LIGHTED ROAD",HEAD ON,FOUR WAY,,STRAIGHT AND LEVEL,UNKNOWN,UNKNOWN,NOT ON SCENE (DESK REPORT),NO INJURY / DRIVE AWAY,,,Y,"OVER $1,500",7/15/2023 11:45,UNABLE TO DETERMINE,UNABLE TO DETERMINE,8649,S,ASHLAND AVE,614,,,,,,,2,NO INDICATION OF INJURY,0,0,0,0,0,2,0,21,6,7,41.73616578,-87.66292732,POINT (-87.662927322638 41.736165783916)
1c9b12bcc41e5e7eef25859d1289926f3328564148fcbbe17e4694dfe7f17e6ace68b52ad36bc28d726575add0aa7b277cd1bc4b3bac481ab172b1845fc37e97,JG341414,,7/14/2023 22:45,30,TRAFFIC SIGNAL,FUNCTIONING PROPERLY,RAIN,"DARKNESS, LIGHTED ROAD",REAR END,NOT DIVIDED,,STRAIGHT AND LEVEL,WET,NO DEFECTS,ON SCENE,INJURY AND / OR TOW DUE TO CRASH,Y,,,"OVER $1,500",7/14/2023 22:46,WEATHER,FAILING TO REDUCE SPEED TO AVOID CRASH,601,S,PULASKI RD,1132,,,,,,,2,NO INDICATION OF INJURY,0,0,0,0,0,3,0,22,6,7,41.87342367,-87.72526498,POINT (-87.72526497458 41.873423666525)
1cd7c1096ebe49edbb9b740f0f2da5a12e3ce55006dfb735890c213ab1ee1af71fb3c58b32a251346bf2f164006f219566dac8aa461a691d0c45bfcd50281075,JG340771,,7/14/2023 14:00,30,TRAFFIC SIGNAL,UNKNOWN,CLEAR,DAYLIGHT,REAR END,NOT DIVIDED,,STRAIGHT AND LEVEL,DRY,UNKNOWN,NOT ON SCENE (DESK REPORT),NO INJURY / DRIVE AWAY,,,,"$501 - $1,500",7/14/2023 14:10,DISTRACTION - FROM INSIDE VEHICLE,NOT APPLICABLE,4216,N,PULASKI RD,1722,,,,,,,3,NO INDICATION OF INJURY,0,0,0,0,0,3,0,14,6,7,41.957827,-87.72788501,POINT (-87.727885008488 41.957827003903)
1e374762009edb88dfb55dd4900fc0fd3ad5b258a6c372d4e1cc88c3c62dcefef87fcf10661c6e42cb10fd313866aebfa26a04454d05708bb337314560c7c016,JG341309,,7/14/2023 19:30,30,STOP SIGN/FLASHER,FUNCTIONING PROPERLY,CLEAR,DAYLIGHT,SIDESWIPE SAME DIRECTION,ONE-WAY,,STRAIGHT AND LEVEL,DRY,NO DEFECTS,NOT ON SCENE (DESK REPORT),NO INJURY / DRIVE AWAY,Y,,,"OVER $1,500",7/14/2023 20:10,UNABLE TO DETERMINE,NOT APPLICABLE,3159,N,LAMON AVE,2521,,,,,,,2,NO INDICATION OF INJURY,0,0,0,0,0,2,0,19,6,7,41.93875269,-87.74919132,POINT (-87.74919131719 41.938752691735)
1e3eb94e5ddaddad2c50fec4cb25e965a9556cca0bd0cd3c25ec608e19b47d9a1c5a9c16509c23c94530adb68345090e7b395b1083a022365d0eafa392d8e36d,JG340138,,7/14/2023 0:54,30,NO CONTROLS,NO CONTROLS,CLEAR,"DARKNESS, LIGHTED ROAD",PARKED MOTOR VEHICLE,NOT DIVIDED,,STRAIGHT AND LEVEL,DRY,NO DEFECTS,ON SCENE,INJURY AND / OR TOW DUE TO CRASH,,,Y,"OVER $1,500",7/14/2023 0:57,UNABLE TO DETERMINE,UNABLE TO DETERMINE,6006,S,BISHOP ST,713,,,,,,,5,NO INDICATION OF INJURY,0,0,0,0,0,1,0,0,6,7,41.78471775,-87.6608515,POINT (-87.660851497783 41.784717744587)
1e6209b0988fae1be9c3e8105be497f28140cb132374ec452978ec52bf1d82f769319cf672bc81761810487d2fc2c9df2aad9d756785636accc54090026c9204,JG341019,,7/14/2023 15:45,30,NO CONTROLS,NO CONTROLS,CLEAR,DAYLIGHT,REAR TO SIDE,PARKING LOT,,STRAIGHT AND LEVEL,DRY,NO DEFECTS,NOT ON SCENE (DESK REPORT),NO INJURY / DRIVE AWAY,,Y,,"OVER $1,500",7/14/2023 16:45,UNABLE TO DETERMINE,NOT APPLICABLE,4645,W,DIVERSEY AVE,2521,,,,,,,2,NO INDICATION OF INJURY,0,0,0,0,0,2,0,15,6,7,41.93146094,-87.74371731,POINT (-87.743717307031 41.931460938215)
1e99e633df5f105435a8ce3d227fda98cc157926413f04c2becb7c8f261a59e678e07cc088ff928a38a4f5dc781ad486c3c498b30fc09fda6267f907b3c6c74e,JG341968,,7/14/2023 22:00,30,NO CONTROLS,NO CONTROLS,RAIN,"DARKNESS, LIGHTED ROAD",REAR END,NOT DIVIDED,,STRAIGHT AND LEVEL,WET,NO DEFECTS,NOT ON SCENE (DESK REPORT),NO INJURY / DRIVE AWAY,Y,,,"$501 - $1,500",7/15/2023 11:30,UNABLE TO DETERMINE,UNABLE TO DETERMINE,1448,W,111TH ST,2234,,,,,,,2,NO INDICATION OF INJURY,0,0,0,0,0,2,0,22,6,7,41.69226942,-87.65882128,POINT (-87.658821284452 41.692269422274)
1eb0963b92de145b8bf84330bb5c857014cffb936c9dc747c61fa6f8152ff7648f2d38e351ea5e4bfaad5f3a8d81371304e968ca1a170537a56a25cb4cb04cd7,JG341326,,7/14/2023 20:00,35,TRAFFIC SIGNAL,FUNCTIONING PROPERLY,CLEAR,"DARKNESS, LIGHTED ROAD",REAR END,NOT DIVIDED,,STRAIGHT AND LEVEL,DRY,NO DEFECTS,NOT ON SCENE (DESK REPORT),INJURY AND / OR TOW DUE TO CRASH,,,,"OVER $1,500",7/14/2023 20:12,PHYSICAL CONDITION OF DRIVER,FOLLOWING TOO CLOSELY,501,S,COLUMBUS DR,114,,,,,,,3,NO INDICATION OF INJURY,0,0,0,0,0,3,0,20,6,7,41.87570882,-87.62044304,POINT (-87.62044304114 41.87570882172)
1f13d59c5e3a75bf431957cf2e869498eb41ee15096485616faa14fc476f49796f4695c92961ec6a9241488a0a29d1bfff6091cffb1b8df78d6703c8e6c3e383,JG340910,,7/14/2023 15:30,20,STOP SIGN/FLASHER,FUNCTIONING PROPERLY,CLEAR,DAYLIGHT,ANGLE,FOUR WAY,,STRAIGHT ON GRADE,DRY,NO DEFECTS,ON SCENE,INJURY AND / OR TOW DUE TO CRASH,Y,,,"OVER $1,500",7/14/2023 15:36,UNABLE TO DETERMINE,UNABLE TO DETERMINE,9100,S,LOWE AVE,2223,,,,,,,2,"REPORTED, NOT EVIDENT",1,0,0,0,1,1,0,15,6,7,41.72872309,-87.63991415,POINT (-87.639914150344 41.728723087637)
2063fe6a9704634aa5217a95b76a13dafb1489f8060565364c72252fb6d8ceddd25d432485bba85e6309d4604485947839c246536e90442ccee53fff52a6f770,JG340192,,7/14/2023 1:50,30,NO CONTROLS,NO CONTROLS,CLEAR,"DARKNESS, LIGHTED ROAD",PARKED MOTOR VEHICLE,ONE-WAY,,STRAIGHT AND LEVEL,DRY,NO DEFECTS,ON SCENE,INJURY AND / OR TOW DUE TO CRASH,,,,"OVER $1,500",7/14/2023 2:49,UNABLE TO DETERMINE,UNABLE TO DETERMINE,2938,S,POPLAR AVE,913,,,,,,,5,NONINCAPACITATING INJURY,1,0,0,1,0,0,0,1,6,7,41.84034644,-87.64898491,POINT (-87.648984905935 41.840346439405)
2120166f27170826ba1bf29c24c9f1d3b289e41ea7b53a254a5e4f67f3c9fbd8d36b1295b1e7068bc506d1d9bda4d3a5e3b8df983fe84f90081bb5fef2fdf386,JG340478,,7/14/2023 10:10,20,STOP SIGN/FLASHER,FUNCTIONING PROPERLY,CLEAR,DAYLIGHT,ANGLE,NOT DIVIDED,,STRAIGHT AND LEVEL,DRY,NO DEFECTS,ON SCENE,NO INJURY / DRIVE AWAY,Y,,,"$501 - $1,500",7/14/2023 10:20,FAILING TO YIELD RIGHT-OF-WAY,NOT APPLICABLE,6340,N,PAULINA ST,2433,,,,,,,2,NO INDICATION OF INJURY,0,0,0,0,0,2,0,10,6,7,41.99677693,-87.67210048,POINT (-87.672100481824 41.996776932491)
21a256eaa96513dfd40565c638897f006115ed579023f06393248cf4f658574b4e41dd2c7407097500593763eae31d9bc85450582c0defd510de3835b77754f0,JG340464,,7/14/2023 4:00,10,NO CONTROLS,NO CONTROLS,CLEAR,DARKNESS,PARKED MOTOR VEHICLE,PARKING LOT,,STRAIGHT AND LEVEL,UNKNOWN,NO DEFECTS,ON SCENE,NO INJURY / DRIVE AWAY,,Y,Y,"$501 - $1,500",7/14/2023 10:11,UNABLE TO DETERMINE,UNABLE TO DETERMINE,5618,N,WINTHROP AVE,2022,,,,,,,2,NO INDICATION OF INJURY,0,0,0,0,0,1,0,4,6,7,41.98424339,-87.65817887,POINT (-87.658178868187 41.984243392973)
228b7f63a9a1171a09d8fc5ad21512fe43874485891abbb9583e293d56db7a07ff6da53b8a7463393b7f767a6eb55363a95d29f9298400d926434b747292f9fb,JG340853,,7/14/2023 14:33,30,TRAFFIC SIGNAL,FUNCTIONING PROPERLY,CLEAR,DAYLIGHT,TURNING,FOUR WAY,,STRAIGHT AND LEVEL,DRY,NO DEFECTS,ON SCENE,INJURY AND / OR TOW DUE TO CRASH,Y,,,"OVER $1,500",7/14/2023 14:47,FAILING TO YIELD RIGHT-OF-WAY,IMPROPER OVERTAKING/PASSING,2801,W,24TH BLVD,1033,,,,,,,2,"REPORTED, NOT EVIDENT",2,0,0,0,2,0,0,14,6,7,41.84777294,-87.6954631,POINT (-87.695463098414 41.847772936871)
25494009d51cb37540498b3de869653a8456f8bbce9217130fe933b738c32bc22e6cb1f8d720a46f705cb56c4d3f642a309843185decf53813e3403beaef859d,JG341117,,7/14/2023 14:55,30,NO CONTROLS,NO CONTROLS,CLEAR,DAYLIGHT,PARKED MOTOR VEHICLE,NOT DIVIDED,,STRAIGHT AND LEVEL,DRY,NO DEFECTS,NOT ON SCENE (DESK REPORT),NO INJURY / DRIVE AWAY,,,,$500 OR LESS,7/14/2023 17:30,"VISION OBSCURED (SIGNS, TREE LIMBS, BUILDINGS, ETC.)",DRIVING SKILLS/KNOWLEDGE/EXPERIENCE,3217,W,MONTROSE AVE,1724,,,,,,,2,NO INDICATION OF INJURY,0,0,0,0,0,1,0,14,6,7,41.96107,-87.70898508,POINT (-87.708985081162 41.961070000639)
261ca7988e048ec13c9f31ae08e570483044d10ab2e0d59d8926eb70c7e26c54405d9cfd71d921debc307463be5a5a862df8d5c3275b4faef53e734a75b0d91e,JG341449,,7/14/2023 22:49,30,TRAFFIC SIGNAL,FUNCTIONING PROPERLY,RAIN,"DARKNESS, LIGHTED ROAD",FIXED OBJECT,FOUR WAY,,STRAIGHT AND LEVEL,WET,NO DEFECTS,ON SCENE,INJURY AND / OR TOW DUE TO CRASH,,,,"OVER $1,500",7/14/2023 22:49,UNABLE TO DETERMINE,NOT APPLICABLE,7900,S,STONY ISLAND AVE,411,,,,,,,1,NONINCAPACITATING INJURY,2,0,0,2,0,0,0,22,6,7,41.7514606,-87.58597199,POINT (-87.585971992965 41.751460603167)
26f4ea0241dc5b5cd199a27e89b90ccb12cf179acacd85f063c1066609be5c495852e087a5110205e54a29d9020f6b2ea8e05c07e6c1436c2818f92c92249144,JG340900,,7/14/2023 14:02,30,NO CONTROLS,NO CONTROLS,CLEAR,DAYLIGHT,TURNING,NOT DIVIDED,,STRAIGHT AND LEVEL,DRY,NO DEFECTS,ON SCENE,NO INJURY / DRIVE AWAY,,,,"OVER $1,500",7/14/2023 15:40,FAILING TO YIELD RIGHT-OF-WAY,NOT APPLICABLE,4811,W,DIVISION ST,1531,,,,,,,2,NO INDICATION OF INJURY,0,0,0,0,0,2,0,14,6,7,41.90223667,-87.7464773,POINT (-87.746477298005 41.902236665593)