CRASH_RECORD_ID,RD_NO,CRASH_DATE_EST_I,CRASH_DATE,POSTED_SPEED_LIMIT,TRAFFIC_CONTROL_DEVICE,DEVICE_CONDITION,WEATHER_CONDITION,LIGHTING_CONDITION,FIRST_CRASH_TYPE,TRAFFICWAY_TYPE,LANE_CNT,ALIGNMENT,ROADWAY_SURFACE_COND,ROAD_DEFECT,REPORT_TYPE,CRASH_TYPE,INTERSECTION_RELATED_I,NOT_RIGHT_OF_WAY_I,HIT_AND_RUN_I,DAMAGE,DATE_POLICE_NOTIFIED,PRIM_CONTRIBUTORY_CAUSE,SEC_CONTRIBUTORY_CAUSE,STREET_NO,STREET_DIRECTION,STREET_NAME,BEAT_OF_OCCURRENCE,PHOTOS_TAKEN_I,STATEMENTS_TAKEN_I,DOORING_I,WORK_ZONE_I,WORK_ZONE_TYPE,WORKERS_PRESENT_I,NUM_UNITS,MOST_SEVERE_INJURY,INJURIES_TOTAL,INJURIES_FATAL,INJURIES_INCAPACITATING,INJURIES_NON_INCAPACITATING,INJURIES_REPORTED_NOT_EVIDENT,INJURIES_NO_INDICATION,INJURIES_UNKNOWN,CRASH_HOUR,CRASH_DAY_OF_WEEK,CRASH_MONTH,LATITUDE,LONGITUDE,LOCATION
276bc0543c5d0559a7f32a05deb6edb0e5ecabfdead649761f662d2025868931c6459d50d449c62eb2d5a0019a1a849e63b1e2bdf0d2aef09d140cdb119cd267,JG340170,,7/14/2023 0:55,30,TRAFFIC SIGNAL,FUNCTIONING PROPERLY,CLEAR,"DARKNESS, LIGHTED ROAD",ANGLE,FOUR WAY,,STRAIGHT AND LEVEL,DRY,NO DEFECTS,NOT ON SCENE (DESK REPORT),NO INJURY / DRIVE AWAY,,,Y,$500 OR LESS,7/14/2023 0:56,DISREGARDING TRAFFIC SIGNALS,NOT APPLICABLE,4400,W,JACKSON BLVD,1113,,,,,,,2,NO INDICATION OF INJURY,0,0,0,0,0,5,0,0,6,7,41.87707459,-87.73547397,POINT (-87.735473968311 41.877074587616)
27b5f945deeb38c9ee7a3e6105ba855673cf560c747f4d9498cae60fd54100539392d92e72b5de6d41ff2876ad2fc22fd6a7b75196257206cb95cf7921104bcd,JG341355,,7/14/2023 17:30,30,TRAFFIC SIGNAL,FUNCTIONING PROPERLY,CLEAR,DUSK,REAR TO FRONT,NOT DIVIDED,,STRAIGHT AND LEVEL,UNKNOWN,UNKNOWN,NOT ON SCENE (DESK REPORT),NO INJURY / DRIVE AWAY,Y,,Y,"OVER $1,500",7/14/2023 21:43,IMPROPER BACKING,NOT APPLICABLE,2640,N,CLARK ST,1935,,,,,,,2,NO INDICATION OF INJURY,0,0,0,0,0,2,0,17,6,7,41.93062311,-87.64401134,POINT (-87.64401133488 41.93062310818)
2807119fcf977c2c62628dbfbc23c3a3d71ace2d15fe9e2f484a6ac565048de4fd9f5a2f42087abac1d794274ff677212529f7b9f0723867a1cbc3c508f9a484,JG341497,,7/14/2023 23:00,45,NO CONTROLS,NO CONTROLS,RAIN,"DARKNESS, LIGHTED ROAD",REAR END,RAMP,,STRAIGHT ON GRADE,WET,NO DEFECTS,ON SCENE,NO INJURY / DRIVE AWAY,,,,"$501 - $1,500",7/14/2023 23:04,FOLLOWING TOO CLOSELY,"OPERATING VEHICLE IN ERRATIC, RECKLESS, CARELESS, NEGLIGENT OR AGGRESSIVE MANNER",953,S,DAN RYAN EXPY OB,1232,,,,,,,2,NO INDICATION OF INJURY,0,0,0,0,0,3,0,23,6,7,41.86972652,-87.64490241,POINT (-87.644902405723 41.869726517776)
28c6aac3f7e9a31d42801240243d965bd03e8e560cff3bfbe82150edf9102f4e7a1d676a7deb14cd8fd7dadd797012a4a1179319d9cd9233506b83b1df9404ba,JG340677,,7/14/2023 12:12,30,STOP SIGN/FLASHER,FUNCTIONING PROPERLY,CLEAR,DAYLIGHT,PEDESTRIAN,ONE-WAY,,STRAIGHT AND LEVEL,DRY,NO DEFECTS,ON SCENE,INJURY AND / OR TOW DUE TO CRASH,Y,,Y,"OVER $1,500",7/14/2023 12:16,FAILING TO YIELD RIGHT-OF-WAY,FAILING TO YIELD RIGHT-OF-WAY,3000,W,GRANVILLE AVE,2413,,,,,,,2,INCAPACITATING INJURY,1,0,1,0,0,1,0,12,6,7,41.99400482,-87.70445928,POINT (-87.704459283864 41.994004824174)
2927c54963e153da2ad92021e728b4c43dd0a24ee79599de8dbfe461e2569b276ad722d078de18d661659aa99bd6a9dafd6e0b3ea34545c2aeb9fd4645d87f56,JG340968,,7/14/2023 14:30,30,NO CONTROLS,NO CONTROLS,CLEAR,DAYLIGHT,TURNING,NOT DIVIDED,,STRAIGHT AND LEVEL,DRY,NO DEFECTS,NOT ON SCENE (DESK REPORT),NO INJURY / DRIVE AWAY,,,,"OVER $1,500",7/14/2023 16:29,"VISION OBSCURED (SIGNS, TREE LIMBS, BUILDINGS, ETC.)",UNABLE TO DETERMINE,829,W,MONTROSE AVE,1915,,,,,,,2,NO INDICATION OF INJURY,0,0,0,0,0,2,0,14,6,7,41.96171567,-87.6511208,POINT (-87.651120794757 41.961715668908)
2ae5fcf9c7b69fccaf2625ed634608c4fce3a5a5da29dd2010e66d80c2870e76c8494f648d2955ff714b0ed592027808322c61df313f0ccb18abaec8a038420a,JG340483,,7/14/2023 10:14,30,TRAFFIC SIGNAL,FUNCTIONING PROPERLY,CLEAR,DAYLIGHT,FIXED OBJECT,CENTER TURN LANE,,STRAIGHT AND LEVEL,DRY,NO DEFECTS,ON SCENE,INJURY AND / OR TOW DUE TO CRASH,Y,,,"OVER $1,500",7/14/2023 10:14,UNABLE TO DETERMINE,NOT APPLICABLE,116,W,CERMAK RD,131,,,,,,,1,NO INDICATION OF INJURY,0,0,0,0,0,1,0,10,6,7,41.85298708,-87.63002661,POINT (-87.630026613318 41.85298707906)
2b1cc06a99d0dec22a5fb5934f424380286fa526cbf6d56a3a8cd47173350666eab6cc66a6823c9516097b52f38a2d57fdc59e70ac8d0e9fb503ff021bc5cd54,JG341321,N,7/14/2023 17:30,30,NO CONTROLS,NO CONTROLS,CLEAR,DAYLIGHT,PARKED MOTOR VEHICLE,ONE-WAY,,STRAIGHT AND LEVEL,DRY,NO DEFECTS,NOT ON SCENE (DESK REPORT),NO INJURY / DRIVE AWAY,,,Y,$500 OR LESS,7/14/2023 20:45,UNABLE TO DETERMINE,UNABLE TO DETERMINE,3906,N,ALBANY AVE,1733,,,,,,,2,NO INDICATION OF INJURY,0,0,0,0,0,1,0,17,6,7,41.95238459,-87.70567509,POINT (-87.705675088729 41.952384589906)
2c1f81779d1c1912f728ee1faaaeccf59de7d548b5d505f10336a9531bf491bb7b0a5e55193397ec5554d3171ee549a42a25d118107de358e5b401cfcecbd2ed,JG341029,Y,7/14/2023 12:00,30,NO CONTROLS,NO CONTROLS,CLEAR,DAYLIGHT,PARKED MOTOR VEHICLE,NOT DIVIDED,,STRAIGHT AND LEVEL,DRY,NO DEFECTS,ON SCENE,INJURY AND / OR TOW DUE TO CRASH,,,Y,"OVER $1,500",7/14/2023 14:46,NOT APPLICABLE,NOT APPLICABLE,1810,W,ARMITAGE AVE,1432,,,,,,,2,NO INDICATION OF INJURY,0,0,0,0,0,1,0,12,6,7,41.91795048,-87.67324631,POINT (-87.67324631105 41.917950482732)
2c50e5eb5e893d40363e1a313c506b0dc6bd067642ad809ff49240b7136f07ac2ab91ac15ce99a931d93185352eb882440a218fc3a16a0a1bbca412ba65efd0b,JG341073,,7/14/2023 16:45,30,NO CONTROLS,NO CONTROLS,CLEAR,DAYLIGHT,SIDESWIPE SAME DIRECTION,DIVIDED - W/MEDIAN (NOT RAISED),,STRAIGHT AND LEVEL,DRY,NO DEFECTS,NOT ON SCENE (DESK REPORT),NO INJURY / DRIVE AWAY,,,,"OVER $1,500",7/14/2023 18:15,UNABLE TO DETERMINE,NOT APPLICABLE,358,W,95TH ST,634,,,,,,,2,NO INDICATION OF INJURY,0,0,0,0,0,2,0,16,6,7,41.72170263,-87.63347621,POINT (-87.633476213241 41.721702630212)
2cf445c5ede0c268ddf85df2184c33f46cf95ac3bad46184c061a4c14c62c8ebfb831c61ba898fb1c0b1c79543a907fd5dc07012ac9c4f507928289845fa924a,JG340860,,7/14/2023 15:10,30,NO CONTROLS,NO CONTROLS,CLEAR,DAYLIGHT,PEDALCYCLIST,ONE-WAY,,STRAIGHT AND LEVEL,DRY,NO DEFECTS,,NO INJURY / DRIVE AWAY,,,,$500 OR LESS,7/14/2023 15:12,DRIVING SKILLS/KNOWLEDGE/EXPERIENCE,NOT APPLICABLE,1549,N,LEAVITT ST,1424,,,,,,,2,NO INDICATION OF INJURY,0,0,0,0,0,2,0,15,6,7,41.91004513,-87.68218951,POINT (-87.682189505355 41.910045124648)
2d3205767890aca693375d48800f3c10d5186801f19da3e69dec1d4ac071bc3cf55fbe2e7d72a6dcb43f6913b5d9bb222a6ee089c2a530b43ae5f5eee4effa6e,JG340977,,7/14/2023 16:00,35,NO CONTROLS,NO CONTROLS,UNKNOWN,UNKNOWN,PARKED MOTOR VEHICLE,ONE-WAY,,STRAIGHT AND LEVEL,UNKNOWN,UNKNOWN,ON SCENE,NO INJURY / DRIVE AWAY,,,Y,"OVER $1,500",7/14/2023 16:09,UNABLE TO DETERMINE,UNABLE TO DETERMINE,1258,S,INDEPENDENCE BLVD,1011,,,,,,,2,NO INDICATION OF INJURY,0,0,0,0,0,1,0,16,6,7,41.86449715,-87.72021097,POINT (-87.720210970832 41.864497148199)
2df2f2cdb343a9c1814cbfd0fd2535209c87991a68dcd593d9451c5cab6a7405aeaaabe4fd5d2adec2f73caf4ea7474a738ba6f8452351df6e31d7c855ab1e9f,JG341018,,7/14/2023 16:30,30,STOP SIGN/FLASHER,FUNCTIONING PROPERLY,CLEAR,DAYLIGHT,TURNING,T-INTERSECTION,,STRAIGHT AND LEVEL,DRY,NO DEFECTS,ON SCENE,NO INJURY / DRIVE AWAY,Y,,,"OVER $1,500",7/14/2023 16:49,FAILING TO YIELD RIGHT-OF-WAY,FAILING TO YIELD RIGHT-OF-WAY,934,W,119TH ST,524,,,,,,,2,NO INDICATION OF INJURY,0,0,0,0,0,2,0,16,6,7,41.67787203,-87.64569256,POINT (-87.645692560655 41.677872033591)
2dd14b8824f11e74a76794fd9c0aba4ea0810baa8b240cc645954b5038f7c9599c9997ed4d6397f57a790d7401be3330c5f3b3a0b0ce89ed6c3285f54154dc78,JD235101,,5/17/2020 15:30,30,NO CONTROLS,NO CONTROLS,RAIN,DAYLIGHT,REAR END,NOT DIVIDED,,STRAIGHT AND LEVEL,WET,NO DEFECTS,,NO INJURY / DRIVE AWAY,,,Y,"$501 - $1,500",5/17/2020 16:42,UNABLE TO DETERMINE,UNABLE TO DETERMINE,13000,S,INDIANA AVE,533,,,,,,,2,NO INDICATION OF INJURY,0,0,0,0,0,2,0,15,1,5,41.65900922,-87.61744791,POINT (-87.617447906473 41.659009215787)
2e8f24a2d05a9a4646461d2116353a6cfaa21d3c3794fedb85c3fcccbbf66a926f3c04cc68ed448b3b807b1214543f024af565923f6e6050e959f0d53430be38,JG342054,,7/14/2023 22:00,30,NO CONTROLS,NO CONTROLS,CLEAR,DARKNESS,PARKED MOTOR VEHICLE,ONE-WAY,,STRAIGHT AND LEVEL,DRY,NO DEFECTS,NOT ON SCENE (DESK REPORT),NO INJURY / DRIVE AWAY,,,Y,"OVER $1,500",7/15/2023 12:55,NOT APPLICABLE,NOT APPLICABLE,2525,N,NEVA AVE,2512,,,,,,,2,NO INDICATION OF INJURY,0,0,0,0,0,1,0,22,6,7,41.9261009,-87.80496072,POINT (-87.80496071671 41.926100897127)
2f7b7d27122087c2da8c922e08edb59434334b2189385feb073e88c9236b342a04c2805e62c40c060b338ce453c7d1293a2f46718d34be8856adf02326508435,JG341698,,7/14/2023 23:00,30,NO CONTROLS,NO CONTROLS,RAIN,"DARKNESS, LIGHTED ROAD",TURNING,NOT DIVIDED,,STRAIGHT AND LEVEL,WET,NO DEFECTS,NOT ON SCENE (DESK REPORT),NO INJURY / DRIVE AWAY,,,,"OVER $1,500",7/15/2023 7:30,IMPROPER TURNING/NO SIGNAL,NOT APPLICABLE,6311,N,MILWAUKEE AVE,1611,,,,,,,2,NO INDICATION OF INJURY,0,0,0,0,0,2,0,23,6,7,41.99549377,-87.7859395,POINT (-87.785939498087 41.995493770169)
2fa3ca58aeec9895006ebf56ca13fd9ea85a8203cefaca89f76fba95db7995e0d09e0f8af5fe99dbdb55ae625d271c13d3c32cf67f3028bcce7d8bcc60f99eb6,JG340797,,7/14/2023 14:30,30,NO CONTROLS,NO CONTROLS,CLEAR,DAYLIGHT,ANGLE,NOT DIVIDED,,STRAIGHT AND LEVEL,DRY,UNKNOWN,NOT ON SCENE (DESK REPORT),NO INJURY / DRIVE AWAY,,,,"OVER $1,500",7/14/2023 14:32,NOT APPLICABLE,FAILING TO YIELD RIGHT-OF-WAY,4632,W,WASHINGTON BLVD,1113,,,,,,,2,NO INDICATION OF INJURY,0,0,0,0,0,3,0,14,6,7,41.88196958,-87.74153627,POINT (-87.741536271776 41.881969575223)
307401e278a6ea02137273c540f71d4c28e7a4f6728f95acee454d828067ea49395660ef7dce4d1437f804e943282a608088c8dc6c61bc2960699305d9029578,JG340822,,7/14/2023 14:00,30,STOP SIGN/FLASHER,FUNCTIONING PROPERLY,CLEAR,DAYLIGHT,ANGLE,NOT DIVIDED,,STRAIGHT AND LEVEL,DRY,NO DEFECTS,NOT ON SCENE (DESK REPORT),INJURY AND / OR TOW DUE TO CRASH,Y,,,"OVER $1,500",7/14/2023 15:00,UNABLE TO DETERMINE,UNABLE TO DETERMINE,5100,W,JACKSON BLVD,1533,,,,,,,2,INCAPACITATING INJURY,1,0,1,0,0,1,0,14,6,7,41.87678696,-87.75349441,POINT (-87.753494410747 41.876786958018)
3110d1a3c44a8d54f89ca2433561e61ae22dff6443305b3b5c0c8e4330d54d46f6f2a35b2527ab400123a70fce02642f38bff3c7b8e6b768bea47c848d9391ec,JG340981,,7/14/2023 16:15,30,TRAFFIC SIGNAL,FUNCTIONING PROPERLY,CLEAR,DAYLIGHT,SIDESWIPE SAME DIRECTION,FOUR WAY,,STRAIGHT AND LEVEL,DRY,NO DEFECTS,ON SCENE,INJURY AND / OR TOW DUE TO CRASH,,,Y,"OVER $1,500",7/14/2023 16:24,IMPROPER OVERTAKING/PASSING,UNABLE TO DETERMINE,4499,W,LAKE ST,1113,,,,,,,2,NO INDICATION OF INJURY,0,0,0,0,0,5,0,16,6,7,41.88605105,-87.7379963,POINT (-87.737996294516 41.886051047565)
31c4790e06d5b8574526dc464eb56adf2a77631f9699b57ba6e6e7269e0753ac70d3cb4d93752dac66e96f7551686272f91dd42b2b305e4229c094903d1313cc,JG341425,N,7/14/2023 20:15,30,NO CONTROLS,NO CONTROLS,RAIN,"DARKNESS, LIGHTED ROAD",PARKED MOTOR VEHICLE,PARKING LOT,,STRAIGHT AND LEVEL,WET,NO DEFECTS,ON SCENE,NO INJURY / DRIVE AWAY,,,Y,"OVER $1,500",7/14/2023 22:11,UNABLE TO DETERMINE,NOT APPLICABLE,616,W,OHARE ST,1654,,,,,,,2,NO INDICATION OF INJURY,0,0,0,0,0,1,0,20,6,7,,,
31d8dff5440fd9874913f4be5d4135d4683dba55749d5bb9c5b82710ebd3e00083d5c140138162af72fe2233f47d944bdf299bfa62f9120ba6427dd220879a70,JG341729,,7/15/2023 0:00,15,NO CONTROLS,NO CONTROLS,CLOUDY/OVERCAST,DAYLIGHT,PARKED MOTOR VEHICLE,ONE-WAY,,STRAIGHT AND LEVEL,DRY,UNKNOWN,ON SCENE,NO INJURY / DRIVE AWAY,,,Y,"OVER $1,500",7/15/2023 8:13,"OPERATING VEHICLE IN ERRATIC, RECKLESS, CARELESS, NEGLIGENT OR AGGRESSIVE MANNER",IMPROPER BACKING,1348,N,KEELER AVE,2534,,,,,,,2,NO INDICATION OF INJURY,0,0,0,0,0,1,0,0,7,7,41.90585321,-87.73146085,POINT (-87.731460852673 41.905853204935)
3208144171a7fbaffda2903e1ca0ea2dc3151082583d058684356a09aa01e360745227f99dc4dffd109703e4b4407892088f19cd6b23edd5973c74f203f1d7e7,JG340415,,7/14/2023 8:35,30,NO CONTROLS,NO CONTROLS,CLEAR,DAYLIGHT,PARKED MOTOR VEHICLE,PARKING LOT,,STRAIGHT AND LEVEL,DRY,NO DEFECTS,NOT ON SCENE (DESK REPORT),NO INJURY / DRIVE AWAY,,,,"OVER $1,500",7/14/2023 9:49,UNABLE TO DETERMINE,UNABLE TO DETERMINE,1,E,83RD ST,632,,,,,,,2,NO INDICATION OF INJURY,0,0,0,0,0,1,0,8,6,7,41.74354676,-87.62425219,POINT (-87.624252185934 41.743546757867)
327283886d0bbf0ba64a9226670ac9f3d10764bb0da51f1ee5be345a5051536e0af71b90dfeedccac939f41cb93aa1497c78b0552130b86b4f67661dc3f4ed58,JG341520,,7/14/2023 22:30,35,TRAFFIC SIGNAL,FUNCTIONING PROPERLY,CLEAR,"DARKNESS, LIGHTED ROAD",OTHER OBJECT,NOT DIVIDED,,STRAIGHT AND LEVEL,DRY,NO DEFECTS,NOT ON SCENE (DESK REPORT),INJURY AND / OR TOW DUE TO CRASH,,,,"OVER $1,500",7/15/2023 0:35,DRIVING SKILLS/KNOWLEDGE/EXPERIENCE,UNABLE TO DETERMINE,10532,S,AVENUE B,432,,,,,,,1,"REPORTED, NOT EVIDENT",2,0,0,0,2,3,0,22,6,7,41.70353243,-87.52666538,POINT (-87.526665381648 41.703532429457)
32a2600aae8b0fed6a9e87a73e65acd89b2d0bb8b17bc545ee9c1657acaaa806b94d49d8f98b0ac25e9645abda743b4f4ff39d29f646fe72804335ab93b4020d,JG340639,,7/14/2023 11:40,30,NO CONTROLS,NO CONTROLS,CLEAR,DAYLIGHT,REAR END,NOT DIVIDED,,STRAIGHT AND LEVEL,DRY,NO DEFECTS,NOT ON SCENE (DESK REPORT),NO INJURY / DRIVE AWAY,,,Y,"OVER $1,500",7/14/2023 12:25,IMPROPER OVERTAKING/PASSING,UNABLE TO DETERMINE,6000,S,PULASKI RD,813,,,,,,,2,NO INDICATION OF INJURY,0,0,0,0,0,2,0,11,6,7,41.78406742,-87.72305912,POINT (-87.723059120362 41.784067420797)
3142476de63768d725daa94d92382c40aa2ee049c7b1387c46d8c3bba6a3578f2ee597bb084a690d7a4a2c105b5ce0013bbc61c23d8a85ab25a5f424ae2bf071,JD118904,,1/16/2020 9:00,30,NO CONTROLS,NO CONTROLS,CLEAR,DAYLIGHT,PARKED MOTOR VEHICLE,PARKING LOT,,STRAIGHT AND LEVEL,DRY,NO DEFECTS,,NO INJURY / DRIVE AWAY,,,Y,"OVER $1,500",1/17/2020 10:45,IMPROPER BACKING,UNABLE TO DETERMINE,820,S,DAMEN AVE,1225,,,,,,,2,NO INDICATION OF INJURY,0,0,0,0,0,1,0,9,5,1,41.8708895,-87.67651265,POINT (-87.676512650226 41.870889496052)
33abce381114b17495a77b1ff3e030acf693677599547981d78f0ae0194a9cac32fdc91471163232ed90410dd9dd947e55a687c10b8e800f0edf97546112ce9e,JG340407,,7/14/2023 9:20,30,TRAFFIC SIGNAL,FUNCTIONING PROPERLY,CLEAR,DAYLIGHT,REAR END,DIVIDED - W/MEDIAN (NOT RAISED),,STRAIGHT AND LEVEL,DRY,UNKNOWN,NOT ON SCENE (DESK REPORT),NO INJURY / DRIVE AWAY,,,,"OVER $1,500",7/14/2023 9:35,FOLLOWING TOO CLOSELY,UNABLE TO DETERMINE,4457,N,PULASKI RD,1723,,,,,,,2,NO INDICATION OF INJURY,0,0,0,0,0,2,0,9,6,7,41.96261197,-87.72772472,POINT (-87.727724720076 41.962611965406)
33c9fb4f104d9f382751dd7d49429f96a437a6fd313beb09fbd6e762d5e8c7f164f227842ac5b2bf4787c5ee1a50cbbed0b2a9347eb4f1d90a038528db5c57a7,JG342376,,7/14/2023 15:00,30,TRAFFIC SIGNAL,FUNCTIONING PROPERLY,CLEAR,DAYLIGHT,REAR TO FRONT,DIVIDED - W/MEDIAN (NOT RAISED),,STRAIGHT AND LEVEL,DRY,NO DEFECTS,NOT ON SCENE (DESK REPORT),NO INJURY / DRIVE AWAY,,,,"$501 - $1,500",7/15/2023 17:00,IMPROPER BACKING,UNABLE TO DETERMINE,2800,N,SHERIDAN RD,1934,,,,,,,2,NO INDICATION OF INJURY,0,0,0,0,0,2,0,15,6,7,41.93298718,-87.63946725,POINT (-87.639467252266 41.932987177105)
3471d66cede280bbba45aba1b692b6e3defd1feb29efdd07b3004724a2f7c5a945e3fbdf700ce6f792fc64da8264a521b9e4a931f79770b3da81e439cfd06cd3,JG340221,,7/14/2023 4:15,30,NO CONTROLS,NO CONTROLS,CLEAR,"DARKNESS, LIGHTED ROAD",PARKED MOTOR VEHICLE,ONE-WAY,,STRAIGHT AND LEVEL,DRY,NO DEFECTS,ON SCENE,INJURY AND / OR TOW DUE TO CRASH,,,,"OVER $1,500",7/14/2023 4:21,UNABLE TO DETERMINE,UNABLE TO DETERMINE,3737,W,AINSLIE ST,1712,,,,,,,3,NONINCAPACITATING INJURY,1,0,0,1,0,0,0,4,6,7,41.97001876,-87.72219582,POINT (-87.722195816971 41.970018764172)
35d16b7eb9650cdfa4d755f7fe1efa8917f73add4d6123786c6d325118281f12eeb9ca4d3e57990098636b014ed413e2b92c8f2fef7cee883402dc09f0514fa2,JG340284,Y,7/14/2023 6:30,30,NO CONTROLS,NO CONTROLS,CLEAR,DAYLIGHT,REAR END,NOT DIVIDED,,STRAIGHT AND LEVEL,DRY,NO DEFECTS,NOT ON SCENE (DESK REPORT),NO INJURY / DRIVE AWAY,,,,"OVER $1,500",7/14/2023 6:45,FOLLOWING TOO CLOSELY,FOLLOWING TOO CLOSELY,3150,W,DEVON AVE,2412,,,,,,,2,NO INDICATION OF INJURY,0,0,0,0,0,2,0,6,6,7,41.99750515,-87.70896111,POINT (-87.708961112687 41.997505153109)
36d2fa4aec3044aa4f529239e3bbb0d94779295d024af321aff0a84732c59eb4e1d3547469dd340278ae7aef23c3b11177a598a3c1680bdbc6963570247020d6,JG341481,,7/14/2023 23:40,30,NO CONTROLS,NO CONTROLS,RAIN,"DARKNESS, LIGHTED ROAD",PARKED MOTOR VEHICLE,ONE-WAY,,STRAIGHT AND LEVEL,DRY,NO DEFECTS,ON SCENE,INJURY AND / OR TOW DUE TO CRASH,,,Y,"OVER $1,500",7/14/2023 23:54,UNABLE TO DETERMINE,UNABLE TO DETERMINE,5432,S,SPAULDING AVE,822,,,,,,,3,NO INDICATION OF INJURY,0,0,0,0,0,1,0,23,6,7,41.79430481,-87.70617209,POINT (-87.706172093614 41.794304810296)
37902d346b1a0eb2c265056ee9413627edcdf309d67731e8e4561fa3c304579603958a0a0bbe690205b39b341c224a147126a534151cec6fbc8a8e13e30f6ca5,JG345697,Y,7/14/2023 14:10,20,TRAFFIC SIGNAL,FUNCTIONING PROPERLY,CLEAR,DAYLIGHT,REAR TO FRONT,DIVIDED - W/MEDIAN (NOT RAISED),,STRAIGHT AND LEVEL,DRY,NO DEFECTS,NOT ON SCENE (DESK REPORT),NO INJURY / DRIVE AWAY,,,,"OVER $1,500",7/18/2023 8:30,NOT APPLICABLE,NOT APPLICABLE,1602,W,MONROE ST,1224,,,,,,,2,NO INDICATION OF INJURY,0,0,0,0,0,2,0,14,6,7,41.88027523,-87.66695797,POINT (-87.666957972131 41.880275225697)
37d614b4607f791905ae29990f2000f6321199ac257a9603d82ed870dd0a6551a4705164d2e44e28544b703da13b55b4faf489bf84c976835669909198313002,JG340855,,7/14/2023 14:17,30,TRAFFIC SIGNAL,FUNCTIONING PROPERLY,CLEAR,DAYLIGHT,TURNING,DIVIDED - W/MEDIAN (NOT RAISED),,STRAIGHT AND LEVEL,DRY,NO DEFECTS,ON SCENE,NO INJURY / DRIVE AWAY,,,,"OVER $1,500",7/14/2023 14:40,UNABLE TO DETERMINE,UNABLE TO DETERMINE,2400,W,BELMONT AVE,1921,,,,,,,2,NO INDICATION OF INJURY,0,0,0,0,0,2,0,14,6,7,41.93957041,-87.68810786,POINT (-87.688107859742 41.939570411675)
38b58fe510e22208c293ffac85b647fb937e01888c98fe7e433f64c89d82e5e8be908fcef1bcbbc1604feeb583dad3520c301de78e76bc5a795f66ad7b459de3,JG340421,,7/14/2023 8:00,30,UNKNOWN,UNKNOWN,CLOUDY/OVERCAST,DAYLIGHT,PEDALCYCLIST,UNKNOWN,,STRAIGHT AND LEVEL,UNKNOWN,UNKNOWN,NOT ON SCENE (DESK REPORT),NO INJURY / DRIVE AWAY,,,,"$501 - $1,500",7/14/2023 9:30,UNABLE TO DETERMINE,NOT APPLICABLE,1955,W,WINNEMAC AVE,2032,,,,,,,2,NO INDICATION OF INJURY,0,0,0,0,0,2,0,8,6,7,41.97315953,-87.67847299,POINT (-87.678472990075 41.973159526785)
3aa0e80452d75912da120692b3a194b879098a0cfd9c51be4a7f7cc4c123b634ef69d384897d7cb51e20ba400490bd61b40fdd79b183b1d227d9f2c9d0a42e87,JG340818,,7/14/2023 13:21,15,TRAFFIC SIGNAL,FUNCTIONING PROPERLY,CLEAR,DAYLIGHT,REAR END,NOT DIVIDED,,STRAIGHT AND LEVEL,DRY,NO DEFECTS,NOT ON SCENE (DESK REPORT),NO INJURY / DRIVE AWAY,,,,"OVER $1,500",7/14/2023 14:30,FOLLOWING TOO CLOSELY,FOLLOWING TOO CLOSELY,4298,S,CICERO AVE,814,,,,,,,2,NO INDICATION OF INJURY,0,0,0,0,0,2,0,13,6,7,41.8150066,-87.7435068,POINT (-87.743506800978 41.815006599191)
3b6f97bb41f64acd60015a9921c8726e479367dacf7ba6c944ca83d5210ff4125fdb17d1d70d355b74c867292f17baa04ed280f8dce5997f0696d287635fa736,JG344227,Y,7/14/2023 12:30,30,NO CONTROLS,NO CONTROLS,UNKNOWN,DAYLIGHT,SIDESWIPE SAME DIRECTION,NOT DIVIDED,,STRAIGHT AND LEVEL,UNKNOWN,NO DEFECTS,NOT ON SCENE (DESK REPORT),NO INJURY / DRIVE AWAY,,,,"$501 - $1,500",7/17/2023 7:50,IMPROPER OVERTAKING/PASSING,IMPROPER LANE USAGE,7432,W,TOUHY AVE,1611,,,,,,,2,NO INDICATION OF INJURY,0,0,0,0,0,3,0,12,6,7,42.01166177,-87.81278143,POINT (-87.812781431141 42.011661765073)
3c1ff1f192d8ec216ca065714451c6bef0aefa7c1ceb8fa4533db3dd5aab3c83fdd998a869e064ca8dcaea18cb18cfdc4020f679917e8a60b9083338a579f80d,JG340505,Y,7/14/2023 9:00,15,NO CONTROLS,NO CONTROLS,CLEAR,DAYLIGHT,PARKED MOTOR VEHICLE,PARKING LOT,,STRAIGHT AND LEVEL,DRY,NO DEFECTS,NOT ON SCENE (DESK REPORT),NO INJURY / DRIVE AWAY,,Y,,"$501 - $1,500",7/14/2023 10:50,FAILING TO YIELD RIGHT-OF-WAY,FOLLOWING TOO CLOSELY,3026,S,HALSTED ST,913,,,,,,,2,NO INDICATION OF INJURY,0,0,0,0,0,1,0,9,6,7,41.83903739,-87.64644898,POINT (-87.646448983339 41.839037392077)