CRASH_RECORD_ID,RD_NO,CRASH_DATE_EST_I,CRASH_DATE,POSTED_SPEED_LIMIT,TRAFFIC_CONTROL_DEVICE,DEVICE_CONDITION,WEATHER_CONDITION,LIGHTING_CONDITION,FIRST_CRASH_TYPE,TRAFFICWAY_TYPE,LANE_CNT,ALIGNMENT,ROADWAY_SURFACE_COND,ROAD_DEFECT,REPORT_TYPE,CRASH_TYPE,INTERSECTION_RELATED_I,NOT_RIGHT_OF_WAY_I,HIT_AND_RUN_I,DAMAGE,DATE_POLICE_NOTIFIED,PRIM_CONTRIBUTORY_CAUSE,SEC_CONTRIBUTORY_CAUSE,STREET_NO,STREET_DIRECTION,STREET_NAME,BEAT_OF_OCCURRENCE,PHOTOS_TAKEN_I,STATEMENTS_TAKEN_I,DOORING_I,WORK_ZONE_I,WORK_ZONE_TYPE,WORKERS_PRESENT_I,NUM_UNITS,MOST_SEVERE_INJURY,INJURIES_TOTAL,INJURIES_FATAL,INJURIES_INCAPACITATING,INJURIES_NON_INCAPACITATING,INJURIES_REPORTED_NOT_EVIDENT,INJURIES_NO_INDICATION,INJURIES_UNKNOWN,CRASH_HOUR,CRASH_DAY_OF_WEEK,CRASH_MONTH,LATITUDE,LONGITUDE,LOCATION
3c448f3389d0a49e670fa8c128af1c240b7656deac3402b34627a2fae865377b29b8fb35360145fd9d84c7fbc3a64f6543b35dce2acbce78c3b152d8523c880b,JG341060,,7/14/2023 16:30,30,NO CONTROLS,NO CONTROLS,CLEAR,DAYLIGHT,SIDESWIPE SAME DIRECTION,UNKNOWN,,STRAIGHT AND LEVEL,UNKNOWN,UNKNOWN,NOT ON SCENE (DESK REPORT),NO INJURY / DRIVE AWAY,,,Y,"$501 - $1,500",7/14/2023 17:00,UNABLE TO DETERMINE,NOT APPLICABLE,1744,N,KEATING AVE,2533,,,,,,,2,NO INDICATION OF INJURY,0,0,0,0,0,2,0,16,6,7,41.91278362,-87.74490661,POINT (-87.744906611641 41.91278361471)
3cc6a86c1c94e7024dd99c86b11f23ec06ddf081c78794e6526735b15b478bc6bd9c2d44479a8089376fe1fd3055e68aae5acf093e661830d8ea286acf8f9576,JG340203,Y,7/14/2023 3:00,25,NO CONTROLS,NO CONTROLS,CLEAR,"DARKNESS, LIGHTED ROAD",PARKED MOTOR VEHICLE,NOT DIVIDED,,STRAIGHT AND LEVEL,DRY,NO DEFECTS,ON SCENE,INJURY AND / OR TOW DUE TO CRASH,,,Y,"OVER $1,500",7/14/2023 3:08,UNABLE TO DETERMINE,UNABLE TO DETERMINE,4320,W,WABANSIA AVE,2534,,,,,,,4,NO INDICATION OF INJURY,0,0,0,0,0,1,0,3,6,7,41.91171084,-87.73455946,POINT (-87.734559458535 41.911710839671)
3dbfc75976bc7f58c625b49eefd8ec1415ca7d5ca2fd419346b2b7c4930a3d2f59f1162672a6dc3cdc22ad0f0c7269fa0fc80e64f814a9ab93d22ade79b58d7c,JG344872,,7/14/2023 2:20,30,NO CONTROLS,NO CONTROLS,CLEAR,"DARKNESS, LIGHTED ROAD",PARKED MOTOR VEHICLE,ONE-WAY,,STRAIGHT AND LEVEL,DRY,NO DEFECTS,NOT ON SCENE (DESK REPORT),NO INJURY / DRIVE AWAY,,,Y,"$501 - $1,500",7/17/2023 16:10,DRIVING SKILLS/KNOWLEDGE/EXPERIENCE,UNABLE TO DETERMINE,2327,S,DRAKE AVE,1024,,,,,,,2,NO INDICATION OF INJURY,0,0,0,0,0,1,0,2,6,7,41.84904016,-87.7135564,POINT (-87.713556401269 41.849040159138)
3f8e8d4b4bbf2957914e0af4b8566f6f1965be0d2bee31258dcc6147435341d23dc59f4738d049e36c3b542881572eaaa3b83284bc67946ab176ad52fd350524,JG340480,,7/14/2023 9:55,30,TRAFFIC SIGNAL,FUNCTIONING PROPERLY,UNKNOWN,UNKNOWN,REAR END,NOT DIVIDED,,STRAIGHT AND LEVEL,UNKNOWN,UNKNOWN,NOT ON SCENE (DESK REPORT),NO INJURY / DRIVE AWAY,,,N,"$501 - $1,500",7/14/2023 10:25,UNABLE TO DETERMINE,NOT APPLICABLE,5201,S,CICERO AVE,815,,,,,,,2,NO INDICATION OF INJURY,0,0,0,0,0,5,0,9,6,7,41.79856465,-87.7427786,POINT (-87.742778601646 41.798564648779)
41a3dead8ec09c85e93b553cdc85ba4a46d316abe90bcd9ef8b24b93013a2f55fea48e5b3a42e3c6f2c36ccdaf88becf093295b3500b3de41dca12c9d896000b,JG345372,,7/14/2023 13:10,30,TRAFFIC SIGNAL,FUNCTIONING PROPERLY,CLEAR,DAYLIGHT,REAR END,DIVIDED - W/MEDIAN (NOT RAISED),,STRAIGHT AND LEVEL,DRY,NO DEFECTS,NOT ON SCENE (DESK REPORT),NO INJURY / DRIVE AWAY,,,,"$501 - $1,500",7/17/2023 22:45,UNABLE TO DETERMINE,NOT APPLICABLE,5155,S,CICERO AVE,815,,,,,,,2,NO INDICATION OF INJURY,0,0,0,0,0,2,0,13,6,7,41.79874728,-87.74278569,POINT (-87.742785686821 41.798747281016)
4277fe81f821030b6101c1614eadf0ef9d12de2b97fb08794c7ac13ed9eb2b2872117c6e86b70e4bc63655b61459f1de352339da6836b78d0efef63c96c7b86a,JG340837,,7/14/2023 12:50,30,STOP SIGN/FLASHER,FUNCTIONING PROPERLY,CLEAR,DAYLIGHT,ANGLE,FOUR WAY,,STRAIGHT AND LEVEL,DRY,NO DEFECTS,ON SCENE,INJURY AND / OR TOW DUE TO CRASH,Y,,,"OVER $1,500",7/14/2023 12:52,FAILING TO YIELD RIGHT-OF-WAY,NOT APPLICABLE,1027,W,FULTON MARKET,1214,,,,,,,2,NO INDICATION OF INJURY,0,0,0,0,0,2,0,12,6,7,41.88661439,-87.65327717,POINT (-87.653277170066 41.886614391976)
4111d65e99c8139de09966e5334257ee878145c6f79582d8dcc68b60fe429b22ffdc7f04afdf3182953948dee2e10d335a13cbba00c6e2c3e901494d068a9e6b,JD165811,,2/26/2020 16:07,30,TRAFFIC SIGNAL,FUNCTIONING PROPERLY,CLEAR,DAYLIGHT,ANGLE,ONE-WAY,,STRAIGHT AND LEVEL,DRY,NO DEFECTS,,INJURY AND / OR TOW DUE TO CRASH,Y,,,"OVER $1,500",2/26/2020 16:30,DISREGARDING TRAFFIC SIGNALS,UNABLE TO DETERMINE,658,N,DEARBORN ST,1832,,,,,,,2,NONINCAPACITATING INJURY,1,0,0,1,0,1,0,16,4,2,41.89408963,-87.62986522,POINT (-87.629865220949 41.894089631245)
435e0084c0048df94c1a9e329cf9560a4e6e340753319b5c7659e63b209f5a4b5686b48a6575184d3899ec67aa69c771369d10e8744b0e617cfd542647c102d6,JG341785,,7/14/2023 23:00,30,NO CONTROLS,NO CONTROLS,RAIN,"DARKNESS, LIGHTED ROAD",PARKED MOTOR VEHICLE,ONE-WAY,,STRAIGHT AND LEVEL,WET,UNKNOWN,NOT ON SCENE (DESK REPORT),INJURY AND / OR TOW DUE TO CRASH,,,,"OVER $1,500",7/15/2023 9:20,UNABLE TO DETERMINE,UNABLE TO DETERMINE,7159,S,WINCHESTER AVE,735,,,,,,,2,NO INDICATION OF INJURY,0,0,0,0,0,1,0,23,6,7,41.76309266,-87.67212567,POINT (-87.672125667549 41.763092661303)
43a4db2e5ddd17ca52e7b39999e10c94c2499797281dc3091bc4fa4f7d0e5b49dcce16362067520a7b37c4387b047479d534747c0b613d59270e3da3dc9a760e,JG341452,,7/14/2023 23:01,30,NO CONTROLS,NO CONTROLS,UNKNOWN,"DARKNESS, LIGHTED ROAD",REAR END,NOT DIVIDED,,STRAIGHT AND LEVEL,WET,UNKNOWN,NOT ON SCENE (DESK REPORT),NO INJURY / DRIVE AWAY,,,,"OVER $1,500",7/14/2023 23:01,FOLLOWING TOO CLOSELY,FOLLOWING TOO CLOSELY,5701,W,BELMONT AVE,2514,,,,,,,2,NO INDICATION OF INJURY,0,0,0,0,0,2,0,23,6,7,41.93843313,-87.7689873,POINT (-87.768987296177 41.938433132438)
43c9c33cbe83443b77216585db35fd1751f309141932a60856ec09c81be9be0d94656d1dd58865bfcde982af055657b9d3847f324af5c0b91ee11f7fbcc6e8f5,JG340523,,7/14/2023 10:30,30,STOP SIGN/FLASHER,FUNCTIONING PROPERLY,CLEAR,DAYLIGHT,REAR END,NOT DIVIDED,,STRAIGHT AND LEVEL,UNKNOWN,UNKNOWN,NOT ON SCENE (DESK REPORT),NO INJURY / DRIVE AWAY,,,,"$501 - $1,500",7/14/2023 10:50,FOLLOWING TOO CLOSELY,NOT APPLICABLE,1763,W,HOWARD ST,2422,,,,,,,2,NO INDICATION OF INJURY,0,0,0,0,0,2,0,10,6,7,42.01928855,-87.67505851,POINT (-87.675058509388 42.019288550088)
43ddbcc5de2bc02dc70e3368db2bff0648003da25ac72541b270cb3f86ae66094479b9d12cb58ec28ed55149eb965c0add11a2ca6426f8486240aaf688a79cbb,JG342196,,7/14/2023 19:15,30,NO CONTROLS,NO CONTROLS,UNKNOWN,DUSK,PARKED MOTOR VEHICLE,NOT DIVIDED,,STRAIGHT ON GRADE,UNKNOWN,UNKNOWN,NOT ON SCENE (DESK REPORT),NO INJURY / DRIVE AWAY,,,Y,"OVER $1,500",7/15/2023 14:35,DRIVING SKILLS/KNOWLEDGE/EXPERIENCE,FAILING TO REDUCE SPEED TO AVOID CRASH,11099,S,THROOP ST,2234,,,,,,,2,NO INDICATION OF INJURY,0,0,0,0,0,1,0,19,6,7,41.69226092,-87.65439463,POINT (-87.654394624847 41.692260921622)
43f29f7801910c6d8714a1a66ea8f88c40862ef2a7e4b96bf63836e55b4084c14ebced1f9210616597c25b7f610e259ae0c6657142419738e3b63a59ca5b1c25,JG341351,,7/14/2023 21:03,30,NO CONTROLS,NO CONTROLS,CLOUDY/OVERCAST,"DARKNESS, LIGHTED ROAD",SIDESWIPE SAME DIRECTION,NOT DIVIDED,,STRAIGHT AND LEVEL,DRY,NO DEFECTS,ON SCENE,NO INJURY / DRIVE AWAY,,,,"OVER $1,500",7/14/2023 21:03,FOLLOWING TOO CLOSELY,NOT APPLICABLE,5201,N,LINCOLN AVE,2011,,,,,,,2,NO INDICATION OF INJURY,0,0,0,0,0,3,0,21,6,7,41.97591302,-87.69219998,POINT (-87.692199975582 41.975913022713)
447a8d804ce551216d4912d064d5ced6192f53bcd8c85a44a5a0d61b44d25094291d0dddaf4a0f1a77a67e57dd8195ded96b6995648a3d2b1ebda882bb8f5828,JG341410,,7/14/2023 22:18,30,STOP SIGN/FLASHER,NOT FUNCTIONING,RAIN,"DARKNESS, LIGHTED ROAD",ANGLE,FOUR WAY,,STRAIGHT AND LEVEL,WET,NO DEFECTS,ON SCENE,INJURY AND / OR TOW DUE TO CRASH,Y,,,"OVER $1,500",7/14/2023 22:18,FAILING TO YIELD RIGHT-OF-WAY,FAILING TO YIELD RIGHT-OF-WAY,3700,N,SOUTHPORT AVE,1922,,,,,,,2,"REPORTED, NOT EVIDENT",3,0,0,0,3,1,0,22,6,7,41.94897809,-87.66421752,POINT (-87.664217514608 41.948978089177)
44b26bded4d8c9bc6c26b98b819242ae52fdfb1a82d792edfa9ea7772f0b154da69925cb16b8a5452d07bb187fc24d9037262bf25e9efe8259585393781a00b9,JG342225,,7/14/2023 18:30,35,TRAFFIC SIGNAL,FUNCTIONING PROPERLY,CLEAR,DAYLIGHT,REAR END,NOT DIVIDED,,STRAIGHT AND LEVEL,DRY,NO DEFECTS,NOT ON SCENE (DESK REPORT),INJURY AND / OR TOW DUE TO CRASH,,,,"OVER $1,500",7/15/2023 15:10,DRIVING SKILLS/KNOWLEDGE/EXPERIENCE,NOT APPLICABLE,8700,S,INDIANA AVE,632,,,,,,,2,NO INDICATION OF INJURY,0,0,0,0,0,2,0,18,6,7,41.73633731,-87.61951863,POINT (-87.619518631015 41.736337306233)
44e10b3857eb447903f137892c339ebbd82cae01e4bc1c24ad89a003f4030453de97086571c414a93492ba13a1a01ef30142354b4ec07983d03718949d6ff50c,JG340286,,7/14/2023 6:57,30,NO CONTROLS,NO CONTROLS,CLOUDY/OVERCAST,DAWN,REAR END,DIVIDED - W/MEDIAN (NOT RAISED),,STRAIGHT AND LEVEL,DRY,NO DEFECTS,ON SCENE,NO INJURY / DRIVE AWAY,,,,"$501 - $1,500",7/14/2023 6:57,FOLLOWING TOO CLOSELY,FOLLOWING TOO CLOSELY,4427,N,ELSTON AVE,1722,Y,Y,,,,,3,NO INDICATION OF INJURY,0,0,0,0,0,3,0,6,6,7,41.9615562,-87.73038915,POINT (-87.73038914697 41.961556198077)
4525caecd33cc2f10840eaf6301fb3f20ce72c207dff1e10756f71f935ab9d96824e0839023eb350cc98c523501eb4696053f59e57deffc6e19f520f79d94552,JG344664,,7/14/2023 14:00,0,NO CONTROLS,NO CONTROLS,CLEAR,DAYLIGHT,REAR END,OTHER,,STRAIGHT AND LEVEL,WET,NO DEFECTS,NOT ON SCENE (DESK REPORT),NO INJURY / DRIVE AWAY,,Y,,"OVER $1,500",7/17/2023 14:04,NOT APPLICABLE,NOT APPLICABLE,2146,S,ROCKWELL ST,1023,,,,,,,2,NO INDICATION OF INJURY,0,0,0,0,0,2,0,14,6,7,41.85235348,-87.69070143,POINT (-87.690701429284 41.85235348338)
47876176dae4bdf7385e431d8ce5a684338de2cc51cc3189b32073dc1451c3d20f343663cb895863aa311f9504aa371ba01dcd476dab77b00d838cae28c07567,JG340358,,7/14/2023 10:53,25,NO CONTROLS,NO CONTROLS,CLEAR,"DARKNESS, LIGHTED ROAD",PARKED MOTOR VEHICLE,ONE-WAY,,STRAIGHT AND LEVEL,DRY,NO DEFECTS,NOT ON SCENE (DESK REPORT),NO INJURY / DRIVE AWAY,N,,N,$500 OR LESS,7/14/2023 10:54,UNABLE TO DETERMINE,NOT APPLICABLE,5290,N,OAKLEY AVE,2012,,,,,,,2,NO INDICATION OF INJURY,0,0,0,0,0,1,0,10,6,7,41.97769612,-87.68694182,POINT (-87.686941821895 41.977696115604)
47a57833acbaad31c449b4fda262f7fa23e214d2ebea3e01c77a8d65045fd9d4c4eb7a8aa6adbb058484b48b7e273eae9c3f22ea0dc48a205c18ae7d82180322,JG340915,,7/14/2023 10:35,35,STOP SIGN/FLASHER,FUNCTIONING PROPERLY,CLEAR,DAYLIGHT,REAR END,NOT DIVIDED,,STRAIGHT AND LEVEL,DRY,NO DEFECTS,NOT ON SCENE (DESK REPORT),NO INJURY / DRIVE AWAY,Y,,,$500 OR LESS,7/14/2023 15:00,FAILING TO REDUCE SPEED TO AVOID CRASH,NOT APPLICABLE,5201,S,CICERO AVE,815,,,,,,,2,NO INDICATION OF INJURY,0,0,0,0,0,2,0,10,6,7,41.79856465,-87.7427786,POINT (-87.742778601646 41.798564648779)
483ab33b662f6a0f3e2d92888474df06f56108ad2389ce3a3da3acaf53aca71d5c080f4b28ce7c7e804c1c29bbbe01cf64496745b0ac8d6a8db6a598c87b6a3b,JG351726,,7/14/2023 7:18,30,NO CONTROLS,NO CONTROLS,CLEAR,DAYLIGHT,PARKED MOTOR VEHICLE,PARKING LOT,,STRAIGHT AND LEVEL,DRY,NO DEFECTS,NOT ON SCENE (DESK REPORT),NO INJURY / DRIVE AWAY,,Y,Y,"OVER $1,500",7/22/2023 15:25,UNABLE TO DETERMINE,UNABLE TO DETERMINE,5201,W,JACKSON BLVD,1522,,,,,,,3,NO INDICATION OF INJURY,0,0,0,0,0,1,0,7,6,7,41.87654788,-87.755058,POINT (-87.75505799483 41.87654787528)
49425dff118846833967bf3fb7697818cee81058feddd72981d424458adf50939ea147ce2545a3484a03bd23ffdf41b212b9b6b4a43557dafd0681aca453ea51,JG345719,,7/14/2023 16:20,30,OTHER,OTHER,CLEAR,DAYLIGHT,SIDESWIPE SAME DIRECTION,NOT DIVIDED,,STRAIGHT AND LEVEL,DRY,NO DEFECTS,NOT ON SCENE (DESK REPORT),NO INJURY / DRIVE AWAY,,,,"$501 - $1,500",7/18/2023 9:10,FAILING TO YIELD RIGHT-OF-WAY,FAILING TO YIELD RIGHT-OF-WAY,6345,N,NAGLE AVE,1611,,,,,,,2,NO INDICATION OF INJURY,0,0,0,0,0,2,0,16,6,7,41.9968353,-87.78731926,POINT (-87.787319258213 41.996835303234)
49ae3fa82ad3b445c67fd91fea181878e6249e5ecff08070b10de73a93abf8c80e46ec9fa84571c8f3d34da0ccd90d2c8f43ef9b7fb88a6571f45c865ccf1f60,JG340307,,7/14/2023 7:23,30,TRAFFIC SIGNAL,FUNCTIONING PROPERLY,CLEAR,DAYLIGHT,REAR END,DIVIDED - W/MEDIAN (NOT RAISED),,STRAIGHT AND LEVEL,DRY,NO DEFECTS,ON SCENE,INJURY AND / OR TOW DUE TO CRASH,,,,"OVER $1,500",7/14/2023 7:23,FAILING TO REDUCE SPEED TO AVOID CRASH,FAILING TO REDUCE SPEED TO AVOID CRASH,2807,W,IRVING PARK RD,1733,,,,,,,2,NO INDICATION OF INJURY,0,0,0,0,0,2,0,7,6,7,41.9538624,-87.69855459,POINT (-87.698554593288 41.953862400292)
4a830b6b367ea208e720dac6287bead198490af18d4e4ea9e7b6ed9477787ae709c657bd086f8aee6a1866c31e2f2e2448cf78cbf3c1cf716fcc1939c442ea09,JG340626,,7/14/2023 11:20,30,TRAFFIC SIGNAL,NO CONTROLS,CLEAR,DAYLIGHT,SIDESWIPE SAME DIRECTION,NOT DIVIDED,,STRAIGHT AND LEVEL,DRY,NO DEFECTS,NOT ON SCENE (DESK REPORT),NO INJURY / DRIVE AWAY,,,Y,"OVER $1,500",7/14/2023 12:00,UNABLE TO DETERMINE,NOT APPLICABLE,667,W,63RD ST,723,,,,,,,2,NO INDICATION OF INJURY,0,0,0,0,0,2,0,11,6,7,41.77967367,-87.6425802,POINT (-87.64258019808 41.77967367102)
4b8d830467302e72d56b9045812cfaa3bad5c47a0eedc83211b4172f14dd7c17cafd17884714ace2f20be7b1e7ef05871037ddf735c22c39959319259abaf424,JG341148,,7/14/2023 17:39,30,NO CONTROLS,NO CONTROLS,CLEAR,DAYLIGHT,TURNING,NOT DIVIDED,,STRAIGHT AND LEVEL,DRY,UNKNOWN,ON SCENE,NO INJURY / DRIVE AWAY,Y,,,"OVER $1,500",7/14/2023 17:39,IMPROPER TURNING/NO SIGNAL,NOT APPLICABLE,6343,N,MILWAUKEE AVE,1611,,,,,,,2,NO INDICATION OF INJURY,0,0,0,0,0,3,0,17,6,7,41.99615545,-87.7865702,POINT (-87.786570201215 41.996155453725)
4c51ececef2f9807d23dc258a3864851b2e10b5bf315727a5d443d679c53820f195513503f6fd252b5b31d65d7981143522739eb787a670aa9d533e1524cc9a7,JG341041,,7/14/2023 16:10,30,STOP SIGN/FLASHER,FUNCTIONING PROPERLY,CLEAR,DAYLIGHT,TURNING,T-INTERSECTION,,STRAIGHT AND LEVEL,DRY,NO DEFECTS,ON SCENE,INJURY AND / OR TOW DUE TO CRASH,Y,,,"OVER $1,500",7/14/2023 16:28,FAILING TO YIELD RIGHT-OF-WAY,UNABLE TO DETERMINE,1200,W,CERMAK RD,1235,,,,,,,2,NONINCAPACITATING INJURY,2,0,0,1,1,1,0,16,6,7,41.85260263,-87.65632719,POINT (-87.656327185598 41.852602625629)
4c618719436d48feecd2e1e1161e7ccb2fc1f432a01e3d00911c1a59e7be28dbe919dc8340727ca52c16b64969209a2613ea9107f5e3993837d8841ed1bfd829,JG340691,,7/14/2023 12:50,30,NO CONTROLS,OTHER,CLEAR,DAYLIGHT,PEDALCYCLIST,FOUR WAY,,STRAIGHT AND LEVEL,DRY,NO DEFECTS,ON SCENE,NO INJURY / DRIVE AWAY,Y,,,"OVER $1,500",7/14/2023 12:56,DRIVING SKILLS/KNOWLEDGE/EXPERIENCE,UNABLE TO DETERMINE,4637,N,MANOR AVE,1713,,,,,,,2,NO INDICATION OF INJURY,0,0,0,0,0,3,0,12,6,7,41.96566616,-87.70034273,POINT (-87.700342728556 41.965666163215)
4cc225420a6feaeecc9339e7d43c7d2410ab3979bae1a72a8c6c1062b9b2e96eaeeb54e5fd0bb135ef3943c80aab5ca2017aa0917a375ec786051aa739d173a2,JG340492,,7/14/2023 9:50,30,UNKNOWN,UNKNOWN,CLEAR,DAYLIGHT,SIDESWIPE SAME DIRECTION,FOUR WAY,,STRAIGHT AND LEVEL,DRY,UNKNOWN,ON SCENE,NO INJURY / DRIVE AWAY,Y,,,"OVER $1,500",7/14/2023 10:09,NOT APPLICABLE,NOT APPLICABLE,7101,S,SOUTH SHORE DR,334,,,,,,,2,NO INDICATION OF INJURY,0,0,0,0,0,4,0,9,6,7,41.76632677,-87.56267344,POINT (-87.562673436182 41.766326765106)
4ce341358bd76a3cbe3927376dc7aebdadabf7d65fdee2181d74191b33dfd79b956adb6e57cc1493ab73a1644bfdf253e9e462cc9eefe7c744df8ca728175164,JG341028,,7/14/2023 16:15,30,NO CONTROLS,NO CONTROLS,CLEAR,DAYLIGHT,SIDESWIPE SAME DIRECTION,FOUR WAY,,STRAIGHT AND LEVEL,DRY,NO DEFECTS,NOT ON SCENE (DESK REPORT),NO INJURY / DRIVE AWAY,,,,"$501 - $1,500",7/14/2023 16:45,IMPROPER LANE USAGE,FAILING TO YIELD RIGHT-OF-WAY,3154,W,FOSTER AVE,1712,,,,,,,2,NO INDICATION OF INJURY,0,0,0,0,0,2,0,16,6,7,41.97585969,-87.70846497,POINT (-87.70846496773 41.975859694203)
4eb75a9fce99cac0fb44d086e73f08ed514f0a7e826901320f905015d090b93126b3aa6ca13f471df2675ddc90611895e2ac52cfae85cba0fa1128b1c8ec0d62,JG341017,,7/14/2023 14:15,30,TRAFFIC SIGNAL,FUNCTIONING PROPERLY,CLEAR,DAYLIGHT,REAR END,NOT DIVIDED,,STRAIGHT AND LEVEL,DRY,NO DEFECTS,ON SCENE,NO INJURY / DRIVE AWAY,Y,,,"OVER $1,500",7/14/2023 14:16,UNABLE TO DETERMINE,UNABLE TO DETERMINE,8658,S,KEDZIE AVE,834,,,,,,,2,NO INDICATION OF INJURY,0,0,0,0,0,2,0,14,6,7,41.73528998,-87.70222673,POINT (-87.702226732143 41.735289979)
4ec5b5a434d7dbe2e6867e6d21bfd7f1ce5e5d51a12855da2a3ddcba602bb883e83c781fb5cb79b834adb3bf6d5f339649ef317cc8872a2779dde50b89527512,JG341085,,7/14/2023 17:00,30,TRAFFIC SIGNAL,FUNCTIONING PROPERLY,CLEAR,DAYLIGHT,PEDESTRIAN,T-INTERSECTION,,STRAIGHT AND LEVEL,DRY,NO DEFECTS,ON SCENE,INJURY AND / OR TOW DUE TO CRASH,Y,,,$500 OR LESS,7/14/2023 17:11,FAILING TO YIELD RIGHT-OF-WAY,FAILING TO YIELD RIGHT-OF-WAY,1773,W,PETERSON AVE,2012,,,,,,,2,NONINCAPACITATING INJURY,1,0,0,1,0,1,0,17,6,7,41.99065714,-87.67446464,POINT (-87.674464641169 41.990657144233)
52172f540810c24a7cfbe188f6c076bf22d6b38aa9e6b0eb32978c017edd6fc496fe973b7f78cfc1ed03fd50a706904d4a59a60b7dfa1b036466fe4a7a72664e,JG340732,,7/14/2023 13:00,30,NO CONTROLS,NO CONTROLS,CLEAR,DAYLIGHT,ANGLE,NOT DIVIDED,,STRAIGHT AND LEVEL,DRY,NO DEFECTS,ON SCENE,INJURY AND / OR TOW DUE TO CRASH,,,,"OVER $1,500",7/14/2023 13:08,FAILING TO YIELD RIGHT-OF-WAY,UNABLE TO DETERMINE,5054,W,AINSLIE ST,1623,,,,,,,3,"REPORTED, NOT EVIDENT",1,0,0,0,1,1,0,13,6,7,41.96987689,-87.75483363,POINT (-87.754833625545 41.969876892293)
52dd02e72efaacd9bb688d9bb9e955dc2a0b94539fb4671422a60a43926ea334f62384820db92ba8565170bc8d249f39606ac863e1bd5a2c2d1588880f8eaad5,JG341450,,7/14/2023 22:45,30,NO CONTROLS,NO CONTROLS,CLOUDY/OVERCAST,"DARKNESS, LIGHTED ROAD",PARKED MOTOR VEHICLE,NOT DIVIDED,,STRAIGHT AND LEVEL,WET,NO DEFECTS,ON SCENE,INJURY AND / OR TOW DUE TO CRASH,,,,"OVER $1,500",7/14/2023 22:45,UNABLE TO DETERMINE,UNABLE TO DETERMINE,1836,W,TOUHY AVE,2424,,,,,,,6,"REPORTED, NOT EVIDENT",1,0,0,0,1,0,0,22,6,7,42.01270247,-87.6771548,POINT (-87.677154801994 42.012702474099)
557780374567e9e4a10fb3b57467aad9a2a12280cc6ece970ed9d1846f863115cc5e676ff2fa3e1691f4b5b884f5db5cc1106b06450f3b08a1c36a0966de8e70,JG341271,,7/14/2023 19:30,15,NO CONTROLS,NO CONTROLS,CLEAR,DAYLIGHT,FIXED OBJECT,OTHER,,STRAIGHT AND LEVEL,DRY,NO DEFECTS,ON SCENE,INJURY AND / OR TOW DUE TO CRASH,,,,"OVER $1,500",7/14/2023 19:31,UNABLE TO DETERMINE,NOT APPLICABLE,3802,S,WELLS ST,915,,,,,,,1,NO INDICATION OF INJURY,0,0,0,0,0,1,0,19,6,7,41.82500341,-87.63254822,POINT (-87.632548221588 41.825003410055)
557beae5955ba4197ab40a8f3f15e9efa472c83c2454f42f3ebf6af5fa89a19ede6a1b5111cb3154120d59f9ac6db9030ca37ac1a8fed0981355334fcf73d368,JG341078,,7/14/2023 14:30,30,NO CONTROLS,NO CONTROLS,CLEAR,DAYLIGHT,PARKED MOTOR VEHICLE,NOT DIVIDED,,STRAIGHT AND LEVEL,DRY,NO DEFECTS,NOT ON SCENE (DESK REPORT),NO INJURY / DRIVE AWAY,,,Y,"$501 - $1,500",7/14/2023 17:17,UNABLE TO DETERMINE,NOT APPLICABLE,4410,S,WENTWORTH AVE,925,,,,,,,2,NO INDICATION OF INJURY,0,0,0,0,0,1,0,14,6,7,41.8141719,-87.63128266,POINT (-87.631282658825 41.814171899419)
5608f70d7a198d76f283624427ea399f22d7ef8dbe9b6256013bcf42072df3c416fa485ad220e1cd3da1bd536ddcefcc071a20dca8cbf5efe53c96169767d992,JG353913,,7/14/2023 12:30,30,NO CONTROLS,NO CONTROLS,CLEAR,DAYLIGHT,OTHER NONCOLLISION,NOT DIVIDED,,STRAIGHT AND LEVEL,DRY,"RUT, HOLES",NOT ON SCENE (DESK REPORT),INJURY AND / OR TOW DUE TO CRASH,,,,$500 OR LESS,7/24/2023 11:30,UNABLE TO DETERMINE,NOT APPLICABLE,5747,S,STATE ST,232,,,,,,,1,NO INDICATION OF INJURY,0,0,0,0,0,1,0,12,6,7,41.78959234,-87.62542491,POINT (-87.625424911792 41.789592339818)
5847431a09720ce6a1720e1fac8fdbd654ba8cbb3de23d7da064834c92a42765fa43e24f0c2ca74a94192ad0c228b40255777109d47bfaedfb3b46732558617d,JG340527,,7/14/2023 10:00,20,STOP SIGN/FLASHER,FUNCTIONING PROPERLY,CLEAR,DAYLIGHT,ANGLE,OTHER,,STRAIGHT AND LEVEL,UNKNOWN,UNKNOWN,NOT ON SCENE (DESK REPORT),NO INJURY / DRIVE AWAY,,,Y,"OVER $1,500",7/14/2023 11:05,DISREGARDING STOP SIGN,NOT APPLICABLE,1098,W,ADAMS ST,1232,,,,,,,2,NO INDICATION OF INJURY,0,0,0,0,0,2,0,10,6,7,41.87921072,-87.65448441,POINT (-87.654484405121 41.879210719791)
59ca25362b476a4c267ed7cf3c37371cc7fcc5c7470467097e41a4258fbfc6b62dd7efe12c197fa9130516d0fcd70d3bc839d855bcdfdbf63086f42977c68032,JG342020,,7/14/2023 16:30,30,NO CONTROLS,NO CONTROLS,CLEAR,DAYLIGHT,REAR END,NOT DIVIDED,,STRAIGHT AND LEVEL,DRY,WORN SURFACE,NOT ON SCENE (DESK REPORT),NO INJURY / DRIVE AWAY,,,,"OVER $1,500",7/15/2023 12:32,FAILING TO REDUCE SPEED TO AVOID CRASH,FOLLOWING TOO CLOSELY,624,S,KOSTNER AVE,1131,,,,,,,2,NO INDICATION OF INJURY,0,0,0,0,0,2,0,16,6,7,41.8727629,-87.73535452,POINT (-87.735354515882 41.872762896631)