CRASH_RECORD_ID,RD_NO,CRASH_DATE_EST_I,CRASH_DATE,POSTED_SPEED_LIMIT,TRAFFIC_CONTROL_DEVICE,DEVICE_CONDITION,WEATHER_CONDITION,LIGHTING_CONDITION,FIRST_CRASH_TYPE,TRAFFICWAY_TYPE,LANE_CNT,ALIGNMENT,ROADWAY_SURFACE_COND,ROAD_DEFECT,REPORT_TYPE,CRASH_TYPE,INTERSECTION_RELATED_I,NOT_RIGHT_OF_WAY_I,HIT_AND_RUN_I,DAMAGE,DATE_POLICE_NOTIFIED,PRIM_CONTRIBUTORY_CAUSE,SEC_CONTRIBUTORY_CAUSE,STREET_NO,STREET_DIRECTION,STREET_NAME,BEAT_OF_OCCURRENCE,PHOTOS_TAKEN_I,STATEMENTS_TAKEN_I,DOORING_I,WORK_ZONE_I,WORK_ZONE_TYPE,WORKERS_PRESENT_I,NUM_UNITS,MOST_SEVERE_INJURY,INJURIES_TOTAL,INJURIES_FATAL,INJURIES_INCAPACITATING,INJURIES_NON_INCAPACITATING,INJURIES_REPORTED_NOT_EVIDENT,INJURIES_NO_INDICATION,INJURIES_UNKNOWN,CRASH_HOUR,CRASH_DAY_OF_WEEK,CRASH_MONTH,LATITUDE,LONGITUDE,LOCATION
5a8bb7d1850b91843bb9ecfaf73d3d24525d93dc9379f64a8477f7df087696b3b66c30a1deb39e9289e8653a307c59bec59d605ba389e41e4fb3a18b49b61068,JG340792,,7/14/2023 13:50,35,TRAFFIC SIGNAL,FUNCTIONING PROPERLY,CLEAR,DAYLIGHT,REAR END,NOT DIVIDED,,STRAIGHT AND LEVEL,DRY,NO DEFECTS,NOT ON SCENE (DESK REPORT),NO INJURY / DRIVE AWAY,,,,$500 OR LESS,7/14/2023 14:27,UNABLE TO DETERMINE,UNABLE TO DETERMINE,3,W,ROOSEVELT RD,131,,,,,,,2,NO INDICATION OF INJURY,0,0,0,0,0,2,0,13,6,7,41.86730131,-87.62760075,POINT (-87.627600752851 41.867301306104)
5c1a1e0987955bf0e08aa45f7350ae8c7e58d38b1d1be3e35d944350490594da8f64a853b43a5b967bdb471dcdfdbae6dd5a701be86aba4ede0773d89cd923e0,JG341365,,7/14/2023 20:30,30,TRAFFIC SIGNAL,FUNCTIONING PROPERLY,CLEAR,"DARKNESS, LIGHTED ROAD",PEDALCYCLIST,DIVIDED - W/MEDIAN (NOT RAISED),,STRAIGHT AND LEVEL,DRY,NO DEFECTS,NOT ON SCENE (DESK REPORT),INJURY AND / OR TOW DUE TO CRASH,,,,"$501 - $1,500",7/14/2023 21:20,UNABLE TO DETERMINE,NOT APPLICABLE,2734,W,87TH ST,835,,,,,,,2,NONINCAPACITATING INJURY,1,0,0,1,0,1,0,20,6,7,41.73549191,-87.69107061,POINT (-87.691070604976 41.735491911524)
5c749d4fcc03d27307c45a6d12314ec43193707610687b66c46f7323c6bde88c4a0dfb04e0c132e9a1f52fc92f7ca7b093379417dd76b67f9bca8d82219e8bdd,JG344487,,7/14/2023 18:00,35,NO CONTROLS,NO CONTROLS,CLEAR,DAYLIGHT,SIDESWIPE SAME DIRECTION,NOT DIVIDED,,STRAIGHT AND LEVEL,DRY,NO DEFECTS,NOT ON SCENE (DESK REPORT),NO INJURY / DRIVE AWAY,,,,"OVER $1,500",7/17/2023 11:40,IMPROPER OVERTAKING/PASSING,FAILING TO YIELD RIGHT-OF-WAY,2500,W,ADDISON ST,1921,,,,,,,2,NO INDICATION OF INJURY,0,0,0,0,0,2,0,18,6,7,41.94683739,-87.69069683,POINT (-87.690696829341 41.946837390731)
5c998374f3fca75a23e1436036f1b8d3097fc570f0415df59a836846da2644a8eee20fefd90fa3e6eb70b6466ba7f45918c6779c30f2d33e22d9eba366d7bc17,JG341278,,7/14/2023 19:00,30,NO CONTROLS,NO CONTROLS,CLEAR,DUSK,PARKED MOTOR VEHICLE,ONE-WAY,,STRAIGHT AND LEVEL,UNKNOWN,UNKNOWN,NOT ON SCENE (DESK REPORT),NO INJURY / DRIVE AWAY,,,,"$501 - $1,500",7/14/2023 19:50,UNABLE TO DETERMINE,NOT APPLICABLE,5124,W,MEDILL AVE,2522,,,,,,,2,NO INDICATION OF INJURY,0,0,0,0,0,1,0,19,6,7,41.92332333,-87.75469571,POINT (-87.754695707767 41.923323330478)
5cb34506b99b67bdee7a5d396482082be096036df3434741a7ebe758c712432039ce67923f6b115b8b407601f59a2473e8465ac2be5d048b2315955969d0f0c2,JG341142,,7/14/2023 17:30,30,TRAFFIC SIGNAL,UNKNOWN,CLEAR,DAYLIGHT,SIDESWIPE SAME DIRECTION,NOT DIVIDED,,STRAIGHT AND LEVEL,UNKNOWN,UNKNOWN,NOT ON SCENE (DESK REPORT),NO INJURY / DRIVE AWAY,,,Y,"$501 - $1,500",7/14/2023 18:00,UNABLE TO DETERMINE,NOT APPLICABLE,6000,W,NORTH AVE,2531,,,,,,,3,NO INDICATION OF INJURY,0,0,0,0,0,3,0,17,6,7,41.90936279,-87.77564366,POINT (-87.775643660723 41.909362791269)
5d064fb0bd5be1b7a62cc1cabc9790dca32de19c2b74ca2a9c7f528c78d5ed5e72e91ba323dbac2b3ae1446eb9b3924a6c3ea2943ba2978279528349d2b2a0cd,JG341996,,7/14/2023 18:40,30,NO CONTROLS,NO CONTROLS,CLEAR,DAYLIGHT,ANGLE,NOT DIVIDED,,STRAIGHT AND LEVEL,DRY,NO DEFECTS,NOT ON SCENE (DESK REPORT),NO INJURY / DRIVE AWAY,,,,"OVER $1,500",7/15/2023 12:10,DRIVING SKILLS/KNOWLEDGE/EXPERIENCE,UNABLE TO DETERMINE,1651,E,95TH ST,431,,,,,,,2,NO INDICATION OF INJURY,0,0,0,0,0,2,0,18,6,7,41.72226152,-87.58307194,POINT (-87.583071944146 41.722261518618)
5e0ea87a8eda170b905d33a3a734d01d40e842fe4fd2644efbebe7844107b53fcac2d655434ceb9bafcf060c1b506a24923ec557cc51da3920dc3df700f79f7b,JG341748,,7/14/2023 16:00,35,NO CONTROLS,NO CONTROLS,CLEAR,DAYLIGHT,TURNING,DIVIDED - W/MEDIAN (NOT RAISED),,STRAIGHT AND LEVEL,DRY,NO DEFECTS,NOT ON SCENE (DESK REPORT),NO INJURY / DRIVE AWAY,,,Y,"OVER $1,500",7/15/2023 8:50,FAILING TO YIELD RIGHT-OF-WAY,NOT APPLICABLE,4725,N,KEATING AVE,1722,,,,,,,2,NO INDICATION OF INJURY,0,0,0,0,0,2,0,16,6,7,41.96699243,-87.74635803,POINT (-87.746358034492 41.966992426998)
5e1c5e78d1d88cdc2be4a4ab94241ee72aab2e65583cb66254c4eede591eefbe2e28de723e191ca0e26eee0b4a9faac438d8853cb38696cbb9d3f36167ff594d,JG341036,,7/14/2023 16:40,30,NO CONTROLS,NO CONTROLS,CLEAR,DAYLIGHT,SIDESWIPE SAME DIRECTION,NOT DIVIDED,,STRAIGHT AND LEVEL,DRY,NO DEFECTS,NOT ON SCENE (DESK REPORT),NO INJURY / DRIVE AWAY,,,,"$501 - $1,500",7/14/2023 17:15,UNABLE TO DETERMINE,UNABLE TO DETERMINE,3541,E,106TH ST,432,,,,,,,2,NO INDICATION OF INJURY,0,0,0,0,0,2,0,16,6,7,41.70263295,-87.53730829,POINT (-87.537308291425 41.702632949388)
5fa55f78738025d0d6786bf445352093e07b3b96fc41906af805ef6f9154daa5f9b6bba1c8e2322c7b564c470a1673b578aeab4779d7d9c51f69691835012e63,JG341976,,7/14/2023 21:00,35,NO CONTROLS,NO CONTROLS,RAIN,DARKNESS,ANIMAL,DIVIDED - W/MEDIAN (NOT RAISED),,STRAIGHT AND LEVEL,WET,NO DEFECTS,NOT ON SCENE (DESK REPORT),NO INJURY / DRIVE AWAY,,,,"OVER $1,500",7/15/2023 11:50,ANIMAL,ANIMAL,5901,N,EAST RIVER RD,1614,,,,,,,1,NO INDICATION OF INJURY,0,0,0,0,0,1,0,21,6,7,41.98638291,-87.84635689,POINT (-87.846356885584 41.9863829111)
60028656678fdc057863d5d3ebe81036a200c6dd5f726fd412022c10c01fa5053797653eef47999983073dc03cae5a307d7a4a2680be546808fbf866f15adf73,JG341484,,7/14/2023 22:20,25,NO CONTROLS,NO CONTROLS,RAIN,"DARKNESS, LIGHTED ROAD",PARKED MOTOR VEHICLE,NOT DIVIDED,,STRAIGHT AND LEVEL,WET,UNKNOWN,NOT ON SCENE (DESK REPORT),NO INJURY / DRIVE AWAY,,,,"OVER $1,500",7/15/2023 0:20,NOT APPLICABLE,NOT APPLICABLE,2016,W,69TH ST,726,N,,,,,,2,NO INDICATION OF INJURY,0,0,0,0,0,2,0,22,6,7,41.76854239,-87.67435332,POINT (-87.674353318591 41.768542390855)
60507c1b4ad38bd9feb942de948a883a325499e57facb44255061a7cd704f31b8c5db17884995ffd7b41057e7e0827d6b7e6689f9896548bb264830e14263a84,JG346309,,7/14/2023 22:20,35,OTHER,UNKNOWN,UNKNOWN,UNKNOWN,PARKED MOTOR VEHICLE,NOT DIVIDED,,STRAIGHT ON GRADE,UNKNOWN,UNKNOWN,NOT ON SCENE (DESK REPORT),INJURY AND / OR TOW DUE TO CRASH,,,Y,$500 OR LESS,7/18/2023 15:56,IMPROPER OVERTAKING/PASSING,UNABLE TO DETERMINE,67,E,CERMAK RD,131,,,,,,,2,NONINCAPACITATING INJURY,1,0,0,1,0,1,0,22,6,7,41.85275162,-87.62442588,POINT (-87.624425882159 41.852751616321)
61e1a0f47a809d69902a434b53dbb6f7e39fb77a551e493d960bd75591f35008c6449b4ce6aab96ca2715049067c2a44f7a878a100e7b4cb2da25c7e5d4ab6bf,JG340921,,7/14/2023 15:15,45,UNKNOWN,UNKNOWN,CLEAR,DAYLIGHT,SIDESWIPE SAME DIRECTION,DIVIDED - W/MEDIAN BARRIER,,STRAIGHT AND LEVEL,UNKNOWN,UNKNOWN,NOT ON SCENE (DESK REPORT),NO INJURY / DRIVE AWAY,,,,"OVER $1,500",7/14/2023 15:42,DISTRACTION - FROM OUTSIDE VEHICLE,IMPROPER OVERTAKING/PASSING,2800,N,LAKE SHORE DR SB,1934,,,,,,,2,NO INDICATION OF INJURY,0,0,0,0,0,3,0,15,6,7,41.93267701,-87.63224771,POINT (-87.632247708301 41.932677008738)
61ed1c6fa77a26960facc3aa69286ca0e276c8c805a04f86e97f7104211b5267bd66a99870d06e4e877f04c1e15699be2600578d445e2032c95132f0c14f8266,JG340927,,7/14/2023 13:30,30,UNKNOWN,UNKNOWN,UNKNOWN,UNKNOWN,REAR END,UNKNOWN,,STRAIGHT AND LEVEL,UNKNOWN,UNKNOWN,NOT ON SCENE (DESK REPORT),NO INJURY / DRIVE AWAY,,,,"OVER $1,500",7/14/2023 16:00,UNABLE TO DETERMINE,NOT APPLICABLE,7221,W,TOUHY AVE,1611,,,,,,,2,NO INDICATION OF INJURY,0,0,0,0,0,4,0,13,6,7,42.01158607,-87.80747669,POINT (-87.807476693776 42.0115860678)
6205749565f3305d1f90369da377359d1ad7d7de3cba3d71fa57273c71f6432d6ed70db6cf7a0a89d6d97cb48d4b4172229a62c89c388919af9bcd76810e5123,JG340654,,7/14/2023 12:00,30,TRAFFIC SIGNAL,FUNCTIONING PROPERLY,CLEAR,DAYLIGHT,PEDALCYCLIST,NOT DIVIDED,,STRAIGHT AND LEVEL,DRY,NO DEFECTS,ON SCENE,NO INJURY / DRIVE AWAY,Y,,,"OVER $1,500",7/14/2023 12:30,UNABLE TO DETERMINE,UNABLE TO DETERMINE,3401,N,HALSTED ST,1925,,,Y,N,,,2,NO INDICATION OF INJURY,0,0,0,0,0,1,0,12,6,7,41.94366415,-87.64922923,POINT (-87.649229227293 41.943664152961)
62ca39f5bd3fbd29f54d2f540fdbbbf408490398ca1c3af17ce3e27825106a8505113bbb4477b9b0d2fa32a59a1c4736d470789764faaed3c3e2650e7f5d3b3d,JG341473,,7/14/2023 23:36,30,TRAFFIC SIGNAL,NOT FUNCTIONING,RAIN,"DARKNESS, LIGHTED ROAD",TURNING,FOUR WAY,,STRAIGHT AND LEVEL,WET,UNKNOWN,ON SCENE,NO INJURY / DRIVE AWAY,Y,,,"OVER $1,500",7/14/2023 23:51,FAILING TO YIELD RIGHT-OF-WAY,FAILING TO YIELD RIGHT-OF-WAY,500,S,FINANCIAL PL,123,,,,,,,2,NO INDICATION OF INJURY,0,0,0,0,0,2,0,23,6,7,41.87553267,-87.63322641,POINT (-87.633226410926 41.875532665721)
6348d3eb3c375209b28f783602eb281be532d0b3434ed562159f093a7d3039d7094a07d30b14d110d878aed9990d1e09e6b8fb9982569d3a78c1fc7a6df29d1a,JG340769,,7/14/2023 1:40,35,TRAFFIC SIGNAL,FUNCTIONING PROPERLY,CLEAR,DAYLIGHT,FIXED OBJECT,DIVIDED - W/MEDIAN (NOT RAISED),,STRAIGHT AND LEVEL,DRY,NO DEFECTS,NOT ON SCENE (DESK REPORT),NO INJURY / DRIVE AWAY,,,,"OVER $1,500",7/14/2023 14:00,"EVASIVE ACTION DUE TO ANIMAL, OBJECT, NONMOTORIST",UNABLE TO DETERMINE,7400,S,HALSTED ST,733,,,,,,,1,NO INDICATION OF INJURY,0,0,0,0,0,1,0,1,6,7,41.75967458,-87.64442024,POINT (-87.644420238889 41.759674581874)
648c80cf35ddd9d1d3361fd62932770bc70422a8c812f6964cfc6a1ec3b3589b86b85579bd7dcc3aabdcc8c482bfd01195f87994229a22ba51a3c8adc17efffc,JG341232,,7/14/2023 18:23,30,TRAFFIC SIGNAL,FUNCTIONING PROPERLY,CLEAR,DAYLIGHT,TURNING,ONE-WAY,,STRAIGHT AND LEVEL,DRY,UNKNOWN,ON SCENE,NO INJURY / DRIVE AWAY,Y,,,"OVER $1,500",7/14/2023 18:25,IMPROPER OVERTAKING/PASSING,IMPROPER OVERTAKING/PASSING,600,N,MICHIGAN AVE,1834,,,,,,,2,NO INDICATION OF INJURY,0,0,0,0,0,14,0,18,6,7,41.89259323,-87.62433405,POINT (-87.624334047949 41.892593225538)
6553a9eb85556e563a94408ea12ab655bec9a03069eb7ee3bfadff90fbe40ac4e47ea1c94e4cf7ba71969f6d175b10aced32f5925b79f8de6c52c82eee01377f,JG341396,,7/14/2023 21:39,30,TRAFFIC SIGNAL,FUNCTIONING PROPERLY,RAIN,"DARKNESS, LIGHTED ROAD",TURNING,T-INTERSECTION,,STRAIGHT AND LEVEL,WET,UNKNOWN,NOT ON SCENE (DESK REPORT),NO INJURY / DRIVE AWAY,N,,,"OVER $1,500",7/14/2023 22:30,IMPROPER TURNING/NO SIGNAL,NOT APPLICABLE,605,N,WELLS ST,1832,,,,,,,2,NO INDICATION OF INJURY,0,0,0,0,0,2,0,21,6,7,41.89257434,-87.6339488,POINT (-87.633948801282 41.892574337217)
65a476600c870fcbd73c8f4ef1d9d4dc94a2abbc3b9c721cad19fb930bb34a83fcb8467e0907cf412aa98a437c8ab97d9d280b26cf74bbd0c1a7a3593fe2eef2,JG341415,,7/14/2023 21:50,35,TRAFFIC SIGNAL,FUNCTIONING PROPERLY,CLEAR,"DARKNESS, LIGHTED ROAD",REAR END,NOT DIVIDED,,STRAIGHT AND LEVEL,DRY,NO DEFECTS,NOT ON SCENE (DESK REPORT),NO INJURY / DRIVE AWAY,,,Y,"OVER $1,500",7/14/2023 23:00,FOLLOWING TOO CLOSELY,FAILING TO REDUCE SPEED TO AVOID CRASH,4001,S,PULASKI RD,821,,,,,,,3,NO INDICATION OF INJURY,0,0,0,0,0,5,0,21,6,7,41.81905229,-87.72381922,POINT (-87.723819221579 41.819052289717)
66c95aab0ba40a21c8d49834794d3568173a3501edb196f9069b633eb1909529e0c9d796463ebaa8012ba52db5a3f3366ee3ce19ead6e5a517a2852f174de552,JG340790,,7/14/2023 13:40,30,STOP SIGN/FLASHER,UNKNOWN,CLEAR,DAYLIGHT,ANGLE,FOUR WAY,,STRAIGHT AND LEVEL,DRY,NO DEFECTS,NOT ON SCENE (DESK REPORT),NO INJURY / DRIVE AWAY,Y,,,"OVER $1,500",7/14/2023 14:15,UNABLE TO DETERMINE,NOT APPLICABLE,5200,W,CARMEN AVE,1623,,,,N,,,2,NO INDICATION OF INJURY,0,0,0,0,0,3,0,13,6,7,41.97350899,-87.75783576,POINT (-87.757835764414 41.973508990325)
67ba010ce77ce5de758fd1b811a0a2fb757b513f409695bed761850a0470cb84d90ad1a9dee522bf6deaa92750c6abe600e3019cb7637f854b2025c7698ee587,JG341323,,7/14/2023 20:30,25,TRAFFIC SIGNAL,FUNCTIONING PROPERLY,CLEAR,DUSK,REAR END,NOT DIVIDED,,STRAIGHT AND LEVEL,DRY,NO DEFECTS,ON SCENE,INJURY AND / OR TOW DUE TO CRASH,Y,,,"OVER $1,500",7/14/2023 20:38,FAILING TO REDUCE SPEED TO AVOID CRASH,NOT APPLICABLE,835,E,47TH ST,223,,,,,,,3,NO INDICATION OF INJURY,0,0,0,0,0,3,0,20,6,7,41.80943989,-87.6051123,POINT (-87.605112296283 41.809439884531)
6810428a5d7b19b27c45e86f548e10b55c643a9d98083bf31ef9b3f3080b6f075c125dce30ec9f236631fc787b5aa10960ad780b707ecccd52f92698814044a6,JG341480,,7/14/2023 22:06,30,TRAFFIC SIGNAL,FUNCTIONING PROPERLY,RAIN,"DARKNESS, LIGHTED ROAD",TURNING,NOT DIVIDED,,STRAIGHT AND LEVEL,WET,NO DEFECTS,ON SCENE,INJURY AND / OR TOW DUE TO CRASH,Y,,Y,"OVER $1,500",7/14/2023 22:58,FAILING TO YIELD RIGHT-OF-WAY,WEATHER,30,W,69TH ST,722,,,,,,,2,NO INDICATION OF INJURY,0,0,0,0,0,2,0,22,6,7,41.76928972,-87.62613747,POINT (-87.626137468655 41.769289714541)
6869d0e66de3e7bbb868c1d5920461f0447e4a1454ba697cf36e6fdd18ce6c214371d0d31bcce964bb6a91042f9a11bc9652fd914a3aadb2eee9ced7e1cd5fb6,JG341261,,7/14/2023 10:10,30,NO CONTROLS,NO CONTROLS,CLEAR,DAYLIGHT,PEDALCYCLIST,NOT DIVIDED,,STRAIGHT AND LEVEL,UNKNOWN,UNKNOWN,NOT ON SCENE (DESK REPORT),NO INJURY / DRIVE AWAY,,,,"OVER $1,500",7/14/2023 19:40,UNABLE TO DETERMINE,NOT APPLICABLE,7113,W,ADDISON ST,1632,,,Y,,,,2,NO INDICATION OF INJURY,0,0,0,0,0,2,0,10,6,7,41.94521583,-87.80384259,POINT (-87.803842586219 41.945215834452)
68dbc327743f550d9d8fb7f6bddd5899392e73f2bc7ca7e319bc9920a4f8ab6f2b535008870ca53b2c782426fd06dca45ea33b481fe518cb563c9e891139f8a7,JG640789,,7/14/2023 12:50,30,NO CONTROLS,NO CONTROLS,CLEAR,DAYLIGHT,PARKED MOTOR VEHICLE,ONE-WAY,,STRAIGHT AND LEVEL,DRY,NO DEFECTS,ON SCENE,NO INJURY / DRIVE AWAY,,,Y,"OVER $1,500",7/14/2023 14:07,UNABLE TO DETERMINE,NOT APPLICABLE,619,N,LECLAIRE AVE,1532,,,,,,,2,NO INDICATION OF INJURY,0,0,0,0,0,1,0,12,6,7,41.89196296,-87.75289821,POINT (-87.752898208932 41.891962961327)
6a6107d6f2880953bffb3aad7fbc2b1e06228364358b198e0fd1fa1349bc73dc787f885518b0541f998a18fbd68e0b7f024761c3a1828767c23cfc9c5de29405,JG342151,,7/14/2023 13:00,30,NO CONTROLS,NO CONTROLS,CLEAR,DAYLIGHT,SIDESWIPE SAME DIRECTION,NOT DIVIDED,,STRAIGHT AND LEVEL,DRY,NO DEFECTS,NOT ON SCENE (DESK REPORT),NO INJURY / DRIVE AWAY,,,Y,"OVER $1,500",7/15/2023 14:00,IMPROPER LANE USAGE,IMPROPER LANE USAGE,1901,W,59TH ST,714,,,,,,,2,NO INDICATION OF INJURY,0,0,0,0,0,2,0,13,6,7,41.78654679,-87.67173014,POINT (-87.671730137968 41.786546785812)
6b69503c218e15f71cf6591a6228462ef1342e6a5ab647ebdf9881893c688e6b698f97d30cc49b2714235c2cbdbd25d831dcf19e134b57412e34b382504e03ea,JG341052,,7/14/2023 16:47,30,TRAFFIC SIGNAL,FUNCTIONING PROPERLY,CLEAR,DAYLIGHT,ANGLE,FOUR WAY,,STRAIGHT AND LEVEL,DRY,NO DEFECTS,ON SCENE,INJURY AND / OR TOW DUE TO CRASH,Y,,,"OVER $1,500",7/14/2023 16:55,DISREGARDING TRAFFIC SIGNALS,DRIVING SKILLS/KNOWLEDGE/EXPERIENCE,5024,N,WESTERN AVE,2031,Y,Y,,,,,2,"REPORTED, NOT EVIDENT",2,0,0,0,2,1,0,16,6,7,41.97297461,-87.68919862,POINT (-87.689198617696 41.972974614168)
6bf4d93a18cdfddae743c8872de135d40a2d06bd23157f0377b49ac97f7e648aae98fe61383a8dc7153ef326043aad70d78bab39b2ebc058ec9393dd114f4adc,JG342257,,7/14/2023 18:55,35,TRAFFIC SIGNAL,UNKNOWN,CLEAR,DAWN,REAR END,UNKNOWN,,STRAIGHT AND LEVEL,UNKNOWN,UNKNOWN,NOT ON SCENE (DESK REPORT),NO INJURY / DRIVE AWAY,,,,"OVER $1,500",7/15/2023 15:00,FOLLOWING TOO CLOSELY,DISTRACTION - FROM INSIDE VEHICLE,4725,S,CICERO AVE,815,,,,,,,2,NO INDICATION OF INJURY,0,0,0,0,0,3,0,18,6,7,41.80685498,-87.74298397,POINT (-87.742983968417 41.806854983341)
6c158207ecb1219cb461271a96113633682cd7cdb7dcbfee83ba38848308060818667bd2c58d286feea2a623aa8ad5aecbac933aae33ebeefdc3e89e6469649e,JG340707,,7/14/2023 12:28,25,TRAFFIC SIGNAL,FUNCTIONING PROPERLY,CLEAR,DAYLIGHT,PARKED MOTOR VEHICLE,NOT DIVIDED,,STRAIGHT AND LEVEL,DRY,NO DEFECTS,,NO INJURY / DRIVE AWAY,,,,"OVER $1,500",7/14/2023 13:28,NOT APPLICABLE,NOT APPLICABLE,73,E,ELM ST,1824,,,,,,,2,NO INDICATION OF INJURY,0,0,0,0,0,1,0,12,6,7,41.90311822,-87.62587496,POINT (-87.625874956377 41.903118221752)
6d3eb92db83c746a798cbf97744ce24fa58787fc9c10dd3e541a4a0403bf06c424dcbf7f16d461940892a963a1c4f4003793200b983265acc97c25b9aebdfefe,JG341376,,7/14/2023 21:47,30,TRAFFIC SIGNAL,FUNCTIONING PROPERLY,RAIN,"DARKNESS, LIGHTED ROAD",TURNING,FOUR WAY,,STRAIGHT AND LEVEL,WET,UNKNOWN,ON SCENE,INJURY AND / OR TOW DUE TO CRASH,Y,,,"OVER $1,500",7/14/2023 21:47,UNABLE TO DETERMINE,UNABLE TO DETERMINE,2400,N,WESTERN AVE,1431,,,,,,,2,NO INDICATION OF INJURY,0,0,0,0,0,2,0,21,6,7,41.92493594,-87.68779026,POINT (-87.687790254713 41.924935944091)
6d4b874cf66abcac7fcba6fe10429299de9bac32bf8c28589b508714ceb927edbbc4952e8ffc7f7f59e37f94fee181242ed30848cc40f9eddffc4739682013fd,JG340986,,7/14/2023 14:55,30,TRAFFIC SIGNAL,FUNCTIONING PROPERLY,CLEAR,DAYLIGHT,TURNING,FOUR WAY,,STRAIGHT AND LEVEL,DRY,NO DEFECTS,NOT ON SCENE (DESK REPORT),NO INJURY / DRIVE AWAY,,,,"$501 - $1,500",7/14/2023 16:45,UNABLE TO DETERMINE,UNABLE TO DETERMINE,600,S,ASHLAND AVE,1231,,,,,,,2,NO INDICATION OF INJURY,0,0,0,0,0,2,0,14,6,7,41.87413327,-87.66674408,POINT (-87.66674408286 41.874133273384)
6d900fcab55f276fbe9bc333e7ead0d4025c0b009d6803eae305d53a4d6633b703bc9b11811ee57840fbb2e62236ffce4e3b482615b0caf7375b75ade78c5105,JG342207,,7/14/2023 10:19,15,NO CONTROLS,NO CONTROLS,CLEAR,DAYLIGHT,FIXED OBJECT,ALLEY,,STRAIGHT AND LEVEL,UNKNOWN,UNKNOWN,NOT ON SCENE (DESK REPORT),NO INJURY / DRIVE AWAY,,,,"OVER $1,500",7/15/2023 15:00,UNABLE TO DETERMINE,NOT APPLICABLE,209,N,LONG AVE,1523,,,,,,,1,NO INDICATION OF INJURY,0,0,0,0,0,1,0,10,6,7,41.88461951,-87.76009044,POINT (-87.760090440086 41.884619506421)
6e8b375be85f86620377502d7224287ef640af2f6868151e17e3d8d6122ab402bd30390363eb17755762da27262bbad054cb6096d1ba0a504692fbcd9d5753a4,JG340228,,7/14/2023 4:24,30,TRAFFIC SIGNAL,FUNCTIONING PROPERLY,CLEAR,"DARKNESS, LIGHTED ROAD",SIDESWIPE SAME DIRECTION,NOT DIVIDED,,STRAIGHT AND LEVEL,DRY,NO DEFECTS,ON SCENE,INJURY AND / OR TOW DUE TO CRASH,,,,"OVER $1,500",7/14/2023 4:26,UNABLE TO DETERMINE,NOT APPLICABLE,4301,S,CICERO AVE,815,,,,,,,2,NO INDICATION OF INJURY,0,0,0,0,0,2,0,4,6,7,41.81484189,-87.7432081,POINT (-87.743208098805 41.814841893143)
6f046d316052b2dd9a68b3de18f7eaebe36f259e32a9e7b8f919d6c257060ad2a3654790bb832e93b23dc985242bda0add4780ec7ef8f32fe4e1322e43716e32,JG341169,,7/14/2023 17:59,15,NO CONTROLS,NO CONTROLS,CLEAR,DAYLIGHT,REAR TO FRONT,DRIVEWAY,,STRAIGHT AND LEVEL,DRY,NO DEFECTS,NOT ON SCENE (DESK REPORT),NO INJURY / DRIVE AWAY,,Y,,"OVER $1,500",7/14/2023 18:00,UNABLE TO DETERMINE,UNABLE TO DETERMINE,7600,S,KEDZIE AVE,835,,,,,,,2,NO INDICATION OF INJURY,0,0,0,0,0,2,0,17,6,7,41.75517853,-87.70269571,POINT (-87.702695710502 41.755178528007)
734618ba9df4b5f7c98aa65ee53639af9d876874a87d4b0c3d3fc696eda29344aa0a63ea67d7549be0ef61fdce20a30e0124d5ecaf55977a0093b6a1de2f9be2,JG340953,,7/14/2023 13:00,30,NO CONTROLS,NO CONTROLS,CLEAR,DAYLIGHT,REAR END,DIVIDED - W/MEDIAN (NOT RAISED),,STRAIGHT AND LEVEL,DRY,NO DEFECTS,NOT ON SCENE (DESK REPORT),NO INJURY / DRIVE AWAY,,,,"OVER $1,500",7/14/2023 16:15,FOLLOWING TOO CLOSELY,UNABLE TO DETERMINE,6237,N,NAGLE AVE,1611,,,,,,,2,NO INDICATION OF INJURY,0,0,0,0,0,3,0,13,6,7,41.99460073,-87.78737005,POINT (-87.787370050149 41.994600724663)
735b4adbc8db58b59a247f6a5f216f497657c2f472d694444c313bf99524de96fbb1ef9abd47111e28a5ff4d8dbb678cd31908d07c6b46bf4f77aa88c4b6abbb,JG340714,,7/14/2023 12:25,30,UNKNOWN,UNKNOWN,CLEAR,DAYLIGHT,TURNING,DIVIDED - W/MEDIAN (NOT RAISED),,STRAIGHT AND LEVEL,DRY,NO DEFECTS,ON SCENE,INJURY AND / OR TOW DUE TO CRASH,,,,"OVER $1,500",7/14/2023 12:28,IMPROPER TURNING/NO SIGNAL,NOT APPLICABLE,6400,S,CICERO AVE,813,,,,,,,2,NONINCAPACITATING INJURY,1,0,0,1,0,2,0,12,6,7,41.7765116,-87.74237234,POINT (-87.742372341405 41.776511601051)
73c981d93e9f1705eb3860fcfbd37beb7dac35adb2f20366f25f48267b0baebeeb3502ec187de776aa6ef887dba363acac4f3eddff152f4c05310640a167bc62,JG340572,,7/14/2023 11:30,40,NO CONTROLS,NO CONTROLS,CLEAR,DAYLIGHT,SIDESWIPE SAME DIRECTION,DIVIDED - W/MEDIAN BARRIER,,STRAIGHT AND LEVEL,DRY,NO DEFECTS,ON SCENE,INJURY AND / OR TOW DUE TO CRASH,,,,"OVER $1,500",7/14/2023 11:30,FAILING TO REDUCE SPEED TO AVOID CRASH,IMPROPER OVERTAKING/PASSING,600,N,LAKE SHORE DR SB,1834,,,,,,,2,"REPORTED, NOT EVIDENT",1,0,0,0,1,1,0,11,6,7,41.89266728,-87.61436255,POINT (-87.614362548909 41.89266727562)