CRASH_RECORD_ID,RD_NO,CRASH_DATE_EST_I,CRASH_DATE,POSTED_SPEED_LIMIT,TRAFFIC_CONTROL_DEVICE,DEVICE_CONDITION,WEATHER_CONDITION,LIGHTING_CONDITION,FIRST_CRASH_TYPE,TRAFFICWAY_TYPE,LANE_CNT,ALIGNMENT,ROADWAY_SURFACE_COND,ROAD_DEFECT,REPORT_TYPE,CRASH_TYPE,INTERSECTION_RELATED_I,NOT_RIGHT_OF_WAY_I,HIT_AND_RUN_I,DAMAGE,DATE_POLICE_NOTIFIED,PRIM_CONTRIBUTORY_CAUSE,SEC_CONTRIBUTORY_CAUSE,STREET_NO,STREET_DIRECTION,STREET_NAME,BEAT_OF_OCCURRENCE,PHOTOS_TAKEN_I,STATEMENTS_TAKEN_I,DOORING_I,WORK_ZONE_I,WORK_ZONE_TYPE,WORKERS_PRESENT_I,NUM_UNITS,MOST_SEVERE_INJURY,INJURIES_TOTAL,INJURIES_FATAL,INJURIES_INCAPACITATING,INJURIES_NON_INCAPACITATING,INJURIES_REPORTED_NOT_EVIDENT,INJURIES_NO_INDICATION,INJURIES_UNKNOWN,CRASH_HOUR,CRASH_DAY_OF_WEEK,CRASH_MONTH,LATITUDE,LONGITUDE,LOCATION
744e8662a0d8201ede3233b18abd1f2032ddcbe46d2724164d3987d66756e2150f10de5a98b109f69936b1483db7cb9214ca663b94b6855691f1db69b51aff9d,JG341208,,7/14/2023 18:25,20,NO CONTROLS,NO CONTROLS,CLEAR,DAYLIGHT,SIDESWIPE SAME DIRECTION,OTHER,,STRAIGHT AND LEVEL,DRY,NO DEFECTS,ON SCENE,INJURY AND / OR TOW DUE TO CRASH,,,,"OVER $1,500",7/14/2023 18:25,UNABLE TO DETERMINE,NOT APPLICABLE,13,W,I190 EXPY,1654,,,,,,,2,"REPORTED, NOT EVIDENT",1,0,0,0,1,2,0,18,6,7,,,
7538c92c12a8e1f5beb3526d38c4d577fcc00692e7217b36cea217c5d9305b55587f9260d3b8818af4caafa884571743234a3c4b3515f93ee3800b3d62a4acf1,JG341225,,7/14/2023 18:10,35,NO CONTROLS,NO CONTROLS,CLEAR,DAYLIGHT,REAR END,NOT DIVIDED,,STRAIGHT AND LEVEL,DRY,UNKNOWN,ON SCENE,NO INJURY / DRIVE AWAY,,,,"OVER $1,500",7/14/2023 18:14,FOLLOWING TOO CLOSELY,FAILING TO REDUCE SPEED TO AVOID CRASH,2506,S,KEDZIE AVE,1024,,,,,,,3,NO INDICATION OF INJURY,0,0,0,0,0,3,0,18,6,7,41.84607182,-87.70523412,POINT (-87.705234124186 41.846071822773)
756cb0a3fcd8a28fe63e51fd043f6cc092414615fe632c7ba194a9eba553a177e8b24b5df479aa39d1626d499d8fe44a456eb29c40453b3acc00ba83b1d3f93c,JG340547,,7/14/2023 10:00,20,NO CONTROLS,NO CONTROLS,CLEAR,DAYLIGHT,PARKED MOTOR VEHICLE,PARKING LOT,,STRAIGHT AND LEVEL,DRY,NO DEFECTS,NOT ON SCENE (DESK REPORT),NO INJURY / DRIVE AWAY,,,Y,"OVER $1,500",7/14/2023 10:30,UNABLE TO DETERMINE,UNABLE TO DETERMINE,6349,S,COTTAGE GROVE AVE,312,,,,,,,2,NO INDICATION OF INJURY,0,0,0,0,0,1,0,10,6,7,41.77896886,-87.60575208,POINT (-87.605752077236 41.778968861667)
756d00fb6e7809c497fbdd649bdb0f0990b5c17408c79214e825970f1a88fd59940145a47da5cd8ff00a9dfae2434636b700dcd565872e4c7101594750ff94b4,JG340604,,7/14/2023 11:40,30,TRAFFIC SIGNAL,FUNCTIONING PROPERLY,CLEAR,DAYLIGHT,REAR END,FOUR WAY,,STRAIGHT AND LEVEL,DRY,NO DEFECTS,ON SCENE,NO INJURY / DRIVE AWAY,Y,,N,"OVER $1,500",7/14/2023 12:00,FOLLOWING TOO CLOSELY,NOT APPLICABLE,2426,N,WESTERN AVE,1431,,,,,,,3,NO INDICATION OF INJURY,0,0,0,0,0,9,0,11,6,7,41.92580563,-87.68782259,POINT (-87.687822587677 41.925805629244)
76ba07dbe58f4a0bbf4d86bf6424dfdee5dd1a753d05b9cf8001e4f786ed04b58ba06ba16b527bc60e16ee839310d23abd312c665abe6eb8704beeff7578a99e,JG342122,,7/14/2023 13:30,30,TRAFFIC SIGNAL,UNKNOWN,CLEAR,DAYLIGHT,TURNING,NOT DIVIDED,,STRAIGHT AND LEVEL,UNKNOWN,UNKNOWN,NOT ON SCENE (DESK REPORT),NO INJURY / DRIVE AWAY,Y,,,"$501 - $1,500",7/15/2023 13:27,IMPROPER TURNING/NO SIGNAL,UNABLE TO DETERMINE,370,W,BELMONT AVE,1925,,,,,,,2,NO INDICATION OF INJURY,0,0,0,0,0,2,0,13,6,7,41.94025035,-87.63953194,POINT (-87.639531942222 41.940250346377)
76d6260ec64474283859eceb329dc8f42f6ecb01f2cf9e3c2ac33aed21dda3f4100dbe4278673bdc375e35cc150dbfd0f3841ff15199ef43a40a6b4059e3d146,JG344842,N,7/14/2023 9:30,30,TRAFFIC SIGNAL,FUNCTIONING PROPERLY,CLEAR,DAYLIGHT,REAR END,NOT DIVIDED,,STRAIGHT AND LEVEL,DRY,NO DEFECTS,NOT ON SCENE (DESK REPORT),NO INJURY / DRIVE AWAY,Y,,,"OVER $1,500",7/17/2023 15:20,UNABLE TO DETERMINE,UNABLE TO DETERMINE,4408,N,CENTRAL AVE,1622,,,,,,,2,NO INDICATION OF INJURY,0,0,0,0,0,2,0,9,6,7,41.96076108,-87.7673981,POINT (-87.767398099973 41.960761083542)
775a1c556b41e3dc38e7a66bd4ad12a436651afcba1c0c413b7b2b7c1dae5469671422224f3df052341811006ff2afc32831a9861a958256e69677a16aee9543,JG341276,,7/14/2023 13:20,30,NO CONTROLS,NO CONTROLS,CLEAR,DAYLIGHT,PARKED MOTOR VEHICLE,ONE-WAY,,STRAIGHT AND LEVEL,DRY,NO DEFECTS,NOT ON SCENE (DESK REPORT),NO INJURY / DRIVE AWAY,,,Y,"$501 - $1,500",7/14/2023 19:45,UNABLE TO DETERMINE,UNABLE TO DETERMINE,355,E,ERIE ST,1834,,,,,,,2,NO INDICATION OF INJURY,0,0,0,0,0,2,0,13,6,7,41.8941336,-87.61817915,POINT (-87.61817914958 41.894133600184)
77b91e9747971b89d8419b14e62c33fb78bec45ce6f618515d44b080349dbd5bdbeb593686e4dfbd788f5dfc96956cfe1001805d2bd4f88b60a05ebd012ec990,JG340851,,7/14/2023 14:20,30,NO CONTROLS,NO CONTROLS,CLEAR,DAYLIGHT,OTHER OBJECT,DIVIDED - W/MEDIAN (NOT RAISED),,STRAIGHT AND LEVEL,DRY,DEBRIS ON ROADWAY,NOT ON SCENE (DESK REPORT),INJURY AND / OR TOW DUE TO CRASH,,,,"OVER $1,500",7/14/2023 15:00,"EVASIVE ACTION DUE TO ANIMAL, OBJECT, NONMOTORIST","EVASIVE ACTION DUE TO ANIMAL, OBJECT, NONMOTORIST",1437,W,GARFIELD BLVD,713,,,,,,,1,NONINCAPACITATING INJURY,1,0,0,1,0,2,0,14,6,7,41.79359809,-87.66116101,POINT (-87.661161009341 41.793598088447)
7808ed25cffc9079a15135ddd54b76aea11c5dc4e5dcdeda82e4bd172a80642fe754f4a6532af61cd121892f775226daef3492d69000e667ca96075c4671f9c5,JG341190,,7/14/2023 16:08,35,TRAFFIC SIGNAL,FUNCTIONING PROPERLY,CLEAR,DAYLIGHT,REAR END,NOT DIVIDED,,STRAIGHT AND LEVEL,DRY,NO DEFECTS,NOT ON SCENE (DESK REPORT),NO INJURY / DRIVE AWAY,,,Y,"$501 - $1,500",7/14/2023 18:30,FAILING TO REDUCE SPEED TO AVOID CRASH,NOT APPLICABLE,549,W,RANDOLPH ST,121,,,,,,,2,NO INDICATION OF INJURY,0,0,0,0,0,4,0,16,6,7,41.88432406,-87.64169523,POINT (-87.64169522816 41.884324056123)
79a4bc66262a37dd4639d85841be33179a68605ef815425a3250f1d403a365213c703e33713f853c9dde5311e846cc55e1899f1c57bbf98acb7c813daa5d5bdb,JG341353,,7/14/2023 21:23,30,TRAFFIC SIGNAL,FUNCTIONING PROPERLY,CLOUDY/OVERCAST,"DARKNESS, LIGHTED ROAD",SIDESWIPE OPPOSITE DIRECTION,FOUR WAY,,STRAIGHT AND LEVEL,DRY,NO DEFECTS,ON SCENE,INJURY AND / OR TOW DUE TO CRASH,Y,,,"OVER $1,500",7/14/2023 21:28,FOLLOWING TOO CLOSELY,IMPROPER OVERTAKING/PASSING,4100,W,GRAND AVE,2534,,,,,,,2,NONINCAPACITATING INJURY,3,0,0,3,0,1,0,21,6,7,41.9072623,-87.72886623,POINT (-87.728866229465 41.907262296658)
7ae0c0bc9d1ea78f80e7461caadc72ec55d06852c93ca4cd507318628c816d2af179454972ad3aaf00b942ee8962cb23ba9267c86fa40ebe80c7369a781f7dec,JG341724,,7/14/2023 11:30,30,TRAFFIC SIGNAL,FUNCTIONING PROPERLY,RAIN,DAYLIGHT,REAR END,NOT DIVIDED,,STRAIGHT AND LEVEL,WET,NO DEFECTS,NOT ON SCENE (DESK REPORT),NO INJURY / DRIVE AWAY,,,,"OVER $1,500",7/15/2023 8:01,WEATHER,UNABLE TO DETERMINE,1333,E,79TH ST,411,,,,,,,2,NO INDICATION OF INJURY,0,0,0,0,0,2,0,11,6,7,41.75131591,-87.59177456,POINT (-87.591774556012 41.751315910251)
7c2f0800badcfb95bc3a813be4524ce7b7466a1eae15497cddc9b07157d6a4b8aba1884f8d9084118adbe629af13d0a95a3265faf601c9cf9b7803b336dd1c49,JG340253,,7/14/2023 5:01,15,NO CONTROLS,NO CONTROLS,CLEAR,DAWN,PEDESTRIAN,ALLEY,,STRAIGHT AND LEVEL,DRY,UNKNOWN,ON SCENE,INJURY AND / OR TOW DUE TO CRASH,,,,$500 OR LESS,7/14/2023 5:02,NOT APPLICABLE,NOT APPLICABLE,4019,N,MEADE AVE,1624,,,,,,,2,NONINCAPACITATING INJURY,1,0,0,1,0,1,0,5,6,7,41.9535943,-87.77909426,POINT (-87.779094254983 41.953594302658)
7cb3f82f3f2f6d1ed286b3acd41fe094208fdd45fe6872cec0bbd2539c0cee411d79fbb8999fc8741386fbf75a637470d6bebe14ac71a9e3bf7385f25bfbc9a3,JG347454,,7/14/2023 23:32,25,TRAFFIC SIGNAL,FUNCTIONING PROPERLY,RAIN,"DARKNESS, LIGHTED ROAD",REAR END,NOT DIVIDED,,STRAIGHT AND LEVEL,WET,NO DEFECTS,NOT ON SCENE (DESK REPORT),NO INJURY / DRIVE AWAY,,,,"OVER $1,500",7/19/2023 13:10,UNABLE TO DETERMINE,UNABLE TO DETERMINE,10300,S,ELIZABETH ST,2232,,,,,,,2,NO INDICATION OF INJURY,0,0,0,0,0,2,0,23,6,7,41.7067142,-87.65381347,POINT (-87.653813467968 41.706714202986)
7ce55d251dd478e52b442c3a2ec2097fb5a6e6a528b60b06dc0235512a302f6d7da3a1da6b137c68a37c0d6edefca2de1a468badfddc785cc04d85422cc69950,JG340941,,7/14/2023 16:00,30,NO CONTROLS,NO CONTROLS,CLEAR,DAYLIGHT,PARKED MOTOR VEHICLE,NOT DIVIDED,,STRAIGHT AND LEVEL,DRY,NO DEFECTS,NOT ON SCENE (DESK REPORT),NO INJURY / DRIVE AWAY,,,,"OVER $1,500",7/14/2023 16:14,UNABLE TO DETERMINE,UNABLE TO DETERMINE,3223,S,HALSTED ST,915,,,,,,,2,NO INDICATION OF INJURY,0,0,0,0,0,1,0,16,6,7,41.83555378,-87.64607072,POINT (-87.646070715012 41.835553784375)
7d4ab3a9b2c1559fd2b4a8602d422483af94889058bcb0e24a1489b3e205abca20e86dd219c803c836b618d24a38a6895559b18cecaaba2c7e593ed6dc5c4299,JG341940,,7/14/2023 0:01,30,TRAFFIC SIGNAL,FUNCTIONING PROPERLY,CLEAR,DAYLIGHT,SIDESWIPE SAME DIRECTION,NOT DIVIDED,,STRAIGHT AND LEVEL,DRY,NO DEFECTS,NOT ON SCENE (DESK REPORT),NO INJURY / DRIVE AWAY,,,,"$501 - $1,500",7/15/2023 11:35,IMPROPER OVERTAKING/PASSING,FOLLOWING TOO CLOSELY,4409,N,NARRAGANSETT AVE,1622,,,,,,,2,NO INDICATION OF INJURY,0,0,0,0,0,3,0,0,6,7,41.96047774,-87.78666759,POINT (-87.786667588896 41.960477742318)
7d791eac58adacbd9c542eb9ec2e45c42b68e849122cb2e4eb1af912975a98957be6d00dae6f5834d8cd45c11fc3589f547ea42d9072ac6129a17b84cf18e809,JG340648,,7/14/2023 12:05,30,NO CONTROLS,NO CONTROLS,CLEAR,DAYLIGHT,SIDESWIPE SAME DIRECTION,NOT DIVIDED,,STRAIGHT AND LEVEL,DRY,NO DEFECTS,ON SCENE,NO INJURY / DRIVE AWAY,,,,"OVER $1,500",7/14/2023 12:08,PASSING STOPPED SCHOOL BUS,IMPROPER OVERTAKING/PASSING,551,E,90TH ST,633,,,,,,,3,NO INDICATION OF INJURY,0,0,0,0,0,3,0,12,6,7,41.73098422,-87.6099544,POINT (-87.609954402063 41.730984223291)
7d8a87fc3df82d52115faf8f2feaa5dd300b49c00d752924b3830a62d2d25343860539aa96363a33d505d3af4aeb9f55c4cc160c040b67b5349b64089a18dc8d,JG340338,,7/14/2023 8:00,30,NO CONTROLS,NO CONTROLS,CLEAR,DAYLIGHT,REAR TO SIDE,ONE-WAY,,STRAIGHT AND LEVEL,DRY,NO DEFECTS,NOT ON SCENE (DESK REPORT),NO INJURY / DRIVE AWAY,,,,"OVER $1,500",7/14/2023 8:15,IMPROPER BACKING,DISTRACTION - FROM OUTSIDE VEHICLE,441,W,BARRY AVE,1934,,,,,,,2,NO INDICATION OF INJURY,0,0,0,0,0,2,0,8,6,7,41.937601,-87.64108445,POINT (-87.641084446303 41.937600997018)
7e2a962b0cb67bf3e9a7ce209698c4d57b37588ba23a5773ebd4c4a45d436d593acfe3c96964cff54b9fb16adf0e9ec61bce6daf457fe4e473197f52f87d28ac,JG340832,,7/14/2023 13:30,30,UNKNOWN,UNKNOWN,UNKNOWN,UNKNOWN,ANGLE,UNKNOWN,,STRAIGHT AND LEVEL,UNKNOWN,UNKNOWN,NOT ON SCENE (DESK REPORT),NO INJURY / DRIVE AWAY,,,,"OVER $1,500",7/14/2023 15:00,UNABLE TO DETERMINE,NOT APPLICABLE,5099,N,LECLAIRE AVE,1623,,,,,,,2,NO INDICATION OF INJURY,0,0,0,0,0,2,0,13,6,7,41.97340552,-87.75507811,POINT (-87.755078108246 41.973405520716)
8100e2974cd8a35b387127f11499a5a4349988b7023500dad9afc04bd0dbda3f80ffd10750eb3b74e41652a33d0a3d5e6eb3950061476cb50bcb35eb06f7d36c,JG340704,,7/14/2023 13:01,30,TRAFFIC SIGNAL,FUNCTIONING PROPERLY,CLEAR,DAYLIGHT,PEDALCYCLIST,NOT DIVIDED,,STRAIGHT AND LEVEL,DRY,NO DEFECTS,ON SCENE,INJURY AND / OR TOW DUE TO CRASH,Y,,,$500 OR LESS,7/14/2023 13:01,FAILING TO YIELD RIGHT-OF-WAY,FAILING TO YIELD RIGHT-OF-WAY,5100,S,ASHLAND AVE,932,,,,,,,2,"REPORTED, NOT EVIDENT",1,0,0,0,1,1,0,13,6,7,41.80122506,-87.66492096,POINT (-87.664920957694 41.801225060191)
835124af4c4dd3b46db7ae52e7cfe5475f1d93996ffdc3736eb68b2598964b6ac0217d8b15e8eec2ced32dde7eb54b5a6a1a59ea06406b4c48af9f54494cc741,JG341350,,7/14/2023 11:00,30,UNKNOWN,UNKNOWN,UNKNOWN,UNKNOWN,PARKED MOTOR VEHICLE,NOT DIVIDED,,STRAIGHT AND LEVEL,UNKNOWN,UNKNOWN,NOT ON SCENE (DESK REPORT),NO INJURY / DRIVE AWAY,,,,$500 OR LESS,7/14/2023 21:40,NOT APPLICABLE,NOT APPLICABLE,947,W,MONTANA ST,1932,,,,,,,2,NO INDICATION OF INJURY,0,0,0,0,0,1,0,11,6,7,41.92625723,-87.65213719,POINT (-87.652137185949 41.92625722503)
835bed252ed416b2598c5d5f81bf4ba8ddb50032f9eca370ac8ec3355f1a8da9406f64e49ffe3133fd9fd673e1327280ad821ea39771b98c2cf1495ab907b102,JG341221,,7/14/2023 18:27,25,NO CONTROLS,NO CONTROLS,CLEAR,DAYLIGHT,TURNING,NOT DIVIDED,,STRAIGHT AND LEVEL,DRY,NO DEFECTS,ON SCENE,NO INJURY / DRIVE AWAY,Y,,,"OVER $1,500",7/14/2023 18:32,NOT APPLICABLE,NOT APPLICABLE,200,W,FULLERTON DR,1935,,,,,,,3,NO INDICATION OF INJURY,0,0,0,0,0,6,0,18,6,7,41.92584737,-87.6337729,POINT (-87.633772903822 41.925847374264)
835e32ff056a7645c6e16a569d81389fb1d680461ba3af38d1eaea7c4162fd5df6d83eec1d8409a7d3aa4679c7caba4ee116fd946712e3e0d5b0f2226c45eebf,JD340774,,7/14/2023 14:32,30,TRAFFIC SIGNAL,FUNCTIONING PROPERLY,CLEAR,DAYLIGHT,SIDESWIPE SAME DIRECTION,DIVIDED - W/MEDIAN BARRIER,,STRAIGHT ON GRADE,DRY,NO DEFECTS,ON SCENE,NO INJURY / DRIVE AWAY,Y,,,$500 OR LESS,7/14/2023 14:32,DRIVING SKILLS/KNOWLEDGE/EXPERIENCE,IMPROPER LANE USAGE,13000,S,INDIANA AVE,533,,,,,,,2,NO INDICATION OF INJURY,0,0,0,0,0,3,0,14,6,7,41.65900922,-87.61744791,POINT (-87.617447906473 41.659009215787)
8367c36713ce66e4459216aca405c572f417a6e65e09098e865b4dd162c0250ab68846537509361b9fa73d1394926feaa1478d417374e6f70c5183348dcb6fc4,JG340452,,7/14/2023 9:20,30,NO CONTROLS,NO CONTROLS,CLEAR,DAYLIGHT,PARKED MOTOR VEHICLE,PARKING LOT,,STRAIGHT AND LEVEL,DRY,WORN SURFACE,NOT ON SCENE (DESK REPORT),NO INJURY / DRIVE AWAY,,,Y,$500 OR LESS,7/14/2023 10:15,IMPROPER OVERTAKING/PASSING,NOT APPLICABLE,2200,N,HAMILTON AVE,1432,,,,,,,2,NO INDICATION OF INJURY,0,0,0,0,0,2,0,9,6,7,41.92139766,-87.68157838,POINT (-87.681578382882 41.921397658482)
847dcb1a7560d7e6d908781f82f0957caf4a03b0820388a74ef821329b47ba58d7ec47b3c418d8bbc8a3bf022c8f5e221ac2af8a6cd82509a9f90a39955780de,JG340462,,7/14/2023 10:00,30,TRAFFIC SIGNAL,FUNCTIONING PROPERLY,CLEAR,DAYLIGHT,SIDESWIPE SAME DIRECTION,NOT DIVIDED,,STRAIGHT AND LEVEL,DRY,NO DEFECTS,ON SCENE,NO INJURY / DRIVE AWAY,,,,"$501 - $1,500",7/14/2023 10:12,UNABLE TO DETERMINE,NOT APPLICABLE,3098,S,ARCHER AVE,913,,,,,,,2,NO INDICATION OF INJURY,0,0,0,0,0,2,0,10,6,7,41.83779509,-87.66579153,POINT (-87.665791532249 41.837795086945)
8742d69df79f7dfca065abdd6d7b0c8a5ff3eec711db599c4ffd96ca9d374fb520e2dc107a970f0a8613228472d32d8443a15b603fd2606bd0836da76f92f001,JG340456,,7/14/2023 9:50,35,NO CONTROLS,NO CONTROLS,CLEAR,DAYLIGHT,REAR END,DIVIDED - W/MEDIAN BARRIER,,STRAIGHT ON GRADE,WET,NO DEFECTS,ON SCENE,NO INJURY / DRIVE AWAY,,,,"OVER $1,500",7/14/2023 10:30,WEATHER,UNABLE TO DETERMINE,3901,S,PULASKI RD,821,,,,,,,2,NO INDICATION OF INJURY,0,0,0,0,0,2,0,9,6,7,41.82256757,-87.72389402,POINT (-87.723894024461 41.822567567023)
87a090f96c1f69e48b3f14686c99516b87b35ac2e0a1d80e5cd3a89c2ab16ca6b1b5bfda821611cf72471f2544027ad15ebe92e9dcd5ef8c4607fad6927fcd88,JG341039,,7/14/2023 13:55,30,UNKNOWN,UNKNOWN,CLEAR,DAYLIGHT,PARKED MOTOR VEHICLE,ONE-WAY,,STRAIGHT AND LEVEL,DRY,NO DEFECTS,ON SCENE,NO INJURY / DRIVE AWAY,,,,"OVER $1,500",7/14/2023 16:34,FAILING TO YIELD RIGHT-OF-WAY,NOT APPLICABLE,3739,W,CORNELIA AVE,1732,,,,,,,2,NO INDICATION OF INJURY,0,0,0,0,0,4,0,13,6,7,41.94452072,-87.72160141,POINT (-87.721601412758 41.944520715215)
88294e7d2188636fa4024eb007325a7fd3baf5a1aa72b9bfd2a010db1af46ab8b096cf2c749ed8cdda468d5f7e1992e5571be8306e8c0907f9df7fae4535ca90,JG341465,Y,7/14/2023 23:30,30,NO CONTROLS,NO CONTROLS,RAIN,DUSK,PARKED MOTOR VEHICLE,ONE-WAY,,STRAIGHT AND LEVEL,WET,UNKNOWN,ON SCENE,NO INJURY / DRIVE AWAY,,,,"OVER $1,500",7/14/2023 23:36,WEATHER,WEATHER,2600,W,BERWYN AVE,2011,,,,,,,3,,,,,,,,,23,6,7,41.9777859,-87.69423413,POINT (-87.694234127565 41.977785898532)
88d24a7776690718f697fb40890036111dffc41c027efbb106d5b366094f05e31c10b0d37c00fc6a36dd78e5a6b4de1fbbf7acc5982f71f297d5de145f2527c0,JG341387,,7/14/2023 17:15,30,NO CONTROLS,NO CONTROLS,RAIN,"DARKNESS, LIGHTED ROAD",REAR END,NOT DIVIDED,,STRAIGHT AND LEVEL,WET,UNKNOWN,NOT ON SCENE (DESK REPORT),NO INJURY / DRIVE AWAY,,,N,"OVER $1,500",7/14/2023 22:00,UNABLE TO DETERMINE,UNABLE TO DETERMINE,3214,N,PULASKI RD,1731,,,,,,,2,NO INDICATION OF INJURY,0,0,0,0,0,4,0,17,6,7,41.9395478,-87.72734535,POINT (-87.727345351161 41.939547798491)
8ab3c35cda2066f0231b500b30d7ce51e41d099c8df95164ad5fec1d89f87e9a24866a86d02dfa9d179e82f65de3774cd8c16aa80f88370d19c4f67162654120,JG340829,,7/14/2023 13:25,30,TRAFFIC SIGNAL,FUNCTIONING PROPERLY,CLEAR,DAYLIGHT,REAR END,FOUR WAY,,STRAIGHT AND LEVEL,DRY,NO DEFECTS,NOT ON SCENE (DESK REPORT),INJURY AND / OR TOW DUE TO CRASH,,,,"OVER $1,500",7/14/2023 14:00,FOLLOWING TOO CLOSELY,NOT APPLICABLE,9900,S,HALSTED ST,2232,,,,,,,2,NONINCAPACITATING INJURY,2,0,0,2,0,1,0,13,6,7,41.71411887,-87.64314541,POINT (-87.643145408182 41.71411886809)
8bcd634d0cca791fa430b18211773c4376bce10ce0374581aaba6a6a0bf641fa44fa9e107c40160c4be0f309670a936388e8d723159f8fb2c7a3c7604c0dd461,JG341251,,7/14/2023 17:15,30,TRAFFIC SIGNAL,FUNCTIONING PROPERLY,CLEAR,DAYLIGHT,PARKED MOTOR VEHICLE,NOT DIVIDED,,STRAIGHT AND LEVEL,DRY,NO DEFECTS,NOT ON SCENE (DESK REPORT),NO INJURY / DRIVE AWAY,,,,"OVER $1,500",7/14/2023 17:45,NOT APPLICABLE,NOT APPLICABLE,1100,W,DIVISION ST,1822,,,,,,,2,NO INDICATION OF INJURY,0,0,0,0,0,1,0,17,6,7,41.90363993,-87.65554697,POINT (-87.655546970003 41.903639930952)
79620cd2a8ba30590af866122f85271f5e0effe5132e0252ddc103ab47928bc64f4c3e49174fa07e0acf272b4243706a88e89f81a759d2d050a4ebcdc71f9333,JC155146,,2/16/2019 19:12,30,NO CONTROLS,NO CONTROLS,RAIN,DARKNESS,REAR END,ONE-WAY,,STRAIGHT AND LEVEL,DRY,NO DEFECTS,NOT ON SCENE (DESK REPORT),NO INJURY / DRIVE AWAY,Y,,,"$501 - $1,500",2/16/2019 19:49,UNABLE TO DETERMINE,NOT APPLICABLE,8651,S,STATE ST,632,,,,,,,2,NO INDICATION OF INJURY,0,0,0,0,0,2,0,19,7,2,41.73658646,-87.62401916,POINT (-87.624019157417 41.736586460278)
8a82cb75b24d3d5423e027ec3de1e2974f6934a4336abe33daca18556fe7799e32d7fe17c193b7e9d2c571d2376b8986d3d411fa6cc78e7d9e78f9af65af4ed6,JC540832,,12/9/2019 13:10,20,OTHER,UNKNOWN,CLEAR,DAYLIGHT,PARKED MOTOR VEHICLE,PARKING LOT,,STRAIGHT ON GRADE,DRY,UNKNOWN,,NO INJURY / DRIVE AWAY,,Y,Y,"$501 - $1,500",12/9/2019 17:50,IMPROPER BACKING,NOT APPLICABLE,1911,S,INDIANA AVE,132,,,,,,,2,NO INDICATION OF INJURY,0,0,0,0,0,1,0,13,2,12,41.8562988,-87.62214888,POINT (-87.622148880368 41.856298801027)
8c9158587c0de5c2edd71425e56475464966c1773c3c254305e78d1b565a34f15ad1a562974287bb5befd3652c2b7048b650a202e7b47a37f5033bdc17a4f6ea,JG340983,,7/14/2023 16:10,30,NO CONTROLS,NO CONTROLS,CLEAR,DAYLIGHT,REAR END,NOT DIVIDED,,STRAIGHT AND LEVEL,DRY,NO DEFECTS,ON SCENE,INJURY AND / OR TOW DUE TO CRASH,,,,"OVER $1,500",7/14/2023 16:13,FOLLOWING TOO CLOSELY,UNABLE TO DETERMINE,6505,N,RIDGE BLVD,2432,,,,,,,2,NONINCAPACITATING INJURY,2,0,0,2,0,2,0,16,6,7,42.00001241,-87.67762452,POINT (-87.677624516956 42.000012407478)
8cf2250a18c4758e57d4a7a95a31dbd888c7ae0b55233cc7ebbacda06566cd2491ce272ea6b31a103e3451c4d2a3df8ffe5f80141ab2d2e5dd2e832b6b882d76,JG340285,,7/14/2023 6:44,35,NO CONTROLS,NO CONTROLS,CLEAR,DAYLIGHT,TURNING,NOT DIVIDED,,STRAIGHT AND LEVEL,DRY,NO DEFECTS,ON SCENE,INJURY AND / OR TOW DUE TO CRASH,,,Y,"OVER $1,500",7/14/2023 7:40,IMPROPER TURNING/NO SIGNAL,IMPROPER OVERTAKING/PASSING,638,W,MONTROSE AVE,1914,,,,,,,2,NONINCAPACITATING INJURY,2,0,0,2,0,1,0,6,6,7,41.96201464,-87.64684773,POINT (-87.646847725709 41.962014638288)
8d888c97b599bf3f1d39e60cedd629efac64f05fc9983a07cb98d699a4006931adb3a5c5b9a71e20cb90bdf1cf90e50b59ffbe538229ad2bbca67a668a9bf08d,JG340850,,7/14/2023 12:45,35,TRAFFIC SIGNAL,FUNCTIONING PROPERLY,CLEAR,DAYLIGHT,REAR END,DIVIDED - W/MEDIAN (NOT RAISED),,STRAIGHT AND LEVEL,DRY,NO DEFECTS,NOT ON SCENE (DESK REPORT),NO INJURY / DRIVE AWAY,Y,,Y,"OVER $1,500",7/14/2023 15:20,FOLLOWING TOO CLOSELY,UNABLE TO DETERMINE,8700,S,STATE ST,632,,,,,,,2,NO INDICATION OF INJURY,0,0,0,0,0,2,0,12,6,7,41.73620947,-87.62430552,POINT (-87.624305519124 41.736209469449)
8e3ab48eed160bfbeed06dbd0c0733ab9d50bd92ed2f0c5e248b9ddf0c5daf2cf35d746b374265628831d3d08a3cad3aaeb31cd2b5823c08a62bbad246b1408e,JG341297,,7/14/2023 19:10,30,TRAFFIC SIGNAL,FUNCTIONING PROPERLY,CLEAR,DAYLIGHT,REAR END,NOT DIVIDED,,STRAIGHT AND LEVEL,DRY,NO DEFECTS,NOT ON SCENE (DESK REPORT),NO INJURY / DRIVE AWAY,,,,"OVER $1,500",7/14/2023 20:15,FOLLOWING TOO CLOSELY,FOLLOWING TOO CLOSELY,2800,W,63RD ST,823,,,,,,,2,NO INDICATION OF INJURY,0,0,0,0,0,2,0,19,6,7,41.77922453,-87.69345644,POINT (-87.693456441033 41.779224532387)