CRASH_RECORD_ID,RD_NO,CRASH_DATE_EST_I,CRASH_DATE,POSTED_SPEED_LIMIT,TRAFFIC_CONTROL_DEVICE,DEVICE_CONDITION,WEATHER_CONDITION,LIGHTING_CONDITION,FIRST_CRASH_TYPE,TRAFFICWAY_TYPE,LANE_CNT,ALIGNMENT,ROADWAY_SURFACE_COND,ROAD_DEFECT,REPORT_TYPE,CRASH_TYPE,INTERSECTION_RELATED_I,NOT_RIGHT_OF_WAY_I,HIT_AND_RUN_I,DAMAGE,DATE_POLICE_NOTIFIED,PRIM_CONTRIBUTORY_CAUSE,SEC_CONTRIBUTORY_CAUSE,STREET_NO,STREET_DIRECTION,STREET_NAME,BEAT_OF_OCCURRENCE,PHOTOS_TAKEN_I,STATEMENTS_TAKEN_I,DOORING_I,WORK_ZONE_I,WORK_ZONE_TYPE,WORKERS_PRESENT_I,NUM_UNITS,MOST_SEVERE_INJURY,INJURIES_TOTAL,INJURIES_FATAL,INJURIES_INCAPACITATING,INJURIES_NON_INCAPACITATING,INJURIES_REPORTED_NOT_EVIDENT,INJURIES_NO_INDICATION,INJURIES_UNKNOWN,CRASH_HOUR,CRASH_DAY_OF_WEEK,CRASH_MONTH,LATITUDE,LONGITUDE,LOCATION
8ec17ea0549859a46b3a7de056a45346bd2db659f5ac75df40cdb0dacfae15a87e095040483f269fb2607880c2a054879624ca9d50661c4251d16d1e083b7300,JG341179,,7/14/2023 17:50,30,UNKNOWN,UNKNOWN,CLEAR,DAYLIGHT,REAR END,DIVIDED - W/MEDIAN (NOT RAISED),,STRAIGHT AND LEVEL,DRY,UNKNOWN,NOT ON SCENE (DESK REPORT),NO INJURY / DRIVE AWAY,,,,"OVER $1,500",7/14/2023 18:20,UNABLE TO DETERMINE,UNABLE TO DETERMINE,1000,W,FOSTER AVE,2023,,,,,,,2,NO INDICATION OF INJURY,0,0,0,0,0,2,0,17,6,7,41.97650512,-87.65503188,POINT (-87.655031882248 41.976505115957)
8f93faf704bfd1191759dc3f92a8bf8c63aae08de6d8040eb9fddf3ca433fa33cf1db922c75b706ce85bc923d60adfdee2fa6048c363e080affc64464a41fbf5,JG341065,Y,7/14/2023 10:00,30,NO CONTROLS,NO CONTROLS,CLEAR,DAYLIGHT,PARKED MOTOR VEHICLE,ONE-WAY,,STRAIGHT ON GRADE,DRY,"RUT, HOLES",ON SCENE,NO INJURY / DRIVE AWAY,,,Y,"OVER $1,500",7/14/2023 15:45,UNABLE TO DETERMINE,UNABLE TO DETERMINE,8446,S,DREXEL AVE,632,,,,,,,2,NO INDICATION OF INJURY,0,0,0,0,0,1,0,10,6,7,41.74075264,-87.60265808,POINT (-87.602658078886 41.740752644095)
9261070c9e75cf19c26f644dca9c5153eb3e2deba50bba53a488c3a3457ce597027f2c0f6d790e3a9b9b749be8fc9733662e6480de3c9e529825812a528f8aa3,JG340516,,7/14/2023 9:41,10,NO CONTROLS,NO CONTROLS,CLEAR,DAYLIGHT,SIDESWIPE SAME DIRECTION,PARKING LOT,,STRAIGHT AND LEVEL,DRY,NO DEFECTS,ON SCENE,NO INJURY / DRIVE AWAY,,Y,,"$501 - $1,500",7/14/2023 10:10,IMPROPER OVERTAKING/PASSING,ROAD CONSTRUCTION/MAINTENANCE,7300,N,WESTERN AVE,2411,,,,,,,2,NO INDICATION OF INJURY,0,0,0,0,0,2,0,9,6,7,42.01418398,-87.69037835,POINT (-87.69037834982 42.014183982852)
937461e8efe683c7e83087d6fd59a03e605802bb2eb0e7cde48ce6ccd54676ee04724bb270e1beabd94442d9909be4e9f7ce7fbad36d93e3ef057d74ed1b8435,JG341478,,7/14/2023 23:51,15,NO CONTROLS,NO CONTROLS,CLEAR,"DARKNESS, LIGHTED ROAD",PARKED MOTOR VEHICLE,PARKING LOT,,STRAIGHT AND LEVEL,WET,UNKNOWN,ON SCENE,INJURY AND / OR TOW DUE TO CRASH,,,Y,"OVER $1,500",7/14/2023 23:53,FAILING TO REDUCE SPEED TO AVOID CRASH,UNABLE TO DETERMINE,3600,S,WOOD ST,912,,,,,,,3,NO INDICATION OF INJURY,0,0,0,0,0,2,0,23,6,7,41.82852536,-87.67049729,POINT (-87.670497285493 41.828525362004)
9476ae9a9e0ca5c52868033df2dbccfd7616ef4e0dca088ca2c07372640da6f8df3d095e0b4747d1b7ff2c0e560285a1161854261583ee62f1cd9d8428802dd8,JG341012,,7/14/2023 14:00,10,NO CONTROLS,NO CONTROLS,CLEAR,DAYLIGHT,PARKED MOTOR VEHICLE,PARKING LOT,,STRAIGHT AND LEVEL,DRY,NO DEFECTS,NOT ON SCENE (DESK REPORT),NO INJURY / DRIVE AWAY,,,Y,$500 OR LESS,7/14/2023 16:45,UNABLE TO DETERMINE,UNABLE TO DETERMINE,728,N,MORGAN ST,1214,,,,,,,2,NO INDICATION OF INJURY,0,0,0,0,0,1,0,14,6,7,41.89551289,-87.65275923,POINT (-87.652759226251 41.895512886743)
97b9e3a60d1d886901a2bbe1c342f4c03f9898ba2f8bb4eafb06c16c38d8a22894781a160fc13a492186a8639817c7d4b1a0ccbe1a660a3cc4f3ef208e0d68ea,JG341300,,7/14/2023 19:30,30,TRAFFIC SIGNAL,UNKNOWN,CLOUDY/OVERCAST,DAYLIGHT,SIDESWIPE SAME DIRECTION,NOT DIVIDED,,STRAIGHT AND LEVEL,UNKNOWN,UNKNOWN,NOT ON SCENE (DESK REPORT),NO INJURY / DRIVE AWAY,,,,"$501 - $1,500",7/14/2023 20:08,IMPROPER OVERTAKING/PASSING,UNABLE TO DETERMINE,3551,N,SHEFFIELD AVE,1924,,,,,,,2,NO INDICATION OF INJURY,0,0,0,0,0,2,0,19,6,7,41.94692543,-87.65417269,POINT (-87.654172688359 41.946925432258)
98976d1b9d21d98f976f9bd2f76f78bf1dee430df13e06a98aaefa512cdde062f4e4d9a239114fb332fc5f1fc3f5d0f15873abf4f49f60204a988246bbecf23a,JG345314,,7/14/2023 23:20,30,NO CONTROLS,NO CONTROLS,CLEAR,"DARKNESS, LIGHTED ROAD",ANGLE,DIVIDED - W/MEDIAN (NOT RAISED),,STRAIGHT AND LEVEL,DRY,OTHER,NOT ON SCENE (DESK REPORT),NO INJURY / DRIVE AWAY,,,,"OVER $1,500",7/17/2023 21:20,IMPROPER OVERTAKING/PASSING,NOT APPLICABLE,4867,W,MAYPOLE AVE,1532,,,,,,,2,NO INDICATION OF INJURY,0,0,0,0,0,2,0,23,6,7,41.88430912,-87.74780477,POINT (-87.74780477078 41.884309116499)
98dc72ae60bebd8e555c728ffc580e67a712865c56c53f040d8079af45be288bfa9c46f0de7eaaf455c7f12d9038ec46b1f876b4ceedcb0f47d0999953a4ef9f,JG348908,,7/14/2023 12:03,15,NO CONTROLS,NO CONTROLS,CLEAR,DAYLIGHT,FIXED OBJECT,OTHER,,STRAIGHT AND LEVEL,DRY,NO DEFECTS,,NO INJURY / DRIVE AWAY,,Y,,"OVER $1,500",7/14/2023 18:00,NOT APPLICABLE,NOT APPLICABLE,1410,N,STATE PKWY,1824,,,,,,,1,NO INDICATION OF INJURY,0,0,0,0,0,1,0,12,6,7,41.90815164,-87.62893729,POINT (-87.628937285974 41.90815164312)
79ed35db6f08b533f99aaf2745444484ece929a120617411ee8c14176178fadb8fe69e21100cd0d00211ac5277dc29f66f32e7b489df73a2b1eca2c9b0919d5f,JD450497,,12/5/2020 14:50,30,UNKNOWN,UNKNOWN,UNKNOWN,UNKNOWN,TURNING,UNKNOWN,,STRAIGHT AND LEVEL,UNKNOWN,UNKNOWN,NOT ON SCENE (DESK REPORT),NO INJURY / DRIVE AWAY,,,,"OVER $1,500",12/5/2020 15:20,UNABLE TO DETERMINE,NOT APPLICABLE,5099,W,FOSTER AVE,1623,,,,,,,2,NO INDICATION OF INJURY,0,0,0,0,0,4,0,14,7,12,41.97513724,-87.7552164,POINT (-87.755216401178 41.975137240251)
97b1f90454d865a3832e790387164494c5d068de64d00d1368144a2bfc3d17c305c9aae5b6e30ccf107d20c825b55c5dd2992b1e9100481a2882000778093989,JG276231,,5/26/2023 12:29,5,NO CONTROLS,NO CONTROLS,CLEAR,DAYLIGHT,FIXED OBJECT,ALLEY,,STRAIGHT AND LEVEL,DRY,NO DEFECTS,,NO INJURY / DRIVE AWAY,,Y,,$500 OR LESS,5/26/2023 12:30,UNABLE TO DETERMINE,NOT APPLICABLE,1347,E,71ST PL,324,,,,,,,1,NO INDICATION OF INJURY,0,0,0,0,0,1,0,12,6,5,41.76499364,-87.59153884,POINT (-87.591538843825 41.764993634877)
9920ca692c77ef0fc9b158ebcdd506264118a00b3472393647f113bbff1bbf06b0f431a1e6d45d8b092d299f83765a78dbefcd33437ad2f11ec2f1c3a36c08b8,JG341150,,7/14/2023 17:28,30,NO CONTROLS,NO CONTROLS,CLEAR,DAYLIGHT,REAR END,NOT DIVIDED,,STRAIGHT AND LEVEL,DRY,NO DEFECTS,ON SCENE,INJURY AND / OR TOW DUE TO CRASH,,,Y,"OVER $1,500",7/14/2023 17:35,UNABLE TO DETERMINE,UNABLE TO DETERMINE,7200,S,SOUTH CHICAGO AVE,323,,Y,,,,,2,NONINCAPACITATING INJURY,1,0,0,1,0,1,0,17,6,7,41.76430252,-87.60359202,POINT (-87.603592022818 41.764302516945)
9b08fe7efdcc3ea67fecb7878a118574ce6967f85abf0df54f63d5ee95e29164992a941eb1405da8b251aa7a81cca93c306dfd2e9b0dc9863d7a9fbea1c8c1c8,JG340252,,7/14/2023 5:00,30,NO CONTROLS,FUNCTIONING PROPERLY,CLEAR,DAYLIGHT,FIXED OBJECT,NOT DIVIDED,,STRAIGHT AND LEVEL,DRY,NO DEFECTS,ON SCENE,INJURY AND / OR TOW DUE TO CRASH,,,,"OVER $1,500",7/14/2023 5:10,UNABLE TO DETERMINE,NOT APPLICABLE,3903,S,HALSTED ST,925,,,,,,,1,NO INDICATION OF INJURY,0,0,0,0,0,1,0,5,6,7,41.82330942,-87.64577246,POINT (-87.645772461292 41.823309417874)
9b642b24e0126d48fdedbed5ce9edde6ed47dc38c64ef6ed348ffce10064df62e015ba274268746af7cb13afa43c034e6e9315c9776ac5645afbe4310a4b73e9,JG353375,,7/14/2023 14:30,30,TRAFFIC SIGNAL,FUNCTIONING PROPERLY,CLEAR,DAYLIGHT,TURNING,FOUR WAY,,STRAIGHT AND LEVEL,DRY,NO DEFECTS,NOT ON SCENE (DESK REPORT),INJURY AND / OR TOW DUE TO CRASH,Y,,Y,"OVER $1,500",7/23/2023 23:30,"OPERATING VEHICLE IN ERRATIC, RECKLESS, CARELESS, NEGLIGENT OR AGGRESSIVE MANNER",NOT APPLICABLE,11100,S,WESTERN AVE,2212,,,,,,,2,NO INDICATION OF INJURY,0,0,0,0,0,3,0,14,6,7,41.69172739,-87.68130013,POINT (-87.681300128278 41.691727387818)
7aac5282f033a1c517aa6a485d940f7a7464c6d23222a12365029924bbeb707710083dacdd6803a0c3560f2ef2acbf45671707228a327d1447e6d02e112e492b,JD272622,,6/22/2020 15:30,15,NO CONTROLS,NO CONTROLS,CLEAR,DAYLIGHT,PARKED MOTOR VEHICLE,PARKING LOT,,STRAIGHT AND LEVEL,DRY,NO DEFECTS,ON SCENE,NO INJURY / DRIVE AWAY,,Y,,$500 OR LESS,6/22/2020 15:34,NOT APPLICABLE,NOT APPLICABLE,1300,S,CLINTON ST,124,,,,,,,2,,,,,,,,,15,2,6,41.86553468,-87.64081331,POINT (-87.64081331229 41.865534677771)
9c0f8578159f847a554ac76f2e9af5a0dbf02553ab05903d92f57c8f2487f067126cc03235acadfbb1c1f43298ec3e0dbe66af2d69d74e8d5c4c205d23e9ac0b,JG341303,,7/14/2023 17:30,35,OTHER,UNKNOWN,UNKNOWN,UNKNOWN,PARKED MOTOR VEHICLE,ONE-WAY,,STRAIGHT AND LEVEL,UNKNOWN,UNKNOWN,NOT ON SCENE (DESK REPORT),NO INJURY / DRIVE AWAY,,,Y,"OVER $1,500",7/14/2023 20:05,IMPROPER BACKING,UNABLE TO DETERMINE,60,E,MONROE ST,112,,,,,,,2,NO INDICATION OF INJURY,0,0,0,0,0,1,0,17,6,7,41.88091068,-87.62550911,POINT (-87.62550910573 41.880910681031)
9db2db844cd9d2dbfe02996943bf9960bd9015a54641ab0332ccbb4dae023c332491b24e09de19a4f98da79940931dfb21de8245799b429a68b4585357afd18d,JG341985,,7/14/2023 12:30,10,NO CONTROLS,NO CONTROLS,CLEAR,DAYLIGHT,PARKED MOTOR VEHICLE,DRIVEWAY,,STRAIGHT ON GRADE,DRY,NO DEFECTS,NOT ON SCENE (DESK REPORT),NO INJURY / DRIVE AWAY,,,,"OVER $1,500",7/15/2023 11:53,FAILING TO REDUCE SPEED TO AVOID CRASH,UNABLE TO DETERMINE,10048,S,PAXTON AVE,431,,,,,,,2,NO INDICATION OF INJURY,0,0,0,0,0,1,0,12,6,7,41.71196716,-87.56954816,POINT (-87.569548156198 41.711967162679)
9f16c9685a9bd06a16fb82371670884761260835e397419029d5a1ddfb99754d20665b12146e8e92f0ab6186dbdddbc65d9e2400d238cdcf9551e8c4996372a6,JG340646,,7/14/2023 12:15,15,STOP SIGN/FLASHER,FUNCTIONING PROPERLY,CLEAR,DAYLIGHT,OTHER OBJECT,OTHER,,STRAIGHT AND LEVEL,DRY,NO DEFECTS,ON SCENE,NO INJURY / DRIVE AWAY,,Y,,"OVER $1,500",7/14/2023 12:23,DRIVING SKILLS/KNOWLEDGE/EXPERIENCE,NOT APPLICABLE,2404,S,WOLCOTT AVE,1034,,,,,,,1,NO INDICATION OF INJURY,0,0,0,0,0,1,0,12,6,7,41.84832466,-87.67343416,POINT (-87.673434156694 41.848324655385)
9e7fa0060781acb0a66910885514b79fe82e49fb493da96d106ffbf6ec8be4b736525c0278bd9d2c75512c6fc3bc877e18cb67b1994ff59c70e9c58346fb858f,JD188797,,3/16/2020 12:45,10,NO CONTROLS,NO CONTROLS,CLEAR,DAYLIGHT,ANGLE,PARKING LOT,,STRAIGHT AND LEVEL,DRY,NO DEFECTS,,INJURY AND / OR TOW DUE TO CRASH,,,,"OVER $1,500",3/17/2020 17:50,IMPROPER BACKING,UNABLE TO DETERMINE,5015,W,MADISON ST,1533,,,,,,,2,NO INDICATION OF INJURY,0,0,0,0,0,4,0,12,2,3,41.88031771,-87.75074636,POINT (-87.750746355478 41.880317711527)
a0acf7b55d85b40ba7cd276c6db51ab960490cadd9c3c64f9f3e750d188d7b19645c0a72b8ae3c77cb2f3e83ddd652f6d8b16d763766e130833bd31c9dbed11e,JG341250,,7/14/2023 18:45,30,NO CONTROLS,NO CONTROLS,CLEAR,DAYLIGHT,TURNING,TRAFFIC ROUTE,,STRAIGHT AND LEVEL,DRY,NO DEFECTS,ON SCENE,NO INJURY / DRIVE AWAY,Y,,,"$501 - $1,500",7/14/2023 19:15,NOT APPLICABLE,NOT APPLICABLE,5601,N,CUMBERLAND AVE,1614,,,,,,,2,NO INDICATION OF INJURY,0,0,0,0,0,3,0,18,6,7,41.98120565,-87.83643433,POINT (-87.836434326742 41.98120564746)
a0b7c5dcfa0fdb3b200273bd387ce9971c37d1d000fb051c10ee9ab262416acb386856bfe6986c6a339e480520702a8aa1a8707f3190d678a039d4de8f651974,JG341346,,7/14/2023 21:05,30,STOP SIGN/FLASHER,FUNCTIONING PROPERLY,CLEAR,"DARKNESS, LIGHTED ROAD",REAR END,FOUR WAY,,STRAIGHT AND LEVEL,DRY,UNKNOWN,NOT ON SCENE (DESK REPORT),NO INJURY / DRIVE AWAY,,,Y,"OVER $1,500",7/14/2023 21:19,FAILING TO REDUCE SPEED TO AVOID CRASH,"OPERATING VEHICLE IN ERRATIC, RECKLESS, CARELESS, NEGLIGENT OR AGGRESSIVE MANNER",3530,W,23RD ST,1024,,,,,,,2,NO INDICATION OF INJURY,0,0,0,0,0,2,0,21,6,7,41.84997243,-87.71366454,POINT (-87.713664535574 41.849972424566)
a16cf3b9e7ea2dd094227d26dc25f09def0da90ff54483f4fb550c17f43d04e2a47d2a6f3a9c4d63997880744dfa8c369a5b0e03c6833df00cb1eb5c58c73655,JG341038,,7/14/2023 16:25,30,TRAFFIC SIGNAL,FUNCTIONING PROPERLY,CLEAR,DAYLIGHT,REAR END,DIVIDED - W/MEDIAN (NOT RAISED),,STRAIGHT AND LEVEL,DRY,NO DEFECTS,ON SCENE,INJURY AND / OR TOW DUE TO CRASH,,,,"OVER $1,500",7/14/2023 16:34,EQUIPMENT - VEHICLE CONDITION,FAILING TO REDUCE SPEED TO AVOID CRASH,6327,N,CENTRAL AVE,1621,,,,,,,3,"REPORTED, NOT EVIDENT",2,0,0,0,2,2,0,16,6,7,41.99664941,-87.7638767,POINT (-87.763876695813 41.996649414108)
a231a3b27a52785a90a57e6ffe26c18718005a39cae1e69582987fd0bc45795bfb36a73739880fe9d4a33bf2b1210a2870740ada3cf448501e62b70556b512d6,JG341682,Y,7/14/2023 11:04,30,NO CONTROLS,NO CONTROLS,RAIN,"DARKNESS, LIGHTED ROAD",REAR END,DIVIDED - W/MEDIAN (NOT RAISED),,STRAIGHT AND LEVEL,WET,UNKNOWN,NOT ON SCENE (DESK REPORT),NO INJURY / DRIVE AWAY,,,Y,"OVER $1,500",7/15/2023 7:02,UNABLE TO DETERMINE,UNABLE TO DETERMINE,2015,W,69TH ST,735,,,,,,,3,NO INDICATION OF INJURY,0,0,0,0,0,2,0,11,6,7,41.76832365,-87.67427372,POINT (-87.674273715062 41.768323650219)
a30e6918dd08dc3926490e1f64d6e6300b9a1d57c782d7674b7c75d81fce9f1803a5b68c62c4283e28eb16ae0433e8ed67611dd360d2e3515f066d5374b6d4e9,JG341402,,7/14/2023 22:11,40,NO CONTROLS,NO CONTROLS,RAIN,"DARKNESS, LIGHTED ROAD",SIDESWIPE SAME DIRECTION,DIVIDED - W/MEDIAN BARRIER,,STRAIGHT AND LEVEL,WET,NO DEFECTS,ON SCENE,NO INJURY / DRIVE AWAY,,,Y,"$501 - $1,500",7/14/2023 22:15,IMPROPER OVERTAKING/PASSING,FAILING TO REDUCE SPEED TO AVOID CRASH,1021,N,LAKE SHORE DR NB,1824,,,,,,,2,NO INDICATION OF INJURY,0,0,0,0,0,2,0,22,6,7,41.90152792,-87.62138617,POINT (-87.621386171565 41.901527918816)
a3be5f59f88f0f06eefd7123c1d32c8a471c0013cb7ee5bcb431cf1a5499c2aaa41dc57f3205629a2435a91aed4ca33e2cdfaa66e9fec8ca44c6ed65dde4d298,JG341133,,7/14/2023 17:30,20,STOP SIGN/FLASHER,NO CONTROLS,CLEAR,DAYLIGHT,PEDALCYCLIST,NOT DIVIDED,,STRAIGHT AND LEVEL,DRY,NO DEFECTS,ON SCENE,NO INJURY / DRIVE AWAY,,,,"$501 - $1,500",7/14/2023 17:43,UNABLE TO DETERMINE,UNABLE TO DETERMINE,3400,N,OAK PARK AVE,1632,,,,,,,2,NO INDICATION OF INJURY,0,0,0,0,0,2,0,17,6,7,41.94190142,-87.79599,POINT (-87.795989999621 41.941901418645)
a4a7fa9a6b68e1e3311268f467dd1d9c452030daba93d3d7520ba40d7ea25f41a52ffd4ae8d9f7f5a5681c13fbefa0a988bc766e1ab359a8997a2a8fad68666e,JG341231,,7/14/2023 19:01,30,NO CONTROLS,NO CONTROLS,CLEAR,DAYLIGHT,REAR END,NOT DIVIDED,,STRAIGHT AND LEVEL,DRY,UNKNOWN,ON SCENE,INJURY AND / OR TOW DUE TO CRASH,,,,"OVER $1,500",7/14/2023 19:01,FOLLOWING TOO CLOSELY,NOT APPLICABLE,5651,W,BELMONT AVE,2514,,,,,,,4,NONINCAPACITATING INJURY,1,0,0,1,0,3,0,19,6,7,41.93843965,-87.76855274,POINT (-87.768552739004 41.938439648426)
a50db985f80ff846960443f220fb903736457600e0dae46c909966440a5cfd4851c58f73a25802d135c9d9b9b4d7c7d5fbc5e4b300494458bdd9d41941502c39,JG341370,,7/14/2023 20:55,30,NO CONTROLS,NO CONTROLS,CLEAR,"DARKNESS, LIGHTED ROAD",REAR END,DIVIDED - W/MEDIAN (NOT RAISED),,STRAIGHT AND LEVEL,DRY,NO DEFECTS,NOT ON SCENE (DESK REPORT),NO INJURY / DRIVE AWAY,,,Y,"OVER $1,500",7/14/2023 21:40,FOLLOWING TOO CLOSELY,UNABLE TO DETERMINE,8700,S,MARSHFIELD AVE,2221,,,,,,,3,NO INDICATION OF INJURY,0,0,0,0,0,4,0,20,6,7,41.73568058,-87.66442317,POINT (-87.664423170851 41.735680578589)
a559554e73be7b8b47ef5d008594d61e8978952286b65aa41a922acaf764497ae01454076de3f42ebc2e94ebc45eff57fbe0a721dfc93fd6e46a315ac866833a,JG340660,,7/14/2023 12:28,15,NO CONTROLS,NO CONTROLS,CLEAR,DAYLIGHT,SIDESWIPE SAME DIRECTION,PARKING LOT,,STRAIGHT AND LEVEL,DRY,NO DEFECTS,NOT ON SCENE (DESK REPORT),NO INJURY / DRIVE AWAY,,Y,Y,"OVER $1,500",7/14/2023 12:50,IMPROPER BACKING,UNABLE TO DETERMINE,2805,W,DIVISION ST,1211,,,,,,,2,NO INDICATION OF INJURY,0,0,0,0,0,3,0,12,6,7,41.90281333,-87.69712881,POINT (-87.697128813625 41.902813329785)
a70323a69f56a2fae97a531b040fd6387466839aa99c9dd77969f8d11601704c926c6fe07b6356b0934bcc5291ca6c3ec2ce47e2bad4e6ae48117524438d86c1,JG341287,,7/14/2023 18:07,30,NO CONTROLS,NO CONTROLS,UNKNOWN,UNKNOWN,SIDESWIPE SAME DIRECTION,DIVIDED - W/MEDIAN BARRIER,,STRAIGHT AND LEVEL,UNKNOWN,UNKNOWN,NOT ON SCENE (DESK REPORT),NO INJURY / DRIVE AWAY,,,,"$501 - $1,500",7/14/2023 19:30,UNABLE TO DETERMINE,NOT APPLICABLE,1000,N,LAKE SHORE DR NB,1824,,,,,,,2,NO INDICATION OF INJURY,0,0,0,0,0,2,0,18,6,7,41.90095892,-87.61992817,POINT (-87.619928173678 41.900958919109)
a8b5e8eaa0ba2bcdb92e096a1e214def6c9a20bebafacf19565cdd5f699ae59b373db3d21b3e8a8e487019ae9e3168bfce8e83477523f33d7bba6374f34fdf49,JG344940,,7/14/2023 15:15,30,NO CONTROLS,NO CONTROLS,CLEAR,DAYLIGHT,REAR END,NOT DIVIDED,,STRAIGHT AND LEVEL,DRY,NO DEFECTS,NOT ON SCENE (DESK REPORT),NO INJURY / DRIVE AWAY,,,,"OVER $1,500",7/17/2023 16:52,FOLLOWING TOO CLOSELY,UNABLE TO DETERMINE,6372,N,CALDWELL AVE,1621,,,,,,,2,NO INDICATION OF INJURY,0,0,0,0,0,2,0,15,6,7,41.99681231,-87.76593523,POINT (-87.765935226775 41.996812306333)
aa3ca5fb5e53a6d8c7b435047ab2b572edad88efba424beff645a9a22ab5d9b2d88e62350f8205de7d075fc6a3c1cb00cef9cf60581c89218216ac0efaca8a5c,JG340918,,7/14/2023 13:34,25,STOP SIGN/FLASHER,NOT FUNCTIONING,CLEAR,DAYLIGHT,REAR END,ONE-WAY,,STRAIGHT AND LEVEL,DRY,NO DEFECTS,NOT ON SCENE (DESK REPORT),NO INJURY / DRIVE AWAY,Y,,,"$501 - $1,500",7/14/2023 16:00,IMPROPER BACKING,NOT APPLICABLE,4804,N,NORDICA AVE,1613,,,,,,,2,NO INDICATION OF INJURY,0,0,0,0,0,2,0,13,6,7,41.96845438,-87.80267592,POINT (-87.802675921609 41.968454383257)
ab94884c3f1dccb0669e4f4a28a60e6a815a2b4677bfba14d843e012d445f7f05cb016cf2d562c2837f5b7cb7c98eaaefa99feac8bab55971e0d29fed6e630fd,JG341265,,7/14/2023 15:51,30,NO CONTROLS,NO CONTROLS,CLEAR,DAYLIGHT,PARKED MOTOR VEHICLE,ONE-WAY,,STRAIGHT AND LEVEL,DRY,NO DEFECTS,NOT ON SCENE (DESK REPORT),NO INJURY / DRIVE AWAY,,,Y,"$501 - $1,500",7/14/2023 19:33,CELL PHONE USE OTHER THAN TEXTING,CELL PHONE USE OTHER THAN TEXTING,639,W,61ST ST,711,,,,,,,2,NO INDICATION OF INJURY,0,0,0,0,0,2,0,15,6,7,41.78333025,-87.64160496,POINT (-87.641604957845 41.783330251871)
acf48f5cc15ae3f97252d1c4e9fe56012e3229b5dc226a4750b88ef78ee69cd8280700763700c3f4a8c4c33ce3e526ef17322022773aebd4fc4898349cdc027f,JG340671,,7/14/2023 10:30,30,NO CONTROLS,NO CONTROLS,CLEAR,DAYLIGHT,TURNING,NOT DIVIDED,,STRAIGHT AND LEVEL,DRY,UNKNOWN,NOT ON SCENE (DESK REPORT),NO INJURY / DRIVE AWAY,,,,"OVER $1,500",7/14/2023 12:54,IMPROPER TURNING/NO SIGNAL,UNABLE TO DETERMINE,3200,W,47TH ST,821,,,,,,,2,NO INDICATION OF INJURY,0,0,0,0,0,2,0,10,6,7,41.80822625,-87.70403167,POINT (-87.70403167216 41.808226246244)
ad30b1ecd21f4626cadcf69e355d1b21b942bfe3046e7b5d24d215084b236204a3229239f7a649c4190b571ea56ef225b9d6576373dffd8090129be95465bad3,JG341427,,7/14/2023 21:30,30,NO CONTROLS,NO CONTROLS,RAIN,"DARKNESS, LIGHTED ROAD",SIDESWIPE SAME DIRECTION,NOT DIVIDED,,STRAIGHT AND LEVEL,WET,NO DEFECTS,ON SCENE,INJURY AND / OR TOW DUE TO CRASH,,,Y,"OVER $1,500",7/14/2023 21:39,FAILING TO REDUCE SPEED TO AVOID CRASH,UNABLE TO DETERMINE,2336,S,MICHIGAN AVE,131,,,,,,,2,"REPORTED, NOT EVIDENT",1,0,0,0,1,1,0,21,6,7,41.85000055,-87.62387981,POINT (-87.623879810429 41.850000548492)
ae5fcd70b9df027d60d82f0a190955b554d0fab98c93d6a95adfbaa8825c4c176cbbef74055405b9516157935158993bbd3cf5b7c3e738e9a9d98b32bed7022d,JG340521,,7/14/2023 10:20,30,NO CONTROLS,NO CONTROLS,CLEAR,DAYLIGHT,SIDESWIPE SAME DIRECTION,DIVIDED - W/MEDIAN BARRIER,,STRAIGHT AND LEVEL,DRY,NO DEFECTS,NOT ON SCENE (DESK REPORT),INJURY AND / OR TOW DUE TO CRASH,,,,"$501 - $1,500",7/14/2023 10:29,IMPROPER LANE USAGE,UNABLE TO DETERMINE,331,S,WESTERN AVE,1225,,,,,,,2,NONINCAPACITATING INJURY,1,0,0,1,0,1,0,10,6,7,41.87658451,-87.68615674,POINT (-87.68615674195 41.876584510746)
ae72e770e3f92bda9bd969f44de0e25d3ebf694b30d2fa6c1fd980605c9d7347abe8d24901ab7482b0fac38e22fed8db232011276a099a2a1b89da9415498245,JG341196,,7/14/2023 17:43,30,TRAFFIC SIGNAL,FUNCTIONING PROPERLY,CLEAR,DAYLIGHT,ANGLE,NOT DIVIDED,,STRAIGHT AND LEVEL,DRY,NO DEFECTS,NOT ON SCENE (DESK REPORT),NO INJURY / DRIVE AWAY,,,,"$501 - $1,500",7/14/2023 18:30,FAILING TO YIELD RIGHT-OF-WAY,FAILING TO YIELD RIGHT-OF-WAY,2500,S,CALIFORNIA BLVD,1034,,,,,,,2,NO INDICATION OF INJURY,0,0,0,0,0,4,0,17,6,7,41.84641238,-87.69485685,POINT (-87.694856849098 41.846412381616)