CRASH_RECORD_ID,RD_NO,CRASH_DATE_EST_I,CRASH_DATE,POSTED_SPEED_LIMIT,TRAFFIC_CONTROL_DEVICE,DEVICE_CONDITION,WEATHER_CONDITION,LIGHTING_CONDITION,FIRST_CRASH_TYPE,TRAFFICWAY_TYPE,LANE_CNT,ALIGNMENT,ROADWAY_SURFACE_COND,ROAD_DEFECT,REPORT_TYPE,CRASH_TYPE,INTERSECTION_RELATED_I,NOT_RIGHT_OF_WAY_I,HIT_AND_RUN_I,DAMAGE,DATE_POLICE_NOTIFIED,PRIM_CONTRIBUTORY_CAUSE,SEC_CONTRIBUTORY_CAUSE,STREET_NO,STREET_DIRECTION,STREET_NAME,BEAT_OF_OCCURRENCE,PHOTOS_TAKEN_I,STATEMENTS_TAKEN_I,DOORING_I,WORK_ZONE_I,WORK_ZONE_TYPE,WORKERS_PRESENT_I,NUM_UNITS,MOST_SEVERE_INJURY,INJURIES_TOTAL,INJURIES_FATAL,INJURIES_INCAPACITATING,INJURIES_NON_INCAPACITATING,INJURIES_REPORTED_NOT_EVIDENT,INJURIES_NO_INDICATION,INJURIES_UNKNOWN,CRASH_HOUR,CRASH_DAY_OF_WEEK,CRASH_MONTH,LATITUDE,LONGITUDE,LOCATION
aecde8fce223f80aadeb2236cc11f59ab978b43b95672d06c391224e8c97e8bd0e65d23d81e7704b0cf52ae5c888540fbb1eda69104e5b485ae1ea83c9bcf87d,JG341055,,7/14/2023 14:50,20,STOP SIGN/FLASHER,UNKNOWN,CLEAR,DAYLIGHT,ANGLE,NOT DIVIDED,,STRAIGHT AND LEVEL,DRY,UNKNOWN,NOT ON SCENE (DESK REPORT),NO INJURY / DRIVE AWAY,,,Y,"OVER $1,500",7/14/2023 16:03,DISREGARDING STOP SIGN,NOT APPLICABLE,8500,S,WABASH AVE,632,,,,,,,2,NO INDICATION OF INJURY,0,0,0,0,0,2,0,14,6,7,41.73993678,-87.62284724,POINT (-87.622847238357 41.7399367778)
b023e9f96b81d30038db57b63104746121e21a3449642c83200e20c33a8b00e58f900b2301b999550293a1a22800a00d684b26647218ee979017bbd3e3222ab3,JG341333,,7/14/2023 20:04,30,TRAFFIC SIGNAL,UNKNOWN,CLEAR,DUSK,TURNING,FOUR WAY,,STRAIGHT AND LEVEL,DRY,UNKNOWN,ON SCENE,INJURY AND / OR TOW DUE TO CRASH,Y,,,"$501 - $1,500",7/14/2023 20:04,FAILING TO YIELD RIGHT-OF-WAY,NOT APPLICABLE,13000,S,ELLIS AVE,533,,,,,,,2,NO INDICATION OF INJURY,0,0,0,0,0,2,0,20,6,7,41.6594343,-87.59785303,POINT (-87.597853029354 41.659434297709)
af034a25257703d7e34bf8d00f41e23a906b5070519ffb053ca3b0435821abd2d161515f98993ba9add93a3e54fc9a4114ac88f2c89adba9010f330e0ab2bc54,JD100047,,1/1/2020 0:48,30,NO CONTROLS,NO CONTROLS,CLEAR,"DARKNESS, LIGHTED ROAD",REAR END,NOT DIVIDED,,STRAIGHT AND LEVEL,WET,UNKNOWN,,NO INJURY / DRIVE AWAY,,,,"$501 - $1,500",1/1/2020 0:53,UNABLE TO DETERMINE,NOT APPLICABLE,1392,N,MILWAUKEE AVE,1424,,,,,,,3,NO INDICATION OF INJURY,0,0,0,0,0,6,0,0,4,1,41.90703751,-87.67246609,POINT (-87.672466091094 41.907037506035)
b0a64d759db056dca011ee0dba9970f02ef10233c2be203e114cc0742510d616782f865c99fff5f58fa8844459fae7439c745a2b1c65c6509a3c32388e0e9cb4,JG340558,,7/14/2023 10:59,20,NO CONTROLS,NO CONTROLS,CLEAR,DAYLIGHT,PEDALCYCLIST,NOT DIVIDED,,STRAIGHT AND LEVEL,DRY,UNKNOWN,ON SCENE,INJURY AND / OR TOW DUE TO CRASH,Y,,,"OVER $1,500",7/14/2023 10:59,UNABLE TO DETERMINE,NOT APPLICABLE,1359,S,HALSTED ST,1232,,,,,,,2,NONINCAPACITATING INJURY,1,0,0,1,0,1,0,10,6,7,41.86366262,-87.64666845,POINT (-87.646668445853 41.86366261797)
b1bcd1d835d0559d67c32737e201431574709f28d355af1da16b216bec4523d8c30bb8faee50e472145c29012b7af9f136414445e0f2eb0a3a55f7d681e33b28,JG341514,,7/14/2023 13:10,30,NO CONTROLS,FUNCTIONING PROPERLY,CLEAR,DAYLIGHT,PARKED MOTOR VEHICLE,NOT DIVIDED,,STRAIGHT AND LEVEL,DRY,UNKNOWN,NOT ON SCENE (DESK REPORT),NO INJURY / DRIVE AWAY,Y,,,$500 OR LESS,7/15/2023 1:00,UNABLE TO DETERMINE,NOT APPLICABLE,5500,S,CORNELL AVE,235,,,,,,,2,NO INDICATION OF INJURY,0,0,0,0,0,1,0,13,6,7,41.79511921,-87.58555526,POINT (-87.58555525977 41.79511921014)
b1d8307076d309283252d982bd6b74aa199fdc1bf26aea565a8e6a83bd6fa59c54d7a71b05e25003cdc962540cac32cbf8f6ea2666a680fb9d51a75d9975c537,JG340992,,7/14/2023 15:30,15,TRAFFIC SIGNAL,FUNCTIONING PROPERLY,CLEAR,DAYLIGHT,REAR TO SIDE,PARKING LOT,,STRAIGHT AND LEVEL,DRY,NO DEFECTS,ON SCENE,NO INJURY / DRIVE AWAY,,N,,"OVER $1,500",7/14/2023 15:58,IMPROPER BACKING,NOT APPLICABLE,6614,W,IRVING PARK RD,1632,,,,,,,2,NO INDICATION OF INJURY,0,0,0,0,0,2,0,15,6,7,41.95292407,-87.79227859,POINT (-87.792278594244 41.952924073214)
b476487572e25becdf441e9facd3dc7af02b7a09dd4a322203398207c645dd9ccb56cb4f1d87d379a2350b49f1fd0ae809c37e460f76c85cf35a8d7728f122dc,JG341185,,7/14/2023 17:45,30,UNKNOWN,UNKNOWN,UNKNOWN,DAYLIGHT,SIDESWIPE SAME DIRECTION,DIVIDED - W/MEDIAN (NOT RAISED),,STRAIGHT AND LEVEL,UNKNOWN,UNKNOWN,NOT ON SCENE (DESK REPORT),NO INJURY / DRIVE AWAY,,,,"$501 - $1,500",7/14/2023 18:00,UNABLE TO DETERMINE,NOT APPLICABLE,1000,W,HOLLYWOOD AVE,2022,,,,,,,3,NO INDICATION OF INJURY,0,0,0,0,0,3,0,17,6,7,41.9856498,-87.65533581,POINT (-87.655335806551 41.985649798593)
b49bc116515dd4c6d2fa35badb9870d654d4766130b339d8ff2954cd3d96127ef73e550dcc6602a056c323b94f6b5e24e7ef37d3878be94c5875d5cd67a8d318,JG341096,,7/14/2023 17:15,30,NO CONTROLS,NO CONTROLS,CLEAR,DAYLIGHT,TURNING,NOT DIVIDED,,STRAIGHT AND LEVEL,DRY,UNKNOWN,ON SCENE,INJURY AND / OR TOW DUE TO CRASH,Y,,,"OVER $1,500",7/14/2023 17:30,FAILING TO YIELD RIGHT-OF-WAY,UNABLE TO DETERMINE,6200,N,MILWAUKEE AVE,1611,,,,,,,2,NO INDICATION OF INJURY,0,0,0,0,0,3,0,17,6,7,41.99372906,-87.78461179,POINT (-87.784611787102 41.993729064082)
b3642883021319c7dfa1d9c4c2a997b633e64b7a2f5d07c1ce8451fb1af00f33439b193f1dc5cec948a979e018e28640c74ba2936f62ef2953d22643cb667828,JC420644,,9/5/2019 1:10,35,STOP SIGN/FLASHER,UNKNOWN,CLEAR,DARKNESS,REAR END,FOUR WAY,,STRAIGHT AND LEVEL,DRY,NO DEFECTS,,NO INJURY / DRIVE AWAY,Y,,Y,"OVER $1,500",9/5/2019 1:10,FOLLOWING TOO CLOSELY,NOT APPLICABLE,800,W,71ST ST,733,,,,,,,2,NO INDICATION OF INJURY,0,0,0,0,0,3,0,1,5,9,41.76531136,-87.64447748,POINT (-87.644477477454 41.765311360618)
b4f5c3ff89b4266db260bd0784d6bf6bc19bae7f5f530d0badddd7135c06c8e913be3265c5418351bf362da7980894a5086f5bddc76731b2185a804fec5477d3,JG341439,,7/14/2023 22:49,30,STOP SIGN/FLASHER,FUNCTIONING PROPERLY,RAIN,"DARKNESS, LIGHTED ROAD",OTHER NONCOLLISION,NOT DIVIDED,,STRAIGHT AND LEVEL,WET,NO DEFECTS,ON SCENE,NO INJURY / DRIVE AWAY,,,,$500 OR LESS,7/14/2023 22:49,WEATHER,NOT APPLICABLE,1721,W,BERWYN AVE,2012,,,,,,,1,,,,,,,,,22,6,7,41.97783875,-87.67297726,POINT (-87.672977263661 41.97783874535)
b545649b94201747097feccaf675fd24556379e8a1ff76c25690be94c54dcb138c83ae600ae43c88e4ac7dcf26b2fb5b0b62ae932b51b1b47b1fcf36656459cc,JG341443,N,7/14/2023 22:33,30,NO CONTROLS,NO CONTROLS,RAIN,"DARKNESS, LIGHTED ROAD",FIXED OBJECT,DIVIDED - W/MEDIAN BARRIER,,STRAIGHT AND LEVEL,WET,NO DEFECTS,ON SCENE,INJURY AND / OR TOW DUE TO CRASH,,,Y,"OVER $1,500",7/14/2023 22:35,UNABLE TO DETERMINE,UNABLE TO DETERMINE,3602,W,63RD ST,823,,,,,,,1,NO INDICATION OF INJURY,0,0,0,0,0,1,0,22,6,7,41.77892573,-87.71336357,POINT (-87.71336357111 41.778925731356)
b698f4fa9fde79fb8ec37f0bbe466e3b6d1ca22223746e13393bfc9cab06306c0562ac0a7ab73d8337cee8b134a249f85222c6da90a38cd97703cc78a60e5450,JG341079,,7/14/2023 16:00,35,NO CONTROLS,NO CONTROLS,CLEAR,DAYLIGHT,FIXED OBJECT,DIVIDED - W/MEDIAN BARRIER,,STRAIGHT AND LEVEL,DRY,NO DEFECTS,NOT ON SCENE (DESK REPORT),INJURY AND / OR TOW DUE TO CRASH,,,,"OVER $1,500",7/14/2023 16:05,EQUIPMENT - VEHICLE CONDITION,NOT APPLICABLE,3100,W,79TH ST,835,,,,,,,1,NO INDICATION OF INJURY,0,0,0,0,0,1,0,16,6,7,41.74997056,-87.70001589,POINT (-87.700015894037 41.749970559166)
b7a38c2c70980f807303cec34b4e2c23b8e38c3e7c5f1557c5223b6171f2f4394bd853fa06ec23d0dc52d84e71b83a515a667c8d9481711dc5bdad2b562ee61b,JG341831,,7/14/2023 8:30,30,NO CONTROLS,NO CONTROLS,RAIN,DAYLIGHT,REAR END,DIVIDED - W/MEDIAN BARRIER,,STRAIGHT AND LEVEL,WET,UNKNOWN,NOT ON SCENE (DESK REPORT),NO INJURY / DRIVE AWAY,,,,"$501 - $1,500",7/15/2023 10:15,UNABLE TO DETERMINE,UNABLE TO DETERMINE,4441,N,CICERO AVE,1722,,,,,,,2,NO INDICATION OF INJURY,0,0,0,0,0,2,0,8,6,7,41.96189007,-87.74742809,POINT (-87.74742809011 41.96189007136)
b891f09c3a15a6ce0a8586308893d4716eb83dc77bd330bbb769d4af70897664e1989615beb595cf3d4e28b9625d873134b73c855eed3e6ebfdad1944ed30ea0,JG340843,,7/14/2023 14:20,35,TRAFFIC SIGNAL,UNKNOWN,CLEAR,DAYLIGHT,ANGLE,DIVIDED - W/MEDIAN (NOT RAISED),,STRAIGHT AND LEVEL,DRY,NO DEFECTS,NOT ON SCENE (DESK REPORT),NO INJURY / DRIVE AWAY,Y,,,"OVER $1,500",7/14/2023 15:42,DISREGARDING TRAFFIC SIGNALS,DISREGARDING TRAFFIC SIGNALS,599,S,ASHLAND AVE,1231,,,,,,,2,NO INDICATION OF INJURY,0,0,0,0,0,2,0,14,6,7,41.8742514,-87.66645336,POINT (-87.666453358949 41.87425139966)
b89da7185bc93dd75b753047aba60397e430bb31be50982e2a4c6203b2184d2bd5fc93a0b7a533d865ec54cf4ce4f1b81aec00fd84fa5033c7e2a77119092b92,JG340446,,7/14/2023 9:45,30,NO CONTROLS,NO CONTROLS,CLEAR,DAYLIGHT,TURNING,NOT DIVIDED,,STRAIGHT AND LEVEL,UNKNOWN,NO DEFECTS,ON SCENE,NO INJURY / DRIVE AWAY,,,,"$501 - $1,500",7/14/2023 10:00,UNABLE TO DETERMINE,NOT APPLICABLE,1627,N,PULASKI RD,2535,,,,,,,2,NO INDICATION OF INJURY,0,0,0,0,0,2,0,9,6,7,41.91071448,-87.72621042,POINT (-87.726210422815 41.910714476418)
b992089e23573972a00c5574eda812c71da0a4ebfab2dfd2d056984a326e0527bfa13d3bfdacc87507383ea28f711b1e28dca7d772d9722ae0cb009dd126ff96,JG341426,,7/14/2023 22:35,35,TRAFFIC SIGNAL,FUNCTIONING PROPERLY,CLEAR,"DARKNESS, LIGHTED ROAD",TURNING,"FIVE POINT, OR MORE",,STRAIGHT AND LEVEL,DRY,NO DEFECTS,NOT ON SCENE (DESK REPORT),NO INJURY / DRIVE AWAY,Y,,,"OVER $1,500",7/14/2023 23:20,UNABLE TO DETERMINE,NOT APPLICABLE,1781,N,CLYBOURN AVE,1813,,,,,,,2,NO INDICATION OF INJURY,0,0,0,0,0,3,0,22,6,7,41.91352239,-87.65294009,POINT (-87.652940092836 41.913522386843)
bb25c584f9cfbd23a1a180d73a32bb65ba2aa9d7a1fa197b765f8ab854e4cff37682f659f2c6d63596828f4cd1e9f97e50239c7f8dcafb26898cfa800f5d9551,JG341390,,7/14/2023 21:56,30,UNKNOWN,FUNCTIONING PROPERLY,RAIN,"DARKNESS, LIGHTED ROAD",PEDESTRIAN,DIVIDED - W/MEDIAN (NOT RAISED),,STRAIGHT AND LEVEL,WET,UNKNOWN,ON SCENE,INJURY AND / OR TOW DUE TO CRASH,,,,"OVER $1,500",7/14/2023 21:56,WEATHER,UNABLE TO DETERMINE,1932,N,MILWAUKEE AVE,1434,,,,,,,2,"REPORTED, NOT EVIDENT",2,0,0,0,2,0,0,21,6,7,41.91652313,-87.68716979,POINT (-87.687169785876 41.916523129352)
bc4ef89cb380face155053f39ff4bef497b4a653bd09147f3709257075fcd5eecae19b0e970c44afa1b23f9c5bb29f8f9989931de097ccc07dca09062e01f457,JG341174,,7/14/2023 12:03,15,NO CONTROLS,NO CONTROLS,CLEAR,DAYLIGHT,FIXED OBJECT,OTHER,,STRAIGHT AND LEVEL,DRY,NO DEFECTS,NOT ON SCENE (DESK REPORT),NO INJURY / DRIVE AWAY,,Y,,"OVER $1,500",7/14/2023 18:00,NOT APPLICABLE,NOT APPLICABLE,1410,N,STATE PKWY,1824,,,,,,,1,NO INDICATION OF INJURY,0,0,0,0,0,1,0,12,6,7,41.90815164,-87.62893729,POINT (-87.628937285974 41.90815164312)
bc70de5feceefab2480f8d3d5fcbb70626441f00414ad2f12e12a02ba4858cb1fe23d25fe3eb5f357d0fcd1d9ff393aa00a9f9d4f5597a9a3bf39665ea19752f,JG340911,,7/14/2023 15:30,30,TRAFFIC SIGNAL,FUNCTIONING PROPERLY,CLEAR,DAYLIGHT,PEDESTRIAN,FOUR WAY,,STRAIGHT AND LEVEL,DRY,UNKNOWN,ON SCENE,INJURY AND / OR TOW DUE TO CRASH,,,Y,"OVER $1,500",7/14/2023 15:33,UNABLE TO DETERMINE,NOT APPLICABLE,4750,W,MADISON ST,1113,,,,,,,2,NONINCAPACITATING INJURY,1,0,0,1,0,1,0,15,6,7,41.8806127,-87.7448534,POINT (-87.744853404164 41.880612703208)
bc8391c276004ad84fa32f7cb2145210099205bab1b34087beebd2f2dc2a00a38dd36e67fcc2a2c40a7bce7a00da331d35effdce9dfbc7ea59a5981667a2e8c6,JG341214,,7/14/2023 18:18,30,NO CONTROLS,NO CONTROLS,CLEAR,DAYLIGHT,REAR TO FRONT,DIVIDED - W/MEDIAN BARRIER,,STRAIGHT AND LEVEL,DRY,NO DEFECTS,ON SCENE,NO INJURY / DRIVE AWAY,,,,"OVER $1,500",7/14/2023 18:27,"VISION OBSCURED (SIGNS, TREE LIMBS, BUILDINGS, ETC.)",UNABLE TO DETERMINE,3836,W,79TH ST,833,,,,,,,2,NO INDICATION OF INJURY,0,0,0,0,0,2,0,18,6,7,41.74971286,-87.71976333,POINT (-87.719763325296 41.749712855654)
bd19489a4fce2660ccffa5eb6d0b7c4dcbe9a229336988d16dca2c14d6f9648f3c5ff486d1aac45b5c9618ac1fea61208e3db2404d56b3741ea3a52e42622d1d,JG340788,,7/14/2023 11:00,30,NO CONTROLS,NO CONTROLS,CLEAR,DAYLIGHT,REAR END,NOT DIVIDED,,STRAIGHT AND LEVEL,DRY,NO DEFECTS,NOT ON SCENE (DESK REPORT),NO INJURY / DRIVE AWAY,,,,"OVER $1,500",7/14/2023 14:20,FOLLOWING TOO CLOSELY,FOLLOWING TOO CLOSELY,11151,S,CICERO AVE,2211,,,,,,,2,NO INDICATION OF INJURY,0,0,0,0,0,2,0,11,6,7,41.6893757,-87.73952807,POINT (-87.739528069604 41.689375694592)
bd1c8c72b2e6692d2005a11aca2134f23c731bc65c390f39846a46f2256c513a6239deb324c884404758e29d107edf793c408f73fa8690e3b62b3dacaff3194e,JG340594,,7/14/2023 11:00,20,NO CONTROLS,NO CONTROLS,RAIN,DAYLIGHT,PARKED MOTOR VEHICLE,ONE-WAY,,STRAIGHT AND LEVEL,WET,NO DEFECTS,NOT ON SCENE (DESK REPORT),NO INJURY / DRIVE AWAY,,,Y,"OVER $1,500",7/14/2023 11:50,FAILING TO REDUCE SPEED TO AVOID CRASH,FAILING TO REDUCE SPEED TO AVOID CRASH,9230,S,ABERDEEN ST,2222,,,,,,,2,NO INDICATION OF INJURY,0,0,0,0,0,1,0,11,6,7,41.72588814,-87.65077603,POINT (-87.65077602669 41.72588813697)
bd7c6e7f041c48536fedd66313d681d505f4a0f66a455d345cee11f2b1b70307f09ba0949e2ad3fccb01d4fe4e986fb80f6b96bf2da7e8803996a6cde40153c0,JG341715,,7/14/2023 21:49,25,NO CONTROLS,NO CONTROLS,RAIN,"DARKNESS, LIGHTED ROAD",ANGLE,ALLEY,,STRAIGHT AND LEVEL,WET,NO DEFECTS,NOT ON SCENE (DESK REPORT),NO INJURY / DRIVE AWAY,,,,"$501 - $1,500",7/15/2023 7:50,UNABLE TO DETERMINE,WEATHER,3626,W,AINSLIE ST,1712,,,,,,,2,NO INDICATION OF INJURY,0,0,0,0,0,2,0,21,6,7,41.97026573,-87.71946784,POINT (-87.719467837461 41.970265734046)
bdf4ad51acb8fdbeb572407688517a10b5073be2da5e59f1745e06f24664b9a478225d4f44416cdb44de0e42f3caa0358530a94e98c1b86b9970f98a8da5f9e3,JG342024,,7/14/2023 19:30,30,UNKNOWN,UNKNOWN,UNKNOWN,UNKNOWN,SIDESWIPE SAME DIRECTION,NOT DIVIDED,,STRAIGHT AND LEVEL,UNKNOWN,UNKNOWN,NOT ON SCENE (DESK REPORT),NO INJURY / DRIVE AWAY,,,Y,"OVER $1,500",7/15/2023 12:20,UNABLE TO DETERMINE,UNABLE TO DETERMINE,4500,W,GRAND AVE,2533,,,,,,,2,NO INDICATION OF INJURY,0,0,0,0,0,2,0,19,6,7,41.91110899,-87.73858023,POINT (-87.738580226463 41.911108987991)
be74519e767f4fa3a9006c165cfab0c165e0906f4e183159c68d49c33b5a86d63f1defd09e7058b8b93034b38234712415e3a8dfa4dc67f35c4bafbbd5c60da5,JG341131,,7/14/2023 17:21,30,NO CONTROLS,NO CONTROLS,CLEAR,DAYLIGHT,SIDESWIPE SAME DIRECTION,DIVIDED - W/MEDIAN (NOT RAISED),,STRAIGHT AND LEVEL,DRY,UNKNOWN,NOT ON SCENE (DESK REPORT),NO INJURY / DRIVE AWAY,,,,"OVER $1,500",7/14/2023 18:00,UNABLE TO DETERMINE,UNABLE TO DETERMINE,3415,W,CHICAGO AVE,1121,,,,,,,2,NO INDICATION OF INJURY,0,0,0,0,0,2,0,17,6,7,41.89539038,-87.71213513,POINT (-87.712135131164 41.895390378923)
c08ae8912c6aa4a492a963256bbaa3711f371487f952cdd14a196b19a7c172787acf960fd2fb6a0ca22f96123c472557c2304249da5ac6c3c37c5f4f3939d224,JG341007,,7/14/2023 14:10,35,NO CONTROLS,NO CONTROLS,CLEAR,DAYLIGHT,SIDESWIPE SAME DIRECTION,NOT DIVIDED,,STRAIGHT AND LEVEL,DRY,UNKNOWN,NOT ON SCENE (DESK REPORT),NO INJURY / DRIVE AWAY,,,,"$501 - $1,500",7/14/2023 17:00,FAILING TO YIELD RIGHT-OF-WAY,UNABLE TO DETERMINE,7200,N,DAMEN AVE,2424,Y,,,,,,2,NO INDICATION OF INJURY,0,0,0,0,0,2,0,14,6,7,42.01258652,-87.68041961,POINT (-87.680419614455 42.012586521088)
c0f10e5cf64aed6f5ca4db4ec0bd3d238f2f8fb3e8a2f7636a05e7185e5929628e0a7cbd301010745b2d0b9128a9a8148406af5a59576407130279715d782889,JG349307,,7/14/2023 17:30,30,NO CONTROLS,NO CONTROLS,CLEAR,DAYLIGHT,PEDALCYCLIST,NOT DIVIDED,,STRAIGHT AND LEVEL,DRY,NO DEFECTS,NOT ON SCENE (DESK REPORT),INJURY AND / OR TOW DUE TO CRASH,,,Y,"OVER $1,500",7/20/2023 18:07,UNABLE TO DETERMINE,UNABLE TO DETERMINE,1114,W,CATALPA AVE,2023,,,,,,,2,NONINCAPACITATING INJURY,1,0,0,1,0,0,0,17,6,7,41.98193032,-87.65863328,POINT (-87.658633283741 41.981930320719)
c2575be210f43ee3ca0612f341a73ebc45601575f32389c11db12b073e64975888f761c42a28255983056325ed656575770c87b3bc2b155bd1e6996cd1e0780d,JG346424,,7/14/2023 13:30,30,TRAFFIC SIGNAL,FUNCTIONING PROPERLY,CLEAR,DAYLIGHT,SIDESWIPE SAME DIRECTION,T-INTERSECTION,,STRAIGHT AND LEVEL,DRY,NO DEFECTS,NOT ON SCENE (DESK REPORT),NO INJURY / DRIVE AWAY,,,Y,"$501 - $1,500",7/18/2023 17:30,IMPROPER OVERTAKING/PASSING,NOT APPLICABLE,1200,S,OAKLEY AVE,1233,,,,,,,2,NO INDICATION OF INJURY,0,0,0,0,0,2,0,13,6,7,41.86659856,-87.6837352,POINT (-87.68373519581 41.866598563371)
c284d69f68690fb5d4c84e4164457a765a6b157ec2de91049bda314644248531a610e0527fe86c4c2cac3e69f1a32289491a2acc934db526bc04e1674e1650cb,JG341444,,7/14/2023 22:15,30,NO CONTROLS,NO CONTROLS,RAIN,"DARKNESS, LIGHTED ROAD",PARKED MOTOR VEHICLE,NOT DIVIDED,,STRAIGHT AND LEVEL,WET,NO DEFECTS,ON SCENE,NO INJURY / DRIVE AWAY,,,,"OVER $1,500",7/14/2023 22:21,"VISION OBSCURED (SIGNS, TREE LIMBS, BUILDINGS, ETC.)",DISTRACTION - FROM INSIDE VEHICLE,2306,W,BELDEN AVE,1432,,,,,,,3,NO INDICATION OF INJURY,0,0,0,0,0,1,0,22,6,7,41.92351145,-87.68550639,POINT (-87.685506389366 41.923511451122)
c3273ecf2a5c0eb007a802e21ac9c27b040f46e6949f6e563f9644de0a5e9a5c8ab19a6c159c4038707e54e4cac8f2f516fc055f3607fb3d38c993166fa7bcf2,JG340287,,7/14/2023 7:00,30,NO CONTROLS,NO CONTROLS,CLEAR,DAYLIGHT,SIDESWIPE SAME DIRECTION,DIVIDED - W/MEDIAN (NOT RAISED),,STRAIGHT AND LEVEL,DRY,NO DEFECTS,ON SCENE,NO INJURY / DRIVE AWAY,,,,"OVER $1,500",7/14/2023 7:05,EQUIPMENT - VEHICLE CONDITION,NOT APPLICABLE,4407,W,NORTH AVE,2533,,,,,,,2,NO INDICATION OF INJURY,0,0,0,0,0,2,0,7,6,7,41.90964034,-87.736621,POINT (-87.736621002821 41.909640342715)
c33db8d2b2dcfaad1d34b2389dd3b287c11d8880e53ef6c8d9a7b3eadf85550ae36a24ff4b876be5815a46f6e3b25b8a77d574be9202b05c664e639ddc698a54,JG343219,,7/14/2023 21:30,30,NO CONTROLS,NO CONTROLS,CLEAR,DAYLIGHT,PARKED MOTOR VEHICLE,NOT DIVIDED,,STRAIGHT AND LEVEL,DRY,WORN SURFACE,NOT ON SCENE (DESK REPORT),NO INJURY / DRIVE AWAY,,,Y,"OVER $1,500",7/16/2023 11:10,UNABLE TO DETERMINE,UNABLE TO DETERMINE,2805,N,AVERS AVE,2523,,,,,,,2,NO INDICATION OF INJURY,0,0,0,0,0,1,0,21,6,7,41.93204481,-87.72314445,POINT (-87.723144448039 41.932044808596)
c411482afb943aa3ea8d947fb85bd029050b2436b43966a1abc26b6d5c838f03f4f839ea28cd5c1088760c72505311372e3491b427704375987aadd54a036b45,JG340944,,7/14/2023 15:20,30,NO CONTROLS,NO CONTROLS,CLEAR,DAYLIGHT,REAR TO FRONT,PARKING LOT,,STRAIGHT AND LEVEL,DRY,NO DEFECTS,NOT ON SCENE (DESK REPORT),NO INJURY / DRIVE AWAY,,,,"$501 - $1,500",7/14/2023 16:32,UNABLE TO DETERMINE,UNABLE TO DETERMINE,11353,S,WALLACE ST,2233,,,,,,,2,NO INDICATION OF INJURY,0,0,0,0,0,3,0,15,6,7,41.68722509,-87.63723211,POINT (-87.637232107071 41.687225094177)
c4312e09ed8eb10d3caadaff5a4560df090221fbbd6ce4588451cc64f94816bdf5f637cf09ea3e80d130ee13837fb4af84115fdbd3600243e0ad8bbe61c90a42,JG341259,,7/14/2023 18:45,30,TRAFFIC SIGNAL,NO CONTROLS,CLEAR,DAYLIGHT,REAR END,NOT DIVIDED,,STRAIGHT AND LEVEL,DRY,NO DEFECTS,NOT ON SCENE (DESK REPORT),NO INJURY / DRIVE AWAY,,,,"OVER $1,500",7/14/2023 19:41,FOLLOWING TOO CLOSELY,FOLLOWING TOO CLOSELY,8300,S,PULASKI RD,834,,,,,,,2,NO INDICATION OF INJURY,0,0,0,0,0,2,0,18,6,7,41.74213055,-87.7218241,POINT (-87.72182410033 41.742130554062)
c43d0ed7eab68be86d8d5251071ab1a1f0c57024786264a0278f708ca7d6e48fdd48e9ac3bc2ff89293ce0c38a1b6fd6f3c44c80a300b59c788a54c9d292f1fd,JG340525,,7/14/2023 10:35,30,TRAFFIC SIGNAL,FUNCTIONING PROPERLY,RAIN,DAYLIGHT,TURNING,NOT DIVIDED,,STRAIGHT AND LEVEL,WET,NO DEFECTS,ON SCENE,INJURY AND / OR TOW DUE TO CRASH,,,,"OVER $1,500",7/14/2023 10:39,WEATHER,NOT APPLICABLE,7100,S,PULASKI RD,833,,,,,,,2,NONINCAPACITATING INJURY,1,0,0,1,0,7,0,10,6,7,41.76400775,-87.72249911,POINT (-87.722499107707 41.764007749308)
c470b976667cfec7972a6d9ffb27f755ebd9a066c4ced5bc9f66713806f1aadfaee4c3120ca66c3d1330459e5f2c4efda6ebb1c62d7757a6c8ed16365d1ba417,JG341275,,7/14/2023 19:25,30,STOP SIGN/FLASHER,NO CONTROLS,CLEAR,DAYLIGHT,PARKED MOTOR VEHICLE,NOT DIVIDED,,STRAIGHT AND LEVEL,DRY,NO DEFECTS,ON SCENE,INJURY AND / OR TOW DUE TO CRASH,N,N,,"OVER $1,500",7/14/2023 19:25,FAILING TO REDUCE SPEED TO AVOID CRASH,NOT APPLICABLE,510,W,94TH ST,2223,,,,,,,2,NO INDICATION OF INJURY,0,0,0,0,0,2,0,19,6,7,41.72348571,-87.63650555,POINT (-87.636505553559 41.723485711782)
c56b8d48d42cd7a88a0531228295acacd41ba40c03615f1640ab4a10e7ac475be8d555a708d30abbafe4f9128c4b8aa4c99a1d2dab73de36920cf74df70b4dee,JG340828,,7/14/2023 14:30,35,NO CONTROLS,NO CONTROLS,CLEAR,DAYLIGHT,TURNING,NOT DIVIDED,,STRAIGHT AND LEVEL,DRY,NO DEFECTS,ON SCENE,NO INJURY / DRIVE AWAY,Y,,,"$501 - $1,500",7/14/2023 14:50,FAILING TO REDUCE SPEED TO AVOID CRASH,FAILING TO REDUCE SPEED TO AVOID CRASH,6624,W,ARCHER AVE,811,,,,,,,2,NO INDICATION OF INJURY,0,0,0,0,0,2,0,14,6,7,41.792337,-87.78785369,POINT (-87.7878536895 41.792336996632)