CRASH_RECORD_ID,RD_NO,CRASH_DATE_EST_I,CRASH_DATE,POSTED_SPEED_LIMIT,TRAFFIC_CONTROL_DEVICE,DEVICE_CONDITION,WEATHER_CONDITION,LIGHTING_CONDITION,FIRST_CRASH_TYPE,TRAFFICWAY_TYPE,LANE_CNT,ALIGNMENT,ROADWAY_SURFACE_COND,ROAD_DEFECT,REPORT_TYPE,CRASH_TYPE,INTERSECTION_RELATED_I,NOT_RIGHT_OF_WAY_I,HIT_AND_RUN_I,DAMAGE,DATE_POLICE_NOTIFIED,PRIM_CONTRIBUTORY_CAUSE,SEC_CONTRIBUTORY_CAUSE,STREET_NO,STREET_DIRECTION,STREET_NAME,BEAT_OF_OCCURRENCE,PHOTOS_TAKEN_I,STATEMENTS_TAKEN_I,DOORING_I,WORK_ZONE_I,WORK_ZONE_TYPE,WORKERS_PRESENT_I,NUM_UNITS,MOST_SEVERE_INJURY,INJURIES_TOTAL,INJURIES_FATAL,INJURIES_INCAPACITATING,INJURIES_NON_INCAPACITATING,INJURIES_REPORTED_NOT_EVIDENT,INJURIES_NO_INDICATION,INJURIES_UNKNOWN,CRASH_HOUR,CRASH_DAY_OF_WEEK,CRASH_MONTH,LATITUDE,LONGITUDE,LOCATION
c65c898544a47c9fc69644ab98caf6821a46843234e74bfbbb6338294deb76cfbfe1d7b8308c5520fd7673ff87a51edc72e5116d61e766f50ef89bbeff40454c,JG340795,,7/14/2023 14:03,30,NO CONTROLS,NO CONTROLS,CLEAR,DAYLIGHT,SIDESWIPE SAME DIRECTION,NOT DIVIDED,,STRAIGHT AND LEVEL,DRY,NO DEFECTS,ON SCENE,INJURY AND / OR TOW DUE TO CRASH,,Y,,"OVER $1,500",7/14/2023 14:03,IMPROPER OVERTAKING/PASSING,UNABLE TO DETERMINE,4710,W,55TH ST,815,,,,,,,2,NO INDICATION OF INJURY,0,0,0,0,0,2,0,14,6,7,41.79315889,-87.7408297,POINT (-87.740829695279 41.793158886194)
c69e9482e0310d095d1c0ec15901e858aa384e3b24a9b8f0dde31fd2336b7e6fe55b2d5a5d2c205d8eb85a611a0095695044e135bbb61601945304dc4b9f7f53,JG346176,,7/14/2023 14:10,30,TRAFFIC SIGNAL,FUNCTIONING PROPERLY,CLEAR,DAYLIGHT,PEDESTRIAN,NOT DIVIDED,,STRAIGHT AND LEVEL,DRY,NO DEFECTS,NOT ON SCENE (DESK REPORT),INJURY AND / OR TOW DUE TO CRASH,Y,,Y,"OVER $1,500",7/18/2023 15:00,UNABLE TO DETERMINE,NOT APPLICABLE,2801,N,CENTRAL AVE,2514,,,,,,,2,NONINCAPACITATING INJURY,1,0,0,1,0,1,0,14,6,7,41.93137132,-87.76610263,POINT (-87.766102633534 41.931371314905)
c5b60249de1325090dfb614771095faf930c23d696e7581c1e9d6410815fda7eeafb018c3b706830786152c4ae78048f96bc99d2b2b4fb930093fa9afa71e284,JG301734,,6/15/2023 8:05,30,NO CONTROLS,NO CONTROLS,CLEAR,DAYLIGHT,HEAD ON,NOT DIVIDED,,STRAIGHT AND LEVEL,DRY,NO DEFECTS,,INJURY AND / OR TOW DUE TO CRASH,,,,"OVER $1,500",6/15/2023 8:06,UNABLE TO DETERMINE,UNABLE TO DETERMINE,3581,W,81ST PL,834,,,,,,,2,NO INDICATION OF INJURY,0,0,0,0,0,2,0,8,5,6,41.74497756,-87.71164927,POINT (-87.711649267582 41.744977556117)
c711f3bbd20cc6f7b2a9ae2cc2e80bdffc0bd2cbf7258b73dfd14fd84103ff764192808aa0cbd7d05200b61e463e9894b7fa2372f46d5b817ba09f74d29484ae,JG341116,,7/14/2023 16:20,30,NO CONTROLS,UNKNOWN,UNKNOWN,UNKNOWN,ANGLE,PARKING LOT,,STRAIGHT AND LEVEL,UNKNOWN,UNKNOWN,NOT ON SCENE (DESK REPORT),NO INJURY / DRIVE AWAY,,,,"OVER $1,500",7/14/2023 17:50,FAILING TO YIELD RIGHT-OF-WAY,FAILING TO YIELD RIGHT-OF-WAY,6026,N,FAIRFIELD AVE,2413,,,,,,,2,NO INDICATION OF INJURY,0,0,0,0,0,2,0,16,6,7,41.99124043,-87.6983555,POINT (-87.698355494984 41.991240424801)
c8ca8e097a30a6bcc483b63f8a6d478b0a48fda9d5a6ad4bc6b52d74c9c304b2b20684a174144ff9a07d1196c53fd6f23edeb48deba8515803138fcd79fce2db,JG340548,,7/14/2023 10:00,30,NO CONTROLS,NO CONTROLS,CLEAR,DAYLIGHT,PARKED MOTOR VEHICLE,NOT DIVIDED,,STRAIGHT AND LEVEL,DRY,NO DEFECTS,NOT ON SCENE (DESK REPORT),NO INJURY / DRIVE AWAY,,,,"OVER $1,500",7/14/2023 11:11,IMPROPER LANE USAGE,NOT APPLICABLE,311,W,INSTITUTE PL,1823,,,,,,,2,NO INDICATION OF INJURY,0,0,0,0,0,1,0,10,6,7,41.89728526,-87.63622747,POINT (-87.636227472012 41.897285260519)
c94c78d19ede7dcaf9a4b41e932cdd8547601bc7c054149328dd52f80ebbd48deaee88bc9e417e167fc1c09c789d7b0359ca6767da6d61df805a9700ea71b6a3,JG340500,,7/14/2023 10:08,30,NO CONTROLS,NO CONTROLS,CLEAR,DAYLIGHT,REAR END,NOT DIVIDED,,STRAIGHT AND LEVEL,DRY,NO DEFECTS,ON SCENE,INJURY AND / OR TOW DUE TO CRASH,,,,"OVER $1,500",7/14/2023 10:40,FOLLOWING TOO CLOSELY,FOLLOWING TOO CLOSELY,2197,W,LAWRENCE AVE,1911,,,,,,,2,NO INDICATION OF INJURY,0,0,0,0,0,2,0,10,6,7,41.96857582,-87.6839798,POINT (-87.683979795015 41.968575823977)
ca2e3f928386f8ec47d18eaefc60eb53d1f82ef80235533699596106b1830d4eaa8cac279a3cab34b71e2e9dadb5ce42446c904e8b8f40be918068fe4cb53662,JG341468,,7/14/2023 22:39,30,NO CONTROLS,NO CONTROLS,RAIN,DARKNESS,REAR TO FRONT,ONE-WAY,,STRAIGHT AND LEVEL,WET,NO DEFECTS,NOT ON SCENE (DESK REPORT),NO INJURY / DRIVE AWAY,,,Y,"$501 - $1,500",7/14/2023 23:50,DRIVING SKILLS/KNOWLEDGE/EXPERIENCE,IMPROPER BACKING,5035,S,EAST END AVE,222,,,,,,,2,NO INDICATION OF INJURY,0,0,0,0,0,2,0,22,6,7,41.80331559,-87.58528742,POINT (-87.585287418104 41.803315590602)
ca8e31a291cf27fafa654a4f9057461a7c47ccaecd1b2b98cdeaa015a9171ae327b3b17a0c336188693c7c46a4ada37494383c56a337439a6eca64c8f4676ab0,JG340826,,7/14/2023 13:15,25,STOP SIGN/FLASHER,NO CONTROLS,CLEAR,DAYLIGHT,REAR END,NOT DIVIDED,,STRAIGHT AND LEVEL,DRY,UNKNOWN,NOT ON SCENE (DESK REPORT),NO INJURY / DRIVE AWAY,,,,"OVER $1,500",7/14/2023 13:55,FOLLOWING TOO CLOSELY,UNABLE TO DETERMINE,4300,S,COTTAGE GROVE AVE,221,,,,,,,2,NO INDICATION OF INJURY,0,0,0,0,0,3,0,13,6,7,41.81672163,-87.60685357,POINT (-87.606853565078 41.816721626101)
ca9629b348e9d803c6b52bc0fc160528e5af56a3f9cd1cb28175831598c5a6535d5d22b60c77ff72d0fe36a64aca471ec428c885b1bf00e72c3e822cb2b739e5,JG351754,,7/14/2023 16:30,30,NO CONTROLS,NO CONTROLS,CLEAR,DAYLIGHT,SIDESWIPE SAME DIRECTION,NOT DIVIDED,,STRAIGHT AND LEVEL,UNKNOWN,UNKNOWN,NOT ON SCENE (DESK REPORT),NO INJURY / DRIVE AWAY,,,Y,"$501 - $1,500",7/22/2023 16:15,IMPROPER OVERTAKING/PASSING,IMPROPER OVERTAKING/PASSING,6301,W,DEVON AVE,1611,,,,,,,2,NO INDICATION OF INJURY,0,0,0,0,0,2,0,16,6,7,41.99727179,-87.78541695,POINT (-87.78541694768 41.997271787817)
cad22eccbc14fdb833fdaf69787466ff0523b9331a10ca161ccd50e9b450b84ba900ece3d97dde3a37291a417b648e700d1cd7ff75f73f0be94c95be35273df7,JG340189,,7/14/2023 2:00,30,TRAFFIC SIGNAL,UNKNOWN,CLEAR,"DARKNESS, LIGHTED ROAD",TURNING,FOUR WAY,,STRAIGHT AND LEVEL,DRY,NO DEFECTS,NOT ON SCENE (DESK REPORT),NO INJURY / DRIVE AWAY,,,Y,"OVER $1,500",7/14/2023 2:40,IMPROPER OVERTAKING/PASSING,NOT APPLICABLE,3100,S,PULASKI RD,1031,,,,,,,2,NO INDICATION OF INJURY,0,0,0,0,0,2,0,2,6,7,41.83678964,-87.72449547,POINT (-87.724495465118 41.836789642982)
cb242984a966ca5743b4a41e1499b7e84bda5be4df40af270f5b6b10ac8b718b64656dffdc583f13e76ab1936f2113e62077453f182592d0d7c122603330d6b1,JG341120,,7/14/2023 17:08,10,OTHER,UNKNOWN,UNKNOWN,UNKNOWN,PARKED MOTOR VEHICLE,PARKING LOT,,STRAIGHT AND LEVEL,UNKNOWN,UNKNOWN,NOT ON SCENE (DESK REPORT),NO INJURY / DRIVE AWAY,,Y,Y,$500 OR LESS,7/14/2023 17:35,IMPROPER BACKING,UNABLE TO DETERMINE,1224,S,WABASH AVE,131,,,,,,,2,NO INDICATION OF INJURY,0,0,0,0,0,1,0,17,6,7,41.86672435,-87.62596115,POINT (-87.625961148378 41.866724354056)
cd2b9935833f272ade16e249e71d5d7b522e6e88c9bc5dc031812262d486f421fe378a1d9c87a286a16b0b6ca224e940bc2cd695176244a138988b4efa40af78,JG342111,,7/14/2023 22:30,30,UNKNOWN,UNKNOWN,UNKNOWN,UNKNOWN,ANGLE,FOUR WAY,,STRAIGHT AND LEVEL,UNKNOWN,UNKNOWN,NOT ON SCENE (DESK REPORT),NO INJURY / DRIVE AWAY,Y,,,"$501 - $1,500",7/15/2023 13:10,UNABLE TO DETERMINE,NOT APPLICABLE,4415,N,DRAKE AVE,1723,,,,,,,2,NO INDICATION OF INJURY,0,0,0,0,0,2,0,22,6,7,41.96157405,-87.71667608,POINT (-87.716676082121 41.961574052925)
cbe04d3b5207d86acb0e13f238819d4bd68dca832039aa18bb71d23898fb7a8dd774c2c76ac4885f2d0d2483b0442b5cf4cd4740a0a6d5ea465922e52d23b1f0,JG285497,,6/2/2023 13:30,30,NO CONTROLS,NO CONTROLS,CLEAR,DAYLIGHT,REAR END,FOUR WAY,,STRAIGHT AND LEVEL,DRY,UNKNOWN,,NO INJURY / DRIVE AWAY,,,,"OVER $1,500",6/2/2023 18:00,FOLLOWING TOO CLOSELY,NOT APPLICABLE,8700,S,LAFAYETTE AVE,634,,,,,,,2,NO INDICATION OF INJURY,0,0,0,0,0,2,0,13,6,6,41.73616511,-87.62558757,POINT (-87.625587568999 41.736165110086)
ce55c29ffa30c86d8e5b7f9fba39a1862b3d7e7721f62ca81f5e41e77eb1b5de59e9ff6488cc1675061cdcb8833aedb37de2a2b3764fa72e9f94f81bbc8e60e0,JG340729,,7/14/2023 13:10,30,STOP SIGN/FLASHER,FUNCTIONING PROPERLY,CLEAR,DAYLIGHT,SIDESWIPE SAME DIRECTION,DIVIDED - W/MEDIAN (NOT RAISED),,STRAIGHT AND LEVEL,DRY,NO DEFECTS,ON SCENE,NO INJURY / DRIVE AWAY,Y,,,"OVER $1,500",7/14/2023 13:14,IMPROPER OVERTAKING/PASSING,NOT APPLICABLE,5300,N,FOREST GLEN AVE,1621,,,,,,,2,NO INDICATION OF INJURY,0,0,0,0,0,2,0,13,6,7,41.97785671,-87.75519308,POINT (-87.75519307509 41.977856712626)
ce7baec97ffdb5bf1b21a94f9cb11475a203365cc2b5d27fb79f9537bb123ee3d4ea72156e85e13862bf9333377b65d427107b9214ae3e4c3890b94d6f381026,JG341466,,7/14/2023 22:23,30,TRAFFIC SIGNAL,UNKNOWN,RAIN,"DARKNESS, LIGHTED ROAD",REAR END,NOT DIVIDED,,STRAIGHT AND LEVEL,WET,UNKNOWN,NOT ON SCENE (DESK REPORT),NO INJURY / DRIVE AWAY,,,Y,"OVER $1,500",7/14/2023 23:53,FOLLOWING TOO CLOSELY,WEATHER,2688,S,PULASKI RD,1031,,,,,,,2,NO INDICATION OF INJURY,0,0,0,0,0,2,0,22,6,7,41.84250117,-87.724647,POINT (-87.724646997151 41.842501169786)
ce7db3d975ad0c1d8f0effe830f0456fefec9d9044d3034d1c583cbd9974c2b34c5e1e8140ae24acf878602adfabd3aa5706b51d5c4f336601248b2147fb2790,JG340815,,7/14/2023 13:40,30,NO CONTROLS,NO CONTROLS,CLEAR,DAYLIGHT,SIDESWIPE SAME DIRECTION,FOUR WAY,,STRAIGHT AND LEVEL,DRY,NO DEFECTS,NOT ON SCENE (DESK REPORT),NO INJURY / DRIVE AWAY,Y,,,"OVER $1,500",7/14/2023 14:40,UNABLE TO DETERMINE,NOT APPLICABLE,2100,W,WASHINGTON BLVD,1223,,,,,,,2,NO INDICATION OF INJURY,0,0,0,0,0,2,0,13,6,7,41.88321477,-87.67925635,POINT (-87.679256346742 41.883214765602)
cf2d82317c547cb913e34864d06abb2b0ff5ee4288ca965975b6c4fe9b2a887e6ca6f820537cfd9328e0ea90de0bcc34333c01a5db79da49f75b1fffc698845f,JG340260,,7/14/2023 5:20,30,NO CONTROLS,NO CONTROLS,CLEAR,DAYLIGHT,TURNING,T-INTERSECTION,,STRAIGHT AND LEVEL,DRY,UNKNOWN,ON SCENE,INJURY AND / OR TOW DUE TO CRASH,Y,,,"OVER $1,500",7/14/2023 5:24,UNABLE TO DETERMINE,NOT APPLICABLE,2800,S,WESTERN AVE,1034,,,,,,,2,NONINCAPACITATING INJURY,1,0,0,1,0,2,0,5,6,7,41.84111018,-87.68542555,POINT (-87.685425544687 41.841110175378)
cf3c7c075dde9aff16cc58cc313f753f514853e3e3937fd758370345815d2a7c74609cc8d1d69b9476f11dc10bf4e802f90ae15ffbfccd473c3c7d63343a1fe2,JG341288,,7/14/2023 19:00,30,NO CONTROLS,NO CONTROLS,CLEAR,DAYLIGHT,PARKED MOTOR VEHICLE,ONE-WAY,,STRAIGHT AND LEVEL,DRY,NO DEFECTS,NOT ON SCENE (DESK REPORT),NO INJURY / DRIVE AWAY,,,Y,$500 OR LESS,7/14/2023 20:00,UNABLE TO DETERMINE,NOT APPLICABLE,1905,S,ST LOUIS AVE,1024,,,,,,,2,NO INDICATION OF INJURY,0,0,0,0,0,1,0,19,6,7,41.85507318,-87.71228724,POINT (-87.71228724227 41.855073178272)
cf3f04b88e0057f5f76d0e84ac3d45f07b19fc7ee39a94ead377823c64211b82a9f7ca4d5618d69a755980c2df2b40c80edb383c6834d243578196d606fb6989,JG349013,,7/14/2023 14:30,10,NO CONTROLS,NO CONTROLS,CLEAR,DAYLIGHT,PARKED MOTOR VEHICLE,PARKING LOT,,STRAIGHT AND LEVEL,DRY,NO DEFECTS,NOT ON SCENE (DESK REPORT),NO INJURY / DRIVE AWAY,,,,"$501 - $1,500",7/20/2023 15:07,IMPROPER BACKING,NOT APPLICABLE,4343,S,PULASKI RD,821,,,,,,,2,NO INDICATION OF INJURY,0,0,0,0,0,3,0,14,6,7,41.81391431,-87.72366494,POINT (-87.723664941947 41.813914311347)
cf773178687da1b8901f46b09c12462d6fdc64163d10e3d042d9903e07dcb1d70b19d22f4dc7ce1d32fef3d66e6ccb57f5a5e5b62965aaed9150fb981728c1ce,JG342188,Y,7/14/2023 11:00,30,NO CONTROLS,NO CONTROLS,CLEAR,UNKNOWN,PARKED MOTOR VEHICLE,ONE-WAY,,STRAIGHT AND LEVEL,UNKNOWN,UNKNOWN,ON SCENE,INJURY AND / OR TOW DUE TO CRASH,,,Y,"$501 - $1,500",7/14/2023 20:00,UNABLE TO DETERMINE,NOT APPLICABLE,141,N,CLINTON ST,121,,,,,,,2,NO INDICATION OF INJURY,0,0,0,0,0,1,0,11,6,7,41.88437586,-87.64112478,POINT (-87.641124777106 41.884375860033)
d00c6db1dd1ef91055290fae7c134d321d08340b966da9d010f50f6703ad6f85e0962e3ca946cfe3d8ff78823fe8829237e293f5fdbad126af92c91a8ecc23dd,JG341574,,7/14/2023 21:20,30,TRAFFIC SIGNAL,FUNCTIONING PROPERLY,CLEAR,"DARKNESS, LIGHTED ROAD",ANGLE,NOT DIVIDED,,STRAIGHT AND LEVEL,WET,NO DEFECTS,,INJURY AND / OR TOW DUE TO CRASH,,,N,"OVER $1,500",7/15/2023 2:30,FAILING TO YIELD RIGHT-OF-WAY,DISREGARDING TRAFFIC SIGNALS,1428,N,KARLOV AVE,2534,,,,,,,2,NONINCAPACITATING INJURY,4,0,0,1,3,0,0,21,6,7,41.9070942,-87.72903002,POINT (-87.729030022626 41.907094200418)
d0212064f184d156026bbb4766427ebae22fefcb0f8d5d894eec11647a07126df16d5a79cd29889bf11b2cd5ff0043bfd948d6a0cb17f0ae666788e6f39b9959,JG341901,,7/14/2023 17:45,30,NO CONTROLS,NO CONTROLS,CLEAR,DAYLIGHT,PARKED MOTOR VEHICLE,NOT DIVIDED,,STRAIGHT AND LEVEL,DRY,NO DEFECTS,NOT ON SCENE (DESK REPORT),NO INJURY / DRIVE AWAY,,,Y,"$501 - $1,500",7/15/2023 11:00,UNABLE TO DETERMINE,NOT APPLICABLE,2616,N,LAKEWOOD AVE,1932,,,,,,,2,NO INDICATION OF INJURY,0,0,0,0,0,1,0,17,6,7,41.92942551,-87.6612055,POINT (-87.66120550231 41.92942550639)
d2ccb722f5a889be99cc0dcc7cf54f35208c64cdde23e0499936d2c087b5298739fba84343b232bc153cd364e6cfc95b15d390494e2714f239e3719937a0cb05,JG342433,,7/14/2023 21:30,25,NO CONTROLS,NO CONTROLS,CLEAR,"DARKNESS, LIGHTED ROAD",REAR END,NOT DIVIDED,,STRAIGHT AND LEVEL,WET,NO DEFECTS,NOT ON SCENE (DESK REPORT),INJURY AND / OR TOW DUE TO CRASH,,,Y,"$501 - $1,500",7/15/2023 18:00,FOLLOWING TOO CLOSELY,UNABLE TO DETERMINE,150,E,WACKER DR,114,,,,,,,2,NONINCAPACITATING INJURY,1,0,0,1,0,1,0,21,6,7,41.88834433,-87.62251922,POINT (-87.622519218995 41.888344332295)
d32c7339e8d695091aaa63cccfc7ff5ba8a8362bf828ac84e2d9c8fa0b705d1e87d8dd0163ea7277b61c260b64cb56842c4887df054e782e189bb407549d2b4a,JG340996,,7/14/2023 14:30,30,TRAFFIC SIGNAL,NO CONTROLS,CLEAR,DAYLIGHT,REAR END,DIVIDED - W/MEDIAN (NOT RAISED),,STRAIGHT AND LEVEL,DRY,NO DEFECTS,NOT ON SCENE (DESK REPORT),NO INJURY / DRIVE AWAY,,,,"$501 - $1,500",7/14/2023 16:40,FOLLOWING TOO CLOSELY,NOT APPLICABLE,1301,S,ASHLAND AVE,1233,,,,,,,2,NO INDICATION OF INJURY,0,0,0,0,0,2,0,14,6,7,41.8650368,-87.66619384,POINT (-87.666193840799 41.865036797968)
d3e620193fc4acd17c9021782fe60d2d5ac9d9f4cd374e85d2cb629844fb88e4ed9fc019fc2482f7f482d78e74b1ae2660740b529c4107d12edb3b2574d19758,JG341308,,7/14/2023 20:05,30,TRAFFIC SIGNAL,NO CONTROLS,CLEAR,DUSK,REAR END,NOT DIVIDED,,STRAIGHT AND LEVEL,DRY,NO DEFECTS,NOT ON SCENE (DESK REPORT),NO INJURY / DRIVE AWAY,,,,"$501 - $1,500",7/14/2023 20:25,UNABLE TO DETERMINE,NOT APPLICABLE,11500,S,CENTRAL PARK AVE,2211,,,,,,,2,NO INDICATION OF INJURY,0,0,0,0,0,2,0,20,6,7,41.68406273,-87.71043401,POINT (-87.710434008518 41.684062729212)
d43471b4caf7a50998af05a818c5a44d485a9b0697ba376116801d09641e2a30f3e147a29bfeaa350d48aff798ec1d7629d5911ad15f237e3606dfc8bd29980d,JG340717,,7/14/2023 13:18,30,TRAFFIC SIGNAL,FUNCTIONING PROPERLY,CLEAR,DAYLIGHT,PEDESTRIAN,NOT DIVIDED,,STRAIGHT AND LEVEL,DRY,NO DEFECTS,ON SCENE,INJURY AND / OR TOW DUE TO CRASH,,,,$500 OR LESS,7/14/2023 13:19,UNABLE TO DETERMINE,NOT APPLICABLE,4759,W,ARMITAGE AVE,2533,,,,,,,2,"REPORTED, NOT EVIDENT",1,0,0,0,1,1,0,13,6,7,41.91682388,-87.74598841,POINT (-87.745988414299 41.91682387946)
0bb562fe8cdb4f46b8ec8ca1bae5ac95ef957e43d8046c0eec2722e4d68696afc27cd2206b1b9e5473f99de693d1b6636d96d3c5eb083d349428924b2c1d9555,,,7/29/2023 11:50,15,NO CONTROLS,NO CONTROLS,RAIN,"DARKNESS, LIGHTED ROAD",OTHER NONCOLLISION,OTHER,,STRAIGHT AND LEVEL,WET,NO DEFECTS,NOT ON SCENE (DESK REPORT),NO INJURY / DRIVE AWAY,,,,"OVER $1,500",7/29/2023 12:00,WEATHER,WEATHER,1011,W,114TH PL,2234,,,,,,,1,,,,,,,,,11,7,7,41.6858059,-87.64755795,POINT (-87.64755794906 41.685805894589)
a8a7be2e9f5b49c474e0162a66a95184d8017646a4e149cbed81a9707c9d9c46182f83c7f4d90dc4159beff9fca4212c904f00896ea3793e7f602b100b832d8a,,,7/28/2023 14:15,30,NO CONTROLS,NO CONTROLS,CLEAR,DAYLIGHT,SIDESWIPE SAME DIRECTION,OTHER,,STRAIGHT AND LEVEL,UNKNOWN,UNKNOWN,NOT ON SCENE (DESK REPORT),NO INJURY / DRIVE AWAY,,,,"$501 - $1,500",7/29/2023 15:10,UNABLE TO DETERMINE,NOT APPLICABLE,7353,S,CICERO AVE,833,,,,,,,2,NO INDICATION OF INJURY,0,0,0,0,0,2,0,14,6,7,41.75912971,-87.74155365,POINT (-87.741553649368 41.759129713907)
a8afa3b06110a15858f052c733cb10a4552c5e14f253fe8cd26cd9b06b241a7cbefa7783e3753f1986e09304ef9a6400ea511b6b4641e985cd2686b7c7634b2e,,,7/29/2023 16:45,30,NO CONTROLS,NO CONTROLS,CLEAR,DAYLIGHT,REAR END,DIVIDED - W/MEDIAN (NOT RAISED),,STRAIGHT AND LEVEL,DRY,UNKNOWN,ON SCENE,NO INJURY / DRIVE AWAY,,,,"OVER $1,500",7/29/2023 16:46,DISTRACTION - FROM INSIDE VEHICLE,NOT APPLICABLE,1654,W,FULLERTON AVE,1931,,,,,,,2,NO INDICATION OF INJURY,0,0,0,0,0,2,0,16,7,7,41.92523414,-87.670177,POINT (-87.670177001324 41.925234142728)
a937ecdbf13ff6f061d95d3c9fd271109e133ae4dd28573999d497959acc8d09858623fd83a32470762049498aebe526233b6a346ae08670fd47fceb6b746b82,,,7/27/2023 18:57,30,STOP SIGN/FLASHER,UNKNOWN,CLEAR,DAYLIGHT,ANGLE,NOT DIVIDED,,STRAIGHT AND LEVEL,DRY,NO DEFECTS,NOT ON SCENE (DESK REPORT),NO INJURY / DRIVE AWAY,Y,,,"OVER $1,500",7/27/2023 22:30,UNABLE TO DETERMINE,UNABLE TO DETERMINE,533,N,MILWAUKEE AVE,1214,,,,,,,2,NO INDICATION OF INJURY,0,0,0,0,0,3,0,18,5,7,41.89200444,-87.64861514,POINT (-87.64861514306 41.892004435428)
a7d9f29cdbca6958c33ffa23cf763f8dc09282e05f58262a1d424e7221fb33b05071c2a281029e06efe449bcc2993afc31eec1721ee68cfe99feaf2180a40593,,,7/29/2023 18:05,30,NO CONTROLS,NO CONTROLS,CLEAR,DAYLIGHT,SIDESWIPE SAME DIRECTION,DIVIDED - W/MEDIAN (NOT RAISED),,STRAIGHT AND LEVEL,DRY,NO DEFECTS,ON SCENE,NO INJURY / DRIVE AWAY,,,,"OVER $1,500",7/29/2023 18:06,DRIVING SKILLS/KNOWLEDGE/EXPERIENCE,NOT APPLICABLE,7931,S,DR MARTIN LUTHER KING JR DR,624,,,,,,,2,NO INDICATION OF INJURY,0,0,0,0,0,5,0,18,7,7,41.75017665,-87.61480003,POINT (-87.614800028487 41.75017664947)
a8844176ac2c92018cc211b5b5521adcce0a47ba41f48e67a6c5b947e713623bfd95f60b833a89d480fba3661ea4ebef9672f37c75dd6e19a4ce5644a9fc08c6,,,7/28/2023 8:57,25,NO CONTROLS,NO CONTROLS,CLEAR,DAYLIGHT,REAR END,NOT DIVIDED,,STRAIGHT AND LEVEL,DRY,UNKNOWN,ON SCENE,INJURY AND / OR TOW DUE TO CRASH,,,,"OVER $1,500",7/28/2023 9:07,FAILING TO YIELD RIGHT-OF-WAY,UNABLE TO DETERMINE,4715,N,LAKE SHORE DR NB,1914,,,,,,,2,"REPORTED, NOT EVIDENT",1,0,0,0,1,1,0,8,6,7,41.9680001,-87.64742055,POINT (-87.647420548232 41.968000104457)
a96f2a8aec02bd24d31289383d4441ac68cb4a260a5fb2093648e9bef9d788c68031ac019f8a2ea81e161c42ec5bda7e7b3c8edf2d68177b5dac46afd355bb67,,,7/27/2023 11:00,30,NO CONTROLS,NO CONTROLS,CLEAR,DAYLIGHT,SIDESWIPE SAME DIRECTION,NOT DIVIDED,,STRAIGHT AND LEVEL,DRY,NO DEFECTS,NOT ON SCENE (DESK REPORT),NO INJURY / DRIVE AWAY,,,Y,$500 OR LESS,7/28/2023 13:50,IMPROPER OVERTAKING/PASSING,IMPROPER OVERTAKING/PASSING,4700,W,FOSTER AVE,1712,,,,,,,2,NO INDICATION OF INJURY,0,0,0,0,0,2,0,11,5,7,41.97548003,-87.74568344,POINT (-87.745683444237 41.975480031133)
d524458fb8b9421a50a3632a5951ce6909f9c1b8e36009b9100683b0d2066840490f1587926f9dbdd2c694022edf20b1d2f914e1d29743617da2561c931366ed,JG342669,Y,7/14/2023 18:00,30,NO CONTROLS,NO CONTROLS,CLEAR,DAYLIGHT,SIDESWIPE SAME DIRECTION,DIVIDED - W/MEDIAN (NOT RAISED),,STRAIGHT AND LEVEL,DRY,NO DEFECTS,NOT ON SCENE (DESK REPORT),NO INJURY / DRIVE AWAY,,,,"OVER $1,500",7/15/2023 22:00,IMPROPER OVERTAKING/PASSING,FAILING TO YIELD RIGHT-OF-WAY,2366,W,ADDISON ST,1921,,,,,,,2,NO INDICATION OF INJURY,0,0,0,0,0,3,0,18,6,7,41.94684114,-87.68819883,POINT (-87.688198829415 41.946841143645)
d549cc40bea2647ea8eaa0ebc1417088a0a013f865aa74cabed3618668b90c437bfda3e4f3f01afb4b412b9fc0a3505f955e77dacbeec9fbdbad4fb1e212d1b5,JG340535,,7/14/2023 10:26,25,NO CONTROLS,NO CONTROLS,CLEAR,DAYLIGHT,TURNING,NOT DIVIDED,,STRAIGHT AND LEVEL,DRY,NO DEFECTS,NOT ON SCENE (DESK REPORT),INJURY AND / OR TOW DUE TO CRASH,,,,"OVER $1,500",7/14/2023 11:05,"VISION OBSCURED (SIGNS, TREE LIMBS, BUILDINGS, ETC.)",NOT APPLICABLE,3216,W,47TH ST,821,,,,,,,2,"REPORTED, NOT EVIDENT",1,0,0,0,1,1,0,10,6,7,41.80822095,-87.70470909,POINT (-87.70470908521 41.808220951718)
d56ad0aaf3e7981628a8987b567b5915261f10ab1e3a5913b2a748fbb5423b79cc77dd5b2be705f69033bb8a1b27b1ff47a9eb2f299e45f9ec40defa5f3b4caa,JG340582,,7/14/2023 9:00,10,NO CONTROLS,NO CONTROLS,CLEAR,DAYLIGHT,REAR END,PARKING LOT,,"CURVE, LEVEL",DRY,NO DEFECTS,NOT ON SCENE (DESK REPORT),NO INJURY / DRIVE AWAY,,Y,,"OVER $1,500",7/14/2023 11:45,DRIVING SKILLS/KNOWLEDGE/EXPERIENCE,UNABLE TO DETERMINE,181,N,DEARBORN ST,111,,,,,,,2,NO INDICATION OF INJURY,0,0,0,0,0,2,0,9,6,7,41.88535046,-87.62933739,POINT (-87.62933739296 41.88535046357)