CRASH_RECORD_ID,RD_NO,CRASH_DATE_EST_I,CRASH_DATE,POSTED_SPEED_LIMIT,TRAFFIC_CONTROL_DEVICE,DEVICE_CONDITION,WEATHER_CONDITION,LIGHTING_CONDITION,FIRST_CRASH_TYPE,TRAFFICWAY_TYPE,LANE_CNT,ALIGNMENT,ROADWAY_SURFACE_COND,ROAD_DEFECT,REPORT_TYPE,CRASH_TYPE,INTERSECTION_RELATED_I,NOT_RIGHT_OF_WAY_I,HIT_AND_RUN_I,DAMAGE,DATE_POLICE_NOTIFIED,PRIM_CONTRIBUTORY_CAUSE,SEC_CONTRIBUTORY_CAUSE,STREET_NO,STREET_DIRECTION,STREET_NAME,BEAT_OF_OCCURRENCE,PHOTOS_TAKEN_I,STATEMENTS_TAKEN_I,DOORING_I,WORK_ZONE_I,WORK_ZONE_TYPE,WORKERS_PRESENT_I,NUM_UNITS,MOST_SEVERE_INJURY,INJURIES_TOTAL,INJURIES_FATAL,INJURIES_INCAPACITATING,INJURIES_NON_INCAPACITATING,INJURIES_REPORTED_NOT_EVIDENT,INJURIES_NO_INDICATION,INJURIES_UNKNOWN,CRASH_HOUR,CRASH_DAY_OF_WEEK,CRASH_MONTH,LATITUDE,LONGITUDE,LOCATION
d574a4a3b94dbfd0d3752ab5c7da6df220cb4b530862c9e1fa7f8ea9135b91487b296a6556d39c7f6889f145af029f280c7be5fce645a2f71ef1383e2cc4386f,JG341240,,7/14/2023 17:20,30,NO CONTROLS,NO CONTROLS,CLEAR,DAYLIGHT,SIDESWIPE SAME DIRECTION,DIVIDED - W/MEDIAN (NOT RAISED),,STRAIGHT AND LEVEL,DRY,NO DEFECTS,NOT ON SCENE (DESK REPORT),NO INJURY / DRIVE AWAY,,,,"OVER $1,500",7/14/2023 19:10,UNABLE TO DETERMINE,NOT APPLICABLE,3602,W,FULLERTON AVE,2524,,,,,,,2,NO INDICATION OF INJURY,0,0,0,0,0,2,0,17,6,7,41.92471148,-87.71713585,POINT (-87.717135846873 41.924711475638)
d605e9b5903dc26cd6854bbfa34a90f899b0049096afe25f9130505e633a65528a1cfe626d1328bc3e9314d0bb6601cbea6a2ecc0ba9373d69e89e4703b6a87b,JG341181,,7/14/2023 16:40,25,NO CONTROLS,NO CONTROLS,CLEAR,DAYLIGHT,REAR TO FRONT,NOT DIVIDED,,STRAIGHT AND LEVEL,DRY,NO DEFECTS,NOT ON SCENE (DESK REPORT),NO INJURY / DRIVE AWAY,,,Y,"OVER $1,500",7/14/2023 16:50,UNABLE TO DETERMINE,UNABLE TO DETERMINE,482,S,FEDERAL ST,113,,,,,,,2,NO INDICATION OF INJURY,0,0,0,0,0,4,0,16,6,7,41.87568295,-87.62984468,POINT (-87.629844676996 41.875682949661)
d8ac0e490f9ddb8a5d6ebdddc4dfa80defc6a2e237f7ebdf7ed2cef96d16d2a99d829f60fb13fb46e901872f217a09cd2a817023cdfa34fc697d19935a3756f0,JG340150,,7/14/2023 0:45,30,NO CONTROLS,NO CONTROLS,CLEAR,"DARKNESS, LIGHTED ROAD",OTHER OBJECT,NOT DIVIDED,,STRAIGHT AND LEVEL,DRY,NO DEFECTS,ON SCENE,INJURY AND / OR TOW DUE TO CRASH,,,,"OVER $1,500",7/14/2023 0:45,UNABLE TO DETERMINE,NOT APPLICABLE,1934,W,MONTEREY AVE,2212,,,,,,,1,NONINCAPACITATING INJURY,1,0,0,1,0,0,0,0,6,7,41.69179192,-87.66963964,POINT (-87.669639640899 41.691791918312)
dabe99b334d23eccfc1339763edd6c7eb2edeebb07330daf59c33fd59c318d28696075c28980c3fb8e8137d2074fc30f84b1bbbd954d8f84bc1430f023c30dc5,JG340856,,7/14/2023 14:43,30,TRAFFIC SIGNAL,FUNCTIONING PROPERLY,CLEAR,DAYLIGHT,REAR END,Y-INTERSECTION,,STRAIGHT AND LEVEL,DRY,UNKNOWN,ON SCENE,NO INJURY / DRIVE AWAY,,,,"$501 - $1,500",7/14/2023 15:10,UNABLE TO DETERMINE,UNABLE TO DETERMINE,5265,N,ELSTON AVE,1621,,,,,,,3,NO INDICATION OF INJURY,0,0,0,0,0,3,0,14,6,7,41.97670004,-87.75387452,POINT (-87.753874514582 41.976700035143)
daee12a07bb087574e76583301fc248bb5ec19d548ed67ba70523ec47bec03697f9e7f066aad46258c92ed40428ae07865860448f28f8e2a7c63f7f59c18b215,JG340985,,7/14/2023 16:14,30,TRAFFIC SIGNAL,FUNCTIONING PROPERLY,CLEAR,DAYLIGHT,HEAD ON,FOUR WAY,,STRAIGHT AND LEVEL,DRY,UNKNOWN,ON SCENE,NO INJURY / DRIVE AWAY,,,Y,"OVER $1,500",7/14/2023 16:21,DRIVING ON WRONG SIDE/WRONG WAY,NOT APPLICABLE,5415,W,GRAND AVE,2515,,,,,,,2,NO INDICATION OF INJURY,0,0,0,0,0,2,0,16,6,7,41.91785422,-87.76151787,POINT (-87.761517865276 41.91785421895)
dc2e30bb969d6e880e33b3f6a218622455eae0c6fb7a5978912a3eb77b8c61dce2ddf15163e590d45b2dd801bc4bcc225f1621b90b400f1e96813b4b92ca1e29,JG340312,,7/14/2023 6:40,30,STOP SIGN/FLASHER,FUNCTIONING PROPERLY,CLEAR,DAYLIGHT,TURNING,FOUR WAY,,STRAIGHT AND LEVEL,DRY,NO DEFECTS,ON SCENE,NO INJURY / DRIVE AWAY,Y,,,"OVER $1,500",7/14/2023 6:45,IMPROPER LANE USAGE,DRIVING SKILLS/KNOWLEDGE/EXPERIENCE,2636,E,104TH ST,434,,,,,,,2,NO INDICATION OF INJURY,0,0,0,0,0,2,0,6,6,7,41.70650637,-87.55945904,POINT (-87.559459044472 41.706506373292)
dd065ead34a8520f219da11d3630267bcd3a8f95bb1758ebdccc135a344b93c25701d1c450a692fa57ea661e4accfb512433f785d08924625d2f368b507bdee8,JG340967,,7/14/2023 15:26,35,TRAFFIC SIGNAL,FUNCTIONING PROPERLY,CLEAR,DAYLIGHT,PARKED MOTOR VEHICLE,NOT DIVIDED,,STRAIGHT AND LEVEL,DRY,NO DEFECTS,ON SCENE,INJURY AND / OR TOW DUE TO CRASH,,,,"OVER $1,500",7/14/2023 15:35,PHYSICAL CONDITION OF DRIVER,NOT APPLICABLE,2600,E,87TH ST,423,,Y,,,,,3,INCAPACITATING INJURY,1,0,1,0,0,0,0,15,6,7,41.73736923,-87.56109559,POINT (-87.561095585346 41.737369231562)
dd3a3efafc4db68eaf125feec0769dd18fa8fb4e783da0ad833d58cd947b1b109820d9bef926f26f7d758b184c2edbd0777a4ff21a8c61e938d648e31b72c7cf,JG340645,,7/14/2023 11:30,30,NO CONTROLS,NO CONTROLS,CLEAR,DAYLIGHT,PARKED MOTOR VEHICLE,NOT DIVIDED,,STRAIGHT AND LEVEL,DRY,NO DEFECTS,ON SCENE,NO INJURY / DRIVE AWAY,,,,"OVER $1,500",7/14/2023 12:14,IMPROPER BACKING,IMPROPER BACKING,3731,N,HALSTED ST,1925,,,,,,,2,NO INDICATION OF INJURY,0,0,0,0,0,1,0,11,6,7,41.94999915,-87.64942609,POINT (-87.649426087805 41.949999146287)
ddeb08d9b5cef46417a01c380908d8f6a477e5f71efe8d6c96dad25546f5bb0b93824608543f48417784dd6559fcd7e48c1d88e387b24a6a28c54d74f5a91f8d,JG340655,,7/14/2023 12:10,30,NO CONTROLS,NO CONTROLS,CLEAR,DAYLIGHT,PARKED MOTOR VEHICLE,ONE-WAY,,STRAIGHT AND LEVEL,DRY,NO DEFECTS,ON SCENE,NO INJURY / DRIVE AWAY,,,,"OVER $1,500",7/14/2023 12:30,DRIVING SKILLS/KNOWLEDGE/EXPERIENCE,NOT APPLICABLE,2417,W,BERTEAU AVE,1911,,,,,,,2,NO INDICATION OF INJURY,0,0,0,0,0,1,0,12,6,7,41.95755487,-87.68930261,POINT (-87.689302607771 41.957554874323)
dbc4c312bfe2980c77f3031fba2bf7a2f29dcb7603b5c4a71edaea6b099aee6cbbc5c0759f48bc40f255e26d21202a7ebc799bbac8137e5fcef7783485d88d63,,,7/16/2023 5:10,30,NO CONTROLS,NO CONTROLS,CLEAR,DAYLIGHT,TURNING,DIVIDED - W/MEDIAN (NOT RAISED),,STRAIGHT AND LEVEL,DRY,NO DEFECTS,,INJURY AND / OR TOW DUE TO CRASH,N,,Y,$500 OR LESS,7/16/2023 5:15,NOT APPLICABLE,NOT APPLICABLE,7759,S,CICERO AVE,834,,,,,,,2,"REPORTED, NOT EVIDENT",1,0,0,0,1,1,0,5,1,7,41.75106616,-87.74128108,POINT (-87.741281077601 41.75106615968)
dea989f781dc80ea7a95f16d5023be682bfd8b3a57a76e3e111ee1978206dc1e4f1a64ee180c07258bcf1c2b6d3e91747eddd54f157b03bc57d332f70c6599ef,JG342027,,7/14/2023 18:00,35,TRAFFIC SIGNAL,FUNCTIONING PROPERLY,CLEAR,"DARKNESS, LIGHTED ROAD",TURNING,DIVIDED - W/MEDIAN (NOT RAISED),,STRAIGHT AND LEVEL,DRY,NO DEFECTS,NOT ON SCENE (DESK REPORT),INJURY AND / OR TOW DUE TO CRASH,,,Y,"OVER $1,500",7/15/2023 12:30,FAILING TO YIELD RIGHT-OF-WAY,NOT APPLICABLE,6358,N,MANNHEIM RD,1654,,,,,,,2,NONINCAPACITATING INJURY,1,0,0,1,0,5,0,18,6,7,41.99425895,-87.88475392,POINT (-87.884753922477 41.994258947544)
df28ad06bc10c8aa6d814f0fac0b7e2c74a269f1d6591dc7e6a2292dfa59ad590cf0de8b6579a42106817ee339da255978a7a047420d7268cd07f44073df2526,JG340569,,7/14/2023 10:30,30,NO CONTROLS,NO CONTROLS,CLEAR,DAYLIGHT,REAR TO FRONT,NOT DIVIDED,,STRAIGHT AND LEVEL,DRY,NO DEFECTS,NOT ON SCENE (DESK REPORT),NO INJURY / DRIVE AWAY,,,,"OVER $1,500",7/14/2023 11:20,DRIVING SKILLS/KNOWLEDGE/EXPERIENCE,FAILING TO REDUCE SPEED TO AVOID CRASH,221,N,COLUMBUS DR,114,,,,,,,2,NO INDICATION OF INJURY,0,0,0,0,0,2,0,10,6,7,41.88631251,-87.62054177,POINT (-87.620541769872 41.886312514284)
dfc71163809e9305b350035cda21eb1898cfcc2171fb38433f52e08395fc9de6b41a1bfcf8ea050f95025bd9648641fe7d964d41adc45b371685e9c78180fcef,JG341417,,7/14/2023 22:30,30,TRAFFIC SIGNAL,FUNCTIONING PROPERLY,RAIN,"DARKNESS, LIGHTED ROAD",REAR END,NOT DIVIDED,,STRAIGHT AND LEVEL,WET,NO DEFECTS,NOT ON SCENE (DESK REPORT),NO INJURY / DRIVE AWAY,,,,$500 OR LESS,7/14/2023 22:52,UNABLE TO DETERMINE,NOT APPLICABLE,4029,W,MONTROSE AVE,1722,,,,,,,2,NO INDICATION OF INJURY,0,0,0,0,0,4,0,22,6,7,41.96082373,-87.72906915,POINT (-87.729069148458 41.96082372636)
e00adba4c50c94f60b6206c8827f6383f63cbcca4d7032f24ed63fe821f1847452121f88aa7251ada0859d4a0b5dc98481cb6ba05266b0e00b5b3e722c051453,JG343431,,7/14/2023 11:02,30,STOP SIGN/FLASHER,FUNCTIONING PROPERLY,UNKNOWN,UNKNOWN,ANGLE,FOUR WAY,,STRAIGHT AND LEVEL,UNKNOWN,UNKNOWN,NOT ON SCENE (DESK REPORT),NO INJURY / DRIVE AWAY,Y,,,"OVER $1,500",7/16/2023 14:30,FAILING TO YIELD RIGHT-OF-WAY,DISREGARDING STOP SIGN,832,W,RANDOLPH ST,1224,,,,,,,2,NO INDICATION OF INJURY,0,0,0,0,0,2,0,11,6,7,41.88449669,-87.64866551,POINT (-87.648665508245 41.884496686294)
e100b8869dea105c3cde8bbc582d20e71de3b0a54d2016ba7129d78541d1d3d9d6770ee7dad7dfe316558a661a48f0b481b4972b9b89896c40473d57a61f84c5,JG340522,,7/14/2023 10:01,30,STOP SIGN/FLASHER,FUNCTIONING PROPERLY,CLEAR,DAYLIGHT,PEDESTRIAN,NOT DIVIDED,,STRAIGHT AND LEVEL,DRY,NO DEFECTS,ON SCENE,INJURY AND / OR TOW DUE TO CRASH,Y,,,$500 OR LESS,7/14/2023 10:01,FAILING TO YIELD RIGHT-OF-WAY,UNABLE TO DETERMINE,2330,N,WASHTENAW AVE,1431,,Y,,,,,2,NONINCAPACITATING INJURY,1,0,0,1,0,1,0,10,6,7,41.92382679,-87.69573282,POINT (-87.695732820494 41.923826790964)
e15ee38888d1186a9d290313811759165cfc90fbf55bd89d5ee735133fdf06152eb8b98eb5ba3d75c9302bcee8fa1048e45e1b91a5dd30c1db38a78d02a4a059,JG341971,Y,7/14/2023 19:00,10,NO CONTROLS,NO CONTROLS,UNKNOWN,UNKNOWN,PARKED MOTOR VEHICLE,ONE-WAY,,STRAIGHT AND LEVEL,UNKNOWN,UNKNOWN,NOT ON SCENE (DESK REPORT),NO INJURY / DRIVE AWAY,,,Y,"OVER $1,500",7/15/2023 11:40,UNABLE TO DETERMINE,NOT APPLICABLE,337,W,110TH PL,513,,,,,,,2,NO INDICATION OF INJURY,0,0,0,0,0,1,0,19,6,7,41.6932811,-87.63167356,POINT (-87.631673556358 41.693281102586)
e243e8cf423d4cdddd292da25cb87b400e6e48119fff280c9dc596f70adf497d9138cd325ef68d4eeaef0e50b53d1b7bff1c1a240db7f5b60a3d8f1e20c6bb12,JG340511,,7/14/2023 10:09,30,STOP SIGN/FLASHER,FUNCTIONING PROPERLY,CLEAR,DAYLIGHT,SIDESWIPE SAME DIRECTION,ONE-WAY,,STRAIGHT AND LEVEL,UNKNOWN,UNKNOWN,ON SCENE,NO INJURY / DRIVE AWAY,,,Y,"OVER $1,500",7/14/2023 10:30,UNABLE TO DETERMINE,UNABLE TO DETERMINE,1154,W,ROSCOE ST,1924,,,,,,,2,NO INDICATION OF INJURY,0,0,0,0,0,3,0,10,6,7,41.94360663,-87.6588589,POINT (-87.658858896666 41.943606633586)
e339465799d5c3ee7f22b605560220e2349218231f294b09ffc1e4f319b2b1f34c23be80ec4c31b2f96347c995b84c8e02fa94fec3f95293d1f16f60456ae433,JG340922,,7/14/2023 15:00,30,NO CONTROLS,NO CONTROLS,CLEAR,DAYLIGHT,PARKED MOTOR VEHICLE,NOT DIVIDED,,STRAIGHT AND LEVEL,DRY,NO DEFECTS,ON SCENE,INJURY AND / OR TOW DUE TO CRASH,,,Y,"OVER $1,500",7/14/2023 15:00,UNABLE TO DETERMINE,UNABLE TO DETERMINE,2859,N,HALSTED ST,1934,,,,,,,2,NO INDICATION OF INJURY,0,0,0,0,0,1,0,15,6,7,41.93450059,-87.64892832,POINT (-87.648928315561 41.934500585346)
e360971ca4f7281218fc7e7033565768229531f31def08120a3cbfa0139979907f5797f61e62ce8094911a4522caf337ee0d02372a423a1bbf67e7e60d7b7d34,JG340263,,7/14/2023 5:00,10,NO CONTROLS,NO CONTROLS,CLEAR,DAWN,PARKED MOTOR VEHICLE,PARKING LOT,,STRAIGHT AND LEVEL,DRY,NO DEFECTS,ON SCENE,NO INJURY / DRIVE AWAY,,,,"OVER $1,500",7/14/2023 5:18,UNABLE TO DETERMINE,UNABLE TO DETERMINE,2404,S,WOLCOTT AVE,1034,,,,,,,2,NO INDICATION OF INJURY,0,0,0,0,0,1,0,5,6,7,41.84832466,-87.67343416,POINT (-87.673434156694 41.848324655385)
e3baaf854970dbc617b592963ed29f29d1ccc65e6562d209bdfd17c6b6ca8fb0f9e7dde86bf156e24299bb1f267af347b3e1130fcbfe4afe772ba81e7e6e7f95,JG340635,,7/14/2023 11:50,30,NO CONTROLS,NO CONTROLS,CLEAR,DAYLIGHT,SIDESWIPE SAME DIRECTION,NOT DIVIDED,,STRAIGHT AND LEVEL,DRY,NO DEFECTS,NOT ON SCENE (DESK REPORT),NO INJURY / DRIVE AWAY,,,,"OVER $1,500",7/14/2023 12:20,IMPROPER OVERTAKING/PASSING,FAILING TO YIELD RIGHT-OF-WAY,3300,W,55TH ST,822,,,,,,,2,NO INDICATION OF INJURY,0,0,0,0,0,2,0,11,6,7,41.79358773,-87.70606831,POINT (-87.706068305095 41.793587728408)
7b589bf5a0a36031ff208f5a6354d4a2204f1b85c4443a3eb96a25f29eb2cbe38eb7839e1531ce5d769baeaf3c37583f63ee0d8bef2a3542e35786fc1abb6dd1,JD339628,,8/20/2020 22:52,15,NO CONTROLS,UNKNOWN,CLEAR,"DARKNESS, LIGHTED ROAD",FIXED OBJECT,ALLEY,,STRAIGHT AND LEVEL,DRY,NO DEFECTS,ON SCENE,NO INJURY / DRIVE AWAY,,,,"$501 - $1,500",8/20/2020 22:55,UNABLE TO DETERMINE,NOT APPLICABLE,4131,W,KAMERLING AVE,2534,,,,,,,1,NO INDICATION OF INJURY,0,0,0,0,0,1,0,22,5,8,41.90520935,-87.73010381,POINT (-87.730103807847 41.90520934954)
e6eeccaaa0b3ec90d1130b70e69fccd55263b63d2496408f341e5b234c57b4eacf85ff9e195e58a97fd3efccb023f392e8fa09b32915bb54af21dfc715d9fd14,JG345161,,7/14/2023 22:45,30,NO CONTROLS,NO CONTROLS,CLEAR,DARKNESS,REAR END,ONE-WAY,,STRAIGHT AND LEVEL,DRY,NO DEFECTS,NOT ON SCENE (DESK REPORT),NO INJURY / DRIVE AWAY,,,,"OVER $1,500",7/17/2023 19:15,UNABLE TO DETERMINE,UNABLE TO DETERMINE,2501,W,WASHINGTON BLVD,1222,,,,,,,2,NO INDICATION OF INJURY,0,0,0,0,0,2,0,22,6,7,41.88287475,-87.68865927,POINT (-87.688659265029 41.882874749133)
e770e4a271c33554d6511c85cd8d18008164cae7d7415908bd58670597c9a4b7082db372c6f7605694ebaf65239c6328b418bfb127c3c253b32a437005a3a5da,JG340442,,7/14/2023 9:55,25,TRAFFIC SIGNAL,FUNCTIONING PROPERLY,CLEAR,DAYLIGHT,TURNING,NOT DIVIDED,,STRAIGHT AND LEVEL,DRY,NO DEFECTS,NOT ON SCENE (DESK REPORT),NO INJURY / DRIVE AWAY,Y,,Y,"$501 - $1,500",7/14/2023 10:10,EQUIPMENT - VEHICLE CONDITION,EQUIPMENT - VEHICLE CONDITION,8300,S,MORGAN ST,613,,Y,,,,,2,NO INDICATION OF INJURY,0,0,0,0,0,2,0,9,6,7,41.74319413,-87.64882954,POINT (-87.648829536678 41.743194132402)
e7a3adc9e66e37876b9f28cb7ba7cfb2238c322226188b01a608665ffc8923969ba4dd0a8a0a34a5429eed9a0d063fb65696e84255871b449a8e821408735e19,JG340861,,7/14/2023 14:55,30,STOP SIGN/FLASHER,FUNCTIONING PROPERLY,CLEAR,DAYLIGHT,TURNING,T-INTERSECTION,,STRAIGHT AND LEVEL,DRY,UNKNOWN,ON SCENE,INJURY AND / OR TOW DUE TO CRASH,,,,$500 OR LESS,7/14/2023 14:57,FAILING TO YIELD RIGHT-OF-WAY,NOT APPLICABLE,3901,N,SACRAMENTO AVE,1733,,,,,,,3,INCAPACITATING INJURY,1,0,1,0,0,2,0,14,6,7,41.95222772,-87.70293146,POINT (-87.702931457951 41.952227721416)
e7c3f67534bd3b2ef77e88fc466a5166018ce69f3c8dd9d90f8aaa2cdb7d0eca632aa546a3ab8de4675cb8bb8f06525f77092f1794a6e885b3598b0b04a113fe,JG348783,,7/14/2023 20:00,25,NO CONTROLS,NO CONTROLS,CLEAR,DUSK,PARKED MOTOR VEHICLE,NOT DIVIDED,,STRAIGHT AND LEVEL,DRY,NO DEFECTS,NOT ON SCENE (DESK REPORT),NO INJURY / DRIVE AWAY,,,Y,"OVER $1,500",7/20/2023 12:20,UNABLE TO DETERMINE,UNABLE TO DETERMINE,771,W,GLADYS AVE,1232,,,,,,,2,NO INDICATION OF INJURY,0,0,0,0,0,1,0,20,6,7,41.87720661,-87.64673279,POINT (-87.646732784847 41.877206613482)
e7e3b47ba7327c6f19944fc254b0db8b96111f63ab589ecebc6d4aae6b1a0ce8efba3996212451de098b2d9ced6f519b1269108ebc527c0d78ac6c578a4bc288,JG341209,,7/14/2023 17:47,30,NO CONTROLS,NO CONTROLS,CLEAR,DAYLIGHT,TURNING,DIVIDED - W/MEDIAN (NOT RAISED),,STRAIGHT AND LEVEL,DRY,UNKNOWN,ON SCENE,NO INJURY / DRIVE AWAY,,,Y,"$501 - $1,500",7/14/2023 18:50,FAILING TO YIELD RIGHT-OF-WAY,UNABLE TO DETERMINE,2320,W,PETERSON AVE,2413,,,,,,,2,NO INDICATION OF INJURY,0,0,0,0,0,2,0,17,6,7,41.99063332,-87.68812209,POINT (-87.688122094401 41.99063331884)
e80a133d0ad2df9496e1e2f621841ae12ce5908dfb35d2d32c28501448ef8412a23f0a9d80463e2c3c2dfe5a4bcb12a9d3e4af1c24fcf21bd1fb9f79283ff759,JG341394,,7/14/2023 21:15,15,NO CONTROLS,NO CONTROLS,RAIN,"DARKNESS, LIGHTED ROAD",PARKED MOTOR VEHICLE,ALLEY,,STRAIGHT AND LEVEL,WET,UNKNOWN,NOT ON SCENE (DESK REPORT),NO INJURY / DRIVE AWAY,,,,"$501 - $1,500",7/14/2023 22:00,IMPROPER BACKING,IMPROPER BACKING,3656,N,CENTRAL AVE,1633,,,,,,,2,NO INDICATION OF INJURY,0,0,0,0,0,1,0,21,6,7,41.94759578,-87.76696294,POINT (-87.766962939995 41.947595776812)
e849c3bf9b06c9caddfb9873ae4e03d01118170b39438c6cb0bed659b37b39242017fbdb3a7e797d2b266d861de0688b4b7d943b0f043bca9ce0b6229bcac41c,JG341369,,7/14/2023 21:19,30,OTHER REG. SIGN,FUNCTIONING PROPERLY,CLEAR,"DARKNESS, LIGHTED ROAD",SIDESWIPE SAME DIRECTION,ONE-WAY,,STRAIGHT AND LEVEL,UNKNOWN,NO DEFECTS,NOT ON SCENE (DESK REPORT),NO INJURY / DRIVE AWAY,,,Y,"$501 - $1,500",7/14/2023 21:53,FAILING TO REDUCE SPEED TO AVOID CRASH,IMPROPER OVERTAKING/PASSING,2122,N,TRIPP AVE,2522,,,,,,,2,NO INDICATION OF INJURY,0,0,0,0,0,2,0,21,6,7,41.91963045,-87.73290099,POINT (-87.732900987262 41.919630451565)
e85a4502a4560c2cf841499ee578f63307e1a62421e8b4e99e2e447faac372a5ecf3cc08cf3b24857ce2549db41e0421aef55b27a5bdf25c9fcb7598122210d2,JG341464,,7/14/2023 21:05,30,TRAFFIC SIGNAL,FUNCTIONING PROPERLY,CLEAR,"DARKNESS, LIGHTED ROAD",ANGLE,NOT DIVIDED,,STRAIGHT AND LEVEL,DRY,UNKNOWN,NOT ON SCENE (DESK REPORT),NO INJURY / DRIVE AWAY,,,Y,"$501 - $1,500",7/15/2023 0:15,UNABLE TO DETERMINE,UNABLE TO DETERMINE,400,N,LA SALLE DR,1831,,,,,,,2,NO INDICATION OF INJURY,0,0,0,0,0,2,0,21,6,7,41.88922537,-87.63267412,POINT (-87.632674114985 41.88922537162)
e8d644e832d98a3d26eb0790e997d79bac5e9947f0d14420c5f9b32df465b9fb525f13b670e55c565bc0bf3011797c2b8a617503557b8be92f058926bdfe023f,JG343665,Y,7/14/2023 15:30,30,NO CONTROLS,NO CONTROLS,CLEAR,DAYLIGHT,REAR TO REAR,NOT DIVIDED,,STRAIGHT AND LEVEL,DRY,NO DEFECTS,NOT ON SCENE (DESK REPORT),NO INJURY / DRIVE AWAY,,,,"OVER $1,500",7/16/2023 18:00,IMPROPER BACKING,NOT APPLICABLE,2700,N,CICERO AVE,2521,,,,,,,2,NO INDICATION OF INJURY,0,0,0,0,0,2,0,15,6,7,41.9297611,-87.74666793,POINT (-87.746667930815 41.929761102155)
e8f7b5004d28f21cba063f5977fd27e393a3d31be12b2bb35dc36b46b42cd2acded0715391c86bc678dae1a6d4633943d89e7552d4c62cfd6f01b0b4ae41500c,JG341026,,7/14/2023 15:25,30,NO CONTROLS,NO CONTROLS,CLEAR,DAYLIGHT,REAR END,DIVIDED - W/MEDIAN (NOT RAISED),,STRAIGHT AND LEVEL,DRY,NO DEFECTS,NOT ON SCENE (DESK REPORT),NO INJURY / DRIVE AWAY,,,,"$501 - $1,500",7/14/2023 16:55,NOT APPLICABLE,NOT APPLICABLE,5116,W,IRVING PARK RD,1624,Y,,,,,,3,NO INDICATION OF INJURY,0,0,0,0,0,3,0,15,6,7,41.9534302,-87.75538394,POINT (-87.755383940639 41.953430199347)
e9105bced1085f46868892962998f71d1ee51681635af267ca5f1d7c42324d7228a14f79583d702b21d4dde1521020078db54d7b531d29cf9b818629e65b49a6,JG352718,,7/14/2023 22:00,30,TRAFFIC SIGNAL,FUNCTIONING PROPERLY,RAIN,DAYLIGHT,REAR END,NOT DIVIDED,,STRAIGHT AND LEVEL,WET,NO DEFECTS,NOT ON SCENE (DESK REPORT),NO INJURY / DRIVE AWAY,,,,"$501 - $1,500",7/23/2023 12:30,FAILING TO REDUCE SPEED TO AVOID CRASH,WEATHER,5501,S,KILPATRICK AVE,813,,,,,,,2,NO INDICATION OF INJURY,0,0,0,0,0,2,0,22,6,7,41.79296076,-87.74016845,POINT (-87.740168446193 41.792960757593)
e9e5f0216409d2ae1cda1e53e7530584a2205c1617782186ef26b714a887467bead44db9996c448530eb48cf048c80d7850ebf1d67afb9b8e349c550d063c36b,JG340175,,7/14/2023 1:30,20,NO CONTROLS,NO CONTROLS,CLEAR,"DARKNESS, LIGHTED ROAD",TURNING,DIVIDED - W/MEDIAN (NOT RAISED),,STRAIGHT AND LEVEL,DRY,NO DEFECTS,NOT ON SCENE (DESK REPORT),NO INJURY / DRIVE AWAY,,,,"$501 - $1,500",7/14/2023 2:00,FAILING TO YIELD RIGHT-OF-WAY,NOT APPLICABLE,2262,W,DEVON AVE,2412,,,,,,,2,NO INDICATION OF INJURY,0,0,0,0,0,2,0,1,6,7,41.9978833,-87.68738928,POINT (-87.687389283911 41.997883298097)
ea86e1a38e68c70ee1a9507b31b30d109d317d5f81013d407e9e90f7555482bfec83fea742bc04b9762c68e96bd71318d8644b1b1083c9b832764c4e93c638fa,JG341460,,7/14/2023 21:59,30,TRAFFIC SIGNAL,NOT FUNCTIONING,RAIN,DARKNESS,ANGLE,FOUR WAY,,STRAIGHT AND LEVEL,WET,NO DEFECTS,ON SCENE,INJURY AND / OR TOW DUE TO CRASH,Y,,,"OVER $1,500",7/14/2023 22:00,NOT APPLICABLE,NOT APPLICABLE,7900,S,WESTERN AVE,835,,,,,,,2,NO INDICATION OF INJURY,0,0,0,0,0,4,0,21,6,7,41.75005493,-87.6829922,POINT (-87.682992202902 41.75005493365)
eac080201a907db540083a6e303f252f2910eb1c82f68ba73241bcff45cacba456b516285aab8b5acc16db0ed70ae1b9b21372d78b9e0ad120666b6d87ff06c5,JG341215,,7/14/2023 17:38,20,NO CONTROLS,NO CONTROLS,CLEAR,DAYLIGHT,PARKED MOTOR VEHICLE,NOT DIVIDED,,STRAIGHT AND LEVEL,DRY,NO DEFECTS,ON SCENE,NO INJURY / DRIVE AWAY,,,Y,"$501 - $1,500",7/14/2023 17:38,UNABLE TO DETERMINE,NOT APPLICABLE,8416,S,BLACKSTONE AVE,412,,,,,,,2,NO INDICATION OF INJURY,0,0,0,0,0,1,0,17,6,7,41.74183307,-87.58811031,POINT (-87.5881103054 41.74183306984)
eac8ae6c62cb2b0e94d019ccf74d97f1c5a4ecca045932e7f1a58e74098ac3f7af81002999da88459a12f1cb0f878815415f374eefa83b25a839b7653f80612e,JG340542,,7/14/2023 10:23,15,NO CONTROLS,NO CONTROLS,CLEAR,DAYLIGHT,PARKED MOTOR VEHICLE,PARKING LOT,,STRAIGHT AND LEVEL,DRY,NO DEFECTS,ON SCENE,NO INJURY / DRIVE AWAY,,,,$500 OR LESS,7/14/2023 10:24,UNDER THE INFLUENCE OF ALCOHOL/DRUGS (USE WHEN ARREST IS EFFECTED),DRIVING SKILLS/KNOWLEDGE/EXPERIENCE,314,W,103RD ST,511,,,,,,,2,NO INDICATION OF INJURY,0,0,0,0,0,1,0,10,6,7,41.707175,-87.6313263,POINT (-87.631326298905 41.707175000685)