CRASH_RECORD_ID,RD_NO,CRASH_DATE_EST_I,CRASH_DATE,POSTED_SPEED_LIMIT,TRAFFIC_CONTROL_DEVICE,DEVICE_CONDITION,WEATHER_CONDITION,LIGHTING_CONDITION,FIRST_CRASH_TYPE,TRAFFICWAY_TYPE,LANE_CNT,ALIGNMENT,ROADWAY_SURFACE_COND,ROAD_DEFECT,REPORT_TYPE,CRASH_TYPE,INTERSECTION_RELATED_I,NOT_RIGHT_OF_WAY_I,HIT_AND_RUN_I,DAMAGE,DATE_POLICE_NOTIFIED,PRIM_CONTRIBUTORY_CAUSE,SEC_CONTRIBUTORY_CAUSE,STREET_NO,STREET_DIRECTION,STREET_NAME,BEAT_OF_OCCURRENCE,PHOTOS_TAKEN_I,STATEMENTS_TAKEN_I,DOORING_I,WORK_ZONE_I,WORK_ZONE_TYPE,WORKERS_PRESENT_I,NUM_UNITS,MOST_SEVERE_INJURY,INJURIES_TOTAL,INJURIES_FATAL,INJURIES_INCAPACITATING,INJURIES_NON_INCAPACITATING,INJURIES_REPORTED_NOT_EVIDENT,INJURIES_NO_INDICATION,INJURIES_UNKNOWN,CRASH_HOUR,CRASH_DAY_OF_WEEK,CRASH_MONTH,LATITUDE,LONGITUDE,LOCATION
ead007256f14f502a3fb7e9974bddaa97d9a48502a20ce0f3ffa3ef9e554e622b91d5bb4d295536263df5cc2616681663cecfa03d28754a5cea8f97b4db46290,JG279136,,5/29/2023 0:40,30,NO CONTROLS,NO CONTROLS,UNKNOWN,UNKNOWN,TURNING,DIVIDED - W/MEDIAN (NOT RAISED),,STRAIGHT AND LEVEL,UNKNOWN,UNKNOWN,,NO INJURY / DRIVE AWAY,,,,"OVER $1,500",5/29/2023 1:01,UNABLE TO DETERMINE,NOT APPLICABLE,760,S,KOSTNER AVE,1131,,,,,,,2,NO INDICATION OF INJURY,0,0,0,0,0,2,0,0,2,5,41.87064828,-87.73527322,POINT (-87.735273216825 41.870648278737)
edfe626509748dc2110bf716f6818fa3842026ae08f1e0dc644d1444d1e99217b5be0aaab8acb4708bf354243ccfbec18d9ae022c5d8978f26a7ce77a830b3cb,JG340637,,7/14/2023 12:00,30,UNKNOWN,UNKNOWN,CLEAR,DAYLIGHT,SIDESWIPE SAME DIRECTION,T-INTERSECTION,,STRAIGHT AND LEVEL,DRY,NO DEFECTS,ON SCENE,INJURY AND / OR TOW DUE TO CRASH,,,,"OVER $1,500",7/14/2023 12:00,IMPROPER OVERTAKING/PASSING,IMPROPER OVERTAKING/PASSING,7800,S,HALSTED ST,621,,,,,,,2,INCAPACITATING INJURY,3,0,2,1,0,0,0,12,6,7,41.75236341,-87.64423481,POINT (-87.644234806419 41.752363405524)
ee2dc62dd968ab8b41b79b9cd497004da979c1e279d5eacb5dd8bb0fd672c81615c7748d2172f07839d3671fca91620d990bc259a0f1574a68cd81fedcbd04ba,JG341441,,7/14/2023 23:07,30,TRAFFIC SIGNAL,FUNCTIONING PROPERLY,RAIN,"DARKNESS, LIGHTED ROAD",FIXED OBJECT,NOT DIVIDED,,STRAIGHT AND LEVEL,WET,NO DEFECTS,ON SCENE,INJURY AND / OR TOW DUE TO CRASH,,,,"OVER $1,500",7/14/2023 23:23,WEATHER,NOT APPLICABLE,3899,S,WESTERN AVE,911,,,,,,,1,NO INDICATION OF INJURY,0,0,0,0,0,1,0,23,6,7,41.82305131,-87.68474637,POINT (-87.684746368215 41.823051304692)
ee4a713b28359edf1995e7072ec67fc229119b8019250f2033ab7b02382a6a03fb79a0784313e10dea10c3eda129bf33d05955dbddfec042e37bcef640efbf68,JG340934,,7/14/2023 15:23,30,TRAFFIC SIGNAL,FUNCTIONING PROPERLY,CLEAR,DAYLIGHT,TURNING,NOT DIVIDED,,STRAIGHT AND LEVEL,DRY,NO DEFECTS,ON SCENE,INJURY AND / OR TOW DUE TO CRASH,,,Y,"OVER $1,500",7/14/2023 15:39,DISREGARDING OTHER TRAFFIC SIGNS,NOT APPLICABLE,4459,S,ASHLAND AVE,924,,,,,,,2,NONINCAPACITATING INJURY,1,0,0,1,0,1,0,15,6,7,41.81231632,-87.66491915,POINT (-87.664919151042 41.812316322167)
eef62a8c80c4cc6b9399773c902b129c61219c633fd36b49c26bebf33cd83a0ca015d2397f0dcba26cd941b441ede1b2d30f0bceb0cd30df995bc06cbb1dfb92,JG340738,,7/14/2023 9:45,30,NO CONTROLS,UNKNOWN,UNKNOWN,DAYLIGHT,ANGLE,FOUR WAY,,STRAIGHT AND LEVEL,UNKNOWN,UNKNOWN,NOT ON SCENE (DESK REPORT),NO INJURY / DRIVE AWAY,Y,,,"$501 - $1,500",7/14/2023 13:00,UNABLE TO DETERMINE,NOT APPLICABLE,7115,N,ROCKWELL ST,2411,,,,,,,2,NO INDICATION OF INJURY,0,0,0,0,0,2,0,9,6,7,42.01085123,-87.69482952,POINT (-87.694829519738 42.010851233649)
efccc354dd591cf592a9fab55e1a1e871cc8a3aef0a2309ccbea0fcbca9abdd3ba013d1a993c1948ba64a71caab4e98f56ca89eeaed0fb0a878054c239b4c467,JG340320,Y,7/14/2023 5:00,30,NO CONTROLS,NO CONTROLS,CLEAR,DAWN,PARKED MOTOR VEHICLE,NOT DIVIDED,,STRAIGHT AND LEVEL,DRY,NO DEFECTS,ON SCENE,INJURY AND / OR TOW DUE TO CRASH,,,Y,"$501 - $1,500",7/14/2023 5:54,UNABLE TO DETERMINE,NOT APPLICABLE,7201,S,PHILLIPS AVE,334,Y,,,,,,2,NO INDICATION OF INJURY,0,0,0,0,0,1,0,5,6,7,41.76438983,-87.56560107,POINT (-87.565601071295 41.764389828201)
f242070d59014885e86bc25e77c9cf9a17f32f0100e64828f9224a59a0a709f79cab448ef57a8efdb890939a5c8eb05e26def9bda08c852c1ee7c3fde37f7355,JG341839,,7/14/2023 16:24,30,TRAFFIC SIGNAL,FUNCTIONING PROPERLY,CLEAR,DAYLIGHT,REAR END,NOT DIVIDED,,STRAIGHT AND LEVEL,DRY,NO DEFECTS,NOT ON SCENE (DESK REPORT),INJURY AND / OR TOW DUE TO CRASH,Y,,,"OVER $1,500",7/15/2023 10:20,FOLLOWING TOO CLOSELY,NOT APPLICABLE,3937,W,OGDEN AVE,1013,,,,,,,2,NO INDICATION OF INJURY,0,0,0,0,0,2,0,16,6,7,41.85131444,-87.72378984,POINT (-87.723789837261 41.851314438019)
f2bf362f4c4087ceafea7c80c71ce9718edeeac04302b28c9526bfa03c2c9bf06910688ca8aa4e894ab63dd55dbaa98d9cde7e01073776fa8d8e4c6b410f8715,JG340607,,7/14/2023 9:20,30,NO CONTROLS,NO CONTROLS,CLEAR,DAYLIGHT,TURNING,NOT DIVIDED,,STRAIGHT AND LEVEL,DRY,NO DEFECTS,NOT ON SCENE (DESK REPORT),NO INJURY / DRIVE AWAY,,,,"$501 - $1,500",7/14/2023 12:00,UNABLE TO DETERMINE,NOT APPLICABLE,1000,N,CALIFORNIA AVE,1211,,,,,,,2,NO INDICATION OF INJURY,0,0,0,0,0,2,0,9,6,7,41.89932699,-87.69693873,POINT (-87.696938725048 41.899326985577)
f407cefd356703098bcdc76a23d7bf6dc0d959d36d2fab3646fd6aee26831cf6d54f776152ae3f4fc00272d25d04bc49de0963c53915c64d808de8b726b6f267,JG340879,,7/14/2023 14:50,30,UNKNOWN,UNKNOWN,CLEAR,DAYLIGHT,ANGLE,NOT DIVIDED,,STRAIGHT AND LEVEL,DRY,NO DEFECTS,NOT ON SCENE (DESK REPORT),INJURY AND / OR TOW DUE TO CRASH,Y,,,"OVER $1,500",7/14/2023 15:30,UNABLE TO DETERMINE,UNABLE TO DETERMINE,3801,W,ROOSEVELT RD,1011,,,,,,,2,NO INDICATION OF INJURY,0,0,0,0,0,2,0,14,6,7,41.86612909,-87.72019028,POINT (-87.720190278683 41.866129089066)
f483618653574ded62a2068c5f33f61d88e76bc1e85e84574d660f5f5e12c28da9f59aaa38aef682c2a0f0cf1c82aa14e456cbcc15e89a5d6b5c9f5bd7a07c49,JG341423,,7/14/2023 22:30,30,TRAFFIC SIGNAL,FUNCTIONING PROPERLY,RAIN,"DARKNESS, LIGHTED ROAD",ANGLE,FOUR WAY,,STRAIGHT AND LEVEL,WET,UNKNOWN,NOT ON SCENE (DESK REPORT),NO INJURY / DRIVE AWAY,Y,,,"OVER $1,500",7/14/2023 23:00,UNABLE TO DETERMINE,UNABLE TO DETERMINE,2001,W,WARREN BLVD,1223,,,,,,,2,NO INDICATION OF INJURY,0,0,0,0,0,2,0,22,6,7,41.88212037,-87.67678218,POINT (-87.676782179285 41.88212036908)
f488ddc34272209eb7a66d1a27a030d8d4031363a2b6ad1d39ab0b7a4ea30439b9007f5132ef3aaca5b53bd47d449d6132a80d9c9699277e9e6ed2006c52d943,JG343154,,7/14/2023 23:00,30,NO CONTROLS,NO CONTROLS,CLEAR,DAYLIGHT,SIDESWIPE SAME DIRECTION,DIVIDED - W/MEDIAN BARRIER,,STRAIGHT AND LEVEL,DRY,NO DEFECTS,NOT ON SCENE (DESK REPORT),NO INJURY / DRIVE AWAY,,,,"OVER $1,500",7/16/2023 10:00,IMPROPER OVERTAKING/PASSING,FOLLOWING TOO CLOSELY,4800,S,WESTERN AVE,922,,,,,,,2,NO INDICATION OF INJURY,0,0,0,0,0,2,0,23,6,7,41.80656511,-87.6845167,POINT (-87.684516696523 41.806565108314)
f5b739bf7ef1ec7205963c89cef1955c494aef8195477e9e24cc4a5d29c623be1e248019ce3c72978b42cfdbf4f0246839ea3c4972f32d4c28df50f464aa38ef,JG341269,,7/14/2023 19:03,30,TRAFFIC SIGNAL,FUNCTIONING PROPERLY,CLEAR,DUSK,TURNING,FOUR WAY,,STRAIGHT AND LEVEL,DRY,NO DEFECTS,ON SCENE,NO INJURY / DRIVE AWAY,,,,$500 OR LESS,7/14/2023 19:03,FAILING TO YIELD RIGHT-OF-WAY,FOLLOWING TOO CLOSELY,3957,N,LAKE SHORE DR,1925,,,,,,,2,NO INDICATION OF INJURY,0,0,0,0,0,2,0,19,6,7,41.95452515,-87.64508683,POINT (-87.645086831801 41.954525151931)
f5c6315f1814e108c92a893a59f6f65b6f16f2b024f22b89ea727f35aaa0748434f459f12e48fd12b2d0269a576d6f08dfd0ea08279541366dfb8112d7a749a6,JG241205,,7/14/2023 18:32,30,NO CONTROLS,NO CONTROLS,CLEAR,DAYLIGHT,SIDESWIPE SAME DIRECTION,T-INTERSECTION,,STRAIGHT AND LEVEL,DRY,NO DEFECTS,ON SCENE,INJURY AND / OR TOW DUE TO CRASH,Y,,,"OVER $1,500",7/14/2023 18:34,UNABLE TO DETERMINE,UNABLE TO DETERMINE,1232,W,HOLLYWOOD AVE,2013,,,,,,,2,NO INDICATION OF INJURY,0,0,0,0,0,5,0,18,6,7,41.98552593,-87.66137411,POINT (-87.661374111309 41.985525929918)
f6afc8bf136578830c987248e1cd66b05257c8d65f11b0227bb5d63b34162a11dcd31b414732db11ff740fe154aff5b2d12ec3844ae22c2c6d91aa5d27280a91,JG341380,,7/14/2023 21:30,30,TRAFFIC SIGNAL,FUNCTIONING PROPERLY,CLEAR,"DARKNESS, LIGHTED ROAD",REAR END,NOT DIVIDED,,STRAIGHT AND LEVEL,DRY,NO DEFECTS,NOT ON SCENE (DESK REPORT),NO INJURY / DRIVE AWAY,,,Y,"$501 - $1,500",7/14/2023 22:30,FOLLOWING TOO CLOSELY,FAILING TO REDUCE SPEED TO AVOID CRASH,5001,W,55TH ST,813,,,,,,,2,NO INDICATION OF INJURY,0,0,0,0,0,2,0,21,6,7,41.7928456,-87.74784919,POINT (-87.747849187672 41.79284559818)
f744d3952a8c419590ae6ec9956cbd13a47af5916bc67909aeebb7315f88e3452aff1b5b8e112100139558aff76be831ce0dbfb8b5c30f8bf1b8b61a1078509c,JG340899,,7/14/2023 14:10,30,NO CONTROLS,NO CONTROLS,CLEAR,DAYLIGHT,PARKED MOTOR VEHICLE,DIVIDED - W/MEDIAN (NOT RAISED),,STRAIGHT AND LEVEL,DRY,UNKNOWN,ON SCENE,INJURY AND / OR TOW DUE TO CRASH,,,Y,"OVER $1,500",7/14/2023 14:10,UNABLE TO DETERMINE,UNABLE TO DETERMINE,6344,S,PULASKI RD,813,,,,,,,4,NONINCAPACITATING INJURY,1,0,0,1,0,2,0,14,6,7,41.777277,-87.72287326,POINT (-87.72287325729 41.777276997138)
f777bfbf410ff9b60ae4073bedf0905ab5e3269da6e091d562344dcb0bc5ffb3862465a2cad4626b1e846b4981a629f9d91a2e19174652fbd2d0d07e115157d3,JG340369,,7/14/2023 7:45,25,NO CONTROLS,NO CONTROLS,CLEAR,DAYLIGHT,SIDESWIPE SAME DIRECTION,ONE-WAY,,STRAIGHT AND LEVEL,DRY,NO DEFECTS,NOT ON SCENE (DESK REPORT),NO INJURY / DRIVE AWAY,,,,"$501 - $1,500",7/14/2023 8:37,UNABLE TO DETERMINE,UNABLE TO DETERMINE,7542,S,KINGSTON AVE,421,,,,,,,2,NO INDICATION OF INJURY,0,0,0,0,0,2,0,7,6,7,41.7577585,-87.56285761,POINT (-87.562857607014 41.757758496136)
f84695af779335fce6e1bc8c9385eff8ba7bc5009fd789e9d3122e9370f7899b50981b2b175dd3ec7b2a86a7af4257d78d94063b38a35b7a5a18b5d2ce95c688,JG341338,,7/14/2023 19:50,30,UNKNOWN,UNKNOWN,CLEAR,UNKNOWN,SIDESWIPE SAME DIRECTION,UNKNOWN,,STRAIGHT AND LEVEL,UNKNOWN,UNKNOWN,NOT ON SCENE (DESK REPORT),NO INJURY / DRIVE AWAY,,,,"$501 - $1,500",7/14/2023 21:20,UNABLE TO DETERMINE,UNABLE TO DETERMINE,405,N,WABASH AVE,1834,,,,,,,2,NO INDICATION OF INJURY,0,0,0,0,0,2,0,19,6,7,41.88946533,-87.62650927,POINT (-87.626509273634 41.889465328772)
f8ffaaa94abe194cc30b87b76b5e596c7621234d8a7d26b0874e6bd7eb45445c863832214f996cef8e894f0b0c29b7fa5a586d33939e1ae02623bd8db91fdb9a,JG341360,,7/14/2023 14:30,30,UNKNOWN,UNKNOWN,UNKNOWN,UNKNOWN,REAR END,NOT DIVIDED,,STRAIGHT AND LEVEL,UNKNOWN,UNKNOWN,NOT ON SCENE (DESK REPORT),NO INJURY / DRIVE AWAY,,,Y,"$501 - $1,500",7/14/2023 21:40,UNABLE TO DETERMINE,UNABLE TO DETERMINE,700,S,KOSTNER AVE,1131,,,,,,,3,NO INDICATION OF INJURY,0,0,0,0,0,3,0,14,6,7,41.87239051,-87.73533163,POINT (-87.735331627618 41.872390511334)
f959f55cfeb7d6bb59fcf563896147c489523693955b7610a0ce9ff4ac071543e7f3d8caf5600edeba7b5dbaf1d2223ced67cb4e77f31a55602db93efa519e6b,JG340946,,7/14/2023 14:30,30,NO CONTROLS,NO CONTROLS,CLEAR,DAYLIGHT,PARKED MOTOR VEHICLE,NOT DIVIDED,,STRAIGHT AND LEVEL,DRY,NO DEFECTS,ON SCENE,NO INJURY / DRIVE AWAY,,,,"OVER $1,500",7/14/2023 15:53,UNABLE TO DETERMINE,NOT APPLICABLE,3535,N,ASHLAND AVE,1922,,,,,,,2,NO INDICATION OF INJURY,0,0,0,0,0,1,0,14,6,7,41.94622136,-87.66869502,POINT (-87.668695014695 41.946221362313)
f9664f8f4366f2d627c75eb9b97e9d88f4f3ab7000868f32ccc8f55f7fb32d93a4be911e222c87848a192547116b2fd7de001d7f5a27c69f9a64d9894d06f05c,JG340888,,7/14/2023 14:20,35,OTHER,UNKNOWN,UNKNOWN,UNKNOWN,REAR END,NOT DIVIDED,,STRAIGHT AND LEVEL,UNKNOWN,UNKNOWN,NOT ON SCENE (DESK REPORT),NO INJURY / DRIVE AWAY,,,,"$501 - $1,500",7/14/2023 15:45,FOLLOWING TOO CLOSELY,UNABLE TO DETERMINE,1200,S,CLINTON ST,124,,,,,,,2,NO INDICATION OF INJURY,0,0,0,0,0,2,0,14,6,7,41.86715619,-87.64086711,POINT (-87.640867110581 41.867156188799)
fa8a568e27470b0c49f17c9ab7bdd9ccc0d50abef9d5082e5669be8d634af9607f86b25485351e94c35caa3dfb0b79400128d953eaf775be02019e3cac54894c,JG341375,,7/14/2023 21:21,30,NO CONTROLS,NO CONTROLS,RAIN,DARKNESS,PARKED MOTOR VEHICLE,OTHER,,STRAIGHT AND LEVEL,WET,NO DEFECTS,ON SCENE,NO INJURY / DRIVE AWAY,,,Y,"$501 - $1,500",7/14/2023 21:21,UNABLE TO DETERMINE,UNABLE TO DETERMINE,3454,N,SPRINGFIELD AVE,1732,,,,,,,2,NO INDICATION OF INJURY,0,0,0,0,0,1,0,21,6,7,41.9443792,-87.72503995,POINT (-87.725039950804 41.944379202603)
fab0a04d91ee26439a7eb211c2805f4f3216dad71c1a77cbef7e24679d5223b6baa49554ce8fef7810439513ac5b429e4a1567891365153431cc9e8350967cf5,JG340994,,7/14/2023 12:54,35,NO CONTROLS,NO CONTROLS,CLEAR,DAYLIGHT,REAR END,DIVIDED - W/MEDIAN BARRIER,,STRAIGHT AND LEVEL,DRY,NO DEFECTS,NOT ON SCENE (DESK REPORT),NO INJURY / DRIVE AWAY,,,Y,$500 OR LESS,7/14/2023 16:40,FAILING TO REDUCE SPEED TO AVOID CRASH,NOT APPLICABLE,6901,S,CICERO AVE,833,,,,,,,2,NO INDICATION OF INJURY,0,0,0,0,0,3,0,12,6,7,41.7675731,-87.74182501,POINT (-87.741825011909 41.767573099349)
fc409c10ccc2e174bece8e5203ac161888407eff88ce664a11a327863f7df4a5f8a2a481ad4a64315fe0bf99788f0d868f4de3e2190a23ac65fb11283ae0e5d7,JG341442,,7/14/2023 16:25,30,NO CONTROLS,UNKNOWN,UNKNOWN,UNKNOWN,SIDESWIPE SAME DIRECTION,DIVIDED - W/MEDIAN (NOT RAISED),,STRAIGHT AND LEVEL,UNKNOWN,UNKNOWN,NOT ON SCENE (DESK REPORT),NO INJURY / DRIVE AWAY,,,,"$501 - $1,500",7/14/2023 23:30,IMPROPER OVERTAKING/PASSING,IMPROPER OVERTAKING/PASSING,5161,W,DEVON AVE,1621,,,,,,,2,NO INDICATION OF INJURY,0,0,0,0,0,2,0,16,6,7,41.99721168,-87.75750375,POINT (-87.757503750605 41.997211681341)
fc95397f80f1eff69f8082934399f5f17e1720225dce40d20552c8cba1ad0e7a50b7061295d9dc2d9757908a5f317b38053f263cc5141c0a301750de140d04a6,JG340163,,7/14/2023 1:15,30,NO CONTROLS,NO CONTROLS,CLEAR,"DARKNESS, LIGHTED ROAD",FIXED OBJECT,NOT DIVIDED,,STRAIGHT AND LEVEL,DRY,NO DEFECTS,ON SCENE,INJURY AND / OR TOW DUE TO CRASH,,,,"OVER $1,500",7/14/2023 1:17,UNDER THE INFLUENCE OF ALCOHOL/DRUGS (USE WHEN ARREST IS EFFECTED),"OPERATING VEHICLE IN ERRATIC, RECKLESS, CARELESS, NEGLIGENT OR AGGRESSIVE MANNER",530,N,CICERO AVE,1532,,,,,,,1,NONINCAPACITATING INJURY,1,0,0,1,0,2,0,1,6,7,41.89043185,-87.74579396,POINT (-87.745793960426 41.890431846025)
79a16033e634c8d65eef2128064aff0cc6335621500732ffdfdcdb8a72771004e950a795658367cc5509199f9d8de33d0ac30158589b56cf1d770ebf66646967,JE391776,,9/29/2021 13:00,30,OTHER,OTHER,CLEAR,DAYLIGHT,TURNING,NOT DIVIDED,,STRAIGHT AND LEVEL,DRY,NO DEFECTS,ON SCENE,NO INJURY / DRIVE AWAY,Y,,,"$501 - $1,500",9/29/2021 15:10,FAILING TO YIELD RIGHT-OF-WAY,NOT APPLICABLE,2275,N,CLYBOURN AVE,1811,,,,,,,2,NO INDICATION OF INJURY,0,0,0,0,0,2,0,13,4,9,41.92320227,-87.66639877,POINT (-87.666398774284 41.923202267415)
f2099aeb21b44697827bab67bba4d4530da70857cbe9b4d7ddb98878176dcbeda6422d11e325d2009acc9efe73878c91174b9620b3149f388928372811f0707e,JF328457,,7/23/2022 11:49,10,NO CONTROLS,NO CONTROLS,CLEAR,DAYLIGHT,PARKED MOTOR VEHICLE,OTHER,,STRAIGHT AND LEVEL,DRY,NO DEFECTS,ON SCENE,NO INJURY / DRIVE AWAY,,N,,"$501 - $1,500",7/23/2022 11:49,NOT APPLICABLE,NOT APPLICABLE,5368,W,GALE ST,1623,,,,,,,2,NO INDICATION OF INJURY,0,0,0,0,0,3,0,11,7,7,41.97045302,-87.76299144,POINT (-87.76299144357 41.970453020547)
cf9900b28a860670a0e286785393b7652498779f12ee150483b25d274145b4e8de8acf518b977b6e3fcfe076687dbb3ee81d282dce02b6ec6db251b0248ed40b,,,7/29/2023 18:50,15,NO CONTROLS,NO CONTROLS,CLEAR,DUSK,ANGLE,PARKING LOT,,STRAIGHT ON GRADE,DRY,NO DEFECTS,ON SCENE,INJURY AND / OR TOW DUE TO CRASH,,,,"OVER $1,500",7/29/2023 19:12,UNABLE TO DETERMINE,UNABLE TO DETERMINE,10522,S,CALIFORNIA AVE,2211,,,,,,,2,NO INDICATION OF INJURY,0,0,0,0,0,2,0,18,7,7,41.70201325,-87.6915235,POINT (-87.69152350225 41.702013252931)
bfbad66c096f22af3832d352e42b9605e4c3a13ee9da0f5b0f3be8d18ad3a9535e69e5a6f35b61de65255f9c787b3431933cb313e3cc573ede3e6101b4bc15f4,JF329937,,7/24/2022 14:00,30,NO CONTROLS,NO CONTROLS,CLEAR,DAYLIGHT,PARKED MOTOR VEHICLE,NOT DIVIDED,,STRAIGHT AND LEVEL,DRY,NO DEFECTS,ON SCENE,NO INJURY / DRIVE AWAY,,,Y,"OVER $1,500",7/24/2022 17:12,UNABLE TO DETERMINE,NOT APPLICABLE,1707,W,47TH ST,931,,,,,,,2,NO INDICATION OF INJURY,0,0,0,0,0,1,0,14,1,7,41.8084688,-87.66772748,POINT (-87.667727481144 41.80846879521)
c07595735fea7dd967136238fe7730c4bb0beb3a52cc40d3a076cc00bd335db9017311798dd9337d439586d0b3a108ff573f61f5beb064ffc3300d0aa9b3eea5,,,7/29/2023 10:55,30,NO CONTROLS,NO CONTROLS,CLEAR,DAYLIGHT,TURNING,NOT DIVIDED,,STRAIGHT AND LEVEL,DRY,UNKNOWN,NOT ON SCENE (DESK REPORT),NO INJURY / DRIVE AWAY,,,,"OVER $1,500",7/29/2023 11:20,IMPROPER TURNING/NO SIGNAL,FAILING TO YIELD RIGHT-OF-WAY,414,S,KEDZIE AVE,1134,,,,,,,2,NO INDICATION OF INJURY,0,0,0,0,0,2,0,10,7,7,41.87547952,-87.70611577,POINT (-87.706115770872 41.875479516163)
816d39c3e25124d05178c227c40da9cf53d05fbe6000f95859e30c4a7ab5cbee1eb0db69bd13d86e8c99a61f7f98a204ba7086ae6fcec4f8d0c2d4049081ce69,,,7/28/2023 11:15,25,NO CONTROLS,NO CONTROLS,CLEAR,DAYLIGHT,SIDESWIPE SAME DIRECTION,DIVIDED - W/MEDIAN (NOT RAISED),,STRAIGHT AND LEVEL,DRY,NO DEFECTS,NOT ON SCENE (DESK REPORT),NO INJURY / DRIVE AWAY,,,,"OVER $1,500",7/28/2023 11:55,UNABLE TO DETERMINE,UNABLE TO DETERMINE,3000,W,NORTH AVE,1421,,,,,,,2,NO INDICATION OF INJURY,0,0,0,0,0,2,0,11,6,7,41.91028226,-87.70227396,POINT (-87.70227395792 41.910282254788)
45c5c5c3cdae2214be40bc56ba43dd9d84cbcba348f8a180b12c707ff4cd772e6d840e65cab79d05e676e534b7299a2f9ba353cec105d7d9cd7daee39a4b11df,,,7/29/2023 13:50,30,UNKNOWN,UNKNOWN,CLEAR,DAYLIGHT,SIDESWIPE OPPOSITE DIRECTION,NOT DIVIDED,,STRAIGHT AND LEVEL,DRY,UNKNOWN,NOT ON SCENE (DESK REPORT),NO INJURY / DRIVE AWAY,,,Y,"$501 - $1,500",7/29/2023 14:50,UNABLE TO DETERMINE,UNABLE TO DETERMINE,4690,W,CHICAGO AVE,1111,,,,,,,2,NO INDICATION OF INJURY,0,0,0,0,0,4,0,13,7,7,41.8951587,-87.74342726,POINT (-87.743427257294 41.8951587009)
07497ec6bd2da248f79bb4bcd7b98e3a91a08fff317ca33dbe81b5772c6ced16099f44d71b8f9338d5d576d574fdd2b9e77af87f190bb2a8132f2775ca9be7cc,,,7/26/2023 19:37,20,TRAFFIC SIGNAL,FUNCTIONING PROPERLY,CLEAR,DAYLIGHT,ANGLE,FOUR WAY,,STRAIGHT AND LEVEL,DRY,NO DEFECTS,ON SCENE,INJURY AND / OR TOW DUE TO CRASH,Y,,,"OVER $1,500",7/26/2023 19:37,DISREGARDING TRAFFIC SIGNALS,FAILING TO REDUCE SPEED TO AVOID CRASH,4300,S,WABASH AVE,215,,,,,,,2,"REPORTED, NOT EVIDENT",1,0,0,0,1,1,0,19,4,7,41.81642071,-87.62479896,POINT (-87.624798960368 41.816420711592)
d92ed9e22afe3ab843aa6d38775eb71c749338755348fc460ac975454a559b205f4b0459d7f7526bfd5ba0bc616923609d76be1a0021c87dd217e5b4c62c9571,,,7/28/2023 15:10,30,NO CONTROLS,NO CONTROLS,CLEAR,DAYLIGHT,REAR TO FRONT,DIVIDED - W/MEDIAN (NOT RAISED),,STRAIGHT AND LEVEL,DRY,NO DEFECTS,NOT ON SCENE (DESK REPORT),NO INJURY / DRIVE AWAY,,,,"$501 - $1,500",7/29/2023 10:30,IMPROPER BACKING,NOT APPLICABLE,3425,W,DEVON AVE,1711,,,,,,,2,NO INDICATION OF INJURY,0,0,0,0,0,3,0,15,6,7,41.99719016,-87.71522797,POINT (-87.715227964755 41.997190158383)
b6879925d581ef58131c52c57a406a6803752e71d2ab774310a9c89bb85a0e3a7068b6f5567fb8a85d98d0e23afa3728e5a905b0023060c428f72c828ec6b800,,,7/28/2023 21:49,30,UNKNOWN,UNKNOWN,CLEAR,"DARKNESS, LIGHTED ROAD",PARKED MOTOR VEHICLE,NOT DIVIDED,,STRAIGHT AND LEVEL,DRY,NO DEFECTS,ON SCENE,INJURY AND / OR TOW DUE TO CRASH,,,,"OVER $1,500",7/28/2023 21:49,UNABLE TO DETERMINE,UNABLE TO DETERMINE,3653,W,BELMONT AVE,2523,,,,,,,4,NO INDICATION OF INJURY,0,0,0,0,0,1,0,21,6,7,41.93908098,-87.71947835,POINT (-87.719478349053 41.939080982015)
6cd2f34bd6805732407bdf1ae1c8c1b1b83d966bc9ef0443cf0321019a81fc9a94d69b13917223c136bf8a02d7ca83dc91a12128b4cefd66d4407804c50a1bfd,,,7/29/2023 10:30,30,TRAFFIC SIGNAL,FUNCTIONING PROPERLY,CLEAR,DAYLIGHT,TURNING,FOUR WAY,,STRAIGHT AND LEVEL,DRY,UNKNOWN,ON SCENE,NO INJURY / DRIVE AWAY,Y,,,"OVER $1,500",7/29/2023 10:40,UNABLE TO DETERMINE,UNABLE TO DETERMINE,2602,N,PULASKI RD,2524,,,,,,,2,NO INDICATION OF INJURY,0,0,0,0,0,2,0,10,7,7,41.92827732,-87.72702642,POINT (-87.727026414619 41.928277316304)
2d579e32a64adb9ce89ab46122d9dcc056507447e245da68d3352d4966414b037347f139f059b4c879cd4baa4b402dd4ffa9b83a6e00a1afc7ca1714c9dbfbf8,,,7/29/2023 11:50,30,NO CONTROLS,NO CONTROLS,CLEAR,DAYLIGHT,SIDESWIPE SAME DIRECTION,NOT DIVIDED,,STRAIGHT AND LEVEL,UNKNOWN,UNKNOWN,NOT ON SCENE (DESK REPORT),NO INJURY / DRIVE AWAY,,,Y,"$501 - $1,500",7/29/2023 12:30,UNABLE TO DETERMINE,NOT APPLICABLE,2232,W,CHICAGO AVE,1212,,,,,,,2,NO INDICATION OF INJURY,0,0,0,0,0,3,0,11,7,7,41.89591368,-87.6832901,POINT (-87.683290102691 41.895913683446)