CRASH_RECORD_ID,RD_NO,CRASH_DATE_EST_I,CRASH_DATE,POSTED_SPEED_LIMIT,TRAFFIC_CONTROL_DEVICE,DEVICE_CONDITION,WEATHER_CONDITION,LIGHTING_CONDITION,FIRST_CRASH_TYPE,TRAFFICWAY_TYPE,LANE_CNT,ALIGNMENT,ROADWAY_SURFACE_COND,ROAD_DEFECT,REPORT_TYPE,CRASH_TYPE,INTERSECTION_RELATED_I,NOT_RIGHT_OF_WAY_I,HIT_AND_RUN_I,DAMAGE,DATE_POLICE_NOTIFIED,PRIM_CONTRIBUTORY_CAUSE,SEC_CONTRIBUTORY_CAUSE,STREET_NO,STREET_DIRECTION,STREET_NAME,BEAT_OF_OCCURRENCE,PHOTOS_TAKEN_I,STATEMENTS_TAKEN_I,DOORING_I,WORK_ZONE_I,WORK_ZONE_TYPE,WORKERS_PRESENT_I,NUM_UNITS,MOST_SEVERE_INJURY,INJURIES_TOTAL,INJURIES_FATAL,INJURIES_INCAPACITATING,INJURIES_NON_INCAPACITATING,INJURIES_REPORTED_NOT_EVIDENT,INJURIES_NO_INDICATION,INJURIES_UNKNOWN,CRASH_HOUR,CRASH_DAY_OF_WEEK,CRASH_MONTH,LATITUDE,LONGITUDE,LOCATION
2540b2dda7eda955e1d399d1665d6696b839bcee29608dbb03b2bab6a52413b51dbe9e1f0828a53bb4d31fa3bbcdda4650e777c8ec3eabc6b22b5ce3e2786e1c,,,7/29/2023 12:45,30,TRAFFIC SIGNAL,FUNCTIONING PROPERLY,CLEAR,DAYLIGHT,REAR END,ONE-WAY,,STRAIGHT AND LEVEL,DRY,UNKNOWN,NOT ON SCENE (DESK REPORT),NO INJURY / DRIVE AWAY,Y,,Y,"OVER $1,500",7/29/2023 14:05,UNABLE TO DETERMINE,UNABLE TO DETERMINE,3900,S,LA SALLE ST,213,,,,,,,2,NO INDICATION OF INJURY,0,0,0,0,0,2,0,12,7,7,41.82364234,-87.62978732,POINT (-87.629787316104 41.823642334896)
2a31dfe585954813e3bfbbf8aa3416c9a9a2532a136bcea1f42de763dd2f1dadf8edeadf5e840c286df61db1d53965796e417de1f18fda37950ab22d1a48be58,,,7/29/2023 15:10,40,NO CONTROLS,NO CONTROLS,CLEAR,DAYLIGHT,ANGLE,NOT DIVIDED,,STRAIGHT AND LEVEL,DRY,NO DEFECTS,ON SCENE,INJURY AND / OR TOW DUE TO CRASH,Y,,,"OVER $1,500",7/29/2023 15:20,UNABLE TO DETERMINE,NOT APPLICABLE,7400,S,STONY ISLAND AVE,324,,,,,,,2,NO INDICATION OF INJURY,0,0,0,0,0,2,0,15,7,7,41.76054115,-87.58633028,POINT (-87.58633027841 41.760541150061)
8d97e7b04bf5ad60925f3c7d16b4196210f69f467d6872bdc93d9ae13ab500de86f7d67b1f0f243e41296c2be67ae49c7bbe0fc9cd95b5e911d290ccfb517e57,,,7/29/2023 16:00,20,TRAFFIC SIGNAL,FUNCTIONING PROPERLY,CLEAR,DAYLIGHT,REAR END,FOUR WAY,,STRAIGHT AND LEVEL,DRY,NO DEFECTS,ON SCENE,NO INJURY / DRIVE AWAY,Y,,,"OVER $1,500",7/29/2023 16:30,FAILING TO YIELD RIGHT-OF-WAY,FOLLOWING TOO CLOSELY,101,E,51ST ST,231,,,,,,,2,NO INDICATION OF INJURY,0,0,0,0,0,2,0,16,7,7,41.80189222,-87.62256559,POINT (-87.622565588373 41.801892215334)
edbfd69957b60eeea471eed3fca0e2a684bc9602a015c057e67d1ab0c69577bc55a239016beec555c44953a67527a644b3e8b5eb47d759a6875d90ac968b4f9b,,,7/29/2023 17:29,30,TRAFFIC SIGNAL,FUNCTIONING PROPERLY,CLEAR,DAYLIGHT,SIDESWIPE SAME DIRECTION,ONE-WAY,,STRAIGHT AND LEVEL,DRY,NO DEFECTS,ON SCENE,NO INJURY / DRIVE AWAY,Y,,,"OVER $1,500",7/29/2023 17:53,UNABLE TO DETERMINE,UNABLE TO DETERMINE,11100,S,MARSHFIELD AVE,2234,,,,,,,2,NO INDICATION OF INJURY,0,0,0,0,0,3,0,17,7,7,41.6920732,-87.66100306,POINT (-87.661003057986 41.692073198171)
4fa7d598799fb72b2eaa8956b301ae85ede2b5de216f50772663a7f543f4db47632fcad9287bb6fc04f281d06f0e37cccb1f6a1bf53f06068f959501dce86a14,,,7/29/2023 12:25,30,STOP SIGN/FLASHER,FUNCTIONING PROPERLY,CLEAR,DAYLIGHT,TURNING,T-INTERSECTION,,STRAIGHT AND LEVEL,DRY,NO DEFECTS,ON SCENE,INJURY AND / OR TOW DUE TO CRASH,Y,,,"OVER $1,500",7/29/2023 12:36,FAILING TO YIELD RIGHT-OF-WAY,"VISION OBSCURED (SIGNS, TREE LIMBS, BUILDINGS, ETC.)",1333,E,HYDE PARK BLVD,234,,,,,,,2,NO INDICATION OF INJURY,0,0,0,0,0,2,0,12,7,7,41.80229089,-87.59371541,POINT (-87.593715406385 41.802290890574)
16f30fb093f1227b69b2c5887a94a324b48225c4314790479b153d83d00984267e5406df6e17ce9e9db9d1d3203278e7f54693dc6a0429f78c2c418d3f560bda,,,7/29/2023 13:00,30,NO CONTROLS,NO CONTROLS,CLEAR,DAYLIGHT,SIDESWIPE SAME DIRECTION,ONE-WAY,,STRAIGHT AND LEVEL,DRY,NO DEFECTS,NOT ON SCENE (DESK REPORT),NO INJURY / DRIVE AWAY,,,,$500 OR LESS,7/29/2023 20:25,IMPROPER OVERTAKING/PASSING,NOT APPLICABLE,3904,W,16TH ST,1014,,,,,,,2,NO INDICATION OF INJURY,0,0,0,0,0,2,0,13,7,7,41.85899982,-87.72272323,POINT (-87.722723227613 41.858999818828)
642b3ed65f0221ca9ba67c8991b020a2ec555ee4f0985e5d7a10ced3cb644d13bcbeb52dae1421751e3cbb1599264aea9426a477c488f74412c5403f9deabcdd,,,7/29/2023 15:00,25,OTHER,OTHER,CLEAR,DAYLIGHT,REAR END,PARKING LOT,,STRAIGHT AND LEVEL,UNKNOWN,UNKNOWN,NOT ON SCENE (DESK REPORT),NO INJURY / DRIVE AWAY,,,,"OVER $1,500",7/29/2023 19:00,UNABLE TO DETERMINE,NOT APPLICABLE,7904,S,VINCENNES AVE,621,,,,,,,2,NO INDICATION OF INJURY,0,0,0,0,0,2,0,15,7,7,41.75061951,-87.6344093,POINT (-87.634409299373 41.750619510464)
3410e848e844f7443c250949b64f64fb1b034e2a10de8f480f0e224ab4c194ae9a783bf23e07259e47af55c5535375222695b8ca63bb564c45ccde2b4f31b49a,,,7/29/2023 11:50,30,TRAFFIC SIGNAL,FUNCTIONING PROPERLY,CLEAR,DAYLIGHT,TURNING,NOT DIVIDED,,STRAIGHT AND LEVEL,DRY,NO DEFECTS,NOT ON SCENE (DESK REPORT),NO INJURY / DRIVE AWAY,Y,,Y,"$501 - $1,500",7/29/2023 14:30,IMPROPER LANE USAGE,NOT APPLICABLE,4400,N,ELSTON AVE,1722,,,,,,,2,NO INDICATION OF INJURY,0,0,0,0,0,2,0,11,7,7,41.9609248,-87.7299069,POINT (-87.729906898945 41.960924798749)
fc888f1f89f65ab9d75446d85dfc9aa9fb0c76782654a50844abfac83e7d4faab5ad82e08f34662c7350d308eba35d07e2a88072140111a588fe9933ed260147,,,7/28/2023 14:59,15,NO CONTROLS,NO CONTROLS,CLEAR,DAYLIGHT,REAR TO FRONT,PARKING LOT,,STRAIGHT AND LEVEL,DRY,NO DEFECTS,NOT ON SCENE (DESK REPORT),NO INJURY / DRIVE AWAY,,Y,Y,"$501 - $1,500",7/28/2023 16:35,IMPROPER BACKING,UNABLE TO DETERMINE,1543,E,87TH ST,412,,,,,,,2,NO INDICATION OF INJURY,0,0,0,0,0,2,0,14,6,7,41.73679546,-87.58627251,POINT (-87.586272509131 41.736795457643)
2186a2a3898a25371b583a7b3d474668521ec24d386c5ed24ddd56d5f3b930a5cb1b4db26f4230f3660f2a69a2d0cd1e8eae2a96a127b5833ab0670cc1ac14c5,,,7/29/2023 15:03,25,NO CONTROLS,NO CONTROLS,CLEAR,DAYLIGHT,PARKED MOTOR VEHICLE,NOT DIVIDED,,STRAIGHT AND LEVEL,DRY,NO DEFECTS,ON SCENE,NO INJURY / DRIVE AWAY,,,,"OVER $1,500",7/29/2023 15:03,NOT APPLICABLE,NOT APPLICABLE,119,N,PEORIA ST,1224,,,,,,,2,NO INDICATION OF INJURY,0,0,0,0,0,1,0,15,7,7,41.88368265,-87.64960506,POINT (-87.64960506168 41.883682646887)
baa3ec0437421a60408c0f5d9c73be65019148efc3d821097e62bb172fe52a1e869a631dd5382f949088706655405270632520d3c391a2437ea09e4bd84654db,,,7/29/2023 14:00,25,STOP SIGN/FLASHER,NO CONTROLS,CLEAR,DAYLIGHT,ANGLE,NOT DIVIDED,,STRAIGHT AND LEVEL,DRY,NO DEFECTS,NOT ON SCENE (DESK REPORT),NO INJURY / DRIVE AWAY,,,,"OVER $1,500",7/29/2023 15:00,FAILING TO REDUCE SPEED TO AVOID CRASH,NOT APPLICABLE,5600,W,GEORGE ST,2514,,,,,,,2,NO INDICATION OF INJURY,0,0,0,0,0,2,0,14,7,7,41.93320945,-87.76637223,POINT (-87.766372234441 41.933209447504)
4da279ae963f5a48891cefdd1ca2818be98e729356ac01acefedd0fabd39e70a13d64b026a4972f3ae8b2a29a736efa7f7e220a2f8f4a5b5d312da7eab0bef24,,,7/28/2023 21:00,25,STOP SIGN/FLASHER,FUNCTIONING PROPERLY,UNKNOWN,UNKNOWN,ANGLE,NOT DIVIDED,,STRAIGHT AND LEVEL,UNKNOWN,UNKNOWN,NOT ON SCENE (DESK REPORT),NO INJURY / DRIVE AWAY,Y,,Y,"$501 - $1,500",7/29/2023 9:00,NOT APPLICABLE,NOT APPLICABLE,10300,S,AVENUE M,432,,,,,,,2,NO INDICATION OF INJURY,0,0,0,0,0,2,0,21,6,7,41.70812284,-87.53785116,POINT (-87.53785116179 41.708122839646)
1d106f126534117c20974ac0c5b6ed90dcab0be2ec3c79dd8e002d1646243930a68f94daf03cbb6f97fb9f9b613a5667bce27ecbba5318b22fbc9ab1fe57635a,,,7/29/2023 15:56,30,TRAFFIC SIGNAL,FUNCTIONING PROPERLY,CLEAR,DAYLIGHT,PEDALCYCLIST,FOUR WAY,,STRAIGHT AND LEVEL,DRY,NO DEFECTS,ON SCENE,INJURY AND / OR TOW DUE TO CRASH,Y,,,"OVER $1,500",7/29/2023 15:59,FAILING TO YIELD RIGHT-OF-WAY,UNABLE TO DETERMINE,1600,N,HUMBOLDT BLVD,1421,,,,,,,2,NONINCAPACITATING INJURY,1,0,0,1,0,1,0,15,7,7,41.91026903,-87.70201587,POINT (-87.702015872469 41.910269033664)
951cd38c09c69f7a63cd194fcdeb23ff969e4b6095b1827053da1885d02127a2ca2ea22ce77a6f45d07baba10ffcae5c40ca5a04ddd96b273be6855eb672a490,,,7/27/2023 16:35,30,TRAFFIC SIGNAL,FUNCTIONING PROPERLY,CLEAR,DAYLIGHT,SIDESWIPE SAME DIRECTION,NOT DIVIDED,,STRAIGHT AND LEVEL,DRY,NO DEFECTS,NOT ON SCENE (DESK REPORT),NO INJURY / DRIVE AWAY,,,Y,"$501 - $1,500",7/28/2023 12:35,IMPROPER OVERTAKING/PASSING,DRIVING ON WRONG SIDE/WRONG WAY,7200,N,HARLEM AVE,1611,,,,,,,2,NO INDICATION OF INJURY,0,0,0,0,0,2,0,16,5,7,42.01180469,-87.80678441,POINT (-87.806784406171 42.011804686336)
05c4edd8cf7e22061c2a034dfecbf8a91abb3e31d9366df7ce1332474d612f390d3bee5286ee5ded705e92cff8cd4186c241f61cd104717646a2dc463221e42c,,,7/28/2023 23:25,30,NO CONTROLS,NO CONTROLS,RAIN,"DARKNESS, LIGHTED ROAD",ANGLE,FOUR WAY,,STRAIGHT AND LEVEL,WET,NO DEFECTS,ON SCENE,NO INJURY / DRIVE AWAY,,,Y,"OVER $1,500",7/28/2023 23:30,FAILING TO YIELD RIGHT-OF-WAY,NOT APPLICABLE,1999,W,CULLERTON ST,1234,,,,,,,3,NO INDICATION OF INJURY,0,0,0,0,0,2,0,23,6,7,41.85482034,-87.67579352,POINT (-87.675793524323 41.854820343639)
a12cdc9802e1de625fc6bcdef4f3cb6e7ca1ea89a402fd02a9866e7f394973ea0c58564d2a10f84a62b6ccf27cb189cb9823df25237e2669f854d3ab5df4d60e,,Y,7/22/2023 14:00,25,NO CONTROLS,NO CONTROLS,CLEAR,DAYLIGHT,PARKED MOTOR VEHICLE,NOT DIVIDED,,STRAIGHT AND LEVEL,DRY,NO DEFECTS,NOT ON SCENE (DESK REPORT),NO INJURY / DRIVE AWAY,,,Y,"OVER $1,500",7/29/2023 11:00,UNABLE TO DETERMINE,UNABLE TO DETERMINE,1552,N,KINGSBURY ST,1822,,,,,,,2,NO INDICATION OF INJURY,0,0,0,0,0,1,0,14,7,7,41.90944663,-87.65308997,POINT (-87.653089971645 41.909446633558)
beae5edbaf42e9369ff793c9cf5c429bde5bf99ae4f805c267c9bdb8bf9a28a13fb41d95df62eb77b748d898b5bdb7e645c21caa19506e0ce7a2292c7c42beca,,,7/29/2023 12:45,25,STOP SIGN/FLASHER,UNKNOWN,CLEAR,DAYLIGHT,SIDESWIPE SAME DIRECTION,NOT DIVIDED,,STRAIGHT AND LEVEL,UNKNOWN,UNKNOWN,NOT ON SCENE (DESK REPORT),NO INJURY / DRIVE AWAY,,,Y,"OVER $1,500",7/29/2023 14:23,IMPROPER OVERTAKING/PASSING,IMPROPER OVERTAKING/PASSING,4000,N,KOLMAR AVE,1722,,,,,,,2,NO INDICATION OF INJURY,0,0,0,0,0,2,0,12,7,7,41.95357592,-87.74189999,POINT (-87.741899985807 41.953575923141)
85fdb40c1bacde463e657dd720f2debbc624fd7c959390c50ada6fadc6faea6111b4c8e12126598c478817ee1ce76ddcc600f5414825bb0b804e5f8b7615a366,,,7/29/2023 15:44,30,NO CONTROLS,NO CONTROLS,CLEAR,DAYLIGHT,TURNING,CENTER TURN LANE,,STRAIGHT AND LEVEL,DRY,NO DEFECTS,ON SCENE,INJURY AND / OR TOW DUE TO CRASH,,,,"OVER $1,500",7/29/2023 16:19,IMPROPER TURNING/NO SIGNAL,IMPROPER LANE USAGE,258,W,83RD ST,622,,,,,,,2,NO INDICATION OF INJURY,0,0,0,0,0,2,0,15,7,7,41.74365787,-87.63134312,POINT (-87.631343122454 41.743657866603)
591b65fe46ffe05503319354db6cf5ea6e671c5e097d373a2ac5eb8400b4c4a0b68b0d8a37908d7d8cbf61dbb39f50dde407639162ffc2f1dc1910abbbac17c4,,,7/29/2023 5:47,30,NO CONTROLS,NO CONTROLS,UNKNOWN,UNKNOWN,OTHER OBJECT,NOT DIVIDED,,STRAIGHT AND LEVEL,UNKNOWN,NO DEFECTS,ON SCENE,NO INJURY / DRIVE AWAY,,,,"OVER $1,500",7/29/2023 11:11,WEATHER,WEATHER,7110,N,PAULINA ST,2423,,,,,,,1,NO INDICATION OF INJURY,0,0,0,0,0,1,0,5,7,7,42.01181602,-87.67248514,POINT (-87.672485135782 42.011816015076)
7b6ced9107cf0a5a9680a0065f944a16e3162a353dd1a71c9dadd4ba2de421c82af08c78c7caba1a24a7c02f50a684c907389d86822dca5c9cb8dfd3f21d3fc5,,,7/29/2023 14:35,30,NO CONTROLS,NO CONTROLS,CLEAR,DAYLIGHT,SIDESWIPE SAME DIRECTION,NOT DIVIDED,,STRAIGHT AND LEVEL,DRY,UNKNOWN,NOT ON SCENE (DESK REPORT),NO INJURY / DRIVE AWAY,,,,"OVER $1,500",7/29/2023 17:50,UNABLE TO DETERMINE,NOT APPLICABLE,2411,N,HARLEM AVE,2512,,,,,,,2,NO INDICATION OF INJURY,0,0,0,0,0,3,0,14,7,7,41.92387183,-87.80610372,POINT (-87.806103721527 41.923871832197)
d41395aaa0a7912d29d086f407ea4b87e637abcbbfca6bdbb2744806d93a2744385ef5489602cc0302eaf9b7a75aa91e85ae32ab15ed1fae0dae996b6c41d365,,,7/29/2023 8:20,10,NO CONTROLS,NO CONTROLS,CLEAR,DAYLIGHT,REAR TO REAR,PARKING LOT,,STRAIGHT AND LEVEL,DRY,NO DEFECTS,ON SCENE,NO INJURY / DRIVE AWAY,,Y,,$500 OR LESS,7/29/2023 8:32,UNABLE TO DETERMINE,NOT APPLICABLE,3019,W,PETERSON AVE,2011,,,,,,,2,NO INDICATION OF INJURY,0,0,0,0,0,4,0,8,7,7,41.99029969,-87.70513321,POINT (-87.705133213892 41.990299688692)
b236c77d59e32b7b469a6e2f17f438b7457e1bd8bc689b14cb4f5b1590cbe784f2b9e554b41925797251cbd3e93a3f4a131d1923b327673d441ae79c052f79c2,,,7/29/2023 13:00,30,TRAFFIC SIGNAL,FUNCTIONING PROPERLY,CLEAR,DAYLIGHT,TURNING,NOT DIVIDED,,STRAIGHT AND LEVEL,UNKNOWN,UNKNOWN,NOT ON SCENE (DESK REPORT),NO INJURY / DRIVE AWAY,Y,,,"$501 - $1,500",7/29/2023 13:46,UNABLE TO DETERMINE,UNABLE TO DETERMINE,1732,N,LA SALLE DR,1814,,,,,,,2,NO INDICATION OF INJURY,0,0,0,0,0,3,0,13,7,7,,,
d207b759bed866588a79e096d6e8fd20f68430070bc65198434801b9eba6041dc27daf696ef6d9c1fe5d4325a4cd791d738a4b92a6cc15f8140f997a924f699f,,Y,7/29/2023 3:00,30,NO CONTROLS,NO CONTROLS,CLEAR,"DARKNESS, LIGHTED ROAD",PARKED MOTOR VEHICLE,ONE-WAY,,STRAIGHT AND LEVEL,WET,NO DEFECTS,ON SCENE,NO INJURY / DRIVE AWAY,,,Y,"OVER $1,500",7/29/2023 9:00,ROAD CONSTRUCTION/MAINTENANCE,DRIVING SKILLS/KNOWLEDGE/EXPERIENCE,6135,S,SACRAMENTO AVE,823,,,,,,,2,NO INDICATION OF INJURY,0,0,0,0,0,1,0,3,7,7,41.7816347,-87.69819199,POINT (-87.698191987973 41.78163469929)
6e48892bf171dedce411bcfef8c11e4a2571e0117a3cc234ac7c69ce76bf5fae0a67c01b3438b70c90cea519be3a8c68301626c3afd4df727dee94cd404bb32d,,,7/29/2023 4:40,30,STOP SIGN/FLASHER,FUNCTIONING PROPERLY,CLEAR,"DARKNESS, LIGHTED ROAD",ANGLE,FOUR WAY,,STRAIGHT AND LEVEL,WET,NO DEFECTS,ON SCENE,INJURY AND / OR TOW DUE TO CRASH,Y,,,"OVER $1,500",7/29/2023 4:42,DISREGARDING TRAFFIC SIGNALS,NOT APPLICABLE,230,W,GARFIELD BLVD,935,,,,,,,2,NO INDICATION OF INJURY,0,0,0,0,0,2,0,4,7,7,41.79464267,-87.63177187,POINT (-87.631771869692 41.794642668627)
0c234f733bf32b437bfe8d95eb59d41ed10a4b7319da60314eacbe2d53c9e32b7af79400f63dcf4075ca3b25e06f14d859ab1743cec47eb5002326581ec2d7d4,,,7/29/2023 8:40,30,TRAFFIC SIGNAL,FUNCTIONING PROPERLY,CLEAR,DAYLIGHT,TURNING,FOUR WAY,,STRAIGHT AND LEVEL,DRY,NO DEFECTS,ON SCENE,INJURY AND / OR TOW DUE TO CRASH,Y,,,"OVER $1,500",7/29/2023 8:41,FAILING TO YIELD RIGHT-OF-WAY,DRIVING SKILLS/KNOWLEDGE/EXPERIENCE,3715,S,ARCHER AVE,911,,,,,,,3,"REPORTED, NOT EVIDENT",2,0,0,0,2,2,0,8,7,7,41.82590834,-87.68471892,POINT (-87.684718917295 41.825908339182)
ff195ccbc9872d9a6276f422d5eeb975fa61a138b4d10ae6abd617a9a1645ab43f592d98d3ed34930b2dd7ff1e9770d9d4dd11901e81733ce55a4f8f7aba6b25,,,7/28/2023 22:32,30,STOP SIGN/FLASHER,FUNCTIONING PROPERLY,RAIN,"DARKNESS, LIGHTED ROAD",TURNING,DIVIDED - W/MEDIAN (NOT RAISED),,STRAIGHT AND LEVEL,WET,NO DEFECTS,ON SCENE,INJURY AND / OR TOW DUE TO CRASH,,,,"OVER $1,500",7/28/2023 22:34,FAILING TO YIELD RIGHT-OF-WAY,WEATHER,2623,N,HARLEM AVE,2512,,,,,,,2,NONINCAPACITATING INJURY,2,0,0,2,0,0,0,22,6,7,41.92787085,-87.80624397,POINT (-87.806243965535 41.927870847252)
3cf835615cdec27962d914b2fe4317d2fa90abb2b57d4ad58706044e748587b1daf5ad4d231f043f80e9fca54e4e39c76c668fde122260a204f24a0b32cbf446,,,7/28/2023 5:24,10,NO CONTROLS,NO CONTROLS,RAIN,DAYLIGHT,FIXED OBJECT,PARKING LOT,,STRAIGHT AND LEVEL,WET,NO DEFECTS,ON SCENE,NO INJURY / DRIVE AWAY,,,,"OVER $1,500",7/28/2023 5:24,DISTRACTION - FROM OUTSIDE VEHICLE,NOT APPLICABLE,4500,W,CHICAGO AVE,1111,,,,,,,1,NO INDICATION OF INJURY,0,0,0,0,0,1,0,5,6,7,41.89524831,-87.73851646,POINT (-87.738516456106 41.895248307451)
f74de7bfface0bd9e141462829579fda122960c8a8dc90e22bb16a34cf1d57651d4efa2b4f9f5c9f3f38f634bf8db1d605eee56a61ad4c6f0d2d643a328b81fd,,,7/27/2023 11:00,15,NO CONTROLS,NO CONTROLS,CLEAR,DAYLIGHT,REAR TO REAR,PARKING LOT,,STRAIGHT AND LEVEL,UNKNOWN,UNKNOWN,NOT ON SCENE (DESK REPORT),NO INJURY / DRIVE AWAY,,,,$500 OR LESS,7/28/2023 10:51,IMPROPER BACKING,DRIVING SKILLS/KNOWLEDGE/EXPERIENCE,5233,N,LINCOLN AVE,2011,,,,,,,2,NO INDICATION OF INJURY,0,0,0,0,0,3,0,11,5,7,41.9768951,-87.69227967,POINT (-87.692279667764 41.976895098405)
5ea3857354ac3be0dead3ce760649a319a1f73951e5afc176f5d93e1a7453660334da66f1b9a451595a46c9d1411ffd29d2c894fddff07de7f44dd3de316e684,,,7/29/2023 18:50,30,NO CONTROLS,NO CONTROLS,CLEAR,DAYLIGHT,REAR END,DIVIDED - W/MEDIAN (NOT RAISED),,STRAIGHT AND LEVEL,UNKNOWN,UNKNOWN,NOT ON SCENE (DESK REPORT),NO INJURY / DRIVE AWAY,,,,"OVER $1,500",7/29/2023 19:30,UNABLE TO DETERMINE,UNABLE TO DETERMINE,2750,N,PULASKI RD,2524,,,,,,,2,NO INDICATION OF INJURY,0,0,0,0,0,7,0,18,7,7,41.93150712,-87.72711779,POINT (-87.727117793799 41.931507114951)
76a6251a4f093673186180bc9b16fd7ea70b0b092d2487ff48770fe3c357a72ff14b65c8776831857bfd065d4eef51decd78801f3bfdc63e3d82ee87add3e19b,,,7/29/2023 16:14,25,STOP SIGN/FLASHER,NO CONTROLS,CLEAR,DAYLIGHT,TURNING,FOUR WAY,,STRAIGHT AND LEVEL,DRY,NO DEFECTS,NOT ON SCENE (DESK REPORT),NO INJURY / DRIVE AWAY,,,Y,"OVER $1,500",7/29/2023 17:00,FOLLOWING TOO CLOSELY,NOT APPLICABLE,8601,S,JEFFERY BLVD,412,,,,,,,2,NO INDICATION OF INJURY,0,0,0,0,0,5,0,16,7,7,41.73878551,-87.57560137,POINT (-87.575601366652 41.738785511738)
53376a1cd3bdd92b4c86c64897c23953e80236b1b9a6fb93d23904e03f8a6987860591859232ca13bfcd3cb3543ef5cdb36a4d366488a38b478547f43505d67a,,,7/28/2023 23:40,25,NO CONTROLS,NO CONTROLS,CLEAR,"DARKNESS, LIGHTED ROAD",REAR END,DIVIDED - W/MEDIAN (NOT RAISED),,STRAIGHT AND LEVEL,DRY,NO DEFECTS,NOT ON SCENE (DESK REPORT),NO INJURY / DRIVE AWAY,,,Y,"OVER $1,500",7/29/2023 10:00,UNABLE TO DETERMINE,UNABLE TO DETERMINE,800,N,MONTICELLO AVE,1112,,,,,,,2,NO INDICATION OF INJURY,0,0,0,0,0,2,0,23,6,7,41.89553811,-87.7176828,POINT (-87.717682801916 41.895538113997)
1ab361627ffce8551166feb5e4e40d37a6a9ca0090a847b97affd1cfa60a8508ca6510b3fae41a8168c137147303cbd97f7ac224fb7770b8db77206e6d8daf8b,,Y,7/29/2023 15:10,30,NO CONTROLS,NO CONTROLS,CLEAR,DAYLIGHT,REAR END,DIVIDED - W/MEDIAN (NOT RAISED),,STRAIGHT AND LEVEL,DRY,UNKNOWN,NOT ON SCENE (DESK REPORT),NO INJURY / DRIVE AWAY,,,,"OVER $1,500",7/29/2023 19:10,NOT APPLICABLE,NOT APPLICABLE,3630,N,HARLEM AVE,1631,,,,,,,2,NO INDICATION OF INJURY,0,0,0,0,0,2,0,15,7,7,41.94619222,-87.80718468,POINT (-87.807184680511 41.94619222357)
14230714e50026106954ec27875e077462a1cd23b2375358806dbf21aa095a917117ccad95d5d0fc006c29c9f5df8f274213c5043ea6b794462e781dd5aa6a32,,,7/29/2023 13:15,30,TRAFFIC SIGNAL,FUNCTIONING PROPERLY,CLEAR,DAYLIGHT,SIDESWIPE SAME DIRECTION,NOT DIVIDED,,STRAIGHT AND LEVEL,DRY,UNKNOWN,NOT ON SCENE (DESK REPORT),NO INJURY / DRIVE AWAY,,,Y,"OVER $1,500",7/29/2023 13:40,IMPROPER OVERTAKING/PASSING,NOT APPLICABLE,2627,W,ADDISON ST,1921,,,,,,,3,NO INDICATION OF INJURY,0,0,0,0,0,5,0,13,7,7,41.94660121,-87.6940903,POINT (-87.694090302787 41.946601205261)
9f09af2df4fac9e374a4edbc273928383bd531ba1765332a747c5ffa53ec66bddd3ede47ee4d4f9bc1ce06526094bab04693b48b7fa4bf76a0ed215d93c03e7c,,Y,7/28/2023 19:00,25,NO CONTROLS,NO CONTROLS,UNKNOWN,UNKNOWN,PARKED MOTOR VEHICLE,NOT DIVIDED,,STRAIGHT AND LEVEL,UNKNOWN,NO DEFECTS,ON SCENE,NO INJURY / DRIVE AWAY,,,Y,"OVER $1,500",7/29/2023 8:57,UNABLE TO DETERMINE,UNABLE TO DETERMINE,629,N,CENTRAL PARK AVE,1121,,,,,,,2,NO INDICATION OF INJURY,0,0,0,0,0,1,0,19,6,7,41.89271134,-87.71608687,POINT (-87.716086869468 41.892711339965)
6767920d9756daf1ebea8fc339a62b6eb77fbc3fcc8425cd608f193f576d894cae2b74d7a230e8b6efd4566421d5c5c324bfc1b1dfee62e2889f7a82607d2f0c,,,7/29/2023 4:00,30,TRAFFIC SIGNAL,FUNCTIONING PROPERLY,CLEAR,"DARKNESS, LIGHTED ROAD",ANGLE,FOUR WAY,,STRAIGHT AND LEVEL,WET,NO DEFECTS,ON SCENE,NO INJURY / DRIVE AWAY,Y,,Y,"OVER $1,500",7/29/2023 4:16,UNABLE TO DETERMINE,UNABLE TO DETERMINE,6700,S,PULASKI RD,833,,,,,,,2,NO INDICATION OF INJURY,0,0,0,0,0,2,0,4,7,7,41.77132587,-87.72272138,POINT (-87.722721377294 41.771325865209)
6af64ed058af4ef0a2409a87865ca5ec28a80be1ecd18d7b9df74378a4ae8b68d6af106ed0eda11e7c1b27f6b143c47c9156b024d904ef934806d91e007b0f49,,,7/29/2023 1:50,15,NO CONTROLS,NO CONTROLS,RAIN,"DARKNESS, LIGHTED ROAD",REAR END,ONE-WAY,,STRAIGHT AND LEVEL,WET,"RUT, HOLES",ON SCENE,NO INJURY / DRIVE AWAY,,,Y,"OVER $1,500",7/29/2023 2:01,IMPROPER OVERTAKING/PASSING,NOT APPLICABLE,5007,W,IOWA ST,1531,,,,,,,2,NO INDICATION OF INJURY,0,0,0,0,0,2,0,1,7,7,41.89667857,-87.75108265,POINT (-87.751082653046 41.896678568956)