CRASH_RECORD_ID,RD_NO,CRASH_DATE_EST_I,CRASH_DATE,POSTED_SPEED_LIMIT,TRAFFIC_CONTROL_DEVICE,DEVICE_CONDITION,WEATHER_CONDITION,LIGHTING_CONDITION,FIRST_CRASH_TYPE,TRAFFICWAY_TYPE,LANE_CNT,ALIGNMENT,ROADWAY_SURFACE_COND,ROAD_DEFECT,REPORT_TYPE,CRASH_TYPE,INTERSECTION_RELATED_I,NOT_RIGHT_OF_WAY_I,HIT_AND_RUN_I,DAMAGE,DATE_POLICE_NOTIFIED,PRIM_CONTRIBUTORY_CAUSE,SEC_CONTRIBUTORY_CAUSE,STREET_NO,STREET_DIRECTION,STREET_NAME,BEAT_OF_OCCURRENCE,PHOTOS_TAKEN_I,STATEMENTS_TAKEN_I,DOORING_I,WORK_ZONE_I,WORK_ZONE_TYPE,WORKERS_PRESENT_I,NUM_UNITS,MOST_SEVERE_INJURY,INJURIES_TOTAL,INJURIES_FATAL,INJURIES_INCAPACITATING,INJURIES_NON_INCAPACITATING,INJURIES_REPORTED_NOT_EVIDENT,INJURIES_NO_INDICATION,INJURIES_UNKNOWN,CRASH_HOUR,CRASH_DAY_OF_WEEK,CRASH_MONTH,LATITUDE,LONGITUDE,LOCATION
a35a0b50648acf67927a1eac1dbfecb29a494bc330daec206f4ccfa5463a5109c9bc0d3579ae193d9e420cd5a68f93df6dd566259e276ee1bde675c639af2418,,,7/29/2023 11:00,35,TRAFFIC SIGNAL,FUNCTIONING PROPERLY,CLEAR,DAYLIGHT,REAR END,FOUR WAY,,STRAIGHT AND LEVEL,DRY,NO DEFECTS,ON SCENE,NO INJURY / DRIVE AWAY,Y,,,"$501 - $1,500",7/29/2023 11:10,FAILING TO REDUCE SPEED TO AVOID CRASH,NOT APPLICABLE,1600,W,DIVERSEY PKWY,1931,,,,,,,2,NO INDICATION OF INJURY,0,0,0,0,0,2,0,11,7,7,41.93251256,-87.6684573,POINT (-87.668457303952 41.932512559833)
c77342ca6fa8b480b7349086a2eb8c528329299e625ae4401426607d16faa0cf2684a53dd6e337f0f0a014d8c2e973ae1e7e3ac43b03be0102c3c42655805a69,,,7/29/2023 15:57,30,STOP SIGN/FLASHER,NO CONTROLS,CLEAR,DAYLIGHT,FIXED OBJECT,DIVIDED - W/MEDIAN BARRIER,,STRAIGHT AND LEVEL,DRY,NO DEFECTS,ON SCENE,INJURY AND / OR TOW DUE TO CRASH,,,,"OVER $1,500",7/29/2023 15:57,DRIVING SKILLS/KNOWLEDGE/EXPERIENCE,NOT APPLICABLE,3856,S,WESTERN BLVD,911,,,,,,,1,INCAPACITATING INJURY,2,0,2,0,0,0,0,15,7,7,41.82313929,-87.68439349,POINT (-87.684393486162 41.823139285608)
7ecc083823b087a3c5c120227e3390bebde40b2166a4bb25825934fdd68a9bed8d41292f92823e6c49ebf9207e084cab3241b7c134e50b8a1cf08109348f8661,,,7/28/2023 4:00,30,NO CONTROLS,NO CONTROLS,CLEAR,"DARKNESS, LIGHTED ROAD",PARKED MOTOR VEHICLE,ONE-WAY,,STRAIGHT AND LEVEL,UNKNOWN,UNKNOWN,ON SCENE,NO INJURY / DRIVE AWAY,,,Y,"OVER $1,500",7/29/2023 9:50,UNABLE TO DETERMINE,NOT APPLICABLE,6105,S,MONITOR AVE,812,,,,,,,2,NO INDICATION OF INJURY,0,0,0,0,0,1,0,4,6,7,41.78140203,-87.76781707,POINT (-87.767817066371 41.78140202764)
d28bf81b4637124142c586298fbc9265b0b91e794d22e82427079fee05dcce980ff12214baff152a8440bdaebd1a0fe7fad5e49ef9096fc03eb1f0c465c7a32a,,,7/28/2023 16:24,30,NO CONTROLS,NO CONTROLS,CLEAR,DAYLIGHT,OTHER OBJECT,T-INTERSECTION,,STRAIGHT AND LEVEL,DRY,NO DEFECTS,ON SCENE,NO INJURY / DRIVE AWAY,,Y,,"OVER $1,500",7/28/2023 16:33,NOT APPLICABLE,NOT APPLICABLE,750,N,NOBLE ST,1215,,,,,,,2,NO INDICATION OF INJURY,0,0,0,0,0,2,0,16,6,7,41.89584749,-87.66254505,POINT (-87.662545046661 41.895847492953)
e3feffb038ab1855d76f255c39e20b483fd88cb042fa3a7f9280aa9ba733a8d86e4e6e7109ae257db90b7778172681bc12319c33423926c2e4ba080d27af4af6,,,7/28/2023 18:18,30,NO CONTROLS,NO CONTROLS,CLEAR,DAYLIGHT,TURNING,NOT DIVIDED,,STRAIGHT AND LEVEL,DRY,NO DEFECTS,NOT ON SCENE (DESK REPORT),NO INJURY / DRIVE AWAY,,,,"OVER $1,500",7/28/2023 19:30,UNABLE TO DETERMINE,UNABLE TO DETERMINE,4400,S,COTTAGE GROVE AVE,221,,,,,,,2,NO INDICATION OF INJURY,0,0,0,0,0,2,0,18,6,7,41.81490392,-87.60682726,POINT (-87.606827264216 41.814903924241)
0fac404e6fb73fa811e299325e82bab35295899a2cbf034dfed8f5afe9a8a75e0c49bd821b1465a589d5e52d78a69ac6a1ce2fb320f6140e076861ca35aca217,,,7/29/2023 17:45,30,NO CONTROLS,NO CONTROLS,CLEAR,DAYLIGHT,REAR END,DIVIDED - W/MEDIAN (NOT RAISED),,STRAIGHT AND LEVEL,UNKNOWN,UNKNOWN,NOT ON SCENE (DESK REPORT),NO INJURY / DRIVE AWAY,,,,"OVER $1,500",7/29/2023 18:20,UNABLE TO DETERMINE,UNABLE TO DETERMINE,2351,N,OAK PARK AVE,2512,,,,,,,3,NO INDICATION OF INJURY,0,0,0,0,0,7,0,17,7,7,41.92270383,-87.7950683,POINT (-87.795068302589 41.922703830699)
3dfdd432ff5c8ff1c30f95b6899f16ec97dbf60ea05f2a61d973b2d1b2a713e4370a893ccde7dc4231b5f7cfda7326d415450635786044497d70a7893b58ae90,,,7/29/2023 1:55,30,TRAFFIC SIGNAL,FUNCTIONING PROPERLY,RAIN,"DARKNESS, LIGHTED ROAD",ANGLE,FOUR WAY,,STRAIGHT AND LEVEL,WET,NO DEFECTS,ON SCENE,INJURY AND / OR TOW DUE TO CRASH,Y,,,"$501 - $1,500",7/29/2023 2:00,UNABLE TO DETERMINE,UNABLE TO DETERMINE,4700,S,STATE ST,224,,,,,,,2,NO INDICATION OF INJURY,0,0,0,0,0,2,0,1,7,7,41.80914302,-87.62622913,POINT (-87.626229132272 41.809143017867)
f858263da6e26000b99d66cafc7f9e3dff56e0499695548f5a355f281ea38587b3f1ab0e64952f750319d1e8720241f1d066e5bbbbc55509db0f5a9a58f4d4a2,,,7/29/2023 8:22,30,TRAFFIC SIGNAL,NOT FUNCTIONING,CLEAR,DAYLIGHT,ANGLE,FOUR WAY,,STRAIGHT AND LEVEL,DRY,UNKNOWN,ON SCENE,INJURY AND / OR TOW DUE TO CRASH,Y,,Y,"OVER $1,500",7/29/2023 8:22,UNABLE TO DETERMINE,NOT APPLICABLE,7600,S,COTTAGE GROVE AVE,624,,,,,,,2,NO INDICATION OF INJURY,0,0,0,0,0,2,0,8,7,7,41.75666358,-87.60548737,POINT (-87.605487366182 41.756663577514)
d1eb93746ca348d76dc07e92d97621c929809813b2acb1f4caf06ea6fca8d557afb4b8949c26f78db87e2b92e3afd4decab6ecd5165542cdf7f389decbc17427,,,7/28/2023 12:29,30,NO CONTROLS,NO CONTROLS,CLEAR,DAYLIGHT,PARKED MOTOR VEHICLE,DIVIDED - W/MEDIAN (NOT RAISED),,STRAIGHT AND LEVEL,DRY,NO DEFECTS,ON SCENE,NO INJURY / DRIVE AWAY,,,,"$501 - $1,500",7/28/2023 12:30,FOLLOWING TOO CLOSELY,NOT APPLICABLE,1809,W,OGDEN AVE,1231,,,,,,,2,NO INDICATION OF INJURY,0,0,0,0,0,2,0,12,6,7,41.87649324,-87.67177087,POINT (-87.67177086583 41.876493240162)
22933baefb52ab6d64977b93a6b0fe28eaa077b66a52b49b17204496502fbf437f8c07c624aa4bdeaa72c9b8ebf015114ad8a09cce3f357e54c8723210bc15dc,,,7/28/2023 22:20,30,TRAFFIC SIGNAL,FUNCTIONING PROPERLY,CLEAR,"DARKNESS, LIGHTED ROAD",ANGLE,ONE-WAY,,STRAIGHT AND LEVEL,WET,NO DEFECTS,ON SCENE,INJURY AND / OR TOW DUE TO CRASH,Y,,,"OVER $1,500",7/28/2023 22:27,UNABLE TO DETERMINE,NOT APPLICABLE,653,N,CLARK ST,1832,,,,,,,2,NO INDICATION OF INJURY,0,0,0,0,0,3,0,22,6,7,41.89399314,-87.6310391,POINT (-87.631039104209 41.893993141899)
fd3ca4257429f01bfa75303bbd6150e9dd1a185e64bde05b1d95750f2e96c0b55c789d355b733d94c0fe70274b7eb200c1ffb522f4e4e00a7ce4933b03630286,,Y,7/28/2023 9:10,25,NO CONTROLS,NO CONTROLS,RAIN,DAYLIGHT,PARKED MOTOR VEHICLE,ONE-WAY,,STRAIGHT AND LEVEL,UNKNOWN,NO DEFECTS,NOT ON SCENE (DESK REPORT),NO INJURY / DRIVE AWAY,,,Y,"$501 - $1,500",7/29/2023 13:20,NOT APPLICABLE,NOT APPLICABLE,114,N,LOREL AVE,1523,,,,,,,2,NO INDICATION OF INJURY,0,0,0,0,0,1,0,9,6,7,41.88279971,-87.75897292,POINT (-87.75897291929 41.882799714395)
130f0565df31e5f1552e0797553ef761e9e0353112a4a8758cb6dad439da71d5371b22d7d0efd7d1288cf462c476e980fbb1f18497ea65a820e89b25dffc5aa3,,Y,7/27/2023 10:38,30,NO CONTROLS,NO CONTROLS,CLEAR,DAYLIGHT,SIDESWIPE SAME DIRECTION,ONE-WAY,,STRAIGHT AND LEVEL,DRY,NO DEFECTS,NOT ON SCENE (DESK REPORT),NO INJURY / DRIVE AWAY,,,,$500 OR LESS,7/28/2023 9:30,UNABLE TO DETERMINE,UNABLE TO DETERMINE,10348,S,PRAIRIE AVE,512,,,,,,,2,NO INDICATION OF INJURY,0,0,0,0,0,2,0,10,5,7,41.70580666,-87.61753323,POINT (-87.617533228373 41.705806656924)
a002eb96a5351cc70230dcbb213eff5f98d31012e966a29a1cdb90da721bdad6fb2265a5dcb2338d4ea5a6d091077a5018ccacf1cf5744b502b27c60dac928d4,,,7/29/2023 1:04,35,TRAFFIC SIGNAL,FUNCTIONING PROPERLY,UNKNOWN,"DARKNESS, LIGHTED ROAD",TURNING,NOT DIVIDED,,STRAIGHT AND LEVEL,UNKNOWN,UNKNOWN,ON SCENE,NO INJURY / DRIVE AWAY,,,Y,"OVER $1,500",7/29/2023 1:06,IMPROPER TURNING/NO SIGNAL,DISREGARDING TRAFFIC SIGNALS,7059,S,STONY ISLAND AVE,332,,,,,,,2,NO INDICATION OF INJURY,0,0,0,0,0,2,0,1,7,7,41.76623937,-87.58577981,POINT (-87.585779805054 41.766239371073)
5a069752152e01cfc67c4d9f603ab61b7a1fc69180b8366ba16b18e5856f9c4145f00573cc437affba7e587e6280e6d12f244faad915c2f31facac5a34bf8ca8,,,7/29/2023 16:50,30,STOP SIGN/FLASHER,FUNCTIONING PROPERLY,CLEAR,DAYLIGHT,ANGLE,FOUR WAY,,STRAIGHT AND LEVEL,DRY,NO DEFECTS,ON SCENE,NO INJURY / DRIVE AWAY,Y,,,"OVER $1,500",7/29/2023 16:53,FAILING TO YIELD RIGHT-OF-WAY,NOT APPLICABLE,5432,W,NORTH AVE,2532,,,,,,,2,NO INDICATION OF INJURY,0,0,0,0,0,2,0,16,7,7,41.90953247,-87.7618846,POINT (-87.761884600962 41.909532466134)
3751f7073bcf5a4c32aae54c925d31b38c60f0bce913ae32e638577289b2dd9d7806415841628cdef2b39ea2f13e79fab40a4ce8016b0a458037a368170f1adc,,,7/29/2023 14:20,20,NO CONTROLS,NO CONTROLS,CLEAR,DAYLIGHT,ANGLE,ONE-WAY,,STRAIGHT AND LEVEL,DRY,NO DEFECTS,NOT ON SCENE (DESK REPORT),NO INJURY / DRIVE AWAY,,,,"OVER $1,500",7/29/2023 15:10,UNABLE TO DETERMINE,UNABLE TO DETERMINE,6418,N,RICHMOND ST,2412,,,,,,,2,NO INDICATION OF INJURY,0,0,0,0,0,2,0,14,7,7,41.99809397,-87.70347386,POINT (-87.703473864494 41.998093972974)
f68d16a636781f4670814d485e038cef6087e07c52d7ce93ee253a42f6ba4a96e910c7da631f6b90b672f0f8012dfe61555307b224bc24ff2725a3af98880dae,,,7/28/2023 23:45,30,STOP SIGN/FLASHER,NO CONTROLS,RAIN,"DARKNESS, LIGHTED ROAD",ANGLE,DIVIDED - W/MEDIAN BARRIER,,STRAIGHT AND LEVEL,WET,NO DEFECTS,ON SCENE,NO INJURY / DRIVE AWAY,Y,,Y,"$501 - $1,500",7/28/2023 23:55,FAILING TO YIELD RIGHT-OF-WAY,FAILING TO REDUCE SPEED TO AVOID CRASH,1027,W,RANDOLPH ST,1224,,,,,,,2,NO INDICATION OF INJURY,0,0,0,0,0,2,0,23,6,7,41.8841967,-87.65320784,POINT (-87.653207838914 41.884196701892)
3309f0d6052c65c3f50c81dfd0689e94e2a9b0bcc2d67daad6aabec122106de16ee97e2c4d93c72bb9ba81049f7daa4e00bf5de1f547c5f097b9a4cd3a3cd99d,,Y,7/28/2023 23:17,30,NO CONTROLS,NO CONTROLS,RAIN,"DARKNESS, LIGHTED ROAD",PARKED MOTOR VEHICLE,NOT DIVIDED,,STRAIGHT AND LEVEL,WET,NO DEFECTS,ON SCENE,INJURY AND / OR TOW DUE TO CRASH,,,Y,"OVER $1,500",7/28/2023 23:45,UNABLE TO DETERMINE,NOT APPLICABLE,9949,S,BEVERLY AVE,2213,,Y,,,,,2,NO INDICATION OF INJURY,0,0,0,0,0,1,0,23,6,7,41.71269404,-87.65880068,POINT (-87.658800680073 41.712694036267)
bccbdee3f89ee6567ecd5445e23f0964f21c13c9cc237acfcf5ab5ae60c1c0691fb4ee24625b98f418b350d49fb4b9e22cb1ff6175097e8eb1675c0bf1ec510c,,Y,7/29/2023 10:00,30,NO CONTROLS,NO CONTROLS,CLEAR,DAYLIGHT,PARKED MOTOR VEHICLE,NOT DIVIDED,,STRAIGHT AND LEVEL,DRY,NO DEFECTS,NOT ON SCENE (DESK REPORT),NO INJURY / DRIVE AWAY,,,Y,"$501 - $1,500",7/29/2023 14:00,UNABLE TO DETERMINE,UNABLE TO DETERMINE,740,E,47TH ST,221,,,,,,,2,NO INDICATION OF INJURY,0,0,0,0,0,1,0,10,7,7,41.8096287,-87.60736974,POINT (-87.607369737858 41.809628697878)
70625f9f2b1e14552c7652491ed97226f9fb4cddc8ba2aa033fc16dcefc6d90f383375f9a2d670e1e0843c2d3b2de701846a7382337437c9e754cde484052962,,,7/27/2023 20:36,30,TRAFFIC SIGNAL,FUNCTIONING PROPERLY,CLEAR,"DARKNESS, LIGHTED ROAD",SIDESWIPE SAME DIRECTION,ONE-WAY,,STRAIGHT AND LEVEL,DRY,NO DEFECTS,NOT ON SCENE (DESK REPORT),NO INJURY / DRIVE AWAY,,,N,"$501 - $1,500",7/27/2023 22:00,DRIVING SKILLS/KNOWLEDGE/EXPERIENCE,NOT APPLICABLE,300,E,RANDOLPH ST,114,,,,,,,2,NO INDICATION OF INJURY,0,0,0,0,0,4,0,20,5,7,41.88462379,-87.62047604,POINT (-87.62047604443 41.884623784636)
0124735faad5856d1b26286346c03c38541f61c42df4684a4997a277ce80751292af1e0fd352080bad834ca9474a2e70c234c5d8820207acdec8a48429fc6b86,,,7/29/2023 9:58,45,NO CONTROLS,NO CONTROLS,CLEAR,DAYLIGHT,SIDESWIPE SAME DIRECTION,NOT DIVIDED,,STRAIGHT AND LEVEL,DRY,NO DEFECTS,NOT ON SCENE (DESK REPORT),NO INJURY / DRIVE AWAY,,,,$500 OR LESS,7/29/2023 10:40,NOT APPLICABLE,NOT APPLICABLE,1465,E,130TH ST,434,,,,,,,2,NO INDICATION OF INJURY,0,0,0,0,0,2,0,9,7,7,41.66028389,-87.58866624,POINT (-87.58866623998 41.660283893596)
809da481434d36183e0d804dee0dc32da548cf0126b71f4daa2f3d8c072f71ee9375227591de52582a61e487f57a1297da6dbc0fa9baa1feb5683e9f2cc9550b,,,7/29/2023 0:35,30,NO CONTROLS,NO CONTROLS,RAIN,"DARKNESS, LIGHTED ROAD",PARKED MOTOR VEHICLE,DIVIDED - W/MEDIAN (NOT RAISED),,STRAIGHT AND LEVEL,WET,NO DEFECTS,ON SCENE,INJURY AND / OR TOW DUE TO CRASH,,,,"OVER $1,500",7/29/2023 0:41,UNABLE TO DETERMINE,NOT APPLICABLE,1416,N,KOSTNER AVE,2533,,,,,,,2,NO INDICATION OF INJURY,0,0,0,0,0,1,0,0,7,7,41.90667467,-87.73640129,POINT (-87.736401289948 41.906674669091)
a78f77853289424ded1d041079dead9589aad2b71edb44c8d5c2d5d6fb34cb75e717e5e86554fd7bb0f2fb148e39e99d28e5e3680627731b3930657baef53801,,Y,7/27/2023 16:00,30,STOP SIGN/FLASHER,NO CONTROLS,CLEAR,DAYLIGHT,SIDESWIPE SAME DIRECTION,FOUR WAY,,STRAIGHT AND LEVEL,DRY,NO DEFECTS,NOT ON SCENE (DESK REPORT),NO INJURY / DRIVE AWAY,Y,,,"$501 - $1,500",7/27/2023 16:10,FOLLOWING TOO CLOSELY,FOLLOWING TOO CLOSELY,12799,S,MORGAN ST,523,,Y,,,,,2,NO INDICATION OF INJURY,0,0,0,0,0,5,0,16,5,7,41.6609694,-87.64606683,POINT (-87.646066827499 41.660969402635)
f01fa22cf775ae2060d378b3e668728dce8bbe73909d07d626a592d4c7af6bf14a2585683519ff81c1035e7619d4f6f7db3a91d9227aa55aea31503b8985ef2a,,,7/28/2023 16:10,40,NO CONTROLS,NO CONTROLS,CLEAR,DAYLIGHT,SIDESWIPE SAME DIRECTION,NOT DIVIDED,,STRAIGHT AND LEVEL,DRY,NO DEFECTS,NOT ON SCENE (DESK REPORT),NO INJURY / DRIVE AWAY,,,Y,"$501 - $1,500",7/28/2023 16:50,IMPROPER OVERTAKING/PASSING,IMPROPER OVERTAKING/PASSING,6400,W,DEVON AVE,1611,,,,,,,2,NO INDICATION OF INJURY,0,0,0,0,0,2,0,16,6,7,41.99746398,-87.78761024,POINT (-87.787610243414 41.997463981029)
6bba3231e785155e51960102e6914788c45c6eb0ef3317367f1abc4f5d36319eacf93a85404900bcb16ccd46eaca99f4861a02261dd4fea4e778bc9789e6d337,,,7/29/2023 2:15,35,TRAFFIC SIGNAL,FUNCTIONING PROPERLY,CLEAR,"DARKNESS, LIGHTED ROAD",FIXED OBJECT,FOUR WAY,,STRAIGHT AND LEVEL,WET,NO DEFECTS,ON SCENE,INJURY AND / OR TOW DUE TO CRASH,Y,,,"OVER $1,500",7/29/2023 2:25,UNABLE TO DETERMINE,UNABLE TO DETERMINE,2359,W,POLK ST,1225,,,,,,,1,INCAPACITATING INJURY,1,0,1,0,0,0,0,2,7,7,41.87121976,-87.68610523,POINT (-87.686105226109 41.871219754775)
8ae2071318d165d5efe073b10f416fea8c3b861b492496eff9be65a9967977c872a46534ada1fb11fd2c3d8b0f19cfeb81e5b17773bbd7474a9819e52e639bbe,,,7/28/2023 21:38,30,TRAFFIC SIGNAL,FUNCTIONING PROPERLY,RAIN,"DARKNESS, LIGHTED ROAD",TURNING,NOT DIVIDED,,STRAIGHT AND LEVEL,WET,NO DEFECTS,NOT ON SCENE (DESK REPORT),INJURY AND / OR TOW DUE TO CRASH,,,Y,"OVER $1,500",7/28/2023 23:50,IMPROPER TURNING/NO SIGNAL,FAILING TO YIELD RIGHT-OF-WAY,5455,S,PULASKI RD,822,,,,,,,2,NONINCAPACITATING INJURY,1,0,0,1,0,1,0,21,6,7,41.79341317,-87.7230195,POINT (-87.723019501533 41.793413165215)
888926c763945dbdf399385557e6e987375907a76d7831eccd83cc3eaaa564010aced91ce78f241ea8ffd1df5815745098a104c90da79f8b932d649104d9686a,,,7/28/2023 11:30,30,NO CONTROLS,NO CONTROLS,CLEAR,DAYLIGHT,TURNING,UNKNOWN,,STRAIGHT AND LEVEL,DRY,NO DEFECTS,ON SCENE,NO INJURY / DRIVE AWAY,,,,"OVER $1,500",7/28/2023 11:35,DRIVING SKILLS/KNOWLEDGE/EXPERIENCE,NOT APPLICABLE,2,W,TERMINAL ST,1652,,,,,,,2,NO INDICATION OF INJURY,0,0,0,0,0,6,0,11,6,7,,,
fb4eb48c44d99c32af6ecee78c8983e3c8c03a182e92130bf1ff508059e6af715494111bdf6034ce9e58194bd7ac1f66726d023b61eb964c40c53c1e01b7532b,,N,7/29/2023 19:25,30,TRAFFIC SIGNAL,FUNCTIONING PROPERLY,CLEAR,DAYLIGHT,SIDESWIPE SAME DIRECTION,DIVIDED - W/MEDIAN BARRIER,,STRAIGHT AND LEVEL,DRY,NO DEFECTS,NOT ON SCENE (DESK REPORT),NO INJURY / DRIVE AWAY,,,,"$501 - $1,500",7/29/2023 21:26,IMPROPER OVERTAKING/PASSING,UNABLE TO DETERMINE,681,N,MICHIGAN AVE,1834,,,,,,,2,NO INDICATION OF INJURY,0,0,0,0,0,2,0,19,7,7,41.89490343,-87.62410419,POINT (-87.624104194117 41.89490343257)
423718ee0044220cad12e41a9dbffe0056ad1ad3a092ae99fee13f670532c5c2d628fe5f59ea6e929f94269f3167d765d649021eb3ee0e8d3b616e5aad91757c,,,7/29/2023 19:50,25,STOP SIGN/FLASHER,FUNCTIONING PROPERLY,CLEAR,DAWN,PARKED MOTOR VEHICLE,ONE-WAY,,STRAIGHT AND LEVEL,DRY,NO DEFECTS,ON SCENE,INJURY AND / OR TOW DUE TO CRASH,,,,"OVER $1,500",7/29/2023 21:02,UNDER THE INFLUENCE OF ALCOHOL/DRUGS (USE WHEN ARREST IS EFFECTED),DRIVING ON WRONG SIDE/WRONG WAY,13456,S,BURLEY AVE,433,,,,,,,4,NO INDICATION OF INJURY,0,0,0,0,0,1,0,19,7,7,41.65017234,-87.5448795,POINT (-87.544879496252 41.650172335775)
e8640f4d60550961612a184ebf104726366656a3d5c54ce16058c61ca5207f3c25c0d8b61d2e56cfb7d8de02ac8d0815ca05b7e166e1c62ac082a5af6129ac43,,,7/27/2023 12:00,30,TRAFFIC SIGNAL,FUNCTIONING PROPERLY,CLEAR,DAYLIGHT,REAR END,NOT DIVIDED,,STRAIGHT AND LEVEL,DRY,NO DEFECTS,NOT ON SCENE (DESK REPORT),NO INJURY / DRIVE AWAY,,,,"OVER $1,500",7/27/2023 12:30,IMPROPER BACKING,NOT APPLICABLE,400,N,MICHIGAN AVE,1834,,,,,,,2,NO INDICATION OF INJURY,0,0,0,0,0,2,0,12,5,7,41.88939788,-87.6243904,POINT (-87.624390394571 41.8893978833)
cd5af79c19f36982c26596f37b508b3346f43b75a29796502892c9c0fd16b0a4c12f454713751a6e6e1bcf19fdcfdfa3f2d8008d99ec52f3df363560b712b4ed,,,7/28/2023 20:30,30,OTHER REG. SIGN,FUNCTIONING PROPERLY,CLOUDY/OVERCAST,"DARKNESS, LIGHTED ROAD",PEDALCYCLIST,DIVIDED - W/MEDIAN (NOT RAISED),,STRAIGHT AND LEVEL,WET,NO DEFECTS,NOT ON SCENE (DESK REPORT),INJURY AND / OR TOW DUE TO CRASH,,,,$500 OR LESS,7/29/2023 10:30,FAILING TO YIELD RIGHT-OF-WAY,FAILING TO YIELD RIGHT-OF-WAY,5812,W,GRAND AVE,2515,,,,,,,2,NONINCAPACITATING INJURY,1,0,0,1,0,1,0,20,6,7,41.9198687,-87.77123526,POINT (-87.771235257024 41.919868697221)
67518a52a4f6e2cee1624ce98e4610ce52e40828393e0124d9d93675c73a457819553a38fff52051d621b66e2177c9927d2ee0805447a7ef31e65bd1ee0ea3dd,,,7/28/2023 2:30,30,NO CONTROLS,NO CONTROLS,UNKNOWN,"DARKNESS, LIGHTED ROAD",PARKED MOTOR VEHICLE,NOT DIVIDED,,STRAIGHT AND LEVEL,UNKNOWN,UNKNOWN,ON SCENE,INJURY AND / OR TOW DUE TO CRASH,,,,"OVER $1,500",7/28/2023 2:41,FAILING TO REDUCE SPEED TO AVOID CRASH,UNABLE TO DETERMINE,1606,N,LEAVITT ST,1434,,,,,,,2,NO INDICATION OF INJURY,0,0,0,0,0,2,0,2,6,7,41.91059983,-87.68250007,POINT (-87.682500067318 41.910599833634)
183086f94ecfe1d35bd9023a700e6a54f603d3f1b9d3941eab6f15a0846fb9310d004c6de9657dee44dc3776c5f492a5425703f17369f6ac95b2ed1aba9ed87e,,,7/29/2023 16:28,30,NO CONTROLS,NO CONTROLS,CLEAR,DAYLIGHT,PARKED MOTOR VEHICLE,NOT DIVIDED,,STRAIGHT AND LEVEL,DRY,NO DEFECTS,ON SCENE,NO INJURY / DRIVE AWAY,,,,"$501 - $1,500",7/29/2023 16:55,UNABLE TO DETERMINE,NOT APPLICABLE,6332,S,NORMAL BLVD,722,,,,,,,3,NO INDICATION OF INJURY,0,0,0,0,0,1,0,16,7,7,41.77882265,-87.63764887,POINT (-87.637648865677 41.778822648176)
51c719f745adf18bd7d04e3295bbe162a906d085841d5cccf488253df283e938141295f77f4cb905ba79e83abe61e3f4c2fd09dc7020011ffa129de68ec4fce3,,,7/29/2023 14:45,30,UNKNOWN,UNKNOWN,CLEAR,DAYLIGHT,REAR END,NOT DIVIDED,,STRAIGHT AND LEVEL,UNKNOWN,UNKNOWN,NOT ON SCENE (DESK REPORT),NO INJURY / DRIVE AWAY,,,,"$501 - $1,500",7/29/2023 15:10,UNABLE TO DETERMINE,UNABLE TO DETERMINE,3232,N,LINCOLN AVE,1922,,,,,,,2,NO INDICATION OF INJURY,0,0,0,0,0,4,0,14,7,7,41.94050262,-87.66939869,POINT (-87.669398686264 41.940502619114)
99fe2f319a2cd1c86e11c61a4d6443a8adcf48c142c49d1219efde7815e0d3437eaa318de7995970d54f29803d8a6a3ad1b5c21b52f7a34e01411a90571c0611,,,7/29/2023 16:00,30,NO CONTROLS,NO CONTROLS,CLEAR,DAYLIGHT,PARKED MOTOR VEHICLE,NOT DIVIDED,,STRAIGHT AND LEVEL,UNKNOWN,UNKNOWN,NOT ON SCENE (DESK REPORT),NO INJURY / DRIVE AWAY,,,,"OVER $1,500",7/29/2023 17:20,UNABLE TO DETERMINE,UNABLE TO DETERMINE,7010,W,WAVELAND AVE,1632,,,,,,,2,NO INDICATION OF INJURY,0,0,0,0,0,1,0,16,7,7,41.94730126,-87.80137408,POINT (-87.801374076083 41.947301261091)
16de68ff69071d44ee79fef5136962312f69401e818f9598147abb360d82766ecdebd64220a85c8aea7909dae0d2a330168856dc4e02d220c16a048f93285cf1,,,7/28/2023 19:26,30,NO CONTROLS,NO CONTROLS,CLEAR,DAWN,ANGLE,NOT DIVIDED,,STRAIGHT AND LEVEL,DRY,NO DEFECTS,NOT ON SCENE (DESK REPORT),NO INJURY / DRIVE AWAY,,,,"$501 - $1,500",7/28/2023 19:51,NOT APPLICABLE,NOT APPLICABLE,5100,W,DIVISION ST,2533,,N,,,,,2,NO INDICATION OF INJURY,0,0,0,0,0,6,0,19,6,7,41.90238353,-87.75338844,POINT (-87.753388442787 41.902383531749)
98b29421797c820e11a150d89fa47416f668eb50580a5f315c9a2c2774d22e352d0dcb389c4b1a1406e44a180032fa0815b4086fd57a5474db64e43a68762a2e,,,7/28/2023 11:18,30,STOP SIGN/FLASHER,FUNCTIONING PROPERLY,CLEAR,DAYLIGHT,TURNING,NOT DIVIDED,,STRAIGHT AND LEVEL,DRY,NO DEFECTS,ON SCENE,INJURY AND / OR TOW DUE TO CRASH,Y,,,"OVER $1,500",7/28/2023 11:19,IMPROPER TURNING/NO SIGNAL,UNABLE TO DETERMINE,600,N,LARAMIE AVE,1524,,,,,,,2,NONINCAPACITATING INJURY,2,0,0,2,0,0,0,11,6,7,41.89125039,-87.75561155,POINT (-87.755611546255 41.891250394402)
2f15060b8da7a09df95a79299b1acd848a9df1ebe900f4aabba72a1f131880c5f1fcff9f3a2751ca097dec0be57692d0975c2ca0361b247e1a6381f767c1ac9f,,,7/29/2023 12:45,30,NO CONTROLS,NO CONTROLS,CLEAR,DAYLIGHT,SIDESWIPE SAME DIRECTION,DIVIDED - W/MEDIAN (NOT RAISED),,STRAIGHT AND LEVEL,DRY,NO DEFECTS,ON SCENE,INJURY AND / OR TOW DUE TO CRASH,,,,"$501 - $1,500",7/29/2023 12:50,UNABLE TO DETERMINE,UNABLE TO DETERMINE,2352,S,ASHLAND AVE,1034,,,,,,,2,NO INDICATION OF INJURY,0,0,0,0,0,4,0,12,7,7,41.84887456,-87.66612592,POINT (-87.666125923002 41.848874555502)