CRASH_RECORD_ID,RD_NO,CRASH_DATE_EST_I,CRASH_DATE,POSTED_SPEED_LIMIT,TRAFFIC_CONTROL_DEVICE,DEVICE_CONDITION,WEATHER_CONDITION,LIGHTING_CONDITION,FIRST_CRASH_TYPE,TRAFFICWAY_TYPE,LANE_CNT,ALIGNMENT,ROADWAY_SURFACE_COND,ROAD_DEFECT,REPORT_TYPE,CRASH_TYPE,INTERSECTION_RELATED_I,NOT_RIGHT_OF_WAY_I,HIT_AND_RUN_I,DAMAGE,DATE_POLICE_NOTIFIED,PRIM_CONTRIBUTORY_CAUSE,SEC_CONTRIBUTORY_CAUSE,STREET_NO,STREET_DIRECTION,STREET_NAME,BEAT_OF_OCCURRENCE,PHOTOS_TAKEN_I,STATEMENTS_TAKEN_I,DOORING_I,WORK_ZONE_I,WORK_ZONE_TYPE,WORKERS_PRESENT_I,NUM_UNITS,MOST_SEVERE_INJURY,INJURIES_TOTAL,INJURIES_FATAL,INJURIES_INCAPACITATING,INJURIES_NON_INCAPACITATING,INJURIES_REPORTED_NOT_EVIDENT,INJURIES_NO_INDICATION,INJURIES_UNKNOWN,CRASH_HOUR,CRASH_DAY_OF_WEEK,CRASH_MONTH,LATITUDE,LONGITUDE,LOCATION
77d14050a6b0246f1495049c1c647f4dc28992e35bcc3f04dd882347de6d435900c5eb8415acca68e7df16b965c75310b98be6b526655acf37cf082d797d588e,,,7/29/2023 10:20,30,STOP SIGN/FLASHER,FUNCTIONING PROPERLY,CLEAR,DAYLIGHT,REAR TO FRONT,ONE-WAY,,STRAIGHT AND LEVEL,UNKNOWN,UNKNOWN,NOT ON SCENE (DESK REPORT),NO INJURY / DRIVE AWAY,,,Y,$500 OR LESS,7/29/2023 12:07,UNABLE TO DETERMINE,UNABLE TO DETERMINE,1033,W,ARDMORE AVE,2022,,,,,,,2,NO INDICATION OF INJURY,0,0,0,0,0,2,0,10,7,7,41.98722283,-87.65665467,POINT (-87.656654670437 41.987222830944)
5701dd0616ff5f27714816cba8df47a1a96bebf75c69da2a4580505991826d9b601a08ab46d8b3a92935f22669d64625866c1be18404865163d3928a24c1add0,,,7/29/2023 18:59,30,TRAFFIC SIGNAL,FUNCTIONING PROPERLY,CLEAR,DAYLIGHT,SIDESWIPE SAME DIRECTION,DIVIDED - W/MEDIAN BARRIER,,STRAIGHT AND LEVEL,DRY,NO DEFECTS,ON SCENE,NO INJURY / DRIVE AWAY,,,,"OVER $1,500",7/29/2023 19:36,NOT APPLICABLE,NOT APPLICABLE,493,N,OGDEN AVE,1215,,,,,,,2,NO INDICATION OF INJURY,0,0,0,0,0,3,0,18,7,7,41.8909476,-87.6589495,POINT (-87.65894950179 41.890947598575)
fc3d5f720b0e7f3c5c1b92fd46030415d14d3c71d63d43fb6bee457e1538426d477d16d5243fc377a4daf942166afab52dfea01eb28d0319e42ef98a62eb2242,,,7/28/2023 11:15,30,NO CONTROLS,NO CONTROLS,CLEAR,DAYLIGHT,TURNING,ONE-WAY,,STRAIGHT AND LEVEL,DRY,NO DEFECTS,NOT ON SCENE (DESK REPORT),NO INJURY / DRIVE AWAY,,,,"OVER $1,500",7/28/2023 15:40,DRIVING SKILLS/KNOWLEDGE/EXPERIENCE,DRIVING SKILLS/KNOWLEDGE/EXPERIENCE,9550,S,HARVARD AVE,511,,,,,,,2,NO INDICATION OF INJURY,0,0,0,0,0,2,0,11,6,7,41.72010322,-87.6324399,POINT (-87.632439903897 41.720103221482)
b8bc8c402ba6ab9f8f631fcc3eb6aa12b0eca9038e5138601d904fd89fc1c787e3f71e28de46005271968f09783fb8394c13c9bd92a1e8bb65c2ff0800a1fd99,,,7/28/2023 21:40,30,NO CONTROLS,NO CONTROLS,RAIN,"DARKNESS, LIGHTED ROAD",REAR END,DIVIDED - W/MEDIAN BARRIER,,STRAIGHT AND LEVEL,WET,NO DEFECTS,ON SCENE,NO INJURY / DRIVE AWAY,,,,"OVER $1,500",7/28/2023 21:50,FOLLOWING TOO CLOSELY,NOT APPLICABLE,49,W,I190 EXPY,1654,,,,Y,MAINTENANCE,N,2,NO INDICATION OF INJURY,0,0,0,0,0,5,0,21,6,7,,,
9370231aa6e8f2a4a76a4013a3f1f31f4360d5b1bd3fd4198710e608da367032f289df03638570b8ffbd3f8a0b323ee74499ee9e0050b98e9609d246284ae125,,,7/29/2023 19:10,30,NO CONTROLS,NO CONTROLS,CLEAR,DUSK,REAR END,NOT DIVIDED,,STRAIGHT ON GRADE,DRY,NO DEFECTS,ON SCENE,INJURY AND / OR TOW DUE TO CRASH,,,,"OVER $1,500",7/29/2023 19:20,UNABLE TO DETERMINE,UNABLE TO DETERMINE,10347,S,PULASKI RD,2211,,,,,,,2,NO INDICATION OF INJURY,0,0,0,0,0,2,0,19,7,7,41.70448087,-87.72070577,POINT (-87.720705772967 41.704480872205)
a3382363e6f8530159a0dd99ef0a47d6eb0f8c247c4302ef2025d3e3e975c8b67011c7c0f3d522404157164079c8a7cc1986e3e9ca704c244957818c96626c16,,Y,7/29/2023 13:30,35,TRAFFIC SIGNAL,FUNCTIONING PROPERLY,CLEAR,DAYLIGHT,REAR END,NOT DIVIDED,,STRAIGHT AND LEVEL,DRY,NO DEFECTS,ON SCENE,NO INJURY / DRIVE AWAY,,,,"OVER $1,500",7/29/2023 13:30,PHYSICAL CONDITION OF DRIVER,FOLLOWING TOO CLOSELY,5711,S,PULASKI RD,822,,,,,,,2,NO INDICATION OF INJURY,0,0,0,0,0,2,0,13,7,7,41.7891926,-87.7229067,POINT (-87.722906704069 41.789192600808)
d9af5644684b0402d5a38e1c98479f78af342b553ea3d8531d4b1b989f89c86e8aa07af7b30e629a491e64e92608c3a98060d6f22900a26df2dfac451f021a06,,,7/29/2023 18:20,30,STOP SIGN/FLASHER,FUNCTIONING PROPERLY,CLEAR,DAYLIGHT,HEAD ON,NOT DIVIDED,,STRAIGHT AND LEVEL,DRY,NO DEFECTS,NOT ON SCENE (DESK REPORT),NO INJURY / DRIVE AWAY,Y,,,"OVER $1,500",7/29/2023 18:55,UNABLE TO DETERMINE,NOT APPLICABLE,1001,N,SACRAMENTO AVE,1211,,,,,,,2,NO INDICATION OF INJURY,0,0,0,0,0,2,0,18,7,7,41.89930353,-87.70157292,POINT (-87.701572917208 41.899303526677)
6d12ca544fd72ab87109a161eecfe52dedefc170632db5036edd7509a6e2eebe39b46510dd29fa524c8a5ee157ffa122d1d7f04f09f62861947ad491f58ee2f0,,,7/29/2023 9:20,30,NO CONTROLS,NO CONTROLS,CLEAR,DAYLIGHT,PARKED MOTOR VEHICLE,ONE-WAY,,STRAIGHT AND LEVEL,DRY,NO DEFECTS,ON SCENE,NO INJURY / DRIVE AWAY,,,Y,"$501 - $1,500",7/29/2023 9:20,UNABLE TO DETERMINE,NOT APPLICABLE,6311,S,FAIRFIELD AVE,825,,,,,,,2,NO INDICATION OF INJURY,0,0,0,0,0,1,0,9,7,7,41.77874891,-87.69201854,POINT (-87.692018534733 41.778748906416)
cd7dccdaab33f544bc5ae8f1f2587150c3fc4b2014aa850d56e8f353bf52f847f8391c02348e8272690a09571ed8a4523dc7004b44d417e9eea0ad48a3fd3583,,,7/28/2023 13:34,30,TRAFFIC SIGNAL,FUNCTIONING PROPERLY,CLEAR,DAYLIGHT,REAR END,T-INTERSECTION,,STRAIGHT AND LEVEL,DRY,NO DEFECTS,NOT ON SCENE (DESK REPORT),INJURY AND / OR TOW DUE TO CRASH,Y,,,"OVER $1,500",7/28/2023 13:40,UNABLE TO DETERMINE,UNABLE TO DETERMINE,7900,S,KEDZIE AVE,834,N,,,,,,2,NO INDICATION OF INJURY,0,0,0,0,0,2,0,13,6,7,41.74972397,-87.70253957,POINT (-87.702539571674 41.749723971726)
15de5bacd88ab7dd89f010c9d170d03c79e5039f57fc3d07de0b812b34f30ed102ebdb6473e0ee15377b9ef67926540f51288265cfa9b46b6b067d35972f9998,,,7/29/2023 7:48,15,NO CONTROLS,NO CONTROLS,CLOUDY/OVERCAST,DAYLIGHT,REAR TO REAR,PARKING LOT,,STRAIGHT AND LEVEL,DRY,NO DEFECTS,NOT ON SCENE (DESK REPORT),NO INJURY / DRIVE AWAY,,,,"OVER $1,500",7/29/2023 9:00,IMPROPER BACKING,IMPROPER BACKING,2340,W,47TH ST,924,,,,,,,2,NO INDICATION OF INJURY,0,0,0,0,0,2,0,7,7,7,41.80852611,-87.68369738,POINT (-87.683697375889 41.808526104736)
41de84986e76b9b1aa971c8fa04418fdde9d6ac4b81bb12c819cd98625a814bcaaffc2ca9781380af6e5b16bf921506ba6dcea5cd97bd6507ec6d2763b2060e8,,,7/29/2023 0:40,30,NO CONTROLS,NO CONTROLS,RAIN,DARKNESS,SIDESWIPE SAME DIRECTION,ONE-WAY,,STRAIGHT AND LEVEL,WET,NO DEFECTS,NOT ON SCENE (DESK REPORT),NO INJURY / DRIVE AWAY,,,,$500 OR LESS,7/29/2023 0:55,NOT APPLICABLE,IMPROPER LANE USAGE,657,W,WELLINGTON AVE,1934,,,,,,,2,NO INDICATION OF INJURY,0,0,0,0,0,2,0,0,7,7,41.93635258,-87.64650886,POINT (-87.646508854724 41.936352576166)
3513dfbd4d0f25e10e10ac49a2ea31f06ce9d85a53935398f69e76e6411c98212481a8594c5b9aaaff88798901d0cb060c4934f1084d32c3315305a3b971abcf,,,7/28/2023 22:07,30,FLASHING CONTROL SIGNAL,NO CONTROLS,RAIN,"DARKNESS, LIGHTED ROAD",REAR END,FOUR WAY,,STRAIGHT AND LEVEL,WET,NO DEFECTS,NOT ON SCENE (DESK REPORT),NO INJURY / DRIVE AWAY,,,Y,"OVER $1,500",7/28/2023 22:35,FOLLOWING TOO CLOSELY,FAILING TO REDUCE SPEED TO AVOID CRASH,2300,S,WESTERN AVE,1034,,,,,,,2,NO INDICATION OF INJURY,0,0,0,0,0,3,0,22,6,7,41.85016605,-87.68573339,POINT (-87.685733391395 41.850166052914)
88641323283d740fd91aec2d9e8dc5be3f4ea3d15aa20236768cac93d36b1e5ea01f13f47bd8f9da7e70ad02e995059f202e0d6fef743d532751a57b7c23136b,JG360508,,7/11/2023 9:00,30,UNKNOWN,UNKNOWN,UNKNOWN,UNKNOWN,PARKED MOTOR VEHICLE,PARKING LOT,,STRAIGHT AND LEVEL,UNKNOWN,UNKNOWN,NOT ON SCENE (DESK REPORT),NO INJURY / DRIVE AWAY,,,,"$501 - $1,500",7/29/2023 8:58,UNABLE TO DETERMINE,UNABLE TO DETERMINE,6171,N,SHERIDAN RD,2433,,,,,,,2,NO INDICATION OF INJURY,0,0,0,0,0,1,0,9,3,7,41.99432936,-87.65537018,POINT (-87.655370176867 41.994329357624)
c13cf4f49b0e33612bcb2597557e9b8477532a1bf2e09f82087ac84f247aa6a9d72540a792983a4c9f755b77643612ff0d1dbf011df330f1a94d5203cd8ce350,,,7/28/2023 12:50,30,STOP SIGN/FLASHER,UNKNOWN,CLEAR,DAYLIGHT,TURNING,ONE-WAY,,STRAIGHT AND LEVEL,DRY,UNKNOWN,NOT ON SCENE (DESK REPORT),NO INJURY / DRIVE AWAY,,,,"OVER $1,500",7/28/2023 13:30,IMPROPER TURNING/NO SIGNAL,NOT APPLICABLE,2257,N,KARLOV AVE,2525,,,,,,,2,NO INDICATION OF INJURY,0,0,0,0,0,2,0,12,6,7,41.92247793,-87.72901152,POINT (-87.729011520894 41.922477932183)
08845abd32c1b033ae4204c79e125164be367308f25f8d769e5ce203979fddce7ee1e5480e27261bb69ff526a6e7ccd8cc0a92612e40894cd1e4f7bfd878a85d,,,7/29/2023 0:18,30,TRAFFIC SIGNAL,FUNCTIONING PROPERLY,RAIN,"DARKNESS, LIGHTED ROAD",TURNING,FOUR WAY,,STRAIGHT AND LEVEL,WET,NO DEFECTS,NOT ON SCENE (DESK REPORT),INJURY AND / OR TOW DUE TO CRASH,,,,"OVER $1,500",7/29/2023 0:18,IMPROPER TURNING/NO SIGNAL,NOT APPLICABLE,2400,W,AUGUSTA BLVD,1212,,,,,,,2,NO INDICATION OF INJURY,0,0,0,0,0,3,0,0,7,7,41.89948716,-87.68706268,POINT (-87.687062682091 41.899487159097)
82296fdac8c15522c8533ac848ff0d268e1fd94c8f99074753edfa5b8db30584c5275ebf8faf994bdef55f2f617042ba3163fca4a000dc3381b5d656a44dbf4c,,,7/29/2023 18:40,30,NO CONTROLS,NO CONTROLS,CLEAR,DAYLIGHT,SIDESWIPE SAME DIRECTION,NOT DIVIDED,,STRAIGHT AND LEVEL,DRY,NO DEFECTS,ON SCENE,NO INJURY / DRIVE AWAY,,,,"OVER $1,500",7/29/2023 18:41,FAILING TO YIELD RIGHT-OF-WAY,NOT APPLICABLE,1227,S,BLUE ISLAND AVE,1232,,,,,,,2,NO INDICATION OF INJURY,0,0,0,0,0,2,0,18,7,7,41.8662306,-87.65384465,POINT (-87.65384464545 41.866230602918)
e8f3d3ef543c80034375211da0fb2d436ae0d14e8d9bd486d9b1a8716f23f8a29525071e5616719b988d24f52210d17c5bb8f3196bec45f981df8ca4f16c8525,,,7/29/2023 18:38,30,NO CONTROLS,NO CONTROLS,CLEAR,DAYLIGHT,REAR END,NOT DIVIDED,,STRAIGHT AND LEVEL,UNKNOWN,UNKNOWN,NOT ON SCENE (DESK REPORT),NO INJURY / DRIVE AWAY,,,,"OVER $1,500",7/29/2023 19:30,FOLLOWING TOO CLOSELY,NOT APPLICABLE,2338,W,83RD ST,614,,,,,,,2,NO INDICATION OF INJURY,0,0,0,0,0,3,0,18,7,7,41.74293631,-87.68182707,POINT (-87.681827066578 41.742936304976)
6464f00973c854b3ba670268f0872654877399495e185f9661f723c8e1f69604f9ba494a585f0a26dc4b89399ec1a0f26f7f661ad4e13c8f184eb74fd4e122fa,,,7/29/2023 15:30,30,NO CONTROLS,NO CONTROLS,CLEAR,DAYLIGHT,REAR END,NOT DIVIDED,,STRAIGHT AND LEVEL,DRY,NO DEFECTS,NOT ON SCENE (DESK REPORT),NO INJURY / DRIVE AWAY,,,Y,"$501 - $1,500",7/29/2023 16:30,FOLLOWING TOO CLOSELY,UNABLE TO DETERMINE,316,N,MICHIGAN AVE,111,,,,,,,2,NO INDICATION OF INJURY,0,0,0,0,0,2,0,15,7,7,41.88720777,-87.62469337,POINT (-87.624693374437 41.887207767653)
2d58412c12559b70c27aa6871bef3c6dd2816867c06f388d01c3113576a792a9f1345134891ea38c9c1957a4fa53b156739346e51dc482c99f4109b194ea77db,,,7/28/2023 14:00,30,NO CONTROLS,NO CONTROLS,CLEAR,DAYLIGHT,REAR END,FOUR WAY,,STRAIGHT AND LEVEL,DRY,NO DEFECTS,NOT ON SCENE (DESK REPORT),NO INJURY / DRIVE AWAY,,,Y,"OVER $1,500",7/28/2023 20:00,FOLLOWING TOO CLOSELY,FOLLOWING TOO CLOSELY,1200,S,LAKE SHORE DR NB,132,,,,,,,2,NO INDICATION OF INJURY,0,0,0,0,0,2,0,14,6,7,41.86748423,-87.61915038,POINT (-87.619150383382 41.867484227164)
55678c22b32881c37c3e3bc394a9e2550dfda7dbdc1601a98de93ef21e010531d796e9c596f7dcffe246111faef571bc94dce10ec7d1875bc18327b83582e8ab,,,7/29/2023 11:30,30,NO CONTROLS,NO CONTROLS,CLEAR,DAYLIGHT,TURNING,CENTER TURN LANE,,STRAIGHT AND LEVEL,DRY,NO DEFECTS,ON SCENE,INJURY AND / OR TOW DUE TO CRASH,,,Y,"OVER $1,500",7/29/2023 11:31,FOLLOWING TOO CLOSELY,NOT APPLICABLE,12557,S,HALSTED ST,523,,N,,,,,2,NONINCAPACITATING INJURY,2,0,0,2,0,2,0,11,7,7,41.66521654,-87.64134047,POINT (-87.641340472618 41.66521654326)
f85d7030b49e8ab60c588bc8d973fac91cc261ad9135d89b879c6293b0522e1e273418e1f6f3a931b188e5372de0ea8c2153c603187e297c9bdbacb2f9e33a5e,,,7/28/2023 12:55,30,NO CONTROLS,NO CONTROLS,CLEAR,DAYLIGHT,REAR TO FRONT,NOT DIVIDED,,STRAIGHT AND LEVEL,DRY,NO DEFECTS,NOT ON SCENE (DESK REPORT),NO INJURY / DRIVE AWAY,,,,"OVER $1,500",7/28/2023 13:05,EQUIPMENT - VEHICLE CONDITION,UNABLE TO DETERMINE,4359,N,MELVINA AVE,1624,,,,,,,2,NO INDICATION OF INJURY,0,0,0,0,0,2,0,12,6,7,41.9601996,-87.78175739,POINT (-87.781757386663 41.960199598292)
e5bccc54552726dbffc300b9c4aeb0e98bb8cb92d88eee3b20499e526ae67632cb9764438405f080297392df4d568721b56326dcd62389e974f89a012bbaa914,,,7/29/2023 13:24,25,NO CONTROLS,NO CONTROLS,CLEAR,DAYLIGHT,REAR TO FRONT,TRAFFIC ROUTE,,STRAIGHT AND LEVEL,DRY,NO DEFECTS,NOT ON SCENE (DESK REPORT),NO INJURY / DRIVE AWAY,,,Y,"OVER $1,500",7/29/2023 14:15,IMPROPER BACKING,NOT APPLICABLE,6617,S,ST LAWRENCE AVE,321,,,,,,,2,NO INDICATION OF INJURY,0,0,0,0,0,2,0,13,7,7,41.77433395,-87.61051795,POINT (-87.610517951087 41.774333944784)
8d9c864c0c209c4901013bb3f2cb4dbe239c10a7e368dcd9442a69263b5bdf2f0dea50266c2022e6a3d14a6bec4118d297d6c9ae713ce1c74f7883086be3ee96,,,7/29/2023 12:50,30,TRAFFIC SIGNAL,FUNCTIONING PROPERLY,CLEAR,DAYLIGHT,ANGLE,NOT DIVIDED,,STRAIGHT AND LEVEL,DRY,NO DEFECTS,ON SCENE,INJURY AND / OR TOW DUE TO CRASH,Y,,,"OVER $1,500",7/29/2023 12:59,DISREGARDING TRAFFIC SIGNALS,NOT APPLICABLE,2298,W,CONGRESS PKWY,1225,,,,,,,2,NONINCAPACITATING INJURY,1,0,0,1,0,1,0,12,7,7,41.87506857,-87.6837715,POINT (-87.683771502756 41.875068572389)
2aa9adc53ea5112406ecec9d9a7af21d4973345a9420a259b5640e13e71d8ef233812bc23ee761261c8ab7001080d3626638acbe69fc488a95e23524da67ead3,,,7/28/2023 16:30,30,NO CONTROLS,NO CONTROLS,CLEAR,DAYLIGHT,SIDESWIPE SAME DIRECTION,NOT DIVIDED,,STRAIGHT AND LEVEL,DRY,NO DEFECTS,,NO INJURY / DRIVE AWAY,,,,"OVER $1,500",7/28/2023 17:10,IMPROPER OVERTAKING/PASSING,UNABLE TO DETERMINE,5543,N,HARLEM AVE,1613,,,,,,,2,NO INDICATION OF INJURY,0,0,0,0,0,3,0,16,6,7,41.9820879,-87.80679409,POINT (-87.8067940878 41.982087902725)
694a5a9f7527dae63075851f24afc13eccbf93c069b16d1c9cd013c9ee0bdd6c012fc7bf7dbf6c58296245cf49131932cf5611a1aa4871895b4e9cd170e19f49,,,7/29/2023 3:10,30,NO CONTROLS,NO CONTROLS,RAIN,"DARKNESS, LIGHTED ROAD",OTHER OBJECT,OTHER,,STRAIGHT AND LEVEL,WET,NO DEFECTS,ON SCENE,NO INJURY / DRIVE AWAY,,,,"OVER $1,500",7/29/2023 3:10,WEATHER,WEATHER,7353,S,HERMITAGE AVE,735,,,,,,,4,,,,,,,,,3,7,7,41.75967363,-87.66717862,POINT (-87.667178617169 41.759673630109)
7bd01ae5b19ef83ba815ea436e02654e5070ee7773fbe105a8b917a96ef960e86322dd448fc20e1be968259df93022e3fd02dcd4f396b690588cc9e412a9cde8,,,7/21/2023 18:30,30,OTHER,FUNCTIONING PROPERLY,CLEAR,DAYLIGHT,SIDESWIPE SAME DIRECTION,ONE-WAY,,STRAIGHT AND LEVEL,DRY,NO DEFECTS,NOT ON SCENE (DESK REPORT),NO INJURY / DRIVE AWAY,,,,"$501 - $1,500",7/21/2023 19:00,IMPROPER LANE USAGE,NOT APPLICABLE,313,W,LAKE ST,122,,,,,,,2,NO INDICATION OF INJURY,0,0,0,0,0,2,0,18,6,7,41.88562745,-87.63578698,POINT (-87.635786983858 41.885627452995)
c676f3661df82f054bbac002eb44da33486c77601d18dc2bc216faa9fa7c298d02823f2c5d6791aab369a3a566862d13936b880360b1afab23afb9346d1f761d,,,7/29/2023 15:24,30,TRAFFIC SIGNAL,FUNCTIONING PROPERLY,CLEAR,DAYLIGHT,ANGLE,NOT DIVIDED,,STRAIGHT AND LEVEL,DRY,NO DEFECTS,ON SCENE,INJURY AND / OR TOW DUE TO CRASH,,,Y,"OVER $1,500",7/29/2023 15:25,DRIVING ON WRONG SIDE/WRONG WAY,IMPROPER OVERTAKING/PASSING,6599,S,RICHARDS DR,331,,,,,,,2,INCAPACITATING INJURY,1,0,1,0,0,1,0,15,7,7,41.77675112,-87.57876699,POINT (-87.578766994336 41.776751118704)
d513546e5f9204eaed1c17949b22ce5cf61d5b706559b343e665853eb9747cd788e0749b8b81b41dcd7ea73818614aed657755bc62bfba0674fdc7904671f0fb,,,7/19/2023 15:00,30,UNKNOWN,UNKNOWN,UNKNOWN,UNKNOWN,PEDESTRIAN,DIVIDED - W/MEDIAN (NOT RAISED),,STRAIGHT AND LEVEL,UNKNOWN,UNKNOWN,NOT ON SCENE (DESK REPORT),INJURY AND / OR TOW DUE TO CRASH,,,Y,"$501 - $1,500",7/29/2023 10:20,UNABLE TO DETERMINE,UNABLE TO DETERMINE,1101,S,CANAL ST,124,,,,,,,2,NONINCAPACITATING INJURY,1,0,0,1,0,1,0,15,4,7,41.86888971,-87.63909893,POINT (-87.639098928088 41.868889711112)
6cdade156376eac275b619b42e603754cac1c47e6c913d323c710536e36737a4ded0e504c7160bf027f638a1720f1a4900d59410cbde25e55d06b6b7e8a037cf,,,7/29/2023 15:15,30,NO CONTROLS,NO CONTROLS,CLEAR,DAYLIGHT,SIDESWIPE SAME DIRECTION,T-INTERSECTION,,STRAIGHT AND LEVEL,DRY,NO DEFECTS,ON SCENE,INJURY AND / OR TOW DUE TO CRASH,,,,"OVER $1,500",7/29/2023 15:15,"VISION OBSCURED (SIGNS, TREE LIMBS, BUILDINGS, ETC.)",FAILING TO YIELD RIGHT-OF-WAY,4012,S,ARCHER AVE,921,,,,,,,2,NONINCAPACITATING INJURY,1,0,0,1,0,6,0,15,7,7,41.82091648,-87.6933473,POINT (-87.693347299498 41.820916477156)
ca91b77e3720e62a6a1c4d12da62eea299c104cbb916633abcb4cadb18d137dccd91bb238108543f12549432f0fd9e96f043cee66f28b261572f61de99e91ccc,,,7/21/2023 0:15,35,TRAFFIC SIGNAL,FUNCTIONING PROPERLY,CLEAR,DUSK,FIXED OBJECT,NOT DIVIDED,,STRAIGHT AND LEVEL,DRY,NO DEFECTS,NOT ON SCENE (DESK REPORT),INJURY AND / OR TOW DUE TO CRASH,Y,,N,"OVER $1,500",7/21/2023 0:15,UNABLE TO DETERMINE,UNABLE TO DETERMINE,6600,S,JEFFERY DR,331,,,,,,,1,NO INDICATION OF INJURY,0,0,0,0,0,1,0,0,6,7,41.77530752,-87.57531092,POINT (-87.575310917059 41.775307524011)
3a9ebb0f819e732c7d4ad3c06b269caec9b71f5671c59a6765205e10fde5585fdf49946443ac4a38149ab97b7e83b1209af846d57ddcc3937b26bcbbce0d69a3,,,7/28/2023 22:15,30,TRAFFIC SIGNAL,FUNCTIONING PROPERLY,RAIN,"DARKNESS, LIGHTED ROAD",ANGLE,FOUR WAY,,STRAIGHT AND LEVEL,WET,UNKNOWN,,INJURY AND / OR TOW DUE TO CRASH,Y,,N,"OVER $1,500",7/28/2023 22:15,DISREGARDING TRAFFIC SIGNALS,UNABLE TO DETERMINE,2400,W,PERSHING RD,911,,,,,,,2,INCAPACITATING INJURY,1,0,1,0,0,2,0,22,6,7,41.82309676,-87.68501895,POINT (-87.685018950616 41.823096760166)
ff94a9a732a25fba66c8e2286de00fbfd62d08325c914d7342b3e509005abe3a538a6a1d951de33d8a09a790a49aca250b1177ee7f537899e0985adac57e6850,,,7/27/2023 16:00,30,NO CONTROLS,NO CONTROLS,CLEAR,DAYLIGHT,SIDESWIPE SAME DIRECTION,ONE-WAY,,STRAIGHT AND LEVEL,DRY,NO DEFECTS,NOT ON SCENE (DESK REPORT),NO INJURY / DRIVE AWAY,,,,"OVER $1,500",7/28/2023 10:20,FAILING TO YIELD RIGHT-OF-WAY,FAILING TO REDUCE SPEED TO AVOID CRASH,2030,N,LEAVITT ST,1432,,,,,,,2,NO INDICATION OF INJURY,0,0,0,0,0,2,0,16,5,7,41.91858516,-87.68268958,POINT (-87.682689578929 41.918585163672)
4dff3f60f670eab8a238589f01a92d2fc9c2e57163bda45004f27ffbaffd1f12960fb9202f3941712da364d5550ece004607d908387b9433b123aaac6eb9c822,,,7/29/2023 14:45,20,NO CONTROLS,NO CONTROLS,CLEAR,DAYLIGHT,PARKED MOTOR VEHICLE,NOT DIVIDED,,STRAIGHT AND LEVEL,DRY,NO DEFECTS,NOT ON SCENE (DESK REPORT),NO INJURY / DRIVE AWAY,,,Y,"OVER $1,500",7/29/2023 16:25,UNABLE TO DETERMINE,UNABLE TO DETERMINE,1224,W,BRYN MAWR AVE,2013,,,,,,,2,NO INDICATION OF INJURY,0,0,0,0,0,1,0,14,7,7,41.98371798,-87.66105354,POINT (-87.66105353721 41.983717984141)
1fcf536ebe9cca17f19a477bf180ba6460b4b3e8564e5540d7473f61cdefdc13202e92729633dd0630b201e4d74fa8d5b85177b67793bcd027d3fc6acd07cc43,,,7/29/2023 12:06,30,TRAFFIC SIGNAL,FUNCTIONING PROPERLY,CLEAR,DAYLIGHT,ANGLE,FOUR WAY,,STRAIGHT AND LEVEL,DRY,NO DEFECTS,ON SCENE,INJURY AND / OR TOW DUE TO CRASH,Y,,,"OVER $1,500",7/29/2023 12:07,DISREGARDING TRAFFIC SIGNALS,FAILING TO YIELD RIGHT-OF-WAY,6100,S,AUSTIN AVE,812,,,,,,,2,FATAL,1,1,0,0,0,2,0,12,7,7,41.78143736,-87.77177777,POINT (-87.771777773659 41.781437357606)
1d31803d9cb957d4ef658d7d2403f439b92a4ba1059a3b05f63a369f18a26cbd2704673eadccea85c410a7ae894b856141f295b990a7e3f0d2ed28d13f75a8b5,,,7/29/2023 17:15,30,TRAFFIC SIGNAL,FUNCTIONING PROPERLY,CLEAR,DAYLIGHT,ANGLE,ONE-WAY,,STRAIGHT AND LEVEL,DRY,NO DEFECTS,NOT ON SCENE (DESK REPORT),NO INJURY / DRIVE AWAY,,,,"$501 - $1,500",7/29/2023 19:28,UNABLE TO DETERMINE,UNABLE TO DETERMINE,8700,S,LAFAYETTE AVE,634,,,,,,,2,NO INDICATION OF INJURY,0,0,0,0,0,2,0,17,7,7,41.73616511,-87.62558757,POINT (-87.625587568999 41.736165110086)
05de8a70d1ceb110907803131504c8f3a983dfaf1f2a960c1d2283d8d4763b0e6cb6c4591000751cc6d10a2435efd2a5aeefdac87c4c3ef67b712a8c13e1ca48,,Y,7/29/2023 14:45,20,NO CONTROLS,NO CONTROLS,UNKNOWN,UNKNOWN,PARKED MOTOR VEHICLE,NOT DIVIDED,,STRAIGHT AND LEVEL,UNKNOWN,NO DEFECTS,ON SCENE,NO INJURY / DRIVE AWAY,,,Y,"OVER $1,500",7/29/2023 14:58,UNABLE TO DETERMINE,NOT APPLICABLE,1622,N,KEATING AVE,2533,,,,,,,2,NO INDICATION OF INJURY,0,0,0,0,0,1,0,14,7,7,41.9103786,-87.74482173,POINT (-87.744821724517 41.910378596619)