CRASH_RECORD_ID,RD_NO,CRASH_DATE_EST_I,CRASH_DATE,POSTED_SPEED_LIMIT,TRAFFIC_CONTROL_DEVICE,DEVICE_CONDITION,WEATHER_CONDITION,LIGHTING_CONDITION,FIRST_CRASH_TYPE,TRAFFICWAY_TYPE,LANE_CNT,ALIGNMENT,ROADWAY_SURFACE_COND,ROAD_DEFECT,REPORT_TYPE,CRASH_TYPE,INTERSECTION_RELATED_I,NOT_RIGHT_OF_WAY_I,HIT_AND_RUN_I,DAMAGE,DATE_POLICE_NOTIFIED,PRIM_CONTRIBUTORY_CAUSE,SEC_CONTRIBUTORY_CAUSE,STREET_NO,STREET_DIRECTION,STREET_NAME,BEAT_OF_OCCURRENCE,PHOTOS_TAKEN_I,STATEMENTS_TAKEN_I,DOORING_I,WORK_ZONE_I,WORK_ZONE_TYPE,WORKERS_PRESENT_I,NUM_UNITS,MOST_SEVERE_INJURY,INJURIES_TOTAL,INJURIES_FATAL,INJURIES_INCAPACITATING,INJURIES_NON_INCAPACITATING,INJURIES_REPORTED_NOT_EVIDENT,INJURIES_NO_INDICATION,INJURIES_UNKNOWN,CRASH_HOUR,CRASH_DAY_OF_WEEK,CRASH_MONTH,LATITUDE,LONGITUDE,LOCATION
475d423b0671765a7e1eead83008141a716436b7046b9d1e85d9298fc36409335a2f3bd4d98d2b3a4ab42ad7b4361037b0a31139f8c456d014eb9522f3d087ea,,,7/29/2023 13:05,30,NO CONTROLS,NO CONTROLS,CLEAR,DAYLIGHT,REAR END,NOT DIVIDED,,STRAIGHT AND LEVEL,DRY,NO DEFECTS,NOT ON SCENE (DESK REPORT),NO INJURY / DRIVE AWAY,,,,"$501 - $1,500",7/29/2023 13:36,FOLLOWING TOO CLOSELY,FOLLOWING TOO CLOSELY,3821,W,LAWRENCE AVE,1723,,,,,,,2,NO INDICATION OF INJURY,0,0,0,0,0,2,0,13,7,7,41.96817439,-87.7240634,POINT (-87.724063403723 41.968174388672)
fe7b420cdbd270308e8875b3ea66c4a326330b081c2a3f459bfbfd17932d3b012c99c3a4f20de96c0ca266aa0aaf87993e023a0d26b1d99add1cc6b8803d16c0,,,7/29/2023 16:00,25,TRAFFIC SIGNAL,UNKNOWN,CLEAR,DAYLIGHT,ANGLE,OTHER,,STRAIGHT AND LEVEL,UNKNOWN,UNKNOWN,NOT ON SCENE (DESK REPORT),NO INJURY / DRIVE AWAY,,,,"OVER $1,500",7/29/2023 17:00,UNABLE TO DETERMINE,NOT APPLICABLE,7601,S,STATE ST,623,,,,,,,2,NO INDICATION OF INJURY,0,0,0,0,0,2,0,16,7,7,41.75640309,-87.62457652,POINT (-87.624576515698 41.756403092616)
862cd65b9024c20f116ea35c08011eb9a7404b65a6c88d1fd2ae1465ebbac680a28ea31a5b52588c1cc72b62a0e56dd14a32d5c35d472d422ffb8b55135401ac,,,7/24/2023 12:34,10,NO CONTROLS,NO CONTROLS,CLEAR,DAYLIGHT,REAR END,PARKING LOT,,STRAIGHT AND LEVEL,DRY,NO DEFECTS,NOT ON SCENE (DESK REPORT),NO INJURY / DRIVE AWAY,,,,"OVER $1,500",7/29/2023 15:35,DRIVING SKILLS/KNOWLEDGE/EXPERIENCE,NOT APPLICABLE,3201,W,26TH ST,1032,,,,,,,2,NO INDICATION OF INJURY,0,0,0,0,0,2,0,12,2,7,41.84440733,-87.70509985,POINT (-87.705099849405 41.844407330023)
1f4f22c5328e31fe1b93293a99c9b4efe03d3d2b5ca41940836a3e938a8b042b71de2a6fe9aef1ceffd0456b5368d187167aa7cd03ab7180eaa01d5c7c825e37,,Y,7/28/2023 12:30,35,TRAFFIC SIGNAL,FUNCTIONING PROPERLY,CLEAR,DAYLIGHT,TURNING,DIVIDED - W/MEDIAN (NOT RAISED),,STRAIGHT AND LEVEL,DRY,NO DEFECTS,NOT ON SCENE (DESK REPORT),NO INJURY / DRIVE AWAY,,,,"OVER $1,500",7/29/2023 17:48,DISREGARDING TRAFFIC SIGNALS,NOT APPLICABLE,346,E,95TH ST,633,,,,,,,2,NO INDICATION OF INJURY,0,0,0,0,0,3,0,12,6,7,41.72199187,-87.61470981,POINT (-87.614709812077 41.721991872532)
f4e9ece5f40ed23ed33c23439bdda338f9deac37487043d9980b2c2ab409b1aff5bcc32288c60b7199d50f1dffe281a4684663f41f2c62cf26b4968d7cc46dd2,,,7/29/2023 14:30,25,STOP SIGN/FLASHER,FUNCTIONING PROPERLY,CLEAR,DAYLIGHT,FIXED OBJECT,ONE-WAY,,STRAIGHT AND LEVEL,DRY,"RUT, HOLES",NOT ON SCENE (DESK REPORT),NO INJURY / DRIVE AWAY,Y,,,"OVER $1,500",7/29/2023 18:00,ROAD CONSTRUCTION/MAINTENANCE,NOT APPLICABLE,900,N,LAWLER AVE,1531,N,,,,,,1,NO INDICATION OF INJURY,0,0,0,0,0,1,0,14,7,7,41.89687064,-87.7521229,POINT (-87.752122904478 41.896870641009)
af47c1299fd7461435c30100705f59a32242122147782759e7d2322fc3480e4421b8c95279779fb76b3f05775755efa1edef6bf1225379c4fa7e762d41b982c5,,Y,7/29/2023 6:00,35,TRAFFIC SIGNAL,FUNCTIONING PROPERLY,UNKNOWN,UNKNOWN,PARKED MOTOR VEHICLE,NOT DIVIDED,,STRAIGHT AND LEVEL,UNKNOWN,UNKNOWN,ON SCENE,INJURY AND / OR TOW DUE TO CRASH,,,Y,"OVER $1,500",7/29/2023 10:41,UNABLE TO DETERMINE,UNABLE TO DETERMINE,2601,N,LARAMIE AVE,2521,,,,,,,2,NO INDICATION OF INJURY,0,0,0,0,0,1,0,6,7,7,41.92782654,-87.75613719,POINT (-87.756137185972 41.92782653862)
e0b03dc834b4100f9d625ca659984193d6fd5544974bfeb534baf98e7b946c871db032b0acaf147f14043d1ad190e152ee25f80c1192c3ee5f07883c372808e9,,,7/29/2023 12:35,30,NO CONTROLS,NO CONTROLS,CLEAR,DAYLIGHT,ANGLE,PARKING LOT,,STRAIGHT AND LEVEL,UNKNOWN,UNKNOWN,NOT ON SCENE (DESK REPORT),NO INJURY / DRIVE AWAY,,,,"OVER $1,500",7/29/2023 13:10,UNABLE TO DETERMINE,UNABLE TO DETERMINE,4555,W,NORTH AVE,2533,,,,,,,2,NO INDICATION OF INJURY,0,0,0,0,0,2,0,12,7,7,41.90958301,-87.74073549,POINT (-87.740735490088 41.909583010456)
f71871c4a538d4cf1ad53acfce160666cdd73d4a94702f3de58a12d9241812e8a971a39cd0d391562877cdbab00089defb01f1c471b75b2041161832ee1e8e55,,,7/29/2023 8:30,30,NO CONTROLS,NO CONTROLS,CLEAR,DAYLIGHT,REAR END,NOT DIVIDED,,STRAIGHT AND LEVEL,DRY,NO DEFECTS,NOT ON SCENE (DESK REPORT),NO INJURY / DRIVE AWAY,,,Y,"OVER $1,500",7/29/2023 9:46,UNABLE TO DETERMINE,NOT APPLICABLE,100,E,63RD ST,311,,,,,,,2,NO INDICATION OF INJURY,0,0,0,0,0,3,0,8,7,7,41.78014675,-87.62190091,POINT (-87.621900909245 41.780146746557)
beda03a62df8d4441bda56635ba3ec04543e17a4ef1b618d4eb8c2518028bfb0ead24804bdcffed585c3f6ee643ff5e0119832325f674ccc01c1154812c67ee9,,,7/29/2023 0:08,30,NO CONTROLS,NO CONTROLS,RAIN,"DARKNESS, LIGHTED ROAD",TURNING,FOUR WAY,,STRAIGHT AND LEVEL,WET,NO DEFECTS,ON SCENE,INJURY AND / OR TOW DUE TO CRASH,Y,,,"OVER $1,500",7/29/2023 0:08,IMPROPER TURNING/NO SIGNAL,UNABLE TO DETERMINE,9500,S,LOWE AVE,2223,,,,,,,2,NO INDICATION OF INJURY,0,0,0,0,0,5,0,0,7,7,41.72141469,-87.63971627,POINT (-87.639716267665 41.721414690478)
32b9afb3f12ed5ecc58927d121243655d18ace2a4fa6e6497f78fcea60bae77385511ff897fba64e1d30a8a4cc0799ca078b2580a67cb3d778bc57328f9d7c6f,,Y,7/29/2023 19:10,30,NO CONTROLS,FUNCTIONING PROPERLY,CLEAR,DAYLIGHT,REAR END,DIVIDED - W/MEDIAN (NOT RAISED),,STRAIGHT AND LEVEL,DRY,NO DEFECTS,ON SCENE,INJURY AND / OR TOW DUE TO CRASH,,,,$500 OR LESS,7/29/2023 19:13,DISTRACTION - FROM INSIDE VEHICLE,UNABLE TO DETERMINE,4218,N,CICERO AVE,1624,,,,,,,2,"REPORTED, NOT EVIDENT",2,0,0,0,2,1,0,19,7,7,41.95768164,-87.7475831,POINT (-87.747583101788 41.957681642896)
000ececd00a4474d1abebf13221e4a97efd79a0322f117291716ebdf7ca262078f19ed6166ef24b34fc5cb07ae8dfedb7e74a40b85649a4a86da7b4bb08692e8,,,7/29/2023 11:40,30,NO CONTROLS,NO CONTROLS,CLEAR,DAYLIGHT,TURNING,NOT DIVIDED,,STRAIGHT AND LEVEL,DRY,NO DEFECTS,ON SCENE,NO INJURY / DRIVE AWAY,,,,"OVER $1,500",7/29/2023 11:43,FAILING TO YIELD RIGHT-OF-WAY,NOT APPLICABLE,804,N,KEDZIE AVE,1121,,,,,,,2,NO INDICATION OF INJURY,0,0,0,0,0,2,0,11,7,7,41.89574451,-87.70670957,POINT (-87.706709567706 41.895744504664)
8ae73a94eebfe34795aa62082ce49eb8d2ae7d499eeedf267b29d2486fa9fb9834fb4516c9b557039bcd340bbc7f23c300a90a49fc482577a279200d43f1a56d,,,7/29/2023 11:00,30,NO CONTROLS,NO CONTROLS,CLEAR,DAYLIGHT,PARKED MOTOR VEHICLE,DIVIDED - W/MEDIAN (NOT RAISED),,STRAIGHT AND LEVEL,DRY,NO DEFECTS,ON SCENE,NO INJURY / DRIVE AWAY,,,,$500 OR LESS,7/29/2023 11:00,NOT APPLICABLE,NOT APPLICABLE,6154,N,BROADWAY,2433,,,,,,,2,NO INDICATION OF INJURY,0,0,0,0,0,3,0,11,7,7,41.99386218,-87.66053327,POINT (-87.660533267204 41.993862180611)
7d8b9336e0c0cee3fd613c30bd2b558b7d821f37fb2eb8bdfdefb5ac8ccfffac55f389e159547eba951f6ffac7b8e8b07e4b18243259dae950fd6c8b34ab0fec,,,7/25/2023 11:15,25,STOP SIGN/FLASHER,FUNCTIONING PROPERLY,CLEAR,DAYLIGHT,ANGLE,FOUR WAY,,STRAIGHT AND LEVEL,DRY,NO DEFECTS,ON SCENE,INJURY AND / OR TOW DUE TO CRASH,Y,,,"OVER $1,500",7/25/2023 11:49,DISREGARDING STOP SIGN,FAILING TO REDUCE SPEED TO AVOID CRASH,9000,S,PAULINA ST,2221,,,,,,,2,NO INDICATION OF INJURY,0,0,0,0,0,3,0,11,3,7,41.73018959,-87.66547624,POINT (-87.665476241081 41.730189589961)
aefa0da7260cf7990e85db458dd427f0026b04f73d7d789fb73684d0e83d594be08c3479d89f2e67bd49e646480dbb173bfdd537f58fd1d5de319492781a2205,,,7/29/2023 5:15,30,TRAFFIC SIGNAL,FUNCTIONING PROPERLY,CLEAR,"DARKNESS, LIGHTED ROAD",PARKED MOTOR VEHICLE,DIVIDED - W/MEDIAN (NOT RAISED),,STRAIGHT AND LEVEL,WET,NO DEFECTS,ON SCENE,INJURY AND / OR TOW DUE TO CRASH,,,Y,"OVER $1,500",7/29/2023 5:16,UNABLE TO DETERMINE,UNABLE TO DETERMINE,3699,W,DIVISION ST,1112,,,,,,,2,"REPORTED, NOT EVIDENT",1,0,0,0,1,1,0,5,7,7,41.90262489,-87.71893484,POINT (-87.718934837204 41.902624889105)
fb8db9d10a7c8e9acedc9f6e771b2841c8c7d2283dc76189f33c240b5d8d1c7428d433f1c1af1e00906fe4615fe28595555116e4843183ddd8819879cd06f7a3,,,7/28/2023 18:30,30,TRAFFIC SIGNAL,FUNCTIONING PROPERLY,CLEAR,DAYLIGHT,REAR END,NOT DIVIDED,,STRAIGHT AND LEVEL,DRY,NO DEFECTS,NOT ON SCENE (DESK REPORT),NO INJURY / DRIVE AWAY,,,,"$501 - $1,500",7/29/2023 11:00,FAILING TO REDUCE SPEED TO AVOID CRASH,UNABLE TO DETERMINE,3901,S,WESTERN BLVD,924,,,,,,,2,NO INDICATION OF INJURY,0,0,0,0,0,2,0,18,6,7,41.82297176,-87.68409149,POINT (-87.684091488963 41.822971755347)
b810fda649eb40f38bc55fe5d31e4982f4d5e2b0b6ebbf1344c957da5d625fb71e2b7e9520430269ee052af0e7109f50f8301f780622f08f890c8402cb3f59da,,Y,7/29/2023 16:11,30,TRAFFIC SIGNAL,FUNCTIONING PROPERLY,CLEAR,DAYLIGHT,REAR END,DIVIDED - W/MEDIAN (NOT RAISED),,STRAIGHT AND LEVEL,DRY,NO DEFECTS,NOT ON SCENE (DESK REPORT),INJURY AND / OR TOW DUE TO CRASH,,,,"$501 - $1,500",7/29/2023 16:37,FAILING TO REDUCE SPEED TO AVOID CRASH,FAILING TO REDUCE SPEED TO AVOID CRASH,1599,N,CICERO AVE,2533,,Y,,,,,2,NONINCAPACITATING INJURY,1,0,0,1,0,3,0,16,7,7,41.90953467,-87.74596768,POINT (-87.745967679057 41.909534669935)
4491394fc6e5a9f0a789f47761aa900cdc542beda8940971c08a7d631db9be30e52db742d0fba588c4d484816e69c3a91716123b1f8147a5240c82405deff259,,,7/29/2023 4:25,30,NO CONTROLS,NO CONTROLS,CLEAR,DARKNESS,PARKED MOTOR VEHICLE,NOT DIVIDED,,STRAIGHT AND LEVEL,WET,NO DEFECTS,NOT ON SCENE (DESK REPORT),NO INJURY / DRIVE AWAY,,,,"OVER $1,500",7/29/2023 5:50,UNABLE TO DETERMINE,NOT APPLICABLE,8945,S,BLACKSTONE AVE,413,,,,,,,2,NO INDICATION OF INJURY,0,0,0,0,0,1,0,4,7,7,41.73190259,-87.58787859,POINT (-87.587878586438 41.731902592291)
9b545fc6139fb59ac46b576b1452015a021f2ff939b5bcc3395fe478f7c15d58d18237e73c50e2184dbbeaaff825fefa67f4c7368af0af6d5233d1352793e253,,,7/29/2023 17:00,35,NO CONTROLS,NO CONTROLS,CLEAR,DAYLIGHT,ANGLE,UNKNOWN INTERSECTION TYPE,,STRAIGHT AND LEVEL,DRY,NO DEFECTS,ON SCENE,NO INJURY / DRIVE AWAY,Y,,,$500 OR LESS,7/29/2023 17:00,UNABLE TO DETERMINE,NOT APPLICABLE,3722,W,110TH ST,2211,,,,,,,2,NO INDICATION OF INJURY,0,0,0,0,0,2,0,17,7,7,41.69329912,-87.71410328,POINT (-87.714103282164 41.693299122009)
ca04d7fc90d29b9eedeec6041c23e0435231d70003fedff2a689ae8f06d16dc6c77b7810133df8a2a512231d481fbf543aa0b8a676c7ab9103447493b5d9dc1b,,,7/29/2023 9:32,30,NO CONTROLS,NO CONTROLS,CLEAR,DAYLIGHT,OTHER OBJECT,OTHER,,STRAIGHT AND LEVEL,DRY,NO DEFECTS,ON SCENE,INJURY AND / OR TOW DUE TO CRASH,,,,"OVER $1,500",7/29/2023 9:37,PHYSICAL CONDITION OF DRIVER,UNABLE TO DETERMINE,6036,S,WESTERN AVE,825,,,,,,,1,NO INDICATION OF INJURY,0,0,0,0,0,1,0,9,7,7,41.78362221,-87.68390895,POINT (-87.68390894838 41.783622211912)
72585b382f556c2152dd4f3f4bb25b921415840a0790422f30ca157d21d88d388b9f4f01632aa2a629a78fd75f4437dd137ad9f166d7b08098dbd612acc7188c,,Y,7/28/2023 20:00,30,STOP SIGN/FLASHER,FUNCTIONING PROPERLY,CLEAR,UNKNOWN,PARKED MOTOR VEHICLE,ONE-WAY,,STRAIGHT AND LEVEL,DRY,NO DEFECTS,ON SCENE,NO INJURY / DRIVE AWAY,,,Y,"OVER $1,500",7/28/2023 22:00,NOT APPLICABLE,NOT APPLICABLE,930,W,LAKESIDE PL,1914,,,,,,,2,NO INDICATION OF INJURY,0,0,0,0,0,1,0,20,6,7,41.96831237,-87.65376834,POINT (-87.653768342034 41.968312373865)
5d9c5e989db1c783a5b6e9b78550ae8151031603f5fb0580b3c1aa31e984bf8006349da85184e864b6b6a2ba130cd8da8eae38087f1931d42a5086ea732162ab,,,7/28/2023 21:20,30,NO CONTROLS,NO CONTROLS,CLEAR,"DARKNESS, LIGHTED ROAD",TURNING,NOT DIVIDED,,STRAIGHT AND LEVEL,DRY,NO DEFECTS,NOT ON SCENE (DESK REPORT),NO INJURY / DRIVE AWAY,,,Y,"OVER $1,500",7/28/2023 21:25,UNABLE TO DETERMINE,UNABLE TO DETERMINE,2702,S,KEDZIE AVE,1032,,,,,,,2,NO INDICATION OF INJURY,0,0,0,0,0,2,0,21,6,7,41.84254605,-87.70512571,POINT (-87.705125712425 41.842546053966)
48badd9bda2d6c7e7ea0192accf935f1bbcf12e81145fe3d9b502bfc0cf8f94abc53095896a5281a4091a2da245b555b86a310ce162c97487c4a762bd39db80d,,,7/28/2023 9:00,30,NO CONTROLS,NO CONTROLS,CLEAR,DAYLIGHT,PARKED MOTOR VEHICLE,DIVIDED - W/MEDIAN (NOT RAISED),,STRAIGHT AND LEVEL,DRY,NO DEFECTS,ON SCENE,NO INJURY / DRIVE AWAY,,,Y,"OVER $1,500",7/28/2023 12:51,UNABLE TO DETERMINE,UNABLE TO DETERMINE,2325,N,SACRAMENTO AVE,1414,,,,,,,2,NO INDICATION OF INJURY,0,0,0,0,0,1,0,9,6,7,41.92408298,-87.70215437,POINT (-87.702154369429 41.924082978282)
1bd8b8eb129a15912fd886b4ee920d9b461dfa5e04bccf5c8f159c5b6f471d6cb6c054d9bc94db0534ceb7958710de82e17bd83555651ee6e597213ba59d05cc,,,7/25/2023 13:10,30,TRAFFIC SIGNAL,FUNCTIONING PROPERLY,CLEAR,DAYLIGHT,TURNING,DIVIDED - W/MEDIAN (NOT RAISED),,STRAIGHT ON HILLCREST,DRY,NO DEFECTS,ON SCENE,NO INJURY / DRIVE AWAY,,,Y,"$501 - $1,500",7/25/2023 13:20,UNABLE TO DETERMINE,UNABLE TO DETERMINE,399,S,ASHLAND AVE,1231,,,,,,,2,NO INDICATION OF INJURY,0,0,0,0,0,2,0,13,3,7,41.87639141,-87.66651864,POINT (-87.666518634825 41.87639141306)
1f43b20fe412270c253a28c3f6e3948f73877ae61b257c9a850617e18471b73f177e3aff1b10f96f72b924d07bfe7113b7bc03f77b47f6de54713ea22b901a5b,,,7/28/2023 23:30,30,TRAFFIC SIGNAL,FUNCTIONING PROPERLY,RAIN,"DARKNESS, LIGHTED ROAD",SIDESWIPE SAME DIRECTION,NOT DIVIDED,,STRAIGHT AND LEVEL,WET,NO DEFECTS,NOT ON SCENE (DESK REPORT),NO INJURY / DRIVE AWAY,,,,"OVER $1,500",7/28/2023 23:40,UNABLE TO DETERMINE,UNABLE TO DETERMINE,1602,N,LA SALLE DR,1814,,,,,,,2,NO INDICATION OF INJURY,0,0,0,0,0,5,0,23,6,7,41.91130231,-87.63330048,POINT (-87.633300483297 41.911302312171)
e09d7fe8fcd9366dc5e2391fa534c3bb3b7d533e28ad5be26f0541e88630f6d72adbc31b3cdc71bb1e98fe315d6de01c155902ce8d0ed91fd6f904f9a886543a,,,7/29/2023 17:30,30,TRAFFIC SIGNAL,FUNCTIONING PROPERLY,CLEAR,DAYLIGHT,REAR END,FOUR WAY,,STRAIGHT AND LEVEL,DRY,NO DEFECTS,NOT ON SCENE (DESK REPORT),NO INJURY / DRIVE AWAY,,,,"OVER $1,500",7/29/2023 23:00,UNABLE TO DETERMINE,UNABLE TO DETERMINE,4401,W,31ST ST,1031,,,,,,,2,NO INDICATION OF INJURY,0,0,0,0,0,2,0,17,7,7,41.83629895,-87.73418334,POINT (-87.734183335179 41.836298948934)
83680a88199d30fffb9a6fe05f4aaf2fcc55689c5eafa7872f5d9ffad35466df40a7df520ec51cfd6090b0a811a5b3db06ba8f72cc052e04cb4935605bd4839e,,Y,7/28/2023 15:23,30,NO CONTROLS,NO CONTROLS,CLEAR,DAYLIGHT,PARKED MOTOR VEHICLE,NOT DIVIDED,,STRAIGHT AND LEVEL,DRY,NO DEFECTS,ON SCENE,NO INJURY / DRIVE AWAY,,,Y,"OVER $1,500",7/28/2023 15:23,IMPROPER TURNING/NO SIGNAL,IMPROPER TURNING/NO SIGNAL,7241,W,HOWARD ST,1611,Y,,,,,,2,NO INDICATION OF INJURY,0,0,0,0,0,1,0,15,6,7,42.01881811,-87.80816356,POINT (-87.808163559269 42.018818104638)
282b28c6cdbac8e121c92f2af678b92ea3cf017d925df1318a45cc6a32a9bb61514bf920b54a13cc98cd9f81b83767d437a4c4f51b5f6e1d6f869d2b2a0fbb79,,,7/26/2023 16:51,30,TRAFFIC SIGNAL,FUNCTIONING PROPERLY,CLEAR,DAYLIGHT,ANGLE,FOUR WAY,,STRAIGHT AND LEVEL,DRY,NO DEFECTS,ON SCENE,INJURY AND / OR TOW DUE TO CRASH,Y,,,"OVER $1,500",7/26/2023 17:00,DISREGARDING TRAFFIC SIGNALS,UNABLE TO DETERMINE,9300,S,WOODLAWN AVE,413,,,,,,,2,NO INDICATION OF INJURY,0,0,0,0,0,2,0,16,4,7,41.72575631,-87.59501964,POINT (-87.595019639334 41.725756306594)
514d459c38f7ea3ed0a92e72399f9bb6b0e7b9181bdfca404e12eeb4b5c0532c739876a47fa6566646ecb194bb420d3eac10e027cdb28e6b0fb7e53f306ccd25,,,7/29/2023 10:45,30,NO CONTROLS,NO CONTROLS,CLEAR,DAYLIGHT,TURNING,ONE-WAY,,STRAIGHT AND LEVEL,DRY,NO DEFECTS,NOT ON SCENE (DESK REPORT),NO INJURY / DRIVE AWAY,,,,"OVER $1,500",7/29/2023 11:40,UNABLE TO DETERMINE,UNABLE TO DETERMINE,5502,S,HOMAN AVE,822,,,,,,,2,NO INDICATION OF INJURY,0,0,0,0,0,2,0,10,7,7,41.79329165,-87.70860106,POINT (-87.708601060874 41.793291653431)
a7d893f397705df498f06523e901d1bc434efe6f3815d865cc8d45aa36830220dd50927a11f6db774bd11c6388021db8a3671e0ae66c9f7cbf09fea2841c635f,,,7/28/2023 19:30,30,NO CONTROLS,NO CONTROLS,UNKNOWN,DAYLIGHT,REAR END,NOT DIVIDED,,STRAIGHT AND LEVEL,UNKNOWN,UNKNOWN,NOT ON SCENE (DESK REPORT),INJURY AND / OR TOW DUE TO CRASH,,,,"OVER $1,500",7/29/2023 13:00,FOLLOWING TOO CLOSELY,NOT APPLICABLE,2700,N,CLYBOURN AVE,1931,,,,,,,2,NONINCAPACITATING INJURY,1,0,0,1,0,1,0,19,6,7,41.93006216,-87.67576274,POINT (-87.675762738581 41.930062161585)
e58221a4c5e087e6ed3437cf1a8ed001d174ccd362c3c7761cb93c81230bdf9a50db364c1ccdad2d084867c7e0cf8ef01eeb0da04313086c6010cfe42a57fa8a,,,7/29/2023 15:20,20,NO CONTROLS,NO CONTROLS,CLEAR,DAYLIGHT,SIDESWIPE OPPOSITE DIRECTION,NOT DIVIDED,,STRAIGHT AND LEVEL,DRY,NO DEFECTS,NOT ON SCENE (DESK REPORT),NO INJURY / DRIVE AWAY,,,Y,"$501 - $1,500",7/29/2023 15:45,UNABLE TO DETERMINE,NOT APPLICABLE,1315,W,GRANVILLE AVE,2433,,,,,,,2,NO INDICATION OF INJURY,0,0,0,0,0,2,0,15,7,7,41.99440859,-87.66349975,POINT (-87.663499749955 41.994408594454)
f01789e3bf3f3d85a30649c11d036ceecf71c5edbb71edc67946982b8d58fe60997cbf53afcca58fda5300599b80f126ec13141b52fa62b569fb23f9b6e67f25,,,7/28/2023 16:05,30,TRAFFIC SIGNAL,FUNCTIONING IMPROPERLY,CLEAR,DAYLIGHT,REAR END,DIVIDED - W/MEDIAN (NOT RAISED),,STRAIGHT AND LEVEL,DRY,NO DEFECTS,NOT ON SCENE (DESK REPORT),INJURY AND / OR TOW DUE TO CRASH,Y,,Y,"OVER $1,500",7/28/2023 20:09,FOLLOWING TOO CLOSELY,UNABLE TO DETERMINE,6500,S,ASHLAND AVE,725,,,,,,,2,"REPORTED, NOT EVIDENT",1,0,0,0,1,1,0,16,6,7,41.77573893,-87.66426411,POINT (-87.66426410929 41.775738933736)
b5e7908a1c7880e6712c5567dac814a687a58462406a434e2ec53208617f3275d20da218254744f063c48f372becfa22288112fa151450cabb0848a0ba94e601,,,7/28/2023 14:20,30,NO CONTROLS,NO CONTROLS,CLEAR,DAYLIGHT,REAR END,NOT DIVIDED,,STRAIGHT AND LEVEL,DRY,NO DEFECTS,NOT ON SCENE (DESK REPORT),INJURY AND / OR TOW DUE TO CRASH,,,,"OVER $1,500",7/28/2023 15:10,UNABLE TO DETERMINE,NOT APPLICABLE,2940,W,GRAND AVE,1211,,,,,,,3,"REPORTED, NOT EVIDENT",1,0,0,0,1,2,0,14,6,7,41.89601314,-87.70055867,POINT (-87.700558667107 41.896013135975)
f6672075f64488f3d20ae673fcf5032b7efc0b84798034c85866282a286322eaaf1cb5a21d76e6e597c40d27df3d08b2ff9e27a3016215666d5c38ddc26111a6,,,7/28/2023 16:00,30,TRAFFIC SIGNAL,FUNCTIONING PROPERLY,CLEAR,DAYLIGHT,SIDESWIPE SAME DIRECTION,NOT DIVIDED,,STRAIGHT AND LEVEL,DRY,NO DEFECTS,NOT ON SCENE (DESK REPORT),NO INJURY / DRIVE AWAY,,,,"$501 - $1,500",7/29/2023 10:20,IMPROPER OVERTAKING/PASSING,NOT APPLICABLE,5982,N,CENTRAL AVE,1621,,,,,,,2,NO INDICATION OF INJURY,0,0,0,0,0,2,0,16,6,7,41.99076989,-87.76618876,POINT (-87.766188760532 41.990769890992)
6a9f3c7195348f068e64139dd6aaea213a4e634c92ffc022d8fa82a378dccb30ab1c052ba8d355cd8d122ed217fb487cad5c4d697ebbc13e4f6b3f3c043d9281,,,7/29/2023 15:00,25,NO CONTROLS,NO CONTROLS,CLEAR,DAYLIGHT,REAR END,NOT DIVIDED,,STRAIGHT AND LEVEL,DRY,NO DEFECTS,NOT ON SCENE (DESK REPORT),NO INJURY / DRIVE AWAY,,,,"OVER $1,500",7/29/2023 15:30,FAILING TO REDUCE SPEED TO AVOID CRASH,NOT APPLICABLE,2830,N,CENTRAL PARK AVE,2523,,,,,,,2,NO INDICATION OF INJURY,0,0,0,0,0,2,0,15,7,7,41.93287205,-87.71736141,POINT (-87.717361412447 41.932872045913)
182bae2048132e82f7a1bb87b15ab28a94f0f3842721aa40c7e46ded881565409d242e4ca99e06776fca737dfd12ca22c7246d29b7daca2a1209446bdac40492,,,7/27/2023 21:55,30,NO CONTROLS,NO CONTROLS,CLEAR,"DARKNESS, LIGHTED ROAD",REAR END,DIVIDED - W/MEDIAN (NOT RAISED),,STRAIGHT AND LEVEL,DRY,NO DEFECTS,NOT ON SCENE (DESK REPORT),NO INJURY / DRIVE AWAY,,,Y,"OVER $1,500",7/27/2023 22:03,FOLLOWING TOO CLOSELY,DRIVING SKILLS/KNOWLEDGE/EXPERIENCE,1212,W,ROOSEVELT RD,1231,,,,,,,2,NO INDICATION OF INJURY,0,0,0,0,0,2,0,21,5,7,41.86709739,-87.65725159,POINT (-87.657251591543 41.867097391602)
984c5f504cc3e1402baeee91a4e87e631bb02528f944b092460650ab018517a057784a05b522b2bd7ab04cd88d35cb33fcdae7e2212b86079740a417f36fcd0d,,,7/27/2023 22:30,30,NO CONTROLS,NO CONTROLS,UNKNOWN,DARKNESS,FIXED OBJECT,DIVIDED - W/MEDIAN (NOT RAISED),,STRAIGHT AND LEVEL,UNKNOWN,"RUT, HOLES",NOT ON SCENE (DESK REPORT),NO INJURY / DRIVE AWAY,,,,"OVER $1,500",7/29/2023 14:40,ROAD ENGINEERING/SURFACE/MARKING DEFECTS,ROAD ENGINEERING/SURFACE/MARKING DEFECTS,4710,W,GRAND AVE,2533,,,,,,,1,NO INDICATION OF INJURY,0,0,0,0,0,1,0,22,5,7,41.91319965,-87.74386583,POINT (-87.743865829489 41.913199649387)