CRASH_RECORD_ID,RD_NO,CRASH_DATE_EST_I,CRASH_DATE,POSTED_SPEED_LIMIT,TRAFFIC_CONTROL_DEVICE,DEVICE_CONDITION,WEATHER_CONDITION,LIGHTING_CONDITION,FIRST_CRASH_TYPE,TRAFFICWAY_TYPE,LANE_CNT,ALIGNMENT,ROADWAY_SURFACE_COND,ROAD_DEFECT,REPORT_TYPE,CRASH_TYPE,INTERSECTION_RELATED_I,NOT_RIGHT_OF_WAY_I,HIT_AND_RUN_I,DAMAGE,DATE_POLICE_NOTIFIED,PRIM_CONTRIBUTORY_CAUSE,SEC_CONTRIBUTORY_CAUSE,STREET_NO,STREET_DIRECTION,STREET_NAME,BEAT_OF_OCCURRENCE,PHOTOS_TAKEN_I,STATEMENTS_TAKEN_I,DOORING_I,WORK_ZONE_I,WORK_ZONE_TYPE,WORKERS_PRESENT_I,NUM_UNITS,MOST_SEVERE_INJURY,INJURIES_TOTAL,INJURIES_FATAL,INJURIES_INCAPACITATING,INJURIES_NON_INCAPACITATING,INJURIES_REPORTED_NOT_EVIDENT,INJURIES_NO_INDICATION,INJURIES_UNKNOWN,CRASH_HOUR,CRASH_DAY_OF_WEEK,CRASH_MONTH,LATITUDE,LONGITUDE,LOCATION
2eb0630a38862dce531daf688e97b607217792eaddd7d25d328cafc895bee688bc34aaa010ab1407a39a0f1b71379ee8638606d845d2d85be5e4457ffbe5e5a4,,,7/28/2023 11:15,30,TRAFFIC SIGNAL,FUNCTIONING PROPERLY,CLEAR,DAYLIGHT,REAR END,DIVIDED - W/MEDIAN (NOT RAISED),,STRAIGHT AND LEVEL,DRY,NO DEFECTS,ON SCENE,NO INJURY / DRIVE AWAY,,,,"OVER $1,500",7/28/2023 11:19,FOLLOWING TOO CLOSELY,UNABLE TO DETERMINE,2012,N,ELSTON AVE,1432,,,,,,,2,NO INDICATION OF INJURY,0,0,0,0,0,2,0,11,6,7,41.91819419,-87.66791139,POINT (-87.667911389756 41.918194185733)
a5bef6ddfbae5693f5dac648ae5707f3d6e50b4b54976b964fb9bd95901f39842d25542f641ae243433f9bd03cc9f134f12cdfc6873085622925c98abfc50583,,,7/29/2023 15:00,30,STOP SIGN/FLASHER,FUNCTIONING PROPERLY,CLEAR,DAYLIGHT,ANGLE,FOUR WAY,,STRAIGHT AND LEVEL,DRY,NO DEFECTS,NOT ON SCENE (DESK REPORT),NO INJURY / DRIVE AWAY,Y,,,$500 OR LESS,7/29/2023 15:38,FAILING TO YIELD RIGHT-OF-WAY,NOT APPLICABLE,2500,S,HOMAN AVE,1024,,,,,,,2,NO INDICATION OF INJURY,0,0,0,0,0,3,0,15,7,7,41.8461677,-87.71010254,POINT (-87.710102540118 41.846167696937)
8061ed06d8ba7df037f88e5a0737f21293a76807835784a2096b157cfb707923e6d300c269853ec53ffbd2f599891066779eb390a0a53b055994fb785fedf937,,,7/29/2023 9:45,30,NO CONTROLS,NO CONTROLS,CLEAR,DAYLIGHT,PARKED MOTOR VEHICLE,PARKING LOT,,STRAIGHT AND LEVEL,DRY,NO DEFECTS,NOT ON SCENE (DESK REPORT),NO INJURY / DRIVE AWAY,,,,"OVER $1,500",7/29/2023 10:18,UNABLE TO DETERMINE,NOT APPLICABLE,8700,S,COTTAGE GROVE AVE,632,,,,,,,2,NO INDICATION OF INJURY,0,0,0,0,0,2,0,9,7,7,41.73660156,-87.6049681,POINT (-87.604968100168 41.736601558476)
135fb8b6209f22103e680c2d4c89505a07801400b122e38eeb4146d3a4236527077a60d2fb3ade22e8a8fe3430febb260484823f9d674625bbd433ffadab89ed,,Y,7/29/2023 0:01,30,NO CONTROLS,NO CONTROLS,CLEAR,DARKNESS,PARKED MOTOR VEHICLE,NOT DIVIDED,,STRAIGHT AND LEVEL,DRY,NO DEFECTS,ON SCENE,NO INJURY / DRIVE AWAY,,,Y,"$501 - $1,500",7/29/2023 8:30,IMPROPER LANE USAGE,NOT APPLICABLE,2834,E,78TH ST,421,,,,,,,2,NO INDICATION OF INJURY,0,0,0,0,0,1,0,0,7,7,41.75379558,-87.55569093,POINT (-87.555690933478 41.753795582264)
60228cfa60fc12d5e9d2af32785f70baf75ff050b1e6bf273e2af9293cb98ef44a92c3a5fd4b65417a96f529a5a2d867f847e4d2d17d3abe5fe01b3021b4f6bd,,,7/28/2023 21:52,30,TRAFFIC SIGNAL,FUNCTIONING PROPERLY,CLOUDY/OVERCAST,"DARKNESS, LIGHTED ROAD",REAR END,DIVIDED - W/MEDIAN (NOT RAISED),,STRAIGHT AND LEVEL,WET,NO DEFECTS,NOT ON SCENE (DESK REPORT),INJURY AND / OR TOW DUE TO CRASH,Y,,,"$501 - $1,500",7/29/2023 18:38,FAILING TO REDUCE SPEED TO AVOID CRASH,UNABLE TO DETERMINE,9500,S,ASHLAND AVE,2213,,,,,,,2,"REPORTED, NOT EVIDENT",1,0,0,0,1,2,0,21,6,7,41.72116061,-87.66282814,POINT (-87.662828139392 41.721160612052)
7600f18e44d9112ec0f04b76346392c7317a87f809f25aaac708ec813003058e815f84ba6cd79d8e04313d443103db14472ac26f380f0c0beadea2b029ddfba8,,,7/28/2023 0:30,30,TRAFFIC SIGNAL,FUNCTIONING PROPERLY,CLEAR,"DARKNESS, LIGHTED ROAD",SIDESWIPE SAME DIRECTION,NOT DIVIDED,,STRAIGHT AND LEVEL,DRY,UNKNOWN,NOT ON SCENE (DESK REPORT),NO INJURY / DRIVE AWAY,,,,"$501 - $1,500",7/28/2023 1:30,FAILING TO YIELD RIGHT-OF-WAY,NOT APPLICABLE,324,W,CHICAGO AVE,1823,,,,,,,2,NO INDICATION OF INJURY,0,0,0,0,0,2,0,0,6,7,41.89666949,-87.63670982,POINT (-87.636709821924 41.896669492243)
0f066e9ef6bbd7cb991b2f126d5f2791796a3ce0ceb8679b8b4412d87fe186fff164c8b3e4161bf159bc614cb4b5206f27b676d2edca303b67d7c069b055b202,,,7/29/2023 17:15,20,NO CONTROLS,NO CONTROLS,CLEAR,DAYLIGHT,ANGLE,NOT DIVIDED,,STRAIGHT AND LEVEL,DRY,NO DEFECTS,ON SCENE,INJURY AND / OR TOW DUE TO CRASH,,,,"OVER $1,500",7/29/2023 17:15,UNABLE TO DETERMINE,UNABLE TO DETERMINE,615,W,46TH ST,925,,,,,,,3,"REPORTED, NOT EVIDENT",1,0,0,0,1,1,0,17,7,7,41.81066193,-87.64132845,POINT (-87.641328451548 41.810661930322)
8a1d4372190261c349028b46dd9417b2922ac787ce218ba47084e5bd6eac55ce799f9a983be6b3000aa24f907ec665a32233c6aa394d18ff8e040e0cf7d08b6c,,,7/29/2023 20:45,30,NO CONTROLS,NO CONTROLS,CLEAR,"DARKNESS, LIGHTED ROAD",REAR END,DIVIDED - W/MEDIAN (NOT RAISED),,STRAIGHT AND LEVEL,DRY,UNKNOWN,NOT ON SCENE (DESK REPORT),NO INJURY / DRIVE AWAY,,,N,"$501 - $1,500",7/29/2023 22:00,DRIVING SKILLS/KNOWLEDGE/EXPERIENCE,NOT APPLICABLE,3711,N,NARRAGANSETT AVE,1633,,,,,,,2,NO INDICATION OF INJURY,0,0,0,0,0,3,0,20,7,7,41.9478235,-87.78619098,POINT (-87.786190981229 41.947823496605)
9af60c1a7967c351309fcdfd5088484374bdc8d343bb9042fad068ff81272fc8fcca7c1b17ad6a338ca112a153459488e2fd86f838c11ec92be30e71e309093d,,,7/28/2023 20:30,30,TRAFFIC SIGNAL,FUNCTIONING PROPERLY,CLEAR,"DARKNESS, LIGHTED ROAD",SIDESWIPE SAME DIRECTION,FOUR WAY,,STRAIGHT AND LEVEL,DRY,NO DEFECTS,NOT ON SCENE (DESK REPORT),NO INJURY / DRIVE AWAY,Y,,,"OVER $1,500",7/28/2023 21:30,"EVASIVE ACTION DUE TO ANIMAL, OBJECT, NONMOTORIST",FAILING TO REDUCE SPEED TO AVOID CRASH,1311,W,NORTH AVE,1433,,,,,,,2,NO INDICATION OF INJURY,0,0,0,0,0,2,0,20,6,7,41.9106161,-87.66092442,POINT (-87.660924422747 41.910616100054)
d1948d25a2381b781c4bd2cbf5b9e596525d453e3a3ae62bc569ada4d170ac0efb875087559e2aad5a2ca02afc256e3b4b8f1ad4e263dfee97c61e8cd6417870,,Y,7/29/2023 13:00,30,NO CONTROLS,NO CONTROLS,CLEAR,DAYLIGHT,PARKED MOTOR VEHICLE,ONE-WAY,,STRAIGHT AND LEVEL,DRY,UNKNOWN,ON SCENE,INJURY AND / OR TOW DUE TO CRASH,,,Y,"OVER $1,500",7/29/2023 14:39,UNABLE TO DETERMINE,UNABLE TO DETERMINE,8009,S,MARQUETTE AVE,422,,,,,,,3,NO INDICATION OF INJURY,0,0,0,0,0,1,0,13,7,7,41.74969572,-87.55877423,POINT (-87.558774227226 41.749695716917)
f55c5687dc5de0d20d3814aef7a7cb2c271ad9e63cb094ecf3d0c29383b822c191f87a8000349e7cad53c65feef23552400d7a4b74b824bce1570c16ce5b956e,,,7/28/2023 12:09,25,NO CONTROLS,NO CONTROLS,CLEAR,DAYLIGHT,SIDESWIPE SAME DIRECTION,NOT DIVIDED,,STRAIGHT AND LEVEL,DRY,NO DEFECTS,NOT ON SCENE (DESK REPORT),NO INJURY / DRIVE AWAY,,,,"$501 - $1,500",7/28/2023 12:59,UNABLE TO DETERMINE,UNABLE TO DETERMINE,12301,S,INDIANA AVE,532,,,,,,,2,NO INDICATION OF INJURY,0,0,0,0,0,3,0,12,6,7,41.67074507,-87.61722563,POINT (-87.617225629868 41.670745070247)
23ef88ac07f8762baec8cbeb639b08c24d4468955a905cd36d09a20dcebe5a2be88df63ab79aefc6c8e8af4a0753c77f87aa5400a144c576df22b072a50f51b0,,,7/29/2023 15:15,30,STOP SIGN/FLASHER,FUNCTIONING PROPERLY,CLEAR,DAYLIGHT,ANGLE,FOUR WAY,,STRAIGHT AND LEVEL,DRY,NO DEFECTS,ON SCENE,NO INJURY / DRIVE AWAY,Y,,,"OVER $1,500",7/29/2023 15:15,FAILING TO YIELD RIGHT-OF-WAY,NOT APPLICABLE,1500,S,LOOMIS ST,1233,,,,,,,2,NO INDICATION OF INJURY,0,0,0,0,0,2,0,15,7,7,41.86149697,-87.66156479,POINT (-87.661564787762 41.861496970028)
4ef2b936deb8d62e0e01876f1de48e5dd76f0aaea5d1c6b92f2182f129088fb8d65fe84ace1ed73ceeee6a04d74c58a6d37561680e266f3578b91ac463a82fdf,,,7/29/2023 12:30,30,NO CONTROLS,NO CONTROLS,CLEAR,DAYLIGHT,PARKED MOTOR VEHICLE,DIVIDED - W/MEDIAN (NOT RAISED),,STRAIGHT AND LEVEL,DRY,NO DEFECTS,NOT ON SCENE (DESK REPORT),NO INJURY / DRIVE AWAY,,,Y,"OVER $1,500",7/29/2023 12:58,UNABLE TO DETERMINE,UNABLE TO DETERMINE,839,N,LARAMIE AVE,1531,,,,,,,2,NO INDICATION OF INJURY,0,0,0,0,0,1,0,12,7,7,41.89613829,-87.75548473,POINT (-87.755484730722 41.896138288385)
6b75e26632b3a13919f42d10c048063bde67eb3b93cfff890bd5c407e1f472f2135fa8640c10a369416aea18b58bec16025f3ff107748b5ae88b122889200023,,,7/28/2023 23:05,30,TRAFFIC SIGNAL,FUNCTIONING PROPERLY,RAIN,"DARKNESS, LIGHTED ROAD",TURNING,FOUR WAY,,STRAIGHT AND LEVEL,WET,NO DEFECTS,ON SCENE,INJURY AND / OR TOW DUE TO CRASH,Y,,Y,"OVER $1,500",7/28/2023 23:12,UNABLE TO DETERMINE,UNABLE TO DETERMINE,2600,N,PULASKI RD,2524,,,,,,,2,NO INDICATION OF INJURY,0,0,0,0,0,3,0,23,6,7,41.92822191,-87.72702494,POINT (-87.727024942983 41.928221906766)
e9b038e11eb2d2f57d3cb3e130787234891cd35151f28e7ae64388af96237cbd62eb720099d5f825dcfed3e849294b5359cfe47ed225e72e258bab436640f83d,,,7/29/2023 7:17,15,NO CONTROLS,NO CONTROLS,CLEAR,DAYLIGHT,PARKED MOTOR VEHICLE,ONE-WAY,,STRAIGHT AND LEVEL,DRY,NO DEFECTS,ON SCENE,INJURY AND / OR TOW DUE TO CRASH,,,Y,"OVER $1,500",7/29/2023 7:20,IMPROPER TURNING/NO SIGNAL,UNABLE TO DETERMINE,4815,W,SCHUBERT AVE,2521,,,,,,,2,NONINCAPACITATING INJURY,1,0,0,1,0,1,0,7,7,7,41.92960346,-87.74717621,POINT (-87.747176209654 41.929603461641)
5fcc000d940cdad2a63a405085a8ecdbf4d6222d2d38a3cc0460d760874e494a1b7e7aacf249e9a4c7a699a638230af866e4a0e8d18bb17b729d3f426721348b,,,7/29/2023 4:24,35,TRAFFIC SIGNAL,FUNCTIONING PROPERLY,CLEAR,"DARKNESS, LIGHTED ROAD",ANGLE,FOUR WAY,,STRAIGHT AND LEVEL,WET,UNKNOWN,ON SCENE,NO INJURY / DRIVE AWAY,,,Y,"OVER $1,500",7/29/2023 4:26,FAILING TO YIELD RIGHT-OF-WAY,NOT APPLICABLE,13000,S,ELLIS AVE,533,,,,,,,2,NO INDICATION OF INJURY,0,0,0,0,0,2,0,4,7,7,41.6594343,-87.59785303,POINT (-87.597853029354 41.659434297709)
64d97da09fd128cd2cf00571e2d5285de1178e07843c33129b5431e933fef5889b0bfda4c9bda9dc12149b18e7afd9b0ad87bcd1c43302a72b4e38f2ed25ee36,,,7/28/2023 23:47,35,NO CONTROLS,UNKNOWN,RAIN,"DARKNESS, LIGHTED ROAD",PARKED MOTOR VEHICLE,NOT DIVIDED,,STRAIGHT AND LEVEL,WET,SHOULDER DEFECT,ON SCENE,INJURY AND / OR TOW DUE TO CRASH,,,,"OVER $1,500",7/28/2023 23:47,UNABLE TO DETERMINE,NOT APPLICABLE,6700,S,OGLESBY AVE,331,,,,,,,4,,,,,,,,,23,6,7,41.77344669,-87.56849041,POINT (-87.568490405431 41.773446688775)
f6c2923cdf362a4214331ec0d4ab0a1a0f35e7d4169dca3685d683c441b99c12ff329c6e5eb867b894b603a34fd50dccd84badba164bac59a7fc2d2a956c2122,,,7/29/2023 10:18,40,NO CONTROLS,NO CONTROLS,CLEAR,DAYLIGHT,FIXED OBJECT,ONE-WAY,,STRAIGHT AND LEVEL,DRY,"RUT, HOLES",ON SCENE,INJURY AND / OR TOW DUE TO CRASH,,,,"OVER $1,500",7/29/2023 10:25,ROAD ENGINEERING/SURFACE/MARKING DEFECTS,NOT APPLICABLE,1100,N,LAKE SHORE DR,1824,,,,,,,1,NO INDICATION OF INJURY,0,0,0,0,0,1,0,10,7,7,41.90246193,-87.6246606,POINT (-87.624660600778 41.902461925754)
7a396de32efad4f8ababa9a8cb49303727c6fcd3b26a378835c3eb28fd805c0e5e118e9d13b74b4fdf298935c3c717ffabfb882f19c849076731da73ebc37b5f,,,7/29/2023 14:45,30,NO CONTROLS,NO CONTROLS,CLEAR,DAYLIGHT,TURNING,NOT DIVIDED,,STRAIGHT AND LEVEL,DRY,UNKNOWN,ON SCENE,NO INJURY / DRIVE AWAY,,,,"OVER $1,500",7/29/2023 14:57,IMPROPER TURNING/NO SIGNAL,NOT APPLICABLE,6460,W,ADDISON ST,1632,,,,,,,2,NO INDICATION OF INJURY,0,0,0,0,0,2,0,14,7,7,41.94573189,-87.78872648,POINT (-87.788726484376 41.94573189387)
f5b0cad15f9d22d8b1f838992911524ac9e445148ab4abc85cfb400355a46b750efae1d2565b182eab567cdac573f268ca7263b9540404889092872245dde4bf,,,7/29/2023 18:25,30,NO CONTROLS,NO CONTROLS,CLEAR,DAYLIGHT,PARKED MOTOR VEHICLE,NOT DIVIDED,,STRAIGHT AND LEVEL,DRY,NO DEFECTS,ON SCENE,NO INJURY / DRIVE AWAY,,,,$500 OR LESS,7/29/2023 18:30,DRIVING SKILLS/KNOWLEDGE/EXPERIENCE,NOT APPLICABLE,158,W,ERIE ST,1832,,,,,,,2,NO INDICATION OF INJURY,0,0,0,0,0,4,0,18,7,7,41.89410825,-87.63353221,POINT (-87.633532208238 41.894108245476)
1d45e6f07fdf6adade4158fd5ce1f8a05eae5d5fa668b1ada8468c70b786fd5bc1e800ffe53cb77537832dec9eeb32b5e77e3ebea4651f0692fb80783d11eb92,,,7/28/2023 16:50,30,TRAFFIC SIGNAL,FUNCTIONING IMPROPERLY,UNKNOWN,DAYLIGHT,REAR END,NOT DIVIDED,,STRAIGHT AND LEVEL,UNKNOWN,UNKNOWN,NOT ON SCENE (DESK REPORT),INJURY AND / OR TOW DUE TO CRASH,,,,"$501 - $1,500",7/29/2023 15:00,UNABLE TO DETERMINE,NOT APPLICABLE,1609,W,63RD ST,725,,,,,,,2,"REPORTED, NOT EVIDENT",1,0,0,0,1,1,0,16,6,7,41.77933951,-87.66465015,POINT (-87.664650149118 41.779339507016)
9d6c45f624634dbfe7f4e29edaf448612a49b35796a65b46ddd0c447ed18ff43e288e2b4c8d8f7c7054da135c01f5c9e716123f0737573d2a292829bf13980ca,,,7/28/2023 19:19,30,NO CONTROLS,NO CONTROLS,CLEAR,DARKNESS,REAR END,T-INTERSECTION,,STRAIGHT AND LEVEL,DRY,NO DEFECTS,NOT ON SCENE (DESK REPORT),NO INJURY / DRIVE AWAY,Y,,Y,"OVER $1,500",7/29/2023 14:50,UNABLE TO DETERMINE,NOT APPLICABLE,9100,S,STONY ISLAND AVE,413,,,,,,,2,NO INDICATION OF INJURY,0,0,0,0,0,2,0,19,6,7,41.72951813,-87.58563641,POINT (-87.585636408538 41.729518128388)
16308cae7f4856de52463181c9d1d84080303b610dc63d1941019be7dd0a36573526d3f47e7bed5103d3c283fdde5667cb701cd72ce50f21eedfaa5234c98ab8,,,7/29/2023 20:07,30,STOP SIGN/FLASHER,FUNCTIONING PROPERLY,CLEAR,DAYLIGHT,ANGLE,FOUR WAY,,STRAIGHT AND LEVEL,DRY,NO DEFECTS,ON SCENE,INJURY AND / OR TOW DUE TO CRASH,Y,,,"OVER $1,500",7/29/2023 20:08,FAILING TO YIELD RIGHT-OF-WAY,UNABLE TO DETERMINE,5000,W,LAWRENCE AVE,1623,,,,,,,2,"REPORTED, NOT EVIDENT",1,0,0,0,1,2,0,20,7,7,41.96807671,-87.75268906,POINT (-87.752689056871 41.968076712894)
08a11d930c741cc20441b2ce401d53e352834b71d9c9d8646fc7dc6ee1e750f995ba3a56e79b8cb77e0026e86c32a55e6c438ad8754d0307a8c04a211e269cba,,,7/27/2023 13:00,30,TRAFFIC SIGNAL,FUNCTIONING PROPERLY,CLEAR,DAYLIGHT,ANGLE,FOUR WAY,,STRAIGHT AND LEVEL,DRY,NO DEFECTS,NOT ON SCENE (DESK REPORT),INJURY AND / OR TOW DUE TO CRASH,Y,,,"OVER $1,500",7/27/2023 17:00,DISREGARDING TRAFFIC SIGNALS,NOT APPLICABLE,9100,S,LAFAYETTE AVE,634,,,,,,,2,"REPORTED, NOT EVIDENT",1,0,0,0,1,1,0,13,5,7,41.72893072,-87.62538276,POINT (-87.625382756311 41.72893072336)
c32a1aa17f491b804c2fe46ff22c6e903af1aad2db5d8396d517c74baa62270d4afe9efdd71460301de48cee24f6f8312cc774a22784b19a17a5eb340e454510,,,7/28/2023 15:00,30,NO CONTROLS,NO CONTROLS,CLEAR,DAYLIGHT,PARKED MOTOR VEHICLE,PARKING LOT,,STRAIGHT AND LEVEL,DRY,NO DEFECTS,ON SCENE,NO INJURY / DRIVE AWAY,,Y,,"$501 - $1,500",7/28/2023 15:05,DRIVING SKILLS/KNOWLEDGE/EXPERIENCE,NOT APPLICABLE,823,N,WESTERN AVE,1212,,,,,,,2,NO INDICATION OF INJURY,0,0,0,0,0,3,0,15,6,7,41.89654413,-87.68671584,POINT (-87.686715835579 41.896544130494)
83ceb06db8da1ce941332c59b25b43417b84546d3c7334b415e270cbb70e2c5904d1725cfa70c307d0b1d92bc94df9a1f96115ec67e4769d4d8a898f61f5d584,,,7/29/2023 0:47,20,NO CONTROLS,FUNCTIONING PROPERLY,RAIN,"DARKNESS, LIGHTED ROAD",FIXED OBJECT,DIVIDED - W/MEDIAN BARRIER,,STRAIGHT AND LEVEL,WET,"RUT, HOLES",ON SCENE,INJURY AND / OR TOW DUE TO CRASH,,,,"OVER $1,500",7/29/2023 0:47,WEATHER,NOT APPLICABLE,4602,W,POLK ST,1131,,,,,,,1,"REPORTED, NOT EVIDENT",1,0,0,0,1,1,0,0,7,7,41.87062888,-87.74022874,POINT (-87.740228738411 41.870628880523)
a15f9db59b8aea21e1e944534ab66c1236e3aac1aee9cdd7629f992ca4116588c11d46a93034406e5a53ec4fbde8cca64bfc0b21e409735484cd6e20d1abc1d2,,,7/29/2023 15:13,30,NO CONTROLS,NO CONTROLS,CLEAR,DAYLIGHT,REAR END,DIVIDED - W/MEDIAN (NOT RAISED),,STRAIGHT AND LEVEL,DRY,NO DEFECTS,ON SCENE,NO INJURY / DRIVE AWAY,,,,"OVER $1,500",7/29/2023 16:04,FOLLOWING TOO CLOSELY,FAILING TO REDUCE SPEED TO AVOID CRASH,2810,N,CICERO AVE,2521,,,,,,,2,NO INDICATION OF INJURY,0,0,0,0,0,3,0,15,7,7,41.93186973,-87.74675361,POINT (-87.746753605715 41.931869732816)
d6d65c1068bf0ca26b0d463522473d90d1719584ce3f1de37c994949657c11dbb798b617374dfd34ce85f2cbdb265065da69800624200bb75f2a2529a9c5be68,,Y,7/29/2023 0:00,25,NO CONTROLS,NO CONTROLS,CLEAR,UNKNOWN,PARKED MOTOR VEHICLE,ONE-WAY,,STRAIGHT AND LEVEL,DRY,NO DEFECTS,ON SCENE,NO INJURY / DRIVE AWAY,,,Y,"OVER $1,500",7/29/2023 10:00,UNABLE TO DETERMINE,UNABLE TO DETERMINE,4830,W,WABANSIA AVE,2533,,,,,,,2,NO INDICATION OF INJURY,0,0,0,0,0,1,0,0,7,7,41.91155183,-87.7471718,POINT (-87.747171796499 41.91155183023)
f4de80f5700904b28ce6931155b5500c2b98a81794ce98c667ab8ff5f007c8b9809fcbd4442cbd9abd1c897d2233063e218894105061eee3a99fd50cec539a11,,,7/29/2023 10:15,30,NO CONTROLS,NO CONTROLS,CLEAR,DAYLIGHT,PARKED MOTOR VEHICLE,NOT DIVIDED,,STRAIGHT AND LEVEL,DRY,NO DEFECTS,ON SCENE,NO INJURY / DRIVE AWAY,,,,$500 OR LESS,7/29/2023 10:18,IMPROPER LANE USAGE,NOT APPLICABLE,4432,W,PALMER ST,2522,,,,,,,2,NO INDICATION OF INJURY,0,0,0,0,0,1,0,10,7,7,41.92079991,-87.73781183,POINT (-87.737811829976 41.920799912755)
6d07064e7db48d86dda3f3bffb482037691bf37900e6700d0008290fbb590ebed42b10b79531703fd5940d3895f7a89185d10497ad2c02088c3defba39bd052c,,,7/28/2023 17:07,40,TRAFFIC SIGNAL,FUNCTIONING PROPERLY,CLEAR,DAYLIGHT,REAR END,DIVIDED - W/MEDIAN BARRIER,,STRAIGHT AND LEVEL,DRY,NO DEFECTS,NOT ON SCENE (DESK REPORT),NO INJURY / DRIVE AWAY,Y,,,"$501 - $1,500",7/29/2023 9:30,FAILING TO REDUCE SPEED TO AVOID CRASH,FOLLOWING TOO CLOSELY,2000,E,HAYES DR,331,,,,,,,2,NO INDICATION OF INJURY,0,0,0,0,0,2,0,17,6,7,41.78050324,-87.57754788,POINT (-87.577547876387 41.780503235854)
afbf929eb88e46d8e14cd919a4d20132d3920c4b6f43e28bc02733670652ae6f567106bee9d7b80937e31032768c0dc7701290d71602a0aa4600f24d013919ac,,Y,7/29/2023 1:45,30,TRAFFIC SIGNAL,UNKNOWN,CLEAR,"DARKNESS, LIGHTED ROAD",PARKED MOTOR VEHICLE,DIVIDED - W/MEDIAN (NOT RAISED),,STRAIGHT AND LEVEL,WET,NO DEFECTS,ON SCENE,INJURY AND / OR TOW DUE TO CRASH,,,,"OVER $1,500",7/29/2023 1:45,UNABLE TO DETERMINE,UNABLE TO DETERMINE,4204,W,ARMITAGE AVE,2522,,,,,,,3,NO INDICATION OF INJURY,0,0,0,0,0,1,0,1,7,7,41.91720881,-87.73169437,POINT (-87.731694373853 41.917208804708)
f8a3113a0fd55bb3caae9e8463a27970a63502161dfca724ef0f121c506ed86935f547203088ff0b8e2932b0e67791b587fa107650497664dfb538e7537d88d5,,,7/29/2023 21:05,30,NO CONTROLS,NO CONTROLS,CLEAR,"DARKNESS, LIGHTED ROAD",SIDESWIPE SAME DIRECTION,NOT DIVIDED,,STRAIGHT AND LEVEL,DRY,NO DEFECTS,NOT ON SCENE (DESK REPORT),NO INJURY / DRIVE AWAY,,,,"$501 - $1,500",7/29/2023 21:51,UNABLE TO DETERMINE,UNABLE TO DETERMINE,11100,S,MICHIGAN AVE,531,,,,,,,2,NO INDICATION OF INJURY,0,0,0,0,0,2,0,21,7,7,41.69255976,-87.6211937,POINT (-87.621193695398 41.692559762592)
6db9dc6231b134fbaf995a84b280c4391d128125defd6a5ecd8e337185e9684ea3594fd2dbd4d2cc770af973a787e177df2e033bc01a927f3e867b865d29d3ad,,,7/29/2023 12:30,30,NO CONTROLS,NO CONTROLS,CLEAR,DAYLIGHT,ANGLE,PARKING LOT,,STRAIGHT AND LEVEL,DRY,NO DEFECTS,ON SCENE,NO INJURY / DRIVE AWAY,,,,"OVER $1,500",7/29/2023 12:45,UNABLE TO DETERMINE,UNABLE TO DETERMINE,10900,S,DOTY AVE W,513,,,,,,,2,NO INDICATION OF INJURY,0,0,0,0,0,2,0,12,7,7,41.69631368,-87.59663224,POINT (-87.596632243933 41.696313683973)
8833871fc165bd5ca0f75ba5bdc8c925b6fdaa97341906ce6829f9d473193feb17276f324aa9c48a018a95b5809d91d8272af10c322354486d1c560f7bcaaf24,,,7/29/2023 14:52,30,TRAFFIC SIGNAL,FUNCTIONING PROPERLY,CLEAR,DAYLIGHT,TURNING,NOT DIVIDED,,STRAIGHT AND LEVEL,DRY,NO DEFECTS,NOT ON SCENE (DESK REPORT),NO INJURY / DRIVE AWAY,,,,"OVER $1,500",7/29/2023 15:50,IMPROPER OVERTAKING/PASSING,IMPROPER TURNING/NO SIGNAL,1949,W,FULLERTON AVE,1432,,,,,,,2,NO INDICATION OF INJURY,0,0,0,0,0,2,0,14,7,7,41.92491928,-87.67766794,POINT (-87.677667941394 41.924919280698)
fe6b0ddd32bd8bcde0f12a76f395cf8430f368af1bbb1b328b87b79380a6fdb800350951ed97cdd2f7698eed358375e481ac10755dd4fc2c680bf1e0d3f9dead,,Y,7/29/2023 8:00,30,TRAFFIC SIGNAL,FUNCTIONING PROPERLY,CLEAR,DAYLIGHT,SIDESWIPE OPPOSITE DIRECTION,FOUR WAY,,STRAIGHT AND LEVEL,DRY,NO DEFECTS,ON SCENE,NO INJURY / DRIVE AWAY,Y,,Y,"OVER $1,500",7/29/2023 9:06,UNABLE TO DETERMINE,UNABLE TO DETERMINE,1600,E,83RD ST,411,,,,,,,2,NO INDICATION OF INJURY,0,0,0,0,0,2,0,8,7,7,41.74431588,-87.58531604,POINT (-87.585316041255 41.744315874645)
ce4c2b79a2a3935277b2244b499cd41e4def2b9b94ba6b17fc3df06e13db27d2ab8597c3aa20d665afd86615e2cd468e209a298c2d6e474e02c3f97010136b28,,,7/29/2023 23:10,25,STOP SIGN/FLASHER,FUNCTIONING PROPERLY,CLEAR,"DARKNESS, LIGHTED ROAD",SIDESWIPE SAME DIRECTION,ONE-WAY,,STRAIGHT AND LEVEL,DRY,UNKNOWN,NOT ON SCENE (DESK REPORT),NO INJURY / DRIVE AWAY,,,,"$501 - $1,500",7/29/2023 23:30,DRIVING SKILLS/KNOWLEDGE/EXPERIENCE,NOT APPLICABLE,2805,N,MASON AVE,2514,,,,,,,2,NO INDICATION OF INJURY,0,0,0,0,0,2,0,23,7,7,41.9313638,-87.77460881,POINT (-87.774608811274 41.931363795792)