CRASH_RECORD_ID,RD_NO,CRASH_DATE_EST_I,CRASH_DATE,POSTED_SPEED_LIMIT,TRAFFIC_CONTROL_DEVICE,DEVICE_CONDITION,WEATHER_CONDITION,LIGHTING_CONDITION,FIRST_CRASH_TYPE,TRAFFICWAY_TYPE,LANE_CNT,ALIGNMENT,ROADWAY_SURFACE_COND,ROAD_DEFECT,REPORT_TYPE,CRASH_TYPE,INTERSECTION_RELATED_I,NOT_RIGHT_OF_WAY_I,HIT_AND_RUN_I,DAMAGE,DATE_POLICE_NOTIFIED,PRIM_CONTRIBUTORY_CAUSE,SEC_CONTRIBUTORY_CAUSE,STREET_NO,STREET_DIRECTION,STREET_NAME,BEAT_OF_OCCURRENCE,PHOTOS_TAKEN_I,STATEMENTS_TAKEN_I,DOORING_I,WORK_ZONE_I,WORK_ZONE_TYPE,WORKERS_PRESENT_I,NUM_UNITS,MOST_SEVERE_INJURY,INJURIES_TOTAL,INJURIES_FATAL,INJURIES_INCAPACITATING,INJURIES_NON_INCAPACITATING,INJURIES_REPORTED_NOT_EVIDENT,INJURIES_NO_INDICATION,INJURIES_UNKNOWN,CRASH_HOUR,CRASH_DAY_OF_WEEK,CRASH_MONTH,LATITUDE,LONGITUDE,LOCATION
3b1149a484473093b6c50773ccf902c56b5bf426330a3a403e9532d50c263e44ff4709d979d8c3b90405447c39d5b18edc3360dd65e1b46d69843a011a84f345,,,7/24/2023 17:00,15,UNKNOWN,UNKNOWN,CLEAR,DAYLIGHT,PARKED MOTOR VEHICLE,DRIVEWAY,,STRAIGHT AND LEVEL,UNKNOWN,UNKNOWN,NOT ON SCENE (DESK REPORT),NO INJURY / DRIVE AWAY,,,,$500 OR LESS,7/29/2023 14:00,NOT APPLICABLE,NOT APPLICABLE,600,E,GRAND AVE,1834,Y,,,,,,2,NO INDICATION OF INJURY,0,0,0,0,0,1,0,17,2,7,41.89209414,-87.61156988,POINT (-87.611569883947 41.892094136862)
1783b6e51bd33b27ea744c951a38c3f6c0c197db45010f6ebf1bfd5a111bbfbf5feabd60a46d7eaadcefb0924a97bc57e0d14377bcaf16935cf2b39110fac6ec,,,7/26/2023 12:20,30,TRAFFIC SIGNAL,FUNCTIONING PROPERLY,OTHER,DAYLIGHT,REAR END,DIVIDED - W/MEDIAN (NOT RAISED),,STRAIGHT AND LEVEL,WET,NO DEFECTS,ON SCENE,NO INJURY / DRIVE AWAY,,,,"OVER $1,500",7/26/2023 12:23,UNABLE TO DETERMINE,UNABLE TO DETERMINE,4822,N,WESTERN AVE,2031,,,,,,,2,NO INDICATION OF INJURY,0,0,0,0,0,2,0,12,4,7,41.96931485,-87.6890745,POINT (-87.689074503966 41.969314854236)
4a48ea91fa83b9538fede0349c60a27355f36194fdeb2fcf6500d0ab3880dc0e00856399222b4b884d5d4d88ed2462051fdda494e06fa451ea890189558ef362,,,7/28/2023 19:15,30,UNKNOWN,UNKNOWN,UNKNOWN,UNKNOWN,REAR END,UNKNOWN,,STRAIGHT AND LEVEL,UNKNOWN,UNKNOWN,NOT ON SCENE (DESK REPORT),NO INJURY / DRIVE AWAY,,,,"OVER $1,500",7/29/2023 15:00,UNABLE TO DETERMINE,NOT APPLICABLE,4801,W,MONTROSE AVE,1624,,,,,,,2,NO INDICATION OF INJURY,0,0,0,0,0,3,0,19,6,7,41.96061186,-87.7475936,POINT (-87.747593601704 41.96061186437)
5571c0979ed8667548c0dc1e6871ba075993ee15a8801cc4881944dcd64ab1e9fab4bcd3b5558b0ff71d16f5200ee9b0f1b1bae4c83585582948ceb39feb466f,,,7/29/2023 3:33,30,NO CONTROLS,NO CONTROLS,CLOUDY/OVERCAST,"DARKNESS, LIGHTED ROAD",TURNING,NOT DIVIDED,,STRAIGHT AND LEVEL,UNKNOWN,UNKNOWN,ON SCENE,NO INJURY / DRIVE AWAY,,,Y,"OVER $1,500",7/29/2023 3:33,IMPROPER OVERTAKING/PASSING,IMPROPER OVERTAKING/PASSING,3102,N,SACRAMENTO AVE,1411,,,,,,,3,NO INDICATION OF INJURY,0,0,0,0,0,3,0,3,7,7,41.93776434,-87.70282861,POINT (-87.702828613809 41.937764338995)
208e56c1865e230837ab99049af28a533610f2b8df0ded2985f77d3c822428266d880349e44ff488dea9d094da718c0a1b7f828bc25beb5f0033a47a5e7eee1a,,Y,7/28/2023 13:27,30,NO CONTROLS,NO CONTROLS,CLEAR,DAYLIGHT,TURNING,FOUR WAY,,STRAIGHT AND LEVEL,DRY,UNKNOWN,ON SCENE,INJURY AND / OR TOW DUE TO CRASH,Y,,,"$501 - $1,500",7/28/2023 13:29,UNABLE TO DETERMINE,FAILING TO YIELD RIGHT-OF-WAY,898,S,CICERO AVE,1533,,,,,,,2,NO INDICATION OF INJURY,0,0,0,0,0,3,0,13,6,7,41.86944615,-87.74501001,POINT (-87.745010011424 41.86944615326)
e5d173a2312778100fd2257db0c8862706c44fcd62930951ff434e6ddef5a6f1d69a05732ba15c8e8c5a2dce2f33dd696990ba11af0f92c7c28691f2bed4d922,,,7/28/2023 10:03,30,NO CONTROLS,NO CONTROLS,CLEAR,DAYLIGHT,TURNING,DIVIDED - W/MEDIAN (NOT RAISED),,STRAIGHT ON GRADE,DRY,NO DEFECTS,ON SCENE,INJURY AND / OR TOW DUE TO CRASH,,,,"OVER $1,500",7/28/2023 10:03,IMPROPER TURNING/NO SIGNAL,FAILING TO YIELD RIGHT-OF-WAY,5362,W,LAWRENCE AVE,1623,,,,,,,2,NO INDICATION OF INJURY,0,0,0,0,0,2,0,10,6,7,41.96774211,-87.76200848,POINT (-87.762008483108 41.967742109989)
36e822510789de2127d065d056736b8810364ea7505b5002233dbe2adaf9a852cf746004b27950461c6317db355b7fc71cfe42941b669d20ebb66b5f1a18f4b0,,,7/29/2023 16:50,30,NO CONTROLS,NO CONTROLS,CLEAR,DAYLIGHT,TURNING,DIVIDED - W/MEDIAN BARRIER,,STRAIGHT AND LEVEL,DRY,NO DEFECTS,ON SCENE,NO INJURY / DRIVE AWAY,,,,"OVER $1,500",7/29/2023 16:56,FAILING TO YIELD RIGHT-OF-WAY,NOT APPLICABLE,15,W,95TH ST,511,,,,,,,2,NO INDICATION OF INJURY,0,0,0,0,0,3,0,16,7,7,41.72151497,-87.62461017,POINT (-87.624610165642 41.721514969204)
832a090b2e71d02472b42a86a8064399febe991346c1eb69c15102e6a302b0b7893f37623fc1f2da9e18310ee0fc26b86b3d10ab6b0cadd205eca3a776376aa6,,,7/29/2023 17:10,20,NO CONTROLS,NO CONTROLS,CLEAR,DAYLIGHT,REAR END,NOT DIVIDED,,STRAIGHT AND LEVEL,DRY,NO DEFECTS,ON SCENE,NO INJURY / DRIVE AWAY,,,,"$501 - $1,500",7/29/2023 17:11,FOLLOWING TOO CLOSELY,DRIVING SKILLS/KNOWLEDGE/EXPERIENCE,3619,W,111TH ST,2211,,,,,,,2,NO INDICATION OF INJURY,0,0,0,0,0,2,0,17,7,7,41.6912937,-87.71132529,POINT (-87.711325292925 41.691293697925)
c5a7c029dd6d3f2f0aeab0d4dc404fae85b8fbdf262137f4fa2b3bf810a49773480f7bec31cc8762cae51022409fa81abde6902119eb47f7b72a32db785174f5,,,7/29/2023 14:30,30,UNKNOWN,UNKNOWN,UNKNOWN,UNKNOWN,ANGLE,UNKNOWN,,STRAIGHT AND LEVEL,UNKNOWN,UNKNOWN,NOT ON SCENE (DESK REPORT),NO INJURY / DRIVE AWAY,,,,"OVER $1,500",7/29/2023 16:15,UNABLE TO DETERMINE,NOT APPLICABLE,3900,N,OAK PARK AVE,1632,,,,,,,2,NO INDICATION OF INJURY,0,0,0,0,0,4,0,14,7,7,41.950952,-87.79635096,POINT (-87.796350958373 41.950951998416)
92fa97a33be8460c8ef0fa18257f8a0678a8cfa5ff33c3e0e080b95623a4a1d7d28872cf33c83ab89c66e677ca04c0d88d02e50b79f73ba2968f133bf355d01d,,,7/29/2023 18:00,30,UNKNOWN,NO CONTROLS,CLEAR,DAYLIGHT,SIDESWIPE SAME DIRECTION,NOT DIVIDED,,STRAIGHT AND LEVEL,DRY,NO DEFECTS,,NO INJURY / DRIVE AWAY,,,,"$501 - $1,500",7/29/2023 19:10,UNABLE TO DETERMINE,UNABLE TO DETERMINE,600,E,GRAND AVE,1834,,,,,,,2,NO INDICATION OF INJURY,0,0,0,0,0,4,0,18,7,7,41.89209414,-87.61156988,POINT (-87.611569883947 41.892094136862)
da5170a8a2208f7affe407df6481695ae8d08c592087616d603081a5dee20a433e4ab172c3181a38cd08ff40a7661739d4889025b373f1f0d6b567d73d9b0405,,,7/28/2023 23:45,30,NO CONTROLS,NO CONTROLS,RAIN,DARKNESS,HEAD ON,NOT DIVIDED,,STRAIGHT AND LEVEL,WET,NO DEFECTS,ON SCENE,INJURY AND / OR TOW DUE TO CRASH,,,,"OVER $1,500",7/28/2023 23:47,UNABLE TO DETERMINE,UNABLE TO DETERMINE,2201,S,LAWNDALE AVE,1013,,,,,,,2,NO INDICATION OF INJURY,0,0,0,0,0,2,0,23,6,7,41.8515731,-87.71728358,POINT (-87.71728357781 41.851573102547)
2bad7f83fb5b3aed999b6f004521ccfc4f8c2733f6aff8504c84071cd0ca05e239f72af682bafe076fb45cec61484ad96d3bbbbf75ced9dd1a219652bcdf9ef3,,,7/29/2023 12:40,30,NO CONTROLS,NO CONTROLS,CLEAR,DAYLIGHT,SIDESWIPE SAME DIRECTION,NOT DIVIDED,,STRAIGHT AND LEVEL,DRY,NO DEFECTS,NOT ON SCENE (DESK REPORT),NO INJURY / DRIVE AWAY,N,,,"OVER $1,500",7/29/2023 13:00,UNABLE TO DETERMINE,UNABLE TO DETERMINE,1800,E,95TH ST,413,,,,,,,2,NO INDICATION OF INJURY,0,0,0,0,0,2,0,12,7,7,41.72251804,-87.58001573,POINT (-87.580015727926 41.722518040638)
ef5d018dfb36fe2bb2d61a1f969c2ef046e863f8a4a85b40d12cc68df9015bff60c74305bd72c9eef23939f767bedc4a786aa51c41aee7bac79da694382128d6,,,7/29/2023 4:42,30,STOP SIGN/FLASHER,NO CONTROLS,CLEAR,DUSK,PARKED MOTOR VEHICLE,NOT DIVIDED,,STRAIGHT AND LEVEL,DRY,UNKNOWN,ON SCENE,INJURY AND / OR TOW DUE TO CRASH,,,Y,"OVER $1,500",7/29/2023 4:42,UNABLE TO DETERMINE,FAILING TO REDUCE SPEED TO AVOID CRASH,257,E,68TH ST,322,,,,,,,3,NO INDICATION OF INJURY,0,0,0,0,0,2,0,4,7,7,41.7709839,-87.61869994,POINT (-87.618699941293 41.770983896961)
6b516ff06d613f01a894fb40462acc805e0783c1a081273403908a4ad6fad5df99b15e5ee9f99c6ca8873599ca592578b2870a077b6451ea5c8ce4504b6b8e09,,,7/29/2023 16:54,30,TRAFFIC SIGNAL,FUNCTIONING PROPERLY,CLEAR,DAYLIGHT,ANGLE,DIVIDED - W/MEDIAN (NOT RAISED),,STRAIGHT AND LEVEL,DRY,NO DEFECTS,ON SCENE,NO INJURY / DRIVE AWAY,,,Y,"OVER $1,500",7/29/2023 17:08,FAILING TO YIELD RIGHT-OF-WAY,UNABLE TO DETERMINE,3000,N,SHERIDAN RD,1934,,,,,,,2,NO INDICATION OF INJURY,0,0,0,0,0,2,0,16,7,7,41.93664093,-87.63958286,POINT (-87.63958285986 41.936640931185)
cb23d052faada31e7c0adc5499b97df59cec736854148c4cb7fd913f10defa99baa9fa49854d125edcb2d44aa3e3018d229c8d4036bb57912861a83217908461,,,7/29/2023 14:35,30,NO CONTROLS,NO CONTROLS,CLEAR,DAYLIGHT,HEAD ON,NOT DIVIDED,,STRAIGHT AND LEVEL,DRY,NO DEFECTS,ON SCENE,INJURY AND / OR TOW DUE TO CRASH,,,,"OVER $1,500",7/29/2023 14:36,IMPROPER OVERTAKING/PASSING,"VISION OBSCURED (SIGNS, TREE LIMBS, BUILDINGS, ETC.)",1934,W,35TH ST,912,,,,,,,2,NONINCAPACITATING INJURY,1,0,0,1,0,1,0,14,7,7,41.83051146,-87.67420893,POINT (-87.674208929851 41.830511463076)
b623743d8c58c0c397c33648d8d7bd4db923fc853df445fe68a5f7724b0c02a320cb074a1af17c6541fad943e8e978320d57b8ddef9d185eb6d54dfc3c4d0e0d,,,7/29/2023 19:00,30,NO CONTROLS,NO CONTROLS,CLEAR,DAYLIGHT,PARKED MOTOR VEHICLE,NOT DIVIDED,,STRAIGHT AND LEVEL,DRY,UNKNOWN,ON SCENE,INJURY AND / OR TOW DUE TO CRASH,,,,"OVER $1,500",7/29/2023 19:10,"VISION OBSCURED (SIGNS, TREE LIMBS, BUILDINGS, ETC.)",NOT APPLICABLE,3823,N,OAK PARK AVE,1632,,,,,,,2,NO INDICATION OF INJURY,0,0,0,0,0,1,0,19,7,7,41.94981985,-87.79601286,POINT (-87.796012856396 41.949819853994)
2b4fff95089451cd6cb165c6d8012aae6975c92bc862b08d60758b8fc9edee5337495d48a3b0949d3e9042101bdf902fff11c64affddb9e76f162795542ca7f2,,,7/28/2023 9:31,30,NO CONTROLS,NO CONTROLS,CLEAR,DAYLIGHT,PARKED MOTOR VEHICLE,NOT DIVIDED,,STRAIGHT AND LEVEL,DRY,NO DEFECTS,ON SCENE,NO INJURY / DRIVE AWAY,,,,"$501 - $1,500",7/28/2023 9:31,DRIVING SKILLS/KNOWLEDGE/EXPERIENCE,IMPROPER BACKING,6342,N,RIDGEWAY AVE,1711,,,,,,,2,NO INDICATION OF INJURY,0,0,0,0,0,1,0,9,6,7,41.99681986,-87.72289411,POINT (-87.72289410601 41.996819861017)
8dead2119385a553b3c3bd2bc91682513a291464543c8c0be138baf9d754160b442a408a5c909de5c2587b3903fe99a448e2fa1ac72c31815b4faa82a867f759,,,7/29/2023 10:00,25,NO CONTROLS,NO CONTROLS,CLEAR,UNKNOWN,PARKED MOTOR VEHICLE,ONE-WAY,,STRAIGHT AND LEVEL,DRY,NO DEFECTS,NOT ON SCENE (DESK REPORT),NO INJURY / DRIVE AWAY,,,Y,"OVER $1,500",7/29/2023 14:30,UNABLE TO DETERMINE,UNABLE TO DETERMINE,376,N,KEELER AVE,1114,,,,,,,2,NO INDICATION OF INJURY,0,0,0,0,0,1,0,10,7,7,41.88762504,-87.7309278,POINT (-87.730927796928 41.887625042364)
4e7d971421c7845971098c3e56dd83fada66a29fa7f826cec46ccb368912542299a5367459d12c40163bfa5c039d19b8a38671da32b5546fb949ebf2ed6b8479,,,7/20/2023 17:40,30,STOP SIGN/FLASHER,NO CONTROLS,CLEAR,DAYLIGHT,PEDALCYCLIST,NOT DIVIDED,,STRAIGHT AND LEVEL,DRY,NO DEFECTS,ON SCENE,INJURY AND / OR TOW DUE TO CRASH,Y,,N,"OVER $1,500",7/20/2023 17:43,FAILING TO YIELD RIGHT-OF-WAY,NOT APPLICABLE,430,E,ERIE ST,1834,,Y,,,,,2,NONINCAPACITATING INJURY,1,0,0,1,0,1,0,17,5,7,41.89437626,-87.61649035,POINT (-87.616490348564 41.894376258392)
9b3afb8d3f771a5b4b28ac20e0128110433c081a04a6964f6ff07417cf8539e1b5fb32d12b8fa0b28eb87c9a82fe4dcf50bdc5bcd7bbbcec5266fd998235a5b8,,,7/28/2023 16:14,15,NO CONTROLS,NO CONTROLS,UNKNOWN,UNKNOWN,PARKED MOTOR VEHICLE,PARKING LOT,,STRAIGHT AND LEVEL,UNKNOWN,UNKNOWN,NOT ON SCENE (DESK REPORT),NO INJURY / DRIVE AWAY,,Y,,"OVER $1,500",7/29/2023 13:33,UNABLE TO DETERMINE,UNABLE TO DETERMINE,7401,N,CLARK ST,2422,,,,,,,2,NO INDICATION OF INJURY,0,0,0,0,0,2,0,16,6,7,42.01592334,-87.67504103,POINT (-87.675041024626 42.015923341742)
1a44fee8219c21add5fabca71366f3edd99ba7573724fff1fc5d7864065481e82b1a177b6b2dbcc7d355d91b01807d322bbf028fda4bbb09093c8bfc6b432d2b,,,7/29/2023 1:50,30,STOP SIGN/FLASHER,FUNCTIONING PROPERLY,CLEAR,"DARKNESS, LIGHTED ROAD",TURNING,FOUR WAY,,STRAIGHT AND LEVEL,WET,NO DEFECTS,ON SCENE,INJURY AND / OR TOW DUE TO CRASH,Y,Y,,"OVER $1,500",7/29/2023 1:54,FAILING TO YIELD RIGHT-OF-WAY,UNABLE TO DETERMINE,500,S,CICERO AVE,1533,,,,,,,2,NONINCAPACITATING INJURY,2,0,0,2,0,0,0,1,7,7,41.87404018,-87.74517945,POINT (-87.745179445423 41.874040179917)
714b51a8e94cf4da3680e052c28cc9f355c42f5f1f40b462e8dc4da8e0f4ce3749a8be16647ee30d8db6357493530543f839b3051e41ffc5e24cc48f3f446779,,Y,7/29/2023 7:00,25,NO CONTROLS,NO CONTROLS,CLEAR,DAYLIGHT,PARKED MOTOR VEHICLE,NOT DIVIDED,,STRAIGHT AND LEVEL,DRY,NO DEFECTS,NOT ON SCENE (DESK REPORT),NO INJURY / DRIVE AWAY,,,Y,"$501 - $1,500",7/29/2023 8:43,UNABLE TO DETERMINE,UNABLE TO DETERMINE,7627,S,YATES BLVD,421,,,,,,,2,NO INDICATION OF INJURY,0,0,0,0,0,1,0,7,7,7,41.75634442,-87.56617362,POINT (-87.566173620458 41.756344420392)
bdbe68dd5aa790a5011e8900cb45a3493005b2163d5c631d3793b97ac81ea0f907ecb0f5da600cae7332e31cd9512301e80121fb8a70aef6d446d39ac3383c55,,,7/29/2023 10:30,35,UNKNOWN,UNKNOWN,CLEAR,DAYLIGHT,FIXED OBJECT,ONE-WAY,,STRAIGHT AND LEVEL,DRY,UNKNOWN,ON SCENE,INJURY AND / OR TOW DUE TO CRASH,,,Y,"OVER $1,500",7/29/2023 11:00,NOT APPLICABLE,NOT APPLICABLE,50,W,76TH ST,623,,,,,,,2,NO INDICATION OF INJURY,0,0,0,0,0,1,0,10,7,7,41.75646506,-87.6266524,POINT (-87.62665239551 41.756465063907)
055a661d96425bc6e8a77a8cc75d646ce155c83841b3e3512151cf41095bffdb8e6cbfad187b21628c604b93b1e92a3d57b1bf56d5771045ae9c52348d2918a2,,,7/27/2023 13:05,30,NO CONTROLS,NO CONTROLS,CLEAR,DAYLIGHT,PARKED MOTOR VEHICLE,NOT DIVIDED,,STRAIGHT AND LEVEL,DRY,NO DEFECTS,NOT ON SCENE (DESK REPORT),NO INJURY / DRIVE AWAY,,,,"OVER $1,500",7/27/2023 13:30,UNABLE TO DETERMINE,UNABLE TO DETERMINE,10,N,CENTRAL AVE,1513,,,,,,,2,NO INDICATION OF INJURY,0,0,0,0,0,2,0,13,5,7,41.88057539,-87.76501515,POINT (-87.765015153652 41.8805753882)
aeea774d83031f6ba3d97faafd5df347b883c9338ad846032df54ac1aed41b1d10d5a157d7d4c2bef9290fab7bcc19c8f08a833e85e0664b3d4a994646875eb4,,,7/29/2023 12:40,30,NO CONTROLS,NO CONTROLS,CLEAR,DAYLIGHT,PARKED MOTOR VEHICLE,NOT DIVIDED,,STRAIGHT AND LEVEL,DRY,UNKNOWN,ON SCENE,NO INJURY / DRIVE AWAY,,,,"OVER $1,500",7/29/2023 12:46,NOT APPLICABLE,UNABLE TO DETERMINE,6340,W,IRVING PARK RD,1624,,,,,,,2,NO INDICATION OF INJURY,0,0,0,0,0,2,0,12,7,7,41.95303603,-87.78575582,POINT (-87.78575581627 41.953036034447)
9733a1f8a78039cf47585048f60c654b13e5171756f015df64cd1f17fadd439d099e925a3b9d055cbad3ba6b54a7cd4f1f8a89e657e4661dd1d16b6e28e7cf52,,Y,7/28/2023 17:30,25,NO CONTROLS,NO CONTROLS,CLEAR,DAYLIGHT,PARKED MOTOR VEHICLE,PARKING LOT,,STRAIGHT AND LEVEL,DRY,NO DEFECTS,NOT ON SCENE (DESK REPORT),NO INJURY / DRIVE AWAY,,,,"$501 - $1,500",7/29/2023 14:20,IMPROPER BACKING,NOT APPLICABLE,6301,S,MORGAN ST,723,,,,,,,2,NO INDICATION OF INJURY,0,0,0,0,0,2,0,17,6,7,41.77958567,-87.6494939,POINT (-87.649493896391 41.779585665204)
2e40b0ec89fa305f496bd7ac0ffecda5916f8d05e57e88dc34550696fef977df84f3de91908b943fe8bd808b7f9d7f2a3b4edf22ad0993490b0b5b025a8e531c,,,7/28/2023 19:20,35,NO CONTROLS,NO CONTROLS,RAIN,"DARKNESS, LIGHTED ROAD",REAR END,DIVIDED - W/MEDIAN (NOT RAISED),,STRAIGHT AND LEVEL,DRY,NO DEFECTS,NOT ON SCENE (DESK REPORT),NO INJURY / DRIVE AWAY,N,,,"OVER $1,500",7/29/2023 0:15,UNABLE TO DETERMINE,NOT APPLICABLE,506,W,DIVERSEY PKWY,1934,,,,,,,2,NO INDICATION OF INJURY,0,0,0,0,0,2,0,19,6,7,41.93297221,-87.64171517,POINT (-87.641715165015 41.932972212256)
6a4b3e26ec730d478052db667ffea1ad45d67f4dba61621d7d6c01766cb1c48ed5008bdadecdafa5a80bdb697d5bd88ee7d5692f2f30c8f73738857a134de19f,,,7/29/2023 10:15,30,TRAFFIC SIGNAL,FUNCTIONING PROPERLY,CLEAR,DAYLIGHT,ANGLE,NOT DIVIDED,,STRAIGHT AND LEVEL,DRY,NO DEFECTS,ON SCENE,INJURY AND / OR TOW DUE TO CRASH,Y,,Y,"OVER $1,500",7/29/2023 10:15,TURNING RIGHT ON RED,FAILING TO YIELD RIGHT-OF-WAY,7900,S,VINCENNES AVE,621,,,,,,,3,NONINCAPACITATING INJURY,2,0,0,2,0,36,0,10,7,7,41.75075039,-87.63438435,POINT (-87.634384345423 41.750750386696)
b7d7a95b040872b626fa35ac54d30c91d2d4d2fdce2e186188f62c652f180b3b64141fa579ca9ee03a7eb7fddd1f0b1918d24a4c5e2f3395841342697ab11062,,,7/26/2023 14:00,30,NO CONTROLS,NO CONTROLS,CLEAR,DAYLIGHT,TURNING,PARKING LOT,,STRAIGHT AND LEVEL,DRY,NO DEFECTS,NOT ON SCENE (DESK REPORT),NO INJURY / DRIVE AWAY,,,Y,"$501 - $1,500",7/29/2023 11:55,IMPROPER OVERTAKING/PASSING,NOT APPLICABLE,3100,W,77TH ST,835,,,,,,,2,NO INDICATION OF INJURY,0,0,0,0,0,2,0,14,4,7,41.75359697,-87.70008142,POINT (-87.700081419736 41.753596964993)
c9abbb42e4bb1f1abd26223512d874176fd895b7900cfa38cc7a2c924ca0be1b95df8d9ca705f33bb3a04c176a36f7525751ba39402a0ca2e317c4fc9fa666d9,,,7/28/2023 16:20,35,TRAFFIC SIGNAL,FUNCTIONING PROPERLY,CLEAR,DAYLIGHT,REAR TO FRONT,FOUR WAY,,STRAIGHT AND LEVEL,DRY,NO DEFECTS,ON SCENE,NO INJURY / DRIVE AWAY,Y,,,$500 OR LESS,7/28/2023 16:20,DRIVING ON WRONG SIDE/WRONG WAY,NOT APPLICABLE,500,N,ASHLAND AVE,1215,,,,,,,2,NO INDICATION OF INJURY,0,0,0,0,0,2,0,16,6,7,41.89100765,-87.66729026,POINT (-87.667290262506 41.891007652449)
4430dfd97b2ba6a063ec05f27a6f35e6cefe0f97544b567c424e1821a4660fa9f7f97696e01bda37c8702f8197c115bdb6c3022b679a91b4865d176988bfc5f8,,Y,7/29/2023 1:30,30,NO CONTROLS,NO CONTROLS,UNKNOWN,UNKNOWN,PARKED MOTOR VEHICLE,NOT DIVIDED,,STRAIGHT AND LEVEL,WET,UNKNOWN,ON SCENE,INJURY AND / OR TOW DUE TO CRASH,,,Y,"OVER $1,500",7/29/2023 2:30,UNABLE TO DETERMINE,UNABLE TO DETERMINE,1352,S,KEDVALE AVE,1011,,,,,,,2,NO INDICATION OF INJURY,0,0,0,0,0,1,0,1,7,7,41.86272871,-87.7288866,POINT (-87.728886596939 41.862728712775)
80270d67d5b46b01447f7777e733f72a3e6e5563101aa160cdaf19e1d052f27176c97ae7b6638358bd390129630dc6a16ab02b73105e3e0e4514c3bcacaba56b,,,7/29/2023 2:44,30,NO CONTROLS,NO CONTROLS,CLEAR,"DARKNESS, LIGHTED ROAD",FIXED OBJECT,DIVIDED - W/MEDIAN (NOT RAISED),,STRAIGHT AND LEVEL,DRY,UNKNOWN,ON SCENE,INJURY AND / OR TOW DUE TO CRASH,,,,"OVER $1,500",7/29/2023 2:48,UNABLE TO DETERMINE,HAD BEEN DRINKING (USE WHEN ARREST IS NOT MADE),2621,W,GRAND AVE,1221,,,,,,,1,NO INDICATION OF INJURY,0,0,0,0,0,1,0,2,7,7,41.89252752,-87.69247108,POINT (-87.692471075163 41.892527523556)
8b544e0c5e212f6f92c786725426b9ba4f0885040baac5bd19f0117e4b52e1553c4fa2f36794cf4430e7449ea05244954c5ce88a44dbe289474092923ed53cb5,,,7/29/2023 2:03,30,NO CONTROLS,NO CONTROLS,RAIN,"DARKNESS, LIGHTED ROAD",PARKED MOTOR VEHICLE,NOT DIVIDED,,STRAIGHT AND LEVEL,WET,UNKNOWN,ON SCENE,INJURY AND / OR TOW DUE TO CRASH,,,Y,"OVER $1,500",7/29/2023 2:04,UNABLE TO DETERMINE,UNABLE TO DETERMINE,4134,S,WESTERN AVE,921,,Y,,,,,2,NO INDICATION OF INJURY,0,0,0,0,0,1,0,2,7,7,41.81825973,-87.68483902,POINT (-87.684839021358 41.818259726826)
0e38d753ba5e1a1a61ca07cc21d6a27e19eaeb7fd8beb85c022be16f344c487089d29be46058851a53de7beb0c2afc3d3f192416fddc216fbfabff53feaf14b9,,,7/28/2023 18:00,30,NO CONTROLS,NO CONTROLS,CLEAR,DAYLIGHT,SIDESWIPE SAME DIRECTION,ONE-WAY,,STRAIGHT AND LEVEL,DRY,NO DEFECTS,NOT ON SCENE (DESK REPORT),NO INJURY / DRIVE AWAY,,,,"OVER $1,500",7/28/2023 22:22,UNABLE TO DETERMINE,UNABLE TO DETERMINE,1,S,CLINTON ST,121,,,,,,,2,NO INDICATION OF INJURY,0,0,0,0,0,2,0,18,6,7,41.88182945,-87.64104542,POINT (-87.641045415636 41.88182944791)
d39b73ed43142493dca5da2bfc7f583837fe39ea664f9ac3ab9bd4c5a1ad8e2c65907e5cda0c9ec80f9ce210b369bc2e9faabc322d3c2e48fe9c5aeae776cebb,,,7/29/2023 17:43,30,NO CONTROLS,NO CONTROLS,CLEAR,DAYLIGHT,PEDALCYCLIST,ONE-WAY,,STRAIGHT AND LEVEL,DRY,NO DEFECTS,ON SCENE,NO INJURY / DRIVE AWAY,,,,$500 OR LESS,7/29/2023 17:44,"EVASIVE ACTION DUE TO ANIMAL, OBJECT, NONMOTORIST",NOT APPLICABLE,5012,N,WINTHROP AVE,2033,,Y,,,,,2,NO INDICATION OF INJURY,0,0,0,0,0,2,0,17,7,7,41.97370056,-87.65789194,POINT (-87.657891935549 41.973700557222)
26aff27762f5b5f2073fefde0d8f866d8cb6421ebeb5fb0f57edb494c414d771c21c5c51a99027f8030fbb9d1d433501cb003240eb75d683bf4279fb5fa7f203,,,7/29/2023 6:00,30,NO CONTROLS,NO CONTROLS,CLOUDY/OVERCAST,"DARKNESS, LIGHTED ROAD",PARKED MOTOR VEHICLE,ONE-WAY,,STRAIGHT AND LEVEL,DRY,NO DEFECTS,ON SCENE,INJURY AND / OR TOW DUE TO CRASH,,,Y,"OVER $1,500",7/29/2023 6:46,UNABLE TO DETERMINE,UNABLE TO DETERMINE,5024,W,MONTANA ST,2521,,,,,,,2,NO INDICATION OF INJURY,0,0,0,0,0,1,0,6,7,7,41.92522039,-87.75229814,POINT (-87.75229814249 41.925220385636)
23cfcfe7f164e97aa39c3dde967cdba6542c64493756b8e5711a117ef794df8859c48cd2264d79a04d222dad71fca661e995b2e56dc29989865b2dfd9fd602d5,,,7/28/2023 14:14,15,NO CONTROLS,NO CONTROLS,CLEAR,DAYLIGHT,PARKED MOTOR VEHICLE,PARKING LOT,,STRAIGHT AND LEVEL,DRY,NO DEFECTS,NOT ON SCENE (DESK REPORT),NO INJURY / DRIVE AWAY,,Y,Y,"$501 - $1,500",7/28/2023 15:45,DRIVING SKILLS/KNOWLEDGE/EXPERIENCE,UNABLE TO DETERMINE,8732,S,STONY ISLAND AVE,412,,,,,,,2,NO INDICATION OF INJURY,0,0,0,0,0,1,0,14,6,7,41.73591611,-87.58577278,POINT (-87.585772778809 41.735916108606)