CRASH_RECORD_ID,RD_NO,CRASH_DATE_EST_I,CRASH_DATE,POSTED_SPEED_LIMIT,TRAFFIC_CONTROL_DEVICE,DEVICE_CONDITION,WEATHER_CONDITION,LIGHTING_CONDITION,FIRST_CRASH_TYPE,TRAFFICWAY_TYPE,LANE_CNT,ALIGNMENT,ROADWAY_SURFACE_COND,ROAD_DEFECT,REPORT_TYPE,CRASH_TYPE,INTERSECTION_RELATED_I,NOT_RIGHT_OF_WAY_I,HIT_AND_RUN_I,DAMAGE,DATE_POLICE_NOTIFIED,PRIM_CONTRIBUTORY_CAUSE,SEC_CONTRIBUTORY_CAUSE,STREET_NO,STREET_DIRECTION,STREET_NAME,BEAT_OF_OCCURRENCE,PHOTOS_TAKEN_I,STATEMENTS_TAKEN_I,DOORING_I,WORK_ZONE_I,WORK_ZONE_TYPE,WORKERS_PRESENT_I,NUM_UNITS,MOST_SEVERE_INJURY,INJURIES_TOTAL,INJURIES_FATAL,INJURIES_INCAPACITATING,INJURIES_NON_INCAPACITATING,INJURIES_REPORTED_NOT_EVIDENT,INJURIES_NO_INDICATION,INJURIES_UNKNOWN,CRASH_HOUR,CRASH_DAY_OF_WEEK,CRASH_MONTH,LATITUDE,LONGITUDE,LOCATION
138580af76412f38e0656edbee07f0db77338f5a14a3a1b141e56c9df61664f52478026bd8a3e718a0295d8fbb06b946386e78f6e605de19cb32d090601ebf2e,,,7/28/2023 23:30,25,NO CONTROLS,NO CONTROLS,RAIN,DARKNESS,TURNING,NOT DIVIDED,,STRAIGHT AND LEVEL,WET,UNKNOWN,NOT ON SCENE (DESK REPORT),NO INJURY / DRIVE AWAY,,,Y,"$501 - $1,500",7/29/2023 13:35,UNABLE TO DETERMINE,UNABLE TO DETERMINE,4619,S,ARCHER AVE,821,,,,,,,2,NO INDICATION OF INJURY,0,0,0,0,0,2,0,23,6,7,41.80945871,-87.71156059,POINT (-87.711560588179 41.809458708691)
507bb912765ca386fd6949920ea57757141af1778f8149b77b82e72af10d9e50e213db3d70a0a1c10e56e7067e3ff3f95d83ca22bd41d71f05f9a43c3b011930,,,7/29/2023 0:06,30,NO CONTROLS,NO CONTROLS,RAIN,"DARKNESS, LIGHTED ROAD",REAR END,NOT DIVIDED,,STRAIGHT AND LEVEL,WET,NO DEFECTS,NOT ON SCENE (DESK REPORT),INJURY AND / OR TOW DUE TO CRASH,,,,"$501 - $1,500",7/29/2023 0:45,FOLLOWING TOO CLOSELY,UNABLE TO DETERMINE,2620,N,ASHLAND AVE,1931,,,,,,,2,"REPORTED, NOT EVIDENT",1,0,0,0,1,1,0,0,7,7,41.92939639,-87.66844007,POINT (-87.668440074306 41.929396385596)
5cfe0ab89f900977fd15caab5b50790512c34547e8d86878add32fccac67b0569b5124b08bedafb2e1ff1fa8ee6703dbdca1c845eee130c757aec6959238deb5,,,7/26/2023 18:30,30,TRAFFIC SIGNAL,FUNCTIONING PROPERLY,CLEAR,DAYLIGHT,REAR END,NOT DIVIDED,,STRAIGHT AND LEVEL,DRY,NO DEFECTS,NOT ON SCENE (DESK REPORT),NO INJURY / DRIVE AWAY,,,,"OVER $1,500",7/28/2023 9:45,FAILING TO REDUCE SPEED TO AVOID CRASH,FOLLOWING TOO CLOSELY,6222,N,SHERIDAN RD,2433,,,,,,,2,NO INDICATION OF INJURY,0,0,0,0,0,2,0,18,4,7,41.99530972,-87.65569652,POINT (-87.655696516789 41.995309718153)
f5ee03469b935fae21642886ad0c045f9ec578dfd7fb7e962617a887483c709e5eb39703341fb28c12248e7f4f8065291c06087648451a4482147af0af954034,,,7/28/2023 23:02,15,NO CONTROLS,NO CONTROLS,RAIN,"DARKNESS, LIGHTED ROAD",FIXED OBJECT,PARKING LOT,,STRAIGHT AND LEVEL,WET,NO DEFECTS,ON SCENE,INJURY AND / OR TOW DUE TO CRASH,,,,"OVER $1,500",7/28/2023 23:05,UNABLE TO DETERMINE,UNABLE TO DETERMINE,3434,S,DR MARTIN LUTHER KING JR DR,211,,,,,,,1,NO INDICATION OF INJURY,0,0,0,0,0,1,0,23,6,7,41.83180302,-87.61747424,POINT (-87.617474235087 41.831803019984)
30abdfa6c448ffdbc7bc38efd06c32c9d7b22d54aafb46c1b843799771c98f66264bcfe5f33b23397e8c9d066357042967fffe1db29e548b89d0e1caffca0745,,,7/29/2023 15:24,30,TRAFFIC SIGNAL,FUNCTIONING PROPERLY,CLEAR,DAYLIGHT,REAR END,NOT DIVIDED,,STRAIGHT AND LEVEL,DRY,UNKNOWN,NOT ON SCENE (DESK REPORT),NO INJURY / DRIVE AWAY,,,,"OVER $1,500",7/29/2023 21:00,FOLLOWING TOO CLOSELY,FOLLOWING TOO CLOSELY,5830,W,BRYN MAWR AVE,1622,,,,,,,2,NO INDICATION OF INJURY,0,0,0,0,0,3,0,15,7,7,41.98302724,-87.77441526,POINT (-87.774415256696 41.983027235065)
5824bc0547d8715c56f33d77a9468adc2f605d70f15ef848601a49ac1f0f94019cb0bfd7af82ca2a3a215d062fe4576cc638df32e096fcb5fd410bb9e370ea66,,,7/28/2023 11:55,10,NO CONTROLS,NO CONTROLS,CLEAR,DAYLIGHT,PARKED MOTOR VEHICLE,PARKING LOT,,STRAIGHT AND LEVEL,DRY,NO DEFECTS,ON SCENE,NO INJURY / DRIVE AWAY,,,Y,"$501 - $1,500",7/28/2023 12:30,UNABLE TO DETERMINE,NOT APPLICABLE,6650,W,BELDEN AVE,2512,,,,,,,2,NO INDICATION OF INJURY,0,0,0,0,0,1,0,11,6,7,41.92130822,-87.79209096,POINT (-87.792090958049 41.921308222754)
75baf9986c91f6e6c29c4f7c5dd7e130dbafa8b90c07c5be2029075e012b858474250c517b90921e8d8104cf8449be39a8e15895d5fdb7f4b8ae941a5205ea9c,,,7/25/2023 13:58,30,TRAFFIC SIGNAL,FUNCTIONING PROPERLY,CLEAR,DAYLIGHT,TURNING,DIVIDED - W/MEDIAN (NOT RAISED),,STRAIGHT AND LEVEL,DRY,NO DEFECTS,NOT ON SCENE (DESK REPORT),NO INJURY / DRIVE AWAY,,,Y,"OVER $1,500",7/28/2023 12:30,UNABLE TO DETERMINE,UNABLE TO DETERMINE,300,W,59TH ST,711,,,,,,,2,NO INDICATION OF INJURY,0,0,0,0,0,2,0,13,3,7,41.78732649,-87.63286234,POINT (-87.632862341958 41.787326489436)
dee655281a3e543750e0dfbc9fb524ef691492ed632d70dfcf6617d213b44fb6d75bf831141ec91de9705bb95ffb4d4001706d8ab455d7f1663a29a6485b6db5,,,7/28/2023 22:15,25,UNKNOWN,UNKNOWN,RAIN,"DARKNESS, LIGHTED ROAD",PARKED MOTOR VEHICLE,NOT DIVIDED,,STRAIGHT AND LEVEL,WET,UNKNOWN,ON SCENE,INJURY AND / OR TOW DUE TO CRASH,,,,"OVER $1,500",7/28/2023 22:19,UNABLE TO DETERMINE,NOT APPLICABLE,4738,W,PALMER ST,2522,,,,,,,2,NO INDICATION OF INJURY,0,0,0,0,0,1,0,22,6,7,41.92070514,-87.74537177,POINT (-87.745371768916 41.920705135668)
1c616f202b3fe6bf4be7a55930f8917a17ef759267ba4ca1bc631ba78aca7efeedef5c10fbcab3f66abd0b76e8908e39de34375a81b9349e7e6dfc0a64854550,,,7/28/2023 10:20,30,NO CONTROLS,NO CONTROLS,CLEAR,DAYLIGHT,REAR END,NOT DIVIDED,,STRAIGHT AND LEVEL,DRY,NO DEFECTS,NOT ON SCENE (DESK REPORT),NO INJURY / DRIVE AWAY,,,,$500 OR LESS,7/29/2023 10:45,UNABLE TO DETERMINE,UNABLE TO DETERMINE,3946,W,55TH ST,822,,,,,,,2,NO INDICATION OF INJURY,0,0,0,0,0,4,0,10,6,7,41.79332257,-87.72257803,POINT (-87.722578029745 41.793322565999)
a58fecf1694c01c4a54fb19f26fa33358cff29dc94f79c1f332ceabd7eac5997e63195806f0dda3c061ebb35319118e48dc2091ca8468ee67315e347ff2c9bff,,,7/28/2023 16:30,30,STOP SIGN/FLASHER,FUNCTIONING PROPERLY,CLEAR,DAYLIGHT,ANGLE,NOT DIVIDED,,STRAIGHT AND LEVEL,DRY,NO DEFECTS,NOT ON SCENE (DESK REPORT),NO INJURY / DRIVE AWAY,Y,,,"OVER $1,500",7/28/2023 17:00,UNABLE TO DETERMINE,UNABLE TO DETERMINE,10600,S,AVENUE L,432,,,,,,,2,NO INDICATION OF INJURY,0,0,0,0,0,2,0,16,6,7,41.70264801,-87.53663874,POINT (-87.536638735138 41.702648006115)
bf9a8d4ecc09d32a984fec47ed7f61bbff0aede4bd43023768fb91af80aebe306ac16e959bd27b168db833ef0ef5a6d8ba4b2e6fb176ae34f7bd7440a6748d6d,,,7/29/2023 17:08,30,NO CONTROLS,NO CONTROLS,CLEAR,DAYLIGHT,SIDESWIPE SAME DIRECTION,NOT DIVIDED,,STRAIGHT AND LEVEL,DRY,NO DEFECTS,ON SCENE,INJURY AND / OR TOW DUE TO CRASH,,,,"OVER $1,500",7/29/2023 18:47,IMPROPER OVERTAKING/PASSING,FAILING TO YIELD RIGHT-OF-WAY,2401,W,OGDEN AVE,1023,,,,,,,2,NO INDICATION OF INJURY,0,0,0,0,0,2,0,17,7,7,41.86464673,-87.68600251,POINT (-87.686002512195 41.864646729616)
f5aeaf0525a576a953a1bf865ab01f7a3217f297049b9f80d8075fea0cfd92ecd1ce919c0ef1e575efe21c22f3f8add4b41f6bfa7805baddb1ab691739d5c9b4,,,7/28/2023 9:30,30,NO CONTROLS,NO CONTROLS,CLEAR,DAYLIGHT,SIDESWIPE SAME DIRECTION,NOT DIVIDED,,STRAIGHT AND LEVEL,DRY,NO DEFECTS,NOT ON SCENE (DESK REPORT),NO INJURY / DRIVE AWAY,,,,"OVER $1,500",7/28/2023 9:45,UNABLE TO DETERMINE,UNABLE TO DETERMINE,4598,N,CICERO AVE,1623,,,,,,,2,NO INDICATION OF INJURY,0,0,0,0,0,2,0,9,6,7,41.96430694,-87.74776186,POINT (-87.747761859785 41.964306938238)
06867d72ba3c9797053a919f85463fa87533cde43c84b040cf70a1234142a7933bf30a78e5aa56b4dd0a6f8f246b219bcd17cf384b769bdb4bc0ab81337f189a,,,7/28/2023 21:32,30,NO CONTROLS,NO CONTROLS,RAIN,"DARKNESS, LIGHTED ROAD",PARKED MOTOR VEHICLE,NOT DIVIDED,,STRAIGHT AND LEVEL,WET,NO DEFECTS,ON SCENE,NO INJURY / DRIVE AWAY,,,Y,"OVER $1,500",7/28/2023 21:35,UNABLE TO DETERMINE,NOT APPLICABLE,2416,S,BLUE ISLAND AVE,1034,,,,,,,2,NO INDICATION OF INJURY,0,0,0,0,0,1,0,21,6,7,41.84845863,-87.67627127,POINT (-87.676271269123 41.848458633353)
6d20e85b6d5b769174c6d47f71f83783b7cf8f3774b7c82a9ae0645dcbda1d2af65df01eed12901bdf6ec11bf380f52f92233d4182bb9d684645a777ccd7d165,,,7/29/2023 23:20,10,OTHER,OTHER,CLEAR,DARKNESS,FIXED OBJECT,PARKING LOT,,STRAIGHT AND LEVEL,DRY,UNKNOWN,NOT ON SCENE (DESK REPORT),NO INJURY / DRIVE AWAY,,,N,"OVER $1,500",7/29/2023 23:30,UNABLE TO DETERMINE,NOT APPLICABLE,1718,S,STATE ST,131,,,,,,,1,NO INDICATION OF INJURY,0,0,0,0,0,1,0,23,7,7,41.85837259,-87.62735617,POINT (-87.62735617097 41.858372592889)
e4e5dc24e8f5760820fbfe42d275e442d12150bc7fb41b7aeba6a44b7c868a2774569ef26090cac758127a7a19827d219540223841bb2092caf969498d90da1a,,,7/28/2023 21:51,30,NO CONTROLS,FUNCTIONING PROPERLY,CLEAR,"DARKNESS, LIGHTED ROAD",SIDESWIPE OPPOSITE DIRECTION,DIVIDED - W/MEDIAN (NOT RAISED),,STRAIGHT AND LEVEL,DRY,NO DEFECTS,NOT ON SCENE (DESK REPORT),NO INJURY / DRIVE AWAY,,,Y,"$501 - $1,500",7/28/2023 22:35,UNABLE TO DETERMINE,NOT APPLICABLE,6458,S,KEDZIE AVE,823,,,,,,,3,NO INDICATION OF INJURY,0,0,0,0,0,3,0,21,6,7,41.77536509,-87.70320044,POINT (-87.703200444368 41.775365089204)
c52813dacc4d2661a054785cf5eb924857f5a7a0a5b043fb0a409a7eb26c9a88f2511f6109be80b604f61b3d3e52daf1a17fd187af6648c722d1a8ef0199fbfc,,,7/28/2023 10:35,30,TRAFFIC SIGNAL,FUNCTIONING PROPERLY,CLEAR,DAYLIGHT,PEDALCYCLIST,FOUR WAY,,STRAIGHT AND LEVEL,DRY,NO DEFECTS,ON SCENE,INJURY AND / OR TOW DUE TO CRASH,Y,,Y,"OVER $1,500",7/28/2023 10:42,UNABLE TO DETERMINE,UNABLE TO DETERMINE,3800,W,MADISON ST,1122,,,,,,,2,NONINCAPACITATING INJURY,1,0,0,1,0,1,0,10,6,7,41.88089727,-87.72088123,POINT (-87.720881226139 41.880897273491)
7d63115cc159bdf9886d45d3c691b3418c43710e66eaa41f1aa45b7a700c91a2156f6e92e709becba23ddb9295c9a64b9e4080d0d1b782a11400648328bdc1ac,,,7/28/2023 23:40,25,NO CONTROLS,NO CONTROLS,SEVERE CROSS WIND GATE,"DARKNESS, LIGHTED ROAD",PARKED MOTOR VEHICLE,NOT DIVIDED,,STRAIGHT AND LEVEL,WET,UNKNOWN,ON SCENE,NO INJURY / DRIVE AWAY,,,,"OVER $1,500",7/28/2023 23:40,WEATHER,NOT APPLICABLE,463,W,28TH ST,914,,,,,,,3,NO INDICATION OF INJURY,0,0,0,0,0,1,0,23,6,7,41.84349315,-87.63909445,POINT (-87.639094448603 41.843493147651)
1ea0dea65606c9d251e09936ef65d66f9269e8ef6da483b82e31eee36a18aae3f8e9645a62458b5506072fe2d5ff5a1fb5dcabea1f043ce895a929568af3ea9d,,,7/28/2023 11:11,30,TRAFFIC SIGNAL,FUNCTIONING PROPERLY,CLEAR,DAYLIGHT,OTHER OBJECT,DIVIDED - W/MEDIAN (NOT RAISED),,STRAIGHT AND LEVEL,UNKNOWN,NO DEFECTS,ON SCENE,NO INJURY / DRIVE AWAY,,,,"$501 - $1,500",7/28/2023 11:14,UNABLE TO DETERMINE,UNABLE TO DETERMINE,3203,N,KEDZIE AVE,1733,,,,,,,2,NO INDICATION OF INJURY,0,0,0,0,0,3,0,11,6,7,41.93941832,-87.70755719,POINT (-87.707557189036 41.939418318415)
890c10c6dda7ed9f86f715358f5ebf85a6022002177ecef0a6b4c2e174dd5b3d2138d82a4c298aeea7a5838c3525c059273c22664542050c102ede6f59ec9c6b,,,7/29/2023 10:10,30,NO CONTROLS,NO CONTROLS,CLEAR,DAYLIGHT,ANGLE,NOT DIVIDED,,STRAIGHT AND LEVEL,DRY,NO DEFECTS,ON SCENE,NO INJURY / DRIVE AWAY,,,,"OVER $1,500",7/29/2023 10:11,FAILING TO YIELD RIGHT-OF-WAY,NOT APPLICABLE,1954,W,79TH ST,611,,,,,,,2,NO INDICATION OF INJURY,0,0,0,0,0,2,0,10,7,7,41.75034267,-87.67292956,POINT (-87.672929561968 41.750342669691)
418d5f976602fcae55b77d45752fa133eb13967e0bd862be320bf547e9fc9b39c0fb3595d0f0f5c862804825b71eb8426774eca3a758702a56857e8ad0ac07b6,,,7/23/2023 12:22,30,TRAFFIC SIGNAL,FUNCTIONING PROPERLY,CLEAR,DAYLIGHT,REAR END,DIVIDED - W/MEDIAN (NOT RAISED),,STRAIGHT AND LEVEL,DRY,NO DEFECTS,NOT ON SCENE (DESK REPORT),NO INJURY / DRIVE AWAY,,,,"OVER $1,500",7/29/2023 17:30,DISTRACTION - FROM INSIDE VEHICLE,UNABLE TO DETERMINE,1635,W,IRVING PARK RD,1922,,,,,,,2,NO INDICATION OF INJURY,0,0,0,0,0,2,0,12,1,7,41.95416125,-87.67036928,POINT (-87.670369281866 41.954161252678)
d15d53ce084e137d9b134837ffb04a5a057967fc3bb408e79429ef1c02fc967ba145e9ee09d835c4bc3e1310e33cde2ec39dce479598042cd8aa75b620a5b31b,,Y,7/18/2023 14:00,10,NO CONTROLS,NO CONTROLS,CLEAR,DAYLIGHT,PARKED MOTOR VEHICLE,ALLEY,,STRAIGHT AND LEVEL,DRY,NO DEFECTS,NOT ON SCENE (DESK REPORT),NO INJURY / DRIVE AWAY,,,,"$501 - $1,500",7/29/2023 10:00,IMPROPER BACKING,NOT APPLICABLE,6018,W,FLETCHER ST,2511,,,,,,,2,NO INDICATION OF INJURY,0,0,0,0,0,1,0,14,3,7,41.93763391,-87.77698601,POINT (-87.776986014252 41.937633911626)
fbe1977d53105582a94553e49a39e67de687254d818fd37ad081d609c49bed3e32d3c8ca5ec73dc9da91d16a027b63bda853c71fda09aa690e072e1de9f041a9,,,7/27/2023 20:00,30,NO CONTROLS,NO CONTROLS,CLEAR,"DARKNESS, LIGHTED ROAD",PARKED MOTOR VEHICLE,NOT DIVIDED,,STRAIGHT AND LEVEL,DRY,NO DEFECTS,ON SCENE,NO INJURY / DRIVE AWAY,,,Y,"OVER $1,500",7/28/2023 12:31,FAILING TO REDUCE SPEED TO AVOID CRASH,PHYSICAL CONDITION OF DRIVER,4958,S,KARLOV AVE,815,,Y,,,,,2,NO INDICATION OF INJURY,0,0,0,0,0,1,0,20,5,7,41.8024401,-87.72602327,POINT (-87.726023271716 41.802440101757)
2130f4c78651093130534c8d4b35d95bfbeb3620d1cf4460d80717b1ee5f7dcfc7952f69f783fc0f919163e6c4475dae25fb7328fdf7718ce8e36087e072ca0f,,,7/29/2023 14:45,30,TRAFFIC SIGNAL,FUNCTIONING PROPERLY,CLEAR,DAYLIGHT,FIXED OBJECT,NOT DIVIDED,,STRAIGHT AND LEVEL,DRY,NO DEFECTS,ON SCENE,INJURY AND / OR TOW DUE TO CRASH,,,,"OVER $1,500",7/29/2023 15:03,DRIVING SKILLS/KNOWLEDGE/EXPERIENCE,DRIVING SKILLS/KNOWLEDGE/EXPERIENCE,3201,W,LAKE ST,1123,,,,,,,1,NO INDICATION OF INJURY,0,0,0,0,0,1,0,14,7,7,41.88424956,-87.70635939,POINT (-87.706359391393 41.884249556561)
1e160caa9861fa73d31af2e407d32667cc570439346e791d8fb339078b843885f87aa23dd58702e95276c4088fec4367b3716c67970f3e61938bb7aecea00080,,,7/29/2023 2:00,30,NO CONTROLS,NO CONTROLS,CLEAR,DUSK,SIDESWIPE OPPOSITE DIRECTION,NOT DIVIDED,,STRAIGHT AND LEVEL,WET,UNKNOWN,ON SCENE,INJURY AND / OR TOW DUE TO CRASH,,,Y,"OVER $1,500",7/29/2023 2:10,"OPERATING VEHICLE IN ERRATIC, RECKLESS, CARELESS, NEGLIGENT OR AGGRESSIVE MANNER","OPERATING VEHICLE IN ERRATIC, RECKLESS, CARELESS, NEGLIGENT OR AGGRESSIVE MANNER",1138,N,CENTRAL AVE,1511,,,,,,,2,NO INDICATION OF INJURY,0,0,0,0,0,3,0,2,7,7,41.90146498,-87.76577658,POINT (-87.765776574791 41.901464981301)
9ea7ede892cfc5f99acd611a88bdb60a64c5420fbc7e1b85609a9e6747d3f672dca3096811d7d8514c5be22fd3334c416d7236b5458b0c38431af5e6dd9acbe7,,,7/29/2023 20:10,30,NO CONTROLS,NO CONTROLS,CLEAR,DAYLIGHT,SIDESWIPE OPPOSITE DIRECTION,NOT DIVIDED,,STRAIGHT AND LEVEL,DRY,NO DEFECTS,ON SCENE,NO INJURY / DRIVE AWAY,,,Y,"OVER $1,500",7/29/2023 20:45,UNABLE TO DETERMINE,NOT APPLICABLE,10059,S,PROSPECT AVE,2213,,,,,,,3,NO INDICATION OF INJURY,0,0,0,0,0,2,0,20,7,7,41.7105019,-87.66227488,POINT (-87.662274878343 41.710501901769)
096cf9ac57f54f9593b7852b309594efbccc849cdfde5e7a8c41b9ae9524cb4c4718d2bd4faa818c80942c107be2ae6e0b6b78f1f7bf81f1a9ca6d6dd7b21438,,,7/29/2023 15:20,30,NO CONTROLS,NO CONTROLS,CLEAR,DAYLIGHT,SIDESWIPE SAME DIRECTION,NOT DIVIDED,,STRAIGHT AND LEVEL,DRY,NO DEFECTS,ON SCENE,NO INJURY / DRIVE AWAY,,,,"OVER $1,500",7/29/2023 15:20,IMPROPER TURNING/NO SIGNAL,IMPROPER OVERTAKING/PASSING,6321,S,COTTAGE GROVE AVE,312,,Y,,,,,2,NO INDICATION OF INJURY,0,0,0,0,0,6,0,15,7,7,41.7797573,-87.60576963,POINT (-87.605769625499 41.779757303597)
44ea8a5c4244eb8e3f4ab7ef02f4dbdabde40b598e4c285d1651c197728563f0a66d822376283f46aa58f13580de933ec227b11ffbef1c2648a2b7c8b12ebe70,,N,7/28/2023 20:30,35,NO CONTROLS,NO CONTROLS,CLEAR,"DARKNESS, LIGHTED ROAD",TURNING,DIVIDED - W/MEDIAN (NOT RAISED),,STRAIGHT AND LEVEL,WET,NO DEFECTS,ON SCENE,INJURY AND / OR TOW DUE TO CRASH,Y,,,"OVER $1,500",7/28/2023 20:35,UNABLE TO DETERMINE,NOT APPLICABLE,7000,S,ASHLAND AVE,735,,,,,,,2,INCAPACITATING INJURY,1,0,1,0,0,3,0,20,6,7,41.76663746,-87.66398221,POINT (-87.663982209003 41.766637458225)
84100d4d621790e2b28e4405e9e28782a78dc448037e1471218deb0debe217d89ec7e90ef9d730e2e1cc065272fabd8fb981308cda39255dc4c6c08d7ad39ced,,Y,7/22/2023 13:55,30,NO CONTROLS,NO CONTROLS,CLEAR,DAYLIGHT,REAR END,FOUR WAY,,STRAIGHT AND LEVEL,DRY,UNKNOWN,NOT ON SCENE (DESK REPORT),NO INJURY / DRIVE AWAY,Y,,Y,$500 OR LESS,7/22/2023 14:20,UNABLE TO DETERMINE,UNABLE TO DETERMINE,35,W,107TH ST,513,,,,,,,2,NO INDICATION OF INJURY,0,0,0,0,0,2,0,13,7,7,41.69974607,-87.62465146,POINT (-87.624651454957 41.69974607255)
c35030b42a919bffc1b1b41a4fa828b9c251bb4645ec9350b9dd151898b130556de3a8c45a9b5a108e78947854c95d4a8891f8044c894a528cae8729605989f3,,,7/27/2023 23:10,30,TRAFFIC SIGNAL,FUNCTIONING PROPERLY,CLEAR,"DARKNESS, LIGHTED ROAD",REAR END,NOT DIVIDED,,STRAIGHT AND LEVEL,DRY,NO DEFECTS,NOT ON SCENE (DESK REPORT),NO INJURY / DRIVE AWAY,,,,"$501 - $1,500",7/27/2023 23:45,FOLLOWING TOO CLOSELY,UNABLE TO DETERMINE,120,W,HUBBARD ST,1831,,,,,,,2,NO INDICATION OF INJURY,0,0,0,0,0,2,0,23,5,7,41.89011975,-87.63203606,POINT (-87.632036059353 41.890119747287)
ec5d1cb654bfb9f541293839ece9c1f66b7279ea6abf0be667c4f036a5e6a8091bf53305481395cd19b4da263f705d9673d138428387217d804a713349315884,,,7/24/2023 11:58,20,UNKNOWN,UNKNOWN,UNKNOWN,UNKNOWN,REAR TO FRONT,UNKNOWN,,STRAIGHT AND LEVEL,UNKNOWN,UNKNOWN,NOT ON SCENE (DESK REPORT),NO INJURY / DRIVE AWAY,,,,"$501 - $1,500",7/29/2023 10:30,UNABLE TO DETERMINE,UNABLE TO DETERMINE,312,E,HURON ST,1834,,,,,,,2,NO INDICATION OF INJURY,0,0,0,0,0,4,0,11,2,7,41.89512708,-87.61975792,POINT (-87.619757920972 41.895127077944)
b636ae935b29aaf7cf365caf9565bb5b4d2f9c34187e678088fd7addc456ec81f11c84a6f09c8c8f34cf02cf1c5c3318ac5910a82dc8d786579ced645493bf2e,,,7/28/2023 15:00,30,TRAFFIC SIGNAL,FUNCTIONING PROPERLY,CLEAR,DAYLIGHT,TURNING,NOT DIVIDED,,STRAIGHT AND LEVEL,DRY,NO DEFECTS,NOT ON SCENE (DESK REPORT),NO INJURY / DRIVE AWAY,Y,,,"OVER $1,500",7/28/2023 16:00,UNABLE TO DETERMINE,UNABLE TO DETERMINE,8700,S,STONY ISLAND AVE,412,,,,,,,2,NO INDICATION OF INJURY,0,0,0,0,0,2,0,15,6,7,41.73682263,-87.58578342,POINT (-87.585783420329 41.736822630157)
6115d1a518c545c819d947f9e6f2ff45b64f727a106c1a8248ad8906bdc2487551d189d96d305eb3fb7e9a9db2aa9be0616a5b6a2ab8c741e543787def7f35c6,,,7/27/2023 14:05,30,STOP SIGN/FLASHER,OTHER,CLEAR,DAYLIGHT,ANGLE,NOT DIVIDED,,STRAIGHT AND LEVEL,DRY,NO DEFECTS,ON SCENE,INJURY AND / OR TOW DUE TO CRASH,Y,,,"OVER $1,500",7/27/2023 14:08,FAILING TO YIELD RIGHT-OF-WAY,FAILING TO YIELD RIGHT-OF-WAY,4899,W,MONTROSE AVE,1624,,,,,,,2,INCAPACITATING INJURY,1,0,1,0,0,1,0,14,5,7,41.96058644,-87.74990808,POINT (-87.749908082199 41.960586436884)
fb39f765e38c654ae567af20ee0765253a5c78210e80097e76c12257d39dd7df6dbdfa21efe0435a75d92be1ac369846c2ba96c1f3a176e603e6314a04d104a9,,Y,7/28/2023 12:22,30,OTHER,NO CONTROLS,CLEAR,DAYLIGHT,PEDALCYCLIST,NOT DIVIDED,,STRAIGHT AND LEVEL,DRY,NO DEFECTS,ON SCENE,NO INJURY / DRIVE AWAY,,,,$500 OR LESS,7/28/2023 12:23,"VISION OBSCURED (SIGNS, TREE LIMBS, BUILDINGS, ETC.)",NOT APPLICABLE,3241,W,MONTROSE AVE,1724,,,,,,,2,NO INDICATION OF INJURY,0,0,0,0,0,2,0,12,6,7,41.96105914,-87.70986796,POINT (-87.70986796344 41.961059135039)
e6dea102ffbbf43668927043065a1b0a7d3c4fe93d723d50d152e391883fd56b1edf7862c9770ec28f2bf42e677bdca443e79622e18c3db7d2cde5ae75c99bef,,,7/29/2023 13:00,25,NO CONTROLS,NO CONTROLS,CLEAR,DAYLIGHT,REAR END,NOT DIVIDED,,STRAIGHT AND LEVEL,DRY,NO DEFECTS,NOT ON SCENE (DESK REPORT),NO INJURY / DRIVE AWAY,,,,"OVER $1,500",7/29/2023 14:00,FAILING TO REDUCE SPEED TO AVOID CRASH,NOT APPLICABLE,5100,W,GRAND AVE,2522,,,,,,,2,NO INDICATION OF INJURY,0,0,0,0,0,2,0,13,7,7,41.91695371,-87.75343731,POINT (-87.75343730604 41.916953706087)
8b836bc7b1e2fd6d32b6d12eb7a97deccec4deee96bd0ca2bb5d8fe5db96ac2af474541791cd77eb0991cc830979dff48509bc5371b6fbab752a8bb42b5f4820,,,7/28/2023 21:35,30,STOP SIGN/FLASHER,FUNCTIONING PROPERLY,RAIN,"DARKNESS, LIGHTED ROAD",PEDESTRIAN,DIVIDED - W/MEDIAN (NOT RAISED),,STRAIGHT AND LEVEL,WET,UNKNOWN,NOT ON SCENE (DESK REPORT),INJURY AND / OR TOW DUE TO CRASH,,,,$500 OR LESS,7/28/2023 21:43,DISREGARDING STOP SIGN,NOT APPLICABLE,2500,E,103RD ST,431,,,,,,,2,NONINCAPACITATING INJURY,1,0,0,1,0,1,0,21,6,7,41.70823124,-87.56324576,POINT (-87.56324576224 41.708231241801)