CRASH_RECORD_ID,RD_NO,CRASH_DATE_EST_I,CRASH_DATE,POSTED_SPEED_LIMIT,TRAFFIC_CONTROL_DEVICE,DEVICE_CONDITION,WEATHER_CONDITION,LIGHTING_CONDITION,FIRST_CRASH_TYPE,TRAFFICWAY_TYPE,LANE_CNT,ALIGNMENT,ROADWAY_SURFACE_COND,ROAD_DEFECT,REPORT_TYPE,CRASH_TYPE,INTERSECTION_RELATED_I,NOT_RIGHT_OF_WAY_I,HIT_AND_RUN_I,DAMAGE,DATE_POLICE_NOTIFIED,PRIM_CONTRIBUTORY_CAUSE,SEC_CONTRIBUTORY_CAUSE,STREET_NO,STREET_DIRECTION,STREET_NAME,BEAT_OF_OCCURRENCE,PHOTOS_TAKEN_I,STATEMENTS_TAKEN_I,DOORING_I,WORK_ZONE_I,WORK_ZONE_TYPE,WORKERS_PRESENT_I,NUM_UNITS,MOST_SEVERE_INJURY,INJURIES_TOTAL,INJURIES_FATAL,INJURIES_INCAPACITATING,INJURIES_NON_INCAPACITATING,INJURIES_REPORTED_NOT_EVIDENT,INJURIES_NO_INDICATION,INJURIES_UNKNOWN,CRASH_HOUR,CRASH_DAY_OF_WEEK,CRASH_MONTH,LATITUDE,LONGITUDE,LOCATION
28cf84755ce81880460df24e257c9ca0d2e60ffc1d0aa94b6ee3a158eb04e2c7569f80500aad339795a7e51ad01745fbfd5a2d00fb83720d914e24a3e937d531,,,7/29/2023 16:30,30,NO CONTROLS,NO CONTROLS,CLEAR,DAYLIGHT,REAR END,NOT DIVIDED,,STRAIGHT AND LEVEL,DRY,UNKNOWN,NOT ON SCENE (DESK REPORT),NO INJURY / DRIVE AWAY,,,Y,"$501 - $1,500",7/29/2023 17:35,UNABLE TO DETERMINE,NOT APPLICABLE,755,W,95TH ST,2223,,,,,,,2,NO INDICATION OF INJURY,0,0,0,0,0,2,0,16,7,7,41.72135118,-87.64298147,POINT (-87.642981465811 41.721351183883)
7b51c1efcb0bf13671bacb45cad9f2610336325112cc4dc805a3363b8b81036592d35179f1bf442dc4bb68dfb97bf3a22f09a5c40c21fddbaf1c32738b9a3c82,,,7/29/2023 11:25,30,NO CONTROLS,NO CONTROLS,CLEAR,DAYLIGHT,REAR END,DIVIDED - W/MEDIAN (NOT RAISED),,STRAIGHT AND LEVEL,DRY,NO DEFECTS,ON SCENE,INJURY AND / OR TOW DUE TO CRASH,,,,"OVER $1,500",7/29/2023 11:26,FOLLOWING TOO CLOSELY,NOT APPLICABLE,2030,W,ADDISON ST,1921,,,,,,,3,"REPORTED, NOT EVIDENT",1,0,0,0,1,2,0,11,7,7,41.9469581,-87.67970786,POINT (-87.679707861608 41.946958097873)
13df7ff4570dd94a1b33f953a1e16fb6b3ef6d3fa50ce0351b6b2aad56894e0da9b973a0581710d54a41763db07a2a634c85f1d6e1fce1a84da12ac2c67bd86d,,,7/29/2023 23:30,35,TRAFFIC SIGNAL,UNKNOWN,CLEAR,"DARKNESS, LIGHTED ROAD",REAR TO FRONT,NOT DIVIDED,,STRAIGHT AND LEVEL,DRY,NO DEFECTS,NOT ON SCENE (DESK REPORT),NO INJURY / DRIVE AWAY,,,,"$501 - $1,500",7/30/2023 0:00,UNABLE TO DETERMINE,UNABLE TO DETERMINE,6800,S,COTTAGE GROVE AVE,321,,,,,,,2,NO INDICATION OF INJURY,0,0,0,0,0,2,0,23,7,7,41.77122922,-87.60587151,POINT (-87.605871509881 41.771229219514)
3b7474097f9bfe93f6fb0cda76883260e6cdfa79cef64923f4221dc9e2b3409c5ffd775007ebb29c2966ba36995b1674aa97f8a152b4cf9afe87d1a3791a1e69,,,7/29/2023 0:00,30,NO CONTROLS,NO CONTROLS,RAIN,"DARKNESS, LIGHTED ROAD",SIDESWIPE SAME DIRECTION,ONE-WAY,,STRAIGHT AND LEVEL,WET,NO DEFECTS,ON SCENE,INJURY AND / OR TOW DUE TO CRASH,,,,"OVER $1,500",7/29/2023 0:29,UNABLE TO DETERMINE,UNABLE TO DETERMINE,110,S,JEFFERSON ST,121,,,,,,,2,NO INDICATION OF INJURY,0,0,0,0,0,8,0,0,7,7,41.88019526,-87.64275369,POINT (-87.642753691718 41.880195258359)
76410d0d44f6ac4c301a45ff1cfe3cf5e335b6403d0444cce4f6b58070c8734d6a7d36eab2f7efa3c8a829c98d38bc458adbffa458834f6b6ddb380910eac1e9,,,7/29/2023 15:40,30,STOP SIGN/FLASHER,FUNCTIONING PROPERLY,CLEAR,DAYLIGHT,ANGLE,FOUR WAY,,STRAIGHT AND LEVEL,DRY,UNKNOWN,,NO INJURY / DRIVE AWAY,,,Y,"OVER $1,500",7/29/2023 15:45,FAILING TO YIELD RIGHT-OF-WAY,UNABLE TO DETERMINE,5400,S,MORGAN ST,934,,,,,,,2,NO INDICATION OF INJURY,0,0,0,0,0,3,0,15,7,7,41.79593204,-87.65020986,POINT (-87.650209857487 41.795932037492)
dc61cb108c61cf0d0c3e40fdee2c6f587e9476f51955cac0cff77727862f2bc7a90cb1c8016be3d037a51a27e14dcef96fa0123c5fbbdb5c044a5df6b60f18a8,,,7/29/2023 1:10,30,NO CONTROLS,NO CONTROLS,RAIN,"DARKNESS, LIGHTED ROAD",SIDESWIPE SAME DIRECTION,DIVIDED - W/MEDIAN (NOT RAISED),,STRAIGHT AND LEVEL,WET,NO DEFECTS,ON SCENE,INJURY AND / OR TOW DUE TO CRASH,,,Y,"OVER $1,500",7/29/2023 1:19,"OPERATING VEHICLE IN ERRATIC, RECKLESS, CARELESS, NEGLIGENT OR AGGRESSIVE MANNER",IMPROPER OVERTAKING/PASSING,5132,W,63RD ST,813,,,,,,,3,NO INDICATION OF INJURY,0,0,0,0,0,3,0,1,7,7,41.77837314,-87.75085475,POINT (-87.750854745549 41.778373141179)
cec8e01e41178bf8d4db915ab5057b60a087511b73e86748ee41e48bb167fe3b97e0f3cb0b67b5f5a0cb204b831ce8b8e5dc9d091ec6fc752f262358ba64da5e,,,7/29/2023 14:57,30,NO CONTROLS,NO CONTROLS,CLEAR,DAYLIGHT,ANGLE,FOUR WAY,,STRAIGHT AND LEVEL,DRY,NO DEFECTS,ON SCENE,INJURY AND / OR TOW DUE TO CRASH,,,Y,"OVER $1,500",7/29/2023 16:19,UNABLE TO DETERMINE,UNABLE TO DETERMINE,1902,E,85TH ST,412,,,,,,,2,NO INDICATION OF INJURY,0,0,0,0,0,2,0,14,7,7,41.74077348,-87.57806916,POINT (-87.57806916193 41.740773480075)
4cac53c81d84c62a773ad9738f7dc357511e2d83c360328c99edef9a5a170df05742acfac0381215e27c2cfadecb92001c3aa6b05881c3a998cce1941788018a,,,7/29/2023 16:00,25,NO CONTROLS,NO CONTROLS,CLEAR,DAYLIGHT,ANGLE,ONE-WAY,,STRAIGHT AND LEVEL,DRY,NO DEFECTS,NOT ON SCENE (DESK REPORT),NO INJURY / DRIVE AWAY,,,,"OVER $1,500",7/29/2023 16:30,FAILING TO REDUCE SPEED TO AVOID CRASH,NOT APPLICABLE,2350,N,KARLOV AVE,2525,,,,,,,2,NO INDICATION OF INJURY,0,0,0,0,0,2,0,16,7,7,41.92413591,-87.72935745,POINT (-87.7293574538 41.924135909353)
75744faafea4e2f161a275ce4af1c7db16abfffdd5ca5d5f60cf1f12d4cea1337227317005a574ad007815ee6879b93b4180b6667a918ca4ff436108424022ba,,,7/25/2023 8:50,35,NO CONTROLS,NO CONTROLS,CLEAR,DAYLIGHT,PARKED MOTOR VEHICLE,DIVIDED - W/MEDIAN BARRIER,,STRAIGHT AND LEVEL,DRY,NO DEFECTS,ON SCENE,NO INJURY / DRIVE AWAY,,,Y,"$501 - $1,500",7/25/2023 8:55,DRIVING SKILLS/KNOWLEDGE/EXPERIENCE,FAILING TO REDUCE SPEED TO AVOID CRASH,10935,S,HALSTED ST,2233,,,,,,,2,NO INDICATION OF INJURY,0,0,0,0,0,3,0,8,3,7,41.69494895,-87.64231341,POINT (-87.642313409796 41.694948946275)
876f19556a23557b06dc08b673a374cbdb867913c20fd2702db0cd8b13b1e07e06ebf064fa52820c7cdc5b3bd69ffae46cdc6b153c1ab4a99a5156a57a61bb68,,,7/29/2023 11:00,30,NO CONTROLS,NO CONTROLS,CLEAR,DAYLIGHT,PARKED MOTOR VEHICLE,NOT DIVIDED,,STRAIGHT AND LEVEL,DRY,NO DEFECTS,NOT ON SCENE (DESK REPORT),NO INJURY / DRIVE AWAY,,,Y,"OVER $1,500",7/29/2023 15:26,UNABLE TO DETERMINE,UNABLE TO DETERMINE,252,W,MARQUETTE RD,722,,,,,,,2,NO INDICATION OF INJURY,0,0,0,0,0,1,0,11,7,7,41.77278974,-87.63204381,POINT (-87.632043814015 41.772789735136)
6df8904aaf28b7a5d9f8f656986ac0d73092bf0b62200893fca16475c4b22eb12e2f444e94884e8707e49648081dd2f6fc25deb936a135141765ca52ed99b6b2,,,7/29/2023 14:36,25,NO CONTROLS,NO CONTROLS,CLEAR,DAYLIGHT,REAR TO SIDE,NOT DIVIDED,,STRAIGHT AND LEVEL,DRY,NO DEFECTS,ON SCENE,NO INJURY / DRIVE AWAY,Y,,,$500 OR LESS,7/29/2023 14:37,NOT APPLICABLE,NOT APPLICABLE,456,W,23RD PL,914,,,,,,,2,NO INDICATION OF INJURY,0,0,0,0,0,2,0,14,7,7,41.8500798,-87.63900192,POINT (-87.639001920751 41.850079796055)
0d2ee12133d74844a43b99f6545b420d9324ad48b1a23ccc8f53ecb78531e91376fcde1610e1ac07860c5722e705ee965ff7323f413bfd04cce3ecd70aa57ac3,,,7/29/2023 19:53,30,NO CONTROLS,NO CONTROLS,CLEAR,DAWN,FIXED OBJECT,ALLEY,,STRAIGHT AND LEVEL,DRY,NO DEFECTS,ON SCENE,NO INJURY / DRIVE AWAY,,Y,Y,"OVER $1,500",7/29/2023 19:56,UNABLE TO DETERMINE,UNABLE TO DETERMINE,823,N,TRUMBULL AVE,1121,,,,,,,1,NO INDICATION OF INJURY,0,0,0,0,0,1,0,19,7,7,41.8962106,-87.71253117,POINT (-87.712531170357 41.896210595723)
6b1cdb4c5f33179226d8ddce83b2279e46905fe777db6b14d4429f635abf21c0f8760fe41e14fc3c9fb04a9e5997f40ec1d463b4759c0a8ad7d7f4115657c22e,,,7/29/2023 14:47,30,TRAFFIC SIGNAL,FUNCTIONING PROPERLY,CLEAR,DAYLIGHT,REAR END,DIVIDED - W/MEDIAN (NOT RAISED),,STRAIGHT AND LEVEL,DRY,NO DEFECTS,ON SCENE,NO INJURY / DRIVE AWAY,,,,"OVER $1,500",7/29/2023 15:53,FOLLOWING TOO CLOSELY,NOT APPLICABLE,6328,W,DEVON AVE,1611,,,,,,,3,NO INDICATION OF INJURY,0,0,0,0,0,5,0,14,7,7,41.99748219,-87.78649585,POINT (-87.786495849661 41.997482192834)
ff362929558d1f8c6437dc8a1366a8f193deb0b030112f3be4b29dd63cff99cd73d77306886b2f984dd038d998dfdfafe6a86d80753017ce740ea4550dc17ea6,,,7/25/2023 18:30,30,TRAFFIC SIGNAL,FUNCTIONING PROPERLY,CLEAR,DAYLIGHT,REAR END,DIVIDED - W/MEDIAN (NOT RAISED),,STRAIGHT AND LEVEL,DRY,NO DEFECTS,NOT ON SCENE (DESK REPORT),NO INJURY / DRIVE AWAY,,,Y,"OVER $1,500",7/28/2023 14:30,UNABLE TO DETERMINE,UNABLE TO DETERMINE,957,N,CENTRAL AVE,1524,,,,,,,2,NO INDICATION OF INJURY,0,0,0,0,0,2,0,18,3,7,41.89845324,-87.76537659,POINT (-87.76537659415 41.898453242255)
b0996a2958da695e6b288cea5a87e37a99ca5a4acc86940b60babecb938d9814d154d84f011eacc74ab58c7d1056724739390063607b044f9fe442233079c9ef,,,7/29/2023 9:45,30,NO CONTROLS,NO CONTROLS,CLEAR,DAYLIGHT,TURNING,NOT DIVIDED,,STRAIGHT AND LEVEL,DRY,UNKNOWN,ON SCENE,NO INJURY / DRIVE AWAY,,,,"OVER $1,500",7/29/2023 9:50,FOLLOWING TOO CLOSELY,NOT APPLICABLE,4708,W,NORTH AVE,2533,,,,,,,2,NO INDICATION OF INJURY,0,0,0,0,0,4,0,9,7,7,41.90976009,-87.743971,POINT (-87.743970997162 41.909760086745)
1778af0604d0efb84cd106dcb3fbf40cb6d05938286280def9dd795830825d08b34fa8304d89a7e0dfc73b598e92203ce51436bc66ab124a0a1408e9719a9798,,,7/28/2023 19:45,30,NO CONTROLS,NO CONTROLS,CLEAR,"DARKNESS, LIGHTED ROAD",PARKED MOTOR VEHICLE,ONE-WAY,,STRAIGHT AND LEVEL,DRY,NO DEFECTS,ON SCENE,NO INJURY / DRIVE AWAY,,,,"OVER $1,500",7/28/2023 20:00,UNABLE TO DETERMINE,UNABLE TO DETERMINE,728,W,BRIAR PL,1934,,,,,,,2,NO INDICATION OF INJURY,0,0,0,0,0,1,0,19,6,7,41.93921164,-87.6479856,POINT (-87.647985595685 41.939211644263)
2d3faf9b61db5a0929f97ccef90e04138cc13f565f167086b53e5e135edf26d2343a541d28e9f40128c814448f8c4cb7834c88de209609d69b48335dbe8592f4,,,7/28/2023 13:00,30,STOP SIGN/FLASHER,FUNCTIONING PROPERLY,CLEAR,DAYLIGHT,ANGLE,NOT DIVIDED,,STRAIGHT AND LEVEL,DRY,NO DEFECTS,ON SCENE,INJURY AND / OR TOW DUE TO CRASH,Y,,,"OVER $1,500",7/28/2023 13:03,FAILING TO YIELD RIGHT-OF-WAY,DRIVING SKILLS/KNOWLEDGE/EXPERIENCE,7229,N,CALIFORNIA AVE,2411,,,,,,,4,NO INDICATION OF INJURY,0,0,0,0,0,2,0,13,6,7,42.01292828,-87.69955934,POINT (-87.699559341195 42.012928279628)
f6ad47a32a953d8e1634f961949a21ea96b0f11e225bfe8732241e89b796214f254e40466ad5c255f8e5a7e7cc13c6be4ffef532c3cfc91d445269f48b9cc889,,,7/29/2023 14:00,30,NO CONTROLS,NO CONTROLS,CLEAR,DAYLIGHT,REAR END,DIVIDED - W/MEDIAN (NOT RAISED),,STRAIGHT AND LEVEL,UNKNOWN,UNKNOWN,NOT ON SCENE (DESK REPORT),NO INJURY / DRIVE AWAY,,,,"OVER $1,500",7/29/2023 15:25,UNABLE TO DETERMINE,UNABLE TO DETERMINE,1360,N,PULASKI RD,2534,,,,,,,2,NO INDICATION OF INJURY,0,0,0,0,0,2,0,14,7,7,41.90612788,-87.72655403,POINT (-87.726554030886 41.906127875249)
906b1fe71462b30e3cf7ff015fd0aeda1ab56936429c8b0f70d6096fadbf3de59066b008902a593f8099d733ba3f0edb80e47ada2586d9bb61b0976007746637,,,7/29/2023 11:30,15,NO CONTROLS,NO CONTROLS,CLEAR,DAYLIGHT,SIDESWIPE SAME DIRECTION,PARKING LOT,,STRAIGHT AND LEVEL,DRY,NO DEFECTS,ON SCENE,NO INJURY / DRIVE AWAY,,,,$500 OR LESS,7/29/2023 11:32,FOLLOWING TOO CLOSELY,DRIVING SKILLS/KNOWLEDGE/EXPERIENCE,2022,S,ARCHER AVE,914,,,,,,,2,NO INDICATION OF INJURY,0,0,0,0,0,2,0,11,7,7,41.8549559,-87.63078129,POINT (-87.630781286852 41.854955901017)
a1445848c1abfeeb24a792ba57f9c05b3a6984c09a3e9d15438dde6fc38ceb1268cb93e1c9bdb86892ee6e74fe33905a40e537deecc0db59a7ebf478c2534c58,,,7/28/2023 18:00,20,UNKNOWN,UNKNOWN,CLEAR,DAYLIGHT,FIXED OBJECT,DIVIDED - W/MEDIAN BARRIER,,STRAIGHT AND LEVEL,DRY,NO DEFECTS,NOT ON SCENE (DESK REPORT),NO INJURY / DRIVE AWAY,,,,"OVER $1,500",7/28/2023 18:35,UNABLE TO DETERMINE,NOT APPLICABLE,7500,S,SOUTH CHICAGO AVE,624,,,,,,,1,NO INDICATION OF INJURY,0,0,0,0,0,1,0,18,6,7,41.75860901,-87.59572136,POINT (-87.595721360538 41.758609006103)
58f302d3630c534ad8a1090affe80b63aa6baa202bac57b37234ff4d0895399688a5f512f6cab94439cea085d8311e2b2c3b9d069d5f795c378c850d5a28b977,,,7/27/2023 23:00,30,NO CONTROLS,NO CONTROLS,CLEAR,"DARKNESS, LIGHTED ROAD",SIDESWIPE SAME DIRECTION,DIVIDED - W/MEDIAN (NOT RAISED),,STRAIGHT AND LEVEL,DRY,NO DEFECTS,NOT ON SCENE (DESK REPORT),NO INJURY / DRIVE AWAY,,,Y,"$501 - $1,500",7/29/2023 1:00,UNABLE TO DETERMINE,UNABLE TO DETERMINE,5123,N,PULASKI RD,1712,,,,,,,2,NO INDICATION OF INJURY,0,0,0,0,0,3,0,23,5,7,41.9743861,-87.72805412,POINT (-87.728054118692 41.97438610189)
121400d9cb1e1ee74aff8fa09236e56d11366b033d14498a01722ec7575d5850244df0a39c7dc90fc54bce089e08ece5c87145d60d77e7684c0d3ad3364ad5e9,,,7/29/2023 19:40,30,NO CONTROLS,NO CONTROLS,CLEAR,DUSK,SIDESWIPE OPPOSITE DIRECTION,NOT DIVIDED,,STRAIGHT AND LEVEL,DRY,UNKNOWN,NOT ON SCENE (DESK REPORT),NO INJURY / DRIVE AWAY,,,,"OVER $1,500",7/29/2023 21:15,FAILING TO REDUCE SPEED TO AVOID CRASH,NOT APPLICABLE,1447,N,SEDGWICK ST,1821,Y,,,,,,2,NO INDICATION OF INJURY,0,0,0,0,0,3,0,19,7,7,41.90885673,-87.63837516,POINT (-87.638375162749 41.90885672612)
7fb0db644334e9f4f8afe239883ec1a7b245761c03745ea16cc0b067275a2055205c13f5d9df2d299bc029706d50aac4c6e6268e7673570ac35561758042a60e,,,7/29/2023 16:20,15,NO CONTROLS,NO CONTROLS,CLEAR,DAYLIGHT,PARKED MOTOR VEHICLE,ALLEY,,STRAIGHT AND LEVEL,DRY,UNKNOWN,ON SCENE,INJURY AND / OR TOW DUE TO CRASH,,,Y,"OVER $1,500",7/29/2023 16:20,"OPERATING VEHICLE IN ERRATIC, RECKLESS, CARELESS, NEGLIGENT OR AGGRESSIVE MANNER",NOT APPLICABLE,1075,W,ROOSEVELT RD,1232,,Y,,,,,2,NO INDICATION OF INJURY,0,0,0,0,0,3,0,16,7,7,41.86693125,-87.65395861,POINT (-87.653958609634 41.866931248828)
5f54a59fcb087b12ae5b1acff96a3caf4f2d37e79f8db4106558b34b8a6d2b81af02cf91b576ecd7ced08ffd10fcfd940a84f7613125b89d33636e6075064e22,,,7/29/2023 14:45,30,TRAFFIC SIGNAL,FUNCTIONING PROPERLY,CLEAR,DAYLIGHT,PARKED MOTOR VEHICLE,DIVIDED - W/MEDIAN (NOT RAISED),,STRAIGHT AND LEVEL,DRY,NO DEFECTS,ON SCENE,NO INJURY / DRIVE AWAY,,,Y,"OVER $1,500",7/29/2023 14:45,FAILING TO REDUCE SPEED TO AVOID CRASH,"OPERATING VEHICLE IN ERRATIC, RECKLESS, CARELESS, NEGLIGENT OR AGGRESSIVE MANNER",2101,S,ASHLAND AVE,1235,,,,,,,4,NO INDICATION OF INJURY,0,0,0,0,0,1,0,14,7,7,41.85412026,-87.66590234,POINT (-87.665902342962 41.854120262952)
707aba9807310f4b4c6cda2dd679f2644e095dc756b5440a19fdedd40bc483886f721762af332d08e03e8a24186fbc9f30a8655b71238951fa3846fa892c6c45,,,7/29/2023 10:35,30,NO CONTROLS,NO CONTROLS,CLEAR,DAYLIGHT,PEDALCYCLIST,DIVIDED - W/MEDIAN (NOT RAISED),,STRAIGHT AND LEVEL,DRY,NO DEFECTS,ON SCENE,INJURY AND / OR TOW DUE TO CRASH,,,,$500 OR LESS,7/29/2023 10:35,FAILING TO YIELD RIGHT-OF-WAY,UNABLE TO DETERMINE,2574,N,CLYBOURN AVE,1931,,,,,,,2,NONINCAPACITATING INJURY,1,0,0,1,0,1,0,10,7,7,41.92836727,-87.67382063,POINT (-87.673820630048 41.928367268143)
0ff1599e7a03f3a9cf5c1892a73f93cc0e995ca57e4629e3d8ca05baca485518d883ca228b963c5cc0b76db471164a29d62c8201fd653503175460809c3fde9e,,,7/27/2023 21:30,30,TRAFFIC SIGNAL,FUNCTIONING PROPERLY,CLEAR,"DARKNESS, LIGHTED ROAD",TURNING,T-INTERSECTION,,STRAIGHT AND LEVEL,DRY,UNKNOWN,NOT ON SCENE (DESK REPORT),INJURY AND / OR TOW DUE TO CRASH,Y,,,"$501 - $1,500",7/28/2023 0:14,FOLLOWING TOO CLOSELY,NOT APPLICABLE,500,S,CANAL ST,124,,,,,,,2,NONINCAPACITATING INJURY,1,0,0,1,0,1,0,21,5,7,41.87545706,-87.63977121,POINT (-87.639771212373 41.875457063208)
3fe79d7dc6c46a829309e01fdb5c24fadd7f9070f2333dcc65599e093507372d1eca093a172ad4571e40e425104bba1e27cca3e72a80cfdd5a4b72950baf1519,,,7/28/2023 23:50,30,NO CONTROLS,NO CONTROLS,RAIN,"DARKNESS, LIGHTED ROAD",PARKED MOTOR VEHICLE,NOT DIVIDED,,STRAIGHT AND LEVEL,WET,UNKNOWN,ON SCENE,NO INJURY / DRIVE AWAY,,,,"$501 - $1,500",7/28/2023 23:50,IMPROPER BACKING,UNABLE TO DETERMINE,5821,W,NORTH AVE,2531,,,,,,,2,NO INDICATION OF INJURY,0,0,0,0,0,1,0,23,6,7,41.90919366,-87.77166588,POINT (-87.771665878033 41.909193659365)
88e279d830ed5dd0a8ec616851fa72246e27371f526e1397ac1c8f66bd56bfb5c92ba2792ea727253d24ddb2f151470004c5cae1e7b755cb19b1e4209dd7e0f9,,,7/29/2023 15:58,30,TRAFFIC SIGNAL,FUNCTIONING PROPERLY,CLEAR,DAYLIGHT,REAR END,FOUR WAY,,STRAIGHT AND LEVEL,DRY,NO DEFECTS,ON SCENE,INJURY AND / OR TOW DUE TO CRASH,,,Y,"OVER $1,500",7/29/2023 16:16,FOLLOWING TOO CLOSELY,"OPERATING VEHICLE IN ERRATIC, RECKLESS, CARELESS, NEGLIGENT OR AGGRESSIVE MANNER",300,N,KEDZIE AVE,1123,,,,,,,2,NONINCAPACITATING INJURY,2,0,0,2,0,1,0,15,7,7,41.88647184,-87.7064307,POINT (-87.706430699075 41.886471836896)
23190b5ec9e02aab8ee5b4860517d7137dbdd13871b873cfb3e3764d6eea4d04befdb140254d1dd77498b65a79816f587e05ad65c47968f2544c0ee8c8eb88f0,,,7/28/2023 4:55,30,NO CONTROLS,NO CONTROLS,RAIN,"DARKNESS, LIGHTED ROAD",FIXED OBJECT,ONE-WAY,,"CURVE, LEVEL",WET,UNKNOWN,ON SCENE,INJURY AND / OR TOW DUE TO CRASH,,,,"OVER $1,500",7/28/2023 5:00,UNABLE TO DETERMINE,NOT APPLICABLE,3,W,TERMINAL ST,1653,,,,,,,1,NO INDICATION OF INJURY,0,0,0,0,0,1,0,4,6,7,,,
6962dff579365ffbd32b0ff45de141feb8ef5e9c4151912002f2c1371ad67f5d20575f854cba16cb761c6e4292930ec85582d7585536274ab355fc8c265d8053,,,7/29/2023 14:25,35,NO CONTROLS,NO CONTROLS,CLEAR,DAYLIGHT,SIDESWIPE SAME DIRECTION,NOT DIVIDED,,STRAIGHT AND LEVEL,DRY,NO DEFECTS,NOT ON SCENE (DESK REPORT),NO INJURY / DRIVE AWAY,,,Y,"OVER $1,500",7/29/2023 15:30,IMPROPER LANE USAGE,UNABLE TO DETERMINE,705,S,PULASKI RD,1132,Y,,,,,,2,NO INDICATION OF INJURY,0,0,0,0,0,2,0,14,7,7,41.87237461,-87.7252519,POINT (-87.725251903066 41.872374613344)
fe5faeb1b8d8158afbce19e566c29a667890d65e15edfd5c472713939ecc835a374bf66d7cec6a47c196e97886a3afc92b8b9041739ecb40c0496cebfdbdf73c,,,7/27/2023 20:19,30,NO CONTROLS,NO CONTROLS,CLEAR,DUSK,TURNING,DIVIDED - W/MEDIAN (NOT RAISED),,STRAIGHT AND LEVEL,DRY,NO DEFECTS,ON SCENE,INJURY AND / OR TOW DUE TO CRASH,,,,$500 OR LESS,7/27/2023 23:59,FAILING TO YIELD RIGHT-OF-WAY,FAILING TO REDUCE SPEED TO AVOID CRASH,2444,N,ELSTON AVE,1432,,,,,,,3,NONINCAPACITATING INJURY,1,0,0,1,0,2,0,20,5,7,41.92584529,-87.67883572,POINT (-87.678835724327 41.925845287842)
4e62dec8e2e52910c7dee0f6e42a4150f0770762a01ed6c36627606abfd84f44c3bf488b9f8641e8fa4f935560acc8bf3fed9bc1bbbcfcbb46bc0d71bcd5f760,,,7/29/2023 19:40,30,NO CONTROLS,NO CONTROLS,CLEAR,DAYLIGHT,TURNING,DIVIDED - W/MEDIAN (NOT RAISED),,STRAIGHT AND LEVEL,DRY,WORN SURFACE,ON SCENE,NO INJURY / DRIVE AWAY,,,,"OVER $1,500",7/29/2023 19:48,IMPROPER OVERTAKING/PASSING,FAILING TO REDUCE SPEED TO AVOID CRASH,5455,N,SHERIDAN RD,2023,Y,N,,,,,2,NO INDICATION OF INJURY,0,0,0,0,0,2,0,19,7,7,41.98154698,-87.65498348,POINT (-87.654983481614 41.981546974875)
18f9f8b6baf6d6e6210cd93f84e976d157ff82948b461a936641f95a3ab7c1684d1ceec4bb98d6f703e89bcd01f273698e2e034064e36206e75f58faa283379d,,,7/29/2023 0:54,30,NO CONTROLS,NO CONTROLS,RAIN,"DARKNESS, LIGHTED ROAD",PARKED MOTOR VEHICLE,DIVIDED - W/MEDIAN (NOT RAISED),,STRAIGHT AND LEVEL,WET,NO DEFECTS,NOT ON SCENE (DESK REPORT),NO INJURY / DRIVE AWAY,,,,"OVER $1,500",7/29/2023 2:00,UNABLE TO DETERMINE,NOT APPLICABLE,1746,W,NORTH AVE,1433,,,,,,,2,NO INDICATION OF INJURY,0,0,0,0,0,2,0,0,7,7,41.91067943,-87.67196954,POINT (-87.671969537308 41.910679425153)
8631f50a312c9de4acbc7aa6ee4c18ef854da3725356691ed48b6fcda6d194b260c17402d0a954f6fb86219068ff9f40cc5e0a5f86a91754951b90c87b7666f7,,,7/29/2023 0:40,30,TRAFFIC SIGNAL,FUNCTIONING PROPERLY,RAIN,"DARKNESS, LIGHTED ROAD",SIDESWIPE SAME DIRECTION,DIVIDED - W/MEDIAN (NOT RAISED),,STRAIGHT AND LEVEL,WET,NO DEFECTS,NOT ON SCENE (DESK REPORT),NO INJURY / DRIVE AWAY,,,,$500 OR LESS,7/29/2023 1:50,FAILING TO YIELD RIGHT-OF-WAY,IMPROPER OVERTAKING/PASSING,9500,S,STONY ISLAND AVE,511,,,,,,,2,NO INDICATION OF INJURY,0,0,0,0,0,2,0,0,7,7,41.72225727,-87.58527557,POINT (-87.585275565077 41.722257273006)
e45c8eefe9b5582643af8b296bc3785ec6ea9135e179c2e807f300bffe4a5fbb236e9215739f34d242c0941dce911955fd11e7fd7bb4d01a7c0c82f3cf1c6a3e,,Y,7/25/2023 21:00,15,NO CONTROLS,NO CONTROLS,UNKNOWN,UNKNOWN,PARKED MOTOR VEHICLE,PARKING LOT,,STRAIGHT AND LEVEL,OTHER,NO DEFECTS,NOT ON SCENE (DESK REPORT),NO INJURY / DRIVE AWAY,,Y,Y,"$501 - $1,500",7/27/2023 22:30,UNABLE TO DETERMINE,UNABLE TO DETERMINE,202,W,HILL ST,1823,,,,,,,2,NO INDICATION OF INJURY,0,0,0,0,0,1,0,21,3,7,41.90221192,-87.63457152,POINT (-87.634571522045 41.902211915199)
bdb8a4ccd2dd72a7dd1f6e2bfca269b577acfcb64e8f1916252c4f273ab688f4e1d6bc61e492809fe83cb557399c145863dfefa8a999afc75ffef01981dcdbe3,,,7/29/2023 16:15,30,STOP SIGN/FLASHER,FUNCTIONING PROPERLY,CLEAR,DAYLIGHT,ANGLE,DIVIDED - W/MEDIAN (NOT RAISED),,STRAIGHT AND LEVEL,DRY,NO DEFECTS,NOT ON SCENE (DESK REPORT),NO INJURY / DRIVE AWAY,Y,,,"OVER $1,500",7/29/2023 16:30,FAILING TO YIELD RIGHT-OF-WAY,NOT APPLICABLE,4901,W,WASHINGTON BLVD,1533,,,,,,,2,NO INDICATION OF INJURY,0,0,0,0,0,5,0,16,7,7,41.8816728,-87.74789354,POINT (-87.747893539216 41.881672803947)