CRASH_RECORD_ID,RD_NO,CRASH_DATE_EST_I,CRASH_DATE,POSTED_SPEED_LIMIT,TRAFFIC_CONTROL_DEVICE,DEVICE_CONDITION,WEATHER_CONDITION,LIGHTING_CONDITION,FIRST_CRASH_TYPE,TRAFFICWAY_TYPE,LANE_CNT,ALIGNMENT,ROADWAY_SURFACE_COND,ROAD_DEFECT,REPORT_TYPE,CRASH_TYPE,INTERSECTION_RELATED_I,NOT_RIGHT_OF_WAY_I,HIT_AND_RUN_I,DAMAGE,DATE_POLICE_NOTIFIED,PRIM_CONTRIBUTORY_CAUSE,SEC_CONTRIBUTORY_CAUSE,STREET_NO,STREET_DIRECTION,STREET_NAME,BEAT_OF_OCCURRENCE,PHOTOS_TAKEN_I,STATEMENTS_TAKEN_I,DOORING_I,WORK_ZONE_I,WORK_ZONE_TYPE,WORKERS_PRESENT_I,NUM_UNITS,MOST_SEVERE_INJURY,INJURIES_TOTAL,INJURIES_FATAL,INJURIES_INCAPACITATING,INJURIES_NON_INCAPACITATING,INJURIES_REPORTED_NOT_EVIDENT,INJURIES_NO_INDICATION,INJURIES_UNKNOWN,CRASH_HOUR,CRASH_DAY_OF_WEEK,CRASH_MONTH,LATITUDE,LONGITUDE,LOCATION
02e788cadf4b0a58ca09890c5a6650420b476b139c97ae4cb3d5e1257287bf9632f90cc7a39cd03197b56fe67fa40c4ff50e146de0af189744ca57bcac5c1191,,,7/29/2023 1:10,30,NO CONTROLS,NO CONTROLS,RAIN,"DARKNESS, LIGHTED ROAD",FIXED OBJECT,NOT DIVIDED,,STRAIGHT AND LEVEL,WET,NO DEFECTS,ON SCENE,INJURY AND / OR TOW DUE TO CRASH,,,N,"OVER $1,500",7/29/2023 1:15,FAILING TO REDUCE SPEED TO AVOID CRASH,WEATHER,1930,W,MONTEREY AVE,2212,,,,,,,1,NO INDICATION OF INJURY,0,0,0,0,0,1,0,1,7,7,41.69179192,-87.66963964,POINT (-87.669639640899 41.691791918312)
7caec9d57bf0d296cd0c12f6b58ed8f7230591c69276546167f0cc7a0770e6e831dd0d512b97019d33c1c32870c776eca92c42d4bf6b965fc40cd17ded0fc318,,,7/28/2023 19:25,30,TRAFFIC SIGNAL,FUNCTIONING PROPERLY,CLEAR,DUSK,SIDESWIPE SAME DIRECTION,NOT DIVIDED,,STRAIGHT AND LEVEL,DRY,NO DEFECTS,NOT ON SCENE (DESK REPORT),NO INJURY / DRIVE AWAY,,,Y,"OVER $1,500",7/28/2023 21:00,UNABLE TO DETERMINE,UNABLE TO DETERMINE,835,N,MICHIGAN AVE,1833,,,,,,,2,NO INDICATION OF INJURY,0,0,0,0,0,2,0,19,6,7,41.89774086,-87.62396132,POINT (-87.623961315982 41.897740856253)
9716ce7e5beff96875b7d1ff0db24aa95c1bb1fb70f299bb12ae8f223d92899c7e21fe050e46f5c5413910130777412a40a665bd2362060bf66627d2078ea1fc,,,7/28/2023 6:50,30,TRAFFIC SIGNAL,FUNCTIONING PROPERLY,RAIN,DAWN,REAR END,NOT DIVIDED,,STRAIGHT AND LEVEL,WET,NO DEFECTS,NOT ON SCENE (DESK REPORT),NO INJURY / DRIVE AWAY,,,Y,"$501 - $1,500",7/28/2023 14:10,FOLLOWING TOO CLOSELY,FAILING TO REDUCE SPEED TO AVOID CRASH,2001,W,CHICAGO AVE,1221,,,,,,,2,NO INDICATION OF INJURY,0,0,0,0,0,2,0,6,6,7,41.8957995,-87.67717088,POINT (-87.677170874662 41.895799503927)
2d82c81929a1f9b57b510a94fcba0c1fa99599fa0315d3ad1742c5f3ead9397936093ef526bb44a2b948189e66160ed128c9453af4f2f01365271bb8b857306d,,Y,7/29/2023 16:00,25,NO CONTROLS,NO CONTROLS,CLEAR,DAYLIGHT,PARKED MOTOR VEHICLE,NOT DIVIDED,,STRAIGHT AND LEVEL,DRY,NO DEFECTS,NOT ON SCENE (DESK REPORT),NO INJURY / DRIVE AWAY,,,Y,$500 OR LESS,7/29/2023 18:00,UNABLE TO DETERMINE,UNABLE TO DETERMINE,4859,S,WOLCOTT AVE,931,,,,,,,2,NO INDICATION OF INJURY,0,0,0,0,0,1,0,16,7,7,41.80498716,-87.67201874,POINT (-87.672018742106 41.804987162326)
a396b5990e1adacb432e3ac05080f520566eec37dd04918ac5a013205d4b1ae54f765a1383f58dc31b0b24c42ea8de8df81a458ef73d49504ca9f835a5eabcaf,,,7/29/2023 0:51,30,TRAFFIC SIGNAL,FUNCTIONING PROPERLY,RAIN,"DARKNESS, LIGHTED ROAD",REAR END,NOT DIVIDED,,STRAIGHT AND LEVEL,WET,NO DEFECTS,ON SCENE,NO INJURY / DRIVE AWAY,,,,"$501 - $1,500",7/29/2023 0:54,WEATHER,DRIVING SKILLS/KNOWLEDGE/EXPERIENCE,3804,N,CICERO AVE,1634,,,,,,,2,NO INDICATION OF INJURY,0,0,0,0,0,2,0,0,7,7,41.9499208,-87.74736505,POINT (-87.747365046673 41.94992080151)
c7b23830196cc3ba403ef9df8cc13e8ec35b8d4bfa555f31509aa419a6f306a75760358cf56a8fb4885e7f5c8205b208dfe69bb757f4480dc81087e74845281b,,,7/28/2023 14:55,30,TRAFFIC SIGNAL,NO CONTROLS,CLEAR,DAYLIGHT,REAR END,NOT DIVIDED,,STRAIGHT AND LEVEL,DRY,NO DEFECTS,NOT ON SCENE (DESK REPORT),NO INJURY / DRIVE AWAY,,,,"OVER $1,500",7/28/2023 15:00,UNABLE TO DETERMINE,UNABLE TO DETERMINE,11730,S,TORRENCE AVE,434,,,,,,,2,NO INDICATION OF INJURY,0,0,0,0,0,2,0,14,6,7,41.68185149,-87.55949122,POINT (-87.559491223073 41.68185148969)
d27a38c1b912b950daacd489332246659fd4bf81d5a99d6c941a7db7e7271885ca533b8a767a5dfd1730b15e02ea8117f72a65880296ea5f8659acd97afde4b9,,Y,7/29/2023 15:45,30,UNKNOWN,UNKNOWN,CLEAR,UNKNOWN,PARKED MOTOR VEHICLE,NOT DIVIDED,,STRAIGHT AND LEVEL,DRY,NO DEFECTS,ON SCENE,NO INJURY / DRIVE AWAY,,,Y,"OVER $1,500",7/29/2023 16:10,IMPROPER LANE USAGE,UNABLE TO DETERMINE,4130,W,MADISON ST,1115,,,,,,,2,NO INDICATION OF INJURY,0,0,0,0,0,1,0,15,7,7,41.88079182,-87.72934966,POINT (-87.729349662019 41.88079182252)
5bcdc81d8e83f6ac25a03a7b6be16cd3a8e052f731d38ca67208a8299a418fb8410520f98384264cad731c3af626a5c8d32128beb5d335d04e0c4caaf34a1dad,,,7/29/2023 11:55,30,NO CONTROLS,NO CONTROLS,CLEAR,DAYLIGHT,PEDALCYCLIST,NOT DIVIDED,,STRAIGHT AND LEVEL,DRY,NO DEFECTS,NOT ON SCENE (DESK REPORT),NO INJURY / DRIVE AWAY,,,Y,"OVER $1,500",7/29/2023 15:55,UNABLE TO DETERMINE,NOT APPLICABLE,2640,W,NORTH AVE,1421,,,,,,,2,NO INDICATION OF INJURY,0,0,0,0,0,2,0,11,7,7,41.91035988,-87.69377703,POINT (-87.693777026134 41.910359882045)
c39643588e342a701f99e5a8643ce6996a393e47634415abb88254c76ffc0e5d336fb35a4c4bc5deb21ee117b4eab1f3e949fd22074d9b188e40ad0a9a45d878,,,7/28/2023 22:10,35,NO CONTROLS,NO CONTROLS,CLEAR,"DARKNESS, LIGHTED ROAD",PARKED MOTOR VEHICLE,DIVIDED - W/MEDIAN BARRIER,,STRAIGHT AND LEVEL,DRY,NO DEFECTS,NOT ON SCENE (DESK REPORT),NO INJURY / DRIVE AWAY,,,,"OVER $1,500",7/28/2023 22:30,UNABLE TO DETERMINE,NOT APPLICABLE,1901,W,MADISON ST,1223,,,,,,,2,NO INDICATION OF INJURY,0,0,0,0,0,6,0,22,6,7,41.88124146,-87.67428253,POINT (-87.674282533953 41.881241456803)
dceb5c201c7fb8f13e5469eac5d000e9dbfcf43788b330b0b1961307a981b15b0834593f250e2a9b21a1c81a58906c6782ae32cc604e0c4059a3b40da754f09a,,,7/29/2023 11:00,30,NO CONTROLS,NO CONTROLS,CLEAR,DAYLIGHT,SIDESWIPE SAME DIRECTION,DIVIDED - W/MEDIAN (NOT RAISED),,STRAIGHT AND LEVEL,DRY,NO DEFECTS,NOT ON SCENE (DESK REPORT),NO INJURY / DRIVE AWAY,,,Y,"OVER $1,500",7/29/2023 11:45,UNABLE TO DETERMINE,UNABLE TO DETERMINE,11300,S,HALSTED ST,2234,,,,,,,2,NO INDICATION OF INJURY,0,0,0,0,0,4,0,11,7,7,41.68862635,-87.64240883,POINT (-87.642408829225 41.688626354316)
1cc1242d1d94522bda4971c51b5fd5789daeb5b2a75a7d72f7c98bb7afc33dd1f2e24e063b4fdc2cb1eb038d43e7cb86f6803f96a34bfeafdb59098766a2cf70,,,7/29/2023 10:20,30,NO CONTROLS,NO CONTROLS,CLEAR,DAYLIGHT,SIDESWIPE SAME DIRECTION,NOT DIVIDED,,STRAIGHT AND LEVEL,DRY,NO DEFECTS,ON SCENE,NO INJURY / DRIVE AWAY,,,Y,"OVER $1,500",7/29/2023 10:24,UNABLE TO DETERMINE,NOT APPLICABLE,2211,N,NAGLE AVE,2512,,,,,,,2,NO INDICATION OF INJURY,0,0,0,0,0,2,0,10,7,7,41.92040749,-87.78642291,POINT (-87.786422913056 41.920407490124)
1e8db14295797a9ddce3cd400e393cb14bf16c867da338822c4f10bebad11ae919c6b5041a684185e7d7886dedad3c79bf1b47f3b51c8af543a2623d559f6796,,,7/28/2023 6:50,30,TRAFFIC SIGNAL,FUNCTIONING PROPERLY,CLEAR,DAYLIGHT,SIDESWIPE SAME DIRECTION,NOT DIVIDED,,STRAIGHT AND LEVEL,DRY,NO DEFECTS,NOT ON SCENE (DESK REPORT),NO INJURY / DRIVE AWAY,Y,,Y,"OVER $1,500",7/29/2023 8:00,FAILING TO YIELD RIGHT-OF-WAY,NOT APPLICABLE,1164,N,DEARBORN ST,1824,,,,,,,2,NO INDICATION OF INJURY,0,0,0,0,0,2,0,6,6,7,41.90381317,-87.63012985,POINT (-87.630129851143 41.903813167942)
4238459e70aaeccac9e901e1ca85ee6cfb6dffe72d36e9a352963859ce0f1952f4da4c6f69a1ebaf4d59905a297c844a32ec1d1b0b7ba7042ea5406cc6e6f8dd,,,7/29/2023 1:05,30,TRAFFIC SIGNAL,FUNCTIONING PROPERLY,RAIN,"DARKNESS, LIGHTED ROAD",REAR END,FOUR WAY,,STRAIGHT AND LEVEL,WET,NO DEFECTS,ON SCENE,NO INJURY / DRIVE AWAY,,,Y,"OVER $1,500",7/29/2023 1:55,NOT APPLICABLE,NOT APPLICABLE,3162,W,LAWRENCE AVE,1713,,,,,,,2,NO INDICATION OF INJURY,0,0,0,0,0,2,0,1,7,7,41.96856288,-87.70841454,POINT (-87.708414537323 41.968562877062)
25ab42223a60c59a872df88be7731cb5b42d691948fd99ef1eefa6e169c226c19c3df83c83fbccd377f02ef2eae90e2a8f0b6e3086d2eeb3c8c097f2d60959c4,,,7/29/2023 16:20,10,NO CONTROLS,NO CONTROLS,CLEAR,DAYLIGHT,ANGLE,PARKING LOT,,STRAIGHT AND LEVEL,DRY,NO DEFECTS,NOT ON SCENE (DESK REPORT),NO INJURY / DRIVE AWAY,,,,"OVER $1,500",7/29/2023 17:01,UNABLE TO DETERMINE,UNABLE TO DETERMINE,6261,N,MC CORMICK RD,1711,,,,,,,2,NO INDICATION OF INJURY,0,0,0,0,0,2,0,16,7,7,41.99567001,-87.7126646,POINT (-87.712664598144 41.995670009568)
069228f9f90160979974da95ed98427bfe5ae36b45bd018cc91f9191d5f8326bb92f1bb90e91be20d848024337a83ce2d9de48301bc16bcaf9156781d5b7eaec,,,7/29/2023 14:51,30,STOP SIGN/FLASHER,FUNCTIONING PROPERLY,CLEAR,DAYLIGHT,TURNING,FOUR WAY,,STRAIGHT AND LEVEL,DRY,NO DEFECTS,ON SCENE,INJURY AND / OR TOW DUE TO CRASH,Y,,,"OVER $1,500",7/29/2023 15:31,IMPROPER TURNING/NO SIGNAL,UNABLE TO DETERMINE,632,W,79TH ST,621,Y,,,,,,2,NO INDICATION OF INJURY,0,0,0,0,0,2,0,14,7,7,41.75080513,-87.64044137,POINT (-87.640441368666 41.75080513114)
bfcd3f864029edb8c728d3ff80638381f3a671f661b99a68dd98ab9170db8ca0818c2522b5b9572e6c6fb43a467e18e1ff7e7794d5928e1bbe908084260e9fa6,,,7/28/2023 22:50,35,NO CONTROLS,NO CONTROLS,RAIN,"DARKNESS, LIGHTED ROAD",SIDESWIPE SAME DIRECTION,DIVIDED - W/MEDIAN BARRIER,,STRAIGHT AND LEVEL,WET,NO DEFECTS,NOT ON SCENE (DESK REPORT),NO INJURY / DRIVE AWAY,,,Y,"OVER $1,500",7/28/2023 23:10,UNABLE TO DETERMINE,NOT APPLICABLE,201,E,RANDOLPH ST,114,,,,,,,2,NO INDICATION OF INJURY,0,0,0,0,0,3,0,22,6,7,41.88416738,-87.62225004,POINT (-87.622250041701 41.884167384339)
a775b428f55d42689231eb307d3c535e59af6fd581162cda8c42573c4cab87ed35eb120ebaa06a4191564ebfc7e855e2bd1a813fd6a8ac05bfd8a2cfcf903f4d,,,7/24/2023 12:30,30,YIELD,NO CONTROLS,CLEAR,DAYLIGHT,SIDESWIPE SAME DIRECTION,RAMP,,STRAIGHT AND LEVEL,DRY,NO DEFECTS,NOT ON SCENE (DESK REPORT),NO INJURY / DRIVE AWAY,,,,"OVER $1,500",7/24/2023 20:00,IMPROPER OVERTAKING/PASSING,UNABLE TO DETERMINE,4331,W,CONGRESS PKWY,1131,,,,,,,2,NO INDICATION OF INJURY,0,0,0,0,0,2,0,12,2,7,41.87413852,-87.73404798,POINT (-87.734047983819 41.874138516759)
50505c07048c24ef8754a73bf7adfc24c9679b001e1d888007fdbf112d02254a2bc4ed9833d78bc09ae0af5c3af8f6d66152b162b5851852e21127e634ca22cd,,,7/29/2023 11:26,30,STOP SIGN/FLASHER,FUNCTIONING PROPERLY,CLEAR,DAYLIGHT,REAR END,NOT DIVIDED,,STRAIGHT AND LEVEL,DRY,NO DEFECTS,ON SCENE,NO INJURY / DRIVE AWAY,,,,"OVER $1,500",7/29/2023 11:26,FAILING TO REDUCE SPEED TO AVOID CRASH,DRIVING SKILLS/KNOWLEDGE/EXPERIENCE,5800,N,JERSEY AVE,1711,,,,,,,2,NO INDICATION OF INJURY,0,0,0,0,0,2,0,11,7,7,41.98675498,-87.71009866,POINT (-87.710098656087 41.986754980288)
f0f2990c9a6908725fa109b3dbcfac36830d6aa7ab15a0aaa06f637e18bdfc601434269d24e2ab6b4f5c204239a2db90439c4f7d42d1c8f2af4a64a5cfc57299,,,7/29/2023 11:30,10,NO CONTROLS,NO CONTROLS,CLEAR,DAYLIGHT,REAR TO FRONT,PARKING LOT,,STRAIGHT AND LEVEL,DRY,NO DEFECTS,NOT ON SCENE (DESK REPORT),NO INJURY / DRIVE AWAY,,Y,,"OVER $1,500",7/29/2023 11:54,UNABLE TO DETERMINE,UNABLE TO DETERMINE,5324,S,PULASKI RD,815,,,,,,,2,NO INDICATION OF INJURY,0,0,0,0,0,2,0,11,7,7,41.79608656,-87.72338864,POINT (-87.723388642168 41.796086562457)
0b590cc23ec5d5fa4b7a26b555c8061ad46032b75317505a9e405adefafd688c554829d6baec65b948a86c67458193817283184844269ce59ac897fcac089944,,,7/28/2023 12:40,30,TRAFFIC SIGNAL,FUNCTIONING PROPERLY,RAIN,DARKNESS,REAR END,DIVIDED - W/MEDIAN (NOT RAISED),,STRAIGHT AND LEVEL,WET,UNKNOWN,NOT ON SCENE (DESK REPORT),NO INJURY / DRIVE AWAY,,,Y,"OVER $1,500",7/29/2023 15:10,UNABLE TO DETERMINE,NOT APPLICABLE,1043,N,MILWAUKEE AVE,1213,,,,,,,2,NO INDICATION OF INJURY,0,0,0,0,0,2,0,12,6,7,41.90070239,-87.66211189,POINT (-87.662111885339 41.900702386488)
6749061a0d29f3b779cf87a01f8f27f25b2c48523c947222871715abf47b4a9f9f0fd85cb0ad15c222bdd22359a07ddd605684c3fc735384760f467cee840a2f,,,7/28/2023 23:54,25,NO CONTROLS,NO CONTROLS,RAIN,"DARKNESS, LIGHTED ROAD",PARKED MOTOR VEHICLE,NOT DIVIDED,,STRAIGHT AND LEVEL,WET,NO DEFECTS,ON SCENE,INJURY AND / OR TOW DUE TO CRASH,,,Y,"$501 - $1,500",7/29/2023 0:17,UNABLE TO DETERMINE,WEATHER,316,S,SEELEY AVE,1225,,,,,,,2,NONINCAPACITATING INJURY,1,0,0,1,0,2,0,23,6,7,41.87692636,-87.67789884,POINT (-87.677898837912 41.876926360111)
bab8797d2c46ce169e7c619dc43740506dccc5164a17b2dbecf6c25f79880e8f2a326861b4e2ec4e0220d5e82ebdd68e9fc15faf64c2470dae176eb25b057415,,,7/28/2023 18:00,35,NO CONTROLS,NO CONTROLS,CLEAR,"DARKNESS, LIGHTED ROAD",SIDESWIPE OPPOSITE DIRECTION,NOT DIVIDED,,STRAIGHT AND LEVEL,UNKNOWN,NO DEFECTS,NOT ON SCENE (DESK REPORT),INJURY AND / OR TOW DUE TO CRASH,,,Y,"$501 - $1,500",7/29/2023 8:30,UNABLE TO DETERMINE,UNABLE TO DETERMINE,3336,N,MILWAUKEE AVE,1731,,,,,,,2,INCAPACITATING INJURY,1,0,1,0,0,2,0,18,6,7,41.94169157,-87.72833822,POINT (-87.728338221923 41.941691570811)
58ccefe10c6814bcf09dff6e3935f57d16f5105003663880f1983486ca74cd3a0fc0e6a9d8708e1cf5d627f5f67775f19a93f3a41b4ab2bb5a3a71fa8542db05,,,7/29/2023 8:05,30,NO CONTROLS,NO CONTROLS,CLEAR,DAYLIGHT,SIDESWIPE SAME DIRECTION,DIVIDED - W/MEDIAN (NOT RAISED),,STRAIGHT AND LEVEL,UNKNOWN,NO DEFECTS,NOT ON SCENE (DESK REPORT),NO INJURY / DRIVE AWAY,,,Y,"OVER $1,500",7/29/2023 8:35,UNABLE TO DETERMINE,NOT APPLICABLE,11000,S,COTTAGE GROVE AVE,513,,,,,,,2,NO INDICATION OF INJURY,0,0,0,0,0,2,0,8,7,7,41.69433971,-87.60964225,POINT (-87.609642249683 41.694339705875)
7aad5feb05fc3fa75000a843d245e9356282b18ed4b61f7ee183c088c4d71dfa6a132bd67d112f4b1a5d6a770ec62be7200220fbb25efba298a252ec527df4ac,,Y,7/29/2023 14:00,30,NO CONTROLS,NO CONTROLS,CLEAR,DAYLIGHT,SIDESWIPE OPPOSITE DIRECTION,NOT DIVIDED,,STRAIGHT AND LEVEL,DRY,NO DEFECTS,ON SCENE,INJURY AND / OR TOW DUE TO CRASH,Y,,Y,"OVER $1,500",7/29/2023 14:30,UNABLE TO DETERMINE,NOT APPLICABLE,4117,S,KEDZIE AVE,921,,,,,,,2,INCAPACITATING INJURY,3,0,1,2,0,1,0,14,7,7,41.81845057,-87.70423225,POINT (-87.704232250651 41.818450569986)
fc1918107e05deeaa966fdf2db0fbae125e29495b8788bbf5928184fba6666b1a8e59bd1aa2364087ab7f8ce0763e19dc98eade18ca150baf656cd5c4fd28eb1,,,7/28/2023 13:40,30,NO CONTROLS,NO CONTROLS,CLEAR,DAYLIGHT,SIDESWIPE SAME DIRECTION,NOT DIVIDED,,STRAIGHT AND LEVEL,DRY,NO DEFECTS,NOT ON SCENE (DESK REPORT),NO INJURY / DRIVE AWAY,,,Y,"$501 - $1,500",7/28/2023 14:15,UNABLE TO DETERMINE,UNABLE TO DETERMINE,1832,E,95TH ST,413,,,,,,,2,NO INDICATION OF INJURY,0,0,0,0,0,2,0,13,6,7,41.72253169,-87.57905849,POINT (-87.579058488442 41.722531690815)
8a21920d05e82888d8a4a542747fa708022af2237b907bfad8dcb1a4a765c63fd99852e5b7eb8e4999e925945e9bcdafaa83bd47ed623cb9552bc2a9fbfad802,,,7/29/2023 12:30,30,NO CONTROLS,NO CONTROLS,CLEAR,DAYLIGHT,TURNING,DIVIDED - W/MEDIAN (NOT RAISED),,STRAIGHT AND LEVEL,DRY,NO DEFECTS,NOT ON SCENE (DESK REPORT),NO INJURY / DRIVE AWAY,,,,"OVER $1,500",7/29/2023 13:10,UNABLE TO DETERMINE,UNABLE TO DETERMINE,5950,N,WESTERN AVE,2011,,,,,,,2,NO INDICATION OF INJURY,0,0,0,0,0,2,0,12,7,7,41.99017216,-87.68980927,POINT (-87.689809271203 41.990172161204)
ad58a0f8486a35428346d2619239f3fb810e7169f5c2469e88f8ffd21e71827082c330fdeeae814c629664b61b39afa7d387546e8141e40ac2ac58e4cfffd4a7,,,7/28/2023 20:30,30,TRAFFIC SIGNAL,FUNCTIONING PROPERLY,CLEAR,DARKNESS,REAR TO REAR,T-INTERSECTION,,STRAIGHT AND LEVEL,DRY,NO DEFECTS,NOT ON SCENE (DESK REPORT),NO INJURY / DRIVE AWAY,Y,,,"$501 - $1,500",7/28/2023 21:45,IMPROPER BACKING,IMPROPER BACKING,3700,N,CLARK ST,1923,Y,Y,,,,,2,NO INDICATION OF INJURY,0,0,0,0,0,2,0,20,6,7,41.94901088,-87.65814288,POINT (-87.658142874768 41.949010883299)
2f4a0e3145d54c1a32b5b414825294387a015bdebb274d41363fe94d607f77f9690fbfb5b43a5ac4beffdc6a877e600b9b6a0ff00ccea24d2c41d8d83fd6e6ee,,Y,7/22/2023 2:00,20,TRAFFIC SIGNAL,FUNCTIONING PROPERLY,CLEAR,"DARKNESS, LIGHTED ROAD",TURNING,DIVIDED - W/MEDIAN (NOT RAISED),,STRAIGHT AND LEVEL,DRY,NO DEFECTS,ON SCENE,INJURY AND / OR TOW DUE TO CRASH,Y,,Y,"OVER $1,500",7/22/2023 2:00,FAILING TO YIELD RIGHT-OF-WAY,NOT APPLICABLE,3599,W,WASHINGTON BLVD,1123,,,,,,,2,"REPORTED, NOT EVIDENT",1,0,0,0,1,1,0,2,7,7,41.88140931,-87.71578224,POINT (-87.715782238218 41.881409304711)
d834730ae27e5104dec6c9e96f57a3e7200b7375e51a2af207d6996de67bec5a3e76bab29fe47c4a0a5a844f03557c36528590262f28966b90b3b08da776a2af,,,7/27/2023 13:00,30,STOP SIGN/FLASHER,NO CONTROLS,CLEAR,DAYLIGHT,SIDESWIPE SAME DIRECTION,TRAFFIC ROUTE,,STRAIGHT AND LEVEL,DRY,NO DEFECTS,ON SCENE,NO INJURY / DRIVE AWAY,Y,,Y,"OVER $1,500",7/27/2023 13:15,IMPROPER OVERTAKING/PASSING,NOT APPLICABLE,6901,S,MICHIGAN AVE,322,,,,,,,2,NO INDICATION OF INJURY,0,0,0,0,0,3,0,13,5,7,41.76912733,-87.62164161,POINT (-87.621641610789 41.769127325785)
d33a2bb6a51fecc3a8f981e95e692f3cf5cf23cc7a40a267e61dbfca76fa4754ae1e74afef84a13cda2fb4f06724f23b04a5e1b5ea4352841feaf905e2634e4b,,,7/27/2023 17:45,25,TRAFFIC SIGNAL,FUNCTIONING PROPERLY,CLEAR,DAYLIGHT,ANGLE,NOT DIVIDED,,STRAIGHT AND LEVEL,DRY,NO DEFECTS,NOT ON SCENE (DESK REPORT),NO INJURY / DRIVE AWAY,,,,"OVER $1,500",7/29/2023 9:00,FAILING TO YIELD RIGHT-OF-WAY,DRIVING SKILLS/KNOWLEDGE/EXPERIENCE,5605,W,WELLINGTON AVE,2514,,,,,,,2,NO INDICATION OF INJURY,0,0,0,0,0,2,0,17,5,7,41.93481656,-87.76661244,POINT (-87.766612442956 41.93481655588)
cc1f63f581f4428fd81a447ca385fdfb353d2aaac0d6704dd5c2069e89f48930961a939f580bba3388c2f872f2d402f6c527f7350bcc792a52bab55f4edbb4fb,,,7/27/2023 9:00,30,UNKNOWN,UNKNOWN,UNKNOWN,DAYLIGHT,PARKED MOTOR VEHICLE,UNKNOWN,,STRAIGHT AND LEVEL,UNKNOWN,UNKNOWN,NOT ON SCENE (DESK REPORT),NO INJURY / DRIVE AWAY,,,Y,"$501 - $1,500",7/29/2023 7:45,UNABLE TO DETERMINE,NOT APPLICABLE,28,S,WABASH AVE,112,,,,,,,2,NO INDICATION OF INJURY,0,0,0,0,0,1,0,9,5,7,41.8813832,-87.62633723,POINT (-87.626337229184 41.881383203573)
2ee6209bde600a6ae2f12fb385b1e5749803cc01d0e954d5016091ecb13f424d48e097f71fa5d95741f5870f7d3a76d9189293c77411b3b92c925d26239872b3,JG280141,,5/29/2023 21:40,30,UNKNOWN,UNKNOWN,CLEAR,DARKNESS,TURNING,OTHER,,STRAIGHT AND LEVEL,DRY,NO DEFECTS,,NO INJURY / DRIVE AWAY,,,Y,"OVER $1,500",5/29/2023 21:59,UNABLE TO DETERMINE,UNABLE TO DETERMINE,3500,S,WENTWORTH AVE,915,,,,,,,2,NO INDICATION OF INJURY,0,0,0,0,0,2,0,21,2,5,41.83092244,-87.63165052,POINT (-87.631650518377 41.830922441769)
0029851e5e9910488608101ab01da20da630188cba4377d6bb471d8e5903fec1f42bd75e65a20ac5510785bcc674e5b91aec1e49a6312369b9b669ebdfbe7ed5,JG342143,,7/15/2023 9:00,30,NO CONTROLS,NO CONTROLS,CLEAR,DAYLIGHT,ANGLE,NOT DIVIDED,,STRAIGHT AND LEVEL,UNKNOWN,UNKNOWN,NOT ON SCENE (DESK REPORT),NO INJURY / DRIVE AWAY,,,Y,"$501 - $1,500",7/15/2023 14:00,DRIVING SKILLS/KNOWLEDGE/EXPERIENCE,DRIVING SKILLS/KNOWLEDGE/EXPERIENCE,740,W,71ST ST,732,,,,,,,2,NO INDICATION OF INJURY,0,0,0,0,0,2,0,9,7,7,41.76532445,-87.6436334,POINT (-87.643633396944 41.7653244502)
00c996c2b04c2d3b5a5fc96d35b2b538e2c0f34703b8855d372eb0872e024629f8dabc444dd44634ba512eab18a30fa62bc72b1ef5729e22171d6642a76d07ec,JG342786,,7/15/2023 23:00,15,NO CONTROLS,NO CONTROLS,UNKNOWN,"DARKNESS, LIGHTED ROAD",REAR TO SIDE,PARKING LOT,,STRAIGHT AND LEVEL,UNKNOWN,UNKNOWN,ON SCENE,INJURY AND / OR TOW DUE TO CRASH,,Y,,"OVER $1,500",7/16/2023 0:30,UNABLE TO DETERMINE,NOT APPLICABLE,1932,E,75TH ST,333,,,,,,,2,NO INDICATION OF INJURY,0,0,0,0,0,2,0,23,7,7,41.75897354,-87.57729919,POINT (-87.577299189217 41.758973539258)
00cd27b366bef2dab51f375ab6c1063507b203240b1072067c407ea382a29aa15b5da98c0c54e215688095c7abd1f13b52f17268fef6bd3a7272b50e0af9d526,JG341693,,7/15/2023 5:30,15,NO CONTROLS,NO CONTROLS,UNKNOWN,"DARKNESS, LIGHTED ROAD",PARKED MOTOR VEHICLE,ONE-WAY,,STRAIGHT AND LEVEL,UNKNOWN,NO DEFECTS,ON SCENE,INJURY AND / OR TOW DUE TO CRASH,,,,"OVER $1,500",7/15/2023 5:30,UNABLE TO DETERMINE,UNABLE TO DETERMINE,6311,W,BARRY AVE,2511,,,,,,,2,NO INDICATION OF INJURY,0,0,0,0,0,1,0,5,7,7,41.93640591,-87.78393007,POINT (-87.783930072459 41.936405910572)
0262c1b9f1fc64b96fa5e474a2a1130e2775171da80ca264d3b363ddb9364f12aa328c9c07c86e0bdf562f07981269e0febad89a89fa92b2056f80a4d984e32c,JG342754,,7/15/2023 22:43,30,STOP SIGN/FLASHER,FUNCTIONING PROPERLY,CLEAR,"DARKNESS, LIGHTED ROAD",ANGLE,DIVIDED - W/MEDIAN (NOT RAISED),,STRAIGHT AND LEVEL,DRY,NO DEFECTS,ON SCENE,INJURY AND / OR TOW DUE TO CRASH,Y,,,"OVER $1,500",7/15/2023 22:43,DISREGARDING STOP SIGN,FAILING TO YIELD RIGHT-OF-WAY,4532,W,59TH ST,813,,,,,,,2,NONINCAPACITATING INJURY,1,0,0,1,0,3,0,22,7,7,41.78590676,-87.7364796,POINT (-87.736479594586 41.7859067617)