CRASH_RECORD_ID,RD_NO,CRASH_DATE_EST_I,CRASH_DATE,POSTED_SPEED_LIMIT,TRAFFIC_CONTROL_DEVICE,DEVICE_CONDITION,WEATHER_CONDITION,LIGHTING_CONDITION,FIRST_CRASH_TYPE,TRAFFICWAY_TYPE,LANE_CNT,ALIGNMENT,ROADWAY_SURFACE_COND,ROAD_DEFECT,REPORT_TYPE,CRASH_TYPE,INTERSECTION_RELATED_I,NOT_RIGHT_OF_WAY_I,HIT_AND_RUN_I,DAMAGE,DATE_POLICE_NOTIFIED,PRIM_CONTRIBUTORY_CAUSE,SEC_CONTRIBUTORY_CAUSE,STREET_NO,STREET_DIRECTION,STREET_NAME,BEAT_OF_OCCURRENCE,PHOTOS_TAKEN_I,STATEMENTS_TAKEN_I,DOORING_I,WORK_ZONE_I,WORK_ZONE_TYPE,WORKERS_PRESENT_I,NUM_UNITS,MOST_SEVERE_INJURY,INJURIES_TOTAL,INJURIES_FATAL,INJURIES_INCAPACITATING,INJURIES_NON_INCAPACITATING,INJURIES_REPORTED_NOT_EVIDENT,INJURIES_NO_INDICATION,INJURIES_UNKNOWN,CRASH_HOUR,CRASH_DAY_OF_WEEK,CRASH_MONTH,LATITUDE,LONGITUDE,LOCATION
02bb479282db521c0e2710e83c332acb11cce52a134be112ef4fb66574686ca16d6a0d9d8098978548ff153eb7c5e2ecd81b1d54932751742f38d18675c05ebc,JG341772,,7/15/2023 8:49,30,TRAFFIC SIGNAL,FUNCTIONING PROPERLY,CLEAR,DAYLIGHT,TURNING,FOUR WAY,,STRAIGHT AND LEVEL,DRY,NO DEFECTS,ON SCENE,INJURY AND / OR TOW DUE TO CRASH,Y,,,"OVER $1,500",7/15/2023 8:54,FAILING TO REDUCE SPEED TO AVOID CRASH,NOT APPLICABLE,5715,N,FOREST GLEN AVE,1621,,,,,,,3,NONINCAPACITATING INJURY,1,0,0,1,0,3,0,8,7,7,41.98468616,-87.75000305,POINT (-87.750003049487 41.984686160747)
02c86efb71c7caba190b01242764349ae675284db21700f7a3d1f2d000f2660a77974797a04356b42c1a9bfaf53ee0edf4cf745489922558ebd26565e68b6a1d,JG341558,,7/15/2023 0:58,30,NO CONTROLS,NO CONTROLS,OTHER,"DARKNESS, LIGHTED ROAD",PARKED MOTOR VEHICLE,NOT DIVIDED,,STRAIGHT AND LEVEL,WET,NO DEFECTS,NOT ON SCENE (DESK REPORT),INJURY AND / OR TOW DUE TO CRASH,,,,"OVER $1,500",7/15/2023 2:12,EQUIPMENT - VEHICLE CONDITION,NOT APPLICABLE,964,E,93RD ST,413,,,,,,,2,NO INDICATION OF INJURY,0,0,0,0,0,1,0,0,7,7,41.72588195,-87.60009294,POINT (-87.600092940043 41.725881951379)
06db77d1b68380c5e68b9d3385fcd9558500d61d8d1138c29a474534259ea283f0ee1668e4a99b26fd9f7e774df33913cf61d23eef78bcfbd253c30a0ccd6837,JG342632,,7/15/2023 16:30,30,TRAFFIC SIGNAL,FUNCTIONING PROPERLY,CLEAR,DAYLIGHT,TURNING,NOT DIVIDED,,STRAIGHT AND LEVEL,DRY,UNKNOWN,NOT ON SCENE (DESK REPORT),NO INJURY / DRIVE AWAY,,,Y,"$501 - $1,500",7/15/2023 21:00,FAILING TO REDUCE SPEED TO AVOID CRASH,FAILING TO REDUCE SPEED TO AVOID CRASH,134,W,DIVISION ST,1821,,,,,,,2,NO INDICATION OF INJURY,0,0,0,0,0,2,0,16,7,7,41.90398934,-87.63285059,POINT (-87.632850584671 41.903989335657)
073d87dadcd3409fcc3de3037617980627dce7084b1bfa8ef676232658a142cedf8d6977ebae7a50d16028edaefc3490d990a32f9a9482513f637e63af6ad957,JG342560,,7/15/2023 19:00,30,NO CONTROLS,NO CONTROLS,CLEAR,DAYLIGHT,PARKED MOTOR VEHICLE,NOT DIVIDED,,STRAIGHT AND LEVEL,DRY,NO DEFECTS,ON SCENE,NO INJURY / DRIVE AWAY,,,,$500 OR LESS,7/15/2023 19:20,IMPROPER LANE USAGE,NOT APPLICABLE,2050,N,STOCKTON DR,1814,,,,,,,2,NO INDICATION OF INJURY,0,0,0,0,0,1,0,19,7,7,41.91980402,-87.63552727,POINT (-87.635527269737 41.919804019687)
08673a3d0acd02ee035a783bbb0c67e34fdc4a339edcdc055d5d56700e717478d1095480b78d10e3978a9ba6c154b2fe140e232ac6ad358a022ab39e01a80af7,JG341581,,7/15/2023 2:30,35,TRAFFIC SIGNAL,FUNCTIONING PROPERLY,CLEAR,"DARKNESS, LIGHTED ROAD",TURNING,DIVIDED - W/MEDIAN (NOT RAISED),,STRAIGHT AND LEVEL,DRY,NO DEFECTS,NOT ON SCENE (DESK REPORT),NO INJURY / DRIVE AWAY,Y,,,"OVER $1,500",7/15/2023 2:50,IMPROPER TURNING/NO SIGNAL,NOT APPLICABLE,25,W,HUBBARD ST,1831,,,,,,,2,NO INDICATION OF INJURY,0,0,0,0,0,3,0,2,7,7,41.88994002,-87.62894827,POINT (-87.628948272311 41.889940020834)
09ba4ecadf9a5fcebf31f8e14376564aff22510e456a064918fe23216b68b227ce99f33f14eb798fbf65ab95f8c596bf8551ba73d1494a1cda5b238daca4b132,JG342400,,7/15/2023 16:52,25,NO CONTROLS,NO CONTROLS,CLEAR,DAYLIGHT,PARKED MOTOR VEHICLE,DIVIDED - W/MEDIAN (NOT RAISED),,STRAIGHT AND LEVEL,DRY,NO DEFECTS,ON SCENE,INJURY AND / OR TOW DUE TO CRASH,,,,"$501 - $1,500",7/15/2023 17:21,IMPROPER OVERTAKING/PASSING,UNABLE TO DETERMINE,4232,W,LE MOYNE ST,2534,,,,,,,2,NO INDICATION OF INJURY,0,0,0,0,0,1,0,16,7,7,41.90782556,-87.73264466,POINT (-87.73264466032 41.90782555872)
0b7f01d716c41487c98d4813baaed0559aca13942a38853b1399e134df7ea14a5f7f5b94338471620be5428e3e4ac0b8343ff6c426a1ca4cfe9cfefc2130ebc1,JG342818,,7/15/2023 23:50,30,UNKNOWN,UNKNOWN,CLEAR,"DARKNESS, LIGHTED ROAD",REAR END,CENTER TURN LANE,,STRAIGHT AND LEVEL,DRY,UNKNOWN,NOT ON SCENE (DESK REPORT),NO INJURY / DRIVE AWAY,,,,"OVER $1,500",7/16/2023 1:15,FOLLOWING TOO CLOSELY,NOT APPLICABLE,36,W,ILLINOIS ST,1831,,,,,,,2,NO INDICATION OF INJURY,0,0,0,0,0,2,0,23,7,7,41.89094466,-87.62955405,POINT (-87.629554048003 41.890944656709)
0bd4fb3065a3800533dcec0b15c51fe738544e135213e8bafa60000251f3bb470f8343a65d71b85d1ac9a0d8b756927dce9291b3ba354177e92af257320ba06d,JG341525,,7/15/2023 0:30,25,NO CONTROLS,NO CONTROLS,CLOUDY/OVERCAST,"DARKNESS, LIGHTED ROAD",OTHER OBJECT,ONE-WAY,,STRAIGHT AND LEVEL,WET,UNKNOWN,ON SCENE,NO INJURY / DRIVE AWAY,,,,"$501 - $1,500",7/15/2023 1:16,WEATHER,NOT APPLICABLE,6038,N,ROCKWELL ST,2413,,,,,,,1,,,,,,,,,0,7,7,41.99159279,-87.69471463,POINT (-87.694714627987 41.9915927874)
0dcf61ab15d8db13071929f3f16a3d1d0343c40abe71a42ec269f22db6122bd72b8f2d8b505cd8aaa061720ba182fa670439783881955677cd105781d058f35d,JG342601,,7/15/2023 19:57,20,NO CONTROLS,NO CONTROLS,CLEAR,DAYLIGHT,TURNING,NOT DIVIDED,,STRAIGHT AND LEVEL,DRY,NO DEFECTS,ON SCENE,INJURY AND / OR TOW DUE TO CRASH,Y,,,"OVER $1,500",7/15/2023 19:59,FAILING TO YIELD RIGHT-OF-WAY,NOT APPLICABLE,7500,S,MARYLAND AVE,624,,,,,,,2,"REPORTED, NOT EVIDENT",2,0,0,0,2,0,0,19,7,7,41.75850394,-87.60429135,POINT (-87.604291351459 41.758503937149)
0de8843ee5ab7f6f1bd04dd701671037bffc8d15be78322a3d108c8f2370b97c037a27a26f72f6bba25b89a78731a531a78afd7f7d352b519bfeed9bbad710d0,JG342298,,7/15/2023 15:08,30,TRAFFIC SIGNAL,FUNCTIONING PROPERLY,CLEAR,DAYLIGHT,REAR END,NOT DIVIDED,,STRAIGHT AND LEVEL,DRY,NO DEFECTS,ON SCENE,NO INJURY / DRIVE AWAY,,,Y,"OVER $1,500",7/15/2023 16:08,FAILING TO REDUCE SPEED TO AVOID CRASH,NOT APPLICABLE,3958,W,GRAND AVE,2535,,,,,,,2,NO INDICATION OF INJURY,0,0,0,0,0,2,0,15,7,7,41.90610113,-87.72596037,POINT (-87.725960374107 41.906101127774)
0f49b6c5c23a3a6041ae0adca7fa3c41116a6025df23d6e99cc07b671934c8dc94fe282ffd7decfa0571c566a0a81edf7cb8f493db67ff92315306b2b335b834,JG341735,N,7/15/2023 8:14,30,NO CONTROLS,NO CONTROLS,CLOUDY/OVERCAST,DAYLIGHT,PARKED MOTOR VEHICLE,NOT DIVIDED,,STRAIGHT AND LEVEL,WET,NO DEFECTS,ON SCENE,NO INJURY / DRIVE AWAY,,,,$500 OR LESS,7/15/2023 8:14,FAILING TO REDUCE SPEED TO AVOID CRASH,NOT APPLICABLE,6242,S,PRINCETON AVE,711,,,,,,,2,NO INDICATION OF INJURY,0,0,0,0,0,1,0,8,7,7,41.78034313,-87.63277915,POINT (-87.632779154289 41.780343126796)
0f81b6660ff40d9f1c313533807046c805ae1bc3962a8fed5b0ff08d13451f8e0f2839359d76c28474559722519f7da1ebd880b81fbd3af0fdfca997e46fa43c,JG342329,,7/15/2023 13:30,35,TRAFFIC SIGNAL,UNKNOWN,CLEAR,DAYLIGHT,REAR END,FOUR WAY,,STRAIGHT AND LEVEL,DRY,UNKNOWN,NOT ON SCENE (DESK REPORT),NO INJURY / DRIVE AWAY,Y,,,"OVER $1,500",7/15/2023 16:40,UNABLE TO DETERMINE,UNABLE TO DETERMINE,802,N,CENTRAL AVE,1511,,,,,,,2,NO INDICATION OF INJURY,0,0,0,0,0,2,0,13,7,7,41.89495508,-87.76554515,POINT (-87.76554515028 41.894955079811)
1064501c0473bdb647d9a5decadadddc0c0a5986294f77c8d9280bb32033b8bc312b28bb0cc136efd3644897a05b084852e6efa1cadbde9fb023fbf48f88fbb0,JG341635,,7/15/2023 4:59,30,TRAFFIC SIGNAL,FUNCTIONING PROPERLY,RAIN,"DARKNESS, LIGHTED ROAD",REAR END,NOT DIVIDED,,STRAIGHT AND LEVEL,WET,NO DEFECTS,ON SCENE,INJURY AND / OR TOW DUE TO CRASH,,,Y,"OVER $1,500",7/15/2023 5:00,UNABLE TO DETERMINE,UNABLE TO DETERMINE,802,N,CENTRAL AVE,1511,,,,,,,2,"REPORTED, NOT EVIDENT",1,0,0,0,1,2,0,4,7,7,41.89495508,-87.76554515,POINT (-87.76554515028 41.894955079811)
1078c9a5ee6fe54ea2b008bb757486dd524af4acaf3b57ed4836eda81a922e6e7e12b3d8410895ed38d61e2a3423f5e163c0d9ee9b6834a6de911c1199b9d5a7,JG343742,N,7/15/2023 15:15,30,NO CONTROLS,NO CONTROLS,CLEAR,DAYLIGHT,REAR END,DIVIDED - W/MEDIAN (NOT RAISED),,STRAIGHT AND LEVEL,DRY,NO DEFECTS,NOT ON SCENE (DESK REPORT),NO INJURY / DRIVE AWAY,,,,"$501 - $1,500",7/16/2023 19:05,UNABLE TO DETERMINE,NOT APPLICABLE,935,N,MICHIGAN AVE,1833,,,,,,,2,NO INDICATION OF INJURY,0,0,0,0,0,2,0,15,7,7,41.90014083,-87.6240238,POINT (-87.624023803631 41.900140833331)
10cc9e5a99db75780ffe78ccccdf8fe4df81f012553c074732e81522afa701ac964a3d2bcac0959a0cb3e1b5f232551b2532ff1a06e8336a1b65944608db5fb4,JG348021,,7/15/2023 11:33,30,TRAFFIC SIGNAL,FUNCTIONING PROPERLY,CLEAR,DAYLIGHT,TURNING,FOUR WAY,,STRAIGHT AND LEVEL,DRY,UNKNOWN,NOT ON SCENE (DESK REPORT),INJURY AND / OR TOW DUE TO CRASH,Y,,,"OVER $1,500",7/19/2023 19:23,UNABLE TO DETERMINE,UNABLE TO DETERMINE,150,N,COLUMBUS DR,114,,,,,,,2,NONINCAPACITATING INJURY,2,0,0,2,0,1,0,11,7,7,41.88458537,-87.62079215,POINT (-87.620792152563 41.884585370634)
1197549fabb21e626e2088968e0b2599279c33eeb825a1518682c0b1bab0b7b3d203635bee46a6c67f0ecb5edb90d8125227c7b5770ebb71b94f6f713027e8ee,JG342132,,7/15/2023 12:30,30,TRAFFIC SIGNAL,FUNCTIONING PROPERLY,CLEAR,DAYLIGHT,SIDESWIPE SAME DIRECTION,NOT DIVIDED,,STRAIGHT AND LEVEL,DRY,NO DEFECTS,NOT ON SCENE (DESK REPORT),NO INJURY / DRIVE AWAY,,,Y,"OVER $1,500",7/15/2023 13:37,IMPROPER OVERTAKING/PASSING,DRIVING ON WRONG SIDE/WRONG WAY,1779,W,FOSTER AVE,2032,,,,,,,2,NO INDICATION OF INJURY,0,0,0,0,0,2,0,12,7,7,41.97598998,-87.67460884,POINT (-87.674608840237 41.97598997523)
12b3149e53d1c218ff68fea74ad332e4ee88a29b78274e71c580e7646a7f8fd4996fe596957cf4c45f4ea1d70f23f2132c07dd39e98f78f6eb798b979f38f43d,JG341762,,7/15/2023 8:50,30,TRAFFIC SIGNAL,FUNCTIONING PROPERLY,CLEAR,DAYLIGHT,REAR END,DIVIDED - W/MEDIAN (NOT RAISED),,STRAIGHT AND LEVEL,DRY,NO DEFECTS,ON SCENE,INJURY AND / OR TOW DUE TO CRASH,,,,"OVER $1,500",7/15/2023 9:00,UNABLE TO DETERMINE,NOT APPLICABLE,3156,W,DIVERSEY AVE,1411,,,,,,,3,NO INDICATION OF INJURY,0,0,0,0,0,3,0,8,7,7,41.93213839,-87.70728611,POINT (-87.707286106212 41.932138390141)
13b22198febc07704c7de05fcb38944840062041c920e01e55316276eb7643239a2d14f4262167a80bf017d120fa6361fd89764253347fabf61a329a217621fe,JG342647,,7/15/2023 21:00,30,TRAFFIC SIGNAL,FUNCTIONING PROPERLY,CLEAR,"DARKNESS, LIGHTED ROAD",TURNING,T-INTERSECTION,,STRAIGHT AND LEVEL,DRY,NO DEFECTS,NOT ON SCENE (DESK REPORT),NO INJURY / DRIVE AWAY,Y,,,"OVER $1,500",7/15/2023 21:30,FAILING TO YIELD RIGHT-OF-WAY,FAILING TO YIELD RIGHT-OF-WAY,100,W,CERMAK RD,131,Y,,,,,,2,NO INDICATION OF INJURY,0,0,0,0,0,4,0,21,7,7,41.85299122,-87.62938693,POINT (-87.629386933044 41.852991219253)
140b89593d862f9f607e3fee84c2d1425be21966d4e752c77a0c8e9f34f62158f2566b5a6206dc55c1ae3e4a2dc920a746f9feb28618d8c31f6626a3fc327128,JG342383,,7/15/2023 16:56,30,TRAFFIC SIGNAL,NO CONTROLS,CLEAR,DAYLIGHT,PEDESTRIAN,NOT DIVIDED,,STRAIGHT AND LEVEL,DRY,NO DEFECTS,ON SCENE,NO INJURY / DRIVE AWAY,Y,,Y,"OVER $1,500",7/15/2023 17:02,FAILING TO YIELD RIGHT-OF-WAY,NOT APPLICABLE,1143,N,CLARK ST,1824,,,,,,,2,NO INDICATION OF INJURY,0,0,0,0,0,2,0,16,7,7,41.90307262,-87.63127539,POINT (-87.631275391525 41.903072615048)
162c71a4312d8bcee6e691496102991568354f235828336a6c845987e9df3ae489da37e6233b5a5c40658d16be0f699518006c21a27217b0b9d58a12fa45476b,JG341501,,7/15/2023 0:25,30,STOP SIGN/FLASHER,FUNCTIONING PROPERLY,RAIN,"DARKNESS, LIGHTED ROAD",FIXED OBJECT,NOT DIVIDED,,STRAIGHT AND LEVEL,WET,UNKNOWN,ON SCENE,INJURY AND / OR TOW DUE TO CRASH,Y,,,"OVER $1,500",7/15/2023 0:25,UNABLE TO DETERMINE,NOT APPLICABLE,3900,S,WESTERN AVE,921,,,,,,,1,NONINCAPACITATING INJURY,1,0,0,1,0,1,0,0,7,7,41.82295429,-87.68501299,POINT (-87.685012986006 41.822954294114)
1656b37372e5df9d9166a8483b344ac2a2eace76f94436e7cbf1270041167e094627a1d9af6442f9abeb521e9c1b83ae6a4811aab5e7399fddf72d0fd6a00032,JG342309,,7/15/2023 15:18,35,NO CONTROLS,NO CONTROLS,CLEAR,DAYLIGHT,REAR END,NOT DIVIDED,,STRAIGHT AND LEVEL,DRY,NO DEFECTS,NOT ON SCENE (DESK REPORT),NO INJURY / DRIVE AWAY,,,,"OVER $1,500",7/15/2023 16:31,UNABLE TO DETERMINE,UNABLE TO DETERMINE,2600,S,DR MARTIN LUTHER KING JR DR,133,,,,,,,2,NO INDICATION OF INJURY,0,0,0,0,0,3,0,15,7,7,41.84565291,-87.61781639,POINT (-87.617816391009 41.845652911763)
16ac98a1d9fc37335c2807879a2afeef25749b755925b237ee067181e90cbfd2ab231743ad866d69a2735a893c90b5b576e407e0136adf2fd9b7732f39832548,JG342256,,7/15/2023 13:25,30,NO CONTROLS,NO CONTROLS,CLEAR,DAYLIGHT,SIDESWIPE OPPOSITE DIRECTION,NOT DIVIDED,,STRAIGHT AND LEVEL,DRY,NO DEFECTS,ON SCENE,NO INJURY / DRIVE AWAY,,,Y,"OVER $1,500",7/15/2023 13:51,IMPROPER LANE USAGE,NOT APPLICABLE,885,W,LILL AVE,1935,,,,,,,2,NO INDICATION OF INJURY,0,0,0,0,0,2,0,13,7,7,41.92800879,-87.65223368,POINT (-87.652233678334 41.928008790247)
177cb256fff2eec399a308f3de75c76c49c14c3e1989981d800377aac91f1ced05bd1cce57fdd714a7b312cf0faccf3e11e06e20a049d0d6eb253a954e8ffae0,JG342223,,7/15/2023 14:45,30,YIELD,FUNCTIONING PROPERLY,CLOUDY/OVERCAST,DAYLIGHT,TURNING,FOUR WAY,,STRAIGHT AND LEVEL,DRY,UNKNOWN,NOT ON SCENE (DESK REPORT),NO INJURY / DRIVE AWAY,Y,,,"$501 - $1,500",7/15/2023 14:57,FAILING TO YIELD RIGHT-OF-WAY,NOT APPLICABLE,2024,E,71ST ST,331,,,,,,,2,NO INDICATION OF INJURY,0,0,0,0,0,2,0,14,7,7,41.76636056,-87.57523011,POINT (-87.575230111906 41.766360562165)
177e7cad4d39638c340735b7742be4f74b1140fd235dbf5a4fe0e67826d6e0b23b6583327c14faafd83bfb149ebdda6d06a530c5a04e8c330a61bf942c3d139a,JG342713,,7/15/2023 22:00,30,NO CONTROLS,NO CONTROLS,CLEAR,"DARKNESS, LIGHTED ROAD",FIXED OBJECT,ONE-WAY,,STRAIGHT AND LEVEL,DRY,NO DEFECTS,ON SCENE,INJURY AND / OR TOW DUE TO CRASH,,,,"OVER $1,500",7/15/2023 22:05,DRIVING SKILLS/KNOWLEDGE/EXPERIENCE,NOT APPLICABLE,1757,W,WRIGHTWOOD AVE,1931,,,,,,,1,"REPORTED, NOT EVIDENT",6,0,0,0,6,1,0,22,7,7,41.92860588,-87.67295394,POINT (-87.672953935917 41.928605878312)
18a5b224fc10298d3bf0c0c22b281ce9f5c69aa46f30124bcbd4afb5603227a9b05ba8fcdc47d803db794356a901b835d6e3220e8805a6c943f65cfa91bfa59b,JG341533,,7/15/2023 1:09,35,UNKNOWN,UNKNOWN,RAIN,"DARKNESS, LIGHTED ROAD",FIXED OBJECT,DIVIDED - W/MEDIAN BARRIER,,STRAIGHT AND LEVEL,WET,NO DEFECTS,ON SCENE,INJURY AND / OR TOW DUE TO CRASH,Y,,,"OVER $1,500",7/15/2023 1:19,UNABLE TO DETERMINE,NOT APPLICABLE,6119,N,MILWAUKEE AVE,1611,,,,,,,1,NO INDICATION OF INJURY,0,0,0,0,0,1,0,1,7,7,41.99274043,-87.78339571,POINT (-87.783395710409 41.992740427996)
197f819621a65a9bf97b74e4cfbcbea4d97e41c745b59c47ef155223f01ee70c44f6eebfd7222f3b3849ec02d585eac71fea33990e801f54cdf2b4a593aa4309,JG341567,,7/15/2023 2:18,30,NO CONTROLS,NO CONTROLS,CLEAR,"DARKNESS, LIGHTED ROAD",FIXED OBJECT,DIVIDED - W/MEDIAN (NOT RAISED),,STRAIGHT AND LEVEL,WET,NO DEFECTS,ON SCENE,INJURY AND / OR TOW DUE TO CRASH,,,Y,"OVER $1,500",7/15/2023 2:18,UNABLE TO DETERMINE,UNABLE TO DETERMINE,3898,S,WESTERN AVE,911,,,,,,,1,NO INDICATION OF INJURY,0,0,0,0,0,1,0,2,7,7,41.82298421,-87.68502582,POINT (-87.68502582381 41.822984211439)
1b15cd305cdeb24b36d96d19a7fa24405330e23526fc3dd1e015a92725f4873285568f941ed2805cda2b6765c64904fc826c010dac1b70b980d6f17f521591d9,JG341788,,7/15/2023 9:15,30,NO CONTROLS,NO CONTROLS,CLEAR,DAYLIGHT,REAR END,NOT DIVIDED,,STRAIGHT AND LEVEL,DRY,NO DEFECTS,ON SCENE,INJURY AND / OR TOW DUE TO CRASH,,,,"OVER $1,500",7/15/2023 9:20,FAILING TO REDUCE SPEED TO AVOID CRASH,FOLLOWING TOO CLOSELY,1607,N,KOSTNER AVE,2534,,,,,,,2,"REPORTED, NOT EVIDENT",1,0,0,0,1,1,0,9,7,7,41.91009471,-87.73603565,POINT (-87.736035647623 41.91009470766)
1cbc424e6c8c030d5718a64ed81b943bc7e02a8dd9387fe6a98747afe994ab438177ddbf4503ea8d1e00222d3b4e324eac705c3e08b69783a12c7a873ce586de,JG342242,,7/15/2023 14:43,30,NO CONTROLS,NO CONTROLS,CLEAR,DAYLIGHT,REAR END,NOT DIVIDED,,STRAIGHT AND LEVEL,WET,NO DEFECTS,ON SCENE,NO INJURY / DRIVE AWAY,,,,"OVER $1,500",7/15/2023 14:43,FOLLOWING TOO CLOSELY,NOT APPLICABLE,24,W,HARRISON ST,123,,,,,,,2,NO INDICATION OF INJURY,0,0,0,0,0,2,0,14,7,7,41.87465744,-87.62848554,POINT (-87.628485540221 41.874657438987)
1ce66fb2c93ce32cdeadb2acee17295e35aecbdcb269319c5e90cfb4425f4b513f046e6347d64b48fae1309c801de465bd6e5f113eff6d4d60b6998c9d7ce8e5,JG342447,,7/15/2023 17:30,30,TRAFFIC SIGNAL,FUNCTIONING PROPERLY,CLEAR,DAYLIGHT,REAR END,NOT DIVIDED,,STRAIGHT AND LEVEL,DRY,NO DEFECTS,NOT ON SCENE (DESK REPORT),NO INJURY / DRIVE AWAY,,,,"OVER $1,500",7/15/2023 18:12,FOLLOWING TOO CLOSELY,UNABLE TO DETERMINE,10700,S,HALSTED ST,2233,,,,,,,2,NO INDICATION OF INJURY,0,0,0,0,0,3,0,17,7,7,41.69954742,-87.64275192,POINT (-87.64275191512 41.699547414667)
1d263b368600ce751fd8e1dc9c8f139c8b13a32c350efdf6a57dce4e739e96dc42e58d33f49f69f3b2de8f9e7f05415255f53a4b8ba58cc68c77c34ee1582ecb,JG341705,Y,7/15/2023 6:10,30,UNKNOWN,UNKNOWN,RAIN,DAYLIGHT,PARKED MOTOR VEHICLE,ONE-WAY,,STRAIGHT AND LEVEL,WET,UNKNOWN,ON SCENE,NO INJURY / DRIVE AWAY,,,Y,"OVER $1,500",7/15/2023 6:11,UNABLE TO DETERMINE,UNABLE TO DETERMINE,713,E,37TH PL,212,,,,,,,2,NO INDICATION OF INJURY,0,0,0,0,0,1,0,6,7,7,41.82651953,-87.60960995,POINT (-87.609609947621 41.826519531992)
1dec985724b6993fb1b7ad09fa5333d6c5071bd545f68aa9c1ccdbe1efde0f0c96d18dba04aa08d8e8bdbc6d8f06176ad08ea84fdae482cb5c04ec187258dcbf,JG342648,,7/15/2023 21:32,30,TRAFFIC SIGNAL,FUNCTIONING PROPERLY,CLEAR,DUSK,REAR END,NOT DIVIDED,,STRAIGHT AND LEVEL,DRY,NO DEFECTS,ON SCENE,INJURY AND / OR TOW DUE TO CRASH,Y,,,"OVER $1,500",7/15/2023 21:32,FAILING TO REDUCE SPEED TO AVOID CRASH,FAILING TO REDUCE SPEED TO AVOID CRASH,3907,W,BELMONT AVE,2523,,,,,,,2,NO INDICATION OF INJURY,0,0,0,0,0,2,0,21,7,7,41.93902128,-87.72417825,POINT (-87.724178247957 41.939021277045)
2025586296e6dc5cf31a4df9a76102010cf6a6e1b9882f702041a1c06c5a0d67475537962566f1b6f67fe85633473e64645607e79fd782ce4dcc4fd39f3f31ef,JG341732,,7/15/2023 8:17,30,NO CONTROLS,NO CONTROLS,CLOUDY/OVERCAST,DAYLIGHT,PARKED MOTOR VEHICLE,ONE-WAY,,STRAIGHT AND LEVEL,WET,NO DEFECTS,ON SCENE,INJURY AND / OR TOW DUE TO CRASH,,,,"OVER $1,500",7/15/2023 8:18,FAILING TO REDUCE SPEED TO AVOID CRASH,UNABLE TO DETERMINE,4722,S,LAFLIN ST,933,,,,,,,4,NO INDICATION OF INJURY,0,0,0,0,0,1,0,8,7,7,41.80792154,-87.66266181,POINT (-87.662661811052 41.807921535792)
203945abe5d32b51c86321a213a9a7139a1f9d52d172b6a4e83db0baa8288beb29d4b6a81fcedec0d2690eb87f98b7ee20a324803c292e9daa37502f5b7bb3e5,JG342429,,7/15/2023 17:10,30,TRAFFIC SIGNAL,FUNCTIONING PROPERLY,CLEAR,DAYLIGHT,REAR END,FOUR WAY,,STRAIGHT AND LEVEL,DRY,UNKNOWN,NOT ON SCENE (DESK REPORT),NO INJURY / DRIVE AWAY,N,,,"OVER $1,500",7/15/2023 17:12,UNABLE TO DETERMINE,UNABLE TO DETERMINE,1099,W,MADISON ST,1232,,,,,,,2,NO INDICATION OF INJURY,0,0,0,0,0,2,0,17,7,7,41.88155377,-87.65468121,POINT (-87.654681211163 41.881553771009)
20a17070265169e66b22af79a50ebe02ec3ed801fd80075ada0295a2a0d4d027cefc0e5995c741c945ef2806b8e9cde8456006999c749e810b60a9866daf152b,JG342692,,7/15/2023 12:50,25,STOP SIGN/FLASHER,UNKNOWN,CLEAR,DAYLIGHT,TURNING,T-INTERSECTION,,STRAIGHT AND LEVEL,DRY,UNKNOWN,NOT ON SCENE (DESK REPORT),NO INJURY / DRIVE AWAY,Y,,,"OVER $1,500",7/15/2023 22:30,UNABLE TO DETERMINE,UNABLE TO DETERMINE,6400,N,SEELEY AVE,2412,,,,,,,2,NO INDICATION OF INJURY,0,0,0,0,0,2,0,12,7,7,41.99796292,-87.68150642,POINT (-87.681506414944 41.99796291621)
20e49d9e9d00d08abf024a4579093537c135d47a61fb51139c84dd739dcfb50eea2db131cf4b6d52a83be57e1d2178ee3d2f6052b0cb8043170d12aa9201b95a,JG341740,,7/15/2023 7:50,25,NO CONTROLS,NO CONTROLS,RAIN,DAYLIGHT,OTHER OBJECT,DIVIDED - W/MEDIAN BARRIER,,STRAIGHT AND LEVEL,WET,NO DEFECTS,NOT ON SCENE (DESK REPORT),NO INJURY / DRIVE AWAY,,,,"OVER $1,500",7/15/2023 8:30,IMPROPER LANE USAGE,NOT APPLICABLE,1050,N,LAKE SHORE DR SB,1824,,,,,,,1,NO INDICATION OF INJURY,0,0,0,0,0,1,0,7,7,7,41.9023206,-87.62409635,POINT (-87.624096348887 41.902320598564)
2334b70ab6577095c95ea531191aeb1f7a866c34b684545d2bf0591d411e52f3ad0e2ef68cf7bd22559bbfd23070f92767fb8750f699a6abef4e01846a792493,JG341758,,7/15/2023 8:23,35,TRAFFIC SIGNAL,FUNCTIONING PROPERLY,CLEAR,DAYLIGHT,OTHER OBJECT,DIVIDED - W/MEDIAN BARRIER,,STRAIGHT AND LEVEL,WET,NO DEFECTS,NOT ON SCENE (DESK REPORT),INJURY AND / OR TOW DUE TO CRASH,,,Y,$500 OR LESS,7/15/2023 8:23,UNABLE TO DETERMINE,IMPROPER LANE USAGE,3957,W,79TH ST,834,,,,,,,1,NO INDICATION OF INJURY,0,0,0,0,0,1,0,8,7,7,41.74933158,-87.72175177,POINT (-87.721751766424 41.749331580877)