CRASH_RECORD_ID,RD_NO,CRASH_DATE_EST_I,CRASH_DATE,POSTED_SPEED_LIMIT,TRAFFIC_CONTROL_DEVICE,DEVICE_CONDITION,WEATHER_CONDITION,LIGHTING_CONDITION,FIRST_CRASH_TYPE,TRAFFICWAY_TYPE,LANE_CNT,ALIGNMENT,ROADWAY_SURFACE_COND,ROAD_DEFECT,REPORT_TYPE,CRASH_TYPE,INTERSECTION_RELATED_I,NOT_RIGHT_OF_WAY_I,HIT_AND_RUN_I,DAMAGE,DATE_POLICE_NOTIFIED,PRIM_CONTRIBUTORY_CAUSE,SEC_CONTRIBUTORY_CAUSE,STREET_NO,STREET_DIRECTION,STREET_NAME,BEAT_OF_OCCURRENCE,PHOTOS_TAKEN_I,STATEMENTS_TAKEN_I,DOORING_I,WORK_ZONE_I,WORK_ZONE_TYPE,WORKERS_PRESENT_I,NUM_UNITS,MOST_SEVERE_INJURY,INJURIES_TOTAL,INJURIES_FATAL,INJURIES_INCAPACITATING,INJURIES_NON_INCAPACITATING,INJURIES_REPORTED_NOT_EVIDENT,INJURIES_NO_INDICATION,INJURIES_UNKNOWN,CRASH_HOUR,CRASH_DAY_OF_WEEK,CRASH_MONTH,LATITUDE,LONGITUDE,LOCATION
24a7e7c7c7916e7cef10ec8ec125d8baf3c9a525ef98045917114dd846862b7a9a488b2d399712e1e5720735530e6a8b3d3f1b071187f62a80da8372a78fca14,JG342273,,7/15/2023 15:30,30,TRAFFIC SIGNAL,UNKNOWN,CLEAR,DAYLIGHT,SIDESWIPE SAME DIRECTION,T-INTERSECTION,,STRAIGHT AND LEVEL,DRY,UNKNOWN,NOT ON SCENE (DESK REPORT),NO INJURY / DRIVE AWAY,,,Y,"OVER $1,500",7/15/2023 15:40,UNABLE TO DETERMINE,UNABLE TO DETERMINE,1611,E,95TH ST,431,,,,,,,2,NO INDICATION OF INJURY,0,0,0,0,0,2,0,15,7,7,41.72223496,-87.58461147,POINT (-87.584611469545 41.722234960447)
255d60917d543861459afbc30afb5f4b7acb1fdbece5978f3164d448211b4a0d15630e6b28955da542aaf8b6cd97204dd59ea5ed49529216e4b2fb1b48c851ed,JG342592,,7/15/2023 19:50,30,NO CONTROLS,NO CONTROLS,CLEAR,DAWN,TURNING,FOUR WAY,,STRAIGHT AND LEVEL,DRY,NO DEFECTS,NOT ON SCENE (DESK REPORT),NO INJURY / DRIVE AWAY,N,,,"OVER $1,500",7/15/2023 20:15,UNABLE TO DETERMINE,UNABLE TO DETERMINE,3232,W,FULLERTON AVE,1413,,,,,,,2,NO INDICATION OF INJURY,0,0,0,0,0,2,0,19,7,7,41.92480999,-87.70874189,POINT (-87.708741889616 41.924809990082)
25720b05a8062b32a170499afeaced46df8a882cbac4c1443093c84356ba81607a4f7b3e509c6443b388f8bc1e83f22890f4c0d915d24eb6e68cdc4c4d54fac8,JG342308,,7/15/2023 16:00,30,STOP SIGN/FLASHER,FUNCTIONING PROPERLY,CLEAR,DAYLIGHT,REAR END,FOUR WAY,,STRAIGHT AND LEVEL,DRY,NO DEFECTS,NOT ON SCENE (DESK REPORT),NO INJURY / DRIVE AWAY,,,,"OVER $1,500",7/15/2023 16:20,CELL PHONE USE OTHER THAN TEXTING,NOT APPLICABLE,1700,N,NARRAGANSETT AVE,2513,,,,,,,2,NO INDICATION OF INJURY,0,0,0,0,0,2,0,16,7,7,41.91104706,-87.78521036,POINT (-87.785210361835 41.911047057406)
25ef4df94a9a75c575ae167630163600e849ab2576284c9861b2d6acc2b8f02a669601ea07291863a332178162358f800d358a79449ff228c32fc1470b89ff38,JG342050,,7/15/2023 4:15,30,TRAFFIC SIGNAL,FUNCTIONING PROPERLY,CLEAR,"DARKNESS, LIGHTED ROAD",REAR END,NOT DIVIDED,,STRAIGHT AND LEVEL,WET,NO DEFECTS,NOT ON SCENE (DESK REPORT),NO INJURY / DRIVE AWAY,,,Y,"$501 - $1,500",7/15/2023 12:52,FOLLOWING TOO CLOSELY,FOLLOWING TOO CLOSELY,1468,W,111TH ST,2234,,,,,,,2,NO INDICATION OF INJURY,0,0,0,0,0,2,0,4,7,7,41.69225875,-87.65968006,POINT (-87.659680056595 41.69225875013)
2929cdb7313dd50aa89bf855ea2bf3c4328253dae28d6e0c5b0a257009d1b51b9b7095359907ad938961df8d7546ef93561f38ac5882309bf1d30e1458b88125,JG341637,,7/15/2023 4:28,30,TRAFFIC SIGNAL,FUNCTIONING PROPERLY,RAIN,DAWN,TURNING,FOUR WAY,,STRAIGHT AND LEVEL,WET,NO DEFECTS,ON SCENE,INJURY AND / OR TOW DUE TO CRASH,Y,,,"OVER $1,500",7/15/2023 4:45,DISREGARDING TRAFFIC SIGNALS,NOT APPLICABLE,345,N,CICERO AVE,1113,,,,,,,2,"REPORTED, NOT EVIDENT",1,0,0,0,1,1,0,4,7,7,41.88659447,-87.74535044,POINT (-87.745350439932 41.886594469117)
29fd1dbd7514de35b33a91a8cc03a6088361ada17d8c53d40f50d5e09feb55663cc769d09eea1e056f57c389133f1b3c397e816093349d835890f8855d552f70,JG342089,,7/15/2023 12:27,30,STOP SIGN/FLASHER,FUNCTIONING PROPERLY,CLEAR,DAYLIGHT,ANGLE,NOT DIVIDED,,STRAIGHT AND LEVEL,DRY,UNKNOWN,ON SCENE,INJURY AND / OR TOW DUE TO CRASH,Y,,,"OVER $1,500",7/15/2023 12:49,FAILING TO YIELD RIGHT-OF-WAY,"VISION OBSCURED (SIGNS, TREE LIMBS, BUILDINGS, ETC.)",5830,W,IRVING PARK RD,1624,,,,,,,2,NO INDICATION OF INJURY,0,0,0,0,0,2,0,12,7,7,41.95321137,-87.77317626,POINT (-87.773176263181 41.953211365778)
2a30b5e43c2c234563da79d03778cfe8578b0f8c823fd6ab215acdd13b91f1149bbeb848a84fba894c43845a3dfa9af829831dd2cba45c302073920674b1d4da,JG342768,,7/15/2023 23:10,30,UNKNOWN,UNKNOWN,UNKNOWN,UNKNOWN,SIDESWIPE SAME DIRECTION,NOT DIVIDED,,STRAIGHT AND LEVEL,UNKNOWN,UNKNOWN,NOT ON SCENE (DESK REPORT),NO INJURY / DRIVE AWAY,,,Y,"OVER $1,500",7/16/2023 0:15,UNABLE TO DETERMINE,NOT APPLICABLE,2000,N,DAMEN AVE,1432,,,,,,,2,NO INDICATION OF INJURY,0,0,0,0,0,3,0,23,7,7,41.91779304,-87.67776977,POINT (-87.677769767737 41.917793041023)
2aec2fb8654c6074232375ce44b82743f66ebc74ca470d9c2941e4c5223b4357a7746e43ce0892cd38aaaaa2f460d67815a1b856ff1b9dc08df69653da677925,JG341552,,7/15/2023 1:54,30,TRAFFIC SIGNAL,FUNCTIONING PROPERLY,RAIN,"DARKNESS, LIGHTED ROAD",ANGLE,NOT DIVIDED,,STRAIGHT AND LEVEL,WET,NO DEFECTS,NOT ON SCENE (DESK REPORT),INJURY AND / OR TOW DUE TO CRASH,,,Y,"OVER $1,500",7/15/2023 2:08,UNABLE TO DETERMINE,UNABLE TO DETERMINE,495,N,MILWAUKEE AVE,1214,,,,,,,2,NO INDICATION OF INJURY,0,0,0,0,0,2,0,1,7,7,41.89113474,-87.64729585,POINT (-87.64729585103 41.891134744023)
2c27ab322808fecd2252c0a40b31b492136be6238c9bd1804b7d1bfd5d9cb8e8e378da12708664b76820c30734035c6d235f56b0ea6a3a397b9685b377cd05ec,JG341663,,7/15/2023 4:16,30,UNKNOWN,UNKNOWN,RAIN,UNKNOWN,PARKED MOTOR VEHICLE,ONE-WAY,,STRAIGHT AND LEVEL,WET,UNKNOWN,NOT ON SCENE (DESK REPORT),NO INJURY / DRIVE AWAY,,,Y,"OVER $1,500",7/15/2023 6:16,UNABLE TO DETERMINE,UNABLE TO DETERMINE,4128,W,14TH ST,1011,,,,,,,2,NO INDICATION OF INJURY,0,0,0,0,0,1,0,4,7,7,41.86258,-87.72866949,POINT (-87.728669486637 41.862580003401)
2c7b7cb5a8ce33491fe3c5d881eb78ba1096afb5f941de85080966398681aeac19d7c5a3a47a38c6beffa0a72dbcdbb9341bfaefb7bb84e39f069b4bbaa488c1,JG342720,,7/15/2023 22:17,30,TRAFFIC SIGNAL,FUNCTIONING PROPERLY,CLEAR,"DARKNESS, LIGHTED ROAD",SIDESWIPE SAME DIRECTION,DIVIDED - W/MEDIAN BARRIER,,STRAIGHT AND LEVEL,DRY,NO DEFECTS,NOT ON SCENE (DESK REPORT),NO INJURY / DRIVE AWAY,,,,$500 OR LESS,7/15/2023 23:15,IMPROPER OVERTAKING/PASSING,NOT APPLICABLE,96,W,ROOSEVELT RD,123,,,,,,,2,NO INDICATION OF INJURY,0,0,0,0,0,3,0,22,7,7,41.86748446,-87.63038891,POINT (-87.630388907726 41.867484460531)
2c7f8b853cc25cb2dfcabedcbae5c7bf553f0b1230ef8dd8e74d93d5e8e769b6523047e337bd0d8634e8059ea583dda0355d1fe67d4b5242c25bd24d0579a807,JG341837,,7/15/2023 5:30,30,NO CONTROLS,NO CONTROLS,UNKNOWN,UNKNOWN,PARKED MOTOR VEHICLE,ONE-WAY,,STRAIGHT AND LEVEL,UNKNOWN,UNKNOWN,NOT ON SCENE (DESK REPORT),NO INJURY / DRIVE AWAY,,,Y,"OVER $1,500",7/15/2023 10:10,UNABLE TO DETERMINE,UNABLE TO DETERMINE,1425,S,LAWNDALE AVE,1011,,,,,,,2,NO INDICATION OF INJURY,0,0,0,0,0,1,0,5,7,7,41.86157698,-87.71757431,POINT (-87.717574309373 41.861576981572)
2e666d9e35e64b7fc6aaa6152058d553aa69705d1df3bdb29d3de56d17051b1c4f59d175a562f2bd27a7b9648a3a7096d7a361bd6bef03383796d5970b1bcf96,JG342711,,7/15/2023 21:40,30,NO CONTROLS,NO CONTROLS,CLEAR,"DARKNESS, LIGHTED ROAD",PARKED MOTOR VEHICLE,NOT DIVIDED,,STRAIGHT AND LEVEL,DRY,NO DEFECTS,ON SCENE,NO INJURY / DRIVE AWAY,,,Y,"OVER $1,500",7/15/2023 21:45,UNABLE TO DETERMINE,UNABLE TO DETERMINE,1827,E,72ND ST,324,,,,,,,2,NO INDICATION OF INJURY,0,0,0,0,0,1,0,21,7,7,41.76418318,-87.58017899,POINT (-87.580178988431 41.76418318117)
2bc27951337f64cfb869780e2e7303d6a476f27603b0eb70abda41a1689f04f5cdc2494f805ba03676e286a20941dbbbff82bf3945743ca4736b5910dfb43d0c,JF330396,,7/25/2022 6:21,30,STOP SIGN/FLASHER,OTHER,CLEAR,DAYLIGHT,ANGLE,FOUR WAY,,STRAIGHT AND LEVEL,DRY,NO DEFECTS,ON SCENE,INJURY AND / OR TOW DUE TO CRASH,Y,,,"OVER $1,500",7/25/2022 6:21,FAILING TO YIELD RIGHT-OF-WAY,DISREGARDING OTHER TRAFFIC SIGNS,5500,S,WENTWORTH AVE,225,,,,,,,2,NONINCAPACITATING INJURY,1,0,0,1,0,1,0,6,2,7,,,
2ec6c1f8e2066e5b6744f5f059358cb0c61d26d0baac102938a36716f517926588ac75951f7c85f34bb650fdabdab2a385835cacbf78082a084c75eba0b9c0f1,JG341946,,7/15/2023 10:45,30,STOP SIGN/FLASHER,FUNCTIONING PROPERLY,CLEAR,DAYLIGHT,TURNING,NOT DIVIDED,,STRAIGHT AND LEVEL,DRY,NO DEFECTS,NOT ON SCENE (DESK REPORT),NO INJURY / DRIVE AWAY,,,,"OVER $1,500",7/15/2023 11:30,IMPROPER TURNING/NO SIGNAL,IMPROPER TURNING/NO SIGNAL,933,S,CICERO AVE,1131,,,,,,,2,NO INDICATION OF INJURY,0,0,0,0,0,2,0,10,7,7,41.86856093,-87.74469001,POINT (-87.744690014399 41.868560933046)
2f504eae2bc4552a98b08b368e9c4e052cdcf388766b6be0a919ba5e24c366f30d2b7f5f079df6a685a26145b4e5314a3b3a2bf60eca2ac821f65b5ffbd569fb,JG342081,,7/15/2023 12:29,35,TRAFFIC SIGNAL,FUNCTIONING PROPERLY,CLEAR,DAYLIGHT,TURNING,FOUR WAY,,STRAIGHT AND LEVEL,DRY,NO DEFECTS,ON SCENE,INJURY AND / OR TOW DUE TO CRASH,Y,,,"OVER $1,500",7/15/2023 12:32,DISREGARDING TRAFFIC SIGNALS,DRIVING SKILLS/KNOWLEDGE/EXPERIENCE,3400,W,IRVING PARK RD,1723,,,,,,,2,NO INDICATION OF INJURY,0,0,0,0,0,2,0,12,7,7,41.95396568,-87.71296876,POINT (-87.712968763225 41.953965677765)
30abaea6c8ef6900e239d9f4e9abbac797e18f92fd95f902820ee88058dca4b791706d764472ca45c98624fe94e58bc231c09f738a44a2e59dd0b1e10d62da03,JG343088,,7/15/2023 18:30,30,TRAFFIC SIGNAL,FUNCTIONING PROPERLY,UNKNOWN,DAYLIGHT,SIDESWIPE SAME DIRECTION,NOT DIVIDED,,STRAIGHT AND LEVEL,UNKNOWN,UNKNOWN,NOT ON SCENE (DESK REPORT),NO INJURY / DRIVE AWAY,,,Y,"OVER $1,500",7/16/2023 8:35,IMPROPER LANE USAGE,NOT APPLICABLE,2633,W,111TH ST,2212,,,,,,,2,NO INDICATION OF INJURY,0,0,0,0,0,2,0,18,7,7,41.69161677,-87.68735997,POINT (-87.687359966315 41.691616770988)
33d7ca4dec532a5f033bc2c38b9ad81e42b4554ba1414545b036cd0f494a6a6470fa326b7c2f71544ac52ee0be656a1a1aed64b861b491e44f4f5f2ddb2c4f6c,JG342856,,7/15/2023 23:00,30,UNKNOWN,UNKNOWN,UNKNOWN,UNKNOWN,PEDESTRIAN,NOT DIVIDED,,STRAIGHT AND LEVEL,UNKNOWN,UNKNOWN,ON SCENE,INJURY AND / OR TOW DUE TO CRASH,,,Y,$500 OR LESS,7/16/2023 2:00,UNABLE TO DETERMINE,NOT APPLICABLE,7400,S,SOUTH SHORE DR,334,,,,,,,2,NONINCAPACITATING INJURY,1,0,0,1,0,1,0,23,7,7,41.76217412,-87.55892746,POINT (-87.558927463962 41.762174118016)
34ba64045db8776eb461aa574f0484a1857c4c940b54eb7b949bd125c51c9373ca5bae5e76783219c244b32e3e3922f6316bd7461c0443591d7681ad0759519e,JG341908,,7/15/2023 11:07,30,TRAFFIC SIGNAL,FUNCTIONING PROPERLY,CLEAR,DAYLIGHT,PEDESTRIAN,NOT DIVIDED,,STRAIGHT AND LEVEL,DRY,NO DEFECTS,ON SCENE,INJURY AND / OR TOW DUE TO CRASH,,,,"OVER $1,500",7/15/2023 11:08,UNABLE TO DETERMINE,UNABLE TO DETERMINE,7101,S,ASHLAND AVE,734,,,,,,,2,"REPORTED, NOT EVIDENT",1,0,0,0,1,1,0,11,7,7,41.76486775,-87.66364716,POINT (-87.663647157451 41.764867751649)
367e0e23beba32829aac7df417bafa6588c3eef9b464c2961fd9b970e2ba7f968200cb3527412cd76a4e96e85043d1a03a1c606c677209920e61ed6320eb8aa8,JG344743,,7/15/2023 16:10,30,TRAFFIC SIGNAL,FUNCTIONING PROPERLY,CLEAR,DAYLIGHT,REAR END,NOT DIVIDED,,STRAIGHT ON GRADE,DRY,NO DEFECTS,NOT ON SCENE (DESK REPORT),NO INJURY / DRIVE AWAY,,,,"$501 - $1,500",7/17/2023 14:45,FAILING TO REDUCE SPEED TO AVOID CRASH,FAILING TO REDUCE SPEED TO AVOID CRASH,4000,W,63RD ST,813,,,,,,,2,NO INDICATION OF INJURY,0,0,0,0,0,2,0,16,7,7,41.77876739,-87.7228232,POINT (-87.722823195304 41.778767390084)
3787b5a1466d1b1971f0268332558d7b3c7294f76c7a490e81eb3215a0e1383978897155dd266c899088fc9c58d57151712f4b5a1891f7248344b45c9a5dcb26,JG342240,,7/15/2023 12:33,35,TRAFFIC SIGNAL,FUNCTIONING PROPERLY,CLEAR,DAYLIGHT,ANGLE,NOT DIVIDED,,STRAIGHT AND LEVEL,DRY,NO DEFECTS,NOT ON SCENE (DESK REPORT),INJURY AND / OR TOW DUE TO CRASH,Y,,,"OVER $1,500",7/15/2023 15:31,"OPERATING VEHICLE IN ERRATIC, RECKLESS, CARELESS, NEGLIGENT OR AGGRESSIVE MANNER",DISREGARDING TRAFFIC SIGNALS,340,N,COLUMBUS DR,114,,,,,,,2,NO INDICATION OF INJURY,0,0,0,0,0,2,0,12,7,7,41.88791004,-87.62080356,POINT (-87.620803560575 41.887910041818)
38725e942405737df428405bbeeb0c53daaa0b77c82f32e6804a6708f2f851debf70f0dcbb636a16fa66952f709c8fb783fd99930eea3a98ccbeb5159418fbf2,JG342689,,7/15/2023 19:15,30,STOP SIGN/FLASHER,FUNCTIONING PROPERLY,CLEAR,DAYLIGHT,PEDESTRIAN,FOUR WAY,,STRAIGHT AND LEVEL,DRY,NO DEFECTS,NOT ON SCENE (DESK REPORT),INJURY AND / OR TOW DUE TO CRASH,Y,,,"$501 - $1,500",7/15/2023 22:30,FAILING TO YIELD RIGHT-OF-WAY,NOT APPLICABLE,735,N,WABASH AVE,1833,,,,,,,2,NONINCAPACITATING INJURY,1,0,0,1,0,1,0,19,7,7,41.89588872,-87.62668389,POINT (-87.626683889291 41.895888717502)
38ae01133ae9a1cde27a6bdf95b6563f6a1e8a5c678ca268afe39fd5b35d778a6f966aa9d940cee5eec62a11c5327ea46973e761577e9091c6bf35f00cf6495b,JG342220,,7/15/2023 14:52,30,TRAFFIC SIGNAL,FUNCTIONING PROPERLY,CLEAR,DAYLIGHT,PEDALCYCLIST,NOT DIVIDED,,STRAIGHT AND LEVEL,DRY,NO DEFECTS,ON SCENE,NO INJURY / DRIVE AWAY,,,,"$501 - $1,500",7/15/2023 14:52,NOT APPLICABLE,NOT APPLICABLE,299,S,STATE ST,113,,,,,,,2,NO INDICATION OF INJURY,0,0,0,0,0,2,0,14,7,7,41.87820977,-87.62753115,POINT (-87.627531144988 41.878209772522)
39f15756e6154ba3d23ae17036e413da1dbe2fe453339e98b0ca82200f05e0688e605b4ba38a3188259107dd20780c8d668a9b4bfad2c2ae0c068d8eb355fe7c,JG342734,,7/15/2023 23:20,35,TRAFFIC SIGNAL,FUNCTIONING PROPERLY,CLEAR,DUSK,ANGLE,T-INTERSECTION,,STRAIGHT AND LEVEL,DRY,NO DEFECTS,ON SCENE,INJURY AND / OR TOW DUE TO CRASH,,,,"OVER $1,500",7/15/2023 23:24,DISREGARDING OTHER TRAFFIC SIGNS,DISREGARDING OTHER TRAFFIC SIGNS,4400,W,LAKE ST,1113,,,,,,,2,"REPORTED, NOT EVIDENT",2,0,0,0,2,0,0,23,7,7,41.88614041,-87.7357597,POINT (-87.735759702159 41.886140411405)
39ffa06f6c9154d1e52c1097927660ae392d6ed82fa4e6ac981b0b1dc624de1b2a4541e700e7f06c4a99d8ddcac3e0d94e1e84c2d9df89cf4129955d27fc9e32,JG346746,,7/15/2023 21:36,30,TRAFFIC SIGNAL,FUNCTIONING PROPERLY,CLEAR,"DARKNESS, LIGHTED ROAD",SIDESWIPE SAME DIRECTION,DIVIDED - W/MEDIAN BARRIER,,STRAIGHT AND LEVEL,DRY,UNKNOWN,NOT ON SCENE (DESK REPORT),NO INJURY / DRIVE AWAY,,,Y,"$501 - $1,500",7/18/2023 21:35,FAILING TO YIELD RIGHT-OF-WAY,IMPROPER OVERTAKING/PASSING,1200,S,COLUMBUS DR,132,,,,,,,2,NO INDICATION OF INJURY,0,0,0,0,0,2,0,21,7,7,41.86738791,-87.62049103,POINT (-87.620491034097 41.867387913926)
3a42d515ad0d04d1d7c4883cfa3622eac34e2f377a0dfa7e67ce7d846aff58c12b91c94d0116ae5979881114f474e58052aca0f296c6f4664af06a35439c7e10,JG345772,,7/15/2023 22:00,20,NO CONTROLS,NO CONTROLS,CLEAR,DARKNESS,PARKED MOTOR VEHICLE,ONE-WAY,,STRAIGHT AND LEVEL,DRY,NO DEFECTS,NOT ON SCENE (DESK REPORT),NO INJURY / DRIVE AWAY,,,Y,"$501 - $1,500",7/18/2023 9:48,UNABLE TO DETERMINE,UNABLE TO DETERMINE,713,E,88TH ST,632,,Y,,,,,2,NO INDICATION OF INJURY,0,0,0,0,0,1,0,22,7,7,41.73468839,-87.60661235,POINT (-87.60661235108 41.734688392572)
3a466c2e1bfa720c3ac68590f8787f65bf47ca9317be9206905ce1a6693ae2ac69c13902bdf7a4ed3a8bb6f5658fcc1753fdc59a285dcddb30260928cbd8d543,JG341669,,7/15/2023 4:40,30,NO CONTROLS,NO CONTROLS,RAIN,DAWN,SIDESWIPE SAME DIRECTION,NOT DIVIDED,,STRAIGHT AND LEVEL,WET,NO DEFECTS,NOT ON SCENE (DESK REPORT),INJURY AND / OR TOW DUE TO CRASH,,,Y,"OVER $1,500",7/15/2023 6:35,FAILING TO YIELD RIGHT-OF-WAY,FAILING TO REDUCE SPEED TO AVOID CRASH,3377,E,100TH ST,432,,,,,,,2,NO INDICATION OF INJURY,0,0,0,0,0,2,0,4,7,7,41.71372239,-87.54135182,POINT (-87.541351816148 41.713722390145)
3a6f2484adc383fa41aa5586bc5b244fe60f27c58e5ae5991221aaf321bbfc1e348cc379160ef696959496caa5c2a0d4298b9699151c7e614089a0428c7fb028,JG342578,,7/15/2023 10:15,15,NO CONTROLS,NO CONTROLS,CLEAR,DAYLIGHT,ANGLE,PARKING LOT,,STRAIGHT AND LEVEL,DRY,NO DEFECTS,NOT ON SCENE (DESK REPORT),NO INJURY / DRIVE AWAY,,Y,,"$501 - $1,500",7/15/2023 20:02,IMPROPER BACKING,NOT APPLICABLE,2500,N,CLARK ST,1935,,,,,,,2,NO INDICATION OF INJURY,0,0,0,0,0,4,0,10,7,7,41.9278051,-87.64196306,POINT (-87.641963060076 41.927805102093)
3a7332dca9df48cae976f426f3d0fd063c72ca509c637fbfe29383be2c2825d22ee84af0ce714f572ec7ac951c02ecd9146e84d3c6d6a1d544df1f6e1b2193a0,JG342261,,7/15/2023 13:52,20,NO CONTROLS,NO CONTROLS,CLOUDY/OVERCAST,DAYLIGHT,OTHER OBJECT,NOT DIVIDED,,STRAIGHT AND LEVEL,DRY,NO DEFECTS,NOT ON SCENE (DESK REPORT),NO INJURY / DRIVE AWAY,,,Y,"OVER $1,500",7/15/2023 14:54,UNABLE TO DETERMINE,UNABLE TO DETERMINE,7919,S,CARPENTER ST,612,,,,,,,1,NO INDICATION OF INJURY,0,0,0,0,0,1,0,13,7,7,41.74995312,-87.64993985,POINT (-87.649939853239 41.749953115178)
3d96743875b2224924dfc2215d7f5ff4b6c37c3801fce84d4d75d7d5dca28648f38c62033e286c58ba8dec098c58e52cd83b64dfed307957248290ef337a966c,JG341804,,7/15/2023 9:26,35,TRAFFIC SIGNAL,FUNCTIONING PROPERLY,CLEAR,DAYLIGHT,TURNING,NOT DIVIDED,,STRAIGHT AND LEVEL,DRY,UNKNOWN,ON SCENE,INJURY AND / OR TOW DUE TO CRASH,Y,,,"OVER $1,500",7/15/2023 9:27,FAILING TO YIELD RIGHT-OF-WAY,NOT APPLICABLE,2400,W,FULLERTON AVE,1431,,,,,,,3,NONINCAPACITATING INJURY,1,0,0,1,0,4,0,9,7,7,41.92500994,-87.68770475,POINT (-87.687704752222 41.925009934765)
3dcd3907cb210797554a322f04fb270130ed92c4e86a42bd322ddeba35e945d15871bf1dd21ea72c14fb044bfb87102301aaf4700b7835d72aa1d9d998ec4339,JG342287,,7/15/2023 15:00,30,NO CONTROLS,NO CONTROLS,CLEAR,DAYLIGHT,ANGLE,ALLEY,,STRAIGHT AND LEVEL,DRY,NO DEFECTS,ON SCENE,NO INJURY / DRIVE AWAY,,,,"OVER $1,500",7/15/2023 15:04,FAILING TO YIELD RIGHT-OF-WAY,NOT APPLICABLE,5215,N,CHRISTIANA AVE,1712,,,,,,,2,NO INDICATION OF INJURY,0,0,0,0,0,2,0,15,7,7,41.97619747,-87.71218982,POINT (-87.712189815512 41.9761974697)
3e1defc2959af03aa4a2f889ae0aa18f73d335a3a152bfd6227987f4788cc08d4c9ce3751dac75da938993a8343a0d4aaa4e809d7e069d1cea582a0747a59d4e,JG356003,,7/15/2023 19:33,10,NO CONTROLS,NO CONTROLS,CLEAR,DAYLIGHT,PARKED MOTOR VEHICLE,PARKING LOT,,STRAIGHT AND LEVEL,DRY,NO DEFECTS,NOT ON SCENE (DESK REPORT),NO INJURY / DRIVE AWAY,,,,$500 OR LESS,7/25/2023 20:05,UNABLE TO DETERMINE,NOT APPLICABLE,4425,S,COTTAGE GROVE AVE,221,Y,,,,,,2,NO INDICATION OF INJURY,0,0,0,0,0,1,0,19,7,7,41.81422707,-87.60652337,POINT (-87.606523374407 41.814227072873)
408cfc384380ac12d18c93303a1bd46099950def8b1fa52502acfa2675f310e017c490bc74e2e626ad4a4e7df66d0a8eb22109b6d6f45d4cfa19a4925ef05f71,JG342008,,7/15/2023 11:58,30,UNKNOWN,UNKNOWN,CLEAR,DAYLIGHT,SIDESWIPE SAME DIRECTION,OTHER,,STRAIGHT AND LEVEL,DRY,UNKNOWN,ON SCENE,NO INJURY / DRIVE AWAY,,,Y,"OVER $1,500",7/15/2023 12:24,NOT APPLICABLE,NOT APPLICABLE,6638,S,RHODES AVE,321,,,,,,,2,NO INDICATION OF INJURY,0,0,0,0,0,2,0,11,7,7,41.77368767,-87.61201989,POINT (-87.61201988631 41.773687666762)
40da528f7149015bed4dcd078227a6303657b3e970d715ba1134bd1e519581c7142c1a9b9a9a37d232bfd015dce36ebc6ebd96d7585e0e1af8b191fc48650bc1,JG341915,,7/15/2023 10:15,30,TRAFFIC SIGNAL,UNKNOWN,CLEAR,UNKNOWN,REAR TO SIDE,UNKNOWN,,STRAIGHT AND LEVEL,UNKNOWN,UNKNOWN,NOT ON SCENE (DESK REPORT),NO INJURY / DRIVE AWAY,,,,$500 OR LESS,7/15/2023 11:30,UNABLE TO DETERMINE,UNABLE TO DETERMINE,6221,N,MOZART ST,2413,,,,,,,2,NO INDICATION OF INJURY,0,0,0,0,0,2,0,10,7,7,41.99461201,-87.70060323,POINT (-87.700603225901 41.994612013913)
41a8f432f5f92a79c7dfd0e3e23108f22abbaaaa2217e49df3553978714549faca83f93dfc5c9b84a885c4d90c041cf7c961cf2549235ce325506a918c089a20,JG342130,,7/15/2023 7:37,35,NO CONTROLS,NO CONTROLS,CLEAR,DAYLIGHT,OTHER NONCOLLISION,NOT DIVIDED,,STRAIGHT AND LEVEL,DRY,NO DEFECTS,NOT ON SCENE (DESK REPORT),NO INJURY / DRIVE AWAY,,,,"OVER $1,500",7/15/2023 13:30,ROAD ENGINEERING/SURFACE/MARKING DEFECTS,ROAD CONSTRUCTION/MAINTENANCE,9610,S,LAFAYETTE AVE,511,,,,,,,1,NO INDICATION OF INJURY,0,0,0,0,0,1,0,7,7,7,41.71950567,-87.62550923,POINT (-87.62550922534 41.719505672864)
4339907346d1d5741555c74ebef4d6ce0efe169052baf41b1580270bb2cdc419de16fa88a0ca301355257cb0136f4577bd53d8a8b84e244b5c17f797cf820dd3,JG343093,,7/15/2023 22:10,30,NO CONTROLS,NO CONTROLS,CLEAR,DARKNESS,REAR END,NOT DIVIDED,,STRAIGHT AND LEVEL,DRY,NO DEFECTS,NOT ON SCENE (DESK REPORT),NO INJURY / DRIVE AWAY,,,,"OVER $1,500",7/16/2023 8:27,FAILING TO REDUCE SPEED TO AVOID CRASH,UNABLE TO DETERMINE,65,E,WACKER PL,111,,,,,,,2,NO INDICATION OF INJURY,0,0,0,0,0,2,0,22,7,7,41.88670423,-87.62549637,POINT (-87.625496374107 41.886704230249)