CRASH_RECORD_ID,RD_NO,CRASH_DATE_EST_I,CRASH_DATE,POSTED_SPEED_LIMIT,TRAFFIC_CONTROL_DEVICE,DEVICE_CONDITION,WEATHER_CONDITION,LIGHTING_CONDITION,FIRST_CRASH_TYPE,TRAFFICWAY_TYPE,LANE_CNT,ALIGNMENT,ROADWAY_SURFACE_COND,ROAD_DEFECT,REPORT_TYPE,CRASH_TYPE,INTERSECTION_RELATED_I,NOT_RIGHT_OF_WAY_I,HIT_AND_RUN_I,DAMAGE,DATE_POLICE_NOTIFIED,PRIM_CONTRIBUTORY_CAUSE,SEC_CONTRIBUTORY_CAUSE,STREET_NO,STREET_DIRECTION,STREET_NAME,BEAT_OF_OCCURRENCE,PHOTOS_TAKEN_I,STATEMENTS_TAKEN_I,DOORING_I,WORK_ZONE_I,WORK_ZONE_TYPE,WORKERS_PRESENT_I,NUM_UNITS,MOST_SEVERE_INJURY,INJURIES_TOTAL,INJURIES_FATAL,INJURIES_INCAPACITATING,INJURIES_NON_INCAPACITATING,INJURIES_REPORTED_NOT_EVIDENT,INJURIES_NO_INDICATION,INJURIES_UNKNOWN,CRASH_HOUR,CRASH_DAY_OF_WEEK,CRASH_MONTH,LATITUDE,LONGITUDE,LOCATION
453e136c80aed988d892f1fb8028cf0e051f82737cc790eec91fa526669bf33c3f9e4711cf6dabf1b285eaa9634236895fd40c0ea260a75ca20e596a61652b3f,JG341917,,7/15/2023 10:36,30,TRAFFIC SIGNAL,FUNCTIONING PROPERLY,CLEAR,DAYLIGHT,TURNING,FOUR WAY,,STRAIGHT AND LEVEL,DRY,NO DEFECTS,NOT ON SCENE (DESK REPORT),NO INJURY / DRIVE AWAY,,,,"OVER $1,500",7/15/2023 11:45,DRIVING SKILLS/KNOWLEDGE/EXPERIENCE,UNABLE TO DETERMINE,6705,S,JEFFERY BLVD,331,Y,Y,,,,,2,NO INDICATION OF INJURY,0,0,0,0,0,4,0,10,7,7,41.77325802,-87.5763382,POINT (-87.57633819551 41.773258014577)
45f24074303ffcadcea2e74a5d348ce36871f555612120530b420852a4eb4edfe45198c9e76022d19c03aa44a482d30b889ced815b16f4c419c76683282841d2,JG342658,,7/15/2023 21:41,30,TRAFFIC SIGNAL,FUNCTIONING PROPERLY,CLEAR,DAYLIGHT,REAR END,NOT DIVIDED,,STRAIGHT AND LEVEL,DRY,NO DEFECTS,NOT ON SCENE (DESK REPORT),NO INJURY / DRIVE AWAY,,,,"OVER $1,500",7/15/2023 22:00,FOLLOWING TOO CLOSELY,UNABLE TO DETERMINE,35,W,115TH ST,522,,,,,,,2,NO INDICATION OF INJURY,0,0,0,0,0,3,0,21,7,7,41.68519455,-87.62424453,POINT (-87.624244534343 41.685194550712)
479474ecc5e55fe99fa919f40a32e6394e1de59c338cc92fb80703af97f8e223ef15690d7471df8c63b52cd94cd3695a2e7271aa2ecaf6593172f999fede01ca,JG342148,,7/15/2023 13:30,35,STOP SIGN/FLASHER,FUNCTIONING PROPERLY,CLEAR,DAYLIGHT,TURNING,"FIVE POINT, OR MORE",,STRAIGHT AND LEVEL,DRY,NO DEFECTS,NOT ON SCENE (DESK REPORT),NO INJURY / DRIVE AWAY,Y,,,"OVER $1,500",7/15/2023 14:00,UNABLE TO DETERMINE,UNABLE TO DETERMINE,7391,S,SOUTH CHICAGO AVE,324,,,,,,,2,NO INDICATION OF INJURY,0,0,0,0,0,2,0,13,7,7,41.76070122,-87.5981612,POINT (-87.598161204026 41.760701220185)
49593caab5ad8110d0709b5c514c930d493e415aff4ca8dbb9f59fc98105f4351232755aae658eaea0ced8577674812ced31e0e71ae55f3a0f61212f70ebc4d0,JG342250,,7/15/2023 14:40,30,STOP SIGN/FLASHER,FUNCTIONING PROPERLY,RAIN,DAYLIGHT,ANGLE,NOT DIVIDED,,STRAIGHT AND LEVEL,WET,NO DEFECTS,ON SCENE,INJURY AND / OR TOW DUE TO CRASH,Y,,,"$501 - $1,500",7/15/2023 15:14,FAILING TO YIELD RIGHT-OF-WAY,FAILING TO YIELD RIGHT-OF-WAY,300,E,47TH ST,215,,,,,,,2,NO INDICATION OF INJURY,0,0,0,0,0,5,0,14,7,7,41.80944685,-87.61952409,POINT (-87.619524087226 41.809446853655)
4a1f35bb5562350ed95ecb39bae325f41af6f2bb0c48e09c41d34c67a6fd4c3385e5acdf7d6afd093b3ec428a410d47fd8d49066d13ab9f8fccf15e56b93b96e,JG341997,,7/15/2023 11:30,10,NO CONTROLS,NO CONTROLS,CLEAR,DAYLIGHT,REAR TO FRONT,ONE-WAY,,STRAIGHT AND LEVEL,DRY,UNKNOWN,NOT ON SCENE (DESK REPORT),NO INJURY / DRIVE AWAY,,,,"$501 - $1,500",7/15/2023 12:10,UNABLE TO DETERMINE,UNABLE TO DETERMINE,4058,W,PETERSON AVE,1711,,,,,,,2,NO INDICATION OF INJURY,0,0,0,0,0,2,0,11,7,7,41.99021647,-87.73095802,POINT (-87.730958019598 41.990216470093)
4b2f3aec61a4969bf8be504c88cef672421e54bae9b9a31d65091277af1b0f20f22e5b9edb7be8cce13226abd77d8d038e3817e9d0b3a1ec20e48b1ba6e78492,JG342265,,7/15/2023 15:20,30,NO CONTROLS,NO CONTROLS,CLEAR,DAYLIGHT,REAR END,NOT DIVIDED,,STRAIGHT AND LEVEL,DRY,NO DEFECTS,NOT ON SCENE (DESK REPORT),NO INJURY / DRIVE AWAY,,,,"OVER $1,500",7/15/2023 15:40,FOLLOWING TOO CLOSELY,NOT APPLICABLE,4445,N,PULASKI RD,1723,,,,,,,2,NO INDICATION OF INJURY,0,0,0,0,0,3,0,15,7,7,41.96223481,-87.72771372,POINT (-87.727713718165 41.962234811627)
4a614538bd0e58242c06a3b75aeb6a4271646c8b7d777a1bc32690d77f39c7b713d9ac6a636037a24e8f3b27920f3b8dc582568fca9d45f7d499401ee085df99,JD181294,,3/10/2020 17:50,15,NO CONTROLS,NO CONTROLS,CLEAR,DAYLIGHT,ANGLE,PARKING LOT,,STRAIGHT AND LEVEL,DRY,NO DEFECTS,,NO INJURY / DRIVE AWAY,,,,"$501 - $1,500",3/10/2020 20:16,UNABLE TO DETERMINE,NOT APPLICABLE,1132,S,CLINTON ST,124,,,,,,,2,NO INDICATION OF INJURY,0,0,0,0,0,2,0,17,3,3,41.86797281,-87.64089226,POINT (-87.640892256885 41.867972805109)
4d8b548ba36e7a2bd406ccb40dad42fe37c269229dd1d2a64fec22f7534a2a71bce891d0907ee5db79cb76b5f79f015f68ac86bda127a6441a9b62219f92c9b8,JG341721,,7/15/2023 7:50,30,TRAFFIC SIGNAL,FUNCTIONING PROPERLY,CLEAR,DAYLIGHT,SIDESWIPE OPPOSITE DIRECTION,DIVIDED - W/MEDIAN (NOT RAISED),,STRAIGHT AND LEVEL,DRY,NO DEFECTS,ON SCENE,INJURY AND / OR TOW DUE TO CRASH,,,Y,"OVER $1,500",7/15/2023 7:54,NOT APPLICABLE,NOT APPLICABLE,4100,S,ARCHER AVE,921,,,,,,,2,NO INDICATION OF INJURY,0,0,0,0,0,4,0,7,7,7,41.81911577,-87.69628504,POINT (-87.696285036294 41.819115767734)
4db60ed9bdc226315593707d9dcb28f0a502284dd56b5f646802b94a177cb9871854bc142db16046d80b9773d8bc8495d8a1d96a221571c95d9216c316d189c4,JG342161,,7/15/2023 13:40,30,STOP SIGN/FLASHER,UNKNOWN,CLEAR,DAYLIGHT,ANGLE,NOT DIVIDED,,STRAIGHT AND LEVEL,UNKNOWN,UNKNOWN,NOT ON SCENE (DESK REPORT),NO INJURY / DRIVE AWAY,,,,"$501 - $1,500",7/15/2023 14:15,UNABLE TO DETERMINE,NOT APPLICABLE,2700,N,AUSTIN AVE,2512,,,,,,,2,NO INDICATION OF INJURY,0,0,0,0,0,2,0,13,7,7,41.92937566,-87.77605228,POINT (-87.776052281973 41.929375664492)
4def2a3fc5c90ae2de1ea6edc79899ce7709e13aa0464364a1b08f5aa1d37a352db3dd77bd5b845c16071a3aa7026ab9212048a31cae51b7e0b26db4d9be729f,JG342643,,7/15/2023 21:00,25,TRAFFIC SIGNAL,FUNCTIONING PROPERLY,CLEAR,"DARKNESS, LIGHTED ROAD",REAR END,FOUR WAY,,STRAIGHT AND LEVEL,DRY,NO DEFECTS,ON SCENE,INJURY AND / OR TOW DUE TO CRASH,Y,,,"OVER $1,500",7/15/2023 21:04,UNABLE TO DETERMINE,NOT APPLICABLE,601,E,47TH ST,223,,,,,,,3,INCAPACITATING INJURY,1,0,1,0,0,2,0,21,7,7,41.80935304,-87.61138797,POINT (-87.611387970047 41.809353039133)
4e286119bc1bf97e93e1cafffa7178d39d19c561ed0a192187d790903d6ccb8c24ab6299a03bddc292a70326f559767cc18594c85264f5ee1a4a027a61ee7d2b,JG341916,,7/15/2023 10:15,30,NO CONTROLS,NO CONTROLS,CLEAR,DAYLIGHT,REAR END,ONE-WAY,,STRAIGHT AND LEVEL,DRY,NO DEFECTS,,NO INJURY / DRIVE AWAY,,,,"OVER $1,500",7/15/2023 11:15,FOLLOWING TOO CLOSELY,FAILING TO REDUCE SPEED TO AVOID CRASH,100,W,GRAND AVE,1831,,,,,,,3,NO INDICATION OF INJURY,0,0,0,0,0,3,0,10,7,7,41.89173502,-87.63120169,POINT (-87.631201688792 41.891735020379)
4e5c8a270116ca4e81b88bef9d0beb5bb8fc96f603902f196d717e93212de5f69b38150db5b5e7a2f8985523ba8d9bca6fdd932ed2b1d412301ed172e0abf21b,JG342710,,7/15/2023 22:05,30,TRAFFIC SIGNAL,FUNCTIONING PROPERLY,CLEAR,"DARKNESS, LIGHTED ROAD",FIXED OBJECT,FOUR WAY,,STRAIGHT AND LEVEL,DRY,NO DEFECTS,ON SCENE,INJURY AND / OR TOW DUE TO CRASH,Y,,,"OVER $1,500",7/15/2023 23:02,EQUIPMENT - VEHICLE CONDITION,NOT APPLICABLE,10301,S,VINCENNES AVE,2232,,,,,,,1,NO INDICATION OF INJURY,0,0,0,0,0,1,0,22,7,7,41.70666432,-87.65591245,POINT (-87.65591244845 41.706664317965)
4ed509c9c951d51e1f994507b6569e1e2ff2a9e4fdcd68ff493a7c633b7c2dd82597fc90414429513d349ed46104ec7c27e219f4087e03c61c04269ecee08c6e,JG342119,,7/15/2023 12:59,30,NO CONTROLS,NO CONTROLS,CLEAR,DAYLIGHT,REAR END,DIVIDED - W/MEDIAN (NOT RAISED),,STRAIGHT AND LEVEL,DRY,NO DEFECTS,ON SCENE,NO INJURY / DRIVE AWAY,,,,"OVER $1,500",7/15/2023 13:00,FOLLOWING TOO CLOSELY,NOT APPLICABLE,4109,N,NARRAGANSETT AVE,1624,,,,,,,2,NO INDICATION OF INJURY,0,0,0,0,0,2,0,12,7,7,41.95503605,-87.78648181,POINT (-87.78648181433 41.955036045074)
4f8d5011ebd2d1932727d15cdf8ed8ee5250cb8cf6b4b424243ba086fb6128cd07eea0e483939b33a1e9faabe6fc83750917949513e7990231ca51804b477dd7,JG342088,,7/15/2023 12:20,30,STOP SIGN/FLASHER,UNKNOWN,UNKNOWN,DAYLIGHT,PARKED MOTOR VEHICLE,ONE-WAY,,STRAIGHT AND LEVEL,UNKNOWN,UNKNOWN,NOT ON SCENE (DESK REPORT),NO INJURY / DRIVE AWAY,,,,"$501 - $1,500",7/15/2023 13:10,UNABLE TO DETERMINE,NOT APPLICABLE,5600,W,ALTGELD ST,2515,,,,,,,2,NO INDICATION OF INJURY,0,0,0,0,0,1,0,12,7,7,41.92591355,-87.76611783,POINT (-87.766117827801 41.925913547069)
50bad30ca389204eca90ae851ec917ad48dda4c5ee1b6a8aa3a5d68cdcfcf68f62a33b65dee6b65e09e1c97944ce6471358159733e9665ccaff554987aab24a1,JG342118,,7/15/2023 2:00,30,NO CONTROLS,NO CONTROLS,RAIN,DARKNESS,PARKED MOTOR VEHICLE,NOT DIVIDED,,STRAIGHT AND LEVEL,WET,NO DEFECTS,ON SCENE,INJURY AND / OR TOW DUE TO CRASH,,,,$500 OR LESS,7/15/2023 13:20,UNABLE TO DETERMINE,UNABLE TO DETERMINE,1114,W,115TH ST,2234,,,,,,,2,NO INDICATION OF INJURY,0,0,0,0,0,1,0,2,7,7,41.68508492,-87.65014789,POINT (-87.650147887041 41.685084922987)
50dfce3d8af730763dc173516c57528b6f20a46d49765d469dec3e447ffcd6444638d74ada577ab397ba2f92679735d249216ce412b2feb1354196c70fe8dcc4,JG343817,,7/15/2023 19:00,30,TRAFFIC SIGNAL,UNKNOWN,CLEAR,DAYLIGHT,REAR END,RAMP,,STRAIGHT AND LEVEL,DRY,NO DEFECTS,NOT ON SCENE (DESK REPORT),NO INJURY / DRIVE AWAY,,,,"OVER $1,500",7/16/2023 20:30,FOLLOWING TOO CLOSELY,DRIVING SKILLS/KNOWLEDGE/EXPERIENCE,4000,W,IRVING PARK RD,1722,,,,,,,2,NO INDICATION OF INJURY,0,0,0,0,0,5,0,19,7,7,41.95375687,-87.72769851,POINT (-87.727698513129 41.953756874475)
529482682566c0bf0b78785e8c6d83ebb20b9a524bb10698fccd3ef57f623d043a3326a82f19d967b2fd74cd065aa8b1e1a82aa32c070bff0dafb3aef508ef05,JG341864,,7/15/2023 4:00,30,NO CONTROLS,NO CONTROLS,CLEAR,DARKNESS,PARKED MOTOR VEHICLE,ONE-WAY,,STRAIGHT AND LEVEL,DRY,NO DEFECTS,NOT ON SCENE (DESK REPORT),NO INJURY / DRIVE AWAY,,,Y,"OVER $1,500",7/15/2023 10:30,UNABLE TO DETERMINE,UNABLE TO DETERMINE,6130,S,ABERDEEN ST,712,,,,,,,2,NO INDICATION OF INJURY,0,0,0,0,0,1,0,4,7,7,41.78233746,-87.65228897,POINT (-87.652288966187 41.782337457831)
529bff0a2ae59d3d683d74934c7e9add9d8f48e6b70d524a2e57a0173954ed624fa26d2b73ac7698656d9e6b0bacb6ff62733850451845faf3c763456b8ae2e3,JG342352,,7/15/2023 16:05,30,NO CONTROLS,NO CONTROLS,CLEAR,DAYLIGHT,FIXED OBJECT,PARKING LOT,,STRAIGHT AND LEVEL,DRY,NO DEFECTS,ON SCENE,NO INJURY / DRIVE AWAY,,Y,Y,"$501 - $1,500",7/15/2023 16:38,UNABLE TO DETERMINE,UNABLE TO DETERMINE,2911,N,WESTERN AVE,1432,,,,,,,1,NO INDICATION OF INJURY,0,0,0,0,0,1,0,16,7,7,41.93421499,-87.68779903,POINT (-87.687799033452 41.934214989248)
5489b6bf899ec06f788ea6afc726fc0827f9000a804e247ffd52c0e92c41347679356c4620f74d957add49db0032bbf102f8ad95006cf0d6b8800a7cb3762abe,JG342368,,7/15/2023 16:00,30,TRAFFIC SIGNAL,UNKNOWN,CLEAR,DAYLIGHT,TURNING,FOUR WAY,,STRAIGHT AND LEVEL,WET,UNKNOWN,,INJURY AND / OR TOW DUE TO CRASH,Y,,,"OVER $1,500",7/15/2023 16:15,UNABLE TO DETERMINE,UNABLE TO DETERMINE,8698,S,WESTERN AVE,835,,,,,,,2,INCAPACITATING INJURY,3,0,1,1,1,0,0,16,7,7,41.73561797,-87.68266337,POINT (-87.682663369002 41.735617967973)
55892041f6ac11c0a55fcf322d13948cc3efc2ddf1e6ffb955c71f38a618f7ab11d2238fc14a5f4e109cb65e7cc1a1d7c59f5e278a8d22ac5153715ad45d08e3,JG341704,,7/15/2023 7:30,30,TRAFFIC SIGNAL,FUNCTIONING PROPERLY,CLOUDY/OVERCAST,DAYLIGHT,REAR END,NOT DIVIDED,,STRAIGHT AND LEVEL,DRY,NO DEFECTS,NOT ON SCENE (DESK REPORT),NO INJURY / DRIVE AWAY,,,Y,"OVER $1,500",7/15/2023 7:50,UNABLE TO DETERMINE,UNABLE TO DETERMINE,1443,W,DIVISION ST,1213,,,,,,,2,NO INDICATION OF INJURY,0,0,0,0,0,2,0,7,7,7,41.90327167,-87.66419083,POINT (-87.664190832562 41.903271671649)
562ea3a4d35fff4c146f7d2b0e163a201d045ed01618f167ef2f9e6c8ac2e604247e7f96a5ba46142354c969ef531ae6e7fd8902e379c489bca0f77e51772b37,JG342114,,7/15/2023 12:45,35,TRAFFIC SIGNAL,FUNCTIONING PROPERLY,CLEAR,DAYLIGHT,TURNING,NOT DIVIDED,,STRAIGHT AND LEVEL,DRY,NO DEFECTS,ON SCENE,INJURY AND / OR TOW DUE TO CRASH,,,,"OVER $1,500",7/15/2023 12:58,IMPROPER LANE USAGE,DRIVING SKILLS/KNOWLEDGE/EXPERIENCE,8315,S,CICERO AVE,834,,Y,,,,,2,NO INDICATION OF INJURY,0,0,0,0,0,2,0,12,7,7,41.74141305,-87.74094001,POINT (-87.740940012602 41.741413052628)
58b3fd7f342bab5259c35fc18e62d096c3e7f009f533b8c380c391677e848af075cfda8aa15931b91712516a850fdceb98d9b08e8a48d7f6bad180192073beb6,JG344643,,7/15/2023 21:45,30,STOP SIGN/FLASHER,FUNCTIONING PROPERLY,CLEAR,"DARKNESS, LIGHTED ROAD",REAR END,DIVIDED - W/MEDIAN (NOT RAISED),,STRAIGHT AND LEVEL,DRY,NO DEFECTS,NOT ON SCENE (DESK REPORT),NO INJURY / DRIVE AWAY,,,,"OVER $1,500",7/17/2023 13:30,DISREGARDING STOP SIGN,FOLLOWING TOO CLOSELY,3741,E,100TH ST,432,,,,,,,2,NO INDICATION OF INJURY,0,0,0,0,0,2,0,21,7,7,41.71382501,-87.5324866,POINT (-87.532486597446 41.713825008469)
59cef2b9ec73c418ee840bfe4fa65d83490b38da9441825c63b2946c73eb50aec7566d2972ad0970444ef9ae9c2ac5f30793a848f3e3c7200cf1dd6913a8d174,JG341557,,7/15/2023 1:31,35,TRAFFIC SIGNAL,FUNCTIONING PROPERLY,UNKNOWN,"DARKNESS, LIGHTED ROAD",REAR END,FOUR WAY,,STRAIGHT AND LEVEL,UNKNOWN,UNKNOWN,NOT ON SCENE (DESK REPORT),NO INJURY / DRIVE AWAY,,,Y,"OVER $1,500",7/15/2023 2:28,UNABLE TO DETERMINE,NOT APPLICABLE,758,W,BELMONT AVE,1925,,,,,,,2,NO INDICATION OF INJURY,0,0,0,0,0,3,0,1,7,7,41.94009235,-87.64914778,POINT (-87.649147777873 41.940092346773)
5a6bd3d1399f054204d801c295ed14de3a6df28cd70c74c6b4df4f5e40996187d01b2db670d764c49135efc7f1f0e686f280521fd0fc40715e7ace58417f3653,JG342126,,7/15/2023 2:00,30,STOP SIGN/FLASHER,UNKNOWN,UNKNOWN,"DARKNESS, LIGHTED ROAD",ANGLE,DIVIDED - W/MEDIAN BARRIER,,STRAIGHT AND LEVEL,WET,UNKNOWN,NOT ON SCENE (DESK REPORT),INJURY AND / OR TOW DUE TO CRASH,Y,,,"OVER $1,500",7/15/2023 13:30,FAILING TO YIELD RIGHT-OF-WAY,UNABLE TO DETERMINE,8500,S,STONY ISLAND AVE,412,,,,,,,2,NONINCAPACITATING INJURY,1,0,0,1,0,1,0,2,7,7,41.74050623,-87.58587462,POINT (-87.585874619515 41.740506227247)
5cb89497a07202392ddf9559be1f24580b7378a279562c86ca533f211482506cb6c050dc6109a789e2acb50332eec65a3e0f6ddc019542a879336f4e8387722f,JG342034,,7/15/2023 11:55,30,STOP SIGN/FLASHER,NO CONTROLS,CLEAR,DAYLIGHT,REAR END,NOT DIVIDED,,STRAIGHT AND LEVEL,UNKNOWN,NO DEFECTS,ON SCENE,INJURY AND / OR TOW DUE TO CRASH,Y,,,"OVER $1,500",7/15/2023 11:55,UNABLE TO DETERMINE,UNABLE TO DETERMINE,2930,N,LARAMIE AVE,2514,,,,,,,2,NONINCAPACITATING INJURY,1,0,0,1,0,3,0,11,7,7,41.9341815,-87.75666958,POINT (-87.756669575574 41.934181504267)
5dd6ff76e8447c38e00047b5209ba5115fd9ac1aa7ba67e7242e818100643d35832d1ff90a5b3a98659c7a4371f4ba7b7dba564e908a284533c76d417897d05d,JG341821,,7/15/2023 9:30,30,NO CONTROLS,NO CONTROLS,CLEAR,DAYLIGHT,SIDESWIPE SAME DIRECTION,ONE-WAY,,STRAIGHT AND LEVEL,DRY,NO DEFECTS,ON SCENE,INJURY AND / OR TOW DUE TO CRASH,,,Y,"OVER $1,500",7/15/2023 9:37,UNABLE TO DETERMINE,NOT APPLICABLE,38,W,WASHINGTON ST,111,,,,,,,2,NO INDICATION OF INJURY,0,0,0,0,0,1,0,9,7,7,41.88332583,-87.62928445,POINT (-87.629284452818 41.88332583194)
5d8550d21af8787940737c2f5f01f5fb67cc75a6f19bf6bf02dc82af5af5f4ec25a8dad517a11a22ed0f59d97b6135636c4871ac49ba794f775e52f29c61c335,JG313046,,6/23/2023 16:00,30,NO CONTROLS,NO CONTROLS,CLEAR,DAYLIGHT,PEDALCYCLIST,FOUR WAY,,STRAIGHT AND LEVEL,DRY,NO DEFECTS,,INJURY AND / OR TOW DUE TO CRASH,,,,$500 OR LESS,6/23/2023 17:30,UNABLE TO DETERMINE,UNABLE TO DETERMINE,2802,N,MERRIMAC AVE,2511,,,,,,,2,"REPORTED, NOT EVIDENT",1,0,0,0,1,1,0,16,6,6,41.93119861,-87.78219415,POINT (-87.782194148831 41.931198609219)
60ccd8c7cf6c118d47e4269800276f4bb1cb11c179fc78c452c8be5beb3d3bbf2a01168da5f5037632d74913e5b554f0bad1f9e6b96a579a612458e1f01b123e,JG342699,,7/15/2023 21:45,30,STOP SIGN/FLASHER,NO CONTROLS,CLEAR,"DARKNESS, LIGHTED ROAD",ANGLE,FOUR WAY,,STRAIGHT AND LEVEL,DRY,NO DEFECTS,NOT ON SCENE (DESK REPORT),NO INJURY / DRIVE AWAY,Y,,,"OVER $1,500",7/15/2023 22:30,DISREGARDING STOP SIGN,DISREGARDING STOP SIGN,1000,W,ALTGELD ST,1932,,,,,,,2,NO INDICATION OF INJURY,0,0,0,0,0,2,0,21,7,7,41.92730062,-87.6537946,POINT (-87.653794599218 41.927300615367)
60f2da15d7bb219e885da42fa41bea5195147fd7ed12bc7eb8ebe9b6543b3692689188003d58cdf1a0c2a12181802d4201b8edc464c755aa20cf8390fccf1705,JG348070,,7/15/2023 23:00,30,NO CONTROLS,NO CONTROLS,CLEAR,DARKNESS,SIDESWIPE SAME DIRECTION,NOT DIVIDED,,STRAIGHT AND LEVEL,DRY,UNKNOWN,NOT ON SCENE (DESK REPORT),NO INJURY / DRIVE AWAY,,,Y,"OVER $1,500",7/19/2023 20:06,IMPROPER OVERTAKING/PASSING,NOT APPLICABLE,8400,S,STONY ISLAND AVE,412,,,,,,,2,NO INDICATION OF INJURY,0,0,0,0,0,2,0,23,7,7,41.7423299,-87.58591564,POINT (-87.585915643258 41.742329900235)
6194689e8ae63e1d9a15166b1137c10b5ff6a5664da34652ec49b0c589456c752cd7e506355dc89980532f2981e36546c49c21e36878c662b0de0577cf47bf93,JG344521,,7/15/2023 8:30,20,NO CONTROLS,NO CONTROLS,CLEAR,DAYLIGHT,PARKED MOTOR VEHICLE,DIVIDED - W/MEDIAN (NOT RAISED),,STRAIGHT AND LEVEL,DRY,NO DEFECTS,NOT ON SCENE (DESK REPORT),NO INJURY / DRIVE AWAY,,,Y,"OVER $1,500",7/17/2023 12:20,UNABLE TO DETERMINE,UNABLE TO DETERMINE,1331,N,AVERS AVE,2535,,,,,,,2,NO INDICATION OF INJURY,0,0,0,0,0,1,0,8,7,7,41.9056149,-87.72259129,POINT (-87.722591290473 41.905614903939)
637e009348a77a59a3c51bcf527da96b7398323fe367e106ce15c32491400592c0b78dd9e6fabcf094c96285410e7274125b70fe23d9e6a040ea204e40951853,JG342736,,7/15/2023 21:55,30,TRAFFIC SIGNAL,FUNCTIONING PROPERLY,CLEAR,"DARKNESS, LIGHTED ROAD",TURNING,"FIVE POINT, OR MORE",,STRAIGHT AND LEVEL,DRY,NO DEFECTS,ON SCENE,INJURY AND / OR TOW DUE TO CRASH,Y,,,"OVER $1,500",7/15/2023 23:23,DISREGARDING TRAFFIC SIGNALS,UNABLE TO DETERMINE,3200,N,KEDZIE AVE,1733,,,,,,,3,NO INDICATION OF INJURY,0,0,0,0,0,9,0,21,7,7,41.93935173,-87.70784659,POINT (-87.707846593598 41.93935173031)
653573010e9a469f708070893d8f87424896b1493afb2120c5c8f23d57f9a311871c65beb613e5ef1f5e178d934a2fd76243df27fca8615fa427161529f1520d,JG341658,,7/15/2023 5:20,20,NO CONTROLS,NO CONTROLS,RAIN,DUSK,FIXED OBJECT,ONE-WAY,,"CURVE, LEVEL",WET,UNKNOWN,ON SCENE,INJURY AND / OR TOW DUE TO CRASH,,,,"OVER $1,500",7/15/2023 5:21,WEATHER,UNABLE TO DETERMINE,3155,S,ROBINSON ST,912,,,,,,,1,NO INDICATION OF INJURY,0,0,0,0,0,1,0,5,7,7,41.83638137,-87.66614027,POINT (-87.666140269859 41.836381372181)
65c54f3cdf54d0d404a786b9f4e71bc9a2c9b0b1c8832dbe045f8f3215e1e540cde6f604d0b15e52b089acfd1986baf0040d0cafff07d75b5bdc63c3b6559102,JG342374,,7/15/2023 15:51,30,TRAFFIC SIGNAL,UNKNOWN,CLEAR,DAYLIGHT,TURNING,NOT DIVIDED,,STRAIGHT AND LEVEL,WET,UNKNOWN,NOT ON SCENE (DESK REPORT),NO INJURY / DRIVE AWAY,Y,,,"OVER $1,500",7/15/2023 17:19,FOLLOWING TOO CLOSELY,NOT APPLICABLE,1543,E,87TH ST,412,,,,,,,2,NO INDICATION OF INJURY,0,0,0,0,0,3,0,15,7,7,41.73679546,-87.58627251,POINT (-87.586272509131 41.736795457643)
6635be91b03df89d0f0a88cb6ed45a0117e9bbbda0b9779b4bbc00813d9bcc09d3e592e9968087d36d588291668380a7cbc5c73ac35cc36f686e2bf0bf8a5c46,JG341913,Y,7/15/2023 11:00,30,STOP SIGN/FLASHER,NO CONTROLS,CLEAR,DAYLIGHT,PEDESTRIAN,FOUR WAY,,STRAIGHT AND LEVEL,DRY,NO DEFECTS,ON SCENE,INJURY AND / OR TOW DUE TO CRASH,Y,,,"OVER $1,500",7/15/2023 11:04,DRIVING SKILLS/KNOWLEDGE/EXPERIENCE,NOT APPLICABLE,1800,N,OAK PARK AVE,2513,,,,,,,2,INCAPACITATING INJURY,1,0,1,0,0,1,0,11,7,7,41.91274973,-87.79505243,POINT (-87.795052429702 41.912749730704)
66bef99e4bfb455a82e503f19432176c5dfb64c2fd228067e456bb63dd04b95853af8c275afeea604a5de7a9edb8b06a5ae40938fbd99f32164644d564d364b8,JG341680,,7/15/2023 6:05,30,TRAFFIC SIGNAL,FUNCTIONING PROPERLY,RAIN,DAWN,TURNING,FOUR WAY,,STRAIGHT AND LEVEL,WET,NO DEFECTS,,INJURY AND / OR TOW DUE TO CRASH,Y,,,"OVER $1,500",7/15/2023 7:15,FAILING TO YIELD RIGHT-OF-WAY,FAILING TO YIELD RIGHT-OF-WAY,3400,W,BELMONT AVE,1732,,,,,,,2,NO INDICATION OF INJURY,0,0,0,0,0,2,0,6,7,7,41.93938716,-87.71255881,POINT (-87.712558810816 41.939387156854)
66d6ef420d9181751726ba4c3c1ef312ac72ef7310ea990f106487dabd04d2c6099e0514ad9be91b86375626437a68cc4d5e3656afc6c5d4a8a3b7423ec2dc20,JG343520,,7/15/2023 22:50,30,UNKNOWN,UNKNOWN,UNKNOWN,UNKNOWN,TURNING,NOT DIVIDED,,STRAIGHT AND LEVEL,UNKNOWN,UNKNOWN,NOT ON SCENE (DESK REPORT),NO INJURY / DRIVE AWAY,,,,"OVER $1,500",7/16/2023 15:50,UNABLE TO DETERMINE,UNABLE TO DETERMINE,111,W,KINZIE ST,1831,,,,,,,2,NO INDICATION OF INJURY,0,0,0,0,0,2,0,22,7,7,41.88909518,-87.63156942,POINT (-87.631569424082 41.88909517779)