CRASH_RECORD_ID,RD_NO,CRASH_DATE_EST_I,CRASH_DATE,POSTED_SPEED_LIMIT,TRAFFIC_CONTROL_DEVICE,DEVICE_CONDITION,WEATHER_CONDITION,LIGHTING_CONDITION,FIRST_CRASH_TYPE,TRAFFICWAY_TYPE,LANE_CNT,ALIGNMENT,ROADWAY_SURFACE_COND,ROAD_DEFECT,REPORT_TYPE,CRASH_TYPE,INTERSECTION_RELATED_I,NOT_RIGHT_OF_WAY_I,HIT_AND_RUN_I,DAMAGE,DATE_POLICE_NOTIFIED,PRIM_CONTRIBUTORY_CAUSE,SEC_CONTRIBUTORY_CAUSE,STREET_NO,STREET_DIRECTION,STREET_NAME,BEAT_OF_OCCURRENCE,PHOTOS_TAKEN_I,STATEMENTS_TAKEN_I,DOORING_I,WORK_ZONE_I,WORK_ZONE_TYPE,WORKERS_PRESENT_I,NUM_UNITS,MOST_SEVERE_INJURY,INJURIES_TOTAL,INJURIES_FATAL,INJURIES_INCAPACITATING,INJURIES_NON_INCAPACITATING,INJURIES_REPORTED_NOT_EVIDENT,INJURIES_NO_INDICATION,INJURIES_UNKNOWN,CRASH_HOUR,CRASH_DAY_OF_WEEK,CRASH_MONTH,LATITUDE,LONGITUDE,LOCATION
668c420a3f58444bdf4373f9194e24423201c9c138c52a05d4f305a8a4a27a276ae52b9eff555784af7b4a2bfaf59616ab5ec6c4ea14e9ea702e44375d968465,JC486182,,9/29/2019 16:15,30,NO CONTROLS,NO CONTROLS,CLEAR,DAYLIGHT,FIXED OBJECT,ONE-WAY,,STRAIGHT AND LEVEL,DRY,NO DEFECTS,,NO INJURY / DRIVE AWAY,,,,$500 OR LESS,10/25/2019 16:45,NOT APPLICABLE,NOT APPLICABLE,8735,W,SUMMERDALE AVE,1614,,,,,,,1,NO INDICATION OF INJURY,0,0,0,0,0,1,0,16,1,9,41.97586686,-87.8454199,POINT (-87.845419897585 41.975866856116)
672cc9c117b9e1f0a9fb44032638d982c5aedf77c4de453daf5eee63351d4562e0ed6e330801c56e8750fcb2f38dd98ea1487e6c82abda9f2186904ca316061c,JG341874,,7/15/2023 9:57,45,NO CONTROLS,NO CONTROLS,CLEAR,DAYLIGHT,REAR END,OTHER,,STRAIGHT AND LEVEL,DRY,NO DEFECTS,ON SCENE,INJURY AND / OR TOW DUE TO CRASH,,,,"OVER $1,500",7/15/2023 10:05,IMPROPER OVERTAKING/PASSING,FOLLOWING TOO CLOSELY,4800,S,LAKE SHORE DR NB,222,,,,,,,3,NONINCAPACITATING INJURY,1,0,0,1,0,2,0,9,7,7,41.80867417,-87.58771708,POINT (-87.587717082408 41.80867417199)
68893273568bec396e3102865a57e726686b131594eba6bcf86ebba38fa3aa043aa27b37a32cabf72251ada7070f36243f57878a4fa85a8db2af49f70fb1e36b,JG341866,,7/15/2023 10:54,30,STOP SIGN/FLASHER,NO CONTROLS,CLEAR,DAYLIGHT,TURNING,T-INTERSECTION,,STRAIGHT AND LEVEL,DRY,NO DEFECTS,ON SCENE,INJURY AND / OR TOW DUE TO CRASH,Y,,,"OVER $1,500",7/15/2023 10:54,FAILING TO YIELD RIGHT-OF-WAY,NOT APPLICABLE,7300,S,LANGLEY AVE,323,,,,,,,2,NONINCAPACITATING INJURY,2,0,0,2,0,1,0,10,7,7,41.76209416,-87.6080713,POINT (-87.608071297793 41.762094159261)
6aeaa5c267fc820c609fbf2d39eeca80eab29d545d17fb65e21314d11729cc83bebb2f6c2e4ccaf7ed024779c0bf2f9826d9647486afeabdacfa5811b55bb166,JG342513,,7/15/2023 18:17,30,TRAFFIC SIGNAL,FUNCTIONING PROPERLY,CLEAR,DAYLIGHT,REAR END,NOT DIVIDED,,STRAIGHT AND LEVEL,DRY,NO DEFECTS,ON SCENE,NO INJURY / DRIVE AWAY,,,,$500 OR LESS,7/15/2023 18:17,FOLLOWING TOO CLOSELY,NOT APPLICABLE,955,N,PULASKI RD,1112,,,,,,,2,NO INDICATION OF INJURY,0,0,0,0,0,2,0,18,7,7,41.89881849,-87.72604114,POINT (-87.726041143293 41.898818490353)
6af96bdd9041201b9a2a37e50930c328ecc61c7293a19cd64bdf23b1e1c640eee09b57d2980ca80ad294f3755bd1adb6c1787ba47e9b37e0556823694b837f9b,JG342582,,7/15/2023 19:00,35,TRAFFIC SIGNAL,FUNCTIONING PROPERLY,CLEAR,DAYLIGHT,SIDESWIPE SAME DIRECTION,NOT DIVIDED,,STRAIGHT AND LEVEL,DRY,NO DEFECTS,NOT ON SCENE (DESK REPORT),NO INJURY / DRIVE AWAY,,,,"OVER $1,500",7/15/2023 20:05,IMPROPER TURNING/NO SIGNAL,NOT APPLICABLE,6305,S,CICERO AVE,813,,,,,,,2,NO INDICATION OF INJURY,0,0,0,0,0,2,0,19,7,7,41.77822723,-87.74213979,POINT (-87.742139789755 41.778227231737)
6e3af5cb151812d51ac63329600f44dfbf9c73352bd752b47968c8a83199cf8f95842c42159512c646e3d44fb45fcb955a29fc9e5e9c2136d0ca906cc1ac2c2f,JG342748,N,7/15/2023 23:24,25,NO CONTROLS,NO CONTROLS,CLEAR,"DARKNESS, LIGHTED ROAD",PARKED MOTOR VEHICLE,NOT DIVIDED,,STRAIGHT AND LEVEL,DRY,UNKNOWN,ON SCENE,INJURY AND / OR TOW DUE TO CRASH,,,Y,"OVER $1,500",7/15/2023 23:26,DRIVING SKILLS/KNOWLEDGE/EXPERIENCE,UNABLE TO DETERMINE,3265,S,ARCHER AVE,912,,,,,,,2,NO INDICATION OF INJURY,0,0,0,0,0,1,0,23,7,7,41.8347454,-87.67031468,POINT (-87.670314677237 41.834745401604)
6e7fe54ca92e84f0339668f48b4e3cfa23a665f08b6bb2239007e76c0101cec844d001b4fbdd9ca9ce04c3f6f4ff6e2a4dfda5a53e9ac2496feb9a95cf97de57,JG341950,,7/15/2023 11:20,30,TRAFFIC SIGNAL,FUNCTIONING PROPERLY,CLEAR,DAYLIGHT,TURNING,"FIVE POINT, OR MORE",,STRAIGHT AND LEVEL,DRY,NO DEFECTS,ON SCENE,INJURY AND / OR TOW DUE TO CRASH,Y,,Y,"OVER $1,500",7/15/2023 11:26,DISREGARDING TRAFFIC SIGNALS,NOT APPLICABLE,7900,S,STONY ISLAND AVE,411,,,,,,,3,NO INDICATION OF INJURY,0,0,0,0,0,4,0,11,7,7,41.7514606,-87.58597199,POINT (-87.585971992965 41.751460603167)
6e9bd6a58b6027215b87260df3a8f567f4c1692988384bf3bb16f815cd4fc0be0ee32d5379ce1f9855007addcb4f825641d6bfc77a17eac24a8efc05dda08852,JG345889,,7/15/2023 13:30,30,NO CONTROLS,NO CONTROLS,CLEAR,DAYLIGHT,PARKED MOTOR VEHICLE,NOT DIVIDED,,STRAIGHT AND LEVEL,DRY,NO DEFECTS,NOT ON SCENE (DESK REPORT),NO INJURY / DRIVE AWAY,,,,"$501 - $1,500",7/18/2023 11:10,NOT APPLICABLE,NOT APPLICABLE,9417,S,LONGWOOD DR,2221,,,,,,,2,NO INDICATION OF INJURY,0,0,0,0,0,1,0,13,7,7,41.72245546,-87.66814964,POINT (-87.668149639976 41.72245545957)
6d77d9db4cda4a8fad5e419a9ae185e28d46070c9a749c2bea72081c49c79a8199c500d703f358d8fb2e5bfe478c64ec44e123b542c39e8ec8366aef9295b899,JG339760,,7/13/2023 17:20,30,UNKNOWN,UNKNOWN,CLEAR,DAYLIGHT,ANGLE,NOT DIVIDED,,STRAIGHT AND LEVEL,UNKNOWN,UNKNOWN,,NO INJURY / DRIVE AWAY,,,Y,"$501 - $1,500",7/13/2023 18:20,UNABLE TO DETERMINE,NOT APPLICABLE,5708,W,WARWICK AVE,1633,,,,,,,2,NO INDICATION OF INJURY,0,0,0,0,0,2,0,17,5,7,41.94869226,-87.76971701,POINT (-87.769717012939 41.948692256126)
6ea4b091c4af7639558968314e0faf8710a2f0e3862f8a83a2767fe09aad108d5e5439954df8393bd97ea1d6cac49c16fee1c19e49696a0ef10cd246bda08d36,JG345051,,7/15/2023 15:00,15,NO CONTROLS,NO CONTROLS,CLEAR,DAYLIGHT,FIXED OBJECT,NOT DIVIDED,,STRAIGHT AND LEVEL,DRY,NO DEFECTS,NOT ON SCENE (DESK REPORT),NO INJURY / DRIVE AWAY,,,,$500 OR LESS,7/17/2023 17:45,UNABLE TO DETERMINE,NOT APPLICABLE,777,N,MICHIGAN AVE,1833,,,,,,,1,NO INDICATION OF INJURY,0,0,0,0,0,1,0,15,7,7,41.89669019,-87.62410215,POINT (-87.624102154031 41.896690186648)
6f232d290c686e2e8cdc80da9fc51358b8a0cf15e0cf78bcc7b661eccba0dfebe9d1b551accdb8ea199ee149995ddc08aa269faf4c96ccecb63d390b7cb81aa5,JG342512,,7/15/2023 17:20,30,NO CONTROLS,NO CONTROLS,CLOUDY/OVERCAST,DAYLIGHT,PARKED MOTOR VEHICLE,NOT DIVIDED,,STRAIGHT AND LEVEL,DRY,NO DEFECTS,NOT ON SCENE (DESK REPORT),NO INJURY / DRIVE AWAY,,,Y,"OVER $1,500",7/15/2023 19:00,UNABLE TO DETERMINE,UNABLE TO DETERMINE,528,E,90TH ST,633,,,,,,,2,NO INDICATION OF INJURY,0,0,0,0,0,1,0,17,7,7,41.73119106,-87.61078764,POINT (-87.61078763548 41.731191063981)
706fd3964740ab44e085ab059d8f36fcf8eb6622f84e4887a3c566fbd4bc48867c0593c42e239bbe992e228e328f2d9875dbade7cc87bbd1cba9e86b76bcadd8,JG342434,,7/15/2023 16:40,20,STOP SIGN/FLASHER,FUNCTIONING PROPERLY,CLEAR,DAYLIGHT,ANGLE,DIVIDED - W/MEDIAN (NOT RAISED),,STRAIGHT AND LEVEL,DRY,NO DEFECTS,ON SCENE,INJURY AND / OR TOW DUE TO CRASH,Y,,,"OVER $1,500",7/15/2023 16:45,FAILING TO YIELD RIGHT-OF-WAY,NOT APPLICABLE,460,E,90TH ST,633,,,,,,,3,NO INDICATION OF INJURY,0,0,0,0,0,2,0,16,7,7,41.73117058,-87.61208294,POINT (-87.612082938299 41.731170576878)
724f9fc2a51f779084a9bacd065f8d85ceb52eb117d0f708d50fc5d6e43fdb544612185bc95c8b0ba50d7c4b27ef24a5e2aa05b58cdef97bb80208f295325763,JG341519,,7/15/2023 0:33,30,UNKNOWN,UNKNOWN,UNKNOWN,"DARKNESS, LIGHTED ROAD",PARKED MOTOR VEHICLE,ONE-WAY,,STRAIGHT AND LEVEL,WET,UNKNOWN,ON SCENE,INJURY AND / OR TOW DUE TO CRASH,,,,"OVER $1,500",7/15/2023 0:35,WEATHER,NOT APPLICABLE,3248,W,DOUGLAS BLVD,1022,,,,,,,3,NO INDICATION OF INJURY,0,0,0,0,0,1,0,0,7,7,41.86304989,-87.70750829,POINT (-87.707508289087 41.863049884539)
726bddba99838462bc06de38f46d956925018734e46f75c4887a9daad7e67b4b39ca84bfff85525171e624ea03074177471742b372939a2c7b7453c44e39ec3b,JG342238,,7/15/2023 14:17,15,NO CONTROLS,NO CONTROLS,CLEAR,DAYLIGHT,PARKED MOTOR VEHICLE,NOT DIVIDED,,STRAIGHT AND LEVEL,DRY,NO DEFECTS,NOT ON SCENE (DESK REPORT),INJURY AND / OR TOW DUE TO CRASH,,,,"$501 - $1,500",7/15/2023 15:26,NOT APPLICABLE,NOT APPLICABLE,5704,N,SPAULDING AVE,1711,,,,,,,2,NO INDICATION OF INJURY,0,0,0,0,0,1,0,14,7,7,41.9850152,-87.71152027,POINT (-87.711520265539 41.985015200685)
72bf3aa27a90a389bb15e3799344025ac13a4bd21824e9ae5ade4f0a11956bdcab273e604a7e1a2da2688ff9cb1a5967d7138245cf3991d51b461d0f79067ed1,JG342667,,7/15/2023 21:00,30,TRAFFIC SIGNAL,FUNCTIONING PROPERLY,CLEAR,"DARKNESS, LIGHTED ROAD",SIDESWIPE SAME DIRECTION,NOT DIVIDED,,STRAIGHT AND LEVEL,DRY,UNKNOWN,NOT ON SCENE (DESK REPORT),NO INJURY / DRIVE AWAY,,,,"$501 - $1,500",7/15/2023 22:00,FOLLOWING TOO CLOSELY,IMPROPER OVERTAKING/PASSING,200,N,LA SALLE ST,122,,,,,,,2,NO INDICATION OF INJURY,0,0,0,0,0,2,0,21,7,7,41.88576112,-87.63259515,POINT (-87.632595153109 41.885761124491)
72de50d5b46154803b59ff84bd34fd14b8590bc7d226d2be7920804f5987a8ae83d352e9443b49031c3e3c35d0749cec6446425e514da91b2b2b22205616dd77,JG343258,,7/15/2023 16:50,30,NO CONTROLS,NO CONTROLS,CLEAR,DAYLIGHT,REAR END,NOT DIVIDED,,STRAIGHT AND LEVEL,DRY,NO DEFECTS,NOT ON SCENE (DESK REPORT),NO INJURY / DRIVE AWAY,,,,"OVER $1,500",7/16/2023 11:57,FOLLOWING TOO CLOSELY,NOT APPLICABLE,525,W,VAN BUREN ST,121,,,,,,,2,NO INDICATION OF INJURY,0,0,0,0,0,4,0,16,7,7,41.87664684,-87.64069512,POINT (-87.64069511932 41.876646841116)
736e0421fc8b13a814f781e14fd9cdf166c394167cb90ab63e4e1f45c70044d41444f44b3197ab6d9f7d3fd2213f6b07a83f1c023b48689d8dc90aee9b58df7d,JG342676,,7/15/2023 21:40,35,UNKNOWN,UNKNOWN,UNKNOWN,UNKNOWN,HEAD ON,T-INTERSECTION,,STRAIGHT AND LEVEL,UNKNOWN,UNKNOWN,NOT ON SCENE (DESK REPORT),NO INJURY / DRIVE AWAY,,,,"OVER $1,500",7/15/2023 22:12,UNABLE TO DETERMINE,NOT APPLICABLE,4800,W,FULTON ST,1532,,,,,,,2,NO INDICATION OF INJURY,0,0,0,0,0,2,0,21,7,7,41.88585156,-87.74553253,POINT (-87.745532526178 41.885851558869)
73b3c90b4ad5183fff21fa81bf99dcec8fff74c25f52e34ddae8a84e14a014e037646769f864c01d801448638e33d5cd8ef7cb617199c9752d904c01276552c7,JG341733,Y,7/15/2023 5:00,20,UNKNOWN,UNKNOWN,RAIN,DAYLIGHT,FIXED OBJECT,UNKNOWN,,STRAIGHT AND LEVEL,WET,NO DEFECTS,ON SCENE,NO INJURY / DRIVE AWAY,,,,"OVER $1,500",7/15/2023 8:00,UNABLE TO DETERMINE,UNABLE TO DETERMINE,7824,S,MICHIGAN AVE,623,,,,,,,1,NO INDICATION OF INJURY,0,0,0,0,0,1,0,5,7,7,41.75205737,-87.62155467,POINT (-87.621554667164 41.752057371407)
74cafc91d62dc0e4fe47daba0ee35aa3fc567dca5ae2ba7a1f5788e72233d92c9c051c5ac91a53ca0688455781f1b3f41bfca1b1d041c57df081d8a3b188568d,,,7/28/2023 17:30,30,NO CONTROLS,NO CONTROLS,CLEAR,DAYLIGHT,SIDESWIPE SAME DIRECTION,NOT DIVIDED,,STRAIGHT AND LEVEL,DRY,NO DEFECTS,,NO INJURY / DRIVE AWAY,,,,$500 OR LESS,7/28/2023 18:37,FAILING TO YIELD RIGHT-OF-WAY,NOT APPLICABLE,3300,W,31ST ST,1032,,,,,,,2,NO INDICATION OF INJURY,0,0,0,0,0,2,0,17,6,7,41.83729273,-87.70734069,POINT (-87.70734069295 41.837292732231)
766f7c589be31d9ce06994f6c2c5d4420c58f232eba81f10afac83119774cb4b9d2c0e4da3bebbe7ddf3bf946e235328c20d89f39c1cae8bdf68d3744cb0a90c,JG343951,Y,7/15/2023 14:00,20,NO CONTROLS,NO CONTROLS,CLEAR,"DARKNESS, LIGHTED ROAD",PARKED MOTOR VEHICLE,NOT DIVIDED,,STRAIGHT AND LEVEL,DRY,NO DEFECTS,ON SCENE,INJURY AND / OR TOW DUE TO CRASH,,,Y,"OVER $1,500",7/16/2023 22:00,UNABLE TO DETERMINE,NOT APPLICABLE,1044,N,SACRAMENTO AVE,1211,,,,,,,2,NO INDICATION OF INJURY,0,0,0,0,0,1,0,14,7,7,41.90048216,-87.70190041,POINT (-87.701900406107 41.900482161575)
76a907e392b0596183c322634efb6a00d7ad5397a38c568540beac19f7e11c28c9fceb6468f3107ec3e524210b10e712e6312e505bf5010833aec822be271370,JG342640,,7/15/2023 20:00,30,UNKNOWN,UNKNOWN,CLEAR,"DARKNESS, LIGHTED ROAD",PARKED MOTOR VEHICLE,PARKING LOT,,STRAIGHT AND LEVEL,UNKNOWN,UNKNOWN,NOT ON SCENE (DESK REPORT),NO INJURY / DRIVE AWAY,,,,"OVER $1,500",7/15/2023 21:00,UNABLE TO DETERMINE,UNABLE TO DETERMINE,5900,S,PULASKI RD,813,,,,,,,2,NO INDICATION OF INJURY,0,0,0,0,0,1,0,20,7,7,41.78588849,-87.72310659,POINT (-87.72310659145 41.785888494434)
76ef7ac0c09a7e2170ca0c07395a6ba71a73b47abdf403f35835ec03d1eaa673b567c48e5f39d4de5cb4208d52899057dcd4144bc036d2a0143a2f6aee53cf72,JG342684,,7/15/2023 19:00,30,NO CONTROLS,NO CONTROLS,CLEAR,DAYLIGHT,PEDESTRIAN,ONE-WAY,,STRAIGHT ON GRADE,DRY,UNKNOWN,ON SCENE,INJURY AND / OR TOW DUE TO CRASH,,,Y,"OVER $1,500",7/15/2023 21:21,UNABLE TO DETERMINE,UNABLE TO DETERMINE,1321,S,TROY ST,1022,,,,,,,2,INCAPACITATING INJURY,1,0,1,0,0,1,0,19,7,7,41.86390569,-87.70422505,POINT (-87.704225053096 41.863905688839)
77d11b4740c5a554761e8078b5c9ebb4484f13e7bace01375ab6ee3c21384cb18133f2b56f485d14e5b0b141f023fe5deff93fe3532c9bdb205f4984e182ddbe,JG342326,,7/15/2023 15:00,30,NO CONTROLS,NO CONTROLS,CLEAR,DAYLIGHT,PARKED MOTOR VEHICLE,NOT DIVIDED,,STRAIGHT AND LEVEL,DRY,NO DEFECTS,ON SCENE,INJURY AND / OR TOW DUE TO CRASH,,,Y,"OVER $1,500",7/15/2023 16:01,IMPROPER OVERTAKING/PASSING,NOT APPLICABLE,1602,W,BERTEAU AVE,1912,,,,,,,2,NO INDICATION OF INJURY,0,0,0,0,0,1,0,15,7,7,41.95805689,-87.66932262,POINT (-87.669322622958 41.95805689008)
78315dc26cc357be2e6f2710d6d1fc68b131ac41df7c7c34e42bb63a2a2c1ae3a4df8ebf9cb54f9a9077d6cab7076b93dd8f08f5d52d340f0ccda458d4fd4c71,JG342134,,7/15/2023 13:20,30,NO CONTROLS,NO CONTROLS,CLEAR,DAYLIGHT,REAR END,NOT DIVIDED,,STRAIGHT AND LEVEL,DRY,NO DEFECTS,ON SCENE,INJURY AND / OR TOW DUE TO CRASH,,,,"OVER $1,500",7/15/2023 13:23,UNABLE TO DETERMINE,UNABLE TO DETERMINE,1662,W,103RD ST,2213,,,,,,,4,NO INDICATION OF INJURY,0,0,0,0,0,5,0,13,7,7,41.70677011,-87.66448429,POINT (-87.664484285364 41.706770106124)
78b284d02467a04c8888cfdf4334fa2b79073e634ad62424d995d727af8ddbc7d1a7c996c74aad60b715fd296311b467926917ad6cf72a998c36fcfe8b072946,JG342868,,7/16/2023 0:00,30,NO CONTROLS,NO CONTROLS,CLEAR,"DARKNESS, LIGHTED ROAD",PARKED MOTOR VEHICLE,DIVIDED - W/MEDIAN (NOT RAISED),,STRAIGHT AND LEVEL,DRY,NO DEFECTS,ON SCENE,INJURY AND / OR TOW DUE TO CRASH,,,,"OVER $1,500",7/16/2023 2:03,UNABLE TO DETERMINE,UNABLE TO DETERMINE,5323,W,WASHINGTON BLVD,1522,,,,,,,2,INCAPACITATING INJURY,1,0,1,0,0,0,0,0,1,7,41.88221761,-87.75865019,POINT (-87.75865018677 41.882217614176)
790c173e73257ded79a3731c78a4aad56609d554ccb4def51e966be11f42e4ee951c3797578d3f40b1654b9cd3760a74b1933101a6efbcfd14f65ac5c9c3d025,JG354512,,7/15/2023 10:25,25,UNKNOWN,UNKNOWN,UNKNOWN,UNKNOWN,PARKED MOTOR VEHICLE,ONE-WAY,,STRAIGHT AND LEVEL,UNKNOWN,UNKNOWN,NOT ON SCENE (DESK REPORT),NO INJURY / DRIVE AWAY,,,Y,"OVER $1,500",7/24/2023 18:45,IMPROPER BACKING,NOT APPLICABLE,7444,N,DAMEN AVE,2424,,,,,,,2,NO INDICATION OF INJURY,0,0,0,0,0,1,0,10,7,7,42.01720126,-87.68061567,POINT (-87.680615673483 42.01720125536)
793227d27435c590a04c260945ab2e74a09d93292e70d2d34fa722b4e0ec8b548ce3240c83e2eb0f8ba05a321bbe699d4649958c96cf3e9827ab03969497f08b,JG242206,,7/15/2023 13:20,30,STOP SIGN/FLASHER,UNKNOWN,CLEAR,DAYLIGHT,REAR TO REAR,FOUR WAY,,STRAIGHT AND LEVEL,DRY,UNKNOWN,NOT ON SCENE (DESK REPORT),NO INJURY / DRIVE AWAY,Y,,Y,"OVER $1,500",7/15/2023 13:50,FAILING TO YIELD RIGHT-OF-WAY,FAILING TO YIELD RIGHT-OF-WAY,601,W,JACKSON BLVD,121,Y,,,,,,3,NO INDICATION OF INJURY,0,0,0,0,0,3,0,13,7,7,41.87788853,-87.64260918,POINT (-87.642609175333 41.877888528978)
7bd43ec339af84897f9db2427c83bd23aedb5bb528fd6f4cf463b848edcc88ce23a591677a941a28877853e70d0bc161b5b659d4b3ed0c7df3b6ddb7c2ab550f,JG341736,,7/15/2023 8:11,30,NO CONTROLS,NO CONTROLS,RAIN,DAYLIGHT,PARKED MOTOR VEHICLE,ONE-WAY,,STRAIGHT AND LEVEL,WET,NO DEFECTS,ON SCENE,INJURY AND / OR TOW DUE TO CRASH,,,,"OVER $1,500",7/15/2023 9:29,EQUIPMENT - VEHICLE CONDITION,"OPERATING VEHICLE IN ERRATIC, RECKLESS, CARELESS, NEGLIGENT OR AGGRESSIVE MANNER",9220,S,CLYDE AVE,413,,,,,,,3,NONINCAPACITATING INJURY,2,0,0,2,0,0,0,8,7,7,41.72731128,-87.57319112,POINT (-87.573191122225 41.727311282823)
7cc1f1ea72f67b99270c92abed9b9dfe760954f63ce3aa3bbaae9025391fe7e121c191f9f86c4df239b0977c54d64e5d1fe449afb1ac5358e78e5392aa9ce834,JG342395,,7/15/2023 16:27,30,NO CONTROLS,NO CONTROLS,CLEAR,DAYLIGHT,PEDESTRIAN,NOT DIVIDED,,STRAIGHT AND LEVEL,DRY,NO DEFECTS,ON SCENE,INJURY AND / OR TOW DUE TO CRASH,,,Y,"OVER $1,500",7/15/2023 16:31,FAILING TO REDUCE SPEED TO AVOID CRASH,DRIVING SKILLS/KNOWLEDGE/EXPERIENCE,4799,W,WALTON ST,1111,,,,,,,2,NONINCAPACITATING INJURY,1,0,0,1,0,1,0,16,7,7,41.89767027,-87.74574899,POINT (-87.745748991813 41.897670269192)
7d147a4d98e6d2840d0877f3cfccc1aaac9a8f1b1f61e028627c1dd49d8f27689aa03690177b2407cc682673ff120557855903d28d7e48a4ca6aa2610ab96ae3,JG342000,,7/15/2023 11:50,30,TRAFFIC SIGNAL,FUNCTIONING PROPERLY,CLEAR,DAYLIGHT,TURNING,ONE-WAY,,STRAIGHT AND LEVEL,DRY,NO DEFECTS,ON SCENE,INJURY AND / OR TOW DUE TO CRASH,Y,,,"OVER $1,500",7/15/2023 11:55,UNABLE TO DETERMINE,NOT APPLICABLE,100,N,CANAL ST,121,,,,,,,2,NO INDICATION OF INJURY,0,0,0,0,0,4,0,11,7,7,41.88323388,-87.639896,POINT (-87.639895998869 41.883233882356)
7e05e796fe10465549d9d9dcc61a58856726ee08e6f1b0fe0c3dde62429ff6bec3fe0ac6b266dfed2d21f14a9763c4cc97a810a18d6bf48d407810eda1788ab2,JG342156,,7/15/2023 13:30,30,NO CONTROLS,NO CONTROLS,CLEAR,DAYLIGHT,REAR END,NOT DIVIDED,,STRAIGHT AND LEVEL,DRY,NO DEFECTS,NOT ON SCENE (DESK REPORT),INJURY AND / OR TOW DUE TO CRASH,,,,"OVER $1,500",7/15/2023 14:00,FAILING TO REDUCE SPEED TO AVOID CRASH,FAILING TO REDUCE SPEED TO AVOID CRASH,6300,S,VERNON AVE,312,,,,,,,2,NONINCAPACITATING INJURY,1,0,0,1,0,1,0,13,7,7,41.78016804,-87.61455593,POINT (-87.614555929706 41.780168042655)
7e15981f928c5f29de535e00bf1cb78436664540b9b8fa4d174de2e40955c177d5e8dc329a91a3abc5e61dbe22130e9a6289aeb1158167bcd2944462a972956b,JG342153,,7/15/2023 12:40,30,NO CONTROLS,NO CONTROLS,CLEAR,DAYLIGHT,ANGLE,PARKING LOT,,STRAIGHT AND LEVEL,DRY,NO DEFECTS,ON SCENE,INJURY AND / OR TOW DUE TO CRASH,,,Y,"OVER $1,500",7/15/2023 14:41,"OPERATING VEHICLE IN ERRATIC, RECKLESS, CARELESS, NEGLIGENT OR AGGRESSIVE MANNER",DRIVING SKILLS/KNOWLEDGE/EXPERIENCE,2361,S,STATE ST,131,Y,,,,,,3,NO INDICATION OF INJURY,0,0,0,0,0,3,0,12,7,7,41.84933387,-87.62685853,POINT (-87.626858529652 41.849333873294)
7e80f928606bbac2d17f538b5f0fe19064720ff4ccb2747fdcae63caef67ec3eaf375009d78196b49ed5523ab29d54f20cf0d217a85331e85b54fc1558a9dc8c,JG342820,,7/15/2023 23:20,30,NO CONTROLS,NO CONTROLS,CLEAR,"DARKNESS, LIGHTED ROAD",PARKED MOTOR VEHICLE,NOT DIVIDED,,STRAIGHT AND LEVEL,DRY,UNKNOWN,NOT ON SCENE (DESK REPORT),NO INJURY / DRIVE AWAY,,,,"OVER $1,500",7/16/2023 1:20,UNABLE TO DETERMINE,NOT APPLICABLE,1338,W,99TH ST,2213,,,,,,,2,NO INDICATION OF INJURY,0,0,0,0,0,1,0,23,7,7,41.71415228,-87.65666089,POINT (-87.656660894248 41.714152277308)
7ea10fa9e0dc4aefae61d0de5c62b507b2d35a771b4180449247d310e27952e51d709d3845c68df3b9781f3b43d5dc92c7a8a9699319c085a25d8159b07a94af,JG341668,Y,7/15/2023 3:02,30,NO CONTROLS,NO CONTROLS,UNKNOWN,UNKNOWN,PARKED MOTOR VEHICLE,NOT DIVIDED,,STRAIGHT AND LEVEL,UNKNOWN,UNKNOWN,ON SCENE,INJURY AND / OR TOW DUE TO CRASH,,,Y,"OVER $1,500",7/15/2023 3:02,UNABLE TO DETERMINE,NOT APPLICABLE,351,S,HOMAN AVE,1134,,,,,,,3,NO INDICATION OF INJURY,0,0,0,0,0,2,0,3,7,7,41.8757118,-87.7106867,POINT (-87.710686699655 41.875711798311)
7ea28f84e4a39ad9bd43b5effca010df9523960a5d8862b196a3ffd7498e10c914110e7daf56df6668d76d087bf36cf2b734a5a1b597c5ae82d1bc78a3696c1c,JG342657,,7/15/2023 21:40,30,TRAFFIC SIGNAL,FUNCTIONING PROPERLY,CLEAR,"DARKNESS, LIGHTED ROAD",HEAD ON,NOT DIVIDED,,STRAIGHT AND LEVEL,DRY,UNKNOWN,ON SCENE,INJURY AND / OR TOW DUE TO CRASH,,,,"OVER $1,500",7/15/2023 21:46,UNABLE TO DETERMINE,NOT APPLICABLE,5100,S,KEDZIE AVE,822,,,,,,,2,NONINCAPACITATING INJURY,1,0,0,1,0,1,0,21,7,7,41.80072726,-87.70391022,POINT (-87.703910217369 41.800727259896)
7f3bfb912f558c90e96301815347f2b4cbd26bc6c675f151435d034da3488956768cc5906e42dbf5604f9399d548446c962b6a9e66c9454c2def58b2ab82a2b5,JG341638,,7/15/2023 4:40,30,NO CONTROLS,NO CONTROLS,RAIN,DAWN,PARKED MOTOR VEHICLE,NOT DIVIDED,,STRAIGHT AND LEVEL,WET,NO DEFECTS,ON SCENE,NO INJURY / DRIVE AWAY,,,,"OVER $1,500",7/15/2023 5:07,DRIVING SKILLS/KNOWLEDGE/EXPERIENCE,NOT APPLICABLE,323,W,INSTITUTE PL,1823,,,,,,,2,NO INDICATION OF INJURY,0,0,0,0,0,1,0,4,7,7,41.8972783,-87.63675188,POINT (-87.636751881431 41.897278298251)