CRASH_RECORD_ID,RD_NO,CRASH_DATE_EST_I,CRASH_DATE,POSTED_SPEED_LIMIT,TRAFFIC_CONTROL_DEVICE,DEVICE_CONDITION,WEATHER_CONDITION,LIGHTING_CONDITION,FIRST_CRASH_TYPE,TRAFFICWAY_TYPE,LANE_CNT,ALIGNMENT,ROADWAY_SURFACE_COND,ROAD_DEFECT,REPORT_TYPE,CRASH_TYPE,INTERSECTION_RELATED_I,NOT_RIGHT_OF_WAY_I,HIT_AND_RUN_I,DAMAGE,DATE_POLICE_NOTIFIED,PRIM_CONTRIBUTORY_CAUSE,SEC_CONTRIBUTORY_CAUSE,STREET_NO,STREET_DIRECTION,STREET_NAME,BEAT_OF_OCCURRENCE,PHOTOS_TAKEN_I,STATEMENTS_TAKEN_I,DOORING_I,WORK_ZONE_I,WORK_ZONE_TYPE,WORKERS_PRESENT_I,NUM_UNITS,MOST_SEVERE_INJURY,INJURIES_TOTAL,INJURIES_FATAL,INJURIES_INCAPACITATING,INJURIES_NON_INCAPACITATING,INJURIES_REPORTED_NOT_EVIDENT,INJURIES_NO_INDICATION,INJURIES_UNKNOWN,CRASH_HOUR,CRASH_DAY_OF_WEEK,CRASH_MONTH,LATITUDE,LONGITUDE,LOCATION
814ad495af4da28caba4f436909f5b1fe475cbbf7fbe07762abc52d9f06e80b7a99447783d9ec55327bc14941dfc4790ea19b1a2cae18f1683896afa2ead3430,JG341734,,7/15/2023 8:15,30,TRAFFIC SIGNAL,FUNCTIONING PROPERLY,CLEAR,DAYLIGHT,REAR END,T-INTERSECTION,,STRAIGHT AND LEVEL,DRY,NO DEFECTS,ON SCENE,INJURY AND / OR TOW DUE TO CRASH,Y,,,"OVER $1,500",7/15/2023 8:20,DRIVING SKILLS/KNOWLEDGE/EXPERIENCE,UNABLE TO DETERMINE,6732,N,RIDGE BLVD,2412,,,,,,,2,NO INDICATION OF INJURY,0,0,0,0,0,2,0,8,7,7,42.00429952,-87.67991272,POINT (-87.679912720801 42.004299522523)
815c9849f25209a9f84bcd14713cf9b0708739d47395e2772d17efe5faed3eb8b9b0499600329ca752ad31d3e0b8601ffde907e28f2616a93c89d82e852de5a7,JG342149,,7/15/2023 12:15,30,NO CONTROLS,NO CONTROLS,CLEAR,DAYLIGHT,SIDESWIPE SAME DIRECTION,NOT DIVIDED,,STRAIGHT AND LEVEL,DRY,UNKNOWN,NOT ON SCENE (DESK REPORT),NO INJURY / DRIVE AWAY,,,Y,"OVER $1,500",7/15/2023 13:30,IMPROPER LANE USAGE,IMPROPER OVERTAKING/PASSING,1014,W,87TH ST,613,,,,,,,2,NO INDICATION OF INJURY,0,0,0,0,0,2,0,12,7,7,41.73610335,-87.64914278,POINT (-87.649142783373 41.736103352338)
8174444f59dbeacb4e14137754a1366c85c59cc38af38d899063d2974308a1e6b023aca77be338f6d332b7f3467048d235b4fd994820c79ebece284257347acd,JG342029,Y,7/15/2023 11:00,30,NO CONTROLS,NO CONTROLS,UNKNOWN,UNKNOWN,PARKED MOTOR VEHICLE,NOT DIVIDED,,STRAIGHT AND LEVEL,UNKNOWN,NO DEFECTS,ON SCENE,NO INJURY / DRIVE AWAY,,,Y,"$501 - $1,500",7/15/2023 12:00,UNABLE TO DETERMINE,UNABLE TO DETERMINE,304,N,RACINE AVE,1215,,,,,,,2,NO INDICATION OF INJURY,0,0,0,0,0,1,0,11,7,7,41.88685814,-87.65698922,POINT (-87.656989221596 41.886858142855)
819f39218b43aea3cdc192cc4797882617ed93b827722fc0cc0996dd98e11747b57bff7f2c054819a76ec3123e195421c414e866db09420fbd2cbf65353f13e2,JG341706,Y,7/15/2023 3:00,30,NO CONTROLS,NO CONTROLS,UNKNOWN,UNKNOWN,PARKED MOTOR VEHICLE,NOT DIVIDED,,STRAIGHT AND LEVEL,UNKNOWN,UNKNOWN,ON SCENE,NO INJURY / DRIVE AWAY,,,Y,"OVER $1,500",7/15/2023 7:35,UNABLE TO DETERMINE,UNABLE TO DETERMINE,1345,W,LELAND AVE,1913,,,,,,,2,NO INDICATION OF INJURY,0,0,0,0,0,1,0,3,7,7,41.96702066,-87.66404121,POINT (-87.664041210687 41.967020662693)
84437b61483981f0df1f1657d9bdab943e4b2997910c36b03bbcc086a931a1b0fa485314aaf6908c8388ad7e9abec94cde62d81f758418b8d5b1088e6eeeb16b,JG343328,,7/15/2023 21:30,45,TRAFFIC SIGNAL,FUNCTIONING PROPERLY,CLEAR,"DARKNESS, LIGHTED ROAD",REAR END,DIVIDED - W/MEDIAN (NOT RAISED),,STRAIGHT AND LEVEL,DRY,NO DEFECTS,NOT ON SCENE (DESK REPORT),NO INJURY / DRIVE AWAY,,,,"$501 - $1,500",7/16/2023 11:33,FOLLOWING TOO CLOSELY,NOT APPLICABLE,800,N,LAKE SHORE DR,1833,,,,,,,2,NO INDICATION OF INJURY,0,0,0,0,0,2,0,21,7,7,41.89682805,-87.6172077,POINT (-87.617207703311 41.896828045009)
856e7093c572471d9c7eb8ffb420ed979f7109aa68dfdcd2f914f11e3ab5fc84fbd115949ebd997daabb03bf9c226a7b939eeae348f11476bac678bf8e14c840,JG341857,,7/15/2023 10:00,30,NO CONTROLS,NO CONTROLS,CLEAR,DAYLIGHT,PARKED MOTOR VEHICLE,NOT DIVIDED,,STRAIGHT AND LEVEL,WET,NO DEFECTS,NOT ON SCENE (DESK REPORT),NO INJURY / DRIVE AWAY,,,,"OVER $1,500",7/15/2023 10:20,IMPROPER LANE USAGE,IMPROPER LANE USAGE,1720,W,AUGUSTA BLVD,1213,,,,,,,2,NO INDICATION OF INJURY,0,0,0,0,0,3,0,10,7,7,41.89976385,-87.67074775,POINT (-87.67074774754 41.899763849477)
85e0f5b131d5c6374057e8b89fc78645c4124cd4e8d536399b6c502384e232b9b429a8df791c2ca0b15559014e866e3d46031aac35aaf810e92b9001d92f7f9e,JG342441,,7/15/2023 17:00,30,TRAFFIC SIGNAL,FUNCTIONING PROPERLY,CLEAR,DAYLIGHT,SIDESWIPE SAME DIRECTION,NOT DIVIDED,,STRAIGHT AND LEVEL,DRY,NO DEFECTS,NOT ON SCENE (DESK REPORT),NO INJURY / DRIVE AWAY,,,,$500 OR LESS,7/15/2023 18:00,UNABLE TO DETERMINE,NOT APPLICABLE,3236,N,LAKE SHORE DR,1925,,,,,,,2,NO INDICATION OF INJURY,0,0,0,0,0,4,0,17,7,7,41.94110529,-87.63966053,POINT (-87.639660529114 41.941105293323)
88bc5526d8aa986cb9af1c50211b16b7202bd903274ab5cc944432472364f17cd71bcd7cb70d84f45083263239f143c6c11bbe557b5836b7e9c6d2cc2f3c2bd0,JG341507,,7/15/2023 0:35,30,NO CONTROLS,OTHER,CLEAR,DAWN,PARKED MOTOR VEHICLE,NOT DIVIDED,,STRAIGHT AND LEVEL,WET,NO DEFECTS,ON SCENE,INJURY AND / OR TOW DUE TO CRASH,,,,"OVER $1,500",7/15/2023 0:35,DRIVING ON WRONG SIDE/WRONG WAY,NOT APPLICABLE,6227,S,DORCHESTER AVE,314,,,,,,,3,NO INDICATION OF INJURY,0,0,0,0,0,2,0,0,7,7,41.78152446,-87.59122847,POINT (-87.591228466191 41.781524454616)
8981ed4e2d36c759a450c78237deefbb342cb205507ca5ed0d99d1ebc87ff952972ab97e8cffb8316c8d17f467826aca1c70e1b1764bbd07d19fff60bd8e6bcf,JG342763,,7/15/2023 23:37,30,NO CONTROLS,NO CONTROLS,CLEAR,DARKNESS,SIDESWIPE SAME DIRECTION,ONE-WAY,,STRAIGHT AND LEVEL,DRY,NO DEFECTS,ON SCENE,INJURY AND / OR TOW DUE TO CRASH,,,,"OVER $1,500",7/15/2023 23:37,IMPROPER LANE USAGE,NOT APPLICABLE,5320,S,WELLS ST,935,,,,,,,2,NO INDICATION OF INJURY,0,0,0,0,0,4,0,23,7,7,41.79755425,-87.63204974,POINT (-87.63204973586 41.797554252268)
89830d6ff80626713a835b5771bf4326567c6717d9c642bcf045112c278b5197a530ce5a75fa7c9e31be09837641e0c11ac40ae617edc628a6362ec1ba8ddfc7,JG342823,Y,7/16/2023 0:00,25,STOP SIGN/FLASHER,FUNCTIONING PROPERLY,CLEAR,"DARKNESS, LIGHTED ROAD",PARKED MOTOR VEHICLE,NOT DIVIDED,,STRAIGHT AND LEVEL,DRY,NO DEFECTS,ON SCENE,INJURY AND / OR TOW DUE TO CRASH,,,,"OVER $1,500",7/16/2023 0:05,UNABLE TO DETERMINE,UNABLE TO DETERMINE,630,W,97TH ST,2223,,,,,,,2,NO INDICATION OF INJURY,0,0,0,0,0,1,0,0,1,7,41.71798809,-87.63941932,POINT (-87.639419321932 41.717988092855)
8b67203203bed4ff5501cfc405cc08035113c98b9a44eeb3e864a9be7b1ff5ec2f44a2d1b248a05266d33a228c0092c2141da237b195a5597feefa82b47bb401,JG342470,,7/15/2023 16:15,30,STOP SIGN/FLASHER,NO CONTROLS,CLEAR,DAYLIGHT,ANGLE,FOUR WAY,,STRAIGHT AND LEVEL,DRY,NO DEFECTS,NOT ON SCENE (DESK REPORT),NO INJURY / DRIVE AWAY,Y,,,"$501 - $1,500",7/15/2023 18:27,FAILING TO YIELD RIGHT-OF-WAY,NOT APPLICABLE,1200,W,WEBSTER AVE,1811,,,,,,,2,NO INDICATION OF INJURY,0,0,0,0,0,2,0,16,7,7,41.92177049,-87.6583982,POINT (-87.658398201965 41.921770490641)
8ba3051aedf1c2bed746fcb89556ba8eea1ef23f874d096e335ce40f5c1b51f78aab897f9a456b9cc2e8eb40ae03d05758fad896e4bff8d5130d848e3b33f34e,JG342372,Y,7/15/2023 16:00,30,TRAFFIC SIGNAL,FUNCTIONING PROPERLY,CLEAR,DAYLIGHT,SIDESWIPE SAME DIRECTION,FOUR WAY,,STRAIGHT AND LEVEL,DRY,UNKNOWN,NOT ON SCENE (DESK REPORT),NO INJURY / DRIVE AWAY,,,,"$501 - $1,500",7/15/2023 16:46,UNABLE TO DETERMINE,NOT APPLICABLE,1600,E,87TH ST,412,,,,,,,2,NO INDICATION OF INJURY,0,0,0,0,0,2,0,16,7,7,41.73703099,-87.58508645,POINT (-87.585086453532 41.737030992315)
8bb02ba95a4e2aa6d8128a2570287d180b4ece5600669022aa7a8e8c1877cbc3401b231144c8d12dfafe2d0f8d8b7cc1ecda513c904e463e2c786ea7e0d7b002,JG341598,,7/15/2023 2:26,30,NO CONTROLS,NO CONTROLS,CLEAR,"DARKNESS, LIGHTED ROAD",SIDESWIPE SAME DIRECTION,DIVIDED - W/MEDIAN BARRIER,,STRAIGHT AND LEVEL,WET,NO DEFECTS,ON SCENE,INJURY AND / OR TOW DUE TO CRASH,,,Y,"OVER $1,500",7/15/2023 3:31,UNABLE TO DETERMINE,UNABLE TO DETERMINE,4821,W,IRVING PARK RD,1634,,,,,,,2,NO INDICATION OF INJURY,0,0,0,0,0,3,0,2,7,7,41.95329423,-87.74815106,POINT (-87.748151062788 41.95329422455)
8bcd04ba814c69db5b484e7ef8f52b0cfe0d2bef6a8c0f6a33037cba2b98175d3fc0e00ab5fdbdcefd2db9236310e1ecb90ce592e2dc33448c4207d9bb515f7c,JG344288,,7/15/2023 20:00,30,TRAFFIC SIGNAL,UNKNOWN,UNKNOWN,UNKNOWN,FIXED OBJECT,DIVIDED - W/MEDIAN (NOT RAISED),,STRAIGHT AND LEVEL,UNKNOWN,NO DEFECTS,ON SCENE,NO INJURY / DRIVE AWAY,,,Y,"OVER $1,500",7/17/2023 8:39,UNABLE TO DETERMINE,UNABLE TO DETERMINE,4810,N,MILWAUKEE AVE,1623,,,,,,,1,NO INDICATION OF INJURY,0,0,0,0,0,1,0,20,7,7,41.96807431,-87.76109957,POINT (-87.761099572044 41.968074309182)
8ce9116224fe22e959a6673fd6b96996d909cb282681b1d938cf3c1267c7277f66debc378baa780b27124135664428db133e785bec5badc9030dac18f5c88151,JG341556,,7/15/2023 1:48,30,STOP SIGN/FLASHER,FUNCTIONING PROPERLY,CLEAR,"DARKNESS, LIGHTED ROAD",ANGLE,DIVIDED - W/MEDIAN (NOT RAISED),,STRAIGHT AND LEVEL,DRY,NO DEFECTS,ON SCENE,INJURY AND / OR TOW DUE TO CRASH,Y,,,"OVER $1,500",7/15/2023 1:49,UNABLE TO DETERMINE,UNABLE TO DETERMINE,2500,S,WESTERN AVE,1034,,,,,,,2,NO INDICATION OF INJURY,0,0,0,0,0,2,0,1,7,7,41.84649544,-87.68563425,POINT (-87.685634247279 41.8464954425)
8d15436acafb3d58ac580493cd676f5fa076fa168893551295155b19e8164480db5f1a52bce19dcc45016a41679df412c2ebb9ee00ba32910bca21b74f2b7258,JG341867,Y,7/15/2023 0:01,30,NO CONTROLS,NO CONTROLS,RAIN,"DARKNESS, LIGHTED ROAD",PARKED MOTOR VEHICLE,NOT DIVIDED,,STRAIGHT AND LEVEL,WET,NO DEFECTS,ON SCENE,NO INJURY / DRIVE AWAY,,,Y,"$501 - $1,500",7/15/2023 10:33,WEATHER,UNABLE TO DETERMINE,113,S,PAULINA ST,1224,,,,,,,2,NO INDICATION OF INJURY,0,0,0,0,0,1,0,0,7,7,41.87968486,-87.66910774,POINT (-87.669107741841 41.879684861334)
8f1845dd1fc08ee9d0668bc8beb0489e90f65a3cc7e2c07791a1e6380f7524428695d1f773cab475291d7d072340322e1b0e926c1c08f4066e97b7c81ce6594d,JG342006,,7/15/2023 11:43,30,NO CONTROLS,NO CONTROLS,CLEAR,DAYLIGHT,TURNING,OTHER,,STRAIGHT AND LEVEL,DRY,UNKNOWN,ON SCENE,NO INJURY / DRIVE AWAY,Y,,,"OVER $1,500",7/15/2023 11:58,UNABLE TO DETERMINE,DRIVING SKILLS/KNOWLEDGE/EXPERIENCE,1651,W,ONTARIO ST,1215,,,,,,,2,NO INDICATION OF INJURY,0,0,0,0,0,3,0,11,7,7,41.89264484,-87.66920162,POINT (-87.669201620504 41.892644837752)
8f6d8ba1b24f69a173bbe719259bbb6ebe100b530c6dabc2a998de95e2245db288d18a0225bfb6c72670abe1afcfa66073771abe894b88bea6e152207cca1b64,JG342320,,7/15/2023 15:00,30,TRAFFIC SIGNAL,NO CONTROLS,CLEAR,DAYLIGHT,ANGLE,NOT DIVIDED,,STRAIGHT AND LEVEL,DRY,NO DEFECTS,NOT ON SCENE (DESK REPORT),NO INJURY / DRIVE AWAY,Y,,,"OVER $1,500",7/15/2023 16:15,IMPROPER LANE USAGE,NOT APPLICABLE,6942,N,WESTERN AVE,2411,,,,,,,2,NO INDICATION OF INJURY,0,0,0,0,0,2,0,15,7,7,42.00809371,-87.69029472,POINT (-87.690294716307 42.008093708083)
8f83b3a508d34c071b6e9271929e8a3d58be348cb9465a6313e42f75aedab539dd01b7efdca3c5f3c011e45b79dba36605a9789e0ad535016b2771ff12bba0c1,JG348407,,7/15/2023 16:30,30,NO CONTROLS,NO CONTROLS,CLEAR,DAYLIGHT,PARKED MOTOR VEHICLE,DIVIDED - W/MEDIAN (NOT RAISED),,STRAIGHT AND LEVEL,DRY,NO DEFECTS,NOT ON SCENE (DESK REPORT),NO INJURY / DRIVE AWAY,,,Y,"$501 - $1,500",7/20/2023 7:00,UNABLE TO DETERMINE,UNABLE TO DETERMINE,1224,W,WASHBURNE AVE,1233,,,,,,,2,NO INDICATION OF INJURY,0,0,0,0,0,1,0,16,7,7,41.86624235,-87.65732265,POINT (-87.657322645727 41.866242353332)
8fb67dac1404deae7edc43ae8238936a4d7e078920a1abdf0973613dff8e153b19e27e0545994b956d0a14328ef6161dc64e4a3c4dc8e6f740b0f616f9f916f5,JG342170,,7/15/2023 13:00,35,TRAFFIC SIGNAL,FUNCTIONING PROPERLY,CLEAR,DAYLIGHT,REAR END,NOT DIVIDED,,STRAIGHT AND LEVEL,DRY,NO DEFECTS,NOT ON SCENE (DESK REPORT),INJURY AND / OR TOW DUE TO CRASH,,,,"OVER $1,500",7/15/2023 14:00,FOLLOWING TOO CLOSELY,DISTRACTION - FROM OUTSIDE VEHICLE,340,N,MICHIGAN AVE,111,,,,,,,2,NONINCAPACITATING INJURY,1,0,0,1,0,1,0,13,7,7,41.88770577,-87.62470386,POINT (-87.624703858025 41.88770576912)
9007dd66c75e7f50ad6f24d03cb0e89d547d2f5fca45b3bb2b0fe01d80b153c799f09287daf8c3d4f6c260c786f7ecf2f587df0d09dde6bac5dd969afd8efe83,JG342278,,7/15/2023 15:40,30,NO CONTROLS,NO CONTROLS,CLEAR,DAYLIGHT,TURNING,ONE-WAY,,STRAIGHT AND LEVEL,DRY,NO DEFECTS,ON SCENE,NO INJURY / DRIVE AWAY,,,,"OVER $1,500",7/15/2023 15:45,FAILING TO YIELD RIGHT-OF-WAY,UNABLE TO DETERMINE,4009,W,ROSCOE ST,1731,,,,,,,2,NO INDICATION OF INJURY,0,0,0,0,0,2,0,15,7,7,41.94305316,-87.72770744,POINT (-87.727707441914 41.943053158454)
91084c025d5c537647e1e4c3fccf5232c32ffeaa7158c52c1f2e70b8634d9d03720863120fe78786af166bccbeadb467196db9e8c6a70d7c86c50c6baf2d4bf1,JG342703,,7/15/2023 1:30,30,TRAFFIC SIGNAL,FUNCTIONING PROPERLY,CLEAR,"DARKNESS, LIGHTED ROAD",SIDESWIPE SAME DIRECTION,NOT DIVIDED,,STRAIGHT AND LEVEL,WET,NO DEFECTS,NOT ON SCENE (DESK REPORT),NO INJURY / DRIVE AWAY,,,,"$501 - $1,500",7/15/2023 22:35,UNABLE TO DETERMINE,UNABLE TO DETERMINE,1101,W,ADDISON ST,1924,,,,,,,2,NO INDICATION OF INJURY,0,0,0,0,0,2,0,1,7,7,41.94706081,-87.65771145,POINT (-87.657711447248 41.94706080836)
910c016da95d81eed7906196adfccf071cf48c3b759a1f9e357135c31960d67dcd049cb569f4381fdfc03ec99cea5a35ecdb0ec38a7b3d10e7ee8d72b5f30aea,JG343181,Y,7/15/2023 16:00,30,NO CONTROLS,NO CONTROLS,UNKNOWN,UNKNOWN,PARKED MOTOR VEHICLE,ONE-WAY,,STRAIGHT AND LEVEL,UNKNOWN,UNKNOWN,ON SCENE,NO INJURY / DRIVE AWAY,,,Y,"OVER $1,500",7/16/2023 10:05,NOT APPLICABLE,NOT APPLICABLE,138,N,MENARD AVE,1512,,,,,,,2,NO INDICATION OF INJURY,0,0,0,0,0,1,0,16,7,7,41.88338727,-87.77001612,POINT (-87.770016120003 41.883387269257)
911ce1428240f6a393fff6b46ccb590898ce35be4966c4359693ee8bd750fedf9929ff4722a75e1b801bed3b26228d8ae3cb30239958737f2116767eeacd3753,JG342636,N,7/15/2023 6:00,30,NO CONTROLS,NO CONTROLS,UNKNOWN,UNKNOWN,PARKED MOTOR VEHICLE,NOT DIVIDED,,STRAIGHT AND LEVEL,UNKNOWN,UNKNOWN,NOT ON SCENE (DESK REPORT),NO INJURY / DRIVE AWAY,,,Y,"OVER $1,500",7/15/2023 21:20,UNABLE TO DETERMINE,NOT APPLICABLE,2165,N,NARRAGANSETT AVE,2512,,,,,,,2,NO INDICATION OF INJURY,0,0,0,0,0,1,0,6,7,7,41.9199515,-87.78518262,POINT (-87.78518261864 41.919951504397)
928145b08b3ef0c6944d8c3dfece59ba8d56b957e584b9fd47054e3ba05659492d3167e07a634de4f438a5da90da5d9fd032e0327b86970b3026ad37b84a61d3,JG342645,,7/15/2023 17:30,30,TRAFFIC SIGNAL,FUNCTIONING PROPERLY,CLEAR,DAYLIGHT,TURNING,NOT DIVIDED,,STRAIGHT AND LEVEL,DRY,UNKNOWN,,NO INJURY / DRIVE AWAY,,,,"OVER $1,500",7/15/2023 21:15,UNABLE TO DETERMINE,UNABLE TO DETERMINE,91,E,LOWER WACKER DR,111,,,,,,,2,NO INDICATION OF INJURY,0,0,0,0,0,3,0,17,7,7,41.88809697,-87.62507455,POINT (-87.625074545792 41.888096967183)
92fdcb48914835446a53a424b4a1c631797cc6b271774237b9cd96717d9c8f6aec9c1c0297855a0443ab0c5b73b96a4ed3c0adfc28360a6de56ea34773890964,JG341755,,7/15/2023 7:30,35,TRAFFIC SIGNAL,FUNCTIONING PROPERLY,RAIN,"DARKNESS, LIGHTED ROAD",PEDESTRIAN,NOT DIVIDED,,STRAIGHT AND LEVEL,WET,NO DEFECTS,NOT ON SCENE (DESK REPORT),INJURY AND / OR TOW DUE TO CRASH,,,Y,"OVER $1,500",7/15/2023 9:00,UNABLE TO DETERMINE,UNABLE TO DETERMINE,7500,S,STATE ST,623,,,,,,,2,NONINCAPACITATING INJURY,1,0,0,1,0,1,0,7,7,7,41.75809218,-87.62490223,POINT (-87.624902228247 41.758092176383)
93160b097935d49f9d1f2924ce68bc31724ef3ebedae623d6a5d9ee26677b620d9aacac1498d9ba5590340657ed8450e7788f6b094e96a5a95716e94f1ef23ca,JG342129,,7/15/2023 13:00,30,TRAFFIC SIGNAL,UNKNOWN,CLEAR,DAYLIGHT,ANGLE,NOT DIVIDED,,STRAIGHT AND LEVEL,UNKNOWN,UNKNOWN,NOT ON SCENE (DESK REPORT),NO INJURY / DRIVE AWAY,,,,"$501 - $1,500",7/15/2023 13:30,UNABLE TO DETERMINE,NOT APPLICABLE,2301,N,HARLEM AVE,2512,,,,,,,2,NO INDICATION OF INJURY,0,0,0,0,0,2,0,13,7,7,41.92113737,-87.8060174,POINT (-87.806017397183 41.921137371298)
7a6f23886c2b5b04274cce730a498f922bea3692c71f70e661476becb210384bb7035954781f9f8c34dbedffed19dbc95be30328165584b57849bca94e8f62d1,JC297349,,6/8/2019 9:55,35,NO CONTROLS,NO CONTROLS,CLEAR,DAYLIGHT,REAR END,NOT DIVIDED,,STRAIGHT AND LEVEL,DRY,NO DEFECTS,ON SCENE,NO INJURY / DRIVE AWAY,,,,"OVER $1,500",6/8/2019 10:00,FOLLOWING TOO CLOSELY,NOT APPLICABLE,1201,W,DIVISION ST,1213,,,,,,,2,NO INDICATION OF INJURY,0,0,0,0,0,2,0,9,7,6,41.90339832,-87.65746875,POINT (-87.657468750417 41.903398316144)
94893c68af7bc6c8524a3560971bb7ebce66829e988b0967e47389b1c3f9e4cabdf1d14f13473d9a42f4399f3154c9fa7a694f2ce9510c6a18d7dfc984f0a00b,JG342702,,7/15/2023 22:15,35,NO CONTROLS,NO CONTROLS,CLEAR,"DARKNESS, LIGHTED ROAD",ANGLE,T-INTERSECTION,,STRAIGHT AND LEVEL,DRY,NO DEFECTS,ON SCENE,INJURY AND / OR TOW DUE TO CRASH,Y,,,"OVER $1,500",7/15/2023 22:19,FAILING TO YIELD RIGHT-OF-WAY,DRIVING SKILLS/KNOWLEDGE/EXPERIENCE,1,W,PARKING LOT G ST,1654,,,,,,,2,INCAPACITATING INJURY,2,0,2,0,0,0,0,22,7,7,,,
964136c4d6fab7972898e820001d0199c5c5807badbf3ae7621fae5c61f1818f3bca4986d0caa8d6b301524f55f77236c1ceecdd91c2f008d298c5a93974cb17,JG342556,,7/15/2023 17:30,30,NO CONTROLS,NO CONTROLS,CLEAR,DAYLIGHT,PARKED MOTOR VEHICLE,NOT DIVIDED,,STRAIGHT AND LEVEL,DRY,NO DEFECTS,NOT ON SCENE (DESK REPORT),NO INJURY / DRIVE AWAY,,,Y,"$501 - $1,500",7/15/2023 19:30,UNABLE TO DETERMINE,NOT APPLICABLE,70,E,18TH ST,131,,,,,,,2,NO INDICATION OF INJURY,0,0,0,0,0,1,0,17,7,7,41.85798156,-87.62441698,POINT (-87.624416984211 41.857981559049)
968b721a9a4f1f111030fc1fe1df157a997712db0c3f59af1fbca1da90c1de1adcb539fc85a472cd92ded38fc9b9fae19b993b63a51f0757e2dad4c641cdb602,JG342252,,7/15/2023 15:20,30,NO CONTROLS,UNKNOWN,CLEAR,DAYLIGHT,PARKED MOTOR VEHICLE,ONE-WAY,,STRAIGHT AND LEVEL,DRY,UNKNOWN,ON SCENE,NO INJURY / DRIVE AWAY,,,,"OVER $1,500",7/15/2023 15:24,DRIVING SKILLS/KNOWLEDGE/EXPERIENCE,UNABLE TO DETERMINE,202,W,SCHILLER ST,1821,,,,,,,2,NO INDICATION OF INJURY,0,0,0,0,0,1,0,15,7,7,41.90777372,-87.63474748,POINT (-87.634747483127 41.907773717343)
96ba8a789c39313abe4f18447701012cc654449563dfc61c77f6b36d94c467159842aef336131da16097c52216cbef856c61a258f32f3628aa091c4922595b62,JG342290,Y,7/15/2023 14:20,40,NO CONTROLS,NO CONTROLS,CLEAR,DAYLIGHT,SIDESWIPE SAME DIRECTION,DIVIDED - W/MEDIAN (NOT RAISED),,STRAIGHT AND LEVEL,DRY,NO DEFECTS,NOT ON SCENE (DESK REPORT),NO INJURY / DRIVE AWAY,,,Y,"OVER $1,500",7/15/2023 16:18,UNABLE TO DETERMINE,UNABLE TO DETERMINE,1700,N,LAKE SHORE DR SB,1814,,,,,,,2,NO INDICATION OF INJURY,0,0,0,0,0,2,0,14,7,7,41.91296035,-87.62660834,POINT (-87.626608335477 41.912960346202)
970576ef4ed712b9f5c1318ec037ef0a721d0e41c5f5c7ea055e0dfd0921ffc23d04d569292d89ef2e9e3807468f7538f64206c2882f02b1873555ad5d974961,JG341888,,7/15/2023 9:00,30,NO CONTROLS,NO CONTROLS,CLEAR,DAYLIGHT,REAR END,ONE-WAY,,STRAIGHT AND LEVEL,DRY,NO DEFECTS,NOT ON SCENE (DESK REPORT),NO INJURY / DRIVE AWAY,,,,"$501 - $1,500",7/15/2023 10:50,UNABLE TO DETERMINE,NOT APPLICABLE,1600,W,LE MOYNE ST,1433,,,,,,,2,NO INDICATION OF INJURY,0,0,0,0,0,4,0,9,7,7,41.90921991,-87.66777279,POINT (-87.667772793179 41.909219906375)
97b953e1a54fcdf4312d9da5fa1b0b762bd029704155f4593537b6c6e0b8fe1010f085bc2aafe9e8fdc9ac24c9970240eec89cb675970cff0d813ba3fa63022e,JG342761,,7/15/2023 23:08,30,TRAFFIC SIGNAL,FUNCTIONING PROPERLY,CLEAR,"DARKNESS, LIGHTED ROAD",REAR TO FRONT,NOT DIVIDED,,STRAIGHT AND LEVEL,DRY,NO DEFECTS,NOT ON SCENE (DESK REPORT),NO INJURY / DRIVE AWAY,,,Y,"OVER $1,500",7/16/2023 0:15,IMPROPER BACKING,IMPROPER BACKING,59,E,WACKER PL,111,,,,,,,2,NO INDICATION OF INJURY,0,0,0,0,0,2,0,23,7,7,41.88670527,-87.62582215,POINT (-87.625822149985 41.886705264807)
967d7b2081b31c09605b4f1c0fef861151c04beedc4e2906c5152a0ffd8218c0f79f9cc49c17b66f561f2eaef72011458eeba64620c223b8e476dc33a7c1760c,JG332056,,7/7/2023 21:23,10,NO CONTROLS,NO CONTROLS,CLEAR,DARKNESS,PARKED MOTOR VEHICLE,OTHER,,STRAIGHT AND LEVEL,DRY,NO DEFECTS,,NO INJURY / DRIVE AWAY,,Y,,"$501 - $1,500",7/7/2023 21:23,IMPROPER BACKING,NOT APPLICABLE,3600,N,HALSTED ST,1923,,,,,,,2,NO INDICATION OF INJURY,0,0,0,0,0,1,0,21,6,7,41.94740174,-87.64963658,POINT (-87.649636584396 41.94740173498)
97f2a28c07939091f6c9faf3ab906c649cbbf77e3ebdcb8617d604ca678a40edf4ca0779f75cdf8c63aa92bcb7442f1c41e88b13e591deea97733c92db50f8e6,JG346737,,7/15/2023 18:00,30,STOP SIGN/FLASHER,FUNCTIONING PROPERLY,RAIN,"DARKNESS, LIGHTED ROAD",ANGLE,DIVIDED - W/MEDIAN (NOT RAISED),,STRAIGHT AND LEVEL,WET,NO DEFECTS,NOT ON SCENE (DESK REPORT),INJURY AND / OR TOW DUE TO CRASH,,,Y,"OVER $1,500",7/18/2023 21:00,DRIVING SKILLS/KNOWLEDGE/EXPERIENCE,NOT APPLICABLE,12200,S,UNION AVE,523,,,,,,,2,NO INDICATION OF INJURY,0,0,0,0,0,2,0,18,7,7,41.67228316,-87.63946706,POINT (-87.639467057465 41.672283159707)