CRASH_RECORD_ID,RD_NO,CRASH_DATE_EST_I,CRASH_DATE,POSTED_SPEED_LIMIT,TRAFFIC_CONTROL_DEVICE,DEVICE_CONDITION,WEATHER_CONDITION,LIGHTING_CONDITION,FIRST_CRASH_TYPE,TRAFFICWAY_TYPE,LANE_CNT,ALIGNMENT,ROADWAY_SURFACE_COND,ROAD_DEFECT,REPORT_TYPE,CRASH_TYPE,INTERSECTION_RELATED_I,NOT_RIGHT_OF_WAY_I,HIT_AND_RUN_I,DAMAGE,DATE_POLICE_NOTIFIED,PRIM_CONTRIBUTORY_CAUSE,SEC_CONTRIBUTORY_CAUSE,STREET_NO,STREET_DIRECTION,STREET_NAME,BEAT_OF_OCCURRENCE,PHOTOS_TAKEN_I,STATEMENTS_TAKEN_I,DOORING_I,WORK_ZONE_I,WORK_ZONE_TYPE,WORKERS_PRESENT_I,NUM_UNITS,MOST_SEVERE_INJURY,INJURIES_TOTAL,INJURIES_FATAL,INJURIES_INCAPACITATING,INJURIES_NON_INCAPACITATING,INJURIES_REPORTED_NOT_EVIDENT,INJURIES_NO_INDICATION,INJURIES_UNKNOWN,CRASH_HOUR,CRASH_DAY_OF_WEEK,CRASH_MONTH,LATITUDE,LONGITUDE,LOCATION
97f953eb2c10204b7ad9d570b27b6623de291a47405a82b0f51ce22a07f871b256135bbfe77e234a1cad7182e8dadca7ce6ca18865076d45875b3bd37e492bf8,JG342070,,7/15/2023 11:52,30,NO CONTROLS,NO CONTROLS,CLEAR,DAYLIGHT,PEDESTRIAN,NOT DIVIDED,,STRAIGHT AND LEVEL,DRY,UNKNOWN,NOT ON SCENE (DESK REPORT),INJURY AND / OR TOW DUE TO CRASH,,,,$500 OR LESS,7/15/2023 11:52,UNABLE TO DETERMINE,UNABLE TO DETERMINE,11102,S,HOMAN AVE,2211,,,,,,,2,"REPORTED, NOT EVIDENT",1,0,0,0,1,1,0,11,7,7,41.69134095,-87.70584177,POINT (-87.705841768781 41.691340947079)
98db4e0ca3c462b232a0175ddf663c9f9ab85a558efd0e84357cd4d66fe93a5d207146f703b7d4361038689d7723767ab8afa1397ef812dd4ebd3c5b9a1376b0,JG351652,,7/15/2023 16:37,25,NO CONTROLS,NO CONTROLS,CLEAR,DAYLIGHT,PARKED MOTOR VEHICLE,ONE-WAY,,STRAIGHT AND LEVEL,UNKNOWN,NO DEFECTS,NOT ON SCENE (DESK REPORT),NO INJURY / DRIVE AWAY,,,Y,"OVER $1,500",7/22/2023 14:45,UNABLE TO DETERMINE,NOT APPLICABLE,8940,S,UNION AVE,2223,,,,,,,2,NO INDICATION OF INJURY,0,0,0,0,0,1,0,16,7,7,41.73134321,-87.64119898,POINT (-87.64119897572 41.731343204677)
99d898c7a88375f48fadd834d1a07d7b0b0a760629063180c7992474efd190bc23d219c1c2f55b622ccd9cc331d92a7df42681a1718198923d4bbdd713de39bf,JG342181,,7/15/2023 11:35,15,NO CONTROLS,NO CONTROLS,CLEAR,DAYLIGHT,PARKED MOTOR VEHICLE,PARKING LOT,,STRAIGHT AND LEVEL,DRY,NO DEFECTS,NOT ON SCENE (DESK REPORT),NO INJURY / DRIVE AWAY,,Y,Y,"OVER $1,500",7/15/2023 14:24,IMPROPER OVERTAKING/PASSING,NOT APPLICABLE,3030,N,BROADWAY,1934,,,,,,,2,NO INDICATION OF INJURY,0,0,0,0,0,2,0,11,7,7,41.93733844,-87.64445647,POINT (-87.644456471505 41.937338437309)
9b1082d829b2fffc0f6747b6adc806e3c0132aa3df74d62b48699761b87f353c75c1d353462b1bf41d3f6d04a463f7e62ca8acc505d80077f68fa76b202b689b,JG341910,,7/15/2023 11:05,30,NO CONTROLS,NO CONTROLS,CLEAR,DAYLIGHT,ANGLE,ONE-WAY,,STRAIGHT AND LEVEL,DRY,NO DEFECTS,ON SCENE,INJURY AND / OR TOW DUE TO CRASH,,,,"OVER $1,500",7/15/2023 11:10,FAILING TO YIELD RIGHT-OF-WAY,FAILING TO YIELD RIGHT-OF-WAY,3315,W,27TH ST,1032,,,,,,,2,NO INDICATION OF INJURY,0,0,0,0,0,3,0,11,7,7,41.84253965,-87.708122,POINT (-87.708121995604 41.8425396495)
9ba6211ef2ee4d4ad0b2321d5073622949093f141e3e06dcb5e66fb21ba15b2f419771ec0f837d316a78feb75810c1e66c80bcf4037fec3183287fd902693b0f,JG344220,,7/15/2023 13:00,15,UNKNOWN,FUNCTIONING PROPERLY,UNKNOWN,UNKNOWN,PARKED MOTOR VEHICLE,ONE-WAY,,STRAIGHT AND LEVEL,UNKNOWN,NO DEFECTS,NOT ON SCENE (DESK REPORT),NO INJURY / DRIVE AWAY,,,,"OVER $1,500",7/17/2023 8:00,NOT APPLICABLE,NOT APPLICABLE,4358,W,ADAMS ST,1115,,,,,,,2,NO INDICATION OF INJURY,0,0,0,0,0,1,0,13,7,7,41.87797156,-87.73525973,POINT (-87.735259734112 41.877971554665)
9e22e4ab142fa1b19a1ad5b1681979f1c5361031eceba577909ee7cc9a6c0c6d8279f7ab66e91a1d2f4d6de33dff29f7f91d1005705fe5dd82b8d823e38043f2,JG342294,,7/15/2023 15:15,35,TRAFFIC SIGNAL,FUNCTIONING PROPERLY,CLEAR,DAYLIGHT,SIDESWIPE SAME DIRECTION,ONE-WAY,,STRAIGHT AND LEVEL,DRY,NO DEFECTS,NOT ON SCENE (DESK REPORT),NO INJURY / DRIVE AWAY,Y,,Y,"OVER $1,500",7/15/2023 16:00,IMPROPER OVERTAKING/PASSING,IMPROPER OVERTAKING/PASSING,800,W,BELDEN AVE,1812,,,,,,,2,NO INDICATION OF INJURY,0,0,0,0,0,2,0,15,7,7,41.92373929,-87.64874898,POINT (-87.648748983048 41.923739288036)
a0837ea062313209fa771a4b13f53c2c39ea61fdb8d045750beb94c2ac379d0b6adc85e87fe747d8d9881ff3033708277d349b762647eb2f64aa1f3a5daef557,JG342371,,7/15/2023 16:50,30,STOP SIGN/FLASHER,FUNCTIONING PROPERLY,CLEAR,DAYLIGHT,TURNING,DIVIDED - W/MEDIAN (NOT RAISED),,STRAIGHT AND LEVEL,DRY,NO DEFECTS,ON SCENE,INJURY AND / OR TOW DUE TO CRASH,Y,,,"OVER $1,500",7/15/2023 16:52,UNABLE TO DETERMINE,NOT APPLICABLE,7900,S,HOYNE AVE,611,,,,,,,2,NONINCAPACITATING INJURY,1,0,0,1,0,2,0,16,7,7,41.75016176,-87.67572992,POINT (-87.675729921024 41.750161760781)
a20ddb26d2ebe84af16ca6cd3248bb0a746fc786278f3e686a90d6eb161ed97b3c3517ff387480b104642bf400414ab105dd711ec81c7d68c6fa42c476a47f15,JG342440,,7/15/2023 17:55,30,UNKNOWN,UNKNOWN,CLEAR,DAYLIGHT,ANGLE,NOT DIVIDED,,STRAIGHT AND LEVEL,UNKNOWN,UNKNOWN,,NO INJURY / DRIVE AWAY,,,Y,"$501 - $1,500",7/15/2023 18:15,UNABLE TO DETERMINE,NOT APPLICABLE,210,W,103RD ST,511,,,,,,,2,NO INDICATION OF INJURY,0,0,0,0,0,2,0,17,7,7,41.70720612,-87.628815,POINT (-87.628815002368 41.707206116169)
a3957d0a79fc0fc1390886190c3e0551606b5b0d5f1825da1d5d1e2466ed152740737c0a21e480909a5ae5ae0af89d7fe61bc9d50b0737fe3b36f06dd51c2e93,JG342367,,7/15/2023 16:44,30,TRAFFIC SIGNAL,FUNCTIONING PROPERLY,CLEAR,DAYLIGHT,PEDESTRIAN,FOUR WAY,,STRAIGHT AND LEVEL,DRY,NO DEFECTS,ON SCENE,INJURY AND / OR TOW DUE TO CRASH,Y,,,$500 OR LESS,7/15/2023 16:50,FAILING TO YIELD RIGHT-OF-WAY,IMPROPER TURNING/NO SIGNAL,6801,N,SHERIDAN RD,2431,,,,,,,2,NONINCAPACITATING INJURY,1,0,0,1,0,1,0,16,7,7,42.00561788,-87.66078594,POINT (-87.660785937208 42.005617876585)
a417dd78a5400bc5935e3566f8e2dd7e3c14c73101e4dd6784daad42def3916055e4f6e4d1bef9ef647ec4500bc768c8191b1cb467ac5cfd6538adceb417ea40,JG342046,,7/15/2023 12:15,30,NO CONTROLS,NO CONTROLS,CLEAR,DAYLIGHT,REAR END,NOT DIVIDED,,STRAIGHT AND LEVEL,DRY,NO DEFECTS,ON SCENE,NO INJURY / DRIVE AWAY,,,Y,$500 OR LESS,7/15/2023 12:20,FOLLOWING TOO CLOSELY,FAILING TO YIELD RIGHT-OF-WAY,3912,N,BROADWAY,1923,,,,,,,2,NO INDICATION OF INJURY,0,0,0,0,0,3,0,12,7,7,41.95316743,-87.64981455,POINT (-87.649814548936 41.953167429056)
a4ad8cb06eb5267e058647781b6c66b5f8462a6683b43b58015c4457c3f20b7257b055d5ad8400f7b0854b4d31ea2244fd6cf26bd9d111f2c126f2285cd4b76f,JG341597,,7/15/2023 2:20,30,NO CONTROLS,FUNCTIONING PROPERLY,CLEAR,DARKNESS,OTHER OBJECT,NOT DIVIDED,,STRAIGHT AND LEVEL,DRY,UNKNOWN,NOT ON SCENE (DESK REPORT),NO INJURY / DRIVE AWAY,Y,,,"OVER $1,500",7/15/2023 3:43,UNABLE TO DETERMINE,NOT APPLICABLE,55,N,HALSTED ST,1224,,,,,,,2,NO INDICATION OF INJURY,0,0,0,0,0,2,0,2,7,7,41.88311277,-87.6472574,POINT (-87.647257404063 41.883112769192)
a4bebb9402899f811893a579a469c10efccfeaa9d7c5860dc8ce2d599669a8262cc1b97a97fc8b4e2a73b92b9ed6f85c107eb5dc8529cf39589a369500c4aa09,JG341775,,7/15/2023 6:20,30,NO CONTROLS,NO CONTROLS,RAIN,DAYLIGHT,TURNING,NOT DIVIDED,,STRAIGHT AND LEVEL,WET,NO DEFECTS,NOT ON SCENE (DESK REPORT),NO INJURY / DRIVE AWAY,,,,"OVER $1,500",7/15/2023 9:10,IMPROPER TURNING/NO SIGNAL,UNABLE TO DETERMINE,8200,S,KEDZIE AVE,834,,,,,,,3,NO INDICATION OF INJURY,0,0,0,0,0,3,0,6,7,7,41.74423097,-87.70238569,POINT (-87.702385685116 41.744230973357)
a755f4ef77e08576e7cc6c75c94e335395c433877f863cc94e966a0f2d07f63ea071feabb20c433956452f99f6a41107657eb6e473ce91d9c669e786f5785c9d,JG342255,,7/15/2023 13:00,30,NO CONTROLS,NO CONTROLS,CLEAR,DAYLIGHT,PARKED MOTOR VEHICLE,NOT DIVIDED,,STRAIGHT AND LEVEL,DRY,NO DEFECTS,NOT ON SCENE (DESK REPORT),NO INJURY / DRIVE AWAY,,,Y,"OVER $1,500",7/15/2023 15:30,UNABLE TO DETERMINE,NOT APPLICABLE,2802,S,HARDING AVE,1031,,,,,,,2,NO INDICATION OF INJURY,0,0,0,0,0,1,0,13,7,7,41.84043385,-87.72337157,POINT (-87.723371568801 41.840433848212)
a776fa738b5ab9554f6d722562185a46965ae30d7b03c343ba1662334a71a69fb1331a3f68cf5591c581a8b5f8d07cbb19ab7f9db9d0fabb297b523c558742c4,JG342183,,7/15/2023 12:30,30,TRAFFIC SIGNAL,FUNCTIONING PROPERLY,RAIN,DAYLIGHT,REAR END,FOUR WAY,,STRAIGHT AND LEVEL,WET,NO DEFECTS,NOT ON SCENE (DESK REPORT),NO INJURY / DRIVE AWAY,,,,"$501 - $1,500",7/15/2023 14:30,WEATHER,UNABLE TO DETERMINE,2012,W,71ST ST,735,,,,,,,2,NO INDICATION OF INJURY,0,0,0,0,0,2,0,12,7,7,41.76491264,-87.67406233,POINT (-87.674062325078 41.764912640415)
a96a3fe62bc43bf5ce04bdf8858cdf3422947b34c3694048cfe3b523f47dd11af6cf84c09f7a9ab0639b051d15b2344de5b3b0307ea647ba9a9ec4f28c0d95bb,JG343411,Y,7/15/2023 23:30,30,NO CONTROLS,NO CONTROLS,CLEAR,DAYLIGHT,PARKED MOTOR VEHICLE,PARKING LOT,,STRAIGHT AND LEVEL,DRY,NO DEFECTS,NOT ON SCENE (DESK REPORT),NO INJURY / DRIVE AWAY,,Y,,"$501 - $1,500",7/16/2023 14:00,UNABLE TO DETERMINE,UNABLE TO DETERMINE,32,E,RANDOLPH ST,111,,,,,,,2,NO INDICATION OF INJURY,0,0,0,0,0,1,0,23,7,7,41.8846042,-87.62675949,POINT (-87.626759487367 41.884604199989)
aab92a852b0bacdfa3ab865cccdf11972129a04deceaf90abc355777519c780d77451fdb385f6a5f8f38e8aa74fb2cb920d0384983a9f1f4b45f47bb86d17433,JG341989,,7/15/2023 11:23,30,NO CONTROLS,NO CONTROLS,CLEAR,DAYLIGHT,ANGLE,FOUR WAY,,STRAIGHT AND LEVEL,DRY,UNKNOWN,ON SCENE,INJURY AND / OR TOW DUE TO CRASH,Y,,,"OVER $1,500",7/15/2023 11:26,IMPROPER TURNING/NO SIGNAL,NOT APPLICABLE,7628,S,STONY ISLAND AVE,411,,,,,,,2,NO INDICATION OF INJURY,0,0,0,0,0,4,0,11,7,7,41.75607023,-87.58621864,POINT (-87.586218638985 41.756070227788)
abac9ca1cb94ccb5f2e61eb73933b8e061820f029bb71d2e41f12f1d88fe9c8e4edce394c7fbb8c0db941dfca27358f6af623073282821a40cadf9674a03b595,JG343422,,7/15/2023 22:15,30,TRAFFIC SIGNAL,NO CONTROLS,CLOUDY/OVERCAST,DAYLIGHT,SIDESWIPE SAME DIRECTION,FOUR WAY,,STRAIGHT AND LEVEL,DRY,NO DEFECTS,NOT ON SCENE (DESK REPORT),NO INJURY / DRIVE AWAY,,,Y,"$501 - $1,500",7/16/2023 13:50,"OPERATING VEHICLE IN ERRATIC, RECKLESS, CARELESS, NEGLIGENT OR AGGRESSIVE MANNER",NOT APPLICABLE,830,W,87TH ST,613,,,,,,,2,NO INDICATION OF INJURY,0,0,0,0,0,2,0,22,7,7,41.73616354,-87.64502277,POINT (-87.645022766818 41.736163541769)
ac1c4d493aa3dcfbedc5bc48b55811cc52ca06910556d82464d466291665b6028a9d5c5c2db0fd00fc836bc43ec202cb7888eb70ec32cc7e489f2f1e5f7bfe1b,JG342712,,7/15/2023 11:30,35,UNKNOWN,UNKNOWN,CLEAR,DAYLIGHT,REAR END,DIVIDED - W/MEDIAN BARRIER,,STRAIGHT AND LEVEL,DRY,UNKNOWN,NOT ON SCENE (DESK REPORT),NO INJURY / DRIVE AWAY,,,,"$501 - $1,500",7/15/2023 23:00,FOLLOWING TOO CLOSELY,NOT APPLICABLE,4402,N,CUMBERLAND AVE,1614,,,,,,,2,NO INDICATION OF INJURY,0,0,0,0,0,2,0,11,7,7,41.95945388,-87.8368459,POINT (-87.836845901036 41.9594538816)
ae018b4bd69cb3ddefdd8414c0a26fb6593a0fa5acf3a1bb54d6289762ceef43a4654e727f8fa2ab0d4f382feebe6076b6fcd9bf839a8616de1715894d6ec3af,JG342333,,7/15/2023 15:30,30,NO CONTROLS,NO CONTROLS,CLOUDY/OVERCAST,DAYLIGHT,REAR END,NOT DIVIDED,,STRAIGHT AND LEVEL,DRY,NO DEFECTS,NOT ON SCENE (DESK REPORT),NO INJURY / DRIVE AWAY,,,,"OVER $1,500",7/15/2023 16:30,UNABLE TO DETERMINE,UNABLE TO DETERMINE,9440,S,EWING AVE,432,,,,,,,2,NO INDICATION OF INJURY,0,0,0,0,0,2,0,15,7,7,41.72390252,-87.53750033,POINT (-87.537500326567 41.723902519834)
aa56ead61cd80c6be2f02c33ee5767a54a5e8017a7f2822267f6584eb4560e8122f297de54c5a6fd2258c75e139dd951e976cec1eeec462e46e606641d202359,JG328996,,7/5/2023 15:00,30,TRAFFIC SIGNAL,FUNCTIONING PROPERLY,UNKNOWN,UNKNOWN,TURNING,NOT DIVIDED,,STRAIGHT AND LEVEL,UNKNOWN,UNKNOWN,,NO INJURY / DRIVE AWAY,,,,"$501 - $1,500",7/5/2023 17:15,FAILING TO YIELD RIGHT-OF-WAY,NOT APPLICABLE,1754,N,CENTRAL AVE,2531,,,,,,,2,NO INDICATION OF INJURY,0,0,0,0,0,2,0,15,4,7,41.91284515,-87.76578268,POINT (-87.765782680534 41.912845148082)
aef86ea4e0c1e73b1702af17026fd9dd34ddb04bd20748de9fb248573f4ebad18f39f2e34f6676d0f7e358dc3f8525973f8eb86f2490924d69b7b1c5f510bce3,JG342654,,7/15/2023 21:25,35,TRAFFIC SIGNAL,FUNCTIONING PROPERLY,CLEAR,"DARKNESS, LIGHTED ROAD",ANGLE,NOT DIVIDED,,STRAIGHT AND LEVEL,DRY,NO DEFECTS,ON SCENE,NO INJURY / DRIVE AWAY,,,Y,"OVER $1,500",7/15/2023 21:55,FAILING TO YIELD RIGHT-OF-WAY,NOT APPLICABLE,4800,N,CICERO AVE,1623,,,,,,,2,NO INDICATION OF INJURY,0,0,0,0,0,2,0,21,7,7,41.96804801,-87.74787599,POINT (-87.747875984681 41.968048007294)
af0eed47e62af07e1786d4f4b12878cef5e9a6df0ec682c942368a25638a06a71e5ac7402323139fc8330c69bee86a69d15f400936fa8feb119673d7d0c3b4ab,JG343210,,7/15/2023 19:00,30,NO CONTROLS,NO CONTROLS,CLEAR,DAYLIGHT,PARKED MOTOR VEHICLE,ONE-WAY,,STRAIGHT AND LEVEL,UNKNOWN,UNKNOWN,NOT ON SCENE (DESK REPORT),NO INJURY / DRIVE AWAY,,,,"OVER $1,500",7/16/2023 10:40,IMPROPER BACKING,NOT APPLICABLE,1012,W,LAKE ST,1214,,,,,,,2,NO INDICATION OF INJURY,0,0,0,0,0,5,0,19,7,7,41.88568319,-87.65272658,POINT (-87.652726584089 41.885683184645)
af34e12f67c28e94f431a3446e0b07b6060b448a11351ac4cea8dc84d73612d579cc6c4bdd0f3a8fb45657ade34a821fc918f1dd959b6c99f1989c439e9fdb52,JG342271,,7/15/2023 14:56,30,TRAFFIC SIGNAL,FUNCTIONING PROPERLY,CLEAR,DAYLIGHT,ANGLE,NOT DIVIDED,,STRAIGHT AND LEVEL,WET,NO DEFECTS,NOT ON SCENE (DESK REPORT),NO INJURY / DRIVE AWAY,Y,,,"$501 - $1,500",7/15/2023 15:23,"VISION OBSCURED (SIGNS, TREE LIMBS, BUILDINGS, ETC.)","VISION OBSCURED (SIGNS, TREE LIMBS, BUILDINGS, ETC.)",800,W,71ST ST,733,,,,,,,2,NO INDICATION OF INJURY,0,0,0,0,0,2,0,14,7,7,41.76531136,-87.64447748,POINT (-87.644477477454 41.765311360618)
afdd7edc6a453aa2b9f9a86ea13c72a6d4e4dedf03dac575d340e6c2bdcef6e52888d020d15b954b1f6d1d4ca74172f64494bcdbf20c4c99bbfadd2798ff744b,JG345872,,7/15/2023 12:30,30,NO CONTROLS,NO CONTROLS,CLEAR,DAYLIGHT,REAR END,NOT DIVIDED,,STRAIGHT AND LEVEL,DRY,NO DEFECTS,NOT ON SCENE (DESK REPORT),NO INJURY / DRIVE AWAY,,,,"OVER $1,500",7/18/2023 10:45,UNABLE TO DETERMINE,NOT APPLICABLE,6401,W,BRYN MAWR AVE,1612,,,,,,,2,NO INDICATION OF INJURY,0,0,0,0,0,2,0,12,7,7,41.98279443,-87.78780137,POINT (-87.787801373484 41.982794427723)
b02597999326729a1561861deaf8ee155f28d6ab3b0251f483b8ace6a8842f20466cd17eb20fc9cf4a5d730d723824755e38aad21b5d7d83aab1ba916891841d,JG342218,,7/15/2023 14:20,15,NO CONTROLS,NO CONTROLS,CLEAR,DAYLIGHT,PEDESTRIAN,PARKING LOT,,STRAIGHT AND LEVEL,DRY,NO DEFECTS,ON SCENE,INJURY AND / OR TOW DUE TO CRASH,,,Y,"OVER $1,500",7/15/2023 14:24,UNABLE TO DETERMINE,NOT APPLICABLE,3320,W,BELMONT AVE,1733,,,,,,,2,"REPORTED, NOT EVIDENT",1,0,0,0,1,1,0,14,7,7,41.93940519,-87.71090059,POINT (-87.710900591809 41.939405187888)
b04dbfdea86fd2f509c419a7632bdd4f4d48e0cf5bc0e2d4e59ee743ec18a01786d06e6aa73f91174d99a350fafeabb6dc7427a4ddaf90228be8b4d517b8ffe0,JD168158,,2/28/2020 15:00,30,UNKNOWN,UNKNOWN,CLEAR,DAYLIGHT,REAR END,NOT DIVIDED,,STRAIGHT AND LEVEL,DRY,UNKNOWN,,NO INJURY / DRIVE AWAY,,,,"OVER $1,500",2/28/2020 16:15,UNABLE TO DETERMINE,NOT APPLICABLE,3201,S,PULASKI RD,1031,,,,,,,2,NO INDICATION OF INJURY,0,0,0,0,0,2,0,15,6,2,41.83497592,-87.72416125,POINT (-87.724161252848 41.834975917455)
b13a1d4f6c7a09b37e891ccd1c3a9a632e72a82d8373c0745652cbdf8d4a173448e158f4ee6f6cd7c2f352e837a32da472f1c6f8ec799d9c38fbf03625712188,JG342598,,7/15/2023 17:45,35,NO CONTROLS,NO CONTROLS,CLEAR,DAYLIGHT,TURNING,NOT DIVIDED,,STRAIGHT AND LEVEL,DRY,NO DEFECTS,NOT ON SCENE (DESK REPORT),NO INJURY / DRIVE AWAY,,,,"OVER $1,500",7/15/2023 20:45,IMPROPER TURNING/NO SIGNAL,DRIVING SKILLS/KNOWLEDGE/EXPERIENCE,640,W,WASHINGTON BLVD,121,,,,,,,2,NO INDICATION OF INJURY,0,0,0,0,0,2,0,17,7,7,41.88327486,-87.6442191,POINT (-87.644219100621 41.883274863967)
b1c2b259c443a11d0aada04d4dde14977afd0b28c938d745c46072aecfcdbb562e9589d6afa37c2be7c8db63f9926d5ea7572b5fb5576f8db308db7ac54bc30b,JG342690,,7/15/2023 22:00,30,NO CONTROLS,NO CONTROLS,CLEAR,"DARKNESS, LIGHTED ROAD",PARKED MOTOR VEHICLE,NOT DIVIDED,,STRAIGHT AND LEVEL,DRY,NO DEFECTS,NOT ON SCENE (DESK REPORT),NO INJURY / DRIVE AWAY,,,Y,"OVER $1,500",7/15/2023 22:35,UNABLE TO DETERMINE,NOT APPLICABLE,4125,N,KIMBALL AVE,1724,,,,,,,2,NO INDICATION OF INJURY,0,0,0,0,0,3,0,22,7,7,41.9564504,-87.71284523,POINT (-87.712845229827 41.956450402202)
b22e609688f079db30b6c27caf5939f2ba13e9a9696d88a3a3261e2ad5ba25333fedcf2caa6d6c75241e7c81acdf2d4aa0636eed49d7e01cadf5c9f30e247963,JG342757,,7/15/2023 22:50,30,STOP SIGN/FLASHER,FUNCTIONING PROPERLY,CLEAR,"DARKNESS, LIGHTED ROAD",REAR TO FRONT,NOT DIVIDED,,STRAIGHT AND LEVEL,DRY,NO DEFECTS,NOT ON SCENE (DESK REPORT),NO INJURY / DRIVE AWAY,,,,"$501 - $1,500",7/16/2023 0:05,IMPROPER BACKING,UNABLE TO DETERMINE,1555,N,NORTH PARK AVE,1821,,,,,,,2,NO INDICATION OF INJURY,0,0,0,0,0,2,0,22,7,7,41.91094562,-87.63650972,POINT (-87.636509723862 41.910945616137)
b34e3f3df2a01afd446e721841aef376f3b48427053e498b15dba75d6c43d74259dedef7d629670b416784030e579a9fd15391c6cdc9f8f21bbb9cff22aa5e70,JG341563,,7/15/2023 1:55,30,TRAFFIC SIGNAL,FUNCTIONING PROPERLY,RAIN,"DARKNESS, LIGHTED ROAD",TURNING,NOT DIVIDED,,STRAIGHT AND LEVEL,WET,NO DEFECTS,ON SCENE,INJURY AND / OR TOW DUE TO CRASH,,,Y,"OVER $1,500",7/15/2023 2:00,UNABLE TO DETERMINE,NOT APPLICABLE,3330,N,CUMBERLAND AVE,1631,,,,,,,2,"REPORTED, NOT EVIDENT",1,0,0,0,1,4,0,1,7,7,41.94006018,-87.83634386,POINT (-87.836343861849 41.940060179885)
b42ad9ee39bf58441ff51fec0f0b2dc58bc481f06ad24ab44f02e06e96cd2d012f1a6a3d28e38fb3fb1b3b0871450564c78dffdce68e34f2a22b80b7dea20b0a,JG343048,,7/15/2023 22:45,30,TRAFFIC SIGNAL,FUNCTIONING PROPERLY,CLEAR,DAYLIGHT,SIDESWIPE SAME DIRECTION,DIVIDED - W/MEDIAN BARRIER,,STRAIGHT AND LEVEL,DRY,NO DEFECTS,NOT ON SCENE (DESK REPORT),NO INJURY / DRIVE AWAY,,,Y,"OVER $1,500",7/16/2023 7:47,IMPROPER OVERTAKING/PASSING,NOT APPLICABLE,100,W,WACKER DR,122,,,,,,,2,NO INDICATION OF INJURY,0,0,0,0,0,2,0,22,7,7,41.88704177,-87.63107821,POINT (-87.631078212725 41.88704176906)
b46ad5c0e9798f3a2c06b5287cbaf5ca8c728288ec32bb4375e09575902f756142e8b61ebcf90222c64f4324160e84b47c4b3ce4b82a3d84682221463a3613cb,JG342205,,7/15/2023 12:30,30,TRAFFIC SIGNAL,UNKNOWN,CLEAR,DAYLIGHT,REAR END,FOUR WAY,,STRAIGHT AND LEVEL,UNKNOWN,UNKNOWN,NOT ON SCENE (DESK REPORT),NO INJURY / DRIVE AWAY,,,,"OVER $1,500",7/15/2023 13:30,FOLLOWING TOO CLOSELY,UNABLE TO DETERMINE,341,E,24TH PL,132,,,,,,,2,NO INDICATION OF INJURY,0,0,0,0,0,2,0,12,7,7,41.84837214,-87.61896949,POINT (-87.618969489077 41.848372135213)
b5873db504ea862937c6c0db7321c126cfab32787f472eeda1a94decccad8e9e820d5045cc4f5ca203b0335c8bdd79e61265550a1c64d1e71c5d64ba80b0339a,JG342487,,7/15/2023 18:20,25,NO CONTROLS,NO CONTROLS,CLEAR,DAYLIGHT,SIDESWIPE SAME DIRECTION,NOT DIVIDED,,STRAIGHT AND LEVEL,DRY,NO DEFECTS,NOT ON SCENE (DESK REPORT),NO INJURY / DRIVE AWAY,,,,"OVER $1,500",7/15/2023 18:30,FAILING TO YIELD RIGHT-OF-WAY,DRIVING SKILLS/KNOWLEDGE/EXPERIENCE,7509,N,ORIOLE AVE,1611,,,,,,,2,NO INDICATION OF INJURY,0,0,0,0,0,3,0,18,7,7,42.01724146,-87.81618939,POINT (-87.816189392032 42.01724146109)
b670a10e569bff2c7046e7c866bc71bc9fe1f6f69eb689eb234e6b3dac618a1283a1688f8f3ea6e5f8b5e409efe824202da7511ac72e9cecd34087262b7606ab,JC429363,,9/11/2019 16:35,30,NO CONTROLS,NO CONTROLS,CLEAR,DAYLIGHT,TURNING,NOT DIVIDED,,STRAIGHT AND LEVEL,DRY,NO DEFECTS,,NO INJURY / DRIVE AWAY,,,,"OVER $1,500",9/11/2019 18:30,UNABLE TO DETERMINE,NOT APPLICABLE,4401,W,GRAND AVE,2533,,,,,,,2,NO INDICATION OF INJURY,0,0,0,0,0,2,0,16,4,9,41.90998739,-87.73638639,POINT (-87.736386388779 41.90998739136)
b6c48c37cd8f03a61e88b6767663e0c33188915a6eb13c520c556f85b4f7015fbebbd7df9f57edabea243d662ab9ed2ed88f554825e26de1e95d53a0ec4caef0,JG341756,,7/15/2023 8:54,30,NO CONTROLS,NO CONTROLS,CLEAR,DAYLIGHT,PARKED MOTOR VEHICLE,NOT DIVIDED,,STRAIGHT AND LEVEL,WET,NO DEFECTS,ON SCENE,INJURY AND / OR TOW DUE TO CRASH,,,,"OVER $1,500",7/15/2023 8:55,UNABLE TO DETERMINE,UNABLE TO DETERMINE,5108,W,LE MOYNE ST,2533,,,,,,,2,NO INDICATION OF INJURY,0,0,0,0,0,1,0,8,7,7,41.90782049,-87.75388216,POINT (-87.753882163645 41.90782049235)
b74300693521eb677c0cdb280e01893bd8b96853a5dd66b5e29fe77583573bf253148f394013a1aaf5e7c5b3ec66b67f75f17ab5c0d7ae5c45dc536fa61b79e9,JG344942,Y,7/15/2023 11:30,35,NO CONTROLS,NO CONTROLS,CLEAR,DAYLIGHT,PARKED MOTOR VEHICLE,PARKING LOT,,STRAIGHT AND LEVEL,DRY,NO DEFECTS,NOT ON SCENE (DESK REPORT),NO INJURY / DRIVE AWAY,,Y,,"OVER $1,500",7/17/2023 17:13,IMPROPER TURNING/NO SIGNAL,DRIVING SKILLS/KNOWLEDGE/EXPERIENCE,1711,W,CERMAK RD,1034,,,,,,,2,NO INDICATION OF INJURY,0,0,0,0,0,1,0,11,7,7,41.85216786,-87.66897504,POINT (-87.668975040664 41.852167863628)