CRASH_RECORD_ID,RD_NO,CRASH_DATE_EST_I,CRASH_DATE,POSTED_SPEED_LIMIT,TRAFFIC_CONTROL_DEVICE,DEVICE_CONDITION,WEATHER_CONDITION,LIGHTING_CONDITION,FIRST_CRASH_TYPE,TRAFFICWAY_TYPE,LANE_CNT,ALIGNMENT,ROADWAY_SURFACE_COND,ROAD_DEFECT,REPORT_TYPE,CRASH_TYPE,INTERSECTION_RELATED_I,NOT_RIGHT_OF_WAY_I,HIT_AND_RUN_I,DAMAGE,DATE_POLICE_NOTIFIED,PRIM_CONTRIBUTORY_CAUSE,SEC_CONTRIBUTORY_CAUSE,STREET_NO,STREET_DIRECTION,STREET_NAME,BEAT_OF_OCCURRENCE,PHOTOS_TAKEN_I,STATEMENTS_TAKEN_I,DOORING_I,WORK_ZONE_I,WORK_ZONE_TYPE,WORKERS_PRESENT_I,NUM_UNITS,MOST_SEVERE_INJURY,INJURIES_TOTAL,INJURIES_FATAL,INJURIES_INCAPACITATING,INJURIES_NON_INCAPACITATING,INJURIES_REPORTED_NOT_EVIDENT,INJURIES_NO_INDICATION,INJURIES_UNKNOWN,CRASH_HOUR,CRASH_DAY_OF_WEEK,CRASH_MONTH,LATITUDE,LONGITUDE,LOCATION
b81fed1e3ef5615e7a251f5a31189bbf2fce35aa9aaaff694d2dcf1aebd614bf373b884496906610cc12356d917ffc71c859912d01db281afa8aa5c1d714a448,JG346019,,7/15/2023 0:01,30,NO CONTROLS,NO CONTROLS,CLEAR,"DARKNESS, LIGHTED ROAD",PARKED MOTOR VEHICLE,ONE-WAY,,STRAIGHT AND LEVEL,DRY,NO DEFECTS,NOT ON SCENE (DESK REPORT),NO INJURY / DRIVE AWAY,,,Y,"OVER $1,500",7/18/2023 12:30,NOT APPLICABLE,NOT APPLICABLE,1342,W,GRENSHAW ST,1231,,,,,,,2,NO INDICATION OF INJURY,0,0,0,0,0,1,0,0,7,7,41.8678878,-87.66087166,POINT (-87.660871660334 41.867887799608)
b92460e219c2c59b9829a0c254229c13dbe7ea2e0e6a8cc5f9c0ef216946c1111bf6934ddabc185e3bde41bc500697ffb4487740fc1ac4b64ffbf134fbc80745,JG342091,,7/15/2023 12:47,30,UNKNOWN,UNKNOWN,CLEAR,DAYLIGHT,SIDESWIPE OPPOSITE DIRECTION,NOT DIVIDED,,STRAIGHT AND LEVEL,DRY,UNKNOWN,ON SCENE,NO INJURY / DRIVE AWAY,,,,$500 OR LESS,7/15/2023 12:57,UNABLE TO DETERMINE,UNABLE TO DETERMINE,4032,W,69TH ST,833,,,,,,,2,NO INDICATION OF INJURY,0,0,0,0,0,3,0,12,7,7,41.76782805,-87.72376764,POINT (-87.723767637115 41.767828051016)
b93fa98affde60857ab14742e0210a2e1c121645521d55dfedf3226bbdcc8f7a44bf3a09ae8337ad8f49ccf788a1b759a60b9cc5ba51f122a81878c471d361e9,JG341906,,7/15/2023 9:30,35,UNKNOWN,NO CONTROLS,CLEAR,DAYLIGHT,SIDESWIPE SAME DIRECTION,NOT DIVIDED,,STRAIGHT AND LEVEL,DRY,NO DEFECTS,NOT ON SCENE (DESK REPORT),NO INJURY / DRIVE AWAY,,,,$500 OR LESS,7/15/2023 11:00,NOT APPLICABLE,NOT APPLICABLE,8101,S,STONY ISLAND AVE,411,,,,,,,2,NO INDICATION OF INJURY,0,0,0,0,0,2,0,9,7,7,41.74775885,-87.58530024,POINT (-87.585300235514 41.747758854371)
bb48222b70003e1f454d74b5bf382b3496ecac1e34bea8dc92f20d082066f7264870a2be5d19810ff25862355287455f6b24fbf7163452e2a59d3f5a47cc0eaa,JG342597,,7/15/2023 20:01,30,NO CONTROLS,NO CONTROLS,CLEAR,DUSK,TURNING,NOT DIVIDED,,STRAIGHT AND LEVEL,DRY,NO DEFECTS,ON SCENE,NO INJURY / DRIVE AWAY,,,Y,"OVER $1,500",7/15/2023 20:01,IMPROPER TURNING/NO SIGNAL,NOT APPLICABLE,714,W,KINZIE ST,1214,,,,,,,2,NO INDICATION OF INJURY,0,0,0,0,0,2,0,20,7,7,41.88917237,-87.64644581,POINT (-87.646445808659 41.889172366215)
bc79a2562545fc080edcd2e82e30a4fd1371a4de2ebf63205e4e9598e7021f49f41cd759b59faa7f1b9956cf208da26638c62540231d6c9aa71b2296c2f2c1bc,JG342612,,7/15/2023 18:30,30,NO CONTROLS,NO CONTROLS,CLEAR,DAYLIGHT,PARKED MOTOR VEHICLE,PARKING LOT,,STRAIGHT AND LEVEL,DRY,UNKNOWN,NOT ON SCENE (DESK REPORT),NO INJURY / DRIVE AWAY,,Y,,"OVER $1,500",7/15/2023 20:36,NOT APPLICABLE,IMPROPER TURNING/NO SIGNAL,645,S,CENTRAL AVE,1522,,,,,,,2,NO INDICATION OF INJURY,0,0,0,0,0,1,0,18,7,7,41.87208577,-87.76443035,POINT (-87.764430347356 41.872085769899)
bcb1b4ab235cd60320e6c386ed443385e2d8144cc439ebeaa86fa7b8ce7d754738961a62334b21b1b99c81a85eda85e2a4437fc85c0074248e3b9e032ba12c1b,JG344849,,7/15/2023 12:02,30,UNKNOWN,UNKNOWN,UNKNOWN,UNKNOWN,TURNING,NOT DIVIDED,,STRAIGHT AND LEVEL,UNKNOWN,UNKNOWN,NOT ON SCENE (DESK REPORT),NO INJURY / DRIVE AWAY,,,,"OVER $1,500",7/17/2023 15:50,UNABLE TO DETERMINE,UNABLE TO DETERMINE,225,W,OHIO ST,1831,,,,,,,2,NO INDICATION OF INJURY,0,0,0,0,0,2,0,12,7,7,41.89226469,-87.63517797,POINT (-87.635177970035 41.892264689265)
bd02fc7afa4c7902592c36400d4f521a0f495db925e7ee2e34702c5cc588cd10014983652c07ffc30b10519b4026fb70b5ecef852c91b6eac4674507b98f4d81,JG341855,,7/15/2023 9:50,30,TRAFFIC SIGNAL,FUNCTIONING PROPERLY,CLEAR,DAYLIGHT,REAR END,"FIVE POINT, OR MORE",,STRAIGHT AND LEVEL,DRY,NO DEFECTS,ON SCENE,NO INJURY / DRIVE AWAY,Y,,,$500 OR LESS,7/15/2023 9:57,FOLLOWING TOO CLOSELY,NOT APPLICABLE,1829,S,LOOMIS ST,1233,,,,,,,2,NO INDICATION OF INJURY,0,0,0,0,0,2,0,9,7,7,41.85700515,-87.6611479,POINT (-87.661147903943 41.857005149723)
bd198aef1921ede4a830d3ed5ce6919566bc6407389c052278ac8fa0615c8c55e25cd2a536274a79aab965132cce319b8ea301db26ded055cb99b8db86b25898,JG342776,Y,7/15/2023 23:00,30,STOP SIGN/FLASHER,NO CONTROLS,CLEAR,"DARKNESS, LIGHTED ROAD",PARKED MOTOR VEHICLE,NOT DIVIDED,,STRAIGHT AND LEVEL,DRY,NO DEFECTS,ON SCENE,INJURY AND / OR TOW DUE TO CRASH,,,,"OVER $1,500",7/16/2023 0:20,FAILING TO REDUCE SPEED TO AVOID CRASH,UNABLE TO DETERMINE,11354,S,CENTRAL PARK AVE,2211,,,,,,,2,INCAPACITATING INJURY,1,0,1,0,0,0,0,23,7,7,41.68618634,-87.71051558,POINT (-87.710515580506 41.686186334688)
bd6697d8c3856408efbaba4717cc6e4fec43992962468e40714b6d557f919aa51987f82542d181774183f62b0c1194876349bc93bb40a842fb5d26471c6a4e33,JG342739,Y,7/15/2023 21:40,30,STOP SIGN/FLASHER,OTHER,CLEAR,DUSK,ANGLE,NOT DIVIDED,,STRAIGHT AND LEVEL,DRY,NO DEFECTS,NOT ON SCENE (DESK REPORT),NO INJURY / DRIVE AWAY,Y,,,"OVER $1,500",7/15/2023 23:30,UNABLE TO DETERMINE,NOT APPLICABLE,1000,W,ALTGELD ST,1932,,,,,,,2,NO INDICATION OF INJURY,0,0,0,0,0,2,0,21,7,7,41.92730062,-87.6537946,POINT (-87.653794599218 41.927300615367)
be4c7ca3cc3465c194e1a8d181874e961e919fc9a4f19fab1ec356352e1f6c47dc8ac02907326b6b4c0cb3f56473a094fe5617cf8b783be9ac2a9e3b9e0c8d49,JC518677,,11/21/2019 8:15,30,NO CONTROLS,NO CONTROLS,RAIN,DAYLIGHT,ANGLE,NOT DIVIDED,,STRAIGHT AND LEVEL,WET,NO DEFECTS,,INJURY AND / OR TOW DUE TO CRASH,,,,"OVER $1,500",11/21/2019 8:23,IMPROPER LANE USAGE,WEATHER,1641,S,CALIFORNIA BLVD,1023,,,,,,,3,NO INDICATION OF INJURY,0,0,0,0,0,2,0,8,5,11,41.85799482,-87.69550802,POINT (-87.695508015959 41.857994815427)
bf5afc7cfa0ec10d292b5c8977d28d4df64a201e679325b43e051278d4738b4e3aa2ce154c9b7a99b2621c1a1b06e9e08ddabc70afb85278a6affc545528cc55,JG342385,,7/15/2023 17:00,30,TRAFFIC SIGNAL,FUNCTIONING PROPERLY,CLEAR,DAYLIGHT,SIDESWIPE SAME DIRECTION,ONE-WAY,,STRAIGHT AND LEVEL,UNKNOWN,UNKNOWN,NOT ON SCENE (DESK REPORT),NO INJURY / DRIVE AWAY,,,,"$501 - $1,500",7/15/2023 17:30,UNABLE TO DETERMINE,UNABLE TO DETERMINE,300,S,WABASH AVE,113,,,,,,,2,NO INDICATION OF INJURY,0,0,0,0,0,3,0,17,7,7,41.87818171,-87.62622894,POINT (-87.62622893831 41.878181705359)
bfbdf4b3c7dcf7134055c01474bb3ba1837de343ca142a7696ea01bfb8829063ef624d77f5f0759f625c5b6ae733db4e49ab899f9910af53da9fd65e5b2a9ca4,JG349422,,7/15/2023 14:00,30,UNKNOWN,UNKNOWN,UNKNOWN,DAYLIGHT,REAR END,NOT DIVIDED,,STRAIGHT AND LEVEL,UNKNOWN,UNKNOWN,NOT ON SCENE (DESK REPORT),NO INJURY / DRIVE AWAY,,,,"OVER $1,500",7/20/2023 19:45,UNABLE TO DETERMINE,NOT APPLICABLE,5836,N,PULASKI RD,1711,,,,,,,2,NO INDICATION OF INJURY,0,0,0,0,0,2,0,14,7,7,41.9872112,-87.72869581,POINT (-87.728695813612 41.98721119819)
bfc839bbe5a7e6e41a6c9a8bb7c780cff679b58d9127a1e0c905da247e5ec4f67f3d789afee4570e99871d26a8400662d5a9fa0376469156c4b965882dfce003,JG342674,,7/15/2023 20:50,30,NO CONTROLS,NO CONTROLS,CLEAR,"DARKNESS, LIGHTED ROAD",SIDESWIPE SAME DIRECTION,NOT DIVIDED,,STRAIGHT AND LEVEL,DRY,OTHER,NOT ON SCENE (DESK REPORT),NO INJURY / DRIVE AWAY,,,,"OVER $1,500",7/15/2023 22:30,IMPROPER LANE USAGE,NOT APPLICABLE,333,N,MICHIGAN AVE,114,,,,,,,2,NO INDICATION OF INJURY,0,0,0,0,0,2,0,20,7,7,41.88754294,-87.624407,POINT (-87.624407002456 41.887542941392)
bfd2c49b5e07ade1cbe51640d421f2f570697dc5c372bf4590d24d06ff10169bce015862e493934533fcd3883064525add7663317598053068ba3253c75aca64,JG342146,Y,7/15/2023 12:30,30,TRAFFIC SIGNAL,OTHER,CLEAR,DAYLIGHT,SIDESWIPE SAME DIRECTION,NOT DIVIDED,,STRAIGHT AND LEVEL,DRY,NO DEFECTS,NOT ON SCENE (DESK REPORT),NO INJURY / DRIVE AWAY,,,,"OVER $1,500",7/15/2023 13:49,FAILING TO YIELD RIGHT-OF-WAY,FAILING TO YIELD RIGHT-OF-WAY,1140,W,WILSON AVE,1913,,,,,,,2,NO INDICATION OF INJURY,0,0,0,0,0,3,0,12,7,7,41.96548895,-87.6591587,POINT (-87.659158698959 41.965488949536)
c01fd62e07489341c9f79d862c060ec0cb754537b0dd49c6f59100085719c33f2d0c741b3a1231707cee6d76c8897be5f391e421122dcb6377c005226aedf0ea,JG342096,,7/15/2023 12:45,30,NO CONTROLS,NO CONTROLS,CLEAR,DAYLIGHT,PARKED MOTOR VEHICLE,NOT DIVIDED,,STRAIGHT AND LEVEL,DRY,NO DEFECTS,ON SCENE,INJURY AND / OR TOW DUE TO CRASH,,,,"OVER $1,500",7/15/2023 12:45,UNABLE TO DETERMINE,UNABLE TO DETERMINE,1430,W,RASCHER AVE,2013,,,,,,,2,NO INDICATION OF INJURY,0,0,0,0,0,1,0,12,7,7,41.98090228,-87.66614512,POINT (-87.666145123892 41.980902284496)
c1ccf8741f755e48835590d4b890f9bcc8d9e9aea996bea0d538c4f2b8d53bdd7480628199486626c33bafe71840e771751c32f6587a337df43e3e007863473c,JG341944,,7/15/2023 10:30,15,NO CONTROLS,NO CONTROLS,CLEAR,DAYLIGHT,FIXED OBJECT,ALLEY,,STRAIGHT AND LEVEL,DRY,NO DEFECTS,ON SCENE,NO INJURY / DRIVE AWAY,,Y,,"OVER $1,500",7/15/2023 10:47,PHYSICAL CONDITION OF DRIVER,NOT APPLICABLE,1346,W,FLETCHER ST,1933,,,,,,,1,NO INDICATION OF INJURY,0,0,0,0,0,1,0,10,7,7,41.93897907,-87.66307627,POINT (-87.663076270289 41.938979066074)
c2174be7f4aa7e55118beceaa5f2484e323c261908b2ebe6e1c37cc97e6f6f1156f35685b558c51c6ed6cbce66d185fbf24fdfb862bf6bbfbc872f4d51195b94,JG342212,,7/15/2023 15:00,35,TRAFFIC SIGNAL,FUNCTIONING PROPERLY,CLEAR,DAYLIGHT,SIDESWIPE SAME DIRECTION,NOT DIVIDED,,STRAIGHT AND LEVEL,DRY,NO DEFECTS,ON SCENE,NO INJURY / DRIVE AWAY,Y,,Y,$500 OR LESS,7/15/2023 15:05,UNABLE TO DETERMINE,NOT APPLICABLE,9500,S,STONY ISLAND AVE,511,,,,,,,2,NO INDICATION OF INJURY,0,0,0,0,0,2,0,15,7,7,41.72225727,-87.58527557,POINT (-87.585275565077 41.722257273006)
c29eedfb65020c74c6855474ee6dad8fc77e4b2cbedbfa0ea07b0927c1abe00e31d87d3674fb733ee77d115959fcf393617553d648b4d330ed648f20ca618794,JG347143,,7/15/2023 18:30,20,NO CONTROLS,NO CONTROLS,UNKNOWN,UNKNOWN,PARKED MOTOR VEHICLE,NOT DIVIDED,,STRAIGHT AND LEVEL,UNKNOWN,UNKNOWN,NOT ON SCENE (DESK REPORT),NO INJURY / DRIVE AWAY,,,,"OVER $1,500",7/19/2023 8:50,FOLLOWING TOO CLOSELY,NOT APPLICABLE,938,W,WAVELAND AVE,1923,,,,,,,2,NO INDICATION OF INJURY,0,0,0,0,0,1,0,18,7,7,41.94916718,-87.65348779,POINT (-87.653487790712 41.949167184019)
c2a350478b29df544377ff220f7b8cca9ed3da5da4bb5cb7f1f0868aff4351a258c3b45c19d3804e5e7b71e1c6d3dc7ad8c368001c773bdf78f5989210ebe475,JG342072,Y,7/15/2023 11:30,30,NO CONTROLS,NO CONTROLS,UNKNOWN,UNKNOWN,PARKED MOTOR VEHICLE,ONE-WAY,,STRAIGHT AND LEVEL,UNKNOWN,NO DEFECTS,NOT ON SCENE (DESK REPORT),NO INJURY / DRIVE AWAY,,,Y,"OVER $1,500",7/15/2023 12:55,UNABLE TO DETERMINE,UNABLE TO DETERMINE,1645,W,80TH ST,611,,,,,,,2,NO INDICATION OF INJURY,0,0,0,0,0,1,0,11,7,7,41.74840137,-87.66510257,POINT (-87.665102566411 41.748401366735)
c4bdc83fb8b6bfe41fc042d58d2edbdf7a77c508ba21c11c98f6afd778e45a576d2532b2f8bb9ccc818e58bce3254ad5bfd97c8b6e4a95d8a06a492e81810cc9,JG342454,,7/15/2023 18:10,35,NO CONTROLS,NO CONTROLS,CLEAR,DAYLIGHT,REAR END,NOT DIVIDED,,STRAIGHT AND LEVEL,DRY,NO DEFECTS,NOT ON SCENE (DESK REPORT),NO INJURY / DRIVE AWAY,,,,"OVER $1,500",7/15/2023 18:20,FAILING TO REDUCE SPEED TO AVOID CRASH,NOT APPLICABLE,5918,S,PULASKI RD,813,,,,,,,2,NO INDICATION OF INJURY,0,0,0,0,0,2,0,18,7,7,41.78539888,-87.72309288,POINT (-87.723092884317 41.785398880841)
c709a4526b2f2aaa4186ec12bce15e0a9bd2866078938c762c17489c7860c98e3c481405e39207aab214ffdae64122a0448327e66186799823cac79aa37ecfce,JG342124,,7/15/2023 12:45,30,NO CONTROLS,NO CONTROLS,CLEAR,DAYLIGHT,REAR END,ONE-WAY,,STRAIGHT AND LEVEL,DRY,NO DEFECTS,NOT ON SCENE (DESK REPORT),NO INJURY / DRIVE AWAY,,,,"$501 - $1,500",7/15/2023 14:00,FOLLOWING TOO CLOSELY,UNABLE TO DETERMINE,732,W,GARFIELD BLVD,935,,,,,,,2,NO INDICATION OF INJURY,0,0,0,0,0,2,0,12,7,7,41.79443124,-87.64406117,POINT (-87.644061174125 41.794431243086)
c787278606d0373e83991addf3af56df80d9d76bfbc3744bea6c193c652604f70bb4cd36ed6793df46ae1d3d989efbc2534b5a72f625f65b8f62296f3ab60aa5,JG342388,,7/15/2023 17:00,30,TRAFFIC SIGNAL,FUNCTIONING PROPERLY,CLEAR,DAYLIGHT,REAR END,NOT DIVIDED,,STRAIGHT AND LEVEL,DRY,NO DEFECTS,NOT ON SCENE (DESK REPORT),NO INJURY / DRIVE AWAY,,,,"OVER $1,500",7/15/2023 17:20,FOLLOWING TOO CLOSELY,FOLLOWING TOO CLOSELY,5501,S,CALIFORNIA AVE,824,,,,,,,2,NO INDICATION OF INJURY,0,0,0,0,0,2,0,17,7,7,41.7936021,-87.69364875,POINT (-87.693648748174 41.79360209853)
c79335a873f1c0da045750db8e8bc2ae7dd150eac58432fdd50524015400e17a38253d60ab632805df48a5e181a4a0f08783815b092e6aa0ee65fae2607d02bf,JG341517,,7/15/2023 0:39,30,FLASHING CONTROL SIGNAL,FUNCTIONING PROPERLY,CLEAR,DAWN,REAR END,FOUR WAY,,STRAIGHT AND LEVEL,UNKNOWN,NO DEFECTS,ON SCENE,INJURY AND / OR TOW DUE TO CRASH,,,,"$501 - $1,500",7/15/2023 0:40,FAILING TO REDUCE SPEED TO AVOID CRASH,NOT APPLICABLE,802,N,HOMAN AVE,1121,,,,,,,2,"REPORTED, NOT EVIDENT",2,0,0,0,2,1,0,0,7,7,41.89560928,-87.71158593,POINT (-87.711585928028 41.895609278809)
c7d8b306669f3ac91780cace4baa5f87fdb118bf3c69f9c0d623a9ee8e1bf3383460c875990c59b9632120c09f8cb4afb94e22a269466e13c874250cce0f15cd,JG342251,,7/15/2023 14:52,30,NO CONTROLS,NO CONTROLS,RAIN,DAYLIGHT,TURNING,DIVIDED - W/MEDIAN (NOT RAISED),,STRAIGHT AND LEVEL,WET,UNKNOWN,ON SCENE,NO INJURY / DRIVE AWAY,,,,"OVER $1,500",7/15/2023 15:01,FAILING TO YIELD RIGHT-OF-WAY,NOT APPLICABLE,5064,S,ARCHER AVE,815,,,,,,,2,NO INDICATION OF INJURY,0,0,0,0,0,2,0,14,7,7,41.80123089,-87.72715223,POINT (-87.727152231266 41.801230892351)
c84cd97d157034cc69108b96559fc6d17e7da9fe35554ae9776675a2e284411c89c8b167f69b10fa668d411a7eb1134426d5a79f12a6ada5ad3b975a494c9e0f,JG342517,,7/15/2023 18:30,30,TRAFFIC SIGNAL,UNKNOWN,CLEAR,DAYLIGHT,SIDESWIPE SAME DIRECTION,NOT DIVIDED,,STRAIGHT AND LEVEL,UNKNOWN,UNKNOWN,NOT ON SCENE (DESK REPORT),NO INJURY / DRIVE AWAY,Y,,,"$501 - $1,500",7/15/2023 18:51,IMPROPER OVERTAKING/PASSING,UNABLE TO DETERMINE,440,W,FULLERTON PKWY,1935,,,,,,,2,NO INDICATION OF INJURY,0,0,0,0,0,7,0,18,7,7,41.92568935,-87.64081666,POINT (-87.640816659255 41.925689354349)
c8a4bab951b89b68177f08aaef48e6c14e43ff11ade0ca967bba00c62f9db7d4fc55863066f39b4eaa2a29cf05d82977e2648d1c0eb014339bc2b1e396053713,JG342499,,7/15/2023 13:24,30,NO CONTROLS,NO CONTROLS,CLOUDY/OVERCAST,DAYLIGHT,PARKED MOTOR VEHICLE,ONE-WAY,,STRAIGHT AND LEVEL,WET,NO DEFECTS,NOT ON SCENE (DESK REPORT),NO INJURY / DRIVE AWAY,,,Y,"$501 - $1,500",7/15/2023 18:30,"OPERATING VEHICLE IN ERRATIC, RECKLESS, CARELESS, NEGLIGENT OR AGGRESSIVE MANNER",NOT APPLICABLE,9304,S,PARNELL AVE,2223,,,,,,,2,NO INDICATION OF INJURY,0,0,0,0,0,1,0,13,7,7,41.72498988,-87.63739569,POINT (-87.637395690771 41.72498987988)
c8dba8ba961050afe657ac62890b00dec57f4e0916dfdd6f1b6bffd51ef79119b621b19e6300306b6a081d7f75435694ce068630804e558c386870a91a7606e1,JG342719,,7/15/2023 22:45,30,NO CONTROLS,NO CONTROLS,CLEAR,"DARKNESS, LIGHTED ROAD",REAR END,NOT DIVIDED,,STRAIGHT AND LEVEL,DRY,NO DEFECTS,ON SCENE,NO INJURY / DRIVE AWAY,,,,"OVER $1,500",7/15/2023 22:55,DISTRACTION - FROM OUTSIDE VEHICLE,FAILING TO REDUCE SPEED TO AVOID CRASH,655,W,WEBSTER AVE,1812,,,,,,,2,NO INDICATION OF INJURY,0,0,0,0,0,3,0,22,7,7,41.92174661,-87.64593898,POINT (-87.645938979558 41.921746609486)
c91c8174e05e2eb1856ff6cfd59a331b86aa29168d65a6518e1b5a9ca729471e7768d26c97e58a2873e8a96a84f9f158e9b95112836a608c39f1699ee810d037,JG344825,,7/15/2023 11:30,30,NO CONTROLS,NO CONTROLS,CLEAR,DAYLIGHT,PARKED MOTOR VEHICLE,NOT DIVIDED,,STRAIGHT AND LEVEL,DRY,NO DEFECTS,NOT ON SCENE (DESK REPORT),NO INJURY / DRIVE AWAY,,,,"OVER $1,500",7/17/2023 15:40,UNABLE TO DETERMINE,UNABLE TO DETERMINE,7544,S,CONSTANCE AVE,414,,,,,,,2,NO INDICATION OF INJURY,0,0,0,0,0,1,0,11,7,7,41.75750152,-87.57992941,POINT (-87.579929411079 41.757501522377)
c942c27ac6990dce8eb60f6f94b13a2e74b83f5546998535821e1f8f19a9c4d1016b568b21da46c1d541b418f278b2672e1e825ada117097fc21fb7926fb22ec,JG342489,Y,7/15/2023 17:56,30,TRAFFIC SIGNAL,FUNCTIONING PROPERLY,CLEAR,DAYLIGHT,REAR END,FOUR WAY,,STRAIGHT AND LEVEL,DRY,UNKNOWN,ON SCENE,NO INJURY / DRIVE AWAY,Y,,,"OVER $1,500",7/15/2023 17:58,FAILING TO YIELD RIGHT-OF-WAY,FOLLOWING TOO CLOSELY,4749,W,DICKENS AVE,2522,,,,,,,2,NO INDICATION OF INJURY,0,0,0,0,0,2,0,17,7,7,41.91865421,-87.74566771,POINT (-87.745667711996 41.918654212798)
c9a4668387422d5c26cbb95bc759eac052d7e751602103de29ce04364706fcfbf745de7fe2decebd848dce3c239f957132c78c312a1fe44c1d0d669f72f41201,JG341717,,7/15/2023 7:30,25,NO CONTROLS,NO CONTROLS,RAIN,DAWN,SIDESWIPE SAME DIRECTION,DIVIDED - W/MEDIAN BARRIER,,STRAIGHT AND LEVEL,WET,NO DEFECTS,NOT ON SCENE (DESK REPORT),NO INJURY / DRIVE AWAY,,,,"OVER $1,500",7/15/2023 7:50,IMPROPER LANE USAGE,WEATHER,850,N,LAKE SHORE DR SB,1833,,,,,,,2,NO INDICATION OF INJURY,0,0,0,0,0,2,0,7,7,7,41.89810418,-87.61789354,POINT (-87.617893535871 41.89810417586)
c9f6d33a08e880ab21517d6431a54b0a85778ace0fd90791ab30b46fc353296e424d9fed49ebfe64a5d9fefab7ea1282f80869e8b81f2a5c317140b762287bbd,JG341612,,7/15/2023 4:18,30,NO CONTROLS,NO CONTROLS,RAIN,"DARKNESS, LIGHTED ROAD",PARKED MOTOR VEHICLE,NOT DIVIDED,,STRAIGHT ON HILLCREST,WET,NO DEFECTS,ON SCENE,INJURY AND / OR TOW DUE TO CRASH,Y,,,"OVER $1,500",7/15/2023 4:18,IMPROPER BACKING,DRIVING SKILLS/KNOWLEDGE/EXPERIENCE,5617,W,63RD ST,812,,,,,,,2,NO INDICATION OF INJURY,0,0,0,0,0,1,0,4,7,7,41.77793026,-87.76236379,POINT (-87.762363787218 41.777930258837)
cadd42cf6510a038f1d2bd31e9b95846b543339f3b590ba84a06cfb68c5f2c2e5da866705a5ae7f2ebb8894ccc87ff8a56a6ebe784c9fceeedaffbdb9b9480b8,JG343860,Y,7/15/2023 21:00,30,NO CONTROLS,NO CONTROLS,CLEAR,UNKNOWN,PARKED MOTOR VEHICLE,NOT DIVIDED,,STRAIGHT AND LEVEL,DRY,NO DEFECTS,NOT ON SCENE (DESK REPORT),NO INJURY / DRIVE AWAY,,,Y,"OVER $1,500",7/16/2023 21:15,UNABLE TO DETERMINE,UNABLE TO DETERMINE,6211,S,JUSTINE ST,713,,,,,,,2,NO INDICATION OF INJURY,0,0,0,0,0,1,0,21,7,7,41.78093874,-87.66289386,POINT (-87.66289386053 41.780938734794)
cb04ff013eea6e207127ee66981f3c00684234c3b3c50922100f48c0192fb6103fbbb55af8525f6ab46a33b280e718cf7df9f1e42ac7c8caca48a69459a6dee1,JG349997,,7/15/2023 21:30,45,NO CONTROLS,NO CONTROLS,CLEAR,"DARKNESS, LIGHTED ROAD",REAR END,DIVIDED - W/MEDIAN BARRIER,,STRAIGHT AND LEVEL,UNKNOWN,UNKNOWN,NOT ON SCENE (DESK REPORT),NO INJURY / DRIVE AWAY,,,,"OVER $1,500",7/21/2023 10:00,FOLLOWING TOO CLOSELY,NOT APPLICABLE,1800,S,LAKE SHORE DR SB,132,,,,,,,2,NO INDICATION OF INJURY,0,0,0,0,0,2,0,21,7,7,41.85784909,-87.61684088,POINT (-87.616840879395 41.857849087118)
cb740f23d793a298edb26b0974fe68fed2f3ec5de5fc402ee19f3f8654fd24812cf75c7580c5de590a07b9f70600b168c1fb0b61acfb4ca9a6a4403fd5d64ada,JG342221,,7/15/2023 11:43,30,TRAFFIC SIGNAL,FUNCTIONING PROPERLY,CLEAR,DAYLIGHT,TURNING,NOT DIVIDED,,STRAIGHT AND LEVEL,DRY,NO DEFECTS,NOT ON SCENE (DESK REPORT),NO INJURY / DRIVE AWAY,Y,,N,"OVER $1,500",7/15/2023 15:00,UNABLE TO DETERMINE,UNABLE TO DETERMINE,5800,W,WASHINGTON BLVD,1512,,,,,,,2,NO INDICATION OF INJURY,0,0,0,0,0,3,0,11,7,7,41.88228252,-87.76992833,POINT (-87.769928328523 41.882282520338)
cbeb07f20117926cf1fc6318dae90f0f713a7069ab2bfb8004644603735934b2cc99579750639714a6b43688c7a5e00a7086fb69f67360c1058d36480b642084,JG347628,,7/15/2023 9:33,30,TRAFFIC SIGNAL,FUNCTIONING PROPERLY,UNKNOWN,UNKNOWN,REAR END,DIVIDED - W/MEDIAN (NOT RAISED),,STRAIGHT AND LEVEL,UNKNOWN,UNKNOWN,NOT ON SCENE (DESK REPORT),NO INJURY / DRIVE AWAY,,,,"$501 - $1,500",7/19/2023 15:15,FAILING TO REDUCE SPEED TO AVOID CRASH,FAILING TO REDUCE SPEED TO AVOID CRASH,2800,W,DIVERSEY AVE,1411,,,,,,,2,NO INDICATION OF INJURY,0,0,0,0,0,2,0,9,7,7,41.9322054,-87.69767924,POINT (-87.697679243869 41.932205395065)