CRASH_RECORD_ID,RD_NO,CRASH_DATE_EST_I,CRASH_DATE,POSTED_SPEED_LIMIT,TRAFFIC_CONTROL_DEVICE,DEVICE_CONDITION,WEATHER_CONDITION,LIGHTING_CONDITION,FIRST_CRASH_TYPE,TRAFFICWAY_TYPE,LANE_CNT,ALIGNMENT,ROADWAY_SURFACE_COND,ROAD_DEFECT,REPORT_TYPE,CRASH_TYPE,INTERSECTION_RELATED_I,NOT_RIGHT_OF_WAY_I,HIT_AND_RUN_I,DAMAGE,DATE_POLICE_NOTIFIED,PRIM_CONTRIBUTORY_CAUSE,SEC_CONTRIBUTORY_CAUSE,STREET_NO,STREET_DIRECTION,STREET_NAME,BEAT_OF_OCCURRENCE,PHOTOS_TAKEN_I,STATEMENTS_TAKEN_I,DOORING_I,WORK_ZONE_I,WORK_ZONE_TYPE,WORKERS_PRESENT_I,NUM_UNITS,MOST_SEVERE_INJURY,INJURIES_TOTAL,INJURIES_FATAL,INJURIES_INCAPACITATING,INJURIES_NON_INCAPACITATING,INJURIES_REPORTED_NOT_EVIDENT,INJURIES_NO_INDICATION,INJURIES_UNKNOWN,CRASH_HOUR,CRASH_DAY_OF_WEEK,CRASH_MONTH,LATITUDE,LONGITUDE,LOCATION
cedbf5b84f00c12f26e7431e71884deb726ef7dda21345b948385162851fda4baffbd60e29cfdaee7c806515c1260578017b0422f83f1db590b375034f00a33e,JG341800,,7/15/2023 9:00,20,STOP SIGN/FLASHER,FUNCTIONING PROPERLY,CLEAR,DAYLIGHT,REAR END,T-INTERSECTION,,STRAIGHT AND LEVEL,DRY,NO DEFECTS,NOT ON SCENE (DESK REPORT),NO INJURY / DRIVE AWAY,,,Y,"OVER $1,500",7/15/2023 9:55,UNABLE TO DETERMINE,UNABLE TO DETERMINE,1700,N,LARAMIE AVE,2532,,,,,,,2,NO INDICATION OF INJURY,0,0,0,0,0,2,0,9,7,7,41.91137922,-87.75587684,POINT (-87.755876834695 41.911379223701)
cf0b63904ab9c5a2e2dc8229c062d0cc4540deb972f0d411e4aa34afb9f90e2923203ce6a1e5e6ef919a58258ca0bc9e283a5c01bc938ac538edb6307dd4ea78,JG342479,,7/15/2023 18:00,30,STOP SIGN/FLASHER,OTHER,CLEAR,DAYLIGHT,SIDESWIPE OPPOSITE DIRECTION,ONE-WAY,,STRAIGHT AND LEVEL,DRY,NO DEFECTS,ON SCENE,NO INJURY / DRIVE AWAY,,,,"$501 - $1,500",7/15/2023 18:13,IMPROPER BACKING,NOT APPLICABLE,2601,S,KARLOV AVE,1031,,,,,,,2,NO INDICATION OF INJURY,0,0,0,0,0,3,0,18,7,7,41.84413143,-87.72683086,POINT (-87.726830858956 41.844131429786)
1bb1f98953054626c2a228c61f8ff3ad397c5528fed8702e2fea71eaa8a09e658667133bb7d33b23938c85c11086b877b79815af9693b3b9e44bd5c6caaf8637,JF331914,,7/26/2022 9:18,25,NO CONTROLS,NO CONTROLS,CLEAR,DAYLIGHT,REAR TO FRONT,NOT DIVIDED,,STRAIGHT AND LEVEL,DRY,NO DEFECTS,ON SCENE,NO INJURY / DRIVE AWAY,,,,"OVER $1,500",7/26/2022 9:18,IMPROPER BACKING,NOT APPLICABLE,1024,W,FRY ST,1213,,,,,,,2,NO INDICATION OF INJURY,0,0,0,0,0,2,0,9,3,7,41.8974869,-87.65293246,POINT (-87.652932457399 41.897486901027)
d26df1d706b4c63a8cd46a502f18372a3badfa8e20fce59c466b8222444caa9c54d7770dfd3a3fc7a136931d0cb437812b195626d426f4391d36d66fe85d1fdf,JG341713,,7/15/2023 7:38,45,NO CONTROLS,NO CONTROLS,CLEAR,DAYLIGHT,OTHER OBJECT,OTHER,,STRAIGHT AND LEVEL,WET,NO DEFECTS,ON SCENE,INJURY AND / OR TOW DUE TO CRASH,,,,"OVER $1,500",7/15/2023 7:45,UNABLE TO DETERMINE,UNABLE TO DETERMINE,5500,S,LAKE SHORE DR NB,235,,,,,,,1,NO INDICATION OF INJURY,0,0,0,0,0,1,0,7,7,7,41.79518856,-87.579373,POINT (-87.579373001156 41.795188562546)
d3e057bcf881123a92702ff2a501a654069f0d6db70353eb7fb56e8b3df586dc70e34b88ed0d301462292baeeeab4b285628072c376c2073cca1d682afc450c2,JG341848,,7/15/2023 10:05,30,STOP SIGN/FLASHER,FUNCTIONING PROPERLY,CLEAR,DAYLIGHT,PARKED MOTOR VEHICLE,ONE-WAY,,STRAIGHT AND LEVEL,DRY,UNKNOWN,ON SCENE,NO INJURY / DRIVE AWAY,,,,"OVER $1,500",7/15/2023 10:10,NOT APPLICABLE,NOT APPLICABLE,2851,N,ORCHARD ST,1934,,,,,,,2,NO INDICATION OF INJURY,0,0,0,0,0,3,0,10,7,7,41.93422525,-87.6465659,POINT (-87.646565902891 41.934225250045)
d44b8951aebb1232b11f57aed8977cd65a5db6fcc472a3e2aefb97aa579fe75f1545d8795033a982c0213d78e6234acde2aa59fedc994d1d438237bc7bd5a5ae,JG342555,,7/15/2023 18:19,30,TRAFFIC SIGNAL,FUNCTIONING IMPROPERLY,CLEAR,DAYLIGHT,SIDESWIPE SAME DIRECTION,FOUR WAY,,STRAIGHT AND LEVEL,DRY,NO DEFECTS,NOT ON SCENE (DESK REPORT),NO INJURY / DRIVE AWAY,Y,,Y,"$501 - $1,500",7/15/2023 19:40,IMPROPER OVERTAKING/PASSING,IMPROPER OVERTAKING/PASSING,163,E,GRAND AVE,1834,,,,,,,2,NO INDICATION OF INJURY,0,0,0,0,0,2,0,18,7,7,41.89164836,-87.62284003,POINT (-87.622840026758 41.891648363892)
d47f546efcc2ed651e033eea85008decc8393743e2ffedbe77c746a56375d42e8a2e48d44d1d720b9d69e0749517d55f10fd4f39596629e27367f7923eaf6283,JG342627,,7/15/2023 19:47,30,TRAFFIC SIGNAL,FUNCTIONING PROPERLY,CLEAR,DAYLIGHT,TURNING,NOT DIVIDED,,STRAIGHT AND LEVEL,DRY,NO DEFECTS,ON SCENE,INJURY AND / OR TOW DUE TO CRASH,,,N,"OVER $1,500",7/15/2023 19:47,FAILING TO YIELD RIGHT-OF-WAY,DRIVING SKILLS/KNOWLEDGE/EXPERIENCE,5200,W,GRAND AVE,2515,,,,,,,2,"REPORTED, NOT EVIDENT",1,0,0,0,1,2,0,19,7,7,41.91705242,-87.75596219,POINT (-87.755962192591 41.91705242361)
d4ba72810b165655797cabe36b16e7e34f59d4b2b2eeb4e37454c126d0d2f3362fbda208bc52cc340921f645c42aa9e23c387d59483bfbaa3732eb81e25c868d,JG342477,,7/15/2023 18:19,30,UNKNOWN,UNKNOWN,CLEAR,DAYLIGHT,SIDESWIPE SAME DIRECTION,NOT DIVIDED,,STRAIGHT AND LEVEL,DRY,NO DEFECTS,ON SCENE,NO INJURY / DRIVE AWAY,,,,"OVER $1,500",7/15/2023 18:25,UNABLE TO DETERMINE,UNABLE TO DETERMINE,525,N,MICHIGAN AVE,1834,,,,,,,2,NO INDICATION OF INJURY,0,0,0,0,0,2,0,18,7,7,41.89169335,-87.62401344,POINT (-87.624013439392 41.891693353126)
d52c5a214848ce48ae3dbf428519c6109060f7b39275d5a7789e7497a3347deef092dda43b1f2a21f5982e49df1bb23561da315eb18f888d761ab2cba037b4d6,JG342531,,7/15/2023 19:03,30,TRAFFIC SIGNAL,FUNCTIONING PROPERLY,CLEAR,DAYLIGHT,PEDALCYCLIST,DIVIDED - W/MEDIAN (NOT RAISED),,STRAIGHT AND LEVEL,DRY,NO DEFECTS,ON SCENE,INJURY AND / OR TOW DUE TO CRASH,Y,,,"OVER $1,500",7/15/2023 19:04,DISREGARDING TRAFFIC SIGNALS,NOT APPLICABLE,4631,W,63RD ST,813,,,,,,,2,INCAPACITATING INJURY,1,0,1,0,0,1,0,19,7,7,41.77836205,-87.73855297,POINT (-87.738552972365 41.778362045552)
d5fb26b83ca069ceecea8b7a83423cac9929b9e789109bf274ef70f2d567d6d42cdc6ef6105967c4a3586989d2d2417613836e218269ce3fc0630842a97a2c73,JG342031,,7/15/2023 12:02,30,FLASHING CONTROL SIGNAL,FUNCTIONING PROPERLY,CLEAR,DAYLIGHT,TURNING,FOUR WAY,,STRAIGHT AND LEVEL,DRY,UNKNOWN,ON SCENE,INJURY AND / OR TOW DUE TO CRASH,,,,"OVER $1,500",7/15/2023 12:15,IMPROPER TURNING/NO SIGNAL,FAILING TO YIELD RIGHT-OF-WAY,3222,W,ADDISON ST,1733,,,,,,,2,NO INDICATION OF INJURY,0,0,0,0,0,3,0,12,7,7,41.94673324,-87.70879357,POINT (-87.708793567892 41.946733240155)
d84f850b1e1f16ccbff577e412c1903dcf8b229b5f99e846c8ac9b3f3b295837845a1164beb5baea880beb081cdafe723aee0da92d758730977d327786f8810c,JG341977,,7/15/2023 11:15,30,OTHER REG. SIGN,NO CONTROLS,CLEAR,DAYLIGHT,REAR END,DIVIDED - W/MEDIAN (NOT RAISED),,STRAIGHT AND LEVEL,DRY,NO DEFECTS,ON SCENE,NO INJURY / DRIVE AWAY,,,,$500 OR LESS,7/15/2023 11:49,FOLLOWING TOO CLOSELY,NOT APPLICABLE,16,N,CICERO AVE,1533,,,,,,,2,NO INDICATION OF INJURY,0,0,0,0,0,2,0,11,7,7,41.88102246,-87.74544395,POINT (-87.745443951142 41.881022463499)
d860f4fbb60d2ebf4cfb32a95a2c46f0c0f47a2e3954c9e61a34a1f0de51e9b8b6edbe02e1da9009fd8a907fbace47566e9a00d47743ac1cb3c4dabbdf81d022,JG342018,,7/15/2023 12:14,30,TRAFFIC SIGNAL,FUNCTIONING PROPERLY,CLEAR,DAYLIGHT,REAR END,FOUR WAY,,STRAIGHT AND LEVEL,DRY,NO DEFECTS,ON SCENE,INJURY AND / OR TOW DUE TO CRASH,Y,,,"OVER $1,500",7/15/2023 12:14,DISTRACTION - FROM INSIDE VEHICLE,DRIVING SKILLS/KNOWLEDGE/EXPERIENCE,5499,S,HARLEM AVE,811,,,,,,,2,NONINCAPACITATING INJURY,2,0,0,2,0,0,0,12,7,7,41.79201847,-87.80138434,POINT (-87.801384335259 41.792018472563)
dac8731a9b8ebca7b9a370c6a481963f71e690fad25e845ba7b85131c87a49f83d98aafe9c77d70791d9ae71a0901646dc7cc00ae25a05e337e3b7f60d33feed,JG342112,,7/15/2023 13:00,30,NO CONTROLS,NO CONTROLS,CLEAR,DAYLIGHT,SIDESWIPE SAME DIRECTION,ONE-WAY,,STRAIGHT AND LEVEL,DRY,NO DEFECTS,NOT ON SCENE (DESK REPORT),NO INJURY / DRIVE AWAY,,,Y,"OVER $1,500",7/15/2023 13:30,IMPROPER LANE USAGE,IMPROPER LANE USAGE,6209,S,FRANCISCO AVE,823,,,,,,,2,NO INDICATION OF INJURY,0,0,0,0,0,2,0,13,7,7,41.78058746,-87.69572376,POINT (-87.695723758904 41.780587459837)
daf22494567f12ddbcc70fb9542f6a96d753d0941136afdcfd9aa503d34f4bb5e1b0ffda72503c62e9fd99a1fc73208b7acb1d9d500d743ab16e35ab178bf789,JG342363,,7/15/2023 16:40,15,NO CONTROLS,NO CONTROLS,CLEAR,DAYLIGHT,REAR TO FRONT,PARKING LOT,,STRAIGHT AND LEVEL,DRY,NO DEFECTS,NOT ON SCENE (DESK REPORT),NO INJURY / DRIVE AWAY,,,,"OVER $1,500",7/15/2023 17:00,IMPROPER BACKING,NOT APPLICABLE,2600,N,CLYBOURN AVE,1931,,,,,,,2,NO INDICATION OF INJURY,0,0,0,0,0,2,0,16,7,7,41.928695,-87.67419508,POINT (-87.6741950831 41.92869500119)
dbb66ca7cb172ad7b3a863f3e1ea82dbf1b877e97005dead552e99f5c5d9f7e718f68e002b1a1fbb9ef481728dd7de3925d6b639ebe82a97d557e6808481de6d,JG341752,,7/15/2023 0:30,35,UNKNOWN,UNKNOWN,CLEAR,DUSK,SIDESWIPE SAME DIRECTION,NOT DIVIDED,,STRAIGHT AND LEVEL,DRY,NO DEFECTS,NOT ON SCENE (DESK REPORT),NO INJURY / DRIVE AWAY,,,,$500 OR LESS,7/15/2023 9:00,NOT APPLICABLE,NOT APPLICABLE,300,N,COLUMBUS DR,114,,,,,,,2,NO INDICATION OF INJURY,0,0,0,0,0,2,0,0,7,7,41.8869732,-87.62084833,POINT (-87.620848332588 41.886973200874)
dc07f758c603e7d39463fe3ccaff6c0aed4df0ffa30fca306ebead7b8c3b2ebba111fe1e06a93472987bd147b931ed31098c7f92f54767b7afbb221f9fb0815d,JG342529,,7/15/2023 18:10,30,TRAFFIC SIGNAL,FUNCTIONING PROPERLY,CLEAR,DAYLIGHT,SIDESWIPE OPPOSITE DIRECTION,NOT DIVIDED,,STRAIGHT AND LEVEL,DRY,NO DEFECTS,ON SCENE,INJURY AND / OR TOW DUE TO CRASH,Y,,,"$501 - $1,500",7/15/2023 19:06,UNABLE TO DETERMINE,NOT APPLICABLE,7000,W,DIVERSEY AVE,2511,,,,,,,2,NO INDICATION OF INJURY,0,0,0,0,0,3,0,18,7,7,41.93092736,-87.80107212,POINT (-87.80107211457 41.930927357921)
ddaa674600ab725543c41680826c252034238d957ae7e14f8862fddbcc97e442e1046552c6965ec808aa327df6d744a7248586f6559d3467d5db8e7cd0e7375e,JG343317,,7/15/2023 20:30,30,NO CONTROLS,NO CONTROLS,CLEAR,UNKNOWN,SIDESWIPE SAME DIRECTION,NOT DIVIDED,,STRAIGHT AND LEVEL,DRY,NO DEFECTS,NOT ON SCENE (DESK REPORT),NO INJURY / DRIVE AWAY,,,Y,"OVER $1,500",7/16/2023 13:00,IMPROPER OVERTAKING/PASSING,NOT APPLICABLE,5625,W,NORTH AVE,2531,,,,,,,2,NO INDICATION OF INJURY,0,0,0,0,0,2,0,20,7,7,41.90924902,-87.76709896,POINT (-87.767098957515 41.909249019852)
ddb545d056ab3e51646a62e84b00d67877d495362b7862d1f9cf1362c5d81b3ddf7391060bcf3b8217c80d83b9e3f4ff31837e2b7adb61c611e0d091accb510b,JG342584,,7/15/2023 19:00,15,NO CONTROLS,NO CONTROLS,CLEAR,DAYLIGHT,FIXED OBJECT,PARKING LOT,,STRAIGHT AND LEVEL,DRY,NO DEFECTS,ON SCENE,INJURY AND / OR TOW DUE TO CRASH,,Y,,"OVER $1,500",7/15/2023 20:00,NOT APPLICABLE,NOT APPLICABLE,7140,N,HARLEM AVE,1611,,,,,,,1,NO INDICATION OF INJURY,0,0,0,0,0,1,0,19,7,7,42.01110982,-87.80678967,POINT (-87.806789672685 42.011109822202)
deb5611a40fa2370e24df153c5dbc73111050e241f08b150c94771e04989435267a4e51308444c192d851c7c6e254748dbefce62dfe4ce7e0933cf3099865da2,JG342981,,7/15/2023 23:05,30,UNKNOWN,NO CONTROLS,CLEAR,"DARKNESS, LIGHTED ROAD",PEDESTRIAN,OTHER,,STRAIGHT AND LEVEL,DRY,NO DEFECTS,ON SCENE,INJURY AND / OR TOW DUE TO CRASH,,,Y,"OVER $1,500",7/15/2023 23:11,UNABLE TO DETERMINE,NOT APPLICABLE,8048,S,EBERHART AVE,631,,,,,,,2,INCAPACITATING INJURY,2,0,2,0,0,0,0,23,7,7,41.74787485,-87.61255827,POINT (-87.612558266935 41.747874851205)
df3cf5833635f5dac1eb49d2ea5f4293917c882b47d1d0101e268f19d2f67cc708b8383d2f00a1b60a3d54cf41a9db0129a18bb09de86ef8375c295cd7e0b7c4,JG341784,,7/15/2023 8:06,30,NO CONTROLS,NO CONTROLS,RAIN,DAYLIGHT,REAR END,NOT DIVIDED,,"CURVE, LEVEL",WET,NO DEFECTS,NOT ON SCENE (DESK REPORT),NO INJURY / DRIVE AWAY,,,Y,"OVER $1,500",7/15/2023 8:54,FAILING TO REDUCE SPEED TO AVOID CRASH,NOT APPLICABLE,1000,N,LAKE SHORE DR NB,1824,,,,,,,5,NO INDICATION OF INJURY,0,0,0,0,0,7,0,8,7,7,41.90095892,-87.61992817,POINT (-87.619928173678 41.900958919109)
dfbe222a80ae1d94e940caf905833f3ed7da779f5ee5757686093ec65c7cf52370810f7cb0c75cd13e0398335d776dfe5314b08ed031b05ffc86b1e4135c5a07,JG342055,,7/15/2023 12:00,30,NO CONTROLS,NO CONTROLS,CLEAR,DAYLIGHT,PARKED MOTOR VEHICLE,NOT DIVIDED,,STRAIGHT AND LEVEL,DRY,NO DEFECTS,ON SCENE,INJURY AND / OR TOW DUE TO CRASH,,,Y,"OVER $1,500",7/15/2023 12:34,UNABLE TO DETERMINE,UNABLE TO DETERMINE,2147,S,ROCKWELL ST,1023,,,,,,,2,NO INDICATION OF INJURY,0,0,0,0,0,1,0,12,7,7,41.85242687,-87.69041002,POINT (-87.690410017175 41.85242686804)
dff833c9a6bca75744f8a16700bf866a59932cf58762e7c9a30a76cd7cf189221226511e54dfdd5c5c6635ad69b9e25c5a5fb247d1f5d4ab390a0cbae6b99d1c,JG342179,,7/15/2023 13:50,30,TRAFFIC SIGNAL,FUNCTIONING PROPERLY,CLEAR,DAYLIGHT,PEDESTRIAN,DIVIDED - W/MEDIAN BARRIER,,STRAIGHT AND LEVEL,DRY,NO DEFECTS,NOT ON SCENE (DESK REPORT),NO INJURY / DRIVE AWAY,,,,"OVER $1,500",7/15/2023 14:25,FAILING TO REDUCE SPEED TO AVOID CRASH,NOT APPLICABLE,505,N,MICHIGAN AVE,1834,,,,,,,2,NO INDICATION OF INJURY,0,0,0,0,0,2,0,13,7,7,41.89112059,-87.6239887,POINT (-87.623988704323 41.891120593049)
e0055273749832a94e813b2fa96fbe76cd2a3e627cad0715a2b4e434e3702eccaabe5b9833f85182889f47adf7bab418af0c4df8004a01594d9b8b10e02bf936,JG341920,,7/15/2023 11:00,25,TRAFFIC SIGNAL,UNKNOWN,UNKNOWN,UNKNOWN,REAR END,FOUR WAY,,STRAIGHT AND LEVEL,UNKNOWN,UNKNOWN,NOT ON SCENE (DESK REPORT),NO INJURY / DRIVE AWAY,,,,"OVER $1,500",7/15/2023 11:20,UNABLE TO DETERMINE,UNABLE TO DETERMINE,2400,W,DEVON AVE,2412,,,,,,,2,NO INDICATION OF INJURY,0,0,0,0,0,2,0,11,7,7,41.99783811,-87.68994854,POINT (-87.689948536814 41.997838113989)
e1010e6ca891f305f5a903589ece884529a6fdeea2830b50db3211e7f4654c1c132b904e5f08c0bfd7def071bdfebddcda3665e1cde6ac8cf4fe5b03ba431017,,,7/28/2023 17:05,30,TRAFFIC SIGNAL,FUNCTIONING PROPERLY,CLEAR,DAYLIGHT,TURNING,FOUR WAY,,STRAIGHT AND LEVEL,DRY,NO DEFECTS,,NO INJURY / DRIVE AWAY,Y,,Y,"OVER $1,500",7/28/2023 17:05,UNABLE TO DETERMINE,NOT APPLICABLE,600,W,RANDOLPH ST,121,,,,,,,2,NO INDICATION OF INJURY,0,0,0,0,0,2,0,17,6,7,41.88454278,-87.64280789,POINT (-87.642807894399 41.884542778713)
e50cfacdb5a7f9491f5d56357166a9ef1802d904293209ff496027b19b72463307129bbb8bf5fd0f7ecc8b6eef6716e64734007143dea930a5447aee5ba2c902,JG342297,,7/15/2023 15:17,30,NO CONTROLS,NO CONTROLS,CLEAR,DAYLIGHT,PARKED MOTOR VEHICLE,NOT DIVIDED,,STRAIGHT AND LEVEL,DRY,NO DEFECTS,ON SCENE,NO INJURY / DRIVE AWAY,,,,$500 OR LESS,7/15/2023 15:17,FAILING TO YIELD RIGHT-OF-WAY,NOT APPLICABLE,800,S,MICHIGAN AVE,123,N,Y,,,,,2,NO INDICATION OF INJURY,0,0,0,0,0,1,0,15,7,7,41.87181181,-87.6243155,POINT (-87.624315499224 41.871811814107)
e740a66c3f85341c4f793ebb854e9891ed91ef66af3306cb91ad24e4461d6af783f4d3781dd71e96f81510081ef5d8b6e8feb09fdb0708dcb9be6ca99644da0d,JG343327,,7/15/2023 14:25,10,NO CONTROLS,NO CONTROLS,CLEAR,DAYLIGHT,PARKED MOTOR VEHICLE,PARKING LOT,,STRAIGHT AND LEVEL,WET,NO DEFECTS,NOT ON SCENE (DESK REPORT),NO INJURY / DRIVE AWAY,,,Y,"OVER $1,500",7/15/2023 15:00,UNABLE TO DETERMINE,UNABLE TO DETERMINE,4315,S,WINCHESTER AVE,924,,,,,,,2,,,,,,,,,14,7,7,41.81532131,-87.67341532,POINT (-87.673415317132 41.815321312682)
e894b69e70205aa9763bb3e112876788fce5a154ace5664546d40a7e24f2cbc945db25aedd3ab7f8303e2cac6f8ca9eb13eacab5f76e54e932d2fb4e48a8aa64,JG342215,,7/15/2023 14:40,30,NO CONTROLS,NO CONTROLS,RAIN,DAYLIGHT,REAR END,NOT DIVIDED,,STRAIGHT AND LEVEL,WET,NO DEFECTS,NOT ON SCENE (DESK REPORT),NO INJURY / DRIVE AWAY,,,,"OVER $1,500",7/15/2023 15:06,FOLLOWING TOO CLOSELY,FOLLOWING TOO CLOSELY,3331,W,63RD ST,823,,,,,,,2,NO INDICATION OF INJURY,0,0,0,0,0,2,0,14,7,7,41.77880351,-87.70680803,POINT (-87.706808028442 41.778803512281)
e9e6547dd1391bd2358962e505e8640ad9eaaac0b457bf3f53ac693072968aaf3e15d672f7e88f45b3b7395f84d6da6daed97d68d9fb8d10f0a30009a54ed396,JG341645,,7/15/2023 2:51,30,NO CONTROLS,NO CONTROLS,CLEAR,"DARKNESS, LIGHTED ROAD",SIDESWIPE SAME DIRECTION,FOUR WAY,,STRAIGHT AND LEVEL,WET,NO DEFECTS,ON SCENE,INJURY AND / OR TOW DUE TO CRASH,,,Y,"OVER $1,500",7/15/2023 3:52,IMPROPER OVERTAKING/PASSING,NOT APPLICABLE,499,S,PULASKI RD,1132,,,,,,,2,NO INDICATION OF INJURY,0,0,0,0,0,4,0,2,7,7,41.87440689,-87.72529837,POINT (-87.725298372081 41.874406887343)
ea26084aabefb55f0c34a77408a1c48fe3d6d915c6c966f900040d41723171c9507abb4a0f59fb0be02958487a723987fe38fedc8d9be812135871c5d140e811,JG344837,,7/15/2023 12:00,30,TRAFFIC SIGNAL,UNKNOWN,UNKNOWN,UNKNOWN,REAR TO FRONT,FOUR WAY,,STRAIGHT AND LEVEL,UNKNOWN,UNKNOWN,NOT ON SCENE (DESK REPORT),NO INJURY / DRIVE AWAY,Y,,,"OVER $1,500",7/17/2023 16:00,UNABLE TO DETERMINE,UNABLE TO DETERMINE,7200,N,RIDGE BLVD,2411,,,,,,,2,NO INDICATION OF INJURY,0,0,0,0,0,2,0,12,7,7,42.01238319,-87.68325708,POINT (-87.683257079712 42.012383191822)
ec6c854b8a5464ec0fe3152e719f99de5849296b21ca43c35f9159742baec33d7374713a2a847d9764aa093da40519ac47fb6baf0464253b9abaccef61b6e4aa,JG342493,,7/15/2023 17:45,30,TRAFFIC SIGNAL,FUNCTIONING PROPERLY,UNKNOWN,UNKNOWN,TURNING,"FIVE POINT, OR MORE",,STRAIGHT AND LEVEL,UNKNOWN,UNKNOWN,NOT ON SCENE (DESK REPORT),NO INJURY / DRIVE AWAY,,,,"OVER $1,500",7/15/2023 18:50,IMPROPER TURNING/NO SIGNAL,IMPROPER TURNING/NO SIGNAL,3999,N,CICERO AVE,1731,,,,,,,2,NO INDICATION OF INJURY,0,0,0,0,0,6,0,17,7,7,41.95337048,-87.74715821,POINT (-87.747158205638 41.953370478911)
eedcc70baef8cadfc2048bceee757e15f1cdfd1cdcf130419601598062b36918101a9b3703125a4cda8c8929cafda7b20ae1f63adbc0d20f556016262f623c01,JG343704,,7/15/2023 16:10,30,NO CONTROLS,NO CONTROLS,CLEAR,DAYLIGHT,REAR END,DIVIDED - W/MEDIAN BARRIER,,STRAIGHT AND LEVEL,DRY,NO DEFECTS,NOT ON SCENE (DESK REPORT),INJURY AND / OR TOW DUE TO CRASH,,,,"OVER $1,500",7/16/2023 16:30,UNABLE TO DETERMINE,UNABLE TO DETERMINE,9520,S,STONY ISLAND AVE,511,,,,,,,3,"REPORTED, NOT EVIDENT",2,0,0,0,2,2,0,16,7,7,41.72173631,-87.58528923,POINT (-87.585289226099 41.721736313538)
f03c8b344be7d80318568310d6c0cceabb150803838fcbe260fa8bb83d70be14fbbe6b1fa5aafbb9602d49d48dbf595ebbab9f5f7a9b5df48815c58cddd97cd0,JG343527,,7/15/2023 19:45,30,NO CONTROLS,NO CONTROLS,CLOUDY/OVERCAST,DUSK,PARKED MOTOR VEHICLE,ONE-WAY,,STRAIGHT AND LEVEL,WET,NO DEFECTS,NOT ON SCENE (DESK REPORT),NO INJURY / DRIVE AWAY,,,Y,"$501 - $1,500",7/16/2023 16:30,"OPERATING VEHICLE IN ERRATIC, RECKLESS, CARELESS, NEGLIGENT OR AGGRESSIVE MANNER",NOT APPLICABLE,6700,S,CLYDE AVE,331,,,,,,,2,NO INDICATION OF INJURY,0,0,0,0,0,5,0,19,7,7,41.77338312,-87.57419187,POINT (-87.574191867149 41.773383115302)
f0c7b166b9d5f25be560760b4145235866616f34c910b4084578ba26aa5c8e554ccd6f6d789a7ce8d9149240f9727da05b3b654963c7151f8f7d07fffff435fc,JG341675,Y,7/15/2023 6:00,10,OTHER,OTHER,CLEAR,UNKNOWN,PARKED MOTOR VEHICLE,PARKING LOT,,STRAIGHT AND LEVEL,DRY,NO DEFECTS,NOT ON SCENE (DESK REPORT),NO INJURY / DRIVE AWAY,,,Y,"OVER $1,500",7/15/2023 7:07,DRIVING SKILLS/KNOWLEDGE/EXPERIENCE,UNABLE TO DETERMINE,600,N,WABASH AVE,1834,,,,,,,2,NO INDICATION OF INJURY,0,0,0,0,0,1,0,6,7,7,41.89253115,-87.62689596,POINT (-87.626895964473 41.892531148205)
f0d0b8db6f88316c8bc8f5feeff4a8c115d844896e93c210706c1558f85b5512944e38ce01832feb39a7c5c0bb2d4866383cbb272c83d291869d18110ef2b502,JG352721,Y,7/16/2023 0:00,30,STOP SIGN/FLASHER,NO CONTROLS,UNKNOWN,DARKNESS,PARKED MOTOR VEHICLE,T-INTERSECTION,,STRAIGHT AND LEVEL,UNKNOWN,NO DEFECTS,NOT ON SCENE (DESK REPORT),NO INJURY / DRIVE AWAY,,,,"OVER $1,500",7/23/2023 12:50,UNABLE TO DETERMINE,UNABLE TO DETERMINE,4800,S,FORRESTVILLE AVE,223,,,,,,,2,NO INDICATION OF INJURY,0,0,0,0,0,1,0,0,1,7,41.80753218,-87.61277375,POINT (-87.612773748138 41.80753217856)
f135c717aec905f9548626a1424b79186c041de0652d3485c042d308c061e7e07415f13953e7d18dea3e866157d1dcc21a425f4f2f93f6fea0613e8b355f8f66,JG341534,,7/15/2023 1:29,30,NO CONTROLS,NO CONTROLS,CLEAR,"DARKNESS, LIGHTED ROAD",PARKED MOTOR VEHICLE,PARKING LOT,,STRAIGHT AND LEVEL,WET,NO DEFECTS,ON SCENE,NO INJURY / DRIVE AWAY,,,,"$501 - $1,500",7/15/2023 1:30,DRIVING SKILLS/KNOWLEDGE/EXPERIENCE,NOT APPLICABLE,101,W,DIVERSEY PKWY,1934,,,,,,,2,NO INDICATION OF INJURY,0,0,0,0,0,2,0,1,7,7,41.93321639,-87.63270714,POINT (-87.632707142625 41.933216385103)
f2ba97d0080d458f8630e596306f8fc7717fb816dd7c2fd19864ea9cf338d5b6e2ae6e58439d87e69eb9e379352a8913b909dc0bf26742267b1fc4d304e19453,JG346060,,7/15/2023 18:22,30,NO CONTROLS,NO CONTROLS,CLEAR,DAYLIGHT,PARKED MOTOR VEHICLE,NOT DIVIDED,,STRAIGHT AND LEVEL,DRY,NO DEFECTS,NOT ON SCENE (DESK REPORT),INJURY AND / OR TOW DUE TO CRASH,,,Y,"$501 - $1,500",7/18/2023 13:10,UNABLE TO DETERMINE,UNABLE TO DETERMINE,628,W,SHERIDAN RD,1925,,,,,,,2,NO INDICATION OF INJURY,0,0,0,0,0,1,0,18,7,7,41.95307625,-87.64601784,POINT (-87.646017840264 41.953076248421)