CRASH_RECORD_ID,RD_NO,CRASH_DATE_EST_I,CRASH_DATE,POSTED_SPEED_LIMIT,TRAFFIC_CONTROL_DEVICE,DEVICE_CONDITION,WEATHER_CONDITION,LIGHTING_CONDITION,FIRST_CRASH_TYPE,TRAFFICWAY_TYPE,LANE_CNT,ALIGNMENT,ROADWAY_SURFACE_COND,ROAD_DEFECT,REPORT_TYPE,CRASH_TYPE,INTERSECTION_RELATED_I,NOT_RIGHT_OF_WAY_I,HIT_AND_RUN_I,DAMAGE,DATE_POLICE_NOTIFIED,PRIM_CONTRIBUTORY_CAUSE,SEC_CONTRIBUTORY_CAUSE,STREET_NO,STREET_DIRECTION,STREET_NAME,BEAT_OF_OCCURRENCE,PHOTOS_TAKEN_I,STATEMENTS_TAKEN_I,DOORING_I,WORK_ZONE_I,WORK_ZONE_TYPE,WORKERS_PRESENT_I,NUM_UNITS,MOST_SEVERE_INJURY,INJURIES_TOTAL,INJURIES_FATAL,INJURIES_INCAPACITATING,INJURIES_NON_INCAPACITATING,INJURIES_REPORTED_NOT_EVIDENT,INJURIES_NO_INDICATION,INJURIES_UNKNOWN,CRASH_HOUR,CRASH_DAY_OF_WEEK,CRASH_MONTH,LATITUDE,LONGITUDE,LOCATION
f30d12febec0dd0fb714d744cd2612c45c05c63eb28a49924baf1faef96812d8275b42a97709715c3a7de2879dbea5c70200be0956996627673eb8db8f9a892b,JG343116,,7/15/2023 10:40,30,UNKNOWN,UNKNOWN,CLEAR,"DARKNESS, LIGHTED ROAD",PARKED MOTOR VEHICLE,NOT DIVIDED,,STRAIGHT AND LEVEL,DRY,NO DEFECTS,NOT ON SCENE (DESK REPORT),NO INJURY / DRIVE AWAY,,,Y,"$501 - $1,500",7/16/2023 9:00,UNABLE TO DETERMINE,UNABLE TO DETERMINE,2537,W,JACKSON BLVD,1125,,,,,,,2,NO INDICATION OF INJURY,0,0,0,0,0,1,0,10,7,7,41.87739627,-87.69016986,POINT (-87.690169855967 41.877396271993)
f409bc7eda8b6537307bd6a6f6676a64baf960ba9139be078fee4968956aab0d4395153917096c1e4fbeb2e0648f5eaf9650667a94f288ff3118941ccc54dae4,JG342277,,7/15/2023 15:00,30,TRAFFIC SIGNAL,FUNCTIONING PROPERLY,CLEAR,DAYLIGHT,ANGLE,NOT DIVIDED,,STRAIGHT AND LEVEL,DRY,UNKNOWN,NOT ON SCENE (DESK REPORT),NO INJURY / DRIVE AWAY,,,,"$501 - $1,500",7/15/2023 16:00,UNABLE TO DETERMINE,UNABLE TO DETERMINE,71,E,16TH ST,131,,,,,,,2,NO INDICATION OF INJURY,0,0,0,0,0,2,0,15,7,7,41.86011579,-87.62442496,POINT (-87.624424954651 41.860115784988)
f6b36f04453d22c1765955d635b6422b6c6de9fec6295768b72002d018e1bce9667d681dd1443dae88e2c5636c52d7459d77188c97276903bd0afb30e39346b2,JG324534,,7/15/2023 17:45,35,TRAFFIC SIGNAL,UNKNOWN,CLEAR,DAYLIGHT,SIDESWIPE SAME DIRECTION,NOT DIVIDED,,STRAIGHT AND LEVEL,DRY,NO DEFECTS,NOT ON SCENE (DESK REPORT),NO INJURY / DRIVE AWAY,Y,,,"OVER $1,500",7/15/2023 18:14,IMPROPER TURNING/NO SIGNAL,FOLLOWING TOO CLOSELY,1000,W,NORTH AVE,1811,,,,,,,2,NO INDICATION OF INJURY,0,0,0,0,0,2,0,17,7,7,41.91094876,-87.65315955,POINT (-87.653159551272 41.910948762561)
f73ef57b1a68f623a20a162d963816ef12944088520bf7220e4c6b36f2973703492ffe40c3689693122cf9f4bf89c9028c79e784efdc67345c8d1646e6dc51ec,JG343251,,7/15/2023 17:00,30,NO CONTROLS,NO CONTROLS,CLEAR,DAYLIGHT,PARKED MOTOR VEHICLE,NOT DIVIDED,,STRAIGHT AND LEVEL,DRY,NO DEFECTS,NOT ON SCENE (DESK REPORT),NO INJURY / DRIVE AWAY,,,Y,"OVER $1,500",7/16/2023 11:45,FOLLOWING TOO CLOSELY,UNABLE TO DETERMINE,5336,S,MILLARD AVE,822,,,,,,,2,NO INDICATION OF INJURY,0,0,0,0,0,1,0,17,7,7,41.79589109,-87.71480011,POINT (-87.714800105876 41.79589108571)
f77a65ada22a7a88a49267d818c59b579c99c0420659b118f032b75a21b7fcf2196ebfd7ff27eebfe5750c07b980057449cb4acc3178538f3d467e6915ea0c37,JG342485,,7/15/2023 18:32,30,NO CONTROLS,NO CONTROLS,CLEAR,DAYLIGHT,PARKED MOTOR VEHICLE,ONE-WAY,,STRAIGHT AND LEVEL,DRY,NO DEFECTS,ON SCENE,INJURY AND / OR TOW DUE TO CRASH,,,,"OVER $1,500",7/15/2023 18:40,UNABLE TO DETERMINE,UNABLE TO DETERMINE,5734,S,TALMAN AVE,824,,,,,,,3,NO INDICATION OF INJURY,0,0,0,0,0,1,0,18,7,7,41.78905624,-87.69015488,POINT (-87.690154881634 41.789056236604)
f7e06949a9b1235b2db0efa42479f1c2dd3067d3ebc20a1b668207586a4c034d81145d4a2399d4b91827b9acbc00b960bc6c0fff3ea956f3600100c8cdae96ec,JC507793,,11/12/2019 14:20,30,TRAFFIC SIGNAL,FUNCTIONING PROPERLY,CLEAR,DAYLIGHT,TURNING,FOUR WAY,,STRAIGHT AND LEVEL,DRY,NO DEFECTS,,NO INJURY / DRIVE AWAY,Y,,,"OVER $1,500",11/12/2019 14:25,UNABLE TO DETERMINE,NOT APPLICABLE,4400,N,SHERIDAN RD,1914,,,,,,,2,NO INDICATION OF INJURY,0,0,0,0,0,2,0,14,3,11,41.96182307,-87.65489608,POINT (-87.654896083223 41.961823071539)
f952834f6054b73d124743fd7a92dfda5dcb29d5b00c07424d2da2f928878b9c1045480b6ae19b38472f9af0f4b33333466986e9397df6ef68dbdc80190a59d9,JG341954,,7/15/2023 11:00,30,NO CONTROLS,NO CONTROLS,CLEAR,DAYLIGHT,ANGLE,NOT DIVIDED,,STRAIGHT AND LEVEL,DRY,NO DEFECTS,NOT ON SCENE (DESK REPORT),NO INJURY / DRIVE AWAY,,,,"OVER $1,500",7/15/2023 11:45,FAILING TO YIELD RIGHT-OF-WAY,UNABLE TO DETERMINE,319,S,CENTRAL AVE,1522,,,,,,,2,NO INDICATION OF INJURY,0,0,0,0,0,5,0,11,7,7,41.87588652,-87.76456019,POINT (-87.764560192708 41.87588652319)
f9cae31b53ddcac530570e4ac886a70a2ace2dcc59449e3be1011e6bce093c86edd30f804f541f22ff70e8f5aaa606430624c255459c669c4f6ed105f2093a69,JG342110,,7/15/2023 13:02,30,TRAFFIC SIGNAL,FUNCTIONING PROPERLY,CLEAR,DAYLIGHT,TURNING,FOUR WAY,,STRAIGHT AND LEVEL,DRY,NO DEFECTS,ON SCENE,NO INJURY / DRIVE AWAY,Y,,,"OVER $1,500",7/15/2023 13:04,IMPROPER TURNING/NO SIGNAL,IMPROPER TURNING/NO SIGNAL,5200,N,SHERIDAN RD,2023,,,,,,,2,NO INDICATION OF INJURY,0,0,0,0,0,2,0,13,7,7,41.97649272,-87.65513361,POINT (-87.655133604567 41.976492720778)
fa5a396a1bddeca5f3d45658120667f42ff4a4b0c48a26a2070fd99ba54b6007049896f5e976101fab5ddcc5d812215d8d6c33c166deeff83e42e6f5884119c6,JG343691,Y,7/15/2023 13:30,10,UNKNOWN,UNKNOWN,UNKNOWN,UNKNOWN,PARKED MOTOR VEHICLE,PARKING LOT,,STRAIGHT AND LEVEL,UNKNOWN,UNKNOWN,NOT ON SCENE (DESK REPORT),NO INJURY / DRIVE AWAY,,,Y,"$501 - $1,500",7/16/2023 18:15,UNABLE TO DETERMINE,NOT APPLICABLE,1701,W,SUPERIOR ST,1215,,,,,,,2,NO INDICATION OF INJURY,0,0,0,0,0,1,0,13,7,7,41.89500555,-87.66981323,POINT (-87.669813225285 41.895005546244)
fde304a3e0f172c84d7e3cd0d008386d05ae24c9af26842fef169148c2ef2e3c50f680bcbb1d0cae4c829c8d605d1a5c4c30bf32e9bea6bed04ad797d7677dc4,JG343021,,7/15/2023 22:00,30,TRAFFIC SIGNAL,FUNCTIONING PROPERLY,CLEAR,"DARKNESS, LIGHTED ROAD",TURNING,DIVIDED - W/MEDIAN BARRIER,,STRAIGHT AND LEVEL,DRY,NO DEFECTS,NOT ON SCENE (DESK REPORT),NO INJURY / DRIVE AWAY,,,,"OVER $1,500",7/16/2023 6:45,IMPROPER TURNING/NO SIGNAL,NOT APPLICABLE,3900,S,WESTERN AVE,921,,,,,,,2,NO INDICATION OF INJURY,0,0,0,0,0,2,0,22,7,7,41.82295429,-87.68501299,POINT (-87.685012986006 41.822954294114)
fefcfb4ff3b8abeca0b996ec711a33774ea159230e26cc078448a77169aff1b45fa15151e9922e52cb9f8c46fd6ec4ce7765bbb1ebe6e92598435a895c912618,JG342417,,7/15/2023 16:55,30,TRAFFIC SIGNAL,UNKNOWN,UNKNOWN,DAYLIGHT,REAR END,DIVIDED - W/MEDIAN (NOT RAISED),,STRAIGHT AND LEVEL,UNKNOWN,UNKNOWN,NOT ON SCENE (DESK REPORT),NO INJURY / DRIVE AWAY,,,,"$501 - $1,500",7/15/2023 17:30,UNABLE TO DETERMINE,NOT APPLICABLE,7559,N,RIDGE BLVD,2424,,,,,,,2,NO INDICATION OF INJURY,0,0,0,0,0,2,0,16,7,7,42.01941677,-87.68449834,POINT (-87.684498342185 42.019416774292)
0076eb444558e937ca738c8945d1f11d63c7db5a8f243667f75543a3a63fbff60ac573d725142a3104d497751c6a163ff2e21af655860132e995c4b9e19ac4b0,JC352013,,7/16/2019 18:45,30,NO CONTROLS,NO CONTROLS,CLEAR,DAYLIGHT,PEDALCYCLIST,NOT DIVIDED,,STRAIGHT AND LEVEL,DRY,UNKNOWN,,INJURY AND / OR TOW DUE TO CRASH,,,Y,$500 OR LESS,7/16/2019 21:53,DISREGARDING ROAD MARKINGS,DRIVING SKILLS/KNOWLEDGE/EXPERIENCE,3700,N,SOUTHPORT AVE,1922,,Y,Y,,,,2,NONINCAPACITATING INJURY,1,0,0,1,0,2,0,18,3,7,41.94897809,-87.66421752,POINT (-87.664217514608 41.948978089177)
0111b39a56867322bc32323c5c4b8cc468cb4261a73ed49a1b217c9638b4a71c7dbb06794d533021ea9f1890e05667adaa68b9ade635087135d2d8b432cf0e1a,JD231605,,5/13/2020 13:30,40,NO CONTROLS,NO CONTROLS,CLEAR,DAYLIGHT,REAR END,DIVIDED - W/MEDIAN BARRIER,,STRAIGHT AND LEVEL,DRY,UNKNOWN,,NO INJURY / DRIVE AWAY,,,Y,"OVER $1,500",5/13/2020 18:15,UNABLE TO DETERMINE,UNABLE TO DETERMINE,501,N,LAKE SHORE DR,1834,,,,,,,2,NO INDICATION OF INJURY,0,0,0,0,0,3,0,13,4,5,41.89117034,-87.61409924,POINT (-87.614099240532 41.891170338344)
0151241482352735093e5528454c27ae2462a69672a2a16d044af817d9a68f23d12ca987f81742e7ff379a20cf123864b4e19563fdf04aab8e4a567c3142deb2,JD203837,,4/7/2020 10:47,30,NO CONTROLS,NO CONTROLS,CLEAR,DAYLIGHT,ANGLE,DIVIDED - W/MEDIAN (NOT RAISED),,STRAIGHT AND LEVEL,DRY,NO DEFECTS,,NO INJURY / DRIVE AWAY,,,,"OVER $1,500",4/7/2020 11:00,FAILING TO YIELD RIGHT-OF-WAY,UNABLE TO DETERMINE,5200,N,LINCOLN AVE,2011,,,,,,,2,NO INDICATION OF INJURY,0,0,0,0,0,2,0,10,3,4,41.9759129,-87.69249418,POINT (-87.692494174663 41.975912898994)
015be0076415fb40a33d3b20e755ebb595c9fe6b317b596f341744d1aaa5c0281b6c626d606c8635a38fb608bb416cddd6a5e7232cf5c482716ca57a57b44cfb,JB110320,,1/9/2018 8:10,30,NO CONTROLS,NO CONTROLS,CLEAR,DUSK,ANGLE,NOT DIVIDED,2,STRAIGHT AND LEVEL,DRY,NO DEFECTS,,NO INJURY / DRIVE AWAY,,,Y,"OVER $1,500",1/9/2018 19:00,DISREGARDING ROAD MARKINGS,FAILING TO YIELD RIGHT-OF-WAY,6705,S,HALSTED ST,723,,,,,,,2,NO INDICATION OF INJURY,0,0,0,0,0,2,0,8,3,1,41.77227131,-87.6444456,POINT (-87.644445597803 41.772271310132)
0160e17c58caf642402d0e3ef7f17cfc8f86aea55e33b10578d6654927138ac11ca8870c13f3db683f6f11303f8a56330199205058e2f27b3a115a4f9afa5c9a,,,7/20/2023 9:00,30,NO CONTROLS,NO CONTROLS,CLEAR,DAYLIGHT,ANGLE,NOT DIVIDED,,STRAIGHT AND LEVEL,DRY,NO DEFECTS,,INJURY AND / OR TOW DUE TO CRASH,,,,"OVER $1,500",7/20/2023 10:00,FAILING TO YIELD RIGHT-OF-WAY,DRIVING ON WRONG SIDE/WRONG WAY,4003,W,BELMONT AVE,2523,,,,,,,2,"REPORTED, NOT EVIDENT",2,0,0,0,2,1,0,9,5,7,41.93898353,-87.72738278,POINT (-87.727382777456 41.938983524713)
019686d77a8168054af5b142442f775929fc1d9e100b36936db7d0a0a80795d5af6900bf6d8f6e0cbfd81c432b90c9621d24a250c3d47ef412c179fd64b61df0,JC386098,,8/9/2019 21:10,30,NO CONTROLS,NO CONTROLS,CLEAR,"DARKNESS, LIGHTED ROAD",ANGLE,NOT DIVIDED,,STRAIGHT AND LEVEL,DRY,NO DEFECTS,,INJURY AND / OR TOW DUE TO CRASH,Y,,Y,"OVER $1,500",8/9/2019 21:14,FAILING TO YIELD RIGHT-OF-WAY,UNABLE TO DETERMINE,5300,S,ARCHER AVE,815,,,,,,,2,NONINCAPACITATING INJURY,1,0,0,1,0,2,0,21,6,8,41.79936348,-87.73934924,POINT (-87.739349243882 41.799363483204)
023f7de8d0f7e90dc072b7b88b62502f306469597481dabc2469aecc67a1026d485ba885476a3ea258a0df3cf6543b77b69cdbfabca44ab64b0fc64c00c808ef,JC461568,,10/5/2019 22:08,30,STOP SIGN/FLASHER,FUNCTIONING PROPERLY,RAIN,"DARKNESS, LIGHTED ROAD",TURNING,ONE-WAY,,STRAIGHT AND LEVEL,WET,NO DEFECTS,,INJURY AND / OR TOW DUE TO CRASH,Y,,,"OVER $1,500",10/5/2019 22:11,FAILING TO YIELD RIGHT-OF-WAY,UNABLE TO DETERMINE,4149,S,INDIANA AVE,213,,,,,,,6,INCAPACITATING INJURY,7,0,3,4,0,1,0,22,7,10,41.81873868,-87.62131915,POINT (-87.621319153638 41.818738681495)
027187f52f9cac9ec542f1dda3a9ca8804db1fc2d2a3862ecd4b6a511b82ceba4c683f2dc98c75b7389365d27132ec1973498a39e417693d70f5d352cdede33f,JD248127,,5/31/2020 1:13,30,TRAFFIC SIGNAL,UNKNOWN,CLEAR,"DARKNESS, LIGHTED ROAD",TURNING,FOUR WAY,,STRAIGHT AND LEVEL,DRY,UNKNOWN,,INJURY AND / OR TOW DUE TO CRASH,Y,,Y,"OVER $1,500",5/31/2020 2:42,UNABLE TO DETERMINE,NOT APPLICABLE,150,S,SACRAMENTO BLVD,1124,,,,,,,2,NO INDICATION OF INJURY,0,0,0,0,0,4,0,1,1,5,41.87832623,-87.70127979,POINT (-87.701279794376 41.878326229569)
028eea312f66ac2562bb039445451f787947bdedbad78988a373992518c7a67e53d611af2f4a263b2bda8a5be62e86024d70b70bead409398c2eaeba4ded15cb,JD193964,,3/24/2020 12:44,30,NO CONTROLS,NOT FUNCTIONING,CLEAR,DAYLIGHT,REAR END,NOT DIVIDED,,STRAIGHT ON GRADE,DRY,SHOULDER DEFECT,,INJURY AND / OR TOW DUE TO CRASH,Y,,,"OVER $1,500",3/24/2020 12:55,FAILING TO REDUCE SPEED TO AVOID CRASH,UNABLE TO DETERMINE,2159,N,HARLEM AVE,2512,,,,,,,2,INCAPACITATING INJURY,1,0,1,0,0,2,0,12,3,3,41.91976667,-87.80597248,POINT (-87.805972476944 41.919766669392)
02996b80f458139c86f329ab699a2743b30f9e57124f45f6e6db87c8db4e5772622b1ddf0260ca60c76007557a653078ae7793db6a3cd2e97aaa623492ef16bc,JC405359,,8/24/2019 12:39,30,STOP SIGN/FLASHER,FUNCTIONING PROPERLY,CLEAR,DAYLIGHT,TURNING,DIVIDED - W/MEDIAN (NOT RAISED),,STRAIGHT AND LEVEL,DRY,NO DEFECTS,,NO INJURY / DRIVE AWAY,,,Y,"OVER $1,500",8/24/2019 12:39,UNABLE TO DETERMINE,UNABLE TO DETERMINE,3000,N,MILWAUKEE AVE,2523,,,,,,,2,NO INDICATION OF INJURY,0,0,0,0,0,2,0,12,7,8,41.93566604,-87.71845446,POINT (-87.718454458469 41.935666037896)
02aba1feceb2ca3b889d8dd0a22bcb90c65205325d42bd6cfa28b96edd54b933684a7bb4152281a476177f1f5b3ebee3144b2d9f370469e7dfedb23de609fd76,JC562242,,12/29/2019 13:45,30,UNKNOWN,UNKNOWN,CLEAR,DAYLIGHT,PARKED MOTOR VEHICLE,DRIVEWAY,,STRAIGHT AND LEVEL,DRY,NO DEFECTS,,NO INJURY / DRIVE AWAY,,,Y,"$501 - $1,500",12/29/2019 14:45,FOLLOWING TOO CLOSELY,UNABLE TO DETERMINE,4400,W,CERMAK RD,1012,,,,,,,2,NO INDICATION OF INJURY,0,0,0,0,0,1,0,13,1,12,41.8515092,-87.73455933,POINT (-87.734559326014 41.851509196295)
02b2a795013cef39764a747953cced43a3b7db4159dc0ba09227b42956be7afdc5ccd2a1905e8b73d6ae8d4a5e1ea1e819a0a147c2622a83b9aa02142f15f0a0,JC289120,,6/2/2019 15:40,30,OTHER,OTHER,CLEAR,DAYLIGHT,ANGLE,DIVIDED - W/MEDIAN (NOT RAISED),,STRAIGHT AND LEVEL,DRY,NO DEFECTS,ON SCENE,INJURY AND / OR TOW DUE TO CRASH,,,,"OVER $1,500",6/2/2019 15:45,FAILING TO YIELD RIGHT-OF-WAY,IMPROPER OVERTAKING/PASSING,3142,W,NORTH AVE,1421,,,,,,,2,NO INDICATION OF INJURY,0,0,0,0,0,3,0,15,1,6,41.91022961,-87.70623005,POINT (-87.706230046121 41.910229608231)
02d963f0a2429e38ed4cdc990a40b8ebb0ef20b55d550c96adead9c2661e5d27d851b9923858ea400727d77bab44b1fb2a6063b13ade1a2387af2fbdfa7ada5c,JG317119,,6/26/2023 16:32,30,NO CONTROLS,NO CONTROLS,CLEAR,DAYLIGHT,TURNING,NOT DIVIDED,,STRAIGHT AND LEVEL,DRY,NO DEFECTS,,INJURY AND / OR TOW DUE TO CRASH,Y,,,"OVER $1,500",6/26/2023 16:35,FAILING TO YIELD RIGHT-OF-WAY,FAILING TO REDUCE SPEED TO AVOID CRASH,2665,N,ELSTON AVE,1432,,,,,,,2,NONINCAPACITATING INJURY,1,0,0,1,0,1,0,16,2,6,41.93014938,-87.68464689,POINT (-87.684646885781 41.93014937989)
02ff04e62b209b5ddd643446bdfeb2575d3aa96731ee26d47885e0bfdbbe44277850883e4e92077ba317a4b5a49d7e1064da10028128ee9067c4cb6480452b21,JG274776,,5/25/2023 15:30,35,UNKNOWN,UNKNOWN,UNKNOWN,UNKNOWN,SIDESWIPE SAME DIRECTION,UNKNOWN,,STRAIGHT AND LEVEL,UNKNOWN,UNKNOWN,,NO INJURY / DRIVE AWAY,,,,"OVER $1,500",5/25/2023 15:30,UNABLE TO DETERMINE,UNABLE TO DETERMINE,6300,S,KILDARE AVE,813,,,,,,,2,NO INDICATION OF INJURY,0,0,0,0,0,3,0,15,5,5,41.77854113,-87.73021959,POINT (-87.730219590807 41.778541132384)
0312600c72fc19d889abbf0673bdd50795986ddc74fb4feb86d9cd129fce3783fb0e2fc0f65c7ce961587796dcd6681ed27bef9b5b18ec4477c56b1221ec53ec,JD138882,,2/3/2020 17:15,30,TRAFFIC SIGNAL,FUNCTIONING PROPERLY,CLEAR,DAYLIGHT,PEDESTRIAN,FOUR WAY,,STRAIGHT AND LEVEL,DRY,NO DEFECTS,,INJURY AND / OR TOW DUE TO CRASH,Y,,,"OVER $1,500",2/3/2020 17:18,DISTRACTION - FROM INSIDE VEHICLE,FAILING TO REDUCE SPEED TO AVOID CRASH,2514,S,BLUE ISLAND AVE,1034,,,,,,,2,INCAPACITATING INJURY,2,0,2,0,0,0,0,17,2,2,41.84683358,-87.68051949,POINT (-87.680519489556 41.846833575357)
03166e50c5fc26361fea57469eb165fcc49d0719ddc26fd47176832416239a8ddaa6eee788860b059c844c93297f0e605587efb4245cb73f0b86c49dab425e71,JD132626,,1/29/2020 11:21,30,TRAFFIC SIGNAL,FUNCTIONING PROPERLY,CLEAR,DAYLIGHT,ANGLE,FOUR WAY,,STRAIGHT AND LEVEL,DRY,NO DEFECTS,,INJURY AND / OR TOW DUE TO CRASH,Y,,,"OVER $1,500",1/29/2020 11:21,DISREGARDING TRAFFIC SIGNALS,UNABLE TO DETERMINE,1600,W,CONGRESS PKWY,1231,,,,,,,2,NO INDICATION OF INJURY,0,0,0,0,0,4,0,11,4,1,41.8752842,-87.6667549,POINT (-87.666754901693 41.875284201202)
032c01ca4e105183baebb81dce60d2c8230325c5eeb1d5b8d41eb23e73508a98433b835b3069c71c3223932103a42b2caf0cb169b6d013bdae2e28a1656f49e8,JC406224,,8/25/2019 2:55,30,TRAFFIC SIGNAL,FUNCTIONING PROPERLY,CLEAR,"DARKNESS, LIGHTED ROAD",PEDESTRIAN,NOT DIVIDED,,STRAIGHT AND LEVEL,DRY,NO DEFECTS,,INJURY AND / OR TOW DUE TO CRASH,,,Y,"OVER $1,500",8/25/2019 3:06,FAILING TO YIELD RIGHT-OF-WAY,UNABLE TO DETERMINE,2015,W,ARMITAGE AVE,1434,,,,,,,2,NONINCAPACITATING INJURY,1,0,0,1,0,1,0,2,1,8,41.91763486,-87.67826094,POINT (-87.678260936848 41.917634854852)
033fa9ef516a47ddc656cbdd2a5843b6698f56be49a93e936e88064468df7500ab27bab0b382928a869a5bc710899fa4fcfcd1cc5dde70ad8d6481c15bafefcb,JG260696,,5/14/2023 20:30,30,NO CONTROLS,NO CONTROLS,CLEAR,"DARKNESS, LIGHTED ROAD",REAR END,NOT DIVIDED,,STRAIGHT AND LEVEL,DRY,NO DEFECTS,,INJURY AND / OR TOW DUE TO CRASH,,,,"OVER $1,500",5/14/2023 20:50,FAILING TO REDUCE SPEED TO AVOID CRASH,UNABLE TO DETERMINE,1532,W,76TH ST,612,,,,,,,2,NO INDICATION OF INJURY,0,0,0,0,0,5,0,20,1,5,41.75592733,-87.66333527,POINT (-87.663335266334 41.755927332817)
0386ef145c229cc3cb409c51d647b6496ab660104f16c76ba5e3cd00160b32049435ef28e6cc7ec401e0ab5e1aa9226deb1830757f3bb106eab544d01e68de65,JG316884,,6/26/2023 13:54,30,NO CONTROLS,FUNCTIONING PROPERLY,CLEAR,DAYLIGHT,TURNING,CENTER TURN LANE,,STRAIGHT AND LEVEL,DRY,NO DEFECTS,,NO INJURY / DRIVE AWAY,,,,"OVER $1,500",6/26/2023 14:35,FAILING TO YIELD RIGHT-OF-WAY,FAILING TO YIELD RIGHT-OF-WAY,625,S,ASHLAND AVE,1231,,,,,,,2,NO INDICATION OF INJURY,0,0,0,0,0,3,0,13,2,6,41.87343457,-87.66643368,POINT (-87.666433681443 41.8734345658)
03938a318416264cf0baa55849e2f6bf77fc46981aa150497b57362f231c0ab701b3adb4ca362026f8a5bcf512caa9ffcabce911ee170afc09a18dcd833b0d80,JG269213,,5/21/2023 14:45,30,TRAFFIC SIGNAL,FUNCTIONING PROPERLY,CLEAR,DAYLIGHT,ANGLE,FOUR WAY,,STRAIGHT AND LEVEL,DRY,UNKNOWN,,NO INJURY / DRIVE AWAY,Y,,,"$501 - $1,500",5/21/2023 15:20,DISTRACTION - FROM INSIDE VEHICLE,FAILING TO YIELD RIGHT-OF-WAY,11500,S,WENTWORTH AVE,522,,,,,,,2,NO INDICATION OF INJURY,0,0,0,0,0,3,0,14,1,5,41.68516922,-87.62783379,POINT (-87.627833793667 41.68516921663)
03a697509a222ed897e504d6c3b3c421e04fcb6f4807c8b13c772bf54977665adb8dcec02f9dfaf4b587281c04bbb7da39318fb212249772ebc2e8f88da1af35,JD163664,,2/24/2020 17:08,30,UNKNOWN,UNKNOWN,UNKNOWN,UNKNOWN,REAR END,UNKNOWN INTERSECTION TYPE,,STRAIGHT AND LEVEL,UNKNOWN,UNKNOWN,,INJURY AND / OR TOW DUE TO CRASH,Y,,Y,"OVER $1,500",2/24/2020 19:30,UNABLE TO DETERMINE,UNABLE TO DETERMINE,8658,S,COTTAGE GROVE AVE,632,,,,,,,2,"REPORTED, NOT EVIDENT",1,0,0,0,1,1,0,17,2,2,41.73673782,-87.60497185,POINT (-87.604971845904 41.736737814762)
03dfa2b241d6b8b987566714455b6666bdb4a99860debf67c1d08bea7ee60d5d342707a811d90791d048c04e4cd2f1cf00f547e2648c8d6a62fc06ce91fd2662,JC403312,,8/22/2019 21:30,30,TRAFFIC SIGNAL,FUNCTIONING PROPERLY,CLEAR,"DARKNESS, LIGHTED ROAD",SIDESWIPE SAME DIRECTION,NOT DIVIDED,,STRAIGHT AND LEVEL,DRY,UNKNOWN,,INJURY AND / OR TOW DUE TO CRASH,Y,,,"$501 - $1,500",8/22/2019 22:03,UNABLE TO DETERMINE,UNABLE TO DETERMINE,3157,N,KIMBALL AVE,1412,,,,,,,2,NONINCAPACITATING INJURY,1,0,0,1,0,1,0,21,5,8,41.93913759,-87.71233532,POINT (-87.712335315854 41.939137584593)
03fe1986d6e54ce68b87de91c3e1a898f6687778efd127f79bb53bdb1a7c6e2b7ba37138c1ce6d7cc721e2d6deff45d207a452b0bea5644864554c93c9904aea,JB126586,,1/22/2018 15:05,25,NO CONTROLS,NO CONTROLS,CLOUDY/OVERCAST,DAYLIGHT,ANGLE,ONE-WAY,1,STRAIGHT AND LEVEL,DRY,NO DEFECTS,,INJURY AND / OR TOW DUE TO CRASH,,,Y,"OVER $1,500",1/23/2018 11:30,FAILING TO YIELD RIGHT-OF-WAY,"VISION OBSCURED (SIGNS, TREE LIMBS, BUILDINGS, ETC.)",1020,W,BERWYN AVE,2023,,,,,,,2,NO INDICATION OF INJURY,0,0,0,0,0,2,0,15,2,1,41.9783177,-87.65596561,POINT (-87.655965606612 41.978317697632)
0403ca04869e8e1cf8a7da98a38fbe1b2504fddf666bf9460324afc753319131c9b6956c0296644a1c1bf1c9b196dba1f862f9dbeeea5f2802509ba279687641,JC375078,,8/2/2019 10:05,30,NO CONTROLS,NO CONTROLS,CLEAR,DAYLIGHT,ANGLE,DIVIDED - W/MEDIAN (NOT RAISED),,STRAIGHT AND LEVEL,DRY,NO DEFECTS,,NO INJURY / DRIVE AWAY,,,,"OVER $1,500",8/2/2019 10:10,UNABLE TO DETERMINE,NOT APPLICABLE,1839,S,ASHLAND AVE,1233,,,,,,,2,NO INDICATION OF INJURY,0,0,0,0,0,2,0,10,6,8,41.85665271,-87.66597075,POINT (-87.665970751998 41.856652707792)
0438986cdd575e366af0d9ba649baf93a16b1f802a0dcfac39b029badeb32e86d740802eedba62066b2d959e25a3b7d7533c4268680fb3932f0d15817bad6538,JC490677,,10/29/2019 11:15,30,STOP SIGN/FLASHER,FUNCTIONING PROPERLY,RAIN,DAYLIGHT,ANGLE,NOT DIVIDED,,STRAIGHT AND LEVEL,WET,NO DEFECTS,,INJURY AND / OR TOW DUE TO CRASH,Y,,,"OVER $1,500",10/29/2019 11:31,FAILING TO YIELD RIGHT-OF-WAY,NOT APPLICABLE,560,E,76TH ST,624,,,,,,,3,NONINCAPACITATING INJURY,3,0,0,3,0,1,0,11,3,10,41.75677754,-87.61027788,POINT (-87.610277875823 41.756777542931)