CRASH_RECORD_ID,RD_NO,CRASH_DATE_EST_I,CRASH_DATE,POSTED_SPEED_LIMIT,TRAFFIC_CONTROL_DEVICE,DEVICE_CONDITION,WEATHER_CONDITION,LIGHTING_CONDITION,FIRST_CRASH_TYPE,TRAFFICWAY_TYPE,LANE_CNT,ALIGNMENT,ROADWAY_SURFACE_COND,ROAD_DEFECT,REPORT_TYPE,CRASH_TYPE,INTERSECTION_RELATED_I,NOT_RIGHT_OF_WAY_I,HIT_AND_RUN_I,DAMAGE,DATE_POLICE_NOTIFIED,PRIM_CONTRIBUTORY_CAUSE,SEC_CONTRIBUTORY_CAUSE,STREET_NO,STREET_DIRECTION,STREET_NAME,BEAT_OF_OCCURRENCE,PHOTOS_TAKEN_I,STATEMENTS_TAKEN_I,DOORING_I,WORK_ZONE_I,WORK_ZONE_TYPE,WORKERS_PRESENT_I,NUM_UNITS,MOST_SEVERE_INJURY,INJURIES_TOTAL,INJURIES_FATAL,INJURIES_INCAPACITATING,INJURIES_NON_INCAPACITATING,INJURIES_REPORTED_NOT_EVIDENT,INJURIES_NO_INDICATION,INJURIES_UNKNOWN,CRASH_HOUR,CRASH_DAY_OF_WEEK,CRASH_MONTH,LATITUDE,LONGITUDE,LOCATION
0463fef1acbbfcb6d14e78ed66cf00514d73ccd9602e20e5cab09ab4fce77bd5fb4cac52214ca2f1698930dfac55b3552180d14b85e698eac252676c6d038391,JC452685,,9/29/2019 3:45,30,NO CONTROLS,NO CONTROLS,RAIN,"DARKNESS, LIGHTED ROAD",SIDESWIPE OPPOSITE DIRECTION,NOT DIVIDED,,STRAIGHT AND LEVEL,WET,NO DEFECTS,,INJURY AND / OR TOW DUE TO CRASH,,,Y,"OVER $1,500",9/29/2019 3:51,UNABLE TO DETERMINE,UNABLE TO DETERMINE,301,E,75TH ST,623,,,,,,,2,NO INDICATION OF INJURY,0,0,0,0,0,2,0,3,1,9,41.75824335,-87.61822068,POINT (-87.618220683122 41.758243346443)
04953f82acab350d2187395134ed51f53a1eabc54114b12c428ba8f3f8b359a2bcfedecdd294a20d9532d2628559b3eaea55e65b9444c417fa233793764510ba,JD178434,,3/7/2020 23:00,30,TRAFFIC SIGNAL,FUNCTIONING PROPERLY,CLEAR,"DARKNESS, LIGHTED ROAD",REAR END,NOT DIVIDED,,STRAIGHT AND LEVEL,DRY,NO DEFECTS,,NO INJURY / DRIVE AWAY,,,,"$501 - $1,500",3/8/2020 14:36,FOLLOWING TOO CLOSELY,FOLLOWING TOO CLOSELY,500,S,CANAL ST,124,,,,,,,3,NO INDICATION OF INJURY,0,0,0,0,0,3,0,23,7,3,41.87545706,-87.63977121,POINT (-87.639771212373 41.875457063208)
04c6191b4717052c90d335828a263d1e99f6f334f9d459d3a95eb6de6950f78a00703e98d20d74a3bbdf0a45d6c64c696cb85023ef480a5a5ac7b01810960a28,JG241838,,4/29/2023 5:15,30,NO CONTROLS,NO CONTROLS,CLEAR,DAYLIGHT,PARKED MOTOR VEHICLE,DIVIDED - W/MEDIAN (NOT RAISED),,STRAIGHT AND LEVEL,DRY,NO DEFECTS,,NO INJURY / DRIVE AWAY,,,Y,"OVER $1,500",4/29/2023 14:20,UNABLE TO DETERMINE,NOT APPLICABLE,4417,N,LAMON AVE,1623,,,,,,,3,NO INDICATION OF INJURY,0,0,0,0,0,1,0,5,7,4,41.96124152,-87.74984514,POINT (-87.749845139076 41.961241515267)
04eea9505ca2bc22b7ab58763c4efedd0138c681b3464419afc3c2f41d1ae5fb62ce12f2d091a17b7b051f7a7e970f88d531c5289714b2251570e93cfe19ed77,JC444314,,9/22/2019 19:43,30,NO CONTROLS,NO CONTROLS,RAIN,"DARKNESS, LIGHTED ROAD",SIDESWIPE SAME DIRECTION,NOT DIVIDED,,STRAIGHT AND LEVEL,WET,NO DEFECTS,,INJURY AND / OR TOW DUE TO CRASH,,,,"OVER $1,500",9/22/2019 19:45,UNABLE TO DETERMINE,UNABLE TO DETERMINE,3901,N,CLARK ST,1923,,,,,,,2,"REPORTED, NOT EVIDENT",1,0,0,0,1,1,0,19,1,9,41.95272695,-87.66077155,POINT (-87.660771553086 41.952726948767)
04efb106a7dd439b3aa1ef0c18316cb1dcb91f087335a6c072fff89fc9345017b099bb921b405fe542c2dba797a75b8f772b0f4469690b682f1742f800a181b1,JC318294,,6/23/2019 11:40,30,NO CONTROLS,NO CONTROLS,CLEAR,DAYLIGHT,TURNING,DIVIDED - W/MEDIAN (NOT RAISED),,STRAIGHT AND LEVEL,DRY,UNKNOWN,,INJURY AND / OR TOW DUE TO CRASH,Y,,,"OVER $1,500",6/23/2019 11:47,FAILING TO YIELD RIGHT-OF-WAY,NOT APPLICABLE,1502,N,CICERO AVE,2533,,,,,,,2,NONINCAPACITATING INJURY,2,0,0,2,0,1,0,11,1,6,41.90795415,-87.74621338,POINT (-87.74621337996 41.907954150582)
04f21d51f8189e34abf37c7973607fa076965d216b514f88b2c8184a3df2602112a6b1ce62cc9d5ad5329a9e318857bdb2e7bba1abbbab8a8e1079b59496c166,JC366684,,7/22/2019 12:00,30,NO CONTROLS,NO CONTROLS,CLEAR,DAYLIGHT,PEDALCYCLIST,NOT DIVIDED,,STRAIGHT AND LEVEL,DRY,NO DEFECTS,,INJURY AND / OR TOW DUE TO CRASH,,,Y,"$501 - $1,500",7/27/2019 11:30,UNABLE TO DETERMINE,UNABLE TO DETERMINE,2500,E,87TH ST,423,,,N,,,,2,INCAPACITATING INJURY,1,0,1,0,0,1,0,12,2,7,41.73733712,-87.56356049,POINT (-87.563560484875 41.737337119112)
05437659af4f2969628b099529530048e1097a0bcf2fdfe95fe25564675cba488497173d973bb2bc69b8312b844e23321ba4ce85d0cbb111369afad044d5d6f9,JD225527,,5/3/2020 17:00,30,NO CONTROLS,NO CONTROLS,CLEAR,DAYLIGHT,PARKED MOTOR VEHICLE,PARKING LOT,,STRAIGHT AND LEVEL,DRY,NO DEFECTS,,NO INJURY / DRIVE AWAY,,,Y,"$501 - $1,500",5/6/2020 11:39,UNABLE TO DETERMINE,NOT APPLICABLE,59,E,61ST ST,311,,,,,,,2,NO INDICATION OF INJURY,0,0,0,0,0,1,0,17,1,5,41.78364203,-87.62314826,POINT (-87.623148257607 41.78364202932)
05dde0f6d0e49b3a099961143220143a4fc6f41a2d41cda3bdc4beae9aa79fedf6ca9c4e27d050b5cb8ee3d1d4fb428f38112b68ed9a3080ae80ac7cf9432417,JC343710,,7/11/2019 5:00,25,NO CONTROLS,NO CONTROLS,CLEAR,DAYLIGHT,SIDESWIPE SAME DIRECTION,NOT DIVIDED,,STRAIGHT AND LEVEL,DRY,NO DEFECTS,,INJURY AND / OR TOW DUE TO CRASH,,,,"OVER $1,500",7/11/2019 5:09,FAILING TO YIELD RIGHT-OF-WAY,UNABLE TO DETERMINE,3200,W,60TH ST,822,,,,,,,2,NO INDICATION OF INJURY,0,0,0,0,0,2,0,5,5,7,41.78453577,-87.70335867,POINT (-87.703358674253 41.78453577329)
05ec5a7312ed59f27df7e8e4b9ef40d282b0fb46e24339f6809f328c24a15a7ca4cae890ff34cc6e26aac8d94d6d49f97d2e97c6dedf9833e905ae6193429232,JC426146,,9/9/2019 13:52,30,STOP SIGN/FLASHER,NO CONTROLS,CLEAR,UNKNOWN,REAR END,NOT DIVIDED,,STRAIGHT AND LEVEL,UNKNOWN,UNKNOWN,,NO INJURY / DRIVE AWAY,,,,$500 OR LESS,9/9/2019 14:45,FOLLOWING TOO CLOSELY,UNABLE TO DETERMINE,1900,W,CERMAK RD,1234,,,,,,,2,NO INDICATION OF INJURY,0,0,0,0,0,2,0,13,2,9,41.85231917,-87.67351598,POINT (-87.673515979577 41.85231916935)
05ed9c788c766d7e9cb7861f2811043384ebb8a11979c4ae0a253b82a41aca199da4b572b8ef8dbb514f3962159bf563df1c47003a80bc8d25fcdcce4cc71720,JD164922,,2/25/2020 21:30,30,TRAFFIC SIGNAL,FUNCTIONING PROPERLY,SNOW,"DARKNESS, LIGHTED ROAD",REAR END,NOT DIVIDED,,STRAIGHT AND LEVEL,SNOW OR SLUSH,UNKNOWN,,NO INJURY / DRIVE AWAY,,,,$500 OR LESS,2/25/2020 21:31,UNABLE TO DETERMINE,NOT APPLICABLE,5242,N,CENTRAL AVE,1622,,,,,,,2,NO INDICATION OF INJURY,0,0,0,0,0,3,0,21,3,2,41.97662376,-87.76861902,POINT (-87.768619020191 41.976623755086)
0635ed2ce651b1cfcd489a6a25b422120cea73f826711755d135bd6173f6b33c87bfffce05f35801a10640465c82f67b53ed52ac3b3e584ad1e6ebd0902f3451,JC173010,,3/4/2019 8:50,15,NO CONTROLS,NO CONTROLS,CLEAR,DAYLIGHT,FIXED OBJECT,PARKING LOT,1,STRAIGHT AND LEVEL,DRY,NO DEFECTS,,INJURY AND / OR TOW DUE TO CRASH,,Y,,"OVER $1,500",3/4/2019 8:59,PHYSICAL CONDITION OF DRIVER,NOT APPLICABLE,2001,W,DEVON AVE,2413,,,,,,,1,FATAL,1,1,0,0,0,0,0,8,2,3,41.99778431,-87.68019292,POINT (-87.680192918813 41.997784312485)
0699746f097cad191d79c4df848908e18c0ffff41b5361d8b200461869ec50d3bf57ab70635f120498c771c75c36e3d5653c369a23386d4fb07ce9c89902f2dd,JD143442,,2/7/2020 13:10,30,TRAFFIC SIGNAL,FUNCTIONING PROPERLY,CLEAR,DAYLIGHT,ANGLE,FOUR WAY,,STRAIGHT AND LEVEL,DRY,NO DEFECTS,,INJURY AND / OR TOW DUE TO CRASH,Y,,Y,"OVER $1,500",2/7/2020 13:42,DISREGARDING TRAFFIC SIGNALS,UNABLE TO DETERMINE,502,S,HAMLIN BLVD,1133,,,,,,,2,NONINCAPACITATING INJURY,1,0,0,1,0,1,0,13,6,2,41.87435036,-87.72053858,POINT (-87.720538575955 41.874350356029)
07085d28ed950182160ca1c075ca447d3e8db1bc5ea39eef0e775b94dee7b7edd2f1c391ee4482ddd531e6e4da593effac45686f8a772db4256bd9ac5766a269,JC340638,,7/8/2019 21:34,30,TRAFFIC SIGNAL,FUNCTIONING PROPERLY,CLEAR,"DARKNESS, LIGHTED ROAD",SIDESWIPE SAME DIRECTION,NOT DIVIDED,,STRAIGHT AND LEVEL,DRY,NO DEFECTS,,NO INJURY / DRIVE AWAY,,,,"$501 - $1,500",7/8/2019 21:34,UNABLE TO DETERMINE,UNABLE TO DETERMINE,10256,S,HALSTED ST,2232,,Y,,,,,2,NO INDICATION OF INJURY,0,0,0,0,0,2,0,21,2,7,41.7070619,-87.64298517,POINT (-87.642985171588 41.707061903841)
07599578fe82d1047b154919cb660f2f089fbbadf3b6adfb7bdedb1dceea76437575c257d4eff911a4a571b7d57a3e88fcac26a91d6ed5857e5a9782f6d4f74e,JG300837,,6/14/2023 11:53,30,NO CONTROLS,UNKNOWN,UNKNOWN,UNKNOWN,SIDESWIPE SAME DIRECTION,NOT DIVIDED,,STRAIGHT AND LEVEL,UNKNOWN,UNKNOWN,,NO INJURY / DRIVE AWAY,Y,,,"$501 - $1,500",6/14/2023 13:47,IMPROPER OVERTAKING/PASSING,IMPROPER OVERTAKING/PASSING,6200,N,SHERIDAN RD,2433,,,,,,,2,NO INDICATION OF INJURY,0,0,0,0,0,2,0,11,4,6,41.9946871,-87.65567455,POINT (-87.655674552491 41.994687098576)
0783d0c265ec77b7f9cddc34d93fcabeb3bcd026b9d921504f6486e90634e6c35b6c3716dee3f46283dae44bb458773e0784be8205fdced4c05babe0a06bf210,JD121504,,1/19/2020 18:12,30,STOP SIGN/FLASHER,FUNCTIONING PROPERLY,CLEAR,"DARKNESS, LIGHTED ROAD",ANGLE,FOUR WAY,,STRAIGHT AND LEVEL,DRY,NO DEFECTS,,NO INJURY / DRIVE AWAY,Y,,,"OVER $1,500",1/19/2020 18:18,FAILING TO YIELD RIGHT-OF-WAY,UNABLE TO DETERMINE,3288,N,ELSTON AVE,1733,,,,,,,2,NO INDICATION OF INJURY,0,0,0,0,0,2,0,18,1,1,41.94112044,-87.70105171,POINT (-87.701051704788 41.941120441968)
07a1b6602abd22ee498c143bcfb934f99df7066b31bbeeb43a169fa24570a7ea56cc8958331632b40be16d898b036c77cec1a2f0cb6267384ce147a74d96ebfb,JC531887,,12/2/2019 15:40,30,STOP SIGN/FLASHER,FUNCTIONING PROPERLY,CLEAR,DAYLIGHT,SIDESWIPE SAME DIRECTION,NOT DIVIDED,,STRAIGHT AND LEVEL,DRY,NO DEFECTS,,NO INJURY / DRIVE AWAY,,,Y,"$501 - $1,500",12/2/2019 15:40,IMPROPER OVERTAKING/PASSING,UNABLE TO DETERMINE,6200,S,AUSTIN AVE,812,,,,,,,2,NO INDICATION OF INJURY,0,0,0,0,0,2,0,15,2,12,41.77960291,-87.77170626,POINT (-87.771706254827 41.77960291068)
081f0e00b5d7ea0545ca0ba6b01ef878329b0f6cfdd68a0c39f0fd0d17ae4df061360dfb814fd08f22d956506a26b58c7087924d8d6dbd0c6634b6586bd41c2f,JD225508,,5/6/2020 10:45,30,STOP SIGN/FLASHER,FUNCTIONING PROPERLY,CLEAR,DAYLIGHT,REAR END,NOT DIVIDED,,STRAIGHT AND LEVEL,DRY,NO DEFECTS,,NO INJURY / DRIVE AWAY,,,Y,"$501 - $1,500",5/6/2020 11:00,NOT APPLICABLE,NOT APPLICABLE,200,S,CENTRAL AVE,1513,,,,,,,2,NO INDICATION OF INJURY,0,0,0,0,0,2,0,10,4,5,41.87773355,-87.7649174,POINT (-87.764917400759 41.877733552643)
08427763624bd394d8b60c6b226dd0c8a83359ed37bbecac562ffd5046303a19988365f21dbbce603687172827a0f5e58d1efd95caa6a4e9d714a4d0ef8e124d,JC539261,,12/7/2019 22:00,30,NO CONTROLS,NO CONTROLS,UNKNOWN,UNKNOWN,PARKED MOTOR VEHICLE,ONE-WAY,,STRAIGHT AND LEVEL,UNKNOWN,NO DEFECTS,,INJURY AND / OR TOW DUE TO CRASH,,,Y,"OVER $1,500",12/8/2019 12:21,NOT APPLICABLE,NOT APPLICABLE,1930,W,POTOMAC AVE,1424,,,,,,,2,NO INDICATION OF INJURY,0,0,0,0,0,1,0,22,7,12,41.90513127,-87.67610021,POINT (-87.676100209014 41.905131271453)
08cda872b0e7eb3ab117a7b663f382b6c7ff15c7f273af23406d6bc9537c71e8a4ff605f692c3476162e48b40b5c6eecc1a59126083844697365b56ee45c4b92,JG333366,,7/8/2023 23:26,35,TRAFFIC SIGNAL,NO CONTROLS,CLEAR,"DARKNESS, LIGHTED ROAD",ANGLE,NOT DIVIDED,,STRAIGHT AND LEVEL,DRY,NO DEFECTS,,INJURY AND / OR TOW DUE TO CRASH,Y,,,"OVER $1,500",7/8/2023 23:45,FAILING TO YIELD RIGHT-OF-WAY,FAILING TO YIELD RIGHT-OF-WAY,7500,S,LAFAYETTE AVE,623,,,,,,,3,NO INDICATION OF INJURY,0,0,0,0,0,6,0,23,7,7,41.75806853,-87.62651698,POINT (-87.626516982328 41.75806853202)
08d5997da06649b2a965f0857fc7da9801111c2e6149e5f769ed8ea2d0a08d7d70db9ecdf2e1248174c8995ce2d6fef977e67934a216269d7efedb4e4e51372a,JC530157,,11/30/2019 23:28,30,NO CONTROLS,NO CONTROLS,RAIN,"DARKNESS, LIGHTED ROAD",SIDESWIPE SAME DIRECTION,ONE-WAY,,STRAIGHT AND LEVEL,WET,NO DEFECTS,,NO INJURY / DRIVE AWAY,,,,"$501 - $1,500",11/30/2019 23:30,FAILING TO YIELD RIGHT-OF-WAY,NOT APPLICABLE,360,W,MADISON ST,122,,,,,,,2,NO INDICATION OF INJURY,0,0,0,0,0,4,0,23,7,11,41.8820229,-87.63708141,POINT (-87.637081411989 41.88202289998)
09140ea23f70e0bad1d48e7dbd849e47d0e501c35a6ca75045fe88e8e0b8da017f40cc937e80696b39da95487ad086f706e7c66ec0defbfef8fb001e639ef16c,JC517344,,11/20/2019 8:35,30,TRAFFIC SIGNAL,FUNCTIONING PROPERLY,CLEAR,DAYLIGHT,TURNING,ONE-WAY,,STRAIGHT AND LEVEL,DRY,NO DEFECTS,,NO INJURY / DRIVE AWAY,,,Y,"$501 - $1,500",11/20/2019 8:50,IMPROPER TURNING/NO SIGNAL,NOT APPLICABLE,127,E,GRAND AVE,1834,,,,,,,2,NO INDICATION OF INJURY,0,0,0,0,0,6,0,8,4,11,41.89162116,-87.62425393,POINT (-87.624253929022 41.891621161011)
09979d04491d5e82259973ba17b27b5a9910b84f3b7940fa2d87f95d430132959ac3732e579f46e24812aaa699127df6e87cfc566f082204cacc84fa58ebe992,JG334428,,7/9/2023 10:00,30,NO CONTROLS,NO CONTROLS,CLEAR,DAYLIGHT,SIDESWIPE OPPOSITE DIRECTION,ONE-WAY,,STRAIGHT AND LEVEL,DRY,NO DEFECTS,,NO INJURY / DRIVE AWAY,,,,"$501 - $1,500",7/9/2023 20:48,IMPROPER BACKING,IMPROPER OVERTAKING/PASSING,1250,S,UNION AVE,1232,,,,,,,2,NO INDICATION OF INJURY,0,0,0,0,0,2,0,10,1,7,41.86578454,-87.64521477,POINT (-87.645214773503 41.865784541222)
099df0fb1acf8285aeae4e87fb978d5e495ddb7200877ecb39ce802c17acdb8e1316f57954a4be048ffab7b529daeb0507dd37a6599b2ad60b5c52d48c34f281,JD145578,,2/7/2020 20:49,30,NO CONTROLS,NO CONTROLS,CLEAR,"DARKNESS, LIGHTED ROAD",PARKED MOTOR VEHICLE,NOT DIVIDED,,STRAIGHT AND LEVEL,DRY,UNKNOWN,,NO INJURY / DRIVE AWAY,,,Y,"OVER $1,500",2/9/2020 11:50,UNABLE TO DETERMINE,UNABLE TO DETERMINE,2901,N,KOSTNER AVE,2523,,,,,,,2,NO INDICATION OF INJURY,0,0,0,0,0,1,0,20,6,2,41.93359149,-87.73671461,POINT (-87.73671461251 41.933591490041)
09e1dcc98f03f95cb9b5064fb6a5f7c0fcf5f43152849aeb69db0e4dc216a4343a66f0a6fcb3d2e80c9b0377d6ab0eeef8a550a5f0733b9dd1bc5afdf9cc1809,JD241566,,5/24/2020 17:30,25,NO CONTROLS,NO CONTROLS,CLEAR,DAYLIGHT,ANGLE,NOT DIVIDED,,STRAIGHT AND LEVEL,DRY,NO DEFECTS,,INJURY AND / OR TOW DUE TO CRASH,Y,,,"OVER $1,500",5/24/2020 17:33,DISTRACTION - FROM OUTSIDE VEHICLE,NOT APPLICABLE,2200,S,RIDGEWAY AVE,1013,,,,,,,4,"REPORTED, NOT EVIDENT",1,0,0,0,1,1,0,17,1,5,41.85154376,-87.71879676,POINT (-87.718796762371 41.851543763146)
0a261ebd600a2f9d587f4063b18ec437fa3a5348227fc2a92f680e23ffbc5d29b2170f3f0316691c9c8fdee77bb145641c1426121845160feb229a5cc522886b,JC445240,,9/23/2019 14:05,15,NO CONTROLS,NO CONTROLS,CLEAR,DAYLIGHT,TURNING,PARKING LOT,,STRAIGHT AND LEVEL,DRY,NO DEFECTS,,NO INJURY / DRIVE AWAY,,,,"$501 - $1,500",9/23/2019 14:09,FAILING TO YIELD RIGHT-OF-WAY,NOT APPLICABLE,4355,N,SHERIDAN RD,1915,,,,,,,2,NO INDICATION OF INJURY,0,0,0,0,0,2,0,14,2,9,41.96139778,-87.65459298,POINT (-87.654592974847 41.961397779903)
0a41d1ce46b4912282df4f3d498a5bf75f52213a14743f80c9056605e6b8bad4edb535dd753f49f1679b4e8c621fb3603fb7f8b0097c0a9acb8a9ba2c96c06b8,JG240557,,4/19/2023 17:07,30,TRAFFIC SIGNAL,FUNCTIONING PROPERLY,CLEAR,DAYLIGHT,PEDALCYCLIST,NOT DIVIDED,,STRAIGHT AND LEVEL,DRY,NO DEFECTS,,INJURY AND / OR TOW DUE TO CRASH,Y,,Y,"$501 - $1,500",4/28/2023 12:30,IMPROPER TURNING/NO SIGNAL,NOT APPLICABLE,146,N,DEARBORN ST,111,,,,,,,2,"REPORTED, NOT EVIDENT",1,0,0,0,1,1,0,17,4,4,41.8843896,-87.6295991,POINT (-87.629599098569 41.884389603817)
0a8414ae255f09e7a6d7b1f419c80622acafe3b78adf5bfd920dbeef5c1822bea7570421119dfb40986437e23264fe433655bffc64d613062462ed734262561d,JG332443,,7/8/2023 8:10,30,OTHER,UNKNOWN,UNKNOWN,UNKNOWN,SIDESWIPE SAME DIRECTION,DIVIDED - W/MEDIAN (NOT RAISED),,STRAIGHT AND LEVEL,WET,UNKNOWN,,NO INJURY / DRIVE AWAY,N,N,Y,$500 OR LESS,7/8/2023 8:25,NOT APPLICABLE,IMPROPER OVERTAKING/PASSING,1911,W,63RD ST,726,,,,N,,,2,NO INDICATION OF INJURY,0,0,0,0,0,2,0,8,7,7,41.77923449,-87.67191174,POINT (-87.67191173611 41.779234488716)
0ac9b112bedf258beac2245af8255fbd8070bd0490304f8452eb59cf6e20054c20161a62a4c2df84212d386baf8c21a640905708c65b5b5b07453c076b96e19b,JC554117,,12/20/2019 15:47,30,STOP SIGN/FLASHER,UNKNOWN,CLEAR,DAYLIGHT,TURNING,CENTER TURN LANE,,STRAIGHT AND LEVEL,DRY,NO DEFECTS,,NO INJURY / DRIVE AWAY,Y,,,"OVER $1,500",12/20/2019 15:50,UNABLE TO DETERMINE,NOT APPLICABLE,5500,S,DR MARTIN LUTHER KING JR DR,231,,,,,,,2,NO INDICATION OF INJURY,0,0,0,0,0,2,0,15,6,12,41.79445668,-87.61611883,POINT (-87.616118829535 41.794456675068)
0adcbe35ae1796686ebf791ae362ea6fcab7117c8f536ce11e99873e68c5bbee19f10fdf9ec74f94caeb1c9584f52c1fc1aad183c1c24afb260b2a18d0f61ac9,JD233008,,5/14/2020 12:00,30,NO CONTROLS,NO CONTROLS,CLEAR,DAYLIGHT,PARKED MOTOR VEHICLE,PARKING LOT,,STRAIGHT AND LEVEL,DRY,UNKNOWN,,NO INJURY / DRIVE AWAY,,Y,,"OVER $1,500",5/15/2020 12:00,UNABLE TO DETERMINE,UNABLE TO DETERMINE,1700,W,ROOSEVELT RD,1231,,,,,,,2,NO INDICATION OF INJURY,0,0,0,0,0,1,0,12,5,5,41.86696747,-87.6689671,POINT (-87.668967097994 41.866967466182)
0b177280875b7c155b5646cdbb0937b3d99896b316dda70fe550b4a891f38c0f41cdd9b761dc076362ae931c6d6ce75632cb276f44b1568499e36b2c5e3e7bc6,JD189253,,3/18/2020 5:30,30,TRAFFIC SIGNAL,FUNCTIONING PROPERLY,CLEAR,DAWN,TURNING,NOT DIVIDED,,"CURVE, LEVEL",DRY,NO DEFECTS,,INJURY AND / OR TOW DUE TO CRASH,Y,,,"OVER $1,500",3/18/2020 7:22,UNABLE TO DETERMINE,UNABLE TO DETERMINE,8700,S,HOLLAND RD,634,,,,,,,2,NONINCAPACITATING INJURY,1,0,0,1,0,1,0,5,4,3,41.73586727,-87.6327948,POINT (-87.632794801154 41.735867264645)
0b2afb668ee1814963a2db3e5b1f9f466eb2e6417473555a4a803d041ef29150d46e505157bbfb6f8ec1c1b69d2574bebd19a2cd5117ab7651620fc398297f8a,JG304987,,6/17/2023 17:50,30,UNKNOWN,UNKNOWN,UNKNOWN,UNKNOWN,SIDESWIPE SAME DIRECTION,NOT DIVIDED,,STRAIGHT AND LEVEL,UNKNOWN,UNKNOWN,,NO INJURY / DRIVE AWAY,,,,"OVER $1,500",6/17/2023 18:48,UNABLE TO DETERMINE,UNABLE TO DETERMINE,16,W,DIVISION ST,1824,,,,,,,2,NO INDICATION OF INJURY,0,0,0,0,0,2,0,17,7,6,41.90404035,-87.62933546,POINT (-87.629335459376 41.904040349284)
0b31ae8befa2e79668af2c0ed45d35a34a0aa80d092436205d5f51cc9c2b0fcada2b7d27d3f0bc369b0b06263f1533b4db8c2eb8a3bf8b897d8ea685462199de,JC396604,,8/17/2019 16:04,30,NO CONTROLS,NO CONTROLS,CLEAR,DAYLIGHT,PARKED MOTOR VEHICLE,PARKING LOT,,STRAIGHT AND LEVEL,DRY,NO DEFECTS,,NO INJURY / DRIVE AWAY,,,Y,"$501 - $1,500",8/17/2019 18:30,UNABLE TO DETERMINE,UNABLE TO DETERMINE,3700,N,WESTERN AVE,1921,,,,,,,2,NO INDICATION OF INJURY,0,0,0,0,0,1,0,16,7,8,41.94863688,-87.68845751,POINT (-87.688457506457 41.948636883802)
0b326f85cd87f8957941e309a265112e91c2296d0246a7f7541eef8ec76be819d1892dd5a1de96e8af3cbc3f0b29bca56843a2f78009a05c4d5f23a7f0399dee,JG189798,,3/18/2023 4:35,30,TRAFFIC SIGNAL,FUNCTIONING PROPERLY,CLEAR,"DARKNESS, LIGHTED ROAD",SIDESWIPE OPPOSITE DIRECTION,FOUR WAY,,STRAIGHT AND LEVEL,DRY,NO DEFECTS,,NO INJURY / DRIVE AWAY,Y,,,"OVER $1,500",3/18/2023 4:46,DRIVING ON WRONG SIDE/WRONG WAY,FAILING TO REDUCE SPEED TO AVOID CRASH,5500,S,CICERO AVE,813,,,,,,,2,NO INDICATION OF INJURY,0,0,0,0,0,2,0,4,7,3,41.79291088,-87.74207734,POINT (-87.742077342959 41.792910883497)
0baf698171a326dd006ebf6b59e8a9561f8a93195d21872b1b4d93de5ba56865385530343d5b5d3a187f60f9ae3e138cbcfa43a73be44816a3e60181012124c4,JD110008,,1/9/2020 13:00,15,NO CONTROLS,NO CONTROLS,CLEAR,"DARKNESS, LIGHTED ROAD",PARKED MOTOR VEHICLE,PARKING LOT,,STRAIGHT AND LEVEL,DRY,UNKNOWN,,NO INJURY / DRIVE AWAY,,,,"$501 - $1,500",1/9/2020 16:30,UNABLE TO DETERMINE,NOT APPLICABLE,5140,N,CALIFORNIA AVE,2031,,,,,,,2,NO INDICATION OF INJURY,0,0,0,0,0,1,0,13,5,1,41.97522,-87.69904676,POINT (-87.69904675522 41.975219998183)
0bcc89da534a8bf3939bc93798d16f601f88e4d032218b73b046ca48741256dd6688af91b4a1e17f76ae29d52ccc339f40297f21e8b2d276b449bee3bd58b6ae,JG281388,,5/30/2023 18:17,30,NO CONTROLS,NO CONTROLS,CLEAR,DAYLIGHT,REAR END,NOT DIVIDED,,STRAIGHT AND LEVEL,UNKNOWN,UNKNOWN,,INJURY AND / OR TOW DUE TO CRASH,,,,"$501 - $1,500",5/30/2023 19:20,UNABLE TO DETERMINE,UNABLE TO DETERMINE,5964,N,RIDGE AVE,2012,,,,,,,2,NONINCAPACITATING INJURY,1,0,0,1,0,2,0,18,3,5,41.99010931,-87.67108296,POINT (-87.671082956577 41.990109308564)
0be46b966b0047ce8df76417a8fd6785960e41c9e67cfb03936b9084635b1630f96e510aef29936ecf47863c758cf0bb0634fd9263f2e7e6ef90a96f2edee468,JG287153,,6/3/2023 19:35,40,UNKNOWN,UNKNOWN,CLEAR,"DARKNESS, LIGHTED ROAD",TURNING,DIVIDED - W/MEDIAN (NOT RAISED),,STRAIGHT AND LEVEL,UNKNOWN,UNKNOWN,,INJURY AND / OR TOW DUE TO CRASH,,,,"OVER $1,500",6/3/2023 19:44,DISREGARDING ROAD MARKINGS,NOT APPLICABLE,5253,S,PULASKI RD,822,,,,,,,2,NONINCAPACITATING INJURY,1,0,0,1,0,1,0,19,7,6,41.79710974,-87.72312435,POINT (-87.723124350529 41.797109735429)
0c08737187aecc932e3c2e26b7b95f5842b76c99cbcda0577dade2ea90311a882e1e8e5678f701c45456f6cb994d6388fa8e190d13ab20abf03f90ddf6f7b6fa,JD228674,,5/10/2020 4:47,25,NO CONTROLS,NO CONTROLS,CLEAR,DAWN,PARKED MOTOR VEHICLE,NOT DIVIDED,,STRAIGHT AND LEVEL,DRY,NO DEFECTS,,NO INJURY / DRIVE AWAY,,,Y,"OVER $1,500",5/10/2020 4:47,UNABLE TO DETERMINE,DRIVING SKILLS/KNOWLEDGE/EXPERIENCE,344,E,108TH ST,513,,,,,,,2,NO INDICATION OF INJURY,0,0,0,0,0,1,0,4,1,5,41.69829295,-87.61417569,POINT (-87.614175688523 41.698292946113)