CRASH_RECORD_ID,RD_NO,CRASH_DATE_EST_I,CRASH_DATE,POSTED_SPEED_LIMIT,TRAFFIC_CONTROL_DEVICE,DEVICE_CONDITION,WEATHER_CONDITION,LIGHTING_CONDITION,FIRST_CRASH_TYPE,TRAFFICWAY_TYPE,LANE_CNT,ALIGNMENT,ROADWAY_SURFACE_COND,ROAD_DEFECT,REPORT_TYPE,CRASH_TYPE,INTERSECTION_RELATED_I,NOT_RIGHT_OF_WAY_I,HIT_AND_RUN_I,DAMAGE,DATE_POLICE_NOTIFIED,PRIM_CONTRIBUTORY_CAUSE,SEC_CONTRIBUTORY_CAUSE,STREET_NO,STREET_DIRECTION,STREET_NAME,BEAT_OF_OCCURRENCE,PHOTOS_TAKEN_I,STATEMENTS_TAKEN_I,DOORING_I,WORK_ZONE_I,WORK_ZONE_TYPE,WORKERS_PRESENT_I,NUM_UNITS,MOST_SEVERE_INJURY,INJURIES_TOTAL,INJURIES_FATAL,INJURIES_INCAPACITATING,INJURIES_NON_INCAPACITATING,INJURIES_REPORTED_NOT_EVIDENT,INJURIES_NO_INDICATION,INJURIES_UNKNOWN,CRASH_HOUR,CRASH_DAY_OF_WEEK,CRASH_MONTH,LATITUDE,LONGITUDE,LOCATION
0c1aac0a0f4c9ccd94a34135f1e875ed75b83d3231ef540d465db5e21ade71a781a97309146f0c1b1a7122f945a34d97b16158425df93e7f42ede54e7c05cf61,JD186944,,3/15/2020 20:30,25,TRAFFIC SIGNAL,FUNCTIONING PROPERLY,CLEAR,UNKNOWN,REAR END,NOT DIVIDED,,STRAIGHT AND LEVEL,DRY,NO DEFECTS,,NO INJURY / DRIVE AWAY,,,Y,"$501 - $1,500",3/15/2020 21:50,FOLLOWING TOO CLOSELY,UNABLE TO DETERMINE,4800,W,NORTH AVE,2533,,,,,,,2,NO INDICATION OF INJURY,0,0,0,0,0,2,0,20,1,3,41.90973389,-87.74624497,POINT (-87.746244972959 41.909733890131)
0c278342be0daa4d08777b912676daf184e046ab3a8e15b6ccd2b65e48a76fe4faa20c580598290d1f5ae5a87d23c6c8f0a3c15881c4d5d61426deefeeb03702,JC387223,,8/10/2019 19:13,30,NO CONTROLS,NO CONTROLS,CLEAR,DAYLIGHT,PEDESTRIAN,NOT DIVIDED,,STRAIGHT AND LEVEL,DRY,NO DEFECTS,,INJURY AND / OR TOW DUE TO CRASH,,,,"OVER $1,500",8/10/2019 19:13,"OPERATING VEHICLE IN ERRATIC, RECKLESS, CARELESS, NEGLIGENT OR AGGRESSIVE MANNER",UNABLE TO DETERMINE,405,E,61ST ST,313,,,,,,,3,INCAPACITATING INJURY,3,0,1,2,0,0,0,19,7,8,41.78377901,-87.61547286,POINT (-87.615472856644 41.783779009672)
0c29502a3cb914b232a3443bfc602e1a34773fa61b2db04b5b6098bdc076952bbec0c668cff934137b91f8ebce9213d53d695c606e281a05ad3b4a87ff425bb8,JC365260,,7/26/2019 10:45,30,STOP SIGN/FLASHER,FUNCTIONING PROPERLY,CLEAR,DAYLIGHT,REAR END,NOT DIVIDED,,STRAIGHT AND LEVEL,DRY,NO DEFECTS,,INJURY AND / OR TOW DUE TO CRASH,Y,,,"OVER $1,500",7/26/2019 10:50,FOLLOWING TOO CLOSELY,NOT APPLICABLE,1402,S,MCCORMICK PL BUSWAY,132,,,,,,,2,"REPORTED, NOT EVIDENT",1,0,0,0,1,2,0,10,6,7,41.86424791,-87.62039617,POINT (-87.620396170134 41.864247912186)
0c3d01400fac3c9852d2a3ecb6fd182b2ebc22947872af9dc10e9cebad536b5f2f8fbba269ebbc6e9f8adfdef05399be58b103785d2fe096ca74c50cd6faf052,JC381020,,8/6/2019 12:48,35,NO CONTROLS,NO CONTROLS,CLEAR,DAYLIGHT,SIDESWIPE SAME DIRECTION,NOT DIVIDED,,STRAIGHT AND LEVEL,DRY,NO DEFECTS,,INJURY AND / OR TOW DUE TO CRASH,,,,"OVER $1,500",8/6/2019 12:56,UNABLE TO DETERMINE,UNABLE TO DETERMINE,1257,W,NORTH AVE,1433,,,,,,,2,NONINCAPACITATING INJURY,1,0,0,1,0,3,0,12,3,8,41.91065442,-87.65908981,POINT (-87.659089812763 41.910654418111)
0cff750f1200f8d0faac03d96ff4603c7ed6d5aca00d906e36fb4d2b1b082175a9da297899de7907c87ba128db7c2cd59a96b522a4e2416a4070c869199352c9,JC129331,,1/22/2019 14:45,20,NO CONTROLS,NO CONTROLS,CLEAR,DAYLIGHT,OTHER NONCOLLISION,DIVIDED - W/MEDIAN (NOT RAISED),2,STRAIGHT AND LEVEL,DRY,"RUT, HOLES",,NO INJURY / DRIVE AWAY,,,,"$501 - $1,500",1/25/2019 14:00,ROAD CONSTRUCTION/MAINTENANCE,UNABLE TO DETERMINE,2300,W,71ST ST,832,,,,,,,2,NO INDICATION OF INJURY,0,0,0,0,0,1,0,14,3,1,41.76484395,-87.68076673,POINT (-87.680766731476 41.764843944686)
0d06a47b273bd2801064bd957f7f992d5a40b2836cbc467b4c98b16068062f8f4a338850bd4cfa47b4689e7446d250e728685db7bd056a050b57623110a49a54,JD149457,,2/12/2020 16:29,30,TRAFFIC SIGNAL,FUNCTIONING PROPERLY,SNOW,"DARKNESS, LIGHTED ROAD",ANGLE,NOT DIVIDED,,STRAIGHT AND LEVEL,SNOW OR SLUSH,NO DEFECTS,,NO INJURY / DRIVE AWAY,,,Y,$500 OR LESS,2/12/2020 17:04,UNABLE TO DETERMINE,UNABLE TO DETERMINE,1150,S,KOSTNER AVE,1131,,,,,,,2,NO INDICATION OF INJURY,0,0,0,0,0,2,0,16,4,2,41.86634727,-87.73512241,POINT (-87.735122411848 41.866347269155)
0e2304159bbc435ca0c0e9176211b2a6e073bd62495679faee9b7bc2e604296ab460da6665fd39948a5b19eb5ad474d76c8d2aef57d39ebc829108e5afbefbed,JD253973,,6/4/2020 18:00,20,STOP SIGN/FLASHER,UNKNOWN,CLEAR,"DARKNESS, LIGHTED ROAD",TURNING,NOT DIVIDED,,STRAIGHT AND LEVEL,DRY,UNKNOWN,,NO INJURY / DRIVE AWAY,,,,"$501 - $1,500",6/4/2020 20:20,NOT APPLICABLE,NOT APPLICABLE,10200,S,TORRENCE AVE,431,,,,,,,2,NO INDICATION OF INJURY,0,0,0,0,0,2,0,18,5,6,41.70987353,-87.5598473,POINT (-87.559847295114 41.709873532259)
0e44b481f5433e93a5a069f44ce4c79cfdad30ee4191c36cc9f85e474340783fa0409d75209aad0e5618cfbba59207682b8a2894faea4fd796997efe5cb32af4,JC402842,,8/22/2019 15:37,30,STOP SIGN/FLASHER,NO CONTROLS,CLEAR,DAYLIGHT,PARKED MOTOR VEHICLE,NOT DIVIDED,,STRAIGHT AND LEVEL,DRY,NO DEFECTS,,INJURY AND / OR TOW DUE TO CRASH,,,Y,"OVER $1,500",8/22/2019 15:37,UNABLE TO DETERMINE,UNABLE TO DETERMINE,6329,W,BERTEAU AVE,1624,,,,,,,2,NONINCAPACITATING INJURY,2,0,0,2,0,0,0,15,5,8,41.95647651,-87.785397,POINT (-87.785397003369 41.95647650879)
0e63623a934efd69c9da43036bc72daa49667bff63dbe350d33687b343f6f04ba4e367c42051160ef7d61ee8c577120d71340be19fdf99fd071dc63b03d76027,JC494497,,11/1/2019 11:45,30,NO CONTROLS,NO CONTROLS,CLEAR,DAYLIGHT,SIDESWIPE SAME DIRECTION,NOT DIVIDED,,STRAIGHT AND LEVEL,DRY,NO DEFECTS,,NO INJURY / DRIVE AWAY,,,,"OVER $1,500",11/1/2019 12:00,IMPROPER OVERTAKING/PASSING,NOT APPLICABLE,8430,W,BRYN MAWR AVE,1614,,,,,,,2,NO INDICATION OF INJURY,0,0,0,0,0,3,0,11,6,11,41.98121021,-87.83801332,POINT (-87.838013315423 41.981210209824)
0e651e0d0d0b9d5ab11963e19eb99d1d2dbf0f4cfb164dc1cc9e4d7843d29eb3d175e8869b91494ecf5e532fc2b12badde04c51586e3e78f6ec4f949167750fc,JD179519,,3/9/2020 9:55,30,STOP SIGN/FLASHER,UNKNOWN,CLEAR,DAYLIGHT,REAR END,NOT DIVIDED,,STRAIGHT AND LEVEL,DRY,UNKNOWN,,NO INJURY / DRIVE AWAY,,,,"$501 - $1,500",3/9/2020 13:25,HAD BEEN DRINKING (USE WHEN ARREST IS NOT MADE),UNABLE TO DETERMINE,2058,W,83RD ST,614,,,,,,,2,NO INDICATION OF INJURY,0,0,0,0,0,2,0,9,2,3,41.74302133,-87.67534662,POINT (-87.675346615171 41.743021327124)
0e8aedb7294450ab4d9fb019c84dbe96e521283a9f49509f04432a77a1103fd48ff29f4b315135f130a02db26178af3d1ca614a43e60a0c84f5c16b8fd3d03bd,JC373414,,8/1/2019 6:00,25,NO CONTROLS,NO CONTROLS,CLEAR,DAYLIGHT,PARKED MOTOR VEHICLE,NOT DIVIDED,,STRAIGHT AND LEVEL,DRY,NO DEFECTS,,INJURY AND / OR TOW DUE TO CRASH,,,Y,"OVER $1,500",8/1/2019 6:03,UNABLE TO DETERMINE,UNABLE TO DETERMINE,5830,W,61ST ST,812,,,,,,,3,NO INDICATION OF INJURY,0,0,0,0,0,1,0,6,5,8,41.7817153,-87.76791446,POINT (-87.767914455086 41.781715299356)
0e9dedf4ab76c390f92d3572d50a2ce94be349754b9707fa3673bdec77624f15f419f65f765429373ccdc04d9d6d9fbc900ddc07ba9c79cf8bb1501674677a74,JC523010,,11/24/2019 16:42,30,NO CONTROLS,NO CONTROLS,CLEAR,"DARKNESS, LIGHTED ROAD",PEDESTRIAN,PARKING LOT,,STRAIGHT AND LEVEL,DRY,NO DEFECTS,,INJURY AND / OR TOW DUE TO CRASH,,,Y,"OVER $1,500",11/24/2019 17:00,UNABLE TO DETERMINE,NOT APPLICABLE,430,E,WALDRON DR,132,,,,,,,2,NONINCAPACITATING INJURY,1,0,0,1,0,1,0,16,1,11,41.86046197,-87.6158818,POINT (-87.61588180426 41.86046197202)
0ea2829e03f8d8530a9d989a161e7933aa114f70f04728676cb12a5a167b7e1784c6e71c83ea7a34c84f88579feb261c1d98ce41235f762656518366e19878a0,JC547905,,12/15/2019 13:25,30,NO CONTROLS,NO CONTROLS,CLEAR,DAYLIGHT,SIDESWIPE SAME DIRECTION,NOT DIVIDED,,STRAIGHT AND LEVEL,DRY,NO DEFECTS,,NO INJURY / DRIVE AWAY,,,,"$501 - $1,500",12/15/2019 14:55,UNABLE TO DETERMINE,UNABLE TO DETERMINE,750,N,RUSH ST,1833,,,,,,,2,NO INDICATION OF INJURY,0,0,0,0,0,2,0,13,1,12,41.89645531,-87.62564517,POINT (-87.625645166504 41.896455313367)
0ee4c669b154cd00de99eb905e01a48c080404afc13d9a9701a1401303c8d8516817fc7322058ccda198284fb4ff2ee2c3bfa4c0e70b8be7480a195b4c2103f3,JC533736,,12/3/2019 23:00,30,STOP SIGN/FLASHER,OTHER,CLEAR,"DARKNESS, LIGHTED ROAD",ANGLE,FOUR WAY,,STRAIGHT AND LEVEL,DRY,NO DEFECTS,,INJURY AND / OR TOW DUE TO CRASH,Y,Y,Y,"OVER $1,500",12/3/2019 23:01,UNABLE TO DETERMINE,UNABLE TO DETERMINE,3800,S,ALBANY AVE,911,,,,,,,3,NO INDICATION OF INJURY,0,0,0,0,0,3,0,23,3,12,41.82441634,-87.70214692,POINT (-87.70214692212 41.824416341364)
0f102107be9b56ff872566563f53599d38e09f745d703bab53cbab28b099af363d67e3cfbb18a6d89edd0b9e7f53d6ee45db550b955d2d8f5ebc667a4c510959,JC387387,,8/10/2019 22:09,30,TRAFFIC SIGNAL,FUNCTIONING PROPERLY,CLEAR,"DARKNESS, LIGHTED ROAD",TURNING,CENTER TURN LANE,,STRAIGHT AND LEVEL,DRY,NO DEFECTS,,INJURY AND / OR TOW DUE TO CRASH,Y,,,$500 OR LESS,8/10/2019 22:30,FOLLOWING TOO CLOSELY,FAILING TO REDUCE SPEED TO AVOID CRASH,7300,S,COTTAGE GROVE AVE,323,,,,,,,2,NONINCAPACITATING INJURY,2,0,0,2,0,1,0,22,7,8,41.76213628,-87.60563349,POINT (-87.605633490465 41.762136276864)
0f3083d63562a45c6612e603dc4fb29a3faa44dde64b12de56921a47eacb95b9c4cfb599b54ab746cc0c6132c6004161c10eb606518bca11c5fd2e4116a17f5d,JD221460,,5/1/2020 13:50,30,NO CONTROLS,NO CONTROLS,CLEAR,DAYLIGHT,ANGLE,DIVIDED - W/MEDIAN (NOT RAISED),,STRAIGHT AND LEVEL,DRY,NO DEFECTS,,NO INJURY / DRIVE AWAY,,,,"$501 - $1,500",5/1/2020 14:04,FAILING TO YIELD RIGHT-OF-WAY,UNABLE TO DETERMINE,8700,S,WOOD ST,2221,,,,,,,2,NO INDICATION OF INJURY,0,0,0,0,0,2,0,13,6,5,41.73563302,-87.66807009,POINT (-87.668070092662 41.735633020702)
0f8355f917003888875f02e5f52841c0ca2ffb73008e3907fff4b79bb26e5353fefcb46fff893ecd5d4a24f55b86918e604b8a7e166ed1f152300acc6f4bcc10,JD115963,,1/14/2020 12:00,30,STOP SIGN/FLASHER,NO CONTROLS,CLEAR,DAYLIGHT,PARKED MOTOR VEHICLE,ONE-WAY,,STRAIGHT ON GRADE,DRY,NO DEFECTS,,NO INJURY / DRIVE AWAY,,,Y,"$501 - $1,500",1/14/2020 21:15,NOT APPLICABLE,NOT APPLICABLE,1298,W,ADAMS ST,1224,,,,,,,2,NO INDICATION OF INJURY,0,0,0,0,0,1,0,12,3,1,41.87913069,-87.65937102,POINT (-87.659371019033 41.879130687558)
0fb28852d5b796ac3f45cee2c67c57aa1fe41c55fe5bc78a069c6c4801814140729fcfd816d008f908cce7a060b82275b62a7d68e11cfa982eef774c68ff4a14,JC472604,,10/14/2019 16:18,30,TRAFFIC SIGNAL,FUNCTIONING PROPERLY,CLEAR,DAYLIGHT,TURNING,NOT DIVIDED,,STRAIGHT AND LEVEL,DRY,NO DEFECTS,,INJURY AND / OR TOW DUE TO CRASH,Y,,,"OVER $1,500",10/14/2019 17:30,UNABLE TO DETERMINE,NOT APPLICABLE,500,N,WESTERN AVE,1221,,,,,,,2,NONINCAPACITATING INJURY,1,0,0,1,0,1,0,16,2,10,41.89071937,-87.686843,POINT (-87.686842995878 41.890719364739)
0fc18e90eb09832c8297017ee85e275d6a5b32c78e53f494631b9b1b81662d0c917de05439f3ed8c7e4b238d2e4258b28aa9c7643b68038eb73369dc047e1e0c,JG162993,,2/23/2023 12:15,30,NO CONTROLS,NO CONTROLS,CLEAR,DAYLIGHT,REAR TO FRONT,NOT DIVIDED,,STRAIGHT AND LEVEL,DRY,NO DEFECTS,,NO INJURY / DRIVE AWAY,,,,$500 OR LESS,2/23/2023 13:00,UNABLE TO DETERMINE,NOT APPLICABLE,808,W,LAKE ST,1214,,,,,,,2,NO INDICATION OF INJURY,0,0,0,0,0,2,0,12,5,2,41.88576729,-87.64788567,POINT (-87.64788566901 41.885767285022)
0fcdc321272fac23dee907e2fde5cdfa69f0c9341ac2141ce0946cb98596646da6d472493bc172eee3c33a5be2fec6d13a8add026b9207ef1ca27f0b8e170a1d,JD172171,,3/3/2020 8:00,30,TRAFFIC SIGNAL,FUNCTIONING PROPERLY,CLEAR,DAYLIGHT,REAR END,NOT DIVIDED,,STRAIGHT AND LEVEL,DRY,NO DEFECTS,,NO INJURY / DRIVE AWAY,,,Y,$500 OR LESS,3/3/2020 8:07,FOLLOWING TOO CLOSELY,NOT APPLICABLE,10600,S,EWING AVE,432,,,,,,,2,NO INDICATION OF INJURY,0,0,0,0,0,2,0,8,3,3,41.70264303,-87.53542985,POINT (-87.535429846322 41.702643027286)
0fd67158e16d6bd633dd8b9c3b9c8fcb53b89802e668c9da862a7c0ea891d50aecd806fb718c27f6f542f5d310f2e426af71da27b580e9bb1cf0e3e1e1b7f356,JG329709,,7/5/2023 19:15,30,NO CONTROLS,NO CONTROLS,CLEAR,"DARKNESS, LIGHTED ROAD",PARKED MOTOR VEHICLE,NOT DIVIDED,,STRAIGHT AND LEVEL,DRY,UNKNOWN,,NO INJURY / DRIVE AWAY,,,,"OVER $1,500",7/6/2023 9:30,DRIVING SKILLS/KNOWLEDGE/EXPERIENCE,NOT APPLICABLE,7050,S,EUCLID AVE,332,,,,,,,2,NO INDICATION OF INJURY,0,0,0,0,0,3,0,19,4,7,41.76659112,-87.57768883,POINT (-87.577688831889 41.766591114511)
10be2da840f038ffe154e53624510b28ec6808a74897376bf48889ad4b894f42c6ef973d0f33cf1cf17b2c48a2bec5552b9fcd628614f0abb5cc1f1fb35c7d7b,JD173446,,3/4/2020 7:30,30,NO CONTROLS,NO CONTROLS,CLEAR,DAYLIGHT,PEDESTRIAN,DIVIDED - W/MEDIAN (NOT RAISED),,STRAIGHT AND LEVEL,DRY,NO DEFECTS,,INJURY AND / OR TOW DUE TO CRASH,,,Y,$500 OR LESS,3/4/2020 8:30,UNABLE TO DETERMINE,NOT APPLICABLE,4136,S,CALIFORNIA AVE,921,,,,,,,2,NONINCAPACITATING INJURY,1,0,0,1,0,1,0,7,4,3,41.81871101,-87.69467483,POINT (-87.694674831795 41.818711006877)
10c1be1f11595998705768878d6da7c916fecc66010f604c11ea33250271fc51f12b43d6637fb05e56a9a5f71238cb121fde5d6abafb387a6a8752e481e0dddd,JD112006,,1/11/2020 11:44,30,NO CONTROLS,NO CONTROLS,RAIN,DAYLIGHT,TURNING,RAMP,,STRAIGHT AND LEVEL,WET,NO DEFECTS,,NO INJURY / DRIVE AWAY,,,,"OVER $1,500",1/11/2020 12:00,IMPROPER OVERTAKING/PASSING,UNABLE TO DETERMINE,1631,W,ARMITAGE AVE,1433,,,,,,,2,NO INDICATION OF INJURY,0,0,0,0,0,3,0,11,7,1,41.91781515,-87.66868223,POINT (-87.668682228809 41.917815150821)
10c2e65214b1803f8ac5cef2db8118f12ca016bb279efc514de02c5306a581c1768ef399183a738d970644103f8a5dfe9cc555b99be11889383df967e15a15f7,JC508748,,11/12/2019 13:37,30,TRAFFIC SIGNAL,FUNCTIONING PROPERLY,CLEAR,DAYLIGHT,REAR END,NOT DIVIDED,,STRAIGHT AND LEVEL,UNKNOWN,NO DEFECTS,,INJURY AND / OR TOW DUE TO CRASH,,,Y,"$501 - $1,500",11/13/2019 10:15,FOLLOWING TOO CLOSELY,FOLLOWING TOO CLOSELY,3700,N,KIMBALL AVE,1732,,,,,,,2,NONINCAPACITATING INJURY,1,0,0,1,0,1,0,13,3,11,41.94843625,-87.71291527,POINT (-87.712915274113 41.948436250628)
110a7422b1ff6f22d7782054668470ec03130de1ef823ade739372781680893ab312d35f0028323791deb02f7a1a66e8f8420759d5653090b743c419ff97fdc1,JC371468,,7/30/2019 12:10,30,NO CONTROLS,NO CONTROLS,CLEAR,DAYLIGHT,PARKED MOTOR VEHICLE,ONE-WAY,,STRAIGHT AND LEVEL,DRY,NO DEFECTS,,NO INJURY / DRIVE AWAY,,,Y,"OVER $1,500",7/30/2019 17:32,UNABLE TO DETERMINE,NOT APPLICABLE,5127,S,SPAULDING AVE,822,,,,,,,2,NO INDICATION OF INJURY,0,0,0,0,0,1,0,12,3,7,41.7999623,-87.70604486,POINT (-87.706044857416 41.799962297497)
1144f2c8d56bbc432b8b8324e152457e3a6e4225fcb7809502a160a1ec258e5dd6a130523b23b53e083109cb69d13e6a4f924575d82941d93453e7cd87c6c151,JD178773,,3/8/2020 19:25,30,STOP SIGN/FLASHER,FUNCTIONING PROPERLY,CLEAR,DUSK,ANGLE,FOUR WAY,,STRAIGHT AND LEVEL,DRY,NO DEFECTS,,INJURY AND / OR TOW DUE TO CRASH,Y,,,"OVER $1,500",3/8/2020 19:30,DISREGARDING STOP SIGN,UNABLE TO DETERMINE,6100,S,GREEN ST,712,,,,,,,2,NONINCAPACITATING INJURY,1,0,0,1,0,3,0,19,1,3,41.78330897,-87.64624564,POINT (-87.646245644357 41.783308967654)
115870148847ad33e5d78378838ed9abd8d7130e9cfc113dcf01b64633575b0475dca45371d5be2bae4e33e78fdc4eaedbf55f57fcfc69f193571cb50ffc6a76,JG314732,,6/24/2023 19:52,30,STOP SIGN/FLASHER,NO CONTROLS,CLEAR,DAYLIGHT,HEAD ON,ONE-WAY,,STRAIGHT AND LEVEL,DRY,NO DEFECTS,,INJURY AND / OR TOW DUE TO CRASH,,,,"OVER $1,500",6/24/2023 20:17,IMPROPER OVERTAKING/PASSING,FAILING TO YIELD RIGHT-OF-WAY,8055,S,DORCHESTER AVE,411,,,,,,,3,NO INDICATION OF INJURY,0,0,0,0,0,2,0,19,7,6,41.74799677,-87.59039419,POINT (-87.59039419437 41.747996768952)
1191dc2e4bbfd608c0d0c3eb3ccf25e61adc6eaaeffd8cd4fce9e854c5f57c9aac1f2d8a813a00f29b93aab37780425b64cdeb9cdb2da2a5f1efb02c549c64f9,JD233506,,5/15/2020 20:17,30,TRAFFIC SIGNAL,FUNCTIONING PROPERLY,CLEAR,DAYLIGHT,PEDESTRIAN,NOT DIVIDED,,STRAIGHT AND LEVEL,DRY,NO DEFECTS,,INJURY AND / OR TOW DUE TO CRASH,,,,$500 OR LESS,5/15/2020 20:20,FAILING TO YIELD RIGHT-OF-WAY,NOT APPLICABLE,10600,S,EWING AVE,432,,,,,,,2,INCAPACITATING INJURY,1,0,1,0,0,1,0,20,6,5,41.70264303,-87.53542985,POINT (-87.535429846322 41.702643027286)
11c0bdda75bebd030c8bf41f06e0eb9e5efd96087ff8a918ff6813724996eceed435e53b05e6ee02cf930c1d518faf3f5bbda82c75c5042acf9fd6183c4a568e,JC501687,,11/7/2019 9:00,20,NO CONTROLS,NO CONTROLS,CLEAR,DAYLIGHT,PEDESTRIAN,NOT DIVIDED,,STRAIGHT AND LEVEL,DRY,NO DEFECTS,,INJURY AND / OR TOW DUE TO CRASH,,,Y,$500 OR LESS,11/7/2019 9:15,UNABLE TO DETERMINE,UNABLE TO DETERMINE,7233,S,KIMBARK AVE,324,,,,,,,2,NONINCAPACITATING INJURY,1,0,0,1,0,1,0,9,5,11,41.76322273,-87.59319992,POINT (-87.593199915724 41.763222729627)
12397229c745c10eac953e2f6ee70d5b707992a1df12508ee28852d4c86eaff0d38be89902c6b3a8c5520952e4b29dc74daef46785eb547881434eb3e26918e9,JG313212,,6/23/2023 19:45,30,NO CONTROLS,NO CONTROLS,CLEAR,DAYLIGHT,PARKED MOTOR VEHICLE,NOT DIVIDED,,STRAIGHT AND LEVEL,DRY,NO DEFECTS,,NO INJURY / DRIVE AWAY,,,,"OVER $1,500",6/23/2023 19:48,IMPROPER BACKING,NOT APPLICABLE,4077,N,BROADWAY,1915,,,,,,,2,NO INDICATION OF INJURY,0,0,0,0,0,2,0,19,6,6,41.95654471,-87.65164912,POINT (-87.651649124198 41.956544705841)
12591ee577148bb10660a71bab13d695384a0bb33ad7467a7b8bd2297799f12c75e1b38ce17d1b871d76071efa7c0ace03a488113945b41d599e671d11525f97,JD184464,,3/13/2020 14:50,30,STOP SIGN/FLASHER,NO CONTROLS,CLEAR,DAYLIGHT,REAR END,NOT DIVIDED,,STRAIGHT AND LEVEL,DRY,NO DEFECTS,,INJURY AND / OR TOW DUE TO CRASH,,,Y,"OVER $1,500",3/13/2020 15:35,FOLLOWING TOO CLOSELY,NOT APPLICABLE,400,S,KOLMAR AVE,1131,,,,,,,2,"REPORTED, NOT EVIDENT",1,0,0,0,1,1,0,14,6,3,41.87504721,-87.73959395,POINT (-87.739593945895 41.875047207176)
125af08f3fe649a9fdb4520f13ef9b6cdd8377faa3635f8faf7cf0fbd570ef8073999800594e3f9fb7ae64ffb53c9c03a03f49fdbbeb6d3271016a2b7239666f,JC421386,,9/5/2019 16:00,30,TRAFFIC SIGNAL,FUNCTIONING PROPERLY,CLEAR,DAYLIGHT,PEDESTRIAN,FOUR WAY,,STRAIGHT AND LEVEL,DRY,NO DEFECTS,,INJURY AND / OR TOW DUE TO CRASH,Y,,Y,"OVER $1,500",9/5/2019 16:17,FAILING TO YIELD RIGHT-OF-WAY,FAILING TO YIELD RIGHT-OF-WAY,8700,S,LAFAYETTE AVE,634,,,,,,,2,NONINCAPACITATING INJURY,1,0,0,1,0,1,0,16,5,9,41.73616511,-87.62558757,POINT (-87.625587568999 41.736165110086)
12847478079c89819abe73c1d6c88540df183bc1193a0ab4c60f5cb9dde114b46aa0d577483d29b2d668e10c2b4d64b7cbe9c9295df5bf6b0e281a799224c9c1,JD199583,,4/1/2020 12:02,35,TRAFFIC SIGNAL,FUNCTIONING PROPERLY,CLEAR,DAYLIGHT,ANGLE,DIVIDED - W/MEDIAN (NOT RAISED),,STRAIGHT AND LEVEL,DRY,NO DEFECTS,,INJURY AND / OR TOW DUE TO CRASH,Y,,Y,"OVER $1,500",4/1/2020 12:06,UNABLE TO DETERMINE,UNABLE TO DETERMINE,3601,W,FULLERTON AVE,2525,,,,,,,2,NO INDICATION OF INJURY,0,0,0,0,0,5,0,12,4,4,41.92449291,-87.71705265,POINT (-87.717052645641 41.924492909822)
1287a8e5da6f8727452f4b3775a4b2a876e5daa646d557bfa99ef9c5572752d060c88de0afb29c8e0e99b0656a8db8690875cd86bc0d8487f77d6f58ee4af138,,,7/22/2023 15:00,30,NO CONTROLS,UNKNOWN,UNKNOWN,DAYLIGHT,REAR END,FOUR WAY,,STRAIGHT AND LEVEL,UNKNOWN,UNKNOWN,,NO INJURY / DRIVE AWAY,Y,,,"$501 - $1,500",7/25/2023 12:15,UNABLE TO DETERMINE,UNABLE TO DETERMINE,7900,S,SAGINAW AVE,422,,,,,,,2,NO INDICATION OF INJURY,0,0,0,0,0,5,0,15,7,7,41.75172002,-87.56031576,POINT (-87.560315754985 41.751720017114)
12f6d1a55042bab374dc84648ab07e9c406856d62a712c8f65f928c17136fb726b621b9c45c22d02d823344d5322555c73640c0c7752eef2540352459a66326a,JC366707,,7/27/2019 10:30,35,NO CONTROLS,NO CONTROLS,CLEAR,DAYLIGHT,PARKED MOTOR VEHICLE,PARKING LOT,,STRAIGHT AND LEVEL,DRY,NO DEFECTS,,INJURY AND / OR TOW DUE TO CRASH,,N,Y,"OVER $1,500",7/27/2019 11:14,UNABLE TO DETERMINE,DRIVING SKILLS/KNOWLEDGE/EXPERIENCE,1500,S,LYNN WHITE DR,132,,,,,,,2,NO INDICATION OF INJURY,0,0,0,0,0,1,0,10,7,7,41.86230608,-87.60952225,POINT (-87.609522247087 41.862306077461)
12f79345d1799e14acafc5cc3fefced77bc662b7ea11848c81d3e43d34f7082365ddd0b857dca5d3079e63ad09d8dfbc95457653e91e2ca935a8ab7b78230e7d,JD223503,,5/3/2020 20:32,35,TRAFFIC SIGNAL,FUNCTIONING PROPERLY,CLEAR,"DARKNESS, LIGHTED ROAD",ANGLE,UNKNOWN INTERSECTION TYPE,,STRAIGHT AND LEVEL,DRY,NO DEFECTS,,INJURY AND / OR TOW DUE TO CRASH,Y,,Y,"OVER $1,500",5/3/2020 20:32,UNABLE TO DETERMINE,NOT APPLICABLE,6900,S,STONY ISLAND AVE,332,,,,,,,2,NO INDICATION OF INJURY,0,0,0,0,0,2,0,20,1,5,41.76964982,-87.58638311,POINT (-87.586383110145 41.769649814616)
130fd61252db10e23c0f9afe5a20821fd1d015855448c3bc831a7a6f8a65bc1e3d0a5a973a06ae20d2a04ea4f4b5c9ddb8404086f68f8b5713e72419d112b0a9,JC451412,,9/28/2019 4:10,35,TRAFFIC SIGNAL,FUNCTIONING IMPROPERLY,RAIN,"DARKNESS, LIGHTED ROAD",TURNING,T-INTERSECTION,,STRAIGHT AND LEVEL,WET,UNKNOWN,,INJURY AND / OR TOW DUE TO CRASH,Y,,Y,"OVER $1,500",9/28/2019 4:14,NOT APPLICABLE,NOT APPLICABLE,3832,S,PULASKI RD,815,,,,,,,2,NO INDICATION OF INJURY,0,0,0,0,0,2,0,4,7,9,41.82328118,-87.72420378,POINT (-87.724203782428 41.823281180829)