CRASH_RECORD_ID,RD_NO,CRASH_DATE_EST_I,CRASH_DATE,POSTED_SPEED_LIMIT,TRAFFIC_CONTROL_DEVICE,DEVICE_CONDITION,WEATHER_CONDITION,LIGHTING_CONDITION,FIRST_CRASH_TYPE,TRAFFICWAY_TYPE,LANE_CNT,ALIGNMENT,ROADWAY_SURFACE_COND,ROAD_DEFECT,REPORT_TYPE,CRASH_TYPE,INTERSECTION_RELATED_I,NOT_RIGHT_OF_WAY_I,HIT_AND_RUN_I,DAMAGE,DATE_POLICE_NOTIFIED,PRIM_CONTRIBUTORY_CAUSE,SEC_CONTRIBUTORY_CAUSE,STREET_NO,STREET_DIRECTION,STREET_NAME,BEAT_OF_OCCURRENCE,PHOTOS_TAKEN_I,STATEMENTS_TAKEN_I,DOORING_I,WORK_ZONE_I,WORK_ZONE_TYPE,WORKERS_PRESENT_I,NUM_UNITS,MOST_SEVERE_INJURY,INJURIES_TOTAL,INJURIES_FATAL,INJURIES_INCAPACITATING,INJURIES_NON_INCAPACITATING,INJURIES_REPORTED_NOT_EVIDENT,INJURIES_NO_INDICATION,INJURIES_UNKNOWN,CRASH_HOUR,CRASH_DAY_OF_WEEK,CRASH_MONTH,LATITUDE,LONGITUDE,LOCATION
7910187e2ca30686ed62679a1d7997ce8d3a6e34b47055d94fd46369bbba92ed3196bf3d8f160dd23ffc8dc56821f70516dbc3066773fe91ce980eac7256ea3c,JF122626,,1/24/2022 12:33,30,NO CONTROLS,NO CONTROLS,SNOW,DAYLIGHT,PARKED MOTOR VEHICLE,ALLEY,,STRAIGHT ON GRADE,SNOW OR SLUSH,OTHER,ON SCENE,NO INJURY / DRIVE AWAY,,,,"$501 - $1,500",1/24/2022 12:34,WEATHER,WEATHER,6700,W,GRAND AVE,2512,,,,,,,2,NO INDICATION OF INJURY,0,0,0,0,0,1,0,12,2,1,41.92372786,-87.79284683,POINT (-87.792846824949 41.923727861862)
13239f677959808c6796d107ff932a10fecc7fb5e1d2d6f7bf348da9c9d0b0f3f9a3c2ce920c279f80ceed28cd65dababbfc2ad4ad0277757d5aadd58a549ef0,JD178154,,3/8/2020 3:30,30,TRAFFIC SIGNAL,FUNCTIONING PROPERLY,CLEAR,"DARKNESS, LIGHTED ROAD",SIDESWIPE SAME DIRECTION,NOT DIVIDED,,STRAIGHT AND LEVEL,DRY,NO DEFECTS,,INJURY AND / OR TOW DUE TO CRASH,,,,"OVER $1,500",3/8/2020 9:30,UNABLE TO DETERMINE,UNABLE TO DETERMINE,1601,W,NORTH AVE,1433,,,,,,,2,"REPORTED, NOT EVIDENT",1,0,0,0,1,2,0,3,1,3,41.91051964,-87.66774969,POINT (-87.667749686328 41.910519635296)
1349c802d9cd106c65da70f66dbc34ee932d6940f080646e819f6651147314cbe814bab3a0f418e8824ab0d38eaf85a681a6ec78781d1555a6671a005ab9e890,JC454079,,9/28/2019 14:50,30,TRAFFIC SIGNAL,FUNCTIONING PROPERLY,CLEAR,DAYLIGHT,REAR END,NOT DIVIDED,,STRAIGHT AND LEVEL,DRY,NO DEFECTS,NOT ON SCENE (DESK REPORT),NO INJURY / DRIVE AWAY,,,,"OVER $1,500",9/30/2019 11:21,FOLLOWING TOO CLOSELY,NOT APPLICABLE,698,S,MICHIGAN AVE,123,,,,,,,2,NO INDICATION OF INJURY,0,0,0,0,0,2,0,14,7,9,41.87322319,-87.62434873,POINT (-87.624348732928 41.873223187237)
134f5305ed1c456761ace3d2b9a212a92860d87789e01800fcdfd48b7e850189111dce589b1061d640a1eebf361a39eac415bef7124e753d462a06a3f528a9f5,JG294757,,6/4/2023 7:00,30,STOP SIGN/FLASHER,NO CONTROLS,CLEAR,DAYLIGHT,PARKED MOTOR VEHICLE,DIVIDED - W/MEDIAN (NOT RAISED),,STRAIGHT AND LEVEL,DRY,NO DEFECTS,,NO INJURY / DRIVE AWAY,,,,"OVER $1,500",6/9/2023 18:26,UNABLE TO DETERMINE,NOT APPLICABLE,343,W,29TH PL,914,,,,,,,2,NO INDICATION OF INJURY,0,0,0,0,0,2,0,7,1,6,41.84027708,-87.63578626,POINT (-87.635786255083 41.840277082207)
1358af32bc197080afca59986a923fb489f5d6766cc597b112c2e8af30cc98e1e7832c145030c9c8389cf054a429a87cb8a609bd7fde6c30656aa7401e417732,JD174194,,3/4/2020 18:52,30,NO CONTROLS,NO CONTROLS,CLEAR,"DARKNESS, LIGHTED ROAD",PARKED MOTOR VEHICLE,NOT DIVIDED,,STRAIGHT AND LEVEL,DRY,NO DEFECTS,,NO INJURY / DRIVE AWAY,Y,,,"OVER $1,500",3/4/2020 18:52,EQUIPMENT - VEHICLE CONDITION,NOT APPLICABLE,3800,S,CAMPBELL AVE,911,,,,,,,2,NO INDICATION OF INJURY,0,0,0,0,0,3,0,18,4,3,41.82473559,-87.68749971,POINT (-87.687499705645 41.824735591643)
1388addede617198bae5b3c07cc9df3aa2942b236e03e82a9f2b008d14e916202b3cb123d609f51f849fa3c2226218ccbd7d502c20003bb4f23acd7c6f5d5658,JC555804,,12/21/2019 20:01,30,TRAFFIC SIGNAL,FUNCTIONING PROPERLY,CLEAR,"DARKNESS, LIGHTED ROAD",PARKED MOTOR VEHICLE,NOT DIVIDED,,STRAIGHT AND LEVEL,DRY,NO DEFECTS,,NO INJURY / DRIVE AWAY,,,Y,"OVER $1,500",12/21/2019 21:12,UNABLE TO DETERMINE,NOT APPLICABLE,750,N,NOBLE ST,1215,,,,,,,3,NO INDICATION OF INJURY,0,0,0,0,0,1,0,20,7,12,41.89584749,-87.66254505,POINT (-87.662545046661 41.895847492953)
1393ade7fb45628d28deeb18ac9e3edad39aae5ee76afc553f4c3f4ff4f61e53fdc7ae14966a2889229b5635f3ff5690208570af830894a56d0e9ead2fc705a8,JD229075,,5/10/2020 16:25,30,NO CONTROLS,NO CONTROLS,RAIN,DAYLIGHT,TURNING,DIVIDED - W/MEDIAN (NOT RAISED),,STRAIGHT AND LEVEL,WET,NO DEFECTS,,NO INJURY / DRIVE AWAY,,,,$500 OR LESS,5/10/2020 17:10,IMPROPER TURNING/NO SIGNAL,UNABLE TO DETERMINE,781,N,LARAMIE AVE,1531,,,,,,,2,NO INDICATION OF INJURY,0,0,0,0,0,4,0,16,1,5,41.894843,-87.75544759,POINT (-87.755447594472 41.894842998902)
13cb147901ce8dade4e0f8d79523a471190b52ece5ebc05b2c9e72a5eff30266bb975bbeeae49429406a3c910229e392f13c9267f9699db9ced612f665e30acb,JG291804,,6/7/2023 13:22,30,STOP SIGN/FLASHER,FUNCTIONING PROPERLY,CLEAR,DAYLIGHT,TURNING,FOUR WAY,,STRAIGHT AND LEVEL,DRY,UNKNOWN,,INJURY AND / OR TOW DUE TO CRASH,Y,,,"OVER $1,500",6/7/2023 13:22,UNABLE TO DETERMINE,UNABLE TO DETERMINE,5299,W,JACKSON BLVD,1522,,,,,,,2,INCAPACITATING INJURY,4,0,1,3,0,1,0,13,4,6,41.87651793,-87.75742131,POINT (-87.757421313936 41.876517924756)
13e61f49e4d48a061783f98ec1ebebc5fda44eebf8f75e67420708b8560b794cbef341ea2969d70665fd77f49bda881cfbac0a2fabd71a74641a1a8479437ca7,JC487972,,10/27/2019 3:00,30,NO CONTROLS,NO CONTROLS,CLEAR,"DARKNESS, LIGHTED ROAD",ANGLE,NOT DIVIDED,,STRAIGHT AND LEVEL,WET,NO DEFECTS,,NO INJURY / DRIVE AWAY,,,Y,"$501 - $1,500",10/27/2019 3:50,IMPROPER OVERTAKING/PASSING,NOT APPLICABLE,3100,N,CENTRAL AVE,2514,,,,,,,2,NO INDICATION OF INJURY,0,0,0,0,0,2,0,3,1,10,41.9368409,-87.76658482,POINT (-87.76658482413 41.936840894992)
13ec55b8fe2d6bc3d7d2e2d11d29c04e411b31ea28b36785c01951b3c917556f2818d64460b6c4fe5ad7303846c0d41fc07a0c74dad9a27a5cdd68f18b12a6f5,JG237787,,4/26/2023 10:06,35,NO CONTROLS,NO CONTROLS,CLEAR,DAYLIGHT,TURNING,NOT DIVIDED,,STRAIGHT ON GRADE,DRY,NO DEFECTS,,INJURY AND / OR TOW DUE TO CRASH,Y,,,"OVER $1,500",4/26/2023 10:06,FAILING TO YIELD RIGHT-OF-WAY,IMPROPER TURNING/NO SIGNAL,4333,W,51ST ST,815,,,,,,,2,NO INDICATION OF INJURY,0,0,0,0,0,2,0,10,4,4,41.80036369,-87.73201141,POINT (-87.732011406831 41.800363691567)
13f6c27fcb374aa953b894f9efa70eeaf70af414218ac86df9d771f68cbed7aa1a5a1751632ed1e27f24a319665b7e9c709b75ff6588f1dab248ba8734581a84,HY387647,,8/18/2015 14:30,30,NO CONTROLS,NO CONTROLS,CLEAR,DAYLIGHT,PARKED MOTOR VEHICLE,ONE-WAY,2,STRAIGHT AND LEVEL,DRY,NO DEFECTS,,NO INJURY / DRIVE AWAY,,,,"$501 - $1,500",8/18/2015 14:50,UNABLE TO DETERMINE,UNABLE TO DETERMINE,179,W,WASHINGTON ST,122,,,,,,,2,NO INDICATION OF INJURY,0,0,0,0,0,1,0,14,3,8,41.88309824,-87.63324311,POINT (-87.633243110947 41.883098238776)
13f7e54ced4d40b8cd550ee24c2d6a151ed19822c87cc22f889e8c9216f70dddb2d7f6c68f9fd06bf89ab05dac64368f6b11a5b2d50acf980102510a86c0dd68,JD248837,,5/31/2020 17:40,30,TRAFFIC SIGNAL,FUNCTIONING PROPERLY,CLEAR,DAYLIGHT,TURNING,NOT DIVIDED,,STRAIGHT AND LEVEL,DRY,NO DEFECTS,,INJURY AND / OR TOW DUE TO CRASH,,,,"OVER $1,500",5/31/2020 17:42,FAILING TO YIELD RIGHT-OF-WAY,FAILING TO YIELD RIGHT-OF-WAY,5601,N,MILWAUKEE AVE,1622,,,,,,,2,INCAPACITATING INJURY,1,0,1,0,0,1,0,17,1,5,41.98299321,-87.77424302,POINT (-87.774243020941 41.982993210453)
140f2dfa142338108cb7222c200eac667f5c8ea7d2638927ffa6103d52f523a199909ff43fc90bfd345a32f3eae7104c575bd89f9312a2c2b65940ba8ea14d6f,JG299246,,6/13/2023 10:30,30,NO CONTROLS,NO CONTROLS,RAIN,DAYLIGHT,SIDESWIPE SAME DIRECTION,DIVIDED - W/MEDIAN BARRIER,,STRAIGHT AND LEVEL,WET,NO DEFECTS,,NO INJURY / DRIVE AWAY,,,,"OVER $1,500",6/13/2023 10:51,UNABLE TO DETERMINE,UNABLE TO DETERMINE,520,N,LOWER MICHIGAN AVE,1834,,,,,,,2,NO INDICATION OF INJURY,0,0,0,0,0,2,0,10,3,6,41.89168731,-87.62433984,POINT (-87.624339841024 41.891687309559)
143e1ac9e7b280f5ce08a358adb1eff4ddbb72d1b5a37854e7a20525f9ec271e9407f61dd8be12aba22454a4bde8beea906be02d9c6c70fed2b0db9ab7b886f9,JD196138,,3/26/2020 20:20,30,NO CONTROLS,NO CONTROLS,CLEAR,DARKNESS,SIDESWIPE OPPOSITE DIRECTION,PARKING LOT,,STRAIGHT AND LEVEL,DRY,UNKNOWN,,NO INJURY / DRIVE AWAY,,Y,,"OVER $1,500",3/27/2020 13:29,UNABLE TO DETERMINE,UNABLE TO DETERMINE,300,W,GARFIELD BLVD,935,,,,,,,2,NO INDICATION OF INJURY,0,0,0,0,0,2,0,20,5,3,41.79462283,-87.63306376,POINT (-87.633063763202 41.794622829011)
146d7ba12f165dcdd45cc88ee9e82b421b330e1005edbcf3d79a4fbfa6d76ce87f2c9c40369dd4e6af05366d9ef491d13b96e199f1b822c70dfa101d6fad89b8,JC237652,,4/25/2019 10:40,30,NO CONTROLS,NO CONTROLS,CLEAR,DAYLIGHT,REAR END,NOT DIVIDED,,STRAIGHT AND LEVEL,DRY,NO DEFECTS,,NO INJURY / DRIVE AWAY,,,,"OVER $1,500",4/25/2019 11:00,FOLLOWING TOO CLOSELY,NOT APPLICABLE,801,W,76TH ST,621,,,,,,,2,NO INDICATION OF INJURY,0,0,0,0,0,2,0,10,5,4,41.75598656,-87.64426531,POINT (-87.644265313706 41.755986564007)
150221ee090d25725ca3c1a0f3fdd1172281969f3da10abf376a847914a75a36f1fe8922abad93b84b3a696b5b33db164c0f685273edbf0a06c91be8e2390060,JG283835,,6/1/2023 15:04,30,NO CONTROLS,NO CONTROLS,CLEAR,DAYLIGHT,PEDESTRIAN,DIVIDED - W/MEDIAN BARRIER,,STRAIGHT AND LEVEL,DRY,NO DEFECTS,,INJURY AND / OR TOW DUE TO CRASH,,,Y,$500 OR LESS,6/1/2023 15:08,FAILING TO YIELD RIGHT-OF-WAY,FAILING TO REDUCE SPEED TO AVOID CRASH,5100,S,CICERO AVE,814,,,,,,,2,NONINCAPACITATING INJURY,1,0,0,1,0,1,0,15,5,6,41.80024268,-87.74310389,POINT (-87.743103891831 41.800242677844)
15323ef03ff16750024e8741e69dedfaa6389aad5d196b1160f72769656c9c3ebe541b456ba8349f7267aec53eed0123aadbbdd0c88185f3171b1a006838c371,JC381205,,8/6/2019 14:20,35,NO CONTROLS,NO CONTROLS,CLEAR,DAYLIGHT,TURNING,DIVIDED - W/MEDIAN BARRIER,,STRAIGHT AND LEVEL,DRY,NO DEFECTS,,INJURY AND / OR TOW DUE TO CRASH,N,,,"OVER $1,500",8/6/2019 15:05,IMPROPER TURNING/NO SIGNAL,FAILING TO YIELD RIGHT-OF-WAY,4755,W,CHICAGO AVE,1111,,,,,,,3,NONINCAPACITATING INJURY,1,0,0,1,0,1,0,14,3,8,41.89489597,-87.74569035,POINT (-87.745690349897 41.894895973301)
157ad04dd24ce3fe58547af923d1c5cbf92ec601a35415608348741cc2062d3db86b6a7b603a987ce884e00725391c82705307f33f023d12b98223b7f01ab803,JC516266,,11/19/2019 11:45,10,NO CONTROLS,NO CONTROLS,RAIN,DAYLIGHT,ANGLE,OTHER,,STRAIGHT AND LEVEL,DRY,NO DEFECTS,,NO INJURY / DRIVE AWAY,,,,"$501 - $1,500",11/19/2019 12:40,"VISION OBSCURED (SIGNS, TREE LIMBS, BUILDINGS, ETC.)",UNABLE TO DETERMINE,1,N,HALSTED ST,1224,,,,,,,2,NO INDICATION OF INJURY,0,0,0,0,0,2,0,11,3,11,41.88181563,-87.64721472,POINT (-87.647214717041 41.881815631642)
15902118bab84af4ea871d9116900edff82af10798f48cbe1737c4f034e674bdcbab496c64f034924333612a851021e63ab7ea96331714248cbb7b2668d87992,JC356885,,7/20/2019 3:25,30,TRAFFIC SIGNAL,FUNCTIONING PROPERLY,CLEAR,"DARKNESS, LIGHTED ROAD",REAR END,NOT DIVIDED,,STRAIGHT AND LEVEL,DRY,NO DEFECTS,,INJURY AND / OR TOW DUE TO CRASH,,,Y,"$501 - $1,500",7/20/2019 12:00,UNABLE TO DETERMINE,UNABLE TO DETERMINE,352,W,GRAND AVE,1831,,,,,,,2,NONINCAPACITATING INJURY,1,0,0,1,0,2,0,3,7,7,41.89164706,-87.63759014,POINT (-87.637590143245 41.891647060358)
159b804d669f146137464b7b6cd76cbe32cb1859c20e4297af8e3cbbb1733b21030bf161175ccfa96691b7a38f2fa419c11120c982120108b51d6bb043e30ec5,JG244254,,5/1/2023 16:30,30,NO CONTROLS,NO CONTROLS,RAIN,DAYLIGHT,REAR END,NOT DIVIDED,,STRAIGHT AND LEVEL,WET,UNKNOWN,,NO INJURY / DRIVE AWAY,,,,"OVER $1,500",5/1/2023 16:30,FOLLOWING TOO CLOSELY,UNABLE TO DETERMINE,2506,N,CLYBOURN AVE,1931,,,,,,,2,NO INDICATION OF INJURY,0,0,0,0,0,2,0,16,2,5,41.92698538,-87.67210268,POINT (-87.672102680815 41.926985380377)
15d4bf3c73d887164e26a208a79103d3d80319cd2d9674ccfdbbadbabd6854bfd37fd8e5b7ad4c0a05773a9de691aac7c82939922091c33529ce5bc844e4f053,JD183323,,3/12/2020 16:14,30,STOP SIGN/FLASHER,FUNCTIONING PROPERLY,CLEAR,DAYLIGHT,ANGLE,FOUR WAY,,STRAIGHT AND LEVEL,DRY,NO DEFECTS,,INJURY AND / OR TOW DUE TO CRASH,,,,"OVER $1,500",3/12/2020 16:20,FAILING TO YIELD RIGHT-OF-WAY,FAILING TO YIELD RIGHT-OF-WAY,1639,W,87TH ST,2221,,,,,,,2,"REPORTED, NOT EVIDENT",1,0,0,0,1,1,0,16,5,3,41.73565957,-87.66465071,POINT (-87.66465070811 41.735659571134)
15fb709243d68c4db0ce079f4efbda3e605d7687d563b67798d52ab8a8b1fdb635d1b21172aa1e8c2a82c06781466bdd5085fbef41cd70d7e7afcd2f4799e7da,JD125517,,1/23/2020 7:30,30,STOP SIGN/FLASHER,FUNCTIONING PROPERLY,FOG/SMOKE/HAZE,DAYLIGHT,ANGLE,FOUR WAY,,STRAIGHT AND LEVEL,DRY,NO DEFECTS,,NO INJURY / DRIVE AWAY,Y,,Y,"OVER $1,500",1/23/2020 7:35,UNABLE TO DETERMINE,UNABLE TO DETERMINE,4136,S,NORMAL AVE,925,,,,,,,2,NO INDICATION OF INJURY,0,0,0,0,0,2,0,7,5,1,41.81884823,-87.63863814,POINT (-87.638638138335 41.818848224528)
1605a9457ea515369099d8c647bc91fb2d6147a49a473dcce241d2586137b73e91dd96653219e1aa05f4f40d8d9988f59afc83c26e3930c5376d2c8b5dda5347,JC367733,,7/28/2019 2:02,30,TRAFFIC SIGNAL,FUNCTIONING PROPERLY,CLEAR,"DARKNESS, LIGHTED ROAD",PARKED MOTOR VEHICLE,DIVIDED - W/MEDIAN (NOT RAISED),,STRAIGHT AND LEVEL,DRY,NO DEFECTS,,INJURY AND / OR TOW DUE TO CRASH,,,,"OVER $1,500",7/28/2019 2:06,UNDER THE INFLUENCE OF ALCOHOL/DRUGS (USE WHEN ARREST IS EFFECTED),CELL PHONE USE OTHER THAN TEXTING,2944,N,SACRAMENTO AVE,1411,N,N,,,,,6,NO INDICATION OF INJURY,0,0,0,0,0,2,0,2,1,7,41.93522229,-87.70275894,POINT (-87.702758934639 41.935222288163)
16c60ca60986b3b546e05e74351f37bed54463f652384533debab146e2776708a69a3f59ae85862e24723448bb6b293510228c36a2356e452aa36bb156c4de21,JC387639,,8/11/2019 3:00,35,NO CONTROLS,NO CONTROLS,CLEAR,"DARKNESS, LIGHTED ROAD",PARKED MOTOR VEHICLE,NOT DIVIDED,,STRAIGHT AND LEVEL,DRY,NO DEFECTS,,NO INJURY / DRIVE AWAY,,,Y,"OVER $1,500",8/20/2019 22:00,UNABLE TO DETERMINE,UNABLE TO DETERMINE,2025,N,NARRAGANSETT AVE,2512,,,,,,,4,NO INDICATION OF INJURY,0,0,0,0,0,1,0,3,1,8,41.91731191,-87.7851042,POINT (-87.785104203987 41.917311906341)
16f4feb01aeaaccf37a40a18a23aab3f944497969e92d9910bc6e68599561cac3b047a380c91c42f6a5f07c1592b5741ebc23a8329f5f575c95f2f3b5b39ae47,JG323736,Y,7/1/2023 15:01,30,STOP SIGN/FLASHER,FUNCTIONING PROPERLY,CLEAR,DAYLIGHT,ANGLE,FOUR WAY,,STRAIGHT AND LEVEL,DRY,NO DEFECTS,,INJURY AND / OR TOW DUE TO CRASH,Y,,,"OVER $1,500",7/1/2023 15:14,FAILING TO YIELD RIGHT-OF-WAY,FAILING TO YIELD RIGHT-OF-WAY,2223,W,107TH ST,2212,,,,,,,2,NO INDICATION OF INJURY,0,0,0,0,0,3,0,15,7,7,41.69898819,-87.67768713,POINT (-87.677687126838 41.698988190248)
170a08d8b973fe0ae43484e1fdf30e333ed7889eb18b315032078d5df17d7c8473720e2c482c1e926475043e445bdb694516871b95a6377ef91d38bacded2ec4,JD243529,,5/26/2020 14:47,30,NO CONTROLS,NO CONTROLS,CLEAR,DAYLIGHT,SIDESWIPE SAME DIRECTION,DIVIDED - W/MEDIAN (NOT RAISED),,STRAIGHT AND LEVEL,DRY,NO DEFECTS,,INJURY AND / OR TOW DUE TO CRASH,,Y,,"OVER $1,500",5/26/2020 14:47,UNABLE TO DETERMINE,NOT APPLICABLE,799,W,95TH ST,2223,Y,Y,,,,,4,NONINCAPACITATING INJURY,2,0,0,1,1,0,0,14,3,5,41.72134828,-87.64314954,POINT (-87.643149539329 41.721348282519)
172adece1586479f51a4e0d63805c432355d155c7136873fb40a6a8f039963f3403e2b22b912219c1c5e4f85d40352fa4c9abe33a832913837ce750d2039afe9,JD180029,,3/9/2020 19:14,30,STOP SIGN/FLASHER,FUNCTIONING PROPERLY,RAIN,"DARKNESS, LIGHTED ROAD",PEDESTRIAN,FOUR WAY,,STRAIGHT AND LEVEL,WET,NO DEFECTS,,INJURY AND / OR TOW DUE TO CRASH,N,,Y,"OVER $1,500",3/9/2020 19:25,FAILING TO YIELD RIGHT-OF-WAY,UNABLE TO DETERMINE,9020,S,LANGLEY AVE,633,,,,,,,2,INCAPACITATING INJURY,1,0,1,0,0,1,0,19,2,3,41.73040895,-87.60724307,POINT (-87.607243066561 41.730408949396)
176fbd45c70226ad9a63ff015d87090dd51b2674d0f23e9a9c4a634277abea0efa0c5402cf267f11ec161e1f632d4bfe5f9d22b50feaa91de8758760d9108353,JD181795,,3/11/2020 10:00,10,NO CONTROLS,NO CONTROLS,CLEAR,DAYLIGHT,REAR TO REAR,PARKING LOT,,STRAIGHT AND LEVEL,DRY,NO DEFECTS,,NO INJURY / DRIVE AWAY,,Y,,"$501 - $1,500",3/11/2020 11:00,IMPROPER BACKING,NOT APPLICABLE,11505,S,WESTERN AVE,2212,,,,,,,2,NO INDICATION OF INJURY,0,0,0,0,0,2,0,10,4,3,41.68430796,-87.68077472,POINT (-87.680774721691 41.68430795958)
17e1f69ec8e86ef80a253834eb5fa67cde45b42f4688689f614a60ee95b00f8f65034cadf4a2e1baac5ac3893d18bac9372b9c42e4c45a5825ed02af1187ae6c,JD213380,,4/20/2020 19:30,30,TRAFFIC SIGNAL,FUNCTIONING PROPERLY,CLEAR,DAYLIGHT,TURNING,FOUR WAY,,STRAIGHT AND LEVEL,DRY,NO DEFECTS,,INJURY AND / OR TOW DUE TO CRASH,,,Y,"OVER $1,500",4/20/2020 19:35,DISREGARDING TRAFFIC SIGNALS,UNABLE TO DETERMINE,7601,S,STONY ISLAND AVE,411,,,,,,,2,NO INDICATION OF INJURY,0,0,0,0,0,3,0,19,2,4,41.75690491,-87.58554286,POINT (-87.585542859908 41.756904910398)
18051a4b7720554fbc10e0721f495991d91109de5a179584bd3cddb1ebccf84f1962b49c19a7f9371af2b499549c8ee2046b4c9a8c7797b53f2b715cf92c8b58,JC317657,,6/22/2019 21:00,25,NO CONTROLS,NO CONTROLS,CLEAR,DUSK,PARKED MOTOR VEHICLE,ONE-WAY,,STRAIGHT AND LEVEL,DRY,UNKNOWN,,NO INJURY / DRIVE AWAY,,,Y,"$501 - $1,500",6/22/2019 21:40,UNABLE TO DETERMINE,UNABLE TO DETERMINE,122,S,PARKSIDE AVE,1513,,,,,,,2,NO INDICATION OF INJURY,0,0,0,0,0,1,0,21,7,6,41.8784358,-87.76657014,POINT (-87.766570137147 41.87843579787)
185ac65a415b27febeab3d89e7110e6ef39dbd7ea3bbbd8cf6d0941f6bb51518d596026da458eebfbcd1fd218a7231b0628ba139817ef2b87eac972e0ac6a2ac,JG257153,,5/11/2023 18:57,30,STOP SIGN/FLASHER,UNKNOWN,CLEAR,DAYLIGHT,HEAD ON,NOT DIVIDED,,STRAIGHT AND LEVEL,DRY,UNKNOWN,,INJURY AND / OR TOW DUE TO CRASH,Y,,,"OVER $1,500",5/11/2023 18:57,DISREGARDING STOP SIGN,UNABLE TO DETERMINE,700,S,CALIFORNIA AVE,1135,,,,,,,4,NONINCAPACITATING INJURY,2,0,0,1,1,3,0,18,5,5,41.87283352,-87.69621701,POINT (-87.696217008232 41.872833519125)
1883e8522e5e0597852af9af249b46810ed26e2bb532146d9526a9fda22d748700dcb53f99366122c4a12822086d1bfd6cfc90e6ba31c4797dc6d64a45685082,JC407425,,8/26/2019 3:18,45,TRAFFIC SIGNAL,FUNCTIONING PROPERLY,CLEAR,"DARKNESS, LIGHTED ROAD",ANGLE,FOUR WAY,,STRAIGHT AND LEVEL,DRY,NO DEFECTS,,INJURY AND / OR TOW DUE TO CRASH,Y,,,"OVER $1,500",8/26/2019 3:20,DISREGARDING TRAFFIC SIGNALS,NOT APPLICABLE,6299,S,CORNELL DR,331,,,,,,,2,NONINCAPACITATING INJURY,3,0,0,3,0,0,0,3,2,8,41.78061287,-87.5842534,POINT (-87.584253401508 41.780612873198)
1895ffd9d772adb8977bae839874ea89c25ea967ec649d7854d8475aae8986d5c6cc93f2fed6ea4dd8e4bddfe188f0b16b8d0fdd6ce066746dd3b2aa3ff4ad6b,JC415193,,8/31/2019 19:34,30,TRAFFIC SIGNAL,FUNCTIONING PROPERLY,CLEAR,"DARKNESS, LIGHTED ROAD",TURNING,DIVIDED - W/MEDIAN (NOT RAISED),,STRAIGHT AND LEVEL,WET,UNKNOWN,,INJURY AND / OR TOW DUE TO CRASH,Y,,,"OVER $1,500",8/31/2019 19:39,UNABLE TO DETERMINE,NOT APPLICABLE,3500,S,ASHLAND AVE,912,,,,,,,2,INCAPACITATING INJURY,3,0,1,2,0,0,0,19,7,8,41.83040813,-87.66571276,POINT (-87.66571275812 41.830408132944)
189f968073355d252036cfea00b9d883033a36f9b6f7d0fd12b990fec6041279d149792d0412cface1cd8f2c53da833773e31f0aa274b5d39273698e67672a59,JG264390,,5/17/2023 16:38,30,TRAFFIC SIGNAL,FUNCTIONING PROPERLY,CLEAR,DAYLIGHT,TURNING,FOUR WAY,,STRAIGHT AND LEVEL,DRY,NO DEFECTS,,INJURY AND / OR TOW DUE TO CRASH,Y,,Y,"OVER $1,500",5/17/2023 16:47,FAILING TO YIELD RIGHT-OF-WAY,UNABLE TO DETERMINE,2600,S,CALIFORNIA BLVD,1034,,,,,,,2,NO INDICATION OF INJURY,0,0,0,0,0,4,0,16,4,5,41.84460752,-87.69480464,POINT (-87.694804642033 41.844607514956)
18bb50076703d65bb5cc94e23876c8881e8893604c3bc768d3dc2679e56865598230031db88252bdf782286ef9ec7a178bfc6e94fbf7fee696beaf8ab470bddb,JC549442,,12/16/2019 17:12,30,TRAFFIC SIGNAL,FUNCTIONING PROPERLY,CLEAR,DAWN,SIDESWIPE SAME DIRECTION,ONE-WAY,,STRAIGHT AND LEVEL,DRY,NO DEFECTS,,NO INJURY / DRIVE AWAY,,,Y,"$501 - $1,500",12/16/2019 19:40,IMPROPER LANE USAGE,IMPROPER LANE USAGE,17,E,MONROE ST,112,,,,,,,2,NO INDICATION OF INJURY,0,0,0,0,0,2,0,17,2,12,41.88066458,-87.62708936,POINT (-87.627089364442 41.880664578396)
18dad1010ab6b3e6017faf1ac711d98bde8c699c4a2d821ec16d331a53b75a1a0bd0f57b37f630cb5633cc04dc28f448ff0673610add4c068fcdf52ad0271666,JC407592,,8/26/2019 9:00,30,STOP SIGN/FLASHER,FUNCTIONING PROPERLY,RAIN,DAYLIGHT,ANGLE,FOUR WAY,,STRAIGHT AND LEVEL,WET,NO DEFECTS,,INJURY AND / OR TOW DUE TO CRASH,Y,,,"OVER $1,500",8/26/2019 9:01,FAILING TO YIELD RIGHT-OF-WAY,UNABLE TO DETERMINE,3631,S,CALIFORNIA AVE,911,Y,Y,,Y,UTILITY,Y,2,FATAL,3,1,0,2,0,0,0,9,2,8,41.82738642,-87.69459472,POINT (-87.694594722641 41.827386420685)