CRASH_RECORD_ID,RD_NO,CRASH_DATE_EST_I,CRASH_DATE,POSTED_SPEED_LIMIT,TRAFFIC_CONTROL_DEVICE,DEVICE_CONDITION,WEATHER_CONDITION,LIGHTING_CONDITION,FIRST_CRASH_TYPE,TRAFFICWAY_TYPE,LANE_CNT,ALIGNMENT,ROADWAY_SURFACE_COND,ROAD_DEFECT,REPORT_TYPE,CRASH_TYPE,INTERSECTION_RELATED_I,NOT_RIGHT_OF_WAY_I,HIT_AND_RUN_I,DAMAGE,DATE_POLICE_NOTIFIED,PRIM_CONTRIBUTORY_CAUSE,SEC_CONTRIBUTORY_CAUSE,STREET_NO,STREET_DIRECTION,STREET_NAME,BEAT_OF_OCCURRENCE,PHOTOS_TAKEN_I,STATEMENTS_TAKEN_I,DOORING_I,WORK_ZONE_I,WORK_ZONE_TYPE,WORKERS_PRESENT_I,NUM_UNITS,MOST_SEVERE_INJURY,INJURIES_TOTAL,INJURIES_FATAL,INJURIES_INCAPACITATING,INJURIES_NON_INCAPACITATING,INJURIES_REPORTED_NOT_EVIDENT,INJURIES_NO_INDICATION,INJURIES_UNKNOWN,CRASH_HOUR,CRASH_DAY_OF_WEEK,CRASH_MONTH,LATITUDE,LONGITUDE,LOCATION
19e05fad5a82c45ed692589276311779b8420b3dab2aebabbebcb2914588973178785baece441f4f69828e9672ff0a91d4fe9103920aa571b1dcbed8e50e31e1,JC534124,Y,12/4/2019 10:00,30,NO CONTROLS,NO CONTROLS,CLEAR,DAYLIGHT,SIDESWIPE SAME DIRECTION,DIVIDED - W/MEDIAN (NOT RAISED),,STRAIGHT AND LEVEL,DRY,UNKNOWN,,NO INJURY / DRIVE AWAY,,,Y,"OVER $1,500",12/4/2019 10:55,UNABLE TO DETERMINE,UNABLE TO DETERMINE,4027,W,DIVERSEY AVE,2524,,,,,,,2,NO INDICATION OF INJURY,0,0,0,0,0,2,0,10,4,12,41.93166402,-87.72808651,POINT (-87.728086510723 41.931664017314)
1a4f78b1581151add6534c0e50c62bfbcc817eaecb96affd7b544cc5bef5b5cdc396ff6fad378d18994a6862822eb0c81e285a1d9732f08669254a1d6ca7dc6a,JG177198,,3/7/2023 11:45,30,UNKNOWN,UNKNOWN,UNKNOWN,UNKNOWN,TURNING,NOT DIVIDED,,STRAIGHT AND LEVEL,UNKNOWN,UNKNOWN,,NO INJURY / DRIVE AWAY,,,,"OVER $1,500",3/7/2023 14:00,UNABLE TO DETERMINE,UNABLE TO DETERMINE,354,N,UNION AVE,1214,,,,,,,2,NO INDICATION OF INJURY,0,0,0,0,0,2,0,11,3,3,41.88855584,-87.64592378,POINT (-87.645923778258 41.888555839268)
1a576099381ad9478068fa0f38af5233dac277fbd0e7936c343aec74ddef40231b43c3763e88215a0f978df76900c45cd2a096897f39df0089867c7e3935f617,JG327599,,7/4/2023 17:50,35,TRAFFIC SIGNAL,FUNCTIONING PROPERLY,CLEAR,DAYLIGHT,SIDESWIPE SAME DIRECTION,DIVIDED - W/MEDIAN (NOT RAISED),,STRAIGHT AND LEVEL,DRY,NO DEFECTS,,INJURY AND / OR TOW DUE TO CRASH,Y,,Y,"OVER $1,500",7/4/2023 18:00,FOLLOWING TOO CLOSELY,UNABLE TO DETERMINE,7900,S,NORMAL AVE,621,,,,,,,2,NONINCAPACITATING INJURY,1,0,0,1,0,1,0,17,3,7,41.75069404,-87.63687255,POINT (-87.636872551049 41.7506940441)
1a5a642e5cb0eed349719ef60f7b9be58921344da8934729ec998cb2fe7960b96251117dcdb6d689b9c0b6037abc6879acaab6bf7a423b125bc75b4f3f98f645,JG271633,,5/23/2023 9:20,30,TRAFFIC SIGNAL,FUNCTIONING PROPERLY,CLEAR,DAYLIGHT,OTHER OBJECT,DIVIDED - W/MEDIAN (NOT RAISED),,STRAIGHT AND LEVEL,DRY,OTHER,,NO INJURY / DRIVE AWAY,,,,"$501 - $1,500",5/23/2023 10:16,FAILING TO YIELD RIGHT-OF-WAY,ROAD CONSTRUCTION/MAINTENANCE,201,W,POLK ST,123,,,,Y,CONSTRUCTION,Y,2,NO INDICATION OF INJURY,0,0,0,0,0,2,0,9,3,5,41.87204076,-87.63364549,POINT (-87.633645484534 41.872040758511)
1a5d8d5b5f60d4baf913ca9f9a5f82a99042c2fbc86b38c5c728d8949fdd9faf3a20f54650afc170122e31489991f12d633f5d85d4e2e70f65ac74624205717d,JG310240,,6/21/2023 17:22,30,FLASHING CONTROL SIGNAL,FUNCTIONING PROPERLY,CLEAR,DAYLIGHT,REAR END,DIVIDED - W/MEDIAN (NOT RAISED),,STRAIGHT AND LEVEL,DRY,NO DEFECTS,,NO INJURY / DRIVE AWAY,,,,"OVER $1,500",6/21/2023 17:30,UNABLE TO DETERMINE,UNABLE TO DETERMINE,1530,W,111TH ST,2234,,,,,,,2,NO INDICATION OF INJURY,0,0,0,0,0,2,0,17,4,6,41.69223013,-87.66156571,POINT (-87.661565707968 41.692230131849)
1b5934df62ad23c4bcb1903338588e414ca4845d9cc48f3e8486c4f2a78e0ed74af02354a709a606d0713fc90924ac5e89b471a66280d88d0bad0d651cec719d,JD242662,,5/25/2020 18:40,30,NO CONTROLS,NO CONTROLS,CLEAR,DAYLIGHT,REAR END,DIVIDED - W/MEDIAN (NOT RAISED),,STRAIGHT AND LEVEL,DRY,NO DEFECTS,,NO INJURY / DRIVE AWAY,,,Y,"OVER $1,500",5/25/2020 18:54,FOLLOWING TOO CLOSELY,UNABLE TO DETERMINE,841,W,IRVING PARK RD,1923,,,,,,,2,NO INDICATION OF INJURY,0,0,0,0,0,2,0,18,2,5,41.95442502,-87.65132402,POINT (-87.65132401707 41.954425018612)
1b88b5be71417d21ae3165e3c4645a33755e118d23bc4347e9c8c6ab1dc4d5d875ad10829e2cf19916d677e8156f06b1b0105d9040a268d36acb42aed98bc638,,,7/21/2023 16:30,30,NO CONTROLS,NO CONTROLS,CLEAR,DAYLIGHT,ANGLE,DIVIDED - W/MEDIAN (NOT RAISED),,STRAIGHT AND LEVEL,DRY,NO DEFECTS,,NO INJURY / DRIVE AWAY,,,,"OVER $1,500",7/21/2023 17:40,FAILING TO YIELD RIGHT-OF-WAY,UNABLE TO DETERMINE,1331,N,DAMEN AVE,1424,,,,,,,2,NO INDICATION OF INJURY,0,0,0,0,0,2,0,16,6,7,41.90596156,-87.67719242,POINT (-87.677192420882 41.905961556665)
1bdffa25260d098b2ed1d1f640864e61125472950c1c53bc55c24a0322c23958f186b78aaaad385b8aaef7d3d2ae0d821a44565527663ed8bba0ddb56e3583a8,JD176996,,3/7/2020 6:45,30,STOP SIGN/FLASHER,FUNCTIONING PROPERLY,CLEAR,DAYLIGHT,PEDESTRIAN,FOUR WAY,,STRAIGHT AND LEVEL,DRY,NO DEFECTS,,INJURY AND / OR TOW DUE TO CRASH,,,,$500 OR LESS,3/7/2020 6:45,UNABLE TO DETERMINE,UNABLE TO DETERMINE,2700,N,LAMON AVE,2521,,Y,,,,,2,INCAPACITATING INJURY,1,0,1,0,0,1,0,6,7,3,41.92973082,-87.74913512,POINT (-87.749135115006 41.929730816415)
1c02d708e14f879e83819e2b1a8c180080de3afdc850af1089ef4aa5a14de5648d69172413a32d0ef33333373dbf162684f86256174bcc5d52714ce51b6d0c4d,JG238001,,4/26/2023 13:05,30,STOP SIGN/FLASHER,FUNCTIONING PROPERLY,CLEAR,DAYLIGHT,ANGLE,FOUR WAY,,STRAIGHT AND LEVEL,DRY,NO DEFECTS,,INJURY AND / OR TOW DUE TO CRASH,Y,,,"OVER $1,500",4/26/2023 13:05,DISREGARDING STOP SIGN,FAILING TO YIELD RIGHT-OF-WAY,2899,W,LAKE ST,1222,,,,,,,3,NONINCAPACITATING INJURY,1,0,0,1,0,2,0,13,4,4,41.88404921,-87.69875873,POINT (-87.698758727738 41.884049211881)
1c1fbe730d712e75efa4c792c79debe5fb5eeb5299c9a5eced92bd108b4476cb206e9669076d5c65ee6a9240b122c1a781361c3c94b73d94f64f176e09ce080d,JC264680,,5/15/2019 20:20,30,TRAFFIC SIGNAL,FUNCTIONING PROPERLY,CLEAR,DAWN,TURNING,NOT DIVIDED,,STRAIGHT AND LEVEL,DRY,NO DEFECTS,,INJURY AND / OR TOW DUE TO CRASH,Y,,,"OVER $1,500",5/15/2019 20:30,UNABLE TO DETERMINE,UNABLE TO DETERMINE,768,W,WILSON AVE,1914,,,,,,,2,NO INDICATION OF INJURY,0,0,0,0,0,2,0,20,4,5,41.96559486,-87.64994141,POINT (-87.64994140695 41.96559485514)
1c2b12f7537fc036f95fe2de1ad0038c021e0bd37d7e39a0f57155ddde5f4c40ad6fcf61636308e0d971a1f55b68baf512912cf26e514d2e6c2d49c5c26b9a62,JC528014,,11/29/2019 0:01,30,STOP SIGN/FLASHER,FUNCTIONING PROPERLY,CLEAR,"DARKNESS, LIGHTED ROAD",ANGLE,FOUR WAY,,STRAIGHT AND LEVEL,WET,NO DEFECTS,,INJURY AND / OR TOW DUE TO CRASH,Y,,Y,"OVER $1,500",11/29/2019 0:01,DISREGARDING STOP SIGN,NOT APPLICABLE,5501,W,DIVISION ST,1524,,Y,,,,,2,NONINCAPACITATING INJURY,1,0,0,1,0,2,0,0,6,11,41.90205364,-87.76391484,POINT (-87.763914842166 41.902053641017)
1cbd5f7be8dab5f079207b9d456778e182b7bc3879c56e4ae45902d22748b465d24574e44cd274da8c8b6aa03aa964c524aa8d7a55a826e9e056e95c9bca8eee,JC503732,,11/8/2019 20:00,30,TRAFFIC SIGNAL,FUNCTIONING PROPERLY,CLEAR,"DARKNESS, LIGHTED ROAD",REAR END,DIVIDED - W/MEDIAN (NOT RAISED),,STRAIGHT AND LEVEL,DRY,NO DEFECTS,,NO INJURY / DRIVE AWAY,,,,"$501 - $1,500",11/8/2019 21:00,UNABLE TO DETERMINE,NOT APPLICABLE,4401,N,CENTRAL AVE,1623,,,,,,,2,NO INDICATION OF INJURY,0,0,0,0,0,2,0,20,6,11,41.96053223,-87.76709703,POINT (-87.767097025983 41.960532228999)
1cd11635991566d1b29d37950b0bda26dd12399e7f07c311fc327412736a4641be244f3140392ba2ed93401d54f27b7323cc9b3bc61992b8e807409a30c808da,JG289333,,6/5/2023 16:50,30,NO CONTROLS,NO CONTROLS,CLEAR,DAYLIGHT,PARKED MOTOR VEHICLE,DIVIDED - W/MEDIAN BARRIER,,STRAIGHT ON GRADE,DRY,NO DEFECTS,,NO INJURY / DRIVE AWAY,,,,"$501 - $1,500",6/5/2023 17:00,UNABLE TO DETERMINE,UNABLE TO DETERMINE,8737,S,ASHLAND AVE,2221,,,,,,,2,NO INDICATION OF INJURY,0,0,0,0,0,1,0,16,2,6,41.73464972,-87.66288802,POINT (-87.662888016726 41.734649718482)
1cfe54e6722d048fb04a335150c65514be25503a1263d9e87a8678f86eaa8e7cab54ff7e23c8be9ad59a97b5595bf5d46093abc9757a835c7c9b0a82177512c6,JC428944,,9/11/2019 8:50,25,UNKNOWN,UNKNOWN,CLEAR,DAYLIGHT,PEDALCYCLIST,NOT DIVIDED,,STRAIGHT AND LEVEL,DRY,NO DEFECTS,,INJURY AND / OR TOW DUE TO CRASH,,,Y,"OVER $1,500",9/11/2019 14:01,UNABLE TO DETERMINE,UNABLE TO DETERMINE,2915,S,LYMAN ST,913,,,Y,,,,2,NONINCAPACITATING INJURY,1,0,0,1,0,1,0,8,4,9,41.8410861,-87.65284741,POINT (-87.652847411924 41.841086100523)
1d1ccc779bb7b3b01f188ac0ff93c9f00c95df9415264890c82984ac720d6f18f1c61ce302d3b2c4f8f41cf6f09fdb456a80004569cd31cddeb6a13ae163f34b,JC349877,,7/15/2019 14:15,25,TRAFFIC SIGNAL,FUNCTIONING PROPERLY,CLEAR,DAYLIGHT,ANGLE,FOUR WAY,,STRAIGHT AND LEVEL,DRY,NO DEFECTS,,NO INJURY / DRIVE AWAY,Y,,,"OVER $1,500",7/15/2019 14:30,DISREGARDING TRAFFIC SIGNALS,NOT APPLICABLE,4398,W,AUGUSTA BLVD,1111,,,,,,,2,NO INDICATION OF INJURY,0,0,0,0,0,2,0,14,2,7,41.89896072,-87.73592109,POINT (-87.735921088146 41.898960718654)
1d5011b50b3fcc71f26c7489a3e26e89aa1e1774aa01a4ccd3334a2a7dad6b90f5efc52cb50a05578df82b8976f32d462d8fd26cb29ef204de4a3a1dee5e87c4,JD143039,,2/6/2020 22:54,10,NO CONTROLS,NO CONTROLS,OTHER,"DARKNESS, LIGHTED ROAD",PARKED MOTOR VEHICLE,PARKING LOT,,STRAIGHT AND LEVEL,OTHER,OTHER,,NO INJURY / DRIVE AWAY,,,Y,"OVER $1,500",2/7/2020 8:40,UNABLE TO DETERMINE,NOT APPLICABLE,3224,N,HALSTED ST,1924,,,,,,,2,NO INDICATION OF INJURY,0,0,0,0,0,1,0,22,5,2,41.94064963,-87.64943475,POINT (-87.649434745114 41.940649630866)
1dd0a9fd201293ae038975140799b336cec21af96c0aa9ba8e3e696ddf13ce4fd4b8cc79392b71a7580becf8f40837354f552c683e54ee761b72eed34ca4a4f3,JC501512,,11/7/2019 6:10,30,STOP SIGN/FLASHER,FUNCTIONING PROPERLY,CLEAR,"DARKNESS, LIGHTED ROAD",ANGLE,FOUR WAY,,STRAIGHT AND LEVEL,DRY,"RUT, HOLES",,INJURY AND / OR TOW DUE TO CRASH,Y,,,"OVER $1,500",11/7/2019 6:15,UNABLE TO DETERMINE,UNABLE TO DETERMINE,5700,S,MASSASOIT AVE,811,,,,,,,2,INCAPACITATING INJURY,1,0,1,0,0,1,0,6,5,11,41.78890236,-87.76596631,POINT (-87.765966311222 41.788902354661)
1df33524e9bab283ce7f6ad6202860ea45493e0d845b3f9fffbf16458519c2849b828a9ac630f52cbb6fea8d60baf4de87e82aed448941b196f2ab066922d826,JC387098,,8/10/2019 17:00,25,NO CONTROLS,NO CONTROLS,CLEAR,DAYLIGHT,PARKED MOTOR VEHICLE,ONE-WAY,,STRAIGHT AND LEVEL,DRY,NO DEFECTS,,NO INJURY / DRIVE AWAY,,,,"$501 - $1,500",8/10/2019 17:35,EQUIPMENT - VEHICLE CONDITION,NOT APPLICABLE,6747,S,CREGIER AVE,332,,,,,,,2,NO INDICATION OF INJURY,0,0,0,0,0,1,0,17,7,8,41.77200432,-87.58123402,POINT (-87.58123401629 41.772004323752)
1e222fb0590b28703f7d153b9a5862fb3fccb81fd45aaedaffb7beb515633374d54b8d580ef3ff92d82c8f886b18070ff5e0d0a25f6a3fadbbf58dccb8f04d03,JC470404,,10/12/2019 19:04,30,TRAFFIC SIGNAL,FUNCTIONING PROPERLY,CLEAR,DARKNESS,HEAD ON,Y-INTERSECTION,,STRAIGHT AND LEVEL,DRY,NO DEFECTS,,NO INJURY / DRIVE AWAY,,,,"$501 - $1,500",10/12/2019 19:10,UNABLE TO DETERMINE,UNABLE TO DETERMINE,1600,W,BELMONT AVE,1922,,,,,,,2,NO INDICATION OF INJURY,0,0,0,0,0,2,0,19,7,10,41.93980465,-87.6687859,POINT (-87.668785900147 41.939804649803)
1e4c8a1a23cc6edde6825c9809a9aafe0b6de809f2bcbe6e48a4f0082c57bd7fb4727b11645430e9428e6d5f7a142c203ff1ff74e19e79e762a4f93f84e02605,JD154817,,2/17/2020 11:34,45,TRAFFIC SIGNAL,FUNCTIONING PROPERLY,CLEAR,DAYLIGHT,REAR END,DIVIDED - W/MEDIAN (NOT RAISED),,STRAIGHT AND LEVEL,DRY,NO DEFECTS,,NO INJURY / DRIVE AWAY,Y,,Y,"OVER $1,500",2/17/2020 11:40,FOLLOWING TOO CLOSELY,FAILING TO REDUCE SPEED TO AVOID CRASH,658,S,LAKE SHORE DR SB,114,,,,,,,2,NO INDICATION OF INJURY,0,0,0,0,0,3,0,11,2,2,41.87331875,-87.61746065,POINT (-87.617460654154 41.873318749659)
1e5abe45b15ca56dc25485764b3089a081c12622c9d294f033ffbaa97f29cc33b272cd7e85640771a14fcd5f3e1875151806f823240439b074cc54d6a1691ee9,JD184073,,3/13/2020 9:56,30,TRAFFIC SIGNAL,FUNCTIONING PROPERLY,CLEAR,DAYLIGHT,ANGLE,FOUR WAY,,STRAIGHT AND LEVEL,DRY,NO DEFECTS,,INJURY AND / OR TOW DUE TO CRASH,Y,,,"OVER $1,500",3/13/2020 9:56,FAILING TO REDUCE SPEED TO AVOID CRASH,UNABLE TO DETERMINE,401,E,PERSHING RD,214,,Y,,,,,2,"REPORTED, NOT EVIDENT",1,0,0,0,1,3,0,9,6,3,41.82372935,-87.61666644,POINT (-87.616666437149 41.823729353424)
1e6f1eb26aa17e99867c5336b30f56713939f6da7b347b15af7083291d33821057a74792c08ed0105eb4cde2b8a0510afc6b4d1a31b15afec1d51d59d6a9f658,JG295938,,6/10/2023 1:30,30,TRAFFIC SIGNAL,FUNCTIONING PROPERLY,CLEAR,DAYLIGHT,REAR END,FOUR WAY,,STRAIGHT AND LEVEL,DRY,NO DEFECTS,,NO INJURY / DRIVE AWAY,,,Y,"$501 - $1,500",6/10/2023 17:00,FOLLOWING TOO CLOSELY,"OPERATING VEHICLE IN ERRATIC, RECKLESS, CARELESS, NEGLIGENT OR AGGRESSIVE MANNER",7600,S,HALSTED ST,621,,,,,,,2,NO INDICATION OF INJURY,0,0,0,0,0,3,0,1,7,6,41.75599579,-87.64432824,POINT (-87.644328238864 41.755995790481)
1e7aac1d4d018a3111368bc7251fd21d151c4174e379ed35ca10be5eb24c9b0db1f740e06b4f51e4c8ce31acc814339f91690437617b994126eb46f86ece54b7,JC536658,,12/6/2019 10:20,20,NO CONTROLS,NO CONTROLS,CLOUDY/OVERCAST,DAYLIGHT,SIDESWIPE SAME DIRECTION,NOT DIVIDED,,STRAIGHT AND LEVEL,DRY,NO DEFECTS,,NO INJURY / DRIVE AWAY,,,,"$501 - $1,500",12/6/2019 10:25,IMPROPER OVERTAKING/PASSING,NOT APPLICABLE,3600,N,ARTESIAN AVE,1921,,,,,,,2,NO INDICATION OF INJURY,0,0,0,0,0,2,0,10,6,12,41.94681747,-87.68961952,POINT (-87.689619521371 41.946817469427)
1e99e07876babc802d5a40b0bbea32b380818e7cdfcf9442cb0a851eae6b58c57aa1e1f2dafd098a1cda1d3ad9a8534b90a26962c4fc24762dc146f0083e1d39,JG278700,,5/28/2023 16:52,30,TRAFFIC SIGNAL,FUNCTIONING PROPERLY,CLEAR,DAWN,ANGLE,FOUR WAY,,STRAIGHT AND LEVEL,DRY,WORN SURFACE,,INJURY AND / OR TOW DUE TO CRASH,Y,,,"OVER $1,500",5/28/2023 16:56,DISTRACTION - FROM INSIDE VEHICLE,UNABLE TO DETERMINE,2400,W,HARRISON ST,1135,,,,,,,3,NO INDICATION OF INJURY,0,0,0,0,0,6,0,16,1,5,41.87399914,-87.68635896,POINT (-87.686358964077 41.873999139289)
1f08f7b24d36a35a4176bbb829984aa70370231e4441a0d34ab8329b86f2a0be907853bae3007f8d01c6d2711e59c2fe3ebae02e6dc564a150318d8ba1b89b4d,JD225816,,5/6/2020 15:28,30,NO CONTROLS,NO CONTROLS,CLEAR,DAYLIGHT,SIDESWIPE SAME DIRECTION,DIVIDED - W/MEDIAN BARRIER,,STRAIGHT AND LEVEL,DRY,NO DEFECTS,,INJURY AND / OR TOW DUE TO CRASH,,,,"OVER $1,500",5/6/2020 15:35,UNABLE TO DETERMINE,NOT APPLICABLE,7198,S,STONY ISLAND AVE,324,,,,,,,2,NO INDICATION OF INJURY,0,0,0,0,0,2,0,15,4,5,41.76427687,-87.58642854,POINT (-87.586428541523 41.764276868225)
1fbd989924264da65d9b7581a8efe032c34079d285fec282da2c960075bfbde819b64399cd007e4bb7858bf2bb222385e4e7fe974f5e46726ffed8525ff051da,JD187049,,3/16/2020 1:15,30,TRAFFIC SIGNAL,FUNCTIONING PROPERLY,CLEAR,"DARKNESS, LIGHTED ROAD",PEDALCYCLIST,Y-INTERSECTION,,STRAIGHT AND LEVEL,DRY,NO DEFECTS,,INJURY AND / OR TOW DUE TO CRASH,Y,,,"OVER $1,500",3/16/2020 1:15,UNABLE TO DETERMINE,FAILING TO YIELD RIGHT-OF-WAY,1600,N,DAMEN AVE,1434,,,,,,,2,INCAPACITATING INJURY,1,0,1,0,0,1,0,1,2,3,41.91058842,-87.67764382,POINT (-87.677643820277 41.91058842145)
1fcad9d9869e60a9eca266a0cdc33682c8945c56c79da7814e8c3e33374ff184226699c3051fc7603a1507ca62513c88f71b8f87ad7d6e4c61f3a6459a1b697b,JC424408,,9/8/2019 0:00,30,NO CONTROLS,NO CONTROLS,CLEAR,"DARKNESS, LIGHTED ROAD",PARKED MOTOR VEHICLE,ONE-WAY,,STRAIGHT AND LEVEL,DRY,NO DEFECTS,,NO INJURY / DRIVE AWAY,,,Y,"OVER $1,500",9/8/2019 1:55,UNABLE TO DETERMINE,UNABLE TO DETERMINE,2356,N,ST LOUIS AVE,1413,,,,,,,2,NO INDICATION OF INJURY,0,0,0,0,0,1,0,0,1,9,41.92453723,-87.71388168,POINT (-87.713881677655 41.924537232208)
1fe3a1c3e271b5caae4e258c6698281bc07c2e4f1fa1a3767951139987d7c2d12914e4a0f875a2d06ccacef8e369217adc49e9b6ae67e86a1d0de2dfa4771927,JD248875,,5/31/2020 18:50,30,TRAFFIC SIGNAL,FUNCTIONING PROPERLY,CLEAR,DAYLIGHT,SIDESWIPE SAME DIRECTION,FOUR WAY,,STRAIGHT AND LEVEL,DRY,NO DEFECTS,,NO INJURY / DRIVE AWAY,Y,,Y,"$501 - $1,500",5/31/2020 18:55,DRIVING ON WRONG SIDE/WRONG WAY,NOT APPLICABLE,5238,W,MADISON ST,1522,,,,,,,2,NO INDICATION OF INJURY,0,0,0,0,0,3,0,18,1,5,41.88046155,-87.75666035,POINT (-87.756660349511 41.88046155348)
1fe569ceb969d656c12fc9913b10e554eb2bdaa2d6ad28ed96cbe9f3101575149a72dda4eb18fbcb7a1b09378f13c8609fe17870fe79e8911c258d0e293fb0ab,JG283257,,6/1/2023 7:15,30,NO CONTROLS,NO CONTROLS,CLEAR,DAYLIGHT,ANGLE,NOT DIVIDED,,STRAIGHT AND LEVEL,DRY,UNKNOWN,,INJURY AND / OR TOW DUE TO CRASH,,,,"OVER $1,500",6/1/2023 7:55,FAILING TO YIELD RIGHT-OF-WAY,NOT APPLICABLE,351,W,OAK ST,1823,,,,,,,2,NONINCAPACITATING INJURY,1,0,0,1,0,1,0,7,5,6,41.90038779,-87.63781902,POINT (-87.637819016538 41.900387786369)
2001d7a20dc4505854d8e0304e35aa18e221a434ebb5aad37caf7f5c8c3b4434def2fe56957d94d562bde3705d7dca70edb3c9c83e49d599022d57a1bf7aab18,JD144503,,2/8/2020 11:40,30,STOP SIGN/FLASHER,NO CONTROLS,CLEAR,DAYLIGHT,ANGLE,DIVIDED - W/MEDIAN (NOT RAISED),,STRAIGHT AND LEVEL,DRY,UNKNOWN,,INJURY AND / OR TOW DUE TO CRASH,Y,,,"OVER $1,500",2/8/2020 11:45,DISREGARDING STOP SIGN,NOT APPLICABLE,12501,S,STATE ST,532,,,,,,,2,NO INDICATION OF INJURY,0,0,0,0,0,2,0,11,7,2,41.66707858,-87.62211835,POINT (-87.622118352861 41.667078582045)
207b23ac5341931115b0a633f632dc485302afbaf7cbe58bf2e79bb73d0a8b9194322a7371df114ac36ba6efdf4ac4fd70239f1bbb528bbf0ee2fe3797da565c,JC316376,Y,6/21/2019 21:37,30,TRAFFIC SIGNAL,UNKNOWN,CLEAR,"DARKNESS, LIGHTED ROAD",TURNING,Y-INTERSECTION,,STRAIGHT AND LEVEL,UNKNOWN,UNKNOWN,,NO INJURY / DRIVE AWAY,Y,,,"$501 - $1,500",6/21/2019 22:00,IMPROPER LANE USAGE,DRIVING SKILLS/KNOWLEDGE/EXPERIENCE,5958,N,RIDGE AVE,2012,Y,,,,,,2,NO INDICATION OF INJURY,0,0,0,0,0,2,0,21,6,6,41.99000122,-87.67086392,POINT (-87.670863920439 41.990001215955)
209192041887d7e8e5374113c6624bc9afad804070b5746b4a28e53716c682b9b903abd6518abd33fa187172a5a5a4d4e45b65a88d97e469fad7301f9ba5be49,JD224648,,5/5/2020 10:12,35,TRAFFIC SIGNAL,FUNCTIONING PROPERLY,RAIN,DAYLIGHT,TURNING,T-INTERSECTION,,STRAIGHT ON HILLCREST,WET,NO DEFECTS,,INJURY AND / OR TOW DUE TO CRASH,Y,,,"OVER $1,500",5/5/2020 10:12,UNABLE TO DETERMINE,UNABLE TO DETERMINE,4000,S,PULASKI RD,815,,,,,,,2,INCAPACITATING INJURY,1,0,1,0,0,1,0,10,3,5,41.81905247,-87.7241127,POINT (-87.7241127025 41.819052466282)
20d0d070b39c330452218c2dbc7dfb4d8f35066ca7fe44e2d386931308881d8055b8ebde96a16a6ede7583854b70df76161bb2efe41e617b5de5b07e5284ed3e,JD222280,,5/2/2020 12:45,30,NO CONTROLS,NO CONTROLS,CLEAR,DAYLIGHT,TURNING,NOT DIVIDED,,STRAIGHT AND LEVEL,DRY,NO DEFECTS,,INJURY AND / OR TOW DUE TO CRASH,Y,,,"OVER $1,500",5/2/2020 12:45,UNABLE TO DETERMINE,UNABLE TO DETERMINE,5833,W,NORTH AVE,2531,,,,,,,2,"REPORTED, NOT EVIDENT",1,0,0,0,1,1,0,12,7,5,41.90918945,-87.7720043,POINT (-87.772004296394 41.909189449206)
21b22c8c5e2f9d37ee203a2ad6bf849fa557c1debe61dbb2e51affee9e0b16aa5c4ed97e3e24bc455bd833fa003397af3c9b0e12636ebfd8b81c701ae9a8c173,JC525575,,11/26/2019 17:23,30,NO CONTROLS,NO CONTROLS,RAIN,DARKNESS,REAR END,FOUR WAY,,STRAIGHT AND LEVEL,WET,NO DEFECTS,,INJURY AND / OR TOW DUE TO CRASH,Y,,,"OVER $1,500",11/26/2019 17:23,FAILING TO REDUCE SPEED TO AVOID CRASH,NOT APPLICABLE,7800,S,VINCENNES AVE,623,,,,,,,3,NONINCAPACITATING INJURY,1,0,0,1,0,3,0,17,3,11,41.75268227,-87.63387188,POINT (-87.63387187576 41.752682267084)
21c089f2ac064940010059aaf6879af2e67233527612d4e3e1fbd2a1cd00ff8496c8f43155ec5e42fb8d4fdd81382d92ae7da60de83a6f749bcf26900119709f,JD186732,,3/15/2020 16:57,35,TRAFFIC SIGNAL,FUNCTIONING PROPERLY,CLEAR,DAYLIGHT,SIDESWIPE SAME DIRECTION,FOUR WAY,,STRAIGHT AND LEVEL,DRY,UNKNOWN,,NO INJURY / DRIVE AWAY,,,Y,"$501 - $1,500",3/15/2020 16:58,NOT APPLICABLE,NOT APPLICABLE,2000,E,95TH ST,413,,,,,,,2,NO INDICATION OF INJURY,0,0,0,0,0,2,0,16,1,3,41.72257947,-87.57529252,POINT (-87.575292522504 41.722579473126)
222d7d5b17bfe958bb1787f45bf63c7083ce3cbd789136b6d7f78e0d8bd3ab1a041cc0a04eec1d47f57398129e3ed2e9cce95e5c48349e4127a443492fec6ae2,JF236619,,5/10/2022 8:43,25,STOP SIGN/FLASHER,FUNCTIONING PROPERLY,CLEAR,DAYLIGHT,ANGLE,FOUR WAY,,STRAIGHT AND LEVEL,DRY,NO DEFECTS,,NO INJURY / DRIVE AWAY,Y,,,"$501 - $1,500",5/10/2022 9:32,UNABLE TO DETERMINE,NOT APPLICABLE,7600,S,INDIANA AVE,623,,,,,,,2,NO INDICATION OF INJURY,0,0,0,0,0,3,0,8,3,5,41.75640481,-87.6200325,POINT (-87.62003250391 41.756404805121)
225c44164c518ff6625a4dfe902ff36673684360a5d1abd9fa1ba24ed9097b2beaffea6f65fea1f93e801ad0760ae20e44b84a249d9fef3b876559092a019433,JD180649,,3/10/2020 11:20,30,NO CONTROLS,NO CONTROLS,CLEAR,DAYLIGHT,SIDESWIPE SAME DIRECTION,ONE-WAY,,STRAIGHT AND LEVEL,DRY,NO DEFECTS,,NO INJURY / DRIVE AWAY,,,,$500 OR LESS,3/10/2020 12:20,DRIVING SKILLS/KNOWLEDGE/EXPERIENCE,NOT APPLICABLE,1,E,OHIO ST,1834,,,,,,,2,NO INDICATION OF INJURY,0,0,0,0,0,2,0,11,3,3,41.89236061,-87.6280216,POINT (-87.628021603066 41.892360612585)