CRASH_RECORD_ID,RD_NO,CRASH_DATE_EST_I,CRASH_DATE,POSTED_SPEED_LIMIT,TRAFFIC_CONTROL_DEVICE,DEVICE_CONDITION,WEATHER_CONDITION,LIGHTING_CONDITION,FIRST_CRASH_TYPE,TRAFFICWAY_TYPE,LANE_CNT,ALIGNMENT,ROADWAY_SURFACE_COND,ROAD_DEFECT,REPORT_TYPE,CRASH_TYPE,INTERSECTION_RELATED_I,NOT_RIGHT_OF_WAY_I,HIT_AND_RUN_I,DAMAGE,DATE_POLICE_NOTIFIED,PRIM_CONTRIBUTORY_CAUSE,SEC_CONTRIBUTORY_CAUSE,STREET_NO,STREET_DIRECTION,STREET_NAME,BEAT_OF_OCCURRENCE,PHOTOS_TAKEN_I,STATEMENTS_TAKEN_I,DOORING_I,WORK_ZONE_I,WORK_ZONE_TYPE,WORKERS_PRESENT_I,NUM_UNITS,MOST_SEVERE_INJURY,INJURIES_TOTAL,INJURIES_FATAL,INJURIES_INCAPACITATING,INJURIES_NON_INCAPACITATING,INJURIES_REPORTED_NOT_EVIDENT,INJURIES_NO_INDICATION,INJURIES_UNKNOWN,CRASH_HOUR,CRASH_DAY_OF_WEEK,CRASH_MONTH,LATITUDE,LONGITUDE,LOCATION
225cd4f0bde5a53543f6034f7951ac28b3cc5e1710d4c87da86bbf05262ed9c90c4d8aea8c3ecae6541c05bfab23b586af753f810e6713c6bbf476e1522bb5e4,JD193617,,3/23/2020 21:45,30,NO CONTROLS,NO CONTROLS,CLEAR,"DARKNESS, LIGHTED ROAD",SIDESWIPE SAME DIRECTION,NOT DIVIDED,,STRAIGHT AND LEVEL,DRY,NO DEFECTS,,NO INJURY / DRIVE AWAY,N,,,"$501 - $1,500",3/23/2020 22:00,FAILING TO YIELD RIGHT-OF-WAY,UNABLE TO DETERMINE,45,E,75TH ST,623,,,,,,,2,NO INDICATION OF INJURY,0,0,0,0,0,2,0,21,2,3,41.75815701,-87.62291115,POINT (-87.62291115295 41.758157010794)
226298cb2e5f739712b14b4daee4c184e948ee0ddee07463b8c2c005eb644949babb54d5a0e76cee6a542e7d7e93ff449f96d1d49c7289b3a328574db7d91e07,JG287805,,6/4/2023 13:49,25,TRAFFIC SIGNAL,FUNCTIONING PROPERLY,CLEAR,DAYLIGHT,PEDESTRIAN,FOUR WAY,,STRAIGHT AND LEVEL,DRY,NO DEFECTS,,INJURY AND / OR TOW DUE TO CRASH,Y,,,"$501 - $1,500",6/4/2023 13:51,FAILING TO YIELD RIGHT-OF-WAY,FAILING TO REDUCE SPEED TO AVOID CRASH,2900,W,FOSTER AVE,2011,,,,,,,2,NONINCAPACITATING INJURY,1,0,0,1,0,1,0,13,1,6,41.97590825,-87.70143127,POINT (-87.701431268775 41.975908245473)
22632e2e4391814c2f355404bebd863d5da001bf6de03492173f367ca0e6ea3684da6662db122515afb04b15f181107f25bc58061df69598f92c05ae9de302a3,JC475340,,10/16/2019 18:45,25,NO CONTROLS,NO CONTROLS,CLEAR,DAWN,PEDALCYCLIST,NOT DIVIDED,,STRAIGHT AND LEVEL,DRY,NO DEFECTS,,INJURY AND / OR TOW DUE TO CRASH,Y,,,"$501 - $1,500",10/16/2019 18:46,NOT APPLICABLE,NOT APPLICABLE,601,E,61ST ST,313,,,,,,,2,INCAPACITATING INJURY,1,0,1,0,0,1,0,18,4,10,41.78386042,-87.61082006,POINT (-87.610820064424 41.783860424442)
2332ef9718a7ec00eb3ab5a3bb05dbb7b28e205da0e73c8d41bd24706f64abad3776e122c7d233f5513c2d4d197c0d05991979bf9f7154b66e852f108439efa2,JG249188,,5/5/2023 15:38,30,TRAFFIC SIGNAL,FUNCTIONING PROPERLY,CLEAR,DAYLIGHT,TURNING,NOT DIVIDED,,STRAIGHT AND LEVEL,DRY,NO DEFECTS,,NO INJURY / DRIVE AWAY,Y,,,"OVER $1,500",5/5/2023 15:39,IMPROPER TURNING/NO SIGNAL,IMPROPER TURNING/NO SIGNAL,502,E,ILLINOIS ST,1834,,,,,,,2,NO INDICATION OF INJURY,0,0,0,0,0,3,0,15,6,5,41.89120951,-87.61503577,POINT (-87.615035773194 41.891209510419)
233a04c4ed24e2e05f4015771a7d47c6a23e3b7eeabbdf9699499f5b7fc48becfe3dbd717113fcb477de76bae91a6db98f0b45116675cdff60b7a1c62fb9325e,JD183608,,3/11/2020 17:20,30,NO CONTROLS,NO CONTROLS,CLEAR,DAYLIGHT,SIDESWIPE SAME DIRECTION,NOT DIVIDED,,STRAIGHT AND LEVEL,DRY,NO DEFECTS,,NO INJURY / DRIVE AWAY,,,,"OVER $1,500",3/12/2020 20:00,IMPROPER LANE USAGE,UNABLE TO DETERMINE,4100,N,SOUTHPORT AVE,1912,,,,,,,2,NO INDICATION OF INJURY,0,0,0,0,0,2,0,17,4,3,41.95622983,-87.66441049,POINT (-87.664410492891 41.956229834343)
234564b6f6114939265ee1cdad41a48364c88883bb3a01422ca9b2bc0112b9a2d3d17bb6928ac2a4a5a38439b66eea17c5ad2622434539eafbf323617310ff1a,JC409453,,8/27/2019 14:43,30,STOP SIGN/FLASHER,FUNCTIONING PROPERLY,CLEAR,DAYLIGHT,TURNING,FOUR WAY,,STRAIGHT AND LEVEL,DRY,NO DEFECTS,,INJURY AND / OR TOW DUE TO CRASH,Y,,,"OVER $1,500",8/27/2019 14:43,FAILING TO YIELD RIGHT-OF-WAY,IMPROPER TURNING/NO SIGNAL,2300,W,ARMITAGE AVE,1432,,,,,,,3,NONINCAPACITATING INJURY,1,0,0,1,0,3,0,14,3,8,41.91772263,-87.68506044,POINT (-87.685060437685 41.917722630349)
23d12c646f969388b5b7d1b0825c49efecf11a10164bd875f7300c43be7b437c3eb60dfd6735f693c3033dd242e8404ab97d606149a15c5477daa4b4d5c908a3,JD212193,,4/19/2020 7:23,20,STOP SIGN/FLASHER,FUNCTIONING PROPERLY,CLEAR,DAYLIGHT,PARKED MOTOR VEHICLE,NOT DIVIDED,,STRAIGHT AND LEVEL,DRY,NO DEFECTS,,INJURY AND / OR TOW DUE TO CRASH,,,Y,"OVER $1,500",4/19/2020 7:23,UNABLE TO DETERMINE,"OPERATING VEHICLE IN ERRATIC, RECKLESS, CARELESS, NEGLIGENT OR AGGRESSIVE MANNER",4937,W,FULTON ST,1532,,,,,,,2,NO INDICATION OF INJURY,0,0,0,0,0,1,0,7,1,4,41.88557961,-87.74928935,POINT (-87.749289349791 41.885579608797)
23ef99c571bd3e561b6170fd8cba39e829015ce6108428f6d96be37dab2c9b6efff762ea0fa11cfcd258dd4028d9ff5493c12d4bbe00f913d3408e9637c5f154,JG269475,,5/21/2023 18:41,30,TRAFFIC SIGNAL,FUNCTIONING IMPROPERLY,CLEAR,DAYLIGHT,TURNING,FOUR WAY,,STRAIGHT AND LEVEL,DRY,NO DEFECTS,,INJURY AND / OR TOW DUE TO CRASH,Y,,Y,"$501 - $1,500",5/21/2023 18:41,FAILING TO YIELD RIGHT-OF-WAY,UNABLE TO DETERMINE,2101,W,TOUHY AVE,2411,,,,N,,,2,NONINCAPACITATING INJURY,1,0,0,1,0,2,0,18,1,5,42.01210812,-87.68314563,POINT (-87.683145627014 42.01210812045)
240fe43fde81b5575c089a12e6b7e5ea1b303b432c74fe8a2cdda46967624842c7d4aa63c45225cd6736f810b40e014b1729229fd5b257be57c3ccedc546e454,JC469636,,10/12/2019 5:10,30,TRAFFIC SIGNAL,FUNCTIONING PROPERLY,CLEAR,"DARKNESS, LIGHTED ROAD",SIDESWIPE SAME DIRECTION,DIVIDED - W/MEDIAN (NOT RAISED),,STRAIGHT AND LEVEL,DRY,NO DEFECTS,,NO INJURY / DRIVE AWAY,,,Y,"OVER $1,500",10/12/2019 6:00,UNABLE TO DETERMINE,UNABLE TO DETERMINE,3159,W,63RD ST,823,,,,,,,2,NO INDICATION OF INJURY,0,0,0,0,0,2,0,5,7,10,41.7788643,-87.70307336,POINT (-87.703073357418 41.778864296018)
24156ceb87dc4231cec7cb1cf32aa5ca33f784f4fab7c9cb43d58d2e356d61599efa9203fc9e107f06b6ce657889dbb3c42992fa617daf52208980442903364d,JG339282,,7/13/2023 12:50,30,STOP SIGN/FLASHER,FUNCTIONING PROPERLY,CLEAR,DAYLIGHT,ANGLE,DIVIDED - W/MEDIAN (NOT RAISED),,STRAIGHT AND LEVEL,DRY,NO DEFECTS,,INJURY AND / OR TOW DUE TO CRASH,N,,,"OVER $1,500",7/13/2023 12:51,UNABLE TO DETERMINE,UNABLE TO DETERMINE,2331,N,WESTERN AVE,1432,,,,,,,2,"REPORTED, NOT EVIDENT",1,0,0,0,1,1,0,12,5,7,41.92423742,-87.68747544,POINT (-87.687475437142 41.924237419006)
2417a2813964976129eb346e6fc4d100bd789f7a305bbfa5e462ec82a1496566fd69f9b6ab9851fd03c326c2af8d20cf2314fe8ef3a8bc1caa0f2e011d3d8cc6,JC437332,,9/17/2019 16:00,30,NO CONTROLS,NO CONTROLS,CLEAR,DAYLIGHT,SIDESWIPE SAME DIRECTION,NOT DIVIDED,,STRAIGHT AND LEVEL,DRY,NO DEFECTS,,NO INJURY / DRIVE AWAY,,,Y,"$501 - $1,500",9/17/2019 16:15,UNABLE TO DETERMINE,UNABLE TO DETERMINE,3832,W,PALMER ST,2525,,,,,,,2,NO INDICATION OF INJURY,0,0,0,0,0,2,0,16,3,9,41.9209774,-87.72314052,POINT (-87.723140523168 41.920977399703)
242250246f9ea909eb5805f45125840489a1ea37fab7dd78ad5e80462966469fb9ae3883f422c9cb218904ed829044232327868e6097576a4ad74a6814c09051,JC128630,,1/24/2019 19:40,30,NO CONTROLS,NO CONTROLS,CLEAR,"DARKNESS, LIGHTED ROAD",SIDESWIPE SAME DIRECTION,NOT DIVIDED,4,STRAIGHT AND LEVEL,DRY,NO DEFECTS,,NO INJURY / DRIVE AWAY,Y,,,"OVER $1,500",1/24/2019 20:15,UNABLE TO DETERMINE,NOT APPLICABLE,220,N,DESPLAINES ST,1214,,,,,,,2,NO INDICATION OF INJURY,0,0,0,0,0,2,0,19,5,1,41.88642185,-87.64441279,POINT (-87.64441278977 41.886421852271)
2437e9718a967cd0ab098266d9afb8133bbb843f4fc4541d1b33f2a40d095de1a49955c7c487a69efd123e884232d7b0c9f016e4068fe34868e7b2323426db7f,JG274635,,5/25/2023 11:45,30,TRAFFIC SIGNAL,FUNCTIONING PROPERLY,CLEAR,DAYLIGHT,TURNING,ONE-WAY,,STRAIGHT AND LEVEL,DRY,NO DEFECTS,,NO INJURY / DRIVE AWAY,Y,,,"$501 - $1,500",5/25/2023 13:56,FAILING TO YIELD RIGHT-OF-WAY,UNABLE TO DETERMINE,40,W,OHIO ST,1832,,,,,,,2,NO INDICATION OF INJURY,0,0,0,0,0,2,0,11,5,5,41.89255832,-87.62959738,POINT (-87.629597377088 41.892558321003)
24c1ab0d5bb1d3fb3880b5fb6d1503e0bf3c3f32bdea5238ab93186437086762b15b05cb928fdf59176c56953c5cb0f47682c5f03492d3ed5c66d0ad1cbd71c1,JG304686,Y,6/13/2023 12:00,30,NO CONTROLS,NO CONTROLS,UNKNOWN,UNKNOWN,PARKED MOTOR VEHICLE,NOT DIVIDED,,STRAIGHT AND LEVEL,UNKNOWN,UNKNOWN,,NO INJURY / DRIVE AWAY,,,Y,"$501 - $1,500",6/17/2023 14:00,UNABLE TO DETERMINE,UNABLE TO DETERMINE,1017,W,WELLINGTON AVE,1933,,,,,,,2,NO INDICATION OF INJURY,0,0,0,0,0,1,0,12,3,6,41.93615014,-87.65466681,POINT (-87.654666811929 41.936150137007)
24db3a29d67d33b97b147360b0d14391e48ffbfc246e917ba1e05f762b5bb8ad9cdf8d5726bb4e18757aa18b32eaf51bab39b4950a5ebc7e8550a39f9b7a545c,JG265062,,5/18/2023 8:00,20,STOP SIGN/FLASHER,NO CONTROLS,CLEAR,DAYLIGHT,ANGLE,T-INTERSECTION,,STRAIGHT AND LEVEL,DRY,NO DEFECTS,,INJURY AND / OR TOW DUE TO CRASH,Y,,,"OVER $1,500",5/18/2023 8:07,FAILING TO YIELD RIGHT-OF-WAY,UNABLE TO DETERMINE,7658,S,LANGLEY AVE,624,,,,,,,2,NO INDICATION OF INJURY,0,0,0,0,0,3,0,8,5,5,41.75497982,-87.60790046,POINT (-87.607900457258 41.75497981587)
250240f44cf5bb1de714b81bc2f493f7a117f8b047a23d6afdae70564223d381d8b1c12ddd87640a7a1477ada9b4201509b8d2d9592faaaa3c3e6428f867efa3,JD228282,,5/9/2020 14:00,30,NO CONTROLS,NO CONTROLS,CLEAR,DAYLIGHT,PARKED MOTOR VEHICLE,NOT DIVIDED,,STRAIGHT AND LEVEL,DRY,NO DEFECTS,,NO INJURY / DRIVE AWAY,,,Y,$500 OR LESS,5/9/2020 16:50,UNABLE TO DETERMINE,NOT APPLICABLE,954,E,79TH ST,624,,,,,,,3,NO INDICATION OF INJURY,0,0,0,0,0,2,0,14,7,5,41.7514458,-87.60056783,POINT (-87.60056783248 41.751445803366)
255dcca5d7f47d026a65aef4a1f676fec224368e33e52b86c1130893bf34752e56e33a6695366ebe9a1d06c157b2f0278e6f02126501bf981570b3fd0e3c8353,JC522736,,11/24/2019 12:45,30,NO CONTROLS,NO CONTROLS,CLEAR,DAYLIGHT,PEDESTRIAN,NOT DIVIDED,,STRAIGHT AND LEVEL,DRY,NO DEFECTS,,INJURY AND / OR TOW DUE TO CRASH,,,Y,"$501 - $1,500",11/24/2019 12:53,UNABLE TO DETERMINE,NOT APPLICABLE,3100,S,KEDVALE AVE,1031,,,,,,,2,INCAPACITATING INJURY,1,0,1,0,0,1,0,12,1,11,41.83674678,-87.72813894,POINT (-87.728138940775 41.836746784456)
2569f0624a72d20f09bc6d0fc4d7ab2493a83411111b14b2e4b6dc8ce73732a0bd511eaaf8d2ca25cc512cd69e965f958fabaad1c3477f4ed90ce1d6160e4534,JD242357,,5/25/2020 13:07,25,TRAFFIC SIGNAL,FUNCTIONING PROPERLY,CLEAR,DAYLIGHT,PEDESTRIAN,NOT DIVIDED,,STRAIGHT AND LEVEL,DRY,NO DEFECTS,,INJURY AND / OR TOW DUE TO CRASH,Y,,Y,"OVER $1,500",5/25/2020 13:07,DISREGARDING TRAFFIC SIGNALS,FAILING TO REDUCE SPEED TO AVOID CRASH,600,S,CANAL ST,124,Y,Y,,,,,2,FATAL,1,1,0,0,0,5,0,13,2,5,41.87433069,-87.63960074,POINT (-87.639600735438 41.874330690014)
25f669e2318f1a3271c3ff3c4614572830a5c128ce7b966fce21af25d8de33fc0ec14ae7aee185bfb221ef31eae92c01f4a00bff395c81b5edeba1b595d3af5e,JD243818,Y,5/26/2020 7:00,30,NO CONTROLS,NO CONTROLS,CLEAR,UNKNOWN,PARKED MOTOR VEHICLE,NOT DIVIDED,,STRAIGHT AND LEVEL,DRY,NO DEFECTS,,NO INJURY / DRIVE AWAY,,,Y,"OVER $1,500",5/26/2020 20:15,FAILING TO REDUCE SPEED TO AVOID CRASH,DRIVING SKILLS/KNOWLEDGE/EXPERIENCE,6600,S,WHIPPLE ST,831,,,,,,,2,NO INDICATION OF INJURY,0,0,0,0,0,1,0,7,3,5,41.77346534,-87.69948524,POINT (-87.699485236487 41.773465340647)
26205ab4bcce4f6c3751a4947c94e5ad28b0dc0738cb27eb3d8924cdd0eb6b14cc303c41e93c9290f6581d7886fe556ed87ee3fcbd019b7422ef3c6372bbb7c6,JC557419,,12/22/2019 20:11,30,TRAFFIC SIGNAL,FUNCTIONING PROPERLY,CLEAR,"DARKNESS, LIGHTED ROAD",REAR END,DIVIDED - W/MEDIAN (NOT RAISED),,STRAIGHT AND LEVEL,DRY,NO DEFECTS,,NO INJURY / DRIVE AWAY,,,Y,"$501 - $1,500",12/23/2019 10:15,UNABLE TO DETERMINE,UNABLE TO DETERMINE,9802,S,HALSTED ST,2223,,,,,,,2,NO INDICATION OF INJURY,0,0,0,0,0,2,0,20,1,12,41.71580477,-87.64320825,POINT (-87.643208253244 41.715804770128)
262653b489eadfd76fb48900ea9a48717357c1fdc9dbb87993bc64b98d4da1123f185b2b7debff1f8f4e98cff5c699847da2022c5f65267129b11a5b9fc48a9d,JG324823,,7/1/2023 14:00,30,TRAFFIC SIGNAL,FUNCTIONING PROPERLY,CLEAR,DAYLIGHT,REAR END,DIVIDED - W/MEDIAN (NOT RAISED),,STRAIGHT AND LEVEL,DRY,NO DEFECTS,,NO INJURY / DRIVE AWAY,,,,"OVER $1,500",7/2/2023 13:00,UNABLE TO DETERMINE,NOT APPLICABLE,8650,S,LAFAYETTE AVE,622,,,,,,,2,NO INDICATION OF INJURY,0,0,0,0,0,3,0,14,7,7,41.73658678,-87.62559934,POINT (-87.625599334506 41.736586782204)
262a5cf2fc5f98193c94d52b5b094b1d3ec8d2199b57d5d6efa768aba9402857ac9571ab40f423b139a06673a5f35fdd2a761e155be2b067f84d7cfec19e1267,JC559297,,12/24/2019 20:20,30,TRAFFIC SIGNAL,FUNCTIONING PROPERLY,CLEAR,"DARKNESS, LIGHTED ROAD",SIDESWIPE SAME DIRECTION,DIVIDED - W/MEDIAN (NOT RAISED),,STRAIGHT AND LEVEL,DRY,NO DEFECTS,,NO INJURY / DRIVE AWAY,,,,"OVER $1,500",12/24/2019 20:30,IMPROPER OVERTAKING/PASSING,FAILING TO YIELD RIGHT-OF-WAY,4401,W,OGDEN AVE,1013,,,,,,,2,NO INDICATION OF INJURY,0,0,0,0,0,3,0,20,3,12,41.84757771,-87.73438435,POINT (-87.734384344751 41.847577707741)
266b70d99e04da1ce10d6c0c6017304689e385a72031fd515b34d0dff0f2ebd15bfae1e2386c7123bd5fa6bf57524d1c63613e3b09d1e3e7c16eb167ad360fd2,JC375889,,8/2/2019 20:30,30,NO CONTROLS,NO CONTROLS,RAIN,"DARKNESS, LIGHTED ROAD",PEDESTRIAN,NOT DIVIDED,,STRAIGHT AND LEVEL,DRY,NO DEFECTS,,INJURY AND / OR TOW DUE TO CRASH,,,Y,"OVER $1,500",8/2/2019 20:30,"VISION OBSCURED (SIGNS, TREE LIMBS, BUILDINGS, ETC.)",NOT APPLICABLE,6851,S,ASHLAND AVE,725,,,,,,,2,INCAPACITATING INJURY,1,0,1,0,0,2,0,20,6,8,41.76887424,-87.66377461,POINT (-87.663774614225 41.76887423916)
267411d98bbd3b42645ab8361c071ba5bb0273d3aae1fbd2d825a50917a8e39da8b3957cb52cca80b393ef0610684f81d2d636fdd84e927c147b596cae0108a0,JC395598,,8/16/2019 22:51,45,NO CONTROLS,NO CONTROLS,CLEAR,DARKNESS,TURNING,ONE-WAY,,STRAIGHT AND LEVEL,DRY,NO DEFECTS,,NO INJURY / DRIVE AWAY,,,,"OVER $1,500",8/16/2019 22:52,FAILING TO REDUCE SPEED TO AVOID CRASH,IMPROPER OVERTAKING/PASSING,2000,S,LAKE SHORE DR E,132,,,,,,,2,NO INDICATION OF INJURY,0,0,0,0,0,3,0,22,6,8,41.85554157,-87.61542683,POINT (-87.615426825899 41.855541567282)
26926b4dfc32d764bf34a789a4cf03651c357e87f4121315184947e8caabbdc1b1631c9be9e22241f374a1e08fa7058136d7fa7e1bb2c99ef9174879c3299e5a,JG331816,,7/7/2023 17:45,30,UNKNOWN,UNKNOWN,CLEAR,DAYLIGHT,TURNING,NOT DIVIDED,,STRAIGHT AND LEVEL,DRY,UNKNOWN,,NO INJURY / DRIVE AWAY,,,,"OVER $1,500",7/7/2023 18:20,UNABLE TO DETERMINE,UNABLE TO DETERMINE,6261,N,MC CORMICK RD,1711,,,,,,,2,NO INDICATION OF INJURY,0,0,0,0,0,2,0,17,6,7,41.99567001,-87.7126646,POINT (-87.712664598144 41.995670009568)
271c6386043d120be08fb9b9bec46169e2061bbf8334e9cc81304153a9c8af3e0d129cd05f3af78c35d44b69ef34fb3b3501bce881d533c0e3102861237c5de6,JG320430,,6/29/2023 6:05,30,TRAFFIC SIGNAL,FUNCTIONING PROPERLY,CLEAR,DAYLIGHT,ANGLE,FOUR WAY,,STRAIGHT AND LEVEL,DRY,NO DEFECTS,,NO INJURY / DRIVE AWAY,Y,,,"OVER $1,500",6/29/2023 6:06,FAILING TO REDUCE SPEED TO AVOID CRASH,FAILING TO YIELD RIGHT-OF-WAY,6300,S,KEDZIE AVE,823,,Y,,,,,2,NO INDICATION OF INJURY,0,0,0,0,0,3,0,6,5,6,41.77894575,-87.70328312,POINT (-87.703283119003 41.77894575018)
27a9ac1546d0576611dec2a7fa598f3ef6a89f21cf38c34b180675b575bdcacaaf1b9c625951a60038c1d1361c7a92e86700e84c39d3ad14ea293df6faebfb91,JC299546,,6/7/2019 18:58,30,TRAFFIC SIGNAL,FUNCTIONING PROPERLY,CLEAR,DAYLIGHT,SIDESWIPE OPPOSITE DIRECTION,ONE-WAY,,STRAIGHT AND LEVEL,DRY,NO DEFECTS,,NO INJURY / DRIVE AWAY,,,,$500 OR LESS,6/9/2019 23:30,IMPROPER TURNING/NO SIGNAL,NOT APPLICABLE,2100,S,WESTERN AVE,1023,,,,,,,2,NO INDICATION OF INJURY,0,0,0,0,0,2,0,18,6,6,41.85382825,-87.68583397,POINT (-87.685833964746 41.853828252932)
27c1bfafad14e834bcb6d57b2e5fb210e1740f0cfb50bc519a1e49f91e7d6e6ae910c78460ae46193028c5267793c07d616dedb16a19b901257a6fb2ca12bbb2,JC309128,,6/16/2019 17:30,30,NO CONTROLS,NO CONTROLS,CLEAR,DAYLIGHT,PARKED MOTOR VEHICLE,NOT DIVIDED,,STRAIGHT AND LEVEL,DRY,NO DEFECTS,,NO INJURY / DRIVE AWAY,,,Y,"OVER $1,500",6/16/2019 17:40,DRIVING SKILLS/KNOWLEDGE/EXPERIENCE,NOT APPLICABLE,870,W,BUENA AVE,1915,,,,,,,4,NO INDICATION OF INJURY,0,0,0,0,0,1,0,17,1,6,41.95856495,-87.65254754,POINT (-87.652547544045 41.958564949492)
27d8e44456044ed74e9368b0022a1f36eb8938beb79a514039673735d83acf1535453441414c094d51c753cee334565aadbd975dad6e13dfcea993b091e70f8b,JC492962,,10/31/2019 8:25,25,STOP SIGN/FLASHER,FUNCTIONING PROPERLY,SNOW,DAYLIGHT,TURNING,NOT DIVIDED,,STRAIGHT AND LEVEL,WET,NO DEFECTS,,NO INJURY / DRIVE AWAY,,,,"OVER $1,500",10/31/2019 8:40,UNABLE TO DETERMINE,UNABLE TO DETERMINE,1500,W,HUBBARD ST,1215,,,,,,,2,NO INDICATION OF INJURY,0,0,0,0,0,2,0,8,5,10,41.89001397,-87.66556648,POINT (-87.665566478681 41.890013967032)
281ff95cdfe5c74eef44edf21f29860803c175ded99ed6e5c4c3c536b5344e706f2f1b138b7fd30119299e15d5a7e0c895476a2d0b455f3d7bb5751129cc8cb1,JG251275,,5/7/2023 12:30,35,TRAFFIC SIGNAL,FUNCTIONING PROPERLY,CLEAR,DAYLIGHT,SIDESWIPE SAME DIRECTION,NOT DIVIDED,,STRAIGHT AND LEVEL,DRY,UNKNOWN,,NO INJURY / DRIVE AWAY,,,,"OVER $1,500",5/7/2023 12:50,FAILING TO YIELD RIGHT-OF-WAY,NOT APPLICABLE,4302,N,WESTERN AVE,1911,,,,,,,2,NO INDICATION OF INJURY,0,0,0,0,0,4,0,12,1,5,41.9595983,-87.68877943,POINT (-87.688779433321 41.959598303066)
282d86964c135d77093b394181698882e6ed3a7c2aca97875a69b3a8c502d8b56a0da1436532ca98e2789955d27b543c67d823472236ce7e41a6228500bef48c,JD167111,,2/27/2020 18:00,30,NO CONTROLS,NO CONTROLS,CLEAR,DAYLIGHT,TURNING,DIVIDED - W/MEDIAN (NOT RAISED),,STRAIGHT AND LEVEL,DRY,NO DEFECTS,,INJURY AND / OR TOW DUE TO CRASH,Y,,,"OVER $1,500",2/27/2020 18:01,FAILING TO YIELD RIGHT-OF-WAY,UNABLE TO DETERMINE,6429,W,ARCHER AVE,811,,,,,,,2,NO INDICATION OF INJURY,0,0,0,0,0,2,0,18,5,2,41.7922108,-87.78296061,POINT (-87.782960609848 41.792210801235)
284b14d07cecad7a4b76bd8fe895e6cadeaf2a5eff49af82072d7f30f002afd7231d1935e2a2ca0e810f88c1b4d5ccfa99706c0634e4520f196ef80091492fb1,JG329025,,7/5/2023 17:27,30,TRAFFIC SIGNAL,FUNCTIONING PROPERLY,CLEAR,DAYLIGHT,REAR END,NOT DIVIDED,,STRAIGHT AND LEVEL,WET,NO DEFECTS,,INJURY AND / OR TOW DUE TO CRASH,,,,"OVER $1,500",7/5/2023 17:27,FOLLOWING TOO CLOSELY,FAILING TO REDUCE SPEED TO AVOID CRASH,7305,S,DR MARTIN LUTHER KING JR DR,323,,,,,,,3,NONINCAPACITATING INJURY,3,0,0,3,0,0,0,17,4,7,41.7618604,-87.61505517,POINT (-87.615055169607 41.761860399373)
28c2161d9a05cacdb714937808026e2bce0a9bea70378a19015a97af2c29620955d9effaa1736602461494f5c8eb42fc0efeaf3c206a597a765684525d13c08b,JD108871,,1/8/2020 17:28,30,UNKNOWN,UNKNOWN,CLEAR,"DARKNESS, LIGHTED ROAD",REAR END,NOT DIVIDED,,STRAIGHT AND LEVEL,DRY,NO DEFECTS,,INJURY AND / OR TOW DUE TO CRASH,,,,$500 OR LESS,1/8/2020 17:28,UNABLE TO DETERMINE,NOT APPLICABLE,3715,W,MADISON ST,1122,,,,,,,3,NONINCAPACITATING INJURY,2,0,0,2,0,4,0,17,4,1,41.8807043,-87.71893993,POINT (-87.718939932622 41.88070430317)
28dc1e2895e608010109df9819aeea9355c9626076c63807c82cb2d108934d9cb96e610a73645d25122f491e35474157313662fc21bc171dbecd9bc04404319e,JD228495,,5/9/2020 22:00,30,NO CONTROLS,NO CONTROLS,CLEAR,"DARKNESS, LIGHTED ROAD",TURNING,FOUR WAY,,STRAIGHT AND LEVEL,DRY,NO DEFECTS,,NO INJURY / DRIVE AWAY,,,Y,"OVER $1,500",5/9/2020 22:45,UNABLE TO DETERMINE,UNABLE TO DETERMINE,2000,E,87TH ST,412,,,,,,,2,NO INDICATION OF INJURY,0,0,0,0,0,3,0,22,7,5,41.73716659,-87.57566063,POINT (-87.575660632484 41.737166584514)
28e3dfbada7587cbdc7cbbddfa88835562b93c4e28e8ec0f255ecb6417a296f117cd199b3952132ed5461db4d47ad8db5d48aa7c5b304ea71955829003adb013,JD198971,,3/31/2020 12:50,30,NO CONTROLS,NO CONTROLS,CLEAR,DAYLIGHT,PARKED MOTOR VEHICLE,DIVIDED - W/MEDIAN (NOT RAISED),,STRAIGHT AND LEVEL,DRY,NO DEFECTS,,INJURY AND / OR TOW DUE TO CRASH,,,Y,"OVER $1,500",3/31/2020 13:13,UNABLE TO DETERMINE,UNABLE TO DETERMINE,3943,W,FULLERTON AVE,2525,,,,,,,3,NO INDICATION OF INJURY,0,0,0,0,0,3,0,12,3,3,41.92438201,-87.72603222,POINT (-87.726032217462 41.924382009171)
291b38141e6ed7c00dc8e047bebcec129a41e82c52c9de0b30ffd74b65136ff4e3c7d895466261030618ba0b26679df3e2964bf8cc30a8548cb296706ae9fe2c,JC449408,,9/26/2019 15:29,30,NO CONTROLS,NO CONTROLS,CLEAR,DAYLIGHT,SIDESWIPE SAME DIRECTION,NOT DIVIDED,,STRAIGHT AND LEVEL,DRY,NO DEFECTS,,NO INJURY / DRIVE AWAY,,,,"$501 - $1,500",9/26/2019 15:29,IMPROPER OVERTAKING/PASSING,IMPROPER LANE USAGE,2304,E,75TH ST,334,,,,,,,2,NO INDICATION OF INJURY,0,0,0,0,0,3,0,15,5,9,41.75907351,-87.56858204,POINT (-87.568582034543 41.759073513805)