CRASH_RECORD_ID,RD_NO,CRASH_DATE_EST_I,CRASH_DATE,POSTED_SPEED_LIMIT,TRAFFIC_CONTROL_DEVICE,DEVICE_CONDITION,WEATHER_CONDITION,LIGHTING_CONDITION,FIRST_CRASH_TYPE,TRAFFICWAY_TYPE,LANE_CNT,ALIGNMENT,ROADWAY_SURFACE_COND,ROAD_DEFECT,REPORT_TYPE,CRASH_TYPE,INTERSECTION_RELATED_I,NOT_RIGHT_OF_WAY_I,HIT_AND_RUN_I,DAMAGE,DATE_POLICE_NOTIFIED,PRIM_CONTRIBUTORY_CAUSE,SEC_CONTRIBUTORY_CAUSE,STREET_NO,STREET_DIRECTION,STREET_NAME,BEAT_OF_OCCURRENCE,PHOTOS_TAKEN_I,STATEMENTS_TAKEN_I,DOORING_I,WORK_ZONE_I,WORK_ZONE_TYPE,WORKERS_PRESENT_I,NUM_UNITS,MOST_SEVERE_INJURY,INJURIES_TOTAL,INJURIES_FATAL,INJURIES_INCAPACITATING,INJURIES_NON_INCAPACITATING,INJURIES_REPORTED_NOT_EVIDENT,INJURIES_NO_INDICATION,INJURIES_UNKNOWN,CRASH_HOUR,CRASH_DAY_OF_WEEK,CRASH_MONTH,LATITUDE,LONGITUDE,LOCATION
2934c7487f01cdc72e1f43bebbc95550ecc9ec6b7b8b23d0a88953ecb153f5181ad53e14645ac9eb291239604dce216d13526ef9f7d05a52fca91e5c05c8c026,JD138984,,1/27/2020 22:40,20,NO CONTROLS,NO CONTROLS,CLEAR,"DARKNESS, LIGHTED ROAD",PARKED MOTOR VEHICLE,ONE-WAY,,STRAIGHT AND LEVEL,DRY,NO DEFECTS,,NO INJURY / DRIVE AWAY,,,Y,"$501 - $1,500",2/3/2020 18:50,NOT APPLICABLE,NOT APPLICABLE,10344,S,WALDEN PKWY,2212,,,,,,,2,NO INDICATION OF INJURY,0,0,0,0,0,1,0,22,2,1,41.70529566,-87.66942991,POINT (-87.669429910991 41.705295661864)
293e5384b5a332ee52c128e7b95ce24ebaa82b015c7f48312bea8c349eaf3e1a0eedb653a13dcf7d4bb579167fb677998ea5905c051ce92553739e15f6c35580,JD192873,,3/22/2020 18:55,30,TRAFFIC SIGNAL,FUNCTIONING PROPERLY,SNOW,"DARKNESS, LIGHTED ROAD",ANGLE,FOUR WAY,,STRAIGHT AND LEVEL,WET,NO DEFECTS,,INJURY AND / OR TOW DUE TO CRASH,Y,,,"OVER $1,500",3/22/2020 19:01,TURNING RIGHT ON RED,NOT APPLICABLE,530,N,CLARK ST,1831,,,,,,,2,NONINCAPACITATING INJURY,3,0,0,3,0,2,0,18,1,3,41.8917048,-87.63127592,POINT (-87.631275924236 41.891704795046)
297cd338cafbf32817aed871e29bbcf0082888d2c185420d74bf4e2289541392b096a23a093fa950b3b93e61e1039ccc5275356978795c80b6ece558c1b03922,JD233339,,5/15/2020 16:13,35,NO CONTROLS,NO CONTROLS,CLEAR,DAYLIGHT,SIDESWIPE SAME DIRECTION,CENTER TURN LANE,,STRAIGHT ON GRADE,DRY,NO DEFECTS,,INJURY AND / OR TOW DUE TO CRASH,,,Y,"OVER $1,500",5/15/2020 17:00,FAILING TO YIELD RIGHT-OF-WAY,DRIVING SKILLS/KNOWLEDGE/EXPERIENCE,7333,S,WESTERN AVE,835,,,,,,,4,NO INDICATION OF INJURY,0,0,0,0,0,5,0,16,6,5,41.76006026,-87.68297915,POINT (-87.682979153629 41.76006025869)
29938568f1760be024256b118edf86bde00805afd42e7e75df90132349817d9b1193cc5b9df3e10eee58f8ec4e9ae4314ee6dca9ada624d9307f5614d876a2db,JD120086,,1/18/2020 10:00,30,TRAFFIC SIGNAL,FUNCTIONING PROPERLY,SNOW,DAYLIGHT,REAR END,NOT DIVIDED,,STRAIGHT AND LEVEL,WET,NO DEFECTS,,NO INJURY / DRIVE AWAY,,,N,"$501 - $1,500",1/18/2020 10:33,FOLLOWING TOO CLOSELY,NOT APPLICABLE,7100,S,JEFFERY BLVD,333,,,,,,,2,NO INDICATION OF INJURY,0,0,0,0,0,2,0,10,7,1,41.76602778,-87.57644312,POINT (-87.576443122779 41.766027779516)
29b6226a0047adb40e812fd49606068cb6494a3fadf803c69fbb19274919dba94d2bbbb39e0df668c9b95dc71d2c27789c05d76464c526811bdf86aefafcad1c,JD203478,,4/6/2020 17:20,30,TRAFFIC SIGNAL,FUNCTIONING PROPERLY,CLEAR,DAYLIGHT,TURNING,FOUR WAY,,STRAIGHT ON GRADE,DRY,NO DEFECTS,,NO INJURY / DRIVE AWAY,Y,,Y,"OVER $1,500",4/6/2020 18:50,DISREGARDING TRAFFIC SIGNALS,FAILING TO REDUCE SPEED TO AVOID CRASH,7900,S,STONY ISLAND AVE,411,,,,,,,2,NO INDICATION OF INJURY,0,0,0,0,0,3,0,17,2,4,41.7514606,-87.58597199,POINT (-87.585971992965 41.751460603167)
29e3e7ca97d6b3398c7e98c47b13bc34e1be5d785842f9b282834c55865c48d4d2487b0553c597b47fc60d7f69fc6299058c21a0153c56590d64f2d6391fcc05,JG285227,,6/2/2023 14:35,35,TRAFFIC SIGNAL,FUNCTIONING PROPERLY,CLEAR,DAYLIGHT,TURNING,NOT DIVIDED,,STRAIGHT AND LEVEL,DRY,NO DEFECTS,,INJURY AND / OR TOW DUE TO CRASH,,,,"OVER $1,500",6/2/2023 14:36,IMPROPER TURNING/NO SIGNAL,NOT APPLICABLE,9100,S,STONY ISLAND AVE,413,,,,,,,2,"REPORTED, NOT EVIDENT",2,0,0,0,2,1,0,14,6,6,41.72951813,-87.58563641,POINT (-87.585636408538 41.729518128388)
29f8f55417328da16d78bc38783d07bb5341fc1f3c43a5d186305dea1485bd7ed9075f3b7b48f5dfa9cb2edb16ae0c7a0a166995096992d2669d31cc1f1593c4,JC560288,,12/26/2019 1:18,20,NO CONTROLS,NO CONTROLS,CLEAR,"DARKNESS, LIGHTED ROAD",PARKED MOTOR VEHICLE,ONE-WAY,,STRAIGHT AND LEVEL,DRY,NO DEFECTS,,NO INJURY / DRIVE AWAY,,,Y,"$501 - $1,500",12/26/2019 1:33,DRIVING SKILLS/KNOWLEDGE/EXPERIENCE,UNABLE TO DETERMINE,6450,S,BISHOP ST,725,,,,,,,2,NO INDICATION OF INJURY,0,0,0,0,0,1,0,1,5,12,41.77619955,-87.66062819,POINT (-87.660628188174 41.776199546439)
2a06008ae8a00ae7bf7ae07d5dbf5e2d57844e56513c259fa4b6fcab6254c581f8aeb42d539fd69ecc63cb18156f5768a1cc39950e21545787f35228e7c4c714,JD151176,,2/14/2020 8:00,30,TRAFFIC SIGNAL,FUNCTIONING PROPERLY,CLEAR,DAYLIGHT,TURNING,NOT DIVIDED,,STRAIGHT AND LEVEL,DRY,NO DEFECTS,,NO INJURY / DRIVE AWAY,Y,,,"OVER $1,500",2/14/2020 8:20,FAILING TO YIELD RIGHT-OF-WAY,UNABLE TO DETERMINE,10300,S,VINCENNES AVE,2212,,,,,,,2,NO INDICATION OF INJURY,0,0,0,0,0,2,0,8,6,2,41.70672358,-87.65619454,POINT (-87.65619454086 41.706723577926)
2a12d811d158640d6dde1aa676dd2458f9998ce521acab0d91125756efe506a0074beda82d4bfce33a25b5c9d60da02da564aef98fdf84cee0d83afd66ed5393,JC508560,,11/12/2019 17:45,30,TRAFFIC SIGNAL,FUNCTIONING PROPERLY,FOG/SMOKE/HAZE,DUSK,ANGLE,DIVIDED - W/MEDIAN (NOT RAISED),,STRAIGHT AND LEVEL,UNKNOWN,NO DEFECTS,,NO INJURY / DRIVE AWAY,,,Y,"OVER $1,500",11/13/2019 7:00,UNABLE TO DETERMINE,UNABLE TO DETERMINE,600,N,FAIRBANKS CT,1834,,,,,,,2,NO INDICATION OF INJURY,0,0,0,0,0,2,0,17,3,11,41.89263707,-87.62040272,POINT (-87.620402716759 41.89263706484)
2a6cfb680eb80fef845c02462cef26df47f356f8d876b06271b01ab9f7230592ef03979cb2ecea1d5f308a3ae836ad5497ab83dd6fc51f674c6b02fd0be5b78e,,,7/18/2023 15:15,30,NO CONTROLS,NO CONTROLS,CLEAR,DAYLIGHT,REAR END,NOT DIVIDED,,STRAIGHT AND LEVEL,DRY,UNKNOWN,,NO INJURY / DRIVE AWAY,Y,,,"OVER $1,500",7/18/2023 16:15,UNABLE TO DETERMINE,NOT APPLICABLE,9035,S,WESTERN AVE,2221,,,,,,,2,NO INDICATION OF INJURY,0,0,0,0,0,2,0,15,3,7,41.72900808,-87.68216641,POINT (-87.682166404938 41.729008080017)
2aca24703a9897c3bda4c4af5e5581d20bb7d8d29e4d02df64bd681a07fc6b7bb94892235c10cce3b694dca03490fe80ed7d289f8eac1d4f6d64111a9ed00d6a,JD181808,,2/26/2020 9:30,30,TRAFFIC SIGNAL,FUNCTIONING PROPERLY,CLOUDY/OVERCAST,DAYLIGHT,REAR END,ONE-WAY,,STRAIGHT AND LEVEL,DRY,NO DEFECTS,,NO INJURY / DRIVE AWAY,,,Y,"OVER $1,500",3/11/2020 11:22,FOLLOWING TOO CLOSELY,NOT APPLICABLE,501,W,GARFIELD BLVD,711,,,,,,,2,NO INDICATION OF INJURY,0,0,0,0,0,3,0,9,4,2,41.79396552,-87.63796278,POINT (-87.637962779287 41.793965517427)
2aef9d7396515082e0845b39ed22766d4f6979818002180c1d68b92bc82bdf023811ce1504f5a29abad9fd812b343f2cc443fcb18cc45e205a4d206644dcd2af,JD118213,Y,1/16/2020 17:30,30,UNKNOWN,FUNCTIONING PROPERLY,CLEAR,DUSK,REAR END,DIVIDED - W/MEDIAN (NOT RAISED),,STRAIGHT AND LEVEL,DRY,NO DEFECTS,,NO INJURY / DRIVE AWAY,,,Y,"$501 - $1,500",1/16/2020 17:30,FOLLOWING TOO CLOSELY,NOT APPLICABLE,502,W,OHARE ST,1653,Y,,,,,,2,NO INDICATION OF INJURY,0,0,0,0,0,5,0,17,5,1,,,
2b0ca113b37aa924b6d37bdb82fb2e7e583e8e1173ecc71dc796ca0b0098c88aacc456882fd9b2c605854b1e04dcdb6b099d9bfa3a3ca727572fa9efa389157e,JC444720,,9/23/2019 8:15,30,NO CONTROLS,NO CONTROLS,CLEAR,DAYLIGHT,SIDESWIPE SAME DIRECTION,ONE-WAY,,STRAIGHT AND LEVEL,DRY,NO DEFECTS,,NO INJURY / DRIVE AWAY,,,,"$501 - $1,500",9/23/2019 8:21,UNABLE TO DETERMINE,NOT APPLICABLE,2545,N,RIDGEWAY AVE,2524,,,,,,,3,NO INDICATION OF INJURY,0,0,0,0,0,2,0,8,2,9,41.92768665,-87.72059439,POINT (-87.720594390811 41.927686647861)
2b64e78ccc5d262995d5f8898aa84b7a098ee63eaa0bf2e5b296591e9ac71595f54dfb4802ec723a95c27c91f2c566b52ddf552a180225a3e50e12c3781d7da9,JD170441,,2/28/2020 11:55,25,TRAFFIC SIGNAL,FUNCTIONING PROPERLY,CLEAR,DAYLIGHT,TURNING,NOT DIVIDED,,STRAIGHT AND LEVEL,DRY,NO DEFECTS,,NO INJURY / DRIVE AWAY,Y,,,"$501 - $1,500",3/1/2020 16:31,IMPROPER TURNING/NO SIGNAL,UNABLE TO DETERMINE,5199,N,DAMEN AVE,2032,,,,,,,2,NO INDICATION OF INJURY,0,0,0,0,0,3,0,11,6,2,41.97596978,-87.67925366,POINT (-87.679253661962 41.97596978252)
2b6f0992f82067959cb83bf4009c987de7e88c4f76de4c1cf40389ec3416d1128db903a94fe7875d952e88cbb606840c803062997ff73856048d36c5e50d52a9,JG285656,,6/2/2023 19:26,30,TRAFFIC SIGNAL,FUNCTIONING PROPERLY,CLEAR,DUSK,TURNING,CENTER TURN LANE,,STRAIGHT AND LEVEL,DRY,NO DEFECTS,,NO INJURY / DRIVE AWAY,,,,"OVER $1,500",6/2/2023 19:43,FAILING TO YIELD RIGHT-OF-WAY,IMPROPER TURNING/NO SIGNAL,1699,E,HYDE PARK BLVD,234,,,,,,,2,NO INDICATION OF INJURY,0,0,0,0,0,2,0,19,6,6,41.80246407,-87.5836786,POINT (-87.58367859763 41.802464069512)
2bf4c4afb0f6092493aad39174187ec4a8ea555e7cdc9e9d8a3cf0bced5240cdc04bedd218ddb4de0f7e57cdb2224be24a6d7b55d9fcd188f2fd6bfddd630062,JC420161,,9/4/2019 17:00,30,NO CONTROLS,NO CONTROLS,CLEAR,DAYLIGHT,PEDALCYCLIST,DIVIDED - W/MEDIAN (NOT RAISED),,STRAIGHT AND LEVEL,DRY,NO DEFECTS,,INJURY AND / OR TOW DUE TO CRASH,Y,,Y,"$501 - $1,500",9/4/2019 17:05,FAILING TO YIELD RIGHT-OF-WAY,NOT APPLICABLE,3868,W,GRAND AVE,2535,,,,,,,2,NONINCAPACITATING INJURY,1,0,0,1,0,1,0,17,4,9,41.90525297,-87.7238126,POINT (-87.723812603401 41.905252966116)
2cacd14fdef8aa6a30ce6cf5f55b121e5d1eafd4e9f90564bbdc5ce228631ca03c8cc2e82ad85c801861176fe0f886a971dd1e59f6950fca8cf827a5f45719fb,JC555664,,12/21/2019 18:17,25,TRAFFIC SIGNAL,FUNCTIONING PROPERLY,CLEAR,"DARKNESS, LIGHTED ROAD",REAR END,NOT DIVIDED,,STRAIGHT AND LEVEL,DRY,NO DEFECTS,,NO INJURY / DRIVE AWAY,,,Y,"OVER $1,500",12/21/2019 18:48,FOLLOWING TOO CLOSELY,UNABLE TO DETERMINE,3558,S,STATE ST,213,,,,,,,2,NO INDICATION OF INJURY,0,0,0,0,0,3,0,18,7,12,41.82927146,-87.62666846,POINT (-87.626668462032 41.829271460354)
2cd3b9fff88618198ddac083f1322b36d4aba3f9cf61ea670eecf7d048448de0f10481b0d1e3abd0cb7dbfdfd11c65d100662824822b8917842728b8ff1fe397,JG259274,,5/13/2023 15:00,30,NO CONTROLS,NO CONTROLS,CLEAR,DAYLIGHT,REAR END,NOT DIVIDED,,STRAIGHT AND LEVEL,DRY,NO DEFECTS,,NO INJURY / DRIVE AWAY,,,,"$501 - $1,500",5/13/2023 15:00,FOLLOWING TOO CLOSELY,NOT APPLICABLE,1529,S,LAKE SHORE DR E,132,,,,,,,2,NO INDICATION OF INJURY,0,0,0,0,0,5,0,15,7,5,41.86127396,-87.61785172,POINT (-87.617851714682 41.861273962995)
2d073f9830f5aaa503d4598c41adebd05f9e28ed4cb47dcbcf8a9cb56ea4a08b9c28b760470a4cd26c9dba0218d67c6eff0d122d3b997aac97a2c89d08946a04,JD153395,,2/15/2020 22:30,35,OTHER,OTHER,CLEAR,"DARKNESS, LIGHTED ROAD",SIDESWIPE SAME DIRECTION,ONE-WAY,,STRAIGHT AND LEVEL,DRY,UNKNOWN,,INJURY AND / OR TOW DUE TO CRASH,,,Y,"$501 - $1,500",2/16/2020 1:10,IMPROPER OVERTAKING/PASSING,IMPROPER LANE USAGE,700,N,LAKE SHORE DR NB,1834,,,,,,,2,"REPORTED, NOT EVIDENT",1,0,0,0,1,1,0,22,7,2,41.89507884,-87.61584666,POINT (-87.615846658479 41.895078838031)
2dd9bc97d12c8c382c85876503300f9b71ae3a2d592100c46eaf54248881afcc4b1f17dcfc7c92a630716078c53b8debeb789287689d727472d1ac79dc7164d9,JG274946,,5/25/2023 16:11,30,NO CONTROLS,NO CONTROLS,CLEAR,DAYLIGHT,SIDESWIPE SAME DIRECTION,NOT DIVIDED,,STRAIGHT AND LEVEL,DRY,NO DEFECTS,,INJURY AND / OR TOW DUE TO CRASH,,,Y,"OVER $1,500",5/25/2023 16:12,UNABLE TO DETERMINE,NOT APPLICABLE,334,S,CENTRAL AVE,1513,,,,,,,2,NO INDICATION OF INJURY,0,0,0,0,0,3,0,16,5,5,41.87551727,-87.76483759,POINT (-87.76483758923 41.875517268335)
2de6e7b8cd65dca1c0c9c8ebbe1cac3fc5e5df7a98ea857c13b3b028a4c2dd60e87432a9fcf48f563ebd3b076247eea25365c714c07a146fbc3cbf31709e0aa0,JG271850,,5/23/2023 9:55,30,UNKNOWN,UNKNOWN,UNKNOWN,DAYLIGHT,REAR END,DIVIDED - W/MEDIAN (NOT RAISED),,STRAIGHT AND LEVEL,UNKNOWN,UNKNOWN,,NO INJURY / DRIVE AWAY,,,,"$501 - $1,500",5/23/2023 12:48,UNABLE TO DETERMINE,NOT APPLICABLE,600,W,LAKE ST,1214,,,,,,,2,NO INDICATION OF INJURY,0,0,0,0,0,2,0,9,3,5,41.88581472,-87.64284713,POINT (-87.6428471339 41.885814724037)
2e22ac5e43c4b4d35ec23bc2f2932b12121cab2076c7838deffe03d4c1b926073e875a590aa73f1e6afeb7859c54694505d4a073e0c1895bbe77ac8cf316778f,JG287236,,6/4/2023 2:03,30,TRAFFIC SIGNAL,FUNCTIONING PROPERLY,CLEAR,"DARKNESS, LIGHTED ROAD",TURNING,DIVIDED - W/MEDIAN (NOT RAISED),,STRAIGHT AND LEVEL,DRY,NO DEFECTS,,INJURY AND / OR TOW DUE TO CRASH,Y,,N,"OVER $1,500",6/4/2023 2:06,FAILING TO YIELD RIGHT-OF-WAY,NOT APPLICABLE,2000,E,95TH ST,413,,,,,,,2,NO INDICATION OF INJURY,0,0,0,0,0,3,0,2,1,6,41.72257947,-87.57529252,POINT (-87.575292522504 41.722579473126)
2e38aff3fbae01ba372f62694bfee487b132831eb320ea9674c261c0033b35800b4e758c7d13ed3ee54d55660a94c92d7729ab79717425506bd92dd645100a50,JD171611,,3/2/2020 16:00,30,NO CONTROLS,NO CONTROLS,CLEAR,DAYLIGHT,SIDESWIPE SAME DIRECTION,DIVIDED - W/MEDIAN (NOT RAISED),,STRAIGHT AND LEVEL,DRY,NO DEFECTS,,INJURY AND / OR TOW DUE TO CRASH,,,,"OVER $1,500",3/2/2020 16:00,FAILING TO YIELD RIGHT-OF-WAY,IMPROPER OVERTAKING/PASSING,753,E,79TH ST,624,,,,,,,3,NONINCAPACITATING INJURY,7,0,0,7,0,2,0,16,2,3,41.75117222,-87.6055255,POINT (-87.605525498036 41.751172219309)
2e4d457f1c17474fc22def50079c66ff41d68afe9d8fe1e54d327a7a42ec16d01f68dcd21becac6fa0a11e071cdd11cfb0d1608343c6f733c73ef27fdb57eaf6,JC492342,,10/30/2019 16:56,30,TRAFFIC SIGNAL,FUNCTIONING PROPERLY,RAIN,DAYLIGHT,REAR END,NOT DIVIDED,,STRAIGHT AND LEVEL,WET,NO DEFECTS,,INJURY AND / OR TOW DUE TO CRASH,Y,,N,"OVER $1,500",10/30/2019 16:56,IMPROPER OVERTAKING/PASSING,WEATHER,1801,E,103RD ST,434,,,,,,,4,INCAPACITATING INJURY,5,0,5,0,0,2,0,16,4,10,41.7077635,-87.58058284,POINT (-87.580582843382 41.707763500978)
2e6bc03e8373c4e8309fffb4fbe8574868b4c3d0318372cd9a305590f2ffaedcdba5e828e2c11acadd6f52962648dddbe3553593627c5f4166d58bbc265353a3,JG330097,,7/6/2023 12:40,30,NO CONTROLS,NO CONTROLS,CLEAR,DAYLIGHT,REAR END,NOT DIVIDED,,STRAIGHT AND LEVEL,DRY,OTHER,,INJURY AND / OR TOW DUE TO CRASH,,,,"OVER $1,500",7/6/2023 13:55,FOLLOWING TOO CLOSELY,FOLLOWING TOO CLOSELY,1207,W,51ST ST,934,,,,,,,2,NONINCAPACITATING INJURY,1,0,0,1,0,1,0,12,5,7,41.80133695,-87.65538845,POINT (-87.655388450356 41.801336949588)
2e78d0007d2ba054bcbc51208a874217905d9f7ae8953f768eba18103ab43f857a41501acc72cd353cf9ffb593397bf12c415bb850d9f60e4f8521b23f9fe50d,JD245640,,5/28/2020 16:03,30,NO CONTROLS,NO CONTROLS,CLEAR,DAYLIGHT,PEDALCYCLIST,NOT DIVIDED,,STRAIGHT AND LEVEL,DRY,NO DEFECTS,,INJURY AND / OR TOW DUE TO CRASH,,,,$500 OR LESS,5/28/2020 16:03,UNABLE TO DETERMINE,UNABLE TO DETERMINE,817,W,31ST ST,913,,,Y,,,,2,INCAPACITATING INJURY,1,0,1,0,0,0,0,16,5,5,41.83793027,-87.64689589,POINT (-87.64689588696 41.837930268705)
2e8d3520283c785bac279d303d54b7c77b4de64f4befcbe011d455185cb55fc57b4fa3f10141758f7c23d1730b3c50e7634d9bfefbebcd1acb9838bf87b7ef1d,JD150766,,2/13/2020 17:00,30,STOP SIGN/FLASHER,FUNCTIONING PROPERLY,CLEAR,DAYLIGHT,PARKED MOTOR VEHICLE,ONE-WAY,,STRAIGHT AND LEVEL,SNOW OR SLUSH,NO DEFECTS,,NO INJURY / DRIVE AWAY,,,Y,"OVER $1,500",2/13/2020 18:39,IMPROPER TURNING/NO SIGNAL,FAILING TO REDUCE SPEED TO AVOID CRASH,1913,N,KENNETH AVE,2533,,,,,,,2,NO INDICATION OF INJURY,0,0,0,0,0,1,0,17,5,2,41.91564528,-87.73736574,POINT (-87.737365741329 41.915645280515)
2e96503a3ad6d49a645710d5e7946bab4b43d0def7170683a6b3e48df370b9c9fe16d5ae3aec84d023a498c7191915d4e3e2589f997fa470be757612606c6aff,JC358779,,7/18/2019 11:54,30,NO CONTROLS,NO CONTROLS,CLEAR,DAYLIGHT,SIDESWIPE SAME DIRECTION,NOT DIVIDED,,STRAIGHT AND LEVEL,DRY,NO DEFECTS,,NO INJURY / DRIVE AWAY,,,Y,$500 OR LESS,7/21/2019 19:20,IMPROPER LANE USAGE,UNABLE TO DETERMINE,1610,W,DIVERSEY PKWY,1931,,,,,,,2,NO INDICATION OF INJURY,0,0,0,0,0,2,0,11,5,7,41.93250785,-87.66884899,POINT (-87.668848991095 41.932507850487)
2ebc32422f05918ced4f3758982014c829dd88adeccb75697f857ef3073c6951af7c81522defa09c4fc08f3ab0c1eca5431366f524e8e229d49ef7cd6a6bc424,JC554416,,12/20/2019 18:50,30,NO CONTROLS,NO CONTROLS,CLEAR,"DARKNESS, LIGHTED ROAD",SIDESWIPE SAME DIRECTION,NOT DIVIDED,,STRAIGHT AND LEVEL,DRY,NO DEFECTS,,NO INJURY / DRIVE AWAY,,,Y,"OVER $1,500",12/20/2019 19:30,FAILING TO YIELD RIGHT-OF-WAY,NOT APPLICABLE,4532,W,FOSTER AVE,1712,,,,,,,2,NO INDICATION OF INJURY,0,0,0,0,0,2,0,18,6,12,41.97549971,-87.74195956,POINT (-87.741959563871 41.975499710632)
2efcab1dd22d2599988d6a686929b3aa59392875b74be265ccaeac90f9b6559af33225ee8fc5b5c4c2e479c386e5600c2a2d9e2a5591c33afc8e4832aaeef555,JC450023,,9/27/2019 0:14,30,NO CONTROLS,NO CONTROLS,CLEAR,"DARKNESS, LIGHTED ROAD",PARKED MOTOR VEHICLE,ONE-WAY,,STRAIGHT AND LEVEL,DRY,NO DEFECTS,,INJURY AND / OR TOW DUE TO CRASH,,N,,"OVER $1,500",9/27/2019 0:14,UNABLE TO DETERMINE,NOT APPLICABLE,4425,N,SPRINGFIELD AVE,1723,N,,,,,,2,NO INDICATION OF INJURY,0,0,0,0,0,1,0,0,6,9,41.96170355,-87.72525348,POINT (-87.725253479637 41.961703550671)
2f0908ba85ee2070216515c3747d7eccca71aec43015a333d60d214ab560723f4a963063ecaa2be7a0e2feb741816471fd72ea3ad38d4e6d594c101960c246a9,JG333782,,7/8/2023 23:20,30,TRAFFIC SIGNAL,FUNCTIONING PROPERLY,CLEAR,"DARKNESS, LIGHTED ROAD",TURNING,FOUR WAY,,STRAIGHT AND LEVEL,DRY,NO DEFECTS,,INJURY AND / OR TOW DUE TO CRASH,,,Y,"OVER $1,500",7/9/2023 10:15,IMPROPER OVERTAKING/PASSING,FAILING TO YIELD RIGHT-OF-WAY,3600,N,KEDZIE AVE,1733,,,,,,,2,NO INDICATION OF INJURY,0,0,0,0,0,2,0,23,7,7,41.94671926,-87.70797195,POINT (-87.707971950739 41.946719259657)
2f35abfc646b4aaaf47c661b98c1774842955a4530f464e8b294fd750e055f0d975d05d81810144e4c3d0059f061eb6b22e1ac8a89f22971adb48a57d05dfcb7,,,7/19/2023 14:21,25,NO CONTROLS,NO CONTROLS,CLEAR,DAYLIGHT,PEDESTRIAN,NOT DIVIDED,,STRAIGHT AND LEVEL,DRY,NO DEFECTS,,INJURY AND / OR TOW DUE TO CRASH,,,,"$501 - $1,500",7/20/2023 12:00,UNABLE TO DETERMINE,UNABLE TO DETERMINE,352,W,110TH ST,513,,,,,,,2,"REPORTED, NOT EVIDENT",1,0,0,0,1,1,0,14,4,7,41.69440582,-87.632401,POINT (-87.632400997652 41.694405817075)
2f383e6cae0b839febcd4421d305b43a24b90e520a676042728ebd803ce251f76fdb32b1b023ad7d83d9ae1e89b5a98089e7c8b46b5ee21865332c9ff6cece64,JC514258,,11/17/2019 17:53,30,TRAFFIC SIGNAL,FUNCTIONING PROPERLY,UNKNOWN,"DARKNESS, LIGHTED ROAD",TURNING,DIVIDED - W/MEDIAN (NOT RAISED),,STRAIGHT AND LEVEL,DRY,UNKNOWN,,NO INJURY / DRIVE AWAY,Y,,,"OVER $1,500",11/17/2019 17:53,FAILING TO YIELD RIGHT-OF-WAY,UNABLE TO DETERMINE,2200,N,LARAMIE AVE,2515,,,,,,,2,NO INDICATION OF INJURY,0,0,0,0,0,3,0,17,1,11,41.92054614,-87.75619186,POINT (-87.756191863247 41.920546141917)
2f4ce4973b73588b36ec71cfb029620a5db832488bec3622d6a5f9468997fcb6955fc1d408523b06e9ad1ba98d20d7d0dbd9a1c1c38beed85cb44d505a424aa4,JD236949,,5/19/2020 17:50,15,NO CONTROLS,NO CONTROLS,CLEAR,DAYLIGHT,PARKED MOTOR VEHICLE,ONE-WAY,,STRAIGHT AND LEVEL,DRY,NO DEFECTS,,NO INJURY / DRIVE AWAY,,,Y,"OVER $1,500",5/19/2020 17:58,DRIVING ON WRONG SIDE/WRONG WAY,UNABLE TO DETERMINE,7905,S,WABASH AVE,623,,,,,,,2,NO INDICATION OF INJURY,0,0,0,0,0,1,0,17,3,5,41.75077819,-87.62284158,POINT (-87.622841581758 41.750778188995)
2f89d1ab5240d8bfab6afc511b7d7536d43bd5b1da500114d6e8ddb93266f431b10ad3f91eec30fca598cfd90e2b19790dbbaf24bb6a50e685b8a454c2ae1141,JC427103,,9/10/2019 7:03,30,NO CONTROLS,NO CONTROLS,CLEAR,DAYLIGHT,SIDESWIPE OPPOSITE DIRECTION,NOT DIVIDED,,STRAIGHT AND LEVEL,DRY,SHOULDER DEFECT,,NO INJURY / DRIVE AWAY,,,,"OVER $1,500",9/10/2019 7:08,FAILING TO REDUCE SPEED TO AVOID CRASH,UNABLE TO DETERMINE,1918,W,36TH ST,912,,,,,,,2,NO INDICATION OF INJURY,0,0,0,0,0,6,0,7,3,9,41.82869468,-87.67362146,POINT (-87.673621456723 41.828694675676)
2fd0c2409122b1bc42682bb5ead956136ed24d7ad84e4ecb58f8cfa8f87c26e4dbf775503172b9440381c6292863072790a2e6d79bcc3283ca7a76d32072bd96,JG339730,,7/13/2023 17:40,30,STOP SIGN/FLASHER,FUNCTIONING PROPERLY,CLEAR,DAYLIGHT,SIDESWIPE SAME DIRECTION,FOUR WAY,,STRAIGHT AND LEVEL,DRY,NO DEFECTS,,NO INJURY / DRIVE AWAY,Y,,,"OVER $1,500",7/13/2023 17:45,IMPROPER OVERTAKING/PASSING,FAILING TO YIELD RIGHT-OF-WAY,2101,W,DEVON AVE,2413,,,,,,,2,NO INDICATION OF INJURY,0,0,0,0,0,2,0,17,5,7,41.99774325,-87.68263085,POINT (-87.682630845038 41.997743250593)
2fd9e1e8c420ed9e09243a02fee01065b62f2c75dbb5e42af7e12c33212d5c8071b7a9547d86996ec14b175372277999be81af929f4b168d3f2ca029ddb6fdf1,JD114722,,1/13/2020 20:00,30,UNKNOWN,UNKNOWN,UNKNOWN,UNKNOWN,REAR END,NOT DIVIDED,,STRAIGHT AND LEVEL,UNKNOWN,UNKNOWN,,NO INJURY / DRIVE AWAY,Y,,Y,"OVER $1,500",1/13/2020 21:00,"OPERATING VEHICLE IN ERRATIC, RECKLESS, CARELESS, NEGLIGENT OR AGGRESSIVE MANNER",FAILING TO REDUCE SPEED TO AVOID CRASH,853,N,FRANKLIN ST,1823,,,,,,,2,NO INDICATION OF INJURY,0,0,0,0,0,2,0,20,2,1,41.89814709,-87.63559306,POINT (-87.635593058417 41.898147084566)