CRASH_RECORD_ID,RD_NO,CRASH_DATE_EST_I,CRASH_DATE,POSTED_SPEED_LIMIT,TRAFFIC_CONTROL_DEVICE,DEVICE_CONDITION,WEATHER_CONDITION,LIGHTING_CONDITION,FIRST_CRASH_TYPE,TRAFFICWAY_TYPE,LANE_CNT,ALIGNMENT,ROADWAY_SURFACE_COND,ROAD_DEFECT,REPORT_TYPE,CRASH_TYPE,INTERSECTION_RELATED_I,NOT_RIGHT_OF_WAY_I,HIT_AND_RUN_I,DAMAGE,DATE_POLICE_NOTIFIED,PRIM_CONTRIBUTORY_CAUSE,SEC_CONTRIBUTORY_CAUSE,STREET_NO,STREET_DIRECTION,STREET_NAME,BEAT_OF_OCCURRENCE,PHOTOS_TAKEN_I,STATEMENTS_TAKEN_I,DOORING_I,WORK_ZONE_I,WORK_ZONE_TYPE,WORKERS_PRESENT_I,NUM_UNITS,MOST_SEVERE_INJURY,INJURIES_TOTAL,INJURIES_FATAL,INJURIES_INCAPACITATING,INJURIES_NON_INCAPACITATING,INJURIES_REPORTED_NOT_EVIDENT,INJURIES_NO_INDICATION,INJURIES_UNKNOWN,CRASH_HOUR,CRASH_DAY_OF_WEEK,CRASH_MONTH,LATITUDE,LONGITUDE,LOCATION
2fe807a1a2b09357b657cdb31c28d462b16c22b5a8b5eac3c01cd88a287fd57587fa6fbb9038273340ffdb525622f52801c365c840a72b0cefd6eefda0c0783c,JD242842,,5/25/2020 22:52,30,TRAFFIC SIGNAL,FUNCTIONING PROPERLY,CLEAR,"DARKNESS, LIGHTED ROAD",ANGLE,FOUR WAY,,STRAIGHT AND LEVEL,DRY,NO DEFECTS,,INJURY AND / OR TOW DUE TO CRASH,Y,,Y,"OVER $1,500",5/25/2020 23:05,DISREGARDING TRAFFIC SIGNALS,UNABLE TO DETERMINE,702,E,37TH ST,212,,,,,,,2,NONINCAPACITATING INJURY,1,0,0,1,0,1,0,22,2,5,41.82786544,-87.60873383,POINT (-87.608733834339 41.827865442503)
2ff03ab90f016db6edc426c42267831411b6163d659dfcbadc3e7c547635b0f6c879b9dbc8207ddb3ce18cd21cbb59a00be4edb093b6e431278589dcfcdcc4de,JG175867,,3/6/2023 12:14,35,NO CONTROLS,NO CONTROLS,CLOUDY/OVERCAST,DAYLIGHT,HEAD ON,DIVIDED - W/MEDIAN (NOT RAISED),,STRAIGHT AND LEVEL,WET,NO DEFECTS,,INJURY AND / OR TOW DUE TO CRASH,,,Y,"OVER $1,500",3/6/2023 12:14,DRIVING ON WRONG SIDE/WRONG WAY,NOT APPLICABLE,7900,S,PULASKI RD,834,,,,,,,2,INCAPACITATING INJURY,1,0,1,0,0,1,0,12,2,3,41.749339,-87.72205209,POINT (-87.722052090915 41.749339000082)
304f4c47d281df96f4770ad74fe22b14b03e9c3084f485f723f2a9f4244e01690d2718212a928258d58006ed1a08d1640ed561bf0f08069c1615b10d75611764,JD128569,,1/25/2020 17:40,30,STOP SIGN/FLASHER,FUNCTIONING PROPERLY,RAIN,"DARKNESS, LIGHTED ROAD",TURNING,FOUR WAY,,STRAIGHT AND LEVEL,WET,NO DEFECTS,,INJURY AND / OR TOW DUE TO CRASH,Y,,,"OVER $1,500",1/25/2020 17:40,UNABLE TO DETERMINE,NOT APPLICABLE,5100,N,ASHLAND AVE,2032,,,,,,,5,"REPORTED, NOT EVIDENT",3,0,0,0,3,0,0,17,7,1,41.97438417,-87.66972428,POINT (-87.669724281976 41.974384166927)
309054c6155d9e2f2a1c738c517269fc27dcdfeac09c24880c24bacc37e34dc8dabb77bdc1635abb66a79f0e07faec3aff116a31e04b5a6b782b601cdc9f796e,JC458760,,10/3/2019 13:15,30,NO CONTROLS,NO CONTROLS,CLEAR,DAYLIGHT,PEDESTRIAN,ONE-WAY,,STRAIGHT AND LEVEL,DRY,NO DEFECTS,,NO INJURY / DRIVE AWAY,,,Y,$500 OR LESS,10/3/2019 16:30,FAILING TO YIELD RIGHT-OF-WAY,UNABLE TO DETERMINE,128,N,DEARBORN ST,111,,,,,,,2,NO INDICATION OF INJURY,0,0,0,0,0,2,0,13,5,10,41.88388344,-87.62958483,POINT (-87.629584831841 41.883883443232)
30a40dbd6673e03506a527e63b2022cc3b085f075246d571abac4c958c5584d730f3d54f730e3f0001e1417ef9d24094aa0d202abd575c52a6ff4e780e810847,JD227516,,5/8/2020 17:09,30,STOP SIGN/FLASHER,FUNCTIONING PROPERLY,CLEAR,DAYLIGHT,TURNING,FOUR WAY,,STRAIGHT AND LEVEL,DRY,NO DEFECTS,,NO INJURY / DRIVE AWAY,Y,,,"OVER $1,500",5/8/2020 17:09,UNABLE TO DETERMINE,UNABLE TO DETERMINE,4429,W,GEORGE ST,2523,,,,,,,2,NO INDICATION OF INJURY,0,0,0,0,0,2,0,17,6,5,41.93336257,-87.73802032,POINT (-87.738020322095 41.933362567375)
30b6fe0b6c742769a7f66a46d005c4f4588ef3fa8fec1d850a488f66583d5139824fb036899b9039e119c2305f54998d25fbe8b4517ca93a1e1edb76e0b5ddee,,,7/20/2023 16:15,15,NO CONTROLS,NO CONTROLS,CLEAR,DAYLIGHT,PARKED MOTOR VEHICLE,PARKING LOT,,STRAIGHT AND LEVEL,DRY,NO DEFECTS,,NO INJURY / DRIVE AWAY,,Y,Y,"OVER $1,500",7/21/2023 16:48,IMPROPER BACKING,IMPROPER BACKING,1230,N,STATE PKWY,1824,,,,,,,2,NO INDICATION OF INJURY,0,0,0,0,0,1,0,16,5,7,41.9048061,-87.62885569,POINT (-87.628855692774 41.904806103437)
30fc87effba1cc2b43332a98a16ff3bdb66a482316f402a2aa2223229023ad83ec0196bbef3f6a883d2d2521aabfded484512acddaf1e7e1c8b4d0690eedf6b1,JD248274,,5/31/2020 5:00,30,NO CONTROLS,FUNCTIONING PROPERLY,CLEAR,DAWN,SIDESWIPE SAME DIRECTION,T-INTERSECTION,,STRAIGHT AND LEVEL,DRY,NO DEFECTS,NOT ON SCENE (DESK REPORT),NO INJURY / DRIVE AWAY,Y,,,"OVER $1,500",5/31/2020 5:30,IMPROPER OVERTAKING/PASSING,UNABLE TO DETERMINE,10300,S,TORRENCE AVE,434,,,,,,,2,NO INDICATION OF INJURY,0,0,0,0,0,2,0,5,1,5,41.70807743,-87.55980687,POINT (-87.559806871332 41.708077429042)
3106cb829f1a92c89196fd6f917cfe584a1cbdf5766d7def46709ad2f71aa850adf5f163a950d3385b6fec45bebaaa511679f3da50dc9101065da5d5d1931a22,JC412339,,8/29/2019 16:49,25,TRAFFIC SIGNAL,FUNCTIONING PROPERLY,CLEAR,DAYLIGHT,HEAD ON,NOT DIVIDED,,STRAIGHT AND LEVEL,DRY,NO DEFECTS,,INJURY AND / OR TOW DUE TO CRASH,Y,,,"OVER $1,500",8/29/2019 16:49,IMPROPER OVERTAKING/PASSING,FAILING TO YIELD RIGHT-OF-WAY,600,S,CALIFORNIA AVE,1135,,,,,,,2,NONINCAPACITATING INJURY,1,0,0,1,0,2,0,16,5,8,41.87374488,-87.69624599,POINT (-87.696245988037 41.873744880509)
3125fa24b79b3203d68f83618ba5b664a479fa84f125b0edfc73769921c4385e275367756b3e764bb63b624edc2bd59ea09da37d679f135e6cb07e1e878004dc,JC347806,,7/13/2019 23:30,30,TRAFFIC SIGNAL,FUNCTIONING PROPERLY,CLEAR,"DARKNESS, LIGHTED ROAD",SIDESWIPE SAME DIRECTION,DIVIDED - W/MEDIAN (NOT RAISED),,STRAIGHT AND LEVEL,DRY,NO DEFECTS,,NO INJURY / DRIVE AWAY,,,Y,"OVER $1,500",7/13/2019 23:39,IMPROPER OVERTAKING/PASSING,UNABLE TO DETERMINE,1558,N,MILWAUKEE AVE,1424,,,,,,,2,NO INDICATION OF INJURY,0,0,0,0,0,2,0,23,7,7,41.90973834,-87.67669266,POINT (-87.676692654739 41.909738341124)
3167e2fc6a87a1ec3694dd7ab04fb85453c2e33168680f599e87a32cbf32f10b180fc2043597b0ce5bc335fc70077c56d8ffcdb3c27505225c2b6fa5609538e4,JC542870,,12/11/2019 11:40,30,TRAFFIC SIGNAL,FUNCTIONING PROPERLY,CLEAR,DAWN,TURNING,NOT DIVIDED,,STRAIGHT AND LEVEL,DRY,NO DEFECTS,,NO INJURY / DRIVE AWAY,Y,,,"OVER $1,500",12/11/2019 12:08,UNABLE TO DETERMINE,UNABLE TO DETERMINE,5900,S,CICERO AVE,813,,,,,,,2,NO INDICATION OF INJURY,0,0,0,0,0,2,0,11,4,12,41.78564332,-87.74148578,POINT (-87.741485778405 41.785643323876)
319e94dee9e78ec5d43395d6d49aa2ea4d8b03dd81a3318f0b10c821315e2223825374bf8b7775e3b54873379f61d09a2facef4cd12065dd12f3b445f8caefa4,JC435744,,9/16/2019 14:00,25,NO CONTROLS,NO CONTROLS,CLEAR,DAYLIGHT,REAR TO FRONT,ONE-WAY,,STRAIGHT AND LEVEL,DRY,NO DEFECTS,,NO INJURY / DRIVE AWAY,,,,"OVER $1,500",9/16/2019 14:45,UNABLE TO DETERMINE,UNABLE TO DETERMINE,6503,N,RICHMOND ST,2412,,,,,,,2,NO INDICATION OF INJURY,0,0,0,0,0,2,0,14,2,9,41.99946965,-87.7032167,POINT (-87.703216694775 41.99946965386)
31dde1ccba702ad6045d001917b65b65222e316db1e8b2eacc49e67da682684248af04bacf90c67b028b59ab3996fce1291a00fa3d9b5a26e8edac453f395600,JD233282,,5/15/2020 16:00,30,STOP SIGN/FLASHER,FUNCTIONING PROPERLY,CLEAR,DAYLIGHT,REAR END,NOT DIVIDED,,STRAIGHT AND LEVEL,DRY,NO DEFECTS,,INJURY AND / OR TOW DUE TO CRASH,,,Y,"OVER $1,500",5/15/2020 16:30,FOLLOWING TOO CLOSELY,UNABLE TO DETERMINE,1098,E,67TH ST,321,,,,,,,2,NONINCAPACITATING INJURY,1,0,0,1,0,2,0,16,6,5,41.77332194,-87.59853667,POINT (-87.598536671289 41.77332194083)
32b8d2db8267e1a4e40032fbe45a168bf6e7bbba7ec02d25983d11825031054fabbf76892a94c797a3335f90da290f9ad029df6fdbdeb43eb3ea7536c89b4891,JG251923,,5/7/2023 23:25,30,STOP SIGN/FLASHER,FUNCTIONING PROPERLY,CLEAR,"DARKNESS, LIGHTED ROAD",ANGLE,NOT DIVIDED,,STRAIGHT AND LEVEL,DRY,NO DEFECTS,,INJURY AND / OR TOW DUE TO CRASH,,,Y,"OVER $1,500",5/8/2023 0:17,DISREGARDING STOP SIGN,DISREGARDING STOP SIGN,3100,N,NARRAGANSETT AVE,2511,,,,,,,3,INCAPACITATING INJURY,2,0,2,0,0,4,0,23,1,5,41.93653485,-87.78602022,POINT (-87.786020221969 41.936534847177)
32cffc12c66efeb40423ec744abfe8176382f6cf21c8e0bb8aa34ef9389df35f84b34c940afca59b8d5816df38f155c49dfd015ffecf44389ea764542d017429,JF486690,,11/25/2022 0:00,25,TRAFFIC SIGNAL,UNKNOWN,CLEAR,"DARKNESS, LIGHTED ROAD",REAR TO SIDE,FOUR WAY,,STRAIGHT AND LEVEL,DRY,UNKNOWN,,INJURY AND / OR TOW DUE TO CRASH,,,Y,"OVER $1,500",11/25/2022 0:03,FAILING TO YIELD RIGHT-OF-WAY,FAILING TO YIELD RIGHT-OF-WAY,4900,S,MICHIGAN AVE,224,,,N,,,,5,INCAPACITATING INJURY,3,0,2,1,0,2,0,0,6,11,41.80555217,-87.6228873,POINT (-87.622887297982 41.805552171805)
32e10ee5aae17a1555e6c622b45aaea2ca62a929c97fac0aa7de06e2274eb8e3bef57d116ab7c78ed1c09953854ed4ab0c31cb5f1a0c4a6010e1ec91d502444b,JC450675,,9/27/2019 14:17,30,NO CONTROLS,NO CONTROLS,RAIN,"DARKNESS, LIGHTED ROAD",SIDESWIPE OPPOSITE DIRECTION,NOT DIVIDED,,STRAIGHT AND LEVEL,WET,"RUT, HOLES",,INJURY AND / OR TOW DUE TO CRASH,,,Y,"OVER $1,500",9/27/2019 14:38,IMPROPER LANE USAGE,NOT APPLICABLE,2120,W,DEVON AVE,2412,,,,,,,2,NO INDICATION OF INJURY,0,0,0,0,0,2,0,14,6,9,41.99794745,-87.68348409,POINT (-87.683484085531 41.997947447165)
3306a344eb61e56decb2ac87cec42550f74d067bb2fd4740af09a43ca9af945a40fb4a793aea71d1d4e99ec18952052cd60bcdccf3ac22dcd5cc6d7e322869c2,JC503807,,11/8/2019 22:50,30,TRAFFIC SIGNAL,FUNCTIONING PROPERLY,CLEAR,"DARKNESS, LIGHTED ROAD",SIDESWIPE SAME DIRECTION,T-INTERSECTION,,STRAIGHT AND LEVEL,DRY,NO DEFECTS,,INJURY AND / OR TOW DUE TO CRASH,Y,,,"OVER $1,500",11/8/2019 22:55,TURNING RIGHT ON RED,IMPROPER OVERTAKING/PASSING,1200,N,LAKE SHORE DR NB,1824,,,,,,,2,NO INDICATION OF INJURY,0,0,0,0,0,2,0,22,6,11,41.90407674,-87.62480394,POINT (-87.624803937073 41.904076743028)
33071e5d8faa1861c0a6dd47cb2f2123f1c1210c7b8509feb7091bdddd6c4ad85a7fc0367a05353d9f9419e476a58b72630ad375dcc9e5c1fc6ae498cf9c2200,JD157412,,2/19/2020 12:30,30,NO CONTROLS,NO CONTROLS,CLEAR,DAYLIGHT,SIDESWIPE SAME DIRECTION,NOT DIVIDED,,STRAIGHT AND LEVEL,DRY,NO DEFECTS,,NO INJURY / DRIVE AWAY,,,Y,"$501 - $1,500",2/19/2020 12:45,UNABLE TO DETERMINE,UNABLE TO DETERMINE,3155,N,ASHLAND AVE,1932,,,,,,,2,NO INDICATION OF INJURY,0,0,0,0,0,2,0,12,4,2,41.93954848,-87.66851007,POINT (-87.668510065132 41.939548480535)
3326f72caf92a83f6e2fe79497f8d2725cfc9c503e1276a35c253096583d38cd53e04cf88b6a5af18ea39048807767777c75fe762be7c7a67a12131898710e8e,,,7/25/2023 9:12,30,TRAFFIC SIGNAL,FUNCTIONING PROPERLY,CLEAR,DAYLIGHT,REAR END,FOUR WAY,,STRAIGHT AND LEVEL,DRY,NO DEFECTS,,NO INJURY / DRIVE AWAY,Y,,,$500 OR LESS,7/25/2023 9:12,FOLLOWING TOO CLOSELY,NOT APPLICABLE,2430,S,WOOD ST,1034,,,,,,,2,NO INDICATION OF INJURY,0,0,0,0,0,4,0,9,3,7,41.84761288,-87.67093947,POINT (-87.670939472763 41.847612884014)
335367a7a5690e8535b9899110aa6a2b15fe55b644ec31dafc9f25ba3f28a256403fd943e9317459e70bc6c3cf8425b04b8fe5b640fb116cfc8085ef552033c8,JC512219,,11/15/2019 23:30,30,TRAFFIC SIGNAL,FUNCTIONING PROPERLY,CLEAR,"DARKNESS, LIGHTED ROAD",TURNING,NOT DIVIDED,,STRAIGHT AND LEVEL,DRY,WORN SURFACE,,NO INJURY / DRIVE AWAY,Y,,Y,"OVER $1,500",11/15/2019 23:31,IMPROPER TURNING/NO SIGNAL,NOT APPLICABLE,628,N,ORLEANS ST,1831,,,,,,,2,NO INDICATION OF INJURY,0,0,0,0,0,3,0,23,6,11,41.89318392,-87.6372274,POINT (-87.637227397038 41.893183922173)
33715c1aaa412d6e3317a34c55d4c86f31b7bb12d663213fb5e86de258665e13de31552504ae920c78e7cf6fb6f3bea5fe06d6661e85c6d78e70063269d20e03,JC431380,,9/13/2019 7:56,30,NO CONTROLS,NO CONTROLS,RAIN,DAYLIGHT,SIDESWIPE SAME DIRECTION,ONE-WAY,,STRAIGHT AND LEVEL,WET,NO DEFECTS,,NO INJURY / DRIVE AWAY,N,,,"OVER $1,500",9/13/2019 9:20,IMPROPER LANE USAGE,UNABLE TO DETERMINE,56,W,ILLINOIS ST,1831,,,,,,,2,NO INDICATION OF INJURY,0,0,0,0,0,2,0,7,6,9,41.89093545,-87.6301431,POINT (-87.630143101233 41.890935446553)
337cade008175abac87faf0422e4a67e6703249c6da03226a662618e62810e357425778b58b19067d0f1120567ba7139793efc3e8e35035fcbfb9c4c23746b29,JG304832,,6/17/2023 15:55,30,TRAFFIC SIGNAL,FUNCTIONING PROPERLY,CLEAR,DAYLIGHT,PARKED MOTOR VEHICLE,NOT DIVIDED,,STRAIGHT AND LEVEL,DRY,NO DEFECTS,,INJURY AND / OR TOW DUE TO CRASH,,,,"OVER $1,500",6/17/2023 15:55,PHYSICAL CONDITION OF DRIVER,NOT APPLICABLE,6,N,HAMLIN BLVD,1122,,,,,,,2,INCAPACITATING INJURY,1,0,1,0,0,0,0,15,7,6,41.88096762,-87.72090693,POINT (-87.720906932532 41.880967623606)
338de2577cd2270af1d65ffec736023c6faebb9a75944a0964606ddc0d53f706f8a9f03ad79ce0f90406d93dcfc67855b77f7ae86ab20ec34cbe14a38459852f,JD174358,,3/4/2020 21:30,30,NO CONTROLS,NO CONTROLS,CLEAR,"DARKNESS, LIGHTED ROAD",TURNING,CENTER TURN LANE,,STRAIGHT AND LEVEL,DRY,NO DEFECTS,,INJURY AND / OR TOW DUE TO CRASH,,,,"OVER $1,500",3/4/2020 21:35,UNABLE TO DETERMINE,UNABLE TO DETERMINE,1800,E,130TH ST,434,,,,,,,2,NONINCAPACITATING INJURY,1,0,0,1,0,3,0,21,4,3,41.65954439,-87.58308243,POINT (-87.583082431589 41.659544393583)
338e03c02037970caf97e66de8ef91889d1dba5b72aaa7c46227e76b64141a51e48dfca75e2ad32f02cd441f6ace80d9a17dd5dd0d5e219b8df483d9bae8d90f,JD170908,,3/2/2020 3:42,30,TRAFFIC SIGNAL,NO CONTROLS,CLEAR,DARKNESS,ANGLE,NOT DIVIDED,,STRAIGHT AND LEVEL,DRY,NO DEFECTS,,INJURY AND / OR TOW DUE TO CRASH,,,,"OVER $1,500",3/2/2020 3:43,DISREGARDING TRAFFIC SIGNALS,NOT APPLICABLE,232,W,OHIO ST,1831,,,,,,,3,NO INDICATION OF INJURY,0,0,0,0,0,3,0,3,2,3,41.89247902,-87.63552273,POINT (-87.635522728521 41.892479021816)
33b9001cd99cb90a16c39495db0db37cd995986a85d7e3600f11e87499b8dda2715cdd1670da2f6e29531e1567e1788571069afaab11cda9cae40c2fd64fb09e,JG324399,,7/2/2023 1:38,30,TRAFFIC SIGNAL,FUNCTIONING PROPERLY,RAIN,"DARKNESS, LIGHTED ROAD",OTHER OBJECT,DIVIDED - W/MEDIAN BARRIER,,STRAIGHT AND LEVEL,WET,NO DEFECTS,,INJURY AND / OR TOW DUE TO CRASH,,,Y,"OVER $1,500",7/2/2023 2:17,UNABLE TO DETERMINE,NOT APPLICABLE,2700,N,CICERO AVE,2521,,,,,,,1,NO INDICATION OF INJURY,0,0,0,0,0,1,0,1,1,7,41.9297611,-87.74666793,POINT (-87.746667930815 41.929761102155)
33c5d4271eb7a414258ce05875894b2117766a1d9e5839d8d8bf1afe433a2bd6d0efd227bdbdc3d1efaf4d1ebf4a249436091959cecb023788f92e58abf2d968,JG301738,,6/15/2023 7:56,20,STOP SIGN/FLASHER,FUNCTIONING PROPERLY,CLEAR,DAYLIGHT,TURNING,NOT DIVIDED,,STRAIGHT AND LEVEL,DRY,NO DEFECTS,,INJURY AND / OR TOW DUE TO CRASH,Y,,,"OVER $1,500",6/15/2023 7:58,IMPROPER OVERTAKING/PASSING,IMPROPER OVERTAKING/PASSING,6400,S,KOSTNER AVE,813,,,,,,,2,NO INDICATION OF INJURY,0,0,0,0,0,4,0,7,5,6,41.77662904,-87.73262041,POINT (-87.732620412509 41.776629038003)
33d37ae0b705420c01853e9f81ed7d009c7bb6b57e06061bc61c095e145656e0f3688cf18d34b2da76e18b882949d2248c622b882a0737adaad0758bc0754946,JG263918,,5/17/2023 10:45,35,TRAFFIC SIGNAL,NO CONTROLS,CLEAR,DAYLIGHT,PEDALCYCLIST,NOT DIVIDED,,STRAIGHT AND LEVEL,DRY,NO DEFECTS,,INJURY AND / OR TOW DUE TO CRASH,Y,,Y,"$501 - $1,500",5/17/2023 11:00,FAILING TO YIELD RIGHT-OF-WAY,FAILING TO YIELD RIGHT-OF-WAY,430,W,GRAND AVE,1831,,,,,,,2,NONINCAPACITATING INJURY,1,0,0,1,0,1,0,10,4,5,41.89161387,-87.63975395,POINT (-87.639753946231 41.891613866866)
34cf511484c461fcea7fdabdd7f84ee54fded42eb239ee4cffa49e43d0abf49e93a30d7bcc773661c4551e5ff530943fbd4e3b9c5d49e8652bce1948f298518a,JD105962,,1/6/2020 10:45,30,TRAFFIC SIGNAL,FUNCTIONING PROPERLY,CLEAR,DAYLIGHT,TURNING,NOT DIVIDED,,STRAIGHT AND LEVEL,DRY,NO DEFECTS,,NO INJURY / DRIVE AWAY,,,,"OVER $1,500",1/6/2020 11:00,IMPROPER OVERTAKING/PASSING,FOLLOWING TOO CLOSELY,4001,W,OGDEN AVE,1013,,,,,,,2,NO INDICATION OF INJURY,0,0,0,0,0,2,0,10,2,1,41.85095796,-87.72477522,POINT (-87.724775223225 41.850957959368)
351c9ec5822faac74bfc14008eac4531195d4ee50bdbacc8f8f794bbc785db18d61de270aa5307c750f8db4721ac5a3556d10821ce9ae5449d04f94b9a461092,JD166830,,2/25/2020 14:15,30,TRAFFIC SIGNAL,FUNCTIONING PROPERLY,SNOW,DAYLIGHT,SIDESWIPE SAME DIRECTION,NOT DIVIDED,,STRAIGHT AND LEVEL,SNOW OR SLUSH,NO DEFECTS,,NO INJURY / DRIVE AWAY,Y,,N,"OVER $1,500",2/27/2020 14:30,IMPROPER BACKING,NOT APPLICABLE,1051,W,CHICAGO AVE,1215,,,,,,,2,NO INDICATION OF INJURY,0,0,0,0,0,2,0,14,3,2,41.89616966,-87.65455887,POINT (-87.654558872396 41.896169655129)
353154954662440e535a30516cf7b465b7246075dbd5aa9880e604cd693c11ad1a93f67443317c6c1a1de9821e145cf96c5d0636bf0b3997a8ac7c2f404463e1,JD251505,,6/2/2020 17:25,30,UNKNOWN,UNKNOWN,CLEAR,DAYLIGHT,TURNING,NOT DIVIDED,,STRAIGHT AND LEVEL,DRY,UNKNOWN,,NO INJURY / DRIVE AWAY,,,,"OVER $1,500",6/2/2020 18:10,UNABLE TO DETERMINE,NOT APPLICABLE,5300,N,CICERO AVE,1621,,,,,,,2,NO INDICATION OF INJURY,0,0,0,0,0,2,0,17,3,6,41.97799197,-87.74822908,POINT (-87.74822907932 41.97799197324)
3550b21a45e41fb756161daf3189ad8c1c7ea4b545474ddab65c1c050f990db38ce35db0a10c3c90d7827872135990fe59abfddece1d37f6de68383adaa7bc7c,JC490206,Y,11/1/2019 2:00,30,NO CONTROLS,UNKNOWN,UNKNOWN,UNKNOWN,PARKED MOTOR VEHICLE,ONE-WAY,,STRAIGHT AND LEVEL,UNKNOWN,NO DEFECTS,,NO INJURY / DRIVE AWAY,,,Y,"OVER $1,500",11/1/2019 7:45,UNABLE TO DETERMINE,UNABLE TO DETERMINE,4511,S,VINCENNES AVE,221,,,,,,,2,NO INDICATION OF INJURY,0,0,0,0,0,1,0,2,6,11,41.81274521,-87.61377718,POINT (-87.613777182623 41.812745207008)
356c68b6b8cf2240e184c3e29476d77a4915750141a89b8c1d73cf629499cdfeddebfc0c8a94d7995cd9fabd094f5d149ccc35c11957acdfe2a0c9c90f2b6c20,JD219706,,4/28/2020 14:20,30,TRAFFIC SIGNAL,NO CONTROLS,CLEAR,DAYLIGHT,REAR END,NOT DIVIDED,,STRAIGHT AND LEVEL,DRY,NO DEFECTS,,NO INJURY / DRIVE AWAY,,,,"$501 - $1,500",4/29/2020 9:33,FOLLOWING TOO CLOSELY,NOT APPLICABLE,101,N,CENTRAL AVE,1523,,,,,,,2,NO INDICATION OF INJURY,0,0,0,0,0,3,0,14,3,4,41.88234808,-87.76478448,POINT (-87.764784474593 41.882348079553)
35a968d4a12fca083d3e78d1b47bebb18776fc04b1fc1ea10a7cbe188f5ce9949a3012706b003859dea15a8aa60acca8880d5b1b5280f3340f6cd5231f108f39,JC441816,,9/20/2019 1:15,30,NO CONTROLS,NO CONTROLS,CLEAR,DARKNESS,SIDESWIPE SAME DIRECTION,DIVIDED - W/MEDIAN (NOT RAISED),,STRAIGHT AND LEVEL,DRY,NO DEFECTS,,NO INJURY / DRIVE AWAY,,,Y,"$501 - $1,500",9/20/2019 19:40,FOLLOWING TOO CLOSELY,NOT APPLICABLE,4400,W,79TH ST,834,,,,,,,2,NO INDICATION OF INJURY,0,0,0,0,0,2,0,1,6,9,41.74950189,-87.73169687,POINT (-87.731696869903 41.749501892433)
35c7e865db35cb3ac23ebb5e9ca97a2f605cbfdea27f70b9c08f0f7d041284892e4ecc4be93fe55ed0acdb394cea9a13c831090ff5560602063803da0ec86021,JC522204,,11/23/2019 5:30,30,NO CONTROLS,NO CONTROLS,CLEAR,DAYLIGHT,REAR END,DIVIDED - W/MEDIAN (NOT RAISED),,STRAIGHT AND LEVEL,DRY,NO DEFECTS,,NO INJURY / DRIVE AWAY,,,,"OVER $1,500",11/23/2019 23:20,DISTRACTION - FROM INSIDE VEHICLE,NOT APPLICABLE,5154,S,KEDZIE AVE,822,,,,,,,2,NO INDICATION OF INJURY,0,0,0,0,0,2,0,5,7,11,41.7991955,-87.70386636,POINT (-87.703866358098 41.799195495907)
35d5d52b20cc2742ced713beafedb9d9cecf2b0d954651af919003a1a96cd55abca3b8199405aa8f52427ff1de3216f664df6075225c2da639799978dd9f5a2a,JG296330,,6/10/2023 23:25,30,UNKNOWN,UNKNOWN,CLEAR,DUSK,REAR END,NOT DIVIDED,,STRAIGHT AND LEVEL,DRY,UNKNOWN,,NO INJURY / DRIVE AWAY,Y,,,"$501 - $1,500",6/11/2023 0:30,FOLLOWING TOO CLOSELY,NOT APPLICABLE,590,W,ONTARIO ST,1831,Y,Y,,,,,3,NO INDICATION OF INJURY,0,0,0,0,0,6,0,23,7,6,,,
35e59680825cbeded56a6e6566ea9553eb91fc81eafec80a1b90db995712f15889b37584aebc4922b1d054fb707a578d881862487bb654ce28a806beb6ed05f6,JC307623,,6/15/2019 13:56,30,TRAFFIC SIGNAL,FUNCTIONING PROPERLY,CLEAR,DAYLIGHT,TURNING,NOT DIVIDED,,STRAIGHT AND LEVEL,WET,NO DEFECTS,,NO INJURY / DRIVE AWAY,Y,,Y,"$501 - $1,500",6/15/2019 14:15,FAILING TO YIELD RIGHT-OF-WAY,UNABLE TO DETERMINE,6300,S,PULASKI RD,813,,,,,,,2,NO INDICATION OF INJURY,0,0,0,0,0,2,0,13,7,6,41.77863647,-87.72290636,POINT (-87.722906355685 41.778636468781)
3612bae7416fc970a7abf45c293f270f38f3257f24d64bb1fca32c5b8f5d52a35cf5eda278410926b477dfaa4bbf65f53b30f852c48f93857e4ca24af13ef5f6,JD242569,,5/25/2020 16:37,30,NO CONTROLS,NO CONTROLS,CLEAR,DAYLIGHT,REAR END,DIVIDED - W/MEDIAN (NOT RAISED),,STRAIGHT AND LEVEL,DRY,NO DEFECTS,,INJURY AND / OR TOW DUE TO CRASH,,,,"OVER $1,500",5/25/2020 16:37,FAILING TO REDUCE SPEED TO AVOID CRASH,NOT APPLICABLE,3749,W,FULLERTON AVE,2525,,,,,,,4,NO INDICATION OF INJURY,0,0,0,0,0,4,0,16,2,5,41.92443854,-87.7214259,POINT (-87.72142590386 41.924438534853)