CRASH_RECORD_ID,RD_NO,CRASH_DATE_EST_I,CRASH_DATE,POSTED_SPEED_LIMIT,TRAFFIC_CONTROL_DEVICE,DEVICE_CONDITION,WEATHER_CONDITION,LIGHTING_CONDITION,FIRST_CRASH_TYPE,TRAFFICWAY_TYPE,LANE_CNT,ALIGNMENT,ROADWAY_SURFACE_COND,ROAD_DEFECT,REPORT_TYPE,CRASH_TYPE,INTERSECTION_RELATED_I,NOT_RIGHT_OF_WAY_I,HIT_AND_RUN_I,DAMAGE,DATE_POLICE_NOTIFIED,PRIM_CONTRIBUTORY_CAUSE,SEC_CONTRIBUTORY_CAUSE,STREET_NO,STREET_DIRECTION,STREET_NAME,BEAT_OF_OCCURRENCE,PHOTOS_TAKEN_I,STATEMENTS_TAKEN_I,DOORING_I,WORK_ZONE_I,WORK_ZONE_TYPE,WORKERS_PRESENT_I,NUM_UNITS,MOST_SEVERE_INJURY,INJURIES_TOTAL,INJURIES_FATAL,INJURIES_INCAPACITATING,INJURIES_NON_INCAPACITATING,INJURIES_REPORTED_NOT_EVIDENT,INJURIES_NO_INDICATION,INJURIES_UNKNOWN,CRASH_HOUR,CRASH_DAY_OF_WEEK,CRASH_MONTH,LATITUDE,LONGITUDE,LOCATION
361734781e68827c3aa999658571f9cf9332bf5c91743ab18aaacf85d63ea9ec2230c9c93391fb05f6aa70160e2649d53bdc0765b36a88f70e6517705d5feaea,JD224915,,5/5/2020 14:03,30,TRAFFIC SIGNAL,FUNCTIONING PROPERLY,RAIN,DAYLIGHT,ANGLE,FOUR WAY,,STRAIGHT AND LEVEL,WET,UNKNOWN,,INJURY AND / OR TOW DUE TO CRASH,Y,,,"OVER $1,500",5/5/2020 15:17,UNABLE TO DETERMINE,UNABLE TO DETERMINE,100,N,CICERO AVE,1532,,,,,,,2,NO INDICATION OF INJURY,0,0,0,0,0,4,0,14,3,5,41.88187971,-87.74548925,POINT (-87.745489247301 41.881879709916)
362a67aabc347d8073c538540efdf177aa5bac124fc9f1648d61efd4776c999f0d07932b99f324890d515e5e447eb8315399e5a16c7d2749ea37739faad6f4a1,HY391653,,8/21/2015 11:40,30,TRAFFIC SIGNAL,FUNCTIONING PROPERLY,CLEAR,DAYLIGHT,TURNING,DIVIDED - W/MEDIAN (NOT RAISED),4,STRAIGHT AND LEVEL,DRY,UNKNOWN,,NO INJURY / DRIVE AWAY,,,,"$501 - $1,500",8/21/2015 14:15,IMPROPER TURNING/NO SIGNAL,UNABLE TO DETERMINE,100,W,NORTH AVE,1814,,,,,,,2,NO INDICATION OF INJURY,0,0,0,0,0,2,0,11,6,8,41.9112877,-87.63173315,POINT (-87.631733150215 41.911287702774)
3633e9f55bd3acea3e4c048b0bc8deb1daf3e3b82078a273d3db902f4c53bc0a7a280454a55b27ddeeb4f076e2ec1b2bf454c931b716ab8ee0c5e618f941708b,JC377774,,8/4/2019 7:00,15,NO CONTROLS,NO CONTROLS,CLEAR,DARKNESS,PARKED MOTOR VEHICLE,PARKING LOT,,STRAIGHT AND LEVEL,DRY,NO DEFECTS,,NO INJURY / DRIVE AWAY,,Y,Y,"$501 - $1,500",8/4/2019 7:50,UNABLE TO DETERMINE,UNABLE TO DETERMINE,1244,N,CLYBOURN AVE,1821,,,,,,,2,NO INDICATION OF INJURY,0,0,0,0,0,1,0,7,1,8,41.90469774,-87.64107458,POINT (-87.64107458147 41.904697736857)
365835000e72621052f5673510ffb4d2ee0aff245b098a15d47d4ff4ba042884768430c3d57a2c80278f0b3bd8c2a2bf98329655ea80440e7bc664f1a70896b3,JD224481,,5/5/2020 2:16,30,NO CONTROLS,NO CONTROLS,CLEAR,"DARKNESS, LIGHTED ROAD",PARKED MOTOR VEHICLE,NOT DIVIDED,,STRAIGHT AND LEVEL,UNKNOWN,UNKNOWN,,INJURY AND / OR TOW DUE TO CRASH,,,,"OVER $1,500",5/5/2020 2:16,PHYSICAL CONDITION OF DRIVER,FAILING TO REDUCE SPEED TO AVOID CRASH,3457,W,IRVING PARK RD,1732,,,,,,,5,NONINCAPACITATING INJURY,2,0,0,2,0,1,0,2,3,5,41.9537139,-87.71521783,POINT (-87.715217830444 41.953713896455)
368584a7ceaafa249e5040e80427e11f70d927bb74d51486785d3955b6c03e01013e6909c8f5abd8838dafe94253809a0415dec8f62bb303f1e354822e87a03d,JE414189,,10/18/2021 15:00,30,STOP SIGN/FLASHER,UNKNOWN,CLEAR,DAYLIGHT,PARKED MOTOR VEHICLE,ONE-WAY,,STRAIGHT AND LEVEL,DRY,UNKNOWN,,NO INJURY / DRIVE AWAY,,,,"OVER $1,500",10/18/2021 15:09,FAILING TO YIELD RIGHT-OF-WAY,NOT APPLICABLE,1379,E,53RD ST,234,,,,,,,2,NO INDICATION OF INJURY,0,0,0,0,0,1,0,15,2,10,41.79940096,-87.59191139,POINT (-87.591911393918 41.799400960152)
36c50243b99104fd7e7fece2773fad2750223457ff39357cf32a4e3290aa852dead3b418e43be0ce3a241c0bf902280af3cac25f556b53683aa8e00c5f0986f9,JC563398,,12/28/2019 18:00,25,NO CONTROLS,NO CONTROLS,CLEAR,"DARKNESS, LIGHTED ROAD",PARKED MOTOR VEHICLE,DIVIDED - W/MEDIAN (NOT RAISED),,STRAIGHT AND LEVEL,DRY,"RUT, HOLES",,NO INJURY / DRIVE AWAY,,,,"$501 - $1,500",12/28/2019 19:00,IMPROPER TURNING/NO SIGNAL,NOT APPLICABLE,6415,N,WESTERN AVE,2412,,,,,,,2,NO INDICATION OF INJURY,0,0,0,0,0,1,0,18,7,12,41.99821715,-87.6897517,POINT (-87.689751697673 41.998217145647)
36ce37bcdc2091b7a83db2a3bb65b0256228133569932b3498120724814ee0a79a1463642c532ce5d4e2f88640b0b0975beae7028bb3103064d988e058477396,JD119503,,1/17/2020 17:28,30,NO CONTROLS,NO CONTROLS,SNOW,DAWN,SIDESWIPE SAME DIRECTION,DIVIDED - W/MEDIAN BARRIER,,STRAIGHT AND LEVEL,SNOW OR SLUSH,NO DEFECTS,,NO INJURY / DRIVE AWAY,,,Y,"$501 - $1,500",1/17/2020 18:23,UNABLE TO DETERMINE,NOT APPLICABLE,1100,S,STATE ST,123,,,,,,,2,NO INDICATION OF INJURY,0,0,0,0,0,2,0,17,6,1,41.86914279,-87.62761269,POINT (-87.627612691774 41.869142786847)
373b8105b8d66986a26228828da9412ecf3f684f12d488b12a25bb026fde3d173786769d322c854140bd2b2a2fb68ca86a5f24112228687396aac139b1c4f4dd,JG284875,,6/2/2023 9:25,30,NO CONTROLS,NO CONTROLS,CLEAR,DAYLIGHT,PEDESTRIAN,DIVIDED - W/MEDIAN (NOT RAISED),,STRAIGHT AND LEVEL,DRY,UNKNOWN,,INJURY AND / OR TOW DUE TO CRASH,,,,"OVER $1,500",6/2/2023 9:30,UNABLE TO DETERMINE,UNABLE TO DETERMINE,3005,N,CENTRAL PARK AVE,1412,,,,,,,2,"REPORTED, NOT EVIDENT",1,0,0,0,1,1,0,9,6,6,41.93548354,-87.71714205,POINT (-87.717142044982 41.93548353646)
374214c47a4b07fcd059b1a3b08196bbf1e0e47bcd137928d9506c90a4520e9af87ee6b81357b5e108f786d0f10c516579dac6226410063333ff8c9457114c2d,JC436418,,9/16/2019 21:41,30,TRAFFIC SIGNAL,FUNCTIONING PROPERLY,CLEAR,"DARKNESS, LIGHTED ROAD",REAR END,DIVIDED - W/MEDIAN (NOT RAISED),,STRAIGHT AND LEVEL,DRY,NO DEFECTS,,INJURY AND / OR TOW DUE TO CRASH,N,,,"OVER $1,500",9/16/2019 21:44,DISREGARDING TRAFFIC SIGNALS,FAILING TO REDUCE SPEED TO AVOID CRASH,2357,S,ASHLAND AVE,1235,,,,,,,4,NONINCAPACITATING INJURY,4,0,0,4,0,1,0,21,2,9,41.84877632,-87.66582855,POINT (-87.665828551884 41.848776317703)
374305ed49d372c501f111769fab406b7a36985839a03f35fc9b9a15a93fa231dd2eb2e0a951a1ea6ddb3c500d3f07e448da72bd189fce1ad4b3759a9f98c5dd,JC375427,,8/2/2019 14:45,30,NO CONTROLS,NO CONTROLS,CLEAR,DAYLIGHT,PEDESTRIAN,ONE-WAY,,STRAIGHT AND LEVEL,DRY,NO DEFECTS,,INJURY AND / OR TOW DUE TO CRASH,Y,,Y,"$501 - $1,500",8/2/2019 14:55,FAILING TO YIELD RIGHT-OF-WAY,UNABLE TO DETERMINE,200,S,SANGAMON ST,1232,,,,,,,2,NONINCAPACITATING INJURY,1,0,0,1,0,1,0,14,6,8,41.87909225,-87.65092628,POINT (-87.650926275186 41.879092246577)
3760959f249fc7a0ce27a6705f046f192613cb1fe1484b14d7dc225637e5fe08e7768378ea5f54f518d316a85c7efd2ef5098ff43b9a8633a248f2aa4bc2191f,JD216223,,4/24/2020 15:30,30,NO CONTROLS,NO CONTROLS,CLEAR,DAYLIGHT,SIDESWIPE OPPOSITE DIRECTION,NOT DIVIDED,,STRAIGHT ON GRADE,DRY,"RUT, HOLES",,INJURY AND / OR TOW DUE TO CRASH,,,Y,"OVER $1,500",4/24/2020 15:34,FAILING TO REDUCE SPEED TO AVOID CRASH,NOT APPLICABLE,750,N,KILBOURN AVE,1111,,,,,,,2,NONINCAPACITATING INJURY,1,0,0,1,0,1,0,15,6,4,41.89427031,-87.7401254,POINT (-87.740125399076 41.894270312926)
37840d8b7060dcc68a81eb2f76c2324a5b248aa201a6e8578471cdee36d74fc9fc45598040a99a6a9bc35ee2c504e27c040bfae351da90534558795b94f97dc4,JG145464,,2/8/2023 15:43,30,TRAFFIC SIGNAL,NO CONTROLS,CLEAR,DAWN,TURNING,NOT DIVIDED,,STRAIGHT AND LEVEL,DRY,NO DEFECTS,,INJURY AND / OR TOW DUE TO CRASH,,,,"OVER $1,500",2/8/2023 16:16,NOT APPLICABLE,NOT APPLICABLE,3401,W,PETERSON AVE,1711,,,,,,,2,NO INDICATION OF INJURY,0,0,0,0,0,3,0,15,4,2,41.99021233,-87.71404362,POINT (-87.714043615307 41.990212325566)
3845f34b6ef59519258bc690080c4c0fb9c5eef56e2410aa03ae75f31a5945512c62f03e75f990ccf549a339eaf074753369e35367ff40b4cf35f0929f430718,JG328837,,7/5/2023 12:55,30,UNKNOWN,UNKNOWN,CLEAR,DAYLIGHT,REAR END,FOUR WAY,,STRAIGHT AND LEVEL,DRY,NO DEFECTS,,INJURY AND / OR TOW DUE TO CRASH,Y,,N,"OVER $1,500",7/5/2023 14:54,FOLLOWING TOO CLOSELY,UNABLE TO DETERMINE,2734,W,87TH ST,835,,,,,,,3,"REPORTED, NOT EVIDENT",3,0,0,0,3,1,0,12,4,7,41.73549191,-87.69107061,POINT (-87.691070604976 41.735491911524)
38772f03dec556943b4d0bc1010e3285c534d4fc5c1be667b59d13972d9a576c1a5de36044d93d4c8dc89d37217c3d91f11d1fcd0ee35f9ac886ae6f2d09e86c,JC443204,,9/21/2019 21:10,30,STOP SIGN/FLASHER,NO CONTROLS,RAIN,"DARKNESS, LIGHTED ROAD",TURNING,DIVIDED - W/MEDIAN (NOT RAISED),,STRAIGHT AND LEVEL,WET,NO DEFECTS,,NO INJURY / DRIVE AWAY,Y,,,"$501 - $1,500",9/21/2019 21:25,UNABLE TO DETERMINE,NOT APPLICABLE,800,S,CICERO AVE,1533,,,,,,,2,NO INDICATION OF INJURY,0,0,0,0,0,2,0,21,7,9,41.87023115,-87.74504037,POINT (-87.745040365265 41.870231144775)
388c796980b49f03f0b06de4fe85def444302568ab6265b3b2ba11f0ee8e342ae9ad43b4621260a244ba9da401fc9fc501414f5b880cc49aaf38a0b40aebe854,JC455630,,10/1/2019 12:22,30,NO CONTROLS,UNKNOWN,CLEAR,DAYLIGHT,PEDESTRIAN,DIVIDED - W/MEDIAN BARRIER,,STRAIGHT AND LEVEL,DRY,NO DEFECTS,,INJURY AND / OR TOW DUE TO CRASH,,,,$500 OR LESS,10/1/2019 12:25,UNABLE TO DETERMINE,UNABLE TO DETERMINE,4721,S,COTTAGE GROVE AVE,223,,,,,,,2,FATAL,1,1,0,0,0,1,0,12,3,10,41.80886014,-87.60640264,POINT (-87.60640264079 41.808860140425)
38912d1e516829a67207652109201b2296b678e65857dd8688dd823bfbb1d8529ed562c34b9fc995ac32b75a51dd43206218799facec80941686118178f39b32,,,7/20/2023 20:22,30,NO CONTROLS,NO CONTROLS,CLEAR,"DARKNESS, LIGHTED ROAD",REAR END,NOT DIVIDED,,STRAIGHT AND LEVEL,DRY,NO DEFECTS,,INJURY AND / OR TOW DUE TO CRASH,,,,"OVER $1,500",7/20/2023 20:37,FOLLOWING TOO CLOSELY,FAILING TO REDUCE SPEED TO AVOID CRASH,5457,S,CICERO AVE,815,,,,,,,2,NONINCAPACITATING INJURY,1,0,0,1,0,2,0,20,5,7,41.79315323,-87.74189332,POINT (-87.741893321473 41.793153227181)
38935103eae60e35e558ab3d6a7012ef50330e454ca3f64af74accf8823e0a518f03bb2f9e4eebab841851beb9e02ddd93ba88e88d70807a46e9a8413bceaa42,JD166520,,2/27/2020 8:41,35,NO CONTROLS,NO CONTROLS,CLEAR,DAYLIGHT,TURNING,NOT DIVIDED,,STRAIGHT AND LEVEL,DRY,NO DEFECTS,,INJURY AND / OR TOW DUE TO CRASH,,,Y,"OVER $1,500",2/27/2020 9:27,UNABLE TO DETERMINE,UNABLE TO DETERMINE,5724,N,LINCOLN AVE,2011,,,,,,,2,NONINCAPACITATING INJURY,1,0,0,1,0,1,0,8,5,2,41.9854327,-87.69928419,POINT (-87.699284192078 41.985432702905)
38d621cb59d3a7b27bb357a067a22c2f34daf5be90384f3eb8223da173c65dfbe5dd9dc1236de9f0c3be84b57a4fe167c4017ef01084668aa60d29c5a21aa23e,JC503558,,11/8/2019 16:30,15,NO CONTROLS,NO CONTROLS,CLEAR,DAYLIGHT,PARKED MOTOR VEHICLE,OTHER,,STRAIGHT AND LEVEL,DRY,NO DEFECTS,,NO INJURY / DRIVE AWAY,,,,"$501 - $1,500",11/8/2019 18:46,UNABLE TO DETERMINE,NOT APPLICABLE,7559,S,STATE ST,623,,,,,,,2,NO INDICATION OF INJURY,0,0,0,0,0,2,0,16,6,11,41.75652598,-87.62457852,POINT (-87.624578523389 41.756525977459)
38f532b9a4f7a0d254bb13bf9264d231a3f90a8f553ccc7ee813a3652cdca4b1998cdd7fd5bc26015c914f1f264890351025b4d004fd97ac804b75bbabcc6c9e,JC404130,,8/23/2019 1:00,30,NO CONTROLS,NO CONTROLS,CLEAR,UNKNOWN,PARKED MOTOR VEHICLE,ONE-WAY,,STRAIGHT AND LEVEL,UNKNOWN,NO DEFECTS,,NO INJURY / DRIVE AWAY,,,Y,"OVER $1,500",8/23/2019 14:38,DRIVING ON WRONG SIDE/WRONG WAY,UNABLE TO DETERMINE,8605,S,DANTE AVE,412,,,,,,,2,NO INDICATION OF INJURY,0,0,0,0,0,1,0,1,6,8,41.73848603,-87.58894974,POINT (-87.588949734649 41.738486031673)
38fcb1445daf02f95242792fc3752f5ee4d380dfad0597d0fc8b4f6eaeb1bdc77130896726892482d13d7db741dfb507a49af8dc200c4075735e50aad91f0d6d,JC549779,,12/17/2019 5:50,30,NO CONTROLS,NO CONTROLS,CLEAR,"DARKNESS, LIGHTED ROAD",SIDESWIPE SAME DIRECTION,NOT DIVIDED,,STRAIGHT AND LEVEL,DRY,NO DEFECTS,,NO INJURY / DRIVE AWAY,,,,"OVER $1,500",12/17/2019 7:35,IMPROPER OVERTAKING/PASSING,NOT APPLICABLE,42,E,VAN BUREN ST,113,,,,,,,2,NO INDICATION OF INJURY,0,0,0,0,0,2,0,5,3,12,41.87707962,-87.62614215,POINT (-87.626142148945 41.877079618396)
390d13b2ef555ed9adb19703564e28e74c1ce2a44f087e340a3a31f91f4061e11730f314cab22113c8ef9f17054b2bd902a1b857d39080447bc87ece46a5f7cd,JC365894,,7/26/2019 18:28,30,TRAFFIC SIGNAL,FUNCTIONING PROPERLY,CLEAR,DAYLIGHT,REAR TO SIDE,OTHER,,STRAIGHT AND LEVEL,DRY,UNKNOWN,,INJURY AND / OR TOW DUE TO CRASH,Y,Y,,"OVER $1,500",7/26/2019 18:29,FAILING TO YIELD RIGHT-OF-WAY,UNABLE TO DETERMINE,1800,W,63RD ST,714,,,,,,,2,NONINCAPACITATING INJURY,3,0,0,1,2,0,0,18,6,7,41.77949244,-87.6691409,POINT (-87.669140896993 41.779492436231)
39123c7a1cc2382fe1353a176866c983ab1e5e6fbbf60d7055f00beeab3baaa9df53f72032afa9b18e9a2fbadec9b237ede4d4f08d32666267d9ab77ebc068c6,JG267247,Y,5/19/2023 20:30,35,NO CONTROLS,FUNCTIONING PROPERLY,CLEAR,DUSK,SIDESWIPE SAME DIRECTION,DIVIDED - W/MEDIAN (NOT RAISED),,STRAIGHT AND LEVEL,DRY,NO DEFECTS,,NO INJURY / DRIVE AWAY,,,,$500 OR LESS,5/19/2023 21:15,UNABLE TO DETERMINE,NOT APPLICABLE,1612,W,OGDEN AVE,1224,,,,,,,2,NO INDICATION OF INJURY,0,0,0,0,0,2,0,20,6,5,41.8806151,-87.66726021,POINT (-87.667260209447 41.88061510169)
39534c7f00b9e089b6d030e0e7d1ecdc67c7d6a826006f96f2ec806c14b7629de4baba81fc5847ae6f30f9bc566e20d23f09460a496e975ca878baa8552e1f17,JC498120,,11/3/2019 22:00,30,NO CONTROLS,NO CONTROLS,CLEAR,"DARKNESS, LIGHTED ROAD",PEDALCYCLIST,NOT DIVIDED,,STRAIGHT AND LEVEL,DRY,UNKNOWN,,INJURY AND / OR TOW DUE TO CRASH,,,,$500 OR LESS,11/4/2019 12:20,UNABLE TO DETERMINE,UNABLE TO DETERMINE,2740,W,LAWRENCE AVE,2031,,,Y,,,,2,INCAPACITATING INJURY,1,0,1,0,0,1,0,22,1,11,41.96864786,-87.6978733,POINT (-87.697873302913 41.968647861156)
3983e2a01fd42410f564598031def6632607d233291dfb96c3c715c303e4c9f864803d9168247700fcb5f3f23fdc2577c24358297792333fd9d653fc919fb0e3,JG296815,,6/11/2023 11:00,30,NO CONTROLS,NO CONTROLS,RAIN,DAYLIGHT,ANGLE,PARKING LOT,,STRAIGHT AND LEVEL,WET,NO DEFECTS,,NO INJURY / DRIVE AWAY,,,Y,"OVER $1,500",6/11/2023 12:30,UNABLE TO DETERMINE,UNABLE TO DETERMINE,5801,N,PULASKI RD,1711,,,,,,,2,NO INDICATION OF INJURY,0,0,0,0,0,2,0,11,1,6,41.98593151,-87.72836921,POINT (-87.728369210034 41.985931514183)
399a301474f51ee2a6f6f855e0b27c22aa058d5a392026eac20fc85869d1173a4c6335d8169f2867792594f4436809020ef1f68291fc21371b38b0604f126861,JD235817,,5/18/2020 14:42,30,TRAFFIC SIGNAL,FUNCTIONING PROPERLY,CLEAR,DAYLIGHT,PEDALCYCLIST,NOT DIVIDED,,STRAIGHT AND LEVEL,DRY,UNKNOWN,,NO INJURY / DRIVE AWAY,Y,,,"OVER $1,500",5/18/2020 14:42,IMPROPER OVERTAKING/PASSING,FAILING TO REDUCE SPEED TO AVOID CRASH,2433,W,GRAND AVE,1221,,,,,,,2,NO INDICATION OF INJURY,0,0,0,0,0,2,0,14,2,5,41.89074077,-87.68796954,POINT (-87.687969537206 41.890740771146)
39b17c889fb041eb7a0875f908091eea730853807973714c51d4ecf90b6803e3851cc5c941ab702e6d8068a2b584926fd2573bd048401c262c3fe359c6114744,JC554299,,12/20/2019 17:40,30,UNKNOWN,UNKNOWN,CLEAR,"DARKNESS, LIGHTED ROAD",HEAD ON,NOT DIVIDED,,STRAIGHT AND LEVEL,DRY,UNKNOWN,,INJURY AND / OR TOW DUE TO CRASH,,,Y,"OVER $1,500",12/20/2019 17:40,UNABLE TO DETERMINE,UNABLE TO DETERMINE,1243,N,WELLS ST,1821,,,,,,,4,NONINCAPACITATING INJURY,1,0,0,1,0,4,0,17,6,12,41.9052069,-87.6343803,POINT (-87.634380302966 41.905206902796)
3a0b4bfec7bbd5939e1fe4ed78042e52cef892ae4ea55aae3f9d0958e9757ff2816bd24b439ff32dbdb2c6c02f9f809ca41da114bb476a3c69264aa13d9c0629,JC178149,Y,3/8/2019 13:00,25,UNKNOWN,NO CONTROLS,CLEAR,DAYLIGHT,ANGLE,PARKING LOT,0,STRAIGHT AND LEVEL,DRY,NO DEFECTS,,NO INJURY / DRIVE AWAY,,,,"$501 - $1,500",3/8/2019 14:58,FAILING TO YIELD RIGHT-OF-WAY,UNABLE TO DETERMINE,3857,W,111TH ST,2211,,Y,,,,,2,NO INDICATION OF INJURY,0,0,0,0,0,2,0,13,6,3,41.69119388,-87.71773863,POINT (-87.717738630591 41.691193884267)
3a2d7583681f99244d21c90644a6a9bb0b7ea9c5e52463b9e1ebc390d8eea5f16b3d561565d6b2293dd3ee461122e1e55f200c906bff997437947ce52d79635c,JC367592,,7/28/2019 0:00,30,STOP SIGN/FLASHER,OTHER,CLEAR,"DARKNESS, LIGHTED ROAD",TURNING,UNKNOWN INTERSECTION TYPE,,STRAIGHT AND LEVEL,DRY,NO DEFECTS,,NO INJURY / DRIVE AWAY,Y,,Y,"OVER $1,500",7/28/2019 0:09,DISREGARDING STOP SIGN,NOT APPLICABLE,1030,W,WASHINGTON BLVD,1224,,,,,,,2,NO INDICATION OF INJURY,0,0,0,0,0,2,0,0,1,7,41.88315335,-87.65317918,POINT (-87.653179177308 41.883153346996)
3a442fc7fe608a5af96f964fed1a0dffbce8c9f867dd9cd818a1c758b46ee4149865357d592efbdeca846e8482d270529d83589748efcefdabcd89f3eb406259,JD108338,,1/8/2020 11:05,30,TRAFFIC SIGNAL,FUNCTIONING PROPERLY,CLEAR,DAYLIGHT,TURNING,ONE-WAY,,STRAIGHT AND LEVEL,DRY,NO DEFECTS,,INJURY AND / OR TOW DUE TO CRASH,Y,,,"OVER $1,500",1/8/2020 11:10,IMPROPER TURNING/NO SIGNAL,NOT APPLICABLE,65,E,OHIO ST,1834,,,,,,,2,NO INDICATION OF INJURY,0,0,0,0,0,2,0,11,4,1,41.89241349,-87.62545339,POINT (-87.625453386562 41.89241348727)
3a61c26fa71efdbcd1efbfe1d81c05ca8bff00db1817b2f7b9ff12f905416dc6e7e9e2084b4ff43a71c0b3566c352978357444b9be5f8bd6ab1d7c8810d18e5e,JD200664,,4/2/2020 20:03,30,NO CONTROLS,NO CONTROLS,CLEAR,"DARKNESS, LIGHTED ROAD",ANGLE,RAMP,,STRAIGHT AND LEVEL,DRY,NO DEFECTS,,NO INJURY / DRIVE AWAY,,,Y,"OVER $1,500",4/2/2020 20:04,UNABLE TO DETERMINE,UNABLE TO DETERMINE,2333,W,JACKSON BLVD,1225,,,,,,,2,NO INDICATION OF INJURY,0,0,0,0,0,3,0,20,5,4,41.8774529,-87.68514089,POINT (-87.685140887208 41.877452898243)
3abcdb3e6f0dc7267bb24528bda4572a469717796c0a0d3f97af6eef8f8ac45112645f9e683ad09a584be59990698c1d7e55873691e7f72cae56ee786b481849,JG304112,,6/16/2023 22:40,35,NO CONTROLS,NO CONTROLS,CLEAR,"DARKNESS, LIGHTED ROAD",REAR END,DIVIDED - W/MEDIAN (NOT RAISED),,STRAIGHT AND LEVEL,DRY,NO DEFECTS,,NO INJURY / DRIVE AWAY,,,,"$501 - $1,500",6/16/2023 23:30,FOLLOWING TOO CLOSELY,FAILING TO REDUCE SPEED TO AVOID CRASH,5301,S,HARLEM AVE,811,,,,,,,2,NO INDICATION OF INJURY,0,0,0,0,0,2,0,22,6,6,41.79568805,-87.80145967,POINT (-87.801459670523 41.795688052768)
3acf394728b1f2b7a5563cc2cac2655c73b54053fcf1f2a50d81160f5081b573ff35b0f3914a2ca754dcad6cf6dfd3d026d8e777a7dfca61336a56521cedca1c,JD167982,,2/28/2020 13:45,30,STOP SIGN/FLASHER,FUNCTIONING PROPERLY,CLEAR,DAYLIGHT,TURNING,NOT DIVIDED,,STRAIGHT AND LEVEL,DRY,NO DEFECTS,,INJURY AND / OR TOW DUE TO CRASH,,,Y,"$501 - $1,500",2/28/2020 14:27,IMPROPER TURNING/NO SIGNAL,FAILING TO REDUCE SPEED TO AVOID CRASH,5435,W,WABANSIA AVE,2532,,,,,,,2,NONINCAPACITATING INJURY,1,0,0,1,0,2,0,13,6,2,41.91113913,-87.76205348,POINT (-87.762053479807 41.911139131587)
3af0f511d5a9f359fbb26e00ddb4cbfa92db9f1bf9025d07b1b02ea047c2ea2b253173de7a1529c25818dd8e741aa6927d4315f049f80230f03f64f70182f91b,JD144889,,2/8/2020 16:47,35,NO CONTROLS,NO CONTROLS,CLEAR,DUSK,REAR END,ONE-WAY,,STRAIGHT AND LEVEL,SNOW OR SLUSH,NO DEFECTS,,INJURY AND / OR TOW DUE TO CRASH,,,,"OVER $1,500",2/8/2020 16:48,FOLLOWING TOO CLOSELY,FAILING TO REDUCE SPEED TO AVOID CRASH,8145,S,HERMITAGE AVE,614,,,,,,,2,"REPORTED, NOT EVIDENT",1,0,0,0,1,1,0,16,7,2,41.74533447,-87.66680766,POINT (-87.666807661392 41.745334472465)
3b901e1a5306845f616b956bca6de6354c9ac7506756bc0d3b4351cab35e6af9770ec7c742a0f4a0f97d75afcab831d1e263a35db7d765f65b60e0f0856e385d,JC370822,,7/30/2019 10:22,30,NO CONTROLS,NO CONTROLS,CLEAR,DAYLIGHT,TURNING,DIVIDED - W/MEDIAN (NOT RAISED),,STRAIGHT AND LEVEL,DRY,NO DEFECTS,,NO INJURY / DRIVE AWAY,,,,"OVER $1,500",7/30/2019 10:25,FAILING TO YIELD RIGHT-OF-WAY,IMPROPER TURNING/NO SIGNAL,8201,S,DR MARTIN LUTHER KING JR DR,631,,,,,,,2,NO INDICATION OF INJURY,0,0,0,0,0,2,0,10,3,7,41.74554911,-87.61466991,POINT (-87.614669906271 41.745549113377)
3c116ef500ba849dec74c58ca15490ef2f5256e331fc22cf4df552d4802cd75a0db0534c2fdd7bc4fa62d973857ddd985a5e362008c21aa943936d866a2fe7f2,JC508679,,11/13/2019 8:05,15,NO CONTROLS,NO CONTROLS,CLEAR,DAYLIGHT,PARKED MOTOR VEHICLE,OTHER,,STRAIGHT AND LEVEL,ICE,UNKNOWN,,INJURY AND / OR TOW DUE TO CRASH,,Y,N,"OVER $1,500",11/13/2019 9:06,UNABLE TO DETERMINE,UNABLE TO DETERMINE,8256,S,PULASKI RD,834,,,,,,,2,NO INDICATION OF INJURY,0,0,0,0,0,1,0,8,4,11,41.74228583,-87.72182952,POINT (-87.721829523349 41.742285829664)
3c33ea1166d5cc4a44466df97b816ab8bda3d7559dfba90d0eec270613dbad17efdf03cbaaa228fe4d77ab53a613d78a965b95030f5fc5f9f8fde500080695ae,JC509396,,11/13/2019 18:05,30,TRAFFIC SIGNAL,FUNCTIONING PROPERLY,CLEAR,"DARKNESS, LIGHTED ROAD",PEDESTRIAN,ONE-WAY,,STRAIGHT AND LEVEL,DRY,NO DEFECTS,,INJURY AND / OR TOW DUE TO CRASH,Y,,,$500 OR LESS,11/13/2019 18:05,UNABLE TO DETERMINE,NOT APPLICABLE,2010,E,71ST ST,331,Y,Y,,,,,2,INCAPACITATING INJURY,1,0,1,0,0,2,0,18,4,11,41.76635742,-87.57582029,POINT (-87.57582028979 41.766357422801)
3c368897413f768b4a661121a691f4e2f13340d1fa790d8079d00f556d8731b3d946b8a5cceeb45b27afcb6980ead000ee130ffb99b829a48b7f79f2ce1b0d70,JC477732,,10/18/2019 18:41,15,NO CONTROLS,NO CONTROLS,CLEAR,DARKNESS,PARKED MOTOR VEHICLE,PARKING LOT,,STRAIGHT AND LEVEL,DRY,NO DEFECTS,,INJURY AND / OR TOW DUE TO CRASH,,,,"$501 - $1,500",10/18/2019 18:42,IMPROPER BACKING,NOT APPLICABLE,3000,N,CLARK ST,1934,,,,,,,2,"REPORTED, NOT EVIDENT",1,0,0,0,1,3,0,18,6,10,41.93644033,-87.64800621,POINT (-87.64800621163 41.936440325368)