CRASH_RECORD_ID,RD_NO,CRASH_DATE_EST_I,CRASH_DATE,POSTED_SPEED_LIMIT,TRAFFIC_CONTROL_DEVICE,DEVICE_CONDITION,WEATHER_CONDITION,LIGHTING_CONDITION,FIRST_CRASH_TYPE,TRAFFICWAY_TYPE,LANE_CNT,ALIGNMENT,ROADWAY_SURFACE_COND,ROAD_DEFECT,REPORT_TYPE,CRASH_TYPE,INTERSECTION_RELATED_I,NOT_RIGHT_OF_WAY_I,HIT_AND_RUN_I,DAMAGE,DATE_POLICE_NOTIFIED,PRIM_CONTRIBUTORY_CAUSE,SEC_CONTRIBUTORY_CAUSE,STREET_NO,STREET_DIRECTION,STREET_NAME,BEAT_OF_OCCURRENCE,PHOTOS_TAKEN_I,STATEMENTS_TAKEN_I,DOORING_I,WORK_ZONE_I,WORK_ZONE_TYPE,WORKERS_PRESENT_I,NUM_UNITS,MOST_SEVERE_INJURY,INJURIES_TOTAL,INJURIES_FATAL,INJURIES_INCAPACITATING,INJURIES_NON_INCAPACITATING,INJURIES_REPORTED_NOT_EVIDENT,INJURIES_NO_INDICATION,INJURIES_UNKNOWN,CRASH_HOUR,CRASH_DAY_OF_WEEK,CRASH_MONTH,LATITUDE,LONGITUDE,LOCATION
3c5243d3a80942f489197503a52516eedb7892fc0f8cee045ae28bd0f41d5003ab7b6249b4df4c82e8ddc7416989a1ed31c6ec9540d139222deab465986e1522,JC496532,,11/3/2019 1:10,30,TRAFFIC SIGNAL,FUNCTIONING PROPERLY,CLEAR,"DARKNESS, LIGHTED ROAD",TURNING,DIVIDED - W/MEDIAN BARRIER,,STRAIGHT AND LEVEL,DRY,NO DEFECTS,,INJURY AND / OR TOW DUE TO CRASH,Y,,,"OVER $1,500",11/3/2019 1:25,DISREGARDING OTHER TRAFFIC SIGNS,DRIVING SKILLS/KNOWLEDGE/EXPERIENCE,55,W,LOWER WACKER DR,111,,,,,,,2,INCAPACITATING INJURY,3,0,1,1,1,0,0,1,1,11,41.88667954,-87.63001595,POINT (-87.630015954327 41.886679541267)
3ca70371d24c24da0f98b4a4044ec30da4ad84b5909677a31c1a722f05b0affb680bf28b6960be17ddfeff4e2be593823aeaba39b4573e8c6297cd68ad80e123,JC421418,,9/5/2019 16:58,30,TRAFFIC SIGNAL,FUNCTIONING PROPERLY,CLEAR,DAYLIGHT,TURNING,NOT DIVIDED,,STRAIGHT AND LEVEL,DRY,NO DEFECTS,,INJURY AND / OR TOW DUE TO CRASH,,,,"OVER $1,500",9/5/2019 17:02,FAILING TO YIELD RIGHT-OF-WAY,NOT APPLICABLE,1600,S,KOSTNER AVE,1012,,,,,,,2,NO INDICATION OF INJURY,0,0,0,0,0,2,0,16,5,9,41.85868185,-87.73488064,POINT (-87.734880642816 41.858681848973)
3caf38bd75c1e2253f6c6c33a9ffb2bf8bb16877c91cda4cdad98724f35a335edcd20519df431f420ca2252112ba606b6ca26ce66bac658017877584d33a4e39,JD217436,,4/26/2020 10:10,30,NO CONTROLS,NO CONTROLS,CLEAR,DAYLIGHT,REAR TO SIDE,PARKING LOT,,STRAIGHT AND LEVEL,DRY,NO DEFECTS,,NO INJURY / DRIVE AWAY,,,,"OVER $1,500",4/26/2020 10:16,UNABLE TO DETERMINE,UNABLE TO DETERMINE,8331,S,STEWART AVE,622,,,,,,,2,NO INDICATION OF INJURY,0,0,0,0,0,2,0,10,1,4,41.74257762,-87.63393693,POINT (-87.633936930688 41.742577617335)
3d05c6989dab0e0b0951f62cb7db6b0770effef19edc9f277d1d81a0901c3e17c381d47d8e584a6c36bef90c9fac5e47e74314b4f6d0de93d66dcc6d0f6cbffc,JG311728,,6/22/2023 17:52,30,NO CONTROLS,NO CONTROLS,CLEAR,DAYLIGHT,REAR END,NOT DIVIDED,,STRAIGHT AND LEVEL,DRY,NO DEFECTS,,NO INJURY / DRIVE AWAY,,,Y,"OVER $1,500",6/22/2023 19:40,FOLLOWING TOO CLOSELY,NOT APPLICABLE,7000,S,SOUTH SHORE DR,331,,,,,,,2,NO INDICATION OF INJURY,0,0,0,0,0,3,0,17,5,6,41.76802847,-87.56664989,POINT (-87.566649893195 41.768028469262)
3d0974062859503bdb7c33a938cffb675d1c1da45f7601a2403fb70eb242ccb7c423c175bcbe738fe859f1f7638e6b7c1628886eec26e57a763b5e3f263ebc0d,JG269167,,5/21/2023 10:30,30,STOP SIGN/FLASHER,FUNCTIONING PROPERLY,CLEAR,DAYLIGHT,ANGLE,DIVIDED - W/MEDIAN (NOT RAISED),,STRAIGHT AND LEVEL,DRY,NO DEFECTS,,NO INJURY / DRIVE AWAY,,,,"OVER $1,500",5/21/2023 14:20,UNABLE TO DETERMINE,UNABLE TO DETERMINE,2330,W,ADDISON ST,1921,,,,,,,2,NO INDICATION OF INJURY,0,0,0,0,0,3,0,10,1,5,41.94686115,-87.68698647,POINT (-87.686986473836 41.946861148911)
3d18279fe2131c2e052695e9ea89f1cd4f778295ea15bf1bd9e613ac378b8f79da80a9aa76d9d108c50b1104f132fe9faa5c47ca57ff94e105c0f8ee5b60422e,JG274928,,5/25/2023 16:10,20,NO CONTROLS,NO CONTROLS,CLEAR,DAYLIGHT,REAR TO REAR,ALLEY,,STRAIGHT AND LEVEL,DRY,NO DEFECTS,,NO INJURY / DRIVE AWAY,,,Y,"$501 - $1,500",5/25/2023 17:30,UNABLE TO DETERMINE,UNABLE TO DETERMINE,4015,W,SCHOOL ST,1731,,,,,,,2,NO INDICATION OF INJURY,0,0,0,0,0,2,0,16,5,5,41.9407627,-87.72784926,POINT (-87.72784925781 41.940762700002)
3d4fba7bdbded4cf79a89eac1b596d4278bd9f1cdb0b71d92e174fc56d70ef1346e38554226d59e991087a490494e8ae0c2483fa081d6250cb067819f7d925bb,JG289560,,6/5/2023 18:30,30,NO CONTROLS,NO CONTROLS,CLEAR,DAYLIGHT,PEDALCYCLIST,DIVIDED - W/MEDIAN (NOT RAISED),,STRAIGHT AND LEVEL,DRY,NO DEFECTS,,INJURY AND / OR TOW DUE TO CRASH,,,Y,"OVER $1,500",6/5/2023 19:50,UNABLE TO DETERMINE,UNABLE TO DETERMINE,4301,W,DIVERSEY AVE,2524,,,,,,,3,"REPORTED, NOT EVIDENT",2,0,0,0,2,1,0,18,2,6,41.93158322,-87.73440337,POINT (-87.734403370823 41.931583222165)
3d5be27360f0c3c478d7f6d4528769f4a40e3ec3663bad0e813217b03b7726a669bea5dfa8fc02dd049c7ce235b1a962d432bccd878d2ff95ac386b146d0e0cb,JC486053,,10/25/2019 13:30,30,TRAFFIC SIGNAL,FUNCTIONING PROPERLY,CLEAR,DAYLIGHT,ANGLE,NOT DIVIDED,,STRAIGHT AND LEVEL,DRY,NO DEFECTS,,INJURY AND / OR TOW DUE TO CRASH,Y,,,"OVER $1,500",10/25/2019 15:00,FAILING TO YIELD RIGHT-OF-WAY,UNABLE TO DETERMINE,7800,S,COTTAGE GROVE AVE,624,,,,,,,2,INCAPACITATING INJURY,1,0,1,0,0,2,0,13,6,10,41.75301313,-87.60539305,POINT (-87.605393044674 41.753013126846)
3d7d92565edf73700fdbb091b60d0f0de09ed2a5bcc78583a4e85a900bb528c59043b483aca803a0be0823eac24f2b1ee5dc684ad440cee22c530ab429ce4260,JC465669,,10/9/2019 7:40,30,NO CONTROLS,NO CONTROLS,CLEAR,DAYLIGHT,REAR END,DIVIDED - W/MEDIAN (NOT RAISED),,CURVE ON GRADE,DRY,NO DEFECTS,,INJURY AND / OR TOW DUE TO CRASH,,,,"OVER $1,500",10/9/2019 7:45,IMPROPER LANE USAGE,NOT APPLICABLE,5400,S,CICERO AVE,815,,,,,,,2,NO INDICATION OF INJURY,0,0,0,0,0,2,0,7,4,10,41.79455974,-87.74289496,POINT (-87.742894957701 41.794559736179)
3da37750906d01759bf55fc08c55f5f0d5703b86717cc841a2fab9eb2617d2e64d1ba4483573d2d243ea3899a85d985b2ba03879c9a7eeb5d8726cd6e173a140,JC405038,,8/24/2019 7:41,30,TRAFFIC SIGNAL,FUNCTIONING PROPERLY,CLEAR,DAYLIGHT,REAR END,DIVIDED - W/MEDIAN (NOT RAISED),,STRAIGHT AND LEVEL,DRY,NO DEFECTS,,INJURY AND / OR TOW DUE TO CRASH,,,Y,"OVER $1,500",8/24/2019 7:44,UNABLE TO DETERMINE,UNABLE TO DETERMINE,542,W,47TH ST,925,,,,,,,2,NO INDICATION OF INJURY,0,0,0,0,0,2,0,7,7,8,41.80907565,-87.63995363,POINT (-87.639953626182 41.809075644684)
3dc9e3e34edba3756eab275cbe819c469e2513a5da7c17c7c712b659f59ccfe60dfb1db8c791aa0d0ba6576294c09801f319dbdc165ccadbf56b0a4263e50b72,JC538575,N,12/7/2019 18:15,45,NO CONTROLS,NO CONTROLS,CLEAR,"DARKNESS, LIGHTED ROAD",REAR END,DIVIDED - W/MEDIAN BARRIER,,STRAIGHT AND LEVEL,DRY,NO DEFECTS,,NO INJURY / DRIVE AWAY,,,Y,$500 OR LESS,12/7/2019 18:30,FOLLOWING TOO CLOSELY,NOT APPLICABLE,2420,N,LAKE SHORE DR NB,1935,,,,,,,2,NO INDICATION OF INJURY,0,0,0,0,0,3,0,18,7,12,41.9266321,-87.63166509,POINT (-87.631665092132 41.926632096681)
3df4caef0b622d2fd0f1ab789de4d173126806b603260155f8bafd21f372d4bc4f11da9b6b823c4d4d648a8012b7be8e9863c93ea0815b105044149c0460f9e4,JG290713,,6/6/2023 16:15,30,TRAFFIC SIGNAL,FUNCTIONING PROPERLY,CLEAR,DAYLIGHT,TURNING,DIVIDED - W/MEDIAN (NOT RAISED),,STRAIGHT AND LEVEL,DRY,NO DEFECTS,,INJURY AND / OR TOW DUE TO CRASH,,,,"OVER $1,500",6/6/2023 16:20,FAILING TO YIELD RIGHT-OF-WAY,NOT APPLICABLE,3000,W,LOGAN BLVD,1411,,,,,,,2,"REPORTED, NOT EVIDENT",2,0,0,0,2,1,0,16,3,6,41.92853326,-87.70248316,POINT (-87.702483159303 41.92853325507)
3e271041e66aa55a0ef0efb3271d1481670009bbd524a24d00c7338384dfe26e8163e2a04200d44935cc76c9d3f70087a0adbfa4246cb498882a7c1744b5dda7,JC155802,,2/17/2019 10:05,30,TRAFFIC SIGNAL,FUNCTIONING PROPERLY,CLEAR,DAYLIGHT,REAR END,DIVIDED - W/MEDIAN (NOT RAISED),2,STRAIGHT AND LEVEL,WET,"RUT, HOLES",,NO INJURY / DRIVE AWAY,,,,"OVER $1,500",2/17/2019 12:25,FAILING TO REDUCE SPEED TO AVOID CRASH,UNABLE TO DETERMINE,9500,S,COTTAGE GROVE AVE,511,Y,,,,,,2,NO INDICATION OF INJURY,0,0,0,0,0,3,0,10,1,2,41.72197047,-87.60334804,POINT (-87.603348040077 41.721970465227)
3e378a7774a9539fcce9ae4c5580f42b6a8a1b17747fbf9f27284a196457514ab5d7e3709dcb8446a6449f4cda6ce0c342d2d4b00910546073e8b4d3ea5a0b65,JD240182,Y,5/23/2020 7:45,30,NO CONTROLS,NO CONTROLS,CLEAR,DAYLIGHT,PARKED MOTOR VEHICLE,NOT DIVIDED,,STRAIGHT AND LEVEL,DRY,NO DEFECTS,,NO INJURY / DRIVE AWAY,,,Y,"OVER $1,500",5/23/2020 9:14,UNABLE TO DETERMINE,NOT APPLICABLE,8330,S,BURLEY AVE,424,,,,,,,2,NO INDICATION OF INJURY,0,0,0,0,0,1,0,7,7,5,41.74379515,-87.54560418,POINT (-87.545604182942 41.74379515036)
3ec3ed37ba6028a22278f9358ce69ba67edb86cd68dac25a76c7a488f983f7c542ee1ccfb17740f477fd07e52154935b8bbfb66ce4aac229f90df695240e5587,JD211663,,4/18/2020 13:00,30,STOP SIGN/FLASHER,NO CONTROLS,CLEAR,DAYLIGHT,REAR END,DIVIDED - W/MEDIAN (NOT RAISED),,STRAIGHT ON GRADE,DRY,NO DEFECTS,,INJURY AND / OR TOW DUE TO CRASH,Y,,Y,"OVER $1,500",4/18/2020 13:40,FOLLOWING TOO CLOSELY,FAILING TO REDUCE SPEED TO AVOID CRASH,10500,S,HALSTED ST,2233,,,,,,,2,"REPORTED, NOT EVIDENT",1,0,0,0,1,2,0,13,7,4,41.70318582,-87.64286459,POINT (-87.642864592211 41.703185818716)
3f0a0da973e91b65b675fe41130dcde52e2c697a981f03474f7e151f7adee8a1d2c76e0c20742c5b67d82c43bf50b26f12f2ac5c65eba388d8aadd9e7eb90e94,JC552470,,12/19/2019 9:20,30,NO CONTROLS,NO CONTROLS,CLEAR,DAYLIGHT,ANGLE,DIVIDED - W/MEDIAN (NOT RAISED),,STRAIGHT AND LEVEL,DRY,NO DEFECTS,,NO INJURY / DRIVE AWAY,,,,"OVER $1,500",12/19/2019 10:35,FAILING TO YIELD RIGHT-OF-WAY,FAILING TO REDUCE SPEED TO AVOID CRASH,4803,N,NAGLE AVE,1622,,,,,,,2,NO INDICATION OF INJURY,0,0,0,0,0,2,0,9,5,12,41.96850238,-87.78786696,POINT (-87.787866962097 41.968502375912)
3f11a4af399e16d9ed72ced1ab1082c620ff85cf00b64357d5f3716acc95a4453c66fc39cf0933a4c785f9e077951f78826c41c42e0bcc161ab4fc912b681fca,JG237181,,4/24/2023 21:39,30,NO CONTROLS,NO CONTROLS,UNKNOWN,UNKNOWN,PEDALCYCLIST,T-INTERSECTION,,STRAIGHT AND LEVEL,UNKNOWN,UNKNOWN,,INJURY AND / OR TOW DUE TO CRASH,,,Y,"OVER $1,500",4/25/2023 18:55,UNABLE TO DETERMINE,UNABLE TO DETERMINE,45,E,CONGRESS PKWY,123,,,,,,,2,NONINCAPACITATING INJURY,1,0,0,1,0,1,0,21,2,4,41.87558099,-87.62586671,POINT (-87.62586671107 41.875580988217)
3f3d6145cf101d82bed059a5f0f2e422193a6671841376fbc8599a7dffc259214ed54c1fc79fe6fd9491174318a95dcfbd22c40331b10304fcc33998d9890f6b,JG303206,,6/16/2023 9:20,35,NO CONTROLS,NO CONTROLS,CLEAR,DAYLIGHT,PARKED MOTOR VEHICLE,NOT DIVIDED,,STRAIGHT AND LEVEL,DRY,NO DEFECTS,,NO INJURY / DRIVE AWAY,,,,"OVER $1,500",6/16/2023 10:11,UNABLE TO DETERMINE,NOT APPLICABLE,1214,W,FOSTER AVE,2013,,,,,,,2,NO INDICATION OF INJURY,0,0,0,0,0,1,0,9,6,6,41.97642217,-87.66060321,POINT (-87.660603213208 41.976422170704)
3fca11aee8354f8985000195b5463d6f81e5d1254f763c698a00cdfa305429fe30125b14d83db0f80e3bf7b720795703b7eb23159dd75f80c7319fb517d6b954,JC537480,,12/6/2019 21:32,30,STOP SIGN/FLASHER,UNKNOWN,CLEAR,"DARKNESS, LIGHTED ROAD",ANGLE,FOUR WAY,,STRAIGHT AND LEVEL,DRY,NO DEFECTS,,NO INJURY / DRIVE AWAY,,,Y,"$501 - $1,500",12/6/2019 21:40,FAILING TO YIELD RIGHT-OF-WAY,NOT APPLICABLE,8199,S,ASHLAND AVE,614,,,,,,,2,NO INDICATION OF INJURY,0,0,0,0,0,3,0,21,6,12,41.7449863,-87.66315761,POINT (-87.663157607866 41.74498629512)
3fd86b403c7e610ca696acc9ea87109587797de6a3e3877815d9adf34d85c5d684929e912a2f60fa3cc7c8c2865d975b1dfa98c253e204cd7e64361a4a58a0c0,JC335753,,7/5/2019 11:45,30,TRAFFIC SIGNAL,FUNCTIONING PROPERLY,CLEAR,DAYLIGHT,SIDESWIPE SAME DIRECTION,DIVIDED - W/MEDIAN (NOT RAISED),,STRAIGHT AND LEVEL,DRY,NO DEFECTS,,NO INJURY / DRIVE AWAY,,,,"$501 - $1,500",7/5/2019 11:45,IMPROPER OVERTAKING/PASSING,FAILING TO REDUCE SPEED TO AVOID CRASH,2400,N,NARRAGANSETT AVE,2512,,,,,,,2,NO INDICATION OF INJURY,0,0,0,0,0,2,0,11,6,7,41.92377708,-87.78559306,POINT (-87.785593062676 41.923777078794)
404d356147b7c2ae25b3c52bd0c4e8a04381c9dae2cbba917b4bcf94e18dda27d9cc11557b806dd019f7e0a860fab32a9cfec2286e0476e9eb213c70a435a3a9,JD207091,,4/11/2020 18:08,15,NO CONTROLS,NO CONTROLS,CLEAR,DAYLIGHT,REAR TO REAR,PARKING LOT,,STRAIGHT AND LEVEL,UNKNOWN,UNKNOWN,,INJURY AND / OR TOW DUE TO CRASH,,,Y,"OVER $1,500",4/11/2020 18:08,IMPROPER BACKING,NOT APPLICABLE,3125,W,ADDISON ST,1733,,,,,,,2,NO INDICATION OF INJURY,0,0,0,0,0,2,0,18,7,4,41.9465308,-87.70644852,POINT (-87.706448524009 41.946530798506)
409ec9d11b8ba1417d697d3596551e0b05d219a03fdf6247cbee5303a4882bdedddc8f76c12248f9d61d73b5f4d38ef107a2bd4ed6040d659534c4742a5ebed0,JC549260,,12/16/2019 16:55,35,NO CONTROLS,NO CONTROLS,CLEAR,DARKNESS,REAR END,NOT DIVIDED,,STRAIGHT AND LEVEL,DRY,UNKNOWN,,INJURY AND / OR TOW DUE TO CRASH,,,Y,"OVER $1,500",12/16/2019 17:20,FOLLOWING TOO CLOSELY,FOLLOWING TOO CLOSELY,2430,S,KEDZIE AVE,1024,,,,,,,2,NONINCAPACITATING INJURY,1,0,0,1,0,1,0,16,2,12,41.84720714,-87.70526744,POINT (-87.705267437682 41.847207140892)
40b5d754a1459efebf9f2f7e62082c6c19b6c1f7b6ce5d916897ff1a3401f7f6e3bcd8f062b98c6e1cfff96e52f2919a7c1f89c608695fb0a9145f1cff32098a,JG326353,,7/3/2023 11:00,35,NO CONTROLS,FUNCTIONING PROPERLY,CLEAR,DAYLIGHT,PARKED MOTOR VEHICLE,PARKING LOT,,STRAIGHT AND LEVEL,DRY,NO DEFECTS,,NO INJURY / DRIVE AWAY,,Y,,"OVER $1,500",7/3/2023 18:20,IMPROPER BACKING,UNABLE TO DETERMINE,1001,W,87TH ST,2222,,,,,,,2,NO INDICATION OF INJURY,0,0,0,0,0,1,0,11,2,7,41.73589272,-87.64855,POINT (-87.648550003692 41.735892724479)
40b803235d84a3a101793797ccea7a3cf7916e903054dc4b10bf1ff4afab39d3aac79370fac3bb2fead7a48ac775fe269ab179ea30057b3a0447c23517345550,JD115783,,1/14/2020 18:51,30,STOP SIGN/FLASHER,FUNCTIONING PROPERLY,CLEAR,"DARKNESS, LIGHTED ROAD",ANGLE,NOT DIVIDED,,STRAIGHT AND LEVEL,DRY,NO DEFECTS,,NO INJURY / DRIVE AWAY,Y,,,"OVER $1,500",1/14/2020 18:51,FAILING TO YIELD RIGHT-OF-WAY,NOT APPLICABLE,3100,N,OAK PARK AVE,2511,,,,,,,2,NO INDICATION OF INJURY,0,0,0,0,0,2,0,18,3,1,41.93643655,-87.79578995,POINT (-87.79578994552 41.936436552885)
40c7a01b9daa5288b21dde51caa5563ae40b864f39e29f4fbbc6a7d4255d2b5e27717b5d642ff1ef71bac6b7aca655c2a70028c42d99fea62711b51904805ef1,JC433165,,9/14/2019 13:53,30,TRAFFIC SIGNAL,FUNCTIONING PROPERLY,CLEAR,DAYLIGHT,PEDALCYCLIST,FOUR WAY,,STRAIGHT AND LEVEL,DRY,NO DEFECTS,,INJURY AND / OR TOW DUE TO CRASH,Y,,,"OVER $1,500",9/14/2019 13:56,FAILING TO YIELD RIGHT-OF-WAY,FAILING TO YIELD RIGHT-OF-WAY,9900,S,LONGWOOD DR,2213,,,,,,,2,NONINCAPACITATING INJURY,1,0,0,1,0,1,0,13,7,9,41.71377132,-87.66907584,POINT (-87.669075840815 41.713771324054)
414413da81697906855c116870a203f43d5dcc08dca3ea26b8a5e425824ec0a9d0e872c2e47d90cb8757a64d67c8d474097a6dfe36bebd05e3aec9270413e91f,JC304574,,6/13/2019 12:06,30,NO CONTROLS,NO CONTROLS,CLOUDY/OVERCAST,DAYLIGHT,REAR TO FRONT,DIVIDED - W/MEDIAN (NOT RAISED),,STRAIGHT AND LEVEL,DRY,NO DEFECTS,,NO INJURY / DRIVE AWAY,,,,"$501 - $1,500",6/13/2019 12:22,UNABLE TO DETERMINE,UNABLE TO DETERMINE,5399,N,AVONDALE AVE,1622,,,,,,,2,NO INDICATION OF INJURY,0,0,0,0,0,2,0,12,5,6,41.97940335,-87.77928298,POINT (-87.779282979973 41.979403351172)
4149cf9b7192ac643280a97e6e02d5822c44ceb29da011dcbbb6c72d1480f9d617ae283acb46f464728092f20d979c6a6db65d76f919f046ef8aa7a6fc95865b,JD223049,,5/3/2020 10:15,30,NO CONTROLS,NO CONTROLS,CLEAR,DAYLIGHT,REAR END,NOT DIVIDED,,STRAIGHT AND LEVEL,DRY,UNKNOWN,,INJURY AND / OR TOW DUE TO CRASH,,,,"OVER $1,500",5/3/2020 10:26,FOLLOWING TOO CLOSELY,UNABLE TO DETERMINE,8223,S,STATE ST,631,,,,,,,2,INCAPACITATING INJURY,1,0,1,0,0,2,0,10,1,5,41.74479002,-87.6242261,POINT (-87.624226098388 41.744790019256)
417a28a21d36524dbaaad674749cc4eb9d75cdfdf547a05be9fb1a00ed122cd63ae3b2092c7b2309253eff5ae9c9bfeb09f190142f7cc2e21adc5a3bdc674a7c,JC558961,,12/24/2019 14:43,30,NO CONTROLS,NO CONTROLS,CLEAR,DAYLIGHT,REAR END,NOT DIVIDED,,STRAIGHT AND LEVEL,DRY,NO DEFECTS,,INJURY AND / OR TOW DUE TO CRASH,,,Y,"OVER $1,500",12/24/2019 14:50,UNABLE TO DETERMINE,NOT APPLICABLE,5945,S,ARCHER AVE,811,,,,,,,2,NONINCAPACITATING INJURY,1,0,0,1,0,1,0,14,3,12,41.79527328,-87.76450929,POINT (-87.764509288882 41.795273277422)
41cc67133b83c542de865672cbf17acaf819bb19151f6f325c0d8364dc4b0fa64b0e18ee6eabc7c2e5d1f6a4eced1fbc206be9af56ee2b3eef88ee4baf7e6aae,JG270817,,5/22/2023 17:15,30,NO CONTROLS,NO CONTROLS,CLEAR,DAYLIGHT,REAR END,DIVIDED - W/MEDIAN BARRIER,,STRAIGHT ON HILLCREST,DRY,NO DEFECTS,,INJURY AND / OR TOW DUE TO CRASH,,,,"OVER $1,500",5/22/2023 17:16,UNABLE TO DETERMINE,UNABLE TO DETERMINE,3706,W,NORTH AVE,2535,,,,,,,3,NONINCAPACITATING INJURY,1,0,0,1,0,4,0,17,2,5,41.91007217,-87.71936377,POINT (-87.719363771199 41.910072166894)
41e0fba4e0fb5c29520b0c503f8111a9b3b881d5ff873070c7cd3ef384e9c5fc48a2a2f1d0da5b26f11bea5e207cc67d9f90e8f0a312f9c0b97581e22292c34c,JC452533,,9/28/2019 23:45,30,NO CONTROLS,NO CONTROLS,CLEAR,DARKNESS,PARKED MOTOR VEHICLE,ONE-WAY,,STRAIGHT AND LEVEL,DRY,NO DEFECTS,,INJURY AND / OR TOW DUE TO CRASH,,,Y,"OVER $1,500",9/28/2019 23:52,UNABLE TO DETERMINE,NOT APPLICABLE,6254,N,ROCKWELL ST,2413,N,,,,,,3,NO INDICATION OF INJURY,0,0,0,0,0,2,0,23,7,9,41.99563527,-87.69484392,POINT (-87.69484392368 41.995635271191)
41e12b84aa1609f72b871f93da1b7b777dcc4876efaa843ec71f01e813544d772be456d32db6d4b528d056a46b73165a0d183c38e356d76fe444d13ef174aeba,JC474314,,10/16/2019 1:15,30,TRAFFIC SIGNAL,FUNCTIONING PROPERLY,CLEAR,"DARKNESS, LIGHTED ROAD",TURNING,UNKNOWN,,STRAIGHT AND LEVEL,DRY,NO DEFECTS,,NO INJURY / DRIVE AWAY,Y,,,"OVER $1,500",10/16/2019 1:20,UNABLE TO DETERMINE,NOT APPLICABLE,215,W,ONTARIO ST,1831,,,,,,,2,NO INDICATION OF INJURY,0,0,0,0,0,4,0,1,4,10,41.89306879,-87.63477502,POINT (-87.634775017846 41.893068790687)
41fd49c1994c9822a48211ab6a3f7248ac5c10b51a38a3a8390a29306f03c5163b607a7bc2f4569c5535cfedac7aa762a1babc51fb9d6c507f07fae29c21faf3,JC442277,Y,9/20/2019 18:00,10,NO CONTROLS,NO CONTROLS,UNKNOWN,UNKNOWN,PARKED MOTOR VEHICLE,PARKING LOT,,STRAIGHT AND LEVEL,OTHER,NO DEFECTS,,NO INJURY / DRIVE AWAY,,,Y,"OVER $1,500",9/21/2019 6:18,UNABLE TO DETERMINE,UNABLE TO DETERMINE,4848,S,HOYNE AVE,931,,,,,,,2,NO INDICATION OF INJURY,0,0,0,0,0,1,0,18,6,9,41.80521784,-87.67718346,POINT (-87.677183459026 41.805217843475)
4210b0596ef8a52fcfbb1173f439377c6686164301bfa4d073a055ea71011ceb0028ad5adfffe0c03224ec45db5a254ced204f7033fcdb011b5936871e8cc994,JD156328,,2/18/2020 13:55,30,STOP SIGN/FLASHER,FUNCTIONING PROPERLY,CLEAR,DAYLIGHT,TURNING,FOUR WAY,,STRAIGHT AND LEVEL,UNKNOWN,UNKNOWN,,NO INJURY / DRIVE AWAY,Y,,,"OVER $1,500",2/18/2020 15:00,UNABLE TO DETERMINE,UNABLE TO DETERMINE,2200,W,ROSCOE ST,1921,,,,,,,2,NO INDICATION OF INJURY,0,0,0,0,0,2,0,13,3,2,41.94326586,-87.68336491,POINT (-87.683364911938 41.943265859762)
428a93f8151cbea3c9f06bd5157c7a822b8787d72fc221fd7d7b68f105a466c039f419f5ba0a89d4bdaecb50d3f5b9f9a775cf15462878c5cc7e6780cd62b6c6,JC508810,,11/13/2019 10:26,30,TRAFFIC SIGNAL,FUNCTIONING PROPERLY,CLEAR,DAYLIGHT,TURNING,NOT DIVIDED,,STRAIGHT AND LEVEL,DRY,WORN SURFACE,,NO INJURY / DRIVE AWAY,Y,,Y,"$501 - $1,500",11/13/2019 10:28,DRIVING SKILLS/KNOWLEDGE/EXPERIENCE,UNABLE TO DETERMINE,6402,N,SHERIDAN RD,2432,,,,,,,2,NO INDICATION OF INJURY,0,0,0,0,0,2,0,10,4,11,41.99827176,-87.66070278,POINT (-87.660702783257 41.998271761482)
42aedf8c75146a3baacb034178475139cb9403b032afb6715da40416b699e0fafc19df1e145f5d936e221d0c9f60226d02df5ca1e1ebeaf7bb746b34144c2103,JG290162,,6/6/2023 10:13,30,TRAFFIC SIGNAL,FUNCTIONING PROPERLY,CLEAR,DAYLIGHT,TURNING,DIVIDED - W/MEDIAN (NOT RAISED),,STRAIGHT AND LEVEL,DRY,NO DEFECTS,,INJURY AND / OR TOW DUE TO CRASH,Y,,,"OVER $1,500",6/6/2023 10:13,FOLLOWING TOO CLOSELY,UNABLE TO DETERMINE,6700,S,ASHLAND AVE,725,,Y,,,,,3,NONINCAPACITATING INJURY,2,0,0,2,0,1,0,10,3,6,41.77209823,-87.66416462,POINT (-87.664164617596 41.77209823278)
42c7bdfdf846d6e2b215771130b07ff0d2de966129ccbf586cf56860574021e1f321d2416ebe6ea369eba4c549a6b66f1243fd7d6cd7d7c716b1550466902aa3,JC493250,,10/21/2019 14:00,30,NO CONTROLS,NO CONTROLS,UNKNOWN,DAYLIGHT,PEDESTRIAN,FOUR WAY,,STRAIGHT AND LEVEL,UNKNOWN,NO DEFECTS,,INJURY AND / OR TOW DUE TO CRASH,Y,,Y,"OVER $1,500",10/31/2019 12:45,FAILING TO YIELD RIGHT-OF-WAY,NOT APPLICABLE,5700,W,ADDISON ST,1633,,,,,,,2,NONINCAPACITATING INJURY,1,0,0,1,0,1,0,14,2,10,41.94595912,-87.76931523,POINT (-87.769315226216 41.945959122111)