CRASH_RECORD_ID,RD_NO,CRASH_DATE_EST_I,CRASH_DATE,POSTED_SPEED_LIMIT,TRAFFIC_CONTROL_DEVICE,DEVICE_CONDITION,WEATHER_CONDITION,LIGHTING_CONDITION,FIRST_CRASH_TYPE,TRAFFICWAY_TYPE,LANE_CNT,ALIGNMENT,ROADWAY_SURFACE_COND,ROAD_DEFECT,REPORT_TYPE,CRASH_TYPE,INTERSECTION_RELATED_I,NOT_RIGHT_OF_WAY_I,HIT_AND_RUN_I,DAMAGE,DATE_POLICE_NOTIFIED,PRIM_CONTRIBUTORY_CAUSE,SEC_CONTRIBUTORY_CAUSE,STREET_NO,STREET_DIRECTION,STREET_NAME,BEAT_OF_OCCURRENCE,PHOTOS_TAKEN_I,STATEMENTS_TAKEN_I,DOORING_I,WORK_ZONE_I,WORK_ZONE_TYPE,WORKERS_PRESENT_I,NUM_UNITS,MOST_SEVERE_INJURY,INJURIES_TOTAL,INJURIES_FATAL,INJURIES_INCAPACITATING,INJURIES_NON_INCAPACITATING,INJURIES_REPORTED_NOT_EVIDENT,INJURIES_NO_INDICATION,INJURIES_UNKNOWN,CRASH_HOUR,CRASH_DAY_OF_WEEK,CRASH_MONTH,LATITUDE,LONGITUDE,LOCATION
42cba1a98632143ac9ac3518c71f9d4dc35a8b1d25818c733305e9cd1500f53d723f1ea938b5a4656dcd45e5542337281d93f9dffadb516027116cc4bf83555f,JC403882,,8/23/2019 11:45,20,NO CONTROLS,NO CONTROLS,CLEAR,DAYLIGHT,REAR TO SIDE,NOT DIVIDED,,STRAIGHT AND LEVEL,DRY,NO DEFECTS,,NO INJURY / DRIVE AWAY,,,Y,"OVER $1,500",8/23/2019 12:00,IMPROPER BACKING,UNABLE TO DETERMINE,1517,W,BELLE PLAINE AVE,1912,,,,,,,2,NO INDICATION OF INJURY,0,0,0,0,0,2,0,11,6,8,41.95601942,-87.66834144,POINT (-87.668341438624 41.956019414511)
42e53652cbccf468158667d03acc85bda2d5413910a46833ea5baa9cef0b8e1c6a34533a905466efc61d12c54cc3e7f24454e0a658accccd0dab51e0a3906d95,JD240943,,5/23/2020 22:10,30,NO CONTROLS,NO CONTROLS,CLEAR,"DARKNESS, LIGHTED ROAD",PEDESTRIAN,DIVIDED - W/MEDIAN (NOT RAISED),,STRAIGHT AND LEVEL,WET,NO DEFECTS,,INJURY AND / OR TOW DUE TO CRASH,,,Y,$500 OR LESS,5/23/2020 22:13,UNABLE TO DETERMINE,NOT APPLICABLE,4600,S,CICERO AVE,814,,,,,,,2,NONINCAPACITATING INJURY,1,0,0,1,0,1,0,22,7,5,41.80935237,-87.74334102,POINT (-87.74334101951 41.809352367172)
43046d85bac03750a71a85f4bc398f18518d81b8316e63c3a10627e43851048e4eb7556dc12ed46cc49083c0425263907c2a72a8b87ab866af6f617c7452cab6,JG332697,,7/8/2023 11:10,30,TRAFFIC SIGNAL,NO CONTROLS,CLEAR,DAYLIGHT,SIDESWIPE SAME DIRECTION,NOT DIVIDED,,STRAIGHT AND LEVEL,DRY,NO DEFECTS,,NO INJURY / DRIVE AWAY,,,,"OVER $1,500",7/8/2023 12:50,FAILING TO YIELD RIGHT-OF-WAY,UNABLE TO DETERMINE,6330,S,CICERO AVE,813,,,,,,,2,NO INDICATION OF INJURY,0,0,0,0,0,2,0,11,7,7,41.77748494,-87.74240936,POINT (-87.74240935829 41.77748493607)
433dbb7b4e26d8e8bf8baeb15cf403802497fc57f53f6d286f559debef818d70b19fac645023e0714577843094e82b9b97d148a924b29e610d055fd2158a7a91,JC517890,,11/20/2019 15:45,30,TRAFFIC SIGNAL,FUNCTIONING PROPERLY,CLEAR,DAYLIGHT,REAR END,NOT DIVIDED,,STRAIGHT AND LEVEL,DRY,NO DEFECTS,,NO INJURY / DRIVE AWAY,,,Y,"OVER $1,500",11/20/2019 16:13,UNABLE TO DETERMINE,UNABLE TO DETERMINE,499,S,KEELER AVE,1132,,,,,,,3,NO INDICATION OF INJURY,0,0,0,0,0,3,0,15,4,11,41.87434793,-87.73020077,POINT (-87.730200769259 41.874347932543)
4353a23838bdace43198214099f6df59c769e96a06ab60c587c8be7c34c6c8265b1ef1c9eabb99524900af5a963be1ddb082c9ccf3636812a6fcc9714c3cc02e,JG290252,Y,6/6/2023 10:30,30,TRAFFIC SIGNAL,FUNCTIONING PROPERLY,CLEAR,DAYLIGHT,TURNING,T-INTERSECTION,,STRAIGHT AND LEVEL,UNKNOWN,NO DEFECTS,,NO INJURY / DRIVE AWAY,Y,,,"$501 - $1,500",6/6/2023 11:20,IMPROPER TURNING/NO SIGNAL,IMPROPER OVERTAKING/PASSING,1300,W,GREENLEAF AVE,2423,,,,,,,2,NO INDICATION OF INJURY,0,0,0,0,0,2,0,10,3,6,42.0105057,-87.66265802,POINT (-87.66265801842 42.010505704077)
43ca5658926afc909487538a3018d092d65ad378b7731394c02f64d0e8ece194f50acc19d31a1c4ffca366a0108977f47e38a48ce51ee9b02832205cb8ed190f,JG322704,,6/30/2023 18:35,30,STOP SIGN/FLASHER,FUNCTIONING PROPERLY,RAIN,DAYLIGHT,ANGLE,NOT DIVIDED,,STRAIGHT AND LEVEL,WET,UNKNOWN,,INJURY AND / OR TOW DUE TO CRASH,Y,,,"OVER $1,500",6/30/2023 18:40,UNABLE TO DETERMINE,UNABLE TO DETERMINE,1878,W,OGDEN AVE,1225,,,,,,,2,NO INDICATION OF INJURY,0,0,0,0,0,5,0,18,6,6,41.87515478,-87.67375588,POINT (-87.673755881513 41.875154779829)
43f2a4c4e2cc0ae0d4711df8c6eba863f9e4157df444d9d830d59eb7ef3fd68065e668b89dbfa3c2ab1c9f650c5677d6cbb3c27842181ec6be5cd14422e370db,JD167625,Y,2/27/2020 23:00,35,YIELD,NO CONTROLS,UNKNOWN,DARKNESS,PARKED MOTOR VEHICLE,ONE-WAY,,STRAIGHT AND LEVEL,DRY,NO DEFECTS,,INJURY AND / OR TOW DUE TO CRASH,,,,"OVER $1,500",2/28/2020 8:47,UNABLE TO DETERMINE,NOT APPLICABLE,2137,E,71ST ST,333,,,,,,,2,NO INDICATION OF INJURY,0,0,0,0,0,1,0,23,5,2,41.76600168,-87.57244809,POINT (-87.572448088921 41.766001684052)
44508d632eb00508bf1ea68b8f3f3391ea81706491f34b27b0fd2790c5a5bdac18a1be597c646513bac29d1d5e9080f3c85e11ba3c1c8ff4e76c427012c16d5d,HZ560185,Y,12/20/2016 14:00,30,NO CONTROLS,NO CONTROLS,CLEAR,DAYLIGHT,PARKED MOTOR VEHICLE,ALLEY,1,STRAIGHT AND LEVEL,DRY,NO DEFECTS,,NO INJURY / DRIVE AWAY,,,,"OVER $1,500",12/20/2016 18:40,FAILING TO YIELD RIGHT-OF-WAY,FAILING TO YIELD RIGHT-OF-WAY,6410,N,CLARK ST,2432,,,,,,,3,NO INDICATION OF INJURY,0,0,0,0,0,1,0,14,3,12,41.9983706,-87.67085096,POINT (-87.670850958778 41.998370595632)
44863da2a373c92f8add85a63254fd4d6364bf74f873f0ee5994ac9bd07889eb434fb5712e4e1c8cc66ee58853f15a19f5dde94eb898b99ca947c5df02bd54c9,JC386331,,8/10/2019 1:53,35,STOP SIGN/FLASHER,FUNCTIONING PROPERLY,CLEAR,"DARKNESS, LIGHTED ROAD",ANGLE,NOT DIVIDED,,STRAIGHT AND LEVEL,DRY,NO DEFECTS,,INJURY AND / OR TOW DUE TO CRASH,Y,,Y,"OVER $1,500",8/10/2019 1:53,DISREGARDING STOP SIGN,DISREGARDING STOP SIGN,46,E,76TH ST,623,,,,,,,2,NONINCAPACITATING INJURY,2,0,0,2,0,2,0,1,7,8,41.75655739,-87.62288042,POINT (-87.62288041452 41.75655738602)
448d896528c6b92329e70524e5068feeed97692171dca09f521ae1c7c0ed4eded1b6f209a0cdb629faf05c166c10d665ccb00ea57ed821d5ef47b41e751b2cf9,JG333106,,7/8/2023 14:35,30,NO CONTROLS,NO CONTROLS,CLEAR,DAYLIGHT,REAR END,NOT DIVIDED,,STRAIGHT AND LEVEL,DRY,NO DEFECTS,,NO INJURY / DRIVE AWAY,,,,"OVER $1,500",7/8/2023 18:52,FOLLOWING TOO CLOSELY,IMPROPER OVERTAKING/PASSING,11500,S,WESTERN AVE,2212,,,,,,,2,NO INDICATION OF INJURY,0,0,0,0,0,3,0,14,7,7,41.68441279,-87.68107105,POINT (-87.681071049272 41.684412788735)
44a344e0352d65c2c5e720d2a191146cac8bcf6c9a560f90f2c24ffcbd1b52cb4f4f2c335ba994f14b6e121256e4d497e85d8a5265f4e08068777844ff56ff52,JG281128,,5/30/2023 16:30,30,NO CONTROLS,NO CONTROLS,CLEAR,DAYLIGHT,REAR END,NOT DIVIDED,,STRAIGHT AND LEVEL,DRY,NO DEFECTS,,NO INJURY / DRIVE AWAY,,,,"OVER $1,500",5/30/2023 16:45,FOLLOWING TOO CLOSELY,NOT APPLICABLE,3343,N,CALIFORNIA AVE,1733,,,,,,,2,NO INDICATION OF INJURY,0,0,0,0,0,2,0,16,3,5,41.94274622,-87.69777549,POINT (-87.697775489503 41.942746221624)
44a767eddbdc7d3648cb57b26c622170520e9366ad564f483f3f59bf53e27859112668477c7535755a78dd6a6fc644c72ec8f294fcaa5ca236b298a47e54e9ad,JG334240,,7/9/2023 16:50,30,TRAFFIC SIGNAL,FUNCTIONING PROPERLY,CLOUDY/OVERCAST,DAYLIGHT,REAR END,DIVIDED - W/MEDIAN (NOT RAISED),,STRAIGHT AND LEVEL,DRY,NO DEFECTS,,INJURY AND / OR TOW DUE TO CRASH,,,,"OVER $1,500",7/9/2023 16:55,UNABLE TO DETERMINE,UNABLE TO DETERMINE,2356,W,87TH ST,614,,,,,,,3,NONINCAPACITATING INJURY,3,0,0,2,1,1,0,16,1,7,41.73563932,-87.68233706,POINT (-87.682337057318 41.735639316906)
44b477726282f5e88ab4629b7e1467a87079b696d59f679c7378e5796773ffcc49f642e80e0ecba25a3b6f3e768222eeb7ada70d55671bea3c1c1ca3a6596978,JG333534,Y,7/9/2023 3:00,30,NO CONTROLS,NO CONTROLS,CLEAR,"DARKNESS, LIGHTED ROAD",PARKED MOTOR VEHICLE,ONE-WAY,,STRAIGHT AND LEVEL,DRY,UNKNOWN,,INJURY AND / OR TOW DUE TO CRASH,,,Y,"OVER $1,500",7/9/2023 4:18,UNABLE TO DETERMINE,UNABLE TO DETERMINE,6947,S,CLAREMONT AVE,832,,,,,,,2,NO INDICATION OF INJURY,0,0,0,0,0,1,0,3,1,7,41.7668917,-87.68183991,POINT (-87.681839913351 41.766891702188)
44d4aba230e707d7ea9b2ae566020b2958d732a756fdbf823c8b34f7d76af658e082a8929145d0e8953b989fe835750997ead6cbc9cf9d76ba9533c14fb1313a,JD173451,,3/4/2020 8:30,30,PEDESTRIAN CROSSING SIGN,OTHER,CLEAR,DAYLIGHT,PEDESTRIAN,DIVIDED - W/MEDIAN (NOT RAISED),,STRAIGHT AND LEVEL,DRY,NO DEFECTS,,INJURY AND / OR TOW DUE TO CRASH,Y,,,"OVER $1,500",3/4/2020 9:28,FAILING TO YIELD RIGHT-OF-WAY,"OPERATING VEHICLE IN ERRATIC, RECKLESS, CARELESS, NEGLIGENT OR AGGRESSIVE MANNER",5645,W,ADDISON ST,1633,,,,,,,2,INCAPACITATING INJURY,1,0,1,0,0,1,0,8,4,3,41.94574758,-87.76853828,POINT (-87.76853827934 41.945747574682)
4550ed27add8f8d32a8e6fa6b935f086fab82649cea1de47904a4b565e3570ce2ae2775daa843e1d613b18a66b0ce3286affe6b61d203b6ce04be8bb57f10c08,JC396988,,8/18/2019 1:05,30,TRAFFIC SIGNAL,FUNCTIONING PROPERLY,CLEAR,"DARKNESS, LIGHTED ROAD",ANGLE,FOUR WAY,,STRAIGHT AND LEVEL,DRY,NO DEFECTS,,INJURY AND / OR TOW DUE TO CRASH,Y,,Y,"OVER $1,500",8/18/2019 1:10,DISREGARDING TRAFFIC SIGNALS,DISREGARDING TRAFFIC SIGNALS,4700,S,KEDZIE AVE,821,,,,,,,2,NO INDICATION OF INJURY,0,0,0,0,0,2,0,1,1,8,41.80804727,-87.70411882,POINT (-87.704118822299 41.80804727165)
4590d883535195d706f58b326b17b15842ac550ebeea05be52ed65262754e5edae1b0693778a02ad675213f4aff71f5cc069d90c965b5ed019d512282b5d10f6,JG334189,,7/9/2023 13:30,30,NO CONTROLS,NO CONTROLS,CLEAR,DAYLIGHT,TURNING,NOT DIVIDED,,STRAIGHT AND LEVEL,DRY,NO DEFECTS,,NO INJURY / DRIVE AWAY,,,,"OVER $1,500",7/9/2023 17:00,IMPROPER TURNING/NO SIGNAL,NOT APPLICABLE,3328,N,CLARK ST,1924,,,,,,,2,NO INDICATION OF INJURY,0,0,0,0,0,2,0,13,1,7,41.94239613,-87.65282389,POINT (-87.652823894483 41.942396126778)
45a93588ecf2a6eb94578ef93bec65d43b9c3ce184789cacfa5c7f1028d5c71e40fcc9f51745607df43890efca97858b52c5f707cce19d61ca15f78f4d8d0acb,JC535157,,12/5/2019 4:05,30,UNKNOWN,UNKNOWN,CLEAR,"DARKNESS, LIGHTED ROAD",PEDESTRIAN,OTHER,,STRAIGHT AND LEVEL,DRY,NO DEFECTS,,INJURY AND / OR TOW DUE TO CRASH,,,Y,"OVER $1,500",12/5/2019 4:09,"OPERATING VEHICLE IN ERRATIC, RECKLESS, CARELESS, NEGLIGENT OR AGGRESSIVE MANNER",NOT APPLICABLE,1315,W,NORTH AVE,1433,,,,,,,2,NONINCAPACITATING INJURY,1,0,0,1,0,1,0,4,5,12,41.91061262,-87.66112181,POINT (-87.661121812519 41.910612624005)
45f2b657ec74e6fb8d5039cc5b9699f5eabe0c796eb8ebaec9fc4a0d26fac48aa58ac9e163ac55982cab1ce6589c632005abd1c000ba54314151f5823f3862aa,JC385841,,8/9/2019 18:00,30,TRAFFIC SIGNAL,FUNCTIONING PROPERLY,CLEAR,DAYLIGHT,REAR END,NOT DIVIDED,,STRAIGHT AND LEVEL,DRY,NO DEFECTS,,NO INJURY / DRIVE AWAY,,,,"$501 - $1,500",8/9/2019 18:15,FOLLOWING TOO CLOSELY,UNABLE TO DETERMINE,3200,W,63RD ST,823,,,,,,,2,NO INDICATION OF INJURY,0,0,0,0,0,2,0,18,6,8,41.77908151,-87.70326037,POINT (-87.703260365447 41.779081504883)
45f7ed940a20e680f456892fb32264f99252ba5d30b7eaaab1194d5040f3e21a2f02aba873cacc4f1267e10a336bc5a8b2b8b355c065aebc01a1f36e25464a50,JC516187,,11/19/2019 10:50,30,NO CONTROLS,NO CONTROLS,RAIN,DAYLIGHT,TURNING,NOT DIVIDED,,STRAIGHT AND LEVEL,WET,NO DEFECTS,,INJURY AND / OR TOW DUE TO CRASH,,,,"OVER $1,500",11/19/2019 10:54,UNABLE TO DETERMINE,UNABLE TO DETERMINE,900,N,DAMEN AVE,1212,,,,,,,2,NO INDICATION OF INJURY,0,0,0,0,0,2,0,10,3,11,41.89777459,-87.67725264,POINT (-87.677252639156 41.897774592258)
462fe4df15fd3b1e5dab7eca8a443ee36122e9f7e24780e50d1b9771b5d1cf941c49f68c177d29459ea828fc535ad808b38a38f8ea07594434414244549315d5,JG286431,,6/3/2023 11:35,30,STOP SIGN/FLASHER,FUNCTIONING PROPERLY,CLEAR,DAYLIGHT,TURNING,NOT DIVIDED,,STRAIGHT AND LEVEL,DRY,NO DEFECTS,,NO INJURY / DRIVE AWAY,,,,"OVER $1,500",6/3/2023 12:15,FAILING TO YIELD RIGHT-OF-WAY,UNABLE TO DETERMINE,4801,W,47TH ST,814,,,,,,,2,NO INDICATION OF INJURY,0,0,0,0,0,2,0,11,7,6,41.80750886,-87.74319654,POINT (-87.743196543408 41.807508856978)
4650a320df0458ec0c46deb8e2dde7b41db5692ff83b6e6ce6e3a2ecc39ee746c4b93f7b81a5630375920c33aa1a3b8b4d1d06bae3410b2e4f1a075c3d4c7a0a,JG324962,,7/2/2023 13:20,30,TRAFFIC SIGNAL,FUNCTIONING PROPERLY,RAIN,DAYLIGHT,ANGLE,FOUR WAY,,STRAIGHT AND LEVEL,WET,NO DEFECTS,,INJURY AND / OR TOW DUE TO CRASH,Y,,,"OVER $1,500",7/2/2023 16:00,UNABLE TO DETERMINE,UNABLE TO DETERMINE,1510,W,NORTH AVE,1433,,,,,,,2,NO INDICATION OF INJURY,0,0,0,0,0,3,0,13,1,7,41.91076745,-87.66570051,POINT (-87.665700510135 41.9107674476)
46768db7f65e569b11d92587eab63b6ef75806494880eb0914ad1489a814bdbf06c439021d624259ff4e70f4a5f0fc64e4cf63a585d17f4c7591884ed31e8b62,JC467401,,10/10/2019 13:15,30,NO CONTROLS,NO CONTROLS,CLEAR,DAYLIGHT,PARKED MOTOR VEHICLE,NOT DIVIDED,,STRAIGHT AND LEVEL,DRY,NO DEFECTS,,NO INJURY / DRIVE AWAY,,,Y,"OVER $1,500",10/10/2019 13:20,UNABLE TO DETERMINE,UNABLE TO DETERMINE,2004,N,NEW ENGLAND AVE,2512,,,,,,,2,NO INDICATION OF INJURY,0,0,0,0,0,2,0,13,5,10,41.91648365,-87.7975858,POINT (-87.797585798038 41.9164836542)
467a8add772ee862f8e359fa1e090f6d44a577bf0403cea5b21d86055614c4b8b0b4e3c2c2bba10205e19b267a37d489099e8d86a56d644aa08352c5c94474e8,JC485303,,10/18/2019 21:30,30,NO CONTROLS,UNKNOWN,CLEAR,DUSK,REAR TO FRONT,NOT DIVIDED,,STRAIGHT AND LEVEL,DRY,UNKNOWN,,NO INJURY / DRIVE AWAY,,,N,"OVER $1,500",10/24/2019 21:00,IMPROPER BACKING,HAD BEEN DRINKING (USE WHEN ARREST IS NOT MADE),10000,W,OHARE ST,1651,,,,,,,2,NO INDICATION OF INJURY,0,0,0,0,0,2,0,21,6,10,41.97620114,-87.90530913,POINT (-87.905309125103 41.976201139024)
468904518827d0371c7b63377d723288f565f7c35ba6ce01bfebd2b255e912ea44e045556d50ebfa968c2b82252c86f13c63391b694ec3076ebc9f98f7109b93,JC499743,,11/5/2019 15:08,30,TRAFFIC SIGNAL,FUNCTIONING PROPERLY,CLEAR,DAYLIGHT,PEDESTRIAN,DIVIDED - W/MEDIAN (NOT RAISED),,STRAIGHT AND LEVEL,DRY,NO DEFECTS,,INJURY AND / OR TOW DUE TO CRASH,,,Y,$500 OR LESS,11/5/2019 15:10,FAILING TO YIELD RIGHT-OF-WAY,UNABLE TO DETERMINE,6900,S,CALIFORNIA AVE,831,,,,,,,2,NONINCAPACITATING INJURY,1,0,0,1,0,1,0,15,3,11,41.7680842,-87.69326464,POINT (-87.693264641648 41.768084200953)
4694a751e5bc8a733639936a71594f940e4c3996b1a41245f296fe5fabc5ebc990f73e473fd23e48d37e9d4a588cc73ed4ffecf0cba116fbcc87c4fa1b53d3b2,JD242413,,5/25/2020 14:00,30,NO CONTROLS,NO CONTROLS,CLEAR,DAYLIGHT,PARKED MOTOR VEHICLE,ONE-WAY,,STRAIGHT AND LEVEL,DRY,NO DEFECTS,,NO INJURY / DRIVE AWAY,,,,"OVER $1,500",5/25/2020 14:20,"EVASIVE ACTION DUE TO ANIMAL, OBJECT, NONMOTORIST","EVASIVE ACTION DUE TO ANIMAL, OBJECT, NONMOTORIST",7134,S,PEORIA ST,733,,,,,,,2,NO INDICATION OF INJURY,0,0,0,0,0,1,0,14,2,5,41.76411242,-87.64695639,POINT (-87.646956394072 41.764112417662)
46a7d3853e00e1f5fbd78318a311b70ef85413fb10fdc41047e0aa784da6da1e6efedee3fbeb4207cc64dcaeb24d2bc13ab7b7365b12ad6d963674c279749646,JD177587,,3/7/2020 17:20,30,TRAFFIC SIGNAL,FUNCTIONING PROPERLY,CLEAR,DAYLIGHT,REAR END,NOT DIVIDED,,STRAIGHT AND LEVEL,DRY,NO DEFECTS,,NO INJURY / DRIVE AWAY,,,,"OVER $1,500",3/7/2020 17:30,FAILING TO REDUCE SPEED TO AVOID CRASH,DRIVING SKILLS/KNOWLEDGE/EXPERIENCE,6300,S,KARLOV AVE,813,,,,,,,2,NO INDICATION OF INJURY,0,0,0,0,0,3,0,17,7,3,41.77860473,-87.72534986,POINT (-87.725349858073 41.778604730644)
46f0c985970af3ffa789bef33432935cee86de83577803261073a9b0a463097dcbe77e38f067b8dcbbe5f63805346939a067fc2bd6b54a62a12c15dc35eb7917,JC280939,,5/27/2019 16:00,30,TRAFFIC SIGNAL,FUNCTIONING PROPERLY,CLEAR,DAYLIGHT,ANGLE,FOUR WAY,,STRAIGHT AND LEVEL,WET,NO DEFECTS,,NO INJURY / DRIVE AWAY,Y,,Y,"OVER $1,500",5/27/2019 16:45,DISREGARDING YIELD SIGN,FAILING TO YIELD RIGHT-OF-WAY,8900,S,STONY ISLAND AVE,413,,,,,,,2,NO INDICATION OF INJURY,0,0,0,0,0,2,0,16,2,5,41.73318797,-87.5857127,POINT (-87.585712697936 41.733187965898)
4754ad84fb4f58ff9723eaceda070e2f782999ee006359ca29e871d3a9771fb0371c9729976c54c62df1c80f3ef869e1dfc9a470029e4cf1b75637814da2b744,JC364969,,7/26/2019 7:30,30,STOP SIGN/FLASHER,FUNCTIONING PROPERLY,CLEAR,DAYLIGHT,TURNING,DIVIDED - W/MEDIAN (NOT RAISED),,STRAIGHT AND LEVEL,DRY,NO DEFECTS,,INJURY AND / OR TOW DUE TO CRASH,Y,,,"OVER $1,500",7/26/2019 7:48,UNABLE TO DETERMINE,UNABLE TO DETERMINE,1301,N,AUSTIN BLVD,2531,,,,,,,2,NONINCAPACITATING INJURY,1,0,0,1,0,3,0,7,6,7,41.90390462,-87.77527816,POINT (-87.775278157323 41.903904617896)
4772eab41374f1ac889ca9ae82f223a46299ac5d92ab987d37d209dec20aef4de01ef43abb4363e64443bb5d6150676c726c79294cf7719c734354d1bf0f9929,JD211092,,4/17/2020 15:20,30,TRAFFIC SIGNAL,FUNCTIONING PROPERLY,CLEAR,DAYLIGHT,TURNING,NOT DIVIDED,,STRAIGHT AND LEVEL,DRY,NO DEFECTS,,NO INJURY / DRIVE AWAY,Y,,,"OVER $1,500",4/17/2020 16:20,UNABLE TO DETERMINE,NOT APPLICABLE,2400,N,HALSTED ST,1935,,,,,,,2,NO INDICATION OF INJURY,0,0,0,0,0,2,0,15,6,4,41.92554032,-87.64891216,POINT (-87.648912155512 41.925540315432)
477cc63e6cf0b393e056fadbf517a13ed44be5a87bc1cfad258e6542f0daada6efcdd535e631f4bada69714e738cfa4e22de1330a45c0f4fc3c79024733ab7b2,JD184228,,3/13/2020 11:45,30,TRAFFIC SIGNAL,FUNCTIONING PROPERLY,CLEAR,DAYLIGHT,REAR END,NOT DIVIDED,,STRAIGHT AND LEVEL,DRY,NO DEFECTS,,INJURY AND / OR TOW DUE TO CRASH,,,Y,"OVER $1,500",3/13/2020 12:30,FOLLOWING TOO CLOSELY,UNABLE TO DETERMINE,2400,W,MADISON ST,1222,,,,,,,2,"REPORTED, NOT EVIDENT",1,0,0,0,1,2,0,11,6,3,41.8812705,-87.68653594,POINT (-87.686535940171 41.881270504288)
478f0fe752a668fb2895f0e96eef317209789ebddc5656c7b74ec74e0d71c5535ba100b297a8db5e33eba7f5090425845d7dd92765e061d4912b7142d869697f,JD213618,,4/21/2020 8:30,30,NO CONTROLS,NO CONTROLS,CLEAR,DAYLIGHT,FIXED OBJECT,NOT DIVIDED,,STRAIGHT AND LEVEL,DRY,NO DEFECTS,,INJURY AND / OR TOW DUE TO CRASH,,,,"$501 - $1,500",4/21/2020 8:30,PHYSICAL CONDITION OF DRIVER,NOT APPLICABLE,3142,W,26TH ST,1033,,,,,,,1,NONINCAPACITATING INJURY,1,0,0,1,0,0,0,8,3,4,41.84463442,-87.7043004,POINT (-87.704300402536 41.844634423505)
47b06af65a8936f49aa4441632271546ea3ba0d5226e104a70a4cba28af47199ac0e469c556f5c3f99ff55654a5e7f42e9dbedb6ab501120dd51b1afff641da3,JC440375,,9/19/2019 18:49,30,TRAFFIC SIGNAL,NO CONTROLS,CLEAR,DUSK,REAR END,NOT DIVIDED,,STRAIGHT AND LEVEL,DRY,NO DEFECTS,,NO INJURY / DRIVE AWAY,,,Y,"$501 - $1,500",9/19/2019 19:25,UNABLE TO DETERMINE,UNABLE TO DETERMINE,400,N,CENTRAL AVE,1512,,,,,,,3,NO INDICATION OF INJURY,0,0,0,0,0,3,0,18,5,9,41.88780462,-87.7652685,POINT (-87.765268498104 41.887804620535)
47c2427dd62119914b566b1fe0eda640c658979b66936a6502e45048f1c7244b9163ccd4ce8c59f08ac11d4d5df78d703b774fb1c1d068c82d03e8b9ec524688,JC559098,,12/24/2019 16:30,15,NO CONTROLS,NO CONTROLS,CLEAR,DARKNESS,PARKED MOTOR VEHICLE,PARKING LOT,,STRAIGHT AND LEVEL,DRY,NO DEFECTS,,NO INJURY / DRIVE AWAY,,,Y,"OVER $1,500",12/24/2019 16:50,UNABLE TO DETERMINE,UNABLE TO DETERMINE,5109,N,HARLEM AVE,1613,,,,,,,2,NO INDICATION OF INJURY,0,0,0,0,0,1,0,16,3,12,41.97400764,-87.80691987,POINT (-87.806919871289 41.974007634604)
47d37028a178f8ad6c71a6ec98034e3670952e94725d611d66f4765be6ff553a7a11a770c5cee712e80de8dc8a2e274e8569bb1d79ca142c6917334819fa5cd8,JC178890,,3/9/2019 4:31,30,NO CONTROLS,NO CONTROLS,CLEAR,"DARKNESS, LIGHTED ROAD",FIXED OBJECT,DIVIDED - W/MEDIAN BARRIER,6,STRAIGHT AND LEVEL,DRY,NO DEFECTS,,INJURY AND / OR TOW DUE TO CRASH,,,,"OVER $1,500",3/9/2019 4:32,UNDER THE INFLUENCE OF ALCOHOL/DRUGS (USE WHEN ARREST IS EFFECTED),FAILING TO REDUCE SPEED TO AVOID CRASH,4425,S,CICERO AVE,815,,,,,,,1,NO INDICATION OF INJURY,0,0,0,0,0,2,0,4,7,3,41.81232892,-87.74313773,POINT (-87.743137730266 41.81232891911)
47e19692e1e85943ca612056470f6b9a227e1a79302dc6137fba64a2ccc3619e523f84f20849aabaf0ff79ed5f18f29e3778908546d4067246fc8a6c77f49974,JC478878,,10/19/2019 18:10,30,NO CONTROLS,NO CONTROLS,CLEAR,"DARKNESS, LIGHTED ROAD",SIDESWIPE SAME DIRECTION,DIVIDED - W/MEDIAN BARRIER,,STRAIGHT AND LEVEL,DRY,NO DEFECTS,,NO INJURY / DRIVE AWAY,,,,"$501 - $1,500",10/19/2019 18:37,IMPROPER LANE USAGE,NOT APPLICABLE,200,S,MICHIGAN AVE,113,,,,,,,2,NO INDICATION OF INJURY,0,0,0,0,0,2,0,18,7,10,41.87948933,-87.62449813,POINT (-87.624498124934 41.879489328698)
47ed5dcda1e9cec54c766f71e69ea4080f68c3b33301a3fe29c3b7f42c3fb2ca75f27695f3692f661dcf7215ef7c7dbeda81508b3270af00addc66f7a798ef9b,JG315707,,6/25/2023 15:50,30,NO CONTROLS,NO CONTROLS,CLEAR,DAYLIGHT,REAR END,NOT DIVIDED,,STRAIGHT AND LEVEL,DRY,NO DEFECTS,,NO INJURY / DRIVE AWAY,,,,"OVER $1,500",6/25/2023 18:15,UNABLE TO DETERMINE,NOT APPLICABLE,1439,S,CANAL ST,124,,,,,,,2,NO INDICATION OF INJURY,0,0,0,0,0,2,0,15,1,6,41.86253034,-87.63894891,POINT (-87.638948912274 41.862530339073)
485efe6afca05a7927857f5330f0517fee08904bfa6a3e3a992770571b037fc717686e037fbe3f7be806bf55c596c1737e287b57369c7ae221b751a45721d22d,JD255710,,6/6/2020 12:15,25,STOP SIGN/FLASHER,FUNCTIONING PROPERLY,CLEAR,DAYLIGHT,ANGLE,FOUR WAY,,STRAIGHT AND LEVEL,DRY,NO DEFECTS,,NO INJURY / DRIVE AWAY,Y,,,"OVER $1,500",6/6/2020 13:40,FAILING TO YIELD RIGHT-OF-WAY,FAILING TO YIELD RIGHT-OF-WAY,5133,N,CLARK ST,2033,,,,,,,5,NO INDICATION OF INJURY,0,0,0,0,0,5,0,12,7,6,41.97533201,-87.66817526,POINT (-87.668175258347 41.975332004924)