CRASH_RECORD_ID,RD_NO,CRASH_DATE_EST_I,CRASH_DATE,POSTED_SPEED_LIMIT,TRAFFIC_CONTROL_DEVICE,DEVICE_CONDITION,WEATHER_CONDITION,LIGHTING_CONDITION,FIRST_CRASH_TYPE,TRAFFICWAY_TYPE,LANE_CNT,ALIGNMENT,ROADWAY_SURFACE_COND,ROAD_DEFECT,REPORT_TYPE,CRASH_TYPE,INTERSECTION_RELATED_I,NOT_RIGHT_OF_WAY_I,HIT_AND_RUN_I,DAMAGE,DATE_POLICE_NOTIFIED,PRIM_CONTRIBUTORY_CAUSE,SEC_CONTRIBUTORY_CAUSE,STREET_NO,STREET_DIRECTION,STREET_NAME,BEAT_OF_OCCURRENCE,PHOTOS_TAKEN_I,STATEMENTS_TAKEN_I,DOORING_I,WORK_ZONE_I,WORK_ZONE_TYPE,WORKERS_PRESENT_I,NUM_UNITS,MOST_SEVERE_INJURY,INJURIES_TOTAL,INJURIES_FATAL,INJURIES_INCAPACITATING,INJURIES_NON_INCAPACITATING,INJURIES_REPORTED_NOT_EVIDENT,INJURIES_NO_INDICATION,INJURIES_UNKNOWN,CRASH_HOUR,CRASH_DAY_OF_WEEK,CRASH_MONTH,LATITUDE,LONGITUDE,LOCATION
4864329031066dbf95cc8950ffcee220de386c5f95ba3b973109f4093d97dd7f04a8c480ad666541bc5f57b56845611f03ca50f37b3d297ad552d629f9c2136c,JC493087,Y,10/31/2019 8:30,30,TRAFFIC SIGNAL,FUNCTIONING PROPERLY,SNOW,DAYLIGHT,REAR END,DIVIDED - W/MEDIAN (NOT RAISED),,STRAIGHT AND LEVEL,WET,NO DEFECTS,,NO INJURY / DRIVE AWAY,,,Y,"OVER $1,500",10/31/2019 10:45,UNABLE TO DETERMINE,UNABLE TO DETERMINE,1300,N,LAKE SHORE DR,1824,,,,,,,2,NO INDICATION OF INJURY,0,0,0,0,0,2,0,8,5,10,41.905886,-87.62545055,POINT (-87.625450552949 41.905886002753)
488e099fc5870ef7906ebf2eeebec0fb8f345c457ef843f11ca7d47d51e5a4da1a79ccc7683c094420a469c32ce470e6d195536217f838c2d32a3425a0348e01,JD112057,Y,1/11/2020 23:00,30,NO CONTROLS,NO CONTROLS,CLEAR,"DARKNESS, LIGHTED ROAD",PARKED MOTOR VEHICLE,ONE-WAY,,STRAIGHT AND LEVEL,DRY,NO DEFECTS,,NO INJURY / DRIVE AWAY,,,Y,"OVER $1,500",1/12/2020 11:00,UNABLE TO DETERMINE,UNABLE TO DETERMINE,1105,N,LECLAIRE AVE,1531,,,,,,,2,NO INDICATION OF INJURY,0,0,0,0,0,1,0,23,7,1,41.90064999,-87.75314006,POINT (-87.75314005799 41.900649984735)
48aed5a9d715c938576be20b9133baad4e3ec0cc3d2661b16921c46bffe53064dc542f34834211a877671e483ebca148cab90583e3a460fedc96024e8e907272,JG329029,,6/27/2023 17:15,40,NO CONTROLS,NO CONTROLS,CLEAR,DAYLIGHT,REAR END,DIVIDED - W/MEDIAN BARRIER,,STRAIGHT AND LEVEL,DRY,NO DEFECTS,,INJURY AND / OR TOW DUE TO CRASH,,,,"OVER $1,500",7/5/2023 17:20,FAILING TO REDUCE SPEED TO AVOID CRASH,NOT APPLICABLE,120,S,LAKE SHORE DR SB,114,,,,,,,2,NO INDICATION OF INJURY,0,0,0,0,0,3,0,17,3,6,41.88039529,-87.61763393,POINT (-87.617633926328 41.880395287076)
48b985c413389ffbfd215a3da8997e70046d5b9d721e01b5d2d03bdc23dbb535f684193d5303725e76dfa29a20cb781b83996221753aa31a0eb5178d66d48976,JC495126,,11/1/2019 20:00,30,NO CONTROLS,NO CONTROLS,CLOUDY/OVERCAST,"DARKNESS, LIGHTED ROAD",SIDESWIPE SAME DIRECTION,NOT DIVIDED,,STRAIGHT AND LEVEL,WET,NO DEFECTS,,NO INJURY / DRIVE AWAY,,,Y,"$501 - $1,500",11/1/2019 20:19,IMPROPER OVERTAKING/PASSING,NOT APPLICABLE,5800,W,BELMONT AVE,1633,,,,,,,2,NO INDICATION OF INJURY,0,0,0,0,0,2,0,20,6,11,41.93861993,-87.77142033,POINT (-87.771420331278 41.938619928748)
493415b03013815bbffc7c1bbe0a99af8c58c2ec81cebfb9d22702c7ca83abcde22787a61bfd8fc4e0eedd4bc18afde1a08c768328038b379839e9dc0ad9edb8,JD240798,Y,5/23/2020 20:56,30,OTHER,NO CONTROLS,RAIN,"DARKNESS, LIGHTED ROAD",PEDESTRIAN,NOT DIVIDED,,STRAIGHT AND LEVEL,WET,UNKNOWN,,INJURY AND / OR TOW DUE TO CRASH,,,N,"$501 - $1,500",5/23/2020 20:57,WEATHER,UNABLE TO DETERMINE,3851,W,CHICAGO AVE,1112,,,,,,,2,FATAL,1,1,0,0,0,2,0,20,7,5,41.89528311,-87.72323448,POINT (-87.723234484242 41.895283111599)
494321de68a90621c5cae9cfc2cf0876a99fd60a3415ed6e9dd32adc99b9461fcb4b4a2a277727b4c184eb3c621c2c6c5cb07167d55bbfd732e7e709a8e10d33,JD186424,,3/15/2020 11:13,25,TRAFFIC SIGNAL,UNKNOWN,CLEAR,DAYLIGHT,SIDESWIPE SAME DIRECTION,NOT DIVIDED,,STRAIGHT AND LEVEL,DRY,UNKNOWN,,INJURY AND / OR TOW DUE TO CRASH,Y,,,"$501 - $1,500",3/15/2020 11:13,NOT APPLICABLE,NOT APPLICABLE,1,S,AUSTIN BLVD,1513,,,,,,,3,INCAPACITATING INJURY,1,0,1,0,0,5,0,11,1,3,41.88003314,-87.7745071,POINT (-87.774507097482 41.88003314198)
498aca56fdb31f032e3388ebb74dc10817a9afe86a47fa0466c46ea580a2bc19184eead7783d6c83b14ab3f65849996d833ee6e86196bee2a159d30f327742e0,JC506589,,11/10/2019 15:30,30,NO CONTROLS,NO CONTROLS,CLEAR,DAYLIGHT,PEDALCYCLIST,NOT DIVIDED,,STRAIGHT AND LEVEL,DRY,NO DEFECTS,,NO INJURY / DRIVE AWAY,,,Y,"$501 - $1,500",11/11/2019 14:20,UNABLE TO DETERMINE,UNABLE TO DETERMINE,900,W,ARMITAGE AVE,1812,,,,,,,2,NO INDICATION OF INJURY,0,0,0,0,0,2,0,15,1,11,41.91825205,-87.65100157,POINT (-87.65100156848 41.918252049629)
49c1e6176dc5f9eb893ca871ddf95a2557a56fc96e33ff291cf3bef7196f7f5b6b1755c3de552983f3b6f1956c61707fedb6d1ae5642116570c6c063f176088b,JC402919,,8/22/2019 16:30,30,NO CONTROLS,NO CONTROLS,CLEAR,DAYLIGHT,ANGLE,ONE-WAY,,STRAIGHT AND LEVEL,DRY,UNKNOWN,,INJURY AND / OR TOW DUE TO CRASH,,,,"OVER $1,500",8/22/2019 16:45,FAILING TO YIELD RIGHT-OF-WAY,UNABLE TO DETERMINE,2600,W,ARTHUR AVE,2412,,,,,,,2,"REPORTED, NOT EVIDENT",1,0,0,0,1,3,0,16,5,8,41.99957497,-87.6948725,POINT (-87.694872497542 41.999574965764)
49cc21252080d3ca6fc44a752188daf4f8c13fb6a50790678071bde9489f5ac0808fbbc7ace923f87e7202c8d8af31aead2f0fa6a23d2160790e2043b1538431,JC506684,,11/11/2019 15:00,35,NO CONTROLS,NO CONTROLS,CLEAR,DAYLIGHT,REAR END,DIVIDED - W/MEDIAN BARRIER,,STRAIGHT AND LEVEL,WET,NO DEFECTS,,INJURY AND / OR TOW DUE TO CRASH,Y,,,"OVER $1,500",11/11/2019 15:15,UNABLE TO DETERMINE,NOT APPLICABLE,9209,S,STONY ISLAND AVE,413,,,,,,,3,"REPORTED, NOT EVIDENT",1,0,0,0,1,4,0,15,2,11,41.72750529,-87.58487022,POINT (-87.584870217324 41.727505287253)
4a12dc865522790274308e3a9bd830eb85f4cf5e1701abb07dc5ec14bd377d34bb0a7362b53affcb77a4abf18bb75cf3a8cc2aca78ef1de74fc75bb130c493af,JD136983,,2/2/2020 1:25,30,TRAFFIC SIGNAL,FUNCTIONING PROPERLY,CLEAR,"DARKNESS, LIGHTED ROAD",TURNING,NOT DIVIDED,,STRAIGHT ON GRADE,DRY,UNKNOWN,,INJURY AND / OR TOW DUE TO CRASH,Y,,,"$501 - $1,500",2/2/2020 1:48,UNABLE TO DETERMINE,NOT APPLICABLE,4000,N,MARINE DR,1915,,,,,,,2,NONINCAPACITATING INJURY,1,0,0,1,0,3,0,1,1,2,41.95466725,-87.64541063,POINT (-87.645410625151 41.954667251623)
4a39a33bb2374ebb181950cb8d9534f4958c8b56cfb8dfc05da9db67dfefa2a0d5afc0e74919a8f4d67ad44719a8353d5bd939a7b9e0cdd0712d3b3353ed1a64,JG279008,,5/28/2023 22:45,30,TRAFFIC SIGNAL,FUNCTIONING PROPERLY,CLEAR,UNKNOWN,PEDALCYCLIST,T-INTERSECTION,,STRAIGHT AND LEVEL,UNKNOWN,UNKNOWN,,INJURY AND / OR TOW DUE TO CRASH,,,,"OVER $1,500",5/28/2023 23:00,"OPERATING VEHICLE IN ERRATIC, RECKLESS, CARELESS, NEGLIGENT OR AGGRESSIVE MANNER",NOT APPLICABLE,790,S,STATE ST,123,,,Y,,,,2,"REPORTED, NOT EVIDENT",1,0,0,0,1,3,0,22,1,5,41.87182908,-87.62767329,POINT (-87.627673292175 41.871829081642)
4ace143cc9abf8a0f6df96fddbcaec86f373ebfb7638a4d202f935a49da515c13cdc2c6c0fdcfc4f60bec59d64dc90362ff92dc50e2757909e68beb9efbaa321,JD140050,,2/4/2020 2:53,30,NO CONTROLS,NO CONTROLS,CLEAR,"DARKNESS, LIGHTED ROAD",PARKED MOTOR VEHICLE,NOT DIVIDED,,STRAIGHT AND LEVEL,DRY,NO DEFECTS,,NO INJURY / DRIVE AWAY,,,Y,"OVER $1,500",2/4/2020 17:24,IMPROPER BACKING,NOT APPLICABLE,1451,W,18TH ST,1233,,,,,,,2,NO INDICATION OF INJURY,0,0,0,0,0,2,0,2,3,2,41.85773127,-87.66335578,POINT (-87.663355776313 41.857731273364)
4af1632bfb1ad96be09499d1cb8808d8adf934b37e26e13cd92a4471fb37abbf3fe86cbe7e1f4538247d549df59243315584097389d26e03244dce30ffb43045,JC456253,,10/1/2019 18:50,30,OTHER,OTHER,CLEAR,"DARKNESS, LIGHTED ROAD",PEDALCYCLIST,NOT DIVIDED,,STRAIGHT AND LEVEL,DRY,OTHER,,INJURY AND / OR TOW DUE TO CRASH,,,Y,"OVER $1,500",10/1/2019 18:56,NOT APPLICABLE,NOT APPLICABLE,4527,W,IRVING PARK RD,1731,,,,,,,2,INCAPACITATING INJURY,1,0,1,0,0,1,0,18,3,10,41.95337467,-87.74162083,POINT (-87.741620830753 41.953374669656)
4b11590de1b8f963435e1cf279eb9caffcacef5e7906f7ff426d95a9a65242c5d189a81c152808331e1650b28bec127f449aaae418813f871ed71ca04a8ff524,JC488895,,10/26/2019 22:30,30,TRAFFIC SIGNAL,FUNCTIONING PROPERLY,UNKNOWN,"DARKNESS, LIGHTED ROAD",REAR END,UNKNOWN,,STRAIGHT AND LEVEL,UNKNOWN,UNKNOWN,,INJURY AND / OR TOW DUE TO CRASH,,,,"OVER $1,500",10/27/2019 21:30,UNABLE TO DETERMINE,UNABLE TO DETERMINE,8700,S,STONY ISLAND AVE,412,,,,,,,2,NONINCAPACITATING INJURY,1,0,0,1,0,2,0,22,7,10,41.73682263,-87.58578342,POINT (-87.585783420329 41.736822630157)
4b1ddc701441ee9d83ffab2ec6553a047de2603c0d9b437be51d4648332ca01077bc71d8c6fb61352b64d1d18fe90e293022f9da9543ea2cc0bc5d1fb21a6431,JC465841,,10/9/2019 10:16,35,UNKNOWN,UNKNOWN,CLEAR,DAYLIGHT,TURNING,NOT DIVIDED,,STRAIGHT AND LEVEL,DRY,NO DEFECTS,,NO INJURY / DRIVE AWAY,,,,$500 OR LESS,10/9/2019 10:16,UNABLE TO DETERMINE,NOT APPLICABLE,7825,S,STONY ISLAND AVE,411,,,,,,,2,NO INDICATION OF INJURY,0,0,0,0,0,2,0,10,4,10,41.75253191,-87.58533779,POINT (-87.585337792522 41.75253191013)
4b33f81df7ed08a722fee262690e43f977fb63dbca42a50f842aa496b5531143d7602234ba8c160fc1312c2e0d76e28935471944aac9db34f32a13ec206c18c6,JD144842,,2/7/2020 17:00,30,TRAFFIC SIGNAL,FUNCTIONING PROPERLY,CLEAR,"DARKNESS, LIGHTED ROAD",REAR END,NOT DIVIDED,,STRAIGHT AND LEVEL,DRY,NO DEFECTS,,NO INJURY / DRIVE AWAY,,,Y,"$501 - $1,500",2/8/2020 16:45,UNABLE TO DETERMINE,UNABLE TO DETERMINE,11200,S,COTTAGE GROVE AVE,531,,,,,,,2,NO INDICATION OF INJURY,0,0,0,0,0,2,0,17,6,2,41.69088803,-87.61042789,POINT (-87.610427884559 41.690888026398)
4bb8e9a2e2a22f8708a5b258cd051899f22b04e77c41470323b215fd7f759abb52144746df8eb5e37086c0dfd1a54272382553e6cbef667eaf00004a46655ca4,JC442078,,9/20/2019 23:52,35,TRAFFIC SIGNAL,FUNCTIONING PROPERLY,CLEAR,"DARKNESS, LIGHTED ROAD",ANGLE,UNKNOWN INTERSECTION TYPE,,STRAIGHT AND LEVEL,DRY,NO DEFECTS,,INJURY AND / OR TOW DUE TO CRASH,Y,Y,,"OVER $1,500",9/20/2019 23:53,DISREGARDING TRAFFIC SIGNALS,NOT APPLICABLE,33,N,KEDZIE AVE,1222,,,,,,,2,NONINCAPACITATING INJURY,2,0,0,2,0,0,0,23,6,9,41.88193017,-87.70600284,POINT (-87.706002839291 41.881930171648)
4bc4444b6be82481a82177eb200822e11e5f02c15a42a91c1835ec9d6d67b365cb1104ff117953192c67a7c9259877ad5d62d7cbe7a064e358ac6f5e0122f932,JD179892,,3/9/2020 17:30,30,TRAFFIC SIGNAL,FUNCTIONING PROPERLY,RAIN,DAYLIGHT,SIDESWIPE SAME DIRECTION,ONE-WAY,,STRAIGHT AND LEVEL,WET,NO DEFECTS,,NO INJURY / DRIVE AWAY,,,N,"$501 - $1,500",3/9/2020 17:55,UNABLE TO DETERMINE,UNABLE TO DETERMINE,430,N,DEARBORN ST,1831,,,,,,,2,NO INDICATION OF INJURY,0,0,0,0,0,2,0,17,2,3,41.89007658,-87.62975524,POINT (-87.629755236332 41.890076583349)
4bd21846c98780f93f9025765a68dc612cb33af0f581961a9c8ae2ed2a2f734343412831814a4881c21cbd437fb4f2e0fc81c3f4c1f02a1687f63465da266c85,JG264113,,5/17/2023 12:58,30,NO CONTROLS,NO CONTROLS,CLEAR,DAYLIGHT,TURNING,NOT DIVIDED,,STRAIGHT AND LEVEL,DRY,NO DEFECTS,,INJURY AND / OR TOW DUE TO CRASH,,,Y,"OVER $1,500",5/17/2023 13:34,IMPROPER TURNING/NO SIGNAL,DRIVING SKILLS/KNOWLEDGE/EXPERIENCE,3332,W,NORTH AVE,1422,,,,,,,2,NONINCAPACITATING INJURY,1,0,0,1,0,1,0,12,4,5,41.9101774,-87.71059134,POINT (-87.710591343905 41.910177399962)
4cbc6c64a369200826e811be4551c412aad4a38bd2e6b73c17dabffbe0763f5485bcba357223e4d9a67cbca5402d655813d57c3f2b8b18ead4e383b1a5a137da,JC564678,,12/29/2019 22:04,35,STOP SIGN/FLASHER,FUNCTIONING PROPERLY,RAIN,"DARKNESS, LIGHTED ROAD",TURNING,FOUR WAY,,STRAIGHT AND LEVEL,WET,NO DEFECTS,,NO INJURY / DRIVE AWAY,Y,,,"$501 - $1,500",12/29/2019 22:04,FAILING TO YIELD RIGHT-OF-WAY,WEATHER,2900,N,KEDZIE AVE,1412,,,,,,,2,NO INDICATION OF INJURY,0,0,0,0,0,2,0,22,1,12,41.93396484,-87.70762536,POINT (-87.707625360329 41.933964834764)
4ccebc4bb824e3e8ffb0c6f075671c616fd533c40ba309c8a0d17a2e02496748f33e1fb44764471f7cec6929db704170a958d934e93332584943e5754de16f6f,JC459695,,10/4/2019 11:55,35,TRAFFIC SIGNAL,FUNCTIONING PROPERLY,CLOUDY/OVERCAST,DAWN,REAR END,CENTER TURN LANE,,STRAIGHT AND LEVEL,DRY,NO DEFECTS,,NO INJURY / DRIVE AWAY,,,,"OVER $1,500",10/4/2019 11:55,UNABLE TO DETERMINE,UNABLE TO DETERMINE,7974,S,SOUTH CHICAGO AVE,414,,,,,,,2,NO INDICATION OF INJURY,0,0,0,0,0,2,0,11,6,10,41.74975554,-87.58337102,POINT (-87.583371016797 41.749755544425)
4cdd19f07bdc04a326ac13558856f355495e437cf232e2f3d69f843496946b2a4240a494473a0d1f4573a503f3c372bb403881a605a4bf9ddd99278c77ebac96,JC503613,,11/8/2019 18:50,30,TRAFFIC SIGNAL,UNKNOWN,CLEAR,"DARKNESS, LIGHTED ROAD",SIDESWIPE SAME DIRECTION,DIVIDED - W/MEDIAN (NOT RAISED),,STRAIGHT AND LEVEL,DRY,NO DEFECTS,,NO INJURY / DRIVE AWAY,,,,"OVER $1,500",11/8/2019 18:54,IMPROPER OVERTAKING/PASSING,IMPROPER OVERTAKING/PASSING,601,S,AUSTIN BLVD,1513,,,,,,,2,NO INDICATION OF INJURY,0,0,0,0,0,3,0,18,6,11,41.87269822,-87.7742592,POINT (-87.774259199052 41.872698222768)
4d1fa091ab6e68deb33d92d260cec7406f861ea7a74190ea8e213d44864f654cc8307a0ecca91d02c68554aeae0f539c3e86f4f77f7f3de217fb7ab4ab43563d,JD242490,,5/25/2020 15:22,30,NO CONTROLS,NO CONTROLS,CLEAR,DAYLIGHT,SIDESWIPE SAME DIRECTION,ONE-WAY,,STRAIGHT AND LEVEL,DRY,NO DEFECTS,,INJURY AND / OR TOW DUE TO CRASH,,,,"$501 - $1,500",5/25/2020 15:22,DRIVING SKILLS/KNOWLEDGE/EXPERIENCE,FAILING TO YIELD RIGHT-OF-WAY,5650,W,FULTON ST,1512,,,,,,,2,NO INDICATION OF INJURY,0,0,0,0,0,2,0,15,2,5,41.88579706,-87.76703515,POINT (-87.767035151176 41.885797060947)
4d21a2134dd511a854bf5ae612f9165d92e780986c36553a3bcd911a36e2d0e4e117c10010eeb81f2c67d25ed30762697995f895114a5c4485712390d12b2b65,JD209714,,4/15/2020 16:58,20,NO CONTROLS,NO CONTROLS,CLEAR,DAYLIGHT,PARKED MOTOR VEHICLE,ONE-WAY,,STRAIGHT AND LEVEL,DRY,NO DEFECTS,,INJURY AND / OR TOW DUE TO CRASH,,,,"OVER $1,500",4/15/2020 17:10,NOT APPLICABLE,NOT APPLICABLE,830,N,LAMON AVE,1531,,,,,,,3,INCAPACITATING INJURY,1,0,1,0,0,3,0,16,4,4,41.89588291,-87.74842535,POINT (-87.748425348764 41.895882907623)
4d2f3bfb915866b9404420aa4985e76772009118aed1a5ae664df250c11ebaaf80ac8a7948598eda8d6112af5667b9ac092e87169bfa3d4f22228a81bef2cb0e,JC351565,,7/16/2019 16:25,20,NO CONTROLS,NO CONTROLS,CLEAR,DAYLIGHT,PARKED MOTOR VEHICLE,NOT DIVIDED,,STRAIGHT AND LEVEL,DRY,NO DEFECTS,,NO INJURY / DRIVE AWAY,,,Y,"OVER $1,500",7/16/2019 16:27,"OPERATING VEHICLE IN ERRATIC, RECKLESS, CARELESS, NEGLIGENT OR AGGRESSIVE MANNER",NOT APPLICABLE,4018,W,PALMER ST,2525,,,,,,,2,NO INDICATION OF INJURY,0,0,0,0,0,1,0,16,3,7,41.92092515,-87.72748664,POINT (-87.72748663826 41.92092514936)
4d52aa36e5fd9f0744232951841b1331a4fcc99a374bf64cbd3ab45ef540f903b1dc328852d05a8b3dd5e95ae9788770417f09b212567e9c73f7d01db812bbeb,JG282737,,5/19/2023 15:30,25,NO CONTROLS,NO CONTROLS,CLEAR,DAYLIGHT,PEDESTRIAN,FOUR WAY,,STRAIGHT AND LEVEL,DRY,NO DEFECTS,,INJURY AND / OR TOW DUE TO CRASH,,,,"$501 - $1,500",5/31/2023 18:00,DISREGARDING STOP SIGN,UNABLE TO DETERMINE,2554,N,KILBOURN AVE,2521,,,,,,,2,NONINCAPACITATING INJURY,1,0,0,1,0,1,0,15,6,5,41.92801833,-87.7392684,POINT (-87.739268402531 41.928018330146)
4d6db21cf69b399878252b616ee367812992c8398ca3d033ec2190b0bca2e8d163edaee10184fdf0291220b7cac0aef64b8ff262bd92866aeb3eef44ded32fcd,JD175375,,3/5/2020 16:45,20,UNKNOWN,UNKNOWN,CLEAR,DAYLIGHT,SIDESWIPE SAME DIRECTION,NOT DIVIDED,,STRAIGHT AND LEVEL,DRY,UNKNOWN,,INJURY AND / OR TOW DUE TO CRASH,,,Y,"$501 - $1,500",3/5/2020 17:44,IMPROPER OVERTAKING/PASSING,IMPROPER OVERTAKING/PASSING,9500,S,EGGLESTON AVE,2223,Y,Y,,,,,2,NONINCAPACITATING INJURY,3,0,0,3,0,1,0,16,5,3,41.72153995,-87.63411079,POINT (-87.634110789336 41.721539945413)
4d832b8569aec40376630d570525251c86d4f43f1476dfc2051d95e689627e4485f03647da5639601b64f7edf4111de76964f8045ea63c5f64b16b002a142a43,JD195670,,3/26/2020 17:23,30,NO CONTROLS,NO CONTROLS,CLEAR,DAYLIGHT,REAR END,OTHER,,STRAIGHT AND LEVEL,DRY,NO DEFECTS,,NO INJURY / DRIVE AWAY,,,,"$501 - $1,500",3/26/2020 17:23,FOLLOWING TOO CLOSELY,NOT APPLICABLE,757,N,CENTRAL AVE,1524,,,,,,,2,NO INDICATION OF INJURY,0,0,0,0,0,3,0,17,5,3,41.89464429,-87.76524119,POINT (-87.765241185993 41.894644288075)
4eafc6ed294eefd63cb02b0b18744ee29ecbc50a52919af773f9c7006fd3ca1de6847ef9b02e583cd003174ff056f1f173e6c04b9a3bedc077b906144df3f347,JC537936,,12/7/2019 10:00,30,NO CONTROLS,NO CONTROLS,CLOUDY/OVERCAST,DAYLIGHT,TURNING,NOT DIVIDED,,STRAIGHT AND LEVEL,DRY,NO DEFECTS,,NO INJURY / DRIVE AWAY,,,,"OVER $1,500",12/7/2019 10:48,UNABLE TO DETERMINE,UNABLE TO DETERMINE,2348,W,WARREN BLVD,1223,,,,,,,2,NO INDICATION OF INJURY,0,0,0,0,0,2,0,10,7,12,41.882198,-87.68595287,POINT (-87.685952869082 41.882197997629)
4ec7ab0f083ab0adcc379b5e2812f9d308ab04261379888812081cc795a0cc0c13df897bf95f73426c14e95b0c6dbb54926f62f53aea8624e14ce283af64e95d,JC452701,,9/29/2019 4:42,30,TRAFFIC SIGNAL,FUNCTIONING PROPERLY,RAIN,"DARKNESS, LIGHTED ROAD",PEDESTRIAN,FOUR WAY,,STRAIGHT AND LEVEL,WET,NO DEFECTS,,INJURY AND / OR TOW DUE TO CRASH,,,Y,"OVER $1,500",9/29/2019 4:42,UNABLE TO DETERMINE,NOT APPLICABLE,40,W,ILLINOIS ST,1831,,,,,,,2,INCAPACITATING INJURY,1,0,1,0,0,1,0,4,1,9,41.89094466,-87.62955405,POINT (-87.629554048003 41.890944656709)
4ecddcb843f16bcef4be4967f8e214a56d78bb640106a7bf8ea7b36c05830e7fd092ae558fd42206cd4a2359d7dddea091c804d5a590732fd1ffd4ba009803ea,JC460114,,10/4/2019 16:30,30,NO CONTROLS,NO CONTROLS,CLEAR,DAYLIGHT,REAR END,NOT DIVIDED,,STRAIGHT AND LEVEL,DRY,NO DEFECTS,,INJURY AND / OR TOW DUE TO CRASH,,,Y,"OVER $1,500",10/4/2019 16:40,FOLLOWING TOO CLOSELY,NOT APPLICABLE,3201,N,LAKE SHORE DR,1925,,,,,,,2,INCAPACITATING INJURY,2,0,1,0,1,2,0,16,6,10,41.94107221,-87.63917227,POINT (-87.639172267489 41.941072209335)
4f0e2be755bf78e5c6a35f44190e00992dbe2b6689794a4faf2b5c3a6cd4b7908e6135bcb4c4f6c0497eca5849f56b75476035b90a4a8a275ea0ee81f89d9e41,JG281710,,5/31/2023 1:50,30,UNKNOWN,UNKNOWN,CLEAR,"DARKNESS, LIGHTED ROAD",PARKED MOTOR VEHICLE,NOT DIVIDED,,STRAIGHT AND LEVEL,DRY,UNKNOWN,,INJURY AND / OR TOW DUE TO CRASH,,,,"OVER $1,500",5/31/2023 1:50,UNABLE TO DETERMINE,UNABLE TO DETERMINE,13000,S,EVANS AVE,533,,,,,,,2,NO INDICATION OF INJURY,0,0,0,0,0,2,0,1,4,5,41.65912962,-87.6035523,POINT (-87.603552300143 41.659129623085)
4f61504ab4e304ae3f539284067b2f545eb1cabb000f556ee5f585725f340ec55f961b2ac1312fa468310f5afe2a9de299a4fe36538b590a132aa3ba4112a0cd,JG316310,N,6/26/2023 6:30,15,NO CONTROLS,NO CONTROLS,UNKNOWN,UNKNOWN,PARKED MOTOR VEHICLE,ONE-WAY,,STRAIGHT AND LEVEL,UNKNOWN,NO DEFECTS,,NO INJURY / DRIVE AWAY,,,Y,"OVER $1,500",6/26/2023 7:22,UNABLE TO DETERMINE,UNABLE TO DETERMINE,3054,N,NATOMA AVE,2511,,,,,,,3,NO INDICATION OF INJURY,0,0,0,0,0,1,0,6,2,6,41.93619411,-87.79211709,POINT (-87.792117085673 41.936194107857)
500dd133c21edf74b5e58789dcc592271e172bfbcaca7ec9668047010828de7a93d875211eacb7926fb9fafcab33d052f8f579accd3123fc75fc43103e7abc1d,JG294805,,6/9/2023 18:30,30,TRAFFIC SIGNAL,FUNCTIONING PROPERLY,CLEAR,DAYLIGHT,TURNING,FOUR WAY,,STRAIGHT AND LEVEL,DRY,NO DEFECTS,,NO INJURY / DRIVE AWAY,Y,,,$500 OR LESS,6/9/2023 18:55,UNABLE TO DETERMINE,UNABLE TO DETERMINE,771,N,MILWAUKEE AVE,1214,,,,,,,2,NO INDICATION OF INJURY,0,0,0,0,0,2,0,18,6,6,41.89591575,-87.65468981,POINT (-87.654689811561 41.895915749684)
502504eb18849bb195c0a068635083960c7ada48d75318193904dc45a3025dcc646c19e34cc642f0296c316df3a53fdf9761e5031f457f1f460b9ce5e5221f35,JG303982,,6/16/2023 17:35,30,TRAFFIC SIGNAL,FUNCTIONING PROPERLY,CLEAR,DAYLIGHT,ANGLE,NOT DIVIDED,,STRAIGHT AND LEVEL,DRY,NO DEFECTS,,NO INJURY / DRIVE AWAY,Y,,,"OVER $1,500",6/16/2023 20:50,FAILING TO YIELD RIGHT-OF-WAY,NOT APPLICABLE,3549,N,MILWAUKEE AVE,1731,,,,,,,2,NO INDICATION OF INJURY,0,0,0,0,0,2,0,17,6,6,41.94527703,-87.73376397,POINT (-87.733763967988 41.945277026624)
502ee77c107ba37655fc9dd210e01792113698704762e4746378fffc2ab2637b5f2e68c7e93e2b2cc4bb687f1696e48f55fcbaa27f6b15a898a1f13762feab3e,JG331983,,7/7/2023 19:04,30,TRAFFIC SIGNAL,FUNCTIONING PROPERLY,CLEAR,DAYLIGHT,REAR END,DIVIDED - W/MEDIAN (NOT RAISED),,STRAIGHT AND LEVEL,DRY,UNKNOWN,,NO INJURY / DRIVE AWAY,,,,"$501 - $1,500",7/7/2023 20:20,DRIVING SKILLS/KNOWLEDGE/EXPERIENCE,DRIVING SKILLS/KNOWLEDGE/EXPERIENCE,1200,S,STATE ST,131,,,,,,,2,NO INDICATION OF INJURY,0,0,0,0,0,5,0,19,6,7,41.86733051,-87.62756602,POINT (-87.62756601972 41.867330510881)