CRASH_RECORD_ID,RD_NO,CRASH_DATE_EST_I,CRASH_DATE,POSTED_SPEED_LIMIT,TRAFFIC_CONTROL_DEVICE,DEVICE_CONDITION,WEATHER_CONDITION,LIGHTING_CONDITION,FIRST_CRASH_TYPE,TRAFFICWAY_TYPE,LANE_CNT,ALIGNMENT,ROADWAY_SURFACE_COND,ROAD_DEFECT,REPORT_TYPE,CRASH_TYPE,INTERSECTION_RELATED_I,NOT_RIGHT_OF_WAY_I,HIT_AND_RUN_I,DAMAGE,DATE_POLICE_NOTIFIED,PRIM_CONTRIBUTORY_CAUSE,SEC_CONTRIBUTORY_CAUSE,STREET_NO,STREET_DIRECTION,STREET_NAME,BEAT_OF_OCCURRENCE,PHOTOS_TAKEN_I,STATEMENTS_TAKEN_I,DOORING_I,WORK_ZONE_I,WORK_ZONE_TYPE,WORKERS_PRESENT_I,NUM_UNITS,MOST_SEVERE_INJURY,INJURIES_TOTAL,INJURIES_FATAL,INJURIES_INCAPACITATING,INJURIES_NON_INCAPACITATING,INJURIES_REPORTED_NOT_EVIDENT,INJURIES_NO_INDICATION,INJURIES_UNKNOWN,CRASH_HOUR,CRASH_DAY_OF_WEEK,CRASH_MONTH,LATITUDE,LONGITUDE,LOCATION
50446af2eff897c288d354b5f636f73ac9885183f6c0ff9cea4701cf64c110fd78b7c4233b8e565705059fad9392e654268688daf76d960b5e2c6d0c236534c2,JC416206,,9/1/2019 0:01,30,NO CONTROLS,NO CONTROLS,RAIN,"DARKNESS, LIGHTED ROAD",SIDESWIPE SAME DIRECTION,DIVIDED - W/MEDIAN (NOT RAISED),,STRAIGHT AND LEVEL,WET,NO DEFECTS,,NO INJURY / DRIVE AWAY,,,Y,$500 OR LESS,9/1/2019 0:05,"OPERATING VEHICLE IN ERRATIC, RECKLESS, CARELESS, NEGLIGENT OR AGGRESSIVE MANNER",NOT APPLICABLE,1228,E,53RD ST,234,,,,,,,2,NO INDICATION OF INJURY,0,0,0,0,0,2,0,0,1,9,41.79957783,-87.59543211,POINT (-87.595432109341 41.79957783365)
5060ca7cda34fcd7c38c133da63076f88241b2ef646f7116ead6371ce1dfdb94d005b17cd8e9204260149989046219624fbf04c7387483f6be08e2b482fbc9e8,JD186795,,3/15/2020 18:19,30,STOP SIGN/FLASHER,NO CONTROLS,CLEAR,DUSK,PARKED MOTOR VEHICLE,FOUR WAY,,STRAIGHT AND LEVEL,DRY,NO DEFECTS,,INJURY AND / OR TOW DUE TO CRASH,Y,,,"OVER $1,500",3/15/2020 18:19,UNABLE TO DETERMINE,NOT APPLICABLE,432,E,76TH ST,624,,,,,,,2,NONINCAPACITATING INJURY,1,0,0,1,0,0,0,18,1,3,41.75671573,-87.61378554,POINT (-87.613785543209 41.756715729689)
50a01128ce68196e7d64f91b221c6e41b390f77c15592236f32d0f88212daa38e70a334a0c35025cd4bc35a2ddf70a2778b7aa5d8df0512ba1a342bfed7f073d,JG332115,,7/7/2023 22:14,35,TRAFFIC SIGNAL,FUNCTIONING PROPERLY,CLEAR,DUSK,TURNING,PARKING LOT,,STRAIGHT AND LEVEL,DRY,NO DEFECTS,,INJURY AND / OR TOW DUE TO CRASH,,,,$500 OR LESS,7/7/2023 23:12,FAILING TO YIELD RIGHT-OF-WAY,FAILING TO YIELD RIGHT-OF-WAY,4410,N,CENTRAL AVE,1622,,,,,,,2,NONINCAPACITATING INJURY,1,0,0,1,0,2,0,22,6,7,41.96081963,-87.76740029,POINT (-87.767400285882 41.960819627345)
50a247d51471957c54aaaac87a644c878f4ed4ae804e1bde630943bf67318f8faf1e51b44141b1481ed1fc7a5d989162c1e5843e3bd96931a12057b3b8bed3d4,JD138705,,2/2/2020 18:54,20,NO CONTROLS,NO CONTROLS,UNKNOWN,UNKNOWN,PARKED MOTOR VEHICLE,ONE-WAY,,STRAIGHT AND LEVEL,UNKNOWN,UNKNOWN,,NO INJURY / DRIVE AWAY,,,Y,$500 OR LESS,2/3/2020 15:30,UNABLE TO DETERMINE,UNABLE TO DETERMINE,100,W,ILLINOIS ST,1831,,,,,,,2,NO INDICATION OF INJURY,0,0,0,0,0,3,0,18,1,2,41.89093247,-87.63118089,POINT (-87.631180891189 41.89093246868)
50a9a7146a03181260f084c18b05b592e77df5e376ff8a42780fb27e9aba50f7fc506a07007d513a58fe64276fb242a71b1224a49958dd9590586d1b4d598e05,JD170142,,3/1/2020 11:15,30,NO CONTROLS,NO CONTROLS,CLEAR,DAYLIGHT,SIDESWIPE SAME DIRECTION,DIVIDED - W/MEDIAN (NOT RAISED),,STRAIGHT AND LEVEL,DRY,NO DEFECTS,,NO INJURY / DRIVE AWAY,,,,"OVER $1,500",3/1/2020 11:24,IMPROPER OVERTAKING/PASSING,IMPROPER TURNING/NO SIGNAL,6177,S,ARCHER AVE,811,,,,,,,2,NO INDICATION OF INJURY,0,0,0,0,0,5,0,11,1,3,41.79390042,-87.77345088,POINT (-87.773450875906 41.793900417065)
50aaf1f598e5540e41de9ff41b8ef39ea0226106b64cb0467033d8b16e9408615e68633aa75738692d1f6b4d46cb9aace89b09a58802d0437c50a87bc0fc0905,JD127040,,1/24/2020 13:15,30,STOP SIGN/FLASHER,OTHER,SNOW,DAYLIGHT,ANGLE,NOT DIVIDED,,STRAIGHT AND LEVEL,WET,NO DEFECTS,,NO INJURY / DRIVE AWAY,Y,,,"OVER $1,500",1/24/2020 13:35,FAILING TO YIELD RIGHT-OF-WAY,UNABLE TO DETERMINE,1601,S,RACINE AVE,1235,,,,,,,2,NO INDICATION OF INJURY,0,0,0,0,0,2,0,13,6,1,41.85972239,-87.65633107,POINT (-87.656331066084 41.859722393934)
50bb7c3c1ab653a6a071f5dacd8027e7d4e25e28e80e31e92acb09d6c62a2f5d028cfca4c2e368820c7c5d50e458a3a11304707ffeb214bda205a48e2c380edd,JD172267,,3/3/2020 10:15,30,TRAFFIC SIGNAL,FUNCTIONING PROPERLY,CLEAR,DAYLIGHT,TURNING,T-INTERSECTION,,STRAIGHT AND LEVEL,DRY,NO DEFECTS,,NO INJURY / DRIVE AWAY,Y,,,"OVER $1,500",3/3/2020 10:20,IMPROPER OVERTAKING/PASSING,UNABLE TO DETERMINE,5900,S,INDIANA AVE,232,,,,,,,2,NO INDICATION OF INJURY,0,0,0,0,0,3,0,10,3,3,41.78735114,-87.62080271,POINT (-87.620802712403 41.787351140458)
5113990e275bb964317c4ea6bf5f621cc5942d9addfbfd70e37e100490dc9a097415688b44cb889b665ac37913b5ca7bf2a008da1b9db6b5c6356f020f693069,JC439997,,9/19/2019 13:45,30,TRAFFIC SIGNAL,FUNCTIONING PROPERLY,CLEAR,DAYLIGHT,PEDALCYCLIST,NOT DIVIDED,,STRAIGHT AND LEVEL,DRY,NO DEFECTS,,INJURY AND / OR TOW DUE TO CRASH,Y,,Y,$500 OR LESS,9/19/2019 16:13,FAILING TO YIELD RIGHT-OF-WAY,FAILING TO REDUCE SPEED TO AVOID CRASH,5159,W,BELMONT AVE,2521,,,,,,,2,NONINCAPACITATING INJURY,1,0,0,1,0,1,0,13,5,9,41.93859158,-87.75656533,POINT (-87.756565327708 41.938591577876)
512a7e7bbd04644577827f6aaec340e286c63336d6b400ea562377ad59d36eeadde45723141f3fe30ce5c9ba43079b13a7a634d10d121166238894ad2f4ad97d,JC530113,,11/30/2019 23:00,30,TRAFFIC SIGNAL,FUNCTIONING PROPERLY,RAIN,"DARKNESS, LIGHTED ROAD",ANGLE,FOUR WAY,,STRAIGHT AND LEVEL,WET,NO DEFECTS,,INJURY AND / OR TOW DUE TO CRASH,Y,,,"OVER $1,500",11/30/2019 23:00,WEATHER,DRIVING SKILLS/KNOWLEDGE/EXPERIENCE,4100,N,KEELER AVE,1722,,,,,,,2,NO INDICATION OF INJURY,0,0,0,0,0,2,0,23,7,11,41.95550586,-87.73267616,POINT (-87.73267616097 41.955505860589)
512d8b7560d271d33f3de1d7aa2890d6a41fb3bb5b6b194850a4f9abb00659cdbcb18d6026f45172cc9247f7bafcc278c9941800d1132c678a59fe1e75cc15b2,JD126611,,1/24/2020 7:09,30,TRAFFIC SIGNAL,FUNCTIONING PROPERLY,RAIN,DAYLIGHT,ANGLE,NOT DIVIDED,,STRAIGHT AND LEVEL,WET,NO DEFECTS,,INJURY AND / OR TOW DUE TO CRASH,Y,,,"OVER $1,500",1/24/2020 7:15,UNABLE TO DETERMINE,PHYSICAL CONDITION OF DRIVER,5700,N,SHERIDAN RD,2022,,,,,,,3,NONINCAPACITATING INJURY,2,0,0,1,1,2,0,7,6,1,41.9856411,-87.65538854,POINT (-87.655388544127 41.985641095429)
51482e30e7ab113156e4fddba3caffe366570f8453ab879c4bee93f90f713b4ef296a89537fd29cef8c19cfd3076b2e3dcd0588ec4930e75b203c6c98197e3a8,JG286570,,6/3/2023 11:48,45,NO CONTROLS,NO CONTROLS,CLEAR,DAYLIGHT,SIDESWIPE SAME DIRECTION,DIVIDED - W/MEDIAN BARRIER,,STRAIGHT AND LEVEL,DRY,UNKNOWN,,NO INJURY / DRIVE AWAY,,,N,"$501 - $1,500",6/3/2023 14:00,UNABLE TO DETERMINE,UNABLE TO DETERMINE,4700,N,LAKE SHORE DR NB,1914,,,,,,,2,NO INDICATION OF INJURY,0,0,0,0,0,2,0,11,7,6,41.96719647,-87.64783603,POINT (-87.647836029428 41.967196464914)
5168805f99cb1ba5ebf993d5ca11d5bf049d0581dcfadce8faa7e932c7e77e1e185573620cf831daaaa03bceb662a48b25e304c5855fb05369f9510051f43fc1,JC553666,,12/20/2019 8:30,30,OTHER,FUNCTIONING PROPERLY,CLEAR,DAYLIGHT,SIDESWIPE SAME DIRECTION,DIVIDED - W/MEDIAN (NOT RAISED),,STRAIGHT AND LEVEL,DRY,NO DEFECTS,,NO INJURY / DRIVE AWAY,,,Y,"OVER $1,500",12/20/2019 9:29,IMPROPER OVERTAKING/PASSING,IMPROPER OVERTAKING/PASSING,1,E,87TH ST,632,,,,,,,2,NO INDICATION OF INJURY,0,0,0,0,0,2,0,8,6,12,41.73619152,-87.62407807,POINT (-87.624078066975 41.736191517717)
516f6a4e40495323535be8c7c179e3b5acb3d73c1d3cd43288834537440d70c679a06221a2ff8b054232e3675e2bdb275ca6eb571ac2b25b2981b7a23ae02c19,JD241461,,5/24/2020 14:30,30,TRAFFIC SIGNAL,UNKNOWN,CLEAR,DAYLIGHT,PEDALCYCLIST,NOT DIVIDED,,STRAIGHT AND LEVEL,DRY,UNKNOWN,,INJURY AND / OR TOW DUE TO CRASH,,,Y,$500 OR LESS,5/24/2020 15:16,UNABLE TO DETERMINE,NOT APPLICABLE,1601,N,HALSTED ST,1813,,,,,,,2,NONINCAPACITATING INJURY,1,0,0,1,0,1,0,14,1,5,41.91094452,-87.64812519,POINT (-87.648125189303 41.910944515457)
51ce7e837a862e711f14c3532b0517447faca901be8ef4ec6d854f185d75ea9df4f8ab8b1ed36fbc41c32f6a6942a93b6d3da474563e12bec3e5aeee02ec60d6,JG274881,,5/25/2023 15:45,30,TRAFFIC SIGNAL,NO CONTROLS,CLEAR,DAYLIGHT,TURNING,NOT DIVIDED,,STRAIGHT AND LEVEL,UNKNOWN,UNKNOWN,,NO INJURY / DRIVE AWAY,,,,"OVER $1,500",5/25/2023 16:55,UNABLE TO DETERMINE,UNABLE TO DETERMINE,1600,N,CICERO AVE,2533,,,,,,,2,NO INDICATION OF INJURY,0,0,0,0,0,2,0,15,5,5,41.909672,-87.7462613,POINT (-87.74626130363 41.90967200151)
52120a0243ffce10d7aa22fad22f3083e863cdbab2dabd2a4da0cecd884ac6f3a1321c9157546efddeb25c59ccf57fcd5013109c8aa4e44988f33c2d5c724622,JC470570,,10/12/2019 21:35,30,TRAFFIC SIGNAL,FUNCTIONING PROPERLY,CLEAR,"DARKNESS, LIGHTED ROAD",TURNING,NOT DIVIDED,,STRAIGHT AND LEVEL,DRY,UNKNOWN,,INJURY AND / OR TOW DUE TO CRASH,Y,,,"OVER $1,500",10/12/2019 21:35,UNABLE TO DETERMINE,UNABLE TO DETERMINE,4800,W,PETERSON AVE,1621,,,,,,,3,NONINCAPACITATING INJURY,3,0,0,3,0,1,0,21,7,10,41.99000801,-87.74837695,POINT (-87.74837695119 41.990008007299)
5226b0b931d09303710b6674d8ec26274764550a5ec4f1581707c8c386ad6a5eb9d9851f34ecc12f42a654b57ffd071b4ee9d53dbfffade6f01ae93f49189d9d,JC542659,,12/11/2019 8:50,30,NO CONTROLS,NO CONTROLS,SNOW,DAYLIGHT,SIDESWIPE SAME DIRECTION,DIVIDED - W/MEDIAN (NOT RAISED),,STRAIGHT AND LEVEL,WET,NO DEFECTS,,NO INJURY / DRIVE AWAY,,,Y,"$501 - $1,500",12/11/2019 9:00,IMPROPER OVERTAKING/PASSING,UNABLE TO DETERMINE,7100,W,NORTH AVE,2513,,,,,,,2,NO INDICATION OF INJURY,0,0,0,0,0,2,0,8,4,12,41.90904382,-87.80220572,POINT (-87.802205717408 41.9090438157)
522e6b8ad3d3c2f4de0946dee06542edc0316f95e4388d1338ebe590e6aee3a4e4abee818ca1580ae9f52160ffebd962b39683aaaec659378596f7802c08b1c9,JE433713,,10/28/2021 17:30,30,TRAFFIC SIGNAL,FUNCTIONING PROPERLY,RAIN,DAYLIGHT,PEDESTRIAN,NOT DIVIDED,,STRAIGHT AND LEVEL,WET,NO DEFECTS,,INJURY AND / OR TOW DUE TO CRASH,Y,,,"OVER $1,500",11/4/2021 12:55,FAILING TO YIELD RIGHT-OF-WAY,WEATHER,600,S,STATE ST,123,,,,,,,2,NONINCAPACITATING INJURY,1,0,0,1,0,1,0,17,5,10,41.87454144,-87.62775779,POINT (-87.627757787189 41.874541438718)
52621492522fc965e444c3ef37e6ddb72824a428e56d4d61433dc97478fe6ed39d70f2c729ccbcaa0325c1e38d8591947414ad657955ef1fe34c628de6d7274b,JG270741,,5/22/2023 15:35,30,TRAFFIC SIGNAL,FUNCTIONING PROPERLY,CLEAR,DAYLIGHT,SIDESWIPE SAME DIRECTION,NOT DIVIDED,,STRAIGHT AND LEVEL,DRY,NO DEFECTS,,NO INJURY / DRIVE AWAY,,,,"OVER $1,500",5/22/2023 16:58,IMPROPER OVERTAKING/PASSING,IMPROPER OVERTAKING/PASSING,10300,S,WENTWORTH AVE,512,,,,,,,3,NO INDICATION OF INJURY,0,0,0,0,0,3,0,15,2,5,41.70702301,-87.62841572,POINT (-87.6284157193 41.707023014)
52ae608c33791f24366071aaeb3921c718fc37ebfc2623d3a13d7b02c73e71d952e5419677facc2c19747412b983b9e38d59ebe883ca5958a73deeb5742b8dff,HZ561512,,12/22/2016 14:45,30,NO CONTROLS,NO CONTROLS,CLEAR,DAYLIGHT,SIDESWIPE SAME DIRECTION,NOT DIVIDED,2,STRAIGHT AND LEVEL,DRY,NO DEFECTS,,NO INJURY / DRIVE AWAY,,,Y,"OVER $1,500",12/22/2016 16:07,UNABLE TO DETERMINE,UNABLE TO DETERMINE,8550,W,BRYN MAWR AVE,1614,,,,,,,2,NO INDICATION OF INJURY,0,0,0,0,0,2,0,14,5,12,41.98114396,-87.84108738,POINT (-87.841087374554 41.981143964083)
52b5aad2254a9e21041f34ea60bb2761a8b942ee30817ba619f46b42acf661d4e95a539b98de96c5054dea2c86c0a55d1c9c4a8b52e9e3770da0dd4849537482,JC376596,,8/3/2019 10:50,30,NO CONTROLS,NO CONTROLS,CLEAR,DAYLIGHT,REAR END,NOT DIVIDED,,STRAIGHT AND LEVEL,DRY,NO DEFECTS,,NO INJURY / DRIVE AWAY,,,Y,"OVER $1,500",8/3/2019 11:20,FOLLOWING TOO CLOSELY,IMPROPER OVERTAKING/PASSING,400,W,76TH ST,621,,,,,,,2,NO INDICATION OF INJURY,0,0,0,0,0,3,0,10,7,8,41.75636253,-87.63450382,POINT (-87.634503815514 41.756362527225)
52d2076d89cdfa94d0570fc549545c3a2514b41f33f0986f0e2c9b7887a6c344fc6b84c45f97ee28b8fd9f0efaf581a30b5414e812099d2cafc089b01a66823c,JD239670,,5/22/2020 16:40,30,NO CONTROLS,NO CONTROLS,CLEAR,DAYLIGHT,PARKED MOTOR VEHICLE,NOT DIVIDED,,STRAIGHT ON HILLCREST,DRY,NO DEFECTS,,INJURY AND / OR TOW DUE TO CRASH,,,,"OVER $1,500",5/22/2020 16:40,"OPERATING VEHICLE IN ERRATIC, RECKLESS, CARELESS, NEGLIGENT OR AGGRESSIVE MANNER",NOT APPLICABLE,6210,W,PALMER ST,2512,,Y,,,,,2,"REPORTED, NOT EVIDENT",1,0,0,0,1,0,0,16,6,5,41.9209767,-87.78099472,POINT (-87.780994719289 41.920976700162)
52fbac719ba4c4a3b5a1521e4154822cd15a10bcb49c6a022ee7cbea6573b69947b8fff6a72f2490f1d8b50e24cc0d37af38327d3fe78980b1b231771d8cead1,JD254315,,6/4/2020 12:45,30,NO CONTROLS,NO CONTROLS,CLEAR,DAYLIGHT,REAR TO FRONT,NOT DIVIDED,,STRAIGHT AND LEVEL,DRY,NO DEFECTS,,NO INJURY / DRIVE AWAY,,,Y,"OVER $1,500",6/5/2020 8:00,UNABLE TO DETERMINE,ANIMAL,5450,W,VAN BUREN ST,1522,,,,,,,2,NO INDICATION OF INJURY,0,0,0,0,0,2,0,12,5,6,41.87487853,-87.76144994,POINT (-87.761449939335 41.87487852715)
5323f519c165d7dbd49abc962cfda628aa0d29bcbb8ecb005245c9fdc35a71bdd3afce83ef1caeedc8b69ea5bb33af436867f0cce55814dff8e1ebe9fe91422a,JD191328,,3/20/2020 14:30,30,NO CONTROLS,NO CONTROLS,CLEAR,DAYLIGHT,PEDALCYCLIST,NOT DIVIDED,,STRAIGHT AND LEVEL,DRY,NO DEFECTS,,INJURY AND / OR TOW DUE TO CRASH,,,Y,"OVER $1,500",3/20/2020 14:55,UNABLE TO DETERMINE,UNABLE TO DETERMINE,4609,N,CLARENDON AVE,1914,,,,,,,2,NONINCAPACITATING INJURY,1,0,0,1,0,1,0,14,6,3,41.96578393,-87.64987789,POINT (-87.649877892579 41.965783929527)
532d337bfc8b30c648956be80f4fee10e028e916aa3b704a00d5f86387ad3c894e445d6b10db217fbc1ca716d3b085185082604995d3aec9287cdac27aaf1cba,JG298495,,6/12/2023 17:36,30,TRAFFIC SIGNAL,FUNCTIONING PROPERLY,CLEAR,DAYLIGHT,REAR END,DIVIDED - W/MEDIAN (NOT RAISED),,STRAIGHT AND LEVEL,DRY,NO DEFECTS,,NO INJURY / DRIVE AWAY,,,Y,"$501 - $1,500",6/12/2023 18:20,NOT APPLICABLE,NOT APPLICABLE,9220,S,SOUTH CHICAGO AVE,423,,,,,,,2,NO INDICATION OF INJURY,0,0,0,0,0,7,0,17,2,6,41.72769193,-87.55271686,POINT (-87.55271685802 41.727691925986)
533a3410d55507e15a0f711095961d395e02776295d9e6e1b12e22ecc2fde122243063c1fdb74a423f40dac2427597fdfdbe50a745640aeb9ad26b3bfe3e0018,JC562486,,12/27/2019 22:00,30,TRAFFIC SIGNAL,FUNCTIONING PROPERLY,CLEAR,"DARKNESS, LIGHTED ROAD",REAR END,DIVIDED - W/MEDIAN (NOT RAISED),,STRAIGHT AND LEVEL,DRY,NO DEFECTS,,INJURY AND / OR TOW DUE TO CRASH,Y,,Y,$500 OR LESS,12/27/2019 22:15,FOLLOWING TOO CLOSELY,FAILING TO REDUCE SPEED TO AVOID CRASH,200,N,STATE ST,111,,,N,,,,2,"REPORTED, NOT EVIDENT",1,0,0,0,1,2,0,22,6,12,41.88577464,-87.62808748,POINT (-87.628087481118 41.885774641252)
533b9d5685a1cb6bee0bed7da82377df02dcd5cef12d479c4b900376663a1b880e6c15566ebe935883ecf854b0eab0120c8476662054b9933f177f854a5e57a7,JF277287,,6/12/2022 15:00,30,TRAFFIC SIGNAL,FUNCTIONING PROPERLY,CLEAR,DAYLIGHT,REAR END,NOT DIVIDED,,STRAIGHT AND LEVEL,DRY,NO DEFECTS,,NO INJURY / DRIVE AWAY,,,Y,"OVER $1,500",6/12/2022 20:42,FAILING TO REDUCE SPEED TO AVOID CRASH,DRIVING SKILLS/KNOWLEDGE/EXPERIENCE,4700,S,WESTERN AVE,922,,,,,,,2,NO INDICATION OF INJURY,0,0,0,0,0,2,0,15,1,6,41.80837841,-87.68457072,POINT (-87.684570716896 41.808378407947)
535e569b32ef1289008834cab4e2bf1818680f33f8c4d4c04a3cae6c2b65c45978801215f2611eefb4e9a565846e00cf1e1ca0d6e40d5d092d6e426cefe6e00c,JC205497,,3/30/2019 14:49,35,NO CONTROLS,NO CONTROLS,CLOUDY/OVERCAST,DAYLIGHT,PARKED MOTOR VEHICLE,NOT DIVIDED,2,STRAIGHT AND LEVEL,DRY,NO DEFECTS,,INJURY AND / OR TOW DUE TO CRASH,,,Y,"OVER $1,500",3/30/2019 15:35,UNABLE TO DETERMINE,UNABLE TO DETERMINE,117,N,HAMLIN BLVD,1122,,,,,,,3,NO INDICATION OF INJURY,0,0,0,0,0,3,0,14,7,3,41.88245082,-87.72069595,POINT (-87.72069595415 41.882450815251)
53740b3d298bf218de00321d7c659f804fc9e8523fae800ec7358693dac312165e9fca641bf5e0ad2296df68254ad01b155a83497a9b0175823748c00a3c5199,JD155847,,2/18/2020 8:56,30,TRAFFIC SIGNAL,FUNCTIONING PROPERLY,CLEAR,DAYLIGHT,TURNING,ONE-WAY,,STRAIGHT AND LEVEL,DRY,NO DEFECTS,,NO INJURY / DRIVE AWAY,Y,,,"$501 - $1,500",2/18/2020 9:00,IMPROPER OVERTAKING/PASSING,NOT APPLICABLE,335,W,SUPERIOR ST,1831,,,,,,,2,NO INDICATION OF INJURY,0,0,0,0,0,3,0,8,3,2,41.89544526,-87.63707141,POINT (-87.637071411875 41.895445258713)
53c40f78664603e3f6c8ed99f3941ff50aa1f98034d2eecf77638054945708cc524db9030733a5cfe4fe3e1a2271bd19c613d3614d377575b522441c099dfcc7,JC558960,,12/24/2019 14:20,30,STOP SIGN/FLASHER,FUNCTIONING PROPERLY,CLEAR,DAYLIGHT,ANGLE,NOT DIVIDED,,STRAIGHT AND LEVEL,DRY,UNKNOWN,,NO INJURY / DRIVE AWAY,Y,,,"OVER $1,500",12/24/2019 14:54,UNABLE TO DETERMINE,UNABLE TO DETERMINE,2300,S,CANAL ST,914,,,,,,,2,NO INDICATION OF INJURY,0,0,0,0,0,2,0,14,3,12,41.85083702,-87.63862815,POINT (-87.63862814499 41.850837020309)
546236489801eff6182cbb1fd44478248b8ca1d3d0796475f2d122b8c675b32e8dd83d8201689fe0f68bbcdd0a9b6f77d8ff6d81349785895206fbb719f881ec,JG286967,,6/3/2023 19:45,30,NO CONTROLS,NO CONTROLS,CLEAR,DAYLIGHT,PARKED MOTOR VEHICLE,NOT DIVIDED,,STRAIGHT AND LEVEL,DRY,WORN SURFACE,,INJURY AND / OR TOW DUE TO CRASH,,,,"OVER $1,500",6/3/2023 19:49,EQUIPMENT - VEHICLE CONDITION,DRIVING SKILLS/KNOWLEDGE/EXPERIENCE,1706,S,HOYNE AVE,1234,,,,,,,2,NO INDICATION OF INJURY,0,0,0,0,0,1,0,19,7,6,41.85825744,-87.6786091,POINT (-87.678609101122 41.858257437379)
54840d25b098da48ce9a495595bc975bb4cea8c2b70d4739369c6ae27b050ca6d9e19400aa1f8d30fb31bc11bf590dfe8c9d2ee7ea3a286800d6ef868127aef1,JG306754,,6/18/2023 21:20,30,OTHER,NO CONTROLS,CLEAR,DARKNESS,TURNING,DIVIDED - W/MEDIAN (NOT RAISED),,STRAIGHT AND LEVEL,UNKNOWN,UNKNOWN,,NO INJURY / DRIVE AWAY,,,Y,"OVER $1,500",6/19/2023 7:15,IMPROPER TURNING/NO SIGNAL,NOT APPLICABLE,1141,W,99TH ST,2223,,,,,,,2,NO INDICATION OF INJURY,0,0,0,0,0,4,0,21,1,6,41.71401364,-87.65198015,POINT (-87.651980145142 41.714013641847)
548e9bb7de1a11e7fe1447471a59c8d39e4aa6cdcf7f6a87390781faef2e19a07281395bd4d7d2d7cf860de1dd8784f6143a306197257e965768fb14bf6c53f3,JD219770,,4/29/2020 10:50,5,NO CONTROLS,NO CONTROLS,RAIN,DAYLIGHT,TURNING,PARKING LOT,,STRAIGHT AND LEVEL,WET,NO DEFECTS,,INJURY AND / OR TOW DUE TO CRASH,,,,"OVER $1,500",4/29/2020 10:53,UNABLE TO DETERMINE,UNABLE TO DETERMINE,210,W,87TH ST,622,,,,,,,2,NO INDICATION OF INJURY,0,0,0,0,0,2,0,10,4,4,41.73621796,-87.62931044,POINT (-87.629310436538 41.736217960782)
54a6d7b930dc02491efbd03e00a51e9849daa7f1ace235f5646a5a530bf6b2fbc821f886ee27717a4157bb78a9f8a7ee81821fc608ac8f0aa20baf6a31d14b18,JG341176,,7/14/2023 17:30,30,TRAFFIC SIGNAL,FUNCTIONING PROPERLY,CLEAR,DAYLIGHT,ANGLE,FOUR WAY,,STRAIGHT AND LEVEL,DRY,UNKNOWN,,INJURY AND / OR TOW DUE TO CRASH,,,,"OVER $1,500",7/14/2023 18:03,FAILING TO YIELD RIGHT-OF-WAY,UNABLE TO DETERMINE,2000,W,HUBBARD ST,1221,,,,,,,2,NONINCAPACITATING INJURY,1,0,0,1,0,1,0,17,6,7,41.88983392,-87.67699972,POINT (-87.676999723815 41.889833922823)
5550b60b8dcbbf5ad7bb1e2591887aad0eeef3df91faa5988aee572c0579821eae9fb7ef98be9903285c97dc3582fdc19888852e7458b53492b83cd257c5c7e5,JD181882,,3/11/2020 11:40,30,TRAFFIC SIGNAL,FUNCTIONING PROPERLY,CLEAR,DAYLIGHT,REAR END,NOT DIVIDED,,STRAIGHT AND LEVEL,DRY,NO DEFECTS,,NO INJURY / DRIVE AWAY,,,,"$501 - $1,500",3/11/2020 12:36,UNABLE TO DETERMINE,UNABLE TO DETERMINE,400,N,MICHIGAN AVE,1834,,,,,,,2,NO INDICATION OF INJURY,0,0,0,0,0,2,0,11,4,3,41.88939788,-87.6243904,POINT (-87.624390394571 41.8893978833)
5594a6546f3f49def95b83bbaa624e95a12fe7f6c43d109e80c080d07fe30c552492b69c13c5f02446269c718ec9e89f4d2e12653f1ecb124e411590d427afa3,JC443684,,9/21/2019 23:30,35,NO CONTROLS,NO CONTROLS,CLEAR,DARKNESS,SIDESWIPE SAME DIRECTION,NOT DIVIDED,,STRAIGHT AND LEVEL,DRY,NO DEFECTS,,NO INJURY / DRIVE AWAY,,,Y,"$501 - $1,500",9/22/2019 10:30,UNABLE TO DETERMINE,UNABLE TO DETERMINE,4230,W,FOSTER AVE,1712,,,,,,,2,NO INDICATION OF INJURY,0,0,0,0,0,2,0,23,7,9,41.97557464,-87.73463839,POINT (-87.734638389987 41.975574642408)
55e54e3ac2b498877f7f78418aefed3f2ee6b59c0d55b12238c99db75923b61d201face92e0e25b3f47c5b23515085aabeb9adb2a4940e607a511a7f882fa6b1,JC420488,,8/15/2019 21:00,30,NO CONTROLS,NO CONTROLS,UNKNOWN,UNKNOWN,PEDESTRIAN,NOT DIVIDED,,STRAIGHT AND LEVEL,UNKNOWN,UNKNOWN,,INJURY AND / OR TOW DUE TO CRASH,,,Y,$500 OR LESS,9/4/2019 21:15,UNABLE TO DETERMINE,UNABLE TO DETERMINE,5220,S,HARPER AVE,234,,,,,,,2,NONINCAPACITATING INJURY,1,0,0,1,0,1,0,21,5,8,41.80028598,-87.589215,POINT (-87.589214997564 41.800285978665)
564249e046eab4365d021be195341c7b7c8621a99673818fe89e25db6996d87322b6e92cb0a9076ed2dae43bc7fc2d091d6796dba9d841458d21db6580b24264,JC423856,,9/7/2019 15:20,30,TRAFFIC SIGNAL,FUNCTIONING PROPERLY,CLEAR,DAYLIGHT,SIDESWIPE OPPOSITE DIRECTION,NOT DIVIDED,,STRAIGHT AND LEVEL,DRY,NO DEFECTS,,INJURY AND / OR TOW DUE TO CRASH,,,,"OVER $1,500",9/7/2019 15:46,UNABLE TO DETERMINE,NOT APPLICABLE,735,N,AUSTIN BLVD,1511,,,,,,,2,NONINCAPACITATING INJURY,1,0,0,1,0,1,0,15,7,9,41.89375538,-87.77495075,POINT (-87.774950752809 41.893755375182)