CRASH_RECORD_ID,RD_NO,CRASH_DATE_EST_I,CRASH_DATE,POSTED_SPEED_LIMIT,TRAFFIC_CONTROL_DEVICE,DEVICE_CONDITION,WEATHER_CONDITION,LIGHTING_CONDITION,FIRST_CRASH_TYPE,TRAFFICWAY_TYPE,LANE_CNT,ALIGNMENT,ROADWAY_SURFACE_COND,ROAD_DEFECT,REPORT_TYPE,CRASH_TYPE,INTERSECTION_RELATED_I,NOT_RIGHT_OF_WAY_I,HIT_AND_RUN_I,DAMAGE,DATE_POLICE_NOTIFIED,PRIM_CONTRIBUTORY_CAUSE,SEC_CONTRIBUTORY_CAUSE,STREET_NO,STREET_DIRECTION,STREET_NAME,BEAT_OF_OCCURRENCE,PHOTOS_TAKEN_I,STATEMENTS_TAKEN_I,DOORING_I,WORK_ZONE_I,WORK_ZONE_TYPE,WORKERS_PRESENT_I,NUM_UNITS,MOST_SEVERE_INJURY,INJURIES_TOTAL,INJURIES_FATAL,INJURIES_INCAPACITATING,INJURIES_NON_INCAPACITATING,INJURIES_REPORTED_NOT_EVIDENT,INJURIES_NO_INDICATION,INJURIES_UNKNOWN,CRASH_HOUR,CRASH_DAY_OF_WEEK,CRASH_MONTH,LATITUDE,LONGITUDE,LOCATION
564696ca5315fc4a45122401b7f65ce21085d8cc1fd5fd5066ddca8a56677b2c3bf9419abbdfdf12755292a0001eca93fe1687a6b863f58eab3d3ead8bb85a56,JD172186,,3/3/2020 7:30,30,TRAFFIC SIGNAL,FUNCTIONING PROPERLY,CLEAR,DAYLIGHT,SIDESWIPE SAME DIRECTION,DIVIDED - W/MEDIAN (NOT RAISED),,STRAIGHT AND LEVEL,DRY,NO DEFECTS,,NO INJURY / DRIVE AWAY,,,,"OVER $1,500",3/3/2020 8:35,IMPROPER LANE USAGE,IMPROPER LANE USAGE,3358,W,55TH ST,822,,,,,,,2,NO INDICATION OF INJURY,0,0,0,0,0,5,0,7,3,3,41.79355275,-87.7084014,POINT (-87.708401396279 41.79355274654)
56973eeb38ae20df06d6ca52caf3c7a3010c477f1b145d5cff9d6556317ca28e38bc14bf4ef59e74e056dd8dbfe1f9fd6245d7ae730e57f6fafb3908b9c83299,JD236575,,5/19/2020 11:45,30,STOP SIGN/FLASHER,FUNCTIONING PROPERLY,CLEAR,DAYLIGHT,TURNING,NOT DIVIDED,,STRAIGHT AND LEVEL,DRY,NO DEFECTS,,INJURY AND / OR TOW DUE TO CRASH,Y,,,"OVER $1,500",5/19/2020 11:45,FAILING TO YIELD RIGHT-OF-WAY,IMPROPER TURNING/NO SIGNAL,655,W,IRVING PARK RD,1925,,,,,,,2,NO INDICATION OF INJURY,0,0,0,0,0,2,0,11,3,5,41.95449396,-87.64724433,POINT (-87.647244331225 41.954493955562)
56dce7ddc9b2ab64f5573f7aa29aa72715023461005807b87bdf5d85e90f63fa8cdaecab792390f5f6b5bffe20e60f801036f9c8dad07079fc634dca0a4e842d,JG284902,,6/2/2023 10:34,35,STOP SIGN/FLASHER,NO CONTROLS,CLEAR,DAYLIGHT,SIDESWIPE OPPOSITE DIRECTION,DIVIDED - W/MEDIAN (NOT RAISED),,STRAIGHT AND LEVEL,DRY,NO DEFECTS,,INJURY AND / OR TOW DUE TO CRASH,Y,,Y,"$501 - $1,500",6/2/2023 10:35,NOT APPLICABLE,NOT APPLICABLE,4600,S,COTTAGE GROVE AVE,221,,,,,,,2,NO INDICATION OF INJURY,0,0,0,0,0,2,0,10,6,6,41.81126144,-87.60674997,POINT (-87.606749972034 41.811261436387)
575a1d54602488f8e5c567143da095f864640bcda76442fdb416b645ebb13b7cc8ddd07f2f3243df4317e4155e17bdb27229a4ee129137f3a9c9bd8e892fae5c,JC520110,,11/22/2019 10:30,30,TRAFFIC SIGNAL,FUNCTIONING PROPERLY,CLEAR,DAYLIGHT,REAR END,DIVIDED - W/MEDIAN (NOT RAISED),,STRAIGHT AND LEVEL,DRY,NO DEFECTS,,NO INJURY / DRIVE AWAY,,,,"OVER $1,500",11/22/2019 10:39,FOLLOWING TOO CLOSELY,NOT APPLICABLE,6700,S,STATE ST,322,,,,,,,2,NO INDICATION OF INJURY,0,0,0,0,0,2,0,10,6,11,41.77263463,-87.62527215,POINT (-87.62527215003 41.77263462564)
57794ff8b3d2aef77d0a66121f65e1ab5a19cf166266be8a88918c578010c8cdb258e48c3eb0e3b3ee423119302d2276cc92a2fc73ad7877008bb9daf0288aea,BF358140,,7/21/2019 9:30,20,NO CONTROLS,NO CONTROLS,CLOUDY/OVERCAST,UNKNOWN,PARKED MOTOR VEHICLE,ONE-WAY,,STRAIGHT AND LEVEL,DRY,NO DEFECTS,,NO INJURY / DRIVE AWAY,,,Y,"OVER $1,500",7/21/2019 9:50,UNABLE TO DETERMINE,NOT APPLICABLE,5147,W,CORNELIA AVE,1634,,,,,,,2,NO INDICATION OF INJURY,0,0,0,0,0,1,0,9,1,7,41.94407267,-87.75631676,POINT (-87.756316761172 41.94407267379)
579a5a678c9717284b6741c294353aef32aa7360e0242431a60ef4efbc4ccf0495a0189f055f2db0fcdb3a392805fbe4d0488631db29755c1acd0723366d2b14,JC328076,,6/30/2019 1:10,30,TRAFFIC SIGNAL,FUNCTIONING PROPERLY,CLEAR,"DARKNESS, LIGHTED ROAD",SIDESWIPE SAME DIRECTION,FOUR WAY,,STRAIGHT AND LEVEL,DRY,NO DEFECTS,,NO INJURY / DRIVE AWAY,Y,,,"OVER $1,500",6/30/2019 1:15,FAILING TO YIELD RIGHT-OF-WAY,UNABLE TO DETERMINE,3399,W,MADISON ST,1124,,,,,,,3,NO INDICATION OF INJURY,0,0,0,0,0,4,0,1,1,6,41.88080748,-87.71087993,POINT (-87.710879928378 41.880807476674)
57bc577baeb1a43173787254045c076e494ffa5fcb2ce480bfdfc6e9804cc710847b824c3f4a10be0e205acc143551f752223551e439b48335defc8899122154,JD203973,,4/7/2020 13:00,30,TRAFFIC SIGNAL,FUNCTIONING PROPERLY,CLEAR,DAYLIGHT,REAR END,NOT DIVIDED,,STRAIGHT AND LEVEL,DRY,NO DEFECTS,,NO INJURY / DRIVE AWAY,Y,,Y,"$501 - $1,500",4/7/2020 13:40,FOLLOWING TOO CLOSELY,FAILING TO YIELD RIGHT-OF-WAY,5700,N,CENTRAL AVE,1622,,,,,,,2,NO INDICATION OF INJURY,0,0,0,0,0,2,0,13,3,4,41.98477952,-87.76845057,POINT (-87.768450567113 41.984779519506)
57e316c0bab0ac2475bd0cc40c9908fc12a804a40f46c514ea27b47e3c52a0a14cf1310c249ead9a4d61556a08e7973ef1fcb3f6f4a609068bda26736f9a3f2f,JG330305,,7/5/2023 8:17,30,TRAFFIC SIGNAL,FUNCTIONING PROPERLY,RAIN,DAYLIGHT,TURNING,FOUR WAY,,STRAIGHT AND LEVEL,WET,NO DEFECTS,,NO INJURY / DRIVE AWAY,Y,,,"OVER $1,500",7/6/2023 16:54,FAILING TO YIELD RIGHT-OF-WAY,FAILING TO YIELD RIGHT-OF-WAY,800,W,115TH ST,2234,,,,,,,2,NO INDICATION OF INJURY,0,0,0,0,0,2,0,8,4,7,41.68519006,-87.64227956,POINT (-87.64227956402 41.685190055719)
5839174c0a371d395f3b3ab127695405fc459bdf59b13fae977dab9303fb79f9ebe33abafe2e21cc9bbd92102facea6dc92aac3c2a71d67ead2f82113fb64e7d,JC362783,Y,7/24/2019 15:36,30,NO CONTROLS,NO CONTROLS,CLEAR,DAWN,SIDESWIPE SAME DIRECTION,NOT DIVIDED,,STRAIGHT AND LEVEL,DRY,UNKNOWN,,INJURY AND / OR TOW DUE TO CRASH,,,Y,"OVER $1,500",7/24/2019 15:46,IMPROPER OVERTAKING/PASSING,"OPERATING VEHICLE IN ERRATIC, RECKLESS, CARELESS, NEGLIGENT OR AGGRESSIVE MANNER",6151,W,BRYN MAWR AVE,1622,,,,,,,2,NONINCAPACITATING INJURY,1,0,0,1,0,1,0,15,4,7,41.98279488,-87.78244777,POINT (-87.782447767967 41.982794878635)
5842ca1877b30e57c6fc7703f69c9479d85b4f05676d01d23ffbcc74734f51bdd2bbc2978d5f167dd30175c257d86000df3b4db36cd2f424785a6b81d14e974e,JG321612,,6/30/2023 0:35,30,NO CONTROLS,NO CONTROLS,CLEAR,"DARKNESS, LIGHTED ROAD",SIDESWIPE SAME DIRECTION,NOT DIVIDED,,STRAIGHT AND LEVEL,DRY,NO DEFECTS,,INJURY AND / OR TOW DUE TO CRASH,,,,"OVER $1,500",6/30/2023 0:35,IMPROPER OVERTAKING/PASSING,"OPERATING VEHICLE IN ERRATIC, RECKLESS, CARELESS, NEGLIGENT OR AGGRESSIVE MANNER",357,N,CICERO AVE,1113,,,,,,,2,NO INDICATION OF INJURY,0,0,0,0,0,4,0,0,6,6,41.88694785,-87.74536427,POINT (-87.745364269959 41.88694784451)
58af549ad7afc65f65e1a8988410226e8c1462c1a22ebfb10657457078afc546ebe6ceabc2dcb203f4e9a9b3c86feaff6a4213a98eaccd9ec33553ef90bfd8db,JG324249,,7/1/2023 23:18,30,NO CONTROLS,NO CONTROLS,CLEAR,"DARKNESS, LIGHTED ROAD",SIDESWIPE SAME DIRECTION,NOT DIVIDED,,STRAIGHT AND LEVEL,DRY,NO DEFECTS,,INJURY AND / OR TOW DUE TO CRASH,,,Y,"OVER $1,500",7/1/2023 23:18,IMPROPER LANE USAGE,UNABLE TO DETERMINE,107,N,WOOD ST,1224,,,,,,,2,NO INDICATION OF INJURY,0,0,0,0,0,2,0,23,7,7,41.88344415,-87.67165635,POINT (-87.671656347764 41.883444146315)
590ccd24474cdc7863b6cc8d786a02bd43c3e62bc24fe97437e8903ca9c6bfd16a1195bb8ddef8bcf91c93a7f9f829134fc3cc2073ace98cc220b5e17aacb976,JG299362,,6/13/2023 11:45,30,STOP SIGN/FLASHER,FUNCTIONING PROPERLY,RAIN,DAYLIGHT,PEDESTRIAN,NOT DIVIDED,,STRAIGHT AND LEVEL,WET,NO DEFECTS,,INJURY AND / OR TOW DUE TO CRASH,Y,,,$500 OR LESS,6/13/2023 11:46,FAILING TO YIELD RIGHT-OF-WAY,UNABLE TO DETERMINE,2032,W,DEVON AVE,2412,,,,,,,3,NONINCAPACITATING INJURY,2,0,0,2,0,2,0,11,3,6,41.99798375,-87.68142045,POINT (-87.68142044789 41.997983750252)
590e1dca6a932c5a52b2d586d0f20fb35267b245873454b6ab6edce4ec4f81c46725375730b8d772abb3ce5be5274ea6a2604e0e7aab2de90ff40e10060c5a5f,JC433907,,9/15/2019 1:50,30,NO CONTROLS,NO CONTROLS,CLEAR,"DARKNESS, LIGHTED ROAD",PARKED MOTOR VEHICLE,NOT DIVIDED,,STRAIGHT AND LEVEL,DRY,NO DEFECTS,,NO INJURY / DRIVE AWAY,,,Y,"$501 - $1,500",9/15/2019 3:00,IMPROPER LANE USAGE,NOT APPLICABLE,5803,N,ROGERS AVE,1711,,,,,,,2,NO INDICATION OF INJURY,0,0,0,0,0,1,0,1,1,9,41.98633149,-87.73808499,POINT (-87.738084985978 41.986331493565)
591efac516bb910ab251f361a1a575ce1b9b6ab14076539cc6ffd3ba32f113d125244bc5f638ff464c3c1b9690346b0460430e93a87aa45c94ee79a2dfb2f016,JC413569,,8/30/2019 14:53,30,TRAFFIC SIGNAL,FUNCTIONING PROPERLY,CLEAR,DAYLIGHT,ANGLE,FOUR WAY,,STRAIGHT AND LEVEL,DRY,NO DEFECTS,,INJURY AND / OR TOW DUE TO CRASH,Y,,,"OVER $1,500",8/30/2019 14:56,FAILING TO REDUCE SPEED TO AVOID CRASH,UNABLE TO DETERMINE,6399,N,KEDZIE AVE,2413,,,,,,,3,NO INDICATION OF INJURY,0,0,0,0,0,3,0,14,6,8,41.99730203,-87.70919581,POINT (-87.709195805891 41.997302026705)
5930a07b01d86554f23f55adfa570ab5debc6a53831fa0a28c3a5ba052bd524824f5738f119bacc76e82098610527bef893e4ad08173e2c2d1e63758d2abcd4c,JD176221,,3/6/2020 14:21,30,UNKNOWN,NO CONTROLS,CLEAR,DAYLIGHT,SIDESWIPE SAME DIRECTION,UNKNOWN,,STRAIGHT AND LEVEL,DRY,NO DEFECTS,,NO INJURY / DRIVE AWAY,,,Y,"OVER $1,500",3/6/2020 14:25,FOLLOWING TOO CLOSELY,UNABLE TO DETERMINE,6501,S,WESTERN AVE,832,,,,,,,2,NO INDICATION OF INJURY,0,0,0,0,0,3,0,14,6,3,41.77551136,-87.68339828,POINT (-87.683398276477 41.775511364011)
59a778ca3ae6cbcc1ce4f2ff9c090106a28f05b357057edc42312dc0732a6576b3786ff8e2c55e0345033a37a23d36369e08c1e7b1fee8e689c1c311f756f3f5,JC470944,,10/13/2019 9:10,30,NO CONTROLS,NO CONTROLS,CLEAR,DAYLIGHT,SIDESWIPE SAME DIRECTION,DIVIDED - W/MEDIAN (NOT RAISED),,STRAIGHT AND LEVEL,DRY,NO DEFECTS,,INJURY AND / OR TOW DUE TO CRASH,,,,"OVER $1,500",10/13/2019 9:45,UNABLE TO DETERMINE,UNABLE TO DETERMINE,930,E,HYDE PARK BLVD,222,,,,,,,2,"REPORTED, NOT EVIDENT",1,0,0,0,1,2,0,9,1,10,41.80241253,-87.60246985,POINT (-87.602469845452 41.80241252967)
59dabe262b5349f05053e2910bb407965d8f5de3d3151013c4b21fa088565bc3584c9f40f0213171af4e539d8e384cb67aa1d82a50100a8c8bb4ffa7158cd4e6,JG325496,,7/3/2023 6:45,30,TRAFFIC SIGNAL,FUNCTIONING PROPERLY,CLEAR,DAYLIGHT,ANGLE,FOUR WAY,,STRAIGHT AND LEVEL,WET,NO DEFECTS,,INJURY AND / OR TOW DUE TO CRASH,Y,,,"OVER $1,500",7/3/2023 6:47,UNABLE TO DETERMINE,UNABLE TO DETERMINE,1600,S,KOSTNER AVE,1012,,,,N,,,2,NONINCAPACITATING INJURY,2,0,0,2,0,0,0,6,2,7,41.85868185,-87.73488064,POINT (-87.734880642816 41.858681848973)
5a3aeb04f20bfd350010ca025ad319d7e88eb869875ce9a427ac44f73b5bf66b84f36f02b7f3bbcd8a67726d1b637e1e7a27bac26437dcda99cc761030799205,JC538838,,12/8/2019 0:00,30,TRAFFIC SIGNAL,FUNCTIONING PROPERLY,CLEAR,DAWN,REAR END,NOT DIVIDED,,STRAIGHT AND LEVEL,DRY,NO DEFECTS,,NO INJURY / DRIVE AWAY,,,,"$501 - $1,500",12/8/2019 0:51,UNABLE TO DETERMINE,UNABLE TO DETERMINE,6000,N,LINCOLN AVE,2413,,,,,,,2,NO INDICATION OF INJURY,0,0,0,0,0,2,0,0,1,12,41.99033664,-87.70753442,POINT (-87.707534414707 41.990336639159)
5a3ca3588a63c273ecd23d8e23c8e45ca799ccc9cd4c8baccb1eff82e6c00aef115ce92f0c1058ee5c765df375ddc0cf38da98e66cbcb6cbec8f5db9a9491484,JC359563,,7/22/2019 12:22,30,TRAFFIC SIGNAL,FUNCTIONING PROPERLY,CLEAR,DAYLIGHT,TURNING,FOUR WAY,,STRAIGHT AND LEVEL,DRY,NO DEFECTS,,INJURY AND / OR TOW DUE TO CRASH,Y,,,"OVER $1,500",7/22/2019 12:24,UNABLE TO DETERMINE,NOT APPLICABLE,501,W,18TH ST,1235,,,,,,,2,INCAPACITATING INJURY,1,0,1,0,0,1,0,12,2,7,41.85755492,-87.63898418,POINT (-87.638984179032 41.857554919296)
5a5739983db52af8dcf44df5a4670bf7567b16fc534ecc0b3ec57ada68c88d8c8f8a5cad80a25adfd29df3eff072de39efc5d949cf00caa94b53755c5864efa0,JC496135,,11/2/2019 17:18,25,NO CONTROLS,NO CONTROLS,CLEAR,DAYLIGHT,PARKED MOTOR VEHICLE,ONE-WAY,,STRAIGHT AND LEVEL,DRY,NO DEFECTS,,INJURY AND / OR TOW DUE TO CRASH,,,,"OVER $1,500",11/2/2019 17:20,UNDER THE INFLUENCE OF ALCOHOL/DRUGS (USE WHEN ARREST IS EFFECTED),UNDER THE INFLUENCE OF ALCOHOL/DRUGS (USE WHEN ARREST IS EFFECTED),4350,N,BELL AVE,1911,,,,,,,4,NONINCAPACITATING INJURY,1,0,0,1,0,0,0,17,7,11,41.96104463,-87.68517977,POINT (-87.685179774182 41.961044633487)
5a602da0662d86bcf0def09161dc394f749f9ae986cf00b8c2f44743dbb9f6ff73f064a11c9bdb2d6a3f175a37885831a2f7a648204ec5f8a6d239349dd3fe5d,JD169343,N,2/29/2020 15:53,30,STOP SIGN/FLASHER,FUNCTIONING PROPERLY,CLEAR,DAYLIGHT,TURNING,T-INTERSECTION,,STRAIGHT AND LEVEL,DRY,NO DEFECTS,,NO INJURY / DRIVE AWAY,Y,,,"OVER $1,500",2/29/2020 15:58,IMPROPER TURNING/NO SIGNAL,FAILING TO YIELD RIGHT-OF-WAY,3932,W,ROOSEVELT RD,1132,,,,,,,2,NO INDICATION OF INJURY,0,0,0,0,0,3,0,15,7,2,41.86629743,-87.72409002,POINT (-87.724090019049 41.866297424514)
5a94adb8d653d0dbf611717d73a5e86f90bd6c4203d5c93290ac3d36665687b872767135ec2658a249b80b63b9f26c07a140c20c5a144b7434fd44a42e4af9de,JC354793,,7/18/2019 20:30,30,STOP SIGN/FLASHER,FUNCTIONING PROPERLY,CLEAR,DAWN,SIDESWIPE SAME DIRECTION,NOT DIVIDED,,STRAIGHT AND LEVEL,DRY,NO DEFECTS,,NO INJURY / DRIVE AWAY,Y,,,"OVER $1,500",7/18/2019 21:16,IMPROPER OVERTAKING/PASSING,NOT APPLICABLE,21,E,HUBBARD ST,1834,,,,,,,2,NO INDICATION OF INJURY,0,0,0,0,0,2,0,20,5,7,41.88997109,-87.62707477,POINT (-87.627074774483 41.889971085414)
5ad739a408e849979abfa9f381c145792164fe2795f5c204249647a1c3b3b555d40e9eaa0cea5263b89a3f4b0d0565752920bfb9292832b443327dfe8b4666d3,JC533161,,12/3/2019 15:00,30,NO CONTROLS,NO CONTROLS,CLEAR,DUSK,ANGLE,NOT DIVIDED,,STRAIGHT AND LEVEL,DRY,NO DEFECTS,,INJURY AND / OR TOW DUE TO CRASH,,,,"OVER $1,500",12/3/2019 15:00,FAILING TO REDUCE SPEED TO AVOID CRASH,"OPERATING VEHICLE IN ERRATIC, RECKLESS, CARELESS, NEGLIGENT OR AGGRESSIVE MANNER",7800,S,YATES BLVD,414,,,,,,,2,NONINCAPACITATING INJURY,1,0,0,1,0,1,0,15,3,12,41.75345317,-87.56641302,POINT (-87.566413019363 41.75345316606)
5afefd5ac9a0bff340047cc5602afaa027574b7fd0e0fb96ee3321fe76033e16d3236005070e7a3c63a6b093f54a563d42d9981cad506d0e1242abb05a13e5bb,JD171895,,3/2/2020 15:30,30,TRAFFIC SIGNAL,UNKNOWN,UNKNOWN,DAYLIGHT,REAR END,NOT DIVIDED,,STRAIGHT AND LEVEL,UNKNOWN,UNKNOWN,,NO INJURY / DRIVE AWAY,Y,,,"$501 - $1,500",3/2/2020 20:35,UNABLE TO DETERMINE,UNABLE TO DETERMINE,4755,N,CENTRAL AVE,1623,,,,,,,2,NO INDICATION OF INJURY,0,0,0,0,0,2,0,15,2,3,41.96756307,-87.7673236,POINT (-87.767323601348 41.967563068578)
5b18d5e59939b76c5f9bb02b6f0a67675f6d2500fcb65201337f847cda5c2eb968746d09a1f257fa189864c9703d2e8ee1f0482577860ba307a0c43385796a2f,JG318341,,6/27/2023 13:30,30,TRAFFIC SIGNAL,FUNCTIONING PROPERLY,CLEAR,DAYLIGHT,TURNING,NOT DIVIDED,,STRAIGHT AND LEVEL,DRY,NO DEFECTS,,INJURY AND / OR TOW DUE TO CRASH,Y,,,"OVER $1,500",6/27/2023 13:33,FAILING TO YIELD RIGHT-OF-WAY,FAILING TO YIELD RIGHT-OF-WAY,1630,W,FULLERTON AVE,1931,,,,,,,3,"REPORTED, NOT EVIDENT",1,0,0,0,1,2,0,13,3,6,41.92524665,-87.6692521,POINT (-87.669252097327 41.925246648779)
5b4b1bdfe0cce2c2dc3a654b925fc4b9d8b94730ab23a57321943a040b374fcbcc820a7dcfcc824066f58fe878c8a4a77c8c07e84319b5e7f8b0370a3a91418e,JC386571,,8/9/2019 16:15,30,TRAFFIC SIGNAL,FUNCTIONING PROPERLY,CLEAR,DAYLIGHT,TURNING,FOUR WAY,,STRAIGHT AND LEVEL,DRY,NO DEFECTS,,NO INJURY / DRIVE AWAY,Y,,,"$501 - $1,500",8/10/2019 10:00,IMPROPER LANE USAGE,UNABLE TO DETERMINE,1200,W,CONGRESS PKWY,1231,,,,,,,2,NO INDICATION OF INJURY,0,0,0,0,0,2,0,16,6,8,41.87544973,-87.65706187,POINT (-87.657061870729 41.875449727558)
5b74083417d78734fb8d02deb5bc995ee46ed4b73bc3a47087e5aef0fc427d27046e5301932f31b4261e6e5436daddd20e07f9c23f4f2bf2039748262702cc68,JG303606,,6/16/2023 15:17,30,NO CONTROLS,NO CONTROLS,CLEAR,DAYLIGHT,FIXED OBJECT,NOT DIVIDED,,STRAIGHT AND LEVEL,DRY,NO DEFECTS,,INJURY AND / OR TOW DUE TO CRASH,,,,"OVER $1,500",6/16/2023 15:32,UNABLE TO DETERMINE,NOT APPLICABLE,2604,W,JACKSON BLVD,1125,,,,,,,1,"REPORTED, NOT EVIDENT",1,0,0,0,1,0,0,15,6,6,41.87759727,-87.69167978,POINT (-87.691679776168 41.877597266904)
5bd87ed2d9677a67bbc6344840f2335ff7aaddb8b24dd4ae2a90448fd6b617bf864fdeb4ffeed6bad2a593bc410f059ba10d6810a5af3f5b3f75cff911baccee,JC595191,,12/24/2019 18:20,30,NO CONTROLS,NO CONTROLS,CLEAR,"DARKNESS, LIGHTED ROAD",PARKED MOTOR VEHICLE,OTHER,,STRAIGHT AND LEVEL,DRY,NO DEFECTS,,NO INJURY / DRIVE AWAY,,,Y,$500 OR LESS,12/24/2019 18:22,UNABLE TO DETERMINE,UNABLE TO DETERMINE,11056,S,PERRY AVE,513,,,,,,,2,NO INDICATION OF INJURY,0,0,0,0,0,1,0,18,3,12,41.69265183,-87.62599158,POINT (-87.625991579783 41.692651828045)
5be2fe3344b1aa910312e1ca223ade93998bed1ad08de11770bf0aede513631d9835e1cb70b3a684ee673c2113de66f31ba1a00b2ee73dfc2c41e3a3438055e6,JC522130,Y,11/23/2019 21:00,30,NO CONTROLS,FUNCTIONING PROPERLY,CLEAR,"DARKNESS, LIGHTED ROAD",SIDESWIPE SAME DIRECTION,UNKNOWN,,STRAIGHT AND LEVEL,DRY,NO DEFECTS,,NO INJURY / DRIVE AWAY,,,,$500 OR LESS,11/23/2019 21:30,PHYSICAL CONDITION OF DRIVER,IMPROPER OVERTAKING/PASSING,5300,W,MADISON ST,1522,,Y,,,,,2,NO INDICATION OF INJURY,0,0,0,0,0,3,0,21,7,11,41.8804472,-87.75775505,POINT (-87.757755046348 41.880447197368)
5beeb31310a7b46bee3147fa85ef1c5b62601af662d85accb492d536eece1f866a9c0b80c373d3aeb3105ffbc8822abce34f61b44154eece621df52d3f252b18,JG313045,,6/23/2023 17:07,30,NO CONTROLS,NO CONTROLS,CLEAR,DAYLIGHT,PEDALCYCLIST,NOT DIVIDED,,STRAIGHT AND LEVEL,DRY,NO DEFECTS,,INJURY AND / OR TOW DUE TO CRASH,,,N,$500 OR LESS,6/23/2023 17:17,UNABLE TO DETERMINE,"OPERATING VEHICLE IN ERRATIC, RECKLESS, CARELESS, NEGLIGENT OR AGGRESSIVE MANNER",2802,N,MERRIMAC AVE,2511,,,,,,,2,NONINCAPACITATING INJURY,1,0,0,1,0,1,0,17,6,6,41.93119861,-87.78219415,POINT (-87.782194148831 41.931198609219)
5c2a7220a57a7c693d1e704bdd1fd35b84e8b337205bcc9535ccc06d38b9d263a294e2dd70ee9a4452da3ce6e71cb00a15a146392ed0421e95c975d98c177ecf,JC394939,,8/16/2019 12:55,30,TRAFFIC SIGNAL,FUNCTIONING PROPERLY,CLEAR,DAYLIGHT,SIDESWIPE SAME DIRECTION,NOT DIVIDED,,STRAIGHT AND LEVEL,DRY,NO DEFECTS,,NO INJURY / DRIVE AWAY,,,,"OVER $1,500",8/16/2019 13:35,IMPROPER LANE USAGE,NOT APPLICABLE,2355,N,STOCKTON DR,1814,,,,,,,2,NO INDICATION OF INJURY,0,0,0,0,0,5,0,12,6,8,41.92550085,-87.63583666,POINT (-87.635836663514 41.925500844718)
5c434531872736a4d69bd07dc79d814b61e250251fb01a2a08f98f42a14f664a37aafd3c13d25aa2e4790f1285339c0968d70e374aed9a585939fc84e0de82c0,JC471678,,10/13/2019 21:30,30,NO CONTROLS,NO CONTROLS,CLEAR,"DARKNESS, LIGHTED ROAD",SIDESWIPE SAME DIRECTION,DIVIDED - W/MEDIAN (NOT RAISED),,STRAIGHT AND LEVEL,DRY,NO DEFECTS,,NO INJURY / DRIVE AWAY,,,Y,"$501 - $1,500",10/13/2019 22:38,"OPERATING VEHICLE IN ERRATIC, RECKLESS, CARELESS, NEGLIGENT OR AGGRESSIVE MANNER",NOT APPLICABLE,2001,S,MICHIGAN AVE,132,,,,,,,2,NO INDICATION OF INJURY,0,0,0,0,0,2,0,21,1,10,41.855432,-87.62372822,POINT (-87.623728215571 41.855431999021)
5c5e37f9a4f66d9707adf2bc4da09d9e0a4e5c7dc26a6f5925059a52f22cae81532d8a37f0fae9b90e33428dd3acb91aaabb90546adad707c867168c6c411476,JC460301,,10/4/2019 18:51,30,TRAFFIC SIGNAL,FUNCTIONING PROPERLY,CLEAR,DAYLIGHT,SIDESWIPE SAME DIRECTION,ONE-WAY,,STRAIGHT AND LEVEL,DRY,NO DEFECTS,,NO INJURY / DRIVE AWAY,Y,,,"OVER $1,500",10/4/2019 19:45,IMPROPER LANE USAGE,DISREGARDING ROAD MARKINGS,340,W,ONTARIO ST,1831,,,,,,,2,NO INDICATION OF INJURY,0,0,0,0,0,3,0,18,6,10,41.89325533,-87.63715992,POINT (-87.637159915596 41.893255328806)
5c6db646d16808e90c785b6ecca13de8e7c4706eca34cdccfe061862e5dd358babccd3eb0dde39f14430b2e2f325ceb48ba65d3cb5d703e4a95ddb3084e49aee,JC183560,,3/13/2019 6:44,30,NO CONTROLS,NO CONTROLS,RAIN,DARKNESS,PEDESTRIAN,NOT DIVIDED,2,STRAIGHT AND LEVEL,WET,NO DEFECTS,,INJURY AND / OR TOW DUE TO CRASH,,,,"OVER $1,500",3/13/2019 6:55,NOT APPLICABLE,NOT APPLICABLE,3800,N,HARLEM AVE,1631,,,,,,,2,INCAPACITATING INJURY,1,0,1,0,0,1,0,6,4,3,41.94898738,-87.80728418,POINT (-87.807284183553 41.948987377046)
5c70eb01c154f9cf2cc23044335196f994a5345a68499a3d690e8dcff081c78b5cf7b3e119a075316f23abaacdbc1c9ea2c624ed44f2827ba2af674b4811890d,JD115944,,1/14/2020 20:50,35,NO CONTROLS,NO CONTROLS,CLEAR,"DARKNESS, LIGHTED ROAD",PARKED MOTOR VEHICLE,DIVIDED - W/MEDIAN (NOT RAISED),,STRAIGHT AND LEVEL,DRY,NO DEFECTS,,INJURY AND / OR TOW DUE TO CRASH,,,Y,"OVER $1,500",1/14/2020 20:55,"OPERATING VEHICLE IN ERRATIC, RECKLESS, CARELESS, NEGLIGENT OR AGGRESSIVE MANNER",UNABLE TO DETERMINE,5640,N,BROADWAY,2013,,,,,,,2,NO INDICATION OF INJURY,0,0,0,0,0,1,0,20,3,1,41.98485385,-87.66025419,POINT (-87.66025419011 41.984853844978)