CRASH_RECORD_ID,RD_NO,CRASH_DATE_EST_I,CRASH_DATE,POSTED_SPEED_LIMIT,TRAFFIC_CONTROL_DEVICE,DEVICE_CONDITION,WEATHER_CONDITION,LIGHTING_CONDITION,FIRST_CRASH_TYPE,TRAFFICWAY_TYPE,LANE_CNT,ALIGNMENT,ROADWAY_SURFACE_COND,ROAD_DEFECT,REPORT_TYPE,CRASH_TYPE,INTERSECTION_RELATED_I,NOT_RIGHT_OF_WAY_I,HIT_AND_RUN_I,DAMAGE,DATE_POLICE_NOTIFIED,PRIM_CONTRIBUTORY_CAUSE,SEC_CONTRIBUTORY_CAUSE,STREET_NO,STREET_DIRECTION,STREET_NAME,BEAT_OF_OCCURRENCE,PHOTOS_TAKEN_I,STATEMENTS_TAKEN_I,DOORING_I,WORK_ZONE_I,WORK_ZONE_TYPE,WORKERS_PRESENT_I,NUM_UNITS,MOST_SEVERE_INJURY,INJURIES_TOTAL,INJURIES_FATAL,INJURIES_INCAPACITATING,INJURIES_NON_INCAPACITATING,INJURIES_REPORTED_NOT_EVIDENT,INJURIES_NO_INDICATION,INJURIES_UNKNOWN,CRASH_HOUR,CRASH_DAY_OF_WEEK,CRASH_MONTH,LATITUDE,LONGITUDE,LOCATION
5c9d5a7ffe902d3f8196f81045acb4c576a665b072f343be82d24d5dafe30ca39ea87b27345770e3ba8ff24b3be463ef30d6789a5d0daf91b81a6b52fd9f6544,JG273274,,5/24/2023 11:15,30,OTHER,FUNCTIONING PROPERLY,CLEAR,DAYLIGHT,TURNING,DIVIDED - W/MEDIAN (NOT RAISED),,STRAIGHT AND LEVEL,DRY,NO DEFECTS,,INJURY AND / OR TOW DUE TO CRASH,,,,"OVER $1,500",5/24/2023 13:09,FAILING TO YIELD RIGHT-OF-WAY,FAILING TO YIELD RIGHT-OF-WAY,2005,W,CHICAGO AVE,1221,,,,,,,2,NO INDICATION OF INJURY,0,0,0,0,0,2,0,11,4,5,41.89579651,-87.6773228,POINT (-87.67732279972 41.895796512442)
5ccf04b5e667c9996e20c04c747e0ccd933af163451f7e0ceec8044358ac5f1126091453982188a043897ee81da540d36a6bde5904a57a3308afc1f71f6c7d17,JD216850,,4/23/2020 17:10,30,NO CONTROLS,NO CONTROLS,CLEAR,DAYLIGHT,ANGLE,NOT DIVIDED,,STRAIGHT AND LEVEL,DRY,NO DEFECTS,,NO INJURY / DRIVE AWAY,,,,"$501 - $1,500",4/25/2020 13:30,IMPROPER TURNING/NO SIGNAL,IMPROPER TURNING/NO SIGNAL,7400,S,COTTAGE GROVE AVE,323,,,,,,,2,NO INDICATION OF INJURY,0,0,0,0,0,2,0,17,5,4,41.76031203,-87.60558889,POINT (-87.605588893368 41.760312026786)
5cefef1847ce57e7d9fce444c246a2bd8133cde59d7d80831202c78f6eeb3afd76828e84d9320a79295a31dad178754130c85a28713516a1414fb25869e8b105,JC360041,,7/22/2019 5:30,30,UNKNOWN,UNKNOWN,CLEAR,DAYLIGHT,TURNING,NOT DIVIDED,,STRAIGHT AND LEVEL,DRY,UNKNOWN,,NO INJURY / DRIVE AWAY,,,Y,"OVER $1,500",7/22/2019 17:00,UNABLE TO DETERMINE,NOT APPLICABLE,5800,S,WELLS ST,711,,,,,,,2,NO INDICATION OF INJURY,0,0,0,0,0,2,0,5,2,7,41.78882925,-87.63192591,POINT (-87.6319259058 41.788829252256)
5d31cb818f2790d7c5c1461eda2485ef08c437beeebd2648df4f494e4eb4ce7c673a1d458ac80a63dcb93bb189682e5d3c4964219f49dbebb7a1d20a3fad6d52,JC513312,,11/16/2019 20:47,30,UNKNOWN,FUNCTIONING PROPERLY,CLEAR,"DARKNESS, LIGHTED ROAD",PARKED MOTOR VEHICLE,PARKING LOT,,STRAIGHT AND LEVEL,DRY,NO DEFECTS,,NO INJURY / DRIVE AWAY,,,Y,"OVER $1,500",11/16/2019 21:02,"OPERATING VEHICLE IN ERRATIC, RECKLESS, CARELESS, NEGLIGENT OR AGGRESSIVE MANNER",FAILING TO REDUCE SPEED TO AVOID CRASH,1741,N,ELSTON AVE,1433,,,,,,,2,NO INDICATION OF INJURY,0,0,0,0,0,1,0,20,7,11,41.91416599,-87.66455155,POINT (-87.664551552107 41.91416599063)
5dcf30ab4f7b83027fe170c642d95686d61d7f30a46695595bfd4ab8e43f3cd5df0a0b75806c835cf9fc9f11fce7fc2d7cb71dc9acd5c893f7698dc06c5be07f,JD118048,,1/16/2020 15:05,30,TRAFFIC SIGNAL,FUNCTIONING PROPERLY,CLEAR,DAYLIGHT,REAR END,FOUR WAY,,STRAIGHT AND LEVEL,DRY,NO DEFECTS,,INJURY AND / OR TOW DUE TO CRASH,Y,,Y,"$501 - $1,500",1/16/2020 15:15,DISREGARDING TRAFFIC SIGNALS,FOLLOWING TOO CLOSELY,6259,S,COTTAGE GROVE AVE,313,,,,,,,3,"REPORTED, NOT EVIDENT",2,0,0,0,2,1,0,15,5,1,41.78050308,-87.60578539,POINT (-87.605785389023 41.780503081348)
5e48e4d6d24791edc76498a8469f0f7057ee482d2b89178469e7b8fe60bb11912f054b976ac341e95e53dedad0e4fc02d0e78ce90f417a67f2e1bd37fa7c742e,JC486542,,10/25/2019 19:30,25,NO CONTROLS,NO CONTROLS,CLEAR,"DARKNESS, LIGHTED ROAD",PARKED MOTOR VEHICLE,ONE-WAY,,STRAIGHT AND LEVEL,DRY,NO DEFECTS,,INJURY AND / OR TOW DUE TO CRASH,,,Y,"OVER $1,500",10/25/2019 21:10,NOT APPLICABLE,NOT APPLICABLE,4003,W,POTOMAC AVE,2534,,,,,,,3,NO INDICATION OF INJURY,0,0,0,0,0,1,0,19,6,10,41.90436,-87.72654689,POINT (-87.726546884943 41.904360003971)
5e4aaaee95991db30aec253fef4da051db05010c8d0f4092e825f4665440f41c004d2ae8d29d24b85564375b20d9ab079b3dd697e215683f3b98b1e096b252bd,JD232952,,5/15/2020 8:47,20,STOP SIGN/FLASHER,FUNCTIONING PROPERLY,RAIN,DAYLIGHT,PEDALCYCLIST,ONE-WAY,,STRAIGHT AND LEVEL,WET,NO DEFECTS,,NO INJURY / DRIVE AWAY,,,,$500 OR LESS,5/15/2020 10:30,UNABLE TO DETERMINE,NOT APPLICABLE,400,S,CICERO AVE,1533,,,Y,,,,2,NO INDICATION OF INJURY,0,0,0,0,0,2,0,8,6,5,41.8749523,-87.74521225,POINT (-87.745212246332 41.874952302696)
5e5920b8d632c2b34fe46d1cfba94d1d082dfe43865bc0f24630130a9070c92eb8e1ea3697752ff58b1111f2a7608b2df1a6ba5235e6b2c3acadb1c8cd476f29,JG281315,,5/28/2023 15:00,30,NO CONTROLS,NO CONTROLS,CLEAR,DAYLIGHT,REAR TO FRONT,NOT DIVIDED,,STRAIGHT AND LEVEL,DRY,NO DEFECTS,,NO INJURY / DRIVE AWAY,,,,"$501 - $1,500",5/30/2023 18:28,FOLLOWING TOO CLOSELY,IMPROPER BACKING,11630,S,THROOP ST,524,,,,,,,2,NO INDICATION OF INJURY,0,0,0,0,0,2,0,15,1,5,41.68216054,-87.65436862,POINT (-87.654368622242 41.682160538388)
5e744b84913fbcec5b72a85a8343c6f3b8b16bb62f9914a7fd1c5d1b608b7176e705dd40a8f4865cf85b9eb6d4223616c1c06f7c398871648e0c9ff8b0320acd,JD206978,,4/7/2020 17:30,30,NO CONTROLS,NO CONTROLS,CLEAR,DAWN,REAR END,DIVIDED - W/MEDIAN (NOT RAISED),,STRAIGHT AND LEVEL,DRY,UNKNOWN,,NO INJURY / DRIVE AWAY,,,,"OVER $1,500",4/11/2020 15:15,FAILING TO REDUCE SPEED TO AVOID CRASH,NOT APPLICABLE,1999,N,NARRAGANSETT AVE,2512,,,,,,,2,NO INDICATION OF INJURY,0,0,0,0,0,2,0,17,3,4,41.91662996,-87.78508428,POINT (-87.785084276563 41.91662995818)
5e9da433e94940996d972886b5c0aa6ff990ff5919c8dce3aafe74c94741cd518e3526e1f39cfa0f6826fb694723113e7a0f75de30f21c2665a217cecedca332,JC496666,,11/3/2019 5:20,30,NO CONTROLS,NO CONTROLS,CLEAR,"DARKNESS, LIGHTED ROAD",OTHER OBJECT,NOT DIVIDED,,STRAIGHT AND LEVEL,DRY,NO DEFECTS,,INJURY AND / OR TOW DUE TO CRASH,,N,Y,"OVER $1,500",11/3/2019 6:00,IMPROPER LANE USAGE,DRIVING SKILLS/KNOWLEDGE/EXPERIENCE,625,N,LA SALLE DR,1832,,,,,,,1,NO INDICATION OF INJURY,0,0,0,0,0,1,0,5,1,11,41.89317108,-87.63248987,POINT (-87.632489872566 41.893171077236)
5fcc5990b864017b7f8e0beadd0089930b00710fc6c20e7b0cd0e57f30eaf2aca3b65e2e51a554a1c12a68c0cd8a36561b6368421f6e04efacc72d2f3ba65934,JG257801,,5/12/2023 10:45,30,NO CONTROLS,NO CONTROLS,CLEAR,DAYLIGHT,TURNING,ONE-WAY,,STRAIGHT AND LEVEL,WET,NO DEFECTS,,NO INJURY / DRIVE AWAY,N,,,"OVER $1,500",5/12/2023 11:15,IMPROPER LANE USAGE,NOT APPLICABLE,500,N,MICHIGAN AVE,1834,,,N,,,,2,NO INDICATION OF INJURY,0,0,0,0,0,2,0,10,6,5,41.89097123,-87.62427695,POINT (-87.624276945562 41.890971229645)
5ff65de0d776a526ee696e9db22f703fb7383e831879f3c2fc3c5a9f1f37f4ffc3f9b59d082582ad9205aff8770b47a3006e4eabf7b71eec8f061b8c395d2166,JG321631,,6/30/2023 1:20,30,NO CONTROLS,NO CONTROLS,CLEAR,"DARKNESS, LIGHTED ROAD",FIXED OBJECT,ONE-WAY,,STRAIGHT AND LEVEL,DRY,NO DEFECTS,,INJURY AND / OR TOW DUE TO CRASH,,,Y,"OVER $1,500",6/30/2023 1:26,UNABLE TO DETERMINE,NOT APPLICABLE,3154,N,LAKE SHORE DR,1934,,,,,,,1,NO INDICATION OF INJURY,0,0,0,0,0,1,0,1,6,6,41.93906117,-87.6382254,POINT (-87.638225395027 41.939061166965)
6025f4e3f8285b3e2587a593e167645b262851666dcc1d786aa7505f313bf84592ca453baac40393556f80ac6d243980dd4db40ba7bc2c59ed2c9e7958b6aa8d,JC388439,,8/11/2019 16:00,15,UNKNOWN,UNKNOWN,UNKNOWN,UNKNOWN,PARKED MOTOR VEHICLE,PARKING LOT,,STRAIGHT AND LEVEL,UNKNOWN,UNKNOWN,,NO INJURY / DRIVE AWAY,,Y,,"$501 - $1,500",8/11/2019 17:56,UNABLE TO DETERMINE,UNABLE TO DETERMINE,1000,N,LA SALLE DR,1824,,,,,,,2,NO INDICATION OF INJURY,0,0,0,0,0,1,0,16,1,8,41.9005848,-87.63298607,POINT (-87.632986070025 41.900584800211)
608dee5a4343b781e6340e5ca9d4e969d5cbb40a5ea13b52f6442031964d51a7a71be8af7b4eddc84b0b6a401672ca46baf227d1470492524be3aba468baf3df,JG311718,,6/22/2023 18:25,40,NO CONTROLS,NO CONTROLS,CLEAR,DAYLIGHT,PARKED MOTOR VEHICLE,DIVIDED - W/MEDIAN BARRIER,,STRAIGHT AND LEVEL,DRY,NO DEFECTS,,INJURY AND / OR TOW DUE TO CRASH,,,,"OVER $1,500",6/22/2023 19:02,UNABLE TO DETERMINE,NOT APPLICABLE,2645,S,LAKE SHORE DR NB,133,,,,,,,3,NONINCAPACITATING INJURY,1,0,0,1,0,2,0,18,5,6,41.84460433,-87.61071333,POINT (-87.610713333418 41.844604327478)
60e6c2185efc5d6f7201fbfaaeb37530a511fdc4b6c4b3318a2ab2722f2325e339459d6e4cd97bed8985655c4036c02c368ffe0c8a78d0e721ce8d07104c00b0,JC489815,,10/28/2019 16:14,30,NO CONTROLS,NO CONTROLS,CLOUDY/OVERCAST,DAYLIGHT,REAR END,NOT DIVIDED,,STRAIGHT AND LEVEL,DRY,NO DEFECTS,,INJURY AND / OR TOW DUE TO CRASH,,,Y,"OVER $1,500",10/28/2019 16:16,FAILING TO REDUCE SPEED TO AVOID CRASH,FOLLOWING TOO CLOSELY,1243,N,PULASKI RD,2535,,,,,,,2,NONINCAPACITATING INJURY,3,0,0,3,0,2,0,16,2,10,41.90399359,-87.72619033,POINT (-87.726190328554 41.903993592186)
610d4ecfd8d8649db03afd5f80dafcfb0cd581ce2f8eab18257cad1863117949a091bef43e0b4ed4625e4929a0d2ccdc1b903524f24d5a571428bc8a45a61ce0,JC460198,,10/4/2019 17:56,30,TRAFFIC SIGNAL,FUNCTIONING PROPERLY,CLEAR,DAYLIGHT,PEDESTRIAN,DIVIDED - W/MEDIAN (NOT RAISED),,STRAIGHT AND LEVEL,DRY,NO DEFECTS,,INJURY AND / OR TOW DUE TO CRASH,,,,$500 OR LESS,10/4/2019 17:58,FAILING TO REDUCE SPEED TO AVOID CRASH,NOT APPLICABLE,4011,W,FOSTER AVE,1712,,,,,,,2,INCAPACITATING INJURY,1,0,1,0,0,1,0,17,6,10,41.97541682,-87.72870528,POINT (-87.728705280089 41.97541681811)
61637caddc234889db0e8f9155dbc8be3da228d9acc91abfd14954572d1542f8339c71e7f208f46562206fa1a8db95b7f55b55c542b98e8bf3af5109d4c3382a,JD232522,,5/13/2020 20:30,30,STOP SIGN/FLASHER,FUNCTIONING PROPERLY,CLEAR,"DARKNESS, LIGHTED ROAD",SIDESWIPE SAME DIRECTION,NOT DIVIDED,,STRAIGHT AND LEVEL,DRY,NO DEFECTS,,NO INJURY / DRIVE AWAY,Y,,Y,"$501 - $1,500",5/14/2020 19:30,IMPROPER OVERTAKING/PASSING,NOT APPLICABLE,2659,N,CENTRAL AVE,2514,,,,,,,2,NO INDICATION OF INJURY,0,0,0,0,0,2,0,20,4,5,41.92940999,-87.76603316,POINT (-87.766033156437 41.929409987412)
618ccc715eb5c01fd41af385181adb1dccb999547eeeff0836a1211aa5b807cabc9707d72fe47ad25f4a6b3e0cdfe78e3b05bb8a458393817c5cbb955c9d9fd1,JC551178,,12/18/2019 9:38,30,NO CONTROLS,NO CONTROLS,CLEAR,DAYLIGHT,PARKED MOTOR VEHICLE,DIVIDED - W/MEDIAN (NOT RAISED),,STRAIGHT AND LEVEL,DRY,UNKNOWN,,NO INJURY / DRIVE AWAY,,,,"OVER $1,500",12/18/2019 9:58,NOT APPLICABLE,NOT APPLICABLE,2801,S,WESTERN AVE,1034,,N,,,,,2,NO INDICATION OF INJURY,0,0,0,0,0,1,0,9,4,12,41.84111499,-87.68513204,POINT (-87.685132034759 41.841114991692)
61a9e38fcc1ad943cc6f244f43842eae26c58a824ff04465f9d21035b9f776661d0fb9429411d6832b508559dc040ebe264bf364c1b3af52e2cc913e70dc61da,JG312859,,6/23/2023 13:00,30,TRAFFIC SIGNAL,FUNCTIONING PROPERLY,CLEAR,DAYLIGHT,REAR END,NOT DIVIDED,,STRAIGHT AND LEVEL,DRY,NO DEFECTS,,NO INJURY / DRIVE AWAY,Y,,,"OVER $1,500",6/23/2023 14:05,UNABLE TO DETERMINE,NOT APPLICABLE,9858,S,AVENUE M,432,,,,,,,2,NO INDICATION OF INJURY,0,0,0,0,0,2,0,13,6,6,41.71615887,-87.53783852,POINT (-87.537838518253 41.716158867947)
61d87880d7824ea6011b1f4bd72a7f325474deb85a7da6f0940053cde8f239c2c037b9d9e0a65bc1382fde525b17e2b6229ff0ad3afb3116a2f794d32cd20095,JC508890,,11/13/2019 12:00,30,NO CONTROLS,NO CONTROLS,OTHER,DAYLIGHT,PARKED MOTOR VEHICLE,NOT DIVIDED,,STRAIGHT ON GRADE,ICE,NO DEFECTS,,NO INJURY / DRIVE AWAY,Y,,,"OVER $1,500",11/13/2019 12:05,WEATHER,NOT APPLICABLE,2855,W,AUGUSTA BLVD,1211,,,,,,,2,NO INDICATION OF INJURY,0,0,0,0,0,2,0,12,4,11,41.89915601,-87.69903937,POINT (-87.699039368582 41.89915601066)
61e27a2fb1e3c979882b96f364179a498ce9a3aea3f57c23e0a49d62273d391c5fe6da7f5e530f052bc33e8d8edf1532595c49b505d2260e10affba4243ced97,JC394337,,8/15/2019 23:29,30,NO CONTROLS,NO CONTROLS,CLEAR,"DARKNESS, LIGHTED ROAD",REAR END,NOT DIVIDED,,STRAIGHT AND LEVEL,DRY,UNKNOWN,,NO INJURY / DRIVE AWAY,,,Y,$500 OR LESS,8/15/2019 23:29,FAILING TO REDUCE SPEED TO AVOID CRASH,NOT APPLICABLE,3202,S,PULASKI RD,1031,,,,,,,2,NO INDICATION OF INJURY,0,0,0,0,0,3,0,23,5,8,41.83491787,-87.72445382,POINT (-87.724453821975 41.834917872599)
61ed60822bfaf1a85482c8c2dab217fed9f662d35517b49cce9e32482c66fc4c7c8f5210ed90528f91cf2db4c11a8d00cdadec0a0f6a7c8c2ec1d30366847476,JG287047,,6/3/2023 18:02,30,NO CONTROLS,NO CONTROLS,CLEAR,DAYLIGHT,PARKED MOTOR VEHICLE,NOT DIVIDED,,STRAIGHT AND LEVEL,DRY,NO DEFECTS,,NO INJURY / DRIVE AWAY,,,Y,"OVER $1,500",6/3/2023 21:30,UNABLE TO DETERMINE,UNABLE TO DETERMINE,9455,S,WENTWORTH AVE,634,,,,,,,3,NO INDICATION OF INJURY,0,0,0,0,0,1,0,18,7,6,41.72186952,-87.62852156,POINT (-87.628521563956 41.721869515493)
61f83e69c4efafb1d376464f6a914c0467f189587c666fb9c83eb180badb1a06887c542af412dce52c4b9ac01753897bd78f45fac2ff52ab6e0163ad26535bec,JG209551,,4/1/2023 16:20,30,UNKNOWN,UNKNOWN,UNKNOWN,DAYLIGHT,PARKED MOTOR VEHICLE,UNKNOWN,,STRAIGHT AND LEVEL,UNKNOWN,UNKNOWN,,NO INJURY / DRIVE AWAY,,,Y,"OVER $1,500",4/3/2023 14:30,UNABLE TO DETERMINE,UNABLE TO DETERMINE,3532,N,SPRINGFIELD AVE,1732,,,,,,,2,NO INDICATION OF INJURY,0,0,0,0,0,2,0,16,7,4,41.9455975,-87.72507818,POINT (-87.725078178435 41.945597496333)
61fbc1c7c33582f20c316537fd6c08857d9e5f812dada399d5f8ca82fa9afa15fcc75a8027f11d3a7774be7a6cb6fcd8e5f53fdd6ee5ca8a5c5e70016cd6aae8,JG302947,,6/16/2023 2:00,30,TRAFFIC SIGNAL,FUNCTIONING PROPERLY,CLEAR,"DARKNESS, LIGHTED ROAD",TURNING,FOUR WAY,,STRAIGHT AND LEVEL,DRY,NO DEFECTS,,INJURY AND / OR TOW DUE TO CRASH,Y,,Y,"OVER $1,500",6/16/2023 2:38,IMPROPER TURNING/NO SIGNAL,FAILING TO YIELD RIGHT-OF-WAY,380,E,MONROE DR,114,,,,,,,2,NO INDICATION OF INJURY,0,0,0,0,0,3,0,2,6,6,41.88102203,-87.61792596,POINT (-87.61792596056 41.881022026644)
622ec648a7fac986004fa6a61025391d65a497bcdcab8f218e1bba3d62a33c2ca9262d27e6eec7270e0f1c657b4cd0531d1d44f125d6c2a5c63109c21a810efc,JG338016,,7/12/2023 12:30,30,STOP SIGN/FLASHER,FUNCTIONING PROPERLY,RAIN,DAYLIGHT,ANGLE,FOUR WAY,,STRAIGHT AND LEVEL,WET,WORN SURFACE,,NO INJURY / DRIVE AWAY,,,Y,"$501 - $1,500",7/12/2023 14:00,DISREGARDING STOP SIGN,DISREGARDING STOP SIGN,501,W,79TH ST,621,,,,,,,2,NO INDICATION OF INJURY,0,0,0,0,0,3,0,12,4,7,41.75063471,-87.63678527,POINT (-87.636785269884 41.750634713015)
6270ae7416a5b381e55c4f1aaea38ba10f9db621350720d6c2709aad95e8da257dca6931caa1392163c90e8ccd70382ada45f0144a78cb2593bf294e440805bf,JC113764,,1/12/2019 3:57,30,TRAFFIC SIGNAL,FUNCTIONING PROPERLY,CLEAR,DARKNESS,SIDESWIPE OPPOSITE DIRECTION,DIVIDED - W/MEDIAN (NOT RAISED),2,STRAIGHT AND LEVEL,DRY,NO DEFECTS,,INJURY AND / OR TOW DUE TO CRASH,Y,,,"OVER $1,500",1/12/2019 4:20,FAILING TO REDUCE SPEED TO AVOID CRASH,DRIVING SKILLS/KNOWLEDGE/EXPERIENCE,343,N,LARAMIE AVE,1532,,,,,,,2,NO INDICATION OF INJURY,0,0,0,0,0,4,0,3,7,1,41.88701177,-87.75517371,POINT (-87.755173709609 41.887011771953)
62a01a136d0844cc73f247708b7658d0c79e1692a1be4980f85b09fb2cff013aff6144664ad1a55d6086c8defbf00c58889e827c3624350b464b3344bb74613c,JG283854,,6/1/2023 15:20,35,TRAFFIC SIGNAL,FUNCTIONING PROPERLY,CLEAR,DAYLIGHT,SIDESWIPE SAME DIRECTION,DIVIDED - W/MEDIAN (NOT RAISED),,STRAIGHT AND LEVEL,DRY,NO DEFECTS,,NO INJURY / DRIVE AWAY,Y,,N,"OVER $1,500",6/1/2023 15:40,IMPROPER OVERTAKING/PASSING,UNABLE TO DETERMINE,8700,S,WOOD ST,2221,,,,,,,2,NO INDICATION OF INJURY,0,0,0,0,0,6,0,15,5,6,41.73563302,-87.66807009,POINT (-87.668070092662 41.735633020702)
62c3f7b21c84f099b52eb4190849a0ae746fb8aa0c0af6fa9826114831acfa0a8fa0c04e1d9f55c3aa90ddc2e2791509d1f507049abeb62769811046f665c678,JC251110,,5/5/2019 18:31,30,NO CONTROLS,NO CONTROLS,CLEAR,DAYLIGHT,ANGLE,NOT DIVIDED,,STRAIGHT AND LEVEL,DRY,NO DEFECTS,,INJURY AND / OR TOW DUE TO CRASH,Y,,Y,"OVER $1,500",5/5/2019 18:31,"OPERATING VEHICLE IN ERRATIC, RECKLESS, CARELESS, NEGLIGENT OR AGGRESSIVE MANNER",DRIVING ON WRONG SIDE/WRONG WAY,4298,W,DIVISION ST,2534,,,,,,,2,"REPORTED, NOT EVIDENT",1,0,0,0,1,2,0,18,1,5,41.90266507,-87.73356316,POINT (-87.733563164343 41.902665069955)
62eddaa69400b5c4007e88890f8e9dfdc8996639fc0e443fea9ec520c4c780cf91e67ac9c5b6af34b324a1aa3c5108f16d24d870a9c9b6c33e997942d16d6aa7,JD217875,,4/26/2020 19:40,35,STOP SIGN/FLASHER,FUNCTIONING PROPERLY,CLEAR,"DARKNESS, LIGHTED ROAD",ANGLE,FOUR WAY,,STRAIGHT AND LEVEL,DRY,NO DEFECTS,,INJURY AND / OR TOW DUE TO CRASH,,,,"OVER $1,500",4/26/2020 19:45,UNABLE TO DETERMINE,NOT APPLICABLE,7800,S,DAMEN AVE,611,,,,,,,2,NO INDICATION OF INJURY,0,0,0,0,0,2,0,19,1,4,41.75196209,-87.67332799,POINT (-87.673327991846 41.751962093076)
63c08c1f05a077e525a68d9920d2245cf70566d6f93eb4a8c6ccb3f89c61a6505dfdd748ce130c513e09a6649c1818c45edf87f921509760d1b37c62cb9d207e,JC430364,,9/12/2019 14:30,30,STOP SIGN/FLASHER,UNKNOWN,CLEAR,DAYLIGHT,ANGLE,NOT DIVIDED,,STRAIGHT AND LEVEL,DRY,NO DEFECTS,,INJURY AND / OR TOW DUE TO CRASH,,,,"$501 - $1,500",9/12/2019 14:36,UNABLE TO DETERMINE,UNABLE TO DETERMINE,5611,N,HARLEM AVE,1612,,,,,,,2,INCAPACITATING INJURY,3,0,3,0,0,1,0,14,5,9,41.98309816,-87.80679206,POINT (-87.806792059894 41.98309816146)
63d694dc99a5d1bd5b7c85f85c38f80e7f15691333eedf63f6b91887e9e5e50caf1f79b2d07f90aed7d93bedc6fbcbb58d7e765601d4d41718ffb86ec73ee922,JG322148,,6/30/2023 11:55,25,STOP SIGN/FLASHER,FUNCTIONING PROPERLY,CLEAR,DAYLIGHT,REAR END,FOUR WAY,,STRAIGHT AND LEVEL,DRY,NO DEFECTS,,NO INJURY / DRIVE AWAY,Y,,,"OVER $1,500",6/30/2023 12:09,UNABLE TO DETERMINE,UNABLE TO DETERMINE,7900,S,PEORIA ST,621,,Y,,,,,2,NO INDICATION OF INJURY,0,0,0,0,0,2,0,11,6,6,41.75051207,-87.64661032,POINT (-87.646610320633 41.750512071127)
64103570657e16b22f62dce27b1efb64ab763f7eeb6429d79adcde649bb5d62f89c728d6fc2f9b0345b538ef83d93cd6c0ce25c3057c47f6277a899c337e28c8,JC429971,,9/12/2019 9:30,30,NO CONTROLS,NO CONTROLS,CLEAR,DAYLIGHT,SIDESWIPE OPPOSITE DIRECTION,NOT DIVIDED,,STRAIGHT AND LEVEL,DRY,NO DEFECTS,,INJURY AND / OR TOW DUE TO CRASH,,,,"OVER $1,500",9/12/2019 9:40,PHYSICAL CONDITION OF DRIVER,UNABLE TO DETERMINE,961,W,CHICAGO AVE,1214,,,,,,,2,NO INDICATION OF INJURY,0,0,0,0,0,2,0,9,5,9,41.89620621,-87.65223443,POINT (-87.652234429508 41.896206209197)
6421cf198fc3d03fe784e4b33da93cb35389172226556bc24c4e7686dca7858f0bf56c2a2b6c047f62762842530fafc0c64cebc533115271eb27a7cebb12edd5,JG328500,,7/3/2023 12:00,20,NO CONTROLS,NO CONTROLS,UNKNOWN,UNKNOWN,PARKED MOTOR VEHICLE,PARKING LOT,,STRAIGHT AND LEVEL,"SAND, MUD, DIRT",NO DEFECTS,,NO INJURY / DRIVE AWAY,,Y,Y,"OVER $1,500",7/5/2023 11:35,UNABLE TO DETERMINE,NOT APPLICABLE,401,N,CICERO AVE,1111,,,,,,,2,NO INDICATION OF INJURY,0,0,0,0,0,1,0,12,2,7,41.88795951,-87.74540567,POINT (-87.745405668746 41.887959508176)
642a07b9fcd5ef1e1253f60f4c9700210576f84dba128d05c621c698f3d0040ff2f345750c4ecfd933a0f8ef4fb2481502fe024db7d02f4fe1ba756a01b37bf5,JD190888,,3/20/2020 1:25,30,STOP SIGN/FLASHER,UNKNOWN,RAIN,"DARKNESS, LIGHTED ROAD",ANGLE,FOUR WAY,,STRAIGHT AND LEVEL,WET,NO DEFECTS,,NO INJURY / DRIVE AWAY,Y,,Y,"OVER $1,500",3/20/2020 1:32,DISREGARDING STOP SIGN,UNABLE TO DETERMINE,6900,S,CREGIER AVE,332,,,,,,,2,NO INDICATION OF INJURY,0,0,0,0,0,2,0,1,6,3,41.76965819,-87.58146424,POINT (-87.581464237292 41.769658191185)
644a27f622bbb17e019faa2368b66f7f66433aaaa27a574aa81f94c1e672c5aa3b27d1b15432cea4d29014f344032b6d286905e799292e4ea4985fb009f175e3,,,7/20/2023 16:34,35,NO CONTROLS,NO CONTROLS,CLEAR,DAYLIGHT,REAR END,DIVIDED - W/MEDIAN (NOT RAISED),,STRAIGHT AND LEVEL,DRY,NO DEFECTS,,INJURY AND / OR TOW DUE TO CRASH,,,,"OVER $1,500",7/20/2023 16:35,UNABLE TO DETERMINE,NOT APPLICABLE,3800,W,115TH ST,2211,,N,,,,,3,NO INDICATION OF INJURY,0,0,0,0,0,3,0,16,5,7,41.68415001,-87.71527905,POINT (-87.715279050343 41.684150008948)
649c4a0feb9f19fd756e799c51d90c54b42992e35ef02ffac0f873e32aec89cf37b53d8d05bd73b390e0d97e0ee23ea6b78d073201fffc90f350699788dac14a,JC392151,Y,8/14/2019 13:40,30,NO CONTROLS,NO CONTROLS,CLEAR,DAYLIGHT,SIDESWIPE SAME DIRECTION,NOT DIVIDED,,STRAIGHT AND LEVEL,DRY,NO DEFECTS,,NO INJURY / DRIVE AWAY,,,,"$501 - $1,500",8/14/2019 13:43,FAILING TO YIELD RIGHT-OF-WAY,NOT APPLICABLE,1328,W,18TH ST,1233,,,,,,,2,NO INDICATION OF INJURY,0,0,0,0,0,2,0,13,4,8,41.85800403,-87.66017186,POINT (-87.660171856619 41.858004032567)