CRASH_RECORD_ID,RD_NO,CRASH_DATE_EST_I,CRASH_DATE,POSTED_SPEED_LIMIT,TRAFFIC_CONTROL_DEVICE,DEVICE_CONDITION,WEATHER_CONDITION,LIGHTING_CONDITION,FIRST_CRASH_TYPE,TRAFFICWAY_TYPE,LANE_CNT,ALIGNMENT,ROADWAY_SURFACE_COND,ROAD_DEFECT,REPORT_TYPE,CRASH_TYPE,INTERSECTION_RELATED_I,NOT_RIGHT_OF_WAY_I,HIT_AND_RUN_I,DAMAGE,DATE_POLICE_NOTIFIED,PRIM_CONTRIBUTORY_CAUSE,SEC_CONTRIBUTORY_CAUSE,STREET_NO,STREET_DIRECTION,STREET_NAME,BEAT_OF_OCCURRENCE,PHOTOS_TAKEN_I,STATEMENTS_TAKEN_I,DOORING_I,WORK_ZONE_I,WORK_ZONE_TYPE,WORKERS_PRESENT_I,NUM_UNITS,MOST_SEVERE_INJURY,INJURIES_TOTAL,INJURIES_FATAL,INJURIES_INCAPACITATING,INJURIES_NON_INCAPACITATING,INJURIES_REPORTED_NOT_EVIDENT,INJURIES_NO_INDICATION,INJURIES_UNKNOWN,CRASH_HOUR,CRASH_DAY_OF_WEEK,CRASH_MONTH,LATITUDE,LONGITUDE,LOCATION
64bccd51bda83c7e05529e9629d86d4dec1bfffe847b97a686ba2a40982966ee4dcf2c23f19c5c7782d76dd9471194f2ab94b482e5b54444256c298428b7edb7,JD184562,,3/13/2020 16:10,30,NO CONTROLS,NO CONTROLS,CLEAR,DAYLIGHT,TURNING,NOT DIVIDED,,STRAIGHT AND LEVEL,DRY,UNKNOWN,,INJURY AND / OR TOW DUE TO CRASH,,,,"OVER $1,500",3/13/2020 16:15,UNABLE TO DETERMINE,UNABLE TO DETERMINE,9934,S,HALSTED ST,2232,,,,,,,2,NONINCAPACITATING INJURY,1,0,0,1,0,1,0,16,6,3,41.71315219,-87.64312337,POINT (-87.643123368373 41.713152188633)
64d9af56414d378377cb3845b1a3c41e5ee061c142db41c21154497316b97bb823a9759a223f3501578dd01f2a676cac95dc9356cf9d455a3757bbace7e54d47,JC439858,,9/19/2019 11:30,0,NO CONTROLS,NO CONTROLS,CLEAR,DAYLIGHT,PARKED MOTOR VEHICLE,PARKING LOT,,STRAIGHT AND LEVEL,DRY,NO DEFECTS,,INJURY AND / OR TOW DUE TO CRASH,,Y,Y,"OVER $1,500",9/19/2019 13:15,DISTRACTION - FROM INSIDE VEHICLE,NOT APPLICABLE,10006,W,BRYN MAWR AVE,1654,,,,,,,2,"REPORTED, NOT EVIDENT",1,0,0,0,1,1,0,11,5,9,41.97506731,-87.87615665,POINT (-87.876156649435 41.975067305004)
64e7a060339c18e7bbe1449118061d0fda43cbe72bfd8f0f1268303caaeba590b947b739fdec882337790dd024e557a1901fff446a3a1723a2e6bff638ff198d,JC457788,,10/2/2019 20:34,30,TRAFFIC SIGNAL,FUNCTIONING PROPERLY,RAIN,"DARKNESS, LIGHTED ROAD",REAR END,DIVIDED - W/MEDIAN (NOT RAISED),,STRAIGHT AND LEVEL,WET,NO DEFECTS,,INJURY AND / OR TOW DUE TO CRASH,Y,,N,"OVER $1,500",10/2/2019 20:36,FAILING TO REDUCE SPEED TO AVOID CRASH,FAILING TO REDUCE SPEED TO AVOID CRASH,1909,S,STATE ST,131,,,,,,,4,NONINCAPACITATING INJURY,4,0,0,4,0,1,0,20,4,10,41.85627579,-87.62702061,POINT (-87.627020606103 41.856275784627)
64eec1bde07b6404fb03da27f6fb60713b0b6e56cd97a2b9e7c6aa28b5d4fe5a66eb3b1f859f2a33b1b9ebc276b3488bc12dd4ccf962ed20ddd6e2e4eb69b582,JD231628,,5/13/2020 14:00,25,NO CONTROLS,NO CONTROLS,CLEAR,DAYLIGHT,PARKED MOTOR VEHICLE,PARKING LOT,,STRAIGHT AND LEVEL,DRY,NO DEFECTS,,NO INJURY / DRIVE AWAY,,,Y,$500 OR LESS,5/13/2020 18:06,UNABLE TO DETERMINE,UNABLE TO DETERMINE,1910,E,95TH ST,413,,,,,,,2,NO INDICATION OF INJURY,0,0,0,0,0,1,0,14,4,5,41.72255336,-87.57736367,POINT (-87.577363672231 41.722553360727)
65223de5b37974cfffbc366aea7f389792e63de78991fd31051140197919e5df6ce342dfde83b3ecdefad7c971d1aecb2cd59a1d2823b8d2e2fb8d48fc3d22b1,JD173944,,3/4/2020 16:23,30,STOP SIGN/FLASHER,FUNCTIONING PROPERLY,CLEAR,DAYLIGHT,REAR END,NOT DIVIDED,,STRAIGHT AND LEVEL,DRY,NO DEFECTS,,NO INJURY / DRIVE AWAY,,,,"$501 - $1,500",3/4/2020 16:23,UNABLE TO DETERMINE,UNABLE TO DETERMINE,10300,S,COTTAGE GROVE AVE,512,,,,,,,2,NO INDICATION OF INJURY,0,0,0,0,0,2,0,16,4,3,41.70740512,-87.60667222,POINT (-87.606672215235 41.707405117831)
6554e7da3c96140aae5672ffe833f75ac5ad63914b20ae43f44a5fd92f049b73e8e557b1d783653056876087dab414e4dbcf3e5433409bfa48b639490429928e,JD230120,,5/12/2020 2:50,25,NO CONTROLS,NO CONTROLS,CLEAR,"DARKNESS, LIGHTED ROAD",PARKED MOTOR VEHICLE,ONE-WAY,,STRAIGHT AND LEVEL,DRY,NO DEFECTS,,INJURY AND / OR TOW DUE TO CRASH,,,N,"OVER $1,500",5/12/2020 3:00,FAILING TO REDUCE SPEED TO AVOID CRASH,UNABLE TO DETERMINE,8110,S,EVANS AVE,631,,,,,,,5,NO INDICATION OF INJURY,0,0,0,0,0,1,0,2,3,5,41.74723153,-87.606482,POINT (-87.606481999782 41.747231534376)
6557984717acdb22421d27322ece8b555a25275aeb8d398b2f6742b8d758e50866bd205e4b60dbcd617f8c9de5fcc6bf48bbea813cdc0431e86ee6d65e091e28,JC514503,,11/17/2019 23:45,35,TRAFFIC SIGNAL,FUNCTIONING PROPERLY,CLEAR,"DARKNESS, LIGHTED ROAD",HEAD ON,FOUR WAY,,STRAIGHT AND LEVEL,DRY,NO DEFECTS,,INJURY AND / OR TOW DUE TO CRASH,Y,,,"OVER $1,500",11/17/2019 23:50,UNABLE TO DETERMINE,UNABLE TO DETERMINE,198,W,GARFIELD BLVD,225,,,,,,,2,NONINCAPACITATING INJURY,1,0,0,1,0,1,0,23,1,11,41.794677,-87.63048785,POINT (-87.630487850767 41.79467700255)
658fed7d77f61ffac8bfb613132ee3716248f0719acc871f7e311c63f32a2d7dc7eef816c86b4b81d3397d76ad19786ab8842c8f046d86626e6ca20af5c79198,JD116320,,1/15/2020 9:05,30,NO CONTROLS,OTHER,CLEAR,DAYLIGHT,REAR END,DIVIDED - W/MEDIAN (NOT RAISED),,STRAIGHT AND LEVEL,WET,NO DEFECTS,,INJURY AND / OR TOW DUE TO CRASH,,,,"OVER $1,500",1/15/2020 9:05,PHYSICAL CONDITION OF DRIVER,FOLLOWING TOO CLOSELY,4445,W,NORTH AVE,2533,,,,,,,2,NONINCAPACITATING INJURY,1,0,0,1,0,1,0,9,4,1,41.90961663,-87.73818327,POINT (-87.738183273193 41.909616628412)
65ec59a13e45bbb963df6f366fe5652535a31382851918d06f985f4742940fcfbb5ae96ead2199514ded241cf8f0cb8088acbeb993cd270e1ed9b377d5c12370,JC515024,,11/18/2019 11:05,30,NO CONTROLS,NO CONTROLS,CLOUDY/OVERCAST,DAYLIGHT,SIDESWIPE SAME DIRECTION,NOT DIVIDED,,STRAIGHT AND LEVEL,DRY,NO DEFECTS,,NO INJURY / DRIVE AWAY,,,Y,"$501 - $1,500",11/18/2019 12:50,IMPROPER OVERTAKING/PASSING,NOT APPLICABLE,6700,N,DAMEN AVE,2412,,,,,,,2,NO INDICATION OF INJURY,0,0,0,0,0,2,0,11,2,11,42.00338923,-87.68046071,POINT (-87.68046070936 42.003389227846)
6664abfeec7735d7f3f104f69055f03e4b4594e43f91142517c9cdf9d038707548ebacb6a6da6bc6193c262b391d5a6b12c2ca393929803b4578dbb1b45d0088,JG339327,,7/13/2023 13:00,20,NO CONTROLS,NO CONTROLS,CLEAR,DAYLIGHT,REAR TO FRONT,NOT DIVIDED,,STRAIGHT AND LEVEL,DRY,NO DEFECTS,,INJURY AND / OR TOW DUE TO CRASH,,,,"OVER $1,500",7/13/2023 13:40,IMPROPER BACKING,IMPROPER BACKING,7500,S,DR MARTIN LUTHER KING JR DR,623,,,,,,,2,"REPORTED, NOT EVIDENT",1,0,0,0,1,2,0,13,5,7,41.75831465,-87.61526504,POINT (-87.615265042581 41.758314648927)
669f2154685617842926e6426a2d0634ea1cbaaf63e13f6c4ff747181b99541650470975718696c9de12f2da4c4264dee80bb80085711f2029ba83470cb35d86,JB558291,,12/18/2018 12:00,30,STOP SIGN/FLASHER,FUNCTIONING PROPERLY,CLEAR,DAYLIGHT,REAR END,ONE-WAY,,STRAIGHT AND LEVEL,DRY,NO DEFECTS,,NO INJURY / DRIVE AWAY,,,,"$501 - $1,500",12/18/2018 12:30,FOLLOWING TOO CLOSELY,FOLLOWING TOO CLOSELY,198,E,DELAWARE PL,1833,,,,,,,2,NO INDICATION OF INJURY,0,0,0,0,0,2,0,12,3,12,41.89935174,-87.62198691,POINT (-87.621986906447 41.899351735069)
66bd36204f1a27c0c1c03d5ae4ffd4ab6c7e49a2981bbe2c94350afa2214739654f627694d282d3d82bf2c631e058348905fc6b6adf48f149d1852aa8dd0b2eb,JD128314,,1/25/2020 13:40,30,STOP SIGN/FLASHER,FUNCTIONING PROPERLY,RAIN,DAYLIGHT,PEDESTRIAN,NOT DIVIDED,,STRAIGHT AND LEVEL,SNOW OR SLUSH,NO DEFECTS,,NO INJURY / DRIVE AWAY,Y,,,$500 OR LESS,1/25/2020 13:45,FAILING TO YIELD RIGHT-OF-WAY,NOT APPLICABLE,4100,N,PULASKI RD,1722,,,,,,,2,NO INDICATION OF INJURY,0,0,0,0,0,2,0,13,7,1,41.95556567,-87.72781803,POINT (-87.727818032148 41.955565668022)
66d29929454f531e4027165b68511673ac4d8698e5ef476fef9287e1696ecdb7e23102dcb5505235da327f35ef37e97e8bdb1cdfd37601d5272d20898bfadc22,JD255711,,6/6/2020 13:15,30,STOP SIGN/FLASHER,FUNCTIONING PROPERLY,CLEAR,DAYLIGHT,ANGLE,NOT DIVIDED,,STRAIGHT AND LEVEL,DRY,UNKNOWN,,INJURY AND / OR TOW DUE TO CRASH,Y,,,"$501 - $1,500",6/6/2020 13:25,UNABLE TO DETERMINE,UNABLE TO DETERMINE,6400,S,NARRAGANSETT AVE,812,,,,,,,2,NO INDICATION OF INJURY,0,0,0,0,0,6,0,13,7,6,41.77580896,-87.78134027,POINT (-87.781340274205 41.77580895689)
66e9e5fe9b1a31f8413b9971c8c5f43a5d0ad865b124f2c44f4bd28ae3916a3140cac25fba06a3b28edf8f20d1974132c6f27e65ccd774135d3dafb3d383c61a,JD246543,,5/29/2020 13:30,15,NO CONTROLS,NO CONTROLS,CLEAR,DAYLIGHT,REAR TO FRONT,PARKING LOT,,STRAIGHT AND LEVEL,DRY,NO DEFECTS,,NO INJURY / DRIVE AWAY,,Y,,"$501 - $1,500",5/29/2020 14:18,IMPROPER BACKING,FAILING TO REDUCE SPEED TO AVOID CRASH,5625,W,DIVERSEY AVE,2514,,,,,,,2,NO INDICATION OF INJURY,0,0,0,0,0,3,0,13,6,5,41.93115079,-87.7673993,POINT (-87.767399296986 41.93115078709)
66ff8d83f388a17c569556142d9963e720ff473965fb163a787b74f9ff750debcd1d78e97230af848f0d26701b78d19f5d923f380d62bd02c577b5236dbe97f0,JG257891,,5/12/2023 12:09,30,STOP SIGN/FLASHER,FUNCTIONING PROPERLY,RAIN,DAYLIGHT,PEDESTRIAN,NOT DIVIDED,,STRAIGHT AND LEVEL,WET,NO DEFECTS,,INJURY AND / OR TOW DUE TO CRASH,Y,,Y,$500 OR LESS,5/12/2023 12:12,FAILING TO YIELD RIGHT-OF-WAY,UNABLE TO DETERMINE,6933,N,SHERIDAN RD,2431,,,,,,,2,INCAPACITATING INJURY,1,0,1,0,0,1,0,12,6,5,42.00782304,-87.66148979,POINT (-87.661489788808 42.007823035013)
670c8e09ac017a9f79f1520041fdd1cb1ef9ce69c4ec0b64964c3dde451f495d03a32df1af309bd1d1eb6af8199d57d815bc79c6dfa7b8cb9a284d5985a64420,JD221454,Y,4/27/2020 9:00,10,NO CONTROLS,NO CONTROLS,CLEAR,UNKNOWN,PARKED MOTOR VEHICLE,PARKING LOT,,STRAIGHT AND LEVEL,DRY,NO DEFECTS,,NO INJURY / DRIVE AWAY,,,Y,"$501 - $1,500",5/1/2020 14:11,UNABLE TO DETERMINE,UNABLE TO DETERMINE,1323,W,MORSE AVE,2431,,,,,,,2,NO INDICATION OF INJURY,0,0,0,0,0,1,0,9,2,4,42.00782052,-87.66471558,POINT (-87.664715577378 42.007820515693)
67344d3721395ec237b81a114588679f7926d33769c389fae6866d58f0f0debf7ae525f3798066559d721a277fcad3313f755dc02aab6e830b579afcafe48497,JC565725,,12/30/2019 17:30,30,TRAFFIC SIGNAL,FUNCTIONING PROPERLY,SNOW,DARKNESS,REAR END,FOUR WAY,,STRAIGHT AND LEVEL,WET,NO DEFECTS,,NO INJURY / DRIVE AWAY,Y,,Y,"OVER $1,500",12/30/2019 19:00,FAILING TO REDUCE SPEED TO AVOID CRASH,NOT APPLICABLE,3601,W,NORTH AVE,2535,,,,,,,2,NO INDICATION OF INJURY,0,0,0,0,0,2,0,17,2,12,41.90988375,-87.71675134,POINT (-87.716751343041 41.909883748015)
674962c4665e1a78805eb83e6ca4913f01e783534664b01e855af866c9bfa50cd0da10b7936eccabf2542235232f41618580433387e9d2e46483ec4aad27b020,JG283658,,6/1/2023 12:45,30,RAILROAD CROSSING GATE,FUNCTIONING PROPERLY,CLEAR,DAYLIGHT,SIDESWIPE OPPOSITE DIRECTION,DIVIDED - W/MEDIAN (NOT RAISED),,STRAIGHT AND LEVEL,DRY,NO DEFECTS,,NO INJURY / DRIVE AWAY,,,,"OVER $1,500",6/1/2023 12:48,IMPROPER BACKING,NOT APPLICABLE,6381,N,CALDWELL AVE,1621,,,,,,,2,NO INDICATION OF INJURY,0,0,0,0,0,4,0,12,5,6,41.99716235,-87.76613018,POINT (-87.766130176502 41.997162347498)
67502626462a7cee5648f440e2636b3f28bacbf854eaa911720a0ea502c4ee3b4bd941874778b49157ce630dd188b70bdd254e1a380f55d80b64813cb492fd59,JC556262,,12/22/2019 9:55,45,NO CONTROLS,NO CONTROLS,CLEAR,DAYLIGHT,SIDESWIPE SAME DIRECTION,DIVIDED - W/MEDIAN BARRIER,,"CURVE, LEVEL",DRY,NO DEFECTS,,INJURY AND / OR TOW DUE TO CRASH,,,Y,"OVER $1,500",12/22/2019 10:00,IMPROPER LANE USAGE,FAILING TO YIELD RIGHT-OF-WAY,1300,S,LAKE SHORE DR W,132,,,,,,,2,NONINCAPACITATING INJURY,1,0,0,1,0,1,0,9,1,12,41.86573231,-87.61966864,POINT (-87.61966863732 41.865732312266)
6751d9021676afa384dcf3f391d32ba272ace65f5dc41b050c9aaf714602c0dbd1bc8d2aa5aabc6f249bb9aa210a8f14eb3bb6c7b2ffee25aebe295934ef37c4,JC561116,,12/26/2019 17:51,35,STOP SIGN/FLASHER,FUNCTIONING PROPERLY,CLEAR,"DARKNESS, LIGHTED ROAD",TURNING,NOT DIVIDED,,STRAIGHT AND LEVEL,DRY,NO DEFECTS,,INJURY AND / OR TOW DUE TO CRASH,Y,,Y,"OVER $1,500",12/26/2019 18:05,FAILING TO YIELD RIGHT-OF-WAY,NOT APPLICABLE,13500,S,BRAINARD AVE,433,,,,,,,2,NONINCAPACITATING INJURY,1,0,0,1,0,1,0,17,5,12,41.64934209,-87.54723388,POINT (-87.54723387685 41.649342086124)
67776bf2d77d097e1c0ffcc3fc767e5180c1c74c34a4eef069012a4ebac43d87971750eae909db7f74b174aab177475ed118d998181de5c0bd50029b2cdd28f0,JC515524,,11/18/2019 18:24,30,TRAFFIC SIGNAL,FUNCTIONING PROPERLY,CLEAR,DARKNESS,SIDESWIPE SAME DIRECTION,NOT DIVIDED,,STRAIGHT AND LEVEL,DRY,NO DEFECTS,,NO INJURY / DRIVE AWAY,,,Y,"OVER $1,500",11/18/2019 19:16,IMPROPER OVERTAKING/PASSING,NOT APPLICABLE,740,E,51ST ST,223,,,,,,,2,NO INDICATION OF INJURY,0,0,0,0,0,2,0,18,2,11,41.80234385,-87.60714932,POINT (-87.607149317943 41.802343852744)
67f559a69488b5af1bcf9e2fc1f33610ec5f1adc47b2085e69d50e83e67aa5649c30df5a7807ad93de2e641b4183e64e121cbb15f58cac5a3354b1a88ef5fd86,JB329301,,6/29/2018 22:30,35,TRAFFIC SIGNAL,FUNCTIONING PROPERLY,CLEAR,"DARKNESS, LIGHTED ROAD",REAR END,NOT DIVIDED,7,STRAIGHT AND LEVEL,DRY,NO DEFECTS,,NO INJURY / DRIVE AWAY,,,Y,"OVER $1,500",6/30/2018 13:30,FOLLOWING TOO CLOSELY,IMPROPER LANE USAGE,824,N,HALSTED ST,1213,,,,,,,3,NO INDICATION OF INJURY,0,0,0,0,0,3,0,22,6,6,41.89723689,-87.64794119,POINT (-87.647941192708 41.897236888957)
67f63f4fc7621dd6e809fa6cccdf9517cb86298017e3f7c991b492a98f8fa1d6977954fa89b0592c37122a8c2345b3545ae7dc6994d288a84093db0084382a19,JD162303,,2/21/2020 21:15,25,NO CONTROLS,NO CONTROLS,CLEAR,"DARKNESS, LIGHTED ROAD",OTHER NONCOLLISION,NOT DIVIDED,,STRAIGHT ON GRADE,DRY,"RUT, HOLES",,INJURY AND / OR TOW DUE TO CRASH,,,,"$501 - $1,500",2/23/2020 17:00,NOT APPLICABLE,NOT APPLICABLE,1817,W,108TH PL,2212,,,,,,,1,NO INDICATION OF INJURY,0,0,0,0,0,1,0,21,6,2,41.69647722,-87.6674954,POINT (-87.667495398555 41.696477214904)
68033770abe6d18f14ff1862efb5c99a4f9181b8b63c61136d7611ec04c4b6879aef4a758b50d50b3e0e6c754904f77d45d6a4315aba8e9006a6084cc8f694ee,JG298059,,6/12/2023 10:00,30,TRAFFIC SIGNAL,FUNCTIONING IMPROPERLY,CLEAR,DAYLIGHT,FIXED OBJECT,DIVIDED - W/MEDIAN (NOT RAISED),,STRAIGHT AND LEVEL,DRY,NO DEFECTS,,NO INJURY / DRIVE AWAY,,,,"OVER $1,500",6/12/2023 13:40,UNABLE TO DETERMINE,UNABLE TO DETERMINE,9518,S,HALSTED ST,2223,,,,,,,3,NO INDICATION OF INJURY,0,0,0,0,0,3,0,10,2,6,41.72087605,-87.64334592,POINT (-87.643345920262 41.720876048735)
680810b1d507efe86568dc9ce9ffaf453340e0574545710b06e04192d1c134c1866eaae2cb282013fc12492c5ba83351e0be36cfa64051070b4d0641d08ed15b,JD129125,,1/26/2020 5:30,20,UNKNOWN,FUNCTIONING IMPROPERLY,UNKNOWN,UNKNOWN,PARKED MOTOR VEHICLE,DIVIDED - W/MEDIAN (NOT RAISED),,STRAIGHT AND LEVEL,DRY,UNKNOWN,,NO INJURY / DRIVE AWAY,,,Y,"OVER $1,500",1/26/2020 9:51,UNABLE TO DETERMINE,UNABLE TO DETERMINE,2711,W,47TH ST,922,,,,,,,3,NO INDICATION OF INJURY,0,0,0,0,0,1,0,5,1,1,41.80820225,-87.69224277,POINT (-87.692242769761 41.808202252483)
687dfbf1bc439bef3b7d50513f7e36cb27a0fea471e0ddd9ecf2bdbc8052fcd109e4946015d45a5e4ad771abb1f6c5d5b4af6359b2b894f3ba46107083e5460c,JD171572,,3/2/2020 15:33,30,NO CONTROLS,NO CONTROLS,CLEAR,DAYLIGHT,REAR END,NOT DIVIDED,,STRAIGHT AND LEVEL,DRY,NO DEFECTS,,NO INJURY / DRIVE AWAY,,,Y,"$501 - $1,500",3/2/2020 16:40,FOLLOWING TOO CLOSELY,NOT APPLICABLE,4800,N,CENTRAL AVE,1622,,,,,,,2,NO INDICATION OF INJURY,0,0,0,0,0,2,0,15,2,3,41.96782599,-87.76762486,POINT (-87.767624856049 41.967825990817)
68cb7472cdd37eb7315f87224e0af250041e372f044acea1237ae921d26a46f736ed6c4f15c24251c1041d42e865347a36bf5440c9400f9a718cf0374f2383ac,JC537821,,12/7/2019 8:27,30,NO CONTROLS,NO CONTROLS,CLOUDY/OVERCAST,DAYLIGHT,PEDESTRIAN,FOUR WAY,,STRAIGHT AND LEVEL,DRY,NO DEFECTS,,INJURY AND / OR TOW DUE TO CRASH,Y,,,"$501 - $1,500",12/7/2019 8:27,FAILING TO YIELD RIGHT-OF-WAY,NOT APPLICABLE,8558,S,ASHLAND AVE,614,,,,N,,,2,INCAPACITATING INJURY,1,0,1,0,0,2,0,8,7,12,41.73770065,-87.66326102,POINT (-87.66326101467 41.737700648113)
69523462c7d2d41d1f9097319092050b3f8bee9ff7db55d6401b92edf5e6534c5cb7fbb2ac309824bde4773ef53974d5b778b467722de655ce3e219c672c4745,JG328971,,7/5/2023 15:49,30,NO CONTROLS,NOT FUNCTIONING,CLEAR,DAYLIGHT,ANGLE,FOUR WAY,,STRAIGHT AND LEVEL,DRY,NO DEFECTS,,INJURY AND / OR TOW DUE TO CRASH,Y,,,"OVER $1,500",7/5/2023 15:50,UNABLE TO DETERMINE,UNABLE TO DETERMINE,8700,S,LAFAYETTE AVE,634,,,,,,,3,NONINCAPACITATING INJURY,1,0,0,1,0,3,0,15,4,7,41.73616511,-87.62558757,POINT (-87.625587568999 41.736165110086)
69926652f3dc89312cf2b5953aad99499f4710c60551d9553cac1e22adfab8900d86a591c95d410d88fc243f54e8c3d4adfb0411b0b01e6e50a775e5b3d14d3a,JD223552,,5/3/2020 22:42,30,TRAFFIC SIGNAL,FUNCTIONING PROPERLY,CLEAR,"DARKNESS, LIGHTED ROAD",ANGLE,NOT DIVIDED,,STRAIGHT AND LEVEL,DRY,NO DEFECTS,,INJURY AND / OR TOW DUE TO CRASH,Y,,,"OVER $1,500",5/3/2020 22:42,DISREGARDING TRAFFIC SIGNALS,UNABLE TO DETERMINE,2759,W,JACKSON BLVD,1125,,N,,,,,2,NONINCAPACITATING INJURY,1,0,0,1,0,1,0,22,1,5,41.87732667,-87.69606988,POINT (-87.696069879861 41.877326673891)
69b571c456f04a89d3b86aa31319e71cf02597901addaabae409da0845b578df24641ff4c0c9f421961f38107a6687c5ade6e85d6756aa71ecc27d990f26989f,JD234895,Y,5/17/2020 12:14,30,NO CONTROLS,NO CONTROLS,RAIN,DAYLIGHT,PARKED MOTOR VEHICLE,ALLEY,,STRAIGHT AND LEVEL,WET,NO DEFECTS,,NO INJURY / DRIVE AWAY,,,Y,"$501 - $1,500",5/17/2020 12:35,UNABLE TO DETERMINE,UNABLE TO DETERMINE,4918,N,TROY ST,1713,,,,,,,2,NO INDICATION OF INJURY,0,0,0,0,0,2,0,12,1,5,41.97087908,-87.7074671,POINT (-87.707467098218 41.970879077792)
6a6e3426a4f3871faedef064f71b0012d01dded4b6b72899e91a2703b7dc17c993eff37805bf8817db9ba938e0bd63f520ea91e16b2fb4977761688561316eab,JG289026,,6/5/2023 13:00,30,TRAFFIC SIGNAL,FUNCTIONING PROPERLY,CLEAR,DAYLIGHT,REAR END,NOT DIVIDED,,STRAIGHT AND LEVEL,DRY,NO DEFECTS,,NO INJURY / DRIVE AWAY,,,,"OVER $1,500",6/5/2023 13:51,UNABLE TO DETERMINE,NOT APPLICABLE,8644,S,KEDZIE AVE,834,,,,,,,2,NO INDICATION OF INJURY,0,0,0,0,0,6,0,13,2,6,41.735655,-87.70217767,POINT (-87.702177674107 41.73565499672)
6ae98f3764823d79f239576908e1a6a4f8077a79fcbf70fd587327118e762a148ae2c3ebd524a69ee3ad35e4db5d4565efd3f7f0c012225318392fe050818b67,JG128293,,1/24/2023 19:15,30,SCHOOL ZONE,FUNCTIONING PROPERLY,CLEAR,DUSK,ANGLE,NOT DIVIDED,,STRAIGHT AND LEVEL,DRY,NO DEFECTS,,INJURY AND / OR TOW DUE TO CRASH,,,Y,"OVER $1,500",1/24/2023 19:15,"OPERATING VEHICLE IN ERRATIC, RECKLESS, CARELESS, NEGLIGENT OR AGGRESSIVE MANNER",NOT APPLICABLE,756,N,PULASKI RD,1111,,,,,,,6,NONINCAPACITATING INJURY,3,0,0,3,0,4,0,19,3,1,41.89516372,-87.72622098,POINT (-87.726220974538 41.895163719945)
6af6a6a2cba737ae9fd598da8da4194e142c0558e2930cd322913b91e4eb440614806b84d8ddfc5ddf08b38bfc10e226804be5af55882e567d955bd3f9fcdd3d,JC564152,Y,12/29/2019 11:22,20,NO CONTROLS,NO CONTROLS,CLEAR,DAYLIGHT,PARKED MOTOR VEHICLE,ONE-WAY,,STRAIGHT AND LEVEL,DRY,NO DEFECTS,,NO INJURY / DRIVE AWAY,,,Y,"$501 - $1,500",12/29/2019 13:22,UNABLE TO DETERMINE,UNABLE TO DETERMINE,1510,E,HARPER CT,234,,,,,,,2,NO INDICATION OF INJURY,0,0,0,0,0,1,0,11,1,12,41.80041098,-87.58865845,POINT (-87.588658454385 41.800410975618)
6b82d7dde725b10f761617f92171cc7821f93bf6fd0e172d34d00b354d7327f575bf176f558194a5674f9e1ba096a22e7bad485a32e84ad32f3390f40d71b383,JC562184,,12/27/2019 17:18,30,TRAFFIC SIGNAL,FUNCTIONING PROPERLY,CLEAR,"DARKNESS, LIGHTED ROAD",REAR END,DIVIDED - W/MEDIAN (NOT RAISED),,STRAIGHT AND LEVEL,DRY,NO DEFECTS,,NO INJURY / DRIVE AWAY,Y,,Y,"$501 - $1,500",12/27/2019 17:30,FAILING TO REDUCE SPEED TO AVOID CRASH,UNABLE TO DETERMINE,8700,S,ASHLAND AVE,2221,,,,,,,2,NO INDICATION OF INJURY,0,0,0,0,0,2,0,17,6,12,41.73569699,-87.66320954,POINT (-87.663209544457 41.735696988636)
6ba68e62a497bab153725ce3124bbc70866a9f5fe8d7c0d41457f9fc7ae4cfff33e011ef1f6e643e463bee2971a9cec83f9611b08a50c91f80930abdf0f10dec,JC471637,,10/13/2019 21:25,30,TRAFFIC SIGNAL,FUNCTIONING PROPERLY,CLEAR,DUSK,TURNING,NOT DIVIDED,,STRAIGHT AND LEVEL,DRY,NO DEFECTS,,INJURY AND / OR TOW DUE TO CRASH,Y,,,"OVER $1,500",10/13/2019 21:28,FAILING TO YIELD RIGHT-OF-WAY,IMPROPER TURNING/NO SIGNAL,9500,S,STONY ISLAND AVE,511,,,,,,,3,NONINCAPACITATING INJURY,1,0,0,1,0,2,0,21,1,10,41.72225727,-87.58527557,POINT (-87.585275565077 41.722257273006)
6bd1785f6d3f118d669f6ef9a21fe273dc1da720b6301a79bdbe2fa8bfa8e037d8c878133b819fcb477280ecb7047a0c8961388e87bde2d6a6a4247c6020d048,JG320192,,6/28/2023 19:09,25,NO CONTROLS,NO CONTROLS,UNKNOWN,DAYLIGHT,SIDESWIPE OPPOSITE DIRECTION,NOT DIVIDED,,STRAIGHT AND LEVEL,DRY,UNKNOWN,,INJURY AND / OR TOW DUE TO CRASH,,,Y,"OVER $1,500",6/28/2023 19:11,UNABLE TO DETERMINE,UNABLE TO DETERMINE,4234,W,WEST END AVE,1114,,,,,,,2,NONINCAPACITATING INJURY,1,0,0,1,0,2,0,19,4,6,41.88339743,-87.73207304,POINT (-87.732073040604 41.88339743252)
6c5bcf5b572e4f7e1ba151ef755fda8732a6a9bbe83e97c4581887ccde50a0fbd10cc6baea01bc8e688276a76d6dad0565d50dce583775ab9cec42efb749ea73,JC391922,,8/14/2019 10:30,30,NO CONTROLS,NO CONTROLS,CLEAR,DAYLIGHT,SIDESWIPE SAME DIRECTION,NOT DIVIDED,,STRAIGHT AND LEVEL,DRY,NO DEFECTS,,NO INJURY / DRIVE AWAY,,,,"OVER $1,500",8/14/2019 11:00,UNABLE TO DETERMINE,UNABLE TO DETERMINE,4606,S,COTTAGE GROVE AVE,221,,,,,,,2,NO INDICATION OF INJURY,0,0,0,0,0,2,0,10,4,8,41.81109186,-87.60674683,POINT (-87.606746833034 41.811091863559)