CRASH_RECORD_ID,RD_NO,CRASH_DATE_EST_I,CRASH_DATE,POSTED_SPEED_LIMIT,TRAFFIC_CONTROL_DEVICE,DEVICE_CONDITION,WEATHER_CONDITION,LIGHTING_CONDITION,FIRST_CRASH_TYPE,TRAFFICWAY_TYPE,LANE_CNT,ALIGNMENT,ROADWAY_SURFACE_COND,ROAD_DEFECT,REPORT_TYPE,CRASH_TYPE,INTERSECTION_RELATED_I,NOT_RIGHT_OF_WAY_I,HIT_AND_RUN_I,DAMAGE,DATE_POLICE_NOTIFIED,PRIM_CONTRIBUTORY_CAUSE,SEC_CONTRIBUTORY_CAUSE,STREET_NO,STREET_DIRECTION,STREET_NAME,BEAT_OF_OCCURRENCE,PHOTOS_TAKEN_I,STATEMENTS_TAKEN_I,DOORING_I,WORK_ZONE_I,WORK_ZONE_TYPE,WORKERS_PRESENT_I,NUM_UNITS,MOST_SEVERE_INJURY,INJURIES_TOTAL,INJURIES_FATAL,INJURIES_INCAPACITATING,INJURIES_NON_INCAPACITATING,INJURIES_REPORTED_NOT_EVIDENT,INJURIES_NO_INDICATION,INJURIES_UNKNOWN,CRASH_HOUR,CRASH_DAY_OF_WEEK,CRASH_MONTH,LATITUDE,LONGITUDE,LOCATION
6cd1184a575a86807cf97e80e62aa3a8339b455e3eaa3db1f2c3479ada7ab9947c02b74a27ca015803f239c609576127960fee462a1f045ebe9b32f580d905fb,JG309229,,6/10/2023 17:00,30,NO CONTROLS,NO CONTROLS,CLEAR,DAYLIGHT,REAR TO FRONT,ONE-WAY,,STRAIGHT AND LEVEL,DRY,NO DEFECTS,,NO INJURY / DRIVE AWAY,,,Y,"OVER $1,500",6/20/2023 22:50,UNABLE TO DETERMINE,NOT APPLICABLE,1198,N,RICHMOND ST,1211,,,,,,,2,NO INDICATION OF INJURY,0,0,0,0,0,2,0,17,7,6,41.90280105,-87.70070344,POINT (-87.700703437251 41.902801054252)
6cf78bbaa602adb6bbd6ca81fa7f8bd40c995e07c918255ffa9eae6a4873b0f5164d86b42485313df18cb685cbd364c7f311b48497fb433da0e34dc2c7b43969,JC463033,,10/4/2019 8:30,30,NO CONTROLS,NO CONTROLS,UNKNOWN,DAYLIGHT,PEDESTRIAN,NOT DIVIDED,,STRAIGHT AND LEVEL,UNKNOWN,UNKNOWN,,INJURY AND / OR TOW DUE TO CRASH,,,,$500 OR LESS,10/7/2019 10:00,UNABLE TO DETERMINE,UNABLE TO DETERMINE,2534,N,CLARK ST,1935,,,,,,,2,NONINCAPACITATING INJURY,1,0,0,1,0,1,0,8,6,10,41.92868792,-87.64248467,POINT (-87.642484671389 41.928687915663)
6d00cfe1e43b4ecb74adafe85dc9f4b9ea955d30761d45bc62604a6e1d5476595240c34f9d47c6cfcad78a1c618cc02cfecf1aa11394406b38bd67d8fa3665f3,JC470452,,10/12/2019 19:29,30,NO CONTROLS,NO CONTROLS,CLEAR,DARKNESS,REAR END,NOT DIVIDED,,STRAIGHT AND LEVEL,DRY,NO DEFECTS,,NO INJURY / DRIVE AWAY,,,Y,$500 OR LESS,10/12/2019 20:12,UNABLE TO DETERMINE,NOT APPLICABLE,1400,W,NORTH AVE,1433,,,,,,,3,NO INDICATION OF INJURY,0,0,0,0,0,3,0,19,7,10,41.91080682,-87.66310493,POINT (-87.66310493406 41.910806819199)
6d2cab3b41a53df460bfee3ec24a7eab1c4a6a18811343b42679150aa4684b27b38d3ec49590e82f5b0e2a8c803119792644c99fd940097c4a2c89162a540e07,JG223313,,4/13/2023 15:00,30,NO CONTROLS,NO CONTROLS,UNKNOWN,UNKNOWN,ANGLE,DIVIDED - W/MEDIAN (NOT RAISED),,STRAIGHT AND LEVEL,UNKNOWN,UNKNOWN,,NO INJURY / DRIVE AWAY,Y,,,$500 OR LESS,4/14/2023 15:35,UNABLE TO DETERMINE,NOT APPLICABLE,5600,S,KEDZIE AVE,822,,,,,,,2,NO INDICATION OF INJURY,0,0,0,0,0,3,0,15,5,4,41.79160504,-87.70364888,POINT (-87.703648882176 41.791605035051)
6db0b8d79a634a731998a26318c4ef8d127480e3aacf9181f055998aa73b7254aa281ea10733bdb54680b21dc64f117a1185788a1512a64a36f3bc2144b28625,JC561643,,12/27/2019 9:55,30,NO CONTROLS,NO CONTROLS,CLEAR,DAYLIGHT,REAR END,DIVIDED - W/MEDIAN (NOT RAISED),,STRAIGHT AND LEVEL,DRY,NO DEFECTS,,INJURY AND / OR TOW DUE TO CRASH,Y,,Y,"OVER $1,500",12/27/2019 10:00,FOLLOWING TOO CLOSELY,UNABLE TO DETERMINE,601,N,MILWAUKEE AVE,1214,,,,,,,2,"REPORTED, NOT EVIDENT",1,0,0,0,1,2,0,9,6,12,41.89285372,-87.64993049,POINT (-87.649930488949 41.89285371955)
6db407fd9ce3d3985f56e05bc5676ad6ab279fb9a1d5abb629e088475079ff6c8f551390762fb1d793542f159f7668b4a26cba468b6d39143f978a7cb9ce4e1e,JD207804,,4/12/2020 21:06,30,NO CONTROLS,NO CONTROLS,FREEZING RAIN/DRIZZLE,"DARKNESS, LIGHTED ROAD",TURNING,DIVIDED - W/MEDIAN (NOT RAISED),,STRAIGHT AND LEVEL,WET,NO DEFECTS,,NO INJURY / DRIVE AWAY,,,,"OVER $1,500",4/12/2020 21:40,IMPROPER LANE USAGE,NOT APPLICABLE,4300,W,DIVISION ST,2534,,,,,,,3,NO INDICATION OF INJURY,0,0,0,0,0,3,0,21,1,4,41.90266281,-87.73380837,POINT (-87.733808369749 41.902662812914)
6e2d5d4c2e66ecf892f3a53f1f9cfabd67e1727ce593dc2b0ad03cccfe402cb11af86f1677300179e1ae3b4448fffde1bc30845d4570506a034c225707772df4,JC115806,,1/13/2019 19:48,30,NO CONTROLS,NO CONTROLS,SNOW,"DARKNESS, LIGHTED ROAD",PARKED MOTOR VEHICLE,ONE-WAY,1,STRAIGHT AND LEVEL,SNOW OR SLUSH,NO DEFECTS,,NO INJURY / DRIVE AWAY,,,,"OVER $1,500",1/13/2019 19:59,WEATHER,NOT APPLICABLE,9514,S,GREENWOOD AVE,511,,,,,,,3,NO INDICATION OF INJURY,0,0,0,0,0,1,0,19,1,1,41.72166222,-87.59734257,POINT (-87.597342573026 41.721662223832)
6e6864365c7cd85debd22012fd3917be7bb94dd015ca84db3d0f986aac338f8897ef654882020ecae263d36031df112cfa6b0b6f8e3f86ffc312534f53f4b7f9,JD218769,,4/28/2020 3:07,30,NO CONTROLS,NO CONTROLS,CLEAR,"DARKNESS, LIGHTED ROAD",PARKED MOTOR VEHICLE,ONE-WAY,,STRAIGHT AND LEVEL,WET,NO DEFECTS,,NO INJURY / DRIVE AWAY,,,N,"OVER $1,500",4/28/2020 3:07,FAILING TO REDUCE SPEED TO AVOID CRASH,UNABLE TO DETERMINE,2007,W,70TH ST,735,,,,,,,3,NO INDICATION OF INJURY,0,0,0,0,0,3,0,3,3,4,41.76650995,-87.6739265,POINT (-87.673926498589 41.766509949945)
6eb694d41e49388e4e8d40f750c81543d0dafe7cea1e784c261c07bc63112b1a83581e35c0c64783f2c722a212c789eed991756657704668d5c240e97b01511c,JD151264,,2/14/2020 8:45,30,TRAFFIC SIGNAL,FUNCTIONING PROPERLY,CLEAR,DAYLIGHT,SIDESWIPE SAME DIRECTION,DIVIDED - W/MEDIAN (NOT RAISED),,STRAIGHT AND LEVEL,DRY,NO DEFECTS,,NO INJURY / DRIVE AWAY,,,Y,"$501 - $1,500",2/14/2020 9:28,UNABLE TO DETERMINE,UNABLE TO DETERMINE,5598,W,IRVING PARK RD,1624,,,,,,,2,NO INDICATION OF INJURY,0,0,0,0,0,3,0,8,6,2,41.9532972,-87.76688134,POINT (-87.766881337666 41.953297198059)
6eeabec7b27938233bad7897b11622ff1dcac703341a1d69eac3c2d27fe20350b2374dd52c36f8aaea71012434f55b7d6bf9ebae7948b1dcfa7e5231cfa10a0f,JD179126,,3/9/2020 6:35,30,NO CONTROLS,FUNCTIONING PROPERLY,RAIN,DARKNESS,PEDESTRIAN,T-INTERSECTION,,STRAIGHT AND LEVEL,WET,NO DEFECTS,,INJURY AND / OR TOW DUE TO CRASH,,,,$500 OR LESS,3/9/2020 7:10,DISTRACTION - FROM OUTSIDE VEHICLE,NOT APPLICABLE,5800,S,COTTAGE GROVE AVE,233,,,,,,,2,"REPORTED, NOT EVIDENT",1,0,0,0,1,1,0,6,2,3,41.78942072,-87.60626259,POINT (-87.606262588229 41.789420717811)
6efa925c69c57e4e5a7577d6fd3fbd9f2b0abd53d8412e8690633265307eb5a8100316c22c0545fb6279207adb12349b75cc34c2a37c08a55d9b2347b2d248cb,JD119762,,1/17/2020 10:38,30,TRAFFIC SIGNAL,FUNCTIONING PROPERLY,SNOW,"DARKNESS, LIGHTED ROAD",TURNING,NOT DIVIDED,,STRAIGHT AND LEVEL,SNOW OR SLUSH,NO DEFECTS,,INJURY AND / OR TOW DUE TO CRASH,Y,,,"OVER $1,500",1/17/2020 22:39,DISREGARDING OTHER TRAFFIC SIGNS,FAILING TO REDUCE SPEED TO AVOID CRASH,4799,W,MONTROSE AVE,1722,,,,,,,2,NO INDICATION OF INJURY,0,0,0,0,0,4,0,10,6,1,41.96061348,-87.74747997,POINT (-87.747479964722 41.960613478733)
6f0cbc474c6d5a48c818d189f2c7b9fdcc277b6c09da1f2ccbeb92d8b95313833766d2ba997c390aa37276d129443dea1b60bebeeff1ca7fe722c5aefbb17301,JC564602,,12/29/2019 20:15,30,NO CONTROLS,NO CONTROLS,RAIN,"DARKNESS, LIGHTED ROAD",PEDESTRIAN,DIVIDED - W/MEDIAN (NOT RAISED),,STRAIGHT AND LEVEL,WET,NO DEFECTS,,INJURY AND / OR TOW DUE TO CRASH,,,Y,$500 OR LESS,12/29/2019 20:37,UNABLE TO DETERMINE,UNABLE TO DETERMINE,3513,W,LAWRENCE AVE,1723,,,,,,,2,"REPORTED, NOT EVIDENT",1,0,0,0,1,1,0,20,1,12,41.96826073,-87.71641815,POINT (-87.716418153012 41.96826072601)
6f2054e26ea19f59a820b3893d97b121f208bc7e6e5c25968b7022dd704ae9b7773c32d74d0e968dfb3d10491da4c914fe628e551109add089bac9c6e9c38271,JC535965,,12/5/2019 17:37,30,NO CONTROLS,NO CONTROLS,CLEAR,"DARKNESS, LIGHTED ROAD",ANGLE,ONE-WAY,,STRAIGHT AND LEVEL,DRY,NO DEFECTS,,NO INJURY / DRIVE AWAY,,,,"$501 - $1,500",12/5/2019 17:42,FOLLOWING TOO CLOSELY,NOT APPLICABLE,5450,S,WELLS ST,935,,,,,,,2,NO INDICATION OF INJURY,0,0,0,0,0,3,0,17,5,12,41.79480676,-87.63193511,POINT (-87.631935108404 41.794806763509)
6f2bd9ed2c64b533d05e3f145a57469601d4eca6af0473e1f95f33fbddbf0d2fc27b8ecd40b8c03288596f15bff44a37ee8a1bca5e1456db24c69b063a6420de,JD175822,,3/6/2020 8:10,10,NO CONTROLS,NO CONTROLS,CLEAR,DAYLIGHT,PARKED MOTOR VEHICLE,PARKING LOT,,STRAIGHT AND LEVEL,DRY,NO DEFECTS,,INJURY AND / OR TOW DUE TO CRASH,,Y,Y,"OVER $1,500",3/6/2020 8:16,NOT APPLICABLE,NOT APPLICABLE,2100,S,MICHIGAN AVE,131,,,,,,,2,NONINCAPACITATING INJURY,1,0,0,1,0,1,0,8,6,3,41.85421145,-87.62399649,POINT (-87.623996494321 41.854211448485)
6f4fbb27b9c56db87443c60793f7564e57e1d6216551e136728dc7df8986ff86bd5947e9fefe76ff49a2c55d401e99f7b4a73fd8bd16b9f03ab2c313df6b40db,JD204345,,4/7/2020 21:30,30,STOP SIGN/FLASHER,FUNCTIONING PROPERLY,RAIN,"DARKNESS, LIGHTED ROAD",TURNING,DIVIDED - W/MEDIAN (NOT RAISED),,STRAIGHT AND LEVEL,WET,SHOULDER DEFECT,,NO INJURY / DRIVE AWAY,,,,"$501 - $1,500",4/7/2020 22:00,UNABLE TO DETERMINE,NOT APPLICABLE,1200,S,ASHLAND AVE,1233,,,,,,,2,NO INDICATION OF INJURY,0,0,0,0,0,2,0,21,3,4,41.86681578,-87.66652926,POINT (-87.666529262922 41.86681578431)
6f61bae12a5a210562d0fb40a640503c235db53dbf5d35276be07fd15e8342be73ee531a8c28ba0084c0ab233e817f91de6a9a406717ccaa2e9c645dddec4c6b,JC559342,,12/24/2019 21:35,30,TRAFFIC SIGNAL,FUNCTIONING PROPERLY,CLEAR,DUSK,SIDESWIPE SAME DIRECTION,DIVIDED - W/MEDIAN (NOT RAISED),,STRAIGHT AND LEVEL,DRY,NO DEFECTS,,NO INJURY / DRIVE AWAY,,,Y,"OVER $1,500",12/24/2019 21:37,IMPROPER LANE USAGE,IMPROPER LANE USAGE,1630,W,119TH ST,2234,,,,,,,2,NO INDICATION OF INJURY,0,0,0,0,0,4,0,21,3,12,41.67763065,-87.66245071,POINT (-87.662450711185 41.677630649115)
6f67add78df904a22b6302e49a7a6d53513bbcfad84070478fba57c2bb5161d491260c32a2c2d081e7b630fc6ecc8f145e453d8f05cb1a71d254a2e31cafd40c,JG253064,,5/8/2023 18:00,30,STOP SIGN/FLASHER,FUNCTIONING PROPERLY,CLOUDY/OVERCAST,DAYLIGHT,ANGLE,FOUR WAY,,STRAIGHT AND LEVEL,DRY,NO DEFECTS,,INJURY AND / OR TOW DUE TO CRASH,,,Y,"OVER $1,500",5/8/2023 18:25,UNABLE TO DETERMINE,UNABLE TO DETERMINE,10100,S,GREEN ST,2232,,,,,,,2,NO INDICATION OF INJURY,0,0,0,0,0,2,0,18,2,5,41.71044605,-87.64427669,POINT (-87.644276693737 41.71044604487)
6f7ecb27672cda60d6207ba0f9c8d6a30a2856f5365ef147985ecff6f5c51f10f3d2b99f1f6f6f72acbd0df2469951674a8608a6ca6336ed4f786e7cee610833,JD176316,,3/6/2020 15:13,30,NO CONTROLS,NO CONTROLS,CLEAR,DAYLIGHT,PEDALCYCLIST,ONE-WAY,,STRAIGHT AND LEVEL,DRY,NO DEFECTS,,INJURY AND / OR TOW DUE TO CRASH,,,,$500 OR LESS,3/6/2020 15:45,IMPROPER BACKING,DRIVING ON WRONG SIDE/WRONG WAY,1615,W,WINONA ST,2032,,,,,,,2,NONINCAPACITATING INJURY,1,0,0,1,0,1,0,15,6,3,41.97512929,-87.6701975,POINT (-87.670197499928 41.975129286375)
6f950190f34157da577a7bb19ac27f59d9ff3e7682b09f10e0b720b63d4b23eaf0764a4289308a36b0ee1f1cafc57546bdc9281f904b19b12daca21a426478ba,JG273362,,5/24/2023 13:15,30,TRAFFIC SIGNAL,NO CONTROLS,CLEAR,DAYLIGHT,REAR END,DIVIDED - W/MEDIAN (NOT RAISED),,STRAIGHT AND LEVEL,DRY,NO DEFECTS,,NO INJURY / DRIVE AWAY,,,,$500 OR LESS,5/24/2023 13:50,FOLLOWING TOO CLOSELY,NOT APPLICABLE,18,S,ASHLAND AVE,1224,,,,,,,2,NO INDICATION OF INJURY,0,0,0,0,0,2,0,13,4,5,41.880869,-87.66693816,POINT (-87.666938162763 41.880868995968)
6fc974f5693fe837daf8397a7e4fc5aaad3d7206f6ecdf7e3c4cb1f00a24055c2c821ce8934464a8145e93fd0980abf7390549a9c5067d7650c1b69378391f58,JC477494,,10/18/2019 13:00,30,TRAFFIC SIGNAL,FUNCTIONING PROPERLY,CLEAR,DAYLIGHT,REAR END,UNKNOWN,,STRAIGHT AND LEVEL,DRY,OTHER,,NO INJURY / DRIVE AWAY,,,Y,"$501 - $1,500",10/18/2019 15:45,UNABLE TO DETERMINE,NOT APPLICABLE,12001,S,HALSTED ST,523,,,,,,,2,NO INDICATION OF INJURY,0,0,0,0,0,2,0,13,6,10,41.67590207,-87.64169805,POINT (-87.641698046282 41.675902066048)
6fcb5d0ce4b7492fe2d36a5b4846f8782e10dd820f5b1ee5eb206fea83f89b83cbc4c2cc5e8ae0b1c43a1d52753cd4795b3a9a6cd5b161675973e9f371074b78,JC422932,,9/6/2019 20:00,30,TRAFFIC SIGNAL,FUNCTIONING PROPERLY,CLEAR,"DARKNESS, LIGHTED ROAD",SIDESWIPE SAME DIRECTION,NOT DIVIDED,,STRAIGHT AND LEVEL,DRY,NO DEFECTS,,NO INJURY / DRIVE AWAY,Y,,,"OVER $1,500",9/6/2019 20:00,FAILING TO YIELD RIGHT-OF-WAY,UNABLE TO DETERMINE,50,E,CHICAGO AVE,1833,,,,,,,2,NO INDICATION OF INJURY,0,0,0,0,0,2,0,20,6,9,41.89681404,-87.62627782,POINT (-87.626277823438 41.896814039218)
6fd391b5c0e1c59c8ae1c8d0c77fa934e2e05d020b86214649170c91581e33c56d125930c09f1455ed70762b8e9dab9985f281148dcb8c3ceca9f9ed121c58a6,JG229720,,4/19/2023 14:33,35,TRAFFIC SIGNAL,FUNCTIONING PROPERLY,CLEAR,DAYLIGHT,SIDESWIPE SAME DIRECTION,FOUR WAY,,STRAIGHT AND LEVEL,DRY,NO DEFECTS,,INJURY AND / OR TOW DUE TO CRASH,Y,,Y,"OVER $1,500",4/19/2023 14:33,IMPROPER OVERTAKING/PASSING,UNABLE TO DETERMINE,1400,E,75TH ST,324,,,,,,,4,"REPORTED, NOT EVIDENT",1,0,0,0,1,5,0,14,4,4,41.75883413,-87.59074086,POINT (-87.590740862609 41.758834131343)
7024af1dda2ffc85c1cf3b392a7fc704556c6519d3b03a5f11cf233682c2ec99ba58cb997c613238189dbc0fd9714c4c9bf535c93ced5cd13c16ad848356791c,JC479877,,10/20/2019 1:55,30,STOP SIGN/FLASHER,FUNCTIONING PROPERLY,CLEAR,"DARKNESS, LIGHTED ROAD",ANGLE,NOT DIVIDED,,STRAIGHT AND LEVEL,DRY,NO DEFECTS,,NO INJURY / DRIVE AWAY,,,,"OVER $1,500",10/20/2019 16:20,UNABLE TO DETERMINE,UNABLE TO DETERMINE,6234,W,BRYN MAWR AVE,1622,,,,,,,2,NO INDICATION OF INJURY,0,0,0,0,0,2,0,1,1,10,41.98301673,-87.78403389,POINT (-87.784033884703 41.983016731058)
7027dbcd9ff11083e20d9db7cbc0877daf971a8a210999fcee8b7b2e699506dbdb8daf64e7b218ab0e19011c745d9e2cc1017076cccb77c7c86bad841547f15b,JD240646,,5/23/2020 17:10,30,TRAFFIC SIGNAL,FUNCTIONING PROPERLY,CLEAR,DAYLIGHT,REAR END,DIVIDED - W/MEDIAN (NOT RAISED),,STRAIGHT AND LEVEL,DRY,UNKNOWN,,NO INJURY / DRIVE AWAY,,,Y,"OVER $1,500",5/23/2020 17:30,FAILING TO REDUCE SPEED TO AVOID CRASH,NOT APPLICABLE,4918,W,NORTH AVE,2533,,,,,,,2,NO INDICATION OF INJURY,0,0,0,0,0,2,0,17,7,5,41.90968577,-87.7499708,POINT (-87.749970801821 41.909685773479)
7028122137fe99ce3c9a2d13cbe63aa67681925422e773b6467372e6f78b36296392972d573e98930c1df6e4b4ab5bfe5103e5c0389b99ff3ef29e4a30abe986,JG271469,,5/23/2023 7:31,25,NO CONTROLS,NO CONTROLS,CLEAR,DAYLIGHT,REAR END,NOT DIVIDED,,STRAIGHT AND LEVEL,DRY,NO DEFECTS,,INJURY AND / OR TOW DUE TO CRASH,,,,"OVER $1,500",5/23/2023 7:45,FOLLOWING TOO CLOSELY,FAILING TO REDUCE SPEED TO AVOID CRASH,2335,W,99TH ST,2213,,,,,,,4,"REPORTED, NOT EVIDENT",1,0,0,0,1,5,0,7,3,5,41.71355391,-87.68077502,POINT (-87.680775023751 41.713553911643)
705a4675b8f492c49c205735ac7e7f39289a0483fecebba089e2f9bcc1b72b7f8cb39f705d1e02ff8e7b960121c4e847a3f8656f8808b4747d1474fc15b976b5,JC367841,,7/28/2019 5:15,35,TRAFFIC SIGNAL,FUNCTIONING PROPERLY,CLEAR,DAWN,REAR END,DIVIDED - W/MEDIAN (NOT RAISED),,STRAIGHT AND LEVEL,DRY,NO DEFECTS,,INJURY AND / OR TOW DUE TO CRASH,Y,,,"OVER $1,500",7/28/2019 5:15,UNDER THE INFLUENCE OF ALCOHOL/DRUGS (USE WHEN ARREST IS EFFECTED),FAILING TO REDUCE SPEED TO AVOID CRASH,5203,S,PULASKI RD,822,,Y,,,,,3,INCAPACITATING INJURY,3,0,1,2,0,5,0,5,1,7,41.79845862,-87.72316389,POINT (-87.723163890721 41.798458621348)
705b961fdbdb3f03207bac9c1ddc0518ff1b30ee18f7aff9b7b5b46457bd88fcad775f3cf996c6463edfd9ca881a02fa0a39bebf8610c7ee5c38ff0bad224dde,JG313587,,6/24/2023 2:50,35,NO CONTROLS,NO CONTROLS,CLEAR,DAWN,FIXED OBJECT,NOT DIVIDED,,STRAIGHT AND LEVEL,DRY,NO DEFECTS,,INJURY AND / OR TOW DUE TO CRASH,,,,"OVER $1,500",6/24/2023 2:50,FAILING TO REDUCE SPEED TO AVOID CRASH,NOT APPLICABLE,6506,S,WOODLAWN AVE,321,,Y,,,,,3,NO INDICATION OF INJURY,0,0,0,0,0,1,0,2,7,6,41.77661848,-87.59625806,POINT (-87.596258063233 41.776618484238)
70ba7002522b3f69c7c9d61e505f75cf5ef22e3379ac3e241d0bb55caefc56a7a44c1a165519dc4e25adc0438061a360461d489187f8c2047f15a4dde48cbffd,JD227369,,5/8/2020 14:10,30,NO CONTROLS,NO CONTROLS,CLEAR,DAYLIGHT,TURNING,NOT DIVIDED,,STRAIGHT AND LEVEL,DRY,NO DEFECTS,,NO INJURY / DRIVE AWAY,,,,"OVER $1,500",5/8/2020 14:12,FAILING TO YIELD RIGHT-OF-WAY,UNABLE TO DETERMINE,8700,S,HARPER AVE,412,,,,,,,2,NO INDICATION OF INJURY,0,0,0,0,0,4,0,14,6,5,41.73680291,-87.58705797,POINT (-87.587057964619 41.736802906927)
71248e69f179c3850c7b7a04bc6f0feca69dae5c15b8251ab4e9e111a9eeb5997e678c15ea2ddee587196e31dbafe2c5d442e4e7a91103f8f6b851d328d1200a,JB495767,,10/30/2018 3:05,30,TRAFFIC SIGNAL,FUNCTIONING PROPERLY,CLEAR,"DARKNESS, LIGHTED ROAD",PEDESTRIAN,NOT DIVIDED,,STRAIGHT AND LEVEL,DRY,NO DEFECTS,,INJURY AND / OR TOW DUE TO CRASH,Y,,Y,"OVER $1,500",10/30/2018 3:05,UNABLE TO DETERMINE,UNABLE TO DETERMINE,800,E,79TH ST,624,Y,,,,,,3,FATAL,1,1,0,0,0,2,0,3,3,10,41.7513967,-87.60515466,POINT (-87.605154658072 41.751396701356)
713f9ee98cb2a74d8c41eda5f5c3b6d64e70a051ec01ecec3a73d088876e5785c4bf8da326d9e0e66081001a2bacf74538915408c4d40dfc98b23787263aead2,JD142335,,2/6/2020 14:35,30,TRAFFIC SIGNAL,FUNCTIONING PROPERLY,SNOW,DAYLIGHT,PEDESTRIAN,T-INTERSECTION,,STRAIGHT AND LEVEL,SNOW OR SLUSH,NO DEFECTS,,INJURY AND / OR TOW DUE TO CRASH,Y,,,"OVER $1,500",2/6/2020 15:20,UNABLE TO DETERMINE,NOT APPLICABLE,5200,N,EAST RIVER RD,1614,,,,,,,2,NONINCAPACITATING INJURY,1,0,0,1,0,1,0,14,5,2,41.97377367,-87.84664958,POINT (-87.846649576475 41.973773667956)
717b38cfe34f5d09df3d638a47773788e9d05578f48c198d0cbede7db383d58c2e51483e22a05d96cc430b80ebcae8ba7219a8407673772d41e6020dff7ebfe7,JC341301,,7/9/2019 11:40,30,NO CONTROLS,NO CONTROLS,CLEAR,DAYLIGHT,SIDESWIPE SAME DIRECTION,ONE-WAY,,STRAIGHT AND LEVEL,DRY,UNKNOWN,,NO INJURY / DRIVE AWAY,,,Y,"OVER $1,500",7/9/2019 13:30,IMPROPER OVERTAKING/PASSING,NOT APPLICABLE,4249,W,21ST PL,1012,,,,,,,2,NO INDICATION OF INJURY,0,0,0,0,0,2,0,11,3,7,41.85238111,-87.73159107,POINT (-87.731591069381 41.85238110942)
718308aed6c7406b1048e9c5bf25e88505e5bbd975663b072988bf084b5b83c5aab255362b587816ad2f55df8cd48bc2762fb368bc7fb4e277a5d396ef55e60f,JD196601,,3/28/2020 3:44,30,TRAFFIC SIGNAL,FUNCTIONING PROPERLY,RAIN,"DARKNESS, LIGHTED ROAD",REAR END,NOT DIVIDED,,STRAIGHT AND LEVEL,WET,UNKNOWN,,INJURY AND / OR TOW DUE TO CRASH,Y,,,"OVER $1,500",3/28/2020 3:44,UNDER THE INFLUENCE OF ALCOHOL/DRUGS (USE WHEN ARREST IS EFFECTED),DRIVING ON WRONG SIDE/WRONG WAY,5700,S,CALIFORNIA AVE,824,,Y,,,,,3,NONINCAPACITATING INJURY,3,0,0,3,0,0,0,3,7,3,41.78995501,-87.69384099,POINT (-87.693840993851 41.789955013776)
7190e83ec1bb12c250072b794c3f7838c83eac8fd020982a6160e0ef3629cdfcf5fc25dc39f46f42d821bf78d80de24560cc5211d2cc5da1f46ef242ee70be02,JD106851,,12/30/2019 22:30,30,NO CONTROLS,NO CONTROLS,CLEAR,"DARKNESS, LIGHTED ROAD",PARKED MOTOR VEHICLE,NOT DIVIDED,,STRAIGHT AND LEVEL,DRY,NO DEFECTS,,NO INJURY / DRIVE AWAY,,,,"OVER $1,500",1/7/2020 0:00,UNABLE TO DETERMINE,NOT APPLICABLE,6333,N,RIDGE AVE,2433,,,,,,,2,NO INDICATION OF INJURY,0,0,0,0,0,3,0,22,2,12,41.9965364,-87.67601559,POINT (-87.676015592718 41.996536396935)
71a3389d4c90b27971cc71a7a3ba734e19745e3abfe68ce1630fa4b8f905c1e8b418c49cd3bef25ef9559cc5e637ea442cbdfea7a25af6be309db1bf30ab445d,JD199973,,4/1/2020 21:15,5,NO CONTROLS,NO CONTROLS,CLEAR,DARKNESS,PARKED MOTOR VEHICLE,PARKING LOT,,STRAIGHT AND LEVEL,DRY,NO DEFECTS,,NO INJURY / DRIVE AWAY,,,Y,"OVER $1,500",4/1/2020 21:16,"OPERATING VEHICLE IN ERRATIC, RECKLESS, CARELESS, NEGLIGENT OR AGGRESSIVE MANNER",UNABLE TO DETERMINE,499,S,KOSTNER AVE,1131,,,,,,,2,NO INDICATION OF INJURY,0,0,0,0,0,1,0,21,4,4,41.87428073,-87.73509672,POINT (-87.735096723816 41.874280733946)
71b3a4f4f7e8dbfe3ca54a25c0c829ae9932fd91b28427cde48845ed574088781cfa1c44358c974c054b336013f37f0036ae30b091bd8770175659b45e7cd7a6,JD178486,,3/8/2020 15:07,35,TRAFFIC SIGNAL,FUNCTIONING PROPERLY,CLEAR,DAYLIGHT,ANGLE,FOUR WAY,,STRAIGHT AND LEVEL,DRY,NO DEFECTS,,INJURY AND / OR TOW DUE TO CRASH,Y,,,"$501 - $1,500",3/8/2020 15:08,IMPROPER TURNING/NO SIGNAL,FAILING TO REDUCE SPEED TO AVOID CRASH,6300,S,RACINE AVE,724,,,,,,,2,NO INDICATION OF INJURY,0,0,0,0,0,3,0,15,1,3,41.77951604,-87.65464687,POINT (-87.654646873699 41.779516037968)
71cad954ded85b3e8e6347bc47f64e9e0e1f8a074e0997e3f60e5f57dd0ac2ab3aafa65fc879e0e922a65fc6753991518f89256d0bd5fb4afd1da8a7c3c8c96e,JD135190,,1/27/2020 14:55,30,TRAFFIC SIGNAL,FUNCTIONING PROPERLY,CLEAR,DAYLIGHT,PEDESTRIAN,FOUR WAY,,STRAIGHT AND LEVEL,DRY,NO DEFECTS,,INJURY AND / OR TOW DUE TO CRASH,Y,,Y,$500 OR LESS,1/31/2020 14:30,FAILING TO REDUCE SPEED TO AVOID CRASH,PHYSICAL CONDITION OF DRIVER,5600,N,ASHLAND AVE,2012,Y,,,,,,2,NONINCAPACITATING INJURY,1,0,0,1,0,1,0,14,2,1,41.98351514,-87.66996498,POINT (-87.669964983716 41.983515141245)