CRASH_RECORD_ID,RD_NO,CRASH_DATE_EST_I,CRASH_DATE,POSTED_SPEED_LIMIT,TRAFFIC_CONTROL_DEVICE,DEVICE_CONDITION,WEATHER_CONDITION,LIGHTING_CONDITION,FIRST_CRASH_TYPE,TRAFFICWAY_TYPE,LANE_CNT,ALIGNMENT,ROADWAY_SURFACE_COND,ROAD_DEFECT,REPORT_TYPE,CRASH_TYPE,INTERSECTION_RELATED_I,NOT_RIGHT_OF_WAY_I,HIT_AND_RUN_I,DAMAGE,DATE_POLICE_NOTIFIED,PRIM_CONTRIBUTORY_CAUSE,SEC_CONTRIBUTORY_CAUSE,STREET_NO,STREET_DIRECTION,STREET_NAME,BEAT_OF_OCCURRENCE,PHOTOS_TAKEN_I,STATEMENTS_TAKEN_I,DOORING_I,WORK_ZONE_I,WORK_ZONE_TYPE,WORKERS_PRESENT_I,NUM_UNITS,MOST_SEVERE_INJURY,INJURIES_TOTAL,INJURIES_FATAL,INJURIES_INCAPACITATING,INJURIES_NON_INCAPACITATING,INJURIES_REPORTED_NOT_EVIDENT,INJURIES_NO_INDICATION,INJURIES_UNKNOWN,CRASH_HOUR,CRASH_DAY_OF_WEEK,CRASH_MONTH,LATITUDE,LONGITUDE,LOCATION
72133e1bf96afe37a388eda46216aa59c4c2db4b870150a7002cff9a56c72a1dbb70e7cfe4287e2dd009131784d81c24a45460d04cf1aa0351247339568c82b5,JC385097,,8/8/2019 15:50,30,TRAFFIC SIGNAL,FUNCTIONING PROPERLY,CLEAR,DAYLIGHT,REAR END,DIVIDED - W/MEDIAN (NOT RAISED),,STRAIGHT AND LEVEL,DRY,NO DEFECTS,,NO INJURY / DRIVE AWAY,,,Y,"OVER $1,500",8/9/2019 8:50,FAILING TO REDUCE SPEED TO AVOID CRASH,NOT APPLICABLE,800,N,ASHLAND AVE,1213,Y,,,,,,2,NO INDICATION OF INJURY,0,0,0,0,0,3,0,15,5,8,41.89611387,-87.66743958,POINT (-87.6674395814 41.896113867204)
725a465ebd2e7aafbce8720d5fad015fcc90496fe01669191c01cdfe5ee010b0b5ff12df64c7e599a072e1a3888c3c8eb34645677f1fbb4087dbe7c6a9f3944c,JC532119,,11/23/2019 21:00,30,TRAFFIC SIGNAL,FUNCTIONING PROPERLY,CLEAR,DARKNESS,SIDESWIPE SAME DIRECTION,DIVIDED - W/MEDIAN (NOT RAISED),,STRAIGHT AND LEVEL,DRY,NO DEFECTS,,NO INJURY / DRIVE AWAY,,,,"$501 - $1,500",12/2/2019 18:00,UNABLE TO DETERMINE,UNABLE TO DETERMINE,3140,N,BROADWAY,1934,,,,,,,2,NO INDICATION OF INJURY,0,0,0,0,0,2,0,21,7,11,41.9389148,-87.64450743,POINT (-87.644507429382 41.938914803103)
7263be3b2bded65fb935c46628eb951fa2be8fa27fc6aa27d008ba17e99bc205e6a3023616216397f886f673d149e2462bc86844ab7ec61b1550cb8fd0b72bdd,JC396876,,8/17/2019 22:24,30,TRAFFIC SIGNAL,FUNCTIONING PROPERLY,CLEAR,"DARKNESS, LIGHTED ROAD",TURNING,FOUR WAY,,STRAIGHT AND LEVEL,DRY,UNKNOWN,,INJURY AND / OR TOW DUE TO CRASH,Y,,,"OVER $1,500",8/17/2019 22:26,FAILING TO REDUCE SPEED TO AVOID CRASH,NOT APPLICABLE,2800,N,PULASKI RD,2523,,,,,,,3,INCAPACITATING INJURY,1,0,1,0,0,9,0,22,7,8,41.93183103,-87.72712687,POINT (-87.727126873005 41.931831025615)
730182238b09154890ed6120a7482c15056127214af4e47ebd10c3b5029dc5545545fde55d2b3002c509253d7aaee5329f35e1d88a605c9d84421a3d25112417,JC147434,,2/10/2019 16:20,30,NO CONTROLS,NO CONTROLS,SNOW,DAYLIGHT,PARKED MOTOR VEHICLE,NOT DIVIDED,2,STRAIGHT AND LEVEL,SNOW OR SLUSH,NO DEFECTS,,NO INJURY / DRIVE AWAY,,,Y,"$501 - $1,500",2/10/2019 16:31,UNABLE TO DETERMINE,UNABLE TO DETERMINE,1455,S,KEDVALE AVE,1011,,,,,,,2,NO INDICATION OF INJURY,0,0,0,0,0,1,0,16,1,2,41.86085028,-87.72853361,POINT (-87.728533610655 41.860850274664)
73419b870049e89195d3d0b13705e4f9c9c34bbf1fe0f764fc1b972762e61b4eb775a904683cbbd71e16aef2bcf9c989f977730de4ccccee819724b16f35c417,JG280822,,5/30/2023 12:21,30,TRAFFIC SIGNAL,FUNCTIONING PROPERLY,CLEAR,DAYLIGHT,TURNING,FOUR WAY,,STRAIGHT AND LEVEL,DRY,NO DEFECTS,,INJURY AND / OR TOW DUE TO CRASH,Y,,Y,"OVER $1,500",5/30/2023 12:36,FAILING TO YIELD RIGHT-OF-WAY,UNABLE TO DETERMINE,5400,S,ARCHER AVE,814,,,,,,,2,INCAPACITATING INJURY,1,0,1,0,0,1,0,12,3,5,41.79875821,-87.74302054,POINT (-87.743020541465 41.798758207843)
739b8c0a9b11fe19a2eb4041db083ad482b62d8d22c5179eef8dd632c330b034f79faf1c7832c72885a3429b5433e8ebecef85cedf78e7ac3c470af6172a3109,JG293254,,6/8/2023 15:00,30,NO CONTROLS,NO CONTROLS,CLEAR,DAYLIGHT,REAR END,NOT DIVIDED,,STRAIGHT AND LEVEL,DRY,NO DEFECTS,,NO INJURY / DRIVE AWAY,,,,"OVER $1,500",6/8/2023 15:30,UNABLE TO DETERMINE,NOT APPLICABLE,3637,W,59TH ST,822,,,,,,,2,NO INDICATION OF INJURY,0,0,0,0,0,2,0,15,5,6,41.78595603,-87.71477244,POINT (-87.714772437406 41.785956027087)
73c987396a7be2bf850d275d6663ad9a37d7df0b16cf7336d8a746b0e4d168d907d363b0336cc9d153c64a550d937bc0df29f621378636cc7df558a550d88a6c,JD145426,,2/9/2020 2:00,30,NO CONTROLS,NO CONTROLS,CLEAR,DARKNESS,REAR END,NOT DIVIDED,,STRAIGHT AND LEVEL,DRY,NO DEFECTS,,NO INJURY / DRIVE AWAY,,,Y,"OVER $1,500",2/9/2020 8:05,IMPROPER LANE USAGE,IMPROPER LANE USAGE,5050,S,CICERO AVE,814,,,,,,,2,NO INDICATION OF INJURY,0,0,0,0,0,2,0,2,1,2,41.80064255,-87.74311347,POINT (-87.743113469205 41.800642553587)
73e169841680f1103a7d2b85b0f8c2c029102a8f41f47eebeb645928a05078f27a5010421c92b97a39af7ce808ed1094f59bb45bd5bbd225ca1f2b1f41a459dc,JG269326,,5/21/2023 16:37,30,TRAFFIC SIGNAL,FUNCTIONING PROPERLY,CLEAR,DAYLIGHT,TURNING,DIVIDED - W/MEDIAN (NOT RAISED),,STRAIGHT AND LEVEL,DRY,NO DEFECTS,,INJURY AND / OR TOW DUE TO CRASH,Y,,,"OVER $1,500",5/21/2023 16:37,DISREGARDING TRAFFIC SIGNALS,FAILING TO REDUCE SPEED TO AVOID CRASH,301,S,CICERO AVE,1131,,,,,,,2,NONINCAPACITATING INJURY,1,0,0,1,0,2,0,16,1,5,41.87676473,-87.74499797,POINT (-87.744997971441 41.876764729315)
7409b6f296f09a57125d57e1b2ac2c790fd3c797b05fc5c8030cfea4bbca698b5e1bdf8b9d126a7cfbdd00d21fb2192a623bdc5541ef428584585d62f2fc903b,JC545103,,12/13/2019 7:46,30,NO CONTROLS,UNKNOWN,CLEAR,DAYLIGHT,SIDESWIPE SAME DIRECTION,ONE-WAY,,STRAIGHT AND LEVEL,DRY,NO DEFECTS,,INJURY AND / OR TOW DUE TO CRASH,,,Y,"OVER $1,500",12/13/2019 9:24,FAILING TO YIELD RIGHT-OF-WAY,NOT APPLICABLE,1737,W,80TH ST,611,,,,,,,2,NONINCAPACITATING INJURY,1,0,0,1,0,5,0,7,6,12,41.74837769,-87.66721746,POINT (-87.667217463426 41.748377688661)
743ae5d35b311320b2f33e434b5c0a3e7d1f805445925d31f037c6e10a7ce18c26e9982bd7d14e5d41eaf305d7a35de5fc476778cbff328cfb53b247e1414db8,JD229143,,5/10/2020 17:30,20,NO CONTROLS,NO CONTROLS,RAIN,DAYLIGHT,PARKED MOTOR VEHICLE,NOT DIVIDED,,STRAIGHT AND LEVEL,WET,NO DEFECTS,,NO INJURY / DRIVE AWAY,,,Y,"OVER $1,500",5/10/2020 18:30,IMPROPER LANE USAGE,UNABLE TO DETERMINE,7520,S,NORMAL AVE,621,,,,,,,2,NO INDICATION OF INJURY,0,0,0,0,0,2,0,17,1,5,41.75731083,-87.63738281,POINT (-87.637382807975 41.757310832484)
747b8234c421a5a4814940365bc8c106387d0649fba680e6cb503089f31b100cf2fa3e1390eced25275115105490b894986fd01d3d1384ec17ac5f21d764ce34,JG216971,,4/9/2023 18:30,35,TRAFFIC SIGNAL,FUNCTIONING PROPERLY,CLEAR,DAYLIGHT,PEDESTRIAN,DIVIDED - W/MEDIAN BARRIER,,STRAIGHT AND LEVEL,DRY,NO DEFECTS,,INJURY AND / OR TOW DUE TO CRASH,Y,,Y,"OVER $1,500",4/9/2023 20:42,FAILING TO YIELD RIGHT-OF-WAY,NOT APPLICABLE,830,N,MICHIGAN AVE,1833,,,,,,,2,NONINCAPACITATING INJURY,1,0,0,1,0,1,0,18,1,4,41.89762925,-87.62427007,POINT (-87.624270068761 41.897629246031)
750a1983c943906b5f4f88e3b25e661004e1d05c57ce08c8b2b933dda93ffd5ff9a3f6a45fdb1559e52717f54361c28827014bb160e0e46b73374f55969a8d24,JG304622,,6/16/2023 21:00,30,NO CONTROLS,NO CONTROLS,CLEAR,"DARKNESS, LIGHTED ROAD",SIDESWIPE SAME DIRECTION,ONE-WAY,,STRAIGHT AND LEVEL,DRY,NO DEFECTS,,NO INJURY / DRIVE AWAY,,,,"$501 - $1,500",6/17/2023 12:35,FAILING TO YIELD RIGHT-OF-WAY,UNABLE TO DETERMINE,73,E,JACKSON BLVD,113,,,,,,,2,NO INDICATION OF INJURY,0,0,0,0,0,3,0,21,6,6,41.87816161,-87.62494972,POINT (-87.62494971587 41.878161605587)
750b2ad2049cd45c7cb2bb4cde8f52cf6fc4dbb2bc2e14b0634afa4b386897663da6de19510b1209acc32e7b99665bde17241828da33bea554c4de3a449b2a51,JC520145,Y,11/22/2019 0:01,35,NO CONTROLS,NO CONTROLS,UNKNOWN,UNKNOWN,PARKED MOTOR VEHICLE,NOT DIVIDED,,STRAIGHT AND LEVEL,UNKNOWN,UNKNOWN,,INJURY AND / OR TOW DUE TO CRASH,,,Y,"OVER $1,500",11/22/2019 11:03,UNABLE TO DETERMINE,UNABLE TO DETERMINE,6634,N,WESTERN AVE,2412,,,,,,,3,NO INDICATION OF INJURY,0,0,0,0,0,1,0,0,6,11,42.00230091,-87.69014792,POINT (-87.690147915136 42.002300911327)
751c2409c695368d3df2973b80f912c92e8b18b581e4e53f1fca8215d6797a4f7cffb687066429c06b70ea3a25f49f689536e150b525e34fd3d39d686061984a,JG277311,,5/26/2023 22:00,30,TRAFFIC SIGNAL,FUNCTIONING PROPERLY,CLEAR,"DARKNESS, LIGHTED ROAD",SIDESWIPE SAME DIRECTION,NOT DIVIDED,,STRAIGHT AND LEVEL,DRY,NO DEFECTS,,NO INJURY / DRIVE AWAY,,,,"OVER $1,500",5/27/2023 14:00,DRIVING SKILLS/KNOWLEDGE/EXPERIENCE,NOT APPLICABLE,3201,W,38TH ST,911,,,,,,,2,NO INDICATION OF INJURY,0,0,0,0,0,2,0,22,6,5,41.82428763,-87.70455986,POINT (-87.704559857367 41.824287630579)
75543962b8183495b63d16f9a10724e551d79410cdb313b36149bb0015d3a50804c61be40d9140f906672addbcb14a390b7251c3eb0e27b6b5ff78e3bdd7950e,JD186770,,3/15/2020 17:38,30,NO CONTROLS,NO CONTROLS,CLEAR,DAYLIGHT,REAR END,DIVIDED - W/MEDIAN BARRIER,,STRAIGHT AND LEVEL,DRY,NO DEFECTS,,NO INJURY / DRIVE AWAY,,,Y,$500 OR LESS,3/15/2020 17:44,UNABLE TO DETERMINE,UNABLE TO DETERMINE,3500,N,WESTERN AVE,1921,,,,,,,2,NO INDICATION OF INJURY,0,0,0,0,0,2,0,17,1,3,41.94500708,-87.6883562,POINT (-87.688356200668 41.945007074684)
7559c694dc4cc0b8dd763c3db90e2c2056b56684a3e7fbe83999bb6dccfe5f3841604c3981043f9a881269d6feeb0b7089f482eead2a55fb23a50173fe3d8ad7,JC430948,,9/12/2019 21:40,30,NO CONTROLS,UNKNOWN,CLEAR,DARKNESS,PEDALCYCLIST,DIVIDED - W/MEDIAN BARRIER,,STRAIGHT AND LEVEL,DRY,UNKNOWN,,INJURY AND / OR TOW DUE TO CRASH,,,Y,"OVER $1,500",9/12/2019 21:43,UNABLE TO DETERMINE,UNABLE TO DETERMINE,9051,S,STONY ISLAND AVE,413,,,,,,,2,NONINCAPACITATING INJURY,1,0,0,1,0,1,0,21,5,9,41.72995149,-87.58490931,POINT (-87.584909309557 41.729951484557)
75e65cecb49fd999cc2bd47be933e8845fc2de77f70799f26d2f74b555aaa8b3147742b04f299f39a198348083651e9743c65350f8e3b15bbcf5c4bbc1a5e7d1,JD242393,,5/22/2020 23:48,25,NO CONTROLS,NO CONTROLS,CLEAR,DARKNESS,TURNING,NOT DIVIDED,,STRAIGHT AND LEVEL,DRY,NO DEFECTS,,NO INJURY / DRIVE AWAY,,,,"$501 - $1,500",5/25/2020 14:00,UNABLE TO DETERMINE,UNABLE TO DETERMINE,200,N,PULASKI RD,1114,,,,,,,2,NO INDICATION OF INJURY,0,0,0,0,0,3,0,23,6,5,41.88339231,-87.72589344,POINT (-87.725893438622 41.883392310474)
7603e368b2b96ab07205d32bf9c5715f89ffd21872bbf6bd7290fe939c58f0b86cd1f42019e4e7b11c33d4f3ebacc8d3c9b14184ec572c96254ecc45a5c45381,JG275203,,4/26/2023 8:30,30,NO CONTROLS,NO CONTROLS,CLEAR,DAYLIGHT,PARKED MOTOR VEHICLE,DIVIDED - W/MEDIAN (NOT RAISED),,STRAIGHT AND LEVEL,UNKNOWN,NO DEFECTS,,NO INJURY / DRIVE AWAY,,,Y,"OVER $1,500",5/25/2023 21:00,IMPROPER TURNING/NO SIGNAL,"OPERATING VEHICLE IN ERRATIC, RECKLESS, CARELESS, NEGLIGENT OR AGGRESSIVE MANNER",2039,W,CARROLL AVE,1223,,,,,,,2,NO INDICATION OF INJURY,0,0,0,0,0,1,0,8,4,4,41.88754028,-87.67837768,POINT (-87.678377681493 41.887540277579)
761a1465014e604fbc3363cf3113fcb11a0570fcab01e182802b0413a6b34fa5a0fd58a23f0a41260b77dbfa6cbb1183f48f84df9871508a2944d627400f467e,JG302482,,6/15/2023 17:00,30,UNKNOWN,UNKNOWN,CLOUDY/OVERCAST,DAYLIGHT,SIDESWIPE SAME DIRECTION,NOT DIVIDED,,STRAIGHT AND LEVEL,UNKNOWN,UNKNOWN,,NO INJURY / DRIVE AWAY,,,,"$501 - $1,500",6/15/2023 17:20,UNABLE TO DETERMINE,NOT APPLICABLE,5700,N,MAJOR AVE,1622,,,,,,,2,NO INDICATION OF INJURY,0,0,0,0,0,2,0,17,5,6,41.9848326,-87.77087036,POINT (-87.770870358957 41.984832598975)
7621b075bcc440cb52893c5e30957e68d339514b458ad0d55634395ebca10787d9c81f39294c15a9c13ad11ab7b74d42b66677a247a4baccf1ddfe681949153f,JG313416,,6/23/2023 22:33,30,NO CONTROLS,UNKNOWN,CLEAR,DARKNESS,TURNING,FOUR WAY,,STRAIGHT AND LEVEL,DRY,UNKNOWN,,NO INJURY / DRIVE AWAY,,,,"OVER $1,500",6/23/2023 22:35,IMPROPER TURNING/NO SIGNAL,NOT APPLICABLE,4233,W,FULLERTON AVE,2522,,,,,,,3,NO INDICATION OF INJURY,0,0,0,0,0,3,0,22,6,6,41.92429995,-87.73302884,POINT (-87.733028839308 41.924299944875)
764a3589fa4cfbeb5ce85b64d92dd7534a99824a65c427df7b555e17b269fa51b60e527c8184c0ccee9a7a3d36c68fbb661176e405d87ff56e203a8f51c5ee62,JC477520,,10/18/2019 16:02,30,STOP SIGN/FLASHER,FUNCTIONING PROPERLY,CLEAR,DAYLIGHT,ANGLE,NOT DIVIDED,,STRAIGHT AND LEVEL,DRY,NO DEFECTS,,INJURY AND / OR TOW DUE TO CRASH,Y,,,"OVER $1,500",10/18/2019 16:05,DISREGARDING STOP SIGN,FAILING TO YIELD RIGHT-OF-WAY,6159,W,55TH ST,811,,,,,,,2,NONINCAPACITATING INJURY,2,0,0,2,0,0,0,16,6,10,41.79233612,-87.77687372,POINT (-87.776873714762 41.792336122095)
7687033a4fbf0fae63c823bdd4483347d11df45b1ec5c2f1c402106ead1305f4b7c873b6ff0bf2f67ae43a9382b6796b59462b76550aa23779eb182eda85ee43,JC532130,,12/2/2019 17:00,30,NO CONTROLS,NO CONTROLS,CLEAR,DAWN,PARKED MOTOR VEHICLE,ONE-WAY,,STRAIGHT AND LEVEL,DRY,NO DEFECTS,,NO INJURY / DRIVE AWAY,,,Y,"$501 - $1,500",12/2/2019 17:30,DRIVING ON WRONG SIDE/WRONG WAY,UNABLE TO DETERMINE,3246,W,24TH ST,1024,,,,,,,2,NO INDICATION OF INJURY,0,0,0,0,0,7,0,17,2,12,41.84822568,-87.706977,POINT (-87.706976999951 41.848225681897)
76904c9eec12fe814e37047b9197b8e9d1f5b8f380e0a5dd5fe4509f219f9c44342bc368b697d048d92c08bf8306983bf65658017f3119065921e9b56321f415,JD111787,,1/11/2020 4:22,30,TRAFFIC SIGNAL,FUNCTIONING PROPERLY,RAIN,"DARKNESS, LIGHTED ROAD",ANGLE,FOUR WAY,,STRAIGHT AND LEVEL,WET,NO DEFECTS,,INJURY AND / OR TOW DUE TO CRASH,Y,,,"OVER $1,500",1/11/2020 4:22,DISREGARDING TRAFFIC SIGNALS,WEATHER,1,S,DAMEN AVE,1223,,,,,,,2,NONINCAPACITATING INJURY,2,0,0,1,1,0,0,4,7,1,41.88124998,-87.67649408,POINT (-87.676494082416 41.881249975238)
76cac192019d424255f1dc3e3e20268502004e792fc860d28417c0ed710a84ee2495e12ca43d429b15cf46e4116b68c26cfdecca31933a89d7a3ade54713c2f0,JC471174,,10/11/2019 11:45,30,TRAFFIC SIGNAL,FUNCTIONING PROPERLY,UNKNOWN,UNKNOWN,REAR END,UNKNOWN,,STRAIGHT AND LEVEL,UNKNOWN,UNKNOWN,,INJURY AND / OR TOW DUE TO CRASH,,,,"$501 - $1,500",10/13/2019 14:00,UNABLE TO DETERMINE,NOT APPLICABLE,2201,W,95TH ST,2213,,,,,,,2,NONINCAPACITATING INJURY,1,0,0,1,0,2,0,11,6,10,41.72089992,-87.67727675,POINT (-87.677276748015 41.720899921062)
774470b4e2d8f98f623cb66454aa2459959d22339fabbba464c4313beb55334453653fd088d2a064cabcad21f0807f602569fb025bfc7bc9da5e8ace149248d1,,,7/20/2023 6:15,30,TRAFFIC SIGNAL,FUNCTIONING PROPERLY,CLEAR,DAYLIGHT,ANGLE,NOT DIVIDED,,STRAIGHT AND LEVEL,DRY,NO DEFECTS,,INJURY AND / OR TOW DUE TO CRASH,,,,"OVER $1,500",7/20/2023 6:15,UNABLE TO DETERMINE,UNABLE TO DETERMINE,3500,S,STATE ST,213,,,,,,,2,"REPORTED, NOT EVIDENT",1,0,0,0,1,6,0,6,5,7,41.83096237,-87.62679185,POINT (-87.626791846138 41.830962369184)
77b2cb2df341b83742468925fba601aec7e198af9e03fefad2a055556a6c992a54f474eab56819c02c36ccbe20e7f7923cf66d8398ee8cc3ad4feb9f0df0aad6,JC391727,,8/14/2019 8:00,30,TRAFFIC SIGNAL,FUNCTIONING PROPERLY,CLEAR,DAYLIGHT,PEDALCYCLIST,NOT DIVIDED,,STRAIGHT AND LEVEL,DRY,NO DEFECTS,,NO INJURY / DRIVE AWAY,Y,,,"$501 - $1,500",8/14/2019 8:15,DISREGARDING TRAFFIC SIGNALS,FAILING TO YIELD RIGHT-OF-WAY,1950,N,CLYBOURN AVE,1811,,,,,,,2,NO INDICATION OF INJURY,0,0,0,0,0,2,0,8,4,8,41.91639113,-87.65736791,POINT (-87.657367905892 41.916391127306)
77c3f2554f1f40f225798fecb09b30bc27adb69b0d04a038c809c05da7cd24001697f011d4820c86328e0a55605c44debba22473d18f5b4309e8ae0bc3acdb46,JD253582,,6/1/2020 10:45,30,NO CONTROLS,NO CONTROLS,CLEAR,DAYLIGHT,PARKED MOTOR VEHICLE,ONE-WAY,,STRAIGHT AND LEVEL,DRY,NO DEFECTS,,NO INJURY / DRIVE AWAY,,,Y,"OVER $1,500",6/4/2020 14:05,UNABLE TO DETERMINE,UNABLE TO DETERMINE,2032,E,71ST ST,331,,,,,,,2,NO INDICATION OF INJURY,0,0,0,0,0,1,0,10,2,6,41.7663626,-87.57494459,POINT (-87.574944587606 41.766362602128)
77d6e9a2030164d2b78cbc7e1db569aa7168fa0bdf75a97d9bf3a82a209a29755ed23c0ff919992a6e777368439ee245479d1027ca0c4be378b2a042eae3b08a,JG299343,,6/13/2023 12:05,30,NO CONTROLS,NO CONTROLS,RAIN,DAYLIGHT,SIDESWIPE SAME DIRECTION,NOT DIVIDED,,STRAIGHT AND LEVEL,WET,NO DEFECTS,,INJURY AND / OR TOW DUE TO CRASH,,,,"$501 - $1,500",6/13/2023 12:12,UNABLE TO DETERMINE,UNABLE TO DETERMINE,149,W,47TH ST,224,,,,,,,2,NONINCAPACITATING INJURY,1,0,0,1,0,2,0,12,3,6,41.80907108,-87.63003935,POINT (-87.630039346793 41.809071077146)
78340e94178b9d81e94b81332278d2aa36ed70625b311c8be314d4937ab5841ebbe7de81f0365511674273f9e9b02857f1d8751f23d5095cde441483a55e1814,JG341826,,7/15/2023 9:00,30,STOP SIGN/FLASHER,FUNCTIONING PROPERLY,CLEAR,DAYLIGHT,TURNING,T-INTERSECTION,,STRAIGHT AND LEVEL,DRY,NO DEFECTS,,NO INJURY / DRIVE AWAY,,,Y,"OVER $1,500",7/15/2023 10:05,UNABLE TO DETERMINE,UNABLE TO DETERMINE,7600,S,INDIANA AVE,623,,,,,,,2,NO INDICATION OF INJURY,0,0,0,0,0,3,0,9,7,7,41.75640481,-87.6200325,POINT (-87.62003250391 41.756404805121)
785da7c32fc228fce379d74352d04ae3986d20a7428449ae686f8a16caf14f1cefa8665fe1db9abe8c31d2fa8bb7ba4eab3ab753ff5fa52f525b6018f0251201,JC298592,,6/9/2019 8:00,35,NO CONTROLS,NO CONTROLS,CLEAR,DAYLIGHT,FIXED OBJECT,DIVIDED - W/MEDIAN (NOT RAISED),,STRAIGHT AND LEVEL,WET,UNKNOWN,,INJURY AND / OR TOW DUE TO CRASH,,,,"OVER $1,500",6/9/2019 8:02,PHYSICAL CONDITION OF DRIVER,UNABLE TO DETERMINE,7610,S,ASHLAND AVE,611,,,,,,,1,INCAPACITATING INJURY,1,0,1,0,0,0,0,8,1,6,41.75543845,-87.66370877,POINT (-87.663708772799 41.755438450117)
78620f153b5a00460e899da20763155e08eacf18d61416cc52f2954fa8ec918f1f50c087bd7c2c642e5f1fe1b77f3f7bed0782da8b558467ec36fa5942c6c5a4,JD178671,,3/8/2020 17:15,30,NO CONTROLS,NO CONTROLS,CLEAR,DAYLIGHT,REAR END,DIVIDED - W/MEDIAN (NOT RAISED),,STRAIGHT AND LEVEL,DRY,NO DEFECTS,,INJURY AND / OR TOW DUE TO CRASH,,,,"OVER $1,500",3/8/2020 18:18,FOLLOWING TOO CLOSELY,UNABLE TO DETERMINE,7143,W,GRAND AVE,2512,,,,,,,3,NONINCAPACITATING INJURY,2,0,0,2,0,3,0,17,1,3,41.92359823,-87.80433885,POINT (-87.804338849581 41.923598226343)
788f65eb09ca9fb36d5be3add175223417231851aaf7a7e269df480e3dcfc4b18cdbd1617379e6911120cf21691390ac528ba40f24b98f0047494ae4495ba804,JC272984,,5/21/2019 20:08,40,NO CONTROLS,NO CONTROLS,CLEAR,"DARKNESS, LIGHTED ROAD",REAR END,RAMP,,STRAIGHT ON GRADE,DRY,NO DEFECTS,,NO INJURY / DRIVE AWAY,,,Y,"OVER $1,500",5/21/2019 22:30,UNABLE TO DETERMINE,UNABLE TO DETERMINE,4000,N,LAKE SHORE DR SB,1915,,,,,,,2,NO INDICATION OF INJURY,0,0,0,0,0,6,0,20,3,5,41.95468924,-87.64497464,POINT (-87.644974644209 41.954689241342)
79273fcab288a0938658b6bda0aa33b14d850d3aa2d386e63e9143284408aa9514a630b43b29ff42051199a0a429c5be554b06c8dd429f65d5985fa85e6eae5a,JC528293,,11/29/2019 10:10,30,NO CONTROLS,NO CONTROLS,CLEAR,DAYLIGHT,PARKED MOTOR VEHICLE,DIVIDED - W/MEDIAN (NOT RAISED),,STRAIGHT AND LEVEL,WET,NO DEFECTS,,INJURY AND / OR TOW DUE TO CRASH,,,,"OVER $1,500",11/29/2019 10:12,FAILING TO REDUCE SPEED TO AVOID CRASH,DRIVING SKILLS/KNOWLEDGE/EXPERIENCE,4913,W,CHICAGO AVE,1531,,,,,,,2,NO INDICATION OF INJURY,0,0,0,0,0,2,0,10,6,11,41.89487066,-87.74883447,POINT (-87.748834471349 41.894870660955)
793ecbacd6f4efb267aac88d457cec88be360a9fd80295a8dcbba098aab8dfa4e62bff582923f5131034a81371ba3242e92843e8e55756c2a1365ed095e816a6,JD192828,,3/22/2020 17:27,35,NO CONTROLS,NO CONTROLS,SNOW,DAYLIGHT,PARKED MOTOR VEHICLE,NOT DIVIDED,,STRAIGHT AND LEVEL,WET,NO DEFECTS,,INJURY AND / OR TOW DUE TO CRASH,,,N,"OVER $1,500",3/22/2020 17:41,"OPERATING VEHICLE IN ERRATIC, RECKLESS, CARELESS, NEGLIGENT OR AGGRESSIVE MANNER",UNDER THE INFLUENCE OF ALCOHOL/DRUGS (USE WHEN ARREST IS EFFECTED),38,N,CENTRAL AVE,1513,,,,,,,4,NO INDICATION OF INJURY,0,0,0,0,0,3,0,17,1,3,41.88138748,-87.76504291,POINT (-87.765042908351 41.881387480935)
794bc5b6792689ce83e89cf845d2e31ff795a4ec58dbd224068ae1b2f2d5bbd1487d5d7ad654d68e631b7d26f9d37a465d24d5d33e5f1deca5ef0b79afbdb763,JD185917,,3/14/2020 17:29,30,STOP SIGN/FLASHER,FUNCTIONING PROPERLY,SNOW,DUSK,TURNING,T-INTERSECTION,,STRAIGHT AND LEVEL,WET,UNKNOWN,,NO INJURY / DRIVE AWAY,Y,,,"OVER $1,500",3/14/2020 20:15,FAILING TO YIELD RIGHT-OF-WAY,NOT APPLICABLE,6600,S,DR MARTIN LUTHER KING JR DR,312,,,,,,,2,NO INDICATION OF INJURY,0,0,0,0,0,4,0,17,7,3,41.77469346,-87.61563682,POINT (-87.615636821647 41.774693459289)
7968000486f0bc1d3158c2b1c4462d06c67e23dcbb16d16a421c80a7e663aff1218aa2232cbe0a04056f1f3f052053e3db1f7c94b1a7e4571cdcb965183db73b,JD138948,,2/3/2020 18:00,30,TRAFFIC SIGNAL,FUNCTIONING PROPERLY,CLEAR,"DARKNESS, LIGHTED ROAD",REAR END,NOT DIVIDED,,STRAIGHT AND LEVEL,DRY,NO DEFECTS,,NO INJURY / DRIVE AWAY,,,Y,"OVER $1,500",2/3/2020 18:08,FOLLOWING TOO CLOSELY,FAILING TO REDUCE SPEED TO AVOID CRASH,6023,W,ADDISON ST,1633,,,,,,,3,NO INDICATION OF INJURY,0,0,0,0,0,3,0,18,2,2,41.94565205,-87.77745461,POINT (-87.777454609725 41.945652047772)