CRASH_RECORD_ID,RD_NO,CRASH_DATE_EST_I,CRASH_DATE,POSTED_SPEED_LIMIT,TRAFFIC_CONTROL_DEVICE,DEVICE_CONDITION,WEATHER_CONDITION,LIGHTING_CONDITION,FIRST_CRASH_TYPE,TRAFFICWAY_TYPE,LANE_CNT,ALIGNMENT,ROADWAY_SURFACE_COND,ROAD_DEFECT,REPORT_TYPE,CRASH_TYPE,INTERSECTION_RELATED_I,NOT_RIGHT_OF_WAY_I,HIT_AND_RUN_I,DAMAGE,DATE_POLICE_NOTIFIED,PRIM_CONTRIBUTORY_CAUSE,SEC_CONTRIBUTORY_CAUSE,STREET_NO,STREET_DIRECTION,STREET_NAME,BEAT_OF_OCCURRENCE,PHOTOS_TAKEN_I,STATEMENTS_TAKEN_I,DOORING_I,WORK_ZONE_I,WORK_ZONE_TYPE,WORKERS_PRESENT_I,NUM_UNITS,MOST_SEVERE_INJURY,INJURIES_TOTAL,INJURIES_FATAL,INJURIES_INCAPACITATING,INJURIES_NON_INCAPACITATING,INJURIES_REPORTED_NOT_EVIDENT,INJURIES_NO_INDICATION,INJURIES_UNKNOWN,CRASH_HOUR,CRASH_DAY_OF_WEEK,CRASH_MONTH,LATITUDE,LONGITUDE,LOCATION
798263303c3ba90df13312c78d28ccd3c37e5d1dec1b4bb74a9b1f7a7c88b53feaad087fabd9af361cbcdc90117ae3da94db717ea0423aa076896fcda3871b0a,JD231818,,5/13/2020 23:03,30,STOP SIGN/FLASHER,FUNCTIONING PROPERLY,CLEAR,"DARKNESS, LIGHTED ROAD",ANGLE,FOUR WAY,,STRAIGHT AND LEVEL,DRY,NO DEFECTS,,INJURY AND / OR TOW DUE TO CRASH,Y,,Y,"OVER $1,500",5/13/2020 23:07,DISREGARDING STOP SIGN,NOT APPLICABLE,7300,S,PAXTON AVE,333,,,,,,,2,NO INDICATION OF INJURY,0,0,0,0,0,3,0,23,4,5,41.76247476,-87.57144619,POINT (-87.571446189503 41.762474756536)
79da81151d95b1c682ee08ccc6248ec463947bb32c34de02c9a44a079d0aec5920561509fcaca76c7e76fe18ff6c063acd93bffa5a588c44c17468d5ac6ad686,JC431839,,9/13/2019 13:22,30,NO CONTROLS,NO CONTROLS,CLEAR,DAYLIGHT,PARKED MOTOR VEHICLE,ONE-WAY,,STRAIGHT AND LEVEL,DRY,NO DEFECTS,,NO INJURY / DRIVE AWAY,,,Y,$500 OR LESS,9/13/2019 14:55,"OPERATING VEHICLE IN ERRATIC, RECKLESS, CARELESS, NEGLIGENT OR AGGRESSIVE MANNER",FAILING TO REDUCE SPEED TO AVOID CRASH,7222,S,MARSHFIELD AVE,735,Y,,,,,,2,NO INDICATION OF INJURY,0,0,0,0,0,1,0,13,6,9,41.76236218,-87.66511342,POINT (-87.665113423645 41.762362177543)
79fe9d2447eb21024e388c2384dbadb48a9f8cea5dd59bbaaea88df23b864c13de64c5bf3c89a214bbe434324d32f11a99be471ec794821b38d7a9cae6deb0f4,JC484212,,10/24/2019 0:04,30,TRAFFIC SIGNAL,FUNCTIONING IMPROPERLY,RAIN,"DARKNESS, LIGHTED ROAD",SIDESWIPE SAME DIRECTION,ONE-WAY,,STRAIGHT AND LEVEL,WET,NO DEFECTS,,INJURY AND / OR TOW DUE TO CRASH,,,,"OVER $1,500",10/24/2019 0:08,FAILING TO YIELD RIGHT-OF-WAY,UNABLE TO DETERMINE,336,W,ONTARIO ST,1831,,,,,,,2,"REPORTED, NOT EVIDENT",1,0,0,0,1,1,0,0,5,10,41.89325671,-87.6370078,POINT (-87.637007797127 41.893256711085)
7a3ae5c06a70aff149c926ee4aa07b83bd4a5b384ed1d2a29965ba469d5651262c7413991423c6363c19be9cf7cbbfe941f9e19cfeefefb237b42ad88f62d0b7,JD205890,,4/10/2020 3:04,30,NO CONTROLS,NO CONTROLS,CLEAR,"DARKNESS, LIGHTED ROAD",FIXED OBJECT,DIVIDED - W/MEDIAN BARRIER,,"CURVE, LEVEL",DRY,NO DEFECTS,,INJURY AND / OR TOW DUE TO CRASH,,,,"OVER $1,500",4/10/2020 3:08,PHYSICAL CONDITION OF DRIVER,NOT APPLICABLE,401,S,LOWER WACKER DR,122,,,,,,,1,NONINCAPACITATING INJURY,1,0,0,1,0,0,0,3,6,4,41.8767594,-87.63651109,POINT (-87.636511086535 41.876759399188)
7a45d4d3755f7a714473d1f42daece1899c89f2917adfc5e18aec71b6fadb80cb28bac5c8e7129e99e51906c7dfc436656c7931aae53c126a2be5b9556e03c5a,JD221806,,5/1/2020 20:25,25,TRAFFIC SIGNAL,FUNCTIONING PROPERLY,CLEAR,"DARKNESS, LIGHTED ROAD",REAR END,DIVIDED - W/MEDIAN (NOT RAISED),,STRAIGHT AND LEVEL,DRY,NO DEFECTS,,INJURY AND / OR TOW DUE TO CRASH,,,Y,"OVER $1,500",5/1/2020 20:29,FOLLOWING TOO CLOSELY,IMPROPER OVERTAKING/PASSING,809,W,51ST ST,934,,,,,,,3,NO INDICATION OF INJURY,0,0,0,0,0,4,0,20,6,5,41.80146873,-87.64576434,POINT (-87.645764343419 41.801468725351)
7a51c2f12016df66284d0f660c59c4536b34d63506242b9b6e79c38c832dacca40023de2845d36c713e9e6e76988334ae506c51bbc0bdefbe7f6aeca70123078,JC382309,,8/7/2019 6:30,25,TRAFFIC SIGNAL,FUNCTIONING PROPERLY,CLEAR,DAYLIGHT,TURNING,UNKNOWN INTERSECTION TYPE,,STRAIGHT AND LEVEL,DRY,UNKNOWN,,NO INJURY / DRIVE AWAY,Y,,,"$501 - $1,500",8/7/2019 11:00,TURNING RIGHT ON RED,UNABLE TO DETERMINE,3800,W,HARRISON ST,1133,,,,,,,2,NO INDICATION OF INJURY,0,0,0,0,0,2,0,6,4,8,41.87362412,-87.72040656,POINT (-87.720406557306 41.873624118782)
7a8e6faf4b52821af106f04205b86fc0f2a97e6724ebc967f9da6dd9faf479a8868d2122e7fa83990dbdbf84e0b83e7f2935cef0b30490d067377e751efb13da,JG300852,,6/11/2023 15:00,30,NO CONTROLS,NO CONTROLS,CLEAR,DAYLIGHT,PARKED MOTOR VEHICLE,NOT DIVIDED,,STRAIGHT AND LEVEL,DRY,UNKNOWN,,NO INJURY / DRIVE AWAY,,,N,"OVER $1,500",6/14/2023 13:51,NOT APPLICABLE,IMPROPER OVERTAKING/PASSING,133,E,CERMAK RD,132,,,,,,,2,NO INDICATION OF INJURY,0,0,0,0,0,2,0,15,1,6,41.85277722,-87.62238512,POINT (-87.622385116515 41.852777217793)
7a8f3d4ee23b1b63de7f15916911732130d19b0c022849d128538370c5a4e9926e06c0808890a0a9782975abffaba7757f37993adf6bde55a58e1f1a297d1e64,JC191185,Y,3/19/2019 8:45,40,NO CONTROLS,NO CONTROLS,CLEAR,DAYLIGHT,SIDESWIPE SAME DIRECTION,DIVIDED - W/MEDIAN BARRIER,4,STRAIGHT AND LEVEL,DRY,NO DEFECTS,,NO INJURY / DRIVE AWAY,,,Y,"OVER $1,500",3/19/2019 8:50,UNABLE TO DETERMINE,NOT APPLICABLE,3200,N,LAKE SHORE DR,1925,,,,,,,2,NO INDICATION OF INJURY,0,0,0,0,0,2,0,8,3,3,41.94090916,-87.63936916,POINT (-87.639369159955 41.940909163268)
7a966f825665ba9133c68cb025a374ec4d5b651f26c6d12a95423624cabd5841ab5d29c2fbe61d8678826afe5736c411110134b73bb2f1ef9620261ac4bfcdb2,JG282462,,5/31/2023 16:24,30,STOP SIGN/FLASHER,FUNCTIONING PROPERLY,CLEAR,DAYLIGHT,ANGLE,FOUR WAY,,STRAIGHT AND LEVEL,DRY,NO DEFECTS,,INJURY AND / OR TOW DUE TO CRASH,Y,,,"OVER $1,500",5/31/2023 16:26,FAILING TO YIELD RIGHT-OF-WAY,NOT APPLICABLE,2000,W,HUBBARD ST,1221,,,,,,,2,NONINCAPACITATING INJURY,1,0,0,1,0,2,0,16,4,5,41.88983392,-87.67699972,POINT (-87.676999723815 41.889833922823)
7aa31dc874ec63b8646a43f3b44249a4c899210c40fbd8379d7f79b9b901d991d976abce005a508f42e5796e86dd7a68d1acc8064290f5b9bc6496b2e29ca115,JG231465,,4/20/2023 20:46,25,TRAFFIC SIGNAL,FUNCTIONING PROPERLY,CLEAR,"DARKNESS, LIGHTED ROAD",PEDALCYCLIST,FOUR WAY,,STRAIGHT AND LEVEL,DRY,NO DEFECTS,,INJURY AND / OR TOW DUE TO CRASH,Y,,Y,$500 OR LESS,4/20/2023 21:00,FAILING TO YIELD RIGHT-OF-WAY,FAILING TO YIELD RIGHT-OF-WAY,1199,S,CICERO AVE,1131,,,,,,,2,INCAPACITATING INJURY,1,0,1,0,0,1,0,20,5,4,41.86597949,-87.74460988,POINT (-87.744609883514 41.865979486289)
7ae3ef845dcae0eb87f5721139541992f92203b1f79d1fd642a01821fac4984635d27799688dae34df2eb62a4e5dfb153296e565b1207f0a48f45b42cd49b3ee,JD232503,Y,5/14/2020 19:05,20,STOP SIGN/FLASHER,FUNCTIONING PROPERLY,CLEAR,DAYLIGHT,ANGLE,T-INTERSECTION,,STRAIGHT AND LEVEL,WET,NO DEFECTS,,INJURY AND / OR TOW DUE TO CRASH,Y,,,"OVER $1,500",5/14/2020 19:05,DISREGARDING STOP SIGN,FAILING TO REDUCE SPEED TO AVOID CRASH,829,E,82ND ST,631,,,,,,,3,NO INDICATION OF INJURY,0,0,0,0,0,3,0,19,5,5,41.74570101,-87.60387434,POINT (-87.603874339693 41.745701005017)
7aeb19c660d3312b0f6df3eefd74fa4b2cfb6d727d5b21b3741c965048fc865a54b2e4ee9c2355ae071bd4cc31fb0f3ac589b1b438619d6f51be782e9eead720,JC265936,,5/16/2019 16:00,15,NO CONTROLS,NO CONTROLS,CLEAR,DAYLIGHT,PARKED MOTOR VEHICLE,PARKING LOT,,STRAIGHT AND LEVEL,DRY,NO DEFECTS,,NO INJURY / DRIVE AWAY,,Y,Y,"OVER $1,500",5/16/2019 19:00,"OPERATING VEHICLE IN ERRATIC, RECKLESS, CARELESS, NEGLIGENT OR AGGRESSIVE MANNER",UNABLE TO DETERMINE,10820,S,DOTY AVE E,513,,,,,,,2,NO INDICATION OF INJURY,0,0,0,0,0,1,0,16,5,5,41.69755852,-87.59505517,POINT (-87.595055173305 41.697558522466)
7aeb74715f3e72b8cfe1597030dcfbf6956468f5f52c4795e731ebed47f082da3a688608b9080f9c9d073031ba876d78caf6d352e868a4c103fcdeddee80484a,JD109906,,1/9/2020 14:15,35,STOP SIGN/FLASHER,FUNCTIONING PROPERLY,CLOUDY/OVERCAST,DAYLIGHT,ANGLE,DIVIDED - W/MEDIAN (NOT RAISED),,STRAIGHT AND LEVEL,WET,NO DEFECTS,,NO INJURY / DRIVE AWAY,Y,,Y,"OVER $1,500",1/9/2020 15:35,FAILING TO YIELD RIGHT-OF-WAY,UNABLE TO DETERMINE,9900,S,GENOA AVE,2232,,,,,,,2,NO INDICATION OF INJURY,0,0,0,0,0,2,0,14,5,1,41.71405089,-87.65214175,POINT (-87.652141747427 41.714050888006)
7b152479149c5fd9867193463be82c67e57e14433d2b346148c3f5dbe6f5ef7912dab4d81d66c7e4287e2271deb8c068cac30c3198bef8cad005dc428cbf76e0,JC486893,,10/26/2019 7:35,35,NO CONTROLS,NO CONTROLS,CLEAR,DAWN,SIDESWIPE OPPOSITE DIRECTION,DIVIDED - W/MEDIAN (NOT RAISED),,STRAIGHT AND LEVEL,DRY,UNKNOWN,,INJURY AND / OR TOW DUE TO CRASH,,,,"OVER $1,500",10/26/2019 7:40,UNABLE TO DETERMINE,UNABLE TO DETERMINE,3900,W,COLUMBUS AVE,834,,,,,,,2,NO INDICATION OF INJURY,0,0,0,0,0,2,0,7,7,10,41.73756102,-87.71916759,POINT (-87.71916759275 41.737561016837)
7b21447cc7bcaf81db77ea3c338c5a0d8995a5635f08bd365877830ad5a30e7d5645572dadcd5b429cff6026e04edeee8e8ebc4dadfb3545c27ff3db64c4bb04,JG301036,,6/14/2023 15:30,15,NO CONTROLS,NO CONTROLS,CLEAR,DAYLIGHT,PARKED MOTOR VEHICLE,PARKING LOT,,"CURVE, LEVEL",DRY,NO DEFECTS,,NO INJURY / DRIVE AWAY,,Y,,$500 OR LESS,6/14/2023 16:00,NOT APPLICABLE,NOT APPLICABLE,1900,W,JACKSON BLVD,1225,Y,Y,,,,,2,,,,,,,,,15,4,6,41.87761166,-87.67422787,POINT (-87.674227867806 41.877611658237)
7b21b33dc6de0460080f1dbe9807e1c29ac506021bcee179571c20ec374ca1863e82b8c9418863e4fa1f989a603423bbec27f1925b0355f64eaecab105ebaf92,JC443239,,9/21/2019 21:20,30,STOP SIGN/FLASHER,FUNCTIONING PROPERLY,RAIN,"DARKNESS, LIGHTED ROAD",ANGLE,NOT DIVIDED,,STRAIGHT AND LEVEL,WET,NO DEFECTS,,NO INJURY / DRIVE AWAY,Y,,Y,"OVER $1,500",9/21/2019 22:00,FAILING TO YIELD RIGHT-OF-WAY,UNABLE TO DETERMINE,2632,W,51ST ST,923,,,,,,,2,NO INDICATION OF INJURY,0,0,0,0,0,2,0,21,7,9,41.80115904,-87.69040365,POINT (-87.690403652785 41.801159037478)
7b46db2ae68135bfd51e8bc9616f2cda6595bdaf0f9069504b71b64616295d3141fbb573c2f3de15fa78b4f566902f73555fbf28cc635189607b73b52d5e84ee,JG340930,,7/14/2023 15:40,30,NO CONTROLS,NO CONTROLS,CLEAR,DAYLIGHT,PARKED MOTOR VEHICLE,NOT DIVIDED,,STRAIGHT AND LEVEL,DRY,UNKNOWN,,NO INJURY / DRIVE AWAY,,,Y,"$501 - $1,500",7/14/2023 15:55,UNABLE TO DETERMINE,UNABLE TO DETERMINE,2810,N,BROADWAY,1934,,,,,,,2,NO INDICATION OF INJURY,0,0,0,0,0,1,0,15,6,7,41.93315932,-87.64495501,POINT (-87.64495501421 41.933159317868)
7bb36bd23519670c910bb590773d553e176318d93093e422d338374ab6007da8054620b697bc4fb6f3576e43f181111b3f7e1c1eda79439c96ab46b7938dcc85,JG295907,,6/10/2023 16:20,30,NO CONTROLS,NO CONTROLS,CLEAR,DAYLIGHT,REAR END,NOT DIVIDED,,STRAIGHT AND LEVEL,DRY,NO DEFECTS,,NO INJURY / DRIVE AWAY,,,,"OVER $1,500",6/10/2023 16:55,UNABLE TO DETERMINE,UNABLE TO DETERMINE,3535,W,FOSTER AVE,1712,,,,,,,2,NO INDICATION OF INJURY,0,0,0,0,0,2,0,16,7,6,41.97553839,-87.71742013,POINT (-87.717420130109 41.975538390641)
7bc536588cb8871e5152d993b6f5e912379e4c5c036ddfa986fb7b65b5b549059e5b0df4a7d14f2aefaeafb60556c1e638728a4afa5d40ca9acbc804c57db5e6,HZ490322,,10/26/2016 15:20,30,TRAFFIC SIGNAL,FUNCTIONING PROPERLY,RAIN,DAYLIGHT,ANGLE,NOT DIVIDED,2,STRAIGHT AND LEVEL,WET,NO DEFECTS,,NO INJURY / DRIVE AWAY,,,,"OVER $1,500",10/26/2016 18:00,UNABLE TO DETERMINE,UNABLE TO DETERMINE,7502,S,SOUTH CHICAGO AVE,624,,,,,,,2,NO INDICATION OF INJURY,0,0,0,0,0,2,0,15,4,10,41.75846316,-87.59552078,POINT (-87.595520782024 41.758463159264)
7bc9536491cef801e103886b65e82b0eee356d4ddbe5dc8d83c6754c0793708cea4d470cae3f670353612463cb2114f57fa8797286bbaf0e7e68e85b179da309,JD111576,,1/10/2020 21:45,30,UNKNOWN,UNKNOWN,UNKNOWN,UNKNOWN,SIDESWIPE SAME DIRECTION,FOUR WAY,,STRAIGHT AND LEVEL,UNKNOWN,UNKNOWN,,NO INJURY / DRIVE AWAY,,,Y,"OVER $1,500",1/10/2020 21:55,IMPROPER TURNING/NO SIGNAL,FAILING TO REDUCE SPEED TO AVOID CRASH,2312,N,ASHLAND AVE,1811,,,,,,,2,NO INDICATION OF INJURY,0,0,0,0,0,2,0,21,6,1,41.92374168,-87.66831941,POINT (-87.668319410607 41.923741682421)
7c0977ed5303df116368748b7a2809eaadde945d81527aad658ea50b86474b2029f824de1fe379b63ffdb3109d5c0e7835f91ccfc21e04f9fc6c4babe32eb618,JC264727,,5/15/2019 18:25,35,TRAFFIC SIGNAL,FUNCTIONING PROPERLY,CLEAR,DUSK,TURNING,NOT DIVIDED,,STRAIGHT AND LEVEL,DRY,NO DEFECTS,,NO INJURY / DRIVE AWAY,,,,"OVER $1,500",5/15/2019 21:30,IMPROPER OVERTAKING/PASSING,FOLLOWING TOO CLOSELY,1544,W,ADDISON ST,1922,Y,Y,,,,,2,NO INDICATION OF INJURY,0,0,0,0,0,3,0,18,4,5,41.94711013,-87.66821676,POINT (-87.668216756039 41.947110134118)
7c4b2af8f82aab6d866b9d73b77202d95d15514b16b84198bda252af1b9818155f8a3188f51be138474dcd793ce91e396afe3769ad841ca9a1232ff5bbb1e5c2,JG289467,,5/27/2023 15:19,30,TRAFFIC SIGNAL,FUNCTIONING PROPERLY,CLEAR,DAYLIGHT,REAR END,FOUR WAY,,STRAIGHT AND LEVEL,DRY,NO DEFECTS,,NO INJURY / DRIVE AWAY,Y,,Y,"OVER $1,500",6/5/2023 18:30,FOLLOWING TOO CLOSELY,UNABLE TO DETERMINE,1950,W,GRAND AVE,1221,,,,,,,2,NO INDICATION OF INJURY,0,0,0,0,0,2,0,15,7,5,41.89094225,-87.67648641,POINT (-87.676486405121 41.89094224549)
7d21b25721c95f0f21bf321db44ee601e13c5cefbce2dd0bf213e22b29e9ef743ccb733e75fbcb6acad1bb9502f88c962a0060183a97b7f2f783f834ad49fdc4,JC444244,,9/22/2019 18:10,30,NO CONTROLS,NO CONTROLS,RAIN,DUSK,SIDESWIPE SAME DIRECTION,NOT DIVIDED,,STRAIGHT AND LEVEL,WET,NO DEFECTS,,NO INJURY / DRIVE AWAY,Y,,,"OVER $1,500",9/22/2019 18:13,FAILING TO YIELD RIGHT-OF-WAY,NOT APPLICABLE,8229,W,IRVING PARK RD,1631,,,,,,,2,NO INDICATION OF INJURY,0,0,0,0,0,3,0,18,1,9,41.95202372,-87.83295905,POINT (-87.832959047925 41.952023715154)
7de0a57623dbf2067fbbb1f3fa64a42e20dfec46efad759e97b470879d5faff4f7c6ccac8d682e9f5fff7fcc77b7b314ffa65528e879f66b6f3d930b37f0519e,JC529616,,11/30/2019 14:35,30,NO CONTROLS,NO CONTROLS,CLEAR,DAYLIGHT,PARKED MOTOR VEHICLE,NOT DIVIDED,,STRAIGHT AND LEVEL,WET,NO DEFECTS,,NO INJURY / DRIVE AWAY,,,Y,"$501 - $1,500",11/30/2019 15:20,UNABLE TO DETERMINE,UNABLE TO DETERMINE,845,N,STATE ST,1833,,,,,,,2,NO INDICATION OF INJURY,0,0,0,0,0,2,0,14,7,11,41.89798659,-87.6280884,POINT (-87.628088397595 41.897986585292)
7e217a03ddf19f2e94c46d01a4af87f68f2504be770cf8efdc73668bc14a4f461cb807e1fd60ae64ce6098a64db6e8f030ee748478ffaf51af9c0379b965787c,JD181292,,3/10/2020 19:17,30,TRAFFIC SIGNAL,FUNCTIONING PROPERLY,CLEAR,DARKNESS,TURNING,NOT DIVIDED,,STRAIGHT AND LEVEL,DRY,NO DEFECTS,,NO INJURY / DRIVE AWAY,,,,"OVER $1,500",3/10/2020 20:00,UNABLE TO DETERMINE,NOT APPLICABLE,800,W,TAYLOR ST,1232,,,,,,,2,NO INDICATION OF INJURY,0,0,0,0,0,3,0,19,3,3,41.86970543,-87.64707692,POINT (-87.647076919821 41.869705431293)
7e5c49adf0c49cf6726d22f090117bf070b7bc61bd7eda1e066e7e5b2e9b51a4b686119e746fb09a7794a789a02764d08f759cbd0546cca1f727285f899a3c8f,JG287433,Y,6/4/2023 7:50,30,TRAFFIC SIGNAL,FUNCTIONING PROPERLY,CLEAR,DAYLIGHT,REAR END,NOT DIVIDED,,STRAIGHT AND LEVEL,DRY,NO DEFECTS,,NO INJURY / DRIVE AWAY,,,Y,"$501 - $1,500",6/4/2023 8:04,UNABLE TO DETERMINE,NOT APPLICABLE,1200,W,MARQUETTE RD,724,,N,,,,,2,NO INDICATION OF INJURY,0,0,0,0,0,2,0,7,1,6,41.77244179,-87.65437324,POINT (-87.654373236431 41.772441793368)
7e88828052163de6f2429b11333afb33b1353a6b19c2621f324c0166fb5da3286d943b54892f5595703a66a959ae5b3b32500a847f6e6688887b2a30f286497c,JG250673,,5/5/2023 17:45,30,NO CONTROLS,NO CONTROLS,CLOUDY/OVERCAST,DUSK,PARKED MOTOR VEHICLE,DIVIDED - W/MEDIAN (NOT RAISED),,STRAIGHT AND LEVEL,DRY,NO DEFECTS,,INJURY AND / OR TOW DUE TO CRASH,Y,,,"OVER $1,500",5/6/2023 20:15,UNABLE TO DETERMINE,UNABLE TO DETERMINE,7011,S,RACINE AVE,733,,,,,,,2,NO INDICATION OF INJURY,0,0,0,0,0,4,0,17,6,5,41.76650193,-87.65400732,POINT (-87.654007318196 41.766501926228)
7ec85932772193b80e988b7a5e936627060b134910d49680479175b1ceb9df04f473818bbcee05a195deee1ca94f1a96553c93df7923cdfd43531359b683eb95,JG267387,,5/19/2023 23:01,45,TRAFFIC SIGNAL,FUNCTIONING PROPERLY,CLEAR,"DARKNESS, LIGHTED ROAD",ANGLE,DIVIDED - W/MEDIAN (NOT RAISED),,STRAIGHT AND LEVEL,DRY,UNKNOWN,,NO INJURY / DRIVE AWAY,,,,"OVER $1,500",5/20/2023 0:20,DRIVING SKILLS/KNOWLEDGE/EXPERIENCE,DRIVING SKILLS/KNOWLEDGE/EXPERIENCE,505,N,LAKE SHORE DR,1834,,,,,,,2,NO INDICATION OF INJURY,0,0,0,0,0,4,0,23,6,5,41.89127929,-87.61410753,POINT (-87.61410753333 41.891279293492)
7ed909673c2b1f78f784e1a0c167709b42c0ce311a1fb6d84a15294699760a301c36e45f6ba85e5c3d88b121c6a4ed71eaf74f3d53f291c5c7f8182a358ff1ab,JD142857,,2/6/2020 22:55,35,NO CONTROLS,NO CONTROLS,CLOUDY/OVERCAST,"DARKNESS, LIGHTED ROAD",TURNING,NOT DIVIDED,,STRAIGHT AND LEVEL,WET,NO DEFECTS,,INJURY AND / OR TOW DUE TO CRASH,,,,"OVER $1,500",2/6/2020 23:06,UNABLE TO DETERMINE,NOT APPLICABLE,1615,N,CLARK ST,1814,,,,,,,2,NONINCAPACITATING INJURY,1,0,0,1,0,2,0,22,5,2,41.91171007,-87.63179533,POINT (-87.631795333564 41.911710066559)
7ef1035f15d4185eb13532d0c272f033834d77a14231fccc9c689fde7740999ace404f310fd278ab47ab12cf4e7d05e3ec101383d91010f92640ea452aa6a6fd,JG318263,N,6/27/2023 13:37,30,TRAFFIC SIGNAL,UNKNOWN,UNKNOWN,DAYLIGHT,ANGLE,OTHER,,STRAIGHT AND LEVEL,DRY,UNKNOWN,,NO INJURY / DRIVE AWAY,Y,,N,"OVER $1,500",6/27/2023 14:30,DISREGARDING OTHER TRAFFIC SIGNS,NOT APPLICABLE,7300,S,STONY ISLAND AVE,324,,,,,,,2,NO INDICATION OF INJURY,0,0,0,0,0,3,0,13,3,6,41.76236192,-87.58637724,POINT (-87.586377234748 41.762361918371)
7f26842483925f1739494fe67321cc5b817567efa56299f4f762581050ed2c0828ed9adea0f6719736fb1498f50841b34be84a5ba311de2886aa4cfa1144e8f8,JD151227,,2/14/2020 8:35,30,TRAFFIC SIGNAL,FUNCTIONING PROPERLY,CLEAR,DAYLIGHT,REAR END,NOT DIVIDED,,STRAIGHT AND LEVEL,ICE,NO DEFECTS,,INJURY AND / OR TOW DUE TO CRASH,,,Y,$500 OR LESS,2/14/2020 8:41,UNABLE TO DETERMINE,UNABLE TO DETERMINE,329,S,DAMEN AVE,1225,,,,,,,2,"REPORTED, NOT EVIDENT",2,0,0,0,2,1,0,8,6,2,41.87657397,-87.67639215,POINT (-87.676392153893 41.876573971746)
7fdf5b2271cfdd1387ca3b6be164e1c0490b913d48799a39de1743b5e58a0a0d6d08b0531150f1fa660d33184280b6ceb6dc640f537110e888e3e8857a21bbce,,,7/16/2023 4:25,30,NO CONTROLS,NO CONTROLS,CLEAR,DARKNESS,PARKED MOTOR VEHICLE,ONE-WAY,,STRAIGHT AND LEVEL,OTHER,UNKNOWN,,INJURY AND / OR TOW DUE TO CRASH,,,Y,"OVER $1,500",7/16/2023 8:12,DRIVING ON WRONG SIDE/WRONG WAY,UNABLE TO DETERMINE,4009,S,ALBANY AVE,921,,,,,,,4,NO INDICATION OF INJURY,0,0,0,0,0,1,0,4,1,7,41.82052397,-87.70184067,POINT (-87.701840664868 41.820523972792)
801af8de19c827134cac6c043d91c83da109050ccbcc6935f7579e37e5393815cc6a1c198ab44bc0fe4949e9c7ec020c130e5ee06b6ac7fa6eeedf3d05ccae04,JD121335,,1/19/2020 14:42,30,TRAFFIC SIGNAL,FUNCTIONING PROPERLY,CLEAR,DAYLIGHT,PEDESTRIAN,NOT DIVIDED,,STRAIGHT AND LEVEL,DRY,NO DEFECTS,,INJURY AND / OR TOW DUE TO CRASH,,,N,"OVER $1,500",1/19/2020 16:11,FAILING TO YIELD RIGHT-OF-WAY,NOT APPLICABLE,7100,S,WESTERN AVE,832,,,,,,,2,NONINCAPACITATING INJURY,1,0,0,1,0,1,0,14,1,1,41.76460891,-87.68338705,POINT (-87.683387053281 41.764608912236)
802e0010e12f8390c5aa1e62082e90ac46edd579885d0d5446ae67ef81f5188194a3070a704a5416a5972ddbb8818236a81bfe75fce07250f6db4891dc71cc18,,,7/19/2023 17:17,30,NO CONTROLS,NO CONTROLS,CLEAR,DAYLIGHT,REAR END,NOT DIVIDED,,STRAIGHT AND LEVEL,DRY,NO DEFECTS,,INJURY AND / OR TOW DUE TO CRASH,,,,"$501 - $1,500",7/19/2023 18:10,FOLLOWING TOO CLOSELY,UNABLE TO DETERMINE,6800,W,HIGGINS AVE,1613,,,,,,,2,NONINCAPACITATING INJURY,2,0,0,2,0,1,0,17,4,7,41.97922502,-87.79764553,POINT (-87.797645527823 41.979225023218)
8045538e5d87d691e2e95db4874bd13993db403037d2e97c7b2b27ccc8e8527b970a12358326fe8f0e11c8972ee8195a373443c4ad65337da56ef25609cd7d33,JC493997,,10/31/2019 22:55,30,TRAFFIC SIGNAL,FUNCTIONING PROPERLY,FREEZING RAIN/DRIZZLE,"DARKNESS, LIGHTED ROAD",TURNING,DIVIDED - W/MEDIAN (NOT RAISED),,STRAIGHT AND LEVEL,SNOW OR SLUSH,NO DEFECTS,,NO INJURY / DRIVE AWAY,,,,"$501 - $1,500",10/31/2019 23:40,UNABLE TO DETERMINE,NOT APPLICABLE,5897,S,ARCHER AVE,811,,,,,,,2,NO INDICATION OF INJURY,0,0,0,0,0,2,0,22,5,10,41.79554052,-87.76276028,POINT (-87.762760284172 41.795540523432)
806090d80dcdd1651aee776553abac01acec226f59d420905605a9fade60656ca39e055241c3fa02d847ad44c600eade29efb2a0047c9b4188a28d4142e615b1,JA458803,,10/4/2017 21:55,30,NO CONTROLS,NO CONTROLS,CLEAR,"DARKNESS, LIGHTED ROAD",PARKED MOTOR VEHICLE,PARKING LOT,,STRAIGHT AND LEVEL,DRY,NO DEFECTS,,INJURY AND / OR TOW DUE TO CRASH,,Y,,"$501 - $1,500",10/4/2017 21:58,PHYSICAL CONDITION OF DRIVER,NOT APPLICABLE,941,W,CARMEN AVE,2024,,,,,,,2,NONINCAPACITATING INJURY,1,0,0,1,0,0,0,21,4,10,41.97419881,-87.65417003,POINT (-87.654170030437 41.974198809715)