CRASH_RECORD_ID,RD_NO,CRASH_DATE_EST_I,CRASH_DATE,POSTED_SPEED_LIMIT,TRAFFIC_CONTROL_DEVICE,DEVICE_CONDITION,WEATHER_CONDITION,LIGHTING_CONDITION,FIRST_CRASH_TYPE,TRAFFICWAY_TYPE,LANE_CNT,ALIGNMENT,ROADWAY_SURFACE_COND,ROAD_DEFECT,REPORT_TYPE,CRASH_TYPE,INTERSECTION_RELATED_I,NOT_RIGHT_OF_WAY_I,HIT_AND_RUN_I,DAMAGE,DATE_POLICE_NOTIFIED,PRIM_CONTRIBUTORY_CAUSE,SEC_CONTRIBUTORY_CAUSE,STREET_NO,STREET_DIRECTION,STREET_NAME,BEAT_OF_OCCURRENCE,PHOTOS_TAKEN_I,STATEMENTS_TAKEN_I,DOORING_I,WORK_ZONE_I,WORK_ZONE_TYPE,WORKERS_PRESENT_I,NUM_UNITS,MOST_SEVERE_INJURY,INJURIES_TOTAL,INJURIES_FATAL,INJURIES_INCAPACITATING,INJURIES_NON_INCAPACITATING,INJURIES_REPORTED_NOT_EVIDENT,INJURIES_NO_INDICATION,INJURIES_UNKNOWN,CRASH_HOUR,CRASH_DAY_OF_WEEK,CRASH_MONTH,LATITUDE,LONGITUDE,LOCATION
8062c892a57256127b8f373fc92313b5b21a10d8e6efa75153d8de63f9e4b49757a42efe404684a4ecf35d8254aef122f43338ac63a13169bd522443908471c2,JG311331,,6/22/2023 14:15,30,NO CONTROLS,NO CONTROLS,CLEAR,DAYLIGHT,TURNING,NOT DIVIDED,,STRAIGHT AND LEVEL,DRY,NO DEFECTS,,NO INJURY / DRIVE AWAY,,,,"OVER $1,500",6/22/2023 14:52,IMPROPER LANE USAGE,NOT APPLICABLE,805,W,111TH ST,2233,,,,,,,2,NO INDICATION OF INJURY,0,0,0,0,0,3,0,14,5,6,41.69224437,-87.64262038,POINT (-87.642620377854 41.692244366178)
80a53e165caab8f91f3282350dace97a31687f98040e7eb6466ecb605b21ed32a02a2a6a4aeb0bc074ce0fa0e832d4a37305e5996ad1e394dc7734a6515491e6,JD229596,,5/8/2020 10:09,30,NO CONTROLS,NO CONTROLS,CLEAR,DAYLIGHT,PARKED MOTOR VEHICLE,ONE-WAY,,STRAIGHT AND LEVEL,DRY,NO DEFECTS,,NO INJURY / DRIVE AWAY,,,,"$501 - $1,500",5/11/2020 12:45,UNABLE TO DETERMINE,UNABLE TO DETERMINE,2116,N,NATCHEZ AVE,2512,,,,,,,2,NO INDICATION OF INJURY,0,0,0,0,0,1,0,10,6,5,41.9187415,-87.78788868,POINT (-87.787888675213 41.918741495695)
80d13434dc35d1c2cd0daaa241ac616c5bb24a3852b56eecd5069bed896ceaa538e3444075a15740d42ca92ac13b28dc898c6e4759ed8cabc8f7180e554fe560,JC268662,,5/18/2019 19:14,30,TRAFFIC SIGNAL,FUNCTIONING PROPERLY,RAIN,DAYLIGHT,HEAD ON,DIVIDED - W/MEDIAN (NOT RAISED),,STRAIGHT AND LEVEL,WET,NO DEFECTS,,INJURY AND / OR TOW DUE TO CRASH,Y,,,"OVER $1,500",5/18/2019 19:18,DISREGARDING TRAFFIC SIGNALS,WEATHER,8711,S,ASHLAND AVE,2221,,,,,,,2,NONINCAPACITATING INJURY,1,0,0,1,0,1,0,19,7,5,41.7354087,-87.66290968,POINT (-87.662909684243 41.735408702583)
8193448315612b5d1407ef18158a903fffe62163e5af12e0815997834824453de39c7b7a6c65b59a956b1ae0d3c9461a1fb12394148e4c1dcbe3ed4c9d84c514,JG216629,,4/9/2023 4:30,30,TRAFFIC SIGNAL,UNKNOWN,UNKNOWN,"DARKNESS, LIGHTED ROAD",REAR END,UNKNOWN,,STRAIGHT AND LEVEL,UNKNOWN,UNKNOWN,,INJURY AND / OR TOW DUE TO CRASH,,,Y,"OVER $1,500",4/9/2023 15:13,UNABLE TO DETERMINE,UNABLE TO DETERMINE,410,S,PULASKI RD,1132,N,,,,,,2,"REPORTED, NOT EVIDENT",1,0,0,0,1,2,0,4,1,4,41.87487658,-87.72561567,POINT (-87.725615668746 41.874876576951)
8197890b98ab7bfa1f973b2df866a282d32c2421b54ab668c3eb4b03727cc21ca11a15d1c6978c9c311cfeedb1342a2d7f462c076c4d485ceefacabebf34a16d,JD227615,,5/8/2020 17:02,30,NO CONTROLS,NO CONTROLS,CLEAR,DAYLIGHT,PARKED MOTOR VEHICLE,DIVIDED - W/MEDIAN (NOT RAISED),,STRAIGHT AND LEVEL,DRY,NO DEFECTS,,NO INJURY / DRIVE AWAY,,,Y,"OVER $1,500",5/8/2020 19:55,HAD BEEN DRINKING (USE WHEN ARREST IS NOT MADE),UNABLE TO DETERMINE,7900,S,EBERHART AVE,624,,,,,,,2,NO INDICATION OF INJURY,0,0,0,0,0,7,0,17,6,5,41.75106607,-87.61264685,POINT (-87.612646846049 41.751066067075)
81ac1fd4bd6df58c3de4c5eecb8bca66057370b6d8a8a6c4acdd8d4b5d25a249037f29e6fbddd36272ce1aef20d87256b2a8f5980552b9a93ceea05cff4eb30f,JC379858,,8/5/2019 16:00,30,TRAFFIC SIGNAL,FUNCTIONING PROPERLY,CLEAR,DAYLIGHT,SIDESWIPE SAME DIRECTION,NOT DIVIDED,,STRAIGHT AND LEVEL,DRY,NO DEFECTS,,INJURY AND / OR TOW DUE TO CRASH,,,,"OVER $1,500",8/5/2019 16:21,IMPROPER LANE USAGE,IMPROPER OVERTAKING/PASSING,702,W,47TH ST,925,,,,,,,3,NONINCAPACITATING INJURY,2,0,0,1,1,1,0,16,2,8,41.80901278,-87.6432724,POINT (-87.643272395768 41.80901278227)
81b36daecdcf4c615f118b1265cd26eb43fb99995d5b60b21a44e2f1fca1b6d9995a129bac3a9e5cca7e706346970fbd34eaf0bcd7e6c069ce2e2d62a8b0cfdb,JD177661,,3/7/2020 18:22,20,NO CONTROLS,NO CONTROLS,CLEAR,"DARKNESS, LIGHTED ROAD",PARKED MOTOR VEHICLE,ONE-WAY,,STRAIGHT AND LEVEL,DRY,NO DEFECTS,,INJURY AND / OR TOW DUE TO CRASH,,,,"OVER $1,500",3/7/2020 18:25,UNABLE TO DETERMINE,NOT APPLICABLE,4312,W,CULLERTON ST,1012,,,,,,,4,NO INDICATION OF INJURY,0,0,0,0,0,1,0,18,7,3,41.85441041,-87.73273241,POINT (-87.732732405591 41.854410406278)
8204dd0c8f33d47a51a06ac8d0ff3ef994b300df3174a6a80f7d64664a8c57997fd1c159309b042f51e74f09fe4d10ed5f5e72a506d0f7bb1d34c70e0b372d68,JD130630,,1/27/2020 16:30,30,TRAFFIC SIGNAL,FUNCTIONING PROPERLY,CLEAR,DAWN,SIDESWIPE SAME DIRECTION,NOT DIVIDED,,STRAIGHT AND LEVEL,DRY,NO DEFECTS,,NO INJURY / DRIVE AWAY,Y,,,"$501 - $1,500",1/27/2020 17:20,IMPROPER OVERTAKING/PASSING,IMPROPER OVERTAKING/PASSING,400,S,STATE ST,113,,,,,,,2,NO INDICATION OF INJURY,0,0,0,0,0,2,0,16,2,1,41.87686253,-87.62779697,POINT (-87.627796970132 41.876862529588)
820585ccdd203103e11b7282feaa3e9be0ad059e7a59e38b3e22ce25109bb59e8e113fb0170ba3680e18308f06efb05ea5d002bad97088e12b762ebb5145ea69,JG337682,Y,7/9/2023 8:00,30,NO CONTROLS,NO CONTROLS,UNKNOWN,UNKNOWN,PARKED MOTOR VEHICLE,ONE-WAY,,STRAIGHT AND LEVEL,UNKNOWN,UNKNOWN,,INJURY AND / OR TOW DUE TO CRASH,,,Y,"OVER $1,500",7/12/2023 8:53,UNABLE TO DETERMINE,UNABLE TO DETERMINE,2026,W,WELLINGTON AVE,1931,,,,,,,2,NO INDICATION OF INJURY,0,0,0,0,0,1,0,8,1,7,41.93602645,-87.67939872,POINT (-87.679398722697 41.936026445755)
823302bbac8f0352ed9dd5d0f0d9e07d28f24670d9f0141f5e2bcbe229a3fedebb5af165568ec513d9e4f86b3db6e9b6f928a097bf8405614089e06191eb5a68,JG235604,,4/20/2023 21:30,25,NO CONTROLS,NO CONTROLS,CLEAR,DARKNESS,PARKED MOTOR VEHICLE,ONE-WAY,,STRAIGHT AND LEVEL,DRY,NO DEFECTS,,NO INJURY / DRIVE AWAY,,,Y,"OVER $1,500",4/24/2023 14:30,IMPROPER LANE USAGE,NOT APPLICABLE,2921,W,BERTEAU AVE,1724,,,,,,,2,NO INDICATION OF INJURY,0,0,0,0,0,1,0,21,5,4,41.95747162,-87.70177524,POINT (-87.701775243428 41.957471622621)
828c0a35913b094cd81543db1fc486fd380e8522ec15421f7aae317a67cd39fe742fd1efabd346c4d1ee03c761c7cac361d8a7a61cf80e5d2d495866378dc805,JC497372,,11/3/2019 18:22,30,STOP SIGN/FLASHER,FUNCTIONING PROPERLY,CLEAR,"DARKNESS, LIGHTED ROAD",ANGLE,DIVIDED - W/MEDIAN BARRIER,,STRAIGHT AND LEVEL,DRY,NO DEFECTS,,INJURY AND / OR TOW DUE TO CRASH,Y,,,"OVER $1,500",11/3/2019 18:25,FAILING TO YIELD RIGHT-OF-WAY,NOT APPLICABLE,1401,W,ROOSEVELT RD,1233,,,,,,,2,NONINCAPACITATING INJURY,1,0,0,1,0,2,0,18,1,11,41.86680605,-87.66169184,POINT (-87.661691842146 41.866806048959)
82ab66ea8f4ee1072c52eff64bf3171e6f0ca0c7092005fbfef130f86bac2f1b20313270e9592f6b2e2611a8d2103fd6c4788167e2372cef5f0ba28c35097cb3,JC516627,,11/19/2019 12:00,30,TRAFFIC SIGNAL,FUNCTIONING PROPERLY,CLEAR,DAYLIGHT,TURNING,NOT DIVIDED,,STRAIGHT AND LEVEL,DRY,NO DEFECTS,,NO INJURY / DRIVE AWAY,Y,,,"OVER $1,500",11/19/2019 16:58,IMPROPER TURNING/NO SIGNAL,IMPROPER TURNING/NO SIGNAL,3855,W,LAWRENCE AVE,1723,,,,,,,2,NO INDICATION OF INJURY,0,0,0,0,0,2,0,12,3,11,41.96816126,-87.72537704,POINT (-87.725377041999 41.968161254639)
82e4a16e0d7a7c0edbb9659313060207573d543a7d36cb52fde6401440d5d2c4e715710a3dd2c4b3246567e1bd74a216d3563da3c2c994c321d8d8cd44ef2e21,JD232839,,5/15/2020 7:11,40,NO CONTROLS,NO CONTROLS,RAIN,DAYLIGHT,SIDESWIPE SAME DIRECTION,DIVIDED - W/MEDIAN BARRIER,,STRAIGHT AND LEVEL,WET,NO DEFECTS,,INJURY AND / OR TOW DUE TO CRASH,,,,"OVER $1,500",5/15/2020 7:19,WEATHER,NOT APPLICABLE,630,N,LAKE SHORE DR NB,1834,,,,,,,2,NO INDICATION OF INJURY,0,0,0,0,0,2,0,7,6,5,41.89363106,-87.61486796,POINT (-87.614867955678 41.893631059554)
82e62bcf051f23bcd2b7017f21acbddba5a92be6ba8207b337cefffe5e04ecefe68ede7690498db5777ef1d4ae187a11fc9868a3e0f3fbb6aca0aa51b39aa6e7,JA451238,,9/29/2017 9:30,30,NO CONTROLS,NO CONTROLS,CLEAR,DAYLIGHT,SIDESWIPE SAME DIRECTION,NOT DIVIDED,2,STRAIGHT AND LEVEL,DRY,NO DEFECTS,,NO INJURY / DRIVE AWAY,,,,$500 OR LESS,9/29/2017 10:50,IMPROPER LANE USAGE,NOT APPLICABLE,2,S,CICERO AVE,1533,,,,,,,2,NO INDICATION OF INJURY,0,0,0,0,0,2,0,9,6,9,41.88044506,-87.74542253,POINT (-87.745422526067 41.880445063162)
835b97faa816cc4806a5d60e5612597d2e36457fb817cf6d85085a44fb98ff3935bf7788c4733fe3e0b043a1db25d162d514946001e2865b1d28d6bdce1032d3,JC553805,,12/20/2019 10:00,30,NO CONTROLS,NO CONTROLS,CLEAR,DAYLIGHT,TURNING,NOT DIVIDED,,STRAIGHT AND LEVEL,DRY,NO DEFECTS,,NO INJURY / DRIVE AWAY,,,,"$501 - $1,500",12/20/2019 11:00,DRIVING SKILLS/KNOWLEDGE/EXPERIENCE,NOT APPLICABLE,5455,W,BELMONT AVE,2514,,,,,,,2,NO INDICATION OF INJURY,0,0,0,0,0,2,0,10,6,12,41.93850044,-87.76382633,POINT (-87.763826329247 41.938500437505)
83699fe0ebb2164881e63a23c15b5a0cc70e0aca07575ffed3ee08c1f4838fe8d55191ce16635656231a59ddcf5e0ab8b4420e6e9dd6b61fe1c17900ff1e254c,JC503912,Y,11/9/2019 0:20,30,NO CONTROLS,NO CONTROLS,CLEAR,"DARKNESS, LIGHTED ROAD",PEDESTRIAN,DIVIDED - W/MEDIAN (NOT RAISED),,STRAIGHT AND LEVEL,DRY,UNKNOWN,,INJURY AND / OR TOW DUE TO CRASH,Y,,,"OVER $1,500",11/9/2019 1:05,UNDER THE INFLUENCE OF ALCOHOL/DRUGS (USE WHEN ARREST IS EFFECTED),NOT APPLICABLE,2800,S,MICHIGAN AVE,133,,,,,,,2,INCAPACITATING INJURY,1,0,1,0,0,1,0,0,7,11,41.84334752,-87.62372606,POINT (-87.623726057006 41.843347519337)
837524c24e64f766501c99c77baf020521e16975996e559636c32680f7cde721310a69d1f6c9a7ea2671ac4907a5afdb55d7ff47fadc3d6ffa2e47c0543e5c3a,JD218652,Y,4/27/2020 21:05,30,OTHER WARNING SIGN,FUNCTIONING PROPERLY,RAIN,"DARKNESS, LIGHTED ROAD",ANGLE,T-INTERSECTION,,STRAIGHT AND LEVEL,WET,NO DEFECTS,,INJURY AND / OR TOW DUE TO CRASH,Y,,,"OVER $1,500",4/27/2020 21:14,DRIVING ON WRONG SIDE/WRONG WAY,IMPROPER TURNING/NO SIGNAL,5400,W,NORTH AVE,2532,,,,,,,2,"REPORTED, NOT EVIDENT",2,0,0,0,2,1,0,21,2,4,41.90954836,-87.76056814,POINT (-87.760568140621 41.909548356014)
837cdd2fcf161617268c144528f127f92f827c6db384181b00ae2c7704546668388a5da7c3a9f3d06c1b6c93a416a7851b7cece0981fe69d5e2f80311c8c9f96,JD175138,,3/5/2020 15:56,30,TRAFFIC SIGNAL,FUNCTIONING PROPERLY,CLEAR,DAYLIGHT,TURNING,T-INTERSECTION,,STRAIGHT AND LEVEL,DRY,NO DEFECTS,,INJURY AND / OR TOW DUE TO CRASH,Y,,,"OVER $1,500",3/5/2020 15:56,UNABLE TO DETERMINE,NOT APPLICABLE,5900,S,CICERO AVE,813,,,,,,,2,"REPORTED, NOT EVIDENT",1,0,0,0,1,1,0,15,5,3,41.78564332,-87.74148578,POINT (-87.741485778405 41.785643323876)
839941b71a95d66c4980b5dafb844146c2144f9568df12eba5d8d4a452e1355738ce7bc9cebc0b1217da808b5d1f81e1bda7d29bb6a6d769752432770db6cac9,JD233300,,5/15/2020 16:00,30,STOP SIGN/FLASHER,FUNCTIONING PROPERLY,CLEAR,DAYLIGHT,PEDALCYCLIST,NOT DIVIDED,,STRAIGHT AND LEVEL,UNKNOWN,UNKNOWN,,INJURY AND / OR TOW DUE TO CRASH,Y,,Y,"$501 - $1,500",5/15/2020 16:38,IMPROPER OVERTAKING/PASSING,IMPROPER OVERTAKING/PASSING,2501,N,SOUTHPORT AVE,1932,,,,,,,2,NONINCAPACITATING INJURY,1,0,0,1,0,1,0,16,6,5,41.92708012,-87.6632372,POINT (-87.663237196077 41.927080118791)
8411d6f546ef7110cd8e5885f7f96b36fb677b93a8af30adafcda8c9db05f957429723aecc5a570a17bfc806775911f782ad8687d763bc2755dda2cdb3f28592,JD182410,,3/11/2020 18:45,30,STOP SIGN/FLASHER,NOT FUNCTIONING,CLEAR,"DARKNESS, LIGHTED ROAD",TURNING,OTHER,,STRAIGHT AND LEVEL,DRY,UNKNOWN,,NO INJURY / DRIVE AWAY,,Y,Y,"OVER $1,500",3/11/2020 19:25,"OPERATING VEHICLE IN ERRATIC, RECKLESS, CARELESS, NEGLIGENT OR AGGRESSIVE MANNER",FAILING TO YIELD RIGHT-OF-WAY,6700,S,WESTERN AVE,832,Y,,,,,,2,NO INDICATION OF INJURY,0,0,0,0,0,2,0,18,4,3,41.77188403,-87.6835884,POINT (-87.683588402063 41.771884027712)
8435f2490a48523a5b58fffdf56b078c089652097c6bd23207b09354f4675b85d557ead678a4739aac8da1750b94f070bfff74ed6bb7184d44a9edfb36fcd849,JD112157,,1/11/2020 13:30,30,NO CONTROLS,NO CONTROLS,RAIN,DAYLIGHT,FIXED OBJECT,NOT DIVIDED,,STRAIGHT AND LEVEL,WET,NO DEFECTS,,NO INJURY / DRIVE AWAY,,,,"OVER $1,500",1/11/2020 13:34,UNABLE TO DETERMINE,UNABLE TO DETERMINE,3920,S,PRINCETON AVE,925,,,,,,,1,NO INDICATION OF INJURY,0,0,0,0,0,1,0,13,7,1,41.82297587,-87.63336809,POINT (-87.633368090124 41.82297586533)
844e9adb004d626b0e40ec3ff2f6969151d1c16b3587bb1ddb9d2e78ecbbaa10891af6a0c86f61f6f206029fa821d86ff9daf34c5c137aad13ecc4adcbc419cb,JC429343,,9/11/2019 16:15,30,NO CONTROLS,NO CONTROLS,UNKNOWN,UNKNOWN,REAR END,UNKNOWN,,STRAIGHT AND LEVEL,UNKNOWN,UNKNOWN,,INJURY AND / OR TOW DUE TO CRASH,,,,"OVER $1,500",9/11/2019 17:25,UNABLE TO DETERMINE,NOT APPLICABLE,3757,W,HARRISON ST,1133,,,,,,,2,NONINCAPACITATING INJURY,4,0,0,4,0,1,0,16,4,9,41.87340692,-87.72027085,POINT (-87.720270845952 41.873406916379)
84b3d6ca83215239478426b573070dbbfb356105aa12d6c299cf12d6f8e3064248f1232f39228067dde2206a3a1071b2875a8fdd9e178b3eeea582076a51f3d5,JC492279,Y,10/29/2019 23:30,30,NO CONTROLS,NO CONTROLS,RAIN,"DARKNESS, LIGHTED ROAD",PARKED MOTOR VEHICLE,NOT DIVIDED,,STRAIGHT AND LEVEL,WET,NO DEFECTS,,NO INJURY / DRIVE AWAY,,,Y,"OVER $1,500",10/30/2019 16:25,UNABLE TO DETERMINE,NOT APPLICABLE,1626,W,ROSEHILL DR,2012,,,,,,,2,NO INDICATION OF INJURY,0,0,0,0,0,1,0,23,3,10,41.98684483,-87.67084821,POINT (-87.670848205149 41.98684482607)
85600f44cbd3891231b9f241687daef2c841e4fcaf65baa111f61514154842eb2f5ab14bba285f4807fe63403991bd9d6e7375ea0ac6764cb3d8db2354654734,JG294803,,6/9/2023 17:45,30,TRAFFIC SIGNAL,FUNCTIONING PROPERLY,CLEAR,DUSK,ANGLE,FOUR WAY,,STRAIGHT AND LEVEL,DRY,OTHER,,NO INJURY / DRIVE AWAY,Y,,,"OVER $1,500",6/9/2023 18:45,FAILING TO YIELD RIGHT-OF-WAY,UNABLE TO DETERMINE,935,N,MICHIGAN AVE,1833,,,,,,,2,NO INDICATION OF INJURY,0,0,0,0,0,2,0,17,6,6,41.90014083,-87.6240238,POINT (-87.624023803631 41.900140833331)
85b2067517d22059b7d0310c0ae08a2556a875348e7b582db8cf7c7c5d5576f35bedc9895c082ddd58d812a1d7fa24b08419087e36ffc1f5e85f47e4b882ba48,JG337886,,7/11/2023 11:51,30,TRAFFIC SIGNAL,FUNCTIONING PROPERLY,CLOUDY/OVERCAST,DAYLIGHT,PEDALCYCLIST,NOT DIVIDED,,STRAIGHT AND LEVEL,DRY,NO DEFECTS,,INJURY AND / OR TOW DUE TO CRASH,Y,,Y,$500 OR LESS,7/11/2023 12:14,UNABLE TO DETERMINE,UNABLE TO DETERMINE,2798,N,LINCOLN AVE,1932,,Y,,,,,2,NONINCAPACITATING INJURY,1,0,0,1,0,1,0,11,3,7,41.93238741,-87.65868559,POINT (-87.658685589826 41.932387408157)
85c31bbdb6080b8b88e3311df9927ae9bd381075d27e63e7c86603d8bad29eb3dd3714f43af779a32d9df4af3543bc8bb6248301107176fe1e59642629f51312,JC399448,,8/19/2019 20:09,30,TRAFFIC SIGNAL,FUNCTIONING PROPERLY,CLEAR,"DARKNESS, LIGHTED ROAD",REAR TO FRONT,NOT DIVIDED,,STRAIGHT AND LEVEL,DRY,NO DEFECTS,,NO INJURY / DRIVE AWAY,Y,,,$500 OR LESS,8/19/2019 21:50,UNABLE TO DETERMINE,UNABLE TO DETERMINE,1606,E,79TH ST,411,,,,,,,2,NO INDICATION OF INJURY,0,0,0,0,0,2,0,20,2,8,41.75161085,-87.58536755,POINT (-87.585367544712 41.751610849697)
85e6835eafb52f450bfbe85fa930226d3c4f95140aaa327f9ad9741bd92b961f5d4d19c9358d283e7dae60922585aa315704d67a5afb9dd0858ce039acde7b10,JC560095,,12/25/2019 19:50,30,TRAFFIC SIGNAL,FUNCTIONING PROPERLY,CLEAR,DARKNESS,REAR END,DIVIDED - W/MEDIAN (NOT RAISED),,STRAIGHT AND LEVEL,DRY,NO DEFECTS,,INJURY AND / OR TOW DUE TO CRASH,,,Y,"OVER $1,500",12/25/2019 19:52,UNABLE TO DETERMINE,NOT APPLICABLE,1604,N,CENTRAL AVE,2531,,,,,,,2,"REPORTED, NOT EVIDENT",1,0,0,0,1,2,0,19,4,12,41.90959906,-87.76579886,POINT (-87.765798860106 41.909599055982)
860cb28c69eded017adb2e2c13c5cbda5a2a57b622b7e81de3d3b08cac38fa1fd47254f96617db2f4371800d6acd4b27a5371af71484391539f432ce4afe5be3,JC411642,Y,8/29/2019 7:50,25,NO CONTROLS,NO CONTROLS,CLEAR,DAYLIGHT,PARKED MOTOR VEHICLE,NOT DIVIDED,,STRAIGHT AND LEVEL,DRY,NO DEFECTS,,NO INJURY / DRIVE AWAY,,,Y,"$501 - $1,500",8/29/2019 8:12,UNABLE TO DETERMINE,NOT APPLICABLE,6644,N,RAVENSWOOD AVE,2432,,,,,,,2,NO INDICATION OF INJURY,0,0,0,0,0,3,0,7,5,8,42.00300945,-87.67530406,POINT (-87.675304064183 42.003009447371)
862d1363ad067234df6e2be06ad3853e5e7f6ebcd4f5037ae616d649493eb7a4471f1448c06a50b73c30274833cb48c5d4b129909f150c9d56f945f38776a5ab,JG229418,,7/3/2023 11:48,30,TRAFFIC SIGNAL,FUNCTIONING PROPERLY,CLEAR,DAYLIGHT,PEDESTRIAN,FOUR WAY,,STRAIGHT AND LEVEL,DRY,NO DEFECTS,,INJURY AND / OR TOW DUE TO CRASH,Y,,Y,"OVER $1,500",7/13/2023 14:30,UNABLE TO DETERMINE,UNABLE TO DETERMINE,759,W,35TH ST,915,,N,,,,,2,NONINCAPACITATING INJURY,1,0,0,1,0,1,0,11,2,7,41.83064139,-87.64604296,POINT (-87.646042960389 41.830641388977)
86338628f76b8e4ce03cf4fe2e7a87edc00484f3c3b011dc630bbfd88b540a32cd4dccb9a5b20b30a308042ca0d5d1c3830e0adcb75a13351566829f5e03cfa3,JG243488,,5/1/2023 4:32,30,NO CONTROLS,NO CONTROLS,CLEAR,"DARKNESS, LIGHTED ROAD",FIXED OBJECT,DIVIDED - W/MEDIAN (NOT RAISED),,STRAIGHT AND LEVEL,DRY,NO DEFECTS,,INJURY AND / OR TOW DUE TO CRASH,,,Y,"OVER $1,500",5/1/2023 4:42,UNABLE TO DETERMINE,UNABLE TO DETERMINE,345,W,CERMAK RD,914,,,,,,,1,NONINCAPACITATING INJURY,1,0,0,1,0,1,0,4,2,5,41.85274861,-87.63668594,POINT (-87.636685938391 41.852748612948)
864d8dec9e52a29875bdecfcad260112a27de76fb3e8f898d9fc457ae328eb4a7145d5f6793d2e6e8cb31de6a3cceaf89efbfc44dca739a2fabe90873d9ca3a2,JG311431,,6/22/2023 15:00,30,TRAFFIC SIGNAL,FUNCTIONING PROPERLY,CLEAR,DAYLIGHT,OVERTURNED,NOT DIVIDED,,STRAIGHT AND LEVEL,DRY,NO DEFECTS,,NO INJURY / DRIVE AWAY,,,Y,"OVER $1,500",6/22/2023 15:22,IMPROPER OVERTAKING/PASSING,NOT APPLICABLE,4362,S,RACINE AVE,924,,,,,,,2,NO INDICATION OF INJURY,0,0,0,0,0,2,0,15,5,6,41.81425081,-87.65544295,POINT (-87.655442947092 41.814250813226)
8661268548ac079ae160e5e482cb63f5ec0b869f40edab1a42e2cef8c29dc671965b294a1559f2caee0612e031eafd93233ae54062192a1c3d17de1ca6aade24,JC486557,,10/25/2019 21:05,30,TRAFFIC SIGNAL,FUNCTIONING PROPERLY,CLEAR,DARKNESS,REAR END,DIVIDED - W/MEDIAN (NOT RAISED),,STRAIGHT AND LEVEL,DRY,NO DEFECTS,,INJURY AND / OR TOW DUE TO CRASH,N,,,"OVER $1,500",10/25/2019 21:07,FAILING TO REDUCE SPEED TO AVOID CRASH,UNABLE TO DETERMINE,100,W,83RD ST,622,,,,,,,2,NO INDICATION OF INJURY,0,0,0,0,0,2,0,21,6,10,41.74372559,-87.62690236,POINT (-87.626902361999 41.743725593719)
868b3f5af9a488180a96c009d9330a7cfa497b7049a6d7dcb297f6046cfedfbc4827da695d20283294f0bab19fb80d17072a0ef7c42c1f2d0df725e6cde659a6,JC466824,,10/9/2019 22:30,30,TRAFFIC SIGNAL,FUNCTIONING PROPERLY,CLEAR,"DARKNESS, LIGHTED ROAD",TURNING,FOUR WAY,,STRAIGHT AND LEVEL,DRY,UNKNOWN,,INJURY AND / OR TOW DUE TO CRASH,N,,Y,"OVER $1,500",10/9/2019 22:35,IMPROPER TURNING/NO SIGNAL,NOT APPLICABLE,55,W,WACKER DR,111,,,,,,,2,NONINCAPACITATING INJURY,1,0,0,1,0,5,0,22,4,10,41.88670693,-87.63006619,POINT (-87.630066190146 41.886706932286)
86bdda00749dba20e74c9c4cc550590e87fa0ec4da09396f74503e4b52a3c92bc3a67783aeb4e7666516ee24ef3174190f365b040fe01302591ab9f74e1f99b0,JG256991,,5/11/2023 16:40,15,NO CONTROLS,NO CONTROLS,CLEAR,DAYLIGHT,REAR TO FRONT,PARKING LOT,,STRAIGHT AND LEVEL,DRY,NO DEFECTS,,NO INJURY / DRIVE AWAY,,,,"OVER $1,500",5/11/2023 18:08,NOT APPLICABLE,NOT APPLICABLE,4101,W,79TH ST,834,,,,,,,2,NO INDICATION OF INJURY,0,0,0,0,0,4,0,16,5,5,41.74928543,-87.72440869,POINT (-87.724408691329 41.749285431108)
874ccf92bbeb632e2cce702e0ca7f4eaf55f781d1983058e3f8203a5cae35f9da48358cfb5ee505a47fc28acc66d68bc16b166e4ba02d11898fda5e5cc598d90,JD178116,,3/8/2020 7:45,30,STOP SIGN/FLASHER,FUNCTIONING PROPERLY,CLEAR,DAYLIGHT,HEAD ON,DIVIDED - W/MEDIAN BARRIER,,STRAIGHT AND LEVEL,DRY,NO DEFECTS,,INJURY AND / OR TOW DUE TO CRASH,Y,,,"OVER $1,500",3/8/2020 7:55,DISREGARDING STOP SIGN,UNABLE TO DETERMINE,1500,W,GARFIELD BLVD,934,,,,,,,2,NO INDICATION OF INJURY,0,0,0,0,0,2,0,7,1,3,41.79417904,-87.6622224,POINT (-87.662222399622 41.79417904371)
876672c48d5478747377146131686d2c7afc1ba1d02655f03e7f195bb38f814a558f116fcf5c8463633ddbe9443eda5a829913d3aa29cfacf03e3e0a102dde45,JD138212,,2/3/2020 8:22,30,TRAFFIC SIGNAL,FUNCTIONING PROPERLY,CLEAR,DAYLIGHT,TURNING,NOT DIVIDED,,STRAIGHT AND LEVEL,DRY,NO DEFECTS,,NO INJURY / DRIVE AWAY,,,,"OVER $1,500",2/3/2020 9:00,UNABLE TO DETERMINE,UNABLE TO DETERMINE,400,E,35TH ST,211,,,,,,,2,NO INDICATION OF INJURY,0,0,0,0,0,2,0,8,2,2,41.83124311,-87.61694054,POINT (-87.616940535573 41.831243112549)
8775a01901c45ed7b94c326c02158bf2f1b684abd3d121ef48a8867f2e9593cefa4d3a0903bcaf6626feb36644655cebdb96ab2626010502a3de290063f734f2,JC365461,,7/26/2019 13:45,30,TRAFFIC SIGNAL,FUNCTIONING PROPERLY,CLEAR,DAYLIGHT,REAR END,UNKNOWN,,STRAIGHT AND LEVEL,UNKNOWN,UNKNOWN,,NO INJURY / DRIVE AWAY,Y,,,"OVER $1,500",7/26/2019 14:05,UNABLE TO DETERMINE,NOT APPLICABLE,1001,S,HALSTED ST,1232,,,,,,,3,NO INDICATION OF INJURY,0,0,0,0,0,4,0,13,6,7,41.8695671,-87.64681299,POINT (-87.646812992454 41.869567098658)