CRASH_RECORD_ID,RD_NO,CRASH_DATE_EST_I,CRASH_DATE,POSTED_SPEED_LIMIT,TRAFFIC_CONTROL_DEVICE,DEVICE_CONDITION,WEATHER_CONDITION,LIGHTING_CONDITION,FIRST_CRASH_TYPE,TRAFFICWAY_TYPE,LANE_CNT,ALIGNMENT,ROADWAY_SURFACE_COND,ROAD_DEFECT,REPORT_TYPE,CRASH_TYPE,INTERSECTION_RELATED_I,NOT_RIGHT_OF_WAY_I,HIT_AND_RUN_I,DAMAGE,DATE_POLICE_NOTIFIED,PRIM_CONTRIBUTORY_CAUSE,SEC_CONTRIBUTORY_CAUSE,STREET_NO,STREET_DIRECTION,STREET_NAME,BEAT_OF_OCCURRENCE,PHOTOS_TAKEN_I,STATEMENTS_TAKEN_I,DOORING_I,WORK_ZONE_I,WORK_ZONE_TYPE,WORKERS_PRESENT_I,NUM_UNITS,MOST_SEVERE_INJURY,INJURIES_TOTAL,INJURIES_FATAL,INJURIES_INCAPACITATING,INJURIES_NON_INCAPACITATING,INJURIES_REPORTED_NOT_EVIDENT,INJURIES_NO_INDICATION,INJURIES_UNKNOWN,CRASH_HOUR,CRASH_DAY_OF_WEEK,CRASH_MONTH,LATITUDE,LONGITUDE,LOCATION
87d7e372cbcb51574a53ae1e0755311783b3523581fab2013dcda888002e574d639e5f3dc9d9194d8390eb2701a9b7fa180037071d2fe59456b8dab6f71e6551,JC566348,,12/31/2019 10:45,30,STOP SIGN/FLASHER,FUNCTIONING PROPERLY,SNOW,DAYLIGHT,ANGLE,DIVIDED - W/MEDIAN (NOT RAISED),,STRAIGHT AND LEVEL,DRY,NO DEFECTS,,NO INJURY / DRIVE AWAY,,,Y,"OVER $1,500",12/31/2019 11:20,FAILING TO YIELD RIGHT-OF-WAY,FAILING TO YIELD RIGHT-OF-WAY,900,W,MONROE ST,1232,,,,,,,2,NO INDICATION OF INJURY,0,0,0,0,0,3,0,10,3,12,41.88055877,-87.64972024,POINT (-87.649720243891 41.880558765496)
87d9204591e20cd7f526c78c50e869d38cc7209a05d225919e9eee0eb09ab180289f71ead02bcbabd2d3c7d94eabe65093e06051dd5c0f085b686268d5bc13dc,JG265084,,5/18/2023 8:30,30,TRAFFIC SIGNAL,FUNCTIONING PROPERLY,CLEAR,DAYLIGHT,REAR END,NOT DIVIDED,,STRAIGHT AND LEVEL,DRY,NO DEFECTS,,NO INJURY / DRIVE AWAY,,,,"OVER $1,500",5/18/2023 9:00,UNABLE TO DETERMINE,NOT APPLICABLE,300,N,KEDZIE AVE,1123,,,,,,,2,NO INDICATION OF INJURY,0,0,0,0,0,3,0,8,5,5,41.88647184,-87.7064307,POINT (-87.706430699075 41.886471836896)
87db4f6e1d9ff920185aed5b20ebebefc73187514fdc25035d378f1bb2e7562ec8482b263628313fe6bc10ea913b0132fad4d330116224107732423d634fabaa,JC485014,,10/24/2019 17:00,30,NO CONTROLS,NO CONTROLS,CLEAR,DAYLIGHT,SIDESWIPE SAME DIRECTION,DIVIDED - W/MEDIAN (NOT RAISED),,STRAIGHT AND LEVEL,DRY,NO DEFECTS,,NO INJURY / DRIVE AWAY,,,,"OVER $1,500",10/24/2019 17:20,IMPROPER BACKING,IMPROPER LANE USAGE,2134,S,INDIANA AVE,132,,,,,,,2,NO INDICATION OF INJURY,0,0,0,0,0,2,0,17,5,10,41.8532001,-87.6223845,POINT (-87.622384496065 41.853200096932)
87db874bd4e8626dd332a6aeb4e8a924cd6c8f3a5bc8c2a91deb2ef04d498c73921fbd52b21ee6e607b87bf1615ab1afe9c4822730d171d114e9d9a4f2f3917a,JC399024,,8/19/2019 16:05,30,NO CONTROLS,NO CONTROLS,CLEAR,DAYLIGHT,PEDALCYCLIST,T-INTERSECTION,,STRAIGHT AND LEVEL,UNKNOWN,UNKNOWN,,INJURY AND / OR TOW DUE TO CRASH,Y,,Y,$500 OR LESS,8/19/2019 16:45,UNABLE TO DETERMINE,NOT APPLICABLE,3685,S,ARCHER AVE,912,,,,,,,2,NONINCAPACITATING INJURY,1,0,0,1,0,1,0,16,2,8,41.8268122,-87.68323709,POINT (-87.683237086392 41.82681219988)
8802e271826fdfc831ec4761435c0199be5f61679b97cbf9e818106e51a5d09a853ca7a7640fe0ba5cb6d082c8be7d713d43f7f302e212925f06d1687b8eaf61,JG334249,,7/9/2023 14:09,30,NO CONTROLS,NO CONTROLS,CLEAR,DAYLIGHT,ANGLE,PARKING LOT,,STRAIGHT AND LEVEL,DRY,NO DEFECTS,,NO INJURY / DRIVE AWAY,,,,"OVER $1,500",7/9/2023 17:20,DRIVING SKILLS/KNOWLEDGE/EXPERIENCE,NOT APPLICABLE,8500,S,HOLLAND RD,622,,,,,,,2,NO INDICATION OF INJURY,0,0,0,0,0,2,0,14,1,7,41.73989671,-87.63208907,POINT (-87.632089065232 41.739896705621)
880a24ed695da2eff866d5bb120b7cb2eb4941fbbf06b780f2e501b7475d33de096ac04f08d7936bcc9e9b6bec3084840a5166dde2f65dbffb9bd0c33c0c84a2,JC429362,,9/11/2019 17:20,15,NO CONTROLS,NO CONTROLS,CLEAR,DAYLIGHT,PEDESTRIAN,PARKING LOT,,STRAIGHT AND LEVEL,DRY,NO DEFECTS,,INJURY AND / OR TOW DUE TO CRASH,,Y,Y,$500 OR LESS,9/11/2019 18:00,FAILING TO YIELD RIGHT-OF-WAY,UNABLE TO DETERMINE,8259,S,ASHLAND AVE,614,,,,,,,2,"REPORTED, NOT EVIDENT",1,0,0,0,1,1,0,17,4,9,41.74316904,-87.66310656,POINT (-87.663106556014 41.743169044023)
88189a70e5c7fd20add83857477babf242bce8ba346136734884818a42766ebbef79d97599f7ba6532c035eafb3f4af84fbae33a5bba686346d68ede897e03e3,JC307914,,6/15/2019 17:45,30,TRAFFIC SIGNAL,FUNCTIONING PROPERLY,RAIN,DAYLIGHT,REAR END,NOT DIVIDED,,STRAIGHT AND LEVEL,WET,NO DEFECTS,,INJURY AND / OR TOW DUE TO CRASH,Y,,N,"OVER $1,500",6/15/2019 18:08,FOLLOWING TOO CLOSELY,NOT APPLICABLE,4346,W,NORTH AVE,2534,,,,,,,3,INCAPACITATING INJURY,1,0,1,0,0,2,0,17,7,6,41.90987685,-87.73549085,POINT (-87.735490847907 41.90987684605)
8870e7464aba2c4e741388658821bb20451d1f08b813b64c8bbb0b5abb5681744f3899b13fb30923a7a1dadc2f7cdd333e95eac38fed4407ca50952ac466f802,JC493431,,10/31/2019 14:00,20,NO CONTROLS,NO CONTROLS,SNOW,DAYLIGHT,SIDESWIPE SAME DIRECTION,DIVIDED - W/MEDIAN (NOT RAISED),,STRAIGHT AND LEVEL,WET,UNKNOWN,,INJURY AND / OR TOW DUE TO CRASH,,,,"OVER $1,500",10/31/2019 15:15,FAILING TO REDUCE SPEED TO AVOID CRASH,FAILING TO YIELD RIGHT-OF-WAY,7519,S,PAXTON AVE,414,,,,,,,3,"REPORTED, NOT EVIDENT",2,0,0,0,2,1,0,14,5,10,41.75833767,-87.57109933,POINT (-87.571099328855 41.758337667229)
887c4f70ab903e410885f35b58670447c45c681b1bd8cb48fd408a708e8f747876c7a2fa0756bf72669c17f267c8de06f613ae270c077d239a02c4aad9b43f5e,JD101598,,12/30/2019 10:45,20,NO CONTROLS,NO CONTROLS,SNOW,DAYLIGHT,PARKED MOTOR VEHICLE,ONE-WAY,,STRAIGHT AND LEVEL,SNOW OR SLUSH,NO DEFECTS,,NO INJURY / DRIVE AWAY,,,,"OVER $1,500",1/2/2020 12:25,UNABLE TO DETERMINE,UNABLE TO DETERMINE,3165,W,ARTHUR AVE,2412,,,,,,,2,NO INDICATION OF INJURY,0,0,0,0,0,1,0,10,2,12,41.99910389,-87.70930268,POINT (-87.709302679545 41.999103884951)
88ebc0326ac0123d05cf21fbcc04d70cfaf159cf02e66a90ec853b34d85eb352a78d5d1e58dc464bedb044ae96cc6ab9d1b5d93bf8d918e0dc909f195f8ad0e5,JG300116,,6/13/2023 21:42,30,NO CONTROLS,NO CONTROLS,RAIN,"DARKNESS, LIGHTED ROAD",SIDESWIPE SAME DIRECTION,NOT DIVIDED,,STRAIGHT AND LEVEL,WET,NO DEFECTS,,INJURY AND / OR TOW DUE TO CRASH,,,,"OVER $1,500",6/13/2023 21:48,FAILING TO YIELD RIGHT-OF-WAY,NOT APPLICABLE,113,W,KINZIE ST,1831,,,,,,,2,NO INDICATION OF INJURY,0,0,0,0,0,2,0,21,3,6,41.88909369,-87.63165737,POINT (-87.63165737183 41.889093691147)
8936452b523e0ab796215620d494d6506e492ef6abe538a0e4fcd10c1d44c5dc428c23d3a277f6705ce99de6f3cdb046e2ffcf484e1e42acb6b074f75d7f4bbc,JD243872,,5/26/2020 21:30,30,NO CONTROLS,NO CONTROLS,CLEAR,DARKNESS,REAR END,DIVIDED - W/MEDIAN BARRIER,,STRAIGHT AND LEVEL,DRY,NO DEFECTS,,INJURY AND / OR TOW DUE TO CRASH,,,,"OVER $1,500",5/26/2020 21:45,FOLLOWING TOO CLOSELY,NOT APPLICABLE,9525,S,STONY ISLAND AVE,431,,,,,,,3,NO INDICATION OF INJURY,0,0,0,0,0,6,0,21,3,5,41.72147355,-87.58486508,POINT (-87.584865078012 41.721473547973)
898fc81495ec7ac407971388cca4e3f64115f8938c05c412e6980b0ba44bd6c3bbd75db773ae9cf432e72a6a7cec31c68eb505059c70c6632e9d8307cc946f42,JD177743,,3/7/2020 19:20,25,TRAFFIC SIGNAL,FUNCTIONING PROPERLY,CLEAR,"DARKNESS, LIGHTED ROAD",REAR END,NOT DIVIDED,,STRAIGHT AND LEVEL,DRY,NO DEFECTS,,NO INJURY / DRIVE AWAY,,,Y,"OVER $1,500",3/7/2020 19:50,FOLLOWING TOO CLOSELY,NOT APPLICABLE,800,E,57TH ST,235,,,,,,,2,NO INDICATION OF INJURY,0,0,0,0,0,3,0,19,7,3,41.79144162,-87.60612088,POINT (-87.606120878225 41.791441621456)
89a62ddbf1c30e69bd4a47eeb18a73f38ba8cbb3b1f54b6cc98bce7d01ee083e3c7ca40ebd04935631392183404e04c1d93e0eae08b6ae6ae7fbd9b4e944c240,JG329367,,7/5/2023 22:55,30,STOP SIGN/FLASHER,FUNCTIONING PROPERLY,RAIN,"DARKNESS, LIGHTED ROAD",REAR END,NOT DIVIDED,,STRAIGHT AND LEVEL,WET,UNKNOWN,,INJURY AND / OR TOW DUE TO CRASH,,,Y,"OVER $1,500",7/5/2023 23:05,UNABLE TO DETERMINE,UNABLE TO DETERMINE,1515,S,KEDVALE AVE,1012,,,,,,,2,"REPORTED, NOT EVIDENT",2,0,0,0,2,1,0,22,4,7,41.86015873,-87.72851367,POINT (-87.728513672035 41.860158730016)
89affb9e376dc9ff9c36db9e7cdc082c55eeaabf137dcc9f3117bac1d93d9a6d2f9d02870ada691a56fa77fd4276dcc3be2fbfad7f5143e8e02f7f867d2b5e5f,JG270639,,5/13/2023 11:00,30,NO CONTROLS,NO CONTROLS,CLEAR,DAYLIGHT,REAR END,NOT DIVIDED,,STRAIGHT AND LEVEL,DRY,NO DEFECTS,,NO INJURY / DRIVE AWAY,,,Y,"$501 - $1,500",5/22/2023 16:05,FOLLOWING TOO CLOSELY,FOLLOWING TOO CLOSELY,2515,N,CICERO AVE,2521,,,,,,,2,NO INDICATION OF INJURY,0,0,0,0,0,2,0,11,7,5,41.92656226,-87.74624272,POINT (-87.746242720787 41.926562263988)
89b38e91a8f36a78f4020564b2c45b3ccec44913c82728b7d5992febee25e2c42b2e80a691140b7058afab55fd2810a2068a986281c8cd2d9d25c3f67f6c858f,JC375773,,8/2/2019 18:41,35,STOP SIGN/FLASHER,FUNCTIONING PROPERLY,CLEAR,DAYLIGHT,ANGLE,NOT DIVIDED,,STRAIGHT AND LEVEL,DRY,NO DEFECTS,,INJURY AND / OR TOW DUE TO CRASH,Y,,Y,"OVER $1,500",8/2/2019 18:47,DISREGARDING STOP SIGN,FAILING TO REDUCE SPEED TO AVOID CRASH,200,W,102ND ST,511,,,,,,,2,INCAPACITATING INJURY,5,0,1,4,0,6,0,18,6,8,41.7090413,-87.62842436,POINT (-87.628424358951 41.709041301722)
89b556bce16ba97eec63e8b84be2e8577bede33cb25d0ab0c73e864bb4b7a3c18969dfcc5479fb581e430ddf58a8cf7ecd0484908a8799c5b82a93029a0e53e3,JC328686,,6/30/2019 13:15,30,TRAFFIC SIGNAL,FUNCTIONING PROPERLY,CLEAR,DAYLIGHT,REAR END,DIVIDED - W/MEDIAN (NOT RAISED),,STRAIGHT AND LEVEL,DRY,NO DEFECTS,,INJURY AND / OR TOW DUE TO CRASH,N,,,"OVER $1,500",6/30/2019 13:15,FAILING TO YIELD RIGHT-OF-WAY,FAILING TO REDUCE SPEED TO AVOID CRASH,1617,W,CHICAGO AVE,1215,Y,Y,,,,,3,INCAPACITATING INJURY,1,0,1,0,0,3,0,13,1,6,41.89595236,-87.66797868,POINT (-87.667978681777 41.895952362308)
89b596f5f523d967a3b91e33771ea81698927f1909ff3484d6530eaa7f5eabba734dce951b59ab5c83ac2376aada39f52d1442412b1b97c3d1de660f79d2321a,JD171084,,3/2/2020 7:10,30,NO CONTROLS,NO CONTROLS,CLEAR,DAYLIGHT,SIDESWIPE SAME DIRECTION,ONE-WAY,,STRAIGHT AND LEVEL,DRY,NO DEFECTS,,NO INJURY / DRIVE AWAY,,,Y,"$501 - $1,500",3/2/2020 7:30,IMPROPER LANE USAGE,UNABLE TO DETERMINE,1629,W,CONGRESS PKWY,1231,,,,,,,2,NO INDICATION OF INJURY,0,0,0,0,0,2,0,7,2,3,41.87504696,-87.66782747,POINT (-87.667827473118 41.875046960835)
89d3c7cbbdc48f36c26f41be72ab9bd704ca7e5deae14e9e35fba08512c81f2fe66ef552ed670b869be3f9556021f9c716e24344dfd3ab9694dfb41bbe58cb36,JC525611,,11/26/2019 16:30,30,NO CONTROLS,FUNCTIONING PROPERLY,CLEAR,DAYLIGHT,TURNING,ONE-WAY,,STRAIGHT AND LEVEL,DRY,NO DEFECTS,,NO INJURY / DRIVE AWAY,,,,"OVER $1,500",11/26/2019 18:15,IMPROPER TURNING/NO SIGNAL,UNABLE TO DETERMINE,6659,S,VERNON AVE,312,,,,,,,2,NO INDICATION OF INJURY,0,0,0,0,0,3,0,16,3,11,41.7730823,-87.6141101,POINT (-87.614110099482 41.773082297032)
8a578865a1c2389aed7d021b18cd4e4e06fd34c447c0f4ef79a73c3c072ab3cd322d2f48182c3aec3df344503c8cc2de97a2a94c8c85f54e9fe73e774b495ceb,JD183851,,3/13/2020 1:01,30,STOP SIGN/FLASHER,FUNCTIONING PROPERLY,CLEAR,"DARKNESS, LIGHTED ROAD",FIXED OBJECT,FOUR WAY,,STRAIGHT AND LEVEL,DRY,NO DEFECTS,,INJURY AND / OR TOW DUE TO CRASH,Y,,,"OVER $1,500",3/13/2020 1:09,UNABLE TO DETERMINE,UNABLE TO DETERMINE,5098,W,FERDINAND ST,1532,,,,,,,2,NONINCAPACITATING INJURY,1,0,0,1,0,1,0,1,6,3,41.88944186,-87.75288949,POINT (-87.75288949 41.889441854537)
8a6439f590cbdc97d205b0cc4398732220e6e45a116f02cc25265757f0d221e9458ab8cebbf3e6893849a1286c20dd83a78640778eecdac2a7c039eec7a95897,JD144347,,2/7/2020 14:00,25,NO CONTROLS,NO CONTROLS,UNKNOWN,DARKNESS,REAR END,NOT DIVIDED,,STRAIGHT AND LEVEL,UNKNOWN,NO DEFECTS,,NO INJURY / DRIVE AWAY,,,Y,"OVER $1,500",2/8/2020 9:00,UNABLE TO DETERMINE,UNABLE TO DETERMINE,8729,S,COMMERCIAL AVE,424,,,,,,,2,NO INDICATION OF INJURY,0,0,0,0,0,2,0,14,6,2,41.73649854,-87.55126368,POINT (-87.55126367857 41.736498535575)
8a6778149a0cc33f504875ee99b5d03c3075c15d686d9d7aa1ba057465078fd193395f669be8bf8b453b398dd26da5c183620d9877c2eea6508e4d0a1276cb98,JC421612,,9/5/2019 17:57,30,TRAFFIC SIGNAL,UNKNOWN,CLEAR,DAYLIGHT,PEDESTRIAN,NOT DIVIDED,,STRAIGHT AND LEVEL,DRY,NO DEFECTS,,INJURY AND / OR TOW DUE TO CRASH,Y,,Y,"$501 - $1,500",9/5/2019 18:00,DISREGARDING TRAFFIC SIGNALS,UNABLE TO DETERMINE,530,N,KINGSBURY ST,1831,,,,,,,2,NONINCAPACITATING INJURY,1,0,0,1,0,1,0,17,5,9,41.89140499,-87.6399778,POINT (-87.639977804097 41.891404990596)
8a76151cf00c7bccbc98757addddb306b5b0e1e18e8bd3639cb6f32f189a656bb87ab409974c550117980242774b9df5c99439b3931dbc7e28353ef45eb81993,JC512298,,11/16/2019 1:43,30,NO CONTROLS,NO CONTROLS,CLEAR,"DARKNESS, LIGHTED ROAD",FIXED OBJECT,DIVIDED - W/MEDIAN (NOT RAISED),,STRAIGHT AND LEVEL,WET,NO DEFECTS,,INJURY AND / OR TOW DUE TO CRASH,,,,"OVER $1,500",11/16/2019 1:44,UNABLE TO DETERMINE,UNABLE TO DETERMINE,3947,W,71ST ST,833,,,,,,,1,NO INDICATION OF INJURY,0,0,0,0,0,1,0,1,7,11,41.7639949,-87.72197384,POINT (-87.721973842381 41.763994902412)
8a843f8b962624c0d37116b9d9f017aa23710e7a07726e207ba9e9474144e75db8e17c97371c0734bdd908a1fbe33d4c0cf94f0ec356af3efa40f27c0e403bd6,JD229363,,5/11/2020 4:19,30,NO CONTROLS,NO CONTROLS,CLEAR,"DARKNESS, LIGHTED ROAD",PARKED MOTOR VEHICLE,ONE-WAY,,STRAIGHT AND LEVEL,WET,NO DEFECTS,,INJURY AND / OR TOW DUE TO CRASH,,,Y,"OVER $1,500",5/11/2020 4:23,UNABLE TO DETERMINE,UNABLE TO DETERMINE,5903,S,JUSTINE ST,713,,,,,,,2,NO INDICATION OF INJURY,0,0,0,0,0,2,0,4,2,5,41.78662149,-87.66301384,POINT (-87.663013844277 41.786621491217)
8a9d0e891f4a95e1b7a342bd22d8c16cd0a65153863def4547524904ad6695e075408bca32f302956b2a79317f036c7903053fe77572e1220d6ac8478430bcc6,JC479264,,10/20/2019 2:18,30,TRAFFIC SIGNAL,FUNCTIONING PROPERLY,CLEAR,"DARKNESS, LIGHTED ROAD",PEDALCYCLIST,NOT DIVIDED,,STRAIGHT AND LEVEL,DRY,NO DEFECTS,,INJURY AND / OR TOW DUE TO CRASH,,,Y,"OVER $1,500",10/20/2019 2:18,UNABLE TO DETERMINE,UNABLE TO DETERMINE,3402,W,IRVING PARK RD,1723,,,,,,,2,NONINCAPACITATING INJURY,1,0,0,1,0,1,0,2,1,10,41.95396447,-87.71305321,POINT (-87.713053208655 41.953964469197)
8b2e8c7f0fed57af5008c94326a9f71dca79c77b5ef9de090a767e6b8ff8e8e422729e76369951fe5f795e19afef4556843bfc0d21c27b08176077d6b04646cf,JD184608,Y,3/13/2020 16:30,30,NO CONTROLS,NO CONTROLS,CLEAR,DAYLIGHT,ANGLE,DIVIDED - W/MEDIAN BARRIER,,STRAIGHT AND LEVEL,DRY,NO DEFECTS,,INJURY AND / OR TOW DUE TO CRASH,,,,"OVER $1,500",3/13/2020 16:35,UNABLE TO DETERMINE,UNABLE TO DETERMINE,2548,W,OGDEN AVE,1023,,Y,,,,,2,INCAPACITATING INJURY,1,0,1,0,0,1,0,16,6,3,41.86348852,-87.68994288,POINT (-87.689942876269 41.863488514564)
8bb5ea2c6446b89a784f961573cc96d65965cd326d8a211d532c9f018b5a1411e3891a37742c2bc3237e6c73b532f033d4350c20f3beb7f8ad101ca7f4f90db5,JG333343,,7/8/2023 23:00,30,NO CONTROLS,NO CONTROLS,CLEAR,"DARKNESS, LIGHTED ROAD",TURNING,FOUR WAY,,STRAIGHT AND LEVEL,DRY,NO DEFECTS,,INJURY AND / OR TOW DUE TO CRASH,Y,,,"OVER $1,500",7/9/2023 0:00,IMPROPER TURNING/NO SIGNAL,DRIVING SKILLS/KNOWLEDGE/EXPERIENCE,601,E,77TH ST,624,,,,,,,2,NONINCAPACITATING INJURY,1,0,0,1,0,2,0,23,7,7,41.75473695,-87.61010725,POINT (-87.610107245927 41.754736949031)
8c151932aaf0784fceaec8e43d3953d3fa1e113eaf0ff3c135e5ebe8f3928f5021312434623c09cf1ec3817dbe08c4eeac107951c74e5258d1dd3a83f75bfa9c,JC379166,,8/5/2019 8:50,30,STOP SIGN/FLASHER,FUNCTIONING PROPERLY,CLEAR,DAYLIGHT,REAR END,ONE-WAY,,STRAIGHT AND LEVEL,DRY,NO DEFECTS,,INJURY AND / OR TOW DUE TO CRASH,,,Y,"OVER $1,500",8/5/2019 8:59,FOLLOWING TOO CLOSELY,NOT APPLICABLE,1502,W,JACKSON BLVD,1231,,,,,,,2,NONINCAPACITATING INJURY,2,0,0,2,0,2,0,8,2,8,41.87777387,-87.66451981,POINT (-87.664519805817 41.877773868839)
8c1c4d2424c5e0d09aea0d444c9d01deda718c5ea9ee25c15de2bdb74fdcf5f40752b427216b0ad908bee21a023134bdd40136b418806be347a44e3d8ea9127d,JD248930,,5/31/2020 19:00,30,NO CONTROLS,NO CONTROLS,CLEAR,"DARKNESS, LIGHTED ROAD",REAR END,NOT DIVIDED,,STRAIGHT AND LEVEL,DRY,NO DEFECTS,,NO INJURY / DRIVE AWAY,,,,$500 OR LESS,5/31/2020 19:30,UNABLE TO DETERMINE,UNABLE TO DETERMINE,1600,W,DEVON AVE,2432,,,,,,,2,NO INDICATION OF INJURY,0,0,0,0,0,2,0,19,1,5,41.99818477,-87.67066256,POINT (-87.670662562225 41.998184771032)
8c93e9148941aebbe7146efa404908910acb5d2bdde88d07173a6b7ac71533cef5ade7d86db5e4f515c711ca9a3967bf5e5e2cca247cfac105bef80eaafb1dc1,JD228790,,5/10/2020 10:15,25,NO CONTROLS,NO CONTROLS,CLEAR,DAYLIGHT,PARKED MOTOR VEHICLE,NOT DIVIDED,,STRAIGHT AND LEVEL,DRY,NO DEFECTS,,INJURY AND / OR TOW DUE TO CRASH,,,,"OVER $1,500",5/10/2020 10:20,FAILING TO REDUCE SPEED TO AVOID CRASH,NOT APPLICABLE,2837,W,POLK ST,1135,,,,,,,3,NONINCAPACITATING INJURY,1,0,0,1,0,1,0,10,1,5,41.87093783,-87.69751333,POINT (-87.697513330858 41.870937827629)
8ccb26c34488803ab58ecc67013ee82976cc6c23c6029c8321b6e1a9c4f1b78baec4754d5beec6a66b37eec3b82c3740dc573a63c5ad698dce6f94667f7cb80f,JC377215,,8/3/2019 19:49,30,NO CONTROLS,NO CONTROLS,CLEAR,DAYLIGHT,TURNING,NOT DIVIDED,,STRAIGHT AND LEVEL,DRY,WORN SURFACE,,INJURY AND / OR TOW DUE TO CRASH,,,Y,"$501 - $1,500",8/3/2019 19:51,FAILING TO YIELD RIGHT-OF-WAY,IMPROPER TURNING/NO SIGNAL,4115,W,DIVISION ST,1111,,,,,,,2,NONINCAPACITATING INJURY,1,0,0,1,0,2,0,19,7,8,41.90251033,-87.72946498,POINT (-87.729464982261 41.90251032824)
8ce1b0f93588271da5c9f5caf6276b0facf02b2ecb9b57922ec307613b1cfdcc8861f153b1d86cd77cd9867b0dc59f72795c36923f99717f550b2cc12b80cdc5,JD152305,,2/14/2020 23:00,30,NO CONTROLS,NO CONTROLS,UNKNOWN,DARKNESS,SIDESWIPE SAME DIRECTION,ONE-WAY,,STRAIGHT AND LEVEL,UNKNOWN,UNKNOWN,,NO INJURY / DRIVE AWAY,,,,"OVER $1,500",2/15/2020 0:30,UNABLE TO DETERMINE,UNABLE TO DETERMINE,215,W,ONTARIO ST,1831,,,,,,,2,NO INDICATION OF INJURY,0,0,0,0,0,2,0,23,6,2,41.89306879,-87.63477502,POINT (-87.634775017846 41.893068790687)
8ce1b540acb5e9f2e1afbfb34557489219f7bcfeb764540b424e7308116042d793792748a5fce9f54a23a43609656786d2d8f2e6af2309a6489cdade26c219d8,JD244181,,5/26/2020 8:00,20,NO CONTROLS,NO CONTROLS,CLEAR,DAYLIGHT,PARKED MOTOR VEHICLE,ONE-WAY,,STRAIGHT AND LEVEL,DRY,NO DEFECTS,,NO INJURY / DRIVE AWAY,,,Y,"OVER $1,500",5/27/2020 9:30,UNABLE TO DETERMINE,NOT APPLICABLE,2535,N,MONTICELLO AVE,2524,,,,,,,2,NO INDICATION OF INJURY,0,0,0,0,0,1,0,8,3,5,41.92743453,-87.71814183,POINT (-87.718141831561 41.927434534067)
8cf1844bb4371795d3b77f3b1850661cefddbb0777237fb9027da10e3d7be9811380b2820d7d782bf4c2bc0b9daa04335817f0cd62e1ff7a92cca7d818c2c74e,JD224890,,5/5/2020 14:00,30,NO CONTROLS,NO CONTROLS,CLEAR,DAYLIGHT,TURNING,NOT DIVIDED,,STRAIGHT AND LEVEL,DRY,NO DEFECTS,,NO INJURY / DRIVE AWAY,Y,,Y,"OVER $1,500",5/5/2020 15:00,FAILING TO REDUCE SPEED TO AVOID CRASH,DRIVING SKILLS/KNOWLEDGE/EXPERIENCE,7600,S,KEDZIE AVE,835,,,,,,,2,NO INDICATION OF INJURY,0,0,0,0,0,2,0,14,3,5,41.75517853,-87.70269571,POINT (-87.702695710502 41.755178528007)
8dde78f376f3c79bd3196a25f523727294149cdff57857557798c991e67f9503c69afd5fa5864827deec39cf18f1d7f84c3b1f4c82f89446ee48517e0b376a9e,JG315052,,6/25/2023 8:00,30,UNKNOWN,UNKNOWN,CLEAR,DAYLIGHT,SIDESWIPE SAME DIRECTION,OTHER,,STRAIGHT AND LEVEL,DRY,NO DEFECTS,,INJURY AND / OR TOW DUE TO CRASH,,,,"OVER $1,500",6/25/2023 8:03,DRIVING SKILLS/KNOWLEDGE/EXPERIENCE,NOT APPLICABLE,2630,E,75TH ST,334,,,,,,,2,NONINCAPACITATING INJURY,1,0,0,1,0,2,0,8,1,6,41.7591855,-87.56026689,POINT (-87.560266889867 41.759185501185)
8de1d2999162622349c53630563e551322bb4cef19c38f98bb398c347d1c7b6d384ba72d19d59c5724c0dcf84d0c0d2f0420282a57ed2da644686c8b26500e9f,JD197518,,3/29/2020 12:20,30,TRAFFIC SIGNAL,FUNCTIONING PROPERLY,CLEAR,DAYLIGHT,TURNING,DIVIDED - W/MEDIAN (NOT RAISED),,STRAIGHT AND LEVEL,DRY,NO DEFECTS,,INJURY AND / OR TOW DUE TO CRASH,Y,,,"OVER $1,500",3/29/2020 12:30,FAILING TO YIELD RIGHT-OF-WAY,UNABLE TO DETERMINE,4400,W,GRAND AVE,2533,,,,,,,2,NO INDICATION OF INJURY,0,0,0,0,0,3,0,12,1,3,41.91018141,-87.73624887,POINT (-87.736248870407 41.910181409597)
8e36f27708e9655f8420cf3c43bfebe08029447bbbee3fd7cdb01392b1fd5c7c61507be25f4c8964299217caf3dc6b495175240f55c8ed43fe45627ffb53bf22,JC321667,,6/25/2019 16:45,30,TRAFFIC SIGNAL,FUNCTIONING PROPERLY,CLEAR,DAYLIGHT,SIDESWIPE SAME DIRECTION,NOT DIVIDED,,STRAIGHT AND LEVEL,DRY,NO DEFECTS,,NO INJURY / DRIVE AWAY,Y,,Y,"$501 - $1,500",6/25/2019 17:43,UNABLE TO DETERMINE,UNABLE TO DETERMINE,998,N,MICHIGAN AVE,1833,,,,,,,2,NO INDICATION OF INJURY,0,0,0,0,0,2,0,16,3,6,41.90080165,-87.62427247,POINT (-87.62427246793 41.900801649452)