CRASH_RECORD_ID,RD_NO,CRASH_DATE_EST_I,CRASH_DATE,POSTED_SPEED_LIMIT,TRAFFIC_CONTROL_DEVICE,DEVICE_CONDITION,WEATHER_CONDITION,LIGHTING_CONDITION,FIRST_CRASH_TYPE,TRAFFICWAY_TYPE,LANE_CNT,ALIGNMENT,ROADWAY_SURFACE_COND,ROAD_DEFECT,REPORT_TYPE,CRASH_TYPE,INTERSECTION_RELATED_I,NOT_RIGHT_OF_WAY_I,HIT_AND_RUN_I,DAMAGE,DATE_POLICE_NOTIFIED,PRIM_CONTRIBUTORY_CAUSE,SEC_CONTRIBUTORY_CAUSE,STREET_NO,STREET_DIRECTION,STREET_NAME,BEAT_OF_OCCURRENCE,PHOTOS_TAKEN_I,STATEMENTS_TAKEN_I,DOORING_I,WORK_ZONE_I,WORK_ZONE_TYPE,WORKERS_PRESENT_I,NUM_UNITS,MOST_SEVERE_INJURY,INJURIES_TOTAL,INJURIES_FATAL,INJURIES_INCAPACITATING,INJURIES_NON_INCAPACITATING,INJURIES_REPORTED_NOT_EVIDENT,INJURIES_NO_INDICATION,INJURIES_UNKNOWN,CRASH_HOUR,CRASH_DAY_OF_WEEK,CRASH_MONTH,LATITUDE,LONGITUDE,LOCATION
8e5e9ec078b5de00d9a5831ec28815ddbb2b9bd43856d6dd536762e73793a6ee0e7f7b31e7cd89c3111eb7103b999afcb3c2c439ee71b193c437bea1467e7843,JD192293,,3/20/2020 9:20,30,NO CONTROLS,NO CONTROLS,CLEAR,DAYLIGHT,REAR END,NOT DIVIDED,,STRAIGHT AND LEVEL,DRY,NO DEFECTS,,NO INJURY / DRIVE AWAY,,,,"$501 - $1,500",3/21/2020 19:08,NOT APPLICABLE,NOT APPLICABLE,2200,S,CALIFORNIA AVE,1033,,,,,,,2,NO INDICATION OF INJURY,0,0,0,0,0,3,0,9,6,3,41.85185431,-87.6955914,POINT (-87.695591394946 41.851854305869)
8e7e31b09b749f1fe0bff35cf2ed05294e720ea5de27450815ccf609ffbde15c3f01c52beb594f536e1d48ecaa98e70169358322700f99b497ecb2ec8e6a5d46,JG311846,,6/22/2023 18:55,30,STOP SIGN/FLASHER,UNKNOWN,CLEAR,DAYLIGHT,TURNING,FOUR WAY,,STRAIGHT AND LEVEL,DRY,NO DEFECTS,,NO INJURY / DRIVE AWAY,Y,,,"OVER $1,500",6/22/2023 21:26,FAILING TO YIELD RIGHT-OF-WAY,FAILING TO YIELD RIGHT-OF-WAY,1127,W,RANDOLPH ST,1224,N,,,,,,2,NO INDICATION OF INJURY,0,0,0,0,0,2,0,18,5,6,41.88415443,-87.65554364,POINT (-87.65554364219 41.884154430651)
8eafc7cb04bc6a5d9f4e8b01a988fc11117fe674c4ba22283501ee43d5e781eb858765e0620b02d4a81a6e5e3f0e1977dc8d5c64373c75ff6ba12609dbe19409,JC527864,,11/28/2019 19:37,30,TRAFFIC SIGNAL,FUNCTIONING PROPERLY,FREEZING RAIN/DRIZZLE,DARKNESS,PEDESTRIAN,NOT DIVIDED,,STRAIGHT AND LEVEL,WET,NO DEFECTS,,INJURY AND / OR TOW DUE TO CRASH,Y,,,$500 OR LESS,11/28/2019 19:40,FAILING TO YIELD RIGHT-OF-WAY,UNABLE TO DETERMINE,2001,N,CENTRAL PARK AVE,1413,,,,,,,2,NONINCAPACITATING INJURY,1,0,0,1,0,1,0,19,5,11,41.91733174,-87.71662712,POINT (-87.716627121044 41.917331739131)
8ec579075da2c4912f914f77025b765c6a1f824a94d2f3335119e5fb053a08979e68f4761343b8ae070d74918ad873992e893c459e3233cbd57e3a0324a0dcb1,JG317978,,6/27/2023 10:30,30,STOP SIGN/FLASHER,FUNCTIONING PROPERLY,CLEAR,DAYLIGHT,TURNING,DIVIDED - W/MEDIAN (NOT RAISED),,STRAIGHT AND LEVEL,DRY,NO DEFECTS,,INJURY AND / OR TOW DUE TO CRASH,,,,"OVER $1,500",6/27/2023 10:50,FAILING TO YIELD RIGHT-OF-WAY,UNABLE TO DETERMINE,4100,S,WALLACE ST,925,,,,,,,2,"REPORTED, NOT EVIDENT",2,0,0,0,2,0,0,10,3,6,41.8203275,-87.64112408,POINT (-87.641124082572 41.82032749785)
8ee1b98d6b8be0fa85b6b8249bb956ca9f6a0aca10cfc4362d80abc519768c75c7b9a73649e0b9e627e7513629ffa61553caca7358f086e93f6d2d0ef11b42d4,JC468999,,10/11/2019 16:45,35,TRAFFIC SIGNAL,FUNCTIONING PROPERLY,RAIN,DAYLIGHT,SIDESWIPE SAME DIRECTION,ONE-WAY,,STRAIGHT AND LEVEL,WET,UNKNOWN,,NO INJURY / DRIVE AWAY,,,,"$501 - $1,500",10/11/2019 17:00,UNABLE TO DETERMINE,UNABLE TO DETERMINE,414,S,KOSTNER AVE,1131,,,,,,,2,NO INDICATION OF INJURY,0,0,0,0,0,2,0,16,6,10,41.87461461,-87.73540786,POINT (-87.735407854998 41.874614605274)
8efd319cd11bf9654b34562c8383fec798e6262eebcecb224cf0d80f229161709afbf0ca3d4b09a21d678df30a0ca07ec3c2336090c16185544bcd2694a5e71e,JG331824,,7/7/2023 17:08,35,OTHER,FUNCTIONING PROPERLY,UNKNOWN,UNKNOWN,PARKED MOTOR VEHICLE,NOT DIVIDED,,STRAIGHT AND LEVEL,UNKNOWN,NO DEFECTS,,NO INJURY / DRIVE AWAY,,,N,$500 OR LESS,7/7/2023 18:25,IMPROPER OVERTAKING/PASSING,UNABLE TO DETERMINE,610,S,MICHIGAN AVE,123,,,,,,,2,NO INDICATION OF INJURY,0,0,0,0,0,1,0,17,6,7,41.87417385,-87.62437357,POINT (-87.624373574174 41.874173848154)
8f1cce66e7bc8648b352e60a71cd6aefcdcfa6fc4f731879451830abf0f5fb64bec5b3df36647e9059d478b1fa546a4fdd45426b91a8df921a6a8d4ac2b67a94,JC391932,,8/14/2019 10:50,30,NO CONTROLS,NO CONTROLS,CLEAR,DAYLIGHT,SIDESWIPE SAME DIRECTION,DIVIDED - W/MEDIAN (NOT RAISED),,STRAIGHT AND LEVEL,DRY,OTHER,,INJURY AND / OR TOW DUE TO CRASH,,,,"OVER $1,500",8/14/2019 11:15,UNABLE TO DETERMINE,UNABLE TO DETERMINE,352,W,GRAND AVE,1831,,,,Y,UNKNOWN,Y,2,"REPORTED, NOT EVIDENT",1,0,0,0,1,2,0,10,4,8,41.89164706,-87.63759014,POINT (-87.637590143245 41.891647060358)
8f276b38d7a1c834a22f89956070cc52e774fd72d8d1ea36ebe229bc39bdcc32b3bea1fcf797ede8f2a69214ae35077d92bd21e7650224152760d13d5fc1a387,JG329237,,7/5/2023 19:30,30,NO CONTROLS,NO CONTROLS,RAIN,"DARKNESS, LIGHTED ROAD",REAR TO SIDE,PARKING LOT,,STRAIGHT AND LEVEL,WET,NO DEFECTS,,NO INJURY / DRIVE AWAY,,,,"OVER $1,500",7/5/2023 20:25,IMPROPER BACKING,UNABLE TO DETERMINE,9255,S,WESTERN AVE,2221,,,,,,,2,NO INDICATION OF INJURY,0,0,0,0,0,2,0,19,4,7,41.72482906,-87.68203867,POINT (-87.682038671643 41.724829062469)
9030863020e4ffaf987c4172763a9f5c08622d44528fb596810678e9e9abbee04b412ee330072e1e21fa83dc18584163aafd2e8c4d7910d9706abcb5e3091d0f,JD212653,,4/19/2020 20:29,30,TRAFFIC SIGNAL,FUNCTIONING PROPERLY,CLEAR,"DARKNESS, LIGHTED ROAD",ANGLE,ONE-WAY,,STRAIGHT AND LEVEL,DRY,NO DEFECTS,,INJURY AND / OR TOW DUE TO CRASH,Y,,,"OVER $1,500",4/19/2020 20:29,"OPERATING VEHICLE IN ERRATIC, RECKLESS, CARELESS, NEGLIGENT OR AGGRESSIVE MANNER",NOT APPLICABLE,3200,W,25TH ST,1024,,,,,,,2,NO INDICATION OF INJURY,0,0,0,0,0,6,0,20,1,4,41.84644168,-87.70516272,POINT (-87.705162721418 41.846441683537)
909717597391b5c0a5f7b8d207992797abc6c842f83f9dfed2ca2d67f034367c696b8a63f669a603ad7d294f397221a244194d1148fb912b181ee9d2e98d55b5,JC412267,,8/29/2019 14:40,35,TRAFFIC SIGNAL,FUNCTIONING PROPERLY,CLEAR,DAYLIGHT,REAR END,DIVIDED - W/MEDIAN (NOT RAISED),,STRAIGHT AND LEVEL,DRY,NO DEFECTS,,INJURY AND / OR TOW DUE TO CRASH,,,,"OVER $1,500",8/29/2019 16:15,DRIVING SKILLS/KNOWLEDGE/EXPERIENCE,UNABLE TO DETERMINE,4060,S,PULASKI RD,815,,,,,,,2,NONINCAPACITATING INJURY,1,0,0,1,0,1,0,14,5,8,41.81884058,-87.72411293,POINT (-87.72411292982 41.818840580411)
90bb001cd2ad306e8b329f61a9bcd99370b9a0df9a6b87c1ccbfebb344eb24526c4b72315b7a27e667c739cd6bc3fe1882b23997186ff256f5115c1c7efd423c,JC512255,,11/16/2019 0:23,30,TRAFFIC SIGNAL,FUNCTIONING PROPERLY,CLEAR,"DARKNESS, LIGHTED ROAD",PEDESTRIAN,NOT DIVIDED,,STRAIGHT AND LEVEL,DRY,NO DEFECTS,,INJURY AND / OR TOW DUE TO CRASH,,,Y,"OVER $1,500",11/16/2019 0:27,FAILING TO YIELD RIGHT-OF-WAY,NOT APPLICABLE,700,N,ORLEANS ST,1831,,,,,,,2,NONINCAPACITATING INJURY,1,0,0,1,0,1,0,0,7,11,41.89478951,-87.63727455,POINT (-87.637274551986 41.894789508896)
90fa7c832d04f3cbf6153632781646422a8f3d0cf647e60b0e878a4c412ffe5d656660c41c5354093f757e9dd92152e3642700a29b18ba77e85cb8ea55c96741,JD169043,,2/29/2020 11:47,30,NO CONTROLS,NO CONTROLS,CLEAR,DAYLIGHT,TURNING,PARKING LOT,,STRAIGHT AND LEVEL,DRY,NO DEFECTS,,NO INJURY / DRIVE AWAY,,,,"OVER $1,500",2/29/2020 11:48,IMPROPER BACKING,NOT APPLICABLE,5222,W,GRAND AVE,2515,,,,,,,3,NO INDICATION OF INJURY,0,0,0,0,0,3,0,11,7,2,41.91721814,-87.75683561,POINT (-87.756835605191 41.917218139096)
9143df28df21d08c4eb49026d8ce598c41c4e800ba974b2618364aa09409e58802a3651705e966d42c0a95574a883a53c10d9b5c612cc07ecb4372b840cbc1cd,JD228292,Y,5/9/2020 16:41,30,TRAFFIC SIGNAL,FUNCTIONING PROPERLY,CLEAR,DAYLIGHT,TURNING,FOUR WAY,,STRAIGHT AND LEVEL,WET,NO DEFECTS,,INJURY AND / OR TOW DUE TO CRASH,Y,,,"OVER $1,500",5/9/2020 17:02,UNABLE TO DETERMINE,UNABLE TO DETERMINE,8300,S,COTTAGE GROVE AVE,632,,,,,,,2,NO INDICATION OF INJURY,0,0,0,0,0,4,0,16,7,5,41.74387382,-87.60517616,POINT (-87.605176160557 41.743873821012)
91464bd4ffa45bd71df5c14c29f643d47e7676854c62aaa8d2197a77d7e4a646278e13d4345cf1eae90bf6fe3d12c0b9a07024591c03f4bb19ee3055fae4c1ed,HZ570244,,12/30/2016 15:00,20,NO CONTROLS,NO CONTROLS,CLEAR,DAYLIGHT,SIDESWIPE SAME DIRECTION,NOT DIVIDED,2,STRAIGHT AND LEVEL,DRY,NO DEFECTS,,NO INJURY / DRIVE AWAY,,,,"OVER $1,500",12/30/2016 15:30,FAILING TO YIELD RIGHT-OF-WAY,NOT APPLICABLE,5541,S,EVERETT AVE,235,,,,,,,2,NO INDICATION OF INJURY,0,0,0,0,0,2,0,15,6,12,41.79403489,-87.58236231,POINT (-87.582362305052 41.794034888558)
9156f50cf9bf389d93238f4424af7110d1c247b25c53aa98e09710aa3a20d9d54d79dbe051204cb42bb5567e582d990da1906139a6c7f7d77f48f9161ffb2163,JD216900,,4/25/2020 14:10,30,NO CONTROLS,NO CONTROLS,RAIN,DAYLIGHT,TURNING,DIVIDED - W/MEDIAN (NOT RAISED),,STRAIGHT AND LEVEL,WET,NO DEFECTS,,INJURY AND / OR TOW DUE TO CRASH,,,,"OVER $1,500",4/25/2020 14:13,"VISION OBSCURED (SIGNS, TREE LIMBS, BUILDINGS, ETC.)",WEATHER,2187,N,STAVE ST,1431,,,,,,,2,NONINCAPACITATING INJURY,1,0,0,1,0,5,0,14,7,4,41.92102271,-87.69678127,POINT (-87.696781269116 41.921022712561)
915b90234828dd031e1bcb7adbd332b79a7018f77bbecbc0a034f864d74bab97f1a4e3b1c4617e1914782c5660c610479019eaa71a6d9238adde281448d64232,JC513031,,11/16/2019 16:30,30,NO CONTROLS,NO CONTROLS,CLEAR,DAYLIGHT,SIDESWIPE SAME DIRECTION,NOT DIVIDED,,STRAIGHT AND LEVEL,DRY,NO DEFECTS,,NO INJURY / DRIVE AWAY,,,Y,"OVER $1,500",11/16/2019 16:45,UNABLE TO DETERMINE,UNABLE TO DETERMINE,5135,W,WASHINGTON BLVD,1533,,,,,,,2,NO INDICATION OF INJURY,0,0,0,0,0,2,0,16,7,11,41.88155883,-87.75409064,POINT (-87.754090635584 41.881558824634)
918710c2799892236f5c965fb19602c52283dbc42d20beb6c5cdaa94065db835cc1f601aef8e21a4ba375b7282a818e2adcc849bc951d190b13bc06313755bab,JD187692,,3/14/2020 15:45,30,TRAFFIC SIGNAL,FUNCTIONING PROPERLY,CLEAR,DAYLIGHT,REAR END,ONE-WAY,,STRAIGHT AND LEVEL,DRY,NO DEFECTS,,NO INJURY / DRIVE AWAY,Y,,,"$501 - $1,500",3/16/2020 16:00,FOLLOWING TOO CLOSELY,FOLLOWING TOO CLOSELY,8700,S,HOLLAND RD,634,,,,,,,2,NO INDICATION OF INJURY,0,0,0,0,0,3,0,15,7,3,41.73586727,-87.6327948,POINT (-87.632794801154 41.735867264645)
91b3493c83c0f0c3edf8ba2c8f896a9bf253899a2c4cb5a4cebf27ee82164bbff2d16176ae5215a16dce42cec0d03bf543efa92ef0ce85be775d8d9e0828583d,JC471021,Y,10/13/2019 8:20,20,STOP SIGN/FLASHER,FUNCTIONING PROPERLY,CLEAR,DAYLIGHT,ANGLE,NOT DIVIDED,,STRAIGHT AND LEVEL,DRY,NO DEFECTS,,NO INJURY / DRIVE AWAY,Y,,,"OVER $1,500",10/13/2019 11:15,UNABLE TO DETERMINE,UNABLE TO DETERMINE,932,N,DEARBORN ST,1832,,,,,,,2,NO INDICATION OF INJURY,0,0,0,0,0,2,0,8,1,10,41.89976914,-87.63000572,POINT (-87.630005723602 41.899769135138)
91c99ac322dd773beccd81a935a85bcded4ddfd91d706b06a94736b2ac6266c1b452990697fc8729fee2816cd67f9a9a4b834e2cafc905a6e21fd794d19da778,JC386244,,8/10/2019 0:37,30,NO CONTROLS,NO CONTROLS,CLEAR,"DARKNESS, LIGHTED ROAD",PEDESTRIAN,NOT DIVIDED,,STRAIGHT AND LEVEL,DRY,NO DEFECTS,,INJURY AND / OR TOW DUE TO CRASH,,,,"OVER $1,500",8/10/2019 0:47,UNABLE TO DETERMINE,UNABLE TO DETERMINE,515,N,HALSTED ST,1214,,,,,,,2,NONINCAPACITATING INJURY,1,0,0,1,0,2,0,0,7,8,41.89169049,-87.6474883,POINT (-87.647488301523 41.891690484974)
91e621981b63747f5884463564d267a68e1c22b9bf863b0f221f908297ae3348add955398dd821070caa541e3562324fa74df14dbf6a8ede36219424cd208152,JD211498,,4/18/2020 8:43,30,NO CONTROLS,NO CONTROLS,CLEAR,DAYLIGHT,SIDESWIPE SAME DIRECTION,ONE-WAY,,STRAIGHT AND LEVEL,DRY,NO DEFECTS,,INJURY AND / OR TOW DUE TO CRASH,,,,"OVER $1,500",4/18/2020 8:43,FAILING TO YIELD RIGHT-OF-WAY,IMPROPER OVERTAKING/PASSING,2814,S,KEDVALE AVE,1031,,,,,,,7,NO INDICATION OF INJURY,0,0,0,0,0,2,0,8,7,4,41.84002677,-87.72823181,POINT (-87.728231807526 41.840026767087)
91eb4a07f18e4e6d4d495aa6086e5e15910cb838259fccf7a934844c3b8f7b251c398f70441959bc699b690b0ebd087905e3064b90975af0a947cca830f8a1fd,JG328001,,7/5/2023 0:30,40,TRAFFIC SIGNAL,FUNCTIONING PROPERLY,CLEAR,"DARKNESS, LIGHTED ROAD",ANGLE,T-INTERSECTION,,STRAIGHT AND LEVEL,DRY,NO DEFECTS,,INJURY AND / OR TOW DUE TO CRASH,Y,,,"OVER $1,500",7/5/2023 1:30,NOT APPLICABLE,NOT APPLICABLE,5700,S,LAKE SHORE DR,331,,,,,,,2,"REPORTED, NOT EVIDENT",2,0,0,0,2,2,0,0,4,7,41.79142028,-87.58014777,POINT (-87.580147768689 41.791420282098)
920088ef0c59c725fd7b7f1b5147dc5ad469ab2cf886f5470579cebd577b53b5dd8f89bd50f191924b69e50204e61f96200ee69c2cf3c1058a2288734b8f48de,JD230802,,5/12/2020 20:36,30,NO CONTROLS,NO CONTROLS,CLEAR,"DARKNESS, LIGHTED ROAD",PARKED MOTOR VEHICLE,DIVIDED - W/MEDIAN (NOT RAISED),,STRAIGHT AND LEVEL,DRY,NO DEFECTS,,INJURY AND / OR TOW DUE TO CRASH,,,,"OVER $1,500",5/12/2020 20:36,FAILING TO REDUCE SPEED TO AVOID CRASH,IMPROPER LANE USAGE,4653,W,DEVON AVE,1711,,,,,,,2,INCAPACITATING INJURY,2,0,2,0,0,3,0,20,3,5,41.99716663,-87.74557277,POINT (-87.745572768998 41.997166625794)
92654194c07465ae960cfa73014824a68a652a22200e7470934e2f9c5f22200de21c71449c0606c538e704e2b42a89ae6eefe7ec226bbe334fc253a4deb8f7aa,JD244262,,5/27/2020 10:30,30,NO CONTROLS,NO CONTROLS,CLEAR,DAYLIGHT,REAR END,DIVIDED - W/MEDIAN (NOT RAISED),,STRAIGHT AND LEVEL,DRY,NO DEFECTS,,INJURY AND / OR TOW DUE TO CRASH,Y,,,"OVER $1,500",5/27/2020 10:30,UNABLE TO DETERMINE,UNABLE TO DETERMINE,1832,N,WESTERN AVE,1434,,,,,,,2,"REPORTED, NOT EVIDENT",2,0,0,0,2,2,0,10,4,5,41.91489787,-87.6874885,POINT (-87.687488501573 41.914897865122)
92c96944fa0e6d4e402124d2a5e44c1fbd2b4eb591ee22facb3cb33aa01d479c992379f32b4f94a9ae565871e6e5b03e1a0849b4dc38e13b0c180eca60a22fa1,JD103467,,1/3/2020 16:45,30,TRAFFIC SIGNAL,FUNCTIONING PROPERLY,CLEAR,DAYLIGHT,TURNING,NOT DIVIDED,,STRAIGHT AND LEVEL,DRY,NO DEFECTS,,INJURY AND / OR TOW DUE TO CRASH,,,Y,"OVER $1,500",1/3/2020 17:19,FOLLOWING TOO CLOSELY,UNABLE TO DETERMINE,8300,S,HOLLAND RD,622,,,,,,,2,NONINCAPACITATING INJURY,1,0,0,1,0,1,0,16,6,1,41.74342733,-87.63218113,POINT (-87.632181132025 41.743427333057)
92ecb4545ab8e1d5182f1496b8b0fdcb10cebfe0955a0d547b2cebd7eea10ca18dfad1cb10e6d0bac05d1dbeda11c8b5720e5bb154120ddc6100ae943c0f1188,JC487808,,10/26/2019 23:52,30,NO CONTROLS,NO CONTROLS,RAIN,"DARKNESS, LIGHTED ROAD",SIDESWIPE SAME DIRECTION,ONE-WAY,,STRAIGHT AND LEVEL,WET,UNKNOWN,,NO INJURY / DRIVE AWAY,,,Y,"OVER $1,500",10/27/2019 0:09,"OPERATING VEHICLE IN ERRATIC, RECKLESS, CARELESS, NEGLIGENT OR AGGRESSIVE MANNER",UNABLE TO DETERMINE,336,W,ONTARIO ST,1831,,,,,,,3,NO INDICATION OF INJURY,0,0,0,0,0,4,0,23,7,10,41.89325671,-87.6370078,POINT (-87.637007797127 41.893256711085)
9302787a39683cd26570704c2b7bb4796cc366fc60b1f2f09e54d4e6f3b61b1f641d0b07144355245b255e1c76f921b0bf8ebe028fc43d7b2ca844d41e8c9b64,JD114689,,1/13/2020 20:30,30,TRAFFIC SIGNAL,FUNCTIONING PROPERLY,CLEAR,"DARKNESS, LIGHTED ROAD",REAR END,DIVIDED - W/MEDIAN (NOT RAISED),,STRAIGHT AND LEVEL,DRY,NO DEFECTS,,INJURY AND / OR TOW DUE TO CRASH,,,Y,"OVER $1,500",1/13/2020 20:30,UNABLE TO DETERMINE,FOLLOWING TOO CLOSELY,2806,N,CLARK ST,1934,,,,,,,3,INCAPACITATING INJURY,1,0,1,0,0,3,0,20,2,1,41.93296711,-87.64519165,POINT (-87.645191646022 41.93296711063)
9329289b936be9d2b57c5406eedef027bd525382c5d44ff1a2464f77dfa8a866876da05f037111a849ef7e073d73d086acca3886f1ee9291b7bb3c9ad55d1605,JG284284,,6/1/2023 16:55,25,NO CONTROLS,NO CONTROLS,CLEAR,DAYLIGHT,PARKED MOTOR VEHICLE,NOT DIVIDED,,STRAIGHT AND LEVEL,DRY,NO DEFECTS,,NO INJURY / DRIVE AWAY,N,,Y,"OVER $1,500",6/1/2023 20:00,UNABLE TO DETERMINE,UNABLE TO DETERMINE,300,E,35TH ST,211,,,,,,,2,NO INDICATION OF INJURY,0,0,0,0,0,1,0,16,5,6,41.83119241,-87.6192892,POINT (-87.619289199481 41.831192408738)
935bd0771c16e2580b8fb60f9d79528556868c699698bff25698de2d2b8195274e5cd38e08544d7af3aec03e189af21d958f84dfe214c0cbfe5477dc32ed7341,JC383622,,8/8/2019 9:14,30,OTHER,NO CONTROLS,CLEAR,DAYLIGHT,ANGLE,FOUR WAY,,STRAIGHT AND LEVEL,DRY,NO DEFECTS,,INJURY AND / OR TOW DUE TO CRASH,Y,,,"OVER $1,500",8/8/2019 9:14,FAILING TO REDUCE SPEED TO AVOID CRASH,IMPROPER OVERTAKING/PASSING,3832,N,CICERO AVE,1634,,,,,,,2,FATAL,1,1,0,0,0,2,0,9,5,8,41.95077027,-87.74738812,POINT (-87.747388114684 41.950770267402)
93b0c0c5f1691901aa0b89361da8be026748bc5f66d91d36dc4f02efd1341c664ca3890681029aafd8e02246ea58d88ee9e77cce0a6da57e2ec2ae1f9e0fd1ed,JC537586,,12/6/2019 23:15,30,STOP SIGN/FLASHER,NO CONTROLS,CLEAR,UNKNOWN,PARKED MOTOR VEHICLE,ONE-WAY,,STRAIGHT AND LEVEL,DRY,NO DEFECTS,,NO INJURY / DRIVE AWAY,,,Y,"OVER $1,500",12/6/2019 23:20,FAILING TO REDUCE SPEED TO AVOID CRASH,IMPROPER TURNING/NO SIGNAL,5557,W,BYRON ST,1633,,,,,,,3,NO INDICATION OF INJURY,0,0,0,0,0,1,0,23,6,12,41.95122692,-87.76673849,POINT (-87.766738488189 41.951226920652)
93ccf2d9726fe19301e57dac44483b1dae918f1281e803b3b7f79504eb7ff3fb9dfa8f6755b5db56469db467acb574b6db4bddf7e82d114cc81b4461d6ce0557,JG287932,,6/4/2023 14:00,30,UNKNOWN,UNKNOWN,UNKNOWN,DAYLIGHT,PEDESTRIAN,T-INTERSECTION,,STRAIGHT AND LEVEL,DRY,UNKNOWN,,INJURY AND / OR TOW DUE TO CRASH,,,N,"OVER $1,500",6/4/2023 14:18,UNABLE TO DETERMINE,UNABLE TO DETERMINE,2314,W,GRAND AVE,1221,,,,,,,2,"REPORTED, NOT EVIDENT",1,0,0,0,1,1,0,14,1,6,41.89080137,-87.68486362,POINT (-87.684863619115 41.890801369252)
93f0e386db51375cd26c385f0071ecc42cacafdf026878909610187ac0147fc6aed10b76683f0fcd894bc6eb9308dc59d491f085d0ed31a822b09178ed119d4e,JG289233,,6/5/2023 15:45,30,NO CONTROLS,NO CONTROLS,CLEAR,DAYLIGHT,SIDESWIPE SAME DIRECTION,NOT DIVIDED,,STRAIGHT AND LEVEL,DRY,NO DEFECTS,,NO INJURY / DRIVE AWAY,,,,"$501 - $1,500",6/5/2023 16:20,UNABLE TO DETERMINE,UNABLE TO DETERMINE,4673,W,IRVING PARK RD,1731,,,,,,,2,NO INDICATION OF INJURY,0,0,0,0,0,2,0,15,2,6,41.95333731,-87.74539582,POINT (-87.74539581874 41.953337308452)
93f75289502972f31b191b0df24f91bd00392abf5788cd4fba3610501d07d4c473b877f986ac398cfa0a8f7443734639f5936eb9d4302ff76f84f272b08e3e7b,JD171250,,3/2/2020 11:43,25,TRAFFIC SIGNAL,FUNCTIONING PROPERLY,CLEAR,DAYLIGHT,PEDESTRIAN,NOT DIVIDED,,STRAIGHT AND LEVEL,DRY,NO DEFECTS,,INJURY AND / OR TOW DUE TO CRASH,,,Y,"OVER $1,500",3/2/2020 11:43,UNABLE TO DETERMINE,NOT APPLICABLE,1200,W,WILSON AVE,1913,,,,,,,2,NONINCAPACITATING INJURY,1,0,0,1,0,1,0,11,2,3,41.96547545,-87.65970156,POINT (-87.659701561519 41.965475453158)
942e837ca3cf1d6d820a7b537acd432ba3695128100ce3d2442c4709ba82898ac157d3c8018e4ad775ce3c9a3c797292089becff67939316095b1649d42ae5c6,JC430333,,9/12/2019 14:40,25,TRAFFIC SIGNAL,FUNCTIONING PROPERLY,CLEAR,DAYLIGHT,SIDESWIPE SAME DIRECTION,ONE-WAY,,STRAIGHT AND LEVEL,DRY,NO DEFECTS,,NO INJURY / DRIVE AWAY,Y,,,"OVER $1,500",9/12/2019 15:01,IMPROPER LANE USAGE,NOT APPLICABLE,1000,S,CLINTON ST,124,,,,,,,2,NO INDICATION OF INJURY,0,0,0,0,0,3,0,14,5,9,41.86969939,-87.64094652,POINT (-87.640946516796 41.869699394445)
943c7789d51bc57f8c6b49a3cf86dd94af510602b3f16a2cbd5a2d2691ecd1c3f2d7e090110cd75f14f9728c3bf75edbb3fd9ebf64cfddd42199e7c9fff7b273,JC526254,,11/25/2019 15:10,35,NO CONTROLS,NO CONTROLS,RAIN,"DARKNESS, LIGHTED ROAD",ANGLE,NOT DIVIDED,,STRAIGHT AND LEVEL,WET,NO DEFECTS,,NO INJURY / DRIVE AWAY,,,Y,"OVER $1,500",11/27/2019 9:45,UNABLE TO DETERMINE,UNABLE TO DETERMINE,600,S,KEDZIE AVE,1134,,,,,,,2,NO INDICATION OF INJURY,0,0,0,0,0,2,0,15,2,11,41.87363915,-87.70606189,POINT (-87.706061892749 41.873639149472)
94ab4bcf73a52fc8049aed7e18556f5fb3f7c114c12395e168d5ab7ff36cf78c5f5a17342c6a9c9d71928fe19aa3b286b7b3a931000867151922b717ae5ac62c,JG269171,,5/20/2023 22:45,30,TRAFFIC SIGNAL,FUNCTIONING PROPERLY,CLEAR,DAYLIGHT,SIDESWIPE SAME DIRECTION,FOUR WAY,,STRAIGHT AND LEVEL,DRY,NO DEFECTS,,NO INJURY / DRIVE AWAY,Y,,,"OVER $1,500",5/21/2023 15:00,IMPROPER OVERTAKING/PASSING,IMPROPER LANE USAGE,700,S,LAKE SHORE DR SB,114,,,,,,,2,NO INDICATION OF INJURY,0,0,0,0,0,5,0,22,7,5,41.87319059,-87.61745814,POINT (-87.617458140248 41.873190589037)
94df1c57877ec9b52ed7f832a7a43bc5913b50e37a3ed9c3280a641157a29f3f80f913ae4c1b1992de3b348532e2314df4442882293834e6cfd802944bd21a77,JD107153,,1/7/2020 8:45,35,NO CONTROLS,NO CONTROLS,CLEAR,DAYLIGHT,SIDESWIPE SAME DIRECTION,NOT DIVIDED,,STRAIGHT AND LEVEL,DRY,NO DEFECTS,,NO INJURY / DRIVE AWAY,,,,"OVER $1,500",1/7/2020 11:10,FOLLOWING TOO CLOSELY,NOT APPLICABLE,650,W,87TH ST,622,Y,,,,,,2,NO INDICATION OF INJURY,0,0,0,0,0,2,0,8,3,1,41.73626095,-87.64078928,POINT (-87.640789276081 41.736260953254)