CRASH_RECORD_ID,RD_NO,CRASH_DATE_EST_I,CRASH_DATE,POSTED_SPEED_LIMIT,TRAFFIC_CONTROL_DEVICE,DEVICE_CONDITION,WEATHER_CONDITION,LIGHTING_CONDITION,FIRST_CRASH_TYPE,TRAFFICWAY_TYPE,LANE_CNT,ALIGNMENT,ROADWAY_SURFACE_COND,ROAD_DEFECT,REPORT_TYPE,CRASH_TYPE,INTERSECTION_RELATED_I,NOT_RIGHT_OF_WAY_I,HIT_AND_RUN_I,DAMAGE,DATE_POLICE_NOTIFIED,PRIM_CONTRIBUTORY_CAUSE,SEC_CONTRIBUTORY_CAUSE,STREET_NO,STREET_DIRECTION,STREET_NAME,BEAT_OF_OCCURRENCE,PHOTOS_TAKEN_I,STATEMENTS_TAKEN_I,DOORING_I,WORK_ZONE_I,WORK_ZONE_TYPE,WORKERS_PRESENT_I,NUM_UNITS,MOST_SEVERE_INJURY,INJURIES_TOTAL,INJURIES_FATAL,INJURIES_INCAPACITATING,INJURIES_NON_INCAPACITATING,INJURIES_REPORTED_NOT_EVIDENT,INJURIES_NO_INDICATION,INJURIES_UNKNOWN,CRASH_HOUR,CRASH_DAY_OF_WEEK,CRASH_MONTH,LATITUDE,LONGITUDE,LOCATION
94f092fe5b834b160c069256ffd4dab7c2af675ad7614cb52658520dae0e89d3d41ffa5ad6b8d8157ce2674b28717764ff51b53d85d9a059361515e36efa0ede,JC508062,,11/12/2019 16:10,30,TRAFFIC SIGNAL,UNKNOWN,CLEAR,DARKNESS,REAR END,NOT DIVIDED,,STRAIGHT AND LEVEL,DRY,UNKNOWN,,NO INJURY / DRIVE AWAY,,,Y,"OVER $1,500",11/12/2019 17:38,UNABLE TO DETERMINE,UNABLE TO DETERMINE,8600,S,PULASKI RD,834,,,,,,,2,NO INDICATION OF INJURY,0,0,0,0,0,2,0,16,3,11,41.73662828,-87.72164008,POINT (-87.721640082906 41.736628283167)
952a2a570d7a6bdd68c445c4c1172f7037c4e64ee3b1aab1025a917f47096b8ae24b9325be787eebdb73b4910f2f36978fb3f6beedc8b36a31d0bb4399b89361,JG285775,,6/2/2023 21:34,30,NO CONTROLS,NO CONTROLS,CLEAR,"DARKNESS, LIGHTED ROAD",REAR END,DIVIDED - W/MEDIAN BARRIER,,STRAIGHT AND LEVEL,DRY,NO DEFECTS,,INJURY AND / OR TOW DUE TO CRASH,,,,"OVER $1,500",6/2/2023 21:39,PHYSICAL CONDITION OF DRIVER,PHYSICAL CONDITION OF DRIVER,218,N,PULASKI RD,1114,,,,,,,2,NONINCAPACITATING INJURY,1,0,0,1,0,1,0,21,6,6,41.88405266,-87.72591128,POINT (-87.725911280979 41.884052663783)
9536771b8453a589cbf9190cad3dce398276f86064fb37d004b95651f799a93f8896628455a11671ba07a77b86a4eeac5189ea5cfa7d3051438249fb568b2132,JC131052,,1/27/2019 1:20,30,NO CONTROLS,NO CONTROLS,SNOW,"DARKNESS, LIGHTED ROAD",REAR END,NOT DIVIDED,2,STRAIGHT AND LEVEL,ICE,NO DEFECTS,,INJURY AND / OR TOW DUE TO CRASH,Y,,Y,"OVER $1,500",1/27/2019 1:20,UNABLE TO DETERMINE,UNABLE TO DETERMINE,13000,S,AVENUE O,433,,,,,,,2,FATAL,1,1,0,0,0,2,0,1,1,1,41.65904258,-87.54003356,POINT (-87.540033558954 41.659042578199)
95b4f1036d34d688e0c2b94630db99d0b29876c9c5f98a59b7742154ca703288c0fa5f770e2f0e82bda500ce175a7728bc69a7facf63aacb40d8cb96a072840d,JG286768,,6/3/2023 16:30,30,NO CONTROLS,NO CONTROLS,CLEAR,DAYLIGHT,ANGLE,NOT DIVIDED,,STRAIGHT AND LEVEL,DRY,NO DEFECTS,,NO INJURY / DRIVE AWAY,,,,"$501 - $1,500",6/3/2023 16:45,FAILING TO YIELD RIGHT-OF-WAY,FAILING TO YIELD RIGHT-OF-WAY,4767,N,LONG AVE,1623,,,,,,,2,NO INDICATION OF INJURY,0,0,0,0,0,2,0,16,7,6,41.96750833,-87.76243651,POINT (-87.762436509826 41.967508329599)
963824261b0e9e8b818141f25d5b6c41b220f604b330743306a7e7bce83ecb6a5932e53d8126ef11398db915f18db7a1a5560af17720ddabbf3a73b0be8c5b5c,JC524322,,11/25/2019 17:50,30,NO CONTROLS,NO CONTROLS,CLEAR,"DARKNESS, LIGHTED ROAD",TURNING,DIVIDED - W/MEDIAN BARRIER,,STRAIGHT AND LEVEL,DRY,NO DEFECTS,,NO INJURY / DRIVE AWAY,,,Y,"OVER $1,500",11/25/2019 17:55,FAILING TO YIELD RIGHT-OF-WAY,NOT APPLICABLE,1500,W,MADISON ST,1224,,,,,,,2,NO INDICATION OF INJURY,0,0,0,0,0,2,0,17,2,11,41.88159606,-87.66450658,POINT (-87.664506574704 41.881596057292)
96511162973b63f0b4806e14af541a938ad60991df5d0e0e306c6870d5d5eefc02d100b16d57557ae29043fd03bc0959402e0e8950c0629d19daddd8fa4b804d,JD123876,,1/21/2020 20:37,30,NO CONTROLS,NO CONTROLS,CLEAR,"DARKNESS, LIGHTED ROAD",PARKED MOTOR VEHICLE,NOT DIVIDED,,STRAIGHT AND LEVEL,DRY,NO DEFECTS,,NO INJURY / DRIVE AWAY,,,Y,"OVER $1,500",1/21/2020 20:46,IMPROPER BACKING,IMPROPER BACKING,2511,W,DEVON AVE,2413,,,,,,,2,NO INDICATION OF INJURY,0,0,0,0,0,3,0,20,3,1,41.99756853,-87.69280408,POINT (-87.692804077955 41.997568527493)
966da25036fdefed8378187fcfb68fa057fd42b8a40178d14ced3a2e1dc182a6a7945f24b23902dfcd125234fb2c5521eda2955829d78b8acb1a318b8b4d0af5,JD148208,,2/11/2020 16:26,30,TRAFFIC SIGNAL,FUNCTIONING PROPERLY,CLEAR,DAYLIGHT,PEDESTRIAN,ONE-WAY,,STRAIGHT AND LEVEL,DRY,NO DEFECTS,,INJURY AND / OR TOW DUE TO CRASH,,,Y,"OVER $1,500",2/11/2020 16:35,DISREGARDING TRAFFIC SIGNALS,FAILING TO YIELD RIGHT-OF-WAY,3159,W,WASHINGTON BLVD,1222,,,,,,,2,NONINCAPACITATING INJURY,1,0,0,1,0,1,0,16,3,2,41.88268593,-87.70604539,POINT (-87.706045392169 41.882685932056)
96f88eb01bae6aac5e21bdd8ecbb409679a585bdcc785a04ed1e2f636e6a44686a4af78bfd36f9488aa966b9879f1b7d67b2b3e200f378f7f6ddc08488b65a2e,JC542025,,12/10/2019 15:35,20,SCHOOL ZONE,NO CONTROLS,CLEAR,DAYLIGHT,PEDESTRIAN,ONE-WAY,,STRAIGHT AND LEVEL,DRY,NO DEFECTS,,INJURY AND / OR TOW DUE TO CRASH,,,Y,"$501 - $1,500",12/10/2019 16:33,FAILING TO YIELD RIGHT-OF-WAY,NOT APPLICABLE,6029,W,GEORGE ST,2511,,,,,,,2,"REPORTED, NOT EVIDENT",1,0,0,0,1,1,0,15,3,12,41.93284052,-87.77717836,POINT (-87.777178359087 41.932840515829)
9703497680a5ff75b7c2bd253bc745993a229b8e2d0beddde7d09c34ddec80eb9442fd0e5f299ac825823c831d2bf184cbd96772b8a706f70b9ae0cbc500a4bc,JC297342,,6/8/2019 10:00,30,STOP SIGN/FLASHER,FUNCTIONING IMPROPERLY,CLEAR,DAYLIGHT,PEDESTRIAN,NOT DIVIDED,,STRAIGHT AND LEVEL,DRY,NO DEFECTS,,INJURY AND / OR TOW DUE TO CRASH,,,,$500 OR LESS,6/8/2019 10:05,FAILING TO YIELD RIGHT-OF-WAY,UNABLE TO DETERMINE,5324,N,ASHLAND AVE,2012,,,,,,,2,INCAPACITATING INJURY,1,0,1,0,0,1,0,10,7,6,41.97879954,-87.66983442,POINT (-87.66983442073 41.978799544388)
974634b15a57e4a0ce79257225bf1b3fa77f6e3f61282206ed6a9a3be2a1468a7c155659046ea623c38d2e65623adb4db9e991cae4563be6851fe15db1dfaa47,JC397628,,8/18/2019 1:00,15,NO CONTROLS,NO CONTROLS,CLEAR,"DARKNESS, LIGHTED ROAD",SIDESWIPE SAME DIRECTION,ONE-WAY,,STRAIGHT AND LEVEL,DRY,NO DEFECTS,,NO INJURY / DRIVE AWAY,,,Y,"$501 - $1,500",8/18/2019 15:25,UNABLE TO DETERMINE,NOT APPLICABLE,4831,W,VAN BUREN ST,1533,,,,,,,2,NO INDICATION OF INJURY,0,0,0,0,0,3,0,1,1,8,41.87485049,-87.74630058,POINT (-87.746300574958 41.874850484917)
97c60a9e9ecda14aea60b227eb66c079bf98351d5a8eb0ad5524aa01395231f68a54e49452435768b264cdc05af08841d8839372bd923bdf9403e81668b2b4d9,JG177119,,3/7/2023 11:54,35,NO CONTROLS,NO CONTROLS,CLEAR,DAYLIGHT,TURNING,NOT DIVIDED,,STRAIGHT AND LEVEL,DRY,NO DEFECTS,,INJURY AND / OR TOW DUE TO CRASH,Y,,,"OVER $1,500",3/7/2023 11:55,FAILING TO YIELD RIGHT-OF-WAY,UNABLE TO DETERMINE,1200,W,95TH ST,2222,,,,,,,2,"REPORTED, NOT EVIDENT",1,0,0,0,1,2,0,11,3,3,41.7214448,-87.65300995,POINT (-87.653009949444 41.721444799302)
97ce4aa573a05f9ff4416303a396889d015d1e3c4ea8848f2b2070c0cb1ed4b4c0ffddfdbb6b9040a9177b7243ccdf2f6514cc0a94b32f920a7c4db97fa6f930,JG273732,,4/22/2023 22:30,30,UNKNOWN,UNKNOWN,UNKNOWN,UNKNOWN,FIXED OBJECT,UNKNOWN,,STRAIGHT AND LEVEL,UNKNOWN,UNKNOWN,,NO INJURY / DRIVE AWAY,N,,,"$501 - $1,500",5/24/2023 18:30,ROAD ENGINEERING/SURFACE/MARKING DEFECTS,ROAD ENGINEERING/SURFACE/MARKING DEFECTS,4450,N,LAKE SHORE DR NB,1914,,,,Y,CONSTRUCTION,N,1,NO INDICATION OF INJURY,0,0,0,0,0,1,0,22,7,4,41.96326641,-87.64692242,POINT (-87.646922415275 41.963266406281)
9871e89b8e96356201cb53285f5e0a05c5f8255d2d55348d39e47977f9683ad8735eb6177f0738d02f9f662fe5058555c2a3ee4825ea6f17c4f6f40d1795cf44,JC365727,,7/24/2019 15:35,30,NO CONTROLS,NO CONTROLS,UNKNOWN,DAYLIGHT,PARKED MOTOR VEHICLE,DIVIDED - W/MEDIAN (NOT RAISED),,STRAIGHT AND LEVEL,UNKNOWN,UNKNOWN,,NO INJURY / DRIVE AWAY,,,,"$501 - $1,500",7/26/2019 16:55,PHYSICAL CONDITION OF DRIVER,UNABLE TO DETERMINE,1017,W,LAKE ST,1224,,,,,,,2,NO INDICATION OF INJURY,0,0,0,0,0,2,0,15,4,7,41.88546054,-87.65289418,POINT (-87.65289417668 41.885460535662)
987416e551e4b24a02772fdf8170b13291643bd9c91a5c9b51a35ee2a9f1e038ced0835922d44b82ffc543d065a12306f2f973695807270c2205c5382e0f5ef4,JG335302,,7/10/2023 12:00,35,NO CONTROLS,NO CONTROLS,CLEAR,DAYLIGHT,REAR TO FRONT,ONE-WAY,,STRAIGHT AND LEVEL,DRY,NO DEFECTS,,NO INJURY / DRIVE AWAY,,,,"$501 - $1,500",7/10/2023 13:31,IMPROPER BACKING,NOT APPLICABLE,10737,S,AVENUE C,432,,,,,,,2,NO INDICATION OF INJURY,0,0,0,0,0,2,0,12,2,7,41.69976465,-87.5268351,POINT (-87.526835104305 41.699764648881)
98e8636f7aecf4ecd45fa6e0f01e47b3da80e4b0abdd031a0b554769b3884acb5287136c5b11395b81f15871775df52f62cc4284c57264b91c8795155eeaa7e4,JC412345,,8/29/2019 15:34,30,TRAFFIC SIGNAL,FUNCTIONING PROPERLY,CLEAR,DAYLIGHT,PEDALCYCLIST,FOUR WAY,,STRAIGHT AND LEVEL,DRY,UNKNOWN,,INJURY AND / OR TOW DUE TO CRASH,Y,,,$500 OR LESS,8/29/2019 17:00,UNABLE TO DETERMINE,UNABLE TO DETERMINE,1559,W,WILSON AVE,1912,,,,,,,2,INCAPACITATING INJURY,1,0,1,0,0,1,0,15,5,8,41.96512546,-87.66926612,POINT (-87.669266116243 41.965125456127)
98ea794aa6d1484ae588263f332b47e387c65b7b3c744a0e345eb613bb547689684809b6eb39b7606da7611d904b83e6fe66f0348d27baa90a7a1240f4237060,HZ546244,,12/9/2016 17:00,25,NO CONTROLS,NO CONTROLS,CLEAR,"DARKNESS, LIGHTED ROAD",PEDESTRIAN,DIVIDED - W/MEDIAN (NOT RAISED),4,STRAIGHT AND LEVEL,DRY,NO DEFECTS,,INJURY AND / OR TOW DUE TO CRASH,,,,"$501 - $1,500",12/9/2016 20:45,UNABLE TO DETERMINE,UNABLE TO DETERMINE,6300,S,RICHMOND ST,823,,,,,,,2,"REPORTED, NOT EVIDENT",1,0,0,0,1,1,0,17,6,12,41.77896861,-87.69719047,POINT (-87.697190465965 41.77896861225)
990b4268f9f1d9f4ec33241f7bec48e81749678e84bbd108049796911c79cc1ffbc0304fa3c869d9aa59bff7d463ea500e4c43e47d2aac4f07f6069854a40770,JD222719,,5/2/2020 21:47,30,NO CONTROLS,NO CONTROLS,CLEAR,"DARKNESS, LIGHTED ROAD",SIDESWIPE SAME DIRECTION,NOT DIVIDED,,STRAIGHT AND LEVEL,DRY,NO DEFECTS,,NO INJURY / DRIVE AWAY,,,Y,"OVER $1,500",5/2/2020 22:50,FAILING TO REDUCE SPEED TO AVOID CRASH,NOT APPLICABLE,5054,N,CICERO AVE,1621,,,,,,,2,NO INDICATION OF INJURY,0,0,0,0,0,2,0,21,7,5,41.97308949,-87.74807881,POINT (-87.748078804608 41.973089486671)
991f2aca629a339dc4076ff1ba6cc991a4ff672be51d6790af0894ffaec8e3fe337ec460f12f99d7cd4fc47a62553b9de5d6a4c6648ae8303fe364da64af7910,JC477858,,10/18/2019 20:35,30,NO CONTROLS,NO CONTROLS,CLEAR,"DARKNESS, LIGHTED ROAD",SIDESWIPE SAME DIRECTION,ONE-WAY,,STRAIGHT AND LEVEL,DRY,NO DEFECTS,,INJURY AND / OR TOW DUE TO CRASH,,,,"OVER $1,500",10/18/2019 20:41,UNABLE TO DETERMINE,UNABLE TO DETERMINE,5433,W,WASHINGTON BLVD,1522,,,,,,,3,NO INDICATION OF INJURY,0,0,0,0,0,6,0,20,6,10,41.88217862,-87.7615349,POINT (-87.761534896551 41.88217861455)
992e3b5a70876b1f593540de1e52ba70e6bf840e6aeeb9cc45b884a3c24bb8c10bed01f7851b322137037675f2982d3855255751556ba0c3ca4fc2b7c5796862,JG252581,,5/8/2023 13:00,30,UNKNOWN,UNKNOWN,UNKNOWN,UNKNOWN,SIDESWIPE SAME DIRECTION,UNKNOWN,,STRAIGHT AND LEVEL,UNKNOWN,UNKNOWN,,NO INJURY / DRIVE AWAY,,,,"OVER $1,500",5/8/2023 13:25,UNABLE TO DETERMINE,NOT APPLICABLE,5300,W,FOSTER AVE,1623,,,,,,,2,NO INDICATION OF INJURY,0,0,0,0,0,2,0,13,2,5,41.9753003,-87.76039149,POINT (-87.760391494469 41.975300295099)
9974cdb7d39787b781e54897a55bbedaf18867d51c9135fe91b0b8fc9039252c82d21ec22fc278ad50c41f26d475279fdad837cfabea2860fb1484be08d3d88d,JG112262,,1/11/2023 13:20,30,NO CONTROLS,NO CONTROLS,CLEAR,DAYLIGHT,REAR END,FOUR WAY,,STRAIGHT AND LEVEL,DRY,NO DEFECTS,,NO INJURY / DRIVE AWAY,,,,"OVER $1,500",1/11/2023 13:49,DISTRACTION - FROM INSIDE VEHICLE,NOT APPLICABLE,8100,S,HALSTED ST,613,,,,,,,2,NO INDICATION OF INJURY,0,0,0,0,0,2,0,13,4,1,41.74690461,-87.64407715,POINT (-87.644077151581 41.746904607442)
99ab18eec63665e8bda34a47418bb9c37746171572f4ce7ec122a347ef18fde915e33270a73badd7cba0c185e907bab019a708308fae53d70c3cc85103f285d3,JD253756,,6/4/2020 15:30,30,TRAFFIC SIGNAL,FUNCTIONING PROPERLY,UNKNOWN,DAYLIGHT,REAR END,DIVIDED - W/MEDIAN (NOT RAISED),,STRAIGHT AND LEVEL,UNKNOWN,UNKNOWN,,NO INJURY / DRIVE AWAY,,,Y,"OVER $1,500",6/4/2020 16:20,UNABLE TO DETERMINE,UNABLE TO DETERMINE,3659,S,ASHLAND AVE,912,,,,,,,2,NO INDICATION OF INJURY,0,0,0,0,0,2,0,15,5,6,41.82705394,-87.66533779,POINT (-87.665337790117 41.827053935435)
9a0f817da89a741a4bd6407ab32e14c6a129a6fb8b8f0c863bf43d2eb656281a95fcfa5130b19d3bf35de324ba98661e5ea0e555a757b869a856c54dbda0e34b,JD189551,,3/13/2020 14:50,30,TRAFFIC SIGNAL,FUNCTIONING PROPERLY,CLEAR,DAYLIGHT,TURNING,T-INTERSECTION,,STRAIGHT AND LEVEL,DRY,NO DEFECTS,,NO INJURY / DRIVE AWAY,Y,,,"OVER $1,500",3/18/2020 14:00,FOLLOWING TOO CLOSELY,UNABLE TO DETERMINE,101,W,87TH ST,634,,,,,,,2,NO INDICATION OF INJURY,0,0,0,0,0,2,0,14,6,3,41.73615438,-87.62724034,POINT (-87.627240334777 41.736154381113)
9a2e5c5170c075d778b1f891d3a7bb646c3aab372206f008c0bad9a4d6e3112c5840b6d750202f4572e8738f8bd1091da82c529a8e6b81af31bbb07ade312855,JG313163,,6/23/2023 18:15,30,STOP SIGN/FLASHER,FUNCTIONING PROPERLY,CLEAR,DAYLIGHT,REAR END,NOT DIVIDED,,STRAIGHT AND LEVEL,DRY,NO DEFECTS,,NO INJURY / DRIVE AWAY,Y,,,"OVER $1,500",6/23/2023 19:00,FOLLOWING TOO CLOSELY,PHYSICAL CONDITION OF DRIVER,2001,W,CARROLL AVE,1223,,,,,,,2,NO INDICATION OF INJURY,0,0,0,0,0,2,0,18,6,6,41.88756379,-87.67693566,POINT (-87.676935658979 41.88756378486)
9a431c210d461be22fdda91557f02cf9eb922032aefda4dd527cac58a55183187540ca8f5b3632de15c48ac20f8cee0c350cfd167a081a0efbe4d26bd95cec09,JC429968,,9/12/2019 9:15,30,STOP SIGN/FLASHER,OTHER,CLEAR,DAYLIGHT,REAR END,NOT DIVIDED,,STRAIGHT AND LEVEL,DRY,NO DEFECTS,,NO INJURY / DRIVE AWAY,,,,"OVER $1,500",9/12/2019 10:00,FAILING TO REDUCE SPEED TO AVOID CRASH,NOT APPLICABLE,1900,N,CALIFORNIA AVE,1421,,,,,,,2,NO INDICATION OF INJURY,0,0,0,0,0,2,0,9,5,9,41.91576102,-87.69729581,POINT (-87.697295810855 41.915761023246)
9a5cd3d7302612840bb64e243003950d32d213cda32a0f647511d852e2782043ca2b7fbab9291534aae19d7ea9de2d31d2e489bf9d7b733702cca7ac1e4ab11d,JC331630,,7/2/2019 12:45,30,UNKNOWN,UNKNOWN,CLEAR,DAYLIGHT,PARKED MOTOR VEHICLE,NOT DIVIDED,,STRAIGHT AND LEVEL,UNKNOWN,UNKNOWN,,NO INJURY / DRIVE AWAY,,,Y,"OVER $1,500",7/2/2019 14:00,UNABLE TO DETERMINE,NOT APPLICABLE,615,W,ROSCOE ST,1925,,,,,,,2,NO INDICATION OF INJURY,0,0,0,0,0,1,0,12,3,7,41.94357121,-87.6452173,POINT (-87.645217300195 41.9435712105)
9a6754dea4e6b9d79e79112d5dfc1e5d53dbea9372d39cc44b1fb8d641d5c07439843cd7a0aaf8349c3ca97687b66fe64e9bf60b5c9241012b2e469257dee0a2,JD173953,,3/1/2020 1:00,25,UNKNOWN,UNKNOWN,UNKNOWN,UNKNOWN,PARKED MOTOR VEHICLE,NOT DIVIDED,,STRAIGHT AND LEVEL,UNKNOWN,UNKNOWN,,NO INJURY / DRIVE AWAY,,,Y,"OVER $1,500",3/4/2020 16:45,UNABLE TO DETERMINE,NOT APPLICABLE,6851,W,DIVERSEY AVE,2512,,,,,,,2,NO INDICATION OF INJURY,0,0,0,0,0,1,0,1,1,3,41.9307472,-87.79753584,POINT (-87.797535840416 41.930747197702)
9a67671a441a769570b32cda5a0a4a1abb36390352be37b1db638bcd5b75c1f260c110165dfc2494f33a5db73482d3d2dedafd70a4db644ac436f0445e687229,JD208557,,4/13/2020 23:35,20,NO CONTROLS,NO CONTROLS,CLEAR,"DARKNESS, LIGHTED ROAD",PARKED MOTOR VEHICLE,NOT DIVIDED,,STRAIGHT AND LEVEL,DRY,NO DEFECTS,,INJURY AND / OR TOW DUE TO CRASH,,,,"OVER $1,500",4/13/2020 23:39,UNABLE TO DETERMINE,UNABLE TO DETERMINE,1117,E,81ST ST,411,,,,,,,2,NO INDICATION OF INJURY,0,0,0,0,0,1,0,23,2,4,41.74760746,-87.59701633,POINT (-87.597016328447 41.747607462511)
9a689a1dd4b941a484149247a48754a75a1102b0adfd38a7f58d9875b5c50678b4dd000ce20ea77b303802e2ad87f7c07d509afeb07d7415174e47f820df1087,JC560548,,12/26/2019 10:41,20,NO CONTROLS,NO CONTROLS,CLEAR,DAYLIGHT,SIDESWIPE SAME DIRECTION,NOT DIVIDED,,STRAIGHT AND LEVEL,DRY,NO DEFECTS,,INJURY AND / OR TOW DUE TO CRASH,,,Y,"OVER $1,500",12/26/2019 10:41,UNABLE TO DETERMINE,UNABLE TO DETERMINE,7234,S,WASHTENAW AVE,831,,,,,,,2,NO INDICATION OF INJURY,0,0,0,0,0,3,0,10,5,12,41.76169992,-87.69065158,POINT (-87.690651582393 41.761699924228)
9a7a55a8b9880b3a6ef0a9981069684b84e5ac31c54da4098f0168e054f2de6a184b2e15449a9140899ed7c13e556b2253fcf6c5cf63f1670f06ded18e8640ff,JG296668,,6/10/2023 22:30,30,NO CONTROLS,NO CONTROLS,CLEAR,DARKNESS,TURNING,NOT DIVIDED,,STRAIGHT AND LEVEL,DRY,NO DEFECTS,,NO INJURY / DRIVE AWAY,,,,"OVER $1,500",6/11/2023 10:29,UNABLE TO DETERMINE,UNABLE TO DETERMINE,11109,S,CICERO AVE,2211,,,,,,,2,NO INDICATION OF INJURY,0,0,0,0,0,2,0,22,7,6,41.69054977,-87.73957902,POINT (-87.739579022647 41.690549771371)
9a87e7f29da8636e57cbd77bcb69a3cc352ef4976b02bbf2eee926168da2c16779e85562b8ab6446e12d187d9c51eff7f70b9a4e4cd152b303c8bb8fce1c1539,JC370823,,7/30/2019 10:30,10,NO CONTROLS,NO CONTROLS,CLEAR,DAYLIGHT,REAR TO SIDE,PARKING LOT,,STRAIGHT AND LEVEL,DRY,NO DEFECTS,,NO INJURY / DRIVE AWAY,,Y,,"OVER $1,500",7/30/2019 10:35,IMPROPER BACKING,NOT APPLICABLE,3033,W,TOUHY AVE,2411,,,,,,,2,NO INDICATION OF INJURY,0,0,0,0,0,4,0,10,3,7,42.01182364,-87.70574433,POINT (-87.705744326549 42.011823643458)
9b22f289da00dd4d3ea360a76b1de9f450c5d417b2b48ebed4de7cc5e3a7f34a43ec8abc72cb5f05a1c1b5f8f90bccd3ce58e2a8ca5e8bb52e2989eacdd19ab4,JD187868,,3/16/2020 18:01,30,STOP SIGN/FLASHER,FUNCTIONING PROPERLY,CLOUDY/OVERCAST,DAYLIGHT,ANGLE,FOUR WAY,,STRAIGHT AND LEVEL,WET,DEBRIS ON ROADWAY,,INJURY AND / OR TOW DUE TO CRASH,Y,,,"OVER $1,500",3/16/2020 18:31,DISREGARDING STOP SIGN,NOT APPLICABLE,5100,S,MAY ST,934,,,,,,,2,NO INDICATION OF INJURY,0,0,0,0,0,2,0,18,2,3,41.80137649,-87.65399067,POINT (-87.653990673289 41.801376490127)
9b329e70eddf558cd9dfa1e1cb3af20408b7fec3089a6443fe2630fea6047cd725740d443e873f86b1e1e449473be612a76427977d62f5de2a00ab6ff85c346a,JC438682,,9/18/2019 8:45,30,NO CONTROLS,NO CONTROLS,CLEAR,DAYLIGHT,PARKED MOTOR VEHICLE,NOT DIVIDED,,STRAIGHT AND LEVEL,DRY,NO DEFECTS,,NO INJURY / DRIVE AWAY,,,Y,"$501 - $1,500",9/18/2019 16:00,UNABLE TO DETERMINE,UNABLE TO DETERMINE,3572,N,SHEFFIELD AVE,1924,,,,,,,2,NO INDICATION OF INJURY,0,0,0,0,0,1,0,8,4,9,41.94714947,-87.65447431,POINT (-87.654474308014 41.947149464981)
9b7df600d39cecf4c2d2e278253f3c499404f32b90f41172a95408f653734742f67c43ad439bac6a69683e870da30385d577b000fb386cc6b3ff72bb97e471d7,JC539882,,12/9/2019 0:40,30,TRAFFIC SIGNAL,FUNCTIONING PROPERLY,CLEAR,"DARKNESS, LIGHTED ROAD",REAR END,NOT DIVIDED,,STRAIGHT AND LEVEL,DRY,NO DEFECTS,,NO INJURY / DRIVE AWAY,,,,"$501 - $1,500",12/9/2019 1:15,FAILING TO REDUCE SPEED TO AVOID CRASH,FOLLOWING TOO CLOSELY,3515,N,KIMBALL AVE,1733,,,,,,,2,NO INDICATION OF INJURY,0,0,0,0,0,2,0,0,2,12,41.94525825,-87.71252269,POINT (-87.712522688806 41.945258244874)
9b85a64cf6d40b7065a9f661ca3f31988b8b41b53357a63e6a9320baa2bf085a245668019d44e310c65a35121f9bc3b45ffa5cb859912955ce295a2d3b9b0b9f,JC557555,,12/23/2019 11:55,30,TRAFFIC SIGNAL,FUNCTIONING PROPERLY,CLEAR,DAYLIGHT,PEDALCYCLIST,NOT DIVIDED,,STRAIGHT AND LEVEL,DRY,NO DEFECTS,,INJURY AND / OR TOW DUE TO CRASH,Y,,Y,$500 OR LESS,12/23/2019 11:57,UNABLE TO DETERMINE,NOT APPLICABLE,811,W,69TH ST,733,,,Y,,,,2,"REPORTED, NOT EVIDENT",1,0,0,0,1,1,0,11,2,12,41.76872108,-87.64498671,POINT (-87.644986712476 41.768721079157)
9bc051b39f58b55bb456a1af91c24117bead1fe9bacb89b16659097e4661e5b1d63ffed0b1ae410ced215c3867cbc8383d5f439c3240d2c4dabfa3afbfa81b02,JC546162,,12/13/2019 23:55,30,NO CONTROLS,NO CONTROLS,CLEAR,"DARKNESS, LIGHTED ROAD",PARKED MOTOR VEHICLE,NOT DIVIDED,,STRAIGHT AND LEVEL,DRY,NO DEFECTS,,NO INJURY / DRIVE AWAY,,,Y,"$501 - $1,500",12/14/2019 0:15,UNABLE TO DETERMINE,NOT APPLICABLE,3216,N,HARLEM AVE,1631,,,,,,,2,NO INDICATION OF INJURY,0,0,0,0,0,1,0,23,6,12,41.93853493,-87.80691268,POINT (-87.806912679221 41.938534926546)
9bd2c2f41503a57509c3505f9c410a0968997ae48a4ede0d995b670cfd621c35b77fff8080f765f5e1525d1c167c689ac2698fc90f92325d2509c0a268086de5,JC519864,,11/22/2019 5:45,30,STOP SIGN/FLASHER,FUNCTIONING PROPERLY,CLEAR,"DARKNESS, LIGHTED ROAD",ANGLE,FOUR WAY,,STRAIGHT AND LEVEL,DRY,NO DEFECTS,,NO INJURY / DRIVE AWAY,Y,,,"OVER $1,500",11/22/2019 5:48,FAILING TO YIELD RIGHT-OF-WAY,NOT APPLICABLE,1000,N,LECLAIRE AVE,1531,,Y,,,,,2,NO INDICATION OF INJURY,0,0,0,0,0,2,0,5,6,11,41.89869682,-87.75338897,POINT (-87.753388971659 41.898696824254)
9bec354bd8f05a04c0a39ab8953a1c5b88c8fad8b4e818238ab4b62ec71b9944a77b9ad11aa70cd7d63cd1c91c6af3ae8f5812e9ca6b394ecd6ed2602bbe3bc1,JG333785,,7/9/2023 9:05,30,STOP SIGN/FLASHER,NO CONTROLS,CLEAR,DAYLIGHT,ANGLE,FOUR WAY,,STRAIGHT AND LEVEL,DRY,NO DEFECTS,,INJURY AND / OR TOW DUE TO CRASH,Y,,,"$501 - $1,500",7/9/2023 10:30,UNABLE TO DETERMINE,UNABLE TO DETERMINE,4500,S,ROCKWELL ST,922,,,,,,,2,NO INDICATION OF INJURY,0,0,0,0,0,2,0,9,1,7,41.81194522,-87.6895723,POINT (-87.689572300456 41.81194522416)