CRASH_RECORD_ID,RD_NO,CRASH_DATE_EST_I,CRASH_DATE,POSTED_SPEED_LIMIT,TRAFFIC_CONTROL_DEVICE,DEVICE_CONDITION,WEATHER_CONDITION,LIGHTING_CONDITION,FIRST_CRASH_TYPE,TRAFFICWAY_TYPE,LANE_CNT,ALIGNMENT,ROADWAY_SURFACE_COND,ROAD_DEFECT,REPORT_TYPE,CRASH_TYPE,INTERSECTION_RELATED_I,NOT_RIGHT_OF_WAY_I,HIT_AND_RUN_I,DAMAGE,DATE_POLICE_NOTIFIED,PRIM_CONTRIBUTORY_CAUSE,SEC_CONTRIBUTORY_CAUSE,STREET_NO,STREET_DIRECTION,STREET_NAME,BEAT_OF_OCCURRENCE,PHOTOS_TAKEN_I,STATEMENTS_TAKEN_I,DOORING_I,WORK_ZONE_I,WORK_ZONE_TYPE,WORKERS_PRESENT_I,NUM_UNITS,MOST_SEVERE_INJURY,INJURIES_TOTAL,INJURIES_FATAL,INJURIES_INCAPACITATING,INJURIES_NON_INCAPACITATING,INJURIES_REPORTED_NOT_EVIDENT,INJURIES_NO_INDICATION,INJURIES_UNKNOWN,CRASH_HOUR,CRASH_DAY_OF_WEEK,CRASH_MONTH,LATITUDE,LONGITUDE,LOCATION
9c006c6cf6020695b443c7b5dfc948f4044334cba2d4713d96e2a1dde45674e36e3e986b8086eba519ff1ecdfc7ed8e86196aba5610f7af6f22352323edae4a6,JD211781,,4/18/2020 15:40,30,NO CONTROLS,NO CONTROLS,CLEAR,DAYLIGHT,REAR END,NOT DIVIDED,,STRAIGHT AND LEVEL,DRY,NO DEFECTS,,INJURY AND / OR TOW DUE TO CRASH,,,,"OVER $1,500",4/18/2020 15:40,FOLLOWING TOO CLOSELY,NOT APPLICABLE,4427,W,NORTH AVE,2533,,,,,,,2,NO INDICATION OF INJURY,0,0,0,0,0,3,0,15,7,4,41.90962786,-87.73744325,POINT (-87.737443250532 41.909627864181)
9c584e34ff7a1272d073970d6a87791ef8fc115fdbd949a156aa12b0505e40aeb3b0fdea988796c6b7cd0068d55243271f2ca7c5e0d12ffc5e62a5edf149e658,JG297244,,6/11/2023 19:34,35,YIELD,NO CONTROLS,CLEAR,DAYLIGHT,TURNING,FOUR WAY,,STRAIGHT AND LEVEL,DRY,NO DEFECTS,,INJURY AND / OR TOW DUE TO CRASH,Y,,,"OVER $1,500",6/11/2023 19:40,DRIVING SKILLS/KNOWLEDGE/EXPERIENCE,NOT APPLICABLE,7398,S,STONY ISLAND AVE,324,,,,,,,2,INCAPACITATING INJURY,4,0,4,0,0,1,0,19,1,6,41.76063238,-87.58633266,POINT (-87.586332662214 41.760632383254)
9cdb37ef332712b0ea925f51bc623563c7c187a28170f62e2655f71fc2272281b96635974471995bdbd626660202b508f330ce83c72623efa02eb3cce805a488,JC383072,,8/7/2019 18:00,30,NO CONTROLS,NO CONTROLS,CLEAR,DAYLIGHT,REAR END,NOT DIVIDED,,STRAIGHT AND LEVEL,DRY,NO DEFECTS,,INJURY AND / OR TOW DUE TO CRASH,,,,"$501 - $1,500",8/7/2019 20:10,FOLLOWING TOO CLOSELY,FAILING TO REDUCE SPEED TO AVOID CRASH,3933,W,GRAND AVE,2535,,,,,,,3,NO INDICATION OF INJURY,0,0,0,0,0,3,0,18,4,8,41.90554138,-87.72518562,POINT (-87.725185620898 41.905541381758)
9d56a977008a2f737fe994d106c37d9a95731191410f74c163f5a5832be7517afda03bb980bbacf0f1ced8a6442d14afd88aad19b7dad4fa7a65b9c67fa0c547,JG267720,N,5/20/2023 1:30,30,NO CONTROLS,NO CONTROLS,UNKNOWN,UNKNOWN,PARKED MOTOR VEHICLE,NOT DIVIDED,,STRAIGHT AND LEVEL,UNKNOWN,NO DEFECTS,,NO INJURY / DRIVE AWAY,,,Y,"OVER $1,500",5/20/2023 9:55,UNABLE TO DETERMINE,NOT APPLICABLE,5064,W,JACKSON BLVD,1533,,,,,,,2,NO INDICATION OF INJURY,0,0,0,0,0,1,0,1,7,5,41.876807,-87.75192154,POINT (-87.751921536904 41.876806998647)
9dc57a1ed787dd91d0a51a8cd319079eabd6b66d1248c97b71fa0104806e493863d0806043f5c78891ef1bd7f60d412fa2c83a171b7fb33a1a8465fa6b44f8c7,JG340757,,7/14/2023 12:30,30,TRAFFIC SIGNAL,FUNCTIONING PROPERLY,CLEAR,DAYLIGHT,REAR END,NOT DIVIDED,,STRAIGHT AND LEVEL,DRY,NO DEFECTS,,NO INJURY / DRIVE AWAY,,,Y,"OVER $1,500",7/14/2023 13:50,FOLLOWING TOO CLOSELY,FOLLOWING TOO CLOSELY,4501,S,WESTERN AVE,922,,,,,,,3,NO INDICATION OF INJURY,0,0,0,0,0,3,0,12,6,7,41.81202127,-87.68438352,POINT (-87.684383521724 41.812021267921)
9e0d3438947064c817038db723bc2c8ad502f997b2612cf8505a1b49db322982a56a3f9c0b32f62ac38c00daaf87e6bb371e309fc159e965aebca2a42d21ca00,JE277007,,6/23/2021 15:31,10,NO CONTROLS,NO CONTROLS,CLEAR,DAYLIGHT,REAR TO FRONT,PARKING LOT,,STRAIGHT AND LEVEL,DRY,NO DEFECTS,,INJURY AND / OR TOW DUE TO CRASH,,,,"OVER $1,500",6/23/2021 15:31,NOT APPLICABLE,NOT APPLICABLE,1120,W,LUNT AVE,2423,,,,,,,2,NO INDICATION OF INJURY,0,0,0,0,0,3,0,15,4,6,42.0093173,-87.6605531,POINT (-87.660553098351 42.009317304026)
9e1ffb858616772ed0e1712c1a78bcd7f8dd985c990e9383ed94762a2541e20f212dacb1678f4919cc410fbc34793ea3c22906aef6dd27074f324adc11dc55b0,JD178394,,3/7/2020 17:00,25,UNKNOWN,UNKNOWN,CLEAR,DAYLIGHT,SIDESWIPE SAME DIRECTION,NOT DIVIDED,,STRAIGHT AND LEVEL,DRY,NO DEFECTS,,NO INJURY / DRIVE AWAY,,,,"$501 - $1,500",3/8/2020 13:30,UNABLE TO DETERMINE,UNABLE TO DETERMINE,1809,W,HOWARD ST,2424,,,,,,,2,NO INDICATION OF INJURY,0,0,0,0,0,2,0,17,7,3,42.01929392,-87.67634162,POINT (-87.676341620537 42.019293921323)
9e3165b262c50c4ef08ecae83f2f832eb7a7c83d924afc8fd516517bb76d25db82f141108517da4f12115bfb67f15b1344b59a6fc0f4be3109abd98f0d04d0fb,JD117339,,1/16/2020 0:43,30,TRAFFIC SIGNAL,FUNCTIONING PROPERLY,CLEAR,"DARKNESS, LIGHTED ROAD",ANGLE,FOUR WAY,,STRAIGHT AND LEVEL,DRY,NO DEFECTS,,INJURY AND / OR TOW DUE TO CRASH,,,,"OVER $1,500",1/16/2020 0:43,DISREGARDING TRAFFIC SIGNALS,UNABLE TO DETERMINE,6000,W,MONTROSE AVE,1622,,,,,,,2,NO INDICATION OF INJURY,0,0,0,0,0,4,0,0,5,1,41.96046054,-87.77708283,POINT (-87.777082832894 41.960460538426)
9e541ef76cc545b3c64e39930fb0132b6c2064ed5422adab60b8895c96deb5057265b4db5d920de5fa38ffd9e59f1d64ae6dd612618b1c9c506d85b47e49c3f9,JG280952,,5/29/2023 16:30,30,TRAFFIC SIGNAL,FUNCTIONING PROPERLY,CLEAR,DAYLIGHT,ANGLE,NOT DIVIDED,,STRAIGHT AND LEVEL,DRY,NO DEFECTS,,NO INJURY / DRIVE AWAY,,,Y,"OVER $1,500",5/30/2023 14:25,UNABLE TO DETERMINE,NOT APPLICABLE,31,N,CALIFORNIA AVE,1222,,,,,,,2,NO INDICATION OF INJURY,0,0,0,0,0,2,0,16,2,5,41.88194988,-87.69616131,POINT (-87.696161304621 41.881949877526)
9e57d9dcff2ffff7b84f77557d742483ddeb98610e3138e4f547038578a5d6a93b3be493b480e64d8ab94ad765f3daa80b2bc24cc8eb825e2f24312a8435c716,JG313516,,6/24/2023 1:06,35,FLASHING CONTROL SIGNAL,FUNCTIONING PROPERLY,CLEAR,DAWN,SIDESWIPE SAME DIRECTION,T-INTERSECTION,,STRAIGHT AND LEVEL,DRY,NO DEFECTS,,INJURY AND / OR TOW DUE TO CRASH,,,,"OVER $1,500",6/24/2023 1:08,UNABLE TO DETERMINE,NOT APPLICABLE,2798,N,ASHLAND AVE,1931,,,,,,,2,"REPORTED, NOT EVIDENT",1,0,0,0,1,1,0,1,7,6,41.93231273,-87.66853724,POINT (-87.66853724028 41.932312725534)
9e63951adc6e3e3f6b15ce91c71b2725de0bb3d428c7d5e44d6e1a442adc4075e2d03a70125e6c468c248dc9e664ddf43a0923739fb3f1be7ea21973fc156fa6,HZ532579,,11/28/2016 19:30,30,TRAFFIC SIGNAL,FUNCTIONING PROPERLY,RAIN,DAYLIGHT,ANGLE,DIVIDED - W/MEDIAN (NOT RAISED),2,STRAIGHT AND LEVEL,WET,NO DEFECTS,,NO INJURY / DRIVE AWAY,Y,,,"$501 - $1,500",11/28/2016 19:50,WEATHER,FAILING TO REDUCE SPEED TO AVOID CRASH,6399,N,GLENWOOD AVE,2433,,,,,,,2,NO INDICATION OF INJURY,0,0,0,0,0,3,0,19,2,11,41.99810233,-87.6652548,POINT (-87.665254795709 41.998102329243)
9e74d01378e17fe7a650c92995b20610efbd681f6e756b18c443cc7fb361116a27ef9ced809a4992edd82f0fdc8f01804bfe8f9beb3e90551e7eb80e1212c82c,JD150929,,2/13/2020 20:30,15,NO CONTROLS,NO CONTROLS,CLEAR,"DARKNESS, LIGHTED ROAD",PARKED MOTOR VEHICLE,ONE-WAY,,STRAIGHT AND LEVEL,SNOW OR SLUSH,NO DEFECTS,,NO INJURY / DRIVE AWAY,,,Y,"OVER $1,500",2/13/2020 20:36,"OPERATING VEHICLE IN ERRATIC, RECKLESS, CARELESS, NEGLIGENT OR AGGRESSIVE MANNER",UNABLE TO DETERMINE,4538,S,KEATING AVE,815,,,,,,,2,NO INDICATION OF INJURY,0,0,0,0,0,1,0,20,5,2,41.81012399,-87.74215356,POINT (-87.742153556642 41.81012398502)
9e7a900fb3208d122874c4b31685262f0ae1043d163381409af8bed50ccf8576649c0cbd17f8f98b95950a80c5239585b2cd0771a21c1568df81d700a19d4572,JG291449,,6/7/2023 8:00,30,NO CONTROLS,NO CONTROLS,CLEAR,DAYLIGHT,REAR END,NOT DIVIDED,,STRAIGHT AND LEVEL,DRY,NO DEFECTS,,NO INJURY / DRIVE AWAY,,,,"OVER $1,500",6/7/2023 8:50,FOLLOWING TOO CLOSELY,IMPROPER OVERTAKING/PASSING,6632,W,ARCHER AVE,811,,,,,,,2,NO INDICATION OF INJURY,0,0,0,0,0,2,0,8,4,6,41.79233546,-87.78797579,POINT (-87.787975788513 41.792335462283)
9e9c1f1a5b95004f11fea85e57c0a19ed75d1a99748f1e6661779d91b56dc4fffd59d10b5bc33b61ae9d382b9d1c794365a514b284c46709b21a495f954df24d,JD241163,,5/24/2020 4:00,20,NO CONTROLS,NO CONTROLS,CLEAR,DARKNESS,PARKED MOTOR VEHICLE,NOT DIVIDED,,STRAIGHT AND LEVEL,DRY,NO DEFECTS,,NO INJURY / DRIVE AWAY,,,Y,"OVER $1,500",5/24/2020 8:28,UNABLE TO DETERMINE,NOT APPLICABLE,1048,W,88TH ST,2222,,,,,,,2,NO INDICATION OF INJURY,0,0,0,0,0,1,0,4,1,5,41.73425924,-87.65044648,POINT (-87.650446479688 41.734259235109)
9ea5d879cc14336707d2178020a0222903dc088b7bf6a1506e5644ed78c321642fcb499c967b9e2421b76c33699b1047e3d165e81486eb85a6b4d50bb96ca158,JD240504,,5/23/2020 15:05,35,STOP SIGN/FLASHER,NO CONTROLS,CLEAR,DAYLIGHT,ANGLE,NOT DIVIDED,,STRAIGHT AND LEVEL,DRY,NO DEFECTS,,INJURY AND / OR TOW DUE TO CRASH,,Y,,"OVER $1,500",5/23/2020 15:09,FAILING TO YIELD RIGHT-OF-WAY,NOT APPLICABLE,4031,S,ARCHER AVE,921,,,,,,,2,NONINCAPACITATING INJURY,1,0,0,1,0,1,0,15,7,5,41.82042042,-87.69368991,POINT (-87.6936899048 41.820420417545)
9ebaa98147d1cbf83744a4a524635c8336c3151cb6b78c32efe8d7000634b8f661961221995689f49554fcc03f6791c5d4d02748b1d5635e3cdaecde46241be1,JC540550,,12/9/2019 14:05,30,NO CONTROLS,NO CONTROLS,CLEAR,DAYLIGHT,REAR END,NOT DIVIDED,,STRAIGHT AND LEVEL,DRY,NO DEFECTS,,NO INJURY / DRIVE AWAY,,,Y,"$501 - $1,500",12/9/2019 14:09,UNABLE TO DETERMINE,UNABLE TO DETERMINE,1739,N,CLYBOURN AVE,1813,,,,,,,2,NO INDICATION OF INJURY,0,0,0,0,0,2,0,14,2,12,41.91277055,-87.65189424,POINT (-87.651894237016 41.912770553786)
9f1138201f310f942608f5b0b11f2230cea061ea792ea9277a2ebab1dd2d88e044a671b39253345ae13c9fac3f2d85e88993cdba3bb3208433902fb97788e0ad,JC512807,,11/16/2019 12:55,30,STOP SIGN/FLASHER,FUNCTIONING PROPERLY,CLEAR,DAYLIGHT,ANGLE,ONE-WAY,,STRAIGHT AND LEVEL,DRY,NO DEFECTS,,NO INJURY / DRIVE AWAY,Y,,,"OVER $1,500",11/16/2019 13:30,IMPROPER LANE USAGE,NOT APPLICABLE,330,W,ONTARIO ST,1831,,,,,,,3,NO INDICATION OF INJURY,0,0,0,0,0,3,0,12,7,11,41.89325671,-87.6370078,POINT (-87.637007797127 41.893256711085)
9f1d42df5b6dd168ef6caf826a2ce20e1f2a29529351b92641e1587aa2c9c35b3ff3e6f58a7f3712b606b7d39054935ae9d602c579d795cd567b53e8cf182416,JC271731,,5/21/2019 6:30,30,NO CONTROLS,NO CONTROLS,RAIN,DAYLIGHT,HEAD ON,NOT DIVIDED,,STRAIGHT AND LEVEL,WET,NO DEFECTS,,INJURY AND / OR TOW DUE TO CRASH,,,,"OVER $1,500",5/21/2019 6:33,NOT APPLICABLE,NOT APPLICABLE,4109,S,ASHLAND AVE,924,,,,,,,2,NONINCAPACITATING INJURY,10,0,0,10,0,1,0,6,3,5,41.81925571,-87.66507774,POINT (-87.665077738529 41.819255704669)
9f357ea7a4a4caaf46a88d018eb8f03a5b2ff172e089b2c1ef6fc12ff08d89345ddbe4263e48fc62d582120fe2252af4602e54c2967b2fd0208153439bc28bcf,JC412692,,8/29/2019 21:30,35,TRAFFIC SIGNAL,FUNCTIONING PROPERLY,CLEAR,"DARKNESS, LIGHTED ROAD",REAR END,"FIVE POINT, OR MORE",,STRAIGHT AND LEVEL,DRY,UNKNOWN,,NO INJURY / DRIVE AWAY,Y,,Y,"OVER $1,500",8/29/2019 21:45,UNABLE TO DETERMINE,NOT APPLICABLE,7900,S,STONY ISLAND AVE,411,,,,,,,2,NO INDICATION OF INJURY,0,0,0,0,0,2,0,21,5,8,41.7514606,-87.58597199,POINT (-87.585971992965 41.751460603167)
9f550e0783489818c08efc7fbfc71224d5ce2a39a722bdce901d18883624ca129af84ddc69a96daa22c12e3ee1a93b7bb9802e83e85dbe265bf6b2acbe0b7a72,JD108752,,1/8/2020 15:31,30,NO CONTROLS,NO CONTROLS,CLEAR,DAYLIGHT,SIDESWIPE SAME DIRECTION,DIVIDED - W/MEDIAN (NOT RAISED),,STRAIGHT AND LEVEL,DRY,NO DEFECTS,,INJURY AND / OR TOW DUE TO CRASH,,,,"OVER $1,500",1/8/2020 16:00,IMPROPER LANE USAGE,NOT APPLICABLE,5444,S,ARCHER AVE,814,,,,,,,2,NO INDICATION OF INJURY,0,0,0,0,0,3,0,15,4,1,41.79851597,-87.74469159,POINT (-87.744691590557 41.798515971206)
9f6c7ff7628e495eb0a1c43b0822d0e955d08005fb2e5b771e950a7e2327c433f3c00dbe5bebdef58c0dee2d3b1cf5d949431f7fc876bf6d927b0780741f8a41,JD114854,,1/14/2020 1:03,30,TRAFFIC SIGNAL,FUNCTIONING PROPERLY,CLEAR,"DARKNESS, LIGHTED ROAD",ANGLE,NOT DIVIDED,,STRAIGHT AND LEVEL,DRY,NO DEFECTS,,NO INJURY / DRIVE AWAY,Y,,,"OVER $1,500",1/14/2020 1:48,DISREGARDING TRAFFIC SIGNALS,NOT APPLICABLE,1,E,ADAMS ST,113,,,,,,,2,NO INDICATION OF INJURY,0,0,0,0,0,3,0,1,3,1,41.87938225,-87.62764014,POINT (-87.627640139839 41.879382254052)
9f9f39573685e9fdd6b30cc8b2f8ce2ffade22c5c02293a7ad8b23517cb104082c92898460e41a613fd372e70b798335da9d9cda2ed5d68c33cbdafc60a282cc,JG315185,,6/24/2023 8:34,25,TRAFFIC SIGNAL,UNKNOWN,CLEAR,DAYLIGHT,TURNING,FOUR WAY,,STRAIGHT AND LEVEL,DRY,NO DEFECTS,,NO INJURY / DRIVE AWAY,,,Y,"OVER $1,500",6/25/2023 11:00,IMPROPER TURNING/NO SIGNAL,NOT APPLICABLE,8652,S,LAFAYETTE AVE,622,,,,,,,2,NO INDICATION OF INJURY,0,0,0,0,0,2,0,8,7,6,41.73653007,-87.62559775,POINT (-87.625597752236 41.736530073232)
9fca15a0d4ff6766ce5c07054d6634a77f20b016ba08b38907f7d28948108a01717a41c8ba74715ebce6476d83d5104105f1f3c0d54f38cbbcb0c73c990a51ad,JD166156,,2/26/2020 18:40,30,NO CONTROLS,NO CONTROLS,CLEAR,DUSK,TURNING,NOT DIVIDED,,STRAIGHT AND LEVEL,DRY,NO DEFECTS,,NO INJURY / DRIVE AWAY,,,Y,"$501 - $1,500",2/26/2020 20:30,NOT APPLICABLE,NOT APPLICABLE,5300,S,CENTRAL AVE,811,,,,,,,2,NO INDICATION OF INJURY,0,0,0,0,0,2,0,18,4,2,41.79639689,-87.76257721,POINT (-87.762577213996 41.796396888788)
9fd116ac68baf460222fed7ef568af923e82ca21745ed13e141b68040eff2200d6063acf640665b690478b109f661855de29fb6ae54a4407248d0effb5475d2c,JG299693,,6/13/2023 16:05,30,STOP SIGN/FLASHER,FUNCTIONING PROPERLY,RAIN,DAYLIGHT,TURNING,DIVIDED - W/MEDIAN (NOT RAISED),,STRAIGHT AND LEVEL,WET,NO DEFECTS,,NO INJURY / DRIVE AWAY,,,,$500 OR LESS,6/13/2023 16:05,FAILING TO REDUCE SPEED TO AVOID CRASH,NOT APPLICABLE,4499,W,ARMITAGE AVE,2533,,,,,,,2,NO INDICATION OF INJURY,0,0,0,0,0,2,0,16,3,6,41.91690826,-87.73871647,POINT (-87.738716474226 41.916908258903)
9fe2cb4abec3457b4ccf04ffac4e96b626950a46bfb656bd7a02717ef342691e9b5d28cf750f3bc95517c5b8125f1318e860470cec97925d82333f1c7aebaac7,JG293361,,6/8/2023 16:00,30,NO CONTROLS,NO CONTROLS,CLEAR,DAYLIGHT,SIDESWIPE SAME DIRECTION,FOUR WAY,,STRAIGHT AND LEVEL,DRY,NO DEFECTS,,NO INJURY / DRIVE AWAY,,,Y,"OVER $1,500",6/8/2023 16:07,IMPROPER OVERTAKING/PASSING,IMPROPER OVERTAKING/PASSING,8572,S,LAFAYETTE AVE,622,,,,,,,2,NO INDICATION OF INJURY,0,0,0,0,0,3,0,16,5,6,41.73818119,-87.62564933,POINT (-87.625649327567 41.738181192963)
a0081c0727ebe766dfb9962877ec550444c9001e11b68a7329f44046ec10f93c3e50076bc7e643c686a5bf902da426ff9663569568d98dc381a259d1f38ed09e,JD248096,,5/31/2020 1:46,30,TRAFFIC SIGNAL,NO CONTROLS,CLEAR,"DARKNESS, LIGHTED ROAD",REAR END,DIVIDED - W/MEDIAN (NOT RAISED),,STRAIGHT AND LEVEL,DRY,NO DEFECTS,,NO INJURY / DRIVE AWAY,Y,,,"OVER $1,500",5/31/2020 2:14,FAILING TO REDUCE SPEED TO AVOID CRASH,NOT APPLICABLE,3600,W,DOUGLAS BLVD,1011,,,,,,,2,NO INDICATION OF INJURY,0,0,0,0,0,3,0,1,1,5,41.86296421,-87.71538061,POINT (-87.715380606713 41.862964206412)
a00ef955ab07567caa3cbb667537f1ce37f3367231aad430bb880fd4ee244c0b129ebd8034f94b6cdaf6fcd083490ea30f257b20a03af44a7ed908a231d830bc,JC412441,,8/29/2019 14:15,30,TRAFFIC SIGNAL,FUNCTIONING PROPERLY,CLEAR,DAYLIGHT,TURNING,NOT DIVIDED,,STRAIGHT ON GRADE,DRY,NO DEFECTS,,NO INJURY / DRIVE AWAY,Y,,,"$501 - $1,500",8/29/2019 18:21,UNABLE TO DETERMINE,UNABLE TO DETERMINE,1215,N,MILWAUKEE AVE,1433,,,,,,,2,NO INDICATION OF INJURY,0,0,0,0,0,2,0,14,5,8,41.90377045,-87.66690457,POINT (-87.666904572428 41.903770447583)
a01181809a51b1902041d03a6abd7a46c741677161524ef71695b9ac4c87df0d67779ef770e46cc0cebb03acf98c0a8c274951c8d0ce3bdd8ea1002892e208bd,JG310496,,6/21/2023 18:51,45,NO CONTROLS,NO CONTROLS,CLEAR,DAYLIGHT,REAR END,OTHER,,STRAIGHT AND LEVEL,DRY,NO DEFECTS,,INJURY AND / OR TOW DUE TO CRASH,,,Y,"OVER $1,500",6/21/2023 21:35,FAILING TO REDUCE SPEED TO AVOID CRASH,FAILING TO REDUCE SPEED TO AVOID CRASH,2400,N,LAKE SHORE DR SB,1935,,,,,,,2,NO INDICATION OF INJURY,0,0,0,0,0,2,0,18,4,6,41.92616072,-87.63151467,POINT (-87.631514664826 41.926160719812)
a0378df2746aa7902baadf8ecfb72f213fb5e6474e0a9891b28b4bbe2ff6ceecdb2de7fd78309a9b9717a4ccfa9e566407bf33509fe3dfcfd22168e24ec64112,JD115226,,1/14/2020 11:13,30,NO CONTROLS,NO CONTROLS,CLEAR,DAYLIGHT,SIDESWIPE SAME DIRECTION,NOT DIVIDED,,STRAIGHT AND LEVEL,DRY,NO DEFECTS,,NO INJURY / DRIVE AWAY,,,Y,"$501 - $1,500",1/14/2020 11:59,IMPROPER OVERTAKING/PASSING,UNABLE TO DETERMINE,6310,W,BERTEAU AVE,1624,,,,,,,2,NO INDICATION OF INJURY,0,0,0,0,0,2,0,11,3,1,41.95670512,-87.78476002,POINT (-87.784760015935 41.956705123982)
a063689e7c64bf94d36edf3c9c04b2c9d6a416a755e2ec36a5c4feb9740848382b354d259b14f0aad53c7d0018ad7e73d4470a6d5389d1729f03848201bad1f3,JC395537,,8/16/2019 18:56,25,TRAFFIC SIGNAL,UNKNOWN,CLEAR,UNKNOWN,TURNING,FOUR WAY,,STRAIGHT AND LEVEL,UNKNOWN,UNKNOWN,,NO INJURY / DRIVE AWAY,Y,,,"$501 - $1,500",8/16/2019 22:00,UNABLE TO DETERMINE,NOT APPLICABLE,550,W,ROOSEVELT RD,124,,,,,,,2,NO INDICATION OF INJURY,0,0,0,0,0,2,0,18,6,8,41.86734445,-87.64123828,POINT (-87.641238281435 41.867344452259)
a06a3ddc6ea77ade066bcdf9cff248875efc6945f57d02d048a406a5e25c8f1cab7e2cf72f92935ea063fdb5e92bbec9716811b351bd29fec709452d3f0ea182,JC493844,,10/31/2019 20:24,30,TRAFFIC SIGNAL,FUNCTIONING PROPERLY,CLEAR,"DARKNESS, LIGHTED ROAD",PEDESTRIAN,ONE-WAY,,STRAIGHT AND LEVEL,WET,NO DEFECTS,,INJURY AND / OR TOW DUE TO CRASH,Y,,Y,"OVER $1,500",10/31/2019 20:32,FAILING TO YIELD RIGHT-OF-WAY,DISREGARDING OTHER TRAFFIC SIGNS,600,W,ADAMS ST,121,,,,,,,2,INCAPACITATING INJURY,1,0,1,0,0,1,0,20,5,10,41.87938315,-87.64265085,POINT (-87.642650846386 41.879383149462)
a09f22867daefb7137795d29912662a9cfbbb809f71f73809bec3dcc44f532e85f028286ea073129c8d1e9f695467ac9816a9180844246c7040a88edd6311121,JC566680,,12/31/2019 16:02,15,NO CONTROLS,NO CONTROLS,SNOW,DAYLIGHT,ANGLE,ONE-WAY,,STRAIGHT AND LEVEL,SNOW OR SLUSH,NO DEFECTS,,INJURY AND / OR TOW DUE TO CRASH,,,,"$501 - $1,500",12/31/2019 16:07,FOLLOWING TOO CLOSELY,UNABLE TO DETERMINE,2399,N,MOODY AVE,2512,,,,,,,2,NO INDICATION OF INJURY,0,0,0,0,0,2,0,16,3,12,41.92366543,-87.77920677,POINT (-87.779206773556 41.923665425016)
a0a8c219409c47eddf5d91f4be6625edcabc3141073b3d2ae61887b008a39aef32985ac5dd3513ca9cf7622e8557a817a1a8fa858919d4036f842b610c2a6b4b,JC530820,,11/30/2019 14:30,30,NO CONTROLS,NO CONTROLS,CLEAR,DAYLIGHT,PARKED MOTOR VEHICLE,ONE-WAY,,STRAIGHT AND LEVEL,DRY,NO DEFECTS,,NO INJURY / DRIVE AWAY,,,Y,"OVER $1,500",12/1/2019 16:34,IMPROPER BACKING,IMPROPER BACKING,1337,S,MILLARD AVE,1011,,,,,,,2,NO INDICATION OF INJURY,0,0,0,0,0,1,0,14,7,11,41.86328252,-87.7164037,POINT (-87.716403697771 41.863282521325)
a0a965066797f3e97fe618608ae408f899a4e062d19e9d0c2362f2e5200ce3f4cdef02d6d4d73e21824bfc2a891a2e0b44ad237cb559c2ddfc48628cf20b6798,JC526241,,11/26/2019 21:30,30,TRAFFIC SIGNAL,FUNCTIONING PROPERLY,UNKNOWN,UNKNOWN,SIDESWIPE SAME DIRECTION,UNKNOWN,,STRAIGHT AND LEVEL,UNKNOWN,UNKNOWN,,NO INJURY / DRIVE AWAY,,,,"$501 - $1,500",11/27/2019 10:00,IMPROPER LANE USAGE,UNABLE TO DETERMINE,1200,W,HARRISON ST,1231,,,,,,,2,NO INDICATION OF INJURY,0,0,0,0,0,3,0,21,3,11,41.87438864,-87.65695889,POINT (-87.656958888781 41.8743886435)
a0c6011293e5193a0bd0eabd3bbee23e7ee27c589aca62280de8909f5ca498a8508475a21a7916f9f8be51f9b5da9e61d910ad2753b36f478c81b687af948143,JD232170,,5/14/2020 11:15,0,NO CONTROLS,NO CONTROLS,CLEAR,DAYLIGHT,REAR END,DIVIDED - W/MEDIAN (NOT RAISED),,STRAIGHT AND LEVEL,DRY,NO DEFECTS,,NO INJURY / DRIVE AWAY,,,N,"OVER $1,500",5/14/2020 12:30,UNABLE TO DETERMINE,NOT APPLICABLE,47,E,MARQUETTE RD,322,,,,,,,2,NO INDICATION OF INJURY,0,0,0,0,0,2,0,11,5,5,41.77270598,-87.62329247,POINT (-87.623292468664 41.772705984337)
a0e8910c08bb4506893ad02ba80d6e207e91573427baacb14853374cebfda30e56d844f54ee83df24a4f118112c4dcfad762d0b57967f76acd7d7a26dd1197fe,JD234184,,5/16/2020 14:55,30,STOP SIGN/FLASHER,FUNCTIONING PROPERLY,CLEAR,DAYLIGHT,PEDALCYCLIST,FOUR WAY,,STRAIGHT AND LEVEL,DRY,NO DEFECTS,,NO INJURY / DRIVE AWAY,Y,,,"OVER $1,500",5/16/2020 14:56,FAILING TO REDUCE SPEED TO AVOID CRASH,FAILING TO YIELD RIGHT-OF-WAY,5400,N,DAMEN AVE,2012,,,,,,,2,NO INDICATION OF INJURY,0,0,0,0,0,2,0,14,7,5,41.97971275,-87.67966343,POINT (-87.679663433548 41.979712751935)
a12f0dd1f99a40d25315f34d43b0c8b8e0de56ed5b850bc26fb95a0bd24d7618f0a00477c4ccf92012ddd7222498e5aa04a173747b76a42738ef7040c0bec65d,JD107955,Y,1/7/2020 7:00,15,NO CONTROLS,NO CONTROLS,CLEAR,DAYLIGHT,PARKED MOTOR VEHICLE,NOT DIVIDED,,STRAIGHT AND LEVEL,DRY,NO DEFECTS,,NO INJURY / DRIVE AWAY,,,Y,"$501 - $1,500",1/7/2020 21:40,UNABLE TO DETERMINE,UNABLE TO DETERMINE,6328,W,HUNTINGTON ST,1611,,,,,,,2,NO INDICATION OF INJURY,0,0,0,0,0,1,0,7,3,1,41.99311073,-87.78596223,POINT (-87.785962230495 41.993110730538)