CRASH_RECORD_ID,RD_NO,CRASH_DATE_EST_I,CRASH_DATE,POSTED_SPEED_LIMIT,TRAFFIC_CONTROL_DEVICE,DEVICE_CONDITION,WEATHER_CONDITION,LIGHTING_CONDITION,FIRST_CRASH_TYPE,TRAFFICWAY_TYPE,LANE_CNT,ALIGNMENT,ROADWAY_SURFACE_COND,ROAD_DEFECT,REPORT_TYPE,CRASH_TYPE,INTERSECTION_RELATED_I,NOT_RIGHT_OF_WAY_I,HIT_AND_RUN_I,DAMAGE,DATE_POLICE_NOTIFIED,PRIM_CONTRIBUTORY_CAUSE,SEC_CONTRIBUTORY_CAUSE,STREET_NO,STREET_DIRECTION,STREET_NAME,BEAT_OF_OCCURRENCE,PHOTOS_TAKEN_I,STATEMENTS_TAKEN_I,DOORING_I,WORK_ZONE_I,WORK_ZONE_TYPE,WORKERS_PRESENT_I,NUM_UNITS,MOST_SEVERE_INJURY,INJURIES_TOTAL,INJURIES_FATAL,INJURIES_INCAPACITATING,INJURIES_NON_INCAPACITATING,INJURIES_REPORTED_NOT_EVIDENT,INJURIES_NO_INDICATION,INJURIES_UNKNOWN,CRASH_HOUR,CRASH_DAY_OF_WEEK,CRASH_MONTH,LATITUDE,LONGITUDE,LOCATION
a178f7c0c542912dee8d390682e926bd920e505b9d22aa0dfb05b3ee6f2ff43c5c378879762de6ce3117647bf7500f6df816536fd908bb3a96b75ecfd954c4a3,JD164382,,2/25/2020 12:30,35,TRAFFIC SIGNAL,FUNCTIONING PROPERLY,CLOUDY/OVERCAST,DAYLIGHT,REAR TO REAR,NOT DIVIDED,,STRAIGHT AND LEVEL,DRY,NO DEFECTS,,NO INJURY / DRIVE AWAY,,,,"OVER $1,500",2/25/2020 14:11,IMPROPER BACKING,UNABLE TO DETERMINE,136,W,HUBBARD ST,1831,,,,,,,2,NO INDICATION OF INJURY,0,0,0,0,0,2,0,12,3,2,41.89011469,-87.63247738,POINT (-87.632477377664 41.890114693809)
a1b02ae9a2f303b3159386dabf4bfe12ed2e008bfc319c322ea940cbd273c43660a5fc561f5d368a3beeb1f9ab81176761444efb884c880242b0425946ea8737,JC487541,,10/26/2019 18:27,30,STOP SIGN/FLASHER,FUNCTIONING PROPERLY,RAIN,"DARKNESS, LIGHTED ROAD",REAR END,DIVIDED - W/MEDIAN (NOT RAISED),,STRAIGHT AND LEVEL,WET,NO DEFECTS,,NO INJURY / DRIVE AWAY,,,,"OVER $1,500",10/26/2019 18:27,FOLLOWING TOO CLOSELY,WEATHER,1100,W,79TH ST,612,,,,,,,2,NO INDICATION OF INJURY,0,0,0,0,0,3,0,18,7,10,41.75064098,-87.65138036,POINT (-87.651380360984 41.750640976272)
a1fa973e9e6ef344403caad45a22667607003506c4bff9b73034f5d35b5c2abedbe5d9e93dceaff4805767d7d1a541d686ef3b4ed546b6bb13e9a8edfa457011,JD158184,,2/20/2020 0:20,30,TRAFFIC SIGNAL,FUNCTIONING PROPERLY,CLEAR,"DARKNESS, LIGHTED ROAD",TURNING,DIVIDED - W/MEDIAN (NOT RAISED),,STRAIGHT AND LEVEL,DRY,UNKNOWN,,NO INJURY / DRIVE AWAY,N,,Y,"$501 - $1,500",2/20/2020 0:22,FAILING TO REDUCE SPEED TO AVOID CRASH,PHYSICAL CONDITION OF DRIVER,3601,N,AUSTIN AVE,1633,,,,,,,2,NO INDICATION OF INJURY,0,0,0,0,0,2,0,0,5,2,41.94582069,-87.77635827,POINT (-87.776358268731 41.945820686892)
a275d1baacd7809dc5130242db89294daef13262436151f33142c309fa4e3a6500dee1e12d2e034d4ddb4281e60d165c5071f98e7dd03f7e5028ad1eea8ce4b4,JC256175,,5/9/2019 13:00,20,NO CONTROLS,NO CONTROLS,CLEAR,DAYLIGHT,PARKED MOTOR VEHICLE,DIVIDED - W/MEDIAN (NOT RAISED),,STRAIGHT AND LEVEL,DRY,UNKNOWN,,NO INJURY / DRIVE AWAY,,,Y,"$501 - $1,500",5/9/2019 13:30,UNABLE TO DETERMINE,UNABLE TO DETERMINE,6568,N,SHERIDAN RD,2432,,,,,,,2,NO INDICATION OF INJURY,0,0,0,0,0,1,0,13,5,5,42.0020171,-87.66090879,POINT (-87.660908789659 42.00201709856)
a28a46c8c5b86def462d5ad93a85f54109f1dd9856992c6c62cb0968da78da68e3538cb71377b950eb73ceb2e552a7125d297d4ccdbfd87ac2304d1025f56d15,JC546445,,12/14/2019 9:00,30,NO CONTROLS,NO CONTROLS,CLOUDY/OVERCAST,DAYLIGHT,REAR END,NOT DIVIDED,,STRAIGHT AND LEVEL,DRY,NO DEFECTS,,NO INJURY / DRIVE AWAY,,,Y,$500 OR LESS,12/14/2019 9:08,UNABLE TO DETERMINE,UNABLE TO DETERMINE,824,W,47TH ST,925,,,,,,,2,NO INDICATION OF INJURY,0,0,0,0,0,5,0,9,7,12,41.80896419,-87.64656266,POINT (-87.6465626622 41.808964184884)
a38f2f7f5874f902661bc2039b38e0a7f6b24ef381c46ffc28d680f7e9b0138d7d880f220a5720b5cf4190d912ee383c56faa6dbb026d3640d128723ad828308,JD124742,,1/22/2020 15:00,30,TRAFFIC SIGNAL,FUNCTIONING PROPERLY,CLEAR,DAYLIGHT,REAR END,DIVIDED - W/MEDIAN BARRIER,,STRAIGHT AND LEVEL,UNKNOWN,UNKNOWN,,NO INJURY / DRIVE AWAY,,,,"OVER $1,500",1/22/2020 15:35,UNABLE TO DETERMINE,NOT APPLICABLE,10305,S,PULASKI RD,2211,,,,,,,3,NO INDICATION OF INJURY,0,0,0,0,0,3,0,15,4,1,41.70567227,-87.72076226,POINT (-87.720762263037 41.705672271087)
a3948a9e88bc21d8905ea9b26256d597d740ec3595b9e5be6a86f4597d8522780b4b13d87b73cfe070d3efb5224e7c3d35120c59c8a83e26fa25425857e5e94c,JG324504,,7/2/2023 1:00,30,NO CONTROLS,NO CONTROLS,RAIN,"DARKNESS, LIGHTED ROAD",SIDESWIPE SAME DIRECTION,NOT DIVIDED,,STRAIGHT AND LEVEL,WET,UNKNOWN,,NO INJURY / DRIVE AWAY,,,,"OVER $1,500",7/2/2023 4:30,UNABLE TO DETERMINE,NOT APPLICABLE,5120,S,LAKE PARK AVE,234,,,,,,,2,NO INDICATION OF INJURY,0,0,0,0,0,2,0,1,1,7,41.80176745,-87.58781202,POINT (-87.587812016707 41.801767451389)
a3b18fe930716c69aea72de62e088880099dd1ed66bc157294e69be77babaa6ea22933b1ed5b035b7f3ed971a22c346941d0a12c34bc16560d85add676e737a0,JG291089,,6/6/2023 6:45,30,TRAFFIC SIGNAL,FUNCTIONING PROPERLY,CLEAR,DAWN,TURNING,NOT DIVIDED,,STRAIGHT AND LEVEL,UNKNOWN,UNKNOWN,,NO INJURY / DRIVE AWAY,Y,,N,"OVER $1,500",6/6/2023 21:45,FAILING TO YIELD RIGHT-OF-WAY,IMPROPER OVERTAKING/PASSING,2800,N,CICERO AVE,2521,,,,,,,2,NO INDICATION OF INJURY,0,0,0,0,0,2,0,6,3,6,41.93157561,-87.7467433,POINT (-87.746743301136 41.931575608446)
a3de0e4f1c6947258bb3d3562bf1010f09209c0e92ad10c7255c73e493b02dfb56be2fde6e957e2157170284334ae4319e86f73a845125fd0373c21ed89d474f,JC439080,,9/18/2019 19:45,15,STOP SIGN/FLASHER,FUNCTIONING PROPERLY,CLEAR,"DARKNESS, LIGHTED ROAD",SIDESWIPE SAME DIRECTION,ONE-WAY,,STRAIGHT AND LEVEL,DRY,NO DEFECTS,,NO INJURY / DRIVE AWAY,,,,"$501 - $1,500",9/18/2019 20:15,UNABLE TO DETERMINE,NOT APPLICABLE,4004,W,WILCOX ST,1115,,,,,,,2,NO INDICATION OF INJURY,0,0,0,0,0,4,0,19,4,9,41.87897391,-87.72588174,POINT (-87.725881737401 41.878973911386)
a3eb6a025df6f3818045a22962a1ef6962e960bd9bc62a8d77ed7efbbf880875b714c5ee52914b570f81de792f1d337e14b346464ff260ca7fca16864c3c959d,JC556049,,12/22/2019 2:32,25,NO CONTROLS,NO CONTROLS,CLEAR,"DARKNESS, LIGHTED ROAD",PARKED MOTOR VEHICLE,NOT DIVIDED,,STRAIGHT AND LEVEL,DRY,NO DEFECTS,,INJURY AND / OR TOW DUE TO CRASH,,,Y,"OVER $1,500",12/22/2019 2:35,UNABLE TO DETERMINE,UNABLE TO DETERMINE,2356,N,DAMEN AVE,1432,,,,,,,7,NO INDICATION OF INJURY,0,0,0,0,0,1,0,2,1,12,41.92445639,-87.67801393,POINT (-87.678013929472 41.924456393135)
a402e401518035c6ba064b999047c312432abc956fa0afd421e32d5b292aecb99e1db070033d3497104746232a661d6bfb53d704fb361ea5e25dc819b835cea4,JG277364,,5/27/2023 14:18,30,STOP SIGN/FLASHER,FUNCTIONING PROPERLY,CLEAR,DAYLIGHT,REAR END,FOUR WAY,,STRAIGHT AND LEVEL,DRY,NO DEFECTS,,NO INJURY / DRIVE AWAY,,,Y,"OVER $1,500",5/27/2023 14:19,NOT APPLICABLE,NOT APPLICABLE,5101,W,JACKSON BLVD,1533,,,,,,,2,NO INDICATION OF INJURY,0,0,0,0,0,2,0,14,7,5,41.87656745,-87.75349023,POINT (-87.753490224925 41.876567445166)
a420cf79faf59c26ad477c32d217b3f5c53d8cbae47b908298674fa7c7aa77b070954321874c473093743a24c799528f62015bf48477794d6330068bee71d83d,JD175146,,3/5/2020 15:45,25,NO CONTROLS,NO CONTROLS,CLEAR,DAYLIGHT,SIDESWIPE SAME DIRECTION,DIVIDED - W/MEDIAN (NOT RAISED),,STRAIGHT AND LEVEL,DRY,NO DEFECTS,,NO INJURY / DRIVE AWAY,,,N,"$501 - $1,500",3/5/2020 16:01,UNABLE TO DETERMINE,UNABLE TO DETERMINE,3502,W,MADISON ST,1123,,,,,,,2,NO INDICATION OF INJURY,0,0,0,0,0,4,0,15,5,3,41.88099204,-87.71379946,POINT (-87.713799459066 41.880992036752)
a4c884b1046240bc93595c7dc342eb2f958d7ff0384819f14a86c9f1c792cad22743d16ed483a593f257c19a0c5599a49226a2293816634f01c00933af1c1371,JC307324,,6/15/2019 9:59,30,NO CONTROLS,NO CONTROLS,UNKNOWN,DAYLIGHT,FIXED OBJECT,DIVIDED - W/MEDIAN (NOT RAISED),,STRAIGHT AND LEVEL,UNKNOWN,NO DEFECTS,,INJURY AND / OR TOW DUE TO CRASH,,,,"OVER $1,500",6/15/2019 9:59,UNABLE TO DETERMINE,UNABLE TO DETERMINE,2758,S,ASHLAND AVE,912,N,,,,,,1,INCAPACITATING INJURY,1,0,1,0,0,0,0,9,7,6,41.84145152,-87.66597538,POINT (-87.665975381253 41.841451517698)
a535aadf8b880bc9f9ea7694fde93d0ca1fc4e3d702a8a92013d8fd437a33af3bee2bd1831c53d33378a82adc7c7285cb0243ec55c87d22c822b86076b01e04e,JD124837,,1/8/2020 19:00,25,NO CONTROLS,NO CONTROLS,CLEAR,"DARKNESS, LIGHTED ROAD",SIDESWIPE SAME DIRECTION,NOT DIVIDED,,STRAIGHT AND LEVEL,DRY,NO DEFECTS,,NO INJURY / DRIVE AWAY,,,,"$501 - $1,500",1/22/2020 16:00,IMPROPER OVERTAKING/PASSING,UNABLE TO DETERMINE,6547,N,SHERIDAN RD,2432,,,,,,,2,NO INDICATION OF INJURY,0,0,0,0,0,2,0,19,4,1,42.00148861,-87.66059697,POINT (-87.660596965142 42.001488608484)
a539898ebcd1cbd845d727cb28b8d6cd159a94c997ca1a2c684dc87b8408c5bf9d8344257d246da937922d3d9304433ce8d648c4131df32e23bee9ea3e755c9a,JC429513,,9/11/2019 20:15,30,TRAFFIC SIGNAL,FUNCTIONING PROPERLY,CLEAR,"DARKNESS, LIGHTED ROAD",TURNING,DIVIDED - W/MEDIAN BARRIER,,STRAIGHT AND LEVEL,DRY,UNKNOWN,,INJURY AND / OR TOW DUE TO CRASH,Y,,Y,"OVER $1,500",9/11/2019 20:17,UNABLE TO DETERMINE,UNABLE TO DETERMINE,200,N,GARVEY CT,111,,,,,,,2,NONINCAPACITATING INJURY,1,0,0,1,0,2,0,20,4,9,41.88579484,-87.6303393,POINT (-87.630339298169 41.885794838825)
a53d3482fea362a231264672899f78dd4efbbbf9a3f395a2ffcd8472090cfb0594f7769d1999a4a2c191aa336638434c512a170be43255d3c6b75bb2441472fd,JC402666,,8/22/2019 13:02,30,NO CONTROLS,NO CONTROLS,CLEAR,DAYLIGHT,PARKED MOTOR VEHICLE,NOT DIVIDED,,STRAIGHT AND LEVEL,DRY,NO DEFECTS,,NO INJURY / DRIVE AWAY,,,,$500 OR LESS,8/22/2019 13:15,IMPROPER BACKING,UNABLE TO DETERMINE,302,N,PULASKI RD,1114,,,,,,,2,NO INDICATION OF INJURY,0,0,0,0,0,1,0,13,5,8,41.88553355,-87.72595291,POINT (-87.725952906768 41.885533551021)
a53e645e421506903fffab700e4aec84898100ff00665d82779b7c70cb73e81af03bb8b85238edc7df9c907abf3e1fd9165e52a3f54d962f6914404097ae4976,JC519616,,11/21/2019 20:45,40,NO CONTROLS,NO CONTROLS,CLEAR,"DARKNESS, LIGHTED ROAD",PEDESTRIAN,DIVIDED - W/MEDIAN (NOT RAISED),,STRAIGHT AND LEVEL,DRY,UNKNOWN,,INJURY AND / OR TOW DUE TO CRASH,,,,"OVER $1,500",11/21/2019 20:46,UNABLE TO DETERMINE,NOT APPLICABLE,4600,N,LAKE SHORE DR SB,1914,Y,Y,,,,,2,FATAL,2,1,0,1,0,0,0,20,5,11,41.96571849,-87.64747666,POINT (-87.647476655051 41.965718487888)
a5405da7fc3deb01470a9cc09e5337fa7f2908427053c01f144bad36579d7050f95d7036c52f20c252e62fe9b8d6fa286bce68039df2cd1f1b1848b57f42de76,JD127716,,1/23/2020 19:58,30,NO CONTROLS,NO CONTROLS,UNKNOWN,"DARKNESS, LIGHTED ROAD",PARKED MOTOR VEHICLE,ONE-WAY,,STRAIGHT AND LEVEL,UNKNOWN,NO DEFECTS,,NO INJURY / DRIVE AWAY,Y,,Y,"$501 - $1,500",1/24/2020 23:10,DRIVING SKILLS/KNOWLEDGE/EXPERIENCE,IMPROPER TURNING/NO SIGNAL,5515,S,RUTHERFORD AVE,811,Y,,,,,,2,NO INDICATION OF INJURY,0,0,0,0,0,1,0,19,5,1,41.7916855,-87.79018846,POINT (-87.790188461217 41.791685497073)
a5589e5f55bb72034e0c72b3132d2d899dbdb19bf07a5c9f7955e4e623a201285babb9b5260e4f66f1dba2ed7d7bafd201a1f54cb491f5c5b47dd1660532b5a1,JD120178,,1/18/2020 11:50,30,TRAFFIC SIGNAL,FUNCTIONING PROPERLY,RAIN,DAYLIGHT,REAR END,NOT DIVIDED,,STRAIGHT AND LEVEL,WET,NO DEFECTS,,INJURY AND / OR TOW DUE TO CRASH,,,,"OVER $1,500",1/18/2020 11:53,FOLLOWING TOO CLOSELY,UNABLE TO DETERMINE,4359,N,CLARK ST,1915,,,,,,,2,"REPORTED, NOT EVIDENT",1,0,0,0,1,3,0,11,7,1,41.96161243,-87.6657964,POINT (-87.665796397022 41.961612433296)
a5b26cf0024aa8dd6432da071a68e129a6a2e9251884d958206933c528c7f6d416f1b11c8f632cbf4bf623ec096c4c8fa455e1639a2ea9d938258b505403ea9f,JC531166,,12/1/2019 20:30,30,TRAFFIC SIGNAL,FUNCTIONING PROPERLY,CLEAR,"DARKNESS, LIGHTED ROAD",SIDESWIPE SAME DIRECTION,NOT DIVIDED,,STRAIGHT AND LEVEL,DRY,NO DEFECTS,,NO INJURY / DRIVE AWAY,,,N,"OVER $1,500",12/1/2019 22:40,IMPROPER OVERTAKING/PASSING,NOT APPLICABLE,2600,N,AUSTIN AVE,2512,,,,,,,2,NO INDICATION OF INJURY,0,0,0,0,0,3,0,20,1,12,41.92750383,-87.77598905,POINT (-87.775989049051 41.927503830282)
a5c03b9289e23d3512154671cf6d00c01e52c863c468d62bafb129ec6c88ec8cf096cb22b15f3dce82893f53de8dbb5f36908bb0c56f3fe2b0c5f2eace0e90ae,JC343007,,7/10/2019 14:49,10,NO CONTROLS,NO CONTROLS,CLEAR,DAYLIGHT,PARKED MOTOR VEHICLE,PARKING LOT,,STRAIGHT AND LEVEL,UNKNOWN,UNKNOWN,,NO INJURY / DRIVE AWAY,,,Y,$500 OR LESS,7/10/2019 16:45,UNABLE TO DETERMINE,UNABLE TO DETERMINE,3300,N,ASHLAND AVE,1922,,,,,,,2,NO INDICATION OF INJURY,0,0,0,0,0,1,0,14,4,7,41.94156586,-87.6688604,POINT (-87.668860402909 41.941565857782)
a5d7fac2d8cf78af46e781221f71cae143a27f0f01e67992c1660aa506e28ab131e95e0b8061bff9cd497f712444e24b135177e1c80d0204a35577c1072ba0bc,JG322308,,6/30/2023 13:00,20,STOP SIGN/FLASHER,FUNCTIONING PROPERLY,CLEAR,DAYLIGHT,ANGLE,FOUR WAY,,STRAIGHT AND LEVEL,DRY,NO DEFECTS,,INJURY AND / OR TOW DUE TO CRASH,,,,"OVER $1,500",6/30/2023 14:20,UNABLE TO DETERMINE,UNABLE TO DETERMINE,6300,S,VERNON AVE,312,,,,,,,2,NO INDICATION OF INJURY,0,0,0,0,0,2,0,13,6,6,41.78016804,-87.61455593,POINT (-87.614555929706 41.780168042655)
a5f2a3cc98f21e0d30c971e749d7c35dab05b5270605c62e57406abc1b9f8be8248d526e46de4e42691f73b7fc902cfbf3bc4c2192da2f68bf3ab22964a44ab8,JD119448,,1/17/2020 17:20,30,NO CONTROLS,NO CONTROLS,SNOW,"DARKNESS, LIGHTED ROAD",REAR END,NOT DIVIDED,,STRAIGHT AND LEVEL,SNOW OR SLUSH,NO DEFECTS,,INJURY AND / OR TOW DUE TO CRASH,,,,$500 OR LESS,1/17/2020 17:21,FAILING TO REDUCE SPEED TO AVOID CRASH,WEATHER,703,N,SACRAMENTO BLVD,1221,,,,,,,2,NONINCAPACITATING INJURY,1,0,0,1,0,2,0,17,6,1,41.89385562,-87.70200569,POINT (-87.702005687126 41.893855617274)
a5f4b6ed105b9bd46a9fca5e1b099516852edbf6dcd1b496f242a3d68c3c17840bb10a0e8445cb5e11c09c26cc8530cff2ffb36d00ad35dcab024aae88364ba3,JF285994,,6/19/2022 10:30,30,TRAFFIC SIGNAL,FUNCTIONING PROPERLY,CLEAR,DAYLIGHT,REAR END,NOT DIVIDED,,STRAIGHT AND LEVEL,DRY,NO DEFECTS,,NO INJURY / DRIVE AWAY,,,Y,"OVER $1,500",6/19/2022 15:20,UNABLE TO DETERMINE,NOT APPLICABLE,5758,W,DIVISION ST,2531,,,,,,,2,NO INDICATION OF INJURY,0,0,0,0,0,2,0,10,1,6,41.90218192,-87.770451,POINT (-87.770450998386 41.902181916713)
a636709cdc8070b9b03bb9a0d83669107fc0febaba2c1d67eb0a399318ba9872aebc595e38584998dc65adafb1d5f606d1b4c0ee78606a28afb425598a4d1079,JG295679,,6/10/2023 0:00,30,NO CONTROLS,NO CONTROLS,CLEAR,"DARKNESS, LIGHTED ROAD",PARKED MOTOR VEHICLE,DIVIDED - W/MEDIAN (NOT RAISED),,STRAIGHT AND LEVEL,DRY,NO DEFECTS,,NO INJURY / DRIVE AWAY,,,,"OVER $1,500",6/10/2023 13:30,UNABLE TO DETERMINE,UNABLE TO DETERMINE,3801,W,HARRISON ST,1133,,,,,,,2,NO INDICATION OF INJURY,0,0,0,0,0,1,0,0,7,6,41.87340465,-87.72039963,POINT (-87.720399628297 41.873404645345)
a63725aed49a519de880c8fc09b600d2baf35f97f4aa994b9113619c640aac12d3094a6e3802bcea690c2fba9838d8211913d8df3142cbaff1d7fca371a8d286,JG332197,Y,7/8/2023 0:40,30,TRAFFIC SIGNAL,FUNCTIONING PROPERLY,RAIN,"DARKNESS, LIGHTED ROAD",TURNING,"FIVE POINT, OR MORE",,STRAIGHT AND LEVEL,WET,NO DEFECTS,,INJURY AND / OR TOW DUE TO CRASH,Y,,Y,"OVER $1,500",7/8/2023 0:41,"OPERATING VEHICLE IN ERRATIC, RECKLESS, CARELESS, NEGLIGENT OR AGGRESSIVE MANNER",FAILING TO REDUCE SPEED TO AVOID CRASH,1735,S,BLUE ISLAND AVE,1233,,,,,,,2,NO INDICATION OF INJURY,0,0,0,0,0,2,0,0,7,7,41.8579119,-87.66094945,POINT (-87.660949450457 41.857911899359)
a64caa23dd6a644764dde937752eaf8dbc997881d97da3efcf19278d934c6a4c3f81435af2d239ccd4c2d7e48f2a6a6d0612833d042bd0692fb12d0c7fdfdd0c,JC366738,,7/27/2019 11:45,15,NO CONTROLS,NO CONTROLS,CLEAR,DAYLIGHT,PARKED MOTOR VEHICLE,ONE-WAY,,STRAIGHT AND LEVEL,DRY,NO DEFECTS,,NO INJURY / DRIVE AWAY,,,Y,$500 OR LESS,7/27/2019 11:49,UNABLE TO DETERMINE,NOT APPLICABLE,11311,S,AVENUE J,433,,,,,,,2,NO INDICATION OF INJURY,0,0,0,0,0,1,0,11,7,7,41.6896503,-87.53392991,POINT (-87.533929908912 41.689650294513)
a670332d89267ddd4f6f72d570d27dd38802a0ff01659f49274323e2fe10a5bc302fae83b6d6229aaabfb620ebc29d00bac1d8bdeb67892e38c1fba35e05a38f,JB540744,,12/5/2018 6:55,30,TRAFFIC SIGNAL,FUNCTIONING PROPERLY,CLEAR,DAYLIGHT,TURNING,NOT DIVIDED,,STRAIGHT AND LEVEL,DRY,DEBRIS ON ROADWAY,,INJURY AND / OR TOW DUE TO CRASH,,,,"OVER $1,500",12/5/2018 7:03,FAILING TO YIELD RIGHT-OF-WAY,NOT APPLICABLE,1200,N,CENTRAL PARK AVE,2535,,,,,,,2,NO INDICATION OF INJURY,0,0,0,0,0,4,0,6,4,12,41.90284281,-87.71671138,POINT (-87.716711376801 41.902842810544)
a6e3d7b8176d22fa6bbfe7564fbc26f485ab36a2cf78661287f8ff3aef308e6be0667dcb3d34f812ab9fef7661283eb0b8cfa42193c37d85b1beada717e445ca,JD150737,,2/13/2020 16:45,30,STOP SIGN/FLASHER,FUNCTIONING PROPERLY,CLEAR,DUSK,REAR END,ONE-WAY,,STRAIGHT AND LEVEL,ICE,NO DEFECTS,,NO INJURY / DRIVE AWAY,Y,,,"$501 - $1,500",2/13/2020 16:49,ROAD ENGINEERING/SURFACE/MARKING DEFECTS,UNABLE TO DETERMINE,4058,W,28TH ST,1031,,,,,,,2,NO INDICATION OF INJURY,0,0,0,0,0,2,0,16,5,2,41.84064535,-87.72682542,POINT (-87.7268254202 41.840645351493)
a736767eac48b46f7ff9eea9f13c0f244a6a10b2d28bc125b11578ee8bbe0b0f94d25a7cad15c69362f87933f6797182d99ad54bc4c5b1698efbffd3a1735d5f,JG308994,,6/20/2023 18:23,30,NO CONTROLS,NO CONTROLS,CLEAR,DAYLIGHT,PEDESTRIAN,NOT DIVIDED,,STRAIGHT AND LEVEL,DRY,NO DEFECTS,,INJURY AND / OR TOW DUE TO CRASH,,,Y,"OVER $1,500",6/20/2023 18:23,FAILING TO YIELD RIGHT-OF-WAY,FAILING TO REDUCE SPEED TO AVOID CRASH,328,W,35TH ST,915,,,,,,,5,INCAPACITATING INJURY,7,0,2,2,3,1,0,18,3,6,41.83100594,-87.63509305,POINT (-87.635093046922 41.831005941898)
a78a6c4e0d49949ad9c95c184c28f42533302fba70c4fc6d360ab1c18f41632267c394e85d33c95bad895161e88d5618f3ed67ee5e1fabc8a4c8ac1706527b78,JD126241,,1/23/2020 18:00,30,NO CONTROLS,NO CONTROLS,CLEAR,"DARKNESS, LIGHTED ROAD",SIDESWIPE SAME DIRECTION,ONE-WAY,,STRAIGHT AND LEVEL,WET,NO DEFECTS,,NO INJURY / DRIVE AWAY,,,Y,$500 OR LESS,1/23/2020 18:00,FAILING TO YIELD RIGHT-OF-WAY,UNABLE TO DETERMINE,5404,S,WELLS ST,935,,,,,,,2,NO INDICATION OF INJURY,0,0,0,0,0,2,0,18,5,1,41.7960977,-87.63201391,POINT (-87.632013912028 41.796097699557)
a7b17903d5078a04317d7d70f525ce33cfe0eb5f88043d8539dcfa94b5cec6716f2e7994a2f5950e399f93e124544c1e17234bad6ae775bf61524d92e5502573,JG285642,,6/2/2023 18:36,30,TRAFFIC SIGNAL,FUNCTIONING PROPERLY,CLEAR,DAYLIGHT,TURNING,FOUR WAY,,STRAIGHT AND LEVEL,DRY,NO DEFECTS,,NO INJURY / DRIVE AWAY,,,,"OVER $1,500",6/2/2023 18:56,TURNING RIGHT ON RED,NOT APPLICABLE,6000,S,WOODLAWN AVE,235,,,,,,,2,NO INDICATION OF INJURY,0,0,0,0,0,2,0,18,6,6,41.78591928,-87.59647664,POINT (-87.596476641971 41.785919281878)
a7b87ca8ddaeb1f46f922f01e81ab6b0f809b491cf9e9aa08bfb835ac6215dbb7cee1cc77625e4b7275011d013eb8c6fb415dd6a0151983f3bc80f0accc89f63,JD234116,,5/16/2020 13:20,30,NO CONTROLS,NO CONTROLS,CLEAR,DAYLIGHT,PARKED MOTOR VEHICLE,NOT DIVIDED,,STRAIGHT AND LEVEL,DRY,NO DEFECTS,,NO INJURY / DRIVE AWAY,,,Y,"OVER $1,500",5/16/2020 13:33,UNABLE TO DETERMINE,UNABLE TO DETERMINE,11256,S,LANGLEY AVE,531,,,,,,,2,NO INDICATION OF INJURY,0,0,0,0,0,2,0,13,7,5,41.68957366,-87.60607854,POINT (-87.606078536029 41.689573662198)
a7dfa0b50c70a322f05d860eec41e67c8740122acdf97f28ade64a5cd65689e5bccc6b4c3b4784a6b626098bbfe8d9f47fc8b587d5611147fbf22c215da09a6f,JC444705,Y,9/23/2019 6:30,30,NO CONTROLS,NO CONTROLS,CLEAR,DAWN,SIDESWIPE SAME DIRECTION,DIVIDED - W/MEDIAN (NOT RAISED),,STRAIGHT AND LEVEL,DRY,NO DEFECTS,,NO INJURY / DRIVE AWAY,,,N,"OVER $1,500",9/23/2019 8:10,UNABLE TO DETERMINE,UNABLE TO DETERMINE,2801,S,WESTERN AVE,1034,,,,,,,2,NO INDICATION OF INJURY,0,0,0,0,0,2,0,6,2,9,41.84111499,-87.68513204,POINT (-87.685132034759 41.841114991692)
a7fea7fa760aff9c1a65a03e16b0477bbb44fe9d01721808a08a478d4b41867570d0e33ffe8f2cdfa63524236c77417df6830fbaf1c38726d2c1696063bfd40f,JC374130,,8/1/2019 11:45,30,NO CONTROLS,NO CONTROLS,CLEAR,DAYLIGHT,PARKED MOTOR VEHICLE,PARKING LOT,,STRAIGHT AND LEVEL,DRY,NO DEFECTS,,NO INJURY / DRIVE AWAY,,,Y,"$501 - $1,500",8/1/2019 16:25,UNABLE TO DETERMINE,UNABLE TO DETERMINE,431,N,AUSTIN BLVD,1512,,,,,,,2,NO INDICATION OF INJURY,0,0,0,0,0,1,0,11,5,8,41.88799311,-87.77476283,POINT (-87.774762831621 41.887993114473)
a830b3e8408ff26cfac46d467ffe929267ee25e30ede53ed9055395b7e5ae1c8bd3e7602597b002ff5f35261ba7904f701657d028bb8f54589295021a9aa6e82,JG289972,,6/6/2023 7:25,30,TRAFFIC SIGNAL,UNKNOWN,CLEAR,DAYLIGHT,TURNING,NOT DIVIDED,,STRAIGHT AND LEVEL,DRY,NO DEFECTS,,INJURY AND / OR TOW DUE TO CRASH,,,,"OVER $1,500",6/6/2023 7:46,FAILING TO REDUCE SPEED TO AVOID CRASH,IMPROPER TURNING/NO SIGNAL,2801,N,CICERO AVE,2521,,,,,,,2,"REPORTED, NOT EVIDENT",2,0,0,0,2,2,0,7,3,6,41.93158187,-87.74644942,POINT (-87.746449423833 41.931581871266)