CRASH_RECORD_ID,RD_NO,CRASH_DATE_EST_I,CRASH_DATE,POSTED_SPEED_LIMIT,TRAFFIC_CONTROL_DEVICE,DEVICE_CONDITION,WEATHER_CONDITION,LIGHTING_CONDITION,FIRST_CRASH_TYPE,TRAFFICWAY_TYPE,LANE_CNT,ALIGNMENT,ROADWAY_SURFACE_COND,ROAD_DEFECT,REPORT_TYPE,CRASH_TYPE,INTERSECTION_RELATED_I,NOT_RIGHT_OF_WAY_I,HIT_AND_RUN_I,DAMAGE,DATE_POLICE_NOTIFIED,PRIM_CONTRIBUTORY_CAUSE,SEC_CONTRIBUTORY_CAUSE,STREET_NO,STREET_DIRECTION,STREET_NAME,BEAT_OF_OCCURRENCE,PHOTOS_TAKEN_I,STATEMENTS_TAKEN_I,DOORING_I,WORK_ZONE_I,WORK_ZONE_TYPE,WORKERS_PRESENT_I,NUM_UNITS,MOST_SEVERE_INJURY,INJURIES_TOTAL,INJURIES_FATAL,INJURIES_INCAPACITATING,INJURIES_NON_INCAPACITATING,INJURIES_REPORTED_NOT_EVIDENT,INJURIES_NO_INDICATION,INJURIES_UNKNOWN,CRASH_HOUR,CRASH_DAY_OF_WEEK,CRASH_MONTH,LATITUDE,LONGITUDE,LOCATION
a8b3f3a6edbf05c3c41215acab414180f00289a3aa453286e844509acd8345a55674502d5a014a49fb16997223d06373c8b06f9452ac92e8d6d15ef7402f3878,JC430200,,9/12/2019 12:55,30,TRAFFIC SIGNAL,FUNCTIONING PROPERLY,CLEAR,DAYLIGHT,SIDESWIPE SAME DIRECTION,ONE-WAY,,STRAIGHT AND LEVEL,DRY,NO DEFECTS,,NO INJURY / DRIVE AWAY,,,,"$501 - $1,500",9/12/2019 13:15,IMPROPER LANE USAGE,IMPROPER LANE USAGE,1,W,OHIO ST,1831,,,,,,,2,NO INDICATION OF INJURY,0,0,0,0,0,2,0,12,5,9,41.89235808,-87.62816807,POINT (-87.62816806925 41.892358081866)
a8f09a11ec33a17e1358403e62b6e2234a716aa68a1f4508642c96d54d4d807846d10cf3f2e4dae2c012104a4a357b38b993f165c52dd1a95148ffb99ec39eae,JD171042,Y,3/2/2020 8:30,30,STOP SIGN/FLASHER,FUNCTIONING PROPERLY,CLEAR,DAYLIGHT,ANGLE,OTHER,,STRAIGHT AND LEVEL,DRY,NO DEFECTS,,NO INJURY / DRIVE AWAY,N,,,"OVER $1,500",3/2/2020 8:36,UNABLE TO DETERMINE,NOT APPLICABLE,4949,N,FRANCISCO AVE,2031,,,,,,,2,NO INDICATION OF INJURY,0,0,0,0,0,2,0,8,2,3,41.97208761,-87.70110212,POINT (-87.701102117111 41.972087610743)
a958d7ee0e400bc18558a05a11b805b1ec52e94f3e356c29bf1da0c048ed6fca962809dd80da6209e5199d2d30f5a021736b610f428fb05e5268ab3fd8f16d00,JG285981,,6/3/2023 1:59,25,NO CONTROLS,NO CONTROLS,CLEAR,DARKNESS,SIDESWIPE SAME DIRECTION,ONE-WAY,,STRAIGHT AND LEVEL,DRY,NO DEFECTS,,INJURY AND / OR TOW DUE TO CRASH,,,Y,"OVER $1,500",6/3/2023 2:09,UNABLE TO DETERMINE,NOT APPLICABLE,3636,N,PITTSBURGH AVE,1631,,,,,,,3,NO INDICATION OF INJURY,0,0,0,0,0,4,0,1,7,6,41.94596109,-87.83294247,POINT (-87.832942473496 41.945961094472)
a99f88dbbddf7be675b06da503908ec51a5f056f155275506b6d1a74948485712f333364fa606ee6289c6301e10a33411b9ecbddc4df9396ddef2bfaee7041e5,JG300882,,6/14/2023 13:25,30,NO CONTROLS,NO CONTROLS,CLEAR,DAYLIGHT,SIDESWIPE SAME DIRECTION,NOT DIVIDED,,STRAIGHT AND LEVEL,DRY,NO DEFECTS,,NO INJURY / DRIVE AWAY,,,,"OVER $1,500",6/14/2023 14:26,IMPROPER LANE USAGE,IMPROPER LANE USAGE,7633,S,PULASKI RD,833,,,,,,,2,NO INDICATION OF INJURY,0,0,0,0,0,2,0,13,4,6,41.75403747,-87.72194686,POINT (-87.721946855032 41.754037470088)
a9a04caf06d2354f3f026538c14b4f78be240ce5ac1a300e661529fa1431f7c3955c27b5183962e7b272abbd426fab20db96846cf8942ae4924e6bff8b13c7e4,JG259441,Y,5/13/2023 17:23,30,NO CONTROLS,NO CONTROLS,CLEAR,DAYLIGHT,SIDESWIPE OPPOSITE DIRECTION,NOT DIVIDED,,STRAIGHT AND LEVEL,UNKNOWN,UNKNOWN,,INJURY AND / OR TOW DUE TO CRASH,,,Y,"OVER $1,500",5/13/2023 17:50,UNABLE TO DETERMINE,UNABLE TO DETERMINE,320,N,CICERO AVE,1532,,,,,,,2,NONINCAPACITATING INJURY,1,0,0,1,0,1,0,17,7,5,41.88594022,-87.74562414,POINT (-87.745624135135 41.885940220994)
791753f3087c1a596085527789bc7dc51742e8a839fd2fe9e2345d4876491099d82a2ade6ea5aaaa93a3f01a6484e146abce4d98e1138490ae21f8d163672e73,JF236735,,5/10/2022 11:00,30,NO CONTROLS,NO CONTROLS,CLEAR,DAYLIGHT,SIDESWIPE SAME DIRECTION,OTHER,,STRAIGHT AND LEVEL,DRY,NO DEFECTS,NOT ON SCENE (DESK REPORT),NO INJURY / DRIVE AWAY,,,,"OVER $1,500",5/10/2022 11:20,FAILING TO YIELD RIGHT-OF-WAY,NOT APPLICABLE,2801,W,OGDEN SD,1022,,,,,,,2,NO INDICATION OF INJURY,0,0,0,0,0,3,0,11,3,5,,,
a9b1bb650ccd7d5b17fcd438d723c63b990cf3173781b3f4b3b6f2652cb4c76e9d41f59ace82eaddb38b68710d4574183b55044cf1d1441c5720e1a101fd12e3,JG327768,,7/4/2023 20:30,30,NO CONTROLS,NO CONTROLS,CLEAR,DUSK,REAR END,DIVIDED - W/MEDIAN BARRIER,,STRAIGHT AND LEVEL,DRY,UNKNOWN,,NO INJURY / DRIVE AWAY,,,Y,"OVER $1,500",7/4/2023 20:37,UNABLE TO DETERMINE,UNABLE TO DETERMINE,9400,S,STONY ISLAND AVE,413,,,,,,,4,NO INDICATION OF INJURY,0,0,0,0,0,5,0,20,3,7,41.72407478,-87.58530323,POINT (-87.585303232497 41.724074783765)
a9bbdb526397e66da4c0f889362d0749748dde077c85db7964e0b0578099ca51b5ae60264baa17ab1f5c7e83949396e6e06217c7fbcf91dc8639ad342fa18d31,JC529513,,11/30/2019 13:17,30,TRAFFIC SIGNAL,FUNCTIONING PROPERLY,RAIN,DAYLIGHT,REAR END,DIVIDED - W/MEDIAN (NOT RAISED),,STRAIGHT AND LEVEL,WET,UNKNOWN,,INJURY AND / OR TOW DUE TO CRASH,Y,,,"OVER $1,500",11/30/2019 13:19,FOLLOWING TOO CLOSELY,FOLLOWING TOO CLOSELY,1037,W,SHERIDAN RD,2433,,,,,,,2,NONINCAPACITATING INJURY,1,0,0,1,0,5,0,13,7,11,41.99811674,-87.65713969,POINT (-87.657139690104 41.99811673868)
a9d637e84b0285a6339fdae78490534a8632c9716e13afe114f25ef81076110bb5db86ac4e8841bec17e09519c8a8124409c75751a07396bd7a9776a8e4f9402,JC527635,,11/28/2019 12:45,30,TRAFFIC SIGNAL,FUNCTIONING PROPERLY,CLEAR,DAYLIGHT,SIDESWIPE SAME DIRECTION,NOT DIVIDED,,STRAIGHT AND LEVEL,DRY,NO DEFECTS,,NO INJURY / DRIVE AWAY,Y,,,"OVER $1,500",11/28/2019 13:07,FAILING TO YIELD RIGHT-OF-WAY,IMPROPER OVERTAKING/PASSING,2600,N,LINCOLN AVE,1932,Y,,,,,,2,NO INDICATION OF INJURY,0,0,0,0,0,4,0,12,5,11,41.92897165,-87.65390176,POINT (-87.653901756801 41.92897165072)
a9da5716d072c83c561de52fddbbe4b74f1bc973a3169eae004a3d3cb8fe08a138379e6c75cd8cc8b14039b34f872cbf61d09911b3ff05f52dca47b3faf1517b,JC493895,,10/31/2019 21:13,30,NO CONTROLS,UNKNOWN,SNOW,"DARKNESS, LIGHTED ROAD",SIDESWIPE OPPOSITE DIRECTION,DIVIDED - W/MEDIAN (NOT RAISED),,STRAIGHT AND LEVEL,ICE,UNKNOWN,,INJURY AND / OR TOW DUE TO CRASH,N,,Y,"OVER $1,500",10/31/2019 21:35,WEATHER,NOT APPLICABLE,9700,S,STATE ST,511,,,,,,,3,NO INDICATION OF INJURY,0,0,0,0,0,4,0,21,5,10,41.71793687,-87.62330373,POINT (-87.623303733129 41.71793686845)
aa6efa778d16ae5730ae49935222fcb3866aa535f07d4c4e6a75dec52d2a954bb0338f7cd3b271da14219edfb288bf2f30b44e378a74e9e511d5510ec6e7fccf,JD177853,,3/7/2020 21:32,30,NO CONTROLS,NO CONTROLS,CLEAR,"DARKNESS, LIGHTED ROAD",TURNING,FOUR WAY,,STRAIGHT AND LEVEL,DRY,NO DEFECTS,,NO INJURY / DRIVE AWAY,,,,"$501 - $1,500",3/7/2020 22:00,UNABLE TO DETERMINE,NOT APPLICABLE,4741,W,CHICAGO AVE,1111,,,,,,,2,NO INDICATION OF INJURY,0,0,0,0,0,2,0,21,7,3,41.8949047,-87.74515692,POINT (-87.745156922067 41.894904702288)
aaa334f3be391109cdd3571ec6f9309b4f874a2b8dc8f09471b8912fdb824ec72716986e607ad3b1347bcf233e032871ebeb88e001ff81e89201a8d24f5a0f9a,JC428751,Y,9/7/2019 19:40,20,STOP SIGN/FLASHER,NO CONTROLS,CLEAR,DUSK,SIDESWIPE SAME DIRECTION,NOT DIVIDED,,STRAIGHT AND LEVEL,DRY,NO DEFECTS,,INJURY AND / OR TOW DUE TO CRASH,,,Y,"OVER $1,500",9/11/2019 11:30,UNABLE TO DETERMINE,UNABLE TO DETERMINE,1232,W,ROSEMONT AVE,2433,,,,,,,2,NONINCAPACITATING INJURY,1,0,0,1,0,1,0,19,7,9,41.99647254,-87.66188238,POINT (-87.661882383786 41.9964725402)
aad234b364c6500404851bf2286053b811a85c04131b13d740bb99e56eabcd5064da2211c3a5d00eaaabda593a2a4b8befa7e8d17eb50ace17e0acdb84ae4e49,JC553090,,12/13/2019 17:30,30,NO CONTROLS,NO CONTROLS,CLEAR,"DARKNESS, LIGHTED ROAD",PARKED MOTOR VEHICLE,NOT DIVIDED,,STRAIGHT AND LEVEL,UNKNOWN,UNKNOWN,,NO INJURY / DRIVE AWAY,,,,"OVER $1,500",12/19/2019 18:18,UNABLE TO DETERMINE,NOT APPLICABLE,3329,S,LITUANICA AVE,913,,,,,,,2,NO INDICATION OF INJURY,0,0,0,0,0,1,0,17,6,12,41.83385512,-87.64845843,POINT (-87.648458425766 41.833855118488)
ab0fb2267df8cdbe4b65de6c7e0304b87fb86d86a1833728f389ee657316515491f12cfbb9c764f8169ce161bfd78814bcf414578ce765b34f9e25c366b12ac4,JD201690,,4/4/2020 3:54,20,NO CONTROLS,NO CONTROLS,RAIN,DARKNESS,PARKED MOTOR VEHICLE,NOT DIVIDED,,STRAIGHT AND LEVEL,WET,NO DEFECTS,,INJURY AND / OR TOW DUE TO CRASH,,,Y,"OVER $1,500",4/4/2020 4:12,FAILING TO REDUCE SPEED TO AVOID CRASH,NOT APPLICABLE,1409,S,KEELER AVE,1011,,,,,,,2,NO INDICATION OF INJURY,0,0,0,0,0,2,0,3,7,4,41.86213575,-87.72979549,POINT (-87.729795491733 41.862135750742)
aba4747fdec705d90ccfc75b029578ae70227f393f0ab5d427fcfd5fed8a7a74b457bdd18b174f346a18180512a8f9b9db02ad6e59a8ea174b327b27ea177437,JC523821,,11/25/2019 11:15,30,TRAFFIC SIGNAL,FUNCTIONING PROPERLY,CLEAR,DAYLIGHT,TURNING,ONE-WAY,,STRAIGHT AND LEVEL,DRY,NO DEFECTS,,NO INJURY / DRIVE AWAY,Y,,Y,"OVER $1,500",11/25/2019 11:31,IMPROPER TURNING/NO SIGNAL,NOT APPLICABLE,647,W,WASHINGTON BLVD,121,,,,,,,2,NO INDICATION OF INJURY,0,0,0,0,0,2,0,11,2,11,41.88305385,-87.64449942,POINT (-87.644499419069 41.883053847345)
ac12ce10743e98edaef7e20e65a6df8d77a5ba83422e0e3a7ce0b38be8039d8ab9de640c14a9ae8982f7c0fb6ee841aa7e810ae53871760b18197518fe565865,JD234182,,5/16/2020 15:11,30,NO CONTROLS,NO CONTROLS,CLEAR,DAYLIGHT,REAR END,NOT DIVIDED,,STRAIGHT AND LEVEL,DRY,NO DEFECTS,,NO INJURY / DRIVE AWAY,,,Y,"OVER $1,500",5/16/2020 15:13,FAILING TO REDUCE SPEED TO AVOID CRASH,NOT APPLICABLE,709,N,CENTRAL AVE,1524,,,,,,,2,NO INDICATION OF INJURY,0,0,0,0,0,2,0,15,7,5,41.89325708,-87.76518601,POINT (-87.765186011026 41.893257082735)
ac2010fba2499876190ac22984fc51e6fa5922281350eb94e478275bfd48893409cb7313f1391fc96d6b43fed40db46eb66158c639dda4741ed994363e7bfc23,JC202731,,3/28/2019 11:45,30,NO CONTROLS,NO CONTROLS,CLEAR,DAYLIGHT,REAR END,DIVIDED - W/MEDIAN (NOT RAISED),2,STRAIGHT AND LEVEL,DRY,NO DEFECTS,,NO INJURY / DRIVE AWAY,,,Y,"$501 - $1,500",3/28/2019 12:00,UNABLE TO DETERMINE,UNABLE TO DETERMINE,4458,W,55TH ST,815,,,,,,,2,NO INDICATION OF INJURY,0,0,0,0,0,2,0,11,5,3,41.79320751,-87.73535594,POINT (-87.735355940284 41.793207508185)
ac9fb521f4b6b6d5f1fbdcaa626b15d00e13fec6766e155012f5e2459c31fa5faa7721bed76f433bd4cbab19cdbbdef6955fa91d14a238f23dc1e6da5a428cbe,JD244542,,5/27/2020 15:10,40,TRAFFIC SIGNAL,FUNCTIONING PROPERLY,CLEAR,DAYLIGHT,SIDESWIPE SAME DIRECTION,OTHER,,STRAIGHT ON GRADE,DRY,NO DEFECTS,,NO INJURY / DRIVE AWAY,,,,$500 OR LESS,5/27/2020 15:20,FOLLOWING TOO CLOSELY,NOT APPLICABLE,2400,N,LAKE SHORE DR SB,1935,,,,,,,2,NO INDICATION OF INJURY,0,0,0,0,0,2,0,15,4,5,41.92616072,-87.63151467,POINT (-87.631514664826 41.926160719812)
acf557972db7984729066bf43f6823404ab76afee2445c7ce94029ea73690355c44e0494ef8b9942f984525b8dedff9b2bc00fc9f239211de681132191f42e0e,JC521895,,11/23/2019 17:25,30,NO CONTROLS,NO CONTROLS,CLEAR,"DARKNESS, LIGHTED ROAD",SIDESWIPE SAME DIRECTION,NOT DIVIDED,,STRAIGHT AND LEVEL,DRY,UNKNOWN,,NO INJURY / DRIVE AWAY,,,Y,"OVER $1,500",11/23/2019 17:28,UNABLE TO DETERMINE,UNABLE TO DETERMINE,5146,W,FOSTER AVE,1623,,,,,,,2,NO INDICATION OF INJURY,0,0,0,0,0,2,0,17,7,11,41.97533603,-87.75715097,POINT (-87.757150973079 41.975336026004)
adaa4a9732dd66cc60a8055d236cf7dbd4e2763f349172ed6b4fe966a11dc9e33f1b51abe96b5d7e27c0d4e5a46fcb91088c96fcb9bb04f6065dbd3837352d75,JG246549,,5/3/2023 12:42,30,NO CONTROLS,NO CONTROLS,CLEAR,DAYLIGHT,REAR END,NOT DIVIDED,,STRAIGHT AND LEVEL,DRY,UNKNOWN,,NO INJURY / DRIVE AWAY,,,,"$501 - $1,500",5/3/2023 14:35,IMPROPER LANE USAGE,NOT APPLICABLE,1000,E,95TH ST,413,,,,,,,2,NO INDICATION OF INJURY,0,0,0,0,0,3,0,12,4,5,41.72224008,-87.59959167,POINT (-87.599591671424 41.722240082708)
ae17856e345253263a760ee1e9834a554724e9a41e871fa1bb4f1db8f620e9417f41896e0ff0800334eda9f83d35a26ebb923e2f32ca7771d3835f2aa6619750,JD208048,,4/13/2020 10:40,30,TRAFFIC SIGNAL,FUNCTIONING PROPERLY,CLEAR,DAYLIGHT,PEDESTRIAN,FOUR WAY,,STRAIGHT AND LEVEL,DRY,NO DEFECTS,,INJURY AND / OR TOW DUE TO CRASH,Y,,Y,$500 OR LESS,4/13/2020 10:45,UNABLE TO DETERMINE,UNABLE TO DETERMINE,5200,N,WESTERN AVE,2011,,,,,,,2,"REPORTED, NOT EVIDENT",1,0,0,0,1,1,0,10,2,4,41.97593337,-87.68929959,POINT (-87.689299589182 41.975933371994)
ae346e4cb8a284e0517a4ed30073fa767c1bb7710efbdb3624ddbb4e0d9ea9f503e264b4a5c06b68168883b0b2379f78dc83b34928e139a6a6f456f617f852da,JC299530,,6/7/2019 20:00,30,TRAFFIC SIGNAL,FUNCTIONING PROPERLY,CLEAR,"DARKNESS, LIGHTED ROAD",SIDESWIPE SAME DIRECTION,FOUR WAY,,STRAIGHT AND LEVEL,DRY,NO DEFECTS,,INJURY AND / OR TOW DUE TO CRASH,N,,Y,"OVER $1,500",6/9/2019 22:45,IMPROPER OVERTAKING/PASSING,UNABLE TO DETERMINE,2800,W,BELMONT AVE,1733,,,,,,,3,INCAPACITATING INJURY,2,0,1,1,0,1,0,20,6,6,41.93950238,-87.69784937,POINT (-87.697849374016 41.939502380809)
ae46dc97f96ef77b7a8318aebeaf0642efb4576f6ef75f216243348e99a6d98820943a51beeec0f8d73a841bfe785d3478964b12d0fa6a95531fdec9724e5dd1,JC375995,,7/28/2019 10:30,30,TRAFFIC SIGNAL,FUNCTIONING PROPERLY,CLEAR,"DARKNESS, LIGHTED ROAD",SIDESWIPE SAME DIRECTION,DIVIDED - W/MEDIAN (NOT RAISED),,STRAIGHT AND LEVEL,DRY,NO DEFECTS,,NO INJURY / DRIVE AWAY,Y,,Y,$500 OR LESS,8/2/2019 21:40,UNABLE TO DETERMINE,UNABLE TO DETERMINE,1599,W,NORTH AVE,1433,,,,,,,2,NO INDICATION OF INJURY,0,0,0,0,0,2,0,10,1,7,41.91052143,-87.667629,POINT (-87.667629001071 41.910521431783)
ae5b37f5aeb245decae4d45320a1ff66f545430af56a2d5cedaf312dd8dcd527332d1d5eceea2ce65ba0e8c9284a03fac637e43e25c714dac2ab19b74735bd0a,JD255916,,6/6/2020 16:29,25,NO CONTROLS,NO CONTROLS,CLEAR,DAYLIGHT,REAR END,DIVIDED - W/MEDIAN BARRIER,,STRAIGHT AND LEVEL,DRY,NO DEFECTS,,INJURY AND / OR TOW DUE TO CRASH,,,,"OVER $1,500",6/6/2020 16:31,FOLLOWING TOO CLOSELY,EQUIPMENT - VEHICLE CONDITION,2015,W,CERMAK RD,1034,,,,,,,2,"REPORTED, NOT EVIDENT",1,0,0,0,1,2,0,16,7,6,41.8520549,-87.67649293,POINT (-87.676492930519 41.852054899712)
ae69784fb9d58b2acbc93b27f16e5fd961feb40ada293a2a788f76dbfc8a34af6cb113dc838cb4c3598a0fb7bf391676d2a26518e09fb9f414949e8a0ab5ec06,JD186164,,3/15/2020 2:23,30,NO CONTROLS,NO CONTROLS,CLEAR,"DARKNESS, LIGHTED ROAD",PARKED MOTOR VEHICLE,NOT DIVIDED,,STRAIGHT AND LEVEL,DRY,NO DEFECTS,,INJURY AND / OR TOW DUE TO CRASH,,,,"OVER $1,500",3/15/2020 2:23,FAILING TO REDUCE SPEED TO AVOID CRASH,DRIVING SKILLS/KNOWLEDGE/EXPERIENCE,1623,N,LAMON AVE,2533,,,,,,,3,NO INDICATION OF INJURY,0,0,0,0,0,1,0,2,1,3,41.91038816,-87.7490817,POINT (-87.749081698223 41.910388156519)
ae902c3b3d9581271a662c89793369c775a0d6dc3f42e893313f0b3417da2b5eac043b6a8533567baa96f94fe6e4927df5dec9d9a81dbee5959b3c785a3d9af9,,,7/19/2023 14:55,20,TRAFFIC SIGNAL,FUNCTIONING PROPERLY,CLEAR,DAYLIGHT,PEDALCYCLIST,FOUR WAY,,STRAIGHT AND LEVEL,DRY,NO DEFECTS,,INJURY AND / OR TOW DUE TO CRASH,,,,"OVER $1,500",7/19/2023 16:15,UNABLE TO DETERMINE,NOT APPLICABLE,8300,S,STONY ISLAND AVE,412,,,,,,,2,"REPORTED, NOT EVIDENT",1,0,0,0,1,2,0,14,4,7,41.74415164,-87.58594507,POINT (-87.585945066953 41.744151639042)
ae9552518da44a70c2485636e1927d429b22bcf25e1824dbf438c7cc61c6d01949ee2f362c9fc2c787fd303642ca1aff345bfcfbd06434fddca5c43fc6c69d36,JC367732,,7/28/2019 2:50,30,NO CONTROLS,NO CONTROLS,CLEAR,"DARKNESS, LIGHTED ROAD",PARKED MOTOR VEHICLE,NOT DIVIDED,,STRAIGHT AND LEVEL,DRY,NO DEFECTS,,INJURY AND / OR TOW DUE TO CRASH,,,,"OVER $1,500",7/28/2019 2:52,UNABLE TO DETERMINE,UNABLE TO DETERMINE,1200,E,71ST ST,321,,,,,,,3,NONINCAPACITATING INJURY,1,0,0,1,0,0,0,2,1,7,41.76601245,-87.59584092,POINT (-87.595840918275 41.766012452065)
aeddc2725230b28e219829bbcbe866dcf604794385ea776e0cbb4f4250d9a7ca02502781dbedb823127bbed0173ce0f4c46e7059c6257250ba6b5404e27d7206,JD231640,,5/13/2020 18:42,30,TRAFFIC SIGNAL,FUNCTIONING PROPERLY,CLEAR,DAYLIGHT,TURNING,NOT DIVIDED,,STRAIGHT AND LEVEL,DRY,"RUT, HOLES",,INJURY AND / OR TOW DUE TO CRASH,Y,,,"OVER $1,500",5/13/2020 18:44,FAILING TO REDUCE SPEED TO AVOID CRASH,FOLLOWING TOO CLOSELY,2400,W,111TH ST,2212,,,,,,,2,NO INDICATION OF INJURY,0,0,0,0,0,2,0,18,4,5,41.69188947,-87.68121734,POINT (-87.681217342654 41.691889468608)
aefbb3147fbc62e1242a7139bab7f6a4fa34ffb4bf7f33f9712af9e14aa11cf997f24ffd1fe02d75b63816d946d32bdfd8dbaba65330bf57c5e6ca817ad3f295,JD184969,,3/13/2020 21:00,25,TRAFFIC SIGNAL,FUNCTIONING PROPERLY,CLEAR,"DARKNESS, LIGHTED ROAD",PARKED MOTOR VEHICLE,DIVIDED - W/MEDIAN (NOT RAISED),,STRAIGHT AND LEVEL,DRY,NO DEFECTS,,INJURY AND / OR TOW DUE TO CRASH,,,Y,"OVER $1,500",3/13/2020 23:05,UNABLE TO DETERMINE,UNABLE TO DETERMINE,4263,W,ADDISON ST,1731,,,,,,,2,NO INDICATION OF INJURY,0,0,0,0,0,1,0,21,6,3,41.94616686,-87.73476273,POINT (-87.734762725194 41.946166861737)
af9b703988d9110af43e7084a63225e8aa04fa416c899111256b496b70e115cc423deb6a006005b0a86ed0b9a197cf564eff9a18565cc34bb5b4762c85e5541d,JC175979,,3/6/2020 11:15,30,NO CONTROLS,NO CONTROLS,CLEAR,DAYLIGHT,REAR END,NOT DIVIDED,,STRAIGHT AND LEVEL,DRY,NO DEFECTS,,NO INJURY / DRIVE AWAY,,,,"OVER $1,500",3/6/2020 11:30,FAILING TO YIELD RIGHT-OF-WAY,NOT APPLICABLE,5126,N,BROADWAY,2033,,,,,,,2,NO INDICATION OF INJURY,0,0,0,0,0,2,0,11,6,3,41.97531691,-87.65998792,POINT (-87.659987919466 41.975316906197)
b0264cc8bb1342598e2ce80fcb6f1bd05fd29dc9741b5211fb6b47aaadd807b66190cf55371f1a85c175eb9ecbd98a2d7ee98bdec90532ebf3c75f8f8cea2599,JC531922,,12/2/2019 14:30,30,TRAFFIC SIGNAL,FUNCTIONING PROPERLY,CLEAR,DAYLIGHT,TURNING,FOUR WAY,,STRAIGHT AND LEVEL,DRY,NO DEFECTS,,NO INJURY / DRIVE AWAY,Y,,Y,"$501 - $1,500",12/2/2019 16:05,UNABLE TO DETERMINE,UNABLE TO DETERMINE,3500,S,HALSTED ST,915,,,,,,,2,NO INDICATION OF INJURY,0,0,0,0,0,2,0,14,2,12,41.83069534,-87.64625092,POINT (-87.646250915767 41.830695335202)
b0267cc208d6db83dcd99fc108fc413b475dc7b9a497907cc6c09cf867ffa844cb365377f5577b8d4f39113678cffce13528dfb93d484e7ac2be20a1ab3ace33,JG313575,,6/24/2023 2:25,30,UNKNOWN,UNKNOWN,CLEAR,"DARKNESS, LIGHTED ROAD",PARKED MOTOR VEHICLE,DIVIDED - W/MEDIAN (NOT RAISED),,STRAIGHT AND LEVEL,DRY,UNKNOWN,,INJURY AND / OR TOW DUE TO CRASH,,,Y,"OVER $1,500",6/24/2023 2:38,UNABLE TO DETERMINE,UNABLE TO DETERMINE,1808,W,ARMITAGE AVE,1432,,,,,,,4,NO INDICATION OF INJURY,0,0,0,0,0,1,0,2,7,6,41.91795209,-87.67316225,POINT (-87.673162248893 41.917952086489)
b04c42b05e6c2797499cb5b89c139f0f79a6da3f6c6ea449c24020fe3615208a2d972da531c3c0f9580c63feff79342ccf22f6caacf3d7aa835971f3d37d74e5,JG280743,,5/30/2023 10:49,30,TRAFFIC SIGNAL,FUNCTIONING PROPERLY,CLEAR,DAYLIGHT,SIDESWIPE SAME DIRECTION,FOUR WAY,,STRAIGHT AND LEVEL,DRY,NO DEFECTS,,NO INJURY / DRIVE AWAY,,,Y,"$501 - $1,500",5/30/2023 11:29,IMPROPER OVERTAKING/PASSING,UNABLE TO DETERMINE,6400,W,DEVON AVE,1611,,,,,,,2,NO INDICATION OF INJURY,0,0,0,0,0,2,0,10,3,5,41.99746398,-87.78761024,POINT (-87.787610243414 41.997463981029)
b04d0a545edc6d02aa1804c952855f9a14c0b65d3bd1cbf9a65487772fd2be162e67365a914e9b4f76b6fe891101d6921e5347acd4ad1165eebb40f9575b2a83,JD216858,,4/25/2020 13:10,25,UNKNOWN,FUNCTIONING PROPERLY,RAIN,DAYLIGHT,TURNING,DIVIDED - W/MEDIAN (NOT RAISED),,STRAIGHT AND LEVEL,WET,NO DEFECTS,,INJURY AND / OR TOW DUE TO CRASH,,,,"$501 - $1,500",4/25/2020 13:10,UNABLE TO DETERMINE,UNABLE TO DETERMINE,2401,N,ASHLAND AVE,1932,,Y,,,,,2,"REPORTED, NOT EVIDENT",1,0,0,0,1,1,0,13,7,4,41.92519975,-87.6680005,POINT (-87.668000503026 41.925199752469)
b057e687fb137d402b72411ed1728d093f87e229f62a91e8b11b8cbf63b4be33f7df4f03cbcade60a1f660f2bba9df9220dc334c7749535d3e084a5353e73d7f,JC339411,,7/8/2019 3:46,30,TRAFFIC SIGNAL,FUNCTIONING PROPERLY,CLEAR,"DARKNESS, LIGHTED ROAD",ANGLE,FOUR WAY,,STRAIGHT AND LEVEL,DRY,NO DEFECTS,,INJURY AND / OR TOW DUE TO CRASH,Y,,,"OVER $1,500",7/8/2019 3:47,DISREGARDING TRAFFIC SIGNALS,UNABLE TO DETERMINE,1558,N,ASHLAND AVE,1433,N,Y,,,,,3,INCAPACITATING INJURY,3,0,2,1,0,0,0,3,2,7,41.91059004,-87.66783759,POINT (-87.667837591828 41.910590042189)
b08557dbb0d7d7e6d0934642df0e588be32828b0221a738d7d7db2583bd693be0fe20e993919c19f5f7c39a87acdfea64dc009b6c823e09d0e202007cbf4b5a8,JG290246,,6/6/2023 9:30,30,TRAFFIC SIGNAL,FUNCTIONING PROPERLY,CLEAR,DAYLIGHT,ANGLE,FOUR WAY,,STRAIGHT AND LEVEL,DRY,NO DEFECTS,,INJURY AND / OR TOW DUE TO CRASH,Y,,,"OVER $1,500",6/6/2023 11:30,DISREGARDING TRAFFIC SIGNALS,NOT APPLICABLE,701,N,CLARK ST,1832,,,,,,,2,"REPORTED, NOT EVIDENT",1,0,0,0,1,2,0,9,3,6,41.89487479,-87.63105684,POINT (-87.631056837878 41.894874785063)
b09bb8e8990a1dee0b5f650a7837f83f39383e53f6e6e2d044678f168e2e37bd573232c3f4afce3fb549ba1ce2b9342d7cb8d552700026fe9c856fec00060c10,JC477921,,10/18/2019 21:40,30,STOP SIGN/FLASHER,FUNCTIONING PROPERLY,CLEAR,"DARKNESS, LIGHTED ROAD",REAR END,T-INTERSECTION,,STRAIGHT AND LEVEL,DRY,NO DEFECTS,,INJURY AND / OR TOW DUE TO CRASH,,,Y,"OVER $1,500",10/18/2019 21:55,FOLLOWING TOO CLOSELY,DISREGARDING STOP SIGN,359,N,LOREL AVE,1523,,,,,,,2,"REPORTED, NOT EVIDENT",1,0,0,0,1,1,0,21,6,10,41.88724476,-87.75884559,POINT (-87.758845585508 41.887244760432)