CRASH_RECORD_ID,RD_NO,CRASH_DATE_EST_I,CRASH_DATE,POSTED_SPEED_LIMIT,TRAFFIC_CONTROL_DEVICE,DEVICE_CONDITION,WEATHER_CONDITION,LIGHTING_CONDITION,FIRST_CRASH_TYPE,TRAFFICWAY_TYPE,LANE_CNT,ALIGNMENT,ROADWAY_SURFACE_COND,ROAD_DEFECT,REPORT_TYPE,CRASH_TYPE,INTERSECTION_RELATED_I,NOT_RIGHT_OF_WAY_I,HIT_AND_RUN_I,DAMAGE,DATE_POLICE_NOTIFIED,PRIM_CONTRIBUTORY_CAUSE,SEC_CONTRIBUTORY_CAUSE,STREET_NO,STREET_DIRECTION,STREET_NAME,BEAT_OF_OCCURRENCE,PHOTOS_TAKEN_I,STATEMENTS_TAKEN_I,DOORING_I,WORK_ZONE_I,WORK_ZONE_TYPE,WORKERS_PRESENT_I,NUM_UNITS,MOST_SEVERE_INJURY,INJURIES_TOTAL,INJURIES_FATAL,INJURIES_INCAPACITATING,INJURIES_NON_INCAPACITATING,INJURIES_REPORTED_NOT_EVIDENT,INJURIES_NO_INDICATION,INJURIES_UNKNOWN,CRASH_HOUR,CRASH_DAY_OF_WEEK,CRASH_MONTH,LATITUDE,LONGITUDE,LOCATION
b0bb893897d6dddae88af6a95b1bc5655aff4d3bb922a886678954fbef0daa978632a012a7478912b572af079bd4babdd1e7f935c5056df9b786d4c60cae13ae,JC253824,,3/9/2019 18:00,35,NO CONTROLS,NO CONTROLS,RAIN,DARKNESS,SIDESWIPE SAME DIRECTION,DIVIDED - W/MEDIAN (NOT RAISED),3,STRAIGHT AND LEVEL,WET,NO DEFECTS,,INJURY AND / OR TOW DUE TO CRASH,N,,Y,"OVER $1,500",3/9/2019 18:02,IMPROPER LANE USAGE,NOT APPLICABLE,6800,S,STONY ISLAND AVE,332,,,,,,,2,NONINCAPACITATING INJURY,2,0,0,2,0,1,0,18,7,3,41.77142234,-87.5864274,POINT (-87.586427400954 41.771422336378)
b0f85217762d34f5b254ac4b0fe366eb3727e826e6be090e6ae62eb9b756f6bb90c2b4ca039ba1289d34c62e520f4e09299ef6f4ee9fee5a2d7f3049cb8fc5c7,JD206283,,4/10/2020 15:30,30,TRAFFIC SIGNAL,FUNCTIONING PROPERLY,CLEAR,DAYLIGHT,REAR END,DIVIDED - W/MEDIAN (NOT RAISED),,STRAIGHT AND LEVEL,DRY,NO DEFECTS,,NO INJURY / DRIVE AWAY,,,Y,"$501 - $1,500",4/10/2020 15:40,UNABLE TO DETERMINE,NOT APPLICABLE,5200,W,FULLERTON AVE,2515,,,,,,,2,NO INDICATION OF INJURY,0,0,0,0,0,2,0,15,6,4,41.9242158,-87.75621076,POINT (-87.756210754589 41.924215797231)
b131a6b75a4d3da99ae6eae700a82749f6e1df0561aa6b32550a62725286332ef08441e61e1defcb45ea7d4dcc4bc4252d892ea5932d584497a959d29a24f01d,JC386922,,8/6/2019 18:01,35,TRAFFIC SIGNAL,FUNCTIONING PROPERLY,CLEAR,DAYLIGHT,SIDESWIPE SAME DIRECTION,DIVIDED - W/MEDIAN BARRIER,,STRAIGHT AND LEVEL,DRY,NO DEFECTS,,NO INJURY / DRIVE AWAY,Y,,,"OVER $1,500",8/10/2019 15:15,DRIVING SKILLS/KNOWLEDGE/EXPERIENCE,FOLLOWING TOO CLOSELY,2743,N,WESTERN AVE,1432,,,,,,,2,NO INDICATION OF INJURY,0,0,0,0,0,3,0,18,3,8,41.93167914,-87.68774199,POINT (-87.687741984676 41.931679136031)
b1e774171b8f306708e22f9c01ee49fdb0ff9ffdb311eff53c327b4e366ed522f0dc5923098bb43652c82206a31bc72340bbb094c35c4f1d1e8bdcb88b633bfb,JD253689,,6/4/2020 15:00,30,TRAFFIC SIGNAL,FUNCTIONING PROPERLY,RAIN,DAYLIGHT,REAR END,FOUR WAY,,STRAIGHT AND LEVEL,WET,NO DEFECTS,,NO INJURY / DRIVE AWAY,Y,,Y,"OVER $1,500",6/4/2020 15:10,UNABLE TO DETERMINE,FAILING TO REDUCE SPEED TO AVOID CRASH,1458,W,47TH ST,924,,,,,,,4,NO INDICATION OF INJURY,0,0,0,0,0,4,0,15,5,6,41.8087473,-87.66247518,POINT (-87.662475179511 41.808747298819)
b1f3e21335034ea5d59fa3a59add5ead3565e17434a631fac3ac854472492be9f9714f187d628f3e191fa8aaf620c5d99291c2bf63bf0c36c00987008b3a706c,JD122836,,1/21/2020 3:30,30,NO CONTROLS,NO CONTROLS,CLEAR,"DARKNESS, LIGHTED ROAD",PARKED MOTOR VEHICLE,NOT DIVIDED,,STRAIGHT AND LEVEL,DRY,NO DEFECTS,,INJURY AND / OR TOW DUE TO CRASH,,,N,"OVER $1,500",1/21/2020 3:36,UNDER THE INFLUENCE OF ALCOHOL/DRUGS (USE WHEN ARREST IS EFFECTED),PHYSICAL CONDITION OF DRIVER,3234,N,PULASKI RD,1731,,,,,,,3,NO INDICATION OF INJURY,0,0,0,0,0,1,0,3,3,1,41.94014439,-87.72735832,POINT (-87.727358320469 41.940144386031)
b26ec0747fa6dbe9a833640fcb16b45ec7abc71ae410aba66c57afc7827e8c8945689a8b8e227abd32e5d928de67ac3b85c97b1fb13b53173ee730e3e18ee3ed,JD160188,,2/21/2020 17:55,30,TRAFFIC SIGNAL,FUNCTIONING PROPERLY,CLEAR,DAWN,SIDESWIPE SAME DIRECTION,ONE-WAY,,STRAIGHT AND LEVEL,DRY,NO DEFECTS,,NO INJURY / DRIVE AWAY,Y,,,"$501 - $1,500",2/21/2020 17:55,IMPROPER LANE USAGE,IMPROPER LANE USAGE,3,W,VAN BUREN ST,113,,,,,,,2,NO INDICATION OF INJURY,0,0,0,0,0,4,0,17,6,2,41.87680922,-87.62776396,POINT (-87.62776395534 41.876809215387)
b2b33ce22bc8eda328e6154dea2c08a7c599285b61326ebd45365f31fba1bb8677844256d0598df5d105e4997829c8f229053fc10037cd725a723769c73528c8,JC385972,,8/9/2019 18:43,30,NO CONTROLS,UNKNOWN,CLEAR,DAYLIGHT,SIDESWIPE SAME DIRECTION,NOT DIVIDED,,STRAIGHT AND LEVEL,DRY,UNKNOWN,,NO INJURY / DRIVE AWAY,,,Y,"$501 - $1,500",8/9/2019 19:15,NOT APPLICABLE,NOT APPLICABLE,2051,S,ARCHER AVE,914,N,,,,,,2,NO INDICATION OF INJURY,0,0,0,0,0,2,0,18,6,8,41.85423515,-87.63171123,POINT (-87.631711225946 41.854235153937)
b2f37c447a3b723c43b7aeb234e9dbbca9ae6ec5f97afc849bff978d21f8c97e93c98f7823c093732c4a1e6f9a49f52e37784d46c5a6ab56a27b7f5bb3e83448,JG318688,,6/27/2023 16:00,30,STOP SIGN/FLASHER,FUNCTIONING PROPERLY,SLEET/HAIL,DAYLIGHT,REAR END,ONE-WAY,,STRAIGHT AND LEVEL,DRY,NO DEFECTS,,INJURY AND / OR TOW DUE TO CRASH,,,,"$501 - $1,500",6/27/2023 19:00,NOT APPLICABLE,NOT APPLICABLE,5001,S,MICHIGAN AVE,224,,,,,,,2,"REPORTED, NOT EVIDENT",1,0,0,0,1,2,0,16,3,6,41.80373103,-87.62254508,POINT (-87.622545075142 41.803731033006)
b315e925d7d734d68b95d81213fd3c6d0243cf7bc8948e1db2a0b1a9c0267a0ff445f616044e3edde28abebda200f0bfcf065ba37b6242901ac6564da54592d7,JC384463,,8/8/2019 18:00,30,UNKNOWN,UNKNOWN,CLEAR,DAYLIGHT,PARKED MOTOR VEHICLE,ONE-WAY,,STRAIGHT AND LEVEL,DRY,NO DEFECTS,,INJURY AND / OR TOW DUE TO CRASH,,,Y,"OVER $1,500",8/8/2019 18:23,DISTRACTION - FROM INSIDE VEHICLE,FAILING TO REDUCE SPEED TO AVOID CRASH,3217,W,WELLINGTON AVE,1412,,,,,,,2,NO INDICATION OF INJURY,0,0,0,0,0,2,0,18,5,8,41.9355932,-87.70825605,POINT (-87.708256052063 41.935593204421)
b31c004f2265ae65eb0828e17fb0ec19f3d698864a141d9bf0c6604feb574db2fb55a9f41022ac59dbb1e2e7191f006a4344a6cb2df554233b299a924c63632f,JC468279,,10/11/2019 7:23,30,TRAFFIC SIGNAL,FUNCTIONING PROPERLY,RAIN,DAYLIGHT,TURNING,NOT DIVIDED,,STRAIGHT AND LEVEL,WET,NO DEFECTS,,INJURY AND / OR TOW DUE TO CRASH,,,,"OVER $1,500",10/11/2019 7:23,IMPROPER LANE USAGE,FAILING TO YIELD RIGHT-OF-WAY,1211,E,95TH ST,511,,,,,,,2,NONINCAPACITATING INJURY,1,0,0,1,0,1,0,7,6,10,41.72208529,-87.59433885,POINT (-87.594338850749 41.722085285686)
b355226ef6b838344ba42f9496285e531327e07f0a8daf74e6b07a26a3ffdc9281f4cf37f8ca0ec6d6942b2eb1222cd2c5940303b278a25a62dc422b16ccea32,JC451156,,9/27/2019 20:20,30,TRAFFIC SIGNAL,FUNCTIONING PROPERLY,RAIN,"DARKNESS, LIGHTED ROAD",REAR END,NOT DIVIDED,,STRAIGHT AND LEVEL,WET,NO DEFECTS,,NO INJURY / DRIVE AWAY,Y,,Y,"$501 - $1,500",9/27/2019 20:21,UNABLE TO DETERMINE,UNABLE TO DETERMINE,2350,W,47TH ST,924,,,,,,,2,NO INDICATION OF INJURY,0,0,0,0,0,2,0,20,6,9,41.80852657,-87.68377824,POINT (-87.683778235311 41.808526571636)
b447747b75012261346e71cead9a4fdab835b2defcb43921d4c733750a5cdfe2369caf39aed65a3d99ea16a6b91d7e5f03915215af343ec6c25f1b1c13e9f438,JC462159,,10/6/2019 11:30,15,NO CONTROLS,NO CONTROLS,CLEAR,DAYLIGHT,ANGLE,OTHER,,STRAIGHT AND LEVEL,DRY,NO DEFECTS,,NO INJURY / DRIVE AWAY,,Y,Y,"$501 - $1,500",10/6/2019 13:45,IMPROPER BACKING,FAILING TO REDUCE SPEED TO AVOID CRASH,2333,N,NEVA AVE,2512,,,,,,,2,NO INDICATION OF INJURY,0,0,0,0,0,2,0,11,1,10,41.92212758,-87.80421055,POINT (-87.804210552394 41.922127580535)
b4ae72c4cada46f4cfb7d266e91f5f759e44cdb7d9ba5e9fe556701d97239fb6f5ab4f10c355e9508f0f5a40ec7c801e891d09fd7e9214371ad44114d6ee5239,JG240140,,4/28/2023 5:17,30,TRAFFIC SIGNAL,FUNCTIONING PROPERLY,CLEAR,DAYLIGHT,TURNING,NOT DIVIDED,,STRAIGHT AND LEVEL,DRY,NO DEFECTS,,INJURY AND / OR TOW DUE TO CRASH,Y,,,"OVER $1,500",4/28/2023 5:21,FAILING TO YIELD RIGHT-OF-WAY,FAILING TO YIELD RIGHT-OF-WAY,5201,W,FLOURNOY ST,1522,,,,,,,2,NO INDICATION OF INJURY,0,0,0,0,0,2,0,5,6,4,41.87184302,-87.75489291,POINT (-87.754892913895 41.871843019994)
b4b20c1d64f38a3c979741b5229106dce7c0c70d1463eda8fd6a79c613c009aa0c3b4d149348309f08b62583a38a623acab09615b0c5aff339a72e08b4bed16f,JG250845,,5/7/2023 0:05,30,TRAFFIC SIGNAL,FUNCTIONING PROPERLY,CLOUDY/OVERCAST,"DARKNESS, LIGHTED ROAD",PEDESTRIAN,DIVIDED - W/MEDIAN (NOT RAISED),,STRAIGHT AND LEVEL,WET,NO DEFECTS,,INJURY AND / OR TOW DUE TO CRASH,,,,$500 OR LESS,5/7/2023 0:35,NOT APPLICABLE,NOT APPLICABLE,501,N,OGDEN AVE,1214,,,,,,,2,NONINCAPACITATING INJURY,1,0,0,1,0,1,0,0,1,5,41.89103918,-87.65887052,POINT (-87.6588705192 41.891039180388)
b4b8404ac83bacf8bb5b798911ccc7a38a43c9ec99080a631734a74d4d7ccd8abf1f4fd1cf61af97b02a3c800027717832f1e1f465165c833648e83c356a0f1d,JC357109,Y,7/20/2019 12:30,15,NO CONTROLS,NO CONTROLS,CLEAR,DAYLIGHT,REAR END,PARKING LOT,,STRAIGHT AND LEVEL,DRY,NO DEFECTS,,NO INJURY / DRIVE AWAY,,,Y,"OVER $1,500",7/20/2019 15:00,UNABLE TO DETERMINE,NOT APPLICABLE,3900,W,MADISON ST,1122,,,,,,,2,NO INDICATION OF INJURY,0,0,0,0,0,3,0,12,7,7,41.88086516,-87.72337597,POINT (-87.723375967751 41.880865155904)
b4cb8cca4f157c0d145a966d431ed35aba3cb88ea2b4329294d830179c36108ac4d33617ad4470a975237c9b79a8a96974f2a2898e718832b0d0a1d9e86bacd2,JG276591,,5/26/2023 20:24,30,TRAFFIC SIGNAL,FUNCTIONING PROPERLY,CLEAR,"DARKNESS, LIGHTED ROAD",TURNING,FOUR WAY,,STRAIGHT AND LEVEL,DRY,NO DEFECTS,,INJURY AND / OR TOW DUE TO CRASH,,,Y,"$501 - $1,500",5/26/2023 20:55,UNABLE TO DETERMINE,UNABLE TO DETERMINE,4001,W,CHICAGO AVE,1111,,,,,,,2,"REPORTED, NOT EVIDENT",1,0,0,0,1,2,0,20,6,5,41.89525724,-87.72614019,POINT (-87.726140193079 41.895257239888)
c1a74d93e8645bd43bfe974c6cd0e52b0b81dc0949b00bd22feec3f7dbd489477c07992302dccc43262d44c89e8cccda568b15ce5a41a8531f7f1c6aa2a4e40c,,,7/30/2023 18:41,30,NO CONTROLS,NO CONTROLS,CLEAR,DAYLIGHT,TURNING,NOT DIVIDED,,STRAIGHT AND LEVEL,DRY,NO DEFECTS,ON SCENE,NO INJURY / DRIVE AWAY,,,Y,"$501 - $1,500",7/30/2023 18:51,UNABLE TO DETERMINE,IMPROPER TURNING/NO SIGNAL,2833,N,AUSTIN AVE,2514,,,,,,,2,NO INDICATION OF INJURY,0,0,0,0,0,2,0,18,1,7,41.93213905,-87.77584991,POINT (-87.775849914479 41.93213904535)
b4eb3a4a497aa80a191454cc6f1ea3fb0a672d9b4655cacb18889680cb6b60b7f38cb69bc2dfa1d27c3615b2ea74fe39f5997cd9aa8af913f9a36fdc4ad6d130,JC459032,,10/3/2019 18:38,30,NO CONTROLS,NO CONTROLS,CLEAR,DAYLIGHT,ANGLE,ONE-WAY,,STRAIGHT AND LEVEL,DRY,NO DEFECTS,,NO INJURY / DRIVE AWAY,,,,"$501 - $1,500",10/3/2019 19:36,FAILING TO YIELD RIGHT-OF-WAY,FAILING TO REDUCE SPEED TO AVOID CRASH,6629,W,GEORGE ST,2511,,,,,,,2,NO INDICATION OF INJURY,0,0,0,0,0,4,0,18,5,10,41.93264195,-87.79179369,POINT (-87.791793688552 41.93264194924)
b669a969950fe59dc6928fac4a6c8b2526a869a9c84d6ff5a888fe017c948cf6e5c5912435f2d9622bf72fed764a48af9b88ee6a89b6fedab799b41a1718d6cd,JG315757,,6/25/2023 18:30,30,TRAFFIC SIGNAL,FUNCTIONING PROPERLY,CLEAR,DAYLIGHT,REAR END,FOUR WAY,,STRAIGHT AND LEVEL,WET,UNKNOWN,,NO INJURY / DRIVE AWAY,Y,,Y,"OVER $1,500",6/25/2023 19:10,UNABLE TO DETERMINE,NOT APPLICABLE,1600,S,KEELER AVE,1012,,,,,,,2,NO INDICATION OF INJURY,0,0,0,0,0,3,0,18,1,6,41.85870599,-87.72998472,POINT (-87.729984722003 41.858705991572)
b679619c2b5e01494960cf5a8969c4639ab050f98d065d90895368ae98deea409a3fb8f3926d1f2105937b5e3400ee6a0e213ff6b8b1c9c90cc025e8039bf9e4,JG262747,,5/15/2023 16:25,30,UNKNOWN,UNKNOWN,UNKNOWN,UNKNOWN,TURNING,FOUR WAY,,STRAIGHT AND LEVEL,UNKNOWN,UNKNOWN,,NO INJURY / DRIVE AWAY,Y,,,"OVER $1,500",5/16/2023 13:00,UNABLE TO DETERMINE,NOT APPLICABLE,4301,W,DIVISION ST,1111,,,,,,,2,NO INDICATION OF INJURY,0,0,0,0,0,3,0,16,2,5,41.9024433,-87.73380449,POINT (-87.733804488942 41.902443298335)
b6a92d4b4965beaae8ae29ec8a0f2ba7eef6c3fd45c7ae746e063f907981a35cff230b0450aa64e73cdee97bcfbbed44faaedeee68952276df335222398ebd7c,JC517457,,11/19/2019 23:00,30,NO CONTROLS,NO CONTROLS,UNKNOWN,DARKNESS,ANGLE,UNKNOWN INTERSECTION TYPE,,STRAIGHT AND LEVEL,DRY,NO DEFECTS,,INJURY AND / OR TOW DUE TO CRASH,Y,,,"OVER $1,500",11/20/2019 10:35,NOT APPLICABLE,NOT APPLICABLE,200,N,PARKSIDE AVE,1512,,,,,,,2,NO INDICATION OF INJURY,0,0,0,0,0,2,0,23,3,11,41.88427998,-87.76679956,POINT (-87.766799557405 41.884279979203)
b6bced31626910d049c5c355d4da94ac490fcddf7419792a97adfaab84d5168dd074ca4dca2c3873f7375b3e999eb8d2a7ccd4bf5831f99959ad5d27c7913cb0,JC494775,,11/1/2019 10:40,30,TRAFFIC SIGNAL,FUNCTIONING PROPERLY,UNKNOWN,DAYLIGHT,REAR END,T-INTERSECTION,,STRAIGHT ON GRADE,WET,NO DEFECTS,,INJURY AND / OR TOW DUE TO CRASH,Y,,,$500 OR LESS,11/1/2019 14:54,UNABLE TO DETERMINE,NOT APPLICABLE,6201,N,CENTRAL AVE,1621,,,,,,,2,NONINCAPACITATING INJURY,2,0,0,1,1,0,0,10,6,11,41.99435063,-87.76473083,POINT (-87.764730832986 41.994350630951)
b6c3bbdfdf73f1a718582926d26a1f8a6aa8b471d15780a29ec62f0c89fbc233f5ea39e3e60404331087e499d77386eaac7e708336666944f93c4e48cfedc83f,JD194368,,3/24/2020 22:45,30,NO CONTROLS,NO CONTROLS,CLEAR,"DARKNESS, LIGHTED ROAD",PARKED MOTOR VEHICLE,NOT DIVIDED,,STRAIGHT AND LEVEL,DRY,NO DEFECTS,,INJURY AND / OR TOW DUE TO CRASH,,,,"OVER $1,500",3/24/2020 22:45,UNDER THE INFLUENCE OF ALCOHOL/DRUGS (USE WHEN ARREST IS EFFECTED),NOT APPLICABLE,8654,W,CATHERINE AVE,1614,,,,,,,7,NONINCAPACITATING INJURY,1,0,0,1,0,0,0,22,3,3,41.97694235,-87.84349457,POINT (-87.843494572346 41.97694235047)
b6d4c4170ab5dc4c80e2fb0c30c2fb3b523302a5ff327951417069d5c3726b17862c6ad3653b7179a3227c32ee1f8d7365e26c1124dd8a10cf5d542d1d0eb6ef,JG302460,,6/15/2023 16:30,15,NO CONTROLS,NO CONTROLS,CLEAR,DAYLIGHT,ANGLE,PARKING LOT,,STRAIGHT AND LEVEL,DRY,NO DEFECTS,,NO INJURY / DRIVE AWAY,,Y,,"$501 - $1,500",6/15/2023 17:05,UNABLE TO DETERMINE,UNABLE TO DETERMINE,12600,S,TORRENCE AVE,433,,,,,,,2,NO INDICATION OF INJURY,0,0,0,0,0,2,0,16,5,6,41.66611299,-87.55900308,POINT (-87.559003080261 41.666112991211)
b70f404fe9858020bb95e9aecaf5c7fc7b128a118df98f742764b70af23d6c2b37ddc341b943fe29be7f433eb8a826d291f1bbc76e386496e3f8ee4881eaec6c,JC467770,,10/10/2019 17:50,30,NO CONTROLS,NO CONTROLS,RAIN,"DARKNESS, LIGHTED ROAD",PARKED MOTOR VEHICLE,DIVIDED - W/MEDIAN (NOT RAISED),,STRAIGHT AND LEVEL,WET,NO DEFECTS,,NO INJURY / DRIVE AWAY,,,,$500 OR LESS,10/10/2019 17:56,UNABLE TO DETERMINE,UNABLE TO DETERMINE,251,S,HAMLIN BLVD,1122,,,,,,,2,NO INDICATION OF INJURY,0,0,0,0,0,1,0,17,5,10,41.87719678,-87.7204837,POINT (-87.720483702097 41.877196783509)
b71987681493ef39e1a384ec4f38e1194ba7a6e05fdd6179f05a7caefc69cf510d7ee18c6749762d93a33d06dac27118ad02d0fb230dd5527171aa46d278870c,JC483474,,10/23/2019 12:48,35,NO CONTROLS,NO CONTROLS,CLEAR,DAYLIGHT,SIDESWIPE SAME DIRECTION,NOT DIVIDED,,STRAIGHT AND LEVEL,DRY,NO DEFECTS,,NO INJURY / DRIVE AWAY,,,Y,"$501 - $1,500",10/23/2019 13:45,UNABLE TO DETERMINE,UNABLE TO DETERMINE,3622,W,ADDISON ST,1732,,,,,,,2,NO INDICATION OF INJURY,0,0,0,0,0,4,0,12,4,10,41.94659923,-87.71868123,POINT (-87.718681234159 41.946599228721)
b71c1e84b36028e252363e516e961815deb6b39da9fde27356417836a598d857f9c1eb015e07f1e7eb43e9d23f730b89369af9144d8dd47039cf96c23f843864,JB239490,,4/26/2018 22:40,30,NO CONTROLS,NO CONTROLS,CLEAR,"DARKNESS, LIGHTED ROAD",TURNING,NOT DIVIDED,1,STRAIGHT AND LEVEL,DRY,NO DEFECTS,,INJURY AND / OR TOW DUE TO CRASH,Y,,Y,"OVER $1,500",4/26/2018 22:42,FAILING TO YIELD RIGHT-OF-WAY,IMPROPER TURNING/NO SIGNAL,3332,W,111TH ST,2211,,,,,,,2,INCAPACITATING INJURY,1,0,1,0,0,1,0,22,5,4,41.6916194,-87.70465103,POINT (-87.704651034214 41.691619398996)
b72d579fa21d30571dcae8843a9705ff6a6309969327bc715d5c4b2559ebd6b6df48e7bf9c9a69aef28431af4a0d0b55008754caf46a481a069ca5ad5b4ec24c,JD229175,,5/10/2020 19:10,20,NO CONTROLS,NO CONTROLS,RAIN,DAYLIGHT,PARKED MOTOR VEHICLE,ONE-WAY,,STRAIGHT AND LEVEL,WET,NO DEFECTS,,INJURY AND / OR TOW DUE TO CRASH,,N,,"OVER $1,500",5/10/2020 19:12,UNABLE TO DETERMINE,UNABLE TO DETERMINE,435,N,LAWLER AVE,1532,,,,,,,2,NONINCAPACITATING INJURY,1,0,0,1,0,0,0,19,1,5,41.88888237,-87.75156071,POINT (-87.751560711386 41.888882373309)
b73c829630df01303d9f8824e74dff70ec7644f63595c75cb99f863758278a5a638e4bc76b5efc8e1c129a3e92b354512af94b380ce7d5e91064fcdd0eed995f,JG306345,,6/18/2023 21:33,30,TRAFFIC SIGNAL,FUNCTIONING PROPERLY,CLEAR,"DARKNESS, LIGHTED ROAD",TURNING,NOT DIVIDED,,STRAIGHT AND LEVEL,DRY,NO DEFECTS,,INJURY AND / OR TOW DUE TO CRASH,Y,,Y,"$501 - $1,500",6/18/2023 21:33,FAILING TO YIELD RIGHT-OF-WAY,NOT APPLICABLE,299,S,KOSTNER AVE,1115,,,,,,,2,"REPORTED, NOT EVIDENT",1,0,0,0,1,1,0,21,1,6,41.87701345,-87.73520385,POINT (-87.735203846742 41.877013445326)
b77046befd18f223c1408667d7f143f25b1c18c76fc54c283a6a7adb30cae8cf4efb1e73e44cd144fabad0707a2953fe821e9fdd6674c268e2b04dfc5e104245,JG302332,,6/15/2023 14:36,30,NO CONTROLS,NO CONTROLS,CLEAR,DAYLIGHT,REAR TO SIDE,PARKING LOT,,STRAIGHT AND LEVEL,DRY,NO DEFECTS,,NO INJURY / DRIVE AWAY,,,,"OVER $1,500",6/15/2023 15:00,IMPROPER BACKING,IMPROPER BACKING,11708,S,MARSHFIELD AVE,2234,,,,,,,2,NO INDICATION OF INJURY,0,0,0,0,0,2,0,14,5,6,41.68102484,-87.66260312,POINT (-87.662603123628 41.681024840237)
b7ec8e4df317b7a04c36d306c74261bef3b401de91531f58a22e903c931318d8ae11cb32d9c531d723d8d47846003e78aa76109efffcabb50a68c34a8088e742,JC542955,,12/11/2019 12:50,30,NO CONTROLS,NO CONTROLS,CLEAR,DAYLIGHT,PARKED MOTOR VEHICLE,NOT DIVIDED,,STRAIGHT AND LEVEL,DRY,NO DEFECTS,,NO INJURY / DRIVE AWAY,,,Y,"OVER $1,500",12/11/2019 12:51,UNABLE TO DETERMINE,UNABLE TO DETERMINE,6344,S,PULASKI RD,813,,,,,,,3,NO INDICATION OF INJURY,0,0,0,0,0,2,0,12,4,12,41.777277,-87.72287326,POINT (-87.72287325729 41.777276997138)
b825875c90a1a191e0400022643458c468b5596265cb8d2eb2b458ecb17c438531a0426223893e4cd4c90d20f4e455cc12292a09d3601e7ac784481d9325656f,JD196449,,3/27/2020 20:45,30,STOP SIGN/FLASHER,FUNCTIONING PROPERLY,RAIN,"DARKNESS, LIGHTED ROAD",REAR END,DIVIDED - W/MEDIAN (NOT RAISED),,STRAIGHT AND LEVEL,WET,NO DEFECTS,,NO INJURY / DRIVE AWAY,Y,,Y,"$501 - $1,500",3/27/2020 21:05,FAILING TO REDUCE SPEED TO AVOID CRASH,NOT APPLICABLE,5500,S,PULASKI RD,813,,,,,,,2,NO INDICATION OF INJURY,0,0,0,0,0,2,0,20,6,3,41.79315506,-87.72330377,POINT (-87.723303764642 41.793155060731)
b84727ccd1ffcfd69f8267625dac7ad36a9422f9657cfcaa47fd178b87ca732517148b54f6de79fe42c80ca7ff8e80996618de8bdd23745c6b6548174c64d160,JC400575,,8/20/2019 18:30,30,STOP SIGN/FLASHER,FUNCTIONING PROPERLY,CLEAR,DAYLIGHT,ANGLE,DIVIDED - W/MEDIAN (NOT RAISED),,STRAIGHT AND LEVEL,DRY,NO DEFECTS,,INJURY AND / OR TOW DUE TO CRASH,Y,,,"OVER $1,500",8/20/2019 18:45,FAILING TO YIELD RIGHT-OF-WAY,NOT APPLICABLE,3898,N,DAMEN AVE,1921,,,,,,,2,NONINCAPACITATING INJURY,2,0,0,2,0,0,0,18,3,8,41.95228384,-87.6788489,POINT (-87.678848897803 41.952283834601)
b854d4924f703cdb236a7382571f0b99f43fdb6d0b64f058b64fbaf50ad8df6f01b63818e18f3bf1bc6361dc2014974efef17769b4fbbcc96e29348773aa1645,JD215476,,4/23/2020 16:05,30,NO CONTROLS,NO CONTROLS,CLOUDY/OVERCAST,DAYLIGHT,SIDESWIPE SAME DIRECTION,NOT DIVIDED,,STRAIGHT AND LEVEL,DRY,NO DEFECTS,,NO INJURY / DRIVE AWAY,,,Y,"OVER $1,500",4/23/2020 16:08,IMPROPER OVERTAKING/PASSING,NOT APPLICABLE,10406,S,KEDZIE AVE,2211,,,,,,,2,NO INDICATION OF INJURY,0,0,0,0,0,2,0,16,5,4,41.70408838,-87.70141993,POINT (-87.701419932626 41.704088381615)
b8698db64f140ae75b7a788e39e382ad2ca6112c9476cf87049a8fe877ca691d642aa67fb28cbe9f9423b462629b3a01b8d456e649db40f2609e0cf7ccd136fc,JC521045,,11/22/2019 22:55,30,TRAFFIC SIGNAL,FUNCTIONING PROPERLY,CLEAR,"DARKNESS, LIGHTED ROAD",SIDESWIPE SAME DIRECTION,OTHER,,STRAIGHT AND LEVEL,DRY,NO DEFECTS,,NO INJURY / DRIVE AWAY,Y,,Y,"$501 - $1,500",11/23/2019 0:20,UNABLE TO DETERMINE,NOT APPLICABLE,185,N,HALSTED ST,1224,,,,,,,2,NO INDICATION OF INJURY,0,0,0,0,0,2,0,22,6,11,41.88557534,-87.6473242,POINT (-87.647324200055 41.885575341971)
b88739267771cdeee7e71847080984fae979107fe95b834fa9d63156f5def64aad840337951601a099eaf8e528d88907d97956c29584e3d31e128c2fde24dc2a,JG313467,,6/23/2023 23:30,15,NO CONTROLS,NO CONTROLS,CLEAR,"DARKNESS, LIGHTED ROAD",PEDESTRIAN,PARKING LOT,,STRAIGHT AND LEVEL,UNKNOWN,UNKNOWN,,INJURY AND / OR TOW DUE TO CRASH,,,Y,"OVER $1,500",6/23/2023 23:31,"OPERATING VEHICLE IN ERRATIC, RECKLESS, CARELESS, NEGLIGENT OR AGGRESSIVE MANNER",UNABLE TO DETERMINE,3150,S,WESTERN AVE,911,,,,,,,2,INCAPACITATING INJURY,1,0,1,0,0,1,0,23,6,6,41.8353949,-87.68536845,POINT (-87.685368450434 41.835394897954)