CRASH_RECORD_ID,RD_NO,CRASH_DATE_EST_I,CRASH_DATE,POSTED_SPEED_LIMIT,TRAFFIC_CONTROL_DEVICE,DEVICE_CONDITION,WEATHER_CONDITION,LIGHTING_CONDITION,FIRST_CRASH_TYPE,TRAFFICWAY_TYPE,LANE_CNT,ALIGNMENT,ROADWAY_SURFACE_COND,ROAD_DEFECT,REPORT_TYPE,CRASH_TYPE,INTERSECTION_RELATED_I,NOT_RIGHT_OF_WAY_I,HIT_AND_RUN_I,DAMAGE,DATE_POLICE_NOTIFIED,PRIM_CONTRIBUTORY_CAUSE,SEC_CONTRIBUTORY_CAUSE,STREET_NO,STREET_DIRECTION,STREET_NAME,BEAT_OF_OCCURRENCE,PHOTOS_TAKEN_I,STATEMENTS_TAKEN_I,DOORING_I,WORK_ZONE_I,WORK_ZONE_TYPE,WORKERS_PRESENT_I,NUM_UNITS,MOST_SEVERE_INJURY,INJURIES_TOTAL,INJURIES_FATAL,INJURIES_INCAPACITATING,INJURIES_NON_INCAPACITATING,INJURIES_REPORTED_NOT_EVIDENT,INJURIES_NO_INDICATION,INJURIES_UNKNOWN,CRASH_HOUR,CRASH_DAY_OF_WEEK,CRASH_MONTH,LATITUDE,LONGITUDE,LOCATION
c51c17946a1784bf0d468f39fc31a3303ae8fd619774e41d600798aad3d44b7e88c08d491bc0197498cd8ba1fea720c109caabcf6bab55787cc4c8519eddefa9,JC394827,,8/16/2019 11:11,30,TRAFFIC SIGNAL,FUNCTIONING PROPERLY,CLOUDY/OVERCAST,DAYLIGHT,ANGLE,FOUR WAY,,STRAIGHT AND LEVEL,UNKNOWN,UNKNOWN,,NO INJURY / DRIVE AWAY,Y,,,"OVER $1,500",8/16/2019 11:45,DISREGARDING TRAFFIC SIGNALS,DISREGARDING TRAFFIC SIGNALS,98,N,KEDZIE AVE,1123,,,,,,,2,NO INDICATION OF INJURY,0,0,0,0,0,2,0,11,6,8,41.88274687,-87.70631632,POINT (-87.706316319552 41.882746866821)
c56efa05cdb6794f432cae112f56efb00bf09efdc9e56b00fc28240e28158b37498e1dcf9d17b5ace502c462cda6134cf9b1b5071a76293c59c5625511abf5bb,JD229104,,5/10/2020 17:10,30,NO CONTROLS,NO CONTROLS,RAIN,DAYLIGHT,SIDESWIPE SAME DIRECTION,ONE-WAY,,STRAIGHT AND LEVEL,WET,NO DEFECTS,,INJURY AND / OR TOW DUE TO CRASH,,,,"OVER $1,500",5/10/2020 17:12,FAILING TO REDUCE SPEED TO AVOID CRASH,NOT APPLICABLE,7526,N,DAMEN AVE,2424,,,,,,,2,NO INDICATION OF INJURY,0,0,0,0,0,2,0,17,1,5,42.01874282,-87.68060069,POINT (-87.680600689715 42.018742818095)
c57453e0aa0947925d7cf85d9b4a5547cf5f36de08a0e47faba7cd70cd1224f7d5a8cbf57fbfc2b33b6fd1dece5f7e768de644f51c17df786d62b822f7e052f4,JG291724,,6/7/2023 12:30,30,NO CONTROLS,NO CONTROLS,CLEAR,DAYLIGHT,REAR END,NOT DIVIDED,,STRAIGHT AND LEVEL,DRY,UNKNOWN,,NO INJURY / DRIVE AWAY,,,,"OVER $1,500",6/7/2023 12:35,NOT APPLICABLE,NOT APPLICABLE,1816,W,99TH ST,2213,,,,,,,3,NO INDICATION OF INJURY,0,0,0,0,0,5,0,12,4,6,41.71399102,-87.6680851,POINT (-87.668085094607 41.713991024383)
c58fe340a11560e18e00f84900ad2587a338b9fd68b1eeae427415551ccb215449547d45ea4a5bd51b07c5f25c692846b8d06d9bfac2ac64e5d46ce7cb33157c,JC349467,,7/15/2019 9:30,30,UNKNOWN,UNKNOWN,CLEAR,DAYLIGHT,PEDALCYCLIST,DIVIDED - W/MEDIAN (NOT RAISED),,STRAIGHT AND LEVEL,DRY,NO DEFECTS,,INJURY AND / OR TOW DUE TO CRASH,,,Y,$500 OR LESS,7/15/2019 10:00,FAILING TO YIELD RIGHT-OF-WAY,NOT APPLICABLE,1901,W,LAWRENCE AVE,1912,,,,,,,2,NONINCAPACITATING INJURY,1,0,0,1,0,1,0,9,2,7,41.96868409,-87.6762767,POINT (-87.676276700603 41.968684090266)
c59a3d318680c476a5db68bb5cf15c6c1946bf85238137d032de251af041b4789c0bcd4b80790cbbfa9b471ce95b3302a286f6c722b37460c6c9fe469dfc2a73,JC380010,,8/4/2019 16:45,30,TRAFFIC SIGNAL,FUNCTIONING PROPERLY,CLEAR,DAYLIGHT,REAR END,DIVIDED - W/MEDIAN (NOT RAISED),,STRAIGHT AND LEVEL,DRY,NO DEFECTS,,NO INJURY / DRIVE AWAY,,,Y,"$501 - $1,500",8/5/2019 18:20,FAILING TO REDUCE SPEED TO AVOID CRASH,FOLLOWING TOO CLOSELY,4400,W,63RD ST,813,,,,,,,2,NO INDICATION OF INJURY,0,0,0,0,0,3,0,16,1,8,41.77865237,-87.73258963,POINT (-87.732589628521 41.77865237433)
c5dbe4a76ab8026298cafce4259a016fa6c44ed06e99e921de1820ff5cc1db313c3d5a7f84ccab113a4c7bd1951c1672156e1a0de423c1a269472ea2f482e40e,JC439335,,9/19/2019 3:19,30,TRAFFIC SIGNAL,FUNCTIONING PROPERLY,CLEAR,"DARKNESS, LIGHTED ROAD",ANGLE,CENTER TURN LANE,,STRAIGHT AND LEVEL,DRY,NO DEFECTS,,INJURY AND / OR TOW DUE TO CRASH,Y,Y,Y,"OVER $1,500",9/19/2019 3:21,FAILING TO YIELD RIGHT-OF-WAY,DISREGARDING TRAFFIC SIGNALS,3001,W,BELMONT AVE,1411,,,,,,,2,NO INDICATION OF INJURY,0,0,0,0,0,2,0,3,5,9,41.93925335,-87.70278523,POINT (-87.702785233036 41.939253344724)
c600cf2f06ea2f390bcf67147985398e74b96045988003f87b657eeafc44a227e79a54b89864aa74c2d9b5ffb8eae391b5737632f226eb57b728a1fd1440699b,JC419646,,9/4/2019 10:45,30,TRAFFIC SIGNAL,FUNCTIONING PROPERLY,CLEAR,DAYLIGHT,SIDESWIPE SAME DIRECTION,FOUR WAY,,STRAIGHT AND LEVEL,DRY,NO DEFECTS,,NO INJURY / DRIVE AWAY,Y,,,"OVER $1,500",9/4/2019 10:48,IMPROPER LANE USAGE,UNABLE TO DETERMINE,4659,S,ASHLAND AVE,924,,,,,,,2,NO INDICATION OF INJURY,0,0,0,0,0,2,0,10,4,9,41.80862343,-87.66482619,POINT (-87.664826185223 41.808623424602)
c68a72aa223e82c3f5ed4a633021851150e1489a42576e895b347f0f9f9cf9f701736ee673f481c18c809de192bdd7262bfd683dc50618e15b7f17d31c6312d0,JG323962,,7/1/2023 16:51,30,NO CONTROLS,NO CONTROLS,CLEAR,DAYLIGHT,REAR TO SIDE,PARKING LOT,,STRAIGHT AND LEVEL,DRY,NO DEFECTS,,NO INJURY / DRIVE AWAY,,,,"OVER $1,500",7/1/2023 18:00,IMPROPER BACKING,NOT APPLICABLE,631,N,LA SALLE DR,1832,,,,,,,2,NO INDICATION OF INJURY,0,0,0,0,0,3,0,16,7,7,41.8932512,-87.63249301,POINT (-87.632493012229 41.893251198465)
c6c8ff69e7fcad40610365c3a167642c9b868d497a4e33f384fef8c115a2f4eba74eba5a8d2a3c0cf1eecd17676327bb140cc980d14c6fa3f12d53322e05854d,JD184098,,3/13/2020 10:15,40,TRAFFIC SIGNAL,FUNCTIONING PROPERLY,CLEAR,DAYLIGHT,REAR END,DIVIDED - W/MEDIAN BARRIER,,STRAIGHT AND LEVEL,DRY,NO DEFECTS,,NO INJURY / DRIVE AWAY,,,,"$501 - $1,500",3/13/2020 10:20,FOLLOWING TOO CLOSELY,NOT APPLICABLE,799,N,LAKE SHORE DR NB,1833,,,,,,,2,NO INDICATION OF INJURY,0,0,0,0,0,2,0,10,6,3,41.89682661,-87.61650404,POINT (-87.616504038799 41.896826606292)
c6d1e9e43d6f82f13fba20cddc2e6e6ed5048d2fba100cd9c9bfcea071e3562674869a50e3a29e419f3b875f9e892c56af9ee37ad6eba855be512e8be99bca88,JD189486,,3/18/2020 12:25,30,TRAFFIC SIGNAL,FUNCTIONING PROPERLY,RAIN,DAYLIGHT,ANGLE,Y-INTERSECTION,,STRAIGHT AND LEVEL,WET,NO DEFECTS,,NO INJURY / DRIVE AWAY,Y,,,"OVER $1,500",3/18/2020 12:47,UNABLE TO DETERMINE,UNABLE TO DETERMINE,2543,N,WESTERN AVE,1432,,,,,,,2,NO INDICATION OF INJURY,0,0,0,0,0,3,0,12,4,3,41.92807483,-87.68760624,POINT (-87.687606235905 41.9280748246)
c6dfa060aa2ffe9492c9c55fb14c2dfbac44a7f2438f02b40c0b8109a4fdd9a8c9aa8d9a5a1f6555021a0826bb637e3a0c71fd5da740b08694eafd6be7a7c086,JG304628,,6/17/2023 11:30,30,NO CONTROLS,NO CONTROLS,CLEAR,DAYLIGHT,TURNING,OTHER,,STRAIGHT AND LEVEL,DRY,NO DEFECTS,,NO INJURY / DRIVE AWAY,,,,"OVER $1,500",6/17/2023 12:45,UNABLE TO DETERMINE,NOT APPLICABLE,5600,W,FULLERTON AVE,2515,,,,,,,2,NO INDICATION OF INJURY,0,0,0,0,0,2,0,11,7,6,41.9240902,-87.76605353,POINT (-87.766053530161 41.924090198835)
c6e35b78924c1bce831641dea003eb18c52c422cf69eabeea861096c5afe07e072c10ef6b2c295d4d29f7d1ac60bcec294c8fd11d7195b72faa5bb449b52dc58,JC461986,Y,10/6/2019 9:30,30,NO CONTROLS,NO CONTROLS,CLEAR,DAYLIGHT,PARKED MOTOR VEHICLE,ONE-WAY,,STRAIGHT AND LEVEL,DRY,NO DEFECTS,,NO INJURY / DRIVE AWAY,,,Y,$500 OR LESS,10/6/2019 9:39,UNABLE TO DETERMINE,NOT APPLICABLE,1738,N,KEYSTONE AVE,2534,,,,,,,3,NO INDICATION OF INJURY,0,0,0,0,0,1,0,9,1,10,41.91282181,-87.72779367,POINT (-87.727793671965 41.912821804712)
c6eb369955d63777e49ad0140be14e3afdc94a23272bd380ea4d0e8b7b5d5b2dcdefe2810ce44d7a2d1f0830c4d2fd7e7c4fdfa5cd4ded684d55644b1af651c6,JG312825,,6/23/2023 14:00,35,NO CONTROLS,NO CONTROLS,CLEAR,DAYLIGHT,REAR END,OTHER,,STRAIGHT AND LEVEL,DRY,NO DEFECTS,,INJURY AND / OR TOW DUE TO CRASH,,,Y,"OVER $1,500",6/23/2023 14:05,FOLLOWING TOO CLOSELY,NOT APPLICABLE,301,W,CONGRESS PKWY,122,,,,,,,2,INCAPACITATING INJURY,1,0,1,0,0,3,0,14,6,6,41.87595338,-87.63515828,POINT (-87.635158284361 41.875953379359)
c71424db3f5439e126ce1cd3d0d6afa0d12e4e8259c0fa74011dd37d6efd8aa5777983f37380e734237ee8e77a6065951c85b9a937de2670da7a1a90c4502057,JC507348,,11/12/2019 8:53,30,TRAFFIC SIGNAL,FUNCTIONING PROPERLY,CLEAR,DAYLIGHT,TURNING,ONE-WAY,,STRAIGHT AND LEVEL,DRY,NO DEFECTS,,INJURY AND / OR TOW DUE TO CRASH,Y,,,"OVER $1,500",11/12/2019 8:54,IMPROPER TURNING/NO SIGNAL,FAILING TO YIELD RIGHT-OF-WAY,757,S,JEFFERSON ST,124,,,,,,,2,"REPORTED, NOT EVIDENT",1,0,0,0,1,2,0,8,3,11,41.87203283,-87.6422015,POINT (-87.642201502259 41.87203283107)
c75417a0cd0cd1c304a0c902ae34a17c86491e1e195f50f2b6e62522a710444ec590dd33f8101521395463573b26e6b9e1ef7c4382c91b366edf51b12b45280a,JC545254,Y,12/12/2019 14:45,35,NO CONTROLS,NO CONTROLS,CLEAR,DAYLIGHT,REAR END,DIVIDED - W/MEDIAN (NOT RAISED),,STRAIGHT AND LEVEL,DRY,NO DEFECTS,,NO INJURY / DRIVE AWAY,,,Y,"$501 - $1,500",12/13/2019 11:25,UNABLE TO DETERMINE,UNABLE TO DETERMINE,614,W,BELMONT AVE,1925,,,,,,,2,NO INDICATION OF INJURY,0,0,0,0,0,2,0,14,5,12,41.94014142,-87.64500547,POINT (-87.645005470511 41.940141416543)
c7a922fd0761f6f3458f99c946ca129b16bed23e07f81ba5450f1ff711e9d6c0e7d1795001a518d6c3576bedbe072fed198edf951ec2e09723cb77f55efe9b60,JG318162,,6/26/2023 19:20,30,NO CONTROLS,NO CONTROLS,CLEAR,"DARKNESS, LIGHTED ROAD",TURNING,NOT DIVIDED,,STRAIGHT AND LEVEL,DRY,NO DEFECTS,,NO INJURY / DRIVE AWAY,,,,"OVER $1,500",6/27/2023 13:00,FAILING TO YIELD RIGHT-OF-WAY,UNABLE TO DETERMINE,321,E,46TH ST,215,,,,,,,2,NO INDICATION OF INJURY,0,0,0,0,0,2,0,19,2,6,41.81105503,-87.61870448,POINT (-87.618704478409 41.811055027379)
c7cad7f5ae0e45a51d4ccc8a006e68fcfd19700e53492f6e48f51a27821630e30acb715246ffd6c0ec021e757231de53dbff73c575f1dea806b82c98995b1f5a,,,7/19/2023 22:05,30,TRAFFIC SIGNAL,FUNCTIONING PROPERLY,CLEAR,"DARKNESS, LIGHTED ROAD",SIDESWIPE SAME DIRECTION,DIVIDED - W/MEDIAN (NOT RAISED),,STRAIGHT AND LEVEL,DRY,NO DEFECTS,,NO INJURY / DRIVE AWAY,,,,"OVER $1,500",7/19/2023 22:50,UNABLE TO DETERMINE,NOT APPLICABLE,5500,S,KEDZIE AVE,822,,,,,,,2,NO INDICATION OF INJURY,0,0,0,0,0,2,0,22,4,7,41.79342024,-87.70369751,POINT (-87.703697508454 41.793420236756)
c87d5d9e298a42be5fb55f8ad9548814939cad988f452a63cc6a84c2f72144290ef34e93cfef211e54622f9cd888ce75cf9c294e158e8c6f902c1563433a7c7d,JD177611,,3/7/2020 17:33,30,UNKNOWN,FUNCTIONING PROPERLY,CLEAR,DAYLIGHT,ANGLE,NOT DIVIDED,,STRAIGHT AND LEVEL,DRY,NO DEFECTS,,INJURY AND / OR TOW DUE TO CRASH,Y,,,"OVER $1,500",3/7/2020 17:39,UNABLE TO DETERMINE,UNABLE TO DETERMINE,231,N,CICERO AVE,1113,,,,,,,3,NO INDICATION OF INJURY,0,0,0,0,0,8,0,17,7,3,41.88533772,-87.74530736,POINT (-87.745307360025 41.885337722863)
c88c3ac40947f78b1340856bb4ba419cbd94a8e545de1f4dcfa5dc4e68f938c96a7edabddf7ca60f6dec4a6cf235223f2eb6bf28ba1a272ef1a723017063ca2b,JD141217,,2/5/2020 16:38,30,NO CONTROLS,NO CONTROLS,BLOWING SNOW,DUSK,SIDESWIPE SAME DIRECTION,DIVIDED - W/MEDIAN (NOT RAISED),,STRAIGHT AND LEVEL,WET,NO DEFECTS,,NO INJURY / DRIVE AWAY,,,,"OVER $1,500",2/5/2020 16:39,IMPROPER OVERTAKING/PASSING,IMPROPER LANE USAGE,2405,N,PULASKI RD,2524,,,,,,,2,NO INDICATION OF INJURY,0,0,0,0,0,2,0,16,4,2,41.92469302,-87.72662975,POINT (-87.726629753048 41.924693019553)
c8ac8f84ab7f9ffc84efee438e2cec533c79501328eb2b78adb22255ea99c848c39e88cb3b71888a16ea5c69f48d29c94327e77f25ed200c85ff12654c14a6e6,JC552327,,12/18/2019 8:00,30,UNKNOWN,NO CONTROLS,UNKNOWN,DAYLIGHT,PARKED MOTOR VEHICLE,UNKNOWN,,STRAIGHT AND LEVEL,UNKNOWN,UNKNOWN,,NO INJURY / DRIVE AWAY,,,Y,$500 OR LESS,12/19/2019 8:30,UNABLE TO DETERMINE,NOT APPLICABLE,6000,W,IRVING PARK RD,1624,,,,,,,2,NO INDICATION OF INJURY,0,0,0,0,0,1,0,8,4,12,41.95316377,-87.77684259,POINT (-87.776842592847 41.953163771852)
c8c66c9dcf170dedd667ff7c511945cbb56e7a8006a1551c60b1deeaf8a1efccb37bc9d2ee6eca7152ca02d92d0365cb4e3786317a8a326fac63fe5aeb2ef7d2,JD229203,,5/10/2020 20:00,30,TRAFFIC SIGNAL,FUNCTIONING PROPERLY,RAIN,"DARKNESS, LIGHTED ROAD",REAR END,NOT DIVIDED,,STRAIGHT AND LEVEL,WET,NO DEFECTS,,NO INJURY / DRIVE AWAY,,,,"OVER $1,500",5/10/2020 20:19,UNABLE TO DETERMINE,NOT APPLICABLE,1000,W,95TH ST,2223,,,,,,,2,NO INDICATION OF INJURY,0,0,0,0,0,3,0,20,1,5,41.72151072,-87.64813642,POINT (-87.648136419839 41.721510718916)
c8d2ae64978aa34a7e7ca8cb65e4f233692c213f33b2e87d1009cca3775df5315eb8dd9609fd24700a7de1e0756268403854fb525ba52eff05f70ff1ad7e4d9e,JG286386,,6/2/2023 7:00,30,UNKNOWN,UNKNOWN,UNKNOWN,UNKNOWN,ANGLE,ALLEY,,STRAIGHT AND LEVEL,OTHER,UNKNOWN,,INJURY AND / OR TOW DUE TO CRASH,,,Y,$500 OR LESS,6/3/2023 11:30,UNABLE TO DETERMINE,NOT APPLICABLE,7101,S,CALIFORNIA AVE,831,,,,,,,3,"REPORTED, NOT EVIDENT",1,0,0,0,1,2,0,7,6,6,41.76445015,-87.69288052,POINT (-87.692880520999 41.764450148889)
c98f6392647a123e4e969ae0d52ee5e4d27e24fa453b10402f5533b1392253258360b211616a895ab4fc33054f189a869513d159841247f33c5d596577066643,JC350714,,7/15/2019 15:50,30,UNKNOWN,UNKNOWN,CLEAR,DAYLIGHT,PEDALCYCLIST,CENTER TURN LANE,,STRAIGHT AND LEVEL,DRY,UNKNOWN,,INJURY AND / OR TOW DUE TO CRASH,,,Y,"$501 - $1,500",7/16/2019 0:44,FAILING TO YIELD RIGHT-OF-WAY,UNABLE TO DETERMINE,2021,W,NORTH AVE,1424,,,,,,,2,NONINCAPACITATING INJURY,1,0,0,1,0,1,0,15,2,7,41.91035849,-87.67841847,POINT (-87.678418474435 41.910358488831)
c9d233e31a4f2a07733ef75f0404e75c360b30c7ee9bc45076938dc80c375578c1468bc096ecb773d2bfc71270d746d95f416a5bd6b15fbcf8707b1748693722,JD200579,,4/2/2020 17:44,30,NO CONTROLS,NO CONTROLS,CLEAR,DAYLIGHT,REAR TO REAR,DIVIDED - W/MEDIAN BARRIER,,STRAIGHT AND LEVEL,DRY,NO DEFECTS,,INJURY AND / OR TOW DUE TO CRASH,,,,"OVER $1,500",4/2/2020 17:44,"OPERATING VEHICLE IN ERRATIC, RECKLESS, CARELESS, NEGLIGENT OR AGGRESSIVE MANNER",NOT APPLICABLE,510,W,87TH ST,622,,,,,,,6,NO INDICATION OF INJURY,0,0,0,0,0,7,0,17,5,4,41.73628382,-87.63680211,POINT (-87.636802110638 41.736283818931)
c9dbf4fc430401880422cf4684918a11786828f8109a546bf995a1d01d1d108eba8c9be3e4e013fdaa908d5ed033572e2bc98d69571598bf2b8732d261628999,JD219749,,4/29/2020 10:25,30,NO CONTROLS,NO CONTROLS,RAIN,DAYLIGHT,REAR END,DIVIDED - W/MEDIAN (NOT RAISED),,STRAIGHT AND LEVEL,WET,NO DEFECTS,,NO INJURY / DRIVE AWAY,,,,"$501 - $1,500",4/29/2020 10:27,UNABLE TO DETERMINE,UNABLE TO DETERMINE,754,E,79TH ST,624,,,,,,,3,NO INDICATION OF INJURY,0,0,0,0,0,4,0,10,4,4,41.75139294,-87.60544924,POINT (-87.605449240975 41.751392942631)
ca1a987f16205a8f3210d3e9b1142331b7832f37423a5744b770c9bc40b2a93811eb95682c94704c3ab159f37982b27fcdb94a128bdaef6a2bb2d5a3844936d8,JD210824,,4/17/2020 10:40,30,TRAFFIC SIGNAL,FUNCTIONING PROPERLY,SNOW,DAYLIGHT,REAR END,NOT DIVIDED,,STRAIGHT AND LEVEL,WET,NO DEFECTS,,INJURY AND / OR TOW DUE TO CRASH,,,Y,"$501 - $1,500",4/17/2020 10:40,FOLLOWING TOO CLOSELY,"OPERATING VEHICLE IN ERRATIC, RECKLESS, CARELESS, NEGLIGENT OR AGGRESSIVE MANNER",8220,S,ASHLAND AVE,614,,,,,,,2,NONINCAPACITATING INJURY,4,0,0,1,3,3,0,10,6,4,41.74423686,-87.66343158,POINT (-87.66343158424 41.744236862071)
ca55a614284013165288014cd9f8c690456489e9d430ca007e304fcab339ee347fdcd0cbaef377670db10e5bd43f9e2ee92462b716a194f7dfa1fd9a070af951,JC553069,,12/9/2019 17:51,10,NO CONTROLS,NO CONTROLS,CLEAR,"DARKNESS, LIGHTED ROAD",PARKED MOTOR VEHICLE,PARKING LOT,,STRAIGHT AND LEVEL,DRY,NO DEFECTS,,NO INJURY / DRIVE AWAY,,,Y,"OVER $1,500",12/19/2019 18:00,UNABLE TO DETERMINE,NOT APPLICABLE,3857,S,DR MARTIN LUTHER KING JR DR,212,,,,,,,2,NO INDICATION OF INJURY,0,0,0,0,0,1,0,17,2,12,41.82398325,-87.61685389,POINT (-87.616853890785 41.823983251515)
caa665f60a1cf180b17f2f1ebb2cf3216254d959e6e13dbf7cbc253c312fd8e10018ed26e1cbb28c3f4bf59243f7556d8d47036af2117a93a560656dde6f1129,JD140102,,2/4/2020 17:42,30,NO CONTROLS,NO CONTROLS,CLEAR,DARKNESS,ANGLE,NOT DIVIDED,,STRAIGHT AND LEVEL,DRY,NO DEFECTS,,NO INJURY / DRIVE AWAY,,,,"OVER $1,500",2/4/2020 17:45,FAILING TO YIELD RIGHT-OF-WAY,NOT APPLICABLE,1532,N,HAMLIN AVE,2535,,,,,,,2,NO INDICATION OF INJURY,0,0,0,0,0,2,0,17,3,2,41.9091118,-87.72178373,POINT (-87.721783729059 41.909111795352)
cb315639676f7ff38771ef7a50eb103ad8825c22c15f142ecfb6f5b77111e1d969af23f7e8bbb14ec0718e4f29e2c12183d26499c5afaa45534772127d90ce75,JG206798,,4/1/2023 2:45,15,NO CONTROLS,NO CONTROLS,CLEAR,DARKNESS,PARKED MOTOR VEHICLE,ONE-WAY,,STRAIGHT AND LEVEL,DRY,NO DEFECTS,,INJURY AND / OR TOW DUE TO CRASH,,,Y,"OVER $1,500",4/1/2023 2:58,"OPERATING VEHICLE IN ERRATIC, RECKLESS, CARELESS, NEGLIGENT OR AGGRESSIVE MANNER","OPERATING VEHICLE IN ERRATIC, RECKLESS, CARELESS, NEGLIGENT OR AGGRESSIVE MANNER",156,N,LECLAIRE AVE,1532,,,,,,,5,NONINCAPACITATING INJURY,1,0,0,1,0,2,0,2,7,4,41.8833628,-87.75287611,POINT (-87.752876109081 41.883362795617)
cb7da7a39a8ca9edf655bdd2d75081916a19f5b7a7b28f3bb9c04d3bcf7ab0274f3842bd27952f2940ae67be22bfd915522fbaac6a368026dff0ba1d56b6c0f8,JC462311,,10/6/2019 15:10,30,NO CONTROLS,NO CONTROLS,CLEAR,DAYLIGHT,PEDESTRIAN,NOT DIVIDED,,STRAIGHT AND LEVEL,DRY,NO DEFECTS,,INJURY AND / OR TOW DUE TO CRASH,,,Y,"OVER $1,500",10/6/2019 15:54,UNABLE TO DETERMINE,UNABLE TO DETERMINE,3412,N,OAK PARK AVE,1632,,,,,,,2,NONINCAPACITATING INJURY,1,0,0,1,0,1,0,15,1,10,41.94224245,-87.79600357,POINT (-87.796003571201 41.942242449291)
cbe6379a5f64db48969616dded09547d8ced8019118d4020f63c5073059a8a00fdb653072194210c1ccc56fe085ef9738c72e1a47abbaf749f43cbb7803aa23f,JC332410,,7/2/2019 20:50,30,STOP SIGN/FLASHER,FUNCTIONING PROPERLY,RAIN,"DARKNESS, LIGHTED ROAD",PARKED MOTOR VEHICLE,NOT DIVIDED,,STRAIGHT AND LEVEL,WET,UNKNOWN,,NO INJURY / DRIVE AWAY,,,Y,"OVER $1,500",7/2/2019 23:00,UNABLE TO DETERMINE,NOT APPLICABLE,1201,E,79TH ST,411,N,,,,,,2,NO INDICATION OF INJURY,0,0,0,0,0,1,0,20,3,7,41.75127762,-87.59542736,POINT (-87.595427361329 41.751277621813)
cbf4dd693176676e6ee861ddfd12607a2322861b755478db51e7df31c31df3b700be379462c2e1ddf0f6eb0d3272a6208341e74fb25fba5f4e56c0e8c6041b3b,JD216524,,4/24/2020 23:15,30,STOP SIGN/FLASHER,FUNCTIONING PROPERLY,CLEAR,DARKNESS,TURNING,NOT DIVIDED,,STRAIGHT AND LEVEL,DRY,NO DEFECTS,,NO INJURY / DRIVE AWAY,,,Y,"OVER $1,500",4/24/2020 23:20,FAILING TO YIELD RIGHT-OF-WAY,NOT APPLICABLE,701,N,CENTRAL AVE,1524,,,,,,,2,NO INDICATION OF INJURY,0,0,0,0,0,4,0,23,6,4,41.893025,-87.76517589,POINT (-87.765175891591 41.893025001387)
cc03d09ea47a7f78db5b9ddd46530e846426da2a2cd615d9c81f727d420c05d1f65b56966a5df1faace30a17b9e16b9ce12a363d9defbd9a94c519a40cbf93d5,JD201844,,4/4/2020 11:20,25,STOP SIGN/FLASHER,OTHER,CLEAR,DAYLIGHT,ANGLE,ONE-WAY,,STRAIGHT AND LEVEL,DRY,NO DEFECTS,,INJURY AND / OR TOW DUE TO CRASH,Y,,Y,"OVER $1,500",4/4/2020 11:21,DISREGARDING STOP SIGN,FAILING TO YIELD RIGHT-OF-WAY,1000,N,LOCKWOOD AVE,1524,,,,,,,2,NO INDICATION OF INJURY,0,0,0,0,0,3,0,11,7,4,41.89865411,-87.75829709,POINT (-87.758297087607 41.898654112286)
cc18b7e3676717943b24f35c1fd0a9b144279a27eb1ed1e8bbe8aa9bdb2957ad172169192ba3e8a6e725aadc88a7eef42549d5f2c30e49e4e0dfc801cb5093f6,JC555182,,12/21/2019 12:40,20,TRAFFIC SIGNAL,FUNCTIONING PROPERLY,CLEAR,DAYLIGHT,REAR END,FOUR WAY,,STRAIGHT AND LEVEL,DRY,NO DEFECTS,,NO INJURY / DRIVE AWAY,Y,,,"$501 - $1,500",12/21/2019 12:40,FOLLOWING TOO CLOSELY,NOT APPLICABLE,2400,S,CALIFORNIA AVE,1033,,,,,,,3,NO INDICATION OF INJURY,0,0,0,0,0,3,0,12,7,12,41.8482428,-87.69549086,POINT (-87.695490863877 41.848242798978)
cc5e4fe28f6accbe74ffa5ebde6f86be250f77b2df69d9ef627050fe1a923ce30de959cd4ec66512087c42c3ce61e1c0edcd27d67bda260d5c70ec25f9d58a36,JD200643,,4/2/2020 19:15,30,NO CONTROLS,NO CONTROLS,CLEAR,DAYLIGHT,TURNING,DIVIDED - W/MEDIAN (NOT RAISED),,STRAIGHT AND LEVEL,DRY,NO DEFECTS,,NO INJURY / DRIVE AWAY,,,,"$501 - $1,500",4/2/2020 19:17,IMPROPER TURNING/NO SIGNAL,NOT APPLICABLE,1838,N,DAMEN AVE,1434,,,,,,,2,NO INDICATION OF INJURY,0,0,0,0,0,2,0,19,5,4,41.91493798,-87.67770563,POINT (-87.67770562779 41.914937982756)
cc6027ac4fdedb57591ffaecc4bdda5a23c4e1a438504fb28cb0b6d883a04fe0a4a27a64e7154a381826cc8c6684fdf616f60576331326cd51e1815cbb48d989,JD217679,,4/26/2020 15:00,30,TRAFFIC SIGNAL,FUNCTIONING PROPERLY,CLEAR,DAYLIGHT,SIDESWIPE SAME DIRECTION,NOT DIVIDED,,STRAIGHT AND LEVEL,DRY,NO DEFECTS,,NO INJURY / DRIVE AWAY,,,Y,"$501 - $1,500",4/26/2020 15:58,IMPROPER OVERTAKING/PASSING,FAILING TO REDUCE SPEED TO AVOID CRASH,3558,N,HARLEM AVE,1631,,,,,,,2,NO INDICATION OF INJURY,0,0,0,0,0,2,0,15,1,4,41.94517151,-87.80714953,POINT (-87.807149526027 41.945171511055)