CRASH_RECORD_ID,RD_NO,CRASH_DATE_EST_I,CRASH_DATE,POSTED_SPEED_LIMIT,TRAFFIC_CONTROL_DEVICE,DEVICE_CONDITION,WEATHER_CONDITION,LIGHTING_CONDITION,FIRST_CRASH_TYPE,TRAFFICWAY_TYPE,LANE_CNT,ALIGNMENT,ROADWAY_SURFACE_COND,ROAD_DEFECT,REPORT_TYPE,CRASH_TYPE,INTERSECTION_RELATED_I,NOT_RIGHT_OF_WAY_I,HIT_AND_RUN_I,DAMAGE,DATE_POLICE_NOTIFIED,PRIM_CONTRIBUTORY_CAUSE,SEC_CONTRIBUTORY_CAUSE,STREET_NO,STREET_DIRECTION,STREET_NAME,BEAT_OF_OCCURRENCE,PHOTOS_TAKEN_I,STATEMENTS_TAKEN_I,DOORING_I,WORK_ZONE_I,WORK_ZONE_TYPE,WORKERS_PRESENT_I,NUM_UNITS,MOST_SEVERE_INJURY,INJURIES_TOTAL,INJURIES_FATAL,INJURIES_INCAPACITATING,INJURIES_NON_INCAPACITATING,INJURIES_REPORTED_NOT_EVIDENT,INJURIES_NO_INDICATION,INJURIES_UNKNOWN,CRASH_HOUR,CRASH_DAY_OF_WEEK,CRASH_MONTH,LATITUDE,LONGITUDE,LOCATION
cc6f297eb5748f5a5eb6549e0182fdc308ac3f8bb0d7fe9faed7a62f54641c25effd9a348f2463c3d388a887b2eb86c7d3d2293d4c0cf0fc39034e07a62efd37,JC309798,,6/17/2019 10:00,25,TRAFFIC SIGNAL,FUNCTIONING PROPERLY,CLEAR,DAYLIGHT,REAR END,NOT DIVIDED,,STRAIGHT AND LEVEL,DRY,NO DEFECTS,,INJURY AND / OR TOW DUE TO CRASH,,,,"OVER $1,500",6/17/2019 10:05,EQUIPMENT - VEHICLE CONDITION,EQUIPMENT - VEHICLE CONDITION,9400,S,LAFAYETTE AVE,634,,,,,,,2,NONINCAPACITATING INJURY,2,0,0,2,0,0,0,10,2,6,41.72349618,-87.62522299,POINT (-87.625222991138 41.723496181638)
ccc1987b9bc4b5ef690673bfa2a48c662ab5188b5317f9d445e2949c37381b1d52261cedb9c131a19af0b94b3692624642052f7441958da857afefc36ae6d4e4,JC511171,,11/15/2019 9:15,35,NO CONTROLS,NO CONTROLS,CLEAR,DAYLIGHT,REAR END,NOT DIVIDED,,STRAIGHT AND LEVEL,DRY,NO DEFECTS,,INJURY AND / OR TOW DUE TO CRASH,,,Y,"OVER $1,500",11/15/2019 9:17,FAILING TO REDUCE SPEED TO AVOID CRASH,FOLLOWING TOO CLOSELY,1042,N,KEDZIE AVE,1121,,,,,,,5,NO INDICATION OF INJURY,0,0,0,0,0,3,0,9,6,11,41.90037308,-87.70685847,POINT (-87.706858471226 41.900373080244)
cd4851dd02f1b0131c8b05b5fd9c3c723bedfea981da8b3a7b89ec2dacebcbafeb42d2bb248689e36ca197fcc733465ab7bbd1725534b9e2bdb573ca1c3a82c9,JG285693,,6/2/2023 20:13,30,TRAFFIC SIGNAL,FUNCTIONING PROPERLY,CLEAR,DAYLIGHT,HEAD ON,DIVIDED - W/MEDIAN (NOT RAISED),,STRAIGHT AND LEVEL,DRY,NO DEFECTS,,INJURY AND / OR TOW DUE TO CRASH,Y,,,"OVER $1,500",6/2/2023 20:14,FAILING TO YIELD RIGHT-OF-WAY,UNABLE TO DETERMINE,6985,N,RIDGE BLVD,2424,,,,,,,2,NONINCAPACITATING INJURY,2,0,0,1,1,0,0,20,6,6,42.00881729,-87.68167666,POINT (-87.681676654738 42.00881729077)
cd5ccd441fb7be8c8ca9c88d9e215581566dd6be33bb44edb497bca2ac1e031b82a5bf5cf633a021c6079e6cfa7c013e56b62300ba197f03305c4bf0052caa61,JD202992,,4/6/2020 5:25,30,TRAFFIC SIGNAL,FUNCTIONING PROPERLY,CLEAR,DAYLIGHT,SIDESWIPE SAME DIRECTION,NOT DIVIDED,,STRAIGHT AND LEVEL,DRY,NO DEFECTS,,NO INJURY / DRIVE AWAY,Y,,Y,$500 OR LESS,4/6/2020 6:45,UNABLE TO DETERMINE,UNABLE TO DETERMINE,1647,N,LA SALLE DR,1814,,,,,,,2,NO INDICATION OF INJURY,0,0,0,0,0,2,0,5,2,4,41.91250324,-87.63301193,POINT (-87.633011932875 41.912503239452)
cd5dd9b37a3f4d436e607e37f2af67bbd621fa5722e98f187f14ab84d50955c7bdc2e68d70adab288b20d2c295ec557e8fa035376a0e1b4a921f8463daf36a71,JD125409,,1/23/2020 7:45,30,STOP SIGN/FLASHER,UNKNOWN,SNOW,DAYLIGHT,HEAD ON,NOT DIVIDED,,STRAIGHT AND LEVEL,SNOW OR SLUSH,NO DEFECTS,,INJURY AND / OR TOW DUE TO CRASH,Y,,,"OVER $1,500",1/23/2020 7:45,WEATHER,NOT APPLICABLE,11505,S,DOTY AVE E,434,,,,,,,2,NONINCAPACITATING INJURY,1,0,0,1,0,1,0,7,5,1,41.68582785,-87.60039227,POINT (-87.600392266774 41.685827851238)
cd68e3218ffe768cfc1a5e0c75fd3a54365ef1d53e67c586056898643cb755cc2c67fb3e36fd1302e0000502a1fdd5253c99516a597dd1510e5ff25cf825f27c,JC479956,,10/20/2019 17:20,30,STOP SIGN/FLASHER,FUNCTIONING PROPERLY,CLEAR,DAYLIGHT,PEDALCYCLIST,NOT DIVIDED,,STRAIGHT AND LEVEL,DRY,NO DEFECTS,,INJURY AND / OR TOW DUE TO CRASH,Y,,,"OVER $1,500",10/20/2019 17:20,IMPROPER TURNING/NO SIGNAL,FAILING TO YIELD RIGHT-OF-WAY,5300,N,DAMEN AVE,2012,,,,,,,2,NONINCAPACITATING INJURY,1,0,0,1,0,2,0,17,1,10,41.97789264,-87.67960719,POINT (-87.679607192658 41.977892642182)
cda1e61038dab64fa87184badd3cde6ac79d91bca48f9b3785956ab01d7a77b02a14ca61356d3b850ddd63d4a31f570b770f14d733f828e1c86af3953304e5a6,JG296843,,6/11/2023 12:34,30,TRAFFIC SIGNAL,FUNCTIONING PROPERLY,RAIN,DAYLIGHT,TURNING,Y-INTERSECTION,,STRAIGHT AND LEVEL,WET,NO DEFECTS,,INJURY AND / OR TOW DUE TO CRASH,Y,,,"OVER $1,500",6/11/2023 12:42,DISREGARDING TRAFFIC SIGNALS,UNABLE TO DETERMINE,3600,W,ADDISON ST,1732,,,,,,,2,NO INDICATION OF INJURY,0,0,0,0,0,3,0,12,1,6,41.94661216,-87.71770414,POINT (-87.71770413624 41.946612161493)
cda8f234baf240e7fd903b0d537ae1f6a02a5fe12654ad7e68ad7502ec3719e8c53e644b82601cc6f25eaf7ea1707bc26f91a868ee86b74d3ac266e1a824350d,JD248048,,5/30/2020 22:30,35,TRAFFIC SIGNAL,UNKNOWN,CLEAR,"DARKNESS, LIGHTED ROAD",REAR END,DIVIDED - W/MEDIAN (NOT RAISED),,STRAIGHT AND LEVEL,DRY,NO DEFECTS,,NO INJURY / DRIVE AWAY,Y,,,$500 OR LESS,5/31/2020 1:12,UNABLE TO DETERMINE,UNABLE TO DETERMINE,600,W,ROOSEVELT RD,124,,,,,,,3,NO INDICATION OF INJURY,0,0,0,0,0,3,0,22,7,5,41.86732839,-87.64226424,POINT (-87.642264238244 41.867328391469)
cdb1a111753e61673f9849e1dbbba47b8d1728c7bf21dbfadb281512f1668c0e6d3e695c1e7d8acbfe14a0f77039f350cba8dd44b66db1e2acb47abf39570c30,JG282548,,5/31/2023 15:30,30,TRAFFIC SIGNAL,FUNCTIONING PROPERLY,CLEAR,DAYLIGHT,TURNING,NOT DIVIDED,,STRAIGHT AND LEVEL,DRY,NO DEFECTS,,NO INJURY / DRIVE AWAY,Y,,,"OVER $1,500",5/31/2023 16:36,UNABLE TO DETERMINE,UNABLE TO DETERMINE,173,E,ROOSEVELT RD,132,,,,,,,2,NO INDICATION OF INJURY,0,0,0,0,0,4,0,15,4,5,41.86737403,-87.62259424,POINT (-87.62259423623 41.867374025052)
cdb75ca64dc25e802a6608ff1ad8d8feb18b49df0002f5318a499854366dc6a9bda5ad23e8f277128985392aae377f1e93c52ef2fc6a14b3e4d6a181b571fcb2,JC553318,,12/19/2019 21:52,25,NO CONTROLS,NO CONTROLS,CLEAR,"DARKNESS, LIGHTED ROAD",REAR END,OTHER,,STRAIGHT AND LEVEL,DRY,NO DEFECTS,,INJURY AND / OR TOW DUE TO CRASH,,,,"OVER $1,500",12/19/2019 22:10,FOLLOWING TOO CLOSELY,NOT APPLICABLE,2098,S,MARSHALL BLVD,1022,,,,,,,2,NO INDICATION OF INJURY,0,0,0,0,0,4,0,21,5,12,41.85372665,-87.69929767,POINT (-87.699297665374 41.853726651196)
cdc6a881b4d2e9ca6cf43560a1db84de7dca2500550379ffc9ae0959e3eb46f3ae42ad69569699cd70be3c93a509f4735e76c25ec06c90c6c45a5136856b1637,JG334944,,7/10/2023 8:47,25,NO CONTROLS,NO CONTROLS,CLEAR,DAYLIGHT,PARKED MOTOR VEHICLE,ONE-WAY,,STRAIGHT AND LEVEL,DRY,NO DEFECTS,,INJURY AND / OR TOW DUE TO CRASH,,,Y,$500 OR LESS,7/10/2023 9:05,DRIVING SKILLS/KNOWLEDGE/EXPERIENCE,DRIVING SKILLS/KNOWLEDGE/EXPERIENCE,4821,W,BELLE PLAINE AVE,1624,,,,,,,2,NO INDICATION OF INJURY,0,0,0,0,0,1,0,8,2,7,41.95512441,-87.74825617,POINT (-87.748256170574 41.955124413682)
cdd874e6f7da15d68d04cf557343bb3914cf661456229d1f3e4e2bd35cf0221afa8184eb09aa80dda239a7ddb3fc3fa3cee0ff21ee2490149349d52d36925696,JC488461,,10/27/2019 13:05,30,TRAFFIC SIGNAL,FUNCTIONING PROPERLY,CLEAR,DAYLIGHT,TURNING,NOT DIVIDED,,STRAIGHT AND LEVEL,DRY,NO DEFECTS,,NO INJURY / DRIVE AWAY,Y,,,"$501 - $1,500",10/27/2019 15:13,UNABLE TO DETERMINE,UNABLE TO DETERMINE,299,W,ONTARIO ST,1831,,,,,,,2,NO INDICATION OF INJURY,0,0,0,0,0,2,0,13,1,10,41.89305843,-87.63553769,POINT (-87.635537690767 41.893058429733)
cde3ca9024e1b20b9f026524996f034ac617d8f7d946f504d69bedfc7deae5f4703f41964eea4a16a6da9b06d166305d26da98e63d50bb3a4756fa46683f7687,JC353425,,7/17/2019 21:30,30,STOP SIGN/FLASHER,FUNCTIONING PROPERLY,CLEAR,"DARKNESS, LIGHTED ROAD",PEDALCYCLIST,DIVIDED - W/MEDIAN (NOT RAISED),,STRAIGHT AND LEVEL,DRY,UNKNOWN,,INJURY AND / OR TOW DUE TO CRASH,Y,,,$500 OR LESS,7/17/2019 21:42,DISREGARDING STOP SIGN,UNABLE TO DETERMINE,5032,N,DAMEN AVE,2032,,,,,,,2,"REPORTED, NOT EVIDENT",1,0,0,0,1,2,0,21,4,7,41.97337356,-87.67947154,POINT (-87.679471536662 41.973373557562)
cde43dd3966ac966194afe8a7c88e822c3c6b0fe719931c689aa044bdd4e07e41bc2f8fc30fedeb62566a8cfb339a2f69ca36e5fd647671f77018fcc14553abd,JC512374,,11/16/2019 4:05,30,NO CONTROLS,NO CONTROLS,CLEAR,"DARKNESS, LIGHTED ROAD",PARKED MOTOR VEHICLE,NOT DIVIDED,,STRAIGHT AND LEVEL,DRY,NO DEFECTS,,NO INJURY / DRIVE AWAY,,,Y,"OVER $1,500",11/16/2019 4:06,HAD BEEN DRINKING (USE WHEN ARREST IS NOT MADE),PHYSICAL CONDITION OF DRIVER,3542,N,HALSTED ST,1924,,,,,,,2,NO INDICATION OF INJURY,0,0,0,0,0,1,0,4,7,11,41.94674201,-87.64961475,POINT (-87.649614746099 41.946742008025)
ce0d70709569b9d5052f23b2742734fed3e9268931209f99bb693e9a40ddd18334c7762b992673154aeeaedc32a2d203943daf6b1d86032eedd7963bbfff108b,JD207035,,4/11/2020 16:17,25,NO CONTROLS,NO CONTROLS,CLEAR,DAYLIGHT,REAR END,NOT DIVIDED,,STRAIGHT AND LEVEL,DRY,NO DEFECTS,,NO INJURY / DRIVE AWAY,,,Y,"$501 - $1,500",4/11/2020 16:18,UNABLE TO DETERMINE,NOT APPLICABLE,5625,W,MONTROSE AVE,1624,,,,,,,2,NO INDICATION OF INJURY,0,0,0,0,0,2,0,16,7,4,41.96036074,-87.76824843,POINT (-87.768248428232 41.96036074146)
ce0ed45ba142fff0e8c61ae1e65096b5ee29bbf59cd91a3cbf0a5678f7ef1fe6e78d26a8c8e1c283763f10ab43af2c9b3859be7a8bae33b1a1372fb73631a3d1,JD249694,,5/31/2020 20:15,20,NO CONTROLS,NO CONTROLS,CLEAR,DAYLIGHT,ANGLE,ONE-WAY,,STRAIGHT AND LEVEL,DRY,NO DEFECTS,,NO INJURY / DRIVE AWAY,,,,"$501 - $1,500",6/1/2020 11:10,UNABLE TO DETERMINE,NOT APPLICABLE,1000,N,MASON AVE,1511,,,,,,,2,NO INDICATION OF INJURY,0,0,0,0,0,5,0,20,1,5,41.89846171,-87.7741857,POINT (-87.774185698937 41.898461712089)
ce1d0f8ca68971ca1ae1b1c678f43c7e1f6ef979dcc3dcf1d6d21368822c38a35aa790cbb94943ee73967ce04e8c61a3dc1433d0f35adbf383c7b860f6702f17,JC526212,,11/27/2019 9:00,30,TRAFFIC SIGNAL,FUNCTIONING PROPERLY,CLOUDY/OVERCAST,DAYLIGHT,REAR END,TRAFFIC ROUTE,,STRAIGHT AND LEVEL,DRY,NO DEFECTS,,NO INJURY / DRIVE AWAY,,,Y,"OVER $1,500",11/27/2019 9:30,FOLLOWING TOO CLOSELY,NOT APPLICABLE,6701,S,CICERO AVE,833,,,,,,,2,NO INDICATION OF INJURY,0,0,0,0,0,2,0,9,4,11,41.7710448,-87.74190563,POINT (-87.741905631651 41.771044801146)
ce648b07372dadeaadca22c946680931d77f047a87ae370d5dcd6f814bc20ddee29841d7df352a893eb3c084d0e2a2c48190d1b414bfd18238eaa629c057fdbb,JD239387,,5/22/2020 12:44,30,NO CONTROLS,NO CONTROLS,CLEAR,DAYLIGHT,PARKED MOTOR VEHICLE,NOT DIVIDED,,STRAIGHT AND LEVEL,DRY,NO DEFECTS,,INJURY AND / OR TOW DUE TO CRASH,,,,"OVER $1,500",5/22/2020 13:00,"OPERATING VEHICLE IN ERRATIC, RECKLESS, CARELESS, NEGLIGENT OR AGGRESSIVE MANNER",NOT APPLICABLE,2150,W,CERMAK RD,1234,,,,,,,3,NO INDICATION OF INJURY,0,0,0,0,0,4,0,12,6,5,41.85221428,-87.68031994,POINT (-87.680319938402 41.852214281656)
ceb2f8eb126f8ad7aa723aa5b98b90a62a9d1422ebbc5059ff8582c0c2b3b4a93edf7540fe91f9780bcda6670f155c152c1d314bd9fb1b249db916a0338d59b7,JB567172,,12/25/2018 19:05,30,NO CONTROLS,NO CONTROLS,CLEAR,"DARKNESS, LIGHTED ROAD",PARKED MOTOR VEHICLE,NOT DIVIDED,4,STRAIGHT AND LEVEL,DRY,NO DEFECTS,,INJURY AND / OR TOW DUE TO CRASH,,,,"OVER $1,500",12/25/2018 19:06,"VISION OBSCURED (SIGNS, TREE LIMBS, BUILDINGS, ETC.)","VISION OBSCURED (SIGNS, TREE LIMBS, BUILDINGS, ETC.)",2150,W,111TH ST,2212,,,,,,,2,FATAL,3,1,0,2,0,0,0,19,3,12,41.69196781,-87.67594397,POINT (-87.675943964568 41.691967805961)
cebc055a0feaae2e071cb29192fd15aa2278742b5b4a3617bb993abc5b48818901916cf7330b3dbc56b48a7ed51968588ddc7d15732534d718b4324e8a2c46a1,JG116548,,1/14/2023 22:56,30,TRAFFIC SIGNAL,UNKNOWN,CLEAR,"DARKNESS, LIGHTED ROAD",TURNING,FOUR WAY,,STRAIGHT AND LEVEL,UNKNOWN,UNKNOWN,,NO INJURY / DRIVE AWAY,Y,,,"OVER $1,500",1/14/2023 23:08,DRIVING SKILLS/KNOWLEDGE/EXPERIENCE,DRIVING SKILLS/KNOWLEDGE/EXPERIENCE,330,W,CHICAGO AVE,1823,,N,,,,,2,NO INDICATION OF INJURY,0,0,0,0,0,2,0,22,7,1,41.8966654,-87.63694493,POINT (-87.636944933728 41.896665401726)
cee42b9427bc7493e295e1a179b94c686b02520822e8a0a98d559a9ac4355f23e6f5803d441ef734742dd0368f0228b348d7ebe113267f1bed0036285f9054bc,JC559392,,12/24/2019 22:25,30,TRAFFIC SIGNAL,FUNCTIONING PROPERLY,CLEAR,"DARKNESS, LIGHTED ROAD",REAR END,DIVIDED - W/MEDIAN BARRIER,,STRAIGHT AND LEVEL,DRY,NO DEFECTS,,NO INJURY / DRIVE AWAY,,,N,"OVER $1,500",12/24/2019 22:30,UNABLE TO DETERMINE,FOLLOWING TOO CLOSELY,630,N,LA SALLE DR,1832,,,,,,,2,NO INDICATION OF INJURY,0,0,0,0,0,4,0,22,3,12,41.89324477,-87.6327867,POINT (-87.632786703841 41.893244773868)
cf05e44c2e802754b63a3d812b1e1eb6d152d2956ba80cca83525f888736a1e00e708734c02c66b73b45438c471f29404b49bd3e590ce030b9ecd74a0a0728fa,JG228148,,4/18/2023 10:00,30,TRAFFIC SIGNAL,FUNCTIONING PROPERLY,CLEAR,DAYLIGHT,ANGLE,DIVIDED - W/MEDIAN (NOT RAISED),,STRAIGHT AND LEVEL,DRY,NO DEFECTS,,NO INJURY / DRIVE AWAY,Y,,,"OVER $1,500",4/18/2023 12:55,"VISION OBSCURED (SIGNS, TREE LIMBS, BUILDINGS, ETC.)",UNABLE TO DETERMINE,7900,S,DAMEN AVE,611,,,,,,,2,NO INDICATION OF INJURY,0,0,0,0,0,2,0,10,3,4,41.75018236,-87.67327886,POINT (-87.673278856776 41.750182355465)
cf826354ea7d0ba6785eb772b9820ca51ef198d4a88cbadb08f269b8dc2f741438f89b328a4e561809dad31bd99e47ad0b9938cb585d46041c20764211778fb8,JC382901,,8/7/2019 17:00,30,TRAFFIC SIGNAL,FUNCTIONING PROPERLY,CLEAR,DAYLIGHT,PEDESTRIAN,FOUR WAY,,STRAIGHT AND LEVEL,DRY,NO DEFECTS,,INJURY AND / OR TOW DUE TO CRASH,N,,,$500 OR LESS,8/7/2019 17:11,FAILING TO YIELD RIGHT-OF-WAY,UNABLE TO DETERMINE,4300,S,CALIFORNIA AVE,922,,,,,,,2,FATAL,1,1,0,0,0,1,0,17,4,8,41.81544961,-87.6945694,POINT (-87.694569400937 41.815449611067)
cfa08ee39614c3a8499f98dc350d306edd9dd0af1e1b53e496426f700a2dbcf62f7d95c0230ee8193631717fd3bc34d526c2e5304ed9fd8397480ff9c954deb7,JC412806,,8/29/2019 23:20,30,TRAFFIC SIGNAL,FUNCTIONING PROPERLY,CLEAR,"DARKNESS, LIGHTED ROAD",REAR END,TRAFFIC ROUTE,,STRAIGHT AND LEVEL,UNKNOWN,UNKNOWN,,INJURY AND / OR TOW DUE TO CRASH,Y,,,$500 OR LESS,8/30/2019 0:00,FOLLOWING TOO CLOSELY,NOT APPLICABLE,1300,S,WESTERN AVE,1023,,,,,,,2,"REPORTED, NOT EVIDENT",1,0,0,0,1,3,0,23,5,8,41.86473994,-87.68613406,POINT (-87.686134063238 41.864739941196)
cfe55a89bee208c01f76325786202e1e0c6a6b79a4fef55746b8f3dc8ed3f7f95aefb6d78822036093f37fe516604675b35cf0484c7ee608c164a77749739c03,JC522843,,11/24/2019 13:55,30,TRAFFIC SIGNAL,FUNCTIONING PROPERLY,CLEAR,DAYLIGHT,PEDESTRIAN,FOUR WAY,,STRAIGHT AND LEVEL,DRY,NO DEFECTS,,INJURY AND / OR TOW DUE TO CRASH,Y,,,$500 OR LESS,11/24/2019 13:57,UNABLE TO DETERMINE,NOT APPLICABLE,3298,N,ASHLAND AVE,1922,,,,,,,2,NONINCAPACITATING INJURY,1,0,0,1,0,3,0,13,1,11,41.94147516,-87.66885773,POINT (-87.66885772938 41.941475162853)
d08b8b938cc6777e1d3f5a5c299649829d812336fb667910533c593306999a780aafb24c16c3f8cfb2d3921d10639371030d2f5c6a1056874166ccf86b0a523a,JC504524,,11/9/2019 15:20,30,TRAFFIC SIGNAL,FUNCTIONING PROPERLY,CLEAR,DAYLIGHT,SIDESWIPE SAME DIRECTION,DIVIDED - W/MEDIAN BARRIER,,STRAIGHT AND LEVEL,DRY,NO DEFECTS,,NO INJURY / DRIVE AWAY,,,Y,"OVER $1,500",11/9/2019 15:45,IMPROPER LANE USAGE,UNABLE TO DETERMINE,30,W,CONGRESS PKWY,113,,,,,,,2,NO INDICATION OF INJURY,0,0,0,0,0,2,0,15,7,11,41.87573978,-87.62873078,POINT (-87.628730784159 41.875739776924)
d099489ebaa373af5db90ff77d5a1a4b9c436745b578082fb3aec1b7e6d01cb777665ff104a6b3763e0f6ccb31f7822749478d53dde52a9685268b8fceb0b5e2,JC547206,,12/14/2019 20:40,30,TRAFFIC SIGNAL,FUNCTIONING PROPERLY,CLEAR,"DARKNESS, LIGHTED ROAD",ANGLE,FOUR WAY,,STRAIGHT AND LEVEL,DRY,UNKNOWN,,NO INJURY / DRIVE AWAY,,,Y,"OVER $1,500",12/14/2019 21:15,DISREGARDING TRAFFIC SIGNALS,DISREGARDING TRAFFIC SIGNALS,4440,N,SHERIDAN RD,1914,,,,,,,2,NO INDICATION OF INJURY,0,0,0,0,0,2,0,20,7,12,41.96302611,-87.65490741,POINT (-87.654907411544 41.963026105484)
d0ad55c7675b3f79f50a29b45c69bc6e047156034b680f1f0e913c427dc2c9f150e652bb2b1ec45a2e73c03e476d722189f70bc91936b663e5fc20fa53a3b19e,JG281814,,5/31/2023 5:54,30,UNKNOWN,UNKNOWN,CLEAR,DAYLIGHT,SIDESWIPE SAME DIRECTION,PARKING LOT,,STRAIGHT AND LEVEL,DRY,UNKNOWN,,NO INJURY / DRIVE AWAY,,,,"OVER $1,500",5/31/2023 5:56,UNABLE TO DETERMINE,UNABLE TO DETERMINE,2400,S,WOLCOTT AVE,1034,,,,,,,2,NO INDICATION OF INJURY,0,0,0,0,0,2,0,5,4,5,41.84842417,-87.67343771,POINT (-87.673437708448 41.848424166445)
d0d6e76f8972bfbd94eeb57e2d3a3a670b952a37aa91b38218984b4b70ac68c330dffe6548e1a93ff570dd61cc8c8c603c87c0bd631cb8696f50e5b226efae80,JC396622,,8/17/2019 17:30,30,NO CONTROLS,NO CONTROLS,CLEAR,DAYLIGHT,REAR END,"FIVE POINT, OR MORE",,STRAIGHT AND LEVEL,DRY,NO DEFECTS,,NO INJURY / DRIVE AWAY,,,,"$501 - $1,500",8/17/2019 19:46,UNABLE TO DETERMINE,NOT APPLICABLE,7100,S,SOUTH CHICAGO AVE,323,,,,,,,2,NO INDICATION OF INJURY,0,0,0,0,0,2,0,17,7,8,41.76571673,-87.60558403,POINT (-87.605584026987 41.765716726294)
d151b5ab558f7414c08a233242e753e289d6d7a21b61af58aa84cd52cad1057ed0d343d8579a7666a635f43fdc07f443baaee8fe58ab102cbdf2c1e9b7cf6598,JC536608,,12/6/2019 9:20,30,TRAFFIC SIGNAL,FUNCTIONING PROPERLY,CLOUDY/OVERCAST,DAYLIGHT,SIDESWIPE SAME DIRECTION,DIVIDED - W/MEDIAN (NOT RAISED),,STRAIGHT AND LEVEL,DRY,NO DEFECTS,,INJURY AND / OR TOW DUE TO CRASH,,,Y,"$501 - $1,500",12/6/2019 9:40,IMPROPER OVERTAKING/PASSING,IMPROPER OVERTAKING/PASSING,1600,W,71ST ST,735,,,,,,,2,NONINCAPACITATING INJURY,1,0,0,1,0,3,0,9,6,12,41.76501831,-87.66385923,POINT (-87.663859230126 41.765018305558)
d1cce1bd58e2591acdf42d3dbc5c2aaa1634e4319222d20645145df57d614fd65231063dea36b55c9917e75381e0ce453d36290633e7d181f1818b3c405ccfcc,,,7/24/2023 16:27,35,TRAFFIC SIGNAL,FUNCTIONING PROPERLY,CLEAR,DAYLIGHT,TURNING,DIVIDED - W/MEDIAN (NOT RAISED),,STRAIGHT AND LEVEL,DRY,UNKNOWN,,INJURY AND / OR TOW DUE TO CRASH,Y,,,"OVER $1,500",7/24/2023 16:29,UNABLE TO DETERMINE,NOT APPLICABLE,1600,W,JACKSON BLVD,1231,,,,,,,2,NONINCAPACITATING INJURY,1,0,0,1,0,2,0,16,2,7,41.87773222,-87.66681595,POINT (-87.666815950554 41.877732218454)
d1f1be1b94092822a3320df362635c6ce12d424f7aa42aaf988019277385ea55823f447a24d6b35a2bad94db3bcd0a88b7dc4c852e82e6f11b59efa83b70bc87,JC376651,,8/3/2019 8:30,30,NO CONTROLS,NO CONTROLS,CLEAR,DAYLIGHT,PARKED MOTOR VEHICLE,UNKNOWN,,STRAIGHT AND LEVEL,DRY,NO DEFECTS,,NO INJURY / DRIVE AWAY,,,Y,"OVER $1,500",8/3/2019 12:08,UNABLE TO DETERMINE,NOT APPLICABLE,1637,N,HUMBOLDT BLVD,1421,,,,,,,2,NO INDICATION OF INJURY,0,0,0,0,0,1,0,8,7,8,41.91121228,-87.70175128,POINT (-87.701751283439 41.911212280005)
d260aedaf2b766302504ecad05140319f74124261e9787ed560a0499692749b6d8080acd754598499bec5e0ccee24f6c5bc3ad9811c1d66890cbac6042024d36,JG326099,,7/3/2023 14:50,30,UNKNOWN,UNKNOWN,CLEAR,DAYLIGHT,ANGLE,NOT DIVIDED,,STRAIGHT AND LEVEL,DRY,UNKNOWN,,NO INJURY / DRIVE AWAY,,,,"OVER $1,500",7/3/2023 16:04,FAILING TO YIELD RIGHT-OF-WAY,FAILING TO YIELD RIGHT-OF-WAY,1500,N,ASHLAND AVE,1433,,,,,,,2,NO INDICATION OF INJURY,0,0,0,0,0,4,0,14,2,7,41.90914771,-87.66779606,POINT (-87.667796057783 41.909147707019)
d2a2148bfa43fefa2f711c82402a5ced7eef663a4dc96d73d617b907ff9acbadeced285ad26ba28c5e952c67ae4bf127f70ee60f017876b2310c1af35e37f23f,JC545636,,12/16/2019 8:45,20,NO CONTROLS,NO CONTROLS,CLOUDY/OVERCAST,DAYLIGHT,REAR END,NOT DIVIDED,,STRAIGHT AND LEVEL,WET,NO DEFECTS,,INJURY AND / OR TOW DUE TO CRASH,Y,Y,,"OVER $1,500",12/16/2019 8:48,FAILING TO REDUCE SPEED TO AVOID CRASH,NOT APPLICABLE,9240,S,JEFFERY AVE,413,,Y,,,,,2,NO INDICATION OF INJURY,0,0,0,0,0,2,0,8,2,12,41.72671406,-87.5756078,POINT (-87.57560779965 41.726714054605)
d2a21f23fac9ff44c9028144be33f876988eaa8d69a7373ecae83eae74d44aeb8a7e8241972cef00c09808e0c28074a6c382b44776129d17f0ecdee0396f3904,JC505081,,11/10/2019 2:45,30,TRAFFIC SIGNAL,FUNCTIONING PROPERLY,CLEAR,"DARKNESS, LIGHTED ROAD",ANGLE,NOT DIVIDED,,STRAIGHT AND LEVEL,DRY,NO DEFECTS,,INJURY AND / OR TOW DUE TO CRASH,Y,,Y,"OVER $1,500",11/10/2019 2:46,DISREGARDING TRAFFIC SIGNALS,UNABLE TO DETERMINE,100,N,CENTRAL AVE,1512,,,,,,,2,NONINCAPACITATING INJURY,1,0,0,1,0,3,0,2,1,11,41.88233928,-87.76507801,POINT (-87.765078010279 41.882339281817)
d2f5bc26daddfbb615b4e9f8abf45c6f61781ce03fe89a332decef78ca5509539a1f8471ea032d1023190661f4789ee692e31d4a17ad278627a82600c56d3ebb,JC303443,,6/12/2019 15:15,30,STOP SIGN/FLASHER,FUNCTIONING PROPERLY,CLOUDY/OVERCAST,DAYLIGHT,PEDALCYCLIST,ONE-WAY,,STRAIGHT AND LEVEL,DRY,NO DEFECTS,,INJURY AND / OR TOW DUE TO CRASH,,,Y,"$501 - $1,500",6/12/2019 15:24,FAILING TO YIELD RIGHT-OF-WAY,NOT APPLICABLE,7000,S,STATE ST,322,,,,,,,2,"REPORTED, NOT EVIDENT",1,0,0,0,1,1,0,15,4,6,41.76725309,-87.62505876,POINT (-87.625058757105 41.767253086954)