CRASH_RECORD_ID,RD_NO,CRASH_DATE_EST_I,CRASH_DATE,POSTED_SPEED_LIMIT,TRAFFIC_CONTROL_DEVICE,DEVICE_CONDITION,WEATHER_CONDITION,LIGHTING_CONDITION,FIRST_CRASH_TYPE,TRAFFICWAY_TYPE,LANE_CNT,ALIGNMENT,ROADWAY_SURFACE_COND,ROAD_DEFECT,REPORT_TYPE,CRASH_TYPE,INTERSECTION_RELATED_I,NOT_RIGHT_OF_WAY_I,HIT_AND_RUN_I,DAMAGE,DATE_POLICE_NOTIFIED,PRIM_CONTRIBUTORY_CAUSE,SEC_CONTRIBUTORY_CAUSE,STREET_NO,STREET_DIRECTION,STREET_NAME,BEAT_OF_OCCURRENCE,PHOTOS_TAKEN_I,STATEMENTS_TAKEN_I,DOORING_I,WORK_ZONE_I,WORK_ZONE_TYPE,WORKERS_PRESENT_I,NUM_UNITS,MOST_SEVERE_INJURY,INJURIES_TOTAL,INJURIES_FATAL,INJURIES_INCAPACITATING,INJURIES_NON_INCAPACITATING,INJURIES_REPORTED_NOT_EVIDENT,INJURIES_NO_INDICATION,INJURIES_UNKNOWN,CRASH_HOUR,CRASH_DAY_OF_WEEK,CRASH_MONTH,LATITUDE,LONGITUDE,LOCATION
d38269bb3ce5d8d7ec7692e8ebd7a44f25ff89b11984b7392ed7c9f836d3fb489d4458639c5bac6cd0af2325b44ba2637da49800eee995a4abbc109982aab565,JD197018,,3/27/2020 17:05,30,NO CONTROLS,NO CONTROLS,CLEAR,DAYLIGHT,SIDESWIPE OPPOSITE DIRECTION,NOT DIVIDED,,STRAIGHT AND LEVEL,WET,NO DEFECTS,,NO INJURY / DRIVE AWAY,Y,,Y,"$501 - $1,500",3/28/2020 17:25,IMPROPER BACKING,NOT APPLICABLE,1800,N,LA CROSSE AVE,2533,,,,,,,2,NO INDICATION OF INJURY,0,0,0,0,0,2,0,17,6,3,41.91331632,-87.74826337,POINT (-87.7482633667 41.913316323182)
d3fc3595260d8a51b029ad1d36855bcbd3e5c9bbb0630fb0f0bd3b459c1ee1553b0cfa8e669f3010f0bae3529b8be35c41f200b78d531069039d214e08be84fe,JD175426,,3/3/2020 17:09,30,NO CONTROLS,NO CONTROLS,CLEAR,"DARKNESS, LIGHTED ROAD",REAR END,NOT DIVIDED,,STRAIGHT AND LEVEL,DRY,NO DEFECTS,,NO INJURY / DRIVE AWAY,,,Y,"$501 - $1,500",3/5/2020 19:30,UNABLE TO DETERMINE,UNABLE TO DETERMINE,209,W,MADISON ST,122,,,,,,,2,NO INDICATION OF INJURY,0,0,0,0,0,2,0,17,3,3,41.88183394,-87.63412026,POINT (-87.634120255271 41.881833943959)
d45b9e51bd975a1ba0b40c4e332f2f87c4b81d04daa29e8fe1d9fb0078f83e6f2e7295eaa249448be6bac3688e123c700682b208d9da55d8423cd33cf91877c1,JG303769,,6/16/2023 16:00,30,UNKNOWN,UNKNOWN,UNKNOWN,UNKNOWN,SIDESWIPE SAME DIRECTION,ONE-WAY,,STRAIGHT AND LEVEL,UNKNOWN,UNKNOWN,,NO INJURY / DRIVE AWAY,,,,"OVER $1,500",6/16/2023 18:00,UNABLE TO DETERMINE,UNABLE TO DETERMINE,409,W,WASHINGTON ST,121,,,,,,,2,NO INDICATION OF INJURY,0,0,0,0,0,2,0,16,6,6,41.88307596,-87.6384126,POINT (-87.638412599362 41.883075960413)
d4648034ca7acf376713ef01387153c245658665495a59b21f8cb3bef6920e24486267806f99951162f6bc8669af34d9becb6f68f68f76836125214464561858,JD226833,,5/7/2020 19:59,30,NO CONTROLS,NO CONTROLS,CLEAR,"DARKNESS, LIGHTED ROAD",REAR END,DIVIDED - W/MEDIAN (NOT RAISED),,STRAIGHT AND LEVEL,DRY,NO DEFECTS,,NO INJURY / DRIVE AWAY,,,,"OVER $1,500",5/7/2020 20:00,FOLLOWING TOO CLOSELY,NOT APPLICABLE,3279,W,ARMITAGE AVE,1422,,,,,,,2,NO INDICATION OF INJURY,0,0,0,0,0,6,0,19,5,5,41.91725245,-87.71012989,POINT (-87.710129892454 41.917252449492)
d4a63acd825f8102afa1350d5af6a3f57528f616c6d6a2178912d46789cac2515b695d69d1105069c77afac8df64cedf7429c8f6f8d694aed7aa3b1507de2e5c,JG276960,,5/26/2023 18:00,30,NO CONTROLS,NO CONTROLS,CLEAR,DAYLIGHT,REAR END,NOT DIVIDED,,STRAIGHT AND LEVEL,DRY,NO DEFECTS,,NO INJURY / DRIVE AWAY,,,Y,"OVER $1,500",5/27/2023 8:15,UNABLE TO DETERMINE,NOT APPLICABLE,1575,N,CENTRAL PARK AVE,1422,,,,,,,2,NO INDICATION OF INJURY,0,0,0,0,0,2,0,18,6,5,41.90992852,-87.71656752,POINT (-87.716567524107 41.909928521289)
d4c3f39de39d4f08abf19fb11df98628adc0f6024c7d10d266df234e93f6241fd3f993e1cf002806cced9c88c0cf839fd7cc91ec161e544c4273ed2c7186fd97,JC496496,,11/3/2019 1:05,30,NO CONTROLS,NO CONTROLS,CLEAR,"DARKNESS, LIGHTED ROAD",PARKED MOTOR VEHICLE,ONE-WAY,,STRAIGHT AND LEVEL,DRY,NO DEFECTS,,INJURY AND / OR TOW DUE TO CRASH,,,Y,"OVER $1,500",11/3/2019 1:11,UNABLE TO DETERMINE,UNABLE TO DETERMINE,3149,N,RIDGEWAY AVE,2523,,,,,,,8,NO INDICATION OF INJURY,0,0,0,0,0,2,0,1,1,11,41.93853553,-87.72052919,POINT (-87.72052918904 41.938535531026)
d522435d0ca43a2ebcb4339e34d026a371a3700190c2a1772e440a33dce91ac312dff28a9fedb3785d623732684f4f6c60921b12d733c87eb6834be3630b33a4,JD241550,,5/24/2020 16:45,30,TRAFFIC SIGNAL,FUNCTIONING PROPERLY,CLEAR,DAYLIGHT,REAR END,ONE-WAY,,STRAIGHT AND LEVEL,DRY,NO DEFECTS,,NO INJURY / DRIVE AWAY,Y,,Y,"OVER $1,500",5/24/2020 17:15,DISTRACTION - FROM INSIDE VEHICLE,UNABLE TO DETERMINE,8259,S,LAFAYETTE AVE,622,,,,,,,2,NO INDICATION OF INJURY,0,0,0,0,0,2,0,16,1,5,41.74370343,-87.62548484,POINT (-87.625484839415 41.743703427125)
d5301f7547eeda442170bc025287c0c7284008d9e7f0d4ca5bd7207570fa84e64aa32106d7838a4fc822041614f4f29cd0392692b9a6d144c2072c8265302829,JC408461,,8/26/2019 18:55,30,TRAFFIC SIGNAL,FUNCTIONING PROPERLY,RAIN,DUSK,ANGLE,FOUR WAY,,STRAIGHT AND LEVEL,WET,NO DEFECTS,,INJURY AND / OR TOW DUE TO CRASH,Y,,,"OVER $1,500",8/26/2019 18:56,DRIVING SKILLS/KNOWLEDGE/EXPERIENCE,NOT APPLICABLE,1900,S,CENTRAL PARK AVE,1014,,,,,,,2,NONINCAPACITATING INJURY,1,0,0,1,0,2,0,18,2,8,41.85430791,-87.71522315,POINT (-87.715223152992 41.85430791162)
d5631e33f114947777a453771a4e9d5ffcf447babba73c0b62d48ce543eccb3845c9e0a59fb55074b3897d210686fd0760186d521d542bba75a871583621c46f,JG276092,,5/26/2023 14:11,30,TRAFFIC SIGNAL,FUNCTIONING PROPERLY,CLEAR,DAYLIGHT,ANGLE,NOT DIVIDED,,STRAIGHT AND LEVEL,DRY,NO DEFECTS,,INJURY AND / OR TOW DUE TO CRASH,Y,,,"OVER $1,500",5/26/2023 14:13,DISREGARDING TRAFFIC SIGNALS,FAILING TO REDUCE SPEED TO AVOID CRASH,29,N,WESTERN AVE,1223,,,,,,,3,NONINCAPACITATING INJURY,4,0,0,4,0,1,0,14,6,5,41.88204232,-87.68630877,POINT (-87.686308766683 41.88204232287)
d5d6425608a1bdf9e231253d10a81f7da90a67844f68bd36a0b22f79fc5748b58370b002cba0276cb8c3fde3e53c49359218ea67332e652598ba186c0ab0ed36,JC343096,N,7/10/2019 17:38,30,TRAFFIC SIGNAL,FUNCTIONING PROPERLY,CLEAR,DAYLIGHT,REAR END,DIVIDED - W/MEDIAN (NOT RAISED),,STRAIGHT AND LEVEL,DRY,NO DEFECTS,,NO INJURY / DRIVE AWAY,,,Y,$500 OR LESS,7/10/2019 17:45,UNABLE TO DETERMINE,UNABLE TO DETERMINE,5946,W,GRAND AVE,2515,,,,,,,4,NO INDICATION OF INJURY,0,0,0,0,0,4,0,17,4,7,41.92055325,-87.77495631,POINT (-87.774956312366 41.920553248913)
d62609e56dc7e9ececf0185874a94e2c9eaec8405aee575ceb65f2dca0a206484c1984678e558c11083788f1167be6851ebd0150aeb3ff6982fe063cdc08b5ee,JC422801,,9/6/2019 8:00,30,TRAFFIC SIGNAL,FUNCTIONING PROPERLY,CLEAR,DAYLIGHT,TURNING,DIVIDED - W/MEDIAN (NOT RAISED),,STRAIGHT AND LEVEL,DRY,NO DEFECTS,,NO INJURY / DRIVE AWAY,Y,,Y,"$501 - $1,500",9/6/2019 18:26,FOLLOWING TOO CLOSELY,NOT APPLICABLE,6200,S,CALIFORNIA AVE,823,,,,,,,2,NO INDICATION OF INJURY,0,0,0,0,0,2,0,8,6,9,41.78084438,-87.69358705,POINT (-87.693587053206 41.780844381892)
d6360c4da8be70e8c9a0f4494607ceb572b93a7a2898d124e1f4597b9ab2ecbdd9f7ad18a33c9f86ccc99ff29ea8be9c88c091e93be0e5c0a6c8e47afb1acf5d,JB538139,,11/30/2018 4:30,25,NO CONTROLS,NO CONTROLS,CLEAR,"DARKNESS, LIGHTED ROAD",ANGLE,PARKING LOT,,STRAIGHT AND LEVEL,DRY,NO DEFECTS,,NO INJURY / DRIVE AWAY,,Y,,"OVER $1,500",12/3/2018 10:20,EXCEEDING SAFE SPEED FOR CONDITIONS,FAILING TO REDUCE SPEED TO AVOID CRASH,424,W,DIVISION ST,1821,,,,,,,2,NO INDICATION OF INJURY,0,0,0,0,0,2,0,4,6,11,41.90388396,-87.6394372,POINT (-87.639437201552 41.90388396114)
d75316b8f4f72cd34baca8771c530a7f148ca22855b4bec1720fc91880f2f2138c68f3de16303be6d960726e784a4173a1e20c9b24729cb0a028cfa230e327e2,JG261053,,5/15/2023 8:38,30,TRAFFIC SIGNAL,FUNCTIONING PROPERLY,CLEAR,DAYLIGHT,TURNING,FOUR WAY,,STRAIGHT AND LEVEL,DRY,NO DEFECTS,,NO INJURY / DRIVE AWAY,Y,,,"OVER $1,500",5/15/2023 8:45,FAILING TO YIELD RIGHT-OF-WAY,FAILING TO YIELD RIGHT-OF-WAY,2400,N,WESTERN AVE,1431,,,,,,,2,NO INDICATION OF INJURY,0,0,0,0,0,3,0,8,2,5,41.92493594,-87.68779026,POINT (-87.687790254713 41.924935944091)
d7bc6ad0d7d5850e2eccd8f648ed6e652f49faa8e605380b1ee13bcce4092e47f5386ef55d7e2eeeec660061d5aa37149a0ad943e067ce7f1997b6a0680c1212,JG330455,,7/6/2023 13:30,10,OTHER,FUNCTIONING PROPERLY,UNKNOWN,UNKNOWN,PARKED MOTOR VEHICLE,PARKING LOT,,STRAIGHT AND LEVEL,UNKNOWN,UNKNOWN,,NO INJURY / DRIVE AWAY,,,,$500 OR LESS,7/6/2023 18:10,IMPROPER OVERTAKING/PASSING,UNABLE TO DETERMINE,3001,S,DR MARTIN LUTHER KING JR DR,133,,,,,,,2,NO INDICATION OF INJURY,0,0,0,0,0,1,0,13,5,7,41.84018461,-87.61700654,POINT (-87.617006543002 41.84018461325)
d7e801b3363251a76a6f6c104486a70d8437a7f823c9a677eed1a1c842827ddaffd3089c096379abc3c2a8acfa7897400e062ba3769736b7431ec2f0808a18ce,JG325045,N,7/2/2023 17:13,50,NO CONTROLS,NO CONTROLS,RAIN,DAYLIGHT,FIXED OBJECT,ONE-WAY,,STRAIGHT AND LEVEL,WET,NO DEFECTS,,INJURY AND / OR TOW DUE TO CRASH,,,,"OVER $1,500",7/2/2023 17:16,WEATHER,WEATHER,7784,S,CHICAGO SKYWAY IB,411,,,,,,,2,NONINCAPACITATING INJURY,1,0,0,1,0,2,0,17,1,7,41.75382159,-87.59169809,POINT (-87.591698091275 41.753821585266)
d801f994db91d31b02d917827240e6189363247eccecc25df96669bacacdaaf92cde1c22628c070146c5c5e36dfc5d7a9c84f7d7fcdae980eca55c949c47de4f,,,7/21/2023 1:35,30,NO CONTROLS,NO CONTROLS,CLEAR,DARKNESS,PARKED MOTOR VEHICLE,NOT DIVIDED,,STRAIGHT AND LEVEL,DRY,NO DEFECTS,,NO INJURY / DRIVE AWAY,,,,"OVER $1,500",7/21/2023 2:35,IMPROPER BACKING,NOT APPLICABLE,2820,W,48TH PL,922,,,,,,,2,NO INDICATION OF INJURY,0,0,0,0,0,1,0,1,6,7,41.80568929,-87.69500612,POINT (-87.695006118358 41.805689288474)
d8216e70fcc9c43d6cd6c80272aaef52b526c1db74f03e87af69c6b70db6750c56ecc29467addba8c16c9c306f4bd43e818b67728ae61509173931e94a358547,JG300661,,6/14/2023 11:00,30,TRAFFIC SIGNAL,FUNCTIONING PROPERLY,CLEAR,DAYLIGHT,ANGLE,FOUR WAY,,STRAIGHT AND LEVEL,DRY,NO DEFECTS,,NO INJURY / DRIVE AWAY,Y,,N,"OVER $1,500",6/14/2023 11:45,DISREGARDING TRAFFIC SIGNALS,DISREGARDING TRAFFIC SIGNALS,5100,S,DAMEN AVE,932,,,,,,,2,NO INDICATION OF INJURY,0,0,0,0,0,2,0,11,4,6,41.80118654,-87.67465218,POINT (-87.674652180779 41.801186542509)
d82da9266d466e545aed959a7e58c31dee374bb25fe15ad1b4fb7fc3c743803e2e3244a292e2ebdc452795351977fe7764c6b731d6c7212352dd71d003b2f913,JG339861,,7/13/2023 18:50,20,STOP SIGN/FLASHER,FUNCTIONING PROPERLY,CLEAR,DAYLIGHT,REAR END,NOT DIVIDED,,STRAIGHT AND LEVEL,DRY,NO DEFECTS,,INJURY AND / OR TOW DUE TO CRASH,,,,"OVER $1,500",7/13/2023 19:30,FOLLOWING TOO CLOSELY,FOLLOWING TOO CLOSELY,8210,S,STONY ISLAND AVE,411,,,,,,,2,"REPORTED, NOT EVIDENT",3,0,0,0,3,2,0,18,5,7,41.74564534,-87.58598854,POINT (-87.585988542494 41.745645335832)
d83067cdeb84f61c2d5eb8263401c650579610399e0b7b83ea4879e91131f2db9889f3b0247bfff147314ecc818125cc7a40784fcf1678cb23d9d80f8623391a,JD239675,,5/22/2020 17:00,30,TRAFFIC SIGNAL,FUNCTIONING PROPERLY,CLEAR,DAYLIGHT,REAR END,DIVIDED - W/MEDIAN (NOT RAISED),,STRAIGHT AND LEVEL,DRY,NO DEFECTS,,NO INJURY / DRIVE AWAY,Y,,,"$501 - $1,500",5/22/2020 17:15,FOLLOWING TOO CLOSELY,UNABLE TO DETERMINE,800,W,76TH ST,621,,,,,,,2,NO INDICATION OF INJURY,0,0,0,0,0,4,0,17,6,5,41.75620369,-87.64422198,POINT (-87.64422197609 41.756203689605)
d8c5df66c0dbc97568811f86d36e8ab8040e7da907e7c361a106834d4e862f761a7a7c960cf72c7846cb63ea3a82e4b5aae43d82e47eeb0df0e788fe8376f079,JD234522,,5/16/2020 21:50,30,STOP SIGN/FLASHER,FUNCTIONING IMPROPERLY,CLEAR,DAWN,PARKED MOTOR VEHICLE,NOT DIVIDED,,STRAIGHT AND LEVEL,DRY,UNKNOWN,,INJURY AND / OR TOW DUE TO CRASH,,,,"OVER $1,500",5/16/2020 21:50,UNABLE TO DETERMINE,NOT APPLICABLE,607,N,HAMLIN AVE,1122,,,,,,,2,NO INDICATION OF INJURY,0,0,0,0,0,2,0,21,7,5,41.89201384,-87.72094189,POINT (-87.720941884603 41.892013843431)
d905be35ff0a60479dc8ca29ce0a184dbe02e82ac496d11507b0751a8d15b91df1f65cbec9a83e508137a9723c5c1afb303b2cfdf9b7291638040d64bd042472,JG340688,,7/14/2023 12:40,30,NO CONTROLS,NO CONTROLS,CLEAR,DAYLIGHT,REAR END,DIVIDED - W/MEDIAN (NOT RAISED),,STRAIGHT AND LEVEL,DRY,NO DEFECTS,,NO INJURY / DRIVE AWAY,,,,"$501 - $1,500",7/14/2023 13:15,NOT APPLICABLE,NOT APPLICABLE,3115,N,HARLEM AVE,2511,,,,,,,2,NO INDICATION OF INJURY,0,0,0,0,0,2,0,12,6,7,41.93685927,-87.80656048,POINT (-87.806560475412 41.936859268798)
d9bf581898df658460f029c3a2f2aa09ca9935c7a6d9c4720d6d6b372cfd10bcfcd5392d01cc99969c776ad31b2b0b2a4f659107002ad6d08f7b87b6913b5336,JD179145,,3/9/2020 7:00,30,NO CONTROLS,NO CONTROLS,RAIN,DAYLIGHT,SIDESWIPE SAME DIRECTION,DIVIDED - W/MEDIAN (NOT RAISED),,STRAIGHT AND LEVEL,WET,NO DEFECTS,,NO INJURY / DRIVE AWAY,,,Y,"OVER $1,500",3/9/2020 8:00,UNABLE TO DETERMINE,NOT APPLICABLE,1321,S,WESTERN AVE,1233,,,,,,,2,NO INDICATION OF INJURY,0,0,0,0,0,2,0,7,2,3,41.86418853,-87.68582154,POINT (-87.685821534796 41.864188530408)
d9cb32a1b0e4004227dddf91f898c48b1c3c3df6d31264f762aae56e72ff73330ca4e8bd207c86744f8dfb07c5e83ade21dec9a25373af77322529d23ce50e64,JD161803,,2/23/2020 5:00,30,UNKNOWN,UNKNOWN,CLEAR,"DARKNESS, LIGHTED ROAD",SIDESWIPE SAME DIRECTION,NOT DIVIDED,,STRAIGHT AND LEVEL,DRY,UNKNOWN,,NO INJURY / DRIVE AWAY,,,Y,"OVER $1,500",2/23/2020 5:12,UNABLE TO DETERMINE,UNABLE TO DETERMINE,7900,S,PULASKI RD,834,,,,,,,2,NO INDICATION OF INJURY,0,0,0,0,0,2,0,5,1,2,41.749339,-87.72205209,POINT (-87.722052090915 41.749339000082)
d9f21dd83d163b19bcd089e2835825b7612627357f3c2a115a1ebe85fe958688dc06906e5953e82dfe695b30300a5073aa7cb2acafe0e4c6e568df357c292700,,N,7/22/2023 1:00,30,UNKNOWN,UNKNOWN,CLEAR,UNKNOWN,PARKED MOTOR VEHICLE,NOT DIVIDED,,STRAIGHT AND LEVEL,DRY,UNKNOWN,,NO INJURY / DRIVE AWAY,,,Y,"OVER $1,500",7/22/2023 8:30,NOT APPLICABLE,NOT APPLICABLE,3128,W,15TH ST,1022,,,,,,,2,NO INDICATION OF INJURY,0,0,0,0,0,1,0,1,7,7,41.86143006,-87.7042344,POINT (-87.704234396902 41.861430060437)
da026d17fd036b162b81360a23d59a1fa1b174b14ab38a0ec322daee4ac8176151417b35c3cdcdfec8098c317baac43a8d68ad83b455518e01507f22d701f89c,JG305239,,6/17/2023 22:40,30,TRAFFIC SIGNAL,FUNCTIONING PROPERLY,CLEAR,"DARKNESS, LIGHTED ROAD",TURNING,FOUR WAY,,STRAIGHT AND LEVEL,DRY,NO DEFECTS,,NO INJURY / DRIVE AWAY,Y,,,"OVER $1,500",6/17/2023 22:43,DISREGARDING TRAFFIC SIGNALS,FAILING TO REDUCE SPEED TO AVOID CRASH,2202,N,KIMBALL AVE,1413,,,,,,,3,NO INDICATION OF INJURY,0,0,0,0,0,3,0,22,7,6,41.92110632,-87.71214412,POINT (-87.712144119022 41.921106317938)
da5ff010ece3327af65dd7a0a1ecbb839791c6c78a471a968350087073f232250e3869b2be0709ab919d1333c07744162eff0f18f21199c154c67f3aff0cf9a1,JC334993,,7/4/2019 22:33,45,NO CONTROLS,NO CONTROLS,CLEAR,"DARKNESS, LIGHTED ROAD",REAR END,DIVIDED - W/MEDIAN BARRIER,,STRAIGHT AND LEVEL,DRY,NO DEFECTS,,NO INJURY / DRIVE AWAY,,,,"OVER $1,500",7/4/2019 23:05,FOLLOWING TOO CLOSELY,NOT APPLICABLE,300,N,LAKE SHORE DR SB,114,,,,,,,2,NO INDICATION OF INJURY,0,0,0,0,0,3,0,22,5,7,41.88614049,-87.61427411,POINT (-87.614274106164 41.8861404879)
da7345264970552c16f51f45a5018a6bd4ca05dbe4c963a1b1e922d9038235b923506a9ed8a6dccfc5f8dd3adb66bdf903d89c97b59030b1d8df2da2da6f65b4,JC497378,,11/3/2019 18:30,30,NO CONTROLS,NO CONTROLS,CLEAR,DARKNESS,TURNING,NOT DIVIDED,,STRAIGHT AND LEVEL,UNKNOWN,UNKNOWN,,NO INJURY / DRIVE AWAY,,,,"$501 - $1,500",11/3/2019 18:50,IMPROPER OVERTAKING/PASSING,IMPROPER OVERTAKING/PASSING,1038,W,IRVING PARK RD,1915,,,,,,,2,NO INDICATION OF INJURY,0,0,0,0,0,3,0,18,1,11,41.95457339,-87.65606002,POINT (-87.656060015622 41.954573388473)
da7679d212cc2174fdb45c51179a25e11dd9badd64060bf013d1f0a9e8acab509eac238af8d6ce03370c5b453ce2e116e8f21de92a2097b3675f36508e2748b9,JC512703,,11/16/2019 11:40,30,NO CONTROLS,NO CONTROLS,CLEAR,DAYLIGHT,PARKED MOTOR VEHICLE,ONE-WAY,,STRAIGHT ON GRADE,DRY,NO DEFECTS,,NO INJURY / DRIVE AWAY,,,,"OVER $1,500",11/16/2019 11:48,FAILING TO YIELD RIGHT-OF-WAY,UNABLE TO DETERMINE,1255,S,HARDING AVE,1011,,,,,,,2,NO INDICATION OF INJURY,0,0,0,0,0,2,0,11,7,11,41.86451329,-87.72375941,POINT (-87.72375940821 41.864513286725)
daa7e0b722238074084bfe1a4b10fdba1d51316d87133fbacf4e92d3a79f4b75fc7d6f37cb291a5831a3221e0ea621ed076f91094fb1cfc07881c37e96e20ca8,JD144907,,2/8/2020 16:24,30,NO CONTROLS,NO CONTROLS,CLEAR,DAYLIGHT,SIDESWIPE SAME DIRECTION,NOT DIVIDED,,STRAIGHT AND LEVEL,DRY,NO DEFECTS,,NO INJURY / DRIVE AWAY,,,Y,"OVER $1,500",2/8/2020 16:24,"OPERATING VEHICLE IN ERRATIC, RECKLESS, CARELESS, NEGLIGENT OR AGGRESSIVE MANNER",NOT APPLICABLE,8240,S,YATES BLVD,414,,,,,,,2,NO INDICATION OF INJURY,0,0,0,0,0,6,0,16,7,2,41.74505823,-87.5662806,POINT (-87.566280602846 41.745058233374)
dabb31f88401c909495fdf6b4101b07a738aa3c05e97143d6dc3dfdb58b4f8dcd5425b04813545fab4acd996cd7c02075c5951ca9e9667714e783c35918966b9,JC315591,,6/21/2019 11:55,30,TRAFFIC SIGNAL,FUNCTIONING PROPERLY,CLEAR,DAYLIGHT,TURNING,NOT DIVIDED,,STRAIGHT AND LEVEL,DRY,NO DEFECTS,,NO INJURY / DRIVE AWAY,Y,,Y,"OVER $1,500",6/21/2019 12:07,IMPROPER TURNING/NO SIGNAL,"OPERATING VEHICLE IN ERRATIC, RECKLESS, CARELESS, NEGLIGENT OR AGGRESSIVE MANNER",528,N,FAIRBANKS CT,1834,,,,,,,2,NO INDICATION OF INJURY,0,0,0,0,0,2,0,11,6,6,41.89184174,-87.62038181,POINT (-87.6203818108 41.891841734912)
dae2ef14c9859aa80723ac9d1f6070130d1055a76685ed0d1fa5919d46483639aee22e52b3705527ddfe2b2a9e671d4a0078f3ffc6e134fcb01d1fa514e8d2f8,JB186810,,3/15/2018 14:20,30,TRAFFIC SIGNAL,FUNCTIONING PROPERLY,CLEAR,DAYLIGHT,TURNING,NOT DIVIDED,,STRAIGHT AND LEVEL,DRY,NO DEFECTS,,NO INJURY / DRIVE AWAY,Y,,,"OVER $1,500",3/15/2018 15:00,FOLLOWING TOO CLOSELY,UNABLE TO DETERMINE,132,E,CHICAGO AVE,1833,,,,,,,2,NO INDICATION OF INJURY,0,0,0,0,0,2,0,14,5,3,41.89684322,-87.62427571,POINT (-87.624275713714 41.896843217756)
daf1bdc3d8272801e6ae4d534789a8df1d7ba45dc6183124f0ae9f27d9c0a02333c162e896c33b1087286333896c38c63f9ff47f16b3f00a928182c7067d5c15,JD170583,,3/1/2020 18:36,30,TRAFFIC SIGNAL,FUNCTIONING PROPERLY,CLEAR,DAYLIGHT,TURNING,FOUR WAY,,STRAIGHT AND LEVEL,DRY,NO DEFECTS,,INJURY AND / OR TOW DUE TO CRASH,Y,,,"OVER $1,500",3/1/2020 19:00,DISREGARDING TRAFFIC SIGNALS,NOT APPLICABLE,8701,S,VINCENNES AVE,2223,Y,Y,,,,,2,NONINCAPACITATING INJURY,3,0,0,3,0,2,0,18,1,3,41.73594639,-87.64505995,POINT (-87.645059946216 41.735946384518)
db1d34f2d3601ae622089ed77612dd26699a15bf803201d3b4e0b11abab5dcc669ca4eaa66905bb187624fa76b49400c57e163398bed7a12e597d10a7f8dd584,JG326362,,7/3/2023 14:00,30,TRAFFIC SIGNAL,FUNCTIONING PROPERLY,CLEAR,DAYLIGHT,ANGLE,NOT DIVIDED,,STRAIGHT AND LEVEL,DRY,NO DEFECTS,,INJURY AND / OR TOW DUE TO CRASH,,,N,"$501 - $1,500",7/3/2023 18:15,UNABLE TO DETERMINE,UNABLE TO DETERMINE,11100,S,HALSTED ST,2233,,,,,,,2,NONINCAPACITATING INJURY,1,0,0,1,0,2,0,14,2,7,41.69226312,-87.64252269,POINT (-87.642522687627 41.692263123425)
db6c2089b1bad6d63849fddfaac166fce72c77545535c637804267fc780eccac80283120863d17d119d53d10d5b72758a824785d0d94a01d043ae4a61358840d,JD221118,,5/1/2020 2:02,30,UNKNOWN,UNKNOWN,CLEAR,"DARKNESS, LIGHTED ROAD",FIXED OBJECT,FOUR WAY,,STRAIGHT AND LEVEL,DRY,NO DEFECTS,,INJURY AND / OR TOW DUE TO CRASH,Y,,Y,"OVER $1,500",5/1/2020 2:39,UNABLE TO DETERMINE,NOT APPLICABLE,6321,S,WENTWORTH AVE,312,,,,,,,2,NO INDICATION OF INJURY,0,0,0,0,0,2,0,2,6,5,41.77936268,-87.62998391,POINT (-87.629983908331 41.779362676864)
dbd15295c090f71e76c5aa8a53cce0789e84b3f2b9ba327d520cda9e19e20d12cb5c8715b74600b97830bd387173913825eca624eff280ea20a6dae86b10e7a7,JC523525,,11/25/2019 6:43,20,NO CONTROLS,NO CONTROLS,CLEAR,DAYLIGHT,PARKED MOTOR VEHICLE,PARKING LOT,,STRAIGHT AND LEVEL,DRY,NO DEFECTS,,NO INJURY / DRIVE AWAY,,,,"OVER $1,500",11/25/2019 6:46,IMPROPER TURNING/NO SIGNAL,DRIVING SKILLS/KNOWLEDGE/EXPERIENCE,10000,W,OHARE ST,1651,,,,,,,2,NO INDICATION OF INJURY,0,0,0,0,0,1,0,6,2,11,41.97620114,-87.90530913,POINT (-87.905309125103 41.976201139024)
dbde02840a7d2184771088881bee2060955287714a1bf748786576aa9da0039e4bd2f4e2a14e6b207bb041f1d4f05ee1eb59563b19d793e2f9cf6f52b77480e8,JF390991,,9/10/2022 17:26,30,NO CONTROLS,NO CONTROLS,CLEAR,DAYLIGHT,HEAD ON,NOT DIVIDED,,STRAIGHT AND LEVEL,DRY,NO DEFECTS,,INJURY AND / OR TOW DUE TO CRASH,,,,"OVER $1,500",9/10/2022 17:43,IMPROPER OVERTAKING/PASSING,NOT APPLICABLE,903,S,PULASKI RD,1132,,,,,,,3,"REPORTED, NOT EVIDENT",6,0,0,0,6,2,0,17,7,9,41.86977272,-87.725161,POINT (-87.725161003689 41.86977271901)
dc1e0b37d7e88b135574de78cd63be52558eb8eb65e81fb6b814135e40f7400e9cc506bce033b11e63af9f0868030469572c84b70191d6a9c3d8728c1422049e,JC407525,,8/26/2019 7:48,30,STOP SIGN/FLASHER,NO CONTROLS,RAIN,DAYLIGHT,ANGLE,FOUR WAY,,STRAIGHT AND LEVEL,WET,NO DEFECTS,,INJURY AND / OR TOW DUE TO CRASH,Y,,Y,"OVER $1,500",8/26/2019 8:05,FAILING TO YIELD RIGHT-OF-WAY,FAILING TO YIELD RIGHT-OF-WAY,498,E,71ST ST,322,,,,,,,2,NO INDICATION OF INJURY,0,0,0,0,0,2,0,7,2,8,41.76586096,-87.61290874,POINT (-87.612908742319 41.765860963856)