CRASH_RECORD_ID,RD_NO,CRASH_DATE_EST_I,CRASH_DATE,POSTED_SPEED_LIMIT,TRAFFIC_CONTROL_DEVICE,DEVICE_CONDITION,WEATHER_CONDITION,LIGHTING_CONDITION,FIRST_CRASH_TYPE,TRAFFICWAY_TYPE,LANE_CNT,ALIGNMENT,ROADWAY_SURFACE_COND,ROAD_DEFECT,REPORT_TYPE,CRASH_TYPE,INTERSECTION_RELATED_I,NOT_RIGHT_OF_WAY_I,HIT_AND_RUN_I,DAMAGE,DATE_POLICE_NOTIFIED,PRIM_CONTRIBUTORY_CAUSE,SEC_CONTRIBUTORY_CAUSE,STREET_NO,STREET_DIRECTION,STREET_NAME,BEAT_OF_OCCURRENCE,PHOTOS_TAKEN_I,STATEMENTS_TAKEN_I,DOORING_I,WORK_ZONE_I,WORK_ZONE_TYPE,WORKERS_PRESENT_I,NUM_UNITS,MOST_SEVERE_INJURY,INJURIES_TOTAL,INJURIES_FATAL,INJURIES_INCAPACITATING,INJURIES_NON_INCAPACITATING,INJURIES_REPORTED_NOT_EVIDENT,INJURIES_NO_INDICATION,INJURIES_UNKNOWN,CRASH_HOUR,CRASH_DAY_OF_WEEK,CRASH_MONTH,LATITUDE,LONGITUDE,LOCATION
dc1f9c134382e59591985a76151a2a82e9943ba896092da2212a339e87ddadd08286a9391f75981a92e477331f989911361b9169f6f74c984ff3ca62b13e6e42,JG336927,,7/10/2023 21:00,30,STOP SIGN/FLASHER,FUNCTIONING PROPERLY,CLEAR,DUSK,PARKED MOTOR VEHICLE,ONE-WAY,,STRAIGHT AND LEVEL,DRY,NO DEFECTS,,NO INJURY / DRIVE AWAY,,,,"OVER $1,500",7/11/2023 16:00,UNABLE TO DETERMINE,UNABLE TO DETERMINE,4356,W,SHAKESPEARE AVE,2522,,,,,,,2,NO INDICATION OF INJURY,0,0,0,0,0,1,0,21,2,7,41.91989903,-87.73621167,POINT (-87.736211666867 41.919899033642)
dc692c7c394af1258a48f8a007b22965f94031203a8e243d4a3cc71fd0ad595a738cdf1930399ab0433bacfcf564a6ff3de547f8d7cb9d142e199376d8bb9156,JG245891,,5/2/2023 21:46,30,NO CONTROLS,NO CONTROLS,CLEAR,"DARKNESS, LIGHTED ROAD",REAR END,NOT DIVIDED,,STRAIGHT AND LEVEL,DRY,NO DEFECTS,,INJURY AND / OR TOW DUE TO CRASH,,,Y,"$501 - $1,500",5/2/2023 21:50,UNABLE TO DETERMINE,UNABLE TO DETERMINE,3608,S,CALIFORNIA AVE,911,,,,,,,3,NO INDICATION OF INJURY,0,0,0,0,0,2,0,21,3,5,41.8279437,-87.69490217,POINT (-87.69490216629 41.827943700824)
de2a00fe5491d9552c62143b6dd8dd4481d8ef78012ad93c21f1853dc28b65b09230b5cf228b0d676cb634b70b911847652ba427c8cececf8274bb0fbe1e8cdb,JG304756,,6/17/2023 13:24,30,TRAFFIC SIGNAL,FUNCTIONING PROPERLY,CLEAR,DAYLIGHT,TURNING,FOUR WAY,,STRAIGHT AND LEVEL,DRY,NO DEFECTS,,INJURY AND / OR TOW DUE TO CRASH,Y,,,"OVER $1,500",6/17/2023 15:04,FAILING TO YIELD RIGHT-OF-WAY,UNABLE TO DETERMINE,699,S,LARAMIE AVE,1533,,,,,,,2,NO INDICATION OF INJURY,0,0,0,0,0,6,0,13,7,6,41.87200976,-87.75462394,POINT (-87.75462393769 41.872009761189)
de52960a1de1af39bdcd6893fe41b783a963c0d70a19f11867f93eac87de79dd3b3c7ceca4446e83c4e4234ac6800b897c5b6f36de712d97e2031493fd0c51d4,JD134452,,1/30/2020 20:20,40,NO CONTROLS,NO CONTROLS,CLEAR,"DARKNESS, LIGHTED ROAD",REAR END,DIVIDED - W/MEDIAN BARRIER,,STRAIGHT AND LEVEL,DRY,UNKNOWN,,INJURY AND / OR TOW DUE TO CRASH,,,,"OVER $1,500",1/30/2020 20:21,IMPROPER OVERTAKING/PASSING,DRIVING SKILLS/KNOWLEDGE/EXPERIENCE,2100,N,LAKE SHORE DR NB,1814,,,,,,,3,NONINCAPACITATING INJURY,2,0,0,2,0,2,0,20,5,1,41.92033631,-87.62977542,POINT (-87.629775417361 41.920336313419)
de531ccdee400ca758fb22a9854ab2adc5f14d9afb5bcf3c17022ab4346368d282849ee286894e597c8738abb8b85a71d10cc81fac1008dcf4b97f4c8d2225ee,JB232286,,4/21/2018 10:05,30,TRAFFIC SIGNAL,FUNCTIONING PROPERLY,CLEAR,DAYLIGHT,REAR END,NOT DIVIDED,2,STRAIGHT AND LEVEL,DRY,NO DEFECTS,,NO INJURY / DRIVE AWAY,,,,"OVER $1,500",4/21/2018 10:15,FOLLOWING TOO CLOSELY,IMPROPER OVERTAKING/PASSING,1600,E,MARQUETTE DR,331,,,,,,,3,NO INDICATION OF INJURY,0,0,0,0,0,3,0,10,7,4,41.77528611,-87.58622347,POINT (-87.586223465209 41.775286111575)
de8660d137f86d3ec1d1e5227c928657920df619e066a4618aa8d47ecdf2f07d7a544cb0b478455ff9c1f6f93a420a3464932583bca829ecc96e235b29e993bc,JF142553,,2/12/2022 17:05,30,NO CONTROLS,NO CONTROLS,CLEAR,"DARKNESS, LIGHTED ROAD",SIDESWIPE SAME DIRECTION,NOT DIVIDED,,STRAIGHT AND LEVEL,DRY,NO DEFECTS,,NO INJURY / DRIVE AWAY,,,,"$501 - $1,500",2/12/2022 17:05,IMPROPER OVERTAKING/PASSING,NOT APPLICABLE,1413,W,IRVING PARK RD,1922,,,,,,,2,NO INDICATION OF INJURY,0,0,0,0,0,2,0,17,7,2,41.95423765,-87.66478324,POINT (-87.664783237539 41.954237649745)
ded297041a04f6ea954acc5588562ee935751b65c802b9490fd18a0af2eea1ecc92f558ed3b11c3a1eae777c954dc3c97f354e74702be099c5d21e7bb691eb61,JC366086,,7/26/2019 21:03,15,NO CONTROLS,NO CONTROLS,CLEAR,"DARKNESS, LIGHTED ROAD",TURNING,PARKING LOT,,STRAIGHT AND LEVEL,DRY,NO DEFECTS,,NO INJURY / DRIVE AWAY,,,,"OVER $1,500",7/26/2019 21:05,IMPROPER OVERTAKING/PASSING,UNABLE TO DETERMINE,10007,W,BRYN MAWR AVE,1654,,,,,,,2,NO INDICATION OF INJURY,0,0,0,0,0,2,0,21,6,7,41.97484777,-87.87615604,POINT (-87.876156040248 41.974847771724)
ded8b3a792bf723983ce746549c113f0535da63a438838a6404aaf7722c3009700d072722af13d75c852c158e1f87d8b3a18a9ed123a6ceb6a643a5f5f341f75,JC246204,,5/1/2019 23:00,30,NO CONTROLS,NO CONTROLS,CLEAR,"DARKNESS, LIGHTED ROAD",PARKED MOTOR VEHICLE,NOT DIVIDED,,STRAIGHT AND LEVEL,DRY,NO DEFECTS,,INJURY AND / OR TOW DUE TO CRASH,,,Y,"OVER $1,500",5/1/2019 23:02,UNABLE TO DETERMINE,UNABLE TO DETERMINE,3833,W,ARMITAGE AVE,2535,,,,,,,2,NO INDICATION OF INJURY,0,0,0,0,0,1,0,23,4,5,41.9170966,-87.72301043,POINT (-87.723010425112 41.917096599447)
df2c022eed7c229e9eedaa1005c28e66d3f49cbd77b7e6bb5d89b5c9251fd1fbef8fcc0ca20118f5a505f0e1cfe97cbc01a4311c2290064d79fcc2d58073b600,JD119068,,1/17/2020 12:30,30,STOP SIGN/FLASHER,FUNCTIONING PROPERLY,CLEAR,DAYLIGHT,PARKED MOTOR VEHICLE,NOT DIVIDED,,STRAIGHT AND LEVEL,DRY,NO DEFECTS,,NO INJURY / DRIVE AWAY,,,Y,$500 OR LESS,1/17/2020 12:35,UNABLE TO DETERMINE,NOT APPLICABLE,1738,E,56TH ST,235,,,,,,,2,NO INDICATION OF INJURY,0,0,0,0,0,1,0,12,6,1,41.79354829,-87.5824733,POINT (-87.582473303775 41.79354828739)
df409d33918c5a32bcf57fabb83f39b0f2693263ed44a914229f2ce38bfa08eacece359eee6661a8305d7c65b2d1ebaf09099e7db38d5a5ec797122cfd545da1,JC414529,,8/31/2019 1:30,30,NO CONTROLS,NO CONTROLS,CLEAR,"DARKNESS, LIGHTED ROAD",PARKED MOTOR VEHICLE,ONE-WAY,,STRAIGHT AND LEVEL,DRY,NO DEFECTS,,NO INJURY / DRIVE AWAY,,,Y,"$501 - $1,500",8/31/2019 9:41,UNABLE TO DETERMINE,NOT APPLICABLE,4714,N,KENTON AVE,1722,,,,,,,2,NO INDICATION OF INJURY,0,0,0,0,0,1,0,1,7,8,41.9667425,-87.74294396,POINT (-87.742943957 41.96674250228)
df5ea6418b8cac3467ccbc3c86d6b98b1a015017db977a8576b05744fa57121e5f5c760bf69071bbddf663ecae7afa3fe41cdc6d8510ef748d8c297121f4eeab,JC516177,,11/19/2019 11:05,30,TRAFFIC SIGNAL,FUNCTIONING PROPERLY,CLOUDY/OVERCAST,DAYLIGHT,TURNING,ONE-WAY,,STRAIGHT AND LEVEL,DRY,NO DEFECTS,,NO INJURY / DRIVE AWAY,Y,,,"$501 - $1,500",11/19/2019 11:09,UNABLE TO DETERMINE,UNABLE TO DETERMINE,3000,W,WARREN BLVD,1222,,,,,,,2,NO INDICATION OF INJURY,0,0,0,0,0,2,0,11,3,11,41.88204929,-87.70135642,POINT (-87.701356421227 41.882049290742)
df8b6c7ccf61e812ad4ea3e2bd470c7676e80eaacbc71514a7fb47f2108a9dec01c3f126f9686fcb611c92c924b1f0be4ac5cb7b66ece90bb1dd94cdaa8fa6d2,JD252843,,6/3/2020 20:16,30,TRAFFIC SIGNAL,UNKNOWN,CLEAR,"DARKNESS, LIGHTED ROAD",SIDESWIPE SAME DIRECTION,DIVIDED - W/MEDIAN BARRIER,,STRAIGHT AND LEVEL,DRY,UNKNOWN,,NO INJURY / DRIVE AWAY,,,,"OVER $1,500",6/3/2020 20:16,FAILING TO REDUCE SPEED TO AVOID CRASH,IMPROPER LANE USAGE,10703,S,HALSTED ST,2233,,,,,,,2,NO INDICATION OF INJURY,0,0,0,0,0,3,0,20,4,6,41.6994954,-87.64245746,POINT (-87.642457460001 41.69949539549)
dfaf167ae4dab7069d4b0a4e3ebfe2192a1764e8b8995f42d490fa6842f18f82bd6b87161838009ce49de4717978a48624fca1064c1ac692bb02dfe544a69c71,JG326060,,7/3/2023 14:45,30,TRAFFIC SIGNAL,FUNCTIONING PROPERLY,CLEAR,DAYLIGHT,REAR END,NOT DIVIDED,,STRAIGHT AND LEVEL,DRY,UNKNOWN,,NO INJURY / DRIVE AWAY,,,,"$501 - $1,500",7/3/2023 15:25,DRIVING SKILLS/KNOWLEDGE/EXPERIENCE,DRIVING SKILLS/KNOWLEDGE/EXPERIENCE,1034,S,CLINTON ST,124,,,,,,,2,NO INDICATION OF INJURY,0,0,0,0,0,2,0,14,2,7,41.86905092,-87.64092504,POINT (-87.640925039341 41.869050919773)
dfafa2bc6c06d3dbec287e8185d4e9222b0fc16bd16fd63d74e8391b55e24a93bb506b1410a297322b0e9fd3e86cdad9e0f8a1568b00c9e133add3f7270750f5,JD147300,Y,2/10/2020 15:27,30,NO CONTROLS,NO CONTROLS,UNKNOWN,UNKNOWN,PARKED MOTOR VEHICLE,NOT DIVIDED,,STRAIGHT AND LEVEL,UNKNOWN,UNKNOWN,,INJURY AND / OR TOW DUE TO CRASH,,,Y,"OVER $1,500",2/10/2020 20:29,UNABLE TO DETERMINE,UNABLE TO DETERMINE,1408,W,BRYN MAWR AVE,2013,,,,,,,2,NO INDICATION OF INJURY,0,0,0,0,0,1,0,15,2,2,41.98365295,-87.66537005,POINT (-87.665370048773 41.983652944561)
dfb72ba308ffb432ee9d5a45b8aa303818230f194594c385ddbaba9c30943cfcdb6340415f3bea783b3f18c01506ecf3ad6d2619029e368b311d2a369fde02a3,JG315745,,6/25/2023 18:44,30,NO CONTROLS,NO CONTROLS,CLEAR,DAYLIGHT,ANGLE,ONE-WAY,,STRAIGHT AND LEVEL,DRY,NO DEFECTS,,INJURY AND / OR TOW DUE TO CRASH,,,Y,"OVER $1,500",6/25/2023 18:49,FAILING TO YIELD RIGHT-OF-WAY,UNABLE TO DETERMINE,3041,W,ARTHUR AVE,2412,,,,,,,2,NO INDICATION OF INJURY,0,0,0,0,0,4,0,18,1,6,41.99915908,-87.70619287,POINT (-87.706192871698 41.999159082602)
dfc47fdc84358a2c80431d859760d5f240d0968f542a03b81bfaf97f8e605dbb8376f126392d922df6a06b1d9ff7175d008d218e31e2ce333d0d2671fd4ca762,JG275672,,5/26/2023 9:36,30,STOP SIGN/FLASHER,FUNCTIONING PROPERLY,CLEAR,DAYLIGHT,TURNING,T-INTERSECTION,,STRAIGHT AND LEVEL,DRY,NO DEFECTS,,NO INJURY / DRIVE AWAY,Y,,,"OVER $1,500",5/26/2023 9:37,DISREGARDING STOP SIGN,FAILING TO REDUCE SPEED TO AVOID CRASH,3700,W,CERMAK RD,1014,,,,,,,2,NO INDICATION OF INJURY,0,0,0,0,0,3,0,9,6,5,41.85174268,-87.71749344,POINT (-87.717493438332 41.851742680807)
dfcc9f694d75bd632b77b11926dba725a7e9dfe4bf90841f5a73b07c3cee0f959a40c8abd130605ad65ba9081bc017f5e05a1d3162b6dea45ea18efb7ed0a549,JC344334,,7/11/2019 14:00,30,NO CONTROLS,NO CONTROLS,CLEAR,DAYLIGHT,PARKED MOTOR VEHICLE,NOT DIVIDED,,STRAIGHT AND LEVEL,DRY,NO DEFECTS,,NO INJURY / DRIVE AWAY,,,,"$501 - $1,500",7/11/2019 15:25,UNABLE TO DETERMINE,NOT APPLICABLE,5317,W,FULLERTON AVE,2515,,,,,,,2,NO INDICATION OF INJURY,0,0,0,0,0,3,0,14,5,7,41.92395682,-87.75929795,POINT (-87.759297950435 41.923956822598)
dfd4ea655b99e684ce58be304dc87574014c5f2458774a8f50da75489ba1dcb42577ab4e2e2f9645e7451f5b1a4b77a0d627be29656e6edb8bda87c4c34c769a,JC456025,,10/1/2019 16:55,30,NO CONTROLS,NO CONTROLS,CLEAR,DAYLIGHT,TURNING,NOT DIVIDED,,STRAIGHT AND LEVEL,DRY,NO DEFECTS,,NO INJURY / DRIVE AWAY,,,,"$501 - $1,500",10/1/2019 17:20,FAILING TO YIELD RIGHT-OF-WAY,NOT APPLICABLE,10600,S,MACKINAW AVE,432,,,,,,,2,NO INDICATION OF INJURY,0,0,0,0,0,2,0,16,3,10,41.70266851,-87.54270847,POINT (-87.542708473968 41.702668513477)
e0140cae88f9edee27a1226fb9002bbdd998eaf1021542705f8888612bf08748f903dac340126d17aea6ea52118959adf263f9afc798499fdba5ea9cb9ad651c,JD209557,,4/10/2020 20:15,25,UNKNOWN,UNKNOWN,UNKNOWN,DUSK,PARKED MOTOR VEHICLE,OTHER,,STRAIGHT AND LEVEL,DRY,NO DEFECTS,,NO INJURY / DRIVE AWAY,,,Y,"$501 - $1,500",4/15/2020 13:40,DRIVING SKILLS/KNOWLEDGE/EXPERIENCE,NOT APPLICABLE,2628,W,RICE ST,1211,,,,,,,2,NO INDICATION OF INJURY,0,0,0,0,0,1,0,20,6,4,41.89670136,-87.69295769,POINT (-87.692957690427 41.896701360914)
e081da9ddd8bd6267f3bf4af3eb583ac81dec41a64b63ba2d3620b60d389f0aee9224c6dca9cc041e3f7e82710081965e807bc2721cb008e69673ec2c501230a,JC485310,,10/24/2019 21:03,30,TRAFFIC SIGNAL,FUNCTIONING PROPERLY,CLEAR,"DARKNESS, LIGHTED ROAD",TURNING,DIVIDED - W/MEDIAN BARRIER,,STRAIGHT AND LEVEL,DRY,NO DEFECTS,,INJURY AND / OR TOW DUE TO CRASH,Y,,,"OVER $1,500",10/24/2019 21:03,FAILING TO YIELD RIGHT-OF-WAY,FAILING TO REDUCE SPEED TO AVOID CRASH,101,N,WACKER DR,122,Y,Y,,,,,2,FATAL,3,1,1,1,0,2,0,21,5,10,41.88323435,-87.63664906,POINT (-87.636649061859 41.883234347768)
e0a56a64683de68bca5952fe8350e0ada5e56f1e1768d47902d5f5a1df0e1993114462085279616a369851286a069aa20c1caad2244ab2c69828f83e74898db6,JC535267,,12/5/2019 7:34,25,STOP SIGN/FLASHER,FUNCTIONING PROPERLY,CLEAR,DAYLIGHT,REAR TO FRONT,FOUR WAY,,STRAIGHT AND LEVEL,DRY,NO DEFECTS,,NO INJURY / DRIVE AWAY,Y,,,"OVER $1,500",12/5/2019 8:16,IMPROPER BACKING,NOT APPLICABLE,1731,N,LECLAIRE AVE,2533,Y,Y,,,,,2,NO INDICATION OF INJURY,0,0,0,0,0,3,0,7,5,12,41.91233348,-87.75260227,POINT (-87.752602272022 41.912333476733)
e0dd2cf481aeb04f61bd5bff5656000e5b5c5e89811380403ebaba21894405b5ddffe50845aecee5c4f5daadf24e8ac02548ef30f06b352d4ff3c33808b2818c,JG278145,,5/26/2023 18:47,30,STOP SIGN/FLASHER,FUNCTIONING PROPERLY,CLEAR,DAYLIGHT,PEDESTRIAN,FOUR WAY,,STRAIGHT AND LEVEL,DRY,UNKNOWN,,INJURY AND / OR TOW DUE TO CRASH,,,Y,$500 OR LESS,5/28/2023 8:20,UNABLE TO DETERMINE,NOT APPLICABLE,4700,S,WOODLAWN AVE,222,,,,,,,2,NONINCAPACITATING INJURY,1,0,0,1,0,1,0,18,6,5,41.80961689,-87.59697877,POINT (-87.596978768042 41.809616884806)
e0ea38220d845361b08cba98b1f76d8761d03d22017ab1c54d970f8c082c122a040ec03a06e8bb68b5fac6ff6acea277707b572751527afca7b89142aaee0bdb,JC534150,,12/4/2019 6:00,30,TRAFFIC SIGNAL,FUNCTIONING PROPERLY,CLEAR,DAWN,PEDESTRIAN,OTHER,,STRAIGHT AND LEVEL,DRY,UNKNOWN,,INJURY AND / OR TOW DUE TO CRASH,,,Y,"OVER $1,500",12/4/2019 6:39,FAILING TO YIELD RIGHT-OF-WAY,NOT APPLICABLE,7500,S,STATE ST,623,,,,,,,2,NONINCAPACITATING INJURY,1,0,0,1,0,1,0,6,4,12,41.75809218,-87.62490223,POINT (-87.624902228247 41.758092176383)
e101ad7c04e18acba45683661ac0dea4749bc37c41f40ae8e11d53ac8e4570cd33f91f835b39378010a4d87a7e31767857cb84351a3a5b3695632665e6ffd5e2,JG334114,,7/8/2023 4:00,30,NO CONTROLS,NO CONTROLS,RAIN,"DARKNESS, LIGHTED ROAD",TURNING,NOT DIVIDED,,STRAIGHT AND LEVEL,WET,NO DEFECTS,,NO INJURY / DRIVE AWAY,,,Y,"OVER $1,500",7/9/2023 15:45,FAILING TO YIELD RIGHT-OF-WAY,UNABLE TO DETERMINE,4900,S,CICERO AVE,814,,,,,,,2,NO INDICATION OF INJURY,0,0,0,0,0,2,0,4,7,7,41.80387715,-87.74320434,POINT (-87.743204337182 41.803877146599)
e1156b60332b0458b07e852955e5c60b2bae117ffd28a568c9c85e00b7ac6806753d66d505bfd5bec0732fec53bd29e301a69a96a30c860ea71c3c34fe701c88,JC381617,,8/6/2019 16:00,30,UNKNOWN,UNKNOWN,UNKNOWN,UNKNOWN,REAR END,PARKING LOT,,STRAIGHT AND LEVEL,UNKNOWN,UNKNOWN,,INJURY AND / OR TOW DUE TO CRASH,,,Y,"OVER $1,500",8/6/2019 19:40,UNABLE TO DETERMINE,UNABLE TO DETERMINE,50,N,WESTERN AVE,1222,,,,,,,2,"REPORTED, NOT EVIDENT",1,0,0,0,1,2,0,16,3,8,41.88263294,-87.68662183,POINT (-87.686621829305 41.882632938657)
e123994b67f9384543acee91ad658d15cacf9634db6277ac98f1b7ffe8307c8e47de6181e1565ea7b9b15775d910a2669d28f2726b7fb438b95d41624aa4ffc7,JC374788,,8/2/2019 2:44,30,NO CONTROLS,FUNCTIONING IMPROPERLY,CLEAR,DARKNESS,PARKED MOTOR VEHICLE,NOT DIVIDED,,STRAIGHT AND LEVEL,DRY,NO DEFECTS,,INJURY AND / OR TOW DUE TO CRASH,,,,"$501 - $1,500",8/2/2019 3:00,UNDER THE INFLUENCE OF ALCOHOL/DRUGS (USE WHEN ARREST IS EFFECTED),UNABLE TO DETERMINE,7902,S,DREXEL AVE,624,,,,,,,2,NONINCAPACITATING INJURY,1,0,0,1,0,0,0,2,6,8,41.75116422,-87.60289981,POINT (-87.602899807596 41.751164224045)
e16f3f12fdce627e79a115bc2bc31b9c073d6a24fe4135eb4023952dfdf1d7a6c451f711ac62db72d4b4b7c674a128bbbcd21f8b210782a6bf61d6fb627a6831,JD213874,,4/21/2020 14:15,30,TRAFFIC SIGNAL,FUNCTIONING PROPERLY,CLEAR,DAYLIGHT,ANGLE,NOT DIVIDED,,STRAIGHT AND LEVEL,DRY,NO DEFECTS,,INJURY AND / OR TOW DUE TO CRASH,,,Y,"OVER $1,500",4/21/2020 14:20,DISREGARDING STOP SIGN,NOT APPLICABLE,6100,S,ROCKWELL ST,825,,,,,,,2,NO INDICATION OF INJURY,0,0,0,0,0,3,0,14,3,4,41.7827417,-87.68876745,POINT (-87.688767448095 41.782741702975)
e18d2f87ff6dd8b13abba5d865d89d8834c140d61b5abd2ebfde3323c78a83b041cadb36f2cdd988fec8c148a6d99426ce28df08ca8c54d7ee48d2f7b7b7b59e,JG215952,,4/8/2023 20:20,30,TRAFFIC SIGNAL,FUNCTIONING PROPERLY,CLEAR,"DARKNESS, LIGHTED ROAD",PEDESTRIAN,DIVIDED - W/MEDIAN (NOT RAISED),,STRAIGHT AND LEVEL,DRY,NO DEFECTS,,INJURY AND / OR TOW DUE TO CRASH,,,Y,$500 OR LESS,4/8/2023 22:51,DISREGARDING TRAFFIC SIGNALS,UNABLE TO DETERMINE,7001,W,ARCHER AVE,811,,,,,,,2,"REPORTED, NOT EVIDENT",1,0,0,0,1,1,0,20,7,4,41.79195196,-87.79651731,POINT (-87.796517306827 41.791951955538)
e1ecfec984279a49e5f9389be1f445f6803935d18eb353d0104f72be05b90e965852452481d0044c27b5ebe1aa0951d93c096aecc7e35536b4613615dd6c7168,JC461546,,10/5/2019 20:20,30,NO CONTROLS,NO CONTROLS,CLEAR,"DARKNESS, LIGHTED ROAD",ANGLE,NOT DIVIDED,,STRAIGHT AND LEVEL,WET,NO DEFECTS,,INJURY AND / OR TOW DUE TO CRASH,,,,"OVER $1,500",10/5/2019 21:41,FAILING TO YIELD RIGHT-OF-WAY,FAILING TO YIELD RIGHT-OF-WAY,4430,S,KEDZIE AVE,821,,,,,,,3,NO INDICATION OF INJURY,0,0,0,0,0,3,0,20,7,10,41.81266526,-87.70430069,POINT (-87.704300691133 41.81266526261)
e212d3d1fcce3a0ea25248c85b73260bf36606292cf6ccc50234bb14712b153f82940932def8e6a45750f9a7855694821046a5b269925328625e051f05d3a9f3,JD213282,,4/20/2020 16:39,30,TRAFFIC SIGNAL,FUNCTIONING PROPERLY,CLEAR,DAYLIGHT,REAR END,DIVIDED - W/MEDIAN (NOT RAISED),,STRAIGHT AND LEVEL,DRY,UNKNOWN,,INJURY AND / OR TOW DUE TO CRASH,Y,,Y,"OVER $1,500",4/20/2020 17:50,FOLLOWING TOO CLOSELY,FAILING TO REDUCE SPEED TO AVOID CRASH,5858,S,CICERO AVE,813,,,,,,,2,NONINCAPACITATING INJURY,2,0,0,2,0,1,0,16,2,4,41.78570641,-87.74148835,POINT (-87.741488347892 41.785706414127)
e22aca42fad0e68d928fa1224f9693a4ea3de275251ea2a3a081cc4d07d161f0f8a95c06729d17fbcb86c89b80690d1fe4710039d533f208b04ec7886cda32df,JG331253,,7/7/2023 10:46,35,TRAFFIC SIGNAL,FUNCTIONING PROPERLY,CLEAR,DAYLIGHT,TURNING,DIVIDED - W/MEDIAN (NOT RAISED),,STRAIGHT AND LEVEL,DRY,NO DEFECTS,,INJURY AND / OR TOW DUE TO CRASH,Y,,,"OVER $1,500",7/7/2023 10:59,UNABLE TO DETERMINE,UNABLE TO DETERMINE,3738,W,COLUMBUS AVE,834,,,,,,,2,NO INDICATION OF INJURY,0,0,0,0,0,3,0,10,6,7,41.7405717,-87.71534297,POINT (-87.71534297295 41.740571703538)
e239626ad4d2a7e1a7bff8aa10e8d2872c3e52e3fe7ad01da347038b25108093f1decc9561e10cbaf627517b1127fc375d75c9ab6a51b3ec57f62305b45d6b9c,JD177409,Y,3/7/2020 14:15,30,STOP SIGN/FLASHER,FUNCTIONING PROPERLY,CLEAR,DAYLIGHT,TURNING,NOT DIVIDED,,STRAIGHT AND LEVEL,DRY,NO DEFECTS,,NO INJURY / DRIVE AWAY,,,,"$501 - $1,500",3/7/2020 14:45,FAILING TO YIELD RIGHT-OF-WAY,NOT APPLICABLE,2701,W,TOUHY AVE,2411,,,,,,,2,NO INDICATION OF INJURY,0,0,0,0,0,2,0,14,7,3,42.01201017,-87.69746379,POINT (-87.697463794319 42.01201017232)
e2637f5192aac64fb8b9ffb179d9acd154a95e88839991f0f7ca2c598176faddaa152c80da5d41b8efddf682e58a21f8db9d3fb1e14a3800ebfb5a7847bdde65,JC488632,,10/27/2019 17:20,25,TRAFFIC SIGNAL,FUNCTIONING PROPERLY,CLEAR,DAYLIGHT,SIDESWIPE SAME DIRECTION,NOT DIVIDED,,STRAIGHT AND LEVEL,DRY,NO DEFECTS,,NO INJURY / DRIVE AWAY,,,,"OVER $1,500",10/27/2019 17:30,UNABLE TO DETERMINE,NOT APPLICABLE,1999,E,93RD ST,413,,,,,,,2,NO INDICATION OF INJURY,0,0,0,0,0,2,0,17,1,10,41.72600509,-87.57550402,POINT (-87.575504021388 41.72600508481)
e2701dc329dd3c310d095b0d92aadc1cb8b361fa9a168ad5342541301dd505b8438ed79f9f9208628371224610b29019057d4e6d4b0d344b48b64a7a2e37ba5a,JC431432,,9/13/2019 9:35,30,NO CONTROLS,NO CONTROLS,CLEAR,DAYLIGHT,PEDESTRIAN,DIVIDED - W/MEDIAN (NOT RAISED),,STRAIGHT AND LEVEL,WET,UNKNOWN,,INJURY AND / OR TOW DUE TO CRASH,,,Y,"$501 - $1,500",9/13/2019 9:50,UNABLE TO DETERMINE,NOT APPLICABLE,1465,E,130TH ST,434,,,,,,,2,NONINCAPACITATING INJURY,1,0,0,1,0,1,0,9,6,9,41.66028389,-87.58866624,POINT (-87.58866623998 41.660283893596)
e2a7cc94c9785fbc0fdfe14ab65221539a467453b05c431138d9b05e55170258776e328882b6fbdfb8b0e52df1104a61c61bcc0e7131cea5698226a4c2dd6902,JC522969,,11/24/2019 15:40,30,NO CONTROLS,NO CONTROLS,CLEAR,DAYLIGHT,REAR TO FRONT,NOT DIVIDED,,STRAIGHT AND LEVEL,DRY,NO DEFECTS,,NO INJURY / DRIVE AWAY,,,Y,"$501 - $1,500",11/24/2019 15:45,IMPROPER BACKING,NOT APPLICABLE,345,E,WACKER DR,114,,,,,,,2,NO INDICATION OF INJURY,0,0,0,0,0,4,0,15,1,11,41.88749493,-87.61867271,POINT (-87.618672709476 41.887494931177)
e2b7a3adaa9201bfbd317f347bf529b917790f96a0eb87160564956c3a2a0fd72032fbb5ef4775da5c2c947854196b43a73133bbc747ade962a60bddcdb11353,JD248646,,5/31/2020 12:40,30,TRAFFIC SIGNAL,FUNCTIONING PROPERLY,CLEAR,DAYLIGHT,PEDESTRIAN,DIVIDED - W/MEDIAN (NOT RAISED),,STRAIGHT AND LEVEL,DRY,NO DEFECTS,,INJURY AND / OR TOW DUE TO CRASH,,,,"OVER $1,500",5/31/2020 12:40,FAILING TO REDUCE SPEED TO AVOID CRASH,FAILING TO YIELD RIGHT-OF-WAY,602,S,KEDZIE AVE,1134,,,,,,,2,NONINCAPACITATING INJURY,1,0,0,1,0,1,0,12,1,5,41.87357098,-87.70605925,POINT (-87.706059249388 41.873570976673)