CRASH_RECORD_ID,RD_NO,CRASH_DATE_EST_I,CRASH_DATE,POSTED_SPEED_LIMIT,TRAFFIC_CONTROL_DEVICE,DEVICE_CONDITION,WEATHER_CONDITION,LIGHTING_CONDITION,FIRST_CRASH_TYPE,TRAFFICWAY_TYPE,LANE_CNT,ALIGNMENT,ROADWAY_SURFACE_COND,ROAD_DEFECT,REPORT_TYPE,CRASH_TYPE,INTERSECTION_RELATED_I,NOT_RIGHT_OF_WAY_I,HIT_AND_RUN_I,DAMAGE,DATE_POLICE_NOTIFIED,PRIM_CONTRIBUTORY_CAUSE,SEC_CONTRIBUTORY_CAUSE,STREET_NO,STREET_DIRECTION,STREET_NAME,BEAT_OF_OCCURRENCE,PHOTOS_TAKEN_I,STATEMENTS_TAKEN_I,DOORING_I,WORK_ZONE_I,WORK_ZONE_TYPE,WORKERS_PRESENT_I,NUM_UNITS,MOST_SEVERE_INJURY,INJURIES_TOTAL,INJURIES_FATAL,INJURIES_INCAPACITATING,INJURIES_NON_INCAPACITATING,INJURIES_REPORTED_NOT_EVIDENT,INJURIES_NO_INDICATION,INJURIES_UNKNOWN,CRASH_HOUR,CRASH_DAY_OF_WEEK,CRASH_MONTH,LATITUDE,LONGITUDE,LOCATION
e309af4ba3ccde18b43fcaa1a411633314b97ca8a42a5756f678eb7a1457fd33afc87aed9b1aeeb650b0a163bf504753780dbd4ca12c1d72845f2b41aa6f110e,JG335352,,7/10/2023 11:00,30,NO CONTROLS,NO CONTROLS,CLEAR,DAYLIGHT,TURNING,DIVIDED - W/MEDIAN (NOT RAISED),,STRAIGHT AND LEVEL,DRY,NO DEFECTS,,INJURY AND / OR TOW DUE TO CRASH,,,,"OVER $1,500",7/10/2023 14:30,IMPROPER TURNING/NO SIGNAL,IMPROPER OVERTAKING/PASSING,244,W,83RD ST,622,,,,,,,2,NO INDICATION OF INJURY,0,0,0,0,0,5,0,11,2,7,41.74366574,-87.63083704,POINT (-87.630837041094 41.743665741304)
e3867f551cfe5c477a41c182ac60f3711709941f63ede885ccfd3bbd9f94cf90a6ea103ff853544cbfffddbeaa635cd932f26abaafce13663fc81def6ea79042,JG280790,Y,5/27/2023 0:00,15,NO CONTROLS,NO CONTROLS,UNKNOWN,UNKNOWN,PARKED MOTOR VEHICLE,ALLEY,,STRAIGHT AND LEVEL,UNKNOWN,NO DEFECTS,,INJURY AND / OR TOW DUE TO CRASH,,,Y,"OVER $1,500",5/30/2023 10:40,UNABLE TO DETERMINE,NOT APPLICABLE,8221,S,HOUSTON AVE,424,,,,,,,2,NO INDICATION OF INJURY,0,0,0,0,0,1,0,0,7,5,41.74583763,-87.55021038,POINT (-87.550210384055 41.745837627326)
e3d41d61e26777539ce8ee04bb800d1669ca7b75f30d333c8d6161de7a8151f0bbeaa3f149b4a3f753ac548d6d83422726422e06457ec4c46f9841c9784e7aa2,JG234096,,4/23/2023 7:38,30,STOP SIGN/FLASHER,FUNCTIONING PROPERLY,CLEAR,DAYLIGHT,FIXED OBJECT,NOT DIVIDED,,STRAIGHT AND LEVEL,DRY,UNKNOWN,,INJURY AND / OR TOW DUE TO CRASH,,,,"OVER $1,500",4/23/2023 7:38,"OPERATING VEHICLE IN ERRATIC, RECKLESS, CARELESS, NEGLIGENT OR AGGRESSIVE MANNER","OPERATING VEHICLE IN ERRATIC, RECKLESS, CARELESS, NEGLIGENT OR AGGRESSIVE MANNER",600,E,42ND ST,214,,,,,,,1,NO INDICATION OF INJURY,0,0,0,0,0,2,0,7,1,4,41.81863039,-87.61167402,POINT (-87.611674018436 41.818630385861)
e438d741c710580b26a493690c00b243a1800e1b9bbf569d1fbb682581eee22e82ac3e03fd849de050a6d3a390c96cb85eac63b7aa07f407f9733293fbea631a,JD209858,,4/15/2020 22:00,30,TRAFFIC SIGNAL,FUNCTIONING PROPERLY,CLEAR,"DARKNESS, LIGHTED ROAD",REAR END,DIVIDED - W/MEDIAN BARRIER,,STRAIGHT AND LEVEL,DRY,NO DEFECTS,,INJURY AND / OR TOW DUE TO CRASH,Y,,Y,"OVER $1,500",4/15/2020 22:02,UNABLE TO DETERMINE,FOLLOWING TOO CLOSELY,11050,S,HALSTED ST,2233,,,,,,,3,"REPORTED, NOT EVIDENT",1,0,0,0,1,4,0,22,4,4,41.69267124,-87.64253262,POINT (-87.642532623355 41.69267123975)
e479dacc0ca6dc5d561df02c23d7fef6fa2050c94b0d449ff20faa8397bf54684bc027d9c71d3c7be1075c53cd7be25bdcf9eb939a34510afc1a9a4aeaf89e62,JC384774,,8/8/2019 22:50,30,NO CONTROLS,NO CONTROLS,CLEAR,"DARKNESS, LIGHTED ROAD",SIDESWIPE SAME DIRECTION,ONE-WAY,,STRAIGHT AND LEVEL,DRY,NO DEFECTS,,NO INJURY / DRIVE AWAY,,,,"$501 - $1,500",8/8/2019 22:52,DRIVING SKILLS/KNOWLEDGE/EXPERIENCE,NOT APPLICABLE,220,S,CANAL ST,121,,,,,,,2,NO INDICATION OF INJURY,0,0,0,0,0,4,0,22,5,8,41.87867652,-87.63972521,POINT (-87.639725204585 41.878676517397)
e4be2d1b0d9b8ad7000fee4e511b93675a9fe6f523a86890f277a0916f760288126eb2cde51b4cfd181a9db72d506c34ff164e76b22223d961a68134684b9322,JC440790,,9/20/2019 5:48,30,STOP SIGN/FLASHER,FUNCTIONING PROPERLY,RAIN,DARKNESS,TURNING,NOT DIVIDED,,STRAIGHT AND LEVEL,WET,NO DEFECTS,,NO INJURY / DRIVE AWAY,Y,,Y,"OVER $1,500",9/20/2019 5:52,UNABLE TO DETERMINE,NOT APPLICABLE,5900,W,LAKE ST,1512,,,,,,,2,NO INDICATION OF INJURY,0,0,0,0,0,3,0,5,6,9,41.88804903,-87.77218777,POINT (-87.772187767064 41.888049029556)
e4cefb253916c31448f678ed19d0b27aadd9a2f54a0bb16524f644f707f7c3cd5ac8b87c5fd9a4ba85188d8329dbb52f1350fefbf3c4df08118f4471688d140f,JE319783,,7/30/2021 12:31,30,STOP SIGN/FLASHER,FUNCTIONING PROPERLY,CLEAR,DAYLIGHT,ANGLE,NOT DIVIDED,,STRAIGHT AND LEVEL,DRY,NO DEFECTS,ON SCENE,INJURY AND / OR TOW DUE TO CRASH,,,,"OVER $1,500",7/30/2021 12:49,FAILING TO YIELD RIGHT-OF-WAY,FAILING TO YIELD RIGHT-OF-WAY,4659,W,MADISON ST,1113,,,,,,,2,NO INDICATION OF INJURY,0,0,0,0,0,2,0,12,6,7,41.8804176,-87.74271644,POINT (-87.742716435109 41.880417602363)
e521f1166546de807b0c77fbdaac27cdb605559c1c62a7c30d97059a6918f0d73bdf1a5ac21adf58f8f0e0474841ef3600c6852ac0b5e0d9b031756ad16baa08,JC400440,,8/20/2019 17:19,30,NO CONTROLS,NO CONTROLS,CLEAR,DAYLIGHT,PARKED MOTOR VEHICLE,NOT DIVIDED,,STRAIGHT AND LEVEL,DRY,NO DEFECTS,,NO INJURY / DRIVE AWAY,,,Y,"$501 - $1,500",8/20/2019 17:27,UNABLE TO DETERMINE,UNABLE TO DETERMINE,29,E,NORTH AVE,1824,,,,,,,2,NO INDICATION OF INJURY,0,0,0,0,0,1,0,17,3,8,41.91113158,-87.62772105,POINT (-87.627721047131 41.911131575468)
e5708131823b405a074b5a233fd9748b8ca12bc4ebfb939c122f547448c98a090c821accb6b79f1e613c43ef8f73807b88fd06070927a23827f8d55b85d91a3b,JC388543,Y,8/11/2019 19:05,35,TRAFFIC SIGNAL,FUNCTIONING PROPERLY,CLEAR,DAYLIGHT,TURNING,NOT DIVIDED,,STRAIGHT AND LEVEL,DRY,NO DEFECTS,,INJURY AND / OR TOW DUE TO CRASH,Y,,,"OVER $1,500",8/11/2019 19:10,UNABLE TO DETERMINE,NOT APPLICABLE,5100,S,KOSTNER AVE,815,,,,,,,2,NONINCAPACITATING INJURY,1,0,0,1,0,4,0,19,1,8,41.80044089,-87.73331594,POINT (-87.733315938171 41.8004408896)
e5966133bd463b2592458dc4328a8e872188e1a4135559aa4e77bd2fc43be0fe085517648a1aa64deb6e89fd550db804c9da5c37bbf31545c015aa7f7131925e,JC452073,,9/26/2019 17:22,30,NO CONTROLS,NO CONTROLS,UNKNOWN,UNKNOWN,SIDESWIPE SAME DIRECTION,NOT DIVIDED,,STRAIGHT AND LEVEL,UNKNOWN,UNKNOWN,,NO INJURY / DRIVE AWAY,,,,"OVER $1,500",9/28/2019 16:32,IMPROPER OVERTAKING/PASSING,UNABLE TO DETERMINE,7701,S,COTTAGE GROVE AVE,624,,,,,,,2,NO INDICATION OF INJURY,0,0,0,0,0,6,0,17,5,9,41.75484495,-87.60514671,POINT (-87.605146706338 41.754844946598)
e5a40e09044d2fe70fb3247c79c8cf62ef8e5cf74587c8ea5ecb1df0f41a8f28d2f89beab28be4d1e850433c01c7e6a98f9c4d13412cf628662caa91c46eee7f,JD218687,,4/27/2020 22:10,30,NO CONTROLS,NO CONTROLS,RAIN,"DARKNESS, LIGHTED ROAD",PARKED MOTOR VEHICLE,NOT DIVIDED,,STRAIGHT AND LEVEL,WET,NO DEFECTS,,INJURY AND / OR TOW DUE TO CRASH,,,,"OVER $1,500",4/27/2020 22:41,ANIMAL,FAILING TO REDUCE SPEED TO AVOID CRASH,5335,N,DELPHIA AVE,1614,,,,,,,4,NO INDICATION OF INJURY,0,0,0,0,0,1,0,22,2,4,41.97661703,-87.84139382,POINT (-87.841393821842 41.976617030818)
e5b40fbdf1967f8ce71947504e80d51ae138aa77e27958b3ffd0d05573626d4db0791ca653a7e826540f54547bb9f20931b4934eac7b4509cd6a1a7e93f283c1,JD215585,,4/23/2020 18:45,25,NO CONTROLS,NO CONTROLS,RAIN,DAYLIGHT,PARKED MOTOR VEHICLE,NOT DIVIDED,,STRAIGHT AND LEVEL,WET,NO DEFECTS,,NO INJURY / DRIVE AWAY,,,Y,"OVER $1,500",4/23/2020 18:45,DRIVING SKILLS/KNOWLEDGE/EXPERIENCE,NOT APPLICABLE,3420,W,WAVELAND AVE,1732,,,,,,,2,NO INDICATION OF INJURY,0,0,0,0,0,2,0,18,5,4,41.94848896,-87.71374957,POINT (-87.713749572972 41.948488955865)
e5b5dfa21fa8f335d3c79a303af4446eeab46736a35732b99870e3bdf10e9f8277aa2ea99bd606db6b18b30438f3c6baa5b78639654198b2ee6808b1707f983e,JC430681,,9/12/2019 18:06,30,STOP SIGN/FLASHER,FUNCTIONING PROPERLY,CLEAR,DAYLIGHT,TURNING,UNKNOWN INTERSECTION TYPE,,STRAIGHT AND LEVEL,DRY,NO DEFECTS,,NO INJURY / DRIVE AWAY,Y,,,"OVER $1,500",9/12/2019 18:06,FAILING TO YIELD RIGHT-OF-WAY,UNABLE TO DETERMINE,759,N,PINE AVE,1524,N,N,,,,,2,NO INDICATION OF INJURY,0,0,0,0,0,4,0,18,5,9,41.89471596,-87.76341542,POINT (-87.76341541823 41.894715957435)
e5be7a987aa4c4d4cb6598a7a0397b46067fdacf98e7c630735d1d93d5b90c21932392c317f8c70708262ed9a391eca61bf79d36045d1c041db3eafd9985178c,JC287610,,5/30/2019 8:15,20,NO CONTROLS,NO CONTROLS,CLEAR,DAYLIGHT,SIDESWIPE SAME DIRECTION,ONE-WAY,,STRAIGHT AND LEVEL,DRY,UNKNOWN,,NO INJURY / DRIVE AWAY,,,Y,"OVER $1,500",6/1/2019 11:35,UNABLE TO DETERMINE,UNABLE TO DETERMINE,9422,S,ST LAWRENCE AVE,633,,,,,,,2,NO INDICATION OF INJURY,0,0,0,0,0,2,0,8,5,5,41.72308314,-87.60948366,POINT (-87.609483658607 41.723083141332)
e5c19f5b96519f52ee7b663907e883aaf5017d839034ff65ddf365eaef724616e79a8f7fa7376b4b065a44686ab264857828100aed5f48bbfa6babab365b91fe,JD241114,,5/24/2020 5:58,45,TRAFFIC SIGNAL,FUNCTIONING PROPERLY,CLEAR,DAYLIGHT,TURNING,T-INTERSECTION,,STRAIGHT AND LEVEL,DRY,NO DEFECTS,,INJURY AND / OR TOW DUE TO CRASH,Y,,,"OVER $1,500",5/24/2020 6:01,DISREGARDING TRAFFIC SIGNALS,DRIVING SKILLS/KNOWLEDGE/EXPERIENCE,11500,W,IRVING PARK RD,1654,,,,,,,2,NONINCAPACITATING INJURY,12,0,0,1,11,1,0,5,1,5,0,0,POINT (0 0)
e60cd3dfbdd404ecffbb469a6578fb89b0c0e74270b645318aab9f3142330dbedae6bbdc4aee7c9f53a8a3f8aa330dea4ebdd8fa0f798201b065a388cc94de8a,JG309864,,6/21/2023 12:50,30,NO CONTROLS,NO CONTROLS,CLEAR,DAYLIGHT,TURNING,NOT DIVIDED,,STRAIGHT AND LEVEL,DRY,NO DEFECTS,,NO INJURY / DRIVE AWAY,,,,"OVER $1,500",6/21/2023 12:54,FAILING TO YIELD RIGHT-OF-WAY,IMPROPER TURNING/NO SIGNAL,7309,W,IRVING PARK RD,1631,,,,,,,2,NO INDICATION OF INJURY,0,0,0,0,0,3,0,12,4,6,41.95258417,-87.8102291,POINT (-87.810229100755 41.952584173003)
e616499c11bb851f4c743178a3ccffff28a4d5980014692dd6c8ef2d21b2f8e2c5be9b02020bf3cce2d33b3c934aa542ce0099c52331e576ea08715310b55e8c,JC485331,,10/24/2019 21:30,30,NO CONTROLS,NO CONTROLS,CLEAR,"DARKNESS, LIGHTED ROAD",PARKED MOTOR VEHICLE,PARKING LOT,,STRAIGHT AND LEVEL,DRY,NO DEFECTS,,NO INJURY / DRIVE AWAY,,,Y,"OVER $1,500",10/24/2019 22:00,IMPROPER BACKING,UNABLE TO DETERMINE,2008,W,63RD ST,714,,,,,,,2,NO INDICATION OF INJURY,0,0,0,0,0,1,0,21,5,10,41.77942004,-87.67433255,POINT (-87.674332546402 41.779420042281)
e6205aa647317dde173dd147df33a9d188e850b382255024bf51cbfa34cb4171766d6c484527185afa9214f1475bd5b5194ecafe2a598b24eebf1ae97cbad5ba,JG317487,,6/26/2023 5:50,30,TRAFFIC SIGNAL,FUNCTIONING PROPERLY,CLEAR,DAYLIGHT,REAR END,FOUR WAY,,STRAIGHT AND LEVEL,DRY,NO DEFECTS,,NO INJURY / DRIVE AWAY,,,,"OVER $1,500",6/26/2023 21:40,UNABLE TO DETERMINE,FAILING TO REDUCE SPEED TO AVOID CRASH,3701,W,OGDEN AVE,1014,,,,,,,2,NO INDICATION OF INJURY,0,0,0,0,0,3,0,5,2,6,41.85347532,-87.71749061,POINT (-87.717490612106 41.853475323255)
e621842a1749ecb213d4baa476d7d7ea1848163c0255be9050710ee3eb118cee39eb253d98c01cd75ed8619e7531116f2db4e16ad47afc8a21fc2eb855746ec9,JF525439,,12/24/2022 15:00,20,NO CONTROLS,NO CONTROLS,SNOW,DAYLIGHT,FIXED OBJECT,NOT DIVIDED,,STRAIGHT AND LEVEL,SNOW OR SLUSH,NO DEFECTS,,NO INJURY / DRIVE AWAY,,Y,Y,"$501 - $1,500",12/28/2022 15:01,UNABLE TO DETERMINE,UNABLE TO DETERMINE,11170,S,HERMOSA AVE,2212,,,,,,,1,NO INDICATION OF INJURY,0,0,0,0,0,1,0,15,7,12,41.69043885,-87.66765779,POINT (-87.667657785263 41.690438848759)
e642fba7e494920c2e40a2e642321861b4c0abc2a57edcb84094b5a2a3857cc63161b4261cf5872e9ae70516063b6e57db3713fba18af76cf3f0cf9d4d67e941,JD155313,,2/17/2020 18:01,30,STOP SIGN/FLASHER,FUNCTIONING PROPERLY,RAIN,"DARKNESS, LIGHTED ROAD",TURNING,DIVIDED - W/MEDIAN (NOT RAISED),,STRAIGHT AND LEVEL,WET,NO DEFECTS,,INJURY AND / OR TOW DUE TO CRASH,,,Y,"OVER $1,500",2/17/2020 18:04,DISREGARDING TRAFFIC SIGNALS,NOT APPLICABLE,4000,W,IRVING PARK RD,1722,,,,,,,2,NONINCAPACITATING INJURY,1,0,0,1,0,1,0,18,2,2,41.95375687,-87.72769851,POINT (-87.727698513129 41.953756874475)
e6549e93ee3e9d5ae3fcabd9cf07c36a0c8a2d52af2a64352328980ed9fdd29d11a220eeee53222b25544c7395589cde5584fdaaf16e8933f3a8b42ac5cedce2,JC392490,,8/13/2019 18:07,30,NO CONTROLS,NO CONTROLS,CLEAR,DAYLIGHT,PARKED MOTOR VEHICLE,ONE-WAY,,STRAIGHT AND LEVEL,DRY,NO DEFECTS,,NO INJURY / DRIVE AWAY,,,Y,"OVER $1,500",8/14/2019 17:25,IMPROPER BACKING,UNABLE TO DETERMINE,4825,N,ALBANY AVE,1713,,,,,,,2,NO INDICATION OF INJURY,0,0,0,0,0,1,0,18,3,8,41.96922194,-87.70590712,POINT (-87.705907123998 41.96922194235)
e65d4f41c62bdc29f3317b925d0330347511ae6cd0aa2c8755706a51268c3c75d3d28e6531a66ec6823b5b504459df0bc27d1e5eb6815a20a7d65eb5e9eaaef7,JD154454,,2/17/2020 0:23,30,NO CONTROLS,NO CONTROLS,CLEAR,"DARKNESS, LIGHTED ROAD",SIDESWIPE SAME DIRECTION,ONE-WAY,,STRAIGHT AND LEVEL,DRY,NO DEFECTS,,NO INJURY / DRIVE AWAY,,,Y,"OVER $1,500",2/17/2020 1:21,IMPROPER OVERTAKING/PASSING,UNABLE TO DETERMINE,2627,N,MELVINA AVE,2512,,,,,,,2,NO INDICATION OF INJURY,0,0,0,0,0,2,0,0,2,2,41.92824346,-87.78058974,POINT (-87.780589736119 41.928243455291)
e67d183d5bd0c7a5d5a80d4ea1797b31a97405e4ad6b2fbbc9de2bc0262272bde98001465bb2eba367d494f2a271970000f056880ae013411ed95183135d9925,JG327736,,7/4/2023 19:43,30,TRAFFIC SIGNAL,FUNCTIONING PROPERLY,CLEAR,DUSK,ANGLE,FOUR WAY,,STRAIGHT AND LEVEL,DRY,NO DEFECTS,,INJURY AND / OR TOW DUE TO CRASH,Y,,,"OVER $1,500",7/4/2023 20:30,UNABLE TO DETERMINE,UNABLE TO DETERMINE,1600,N,KOLMAR AVE,2533,,,,,,,2,"REPORTED, NOT EVIDENT",1,0,0,0,1,1,0,19,3,7,41.909792,-87.73991372,POINT (-87.739913720425 41.909791994943)
e693f54866f2eb50708fb8496b0628330705ad60255fb65ce64079056b1e4a6aa6c41cf22b27738f3601cfac76164b6da755174f9741436bb8df957189bd7386,JC414133,,8/30/2019 23:00,25,STOP SIGN/FLASHER,NO CONTROLS,CLEAR,"DARKNESS, LIGHTED ROAD",REAR END,NOT DIVIDED,,STRAIGHT AND LEVEL,DRY,NO DEFECTS,,NO INJURY / DRIVE AWAY,,,,"OVER $1,500",8/30/2019 23:15,FOLLOWING TOO CLOSELY,NOT APPLICABLE,484,E,MC FETRIDGE DR,132,,,,,,,2,NO INDICATION OF INJURY,0,0,0,0,0,2,0,23,6,8,41.86513372,-87.61553259,POINT (-87.615532586622 41.865133717559)
e7079564c77fe4f11e66281d2027065b123ccffc808747e7bfccc02f535526c684d330557ebc4a6970a935331ef281d304a2d846de5c4a376bb46723f561506e,JD180906,,3/10/2020 8:35,30,TRAFFIC SIGNAL,FUNCTIONING PROPERLY,CLEAR,DAYLIGHT,PEDALCYCLIST,ONE-WAY,,STRAIGHT AND LEVEL,DRY,NO DEFECTS,,NO INJURY / DRIVE AWAY,,,Y,"$501 - $1,500",3/10/2020 15:35,IMPROPER OVERTAKING/PASSING,IMPROPER OVERTAKING/PASSING,5100,S,CORNELL AVE,234,,,,,,,2,NO INDICATION OF INJURY,0,0,0,0,0,2,0,8,3,3,41.802387,-87.58675828,POINT (-87.586758277123 41.802387001878)
e7f4662cb4f62b53407e2d93c980c11408230536216034e6d82b167ca1cfd59e94e98800ec6764332c252bb55df598e4ce65c5910c8d706c8f79d084cd7ea222,JG305435,,6/17/2023 11:50,30,TRAFFIC SIGNAL,FUNCTIONING PROPERLY,CLEAR,DAYLIGHT,REAR END,DIVIDED - W/MEDIAN (NOT RAISED),,STRAIGHT AND LEVEL,DRY,NO DEFECTS,,NO INJURY / DRIVE AWAY,,,,"OVER $1,500",6/18/2023 3:20,FOLLOWING TOO CLOSELY,UNABLE TO DETERMINE,111,W,WACKER DR,122,,,,,,,2,NO INDICATION OF INJURY,0,0,0,0,0,2,0,11,7,6,41.88670684,-87.63140796,POINT (-87.631407958651 41.886706842037)
e7f89340417f04bce27277b11d0d5a6026dd039a1b67633dd9042e947734a38fdfa3f192dbd4f1d7ade467e7194774d2753f5bd58fce9867e2d13a8e1fd450d1,JD220187,,4/29/2020 18:25,30,TRAFFIC SIGNAL,FUNCTIONING PROPERLY,RAIN,DAYLIGHT,ANGLE,NOT DIVIDED,,STRAIGHT AND LEVEL,WET,NO DEFECTS,,NO INJURY / DRIVE AWAY,,,Y,"OVER $1,500",4/29/2020 18:31,FAILING TO YIELD RIGHT-OF-WAY,FAILING TO YIELD RIGHT-OF-WAY,11500,S,HALSTED ST,524,,,,,,,2,NO INDICATION OF INJURY,0,0,0,0,0,3,0,18,4,4,41.68502626,-87.64229737,POINT (-87.642297366963 41.685026256307)
e7fd2b26fd43e8748efc61a23164f3386deb45f0c2ec0d59ea4fbe26a59c0e474f762252158ee086a3e59c3d0c06c4184eb4b7cf08888ef3211c324efb9e018b,JB457394,,9/30/2018 19:50,30,NO CONTROLS,UNKNOWN,CLEAR,DARKNESS,PARKED MOTOR VEHICLE,DIVIDED - W/MEDIAN BARRIER,4,STRAIGHT AND LEVEL,DRY,NO DEFECTS,,INJURY AND / OR TOW DUE TO CRASH,,,,"$501 - $1,500",9/30/2018 19:52,"EVASIVE ACTION DUE TO ANIMAL, OBJECT, NONMOTORIST",NOT APPLICABLE,6718,S,ASHLAND AVE,725,,Y,,,,,2,INCAPACITATING INJURY,1,0,1,0,0,2,0,19,1,9,41.77159036,-87.6641497,POINT (-87.664149695509 41.771590360977)
e839e3e2efdc8a8a9a13cf7a7b93d4ccc202de5107d2828ed19750610e5f4313afdd0ef1e40b72d5141186311dd4451ae38193268f0ccc94566c30c22274c8e1,JC562352,,12/27/2019 19:30,30,TRAFFIC SIGNAL,FUNCTIONING PROPERLY,CLEAR,DARKNESS,TURNING,NOT DIVIDED,,STRAIGHT AND LEVEL,DRY,NO DEFECTS,,INJURY AND / OR TOW DUE TO CRASH,Y,,,"OVER $1,500",12/27/2019 19:44,FAILING TO YIELD RIGHT-OF-WAY,UNABLE TO DETERMINE,1632,W,115TH ST,2234,,,,,,,2,NO INDICATION OF INJURY,0,0,0,0,0,2,0,19,6,12,41.68490621,-87.66306074,POINT (-87.663060740726 41.684906210163)
e8662fc9c05c270bd9f5ab1b06762e327d76b62596bdc06a39ce9c315977b9c6fdc8c91b2a1af3bcaa9d3fffc2ec444e929acf9dc59f12b0ce19f8d81eaa61ab,JD148596,,2/11/2020 22:18,35,STOP SIGN/FLASHER,FUNCTIONING PROPERLY,CLEAR,"DARKNESS, LIGHTED ROAD",ANGLE,NOT DIVIDED,,STRAIGHT AND LEVEL,DRY,NO DEFECTS,,INJURY AND / OR TOW DUE TO CRASH,Y,,Y,"OVER $1,500",2/11/2020 22:18,UNABLE TO DETERMINE,UNABLE TO DETERMINE,5500,S,RICHMOND ST,824,,,,,,,2,NONINCAPACITATING INJURY,1,0,0,1,0,3,0,22,3,2,41.79353357,-87.69760504,POINT (-87.697605034537 41.793533569412)
e87a1caf7565bda39dd44c8fc94201906874c8efb5b3a3e3b63676e92643b4a2d97519084deb94260a1c4acff3a06dbf18a6ab21f21d485fc42b5e33c051fccd,JG210491,,4/4/2023 10:30,30,TRAFFIC SIGNAL,FUNCTIONING PROPERLY,CLEAR,DAYLIGHT,TURNING,DIVIDED - W/MEDIAN BARRIER,,STRAIGHT AND LEVEL,DRY,NO DEFECTS,,INJURY AND / OR TOW DUE TO CRASH,Y,,,"OVER $1,500",4/4/2023 10:33,FAILING TO YIELD RIGHT-OF-WAY,UNABLE TO DETERMINE,2000,W,POLK ST,1231,,,,,,,2,NO INDICATION OF INJURY,0,0,0,0,0,2,0,10,3,4,41.8715926,-87.67605359,POINT (-87.676053584905 41.871592594832)
e8f0c1492770219bac850f8ead256f776a9dbcfc3816dd4b81e0d4aaf66fe05f76d602b7b8ad09ed187d523022d4f8f989098ec38703fde06bc3fbf95782f33b,JD195179,,3/26/2020 2:26,30,NO CONTROLS,NO CONTROLS,CLEAR,"DARKNESS, LIGHTED ROAD",PARKED MOTOR VEHICLE,ONE-WAY,,STRAIGHT AND LEVEL,DRY,NO DEFECTS,,INJURY AND / OR TOW DUE TO CRASH,N,,Y,"OVER $1,500",3/26/2020 2:26,"OPERATING VEHICLE IN ERRATIC, RECKLESS, CARELESS, NEGLIGENT OR AGGRESSIVE MANNER",FAILING TO REDUCE SPEED TO AVOID CRASH,7442,S,LAFAYETTE AVE,731,,,,,,,4,NO INDICATION OF INJURY,0,0,0,0,0,1,0,2,5,3,41.75869359,-87.62653245,POINT (-87.626532445879 41.758693593456)
e92a50b2ea775f6aecf0648513c8864673b55eeb1b91d3ffa64a74a6ad123c9fbb010c15f92bf49ecb4c1e2c87d4bd5e3d94bf69325c0087c9eb65a4df696cdc,JC519618,,11/21/2019 20:50,30,TRAFFIC SIGNAL,FUNCTIONING PROPERLY,CLEAR,DARKNESS,REAR END,FOUR WAY,,STRAIGHT AND LEVEL,UNKNOWN,UNKNOWN,,INJURY AND / OR TOW DUE TO CRASH,Y,,,"OVER $1,500",11/21/2019 21:10,FAILING TO REDUCE SPEED TO AVOID CRASH,UNABLE TO DETERMINE,4460,W,LAKE ST,1113,,,,,,,2,NONINCAPACITATING INJURY,1,0,0,1,0,2,0,20,5,11,41.88626999,-87.73797478,POINT (-87.737974775823 41.886269992323)
e9449735a7b3524b194cb3f22d0a8e7c33d8ab6deda812d91f1d09cf5c914837c00306381fc64749ee5185bbd76faf1f68923d4e7c78008f7e36bfdb0f8cecf7,JC449582,,9/26/2019 16:00,30,NO CONTROLS,NO CONTROLS,CLEAR,DAYLIGHT,ANGLE,DIVIDED - W/MEDIAN (NOT RAISED),,STRAIGHT AND LEVEL,DRY,NO DEFECTS,,NO INJURY / DRIVE AWAY,,,,"OVER $1,500",9/26/2019 17:30,IMPROPER LANE USAGE,UNABLE TO DETERMINE,6264,N,MC CORMICK RD,1711,,,,,,,2,NO INDICATION OF INJURY,0,0,0,0,0,2,0,16,5,9,41.99584374,-87.71285795,POINT (-87.712857952143 41.995843744187)
e9576eff74b1877e725293e5dbc87ce1eeac42f560c325b3a5cb1190747c8ca63d86909bde2ff616e746c7a4f58b60002b2f22875745a2e2ded03f6a4d083ace,JD159057,,2/20/2020 8:40,30,TRAFFIC SIGNAL,FUNCTIONING PROPERLY,CLEAR,DAYLIGHT,REAR END,NOT DIVIDED,,STRAIGHT AND LEVEL,DRY,NO DEFECTS,,NO INJURY / DRIVE AWAY,,,,"$501 - $1,500",2/20/2020 19:10,FOLLOWING TOO CLOSELY,NOT APPLICABLE,4800,W,NORTH AVE,2533,,,,,,,2,NO INDICATION OF INJURY,0,0,0,0,0,2,0,8,5,2,41.90973389,-87.74624497,POINT (-87.746244972959 41.909733890131)
e98c6c870c4ba2da47f26688990c9cfb5485633afd3b0b77e01c8d566e6e1df57f117fb53e6c12daecebbbebabdfd8a39b25506be5a89ef5a7ad202604f21b8c,JC465217,,10/8/2019 18:15,30,NO CONTROLS,NO CONTROLS,CLEAR,DAYLIGHT,ANGLE,NOT DIVIDED,,STRAIGHT AND LEVEL,DRY,NO DEFECTS,,INJURY AND / OR TOW DUE TO CRASH,,,,"OVER $1,500",10/8/2019 18:55,FAILING TO YIELD RIGHT-OF-WAY,NOT APPLICABLE,9358,S,STONY ISLAND AVE,413,,,,,,,2,NO INDICATION OF INJURY,0,0,0,0,0,2,0,18,3,10,41.72413049,-87.58535163,POINT (-87.585351631104 41.724130492137)