CRASH_RECORD_ID,RD_NO,CRASH_DATE_EST_I,CRASH_DATE,POSTED_SPEED_LIMIT,TRAFFIC_CONTROL_DEVICE,DEVICE_CONDITION,WEATHER_CONDITION,LIGHTING_CONDITION,FIRST_CRASH_TYPE,TRAFFICWAY_TYPE,LANE_CNT,ALIGNMENT,ROADWAY_SURFACE_COND,ROAD_DEFECT,REPORT_TYPE,CRASH_TYPE,INTERSECTION_RELATED_I,NOT_RIGHT_OF_WAY_I,HIT_AND_RUN_I,DAMAGE,DATE_POLICE_NOTIFIED,PRIM_CONTRIBUTORY_CAUSE,SEC_CONTRIBUTORY_CAUSE,STREET_NO,STREET_DIRECTION,STREET_NAME,BEAT_OF_OCCURRENCE,PHOTOS_TAKEN_I,STATEMENTS_TAKEN_I,DOORING_I,WORK_ZONE_I,WORK_ZONE_TYPE,WORKERS_PRESENT_I,NUM_UNITS,MOST_SEVERE_INJURY,INJURIES_TOTAL,INJURIES_FATAL,INJURIES_INCAPACITATING,INJURIES_NON_INCAPACITATING,INJURIES_REPORTED_NOT_EVIDENT,INJURIES_NO_INDICATION,INJURIES_UNKNOWN,CRASH_HOUR,CRASH_DAY_OF_WEEK,CRASH_MONTH,LATITUDE,LONGITUDE,LOCATION
e9c39637645efc0aef0a349a1bb1b1e92573cbb9eb80487b6a460ebf41f771f23507f587ec76b62ba981d770b384e6e45d3a21b861bf4ab1b163560fd818daf5,JG288105,,6/4/2023 17:15,30,NO CONTROLS,NO CONTROLS,CLEAR,DAYLIGHT,SIDESWIPE SAME DIRECTION,DIVIDED - W/MEDIAN (NOT RAISED),,STRAIGHT AND LEVEL,DRY,NO DEFECTS,,NO INJURY / DRIVE AWAY,,,,"$501 - $1,500",6/4/2023 19:00,UNABLE TO DETERMINE,UNABLE TO DETERMINE,3141,N,WESTERN AVE,1931,,,,,,,2,NO INDICATION OF INJURY,0,0,0,0,0,2,0,17,1,6,41.93885253,-87.68775561,POINT (-87.687755604699 41.938852527594)
e9d99c5cc03e61dfed0d517362a930b961887ec37cb08ef3197159a0918756b795f4a75c1bac5b84dfaab27a0925ebbb17a200e642e591cfc53ced42927ca91d,JC534426,,11/30/2019 7:48,30,NO CONTROLS,NO CONTROLS,CLEAR,DAYLIGHT,TURNING,NOT DIVIDED,,STRAIGHT AND LEVEL,DRY,NO DEFECTS,,NO INJURY / DRIVE AWAY,,,,"OVER $1,500",12/4/2019 14:30,FOLLOWING TOO CLOSELY,UNABLE TO DETERMINE,626,E,WOODLAND PARK,211,,,,,,,2,NO INDICATION OF INJURY,0,0,0,0,0,3,0,7,7,11,41.83260538,-87.61028425,POINT (-87.610284248549 41.832605375895)
ea97898e09aff06a3552a7cba5c22f09a7758fd6526e89fb1bf693e35662d2fd266eadbc2167d6e26b88260334d0325d642bd37e2abc2281b9d518b4d81c763c,JA545067,,12/11/2017 13:45,25,NO CONTROLS,NO CONTROLS,CLEAR,DAYLIGHT,PARKED MOTOR VEHICLE,ONE-WAY,,STRAIGHT AND LEVEL,DRY,NO DEFECTS,,NO INJURY / DRIVE AWAY,,,,"$501 - $1,500",12/11/2017 13:50,IMPROPER BACKING,"VISION OBSCURED (SIGNS, TREE LIMBS, BUILDINGS, ETC.)",1250,S,UNION AVE,1232,,,,,,,2,NO INDICATION OF INJURY,0,0,0,0,0,3,0,13,2,12,41.86578454,-87.64521477,POINT (-87.645214773503 41.865784541222)
ead2372979e8f7e1d56492bacf0bd476667ddc536e7e0714ffe6e6e164d74ce5e1242b075ad6214e88e97257f38a897581441288df61e1d8c86fe79a6d1ce78a,JC417360,,9/2/2019 16:00,35,NO CONTROLS,NO CONTROLS,CLEAR,DAYLIGHT,ANGLE,NOT DIVIDED,,STRAIGHT AND LEVEL,DRY,NO DEFECTS,,NO INJURY / DRIVE AWAY,,,,"OVER $1,500",9/2/2019 16:15,IMPROPER BACKING,FAILING TO YIELD RIGHT-OF-WAY,941,E,83RD ST,632,,,,,,,2,NO INDICATION OF INJURY,0,0,0,0,0,2,0,16,2,9,41.74391686,-87.60096575,POINT (-87.600965748721 41.743916856598)
eadb7cd473e9ff705a27612e2a44a7521966c23bca013ee8b682ebf1b3b16e3721acc148e9b4254b281f586c79a88152c11b30dae223adb31954109ab04021f8,JC421667,,9/5/2019 19:00,30,NO CONTROLS,NO CONTROLS,CLEAR,DAYLIGHT,PEDESTRIAN,NOT DIVIDED,,STRAIGHT AND LEVEL,DRY,NO DEFECTS,,NO INJURY / DRIVE AWAY,,,Y,$500 OR LESS,9/5/2019 19:41,UNABLE TO DETERMINE,NOT APPLICABLE,2900,W,GRAND AVE,1221,,,,,,,2,NO INDICATION OF INJURY,0,0,0,0,0,2,0,19,5,9,41.89574062,-87.69987952,POINT (-87.699879515009 41.895740616098)
eb410c8bce612079fb82e4e3e7de05bb36340605325d8635c2ecf6ac53e8c3c4554f1a4fad79488f651e72ce760e91edfba1cd7fc3dcc8d3e4bd4859d4efcf62,JG283847,,5/31/2023 15:40,30,NO CONTROLS,NO CONTROLS,CLEAR,DAYLIGHT,SIDESWIPE SAME DIRECTION,T-INTERSECTION,,STRAIGHT AND LEVEL,DRY,"RUT, HOLES",,NO INJURY / DRIVE AWAY,,,,"OVER $1,500",6/1/2023 15:45,IMPROPER OVERTAKING/PASSING,IMPROPER LANE USAGE,644,E,87TH ST,632,,Y,,,,,2,NO INDICATION OF INJURY,0,0,0,0,0,3,0,15,4,5,41.73671612,-87.60789008,POINT (-87.607890077275 41.73671612151)
eb65e292b2d059af2d70d5bcaee1f202c2f476513e29289c237efcda0648b445fe0525cf61d035240b18d47f3adc50c1ee288e385cedfa4ee4904b44ffdca436,JC552803,,12/19/2019 14:15,30,TRAFFIC SIGNAL,NO CONTROLS,CLEAR,DAYLIGHT,TURNING,DIVIDED - W/MEDIAN (NOT RAISED),,STRAIGHT AND LEVEL,DRY,NO DEFECTS,,NO INJURY / DRIVE AWAY,Y,,,"$501 - $1,500",12/19/2019 14:30,UNABLE TO DETERMINE,NOT APPLICABLE,1000,S,CLARK ST,123,,,,,,,2,NO INDICATION OF INJURY,0,0,0,0,0,2,0,14,5,12,41.8698488,-87.63065553,POINT (-87.630655526344 41.869848798097)
eba29ee945b2723e329420747079b9342b45933bd492cdcee15948ebfe26addc5fd79d77627078f90abbac727c9ed8d2130238a8d5b725e579a39cc475d2f24c,JD234405,,5/16/2020 18:53,30,NO CONTROLS,NO CONTROLS,CLEAR,DAYLIGHT,ANGLE,NOT DIVIDED,,STRAIGHT AND LEVEL,DRY,NO DEFECTS,,INJURY AND / OR TOW DUE TO CRASH,,,,"OVER $1,500",5/16/2020 18:53,FAILING TO YIELD RIGHT-OF-WAY,NOT APPLICABLE,1114,W,GRAND AVE,1214,,,,,,,2,NO INDICATION OF INJURY,0,0,0,0,0,4,0,18,7,5,41.89121267,-87.65529845,POINT (-87.655298445674 41.891212669006)
ebbbeb055a062a5caeae35ca735baabe96f098111ca3e09727472d0fe4d9a4b56625137136bebd39138e4a0e04b2e964ae86bad999af06f967284b2463be0b6c,JC529112,,11/30/2019 2:50,30,NO CONTROLS,FUNCTIONING IMPROPERLY,CLEAR,"DARKNESS, LIGHTED ROAD",REAR TO SIDE,PARKING LOT,,STRAIGHT AND LEVEL,WET,NO DEFECTS,,NO INJURY / DRIVE AWAY,,Y,Y,"OVER $1,500",11/30/2019 2:53,PASSING STOPPED SCHOOL BUS,DRIVING SKILLS/KNOWLEDGE/EXPERIENCE,3924,N,BROADWAY,1923,,,,,,,2,NO INDICATION OF INJURY,0,0,0,0,0,3,0,2,7,11,41.95350794,-87.65001838,POINT (-87.650018383061 41.953507941017)
ebd4b447a434b8f8c5f00b73f456b68ef983f78ead7aa52b2459274dd9ba7e9059dab1aea1b0f4dec9c08dea13eac109809cb344d21a07532bbe86ba2a68f6ed,JC556768,,12/22/2019 17:46,25,POLICE/FLAGMAN,FUNCTIONING PROPERLY,CLEAR,DUSK,TURNING,NOT DIVIDED,,CURVE ON GRADE,DRY,UNKNOWN,,INJURY AND / OR TOW DUE TO CRASH,,,,"OVER $1,500",12/22/2019 17:56,IMPROPER LANE USAGE,NOT APPLICABLE,1800,S,LAKE SHORE DR E,132,,,,,,,2,NO INDICATION OF INJURY,0,0,0,0,0,2,0,17,1,12,41.85790967,-87.61659414,POINT (-87.616594138523 41.857909668758)
ec093b557f1c206cf4a8ad61867a0b6bf3822bbcd3dfb6f8f9f9fb8dd8602f2f4c2036127d2171e3b7e2747cfc9e22363e01879a3f3083946592913419b38ee9,JD216870,,4/25/2020 12:15,15,NO CONTROLS,NO CONTROLS,CLEAR,DAYLIGHT,PARKED MOTOR VEHICLE,PARKING LOT,,STRAIGHT AND LEVEL,DRY,NO DEFECTS,,NO INJURY / DRIVE AWAY,,Y,Y,"$501 - $1,500",4/25/2020 13:45,UNABLE TO DETERMINE,NOT APPLICABLE,4430,W,NORTH AVE,2533,,,,,,,2,NO INDICATION OF INJURY,0,0,0,0,0,1,0,12,7,4,41.90984744,-87.73744355,POINT (-87.737443551021 41.909847438474)
ec2704fe0c8488ebaf70ced7dcdc7265a1efd77fe7d1880835849c88a2aad92be927c3041d73299ceb4fc6f688bb97a240ae22215933240a5c5c697cb0eec4f3,JC555377,,12/21/2019 14:00,35,STOP SIGN/FLASHER,FUNCTIONING PROPERLY,CLEAR,DAYLIGHT,REAR TO SIDE,FOUR WAY,,STRAIGHT AND LEVEL,DRY,NO DEFECTS,,INJURY AND / OR TOW DUE TO CRASH,,,,"OVER $1,500",12/21/2019 14:00,FAILING TO YIELD RIGHT-OF-WAY,NOT APPLICABLE,300,E,86TH ST,632,,,,,,,2,NO INDICATION OF INJURY,0,0,0,0,0,4,0,14,7,12,41.73839148,-87.61773074,POINT (-87.617730739943 41.738391483629)
ec4a50cb5c443eb51ebc32e74520421307828f8cbe3352d453af8cef09de906cf8f6f2aa0df6097991026061b45f1364e6ead616245517a6060c8b66802606d5,JD215595,,4/23/2020 18:50,30,TRAFFIC SIGNAL,FUNCTIONING PROPERLY,RAIN,"DARKNESS, LIGHTED ROAD",ANGLE,NOT DIVIDED,,STRAIGHT AND LEVEL,WET,NO DEFECTS,,NO INJURY / DRIVE AWAY,Y,,,"OVER $1,500",4/23/2020 19:00,DISREGARDING TRAFFIC SIGNALS,NOT APPLICABLE,2299,N,MILWAUKEE AVE,1431,Y,Y,,,,,2,NO INDICATION OF INJURY,0,0,0,0,0,3,0,18,5,4,41.92298039,-87.697251,POINT (-87.697250997321 41.922980389376)
ec4efa4db1fbbe74d46a61d4a4389a746bc4323322a35c1c0d4b8e807dc8038b243512764369f66c5e82c4f181cdf124b740fbb63ce09d2f9fd33e022f910c44,JG299862,,6/13/2023 13:45,30,TRAFFIC SIGNAL,FUNCTIONING PROPERLY,RAIN,DAYLIGHT,REAR END,NOT DIVIDED,,STRAIGHT AND LEVEL,WET,UNKNOWN,,NO INJURY / DRIVE AWAY,,,,"OVER $1,500",6/13/2023 18:07,UNABLE TO DETERMINE,UNABLE TO DETERMINE,4033,N,ASHLAND AVE,1912,,,,,,,2,NO INDICATION OF INJURY,0,0,0,0,0,2,0,13,3,6,41.95529696,-87.66892979,POINT (-87.668929789003 41.955296959418)
ec52ca03097e990578294c5d79f884c9c7e6aaade700783f065de883014d8e40a21e106bf51b4a066647603a6817a1d41196501b085c082e0354cd0400de03a5,JG318273,,6/27/2023 13:52,35,OTHER,UNKNOWN,UNKNOWN,UNKNOWN,SIDESWIPE SAME DIRECTION,NOT DIVIDED,,STRAIGHT AND LEVEL,UNKNOWN,UNKNOWN,,NO INJURY / DRIVE AWAY,,,,$500 OR LESS,6/27/2023 14:49,IMPROPER OVERTAKING/PASSING,FAILING TO REDUCE SPEED TO AVOID CRASH,100,E,LOWER WACKER DR,114,,,,,,,2,NO INDICATION OF INJURY,0,0,0,0,0,2,0,13,3,6,41.88843209,-87.62442469,POINT (-87.624424686932 41.88843209205)
ec8a88a87816c36feae34da688f135145cbacb94230b385fa016fddbefe0928ca65099e9a030d63005dd89eb3cf8da7b405c2c071987b5ee89990f6ba2ade7ae,JC145849,,2/9/2019 10:10,45,TRAFFIC SIGNAL,FUNCTIONING PROPERLY,CLEAR,DAYLIGHT,REAR END,DIVIDED - W/MEDIAN (NOT RAISED),,STRAIGHT AND LEVEL,DRY,NO DEFECTS,,NO INJURY / DRIVE AWAY,,,,"$501 - $1,500",2/9/2019 10:30,UNABLE TO DETERMINE,NOT APPLICABLE,1201,S,LAKE SHORE DR E,132,,,,,,,3,NO INDICATION OF INJURY,0,0,0,0,0,3,0,10,7,2,41.86733072,-87.61865464,POINT (-87.61865463769 41.867330715666)
ecbe2d0c3524c7c8c97eed7ae6ee7d01e5055f22ef5fe4f72b58eda0719290ce28cf69c51a34deae4b7a17521a744551a0ad7c9e3104adbd7361ed0836a6e397,JG319402,,6/28/2023 10:05,25,TRAFFIC SIGNAL,FUNCTIONING PROPERLY,CLEAR,DAYLIGHT,PEDESTRIAN,ONE-WAY,,STRAIGHT AND LEVEL,DRY,NO DEFECTS,,INJURY AND / OR TOW DUE TO CRASH,Y,,,$500 OR LESS,6/28/2023 10:05,UNABLE TO DETERMINE,NOT APPLICABLE,600,S,CANAL ST,124,,,,Y,CONSTRUCTION,Y,2,INCAPACITATING INJURY,1,0,1,0,0,1,0,10,4,6,41.87433069,-87.63960074,POINT (-87.639600735438 41.874330690014)
ed047a85238d85e107f9526cb2753c3fd9c50370a53c6679b425d2ff0be67b6b21005730d886bf8b7c8f3f2ed571aa765d50156f27e9e8bec270495a83f1dd7a,JB425386,,9/6/2018 17:00,35,NO CONTROLS,OTHER,CLEAR,DAYLIGHT,PARKED MOTOR VEHICLE,NOT DIVIDED,,STRAIGHT AND LEVEL,DRY,NO DEFECTS,,NO INJURY / DRIVE AWAY,,,Y,$500 OR LESS,9/6/2018 21:50,UNABLE TO DETERMINE,UNABLE TO DETERMINE,2100,E,73RD ST,333,,,,,,,2,NO INDICATION OF INJURY,0,0,0,0,0,1,0,17,5,9,41.76265334,-87.57367534,POINT (-87.573675342008 41.762653340742)
ed05487507a6c9215a96e40ab006c3b79c34dc39be1c76d05181fe84bb2d5fbe2b137fa2c07df7e4d80a580f4207983c259abd5f032889654cee2c6cbffd8234,JG272443,,5/21/2023 2:00,30,TRAFFIC SIGNAL,FUNCTIONING PROPERLY,CLEAR,"DARKNESS, LIGHTED ROAD",FIXED OBJECT,DIVIDED - W/MEDIAN (NOT RAISED),,STRAIGHT AND LEVEL,DRY,NO DEFECTS,,NO INJURY / DRIVE AWAY,,,N,"OVER $1,500",5/23/2023 19:48,UNABLE TO DETERMINE,UNABLE TO DETERMINE,5600,W,DEVON AVE,1621,,,,,,,1,NO INDICATION OF INJURY,0,0,0,0,0,1,0,2,1,5,41.99734616,-87.76817748,POINT (-87.768177477139 41.997346155527)
ed6a79d3f8f9e897c899faa93de128ab34b63ef96f55657db3cc7468058e7d70df26d627581cee0512a883f6809ae39c0030536f4d452daa3b7cfd878f746b70,JC505501,,11/10/2019 13:00,30,NO CONTROLS,NO CONTROLS,CLEAR,DAYLIGHT,TURNING,NOT DIVIDED,,STRAIGHT AND LEVEL,DRY,NO DEFECTS,,NO INJURY / DRIVE AWAY,Y,,,$500 OR LESS,11/10/2019 14:00,UNABLE TO DETERMINE,UNABLE TO DETERMINE,4724,S,KEDZIE AVE,821,,,,,,,2,NO INDICATION OF INJURY,0,0,0,0,0,5,0,13,1,11,41.80738371,-87.70410217,POINT (-87.704102167391 41.807383708576)
edfbedcc812021a177392b336941ceaf5e5cb237fdcbf5de10f7f6aa90d0f510de649aa9cdf9ec4462eba038f8a069b15b536fd5ba78cec9b7b5b06a16e75f2f,JC460542,,10/5/2019 0:25,30,STOP SIGN/FLASHER,FUNCTIONING PROPERLY,CLEAR,"DARKNESS, LIGHTED ROAD",ANGLE,NOT DIVIDED,,STRAIGHT AND LEVEL,DRY,NO DEFECTS,,NO INJURY / DRIVE AWAY,Y,,,"OVER $1,500",10/5/2019 0:39,FAILING TO YIELD RIGHT-OF-WAY,NOT APPLICABLE,3301,S,ARCHER AVE,912,,,,,,,2,NO INDICATION OF INJURY,0,0,0,0,0,2,0,0,7,10,41.83397448,-87.67156857,POINT (-87.671568572449 41.833974484173)
ee0256d3a6e98ec107e2d2e254de361d501c09c2e8d9bae6a8e1ed53343b1b6100c937c193a752bd38e400d0e299682dff151050dda5bf45c1a5360e6f263a68,JC491208,,10/29/2019 8:00,30,TRAFFIC SIGNAL,FUNCTIONING PROPERLY,CLEAR,DAYLIGHT,REAR END,NOT DIVIDED,,STRAIGHT AND LEVEL,DRY,NO DEFECTS,,NO INJURY / DRIVE AWAY,,,,"$501 - $1,500",10/29/2019 17:45,FOLLOWING TOO CLOSELY,FAILING TO REDUCE SPEED TO AVOID CRASH,1159,E,47TH ST,222,,,,,,,2,NO INDICATION OF INJURY,0,0,0,0,0,2,0,8,3,10,41.80953081,-87.59695249,POINT (-87.596952488838 41.80953081168)
ee74786c23df2686b3891143fb0d1c12676b0b622509fad56401b5e8b4cd7681c1b42d6cfc6841d89faf47625f2fe6ecc36857cc69cf7f27f010e8008a3608b3,JG248912,,5/4/2023 13:15,30,NO CONTROLS,NO CONTROLS,CLEAR,DAYLIGHT,SIDESWIPE SAME DIRECTION,DIVIDED - W/MEDIAN (NOT RAISED),,STRAIGHT AND LEVEL,DRY,UNKNOWN,,NO INJURY / DRIVE AWAY,,,,"$501 - $1,500",5/5/2023 12:00,UNABLE TO DETERMINE,NOT APPLICABLE,9430,S,STONY ISLAND AVE,413,,,,Y,CONSTRUCTION,,2,NO INDICATION OF INJURY,0,0,0,0,0,2,0,13,5,5,41.7231272,-87.58528922,POINT (-87.585289219624 41.723127203409)
ee7e67a6cc54b9ac25428b3f2bb82ad7ec31ed9d9fbb8d25876d0dce5674f91fa418fecaad38541ac5ee195bc776d8fc94b6e23a26a1fcbc02f379b8ab29c7af,JC439701,,9/19/2019 9:20,30,NO CONTROLS,NO CONTROLS,CLEAR,DAYLIGHT,PARKED MOTOR VEHICLE,NOT DIVIDED,,STRAIGHT AND LEVEL,DRY,NO DEFECTS,,NO INJURY / DRIVE AWAY,,,Y,"OVER $1,500",9/19/2019 12:04,UNABLE TO DETERMINE,UNABLE TO DETERMINE,1282,N,MILWAUKEE AVE,1424,,,,,,,2,NO INDICATION OF INJURY,0,0,0,0,0,1,0,9,5,9,41.90503137,-87.66931254,POINT (-87.669312539533 41.90503137335)
eecc1640a1b0b83272215119082a2f4ba3d18972728ec98d08ffb0ddf0daa37b71bc9b4d2fd899e179a6a9ab7147042ff27dd1c9e6e6e3d38e412475e2146c44,JF210064,,4/16/2022 10:36,30,NO CONTROLS,NO CONTROLS,CLEAR,DAYLIGHT,PEDESTRIAN,DIVIDED - W/MEDIAN (NOT RAISED),,STRAIGHT AND LEVEL,DRY,NO DEFECTS,,INJURY AND / OR TOW DUE TO CRASH,,,,"$501 - $1,500",4/16/2022 10:36,"EVASIVE ACTION DUE TO ANIMAL, OBJECT, NONMOTORIST",NOT APPLICABLE,6250,N,LINCOLN AVE,1711,Y,,,,,,2,INCAPACITATING INJURY,1,0,1,0,0,2,0,10,7,4,41.99541714,-87.71578653,POINT (-87.715786526989 41.995417144319)
eed79783dd2fc50df13b478ba0158996eb3c828c31eb6f61bbbaf85f6a70e0f2ce4836b0fc2ea3419b4a0f541b55c41d84122ed4c43853138164c2f3a1150254,JC433431,,9/14/2019 17:20,30,NO CONTROLS,NO CONTROLS,CLEAR,DAYLIGHT,SIDESWIPE SAME DIRECTION,DIVIDED - W/MEDIAN (NOT RAISED),,STRAIGHT AND LEVEL,DRY,NO DEFECTS,,NO INJURY / DRIVE AWAY,,,Y,"$501 - $1,500",9/14/2019 18:16,FOLLOWING TOO CLOSELY,NOT APPLICABLE,8530,S,PULASKI RD,834,,,,,,,2,NO INDICATION OF INJURY,0,0,0,0,0,2,0,17,7,9,41.73755744,-87.72167338,POINT (-87.721673381612 41.737557439138)
ef21c422e33995a8530aab4e77371b4dbea3a25051fb60785156ccc719e242c2f08bb096146cf81e9dd4f4dd2b5662a6852ee4244a6198436e9c150101ad4827,JC506854,,11/11/2019 17:20,30,NO CONTROLS,NO CONTROLS,CLEAR,"DARKNESS, LIGHTED ROAD",PEDESTRIAN,DIVIDED - W/MEDIAN (NOT RAISED),,STRAIGHT AND LEVEL,SNOW OR SLUSH,NO DEFECTS,,INJURY AND / OR TOW DUE TO CRASH,,,Y,"OVER $1,500",11/11/2019 17:27,UNABLE TO DETERMINE,NOT APPLICABLE,220,E,43RD ST,213,,N,,,,,2,INCAPACITATING INJURY,1,0,1,0,0,1,0,17,2,11,41.81668716,-87.6204196,POINT (-87.620419601278 41.816687162587)
ef30f2490a49a1a41b58d12f5f2a6cfb20fd64fe8f60f39f23ec7702a201c9d4511b0c3c23eb0b06bfe18a1c6fbfa75f53a742dea05bef4baa96d1e172c04c0c,JC426193,,9/9/2019 14:21,15,STOP SIGN/FLASHER,FUNCTIONING PROPERLY,CLEAR,DAYLIGHT,REAR TO FRONT,PARKING LOT,,STRAIGHT AND LEVEL,DRY,NO DEFECTS,,INJURY AND / OR TOW DUE TO CRASH,,,N,"OVER $1,500",9/9/2019 14:23,DRIVING SKILLS/KNOWLEDGE/EXPERIENCE,NOT APPLICABLE,4650,W,NORTH AVE,2533,,Y,,,,,2,"REPORTED, NOT EVIDENT",1,0,0,0,1,2,0,14,2,9,41.90976453,-87.7433763,POINT (-87.743376295706 41.909764527033)
ef4c1b5514ade22583efd86cfdd1555c384450ac68540cab353d1828809a3dae96227dcda1408edcc380ccf415239054cd1c80ef573d25fe91372e2a43ec1196,JC306788,,6/14/2019 13:45,15,NO CONTROLS,NO CONTROLS,CLEAR,DAYLIGHT,PEDESTRIAN,PARKING LOT,,STRAIGHT AND LEVEL,DRY,NO DEFECTS,,INJURY AND / OR TOW DUE TO CRASH,,Y,Y,"OVER $1,500",6/14/2019 21:30,DRIVING SKILLS/KNOWLEDGE/EXPERIENCE,NOT APPLICABLE,1130,S,CANAL ST,124,,,,,,,2,"REPORTED, NOT EVIDENT",1,0,0,0,1,1,0,13,6,6,41.86808266,-87.63936542,POINT (-87.639365415895 41.868082660987)
ef8ea58d89cfdda8fe085752cc8c48233c3cd747c69455628ffbe2d8cc68cb561493832e284ff48bf62d44ed7b35e8098cfb1fff12e03e6af1650d14b2f69852,JD180607,,3/10/2020 7:30,25,NO CONTROLS,NO CONTROLS,CLEAR,DAYLIGHT,SIDESWIPE OPPOSITE DIRECTION,DIVIDED - W/MEDIAN (NOT RAISED),,STRAIGHT AND LEVEL,DRY,NO DEFECTS,,NO INJURY / DRIVE AWAY,,,Y,"OVER $1,500",3/10/2020 11:45,UNABLE TO DETERMINE,UNABLE TO DETERMINE,1101,S,DAMEN AVE,1231,,,,,,,2,NO INDICATION OF INJURY,0,0,0,0,0,2,0,7,3,3,41.867874,-87.67613487,POINT (-87.676134866281 41.867873999154)
efad728b53e8213de07df1e6c516e5f34487aa3cd3d26c349fe362b9454c6b1de7c5d3b9731cd912d51bb384adca26bb390bac67898765c0d1b4dbaf594c7dc6,JD144014,,2/7/2020 20:23,30,TRAFFIC SIGNAL,FUNCTIONING PROPERLY,CLEAR,"DARKNESS, LIGHTED ROAD",REAR END,NOT DIVIDED,,STRAIGHT AND LEVEL,UNKNOWN,UNKNOWN,,NO INJURY / DRIVE AWAY,,,,"$501 - $1,500",2/7/2020 21:07,UNABLE TO DETERMINE,UNABLE TO DETERMINE,815,S,AUSTIN BLVD,1513,,,,,,,2,NO INDICATION OF INJURY,0,0,0,0,0,3,0,20,6,2,,,
efdaab02b92843def492bb3579335b493a2d43fa5f82dfdb6ca5e09491d5af74f3e5b93c86716062e12dcf2f5835f0f67b996077422fe713277d164085fe664c,JC476714,,10/17/2019 20:30,30,NO CONTROLS,NO CONTROLS,CLEAR,"DARKNESS, LIGHTED ROAD",SIDESWIPE SAME DIRECTION,Y-INTERSECTION,,STRAIGHT AND LEVEL,DRY,NO DEFECTS,,NO INJURY / DRIVE AWAY,,,,"OVER $1,500",10/17/2019 21:15,UNABLE TO DETERMINE,UNABLE TO DETERMINE,325,E,WACKER DR,114,,,,,,,2,NO INDICATION OF INJURY,0,0,0,0,0,5,0,20,5,10,41.88754751,-87.61956462,POINT (-87.619564622518 41.887547512398)
effdfbd0823c3d2103b3f7b61c589d08213ace19926b5631fe778ebf794a61186ab4563a25ef4eec3c9d2f6ed4910623529c8dbbcc35bb80cd055eee5dc70d66,JD237643,,5/20/2020 13:16,35,NO CONTROLS,NO CONTROLS,CLEAR,DAYLIGHT,SIDESWIPE SAME DIRECTION,NOT DIVIDED,,STRAIGHT AND LEVEL,DRY,NO DEFECTS,,NO INJURY / DRIVE AWAY,,,,"OVER $1,500",5/20/2020 13:16,UNABLE TO DETERMINE,UNABLE TO DETERMINE,9200,S,COTTAGE GROVE AVE,633,,,,,,,3,NO INDICATION OF INJURY,0,0,0,0,0,6,0,13,4,5,41.72748618,-87.60475143,POINT (-87.604751428658 41.727486182434)
f04112d813d5349ed8f129e35c97597eeb35eabb36949a4fa660d923645e40018b2413289a0fde783a6f7adbaefad82f529813c257872a4805b54c3fc3ed3d1f,JD144402,,2/8/2020 10:00,30,STOP SIGN/FLASHER,OTHER,CLEAR,DAYLIGHT,REAR END,NOT DIVIDED,,STRAIGHT AND LEVEL,DRY,NO DEFECTS,,INJURY AND / OR TOW DUE TO CRASH,,,Y,"OVER $1,500",2/8/2020 10:18,UNABLE TO DETERMINE,NOT APPLICABLE,3000,N,KIMBALL AVE,1412,,,,,,,2,"REPORTED, NOT EVIDENT",1,0,0,0,1,2,0,10,7,2,41.93569989,-87.71252606,POINT (-87.712526058121 41.935699891386)
f069dfa4619d1466ba9ad1cb88bc69798bb2e6f30f2b4d6ec02bccbb151e09acba057ce0ccaaf81aeebeb5597cf89e55e00939a305c9c8119a0a10145cddff20,JD196951,,3/28/2020 15:30,30,TRAFFIC SIGNAL,FUNCTIONING PROPERLY,RAIN,DAYLIGHT,ANGLE,FOUR WAY,,STRAIGHT AND LEVEL,WET,NO DEFECTS,,INJURY AND / OR TOW DUE TO CRASH,Y,Y,,"OVER $1,500",3/28/2020 15:38,UNABLE TO DETERMINE,NOT APPLICABLE,2799,N,CENTRAL PARK AVE,1412,,,,,,,3,"REPORTED, NOT EVIDENT",1,0,0,0,1,5,0,15,7,3,41.93182107,-87.71704678,POINT (-87.717046776981 41.931821069852)
f06a8a6690d268fd68993e74a34914b2a7ea62acb200d06fb08a8468f8b4567f1baa680fa0a6f72c5049eb938f2a7355dc990200813da00e4d7d12f446861e3c,JD244702,,5/27/2020 17:17,20,NO CONTROLS,NO CONTROLS,CLEAR,DAYLIGHT,PEDESTRIAN,NOT DIVIDED,,STRAIGHT AND LEVEL,DRY,UNKNOWN,,INJURY AND / OR TOW DUE TO CRASH,,,Y,"OVER $1,500",5/27/2020 17:17,"OPERATING VEHICLE IN ERRATIC, RECKLESS, CARELESS, NEGLIGENT OR AGGRESSIVE MANNER","OPERATING VEHICLE IN ERRATIC, RECKLESS, CARELESS, NEGLIGENT OR AGGRESSIVE MANNER",11736,S,PERRY AVE,522,,Y,,,,,3,INCAPACITATING INJURY,1,0,1,0,0,2,0,17,4,5,41.68052598,-87.62534088,POINT (-87.625340874812 41.680525978518)
f0900f30995a85a9cb4a124ed754ee305f273b8bd64334549e82d2dac50aaad90fba566f59acdbcbb613a80b35288e7b360eb7c818ff6326ed02b260369edd3e,JD189713,Y,3/18/2020 16:46,30,STOP SIGN/FLASHER,UNKNOWN,RAIN,DAYLIGHT,ANGLE,FOUR WAY,,STRAIGHT AND LEVEL,WET,NO DEFECTS,,INJURY AND / OR TOW DUE TO CRASH,Y,,Y,"OVER $1,500",3/18/2020 16:50,FAILING TO YIELD RIGHT-OF-WAY,NOT APPLICABLE,5000,S,RACINE AVE,933,,,,,,,2,"REPORTED, NOT EVIDENT",1,0,0,0,1,1,0,16,4,3,41.8031784,-87.65524877,POINT (-87.655248770006 41.803178400076)