CRASH_RECORD_ID,RD_NO,CRASH_DATE_EST_I,CRASH_DATE,POSTED_SPEED_LIMIT,TRAFFIC_CONTROL_DEVICE,DEVICE_CONDITION,WEATHER_CONDITION,LIGHTING_CONDITION,FIRST_CRASH_TYPE,TRAFFICWAY_TYPE,LANE_CNT,ALIGNMENT,ROADWAY_SURFACE_COND,ROAD_DEFECT,REPORT_TYPE,CRASH_TYPE,INTERSECTION_RELATED_I,NOT_RIGHT_OF_WAY_I,HIT_AND_RUN_I,DAMAGE,DATE_POLICE_NOTIFIED,PRIM_CONTRIBUTORY_CAUSE,SEC_CONTRIBUTORY_CAUSE,STREET_NO,STREET_DIRECTION,STREET_NAME,BEAT_OF_OCCURRENCE,PHOTOS_TAKEN_I,STATEMENTS_TAKEN_I,DOORING_I,WORK_ZONE_I,WORK_ZONE_TYPE,WORKERS_PRESENT_I,NUM_UNITS,MOST_SEVERE_INJURY,INJURIES_TOTAL,INJURIES_FATAL,INJURIES_INCAPACITATING,INJURIES_NON_INCAPACITATING,INJURIES_REPORTED_NOT_EVIDENT,INJURIES_NO_INDICATION,INJURIES_UNKNOWN,CRASH_HOUR,CRASH_DAY_OF_WEEK,CRASH_MONTH,LATITUDE,LONGITUDE,LOCATION
f09842af7c21c8dc0854412be947000a3c22864ceb5c8eab95ad10cebb550933e0fed54505827b9c180e83adef48bf4577055627a7facb68b3b5b6ceff576c7d,JD251065,,5/30/2020 14:45,20,STOP SIGN/FLASHER,FUNCTIONING PROPERLY,CLEAR,DAYLIGHT,ANGLE,ONE-WAY,,STRAIGHT AND LEVEL,DRY,NO DEFECTS,,NO INJURY / DRIVE AWAY,,,Y,"$501 - $1,500",6/2/2020 12:00,UNABLE TO DETERMINE,NOT APPLICABLE,330,S,SPRINGFIELD AVE,1132,,,,,,,2,NO INDICATION OF INJURY,0,0,0,0,0,2,0,14,7,5,41.87625239,-87.72322395,POINT (-87.723223949075 41.876252388718)
f0d0f45f8499799892c2f7078d31e739a51771525f8235e400b6c3240a72eae2beaeb0ce97886c345fd50778c6af2505849970313356c20cbf8c2de9d659b226,JD253389,,6/4/2020 10:08,30,NO CONTROLS,NO CONTROLS,CLEAR,DAYLIGHT,ANGLE,NOT DIVIDED,,STRAIGHT AND LEVEL,DRY,NO DEFECTS,,INJURY AND / OR TOW DUE TO CRASH,,,N,"OVER $1,500",6/4/2020 10:15,UNABLE TO DETERMINE,NOT APPLICABLE,2401,W,CERMAK RD,1034,,,,,,,3,"REPORTED, NOT EVIDENT",1,0,0,0,1,2,0,10,5,6,41.85192177,-87.68575136,POINT (-87.685751356273 41.851921774373)
f0e48b8ea932510f331d85efcdc84663a2bcb1bd03e418cea085b1d9734801a32ceebe98423d047c45a49ce94112ecc9b601542fbac048e9d965260622edb83e,JE324429,,8/3/2021 14:00,30,NO CONTROLS,UNKNOWN,CLEAR,DAYLIGHT,TURNING,NOT DIVIDED,,STRAIGHT AND LEVEL,DRY,NO DEFECTS,,NO INJURY / DRIVE AWAY,,,,"OVER $1,500",8/3/2021 14:15,FAILING TO YIELD RIGHT-OF-WAY,FAILING TO YIELD RIGHT-OF-WAY,801,S,ALBANY AVE,1134,,,,,,,2,NO INDICATION OF INJURY,0,0,0,0,0,2,0,14,3,8,41.87094008,-87.70322632,POINT (-87.703226318007 41.870940079823)
f1b5aafaba8938c9ac51483383a3af3aed5915238604d8c0fa1c16ae09d07472a0cc0fcc4720d33ebb1d77c6204023dd878ef8f7b7ca5f462448e9d228c4868f,JD178543,,3/8/2020 15:58,30,TRAFFIC SIGNAL,FUNCTIONING PROPERLY,CLEAR,DAYLIGHT,TURNING,ONE-WAY,,STRAIGHT AND LEVEL,DRY,NO DEFECTS,,INJURY AND / OR TOW DUE TO CRASH,Y,,,"OVER $1,500",3/8/2020 16:00,UNABLE TO DETERMINE,HAD BEEN DRINKING (USE WHEN ARREST IS NOT MADE),450,N,WELLS ST,1831,,,,,,,2,NO INDICATION OF INJURY,0,0,0,0,0,2,0,15,1,3,41.8907431,-87.63419504,POINT (-87.634195041702 41.890743096706)
f1d2207231f1d5a1617b8ae2f1fa61ceb4eb899c7be908842b4a9f54a336d25b68b515d062e552e590e9577e215ee664ac2175712c17bb38c4723cf97fa316e5,JC396369,,8/17/2019 14:49,20,NO CONTROLS,NO CONTROLS,RAIN,DAYLIGHT,REAR TO SIDE,NOT DIVIDED,,STRAIGHT AND LEVEL,WET,NO DEFECTS,,NO INJURY / DRIVE AWAY,,,,"OVER $1,500",8/17/2019 15:00,IMPROPER BACKING,NOT APPLICABLE,814,N,FRANKLIN ST,1823,,,,,,,2,NO INDICATION OF INJURY,0,0,0,0,0,2,0,14,7,8,41.89713667,-87.63584983,POINT (-87.635849825141 41.897136672026)
f1e6b5e579b31ec5c77419e404e81db9dde4e5ce0dff456cf929eeef09bc2060a49fabd25762861fb44a27ae7e4a6d752a9c8a7b87e3ab1e6b627b427d3fd193,JC422675,Y,9/6/2019 16:20,30,TRAFFIC SIGNAL,FUNCTIONING PROPERLY,CLEAR,DAYLIGHT,SIDESWIPE SAME DIRECTION,DIVIDED - W/MEDIAN (NOT RAISED),,STRAIGHT AND LEVEL,DRY,NO DEFECTS,,INJURY AND / OR TOW DUE TO CRASH,,,,"OVER $1,500",9/6/2019 16:43,UNABLE TO DETERMINE,NOT APPLICABLE,954,W,87TH ST,613,,,,,,,2,NO INDICATION OF INJURY,0,0,0,0,0,3,0,16,6,9,41.73611661,-87.64826717,POINT (-87.648267169122 41.736116605306)
f1fbb25c1d8a8297aaae5824285152bafdcc51bf441e29c8fdbff7f449464245e89fb53b58f2caa7c726410fe8d43108e668f3f6cb157f3a0709e9756d26d2f4,JD231223,,5/11/2020 14:27,20,NO CONTROLS,NO CONTROLS,CLEAR,DAYLIGHT,PARKED MOTOR VEHICLE,ONE-WAY,,STRAIGHT AND LEVEL,DRY,WORN SURFACE,,NO INJURY / DRIVE AWAY,,,N,"OVER $1,500",5/13/2020 11:45,DRIVING SKILLS/KNOWLEDGE/EXPERIENCE,UNABLE TO DETERMINE,1015,W,ROSEMONT AVE,2433,,,,,,,2,NO INDICATION OF INJURY,0,0,0,0,0,1,0,14,2,5,41.99630711,-87.65625006,POINT (-87.65625006304 41.996307111398)
f224974be194fbc7168b68df96f73ef8c8937ae00c33d6fcacf34fcc4928e716143013a65a8bc316b82400c4e2956022815ef87f76e696421caef3f43c4fd1a0,JC496069,,11/2/2019 15:36,10,NO CONTROLS,NO CONTROLS,CLOUDY/OVERCAST,DAYLIGHT,PARKED MOTOR VEHICLE,PARKING LOT,,STRAIGHT AND LEVEL,DRY,NO DEFECTS,,NO INJURY / DRIVE AWAY,,Y,Y,"$501 - $1,500",11/2/2019 16:17,IMPROPER BACKING,NOT APPLICABLE,10300,S,MICHIGAN AVE,512,,,,,,,2,NO INDICATION OF INJURY,0,0,0,0,0,1,0,15,7,11,41.70718218,-87.62036149,POINT (-87.620361492183 41.707182175387)
f28db2b594f1439ed8d7aee0cc90f6c4774651b1f61fd7d63fd0082b3a8fd48910c2b44c3202e07538b940eeef2f56bac71dbf5890e1e29b4229ca18ac1e4a91,JG290189,,5/28/2023 12:00,20,NO CONTROLS,NO CONTROLS,UNKNOWN,UNKNOWN,ANGLE,ALLEY,,STRAIGHT AND LEVEL,UNKNOWN,UNKNOWN,,NO INJURY / DRIVE AWAY,,,,"$501 - $1,500",6/6/2023 10:39,UNABLE TO DETERMINE,NOT APPLICABLE,2936,N,KILPATRICK AVE,2521,,,,,,,2,NO INDICATION OF INJURY,0,0,0,0,0,2,0,12,1,5,41.93449831,-87.74440304,POINT (-87.744403035196 41.934498312765)
f2abab334169614ef331391c7714a5a3f15c49f8a29f810cf8cb9ffa4070bed0bf4ab765eef2d70ae7d0e23e4182381ba269cb7b9cd4425ef741bb51a93a86aa,JC492863,,10/30/2019 19:30,30,NO CONTROLS,NO CONTROLS,SLEET/HAIL,"DARKNESS, LIGHTED ROAD",SIDESWIPE SAME DIRECTION,DIVIDED - W/MEDIAN BARRIER,,STRAIGHT AND LEVEL,WET,NO DEFECTS,,INJURY AND / OR TOW DUE TO CRASH,,,,"OVER $1,500",10/30/2019 19:35,IMPROPER LANE USAGE,"OPERATING VEHICLE IN ERRATIC, RECKLESS, CARELESS, NEGLIGENT OR AGGRESSIVE MANNER",1043,S,ASHLAND AVE,1231,Y,,,,,,2,"REPORTED, NOT EVIDENT",1,0,0,0,1,1,0,19,4,10,41.86851681,-87.66628852,POINT (-87.666288519713 41.868516810116)
f2c177c4d1f6424052e9da866336093335d165abbce9c4ea3447ff8b296c386f5856912ff78859ae19d97ec56836703d0b03f6e987ad7e5e7090a683731b4120,JC461859,,10/6/2019 5:39,30,TRAFFIC SIGNAL,NO CONTROLS,CLEAR,"DARKNESS, LIGHTED ROAD",REAR TO SIDE,DIVIDED - W/MEDIAN BARRIER,,STRAIGHT AND LEVEL,WET,NO DEFECTS,,INJURY AND / OR TOW DUE TO CRASH,Y,Y,Y,"OVER $1,500",10/6/2019 5:39,DISREGARDING TRAFFIC SIGNALS,"OPERATING VEHICLE IN ERRATIC, RECKLESS, CARELESS, NEGLIGENT OR AGGRESSIVE MANNER",1600,W,JACKSON BLVD,1231,,Y,,,,,2,NONINCAPACITATING INJURY,2,0,0,2,0,1,0,5,1,10,41.87773222,-87.66681595,POINT (-87.666815950554 41.877732218454)
f2d4d79bafd62c5a38589b46efa60efcaf2d25b43684073346462fc0ca1599fffc68e82e5ce56a3a35ccc9b351c7d8fb32e5ce19662e3f8bf269d834b468b165,JD226800,,5/7/2020 18:35,30,TRAFFIC SIGNAL,FUNCTIONING PROPERLY,CLEAR,DAYLIGHT,FIXED OBJECT,NOT DIVIDED,,STRAIGHT AND LEVEL,DRY,NO DEFECTS,,INJURY AND / OR TOW DUE TO CRASH,Y,Y,Y,"OVER $1,500",5/7/2020 18:39,UNABLE TO DETERMINE,UNABLE TO DETERMINE,3301,S,DAMEN AVE,912,,,,,,,1,NO INDICATION OF INJURY,0,0,0,0,0,1,0,18,5,5,41.83396733,-87.67522808,POINT (-87.675228083786 41.833967333424)
f2d5b7869e8ef58cb73eb4b77f58ae51ea81ff155b844814aa2379aa1b10a35af2d4283d038a7a91eb5266f6438fe16436fd96d9c134bd9531f610516418bd9b,JC563339,,12/28/2019 17:31,30,STOP SIGN/FLASHER,FUNCTIONING PROPERLY,CLEAR,DUSK,PEDESTRIAN,NOT DIVIDED,,STRAIGHT AND LEVEL,DRY,NO DEFECTS,,INJURY AND / OR TOW DUE TO CRASH,,,Y,$500 OR LESS,12/28/2019 17:34,FAILING TO YIELD RIGHT-OF-WAY,NOT APPLICABLE,4400,S,CALIFORNIA AVE,922,,,,,,,2,NONINCAPACITATING INJURY,1,0,0,1,0,1,0,17,7,12,41.81364169,-87.69451454,POINT (-87.694514537586 41.813641687374)
f3041ce7f78d2db0e1843cf0638861f249623065c8e46c32ac54edb2dabe9611b2da41ba2bb43d3e4a0b82723d29ea85e140419972b0db8108a27ec4b61d0300,,,7/16/2023 16:20,30,NO CONTROLS,NO CONTROLS,CLEAR,DAYLIGHT,PEDESTRIAN,OTHER,,STRAIGHT AND LEVEL,DRY,UNKNOWN,,INJURY AND / OR TOW DUE TO CRASH,,,,"OVER $1,500",7/16/2023 16:24,UNABLE TO DETERMINE,NOT APPLICABLE,7759,S,CICERO AVE,834,,,,,,,2,NONINCAPACITATING INJURY,1,0,0,1,0,1,0,16,1,7,41.75106616,-87.74128108,POINT (-87.741281077601 41.75106615968)
f3c46819264fbf69f8a96d6f591213a4a600d31d2bf3251efef2770d99f81a1b7388d2a099f09af9d323df31e6753d27e42e71e11fc7587216d78cf51aff73cc,JC453853,,9/30/2019 8:19,30,STOP SIGN/FLASHER,FUNCTIONING PROPERLY,CLEAR,DAYLIGHT,ANGLE,DIVIDED - W/MEDIAN (NOT RAISED),,STRAIGHT AND LEVEL,DRY,NO DEFECTS,,INJURY AND / OR TOW DUE TO CRASH,Y,,,"OVER $1,500",9/30/2019 8:20,FAILING TO YIELD RIGHT-OF-WAY,FAILING TO YIELD RIGHT-OF-WAY,8800,S,ST LAWRENCE AVE,632,,,,,,,2,NO INDICATION OF INJURY,0,0,0,0,0,2,0,8,2,9,41.73470478,-87.6097719,POINT (-87.609771902037 41.734704776901)
f3c9df0d182323817fd1420d432675ac898a8573826b1fbf9a1dcfa76db61f1cc7e36403f5d07f943c95a8b037640b4ef023e9de681f5ede1f2e0672512cd4da,JC534070,,12/3/2019 15:00,30,STOP SIGN/FLASHER,FUNCTIONING PROPERLY,CLEAR,DAYLIGHT,TURNING,NOT DIVIDED,,STRAIGHT AND LEVEL,DRY,NO DEFECTS,,NO INJURY / DRIVE AWAY,,,,"OVER $1,500",12/4/2019 10:21,UNABLE TO DETERMINE,UNABLE TO DETERMINE,5098,W,IRVING PARK RD,1624,,,,,,,2,NO INDICATION OF INJURY,0,0,0,0,0,2,0,15,3,12,41.95343986,-87.7546319,POINT (-87.754631896433 41.953439859432)
f3d75af4fe7326dfcefa37ef628d84f357575115df4c872340eff6e4b575914ad89f125fc6335baaef18fa5180118280d3bf2c2b2bb4ca4e73dd01c16cbd5903,JG311388,,6/21/2023 15:15,30,NO CONTROLS,NO CONTROLS,CLEAR,DAYLIGHT,SIDESWIPE SAME DIRECTION,DIVIDED - W/MEDIAN (NOT RAISED),,STRAIGHT AND LEVEL,DRY,NO DEFECTS,,NO INJURY / DRIVE AWAY,,,Y,"OVER $1,500",6/22/2023 15:39,UNABLE TO DETERMINE,UNABLE TO DETERMINE,5233,N,LINCOLN AVE,2011,,,,,,,2,NO INDICATION OF INJURY,0,0,0,0,0,2,0,15,4,6,41.9768951,-87.69227967,POINT (-87.692279667764 41.976895098405)
f45abbe6d873ace61af37064866b242241c9c4fce56694ed092d43112e31a0fec80b48f98fab9361865ca39d390755a6a250b775f42b6774c22aefc631eb72d4,JC463593,,10/7/2019 15:48,30,TRAFFIC SIGNAL,FUNCTIONING PROPERLY,CLEAR,DAYLIGHT,SIDESWIPE OPPOSITE DIRECTION,DIVIDED - W/MEDIAN (NOT RAISED),,STRAIGHT AND LEVEL,DRY,NO DEFECTS,,INJURY AND / OR TOW DUE TO CRASH,,,,"$501 - $1,500",10/7/2019 15:48,UNABLE TO DETERMINE,NOT APPLICABLE,2398,N,SACRAMENTO AVE,1414,,,,,,,2,INCAPACITATING INJURY,2,0,2,0,0,1,0,15,2,10,41.92471231,-87.70246394,POINT (-87.702463944001 41.924712306832)
f4601877c66e49b5b843c6beb383c1070337f0e40e554415feade19c05d547fcc9f4a81554a305f32d031512545f832d02e0606985d93d7727facc1a7d87a3d2,JD227351,,5/8/2020 14:13,30,NO CONTROLS,NO CONTROLS,CLEAR,DAYLIGHT,REAR END,NOT DIVIDED,,STRAIGHT AND LEVEL,DRY,NO DEFECTS,,INJURY AND / OR TOW DUE TO CRASH,,,,"OVER $1,500",5/8/2020 14:13,FAILING TO REDUCE SPEED TO AVOID CRASH,FOLLOWING TOO CLOSELY,2008,S,WABASH AVE,131,,,,,,,2,NO INDICATION OF INJURY,0,0,0,0,0,2,0,14,6,5,41.8551775,-87.62569924,POINT (-87.62569924179 41.855177498406)
f487a8874809b391f7a81554a5a6dc40821add0f0ad29097a653c78d4633062aa411edcd2691b7bab59de8fb60a4c1ef623f9ab3558c3b81a92ba36bdda40a54,JG306603,,6/19/2023 3:40,30,TRAFFIC SIGNAL,FUNCTIONING PROPERLY,CLEAR,"DARKNESS, LIGHTED ROAD",ANGLE,FOUR WAY,,STRAIGHT AND LEVEL,DRY,NO DEFECTS,,INJURY AND / OR TOW DUE TO CRASH,Y,,Y,"OVER $1,500",6/19/2023 3:40,DISREGARDING TRAFFIC SIGNALS,NOT APPLICABLE,5450,S,WABASH AVE,225,,,,,,,2,"REPORTED, NOT EVIDENT",2,0,0,0,2,1,0,3,2,6,41.79498312,-87.62424311,POINT (-87.624243113849 41.794983116732)
f4d71d8afee67a5b991057519877b0e44238e8ad995fb6822b135396a3e365e2b3b9eee32efe9aef6a514c8f2209ddee178ca8a09d91b0fdf8c464101467b8b4,,,7/21/2023 11:40,30,UNKNOWN,UNKNOWN,CLEAR,DAYLIGHT,TURNING,TRAFFIC ROUTE,,STRAIGHT AND LEVEL,DRY,UNKNOWN,,NO INJURY / DRIVE AWAY,Y,,Y,"OVER $1,500",7/21/2023 19:00,UNABLE TO DETERMINE,UNABLE TO DETERMINE,5700,S,LAKE SHORE DR,331,,,,,,,2,NO INDICATION OF INJURY,0,0,0,0,0,2,0,11,6,7,41.79142028,-87.58014777,POINT (-87.580147768689 41.791420282098)
f523d9fe035380e42596a1ee967744c398f2c9468ef0e2f25a8468f92d3f158cb387ad448d5a5aff2ebb6d534119abc2c03b1e49d8c056cda7eb127a6508e67c,JC522686,,11/24/2019 4:40,15,NO CONTROLS,NO CONTROLS,CLEAR,DARKNESS,PARKED MOTOR VEHICLE,NOT DIVIDED,,STRAIGHT AND LEVEL,DRY,NO DEFECTS,,NO INJURY / DRIVE AWAY,,,,"OVER $1,500",11/24/2019 12:00,UNABLE TO DETERMINE,UNABLE TO DETERMINE,1510,W,ERIE ST,1215,,,,,,,3,NO INDICATION OF INJURY,0,0,0,0,0,1,0,4,1,11,41.89347147,-87.6660709,POINT (-87.666070900437 41.893471465459)
f5af3ce6575e4fdf591683518cfea969fe05b16b210190e9a057a6e45b47e6fec78a0096781dcd72717a552b3c3cd8f874a3bfc5836502f1095088bf2d61b8ee,JG291955,,6/7/2023 15:15,30,NO CONTROLS,NO CONTROLS,CLEAR,DAYLIGHT,SIDESWIPE SAME DIRECTION,ONE-WAY,,STRAIGHT AND LEVEL,DRY,NO DEFECTS,,NO INJURY / DRIVE AWAY,,,,"$501 - $1,500",6/7/2023 15:40,FAILING TO YIELD RIGHT-OF-WAY,UNABLE TO DETERMINE,300,E,OHIO ST,1834,,,,,,,2,NO INDICATION OF INJURY,0,0,0,0,0,2,0,15,4,6,41.89271059,-87.62013066,POINT (-87.620130658406 41.892710584594)
f5bdfcbb1615dda7969fa9aae2306602d2500b3712e2632f5abe495cf6ebe3edf14ab89e16b7e71bf1823d5128878311f80bc96b924641c7056a1892557a4dd7,JB416160,,8/31/2018 9:25,40,NO CONTROLS,NO CONTROLS,CLEAR,DAYLIGHT,REAR END,DIVIDED - W/MEDIAN BARRIER,8,STRAIGHT AND LEVEL,DRY,NO DEFECTS,,NO INJURY / DRIVE AWAY,,,,"OVER $1,500",8/31/2018 9:35,FAILING TO REDUCE SPEED TO AVOID CRASH,FAILING TO YIELD RIGHT-OF-WAY,1600,S,LAKE SHORE DR E,132,,,,,,,2,NO INDICATION OF INJURY,0,0,0,0,0,2,0,9,6,8,41.86025724,-87.61771063,POINT (-87.617710633167 41.860257241153)
f5ee657b70b9c0528f630b61da8e00a744233288f116e39367172245eaaa26cb54cb14125f0974d327ee33a6d3356c1e8bbf7a288cbc9b102ac5d604b68de090,JC447651,,10/18/2019 17:40,30,TRAFFIC SIGNAL,FUNCTIONING PROPERLY,CLEAR,DAYLIGHT,FIXED OBJECT,DIVIDED - W/MEDIAN (NOT RAISED),,STRAIGHT AND LEVEL,DRY,NO DEFECTS,,INJURY AND / OR TOW DUE TO CRASH,Y,,,"OVER $1,500",10/18/2019 17:42,"EVASIVE ACTION DUE TO ANIMAL, OBJECT, NONMOTORIST",NOT APPLICABLE,2521,S,BLUE ISLAND AVE,1034,,,,,,,1,NO INDICATION OF INJURY,0,0,0,0,0,1,0,17,6,10,41.84647638,-87.68080655,POINT (-87.680806549875 41.846476383103)
f67124c8c3185e7b51d21e663b9586ba48b825d2467ce0a3452afaa3ed1d5a55f279a518bbd501379dd0acec3166e6f97c28a0e760cbf202d74b3439301ace12,JG327364,,7/4/2023 13:47,30,NO CONTROLS,NO CONTROLS,CLEAR,DAYLIGHT,TURNING,NOT DIVIDED,,STRAIGHT AND LEVEL,DRY,UNKNOWN,,INJURY AND / OR TOW DUE TO CRASH,,,,"OVER $1,500",7/4/2023 13:47,FAILING TO YIELD RIGHT-OF-WAY,NOT APPLICABLE,5015,W,MADISON ST,1533,,,,,,,2,"REPORTED, NOT EVIDENT",1,0,0,0,1,3,0,13,3,7,41.88031771,-87.75074636,POINT (-87.750746355478 41.880317711527)
f6925d1d9ede6089e7593f8b7aa31964a7feb7d2f0f3b372fecc02f4c8f56982f7a57158336d7cb59e3b7da24ae0530ec856ea5c9bd97473a02d7994b2a1b79e,JG320855,,6/29/2023 12:28,30,NO CONTROLS,NO CONTROLS,CLEAR,DAYLIGHT,REAR END,DIVIDED - W/MEDIAN BARRIER,,STRAIGHT AND LEVEL,DRY,NO DEFECTS,,NO INJURY / DRIVE AWAY,,,Y,"$501 - $1,500",6/29/2023 13:45,IMPROPER BACKING,NOT APPLICABLE,4540,N,CICERO AVE,1623,,,,,,,2,NO INDICATION OF INJURY,0,0,0,0,0,2,0,12,5,6,41.96361367,-87.74745955,POINT (-87.747459546989 41.963613671286)
f6c734610724ad09aba545685c379f20bc3a4432e9e2d0c9a6b062b9892623666dc045cfe4cf54b9cb57621e8e8c04bb68f5fd0913d7c2d8be30c79fb256500c,JC525901,,11/26/2019 21:08,30,TRAFFIC SIGNAL,FUNCTIONING PROPERLY,RAIN,"DARKNESS, LIGHTED ROAD",TURNING,DIVIDED - W/MEDIAN BARRIER,,STRAIGHT AND LEVEL,WET,NO DEFECTS,,NO INJURY / DRIVE AWAY,Y,,Y,"OVER $1,500",11/26/2019 21:12,IMPROPER TURNING/NO SIGNAL,UNABLE TO DETERMINE,1000,S,HALSTED ST,1232,,,,,,,2,NO INDICATION OF INJURY,0,0,0,0,0,2,0,21,3,11,41.86956088,-87.64710658,POINT (-87.647106583884 41.869560875398)
f73360182fae585d1a15e6a6dc139fe3b90fee86ae45846d8f5eb5f9431d872891f3de8e3374d32f3f9aca5632a5153ba4e664094b8fb705e9471646029bc680,JD239559,,5/22/2020 15:00,15,NO CONTROLS,NO CONTROLS,CLEAR,DAYLIGHT,ANGLE,PARKING LOT,,STRAIGHT AND LEVEL,DRY,NO DEFECTS,,NO INJURY / DRIVE AWAY,,,,"OVER $1,500",5/22/2020 15:45,FAILING TO YIELD RIGHT-OF-WAY,UNABLE TO DETERMINE,1554,E,55TH ST,234,,,,,,,2,NO INDICATION OF INJURY,0,0,0,0,0,2,0,15,6,5,41.79529732,-87.58782256,POINT (-87.587822555467 41.79529731814)
f73ab985f1a8636f90430c89dc9f3f40bf1e2155690b4c3585c4e43adb0debab2132dc3a8e0fb1a66c764119cfbbd62eee7d47e1aaa42063e0e9a13a2b0acd27,JB395970,,8/16/2018 12:45,30,NO CONTROLS,NO CONTROLS,CLEAR,DAYLIGHT,REAR END,PARKING LOT,1,STRAIGHT AND LEVEL,DRY,NO DEFECTS,,NO INJURY / DRIVE AWAY,,Y,,"$501 - $1,500",8/16/2018 14:19,IMPROPER BACKING,FAILING TO REDUCE SPEED TO AVOID CRASH,5624,W,ROOSEVELT RD,1513,,,,,,,2,NO INDICATION OF INJURY,0,0,0,0,0,2,0,12,5,8,41.86569011,-87.76538912,POINT (-87.765389114679 41.865690107045)
f7a9187bdeacf45442db832236af307c9a5faf9fa08df2c7f9124f88fe52ce175b883c21bb003ee932eca4b5c37cc78b277b2abb688c54dd221685f5960647ce,JD255800,,6/6/2020 14:30,30,NO CONTROLS,NO CONTROLS,CLEAR,DAYLIGHT,REAR END,NOT DIVIDED,,STRAIGHT AND LEVEL,DRY,NO DEFECTS,,NO INJURY / DRIVE AWAY,,,Y,"$501 - $1,500",6/6/2020 16:32,FOLLOWING TOO CLOSELY,FAILING TO REDUCE SPEED TO AVOID CRASH,5630,W,BELMONT AVE,1633,,,,,,,3,NO INDICATION OF INJURY,0,0,0,0,0,4,0,14,7,6,41.93866932,-87.76777554,POINT (-87.767775543408 41.938669321443)
f7b9cf860e8045a6668592637f2aa90bcc1d78ba7d16d04d7b95cc4933195afee9955fa3cc5f7cf28c123324bcc71931a9dabe3ce3648fe3c5c528217cad9349,JC468875,,10/12/2019 15:19,20,TRAFFIC SIGNAL,NO CONTROLS,RAIN,DAYLIGHT,FIXED OBJECT,NOT DIVIDED,,STRAIGHT ON GRADE,WET,NO DEFECTS,,INJURY AND / OR TOW DUE TO CRASH,,,,"OVER $1,500",10/12/2019 15:24,UNABLE TO DETERMINE,UNABLE TO DETERMINE,10112,S,ELIZABETH ST,2232,,,,,,,1,NO INDICATION OF INJURY,0,0,0,0,0,1,0,15,7,10,41.71097121,-87.65392721,POINT (-87.653927204665 41.71097121424)
f83dbca1d4be41d420d67fde4b7d1c6912fce4ec63e8e8a273f6f732e33fc09cbf30267fab0f407bcd0b830ea2087efaad3eef680f1d49679cc8a62f3215673e,JB396201,,8/16/2018 16:15,30,TRAFFIC SIGNAL,FUNCTIONING PROPERLY,CLEAR,DAYLIGHT,REAR END,DIVIDED - W/MEDIAN (NOT RAISED),,STRAIGHT AND LEVEL,DRY,NO DEFECTS,,NO INJURY / DRIVE AWAY,Y,,,"OVER $1,500",8/16/2018 16:30,UNABLE TO DETERMINE,NOT APPLICABLE,11100,S,STATE ST,522,,,,,,,2,NO INDICATION OF INJURY,0,0,0,0,0,2,0,16,5,8,41.69253704,-87.62324927,POINT (-87.623249265298 41.692537041934)
f8521141ec6f69d732ba45548046a088807daf529650d8ca5b455a513c67073f0d3ef17f7a5248634bd0735e017389a8019cf36c545f0b351f90afe27ce41e9c,JC381359,,8/6/2019 16:20,30,NO CONTROLS,NO CONTROLS,CLEAR,DAYLIGHT,SIDESWIPE SAME DIRECTION,NOT DIVIDED,,STRAIGHT AND LEVEL,DRY,NO DEFECTS,,NO INJURY / DRIVE AWAY,,,,"OVER $1,500",8/6/2019 16:23,IMPROPER LANE USAGE,DRIVING SKILLS/KNOWLEDGE/EXPERIENCE,5649,W,BELMONT AVE,2514,,,,,,,3,NO INDICATION OF INJURY,0,0,0,0,0,2,0,16,3,8,41.93844082,-87.76847448,POINT (-87.768474476921 41.938440821766)
f8991c7d3aefdeabe9f48fc245e2d8ff0c10d159c50ea9291b46bf345e0167461f15d63844d9b4ae2afe49bf4b72d2217fb714adc6f76f19e6665d974482d5fd,JD143461,,2/7/2020 12:30,30,OTHER,FUNCTIONING PROPERLY,CLEAR,DAYLIGHT,SIDESWIPE SAME DIRECTION,DIVIDED - W/MEDIAN (NOT RAISED),,STRAIGHT AND LEVEL,DRY,NO DEFECTS,,NO INJURY / DRIVE AWAY,,,,"OVER $1,500",2/7/2020 14:15,NOT APPLICABLE,NOT APPLICABLE,6161,N,SHERIDAN RD,2433,,,,,,,2,NO INDICATION OF INJURY,0,0,0,0,0,2,0,12,6,2,41.99406408,-87.65536308,POINT (-87.655363082014 41.994064077429)
f8b255a66406bb164d427a1113d0587b6d442f2fa3cee8f27ecc20a7299769dcc64e38f6ae82972634ec950eb520028b4ce5c16eb89d4c1088d6f2b075aad8bc,JG302792,,6/15/2023 22:04,30,STOP SIGN/FLASHER,FUNCTIONING PROPERLY,CLEAR,"DARKNESS, LIGHTED ROAD",ANGLE,NOT DIVIDED,,STRAIGHT ON GRADE,DRY,NO DEFECTS,,INJURY AND / OR TOW DUE TO CRASH,Y,,Y,"OVER $1,500",6/15/2023 22:04,DISREGARDING STOP SIGN,FAILING TO REDUCE SPEED TO AVOID CRASH,10400,S,MICHIGAN AVE,512,,,,,,,2,NO INDICATION OF INJURY,0,0,0,0,0,2,0,22,5,6,41.70534195,-87.62064503,POINT (-87.620645033373 41.705341951831)