CRASH_RECORD_ID,RD_NO,CRASH_DATE_EST_I,CRASH_DATE,POSTED_SPEED_LIMIT,TRAFFIC_CONTROL_DEVICE,DEVICE_CONDITION,WEATHER_CONDITION,LIGHTING_CONDITION,FIRST_CRASH_TYPE,TRAFFICWAY_TYPE,LANE_CNT,ALIGNMENT,ROADWAY_SURFACE_COND,ROAD_DEFECT,REPORT_TYPE,CRASH_TYPE,INTERSECTION_RELATED_I,NOT_RIGHT_OF_WAY_I,HIT_AND_RUN_I,DAMAGE,DATE_POLICE_NOTIFIED,PRIM_CONTRIBUTORY_CAUSE,SEC_CONTRIBUTORY_CAUSE,STREET_NO,STREET_DIRECTION,STREET_NAME,BEAT_OF_OCCURRENCE,PHOTOS_TAKEN_I,STATEMENTS_TAKEN_I,DOORING_I,WORK_ZONE_I,WORK_ZONE_TYPE,WORKERS_PRESENT_I,NUM_UNITS,MOST_SEVERE_INJURY,INJURIES_TOTAL,INJURIES_FATAL,INJURIES_INCAPACITATING,INJURIES_NON_INCAPACITATING,INJURIES_REPORTED_NOT_EVIDENT,INJURIES_NO_INDICATION,INJURIES_UNKNOWN,CRASH_HOUR,CRASH_DAY_OF_WEEK,CRASH_MONTH,LATITUDE,LONGITUDE,LOCATION
f8b47091de8da7ac99c05840b0c545f59006a4002262259662db018e991a7bf283c8e77c9773f4badc5936868e175bf27a4625f174f69d812b5e619370f31fe9,JD196697,,3/28/2020 10:01,25,TRAFFIC SIGNAL,NOT FUNCTIONING,RAIN,DAYLIGHT,PARKED MOTOR VEHICLE,DIVIDED - W/MEDIAN (NOT RAISED),,STRAIGHT AND LEVEL,WET,NO DEFECTS,,INJURY AND / OR TOW DUE TO CRASH,N,,,"OVER $1,500",3/28/2020 10:03,DISTRACTION - FROM INSIDE VEHICLE,FAILING TO REDUCE SPEED TO AVOID CRASH,3355,W,16TH ST,1021,,,,,,,2,"REPORTED, NOT EVIDENT",1,0,0,0,1,0,0,10,7,3,41.85892229,-87.71008682,POINT (-87.710086814921 41.858922293072)
f8e9eb918d7246808fa58bf8b77c0d12fdce043596d02c380029b691a7d644212f440c676940ece26a6f6755ae1671cf918fbfcdef69291d1402fddaef21877e,JC464846,,10/8/2019 14:25,30,NO CONTROLS,NO CONTROLS,CLEAR,DAYLIGHT,PEDESTRIAN,PARKING LOT,,STRAIGHT AND LEVEL,DRY,NO DEFECTS,,INJURY AND / OR TOW DUE TO CRASH,,,,"$501 - $1,500",10/8/2019 14:33,UNABLE TO DETERMINE,UNABLE TO DETERMINE,1951,W,CERMAK RD,1034,,,,,,,2,NONINCAPACITATING INJURY,1,0,0,1,0,1,0,14,3,10,41.85207385,-87.67541027,POINT (-87.675410269145 41.852073847998)
f92a2eeee0bbbbd22544276085061e18df72552852d57fe887732b823563775ed2d5cad81c2e7c5c63867f4648f411beba684bb8e1ef0f88ee39535bd10276e4,,,7/23/2023 15:40,30,TRAFFIC SIGNAL,FUNCTIONING PROPERLY,CLEAR,DAYLIGHT,REAR END,FOUR WAY,,STRAIGHT AND LEVEL,DRY,NO DEFECTS,,NO INJURY / DRIVE AWAY,Y,,,"OVER $1,500",7/23/2023 15:43,FOLLOWING TOO CLOSELY,NOT APPLICABLE,100,E,CONGRESS DR,114,,,,,,,2,NO INDICATION OF INJURY,0,0,0,0,0,2,0,15,1,7,41.87583508,-87.62421289,POINT (-87.624212886292 41.875835081627)
f95221327b917708769bf76d623bf110638e1a73e323dcd2bba78435a9901004906d0cadde411cb39b3033bc1227d4f7150991b630dbd8cfe547ba0868e8e9be,JD193690,,3/24/2020 0:06,30,TRAFFIC SIGNAL,FUNCTIONING PROPERLY,CLEAR,"DARKNESS, LIGHTED ROAD",REAR END,NOT DIVIDED,,STRAIGHT AND LEVEL,DRY,NO DEFECTS,,INJURY AND / OR TOW DUE TO CRASH,,,Y,"$501 - $1,500",3/24/2020 0:06,FAILING TO REDUCE SPEED TO AVOID CRASH,FOLLOWING TOO CLOSELY,2360,W,PETERSON AVE,2413,,,,,,,2,"REPORTED, NOT EVIDENT",1,0,0,0,1,1,0,0,3,3,41.99061051,-87.68961315,POINT (-87.689613146859 41.990610512367)
f95fc000070e5fcfd7ed633bf9acbaaecbae79b1d0f76ff73219bef44be5a22fac9f0b5aadad5efda7a1acf0376b4342c9280fff127301022d3c3e1817fe00e8,JG215940,,4/8/2023 22:35,30,STOP SIGN/FLASHER,NO CONTROLS,CLEAR,DAWN,TURNING,NOT DIVIDED,,STRAIGHT AND LEVEL,DRY,NO DEFECTS,,INJURY AND / OR TOW DUE TO CRASH,Y,,,"OVER $1,500",4/8/2023 22:45,IMPROPER OVERTAKING/PASSING,FAILING TO YIELD RIGHT-OF-WAY,13300,S,INDIANA AVE,533,,,,,,,2,NONINCAPACITATING INJURY,4,0,0,4,0,1,0,22,7,4,41.65358801,-87.61739612,POINT (-87.617396122755 41.65358800846)
f9a5d987f0de07f9d2020139d23caecbc22febeafb11d554da5c61d82bdf3070a3f3d4981dbe17427130b16dd58cda8e90f243bfa38fe7755965a12744fbe1e9,JC449488,,9/26/2019 16:00,30,NO CONTROLS,NO CONTROLS,CLEAR,DAYLIGHT,PARKED MOTOR VEHICLE,DIVIDED - W/MEDIAN (NOT RAISED),,STRAIGHT ON GRADE,DRY,NO DEFECTS,,NO INJURY / DRIVE AWAY,,,Y,"$501 - $1,500",9/26/2019 16:01,UNABLE TO DETERMINE,UNABLE TO DETERMINE,6759,W,HIGGINS AVE,1613,,,,,,,2,NO INDICATION OF INJURY,0,0,0,0,0,2,0,16,5,9,41.97894422,-87.79740677,POINT (-87.79740677209 41.978944222036)
f9e30991ac7d0f2823e24c90580fd00b40fcd3f7fd54253cbfed9fea7f8385f9b4b379bae6cdf063652ea3ee597487269f98d0a5f6add9599719118bd5dda689,JD204363,,4/7/2020 22:21,30,NO CONTROLS,NO CONTROLS,RAIN,"DARKNESS, LIGHTED ROAD",REAR END,NOT DIVIDED,,STRAIGHT AND LEVEL,WET,UNKNOWN,,NO INJURY / DRIVE AWAY,,,,"OVER $1,500",4/7/2020 22:21,IMPROPER BACKING,NOT APPLICABLE,6741,S,LOOMIS BLVD,724,,Y,,,,,2,NO INDICATION OF INJURY,0,0,0,0,0,3,0,22,3,4,41.77104535,-87.65898409,POINT (-87.658984090847 41.771045349118)
f9ed8590b25f5037f67df80b7df60ec73867feb6179a69cb7eaebe42b51a7c56e42b664115575b930210b5651443afdb9183a5198e6689e230b495ce7cbdd5c8,JG268641,,5/20/2023 0:50,30,UNKNOWN,UNKNOWN,CLEAR,DARKNESS,SIDESWIPE SAME DIRECTION,OTHER,,STRAIGHT AND LEVEL,DRY,UNKNOWN,,NO INJURY / DRIVE AWAY,,,Y,"OVER $1,500",5/21/2023 1:30,UNABLE TO DETERMINE,IMPROPER OVERTAKING/PASSING,105,N,MAY ST,1224,,,,,,,2,NO INDICATION OF INJURY,0,0,0,0,0,2,0,0,7,5,41.8831765,-87.65542538,POINT (-87.655425383087 41.883176495866)
fa44d337b8e789dc3909d326d3786422260c3d9349f319d0f499dd482f7399fe44882f2c6ffe33b2f2af7e39a5ec5584eb11d0d96bc4b85b5d37b2433f29cca0,JD183234,,3/12/2020 14:20,30,TRAFFIC SIGNAL,FUNCTIONING PROPERLY,CLEAR,DAYLIGHT,REAR END,OTHER,,STRAIGHT AND LEVEL,DRY,NO DEFECTS,,INJURY AND / OR TOW DUE TO CRASH,,,,"OVER $1,500",3/12/2020 15:25,UNABLE TO DETERMINE,UNABLE TO DETERMINE,116,N,KOSTNER AVE,1113,,,,,,,3,NO INDICATION OF INJURY,0,0,0,0,0,3,0,14,5,3,41.88254926,-87.73568355,POINT (-87.735683551326 41.882549263353)
fab67843d8f501ea9d8d118f4530188652df5fd5c96c1facad6df9cf6320b634f0d76157dda966359ac4a063693ad6a12026b59e40d3bfbf2b9adc5d160a66cf,JC418623,,9/3/2019 15:00,30,TRAFFIC SIGNAL,FUNCTIONING PROPERLY,CLEAR,DAYLIGHT,TURNING,NOT DIVIDED,,STRAIGHT AND LEVEL,DRY,NO DEFECTS,,NO INJURY / DRIVE AWAY,Y,,,"$501 - $1,500",9/3/2019 16:00,UNABLE TO DETERMINE,UNABLE TO DETERMINE,600,N,WELLS ST,1831,,,,,,,2,NO INDICATION OF INJURY,0,0,0,0,0,3,0,15,3,9,41.89242479,-87.63423714,POINT (-87.634237135636 41.892424784651)
faccd9079c156a546358d1844bce47bc23454c1832c8779b97799a9a8f0161cd63acf3c451327d2d4268f249f8943993cead274141666c6c3fc41afa7a874686,JG327926,,7/4/2023 23:40,30,TRAFFIC SIGNAL,FUNCTIONING PROPERLY,CLEAR,"DARKNESS, LIGHTED ROAD",SIDESWIPE SAME DIRECTION,DIVIDED - W/MEDIAN (NOT RAISED),,STRAIGHT AND LEVEL,DRY,NO DEFECTS,,NO INJURY / DRIVE AWAY,Y,,Y,"OVER $1,500",7/5/2023 0:05,IMPROPER OVERTAKING/PASSING,NOT APPLICABLE,999,N,AUSTIN BLVD,1511,,,,,,,2,NO INDICATION OF INJURY,0,0,0,0,0,2,0,23,3,7,41.89831328,-87.77510166,POINT (-87.775101658446 41.89831328386)
faccdde92fb871184f68228bce995062012d66b89b1b38d5407755541f1b5aec681171810879a5a5b57230103543b03d39767e656819b5903ef4b1117229afa7,JC202174,N,3/27/2019 21:36,30,TRAFFIC SIGNAL,FUNCTIONING PROPERLY,CLEAR,"DARKNESS, LIGHTED ROAD",ANGLE,NOT DIVIDED,4,STRAIGHT AND LEVEL,DRY,NO DEFECTS,,INJURY AND / OR TOW DUE TO CRASH,Y,,Y,"OVER $1,500",3/27/2019 21:36,FAILING TO YIELD RIGHT-OF-WAY,DISREGARDING TRAFFIC SIGNALS,4000,W,MADISON ST,1115,,,,,,,2,NO INDICATION OF INJURY,0,0,0,0,0,2,0,21,4,3,41.8808343,-87.7257966,POINT (-87.725796597174 41.880834299772)
fadbbdbb4c8064e01d6af4e7d9701d33934b280441a871faf7fbbbc0dfd7ded874d48a25dc8ebbd829dc3c001071f17e583233b0cb01cc829395fa0a1d475752,JC485920,,10/25/2019 10:30,30,UNKNOWN,UNKNOWN,CLEAR,DAYLIGHT,REAR END,NOT DIVIDED,,STRAIGHT AND LEVEL,DRY,NO DEFECTS,,NO INJURY / DRIVE AWAY,,,N,$500 OR LESS,10/25/2019 13:15,UNABLE TO DETERMINE,UNABLE TO DETERMINE,2336,W,PETERSON AVE,2413,,,,,,,2,NO INDICATION OF INJURY,0,0,0,0,0,2,0,10,6,10,41.99062512,-87.68867208,POINT (-87.688672076349 41.990625123495)
fafe2cdb56f96ae92c4e730449332308afbb206fcacc7236d4760964e095ed19cd77625b93b08beffeb4151c2687630bb9acbdcd9ba73a984be72d0bcf908c8a,JD209943,,4/16/2020 1:55,30,TRAFFIC SIGNAL,FUNCTIONING PROPERLY,CLEAR,"DARKNESS, LIGHTED ROAD",ANGLE,NOT DIVIDED,,STRAIGHT AND LEVEL,DRY,NO DEFECTS,,INJURY AND / OR TOW DUE TO CRASH,Y,Y,Y,"OVER $1,500",4/16/2020 1:55,DISREGARDING TRAFFIC SIGNALS,NOT APPLICABLE,521,S,WELLS ST,123,,,,,,,2,NONINCAPACITATING INJURY,1,0,0,1,0,1,0,1,5,4,41.8751923,-87.63350119,POINT (-87.633501191287 41.875192303537)
fb02a0e39e7a01e58cccf2aba36076f89eb6ea1138e138636e95bf77879ee6b3b768f636f7d24d4897d56403bbf569a8b8db8ef00cc465fdace311409856657a,JC498600,,11/4/2019 17:45,30,TRAFFIC SIGNAL,FUNCTIONING PROPERLY,CLEAR,"DARKNESS, LIGHTED ROAD",REAR END,NOT DIVIDED,,STRAIGHT AND LEVEL,DRY,NO DEFECTS,,NO INJURY / DRIVE AWAY,,,,"$501 - $1,500",11/4/2019 18:19,UNABLE TO DETERMINE,UNABLE TO DETERMINE,11500,S,MICHIGAN AVE,532,,,,,,,3,NO INDICATION OF INJURY,0,0,0,0,0,4,0,17,2,11,41.68527122,-87.62094716,POINT (-87.620947158386 41.685271222904)
fb043165113cadfbc5b9e05e9eca3392bf2e75cf767d3b47ba827693375ef43ed1086ac5cb6bb80f5b4718dabeccb9e372cef3fa330f75fc7b87f111303b2cd2,JG281526,,5/30/2023 20:17,30,NO CONTROLS,NO CONTROLS,CLEAR,"DARKNESS, LIGHTED ROAD",SIDESWIPE SAME DIRECTION,DIVIDED - W/MEDIAN (NOT RAISED),,STRAIGHT AND LEVEL,DRY,NO DEFECTS,,INJURY AND / OR TOW DUE TO CRASH,,,,"$501 - $1,500",5/30/2023 21:30,FAILING TO YIELD RIGHT-OF-WAY,NOT APPLICABLE,2358,N,SACRAMENTO AVE,1414,,,,,,,2,NO INDICATION OF INJURY,0,0,0,0,0,3,0,20,3,5,41.92471231,-87.70246394,POINT (-87.702463944001 41.924712306832)
fb076ba5ab3d3c4412712236e7e9e4eac38619815ec7d59f27ce017db98d94aa43f336fdbfb032d1e2f1e5dd829aa645055f72b2391b9d000f56d7269a4517c2,JD100022,,1/1/2020 0:23,30,TRAFFIC SIGNAL,FUNCTIONING PROPERLY,CLEAR,"DARKNESS, LIGHTED ROAD",TURNING,FOUR WAY,,STRAIGHT AND LEVEL,WET,NO DEFECTS,,INJURY AND / OR TOW DUE TO CRASH,Y,,,"OVER $1,500",1/1/2020 0:23,IMPROPER TURNING/NO SIGNAL,NOT APPLICABLE,3000,W,ARMITAGE AVE,1414,,,,,,,3,INCAPACITATING INJURY,1,0,1,0,0,5,0,0,4,1,41.91754713,-87.70251101,POINT (-87.702511013613 41.917547127936)
fb0df86d9853832bb25196381e726e54318082cccee8c5fb4481c55aad380ce56786bf0cae1152e0736c595ac354b345aa66297df45d78dda96cfe250c42d305,JD160063,,2/21/2020 16:39,30,NO CONTROLS,UNKNOWN,CLEAR,DAYLIGHT,PEDESTRIAN,NOT DIVIDED,,STRAIGHT AND LEVEL,DRY,NO DEFECTS,,INJURY AND / OR TOW DUE TO CRASH,,,Y,$500 OR LESS,2/21/2020 16:39,UNABLE TO DETERMINE,NOT APPLICABLE,1209,E,64TH ST,314,,,,,,,2,"REPORTED, NOT EVIDENT",1,0,0,0,1,1,0,16,6,2,41.77860481,-87.59575195,POINT (-87.595751946571 41.778604805054)
fb15a0d78cc6c6ce31aac218741454f698e2c9e2aaaae0a3b4dbb2ceba15ebf363e1579a569414798454de87949498eb69fed6f177ebe88ed870fa24be37a4b0,JG302975,,6/16/2023 4:15,25,NO CONTROLS,NO CONTROLS,CLEAR,"DARKNESS, LIGHTED ROAD",PARKED MOTOR VEHICLE,DIVIDED - W/MEDIAN (NOT RAISED),,STRAIGHT AND LEVEL,WET,NO DEFECTS,,INJURY AND / OR TOW DUE TO CRASH,,,,"OVER $1,500",6/16/2023 4:16,UNABLE TO DETERMINE,UNABLE TO DETERMINE,4428,N,ASHLAND AVE,1912,,,,,,,4,NO INDICATION OF INJURY,0,0,0,0,0,2,0,4,6,6,41.96247299,-87.66942844,POINT (-87.66942844236 41.962472987616)
fb34197345a2d71cef9f0b3c1191181a18a28be9718790815439a5ace597cdbc678cc40c3c1651489b3b2e1c1996c8349a50b71e95dc61938e48406af3cce9e6,JD201462,,4/3/2020 20:15,30,TRAFFIC SIGNAL,FUNCTIONING PROPERLY,CLEAR,"DARKNESS, LIGHTED ROAD",ANGLE,UNKNOWN INTERSECTION TYPE,,STRAIGHT AND LEVEL,DRY,NO DEFECTS,,INJURY AND / OR TOW DUE TO CRASH,Y,,Y,"OVER $1,500",4/3/2020 20:16,DISREGARDING TRAFFIC SIGNALS,UNABLE TO DETERMINE,30,W,76TH ST,623,,,,,,,2,NONINCAPACITATING INJURY,1,0,0,1,0,1,0,20,6,4,41.75649358,-87.62593879,POINT (-87.625938792579 41.756493583588)
fbfc14d3ed0aa36d1b5c6d8123e31b078fd2e0d82333fd0fc17e0b7048898044bf5d23ac8df8db2aafce8b6e34db4ba4305f952a261d33c5cc1dd2410db74674,JG286857,,6/3/2023 17:00,40,OTHER,FUNCTIONING PROPERLY,UNKNOWN,UNKNOWN,REAR END,DIVIDED - W/MEDIAN BARRIER,,STRAIGHT AND LEVEL,UNKNOWN,UNKNOWN,,NO INJURY / DRIVE AWAY,,,,$500 OR LESS,6/3/2023 18:15,FOLLOWING TOO CLOSELY,UNABLE TO DETERMINE,1600,N,LAKE SHORE DR,1814,,,,,,,2,NO INDICATION OF INJURY,0,0,0,0,0,2,0,17,7,6,41.91122456,-87.62648257,POINT (-87.626482572426 41.911224555611)
fc0ccb677ca52943476818ae698770b86287748c0af1dcbc44ace7f7cd0ee84bfd907d2a65ddc80d395cb222029127e245ab2184f73a6dcec5686858712e8deb,JG325707,,7/3/2023 2:37,30,NO CONTROLS,NO CONTROLS,CLEAR,"DARKNESS, LIGHTED ROAD",PARKED MOTOR VEHICLE,NOT DIVIDED,,STRAIGHT AND LEVEL,UNKNOWN,NO DEFECTS,,INJURY AND / OR TOW DUE TO CRASH,,,Y,"OVER $1,500",7/3/2023 10:35,UNABLE TO DETERMINE,UNABLE TO DETERMINE,1655,N,WESTERN AVE,1434,,,,,,,3,NO INDICATION OF INJURY,0,0,0,0,0,1,0,2,2,7,41.91183354,-87.68711378,POINT (-87.687113776807 41.91183354063)
fc0e5fde92d7b56ca94e6f33e9eccc8088dc63b31bb01e5eb3dd1acd7a33220f1a1cca61aade9c0acb29ef6074593c823962df7fbac42cd19a817060bf5da289,JC521329,Y,11/23/2019 8:00,15,NO CONTROLS,NO CONTROLS,CLEAR,DUSK,PARKED MOTOR VEHICLE,NOT DIVIDED,,STRAIGHT AND LEVEL,DRY,NO DEFECTS,,NO INJURY / DRIVE AWAY,,,Y,"$501 - $1,500",11/23/2019 9:30,UNABLE TO DETERMINE,NOT APPLICABLE,3428,W,WILSON AVE,1723,,,,,,,3,NO INDICATION OF INJURY,0,0,0,0,0,1,0,8,7,11,41.96485898,-87.71453697,POINT (-87.714536968571 41.964858975541)
fc43fa740513b111fbf902061ff908e8fe049d2342959cf9e1fec885bd1909daa8b8944f275f2dddd0e0e2eff4e4247ef41e6f2908e49f991ee0a290be923753,JD203477,,4/6/2020 18:20,30,STOP SIGN/FLASHER,FUNCTIONING PROPERLY,CLEAR,DUSK,TURNING,DIVIDED - W/MEDIAN (NOT RAISED),,STRAIGHT AND LEVEL,DRY,NO DEFECTS,,NO INJURY / DRIVE AWAY,Y,,Y,"OVER $1,500",4/6/2020 18:45,IMPROPER LANE USAGE,FAILING TO YIELD RIGHT-OF-WAY,4200,W,IRVING PARK RD,1722,,,,,,,2,NO INDICATION OF INJURY,0,0,0,0,0,2,0,18,2,4,41.95370551,-87.73255098,POINT (-87.732550981181 41.953705509686)
fc637240524f494b339c8417c0527bd011ed4a08bf7077600906cafedc2cc36d9029660a2a79cb7c919a53141424943f1c8294d2c8c4c941492a2cf004877d6d,JB277263,,5/24/2018 20:30,30,STOP SIGN/FLASHER,FUNCTIONING PROPERLY,CLEAR,DUSK,TURNING,DIVIDED - W/MEDIAN (NOT RAISED),2,STRAIGHT AND LEVEL,DRY,NO DEFECTS,,INJURY AND / OR TOW DUE TO CRASH,Y,,,"OVER $1,500",5/24/2018 20:36,FAILING TO YIELD RIGHT-OF-WAY,UNABLE TO DETERMINE,9200,S,VINCENNES AVE,2222,,,,,,,2,NO INDICATION OF INJURY,0,0,0,0,0,2,0,20,5,5,41.72685055,-87.64878791,POINT (-87.648787911154 41.726850549145)
fc903f0816407af6a2515b04f4993e2bdad75cbd06f2060d13082dad5a4ea0caff029df1d58a4cc02a859e5777fafe2dc015dfd465d5943d259548cf68374a57,JG322727,,6/30/2023 19:00,30,TRAFFIC SIGNAL,FUNCTIONING PROPERLY,CLEAR,DAYLIGHT,PEDESTRIAN,NOT DIVIDED,,STRAIGHT AND LEVEL,DRY,NO DEFECTS,,INJURY AND / OR TOW DUE TO CRASH,,,,$500 OR LESS,6/30/2023 19:26,DISTRACTION - FROM INSIDE VEHICLE,UNABLE TO DETERMINE,11900,S,MICHIGAN AVE,532,,,,,,,2,"REPORTED, NOT EVIDENT",1,0,0,0,1,1,0,19,6,6,41.6780107,-87.62065459,POINT (-87.620654587214 41.678010697061)
fcccbac7f50c03e159051fdb67505d64f1c42f903e084070fe6386760fa2bf330851cb471726a153d09e6428cf2a1f0119841b7ab4033ea9ff1bb45d0bf480fc,JD122259,,1/20/2020 13:20,30,NO CONTROLS,NO CONTROLS,CLEAR,DAYLIGHT,ANGLE,NOT DIVIDED,,STRAIGHT AND LEVEL,DRY,NO DEFECTS,,NO INJURY / DRIVE AWAY,,,,"$501 - $1,500",1/20/2020 15:11,NOT APPLICABLE,NOT APPLICABLE,5500,S,CHRISTIANA AVE,822,,,,,,,2,NO INDICATION OF INJURY,0,0,0,0,0,2,0,13,2,1,41.79336704,-87.70737437,POINT (-87.707374371502 41.793367041091)
fcf7f5d270e21804f87d5d2e403d92feb3e6196397ac80b1e49a847c0cb6b986ad04c4e7d5c35c26d1b9318439c52c2842b6d81740b118fd9a74221cf2896406,JD146545,,2/10/2020 9:00,30,NO CONTROLS,NO CONTROLS,CLEAR,DAYLIGHT,TURNING,NOT DIVIDED,,STRAIGHT AND LEVEL,DRY,UNKNOWN,,NO INJURY / DRIVE AWAY,,,,"OVER $1,500",2/10/2020 11:00,UNABLE TO DETERMINE,UNABLE TO DETERMINE,6801,S,OGLESBY AVE,331,,,,,,,2,NO INDICATION OF INJURY,0,0,0,0,0,2,0,9,2,2,41.77162741,-87.56814546,POINT (-87.568145457024 41.771627411368)
fd27457fba06759e998c275a032b4851caebc97f5b3d6638d03cf7803c21aff6d68ae91938b8edafd34d11184c14b797f0c362cd0332fb41d909b6f4b3c4a359,JG297314,,6/11/2023 20:40,30,STOP SIGN/FLASHER,FUNCTIONING PROPERLY,FREEZING RAIN/DRIZZLE,"DARKNESS, LIGHTED ROAD",REAR END,UNKNOWN INTERSECTION TYPE,,STRAIGHT AND LEVEL,WET,NO DEFECTS,,NO INJURY / DRIVE AWAY,Y,,,"OVER $1,500",6/11/2023 20:50,UNABLE TO DETERMINE,UNABLE TO DETERMINE,599,E,MC FETRIDGE DR,132,,N,,,,,2,NO INDICATION OF INJURY,0,0,0,0,0,2,0,20,1,6,,,
fd474dd34cb4961caf25701338501edbb0b20a2776609fec5ef1547aea053cd1c55f11be1b2e41ea2de3358ab871094e091b8e3ea1b93976b16efef5d786f38a,JD144116,,2/7/2020 23:20,35,NO CONTROLS,NO CONTROLS,CLEAR,"DARKNESS, LIGHTED ROAD",SIDESWIPE SAME DIRECTION,ONE-WAY,,"CURVE, LEVEL",DRY,NO DEFECTS,,INJURY AND / OR TOW DUE TO CRASH,,,Y,"OVER $1,500",2/7/2020 23:40,FAILING TO YIELD RIGHT-OF-WAY,DISREGARDING ROAD MARKINGS,2000,S,LAKE SHORE DR W,132,,,,,,,2,NO INDICATION OF INJURY,0,0,0,0,0,2,0,23,6,2,41.85552283,-87.61584283,POINT (-87.615842833133 41.855522831204)
fd4c9436dd5ae51c9d39313fa149cc6924cf0b2d1019d82b21e583057fae34cfb39ba7a7df43e4fe0658bd73d11dbfee9bb83e7605c04154341af46a68cc5a12,JG303614,,6/16/2023 15:15,30,STOP SIGN/FLASHER,FUNCTIONING PROPERLY,CLEAR,DAYLIGHT,TURNING,NOT DIVIDED,,STRAIGHT AND LEVEL,DRY,UNKNOWN,,NO INJURY / DRIVE AWAY,,,,"OVER $1,500",6/16/2023 15:40,NOT APPLICABLE,IMPROPER TURNING/NO SIGNAL,5300,W,HARRISON ST,1522,,,,,,,2,NO INDICATION OF INJURY,0,0,0,0,0,3,0,15,6,6,41.87302363,-87.75752318,POINT (-87.757523174925 41.873023631427)
fd513d10e664f2def020f1cacfc56e902758d2e0bd744632f5af5a3ab191d6fe6533fb01fce230e56a92334da73ab29e971624c21cfdee79f065785846cfe85f,JD101193,,1/1/2020 23:18,35,TRAFFIC SIGNAL,FUNCTIONING PROPERLY,CLEAR,"DARKNESS, LIGHTED ROAD",TURNING,FOUR WAY,,STRAIGHT AND LEVEL,DRY,NO DEFECTS,,INJURY AND / OR TOW DUE TO CRASH,Y,,,"OVER $1,500",1/1/2020 23:18,IMPROPER OVERTAKING/PASSING,UNABLE TO DETERMINE,1448,W,112TH PL,2234,,,,,,,2,FATAL,3,1,0,2,0,2,0,23,4,1,41.68942688,-87.65875179,POINT (-87.658751788386 41.689426881132)
fdc24770431ef0176207d289b1401b12aab7e8a789fa1dabb7770d65e2b8f36411b9bc6cbdeac410491d4f779325b9d2dc66afe497d57e6741840df264b0ecf8,JG165644,,2/25/2023 15:20,40,NO CONTROLS,NO CONTROLS,CLEAR,DAYLIGHT,REAR END,DIVIDED - W/MEDIAN BARRIER,,STRAIGHT AND LEVEL,DRY,NO DEFECTS,,INJURY AND / OR TOW DUE TO CRASH,,,Y,"OVER $1,500",2/25/2023 15:30,FOLLOWING TOO CLOSELY,NOT APPLICABLE,901,S,LAKE SHORE DR E,114,,,,,,,2,NONINCAPACITATING INJURY,1,0,0,1,0,1,0,15,7,2,41.87065773,-87.61685405,POINT (-87.616854045303 41.87065772929)
fdc6c426e3239c342076a256fdeb23713036507188c4884ba2e735463cc4e49d5fdc25625a7e7b74a6b2db3ae7bd15fa75523701cc256acca3ce18b6d77ef10a,JE334439,,8/11/2021 22:50,30,NO CONTROLS,NO CONTROLS,CLEAR,"DARKNESS, LIGHTED ROAD",HEAD ON,NOT DIVIDED,,STRAIGHT AND LEVEL,WET,NO DEFECTS,,INJURY AND / OR TOW DUE TO CRASH,,,,"OVER $1,500",8/11/2021 23:05,UNABLE TO DETERMINE,UNABLE TO DETERMINE,9500,S,DORCHESTER AVE,511,,,,,,,2,FATAL,3,1,0,2,0,0,0,22,4,8,41.72219098,-87.59079881,POINT (-87.59079881135 41.722190979627)
fdd84df84cadb7e639b177a06068f95a6f35e367aba8eb6e8b4c4ad8d36b91bbd46d1a58ca49d674e6b74b4529fffcbfbb75ac2e5eb642203a578bf91fb66c7d,JB171883,,3/3/2018 7:11,30,TRAFFIC SIGNAL,FUNCTIONING PROPERLY,CLEAR,DAYLIGHT,REAR END,NOT DIVIDED,2,STRAIGHT AND LEVEL,DRY,NO DEFECTS,,INJURY AND / OR TOW DUE TO CRASH,Y,,,"OVER $1,500",3/3/2018 7:12,UNABLE TO DETERMINE,NOT APPLICABLE,7058,S,HALSTED ST,733,,,,,,,2,FATAL,5,1,1,0,3,3,0,7,7,3,41.76529103,-87.64456213,POINT (-87.644562127496 41.765291024572)
fe1394d4812d34c267bfad816fc762e263f33d3cbb895d939045fed472430b132d425afa4fb44ead158df88a909aecb2b521ad4ede92fe914844463054a30156,JC466637,,10/9/2019 19:47,30,NO CONTROLS,NO CONTROLS,CLEAR,"DARKNESS, LIGHTED ROAD",PARKED MOTOR VEHICLE,NOT DIVIDED,,STRAIGHT AND LEVEL,DRY,NO DEFECTS,,NO INJURY / DRIVE AWAY,,,Y,"$501 - $1,500",10/9/2019 19:54,UNABLE TO DETERMINE,UNABLE TO DETERMINE,4243,W,CARROLL AVE,1114,,,,,,,2,NO INDICATION OF INJURY,0,0,0,0,0,1,0,19,4,10,41.88680907,-87.73248144,POINT (-87.732481436178 41.886809072296)
fe5af6878e19bb478fea110c675ca70380cb762f1a0218eeb25541e415c3c591d53033029c03cb6b05fc81ffc87ebba59fce64c3ed1eb7ded46f6a55ca97dff3,JC451447,,9/28/2019 5:30,35,STOP SIGN/FLASHER,FUNCTIONING PROPERLY,RAIN,"DARKNESS, LIGHTED ROAD",REAR END,DIVIDED - W/MEDIAN (NOT RAISED),,STRAIGHT AND LEVEL,WET,NO DEFECTS,,NO INJURY / DRIVE AWAY,,,,"$501 - $1,500",9/28/2019 6:50,UNABLE TO DETERMINE,UNABLE TO DETERMINE,1000,E,130TH ST,532,,,,,,,2,NO INDICATION OF INJURY,0,0,0,0,0,2,0,5,7,9,41.65958318,-87.59760738,POINT (-87.597607376284 41.659583177355)