CRASH_RECORD_ID,RD_NO,CRASH_DATE_EST_I,CRASH_DATE,POSTED_SPEED_LIMIT,TRAFFIC_CONTROL_DEVICE,DEVICE_CONDITION,WEATHER_CONDITION,LIGHTING_CONDITION,FIRST_CRASH_TYPE,TRAFFICWAY_TYPE,LANE_CNT,ALIGNMENT,ROADWAY_SURFACE_COND,ROAD_DEFECT,REPORT_TYPE,CRASH_TYPE,INTERSECTION_RELATED_I,NOT_RIGHT_OF_WAY_I,HIT_AND_RUN_I,DAMAGE,DATE_POLICE_NOTIFIED,PRIM_CONTRIBUTORY_CAUSE,SEC_CONTRIBUTORY_CAUSE,STREET_NO,STREET_DIRECTION,STREET_NAME,BEAT_OF_OCCURRENCE,PHOTOS_TAKEN_I,STATEMENTS_TAKEN_I,DOORING_I,WORK_ZONE_I,WORK_ZONE_TYPE,WORKERS_PRESENT_I,NUM_UNITS,MOST_SEVERE_INJURY,INJURIES_TOTAL,INJURIES_FATAL,INJURIES_INCAPACITATING,INJURIES_NON_INCAPACITATING,INJURIES_REPORTED_NOT_EVIDENT,INJURIES_NO_INDICATION,INJURIES_UNKNOWN,CRASH_HOUR,CRASH_DAY_OF_WEEK,CRASH_MONTH,LATITUDE,LONGITUDE,LOCATION
fe6972aeaf89062f34bfdf6a3d82ccea70fc7b55f8f20dd34e5678fb43b0d0dc37e3c400cb2851cca9263b2034e98d19d3b0200b8c422124abd182d8bf89a87c,JC565635,,12/30/2019 17:30,30,NO CONTROLS,NO CONTROLS,SNOW,DARKNESS,SIDESWIPE SAME DIRECTION,NOT DIVIDED,,STRAIGHT AND LEVEL,WET,NO DEFECTS,,INJURY AND / OR TOW DUE TO CRASH,,,,"OVER $1,500",12/30/2019 17:34,IMPROPER LANE USAGE,NOT APPLICABLE,4231,W,MADISON ST,1115,,,,,,,3,NO INDICATION OF INJURY,0,0,0,0,0,2,0,17,2,12,41.88054318,-87.73183569,POINT (-87.731835688986 41.88054318185)
fea81c56c17d173b45c4b9c5857b23b6541eccb1ad21b96414d556ee6a67d6f3069cba103b4a14e0507c32a2097a8b84ffe4b9415dc314593c731228eafc67d6,JG276243,,5/24/2023 7:27,25,NO CONTROLS,NO CONTROLS,CLEAR,DAYLIGHT,PARKED MOTOR VEHICLE,ONE-WAY,,STRAIGHT AND LEVEL,DRY,NO DEFECTS,,NO INJURY / DRIVE AWAY,,,N,"OVER $1,500",5/26/2023 16:50,DRIVING SKILLS/KNOWLEDGE/EXPERIENCE,UNABLE TO DETERMINE,3034,W,MEDILL AVE,1414,,,,,,,2,NO INDICATION OF INJURY,0,0,0,0,0,1,0,7,4,5,41.9238975,-87.70372425,POINT (-87.703724247823 41.923897497349)
fef40193416bfa5f224daa798b444519390ca015dace10ae88539dae2c7a12764a36c640c228f8c761c4ba103412d2a43be583ed07a7e80da057497cbdc0cce3,JD320004,,8/3/2020 21:23,30,NO CONTROLS,NO CONTROLS,CLEAR,"DARKNESS, LIGHTED ROAD",HEAD ON,NOT DIVIDED,,STRAIGHT AND LEVEL,DRY,NO DEFECTS,ON SCENE,INJURY AND / OR TOW DUE TO CRASH,,,,"OVER $1,500",8/3/2020 22:51,DISTRACTION - FROM OUTSIDE VEHICLE,DRIVING SKILLS/KNOWLEDGE/EXPERIENCE,3779,S,ARCHER AVE,911,,,,,,,2,NO INDICATION OF INJURY,0,0,0,0,0,2,0,21,2,8,41.82474601,-87.68666197,POINT (-87.686661969262 41.824746013862)
fefb0b3ea6f448fa8472c218bdb88f188ef8a076a62a7aa362a7ac9b7109a8196bb74192c65713984df86463e3f408a376bf79c8b5ffa665121afef9b6a638b1,JC540150,,12/8/2019 17:00,30,NO CONTROLS,NO CONTROLS,CLEAR,"DARKNESS, LIGHTED ROAD",REAR TO SIDE,NOT DIVIDED,,STRAIGHT AND LEVEL,DRY,NO DEFECTS,,NO INJURY / DRIVE AWAY,,,,"$501 - $1,500",12/9/2019 10:00,DRIVING SKILLS/KNOWLEDGE/EXPERIENCE,NOT APPLICABLE,5300,S,CENTRAL AVE,811,,,,,,,2,NO INDICATION OF INJURY,0,0,0,0,0,2,0,17,1,12,41.79639689,-87.76257721,POINT (-87.762577213996 41.796396888788)
feffdab05baab33523892d8f42f5cb4de1b6b355125d5f10ee0ffaa02a5facb663f2c2f97779290296daad5e9571c3022034b41c8eedf8829181da14bff776ef,JC460140,,10/4/2019 17:08,30,NO CONTROLS,NO CONTROLS,CLEAR,DAYLIGHT,SIDESWIPE SAME DIRECTION,DIVIDED - W/MEDIAN (NOT RAISED),,STRAIGHT AND LEVEL,DRY,NO DEFECTS,,NO INJURY / DRIVE AWAY,,,,"OVER $1,500",10/4/2019 17:30,UNABLE TO DETERMINE,NOT APPLICABLE,6018,N,LINCOLN AVE,2413,,,,,,,2,NO INDICATION OF INJURY,0,0,0,0,0,2,0,17,6,10,41.99093931,-87.70850551,POINT (-87.70850551112 41.990939306531)
ff006230f2bcbcc9b59fa5d4f772cc0eb85c64a66916be8fc2384a19c2b69430c7477e157fe07846a56c68edca779b12e3c74ea65835916ab1b1b2ac5710069c,JG299992,,6/13/2023 17:30,25,TRAFFIC SIGNAL,FUNCTIONING PROPERLY,RAIN,DAYLIGHT,REAR END,NOT DIVIDED,,STRAIGHT AND LEVEL,WET,NO DEFECTS,,INJURY AND / OR TOW DUE TO CRASH,Y,,,"OVER $1,500",6/13/2023 19:00,FOLLOWING TOO CLOSELY,FOLLOWING TOO CLOSELY,400,E,47TH ST,221,,,,,,,2,NONINCAPACITATING INJURY,2,0,0,2,0,2,0,17,3,6,41.80950047,-87.6162064,POINT (-87.616206399384 41.809500465169)
0b99d8f1060503b132b8a08c562c00d73138a48dee85d71ecd700ab0f0902652fc5b8c8289979eeb759ba4d2a3720e7af0d0b4a253902d13239fea0a5c6b7500,JF334813,,7/28/2022 12:53,25,UNKNOWN,UNKNOWN,CLEAR,DAYLIGHT,PARKED MOTOR VEHICLE,PARKING LOT,,STRAIGHT AND LEVEL,DRY,NO DEFECTS,ON SCENE,NO INJURY / DRIVE AWAY,,,Y,"OVER $1,500",7/28/2022 13:09,NOT APPLICABLE,NOT APPLICABLE,10500,S,WESTERN AVE,2211,,,,,,,3,NO INDICATION OF INJURY,0,0,0,0,0,1,0,12,5,7,41.70263855,-87.68164578,POINT (-87.681645782607 41.70263854932)
ff30c2456cd84fb776865c7ac10d0eedbe75e4a5ffbe2a25f32aebc1494f9a9bb0b2e3d0bb26b67a09223701f480aa996137761f2c548ea604c2bb75e92612f7,JG301111,,6/13/2023 23:50,30,TRAFFIC SIGNAL,FUNCTIONING PROPERLY,CLEAR,"DARKNESS, LIGHTED ROAD",ANGLE,FOUR WAY,,STRAIGHT AND LEVEL,DRY,NO DEFECTS,,NO INJURY / DRIVE AWAY,Y,,,"$501 - $1,500",6/14/2023 17:00,DISREGARDING TRAFFIC SIGNALS,FAILING TO YIELD RIGHT-OF-WAY,232,W,GARFIELD BLVD,935,,,,,,,2,NO INDICATION OF INJURY,0,0,0,0,0,2,0,23,3,6,41.79464233,-87.63184342,POINT (-87.631843416063 41.794642330446)
ff33914d3399edd5f48879d096bae8dafd3e77e26612a3814c62bb6878cbfeaf50d8ce852628dc877d0c007ecde386bb451112d400fb238638b76010bde3c325,JC453497,,9/29/2019 20:03,35,TRAFFIC SIGNAL,FUNCTIONING PROPERLY,RAIN,DARKNESS,REAR END,DIVIDED - W/MEDIAN BARRIER,,STRAIGHT AND LEVEL,WET,NO DEFECTS,,NO INJURY / DRIVE AWAY,,,Y,"$501 - $1,500",9/29/2019 20:04,FOLLOWING TOO CLOSELY,NOT APPLICABLE,5952,W,NORTH AVE,2531,,,,,,,2,NO INDICATION OF INJURY,0,0,0,0,0,2,0,20,1,9,41.90937012,-87.77505861,POINT (-87.775058608476 41.909370115707)
ff55d27923e2bc2ab026025b823c12bf1e60e3bff5a719f14493f563edc005d7904f01e3e5a2db49fe99ca916e16780b3042c517826e982412f50f90482da91d,JG230201,Y,4/19/2023 19:30,30,UNKNOWN,UNKNOWN,CLEAR,"DARKNESS, LIGHTED ROAD",PARKED MOTOR VEHICLE,NOT DIVIDED,,STRAIGHT AND LEVEL,DRY,UNKNOWN,,INJURY AND / OR TOW DUE TO CRASH,,,Y,"OVER $1,500",4/19/2023 22:46,NOT APPLICABLE,NOT APPLICABLE,700,W,IRVING PARK RD,1915,,,,,,,2,NO INDICATION OF INJURY,0,0,0,0,0,1,0,19,4,4,41.95470027,-87.64802787,POINT (-87.64802787386 41.954700270862)
ff6ee656567f6d169937b1df313551b28f2f8cd8c65bbfe5a3d79ce8d136d4f1c3a61765f974d5f527cad75367e35dc5c8067f9460fe500dc8cbf1266103dd72,JC454532,,9/30/2019 15:56,30,NO CONTROLS,NO CONTROLS,CLEAR,DAYLIGHT,SIDESWIPE SAME DIRECTION,DIVIDED - W/MEDIAN BARRIER,,STRAIGHT AND LEVEL,DRY,NO DEFECTS,,INJURY AND / OR TOW DUE TO CRASH,,,,"OVER $1,500",9/30/2019 15:56,IMPROPER LANE USAGE,IMPROPER OVERTAKING/PASSING,305,W,95TH ST,511,,,,,,,2,NONINCAPACITATING INJURY,2,0,0,1,1,2,0,15,2,9,41.7215131,-87.63130467,POINT (-87.631304673711 41.721513102856)
ffb3f21be9721d1d54464db8b9a30de13db044ceb18b6fb33097bdda33750b1002b2ba8c8cbb6c33b109affc0a65b299055890dcea20a44e692fbe5240529664,JG276276,,5/26/2023 16:30,30,TRAFFIC SIGNAL,FUNCTIONING PROPERLY,CLEAR,DAYLIGHT,ANGLE,NOT DIVIDED,,STRAIGHT AND LEVEL,DRY,NO DEFECTS,,NO INJURY / DRIVE AWAY,,,,"OVER $1,500",5/26/2023 17:06,DISREGARDING TRAFFIC SIGNALS,NOT APPLICABLE,7401,S,PULASKI RD,833,,,,,,,2,NO INDICATION OF INJURY,0,0,0,0,0,2,0,16,6,5,41.75790125,-87.72204773,POINT (-87.722047731463 41.757901249198)
c73de5777c9c79cfefa7d2eb1040331449a77c94919f8d6338bb1001a420101d3c89435fd1beb3df426dc6d70563afab1a07756ad9805465958a69ccb7f38d00,,,7/29/2023 19:59,30,TRAFFIC SIGNAL,FUNCTIONING PROPERLY,CLEAR,DUSK,REAR END,DIVIDED - W/MEDIAN (NOT RAISED),,STRAIGHT AND LEVEL,DRY,NO DEFECTS,NOT ON SCENE (DESK REPORT),NO INJURY / DRIVE AWAY,,,Y,"$501 - $1,500",7/29/2023 21:00,FAILING TO REDUCE SPEED TO AVOID CRASH,NOT APPLICABLE,436,W,CERMAK RD,914,,,,,,,2,NO INDICATION OF INJURY,0,0,0,0,0,5,0,19,7,7,41.85290336,-87.63841649,POINT (-87.638416493418 41.852903362322)
90d0c406aef4d2fa94cda48f9a4d2db08c93936006f57c00746723101638737b401ec3b3ee8d86125a83abb4a2271dd8a104e1f6d5ae955fea26e7e679cfb525,,,7/29/2023 23:10,30,TRAFFIC SIGNAL,UNKNOWN,CLEAR,"DARKNESS, LIGHTED ROAD",TURNING,T-INTERSECTION,,STRAIGHT AND LEVEL,DRY,NO DEFECTS,ON SCENE,INJURY AND / OR TOW DUE TO CRASH,,,Y,"OVER $1,500",7/30/2023 0:25,DISREGARDING TRAFFIC SIGNALS,UNDER THE INFLUENCE OF ALCOHOL/DRUGS (USE WHEN ARREST IS EFFECTED),11336,S,WESTERN AVE,2212,,,,,,,2,NONINCAPACITATING INJURY,1,0,0,1,0,1,0,23,7,7,41.68714618,-87.68115726,POINT (-87.681157257125 41.687146176531)
52e6280774fcd9d53941c52cb273a57f50367634346941274937e97c01eb6752f6e84043c26f5749237c5ca1c2191ad75436a8fced44ad91e51e864c47bb3b59,,,7/30/2023 16:30,30,NO CONTROLS,NO CONTROLS,CLEAR,DAYLIGHT,TURNING,DIVIDED - W/MEDIAN (NOT RAISED),,STRAIGHT AND LEVEL,UNKNOWN,UNKNOWN,NOT ON SCENE (DESK REPORT),NO INJURY / DRIVE AWAY,,,,"OVER $1,500",7/30/2023 17:20,FAILING TO YIELD RIGHT-OF-WAY,UNABLE TO DETERMINE,5740,N,SHERIDAN RD,2022,,,,,,,2,NO INDICATION OF INJURY,0,0,0,0,0,2,0,16,1,7,41.98676153,-87.65543234,POINT (-87.655432344295 41.986761534199)
0b635a86213ffa0a2919b532bff2178554b9160b58d2dfd21f57b96197f5d1e5d3e3affd3c3c4fa748cad3acd698f52f4d2bb90c328d5b7f88b94594bcc43495,,,7/24/2023 8:40,30,TRAFFIC SIGNAL,OTHER,UNKNOWN,UNKNOWN,REAR END,FOUR WAY,,STRAIGHT AND LEVEL,UNKNOWN,UNKNOWN,NOT ON SCENE (DESK REPORT),NO INJURY / DRIVE AWAY,Y,,Y,"OVER $1,500",7/24/2023 17:15,FOLLOWING TOO CLOSELY,NOT APPLICABLE,948,W,MADISON ST,1224,,,,,,,2,NO INDICATION OF INJURY,0,0,0,0,0,2,0,8,2,7,41.88181747,-87.65162721,POINT (-87.651627210982 41.881817472013)
df51192e9409b154a8293afd603260e664195dfbe03212f45a36afd530a77e0084080a4a312f1ee484db2db94fabc1ceb3a4a2770b3e3988e1239606e9a3ae43,,,7/29/2023 14:36,30,TRAFFIC SIGNAL,FUNCTIONING PROPERLY,CLEAR,DAYLIGHT,SIDESWIPE SAME DIRECTION,NOT DIVIDED,,STRAIGHT AND LEVEL,DRY,NO DEFECTS,NOT ON SCENE (DESK REPORT),NO INJURY / DRIVE AWAY,Y,,,"OVER $1,500",7/29/2023 14:40,IMPROPER OVERTAKING/PASSING,IMPROPER OVERTAKING/PASSING,5500,S,WESTERN AVE,824,,,,,,,2,NO INDICATION OF INJURY,0,0,0,0,0,2,0,14,7,7,41.79337055,-87.68417538,POINT (-87.684175376759 41.79337055433)
bb9340aaf826ffe937975f81307ef6e02889b0974b84c0953bfddda18783e3432ba737597485b337fd1211d1026b831253f2d36aff1efeea320c6623bc41831c,,,7/30/2023 1:07,30,NO CONTROLS,NO CONTROLS,CLEAR,"DARKNESS, LIGHTED ROAD",TURNING,ONE-WAY,,STRAIGHT AND LEVEL,DRY,NO DEFECTS,ON SCENE,NO INJURY / DRIVE AWAY,,,Y,"OVER $1,500",7/30/2023 1:30,FAILING TO REDUCE SPEED TO AVOID CRASH,NOT APPLICABLE,932,E,82ND ST,631,Y,Y,,,,,2,NO INDICATION OF INJURY,0,0,0,0,0,2,0,1,1,7,41.7459466,-87.60133385,POINT (-87.601333851274 41.745946599296)
762ec7c767b043ef3dfff8a8373584498556a4d4e06a3bba95ce2ebcdcfefea2a5c753a78ff6c3682727427506748129d96c578e961f8e58964ebd0a03b63e05,,,7/30/2023 12:30,30,NO CONTROLS,NO CONTROLS,CLEAR,DAYLIGHT,REAR END,OTHER,,STRAIGHT AND LEVEL,OTHER,OTHER,NOT ON SCENE (DESK REPORT),NO INJURY / DRIVE AWAY,,,,"OVER $1,500",7/30/2023 13:15,DRIVING SKILLS/KNOWLEDGE/EXPERIENCE,NOT APPLICABLE,1538,E,95TH ST,413,,,,,,,2,NO INDICATION OF INJURY,0,0,0,0,0,2,0,12,1,7,41.72243948,-87.58618584,POINT (-87.586185836462 41.722439475881)
3df9a903ef9dca09df4b5327f2dcfaa02b2712aa3ff0643ea37b4e9ad666d68c9f88f5879295333503f037bba84c73aaef862aa31e78a36519a778c81ddba946,,,7/29/2023 23:55,30,TRAFFIC SIGNAL,FUNCTIONING PROPERLY,UNKNOWN,"DARKNESS, LIGHTED ROAD",TURNING,FOUR WAY,,STRAIGHT AND LEVEL,DRY,UNKNOWN,NOT ON SCENE (DESK REPORT),NO INJURY / DRIVE AWAY,Y,,Y,"OVER $1,500",7/30/2023 17:45,UNABLE TO DETERMINE,NOT APPLICABLE,5001,W,CHICAGO AVE,1531,,,,,,,2,NO INDICATION OF INJURY,0,0,0,0,0,2,0,23,7,7,41.89485387,-87.75076497,POINT (-87.750764972015 41.894853869786)
36cfcfaa7b3aa90b635e8645b8522af7c5e6c1ff406f6dce9b0f2310e209a812021715f57200ff948f957ff3978d01153eddf071924741883bb5db51aa0b816a,,,7/29/2023 22:37,30,TRAFFIC SIGNAL,UNKNOWN,UNKNOWN,"DARKNESS, LIGHTED ROAD",TURNING,UNKNOWN INTERSECTION TYPE,,STRAIGHT AND LEVEL,UNKNOWN,NO DEFECTS,NOT ON SCENE (DESK REPORT),NO INJURY / DRIVE AWAY,Y,,,"OVER $1,500",7/29/2023 23:15,DISREGARDING TRAFFIC SIGNALS,NOT APPLICABLE,7600,S,STATE ST,623,,,,,,,2,NO INDICATION OF INJURY,0,0,0,0,0,3,0,22,7,7,41.75640041,-87.62486969,POINT (-87.624869685896 41.756400406673)
3939115dd1bd2857b5aba68e19b6e96cba2580b4c611af5100b12f0a91d7614c9a01f640542e912a47baa27674d6cf8f9822fd5f802fb506cf8030871281796d,,,7/29/2023 16:50,20,UNKNOWN,FUNCTIONING PROPERLY,CLEAR,DAYLIGHT,PARKED MOTOR VEHICLE,NOT DIVIDED,,STRAIGHT AND LEVEL,DRY,NO DEFECTS,NOT ON SCENE (DESK REPORT),NO INJURY / DRIVE AWAY,,,,"OVER $1,500",7/30/2023 13:00,UNABLE TO DETERMINE,NOT APPLICABLE,5700,S,SAWYER AVE,822,,,,,,,2,NO INDICATION OF INJURY,0,0,0,0,0,5,0,16,7,7,41.78976919,-87.70482092,POINT (-87.704820922212 41.789769191616)
9c9cdb621009891f6fa7dfc3162ffa20b4fb5037bd88d2892bbbff5f69c106f4c06c89f81dcbb1fed27ad4602a54719dae809ba661cdc8acceaa6ab579494c3c,,,7/30/2023 10:01,30,TRAFFIC SIGNAL,FUNCTIONING PROPERLY,CLEAR,DAYLIGHT,SIDESWIPE SAME DIRECTION,FOUR WAY,,STRAIGHT AND LEVEL,DRY,NO DEFECTS,ON SCENE,NO INJURY / DRIVE AWAY,Y,,,"$501 - $1,500",7/30/2023 10:24,IMPROPER OVERTAKING/PASSING,NOT APPLICABLE,1,E,76TH ST,623,,,,,,,2,NO INDICATION OF INJURY,0,0,0,0,0,2,0,10,1,7,41.75632947,-87.62463879,POINT (-87.624638785875 41.756329468765)
ed601228e9fc0c7f5f52a53101c3dfb8692826b25330446e24a8c3c117a65ae94e43cd239eb8003071bc16c6c7a85afd7faa32d768ec39deffd52891b4deb3b7,,Y,7/30/2023 7:50,30,UNKNOWN,UNKNOWN,UNKNOWN,UNKNOWN,PARKED MOTOR VEHICLE,UNKNOWN,,STRAIGHT AND LEVEL,UNKNOWN,UNKNOWN,NOT ON SCENE (DESK REPORT),NO INJURY / DRIVE AWAY,,,Y,"$501 - $1,500",7/30/2023 11:20,UNABLE TO DETERMINE,NOT APPLICABLE,3334,W,66TH PL,831,,,,,,,2,NO INDICATION OF INJURY,0,0,0,0,0,1,0,7,1,7,41.77265665,-87.70681232,POINT (-87.706812323782 41.772656653618)
5590930e0c8de54aff531280946aebabcdd5ce798a37bba57e348767963ab9972abc4995b39885f423f226e2898df17ffef38424e81ea9cabd20fa22fd10c9c3,,,7/30/2023 12:30,20,NO CONTROLS,NO CONTROLS,UNKNOWN,UNKNOWN,PARKED MOTOR VEHICLE,NOT DIVIDED,,STRAIGHT AND LEVEL,UNKNOWN,UNKNOWN,NOT ON SCENE (DESK REPORT),NO INJURY / DRIVE AWAY,,,,"OVER $1,500",7/30/2023 17:30,UNABLE TO DETERMINE,NOT APPLICABLE,3741,W,FULLERTON AVE,2525,,,,,,,2,NO INDICATION OF INJURY,0,0,0,0,0,1,0,12,1,7,41.92444197,-87.72111194,POINT (-87.721111934959 41.924441970981)
1d6c0dc73d439b1ead07cc266c3214af1b48a5022ad50533cf5a9e8345cc4d4685adbc60a42d350077f83a013ace277a07bbe73870e7f96ed6ee11d51df43d21,,,7/30/2023 4:00,30,NO CONTROLS,NO CONTROLS,CLEAR,"DARKNESS, LIGHTED ROAD",SIDESWIPE OPPOSITE DIRECTION,NOT DIVIDED,,STRAIGHT AND LEVEL,DRY,NO DEFECTS,NOT ON SCENE (DESK REPORT),INJURY AND / OR TOW DUE TO CRASH,,,,"OVER $1,500",7/30/2023 4:30,IMPROPER LANE USAGE,NOT APPLICABLE,41,E,OAK ST,1833,,,,,,,2,NO INDICATION OF INJURY,0,0,0,0,0,2,0,4,1,7,41.90066108,-87.62682609,POINT (-87.62682609078 41.900661082571)
6d5a3c289e5197c0dc61b8d365ab3a1cbe301162bb051f587fd38b3c3aec036e259fc56566e4fbafb8c2e855ea77a7f03c003e11face665510aeca19a492380b,,,7/26/2023 1:03,30,TRAFFIC SIGNAL,FUNCTIONING PROPERLY,CLEAR,"DARKNESS, LIGHTED ROAD",SIDESWIPE SAME DIRECTION,ONE-WAY,,STRAIGHT AND LEVEL,DRY,NO DEFECTS,ON SCENE,NO INJURY / DRIVE AWAY,Y,,,"$501 - $1,500",7/26/2023 1:19,IMPROPER OVERTAKING/PASSING,NOT APPLICABLE,100,N,WELLS ST,122,,,,,,,2,NO INDICATION OF INJURY,0,0,0,0,0,2,0,1,4,7,41.88324209,-87.63400682,POINT (-87.634006820981 41.88324209419)
d47cf9deb8d4e6143f0acb04e1dc18cf9db98f55f43453bb3250fd6233d03bba50966eabf7407f24d73eedbbabd5e6c5be9266cd880823a77d00e4a3fd9f82d4,,,7/30/2023 19:00,30,NO CONTROLS,NO CONTROLS,CLEAR,DAYLIGHT,OTHER OBJECT,ALLEY,,STRAIGHT AND LEVEL,DRY,NO DEFECTS,ON SCENE,NO INJURY / DRIVE AWAY,,Y,Y,"OVER $1,500",7/30/2023 19:08,"OPERATING VEHICLE IN ERRATIC, RECKLESS, CARELESS, NEGLIGENT OR AGGRESSIVE MANNER",NOT APPLICABLE,4350,S,ASHLAND AVE,924,,,,,,,2,NO INDICATION OF INJURY,0,0,0,0,0,1,0,19,1,7,41.81437322,-87.66526255,POINT (-87.66526254784 41.814373218523)
4610b31caefa3a2d755e054d2c0f08cc67478024092a52b8d690ae11d9e97c286aa3fbff7596d9978b5d24c7e44149632486c04f14657a4971df5d10891b9a0b,,,7/30/2023 1:45,30,TRAFFIC SIGNAL,FUNCTIONING PROPERLY,CLEAR,"DARKNESS, LIGHTED ROAD",REAR END,FOUR WAY,,STRAIGHT AND LEVEL,DRY,NO DEFECTS,NOT ON SCENE (DESK REPORT),NO INJURY / DRIVE AWAY,Y,,,"OVER $1,500",7/30/2023 2:15,FOLLOWING TOO CLOSELY,"OPERATING VEHICLE IN ERRATIC, RECKLESS, CARELESS, NEGLIGENT OR AGGRESSIVE MANNER",1801,W,ROOSEVELT RD,1233,,,,,,,2,NO INDICATION OF INJURY,0,0,0,0,0,2,0,1,1,7,41.86671224,-87.67146703,POINT (-87.671467027769 41.866712240646)
fe85a6a2145d5bef5dc85a0d6405a6d477d28070e704346bbc83c11b7be04840f5bf48b26d83a63388d092be121743408db43eb1a642f8c067835d7cf938fdfd,,,7/29/2023 23:15,30,NO CONTROLS,NO CONTROLS,CLEAR,"DARKNESS, LIGHTED ROAD",SIDESWIPE SAME DIRECTION,DIVIDED - W/MEDIAN (NOT RAISED),,STRAIGHT AND LEVEL,DRY,NO DEFECTS,ON SCENE,NO INJURY / DRIVE AWAY,,,Y,"OVER $1,500",7/30/2023 0:12,UNABLE TO DETERMINE,UNABLE TO DETERMINE,6339,S,AUSTIN AVE,812,,,,,,,3,NO INDICATION OF INJURY,0,0,0,0,0,2,0,23,7,7,41.77672674,-87.7713035,POINT (-87.771303495003 41.776726736401)
32dbc137c6c657cfa8a6c4cf4c30dec78d681a9307399553c048a669627e634aa85547c18e89b59a96618a5888d1dcbe2b2561b22390aaa3bd110e8a03a35a40,,,7/29/2023 22:42,30,STOP SIGN/FLASHER,FUNCTIONING PROPERLY,CLEAR,"DARKNESS, LIGHTED ROAD",HEAD ON,NOT DIVIDED,,STRAIGHT AND LEVEL,DRY,NO DEFECTS,NOT ON SCENE (DESK REPORT),INJURY AND / OR TOW DUE TO CRASH,,,Y,"OVER $1,500",7/30/2023 10:31,UNABLE TO DETERMINE,UNABLE TO DETERMINE,700,E,79TH ST,624,,,,,,,2,"REPORTED, NOT EVIDENT",2,0,0,0,2,1,0,22,7,7,41.75135424,-87.60760037,POINT (-87.607600368342 41.751354237509)
c280862f7d4ba5ff2f90aed66551110396011947df2681ad2c8acb4368c679d05254c8adef5af6ca67fa35aa7dfc6f080a4dc3b1aebbf3407a471852988290dc,,,7/29/2023 23:30,30,NO CONTROLS,NO CONTROLS,CLEAR,"DARKNESS, LIGHTED ROAD",PEDESTRIAN,NOT DIVIDED,,STRAIGHT AND LEVEL,DRY,NO DEFECTS,ON SCENE,INJURY AND / OR TOW DUE TO CRASH,,,Y,"OVER $1,500",7/29/2023 23:50,FAILING TO YIELD RIGHT-OF-WAY,FAILING TO YIELD RIGHT-OF-WAY,3658,N,CLARK ST,1923,,,,,,,2,"REPORTED, NOT EVIDENT",1,0,0,0,1,1,0,23,7,7,41.94868253,-87.65787955,POINT (-87.657879552598 41.948682524624)
53ef0e1f10b920bf4056306aa7de843ed9f8acdecfb0bcf37c9ec7e6b75ffe106e4478a5d7addb24e2d0a6198ab0da91f4a65310fd5bb12c88de5ab8048b9eb3,,,7/30/2023 20:50,30,NO CONTROLS,NO CONTROLS,RAIN,"DARKNESS, LIGHTED ROAD",PARKED MOTOR VEHICLE,NOT DIVIDED,,STRAIGHT AND LEVEL,DRY,NO DEFECTS,ON SCENE,NO INJURY / DRIVE AWAY,,,Y,"$501 - $1,500",7/30/2023 20:55,DRIVING SKILLS/KNOWLEDGE/EXPERIENCE,NOT APPLICABLE,2152,N,MARMORA AVE,2515,,,,,,,2,NO INDICATION OF INJURY,0,0,0,0,0,1,0,20,1,7,41.9194959,-87.77328088,POINT (-87.773280878059 41.919495894997)
2cc2c7582f049d6f51d0309e6ba7496215fe621876503e44699fbc4c04d290ebab51b9c72829dd2c568a438042cdc0b81bdc242668c1ae2f761f2242786ba6f6,,Y,7/30/2023 13:00,30,UNKNOWN,UNKNOWN,UNKNOWN,UNKNOWN,PARKED MOTOR VEHICLE,ONE-WAY,,STRAIGHT AND LEVEL,UNKNOWN,UNKNOWN,NOT ON SCENE (DESK REPORT),NO INJURY / DRIVE AWAY,,,Y,"OVER $1,500",7/30/2023 16:00,UNABLE TO DETERMINE,NOT APPLICABLE,3583,N,HOYNE AVE,1921,,,,,,,2,NO INDICATION OF INJURY,0,0,0,0,0,1,0,13,1,7,41.94674227,-87.68083215,POINT (-87.680832154397 41.946742270033)
a413e3fde37d71f29fecb6203bd596c0e0897111ead1ccad47261f96656766aaf2071182e638d1c108c544047ca43e2e110336755b00eaa58f23f4858f85094d,,,7/30/2023 20:40,30,TRAFFIC SIGNAL,FUNCTIONING PROPERLY,CLEAR,"DARKNESS, LIGHTED ROAD",REAR END,NOT DIVIDED,,STRAIGHT AND LEVEL,DRY,NO DEFECTS,NOT ON SCENE (DESK REPORT),NO INJURY / DRIVE AWAY,,,,"OVER $1,500",7/30/2023 22:45,FOLLOWING TOO CLOSELY,NOT APPLICABLE,5403,W,DIVERSEY AVE,2514,,,,,,,2,NO INDICATION OF INJURY,0,0,0,0,0,2,0,20,1,7,41.93122513,-87.7614724,POINT (-87.76147240227 41.931225129432)