CRASH_RECORD_ID,RD_NO,CRASH_DATE_EST_I,CRASH_DATE,POSTED_SPEED_LIMIT,TRAFFIC_CONTROL_DEVICE,DEVICE_CONDITION,WEATHER_CONDITION,LIGHTING_CONDITION,FIRST_CRASH_TYPE,TRAFFICWAY_TYPE,LANE_CNT,ALIGNMENT,ROADWAY_SURFACE_COND,ROAD_DEFECT,REPORT_TYPE,CRASH_TYPE,INTERSECTION_RELATED_I,NOT_RIGHT_OF_WAY_I,HIT_AND_RUN_I,DAMAGE,DATE_POLICE_NOTIFIED,PRIM_CONTRIBUTORY_CAUSE,SEC_CONTRIBUTORY_CAUSE,STREET_NO,STREET_DIRECTION,STREET_NAME,BEAT_OF_OCCURRENCE,PHOTOS_TAKEN_I,STATEMENTS_TAKEN_I,DOORING_I,WORK_ZONE_I,WORK_ZONE_TYPE,WORKERS_PRESENT_I,NUM_UNITS,MOST_SEVERE_INJURY,INJURIES_TOTAL,INJURIES_FATAL,INJURIES_INCAPACITATING,INJURIES_NON_INCAPACITATING,INJURIES_REPORTED_NOT_EVIDENT,INJURIES_NO_INDICATION,INJURIES_UNKNOWN,CRASH_HOUR,CRASH_DAY_OF_WEEK,CRASH_MONTH,LATITUDE,LONGITUDE,LOCATION
092f6f78cc1113e1e99c134b20bdb00dc9e2389a08ed018c3ae87481a06743dd3fe60123166ae6abd3c5ec2a22902fd22acb1cfd04f112587cbd961822f643a2,,,7/29/2023 11:39,30,TRAFFIC SIGNAL,FUNCTIONING PROPERLY,CLEAR,DAYLIGHT,PEDESTRIAN,DIVIDED - W/MEDIAN BARRIER,,STRAIGHT AND LEVEL,DRY,NO DEFECTS,ON SCENE,INJURY AND / OR TOW DUE TO CRASH,,,,$500 OR LESS,7/29/2023 11:42,NOT APPLICABLE,DISREGARDING OTHER TRAFFIC SIGNS,2604,N,KEDZIE AVE,1412,,,,,,,2,NONINCAPACITATING INJURY,1,0,0,1,0,1,0,11,7,7,41.92860444,-87.70790068,POINT (-87.707900680663 41.928604442429)
af99eb93d0a912362f165a45e7b4c8b077028c9762fd0a5ea2c8fff8c347e5f4da257f4e3af2f5b9f8c232ad33d89e85365cc44bd86e900445ada07efd5f7cd7,,,7/29/2023 23:10,30,NO CONTROLS,NO CONTROLS,CLEAR,"DARKNESS, LIGHTED ROAD",PARKED MOTOR VEHICLE,ONE-WAY,,STRAIGHT AND LEVEL,DRY,NO DEFECTS,ON SCENE,INJURY AND / OR TOW DUE TO CRASH,,,,"OVER $1,500",7/29/2023 23:56,UNABLE TO DETERMINE,UNABLE TO DETERMINE,4208,W,84TH ST,834,,,,,,,2,NO INDICATION OF INJURY,0,0,0,0,0,1,0,23,7,7,41.74036732,-87.7268961,POINT (-87.726896101756 41.740367324377)
c602b54dc8faeebea0733819440df77c325dfde52a162db295514aa35cf2a803fdbab38601c7408db100d441d22ce30af845e5a55662bf488c9bcd06444fbef0,,,7/28/2023 18:30,30,NO CONTROLS,NO CONTROLS,CLEAR,DAYLIGHT,TURNING,NOT DIVIDED,,STRAIGHT AND LEVEL,WET,NO DEFECTS,ON SCENE,NO INJURY / DRIVE AWAY,,,,"$501 - $1,500",7/28/2023 18:53,FOLLOWING TOO CLOSELY,EQUIPMENT - VEHICLE CONDITION,11040,S,DOTY AVE W,513,,,,,,,2,NO INDICATION OF INJURY,0,0,0,0,0,3,0,18,6,7,41.69333992,-87.59898643,POINT (-87.598986430882 41.693339918144)
93597bffa60a5cdd017f33060ae5bd088487542d50501029e3e177329d9ac1963806df9d42ce2fc7eb043143ca9bb3ee3e164fbe3571fbb710fad18b48a3eaef,,,7/28/2023 16:10,30,TRAFFIC SIGNAL,FUNCTIONING PROPERLY,CLEAR,DAYLIGHT,REAR END,NOT DIVIDED,,STRAIGHT AND LEVEL,DRY,NO DEFECTS,NOT ON SCENE (DESK REPORT),NO INJURY / DRIVE AWAY,,,Y,"$501 - $1,500",7/28/2023 16:34,UNABLE TO DETERMINE,UNABLE TO DETERMINE,11443,S,HALSTED ST,2233,,,,,,,2,NO INDICATION OF INJURY,0,0,0,0,0,3,0,16,6,7,41.68562832,-87.64202316,POINT (-87.642023161374 41.685628323616)
5f96f930e49c0f50cc1debb79b3ee39e89caadfe49c6397fbd55c7777f2d0f71b9a86969f7dc4859f6bc36db5c435e54fd1cd371f59604b7cb38dd7433f9cf9e,,,7/30/2023 9:40,30,TRAFFIC SIGNAL,FUNCTIONING PROPERLY,CLEAR,DAYLIGHT,SIDESWIPE SAME DIRECTION,ONE-WAY,,STRAIGHT AND LEVEL,DRY,NO DEFECTS,ON SCENE,NO INJURY / DRIVE AWAY,,,,"$501 - $1,500",7/30/2023 9:46,UNABLE TO DETERMINE,NOT APPLICABLE,42,W,OHIO ST,1832,,,,,,,2,NO INDICATION OF INJURY,0,0,0,0,0,2,0,9,1,7,41.89255832,-87.62959738,POINT (-87.629597377088 41.892558321003)
8ac899ebb0a48c8ad1e57f962f049de1aa975468d1458f74c5d8250831303cb8d457ea078dc3ce5f57bf2f97c9dba813338fb65ef36d368a2a345a7a021a562e,,,7/30/2023 3:35,30,TRAFFIC SIGNAL,FUNCTIONING PROPERLY,CLEAR,"DARKNESS, LIGHTED ROAD",ANGLE,T-INTERSECTION,,STRAIGHT AND LEVEL,DRY,NO DEFECTS,ON SCENE,INJURY AND / OR TOW DUE TO CRASH,Y,,,"OVER $1,500",7/30/2023 3:49,DISREGARDING TRAFFIC SIGNALS,FAILING TO REDUCE SPEED TO AVOID CRASH,6700,S,PULASKI RD,833,,Y,,,,,2,INCAPACITATING INJURY,2,0,1,1,0,0,0,3,1,7,41.77132587,-87.72272138,POINT (-87.722721377294 41.771325865209)
dd50a3dc9a0e46715212e6d0a448483d4847ef14cdcf1eb9ac0cd5f5f04a482b885bf21cdef3debbe9e6622594861b538867eb3635871641267198c2cf46eae3,,,7/29/2023 17:55,30,TRAFFIC SIGNAL,FUNCTIONING PROPERLY,CLEAR,DAYLIGHT,TURNING,DIVIDED - W/MEDIAN (NOT RAISED),,STRAIGHT AND LEVEL,DRY,NO DEFECTS,NOT ON SCENE (DESK REPORT),NO INJURY / DRIVE AWAY,,,,"OVER $1,500",7/30/2023 9:05,IMPROPER TURNING/NO SIGNAL,FAILING TO YIELD RIGHT-OF-WAY,3535,N,CENTRAL AVE,1633,,,,,,,2,NO INDICATION OF INJURY,0,0,0,0,0,2,0,17,7,7,41.94512985,-87.7665839,POINT (-87.766583903718 41.945129848134)
b83dfa3045e560e7fceb6c6e672a64d826ed985c00c4f2abf1f38cae872c6c2a162d282c6f131d01c961efe9501fd9079e1bf68ce196d1e511ce0c1e6942e2d7,,,7/30/2023 14:25,30,TRAFFIC SIGNAL,UNKNOWN,CLEAR,DAYLIGHT,PARKED MOTOR VEHICLE,NOT DIVIDED,,STRAIGHT AND LEVEL,DRY,UNKNOWN,ON SCENE,NO INJURY / DRIVE AWAY,,,Y,"$501 - $1,500",7/30/2023 14:34,UNABLE TO DETERMINE,UNABLE TO DETERMINE,4831,N,KIMBALL AVE,1713,,,,,,,2,NO INDICATION OF INJURY,0,0,0,0,0,1,0,14,1,7,41.96934247,-87.71324391,POINT (-87.713243912231 41.969342466387)
d807afd028d8f30ae435da2797ff22d61e62de00b207b2348bd91155002f6e471bb90e804be2e91293a6fefcc2d8056033aa8ab51ce15afc6977690e046c0aca,,,7/30/2023 14:00,30,UNKNOWN,UNKNOWN,UNKNOWN,UNKNOWN,PARKED MOTOR VEHICLE,NOT DIVIDED,,STRAIGHT AND LEVEL,UNKNOWN,UNKNOWN,NOT ON SCENE (DESK REPORT),NO INJURY / DRIVE AWAY,,,,"OVER $1,500",7/30/2023 15:00,IMPROPER BACKING,UNABLE TO DETERMINE,1237,N,MILWAUKEE AVE,1433,,,,,,,2,NO INDICATION OF INJURY,0,0,0,0,0,2,0,14,1,7,41.90425997,-87.66766476,POINT (-87.667664756135 41.904259964741)
7e1fba7f03bd3874e45e2d0bd89ae356067fb009432d6b535adf6288faae186b4499537af23943428a9389359241344fa1a7676736e42a008873716a479dda95,,,7/30/2023 15:31,30,NO CONTROLS,NO CONTROLS,CLEAR,DAYLIGHT,PEDESTRIAN,OTHER,,STRAIGHT AND LEVEL,DRY,NO DEFECTS,ON SCENE,INJURY AND / OR TOW DUE TO CRASH,,,,"OVER $1,500",7/30/2023 15:31,UNABLE TO DETERMINE,NOT APPLICABLE,24,E,ROOSEVELT RD,123,,Y,,,,,3,INCAPACITATING INJURY,1,0,1,0,0,2,0,15,1,7,41.86753796,-87.62629227,POINT (-87.626292272035 41.867537962097)
0ded49c42c476b1bbc4b6cee7d75e4adeede4c9412e14fccb496113c9fa8ab239f1dc6f28980aea20317b61dd86acea002980df6ab8d2b376952f5893cb7cfa8,,,7/26/2023 10:30,30,UNKNOWN,UNKNOWN,UNKNOWN,UNKNOWN,PARKED MOTOR VEHICLE,UNKNOWN,,STRAIGHT AND LEVEL,UNKNOWN,UNKNOWN,NOT ON SCENE (DESK REPORT),NO INJURY / DRIVE AWAY,,,,"OVER $1,500",7/30/2023 16:25,UNABLE TO DETERMINE,NOT APPLICABLE,807,W,RANDOLPH ST,1224,,,,,,,2,NO INDICATION OF INJURY,0,0,0,0,0,1,0,10,4,7,41.88429233,-87.64775423,POINT (-87.647754227928 41.884292331301)
4e513ef1e47a49cfb83409453ad7b5d46e55bd744854facbe843352a2b097b1093adc92ba56d8fe8257675e895f65ea640a614ffaeec9b38db4f12da9691d1e3,,,7/30/2023 18:30,15,NO CONTROLS,NO CONTROLS,CLEAR,DAYLIGHT,REAR TO FRONT,NOT DIVIDED,,STRAIGHT AND LEVEL,DRY,NO DEFECTS,NOT ON SCENE (DESK REPORT),NO INJURY / DRIVE AWAY,,,,"OVER $1,500",7/30/2023 19:00,UNABLE TO DETERMINE,NOT APPLICABLE,2315,W,LE MOYNE ST,1424,,,,,,,2,NO INDICATION OF INJURY,0,0,0,0,0,4,0,18,1,7,41.90840638,-87.68543081,POINT (-87.685430810771 41.908406377412)
f8cefcf9c04c32a9412e0876e277883890dff739624b78e3ccf6e371754308f4f10823c04dbdae1a1894c62b4f8ad3d66d2d2753e85e9615834e3a79d4afb002,,Y,7/27/2023 21:00,30,NO CONTROLS,NO CONTROLS,RAIN,DAYLIGHT,PARKED MOTOR VEHICLE,ONE-WAY,,STRAIGHT AND LEVEL,WET,UNKNOWN,ON SCENE,NO INJURY / DRIVE AWAY,,,Y,"OVER $1,500",7/28/2023 10:35,DRIVING SKILLS/KNOWLEDGE/EXPERIENCE,DRIVING SKILLS/KNOWLEDGE/EXPERIENCE,1623,S,DRAKE AVE,1021,,,,,,,2,NO INDICATION OF INJURY,0,0,0,0,0,1,0,21,5,7,41.85827436,-87.71382255,POINT (-87.713822551694 41.858274356958)
6824e087be27c93e6af0cc0fd724497321cc2484160a6b236d54b7d1a00854401444a902e48af4958f0421f328ac645ad271cb82502673de3ff01069d53658df,,,7/29/2023 18:15,30,TRAFFIC SIGNAL,FUNCTIONING PROPERLY,CLEAR,DAYLIGHT,REAR END,NOT DIVIDED,,STRAIGHT AND LEVEL,DRY,NO DEFECTS,NOT ON SCENE (DESK REPORT),NO INJURY / DRIVE AWAY,,,,"$501 - $1,500",7/29/2023 19:30,FOLLOWING TOO CLOSELY,FOLLOWING TOO CLOSELY,1600,S,MICHIGAN AVE,131,,,,,,,2,NO INDICATION OF INJURY,0,0,0,0,0,4,0,18,7,7,41.8601681,-87.62413318,POINT (-87.624133183777 41.860168098401)
88640586004be1eaa01159456e6e9a472d54dbdf46bb7dddf30ab62188c5a0a0f1e6ebeff63d47f2ecbfa2aeec2aa14ba3cbdf016e870049837dd067d9542cf7,,,7/30/2023 14:38,30,NO CONTROLS,NO CONTROLS,CLEAR,DAYLIGHT,PARKED MOTOR VEHICLE,ALLEY,,STRAIGHT AND LEVEL,DRY,NO DEFECTS,NOT ON SCENE (DESK REPORT),NO INJURY / DRIVE AWAY,,,,"OVER $1,500",7/30/2023 16:00,UNABLE TO DETERMINE,NOT APPLICABLE,7838,S,COTTAGE GROVE AVE,624,,,,,,,2,NO INDICATION OF INJURY,0,0,0,0,0,2,0,14,1,7,41.7519405,-87.60536808,POINT (-87.605368081793 41.751940503348)
82b5ad929c58537c493f7d3ee5c08c08e1af761dd74a97911e392dd0ba12ddae3ffb0ff325acd2be354c61db9abc41962f58ca420436503c1d8cb2fc3f498c83,,,7/30/2023 16:00,30,STOP SIGN/FLASHER,FUNCTIONING PROPERLY,CLEAR,DAYLIGHT,TURNING,FOUR WAY,,STRAIGHT AND LEVEL,DRY,UNKNOWN,NOT ON SCENE (DESK REPORT),NO INJURY / DRIVE AWAY,,,,"OVER $1,500",7/30/2023 17:50,FAILING TO YIELD RIGHT-OF-WAY,FAILING TO YIELD RIGHT-OF-WAY,7200,S,KEDZIE AVE,831,,,,,,,2,NO INDICATION OF INJURY,0,0,0,0,0,2,0,16,1,7,41.76246372,-87.70290451,POINT (-87.702904513708 41.76246372415)
586a1f72846cd2044d9bc0ed4e56860a82b4013c40d40b7b34b90892b7b59cb22777c7ac25e849ce6d0840bb6e687122453d8317dd7fca163b2fe791f6cb57bd,,,7/30/2023 16:21,45,NO CONTROLS,NO CONTROLS,CLEAR,DAYLIGHT,SIDESWIPE SAME DIRECTION,DIVIDED - W/MEDIAN BARRIER,,STRAIGHT AND LEVEL,DRY,NO DEFECTS,NOT ON SCENE (DESK REPORT),NO INJURY / DRIVE AWAY,,,,$500 OR LESS,7/30/2023 17:08,FAILING TO YIELD RIGHT-OF-WAY,UNABLE TO DETERMINE,1600,S,LAKE SHORE DR NB,132,,,,,,,2,NO INDICATION OF INJURY,0,0,0,0,0,4,0,16,1,7,41.8602209,-87.61794334,POINT (-87.617943335642 41.860220895539)
26591f6674ad95c4455f8e38df092f060bb3a190b6f788ff64290139b9006bafecb6ac86e09d13c421e49ff43c73af0efa9fc9982f21cd0b1baa477c81aae48c,,,7/30/2023 14:00,30,NO CONTROLS,NO CONTROLS,CLEAR,DAYLIGHT,PARKED MOTOR VEHICLE,PARKING LOT,,STRAIGHT AND LEVEL,UNKNOWN,UNKNOWN,NOT ON SCENE (DESK REPORT),NO INJURY / DRIVE AWAY,,,,"OVER $1,500",7/30/2023 16:00,UNABLE TO DETERMINE,NOT APPLICABLE,400,N,RUSH ST,1834,,,,,,,2,NO INDICATION OF INJURY,0,0,0,0,0,1,0,14,1,7,41.88929443,-87.62543475,POINT (-87.625434753001 41.889294425456)
1c5b018c65a9349cea580bdada676cf25df2aa7e148322680aa51c091069dd9cc0a5e8ad4c7184a81d675079731a60f6acba45ee323d2b70d14780e7150a5380,,,7/30/2023 13:40,10,NO CONTROLS,NO CONTROLS,CLEAR,DAYLIGHT,ANGLE,PARKING LOT,,STRAIGHT AND LEVEL,DRY,NO DEFECTS,NOT ON SCENE (DESK REPORT),NO INJURY / DRIVE AWAY,,,,"$501 - $1,500",7/30/2023 14:14,FAILING TO YIELD RIGHT-OF-WAY,NOT APPLICABLE,3600,W,59TH ST,822,,,,,,,2,NO INDICATION OF INJURY,0,0,0,0,0,4,0,13,1,7,41.78619655,-87.71348942,POINT (-87.713489421846 41.786196544925)
ad67a343c9a10d10c766803cb1bea591611040b9d5d051d221dab783eee7001dfe086aeb83f0d89ef8b9093c4b2530e70d5b4d9c3c6f776c49c5605e0e17eb46,,,7/28/2023 14:00,30,STOP SIGN/FLASHER,FUNCTIONING PROPERLY,CLEAR,DAYLIGHT,PEDALCYCLIST,DIVIDED - W/MEDIAN (NOT RAISED),,STRAIGHT AND LEVEL,DRY,NO DEFECTS,NOT ON SCENE (DESK REPORT),INJURY AND / OR TOW DUE TO CRASH,,,N,$500 OR LESS,7/30/2023 13:40,UNABLE TO DETERMINE,NOT APPLICABLE,2528,E,87TH ST,423,,,,,,,2,"REPORTED, NOT EVIDENT",1,0,0,0,1,1,0,14,6,7,41.73735191,-87.56246141,POINT (-87.562461414167 41.737351906569)
707aa96b92344590ded5e052ac8ed0258a8126eb7663c78866af3c102f4b010e849aec4d27f744bbfecffafedb7b741966798ba0e9db68471883bcd6225b5dca,,,7/30/2023 12:00,30,TRAFFIC SIGNAL,FUNCTIONING PROPERLY,CLEAR,DAYLIGHT,REAR END,NOT DIVIDED,,STRAIGHT AND LEVEL,DRY,NO DEFECTS,NOT ON SCENE (DESK REPORT),NO INJURY / DRIVE AWAY,,,Y,"OVER $1,500",7/30/2023 12:20,NOT APPLICABLE,NOT APPLICABLE,1600,E,95TH ST,413,,,,,,,2,NO INDICATION OF INJURY,0,0,0,0,0,2,0,12,1,7,41.72244946,-87.58500357,POINT (-87.585003569109 41.722449457011)
73dbf8bd033c7d5890bc8196f22fe259644146c1cff0d10c30130f903d3d25bacd4433a6cc5fbb53250f668b5bf1e25e58c95d34f6109aad0d08aed851c53342,,Y,7/28/2023 21:40,20,NO CONTROLS,NO CONTROLS,RAIN,"DARKNESS, LIGHTED ROAD",REAR END,DIVIDED - W/MEDIAN (NOT RAISED),,STRAIGHT AND LEVEL,WET,NO DEFECTS,NOT ON SCENE (DESK REPORT),NO INJURY / DRIVE AWAY,,,,"OVER $1,500",7/30/2023 11:00,NOT APPLICABLE,NOT APPLICABLE,720,S,MICHIGAN AVE,123,,,,,,,2,NO INDICATION OF INJURY,0,0,0,0,0,5,0,21,6,7,41.87279887,-87.62433781,POINT (-87.62433781031 41.872798869355)
b2e02a66ca6d3390a32c947812a9a3f2400a2691499b539253d266dbb0e783aa61e386e408dfd7164892a1be7d5b86a94b53006225e43ae63cd45c78afdf7e22,,,7/29/2023 13:15,30,STOP SIGN/FLASHER,FUNCTIONING PROPERLY,CLEAR,DAYLIGHT,ANGLE,NOT DIVIDED,,STRAIGHT AND LEVEL,DRY,NO DEFECTS,NOT ON SCENE (DESK REPORT),NO INJURY / DRIVE AWAY,,,,"$501 - $1,500",7/29/2023 16:35,FAILING TO YIELD RIGHT-OF-WAY,NOT APPLICABLE,2899,N,CENTRAL AVE,2514,,,,,,,2,NO INDICATION OF INJURY,0,0,0,0,0,3,0,13,7,7,41.93301173,-87.76615983,POINT (-87.766159831288 41.933011727101)
cea9f4ace3d48ef0de37e90124c68de3c27476006e8e84aafee994a3020b8f9d13c4a8a0bde1c8606e352643d05dfca0a71c23cf4f40d58668f3b2f2bc774af1,,,7/30/2023 14:55,30,NO CONTROLS,NO CONTROLS,CLEAR,DAYLIGHT,TURNING,NOT DIVIDED,,STRAIGHT AND LEVEL,DRY,NO DEFECTS,ON SCENE,INJURY AND / OR TOW DUE TO CRASH,,,,"OVER $1,500",7/30/2023 14:55,FAILING TO YIELD RIGHT-OF-WAY,NOT APPLICABLE,5428,N,PULASKI RD,1712,,,,,,,2,NONINCAPACITATING INJURY,3,0,0,3,0,4,0,14,1,7,41.98003607,-87.72850441,POINT (-87.728504407744 41.980036067244)
8da2f1ee022f84c85059182fbdb5cc3a98d55e2338d0ac7516bb651ea32b8a1223a02aa7bf232d3ae879753bb1f27ece0e6fa889ac49aaaa66117f732e673c09,,,7/30/2023 3:38,30,TRAFFIC SIGNAL,FUNCTIONING PROPERLY,CLEAR,"DARKNESS, LIGHTED ROAD",FIXED OBJECT,FOUR WAY,,STRAIGHT AND LEVEL,DRY,NO DEFECTS,ON SCENE,INJURY AND / OR TOW DUE TO CRASH,,,,"OVER $1,500",7/30/2023 3:40,UNABLE TO DETERMINE,NOT APPLICABLE,4000,W,JACKSON BLVD,1115,,,,,,,1,NO INDICATION OF INJURY,0,0,0,0,0,1,0,3,1,7,41.87719545,-87.72567131,POINT (-87.725671311272 41.877195446606)
da6585399b893f287d30e177741093c90871a4dd354d756ac022cff857a9743c1d7d7f2056c7a936567b8fd6d3d82e9670ca8debea3876bb47425f5cd13c5438,,,7/30/2023 1:20,35,NO CONTROLS,NO CONTROLS,CLEAR,"DARKNESS, LIGHTED ROAD",PARKED MOTOR VEHICLE,NOT DIVIDED,,STRAIGHT AND LEVEL,DRY,NO DEFECTS,ON SCENE,INJURY AND / OR TOW DUE TO CRASH,,,,"OVER $1,500",7/30/2023 1:24,DISTRACTION - FROM OUTSIDE VEHICLE,NOT APPLICABLE,4012,S,KEDZIE AVE,821,,,,,,,2,NO INDICATION OF INJURY,0,0,0,0,0,1,0,1,1,7,41.82033677,-87.70459955,POINT (-87.704599551837 41.820336767418)
e49d0de8bb51e01764ce05ba2723d72f26e478b2ed55cdf3287bad401f95b156025e48e63904b4644dd114ea13862e1bc7687390886be0fbb1deaca5791228c6,,,7/30/2023 0:25,30,NO CONTROLS,NO CONTROLS,CLEAR,DARKNESS,PARKED MOTOR VEHICLE,NOT DIVIDED,,STRAIGHT AND LEVEL,DRY,NO DEFECTS,ON SCENE,NO INJURY / DRIVE AWAY,,,Y,"OVER $1,500",7/30/2023 0:30,NOT APPLICABLE,NOT APPLICABLE,1909,W,DIVISION ST,1212,,,,,,,2,NO INDICATION OF INJURY,0,0,0,0,0,1,0,0,1,7,41.90311494,-87.6752169,POINT (-87.675216900214 41.903114936709)
1347ad5784b68482c3221716ed88189bc2ed2278f0f545519f113a900f93d2e85e7dc810e5378713638613d21021906588ba01f4900269fdb074f8a334062670,,,7/29/2023 13:20,30,TRAFFIC SIGNAL,FUNCTIONING PROPERLY,CLEAR,DAYLIGHT,SIDESWIPE SAME DIRECTION,DIVIDED - W/MEDIAN BARRIER,,STRAIGHT AND LEVEL,DRY,NO DEFECTS,NOT ON SCENE (DESK REPORT),NO INJURY / DRIVE AWAY,,,,"$501 - $1,500",7/29/2023 13:20,IMPROPER OVERTAKING/PASSING,IMPROPER OVERTAKING/PASSING,624,S,WABASH AVE,123,,,,,,,2,NO INDICATION OF INJURY,0,0,0,0,0,3,0,13,7,7,41.87386461,-87.62613041,POINT (-87.626130407897 41.873864614203)
4e770b2b9db1de7b6a5a38bbb80b260e9769f6b908370a117bed8d972fc617afd675e09e46374c11a47add6eb89d73487aed9157566c4f98d1baadfb6a4a3d8c,JG342416,,7/15/2023 17:10,30,NO CONTROLS,NO CONTROLS,CLEAR,DAYLIGHT,HEAD ON,DIVIDED - W/MEDIAN BARRIER,,STRAIGHT AND LEVEL,DRY,NO DEFECTS,ON SCENE,NO INJURY / DRIVE AWAY,,,,"OVER $1,500",7/15/2023 17:15,DRIVING SKILLS/KNOWLEDGE/EXPERIENCE,UNABLE TO DETERMINE,2532,W,26TH ST,1034,,,,,,,2,NO INDICATION OF INJURY,0,0,0,0,0,2,0,17,7,7,41.84488621,-87.68908128,POINT (-87.68908127716 41.844886208159)
f96d730d46d8d8e6feb364e4744920fef216f910b6355cd7625c7c460d24d3f143868878f3409e0ba057f2f9f9bd52f1b27d5a4cad53b2ebde8c4a96a20ad1cc,,,7/30/2023 13:55,30,NO CONTROLS,NO CONTROLS,CLEAR,DAYLIGHT,TURNING,NOT DIVIDED,,STRAIGHT AND LEVEL,DRY,NO DEFECTS,NOT ON SCENE (DESK REPORT),NO INJURY / DRIVE AWAY,,,,"$501 - $1,500",7/30/2023 15:58,IMPROPER OVERTAKING/PASSING,NOT APPLICABLE,1000,W,18TH ST,1235,,,,,,,2,NO INDICATION OF INJURY,0,0,0,0,0,3,0,13,1,7,41.85813113,-87.65160263,POINT (-87.651602631127 41.858131126798)
d7c1b6d28d56b60e209d3466dce6194df524aa9d3ad4f1ae8175b5d96fcb95af3d6beb0515ed0bfceac9819ddcb43e87928c54fbd549562c2438e258498bc1bd,,,7/30/2023 8:37,30,TRAFFIC SIGNAL,FUNCTIONING PROPERLY,CLEAR,DAYLIGHT,ANGLE,NOT DIVIDED,,STRAIGHT AND LEVEL,DRY,NO DEFECTS,NOT ON SCENE (DESK REPORT),NO INJURY / DRIVE AWAY,,,,"OVER $1,500",7/30/2023 10:29,UNABLE TO DETERMINE,NOT APPLICABLE,1032,N,HOMAN AVE,1121,,,,,,,2,NO INDICATION OF INJURY,0,0,0,0,0,2,0,8,1,7,41.90020578,-87.71157689,POINT (-87.711576892748 41.900205777923)
339e266d4fb4925d5cfe8f8bf0ca6a7a824bff1d1784f7862bc927efa42af540222547ee5b32c6d0b191428b70eebad9ee875abfaa166709897d0a88ddb60567,,,7/30/2023 19:39,30,YIELD,UNKNOWN,CLEAR,DAYLIGHT,REAR TO SIDE,FOUR WAY,,STRAIGHT AND LEVEL,DRY,NO DEFECTS,ON SCENE,INJURY AND / OR TOW DUE TO CRASH,,,,"OVER $1,500",7/30/2023 19:44,FAILING TO YIELD RIGHT-OF-WAY,NOT APPLICABLE,3705,N,KEDZIE AVE,1733,,,,,,,2,NONINCAPACITATING INJURY,2,0,0,2,0,2,0,19,1,7,41.9486593,-87.70772923,POINT (-87.707729229607 41.948659303388)
fef1ddfb7a2284386a1beab78c4301c54c9f8a270744c582e5b7a79bdf0a2502139be00d6023584a59608279d752870380c57964ab6c5fe3a9f8177e0ddbbe34,,,7/30/2023 2:02,30,NO CONTROLS,NO CONTROLS,CLEAR,"DARKNESS, LIGHTED ROAD",PARKED MOTOR VEHICLE,ONE-WAY,,STRAIGHT AND LEVEL,DRY,NO DEFECTS,ON SCENE,NO INJURY / DRIVE AWAY,,,N,"OVER $1,500",7/30/2023 2:02,UNABLE TO DETERMINE,UNABLE TO DETERMINE,11326,S,AVENUE N,433,,,,,,,2,NO INDICATION OF INJURY,0,0,0,0,0,1,0,2,1,7,41.68921423,-87.53904786,POINT (-87.539047858136 41.689214231447)
1a5276302cb15ad6b8d34cc837967a4d16bc44b0af4d21ad219b4df0fab685df9d48ce9964e20466f18980d7343cbb0acfbe840dd784f82c5114fa06f7724294,,,7/30/2023 0:38,30,NO CONTROLS,NO CONTROLS,CLEAR,"DARKNESS, LIGHTED ROAD",SIDESWIPE OPPOSITE DIRECTION,NOT DIVIDED,,STRAIGHT AND LEVEL,DRY,NO DEFECTS,ON SCENE,INJURY AND / OR TOW DUE TO CRASH,,,,"OVER $1,500",7/30/2023 0:38,UNABLE TO DETERMINE,NOT APPLICABLE,1099,W,MARQUETTE RD,724,,,,,,,2,NO INDICATION OF INJURY,0,0,0,0,0,2,0,0,1,7,41.77226002,-87.65181872,POINT (-87.651818720024 41.772260016741)
ae4b4a9e5be1820eac1ba97a110db2daad2c7ec5ecfa18a3ca7b49ac0f18d28d77c726fc44811dde9c2c9ba4f8d4c99f5ddce1e1a676def0f3abf8ae3cf19c43,,,7/28/2023 18:15,30,NO CONTROLS,NO CONTROLS,CLEAR,"DARKNESS, LIGHTED ROAD",PARKED MOTOR VEHICLE,NOT DIVIDED,,STRAIGHT AND LEVEL,DRY,NO DEFECTS,NOT ON SCENE (DESK REPORT),NO INJURY / DRIVE AWAY,,,Y,"OVER $1,500",7/28/2023 21:00,UNABLE TO DETERMINE,NOT APPLICABLE,1401,S,STATE ST,131,,,,,,,2,NO INDICATION OF INJURY,0,0,0,0,0,1,0,18,6,7,41.86397298,-87.62719414,POINT (-87.627194135949 41.863972979749)
6138714ef6d220a63263bea2f3d54b40b522816bb58ff562026a69e5731228a8430a2a896c3e4e662bcc2fbf65c9fc8118d5ca62436df2f899519b42a926bd11,,,7/30/2023 5:15,30,TRAFFIC SIGNAL,FUNCTIONING PROPERLY,CLEAR,DAWN,TURNING,FOUR WAY,,STRAIGHT AND LEVEL,DRY,NO DEFECTS,NOT ON SCENE (DESK REPORT),NO INJURY / DRIVE AWAY,,,Y,"$501 - $1,500",7/30/2023 5:45,DRIVING SKILLS/KNOWLEDGE/EXPERIENCE,IMPROPER TURNING/NO SIGNAL,1113,W,CHICAGO AVE,1215,,,,,,,2,NO INDICATION OF INJURY,0,0,0,0,0,2,0,5,1,7,41.89614823,-87.65590893,POINT (-87.655908933287 41.896148234383)
493079df4b551ca88c2aa9acdb77bc31ba1a56d1439e49933bafda82f05ef50a3aac2fc25f81c5f1c5eab3d99247b719c74380653e10a4b6fffbcec1e1d9cf98,,,7/30/2023 1:32,30,STOP SIGN/FLASHER,UNKNOWN,UNKNOWN,UNKNOWN,TURNING,NOT DIVIDED,,STRAIGHT AND LEVEL,UNKNOWN,UNKNOWN,NOT ON SCENE (DESK REPORT),NO INJURY / DRIVE AWAY,,,Y,"OVER $1,500",7/30/2023 3:30,DRIVING ON WRONG SIDE/WRONG WAY,UNABLE TO DETERMINE,1629,W,CHELSEA PL,2212,,,,,,,2,NO INDICATION OF INJURY,0,0,0,0,0,2,0,1,1,7,41.69276018,-87.66282123,POINT (-87.662821227595 41.692760178692)