CRASH_RECORD_ID,RD_NO,CRASH_DATE_EST_I,CRASH_DATE,POSTED_SPEED_LIMIT,TRAFFIC_CONTROL_DEVICE,DEVICE_CONDITION,WEATHER_CONDITION,LIGHTING_CONDITION,FIRST_CRASH_TYPE,TRAFFICWAY_TYPE,LANE_CNT,ALIGNMENT,ROADWAY_SURFACE_COND,ROAD_DEFECT,REPORT_TYPE,CRASH_TYPE,INTERSECTION_RELATED_I,NOT_RIGHT_OF_WAY_I,HIT_AND_RUN_I,DAMAGE,DATE_POLICE_NOTIFIED,PRIM_CONTRIBUTORY_CAUSE,SEC_CONTRIBUTORY_CAUSE,STREET_NO,STREET_DIRECTION,STREET_NAME,BEAT_OF_OCCURRENCE,PHOTOS_TAKEN_I,STATEMENTS_TAKEN_I,DOORING_I,WORK_ZONE_I,WORK_ZONE_TYPE,WORKERS_PRESENT_I,NUM_UNITS,MOST_SEVERE_INJURY,INJURIES_TOTAL,INJURIES_FATAL,INJURIES_INCAPACITATING,INJURIES_NON_INCAPACITATING,INJURIES_REPORTED_NOT_EVIDENT,INJURIES_NO_INDICATION,INJURIES_UNKNOWN,CRASH_HOUR,CRASH_DAY_OF_WEEK,CRASH_MONTH,LATITUDE,LONGITUDE,LOCATION
f565694a57ee3445b0b6fb2e145b69e548afed08b19486cf984a9b21703fb7bbeb8b05481698bed99cfafe3865a03e41d8254427d36a218c47ab9cb5081d7a8f,,,7/30/2023 8:48,30,NO CONTROLS,NO CONTROLS,CLEAR,DAYLIGHT,TURNING,FOUR WAY,,STRAIGHT AND LEVEL,DRY,NO DEFECTS,ON SCENE,INJURY AND / OR TOW DUE TO CRASH,Y,,,"OVER $1,500",7/30/2023 8:49,FAILING TO YIELD RIGHT-OF-WAY,UNABLE TO DETERMINE,4031,W,26TH ST,1031,,,,,,,2,NO INDICATION OF INJURY,0,0,0,0,0,3,0,8,1,7,41.8441272,-87.72569966,POINT (-87.725699657868 41.844127203465)
44e8597dda4666f1e7d09919826bb1b01cf58969fcad2f8853c630d50bbe207d4c4c8a98a47eb9b0eca84ad14a0dacdfcf4baf40846978cbc2561cbedcec6632,,Y,7/30/2023 1:00,25,NO CONTROLS,NO CONTROLS,UNKNOWN,"DARKNESS, LIGHTED ROAD",PARKED MOTOR VEHICLE,NOT DIVIDED,,STRAIGHT AND LEVEL,UNKNOWN,NO DEFECTS,ON SCENE,INJURY AND / OR TOW DUE TO CRASH,,,Y,"OVER $1,500",7/30/2023 9:53,UNABLE TO DETERMINE,UNABLE TO DETERMINE,3148,W,ROSEMONT AVE,2413,,,,,,,2,NO INDICATION OF INJURY,0,0,0,0,0,1,0,1,1,7,41.99574294,-87.70881499,POINT (-87.708814986461 41.99574294083)
c55a236dba811ae8a8108b18678df04063775ac723f4cb90dad84bc34bbb79d446537639f79a07fa233b6961defc8d2bb4e765c332385412732ed82c079ba46b,,,7/21/2023 18:43,30,TRAFFIC SIGNAL,FUNCTIONING PROPERLY,CLEAR,DAYLIGHT,PEDESTRIAN,NOT DIVIDED,,STRAIGHT AND LEVEL,DRY,NO DEFECTS,ON SCENE,INJURY AND / OR TOW DUE TO CRASH,Y,,Y,"OVER $1,500",7/21/2023 18:43,FAILING TO REDUCE SPEED TO AVOID CRASH,FOLLOWING TOO CLOSELY,1088,N,HOMAN AVE,1121,,,,,,,2,NONINCAPACITATING INJURY,1,0,0,1,0,1,0,18,6,7,41.90096024,-87.71176416,POINT (-87.711764156794 41.900960243856)
7ea988ec004efce6e14d7d3c1796f0efa4002da8591b5869f8562b6c2060277bd99cb3833ce2aa1bec545bb90ffc0d39d704cad5d0eb9f5fd4bb93693dc412b2,,,7/30/2023 3:00,25,STOP SIGN/FLASHER,FUNCTIONING PROPERLY,CLEAR,DAYLIGHT,FIXED OBJECT,ONE-WAY,,STRAIGHT AND LEVEL,DRY,NO DEFECTS,ON SCENE,INJURY AND / OR TOW DUE TO CRASH,,,,"OVER $1,500",7/30/2023 8:08,UNABLE TO DETERMINE,UNABLE TO DETERMINE,5400,W,THOMAS ST,1524,,,,,,,1,NO INDICATION OF INJURY,0,0,0,0,0,1,0,3,1,7,41.90047524,-87.76098079,POINT (-87.760980791677 41.900475238633)
070c4803f319a8500150479007bbdde2e4fa1e2280aee94ba28d67664fcecbc6b5478beed174763e60381a6e941c476479efc5fe7157fbbc97888bd0a4d08c14,,,7/30/2023 5:08,30,TRAFFIC SIGNAL,FUNCTIONING PROPERLY,CLEAR,DAWN,ANGLE,FOUR WAY,,STRAIGHT AND LEVEL,DRY,NO DEFECTS,ON SCENE,INJURY AND / OR TOW DUE TO CRASH,Y,,Y,"OVER $1,500",7/30/2023 5:08,FAILING TO YIELD RIGHT-OF-WAY,NOT APPLICABLE,2799,W,DIVERSEY AVE,1411,,,,,,,2,"REPORTED, NOT EVIDENT",1,0,0,0,1,1,0,5,1,7,41.93198596,-87.69755673,POINT (-87.697556729954 41.931985955206)
9094ec0f02b14fd9066360d408ed95a1346ac9dbb7bf7194c0e32f26cda05d33941b97045fb8d5776869599217db3c4147bc4acbaf95b5b56acfb36e25d25285,,N,7/29/2023 22:30,30,NO CONTROLS,UNKNOWN,CLEAR,"DARKNESS, LIGHTED ROAD",FIXED OBJECT,ONE-WAY,,STRAIGHT AND LEVEL,DRY,UNKNOWN,ON SCENE,INJURY AND / OR TOW DUE TO CRASH,,,,"OVER $1,500",7/29/2023 23:40,UNABLE TO DETERMINE,NOT APPLICABLE,9458,S,LANGLEY AVE,633,,,,,,,1,,,,,,,,,22,7,7,41.72207705,-87.60704187,POINT (-87.607041870195 41.722077053485)
eebb32c1014ed2e92f837fb036591f46893df210646e5d980d8fc5f39c880dc85ecbbcc4ea91afe82cec891fb8aecaa8e41ef532e008c61c3bb8e115a22a195b,,,7/27/2023 11:00,30,STOP SIGN/FLASHER,NO CONTROLS,CLEAR,DAYLIGHT,REAR TO SIDE,FOUR WAY,,STRAIGHT AND LEVEL,DRY,NO DEFECTS,,NO INJURY / DRIVE AWAY,,,,"OVER $1,500",7/27/2023 15:45,FAILING TO YIELD RIGHT-OF-WAY,FAILING TO YIELD RIGHT-OF-WAY,4346,W,HADDON AVE,1111,,,,,,,2,NO INDICATION OF INJURY,0,0,0,0,0,2,0,11,5,7,41.901718,-87.73554133,POINT (-87.735541332825 41.901718000849)
74ea9bc39bc63c84bf38a2bab1fa571203162ffa0a0036c5e1b4f8dab70ac0de96cc0550025f49f7635285a8032cbc96180d7992775085cec0e8b79d215c69ba,,Y,7/30/2023 4:30,30,NO CONTROLS,NO CONTROLS,CLEAR,DAYLIGHT,PARKED MOTOR VEHICLE,NOT DIVIDED,,STRAIGHT AND LEVEL,DRY,NO DEFECTS,ON SCENE,INJURY AND / OR TOW DUE TO CRASH,,,,"OVER $1,500",7/30/2023 7:31,UNABLE TO DETERMINE,NOT APPLICABLE,5819,W,NORTH AVE,2531,,,,,,,2,INCAPACITATING INJURY,1,0,1,0,0,0,0,4,1,7,41.90919458,-87.77157384,POINT (-87.771573842755 41.909194584285)
9ae7025ced3b74959c83aab81aec2cb20d38b22dba0e41e5f7c8f5d8c51159176e402508e2d0115f84bd5965ff4d8cc7303982990e4633e811cabab629412b47,,,7/23/2023 14:35,30,NO CONTROLS,NO CONTROLS,CLEAR,DAYLIGHT,REAR END,NOT DIVIDED,,STRAIGHT AND LEVEL,DRY,NO DEFECTS,NOT ON SCENE (DESK REPORT),NO INJURY / DRIVE AWAY,,,,"OVER $1,500",7/24/2023 18:30,UNABLE TO DETERMINE,NOT APPLICABLE,1317,N,MILWAUKEE AVE,1433,,,,,,,2,NO INDICATION OF INJURY,0,0,0,0,0,2,0,14,1,7,41.90570563,-87.66992733,POINT (-87.669927330113 41.905705628071)
9640f62017e1b160dabca4974038dc912380ae4b2f85075353fb6368baa44529effcb1e92e7598cea05ab75fdb73c221ba957d28a96201b22ad2730586d31cd7,,,7/19/2023 18:45,20,NO CONTROLS,NO CONTROLS,CLEAR,DAYLIGHT,PARKED MOTOR VEHICLE,ONE-WAY,,STRAIGHT AND LEVEL,DRY,NO DEFECTS,ON SCENE,NO INJURY / DRIVE AWAY,,,Y,"OVER $1,500",7/19/2023 19:00,UNABLE TO DETERMINE,NOT APPLICABLE,6300,N,CLAREMONT AVE,2413,,,,,,,2,NO INDICATION OF INJURY,0,0,0,0,0,1,0,18,4,7,41.99602033,-87.68875655,POINT (-87.688756551769 41.996020330905)
fc8add94892a9e33fd85e63fb9bc8d678d7aec8225484d0e317d5865cd1d790941a74a2d55f7b5cbf87cce32a9b9c5bcb5b51b289e7676a991a46ef6b1645954,,,7/20/2023 14:00,35,NO CONTROLS,NO CONTROLS,CLEAR,DAYLIGHT,PARKED MOTOR VEHICLE,PARKING LOT,,STRAIGHT AND LEVEL,DRY,NO DEFECTS,NOT ON SCENE (DESK REPORT),NO INJURY / DRIVE AWAY,,,,"$501 - $1,500",7/30/2023 18:57,NOT APPLICABLE,NOT APPLICABLE,201,W,MADISON ST,122,,,,,,,2,NO INDICATION OF INJURY,0,0,0,0,0,1,0,14,5,7,41.88183547,-87.63389739,POINT (-87.633897388601 41.88183546591)
50fb13f66d64e981011bbf2f61be60c75c13dff7aaa35a0759c5bbe210afef28e79e7449cada4834c3af7f3bdefac553a760dc66c116f06087bd6fbf29b624c6,,,7/30/2023 4:48,30,NO CONTROLS,NO CONTROLS,CLEAR,"DARKNESS, LIGHTED ROAD",FIXED OBJECT,DIVIDED - W/MEDIAN (NOT RAISED),,STRAIGHT AND LEVEL,DRY,NO DEFECTS,ON SCENE,INJURY AND / OR TOW DUE TO CRASH,,,,"OVER $1,500",7/30/2023 4:48,PHYSICAL CONDITION OF DRIVER,PHYSICAL CONDITION OF DRIVER,4119,W,PETERSON AVE,1711,,,,,,,1,NO INDICATION OF INJURY,0,0,0,0,0,1,0,4,1,7,41.98998153,-87.73205094,POINT (-87.732050943562 41.989981527052)
eb2a776eab52344b7288ed0060002bf8dc2a33c9c498621cbe53ec335e9e5acee4285bd5b46f859b4ece5ae24ed88fb377800806ab541953d23ee1caa145d96d,,,7/29/2023 13:13,30,NO CONTROLS,NO CONTROLS,CLEAR,DAYLIGHT,REAR END,DIVIDED - W/MEDIAN (NOT RAISED),,STRAIGHT AND LEVEL,DRY,NO DEFECTS,ON SCENE,INJURY AND / OR TOW DUE TO CRASH,,,,"OVER $1,500",7/29/2023 13:15,UNABLE TO DETERMINE,UNABLE TO DETERMINE,6324,S,KEDZIE AVE,823,,,,,,,2,NO INDICATION OF INJURY,0,0,0,0,0,2,0,13,7,7,41.77806587,-87.70326281,POINT (-87.703262812199 41.778065874306)
d2bd78230aad4b2e4b91780f48c14faef1e3cde2a42dd37213c8172af7628809838658f2ad3e34cc0991c0e219babb4cb5adee5f6d940d759bddc00ed12d71ad,,,7/20/2023 23:54,30,NO CONTROLS,NO CONTROLS,CLEAR,"DARKNESS, LIGHTED ROAD",REAR END,NOT DIVIDED,,STRAIGHT AND LEVEL,DRY,NO DEFECTS,NOT ON SCENE (DESK REPORT),NO INJURY / DRIVE AWAY,,,,"OVER $1,500",7/30/2023 11:45,UNABLE TO DETERMINE,UNABLE TO DETERMINE,4744,W,CHICAGO AVE,1111,,,,,,,2,NO INDICATION OF INJURY,0,0,0,0,0,2,0,23,5,7,41.89512152,-87.74531597,POINT (-87.745315970741 41.89512152421)
704674f705f11f51edb91eba2e5efb7ba5ab78c37806f3b4d537076c84a744a45666292aabdf3a1a5f74971a4e1950a154af30b095418da2da5345bf27fd3f33,,,7/30/2023 10:23,30,TRAFFIC SIGNAL,FUNCTIONING PROPERLY,CLEAR,DAYLIGHT,REAR END,DIVIDED - W/MEDIAN BARRIER,,STRAIGHT AND LEVEL,DRY,NO DEFECTS,ON SCENE,INJURY AND / OR TOW DUE TO CRASH,,,,"OVER $1,500",7/30/2023 10:25,FOLLOWING TOO CLOSELY,NOT APPLICABLE,1734,N,MILWAUKEE AVE,1434,,,,,,,2,"REPORTED, NOT EVIDENT",1,0,0,0,1,1,0,10,1,7,41.91277595,-87.68139703,POINT (-87.681397029836 41.912775953125)
21ae3e052db57640bfac83022e31f3c1a60789e9474a470c3b25245c74b55a9896aa35e1c39a0d7804a267efbcbb8d6a69ad63c8901875adf31d2bab9c7f0c47,,,7/30/2023 1:49,30,NO CONTROLS,NO CONTROLS,CLEAR,"DARKNESS, LIGHTED ROAD",TURNING,FOUR WAY,,STRAIGHT AND LEVEL,DRY,NO DEFECTS,ON SCENE,INJURY AND / OR TOW DUE TO CRASH,Y,Y,,"OVER $1,500",7/30/2023 1:49,FAILING TO YIELD RIGHT-OF-WAY,NOT APPLICABLE,2900,E,77TH ST,421,,,,,,,3,NONINCAPACITATING INJURY,2,0,0,1,1,1,0,1,1,7,41.75719535,-87.5535511,POINT (-87.55355109543 41.757195351936)
58440970c4e220d40e92fca4fbff453bb5eefae9b0b3ed08905528ac0f5094c4c026d78eae2d09e7fa4516c1a41fdf528ca427b27107e1ce84a828a4be61763e,,,7/30/2023 5:19,35,NO CONTROLS,NO CONTROLS,CLEAR,DAYLIGHT,PARKED MOTOR VEHICLE,NOT DIVIDED,,STRAIGHT AND LEVEL,DRY,UNKNOWN,ON SCENE,INJURY AND / OR TOW DUE TO CRASH,,,,"OVER $1,500",7/30/2023 7:51,PHYSICAL CONDITION OF DRIVER,PHYSICAL CONDITION OF DRIVER,10913,S,EWING AVE,432,,,,,,,3,NO INDICATION OF INJURY,0,0,0,0,0,1,0,5,1,7,41.69686584,-87.53513613,POINT (-87.535136133907 41.696865836466)
a7cf16b06de9aaf75e0a282111a1926eec808a156e68972a426723482232928b9c498ca75f06a5e58a4d00aad0b6769c7588199b38b9f6f57d86d29d012b128a,,,7/30/2023 7:11,30,TRAFFIC SIGNAL,FUNCTIONING PROPERLY,CLEAR,DAYLIGHT,REAR END,DIVIDED - W/MEDIAN BARRIER,,STRAIGHT AND LEVEL,DRY,UNKNOWN,NOT ON SCENE (DESK REPORT),INJURY AND / OR TOW DUE TO CRASH,,,Y,"OVER $1,500",7/30/2023 7:11,FOLLOWING TOO CLOSELY,FAILING TO REDUCE SPEED TO AVOID CRASH,102,N,MICHIGAN AVE,111,,,,,,,3,NONINCAPACITATING INJURY,1,0,0,1,0,2,0,7,1,7,41.88333567,-87.62455152,POINT (-87.624551516377 41.883335669067)
1d5ac7a1e38add484cd673debef2764e4f95ce7b1285059b3a963f1a03ae8a3ad375cc1febc4568b620890e79444f46bb3bbf0c1f483507d54974489c1cff33b,,,7/29/2023 19:19,30,NO CONTROLS,NO CONTROLS,UNKNOWN,UNKNOWN,PARKED MOTOR VEHICLE,NOT DIVIDED,,STRAIGHT AND LEVEL,UNKNOWN,UNKNOWN,NOT ON SCENE (DESK REPORT),NO INJURY / DRIVE AWAY,,,Y,"OVER $1,500",7/30/2023 13:50,UNABLE TO DETERMINE,NOT APPLICABLE,564,W,ROSCOE ST,1925,,,,,,,2,NO INDICATION OF INJURY,0,0,0,0,0,1,0,19,7,7,41.94343597,-87.64440649,POINT (-87.644406486988 41.943435964634)
a7b4d83ca22dc046e5b77365b4df6bea68dc9a7ebbac85c5baade0ed08401f790ed4df0f8957a20ec5b533c3b67aa58183fc18726d63ab15a4b6687c6917aad8,,,7/30/2023 17:45,20,NO CONTROLS,NO CONTROLS,CLEAR,DAYLIGHT,PARKED MOTOR VEHICLE,NOT DIVIDED,,STRAIGHT AND LEVEL,DRY,NO DEFECTS,NOT ON SCENE (DESK REPORT),NO INJURY / DRIVE AWAY,,Y,,"OVER $1,500",7/30/2023 20:20,DRIVING SKILLS/KNOWLEDGE/EXPERIENCE,UNABLE TO DETERMINE,8321,S,WESTERN AVE,614,,,,,,,2,NO INDICATION OF INJURY,0,0,0,0,0,1,0,17,1,7,41.74219217,-87.68252174,POINT (-87.6825217373 41.742192171555)
429fb7f1e1bb7855fc52d4d7deb50a5b77430516ba12d887022e1c8896f720ee92cfa93cd901b2a7c1ff5f6ee42acfc239db0577792ef1f4f7901da6f015d45e,,,7/29/2023 19:40,30,TRAFFIC SIGNAL,FUNCTIONING PROPERLY,UNKNOWN,UNKNOWN,REAR END,NOT DIVIDED,,STRAIGHT AND LEVEL,UNKNOWN,UNKNOWN,NOT ON SCENE (DESK REPORT),NO INJURY / DRIVE AWAY,,,,"OVER $1,500",7/29/2023 20:40,UNABLE TO DETERMINE,UNABLE TO DETERMINE,2,E,127TH ST,532,,,,,,,2,NO INDICATION OF INJURY,0,0,0,0,0,3,0,19,7,7,41.6635638,-87.62198511,POINT (-87.621985112605 41.663563798608)
88a64017e3cbf46ad2596c55d686fd323c56cb5386a8044b3d7240f0d3dd178950066cd0ed29b166e24be616b542d3a398874256df809ad90bdd30717b5c2119,,,7/30/2023 15:00,30,NO CONTROLS,NO CONTROLS,CLEAR,DAYLIGHT,PARKED MOTOR VEHICLE,ONE-WAY,,STRAIGHT AND LEVEL,DRY,NO DEFECTS,NOT ON SCENE (DESK REPORT),INJURY AND / OR TOW DUE TO CRASH,,,Y,"OVER $1,500",7/30/2023 17:57,NOT APPLICABLE,NOT APPLICABLE,5400,S,MAPLEWOOD AVE,923,,,,,,,2,NO INDICATION OF INJURY,0,0,0,0,0,1,0,15,1,7,41.79510347,-87.687887,POINT (-87.68788699472 41.795103466696)
5c822adb5b07e8175754a1647cecbe1deeea3204fb4b44b32cfb191b8217adbf1afee4f1aacee10b866b6df8a8fc3fb37b9e8924a07e122f876b1a6a27779270,,,7/30/2023 14:15,30,TRAFFIC SIGNAL,UNKNOWN,CLEAR,DAYLIGHT,REAR END,NOT DIVIDED,,STRAIGHT AND LEVEL,DRY,NO DEFECTS,NOT ON SCENE (DESK REPORT),NO INJURY / DRIVE AWAY,,,,"OVER $1,500",7/30/2023 16:15,UNABLE TO DETERMINE,NOT APPLICABLE,5201,W,CHICAGO AVE,1524,,,,,,,2,NO INDICATION OF INJURY,0,0,0,0,0,5,0,14,1,7,41.89482475,-87.75565492,POINT (-87.755654916198 41.894824745824)
fe294b13036c6b8c2eb388167b1d89f9134d17f65178dd2346db309436fa2dd9a41b10d1066b5fbb843e741a610438865e67454e1ed336e2f57d87f33bde7a92,,,7/29/2023 6:00,30,NO CONTROLS,UNKNOWN,CLEAR,DAYLIGHT,ANGLE,NOT DIVIDED,,STRAIGHT AND LEVEL,UNKNOWN,UNKNOWN,ON SCENE,INJURY AND / OR TOW DUE TO CRASH,Y,,Y,"OVER $1,500",7/29/2023 6:03,UNABLE TO DETERMINE,UNABLE TO DETERMINE,7200,S,DAMEN AVE,735,,,,,,,2,"REPORTED, NOT EVIDENT",1,0,0,0,1,1,0,6,7,7,41.76288775,-87.67362856,POINT (-87.673628558842 41.762887750722)
a3e319d92d3f7ee0068ba11e98a169bd446ead5804b61cad6c06b9551dafdcb3b25994f723202d30d58dfd52771f2065c20fe24992257547422c43924387cbad,,,7/29/2023 13:50,30,TRAFFIC SIGNAL,FUNCTIONING PROPERLY,CLEAR,DAYLIGHT,REAR END,NOT DIVIDED,,STRAIGHT AND LEVEL,DRY,NO DEFECTS,NOT ON SCENE (DESK REPORT),NO INJURY / DRIVE AWAY,,,,"OVER $1,500",7/29/2023 15:20,UNABLE TO DETERMINE,ANIMAL,11100,S,MICHIGAN AVE,531,,,,,,,2,NO INDICATION OF INJURY,0,0,0,0,0,4,0,13,7,7,41.69255976,-87.6211937,POINT (-87.621193695398 41.692559762592)
b246657c7a020dc4e15f4d735eaac5f8eb2e38a5bf07293974a91e769fe62ace4580b3142983125e4c9bf2c54b47e48f521d18a456c5ce2058dbca84521aa799,,,7/30/2023 4:51,30,TRAFFIC SIGNAL,FUNCTIONING PROPERLY,CLEAR,"DARKNESS, LIGHTED ROAD",ANGLE,T-INTERSECTION,,STRAIGHT AND LEVEL,DRY,NO DEFECTS,ON SCENE,INJURY AND / OR TOW DUE TO CRASH,Y,,,"OVER $1,500",7/30/2023 4:51,DISREGARDING TRAFFIC SIGNALS,NOT APPLICABLE,500,N,LOWER MICHIGAN AVE,1834,Y,Y,,,,,2,"REPORTED, NOT EVIDENT",1,0,0,0,1,3,0,4,1,7,41.89096978,-87.62430764,POINT (-87.624307641776 41.890969780111)
e1bf3ad760d529d515ae96cd5c279ca31d96bc0acabce698a8c79e1549a5689167d3ecf64c3b926a4ace8313238ceeb45188dd2792cc6f4b6b8a6f548d04a11e,,,7/22/2023 1:00,35,OTHER,UNKNOWN,UNKNOWN,UNKNOWN,SIDESWIPE SAME DIRECTION,NOT DIVIDED,,STRAIGHT AND LEVEL,UNKNOWN,UNKNOWN,NOT ON SCENE (DESK REPORT),NO INJURY / DRIVE AWAY,,,Y,$500 OR LESS,7/30/2023 17:40,IMPROPER OVERTAKING/PASSING,UNABLE TO DETERMINE,2400,S,DR MARTIN LUTHER KING JR DR,132,,,,,,,2,NO INDICATION OF INJURY,0,0,0,0,0,2,0,1,7,7,41.84923758,-87.6185348,POINT (-87.618534803247 41.849237582099)
7a1774853cda24123e214225050bb7937fde924279c93771d0f2a8a4e4e36bec9e3874d4a5587e10b12594ee4627a847eecbf7b6ec77419c2db7aee5eb09065b,,,7/30/2023 4:00,30,NO CONTROLS,NO CONTROLS,UNKNOWN,DARKNESS,SIDESWIPE SAME DIRECTION,OTHER,,STRAIGHT AND LEVEL,UNKNOWN,UNKNOWN,NOT ON SCENE (DESK REPORT),NO INJURY / DRIVE AWAY,,,Y,"OVER $1,500",7/30/2023 6:35,UNABLE TO DETERMINE,UNABLE TO DETERMINE,6217,S,MAY ST,712,,,,,,,2,NO INDICATION OF INJURY,0,0,0,0,0,2,0,4,1,7,41.78090549,-87.65317386,POINT (-87.65317386321 41.780905491571)
d3364c9dfcfd4b9b3bb3fc96277e50ec2cf927a2e2e25212c546f70e1821529df6455c3542f7ead8b9012461ad11466d69ac869588699b201ea46debc2357ea0,,,7/29/2023 18:20,20,NO CONTROLS,NO CONTROLS,CLEAR,DUSK,REAR END,DIVIDED - W/MEDIAN (NOT RAISED),,STRAIGHT AND LEVEL,DRY,NO DEFECTS,ON SCENE,NO INJURY / DRIVE AWAY,,,,"OVER $1,500",7/29/2023 18:20,FOLLOWING TOO CLOSELY,FOLLOWING TOO CLOSELY,2301,W,ADDISON ST,1921,,,,,,,2,NO INDICATION OF INJURY,0,0,0,0,0,2,0,18,7,7,41.94665686,-87.68588951,POINT (-87.685889506178 41.946656855879)
1c7cab3b7f48ab767d0a0bb8e7b5abeb67b0600ebb1c903ba2aef57adb6b364d1a65765189cb0a2858d64bb18e85558030e3507d632c3e14e1d6f06913961209,,,7/30/2023 0:34,30,TRAFFIC SIGNAL,FUNCTIONING PROPERLY,CLEAR,"DARKNESS, LIGHTED ROAD",HEAD ON,FOUR WAY,,STRAIGHT AND LEVEL,DRY,NO DEFECTS,ON SCENE,INJURY AND / OR TOW DUE TO CRASH,Y,,,"OVER $1,500",7/30/2023 0:34,UNABLE TO DETERMINE,UNABLE TO DETERMINE,6700,S,WENTWORTH AVE,722,,,,,,,2,NONINCAPACITATING INJURY,5,0,0,2,3,4,0,0,1,7,41.77261544,-87.63009968,POINT (-87.630099677564 41.77261543566)
50be78320d3c62f9c3a5d3ec270b7e3f6490b9cc016b658335915283d76dcdbbb8874beabfc489800aa38e258dd81af1882b478a3eed8a11c7ef9c4d7f298f41,,,7/30/2023 12:45,30,TRAFFIC SIGNAL,FUNCTIONING PROPERLY,CLEAR,DAYLIGHT,ANGLE,FOUR WAY,,STRAIGHT AND LEVEL,DRY,NO DEFECTS,ON SCENE,INJURY AND / OR TOW DUE TO CRASH,Y,,,"OVER $1,500",7/30/2023 12:45,FAILING TO YIELD RIGHT-OF-WAY,FAILING TO YIELD RIGHT-OF-WAY,3800,W,LAKE ST,1122,,,,,,,2,NO INDICATION OF INJURY,0,0,0,0,0,2,0,12,1,7,41.88531824,-87.72098685,POINT (-87.720986852264 41.885318235642)
46f5105b825204f26c7b852e580de6692dbf17c0eee8a60472cb74211e445f2923679a8563894e7baf5de9c85435089434b102d952ebe1ac7d8f03757add521c,,,7/30/2023 20:15,15,NO CONTROLS,NO CONTROLS,CLEAR,"DARKNESS, LIGHTED ROAD",REAR END,NOT DIVIDED,,STRAIGHT AND LEVEL,DRY,NO DEFECTS,ON SCENE,NO INJURY / DRIVE AWAY,,,,"OVER $1,500",7/30/2023 20:16,FOLLOWING TOO CLOSELY,UNABLE TO DETERMINE,233,W,MONTROSE HARBOR DR,1915,,,,,,,2,NO INDICATION OF INJURY,0,0,0,0,0,3,0,20,1,7,41.96343678,-87.63665863,POINT (-87.636658624755 41.963436783426)
962a9318d20eaf2c07d24423954b0c2383334b5231a1d7608206e8f8ab567932f144c8ecb171f70cb5479a37fead9551950057333cb15703fbde5486368de670,,,7/28/2023 5:10,30,STOP SIGN/FLASHER,FUNCTIONING PROPERLY,RAIN,"DARKNESS, LIGHTED ROAD",PEDESTRIAN,FOUR WAY,,STRAIGHT AND LEVEL,WET,NO DEFECTS,ON SCENE,INJURY AND / OR TOW DUE TO CRASH,,,,$500 OR LESS,7/28/2023 5:12,UNABLE TO DETERMINE,UNABLE TO DETERMINE,12600,S,CARONDOLET AVE,433,,N,,,,,2,"REPORTED, NOT EVIDENT",1,0,0,0,1,1,0,5,6,7,41.66659777,-87.54971342,POINT (-87.549713423394 41.666597772141)
c7a7a1a865369467c91e71965d2f16575449eea80a2970f18541e37e83c7e39842a589a348fedbf6bd283099f23569491faeaed3b74f38dc57d416dc798d7381,,,7/30/2023 18:35,30,TRAFFIC SIGNAL,FUNCTIONING PROPERLY,CLEAR,DAYLIGHT,TURNING,NOT DIVIDED,,STRAIGHT AND LEVEL,DRY,NO DEFECTS,ON SCENE,NO INJURY / DRIVE AWAY,Y,,,"OVER $1,500",7/30/2023 18:47,IMPROPER TURNING/NO SIGNAL,IMPROPER TURNING/NO SIGNAL,729,W,33RD ST,915,,,,,,,2,NO INDICATION OF INJURY,0,0,0,0,0,2,0,18,1,7,41.8343083,-87.64491368,POINT (-87.644913680287 41.8343083009)
0b7e6118936329be7984c72a397707a6b6d1a2d5caf512ba051de2f3b6aa825ce7d9ff932c8e9ae2f12aff2a11f5b9ee01793fa49178ac4afe2bc55243041d4c,,,7/30/2023 11:00,30,TRAFFIC SIGNAL,FUNCTIONING PROPERLY,CLEAR,DAYLIGHT,REAR END,FOUR WAY,,STRAIGHT AND LEVEL,DRY,NO DEFECTS,NOT ON SCENE (DESK REPORT),NO INJURY / DRIVE AWAY,,,,"OVER $1,500",7/30/2023 11:30,FAILING TO REDUCE SPEED TO AVOID CRASH,NOT APPLICABLE,5601,W,GRAND AVE,2515,,,,,,,2,NO INDICATION OF INJURY,0,0,0,0,0,2,0,11,1,7,41.91865672,-87.76584328,POINT (-87.765843280146 41.918656720919)
91b503297ac1685cfff8b3173332fcef089a8ffbd693ee966c5bcd401bdfda74236a842e6cac3c1e65d0fbe2ec49356c26b42ac1007406cbc34163b5af1795f5,,,7/30/2023 2:33,30,TRAFFIC SIGNAL,FUNCTIONING PROPERLY,CLEAR,"DARKNESS, LIGHTED ROAD",REAR END,NOT DIVIDED,,STRAIGHT AND LEVEL,DRY,UNKNOWN,NOT ON SCENE (DESK REPORT),NO INJURY / DRIVE AWAY,,,N,"OVER $1,500",7/30/2023 3:58,UNABLE TO DETERMINE,NOT APPLICABLE,3420,N,CLARK ST,1924,,,,,,,3,NO INDICATION OF INJURY,0,0,0,0,0,3,0,2,1,7,41.94437298,-87.65434805,POINT (-87.654348052981 41.944372980167)