CRASH_RECORD_ID,RD_NO,CRASH_DATE_EST_I,CRASH_DATE,POSTED_SPEED_LIMIT,TRAFFIC_CONTROL_DEVICE,DEVICE_CONDITION,WEATHER_CONDITION,LIGHTING_CONDITION,FIRST_CRASH_TYPE,TRAFFICWAY_TYPE,LANE_CNT,ALIGNMENT,ROADWAY_SURFACE_COND,ROAD_DEFECT,REPORT_TYPE,CRASH_TYPE,INTERSECTION_RELATED_I,NOT_RIGHT_OF_WAY_I,HIT_AND_RUN_I,DAMAGE,DATE_POLICE_NOTIFIED,PRIM_CONTRIBUTORY_CAUSE,SEC_CONTRIBUTORY_CAUSE,STREET_NO,STREET_DIRECTION,STREET_NAME,BEAT_OF_OCCURRENCE,PHOTOS_TAKEN_I,STATEMENTS_TAKEN_I,DOORING_I,WORK_ZONE_I,WORK_ZONE_TYPE,WORKERS_PRESENT_I,NUM_UNITS,MOST_SEVERE_INJURY,INJURIES_TOTAL,INJURIES_FATAL,INJURIES_INCAPACITATING,INJURIES_NON_INCAPACITATING,INJURIES_REPORTED_NOT_EVIDENT,INJURIES_NO_INDICATION,INJURIES_UNKNOWN,CRASH_HOUR,CRASH_DAY_OF_WEEK,CRASH_MONTH,LATITUDE,LONGITUDE,LOCATION
ec332e76ccf9a73b65a38c5e680e9ff5e4657280d693112d98d7661ea06a7d5364223a5c929457f0a629559058fc19b7801c7a402c94c582fe2ca567b856fd0a,,,7/30/2023 15:50,30,TRAFFIC SIGNAL,FUNCTIONING PROPERLY,CLEAR,DAYLIGHT,REAR END,DIVIDED - W/MEDIAN (NOT RAISED),,STRAIGHT AND LEVEL,DRY,NO DEFECTS,NOT ON SCENE (DESK REPORT),NO INJURY / DRIVE AWAY,,,Y,$500 OR LESS,7/30/2023 16:10,NOT APPLICABLE,NOT APPLICABLE,13000,S,STONY ISLAND AVE,434,,,,,,,2,NO INDICATION OF INJURY,0,0,0,0,0,2,0,15,1,7,,,
6ed3111d8006e2e9056c83bc04865912b85f28d82f784879484ca59990dfda72dcf3b0c3e793f8c7d7e6905ba81c83465ee4f4353f0bcfa420a086ae94a19fa7,,,7/30/2023 8:13,25,NO CONTROLS,NO CONTROLS,CLEAR,DAYLIGHT,REAR END,NOT DIVIDED,,STRAIGHT AND LEVEL,DRY,NO DEFECTS,NOT ON SCENE (DESK REPORT),NO INJURY / DRIVE AWAY,Y,,,"OVER $1,500",7/30/2023 17:50,FAILING TO REDUCE SPEED TO AVOID CRASH,NOT APPLICABLE,5200,W,GRAND AVE,2515,,,,,,,2,NO INDICATION OF INJURY,0,0,0,0,0,2,0,8,1,7,41.91705242,-87.75596219,POINT (-87.755962192591 41.91705242361)
3e23e999f2e4acbdd5d747a888a032904d67113aefa374acef581e068bbb5efa030dfc1d5b205c8dd56486fac2d445afbc0314334dbbcc81c0a8536541a8557f,,,7/23/2023 7:30,30,NO CONTROLS,NO CONTROLS,CLEAR,DAYLIGHT,PARKED MOTOR VEHICLE,NOT DIVIDED,,STRAIGHT AND LEVEL,DRY,NO DEFECTS,NOT ON SCENE (DESK REPORT),NO INJURY / DRIVE AWAY,,,Y,"OVER $1,500",7/25/2023 18:35,UNABLE TO DETERMINE,UNABLE TO DETERMINE,217,S,CAMPBELL AVE,1125,Y,,,,,,2,NO INDICATION OF INJURY,0,0,0,0,0,1,0,7,1,7,41.87783927,-87.68862478,POINT (-87.688624782294 41.877839272904)
5a85f41abc7a979feebe894fe2edf94a2846424bf05f1278d5967d3ce1aba936d7cd3d34e1911d14809fc28a1db60675bf58ce0cb6052109c6e995a01a3d9ca9,,,7/29/2023 13:46,30,NO CONTROLS,NO CONTROLS,CLEAR,DAYLIGHT,PARKED MOTOR VEHICLE,PARKING LOT,,STRAIGHT AND LEVEL,DRY,NO DEFECTS,NOT ON SCENE (DESK REPORT),NO INJURY / DRIVE AWAY,,,Y,"$501 - $1,500",7/29/2023 16:07,NOT APPLICABLE,NOT APPLICABLE,2600,S,CALIFORNIA AVE,1033,,,,,,,2,NO INDICATION OF INJURY,0,0,0,0,0,1,0,13,7,7,41.8445843,-87.69535984,POINT (-87.695359843215 41.844584300311)
f9ae25a2164f041e75443528e5e3468e853c1f17b3b20b2efe4010e7318b5186f6721b430dee86c29e269875eb07be1deaefc38e37bf2cadfc088227c952de4c,,,7/29/2023 21:30,30,TRAFFIC SIGNAL,FUNCTIONING PROPERLY,CLEAR,DAYLIGHT,REAR END,DIVIDED - W/MEDIAN (NOT RAISED),,STRAIGHT AND LEVEL,DRY,NO DEFECTS,NOT ON SCENE (DESK REPORT),NO INJURY / DRIVE AWAY,Y,,,"OVER $1,500",7/30/2023 13:35,FOLLOWING TOO CLOSELY,UNABLE TO DETERMINE,6300,S,STONY ISLAND AVE,314,,,,,,,2,NO INDICATION OF INJURY,0,0,0,0,0,2,0,21,7,7,41.7805254,-87.586603,POINT (-87.586602995543 41.780525395052)
39a34a2012fb31ca0ffe9bbfde76cfb86000c92e0b3e176f9723de208aeff56d2cead64b9449e180d629b35f073c30fffc7e0c200cd9711237ce3147e65bd7b0,,,7/30/2023 12:30,25,NO CONTROLS,NO CONTROLS,UNKNOWN,DAYLIGHT,ANGLE,ONE-WAY,,STRAIGHT AND LEVEL,UNKNOWN,UNKNOWN,NOT ON SCENE (DESK REPORT),NO INJURY / DRIVE AWAY,,,,"OVER $1,500",7/30/2023 14:30,FAILING TO YIELD RIGHT-OF-WAY,FAILING TO YIELD RIGHT-OF-WAY,4018,N,RIDGEWAY AVE,1723,,,,,,,2,NO INDICATION OF INJURY,0,0,0,0,0,2,0,12,1,7,41.95432976,-87.72164938,POINT (-87.72164937734 41.954329755595)
e9cd0892e35312358f70dc5b7205a058b9861e2de0cac3a0dbd12b55dacc8b0d98d23bde7b788316e0dcccdd0b694671469aeefef1ea7fae0dc2a20af79e3ce7,,,7/30/2023 7:25,30,OTHER,FUNCTIONING PROPERLY,CLEAR,DAYLIGHT,FIXED OBJECT,OTHER,,STRAIGHT AND LEVEL,DRY,NO DEFECTS,ON SCENE,NO INJURY / DRIVE AWAY,,Y,,"OVER $1,500",7/30/2023 7:25,UNABLE TO DETERMINE,UNABLE TO DETERMINE,2031,S,CLARK ST,131,,,,,,,1,NO INDICATION OF INJURY,0,0,0,0,0,2,0,7,1,7,41.8544114,-87.62999188,POINT (-87.629991876396 41.85441140009)
9d5807768fed70f0811f0490be24f8b56754ec09f1aa0f5c00cb9043f4ed109a0fe31c2652dc18a019ddad0d1fd8a1079560fd79b571425b49d051873cff39e0,,,7/30/2023 5:01,25,TRAFFIC SIGNAL,FUNCTIONING PROPERLY,CLEAR,DAWN,FIXED OBJECT,FOUR WAY,,STRAIGHT AND LEVEL,DRY,UNKNOWN,ON SCENE,INJURY AND / OR TOW DUE TO CRASH,Y,,,"OVER $1,500",7/30/2023 5:01,"EVASIVE ACTION DUE TO ANIMAL, OBJECT, NONMOTORIST",NOT APPLICABLE,5554,N,CLARK ST,2012,,Y,,,,,1,NO INDICATION OF INJURY,0,0,0,0,0,1,0,5,1,7,41.9833127,-87.66886836,POINT (-87.668868360978 41.983312701165)
717c750b8bd524c3cd17af9f716dd30c7192f2a066623d9c56074e912d4b53c6f1ff2924170a3c0d833384576e00ecdae4206fecc36f481edb52752c450b88ac,,,7/29/2023 13:15,30,NO CONTROLS,NO CONTROLS,CLEAR,DAYLIGHT,PARKED MOTOR VEHICLE,PARKING LOT,,STRAIGHT AND LEVEL,DRY,NO DEFECTS,ON SCENE,NO INJURY / DRIVE AWAY,,,,"OVER $1,500",7/29/2023 13:26,IMPROPER BACKING,IMPROPER BACKING,3748,N,ELSTON AVE,1732,,,,,,,2,NO INDICATION OF INJURY,0,0,0,0,0,1,0,13,7,7,41.94957788,-87.71336663,POINT (-87.713366625634 41.94957787541)
8bc61df1457faed1294ca72872449dd7afffca4f1d52362aa00b5d519ddc74b4fc1a61c70f5dac35c426ea33baf73782ca53876facb6fe2665ce00a14a91d596,,,7/29/2023 21:51,30,TRAFFIC SIGNAL,FUNCTIONING PROPERLY,CLEAR,"DARKNESS, LIGHTED ROAD",ANGLE,NOT DIVIDED,,STRAIGHT AND LEVEL,DRY,NO DEFECTS,ON SCENE,NO INJURY / DRIVE AWAY,Y,,,"OVER $1,500",7/29/2023 21:54,DISREGARDING TRAFFIC SIGNALS,NOT APPLICABLE,4800,S,DAMEN AVE,931,,,,,,,2,NO INDICATION OF INJURY,0,0,0,0,0,3,0,21,7,7,41.80659375,-87.67478564,POINT (-87.674785643758 41.806593753387)
ce1f0b87dbfed60e49f4dc590b881fe8ac3fa7fcaf29d362219944bbe33a685eb15aabf4c6ae1960fec87c2517e31b451b2b2b7a96b0006b309be7759c2ece30,,,7/30/2023 14:15,30,NO CONTROLS,NO CONTROLS,CLEAR,DAYLIGHT,REAR END,DIVIDED - W/MEDIAN (NOT RAISED),,STRAIGHT AND LEVEL,DRY,NO DEFECTS,NOT ON SCENE (DESK REPORT),NO INJURY / DRIVE AWAY,N,,,"$501 - $1,500",7/30/2023 14:35,FOLLOWING TOO CLOSELY,UNABLE TO DETERMINE,830,W,115TH ST,2234,,,,,,,2,NO INDICATION OF INJURY,0,0,0,0,0,2,0,14,1,7,41.68517533,-87.64340137,POINT (-87.643401369717 41.685175331683)
dd51439fa5884c0a20c716e4457d29a84ab0d5c2bea7caf42e2df0d924bd2fccaee05b0a9e0d2840c208e3a55e84e36d6bb7a214dc499d00b9986af8e65d4061,,,7/30/2023 10:00,30,NO CONTROLS,NO CONTROLS,CLEAR,DAYLIGHT,PARKED MOTOR VEHICLE,ONE-WAY,,STRAIGHT AND LEVEL,DRY,NO DEFECTS,NOT ON SCENE (DESK REPORT),NO INJURY / DRIVE AWAY,,,Y,"OVER $1,500",7/30/2023 12:08,UNABLE TO DETERMINE,NOT APPLICABLE,3831,W,WILCOX ST,1122,,,,,,,2,NO INDICATION OF INJURY,0,0,0,0,0,1,0,10,1,7,41.87880617,-87.7220009,POINT (-87.722000899643 41.8788061732)
78b0851738346a787faf668cedcfe265cba02f439cdd18c600329ce8bb5f81f6f022a4259180e8cead9d156db06350d693b4529939a3157c95daad3a7fb5b518,,,7/30/2023 17:13,30,STOP SIGN/FLASHER,FUNCTIONING PROPERLY,CLEAR,DAYLIGHT,TURNING,FOUR WAY,,STRAIGHT AND LEVEL,DRY,NO DEFECTS,ON SCENE,NO INJURY / DRIVE AWAY,Y,,,"OVER $1,500",7/30/2023 17:28,FAILING TO YIELD RIGHT-OF-WAY,UNABLE TO DETERMINE,3500,N,HARLEM AVE,1631,,,,,,,2,NO INDICATION OF INJURY,0,0,0,0,0,2,0,17,1,7,41.94353329,-87.80709507,POINT (-87.807095067025 41.943533293121)
cf6e5eb1281ffab0a5c3e57915fb255f92d5a87f594a694889aa03c48c1a122db62f753dad6cf1eb785e9b4700eb2fd9595bd8f473b583f156f269faed42ff4e,,,7/29/2023 7:30,30,NO CONTROLS,NO CONTROLS,CLEAR,UNKNOWN,PARKED MOTOR VEHICLE,NOT DIVIDED,,STRAIGHT AND LEVEL,DRY,NO DEFECTS,ON SCENE,NO INJURY / DRIVE AWAY,,,Y,"OVER $1,500",7/29/2023 23:51,UNABLE TO DETERMINE,UNABLE TO DETERMINE,4016,W,JACKSON BLVD,1115,,,,,,,2,NO INDICATION OF INJURY,0,0,0,0,0,1,0,7,7,7,41.87718774,-87.72627976,POINT (-87.726279762062 41.877187740802)
4b451f6731c16086ad9f7edf60da390091b95fa1201995f3e201046fe5400aa8e1c899f76f4ab17640e92a13ddcd1b9ef4202739818612d16345e1ae6342efb0,,,7/30/2023 16:05,25,NO CONTROLS,NO CONTROLS,CLEAR,DAYLIGHT,ANGLE,PARKING LOT,,STRAIGHT AND LEVEL,DRY,NO DEFECTS,ON SCENE,NO INJURY / DRIVE AWAY,,,,$500 OR LESS,7/30/2023 17:19,UNABLE TO DETERMINE,NOT APPLICABLE,3443,W,ADDISON ST,1732,,,,,,,2,NO INDICATION OF INJURY,0,0,0,0,0,2,0,16,1,7,41.94642956,-87.71443724,POINT (-87.714437238392 41.946429559096)
5436c2c835aeafae8a88f25110f177497efb062d4f12c8a4161b9d79a51bc862758bf52ddddbc73c7f30481000b93ad58dfca2bd0fd92d270dbf981fa459a1d3,,,7/30/2023 19:49,30,STOP SIGN/FLASHER,NO CONTROLS,CLEAR,DAYLIGHT,TURNING,FOUR WAY,,STRAIGHT AND LEVEL,DRY,NO DEFECTS,ON SCENE,INJURY AND / OR TOW DUE TO CRASH,Y,,Y,"OVER $1,500",7/30/2023 19:49,DISREGARDING STOP SIGN,NOT APPLICABLE,199,N,KENTON AVE,1113,,,,,,,2,NO INDICATION OF INJURY,0,0,0,0,0,2,0,19,1,7,41.88312685,-87.74003182,POINT (-87.740031821453 41.883126850061)
313b50ef9e11d01acd18739b6fa6e9816c52109354de96e7a4318f85dc673197852847873b44b1842d91d3f83350ee164f648f12b140e289f439a5e20fa75781,,,7/30/2023 11:35,15,NO CONTROLS,NO CONTROLS,CLEAR,DAYLIGHT,PARKED MOTOR VEHICLE,ONE-WAY,,STRAIGHT AND LEVEL,DRY,NO DEFECTS,ON SCENE,INJURY AND / OR TOW DUE TO CRASH,,,,"OVER $1,500",7/30/2023 11:36,NOT APPLICABLE,NOT APPLICABLE,4021,W,BELLE PLAINE AVE,1722,,,,,,,3,NONINCAPACITATING INJURY,2,0,0,2,0,2,0,11,1,7,41.95536048,-87.72827999,POINT (-87.728279986071 41.955360480279)
2dacfce51d5fd8f5b0b0fc9cf09c6603d76872e0cee1bc86353605f88274b4cbac711f937e5c32756d143f0214088ff82e1773d2064b9f6929584412f3596d5b,,Y,7/30/2023 9:58,15,NO CONTROLS,NO CONTROLS,CLEAR,DAYLIGHT,PARKED MOTOR VEHICLE,PARKING LOT,,STRAIGHT AND LEVEL,DRY,NO DEFECTS,ON SCENE,NO INJURY / DRIVE AWAY,,,,"OVER $1,500",7/30/2023 9:58,UNABLE TO DETERMINE,UNABLE TO DETERMINE,3030,N,BROADWAY,1934,,,,,,,2,NO INDICATION OF INJURY,0,0,0,0,0,1,0,9,1,7,41.93733844,-87.64445647,POINT (-87.644456471505 41.937338437309)
0982ae6646dda25251d5c4d27ab3e7a8c4ef5e76c5a3825a52d5e6eae4e9dc1f9e2dec7c7cfcda3cc3b0dac9e99a2102ad85193ff4bb7606fcba1b4d6715278f,,,7/30/2023 17:20,45,NO CONTROLS,NO CONTROLS,CLEAR,DAYLIGHT,REAR END,DIVIDED - W/MEDIAN BARRIER,,STRAIGHT AND LEVEL,DRY,NO DEFECTS,NOT ON SCENE (DESK REPORT),NO INJURY / DRIVE AWAY,,,,"OVER $1,500",7/30/2023 18:10,DRIVING SKILLS/KNOWLEDGE/EXPERIENCE,NOT APPLICABLE,5700,S,LAKE SHORE DR,331,,,,,,,2,NO INDICATION OF INJURY,0,0,0,0,0,2,0,17,1,7,41.79142028,-87.58014777,POINT (-87.580147768689 41.791420282098)
530c5811dd39c11b22fac829955053107f0702677d7d72bbe5735661eb50fb5ad571613a069f37415f3097eb9336203b9ce0934bdd8e7f0a310cae5dd7ace1ee,,,7/30/2023 0:56,25,NO CONTROLS,NO CONTROLS,CLEAR,"DARKNESS, LIGHTED ROAD",PEDESTRIAN,OTHER,,STRAIGHT AND LEVEL,DRY,NO DEFECTS,ON SCENE,INJURY AND / OR TOW DUE TO CRASH,,,,$500 OR LESS,7/30/2023 0:59,"EVASIVE ACTION DUE TO ANIMAL, OBJECT, NONMOTORIST",NOT APPLICABLE,1158,W,63RD ST,712,,,,,,,2,INCAPACITATING INJURY,1,0,1,0,0,1,0,0,1,7,41.77971869,-87.65444286,POINT (-87.654442858825 41.779718692249)
93732ccaef5ea9606a71b73205a44ec56745a4f4da48dbee5e8f600ac0e9a036d5f3baba2b70c7d0a8ff6970ca70f3fe2ad7e216f23dd3ef41fc10fc499aae44,,,7/30/2023 9:50,30,UNKNOWN,UNKNOWN,CLEAR,DAYLIGHT,FIXED OBJECT,NOT DIVIDED,,STRAIGHT AND LEVEL,UNKNOWN,UNKNOWN,NOT ON SCENE (DESK REPORT),NO INJURY / DRIVE AWAY,,,,"$501 - $1,500",7/30/2023 18:13,UNABLE TO DETERMINE,UNABLE TO DETERMINE,1628,N,WINCHESTER AVE,1434,,,,,,,1,NO INDICATION OF INJURY,0,0,0,0,0,1,0,9,1,7,41.91138594,-87.67641459,POINT (-87.67641459218 41.911385940634)
305a6c00ae29f1bd4839f102030081d9676c11c3eead7f11738e397d5f2b5d7f586e2e1d0150145749b02b72308c94b6d80718390253e125a051eca782b64a8b,,,7/27/2023 17:30,25,NO CONTROLS,NO CONTROLS,CLEAR,"DARKNESS, LIGHTED ROAD",REAR END,ONE-WAY,,STRAIGHT AND LEVEL,DRY,NO DEFECTS,NOT ON SCENE (DESK REPORT),NO INJURY / DRIVE AWAY,,,,"OVER $1,500",7/30/2023 19:00,FAILING TO REDUCE SPEED TO AVOID CRASH,NOT APPLICABLE,1610,N,KENTON AVE,2533,,,,,,,2,NO INDICATION OF INJURY,0,0,0,0,0,2,0,17,5,7,41.91007151,-87.74072784,POINT (-87.740727837106 41.910071513113)
f137be0de1ad168bc7fa479ef6ae20c9c12703c489d7c485f9f86e8de94f7b53391c898fff3fd521e3f438e7f8f585a6f8375eb97395a6f82fd31c4436d47b8a,,,7/30/2023 17:19,30,TRAFFIC SIGNAL,UNKNOWN,CLEAR,DAYLIGHT,ANGLE,FOUR WAY,,STRAIGHT AND LEVEL,DRY,UNKNOWN,ON SCENE,INJURY AND / OR TOW DUE TO CRASH,Y,,,"OVER $1,500",7/30/2023 17:19,DISREGARDING TRAFFIC SIGNALS,NOT APPLICABLE,1000,W,74TH ST,733,,,,,,,2,"REPORTED, NOT EVIDENT",1,0,0,0,1,4,0,17,1,7,41.75977749,-87.64918925,POINT (-87.649189249074 41.759777490163)
b585a9532d25f61d9e7a949c700dd4e89fdcffbb03c50964168c38a05b4090539568029f542729be9a94a1c058b5e15d8ef4656cc730f5380416c6540e363a96,,,7/30/2023 14:35,35,NO CONTROLS,NO CONTROLS,CLEAR,DAYLIGHT,REAR END,NOT DIVIDED,,STRAIGHT AND LEVEL,DRY,NO DEFECTS,NOT ON SCENE (DESK REPORT),NO INJURY / DRIVE AWAY,,,,"OVER $1,500",7/30/2023 14:56,UNABLE TO DETERMINE,NOT APPLICABLE,833,W,115TH ST,524,,,,,,,3,NO INDICATION OF INJURY,0,0,0,0,0,3,0,14,1,7,41.68495486,-87.64347113,POINT (-87.643471124887 41.684954856802)
e45ab27ad0217d488b7e0d41a6845f5e8a1825f23926fce4b0d6e7fae4bce6565c1545abd7b0d5a40f5133ccd2e47e39aa3d90a577ee021df10343eef5969f33,,,7/30/2023 3:20,30,TRAFFIC SIGNAL,FUNCTIONING PROPERLY,CLEAR,"DARKNESS, LIGHTED ROAD",ANGLE,FOUR WAY,,STRAIGHT AND LEVEL,DRY,NO DEFECTS,ON SCENE,INJURY AND / OR TOW DUE TO CRASH,Y,,,"OVER $1,500",7/30/2023 3:25,FAILING TO REDUCE SPEED TO AVOID CRASH,DISREGARDING TRAFFIC SIGNALS,474,N,LAKE SHORE DR,1834,,,,,,,2,NO INDICATION OF INJURY,0,0,0,0,0,3,0,3,1,7,41.89062943,-87.61433031,POINT (-87.614330305106 41.890629431539)
f80a5166895e642928836385ea6acbff9e464a88b0d17162b756df1a59f5c8ee157efd4005d83787547c28419ce0bd21306085363077d9e4340c09958cce9899,,,7/30/2023 17:00,30,NO CONTROLS,NO CONTROLS,CLEAR,DAYLIGHT,SIDESWIPE SAME DIRECTION,DIVIDED - W/MEDIAN (NOT RAISED),,STRAIGHT AND LEVEL,DRY,NO DEFECTS,NOT ON SCENE (DESK REPORT),NO INJURY / DRIVE AWAY,,,Y,"OVER $1,500",7/30/2023 18:40,UNABLE TO DETERMINE,NOT APPLICABLE,2118,W,CERMAK RD,1234,,,,,,,2,NO INDICATION OF INJURY,0,0,0,0,0,2,0,17,1,7,41.85223513,-87.67910257,POINT (-87.679102568294 41.852235131921)
c6274ff7905df2d8783bd819f256b586e6339e4ebd4fcd2956df01cc93b4e4ead62fdedbc161adb2582669143e9f9a290503aefef1809e3b02627e5ec2a755ec,,,7/30/2023 7:30,30,NO CONTROLS,NO CONTROLS,CLEAR,DAYLIGHT,TURNING,NOT DIVIDED,,STRAIGHT AND LEVEL,DRY,NO DEFECTS,ON SCENE,INJURY AND / OR TOW DUE TO CRASH,,,,"OVER $1,500",7/30/2023 7:30,IMPROPER TURNING/NO SIGNAL,FAILING TO REDUCE SPEED TO AVOID CRASH,3132,W,MARQUETTE RD,831,,,,,,,2,NO INDICATION OF INJURY,0,0,0,0,0,2,0,7,1,7,41.7718008,-87.70178584,POINT (-87.701785837436 41.771800795402)
44ad437f206900694e769823958ebb2007cdd835f1ea595b594e6c8bf02a4719be44fb6e9f93a9c091b5621ed4fb6e0653a44a06df71d4d9b9872869e142c9c0,JG341923,Y,7/15/2023 10:47,30,NO CONTROLS,NO CONTROLS,CLEAR,DAYLIGHT,SIDESWIPE SAME DIRECTION,ONE-WAY,,STRAIGHT AND LEVEL,DRY,NO DEFECTS,,NO INJURY / DRIVE AWAY,,,Y,"OVER $1,500",7/15/2023 11:15,IMPROPER BACKING,NOT APPLICABLE,65,W,RANDOLPH ST,111,,,,,,,2,NO INDICATION OF INJURY,0,0,0,0,0,2,0,10,7,7,41.88436967,-87.63032808,POINT (-87.630328078445 41.884369672945)
0563637b0564040f5dce938ae6875387e76d8619fcd2ba188b29d98833c442c04f656ef74c4333fd252fa15bd68f1966f1e77f74261b435b9526cacef5b0262c,,,7/30/2023 15:00,30,STOP SIGN/FLASHER,NO CONTROLS,CLEAR,DAYLIGHT,ANGLE,FOUR WAY,,STRAIGHT AND LEVEL,DRY,NO DEFECTS,ON SCENE,INJURY AND / OR TOW DUE TO CRASH,Y,,,"OVER $1,500",7/30/2023 15:02,UNABLE TO DETERMINE,NOT APPLICABLE,1859,N,KEDZIE AVE,1421,,,,,,,2,NO INDICATION OF INJURY,0,0,0,0,0,2,0,15,1,7,41.91553569,-87.70676756,POINT (-87.706767560775 41.915535688427)
9b4d51ef082b25b196c19437650caf27d7607880040face4df3f40606c3293e85accc3ccd56805c999d13f9b2183d2970ee0c0af770fb6cc7f7f2c338dd72dc6,,,7/30/2023 15:30,25,NO CONTROLS,NO CONTROLS,CLEAR,DAYLIGHT,ANGLE,ONE-WAY,,STRAIGHT AND LEVEL,DRY,NO DEFECTS,NOT ON SCENE (DESK REPORT),NO INJURY / DRIVE AWAY,,,,"OVER $1,500",7/30/2023 16:00,FAILING TO REDUCE SPEED TO AVOID CRASH,NOT APPLICABLE,1936,N,KEELER AVE,2534,,,,,,,2,NO INDICATION OF INJURY,0,0,0,0,0,2,0,15,1,7,41.91638878,-87.73156104,POINT (-87.731561039018 41.916388778782)
8c95ea475d161946164206e2f8da718a564646e2040fe34db613721fa0a4bf8d2e9361a6a330a6d24135e571607447a3b75cb2b84c11b9eab3a05f5cf29ff799,,,7/30/2023 16:22,20,NO CONTROLS,NO CONTROLS,CLEAR,DAYLIGHT,SIDESWIPE SAME DIRECTION,NOT DIVIDED,,STRAIGHT AND LEVEL,DRY,WORN SURFACE,ON SCENE,NO INJURY / DRIVE AWAY,,,Y,"OVER $1,500",7/30/2023 16:24,IMPROPER LANE USAGE,"OPERATING VEHICLE IN ERRATIC, RECKLESS, CARELESS, NEGLIGENT OR AGGRESSIVE MANNER",5114,N,SIMONDS DR,2024,,,,,,,2,NO INDICATION OF INJURY,0,0,0,0,0,4,0,16,1,7,41.97571902,-87.6472212,POINT (-87.647221199074 41.975719014867)
b568c1656835ca2d121a218941c1c581d3a9dccd3a58cc20e6d3628efd3d941f968309361cdd0806e6b5be3cee0dcc5654d1a5237a3089d04290ec76364ffee1,,,7/30/2023 14:35,25,NO CONTROLS,NO CONTROLS,CLEAR,DAYLIGHT,PARKED MOTOR VEHICLE,NOT DIVIDED,,STRAIGHT AND LEVEL,DRY,NO DEFECTS,NOT ON SCENE (DESK REPORT),NO INJURY / DRIVE AWAY,,,,"OVER $1,500",7/30/2023 14:41,UNABLE TO DETERMINE,UNABLE TO DETERMINE,2434,W,FARRAGUT AVE,2011,,,,,,,2,NO INDICATION OF INJURY,0,0,0,0,0,1,0,14,1,7,41.97689196,-87.69045192,POINT (-87.69045192066 41.976891955474)
fd078c241b49b308b93f7663ebf0d6e5afcf3e66b93bb3fca9734fb8424ae35e3a0cc1d960ee29e844c4d223def1183c6dd0c6fb2ee4e0c976a6ce7980863e2c,,,7/30/2023 14:45,30,STOP SIGN/FLASHER,NO CONTROLS,CLEAR,DAYLIGHT,ANGLE,NOT DIVIDED,,STRAIGHT AND LEVEL,DRY,NO DEFECTS,NOT ON SCENE (DESK REPORT),NO INJURY / DRIVE AWAY,,,,"OVER $1,500",7/30/2023 15:05,FAILING TO YIELD RIGHT-OF-WAY,FAILING TO YIELD RIGHT-OF-WAY,4900,S,DAMEN AVE,931,,,,,,,2,NO INDICATION OF INJURY,0,0,0,0,0,3,0,14,1,7,41.804856,-87.67473926,POINT (-87.674739262818 41.804856001578)
be1bc23768987b2b85918dec062b85ba4d7410f60ab4856ae202b5c1abb97c073f8fdcc88d6cffba4b6173748375e1b284e402cbc61a07be4bf135852ba7ea0d,,,7/29/2023 11:39,30,NO CONTROLS,NO CONTROLS,CLEAR,DAYLIGHT,ANGLE,OTHER,,STRAIGHT AND LEVEL,DRY,UNKNOWN,ON SCENE,NO INJURY / DRIVE AWAY,,,,"OVER $1,500",7/29/2023 12:25,"OPERATING VEHICLE IN ERRATIC, RECKLESS, CARELESS, NEGLIGENT OR AGGRESSIVE MANNER",NOT APPLICABLE,4799,S,LAWNDALE AVE,821,,,,,,,2,NO INDICATION OF INJURY,0,0,0,0,0,2,0,11,7,7,41.8068414,-87.71604492,POINT (-87.71604491956 41.806841400082)
5175bf0e88d63ead7ee315b8bee453ae94b945a721bcbbff29db6b4b231a7bef079787cd1c3d681291315f1771f5c7247642028bec270222e6843773798a2ee0,,,7/30/2023 17:56,30,UNKNOWN,UNKNOWN,CLEAR,DAYLIGHT,OTHER OBJECT,NOT DIVIDED,,STRAIGHT AND LEVEL,DRY,UNKNOWN,ON SCENE,INJURY AND / OR TOW DUE TO CRASH,Y,,,$500 OR LESS,7/30/2023 17:56,UNABLE TO DETERMINE,UNABLE TO DETERMINE,1802,S,PULASKI RD,1012,,Y,,,,,2,NONINCAPACITATING INJURY,1,0,0,1,0,1,0,17,1,7,41.85688604,-87.72505314,POINT (-87.725053143913 41.85688604245)
aa8f8f57f6889ce6b73f4df2228c9af93d6058228bc158333f93d35fdbeccc96931deadb323f79513dbe529536ca2e312e9800074b9569bec3acfcf414a727fe,,,7/29/2023 21:41,30,TRAFFIC SIGNAL,FUNCTIONING PROPERLY,CLEAR,"DARKNESS, LIGHTED ROAD",REAR END,ONE-WAY,,STRAIGHT AND LEVEL,DRY,NO DEFECTS,NOT ON SCENE (DESK REPORT),INJURY AND / OR TOW DUE TO CRASH,,,,"OVER $1,500",7/29/2023 22:25,FAILING TO REDUCE SPEED TO AVOID CRASH,NOT APPLICABLE,3,E,ONTARIO ST,1834,,,,,,,2,"REPORTED, NOT EVIDENT",1,0,0,0,1,3,0,21,7,7,41.89316603,-87.62795628,POINT (-87.627956276626 41.893166032717)
cf28ec04116ba993e19cbe7811f6007cf5d8df51f66e87c4f691490cbf6ef512d14f4005ec61e967fd5aa001db874c370d6cc740123e195d11bf1d4c9a58751d,,N,7/26/2023 1:00,30,NO CONTROLS,NO CONTROLS,CLEAR,UNKNOWN,PARKED MOTOR VEHICLE,NOT DIVIDED,,STRAIGHT AND LEVEL,DRY,NO DEFECTS,ON SCENE,NO INJURY / DRIVE AWAY,,,Y,$500 OR LESS,7/26/2023 9:15,NOT APPLICABLE,NOT APPLICABLE,5527,S,PRINCETON AVE,711,,,,,,,2,NO INDICATION OF INJURY,0,0,0,0,0,1,0,1,4,7,41.79337185,-87.63282178,POINT (-87.632821779628 41.793371852415)