CRASH_RECORD_ID,RD_NO,CRASH_DATE_EST_I,CRASH_DATE,POSTED_SPEED_LIMIT,TRAFFIC_CONTROL_DEVICE,DEVICE_CONDITION,WEATHER_CONDITION,LIGHTING_CONDITION,FIRST_CRASH_TYPE,TRAFFICWAY_TYPE,LANE_CNT,ALIGNMENT,ROADWAY_SURFACE_COND,ROAD_DEFECT,REPORT_TYPE,CRASH_TYPE,INTERSECTION_RELATED_I,NOT_RIGHT_OF_WAY_I,HIT_AND_RUN_I,DAMAGE,DATE_POLICE_NOTIFIED,PRIM_CONTRIBUTORY_CAUSE,SEC_CONTRIBUTORY_CAUSE,STREET_NO,STREET_DIRECTION,STREET_NAME,BEAT_OF_OCCURRENCE,PHOTOS_TAKEN_I,STATEMENTS_TAKEN_I,DOORING_I,WORK_ZONE_I,WORK_ZONE_TYPE,WORKERS_PRESENT_I,NUM_UNITS,MOST_SEVERE_INJURY,INJURIES_TOTAL,INJURIES_FATAL,INJURIES_INCAPACITATING,INJURIES_NON_INCAPACITATING,INJURIES_REPORTED_NOT_EVIDENT,INJURIES_NO_INDICATION,INJURIES_UNKNOWN,CRASH_HOUR,CRASH_DAY_OF_WEEK,CRASH_MONTH,LATITUDE,LONGITUDE,LOCATION
80c22a2476703dd1317d724fa9ea97070fddedeb5402609a2065d3f1624fcbd140013a3f4ccab4f177a7f08219cf936be0efd1f051ee87c1a9ff7f35d7feabd9,,,7/29/2023 22:30,0,NO CONTROLS,NO CONTROLS,CLEAR,"DARKNESS, LIGHTED ROAD",PARKED MOTOR VEHICLE,OTHER,,STRAIGHT AND LEVEL,DRY,NO DEFECTS,ON SCENE,NO INJURY / DRIVE AWAY,,Y,,"OVER $1,500",7/29/2023 22:35,UNABLE TO DETERMINE,UNABLE TO DETERMINE,66,E,ILLINOIS ST,1834,,,,,,,2,NO INDICATION OF INJURY,0,0,0,0,0,1,0,22,7,7,41.89102306,-87.62541861,POINT (-87.625418609752 41.891023061681)
657b2a8e4251c7fc4d74cd3a9aaf797b8a1aa0cc1cda77ca53f0cb370604441c44e7dda781533ab500d47a2f6f36b675ca51bec6bdc5e750eeb520f98fb22c99,,,7/30/2023 19:41,30,UNKNOWN,NO CONTROLS,CLEAR,"DARKNESS, LIGHTED ROAD",PEDESTRIAN,NOT DIVIDED,,STRAIGHT AND LEVEL,DRY,NO DEFECTS,ON SCENE,INJURY AND / OR TOW DUE TO CRASH,,,,$500 OR LESS,7/30/2023 19:41,UNABLE TO DETERMINE,UNABLE TO DETERMINE,4038,W,ARMITAGE AVE,2525,,,Y,,,,2,NONINCAPACITATING INJURY,1,0,0,1,0,1,0,19,1,7,41.91725446,-87.72815772,POINT (-87.72815771965 41.917254454814)
5350db1671dd01d0be29694afcb96e7992e10a94e41465624faf0d8324747bce5bdbd2c9c8620e808a1ae0a1628fb65c54d693facd44cdceb5d818585cd22fbd,,,7/29/2023 20:24,30,NO CONTROLS,NO CONTROLS,CLEAR,"DARKNESS, LIGHTED ROAD",SIDESWIPE SAME DIRECTION,ONE-WAY,,STRAIGHT AND LEVEL,DRY,NO DEFECTS,NOT ON SCENE (DESK REPORT),NO INJURY / DRIVE AWAY,,,,"OVER $1,500",7/29/2023 21:20,FAILING TO REDUCE SPEED TO AVOID CRASH,NOT APPLICABLE,400,S,CLARK ST,122,,,,,,,2,NO INDICATION OF INJURY,0,0,0,0,0,4,0,20,7,7,41.87681825,-87.6308945,POINT (-87.630894500009 41.876818253091)
282aec7b154472b3f2f6065d3753a0189b5a6a0d9c3ab05ffa65100b9b24d13e4c8ec0dd3523255255e017231f7f9d3f0506c83d98db1055e74b70ebf61297c6,,,7/30/2023 16:09,30,NO CONTROLS,NO CONTROLS,CLEAR,DAYLIGHT,PARKED MOTOR VEHICLE,ONE-WAY,,STRAIGHT AND LEVEL,DRY,NO DEFECTS,ON SCENE,NO INJURY / DRIVE AWAY,,,,"OVER $1,500",7/30/2023 16:33,IMPROPER BACKING,DRIVING SKILLS/KNOWLEDGE/EXPERIENCE,908,N,RIDGEWAY AVE,1112,,,,,,,2,NO INDICATION OF INJURY,0,0,0,0,0,1,0,16,1,7,41.8975637,-87.7201915,POINT (-87.720191498203 41.89756370396)
3059757a0d7c6846dccfab6112fd0b0b07db6a87a1156d9c9cc99c56a28770c26525a83159fd98f2d90b5f02ebc39badb5ae7147e87ed3a58cb828c5ce4555eb,,,7/24/2023 15:40,35,NO CONTROLS,NO CONTROLS,CLEAR,DAYLIGHT,REAR END,ONE-WAY,,STRAIGHT AND LEVEL,DRY,NO DEFECTS,NOT ON SCENE (DESK REPORT),NO INJURY / DRIVE AWAY,,,,"$501 - $1,500",7/24/2023 15:50,UNABLE TO DETERMINE,UNABLE TO DETERMINE,3220,N,LAKE SHORE DR,1925,,,,,,,2,NO INDICATION OF INJURY,0,0,0,0,0,4,0,15,2,7,41.94103992,-87.63956341,POINT (-87.639563405862 41.941039916719)
e379f923cceac38d26d57f977733bb4096ea78e3b468ac66e0b157841c4ef150e3bb60668eda36e17e4850b2b48cb2dd7c29f51f968c492fd9bceb2ff36e0981,,,7/30/2023 10:30,30,TRAFFIC SIGNAL,FUNCTIONING PROPERLY,CLEAR,DAYLIGHT,ANGLE,FOUR WAY,,STRAIGHT AND LEVEL,DRY,NO DEFECTS,NOT ON SCENE (DESK REPORT),NO INJURY / DRIVE AWAY,Y,,,"$501 - $1,500",7/30/2023 13:45,DISREGARDING TRAFFIC SIGNALS,DISREGARDING TRAFFIC SIGNALS,1600,W,CERMAK RD,1234,,,,,,,2,NO INDICATION OF INJURY,0,0,0,0,0,2,0,10,1,7,41.85243805,-87.66615223,POINT (-87.666152230449 41.852438049213)
922f52f3cb2db9001a7a1efc4dd46bca9cb69427f2edb7021d8cb91abcfd41a7b9eb6ef3829395052e2c4eab3b975bddf79c325eb84ef221a90dc3395ed9676c,,,7/30/2023 19:00,30,TRAFFIC SIGNAL,FUNCTIONING PROPERLY,CLEAR,DAYLIGHT,PEDALCYCLIST,FOUR WAY,,STRAIGHT AND LEVEL,DRY,NO DEFECTS,ON SCENE,INJURY AND / OR TOW DUE TO CRASH,Y,,,"OVER $1,500",7/30/2023 19:18,DRIVING ON WRONG SIDE/WRONG WAY,NOT APPLICABLE,100,E,26TH ST,133,,,Y,N,,,2,INCAPACITATING INJURY,1,0,1,0,0,1,0,19,1,7,41.84575258,-87.62333211,POINT (-87.623332112829 41.845752575929)
38cf037bbc16fcf7b6573ea3f2619297e48457d20af2a091ff8a36a1891d39497b55bcf61cc01c9b08b099eb7ef3aea2727e855d6da3c89034160e35fa0fbec7,,,7/30/2023 17:00,35,TRAFFIC SIGNAL,FUNCTIONING PROPERLY,CLEAR,DAYLIGHT,SIDESWIPE SAME DIRECTION,DIVIDED - W/MEDIAN (NOT RAISED),,STRAIGHT AND LEVEL,DRY,NO DEFECTS,ON SCENE,NO INJURY / DRIVE AWAY,Y,,,"OVER $1,500",7/30/2023 18:04,UNABLE TO DETERMINE,UNABLE TO DETERMINE,1931,N,WESTERN AVE,1434,,,,,,,2,NO INDICATION OF INJURY,0,0,0,0,0,6,0,17,1,7,41.91663224,-87.68723765,POINT (-87.687237647133 41.916632237324)
57e0da04ddf5cc7daaa28b4b9b44df9503181f22eb8815b4d2c831873f7e75a8fef0c3d0d3aa10136a08b0913752576b73ff4c05704ae4d23efafa87d903fcfd,,,7/28/2023 15:40,30,NO CONTROLS,NO CONTROLS,CLEAR,DAYLIGHT,PARKED MOTOR VEHICLE,NOT DIVIDED,,STRAIGHT AND LEVEL,DRY,NO DEFECTS,NOT ON SCENE (DESK REPORT),NO INJURY / DRIVE AWAY,,,,"OVER $1,500",7/29/2023 13:35,UNABLE TO DETERMINE,UNABLE TO DETERMINE,509,E,44TH ST,221,,,,,,,2,NO INDICATION OF INJURY,0,0,0,0,0,1,0,15,6,7,41.81476667,-87.61364767,POINT (-87.613647669824 41.814766666576)
e96cd5a47daab332d048fe642c5a4b462fcb8017aedf5949d16a8bbda1529783c315724d15595f8ff0f60c3e9464da9602aeb2f31bf8c7638c8af9cfca15cd5a,,,7/29/2023 15:23,30,NO CONTROLS,NO CONTROLS,CLEAR,DAYLIGHT,REAR END,ONE-WAY,,STRAIGHT AND LEVEL,UNKNOWN,UNKNOWN,NOT ON SCENE (DESK REPORT),NO INJURY / DRIVE AWAY,,,,"OVER $1,500",7/29/2023 17:20,FOLLOWING TOO CLOSELY,NOT APPLICABLE,9824,S,HALSTED ST,2223,,,,,,,2,NO INDICATION OF INJURY,0,0,0,0,0,2,0,15,7,7,41.71514946,-87.64318792,POINT (-87.643187917608 41.715149456405)
ee220fc8cec5ce5ebed6925b731fdd71464f87fbe8fb5ecc5cb88840cad88cbfe9bcdd07e0deed3b01f0f583245b9c4f9d4f635f511ba79ef7544dda927a2e79,,,7/29/2023 18:30,10,NO CONTROLS,NO CONTROLS,CLEAR,DAYLIGHT,PARKED MOTOR VEHICLE,OTHER,,STRAIGHT AND LEVEL,DRY,NO DEFECTS,NOT ON SCENE (DESK REPORT),NO INJURY / DRIVE AWAY,,Y,,"OVER $1,500",7/30/2023 10:10,IMPROPER BACKING,FAILING TO REDUCE SPEED TO AVOID CRASH,631,N,LA SALLE DR,1832,,,,,,,2,NO INDICATION OF INJURY,0,0,0,0,0,2,0,18,7,7,41.8932512,-87.63249301,POINT (-87.632493012229 41.893251198465)
b963c622c21b9517b34c657fb4ea8773db0288d66c28f1ac0c0a3cd900fcfae3d8953e5252f43b57eb0f4c865a03e2fc4670a230a0d94eebc6cd7c669bf5145f,,,7/30/2023 17:19,30,NO CONTROLS,NO CONTROLS,CLEAR,DAYLIGHT,PEDESTRIAN,ONE-WAY,,STRAIGHT AND LEVEL,DRY,NO DEFECTS,ON SCENE,NO INJURY / DRIVE AWAY,,,,"OVER $1,500",7/30/2023 17:19,NOT APPLICABLE,NOT APPLICABLE,13300,S,ST LAWRENCE AVE,533,,,,,,,2,NO INDICATION OF INJURY,0,0,0,0,0,3,0,17,1,7,41.65355262,-87.60772882,POINT (-87.607728823277 41.653552620328)
f511bf34708852357bf1fc74a762730c0e68dad88a59e5a621224c4e08b289fb94bba1dc5a4793d3023cc8d5a68ddbf6ee7cf73036e77e6f6cb379085ff0d599,,,7/29/2023 13:30,10,NO CONTROLS,NO CONTROLS,CLEAR,DAYLIGHT,ANGLE,PARKING LOT,,STRAIGHT AND LEVEL,DRY,NO DEFECTS,NOT ON SCENE (DESK REPORT),NO INJURY / DRIVE AWAY,,,,"$501 - $1,500",7/29/2023 14:33,NOT APPLICABLE,NOT APPLICABLE,3743,S,ARCHER AVE,911,,,,,,,2,NO INDICATION OF INJURY,0,0,0,0,0,3,0,13,7,7,41.82543014,-87.68551979,POINT (-87.685519791733 41.82543014344)
73d0ed6b507df6bd7745a28f443b07008f2b9857fda0002fb0db9f6aa96a697e752e4f15e5449a6e1c336c33e5a2a0c0a1a0c66766db69238dafb5d617d6c5cd,,,7/29/2023 16:00,30,NO CONTROLS,NO CONTROLS,CLEAR,DAYLIGHT,SIDESWIPE SAME DIRECTION,NOT DIVIDED,,STRAIGHT AND LEVEL,DRY,NO DEFECTS,NOT ON SCENE (DESK REPORT),NO INJURY / DRIVE AWAY,,,Y,"OVER $1,500",7/30/2023 15:25,UNABLE TO DETERMINE,UNABLE TO DETERMINE,2457,N,HALSTED ST,1935,,,,,,,2,NO INDICATION OF INJURY,0,0,0,0,0,2,0,16,7,7,41.92701184,-87.64866887,POINT (-87.648668869919 41.927011836156)
20cde6cbc1858acb18b7605e09ce965a40b1d6a6e8ea9795f30e18076e9ffe5f521d029f0e06567a4990b2bc4c66b0ae5ce662d64016361b43b1687955c99788,,,7/30/2023 11:30,30,NO CONTROLS,NO CONTROLS,CLEAR,DAYLIGHT,PARKED MOTOR VEHICLE,NOT DIVIDED,,STRAIGHT AND LEVEL,UNKNOWN,UNKNOWN,NOT ON SCENE (DESK REPORT),NO INJURY / DRIVE AWAY,,,Y,"$501 - $1,500",7/30/2023 13:45,UNABLE TO DETERMINE,UNABLE TO DETERMINE,7621,S,GREENWOOD AVE,624,,,,,,,2,NO INDICATION OF INJURY,0,0,0,0,0,1,0,11,1,7,41.7561333,-87.59785547,POINT (-87.597855465466 41.756133301387)
a59f50d4e0b40985153671eadab48aa54a189b1902909f5afd90a53f8689505ba6a3ffca408fbdfbc26101d264abfb184699660e7731d65eac3afd403c01c5f7,,,7/25/2023 21:40,30,TRAFFIC SIGNAL,UNKNOWN,CLEAR,DARKNESS,TURNING,FOUR WAY,,STRAIGHT AND LEVEL,DRY,UNKNOWN,ON SCENE,INJURY AND / OR TOW DUE TO CRASH,Y,,,"OVER $1,500",7/25/2023 23:10,IMPROPER LANE USAGE,NOT APPLICABLE,2399,W,DIVERSEY AVE,1432,,,,,,,2,NO INDICATION OF INJURY,0,0,0,0,0,2,0,21,3,7,41.9320683,-87.68776348,POINT (-87.68776347967 41.932068303434)
417e399c252550c23af92ab0c6107444e4baa67776804381fb2c5faf60dddf7d6fdf0176381b60994ede3ef24cebf2c67c5edad4b98bf1f40c3be30c23255e7f,,Y,7/27/2023 19:00,30,NO CONTROLS,NO CONTROLS,CLEAR,UNKNOWN,PARKED MOTOR VEHICLE,PARKING LOT,,STRAIGHT AND LEVEL,UNKNOWN,UNKNOWN,NOT ON SCENE (DESK REPORT),NO INJURY / DRIVE AWAY,,N,N,"$501 - $1,500",7/29/2023 12:50,UNABLE TO DETERMINE,NOT APPLICABLE,10000,W,BALMORAL AVE,1650,,,,,,,2,NO INDICATION OF INJURY,0,0,0,0,0,1,0,19,5,7,,,
906e07e490d7ca45bdcf9c34124b8698598a636afdaa0b8e427732ca2b4a222aa52b790fbe4cd8f6a34e71e93a29b67936bce6c96bb13304fc049fb7fbcdca6f,,,7/30/2023 0:17,10,NO CONTROLS,NO CONTROLS,CLEAR,"DARKNESS, LIGHTED ROAD",REAR TO SIDE,PARKING LOT,,STRAIGHT AND LEVEL,DRY,NO DEFECTS,NOT ON SCENE (DESK REPORT),NO INJURY / DRIVE AWAY,,Y,Y,"$501 - $1,500",7/30/2023 2:00,IMPROPER BACKING,NOT APPLICABLE,150,W,ROOSEVELT RD,123,,,,,,,2,NO INDICATION OF INJURY,0,0,0,0,0,3,0,0,1,7,41.86745273,-87.63233424,POINT (-87.632334236597 41.867452730876)
1a5757a7042b65e90bcfae6d67b214cfa335876ef8811a9ab8662286c89f20d774efd100703a5bddf2baa6db50ca7341101e3e475e974b0f1bef66bca3f9c3bf,,Y,7/28/2023 21:08,30,NO CONTROLS,NO CONTROLS,RAIN,UNKNOWN,PARKED MOTOR VEHICLE,NOT DIVIDED,,STRAIGHT AND LEVEL,WET,NO DEFECTS,ON SCENE,NO INJURY / DRIVE AWAY,,,Y,"$501 - $1,500",7/29/2023 19:22,UNABLE TO DETERMINE,UNABLE TO DETERMINE,2040,W,LE MOYNE ST,1424,,,,,,,2,NO INDICATION OF INJURY,0,0,0,0,0,1,0,21,6,7,41.90833599,-87.67904473,POINT (-87.679044727129 41.908335990339)
6aba853bb6210cc5569d6b74e00f62215b7566d1726c3ab4284550dbeb44292374622a404ade793257e984682e051c0897933131cbabca1f710e7bb73cee00b9,,,7/29/2023 17:33,10,UNKNOWN,UNKNOWN,CLEAR,DAYLIGHT,REAR END,T-INTERSECTION,,STRAIGHT AND LEVEL,DRY,UNKNOWN,NOT ON SCENE (DESK REPORT),NO INJURY / DRIVE AWAY,,,,"$501 - $1,500",7/29/2023 20:00,FOLLOWING TOO CLOSELY,UNABLE TO DETERMINE,1124,S,DELANO CT W,123,,,,,,,2,NO INDICATION OF INJURY,0,0,0,0,0,2,0,17,7,7,41.86791459,-87.63294829,POINT (-87.632948287241 41.867914587255)
84fa6a9dc19ddba1e33f57e58c1cc44f2f7f1db3e1316d5cc963cfbabec7434a3fde347246475c7080ab60b1980c9f3b2a3562c021661f087237247dc563658a,,,7/30/2023 11:50,25,NO CONTROLS,NO CONTROLS,CLEAR,DAYLIGHT,SIDESWIPE SAME DIRECTION,NOT DIVIDED,,STRAIGHT AND LEVEL,DRY,NO DEFECTS,ON SCENE,NO INJURY / DRIVE AWAY,,,,"OVER $1,500",7/30/2023 11:51,DRIVING SKILLS/KNOWLEDGE/EXPERIENCE,NOT APPLICABLE,3822,W,84TH ST,834,,,,,,,2,NO INDICATION OF INJURY,0,0,0,0,0,2,0,11,1,7,41.74052339,-87.71770775,POINT (-87.71770774654 41.740523387309)
132249983184a36266295322b08e72d328070dc0616d423cd1a16ab840d7a4f48c87c130c17e40cfd541f6c7c1e80e85d00faa3ecc8a8e3cd2f49c6d701ec35c,,,7/30/2023 16:55,35,TRAFFIC SIGNAL,FUNCTIONING PROPERLY,CLEAR,DAYLIGHT,PEDALCYCLIST,NOT DIVIDED,,STRAIGHT AND LEVEL,DRY,NO DEFECTS,ON SCENE,NO INJURY / DRIVE AWAY,Y,,,"OVER $1,500",7/30/2023 16:56,UNABLE TO DETERMINE,UNABLE TO DETERMINE,2000,N,DAMEN AVE,1432,,,,,,,2,NO INDICATION OF INJURY,0,0,0,0,0,5,0,16,1,7,41.91779304,-87.67776977,POINT (-87.677769767737 41.917793041023)
994364bd274d033cd2372cead4c7fac623fae9a8225a6bc3f54d16b110dd63290e8aea678bd108178712862338c6f635d2851a11d81b8b01346e1bbdbf030028,,,7/28/2023 16:30,30,NO CONTROLS,NO CONTROLS,CLEAR,DAYLIGHT,SIDESWIPE SAME DIRECTION,NOT DIVIDED,,STRAIGHT AND LEVEL,DRY,UNKNOWN,NOT ON SCENE (DESK REPORT),INJURY AND / OR TOW DUE TO CRASH,,,,"OVER $1,500",7/28/2023 20:15,IMPROPER LANE USAGE,NOT APPLICABLE,5800,S,WESTERN AVE,824,,,,,,,2,"REPORTED, NOT EVIDENT",1,0,0,0,1,1,0,16,6,7,41.78826406,-87.684028,POINT (-87.684028002172 41.788264056992)
a8d9bf0e3d579a81de1aa9299bc4b78c0d74fade3792da5a7cdbbaad0a45074062d70cc0ed163254844f995535dadbb17acf5c224a21da49f14c8cebe0421c7c,,,7/29/2023 6:36,30,TRAFFIC SIGNAL,FUNCTIONING PROPERLY,CLEAR,DAYLIGHT,ANGLE,FOUR WAY,,STRAIGHT AND LEVEL,DRY,NO DEFECTS,ON SCENE,INJURY AND / OR TOW DUE TO CRASH,Y,,,"OVER $1,500",7/29/2023 7:20,DISREGARDING TRAFFIC SIGNALS,NOT APPLICABLE,700,W,ADAMS ST,121,,,,,,,2,"REPORTED, NOT EVIDENT",1,0,0,0,1,1,0,6,7,7,41.8793674,-87.64410546,POINT (-87.644105461341 41.879367396259)
d501e1a396e319b577b1fe98a63862f4b653c7492ac6007284d8c1fdb675aba448eae1201b618a5d66fc864831f2a786ef00f387c02e8774b0301b0c8f20fb04,,,7/30/2023 17:20,30,UNKNOWN,UNKNOWN,CLEAR,DAYLIGHT,SIDESWIPE SAME DIRECTION,NOT DIVIDED,,STRAIGHT AND LEVEL,UNKNOWN,UNKNOWN,NOT ON SCENE (DESK REPORT),NO INJURY / DRIVE AWAY,,,,"$501 - $1,500",7/30/2023 17:57,UNABLE TO DETERMINE,UNABLE TO DETERMINE,643,N,ORLEANS ST,1831,,,,,,,2,NO INDICATION OF INJURY,0,0,0,0,0,3,0,17,1,7,41.89369619,-87.63694999,POINT (-87.636949985135 41.893696187411)
f1c2a5da0ec0a5a138595d1e5cb0f52f2f8c4c90aa9d1520ded0627d72a642f6433e320ec3fd666ccc52d4670a96f2a490f07a685db0a2e139f4cfb2bca7c67e,,,7/29/2023 13:30,30,TRAFFIC SIGNAL,FUNCTIONING PROPERLY,CLEAR,"DARKNESS, LIGHTED ROAD",ANGLE,FOUR WAY,,STRAIGHT AND LEVEL,WET,NO DEFECTS,NOT ON SCENE (DESK REPORT),INJURY AND / OR TOW DUE TO CRASH,Y,,,"OVER $1,500",7/29/2023 20:30,DISREGARDING OTHER TRAFFIC SIGNS,FAILING TO YIELD RIGHT-OF-WAY,1979,S,UNION AVE,1235,,,,,,,2,NO INDICATION OF INJURY,0,0,0,0,0,2,0,13,7,7,41.8553608,-87.64500069,POINT (-87.645000689982 41.855360800231)
3504199219c3a0ed5ff21a787b05b03e202faaa2fbf79afe12818d1fae1aa2311d2ee2519b565e33265375f7cac412d5a65e4f854b730fe4f808452000a8121d,,,7/29/2023 23:50,30,NO CONTROLS,NO CONTROLS,CLEAR,"DARKNESS, LIGHTED ROAD",ANGLE,FOUR WAY,,STRAIGHT AND LEVEL,DRY,NO DEFECTS,ON SCENE,INJURY AND / OR TOW DUE TO CRASH,Y,,N,"OVER $1,500",7/29/2023 23:58,UNABLE TO DETERMINE,UNABLE TO DETERMINE,5300,W,CHICAGO AVE,1524,,,,,,,2,NONINCAPACITATING INJURY,3,0,0,3,0,1,0,23,7,7,41.8950192,-87.75811788,POINT (-87.758117875797 41.895019202356)
54d942e992238a3a0aebed533e5d468bb1efbd8b28e4cff04f56a0ec2cc1a82fa2fb4c6212b8975f51d580608898696be8ece77331b00ad9c080f5f9392f8fb1,,,7/23/2023 0:33,30,UNKNOWN,UNKNOWN,CLEAR,DARKNESS,TURNING,FOUR WAY,,STRAIGHT AND LEVEL,UNKNOWN,NO DEFECTS,ON SCENE,INJURY AND / OR TOW DUE TO CRASH,Y,,,"OVER $1,500",7/23/2023 0:33,UNABLE TO DETERMINE,NOT APPLICABLE,401,S,LARAMIE AVE,1533,,,,,,,2,INCAPACITATING INJURY,1,0,1,0,0,2,0,0,1,7,41.87480632,-87.75471048,POINT (-87.754710475689 41.87480631867)
74c2d1cc95248993c22ff930b630090abe5313c53cd9e6052ef4bc96d87344a645313d4a89bf37a7c80c1e1fdf5ee08e0d1656a18ef3857b89acf594e8adf4e9,,,7/30/2023 14:48,30,TRAFFIC SIGNAL,FUNCTIONING PROPERLY,CLEAR,DAYLIGHT,TURNING,DIVIDED - W/MEDIAN (NOT RAISED),,STRAIGHT AND LEVEL,DRY,NO DEFECTS,ON SCENE,INJURY AND / OR TOW DUE TO CRASH,Y,,,"OVER $1,500",7/30/2023 15:11,FAILING TO YIELD RIGHT-OF-WAY,NOT APPLICABLE,6698,S,CALIFORNIA AVE,831,,,,,,,2,INCAPACITATING INJURY,1,0,1,0,0,2,0,14,1,7,41.7719121,-87.69335512,POINT (-87.693355117413 41.771912099098)
ece403bf295adce705f73c9b2747f7a94c66046423ea5a9332e05ab243c0e3ab5a9f7dcae6a2c22d5775353e8ada5d8f0b7a7f0437e6e66957c4de31d4abc172,,,7/24/2023 15:50,30,STOP SIGN/FLASHER,FUNCTIONING PROPERLY,CLEAR,DAYLIGHT,ANGLE,DIVIDED - W/MEDIAN (NOT RAISED),,STRAIGHT AND LEVEL,DRY,NO DEFECTS,ON SCENE,NO INJURY / DRIVE AWAY,Y,,Y,"OVER $1,500",7/24/2023 19:30,DISREGARDING STOP SIGN,NOT APPLICABLE,341,W,LOCUST ST,1823,,,,,,,2,NO INDICATION OF INJURY,0,0,0,0,0,2,0,15,2,7,41.89883312,-87.63733544,POINT (-87.637335440121 41.898833124394)
6a8ecc673f5040dbc651bfa2bcc26af32d926506768c109bd54d65208de27e384aa8ced8c6f1a4958dbfbdc07cc857e1707e7ada4e26a592d33411d78ccc6fd4,,,7/30/2023 13:30,30,TRAFFIC SIGNAL,FUNCTIONING PROPERLY,CLEAR,DAYLIGHT,REAR END,NOT DIVIDED,,STRAIGHT AND LEVEL,DRY,NO DEFECTS,NOT ON SCENE (DESK REPORT),NO INJURY / DRIVE AWAY,,,,"OVER $1,500",7/30/2023 17:45,FOLLOWING TOO CLOSELY,FOLLOWING TOO CLOSELY,4000,N,CLARK ST,1912,,,,,,,2,NO INDICATION OF INJURY,0,0,0,0,0,2,0,13,1,7,41.95443244,-87.66244626,POINT (-87.662446259141 41.954432441417)
6f68ef80f03799cab283c44d98d876a4c440c68fb5e6e5ae7c2d81d239be2edec6ff696769215e33b877b45e057f8ae1adc3445e85ad46589b665006c779b65c,,,7/30/2023 14:50,30,TRAFFIC SIGNAL,UNKNOWN,CLEAR,DAYLIGHT,REAR END,NOT DIVIDED,,STRAIGHT AND LEVEL,DRY,UNKNOWN,ON SCENE,NO INJURY / DRIVE AWAY,,,Y,"OVER $1,500",7/30/2023 15:26,UNABLE TO DETERMINE,UNABLE TO DETERMINE,2451,W,TOUHY AVE,2411,,,,,,,4,NO INDICATION OF INJURY,0,0,0,0,0,4,0,14,1,7,42.01212839,-87.69220233,POINT (-87.692202325901 42.012128386362)
f6b900c0c483d19de79a3d55da9f829276a30b3f45ce3f02b78a05d0e2ada124de043741f5c09d20c3fa246c7379b18892d08de8262bb1acaf6ce5468e6badc3,,,7/30/2023 16:20,30,NO CONTROLS,NO CONTROLS,CLEAR,DAYLIGHT,SIDESWIPE SAME DIRECTION,NOT DIVIDED,,STRAIGHT AND LEVEL,DRY,NO DEFECTS,NOT ON SCENE (DESK REPORT),NO INJURY / DRIVE AWAY,,,,"$501 - $1,500",7/30/2023 17:12,NOT APPLICABLE,NOT APPLICABLE,6501,S,CICERO AVE,833,,,,,,,2,NO INDICATION OF INJURY,0,0,0,0,0,3,0,16,1,7,41.77469454,-87.7420133,POINT (-87.742013300808 41.774694541589)
88f90f530c508b2d2a6389c149d8c5bfc0a390809db42ec30c2fa163df649a32a51873c2765418ee94c785ef7a003a41d5fa48b363b0f71814256a9c8c2d9b5c,,,7/30/2023 16:45,15,NO CONTROLS,NO CONTROLS,CLEAR,DAYLIGHT,FIXED OBJECT,ALLEY,,STRAIGHT AND LEVEL,DRY,NO DEFECTS,NOT ON SCENE (DESK REPORT),NO INJURY / DRIVE AWAY,,,,"OVER $1,500",7/30/2023 16:45,"VISION OBSCURED (SIGNS, TREE LIMBS, BUILDINGS, ETC.)",NOT APPLICABLE,2615,W,NORTH AVE,1423,,,,,,,1,NO INDICATION OF INJURY,0,0,0,0,0,3,0,16,1,7,41.91015015,-87.69271466,POINT (-87.692714662493 41.91015014519)
f3c1976c1b00b32d5b562ef26695b06955c0c714112c182812d0a66cc96af952871504bf0d1b2d3cc1c2feacbaf655e82086654df4a8e61f947a93335b2e6876,,,7/30/2023 4:56,30,TRAFFIC SIGNAL,FUNCTIONING PROPERLY,CLEAR,DAWN,REAR END,FOUR WAY,,STRAIGHT AND LEVEL,DRY,NO DEFECTS,ON SCENE,INJURY AND / OR TOW DUE TO CRASH,,,,"OVER $1,500",7/30/2023 5:10,UNDER THE INFLUENCE OF ALCOHOL/DRUGS (USE WHEN ARREST IS EFFECTED),FAILING TO REDUCE SPEED TO AVOID CRASH,1542,E,103RD ST,511,,,,,,,2,NONINCAPACITATING INJURY,2,0,0,2,0,5,0,4,1,7,41.70787909,-87.58611195,POINT (-87.586111953753 41.707879093171)
2dde282b30ab04dfeb436fb158276b4ab5c52d350cdd2ad6ee53382e6441153c4f1b2b3da20d66d597db76989c572f1620066fbf1c49d01cefdb841e3dc76afc,,Y,7/29/2023 18:00,30,TRAFFIC SIGNAL,FUNCTIONING PROPERLY,CLEAR,DAYLIGHT,SIDESWIPE SAME DIRECTION,NOT DIVIDED,,STRAIGHT AND LEVEL,DRY,NO DEFECTS,ON SCENE,NO INJURY / DRIVE AWAY,Y,,Y,"$501 - $1,500",7/29/2023 18:45,UNABLE TO DETERMINE,NOT APPLICABLE,2400,W,PERSHING RD,911,,,,,,,2,NO INDICATION OF INJURY,0,0,0,0,0,2,0,18,7,7,41.82309676,-87.68501895,POINT (-87.685018950616 41.823096760166)