CRASH_RECORD_ID,RD_NO,CRASH_DATE_EST_I,CRASH_DATE,POSTED_SPEED_LIMIT,TRAFFIC_CONTROL_DEVICE,DEVICE_CONDITION,WEATHER_CONDITION,LIGHTING_CONDITION,FIRST_CRASH_TYPE,TRAFFICWAY_TYPE,LANE_CNT,ALIGNMENT,ROADWAY_SURFACE_COND,ROAD_DEFECT,REPORT_TYPE,CRASH_TYPE,INTERSECTION_RELATED_I,NOT_RIGHT_OF_WAY_I,HIT_AND_RUN_I,DAMAGE,DATE_POLICE_NOTIFIED,PRIM_CONTRIBUTORY_CAUSE,SEC_CONTRIBUTORY_CAUSE,STREET_NO,STREET_DIRECTION,STREET_NAME,BEAT_OF_OCCURRENCE,PHOTOS_TAKEN_I,STATEMENTS_TAKEN_I,DOORING_I,WORK_ZONE_I,WORK_ZONE_TYPE,WORKERS_PRESENT_I,NUM_UNITS,MOST_SEVERE_INJURY,INJURIES_TOTAL,INJURIES_FATAL,INJURIES_INCAPACITATING,INJURIES_NON_INCAPACITATING,INJURIES_REPORTED_NOT_EVIDENT,INJURIES_NO_INDICATION,INJURIES_UNKNOWN,CRASH_HOUR,CRASH_DAY_OF_WEEK,CRASH_MONTH,LATITUDE,LONGITUDE,LOCATION
aabb20d0c3be8454f40a96edd5f16c66fce07cc1403b5eed5e87a7d3ab9aab3a5f02d9ba9593c5f608adf8a042319e8a292bea615ff595442c70179162317cfb,,,7/27/2023 15:20,30,TRAFFIC SIGNAL,UNKNOWN,CLEAR,DAYLIGHT,SIDESWIPE SAME DIRECTION,FOUR WAY,,STRAIGHT AND LEVEL,DRY,UNKNOWN,NOT ON SCENE (DESK REPORT),NO INJURY / DRIVE AWAY,,,,"OVER $1,500",7/27/2023 15:20,UNABLE TO DETERMINE,UNABLE TO DETERMINE,9500,S,JEFFERY AVE,431,,N,,,,,2,NO INDICATION OF INJURY,0,0,0,0,0,2,0,15,5,7,41.72237591,-87.5754999,POINT (-87.575499903328 41.722375907041)
1cd82ef138251c7c57ef14a9e7085a0034af4b104fb6b7f9685303eb7bfcb4429b97ec4121bf1f0569f05737a0aa6e723b0ebfdf2c342f26376692908ec61ef7,,,7/29/2023 17:30,30,NO CONTROLS,NO CONTROLS,CLEAR,DUSK,SIDESWIPE SAME DIRECTION,NOT DIVIDED,,STRAIGHT AND LEVEL,DRY,NO DEFECTS,NOT ON SCENE (DESK REPORT),NO INJURY / DRIVE AWAY,,,,"OVER $1,500",7/30/2023 11:10,FAILING TO YIELD RIGHT-OF-WAY,NOT APPLICABLE,11,W,WALTON ST,1832,,,,,,,2,NO INDICATION OF INJURY,0,0,0,0,0,2,0,17,7,7,41.89982036,-87.62878263,POINT (-87.628782624878 41.899820361726)
0bcf6ab8aaab669ccfb38d04aa30e7909b6b3cf42cf1c1f8dda11416dee1824d8460cb4d49282ab50414579d83962c0f68c8ee2b117bd022eea90af6c963a0d7,,,7/30/2023 7:09,30,NO CONTROLS,NO CONTROLS,CLEAR,DAYLIGHT,PARKED MOTOR VEHICLE,ONE-WAY,,STRAIGHT AND LEVEL,DRY,NO DEFECTS,ON SCENE,INJURY AND / OR TOW DUE TO CRASH,,,,"OVER $1,500",7/30/2023 7:20,UNABLE TO DETERMINE,UNABLE TO DETERMINE,4311,W,POTOMAC AVE,2534,,,,,,,2,NO INDICATION OF INJURY,0,0,0,0,0,1,0,7,1,7,41.90424501,-87.73423495,POINT (-87.734234953548 41.904245009128)
c97427d8d75a68422c37b3a5588e2b7807b4d00bc3c145a4980235ee19805f198ce6bfc784c15b6877652dba556faab161fa264f99e13441f2477ca89864a016,,,7/29/2023 18:01,10,NO CONTROLS,NO CONTROLS,CLEAR,DAYLIGHT,PARKED MOTOR VEHICLE,PARKING LOT,,STRAIGHT AND LEVEL,DRY,NO DEFECTS,NOT ON SCENE (DESK REPORT),NO INJURY / DRIVE AWAY,,,,"$501 - $1,500",7/29/2023 18:15,IMPROPER BACKING,NOT APPLICABLE,820,W,ADDISON ST,1923,,,,,,,2,NO INDICATION OF INJURY,0,0,0,0,0,2,0,18,7,7,41.9474203,-87.65027681,POINT (-87.650276814445 41.947420299655)
928af855c214e50a58840650623fffedd4f2a30afd5eeb20f7c7fc03e68ceb7f9d603ce1d2fc4496ec531778830888b7b656d458a1d417b00f21c776cfa971a6,,,7/30/2023 2:10,30,NO CONTROLS,NO CONTROLS,CLEAR,"DARKNESS, LIGHTED ROAD",SIDESWIPE SAME DIRECTION,NOT DIVIDED,,STRAIGHT AND LEVEL,DRY,NO DEFECTS,NOT ON SCENE (DESK REPORT),NO INJURY / DRIVE AWAY,,,,"OVER $1,500",7/30/2023 3:25,FAILING TO YIELD RIGHT-OF-WAY,NOT APPLICABLE,119,W,HUBBARD ST,1831,,,,,,,2,NO INDICATION OF INJURY,0,0,0,0,0,2,0,2,1,7,41.88990105,-87.6319445,POINT (-87.631944501669 41.889901047854)
b193a06819add10d178e94464e1aedad8e921d2763dc4f13d3ecded5fd77280740c4a17574783cb383d50922361f60d99b05f1b498225a80e45432f9a1293560,,,7/30/2023 1:34,30,TRAFFIC SIGNAL,FUNCTIONING PROPERLY,CLEAR,"DARKNESS, LIGHTED ROAD",ANGLE,FOUR WAY,,STRAIGHT AND LEVEL,DRY,NO DEFECTS,ON SCENE,INJURY AND / OR TOW DUE TO CRASH,N,,Y,"OVER $1,500",7/30/2023 1:51,UNABLE TO DETERMINE,UNABLE TO DETERMINE,7100,S,WENTWORTH AVE,731,,,,,,,2,INCAPACITATING INJURY,1,0,1,0,0,1,0,1,1,7,41.76534136,-87.62991458,POINT (-87.629914574932 41.7653413584)
ddb787046747ddde7a9400be8f4547839bd14293f5c6c348f277296caadba53b054581fb1cddb332906a5f0afe8be381264a1f0eb510401b789e31d1feacd5c9,,,7/29/2023 14:25,25,NO CONTROLS,FUNCTIONING PROPERLY,CLEAR,DAYLIGHT,REAR END,DIVIDED - W/MEDIAN BARRIER,,STRAIGHT AND LEVEL,UNKNOWN,UNKNOWN,NOT ON SCENE (DESK REPORT),NO INJURY / DRIVE AWAY,,,,$500 OR LESS,7/29/2023 16:00,FOLLOWING TOO CLOSELY,UNABLE TO DETERMINE,1430,S,STATE ST,131,,,,,,,2,NO INDICATION OF INJURY,0,0,0,0,0,2,0,14,7,7,41.86314819,-87.62746672,POINT (-87.627466722694 41.863148193801)
f058140ce77a6cde092598236fdd652db5bfb7c19f4e3748493d43ba24bb4b9efeb1317b9f560f84b0a307ef3ab077b970622ef455ae1c7fb10e0486bfd9f30a,,,7/30/2023 11:20,25,NO CONTROLS,NO CONTROLS,CLEAR,DAYLIGHT,REAR END,NOT DIVIDED,,STRAIGHT AND LEVEL,DRY,NO DEFECTS,NOT ON SCENE (DESK REPORT),NO INJURY / DRIVE AWAY,Y,,,"$501 - $1,500",7/30/2023 17:00,UNABLE TO DETERMINE,NOT APPLICABLE,5332,N,ELSTON AVE,1623,,,,,,,2,NO INDICATION OF INJURY,0,0,0,0,0,2,0,11,1,7,41.97811016,-87.75663704,POINT (-87.756637040465 41.978110156656)
7a0a7a3704684182e77436ba6ba0e03fd3918c8c7e211e87e8a729a9bd347baa34378bc2c8413a35ab18b86e8fd9db662e1372150683db3f77dc5108c80b8468,,Y,7/26/2023 4:00,30,NO CONTROLS,NO CONTROLS,UNKNOWN,UNKNOWN,PARKED MOTOR VEHICLE,ONE-WAY,,STRAIGHT AND LEVEL,UNKNOWN,UNKNOWN,NOT ON SCENE (DESK REPORT),NO INJURY / DRIVE AWAY,,,Y,"OVER $1,500",7/28/2023 18:15,UNABLE TO DETERMINE,NOT APPLICABLE,7537,S,COLFAX AVE,421,,,,,,,2,NO INDICATION OF INJURY,0,0,0,0,0,1,0,4,4,7,41.75795196,-87.56135638,POINT (-87.561356380882 41.757951962472)
b592cc55ef966068ba9cc8f4d92dce378983f6d3cc36dc32cbce24dfa11a81f5f6c9646a835bb73e47517a85175506bb1cd8ed8ad0685e1764c8e35d64691be3,,,7/30/2023 18:59,30,NO CONTROLS,NO CONTROLS,CLEAR,DAYLIGHT,REAR TO FRONT,NOT DIVIDED,,STRAIGHT AND LEVEL,DRY,NO DEFECTS,NOT ON SCENE (DESK REPORT),NO INJURY / DRIVE AWAY,,,,"$501 - $1,500",7/30/2023 19:00,IMPROPER BACKING,NOT APPLICABLE,11,E,11TH ST,123,,,,,,,2,NO INDICATION OF INJURY,0,0,0,0,0,3,0,18,1,7,41.8691336,-87.62712063,POINT (-87.627120626432 41.869133597227)
fa1d70bea712a62328c30dae0b83ad30dffdde86f2bbfe382a20fb694f4fa1ad83697ce3b6e4f3ba9fd72563ea95a7b6902cf39be85da2dd0d26e8155dd17e4e,,,7/29/2023 16:10,25,TRAFFIC SIGNAL,UNKNOWN,UNKNOWN,UNKNOWN,REAR END,DIVIDED - W/MEDIAN (NOT RAISED),,STRAIGHT AND LEVEL,UNKNOWN,UNKNOWN,NOT ON SCENE (DESK REPORT),NO INJURY / DRIVE AWAY,,,,"OVER $1,500",7/30/2023 13:33,FOLLOWING TOO CLOSELY,FOLLOWING TOO CLOSELY,5811,W,BELMONT AVE,2514,,,,,,,2,NO INDICATION OF INJURY,0,0,0,0,0,3,0,16,7,7,41.93839561,-87.77180643,POINT (-87.771806432225 41.938395609425)
7d1f9e23b744a70b0a7bc95298684a5aab03b9db1c445d9d5d83d95138df61b5ec738828d76426871131af66deed1b6ce9b6bfca93441425427413c02640f953,,,7/30/2023 20:15,25,NO CONTROLS,NO CONTROLS,CLEAR,"DARKNESS, LIGHTED ROAD",PARKED MOTOR VEHICLE,ONE-WAY,,STRAIGHT AND LEVEL,DRY,NO DEFECTS,NOT ON SCENE (DESK REPORT),NO INJURY / DRIVE AWAY,,,,"OVER $1,500",7/30/2023 21:15,DRIVING SKILLS/KNOWLEDGE/EXPERIENCE,FAILING TO REDUCE SPEED TO AVOID CRASH,3950,N,ST LOUIS AVE,1732,,,,,,,2,NO INDICATION OF INJURY,0,0,0,0,0,1,0,20,1,7,41.95350245,-87.71549986,POINT (-87.715499861203 41.95350244728)
9548708b00752e517bf99f95d89205763f9c7d4ee34edcc48f8e3cd4d07564fb3090a780fea289708a2f96fb1fb4e06059130eeb5ccfca0d9b97cd1e985cdd77,,,7/30/2023 16:20,30,NO CONTROLS,NO CONTROLS,CLEAR,DAYLIGHT,REAR END,NOT DIVIDED,,STRAIGHT AND LEVEL,DRY,NO DEFECTS,ON SCENE,INJURY AND / OR TOW DUE TO CRASH,,,,"OVER $1,500",7/30/2023 16:22,DISTRACTION - FROM OUTSIDE VEHICLE,NOT APPLICABLE,2636,N,CLARK ST,1935,,,,,,,2,NO INDICATION OF INJURY,0,0,0,0,0,2,0,16,1,7,41.93057033,-87.64398013,POINT (-87.64398013336 41.930570333546)
d3395b1d4c1d2100220fa84e28ca25b982fd74fd1b978729752f5117e4a90774d696c2cc76a5dec13f6b40010a797cd96f1c22ab4b8d3ac9d3679d1dcae8f276,,,7/29/2023 10:08,15,NO CONTROLS,NO CONTROLS,CLEAR,DAYLIGHT,HEAD ON,NOT DIVIDED,,STRAIGHT AND LEVEL,DRY,NO DEFECTS,ON SCENE,NO INJURY / DRIVE AWAY,,,Y,"OVER $1,500",7/29/2023 10:46,FAILING TO REDUCE SPEED TO AVOID CRASH,NOT APPLICABLE,1625,S,KEELER AVE,1012,,,,,,,2,NO INDICATION OF INJURY,0,0,0,0,0,2,0,10,7,7,41.85803013,-87.72967057,POINT (-87.729670566402 41.858030124535)
4c97029c3bc5a06c8177652d41499ec184507f3be75264777fded8191c68fc72f9754844480519e71cab75550042aad484c01fc2fa62d7c6cbd017084b7f7297,,,7/30/2023 15:40,30,NO CONTROLS,NO CONTROLS,CLEAR,DAYLIGHT,ANGLE,PARKING LOT,,STRAIGHT AND LEVEL,DRY,NO DEFECTS,NOT ON SCENE (DESK REPORT),NO INJURY / DRIVE AWAY,,Y,,$500 OR LESS,7/30/2023 16:05,IMPROPER BACKING,UNABLE TO DETERMINE,2333,W,MADISON ST,1223,Y,,,,,,2,NO INDICATION OF INJURY,0,0,0,0,0,2,0,15,1,7,41.88106937,-87.68530755,POINT (-87.68530755272 41.881069374222)
20c9b55d40551aaeeabb0458080282a60085cf01209f59ba4b34701ee30026851232eb25254d47ea599e44f73a5ca11903a2adb21452546a24200be4d8e891c1,,,7/29/2023 22:30,30,NO CONTROLS,NO CONTROLS,UNKNOWN,UNKNOWN,FIXED OBJECT,ALLEY,,STRAIGHT AND LEVEL,UNKNOWN,UNKNOWN,ON SCENE,NO INJURY / DRIVE AWAY,,Y,Y,"OVER $1,500",7/30/2023 10:00,UNABLE TO DETERMINE,NOT APPLICABLE,6045,S,LOOMIS BLVD,713,,,,,,,1,NO INDICATION OF INJURY,0,0,0,0,0,1,0,22,7,7,41.78366585,-87.6593159,POINT (-87.659315900134 41.783665845228)
53cc64d418343ad008008556b8570bbdd1c54e8f87f46cfb7d4ea443bc0adfb7f640d6f1e4b723b9259dbaabc8dba0bf960a5b4b95fea060f9f05863a1eaf0b7,,,7/30/2023 10:30,35,NO CONTROLS,NO CONTROLS,CLEAR,DAYLIGHT,ANGLE,FOUR WAY,,STRAIGHT AND LEVEL,DRY,NO DEFECTS,ON SCENE,NO INJURY / DRIVE AWAY,Y,,,"$501 - $1,500",7/30/2023 10:40,FAILING TO YIELD RIGHT-OF-WAY,FAILING TO YIELD RIGHT-OF-WAY,7000,W,GUNNISON ST,1613,,,,,,,2,NO INDICATION OF INJURY,0,0,0,0,0,4,0,10,1,7,41.96840638,-87.80260113,POINT (-87.802601131334 41.968406383249)
5ba2d464e4bc552dffff13d212a562ddc40241034e5d52488aeebfce80a29389ad0dc6454424052eed4de0593fc53586231449ed892d2a1959619dffa3d89131,,,7/29/2023 23:10,30,NO CONTROLS,NO CONTROLS,CLEAR,"DARKNESS, LIGHTED ROAD",PARKED MOTOR VEHICLE,NOT DIVIDED,,STRAIGHT AND LEVEL,DRY,NO DEFECTS,ON SCENE,INJURY AND / OR TOW DUE TO CRASH,,,Y,"OVER $1,500",7/29/2023 23:14,UNABLE TO DETERMINE,NOT APPLICABLE,5730,W,BELMONT AVE,1633,,,,,,,2,NO INDICATION OF INJURY,0,0,0,0,0,3,0,23,7,7,41.93863561,-87.77020598,POINT (-87.770205980361 41.93863560847)
319f294a79bb2d9825818995308925bbb553e676df2777b4c63e5d26c6cbc63ae90590a1ab7dee62ae758a03fec730765dbffc6ba3cb95877f2c43b013a6e46e,,,7/29/2023 21:00,40,NO CONTROLS,NO CONTROLS,CLEAR,"DARKNESS, LIGHTED ROAD",SIDESWIPE SAME DIRECTION,DIVIDED - W/MEDIAN BARRIER,,STRAIGHT AND LEVEL,DRY,NO DEFECTS,NOT ON SCENE (DESK REPORT),NO INJURY / DRIVE AWAY,,,Y,"OVER $1,500",7/29/2023 22:00,FAILING TO YIELD RIGHT-OF-WAY,NOT APPLICABLE,1400,S,LAKE SHORE DR NB,132,,,,,,,2,NO INDICATION OF INJURY,0,0,0,0,0,2,0,21,7,7,41.86403564,-87.61929707,POINT (-87.619297069192 41.864035639814)
9ffe70fe41dd1d79804c8a9156ad9984fa9d7f6c2dc44717ff7bea838e174d9465827384d5f0c1ac8972e1cb20f0f876eab4b741f64b1a7c9d42b269b2c02645,,,7/30/2023 16:59,30,TRAFFIC SIGNAL,FUNCTIONING PROPERLY,CLEAR,DAYLIGHT,TURNING,"FIVE POINT, OR MORE",,STRAIGHT AND LEVEL,DRY,NO DEFECTS,ON SCENE,NO INJURY / DRIVE AWAY,N,,,"OVER $1,500",7/30/2023 16:59,UNABLE TO DETERMINE,UNABLE TO DETERMINE,2400,W,WASHINGTON BLVD,1222,,,,,,,2,NO INDICATION OF INJURY,0,0,0,0,0,3,0,16,1,7,41.88310686,-87.6865851,POINT (-87.686585094853 41.883106860106)
ea3bc37e0aa1b2a22bbeb290746198bd5d7e0044be82b3d16341ef4d814ff78141c776f46f771a331199b108a2b8d58303002c049470ea54295551d1ab15b42c,,,7/29/2023 19:18,30,TRAFFIC SIGNAL,FUNCTIONING PROPERLY,CLEAR,DAYLIGHT,TURNING,FOUR WAY,,STRAIGHT AND LEVEL,DRY,NO DEFECTS,ON SCENE,NO INJURY / DRIVE AWAY,Y,,Y,"OVER $1,500",7/29/2023 19:18,UNABLE TO DETERMINE,NOT APPLICABLE,1200,S,STATE ST,131,,,,,,,2,NO INDICATION OF INJURY,0,0,0,0,0,2,0,19,7,7,41.86733051,-87.62756602,POINT (-87.62756601972 41.867330510881)
491a5807d579a1c06823c40d7f6ffa01be738ce90ea376586fd259afcd7b728546a6fdb1e96f4d6a036e71d3f251b47f6ed453c4ca54871cbcf9352adb8d96c0,,,7/29/2023 20:55,25,TRAFFIC SIGNAL,NOT FUNCTIONING,OTHER,DAYLIGHT,REAR END,NOT DIVIDED,,STRAIGHT AND LEVEL,UNKNOWN,NO DEFECTS,NOT ON SCENE (DESK REPORT),NO INJURY / DRIVE AWAY,Y,,,"OVER $1,500",7/30/2023 13:20,FAILING TO REDUCE SPEED TO AVOID CRASH,NOT APPLICABLE,5800,W,MONTROSE AVE,1622,,,,,,,2,NO INDICATION OF INJURY,0,0,0,0,0,2,0,20,7,7,41.9605272,-87.77219443,POINT (-87.772194430622 41.960527204164)
91bbb59b0fdef19e9c8a3fff756c85064d011a85274cea37f1a0da5a91751d0916246bcbbe95f1b2c24cf85fc60558a3ccf22bc32f062d1f4627a4e0840359a1,,,7/29/2023 18:58,30,NO CONTROLS,NO CONTROLS,CLEAR,DAYLIGHT,TURNING,NOT DIVIDED,,STRAIGHT AND LEVEL,DRY,NO DEFECTS,ON SCENE,INJURY AND / OR TOW DUE TO CRASH,,,,"OVER $1,500",7/29/2023 19:00,FAILING TO YIELD RIGHT-OF-WAY,NOT APPLICABLE,8006,S,WESTERN AVE,835,,,,,,,2,NONINCAPACITATING INJURY,1,0,0,1,0,3,0,18,7,7,41.74806823,-87.68294722,POINT (-87.682947215861 41.748068232257)
cd8e48c400cc2d106dcaec983e9b603d4772713d883b557ae80e90e7d64fda51b15ff5e496db03415be81ef0cc6736b570eadffad770fd4ea1fe1eb2c70fb412,,,7/28/2023 6:10,30,TRAFFIC SIGNAL,FUNCTIONING PROPERLY,RAIN,DAWN,REAR END,NOT DIVIDED,,STRAIGHT AND LEVEL,WET,NO DEFECTS,NOT ON SCENE (DESK REPORT),NO INJURY / DRIVE AWAY,,,,"OVER $1,500",7/28/2023 7:00,FAILING TO REDUCE SPEED TO AVOID CRASH,NOT APPLICABLE,4000,N,PULASKI RD,1722,,,,,,,2,NO INDICATION OF INJURY,0,0,0,0,0,2,0,6,6,7,41.95373705,-87.72776661,POINT (-87.727766611799 41.953737051444)
e1d3c2f281872f7058c141d004f7a84d308bfef3e58b28e75a639cf6493fdb92ee2e746beee3385690e8d30c37d44c7c1ab98241e94cc5c4c872be27b43de2c4,,,7/16/2023 14:40,30,NO CONTROLS,NO CONTROLS,CLEAR,DAYLIGHT,PARKED MOTOR VEHICLE,NOT DIVIDED,,STRAIGHT AND LEVEL,DRY,NO DEFECTS,ON SCENE,NO INJURY / DRIVE AWAY,,,,"OVER $1,500",7/16/2023 14:44,DRIVING SKILLS/KNOWLEDGE/EXPERIENCE,UNABLE TO DETERMINE,3129,W,28TH ST,1033,,,,,,,2,NO INDICATION OF INJURY,0,0,0,0,0,3,0,14,1,7,41.84078819,-87.70364101,POINT (-87.703641009583 41.840788185692)
3c6e2e94c3181d4573d310c4d3a5a2c722e0e5a209981546f3367803b7eb457d84d35eabedc8c879bd29699e7bf9ffd0698a89e3562f4c3e203a5f22da78f401,,,7/28/2023 20:15,30,TRAFFIC SIGNAL,FUNCTIONING PROPERLY,RAIN,"DARKNESS, LIGHTED ROAD",REAR END,FOUR WAY,,STRAIGHT AND LEVEL,WET,NO DEFECTS,NOT ON SCENE (DESK REPORT),NO INJURY / DRIVE AWAY,Y,,,"OVER $1,500",7/28/2023 21:35,FAILING TO REDUCE SPEED TO AVOID CRASH,UNABLE TO DETERMINE,2000,W,79TH ST,611,,,,,,,2,NO INDICATION OF INJURY,0,0,0,0,0,2,0,20,6,7,41.75034044,-87.6731969,POINT (-87.673196897732 41.750340437281)
edcbcccbff24f8d5bd7aa13984e31133d7d00c8e0a8e72c5474bb3e8936f549dea0649aff344fb104de768ed713b2f3fc86f19993b4ef84d07a8df9e613bb779,,,7/30/2023 14:31,30,NO CONTROLS,NO CONTROLS,CLEAR,DAYLIGHT,TURNING,DIVIDED - W/MEDIAN (NOT RAISED),,STRAIGHT AND LEVEL,DRY,NO DEFECTS,ON SCENE,INJURY AND / OR TOW DUE TO CRASH,,,Y,"OVER $1,500",7/30/2023 14:52,FAILING TO YIELD RIGHT-OF-WAY,NOT APPLICABLE,3617,W,COLUMBUS AVE,834,,,,,,,3,NONINCAPACITATING INJURY,1,0,0,1,0,2,0,14,1,7,41.74261839,-87.71237009,POINT (-87.71237008502 41.742618389236)
740788c765d15e358f2742c69e1907df1a33c7d7282eb4fff325b6876e8216094c994e9d7c3b891412d2082535beb980c746229ee8fdf1b1e57150c608f86f42,,,7/29/2023 18:45,30,STOP SIGN/FLASHER,FUNCTIONING PROPERLY,CLEAR,DAYLIGHT,ANGLE,NOT DIVIDED,,STRAIGHT AND LEVEL,DRY,NO DEFECTS,NOT ON SCENE (DESK REPORT),NO INJURY / DRIVE AWAY,N,,Y,"OVER $1,500",7/29/2023 19:55,UNABLE TO DETERMINE,NOT APPLICABLE,1539,N,HOMAN AVE,1422,,,,,,,2,NO INDICATION OF INJURY,0,0,0,0,0,2,0,18,7,7,41.90941716,-87.71174497,POINT (-87.711744965748 41.909417163254)
cf84e229b4dfadf273d65ac558a4e145bb42a4f58b5fb5b508223590bb0731a9a0ebb74cd2cf55893bbe8aa89bc6a6f553788536ca9734d8d274d88477358469,,,7/30/2023 2:26,30,TRAFFIC SIGNAL,FUNCTIONING PROPERLY,CLEAR,"DARKNESS, LIGHTED ROAD",PARKED MOTOR VEHICLE,NOT DIVIDED,,STRAIGHT AND LEVEL,DRY,NO DEFECTS,ON SCENE,INJURY AND / OR TOW DUE TO CRASH,,,Y,"OVER $1,500",7/30/2023 2:26,UNABLE TO DETERMINE,UNABLE TO DETERMINE,4818,W,NORTH AVE,2533,,,,,,,2,NO INDICATION OF INJURY,0,0,0,0,0,1,0,2,1,7,41.90972629,-87.74683744,POINT (-87.746837441247 41.909726286389)
babdb8ee8de94551a1869fc9edbfe2f64210ad5379cd0cdd6e2f5fa61824255aecd1e14ded25b5f64288be9e855a8fd090fc37ad2f56bad0d2bf06ad64795040,,,7/29/2023 11:00,25,UNKNOWN,UNKNOWN,CLEAR,DAYLIGHT,PARKED MOTOR VEHICLE,FOUR WAY,,STRAIGHT AND LEVEL,UNKNOWN,UNKNOWN,NOT ON SCENE (DESK REPORT),NO INJURY / DRIVE AWAY,Y,,,"$501 - $1,500",7/29/2023 14:20,DRIVING SKILLS/KNOWLEDGE/EXPERIENCE,NOT APPLICABLE,135,N,CLINTON ST,121,,,,,,,2,NO INDICATION OF INJURY,0,0,0,0,0,1,0,11,7,7,41.88431283,-87.64112327,POINT (-87.641123266595 41.884312831093)
3b47b25e4e35128da90bf74d246ad4c0c90d04983b3b408135f10369a1dcad6072f031efcb68028090e859789db55a7de4d7cca4bbb23c46dc08983ab9d4cb77,,,7/30/2023 19:00,30,TRAFFIC SIGNAL,FUNCTIONING PROPERLY,CLEAR,DAYLIGHT,ANGLE,FOUR WAY,,STRAIGHT AND LEVEL,DRY,UNKNOWN,NOT ON SCENE (DESK REPORT),INJURY AND / OR TOW DUE TO CRASH,Y,,,"OVER $1,500",7/30/2023 19:10,UNABLE TO DETERMINE,NOT APPLICABLE,3000,W,LOGAN BLVD,1411,,,,,,,2,"REPORTED, NOT EVIDENT",1,0,0,0,1,1,0,19,1,7,41.92853326,-87.70248316,POINT (-87.702483159303 41.92853325507)
9ea1276006f0f065717542d1ac6232fcddde54a5de92f69cec5ce1fa85dbc25769aa79de01869deb423413b805eebc68f8d30e4916740ea40e6e2f917e568ece,,,7/29/2023 10:30,10,UNKNOWN,UNKNOWN,CLEAR,DAYLIGHT,PARKED MOTOR VEHICLE,PARKING LOT,,STRAIGHT AND LEVEL,UNKNOWN,UNKNOWN,NOT ON SCENE (DESK REPORT),NO INJURY / DRIVE AWAY,,,Y,"$501 - $1,500",7/30/2023 16:10,IMPROPER OVERTAKING/PASSING,UNABLE TO DETERMINE,1004,W,WILSON AVE,1914,,,,,,,2,NO INDICATION OF INJURY,0,0,0,0,0,3,0,10,7,7,41.96553723,-87.65502741,POINT (-87.65502740725 41.965537226618)
54a30863d278b4da3339f5198dc0e0034531181d25f89df85f20a472e5766d51c140b8c0e4ad4172f4d6acda1c4520243caa88b8d99d03baa98f29419f61414e,,,7/29/2023 11:50,25,NO CONTROLS,NO CONTROLS,CLEAR,DAYLIGHT,PARKED MOTOR VEHICLE,PARKING LOT,,STRAIGHT AND LEVEL,DRY,NO DEFECTS,NOT ON SCENE (DESK REPORT),NO INJURY / DRIVE AWAY,,Y,,"OVER $1,500",7/29/2023 11:50,NOT APPLICABLE,NOT APPLICABLE,4658,S,KEDZIE AVE,821,,,,,,,2,NO INDICATION OF INJURY,0,0,0,0,0,2,0,11,7,7,41.80820305,-87.70412546,POINT (-87.704125461348 41.808203053915)
a97bd91e3f2bef52835c618157216cc8aee322f9db515cd9d3cad23304f2ce9330de0831892006ba786c81e3fb70640e7f7881caf51ef363dbc9db418f87dc5b,,,7/30/2023 5:26,30,TRAFFIC SIGNAL,FUNCTIONING PROPERLY,CLEAR,"DARKNESS, LIGHTED ROAD",ANGLE,FOUR WAY,,STRAIGHT AND LEVEL,DRY,NO DEFECTS,NOT ON SCENE (DESK REPORT),INJURY AND / OR TOW DUE TO CRASH,Y,,Y,"OVER $1,500",7/30/2023 8:00,DISREGARDING TRAFFIC SIGNALS,FAILING TO YIELD RIGHT-OF-WAY,200,W,OHIO ST,1831,,,,,,,4,NONINCAPACITATING INJURY,1,0,0,1,0,4,0,5,1,7,41.89249742,-87.63416623,POINT (-87.634166225396 41.89249742233)
23c37e470d94decc47a88eef6ad71968d7babe13d53dc302fa05994c72235b74e76e1db274fd8b542c96fdc42badcf34a842df765d063315e1c07a1890232c06,,,7/30/2023 1:00,30,TRAFFIC SIGNAL,FUNCTIONING PROPERLY,CLEAR,"DARKNESS, LIGHTED ROAD",SIDESWIPE SAME DIRECTION,ONE-WAY,,STRAIGHT AND LEVEL,DRY,NO DEFECTS,ON SCENE,NO INJURY / DRIVE AWAY,,,Y,$500 OR LESS,7/30/2023 1:08,UNABLE TO DETERMINE,UNABLE TO DETERMINE,8658,S,LAFAYETTE AVE,622,,,,,,,2,NO INDICATION OF INJURY,0,0,0,0,0,2,0,1,1,7,41.73635995,-87.62559301,POINT (-87.625593005441 41.73635994631)
7fe974901f90a11625bda361a2e21366c9599c3dd29eb5dfc7948f624d42c67e749b2171c8ad5a5ff0260548b974a037327f12113a55e82bfb0261b4175c4a61,,,7/29/2023 20:59,30,NO CONTROLS,NO CONTROLS,CLEAR,DARKNESS,SIDESWIPE SAME DIRECTION,NOT DIVIDED,,STRAIGHT AND LEVEL,DRY,NO DEFECTS,ON SCENE,NO INJURY / DRIVE AWAY,,,,$500 OR LESS,7/29/2023 20:59,NOT APPLICABLE,NOT APPLICABLE,1328,W,64TH ST,724,,,,,,,2,NO INDICATION OF INJURY,0,0,0,0,0,1,0,20,7,7,41.77784962,-87.65803892,POINT (-87.658038916522 41.777849614763)
c5a976d95c8c38d80222d05250856696733dd023014d2832cff2d771f5a72f927e5b567ab97fdac156ae42152f859cc1afb934390942c33e1ef6c115a60a2a8b,,,7/30/2023 18:25,3,TRAFFIC SIGNAL,FUNCTIONING PROPERLY,CLEAR,DAYLIGHT,ANGLE,NOT DIVIDED,,STRAIGHT AND LEVEL,DRY,NO DEFECTS,NOT ON SCENE (DESK REPORT),INJURY AND / OR TOW DUE TO CRASH,,,,"OVER $1,500",7/30/2023 18:27,FAILING TO REDUCE SPEED TO AVOID CRASH,FAILING TO REDUCE SPEED TO AVOID CRASH,2600,N,PULASKI RD,2524,,Y,,,,,2,NONINCAPACITATING INJURY,1,0,0,1,0,2,0,18,1,7,41.92822191,-87.72702494,POINT (-87.727024942983 41.928221906766)