CRASH_RECORD_ID,RD_NO,CRASH_DATE_EST_I,CRASH_DATE,POSTED_SPEED_LIMIT,TRAFFIC_CONTROL_DEVICE,DEVICE_CONDITION,WEATHER_CONDITION,LIGHTING_CONDITION,FIRST_CRASH_TYPE,TRAFFICWAY_TYPE,LANE_CNT,ALIGNMENT,ROADWAY_SURFACE_COND,ROAD_DEFECT,REPORT_TYPE,CRASH_TYPE,INTERSECTION_RELATED_I,NOT_RIGHT_OF_WAY_I,HIT_AND_RUN_I,DAMAGE,DATE_POLICE_NOTIFIED,PRIM_CONTRIBUTORY_CAUSE,SEC_CONTRIBUTORY_CAUSE,STREET_NO,STREET_DIRECTION,STREET_NAME,BEAT_OF_OCCURRENCE,PHOTOS_TAKEN_I,STATEMENTS_TAKEN_I,DOORING_I,WORK_ZONE_I,WORK_ZONE_TYPE,WORKERS_PRESENT_I,NUM_UNITS,MOST_SEVERE_INJURY,INJURIES_TOTAL,INJURIES_FATAL,INJURIES_INCAPACITATING,INJURIES_NON_INCAPACITATING,INJURIES_REPORTED_NOT_EVIDENT,INJURIES_NO_INDICATION,INJURIES_UNKNOWN,CRASH_HOUR,CRASH_DAY_OF_WEEK,CRASH_MONTH,LATITUDE,LONGITUDE,LOCATION
091d1c96772f5acd7e0f928be20337158404c14f388fcf48b5e25f2feccc892b672a2c7ae7df16f5deda5a5d1dd2ecc514c234b45459adbc9a169d0ab624feb9,,,7/30/2023 3:48,30,STOP SIGN/FLASHER,FUNCTIONING PROPERLY,CLEAR,"DARKNESS, LIGHTED ROAD",FIXED OBJECT,NOT DIVIDED,,STRAIGHT AND LEVEL,DRY,NO DEFECTS,ON SCENE,INJURY AND / OR TOW DUE TO CRASH,,,Y,"OVER $1,500",7/30/2023 3:48,UNABLE TO DETERMINE,UNABLE TO DETERMINE,3000,N,LOCKWOOD AVE,2514,,,,,,,4,NO INDICATION OF INJURY,0,0,0,0,0,1,0,3,1,7,41.93506362,-87.75914329,POINT (-87.759143285075 41.935063624479)
a55190d55c3ff92c43970529bf4ed158e5c6d020900e6ada7a2fffecd483fc200a85dd6e02898511f44f796a2ef440a3071cb2f5632e7d3551201a2daa0c4433,,,7/30/2023 3:30,30,NO CONTROLS,NO CONTROLS,CLEAR,DARKNESS,SIDESWIPE SAME DIRECTION,ONE-WAY,,STRAIGHT AND LEVEL,DRY,NO DEFECTS,NOT ON SCENE (DESK REPORT),NO INJURY / DRIVE AWAY,,,,"OVER $1,500",7/30/2023 11:36,FAILING TO YIELD RIGHT-OF-WAY,FAILING TO YIELD RIGHT-OF-WAY,6104,S,MENARD AVE,812,,,,,,,2,NO INDICATION OF INJURY,0,0,0,0,0,2,0,3,1,7,41.78141964,-87.76689044,POINT (-87.766890436947 41.781419640178)
40c404baa44bcffa16b665e71297b1f7fc1eb200f9fae9b76e1e89bd49c93d709724f27b4b05cc472daed95cbed3cfa9fae9dccccb09c74da562c6a090856dd7,,,7/29/2023 10:42,10,NO CONTROLS,NO CONTROLS,CLEAR,DAYLIGHT,PARKED MOTOR VEHICLE,PARKING LOT,,STRAIGHT AND LEVEL,DRY,NO DEFECTS,ON SCENE,INJURY AND / OR TOW DUE TO CRASH,,,Y,$500 OR LESS,7/29/2023 11:38,DRIVING SKILLS/KNOWLEDGE/EXPERIENCE,UNABLE TO DETERMINE,2701,W,NORTH AVE,1423,,,,,,,2,NO INDICATION OF INJURY,0,0,0,0,0,1,0,10,7,7,41.91013224,-87.69460039,POINT (-87.694600393866 41.910132240414)
7399171780eff09f11d67a6b539bd9c31f3dd62733e443a9855f66afee7fe5490f9c6ef40fbeb39ddeee5d6eaefd163cc946e99ad119a1f9dc79268f4e6e6164,,,7/29/2023 13:08,30,NO CONTROLS,NO CONTROLS,CLEAR,DAYLIGHT,REAR END,DIVIDED - W/MEDIAN (NOT RAISED),,STRAIGHT AND LEVEL,DRY,NO DEFECTS,ON SCENE,INJURY AND / OR TOW DUE TO CRASH,,,Y,"OVER $1,500",7/29/2023 13:10,UNABLE TO DETERMINE,UNABLE TO DETERMINE,2211,W,PRATT BLVD,2412,,,,,,,2,NONINCAPACITATING INJURY,1,0,0,1,0,1,0,13,7,7,42.00498277,-87.6863793,POINT (-87.686379299568 42.004982766136)
bba2a65b6078745ebe53521f46d7a17bbba25390d542fd0fbd7a34140824a3084a17549dcdbc8ab624a718690edea01fdd7107da569fa195d9337e1b6790ff94,,,7/27/2023 16:35,30,TRAFFIC SIGNAL,FUNCTIONING PROPERLY,CLEAR,DAYLIGHT,REAR END,DIVIDED - W/MEDIAN BARRIER,,STRAIGHT AND LEVEL,DRY,NO DEFECTS,NOT ON SCENE (DESK REPORT),NO INJURY / DRIVE AWAY,Y,,Y,"$501 - $1,500",7/28/2023 12:00,FOLLOWING TOO CLOSELY,NOT APPLICABLE,100,S,WACKER DR,122,,,,,,,2,NO INDICATION OF INJURY,0,0,0,0,0,2,0,16,5,7,41.88055703,-87.63713178,POINT (-87.637131776108 41.880557025143)
cef8b60d68d2e0596089edb733925f8753ba6568187e348494bea1b88a02bc378b27d59a8c6a7579f89c841cdc4d23f5ff10bd92756cb7d050014577f1bd759f,,,7/30/2023 14:27,30,NO CONTROLS,NO CONTROLS,CLEAR,DAYLIGHT,TURNING,NOT DIVIDED,,STRAIGHT AND LEVEL,DRY,NO DEFECTS,ON SCENE,INJURY AND / OR TOW DUE TO CRASH,Y,,,"OVER $1,500",7/30/2023 15:00,UNABLE TO DETERMINE,DRIVING SKILLS/KNOWLEDGE/EXPERIENCE,7900,S,WENTWORTH AVE,623,,,,,,,2,NO INDICATION OF INJURY,0,0,0,0,0,4,0,14,1,7,41.75077216,-87.62963975,POINT (-87.629639750089 41.750772158024)
515bfaddfb08a91b383a8ca9cc49adfcb62e8205412344ac8fe862dd17be1bbf7d56671a3f23d04f17627563e308659cb0873b3678add3f5c615d83fa1ca1c80,,,7/30/2023 0:20,30,TRAFFIC SIGNAL,FUNCTIONING PROPERLY,CLEAR,"DARKNESS, LIGHTED ROAD",TURNING,NOT REPORTED,,STRAIGHT AND LEVEL,DRY,NO DEFECTS,NOT ON SCENE (DESK REPORT),NO INJURY / DRIVE AWAY,Y,,Y,"$501 - $1,500",7/30/2023 0:50,FOLLOWING TOO CLOSELY,NOT APPLICABLE,1,S,MICHIGAN AVE,114,,,,,,,2,NO INDICATION OF INJURY,0,0,0,0,0,4,0,0,1,7,41.8820484,-87.62421733,POINT (-87.62421733025 41.882048397571)
8ffb8be27cf2042bd4724355586683ef6464697ef921f2a1235a50ecf680501c9b321ad47c72f92073b7544fcecc541eea1f9fc7708e4b8f048e6cd74804683a,,,7/30/2023 10:05,30,TRAFFIC SIGNAL,FUNCTIONING PROPERLY,CLOUDY/OVERCAST,DAYLIGHT,REAR END,DIVIDED - W/MEDIAN (NOT RAISED),,STRAIGHT AND LEVEL,DRY,NO DEFECTS,NOT ON SCENE (DESK REPORT),NO INJURY / DRIVE AWAY,Y,,,"OVER $1,500",7/30/2023 10:45,FOLLOWING TOO CLOSELY,FOLLOWING TOO CLOSELY,6900,S,PULASKI RD,833,,,,,,,2,NO INDICATION OF INJURY,0,0,0,0,0,2,0,10,1,7,41.76768773,-87.72263085,POINT (-87.72263084508 41.767687732304)
9b6cfd70e157c684144125eeaca6d54c7f13f04685496ff5f6a31d66efe131505016804583859e9cb0503ac2267e5bb17de8c82c0f888dbb1cb4bdd91de7a83a,,,7/30/2023 18:00,25,NO CONTROLS,NO CONTROLS,CLEAR,DAYLIGHT,REAR END,NOT DIVIDED,,STRAIGHT AND LEVEL,DRY,NO DEFECTS,NOT ON SCENE (DESK REPORT),NO INJURY / DRIVE AWAY,Y,,,"OVER $1,500",7/30/2023 18:30,FAILING TO REDUCE SPEED TO AVOID CRASH,NOT APPLICABLE,1800,N,LARAMIE AVE,2532,,,,,,,2,NO INDICATION OF INJURY,0,0,0,0,0,2,0,18,1,7,41.91323236,-87.75594598,POINT (-87.75594598003 41.913232357855)
1266e618d98d53bdb429c8df30a81796ec7ca694bd0cba5a1613b4da62101e030aba8b52588cf6d2739532e72b3bfb14cbc5f475763aba99f5a5ec987de5c1c5,,Y,7/28/2023 20:31,30,TRAFFIC SIGNAL,FUNCTIONING PROPERLY,RAIN,"DARKNESS, LIGHTED ROAD",PEDESTRIAN,FOUR WAY,,STRAIGHT AND LEVEL,WET,OTHER,ON SCENE,INJURY AND / OR TOW DUE TO CRASH,Y,,,"$501 - $1,500",7/28/2023 20:40,WEATHER,"VISION OBSCURED (SIGNS, TREE LIMBS, BUILDINGS, ETC.)",98,E,103RD ST,511,,Y,,,,,2,NONINCAPACITATING INJURY,1,0,0,1,0,1,0,20,6,7,41.70732288,-87.62031857,POINT (-87.620318567741 41.7073228814)
dba12b2e043179740735376ba27b7eed7919a3b2396b6ee8b792023de51f6b00858db342c6600f201a1528ceaf47e66ade19bb937e42bcc364b8dddc7cabd920,,,7/29/2023 23:52,35,NO CONTROLS,NO CONTROLS,CLEAR,"DARKNESS, LIGHTED ROAD",PARKED MOTOR VEHICLE,NOT DIVIDED,,STRAIGHT AND LEVEL,DRY,NO DEFECTS,ON SCENE,INJURY AND / OR TOW DUE TO CRASH,,,Y,"$501 - $1,500",7/30/2023 1:33,UNABLE TO DETERMINE,UNABLE TO DETERMINE,1999,E,79TH ST,414,,,,,,,3,NO INDICATION OF INJURY,0,0,0,0,0,1,0,23,7,7,41.75149568,-87.57604069,POINT (-87.57604069412 41.751495678438)
37ca7651736717924ca3c64f5581109af1e4001a99908c0b98612b12c4d5d455b1028e47458689b5b97c3f8b351da64349db7bb28326b294a9d1a321c88ff432,,,7/30/2023 13:20,10,NO CONTROLS,NO CONTROLS,CLEAR,DAYLIGHT,FIXED OBJECT,PARKING LOT,,STRAIGHT AND LEVEL,DRY,NO DEFECTS,ON SCENE,NO INJURY / DRIVE AWAY,,Y,,"OVER $1,500",7/30/2023 13:26,UNABLE TO DETERMINE,UNABLE TO DETERMINE,4709,N,PULASKI RD,1723,,,,,,,1,NO INDICATION OF INJURY,0,0,0,0,0,1,0,13,1,7,41.96671177,-87.72783794,POINT (-87.727837939789 41.966711765833)
34790c880e46d9d088f6fabe4207c604f8113427bfad0fbec030ba74f8718e46976a306c233ad98ec068dbe4d31a802bd3c48127d78557c4fa4593326843457b,,,7/28/2023 23:10,30,NO CONTROLS,NO CONTROLS,RAIN,"DARKNESS, LIGHTED ROAD",SIDESWIPE SAME DIRECTION,NOT DIVIDED,,STRAIGHT AND LEVEL,WET,NO DEFECTS,NOT ON SCENE (DESK REPORT),INJURY AND / OR TOW DUE TO CRASH,,,Y,"OVER $1,500",7/29/2023 0:15,IMPROPER OVERTAKING/PASSING,UNABLE TO DETERMINE,10333,S,COMMERCIAL AVE,431,,,,,,,2,NONINCAPACITATING INJURY,1,0,0,1,0,2,0,23,6,7,41.70726125,-87.55361084,POINT (-87.55361083636 41.707261245916)
1ae5545ca9873b1cc81b0b5a5b415ee9930e518f2aa22767befc3c03ac1294885d41589be8068e27551bb98ba7593a855305fa63c8ed76bfa1d0fda4c65c75fd,,Y,7/20/2023 15:00,25,NO CONTROLS,NO CONTROLS,CLEAR,DAYLIGHT,PARKED MOTOR VEHICLE,NOT DIVIDED,,STRAIGHT AND LEVEL,DRY,UNKNOWN,NOT ON SCENE (DESK REPORT),NO INJURY / DRIVE AWAY,,,Y,"OVER $1,500",7/30/2023 19:54,UNABLE TO DETERMINE,NOT APPLICABLE,1355,N,BOSWORTH AVE,1433,,,,,,,2,NO INDICATION OF INJURY,0,0,0,0,0,1,0,15,5,7,41.90671359,-87.66611318,POINT (-87.666113179685 41.906713591833)
37b7acd5f2db6728ca4ac0d7e4217f78b6703f769754b495c437ace10d472977fe4ad4973167dd364031c0641830c0d163bd382d7c6927e2669619ce77051f65,JG283000,,5/31/2023 17:00,15,UNKNOWN,UNKNOWN,CLEAR,DAYLIGHT,PARKED MOTOR VEHICLE,NOT DIVIDED,,STRAIGHT AND LEVEL,DRY,NO DEFECTS,ON SCENE,NO INJURY / DRIVE AWAY,,,N,"$501 - $1,500",5/31/2023 22:16,UNABLE TO DETERMINE,UNABLE TO DETERMINE,1515,W,CORNELIA AVE,1922,,,,,,,2,NO INDICATION OF INJURY,0,0,0,0,0,1,0,17,4,5,41.94508421,-87.66703451,POINT (-87.667034508677 41.945084209514)
56f3d9d1a04a50c0968544d96e6a6f11c324493acb0a501b0bc330b3c1adb85466578a23356bd188d32f3819a675a1cd8d41c8feee5ba017f78d85caa72eeeed,,,7/30/2023 5:00,30,NO CONTROLS,NO CONTROLS,CLEAR,DAWN,PARKED MOTOR VEHICLE,NOT DIVIDED,,STRAIGHT AND LEVEL,DRY,UNKNOWN,NOT ON SCENE (DESK REPORT),INJURY AND / OR TOW DUE TO CRASH,,,,"OVER $1,500",7/30/2023 7:57,UNABLE TO DETERMINE,NOT APPLICABLE,400,S,HAMLIN BLVD,1133,,,,,,,2,NO INDICATION OF INJURY,0,0,0,0,0,1,0,5,1,7,41.87525785,-87.72064829,POINT (-87.720648284911 41.875257847324)
65277af9050683861b7616efe421038dbc6a397771a532d44866e925cf8f033663fb161c06acdf659b3ca6e9ccf5e00e9943392477bf7999cebf3748bc6c7a2b,,,7/30/2023 16:06,30,STOP SIGN/FLASHER,FUNCTIONING PROPERLY,CLEAR,DAYLIGHT,ANGLE,FOUR WAY,,STRAIGHT AND LEVEL,DRY,OTHER,ON SCENE,INJURY AND / OR TOW DUE TO CRASH,Y,,,"OVER $1,500",7/30/2023 16:39,FAILING TO YIELD RIGHT-OF-WAY,ROAD CONSTRUCTION/MAINTENANCE,11300,S,STATE ST,522,,,,,,,2,NO INDICATION OF INJURY,0,0,0,0,0,2,0,16,1,7,41.68890708,-87.62314161,POINT (-87.623141606801 41.688907079153)
f505371f3b8ef30a876f01b109c67fb213849c9cfac15a2b4f419727d405c1e49ab98d79ba5759a65ea222053a55c613048c8e874185ec6dc2078be69adc6e35,,Y,7/28/2023 12:50,30,OTHER,FUNCTIONING PROPERLY,CLEAR,DAYLIGHT,TURNING,FOUR WAY,,STRAIGHT AND LEVEL,DRY,UNKNOWN,ON SCENE,INJURY AND / OR TOW DUE TO CRASH,Y,,,"OVER $1,500",7/28/2023 13:11,IMPROPER TURNING/NO SIGNAL,NOT APPLICABLE,116,W,CERMAK RD,131,,,,,,,2,NONINCAPACITATING INJURY,2,0,0,2,0,1,0,12,6,7,41.85298708,-87.63002661,POINT (-87.630026613318 41.85298707906)
442f56a12e2b910fccf8a29f6c0dc8a173258aef2ce16835d0b8f6082139b8a70a6db90ef90d43818b3daadb26e32176819c3ea90bde5933226d6e5b4e9b2bd4,,,7/29/2023 15:07,30,NO CONTROLS,NO CONTROLS,CLEAR,DAYLIGHT,REAR END,NOT DIVIDED,,STRAIGHT AND LEVEL,DRY,NO DEFECTS,NOT ON SCENE (DESK REPORT),NO INJURY / DRIVE AWAY,,,Y,"$501 - $1,500",7/29/2023 17:30,FOLLOWING TOO CLOSELY,FOLLOWING TOO CLOSELY,1664,W,DIVISION ST,1424,,,,,,,2,NO INDICATION OF INJURY,0,0,0,0,0,2,0,15,7,7,41.90341508,-87.66997144,POINT (-87.669971441408 41.903415077446)
5d11352017eedc508728d522d5df2ebcca6aa3e3fe60fa3634d31172bc2f0434811bd3df3eac459b1ce46e9cd7b8c352cd8ce830ee7e164e811a254e3270dd87,,,7/29/2023 4:49,20,STOP SIGN/FLASHER,FUNCTIONING PROPERLY,CLEAR,UNKNOWN,PARKED MOTOR VEHICLE,ONE-WAY,,STRAIGHT AND LEVEL,DRY,NO DEFECTS,NOT ON SCENE (DESK REPORT),INJURY AND / OR TOW DUE TO CRASH,,,Y,"OVER $1,500",7/29/2023 14:50,DISREGARDING STOP SIGN,"OPERATING VEHICLE IN ERRATIC, RECKLESS, CARELESS, NEGLIGENT OR AGGRESSIVE MANNER",5359,S,TRIPP AVE,815,,,,,,,2,NO INDICATION OF INJURY,0,0,0,0,0,1,0,4,7,7,41.79508025,-87.72919474,POINT (-87.729194744077 41.79508024531)
84be68583897237ba6b126331dc00a1af3e0a0e063e9ed961e2431f3dba7df970ba39512e6a44e4ff1829646c6eb4761e91547d8f035218eec4478c293b75aa6,,,7/30/2023 12:30,30,NO CONTROLS,NO CONTROLS,CLEAR,DAYLIGHT,PARKED MOTOR VEHICLE,NOT DIVIDED,,STRAIGHT AND LEVEL,DRY,NO DEFECTS,ON SCENE,INJURY AND / OR TOW DUE TO CRASH,,,Y,"OVER $1,500",7/30/2023 15:01,UNABLE TO DETERMINE,NOT APPLICABLE,3408,W,CORTLAND ST,1422,,,,,,,2,NO INDICATION OF INJURY,0,0,0,0,0,1,0,12,1,7,41.91562999,-87.71226759,POINT (-87.712267588973 41.915629986838)
e34c4bc1911e94b5a8a5944a460cd0c6867d8b1730262c54c39abe26dba07ada708523e4bd1518a1993dc6ad1f971de5f9744eb153ef54a64a72f75467bb46ed,,,7/27/2023 16:15,30,TRAFFIC SIGNAL,FUNCTIONING PROPERLY,CLEAR,DAYLIGHT,SIDESWIPE SAME DIRECTION,DIVIDED - W/MEDIAN (NOT RAISED),,STRAIGHT AND LEVEL,DRY,NO DEFECTS,NOT ON SCENE (DESK REPORT),NO INJURY / DRIVE AWAY,,,,"$501 - $1,500",7/27/2023 22:00,UNABLE TO DETERMINE,NOT APPLICABLE,350,W,RANDOLPH ST,122,,,,,,,2,NO INDICATION OF INJURY,0,0,0,0,0,5,0,16,5,7,41.88457058,-87.63675289,POINT (-87.636752892459 41.884570575222)
288359dd1ce671defc5ff685065dfa7e473637cab75f8cabca747f27bf4ad9b81fe62f51c0e066966b1a62e666ba60428669486640e63917fa180107b82d5988,,,7/30/2023 15:28,30,TRAFFIC SIGNAL,FUNCTIONING PROPERLY,CLEAR,DAYLIGHT,SIDESWIPE SAME DIRECTION,NOT DIVIDED,,STRAIGHT AND LEVEL,DRY,NO DEFECTS,NOT ON SCENE (DESK REPORT),NO INJURY / DRIVE AWAY,Y,,,"OVER $1,500",7/30/2023 15:55,IMPROPER LANE USAGE,UNABLE TO DETERMINE,5951,N,WESTERN AVE,2012,,,,,,,2,NO INDICATION OF INJURY,0,0,0,0,0,3,0,15,1,7,41.99017738,-87.68951509,POINT (-87.689515089761 41.990177383222)
c6fb30081ff60823beb7a3cd33c108c513c3d41f74e2b8a10d7adccada718b35ffbaa2943d380df57a357dfd6f5209f74dc82b628ec13acbe566d575d977bab0,,,7/30/2023 1:55,30,TRAFFIC SIGNAL,FUNCTIONING PROPERLY,CLEAR,"DARKNESS, LIGHTED ROAD",FIXED OBJECT,NOT DIVIDED,,STRAIGHT AND LEVEL,DRY,NO DEFECTS,ON SCENE,INJURY AND / OR TOW DUE TO CRASH,Y,,,"OVER $1,500",7/30/2023 1:55,FAILING TO REDUCE SPEED TO AVOID CRASH,NOT APPLICABLE,3641,W,ADDISON ST,1732,,,,,,,1,NO INDICATION OF INJURY,0,0,0,0,0,1,0,1,1,7,41.94637132,-87.71931171,POINT (-87.719311711053 41.946371315623)
f2cd0ff3d2c144cf3c98703e5db92ce175e3922e63167e295a3d4ee90012b4b408aa6b62096cf0b0f1e4e9cc6cd576c5e6e48eaebcce2300c978884fa150731a,,N,7/30/2023 9:00,35,NO CONTROLS,UNKNOWN,UNKNOWN,UNKNOWN,PARKED MOTOR VEHICLE,ONE-WAY,,STRAIGHT AND LEVEL,UNKNOWN,UNKNOWN,ON SCENE,NO INJURY / DRIVE AWAY,,,Y,"OVER $1,500",7/30/2023 10:11,UNABLE TO DETERMINE,UNABLE TO DETERMINE,3907,W,WELLINGTON AVE,2523,,,,,,,2,NO INDICATION OF INJURY,0,0,0,0,0,1,0,9,1,7,41.93533932,-87.72492428,POINT (-87.724924274701 41.935339316282)
0989b96a183485adc832dbdb050b2150c64b543f14e173e05df90681f31fda9bb167fe70348f44627de6df7a4c10e8b419942a6a168d8e9010d4d4588d914e6f,,,7/19/2023 16:05,30,TRAFFIC SIGNAL,FUNCTIONING PROPERLY,CLEAR,DAYLIGHT,REAR END,NOT DIVIDED,,STRAIGHT AND LEVEL,DRY,NO DEFECTS,NOT ON SCENE (DESK REPORT),INJURY AND / OR TOW DUE TO CRASH,Y,,,"OVER $1,500",7/19/2023 16:25,DISTRACTION - FROM INSIDE VEHICLE,UNABLE TO DETERMINE,3940,W,JACKSON BLVD,1122,,,,,,,2,"REPORTED, NOT EVIDENT",1,0,0,0,1,4,0,16,4,7,41.87720798,-87.72474507,POINT (-87.724745071944 41.877207983349)
7cbf5cde0504837188d9b599c8f35adcbadcdbc6e25c3bd24490764d58cb210b85f407d4645b395e13a2748ac1ca7e5c41d78461f7a402cdafe2763d087d9a00,,,7/30/2023 13:00,15,NO CONTROLS,NO CONTROLS,CLEAR,DAYLIGHT,PARKED MOTOR VEHICLE,PARKING LOT,,STRAIGHT AND LEVEL,DRY,UNKNOWN,ON SCENE,NO INJURY / DRIVE AWAY,N,Y,Y,"OVER $1,500",7/31/2023 0:02,UNABLE TO DETERMINE,UNABLE TO DETERMINE,4749,W,SCHOOL ST,1731,,,,,,,3,NO INDICATION OF INJURY,0,0,0,0,0,1,0,13,1,7,41.9405569,-87.74583235,POINT (-87.745832346971 41.940556898293)
e907772bd98f1c37a7d91b939f969483d46a2701f13084812227de510643a102e9f79f24e3d1c5dc99c9b6f7222ff56aae0fd5f289ae326188e93747a16380b4,,,7/29/2023 21:00,30,TRAFFIC SIGNAL,FUNCTIONING PROPERLY,CLEAR,"DARKNESS, LIGHTED ROAD",TURNING,DIVIDED - W/MEDIAN BARRIER,,STRAIGHT AND LEVEL,DRY,NO DEFECTS,ON SCENE,INJURY AND / OR TOW DUE TO CRASH,Y,,,"OVER $1,500",7/29/2023 21:38,IMPROPER TURNING/NO SIGNAL,NOT APPLICABLE,8659,S,STONY ISLAND AVE,412,,,,,,,2,NONINCAPACITATING INJURY,2,0,0,2,0,1,0,21,7,7,41.73696442,-87.58505965,POINT (-87.585059648426 41.736964420122)
cd483aed650305497e1daba0ffe0d23e0a7f4b4e9d579354e032f84acc8593adcc56b3c1e5d85ed0aebbaeb58a37c9463be0e8277e30ba3eb3385a03a3873e22,,,7/30/2023 19:45,30,NO CONTROLS,NO CONTROLS,CLEAR,DAYLIGHT,PARKED MOTOR VEHICLE,NOT DIVIDED,,STRAIGHT AND LEVEL,DRY,NO DEFECTS,ON SCENE,NO INJURY / DRIVE AWAY,,,,"$501 - $1,500",7/30/2023 22:00,FOLLOWING TOO CLOSELY,NOT APPLICABLE,5421,W,CORTEZ ST,1524,,,,,,,2,NO INDICATION OF INJURY,0,0,0,0,0,1,0,19,1,7,41.89933567,-87.76169704,POINT (-87.761697038333 41.899335665479)
8c273ccbdec92d744338f08356c051add14bf323787365e72448f55aa3ada9f1ee7c9568ef37ced52af6b3f00952347eaf18c47f4875a82083b98bcf5fe8fcdf,,,7/30/2023 19:20,25,NO CONTROLS,NO CONTROLS,CLEAR,DUSK,ANGLE,NOT DIVIDED,,STRAIGHT AND LEVEL,DRY,UNKNOWN,NOT ON SCENE (DESK REPORT),NO INJURY / DRIVE AWAY,,,Y,"OVER $1,500",7/30/2023 21:10,DRIVING SKILLS/KNOWLEDGE/EXPERIENCE,DRIVING SKILLS/KNOWLEDGE/EXPERIENCE,5900,S,KOSTNER AVE,813,,,,,,,2,NO INDICATION OF INJURY,0,0,0,0,0,2,0,19,1,7,41.78574346,-87.73289174,POINT (-87.732891741757 41.785743463309)
2fd55975e27e4edb373b569b3bc2c1926a778e36684d94f4b197f7ffaa3526e906faf6a2dd19d6f50a242a7841b5e6e8dbdd49c878b2e6d2ea84680468b6f6de,,,7/30/2023 3:45,25,NO CONTROLS,NO CONTROLS,CLEAR,"DARKNESS, LIGHTED ROAD",REAR END,NOT DIVIDED,,STRAIGHT AND LEVEL,DRY,NO DEFECTS,NOT ON SCENE (DESK REPORT),INJURY AND / OR TOW DUE TO CRASH,,,,"OVER $1,500",7/30/2023 6:05,FOLLOWING TOO CLOSELY,FAILING TO REDUCE SPEED TO AVOID CRASH,448,N,STATE ST,1831,,,,,,,2,"REPORTED, NOT EVIDENT",5,0,0,0,5,1,0,3,1,7,41.89075095,-87.62818127,POINT (-87.628181266903 41.890750946346)
9788341c4220d3ba071f53439c5f0b0ab48fcf2df0bf6dddc83e891130f7336876d881a7d679c82b078835e37f137f7d9ef4902ae7ea4457984f32b28a74124d,,N,7/30/2023 16:12,30,UNKNOWN,UNKNOWN,CLEAR,DAYLIGHT,PARKED MOTOR VEHICLE,DIVIDED - W/MEDIAN (NOT RAISED),,STRAIGHT AND LEVEL,DRY,NO DEFECTS,ON SCENE,NO INJURY / DRIVE AWAY,,,,"OVER $1,500",7/30/2023 16:12,DRIVING SKILLS/KNOWLEDGE/EXPERIENCE,NOT APPLICABLE,3152,W,WARREN BLVD,1222,,,,,,,2,NO INDICATION OF INJURY,0,0,0,0,0,1,0,16,1,7,41.8820053,-87.70579843,POINT (-87.705798429114 41.882005297522)
4f3d20f28fa61d47254a761228790ea6d181d596f169cd784c69fa66c0bed9bc270d334fa91ed8072fa8ce925f9ba2b5a751be0e6314cbd53b53ff47fd222c77,,,7/30/2023 3:00,30,NO CONTROLS,NO CONTROLS,CLEAR,"DARKNESS, LIGHTED ROAD",FIXED OBJECT,DIVIDED - W/MEDIAN (NOT RAISED),,STRAIGHT ON HILLCREST,DRY,UNKNOWN,ON SCENE,INJURY AND / OR TOW DUE TO CRASH,,,N,"$501 - $1,500",7/30/2023 3:03,UNABLE TO DETERMINE,UNABLE TO DETERMINE,7200,S,PULASKI RD,833,,,,,,,1,NONINCAPACITATING INJURY,1,0,0,1,0,0,0,3,1,7,41.76226472,-87.72245397,POINT (-87.722453971591 41.762264717729)
d4c0b620f6e468235600b31d744332f3c1d4818c26cce85a264ba0ca29493536369f98440f71788ab91659b22e01d53a438113ffc2a1210428726890a43d45bc,,,7/25/2023 13:55,30,NO CONTROLS,NO CONTROLS,CLEAR,DAYLIGHT,SIDESWIPE SAME DIRECTION,NOT DIVIDED,,STRAIGHT AND LEVEL,DRY,NO DEFECTS,ON SCENE,NO INJURY / DRIVE AWAY,,,,"OVER $1,500",7/25/2023 14:00,UNABLE TO DETERMINE,NOT APPLICABLE,1603,W,CONGRESS PKWY,1231,,,,,,,2,NO INDICATION OF INJURY,0,0,0,0,0,5,0,13,3,7,41.87506309,-87.66682348,POINT (-87.666823476451 41.875063085424)
fd239811c7839054986b3249b7fabc978e95e3cf6e28b265dc5539856f077429094227777de2c7516fa642ace06892b4b3369ab2083aa20080d70ad50dcb3de8,,Y,7/29/2023 23:00,30,NO CONTROLS,NO CONTROLS,UNKNOWN,DARKNESS,PARKED MOTOR VEHICLE,ONE-WAY,,STRAIGHT AND LEVEL,UNKNOWN,UNKNOWN,ON SCENE,NO INJURY / DRIVE AWAY,,,Y,"OVER $1,500",7/30/2023 7:30,UNABLE TO DETERMINE,NOT APPLICABLE,1209,W,56TH ST,713,,,,,,,2,NO INDICATION OF INJURY,0,0,0,0,0,1,0,23,7,7,41.79222948,-87.65525069,POINT (-87.65525068672 41.79222948376)