CRASH_RECORD_ID,RD_NO,CRASH_DATE_EST_I,CRASH_DATE,POSTED_SPEED_LIMIT,TRAFFIC_CONTROL_DEVICE,DEVICE_CONDITION,WEATHER_CONDITION,LIGHTING_CONDITION,FIRST_CRASH_TYPE,TRAFFICWAY_TYPE,LANE_CNT,ALIGNMENT,ROADWAY_SURFACE_COND,ROAD_DEFECT,REPORT_TYPE,CRASH_TYPE,INTERSECTION_RELATED_I,NOT_RIGHT_OF_WAY_I,HIT_AND_RUN_I,DAMAGE,DATE_POLICE_NOTIFIED,PRIM_CONTRIBUTORY_CAUSE,SEC_CONTRIBUTORY_CAUSE,STREET_NO,STREET_DIRECTION,STREET_NAME,BEAT_OF_OCCURRENCE,PHOTOS_TAKEN_I,STATEMENTS_TAKEN_I,DOORING_I,WORK_ZONE_I,WORK_ZONE_TYPE,WORKERS_PRESENT_I,NUM_UNITS,MOST_SEVERE_INJURY,INJURIES_TOTAL,INJURIES_FATAL,INJURIES_INCAPACITATING,INJURIES_NON_INCAPACITATING,INJURIES_REPORTED_NOT_EVIDENT,INJURIES_NO_INDICATION,INJURIES_UNKNOWN,CRASH_HOUR,CRASH_DAY_OF_WEEK,CRASH_MONTH,LATITUDE,LONGITUDE,LOCATION
31a9f116bb7f1d2243e2fd1e3b9ab5314f04504f17021c816ba49a82da4c86dc3c00611a238d743386296ab3f6b61d09d948aaecbfc811da3bd0dc4a017a481b,,,7/30/2023 5:15,30,TRAFFIC SIGNAL,FUNCTIONING PROPERLY,UNKNOWN,UNKNOWN,ANGLE,FOUR WAY,,STRAIGHT AND LEVEL,UNKNOWN,UNKNOWN,NOT ON SCENE (DESK REPORT),NO INJURY / DRIVE AWAY,,,Y,"$501 - $1,500",7/30/2023 15:30,UNABLE TO DETERMINE,UNABLE TO DETERMINE,3800,W,AUGUSTA BLVD,1112,,,,,,,2,NO INDICATION OF INJURY,0,0,0,0,0,2,0,5,1,7,41.89917256,-87.7213721,POINT (-87.721372102711 41.899172555245)
2e35c6d5679ab8d47ba6d99c170ed38bde854ec16e9dfe5cf45ac70479c87a6bbbc2995e795a01383c55cfda2d8140106cdc9c4a6a423c2a584776235998bd18,,,7/28/2023 21:27,30,STOP SIGN/FLASHER,FUNCTIONING PROPERLY,RAIN,"DARKNESS, LIGHTED ROAD",SIDESWIPE SAME DIRECTION,NOT DIVIDED,,STRAIGHT AND LEVEL,WET,NO DEFECTS,NOT ON SCENE (DESK REPORT),INJURY AND / OR TOW DUE TO CRASH,Y,,,"OVER $1,500",7/28/2023 23:15,FAILING TO REDUCE SPEED TO AVOID CRASH,NOT APPLICABLE,1455,S,WABASH AVE,131,,,,,,,2,NONINCAPACITATING INJURY,1,0,0,1,0,1,0,21,6,7,41.86256733,-87.62557348,POINT (-87.625573477367 41.862567328211)
abef801ced512af26d8865f3a6eb17a26166d268f75cfc0945be37108e71e45369956186a46a8e21ca2def36bb2056979ea56938dd8b86fc1395fb69c877bd9c,,,7/30/2023 11:58,10,NO CONTROLS,UNKNOWN,CLEAR,DAYLIGHT,SIDESWIPE OPPOSITE DIRECTION,ALLEY,,STRAIGHT AND LEVEL,UNKNOWN,UNKNOWN,NOT ON SCENE (DESK REPORT),NO INJURY / DRIVE AWAY,,,,"$501 - $1,500",7/30/2023 12:30,UNABLE TO DETERMINE,UNABLE TO DETERMINE,5835,S,ROCKWELL ST,824,,,,,,,2,NO INDICATION OF INJURY,0,0,0,0,0,8,0,11,1,7,41.78725918,-87.688593,POINT (-87.688593000961 41.787259180975)
0dba2102252d095164f0260e544f6630d92f5fddb95123b081192c1ad5e44e6a3322428470bd01072ff2c2d746052d5e85c5f9abdac9aec5a74a9f91107a1e35,,Y,7/17/2023 19:15,30,TRAFFIC SIGNAL,FUNCTIONING PROPERLY,CLEAR,DAYLIGHT,SIDESWIPE SAME DIRECTION,DIVIDED - W/MEDIAN BARRIER,,STRAIGHT AND LEVEL,DRY,NO DEFECTS,ON SCENE,INJURY AND / OR TOW DUE TO CRASH,Y,,Y,"OVER $1,500",7/17/2023 20:01,"OPERATING VEHICLE IN ERRATIC, RECKLESS, CARELESS, NEGLIGENT OR AGGRESSIVE MANNER",IMPROPER LANE USAGE,500,S,LAKE SHORE DR SB,114,,,,,,,5,NO INDICATION OF INJURY,0,0,0,0,0,7,0,19,2,7,41.87575626,-87.61751568,POINT (-87.617515679751 41.875756255241)
0c90fbef8ebeda3a3c4c0b2267e78cb7c82fed39d05ee0107f6508bd2475cadd85f46ace7f835fdcb59f7bf60d71807753ce9463cd51473508a9abe62cd0c60e,,,7/30/2023 13:50,30,UNKNOWN,UNKNOWN,UNKNOWN,UNKNOWN,SIDESWIPE SAME DIRECTION,NOT DIVIDED,,STRAIGHT AND LEVEL,UNKNOWN,UNKNOWN,NOT ON SCENE (DESK REPORT),NO INJURY / DRIVE AWAY,,,,"OVER $1,500",7/30/2023 15:40,HAD BEEN DRINKING (USE WHEN ARREST IS NOT MADE),UNABLE TO DETERMINE,1851,W,GRAND AVE,1221,,,,,,,3,NO INDICATION OF INJURY,0,0,0,0,0,2,0,13,1,7,41.89076182,-87.6740367,POINT (-87.67403669956 41.890761823057)
52ae6b3cff470a5f7fcbceb5c05965454fe12744c9d47e7fe5094bf66d9b99121efd0f0352048f0f9ef16cf934e6ee2159789530f3bff36a059667bf5f48a3ec,,,7/30/2023 12:10,35,TRAFFIC SIGNAL,FUNCTIONING PROPERLY,CLEAR,DAYLIGHT,TURNING,DIVIDED - W/MEDIAN BARRIER,,STRAIGHT AND LEVEL,DRY,NO DEFECTS,ON SCENE,INJURY AND / OR TOW DUE TO CRASH,Y,,,"OVER $1,500",7/30/2023 12:15,FAILING TO YIELD RIGHT-OF-WAY,NOT APPLICABLE,2400,W,87TH ST,835,,,,,,,4,"REPORTED, NOT EVIDENT",4,0,0,0,4,3,0,12,1,7,41.73563533,-87.68265034,POINT (-87.682650342555 41.735635328819)
934d9196d7bc394d5ad50936907efacf4b104f411bc75d6debb56d66daf0fab6f8fdcb2df9a9346673ce4ad337c80f676641d2f21cc7f3b16717b91ca8d6dd33,,,7/30/2023 1:37,30,UNKNOWN,UNKNOWN,CLEAR,"DARKNESS, LIGHTED ROAD",PARKED MOTOR VEHICLE,DIVIDED - W/MEDIAN (NOT RAISED),,STRAIGHT AND LEVEL,DRY,NO DEFECTS,ON SCENE,INJURY AND / OR TOW DUE TO CRASH,,,Y,"OVER $1,500",7/30/2023 1:38,UNABLE TO DETERMINE,NOT APPLICABLE,1106,W,LAWRENCE AVE,2033,,,,,,,2,NO INDICATION OF INJURY,0,0,0,0,0,1,0,1,1,7,41.9691579,-87.65793578,POINT (-87.657935780292 41.969157896598)
c97fd93f2c44aac8c7f81aec6508ffaf821e6020cfe7de5a34a20d791288e0b91c134472bc99cd7fbcfed1132310ec378ecc83bdfdff067513f771fc389cd5e3,,,7/30/2023 19:30,30,NO CONTROLS,NO CONTROLS,CLEAR,DAYLIGHT,REAR END,NOT DIVIDED,,STRAIGHT AND LEVEL,DRY,NO DEFECTS,NOT ON SCENE (DESK REPORT),NO INJURY / DRIVE AWAY,,,,"OVER $1,500",7/30/2023 20:00,UNABLE TO DETERMINE,UNABLE TO DETERMINE,2,S,CALIFORNIA AVE,1124,,,,,,,2,NO INDICATION OF INJURY,0,0,0,0,0,6,0,19,1,7,41.88102866,-87.6964343,POINT (-87.696434295494 41.88102866347)
ecf85d0b6d05b780eafd54abf6c2e2f7d4f70f6b90662bba33f1d1ac46f468f5dcd18df211be15a063f219710c803b764bdd82b92da2d75cc7bbe2cabcd33baf,,,7/28/2023 20:30,30,NO CONTROLS,NO CONTROLS,CLEAR,DAYLIGHT,TURNING,NOT DIVIDED,,STRAIGHT AND LEVEL,DRY,NO DEFECTS,NOT ON SCENE (DESK REPORT),NO INJURY / DRIVE AWAY,,,Y,"$501 - $1,500",7/29/2023 13:29,FAILING TO YIELD RIGHT-OF-WAY,NOT APPLICABLE,5199,S,CICERO AVE,815,,,,,,,2,NO INDICATION OF INJURY,0,0,0,0,0,2,0,20,6,7,41.79874728,-87.74278569,POINT (-87.742785686821 41.798747281016)
bb4deae98732f0a50d49175554a0aa86213f39b6fa41f7599e53f9f3cea40c02ac65c32e47fb0061b1fc05305c406d956d77997ace1170c0dc4b002064b38d51,,,7/30/2023 1:00,30,NO CONTROLS,NO CONTROLS,UNKNOWN,"DARKNESS, LIGHTED ROAD",PARKED MOTOR VEHICLE,NOT DIVIDED,,STRAIGHT AND LEVEL,DRY,UNKNOWN,NOT ON SCENE (DESK REPORT),NO INJURY / DRIVE AWAY,,,Y,"OVER $1,500",7/30/2023 19:40,UNABLE TO DETERMINE,NOT APPLICABLE,4902,S,WESTERN AVE,923,,,,,,,2,NO INDICATION OF INJURY,0,0,0,0,0,1,0,1,1,7,41.80455723,-87.68451475,POINT (-87.684514745825 41.804557228069)
6c237107f9c6aeaaafa1357388ae302245a9dbb6584e70357f50201f7f2be358dcec30d2e4efed863e093bdf225b5850f7b2dca2c25bd133fd9208ae2cfd1b9e,,,7/30/2023 11:30,30,NO CONTROLS,NO CONTROLS,CLEAR,UNKNOWN,SIDESWIPE SAME DIRECTION,NOT DIVIDED,,STRAIGHT AND LEVEL,DRY,UNKNOWN,NOT ON SCENE (DESK REPORT),NO INJURY / DRIVE AWAY,,,,"OVER $1,500",7/30/2023 12:30,IMPROPER LANE USAGE,UNABLE TO DETERMINE,6500,S,STATE ST,312,,,,,,,2,NO INDICATION OF INJURY,0,0,0,0,0,2,0,11,1,7,41.77636259,-87.62536894,POINT (-87.625368940615 41.776362586673)
876ce85169e9c14a29a66728f12db2a5c514a79d95b707d99198d3efb04a56c254fe518b96638c7273bdb5636a1cce36bac5f5b58a8f6c5bc9e090c98328ca64,,,7/30/2023 18:30,30,UNKNOWN,UNKNOWN,UNKNOWN,UNKNOWN,SIDESWIPE SAME DIRECTION,UNKNOWN,,STRAIGHT AND LEVEL,UNKNOWN,UNKNOWN,NOT ON SCENE (DESK REPORT),NO INJURY / DRIVE AWAY,,,,"OVER $1,500",7/30/2023 18:30,UNABLE TO DETERMINE,NOT APPLICABLE,3599,N,LARAMIE AVE,1634,,,,,,,2,NO INDICATION OF INJURY,0,0,0,0,0,3,0,18,1,7,41.94595911,-87.75677307,POINT (-87.756773068967 41.945959110279)
fbed60879764996a11591d91b3c1f8a636478d91d77dfccb821bac2a224d6802e7c67ba94679288b93935bd094e8e22d59ce23922da731757d313298943a28b4,,,7/29/2023 11:20,30,OTHER,OTHER,CLEAR,DAYLIGHT,REAR END,DIVIDED - W/MEDIAN (NOT RAISED),,STRAIGHT AND LEVEL,DRY,NO DEFECTS,NOT ON SCENE (DESK REPORT),NO INJURY / DRIVE AWAY,,,,"OVER $1,500",7/30/2023 16:30,FOLLOWING TOO CLOSELY,UNABLE TO DETERMINE,2335,N,ASHLAND AVE,1811,,,,,,,2,NO INDICATION OF INJURY,0,0,0,0,0,3,0,11,7,7,41.92438536,-87.66796896,POINT (-87.667968960688 41.92438535598)
eacc9e39cf4110b344a378d26bf9589f0dd89beebecde293005715d4aa8177a6138708f6ed0cfaf81cf2685429c6891dcaa15f94a072da66418e37a35aa903e1,,,7/30/2023 7:00,30,NO CONTROLS,NO CONTROLS,CLEAR,DAYLIGHT,PARKED MOTOR VEHICLE,DIVIDED - W/MEDIAN BARRIER,,STRAIGHT AND LEVEL,DRY,NO DEFECTS,ON SCENE,NO INJURY / DRIVE AWAY,,,Y,"OVER $1,500",7/30/2023 7:05,UNABLE TO DETERMINE,UNABLE TO DETERMINE,2036,W,GARFIELD BLVD,932,,,,,,,2,NO INDICATION OF INJURY,0,0,0,0,0,1,0,7,1,7,41.79401134,-87.67576554,POINT (-87.675765544397 41.794011338908)
9c803eb70abcf63fe753be776f794944482e96a7387f34264cc2c477236166e8ef23bff02ebc273c94181968b7e4b417a1615ee0875fd8360e20de8470db01fd,,,7/30/2023 13:40,30,NO CONTROLS,NO CONTROLS,CLEAR,DAYLIGHT,SIDESWIPE SAME DIRECTION,NOT DIVIDED,,STRAIGHT AND LEVEL,DRY,NO DEFECTS,NOT ON SCENE (DESK REPORT),NO INJURY / DRIVE AWAY,Y,,Y,"$501 - $1,500",7/30/2023 14:55,DISTRACTION - FROM INSIDE VEHICLE,NOT APPLICABLE,1600,S,ASHLAND AVE,1234,,,,,,,2,NO INDICATION OF INJURY,0,0,0,0,0,4,0,13,1,7,41.85955978,-87.66634385,POINT (-87.666343850368 41.859559781969)
38eafb4de349f393447f944f53ebbe4f20ed3c9a6657ca778630edc87c533fd7a20a5b87313d00ec9939348cdc2b9abd8eaab96f48626653e4705619e4ddb1fc,,Y,7/30/2023 5:10,30,UNKNOWN,UNKNOWN,CLEAR,DAWN,OTHER OBJECT,DIVIDED - W/MEDIAN BARRIER,,STRAIGHT AND LEVEL,DRY,NO DEFECTS,ON SCENE,INJURY AND / OR TOW DUE TO CRASH,,,Y,"OVER $1,500",7/30/2023 5:42,UNABLE TO DETERMINE,NOT APPLICABLE,634,N,CICERO AVE,1532,,,,,,,1,NO INDICATION OF INJURY,0,0,0,0,0,1,0,5,1,7,41.8923779,-87.7458655,POINT (-87.745865500739 41.892377903124)
8abbb3a23b7a90ae94f298a725569ceccbab44ccd9aa64d25583c612be11de8fff270a1d72774e9e15b2fa18a7940d95d3c458c76f573dd395e44ecce3b1def1,,,7/29/2023 20:57,30,UNKNOWN,UNKNOWN,UNKNOWN,UNKNOWN,PARKED MOTOR VEHICLE,ONE-WAY,,STRAIGHT AND LEVEL,UNKNOWN,UNKNOWN,NOT ON SCENE (DESK REPORT),NO INJURY / DRIVE AWAY,,,Y,"$501 - $1,500",7/30/2023 14:30,UNABLE TO DETERMINE,UNABLE TO DETERMINE,5528,W,VAN BUREN ST,1522,,,,,,,2,NO INDICATION OF INJURY,0,0,0,0,0,1,0,20,7,7,41.87486214,-87.76281016,POINT (-87.76281015617 41.874862143126)
1b337d3daddf0bed0aefd79efcd704dfdb301c2e87c1d309fd71ad13c22950b5d8432308c2ac6e706e42b839a1809b156d070a0094054a5acf66f0e60aff3cca,,,7/30/2023 15:45,30,TRAFFIC SIGNAL,FUNCTIONING PROPERLY,CLEAR,DAYLIGHT,REAR END,NOT DIVIDED,,STRAIGHT AND LEVEL,DRY,UNKNOWN,NOT ON SCENE (DESK REPORT),INJURY AND / OR TOW DUE TO CRASH,,,,"OVER $1,500",7/30/2023 16:57,FOLLOWING TOO CLOSELY,NOT APPLICABLE,3799,N,AUSTIN AVE,1633,,,,,,,3,NONINCAPACITATING INJURY,1,0,0,1,0,2,0,15,1,7,41.9493712,-87.77649352,POINT (-87.776493514943 41.949371203676)
4d09dbb33df608f233db0f992b6b9f7f5e99c4e44d02717db65f1d52ced4f0451d5f27119f0d5eca9643b94b05709929fc2eed76f10e75c11bf4d1bb5c2985bd,,,7/30/2023 17:45,30,TRAFFIC SIGNAL,FUNCTIONING PROPERLY,CLEAR,DAYLIGHT,REAR END,FOUR WAY,,STRAIGHT AND LEVEL,DRY,NO DEFECTS,ON SCENE,INJURY AND / OR TOW DUE TO CRASH,,,,"$501 - $1,500",7/30/2023 17:45,IMPROPER OVERTAKING/PASSING,IMPROPER OVERTAKING/PASSING,2798,W,DIVISION ST,1423,,,,,,,2,INCAPACITATING INJURY,1,0,1,0,0,4,0,17,1,7,41.90303629,-87.69675802,POINT (-87.696758015457 41.903036291196)
e1e1ebbb666d1a54c0341b2ac43442b2b44c4098d1736d131a1aec50c870c80797ead0354d9e693bdfee06b41045a1195c35ae83aea4d6ba813fe4f25ac21e70,,,7/29/2023 19:35,10,NO CONTROLS,UNKNOWN,CLEAR,UNKNOWN,PARKED MOTOR VEHICLE,UNKNOWN,,STRAIGHT AND LEVEL,UNKNOWN,NO DEFECTS,NOT ON SCENE (DESK REPORT),NO INJURY / DRIVE AWAY,,,,"OVER $1,500",7/29/2023 20:30,NOT APPLICABLE,NOT APPLICABLE,1465,E,130TH ST,434,,,,,,,2,NO INDICATION OF INJURY,0,0,0,0,0,1,0,19,7,7,41.66028389,-87.58866624,POINT (-87.58866623998 41.660283893596)
d36bc38dddeb0337d64a674e3dd58d66666f4a71f47aecec85d66ed900a02d9e6606ac9830c68b5b4b898f757e9c4379bc80a08e0b61ca53557e0fb1f1e32aac,,,7/29/2023 22:52,30,STOP SIGN/FLASHER,FUNCTIONING PROPERLY,CLEAR,"DARKNESS, LIGHTED ROAD",ANGLE,FOUR WAY,,STRAIGHT AND LEVEL,DRY,NO DEFECTS,ON SCENE,INJURY AND / OR TOW DUE TO CRASH,,,,"OVER $1,500",7/29/2023 23:10,DISREGARDING STOP SIGN,UNABLE TO DETERMINE,2700,N,NARRAGANSETT AVE,2512,,,,,,,2,NONINCAPACITATING INJURY,3,0,0,1,2,1,0,22,7,7,41.92925669,-87.78579517,POINT (-87.785795165033 41.929256687664)
53e18e33979078fab9726dacb710a29fd63d8dce4422d238e1885ade35043005f59b265f903ec84d6daa48b580814f663558e6edee33800b8bfc8b30717225b9,,,7/30/2023 12:30,30,NO CONTROLS,NO CONTROLS,CLEAR,DAYLIGHT,PARKED MOTOR VEHICLE,ONE-WAY,,STRAIGHT AND LEVEL,DRY,NO DEFECTS,ON SCENE,INJURY AND / OR TOW DUE TO CRASH,,,,"OVER $1,500",7/30/2023 12:35,UNDER THE INFLUENCE OF ALCOHOL/DRUGS (USE WHEN ARREST IS EFFECTED),UNDER THE INFLUENCE OF ALCOHOL/DRUGS (USE WHEN ARREST IS EFFECTED),5632,S,SACRAMENTO AVE,824,,,,,,,5,NO INDICATION OF INJURY,0,0,0,0,0,1,0,12,1,7,41.79078756,-87.69874647,POINT (-87.698746467807 41.790787556811)
83535f940493c623d5af6a2f538ffcb4d9b39d4a54dd8050355f98484177c90a1ece94bd05dec2168619df22aa79673b72b48ff2e49dc635cfd4f0e961a4625d,,,7/30/2023 2:15,30,TRAFFIC SIGNAL,FUNCTIONING PROPERLY,CLEAR,"DARKNESS, LIGHTED ROAD",TURNING,NOT DIVIDED,,STRAIGHT AND LEVEL,DRY,NO DEFECTS,NOT ON SCENE (DESK REPORT),INJURY AND / OR TOW DUE TO CRASH,,,,"OVER $1,500",7/30/2023 7:13,NOT APPLICABLE,NOT APPLICABLE,8250,S,COTTAGE GROVE AVE,631,,,,,,,2,NO INDICATION OF INJURY,0,0,0,0,0,3,0,2,1,7,41.74428595,-87.60518932,POINT (-87.605189317028 41.744285954172)
953dad72c5f16af688260bd06023317f0252b9cccfc2888db4bf60e14394994aca67bdf4ab937248b58e12c4a4c155603eebac731e2d4c06512bc77c507281b2,,,7/30/2023 2:10,30,STOP SIGN/FLASHER,FUNCTIONING PROPERLY,CLEAR,DARKNESS,TURNING,FOUR WAY,,STRAIGHT AND LEVEL,DRY,NO DEFECTS,NOT ON SCENE (DESK REPORT),NO INJURY / DRIVE AWAY,Y,,,$500 OR LESS,7/30/2023 20:00,FAILING TO YIELD RIGHT-OF-WAY,NOT APPLICABLE,4540,W,WASHINGTON BLVD,1113,,,,,,,2,NO INDICATION OF INJURY,0,0,0,0,0,3,0,2,1,7,41.88199038,-87.73964835,POINT (-87.73964834804 41.881990382252)
7d41322964b0175cd2fef8d190670154ff394463cc942c70163f67b9f4d386352df9f039594c3443010140560649414c1c19498e703129fe89b7158b0c5b68e2,,,7/29/2023 13:39,30,NO CONTROLS,NO CONTROLS,CLEAR,DAYLIGHT,SIDESWIPE OPPOSITE DIRECTION,NOT DIVIDED,,STRAIGHT AND LEVEL,DRY,NO DEFECTS,ON SCENE,NO INJURY / DRIVE AWAY,,,,"OVER $1,500",7/29/2023 13:39,UNABLE TO DETERMINE,NOT APPLICABLE,6402,N,DAMEN AVE,2412,,,,,,,2,NO INDICATION OF INJURY,0,0,0,0,0,4,0,13,7,7,41.99803906,-87.68028806,POINT (-87.680288058191 41.998039056022)
0e12f38454360ba99a5d465aca64b43e4fc3f61ac7e7597dabc1fa108876e94df125d90d34fc053014eeeb60333ff872252ff608944fc66207b9d485aac1f9b6,,,7/30/2023 4:45,30,NO CONTROLS,NO CONTROLS,CLEAR,DAYLIGHT,PARKED MOTOR VEHICLE,ONE-WAY,,STRAIGHT AND LEVEL,DRY,NO DEFECTS,ON SCENE,NO INJURY / DRIVE AWAY,,,Y,"$501 - $1,500",7/30/2023 5:00,FOLLOWING TOO CLOSELY,NOT APPLICABLE,2554,W,45TH ST,922,,,,,,,2,NO INDICATION OF INJURY,0,0,0,0,0,1,0,4,1,7,41.81210699,-87.68921581,POINT (-87.689215814428 41.812106991073)
73fce794876c12ae13cb0395d71d940485af92857e8b957e4842894a273272ff4e9b1a6b9c8312aca26548c70774561fbfb983d11d50189ed51fc7fe2726be85,,,7/29/2023 21:56,30,TRAFFIC SIGNAL,FUNCTIONING PROPERLY,CLEAR,"DARKNESS, LIGHTED ROAD",TURNING,FOUR WAY,,STRAIGHT AND LEVEL,DRY,NO DEFECTS,ON SCENE,INJURY AND / OR TOW DUE TO CRASH,Y,,,"OVER $1,500",7/29/2023 22:10,UNABLE TO DETERMINE,UNABLE TO DETERMINE,3400,W,ARMITAGE AVE,1413,,,,,,,2,NO INDICATION OF INJURY,0,0,0,0,0,3,0,21,7,7,41.91745099,-87.71198837,POINT (-87.711988372904 41.917450988693)
b61d1a59606b20c442fd0b30485b8ee986e6fff9c90de47900f0943a4627705135af96ea538acdff67a6ee9e9182d72ad819c6ed606eff3ec0e5448c995bc94c,,,7/25/2023 19:30,30,NO CONTROLS,NO CONTROLS,CLEAR,DAYLIGHT,REAR END,DIVIDED - W/MEDIAN (NOT RAISED),,STRAIGHT AND LEVEL,DRY,NO DEFECTS,ON SCENE,NO INJURY / DRIVE AWAY,,,,"OVER $1,500",7/25/2023 19:45,UNABLE TO DETERMINE,NOT APPLICABLE,3952,W,79TH ST,833,,,,,,,2,NO INDICATION OF INJURY,0,0,0,0,0,2,0,19,3,7,41.74968144,-87.7218363,POINT (-87.721836296149 41.74968144127)
1e142c0a78c3cb46b96aeb7c70a28d4d62bad08d6d6a5bba6b61ac53e129b0b25a688853ed198ba31e0737f63010089a1145a76318271e49ab6e6d8d11096a9c,,,7/26/2023 8:15,30,TRAFFIC SIGNAL,FUNCTIONING PROPERLY,CLEAR,DAYLIGHT,REAR END,NOT DIVIDED,,STRAIGHT AND LEVEL,DRY,NO DEFECTS,NOT ON SCENE (DESK REPORT),NO INJURY / DRIVE AWAY,,,,"OVER $1,500",7/26/2023 9:45,UNABLE TO DETERMINE,UNABLE TO DETERMINE,3400,N,CLARK ST,1924,,,,,,,2,NO INDICATION OF INJURY,0,0,0,0,0,2,0,8,4,7,41.94356094,-87.65376364,POINT (-87.653763643215 41.943560942691)
3df7eaf6e3195f2892cd854debf15554192d400d5c48c6e4eacba3d5b396aa17f5b799d18474bf24f441ddb8ecbb5bf8dba83556d82014f28dbcd0de16337f3d,,,7/29/2023 19:00,30,TRAFFIC SIGNAL,FUNCTIONING PROPERLY,CLEAR,DAYLIGHT,TURNING,OTHER,,STRAIGHT AND LEVEL,DRY,NO DEFECTS,NOT ON SCENE (DESK REPORT),NO INJURY / DRIVE AWAY,Y,,Y,"$501 - $1,500",7/30/2023 11:00,DRIVING SKILLS/KNOWLEDGE/EXPERIENCE,UNABLE TO DETERMINE,600,S,MICHIGAN AVE,123,,,,,,,2,NO INDICATION OF INJURY,0,0,0,0,0,2,0,19,7,7,41.87437162,-87.62437953,POINT (-87.624379527782 41.874371615359)
f64605ff72b755127485e8971f658f4b7f25a8aa586ce815333cc94133192a93adf1d53272660489eac27503f883c3d6c48d97eb77759ae4d5425e4ddee49315,,,7/30/2023 15:00,35,NO CONTROLS,NO CONTROLS,CLEAR,DAYLIGHT,REAR END,NOT DIVIDED,,STRAIGHT AND LEVEL,DRY,NO DEFECTS,ON SCENE,NO INJURY / DRIVE AWAY,,,,"$501 - $1,500",7/30/2023 15:00,FAILING TO REDUCE SPEED TO AVOID CRASH,EQUIPMENT - VEHICLE CONDITION,5302,S,CENTRAL AVE,811,,,,,,,3,NO INDICATION OF INJURY,0,0,0,0,0,3,0,15,1,7,41.79632385,-87.76257743,POINT (-87.762577433025 41.796323847349)
9f91d2be4e2a5c92ac48dae0feb565d4affd9468f4437b7d968c4f2519d3284375447412a6ddf3627016534874d50e7596c6fb7a1572b62fa7f9c305777d19b6,,,7/28/2023 17:40,30,TRAFFIC SIGNAL,FUNCTIONING PROPERLY,CLEAR,DAYLIGHT,REAR END,NOT DIVIDED,,STRAIGHT AND LEVEL,DRY,NO DEFECTS,NOT ON SCENE (DESK REPORT),NO INJURY / DRIVE AWAY,,,,"$501 - $1,500",7/28/2023 18:28,UNABLE TO DETERMINE,UNABLE TO DETERMINE,8700,S,HALSTED ST,2223,,,,,,,2,NO INDICATION OF INJURY,0,0,0,0,0,2,0,17,6,7,41.73578527,-87.64375883,POINT (-87.643758829628 41.735785266472)
b161260903000c11855a7e4dfb78b10ee0a6a49ac477daef7172d91993189195d29636ae623558e4ca91c37f6b029525b62dd73d8107f4a0ef99947efac985e0,,Y,7/30/2023 3:30,30,NO CONTROLS,NO CONTROLS,CLEAR,DARKNESS,PARKED MOTOR VEHICLE,ONE-WAY,,STRAIGHT AND LEVEL,DRY,NO DEFECTS,ON SCENE,INJURY AND / OR TOW DUE TO CRASH,,,Y,"OVER $1,500",7/30/2023 11:30,UNABLE TO DETERMINE,UNABLE TO DETERMINE,5315,S,MELVINA AVE,811,,,,,,,3,NO INDICATION OF INJURY,0,0,0,0,0,1,0,3,1,7,41.79565896,-87.77688406,POINT (-87.776884062103 41.795658964081)
5ec7208272033ff6e447282b6be1ed66a04d42a004d84c8e5e6b137996ae3006d832c2ad231ebcbbc1b7b66eb3a5208166643bf2c5b711bd918054a2b73d8663,,,7/30/2023 8:30,30,NO CONTROLS,NO CONTROLS,CLEAR,DAYLIGHT,TURNING,CENTER TURN LANE,,STRAIGHT AND LEVEL,DRY,NO DEFECTS,ON SCENE,NO INJURY / DRIVE AWAY,,,,"OVER $1,500",7/30/2023 8:34,UNABLE TO DETERMINE,UNABLE TO DETERMINE,2757,N,HARLEM AVE,2512,,Y,,,,,2,NO INDICATION OF INJURY,0,0,0,0,0,2,0,8,1,7,41.93068901,-87.80634323,POINT (-87.80634322496 41.930689009284)
195adde1c73b9b39e5051324fd8e7e9f87eab4b77f2104f242546ba994c25ae74c12df1ee4abbff3ec616eaace8aa3575347c7063c034ad4f70b0496db18201f,,,7/30/2023 11:30,15,NO CONTROLS,NO CONTROLS,CLEAR,DAYLIGHT,PARKED MOTOR VEHICLE,OTHER,,STRAIGHT AND LEVEL,DRY,NO DEFECTS,NOT ON SCENE (DESK REPORT),NO INJURY / DRIVE AWAY,,,Y,"$501 - $1,500",7/30/2023 15:10,UNABLE TO DETERMINE,UNABLE TO DETERMINE,219,W,22ND PL,914,,,,,,,2,NO INDICATION OF INJURY,0,0,0,0,0,1,0,11,1,7,41.85205118,-87.63280026,POINT (-87.632800257324 41.852051179495)
8fdddb57a020862aaac75e79631428aee6b14f67a8676cb769ad40869b3d65fb16a002162a4b3bd3d0b7db2bfa396310c5ed4c105419b3c35e8829ae4815622d,,Y,7/29/2023 1:10,30,STOP SIGN/FLASHER,OTHER,RAIN,"DARKNESS, LIGHTED ROAD",ANGLE,FOUR WAY,,STRAIGHT AND LEVEL,WET,NO DEFECTS,ON SCENE,INJURY AND / OR TOW DUE TO CRASH,Y,,,"OVER $1,500",7/29/2023 1:14,FAILING TO YIELD RIGHT-OF-WAY,UNABLE TO DETERMINE,1561,E,92ND ST,413,,,,,,,2,NO INDICATION OF INJURY,0,0,0,0,0,3,0,1,7,7,41.72770376,-87.58550456,POINT (-87.58550455523 41.727703756753)