CRASH_RECORD_ID,RD_NO,CRASH_DATE_EST_I,CRASH_DATE,POSTED_SPEED_LIMIT,TRAFFIC_CONTROL_DEVICE,DEVICE_CONDITION,WEATHER_CONDITION,LIGHTING_CONDITION,FIRST_CRASH_TYPE,TRAFFICWAY_TYPE,LANE_CNT,ALIGNMENT,ROADWAY_SURFACE_COND,ROAD_DEFECT,REPORT_TYPE,CRASH_TYPE,INTERSECTION_RELATED_I,NOT_RIGHT_OF_WAY_I,HIT_AND_RUN_I,DAMAGE,DATE_POLICE_NOTIFIED,PRIM_CONTRIBUTORY_CAUSE,SEC_CONTRIBUTORY_CAUSE,STREET_NO,STREET_DIRECTION,STREET_NAME,BEAT_OF_OCCURRENCE,PHOTOS_TAKEN_I,STATEMENTS_TAKEN_I,DOORING_I,WORK_ZONE_I,WORK_ZONE_TYPE,WORKERS_PRESENT_I,NUM_UNITS,MOST_SEVERE_INJURY,INJURIES_TOTAL,INJURIES_FATAL,INJURIES_INCAPACITATING,INJURIES_NON_INCAPACITATING,INJURIES_REPORTED_NOT_EVIDENT,INJURIES_NO_INDICATION,INJURIES_UNKNOWN,CRASH_HOUR,CRASH_DAY_OF_WEEK,CRASH_MONTH,LATITUDE,LONGITUDE,LOCATION
682dc860de17eacc365d896149e052c0f74aed17cbf153cdcd15175ebbb9710009494b538d4a4f8969b2079ef2acb89597f811c91b2a2fcc4705598ebccc0391,,,7/28/2023 18:15,30,STOP SIGN/FLASHER,FUNCTIONING PROPERLY,CLEAR,DAYLIGHT,ANGLE,ONE-WAY,,STRAIGHT AND LEVEL,DRY,NO DEFECTS,NOT ON SCENE (DESK REPORT),INJURY AND / OR TOW DUE TO CRASH,,,,"$501 - $1,500",7/28/2023 20:43,FAILING TO YIELD RIGHT-OF-WAY,NOT APPLICABLE,4600,S,AVERS AVE,821,,,,,,,2,NO INDICATION OF INJURY,0,0,0,0,0,5,0,18,6,7,41.8097022,-87.72012193,POINT (-87.720121925606 41.8097021948)
7fa7dc7bc63c9f30735fc78063b502905da608f70ec41cf15112c3e17f0c8cfc10724d985a373bbfedacb7137b5b2037cc972c6387892f22d0b52a4c27cb6c03,JG322105,,6/30/2023 10:53,15,NO CONTROLS,NO CONTROLS,CLEAR,DAYLIGHT,TURNING,PARKING LOT,,STRAIGHT AND LEVEL,DRY,NO DEFECTS,ON SCENE,NO INJURY / DRIVE AWAY,,Y,,"OVER $1,500",6/30/2023 11:35,UNABLE TO DETERMINE,UNABLE TO DETERMINE,5630,W,BELMONT AVE,1633,,,,,,,2,NO INDICATION OF INJURY,0,0,0,0,0,2,0,10,6,6,41.93866932,-87.76777554,POINT (-87.767775543408 41.938669321443)
1944d62f30008e6d61d822509f5c5a5e60b559706ef202b9058610ef298aab1b3bf0e4c0c7df27025c6ab70658e164b68a2905f84bf9ddb5c157dfe9f52d4c73,,Y,7/30/2023 7:40,30,NO CONTROLS,NO CONTROLS,UNKNOWN,UNKNOWN,PARKED MOTOR VEHICLE,NOT DIVIDED,,STRAIGHT AND LEVEL,UNKNOWN,UNKNOWN,NOT ON SCENE (DESK REPORT),NO INJURY / DRIVE AWAY,,,Y,"OVER $1,500",7/30/2023 18:00,UNABLE TO DETERMINE,NOT APPLICABLE,3927,W,BELMONT AVE,2523,,,,,,,2,NO INDICATION OF INJURY,0,0,0,0,0,1,0,7,1,7,41.93901283,-87.7248659,POINT (-87.724865904134 41.939012831712)
4f24e6a068ecb1ae929aa81a6d7d0e2ec6273b28ee8313e6ada81c09df327b90a89565f7a2fc0d05dcc229dcb131842ecaa1ab57816d061765f6b319342b96bc,,N,7/30/2023 10:00,30,NO CONTROLS,NO CONTROLS,CLEAR,DAYLIGHT,PARKED MOTOR VEHICLE,PARKING LOT,,STRAIGHT AND LEVEL,DRY,NO DEFECTS,NOT ON SCENE (DESK REPORT),NO INJURY / DRIVE AWAY,,Y,Y,"$501 - $1,500",7/30/2023 17:30,UNABLE TO DETERMINE,UNABLE TO DETERMINE,401,N,WABASH AVE,1834,,,,,,,2,NO INDICATION OF INJURY,0,0,0,0,0,1,0,10,1,7,41.88928401,-87.62654855,POINT (-87.626548547941 41.889284013529)
97253a1a340cad13fa9cbee816cb5034c4deb52fb9e7034b0d77bb61ab787fad10a159eddf4bb0ad81989f5c38596ba3b115de24dca5b2ce2bfe3baf9786c144,,Y,7/30/2023 6:50,20,NO CONTROLS,NO CONTROLS,CLEAR,DAYLIGHT,PARKED MOTOR VEHICLE,DIVIDED - W/MEDIAN (NOT RAISED),,STRAIGHT AND LEVEL,DRY,NO DEFECTS,NOT ON SCENE (DESK REPORT),NO INJURY / DRIVE AWAY,,,Y,"OVER $1,500",7/30/2023 6:58,NOT APPLICABLE,NOT APPLICABLE,5501,W,WASHINGTON BLVD,1522,,,,,,,2,NO INDICATION OF INJURY,0,0,0,0,0,1,0,6,1,7,41.88215569,-87.763339,POINT (-87.763339002478 41.882155685348)
33f88e6f48b5738e5c590eadc0f6bccd20689f792899c9eb7fcb5707b66ff557fed82fb83e65451094beb219feede811327e3ed1c9238106b981ee5818bcbf84,,,7/30/2023 18:00,30,TRAFFIC SIGNAL,FUNCTIONING PROPERLY,CLEAR,DAYLIGHT,ANGLE,NOT DIVIDED,,STRAIGHT AND LEVEL,DRY,NO DEFECTS,ON SCENE,INJURY AND / OR TOW DUE TO CRASH,Y,,,"OVER $1,500",7/30/2023 18:02,UNABLE TO DETERMINE,NOT APPLICABLE,4759,N,CICERO AVE,1722,,,,,,,2,NO INDICATION OF INJURY,0,0,0,0,0,3,0,18,1,7,41.96793836,-87.74757498,POINT (-87.747574975271 41.967938354619)
730e40961d41a66414755f7bf43b051ec46dee38e15c59b98aaea978efc0338199bbfe61401b3e345f3769295a362984b399480269c388171bd0b0ac1d55ce2c,,,7/30/2023 10:52,30,TRAFFIC SIGNAL,FUNCTIONING PROPERLY,CLEAR,DAYLIGHT,PARKED MOTOR VEHICLE,NOT DIVIDED,,STRAIGHT AND LEVEL,DRY,NO DEFECTS,ON SCENE,NO INJURY / DRIVE AWAY,,,Y,"OVER $1,500",7/30/2023 10:59,UNABLE TO DETERMINE,UNABLE TO DETERMINE,4205,N,AUSTIN AVE,1624,,,,,,,3,NO INDICATION OF INJURY,0,0,0,0,0,1,0,10,1,7,41.9569094,-87.77676005,POINT (-87.776760044707 41.956909403585)
ff90eed0725d6a74d7b0e123129f1083a6706fac362c8dc4ee845c0f754a549570ef0011191318412cc77edf25295dcde66e297c75d07b8412b98f342b2a58d9,,,7/30/2023 8:04,30,STOP SIGN/FLASHER,NO CONTROLS,CLEAR,DAYLIGHT,TURNING,NOT DIVIDED,,STRAIGHT AND LEVEL,DRY,NO DEFECTS,NOT ON SCENE (DESK REPORT),NO INJURY / DRIVE AWAY,,,,"OVER $1,500",7/30/2023 11:43,UNABLE TO DETERMINE,NOT APPLICABLE,600,N,HAMLIN AVE,1122,,,,,,,2,NO INDICATION OF INJURY,0,0,0,0,0,2,0,8,1,7,41.89183501,-87.72123021,POINT (-87.72123020919 41.89183500592)
54796161f8fb72396e10d1a98ee1b8a2fc76108ef60dd491c4e6e275bcbbd305a7378ea969b895dc5ebb59a905315aefd0d2fad33ed74250852dd0b4adbbb228,,,7/30/2023 6:00,30,NO CONTROLS,NO CONTROLS,CLEAR,"DARKNESS, LIGHTED ROAD",PARKED MOTOR VEHICLE,NOT DIVIDED,,STRAIGHT AND LEVEL,DRY,NO DEFECTS,ON SCENE,INJURY AND / OR TOW DUE TO CRASH,,,Y,"OVER $1,500",7/30/2023 6:50,UNABLE TO DETERMINE,UNABLE TO DETERMINE,1722,W,MONTROSE AVE,1912,,,,,,,5,NO INDICATION OF INJURY,0,0,0,0,0,1,0,6,1,7,41.96166589,-87.67184072,POINT (-87.671840721538 41.961665893752)
22b780c9a89043d3e438f799d40ed8598f421d9c0bb810ec7c19b0c8919eb9b0cda9881caa9dd38fcdb938f8af28833bd91276e9720eac30e0c5b7a90091c10b,,Y,7/29/2023 23:30,30,NO CONTROLS,NO CONTROLS,CLEAR,"DARKNESS, LIGHTED ROAD",PARKED MOTOR VEHICLE,NOT DIVIDED,,STRAIGHT AND LEVEL,DRY,NO DEFECTS,NOT ON SCENE (DESK REPORT),NO INJURY / DRIVE AWAY,,,Y,"OVER $1,500",7/30/2023 5:30,UNABLE TO DETERMINE,NOT APPLICABLE,7645,N,SHERIDAN RD,2422,,,,,,,2,NO INDICATION OF INJURY,0,0,0,0,0,1,0,23,7,7,42.0204453,-87.66624448,POINT (-87.666244483198 42.020445304449)
945532ef5a5b7bf476821fca25d7c4e454ce1aea7d2ba8dafc1b11f0db95d5de463e3e04ae8ecff72d1a07ba5fc4264e63d9a251181c731d09b90b5d87882aec,,,7/29/2023 22:15,30,NO CONTROLS,NO CONTROLS,CLEAR,"DARKNESS, LIGHTED ROAD",SIDESWIPE SAME DIRECTION,NOT DIVIDED,,STRAIGHT AND LEVEL,DRY,NO DEFECTS,NOT ON SCENE (DESK REPORT),NO INJURY / DRIVE AWAY,,,,"OVER $1,500",7/29/2023 22:35,IMPROPER LANE USAGE,UNABLE TO DETERMINE,1554,W,95TH ST,2221,,,,,,,2,NO INDICATION OF INJURY,0,0,0,0,0,3,0,22,7,7,41.72132699,-87.66253366,POINT (-87.66253365849 41.721326986728)
e84f4588a04adcb4f1ef5369cd644a5cbf6a9dc988bc1639d1a7ddb85e34babf89c5629354559e60c89db7e685249505bf88942db424e28fa9adf32291892ab7,,,7/29/2023 22:25,30,TRAFFIC SIGNAL,FUNCTIONING PROPERLY,CLEAR,DARKNESS,TURNING,FOUR WAY,,STRAIGHT AND LEVEL,DRY,NO DEFECTS,ON SCENE,INJURY AND / OR TOW DUE TO CRASH,Y,,,"OVER $1,500",7/29/2023 22:29,DISREGARDING TRAFFIC SIGNALS,FAILING TO YIELD RIGHT-OF-WAY,5400,W,DEVON AVE,1621,,,,,,,2,NO INDICATION OF INJURY,0,0,0,0,0,3,0,22,7,7,41.99743743,-87.7638592,POINT (-87.763859195367 41.997437430426)
c55b0964be45ec155b2b26a9cbe7dbd3b8f56090a66bcc5cb8ddc8fb5ea76fe6deb4b4c65cf5e48cb04f120ed48c76a6a63db01b36b1966f533621e32339fdf2,,,7/30/2023 15:33,30,NO CONTROLS,NO CONTROLS,CLEAR,DAYLIGHT,REAR TO SIDE,NOT DIVIDED,,STRAIGHT AND LEVEL,DRY,NO DEFECTS,ON SCENE,NO INJURY / DRIVE AWAY,,,Y,"OVER $1,500",7/30/2023 15:37,"OPERATING VEHICLE IN ERRATIC, RECKLESS, CARELESS, NEGLIGENT OR AGGRESSIVE MANNER",NOT APPLICABLE,1835,W,HARRISON ST,1231,,,,,,,2,NO INDICATION OF INJURY,0,0,0,0,0,2,0,15,1,7,41.87398795,-87.67299741,POINT (-87.672997409337 41.873987953314)
090af539857ef3763269826a459c7ef9df8a0faa7f4e44c2fb271e4ac0679b47578aaaef5d4120b7a4d82347996a267ab55246cb827fac7af7211c032ea1e4ee,,,7/30/2023 19:25,30,NO CONTROLS,NO CONTROLS,CLEAR,DUSK,FIXED OBJECT,PARKING LOT,,STRAIGHT AND LEVEL,DRY,UNKNOWN,NOT ON SCENE (DESK REPORT),INJURY AND / OR TOW DUE TO CRASH,,Y,,"OVER $1,500",7/30/2023 21:15,EQUIPMENT - VEHICLE CONDITION,EQUIPMENT - VEHICLE CONDITION,501,N,KEDZIE AVE,1221,,,,,,,1,NO INDICATION OF INJURY,0,0,0,0,0,2,0,19,1,7,41.89038911,-87.70625305,POINT (-87.706253047639 41.890389110396)
8bdc5a8d41f5e31898006345a13976eabeb3d9d972a266041a90a136a001c7e97930fb55e4ce0f8ecbd388b4839aa4cf650362ca2bb8af19e3bdce7dbe51d30b,,,7/28/2023 11:00,30,NO CONTROLS,NO CONTROLS,CLEAR,DAYLIGHT,SIDESWIPE SAME DIRECTION,DIVIDED - W/MEDIAN (NOT RAISED),,STRAIGHT AND LEVEL,DRY,NO DEFECTS,NOT ON SCENE (DESK REPORT),NO INJURY / DRIVE AWAY,,,Y,$500 OR LESS,7/28/2023 12:30,UNABLE TO DETERMINE,NOT APPLICABLE,2310,W,63RD ST,825,,,,,,,2,NO INDICATION OF INJURY,0,0,0,0,0,4,0,11,6,7,41.77931653,-87.68157977,POINT (-87.681579767831 41.779316530022)
a4e543acc5571b6ea39a2fe2ea8f959dd317def0232f7b4ec7d2cebdc1b5f236fb5af2194f86b7cdf2012cfcb664567f039c02f370e821350978def12bb82e62,,,7/28/2023 23:08,30,STOP SIGN/FLASHER,FUNCTIONING PROPERLY,RAIN,DARKNESS,ANGLE,NOT DIVIDED,,STRAIGHT AND LEVEL,WET,NO DEFECTS,NOT ON SCENE (DESK REPORT),NO INJURY / DRIVE AWAY,,,Y,"OVER $1,500",7/30/2023 12:45,WEATHER,NOT APPLICABLE,654,W,79TH ST,621,,,,,,,2,NO INDICATION OF INJURY,0,0,0,0,0,2,0,23,6,7,41.75079173,-87.64137469,POINT (-87.64137469208 41.750791726299)
3e759452157668a95d4448d5233d8502c489cd83f6cbdc5c69e925c6887e24f808db297e046c29dfc9bec3879cdb3669871a5dd40bdd5704dd54275f29330cf5,,Y,7/29/2023 15:20,30,NO CONTROLS,NO CONTROLS,CLEAR,DAYLIGHT,REAR END,NOT DIVIDED,,STRAIGHT AND LEVEL,UNKNOWN,UNKNOWN,ON SCENE,NO INJURY / DRIVE AWAY,,,,$500 OR LESS,7/29/2023 16:00,FOLLOWING TOO CLOSELY,NOT APPLICABLE,4735,S,CICERO AVE,815,,,,,,,2,NO INDICATION OF INJURY,0,0,0,0,0,2,0,15,7,7,41.80657206,-87.74297702,POINT (-87.742977018188 41.806572064393)
b4e452b69a502439119a39efed59e1454da76e3e7457f700589f3f254587e99b5857f9ba726405fd7f7a44c5fab6fd4e7d1a14fb3d855a49599012759a738d60,,,7/27/2023 8:00,30,NO CONTROLS,NO CONTROLS,CLEAR,DAYLIGHT,PEDESTRIAN,ALLEY,,STRAIGHT AND LEVEL,DRY,NO DEFECTS,ON SCENE,INJURY AND / OR TOW DUE TO CRASH,,,,"OVER $1,500",7/27/2023 8:26,FAILING TO YIELD RIGHT-OF-WAY,UNABLE TO DETERMINE,1759,W,AINSLIE ST,2032,,,,,,,2,INCAPACITATING INJURY,1,0,1,0,0,1,0,8,5,7,41.97169066,-87.67341786,POINT (-87.673417854749 41.971690656171)
ceb62e2f517301af508cdd1f60f57b71052e5a370b552c520898db667288d940ca5adedea56ed71a1569335af748c1a7d3264b9db8a8edb77ae0105d496c3305,,,7/29/2023 17:56,30,TRAFFIC SIGNAL,FUNCTIONING PROPERLY,CLEAR,DAYLIGHT,TURNING,NOT DIVIDED,,STRAIGHT AND LEVEL,DRY,NO DEFECTS,NOT ON SCENE (DESK REPORT),NO INJURY / DRIVE AWAY,,,,"$501 - $1,500",7/29/2023 18:15,IMPROPER TURNING/NO SIGNAL,NOT APPLICABLE,5100,S,CALIFORNIA AVE,923,,,,,,,2,NO INDICATION OF INJURY,0,0,0,0,0,3,0,17,7,7,41.80089564,-87.69414412,POINT (-87.694144121738 41.800895636272)
d90e1290d3a13bd61ab841b1ab3be4af5bc3ef76e349553fcdbcd6aff4b02354016ee8be309c78b491d9e1dfd51b77267e92c98055413a5290c7b2036a300cae,,,7/30/2023 8:30,30,TRAFFIC SIGNAL,FUNCTIONING PROPERLY,UNKNOWN,DAYLIGHT,TURNING,NOT DIVIDED,,STRAIGHT AND LEVEL,UNKNOWN,NO DEFECTS,NOT ON SCENE (DESK REPORT),NO INJURY / DRIVE AWAY,Y,,Y,"OVER $1,500",7/30/2023 15:35,UNABLE TO DETERMINE,NOT APPLICABLE,7600,S,ST LAWRENCE AVE,624,,,,,,,2,NO INDICATION OF INJURY,0,0,0,0,0,2,0,8,1,7,41.75657496,-87.61035747,POINT (-87.610357467484 41.756574957144)
61690aca5e80f4dd24cabf955886c5a609825536d29de2ee724d5e418e228cd763d9a49b597f695ad4a27473bbc71c2db874be56a20111ec25059029b78cb394,,,7/29/2023 18:00,25,NO CONTROLS,NO CONTROLS,CLEAR,DAYLIGHT,REAR END,NOT DIVIDED,,STRAIGHT AND LEVEL,DRY,NO DEFECTS,NOT ON SCENE (DESK REPORT),NO INJURY / DRIVE AWAY,,,,"OVER $1,500",7/29/2023 18:30,FAILING TO REDUCE SPEED TO AVOID CRASH,NOT APPLICABLE,5800,W,DIVISION ST,2531,,,,,,,3,NO INDICATION OF INJURY,0,0,0,0,0,3,0,18,7,7,41.90217947,-87.77057243,POINT (-87.770572427416 41.90217947086)
ca2e878f1844a4531ea222a6dda4418ab635eba2230c26fe80a41fe0b85fe8dbb467e47102728bc076aa37896c83106dbf009534e7b6b87ea253b82e3ebb997b,,,7/29/2023 2:42,30,TRAFFIC SIGNAL,FUNCTIONING PROPERLY,RAIN,"DARKNESS, LIGHTED ROAD",ANGLE,NOT DIVIDED,,STRAIGHT AND LEVEL,WET,NO DEFECTS,NOT ON SCENE (DESK REPORT),NO INJURY / DRIVE AWAY,Y,,,"OVER $1,500",7/29/2023 19:50,UNABLE TO DETERMINE,NOT APPLICABLE,3200,W,GRAND AVE,1121,,,,,,,2,NO INDICATION OF INJURY,0,0,0,0,0,2,0,2,7,7,41.89842312,-87.70661641,POINT (-87.706616405026 41.898423122275)
e29c58efc46f81cb61dfd58fa61864adfb351f43eb23d73d25a09d071a9e1018bb259b3c7fe12cfbd0a94494f0b1c134ff7c01ed90c21f1830f262d6c0dcd54c,,,7/30/2023 15:20,30,TRAFFIC SIGNAL,FUNCTIONING PROPERLY,CLEAR,DAYLIGHT,REAR END,NOT DIVIDED,,STRAIGHT AND LEVEL,DRY,NO DEFECTS,NOT ON SCENE (DESK REPORT),NO INJURY / DRIVE AWAY,Y,,,"OVER $1,500",7/30/2023 15:40,UNABLE TO DETERMINE,NOT APPLICABLE,2000,N,CENTRAL PARK AVE,2525,,,,,,,2,NO INDICATION OF INJURY,0,0,0,0,0,3,0,15,1,7,41.91732537,-87.71692093,POINT (-87.7169209281 41.91732537342)
2a2f062d76002cd987b22383338eeffea5a564d19ed60f9e1ea5bb45f3c1aff606b98283d005894043e971c3cd58d7f4057eba83eae81fd0d4a5174b8be96504,,,7/30/2023 4:09,30,NO CONTROLS,NO CONTROLS,CLEAR,"DARKNESS, LIGHTED ROAD",FIXED OBJECT,NOT DIVIDED,,STRAIGHT AND LEVEL,DRY,NO DEFECTS,ON SCENE,INJURY AND / OR TOW DUE TO CRASH,,,,"OVER $1,500",7/30/2023 4:09,UNABLE TO DETERMINE,UNABLE TO DETERMINE,3704,W,PETERSON AVE,1711,,,,,,,1,NONINCAPACITATING INJURY,2,0,0,2,0,0,0,4,1,7,41.99033635,-87.72163293,POINT (-87.721632925014 41.99033634745)
2e49fc0d4a717eddc2b5b027503c33706d0f06ac5dd9dc1185ba8a3b7254f31e5d2cb85ade1b217159daf3c02ee7d7c3d47e8fa27c78112c102d522bb2739911,,,7/29/2023 2:30,30,NO CONTROLS,NO CONTROLS,RAIN,DUSK,REAR END,NOT DIVIDED,,STRAIGHT AND LEVEL,DRY,NO DEFECTS,NOT ON SCENE (DESK REPORT),NO INJURY / DRIVE AWAY,,,Y,"$501 - $1,500",7/29/2023 17:45,NOT APPLICABLE,NOT APPLICABLE,4799,W,63RD ST,813,,,,,,,2,NO INDICATION OF INJURY,0,0,0,0,0,2,0,2,7,7,41.77832018,-87.74222893,POINT (-87.742228924664 41.778320184199)
5146d4055ad7465cd4d3133bbfc08d9630cc669614fe2078b452625d180971d85ea70d912b4c83f214a8a9ebae7cdc8a5e38980017339d8be937f03962c7ab66,,,7/30/2023 17:54,30,NO CONTROLS,NO CONTROLS,CLEAR,DAYLIGHT,REAR END,DIVIDED - W/MEDIAN (NOT RAISED),,STRAIGHT AND LEVEL,DRY,NO DEFECTS,ON SCENE,INJURY AND / OR TOW DUE TO CRASH,,,,"OVER $1,500",7/30/2023 18:02,FOLLOWING TOO CLOSELY,FOLLOWING TOO CLOSELY,4307,W,ADDISON ST,1731,,,,,,,2,NO INDICATION OF INJURY,0,0,0,0,0,2,0,17,1,7,41.94615758,-87.73564469,POINT (-87.735644687312 41.946157575612)
37b6ef60b4e788b0f8e69aa1360b48ad4d0260748bdbaa4ee28fc8965180baf5d3ce9f5d6d2744e66da0470fba996c6e7034e037e401f9333991307f65a399d4,,,7/29/2023 8:30,30,NO CONTROLS,NO CONTROLS,CLEAR,DAYLIGHT,TURNING,ONE-WAY,,STRAIGHT AND LEVEL,DRY,NO DEFECTS,NOT ON SCENE (DESK REPORT),NO INJURY / DRIVE AWAY,,,Y,"OVER $1,500",7/30/2023 11:04,FAILING TO YIELD RIGHT-OF-WAY,FAILING TO YIELD RIGHT-OF-WAY,6258,S,KOLMAR AVE,813,,,,,,,2,NO INDICATION OF INJURY,0,0,0,0,0,2,0,8,7,7,41.7785907,-87.73633459,POINT (-87.736334593957 41.778590695543)
09aad7986f283785ecca60b635b74122109050560bc6a54d05fb4865a23936071c1a6abc8a2c42d9d41fa4e4001cde0f1b147a89c71d9bdc38ae15dfcccb9508,,,7/30/2023 15:10,30,UNKNOWN,UNKNOWN,UNKNOWN,UNKNOWN,REAR TO FRONT,PARKING LOT,,STRAIGHT AND LEVEL,UNKNOWN,UNKNOWN,NOT ON SCENE (DESK REPORT),NO INJURY / DRIVE AWAY,,Y,,"OVER $1,500",7/30/2023 16:00,UNABLE TO DETERMINE,NOT APPLICABLE,4343,N,KEDZIE AVE,1724,,,,,,,2,NO INDICATION OF INJURY,0,0,0,0,0,2,0,15,1,7,41.96064588,-87.70808151,POINT (-87.708081509175 41.960645883331)
c72c12b6fb4d3adb16d748bfc6aa1235f700dae0165601d4ef05eadb472bb5f0bf01b4c525a7bd524769e806002a39f0cd4ca1c052db5a0e468023afb91569ec,,N,7/30/2023 5:00,25,NO CONTROLS,NO CONTROLS,CLEAR,DAYLIGHT,PARKED MOTOR VEHICLE,NOT DIVIDED,,STRAIGHT AND LEVEL,DRY,NO DEFECTS,ON SCENE,INJURY AND / OR TOW DUE TO CRASH,,,Y,"OVER $1,500",7/30/2023 5:15,DRIVING SKILLS/KNOWLEDGE/EXPERIENCE,DRIVING SKILLS/KNOWLEDGE/EXPERIENCE,3314,N,MEADE AVE,1633,,,,,,,2,NO INDICATION OF INJURY,0,0,0,0,0,1,0,5,1,7,41.94070209,-87.77888079,POINT (-87.778880792149 41.940702087938)
568d7f97d1fbe3b27b2187e121cde9be706fcfb8780943750b86b245523f9d1c94e9a4fd5310f28bb6fdf6e36f43d6ff41223d8ee5ae70bf9fab7df3dfd97904,,,7/29/2023 21:00,30,NO CONTROLS,NO CONTROLS,CLEAR,"DARKNESS, LIGHTED ROAD",PEDESTRIAN,ALLEY,,STRAIGHT AND LEVEL,DRY,NO DEFECTS,ON SCENE,INJURY AND / OR TOW DUE TO CRASH,,,,"OVER $1,500",7/29/2023 23:25,UNABLE TO DETERMINE,UNABLE TO DETERMINE,7200,S,EVANS AVE,323,,,,,,,2,NONINCAPACITATING INJURY,1,0,0,1,0,1,0,21,7,7,41.76393736,-87.60690752,POINT (-87.606907523857 41.763937359555)
f035682a33e38d7c1375f6d9a9101a51151d4f3f006e6239fb11b6a15cb2f0fe2ed472b8ffefaf8145add3c72bb067611002d0f77a5934005badf7a0ab8dd29b,,,7/30/2023 1:23,30,NO CONTROLS,NO CONTROLS,CLEAR,"DARKNESS, LIGHTED ROAD",PARKED MOTOR VEHICLE,DIVIDED - W/MEDIAN (NOT RAISED),,STRAIGHT AND LEVEL,DRY,NO DEFECTS,ON SCENE,INJURY AND / OR TOW DUE TO CRASH,,,,"OVER $1,500",7/30/2023 1:31,"OPERATING VEHICLE IN ERRATIC, RECKLESS, CARELESS, NEGLIGENT OR AGGRESSIVE MANNER","OPERATING VEHICLE IN ERRATIC, RECKLESS, CARELESS, NEGLIGENT OR AGGRESSIVE MANNER",508,W,115TH ST,2233,,,,,,,2,NO INDICATION OF INJURY,0,0,0,0,0,1,0,1,1,7,41.68527718,-87.63529528,POINT (-87.635295277012 41.685277177115)
0caaf3d207bf56af22ab0523de1464f961d1e3aeb4012f7bccba37315221334ac786064cf205490e85b24e7a693e80c3fb393206b26df90d06548055d8144436,,,7/29/2023 12:40,30,NO CONTROLS,NO CONTROLS,CLEAR,DAYLIGHT,PARKED MOTOR VEHICLE,OTHER,,STRAIGHT AND LEVEL,DRY,NO DEFECTS,NOT ON SCENE (DESK REPORT),NO INJURY / DRIVE AWAY,,,Y,"$501 - $1,500",7/29/2023 14:01,NOT APPLICABLE,NOT APPLICABLE,6743,S,KEDZIE AVE,831,,,,,,,2,NO INDICATION OF INJURY,0,0,0,0,0,1,0,12,7,7,41.77040513,-87.70279647,POINT (-87.702796473772 41.770405133111)
6ffb389e099c38771f81329281bfbdf08e9076957d590f9b80f7cafd1020179468767db6109d4492f40a6008dd8fe06dbc4cdd16fdc337ae3c28dba28896d44f,,,7/30/2023 15:00,30,TRAFFIC SIGNAL,FUNCTIONING PROPERLY,CLEAR,DAYLIGHT,REAR END,FOUR WAY,,STRAIGHT AND LEVEL,DRY,NO DEFECTS,NOT ON SCENE (DESK REPORT),NO INJURY / DRIVE AWAY,,,,"OVER $1,500",7/30/2023 17:30,UNABLE TO DETERMINE,NOT APPLICABLE,1202,N,PULASKI RD,2534,,,,,,,2,NO INDICATION OF INJURY,0,0,0,0,0,2,0,15,1,7,41.90278203,-87.72645393,POINT (-87.726453925395 41.902782029388)
c359ba4d93e20db2db480bb17a88b7ac83992612f4956f554784e67ec6d23ea4bb4eef2620e54c7f4f23324dfedad4e3245e6be7ee14eeb4c27deaa8dd225771,,,7/29/2023 20:15,30,NO CONTROLS,NO CONTROLS,CLEAR,"DARKNESS, LIGHTED ROAD",FIXED OBJECT,PARKING LOT,,STRAIGHT ON GRADE,DRY,NO DEFECTS,ON SCENE,NO INJURY / DRIVE AWAY,,,,"$501 - $1,500",7/29/2023 20:39,DRIVING SKILLS/KNOWLEDGE/EXPERIENCE,NOT APPLICABLE,345,E,OHIO ST,1834,,,,,,,2,NO INDICATION OF INJURY,0,0,0,0,0,3,0,20,7,7,41.8925183,-87.61850243,POINT (-87.618502426937 41.892518300822)
5e9c823e2ef08c67dddad7772721a48c7d708e46bb7f5f94c7cbe53fe9cd32bd03f1aea9f961bc38a4d17d07df95dd106f2c0a855ffeb30729b39115f65b2340,,,7/29/2023 22:06,30,NO CONTROLS,NO CONTROLS,CLEAR,"DARKNESS, LIGHTED ROAD",PARKED MOTOR VEHICLE,ONE-WAY,,STRAIGHT AND LEVEL,DRY,NO DEFECTS,ON SCENE,NO INJURY / DRIVE AWAY,,,,"$501 - $1,500",7/29/2023 22:07,IMPROPER TURNING/NO SIGNAL,NOT APPLICABLE,5659,S,TRIPP AVE,813,,,,,,,2,NO INDICATION OF INJURY,0,0,0,0,0,1,0,22,7,7,41.78960875,-87.72903748,POINT (-87.729037481918 41.789608754022)
89e5763dbd5d1fb43488cff286cbdf5b56218f7737d9ca55a8ed95263aeaf610d140f988dedb5ff5125c941801fcf71060b7dfa6816d236c469f01da9b0f0385,,,7/30/2023 19:00,30,NO CONTROLS,NO CONTROLS,CLEAR,DAYLIGHT,ANGLE,NOT DIVIDED,,STRAIGHT AND LEVEL,DRY,NO DEFECTS,NOT ON SCENE (DESK REPORT),NO INJURY / DRIVE AWAY,,,,"OVER $1,500",7/30/2023 19:55,DRIVING SKILLS/KNOWLEDGE/EXPERIENCE,UNABLE TO DETERMINE,6064,N,RIDGE AVE,2433,,,,,,,2,NO INDICATION OF INJURY,0,0,0,0,0,3,0,19,1,7,41.9916492,-87.67418966,POINT (-87.674189656787 41.991649196274)
fda2491d33ac819033f4aaa7ed901120f2f6785b7e5bbbbf99eb6d56847d5de207d7697261a182f12a2a47fbeb3fbaa5c3c767d3ac099675e65e09f345b7e7f4,,,7/29/2023 0:50,30,TRAFFIC SIGNAL,FUNCTIONING PROPERLY,CLEAR,DARKNESS,SIDESWIPE OPPOSITE DIRECTION,NOT DIVIDED,,STRAIGHT AND LEVEL,UNKNOWN,UNKNOWN,NOT ON SCENE (DESK REPORT),NO INJURY / DRIVE AWAY,,,Y,"OVER $1,500",7/29/2023 19:00,UNABLE TO DETERMINE,NOT APPLICABLE,999,N,CALIFORNIA AVE,1211,,,,,,,2,NO INDICATION OF INJURY,0,0,0,0,0,2,0,0,7,7,41.8992246,-87.69664238,POINT (-87.696642374961 41.899224596015)