CRASH_RECORD_ID,RD_NO,CRASH_DATE_EST_I,CRASH_DATE,POSTED_SPEED_LIMIT,TRAFFIC_CONTROL_DEVICE,DEVICE_CONDITION,WEATHER_CONDITION,LIGHTING_CONDITION,FIRST_CRASH_TYPE,TRAFFICWAY_TYPE,LANE_CNT,ALIGNMENT,ROADWAY_SURFACE_COND,ROAD_DEFECT,REPORT_TYPE,CRASH_TYPE,INTERSECTION_RELATED_I,NOT_RIGHT_OF_WAY_I,HIT_AND_RUN_I,DAMAGE,DATE_POLICE_NOTIFIED,PRIM_CONTRIBUTORY_CAUSE,SEC_CONTRIBUTORY_CAUSE,STREET_NO,STREET_DIRECTION,STREET_NAME,BEAT_OF_OCCURRENCE,PHOTOS_TAKEN_I,STATEMENTS_TAKEN_I,DOORING_I,WORK_ZONE_I,WORK_ZONE_TYPE,WORKERS_PRESENT_I,NUM_UNITS,MOST_SEVERE_INJURY,INJURIES_TOTAL,INJURIES_FATAL,INJURIES_INCAPACITATING,INJURIES_NON_INCAPACITATING,INJURIES_REPORTED_NOT_EVIDENT,INJURIES_NO_INDICATION,INJURIES_UNKNOWN,CRASH_HOUR,CRASH_DAY_OF_WEEK,CRASH_MONTH,LATITUDE,LONGITUDE,LOCATION
9a266cc7f59a163717da196e67b867452cecb17934fe768889b044f82f7f25fb37ae51c437385e4df4ac75816d20ca03bd281ada5d24c64c4cc60b8111c2b70e,,,7/29/2023 15:30,30,STOP SIGN/FLASHER,FUNCTIONING PROPERLY,CLEAR,DAYLIGHT,REAR END,FOUR WAY,,STRAIGHT AND LEVEL,DRY,NO DEFECTS,NOT ON SCENE (DESK REPORT),NO INJURY / DRIVE AWAY,N,,,"OVER $1,500",7/30/2023 16:00,FAILING TO YIELD RIGHT-OF-WAY,FAILING TO YIELD RIGHT-OF-WAY,5800,S,CALIFORNIA AVE,824,,,,,,,2,NO INDICATION OF INJURY,0,0,0,0,0,2,0,15,7,7,41.78813599,-87.69379146,POINT (-87.693791459685 41.7881359927)
4321f8e71f5364372fd017cb3df8c62f70f927e094b8cdda834a57cd78a3ebf330213076dee373734b0d0209a414f6ed3cee7e4be48b7b26d3ed68c635629dec,,,7/29/2023 21:45,30,NO CONTROLS,NO CONTROLS,CLEAR,"DARKNESS, LIGHTED ROAD",SIDESWIPE SAME DIRECTION,OTHER,,STRAIGHT AND LEVEL,DRY,NO DEFECTS,NOT ON SCENE (DESK REPORT),NO INJURY / DRIVE AWAY,,,,"$501 - $1,500",7/30/2023 9:15,UNABLE TO DETERMINE,NOT APPLICABLE,245,E,ONTARIO ST,1834,,,,,,,2,NO INDICATION OF INJURY,0,0,0,0,0,2,0,21,7,7,41.89327128,-87.62151767,POINT (-87.621517671596 41.89327128323)
de084c39e39bf0f9f1a6a36d800f5497ca5dd34e48d9e24305d64ed1a1d021dac4d4d775881a4289cb0a7c7ba15e8188bdf72686141c0ce9a67fa9df31577c3f,,,7/30/2023 7:26,30,TRAFFIC SIGNAL,FUNCTIONING PROPERLY,CLEAR,DAYLIGHT,ANGLE,DIVIDED - W/MEDIAN (NOT RAISED),,STRAIGHT AND LEVEL,DRY,NO DEFECTS,ON SCENE,NO INJURY / DRIVE AWAY,,,,"OVER $1,500",7/30/2023 7:26,DISREGARDING TRAFFIC SIGNALS,UNDER THE INFLUENCE OF ALCOHOL/DRUGS (USE WHEN ARREST IS EFFECTED),953,W,IRVING PARK RD,1923,,,,,,,2,NO INDICATION OF INJURY,0,0,0,0,0,3,0,7,1,7,41.95438385,-87.65419529,POINT (-87.65419529417 41.954383848186)
db61137bc4bb19b84665da12c4c367592e874c623f76a1159a998cf6fafa7dd225820a30a5c4dd36ff4a7147d70c85395dd9b0dfaeea511be8cc8161e8148e07,,,7/30/2023 18:09,30,NO CONTROLS,NO CONTROLS,CLEAR,DAYLIGHT,SIDESWIPE OPPOSITE DIRECTION,NOT DIVIDED,,STRAIGHT AND LEVEL,DRY,NO DEFECTS,NOT ON SCENE (DESK REPORT),INJURY AND / OR TOW DUE TO CRASH,,,,"OVER $1,500",7/30/2023 19:25,IMPROPER LANE USAGE,FAILING TO REDUCE SPEED TO AVOID CRASH,3436,W,HURON ST,1121,,,,,,,3,NO INDICATION OF INJURY,0,0,0,0,0,2,0,18,1,7,41.89377303,-87.71275651,POINT (-87.712756512047 41.893773027997)
d1b30e32a912c9a02959d61d1ac68cb78b7cd46cec8db4abf01e2b5b607a2db5efd3a415a9b9dc4bc216ab498af0333b6ee16f7f7f04f9f3f545f3f414add8c2,,,7/29/2023 12:31,30,NO CONTROLS,NO CONTROLS,CLEAR,DAYLIGHT,TURNING,DIVIDED - W/MEDIAN BARRIER,,STRAIGHT AND LEVEL,DRY,NO DEFECTS,NOT ON SCENE (DESK REPORT),NO INJURY / DRIVE AWAY,Y,,,"OVER $1,500",7/29/2023 12:31,IMPROPER BACKING,IMPROPER BACKING,7900,S,RICHMOND ST,835,,,,,,,2,NO INDICATION OF INJURY,0,0,0,0,0,3,0,12,7,7,41.74969895,-87.69642811,POINT (-87.696428110519 41.749698949449)
fcf3c5ddd8ba79a1b43c039a2507b201c999d659aa85d31dc6c939e84a2a6e4fa066b59b74be162a5758acd4cf8f766b6b242e300b4772466949680c62ae7740,JD207407,,4/12/2020 7:10,30,NO CONTROLS,NO CONTROLS,CLEAR,DAYLIGHT,SIDESWIPE SAME DIRECTION,DIVIDED - W/MEDIAN (NOT RAISED),,STRAIGHT AND LEVEL,DRY,NO DEFECTS,,NO INJURY / DRIVE AWAY,,,Y,"$501 - $1,500",4/12/2020 8:45,UNABLE TO DETERMINE,UNABLE TO DETERMINE,2500,S,LAKE SHORE DR SB,133,,,,,,,2,NO INDICATION OF INJURY,0,0,0,0,0,2,0,7,1,4,41.84742098,-87.6123912,POINT (-87.61239120397 41.847420982326)
f20453c5723af4ecc9c739665b2565af1529b4e705f63dd1cbc959e9a4c56886f46ce01f06c48280e5c8a9bd2d325b2f0f7daaf61e3192047444e71e282b81e0,JG263891,,5/17/2023 10:20,30,NO CONTROLS,NO CONTROLS,CLEAR,DAYLIGHT,PARKED MOTOR VEHICLE,NOT DIVIDED,,STRAIGHT AND LEVEL,DRY,NO DEFECTS,,NO INJURY / DRIVE AWAY,,,,"OVER $1,500",5/17/2023 10:31,IMPROPER BACKING,NOT APPLICABLE,1711,W,90TH ST,2221,,,,,,,2,NO INDICATION OF INJURY,0,0,0,0,0,1,0,10,4,5,41.73012225,-87.66575931,POINT (-87.665759307455 41.73012224727)
5c36f4e91b3deefd051dee799c3957b198389d8fe01247dc7607ce56bd783470260b8a7eaba4d7d9c5e58f44e59ca37b5717088a0e3ebd46a964608fd06a6e14,JD106142,,1/6/2020 13:03,30,NO CONTROLS,NO CONTROLS,CLEAR,DAYLIGHT,ANGLE,NOT DIVIDED,,STRAIGHT AND LEVEL,DRY,NO DEFECTS,,INJURY AND / OR TOW DUE TO CRASH,,,,"OVER $1,500",1/6/2020 13:03,NOT APPLICABLE,NOT APPLICABLE,5635,W,CORCORAN PL,1512,,,,,,,2,NO INDICATION OF INJURY,0,0,0,0,0,2,0,13,2,1,41.88709068,-87.76659425,POINT (-87.766594246183 41.887090677713)
bc2876dcd7c4098806301cb646232eb8f65c86a4f418b70f90391ab5dee6c889b5511da3e2c3666f19cc4e30df20e078ac9234cca189952b3dd18716dacaafd4,JG277961,,5/28/2023 1:20,30,TRAFFIC SIGNAL,UNKNOWN,UNKNOWN,UNKNOWN,REAR END,FOUR WAY,,STRAIGHT AND LEVEL,UNKNOWN,UNKNOWN,,NO INJURY / DRIVE AWAY,Y,,Y,"OVER $1,500",5/28/2023 2:40,UNABLE TO DETERMINE,NOT APPLICABLE,3801,W,CERMAK RD,1013,,,,,,,2,NO INDICATION OF INJURY,0,0,0,0,0,3,0,1,1,5,41.85149703,-87.71993171,POINT (-87.719931713533 41.851497025522)
e88a7d78baea3f2de14f0042ce24937d03ca58553c71022c5abc84cfabfd5f6db42fabfe34751eaa13e6c617a725ab8f42af877c382a4abdab0709b99deccf8a,JB486294,,10/23/2018 3:30,30,LANE USE MARKING,NO CONTROLS,CLEAR,"DARKNESS, LIGHTED ROAD",SIDESWIPE OPPOSITE DIRECTION,CENTER TURN LANE,4,STRAIGHT AND LEVEL,DRY,NO DEFECTS,,INJURY AND / OR TOW DUE TO CRASH,,,,"OVER $1,500",10/23/2018 3:50,IMPROPER LANE USAGE,DISTRACTION - FROM INSIDE VEHICLE,1029,W,NORTH AVE,1822,,,,,,,2,NO INDICATION OF INJURY,0,0,0,0,0,4,0,3,3,10,41.9107088,-87.65445859,POINT (-87.654458592914 41.910708800168)
7c6be082bf34cbfed6fe36dff2c4d0e345712bce950f959b9badb9700588f55eb52f378a8b5428064fcafcf7cf573dead79c91ddd59999fc42d49127de4c4520,JE137663,,2/10/2021 9:33,30,NO CONTROLS,NO CONTROLS,CLEAR,DAYLIGHT,FIXED OBJECT,OTHER,,CURVE ON GRADE,ICE,NO DEFECTS,ON SCENE,INJURY AND / OR TOW DUE TO CRASH,,,,"OVER $1,500",2/10/2021 9:33,UNABLE TO DETERMINE,WEATHER,1620,N,LAKE SHORE DR,1814,,,,,,,1,NO INDICATION OF INJURY,0,0,0,0,0,1,0,9,4,2,41.91195551,-87.62712384,POINT (-87.627123836924 41.91195551227)
f2c0204e5392ff379e5804ad25fad66304949d517327c67a74f5071b98e78e47417ae5043d14ca8e108f22d17b9c4d42d75395d09a80c4ea998da7c058f67e04,JD403415,,10/18/2020 0:03,30,NO CONTROLS,NO CONTROLS,CLEAR,"DARKNESS, LIGHTED ROAD",SIDESWIPE SAME DIRECTION,NOT DIVIDED,,STRAIGHT AND LEVEL,DRY,NO DEFECTS,,INJURY AND / OR TOW DUE TO CRASH,,,Y,"OVER $1,500",10/18/2020 0:03,UNABLE TO DETERMINE,UNABLE TO DETERMINE,6432,S,KEDZIE AVE,823,,,,,,,2,NO INDICATION OF INJURY,0,0,0,0,0,4,0,0,1,10,41.77618364,-87.70321895,POINT (-87.703218946422 41.776183637489)
bf86786457a08ebccd20d6480ed2c5c295e04a510045786b4619811e6a61c9f283ce0b522442722bcf0cea4d40438a873deecd4455a1a2c2a223a577db334838,JD268258,,6/9/2020 20:00,30,STOP SIGN/FLASHER,FUNCTIONING PROPERLY,RAIN,"DARKNESS, LIGHTED ROAD",ANGLE,FOUR WAY,,STRAIGHT AND LEVEL,WET,NO DEFECTS,,NO INJURY / DRIVE AWAY,Y,,Y,"OVER $1,500",6/18/2020 16:30,UNABLE TO DETERMINE,NOT APPLICABLE,6400,S,PARNELL AVE,722,,,,,,,2,NO INDICATION OF INJURY,0,0,0,0,0,2,0,20,3,6,41.77792678,-87.63883466,POINT (-87.638834655301 41.777926777918)
5ee5d998db696abf1c85925f71d82015adb33f3b2cdad1942d7d5cf7f077d3ae22547160f024f0ebd1d4a6875fc58fd1e824aa2d1e0a9c53db3cb3d86efb3038,JG322912,,6/30/2023 21:37,30,NO CONTROLS,NO CONTROLS,CLEAR,"DARKNESS, LIGHTED ROAD",PARKED MOTOR VEHICLE,DIVIDED - W/MEDIAN (NOT RAISED),,STRAIGHT AND LEVEL,DRY,NO DEFECTS,,INJURY AND / OR TOW DUE TO CRASH,,,,"OVER $1,500",6/30/2023 21:38,UNABLE TO DETERMINE,UNABLE TO DETERMINE,7559,S,UNION AVE,621,,,,,,,2,INCAPACITATING INJURY,1,0,1,0,0,0,0,21,6,6,41.75621739,-87.64159601,POINT (-87.641596011467 41.756217389831)
cb0ca76762ca65feacb1f6513312f96f2a05629bd8a866f881c1502f6b723e2b67f12b09ce261ff3d977059f8c11e81574adfa273f96adc8fe9cf1953c9d6206,JD249986,,6/1/2020 15:23,30,NO CONTROLS,NO CONTROLS,CLEAR,DAYLIGHT,PEDESTRIAN,T-INTERSECTION,,STRAIGHT AND LEVEL,DRY,NO DEFECTS,,INJURY AND / OR TOW DUE TO CRASH,Y,,,$500 OR LESS,6/1/2020 15:23,"VISION OBSCURED (SIGNS, TREE LIMBS, BUILDINGS, ETC.)",NOT APPLICABLE,4721,S,COTTAGE GROVE AVE,223,,,,,,,2,NONINCAPACITATING INJURY,1,0,0,1,0,1,0,15,2,6,41.80886014,-87.60640264,POINT (-87.60640264079 41.808860140425)
15f6eb6cde6a026a007034c7081b1f3fac747fc32685910919e4fc695abf188f7c0bb013db7592c57e13a6486da7f90c1f03c704ae8d447b7123baef0dbb03d1,JC155211,,2/17/2018 8:00,30,NO CONTROLS,NO CONTROLS,CLEAR,DAYLIGHT,PARKED MOTOR VEHICLE,NOT DIVIDED,,STRAIGHT AND LEVEL,DRY,NO DEFECTS,,NO INJURY / DRIVE AWAY,,,Y,"$501 - $1,500",2/17/2018 8:24,UNABLE TO DETERMINE,UNABLE TO DETERMINE,7004,N,PAULINA ST,2423,,,,,,,2,NO INDICATION OF INJURY,0,0,0,0,0,1,0,8,7,2,42.00919299,-87.67239634,POINT (-87.672396344055 42.009192992271)
f0ae5a7b71091d7beb2d12a2a1b68dbc0320cc892158a660fb8ea9e8d1b60b8f3026774167548d5b8b412af7504784e7f758f65675c09ba32c4159c13c6de08f,JD257564,,6/8/2020 12:57,30,NO CONTROLS,NO CONTROLS,CLEAR,DAYLIGHT,TURNING,NOT DIVIDED,,STRAIGHT AND LEVEL,DRY,NO DEFECTS,ON SCENE,NO INJURY / DRIVE AWAY,,,,"OVER $1,500",6/8/2020 13:00,IMPROPER TURNING/NO SIGNAL,NOT APPLICABLE,1721,E,92ND ST,413,,,,,,,2,NO INDICATION OF INJURY,0,0,0,0,0,2,0,12,2,6,41.72774435,-87.58178409,POINT (-87.581784088558 41.72774434911)
5bda1ba236fc7e7206dd5ed31f57591dbe50ff8134e707afad76125c79630718f473309c12b9b1734d79eb3a21a4f5e9907ef6076c2a3141a5c024b1f6305613,JF512725,,12/16/2022 12:10,30,TRAFFIC SIGNAL,FUNCTIONING PROPERLY,CLEAR,DAYLIGHT,TURNING,FOUR WAY,,STRAIGHT AND LEVEL,WET,NO DEFECTS,,NO INJURY / DRIVE AWAY,Y,,,"OVER $1,500",12/16/2022 12:47,FAILING TO YIELD RIGHT-OF-WAY,NOT APPLICABLE,1600,W,CORTLAND ST,1433,,,,,,,2,NO INDICATION OF INJURY,0,0,0,0,0,2,0,12,6,12,41.91623534,-87.66783777,POINT (-87.66783777213 41.916235337469)
e38400c0474e70f5aa9f0e0f115957281ff234b6727e0017df3dca303de24e8ea550259ec62ba8eae27f13eefe848cb57c986ae37ceb299dea19d0febed7e5d1,JD213164,,4/20/2020 15:30,35,NO CONTROLS,NO CONTROLS,CLEAR,DAYLIGHT,TURNING,DIVIDED - W/MEDIAN (NOT RAISED),,STRAIGHT AND LEVEL,DRY,NO DEFECTS,,NO INJURY / DRIVE AWAY,,,Y,"OVER $1,500",4/20/2020 15:50,FAILING TO YIELD RIGHT-OF-WAY,UNABLE TO DETERMINE,210,W,85TH ST,622,,,,,,,2,NO INDICATION OF INJURY,0,0,0,0,0,2,0,15,2,4,41.74003059,-87.62970441,POINT (-87.629704407703 41.74003058451)
376bbadc3c632b81e0185fb1a3ddeed6c0dd52ebb8b3a9a1093a73a7928f85bc7c663699a820d770fe3c336aaec77ee2af2972018742c977525cec44f290bf29,JC470758,,10/13/2019 1:40,30,NO CONTROLS,NO CONTROLS,CLEAR,"DARKNESS, LIGHTED ROAD",SIDESWIPE SAME DIRECTION,NOT DIVIDED,,STRAIGHT AND LEVEL,DRY,UNKNOWN,,NO INJURY / DRIVE AWAY,,,N,$500 OR LESS,10/13/2019 2:50,FAILING TO YIELD RIGHT-OF-WAY,FAILING TO YIELD RIGHT-OF-WAY,2357,N,MILWAUKEE AVE,1414,,,,,,,2,NO INDICATION OF INJURY,0,0,0,0,0,2,0,1,1,10,41.92415031,-87.69915088,POINT (-87.699150882692 41.924150305628)
5914c45ccb3f73c5ad90016bbbc05e4d6ed245dc2ba4e548811bcdf2ec6e16dd544bb41f93748401a8f3c5ff954755f6dad8e723c7d093132c69139f62e4996c,JC450788,Y,9/27/2019 16:25,30,TRAFFIC SIGNAL,FUNCTIONING PROPERLY,RAIN,DAYLIGHT,PEDESTRIAN,NOT DIVIDED,,STRAIGHT AND LEVEL,WET,NO DEFECTS,,INJURY AND / OR TOW DUE TO CRASH,,,,$500 OR LESS,9/27/2019 16:29,UNABLE TO DETERMINE,CELL PHONE USE OTHER THAN TEXTING,415,E,87TH ST,632,,,,,,,2,NONINCAPACITATING INJURY,1,0,0,1,0,1,0,16,6,9,41.73640235,-87.61390626,POINT (-87.613906262901 41.736402347964)
ddb7c68c829fa774fa13b1a8bda817c7f9094a660447231ea7707c0ae19c6fab186f192076fd892cd3ad94987bd515ca2833a011008823e65a3e2b7a53544757,JD295322,,7/12/2020 18:45,20,NO CONTROLS,NO CONTROLS,CLEAR,DAYLIGHT,PARKED MOTOR VEHICLE,NOT DIVIDED,,STRAIGHT AND LEVEL,DRY,NO DEFECTS,,INJURY AND / OR TOW DUE TO CRASH,,,Y,"OVER $1,500",7/12/2020 18:45,"OPERATING VEHICLE IN ERRATIC, RECKLESS, CARELESS, NEGLIGENT OR AGGRESSIVE MANNER",FAILING TO REDUCE SPEED TO AVOID CRASH,3857,N,KEELER AVE,1731,,,,,,,2,NO INDICATION OF INJURY,0,0,0,0,0,2,0,18,1,7,41.95164018,-87.7322685,POINT (-87.732268503259 41.951640180538)
9402b28048572992ab737ace5f1cc0cd0fc7bd8e2c71b3ee319cdc5b734f48ff75aa7d5147fc9de444960e27f99d33d36b0e8ffd5cf199d36352e41dd6adbad2,JC416991,,9/2/2019 10:10,30,STOP SIGN/FLASHER,FUNCTIONING PROPERLY,CLEAR,DAYLIGHT,TURNING,NOT DIVIDED,,STRAIGHT AND LEVEL,DRY,NO DEFECTS,,NO INJURY / DRIVE AWAY,,,,$500 OR LESS,9/2/2019 10:40,IMPROPER LANE USAGE,NOT APPLICABLE,150,E,LA SALLE DR,1814,,,,,,,2,NO INDICATION OF INJURY,0,0,0,0,0,3,0,10,2,9,41.91344878,-87.62611234,POINT (-87.626112337562 41.913448777932)
fb93c3183712074555fc2062c807c10dc6e25be439705b7e3ef8a5a0fa5819644936b9a83d32f1d3461c31910388e8e1c43cf704d8a0903d9e25b499f6fee6b2,JD244997,,5/28/2020 0:12,30,STOP SIGN/FLASHER,FUNCTIONING PROPERLY,RAIN,"DARKNESS, LIGHTED ROAD",PARKED MOTOR VEHICLE,NOT DIVIDED,,STRAIGHT AND LEVEL,WET,NO DEFECTS,ON SCENE,NO INJURY / DRIVE AWAY,,,Y,"OVER $1,500",5/28/2020 0:12,UNABLE TO DETERMINE,UNABLE TO DETERMINE,4427,W,PALMER ST,2522,,,,,,,2,NO INDICATION OF INJURY,0,0,0,0,0,1,0,0,5,5,41.92058262,-87.73760586,POINT (-87.737605858165 41.920582618046)
6bd73dc0b10ee0272e9269bec32b57327611c2ad3cf19be0e9da27b1c07e1c86af56c1046533e99803759330aefb20bf42dda7e95859aba7d5732ddd0d564b52,JE435503,,11/5/2021 22:56,30,OTHER,FUNCTIONING PROPERLY,CLEAR,"DARKNESS, LIGHTED ROAD",OTHER OBJECT,ONE-WAY,,STRAIGHT AND LEVEL,DRY,NO DEFECTS,ON SCENE,INJURY AND / OR TOW DUE TO CRASH,,Y,Y,"OVER $1,500",11/6/2021 0:18,UNABLE TO DETERMINE,NOT APPLICABLE,2946,W,VAN BUREN ST,1124,,,,,,,1,NO INDICATION OF INJURY,0,0,0,0,0,1,0,22,6,11,41.87604366,-87.70045935,POINT (-87.700459346481 41.876043663599)
3a5f25711e9162f0042a53337a25f2c3dc72893c1172d9320ac6736361e1e92ac801e9efe5515c324128870fc638b9a709c76a9773940e934a87ac3230fba3d8,JC519990,,11/22/2019 7:30,30,TRAFFIC SIGNAL,FUNCTIONING PROPERLY,CLEAR,DAYLIGHT,REAR TO FRONT,DIVIDED - W/MEDIAN (NOT RAISED),,STRAIGHT AND LEVEL,DRY,NO DEFECTS,,NO INJURY / DRIVE AWAY,,,Y,"OVER $1,500",11/22/2019 9:15,IMPROPER BACKING,UNABLE TO DETERMINE,3959,N,MONTICELLO AVE,1732,,,,,,,2,NO INDICATION OF INJURY,0,0,0,0,0,4,0,7,6,11,41.95365454,-87.71892572,POINT (-87.718925716094 41.953654536112)
89dc61af34d393db950397f0cc06d53b56d1f5e5fa14d4b6bf57783fc278dc600da7a58f7bf933ab72799e671da8845c115c9c7a57fe4450c54b186b465381f6,JG317141,,6/26/2023 16:50,35,NO CONTROLS,NO CONTROLS,CLEAR,DAYLIGHT,SIDESWIPE SAME DIRECTION,DIVIDED - W/MEDIAN (NOT RAISED),,STRAIGHT AND LEVEL,DRY,NO DEFECTS,,NO INJURY / DRIVE AWAY,,,,"OVER $1,500",6/26/2023 17:00,IMPROPER OVERTAKING/PASSING,UNABLE TO DETERMINE,8100,S,HALSTED ST,613,,,,,,,2,NO INDICATION OF INJURY,0,0,0,0,0,4,0,16,2,6,41.74690461,-87.64407715,POINT (-87.644077151581 41.746904607442)
cea9e897c768f47b97c73685c1a2b3fdcdcd8809a0517aa5acb8f147b012742eb5fa43f4ebd922ad74290ec203174cda0a0c42719a70a9dd8227fe28be988dd4,JC335556,,7/5/2019 3:50,30,NO CONTROLS,NO CONTROLS,CLEAR,DAYLIGHT,REAR TO FRONT,PARKING LOT,,STRAIGHT AND LEVEL,DRY,NO DEFECTS,,NO INJURY / DRIVE AWAY,,,N,"OVER $1,500",7/5/2019 9:15,UNABLE TO DETERMINE,UNABLE TO DETERMINE,810,W,59TH ST,712,,,,,,,2,NO INDICATION OF INJURY,0,0,0,0,0,2,0,3,6,7,41.78712744,-87.64548794,POINT (-87.645487943954 41.787127441561)
b91bf1a5a13ca3d15213b2313a1a0df8105ad129f4b42affba58e5f9c0d27948ab30c8d1f48887988e4624a45063be5eed0a9d8ffc7d072a97f2ca3686e44d3f,JF333895,,7/27/2022 15:05,35,NO CONTROLS,NO CONTROLS,CLEAR,DAYLIGHT,TURNING,NOT DIVIDED,,STRAIGHT AND LEVEL,DRY,NO DEFECTS,,INJURY AND / OR TOW DUE TO CRASH,Y,,,"OVER $1,500",7/27/2022 15:07,UNABLE TO DETERMINE,FAILING TO YIELD RIGHT-OF-WAY,2462,S,BLUE ISLAND AVE,1034,,,,,,,2,"REPORTED, NOT EVIDENT",6,0,0,0,6,0,0,15,4,7,41.8476772,-87.67831668,POINT (-87.678316682197 41.847677200391)
54d55bfcc6627f587abbe0d14c42e51b812f930566fb06773f93b4402cb25e01bdba2a8e977644f53be3b63f9abca96a80ff6b36f6e0c0c4e3d6f3efaed136a0,JC562598,,12/28/2019 1:16,35,UNKNOWN,UNKNOWN,CLEAR,"DARKNESS, LIGHTED ROAD",PARKED MOTOR VEHICLE,ONE-WAY,,STRAIGHT AND LEVEL,DRY,NO DEFECTS,,INJURY AND / OR TOW DUE TO CRASH,,,Y,"OVER $1,500",12/28/2019 1:18,"OPERATING VEHICLE IN ERRATIC, RECKLESS, CARELESS, NEGLIGENT OR AGGRESSIVE MANNER",NOT APPLICABLE,219,W,115TH ST,522,,,,,,,5,NO INDICATION OF INJURY,0,0,0,0,0,1,0,1,7,12,41.68514154,-87.62855692,POINT (-87.628556919131 41.685141540233)
f5ac3574d167a5297b3b1fc2f0452c8c7c1207ad725ca31530dcc7fbd0639bc3a8382c479dc1f8e5ad1666bdb519d8720c1c30b8c2e6e57237c0e2c5c683772d,JD169472,,2/29/2020 16:45,30,NO CONTROLS,NO CONTROLS,CLEAR,DAYLIGHT,ANGLE,NOT DIVIDED,,STRAIGHT AND LEVEL,DRY,UNKNOWN,,NO INJURY / DRIVE AWAY,,,,"$501 - $1,500",2/29/2020 17:00,UNABLE TO DETERMINE,UNABLE TO DETERMINE,7800,S,YATES BLVD,414,,,,,,,2,NO INDICATION OF INJURY,0,0,0,0,0,2,0,16,7,2,41.75345317,-87.56641302,POINT (-87.566413019363 41.75345316606)
ede74fa6fd507334cd0415d3d53deb535d27d23523cd38f0b9ca8c5600c8b75ad9f58e61a4f8191dd1a49737683900ef45fe43e98d3c2ac58b12e46260b07e37,JG323597,,6/23/2023 16:30,30,UNKNOWN,UNKNOWN,UNKNOWN,DAYLIGHT,REAR END,NOT DIVIDED,,STRAIGHT AND LEVEL,UNKNOWN,UNKNOWN,,INJURY AND / OR TOW DUE TO CRASH,,,,$500 OR LESS,7/1/2023 13:15,FOLLOWING TOO CLOSELY,FOLLOWING TOO CLOSELY,6799,N,KEDZIE AVE,2412,,,,,,,2,INCAPACITATING INJURY,1,0,1,0,0,1,0,16,6,6,42.00456403,-87.70920038,POINT (-87.709200383599 42.004564031467)
ad95aaea32d4ec23aa4749ee3e1157d2a52f803c0e325dbe0b7d32cac34d031cdebf22d383e9339b78ff0f5ac61914e6eaee22b8ec2829c7c7c17cd1c41e6fc4,JD190586,,3/19/2020 16:50,30,NO CONTROLS,NO CONTROLS,RAIN,DAYLIGHT,PARKED MOTOR VEHICLE,NOT DIVIDED,,STRAIGHT AND LEVEL,WET,NO DEFECTS,,NO INJURY / DRIVE AWAY,,,,"OVER $1,500",3/19/2020 17:23,FOLLOWING TOO CLOSELY,FOLLOWING TOO CLOSELY,3342,W,65TH ST,823,,,,,,,2,NO INDICATION OF INJURY,0,0,0,0,0,1,0,16,5,3,41.77536655,-87.70717712,POINT (-87.70717711961 41.775366546433)
67dd84a904e46800b722c9f368de8b3e634864ff30099ac4d3d03db5b9eba8255bd9f1459dc678409c47daa57882692f9ce16df5cafcc27d842ea1f3d1d4e0d4,JC172877,,3/4/2019 18:40,30,NO CONTROLS,NO CONTROLS,CLEAR,"DARKNESS, LIGHTED ROAD",TURNING,NOT DIVIDED,4,STRAIGHT AND LEVEL,DRY,NO DEFECTS,,NO INJURY / DRIVE AWAY,,,,"OVER $1,500",3/4/2019 19:00,UNABLE TO DETERMINE,UNABLE TO DETERMINE,3958,W,IRVING PARK RD,1723,,,,,,,2,NO INDICATION OF INJURY,0,0,0,0,0,2,0,18,2,3,41.95375958,-87.72748033,POINT (-87.727480334329 41.953759575772)
6b6f5ceb4053bfbb3483fb453231caa94ff2351bde4c9d2e9398184ae92621933b7fcecb831289f93a18d8579f23ff5dbae1e25a1bad7dc5f53ee64f45492640,JC483473,,10/23/2019 13:32,30,TRAFFIC SIGNAL,FUNCTIONING PROPERLY,CLEAR,DAYLIGHT,PEDESTRIAN,DIVIDED - W/MEDIAN (NOT RAISED),,STRAIGHT ON GRADE,DRY,NO DEFECTS,,INJURY AND / OR TOW DUE TO CRASH,N,,,$500 OR LESS,10/23/2019 13:36,RELATED TO BUS STOP,NOT APPLICABLE,20,W,79TH ST,623,Y,Y,,,,,2,INCAPACITATING INJURY,2,0,2,0,0,0,0,13,4,10,41.75104578,-87.62537794,POINT (-87.625377942917 41.751045778094)
f829a8bd9a1afc120ed6720cdb20a22b1a90b81278002b1d6318224f0fc240e6150851b1632492ffb04c9752eaf7bd7a6d7e062cd4e9e302b2de5893fe125149,JD105771,,1/6/2020 8:30,15,NO CONTROLS,NO CONTROLS,CLEAR,DAYLIGHT,ANGLE,ALLEY,,STRAIGHT AND LEVEL,DRY,NO DEFECTS,NOT ON SCENE (DESK REPORT),NO INJURY / DRIVE AWAY,,,,"$501 - $1,500",1/6/2020 9:30,UNABLE TO DETERMINE,UNABLE TO DETERMINE,1305,S,MICHIGAN AVE,132,,,,,,,2,NO INDICATION OF INJURY,0,0,0,0,0,2,0,8,2,1,41.86559495,-87.62396445,POINT (-87.62396444716 41.865594951208)