CRASH_RECORD_ID,RD_NO,CRASH_DATE_EST_I,CRASH_DATE,POSTED_SPEED_LIMIT,TRAFFIC_CONTROL_DEVICE,DEVICE_CONDITION,WEATHER_CONDITION,LIGHTING_CONDITION,FIRST_CRASH_TYPE,TRAFFICWAY_TYPE,LANE_CNT,ALIGNMENT,ROADWAY_SURFACE_COND,ROAD_DEFECT,REPORT_TYPE,CRASH_TYPE,INTERSECTION_RELATED_I,NOT_RIGHT_OF_WAY_I,HIT_AND_RUN_I,DAMAGE,DATE_POLICE_NOTIFIED,PRIM_CONTRIBUTORY_CAUSE,SEC_CONTRIBUTORY_CAUSE,STREET_NO,STREET_DIRECTION,STREET_NAME,BEAT_OF_OCCURRENCE,PHOTOS_TAKEN_I,STATEMENTS_TAKEN_I,DOORING_I,WORK_ZONE_I,WORK_ZONE_TYPE,WORKERS_PRESENT_I,NUM_UNITS,MOST_SEVERE_INJURY,INJURIES_TOTAL,INJURIES_FATAL,INJURIES_INCAPACITATING,INJURIES_NON_INCAPACITATING,INJURIES_REPORTED_NOT_EVIDENT,INJURIES_NO_INDICATION,INJURIES_UNKNOWN,CRASH_HOUR,CRASH_DAY_OF_WEEK,CRASH_MONTH,LATITUDE,LONGITUDE,LOCATION
080a7c455bddc21abc5f396a4ea8db9a4387a154680fcc5513b7c5f3b2ce2528710099b46fe0082ba2e9b0434a2b8fda71e122584bf11482ef8d396da8937194,JF174716,,3/15/2022 2:00,30,NO CONTROLS,NO CONTROLS,CLEAR,DAYLIGHT,PARKED MOTOR VEHICLE,PARKING LOT,,STRAIGHT AND LEVEL,DRY,NO DEFECTS,,NO INJURY / DRIVE AWAY,,Y,Y,"OVER $1,500",3/15/2022 14:00,UNABLE TO DETERMINE,UNABLE TO DETERMINE,6001,S,VERNON AVE,313,,,,,,,2,NO INDICATION OF INJURY,0,0,0,0,0,1,0,2,3,3,41.78563613,-87.61431423,POINT (-87.614314230762 41.785636125009)
7ec8a53416079fa3a79b03b3530e4e42e5fde5d9d959594c1e5f0d8c6b471a24018c0ad1e7e7fcf05262a3fe640846affb624a13b53e78e39a0431a8fc666035,JB567683,,12/26/2018 11:45,20,NO CONTROLS,NOT FUNCTIONING,CLEAR,DAYLIGHT,PARKED MOTOR VEHICLE,NOT DIVIDED,,STRAIGHT AND LEVEL,DRY,NO DEFECTS,ON SCENE,NO INJURY / DRIVE AWAY,,,,"OVER $1,500",12/26/2018 12:00,EXCEEDING AUTHORIZED SPEED LIMIT,DRIVING SKILLS/KNOWLEDGE/EXPERIENCE,4510,W,CORNELIA AVE,1731,,,,,,,3,NO INDICATION OF INJURY,0,0,0,0,0,1,0,11,4,12,41.94451595,-87.74014511,POINT (-87.740145109395 41.94451595115)
61c8dcd63fae60613bc9ec526fa901420cbe99a6d35840052c27bbd0cf1f8d6af74ff575276d3795f26878601232f6b9297b250a3499b62a96373e068134d21a,JG335280,,7/10/2023 12:29,30,TRAFFIC SIGNAL,FUNCTIONING PROPERLY,CLEAR,DAYLIGHT,TURNING,FOUR WAY,,STRAIGHT AND LEVEL,DRY,NO DEFECTS,,NO INJURY / DRIVE AWAY,,,,"OVER $1,500",7/10/2023 13:05,IMPROPER TURNING/NO SIGNAL,IMPROPER LANE USAGE,1800,S,UNION AVE,1235,,,,,,,2,NO INDICATION OF INJURY,0,0,0,0,0,2,0,12,2,7,41.85753086,-87.64492861,POINT (-87.644928607359 41.857530859236)
790a72494289861e0d12786c57659df0fcc3ff90df83a6cb1de9271f989813436a7f8ae113e075d3b5e5bd517e4495c072d513638702c6f4cc134f156226c932,JD360915,Y,9/8/2020 15:10,30,NO CONTROLS,NO CONTROLS,RAIN,DUSK,PARKED MOTOR VEHICLE,NOT DIVIDED,,STRAIGHT AND LEVEL,WET,NO DEFECTS,,NO INJURY / DRIVE AWAY,,,Y,"$501 - $1,500",9/8/2020 18:19,UNABLE TO DETERMINE,NOT APPLICABLE,130,E,34TH ST,211,,,,,,,2,NO INDICATION OF INJURY,0,0,0,0,0,1,0,15,3,9,41.83301049,-87.62187767,POINT (-87.621877672023 41.833010486005)
7eb55b30513538cd6b567c4d01e59e70ffd9a0ec35feee4c0ea8a9c25c82d02a962e2343a860edba3c6d04c31fabb5ac9f76298269d593ee00aa5611ef030ce4,JC368361,,7/28/2019 15:15,30,NO CONTROLS,NO CONTROLS,CLEAR,DAYLIGHT,PARKED MOTOR VEHICLE,ONE-WAY,,STRAIGHT AND LEVEL,DRY,NO DEFECTS,,NO INJURY / DRIVE AWAY,,,Y,"$501 - $1,500",7/28/2019 15:25,IMPROPER BACKING,NOT APPLICABLE,5712,S,WHIPPLE ST,824,,,,,,,4,NO INDICATION OF INJURY,0,0,0,0,0,1,0,15,1,7,41.78951294,-87.69992976,POINT (-87.699929757113 41.789512940056)
1ac88547c4c2a7672beca9235556d89af61735ebd25e55d66db6443632c527cc2f7359cc2336f57ec07144983d20ff5f1305cb48fc1071f95b74f4489256468e,JF357789,,8/15/2022 14:57,30,NO CONTROLS,NO CONTROLS,CLEAR,DAYLIGHT,TURNING,FOUR WAY,,STRAIGHT AND LEVEL,DRY,UNKNOWN,ON SCENE,NO INJURY / DRIVE AWAY,Y,,,"OVER $1,500",8/15/2022 16:11,IMPROPER LANE USAGE,NOT APPLICABLE,44,E,MADISON ST,112,,,,,,,2,NO INDICATION OF INJURY,0,0,0,0,0,2,0,14,2,8,41.88218775,-87.62626222,POINT (-87.626262221082 41.882187751741)
9b57481f033e905b417346c98973193e92d4733af078c64d1445e50eb167cb3aea9d24893fa5663950333e41fd2d024f3315907bfcb7d5c6bca86c294479059c,JF357172,,8/15/2022 8:00,30,NO CONTROLS,NO CONTROLS,CLEAR,DAYLIGHT,FIXED OBJECT,NOT DIVIDED,,STRAIGHT AND LEVEL,DRY,NO DEFECTS,ON SCENE,INJURY AND / OR TOW DUE TO CRASH,,,,"OVER $1,500",8/15/2022 8:00,NOT APPLICABLE,NOT APPLICABLE,3140,W,CHICAGO AVE,1211,,,,,,,1,NO INDICATION OF INJURY,0,0,0,0,0,1,0,8,2,8,41.89567084,-87.70573009,POINT (-87.705730087495 41.895670835449)
7c62b891e854fda8e7616e8c8dab9d38baaca1c63ca83af814720b705934886e62836d219495e83151fea7be42a72e6a9a45708dd409e9a0f275dd5490aa648d,JE247670,,5/30/2021 9:21,15,NO CONTROLS,NO CONTROLS,CLEAR,DAYLIGHT,FIXED OBJECT,ALLEY,,STRAIGHT AND LEVEL,DRY,NO DEFECTS,ON SCENE,NO INJURY / DRIVE AWAY,,,,"OVER $1,500",5/30/2021 9:23,UNABLE TO DETERMINE,UNABLE TO DETERMINE,4028,W,NORTH AVE,2534,,,,,,,1,NO INDICATION OF INJURY,0,0,0,0,0,1,0,9,1,5,41.90998017,-87.72749696,POINT (-87.727496954799 41.90998016799)
5ef2737d35db3ff1523d23862b15090757b417030cb5ff2d82e0da8bbb20b9386b4c8cce06dd909e36cf201cce07200c206fb0fe079cbb7ca7fa3453c1ae42ad,JF362620,,8/19/2022 14:00,30,NO CONTROLS,NO CONTROLS,CLEAR,DAYLIGHT,TURNING,ALLEY,,STRAIGHT AND LEVEL,UNKNOWN,UNKNOWN,,NO INJURY / DRIVE AWAY,,,,"OVER $1,500",8/19/2022 14:18,FAILING TO YIELD RIGHT-OF-WAY,NOT APPLICABLE,4444,N,HAZEL ST,1914,,,,,,,2,NO INDICATION OF INJURY,0,0,0,0,0,2,0,14,6,8,41.96314333,-87.65250374,POINT (-87.652503741904 41.96314332789)
61d2ed75ece274906b540d540cffce7495715a1ec72b0cbfa63ad334e18d7e98f8a4b4bdad52b7ed5e8f6b85156e7cb0bde711df757de00a1b3fce69d89e5d5b,JF362515,,8/19/2022 10:45,15,NO CONTROLS,NO CONTROLS,CLEAR,DAYLIGHT,FIXED OBJECT,ALLEY,,STRAIGHT AND LEVEL,DRY,NO DEFECTS,ON SCENE,NO INJURY / DRIVE AWAY,,Y,Y,"$501 - $1,500",8/19/2022 10:45,IMPROPER BACKING,UNABLE TO DETERMINE,3456,W,38TH ST,911,,,,,,,1,NO INDICATION OF INJURY,0,0,0,0,0,1,0,10,6,8,41.82440547,-87.71160875,POINT (-87.711608753972 41.824405470461)
7f2dbaff37c01ec3840f59296bc03d68fad3cf7b0d4931d7a7bc515852ad7687d95236dc058afd7d2b64fc093ea0cd661f046582bce5ffa51950d1bdc070ccdc,JF345940,,8/5/2022 21:10,15,NO CONTROLS,NO CONTROLS,CLEAR,"DARKNESS, LIGHTED ROAD",PARKED MOTOR VEHICLE,ONE-WAY,,STRAIGHT AND LEVEL,DRY,NO DEFECTS,ON SCENE,NO INJURY / DRIVE AWAY,,,Y,"OVER $1,500",8/5/2022 21:35,UNABLE TO DETERMINE,NOT APPLICABLE,1,S,DOOR 1 ST,813,,,,,,,2,NO INDICATION OF INJURY,0,0,0,0,0,2,0,21,6,8,,,
7d3d868fb1eda4bf88782371222a5ccbe8fd925995372f8a7093287a019c176a9351c2002b53b39aee536caba121c84b63d9ccac31f0d82c92d2c88a830d0d98,JF242656,,5/15/2022 0:26,10,UNKNOWN,UNKNOWN,OTHER,DARKNESS,FIXED OBJECT,OTHER,,STRAIGHT AND LEVEL,UNKNOWN,NO DEFECTS,ON SCENE,NO INJURY / DRIVE AWAY,,Y,,"$501 - $1,500",5/15/2022 0:30,FOLLOWING TOO CLOSELY,NOT APPLICABLE,3519,N,CLARK ST,1924,,,,,,,1,NO INDICATION OF INJURY,0,0,0,0,0,2,0,0,1,5,41.94628081,-87.65560313,POINT (-87.655603128083 41.94628081101)
afe37b03084f988b00cba231960d0b0712795032c582253e3e0ace4393bba620bfd074f44ded8b8e84639ee2f6bb6c1caf1de1d00402c84d40bad8cc8e40734c,JG128822,,1/25/2023 10:10,30,NO CONTROLS,NO CONTROLS,SNOW,DAYLIGHT,REAR TO SIDE,OTHER,,STRAIGHT AND LEVEL,WET,NO DEFECTS,ON SCENE,NO INJURY / DRIVE AWAY,,,,"OVER $1,500",1/25/2023 10:14,UNABLE TO DETERMINE,UNABLE TO DETERMINE,2407,N,OAK PARK AVE,2512,,Y,,,,,2,NO INDICATION OF INJURY,0,0,0,0,0,2,0,10,4,1,41.92386295,-87.79510156,POINT (-87.795101563198 41.923862945659)
2b236fb22b8611e610d0f40381c8159bef06cc61494e4ecc9159ea7cb832305e075f2f89a1fa5ee0ca9e80d3451b05bd8d0313292a5f5cd3146422d8ef1aacae,JF364020,,8/20/2022 16:00,30,UNKNOWN,UNKNOWN,CLEAR,DAYLIGHT,REAR END,NOT DIVIDED,,STRAIGHT AND LEVEL,UNKNOWN,NO DEFECTS,NOT ON SCENE (DESK REPORT),NO INJURY / DRIVE AWAY,,,,"OVER $1,500",8/20/2022 16:32,NOT APPLICABLE,NOT APPLICABLE,5600,S,CICERO AVE,813,,,,,,,2,NO INDICATION OF INJURY,0,0,0,0,0,3,0,16,7,8,41.79128371,-87.74169687,POINT (-87.741696867821 41.791283705634)
71a426d6383f381e02841924ab5fab88e3d5f6f8cebf64771ae42b40436a181375260bdc17bb08d4fc1c0d1b54be33473ca9f5b64e4b52dbb48ebd0eebe447e9,JF365622,,8/22/2022 7:30,30,NO CONTROLS,NO CONTROLS,CLEAR,DAYLIGHT,TURNING,NOT DIVIDED,,STRAIGHT AND LEVEL,DRY,NO DEFECTS,ON SCENE,NO INJURY / DRIVE AWAY,,,,"$501 - $1,500",8/22/2022 8:50,UNABLE TO DETERMINE,NOT APPLICABLE,3128,W,DIVISION ST,1423,,,,,,,2,NO INDICATION OF INJURY,0,0,0,0,0,2,0,7,2,8,41.90295581,-87.70547447,POINT (-87.705474471394 41.902955809872)
731e286e1cfba6bfd5f82752c68756eac30253bd9bd135c6c248b0b105d348f5961baccaff81e07827a4c1f96a66599fd0e36de79066d001046a59d61da977d9,JF348498,,8/8/2022 4:10,30,NO CONTROLS,NO CONTROLS,RAIN,"DARKNESS, LIGHTED ROAD",TURNING,DIVIDED - W/MEDIAN (NOT RAISED),,STRAIGHT AND LEVEL,WET,NO DEFECTS,ON SCENE,NO INJURY / DRIVE AWAY,,,,"$501 - $1,500",8/8/2022 4:20,IMPROPER OVERTAKING/PASSING,FAILING TO YIELD RIGHT-OF-WAY,10909,W,HIGGINS RD,1654,,,,,,,2,NO INDICATION OF INJURY,0,0,0,0,0,2,0,4,2,8,,,
7c5eaae8497e49c2ff5d058d36123ffa926c308364880c57f75d0730410dbdf42e3edf63d7699d54cdb80869bfdee42c6144c833b85c89f82b3c627ac72762df,JE104183,,1/5/2021 11:15,30,UNKNOWN,UNKNOWN,CLEAR,DAYLIGHT,SIDESWIPE SAME DIRECTION,OTHER,,STRAIGHT AND LEVEL,DRY,UNKNOWN,NOT ON SCENE (DESK REPORT),INJURY AND / OR TOW DUE TO CRASH,,,,"OVER $1,500",1/5/2021 15:22,UNABLE TO DETERMINE,NOT APPLICABLE,5400,S,WENTWORTH AVE,225,,,,,,,2,NONINCAPACITATING INJURY,1,0,0,1,0,1,0,11,3,1,,,
7d3c82c8f705ff8a8a0a0ec4d425dc7c817e88f4b844c5059a8a679509202323a02273d8f2f2bcc9a97024fddcdc65f8d39fc5f5cf987a1df0212719af6fdfce,JF279630,,6/14/2022 16:45,30,STOP SIGN/FLASHER,FUNCTIONING PROPERLY,CLEAR,DAYLIGHT,REAR END,NOT DIVIDED,,STRAIGHT AND LEVEL,DRY,NO DEFECTS,ON SCENE,NO INJURY / DRIVE AWAY,,,Y,$500 OR LESS,6/14/2022 16:45,NOT APPLICABLE,NOT APPLICABLE,2539,E,72ND ST,334,Y,,,,,,2,NO INDICATION OF INJURY,0,0,0,0,0,2,0,16,3,6,41.76567017,-87.5623059,POINT (-87.562305895614 41.765670166241)
5b8246a2ec226c76cd1260c6ede323fd5a2b92e3f5aade85c4d54c76915b8089437042c3538fe0fa0d899a78ed1d720f836e33228475be64be06e01f080e351d,JF353989,,8/12/2022 10:13,10,OTHER,UNKNOWN,CLEAR,DAYLIGHT,FIXED OBJECT,OTHER,,STRAIGHT AND LEVEL,WET,NO DEFECTS,ON SCENE,NO INJURY / DRIVE AWAY,,,,"OVER $1,500",8/12/2022 12:18,UNABLE TO DETERMINE,UNABLE TO DETERMINE,6918,S,SOUTH CHICAGO AVE,322,,,,,,,2,NO INDICATION OF INJURY,0,0,0,0,0,2,0,10,6,8,41.76891554,-87.61004256,POINT (-87.610042562303 41.768915542397)
7f2a6ec31b60539fe6fd3f39383f4663b8db06785996199f4a6f5dd14d438c800d33deeadae865b817d59e5d951a848dfe27de27a57a5317e24abfc3d7a9a33f,JD472562,Y,12/22/2020 8:00,10,TRAFFIC SIGNAL,FUNCTIONING PROPERLY,UNKNOWN,UNKNOWN,OTHER NONCOLLISION,NOT DIVIDED,,STRAIGHT AND LEVEL,UNKNOWN,NO DEFECTS,ON SCENE,NO INJURY / DRIVE AWAY,,,,$500 OR LESS,12/29/2020 13:25,UNABLE TO DETERMINE,UNABLE TO DETERMINE,351,W,WALTON ST,1823,,,,,,,1,,,,,,,,,8,3,12,41.89960827,-87.63771036,POINT (-87.637710362212 41.899608265704)
e88a69fae5377bed9b4a60ae748bdeadf3bd62ac3ea7ef812a87ecb01c2f6b9d8865f75e43810b476f36673e1197aefff37cef11da71aa708248a9774b3e2000,JF354481,,8/12/2022 14:23,45,NO CONTROLS,NO CONTROLS,CLEAR,DAYLIGHT,SIDESWIPE SAME DIRECTION,DIVIDED - W/MEDIAN BARRIER,,STRAIGHT AND LEVEL,DRY,NO DEFECTS,NOT ON SCENE (DESK REPORT),NO INJURY / DRIVE AWAY,,,,"$501 - $1,500",8/12/2022 18:30,IMPROPER LANE USAGE,IMPROPER OVERTAKING/PASSING,6299,S,LAKE SHORE DR,331,,,,,,,2,NO INDICATION OF INJURY,0,0,0,0,0,2,0,14,6,8,,,
7ce158a19cf5bef0e24656792697e06c15a8b1846a967ccccd276ffea755a1e255505133977d92e8cf5f735e2fe79f27d40996a9a1c320e1a6ea431b762fff49,JE189120,,4/4/2021 11:20,30,STOP SIGN/FLASHER,FUNCTIONING PROPERLY,CLEAR,DAYLIGHT,ANGLE,FOUR WAY,,STRAIGHT AND LEVEL,DRY,NO DEFECTS,ON SCENE,NO INJURY / DRIVE AWAY,Y,,Y,"OVER $1,500",4/4/2021 11:25,UNABLE TO DETERMINE,UNABLE TO DETERMINE,5200,W,GEORGE ST,2514,,,,,,,2,NO INDICATION OF INJURY,0,0,0,0,0,2,0,11,1,4,41.93333403,-87.75661283,POINT (-87.756612826712 41.933334029238)
c2bf6ba6e2364823c46c98d478caf04853d7cd7b577a3598ec06ed981a7e32e2745b1c56248ef2b791af4847318bb326e10048a28a0cbf73f39e8e580c9f0713,JF355630,,8/13/2022 17:58,30,NO CONTROLS,NO CONTROLS,CLEAR,DAYLIGHT,REAR END,NOT DIVIDED,,STRAIGHT ON GRADE,DRY,NO DEFECTS,ON SCENE,NO INJURY / DRIVE AWAY,,,Y,"$501 - $1,500",8/13/2022 18:16,UNABLE TO DETERMINE,UNABLE TO DETERMINE,7101,S,CICERO AVE,833,,,,,,,2,NO INDICATION OF INJURY,0,0,0,0,0,5,0,17,7,8,41.76429247,-87.74175261,POINT (-87.741752607214 41.764292464973)
2637e1e45de7237a4ffbe62d9ae3b755c325303294c3fb4ec00234bd43a144f39ebf80a0fee7a00283cac91b672ab9ccbd39e97229270f0c1f4559d36b38a39e,JF373475,,8/28/2022 10:45,15,NO CONTROLS,NO CONTROLS,CLEAR,DAYLIGHT,FIXED OBJECT,PARKING LOT,,STRAIGHT AND LEVEL,DRY,NO DEFECTS,ON SCENE,NO INJURY / DRIVE AWAY,,Y,,"OVER $1,500",8/28/2022 10:50,UNABLE TO DETERMINE,NOT APPLICABLE,6256,N,HOYNE AVE,2413,,,,,,,1,NO INDICATION OF INJURY,0,0,0,0,0,1,0,10,1,8,41.99581155,-87.68261598,POINT (-87.682615981413 41.995811547506)
814d79995333d22dc09041f91d32242e2cb2c32195f3ae273bc57d81bec10afb9bd8743d5754b95140bfad6786f52b5ce34f6b5420ee4259cf4f7bd686fc271c,HZ144840,,2/1/2016 16:45,15,NO CONTROLS,NO CONTROLS,CLEAR,DAYLIGHT,PARKED MOTOR VEHICLE,PARKING LOT,1,STRAIGHT AND LEVEL,DRY,NO DEFECTS,NOT ON SCENE (DESK REPORT),NO INJURY / DRIVE AWAY,,,Y,"OVER $1,500",2/8/2016 16:50,UNABLE TO DETERMINE,UNABLE TO DETERMINE,2611,S,CALIFORNIA AVE,1034,,,,,,,2,NO INDICATION OF INJURY,0,0,0,0,0,1,0,16,2,2,,,
5cc618c621152d9d21c8fdcfb0b116eae0935b86bab0b3046681f4e49afe962a69cb66a22bad8d427f6693795b8c438af7153dd153088039ce9828b3bcfe4483,JF356083,Y,8/14/2022 3:40,30,NO CONTROLS,NO CONTROLS,CLEAR,"DARKNESS, LIGHTED ROAD",FIXED OBJECT,DIVIDED - W/MEDIAN BARRIER,,STRAIGHT AND LEVEL,DRY,NO DEFECTS,,INJURY AND / OR TOW DUE TO CRASH,,,,"OVER $1,500",8/14/2022 5:03,UNABLE TO DETERMINE,NOT APPLICABLE,4261,W,76TH ST,833,,,,,,,1,,,,,,,,,3,1,8,41.75490985,-87.72952576,POINT (-87.729525758968 41.754909849272)
825a078de72f12c1221176e6eef87bb498155cc9d3de782cfe4473ac674055063317f481ac83190b5e92b55342cb56b962a2c2bc0ae9be8f15386e7a266dc00c,JF322650,Y,7/17/2022 0:00,20,NO CONTROLS,NO CONTROLS,RAIN,"DARKNESS, LIGHTED ROAD",OTHER NONCOLLISION,OTHER,,STRAIGHT AND LEVEL,WET,NO DEFECTS,NOT ON SCENE (DESK REPORT),NO INJURY / DRIVE AWAY,,,,"OVER $1,500",7/18/2022 21:55,WEATHER,WEATHER,3138,W,38TH ST,911,,,,,,,1,,,,,,,,,0,1,7,41.82453966,-87.70357079,POINT (-87.703570793871 41.824539662334)
814a1f4c1b0533bcacb4e46fe36cf7a47b6d33f8e6b7ed4b43aa52556f9efaa909bb769fb647dd4fe9a7a94c1a333ce3acca6d33e38082fd491fd5d5580ce0df,JB148673,,2/11/2018 21:43,30,NO CONTROLS,NO CONTROLS,CLEAR,DUSK,REAR END,NOT DIVIDED,,STRAIGHT AND LEVEL,WET,NO DEFECTS,NOT ON SCENE (DESK REPORT),NO INJURY / DRIVE AWAY,,,,"OVER $1,500",2/11/2018 21:50,NOT APPLICABLE,NOT APPLICABLE,6300,S,KEELER AVE,813,,,,,,,2,NO INDICATION OF INJURY,0,0,0,0,0,5,0,21,1,2,41.77857237,-87.72779035,POINT (-87.727790351024 41.778572369865)
decfa3f4e61952df227e67877dba1609472f036fefb5468bdefbeaac328a0d8ab816dd4aaf7db7a0fae1f8412647103d7a09555a67bf42d5a63dff0c10e912d3,JF374328,,8/29/2022 5:30,30,NO CONTROLS,NO CONTROLS,CLEAR,DAYLIGHT,SIDESWIPE SAME DIRECTION,OTHER,,STRAIGHT AND LEVEL,DRY,NO DEFECTS,ON SCENE,NO INJURY / DRIVE AWAY,,,,"$501 - $1,500",8/29/2022 5:40,NOT APPLICABLE,NOT APPLICABLE,1,W,TERMINAL ST,1651,,,,,,,2,NO INDICATION OF INJURY,0,0,0,0,0,3,0,5,2,8,,,
820640d238bb48feb6a21f0a4433b52aff9d7b01b6ef00ebd538ec187cd4df61ec358d4d5a908a4345d5d8956e1fa6aa2e05df5f348e72654f0b611e2b3d0eeb,JE228785,,5/13/2021 11:53,25,NO CONTROLS,NO CONTROLS,CLEAR,DAYLIGHT,REAR END,NOT DIVIDED,,STRAIGHT AND LEVEL,DRY,NO DEFECTS,NOT ON SCENE (DESK REPORT),NO INJURY / DRIVE AWAY,,,,"$501 - $1,500",5/13/2021 13:25,NOT APPLICABLE,NOT APPLICABLE,2800,N,ASHLAND AVE,1931,,,,,,,2,NO INDICATION OF INJURY,0,0,0,0,0,2,0,11,5,5,41.93244536,-87.66854285,POINT (-87.668542849642 41.932445362001)
fbe7064150f4a5e94942f81fec6a3b212cfe45eb9b33c4ee7a8fc25ad5864fa7578febc99fed5160e1c445dc4bd0108aebc0cb26a908a851e73a57fe25f6dec5,JF360634,,8/17/2022 19:30,30,NO CONTROLS,NO CONTROLS,CLEAR,DAYLIGHT,ANGLE,ONE-WAY,,STRAIGHT AND LEVEL,DRY,NO DEFECTS,ON SCENE,NO INJURY / DRIVE AWAY,,,Y,"OVER $1,500",8/17/2022 19:33,IMPROPER BACKING,FAILING TO REDUCE SPEED TO AVOID CRASH,3331,W,FLOURNOY ST,1134,,,,,,,3,NO INDICATION OF INJURY,0,0,0,0,0,4,0,19,4,8,41.87262942,-87.70957064,POINT (-87.709570639821 41.872629420596)
0c981a0c1a1b36dfbb702cbc18f595fca006272db8837edc064ff03c60e76a3574cd4b3b9077fabf5cb6873d198bedb97704ecffd551349c9dbf467f7711da64,JF379387,,9/1/2022 18:25,25,NO CONTROLS,NO CONTROLS,CLEAR,DAYLIGHT,OTHER OBJECT,OTHER,,STRAIGHT AND LEVEL,DRY,NO DEFECTS,ON SCENE,NO INJURY / DRIVE AWAY,,,,"OVER $1,500",9/1/2022 18:30,UNABLE TO DETERMINE,NOT APPLICABLE,3932,S,SACRAMENTO AVE,921,,,,,,,1,,,,,,,,,18,5,9,41.82167058,-87.6997075,POINT (-87.699707496099 41.82167058247)
81f8c078bcf1ee487b481a4b6b202fecfb6c2eee276342b0e199e5395a93cb7250d2b69a2e1c3c1e00c10060242d5dbe4e760649d421c3ff94e5ebc7aa49a0f7,JC308601,,6/15/2019 15:10,30,UNKNOWN,UNKNOWN,UNKNOWN,UNKNOWN,REAR END,NOT DIVIDED,,STRAIGHT AND LEVEL,UNKNOWN,UNKNOWN,NOT ON SCENE (DESK REPORT),NO INJURY / DRIVE AWAY,,,,"OVER $1,500",6/16/2019 9:20,UNABLE TO DETERMINE,NOT APPLICABLE,9048,S,JEFFERY BLVD,413,,,,,,,2,NO INDICATION OF INJURY,0,0,0,0,0,2,0,15,7,6,41.73013292,-87.57569534,POINT (-87.57569534141 41.730132922197)
84490a7be8b8e3324f4e4ff42eef4c0a6db2e57ac1b6efcd8b5883288a7615f7ac89afac19aa8b23f1dd7180c3749e95376c102fc55f807dc92a2e5c8118e5ba,JF361686,,8/18/2022 17:20,15,NO CONTROLS,NO CONTROLS,CLEAR,DAYLIGHT,OTHER OBJECT,ALLEY,,STRAIGHT AND LEVEL,DRY,WORN SURFACE,ON SCENE,NO INJURY / DRIVE AWAY,,,,"OVER $1,500",8/18/2022 17:21,NOT APPLICABLE,UNABLE TO DETERMINE,2231,W,50TH ST,931,,,,,,,1,NO INDICATION OF INJURY,0,0,0,0,0,1,0,17,5,8,41.80288263,-87.68076136,POINT (-87.680761354688 41.802882626349)
82abcfcfef6b3c4028cb14e2dd45ab91e0c28f348c3e0206821ec4c6b7053f9c4a11d9f2f9983f8d8185323700051e0fea1002cdddc327eb643993af7df63c10,JC245789,,5/1/2019 17:30,35,UNKNOWN,NO CONTROLS,CLEAR,DAYLIGHT,TURNING,FOUR WAY,,STRAIGHT AND LEVEL,WET,NO DEFECTS,NOT ON SCENE (DESK REPORT),NO INJURY / DRIVE AWAY,,,,"$501 - $1,500",5/1/2019 17:45,UNABLE TO DETERMINE,NOT APPLICABLE,5000,W,ADDISON ST,1634,,,,,,,2,NO INDICATION OF INJURY,0,0,0,0,0,2,0,17,4,5,41.94616966,-87.75213926,POINT (-87.752139259514 41.946169655253)
806ad2450fa3f112e31a1565eb1433cfd489b8bc661c1aa4ae0e65f93873c822ca015a9cd3badadba77f161307dbda21c5a5ae8047d439e2e8309dd4bba638c0,JE454756,,11/23/2021 15:10,30,NO CONTROLS,NO CONTROLS,CLEAR,DAYLIGHT,REAR END,NOT DIVIDED,,STRAIGHT AND LEVEL,DRY,NO DEFECTS,ON SCENE,NO INJURY / DRIVE AWAY,,,,"OVER $1,500",11/23/2021 15:10,FOLLOWING TOO CLOSELY,NOT APPLICABLE,7756,S,HALSTED ST,621,,,,,,,2,NO INDICATION OF INJURY,0,0,0,0,0,4,0,15,3,11,41.75260136,-87.6442376,POINT (-87.644237599343 41.752601356911)
8073fd3dce98a810af59687d32f73ec29cbe373f6932a8bebfa9d53cf06d23429860b4359939be4b8806757a95f43ff791b84737930ff788766c53a6f750952f,JF281601,,6/16/2022 8:00,30,NO CONTROLS,NO CONTROLS,CLEAR,DAYLIGHT,REAR END,NOT DIVIDED,,STRAIGHT AND LEVEL,DRY,NO DEFECTS,ON SCENE,NO INJURY / DRIVE AWAY,,,,"OVER $1,500",6/16/2022 8:05,EQUIPMENT - VEHICLE CONDITION,NOT APPLICABLE,3755,W,47TH ST,821,,,,N,,,2,NO INDICATION OF INJURY,0,0,0,0,0,2,0,8,5,6,41.80782477,-87.71844429,POINT (-87.718444287034 41.807824772655)
803795055dac7a90e77456d88241a53ed5f827dec15a6d9dc5f818769f3908a9724ea7f8fa6d3f5af965d9f833dcfbdb580feda3862dd70e674860a6f08de86d,JC275330,,5/23/2019 13:30,15,NO CONTROLS,NO CONTROLS,CLEAR,DAYLIGHT,ANGLE,PARKING LOT,,STRAIGHT AND LEVEL,DRY,NO DEFECTS,ON SCENE,NO INJURY / DRIVE AWAY,,,,"$501 - $1,500",5/23/2019 13:39,FAILING TO YIELD RIGHT-OF-WAY,IMPROPER BACKING,10000,W,OHARE ST,1651,,,,,,,2,NO INDICATION OF INJURY,0,0,0,0,0,2,0,13,5,5,41.97620114,-87.90530913,POINT (-87.905309125103 41.976201139024)