CRASH_RECORD_ID,RD_NO,CRASH_DATE_EST_I,CRASH_DATE,POSTED_SPEED_LIMIT,TRAFFIC_CONTROL_DEVICE,DEVICE_CONDITION,WEATHER_CONDITION,LIGHTING_CONDITION,FIRST_CRASH_TYPE,TRAFFICWAY_TYPE,LANE_CNT,ALIGNMENT,ROADWAY_SURFACE_COND,ROAD_DEFECT,REPORT_TYPE,CRASH_TYPE,INTERSECTION_RELATED_I,NOT_RIGHT_OF_WAY_I,HIT_AND_RUN_I,DAMAGE,DATE_POLICE_NOTIFIED,PRIM_CONTRIBUTORY_CAUSE,SEC_CONTRIBUTORY_CAUSE,STREET_NO,STREET_DIRECTION,STREET_NAME,BEAT_OF_OCCURRENCE,PHOTOS_TAKEN_I,STATEMENTS_TAKEN_I,DOORING_I,WORK_ZONE_I,WORK_ZONE_TYPE,WORKERS_PRESENT_I,NUM_UNITS,MOST_SEVERE_INJURY,INJURIES_TOTAL,INJURIES_FATAL,INJURIES_INCAPACITATING,INJURIES_NON_INCAPACITATING,INJURIES_REPORTED_NOT_EVIDENT,INJURIES_NO_INDICATION,INJURIES_UNKNOWN,CRASH_HOUR,CRASH_DAY_OF_WEEK,CRASH_MONTH,LATITUDE,LONGITUDE,LOCATION
d07c07897b6ec6cf31c37092cfd098582c037c914d2c3c53ffc33c4ea60fd913c7af05b5dbe9cd2c8b487e7c24df4fc2885ed794ace7a0a758735bf447c7b374,JG219382,,4/11/2023 17:10,30,NO CONTROLS,NO CONTROLS,CLEAR,DAYLIGHT,REAR TO FRONT,NOT DIVIDED,,STRAIGHT AND LEVEL,DRY,NO DEFECTS,ON SCENE,NO INJURY / DRIVE AWAY,,,,$500 OR LESS,4/11/2023 17:10,IMPROPER BACKING,NOT APPLICABLE,3146,W,MADISON ST,1222,,,,,,,2,NO INDICATION OF INJURY,0,0,0,0,0,2,0,17,3,4,41.88109541,-87.70506043,POINT (-87.705060426023 41.88109541078)
e1c44bb2fb3c6a0bc157562210cb3cba79e03805649b9845dd8c5270b18bd7114588c8ce1b40b488d7802e7720798a3e4394b24b020de67d79f7583e539f413c,JF364135,,8/20/2022 17:35,25,NO CONTROLS,NO CONTROLS,RAIN,DAYLIGHT,TURNING,NOT DIVIDED,,STRAIGHT AND LEVEL,WET,NO DEFECTS,ON SCENE,NO INJURY / DRIVE AWAY,,,,"OVER $1,500",8/20/2022 18:10,UNABLE TO DETERMINE,UNABLE TO DETERMINE,631,E,51ST ST,233,,,,,,,2,NO INDICATION OF INJURY,0,0,0,0,0,2,0,17,7,8,41.80207765,-87.6100991,POINT (-87.610099102384 41.802077653956)
814f9f6b65dc6a6856b50c2fa33fb4a130fb8ec35d67624630ffe56c51136104a89f940099b9a4a02a9326ca0e3390085f7e6426ab3a8bef09165e23844a7af2,JF499148,,12/5/2022 15:17,30,TRAFFIC SIGNAL,FUNCTIONING PROPERLY,CLEAR,DAYLIGHT,REAR END,NOT DIVIDED,,STRAIGHT AND LEVEL,DRY,NO DEFECTS,ON SCENE,NO INJURY / DRIVE AWAY,,,,"OVER $1,500",12/5/2022 16:00,FOLLOWING TOO CLOSELY,NOT APPLICABLE,1600,E,71ST ST,332,,,,,,,2,NO INDICATION OF INJURY,0,0,0,0,0,2,0,15,2,12,41.76626058,-87.58586698,POINT (-87.585866977572 41.766260582149)
33435b132aaf1c845233f0e8dbb1d2e930486c956e1bb5aa9c2e5b077c5bc62dd3e4066a48703a7be5ab39373c0c8989679a43dc14a28002251e8aa84a003231,JG146757,,2/9/2023 18:06,20,NO CONTROLS,NO CONTROLS,RAIN,DUSK,PARKED MOTOR VEHICLE,ONE-WAY,,STRAIGHT AND LEVEL,WET,NO DEFECTS,ON SCENE,NO INJURY / DRIVE AWAY,,,,$500 OR LESS,2/9/2023 18:06,NOT APPLICABLE,NOT APPLICABLE,6851,S,MERRILL AVE,331,,,,,,,2,NO INDICATION OF INJURY,0,0,0,0,0,1,0,18,5,2,41.77016263,-87.57259557,POINT (-87.572595570859 41.770162627258)
81f2ec2fedbc35cd9a32091e0e630981ad81843709c97561984fc1a39dabdcf1036e3cf42a364cee5a743e520db2a2a096aacccafc9a6fbff0cd80fe8f107779,JF264219,,6/1/2022 20:15,30,NO CONTROLS,NO CONTROLS,CLEAR,DARKNESS,REAR END,NOT DIVIDED,,STRAIGHT AND LEVEL,DRY,UNKNOWN,ON SCENE,NO INJURY / DRIVE AWAY,,,,"OVER $1,500",6/1/2022 20:50,UNABLE TO DETERMINE,UNABLE TO DETERMINE,6600,W,IRVING PARK RD,1632,,,,,,,2,NO INDICATION OF INJURY,0,0,0,0,0,2,0,20,4,6,41.95293483,-87.79171197,POINT (-87.791711966955 41.952934828618)
118d3f14d01dd62cd95e790ebabdd7225f6c978046f70ada2ef4f394192a0c9b9119b1d023fe9dd6db5f670ebfa8698a66f8d97043a45968612a0a1c3b448f90,JF368328,,8/24/2022 9:12,30,NO CONTROLS,NO CONTROLS,CLEAR,DAYLIGHT,REAR END,NOT DIVIDED,,STRAIGHT AND LEVEL,DRY,NO DEFECTS,ON SCENE,NO INJURY / DRIVE AWAY,,,,"OVER $1,500",8/24/2022 9:14,UNABLE TO DETERMINE,UNABLE TO DETERMINE,3447,W,FOSTER AVE,1712,,,,,,,2,NO INDICATION OF INJURY,0,0,0,0,0,3,0,9,4,8,41.97556033,-87.71545853,POINT (-87.715458531765 41.97556033227)
bded06df20541aa0076501c6fab80d152671cdeb65b51672325a10e2f89395ac39c6a78622f64b22f7fd05252777b7f52075e2cf8a55700a5026b6742eeed881,JF470868,,11/11/2022 13:00,30,UNKNOWN,UNKNOWN,CLEAR,DAYLIGHT,REAR END,UNKNOWN,,STRAIGHT AND LEVEL,DRY,UNKNOWN,NOT ON SCENE (DESK REPORT),NO INJURY / DRIVE AWAY,,,,"$501 - $1,500",11/11/2022 14:10,UNABLE TO DETERMINE,UNABLE TO DETERMINE,658,N,WELLS ST,1831,,,,,,,2,NO INDICATION OF INJURY,0,0,0,0,0,2,0,13,6,11,41.89402711,-87.63428072,POINT (-87.634280718355 41.894027109878)
8038f4d71676a46c7bee2d8ca6bc41ba42dc33877d6bde15f1af663496ba9430c1d56f76d2f4c4921186b84c2866d70448206f3c4043e691a9863daeaba6aa5c,JD277154,,6/26/2020 15:10,30,NO CONTROLS,NO CONTROLS,RAIN,DAYLIGHT,FIXED OBJECT,ALLEY,,STRAIGHT AND LEVEL,WET,NO DEFECTS,ON SCENE,NO INJURY / DRIVE AWAY,,Y,Y,"$501 - $1,500",6/26/2020 15:13,IMPROPER BACKING,NOT APPLICABLE,5526,W,AUGUSTA BLVD,1524,,,,,,,1,NO INDICATION OF INJURY,0,0,0,0,0,1,0,15,6,6,41.89861304,-87.76485837,POINT (-87.764858367905 41.898613036424)
27e5ad3af6ed60df4b6978148c613875b238265f4242e26e5ec8fab9431d861f077658481496bbb9c6ae1d854fe87aa99493e39e5bd2ece41b2d677968a09bab,JF225986,,4/30/2022 22:20,10,NO CONTROLS,NO CONTROLS,CLEAR,"DARKNESS, LIGHTED ROAD",FIXED OBJECT,OTHER,,STRAIGHT AND LEVEL,WET,NO DEFECTS,ON SCENE,NO INJURY / DRIVE AWAY,,,,"OVER $1,500",4/30/2022 23:00,UNABLE TO DETERMINE,NOT APPLICABLE,582,W,OHARE ST,1654,,,,,,,1,NO INDICATION OF INJURY,0,0,0,0,0,1,0,22,7,4,,,
661b1e226050447a03a02cc95dd6edbf313c7451e3953aa8c867d2c4993f567cef5f790a49be4239d16022805bdfae79bb23a5ea3b8f998747293caf1a7b0931,JG248039,,5/4/2023 16:56,30,UNKNOWN,UNKNOWN,CLEAR,DAYLIGHT,HEAD ON,NOT DIVIDED,,STRAIGHT AND LEVEL,DRY,NO DEFECTS,,INJURY AND / OR TOW DUE TO CRASH,,,,"OVER $1,500",5/4/2023 16:56,UNABLE TO DETERMINE,NOT APPLICABLE,4400,W,AUGUSTA BLVD,1111,,,,,,,3,INCAPACITATING INJURY,2,0,1,0,1,2,0,16,5,5,41.89895832,-87.73616747,POINT (-87.73616747377 41.898958322688)
827e632ad7115d43a5eaf189faf549608c51387f537994f8da3106949e2cefd6a173571175a4d63595a8dc5b1e5d7d28c1085fea2149e939731ba3ae0ae0bec9,JA185891,,3/13/2017 7:50,30,NO CONTROLS,NO CONTROLS,SNOW,DAYLIGHT,TURNING,ALLEY,,STRAIGHT AND LEVEL,SNOW OR SLUSH,OTHER,,NO INJURY / DRIVE AWAY,,,,"OVER $1,500",3/13/2017 18:00,DRIVING SKILLS/KNOWLEDGE/EXPERIENCE,NOT APPLICABLE,5200,S,KOLMAR AVE,815,,,,,,,2,NO INDICATION OF INJURY,0,0,0,0,0,2,0,7,2,3,41.79847549,-87.73693284,POINT (-87.736932843745 41.798475488656)
80ec1733406fba033c45f2d424578b4ac0c1c329b4612756b74d064d0694288e7b84d93b9cfec513144c13a4806d113fa25eb4d300d2f2e4a87a9059be2f6072,JB344410,,7/10/2018 20:00,10,NO CONTROLS,NO CONTROLS,CLEAR,DAYLIGHT,FIXED OBJECT,PARKING LOT,,STRAIGHT AND LEVEL,DRY,NO DEFECTS,,NO INJURY / DRIVE AWAY,,,Y,$500 OR LESS,7/10/2018 20:20,UNABLE TO DETERMINE,UNABLE TO DETERMINE,9843,S,WESTERN AVE,2213,,,,,,,1,NO INDICATION OF INJURY,0,0,0,0,0,1,0,20,3,7,41.71421193,-87.68170937,POINT (-87.681709370806 41.714211931593)
82a109fd542494b22e0acc4f981a3e1c9df3cd73fe68e11a53f469b927dda613759eb75b6cef7487a7c757bb748e64fe34578134958cf3fa9f55a550def01649,JD137887,,2/2/2020 22:25,15,NO CONTROLS,NO CONTROLS,CLEAR,"DARKNESS, LIGHTED ROAD",FIXED OBJECT,ALLEY,,STRAIGHT AND LEVEL,DRY,NO DEFECTS,ON SCENE,NO INJURY / DRIVE AWAY,,,Y,"OVER $1,500",2/2/2020 22:29,UNABLE TO DETERMINE,UNABLE TO DETERMINE,6218,S,TROY ST,823,,,,,,,1,NO INDICATION OF INJURY,0,0,0,0,0,1,0,22,1,2,41.78020616,-87.70209906,POINT (-87.702099055768 41.780206160702)
82f54dfc82a97c4bfb285d9fde8e3628b5ebe4f8463f2cc436864b40b3814c31cfcbaaccf767b94cabdbe1865b4a5f32531a37584418327f6a7b6ce631703bc8,JF165013,,3/6/2022 8:56,30,NO CONTROLS,NO CONTROLS,CLEAR,DAYLIGHT,PARKED MOTOR VEHICLE,ONE-WAY,,STRAIGHT AND LEVEL,DRY,NO DEFECTS,ON SCENE,NO INJURY / DRIVE AWAY,,,Y,$500 OR LESS,3/6/2022 11:12,UNABLE TO DETERMINE,NOT APPLICABLE,9307,S,CALUMET AVE,633,,,,,,,2,NO INDICATION OF INJURY,0,0,0,0,0,1,0,8,1,3,41.72526517,-87.61529551,POINT (-87.615295514386 41.725265168975)
8249b6db29dc200190d0ec809711296d1d62b98f98c6fad44cadffbfc37a110a5c97abe304bccabf5641a2a6ff32674cf9bad97776fe4cba245f2d1b599f01c6,JD338080,,8/18/2020 17:40,30,UNKNOWN,UNKNOWN,UNKNOWN,UNKNOWN,REAR END,UNKNOWN,,STRAIGHT AND LEVEL,UNKNOWN,UNKNOWN,NOT ON SCENE (DESK REPORT),NO INJURY / DRIVE AWAY,,,,"OVER $1,500",8/19/2020 16:50,UNABLE TO DETERMINE,NOT APPLICABLE,3441,W,LAWRENCE AVE,1723,,,,,,,2,NO INDICATION OF INJURY,0,0,0,0,0,2,0,17,3,8,41.96827376,-87.71503901,POINT (-87.715039007055 41.968273757692)
80a9aa5b9824d6fc5ee35988f4eef7be8dbbab694c605fe23586426e8b4e1289985ed998a453bb057e045d361f8b4ecc3fbc8504ed5656087753e57745067d50,HZ436197,,9/16/2016 6:57,30,NO CONTROLS,NO CONTROLS,CLEAR,DAYLIGHT,ANGLE,NOT DIVIDED,4,STRAIGHT AND LEVEL,DRY,NO DEFECTS,ON SCENE,NO INJURY / DRIVE AWAY,,,,"OVER $1,500",9/16/2016 6:59,IMPROPER TURNING/NO SIGNAL,NOT APPLICABLE,1225,S,ASHLAND AVE,1233,,,,,,,2,NO INDICATION OF INJURY,0,0,0,0,0,2,0,6,6,9,41.86614782,-87.66622659,POINT (-87.666226593851 41.866147820338)
0c5f9ed0f85a866f330ba452a95c473017bf0617826e5a0ce3c0b317b1a66efb56fc18a131c6b59ce8b8d09ed3dcec9e227aac890f13ef05f88b36639210fd12,JF391594,,9/11/2022 4:00,30,NO CONTROLS,UNKNOWN,CLEAR,UNKNOWN,PARKED MOTOR VEHICLE,ONE-WAY,,STRAIGHT AND LEVEL,DRY,UNKNOWN,ON SCENE,NO INJURY / DRIVE AWAY,,,Y,"OVER $1,500",9/11/2022 7:23,UNABLE TO DETERMINE,NOT APPLICABLE,8424,S,WABASH AVE,632,,,,,,,2,NO INDICATION OF INJURY,0,0,0,0,0,1,0,4,1,9,41.74108291,-87.62287918,POINT (-87.622879179778 41.741082910255)
8039c994c0fb2f0c85b35a3f03cf5f87c806e25e723ce437ba074f8fd463ef98c6bd1a86177018d4688c5329361a8d8c60b8c6eab1a48285f55dec9c781cfd5d,JD126025,,1/23/2020 15:23,30,NO CONTROLS,NO CONTROLS,SNOW,DAYLIGHT,PARKED MOTOR VEHICLE,OTHER,,STRAIGHT AND LEVEL,SNOW OR SLUSH,NO DEFECTS,ON SCENE,INJURY AND / OR TOW DUE TO CRASH,,,,"OVER $1,500",1/23/2020 15:37,UNABLE TO DETERMINE,NOT APPLICABLE,2551,S,KILDARE AVE,1013,,,,,,,2,,,,,,,,,15,5,1,41.84446411,-87.73090426,POINT (-87.730904255885 41.844464108618)
815c13dc4ec6a047fec0e8fe47c9e17bca949e119d3427af905c3ff3e0460ad161de2bd55467038039b93267c89c84083108ee34bac6630722dbe8b3ebb21697,JE147999,,2/21/2021 15:20,35,NO CONTROLS,NO CONTROLS,CLEAR,DAYLIGHT,SIDESWIPE SAME DIRECTION,NOT DIVIDED,,STRAIGHT AND LEVEL,DRY,UNKNOWN,ON SCENE,NO INJURY / DRIVE AWAY,,,,"OVER $1,500",2/21/2021 15:20,UNABLE TO DETERMINE,UNABLE TO DETERMINE,2854,W,103RD ST,2211,,,,,,,2,NO INDICATION OF INJURY,0,0,0,0,0,3,0,15,1,2,41.70639982,-87.69368038,POINT (-87.693680384292 41.706399815716)
0b2018c964ef84858925bf7b56549b6c40770a26d49a6a37edefa29fc62da9f820fc1b4c9fbedc569b2bf05488a3ef20ce6fc86f1068f2c54848f2db4a97816a,JF392691,,9/12/2022 8:18,25,NO CONTROLS,NO CONTROLS,RAIN,DAYLIGHT,REAR TO FRONT,ONE-WAY,,STRAIGHT AND LEVEL,WET,NO DEFECTS,ON SCENE,NO INJURY / DRIVE AWAY,,,,"OVER $1,500",9/12/2022 8:21,WEATHER,NOT APPLICABLE,7948,S,DREXEL AVE,624,,,,,,,2,NO INDICATION OF INJURY,0,0,0,0,0,2,0,8,2,9,41.74985837,-87.60286529,POINT (-87.602865293873 41.749858373016)
8662c59d5dec82f8e099b85eb4d9cc6f788341e6189d3c7b2dff648b8cb1174f60858bc1b525ea58057e4e3000739be8b821414b0e2cdebca174c4a1c22ec2e5,JD216314,,4/24/2020 17:35,30,NO CONTROLS,NO CONTROLS,CLEAR,DAYLIGHT,TURNING,NOT DIVIDED,,STRAIGHT AND LEVEL,DRY,NO DEFECTS,ON SCENE,NO INJURY / DRIVE AWAY,,,Y,$500 OR LESS,4/24/2020 17:45,IMPROPER TURNING/NO SIGNAL,UNABLE TO DETERMINE,2336,E,79TH ST,414,,,,,,,2,NO INDICATION OF INJURY,0,0,0,0,0,4,0,17,6,4,41.75182606,-87.56722274,POINT (-87.56722273605 41.751826063719)
836266caf45f9271c7d06e82f4f03dc72ad6ea3aabe960bad4e14ada5fb0d72513c989ca91d2366078ac104caf06787b2f89bf433576a50ea6f0be61bd2ff9f7,JF244078,,5/16/2022 8:00,15,NO CONTROLS,NO CONTROLS,CLEAR,DAYLIGHT,FIXED OBJECT,ALLEY,,STRAIGHT AND LEVEL,DRY,NO DEFECTS,ON SCENE,NO INJURY / DRIVE AWAY,,Y,Y,"OVER $1,500",5/16/2022 8:31,UNABLE TO DETERMINE,IMPROPER BACKING,802,S,MORGAN ST,1232,,,,,,,1,NO INDICATION OF INJURY,0,0,0,0,0,1,0,8,2,5,41.8716449,-87.65132218,POINT (-87.651322184229 41.871644902938)
85f9c7279cea4a657d69a1c606eeb5719c13e85115dab6d0fb8e06ce906b8694a10a7d0c000dfa65d09e5d87d02832d2c24f096b749058aaf2fb4358f95102aa,JC441217,,9/20/2019 12:26,15,UNKNOWN,NO CONTROLS,CLEAR,DAYLIGHT,TURNING,PARKING LOT,,STRAIGHT AND LEVEL,DRY,NO DEFECTS,ON SCENE,NO INJURY / DRIVE AWAY,,,Y,"$501 - $1,500",9/20/2019 12:29,UNABLE TO DETERMINE,NOT APPLICABLE,4821,W,NORTH AVE,2533,,,,,,,2,NO INDICATION OF INJURY,0,0,0,0,0,2,0,12,6,9,41.90950515,-87.74695994,POINT (-87.746959936272 41.909505147743)
84bd87aac63debf9378d1782d6d4ea0a01a44cbd82df5c1a30dd3030e78e796e9ddaae37ff3aa9209518e390816f50d05688e80ba5552a9d94778557d3dcb4c9,JF278293,,6/13/2022 14:00,30,UNKNOWN,UNKNOWN,CLEAR,DAYLIGHT,PARKED MOTOR VEHICLE,PARKING LOT,,STRAIGHT AND LEVEL,UNKNOWN,UNKNOWN,ON SCENE,NO INJURY / DRIVE AWAY,,,Y,"OVER $1,500",6/13/2022 16:30,UNABLE TO DETERMINE,NOT APPLICABLE,6330,S,STONY ISLAND AVE,314,,,,,,,2,NO INDICATION OF INJURY,0,0,0,0,0,1,0,14,2,6,41.77966308,-87.58659137,POINT (-87.586591366414 41.779663079964)
85b6076316f3a1adef37244733b83b6f4b3d8138ae9439c0b9087eb101be5d7bfd1c93a002606082587a9ebe268e69ea9e326929cc5e044b4ddd91d5b0a0da90,JB115107,,1/13/2018 15:25,25,STOP SIGN/FLASHER,OTHER,CLEAR,DAYLIGHT,TURNING,NOT DIVIDED,2,STRAIGHT AND LEVEL,DRY,UNKNOWN,ON SCENE,NO INJURY / DRIVE AWAY,,,,"OVER $1,500",1/13/2018 15:32,DISREGARDING STOP SIGN,NOT APPLICABLE,7101,W,CARMEN AVE,1613,,,,,,,2,NO INDICATION OF INJURY,0,0,0,0,0,2,0,15,7,1,41.97359256,-87.80480704,POINT (-87.804807035316 41.97359256179)
83ee6af36ba6d7f207c1c78a7ed221d2c4f521434c8d991fa89211b01d99797b08ea41c2283bbaf1c57b994d69baa5ea82d7981f506b2cd41e66c8c336599a8b,JE283213,,6/29/2021 6:08,30,NO CONTROLS,NO CONTROLS,CLEAR,DAYLIGHT,TURNING,NOT DIVIDED,,STRAIGHT AND LEVEL,DRY,UNKNOWN,ON SCENE,NO INJURY / DRIVE AWAY,N,,,"OVER $1,500",6/29/2021 6:12,NOT APPLICABLE,NOT APPLICABLE,1603,W,43RD ST,924,,,,,,,2,NO INDICATION OF INJURY,0,0,0,0,0,2,0,6,3,6,41.81575921,-87.66529932,POINT (-87.665299315204 41.815759212386)
842da133c20214d8c1556038327e77b7b640e90b56d5f7edf33779e24e2614661c1f7c16e98d549040eb466028585b88361d31ccfdb5f715fca2fc1f30891ba3,JD203125,,4/6/2020 11:15,35,NO CONTROLS,NO CONTROLS,CLEAR,DAYLIGHT,REAR END,NOT DIVIDED,,STRAIGHT AND LEVEL,DRY,"RUT, HOLES",ON SCENE,NO INJURY / DRIVE AWAY,,,,$500 OR LESS,4/6/2020 11:19,FOLLOWING TOO CLOSELY,NOT APPLICABLE,8245,S,WESTERN AVE,614,,,,,,,2,NO INDICATION OF INJURY,0,0,0,0,0,4,0,11,2,4,41.74300368,-87.6825348,POINT (-87.682534797535 41.743003682306)
83406e2082ee4d470f6de00d8c1d64b43cf128515154a67c3898fecb9ce07f322837ca07c9729aec4b5e27f81982d67a0f86fb2d6995dda3874fba7022de11eb,JC251583,,5/6/2019 6:05,20,NO CONTROLS,NO CONTROLS,CLEAR,DAYLIGHT,REAR END,ONE-WAY,,STRAIGHT AND LEVEL,DRY,NO DEFECTS,ON SCENE,NO INJURY / DRIVE AWAY,,,,"OVER $1,500",5/6/2019 6:07,FOLLOWING TOO CLOSELY,DRIVING SKILLS/KNOWLEDGE/EXPERIENCE,3,W,TERMINAL ST,1653,,,,,,,2,NO INDICATION OF INJURY,0,0,0,0,0,2,0,6,2,5,,,
83b9f476a74cf6eadfc9d51cf6c1799fec6f7c1adfb210d0c29286c9a5dc21071dc1db7344900d2fe241f23be39123ae62fc857eb74a63e5d3a1e259e15e4073,JD390013,,10/5/2020 22:00,30,TRAFFIC SIGNAL,NO CONTROLS,CLEAR,DUSK,REAR END,NOT DIVIDED,,STRAIGHT AND LEVEL,DRY,NO DEFECTS,ON SCENE,NO INJURY / DRIVE AWAY,,,Y,"OVER $1,500",10/5/2020 22:02,FOLLOWING TOO CLOSELY,NOT APPLICABLE,5,W,111TH ST,522,,,,,,,3,NO INDICATION OF INJURY,0,0,0,0,0,3,0,22,2,10,41.69247347,-87.62338626,POINT (-87.623386255112 41.692473467626)
83df30ac17dbd3de7a3161619db553964e69a5a8bd884f3d875b093e568dfae338cb20a5a58b6c06bd9b46a17cfa8bbadfbeb070715347391c08e5d056fbd3ff,JE264754,,6/13/2021 18:27,30,NO CONTROLS,NO CONTROLS,CLEAR,DAYLIGHT,PARKED MOTOR VEHICLE,NOT DIVIDED,,STRAIGHT AND LEVEL,DRY,NO DEFECTS,ON SCENE,INJURY AND / OR TOW DUE TO CRASH,,,,"OVER $1,500",6/13/2021 18:27,UNABLE TO DETERMINE,NOT APPLICABLE,2710,E,79TH ST,421,,,,,,,2,NO INDICATION OF INJURY,0,0,0,0,0,2,0,18,1,6,41.75195247,-87.55796196,POINT (-87.557961960414 41.751952467807)
844c38db7ac5c931756e6d8b239c4205eba5a4dc76a5b0ca09dcf28eb9fddf39feb2aae7a42dd5b7e0fca4323ce44258496c1a7884baef847f1fda5230ce3f6d,JD427672,,11/10/2020 20:19,35,NO CONTROLS,NO CONTROLS,RAIN,"DARKNESS, LIGHTED ROAD",FIXED OBJECT,OTHER,,"CURVE, LEVEL",WET,NO DEFECTS,ON SCENE,INJURY AND / OR TOW DUE TO CRASH,,,,"OVER $1,500",11/10/2020 20:20,WEATHER,WEATHER,929,N,LAKE SHORE DR SB,1833,,,,,,,1,NO INDICATION OF INJURY,0,0,0,0,0,1,0,20,3,11,41.90018899,-87.61880079,POINT (-87.618800793458 41.900188987385)
8489363487bfbc7fc5af41f9579df2d30168b9f9af8df3c79049671bead0f3daf559753407cde81e80fa5a33e6b31714392876ed8f05fd09b3aa0dedccc020df,JF277163,,6/12/2022 18:15,25,NO CONTROLS,NO CONTROLS,CLEAR,DAYLIGHT,PEDESTRIAN,DIVIDED - W/MEDIAN (NOT RAISED),,STRAIGHT AND LEVEL,DRY,UNKNOWN,ON SCENE,INJURY AND / OR TOW DUE TO CRASH,,,,$500 OR LESS,6/12/2022 18:15,ANIMAL,ANIMAL,3811,N,BROADWAY,1925,,,,,,,2,NONINCAPACITATING INJURY,1,0,0,1,0,1,0,18,1,6,41.9515683,-87.64947086,POINT (-87.64947086055 41.951568299809)
8524ff4c7652a2dc743496371358f180a65df5a110a8922834c172d0513627b8bb6ab0216860cae05b9766a568e97ed61732338bc61d8722a9af8629891156d2,JE310269,,7/22/2021 14:30,30,NO CONTROLS,NO CONTROLS,CLEAR,DAYLIGHT,REAR END,NOT DIVIDED,,STRAIGHT AND LEVEL,DRY,NO DEFECTS,ON SCENE,INJURY AND / OR TOW DUE TO CRASH,,,,"OVER $1,500",7/22/2021 14:31,UNABLE TO DETERMINE,UNABLE TO DETERMINE,4143,W,63RD ST,813,,,,,,,2,NO INDICATION OF INJURY,0,0,0,0,0,4,0,14,5,7,41.77849772,-87.72690484,POINT (-87.726904841983 41.77849772368)
867004681683e8c2bb902faae0c18204fe7740f76d86b5f155db966c46c90f1c8f101c2089f68c6f11a4b8aae4fbd76487f0e78a79eba058b1d84dd3b5ae1c6c,JF149004,,2/18/2022 20:00,25,UNKNOWN,OTHER,UNKNOWN,UNKNOWN,REAR TO SIDE,NOT DIVIDED,,STRAIGHT AND LEVEL,UNKNOWN,UNKNOWN,NOT ON SCENE (DESK REPORT),NO INJURY / DRIVE AWAY,,,,"OVER $1,500",2/18/2022 21:00,NOT APPLICABLE,NOT APPLICABLE,13213,S,BRANDON AVE,433,,,,,,,2,NO INDICATION OF INJURY,0,0,0,0,0,2,0,20,6,2,41.65507264,-87.54576169,POINT (-87.545761686367 41.65507264235)
834964b1c7a8bbdd213cb72c0834504073181332a4a790ab715072ac7c8e37152a9a3ad04e399f789b618481f0665d7222d81045a4cf706a45774a58d91628c5,JB454242,,9/28/2018 11:30,30,NO CONTROLS,NO CONTROLS,CLEAR,DAYLIGHT,ANGLE,OTHER,,STRAIGHT AND LEVEL,DRY,NO DEFECTS,ON SCENE,NO INJURY / DRIVE AWAY,,,,"$501 - $1,500",9/28/2018 11:32,IMPROPER BACKING,NOT APPLICABLE,3030,W,ARGYLE ST,1713,Y,Y,,,,,2,NO INDICATION OF INJURY,0,0,0,0,0,2,0,11,6,9,41.97223108,-87.70485149,POINT (-87.704851494443 41.972231078135)
868c850a4b9c68ae4e8ba4f84dc1ca4bfdc39e7bd793cfcaeeab5007b74c9a1c52a832556eedd16051ba678e35ae6957e78516298025f0c4460c5502a9f2d9cf,JF320339,,7/17/2022 3:14,25,UNKNOWN,NO CONTROLS,RAIN,DARKNESS,FIXED OBJECT,NOT DIVIDED,,"CURVE, LEVEL",WET,UNKNOWN,ON SCENE,INJURY AND / OR TOW DUE TO CRASH,,,,"OVER $1,500",7/17/2022 3:18,UNABLE TO DETERMINE,NOT APPLICABLE,9301,S,EWING AVE,432,,Y,,,,,2,NONINCAPACITATING INJURY,2,0,0,2,0,0,0,3,1,7,41.72751917,-87.54126473,POINT (-87.541264734403 41.727519172142)
867dd08d931cdff0a7e2c53045005130505e24ba61297dbf29f3de66b9a6e45444a24fa1779bc4608871fcb853ec5e359619edf46f8898414dfb55af7b80215d,JF223185,,4/28/2022 14:45,30,NO CONTROLS,NO CONTROLS,CLEAR,DAYLIGHT,TURNING,FOUR WAY,,STRAIGHT AND LEVEL,DRY,NO DEFECTS,,NO INJURY / DRIVE AWAY,,,,"$501 - $1,500",4/28/2022 15:20,FAILING TO YIELD RIGHT-OF-WAY,NOT APPLICABLE,2000,S,ASHLAND AVE,1234,,,,,,,2,NO INDICATION OF INJURY,0,0,0,0,0,2,0,14,5,4,41.85501801,-87.66621889,POINT (-87.666218894165 41.85501801358)
86e468c2e86608932b2700e29aa8eb6b199a520680f66b22ff71f71f87a14211fb4a9293b606aa1532b01a7d420e5031c2fefcf575632dd7c8d1c3502b6e89e6,JC132288,,1/28/2019 10:00,30,NO CONTROLS,NO CONTROLS,SNOW,DAYLIGHT,REAR END,OTHER,2,STRAIGHT AND LEVEL,SNOW OR SLUSH,NO DEFECTS,NOT ON SCENE (DESK REPORT),NO INJURY / DRIVE AWAY,,,,"OVER $1,500",1/28/2019 11:00,WEATHER,WEATHER,5500,S,KIMBARK AVE,235,,,,,,,2,NO INDICATION OF INJURY,0,0,0,0,0,2,0,10,2,1,41.79499339,-87.59506829,POINT (-87.595068290161 41.794993391368)
89e69f4756893b44938acf6427d28c288e002f829a61c60923fa215f779f5512bc7b4972295c5065e47b54cdd571aedd4e7ba85ffa9458025e12ab4ce0acfd8b,JE166886,,3/12/2021 13:38,25,NO CONTROLS,NO CONTROLS,CLEAR,DAYLIGHT,PARKED MOTOR VEHICLE,NOT DIVIDED,,STRAIGHT AND LEVEL,DRY,NO DEFECTS,ON SCENE,NO INJURY / DRIVE AWAY,,,,"$501 - $1,500",3/12/2021 13:38,IMPROPER BACKING,NOT APPLICABLE,4414,S,STATE ST,215,,,,,,,2,NO INDICATION OF INJURY,0,0,0,0,0,1,0,13,6,3,41.81419305,-87.62635966,POINT (-87.62635965758 41.814193051714)