CRASH_RECORD_ID,RD_NO,CRASH_DATE_EST_I,CRASH_DATE,POSTED_SPEED_LIMIT,TRAFFIC_CONTROL_DEVICE,DEVICE_CONDITION,WEATHER_CONDITION,LIGHTING_CONDITION,FIRST_CRASH_TYPE,TRAFFICWAY_TYPE,LANE_CNT,ALIGNMENT,ROADWAY_SURFACE_COND,ROAD_DEFECT,REPORT_TYPE,CRASH_TYPE,INTERSECTION_RELATED_I,NOT_RIGHT_OF_WAY_I,HIT_AND_RUN_I,DAMAGE,DATE_POLICE_NOTIFIED,PRIM_CONTRIBUTORY_CAUSE,SEC_CONTRIBUTORY_CAUSE,STREET_NO,STREET_DIRECTION,STREET_NAME,BEAT_OF_OCCURRENCE,PHOTOS_TAKEN_I,STATEMENTS_TAKEN_I,DOORING_I,WORK_ZONE_I,WORK_ZONE_TYPE,WORKERS_PRESENT_I,NUM_UNITS,MOST_SEVERE_INJURY,INJURIES_TOTAL,INJURIES_FATAL,INJURIES_INCAPACITATING,INJURIES_NON_INCAPACITATING,INJURIES_REPORTED_NOT_EVIDENT,INJURIES_NO_INDICATION,INJURIES_UNKNOWN,CRASH_HOUR,CRASH_DAY_OF_WEEK,CRASH_MONTH,LATITUDE,LONGITUDE,LOCATION
887d8322b81a1c2fc97cf045054213d1aa6a576b5623b6328bcc5b6f3a4c96f55851a9fb1b9aa76be1a0dacd2b4ce66a7f29ba3ebe3c8bef8dd72e20842c4fb7,JE493963,N,12/31/2021 10:00,20,NO CONTROLS,NO CONTROLS,CLEAR,DAYLIGHT,PARKED MOTOR VEHICLE,ONE-WAY,,STRAIGHT AND LEVEL,DRY,NO DEFECTS,ON SCENE,NO INJURY / DRIVE AWAY,,,Y,$500 OR LESS,12/31/2021 13:17,NOT APPLICABLE,NOT APPLICABLE,2737,W,BERWYN AVE,2011,,,,,,,2,NO INDICATION OF INJURY,0,0,0,0,0,1,0,10,6,12,41.97754223,-87.69802606,POINT (-87.698026054992 41.977542233992)
88cf0403208baadbdfe009a1e40fa45321c6fba63d510edd04e4a50ae94952b00b6650caf8e5567c4a2e430638e3b3b56fd0af7af7dac15e7e176f1cb7a36c09,JE419734,,10/23/2021 12:05,35,NO CONTROLS,NO CONTROLS,CLEAR,DAYLIGHT,REAR END,NOT DIVIDED,,STRAIGHT AND LEVEL,DRY,NO DEFECTS,ON SCENE,NO INJURY / DRIVE AWAY,,,,"OVER $1,500",10/23/2021 12:10,FOLLOWING TOO CLOSELY,FOLLOWING TOO CLOSELY,3832,W,MARQUETTE RD,833,,,,,,,2,NO INDICATION OF INJURY,0,0,0,0,0,2,0,12,7,10,41.77153943,-87.71901539,POINT (-87.719015385908 41.771539427095)
86cf4fe28ce653059e9ab2a3e87a0a668235c508a17891c4f09b48a75f76037540cb20fcc480029ba152fc9f3efc45c91745d04a45038d5f7bdaf060ffad4946,JC563620,,12/28/2019 23:04,0,NO CONTROLS,NO CONTROLS,RAIN,DARKNESS,REAR END,PARKING LOT,,STRAIGHT AND LEVEL,WET,NO DEFECTS,ON SCENE,INJURY AND / OR TOW DUE TO CRASH,,Y,,"OVER $1,500",12/28/2019 23:05,UNABLE TO DETERMINE,NOT APPLICABLE,242,W,GARFIELD BLVD,935,,,,,,,2,NONINCAPACITATING INJURY,1,0,0,1,0,2,0,23,7,12,41.79463883,-87.63226705,POINT (-87.632267045463 41.794638826304)
8806bb3a59573a8bd1025f58176f3d9ad00ee74c2e0d1a2bed4de6dc7f58a6f630c56d7295e55e7b1785934d015fdcec322d08d27c4d2aeeec4eba1e95b32e43,JE250115,,6/1/2021 15:14,30,NO CONTROLS,NO CONTROLS,CLEAR,UNKNOWN,PARKED MOTOR VEHICLE,ONE-WAY,,STRAIGHT AND LEVEL,DRY,NO DEFECTS,ON SCENE,NO INJURY / DRIVE AWAY,,,Y,"OVER $1,500",6/1/2021 15:17,UNABLE TO DETERMINE,NOT APPLICABLE,7736,S,LAFLIN ST,612,,,,,,,2,NO INDICATION OF INJURY,0,0,0,0,0,1,0,15,3,6,41.75290821,-87.66203553,POINT (-87.662035527697 41.75290820473)
87f37a3f17c46b5e1d382bc2ef24c6a5230eddc110084c4f643c2f90bfcc83862a4ac5a239f9df362e9927001591c8bc4d281d52d9daf048fecc81c9b8f282b5,JF109873,,1/11/2022 18:23,10,NO CONTROLS,NO CONTROLS,CLEAR,"DARKNESS, LIGHTED ROAD",PARKED MOTOR VEHICLE,PARKING LOT,,STRAIGHT AND LEVEL,DRY,UNKNOWN,ON SCENE,NO INJURY / DRIVE AWAY,,,,"OVER $1,500",1/11/2022 18:23,FOLLOWING TOO CLOSELY,NOT APPLICABLE,517,W,OHARE ST,1654,,,,,,,2,NO INDICATION OF INJURY,0,0,0,0,0,1,0,18,3,1,,,
89e0bb5816f93f28d30385eb8797022c1be728b722f480b1764c53e8f69b79585db206fb1fe54956f2094c1d07bcc81bba32e30a9735067dc592e58d184ea645,JA462133,,10/7/2017 13:45,30,NO CONTROLS,OTHER,CLEAR,DAYLIGHT,PEDESTRIAN,NOT DIVIDED,,STRAIGHT AND LEVEL,DRY,NO DEFECTS,ON SCENE,NO INJURY / DRIVE AWAY,,,,$500 OR LESS,10/7/2017 14:00,NOT APPLICABLE,NOT APPLICABLE,5361,N,MAGNET AVE,1622,,,,,,,2,NO INDICATION OF INJURY,0,0,0,0,0,2,0,13,7,10,41.97842086,-87.77154821,POINT (-87.7715482074 41.978420855137)
86b9731197cdd91b3f2907c72fd0794f49c06c339c4545ee508aab1020c35667c0f2746e8cc580253d862b3b25d382a6800757938a43caddd00f6196b0cea53a,JB523422,,11/20/2018 18:05,5,NO CONTROLS,NO CONTROLS,CLEAR,DUSK,FIXED OBJECT,PARKING LOT,0,STRAIGHT AND LEVEL,DRY,NO DEFECTS,ON SCENE,NO INJURY / DRIVE AWAY,,Y,,"OVER $1,500",11/20/2018 18:21,UNABLE TO DETERMINE,NOT APPLICABLE,3942,W,ROOSEVELT RD,1132,,,,,,,1,NO INDICATION OF INJURY,0,0,0,0,0,1,0,18,3,11,41.86629178,-87.72448315,POINT (-87.724483148745 41.86629178355)
892a470cf1324805b67ed26b1df99ca4da9718593bfbfd138ed8b0b9aaa7855114c8e0602b9409e504e24fd206d3c7bfc173553ee0e81f0a749fed8aae4ad319,JF197054,,4/4/2022 15:48,15,NO CONTROLS,NO CONTROLS,CLEAR,DAYLIGHT,REAR END,PARKING LOT,,STRAIGHT AND LEVEL,DRY,NO DEFECTS,ON SCENE,NO INJURY / DRIVE AWAY,,Y,,"OVER $1,500",4/4/2022 15:50,UNABLE TO DETERMINE,UNABLE TO DETERMINE,6020,N,CICERO AVE,1621,,Y,,,,,2,NO INDICATION OF INJURY,0,0,0,0,0,2,0,15,2,4,41.99049477,-87.74847741,POINT (-87.748477414229 41.99049477183)
890964d1ed1302cdba1b6095adfe7ec08ece77d28e31fd753b60612d46bf69ac494219e8aa39e41731ba80c06ba45ce0fd32908f6391d232087ccec913c3eabc,JF213514,,4/20/2022 10:05,45,NO CONTROLS,NO CONTROLS,CLOUDY/OVERCAST,DAYLIGHT,SIDESWIPE SAME DIRECTION,ONE-WAY,,STRAIGHT AND LEVEL,DRY,NO DEFECTS,ON SCENE,INJURY AND / OR TOW DUE TO CRASH,,,,"OVER $1,500",4/20/2022 10:12,IMPROPER LANE USAGE,DRIVING SKILLS/KNOWLEDGE/EXPERIENCE,80,W,I190 EXPY,1654,,,,,,,2,"REPORTED, NOT EVIDENT",2,0,0,0,2,1,0,10,4,4,,,
894bf47faa18b8e6751103fe8203bcf9e3bb771def6c5a6cc9b268a1ad24f56c24ac6e8643ae6c6f3c997159f14ebf080275bceb4476581ea1817adf0e2a196c,JE245087,,5/27/2021 12:30,30,NO CONTROLS,NO CONTROLS,CLEAR,DAYLIGHT,HEAD ON,NOT DIVIDED,,STRAIGHT AND LEVEL,DRY,NO DEFECTS,NOT ON SCENE (DESK REPORT),NO INJURY / DRIVE AWAY,,,Y,"OVER $1,500",5/27/2021 18:18,IMPROPER BACKING,NOT APPLICABLE,2956,W,111TH ST,2212,,,,,,,2,NO INDICATION OF INJURY,0,0,0,0,0,3,0,12,5,5,41.69173666,-87.6957261,POINT (-87.695726098607 41.691736663342)
86b32014409939418ef022592f390faad4b7d36828843d11c71967134567aaddfec5c5e12560a252e088347a6cb5bf0d39173b5fe21091a77ceb5addf157e02f,JE325910,,8/4/2021 14:15,30,STOP SIGN/FLASHER,OTHER,CLEAR,DAYLIGHT,TURNING,FOUR WAY,,STRAIGHT AND LEVEL,DRY,UNKNOWN,NOT ON SCENE (DESK REPORT),NO INJURY / DRIVE AWAY,Y,,,$500 OR LESS,8/4/2021 14:20,DISREGARDING STOP SIGN,NOT APPLICABLE,800,S,KEDZIE AVE,1134,,,,,,,2,NO INDICATION OF INJURY,0,0,0,0,0,2,0,14,4,8,41.87091213,-87.70596959,POINT (-87.705969591213 41.87091213071)
8907d7c78bf8b0185942ec2f45feaa75ccc8af73751806f4b202e1f358f32140ffbea067de631009f6a6bd3de16bf472506cac5435dcd8b89f1028aebcf0c048,JE338981,,8/16/2021 8:46,15,NO CONTROLS,NO CONTROLS,CLEAR,DAYLIGHT,TURNING,NOT DIVIDED,,STRAIGHT AND LEVEL,DRY,UNKNOWN,ON SCENE,NO INJURY / DRIVE AWAY,,,,"OVER $1,500",8/16/2021 8:46,FOLLOWING TOO CLOSELY,NOT APPLICABLE,6403,N,KEDZIE AVE,2412,,,,,,,2,NO INDICATION OF INJURY,0,0,0,0,0,2,0,8,2,8,41.99753742,-87.70919865,POINT (-87.709198651896 41.997537421136)
8874e79edbee76ec4f5c60a295bced8ecffc488b1d13b968c504519503565b602677ba0cd1bfa235afa14985e0ea07ee44a540e191b0528ead5393f3f97f966c,JC549081,,12/16/2019 15:20,35,NO CONTROLS,NO CONTROLS,CLEAR,DAWN,ANGLE,NOT DIVIDED,,STRAIGHT AND LEVEL,DRY,NO DEFECTS,ON SCENE,NO INJURY / DRIVE AWAY,,,,"$501 - $1,500",12/16/2019 15:20,UNABLE TO DETERMINE,NOT APPLICABLE,7101,S,KEDZIE AVE,831,,,,,,,2,NO INDICATION OF INJURY,0,0,0,0,0,2,0,15,2,12,41.76429899,-87.70266398,POINT (-87.702663978997 41.764298991134)
86a55aa5281ddd45855d051d68c23255885fdba5ea1dd3e057097e1eb95c80f58bd7084a49790e05b9250bbd3726829821916c790fbf835f651cd27349b0c28b,JA496050,,11/2/2017 13:41,30,NO CONTROLS,NO CONTROLS,RAIN,DAYLIGHT,OTHER OBJECT,NOT DIVIDED,,STRAIGHT AND LEVEL,WET,NO DEFECTS,ON SCENE,NO INJURY / DRIVE AWAY,,,,"OVER $1,500",11/2/2017 13:50,UNABLE TO DETERMINE,NOT APPLICABLE,1748,W,WEBSTER AVE,1432,,,,,,,1,NO INDICATION OF INJURY,0,0,0,0,0,1,0,13,5,11,41.92159785,-87.67223525,POINT (-87.672235253327 41.921597852798)
8866db267398fbcc4ac04173961be5a15cc28365d35cb69b0009fdca1eaed4de03366c857d428078208659dc0ae63d055ba6406548a28121ebca2f4e60190d7e,JB364586,,7/25/2018 13:15,30,NO CONTROLS,NO CONTROLS,CLEAR,DAYLIGHT,FIXED OBJECT,ALLEY,1,STRAIGHT AND LEVEL,DRY,NO DEFECTS,ON SCENE,NO INJURY / DRIVE AWAY,,Y,,"OVER $1,500",7/25/2018 13:45,UNABLE TO DETERMINE,UNABLE TO DETERMINE,450,W,129TH PL,523,,,,,,,1,NO INDICATION OF INJURY,0,0,0,0,0,1,0,13,4,7,41.658292,-87.63357277,POINT (-87.63357277261 41.658292000002)
86c5fa94d51373a897a03258e4c184fccc0e676b37014bbbbb9e599dc12bc5080920748b839cf395905f5d33783c6bb80b60611478ab2d5dbed4570034c67db3,HZ109813,,1/9/2016 14:30,30,STOP SIGN/FLASHER,FUNCTIONING PROPERLY,RAIN,DAYLIGHT,REAR END,NOT DIVIDED,2,STRAIGHT AND LEVEL,WET,UNKNOWN,NOT ON SCENE (DESK REPORT),NO INJURY / DRIVE AWAY,Y,,,"OVER $1,500",1/9/2016 15:00,UNABLE TO DETERMINE,UNABLE TO DETERMINE,2958,S,PULASKI RD,1031,,,,,,,3,NO INDICATION OF INJURY,0,0,0,0,0,3,0,14,7,1,,,
89257560f2f3d4881c7a68279218d7ab894293aa5583835ce56ec0d6515d7bd804b364abceb482dc51bca833cfd71d62e810f0bf9a0d8fda31596a3bdcb7df67,JD169522,,2/29/2020 17:45,30,TRAFFIC SIGNAL,FUNCTIONING PROPERLY,CLEAR,DUSK,ANIMAL,OTHER,,STRAIGHT AND LEVEL,DRY,NO DEFECTS,NOT ON SCENE (DESK REPORT),NO INJURY / DRIVE AWAY,,,,"OVER $1,500",2/29/2020 18:30,ANIMAL,NOT APPLICABLE,6000,W,DEVON AVE,1621,,,,,,,1,NO INDICATION OF INJURY,0,0,0,0,0,2,0,17,7,2,41.99754162,-87.77787906,POINT (-87.777879062484 41.997541623015)
87aab8b882bad6d953b7517dae7ae0a321a3ea47e099742a3794a9a4e3afc926e83c68c8d5257d355c22373aaf014bd728666a3cde965f6e7038affb65504057,JC411683,,8/29/2019 8:45,30,TRAFFIC SIGNAL,FUNCTIONING PROPERLY,CLEAR,DAYLIGHT,TURNING,ONE-WAY,,STRAIGHT AND LEVEL,DRY,NO DEFECTS,ON SCENE,NO INJURY / DRIVE AWAY,Y,,,$500 OR LESS,8/29/2019 8:55,IMPROPER LANE USAGE,NOT APPLICABLE,100,E,OHIO ST,1834,,,,,,,2,NO INDICATION OF INJURY,0,0,0,0,0,2,0,8,5,8,41.8926379,-87.62534141,POINT (-87.625341405856 41.89263789576)
89470f12160bc202ec7302ef6dd17d3bb75f69e316e1ff77a28be34a56c5ea67dabb50d56bbd1c7ab6a068119cfe39c031c16da05f1e1444cf094add689d2c8b,JC127031,,1/23/2019 6:30,35,NO CONTROLS,NO CONTROLS,CLEAR,DAYLIGHT,ANGLE,NOT DIVIDED,1,STRAIGHT AND LEVEL,WET,NO DEFECTS,,NO INJURY / DRIVE AWAY,,,,"$501 - $1,500",1/23/2019 16:40,UNABLE TO DETERMINE,UNABLE TO DETERMINE,1000,E,OHIO ST,1834,,,,,,,2,NO INDICATION OF INJURY,0,0,0,0,0,2,0,6,4,1,41.89343485,-87.60256644,POINT (-87.602566439037 41.893434847949)
8a5ebd45916f019f0cbbdadcb4051ff9d540fb55ccf3037e02a698bd9b3fd0de9ad439b2c81b1a8657d6c51757eb377aa1c84686fcca792a30c0c9b8c7251a02,JF131940,,2/2/2022 14:55,30,TRAFFIC SIGNAL,FUNCTIONING PROPERLY,SNOW,DAYLIGHT,TURNING,FOUR WAY,,STRAIGHT AND LEVEL,SNOW OR SLUSH,NO DEFECTS,ON SCENE,NO INJURY / DRIVE AWAY,Y,,,"$501 - $1,500",2/2/2022 14:59,FOLLOWING TOO CLOSELY,WEATHER,2400,N,CENTRAL AVE,2515,,,,,,,2,NO INDICATION OF INJURY,0,0,0,0,0,2,0,14,4,2,41.92406892,-87.76614121,POINT (-87.766141214132 41.924068922276)
f0b8fdd9e3ec202dabbf626a36cc2ea112b0cc7036a5f0b197dd0ee7dd8af384a5f278e353357618b1a81ed6a24a518e6d168b794eadeadc78b3c34305bf5a8d,JG175338,,3/5/2023 19:58,20,NO CONTROLS,NO CONTROLS,RAIN,"DARKNESS, LIGHTED ROAD",REAR END,ONE-WAY,,STRAIGHT AND LEVEL,WET,NO DEFECTS,NOT ON SCENE (DESK REPORT),NO INJURY / DRIVE AWAY,,,Y,"OVER $1,500",3/5/2023 19:58,FOLLOWING TOO CLOSELY,NOT APPLICABLE,2,W,TERMINAL ST,1652,,,,,,,2,NO INDICATION OF INJURY,0,0,0,0,0,2,0,19,1,3,,,
8bd0613f9b39d21c255f4c0c6964a95418c448fe25015be83fd6232aeccbc1276ae2b4c5264271b81ed99d27415c4cea3e2670eb8749029d329f6ac42a9f855a,JD330184,,8/12/2020 18:49,30,TRAFFIC SIGNAL,FUNCTIONING PROPERLY,CLEAR,DUSK,SIDESWIPE SAME DIRECTION,FOUR WAY,,STRAIGHT AND LEVEL,DRY,NO DEFECTS,NOT ON SCENE (DESK REPORT),NO INJURY / DRIVE AWAY,Y,,Y,"$501 - $1,500",8/12/2020 21:00,IMPROPER OVERTAKING/PASSING,IMPROPER OVERTAKING/PASSING,2400,E,71ST ST,334,,,,,,,2,NO INDICATION OF INJURY,0,0,0,0,0,2,0,18,4,8,,,
8a0bc66d90ab92cfce7d28f7d2a4b4a2275a250936fd31ccd030933eb7f4b34dc875f08a065d2cd0817fdbcd8f45aef6b02e623ce3f4c864fc49ceab7aa99067,JA207752,,3/31/2017 17:45,30,NO CONTROLS,NO CONTROLS,CLEAR,DAYLIGHT,TURNING,NOT DIVIDED,,STRAIGHT AND LEVEL,DRY,NO DEFECTS,NOT ON SCENE (DESK REPORT),NO INJURY / DRIVE AWAY,,,,"OVER $1,500",3/31/2017 18:47,NOT APPLICABLE,NOT APPLICABLE,5400,S,PULASKI RD,834,,,,,,,2,NO INDICATION OF INJURY,0,0,0,0,0,2,0,17,6,3,41.79495745,-87.72335657,POINT (-87.723356564996 41.794957444828)
8a0799ac8d42d52ac9b14b011cb4016be39964d2011d2a03697b45772c972f88383acf89140ad98f03d04d7b505c14ef5d95c481383c63181cc29dc9d8330db1,JE350384,,8/26/2021 8:15,30,NO CONTROLS,NO CONTROLS,CLEAR,DAYLIGHT,PARKED MOTOR VEHICLE,OTHER,,STRAIGHT AND LEVEL,DRY,NO DEFECTS,ON SCENE,NO INJURY / DRIVE AWAY,,,,"$501 - $1,500",8/26/2021 8:21,IMPROPER BACKING,NOT APPLICABLE,1350,W,BELDEN AVE,1811,,Y,,,,,2,NO INDICATION OF INJURY,0,0,0,0,0,1,0,8,5,8,41.92353333,-87.66286352,POINT (-87.66286351873 41.92353332552)
ab6f9607a727cc4a7dc0c90b0e3dc824aea6dcd3203391f48193359323a6404165ed89670d09a9198ab8d35768990e071b0c4303cfcdb59c02973a7031a2fdf3,JA139326,,2/2/2017 15:28,25,UNKNOWN,UNKNOWN,CLEAR,DAYLIGHT,FIXED OBJECT,NOT DIVIDED,2,STRAIGHT AND LEVEL,DRY,NO DEFECTS,ON SCENE,INJURY AND / OR TOW DUE TO CRASH,,Y,,$500 OR LESS,2/2/2017 15:28,NOT APPLICABLE,NOT APPLICABLE,7042,S,MARSHFIELD AVE,735,,,,,,,1,NO INDICATION OF INJURY,0,0,0,0,0,1,0,15,5,2,41.76543556,-87.66519318,POINT (-87.665193178266 41.765435559628)
8ca4d11cedb40f507f3b27c8b48bf6e14522743900f7b3779461a979baa7c94c7f52856b1b100642e320943e409d9d7cad14bf81a28de3a3848eb8c1182fcca2,JD453382,,12/8/2020 16:00,30,NO CONTROLS,NO CONTROLS,CLEAR,DAYLIGHT,ANGLE,NOT DIVIDED,,STRAIGHT AND LEVEL,DRY,NO DEFECTS,,NO INJURY / DRIVE AWAY,,,,"$501 - $1,500",12/8/2020 16:17,NOT APPLICABLE,NOT APPLICABLE,6900,S,WESTERN AVE,832,,,,,,,2,NO INDICATION OF INJURY,0,0,0,0,0,2,0,16,3,12,41.76823848,-87.68348696,POINT (-87.68348695709 41.76823847692)
8d2b7d29f8f451fdf9c89360b24fc53759e9e954535856160511a0cc565ef7e12c03ab639d9d154182a94762dc72d53bb47f0f9b9e511312611dd26dca8874d7,JB459522,,10/2/2018 12:08,30,UNKNOWN,UNKNOWN,UNKNOWN,UNKNOWN,REAR END,UNKNOWN,,STRAIGHT AND LEVEL,UNKNOWN,UNKNOWN,,NO INJURY / DRIVE AWAY,,,,"OVER $1,500",10/2/2018 13:10,UNABLE TO DETERMINE,NOT APPLICABLE,3700,N,HARLEM AVE,1631,,,,,,,3,NO INDICATION OF INJURY,0,0,0,0,0,6,0,12,3,10,41.94679557,-87.80720624,POINT (-87.807206239799 41.946795567058)
a8bf284833a73d6a1a7356381093878e40edada8adc4b11d95f8e1f0ad94fe1390a45ac7581ee083f502f6eaae90b6169cb1656ccb1f476d9d9d8501d0ddc34d,JB432830,,9/12/2018 9:00,30,NO CONTROLS,NO CONTROLS,CLEAR,DAYLIGHT,PARKED MOTOR VEHICLE,NOT DIVIDED,,STRAIGHT AND LEVEL,DRY,NO DEFECTS,ON SCENE,NO INJURY / DRIVE AWAY,,,Y,"OVER $1,500",9/12/2018 18:49,NOT APPLICABLE,NOT APPLICABLE,346,N,AVERS AVE,1122,,,,,,,2,NO INDICATION OF INJURY,0,0,0,0,0,1,0,9,4,9,41.88666627,-87.72267392,POINT (-87.722673917518 41.886666272939)
456dd9d9bc16f505f93bd2ef89b174348c36dadf1fdc0a77be44e5c89c2e8a89951ae15cc8dced3db2cd3bd7e4c0da27f348cc64db31231202db5cd03ed63bc6,JE241280,,5/24/2021 15:35,20,NO CONTROLS,NO CONTROLS,CLEAR,DAYLIGHT,PARKED MOTOR VEHICLE,NOT DIVIDED,,STRAIGHT AND LEVEL,DRY,NO DEFECTS,NOT ON SCENE (DESK REPORT),NO INJURY / DRIVE AWAY,,,,"OVER $1,500",5/24/2021 15:40,UNABLE TO DETERMINE,UNABLE TO DETERMINE,517,W,OHARE ST,1654,,,,,,,2,NO INDICATION OF INJURY,0,0,0,0,0,1,0,15,2,5,,,
8d0900cbbee3795283d601491924de57b3f496a347c6bd4bb6ba5d2a85e5db3d4d3a3f32d33abc5d3e343df59672e7197b65c46e208b115eea5d102d50c73528,JC334794,,7/4/2019 19:05,25,NO CONTROLS,NO CONTROLS,CLEAR,DAYLIGHT,PEDALCYCLIST,NOT DIVIDED,,STRAIGHT AND LEVEL,DRY,NO DEFECTS,ON SCENE,INJURY AND / OR TOW DUE TO CRASH,,,Y,$500 OR LESS,7/4/2019 19:05,NOT APPLICABLE,NOT APPLICABLE,344,E,60TH ST,232,,,,,,,2,NONINCAPACITATING INJURY,1,0,0,1,0,3,0,19,5,7,41.78578559,-87.61730066,POINT (-87.617300660945 41.785785587844)
8a10fdb49bb5a2e9966c787a28f24178c87a93b213f4cb14874aac113da3dd4f4aa5db28081907c3d495b014246f8ce58e8f5a164d81915e03a2fd13dcab3373,JD445454,,11/30/2020 9:00,35,NO CONTROLS,UNKNOWN,CLEAR,DAYLIGHT,PEDESTRIAN,NOT DIVIDED,,STRAIGHT AND LEVEL,DRY,UNKNOWN,ON SCENE,INJURY AND / OR TOW DUE TO CRASH,,,Y,$500 OR LESS,11/30/2020 9:25,UNABLE TO DETERMINE,NOT APPLICABLE,316,E,47TH ST,215,,,,,,,2,INCAPACITATING INJURY,1,0,1,0,0,1,0,9,2,11,41.80945774,-87.61883286,POINT (-87.618832858861 41.809457735882)
8b8d464c4f51f850886e9626c0ac1b016dfd39306a4fde3a1eed80ca0d81b760e8e3425cc4167841c3e9c218430018c7595baa781bc3bc7da10a534050a9993f,JD291171,,7/9/2020 5:58,30,NO CONTROLS,NO CONTROLS,CLEAR,DAYLIGHT,PARKED MOTOR VEHICLE,ONE-WAY,,STRAIGHT AND LEVEL,DRY,NO DEFECTS,ON SCENE,NO INJURY / DRIVE AWAY,,,Y,"$501 - $1,500",7/9/2020 5:59,UNABLE TO DETERMINE,NOT APPLICABLE,6422,N,LEAVITT ST,2412,,,,,,,2,NO INDICATION OF INJURY,0,0,0,0,0,1,0,5,5,7,41.99852017,-87.68518168,POINT (-87.685181675864 41.998520164642)
8a1a2248a3435afac35cd4f1d50592042605a3a451b813a11d37d02118ace66a3901276ab85855885f7468804ed24c3f7bdd61e927b0ceaae7615f4defdba954,JE134145,Y,2/6/2021 11:00,10,NO CONTROLS,NO CONTROLS,SNOW,DAYLIGHT,REAR TO FRONT,PARKING LOT,,STRAIGHT AND LEVEL,WET,NO DEFECTS,ON SCENE,NO INJURY / DRIVE AWAY,,,,"$501 - $1,500",2/6/2021 11:10,NOT APPLICABLE,NOT APPLICABLE,5258,W,MADISON ST,1522,,,,,,,2,NO INDICATION OF INJURY,0,0,0,0,0,2,0,11,7,2,41.88045235,-87.75744678,POINT (-87.757446777132 41.880452349766)
8acff9ce199c15a6914306706215fa051ad288555e98b913d602fb655fc50fc015068c822dbeb4cd8d8d7075588df8454f39c9f5434ecbb116af0e2de7e24e35,JB331742,,7/2/2018 10:00,25,NO CONTROLS,NO CONTROLS,CLEAR,DAYLIGHT,FIXED OBJECT,ALLEY,1,STRAIGHT AND LEVEL,DRY,NO DEFECTS,ON SCENE,NO INJURY / DRIVE AWAY,,Y,,"OVER $1,500",7/2/2018 10:00,IMPROPER BACKING,IMPROPER LANE USAGE,15,W,DIVISION ST,1824,,,,,,,1,NO INDICATION OF INJURY,0,0,0,0,0,1,0,10,2,7,41.90382088,-87.62932853,POINT (-87.629328529808 41.903820879189)
8d37f1883837141d9174355ac6b6eb2517702291e2445cb771aed2af3428571bbe1b01d8b9bc1f5eefd2ad411a81d22adcab372d6e41b8920561b611c065d18f,JE363650,,9/6/2021 14:05,20,NO CONTROLS,NO CONTROLS,CLEAR,DAYLIGHT,REAR TO SIDE,PARKING LOT,,STRAIGHT AND LEVEL,DRY,NO DEFECTS,ON SCENE,NO INJURY / DRIVE AWAY,,,,"$501 - $1,500",9/6/2021 14:09,UNABLE TO DETERMINE,NOT APPLICABLE,7499,S,YATES BLVD,334,,,,,,,2,NO INDICATION OF INJURY,0,0,0,0,0,2,0,14,2,9,41.75908027,-87.56622839,POINT (-87.566228392888 41.75908027101)
8c16aaeee34c39b7ac27c61a9b8dda1e6f47858590abf1f694235cd11132ca3b5e0c058e256a60655e1698ca5c8e41b55b962830f269b0ecdb8a58db59591ba9,JD122919,,1/21/2020 7:50,20,NO CONTROLS,NO CONTROLS,SNOW,DAYLIGHT,REAR END,NOT DIVIDED,,STRAIGHT AND LEVEL,ICE,NO DEFECTS,ON SCENE,NO INJURY / DRIVE AWAY,,,Y,$500 OR LESS,1/21/2020 7:56,UNABLE TO DETERMINE,UNABLE TO DETERMINE,1453,W,64TH ST,725,,,,,,,2,NO INDICATION OF INJURY,0,0,0,0,0,2,0,7,3,1,41.77758457,-87.66141541,POINT (-87.661415411927 41.777584569571)
8b71acb049a7c965581140994dbf50a85a6b3e9efd5e96a60ef83f167089b1f438c3daa27e41e4a0182a77501ff70df428e43e81732a05cd538df50c1ad1d771,JF214432,,4/21/2022 7:28,20,UNKNOWN,UNKNOWN,CLEAR,DAYLIGHT,PEDALCYCLIST,NOT DIVIDED,,STRAIGHT AND LEVEL,WET,UNKNOWN,ON SCENE,NO INJURY / DRIVE AWAY,,,,$500 OR LESS,4/21/2022 7:32,UNABLE TO DETERMINE,NOT APPLICABLE,4129,N,CLARENDON AVE,1915,,,Y,,,,2,NO INDICATION OF INJURY,0,0,0,0,0,3,0,7,5,4,41.95655402,-87.6496121,POINT (-87.649612101753 41.956554022703)
8dc95e93eb051411a382a3952f02b157a8a92c0c27727555de479ae1dc57c3d2f63b23a9dacc64a4530b214c6ba677b1167c0a38a51c764b0e4bd9d061f3443d,HZ392601,,8/15/2016 6:00,10,NO CONTROLS,NO CONTROLS,CLEAR,DAWN,PARKED MOTOR VEHICLE,PARKING LOT,1,STRAIGHT AND LEVEL,DRY,NO DEFECTS,ON SCENE,NO INJURY / DRIVE AWAY,,,,$500 OR LESS,8/15/2016 8:30,UNABLE TO DETERMINE,NOT APPLICABLE,6360,S,MINERVA AVE,314,,,,,,,2,NO INDICATION OF INJURY,0,0,0,0,0,1,0,6,2,8,41.77886642,-87.59651806,POINT (-87.596518063099 41.778866424061)