CRASH_RECORD_ID,RD_NO,CRASH_DATE_EST_I,CRASH_DATE,POSTED_SPEED_LIMIT,TRAFFIC_CONTROL_DEVICE,DEVICE_CONDITION,WEATHER_CONDITION,LIGHTING_CONDITION,FIRST_CRASH_TYPE,TRAFFICWAY_TYPE,LANE_CNT,ALIGNMENT,ROADWAY_SURFACE_COND,ROAD_DEFECT,REPORT_TYPE,CRASH_TYPE,INTERSECTION_RELATED_I,NOT_RIGHT_OF_WAY_I,HIT_AND_RUN_I,DAMAGE,DATE_POLICE_NOTIFIED,PRIM_CONTRIBUTORY_CAUSE,SEC_CONTRIBUTORY_CAUSE,STREET_NO,STREET_DIRECTION,STREET_NAME,BEAT_OF_OCCURRENCE,PHOTOS_TAKEN_I,STATEMENTS_TAKEN_I,DOORING_I,WORK_ZONE_I,WORK_ZONE_TYPE,WORKERS_PRESENT_I,NUM_UNITS,MOST_SEVERE_INJURY,INJURIES_TOTAL,INJURIES_FATAL,INJURIES_INCAPACITATING,INJURIES_NON_INCAPACITATING,INJURIES_REPORTED_NOT_EVIDENT,INJURIES_NO_INDICATION,INJURIES_UNKNOWN,CRASH_HOUR,CRASH_DAY_OF_WEEK,CRASH_MONTH,LATITUDE,LONGITUDE,LOCATION
8e79a0838764f9f563534e9aecc3343a795d28908d27360241bab0bbe253220f25de33d92597682ecfc5ad33102b0f933d99457ab107a58fd13d039438756e78,HZ376808,,8/3/2016 12:00,5,NO CONTROLS,NO CONTROLS,CLEAR,DAYLIGHT,REAR END,PARKING LOT,0,STRAIGHT AND LEVEL,DRY,NO DEFECTS,ON SCENE,NO INJURY / DRIVE AWAY,,Y,,"OVER $1,500",8/3/2016 16:53,NOT APPLICABLE,NOT APPLICABLE,1611,W,HARRISON ST,1231,,,,,,,2,NO INDICATION OF INJURY,0,0,0,0,0,2,0,12,4,8,41.87408199,-87.66722276,POINT (-87.66722275935 41.874081988696)
aa07bc08b86955e5f0e6db4c51c5c410a23ba9788a16589dffc5eba9d877769bfb3f2fda84ac878f9210d4adafe573dea9201efc1097f5b42ddc7ddd0f92df49,JF119509,,1/21/2022 6:45,15,NO CONTROLS,NO CONTROLS,CLEAR,DAWN,PARKED MOTOR VEHICLE,OTHER,,STRAIGHT AND LEVEL,DRY,NO DEFECTS,ON SCENE,NO INJURY / DRIVE AWAY,,,,"OVER $1,500",1/21/2022 6:55,UNABLE TO DETERMINE,UNABLE TO DETERMINE,2,W,TERMINAL ST,1652,,,,,,,4,NO INDICATION OF INJURY,0,0,0,0,0,1,0,6,6,1,,,
8ddad64397fda771c89992d9b184010c4160cd0bd9c3c8e3a11693515b4057878d69a679a4427a4923ae02922275108cec1fa059b57610bb2f46cee69401784b,JE292540,,7/6/2021 18:29,20,NO CONTROLS,NO CONTROLS,CLEAR,DAYLIGHT,SIDESWIPE SAME DIRECTION,PARKING LOT,,STRAIGHT AND LEVEL,DRY,NO DEFECTS,ON SCENE,NO INJURY / DRIVE AWAY,,Y,,$500 OR LESS,7/6/2021 18:29,IMPROPER LANE USAGE,NOT APPLICABLE,5205,N,BROADWAY,2023,,,,,,,2,NO INDICATION OF INJURY,0,0,0,0,0,5,0,18,3,7,41.97652938,-87.65972362,POINT (-87.659723618747 41.976529380439)
8f0d1b0e080844e8695be9524edf98ab76c139c4ffac9c174976d3b4ad9ddd4286787a13744950e1acbaeed4378206b24e3ecb28e31feca7ef0b3533e045f4b6,JC276032,,5/23/2019 23:00,30,UNKNOWN,UNKNOWN,CLEAR,DUSK,REAR TO SIDE,NOT DIVIDED,,STRAIGHT AND LEVEL,DRY,UNKNOWN,NOT ON SCENE (DESK REPORT),NO INJURY / DRIVE AWAY,,,,"$501 - $1,500",5/23/2019 23:15,NOT APPLICABLE,UNABLE TO DETERMINE,2446,S,WESTERN AVE,1034,,,,,,,2,NO INDICATION OF INJURY,0,0,0,0,0,2,0,23,5,5,41.84700446,-87.68564732,POINT (-87.685647322851 41.847004459378)
8e4e668560718e404cae3ab3fe74da3078794f945c9512c55499cf7318a3eba38f389f48a568998292397beabb8bd368525de799b35cec3a07fe3b1cd2510e3b,JE282837,,6/28/2021 16:15,30,NO CONTROLS,NO CONTROLS,CLEAR,DAYLIGHT,REAR END,NOT DIVIDED,,STRAIGHT AND LEVEL,DRY,NO DEFECTS,NOT ON SCENE (DESK REPORT),NO INJURY / DRIVE AWAY,,,,"$501 - $1,500",6/28/2021 18:35,NOT APPLICABLE,NOT APPLICABLE,1022,S,KEDZIE AVE,1134,,,,,,,2,NO INDICATION OF INJURY,0,0,0,0,0,2,0,16,2,6,41.86832894,-87.70587707,POINT (-87.70587706939 41.86832893982)
8e2239eac92ec2adf7b7b2343f499a361abe0326d6e8aeecf4ca5f66e3c83fbecac5eab11fe551d7820fb6aa2515fdaeb17b50fda879c2ae3911753f6db35fdd,JF229839,,5/4/2022 10:30,10,NO CONTROLS,NO CONTROLS,CLEAR,DAYLIGHT,FIXED OBJECT,ALLEY,,STRAIGHT AND LEVEL,OTHER,"RUT, HOLES",NOT ON SCENE (DESK REPORT),NO INJURY / DRIVE AWAY,,,,"OVER $1,500",5/4/2022 12:27,NOT APPLICABLE,NOT APPLICABLE,1922,W,SUPERIOR ST,1221,,,,,,,1,NO INDICATION OF INJURY,0,0,0,0,0,1,0,10,4,5,41.89512748,-87.67554243,POINT (-87.675542434362 41.89512748024)
8df8f72aa496b8c5d165dc8d359771961582f81e13fe920b32d793a322f2d0e108597c32274af6a4d2ab2eb3b6c4080b4d9f7e5022e8011115392c7a9332ecfa,JC367375,,7/27/2019 20:18,30,TRAFFIC SIGNAL,FUNCTIONING PROPERLY,CLEAR,DARKNESS,TURNING,NOT DIVIDED,,STRAIGHT AND LEVEL,DRY,NO DEFECTS,ON SCENE,NO INJURY / DRIVE AWAY,,,,"$501 - $1,500",7/27/2019 20:21,NOT APPLICABLE,NOT APPLICABLE,3958,W,JACKSON BLVD,1122,,,,,,,2,NO INDICATION OF INJURY,0,0,0,0,0,2,0,20,7,7,41.87719879,-87.72542669,POINT (-87.725426687532 41.877198791436)
8dc53677ccde4b07ef89eb39146cea1370dc1b18e4444694aa246edb8d21c107432962e48580a4725ffe36c8df73d4620fabc2c822953cd8351115d7ab573d2d,JC560112,,12/25/2019 19:43,15,NO CONTROLS,NO CONTROLS,CLEAR,"DARKNESS, LIGHTED ROAD",PARKED MOTOR VEHICLE,OTHER,,STRAIGHT AND LEVEL,DRY,NO DEFECTS,ON SCENE,NO INJURY / DRIVE AWAY,,,,$500 OR LESS,12/25/2019 19:51,UNABLE TO DETERMINE,NOT APPLICABLE,2,W,HOTEL DR,1654,,,,,,,2,NO INDICATION OF INJURY,0,0,0,0,0,2,0,19,4,12,,,
8e4396c36e91c593bcef22cf4879d1cebe9d2f0b3cad0f37d230d88babe8e80040947ec8e6774118ad8fc6d7d8849016418360bb7acb681dd4aff8720ad2dd8a,JE210772,,4/26/2021 15:45,30,NO CONTROLS,NO CONTROLS,CLEAR,DAYLIGHT,REAR END,NOT DIVIDED,,STRAIGHT AND LEVEL,DRY,UNKNOWN,ON SCENE,NO INJURY / DRIVE AWAY,,,Y,"$501 - $1,500",4/26/2021 15:46,UNABLE TO DETERMINE,UNABLE TO DETERMINE,4240,W,GRAND AVE,2534,,,,,,,2,NO INDICATION OF INJURY,0,0,0,0,0,2,0,15,2,4,41.90877538,-87.73268524,POINT (-87.732685235743 41.908775381409)
907435326ee0fa23a75c948e70ef77313c705d5978ca5feb0a2e596be1d58d2e39aabe4ca6d4eb6be9ad03ff88a0d729851c031a5ccfab96f219f2af677ebb04,JB226740,,4/17/2018 0:28,30,NO CONTROLS,FUNCTIONING PROPERLY,CLEAR,"DARKNESS, LIGHTED ROAD",OTHER OBJECT,NOT DIVIDED,2,STRAIGHT AND LEVEL,DRY,NO DEFECTS,ON SCENE,NO INJURY / DRIVE AWAY,,,,$500 OR LESS,4/17/2018 0:28,UNABLE TO DETERMINE,UNABLE TO DETERMINE,5606,S,EMERALD AVE,711,,,,,,,1,,,,,,,,,0,3,4,41.79218869,-87.64403565,POINT (-87.644035653051 41.792188690264)
8e1202df3f22d5e344246de9f2bb7627d57dfb11fd10ab32127bed88d27b84a70f9a0fa4d963e0ba01e26f09c599e998d8c741ded7d83d44d36eee2cabfd95fb,JC149764,,2/12/2019 14:40,15,NO CONTROLS,NO CONTROLS,SNOW,DAYLIGHT,ANGLE,PARKING LOT,,STRAIGHT AND LEVEL,UNKNOWN,UNKNOWN,ON SCENE,NO INJURY / DRIVE AWAY,,,,"$501 - $1,500",2/12/2019 15:05,UNABLE TO DETERMINE,NOT APPLICABLE,5715,W,BELMONT AVE,2514,,,,,,,2,NO INDICATION OF INJURY,0,0,0,0,0,2,0,14,3,2,41.93842523,-87.76953344,POINT (-87.769533441565 41.9384252294)
8e4f0c780ff5f8710a7492c5cdb8a8650f73548c3cd09546cac08a81e10255a59aee8603da8b63a6f2b3a676a105be26df3203db199aa154ff2dd4a3d679ed85,JD240284,,5/23/2020 11:45,15,NO CONTROLS,NO CONTROLS,CLEAR,DAYLIGHT,FIXED OBJECT,ALLEY,,STRAIGHT AND LEVEL,DRY,NO DEFECTS,ON SCENE,NO INJURY / DRIVE AWAY,,,Y,$500 OR LESS,5/23/2020 11:45,UNABLE TO DETERMINE,UNABLE TO DETERMINE,6805,S,WOLCOTT AVE,726,,,,,,,1,NO INDICATION OF INJURY,0,0,0,0,0,1,0,11,7,5,41.77008587,-87.67109353,POINT (-87.671093527536 41.770085869738)
8e40dc7fb417a1fe66fa867087e7931970e53d2a5b9a54a364cd26b79abadeebdc9f5e99cf3489367336af89d4a621d3942fb3eeeb0eb5313ef3b59390dc83fe,JE307683,,7/20/2021 10:35,15,NO CONTROLS,NO CONTROLS,CLEAR,DAYLIGHT,REAR END,NOT DIVIDED,,STRAIGHT AND LEVEL,DRY,NO DEFECTS,ON SCENE,NO INJURY / DRIVE AWAY,,,,"OVER $1,500",7/20/2021 10:45,FOLLOWING TOO CLOSELY,FOLLOWING TOO CLOSELY,3555,W,83RD ST,834,,,,,,,2,NO INDICATION OF INJURY,0,0,0,0,0,2,0,10,3,7,41.74224185,-87.71121517,POINT (-87.711215171723 41.742241850246)
8d6e7e33eccdb41c0f324831a576a7f25c9bf4f3f7b3d59cc8cb882a8fde9add574c5e08e68435b068e730d187c6aa242f8d9ff73d5bcd0d0d6b926e797f98d2,JD441077,,11/24/2020 20:40,30,UNKNOWN,UNKNOWN,UNKNOWN,"DARKNESS, LIGHTED ROAD",FIXED OBJECT,NOT DIVIDED,,STRAIGHT AND LEVEL,WET,UNKNOWN,ON SCENE,INJURY AND / OR TOW DUE TO CRASH,,,,"$501 - $1,500",11/24/2020 20:44,NOT APPLICABLE,NOT APPLICABLE,2615,S,CALIFORNIA AVE,1034,,,,,,,1,"REPORTED, NOT EVIDENT",1,0,0,0,1,0,0,20,3,11,,,
909b78c4fba9b44ef50e801541741bf1593cd000ca12397198953aa5c3e861806516cc12b04f008f4d5462e0d265d59a5c3ac638dfc05f52135997f418d024a5,JE263159,,6/12/2021 10:30,30,NO CONTROLS,NO CONTROLS,CLEAR,DAYLIGHT,FIXED OBJECT,DRIVEWAY,,STRAIGHT AND LEVEL,DRY,NO DEFECTS,ON SCENE,NO INJURY / DRIVE AWAY,,Y,,$500 OR LESS,6/12/2021 10:41,UNABLE TO DETERMINE,UNABLE TO DETERMINE,5906,N,SHERIDAN RD,2022,,,,,,,1,NO INDICATION OF INJURY,0,0,0,0,0,1,0,10,7,6,41.98942352,-87.65551184,POINT (-87.655511843113 41.989423523926)
8d7af03d33e8a2d6792249cb137a2186a6b06942a438077d97115293584bb5c7d552b28a18bf5884fa50c888cf3c353ed15ed9de36ea0223ca99b7ab3816f004,JC264102,,5/15/2019 13:30,20,NO CONTROLS,NO CONTROLS,CLEAR,DAYLIGHT,FIXED OBJECT,DRIVEWAY,,STRAIGHT AND LEVEL,DRY,NO DEFECTS,ON SCENE,NO INJURY / DRIVE AWAY,,Y,,"OVER $1,500",5/15/2019 13:40,UNABLE TO DETERMINE,UNABLE TO DETERMINE,2556,N,OAK PARK AVE,2512,,,,,,,1,NO INDICATION OF INJURY,0,0,0,0,0,1,0,13,4,5,41.92708896,-87.79549729,POINT (-87.795497291718 41.92708895891)
8e018184e612deb872ac335909978cdbebbe8a7e1de25431ac0312a8e796d4a5c122c0bb57361228e0af8bd9ab1665b60f5eadfd8f245620cd4ecc002cac9db4,JC475839,,10/17/2019 8:25,30,NO CONTROLS,NO CONTROLS,CLEAR,DAYLIGHT,ANGLE,ONE-WAY,,STRAIGHT AND LEVEL,DRY,NO DEFECTS,NOT ON SCENE (DESK REPORT),NO INJURY / DRIVE AWAY,,,,"OVER $1,500",10/17/2019 9:00,UNABLE TO DETERMINE,NOT APPLICABLE,5550,W,HIRSCH ST,2532,,,,,,,2,NO INDICATION OF INJURY,0,0,0,0,0,2,0,8,5,10,41.90586938,-87.76572503,POINT (-87.765725029901 41.905869377509)
90690c990d6e45d437ed45923a7d4c4f4a453212bc8521b1998f1351395d3d0db0bb8eeac2b3c878491e0ada9c5ed6f50d706150543ffecc8e7e37ef8353af27,JE117492,,1/19/2021 20:05,30,NO CONTROLS,NO CONTROLS,SNOW,DARKNESS,TURNING,NOT DIVIDED,,STRAIGHT AND LEVEL,WET,UNKNOWN,,INJURY AND / OR TOW DUE TO CRASH,,,,"OVER $1,500",1/19/2021 20:07,UNABLE TO DETERMINE,NOT APPLICABLE,5920,W,NORTH AVE,2531,,,,,,,2,NO INDICATION OF INJURY,0,0,0,0,0,3,0,20,3,1,41.90938751,-87.77361418,POINT (-87.773614180946 41.909387510575)
8d8e0b26598e1dbaddb5d1d0e5342f2de2134ebeb083892528fff3f281d06220babe97597991e08f653d90c05449f2f798f30b6e4ec0a4c6d2cf834277889205,JC347117,,7/10/2019 15:00,10,NO CONTROLS,NO CONTROLS,CLEAR,DAYLIGHT,ANGLE,ALLEY,,STRAIGHT AND LEVEL,UNKNOWN,UNKNOWN,NOT ON SCENE (DESK REPORT),NO INJURY / DRIVE AWAY,,,,"OVER $1,500",7/13/2019 14:07,IMPROPER BACKING,IMPROPER BACKING,1880,N,DAMEN AVE,1434,,,,,,,2,NO INDICATION OF INJURY,0,0,0,0,0,3,0,15,4,7,41.91613261,-87.67773172,POINT (-87.677731718367 41.916132612136)
8de980f27d0ab1be948f71dfebfb9ba004fc033f9b6effb058147c0fb4ecf95776a64a0283866efc9c2b9dc304941fec9db8f5602f8883121858e88177575ab6,JC267240,,5/25/2019 16:00,30,NO CONTROLS,NO CONTROLS,CLEAR,DAYLIGHT,REAR END,NOT DIVIDED,,STRAIGHT AND LEVEL,DRY,NO DEFECTS,ON SCENE,NO INJURY / DRIVE AWAY,,,,$500 OR LESS,5/25/2019 16:11,FOLLOWING TOO CLOSELY,NOT APPLICABLE,8245,S,HALSTED ST,622,,,,,,,2,NO INDICATION OF INJURY,0,0,0,0,0,3,0,16,7,5,41.74384993,-87.64369968,POINT (-87.643699682363 41.743849930637)
8efa2790778ebc96712b98d504c1227a99f0f7a8bffa8332b62fb417441b7d2266767b930d53fe76db24925cc97097c0aa13a5762b93b0d82b6b984429ea649c,JC437632,,9/17/2019 18:50,30,NO CONTROLS,NO CONTROLS,CLEAR,DAYLIGHT,ANGLE,OTHER,,STRAIGHT AND LEVEL,DRY,UNKNOWN,NOT ON SCENE (DESK REPORT),NO INJURY / DRIVE AWAY,,,Y,"$501 - $1,500",9/17/2019 19:16,UNABLE TO DETERMINE,UNABLE TO DETERMINE,9860,S,BEVERLY AVE,2213,,,,,,,2,NO INDICATION OF INJURY,0,0,0,0,0,2,0,18,3,9,41.71416141,-87.65987917,POINT (-87.659879169758 41.714161406987)
8e25605b9a10ee49645ae56e33c1454874efe41c8f66b04c2cf9ee42310baeb5d96150c634f502333d8da1aa3c6d6b47aab171da8f823d0b075efce98ca96451,JD444729,,11/29/2020 9:36,25,NO CONTROLS,NO CONTROLS,CLEAR,DAYLIGHT,PARKED MOTOR VEHICLE,ONE-WAY,,STRAIGHT AND LEVEL,DRY,NO DEFECTS,ON SCENE,NO INJURY / DRIVE AWAY,,,Y,$500 OR LESS,11/29/2020 9:36,UNABLE TO DETERMINE,UNABLE TO DETERMINE,6902,S,PEORIA ST,733,,,,,,,2,NO INDICATION OF INJURY,0,0,0,0,0,1,0,9,1,11,41.76865453,-87.6470806,POINT (-87.647080599775 41.768654526466)
8df00d4bbd7a53e9e6d0b25ee3fa675942e76793a3fdd6dea3aacd8591682d026b435f6bd1bdfe509089ef8a9f723f667c6f2aab0f3c0dd76a2ef6c73b3bc41e,JB224560,,4/15/2018 6:00,25,NO CONTROLS,NO CONTROLS,RAIN,DAYLIGHT,FIXED OBJECT,OTHER,,STRAIGHT AND LEVEL,WET,NO DEFECTS,ON SCENE,NO INJURY / DRIVE AWAY,,,,"OVER $1,500",4/15/2018 8:03,UNABLE TO DETERMINE,UNABLE TO DETERMINE,5300,N,VIRGINIA AVE,2011,,,,,,,1,NO INDICATION OF INJURY,0,0,0,0,0,1,0,6,1,4,41.97763486,-87.70355363,POINT (-87.703553629964 41.977634859917)
8fe1ba752ef5fe814ce11e0b1963cc6c70fc8889696477649278638cb07894d9f2a0c34d7dfa1aee45fff2a1a285e3d052f0ce469d4da4cdc0c8feaf2e61e699,JE365707,,9/8/2021 9:30,30,NO CONTROLS,NO CONTROLS,CLEAR,DAYLIGHT,PARKED MOTOR VEHICLE,ONE-WAY,,STRAIGHT AND LEVEL,DRY,NO DEFECTS,ON SCENE,NO INJURY / DRIVE AWAY,,,Y,$500 OR LESS,9/8/2021 9:30,IMPROPER LANE USAGE,UNABLE TO DETERMINE,6549,S,ELLIS AVE,321,,,,,,,2,NO INDICATION OF INJURY,0,0,0,0,0,1,0,9,4,9,41.77538688,-87.60080196,POINT (-87.600801961246 41.775386876433)
0cbd678ed046dd1d0055b6be6b88e06873977fa81dc35125eded8b609416f09afd9dc75dac320eb825387f2749008067ea236451904f6849d717a00d1ac398fc,JF375770,,8/30/2022 7:28,25,NO CONTROLS,NO CONTROLS,CLEAR,DAYLIGHT,PARKED MOTOR VEHICLE,ONE-WAY,,STRAIGHT AND LEVEL,DRY,NO DEFECTS,ON SCENE,NO INJURY / DRIVE AWAY,,,,"OVER $1,500",8/30/2022 7:29,IMPROPER BACKING,UNABLE TO DETERMINE,2322,S,DRAKE AVE,1024,,,,,,,3,NO INDICATION OF INJURY,0,0,0,0,0,1,0,7,3,8,41.84914884,-87.71385281,POINT (-87.713852814185 41.849148838896)
9392d0feab7e388f3e2fd1cc7c0a04182f6745e7282cd33507501f173fe38c1e3d233967f3b664aedef1a5cad6156a09bdba49b92eac7aff92b8b68f37cf6c26,JF266221,,6/3/2022 12:30,25,NO CONTROLS,NO CONTROLS,CLEAR,DAYLIGHT,REAR TO SIDE,T-INTERSECTION,,STRAIGHT AND LEVEL,UNKNOWN,UNKNOWN,,NO INJURY / DRIVE AWAY,,,,"OVER $1,500",6/3/2022 13:00,IMPROPER BACKING,NOT APPLICABLE,2555,N,CLARK ST,1935,,,,,,,2,NO INDICATION OF INJURY,0,0,0,0,0,2,0,12,6,6,41.92927235,-87.64250188,POINT (-87.642501877752 41.929272353149)
9122aea2c58827d156dce5e5c1bd68963d66545a0fa582b110555fa15ab9218cf67266d92ac8321b99edaf292c88407c35f5878e0cf78d901dfca9dc72997614,JA536256,,12/4/2017 13:45,35,NO CONTROLS,NO CONTROLS,CLEAR,DAYLIGHT,TURNING,NOT DIVIDED,4,STRAIGHT AND LEVEL,DRY,UNKNOWN,NOT ON SCENE (DESK REPORT),NO INJURY / DRIVE AWAY,,,Y,"OVER $1,500",12/4/2017 14:25,NOT APPLICABLE,NOT APPLICABLE,3501,W,CHICAGO AVE,1121,,,,,,,2,NO INDICATION OF INJURY,0,0,0,0,0,2,0,13,2,12,41.89537295,-87.71393192,POINT (-87.713931914572 41.895372948482)
93475c9fd71efddfa8dd1e151562cc9a2cdc649958628300e4f7827619bbfb310a17a15cfb76b8cf9db1fd8cd73f112230a329061c6b36bde417e8a856777a6a,JC530002,,11/30/2019 20:51,30,NO CONTROLS,NO CONTROLS,RAIN,DARKNESS,PARKED MOTOR VEHICLE,ONE-WAY,,STRAIGHT AND LEVEL,WET,NO DEFECTS,ON SCENE,NO INJURY / DRIVE AWAY,,,Y,"OVER $1,500",11/30/2019 21:08,UNABLE TO DETERMINE,NOT APPLICABLE,8432,S,BENNETT AVE,412,,,,,,,2,NO INDICATION OF INJURY,0,0,0,0,0,1,0,20,7,11,41.74148558,-87.57837227,POINT (-87.578372273934 41.741485581893)
934794df4aea2c7c6867c7de141dfeb3f2ff8465222aa7877a559ba7b739997e00edc5917c74936f5012090ee0ee69c75e8a9e30e9d4d1c7cb921e2ae4c7c609,JC238774,,4/26/2019 7:30,10,NO CONTROLS,NO CONTROLS,CLEAR,DAYLIGHT,FIXED OBJECT,DRIVEWAY,,STRAIGHT AND LEVEL,DRY,NO DEFECTS,ON SCENE,INJURY AND / OR TOW DUE TO CRASH,,Y,,"OVER $1,500",4/26/2019 7:35,NOT APPLICABLE,NOT APPLICABLE,6530,W,BRYN MAWR AVE,1612,,,,,,,1,NO INDICATION OF INJURY,0,0,0,0,0,1,0,7,6,4,41.98298852,-87.7915383,POINT (-87.791538303513 41.98298851837)
93433426e043332ee0de161f545f55d8c5af230326ffdbcd486e5ed41f2f9c83f72cc4729d147b34339b0c54244012e1cdd7bc9806952a2a970ce57bb0e01678,JC458200,,10/3/2019 8:55,25,NO CONTROLS,NO CONTROLS,CLEAR,DAYLIGHT,FIXED OBJECT,PARKING LOT,,STRAIGHT AND LEVEL,DRY,NO DEFECTS,ON SCENE,NO INJURY / DRIVE AWAY,,Y,,"OVER $1,500",10/3/2019 9:28,UNABLE TO DETERMINE,NOT APPLICABLE,204,S,ASHLAND AVE,1231,,,,,,,1,NO INDICATION OF INJURY,0,0,0,0,0,1,0,8,5,10,41.87870717,-87.66688983,POINT (-87.666889832597 41.878707166344)
aaa3c55bcb187a3dc01749c7073692ec3478a6bc0bc0bb4f4abffca31ad0b05f55d5da1b63436355bc0d75b8ba8bec24237b1b9ebfb436f20ec5b80b20c186e9,JA497577,,11/2/2017 18:45,30,NO CONTROLS,NO CONTROLS,RAIN,DUSK,TURNING,NOT DIVIDED,,STRAIGHT AND LEVEL,WET,NO DEFECTS,NOT ON SCENE (DESK REPORT),NO INJURY / DRIVE AWAY,,,,"OVER $1,500",11/2/2017 21:00,NOT APPLICABLE,NOT APPLICABLE,4454,N,WESTERN AVE,1911,,,,,,,2,NO INDICATION OF INJURY,0,0,0,0,0,2,0,18,5,11,41.96293179,-87.68887584,POINT (-87.688875836878 41.962931789839)
93b9bf55a2caa618c4723d4c2f3280a80186b3775b2d8916309e47f467d256d800b6839e4a77d6623dbcc19fd6f057ba4c9f3182f843b6eec738fd0c93831e83,JD235242,,5/17/2020 19:35,30,NO CONTROLS,UNKNOWN,RAIN,DARKNESS,REAR END,NOT DIVIDED,,STRAIGHT AND LEVEL,WET,UNKNOWN,ON SCENE,INJURY AND / OR TOW DUE TO CRASH,,,,"OVER $1,500",5/17/2020 19:36,UNABLE TO DETERMINE,NOT APPLICABLE,7234,S,JEFFERY BLVD,333,,,,,,,2,NO INDICATION OF INJURY,0,0,0,0,0,2,0,19,1,5,41.76332209,-87.57638576,POINT (-87.576385761401 41.76332208674)
92c950c4d4069045c33d7e6b3e14bed82864e3917545ac569727ba70d5edae65d0b0a2df532ea7ffc1a97a98e42b90899609e0c702de481794553faa9296c906,JB570092,,12/28/2018 12:30,35,TRAFFIC SIGNAL,FUNCTIONING PROPERLY,CLOUDY/OVERCAST,DAYLIGHT,REAR END,NOT DIVIDED,,STRAIGHT AND LEVEL,WET,UNKNOWN,ON SCENE,NO INJURY / DRIVE AWAY,,,,"OVER $1,500",12/28/2018 12:50,NOT APPLICABLE,NOT APPLICABLE,1200,W,HOLLYWOOD AVE,2013,,,,,,,2,NO INDICATION OF INJURY,0,0,0,0,0,2,0,12,6,12,41.98557605,-87.66017649,POINT (-87.660176491432 41.985576045424)
9270be1029f5b70fe7c1a0477a6708a56a8e8282fcca30a146633ff015880862417307d3aaec6a7ab9e4f95e50e89f487916b161e1ad616f4a7ffd3c79ec7ba6,JE166778,,3/12/2021 10:00,20,NO CONTROLS,NO CONTROLS,CLEAR,DAYLIGHT,ANGLE,NOT DIVIDED,,STRAIGHT AND LEVEL,DRY,UNKNOWN,ON SCENE,NO INJURY / DRIVE AWAY,,,Y,"OVER $1,500",3/12/2021 11:25,UNABLE TO DETERMINE,UNABLE TO DETERMINE,1685,W,LAKE ST,1224,,,,,,,2,NO INDICATION OF INJURY,0,0,0,0,0,3,0,10,6,3,41.88514032,-87.6692353,POINT (-87.66923529847 41.885140317777)
93d263e1004ba8c84198d96ada25af10caf5c270d4da048341bd67b8c2e14220a3c6a122446ef51d70f9ad58dd26ca3051dbb4aad0e81f28d4c1b4235506c488,JB326310,,6/28/2018 12:30,20,NO CONTROLS,OTHER,CLEAR,DAYLIGHT,PARKED MOTOR VEHICLE,OTHER,,STRAIGHT AND LEVEL,DRY,NO DEFECTS,ON SCENE,NO INJURY / DRIVE AWAY,,,Y,"OVER $1,500",6/28/2018 13:09,UNABLE TO DETERMINE,NOT APPLICABLE,5120,N,WINTHROP AVE,2033,,,,,,,2,NO INDICATION OF INJURY,0,0,0,0,0,1,0,12,5,6,41.97581137,-87.65794915,POINT (-87.657949152445 41.975811368663)
c0f49abb7fdd660119959608a8ace26a495faee6709b1878824ad206820fade873f6cc3e4f0f1b217e7ff85aaef2fc40cc264b25d3c1b76d219163d77d3bbea0,JD114705,,1/12/2020 20:00,25,NO CONTROLS,UNKNOWN,OTHER,"DARKNESS, LIGHTED ROAD",OTHER NONCOLLISION,PARKING LOT,,STRAIGHT AND LEVEL,ICE,NO DEFECTS,NOT ON SCENE (DESK REPORT),NO INJURY / DRIVE AWAY,,,,"$501 - $1,500",1/13/2020 20:30,UNABLE TO DETERMINE,UNABLE TO DETERMINE,524,W,OHARE ST,1654,,,,,,,1,NO INDICATION OF INJURY,0,0,0,0,0,1,0,20,1,1,,,
02acc2fafb1738d784738af18db74af7a087b07a6b1ab1b88a9a48735db7aa34761dd16a8487a188f51906f5659dce9b7c68a35a06d8f927250efa319a5845a1,JC131163,,1/26/2019 21:55,20,NO CONTROLS,NO CONTROLS,SNOW,DARKNESS,PARKED MOTOR VEHICLE,PARKING LOT,,STRAIGHT AND LEVEL,SNOW OR SLUSH,NO DEFECTS,NOT ON SCENE (DESK REPORT),NO INJURY / DRIVE AWAY,,,,"$501 - $1,500",1/27/2019 6:00,UNABLE TO DETERMINE,UNABLE TO DETERMINE,502,W,OHARE ST,1653,,,,,,,2,NO INDICATION OF INJURY,0,0,0,0,0,1,0,21,7,1,,,
01497e357e28fe7ea8d354314a675065dfc1d2019785cfb25d87e6442035507a1827bb7a06f75a9df8fa947340502201a26762ac8e2ef74401f12ef78ceb683e,JD123536,,1/21/2020 15:45,30,UNKNOWN,UNKNOWN,CLEAR,DAWN,ANGLE,FOUR WAY,,STRAIGHT AND LEVEL,DRY,NO DEFECTS,ON SCENE,NO INJURY / DRIVE AWAY,Y,,Y,"$501 - $1,500",1/21/2020 15:55,FAILING TO YIELD RIGHT-OF-WAY,UNABLE TO DETERMINE,1957,W,POLK ST,1231,,,,,,,2,NO INDICATION OF INJURY,0,0,0,0,0,2,0,15,3,1,41.87137433,-87.67597284,POINT (-87.675972837973 41.871374327018)