CRASH_RECORD_ID,RD_NO,CRASH_DATE_EST_I,CRASH_DATE,POSTED_SPEED_LIMIT,TRAFFIC_CONTROL_DEVICE,DEVICE_CONDITION,WEATHER_CONDITION,LIGHTING_CONDITION,FIRST_CRASH_TYPE,TRAFFICWAY_TYPE,LANE_CNT,ALIGNMENT,ROADWAY_SURFACE_COND,ROAD_DEFECT,REPORT_TYPE,CRASH_TYPE,INTERSECTION_RELATED_I,NOT_RIGHT_OF_WAY_I,HIT_AND_RUN_I,DAMAGE,DATE_POLICE_NOTIFIED,PRIM_CONTRIBUTORY_CAUSE,SEC_CONTRIBUTORY_CAUSE,STREET_NO,STREET_DIRECTION,STREET_NAME,BEAT_OF_OCCURRENCE,PHOTOS_TAKEN_I,STATEMENTS_TAKEN_I,DOORING_I,WORK_ZONE_I,WORK_ZONE_TYPE,WORKERS_PRESENT_I,NUM_UNITS,MOST_SEVERE_INJURY,INJURIES_TOTAL,INJURIES_FATAL,INJURIES_INCAPACITATING,INJURIES_NON_INCAPACITATING,INJURIES_REPORTED_NOT_EVIDENT,INJURIES_NO_INDICATION,INJURIES_UNKNOWN,CRASH_HOUR,CRASH_DAY_OF_WEEK,CRASH_MONTH,LATITUDE,LONGITUDE,LOCATION
00cfbf3d38132e7bdadd512a081d5358828e46f436b776141b87c4fc6f379d4dac597abe06e063984149fb7a0318e7ad597493781b9b079d3f8faf266a1b649b,JC103116,,1/2/2019 12:50,0,NO CONTROLS,NO CONTROLS,CLEAR,DAYLIGHT,ANGLE,PARKING LOT,,STRAIGHT AND LEVEL,DRY,NO DEFECTS,NOT ON SCENE (DESK REPORT),NO INJURY / DRIVE AWAY,,,,$500 OR LESS,1/3/2019 13:40,UNABLE TO DETERMINE,NOT APPLICABLE,4650,W,NORTH AVE,2533,,,,,,,2,NO INDICATION OF INJURY,0,0,0,0,0,2,0,12,4,1,41.90976453,-87.7433763,POINT (-87.743376295706 41.909764527033)
00cc77d36e8d1b1a1b06063d1111cda5d327610d0ab1d7586b8ed83665c7cd9a3867bb5138bf334d61f373ef208393cd24782f9b3db0dab4c60619dacf777972,JA389810,,8/13/2017 18:00,30,NO CONTROLS,NO CONTROLS,CLEAR,DAYLIGHT,ANGLE,NOT DIVIDED,,STRAIGHT AND LEVEL,DRY,NO DEFECTS,NOT ON SCENE (DESK REPORT),NO INJURY / DRIVE AWAY,,,,"OVER $1,500",8/13/2017 18:47,NOT APPLICABLE,NOT APPLICABLE,6501,S,CICERO AVE,833,,,,,,,2,NO INDICATION OF INJURY,0,0,0,0,0,5,0,18,1,8,41.77469454,-87.7420133,POINT (-87.742013300808 41.774694541589)
0292c6e3d45dbeae0547e729d8f66c4260586ea990c7e75afce268f087a0cb08e308b66cf4a1ae14027bd132097022367c0d23684298d267a2979c8edc7451b6,JC324854,,6/25/2019 22:30,30,UNKNOWN,UNKNOWN,CLEAR,UNKNOWN,TURNING,ONE-WAY,,STRAIGHT AND LEVEL,DRY,UNKNOWN,NOT ON SCENE (DESK REPORT),NO INJURY / DRIVE AWAY,,,,"OVER $1,500",6/27/2019 20:00,UNABLE TO DETERMINE,UNABLE TO DETERMINE,242,W,GARFIELD BLVD,935,,,,,,,2,NO INDICATION OF INJURY,0,0,0,0,0,2,0,22,3,6,41.79463883,-87.63226705,POINT (-87.632267045463 41.794638826304)
030f51ced858d85f09a69770f563cc74f8d3469eb3164bcb270e7dc96bfb3cec56d7bf0af9eed958a5fe0405c506c985bf4ecd445b010693f3507d12150bbb2b,JC107159,,1/6/2019 13:28,30,TRAFFIC SIGNAL,FUNCTIONING PROPERLY,CLEAR,DAYLIGHT,TURNING,NOT DIVIDED,,STRAIGHT AND LEVEL,DRY,NO DEFECTS,NOT ON SCENE (DESK REPORT),NO INJURY / DRIVE AWAY,,,,"OVER $1,500",1/6/2019 18:20,IMPROPER LANE USAGE,UNABLE TO DETERMINE,705,S,DAMEN AVE,1225,,,,,,,2,NO INDICATION OF INJURY,0,0,0,0,0,2,0,13,1,1,0,0,POINT (0 0)
030d4a3d60e466f93e9eee2304bc952ddfc442d0139b8942663c62c8eeb92ccd2e981af8a29dd8a9a40cd28f3593bf819262c77bf06c817cf2fb657f9f0ccdca,JB475219,,10/14/2018 13:40,30,NO CONTROLS,NO CONTROLS,CLEAR,DAYLIGHT,PARKED MOTOR VEHICLE,ONE-WAY,,STRAIGHT AND LEVEL,DRY,NO DEFECTS,ON SCENE,NO INJURY / DRIVE AWAY,,,Y,"OVER $1,500",10/14/2018 13:45,UNABLE TO DETERMINE,NOT APPLICABLE,2743,W,61ST ST,825,,,,,,,2,NO INDICATION OF INJURY,0,0,0,0,0,1,0,13,1,10,41.78266053,-87.69275683,POINT (-87.692756829853 41.782660527603)
0330b461cd8e4b785d4ef294fa3551ada83f4831b61899acda781a776889aab6ee9387dc113c7aad6990491bbfebd0a46e24fb0c5ed4264bb65b01a2c9b78c7e,JD157115,,2/19/2020 7:57,30,TRAFFIC SIGNAL,FUNCTIONING PROPERLY,CLEAR,DAYLIGHT,TURNING,NOT DIVIDED,,STRAIGHT AND LEVEL,DRY,NO DEFECTS,ON SCENE,NO INJURY / DRIVE AWAY,Y,,,$500 OR LESS,2/19/2020 8:35,UNABLE TO DETERMINE,UNABLE TO DETERMINE,4001,W,CORTLAND ST,2534,,,,,,,2,NO INDICATION OF INJURY,0,0,0,0,0,3,0,7,4,2,41.91523297,-87.72656742,POINT (-87.726567420198 41.915232965815)
033c09a5f00ab12495963108866ecef9b53163d26447dbc29b1361109ae947b2ae04ddb35e1ec666101d77e59445340378d646640c0ac4d2ba3b28315b3c7c5e,JE474377,,12/11/2021 17:00,5,NO CONTROLS,NO CONTROLS,CLEAR,DAYLIGHT,FIXED OBJECT,PARKING LOT,,STRAIGHT AND LEVEL,DRY,NO DEFECTS,ON SCENE,NO INJURY / DRIVE AWAY,,Y,Y,"OVER $1,500",12/11/2021 22:00,NOT APPLICABLE,NOT APPLICABLE,1025,W,ADDISON ST,1924,Y,,,,,,1,NO INDICATION OF INJURY,0,0,0,0,0,1,0,17,7,12,41.94711775,-87.65538116,POINT (-87.655381162212 41.947117748352)
0285aa766abc3b4ded8712d786e68d9e339ced8b4bd26f52cc7d4c5d60e1ca79f2b2f0101c126ac966792e2637ae75d810bf6f9390c5f7077ced52fff775c02b,JD107438,,1/7/2020 14:40,35,NO CONTROLS,NO CONTROLS,CLEAR,DAYLIGHT,PEDESTRIAN,NOT DIVIDED,,STRAIGHT AND LEVEL,DRY,UNKNOWN,ON SCENE,NO INJURY / DRIVE AWAY,,,,$500 OR LESS,1/7/2020 14:40,NOT APPLICABLE,NOT APPLICABLE,728,S,CALIFORNIA AVE,1135,,,,,,,2,NO INDICATION OF INJURY,0,0,0,0,0,2,0,14,3,1,41.87201497,-87.69619765,POINT (-87.696197645294 41.872014973481)
03244997d76242558dc6f33bd539ef262d15df536a8a2304c3b088f7d27c6d04b7ec4fb5401fc8fba9c4d390bc13c472d1c6b614dd19d9cb3c3f3f99ea9feb30,JB113508,,1/12/2018 11:00,30,NO CONTROLS,NO CONTROLS,CLEAR,DAYLIGHT,FIXED OBJECT,ALLEY,,STRAIGHT AND LEVEL,DRY,NO DEFECTS,NOT ON SCENE (DESK REPORT),NO INJURY / DRIVE AWAY,,,,"OVER $1,500",1/12/2018 11:30,IMPROPER BACKING,NOT APPLICABLE,3950,S,HONORE ST,924,,,,,,,1,NO INDICATION OF INJURY,0,0,0,0,0,1,0,11,6,1,41.82219112,-87.6717294,POINT (-87.671729397927 41.822191115743)
00dd8a180454b9f3eaafec61efabf4dd7d8ec613bc95603c364d644cc6d6686cdf4125a5c8daff53acea00244a0bd44d52907b43991c0555b998858f6c914427,JE196930,,4/12/2021 9:00,15,NO CONTROLS,NO CONTROLS,CLEAR,DAYLIGHT,OTHER OBJECT,ALLEY,,STRAIGHT AND LEVEL,DRY,NO DEFECTS,ON SCENE,NO INJURY / DRIVE AWAY,,Y,,"OVER $1,500",4/12/2021 9:12,WEATHER,NOT APPLICABLE,3538,N,LAKEWOOD AVE,1924,,,,,,,1,NO INDICATION OF INJURY,0,0,0,0,0,1,0,9,2,4,41.9464209,-87.66172424,POINT (-87.66172423583 41.946420898973)
006bc88aa00209dba00e7f4e77939f4cac6d1918b26e0fdc14f9594dbde0aeb4c0de21e0b0ca0480bb36f68bee6ccc03f8e085d4502517eaf8dc89e832d2c6d0,JD313439,,7/28/2020 21:37,25,NO CONTROLS,NO CONTROLS,CLEAR,DARKNESS,FIXED OBJECT,NOT DIVIDED,,"CURVE, LEVEL",DRY,NO DEFECTS,ON SCENE,INJURY AND / OR TOW DUE TO CRASH,,,,"OVER $1,500",7/28/2020 22:38,PHYSICAL CONDITION OF DRIVER,UNABLE TO DETERMINE,8300,S,COMMERCIAL AVE,424,,,,,,,1,NONINCAPACITATING INJURY,1,0,0,1,0,3,0,21,3,7,,,
01dd44dfeb8e53baef25af6b78f089b4665a6f3053f5ad45c810b97090bd7b5d64440ddbf9f7b97c957e5cc784b208fd879a9a715d42d295400ed0ea0f99cc89,HZ487020,,10/24/2016 12:15,30,NO CONTROLS,NO CONTROLS,CLEAR,DAYLIGHT,PARKED MOTOR VEHICLE,NOT DIVIDED,2,STRAIGHT AND LEVEL,DRY,NO DEFECTS,NOT ON SCENE (DESK REPORT),NO INJURY / DRIVE AWAY,,,,"OVER $1,500",10/24/2016 12:45,UNABLE TO DETERMINE,NOT APPLICABLE,1200,W,79TH PL,612,,,,,,,2,NO INDICATION OF INJURY,0,0,0,0,0,1,0,12,2,10,,,
008fe8e7f64947e926653e1c3be759318f2d61bf290f0133894996e66248dc03108e67ca7656af9e91f7cc0c819153e3606f6cdc93a929fe5943645fbd6060d3,JB400149,,8/19/2018 13:20,30,NO CONTROLS,NO CONTROLS,CLEAR,DAYLIGHT,REAR END,PARKING LOT,,STRAIGHT AND LEVEL,DRY,NO DEFECTS,,NO INJURY / DRIVE AWAY,,,Y,"$501 - $1,500",8/19/2018 14:15,UNABLE TO DETERMINE,UNABLE TO DETERMINE,112,W,87TH ST,622,,,,,,,2,NO INDICATION OF INJURY,0,0,0,0,0,2,0,13,1,8,41.73638005,-87.62750922,POINT (-87.627509219026 41.736380045588)
01b810a296f892a04769e046e8c17c4185aec20c1ca66bd4a0970b4c5f908da9a83266c563938fdd95e523cd92333acb8ecbf583da5dcdc350da82ccdf693c19,JF310348,,7/8/2022 17:10,30,NO CONTROLS,NO CONTROLS,CLEAR,DAYLIGHT,REAR END,NOT DIVIDED,,STRAIGHT AND LEVEL,DRY,UNKNOWN,ON SCENE,NO INJURY / DRIVE AWAY,,,,"OVER $1,500",7/8/2022 18:05,UNABLE TO DETERMINE,UNABLE TO DETERMINE,1820,E,130TH ST,434,,,,,,,2,NO INDICATION OF INJURY,0,0,0,0,0,3,0,17,6,7,41.65939525,-87.58225805,POINT (-87.582258046455 41.659395246052)
00fb66a66bcc2f10b5c500b0e724adf4d83a154c057df0b2a3e6fb28bd2c536f253c26acaa2f701fa3674eb3e79dd723c10a979cbb73d73bdcdbdd3572316e0a,JD101101,,12/31/2020 13:30,15,NO CONTROLS,NO CONTROLS,UNKNOWN,DAYLIGHT,FIXED OBJECT,ALLEY,,STRAIGHT AND LEVEL,UNKNOWN,UNKNOWN,ON SCENE,NO INJURY / DRIVE AWAY,,,Y,"OVER $1,500",1/2/2021 10:01,UNABLE TO DETERMINE,NOT APPLICABLE,6824,S,DORCHESTER AVE,321,,,,,,,1,NO INDICATION OF INJURY,0,0,0,0,0,1,0,13,5,12,41.77073093,-87.59125795,POINT (-87.591257952398 41.77073093262)
01274ea5356643456555e89e1e4b40e4cf2874b79976eff56a7896783dfc1dfb1c316314ad635cee9b8f6bc9b005a4f406eda8701dbb0227988d25bbf3b1a4a8,JE145713,,2/19/2021 11:08,30,NO CONTROLS,NO CONTROLS,CLEAR,DAYLIGHT,FIXED OBJECT,OTHER,,STRAIGHT AND LEVEL,SNOW OR SLUSH,NO DEFECTS,ON SCENE,NO INJURY / DRIVE AWAY,,N,,"$501 - $1,500",2/19/2021 11:08,NOT APPLICABLE,NOT APPLICABLE,2214,W,BARRY AVE,1931,,,,,,,2,NO INDICATION OF INJURY,0,0,0,0,0,4,0,11,6,2,41.93779432,-87.68380722,POINT (-87.683807221239 41.937794322302)
01b8be3b6f55326f0d7a991d8de199c497c4eed15868fc0d639e7bf7ccd1fa0da9aadda55a004e27abe98fc431a235b54d64c33e66abbb7cad895d3b0206e970,JB476357,,10/15/2018 11:40,30,TRAFFIC SIGNAL,FUNCTIONING PROPERLY,CLEAR,DAYLIGHT,REAR END,ONE-WAY,,STRAIGHT AND LEVEL,DRY,NO DEFECTS,ON SCENE,NO INJURY / DRIVE AWAY,,,,"OVER $1,500",10/15/2018 11:46,FOLLOWING TOO CLOSELY,NOT APPLICABLE,151,N,CLARK ST,111,,,,,,,2,NO INDICATION OF INJURY,0,0,0,0,0,2,0,11,2,10,41.88454407,-87.63079139,POINT (-87.630791385565 41.884544067713)
014324cc477ff08d5fdbd5adf6ebf5794825735ae38dfd27936e5b234130cb695ea9826b51d3a61f95bff09facb8ea9b4c377c4f7484e5545a10f0e4a8958582,JC174107,,3/5/2019 9:32,15,NO CONTROLS,NO CONTROLS,CLEAR,DAYLIGHT,FIXED OBJECT,ALLEY,1,STRAIGHT AND LEVEL,ICE,NO DEFECTS,ON SCENE,INJURY AND / OR TOW DUE TO CRASH,,,,"OVER $1,500",3/5/2019 9:35,WEATHER,NOT APPLICABLE,7602,S,JEFFERY BLVD,414,,,,,,,2,NO INDICATION OF INJURY,0,0,0,0,0,1,0,9,3,3,41.75691049,-87.57624653,POINT (-87.576246527063 41.756910492282)
00c842395a35e7e44a725d243c41783c5044e3e4f772892220b55e1e427bc4e238c5cde9a4e926c942920f3d4eafa3d90e5ac5e5276e0231497a41eb9adf5526,JD256271,,6/7/2020 1:50,45,NO CONTROLS,NO CONTROLS,CLEAR,"DARKNESS, LIGHTED ROAD",OVERTURNED,UNKNOWN,,STRAIGHT AND LEVEL,DRY,NO DEFECTS,ON SCENE,INJURY AND / OR TOW DUE TO CRASH,,,Y,"OVER $1,500",6/7/2020 1:50,UNABLE TO DETERMINE,UNABLE TO DETERMINE,1465,E,130TH ST,434,,,,,,,1,,,,,,,,,1,1,6,41.66028389,-87.58866624,POINT (-87.58866623998 41.660283893596)
017c440853c18cb9d388fb6919faf8a732743c877bb96dcae1cb0e6ea7f3af035b19fa1b9bd50fb34aa394ef2c3c0255074a58e486c36ff282b3d3020f2e6851,JC375186,,8/2/2019 11:30,30,TRAFFIC SIGNAL,FUNCTIONING PROPERLY,CLEAR,DAYLIGHT,REAR END,NOT DIVIDED,,STRAIGHT AND LEVEL,DRY,DEBRIS ON ROADWAY,,NO INJURY / DRIVE AWAY,,,Y,$500 OR LESS,8/2/2019 12:05,NOT APPLICABLE,NOT APPLICABLE,1600,E,79TH ST,411,,,,,,,2,NO INDICATION OF INJURY,0,0,0,0,0,2,0,11,6,8,41.75161152,-87.58559228,POINT (-87.585592284288 41.751611523273)
043e5eaa6158ef4062f3461aaea115d47bfa94cdaa6c6762c9ab37813158574b47e13c9406a0c204f017e84f43758962486a563010422fae4fb0b6f91e0dd3ff,JC297475,,6/8/2019 11:40,35,NO CONTROLS,NO CONTROLS,CLEAR,DAYLIGHT,ANGLE,NOT DIVIDED,,STRAIGHT AND LEVEL,DRY,NO DEFECTS,ON SCENE,NO INJURY / DRIVE AWAY,,,,$500 OR LESS,6/8/2019 11:45,FAILING TO YIELD RIGHT-OF-WAY,NOT APPLICABLE,7821,S,CICERO AVE,834,,Y,,,,,2,NO INDICATION OF INJURY,0,0,0,0,0,4,0,11,7,6,41.75032509,-87.74126353,POINT (-87.741263525991 41.750325090082)
03a4db26a11bcbed5c9dbd0bb238d370a630794793112dfed414d754626b49c2fe5b59acb73515a0ee9de8484a5322dbf142b013fbdaf4cdab9b02e249dd9bf8,JC386907,N,8/10/2019 14:50,30,NO CONTROLS,NO CONTROLS,CLEAR,DAYLIGHT,ANGLE,ONE-WAY,,STRAIGHT AND LEVEL,DRY,NO DEFECTS,ON SCENE,INJURY AND / OR TOW DUE TO CRASH,,,Y,"OVER $1,500",8/10/2019 15:00,NOT APPLICABLE,NOT APPLICABLE,501,N,LEAVITT ST,1221,,,,,,,2,NO INDICATION OF INJURY,0,0,0,0,0,3,0,14,7,8,41.89078151,-87.6816579,POINT (-87.681657898153 41.890781514348)
04455ba4aa42f9d54f2425f8971afe208a57a531b648868af7a0ee52f36c86ed6eea958c287d304711eb4046dba368ec491ee0dee39e4fdb864bd26d04dab8be,JB558554,,12/18/2018 15:20,20,NO CONTROLS,NO CONTROLS,CLEAR,DAYLIGHT,SIDESWIPE SAME DIRECTION,ONE-WAY,,STRAIGHT AND LEVEL,DRY,NO DEFECTS,ON SCENE,NO INJURY / DRIVE AWAY,,,Y,"OVER $1,500",12/18/2018 15:20,UNABLE TO DETERMINE,NOT APPLICABLE,1905,N,TRIPP AVE,2534,,,,,,,3,NO INDICATION OF INJURY,0,0,0,0,0,2,0,15,3,12,41.91547261,-87.7324646,POINT (-87.73246459776 41.915472614208)
051574869aa4922fecf3fedb8e431b8c863d48e79f473b1dd58d35f4aa394b22f0f077607eb06ea6529f49cb47e5399ae0d7a74bde998d083bc55ded6dce3e50,HY480249,Y,10/28/2015 18:15,30,UNKNOWN,UNKNOWN,UNKNOWN,UNKNOWN,ANGLE,UNKNOWN,4,STRAIGHT AND LEVEL,UNKNOWN,UNKNOWN,NOT ON SCENE (DESK REPORT),NO INJURY / DRIVE AWAY,,,,"OVER $1,500",10/28/2015 19:10,UNABLE TO DETERMINE,NOT APPLICABLE,4722,N,AUSTIN AVE,1622,,,,,,,2,NO INDICATION OF INJURY,0,0,0,0,0,3,0,18,4,10,41.96662284,-87.77737584,POINT (-87.777375836492 41.966622838791)
067ee1eb74e3e7c828da27e188a7e0c320f8b8ccee1115fe017e1df373b253141a1638da0a36a8b77018d1956c80a0729942f00599ebcbc6965ac79b2462c0c0,JD348684,,8/28/2020 17:20,40,TRAFFIC SIGNAL,FUNCTIONING PROPERLY,CLEAR,DAYLIGHT,REAR END,DIVIDED - W/MEDIAN BARRIER,,STRAIGHT AND LEVEL,DRY,NO DEFECTS,NOT ON SCENE (DESK REPORT),INJURY AND / OR TOW DUE TO CRASH,Y,,,"$501 - $1,500",8/28/2020 20:35,UNABLE TO DETERMINE,UNABLE TO DETERMINE,12700,W,IRVING PARK RD,1654,,,,,,,2,"REPORTED, NOT EVIDENT",1,0,0,0,1,2,0,17,6,8,,,
047e8cd9a73c54ae48ec42c9ceeaa3cd0cace702716ce13b89cc841dfccef5452500a7577d8964030771c707f03e06a8e1688a5c3561b52e7a963454899988a4,JE201006,,4/16/2021 11:15,10,NO CONTROLS,NO CONTROLS,CLEAR,DAYLIGHT,REAR TO FRONT,PARKING LOT,,STRAIGHT ON GRADE,DRY,NO DEFECTS,ON SCENE,NO INJURY / DRIVE AWAY,,,,$500 OR LESS,4/16/2021 11:16,UNABLE TO DETERMINE,NOT APPLICABLE,6145,N,MILWAUKEE AVE,1611,,,,,,,2,NO INDICATION OF INJURY,0,0,0,0,0,2,0,11,6,4,41.99338924,-87.78393139,POINT (-87.7839313863 41.993389235096)
04af55303f186a40d18705567c3a8ed055a62325d173877fc85e054a3e2e1a28898c5ed556e7fdbf7f2a16ee987eaed66aff10ac605620290ef6a199a13e1df2,JE377506,,9/17/2021 17:45,25,NO CONTROLS,NO CONTROLS,CLEAR,DAYLIGHT,SIDESWIPE SAME DIRECTION,ONE-WAY,,STRAIGHT AND LEVEL,DRY,UNKNOWN,ON SCENE,NO INJURY / DRIVE AWAY,,,,"OVER $1,500",9/17/2021 17:50,UNABLE TO DETERMINE,UNABLE TO DETERMINE,2,W,TERMINAL ST,1652,,,,,,,2,NO INDICATION OF INJURY,0,0,0,0,0,2,0,17,6,9,,,
067f5d2120b07273ef21a7f8c9cb2b666869c8e8108b54a5836cc06278d12fb295956d0cfea4492b5f36487306ac1ae2a0f4024ed8aaea42d0405d45d4003332,JE338608,,8/15/2021 19:36,30,NO CONTROLS,NO CONTROLS,CLEAR,DAYLIGHT,REAR END,NOT DIVIDED,,STRAIGHT AND LEVEL,DRY,NO DEFECTS,ON SCENE,NO INJURY / DRIVE AWAY,,,,$500 OR LESS,8/15/2021 19:36,UNABLE TO DETERMINE,NOT APPLICABLE,1420,N,LUIS MUNOZ MARIN DR W,1423,,,,,,,2,NO INDICATION OF INJURY,0,0,0,0,0,3,0,19,1,8,41.90714043,-87.7063699,POINT (-87.706369903721 41.90714042816)
0683fe9a49c04c173e60af3da6989a5917ea125af86e82981615e2f9e96f1e6dc040f10d4de618d53da10812e82d2e36a515489ec17c54961b51c6abd2f047ca,JE488393,,12/25/2021 7:42,30,NO CONTROLS,NO CONTROLS,FREEZING RAIN/DRIZZLE,DAWN,FIXED OBJECT,OTHER,,"CURVE, LEVEL",ICE,NO DEFECTS,ON SCENE,INJURY AND / OR TOW DUE TO CRASH,,,,"OVER $1,500",12/25/2021 7:42,WEATHER,WEATHER,1000,N,LAKE SHORE DR,1824,,,,,,,1,NO INDICATION OF INJURY,0,0,0,0,0,1,0,7,7,12,41.90075297,-87.624235,POINT (-87.62423499978 41.900752974042)
036b0025b9fe603bc9f192b8e69a0885921cac1a906ce4a0058489bb23c5cc4b82665d3705b9c9baefff30b8e655b20854872f8c38bcb78eb210c06dc13a53cd,HZ347412,,7/13/2016 14:00,35,TRAFFIC SIGNAL,FUNCTIONING PROPERLY,CLEAR,DAYLIGHT,REAR END,NOT DIVIDED,2,STRAIGHT AND LEVEL,DRY,NO DEFECTS,NOT ON SCENE (DESK REPORT),NO INJURY / DRIVE AWAY,Y,,,"OVER $1,500",7/13/2016 14:00,FAILING TO REDUCE SPEED TO AVOID CRASH,FOLLOWING TOO CLOSELY,6258,S,LAKE SHORE DR,331,,,,,,,2,NO INDICATION OF INJURY,0,0,0,0,0,2,0,14,4,7,,,
04c1af7e8e0cea2f8688008823a1ab01a648d82af8d1923e86aeb2a30a2dca9dc59dd1cdbf2b6d06050f9168f490dd04168bf4b578cb1c9656d0bf0c72a5d748,HZ477905,,10/17/2016 10:15,35,TRAFFIC SIGNAL,FUNCTIONING PROPERLY,CLEAR,DAYLIGHT,REAR END,ONE-WAY,3,STRAIGHT AND LEVEL,DRY,NO DEFECTS,ON SCENE,NO INJURY / DRIVE AWAY,,,,"OVER $1,500",10/17/2016 15:09,NOT APPLICABLE,NOT APPLICABLE,215,W,OHIO ST,1831,,,,,,,2,NO INDICATION OF INJURY,0,0,0,0,0,2,0,10,2,10,41.89227073,-87.634755,POINT (-87.634755003073 41.892270732599)
03c3a1c547717a7cba2396c89885eefe117576c1e169cd07098c65b3cb91d16028243526af46bf89862cadad0cbdb925237add0f40372b93292ee9fc90016c95,JE473748,,12/11/2021 0:01,30,NO CONTROLS,NO CONTROLS,SEVERE CROSS WIND GATE,"DARKNESS, LIGHTED ROAD",OTHER NONCOLLISION,NOT DIVIDED,,STRAIGHT AND LEVEL,WET,NO DEFECTS,ON SCENE,NO INJURY / DRIVE AWAY,,,,"OVER $1,500",12/11/2021 6:46,UNABLE TO DETERMINE,UNABLE TO DETERMINE,3919,W,56TH PL,822,,,,,,,3,,,,,,,,,0,7,12,41.79040321,-87.72143704,POINT (-87.721437040665 41.790403212791)
041a65ba0a715b613a857924da6a56d4cb6cf05b34c04eb0741581f39af5bc712911f01a032e22ebf994055cb89d2d60a468c01a9beef4151be7f43536daf548,JF311611,,7/9/2022 21:25,30,STOP SIGN/FLASHER,UNKNOWN,CLEAR,UNKNOWN,ANGLE,FOUR WAY,,STRAIGHT AND LEVEL,DRY,UNKNOWN,,NO INJURY / DRIVE AWAY,Y,,,"OVER $1,500",7/9/2022 22:30,FAILING TO YIELD RIGHT-OF-WAY,NOT APPLICABLE,4300,S,WELLS ST,925,,,,,,,2,NO INDICATION OF INJURY,0,0,0,0,0,2,0,21,7,7,41.81636172,-87.63251266,POINT (-87.632512664234 41.816361720314)
03bfb11a94497ecdb4efe86e4cec0581b56fda3c9d0e77aa493660ed0d8851f1db121d3394fce520b88784348835cd1f90a9a8d01c025be8539b626b85e21f01,JC301789,,6/11/2019 13:26,30,NO CONTROLS,NO CONTROLS,CLEAR,DAYLIGHT,REAR END,NOT DIVIDED,,STRAIGHT AND LEVEL,DRY,NO DEFECTS,ON SCENE,NO INJURY / DRIVE AWAY,,,,$500 OR LESS,6/11/2019 13:26,FOLLOWING TOO CLOSELY,FAILING TO REDUCE SPEED TO AVOID CRASH,2631,S,CALIFORNIA AVE,1034,,,,,,,2,NO INDICATION OF INJURY,0,0,0,0,0,2,0,13,3,6,,,
0691cf35bbc571e20ea4bb78d580cc1cae36c5dd2e36de9dc86d7c34bf0788c613d966fa36175a5b35a75b30ba1fc55a62d582495d5d643f2dc2a7c963b6d0b3,JC195351,,3/22/2019 12:15,30,NO CONTROLS,NO CONTROLS,CLEAR,DAYLIGHT,OTHER OBJECT,NOT DIVIDED,,STRAIGHT AND LEVEL,DRY,NO DEFECTS,ON SCENE,NO INJURY / DRIVE AWAY,,,,"$501 - $1,500",3/22/2019 12:35,NOT APPLICABLE,NOT APPLICABLE,630,W,LAKE ST,1214,,,,,,,1,NO INDICATION OF INJURY,0,0,0,0,0,1,0,12,6,3,41.88580702,-87.6441719,POINT (-87.644171894657 41.885807019662)
04827053acc8934336cb519f1a610e2deb1884867a51077f764df7be59b3437f0860da9dcc5af2a9c35d135b3bedfd0902b09b2f8a03b49a2cb0e98debb69f68,JD368272,,9/15/2020 17:42,30,NO CONTROLS,NO CONTROLS,CLEAR,DAYLIGHT,REAR END,NOT DIVIDED,,STRAIGHT AND LEVEL,DRY,NO DEFECTS,ON SCENE,INJURY AND / OR TOW DUE TO CRASH,,,,"OVER $1,500",9/15/2020 17:44,UNABLE TO DETERMINE,UNABLE TO DETERMINE,900,E,55TH ST,233,,,,,,,2,NO INDICATION OF INJURY,0,0,0,0,0,3,0,17,3,9,41.79542052,-87.60362377,POINT (-87.60362377023 41.795420514733)
04cb89e6f461b28eb2f77c70a41b6f155631819432a33c776f4d490dd4d6fbac8fbcbbfe2bb00cca15a436f41ddcd57f7943fb36f00dfa41ce1b3eece4e66e8d,JE381799,,9/21/2021 9:09,20,NO CONTROLS,NO CONTROLS,RAIN,DAYLIGHT,PARKED MOTOR VEHICLE,NOT DIVIDED,,STRAIGHT AND LEVEL,WET,NO DEFECTS,ON SCENE,NO INJURY / DRIVE AWAY,,,,"OVER $1,500",9/21/2021 9:15,NOT APPLICABLE,NOT APPLICABLE,6940,S,PRINCETON AVE,731,,,,,,,2,NO INDICATION OF INJURY,0,0,0,0,0,1,0,9,3,9,41.7677719,-87.63242438,POINT (-87.632424377069 41.76777189492)
062aebdfcd3499abd2d86ef6cf78411d69523bc7b9936b694a97ba3a82ad7156b69e0631f68a8fe87b0d909edf4482cd4f4e0bc95e89566450bdd5ed327c4f15,JC203874,,3/29/2019 7:40,25,NO CONTROLS,NO CONTROLS,CLEAR,DAYLIGHT,ANGLE,ONE-WAY,,STRAIGHT AND LEVEL,DRY,NO DEFECTS,NOT ON SCENE (DESK REPORT),NO INJURY / DRIVE AWAY,,,,"$501 - $1,500",3/29/2019 10:00,UNABLE TO DETERMINE,UNABLE TO DETERMINE,5847,N,RICHMOND ST,2011,,,,,,,2,NO INDICATION OF INJURY,0,0,0,0,0,3,0,7,6,3,41.98744412,-87.70252227,POINT (-87.702522265992 41.987444122331)
05106e528d5a4a97329811a40405a3064d1f8f5a93285df8b286d7e50867e69efe56a724f79ecc050c04bf4e18cc2cad2fe6edc768a1ba3e6d1a46432374565b,JD211805,,4/18/2020 16:20,15,NO CONTROLS,NO CONTROLS,CLEAR,DAYLIGHT,REAR END,OTHER,,STRAIGHT AND LEVEL,DRY,NO DEFECTS,ON SCENE,NO INJURY / DRIVE AWAY,,,,"OVER $1,500",4/18/2020 16:21,DISTRACTION - FROM INSIDE VEHICLE,FOLLOWING TOO CLOSELY,3901,W,MADISON ST,1122,,,,,,,2,NO INDICATION OF INJURY,0,0,0,0,0,4,0,16,7,4,41.88064565,-87.72337094,POINT (-87.723370939879 41.880645653741)