CRASH_RECORD_ID,RD_NO,CRASH_DATE_EST_I,CRASH_DATE,POSTED_SPEED_LIMIT,TRAFFIC_CONTROL_DEVICE,DEVICE_CONDITION,WEATHER_CONDITION,LIGHTING_CONDITION,FIRST_CRASH_TYPE,TRAFFICWAY_TYPE,LANE_CNT,ALIGNMENT,ROADWAY_SURFACE_COND,ROAD_DEFECT,REPORT_TYPE,CRASH_TYPE,INTERSECTION_RELATED_I,NOT_RIGHT_OF_WAY_I,HIT_AND_RUN_I,DAMAGE,DATE_POLICE_NOTIFIED,PRIM_CONTRIBUTORY_CAUSE,SEC_CONTRIBUTORY_CAUSE,STREET_NO,STREET_DIRECTION,STREET_NAME,BEAT_OF_OCCURRENCE,PHOTOS_TAKEN_I,STATEMENTS_TAKEN_I,DOORING_I,WORK_ZONE_I,WORK_ZONE_TYPE,WORKERS_PRESENT_I,NUM_UNITS,MOST_SEVERE_INJURY,INJURIES_TOTAL,INJURIES_FATAL,INJURIES_INCAPACITATING,INJURIES_NON_INCAPACITATING,INJURIES_REPORTED_NOT_EVIDENT,INJURIES_NO_INDICATION,INJURIES_UNKNOWN,CRASH_HOUR,CRASH_DAY_OF_WEEK,CRASH_MONTH,LATITUDE,LONGITUDE,LOCATION
063b45511c3098fdc4094dbac265660582f439cdff96970d3c46114d75a65bd2e99dcd80b71e1a986365a45f9653fe933f561835c931ef4bc2fe1391248d6cf0,JE236571,,5/20/2021 15:30,20,NO CONTROLS,NO CONTROLS,CLEAR,DAYLIGHT,PARKED MOTOR VEHICLE,ONE-WAY,,STRAIGHT AND LEVEL,DRY,NO DEFECTS,ON SCENE,NO INJURY / DRIVE AWAY,,,Y,"OVER $1,500",5/20/2021 16:00,UNABLE TO DETERMINE,UNABLE TO DETERMINE,10751,S,CHURCH ST,2212,,,,,,,2,NO INDICATION OF INJURY,0,0,0,0,0,1,0,15,5,5,41.6980162,-87.66080353,POINT (-87.66080353036 41.698016199142)
0609df66e1d6281833fc25ab9578f1472f17b3d95db0c91209ab4c378ba6806c2afb1ef223601e404b0b04f22e6c3a714194fc6d9cb1bec4af071339975c7272,HZ503769,,11/5/2016 11:30,30,NO CONTROLS,NO CONTROLS,CLEAR,DAYLIGHT,ANGLE,NOT DIVIDED,2,STRAIGHT AND LEVEL,DRY,NO DEFECTS,NOT ON SCENE (DESK REPORT),NO INJURY / DRIVE AWAY,,,Y,"$501 - $1,500",11/5/2016 16:08,UNABLE TO DETERMINE,UNABLE TO DETERMINE,6400,S,JEFFERY DR,331,,,,,,,2,NO INDICATION OF INJURY,0,0,0,0,0,2,0,11,7,11,,,
09fa73722145fe614cb17affe738e1cd3059239eb440408580d7d6b8f19aaeea50a74719e0af54e003684a42f7bb55ae5df68509ee85f247162f37bf0d465e86,JD323057,,8/6/2020 15:35,25,NO CONTROLS,NO CONTROLS,CLEAR,DAYLIGHT,OTHER OBJECT,NOT DIVIDED,,STRAIGHT AND LEVEL,DRY,NO DEFECTS,ON SCENE,NO INJURY / DRIVE AWAY,,,,"OVER $1,500",8/6/2020 15:37,NOT APPLICABLE,NOT APPLICABLE,1413,E,57TH ST,235,,,,,,,3,NO INDICATION OF INJURY,0,0,0,0,0,1,0,15,5,8,41.7913966,-87.59100738,POINT (-87.591007376553 41.791396602601)
087a83fd6773df05030aebbca15c5c82cffc69cf975f47e0ebe34076fe80e22902c9b24c0aad33ccb8f4021edc6877232aced179ed3b4036c04611d1ab676678,JC511749,,11/15/2019 13:00,30,NO CONTROLS,NO CONTROLS,CLEAR,DAYLIGHT,REAR END,NOT DIVIDED,,STRAIGHT AND LEVEL,DRY,NO DEFECTS,NOT ON SCENE (DESK REPORT),NO INJURY / DRIVE AWAY,,,,"$501 - $1,500",11/15/2019 16:55,NOT APPLICABLE,NOT APPLICABLE,4748,S,PULASKI RD,815,,,,,,,2,NO INDICATION OF INJURY,0,0,0,0,0,2,0,13,6,11,41.80641513,-87.72368841,POINT (-87.723688405927 41.80641513135)
09cb1ebe2f26d4efdd41e20f7a69cea79c2b3348c963e46c8f52f5aabef198a7cf1c85eff6bbd64a0c47a286c9c8d2c3a1379396859f66be0fa553d2defca18d,JF299574,,6/30/2022 8:05,30,TRAFFIC SIGNAL,FUNCTIONING PROPERLY,CLEAR,DAYLIGHT,REAR END,FOUR WAY,,STRAIGHT AND LEVEL,DRY,NO DEFECTS,ON SCENE,NO INJURY / DRIVE AWAY,,,Y,"OVER $1,500",6/30/2022 8:07,UNABLE TO DETERMINE,NOT APPLICABLE,5552,W,NORTH AVE,2532,,,,,,,2,NO INDICATION OF INJURY,0,0,0,0,0,2,0,8,5,6,41.90949307,-87.76528808,POINT (-87.765288079914 41.909493072876)
08dc87abe359e85fc4186ea516782e19abcd248279afa49bcc9bd34f8f30495763cd223c6c8a0b6653a5702afae39a6ab76ed26a43f661ac77d5cc3c18337df5,JE409900,,10/14/2021 17:31,35,NO CONTROLS,NO CONTROLS,CLEAR,DAWN,TURNING,NOT DIVIDED,,STRAIGHT AND LEVEL,DRY,NO DEFECTS,ON SCENE,INJURY AND / OR TOW DUE TO CRASH,,,,"OVER $1,500",10/14/2021 18:33,UNABLE TO DETERMINE,NOT APPLICABLE,7204,S,WESTERN AVE,832,,,,,,,2,NO INDICATION OF INJURY,0,0,0,0,0,2,0,17,5,10,41.76267067,-87.68333463,POINT (-87.683334628926 41.762670665135)
07442458cd92aeeedc3386f5da4880e3dd6fcb7ffdc0c15b22582cffde4a447f68a529de19038557fca8dbab4e6c77da3cd8f00b2d0aaa48df2994e4e51f5c50,JD179168,,3/9/2020 8:08,30,TRAFFIC SIGNAL,FUNCTIONING PROPERLY,CLEAR,DAYLIGHT,REAR END,FOUR WAY,,STRAIGHT AND LEVEL,WET,NO DEFECTS,ON SCENE,NO INJURY / DRIVE AWAY,Y,,,"OVER $1,500",3/9/2020 8:10,FOLLOWING TOO CLOSELY,WEATHER,6731,N,SHERIDAN RD,2432,,,,,,,3,NO INDICATION OF INJURY,0,0,0,0,0,3,0,8,2,3,42.00443774,-87.66069759,POINT (-87.660697592347 42.004437738253)
06b8e6106870d5833cb450cb6b1c1a1e174d4178cf47e9f98925be0232bc0a6e7f093468b0b7f4e369fb829d5711a8f7e4b5d1b89715ec8c56d1513269f7ed81,JC123262,,1/20/2019 8:09,30,NO CONTROLS,NO CONTROLS,SNOW,DAYLIGHT,FIXED OBJECT,DIVIDED - W/MEDIAN (NOT RAISED),2,"CURVE, LEVEL",SNOW OR SLUSH,UNKNOWN,ON SCENE,NO INJURY / DRIVE AWAY,,,,"OVER $1,500",1/20/2019 8:10,WEATHER,WEATHER,1029,E,76TH ST,624,,,,,,,1,NO INDICATION OF INJURY,0,0,0,0,0,2,0,8,1,1,41.75671368,-87.59931823,POINT (-87.599318233513 41.756713674809)
08096d2771e70dc157b4eb7ae4369cc3c4297806c00fa241a73b83838429acdb9f051c55e85205808734de25ef3932582b3051ebbb1c22983894a002997e9bd7,JD327491,,8/10/2020 17:15,15,NO CONTROLS,NO CONTROLS,RAIN,DARKNESS,OTHER OBJECT,ONE-WAY,,STRAIGHT AND LEVEL,WET,NO DEFECTS,ON SCENE,INJURY AND / OR TOW DUE TO CRASH,,,,"OVER $1,500",8/10/2020 17:15,WEATHER,NOT APPLICABLE,4326,N,AVERS AVE,1723,,,,,,,1,NONINCAPACITATING INJURY,1,0,0,1,0,0,0,17,2,8,41.95999467,-87.72427658,POINT (-87.724276580047 41.959994667945)
0a0a60a9cd1886b1427252a22c6925f5989307cc72c830ee590d181573da9e323175a1ec3fe38faabac1b93508c4d4c64a0427f99d54dff12da6f7e4d7c3fd1b,JD412531,,10/27/2020 13:35,30,NO CONTROLS,NO CONTROLS,RAIN,DAYLIGHT,REAR END,RAMP,,STRAIGHT AND LEVEL,WET,NO DEFECTS,NOT ON SCENE (DESK REPORT),NO INJURY / DRIVE AWAY,Y,,,"OVER $1,500",10/27/2020 14:30,FOLLOWING TOO CLOSELY,WEATHER,649,N,OGDEN AVE,1214,,,,,,,2,NO INDICATION OF INJURY,0,0,0,0,0,2,0,13,3,10,41.89384463,-87.65650755,POINT (-87.656507549372 41.893844625603)
09a071bfc42d2280f869062845da911f337f3e896c22c1661711fb8ebf3a086740f2e41df4a2a280f4a3b98d91349ab7489b327f1fef0d66abbf8e8e0eb5bc03,JB232150,,4/21/2018 8:30,20,NO CONTROLS,NO CONTROLS,CLEAR,DAYLIGHT,ANGLE,PARKING LOT,,STRAIGHT AND LEVEL,DRY,NO DEFECTS,ON SCENE,NO INJURY / DRIVE AWAY,,,,"$501 - $1,500",4/21/2018 8:36,IMPROPER BACKING,UNABLE TO DETERMINE,1740,W,WEBSTER AVE,1432,,,,,,,2,NO INDICATION OF INJURY,0,0,0,0,0,2,0,8,7,4,41.92159919,-87.67216193,POINT (-87.672161926115 41.921599193297)
09557b203136fc6aa1f7685071d0b710125ab0bd83defe35c0ad7797049c8b07f7d9da6d2d8329cd6ed8ce88a33180c49af6a30b282dea9c2c15fe5f2f53ca3d,JF273501,,6/9/2022 15:00,30,STOP SIGN/FLASHER,FUNCTIONING PROPERLY,CLEAR,DAYLIGHT,ANGLE,NOT DIVIDED,,STRAIGHT AND LEVEL,DRY,UNKNOWN,ON SCENE,INJURY AND / OR TOW DUE TO CRASH,Y,,,"OVER $1,500",6/9/2022 15:01,NOT APPLICABLE,NOT APPLICABLE,3999,W,POLK ST,1132,,,,,,,2,NO INDICATION OF INJURY,0,0,0,0,0,2,0,15,5,6,41.87061341,-87.72521615,POINT (-87.72521615125 41.870613410343)
09a315cffcadc947704887936050fbb8b433ae6524e2dbdea8732acf8cdb408e4f784de15570152dbedde68ee5357ef919921b61cf3f26e1464a35222a0cd953,JB487721,,10/24/2018 5:25,30,NO CONTROLS,NO CONTROLS,CLEAR,DAWN,PARKED MOTOR VEHICLE,ONE-WAY,,STRAIGHT AND LEVEL,DRY,NO DEFECTS,ON SCENE,NO INJURY / DRIVE AWAY,,,,"OVER $1,500",10/24/2018 5:27,UNABLE TO DETERMINE,NOT APPLICABLE,5016,N,SPAULDING AVE,1713,,,,,,,2,NO INDICATION OF INJURY,0,0,0,0,0,2,0,5,4,10,41.97256043,-87.71118384,POINT (-87.711183834876 41.972560431943)
07c9bb8626455b12e94d3aec0c62a0b3691810f93529fa8ab7e21a8fa4fff947d5e4f287adfbc1b8b2761f904c942953406ed2a1cf60ba184385c6a4218c008a,HZ367586,,7/28/2016 0:20,30,NO CONTROLS,NO CONTROLS,CLEAR,DARKNESS,PARKED MOTOR VEHICLE,NOT DIVIDED,2,STRAIGHT AND LEVEL,DRY,NO DEFECTS,NOT ON SCENE (DESK REPORT),NO INJURY / DRIVE AWAY,,,,$500 OR LESS,7/28/2016 0:40,UNABLE TO DETERMINE,UNABLE TO DETERMINE,2441,E,89TH ST,423,,,,,,,2,NO INDICATION OF INJURY,0,0,0,0,0,1,0,0,5,7,,,
088d643b33f6994710f858e8a2a2e18a943de84b1dbf7c3b7472cd3de14e5df7847018f57092696681aacb3768093c1ea0f1dce057d451dc7a02a76a6554f6fa,JE346370,,8/22/2021 17:55,15,NO CONTROLS,NO CONTROLS,CLEAR,DAYLIGHT,REAR TO FRONT,PARKING LOT,,STRAIGHT AND LEVEL,DRY,UNKNOWN,ON SCENE,NO INJURY / DRIVE AWAY,,,Y,"OVER $1,500",8/22/2021 18:00,UNABLE TO DETERMINE,UNABLE TO DETERMINE,9801,S,AVENUE G,432,,,,,,,2,NO INDICATION OF INJURY,0,0,0,0,0,2,0,17,1,8,41.71772004,-87.53150812,POINT (-87.531508115233 41.717720044469)
06b627c4e55986b4c97b8d8f1d9ba81ac04a0242dd8fe4f657e3c995aab60c60dddbd334a9a41c72cef1d725c2fa3c8d5bb762556034682630a8e0501315f178,JF184979,,3/24/2022 6:45,30,UNKNOWN,UNKNOWN,UNKNOWN,DAWN,ANGLE,NOT DIVIDED,,STRAIGHT AND LEVEL,UNKNOWN,UNKNOWN,NOT ON SCENE (DESK REPORT),NO INJURY / DRIVE AWAY,,,,"OVER $1,500",3/24/2022 13:05,UNABLE TO DETERMINE,UNABLE TO DETERMINE,3034,N,PULASKI RD,2523,,,,,,,2,NO INDICATION OF INJURY,0,0,0,0,0,2,0,6,5,3,41.93645758,-87.72725654,POINT (-87.727256534862 41.936457578192)
094cfde54526fd627cf5a6f5da863fc3028c571cf15913e943bacb3708fafcd33a60271ede94439003e06aba1cb7fc85610bf0feb86b3ce81a3d6084a0c59c63,JC182849,,3/12/2019 15:14,30,UNKNOWN,UNKNOWN,CLEAR,DAYLIGHT,TURNING,NOT DIVIDED,,STRAIGHT AND LEVEL,DRY,NO DEFECTS,ON SCENE,INJURY AND / OR TOW DUE TO CRASH,,,,"OVER $1,500",3/12/2019 15:20,DISREGARDING YIELD SIGN,NOT APPLICABLE,1500,S,WOOD ST,1233,,N,,,,,2,"REPORTED, NOT EVIDENT",1,0,0,0,1,2,0,15,3,3,41.86135775,-87.671341,POINT (-87.671340996355 41.861357745509)
0a0bcab859621135f1efec3fbe8de830a80a96f5e7a1798f1bafe3121fd7e99933d57c9216067d1b61066889742c22edc690fbba28b532456631cd3241c2dd6b,JA492678,,10/31/2017 6:45,30,NO CONTROLS,NO CONTROLS,CLEAR,DAWN,REAR END,NOT DIVIDED,2,STRAIGHT AND LEVEL,DRY,NO DEFECTS,ON SCENE,NO INJURY / DRIVE AWAY,,,,"OVER $1,500",10/31/2017 6:55,FOLLOWING TOO CLOSELY,UNABLE TO DETERMINE,4645,N,CENTRAL AVE,1623,,,,,,,2,NO INDICATION OF INJURY,0,0,0,0,0,2,0,6,3,10,41.96547982,-87.76725649,POINT (-87.767256491269 41.965479822903)
0a5568a768fc8386f18d5a3fa216b3db3f538fb0f42868c81e75c6e5d754ecba87529fae88c09b3eced3a2604b4c1c6f7e3f3989704882e7775282d29591da46,JB412596,,8/28/2018 16:49,30,NO CONTROLS,NO CONTROLS,CLOUDY/OVERCAST,DAYLIGHT,OTHER OBJECT,NOT DIVIDED,2,STRAIGHT AND LEVEL,UNKNOWN,UNKNOWN,ON SCENE,INJURY AND / OR TOW DUE TO CRASH,,,,"$501 - $1,500",8/28/2018 16:49,NOT APPLICABLE,NOT APPLICABLE,1921,W,LUNT AVE,2424,,,,,,,2,,,,,,,,,16,3,8,42.00878842,-87.67882743,POINT (-87.678827428237 42.008788416154)
0abf4e436d56a88edf7f238d44082513394374735d2a5f995207295d8a9c98c56fb39fc15a178b36bf2a61ceb3512470f4022536eb16e4d0d3c1cedc54af54a7,JD466579,,12/22/2020 15:00,30,NO CONTROLS,NO CONTROLS,CLEAR,DAYLIGHT,REAR END,NOT DIVIDED,,STRAIGHT AND LEVEL,DRY,NO DEFECTS,ON SCENE,NO INJURY / DRIVE AWAY,,,,$500 OR LESS,12/22/2020 16:06,UNABLE TO DETERMINE,UNABLE TO DETERMINE,399,N,WESTERN AVE,1223,,,,,,,2,NO INDICATION OF INJURY,0,0,0,0,0,5,0,15,3,12,41.88857224,-87.68647589,POINT (-87.686475894132 41.888572237083)
962b2a845c509f987ddc23ccdefd0e272a198ca070f2d28b7ccc0c6e249dae1968052ce2fe5b6e382e19d318f83a98474fef589e1f76bff82ca111ef863e4cd7,JE472755,,12/10/2021 14:39,30,STOP SIGN/FLASHER,OTHER,RAIN,DAYLIGHT,ANGLE,UNKNOWN INTERSECTION TYPE,,STRAIGHT AND LEVEL,WET,UNKNOWN,ON SCENE,NO INJURY / DRIVE AWAY,,,Y,$500 OR LESS,12/10/2021 15:50,NOT APPLICABLE,NOT APPLICABLE,5042,S,ARCHER AVE,815,,,,,,,2,NO INDICATION OF INJURY,0,0,0,0,0,2,0,14,6,12,41.80141676,-87.72593417,POINT (-87.725934171029 41.801416759935)
0b34027e00e2280984d0829ef87e77d71f3e4f053410d9251c61a2bafdac268554d1b016c39ac1266bf378697ff3639a532a5a6e3744440e5f911f5e8e3bc29d,JD268495,,6/18/2020 19:54,30,NO CONTROLS,NO CONTROLS,CLEAR,DUSK,PARKED MOTOR VEHICLE,ALLEY,,STRAIGHT AND LEVEL,DRY,NO DEFECTS,ON SCENE,NO INJURY / DRIVE AWAY,,,Y,"OVER $1,500",6/18/2020 20:11,UNABLE TO DETERMINE,NOT APPLICABLE,2866,W,23RD PL,1033,,,,,,,3,NO INDICATION OF INJURY,0,0,0,0,0,1,0,19,5,6,41.84925055,-87.69783869,POINT (-87.697838686005 41.849250547493)
0c0845f8318a3349cf5d75b9a19a8a97150e125b4b3d3d6a2bbf7bde4ed0bb7763d78bf3f9474106aacd9b895dd3df9063c2398ea6d51cbb671b8048de80f5fb,JE445337,,11/14/2021 20:30,20,NO CONTROLS,NO CONTROLS,UNKNOWN,UNKNOWN,SIDESWIPE SAME DIRECTION,ONE-WAY,,STRAIGHT AND LEVEL,UNKNOWN,UNKNOWN,NOT ON SCENE (DESK REPORT),NO INJURY / DRIVE AWAY,,,,"OVER $1,500",11/14/2021 20:45,UNABLE TO DETERMINE,UNABLE TO DETERMINE,1,W,HELIPAD ST,1654,,,,,,,2,NO INDICATION OF INJURY,0,0,0,0,0,2,0,20,1,11,,,
0bd9a3cedaf6e1974fb30b9603080c11f0cd9b6e29e655511b8d4b9da308be17edc3907633d996ad956f579b6305e3367ddc16edd621ea3d9e023cb43033ade0,JE169848,,3/15/2021 14:30,15,NO CONTROLS,NO CONTROLS,RAIN,DAYLIGHT,REAR TO SIDE,PARKING LOT,,STRAIGHT AND LEVEL,SNOW OR SLUSH,NO DEFECTS,ON SCENE,NO INJURY / DRIVE AWAY,,N,,"OVER $1,500",3/15/2021 14:45,IMPROPER BACKING,IMPROPER BACKING,11601,W,TOUHY AVE,1654,,,,,,,2,NO INDICATION OF INJURY,0,0,0,0,0,2,0,14,2,3,42.0085364,-87.91442844,POINT (-87.91442843927 42.008536400869)
0c941a57499c097ec4a16d3fe7cd097baf03757cbca06e5a2f6de476ebbb7554288d6af45b8fa00610a2540355d9f14f25ad0d47965483ff5236b5261a1f86c0,JC227334,,4/14/2019 19:06,30,NO CONTROLS,NO CONTROLS,CLEAR,DUSK,HEAD ON,OTHER,,"CURVE, LEVEL",DRY,NO DEFECTS,NOT ON SCENE (DESK REPORT),NO INJURY / DRIVE AWAY,,,,"$501 - $1,500",4/16/2019 22:30,IMPROPER BACKING,NOT APPLICABLE,202,E,ILLINOIS ST,1834,,,,,,,2,NO INDICATION OF INJURY,0,0,0,0,0,2,0,19,1,4,41.89107182,-87.62251603,POINT (-87.62251603159 41.891071823756)
0c92f3208645aa3701980570c072666871cb13ffcdff9468fde6c53c887eeb4464c45b804672761b71ee1422dc957654969312e1b67fd94aae51dfd403325375,JB476708,,10/15/2018 15:46,30,STOP SIGN/FLASHER,NO CONTROLS,CLEAR,DAYLIGHT,ANGLE,NOT DIVIDED,,STRAIGHT AND LEVEL,DRY,NO DEFECTS,,INJURY AND / OR TOW DUE TO CRASH,,,,"OVER $1,500",10/15/2018 16:09,UNABLE TO DETERMINE,NOT APPLICABLE,11100,S,UNION AVE,2233,,,,,,,2,NO INDICATION OF INJURY,0,0,0,0,0,3,0,15,2,10,41.69229048,-87.64009982,POINT (-87.640099820709 41.692290484272)
0ab5bf796c2522e6f71a778b202a7e5cf794e88bc85588dc916c296db6f76e9261ce8a0cd2f8af4024aa49568bcd454e590704e5b19c552a6fbea757b9aa25d9,JF191307,,3/30/2022 10:00,30,UNKNOWN,UNKNOWN,UNKNOWN,UNKNOWN,REAR END,UNKNOWN,,STRAIGHT AND LEVEL,UNKNOWN,UNKNOWN,NOT ON SCENE (DESK REPORT),NO INJURY / DRIVE AWAY,,,,$500 OR LESS,3/30/2022 11:45,UNABLE TO DETERMINE,NOT APPLICABLE,7800,S,CREGIER AVE,414,,,,,,,2,NO INDICATION OF INJURY,0,0,0,0,0,2,0,10,4,3,41.75327049,-87.58105432,POINT (-87.581054317117 41.753270485437)
0aadbe771ddfd81d1a784e155e93ac8819a9ce75a267cdd9e99f0ebe38259851af3912c6e1795550318ba243887dd0fd3c4b9c1ffdbed415863d5869d1d0f994,JD457319,,12/12/2020 16:35,30,TRAFFIC SIGNAL,FUNCTIONING PROPERLY,RAIN,DARKNESS,TURNING,FOUR WAY,,STRAIGHT AND LEVEL,WET,NO DEFECTS,ON SCENE,NO INJURY / DRIVE AWAY,Y,,,"OVER $1,500",12/12/2020 16:36,WEATHER,UNABLE TO DETERMINE,600,S,DAMEN AVE,1225,,,,,,,2,NO INDICATION OF INJURY,0,0,0,0,0,4,0,16,7,12,41.87400364,-87.67660234,POINT (-87.676602341069 41.874003638416)
0a43c30a04cc1f9a1a36916d6f4a2b82a915522fd601ce2239ca504e7f3d61029d5bd2f8ee12087d5654cde54ddc3b10c7ab578685e64601f086de73d4d7889b,JB303198,,6/12/2018 1:55,25,NO CONTROLS,NO CONTROLS,RAIN,"DARKNESS, LIGHTED ROAD",OTHER OBJECT,ONE-WAY,1,STRAIGHT AND LEVEL,WET,NO DEFECTS,ON SCENE,NO INJURY / DRIVE AWAY,,,,$500 OR LESS,6/12/2018 1:57,WEATHER,NOT APPLICABLE,3331,N,NAGLE AVE,1632,,,,,,,1,,,,,,,,,1,3,6,41.94105893,-87.78723601,POINT (-87.787236013962 41.941058933455)
0d011105d0cafda603d075800580f67f2a017b53e571a04469295941d224132d0268b93c53b4d9b444c6b7dff70d3dd2c6bb1bda96e43826dd9b382f81f91d74,JD270984,Y,6/21/2020 0:15,30,STOP SIGN/FLASHER,FUNCTIONING PROPERLY,RAIN,"DARKNESS, LIGHTED ROAD",OTHER OBJECT,NOT DIVIDED,,STRAIGHT AND LEVEL,WET,UNKNOWN,ON SCENE,INJURY AND / OR TOW DUE TO CRASH,,,,"OVER $1,500",6/21/2020 0:19,UNABLE TO DETERMINE,UNABLE TO DETERMINE,299,W,101ST ST,511,,,,,,,1,,,,,,,,,0,1,6,41.71061439,-87.63074258,POINT (-87.630742575915 41.71061438754)
0bc1103d759c576f31aa853e45b0c2164b05aa69a63032dc7b20312dab8dc03d87cab3702c796dc233df044c495834066cadb039a1655f6a92febe93d901a2c9,JB228852,,4/18/2018 16:50,30,NO CONTROLS,NO CONTROLS,RAIN,DAYLIGHT,TURNING,OTHER,5,STRAIGHT AND LEVEL,WET,NO DEFECTS,ON SCENE,NO INJURY / DRIVE AWAY,Y,,,"OVER $1,500",4/18/2018 16:52,FAILING TO YIELD RIGHT-OF-WAY,UNABLE TO DETERMINE,7144,W,NORTH AVE,2513,,,,,,,2,NO INDICATION OF INJURY,0,0,0,0,0,3,0,16,4,4,41.90900818,-87.8037195,POINT (-87.803719504496 41.909008182789)
0c84b8b4cb4bcdc660178ff2126a6298eeca6a8e18fdad4f6dfc79268cb2dcecc957672d610aac10147278749ef3ef8b2ff59678009aca1ae7abc677db0e5738,JB305755,,6/13/2018 19:58,30,NO CONTROLS,NO CONTROLS,CLEAR,DAWN,TURNING,NOT DIVIDED,,STRAIGHT AND LEVEL,DRY,NO DEFECTS,NOT ON SCENE (DESK REPORT),NO INJURY / DRIVE AWAY,,,,"OVER $1,500",6/13/2018 20:47,NOT APPLICABLE,NOT APPLICABLE,3500,W,MARQUETTE RD,831,,,,,,,2,NO INDICATION OF INJURY,0,0,0,0,0,7,0,19,4,6,41.7716661,-87.71035681,POINT (-87.710356809774 41.771666096917)
0be3685835b67396f72c479fbbaf97075dd3002f2ce3683127861a2670df707990d1d8cd4bd1cc7eb54d2d97ae15ee238e07d5e7dc5ac906433c90557fd79327,JD347130,,8/27/2020 14:20,10,NO CONTROLS,NO CONTROLS,CLEAR,DAYLIGHT,ANGLE,OTHER,,STRAIGHT AND LEVEL,DRY,NO DEFECTS,,NO INJURY / DRIVE AWAY,,,Y,"$501 - $1,500",8/27/2020 14:58,IMPROPER BACKING,NOT APPLICABLE,1701,E,95TH ST,431,,,,,,,2,NO INDICATION OF INJURY,0,0,0,0,0,2,0,14,5,8,41.7222678,-87.58251019,POINT (-87.582510194343 41.722267795816)
9521d63cfb70210febcab6418f867a074db8ddde04a0119b5bddbb8ab84e2a5f250f04657bfd583ab99f92c9784a057fe9a876566dbd56b3ed8465a2e7e19acd,JD145763,,2/9/2020 13:53,30,NO CONTROLS,NO CONTROLS,SNOW,DAYLIGHT,PARKED MOTOR VEHICLE,NOT DIVIDED,,STRAIGHT AND LEVEL,WET,NO DEFECTS,ON SCENE,NO INJURY / DRIVE AWAY,,,,"$501 - $1,500",2/9/2020 14:14,WEATHER,UNABLE TO DETERMINE,6139,N,KIMBALL AVE,1711,,,,,,,2,NO INDICATION OF INJURY,0,0,0,0,0,1,0,13,1,2,41.99317458,-87.71392738,POINT (-87.713927380849 41.993174583176)
0b5c9ae3e936fd93a9c9dab85e638c0cb848a586a18551136fb3ae64d9ded27c813aee7ffb42704d65f640a3c54d2b023b17e13f255720cda15a41b8052ea867,JD293557,,7/11/2020 6:41,25,NO CONTROLS,NO CONTROLS,CLEAR,DAYLIGHT,HEAD ON,NOT DIVIDED,,STRAIGHT AND LEVEL,DRY,NO DEFECTS,ON SCENE,INJURY AND / OR TOW DUE TO CRASH,,,,"OVER $1,500",7/11/2020 6:53,IMPROPER LANE USAGE,UNABLE TO DETERMINE,2558,W,PETERSON AVE,2413,,,,,,,2,FATAL,4,1,1,2,0,0,0,6,7,7,41.99058094,-87.69447413,POINT (-87.694474132951 41.990580936971)
0bfd950fd580dcd1d2fb563c20a6371ff8cfc1428f3c111f4e729ec818a633e4ddae57fe7e933307ba5d4c2c4a8784e30c8bdea938ef631626fa19ed83294966,JB340156,,7/7/2018 23:37,15,NO CONTROLS,NO CONTROLS,CLEAR,DARKNESS,PARKED MOTOR VEHICLE,ALLEY,1,STRAIGHT AND LEVEL,DRY,NO DEFECTS,ON SCENE,NO INJURY / DRIVE AWAY,,,,"$501 - $1,500",7/7/2018 23:37,IMPROPER BACKING,NOT APPLICABLE,1420,W,71ST ST,734,,,,,,,2,NO INDICATION OF INJURY,0,0,0,0,0,2,0,23,7,7,41.76507493,-87.65986979,POINT (-87.659869786929 41.765074930933)
0ccaf8fc934aca647afd767054141022c18b74d15c78a67c7477e1885c4f2b87d180001ace77fe993a909a5c3464dc9ff14873226e5ef0fa4a8bbcf3f3a1e9f6,JE493939,,12/31/2021 13:00,20,NO CONTROLS,NO CONTROLS,CLEAR,DAYLIGHT,PARKED MOTOR VEHICLE,ONE-WAY,,STRAIGHT AND LEVEL,DRY,NO DEFECTS,ON SCENE,NO INJURY / DRIVE AWAY,,,Y,"OVER $1,500",12/31/2021 13:05,NOT APPLICABLE,NOT APPLICABLE,6417,S,LAPORTE AVE,813,,,,,,,2,NO INDICATION OF INJURY,0,0,0,0,0,1,0,13,6,12,41.77598755,-87.7457141,POINT (-87.745714097745 41.775987548972)
0d315086df827f56945390043c1ee791227b2a0244501f2c0de62a5192324d5448bf5afbd6235c308a7206a7c96a94c2145b9c04086f797adfcc93f0c4359676,JC133324,,1/29/2019 8:20,15,NO CONTROLS,NO CONTROLS,CLEAR,DAYLIGHT,FIXED OBJECT,ALLEY,1,STRAIGHT AND LEVEL,SNOW OR SLUSH,NO DEFECTS,ON SCENE,NO INJURY / DRIVE AWAY,,Y,,"$501 - $1,500",1/29/2019 8:26,WEATHER,UNABLE TO DETERMINE,5762,W,AINSLIE ST,1622,,,,,,,1,NO INDICATION OF INJURY,0,0,0,0,0,1,0,8,3,1,41.96964223,-87.77258707,POINT (-87.772587068457 41.969642232814)