CRASH_RECORD_ID,RD_NO,CRASH_DATE_EST_I,CRASH_DATE,POSTED_SPEED_LIMIT,TRAFFIC_CONTROL_DEVICE,DEVICE_CONDITION,WEATHER_CONDITION,LIGHTING_CONDITION,FIRST_CRASH_TYPE,TRAFFICWAY_TYPE,LANE_CNT,ALIGNMENT,ROADWAY_SURFACE_COND,ROAD_DEFECT,REPORT_TYPE,CRASH_TYPE,INTERSECTION_RELATED_I,NOT_RIGHT_OF_WAY_I,HIT_AND_RUN_I,DAMAGE,DATE_POLICE_NOTIFIED,PRIM_CONTRIBUTORY_CAUSE,SEC_CONTRIBUTORY_CAUSE,STREET_NO,STREET_DIRECTION,STREET_NAME,BEAT_OF_OCCURRENCE,PHOTOS_TAKEN_I,STATEMENTS_TAKEN_I,DOORING_I,WORK_ZONE_I,WORK_ZONE_TYPE,WORKERS_PRESENT_I,NUM_UNITS,MOST_SEVERE_INJURY,INJURIES_TOTAL,INJURIES_FATAL,INJURIES_INCAPACITATING,INJURIES_NON_INCAPACITATING,INJURIES_REPORTED_NOT_EVIDENT,INJURIES_NO_INDICATION,INJURIES_UNKNOWN,CRASH_HOUR,CRASH_DAY_OF_WEEK,CRASH_MONTH,LATITUDE,LONGITUDE,LOCATION
0ce08ead7076a7f7dd097ebe7abc7f5dd5878451016879d361b5662b77c31273b78fa54fcb2fb1ac2cefc28d188f79450bdf9d314690b5ecca7c46e0801491af,JB316392,,6/21/2018 10:02,30,TRAFFIC SIGNAL,FUNCTIONING PROPERLY,RAIN,DAYLIGHT,TURNING,NOT DIVIDED,4,STRAIGHT AND LEVEL,WET,NO DEFECTS,ON SCENE,INJURY AND / OR TOW DUE TO CRASH,Y,,,"OVER $1,500",6/21/2018 10:19,WEATHER,NOT APPLICABLE,1400,S,CANAL ST,124,,,,,,,2,NO INDICATION OF INJURY,0,0,0,0,0,3,0,10,5,6,41.86359876,-87.63927326,POINT (-87.639273257258 41.863598755874)
0c8fec37db4191c04816837bf410895249b819fd27285b7c8a47f04b52c7bde4ba22ee225121f08927e285f73abad533912ba912b561d5b02de56bbe8c018214,JE292176,,7/6/2021 13:00,30,TRAFFIC SIGNAL,UNKNOWN,CLEAR,DAYLIGHT,REAR END,NOT DIVIDED,,STRAIGHT AND LEVEL,UNKNOWN,UNKNOWN,NOT ON SCENE (DESK REPORT),NO INJURY / DRIVE AWAY,,,,"$501 - $1,500",7/6/2021 14:15,UNABLE TO DETERMINE,NOT APPLICABLE,5800,N,BROADWAY,2013,,,,,,,3,NO INDICATION OF INJURY,0,0,0,0,0,3,0,13,3,7,41.98696348,-87.66031802,POINT (-87.660318021002 41.986963477571)
0e4da3bd24a825df1c0621384d00f312c8a865a44c525de020dffab384177135f25fa918c3bba26a07d95029f0003dc92d5f1612b73e8ceafd21e6ed7b63f1bf,JC526521,,11/27/2019 11:40,30,NO CONTROLS,NO CONTROLS,CLEAR,DAYLIGHT,REAR TO SIDE,ONE-WAY,,STRAIGHT AND LEVEL,DRY,UNKNOWN,NOT ON SCENE (DESK REPORT),NO INJURY / DRIVE AWAY,,,,"OVER $1,500",11/27/2019 12:40,IMPROPER BACKING,NOT APPLICABLE,2450,W,GEORGE ST,1411,,,,,,,2,NO INDICATION OF INJURY,0,0,0,0,0,2,0,11,4,11,41.93408187,-87.68995173,POINT (-87.689951729501 41.934081865297)
0e8262e3d2fd786fbd547176c2497fed7ac9c72ebf4c554f6b8eeecb83ca3dbab35e42fbd43c85a1dd9205bcc0e3cb7cab04dfbe5a7f97f5ff292b4f393b2922,HZ362067,,7/24/2016 9:07,25,TRAFFIC SIGNAL,FUNCTIONING PROPERLY,CLEAR,DAYLIGHT,TURNING,NOT DIVIDED,4,STRAIGHT ON HILLCREST,DRY,NO DEFECTS,NOT ON SCENE (DESK REPORT),NO INJURY / DRIVE AWAY,,,,"OVER $1,500",7/24/2016 9:40,IMPROPER LANE USAGE,NOT APPLICABLE,500,S,SACRAMENTO BLVD,1134,,,,,,,2,NO INDICATION OF INJURY,0,0,0,0,0,3,0,9,1,7,,,
0fc546435e528d06925c8d2e621016bc655531f0ed857800f23f34bb674e33ea1046c403ca633f88f897f0c696bda46db2e92fe8a061b2512e6d612bfea2ccd3,JD318663,,8/2/2020 17:00,30,NO CONTROLS,NO CONTROLS,RAIN,DAYLIGHT,REAR END,PARKING LOT,,STRAIGHT AND LEVEL,WET,NO DEFECTS,ON SCENE,NO INJURY / DRIVE AWAY,,Y,,"OVER $1,500",8/2/2020 17:03,IMPROPER BACKING,UNABLE TO DETERMINE,29,E,87TH ST,632,,,,,,,2,NO INDICATION OF INJURY,0,0,0,0,0,3,0,17,1,8,41.73625546,-87.62291751,POINT (-87.622917508206 41.73625546179)
0e9ae0566382bb34cf50f2c114481efa1a89b34976905d6a64fd5536e63ffb7ebdd30e4d40c0da1ad85d78472d43b6f8e39ca63a2d5b0c8f8ab6450310e2d7d7,JE295475,,7/9/2021 9:15,30,NO CONTROLS,NO CONTROLS,CLEAR,DAYLIGHT,FIXED OBJECT,ALLEY,,STRAIGHT AND LEVEL,DRY,NO DEFECTS,ON SCENE,NO INJURY / DRIVE AWAY,,Y,,"OVER $1,500",7/9/2021 9:30,UNABLE TO DETERMINE,NOT APPLICABLE,1108,N,ROCKWELL ST,1211,,,,,,,2,NO INDICATION OF INJURY,0,0,0,0,0,1,0,9,6,7,41.90146062,-87.69206249,POINT (-87.692062490852 41.901460623206)
10c2c2db4aad6c20b40b7729476ee6c5c2537321f9596c7d3fc4b4c71b9f6fdfd3b1d8fdddec96f31118a4de5b58d875a7e094eaab65a56768379e04f2526f0f,JF235005,,5/8/2022 22:50,30,TRAFFIC SIGNAL,FUNCTIONING PROPERLY,CLEAR,"DARKNESS, LIGHTED ROAD",TURNING,NOT DIVIDED,,STRAIGHT AND LEVEL,DRY,NO DEFECTS,ON SCENE,NO INJURY / DRIVE AWAY,N,,,"$501 - $1,500",5/8/2022 22:50,IMPROPER LANE USAGE,NOT APPLICABLE,93,N,BESSIE COLEMAN DR,1654,,,,,,,2,NO INDICATION OF INJURY,0,0,0,0,0,2,0,22,1,5,,,
0eddcde5ac1a1244fb270d3a5af36890741585f424290bccba2898aed78a68ab02a9abbef05aa208705b027587250b9c04cf8b542b43a1d80ee36df7262d060b,JE431130,,11/2/2021 9:37,30,NO CONTROLS,NO CONTROLS,CLEAR,DAYLIGHT,REAR END,NOT DIVIDED,,STRAIGHT AND LEVEL,DRY,NO DEFECTS,ON SCENE,NO INJURY / DRIVE AWAY,,,,"OVER $1,500",11/2/2021 9:40,UNABLE TO DETERMINE,UNABLE TO DETERMINE,1040,W,HOLLYWOOD AVE,2022,,,,,,,2,NO INDICATION OF INJURY,0,0,0,0,0,2,0,9,3,11,41.98561276,-87.65690335,POINT (-87.656903354428 41.985612754824)
0f6b97766d2a73765a11aafcaf327a6ac0f76f53e5711777af234adadfb452cb12890a14e4c5205788acb4fd9a5ad0e94604d5b12f1d48f4d2d8aec43df1885b,JF148596,,2/18/2022 13:55,30,STOP SIGN/FLASHER,OTHER,CLEAR,DAYLIGHT,ANGLE,NOT DIVIDED,,STRAIGHT AND LEVEL,OTHER,UNKNOWN,ON SCENE,NO INJURY / DRIVE AWAY,Y,,,"OVER $1,500",2/18/2022 14:04,DISREGARDING STOP SIGN,DISREGARDING STOP SIGN,5928,W,BRYN MAWR AVE,1622,,,,,,,2,NO INDICATION OF INJURY,0,0,0,0,0,2,0,13,6,2,41.98301498,-87.77676623,POINT (-87.776766230192 41.983014976823)
0fb142f78b8cb57a6914f9d86a50012d549c1f3d00a2fe99e5e64a2fe750ca8ebb0c2e1223f77a9f2505cd67cb1f2cfb6ee8062fbe802353f58eb68d3b2ce81b,JF287515,,6/20/2022 17:01,20,NO CONTROLS,NO CONTROLS,CLEAR,DAYLIGHT,SIDESWIPE SAME DIRECTION,OTHER,,STRAIGHT AND LEVEL,DRY,NO DEFECTS,ON SCENE,NO INJURY / DRIVE AWAY,,,,"$501 - $1,500",6/20/2022 17:07,FAILING TO YIELD RIGHT-OF-WAY,NOT APPLICABLE,2,W,TERMINAL ST,1652,,,,,,,2,NO INDICATION OF INJURY,0,0,0,0,0,4,0,17,2,6,,,
0ea8df98b444013e9a3a36aef6bc870e1e26f8bf1c6aee3abca2ad5219303816670f86c66016ad94227068e71c05ec5e55beee4fb02e235d204b0e0695a25685,JB250336,Y,5/3/2018 17:30,30,NO CONTROLS,NO CONTROLS,RAIN,DAYLIGHT,OTHER NONCOLLISION,ONE-WAY,1,STRAIGHT AND LEVEL,WET,UNKNOWN,NOT ON SCENE (DESK REPORT),NO INJURY / DRIVE AWAY,,,,"OVER $1,500",5/4/2018 21:57,UNABLE TO DETERMINE,NOT APPLICABLE,1519,N,CLAREMONT AVE,1424,,,,,,,1,,,,,,,,,17,5,5,41.90911277,-87.68582201,POINT (-87.685822004849 41.909112768682)
0ecc6500c05a196ab7a5a29e79ac99237cfc830d7d07a03505be8af563e005ff12c34c2f6a049501ca9c1e3f772c587363788e74fcb7924d19048c872449981f,JE447336,,11/16/2021 16:00,15,NO CONTROLS,NO CONTROLS,CLEAR,DAYLIGHT,FIXED OBJECT,ALLEY,,STRAIGHT AND LEVEL,DRY,UNKNOWN,ON SCENE,NO INJURY / DRIVE AWAY,,Y,,"OVER $1,500",11/16/2021 16:00,UNABLE TO DETERMINE,NOT APPLICABLE,1536,E,85TH ST,412,,,,,,,1,NO INDICATION OF INJURY,0,0,0,0,0,1,0,16,3,11,41.74065335,-87.58650279,POINT (-87.586502789932 41.740653348375)
0edf58f67dbec3b37430f091174a6d87c3b6234cff0b3a5df3029bd983c2d8e2864b9787fccb3c7e0d24fa7d98bcc7f42b6515eb3992595d1e95afac0c3cb069,JB312637,,6/18/2018 18:08,35,NO CONTROLS,NO CONTROLS,CLEAR,DAYLIGHT,REAR END,NOT DIVIDED,2,STRAIGHT AND LEVEL,DRY,NO DEFECTS,ON SCENE,NO INJURY / DRIVE AWAY,,,Y,"OVER $1,500",6/18/2018 18:09,UNABLE TO DETERMINE,UNABLE TO DETERMINE,1629,E,67TH ST,332,,,,,,,2,NO INDICATION OF INJURY,0,0,0,0,0,2,0,18,2,6,41.77323448,-87.58516253,POINT (-87.585162527989 41.773234480031)
0e1937b9c53cc3915895943525c3ebb47bedb55458df44508edd7a4b22c531bb72a973f12d4f0dff11d0129218b80d1b12063bdcb02e43aebf0386e08535264e,JE227889,,5/12/2021 14:30,30,NO CONTROLS,NO CONTROLS,CLEAR,DAYLIGHT,REAR END,NOT DIVIDED,,STRAIGHT AND LEVEL,DRY,NO DEFECTS,NOT ON SCENE (DESK REPORT),NO INJURY / DRIVE AWAY,,,,"$501 - $1,500",5/12/2021 15:48,NOT APPLICABLE,NOT APPLICABLE,7043,W,63RD ST,812,,,,,,,2,NO INDICATION OF INJURY,0,0,0,0,0,2,0,14,4,5,41.77725504,-87.7976923,POINT (-87.797692295312 41.777255043535)
0e7587aa9a1f0db2f6ea8e6318a58d1c57aee07e3b777e8056b462ce236462bf7c338254293c4a3815766c8717f26f2d8ce9a632419aab2297abbaf4c7577c92,JF204467,,4/11/2022 12:00,20,NO CONTROLS,NO CONTROLS,CLEAR,DAYLIGHT,PARKED MOTOR VEHICLE,PARKING LOT,,STRAIGHT AND LEVEL,DRY,NO DEFECTS,ON SCENE,NO INJURY / DRIVE AWAY,,,Y,"OVER $1,500",4/11/2022 12:03,IMPROPER TURNING/NO SIGNAL,DRIVING SKILLS/KNOWLEDGE/EXPERIENCE,741,W,OHARE ST,1654,,,,,,,2,NO INDICATION OF INJURY,0,0,0,0,0,1,0,12,2,4,,,
0ea9a64cef6b645f9834be1338b561266deacb2d2da14cf3b00f572a5eb75b3f4f48a9ac1edd36212f64213bfae0f6b40c9b8aaf6c3558b30c24260ed634bea5,JE453415,,11/22/2021 9:50,30,NO CONTROLS,NO CONTROLS,CLEAR,DAYLIGHT,TURNING,FOUR WAY,,STRAIGHT ON HILLCREST,DRY,NO DEFECTS,,NO INJURY / DRIVE AWAY,,,,"OVER $1,500",11/22/2021 11:25,IMPROPER LANE USAGE,IMPROPER TURNING/NO SIGNAL,100,E,LOWER WACKER DR,114,,,,,,,2,NO INDICATION OF INJURY,0,0,0,0,0,5,0,9,2,11,41.88843209,-87.62442469,POINT (-87.624424686932 41.88843209205)
134b79e848d43049921463f3d15d849ded6fd569f098bbc2d6c59fbbece40c9407b5273baf1b22eb05f4ede857c5eced00ef32e2d99ca1443089c8f628b92422,JB357041,,7/19/2018 22:20,30,NO CONTROLS,NO CONTROLS,CLEAR,DARKNESS,REAR END,NOT DIVIDED,1,STRAIGHT AND LEVEL,DRY,NO DEFECTS,ON SCENE,NO INJURY / DRIVE AWAY,,,,"OVER $1,500",7/19/2018 22:45,FOLLOWING TOO CLOSELY,NOT APPLICABLE,7642,N,BOSWORTH AVE,2422,,,,,,,2,NO INDICATION OF INJURY,0,0,0,0,0,3,0,22,5,7,42.02061345,-87.66962992,POINT (-87.669629915245 42.020613453682)
1117a961bb8adeff3e41fd78b3d1c054d9a72293ba27a4b55917cabde0d89649d6a202073c16695354d4c30f6c1e9e7ff001073e2dd87a04c5acf2c2e5a4b767,JB140009,,2/3/2018 14:00,30,NO CONTROLS,NO CONTROLS,CLEAR,DAYLIGHT,SIDESWIPE SAME DIRECTION,ONE-WAY,1,STRAIGHT AND LEVEL,DRY,NO DEFECTS,NOT ON SCENE (DESK REPORT),NO INJURY / DRIVE AWAY,,,Y,"OVER $1,500",2/3/2018 15:00,FAILING TO YIELD RIGHT-OF-WAY,UNABLE TO DETERMINE,310,W,BRIAR PL,1934,,,,,,,2,NO INDICATION OF INJURY,0,0,0,0,0,5,0,14,7,2,,,
1415f216d568900226fc2f3ab0e087ad326045594502473940965bf551be0b8debfe344c09ae79878ee642079def5f04b18b1197ff6fd91005aa456d23046500,JF277150,,6/12/2022 17:37,30,NO CONTROLS,NO CONTROLS,CLEAR,DAYLIGHT,PARKED MOTOR VEHICLE,NOT DIVIDED,,STRAIGHT AND LEVEL,DRY,UNKNOWN,,NO INJURY / DRIVE AWAY,,,,"$501 - $1,500",6/12/2022 18:10,NOT APPLICABLE,NOT APPLICABLE,1471,N,HONORE ST,1424,,,,,,,2,NO INDICATION OF INJURY,0,0,0,0,0,2,0,17,1,6,41.90885721,-87.67519922,POINT (-87.675199221922 41.908857213865)
137e9528b89ef786c109327365c788416cfe7833492c8b82bbbc325d277a874f244f2ab963d77967de9062c4f4aa576aef3c5c2d0cd9f1e748d4c95d842c46fc,JA101358,,12/31/2016 18:00,30,NO CONTROLS,NO CONTROLS,CLEAR,DUSK,ANGLE,NOT DIVIDED,,STRAIGHT AND LEVEL,DRY,NO DEFECTS,NOT ON SCENE (DESK REPORT),NO INJURY / DRIVE AWAY,,,,$500 OR LESS,1/2/2017 10:35,IMPROPER BACKING,UNABLE TO DETERMINE,8300,S,ASHLAND AVE,614,,,,,,,2,NO INDICATION OF INJURY,0,0,0,0,0,2,0,18,7,12,41.74298409,-87.66339656,POINT (-87.663396555268 41.742984089771)
118abb8333aefce8b93a86f8c00d81ab3a2f3377f7273f1a674536743935f22557f3ae9fc7472382445cd218c179900c36a7ff04374e48dbc8d1c5c32cf9873a,JA541693,,12/8/2017 15:30,25,NO CONTROLS,NO CONTROLS,CLEAR,DAYLIGHT,ANGLE,ONE-WAY,,STRAIGHT AND LEVEL,DRY,UNKNOWN,ON SCENE,NO INJURY / DRIVE AWAY,,,,"OVER $1,500",12/8/2017 16:20,FAILING TO YIELD RIGHT-OF-WAY,NOT APPLICABLE,1145,S,MAYFIELD AVE,1513,,,,,,,2,NO INDICATION OF INJURY,0,0,0,0,0,2,0,15,6,12,41.86598667,-87.7715419,POINT (-87.771541899683 41.865986666237)
140c2cf6757fb61196b4720895cfa36c4fbd1dd112472f92fd49bf9dd8344e835c74fd489ccbe2ec59df05e6500640dc2d2247ceced0634e2a4d9253e14e34c9,JE168699,,3/14/2021 11:35,35,TRAFFIC SIGNAL,FUNCTIONING PROPERLY,CLEAR,DAYLIGHT,REAR TO FRONT,T-INTERSECTION,,STRAIGHT AND LEVEL,DRY,UNKNOWN,ON SCENE,NO INJURY / DRIVE AWAY,Y,,,"OVER $1,500",3/14/2021 11:40,IMPROPER BACKING,NOT APPLICABLE,10000,W,OHARE ST,1651,,,,,,,2,NO INDICATION OF INJURY,0,0,0,0,0,2,0,11,1,3,41.97620114,-87.90530913,POINT (-87.905309125103 41.976201139024)
128d4741e2902b98e388d42e9b1b3086cfd83d53c7b7b54c452f4e49355cb686e9ec69dec25cfa2bf29ca00b497ea6d89ad883aa032515e1e856ce4013fd0c8c,JE128196,,1/31/2021 8:15,5,NO CONTROLS,NO CONTROLS,SNOW,DAYLIGHT,REAR TO FRONT,PARKING LOT,,STRAIGHT AND LEVEL,SNOW OR SLUSH,NO DEFECTS,,NO INJURY / DRIVE AWAY,,Y,,"OVER $1,500",1/31/2021 8:45,WEATHER,WEATHER,200,W,87TH ST,622,,,,,,,2,NO INDICATION OF INJURY,0,0,0,0,0,2,0,8,1,1,41.7362617,-87.62906472,POINT (-87.629064716425 41.736261699376)
13f3de2cf4776ecc6855e86e34245f72361997a455ef13d1c1ea61854a33fb2a24485732e8379c0ce66ddebd687188ea8a1fd744fa37037db5b8cfab9580ef75,JB354023,,7/17/2018 18:04,10,NO CONTROLS,NO CONTROLS,CLEAR,DAYLIGHT,FIXED OBJECT,DRIVEWAY,,STRAIGHT ON GRADE,DRY,NO DEFECTS,ON SCENE,NO INJURY / DRIVE AWAY,,Y,Y,$500 OR LESS,7/17/2018 19:14,NOT APPLICABLE,NOT APPLICABLE,501,N,CLINTON ST,1214,,,,,,,1,NO INDICATION OF INJURY,0,0,0,0,0,1,0,18,3,7,41.89079821,-87.64225168,POINT (-87.64225167999 41.890798213667)
1438f63617d6444b16c2498142c8650f56f89df092620b0a7d4453c35b5ab0e7e96f8f834ee52f50bbcdea2ba666ee655caa967411512514d06f523ae886c549,JB547876,,12/10/2018 14:00,30,NO CONTROLS,NO CONTROLS,CLEAR,DAYLIGHT,ANGLE,ALLEY,,STRAIGHT AND LEVEL,DRY,NO DEFECTS,NOT ON SCENE (DESK REPORT),NO INJURY / DRIVE AWAY,,,Y,"$501 - $1,500",12/10/2018 18:06,NOT APPLICABLE,NOT APPLICABLE,2732,W,50TH ST,923,,,,,,,2,NO INDICATION OF INJURY,0,0,0,0,0,2,0,14,2,12,41.8029415,-87.6928861,POINT (-87.692886096699 41.802941495382)
11b4bad310b14b420f516e1f4a4424d37bf89c05b0d2a4e690e2814c24bec73f91eafb720bc4e79f57af4897ed2769f7182c597957cbb3a79b42664eda41213c,JC133349,,1/29/2019 8:20,5,NO CONTROLS,NO CONTROLS,SNOW,DAYLIGHT,PARKED MOTOR VEHICLE,PARKING LOT,10,STRAIGHT AND LEVEL,SNOW OR SLUSH,NO DEFECTS,ON SCENE,NO INJURY / DRIVE AWAY,,,Y,$500 OR LESS,1/29/2019 9:23,IMPROPER BACKING,WEATHER,4705,S,STATE ST,224,,,,,,,2,NO INDICATION OF INJURY,0,0,0,0,0,1,0,8,3,1,41.80903472,-87.62593252,POINT (-87.625932519432 41.809034716413)
129d4312ddb2712a9ef34a5acff48f1ebe6dd47e819786655f2c1259f9aa17ff71b41a052bece931538b78e214e0475a9ce8e47492314cf64c760668acdaee95,JF195752,,4/3/2022 13:17,20,NO CONTROLS,NO CONTROLS,CLEAR,DAYLIGHT,PARKED MOTOR VEHICLE,NOT DIVIDED,,STRAIGHT AND LEVEL,DRY,NO DEFECTS,ON SCENE,NO INJURY / DRIVE AWAY,,,Y,"OVER $1,500",4/3/2022 13:21,UNABLE TO DETERMINE,UNABLE TO DETERMINE,1021,W,LILL AVE,1932,,,,,,,2,NO INDICATION OF INJURY,0,0,0,0,0,1,0,13,1,4,41.92797661,-87.65457231,POINT (-87.654572312373 41.927976611419)
142fde3cb210651edf13f9886d533bf5a329771a70714b4d8025a8538365e4dd496c9cc3f2f26113d4853e383ab262673d69f55c3e28aa33a24a6ca9918c4712,JE116282,,1/18/2021 13:10,30,NO CONTROLS,NO CONTROLS,CLEAR,DAYLIGHT,PARKED MOTOR VEHICLE,ONE-WAY,,STRAIGHT AND LEVEL,DRY,NO DEFECTS,ON SCENE,NO INJURY / DRIVE AWAY,,,Y,"OVER $1,500",1/18/2021 13:18,UNABLE TO DETERMINE,UNABLE TO DETERMINE,3149,W,15TH ST,1022,,,,,,,2,NO INDICATION OF INJURY,0,0,0,0,0,1,0,13,2,1,41.86120159,-87.7049736,POINT (-87.704973602698 41.861201587213)
10fc857a87a94649b414470f423f024ee824ed93271c3c2a541b420ef387e21b5a7f9b19da4b81b6c3084ad437b0468346dc9a2d16846d20928fd07ebc79ffb7,JD463584,,12/19/2020 13:10,20,NO CONTROLS,NO CONTROLS,CLEAR,DAYLIGHT,FIXED OBJECT,FOUR WAY,,STRAIGHT AND LEVEL,DRY,NO DEFECTS,ON SCENE,NO INJURY / DRIVE AWAY,,N,Y,"OVER $1,500",12/19/2020 13:10,NOT APPLICABLE,UNABLE TO DETERMINE,6400,S,OAKLEY AVE,825,,,,,,,1,NO INDICATION OF INJURY,0,0,0,0,0,1,0,13,7,12,41.77733584,-87.68116653,POINT (-87.681166529642 41.777335842816)
123c63b696a2e49331d5f4165129eaa7bc7ee14c59b05d195d80f03e8bfc8759aca31ffafb86056705c0b15664094959365729b0d0cbb011af17e248a9350b3c,JE404843,,10/9/2021 21:30,30,NO CONTROLS,NO CONTROLS,CLEAR,DARKNESS,ANGLE,ALLEY,,STRAIGHT AND LEVEL,DRY,NO DEFECTS,NOT ON SCENE (DESK REPORT),NO INJURY / DRIVE AWAY,,,,$500 OR LESS,10/10/2021 11:56,UNABLE TO DETERMINE,NOT APPLICABLE,311,E,75TH ST,623,,,,,,,2,NO INDICATION OF INJURY,0,0,0,0,0,2,0,21,7,10,41.75825081,-87.61779767,POINT (-87.61779767256 41.758250806572)
12a945086b9e89859a4c20957abb195d054f86d663f15cdcfa1cfcfcc02850ccbffab4e1c924bf77f266abf33c1a2b5aa76f4e2aa2b8d40a05d17543504c062a,JE425665,,10/28/2021 16:05,30,NO CONTROLS,NO CONTROLS,RAIN,DAWN,PARKED MOTOR VEHICLE,NOT DIVIDED,,STRAIGHT AND LEVEL,WET,NO DEFECTS,,NO INJURY / DRIVE AWAY,,,Y,"OVER $1,500",10/28/2021 16:30,UNABLE TO DETERMINE,NOT APPLICABLE,10600,S,LANGLEY AVE,512,,,,,,,2,NO INDICATION OF INJURY,0,0,0,0,0,1,0,16,5,10,41.70185182,-87.60643526,POINT (-87.606435260772 41.701851817527)
1274c4377a86eb6a497a36f010572ec1c715745b497c88f09d0173b078d440a0160ca229b598a1c48519366eb093d4d134fd816c2434a49e22a9ca1eb985c290,JF184685,,3/24/2022 8:35,30,NO CONTROLS,NO CONTROLS,RAIN,DAYLIGHT,TURNING,NOT DIVIDED,,STRAIGHT AND LEVEL,WET,UNKNOWN,ON SCENE,NO INJURY / DRIVE AWAY,Y,,,"$501 - $1,500",3/24/2022 8:39,UNABLE TO DETERMINE,NOT APPLICABLE,3831,W,DIVISION ST,1112,,,,,,,2,NO INDICATION OF INJURY,0,0,0,0,0,2,0,8,5,3,41.90259324,-87.72258249,POINT (-87.722582493919 41.902593234668)
234c5176861d35126a343dcb303de5f27048d94f438d9c941cb7c64aed07d8726b83ab2afe4191074213ab883a39c98595d0923d6e458850a2ba73b5ba99d107,JC507750,,11/12/2019 14:00,30,NO CONTROLS,NO CONTROLS,CLEAR,DAYLIGHT,REAR END,NOT DIVIDED,,STRAIGHT AND LEVEL,ICE,NO DEFECTS,NOT ON SCENE (DESK REPORT),NO INJURY / DRIVE AWAY,,,,"$501 - $1,500",11/12/2019 14:10,WEATHER,FOLLOWING TOO CLOSELY,3400,N,CICERO AVE,1634,,,,,,,2,NO INDICATION OF INJURY,0,0,0,0,0,2,0,14,3,11,41.94252001,-87.74711282,POINT (-87.747112821184 41.942520006214)
147a340dec1c04fcfa92bf5cd5632a326ba5f26a4cbd0c1a32dc2c11053add607a73e15785116499092d01dfd79d4a58e2f8ba8b36e014819e092b7e4b9ba70e,JD285812,,7/4/2020 16:04,5,NO CONTROLS,NO CONTROLS,CLEAR,DAYLIGHT,REAR END,OTHER,,STRAIGHT AND LEVEL,OTHER,UNKNOWN,ON SCENE,NO INJURY / DRIVE AWAY,,Y,,$500 OR LESS,7/4/2020 16:40,NOT APPLICABLE,NOT APPLICABLE,7150,W,54TH ST,811,,,,,,,2,NO INDICATION OF INJURY,0,0,0,0,0,2,0,16,7,7,41.79406454,-87.80109077,POINT (-87.801090772082 41.794064542872)
17784ee4712989ffb8314cbb6aadd30ade48c1f4e6e1812d3736e6d924abb4a25d71deb1bf3a99882c56724f367ca17b5a187283fabc8042905170abee09eb85,JE487576,,12/24/2021 8:45,40,NO CONTROLS,NO CONTROLS,CLEAR,DAYLIGHT,SIDESWIPE SAME DIRECTION,DIVIDED - W/MEDIAN BARRIER,,STRAIGHT AND LEVEL,DRY,NO DEFECTS,ON SCENE,NO INJURY / DRIVE AWAY,,,,"OVER $1,500",12/24/2021 8:55,IMPROPER LANE USAGE,UNABLE TO DETERMINE,13,W,I190 EXPY,1654,,,,,,,2,NO INDICATION OF INJURY,0,0,0,0,0,3,0,8,6,12,,,
1610455c984f85ad8c72b2affb9f44d90ce9487d229feb67b91464fc20d21740f07debab55ef7fcec4711bf7434bfcc93237111586e85bcf76b86f477cc48ab0,JC355420,Y,7/19/2019 11:00,15,NO CONTROLS,NO CONTROLS,CLEAR,UNKNOWN,PARKED MOTOR VEHICLE,PARKING LOT,,STRAIGHT AND LEVEL,DRY,NO DEFECTS,ON SCENE,NO INJURY / DRIVE AWAY,,,Y,"OVER $1,500",7/19/2019 11:00,UNABLE TO DETERMINE,UNABLE TO DETERMINE,1,W,PARKING LOT E ST,1654,,,,,,,3,NO INDICATION OF INJURY,0,0,0,0,0,1,0,11,6,7,,,
146ed9e4a689e14d4885d3367885451d0a33c48f80a0464c0b95f595bdaebf7765ac3fcfc11e6890f91cf4077a0a26c7eca24d7f18c5f3d95e329695303d658d,JC166131,,2/26/2019 8:45,25,NO CONTROLS,NO CONTROLS,SNOW,DAYLIGHT,REAR END,NOT DIVIDED,2,STRAIGHT AND LEVEL,SNOW OR SLUSH,NO DEFECTS,ON SCENE,NO INJURY / DRIVE AWAY,,,,"OVER $1,500",2/26/2019 8:48,WEATHER,NOT APPLICABLE,3905,W,BELMONT AVE,2523,,,,,,,2,NO INDICATION OF INJURY,0,0,0,0,0,2,0,8,3,2,41.93902191,-87.72410543,POINT (-87.724105430978 41.939021907341)
165abae319a338dc5b64726bb4f7eddf8aa22e3aa38c520c4fdde31b96a323cd913f4952c107f269e8bb23401c7432bbb23cb4a29dafd1616745334f099f6ac1,JC472553,,10/9/2019 10:30,15,UNKNOWN,UNKNOWN,UNKNOWN,DAYLIGHT,ANGLE,PARKING LOT,,STRAIGHT ON GRADE,UNKNOWN,UNKNOWN,NOT ON SCENE (DESK REPORT),NO INJURY / DRIVE AWAY,,,,"$501 - $1,500",10/14/2019 16:50,UNABLE TO DETERMINE,NOT APPLICABLE,1,W,PARKING LOT G ST,1654,,,,,,,2,NO INDICATION OF INJURY,0,0,0,0,0,2,0,10,4,10,,,
15bca410b126041695db082ed6ef24e9842386a164fcb9494edf21a8cdf0dc1fc70381fbe1744603c61bc7edcc0707c02d789bf38ced7e0b5c0cbf837d40b0f0,JE419628,,10/23/2021 10:42,30,NO CONTROLS,NO CONTROLS,CLEAR,DAYLIGHT,PARKED MOTOR VEHICLE,NOT DIVIDED,,STRAIGHT AND LEVEL,DRY,NO DEFECTS,ON SCENE,INJURY AND / OR TOW DUE TO CRASH,,,,"OVER $1,500",10/23/2021 10:42,NOT APPLICABLE,NOT APPLICABLE,1218,W,73RD ST,734,,,,,,,3,FATAL,1,1,0,0,0,0,0,10,7,10,41.76151579,-87.65476519,POINT (-87.654765193823 41.761515793415)