CRASH_RECORD_ID,RD_NO,CRASH_DATE_EST_I,CRASH_DATE,POSTED_SPEED_LIMIT,TRAFFIC_CONTROL_DEVICE,DEVICE_CONDITION,WEATHER_CONDITION,LIGHTING_CONDITION,FIRST_CRASH_TYPE,TRAFFICWAY_TYPE,LANE_CNT,ALIGNMENT,ROADWAY_SURFACE_COND,ROAD_DEFECT,REPORT_TYPE,CRASH_TYPE,INTERSECTION_RELATED_I,NOT_RIGHT_OF_WAY_I,HIT_AND_RUN_I,DAMAGE,DATE_POLICE_NOTIFIED,PRIM_CONTRIBUTORY_CAUSE,SEC_CONTRIBUTORY_CAUSE,STREET_NO,STREET_DIRECTION,STREET_NAME,BEAT_OF_OCCURRENCE,PHOTOS_TAKEN_I,STATEMENTS_TAKEN_I,DOORING_I,WORK_ZONE_I,WORK_ZONE_TYPE,WORKERS_PRESENT_I,NUM_UNITS,MOST_SEVERE_INJURY,INJURIES_TOTAL,INJURIES_FATAL,INJURIES_INCAPACITATING,INJURIES_NON_INCAPACITATING,INJURIES_REPORTED_NOT_EVIDENT,INJURIES_NO_INDICATION,INJURIES_UNKNOWN,CRASH_HOUR,CRASH_DAY_OF_WEEK,CRASH_MONTH,LATITUDE,LONGITUDE,LOCATION
174bd896e0a7bc6076044d73ab5fae15db52e6b24d155cf719c686abbd8b373968da32f08dd78f7a52bcdf74c2e1d0e9d2087a7f25ef0a7d6ebfd673672e1b36,JE110821,,1/11/2021 0:30,30,NO CONTROLS,NO CONTROLS,UNKNOWN,DARKNESS,PARKED MOTOR VEHICLE,ONE-WAY,,STRAIGHT AND LEVEL,UNKNOWN,UNKNOWN,ON SCENE,NO INJURY / DRIVE AWAY,,,Y,"OVER $1,500",1/12/2021 15:28,UNABLE TO DETERMINE,NOT APPLICABLE,3340,W,HURON ST,1121,,,,,,,2,NO INDICATION OF INJURY,0,0,0,0,0,1,0,0,2,1,41.89379471,-87.71049957,POINT (-87.710499568935 41.893794707447)
1783e0447dffe84e121c6a36f8888ce0ff92e6525d2569f4d5ac2e8ab6ff31b5f26e10a99154bcfa6910d1becbb17e0277e63447973a526a0d35ca5722cf5b8a,HZ219740,,4/9/2016 17:00,30,UNKNOWN,UNKNOWN,UNKNOWN,UNKNOWN,ANGLE,UNKNOWN,0,STRAIGHT AND LEVEL,UNKNOWN,UNKNOWN,NOT ON SCENE (DESK REPORT),NO INJURY / DRIVE AWAY,,,Y,"OVER $1,500",4/9/2016 17:40,UNABLE TO DETERMINE,NOT APPLICABLE,7930,W,SCHOOL ST,1631,,,,,,,2,NO INDICATION OF INJURY,0,0,0,0,0,4,0,17,7,4,41.93955798,-87.82508234,POINT (-87.825082340874 41.939557978601)
168949cbf0b8f35a18530ad0fe64153ee955529b761f7f267bb7971ddc4cc78644295061243fe2d1f6814d5853e6274379e53a888eaa00700452e1140e484def,JA316388,,6/21/2017 9:50,30,NO CONTROLS,NO CONTROLS,CLEAR,DAYLIGHT,TURNING,NOT DIVIDED,2,STRAIGHT AND LEVEL,DRY,NO DEFECTS,ON SCENE,NO INJURY / DRIVE AWAY,Y,,,"OVER $1,500",6/21/2017 9:52,IMPROPER TURNING/NO SIGNAL,NOT APPLICABLE,3858,S,RHODES AVE,212,,,,,,,2,NO INDICATION OF INJURY,0,0,0,0,0,3,0,9,4,6,41.82391453,-87.61451183,POINT (-87.614511829528 41.823914530035)
1796325960bec7daf4daf1d8b0bf6696c218240967149fbee39f55c9b44f6c33d0f6861aa289705c342559ea81b5aac7da920eccfaf538c5574fe225a5800cdf,JE374380,,9/15/2021 9:15,30,NO CONTROLS,NO CONTROLS,CLEAR,DAYLIGHT,REAR TO SIDE,ONE-WAY,,STRAIGHT AND LEVEL,DRY,NO DEFECTS,,NO INJURY / DRIVE AWAY,,,Y,"OVER $1,500",9/15/2021 11:30,UNABLE TO DETERMINE,UNABLE TO DETERMINE,1301,W,13TH ST,1233,,,,,,,2,NO INDICATION OF INJURY,0,0,0,0,0,2,0,9,4,9,41.86508861,-87.65919389,POINT (-87.659193887813 41.86508860793)
16d379a51a3e357c9ebc72c38e3ad0f081e7ef32177ba3cef8dfef1a86eebe8c2fe1fb6cb773035bac3a8d1b7bcd9231849ebdf82a0b09ef220375a9999fc60b,JC398599,,8/18/2019 22:08,30,NO CONTROLS,NO CONTROLS,CLEAR,"DARKNESS, LIGHTED ROAD",PARKED MOTOR VEHICLE,ONE-WAY,,STRAIGHT AND LEVEL,DRY,NO DEFECTS,ON SCENE,NO INJURY / DRIVE AWAY,,,,$500 OR LESS,8/19/2019 11:22,UNABLE TO DETERMINE,UNABLE TO DETERMINE,3241,W,HURON ST,1121,,,,,,,2,,,,,,,,,22,1,8,41.89359934,-87.70805513,POINT (-87.70805512781 41.893599338244)
15c6f8b2e6fbc94ebadacd3376f2a64da2378d9e473d5a4b9efdb52e7aa49891f3ab146ab910f570652d197ee88d13db0dc2e3bfa4ec9fd9fed5265a53e9d6de,JD136013,,2/1/2020 7:45,30,TRAFFIC SIGNAL,FUNCTIONING PROPERLY,RAIN,DAYLIGHT,TURNING,FOUR WAY,,STRAIGHT AND LEVEL,WET,UNKNOWN,ON SCENE,NO INJURY / DRIVE AWAY,Y,,,"OVER $1,500",2/1/2020 7:52,WEATHER,NOT APPLICABLE,9501,S,STONY ISLAND AVE,431,,Y,,,,,3,NO INDICATION OF INJURY,0,0,0,0,0,3,0,7,7,2,41.72224382,-87.58496912,POINT (-87.584969118484 41.722243814964)
1737351af13936388aa86610e985a77802c6c5d38a7ce65c164703fb68f60c2e9e8daad789fd7ab6269cc279e175f627ac7559453164635617875470305a216b,JB483518,,10/20/2018 18:51,30,NO CONTROLS,NO CONTROLS,CLEAR,DUSK,TURNING,NOT DIVIDED,,STRAIGHT AND LEVEL,DRY,NO DEFECTS,,NO INJURY / DRIVE AWAY,,,,"$501 - $1,500",10/20/2018 19:23,NOT APPLICABLE,NOT APPLICABLE,5900,S,PULASKI RD,813,,,,,,,2,NO INDICATION OF INJURY,0,0,0,0,0,7,0,18,7,10,41.78588849,-87.72310659,POINT (-87.72310659145 41.785888494434)
171aa895963d3a098f875ed19c741c5a1ecbcbeb49952dbe26de2910067e4046320b93df9fbf4ffb7c64afaf59857c99e76299028e1b71236bfc318f16f0787e,JC537534,,12/6/2019 22:11,15,NO CONTROLS,NO CONTROLS,CLEAR,DARKNESS,PARKED MOTOR VEHICLE,NOT DIVIDED,,STRAIGHT AND LEVEL,DRY,NO DEFECTS,ON SCENE,NO INJURY / DRIVE AWAY,,,,$500 OR LESS,12/6/2019 22:19,IMPROPER BACKING,NOT APPLICABLE,5305,S,HOYNE AVE,932,,,,,,,2,NO INDICATION OF INJURY,0,0,0,0,0,4,0,22,6,12,41.79736112,-87.67668425,POINT (-87.676684251896 41.797361119912)
17015d846edf86bc68327697d5eb143285333b066dab503d6957223879e679352bdb3059bc76fb8cb3432f4d4bf47e0ca2206faf04de9315257fa336d6e2cfa0,JE423152,,10/25/2021 10:00,20,NO CONTROLS,NO CONTROLS,RAIN,DAYLIGHT,OTHER OBJECT,ONE-WAY,,STRAIGHT AND LEVEL,WET,NO DEFECTS,NOT ON SCENE (DESK REPORT),NO INJURY / DRIVE AWAY,,Y,,"OVER $1,500",10/26/2021 14:50,WEATHER,NOT APPLICABLE,7922,S,PARNELL AVE,621,,,,,,,1,,,,,,,,,10,2,10,41.75000918,-87.63807331,POINT (-87.638073308588 41.750009177255)
16143d1b9bf35b1db81be553f920ee1efaee85be51887206090f309d2396242125aaccc9465d039f96cf2c58a59fe6757d4a1cc3e1e057bea68d5d98c349ddba,JE307193,,7/19/2021 19:41,30,TRAFFIC SIGNAL,UNKNOWN,CLEAR,DAYLIGHT,REAR END,NOT DIVIDED,,STRAIGHT AND LEVEL,DRY,UNKNOWN,ON SCENE,NO INJURY / DRIVE AWAY,,,Y,"OVER $1,500",7/19/2021 20:07,UNABLE TO DETERMINE,UNABLE TO DETERMINE,3999,N,PULASKI RD,1732,,,,,,,3,NO INDICATION OF INJURY,0,0,0,0,0,4,0,19,2,7,41.95360367,-87.72746891,POINT (-87.72746891425 41.953603667843)
176411aedd680804ac05f982e1c268790f61f73a6f642ec5aed4b867fd84cf36f63169f1e8d06a61dbbe9d7dccb846a63c82e335ae757bb8d20d7fda7433658f,JC473562,,10/15/2019 9:30,20,NO CONTROLS,NO CONTROLS,CLEAR,DAYLIGHT,PARKED MOTOR VEHICLE,NOT DIVIDED,,STRAIGHT AND LEVEL,DRY,NO DEFECTS,ON SCENE,NO INJURY / DRIVE AWAY,,,Y,"OVER $1,500",10/15/2019 13:42,UNABLE TO DETERMINE,UNABLE TO DETERMINE,340,W,102ND PL,511,,,,,,,2,NO INDICATION OF INJURY,0,0,0,0,0,1,0,9,3,10,41.7080909,-87.6322858,POINT (-87.632285794954 41.708090901613)
1a9ac42f055f8fd1523c807936f49d6bb857bb1aadec79f0dab625964c6530f33838308d0aad0abf70a90148f3170ead3e8cbe26e68c3e7d31e1876bb13b4b82,JC202444,,3/28/2019 7:25,30,NO CONTROLS,NO CONTROLS,CLEAR,DAYLIGHT,PARKED MOTOR VEHICLE,DIVIDED - W/MEDIAN (NOT RAISED),4,"CURVE, LEVEL",DRY,UNKNOWN,ON SCENE,NO INJURY / DRIVE AWAY,,,,"OVER $1,500",3/28/2019 7:45,UNABLE TO DETERMINE,UNABLE TO DETERMINE,300,N,OGDEN AVE,1215,,,,,,,2,,,,,,,,,7,5,3,41.88667788,-87.66216723,POINT (-87.662167228116 41.886677875909)
1a6133d3d45eb39e350ebe979900dba251c44a7e8f27b9c570858521c6bda81d4421af8e0b47d8baf013520bea347da040fb63ae3d4cb0f82a5b2247e5a9110d,JE240919,,5/24/2021 7:45,30,UNKNOWN,UNKNOWN,CLEAR,DAYLIGHT,SIDESWIPE SAME DIRECTION,ONE-WAY,,STRAIGHT AND LEVEL,DRY,NO DEFECTS,ON SCENE,NO INJURY / DRIVE AWAY,,,Y,"OVER $1,500",5/24/2021 11:05,UNABLE TO DETERMINE,UNABLE TO DETERMINE,4340,W,CONGRESS PKWY,1131,,,,,,,2,NO INDICATION OF INJURY,0,0,0,0,0,2,0,7,2,5,41.87434262,-87.73437617,POINT (-87.734376164731 41.874342619566)
187e1ccd8f0d997cf5d18fae73140500f9d0a6c9291a1a23807e7608e79f6138c73bef5261ce74bfb8a58cc8dfd59429bb27ce84673f5c6f8eac514703de9752,JF201426,,4/7/2022 12:15,15,NO CONTROLS,NO CONTROLS,RAIN,DAWN,ANGLE,PARKING LOT,,STRAIGHT AND LEVEL,WET,NO DEFECTS,ON SCENE,NO INJURY / DRIVE AWAY,,,,$500 OR LESS,4/8/2022 12:16,UNABLE TO DETERMINE,UNABLE TO DETERMINE,4932,S,KEDZIE AVE,821,,,,,,,2,NO INDICATION OF INJURY,0,0,0,0,0,5,0,12,5,4,41.80349751,-87.70398757,POINT (-87.703987565889 41.803497510289)
1af6474ab205250f8cbbb8bdb879fe1a8193ffdcdf3e9f418198168055553544ee5ed46b1098e0eda0845fe6c5e5e9411892ecbd87422a776a61f40e4de679eb,JF107962,,1/9/2022 18:30,30,TRAFFIC SIGNAL,FUNCTIONING PROPERLY,CLEAR,"DARKNESS, LIGHTED ROAD",REAR END,ONE-WAY,,STRAIGHT AND LEVEL,DRY,UNKNOWN,ON SCENE,NO INJURY / DRIVE AWAY,,,,$500 OR LESS,1/9/2022 18:30,UNABLE TO DETERMINE,UNABLE TO DETERMINE,172,N,BESSIE COLEMAN DR,1654,,,,,,,2,NO INDICATION OF INJURY,0,0,0,0,0,2,0,18,1,1,,,
1a587d391ce199f99a15586a1d57ea51724bdd316e437273abaa3f4d3846176ecf11efe1925526392396a295b6e84dee2271f49bef8e073309758b16fc0bfe98,JC406726,,8/25/2019 14:32,30,NO CONTROLS,NO CONTROLS,CLEAR,DAYLIGHT,PEDALCYCLIST,NOT DIVIDED,,STRAIGHT AND LEVEL,DRY,NO DEFECTS,ON SCENE,NO INJURY / DRIVE AWAY,,,,$500 OR LESS,8/25/2019 14:58,NOT APPLICABLE,NOT APPLICABLE,5852,W,GRAND AVE,2515,,Y,,,,,2,NO INDICATION OF INJURY,0,0,0,0,0,3,0,14,1,8,41.9201458,-87.77274105,POINT (-87.772741047019 41.920145795019)
187fbd2675416d52437a78d16cdb07c9b4527175bd772628f4ef76eb9aea0a1d6c6fb5340ea08dc3e710c6ca35100434f7e913538b301b1507dc5270964d1fe2,JE361476,,9/4/2021 14:28,35,UNKNOWN,UNKNOWN,CLOUDY/OVERCAST,DAYLIGHT,SIDESWIPE SAME DIRECTION,NOT DIVIDED,,STRAIGHT AND LEVEL,DRY,NO DEFECTS,ON SCENE,NO INJURY / DRIVE AWAY,,,,$500 OR LESS,9/4/2021 14:29,NOT APPLICABLE,NOT APPLICABLE,3207,N,AUSTIN AVE,1633,,,,,,,2,NO INDICATION OF INJURY,0,0,0,0,0,2,0,14,7,9,41.9386732,-87.77607522,POINT (-87.77607521462 41.938673199671)
1865ad90497f7d3472acb4a8e2bdea8e9fa135faa500728c19c16220e414cbfdd86514b5cb71d68872702a5f81faa5c8e97a76f80d20c0745ad93383e39c3dd8,JD161039,,2/22/2020 1:30,30,NO CONTROLS,NO CONTROLS,CLEAR,DAYLIGHT,REAR TO SIDE,PARKING LOT,,STRAIGHT AND LEVEL,DRY,NO DEFECTS,ON SCENE,NO INJURY / DRIVE AWAY,,,,$500 OR LESS,2/22/2020 1:40,FAILING TO YIELD RIGHT-OF-WAY,IMPROPER BACKING,712,E,87TH ST,632,,,,,,,2,NO INDICATION OF INJURY,0,0,0,0,0,2,0,1,7,2,41.73673155,-87.60671703,POINT (-87.606717027714 41.736731548155)
17cad4a91a1563a79ddc0171c85808bfec36374b2459129eccd1ff13d964b98e9928192bb7ff6e8329f9588606c4f23717cda087c9a16a168035622b8c2a3431,JF127650,,1/29/2022 10:10,30,NO CONTROLS,NO CONTROLS,SNOW,DAYLIGHT,PARKED MOTOR VEHICLE,NOT DIVIDED,,STRAIGHT AND LEVEL,SNOW OR SLUSH,NO DEFECTS,ON SCENE,NO INJURY / DRIVE AWAY,,,,$500 OR LESS,1/29/2022 10:15,NOT APPLICABLE,NOT APPLICABLE,5337,S,WOODLAWN AVE,234,,,,,,,2,NO INDICATION OF INJURY,0,0,0,0,0,1,0,10,7,1,41.79830422,-87.59646963,POINT (-87.596469629997 41.798304221658)
18aef18ffd57b38f2c127effbbfb0bbef27e33366bdc539fbfa81ca83606de667ac260ee5c29e62c0885d2740326fb255a29511b5660b465445bc3300f3edf73,JC252372,,5/3/2019 22:00,30,NO CONTROLS,NO CONTROLS,CLEAR,DUSK,ANGLE,NOT DIVIDED,,STRAIGHT AND LEVEL,DRY,NO DEFECTS,NOT ON SCENE (DESK REPORT),NO INJURY / DRIVE AWAY,,,,"$501 - $1,500",5/6/2019 16:43,NOT APPLICABLE,NOT APPLICABLE,6750,S,PULASKI RD,833,,,,,,,2,NO INDICATION OF INJURY,0,0,0,0,0,2,0,22,6,5,41.76982954,-87.72268099,POINT (-87.722680985078 41.769829543233)
18d159b2dcc34400929c029797486d71280e4f6ed90e0ae70925a47d6138078805c5c3b040dda670d5a3904e7eaa410781860f0d4d423c4f5a7469e3cd6eb2c7,JE247607,,5/30/2021 6:29,30,UNKNOWN,UNKNOWN,CLEAR,DAYLIGHT,PARKED MOTOR VEHICLE,ONE-WAY,,STRAIGHT AND LEVEL,DRY,OTHER,ON SCENE,INJURY AND / OR TOW DUE TO CRASH,,,,"OVER $1,500",5/30/2021 6:29,NOT APPLICABLE,NOT APPLICABLE,3931,W,28TH ST,1031,,,,,,,3,NO INDICATION OF INJURY,0,0,0,0,0,2,0,6,1,5,41.84047673,-87.72316519,POINT (-87.723165188076 41.840476734185)
17e6e8f5de2fa671ad35f5b8a9199469241b0433d8c324786d4a05a8e4f23e4aac439b60e8ed59b754f9139df2b49d718b87f842f2c2ab8f422308c97b4cdfdb,JB226111,,4/15/2018 5:36,30,NO CONTROLS,NO CONTROLS,SNOW,DUSK,REAR END,NOT DIVIDED,,STRAIGHT AND LEVEL,WET,NO DEFECTS,NOT ON SCENE (DESK REPORT),NO INJURY / DRIVE AWAY,,,,$500 OR LESS,4/16/2018 14:50,UNABLE TO DETERMINE,NOT APPLICABLE,2009,N,WESTERN AVE,1432,,,,,,,2,NO INDICATION OF INJURY,0,0,0,0,0,2,0,5,1,4,41.91788318,-87.68727176,POINT (-87.687271757895 41.917883176882)
19804a462f633c3fdb2601989ecc41fc23306bae9cab29f30e7c9601dc4a8f8873ae06e43cc8bfdc49317523c36eb2190e70104496453212a68aa54978f809a0,JC444786,,9/23/2019 8:30,15,NO CONTROLS,NO CONTROLS,CLEAR,DAYLIGHT,PARKED MOTOR VEHICLE,PARKING LOT,,STRAIGHT AND LEVEL,DRY,NO DEFECTS,ON SCENE,NO INJURY / DRIVE AWAY,,,,"$501 - $1,500",9/23/2019 8:35,UNABLE TO DETERMINE,UNABLE TO DETERMINE,515,W,OHARE ST,1654,,,,,,,2,NO INDICATION OF INJURY,0,0,0,0,0,1,0,8,2,9,,,
1ae87e9259e7f6b114a77c7a2ed380f94e84f6d78c43015c9df8a03139d6c7056064174baaced30b8a0a88f4c0aa23a34339a21c30a9caa37b1b57fce87f9b32,JC125386,,1/22/2019 11:21,35,TRAFFIC SIGNAL,FUNCTIONING PROPERLY,SNOW,DAYLIGHT,REAR END,NOT DIVIDED,2,STRAIGHT AND LEVEL,WET,NO DEFECTS,ON SCENE,NO INJURY / DRIVE AWAY,Y,,,"OVER $1,500",1/22/2019 11:28,UNABLE TO DETERMINE,WEATHER,2900,W,FOSTER AVE,2011,,,,,,,3,NO INDICATION OF INJURY,0,0,0,0,0,5,0,11,3,1,41.97590825,-87.70143127,POINT (-87.701431268775 41.975908245473)
17a321ddd340a9c462d320e670444201b5ae188abb692201cd3db049d3199795988c7479cfc833a0c461b52b10bf170c2791c328328a5f1421da88c9064bace0,JD472513,,12/29/2020 11:45,30,NO CONTROLS,NO CONTROLS,SNOW,DAYLIGHT,REAR END,ALLEY,,STRAIGHT AND LEVEL,WET,UNKNOWN,ON SCENE,NO INJURY / DRIVE AWAY,,,Y,"OVER $1,500",12/29/2020 12:56,UNABLE TO DETERMINE,UNABLE TO DETERMINE,741,N,DRAKE AVE,1121,,,,,,,2,NO INDICATION OF INJURY,0,0,0,0,0,2,0,11,3,12,41.89491558,-87.71492933,POINT (-87.714929331432 41.894915575782)
195bdf7aa919a2303611053ce8705dedcf1a1ffafa6d0422ba97dd5dce9aa0c6bfa9736586399082cf61ffada71996ae8c49862dcbe6e83ac936ed81670f4820,JF117777,,1/19/2022 12:34,30,NO CONTROLS,NO CONTROLS,CLEAR,DAYLIGHT,ANGLE,NOT DIVIDED,,STRAIGHT AND LEVEL,DRY,NO DEFECTS,ON SCENE,INJURY AND / OR TOW DUE TO CRASH,Y,,Y,"OVER $1,500",1/19/2022 12:34,UNABLE TO DETERMINE,UNABLE TO DETERMINE,3959,W,TAYLOR ST,1132,,,,,,,2,"REPORTED, NOT EVIDENT",1,0,0,0,1,1,0,12,4,1,,,
19801b007f841e663963ce8cfafc1ae08109983acb95d8f2bd8956a3c1b4e85dcc0a3205358ca2aecfaa80e056e976aa42947ab16d58f27390e94b7cfdb0a09e,JE268019,,6/16/2021 12:00,25,NO CONTROLS,NO CONTROLS,CLEAR,DAYLIGHT,ANGLE,ONE-WAY,,STRAIGHT AND LEVEL,DRY,NO DEFECTS,ON SCENE,NO INJURY / DRIVE AWAY,,,,"OVER $1,500",6/16/2021 12:00,UNABLE TO DETERMINE,UNABLE TO DETERMINE,5209,S,CAMPBELL AVE,923,,,,,,,2,NO INDICATION OF INJURY,0,0,0,0,0,2,0,12,4,6,41.79897332,-87.68647536,POINT (-87.686475356032 41.798973320257)
19e2c35e136f16810dad18102a0c4b676ca532fc4b390b332d692fdba990696ab87f97ffd1bef71cd313b5e7b7001305bd6ab353b8d74ff4820840d687b9a451,JE306753,,7/19/2021 13:30,15,NO CONTROLS,NO CONTROLS,CLEAR,DAYLIGHT,PARKED MOTOR VEHICLE,PARKING LOT,,STRAIGHT AND LEVEL,DRY,NO DEFECTS,,NO INJURY / DRIVE AWAY,,,,"OVER $1,500",7/19/2021 13:40,UNABLE TO DETERMINE,UNABLE TO DETERMINE,410,W,OHARE ST,1651,,,,,,,2,NO INDICATION OF INJURY,0,0,0,0,0,1,0,13,2,7,,,
19a033f5ede45e0b6188083dc491c7f41d8417a9f5e33a1eecb77ac9ea60bbaaa30c1242770c51044dfe7e9c10dc38f642e46c698120838c640fdfe242ec1fa2,JB311853,,6/18/2018 9:11,15,NO CONTROLS,UNKNOWN,CLEAR,DAYLIGHT,PARKED MOTOR VEHICLE,DRIVEWAY,,"CURVE, LEVEL",DRY,NO DEFECTS,ON SCENE,NO INJURY / DRIVE AWAY,,,,$500 OR LESS,6/18/2018 9:12,IMPROPER BACKING,IMPROPER BACKING,4440,W,ADDISON ST,1731,,,,,,,2,NO INDICATION OF INJURY,0,0,0,0,0,1,0,9,2,6,41.94633705,-87.73875725,POINT (-87.738757248548 41.946337051162)
1b789b43d177b521bb3be7a26618b4362142b5462c7375352586e24cac79a6f411b15219921509f283b5bbd297de3c54063db1d0dfb08fc7f6dcee3bedf5550a,HZ160946,,2/22/2016 12:15,30,NO CONTROLS,NO CONTROLS,CLEAR,DAYLIGHT,SIDESWIPE SAME DIRECTION,NOT DIVIDED,2,STRAIGHT AND LEVEL,DRY,NO DEFECTS,ON SCENE,NO INJURY / DRIVE AWAY,,,,"$501 - $1,500",2/22/2016 13:10,IMPROPER OVERTAKING/PASSING,IMPROPER OVERTAKING/PASSING,1731,S,PULASKI RD,1014,,,,,,,2,NO INDICATION OF INJURY,0,0,0,0,0,3,0,12,2,2,,,
1c7c9df5830de48cf6271bf4672f129436c0baa2b5b0021f2eb0c0732759e0e720827ef62827196d426751b606b41a3079ac6382c7a91e31f5c63e5feb567863,JB291366,,6/3/2018 14:00,30,TRAFFIC SIGNAL,FUNCTIONING PROPERLY,CLEAR,DAYLIGHT,REAR END,NOT DIVIDED,,STRAIGHT AND LEVEL,DRY,NO DEFECTS,NOT ON SCENE (DESK REPORT),NO INJURY / DRIVE AWAY,,,,"OVER $1,500",6/3/2018 15:00,FOLLOWING TOO CLOSELY,FOLLOWING TOO CLOSELY,150,W,44TH ST,215,,,,,,,2,NO INDICATION OF INJURY,0,0,0,0,0,2,0,14,1,6,,,
1ce71fa3a94ed8343d8c63e37bf36bc9172e1c3dae0efd4ddead66e99410814c5950cd1bd40b8ce0d7fc9e8af4458cdfa339a45f3f7fd4eacd9f0cb8859db242,JD148306,,2/11/2020 17:37,30,NO CONTROLS,NO CONTROLS,CLEAR,DUSK,REAR END,NOT DIVIDED,,STRAIGHT AND LEVEL,DRY,NO DEFECTS,ON SCENE,NO INJURY / DRIVE AWAY,,,,"$501 - $1,500",2/11/2020 17:38,UNABLE TO DETERMINE,NOT APPLICABLE,3950,W,103RD ST,2211,,,,,,,2,NO INDICATION OF INJURY,0,0,0,0,0,2,0,17,3,2,41.7059888,-87.72056193,POINT (-87.720561928644 41.705988800323)
1c4bc492e93c58122886acc7ecec96418621e65c13afec8723023589c55a4c0fe1d75bacb352949106745f801ecd1ea7048b0317f97eacb1d7f0f1e4e6b9d2f5,JC315895,,6/21/2019 15:46,30,NO CONTROLS,NO CONTROLS,CLEAR,DAYLIGHT,TURNING,NOT DIVIDED,,STRAIGHT AND LEVEL,DRY,NO DEFECTS,,NO INJURY / DRIVE AWAY,Y,,,"OVER $1,500",6/21/2019 15:54,UNABLE TO DETERMINE,NOT APPLICABLE,1828,W,PERSHING RD,912,,,,,,,2,NO INDICATION OF INJURY,0,0,0,0,0,2,0,15,6,6,41.82339469,-87.67135863,POINT (-87.671358627836 41.823394685452)
1b91197edd13bb13d3a9d43358359686ccba8c7fd9d28a05580f794821b37a99fb754662bc1707767e5e5e984c86b2274799f89a17bab796460068f3222fb7cc,JE480050,,12/16/2021 20:45,55,OTHER,FUNCTIONING PROPERLY,CLEAR,"DARKNESS, LIGHTED ROAD",OTHER OBJECT,OTHER,,STRAIGHT AND LEVEL,DRY,DEBRIS ON ROADWAY,NOT ON SCENE (DESK REPORT),NO INJURY / DRIVE AWAY,,,,$500 OR LESS,12/16/2021 20:45,NOT APPLICABLE,NOT APPLICABLE,6200,S,DAN RYAN LOCAL OB,711,,,,,,,2,NO INDICATION OF INJURY,0,0,0,0,0,3,0,20,5,12,,,
1c93107df42e9748370cefb4b78b7ed7ddc83ea0a684f60031c3dc5d861c0d2376fd5b3b981a730562131e2c4571b3c9832aa7a069b3aa364bf4bc6f83e146e7,HZ548449,,12/11/2016 23:40,35,UNKNOWN,UNKNOWN,SNOW,DARKNESS,FIXED OBJECT,NOT DIVIDED,2,STRAIGHT AND LEVEL,WET,UNKNOWN,ON SCENE,INJURY AND / OR TOW DUE TO CRASH,,,,"OVER $1,500",12/11/2016 23:45,UNABLE TO DETERMINE,UNABLE TO DETERMINE,451,E,63RD ST,312,,,,,,,2,NO INDICATION OF INJURY,0,0,0,0,0,1,0,23,1,12,41.7801643,-87.61365015,POINT (-87.613650151716 41.780164301699)
1d4ca344dba114f1155d5ea94392cd19a2072b58620084887973c507e4361517eb56358a54f6f299048e14f954173e3bf222feebff71c776e8d90fe5b1bdf6e4,JC545680,,12/13/2019 14:40,55,NO CONTROLS,NO CONTROLS,CLEAR,DAYLIGHT,SIDESWIPE SAME DIRECTION,DIVIDED - W/MEDIAN BARRIER,,STRAIGHT AND LEVEL,DRY,NO DEFECTS,ON SCENE,INJURY AND / OR TOW DUE TO CRASH,,,,"OVER $1,500",12/13/2019 15:00,FAILING TO YIELD RIGHT-OF-WAY,FAILING TO REDUCE SPEED TO AVOID CRASH,6700,S,CHICAGO SKYWAY OB,322,,,,Y,UNKNOWN,N,2,NO INDICATION OF INJURY,0,0,0,0,0,3,0,14,6,12,,,
1c59b536122f80a02a39d07a6335e89812f437107ff2685305f4ba08d3c19b39754b7b1ae932286ada9a486c041bc22f79c79b3cc08ffeb63936fa220959ed59,JE162867,,3/8/2021 14:10,30,TRAFFIC SIGNAL,FUNCTIONING PROPERLY,CLEAR,DAYLIGHT,TURNING,FOUR WAY,,STRAIGHT AND LEVEL,DRY,NO DEFECTS,ON SCENE,INJURY AND / OR TOW DUE TO CRASH,Y,,,"OVER $1,500",3/8/2021 14:13,FAILING TO REDUCE SPEED TO AVOID CRASH,FOLLOWING TOO CLOSELY,4099,N,HARLEM AVE,1632,,,,,,,2,INCAPACITATING INJURY,1,0,1,0,0,1,0,14,2,3,,,
1e3fe6581d60ca2d0435c5d22e24dbfaeb2e796a945184984e8780df6a39b24b5e929af05cd29f45eeebb78a42892a119161d6152dad25b5161d44bf6e97e342,HZ173436,,3/3/2016 7:45,30,UNKNOWN,UNKNOWN,UNKNOWN,UNKNOWN,REAR END,UNKNOWN,0,STRAIGHT AND LEVEL,UNKNOWN,UNKNOWN,NOT ON SCENE (DESK REPORT),NO INJURY / DRIVE AWAY,,,,"$501 - $1,500",3/3/2016 18:16,UNABLE TO DETERMINE,UNABLE TO DETERMINE,3703,W,13TH ST,1011,,,,,,,2,NO INDICATION OF INJURY,0,0,0,0,0,3,0,7,5,3,41.86432422,-87.71796776,POINT (-87.717967755668 41.864324217895)
1c7485681cfbf25789308a295425f4c44b96f7a36d0ba28f28428fbebfc9e752f405448f0afd4bb6d741d8b1bbd94e959156e3a78cb1f1a84f9870be48a8fb6a,JA296813,,6/7/2017 16:45,35,NO CONTROLS,NO CONTROLS,CLEAR,DAYLIGHT,TURNING,NOT DIVIDED,4,STRAIGHT AND LEVEL,DRY,NO DEFECTS,ON SCENE,NO INJURY / DRIVE AWAY,Y,,,"OVER $1,500",6/7/2017 16:48,UNABLE TO DETERMINE,UNABLE TO DETERMINE,951,N,AUSTIN BLVD,1511,,,,,,,2,NO INDICATION OF INJURY,0,0,0,0,0,2,0,16,4,6,41.89809024,-87.77509737,POINT (-87.775097372446 41.898090243043)