CRASH_RECORD_ID,RD_NO,CRASH_DATE_EST_I,CRASH_DATE,POSTED_SPEED_LIMIT,TRAFFIC_CONTROL_DEVICE,DEVICE_CONDITION,WEATHER_CONDITION,LIGHTING_CONDITION,FIRST_CRASH_TYPE,TRAFFICWAY_TYPE,LANE_CNT,ALIGNMENT,ROADWAY_SURFACE_COND,ROAD_DEFECT,REPORT_TYPE,CRASH_TYPE,INTERSECTION_RELATED_I,NOT_RIGHT_OF_WAY_I,HIT_AND_RUN_I,DAMAGE,DATE_POLICE_NOTIFIED,PRIM_CONTRIBUTORY_CAUSE,SEC_CONTRIBUTORY_CAUSE,STREET_NO,STREET_DIRECTION,STREET_NAME,BEAT_OF_OCCURRENCE,PHOTOS_TAKEN_I,STATEMENTS_TAKEN_I,DOORING_I,WORK_ZONE_I,WORK_ZONE_TYPE,WORKERS_PRESENT_I,NUM_UNITS,MOST_SEVERE_INJURY,INJURIES_TOTAL,INJURIES_FATAL,INJURIES_INCAPACITATING,INJURIES_NON_INCAPACITATING,INJURIES_REPORTED_NOT_EVIDENT,INJURIES_NO_INDICATION,INJURIES_UNKNOWN,CRASH_HOUR,CRASH_DAY_OF_WEEK,CRASH_MONTH,LATITUDE,LONGITUDE,LOCATION
1c2196e27470278e8fb098d99647e1a7ceda163ba1729ea1643023853c97466c579e182cabb234d01045a0551d5fb0a36a2f5c4cab9c8f22df492d7d05766ca4,JE148874,,2/22/2021 14:51,15,NO CONTROLS,NO CONTROLS,SNOW,DAYLIGHT,FIXED OBJECT,ALLEY,,STRAIGHT AND LEVEL,SNOW OR SLUSH,NO DEFECTS,ON SCENE,NO INJURY / DRIVE AWAY,,Y,,"$501 - $1,500",2/22/2021 15:02,WEATHER,UNABLE TO DETERMINE,10717,S,MAPLEWOOD AVE,2212,,,,,,,1,NO INDICATION OF INJURY,0,0,0,0,0,1,0,14,2,2,41.69851266,-87.68493069,POINT (-87.684930693268 41.698512654513)
1c370a5c2c315338c355f87b727422959b23a088a26f85f043f859274881474904f7092dad733747f76bc79aec41e71ea2da36591b5db845df2c0b8a8533b921,JB415240,,8/30/2018 15:00,35,UNKNOWN,UNKNOWN,CLEAR,DAYLIGHT,REAR END,NOT DIVIDED,,STRAIGHT AND LEVEL,DRY,UNKNOWN,NOT ON SCENE (DESK REPORT),NO INJURY / DRIVE AWAY,,,,"$501 - $1,500",8/30/2018 15:40,UNABLE TO DETERMINE,NOT APPLICABLE,6150,N,CALDWELL AVE,1621,,,,,,,2,NO INDICATION OF INJURY,0,0,0,0,0,2,0,15,5,8,41.99286467,-87.75747769,POINT (-87.757477686672 41.992864668174)
1b7f2ed8cba4a1bb4137e2d012eb2d15ffb0507f3047c605529e81749aefbd1eb28cdc682081783f6c821e1e88ff9e40ff9f4b673455c14ed8c76e671eeb37b2,JB326021,,6/28/2018 9:05,30,NO CONTROLS,NO CONTROLS,CLEAR,DAYLIGHT,REAR END,PARKING LOT,,STRAIGHT AND LEVEL,DRY,NO DEFECTS,ON SCENE,NO INJURY / DRIVE AWAY,,Y,,"OVER $1,500",6/28/2018 9:10,IMPROPER BACKING,IMPROPER BACKING,3715,N,WESTERN AVE,1921,,,,,,,2,NO INDICATION OF INJURY,0,0,0,0,0,2,0,9,5,6,41.94903936,-87.68817471,POINT (-87.688174713916 41.949039363229)
1cc2d0e912de78a6d6d62398895b3394a9f724e0ae083ebed5a49b0723a3e7aa8942f5db094bfef1cf76b1d4e84210206eeb1af3f8d0f9f93ab457302cb41e97,JE224454,,5/9/2021 9:50,55,OTHER,FUNCTIONING PROPERLY,RAIN,DAYLIGHT,FIXED OBJECT,DIVIDED - W/MEDIAN BARRIER,,STRAIGHT ON GRADE,WET,NO DEFECTS,ON SCENE,INJURY AND / OR TOW DUE TO CRASH,,Y,,"OVER $1,500",5/9/2021 9:51,DRIVING SKILLS/KNOWLEDGE/EXPERIENCE,NOT APPLICABLE,7301,S,CHICAGO SKYWAY IB,323,,,,,,,1,NO INDICATION OF INJURY,0,0,0,0,0,2,0,9,1,5,,,
1c084cbdb29448ce6a1ea72457df058cfc552cc1371a9540d64406aa30e16af743ea0263723825504c6f5d71423838f28956ab4019de86e0d842bec8895cb797,JF145964,,2/15/2022 12:15,30,STOP SIGN/FLASHER,FUNCTIONING PROPERLY,CLEAR,DAYLIGHT,REAR END,FOUR WAY,,STRAIGHT ON GRADE,DRY,UNKNOWN,NOT ON SCENE (DESK REPORT),NO INJURY / DRIVE AWAY,Y,,,"$501 - $1,500",2/16/2022 8:42,UNABLE TO DETERMINE,UNABLE TO DETERMINE,2709,W,TOUHY AVE,2411,,,,,,,2,NO INDICATION OF INJURY,0,0,0,0,0,2,0,12,3,2,42.01200312,-87.69776967,POINT (-87.697769670923 42.012003121152)
97a836ba4933fd914307071a87fdfe4eea5a64a7afd03503aab1fdc9adf1f47fcdf260c58dada584ecd2940d7bb9bdf61fa44cd7cd65e882248c9dc4f40e1525,JE251420,,5/9/2021 17:00,30,NO CONTROLS,NO CONTROLS,CLEAR,DAYLIGHT,ANGLE,ONE-WAY,,STRAIGHT AND LEVEL,DRY,NO DEFECTS,NOT ON SCENE (DESK REPORT),NO INJURY / DRIVE AWAY,,,,"OVER $1,500",6/2/2021 17:40,IMPROPER BACKING,NOT APPLICABLE,6350,N,TALMAN AVE,2413,,,,,,,2,NO INDICATION OF INJURY,0,0,0,0,0,2,0,17,1,5,41.99730874,-87.69611586,POINT (-87.696115861781 41.997308735144)
1e56725de6b716c02c9df73d38f2244bb292b5c629a9b18d1e54a9002fcbc34f0320b0240ffa5fed74f3ba89bea069f05c6a5d29f4f5614e4abd5d72bf3a75c2,JD320877,,7/29/2020 7:50,30,NO CONTROLS,NO CONTROLS,CLEAR,DAYLIGHT,REAR END,NOT DIVIDED,,STRAIGHT AND LEVEL,DRY,NO DEFECTS,NOT ON SCENE (DESK REPORT),NO INJURY / DRIVE AWAY,,,,"$501 - $1,500",8/4/2020 18:15,NOT APPLICABLE,NOT APPLICABLE,299,E,MONROE DR,114,,,,,,,2,NO INDICATION OF INJURY,0,0,0,0,0,2,0,7,4,7,41.88076242,-87.62088387,POINT (-87.620883870254 41.880762422701)
1d0b88bac52acf0cf0d8d6978c55a1405b305c0f6112d75dbf05fb4efd8c101dd8eabb006e4dc62d85b0cc531ec6f4c893efb4f89812f134a9ed5719a163f810,JD408706,,10/23/2020 13:35,30,NO CONTROLS,NO CONTROLS,RAIN,DAYLIGHT,REAR END,ONE-WAY,,STRAIGHT AND LEVEL,WET,"RUT, HOLES",ON SCENE,NO INJURY / DRIVE AWAY,,,,"$501 - $1,500",10/23/2020 13:40,EQUIPMENT - VEHICLE CONDITION,WEATHER,346,W,77TH ST,623,,,,,,,2,NO INDICATION OF INJURY,0,0,0,0,0,3,0,13,6,10,41.75455161,-87.63368307,POINT (-87.633683073196 41.754551609081)
1c951cdc000ec413e293fb86711590c5fe3e20bc2b67d56ab76aba35230a0216a930ef7cdf253ff5ebcfe80d2674759e1c97be0cf6fa693617ba558179cb4f97,JE257472,,6/7/2021 16:50,30,NO CONTROLS,NO CONTROLS,CLEAR,DAYLIGHT,REAR END,NOT DIVIDED,,STRAIGHT AND LEVEL,DRY,NO DEFECTS,NOT ON SCENE (DESK REPORT),NO INJURY / DRIVE AWAY,,,,"OVER $1,500",6/7/2021 18:50,IMPROPER BACKING,IMPROPER BACKING,1550,W,50TH ST,933,,,,,,,2,NO INDICATION OF INJURY,0,0,0,0,0,3,0,16,2,6,41.80325265,-87.66449209,POINT (-87.664492089782 41.803252648789)
8ff423944a584f706311b1873635156d25144cc8ad924fc0f4aa7534ea27daa98793affb0ecfe1da79185a87301b29e74419bc815cf2e8b750e88f72b5660d43,JG284381,,6/1/2023 15:00,30,NO CONTROLS,NO CONTROLS,CLEAR,DAYLIGHT,TURNING,NOT DIVIDED,,STRAIGHT AND LEVEL,DRY,NO DEFECTS,NOT ON SCENE (DESK REPORT),NO INJURY / DRIVE AWAY,,,,"OVER $1,500",6/1/2023 20:30,NOT APPLICABLE,NOT APPLICABLE,8000,S,KEDZIE AVE,834,,,,,,,2,NO INDICATION OF INJURY,0,0,0,0,0,3,0,15,5,6,41.74793354,-87.70248876,POINT (-87.702488761245 41.747933543068)
1cb48d79bbfba3f0f26849a1b42b76b1962f6878fc1a60e627c93a007d0dde59c7379316289debc6d38557a6993cad7e13631d473e59ca691597695ee323c252,JE395388,,10/2/2021 13:22,30,NO CONTROLS,NO CONTROLS,CLEAR,DAYLIGHT,PARKED MOTOR VEHICLE,ONE-WAY,,STRAIGHT AND LEVEL,DRY,NO DEFECTS,ON SCENE,NO INJURY / DRIVE AWAY,,,Y,"$501 - $1,500",10/2/2021 13:22,UNABLE TO DETERMINE,NOT APPLICABLE,7302,S,MAY ST,733,,,,,,,2,NO INDICATION OF INJURY,0,0,0,0,0,1,0,13,7,10,41.76128641,-87.65294761,POINT (-87.652947613606 41.761286413955)
1fe9492e30fa2e1c0fe8501c87c605ff45b9beb9087db7af637e37dce851ce81b28c11952058c472ef4f78090a35b6c42d69dd028acd3580b2f7914bb652a48b,JE327276,,8/5/2021 15:18,30,NO CONTROLS,NO CONTROLS,CLEAR,DAYLIGHT,TURNING,NOT DIVIDED,,STRAIGHT AND LEVEL,DRY,NO DEFECTS,NOT ON SCENE (DESK REPORT),NO INJURY / DRIVE AWAY,,,Y,"$501 - $1,500",8/5/2021 16:03,NOT APPLICABLE,NOT APPLICABLE,5874,S,ARCHER AVE,814,,,,,,,2,NO INDICATION OF INJURY,0,0,0,0,0,2,0,15,5,8,41.79591839,-87.76178079,POINT (-87.761780789101 41.795918387995)
211bdfc226deeda3f6fe9c3cde78c1a4b8ec893966ab623c0e73b9d9737e1d8995817e063512c8374c81227cb0a9d8276fe63914a7be743068f44c592a5a6f49,JE315182,,7/26/2021 17:50,30,NO CONTROLS,NO CONTROLS,CLEAR,DAYLIGHT,ANGLE,NOT DIVIDED,,STRAIGHT AND LEVEL,DRY,NO DEFECTS,ON SCENE,NO INJURY / DRIVE AWAY,,,,"OVER $1,500",7/26/2021 17:55,FAILING TO YIELD RIGHT-OF-WAY,NOT APPLICABLE,5909,S,PULASKI RD,822,,,,,,,2,NO INDICATION OF INJURY,0,0,0,0,0,3,0,17,2,7,41.78562102,-87.72280531,POINT (-87.722805304506 41.785621016813)
205cb5de343f1d91d4406392230eb46cb87fe4663c02c6829b65a05a25dfb106a86cf0603e31a2e407aac837294c2f8c70e525f8f3f444490618dcd3ce3eef56,JD123566,,1/21/2020 16:10,25,NO CONTROLS,NO CONTROLS,CLEAR,DAYLIGHT,REAR TO FRONT,PARKING LOT,,STRAIGHT ON GRADE,ICE,UNKNOWN,ON SCENE,NO INJURY / DRIVE AWAY,,,,"OVER $1,500",1/21/2020 16:10,IMPROPER BACKING,UNABLE TO DETERMINE,2320,E,93RD ST,413,,,,,,,2,NO INDICATION OF INJURY,0,0,0,0,0,2,0,16,3,1,41.72632923,-87.56727091,POINT (-87.567270908236 41.726329231443)
201a5b392e7f35916bcc026cd5bd657bd2ee1e4bdff82a2d1ef204a7891629e054806db828bbd772a9622fe270bbb6380448cb033662a4084ffdcb45c319ec82,JE175253,,3/21/2021 13:31,15,NO CONTROLS,NO CONTROLS,CLEAR,DAYLIGHT,REAR TO FRONT,PARKING LOT,,STRAIGHT AND LEVEL,DRY,NO DEFECTS,ON SCENE,NO INJURY / DRIVE AWAY,,,Y,$500 OR LESS,3/21/2021 13:40,UNABLE TO DETERMINE,UNABLE TO DETERMINE,1541,E,87TH ST,412,,,,,,,2,NO INDICATION OF INJURY,0,0,0,0,0,2,0,13,1,3,41.736794,-87.58638742,POINT (-87.586387421024 41.736794004457)
20252e166920bcd9a5f815f42498eb163e992d436af3110c393ba6464535ccc25ddbd1ce32185360c561b6d0f19289bfbebb3b7021d79fb7a46cddced959ef7c,JF263253,,5/29/2022 12:40,30,TRAFFIC SIGNAL,FUNCTIONING PROPERLY,CLEAR,"DARKNESS, LIGHTED ROAD",ANGLE,FOUR WAY,,STRAIGHT AND LEVEL,DRY,NO DEFECTS,NOT ON SCENE (DESK REPORT),NO INJURY / DRIVE AWAY,Y,,,"OVER $1,500",6/1/2022 7:10,FAILING TO YIELD RIGHT-OF-WAY,FAILING TO REDUCE SPEED TO AVOID CRASH,5500,S,WENTWORTH AVE,225,,,,,,,2,NO INDICATION OF INJURY,0,0,0,0,0,3,0,12,1,5,,,
1fce7cef508edf317ca96a36b1b8228b6a0c6e385a5b2be93dcb2ed013ce7f174a57be87f62a6e257443486952d5f2c2a95337589a3a0b1d5cd4e42d0578427e,JC261420,,5/13/2019 14:00,20,NO CONTROLS,NO CONTROLS,CLEAR,DAYLIGHT,ANGLE,OTHER,,STRAIGHT AND LEVEL,DRY,NO DEFECTS,NOT ON SCENE (DESK REPORT),NO INJURY / DRIVE AWAY,,,,$500 OR LESS,5/13/2019 14:45,NOT APPLICABLE,NOT APPLICABLE,4662,S,BISHOP ST,924,,,,,,,2,NO INDICATION OF INJURY,0,0,0,0,0,2,0,14,2,5,41.80874283,-87.66146682,POINT (-87.661466822434 41.808742827465)
1ef6c32b3631953f174a8f5b300e735d9bb069a5d1f0c6b3c3066f121d3b0fe19a9a9ee53fb2d78fe9ca100e75a2a610e88dc740bd762ee4f9d1cf6138e43969,JC519330,,11/21/2019 15:15,10,NO CONTROLS,NO CONTROLS,CLEAR,DAYLIGHT,OTHER OBJECT,OTHER,,STRAIGHT AND LEVEL,DRY,NO DEFECTS,ON SCENE,NO INJURY / DRIVE AWAY,,Y,Y,$500 OR LESS,11/21/2019 16:10,IMPROPER BACKING,NOT APPLICABLE,1030,N,STATE ST,1824,,,,,,,1,NO INDICATION OF INJURY,0,0,0,0,0,1,0,15,5,11,41.90146342,-87.62848137,POINT (-87.628481371486 41.901463414903)
1ec717b9ae1b15f32337ed7132abc187de20382fcba8f9c360b3bd84dd6f584c95e9ebaf2ce96a1ac67cb5cf7ae2d8cfdba4dba2579f6e159587f2c89969eab2,JF203254,,4/10/2022 4:47,30,NO CONTROLS,NO CONTROLS,CLEAR,"DARKNESS, LIGHTED ROAD",PARKED MOTOR VEHICLE,ONE-WAY,,STRAIGHT AND LEVEL,DRY,NO DEFECTS,ON SCENE,NO INJURY / DRIVE AWAY,,,Y,"OVER $1,500",4/10/2022 4:48,UNABLE TO DETERMINE,NOT APPLICABLE,1408,N,CAMPBELL AVE,1423,,,,,,,2,,,,,,,,,4,1,4,41.90695946,-87.68973956,POINT (-87.689739560525 41.906959461872)
2195745ce61a3db28021abd5f14bc97b40dbd1138fc0ac8ad4aacf4cab4a7687e0a94147059c825351895e14740342cf33f01a7bcda89c2f1202d71efc7bc82c,JB346987,,7/12/2018 18:30,30,NO CONTROLS,NO CONTROLS,CLEAR,DUSK,PARKED MOTOR VEHICLE,NOT DIVIDED,2,STRAIGHT AND LEVEL,DRY,NO DEFECTS,ON SCENE,NO INJURY / DRIVE AWAY,,,,"OVER $1,500",7/12/2018 18:37,IMPROPER BACKING,NOT APPLICABLE,5711,W,63RD ST,812,,,,,,,2,NO INDICATION OF INJURY,0,0,0,0,0,1,0,18,5,7,41.7778868,-87.76461744,POINT (-87.764617436277 41.777886798195)
1fd28a6490b712b8b007ff11e3423bab40509c7a632f88454b8e9bb8fa1c00cee479c5ddd43366c208c43659ab0c7ca77da341f3ff067364e1f7ab040cbf5bc7,JB449249,,9/24/2018 14:00,30,NO CONTROLS,NO CONTROLS,CLEAR,DAYLIGHT,ANGLE,NOT DIVIDED,4,STRAIGHT AND LEVEL,DRY,NO DEFECTS,ON SCENE,NO INJURY / DRIVE AWAY,,,,$500 OR LESS,9/24/2018 16:18,FAILING TO YIELD RIGHT-OF-WAY,NOT APPLICABLE,535,N,MICHIGAN AVE,1834,,,,,,,2,NO INDICATION OF INJURY,0,0,0,0,0,2,0,14,2,9,41.89189708,-87.62401629,POINT (-87.624016288559 41.891897075755)
216973a59ad38acb0e98174d207a1802ab65fb9219a35fc237fcd0ddb5b63fde21e3aa8977c92030708af41abafd00e0513fead1197d0fa46ecf5c9d790a4d75,JB173312,,3/4/2018 12:40,35,NO CONTROLS,NO CONTROLS,CLEAR,DAYLIGHT,FIXED OBJECT,NOT DIVIDED,,STRAIGHT AND LEVEL,DRY,NO DEFECTS,ON SCENE,NO INJURY / DRIVE AWAY,,,Y,"OVER $1,500",3/4/2018 12:45,UNABLE TO DETERMINE,NOT APPLICABLE,4932,N,KEDZIE AVE,1713,,,,,,,1,NO INDICATION OF INJURY,0,0,0,0,0,1,0,12,1,3,41.97126371,-87.70869824,POINT (-87.7086982401 41.971263710846)
1f3c9d9b4474ecbf854e3cfc442acbd9beabb511ae3098adf16e9592a9300fc9557183f6a806e9ca1a2cf7d22a0805057dac3324a82e204818254dfb42f9c968,JC504411,,11/9/2019 13:30,35,TRAFFIC SIGNAL,UNKNOWN,CLEAR,DAWN,REAR END,FOUR WAY,,STRAIGHT AND LEVEL,DRY,NO DEFECTS,NOT ON SCENE (DESK REPORT),NO INJURY / DRIVE AWAY,,,,"$501 - $1,500",11/9/2019 14:18,UNABLE TO DETERMINE,NOT APPLICABLE,1201,N,AUSTIN BLVD,2531,,,,,,,2,NO INDICATION OF INJURY,0,0,0,0,0,2,0,13,7,11,41.90209124,-87.77521789,POINT (-87.77521789397 41.902091238174)
1e7da72586751a6fe3eab6d2a9fdd17a408c61bb3fbfadb16b2c4060441970e4e2f37ec960459094c6f065bc9ddf344b6115ca4361d1ec8acec8b176dce81790,JB563640,,12/22/2018 10:40,30,NO CONTROLS,NO CONTROLS,CLEAR,DAYLIGHT,ANGLE,NOT DIVIDED,,STRAIGHT AND LEVEL,DRY,NO DEFECTS,ON SCENE,NO INJURY / DRIVE AWAY,,,,$500 OR LESS,12/22/2018 10:48,FAILING TO YIELD RIGHT-OF-WAY,NOT APPLICABLE,10032,S,STATE ST,511,,,,,,,2,NO INDICATION OF INJURY,0,0,0,0,0,2,0,10,7,12,41.7116675,-87.62375865,POINT (-87.62375865112 41.711667503748)
214eacb1cd8f3c9043ba0a25ae18167a98d2bd4441d8bd2ee0acfa535467ecd6c9d4b07641771c22b8fffc947fdfcfaadb355afab1106132d6fde1b2bb8d359d,JA379919,,8/6/2017 15:30,35,OTHER,OTHER,CLEAR,DAYLIGHT,REAR END,DIVIDED - W/MEDIAN BARRIER,9,STRAIGHT AND LEVEL,DRY,NO DEFECTS,ON SCENE,NO INJURY / DRIVE AWAY,,,,"$501 - $1,500",8/6/2017 15:35,IMPROPER BACKING,NOT APPLICABLE,8800,S,CHICAGO SKYWAY IB,423,,,,,,,2,NO INDICATION OF INJURY,0,0,0,0,0,4,0,15,1,8,41.73527677,-87.5665293,POINT (-87.566529296213 41.735276774373)
1eabe60d92429c376079404a98d96c4f8f4662bc6bf9144d41f57964c83f3cb52e6ad9fb85620307575866df38641acaa03e5a04bf9aad38e8c085faa5f3d8fd,JE475936,,12/13/2021 12:05,30,OTHER,FUNCTIONING PROPERLY,CLEAR,DAYLIGHT,REAR END,NOT DIVIDED,,STRAIGHT AND LEVEL,DRY,NO DEFECTS,ON SCENE,NO INJURY / DRIVE AWAY,,,,"OVER $1,500",12/13/2021 12:06,NOT APPLICABLE,NOT APPLICABLE,254,S,KOSTNER AVE,1113,,,,,,,2,NO INDICATION OF INJURY,0,0,0,0,0,2,0,12,2,12,41.87700845,-87.73549752,POINT (-87.735497517204 41.877008454134)
20b2bcbbd27bc9d5deac1f9102365acf3c688365cf9a06ae473670cb5d73755491936bca30a75f5db1959d4877610a98aa674fece24220c1bcee932ad25ea1e8,JD457888,,12/13/2020 10:00,30,NO CONTROLS,NO CONTROLS,CLEAR,DAYLIGHT,SIDESWIPE SAME DIRECTION,NOT DIVIDED,,STRAIGHT AND LEVEL,DRY,NO DEFECTS,ON SCENE,NO INJURY / DRIVE AWAY,,,Y,"$501 - $1,500",12/13/2020 10:03,UNABLE TO DETERMINE,NOT APPLICABLE,2532,W,79TH ST,835,,,,,,,2,NO INDICATION OF INJURY,0,0,0,0,0,2,0,10,1,12,41.75022189,-87.68678144,POINT (-87.686781440129 41.750221894207)
2016126183316dea6fe444efbd7bb0bc1f7aff77bc354ef7b81b1af48bac09d4f215186d8c6d153fe012f72771afa3d208fa7554150a9d0f9a02425b54f45f77,JB441739,,9/19/2018 10:00,30,NO CONTROLS,NO CONTROLS,CLEAR,DAYLIGHT,REAR END,ONE-WAY,,STRAIGHT AND LEVEL,DRY,NO DEFECTS,ON SCENE,NO INJURY / DRIVE AWAY,,,,$500 OR LESS,9/19/2018 10:01,FOLLOWING TOO CLOSELY,FOLLOWING TOO CLOSELY,855,E,87TH PL,632,,,,,,,2,NO INDICATION OF INJURY,0,0,0,0,0,3,0,10,4,9,41.73565532,-87.60260623,POINT (-87.602606230839 41.735655324002)
1f0de0fbb8772732b04e4fb3ff1437ac1ff9c484037d401eab313e8ae5e5767c972a4b430d9e40c55e45ea421d9ec28f22825a8575dece809d7dad46f345ebe0,JF100792,,1/1/2022 18:54,30,NO CONTROLS,NO CONTROLS,SNOW,DARKNESS,PARKED MOTOR VEHICLE,OTHER,,STRAIGHT AND LEVEL,SNOW OR SLUSH,UNKNOWN,ON SCENE,NO INJURY / DRIVE AWAY,,,,"OVER $1,500",1/1/2022 18:54,WEATHER,WEATHER,1358,E,72ND PL,324,,,,,,,2,NO INDICATION OF INJURY,0,0,0,0,0,1,0,18,7,1,41.76339391,-87.59103725,POINT (-87.591037250211 41.763393913055)
1f161ebb3282b398b8607189af44c95fd19e2f8d18802acb4f6e728a33d4808fce25849fd8c2fddfb7b3551d4ac522d8c4f69328ee6836bc706cb5a0d0135baf,JF279009,Y,6/10/2022 15:00,30,NO CONTROLS,NO CONTROLS,CLEAR,DUSK,PARKED MOTOR VEHICLE,PARKING LOT,,STRAIGHT AND LEVEL,DRY,NO DEFECTS,NOT ON SCENE (DESK REPORT),NO INJURY / DRIVE AWAY,,,,"OVER $1,500",6/14/2022 10:00,UNABLE TO DETERMINE,NOT APPLICABLE,5516,N,CLARK ST,2012,,,,,,,2,,,,,,,,,15,6,6,41.98218989,-87.66865163,POINT (-87.668651627961 41.982189884614)
20638ac61559a13b9fdde37cfacad331004847b3612eefcfeb45e44f069e4ae8b90fb1a90de51f218d38f97bc21fb0e08dcb719dbeae78ae209f7e85768c3c16,JD102807,,1/1/2020 9:30,15,NO CONTROLS,NO CONTROLS,CLEAR,DAYLIGHT,ANGLE,ALLEY,,STRAIGHT AND LEVEL,ICE,NO DEFECTS,NOT ON SCENE (DESK REPORT),NO INJURY / DRIVE AWAY,,,,"$501 - $1,500",1/3/2020 12:25,NOT APPLICABLE,NOT APPLICABLE,2747,S,HAMLIN AVE,1031,,,,,,,2,NO INDICATION OF INJURY,0,0,0,0,0,2,0,9,4,1,41.84107885,-87.71943955,POINT (-87.719439546167 41.841078844748)
20684961212d0e3b6bf0269399bfa321c7ac79dde6e3df8de656682dab664bca77637aeed305c932e45e0944b9f2f5ec7add0bd3f637683053c0b722adad99df,JB276852,,5/24/2018 15:50,25,NO CONTROLS,NO CONTROLS,CLEAR,DAYLIGHT,REAR END,NOT DIVIDED,,STRAIGHT AND LEVEL,DRY,NO DEFECTS,NOT ON SCENE (DESK REPORT),NO INJURY / DRIVE AWAY,,,Y,"$501 - $1,500",5/24/2018 16:17,NOT APPLICABLE,NOT APPLICABLE,3021,W,FULTON BLVD,1222,,,,,,,2,NO INDICATION OF INJURY,0,0,0,0,0,2,0,15,5,5,41.88636094,-87.7022183,POINT (-87.702218299224 41.886360936475)
1f15d8791d57285059e26c70782d1c7ea991dc1260772fd4b0ab4527b920be64b310be327f442e1552283ae94a1b1e330a0a3653e2a1c84bd52739303a8bfd3c,JD233185,,5/15/2020 14:55,15,FLASHING CONTROL SIGNAL,FUNCTIONING PROPERLY,CLEAR,DAYLIGHT,REAR END,DIVIDED - W/MEDIAN BARRIER,,STRAIGHT AND LEVEL,DRY,NO DEFECTS,ON SCENE,NO INJURY / DRIVE AWAY,,,,$500 OR LESS,5/15/2020 14:57,IMPROPER BACKING,UNABLE TO DETERMINE,8800,S,CHICAGO SKYWAY OB,412,,,,,,,2,NO INDICATION OF INJURY,0,0,0,0,0,2,0,14,6,5,,,
24da0734ed2353586e84f2807dd248e61fad3133ddee01b1ba32329051ee3b8f8c04423d46f003ba585aefedc7b95114bcbb805fbdfad7847a39bf0b2b652d82,JD253844,,6/4/2020 17:00,25,TRAFFIC SIGNAL,FUNCTIONING PROPERLY,CLEAR,DAYLIGHT,REAR END,NOT DIVIDED,,STRAIGHT AND LEVEL,DRY,NO DEFECTS,ON SCENE,NO INJURY / DRIVE AWAY,,,,"OVER $1,500",6/4/2020 17:20,UNABLE TO DETERMINE,NOT APPLICABLE,4301,S,UNION AVE,925,,,,,,,2,NO INDICATION OF INJURY,0,0,0,0,0,2,0,17,5,6,41.81616816,-87.64315934,POINT (-87.643159340955 41.816168158605)
24a14a68271efcd4c84c2ef3a38d59762445f53ad779dd10e52e2b0e1d7fc00df46107e91b707b7a8642f453fe1eb5a9037a2e131538b1cec283845d8cdf5bc0,JC240673,,4/27/2019 14:42,30,NO CONTROLS,NO CONTROLS,SNOW,DAYLIGHT,PARKED MOTOR VEHICLE,NOT DIVIDED,,STRAIGHT AND LEVEL,WET,NO DEFECTS,ON SCENE,NO INJURY / DRIVE AWAY,,,,"OVER $1,500",4/27/2019 14:43,WEATHER,UNABLE TO DETERMINE,1325,N,MAYFIELD AVE,2531,,,,,,,2,NO INDICATION OF INJURY,0,0,0,0,0,1,0,14,7,4,41.90461551,-87.77287434,POINT (-87.772874339906 41.904615505106)
23e3f10bb953425e0992a982126d5241a84777f56c83b1fc5131cc23e29a9472b144e76103d13fc25003f3cb55920257de76cbf852099732017438b513aacec0,JD180351,,3/10/2020 6:50,30,NO CONTROLS,NO CONTROLS,RAIN,DUSK,REAR END,ONE-WAY,,STRAIGHT AND LEVEL,WET,UNKNOWN,NOT ON SCENE (DESK REPORT),NO INJURY / DRIVE AWAY,,,,"OVER $1,500",3/10/2020 7:15,UNABLE TO DETERMINE,NOT APPLICABLE,9243,S,STONY ISLAND AVE,413,,,,,,,2,NO INDICATION OF INJURY,0,0,0,0,0,3,0,6,3,3,41.72654892,-87.58483603,POINT (-87.584836027274 41.72654891799)
237e50d3b926bae446c6e1bc775ee092a0d963702c36f11d6b7d93f95969d9148ff28c75fad09933458c97801918647d4304849c416a6353706a81831b0f9572,JA464590,,10/9/2017 14:35,30,NO CONTROLS,NO CONTROLS,CLEAR,DAYLIGHT,ANGLE,PARKING LOT,,STRAIGHT AND LEVEL,DRY,NO DEFECTS,NOT ON SCENE (DESK REPORT),NO INJURY / DRIVE AWAY,,,,"$501 - $1,500",10/9/2017 15:00,IMPROPER BACKING,NOT APPLICABLE,1600,W,13TH ST,1233,,,,,,,2,NO INDICATION OF INJURY,0,0,0,0,0,2,0,14,2,10,41.86518876,-87.66646924,POINT (-87.666469240329 41.865188763427)
243141d193ba47ff91ab6ebadd0f2f55b2a68ca92b0fbb76d0e64f0e0dd51b61dbff011402f32fc751410e6e63c060eea5d5428db6e93c17809736a327efdb33,JC260868,,5/13/2019 7:59,30,TRAFFIC SIGNAL,NOT FUNCTIONING,CLEAR,DAYLIGHT,ANGLE,NOT DIVIDED,,STRAIGHT AND LEVEL,DRY,NO DEFECTS,ON SCENE,NO INJURY / DRIVE AWAY,Y,,,"OVER $1,500",5/13/2019 8:14,FAILING TO YIELD RIGHT-OF-WAY,NOT APPLICABLE,109,N,LARAMIE AVE,1532,,,,,,,2,NO INDICATION OF INJURY,0,0,0,0,0,4,0,7,2,5,41.88278147,-87.75500844,POINT (-87.755008436535 41.882781468427)