CRASH_RECORD_ID,RD_NO,CRASH_DATE_EST_I,CRASH_DATE,POSTED_SPEED_LIMIT,TRAFFIC_CONTROL_DEVICE,DEVICE_CONDITION,WEATHER_CONDITION,LIGHTING_CONDITION,FIRST_CRASH_TYPE,TRAFFICWAY_TYPE,LANE_CNT,ALIGNMENT,ROADWAY_SURFACE_COND,ROAD_DEFECT,REPORT_TYPE,CRASH_TYPE,INTERSECTION_RELATED_I,NOT_RIGHT_OF_WAY_I,HIT_AND_RUN_I,DAMAGE,DATE_POLICE_NOTIFIED,PRIM_CONTRIBUTORY_CAUSE,SEC_CONTRIBUTORY_CAUSE,STREET_NO,STREET_DIRECTION,STREET_NAME,BEAT_OF_OCCURRENCE,PHOTOS_TAKEN_I,STATEMENTS_TAKEN_I,DOORING_I,WORK_ZONE_I,WORK_ZONE_TYPE,WORKERS_PRESENT_I,NUM_UNITS,MOST_SEVERE_INJURY,INJURIES_TOTAL,INJURIES_FATAL,INJURIES_INCAPACITATING,INJURIES_NON_INCAPACITATING,INJURIES_REPORTED_NOT_EVIDENT,INJURIES_NO_INDICATION,INJURIES_UNKNOWN,CRASH_HOUR,CRASH_DAY_OF_WEEK,CRASH_MONTH,LATITUDE,LONGITUDE,LOCATION
22147270ebc9f80c32bb8e0c7db92b848e457e27bf1ddcdf24f0518cfc33e0cd1dd327ddb34df1c7e22bfc41c974d56a68dc9cb429d9dde890185ff590c04e94,JD142878,,2/6/2020 23:11,30,NO CONTROLS,NO CONTROLS,SNOW,DARKNESS,PARKED MOTOR VEHICLE,NOT DIVIDED,,STRAIGHT AND LEVEL,WET,NO DEFECTS,ON SCENE,NO INJURY / DRIVE AWAY,,,N,"OVER $1,500",2/6/2020 23:25,UNABLE TO DETERMINE,NOT APPLICABLE,4757,S,VINCENNES AVE,223,,,,,,,2,NO INDICATION OF INJURY,0,0,0,0,0,1,0,23,5,2,41.80775267,-87.6137099,POINT (-87.613709895799 41.807752671483)
24504bd38499b84d2dac63a072b935bda7fc77c48c6a8730cbda7cc954eafbb319ff91ec6a4101419f0a04b1b70c3ca162607ccb206ac964ecf6477ad3f4463b,JC172828,,3/4/2019 1:45,15,NO CONTROLS,NO CONTROLS,CLEAR,UNKNOWN,REAR END,PARKING LOT,,STRAIGHT AND LEVEL,DRY,NO DEFECTS,ON SCENE,NO INJURY / DRIVE AWAY,,,N,$500 OR LESS,3/4/2019 2:01,IMPROPER BACKING,NOT APPLICABLE,9450,S,JEFFERY AVE,413,,,,,,,2,NO INDICATION OF INJURY,0,0,0,0,0,3,0,1,2,3,41.72273739,-87.57550803,POINT (-87.575508032364 41.722737390124)
22283fe860526b43e378c4335179cc5ddf672e3b971faa24e7c71adb4f030736ab734bd2d0a12926d70ad624d30ce33fee3519c9116585599a48fe316dd52a3c,JE139677,,2/12/2021 11:25,25,NO CONTROLS,NO CONTROLS,CLEAR,DAYLIGHT,ANGLE,ONE-WAY,,STRAIGHT AND LEVEL,ICE,NO DEFECTS,ON SCENE,INJURY AND / OR TOW DUE TO CRASH,Y,,,"OVER $1,500",2/12/2021 11:50,WEATHER,FAILING TO YIELD RIGHT-OF-WAY,1648,W,JUNEWAY TER,2422,,,,,,,3,NO INDICATION OF INJURY,0,0,0,0,0,2,0,11,6,2,42.02263671,-87.67237831,POINT (-87.672378313798 42.02263670962)
22a69c86fbb013bfe3863d47e1e40bf7cd2e9be91976f94cb4d87a5a555fff2d8217f7bc90e48a5bdd892df8bfae6ab16049c4345ca6d8fc80278d9eb9740010,JD192641,,3/22/2020 11:40,30,TRAFFIC SIGNAL,UNKNOWN,CLEAR,DAYLIGHT,TURNING,T-INTERSECTION,,STRAIGHT AND LEVEL,DRY,UNKNOWN,ON SCENE,NO INJURY / DRIVE AWAY,Y,,,"OVER $1,500",3/22/2020 12:19,UNABLE TO DETERMINE,UNABLE TO DETERMINE,7001,S,CICERO AVE,833,,,,,,,2,NO INDICATION OF INJURY,0,0,0,0,0,2,0,11,1,3,41.76587292,-87.7417875,POINT (-87.741787501557 41.765872917377)
2347570eccd654b1ef5386c91f442ecfecc0df0be3fa6a186ca7f7b9eecb7b94a159651ab79f67e986b2083fe2687213bf49c49d6439aeb1908b1fa93b70121b,JF153990,,2/23/2022 18:43,15,NO CONTROLS,NO CONTROLS,CLEAR,DARKNESS,SIDESWIPE SAME DIRECTION,NOT DIVIDED,,STRAIGHT AND LEVEL,DRY,NO DEFECTS,ON SCENE,NO INJURY / DRIVE AWAY,,,,"OVER $1,500",2/23/2022 19:10,FAILING TO YIELD RIGHT-OF-WAY,FAILING TO YIELD RIGHT-OF-WAY,5599,N,MULLIGAN AVE,1622,,,,,,,2,NO INDICATION OF INJURY,0,0,0,0,0,2,0,18,4,2,,,
2436a7eb0061f56d9e396eef9d95d319f7499eeefe787f073ec8b83edd6ab2c24d100ffdcbf850288802b9fe456768bee483e873f5ac6c0a8c503045f75ed536,JB329445,,6/30/2018 16:00,5,OTHER,FUNCTIONING PROPERLY,CLEAR,DAYLIGHT,REAR END,DIVIDED - W/MEDIAN BARRIER,11,STRAIGHT AND LEVEL,DRY,NO DEFECTS,ON SCENE,INJURY AND / OR TOW DUE TO CRASH,,,,"OVER $1,500",6/30/2018 16:01,FAILING TO REDUCE SPEED TO AVOID CRASH,FAILING TO YIELD RIGHT-OF-WAY,8801,S,CHICAGO SKYWAY IB,423,,,,,,,2,NONINCAPACITATING INJURY,1,0,0,1,0,1,0,16,7,6,,,
24c947d03b13c15887d9c30b5e77474a7438b88a5d1fe3db6b733c4872b69bccbb35db1088e24ad032bcee3f9fb5707fd73bd1eda0ccc2a90405bb1f532f5c85,JC189891,,3/18/2019 8:40,30,TRAFFIC SIGNAL,NO CONTROLS,CLEAR,DAYLIGHT,TURNING,NOT DIVIDED,,STRAIGHT AND LEVEL,DRY,NO DEFECTS,ON SCENE,INJURY AND / OR TOW DUE TO CRASH,,,,"OVER $1,500",3/18/2019 8:41,NOT APPLICABLE,NOT APPLICABLE,16,N,RACINE AVE,1224,,,,,,,2,NO INDICATION OF INJURY,0,0,0,0,0,2,0,8,2,3,41.88209014,-87.65685039,POINT (-87.656850384922 41.882090135081)
232f49c6c2b864b074dba2abab9465cb5d51e571da88915bc2031614c02860217390b99fe71eb591338953f7b175e3a5a59d890c704284f30dafcd471f3d8c4e,JC302932,,6/12/2019 8:50,35,TRAFFIC SIGNAL,NO CONTROLS,CLEAR,DAYLIGHT,TURNING,NOT DIVIDED,,STRAIGHT AND LEVEL,DRY,NO DEFECTS,,NO INJURY / DRIVE AWAY,Y,,,"OVER $1,500",6/12/2019 9:30,NOT APPLICABLE,NOT APPLICABLE,7400,S,WESTERN AVE,835,,,,,,,2,NO INDICATION OF INJURY,0,0,0,0,0,2,0,8,4,6,41.7591586,-87.68324641,POINT (-87.683246407317 41.759158602213)
227c28a91a037a473ba57590ebd02ceb48af247e29d2084a347d11dec0d640e89ae004a3eb9b2e4845ea69c319f9ded8d81c4420956877f35ae8d4206319fe45,JD206066,,4/10/2020 10:55,15,NO CONTROLS,NO CONTROLS,CLEAR,DAYLIGHT,FIXED OBJECT,ALLEY,,STRAIGHT AND LEVEL,DRY,UNKNOWN,ON SCENE,NO INJURY / DRIVE AWAY,,Y,,$500 OR LESS,4/10/2020 10:59,UNABLE TO DETERMINE,UNABLE TO DETERMINE,2018,W,CHICAGO AVE,1212,,,,,,,1,NO INDICATION OF INJURY,0,0,0,0,0,2,0,10,6,4,41.89600605,-87.67786193,POINT (-87.677861929825 41.896006053329)
21cc95e7d8e4e4e291cebed043bcd43f688ee90254a528dcea1368ec81e4cf91a4c57aa5f5bf82e8bad821e9c9af581b2e001503c3986c85159688efdc4beede,JC408945,,8/27/2019 8:40,15,NO CONTROLS,NO CONTROLS,CLEAR,DAYLIGHT,FIXED OBJECT,ALLEY,,STRAIGHT AND LEVEL,DRY,NO DEFECTS,ON SCENE,NO INJURY / DRIVE AWAY,,Y,,$500 OR LESS,8/27/2019 8:45,NOT APPLICABLE,NOT APPLICABLE,11310,S,GREEN ST,2234,,,,,,,1,NO INDICATION OF INJURY,0,0,0,0,0,1,0,8,3,8,41.68834196,-87.64361489,POINT (-87.64361489092 41.688341959213)
22d476cb8fc939b0e049a143951f0e7a36be7a93b40c0c45dd6bc4ecd99af4b79050ac15e60e664d4352f4951dfd4b50175897f611475959843dfaec8b28a183,JC514634,,11/18/2019 7:00,5,NO CONTROLS,NO CONTROLS,RAIN,DAWN,PARKED MOTOR VEHICLE,PARKING LOT,,"CURVE, LEVEL",WET,NO DEFECTS,ON SCENE,NO INJURY / DRIVE AWAY,,,,"$501 - $1,500",11/18/2019 7:45,WEATHER,WEATHER,3315,W,OGDEN AVE,1024,,,,,,,2,NO INDICATION OF INJURY,0,0,0,0,0,2,0,7,2,11,41.85668453,-87.70838196,POINT (-87.70838195803 41.856684532692)
228cb7dc012d9327478cb4afb4d6b3f056b6d2b4014b2173c09895cbe63fb1d94b786cc791f80f828d3c188733374c5a91b58927d04ceb2b998ebbec8af339b7,JA471112,,10/14/2017 14:25,30,NO CONTROLS,NO CONTROLS,RAIN,DAYLIGHT,FIXED OBJECT,DIVIDED - W/MEDIAN BARRIER,,STRAIGHT AND LEVEL,WET,NO DEFECTS,ON SCENE,INJURY AND / OR TOW DUE TO CRASH,,,,"$501 - $1,500",10/14/2017 14:45,WEATHER,UNABLE TO DETERMINE,2740,W,79TH ST,835,,,,,,,1,NO INDICATION OF INJURY,0,0,0,0,0,1,0,14,7,10,41.7500979,-87.69259451,POINT (-87.692594511929 41.750097896062)
22d6451436191d057bc05dab4c0984dcc3776ed42bf5e5c6615f5aaf71c38dca1eb93da04eb34d566c995eeedfcc0ad4d0132e88b43ab19d1adcb4319937b8f9,JA424815,,9/9/2017 13:30,30,NO CONTROLS,NO CONTROLS,CLEAR,DAYLIGHT,TURNING,NOT DIVIDED,2,STRAIGHT AND LEVEL,DRY,NO DEFECTS,ON SCENE,NO INJURY / DRIVE AWAY,,,,"OVER $1,500",9/9/2017 13:45,UNABLE TO DETERMINE,UNABLE TO DETERMINE,233,E,63RD ST,312,,,,,,,2,NO INDICATION OF INJURY,0,0,0,0,0,4,0,13,7,9,41.78006916,-87.61901367,POINT (-87.619013674001 41.780069163321)
23fcd93a24b9e62b4dae95c6c9cc3f0dd18aea94ae70eab7f7d9dd49d3b3ba960133a6ddab2fea22566d0dcd38be92977ac875a04c95a7dcadf8763161e561cf,JD456144,,12/11/2020 13:50,30,NO CONTROLS,NO CONTROLS,RAIN,DAYLIGHT,REAR END,NOT DIVIDED,,STRAIGHT AND LEVEL,WET,NO DEFECTS,ON SCENE,INJURY AND / OR TOW DUE TO CRASH,,,,$500 OR LESS,12/11/2020 13:53,FOLLOWING TOO CLOSELY,NOT APPLICABLE,4945,N,CENTRAL AVE,1623,,,,,,,2,"REPORTED, NOT EVIDENT",1,0,0,0,1,1,0,13,6,12,41.97095431,-87.7674359,POINT (-87.767435896211 41.970954313958)
22d24ba8f65372d31b6e578ca5b5bd31241fc99ccccca1fe1389d2e423e268e33bf263c9c069b140fb5d22a8c5744e87a38572f0853146ce28d85071775c0983,JF156869,,2/26/2022 15:40,25,NO CONTROLS,NO CONTROLS,SNOW,DAYLIGHT,PARKED MOTOR VEHICLE,ONE-WAY,,STRAIGHT AND LEVEL,SNOW OR SLUSH,NO DEFECTS,ON SCENE,NO INJURY / DRIVE AWAY,,,,"OVER $1,500",2/26/2022 15:45,WEATHER,UNABLE TO DETERMINE,6559,S,TALMAN AVE,831,,Y,,,,,2,NO INDICATION OF INJURY,0,0,0,0,0,3,0,15,7,2,41.77377472,-87.68945168,POINT (-87.68945167548 41.77377471557)
246f4d81e1754dec3288ef387daf63c880219fd0a7f27f652454c2fbe17cda9137e5b52d3161c030fdb6324a54cf11cf6db7b9a94714499b2601b78d274bd6d0,JD469885,,12/26/2020 13:09,25,NO CONTROLS,NO CONTROLS,CLEAR,DAYLIGHT,PARKED MOTOR VEHICLE,OTHER,,STRAIGHT AND LEVEL,DRY,NO DEFECTS,ON SCENE,NO INJURY / DRIVE AWAY,,,,"OVER $1,500",12/26/2020 13:10,UNABLE TO DETERMINE,NOT APPLICABLE,7821,S,CHAPPEL AVE,414,,,,,,,2,NO INDICATION OF INJURY,0,0,0,0,0,1,0,13,7,12,41.75278652,-87.57464289,POINT (-87.574642887096 41.752786519779)
21ba953a97d4da94e82812e8222e25fe46e0a1c1b4c88aaf1b808776a9fdf95137efe9a35ac49062fb441943c8f4ea492bcb535ede54ff553753355d2be73cb0,JC410111,,8/28/2019 0:04,25,NO CONTROLS,NO CONTROLS,CLEAR,DARKNESS,PARKED MOTOR VEHICLE,ONE-WAY,,STRAIGHT AND LEVEL,DRY,NO DEFECTS,ON SCENE,NO INJURY / DRIVE AWAY,,,,$500 OR LESS,8/28/2019 0:04,IMPROPER BACKING,IMPROPER BACKING,7608,S,COLFAX AVE,421,,,,,,,2,NO INDICATION OF INJURY,0,0,0,0,0,2,0,0,4,8,41.7569164,-87.56162964,POINT (-87.561629637535 41.756916398106)
22065e71102fe2a93cac36c9ea81c8e51d3cf82d9c735f20ed9e96f396bb11627067dad55da26edbc14468a5983db430e9cf3103decc21a78fb22ba30ee43651,JB216754,,4/9/2018 9:20,30,NO CONTROLS,NO CONTROLS,SNOW,DAYLIGHT,REAR END,NOT DIVIDED,,STRAIGHT AND LEVEL,SNOW OR SLUSH,"RUT, HOLES",ON SCENE,NO INJURY / DRIVE AWAY,,,,"OVER $1,500",4/9/2018 9:21,WEATHER,WEATHER,1127,N,OAKLEY BLVD,1212,,,,,,,2,NO INDICATION OF INJURY,0,0,0,0,0,3,0,9,2,4,41.90197747,-87.68440486,POINT (-87.68440485785 41.901977466493)
234386d35a9a058fd46ba20d752c0328caf049e43d49fe5c13257ded72edd63b12e641ee5d6710886c2f1aa6b9e9935c911c355ee9d91c70b10992d6498b8597,JC246555,,5/2/2019 10:25,30,NO CONTROLS,NO CONTROLS,UNKNOWN,DAYLIGHT,REAR TO REAR,ALLEY,,STRAIGHT AND LEVEL,UNKNOWN,UNKNOWN,ON SCENE,NO INJURY / DRIVE AWAY,,,,"OVER $1,500",5/2/2019 10:26,IMPROPER BACKING,UNABLE TO DETERMINE,9353,S,JEFFERY AVE,413,,,,,,,2,NO INDICATION OF INJURY,0,0,0,0,0,2,0,10,5,5,41.72455988,-87.57525848,POINT (-87.57525847465 41.724559883433)
21de2ddb5a7d32df9200e29c16a20dc6621246c16e3303c8037dceb85a267c04f683e7f0b6f103980569b14be02c88875a97638f0e1b65b3b8e60ab93dd95362,JD409824,,10/24/2020 16:44,30,OTHER,NO CONTROLS,CLEAR,DAYLIGHT,TURNING,NOT DIVIDED,,STRAIGHT AND LEVEL,DRY,UNKNOWN,ON SCENE,NO INJURY / DRIVE AWAY,,,,"OVER $1,500",10/24/2020 16:47,IMPROPER TURNING/NO SIGNAL,NOT APPLICABLE,851,E,HYDE PARK BLVD,233,,,,,,,2,NO INDICATION OF INJURY,0,0,0,0,0,2,0,16,7,10,41.80217065,-87.60431099,POINT (-87.604310989493 41.802170650495)
27bd357b9e2a4006b7ffc20ab870a6900515179b83957119a28bc4338d9e4ce1f7d228504b182f0c493a8d4631f52911845cc0423f74d9f1188340bff706cd9b,JB455543,Y,9/29/2018 9:00,30,NO CONTROLS,NO CONTROLS,CLEAR,UNKNOWN,PARKED MOTOR VEHICLE,ONE-WAY,,STRAIGHT AND LEVEL,DRY,NO DEFECTS,ON SCENE,NO INJURY / DRIVE AWAY,,,Y,"OVER $1,500",9/29/2018 11:00,NOT APPLICABLE,NOT APPLICABLE,3443,N,OKETO AVE,1631,,,,,,,2,NO INDICATION OF INJURY,0,0,0,0,0,1,0,9,7,9,41.94275118,-87.81151267,POINT (-87.811512670992 41.942751180472)
261c9dca7163603c654811123e6634991c907b82c1f8ee8f3df51abcabe77f78196d5747ed92a87356050fa3e456e57afa5d813ec40a1fbd0262f8aacf056ca9,JE262256,,6/11/2021 14:20,30,TRAFFIC SIGNAL,FUNCTIONING PROPERLY,CLEAR,DAYLIGHT,REAR END,FOUR WAY,,STRAIGHT AND LEVEL,DRY,NO DEFECTS,,NO INJURY / DRIVE AWAY,,,Y,"OVER $1,500",6/11/2021 14:25,FOLLOWING TOO CLOSELY,NOT APPLICABLE,3850,W,103RD ST,2211,,,,,,,3,NO INDICATION OF INJURY,0,0,0,0,0,4,0,14,6,6,41.70605313,-87.71812096,POINT (-87.718120963444 41.706053131235)
266e38a688dc5f84a992189a493e6bcd68ef0c0a6d524baaa1d640f78e21d641075a258f223b68ab1e885ebcfc670f57a2e59cd3ac425c95dc3f22c2fb16586d,HZ345094,,7/11/2016 14:40,30,UNKNOWN,UNKNOWN,UNKNOWN,UNKNOWN,REAR END,UNKNOWN,4,STRAIGHT AND LEVEL,UNKNOWN,UNKNOWN,NOT ON SCENE (DESK REPORT),NO INJURY / DRIVE AWAY,,,,"OVER $1,500",7/11/2016 19:00,UNABLE TO DETERMINE,NOT APPLICABLE,7216,N,HARLEM AVE,1611,,,,,,,2,NO INDICATION OF INJURY,0,0,0,0,0,2,0,14,2,7,42.0122553,-87.80677912,POINT (-87.806779121912 42.012255295394)
25b6010a982962cebac1ae8b243673751df565da9f4b1a99cae024373232f7c6f5ffc745cafc2aa39b41c4251847ab547400ddb57f44a8224943b8b1e9134982,JB548703,,12/11/2018 11:02,30,TRAFFIC SIGNAL,FUNCTIONING PROPERLY,CLEAR,DAYLIGHT,REAR END,NOT DIVIDED,,STRAIGHT AND LEVEL,DRY,NO DEFECTS,NOT ON SCENE (DESK REPORT),INJURY AND / OR TOW DUE TO CRASH,,,Y,"$501 - $1,500",12/11/2018 11:45,FOLLOWING TOO CLOSELY,FOLLOWING TOO CLOSELY,9500,S,BEVERLY AVE,2213,,,,,,,2,NONINCAPACITATING INJURY,1,0,0,1,0,1,0,11,3,12,,,
25166ec107216359b7d31556e8f57a5b9864267e8aae4af9fd76c9fd555bff5c2d03d16a99e827effb0056762bfe3a750503a6e87039fb7f296d4f8aff07d4b2,JD203142,Y,4/6/2020 11:30,20,NO CONTROLS,NO CONTROLS,CLOUDY/OVERCAST,DAYLIGHT,PARKED MOTOR VEHICLE,PARKING LOT,,STRAIGHT AND LEVEL,DRY,NO DEFECTS,ON SCENE,NO INJURY / DRIVE AWAY,,,Y,"OVER $1,500",4/6/2020 11:30,FOLLOWING TOO CLOSELY,DRIVING SKILLS/KNOWLEDGE/EXPERIENCE,727,W,OHARE ST,1654,,,,,,,2,NO INDICATION OF INJURY,0,0,0,0,0,1,0,11,2,4,,,
25b9f4bcdde2420389ce8dc63ff834d2cd5bddf069fdbc131704120f2eb716969c0b06aab68b7aa1783bdf92948bec42277d3ed3ae56ae2a20fc27cdca148b71,JC448867,,9/26/2019 7:10,30,STOP SIGN/FLASHER,NO CONTROLS,CLEAR,DAYLIGHT,ANGLE,NOT DIVIDED,,STRAIGHT AND LEVEL,DRY,NO DEFECTS,ON SCENE,NO INJURY / DRIVE AWAY,,,,"OVER $1,500",9/26/2019 8:10,UNABLE TO DETERMINE,NOT APPLICABLE,2259,W,GARFIELD BLVD,824,,,,,,,2,NO INDICATION OF INJURY,0,0,0,0,0,2,0,7,5,9,41.79336354,-87.68121161,POINT (-87.681211610963 41.793363543387)
2547264eaeba397a02d845823847500d6390ded9f27c813934156c0be2ccc5b763894da7e2ad646bbefd7593ef21f9b649b28b8589998125c55899305d6c995a,JC515316,,11/18/2019 15:45,30,TRAFFIC SIGNAL,FUNCTIONING PROPERLY,CLEAR,DAYLIGHT,REAR END,NOT DIVIDED,,STRAIGHT AND LEVEL,DRY,NO DEFECTS,NOT ON SCENE (DESK REPORT),NO INJURY / DRIVE AWAY,Y,,,"OVER $1,500",11/18/2019 16:25,UNABLE TO DETERMINE,NOT APPLICABLE,1,S,ASHLAND AVE,1224,,,,,,,2,NO INDICATION OF INJURY,0,0,0,0,0,2,0,15,2,11,,,
26048660663e94ec31079f7cbaffc9ca01ba166f2c67f0c42704acff5f330f88f1276cd11f79a719da94fb8b9b0a5b4efd41ddb69e1692d97daf9e288518b46b,JD126179,,1/19/2020 2:00,15,NO CONTROLS,NO CONTROLS,SNOW,DARKNESS,FIXED OBJECT,ALLEY,,STRAIGHT AND LEVEL,ICE,OTHER,NOT ON SCENE (DESK REPORT),NO INJURY / DRIVE AWAY,,Y,,"OVER $1,500",1/23/2020 18:00,WEATHER,UNABLE TO DETERMINE,3449,N,KOLMAR AVE,1731,,,,,,,1,NO INDICATION OF INJURY,0,0,0,0,0,2,0,2,1,1,41.94402496,-87.74072801,POINT (-87.740728010353 41.944024959558)
281a3fa04c10fe0cfc5f797378676b5713c2d3cb514704eb8bd713a43b9768c98647127e89df6b026e86170d5326d93c579e143a91ad560e5928624f50e65668,JC261667,,5/13/2019 15:45,30,YIELD,OTHER,CLEAR,DAYLIGHT,REAR END,NOT DIVIDED,,STRAIGHT AND LEVEL,DRY,NO DEFECTS,NOT ON SCENE (DESK REPORT),NO INJURY / DRIVE AWAY,Y,,,"OVER $1,500",5/13/2019 17:15,FOLLOWING TOO CLOSELY,NOT APPLICABLE,6300,N,WESTERN AVE,2413,,,,,,,2,NO INDICATION OF INJURY,0,0,0,0,0,2,0,15,2,5,41.99599967,-87.68997363,POINT (-87.689973630508 41.995999667277)
252d89c9e0a3b84896780f5f1bcbe1a0cb477c09b0537827163c0f079d47d464d4e609e5ee3ac5b58ccda17b80649d1c8d5a42da215291d4fbffcc9ded5a4f49,JA379902,,8/5/2017 16:30,30,NO CONTROLS,NO CONTROLS,CLEAR,DAYLIGHT,REAR END,NOT DIVIDED,,STRAIGHT AND LEVEL,DRY,NO DEFECTS,NOT ON SCENE (DESK REPORT),NO INJURY / DRIVE AWAY,,,,"$501 - $1,500",8/6/2017 15:32,NOT APPLICABLE,NOT APPLICABLE,5500,S,CENTRAL AVE,811,,,,,,,2,NO INDICATION OF INJURY,0,0,0,0,0,2,0,16,7,8,41.79264234,-87.7624466,POINT (-87.762446600716 41.792642336891)
272c4044cf6a6071eb6e6d35135caed9a34fc231a5c0a2db577910eca2943d35ffdfa00ac9108d3a1092b1aba6cc4b9ab38a7bc63cb35cfac85e5dd55623a41b,JC129468,,1/25/2019 16:00,30,NO CONTROLS,NO CONTROLS,SNOW,DAYLIGHT,TURNING,NOT DIVIDED,2,STRAIGHT AND LEVEL,SNOW OR SLUSH,NO DEFECTS,ON SCENE,INJURY AND / OR TOW DUE TO CRASH,N,,,"OVER $1,500",1/25/2019 16:11,WEATHER,WEATHER,1199,W,CERMAK RD,1235,,,,,,,2,NO INDICATION OF INJURY,0,0,0,0,0,2,0,16,6,1,41.85238531,-87.65618096,POINT (-87.656180962078 41.852385312158)
26f2f8a8c7d831988defb850681e1c89c9d60289d8d39ef4bfce71aff0bb4304a85081038abcdb4775b338a9674a3c20b030ca8d9a17f013342fbc74fa3fc972,JC487585,,10/26/2019 18:30,30,UNKNOWN,UNKNOWN,RAIN,DARKNESS,PEDESTRIAN,UNKNOWN,,STRAIGHT AND LEVEL,WET,UNKNOWN,ON SCENE,INJURY AND / OR TOW DUE TO CRASH,,,Y,$500 OR LESS,10/26/2019 19:06,UNABLE TO DETERMINE,UNABLE TO DETERMINE,2551,W,CERMAK RD,1034,,,,,,,2,NONINCAPACITATING INJURY,1,0,0,1,0,1,0,18,7,10,41.85186827,-87.69007512,POINT (-87.690075121295 41.851868271661)
26e6be9520021cac6604a82862ef1eb7d541b5d6522f0ba4d63520ab1d1be69d7a7cbb5c8d6a833ebb2e71c1a7503b2d25882fcf86440cc1eb94b996d4f5c15d,JE299291,,7/12/2021 18:00,30,NO CONTROLS,NO CONTROLS,CLEAR,DAYLIGHT,PARKED MOTOR VEHICLE,ONE-WAY,,STRAIGHT AND LEVEL,DRY,NO DEFECTS,ON SCENE,NO INJURY / DRIVE AWAY,,,,"OVER $1,500",7/12/2021 18:16,NOT APPLICABLE,NOT APPLICABLE,4620,S,KARLOV AVE,815,,,,,,,4,NO INDICATION OF INJURY,0,0,0,0,0,1,0,18,2,7,41.80900838,-87.72622409,POINT (-87.726224093313 41.809008383607)
25d9a6ebc1419b76a3f70700184fbd77a5203d52369226a404c2ac415eb7da4a544f7857ebf3c80d8c0585b2e75875fb94ebaab288047d6346c2e1f4a352ec7b,JB416802,,8/30/2018 20:10,30,NO CONTROLS,NO CONTROLS,UNKNOWN,UNKNOWN,REAR END,NOT DIVIDED,,STRAIGHT AND LEVEL,UNKNOWN,NO DEFECTS,ON SCENE,NO INJURY / DRIVE AWAY,,,Y,"$501 - $1,500",8/31/2018 16:45,IMPROPER BACKING,NOT APPLICABLE,2301,N,MILWAUKEE AVE,1414,,,,,,,2,NO INDICATION OF INJURY,0,0,0,0,0,3,0,20,5,8,41.92300939,-87.69729638,POINT (-87.69729638003 41.923009387151)
26814cb7cc59eb4c6391e30e2b4befd2d74a8ea8b10d6dbb07cc01e08031a01248074e5cad2ffbc4fa96594cc6bd084cc30fee2e990c429cb513a634cdef0916,JE233915,,5/18/2021 9:50,30,NO CONTROLS,NO CONTROLS,CLEAR,DAYLIGHT,PARKED MOTOR VEHICLE,NOT DIVIDED,,STRAIGHT AND LEVEL,DRY,NO DEFECTS,ON SCENE,NO INJURY / DRIVE AWAY,,,,"OVER $1,500",5/18/2021 10:03,UNABLE TO DETERMINE,NOT APPLICABLE,3438,W,MADISON ST,1123,,,,,,,3,NO INDICATION OF INJURY,0,0,0,0,0,1,0,9,3,5,41.88100669,-87.71267724,POINT (-87.712677241309 41.881006689736)
266e37d5e965228e4cbf0d9ffb8f079d4f590316d5edcd800119f0656844f37274a17902abac1b53339eece3b97d871a0cc2126f070b208ba18caa027fcd2505,JD213362,,4/20/2020 19:44,15,NO CONTROLS,NO CONTROLS,CLEAR,DUSK,FIXED OBJECT,ALLEY,,STRAIGHT AND LEVEL,DRY,WORN SURFACE,ON SCENE,NO INJURY / DRIVE AWAY,,,,$500 OR LESS,4/20/2020 19:45,NOT APPLICABLE,NOT APPLICABLE,1646,W,69TH ST,725,,,,,,,1,NO INDICATION OF INJURY,0,0,0,0,0,2,0,19,2,4,41.7686399,-87.6657823,POINT (-87.665782300809 41.768639902791)
25f64e591e0c724c85f3e9238f22df4c31050998fb9d37240fea5d97fcfb53c39ed7f1dcb2b02599b37ebdbe912e6f8ebaaa67e6701743c6c4975a243b0a3ff8,JD398386,,10/13/2020 17:30,30,NO CONTROLS,NO CONTROLS,CLEAR,DAYLIGHT,PARKED MOTOR VEHICLE,ONE-WAY,,STRAIGHT AND LEVEL,DRY,NO DEFECTS,ON SCENE,NO INJURY / DRIVE AWAY,,,Y,"OVER $1,500",10/13/2020 17:36,UNABLE TO DETERMINE,UNABLE TO DETERMINE,8617,S,DANTE AVE,412,,,,,,,2,NO INDICATION OF INJURY,0,0,0,0,0,1,0,17,3,10,41.73814692,-87.58894195,POINT (-87.588941947753 41.738146924482)
26a625c8450186d426a4f0c50bd50137894bb9012ce51a43be87968b6999910eb4e8925f1484526d18e8de146be806c6e5ff2887aa11b2b90aff68967389dde8,JD324557,,8/8/2020 0:00,35,UNKNOWN,UNKNOWN,UNKNOWN,UNKNOWN,REAR END,NOT DIVIDED,,STRAIGHT AND LEVEL,UNKNOWN,UNKNOWN,,NO INJURY / DRIVE AWAY,,,N,"OVER $1,500",8/8/2020 0:24,FOLLOWING TOO CLOSELY,NOT APPLICABLE,2600,N,CLARK ST,1935,,,,,,,2,NO INDICATION OF INJURY,0,0,0,0,0,5,0,0,7,8,41.92960058,-87.64305121,POINT (-87.643051212209 41.92960058367)