CRASH_RECORD_ID,RD_NO,CRASH_DATE_EST_I,CRASH_DATE,POSTED_SPEED_LIMIT,TRAFFIC_CONTROL_DEVICE,DEVICE_CONDITION,WEATHER_CONDITION,LIGHTING_CONDITION,FIRST_CRASH_TYPE,TRAFFICWAY_TYPE,LANE_CNT,ALIGNMENT,ROADWAY_SURFACE_COND,ROAD_DEFECT,REPORT_TYPE,CRASH_TYPE,INTERSECTION_RELATED_I,NOT_RIGHT_OF_WAY_I,HIT_AND_RUN_I,DAMAGE,DATE_POLICE_NOTIFIED,PRIM_CONTRIBUTORY_CAUSE,SEC_CONTRIBUTORY_CAUSE,STREET_NO,STREET_DIRECTION,STREET_NAME,BEAT_OF_OCCURRENCE,PHOTOS_TAKEN_I,STATEMENTS_TAKEN_I,DOORING_I,WORK_ZONE_I,WORK_ZONE_TYPE,WORKERS_PRESENT_I,NUM_UNITS,MOST_SEVERE_INJURY,INJURIES_TOTAL,INJURIES_FATAL,INJURIES_INCAPACITATING,INJURIES_NON_INCAPACITATING,INJURIES_REPORTED_NOT_EVIDENT,INJURIES_NO_INDICATION,INJURIES_UNKNOWN,CRASH_HOUR,CRASH_DAY_OF_WEEK,CRASH_MONTH,LATITUDE,LONGITUDE,LOCATION
279491f652d9d1cc1e96e2c2e2841ab758eef32c33ce6cf6d41072f9866357b4ae9b389f349acc8cea08f59c83a0cd6f1b96b773fccf9e58916bfb15a0a210ad,JE222943,,5/7/2021 17:00,30,NO CONTROLS,NO CONTROLS,CLEAR,DAYLIGHT,REAR END,NOT DIVIDED,,STRAIGHT AND LEVEL,DRY,NO DEFECTS,NOT ON SCENE (DESK REPORT),NO INJURY / DRIVE AWAY,,,Y,"$501 - $1,500",5/7/2021 18:51,NOT APPLICABLE,NOT APPLICABLE,3100,S,PULASKI RD,1031,,,,,,,3,NO INDICATION OF INJURY,0,0,0,0,0,5,0,17,6,5,41.83678964,-87.72449547,POINT (-87.724495465118 41.836789642982)
25418c9223cef83ff39f06d00ef90c6baf0687508dafb9def3d37d42501f1338134def68e129e127cc22a31116d6a81825769b5f4c1625b779c1b611fa90716d,JF258627,,5/27/2022 18:00,30,NO CONTROLS,NO CONTROLS,UNKNOWN,DUSK,REAR END,NOT DIVIDED,,STRAIGHT AND LEVEL,UNKNOWN,UNKNOWN,ON SCENE,INJURY AND / OR TOW DUE TO CRASH,,,,"OVER $1,500",5/28/2022 9:29,FOLLOWING TOO CLOSELY,NOT APPLICABLE,100,W,MARQUETTE RD,722,,,,,,,2,NONINCAPACITATING INJURY,1,0,0,1,0,1,0,18,6,5,41.77281783,-87.6275914,POINT (-87.627591399853 41.772817832432)
26a109cbbfb715b3a9d6228cd7741bc19e955c3d71a73bc3b0e9717f6bccffc65876b6251f4d3b97da3724a1fb683a4b838eea82cb4486758ae8fedf60fe518d,HZ534858,,11/30/2016 15:30,10,NO CONTROLS,NO CONTROLS,CLEAR,DAYLIGHT,HEAD ON,PARKING LOT,,STRAIGHT AND LEVEL,DRY,NO DEFECTS,NOT ON SCENE (DESK REPORT),NO INJURY / DRIVE AWAY,,,,"OVER $1,500",11/30/2016 16:00,NOT APPLICABLE,NOT APPLICABLE,4010,W,LAWRENCE AVE,1712,,,,,,,2,NO INDICATION OF INJURY,0,0,0,0,0,2,0,15,4,11,41.96834599,-87.72851802,POINT (-87.728518020177 41.968345986776)
278122cbacbb5242b0bdb51ad327b5224654641f6aad5d8bea731217bb0ea1d2ace466e429ba4a1487029fb0e2ea1fa248b7f17cfcaed2fb77d2fc4c6dc83283,JB297279,,6/7/2018 17:30,30,NO CONTROLS,NO CONTROLS,CLEAR,DAYLIGHT,TURNING,NOT DIVIDED,,STRAIGHT AND LEVEL,DRY,NO DEFECTS,ON SCENE,NO INJURY / DRIVE AWAY,Y,,,$500 OR LESS,6/7/2018 17:40,NOT APPLICABLE,PHYSICAL CONDITION OF DRIVER,4814,W,DIVISION ST,2533,,,,,,,2,NO INDICATION OF INJURY,0,0,0,0,0,2,0,17,5,6,41.90245464,-87.74663284,POINT (-87.746632838908 41.902454637335)
29005b7901a9cd704aa3d432999ebdebe5324880ca96aad853c985680ecf4600d3f561677eed7711e7211473ac9eaf47c68b5bd617d6681182bd18fa55202432,JB327279,,6/29/2018 7:00,20,STOP SIGN/FLASHER,NO CONTROLS,CLEAR,DAYLIGHT,REAR END,NOT DIVIDED,,STRAIGHT AND LEVEL,DRY,NO DEFECTS,ON SCENE,NO INJURY / DRIVE AWAY,,,,$500 OR LESS,6/29/2018 7:05,UNABLE TO DETERMINE,UNABLE TO DETERMINE,4701,S,KILBOURN AVE,815,,,,,,,2,NO INDICATION OF INJURY,0,0,0,0,0,2,0,7,6,6,41.80762516,-87.73567,POINT (-87.735670000295 41.807625160076)
2a1f22c0d47f0287b44684628bfea1c8ab6698ffdcc969b68195bc0b750a9292bbd388fb88ba2d7fc7d3c558cf3e9dfc38ddda09752638edc66286a24d507a2f,JE172957,Y,3/19/2021 0:30,30,NO CONTROLS,NO CONTROLS,CLEAR,"DARKNESS, LIGHTED ROAD",PARKED MOTOR VEHICLE,ONE-WAY,,STRAIGHT AND LEVEL,DRY,NO DEFECTS,ON SCENE,INJURY AND / OR TOW DUE TO CRASH,,,N,"OVER $1,500",3/19/2021 0:45,UNABLE TO DETERMINE,UNABLE TO DETERMINE,8216,S,EMERALD AVE,622,,,,,,,2,,,,,,,,,0,6,3,41.74467057,-87.64279483,POINT (-87.642794825133 41.744670567808)
2ab33bfd662cab24b467055e9fef7face339b99c68c4f39d96c7dc7fc3ecf33a9b260c47fee1edbfcde50bc5f1eddbe9173bbcbd0955c9a32106b92fb00cbfed,JD249878,,5/31/2020 16:16,30,NO CONTROLS,NO CONTROLS,CLEAR,DAYLIGHT,ANGLE,ALLEY,,STRAIGHT AND LEVEL,DRY,NO DEFECTS,NOT ON SCENE (DESK REPORT),NO INJURY / DRIVE AWAY,,,,"$501 - $1,500",6/1/2020 13:37,NOT APPLICABLE,NOT APPLICABLE,3020,W,64TH ST,823,,,,,,,2,NO INDICATION OF INJURY,0,0,0,0,0,3,0,16,1,5,41.77731706,-87.6991871,POINT (-87.699187101701 41.77731706289)
2af26b99c42bdb658fffced795c201b972074d5d866d567c20a14e00a8937228f2cf3027a2077b658a73da9851e616813a57779eb90ce1ebfe7888e6084814bf,JD367247,,9/14/2020 17:30,25,NO CONTROLS,NO CONTROLS,CLEAR,DAYLIGHT,PARKED MOTOR VEHICLE,ONE-WAY,,STRAIGHT AND LEVEL,DRY,NO DEFECTS,ON SCENE,NO INJURY / DRIVE AWAY,,,,"OVER $1,500",9/14/2020 17:49,IMPROPER BACKING,NOT APPLICABLE,2444,W,46TH ST,922,,,,,,,2,NO INDICATION OF INJURY,0,0,0,0,0,1,0,17,2,9,41.81033837,-87.68626396,POINT (-87.686263960749 41.810338369163)
287c1aa770489ca99dcadfc180ff2ebbd4ee2c5f96c2bc4a979690abd76c4b404d7726a9363dcf56d3683cbee77d3a0c0f77c9e8b3dfb1cc53c8d69098ec0ba1,JE427868,,10/30/2021 12:15,35,OTHER,UNKNOWN,CLEAR,DAYLIGHT,FIXED OBJECT,OTHER,,STRAIGHT AND LEVEL,UNKNOWN,UNKNOWN,ON SCENE,NO INJURY / DRIVE AWAY,,,Y,"OVER $1,500",10/30/2021 12:41,IMPROPER BACKING,NOT APPLICABLE,2051,N,AUSTIN AVE,2515,,,,,,,1,NO INDICATION OF INJURY,0,0,0,0,0,1,0,12,7,10,41.91784503,-87.77536612,POINT (-87.775366119559 41.917845024892)
2b6975fd4188b7903566b6c6cd44d825bb310521a72244ada3d5664cf3db69002a0bf35800c1fbc7fe4e28cbb16235a1d90f5e121c56344c73cad3aba822b743,JF263380,,6/1/2022 9:00,45,NO CONTROLS,NO CONTROLS,CLEAR,DAYLIGHT,SIDESWIPE SAME DIRECTION,ONE-WAY,,"CURVE, LEVEL",DRY,NO DEFECTS,ON SCENE,NO INJURY / DRIVE AWAY,,,,"$501 - $1,500",6/1/2022 9:10,IMPROPER OVERTAKING/PASSING,NOT APPLICABLE,10700,W,IRVING PARK RD,1654,,,,,,,2,NO INDICATION OF INJURY,0,0,0,0,0,2,0,9,4,6,41.95517597,-87.89307885,POINT (-87.893078845519 41.95517597002)
29ad9ac4b02c0ed9a4a3e467d71697f73fcae416c38a2ef01735f4e97f3d2985a3915aed022941b1f3050cfb370508dcdb0ae3056a5ff3aa68be0ac56f11be2f,JF106078,,1/7/2022 14:48,30,NO CONTROLS,NO CONTROLS,OTHER,DAYLIGHT,PARKED MOTOR VEHICLE,ONE-WAY,,STRAIGHT AND LEVEL,ICE,OTHER,ON SCENE,NO INJURY / DRIVE AWAY,,,Y,"OVER $1,500",1/7/2022 15:33,WEATHER,UNABLE TO DETERMINE,321,W,118TH ST,522,,,,,,,2,NO INDICATION OF INJURY,0,0,0,0,0,1,0,14,6,1,41.67963642,-87.63087515,POINT (-87.630875151698 41.679636416177)
2a47ab03e62e67ce01e2e94bda817f235541417cc9b32060d7b22dcb2914350bf68fa16bd9f89451058fdbaa2c041f3c53b72c591981ec179fe92d2ea63afd9e,JC513628,,11/17/2019 5:40,55,NO CONTROLS,NO CONTROLS,CLEAR,"DARKNESS, LIGHTED ROAD",REAR END,DIVIDED - W/MEDIAN BARRIER,,STRAIGHT AND LEVEL,DRY,NO DEFECTS,ON SCENE,INJURY AND / OR TOW DUE TO CRASH,,,,"OVER $1,500",11/17/2019 5:40,EQUIPMENT - VEHICLE CONDITION,EQUIPMENT - VEHICLE CONDITION,7200,S,CHICAGO SKYWAY OB,323,,,,,,,2,NO INDICATION OF INJURY,0,0,0,0,0,3,0,5,1,11,,,
2a786726e1ab7098cd87395a31c92c282480d048d22fd4a946bb710d4dcb02d7ff50d186ecd964f65259dceb6d1fbc5ecf5b46216bddde8ccf306535ac13d2c9,JE394115,,10/1/2021 13:43,10,NO CONTROLS,NO CONTROLS,CLEAR,DAYLIGHT,ANGLE,ALLEY,,STRAIGHT AND LEVEL,DRY,NO DEFECTS,ON SCENE,INJURY AND / OR TOW DUE TO CRASH,,,,"OVER $1,500",10/1/2021 13:44,FAILING TO YIELD RIGHT-OF-WAY,NOT APPLICABLE,2402,S,MICHIGAN AVE,131,,,,,,,2,NO INDICATION OF INJURY,0,0,0,0,0,2,0,13,6,10,41.84918277,-87.62385946,POINT (-87.62385946134 41.849182767323)
2ad7f30d3419db2174a8c189bf7f3ca9bd06478d148f09fe598fd166a4d8e4d5862cf08d9d3ffa0afaa59eb8935c6a3f03d77765dee3819b2ad499c27d173781,JE435212,,11/5/2021 17:30,15,NO CONTROLS,NO CONTROLS,CLEAR,DARKNESS,SIDESWIPE OPPOSITE DIRECTION,ALLEY,,STRAIGHT AND LEVEL,DRY,NO DEFECTS,ON SCENE,NO INJURY / DRIVE AWAY,,,,"OVER $1,500",11/5/2021 17:57,UNABLE TO DETERMINE,UNABLE TO DETERMINE,5522,N,KEDZIE AVE,1712,,,,,,,2,NO INDICATION OF INJURY,0,0,0,0,0,2,0,17,6,11,41.98196511,-87.70898197,POINT (-87.708981971804 41.981965110078)
2ad537f0701046ab79623b4fbe82626b4280769bdc655b9ca0aa5a3019bdfc3e1306741e651b440d013f810427d67cce7c950345b33c1b9eb1a71552565a2e56,JC518728,,11/21/2019 8:30,30,NO CONTROLS,NO CONTROLS,RAIN,DAYLIGHT,REAR END,ONE-WAY,,STRAIGHT AND LEVEL,WET,NO DEFECTS,ON SCENE,NO INJURY / DRIVE AWAY,,,,"OVER $1,500",11/21/2019 8:37,IMPROPER LANE USAGE,NOT APPLICABLE,161,W,WASHINGTON ST,122,,,,,,,2,NO INDICATION OF INJURY,0,0,0,0,0,3,0,8,5,11,41.88309725,-87.63275376,POINT (-87.632753754508 41.883097248778)
297f7d22954391eea52dd72f2864e9c667d9a0c9801da0c26b11e82cb215e169a23ea62f43652ec9d78cb886d592e9ddc4c4654ba10602849509ecf127fad4be,JA565266,,12/28/2017 7:35,30,TRAFFIC SIGNAL,FUNCTIONING PROPERLY,CLEAR,DAYLIGHT,TURNING,ONE-WAY,,STRAIGHT AND LEVEL,DRY,NO DEFECTS,ON SCENE,NO INJURY / DRIVE AWAY,,,,"OVER $1,500",12/28/2017 7:45,IMPROPER TURNING/NO SIGNAL,NOT APPLICABLE,501,W,LAKE ST,121,,,,,,,2,NO INDICATION OF INJURY,0,0,0,0,0,2,0,7,5,12,41.88560912,-87.63989737,POINT (-87.639897373122 41.885609122787)
2a8beb04e4608a29f863594ab226a976cd8c0e5e53838a4159011462ba21a9b397569a7e9b0b6b753df3c6920f76a63214b2936eaaa82950ba1aac2efc0ac4e2,JF116532,,1/18/2022 8:30,30,NO CONTROLS,NO CONTROLS,CLEAR,DAYLIGHT,ANGLE,OTHER,,STRAIGHT AND LEVEL,DRY,NO DEFECTS,,NO INJURY / DRIVE AWAY,,,,"OVER $1,500",1/18/2022 11:54,IMPROPER BACKING,NOT APPLICABLE,2001,S,MICHIGAN AVE,132,,,,,,,2,NO INDICATION OF INJURY,0,0,0,0,0,2,0,8,3,1,41.855432,-87.62372822,POINT (-87.623728215571 41.855431999021)
2a64d55e5e3477d75653d18121134f16e697555f0658c47a6c5940521542f3cd11821a52807170fad1253d189adec7f3c3a874ba2aa97c6d808ab4f776172542,JD457743,,12/13/2020 3:00,30,TRAFFIC SIGNAL,FUNCTIONING PROPERLY,CLEAR,"DARKNESS, LIGHTED ROAD",REAR END,DIVIDED - W/MEDIAN BARRIER,,STRAIGHT AND LEVEL,DRY,UNKNOWN,NOT ON SCENE (DESK REPORT),INJURY AND / OR TOW DUE TO CRASH,,,,"OVER $1,500",12/13/2020 3:02,NOT APPLICABLE,UNABLE TO DETERMINE,6298,S,LAKE SHORE DR,331,,,,,,,2,NONINCAPACITATING INJURY,1,0,0,1,0,1,0,3,1,12,,,
287f54c3cf4920878ceaa7fd7f1d122b22f7f0257ca1b92f0f5e3638ab32fd4f357918312f27a05b975a1966a6ad4be746872417753c19aff4e95ac347e25cce,JF117139,,1/18/2022 19:10,20,UNKNOWN,UNKNOWN,CLEAR,DARKNESS,PARKED MOTOR VEHICLE,ONE-WAY,,STRAIGHT AND LEVEL,DRY,NO DEFECTS,ON SCENE,NO INJURY / DRIVE AWAY,,,Y,"$501 - $1,500",1/18/2022 19:24,IMPROPER BACKING,NOT APPLICABLE,4304,N,ST LOUIS AVE,1723,,,,,,,2,NO INDICATION OF INJURY,0,0,0,0,0,1,0,19,3,1,41.95948248,-87.71568475,POINT (-87.715684751375 41.959482478545)
2a262dcf9d3525d69eecbce6bc01e41f5291dd60f7f1e0eb6cd791e50dffa8336dda37bec3bb7305d160cfee9eac5b6e6ab14f43718606d1a19d13048309d39d,JE349905,,8/25/2021 16:44,30,NO CONTROLS,NO CONTROLS,CLEAR,DAYLIGHT,ANGLE,NOT DIVIDED,,STRAIGHT ON GRADE,DRY,NO DEFECTS,ON SCENE,NO INJURY / DRIVE AWAY,,,,"OVER $1,500",8/25/2021 16:44,FAILING TO YIELD RIGHT-OF-WAY,UNABLE TO DETERMINE,4747,W,83RD ST,834,,,,,,,2,NO INDICATION OF INJURY,0,0,0,0,0,4,0,16,4,8,41.74186126,-87.74028992,POINT (-87.740289915032 41.741861263806)
291a62e44da3112f0c25f0660e4723769c0fb5547ed3cfe427e0ffbabd0553fea235a6ab7f26a1cf8663bbf7625975dce2e970ae565d2456078d2d324fa202dc,JA564234,,12/27/2017 9:45,30,TRAFFIC SIGNAL,FUNCTIONING PROPERLY,CLEAR,DAYLIGHT,TURNING,NOT DIVIDED,4,STRAIGHT AND LEVEL,DRY,UNKNOWN,NOT ON SCENE (DESK REPORT),NO INJURY / DRIVE AWAY,,,,"OVER $1,500",12/27/2017 9:54,UNABLE TO DETERMINE,NOT APPLICABLE,501,S,SACRAMENTO BLVD,1135,,,,,,,2,NO INDICATION OF INJURY,0,0,0,0,0,4,0,9,4,12,,,
2ab4f5c6170ac38036a6519453a707b3ed05228c5b508a0899db1570be083db3d23129a29dd720899b7c01f1b4c869b8c232145aeabc2abfe2ac3fec2f2139ab,JB247867,,5/3/2018 7:30,30,NO CONTROLS,NO CONTROLS,RAIN,DAYLIGHT,REAR END,DIVIDED - W/MEDIAN BARRIER,,STRAIGHT AND LEVEL,WET,NO DEFECTS,ON SCENE,NO INJURY / DRIVE AWAY,,,,"$501 - $1,500",5/3/2018 7:31,WEATHER,UNABLE TO DETERMINE,823,W,87TH ST,2223,,,,,,,4,NO INDICATION OF INJURY,0,0,0,0,0,4,0,7,5,5,41.73594914,-87.64467313,POINT (-87.644673124951 41.735949140677)
2aad7cbdf10e07944d1faa3e158cb5125e474a6983fbc8acf3c54ee3734c29cd7d539f6a79fdf3afa313a98e27fa8fb722af0a73fedd65d4482277c80884d72b,JB225198,,4/15/2018 19:22,30,NO CONTROLS,NO CONTROLS,RAIN,"DARKNESS, LIGHTED ROAD",PARKED MOTOR VEHICLE,ONE-WAY,3,STRAIGHT AND LEVEL,WET,NO DEFECTS,ON SCENE,NO INJURY / DRIVE AWAY,,,,$500 OR LESS,4/15/2018 19:22,UNABLE TO DETERMINE,UNABLE TO DETERMINE,1,W,TERMINAL ST,1651,,,,,,,2,NO INDICATION OF INJURY,0,0,0,0,0,1,0,19,1,4,,,
28fd3670c724d01ae4049042f753c3e7273c9e38ea9e5570c7684d3a892416ff8c48decdd2a85469cf9d5dd87025aa47624f623eceb1511ef944a973101d8e50,JC138042,,2/2/2019 20:09,30,NO CONTROLS,NO CONTROLS,SNOW,DARKNESS,PARKED MOTOR VEHICLE,PARKING LOT,,STRAIGHT AND LEVEL,WET,NO DEFECTS,ON SCENE,NO INJURY / DRIVE AWAY,,,,$500 OR LESS,2/2/2019 20:09,IMPROPER BACKING,NOT APPLICABLE,538,W,BARRY AVE,1934,,,,,,,2,NO INDICATION OF INJURY,0,0,0,0,0,1,0,20,7,2,41.93778056,-87.64344525,POINT (-87.643445249543 41.937780559365)
2a79404be5ba9fb6889ad43c6299374e7df46f5efff97a77b559f675b5e51ed4ba294b16dcd37d01b8a1bf076edb189e074d27f9b7b7ffeef9b55cf6cc904dca,JF246417,,5/18/2022 7:28,25,TRAFFIC SIGNAL,FUNCTIONING PROPERLY,RAIN,DAYLIGHT,REAR END,NOT DIVIDED,,STRAIGHT AND LEVEL,WET,NO DEFECTS,ON SCENE,INJURY AND / OR TOW DUE TO CRASH,,,,"OVER $1,500",5/18/2022 7:29,WEATHER,WEATHER,3340,N,PULASKI RD,1731,,,,,,,2,NONINCAPACITATING INJURY,1,0,0,1,0,1,0,7,4,5,41.94200267,-87.72741981,POINT (-87.727419807827 41.942002666379)
2b6154be2d323439c1ba5e996ab636fc556dd938cc222cfb9f6f1e599e1f719b73f3fd28a84ed8a41bb6895e3752e0e0d97c1010f541ee896e59a05c8f016088,JF226647,,5/1/2022 15:17,30,NO CONTROLS,NO CONTROLS,CLEAR,DAYLIGHT,ANGLE,ALLEY,,STRAIGHT AND LEVEL,DRY,UNKNOWN,ON SCENE,INJURY AND / OR TOW DUE TO CRASH,,,,"OVER $1,500",5/1/2022 15:17,UNABLE TO DETERMINE,UNABLE TO DETERMINE,1461,E,66TH PL,321,,,,,,,2,NO INDICATION OF INJURY,0,0,0,0,0,6,0,15,1,5,41.77411686,-87.58908857,POINT (-87.589088565414 41.774116859249)
2d28b7abdb7c44b0a98ad66f0a944478a1f337f1bf015643124917ea79693369b2e91e4cb02aba0e72b8bc7ece3f932291fae4e28663680162028b3f813bfa28,JB554851,,12/15/2018 17:50,30,NO CONTROLS,UNKNOWN,RAIN,DARKNESS,REAR END,RAMP,2,STRAIGHT AND LEVEL,DRY,UNKNOWN,ON SCENE,NO INJURY / DRIVE AWAY,,,,"$501 - $1,500",12/15/2018 17:55,FOLLOWING TOO CLOSELY,UNABLE TO DETERMINE,3199,N,LAKE SHORE DR,1934,,,,,,,2,NO INDICATION OF INJURY,0,0,0,0,0,2,0,17,7,12,41.94027995,-87.63864632,POINT (-87.638646318666 41.940279951159)
2e8e7e42444b0b1467c958ddf168c63b9d3836c658ed4580f2358ab83b0b8030e0494a508149e56699955ae6948f0565621ffa49e3c506607979e3f6fc6ec8cc,JC282167,,5/28/2019 16:05,30,NO CONTROLS,NO CONTROLS,RAIN,DAYLIGHT,TURNING,CENTER TURN LANE,,STRAIGHT AND LEVEL,WET,NO DEFECTS,ON SCENE,NO INJURY / DRIVE AWAY,Y,,,$500 OR LESS,5/28/2019 16:07,UNABLE TO DETERMINE,UNABLE TO DETERMINE,5999,S,PULASKI RD,822,,,,,,,2,NO INDICATION OF INJURY,0,0,0,0,0,4,0,16,3,5,41.78416243,-87.72276791,POINT (-87.722767912931 41.784162429912)
2dddd7b96630d18a3a528db32cb4783a9f445107df3adf17c30482e0aad1bf95d26c89c9d15edc9289ffe14c9c65fb93f86a3ce2a62f7f760fa433f42c36ae22,JD394930,,10/8/2020 9:30,30,NO CONTROLS,NO CONTROLS,CLEAR,DAYLIGHT,TURNING,NOT DIVIDED,,STRAIGHT AND LEVEL,DRY,NO DEFECTS,NOT ON SCENE (DESK REPORT),NO INJURY / DRIVE AWAY,,,,$500 OR LESS,10/10/2020 13:14,NOT APPLICABLE,NOT APPLICABLE,5917,S,PULASKI RD,822,,,,,,,2,NO INDICATION OF INJURY,0,0,0,0,0,2,0,9,5,10,41.78534882,-87.72279816,POINT (-87.722798159158 41.785348814968)
2c4b16f092cd4ec866b0bb91afd9a95589c3197ff4bf94b6bd3e856259b6c0544bc35c8d6c5536c008f9464be0a7429b34f37b890ab6f1ef520e764871345701,JC489001,,10/27/2019 14:20,30,NO CONTROLS,NO CONTROLS,CLEAR,DAYLIGHT,ANGLE,PARKING LOT,,STRAIGHT AND LEVEL,UNKNOWN,UNKNOWN,NOT ON SCENE (DESK REPORT),NO INJURY / DRIVE AWAY,,Y,,"$501 - $1,500",10/27/2019 23:20,NOT APPLICABLE,NOT APPLICABLE,1322,S,HALSTED ST,1232,,,,,,,2,NO INDICATION OF INJURY,0,0,0,0,0,2,0,14,1,10,41.86481082,-87.64699486,POINT (-87.646994859414 41.864810815958)
2d89281b8343b5aa98b18433ea25279a78550b723be2475ad8315ff783e95d619228d0283c23bc84264871c261ba82ded432ea3fa4adbaacbc7a29206b9fa6cb,JD153308,,2/15/2020 17:45,15,NO CONTROLS,NO CONTROLS,CLEAR,DAYLIGHT,REAR END,PARKING LOT,,STRAIGHT AND LEVEL,DRY,UNKNOWN,NOT ON SCENE (DESK REPORT),NO INJURY / DRIVE AWAY,,Y,,"$501 - $1,500",2/15/2020 22:15,DISTRACTION - FROM INSIDE VEHICLE,NOT APPLICABLE,2100,S,FORT DEARBORN,132,,,,,,,2,NO INDICATION OF INJURY,0,0,0,0,0,2,0,17,7,2,,,
2e864597672468b28959cc6eecb1b80aeb203a44520ccb04918a1cfae4face9c72affef4f34db67950b58f8b26535872bd34dd5b87203570443fbf4894940453,JB252594,,5/6/2018 13:00,0,NO CONTROLS,NO CONTROLS,CLEAR,DAYLIGHT,PARKED MOTOR VEHICLE,PARKING LOT,,STRAIGHT AND LEVEL,DRY,NO DEFECTS,ON SCENE,NO INJURY / DRIVE AWAY,,Y,Y,"$501 - $1,500",5/6/2018 16:15,ANIMAL,NOT APPLICABLE,5893,S,ARCHER AVE,811,,,,,,,2,NO INDICATION OF INJURY,0,0,0,0,0,1,0,13,1,5,41.79557225,-87.76251629,POINT (-87.762516294322 41.795572249211)
2c000d514761e09f4906f698db95082d9bfdf18f55c46daf73dbe0d02391dcb5d7aa0d61dea575d1eb532c94dcf51852d15ffcb344d42878c182fa2cfb796696,JF204984,,4/11/2022 18:20,30,TRAFFIC SIGNAL,FUNCTIONING PROPERLY,CLEAR,DUSK,TURNING,NOT DIVIDED,,STRAIGHT AND LEVEL,DRY,UNKNOWN,ON SCENE,NO INJURY / DRIVE AWAY,Y,,,"OVER $1,500",4/11/2022 19:21,UNABLE TO DETERMINE,NOT APPLICABLE,2602,N,PULASKI RD,2524,,,,,,,2,NO INDICATION OF INJURY,0,0,0,0,0,4,0,18,2,4,41.92827732,-87.72702642,POINT (-87.727026414619 41.928277316304)
2dacb90db4be139a3fdfdc43efdeba1b0c493f71cf4d901a4ed51949d622ae10f4bd53b60a6959adf22d856383d122b15cb494dd83719ed4b169d190c0cc57cc,JF239056,,5/12/2022 7:50,30,NO CONTROLS,NO CONTROLS,CLEAR,DAYLIGHT,REAR END,NOT DIVIDED,,STRAIGHT AND LEVEL,DRY,NO DEFECTS,ON SCENE,NO INJURY / DRIVE AWAY,,,,"$501 - $1,500",5/12/2022 8:00,FOLLOWING TOO CLOSELY,NOT APPLICABLE,6140,N,WESTERN AVE,2413,,,,,,,2,NO INDICATION OF INJURY,0,0,0,0,0,2,0,7,5,5,41.99349103,-87.68989167,POINT (-87.689891671999 41.993491028891)
2db01cb31ab8fbfd38cc0e00ecb4b092a3bb2642fc456fe8ddd735a16f06a8e64a1eeb15c3537e51d562b86557531a659a4581d0f3681cd76cbe1ce3f50dfcdc,JB178488,,3/8/2018 15:50,20,NO CONTROLS,NO CONTROLS,CLEAR,DAYLIGHT,FIXED OBJECT,ALLEY,1,STRAIGHT AND LEVEL,DRY,UNKNOWN,ON SCENE,NO INJURY / DRIVE AWAY,,Y,Y,"OVER $1,500",3/8/2018 16:16,IMPROPER BACKING,NOT APPLICABLE,957,W,SHERIDAN RD,1923,,,,,,,2,NO INDICATION OF INJURY,0,0,0,0,0,1,0,15,5,3,41.9525667,-87.65436946,POINT (-87.654369454549 41.952566701696)
2ef629ccf8e8efeb0e73a52210c342108a3a31cf065ae83de89b2372f595c0c75a7e10a08da0a372922df917a02ea2593f17081fec972c954c8ac5e84c3e2a40,JC280858,,5/27/2019 16:32,35,UNKNOWN,UNKNOWN,RAIN,DAYLIGHT,REAR TO SIDE,NOT DIVIDED,,STRAIGHT AND LEVEL,UNKNOWN,NO DEFECTS,ON SCENE,INJURY AND / OR TOW DUE TO CRASH,,,,"OVER $1,500",5/27/2019 16:32,UNABLE TO DETERMINE,NOT APPLICABLE,7500,S,UNION AVE,621,,,,,,,2,"REPORTED, NOT EVIDENT",1,0,0,0,1,1,0,16,2,5,41.75800665,-87.64193599,POINT (-87.641935985838 41.758006653551)
2e31f0ff6ff0a38147cfa40ebc7ce28dc05185ad174a2a846d848083ae8df09ecdf098dd20e94f6e3a2f600a1f4d52582362398c463f064b0f719312c7ebe559,JE415316,,10/19/2021 15:50,25,NO CONTROLS,NO CONTROLS,CLEAR,DAYLIGHT,PARKED MOTOR VEHICLE,ONE-WAY,,STRAIGHT AND LEVEL,DRY,NO DEFECTS,ON SCENE,NO INJURY / DRIVE AWAY,,,,"$501 - $1,500",10/19/2021 15:57,UNABLE TO DETERMINE,UNABLE TO DETERMINE,3339,W,54TH ST,822,,,,,,,2,NO INDICATION OF INJURY,0,0,0,0,0,1,0,15,3,10,41.79517247,-87.70759302,POINT (-87.70759302162 41.795172474011)
2c3e99bc421a40e88facbf2b1e2fbd3e2a1b3e035e2843fafabc90838a9520710975dd14571919479491ea8d26fbb8375c223c1a011e4b0702a9c484debd1943,JD342470,,8/23/2020 14:00,30,NO CONTROLS,NO CONTROLS,CLEAR,DAYLIGHT,TURNING,NOT DIVIDED,,STRAIGHT AND LEVEL,DRY,NO DEFECTS,ON SCENE,NO INJURY / DRIVE AWAY,,,Y,"OVER $1,500",8/23/2020 14:39,UNABLE TO DETERMINE,NOT APPLICABLE,2800,W,38TH PL,911,,,,,,,2,NO INDICATION OF INJURY,0,0,0,0,0,2,0,14,1,8,41.82380616,-87.69475931,POINT (-87.694759306252 41.823806158416)