CRASH_RECORD_ID,RD_NO,CRASH_DATE_EST_I,CRASH_DATE,POSTED_SPEED_LIMIT,TRAFFIC_CONTROL_DEVICE,DEVICE_CONDITION,WEATHER_CONDITION,LIGHTING_CONDITION,FIRST_CRASH_TYPE,TRAFFICWAY_TYPE,LANE_CNT,ALIGNMENT,ROADWAY_SURFACE_COND,ROAD_DEFECT,REPORT_TYPE,CRASH_TYPE,INTERSECTION_RELATED_I,NOT_RIGHT_OF_WAY_I,HIT_AND_RUN_I,DAMAGE,DATE_POLICE_NOTIFIED,PRIM_CONTRIBUTORY_CAUSE,SEC_CONTRIBUTORY_CAUSE,STREET_NO,STREET_DIRECTION,STREET_NAME,BEAT_OF_OCCURRENCE,PHOTOS_TAKEN_I,STATEMENTS_TAKEN_I,DOORING_I,WORK_ZONE_I,WORK_ZONE_TYPE,WORKERS_PRESENT_I,NUM_UNITS,MOST_SEVERE_INJURY,INJURIES_TOTAL,INJURIES_FATAL,INJURIES_INCAPACITATING,INJURIES_NON_INCAPACITATING,INJURIES_REPORTED_NOT_EVIDENT,INJURIES_NO_INDICATION,INJURIES_UNKNOWN,CRASH_HOUR,CRASH_DAY_OF_WEEK,CRASH_MONTH,LATITUDE,LONGITUDE,LOCATION
2bcc53e68b2ef671c8129032ce460a48eeaff24973f4aae43c1e22bb00f81eced259980c7b786f6dfcf10f09aaf59b8942033fcaf920636b42db27f65fb78ccf,JB163675,,2/24/2018 11:55,30,NO CONTROLS,NO CONTROLS,CLEAR,DAYLIGHT,TURNING,NOT DIVIDED,4,STRAIGHT AND LEVEL,DRY,NO DEFECTS,ON SCENE,NO INJURY / DRIVE AWAY,,,,"OVER $1,500",2/24/2018 12:06,UNABLE TO DETERMINE,UNABLE TO DETERMINE,4133,W,26TH ST,1031,,,,,,,2,NO INDICATION OF INJURY,0,0,0,0,0,3,0,11,7,2,41.84409518,-87.72817615,POINT (-87.728176146792 41.844095184181)
2e9ed91d10bbdaddf5b19f4709a00e6993894eda82d9c9686533d03dff2852517e08ec73a87175d27cd430a89d9249756d60d7a70dba57267184dc412e724bb7,JD166507,,2/27/2020 8:25,30,NO CONTROLS,NO CONTROLS,SNOW,DAYLIGHT,ANGLE,NOT DIVIDED,,STRAIGHT AND LEVEL,WET,NO DEFECTS,NOT ON SCENE (DESK REPORT),NO INJURY / DRIVE AWAY,,,,"OVER $1,500",2/27/2020 9:30,WEATHER,WEATHER,4901,S,CHAMPLAIN AVE,223,,,,,,,2,NO INDICATION OF INJURY,0,0,0,0,0,2,0,8,5,2,41.80575297,-87.60997231,POINT (-87.6099723059 41.805752969836)
2eb0fd499faa9d8e9fd75ddfdcd1667ad1d10908f16b1e65c8de014ca5e429fb973b15996b49ee76da4510bc6a932511187f0b9eefdb9df8aaf5a9a52e54ae7d,JD302542,,7/19/2020 8:00,30,NO CONTROLS,NO CONTROLS,RAIN,DAWN,TURNING,NOT DIVIDED,,STRAIGHT AND LEVEL,WET,NO DEFECTS,ON SCENE,INJURY AND / OR TOW DUE TO CRASH,,,,"OVER $1,500",7/19/2020 8:05,UNABLE TO DETERMINE,UNABLE TO DETERMINE,1130,S,CANAL ST,124,,,,,,,2,NO INDICATION OF INJURY,0,0,0,0,0,2,0,8,1,7,41.86808266,-87.63936542,POINT (-87.639365415895 41.868082660987)
30b5d088d9f9074d80dd629d7615c30d87ba443a5710e891ab19da36ae802386391ea74253a8c92841bbe1fd167452c86848899fbb49bd1585ae441ac4e511e3,JD164560,,2/25/2020 15:15,30,NO CONTROLS,NO CONTROLS,CLEAR,DAYLIGHT,ANGLE,ALLEY,,STRAIGHT AND LEVEL,DRY,NO DEFECTS,NOT ON SCENE (DESK REPORT),NO INJURY / DRIVE AWAY,,,,"$501 - $1,500",2/25/2020 16:29,NOT APPLICABLE,NOT APPLICABLE,4800,S,KEDVALE AVE,815,,,,,,,2,NO INDICATION OF INJURY,0,0,0,0,0,2,0,15,3,2,41.80590302,-87.72734801,POINT (-87.727348010221 41.805903015179)
2ffcabb26e9bfd8aa493720132083351b0fdb0b8429bcc5dae376a9bfb4e415abbdc504bc9b6cb9aac94efc1d8b54b3ef38b14c0aa4d8c01aceb1dd984f69124,JE108147,,1/9/2021 16:48,15,UNKNOWN,NO CONTROLS,CLEAR,DAYLIGHT,REAR TO SIDE,OTHER,,STRAIGHT AND LEVEL,DRY,NO DEFECTS,NOT ON SCENE (DESK REPORT),NO INJURY / DRIVE AWAY,,,,"OVER $1,500",1/9/2021 17:30,NOT APPLICABLE,UNABLE TO DETERMINE,11501,S,HALSTED ST,524,,,,,,,2,NO INDICATION OF INJURY,0,0,0,0,0,2,0,16,7,1,41.68502959,-87.64200453,POINT (-87.642004532189 41.685029586669)
30cfee166a0492e615429babf0ecdf6167e9e7e75aaf35acb0dcb24e9f3ad995ba64f0d6d565cd0c14b31afb77f1e4360dc513c970b68b7cb5a9a5e8dfae93a1,JE441326,,11/11/2021 8:37,30,NO CONTROLS,NO CONTROLS,RAIN,DAYLIGHT,TURNING,NOT DIVIDED,,STRAIGHT AND LEVEL,WET,NO DEFECTS,ON SCENE,INJURY AND / OR TOW DUE TO CRASH,,,,"OVER $1,500",11/11/2021 8:52,WEATHER,UNABLE TO DETERMINE,3640,W,59TH ST,822,,,,,,,2,NO INDICATION OF INJURY,0,0,0,0,0,5,0,8,5,11,41.78617397,-87.71487272,POINT (-87.714872723678 41.786173972903)
31a41a615417a6415b76df07b43c916dff4feb65e9e48fa1788c5f50e1bd9b97d3004ca54a36c57720417e4bf144d02fd3171d0841466e4c0c080bc846a8f8d4,JC170118,,3/1/2019 13:00,30,NO CONTROLS,UNKNOWN,CLEAR,DAYLIGHT,PARKED MOTOR VEHICLE,PARKING LOT,,STRAIGHT AND LEVEL,DRY,NO DEFECTS,ON SCENE,NO INJURY / DRIVE AWAY,,Y,Y,"$501 - $1,500",3/1/2019 14:24,UNABLE TO DETERMINE,UNABLE TO DETERMINE,6802,W,GEORGE ST,2511,,,,,,,2,NO INDICATION OF INJURY,0,0,0,0,0,1,0,13,6,3,41.93281151,-87.79567325,POINT (-87.795673248611 41.932811509115)
30625fe0190c010e9cdd6b5f674ae33bab9456c29d0bad04b57180bb0619d70ced811933ae77add15beced16d3665ca6dd0d46a24a66244c9a04aa4b53f1b29b,JA541001,,12/8/2017 6:05,20,NO CONTROLS,NO CONTROLS,CLEAR,DARKNESS,TURNING,ALLEY,,STRAIGHT AND LEVEL,DRY,NO DEFECTS,NOT ON SCENE (DESK REPORT),NO INJURY / DRIVE AWAY,,,,"OVER $1,500",12/8/2017 6:34,UNABLE TO DETERMINE,UNABLE TO DETERMINE,3800,W,TAYLOR ST,1133,,,,,,,2,NO INDICATION OF INJURY,0,0,0,0,0,2,0,6,6,12,41.86909651,-87.72034388,POINT (-87.720343883573 41.869096512214)
31920c435753fae56700c0c5262ad3ae408f0a89d28441be1c04a4bd2e40033116f8351f21775e13f16c9e7d869dfe390fcc4ca179ee2d9078eb11bdf4f2dff5,JC387042,,8/10/2019 14:15,20,NO CONTROLS,NO CONTROLS,CLEAR,DAYLIGHT,PARKED MOTOR VEHICLE,NOT DIVIDED,,STRAIGHT AND LEVEL,DRY,NO DEFECTS,,INJURY AND / OR TOW DUE TO CRASH,,,,"OVER $1,500",8/10/2019 16:43,NOT APPLICABLE,NOT APPLICABLE,6849,W,63RD ST,812,,,,,,,3,NO INDICATION OF INJURY,0,0,0,0,0,1,0,14,7,8,41.77736693,-87.79298574,POINT (-87.792985739675 41.777366930494)
3125a6faf180494c75185715ecd28d8dc1582a5287a7b9677b2a4041418b462da0b50453952b98f847cdd347c36a242e3ea6b97dc31dfa86ab3ab8b13ecc120d,JD270949,,6/20/2020 23:25,30,TRAFFIC SIGNAL,FUNCTIONING PROPERLY,RAIN,"DARKNESS, LIGHTED ROAD",REAR END,FOUR WAY,,STRAIGHT AND LEVEL,WET,UNKNOWN,ON SCENE,NO INJURY / DRIVE AWAY,Y,,,"OVER $1,500",6/20/2020 23:33,WEATHER,NOT APPLICABLE,6333,S,CICERO AVE,813,,,,,,,2,NO INDICATION OF INJURY,0,0,0,0,0,2,0,23,7,6,41.77743609,-87.74211358,POINT (-87.742113582426 41.77743608499)
30443bbf04e75c7e845ed39ecf66eced1057e272eec722db086c67300e7fe499fc295e4bd21eefc2c782cab0e09065645b2ee08e457bef9dd8989978fd9145a8,JF269303,,6/6/2022 7:40,30,TRAFFIC SIGNAL,FUNCTIONING PROPERLY,RAIN,DAYLIGHT,TURNING,NOT DIVIDED,,STRAIGHT AND LEVEL,WET,UNKNOWN,ON SCENE,NO INJURY / DRIVE AWAY,Y,,,"OVER $1,500",6/6/2022 7:43,NOT APPLICABLE,NOT APPLICABLE,4329,W,GRAND AVE,2534,,,,,,,2,NO INDICATION OF INJURY,0,0,0,0,0,4,0,7,2,6,41.90946907,-87.7351005,POINT (-87.735100503208 41.909469066314)
2fce15c5e59b68aaa40ffe4caa2a279bd71b5202f044af48179c6ab6e51944b275c0ec93731fc00828cd806772aebcb1c6e3b8cb26a82a4a51ef82134d15bf7f,JD326071,,8/9/2020 11:53,15,NO CONTROLS,NO CONTROLS,CLEAR,DAYLIGHT,FIXED OBJECT,ALLEY,,STRAIGHT AND LEVEL,DRY,NO DEFECTS,,INJURY AND / OR TOW DUE TO CRASH,,,,"OVER $1,500",8/9/2020 11:53,NOT APPLICABLE,NOT APPLICABLE,1212,N,MENARD AVE,2531,,,,,,,1,NO INDICATION OF INJURY,0,0,0,0,0,1,0,11,1,8,41.90249607,-87.77066924,POINT (-87.770669236833 41.902496074161)
30717ec9c62f86e4988016a08cbd149e9c1ae0334ce99c7a3038677c4a5219b5e748c60ba81ae4d220f44edf9333f056e081e9cadac06f88409db0ec6565bfd5,JD374488,,9/21/2020 12:56,30,NO CONTROLS,NO CONTROLS,CLEAR,DAYLIGHT,TURNING,NOT DIVIDED,,STRAIGHT AND LEVEL,DRY,NO DEFECTS,ON SCENE,INJURY AND / OR TOW DUE TO CRASH,,,Y,"OVER $1,500",9/21/2020 13:00,UNABLE TO DETERMINE,UNABLE TO DETERMINE,3653,W,GRAND AVE,2535,,,,,,,2,NO INDICATION OF INJURY,0,0,0,0,0,2,0,12,2,9,41.90271272,-87.71802584,POINT (-87.718025841616 41.902712720352)
2f6c0a62a7fda280441d872ff2dbcae46f2939f012af4e600c4b3d048633c573d499947e37d7113788d026b307b94ff01f27d06f195481dcf689697b2239714d,JE288443,,7/3/2021 12:19,30,TRAFFIC SIGNAL,FUNCTIONING PROPERLY,CLEAR,DAYLIGHT,TURNING,ONE-WAY,,STRAIGHT AND LEVEL,DRY,NO DEFECTS,ON SCENE,NO INJURY / DRIVE AWAY,Y,,,"OVER $1,500",7/3/2021 12:22,IMPROPER TURNING/NO SIGNAL,IMPROPER TURNING/NO SIGNAL,5700,S,WENTWORTH AVE,232,,,,,,,2,NO INDICATION OF INJURY,0,0,0,0,0,2,0,12,7,7,,,
300c6726d294ceb08e06e74216932094e2a59fb967e6e0b8513fa988e952e439578b0e9fc6b59976bde4bc988cd68a47b70e1affeaa246e13d445dd545f71bf1,JD465524,,12/21/2020 16:09,20,STOP SIGN/FLASHER,FUNCTIONING PROPERLY,CLEAR,DARKNESS,ANGLE,ONE-WAY,,STRAIGHT AND LEVEL,DRY,NO DEFECTS,ON SCENE,INJURY AND / OR TOW DUE TO CRASH,,,,"OVER $1,500",12/21/2020 16:12,UNABLE TO DETERMINE,NOT APPLICABLE,3500,W,OGDEN SD,1021,,,,,,,3,"REPORTED, NOT EVIDENT",1,0,0,0,1,4,0,16,2,12,,,
31810b59115e4d3d7c682b11e59b77abb75fc91bb6a954115f9f1267dedb295d90881cda4bdb6dfa088e9108ac44af52e6acf7fc9d5532b824122bb2d76bae45,JB544967,Y,12/7/2018 17:30,15,NO CONTROLS,NO CONTROLS,UNKNOWN,DARKNESS,PARKED MOTOR VEHICLE,PARKING LOT,2,STRAIGHT AND LEVEL,UNKNOWN,UNKNOWN,NOT ON SCENE (DESK REPORT),NO INJURY / DRIVE AWAY,,,Y,$500 OR LESS,12/8/2018 11:30,IMPROPER BACKING,UNABLE TO DETERMINE,2425,E,71ST ST,334,,,,,,,2,NO INDICATION OF INJURY,0,0,0,0,0,1,0,17,6,12,,,
353ce4f45a975cd0563b51fea5751e7d6820bad2184d8764c3b3f7200488af3ff08b320effd5a6a623fed983796b4ac53744f587c76830a2eb0279a2062bb79e,JC363969,,7/25/2019 13:08,20,NO CONTROLS,NO CONTROLS,CLEAR,DAYLIGHT,SIDESWIPE OPPOSITE DIRECTION,OTHER,,STRAIGHT AND LEVEL,DRY,NO DEFECTS,ON SCENE,NO INJURY / DRIVE AWAY,,,,"$501 - $1,500",7/25/2019 13:10,UNABLE TO DETERMINE,NOT APPLICABLE,2,W,TERMINAL ST,1652,,,,,,,2,NO INDICATION OF INJURY,0,0,0,0,0,2,0,13,5,7,,,
346426cf79f1f69461b2c4903f16607e6712e3b1346c5baf53df1f87503c672ea42b6b8cc03d2ec25e024d2be3a4fd151dbfa12f0fe42767584b241cf23fd17f,JC529867,,11/30/2019 18:20,30,UNKNOWN,UNKNOWN,UNKNOWN,UNKNOWN,ANGLE,PARKING LOT,,STRAIGHT AND LEVEL,UNKNOWN,UNKNOWN,NOT ON SCENE (DESK REPORT),NO INJURY / DRIVE AWAY,,Y,,"OVER $1,500",11/30/2019 18:50,UNABLE TO DETERMINE,NOT APPLICABLE,7155,W,FOSTER AVE,1613,,,,,,,2,NO INDICATION OF INJURY,0,0,0,0,0,2,0,18,7,11,41.97538461,-87.80694898,POINT (-87.806948983161 41.975384609397)
3550e0f6abc8ac1841351169898789f35c01d260b812b14ac3ccac19a40a902522702bdaf2da383a7eb2902f241fcad2f7cb26ea997f4b97689be771a145b5c2,JC430945,,9/12/2019 21:45,15,NO CONTROLS,NO CONTROLS,CLEAR,"DARKNESS, LIGHTED ROAD",TURNING,ALLEY,,STRAIGHT AND LEVEL,DRY,NO DEFECTS,ON SCENE,NO INJURY / DRIVE AWAY,,,,"$501 - $1,500",9/12/2019 21:52,UNABLE TO DETERMINE,UNABLE TO DETERMINE,3220,N,RACINE AVE,1924,,,,,,,2,NO INDICATION OF INJURY,0,0,0,0,0,2,0,21,5,9,41.94050048,-87.65913349,POINT (-87.659133488923 41.940500479462)
33ce4192a08e29005cb023aa115a3989bc5022fd90b056636ebb201b481ed016f58285173da876064c3d3828769e39fcd9275f78e6c5cb792ef5a8d6c886c249,JE240243,,5/23/2021 17:45,30,NO CONTROLS,NO CONTROLS,RAIN,DAYLIGHT,REAR END,NOT DIVIDED,,STRAIGHT AND LEVEL,WET,NO DEFECTS,ON SCENE,NO INJURY / DRIVE AWAY,,,Y,"$501 - $1,500",5/23/2021 17:45,UNABLE TO DETERMINE,UNABLE TO DETERMINE,6628,W,DIVERSEY AVE,2511,,,,,,,2,NO INDICATION OF INJURY,0,0,0,0,0,2,0,17,1,5,41.93103913,-87.79174446,POINT (-87.791744460994 41.93103913374)
33b256402c20129f7c280cdd6ab5d607d526c3ef965493a9fa7f53636ab2a30dd475be34d55573b0af466cb01025c2c7578b14e3f660e8838ff12548d8aea98d,JD460566,,12/16/2020 11:00,30,NO CONTROLS,NO CONTROLS,SNOW,DAYLIGHT,FIXED OBJECT,NOT DIVIDED,,STRAIGHT AND LEVEL,WET,NO DEFECTS,ON SCENE,NO INJURY / DRIVE AWAY,,Y,,"OVER $1,500",12/16/2020 11:05,UNABLE TO DETERMINE,UNABLE TO DETERMINE,2414,W,DEVON AVE,2412,,,,,,,1,NO INDICATION OF INJURY,0,0,0,0,0,1,0,11,4,12,41.9978265,-87.69053847,POINT (-87.690538469279 41.997826504337)
3558a6694ef11236f80fad39b39681e12befcd5af53ebdb263391eacb99b5b4d22edccc4753f47df663a6ff245415333cac07da8004bf6ed14640e89f5f89797,JB223730,,4/14/2018 12:30,15,NO CONTROLS,NO CONTROLS,RAIN,DAYLIGHT,ANGLE,PARKING LOT,,STRAIGHT AND LEVEL,WET,NO DEFECTS,NOT ON SCENE (DESK REPORT),NO INJURY / DRIVE AWAY,,,,"OVER $1,500",4/14/2018 13:50,UNABLE TO DETERMINE,UNABLE TO DETERMINE,6401,N,CLARK ST,2432,,,,,,,2,NO INDICATION OF INJURY,0,0,0,0,0,2,0,12,7,4,41.99814572,-87.67046302,POINT (-87.670463023676 41.998145724489)
32dbfaee9f908e364ec6e8d421594a5a8101457003977738c036a1d248c31b2feeaa0dd535f8ab5d6d11c9eb8b527eb78c620ac970ac4a559a3eb62ab604be51,JB332356,,7/2/2018 16:05,30,TRAFFIC SIGNAL,FUNCTIONING PROPERLY,CLEAR,DAYLIGHT,REAR END,ONE-WAY,3,STRAIGHT AND LEVEL,DRY,NO DEFECTS,ON SCENE,INJURY AND / OR TOW DUE TO CRASH,Y,,,"OVER $1,500",7/2/2018 16:10,FOLLOWING TOO CLOSELY,FOLLOWING TOO CLOSELY,600,E,ILLINOIS ST,1834,,,,,,,3,NONINCAPACITATING INJURY,2,0,0,2,0,3,0,16,2,7,,,
328af76ceeebf1026522bb2990199e7807c44e4dffe752f81ef47bc5b4f1b7fab24caaafa54edc19535f805d961555e257a11f4e03ee3a03f1cb429a27053d66,JD393029,,10/8/2020 16:25,30,NO CONTROLS,NO CONTROLS,CLEAR,DAYLIGHT,REAR END,NOT DIVIDED,,STRAIGHT AND LEVEL,DRY,NO DEFECTS,ON SCENE,NO INJURY / DRIVE AWAY,,,Y,"$501 - $1,500",10/8/2020 16:29,FOLLOWING TOO CLOSELY,NOT APPLICABLE,1000,N,MILWAUKEE AVE,1213,,,,,,,2,NO INDICATION OF INJURY,0,0,0,0,0,2,0,16,5,10,41.8997595,-87.66107806,POINT (-87.661078061362 41.899759497226)
3334dfa9cdf11dfd97402551f68dca160b7942cb30289daad14a8403b975a690ca0f099a6168ac9d12ef0d09c636b24a67eca77c2b41f1172aaf81884ae90b3d,JB178211,,3/8/2018 13:00,30,STOP SIGN/FLASHER,FUNCTIONING PROPERLY,CLEAR,DAYLIGHT,TURNING,ONE-WAY,,STRAIGHT AND LEVEL,DRY,NO DEFECTS,NOT ON SCENE (DESK REPORT),NO INJURY / DRIVE AWAY,,,,"$501 - $1,500",3/8/2018 13:40,IMPROPER BACKING,UNABLE TO DETERMINE,7100,S,CYRIL AVE,333,,,,,,,2,NO INDICATION OF INJURY,0,0,0,0,0,2,0,13,5,3,,,
341605a381718037c091a74b33cec9ead9176e53811b323504bfb3bddc2a58917f8fcee3e88441127163e5c346570d32dcfd7f7868952c1270df4186c7a80887,JE138933,Y,2/10/2021 8:36,15,UNKNOWN,UNKNOWN,UNKNOWN,UNKNOWN,PARKED MOTOR VEHICLE,ONE-WAY,,STRAIGHT AND LEVEL,UNKNOWN,UNKNOWN,ON SCENE,NO INJURY / DRIVE AWAY,,,Y,"OVER $1,500",2/11/2021 15:15,UNABLE TO DETERMINE,NOT APPLICABLE,10751,S,FOREST AVE,513,,,,,,,2,NO INDICATION OF INJURY,0,0,0,0,0,1,0,8,4,2,41.69845094,-87.61581436,POINT (-87.615814362903 41.698450941771)
34c4fe9952488cc760d26d0cf7f8e441284d69da5c41960494607ecb1843686b49d031a43448d9790f454efab2b158540a035f6feafaad9b7acbb9c06a827968,JB214060,,4/6/2018 17:15,30,NO CONTROLS,NO CONTROLS,CLEAR,DAYLIGHT,REAR END,DIVIDED - W/MEDIAN (NOT RAISED),2,STRAIGHT AND LEVEL,DRY,NO DEFECTS,NOT ON SCENE (DESK REPORT),NO INJURY / DRIVE AWAY,Y,,,"$501 - $1,500",4/6/2018 17:40,UNABLE TO DETERMINE,NOT APPLICABLE,2400,E,71ST ST,334,,,,,,,2,NO INDICATION OF INJURY,0,0,0,0,0,2,0,17,6,4,,,
34e6e86b446191a4cd59d5c190de18be678aaa33ac72081a44a79f1a87c9a81e37468c7fa0a9e5609e244291ded99ca47b1296e3c5918b77d4dc135b093a123b,JC492322,,10/30/2019 16:43,25,NO CONTROLS,NO CONTROLS,RAIN,DAYLIGHT,SIDESWIPE SAME DIRECTION,ONE-WAY,,STRAIGHT AND LEVEL,WET,NO DEFECTS,ON SCENE,NO INJURY / DRIVE AWAY,,,,$500 OR LESS,10/30/2019 16:44,NOT APPLICABLE,NOT APPLICABLE,2402,N,TRIPP AVE,2524,,,,,,,2,NO INDICATION OF INJURY,0,0,0,0,0,2,0,16,4,10,41.92455732,-87.73304162,POINT (-87.733041618414 41.924557318936)
34988a6a0a5b65b48cf582a5c2c363ccfff0a3d7458d4623cd786d3db2595841bbfb9fdc522337ec424a480afdd8484ec4ecc058f43fd96016ae067ac3119d6d,JE361688,,9/4/2021 18:00,30,NO CONTROLS,NO CONTROLS,CLEAR,DAYLIGHT,ANGLE,ONE-WAY,,STRAIGHT AND LEVEL,DRY,NO DEFECTS,,NO INJURY / DRIVE AWAY,,,Y,"OVER $1,500",9/4/2021 18:20,UNABLE TO DETERMINE,UNABLE TO DETERMINE,5150,W,SCHUBERT AVE,2521,,,,,,,2,NO INDICATION OF INJURY,0,0,0,0,0,3,0,18,7,9,41.92970382,-87.75592598,POINT (-87.755925983202 41.929703815754)
358cf31857f02ea7d051df1c1f3a1cece4f6023a203fc2de0b19dc18c0f5bdc93eb213c764d56008e5fc91f65c57179a913cb852c386edd0c2d09281070ccc23,JC313329,,6/19/2019 16:48,30,NO CONTROLS,NO CONTROLS,CLOUDY/OVERCAST,DAYLIGHT,SIDESWIPE SAME DIRECTION,ONE-WAY,,STRAIGHT AND LEVEL,DRY,NO DEFECTS,ON SCENE,NO INJURY / DRIVE AWAY,,,Y,"OVER $1,500",6/19/2019 16:55,UNABLE TO DETERMINE,UNABLE TO DETERMINE,3,W,TERMINAL ST,1653,,,,,,,2,NO INDICATION OF INJURY,0,0,0,0,0,2,0,16,4,6,,,
33836ce0a19451526e4289eee24f6ca4b1767fb605c5d1e831be98cb8960e332c6732d21291137cfec0d00803150777f388471daa97ca3e080645868296c7c8c,HZ468327,,10/10/2016 10:10,0,NO CONTROLS,NO CONTROLS,CLEAR,DAYLIGHT,OTHER NONCOLLISION,NOT DIVIDED,2,STRAIGHT AND LEVEL,DRY,OTHER,NOT ON SCENE (DESK REPORT),NO INJURY / DRIVE AWAY,,,,"$501 - $1,500",10/10/2016 10:29,ROAD CONSTRUCTION/MAINTENANCE,UNABLE TO DETERMINE,21,E,CULLERTON ST,131,,,,,,,1,,,,,,,,,10,2,10,41.85535043,-87.62614304,POINT (-87.626143042288 41.855350428851)
32874ff1ef85224f9a3c59b6b39301484e09d53b50577defb06bd93b4e57e423b04ecc1ecb0b68823bb7bc64086e37f065aeb15475c07081607ef89126f2a9f5,JE230084,,5/14/2021 7:46,30,NO CONTROLS,NO CONTROLS,CLEAR,DAYLIGHT,PARKED MOTOR VEHICLE,ONE-WAY,,STRAIGHT AND LEVEL,DRY,NO DEFECTS,,NO INJURY / DRIVE AWAY,,,Y,"OVER $1,500",5/14/2021 15:42,UNABLE TO DETERMINE,NOT APPLICABLE,1043,N,LAWLER AVE,1531,,,,,,,2,NO INDICATION OF INJURY,0,0,0,0,0,1,0,7,6,5,41.89990923,-87.75189493,POINT (-87.751894925678 41.899909225703)
333ad2a1c846efe1705d0cdebc14128bb8a59bb305b340eab616557ef93dad51e844a9617ceb1919bf50a17cf8d2421f335fcd4a392f3d04851364ba7e113b43,JE337408,,8/14/2021 17:23,30,UNKNOWN,UNKNOWN,UNKNOWN,UNKNOWN,REAR END,UNKNOWN,,STRAIGHT AND LEVEL,UNKNOWN,UNKNOWN,NOT ON SCENE (DESK REPORT),NO INJURY / DRIVE AWAY,,,,"OVER $1,500",8/14/2021 17:45,UNABLE TO DETERMINE,NOT APPLICABLE,4000,N,CUMBERLAND AVE,1614,,,,,,,2,NO INDICATION OF INJURY,0,0,0,0,0,2,0,17,7,8,41.95214259,-87.83681427,POINT (-87.836814266937 41.952142587107)
35646359ba74ce8b90703c2b5a0cb740d281553836274b7b49f2acd78e78d8ccea18b14b31ce4a41c1cbf0a62691339eb1ff1ec14244ee09612414eba0aee68d,JB258160,,5/10/2018 15:00,30,NO CONTROLS,NO CONTROLS,CLEAR,DAYLIGHT,REAR END,NOT DIVIDED,1,STRAIGHT AND LEVEL,DRY,NO DEFECTS,ON SCENE,NO INJURY / DRIVE AWAY,,,,"OVER $1,500",5/10/2018 15:20,FOLLOWING TOO CLOSELY,NOT APPLICABLE,7000,W,BELMONT AVE,1632,,,,,,,3,NO INDICATION OF INJURY,0,0,0,0,0,3,0,15,5,5,41.93818574,-87.80129017,POINT (-87.80129017281 41.938185738779)
3491ee79f8bd2a42cfec6c91758d91154d7a10c39076a4da7d2f2743199e793853db71ff583e261063121f8038476d43e5a4daa600f8a4250e37a1255d972f53,JE308017,,7/20/2021 14:43,30,NO CONTROLS,NO CONTROLS,CLEAR,DAYLIGHT,REAR END,NOT DIVIDED,,STRAIGHT AND LEVEL,DRY,NO DEFECTS,ON SCENE,NO INJURY / DRIVE AWAY,,,,$500 OR LESS,7/20/2021 15:28,UNABLE TO DETERMINE,UNABLE TO DETERMINE,1444,W,WILLOW ST,1433,,,,,,,2,NO INDICATION OF INJURY,0,0,0,0,0,2,0,14,3,7,41.91425275,-87.66351983,POINT (-87.663519834398 41.914252746348)
37fe6b552d33dae476ac3500ced22191592fd2605b5b145448df913b8849ab5c373a0db5ad05fa1387932e0b5427e0caaa4dea09d2622efc6cfdab8c6dd2748f,JC348793,,7/14/2019 8:00,20,NO CONTROLS,NO CONTROLS,CLEAR,DAYLIGHT,SIDESWIPE SAME DIRECTION,ONE-WAY,,STRAIGHT AND LEVEL,DRY,NO DEFECTS,ON SCENE,NO INJURY / DRIVE AWAY,,,Y,"OVER $1,500",7/14/2019 18:04,UNABLE TO DETERMINE,NOT APPLICABLE,5943,N,WINTHROP AVE,2433,,,,,,,2,NO INDICATION OF INJURY,0,0,0,0,0,2,0,8,1,7,41.99028543,-87.65807559,POINT (-87.658075588784 41.990285430192)
37af82b178a5f1daaa76bef7d7df3f184382b43791602030595f49997d5648e4338cb3553dae83bac7da51cdf73781a2cd1a1464f1e02ac432da8eef7eef51a1,JF227508,,5/2/2022 11:25,30,NO CONTROLS,NO CONTROLS,CLOUDY/OVERCAST,DAYLIGHT,FIXED OBJECT,DRIVEWAY,,STRAIGHT AND LEVEL,DRY,UNKNOWN,ON SCENE,NO INJURY / DRIVE AWAY,,Y,,"$501 - $1,500",5/2/2022 11:30,UNABLE TO DETERMINE,NOT APPLICABLE,10,E,CHICAGO AVE,1833,,,,,,,1,NO INDICATION OF INJURY,0,0,0,0,0,1,0,11,2,5,41.89679287,-87.62778758,POINT (-87.627787578417 41.896792874374)
38934dbf29cac26b35022b6875f5f155741e1f53a9e1402faa0a30152b98066862ceacf05de8e1f81fda140f9a89072bc25b61c77b51d6f5fe3cc7b6f142168f,JE177075,,3/23/2021 8:20,0,NO CONTROLS,NO CONTROLS,CLEAR,DUSK,SIDESWIPE OPPOSITE DIRECTION,PARKING LOT,,STRAIGHT AND LEVEL,DRY,NO DEFECTS,ON SCENE,NO INJURY / DRIVE AWAY,,Y,,$500 OR LESS,3/23/2021 8:20,NOT APPLICABLE,NOT APPLICABLE,612,N,WELLS ST,1831,,,,,,,2,NO INDICATION OF INJURY,0,0,0,0,0,2,0,8,3,3,41.89285846,-87.63424924,POINT (-87.634249236448 41.892858456613)
381f4f2479a5b0eb2465b273b21faf2ddb77eed3419f67ff6f78e45df413e945a1067378404d0f99b8f5e31147364b967db43629dcd6876846d4cfdfef294a47,JC454165,,9/30/2019 10:30,30,NO CONTROLS,NO CONTROLS,CLEAR,DAYLIGHT,PARKED MOTOR VEHICLE,NOT DIVIDED,,STRAIGHT AND LEVEL,DRY,NO DEFECTS,,NO INJURY / DRIVE AWAY,,,,"OVER $1,500",9/30/2019 12:30,NOT APPLICABLE,NOT APPLICABLE,5411,W,KAMERLING AVE,2532,,,,,,,2,NO INDICATION OF INJURY,0,0,0,0,0,2,0,10,2,9,41.90479138,-87.76156177,POINT (-87.761561771129 41.904791375042)