CRASH_RECORD_ID,RD_NO,CRASH_DATE_EST_I,CRASH_DATE,POSTED_SPEED_LIMIT,TRAFFIC_CONTROL_DEVICE,DEVICE_CONDITION,WEATHER_CONDITION,LIGHTING_CONDITION,FIRST_CRASH_TYPE,TRAFFICWAY_TYPE,LANE_CNT,ALIGNMENT,ROADWAY_SURFACE_COND,ROAD_DEFECT,REPORT_TYPE,CRASH_TYPE,INTERSECTION_RELATED_I,NOT_RIGHT_OF_WAY_I,HIT_AND_RUN_I,DAMAGE,DATE_POLICE_NOTIFIED,PRIM_CONTRIBUTORY_CAUSE,SEC_CONTRIBUTORY_CAUSE,STREET_NO,STREET_DIRECTION,STREET_NAME,BEAT_OF_OCCURRENCE,PHOTOS_TAKEN_I,STATEMENTS_TAKEN_I,DOORING_I,WORK_ZONE_I,WORK_ZONE_TYPE,WORKERS_PRESENT_I,NUM_UNITS,MOST_SEVERE_INJURY,INJURIES_TOTAL,INJURIES_FATAL,INJURIES_INCAPACITATING,INJURIES_NON_INCAPACITATING,INJURIES_REPORTED_NOT_EVIDENT,INJURIES_NO_INDICATION,INJURIES_UNKNOWN,CRASH_HOUR,CRASH_DAY_OF_WEEK,CRASH_MONTH,LATITUDE,LONGITUDE,LOCATION
3855f8e5f35996bde3fe2fea6b228e7bdb3a2d107a81ff737d804b4051f03e469c6e942e34cc3a4023730fed560944d14f0d67e556ffceebc75cbcca97e8498a,JA392718,,8/15/2017 20:30,30,NO CONTROLS,NO CONTROLS,CLEAR,DUSK,REAR END,NOT DIVIDED,,STRAIGHT AND LEVEL,DRY,NO DEFECTS,NOT ON SCENE (DESK REPORT),NO INJURY / DRIVE AWAY,,,,$500 OR LESS,8/15/2017 20:56,NOT APPLICABLE,NOT APPLICABLE,6300,S,PULASKI RD,813,,,,,,,2,NO INDICATION OF INJURY,0,0,0,0,0,2,0,20,3,8,41.77863647,-87.72290636,POINT (-87.722906355685 41.778636468781)
3697b9690492e94ca0ce8ba1b70ebf6aa4827529ea10ccb3fe6bc61ebc01cacebbdbbc130334421e50a3242021e047c21dfa30cc7f87ebec182e83be135812b2,JD450171,,12/5/2020 9:10,30,TRAFFIC SIGNAL,FUNCTIONING PROPERLY,CLEAR,DAYLIGHT,REAR TO SIDE,ONE-WAY,,STRAIGHT AND LEVEL,DRY,NO DEFECTS,ON SCENE,NO INJURY / DRIVE AWAY,Y,,,"OVER $1,500",12/5/2020 9:41,IMPROPER BACKING,NOT APPLICABLE,120,S,DEARBORN ST,112,,,,,,,2,NO INDICATION OF INJURY,0,0,0,0,0,2,0,9,7,12,41.88011265,-87.62950869,POINT (-87.629508690516 41.880112653591)
36b7252cf54e5a89ecdcaa4a944e3e6faf1aea913f2ecee16cb0d81263a29becf349d3c961bf164da25d6e17ea2d1774bf380026b06b63e4e45badcc2f8ae09e,JA306904,,6/14/2017 16:15,30,UNKNOWN,UNKNOWN,CLEAR,DAYLIGHT,REAR END,UNKNOWN,,STRAIGHT AND LEVEL,DRY,UNKNOWN,NOT ON SCENE (DESK REPORT),NO INJURY / DRIVE AWAY,,,,"$501 - $1,500",6/14/2017 16:45,FOLLOWING TOO CLOSELY,FOLLOWING TOO CLOSELY,7559,W,BELMONT AVE,2511,,,,,,,2,NO INDICATION OF INJURY,0,0,0,0,0,2,0,16,4,6,41.93783154,-87.81644998,POINT (-87.816449983407 41.937831536125)
3612c55795d632369c8fdf0725912e46698f7b226fb4f66eef601fec87b76a32ffb0b2e6499e08b44aebfd573ba7fcfcf175adfebb2f9470052a9ca40a4d3884,JE352103,,8/27/2021 15:00,30,UNKNOWN,UNKNOWN,UNKNOWN,UNKNOWN,REAR END,UNKNOWN,,STRAIGHT AND LEVEL,UNKNOWN,UNKNOWN,NOT ON SCENE (DESK REPORT),NO INJURY / DRIVE AWAY,,,,"$501 - $1,500",8/27/2021 16:40,NOT APPLICABLE,NOT APPLICABLE,5101,S,KEDZIE AVE,923,,,,,,,2,NO INDICATION OF INJURY,0,0,0,0,0,2,0,15,6,8,41.80073146,-87.70361687,POINT (-87.703616874333 41.800731461185)
383ed62425b8d20ea8f1be542115e848095017aa7b2995ee29d2c92c26349e4767414ceaef420dd9b22d8a14cc0506ec4ffb94cfc1c1375422de5d9b85eb9041,JC366943,,7/27/2019 14:05,30,TRAFFIC SIGNAL,FUNCTIONING PROPERLY,CLEAR,DAYLIGHT,REAR END,OTHER,,STRAIGHT AND LEVEL,DRY,UNKNOWN,,NO INJURY / DRIVE AWAY,,,Y,"$501 - $1,500",7/27/2019 14:23,UNABLE TO DETERMINE,NOT APPLICABLE,9500,S,TORRENCE AVE,431,,,,,,,2,NO INDICATION OF INJURY,0,0,0,0,0,2,0,14,7,7,41.7223594,-87.56002301,POINT (-87.560023006518 41.72235939979)
3731165b85cede8aaa22a747c726a064a4c0e809abb10b7b549b2eb6b6dd7b51bbcfe31838d1cf10f327e1a95899fbb896c366c34d31a3656414ef886a1e4fbe,JE336899,,8/14/2021 8:25,45,NO CONTROLS,NO CONTROLS,CLEAR,DAYLIGHT,REAR END,DIVIDED - W/MEDIAN BARRIER,,"CURVE, LEVEL",DRY,NO DEFECTS,ON SCENE,INJURY AND / OR TOW DUE TO CRASH,,,N,"OVER $1,500",8/14/2021 8:28,IMPROPER LANE USAGE,DISREGARDING ROAD MARKINGS,6400,S,CHICAGO SKYWAY IB,312,,,,,,,2,NONINCAPACITATING INJURY,1,0,0,1,0,1,0,8,7,8,,,
37a5e2a44fde2a63a587f4812594c1d11dc78abf7b0779b5c7b5665fbfa47d3da0ae2d1c7a983c9649b936d951e819aab721f5924fc1743cc4febafc660ba37c,JA516601,,11/18/2017 11:10,30,NO CONTROLS,NO CONTROLS,RAIN,DAYLIGHT,TURNING,NOT DIVIDED,4,STRAIGHT AND LEVEL,WET,NO DEFECTS,ON SCENE,NO INJURY / DRIVE AWAY,Y,,,"OVER $1,500",11/18/2017 11:41,FAILING TO YIELD RIGHT-OF-WAY,WEATHER,3801,W,BELMONT AVE,2523,,,,,,,2,NO INDICATION OF INJURY,0,0,0,0,0,2,0,11,7,11,41.93904479,-87.72235158,POINT (-87.722351577503 41.939044790485)
35ddde9409a08f24aa8b631d6904f5e5b00686fc91c210fdc13359ec5efec76f78f57c32bc59c22287bb126a92b20bccd7a385b85bcdaf482ff6c7d6e6a15216,JB257710,,5/10/2018 8:00,35,NO CONTROLS,NO CONTROLS,CLEAR,DAYLIGHT,REAR END,ALLEY,,STRAIGHT AND LEVEL,DRY,NO DEFECTS,NOT ON SCENE (DESK REPORT),NO INJURY / DRIVE AWAY,,,,"OVER $1,500",5/10/2018 10:15,IMPROPER BACKING,NOT APPLICABLE,3211,W,51ST ST,822,,,,,,,2,NO INDICATION OF INJURY,0,0,0,0,0,2,0,8,5,5,41.80070399,-87.70428269,POINT (-87.704282689318 41.800703989517)
37c2a5643184216b16a61ed59a1fcb753ec7bbacbbadd92127e6a88efddc30985f2b0f80a9a66a9cfa4cfd868029dd25d8e84cfed53b729e3c86812cfb50b164,JF146011,,2/16/2022 9:45,20,NO CONTROLS,NO CONTROLS,CLEAR,DAYLIGHT,ANGLE,ONE-WAY,,STRAIGHT AND LEVEL,WET,NO DEFECTS,ON SCENE,NO INJURY / DRIVE AWAY,,,,"$501 - $1,500",2/16/2022 9:50,IMPROPER OVERTAKING/PASSING,NOT APPLICABLE,3816,W,CONGRESS PKWY,1133,,,,,,,2,NO INDICATION OF INJURY,0,0,0,0,0,2,0,9,4,2,41.87453914,-87.72135451,POINT (-87.721354511474 41.874539136334)
375f28cf25f33ad57f47ebb217bee4742769659826784a0c453bf51efb7d981a0ef6e55a482b86b79c177f1ec5b9787811e2d8c0eac8beb1d7b251f87e8a4e8e,JB548702,,12/11/2018 11:20,30,NO CONTROLS,NO CONTROLS,CLEAR,DAYLIGHT,FIXED OBJECT,ALLEY,,STRAIGHT AND LEVEL,ICE,NO DEFECTS,ON SCENE,INJURY AND / OR TOW DUE TO CRASH,,Y,Y,"OVER $1,500",12/11/2018 11:20,UNABLE TO DETERMINE,UNABLE TO DETERMINE,2139,N,STAVE ST,1431,,,,,,,1,NO INDICATION OF INJURY,0,0,0,0,0,2,0,11,3,12,41.92016604,-87.69537381,POINT (-87.695373807813 41.920166035638)
3625f0fabed6da1e1411ebc57469db6a835e1366df5371e0d92a4c715a99c7662557e2cc4987902409630a13663fef60b24aca22e7ebf725b792a75db4621440,HZ326505,,6/28/2016 4:40,30,TRAFFIC SIGNAL,FUNCTIONING PROPERLY,CLEAR,"DARKNESS, LIGHTED ROAD",FIXED OBJECT,DIVIDED - W/MEDIAN BARRIER,2,STRAIGHT AND LEVEL,DRY,NO DEFECTS,ON SCENE,INJURY AND / OR TOW DUE TO CRASH,,,,"OVER $1,500",6/28/2016 4:41,UNABLE TO DETERMINE,UNABLE TO DETERMINE,6299,S,LAKE SHORE DR,331,,,,,,,1,NO INDICATION OF INJURY,0,0,0,0,0,1,0,4,3,6,,,
3658ff5622ba20db2f45094d744f3e1a4656bd614d591efa9a95db0721e1a4c5d1bb2d2942267faad9c18a31668b089103433b09e38f1296d142a0dbea71338d,JF124861,,1/26/2022 15:50,20,NO CONTROLS,NO CONTROLS,CLEAR,DAYLIGHT,SIDESWIPE SAME DIRECTION,ONE-WAY,,STRAIGHT AND LEVEL,UNKNOWN,UNKNOWN,ON SCENE,NO INJURY / DRIVE AWAY,,,,$500 OR LESS,1/26/2022 15:56,NOT APPLICABLE,NOT APPLICABLE,6200,S,HAMLIN AVE,823,,,,,,,2,NO INDICATION OF INJURY,0,0,0,0,0,3,0,15,4,1,41.78050763,-87.71804991,POINT (-87.718049914212 41.780507631392)
36bae54cd053fbe720f6f981fc3a90ebf43c2304cb758819a7e35a485655ec0a74f423fe3d256055e15c4251e95b74d4a80a16a8efe4467fd4f2f53b2e7b2bd8,JF282474,,6/16/2022 18:28,35,NO CONTROLS,NO CONTROLS,CLEAR,DAYLIGHT,TURNING,NOT DIVIDED,,STRAIGHT AND LEVEL,DRY,NO DEFECTS,ON SCENE,NO INJURY / DRIVE AWAY,Y,,,"OVER $1,500",6/16/2022 19:09,UNABLE TO DETERMINE,NOT APPLICABLE,5400,N,CUMBERLAND AVE,1614,,,,,,,2,NO INDICATION OF INJURY,0,0,0,0,0,5,0,18,5,6,41.97750034,-87.83675449,POINT (-87.83675449392 41.977500342528)
374f7a31f0e174079ffe2e7419ae9100182355e3c5cad72bbb696f64a43628d1bd4d61e2cf3a82264ed594ecb86435b387016592cd0259628d7b0e7f8850fdc8,JD224290,,5/4/2020 18:50,30,TRAFFIC SIGNAL,FUNCTIONING PROPERLY,CLEAR,DAYLIGHT,REAR END,FOUR WAY,,STRAIGHT AND LEVEL,DRY,NO DEFECTS,ON SCENE,NO INJURY / DRIVE AWAY,,,Y,"$501 - $1,500",5/4/2020 19:00,FOLLOWING TOO CLOSELY,NOT APPLICABLE,4800,N,PULASKI RD,1712,,,,,,,2,NO INDICATION OF INJURY,0,0,0,0,0,2,0,18,2,5,41.9682626,-87.72817532,POINT (-87.72817531576 41.968262595101)
38dc19dd8d32e02c0d9f6c5f455c47d4bf60383d84209a997bc81987cad5fc77a9d830d001383a0c4dfcd1f2b85d8aa917d9d93d250bdecafe4954d98fd40385,JC541957,,12/10/2019 15:34,35,TRAFFIC SIGNAL,FUNCTIONING PROPERLY,CLEAR,DAYLIGHT,TURNING,FOUR WAY,,STRAIGHT AND LEVEL,DRY,NO DEFECTS,ON SCENE,INJURY AND / OR TOW DUE TO CRASH,Y,,,"OVER $1,500",12/10/2019 15:53,IMPROPER LANE USAGE,NOT APPLICABLE,4799,W,79TH ST,834,,,,,,,2,INCAPACITATING INJURY,1,0,1,0,0,1,0,15,3,12,41.74903945,-87.74129148,POINT (-87.741291481379 41.749039454352)
38dadb7ac255c6b9a0267514767934bb9779fa231cee3a52a654912c6ff202364d11bab86a23f751fcc09963873407d112e1e7d3c036450446fb41ef945620c5,JB284990,,5/30/2018 10:35,10,NO CONTROLS,NO CONTROLS,CLEAR,DAYLIGHT,FIXED OBJECT,ALLEY,,STRAIGHT AND LEVEL,DRY,NO DEFECTS,ON SCENE,NO INJURY / DRIVE AWAY,,Y,,"OVER $1,500",5/30/2018 10:45,UNABLE TO DETERMINE,NOT APPLICABLE,5621,S,PERRY AVE,225,,,,,,,1,NO INDICATION OF INJURY,0,0,0,0,0,1,0,10,4,5,41.79207683,-87.62759606,POINT (-87.627596056331 41.792076831478)
3625379e83ab6db9ad0b9e356bde1373c58e53d95f0c0b21db8996c5294ca6d4af511abefb2dcadab4353cc7689df17f194d462ce0574d7c4ccbcb1c0ced1c24,JF142482,,2/12/2022 15:58,30,UNKNOWN,UNKNOWN,CLEAR,DAYLIGHT,TURNING,NOT DIVIDED,,STRAIGHT AND LEVEL,DRY,NO DEFECTS,ON SCENE,NO INJURY / DRIVE AWAY,,,,"$501 - $1,500",2/12/2022 16:00,IMPROPER TURNING/NO SIGNAL,UNABLE TO DETERMINE,3935,N,WESTERN AVE,1921,,,,,,,2,NO INDICATION OF INJURY,0,0,0,0,0,3,0,15,7,2,41.95325312,-87.68829746,POINT (-87.688297454829 41.953253114791)
399f018e0f48a01da925284815d1df7396e471a8c6f3941c25987243de16d72cfff2989d81bbdbc3c1dce566c705cc65cd0b05eae5e116f6ffca66690d3626b5,JB401058,,8/20/2018 10:00,30,NO CONTROLS,NO CONTROLS,CLEAR,DAYLIGHT,FIXED OBJECT,NOT DIVIDED,,STRAIGHT AND LEVEL,DRY,NO DEFECTS,ON SCENE,NO INJURY / DRIVE AWAY,,,,"OVER $1,500",8/20/2018 10:05,UNABLE TO DETERMINE,NOT APPLICABLE,1821,W,TOUHY AVE,2424,,,,,,,1,NO INDICATION OF INJURY,0,0,0,0,0,1,0,10,2,8,42.01249182,-87.67662597,POINT (-87.67662596981 42.012491815763)
3b0c3bbdf3c6e47dea2f89a1b9a9b31440dba1c853d7050d3d9fb7a18f9c651491841092635662d81daf4a0b652100ab98d4008e2a3cc191e380a76545582fed,JC124165,,1/21/2019 9:41,15,NO CONTROLS,NO CONTROLS,SNOW,DAYLIGHT,SIDESWIPE SAME DIRECTION,NOT DIVIDED,,STRAIGHT AND LEVEL,SNOW OR SLUSH,WORN SURFACE,ON SCENE,NO INJURY / DRIVE AWAY,,,Y,"OVER $1,500",1/21/2019 9:50,WEATHER,WEATHER,1832,W,21ST ST,1234,,,,,,,2,NO INDICATION OF INJURY,0,0,0,0,0,2,0,9,2,1,41.85416928,-87.67233501,POINT (-87.672335013531 41.854169278014)
3c4ac33b54d5c682882ba789fabcc0440ec906096ca237e447eb8f761d321c0eb895596fe9d4efbe8d1cf7b8f21a5ce0ec1496a5c5912ef7d87ad26e982a4fdb,JD363533,,9/11/2020 9:30,55,NO CONTROLS,NO CONTROLS,CLEAR,DAYLIGHT,FIXED OBJECT,DIVIDED - W/MEDIAN BARRIER,,STRAIGHT AND LEVEL,DRY,NO DEFECTS,ON SCENE,INJURY AND / OR TOW DUE TO CRASH,,,,"OVER $1,500",9/11/2020 9:37,DISTRACTION - FROM OUTSIDE VEHICLE,NOT APPLICABLE,6900,S,CHICAGO SKYWAY OB,322,,,,,,,1,NO INDICATION OF INJURY,0,0,0,0,0,1,0,9,6,9,,,
3bee71da1aff298091cd9de436bf5dc21e55328689d1152c2f32dd1579e5cc01087c591ea3f48a70b9f2ee96d89259815e379054af652a97ba2ca692bf0fcb5f,JD210351,,4/16/2020 14:40,25,OTHER,OTHER,CLEAR,DAYLIGHT,PARKED MOTOR VEHICLE,OTHER,,STRAIGHT AND LEVEL,DRY,NO DEFECTS,ON SCENE,NO INJURY / DRIVE AWAY,,,,$500 OR LESS,4/16/2020 14:40,UNABLE TO DETERMINE,UNABLE TO DETERMINE,3100,W,77TH ST,835,,,,,,,2,NO INDICATION OF INJURY,0,0,0,0,0,1,0,14,5,4,41.75359697,-87.70008142,POINT (-87.700081419736 41.753596964993)
3adc80f59ff344d28916d3df7ae099b174ed5dd60d0dc05fe97a1d791e38a10d3941d66bd840d89d1334775cfc6c8445ddc2e9c825db847ae3b1561a4ce7d46c,JA188962,,3/16/2017 11:36,30,NO CONTROLS,NO CONTROLS,CLEAR,DAYLIGHT,REAR END,OTHER,0,STRAIGHT AND LEVEL,SNOW OR SLUSH,NO DEFECTS,ON SCENE,NO INJURY / DRIVE AWAY,,Y,,$500 OR LESS,3/16/2017 11:42,IMPROPER BACKING,NOT APPLICABLE,5035,W,DIVISION ST,1531,,,,,,,2,NO INDICATION OF INJURY,0,0,0,0,0,3,0,11,5,3,41.90217744,-87.75231664,POINT (-87.752316638429 41.90217743763)
3af171b70f9ae5fb716c426654a20fd9cd6afdb58ac8e7a9fac2d31f8d0f0afd638ec0135905720cd533353039f7f2ef6fa98732efe7e6bbc69a3f469a3f8148,JF183721,,3/23/2022 10:40,30,NO CONTROLS,NO CONTROLS,CLEAR,DAYLIGHT,TURNING,NOT DIVIDED,,STRAIGHT AND LEVEL,DRY,NO DEFECTS,ON SCENE,NO INJURY / DRIVE AWAY,,,,"OVER $1,500",3/23/2022 11:45,UNABLE TO DETERMINE,NOT APPLICABLE,3863,W,COLUMBUS AVE,834,,,,,,,2,NO INDICATION OF INJURY,0,0,0,0,0,2,0,10,4,3,41.73798401,-87.71822708,POINT (-87.718227079775 41.737984006194)
3a261c83fd9a74d0f58dc74e900f0d7cebdb0eec97efa72576d50e60cd465b9be3632485b8a174b2780a9c6196216f877fff798adefb3cebf274588ec8761224,JB265674,,5/16/2018 10:14,10,NO CONTROLS,NO CONTROLS,CLEAR,DAYLIGHT,PARKED MOTOR VEHICLE,RAMP,,STRAIGHT ON GRADE,DRY,NO DEFECTS,ON SCENE,NO INJURY / DRIVE AWAY,,Y,,$500 OR LESS,5/16/2018 10:15,NOT APPLICABLE,NOT APPLICABLE,5100,W,ROOSEVELT RD,1533,,,,,,,2,NO INDICATION OF INJURY,0,0,0,0,0,1,0,10,4,5,41.86589619,-87.75214622,POINT (-87.752146215252 41.865896185374)
3b297a96a862e33b1ade8dfb0aa2385697e116e7fbd753e9f8d72aadfaa27e2b5507482ddb9f483d5fe5c4d385074543065916bc423cc83a1c767dae3042bd0b,JE294547,,7/7/2021 15:00,30,UNKNOWN,UNKNOWN,UNKNOWN,UNKNOWN,ANGLE,FOUR WAY,,STRAIGHT AND LEVEL,UNKNOWN,NO DEFECTS,ON SCENE,NO INJURY / DRIVE AWAY,Y,,,"OVER $1,500",7/8/2021 12:36,UNABLE TO DETERMINE,NOT APPLICABLE,4060,W,MADISON ST,1115,,,,,,,2,NO INDICATION OF INJURY,0,0,0,0,0,8,0,15,4,7,41.88080693,-87.72799924,POINT (-87.727999238545 41.880806931339)
a2de92edcf6aeec794df62960c5873f7cb8266fedd6e31f6c0bef54e8a3dc0f44167ad2a6a916a56040689bb7552bf35a6f495a5946d2048d08a80b1768a04bf,JC397387,,8/18/2019 11:35,25,NO CONTROLS,NO CONTROLS,CLEAR,DAYLIGHT,ANGLE,FOUR WAY,,STRAIGHT AND LEVEL,WET,NO DEFECTS,ON SCENE,INJURY AND / OR TOW DUE TO CRASH,,,,"OVER $1,500",8/18/2019 11:37,DISREGARDING STOP SIGN,NOT APPLICABLE,4459,W,MARQUETTE RD,833,,,,,,,2,NONINCAPACITATING INJURY,1,0,0,1,0,1,0,11,1,8,41.77112254,-87.73469958,POINT (-87.734699584199 41.771122540395)
3979935e07f45529f26800f2aa3baec8af3eb72b099702caef440e310827db1ce8885e07670a50100c7eb9f7617be23b00e49d0653efa12911d27a73a15bc746,JD248428,,5/31/2020 9:15,30,NO CONTROLS,NO CONTROLS,CLEAR,DAYLIGHT,PARKED MOTOR VEHICLE,NOT DIVIDED,,STRAIGHT AND LEVEL,DRY,NO DEFECTS,ON SCENE,INJURY AND / OR TOW DUE TO CRASH,,,,"OVER $1,500",5/31/2020 9:29,NOT APPLICABLE,NOT APPLICABLE,415,W,101ST ST,2232,,,,,,,2,NO INDICATION OF INJURY,0,0,0,0,0,1,0,9,1,5,41.71057426,-87.634316,POINT (-87.634315996159 41.710574261516)
a29c2b88009358180f18dc4de4e132418c7ceac6a3db0a0016345fe5084d7f74d782333f55ed292d3cf9602cae253f715159e4f2282a55ef8296a77d049a2c94,JA476198,,10/18/2017 16:25,15,NO CONTROLS,NO CONTROLS,CLEAR,DAYLIGHT,ANGLE,ALLEY,1,STRAIGHT AND LEVEL,DRY,NO DEFECTS,ON SCENE,NO INJURY / DRIVE AWAY,,,,"OVER $1,500",10/18/2017 16:32,FAILING TO YIELD RIGHT-OF-WAY,NOT APPLICABLE,6805,W,IRVING PARK RD,1632,,,,,,,2,NO INDICATION OF INJURY,0,0,0,0,0,2,0,16,4,10,41.95263134,-87.79651242,POINT (-87.796512419589 41.952631340924)
3c56804ec3744b51d142cb278410e32b03612e494e6616bc54524ccfde9482e1e8442bf33cf31cd6b8fd4715fb05c2e8a69ae8e4d81cd8f1a874ce76a4f6f0ee,JB312127,,6/17/2018 15:15,30,NO CONTROLS,NO CONTROLS,RAIN,DAYLIGHT,REAR END,NOT DIVIDED,,STRAIGHT AND LEVEL,WET,UNKNOWN,NOT ON SCENE (DESK REPORT),NO INJURY / DRIVE AWAY,,,,"OVER $1,500",6/18/2018 13:00,WEATHER,NOT APPLICABLE,6234,W,BRYN MAWR AVE,1622,,,,,,,3,NO INDICATION OF INJURY,0,0,0,0,0,3,0,15,1,6,41.98301673,-87.78403389,POINT (-87.784033884703 41.983016731058)
3c09ac2894af56dd654f3cfccf280c806ddfd83b06f3d13def25d05feabf28a839616e789d14516697883626715e83b998b4abf82f38fa5c5a607b889ad0d9ab,JB454729,,9/28/2018 15:00,20,NO CONTROLS,NO CONTROLS,RAIN,DAYLIGHT,ANGLE,ALLEY,1,STRAIGHT AND LEVEL,WET,NO DEFECTS,ON SCENE,INJURY AND / OR TOW DUE TO CRASH,,,,"OVER $1,500",9/28/2018 16:04,FAILING TO YIELD RIGHT-OF-WAY,WEATHER,1945,N,ALBANY AVE,1421,,,,,,,2,NO INDICATION OF INJURY,0,0,0,0,0,2,0,15,6,9,41.91696943,-87.70511773,POINT (-87.705117731002 41.916969429496)
3c43ecbf34db87ec89ff8a79f0a587fc1dec10d2660c3864d6cf61ab081b4fd4a4f1084c390bac9c8e73dec5e87dfa9d5f320aacfc037a3470ff26c1d77e2b82,JB102992,,1/3/2018 14:00,30,OTHER,OTHER,CLEAR,DAYLIGHT,PARKED MOTOR VEHICLE,NOT DIVIDED,4,STRAIGHT AND LEVEL,WET,NO DEFECTS,ON SCENE,NO INJURY / DRIVE AWAY,,,,"OVER $1,500",1/3/2018 14:40,UNABLE TO DETERMINE,NOT APPLICABLE,660,N,ORLEANS ST,1831,,,,,,,2,NO INDICATION OF INJURY,0,0,0,0,0,1,0,14,4,1,41.89406149,-87.63725234,POINT (-87.63725233994 41.894061488904)
39b28c7703dc01474c39009cebba6a7c59e33b8d4a8c5181f5c9cb5cf0d5209afc83d9403186f28476ab8fb1dd06d5d6e8c88a393fb48c17a580c03dabcb1b92,JD320971,,8/4/2020 19:15,30,NO CONTROLS,NO CONTROLS,CLEAR,DAYLIGHT,REAR END,NOT DIVIDED,,STRAIGHT AND LEVEL,DRY,NO DEFECTS,NOT ON SCENE (DESK REPORT),NO INJURY / DRIVE AWAY,,,,"$501 - $1,500",8/4/2020 19:38,NOT APPLICABLE,NOT APPLICABLE,3532,W,47TH ST,821,,,,,,,2,NO INDICATION OF INJURY,0,0,0,0,0,3,0,19,3,8,41.80812368,-87.71233215,POINT (-87.712332147618 41.808123675353)
3b0492454a13b0f4866e01cca3e077ea3cfae1ae3f71bd199d03c1c66b3e84b4161dc8d9481407c12b968c4f5aeddc165cd95ec4651fa6c937f027dc8c97daf6,JE365067,,9/7/2021 16:50,55,NO CONTROLS,NO CONTROLS,RAIN,DAYLIGHT,FIXED OBJECT,DIVIDED - W/MEDIAN BARRIER,,CURVE ON GRADE,WET,NO DEFECTS,ON SCENE,INJURY AND / OR TOW DUE TO CRASH,,,,"OVER $1,500",9/7/2021 17:06,WEATHER,NOT APPLICABLE,6400,S,CHICAGO SKYWAY IB,312,,,,,,,1,NO INDICATION OF INJURY,0,0,0,0,0,1,0,16,3,9,,,
3b1f4edc3b4ae159ef3672e3000d852a1b0f34d3268435df2a2220e7455026f9557259aa69f9bdbdc20afcb30570309d6f2299608abe2ce0267cbf42e0d23adc,JB518193,,11/10/2018 16:30,30,NO CONTROLS,NO CONTROLS,CLEAR,DAWN,REAR END,NOT DIVIDED,,STRAIGHT AND LEVEL,DRY,NO DEFECTS,NOT ON SCENE (DESK REPORT),NO INJURY / DRIVE AWAY,,,,$500 OR LESS,11/16/2018 13:37,NOT APPLICABLE,NOT APPLICABLE,4700,S,WESTERN AVE,922,,,,,,,2,NO INDICATION OF INJURY,0,0,0,0,0,2,0,16,7,11,41.80837841,-87.68457072,POINT (-87.684570716896 41.808378407947)
3960b0162d58281a1e46ba03df099c51819b2331abcaced54fdac95d73a11f3ed890ad934f7f598b99ae3c3c3992066b4c68420a262dcc5c213d0c5659641527,JD373625,,9/20/2020 16:30,15,NO CONTROLS,NO CONTROLS,CLEAR,DAYLIGHT,PARKED MOTOR VEHICLE,ALLEY,,STRAIGHT AND LEVEL,DRY,NO DEFECTS,ON SCENE,NO INJURY / DRIVE AWAY,,,,"$501 - $1,500",9/20/2020 16:36,IMPROPER BACKING,NOT APPLICABLE,4914,N,TROY ST,1713,,,,,,,2,NO INDICATION OF INJURY,0,0,0,0,0,1,0,16,1,9,41.97076632,-87.70746375,POINT (-87.707463752288 41.970766318409)
3a14dea1d62f01d2da0c00594ee1825adab7974c96d6b95f25fa38f81ab03dc3fd0aaa20b32ae85372e4d6c09942b6e42754ed59545dd092946d15613fd09e8a,JD289566,,7/7/2020 17:07,20,NO CONTROLS,NO CONTROLS,CLEAR,DAYLIGHT,SIDESWIPE SAME DIRECTION,NOT DIVIDED,,STRAIGHT AND LEVEL,DRY,NO DEFECTS,ON SCENE,NO INJURY / DRIVE AWAY,,,,$500 OR LESS,7/7/2020 17:08,NOT APPLICABLE,NOT APPLICABLE,1609,W,46TH ST,924,,,,,,,2,NO INDICATION OF INJURY,0,0,0,0,0,3,0,17,3,7,41.81030616,-87.66544471,POINT (-87.665444707924 41.810306163335)
3c0bfe8b366383511622accec74766436dec03e1b68f496ea73b056b2817f2a5e6794a4ea52dfad268c9dbe794a1a9c062ef54cc03e1162e2cf12e47cf639566,JC161419,,2/22/2019 7:30,30,NO CONTROLS,NO CONTROLS,CLEAR,DAYLIGHT,PARKED MOTOR VEHICLE,NOT DIVIDED,,STRAIGHT AND LEVEL,DRY,NO DEFECTS,ON SCENE,NO INJURY / DRIVE AWAY,,,,$500 OR LESS,2/22/2019 7:31,NOT APPLICABLE,NOT APPLICABLE,1809,E,67TH ST,332,Y,,,,,,2,NO INDICATION OF INJURY,0,0,0,0,0,2,0,7,6,2,41.77328532,-87.58100846,POINT (-87.581008463969 41.773285317698)
3a1ce256d1a10d25785d607457df3c3fa0a883a2aaf25b27573b0a633755fafe141b16ca56e029ddc1b51ed16533aaaa304f66e845fbcdf42fb8ab060d2a6787,JD210754,,4/17/2020 8:00,30,STOP SIGN/FLASHER,FUNCTIONING PROPERLY,SNOW,DAYLIGHT,TURNING,NOT DIVIDED,,STRAIGHT AND LEVEL,WET,NO DEFECTS,,NO INJURY / DRIVE AWAY,Y,,,"OVER $1,500",4/17/2020 9:10,WEATHER,UNABLE TO DETERMINE,2501,S,THROOP ST,913,,,,,,,2,NO INDICATION OF INJURY,0,0,0,0,0,2,0,8,6,4,41.84651531,-87.65652742,POINT (-87.65652742386 41.84651531248)