CRASH_RECORD_ID,RD_NO,CRASH_DATE_EST_I,CRASH_DATE,POSTED_SPEED_LIMIT,TRAFFIC_CONTROL_DEVICE,DEVICE_CONDITION,WEATHER_CONDITION,LIGHTING_CONDITION,FIRST_CRASH_TYPE,TRAFFICWAY_TYPE,LANE_CNT,ALIGNMENT,ROADWAY_SURFACE_COND,ROAD_DEFECT,REPORT_TYPE,CRASH_TYPE,INTERSECTION_RELATED_I,NOT_RIGHT_OF_WAY_I,HIT_AND_RUN_I,DAMAGE,DATE_POLICE_NOTIFIED,PRIM_CONTRIBUTORY_CAUSE,SEC_CONTRIBUTORY_CAUSE,STREET_NO,STREET_DIRECTION,STREET_NAME,BEAT_OF_OCCURRENCE,PHOTOS_TAKEN_I,STATEMENTS_TAKEN_I,DOORING_I,WORK_ZONE_I,WORK_ZONE_TYPE,WORKERS_PRESENT_I,NUM_UNITS,MOST_SEVERE_INJURY,INJURIES_TOTAL,INJURIES_FATAL,INJURIES_INCAPACITATING,INJURIES_NON_INCAPACITATING,INJURIES_REPORTED_NOT_EVIDENT,INJURIES_NO_INDICATION,INJURIES_UNKNOWN,CRASH_HOUR,CRASH_DAY_OF_WEEK,CRASH_MONTH,LATITUDE,LONGITUDE,LOCATION
3c539983165e486f7db4235a6e017afbeca20d8045e545e40a1ad6c918824dc061a2d7592ed0697d1ced6d625b933a205837cff0c8dad5bff15d91f73d022c87,JB557424,,12/17/2018 16:50,30,NO CONTROLS,NO CONTROLS,CLEAR,DUSK,FIXED OBJECT,NOT DIVIDED,2,STRAIGHT AND LEVEL,DRY,UNKNOWN,ON SCENE,NO INJURY / DRIVE AWAY,,,,"OVER $1,500",12/17/2018 16:51,UNABLE TO DETERMINE,UNABLE TO DETERMINE,4900,S,CALIFORNIA AVE,923,,,,,,,1,NO INDICATION OF INJURY,0,0,0,0,0,1,0,16,2,12,41.80444743,-87.69424282,POINT (-87.69424282408 41.804447425764)
3a85b33193f2fceca7f539793e3e1ddaae600180db32415c6930dfbfa9af586077b9db880ec876c50528fb36b807bdf186b712d29969119fe5661bc2df6b661c,HY447949,,10/2/2015 16:30,15,NO CONTROLS,NO CONTROLS,CLEAR,DAYLIGHT,SIDESWIPE SAME DIRECTION,OTHER,2,STRAIGHT AND LEVEL,DRY,NO DEFECTS,NOT ON SCENE (DESK REPORT),NO INJURY / DRIVE AWAY,,,,"$501 - $1,500",10/3/2015 10:45,IMPROPER OVERTAKING/PASSING,IMPROPER OVERTAKING/PASSING,1,W,TERMINAL ST,1651,,,,,,,2,NO INDICATION OF INJURY,0,0,0,0,0,2,0,16,6,10,,,
3c9a29db374cdac886cfc10faa6ad9f78900c92a497bbaeabe7b0f568b735026b49e0904333c81ee10ab112e41080fd90673052a3e45c8b786a4b105b4b91653,JE203409,,4/18/2021 22:55,30,NO CONTROLS,NO CONTROLS,CLEAR,DARKNESS,REAR END,FOUR WAY,,STRAIGHT AND LEVEL,DRY,NO DEFECTS,,NO INJURY / DRIVE AWAY,Y,,,"OVER $1,500",4/18/2021 23:24,UNABLE TO DETERMINE,NOT APPLICABLE,2600,S,ST LOUIS AVE,1032,,,,,,,2,NO INDICATION OF INJURY,0,0,0,0,0,5,0,22,1,4,41.84431927,-87.71249382,POINT (-87.712493815362 41.844319271342)
3e39b6950506ff995ce0b6bcfd13adb88af9e99811ec97aae307139bc7cb385aefbf616b632a8533ef58867b2d6d958fb3caff3f954ba04b25b2c9f68f8449d3,JC161044,,2/21/2019 18:56,30,TRAFFIC SIGNAL,NO CONTROLS,CLEAR,DUSK,ANGLE,OTHER,5,STRAIGHT AND LEVEL,DRY,NO DEFECTS,ON SCENE,INJURY AND / OR TOW DUE TO CRASH,Y,,,"OVER $1,500",2/21/2019 19:32,UNABLE TO DETERMINE,NOT APPLICABLE,1200,S,RUBLE ST,1232,,,,,,,2,NO INDICATION OF INJURY,0,0,0,0,0,2,0,18,5,2,41.86713421,-87.64423752,POINT (-87.644237519792 41.867134208293)
3f37c1bb3e5c8dd067ba21b5254dcd455b45a84f07c6d17ac3d4c231324bbb60737a9b290d4e119be13392707ad1a8a69094e4daf335ff05b03cf4fc2b515022,JA118596,,1/16/2017 21:00,30,STOP SIGN/FLASHER,FUNCTIONING PROPERLY,RAIN,DARKNESS,HEAD ON,NOT DIVIDED,2,STRAIGHT AND LEVEL,WET,NO DEFECTS,NOT ON SCENE (DESK REPORT),NO INJURY / DRIVE AWAY,,,,"OVER $1,500",1/16/2017 22:20,UNABLE TO DETERMINE,UNABLE TO DETERMINE,3685,S,SACRAMENTO AVE,911,,,,,,,2,NO INDICATION OF INJURY,0,0,0,0,0,3,0,21,2,1,,,
3d660f628b3c930c522152259d6d788f05a7fc5f01430ec5e56233fbd96c2053693aea94fb70aa4549920f134e39acf8a57c2168e6ceb1c1711ab541faa4a8ee,JE167876,,3/13/2021 13:00,0,NO CONTROLS,NO CONTROLS,CLEAR,DAYLIGHT,REAR TO SIDE,UNKNOWN,,STRAIGHT AND LEVEL,DRY,NO DEFECTS,ON SCENE,NO INJURY / DRIVE AWAY,,,,$500 OR LESS,3/13/2021 13:00,IMPROPER BACKING,NOT APPLICABLE,5200,S,LAKE PARK AVE,234,,,,,,,2,NO INDICATION OF INJURY,0,0,0,0,0,2,0,13,7,3,41.80094198,-87.58763679,POINT (-87.587636792157 41.800941975966)
3d37834369a2ad2eec2785e4279e32df38bd579d9d40f02e6982b5d8af933bf3909b30b7edda40b05900c9f9d130d9f1e8c18557e45f79a8d20af11588b48d98,JB454298,,9/28/2018 12:00,30,NO CONTROLS,NO CONTROLS,CLEAR,DAYLIGHT,PARKED MOTOR VEHICLE,NOT DIVIDED,2,STRAIGHT AND LEVEL,DRY,NO DEFECTS,ON SCENE,NO INJURY / DRIVE AWAY,,,,"$501 - $1,500",9/28/2018 12:00,NOT APPLICABLE,NOT APPLICABLE,240,E,35TH ST,211,,,,,,,2,NO INDICATION OF INJURY,0,0,0,0,0,1,0,12,6,9,41.83118341,-87.62017889,POINT (-87.620178893971 41.831183412974)
3e6b34a20548a68774271aba9c7ddec6480ac49646ff53901d61b11bd0dd1c5c3920ce5230dbcbb559d8407714e95e31a2387ddd95b1a8e0ad658a01d9e3bbd1,JD169204,,2/29/2020 13:43,15,NO CONTROLS,NO CONTROLS,CLEAR,DAYLIGHT,ANGLE,PARKING LOT,,STRAIGHT AND LEVEL,DRY,NO DEFECTS,ON SCENE,NO INJURY / DRIVE AWAY,,,,"$501 - $1,500",2/29/2020 13:49,IMPROPER BACKING,UNABLE TO DETERMINE,1430,S,ASHLAND AVE,1233,,,,,,,2,NO INDICATION OF INJURY,0,0,0,0,0,4,0,13,7,2,41.86240243,-87.66641897,POINT (-87.666418968157 41.862402424927)
3f756c59d5078d28be36a24ddc58095c0130d22631c4e4cdf6330e74c559854463bdf719800ee88e772f005a241a5ae9e9388b8c075b2034f995c76456fda2f7,JC560858,,12/26/2019 13:55,30,NO CONTROLS,NO CONTROLS,CLEAR,DAYLIGHT,TURNING,NOT DIVIDED,,STRAIGHT AND LEVEL,DRY,NO DEFECTS,ON SCENE,INJURY AND / OR TOW DUE TO CRASH,,,,"OVER $1,500",12/26/2019 13:58,NOT APPLICABLE,NOT APPLICABLE,2349,N,DAMEN AVE,1432,,,,,,,2,NO INDICATION OF INJURY,0,0,0,0,0,2,0,13,5,12,41.92419235,-87.67771012,POINT (-87.677710116424 41.924192350167)
3eeba6389dc0ed78748cd770b72fcbf9e13e6fc80bbbb9cb1227bf820c5d673d2845a8bcb3944ec7c490fad1e599f61ed104248229c3d0ba4312d4f0bab652ba,JA537590,,12/5/2017 13:07,30,NO CONTROLS,UNKNOWN,CLEAR,DAYLIGHT,FIXED OBJECT,NOT DIVIDED,,STRAIGHT AND LEVEL,DRY,NO DEFECTS,ON SCENE,NO INJURY / DRIVE AWAY,,,,"$501 - $1,500",12/5/2017 13:15,UNABLE TO DETERMINE,NOT APPLICABLE,4880,W,NORTH AVE,2533,,,,,,,1,NO INDICATION OF INJURY,0,0,0,0,0,1,0,13,3,12,41.90969687,-87.74908275,POINT (-87.749082748714 41.909696871304)
3d7535c0389cb93f963e87bc95c2a11b4f25dee747383ede3815ac0cd8479d5744f2a0239ce61757b38814ad3c2c4f995b91a149006c39add55b72dd2b4c7edf,JF114344,,1/16/2022 2:34,35,UNKNOWN,UNKNOWN,CLEAR,"DARKNESS, LIGHTED ROAD",FIXED OBJECT,NOT DIVIDED,,STRAIGHT ON HILLCREST,DRY,NO DEFECTS,ON SCENE,INJURY AND / OR TOW DUE TO CRASH,,,,"OVER $1,500",1/16/2022 2:34,UNABLE TO DETERMINE,UNABLE TO DETERMINE,7100,S,PULASKI RD,833,,,,,,,1,,,,,,,,,2,1,1,41.76400775,-87.72249911,POINT (-87.722499107707 41.764007749308)
3eedb49db25e95ee207fe638bea6373949bf2d0f43542cefbae1b348afc5122a513faaed8f96abc149a5709b2a9823d5642f734fcb926fdf7919e65748ac46f1,JE357475,,9/1/2021 7:40,15,NO CONTROLS,NO CONTROLS,CLEAR,DAYLIGHT,OTHER OBJECT,RAMP,,STRAIGHT AND LEVEL,DRY,NO DEFECTS,ON SCENE,NO INJURY / DRIVE AWAY,,,,"OVER $1,500",9/1/2021 7:44,DRIVING SKILLS/KNOWLEDGE/EXPERIENCE,UNABLE TO DETERMINE,5100,W,GRAND AVE,2522,,,,,,,1,NO INDICATION OF INJURY,0,0,0,0,0,1,0,7,4,9,41.91695371,-87.75343731,POINT (-87.75343730604 41.916953706087)
3eb20372ac852e09e01140bed41f2eadc78f0bdcfb262709611192639ca8733765d663342bdaf7b4ac594d42f2beead534e013f19a775b10d7801df47834717a,JC288068,,6/1/2019 16:40,30,NO CONTROLS,NO CONTROLS,CLEAR,DAYLIGHT,TURNING,T-INTERSECTION,,STRAIGHT AND LEVEL,DRY,NO DEFECTS,ON SCENE,NO INJURY / DRIVE AWAY,Y,,,"OVER $1,500",6/1/2019 16:50,UNABLE TO DETERMINE,UNABLE TO DETERMINE,4800,W,BERWYN AVE,1621,,,,,,,2,NO INDICATION OF INJURY,0,0,0,0,0,3,0,16,7,6,41.97805156,-87.74814688,POINT (-87.748146877064 41.978051554748)
3d91703f9290b8f20778b6da5d92fdd3be73de92ee4a573c797c91904b1284acb35487a301d9df53b7efb741ab3c7d1ba89947810cd7dec7eb809927b7d3bf7e,JE442626,,11/12/2021 12:00,30,NO CONTROLS,NO CONTROLS,SLEET/HAIL,DAYLIGHT,REAR END,NOT DIVIDED,,STRAIGHT AND LEVEL,WET,NO DEFECTS,ON SCENE,NO INJURY / DRIVE AWAY,,,,"OVER $1,500",11/12/2021 12:00,WEATHER,EQUIPMENT - VEHICLE CONDITION,600,E,MARQUETTE RD,321,,,,,,,3,NO INDICATION OF INJURY,0,0,0,0,0,3,0,12,6,11,41.77498563,-87.6106183,POINT (-87.610618296172 41.774985633252)
3f51a3945b625fba6ae9bf73b8229bbd6df662643f76e5c7deab6c5421503e2ecb2e934f460c21cff2fcb5b96e86ea71a6cb9c72e2fd0c01f1de859baf8c549a,JE442573,,11/12/2021 11:05,30,NO CONTROLS,NO CONTROLS,RAIN,DAYLIGHT,REAR END,NOT DIVIDED,,STRAIGHT AND LEVEL,WET,NO DEFECTS,ON SCENE,NO INJURY / DRIVE AWAY,,,,$500 OR LESS,11/12/2021 11:11,NOT APPLICABLE,NOT APPLICABLE,5620,N,NAGLE AVE,1612,,,,,,,2,NO INDICATION OF INJURY,0,0,0,0,0,2,0,11,6,11,41.98362822,-87.78786863,POINT (-87.78786863385 41.983628221174)
3d7ac425e7fe84a9a1f5db127786a0c35e5957458189187d5d028e5207f2a4096a8778a7e14f040c4dc2f731cbcf17d9a7489d08c771b233b230247223eccace,JB284043,,5/26/2018 20:00,30,UNKNOWN,UNKNOWN,CLEAR,DAYLIGHT,PARKED MOTOR VEHICLE,ONE-WAY,,STRAIGHT AND LEVEL,DRY,UNKNOWN,,NO INJURY / DRIVE AWAY,,,Y,"$501 - $1,500",5/29/2018 17:17,UNABLE TO DETERMINE,NOT APPLICABLE,3432,W,POTOMAC AVE,1422,,,,,,,2,NO INDICATION OF INJURY,0,0,0,0,0,1,0,20,7,5,41.90470485,-87.71316132,POINT (-87.713161318981 41.90470484977)
3d4e9df4dbf414ec7b7f2d4fc5f4c4c817f522f86f5dfd926293c66e98b4c0c04683bf633c3845407665ee119fe323e25133d69a4f20175c1ebacfe40539439b,JE198554,,4/13/2021 17:25,35,TRAFFIC SIGNAL,FUNCTIONING PROPERLY,CLEAR,DAYLIGHT,TURNING,NOT DIVIDED,,STRAIGHT AND LEVEL,DRY,NO DEFECTS,ON SCENE,NO INJURY / DRIVE AWAY,,,,"$501 - $1,500",4/13/2021 17:30,UNABLE TO DETERMINE,UNABLE TO DETERMINE,699,W,TAYLOR ST,124,,,,,,,2,NO INDICATION OF INJURY,0,0,0,0,0,2,0,17,3,4,41.8695874,-87.64366396,POINT (-87.643663960591 41.869587395081)
3d0132a9b4872d25409007fcafd725170c257d189b8f10c726fd5e083a0925490c6783df42473eb8f3b6d473b04698d2433bed598c2a58ab6a6ea516376f9046,JD221493,,5/1/2020 14:30,25,UNKNOWN,UNKNOWN,CLEAR,DAYLIGHT,ANGLE,NOT DIVIDED,,STRAIGHT AND LEVEL,DRY,UNKNOWN,ON SCENE,INJURY AND / OR TOW DUE TO CRASH,Y,,N,"OVER $1,500",5/1/2020 14:35,UNABLE TO DETERMINE,UNABLE TO DETERMINE,4301,W,WASHINGTON BLVD,1115,,,,,,,2,NO INDICATION OF INJURY,0,0,0,0,0,2,0,14,6,5,41.88184575,-87.7331856,POINT (-87.733185597596 41.881845745484)
3ccd409ea0811a055ad9caa09f9afe292bf8d01fe12b2a47cc2c110968805b23227d7a123520de35a1c30bcd15469e9a434a298d2006ebb6e2923a2f7ca9644e,JF281802,,6/16/2022 10:30,25,NO CONTROLS,NO CONTROLS,CLEAR,DAYLIGHT,REAR END,NOT DIVIDED,,STRAIGHT AND LEVEL,DRY,NO DEFECTS,,NO INJURY / DRIVE AWAY,,,,"$501 - $1,500",6/16/2022 11:10,UNABLE TO DETERMINE,UNABLE TO DETERMINE,653,W,ROOSEVELT RD,1232,,,,,,,2,NO INDICATION OF INJURY,0,0,0,0,0,2,0,10,5,6,41.86708028,-87.64432525,POINT (-87.644325248556 41.867080279085)
3ed224f9b0185da37a891764df3da5ef417b6ee5c614fcb368b99654309f3beef6ab1f88661dbb4574c1534adcf3c84bbfd818a9b04e4aac3f6c8f4521dc64b1,JF330268,Y,7/25/2022 0:15,30,TRAFFIC SIGNAL,NOT FUNCTIONING,CLEAR,"DARKNESS, LIGHTED ROAD",ANGLE,T-INTERSECTION,,STRAIGHT AND LEVEL,DRY,UNKNOWN,ON SCENE,INJURY AND / OR TOW DUE TO CRASH,Y,,,"OVER $1,500",7/25/2022 0:20,FAILING TO YIELD RIGHT-OF-WAY,DISREGARDING TRAFFIC SIGNALS,5500,S,WENTWORTH AVE,225,,,,,,,2,NONINCAPACITATING INJURY,1,0,0,1,0,1,0,0,2,7,,,
3d852d9c61446c2c8e355b529c11bcd2064d237c4778acc7b8a45c5216117c51d432029cc7f698913a32e87d39c021e09779b4ba9f05730716477e2e2561f296,JC495631,Y,11/1/2019 18:20,30,NO CONTROLS,NO CONTROLS,UNKNOWN,UNKNOWN,PARKED MOTOR VEHICLE,NOT DIVIDED,,STRAIGHT AND LEVEL,UNKNOWN,UNKNOWN,NOT ON SCENE (DESK REPORT),NO INJURY / DRIVE AWAY,,,Y,"OVER $1,500",11/2/2019 10:10,UNABLE TO DETERMINE,UNABLE TO DETERMINE,4543,N,KEELER AVE,1722,,,,,,,2,NO INDICATION OF INJURY,0,0,0,0,0,1,0,18,6,11,,,
3e5e36bd681564f7650c18147a7dbacdbe8a74b75dd11970306e0ebb08eea15b5befd843d76a2d8b6bfa6438b39a495a042ab523f5bef527b9384f10f8a3946b,JF135300,,2/6/2022 3:00,10,NO CONTROLS,NO CONTROLS,FOG/SMOKE/HAZE,"DARKNESS, LIGHTED ROAD",OVERTURNED,NOT DIVIDED,,"CURVE, LEVEL",DRY,NO DEFECTS,ON SCENE,INJURY AND / OR TOW DUE TO CRASH,,,,"OVER $1,500",2/6/2022 3:00,FAILING TO REDUCE SPEED TO AVOID CRASH,NOT APPLICABLE,600,W,OHARE ST,1654,,,,,,,1,NO INDICATION OF INJURY,0,0,0,0,0,1,0,3,1,2,,,
3d3739145b4dbbe03dc6b416271d11b5621a96337c95592bba1beb73e47ad70ad2b635b0209147ee0a989547bfbfc6bb9cd235a7c757dd8b910039f2affd0e78,JC342855,,7/10/2019 14:34,35,NO CONTROLS,NO CONTROLS,CLEAR,DAYLIGHT,PARKED MOTOR VEHICLE,NOT DIVIDED,,STRAIGHT AND LEVEL,DRY,NO DEFECTS,ON SCENE,NO INJURY / DRIVE AWAY,,,,$500 OR LESS,7/10/2019 14:34,NOT APPLICABLE,NOT APPLICABLE,2100,W,95TH ST,2221,,,,,,,2,NO INDICATION OF INJURY,0,0,0,0,0,1,0,14,4,7,41.72115055,-87.67501533,POINT (-87.675015325514 41.721150554364)
3cf36366b3544d25fd0e5054f92c3153c0088d4dbe94ee909455b96414ae935090d9fb404f6bd34c677843612dd899d85ee2979e49f8f7438e84b6b4cb5db478,JE351021,,8/26/2021 17:30,30,NO CONTROLS,NO CONTROLS,CLEAR,DAYLIGHT,FIXED OBJECT,NOT DIVIDED,,STRAIGHT AND LEVEL,DRY,UNKNOWN,ON SCENE,NO INJURY / DRIVE AWAY,,,,"OVER $1,500",8/26/2021 17:42,UNABLE TO DETERMINE,UNABLE TO DETERMINE,5144,W,CARMEN AVE,1623,,,,,,,1,NO INDICATION OF INJURY,0,0,0,0,0,1,0,17,5,8,41.97351817,-87.75699122,POINT (-87.756991219689 41.973518170063)
3ea918a6dbfc0adc65c0b77ba77c24318b4ea95b903829305bb1efadfd5793a8af1129590707cdc45ac65873507f6d95ef387ab3a6346f0b98b7797239cc2719,JC355479,,7/19/2019 12:00,30,TRAFFIC SIGNAL,FUNCTIONING PROPERLY,CLEAR,DAYLIGHT,SIDESWIPE SAME DIRECTION,NOT DIVIDED,,STRAIGHT AND LEVEL,DRY,NO DEFECTS,NOT ON SCENE (DESK REPORT),NO INJURY / DRIVE AWAY,,,,"OVER $1,500",7/19/2019 12:34,IMPROPER BACKING,NOT APPLICABLE,399,E,21ST ST,132,,,,,,,2,NO INDICATION OF INJURY,0,0,0,0,0,2,0,12,6,7,,,
42eb6905cb6a841821ab913076abfe70a86600af0e049ebc05939f62f04176d65c1575a45a997efce8f4dfcab58531de1c783ad871d42e51940342dfdbb85e93,JD340095,,8/21/2020 12:30,30,NO CONTROLS,NO CONTROLS,CLEAR,DAYLIGHT,PARKED MOTOR VEHICLE,PARKING LOT,,STRAIGHT AND LEVEL,DRY,NO DEFECTS,ON SCENE,NO INJURY / DRIVE AWAY,,,Y,"OVER $1,500",8/21/2020 12:35,IMPROPER BACKING,NOT APPLICABLE,4502,S,KILDARE BLVD,815,,,,,,,2,,,,,,,,,12,6,8,41.81128303,-87.73134988,POINT (-87.73134987749 41.811283033696)
41daf7073ba17f6f8508883d50a014ef0c25e8cbf7e21e59e7d6db572b84835d26f5d7d8e03ad39146d584a8105d6f52e1e8300d6f71f845c49643d22e8758cd,JA494968,,11/1/2017 19:10,45,NO CONTROLS,UNKNOWN,RAIN,"DARKNESS, LIGHTED ROAD",TURNING,ONE-WAY,1,STRAIGHT AND LEVEL,WET,NO DEFECTS,ON SCENE,NO INJURY / DRIVE AWAY,,,,"$501 - $1,500",11/1/2017 19:13,UNABLE TO DETERMINE,WEATHER,5151,W,WASHINGTON BLVD,1533,,,,,,,2,NO INDICATION OF INJURY,0,0,0,0,0,2,0,19,4,11,41.8815526,-87.75473318,POINT (-87.754733176865 41.881552598609)
4242ac2cd5bf9e419bff7715ce5d48131646216f22d7d6a7a7a59c4f3846234b27a9a3432efe9a76558b45cd2dde548cc49bc78d767228e4e8dcab2707a3ab7b,JF181381,,3/21/2022 11:00,35,NO CONTROLS,NO CONTROLS,CLEAR,DAYLIGHT,REAR END,UNKNOWN,,STRAIGHT AND LEVEL,DRY,NO DEFECTS,NOT ON SCENE (DESK REPORT),NO INJURY / DRIVE AWAY,,,,"OVER $1,500",3/21/2022 12:10,NOT APPLICABLE,NOT APPLICABLE,3430,S,KEDZIE AVE,911,,,,,,,2,NO INDICATION OF INJURY,0,0,0,0,0,2,0,11,2,3,41.83070883,-87.70478661,POINT (-87.704786610529 41.830708824965)
430b1c8b3fd6b653a03fcb09ed75f2c9be57cb606d8df9d6b92ad88c737ae297439e527fce1a4a5c66617bbe5e16b0587f2de55a7725186348f7771ffd828126,JE159101,,3/4/2021 14:50,15,STOP SIGN/FLASHER,FUNCTIONING PROPERLY,CLEAR,DAYLIGHT,ANGLE,FOUR WAY,,STRAIGHT AND LEVEL,DRY,NO DEFECTS,ON SCENE,NO INJURY / DRIVE AWAY,Y,,,"OVER $1,500",3/4/2021 14:55,UNABLE TO DETERMINE,NOT APPLICABLE,3300,N,LARAMIE AVE,1634,,,,,,,2,NO INDICATION OF INJURY,0,0,0,0,0,2,0,14,5,3,41.94056843,-87.75689986,POINT (-87.756899854521 41.940568425928)
409a8db271ae0e0f33f05ae5f2004447001c566df36550f2976db5a51751bd56a8ffdf8a402d4e7743c368c6d59d9d6db4e9016c838010b6f9b657d86b7aae1b,JE135801,,2/8/2021 10:19,30,NO CONTROLS,NO CONTROLS,OTHER,DAYLIGHT,REAR END,NOT DIVIDED,,STRAIGHT AND LEVEL,WET,NO DEFECTS,ON SCENE,NO INJURY / DRIVE AWAY,,,,"$501 - $1,500",2/8/2021 10:19,FOLLOWING TOO CLOSELY,WEATHER,3936,W,31ST ST,1031,,Y,,,,,2,NO INDICATION OF INJURY,0,0,0,0,0,2,0,10,2,2,41.83700796,-87.72336374,POINT (-87.723363742909 41.837007958571)
40ee402de95e2c84d504892d2bd9b5bc67c5c31972c6aa8f62183658b5fe41e7de72fdf6ef670f3b4c637de0822cd1232ff5f497fc45211fbd92b3a67c6a3d75,JA486303,,10/26/2017 6:30,30,NO CONTROLS,NO CONTROLS,CLEAR,DUSK,TURNING,NOT DIVIDED,,STRAIGHT AND LEVEL,DRY,NO DEFECTS,ON SCENE,INJURY AND / OR TOW DUE TO CRASH,,,,"OVER $1,500",10/26/2017 6:30,FAILING TO YIELD RIGHT-OF-WAY,NOT APPLICABLE,160,E,ILLINOIS ST,1834,,,,,,,2,NO INDICATION OF INJURY,0,0,0,0,0,2,0,6,5,10,41.89106418,-87.62291793,POINT (-87.622917924914 41.891064178116)
40df7de95b02a7e9811922e82cde7a69d006d97bf4f5b49ccf56dc12f363a18c9888ce736f16d42818c14b8d2629e8d316d7b9f54e70363d7398f29bfa1f2764,JE466138,,12/4/2021 16:12,30,TRAFFIC SIGNAL,FUNCTIONING PROPERLY,CLEAR,DUSK,REAR END,ONE-WAY,,STRAIGHT AND LEVEL,DRY,NO DEFECTS,ON SCENE,NO INJURY / DRIVE AWAY,,,Y,"OVER $1,500",12/4/2021 16:18,UNABLE TO DETERMINE,UNABLE TO DETERMINE,330,W,OHIO ST,1831,,,,,,,2,NO INDICATION OF INJURY,0,0,0,0,0,4,0,16,7,12,41.89247371,-87.6369618,POINT (-87.636961800769 41.892473708201)
417cbcb75b31eeccafb94620def5845d7f893732ac769134a4520f5607ec9e03b7b7a4df164c0c9d4893859867919086cc895fc6dbc745ceb22e968ca84a7d22,JC366709,,7/27/2019 11:25,30,NO CONTROLS,NO CONTROLS,CLEAR,DAYLIGHT,REAR END,ONE-WAY,,STRAIGHT AND LEVEL,DRY,NO DEFECTS,ON SCENE,NO INJURY / DRIVE AWAY,,,,"$501 - $1,500",7/27/2019 11:35,UNABLE TO DETERMINE,NOT APPLICABLE,216,W,OHIO ST,1831,,,,,,,2,NO INDICATION OF INJURY,0,0,0,0,0,3,0,11,7,7,41.89248921,-87.63484457,POINT (-87.634844571954 41.892489205359)
432b0aea06e7b6b7e4fb2ccf9c81b5dbd34b07fa4a2a30bb9b664f56dda393976b4a8118276cef62ea68d8b6ca195e40c3004ec9b3a56e1d0a205a4cd432ec1d,JD350738,,8/30/2020 16:45,35,NO CONTROLS,NO CONTROLS,CLEAR,DAYLIGHT,ANGLE,PARKING LOT,,STRAIGHT AND LEVEL,DRY,UNKNOWN,NOT ON SCENE (DESK REPORT),NO INJURY / DRIVE AWAY,,,,"$501 - $1,500",8/30/2020 17:08,IMPROPER BACKING,IMPROPER BACKING,3916,W,26TH ST,1013,,,,,,,2,NO INDICATION OF INJURY,0,0,0,0,0,2,0,16,1,8,41.8443846,-87.72290644,POINT (-87.722906437877 41.844384603555)
40625417996393f78254e6a96e29696d5bfbff611aabf152864a831f5a325bea7b31f38b2a44f15496a645adc0bbf9c1e274ffb7b68a40d589f56b79d8b174c8,JD187657,,3/16/2020 15:10,30,TRAFFIC SIGNAL,FUNCTIONING PROPERLY,CLOUDY/OVERCAST,DAYLIGHT,TURNING,T-INTERSECTION,,STRAIGHT AND LEVEL,WET,NO DEFECTS,NOT ON SCENE (DESK REPORT),NO INJURY / DRIVE AWAY,Y,,,"$501 - $1,500",3/16/2020 15:25,IMPROPER TURNING/NO SIGNAL,NOT APPLICABLE,524,W,OHARE ST,1654,,,,,,,2,NO INDICATION OF INJURY,0,0,0,0,0,2,0,15,2,3,,,
432bbefe54600dcf30b72d9b1be91ffde1f86aaa0abb06b83d1007b7dcb8f25dadd626bb8f5d7dbefd63c2a4ef26ee1691836dc04bc7b00ba95694755574e8c8,JC264649,,5/15/2019 19:35,30,NO CONTROLS,NO CONTROLS,CLEAR,DUSK,TURNING,T-INTERSECTION,,STRAIGHT AND LEVEL,DRY,NO DEFECTS,ON SCENE,NO INJURY / DRIVE AWAY,Y,,,"OVER $1,500",5/15/2019 19:45,FAILING TO YIELD RIGHT-OF-WAY,NOT APPLICABLE,3020,W,PETERSON AVE,2413,,,,,,,2,NO INDICATION OF INJURY,0,0,0,0,0,2,0,19,4,5,41.99051936,-87.70522484,POINT (-87.705224842662 41.990519354912)
42609a7f02b886c9d3d4bc79f0cb7ff3433ad56b1e93d5639ad49f2e93adb0181712c65546d7accdd7c92c93d990902eae2d9aac6db57bcc255f2031cd6096ce,JC413298,,8/30/2019 12:00,30,TRAFFIC SIGNAL,FUNCTIONING PROPERLY,CLEAR,DAYLIGHT,REAR END,DIVIDED - W/MEDIAN (NOT RAISED),,STRAIGHT AND LEVEL,DRY,NO DEFECTS,NOT ON SCENE (DESK REPORT),NO INJURY / DRIVE AWAY,Y,,,"$501 - $1,500",8/30/2019 12:15,IMPROPER BACKING,NOT APPLICABLE,1902,S,CANAL ST,1235,,,,,,,2,NO INDICATION OF INJURY,0,0,0,0,0,2,0,12,6,8,,,
4057a11eee7870207ef6b632e58ffa62bb9560d2b114baec8c92e18cf298dcaa322a1142baa76f140aae6323fe1ce3a2198bf188aee523741ce324c400e14f69,JB378838,,8/4/2018 11:40,0,NO CONTROLS,NO CONTROLS,CLEAR,DAYLIGHT,PARKED MOTOR VEHICLE,PARKING LOT,,STRAIGHT AND LEVEL,DRY,NO DEFECTS,ON SCENE,NO INJURY / DRIVE AWAY,,Y,Y,"$501 - $1,500",8/4/2018 12:08,IMPROPER BACKING,NOT APPLICABLE,2400,W,47TH ST,922,,,,,,,2,NO INDICATION OF INJURY,0,0,0,0,0,1,0,11,7,8,41.80854224,-87.6845482,POINT (-87.684548201832 41.808542244315)