CRASH_RECORD_ID,RD_NO,CRASH_DATE_EST_I,CRASH_DATE,POSTED_SPEED_LIMIT,TRAFFIC_CONTROL_DEVICE,DEVICE_CONDITION,WEATHER_CONDITION,LIGHTING_CONDITION,FIRST_CRASH_TYPE,TRAFFICWAY_TYPE,LANE_CNT,ALIGNMENT,ROADWAY_SURFACE_COND,ROAD_DEFECT,REPORT_TYPE,CRASH_TYPE,INTERSECTION_RELATED_I,NOT_RIGHT_OF_WAY_I,HIT_AND_RUN_I,DAMAGE,DATE_POLICE_NOTIFIED,PRIM_CONTRIBUTORY_CAUSE,SEC_CONTRIBUTORY_CAUSE,STREET_NO,STREET_DIRECTION,STREET_NAME,BEAT_OF_OCCURRENCE,PHOTOS_TAKEN_I,STATEMENTS_TAKEN_I,DOORING_I,WORK_ZONE_I,WORK_ZONE_TYPE,WORKERS_PRESENT_I,NUM_UNITS,MOST_SEVERE_INJURY,INJURIES_TOTAL,INJURIES_FATAL,INJURIES_INCAPACITATING,INJURIES_NON_INCAPACITATING,INJURIES_REPORTED_NOT_EVIDENT,INJURIES_NO_INDICATION,INJURIES_UNKNOWN,CRASH_HOUR,CRASH_DAY_OF_WEEK,CRASH_MONTH,LATITUDE,LONGITUDE,LOCATION
41591db2586f5aa63acbce2e83c1d8bb1f0ea05bde450fe292d90a65fd70547553c4cc9c96cedad47e2efd2d9be1ccd5f1d63581352931df4703e067edb51df9,JC408398,,8/26/2019 18:15,20,TRAFFIC SIGNAL,FUNCTIONING PROPERLY,RAIN,DAYLIGHT,REAR END,NOT DIVIDED,,STRAIGHT AND LEVEL,WET,NO DEFECTS,ON SCENE,NO INJURY / DRIVE AWAY,Y,,,"OVER $1,500",8/26/2019 18:19,UNABLE TO DETERMINE,NOT APPLICABLE,1033,W,SHERIDAN RD,2433,,,,,,,2,NO INDICATION OF INJURY,0,0,0,0,0,2,0,18,2,8,41.99811815,-87.65703279,POINT (-87.657032785262 41.998118153358)
42acc5ac8a1fc8fe50525ded2215be09be6b3fcb9e8a2257026361d627523b5c0ffb9280d61a44364eff373c79c42263d2f3f2a42e4e835bbc8304a9fdd0e92b,JC473377,,10/13/2019 12:45,10,NO CONTROLS,NO CONTROLS,CLEAR,DAYLIGHT,PARKED MOTOR VEHICLE,PARKING LOT,,STRAIGHT AND LEVEL,DRY,NO DEFECTS,,NO INJURY / DRIVE AWAY,,Y,N,$500 OR LESS,10/15/2019 11:00,UNABLE TO DETERMINE,NOT APPLICABLE,4715,S,JUSTINE ST,933,,,,,,,2,,,,,,,,,12,1,10,41.80817122,-87.66359517,POINT (-87.663595170173 41.808171220138)
420c3585f947a19071875182595d1e31cd9aa84a2b3d72717eea7ce409b610174fc427e4bece66d47ee9b927e5c41be0fe19e9ca78d0eab1f0a1fe28a5626779,JE352382,,8/27/2021 20:10,30,NO CONTROLS,NO CONTROLS,CLEAR,"DARKNESS, LIGHTED ROAD",REAR END,OTHER,,STRAIGHT AND LEVEL,DRY,UNKNOWN,ON SCENE,INJURY AND / OR TOW DUE TO CRASH,,,,"OVER $1,500",8/27/2021 20:16,UNABLE TO DETERMINE,NOT APPLICABLE,98,W,I190 EXPY,1654,,,,,,,2,NO INDICATION OF INJURY,0,0,0,0,0,2,0,20,6,8,,,
41ffa713a39c881be2a4efd991ff943e78717a94e8578c437838a9c81676050e4fa75e481b9c9b2b91a380dbd1b2e73202227e58108b2f24bd796fd91c5ef6a6,JA550481,,12/15/2017 15:45,25,NO CONTROLS,OTHER,CLOUDY/OVERCAST,DAYLIGHT,ANGLE,NOT DIVIDED,,STRAIGHT AND LEVEL,DRY,UNKNOWN,ON SCENE,NO INJURY / DRIVE AWAY,Y,,,"OVER $1,500",12/15/2017 16:05,UNABLE TO DETERMINE,ANIMAL,2130,W,DEVON AVE,2412,,,,,,,2,NO INDICATION OF INJURY,0,0,0,0,0,2,0,15,6,12,41.99794276,-87.68373794,POINT (-87.683737943962 41.997942761451)
406a9378704d66b6f335e5032c560d81d8369d288c30963f317619f4d69a0fca2be4068776eae1368232f6a01de0e295c72e880d563581f9e3a5a8301d39573d,JE361647,,9/4/2021 17:14,30,NO CONTROLS,NO CONTROLS,CLEAR,DAYLIGHT,ANGLE,FOUR WAY,,STRAIGHT AND LEVEL,DRY,UNKNOWN,ON SCENE,INJURY AND / OR TOW DUE TO CRASH,Y,,,"OVER $1,500",9/4/2021 17:17,UNABLE TO DETERMINE,NOT APPLICABLE,4700,N,ELSTON AVE,1722,,,,,,,2,NO INDICATION OF INJURY,0,0,0,0,0,2,0,17,7,9,41.96624228,-87.73763718,POINT (-87.737637183348 41.966242279799)
40a5b896244fe0de7b5dcb2f9ff09b3bb6b344fd860ad9930fc4c2ead9ed41d82759eb4c9b8c3441461bdca3f70d6ec66651cdd6a5c30587cd8efed2b6b79cd2,JD125945,,1/23/2020 14:41,30,TRAFFIC SIGNAL,FUNCTIONING PROPERLY,SNOW,DAYLIGHT,TURNING,FOUR WAY,,STRAIGHT AND LEVEL,WET,NO DEFECTS,ON SCENE,NO INJURY / DRIVE AWAY,Y,,,"$501 - $1,500",1/23/2020 14:41,IMPROPER TURNING/NO SIGNAL,NOT APPLICABLE,1158,S,CANAL ST,124,,,,,,,2,NO INDICATION OF INJURY,0,0,0,0,0,17,0,14,5,1,41.86735685,-87.63934614,POINT (-87.639346140344 41.867356854077)
4244d47102c55b56e123fedc491e22718a71b842b3af8f995621c7bba79fa085bb839cbd10013dea906af2bce1c10d9978fd929da4e2f55f791b3a1da2774b7a,JC350122,,7/15/2019 16:50,25,NO CONTROLS,NO CONTROLS,CLEAR,DAYLIGHT,OTHER OBJECT,NOT DIVIDED,,STRAIGHT AND LEVEL,WET,NO DEFECTS,ON SCENE,NO INJURY / DRIVE AWAY,,,,$500 OR LESS,7/15/2019 16:54,NOT APPLICABLE,NOT APPLICABLE,2347,W,LUNT AVE,2411,,,,,,,1,,,,,,,,,16,2,7,42.00850361,-87.68990373,POINT (-87.689903726484 42.008503609278)
4024dc65d586e994f52d37e5b24d686a2b9e246f5bed02a56ca49c826db1dfe78d776ec2475e0e2cedfdfe1451c9d7a733a6c86d8285c0fff83feed189912876,JE372267,,9/13/2021 16:35,30,TRAFFIC SIGNAL,FUNCTIONING PROPERLY,CLEAR,DAYLIGHT,TURNING,NOT DIVIDED,,STRAIGHT AND LEVEL,DRY,NO DEFECTS,ON SCENE,NO INJURY / DRIVE AWAY,Y,,Y,"OVER $1,500",9/13/2021 17:13,NOT APPLICABLE,NOT APPLICABLE,5600,S,LAKE PARK AVE,235,,,,,,,2,NO INDICATION OF INJURY,0,0,0,0,0,2,0,16,2,9,41.79328789,-87.58811105,POINT (-87.58811105065 41.793287889881)
4204c1946869f2c18c820675992d794029b7b39c4d000d80d70ef3af8cd480bcbb99d5f850fcf521a5e9769d2e24d3b3c14a5b71bcc62cd1e880d821d5510633,JF183354,,3/23/2022 1:30,25,STOP SIGN/FLASHER,FUNCTIONING PROPERLY,RAIN,"DARKNESS, LIGHTED ROAD",TURNING,NOT DIVIDED,,STRAIGHT AND LEVEL,WET,NO DEFECTS,ON SCENE,NO INJURY / DRIVE AWAY,,Y,,"$501 - $1,500",3/23/2022 1:35,IMPROPER TURNING/NO SIGNAL,NOT APPLICABLE,1,W,PARKING LOT E ST,1654,,,,,,,2,NO INDICATION OF INJURY,0,0,0,0,0,2,0,1,4,3,,,
4144c6be1e6886b92b3b1dfdca8b0e2753821e884d9e3764dba1a22ced864141937ece24bfcc0308b2c7017913e2bc1370cd97163238adfa0c6cb995e6ef9d2c,JD399518,,10/14/2020 17:30,15,NO CONTROLS,NO CONTROLS,CLEAR,DAYLIGHT,ANGLE,PARKING LOT,,STRAIGHT AND LEVEL,DRY,NO DEFECTS,ON SCENE,NO INJURY / DRIVE AWAY,,Y,,"$501 - $1,500",10/14/2020 18:15,IMPROPER BACKING,NOT APPLICABLE,6100,S,NEW ENGLAND AVE,812,,,,,,,2,NO INDICATION OF INJURY,0,0,0,0,0,2,0,17,4,10,41.78106739,-87.79437463,POINT (-87.794374627158 41.781067387997)
409392298e283801b509a3469a27bc9c59ebb34afc84c944a74e7ae8f8b1e68652effcf6e7d3ff8eb27aca27919ff8b56c49c48db803823661c8e1d9eb40b278,JA561758,,12/24/2017 10:10,30,OTHER,NO CONTROLS,SNOW,DAYLIGHT,ANGLE,DRIVEWAY,2,STRAIGHT AND LEVEL,SNOW OR SLUSH,NO DEFECTS,ON SCENE,INJURY AND / OR TOW DUE TO CRASH,Y,,,"OVER $1,500",12/24/2017 11:37,NOT APPLICABLE,NOT APPLICABLE,3326,W,CERMAK RD,1024,Y,,,,,,2,NO INDICATION OF INJURY,0,0,0,0,0,2,0,10,1,12,41.85183326,-87.70884609,POINT (-87.708846089115 41.85183325997)
42ea5068f0c12e202c6b36d9d034cb6ea6f41a6c45ba3571c9692728f2ddd8ec547eb39797fefd16b7bbc58e0026c7fde526137f7efbcb4e801b42d255c6d998,JF160557,,3/2/2022 6:50,25,NO CONTROLS,NO CONTROLS,CLEAR,DAYLIGHT,SIDESWIPE SAME DIRECTION,ONE-WAY,,STRAIGHT AND LEVEL,DRY,NO DEFECTS,ON SCENE,NO INJURY / DRIVE AWAY,,,,"OVER $1,500",3/2/2022 6:56,IMPROPER LANE USAGE,DRIVING SKILLS/KNOWLEDGE/EXPERIENCE,3,W,TERMINAL ST,1653,,,,,,,2,NO INDICATION OF INJURY,0,0,0,0,0,4,0,6,4,3,,,
4159472f806d7bd53c7cc079b001c971c340c143b1e4bb72d2b46acbade81378cfd19d7efbaec8c21c119d5ed0c07e9fecd15612ec262ec7476c7931229fa122,JC493900,,10/31/2019 21:30,30,NO CONTROLS,NO CONTROLS,CLEAR,"DARKNESS, LIGHTED ROAD",ANGLE,NOT DIVIDED,,STRAIGHT ON HILLCREST,ICE,NO DEFECTS,ON SCENE,INJURY AND / OR TOW DUE TO CRASH,,,,"OVER $1,500",10/31/2019 21:35,WEATHER,NOT APPLICABLE,4815,W,DEVON AVE,1621,,,,,,,3,NONINCAPACITATING INJURY,1,0,0,1,0,2,0,21,5,10,41.99718006,-87.74903177,POINT (-87.749031764981 41.997180058782)
42e947b2bbdbd12c7d7d0a2d570e253b0b25198273346e25eb612219de5b70bab8f8ee861b26eb62c1992397882211a13dc1e1cda59ffcd76f139f447816733f,JC152370,,2/14/2019 15:15,30,NO CONTROLS,NO CONTROLS,CLEAR,DAYLIGHT,REAR END,ONE-WAY,,STRAIGHT AND LEVEL,DRY,NO DEFECTS,NOT ON SCENE (DESK REPORT),NO INJURY / DRIVE AWAY,,,,"$501 - $1,500",2/14/2019 15:38,NOT APPLICABLE,NOT APPLICABLE,6100,S,HAMLIN AVE,823,,,,,,,2,NO INDICATION OF INJURY,0,0,0,0,0,7,0,15,5,2,41.78232597,-87.71810321,POINT (-87.718103211269 41.782325964624)
418cb772f3b7a28c2b0e8f1ea2e06986888cc916897905de8ec1dad6aac9916156ee439850a241827d759a60a52dfb3c61f13531b406dcdae187760b4e6dd1a5,JC409662,,8/27/2019 16:45,30,NO CONTROLS,NO CONTROLS,CLEAR,DAYLIGHT,TURNING,NOT DIVIDED,,STRAIGHT AND LEVEL,DRY,NO DEFECTS,NOT ON SCENE (DESK REPORT),NO INJURY / DRIVE AWAY,,,,$500 OR LESS,8/27/2019 17:44,NOT APPLICABLE,NOT APPLICABLE,6400,S,CICERO AVE,813,,,,,,,2,NO INDICATION OF INJURY,0,0,0,0,0,5,0,16,3,8,41.7765116,-87.74237234,POINT (-87.742372341405 41.776511601051)
42f14f88a29d716de3b60af8bbc74c264aed61cd2691cf344813eda69519aecb9c14b405a050305c59526f7b1af4412835b555aa1923534006fe6beb430c74e6,JE385428,,9/24/2021 9:08,25,NO CONTROLS,NO CONTROLS,CLEAR,DAYLIGHT,PARKED MOTOR VEHICLE,ONE-WAY,,STRAIGHT AND LEVEL,DRY,NO DEFECTS,ON SCENE,INJURY AND / OR TOW DUE TO CRASH,,,,"OVER $1,500",9/24/2021 10:02,ANIMAL,ANIMAL,4203,W,30TH ST,1031,,,,,,,3,NO INDICATION OF INJURY,0,0,0,0,0,1,0,9,6,9,41.83855735,-87.72941179,POINT (-87.729411786932 41.838557352078)
403ae093f1f79b6e76fdd3a187b8b95c8668dfff41167949b957ba3450824358c9c869685dad2808a9312ad2ea19b752960c7c5419dccca92152ca32193c48bb,JC233899,,4/22/2019 14:00,30,UNKNOWN,UNKNOWN,CLEAR,DAYLIGHT,REAR END,NOT DIVIDED,,STRAIGHT AND LEVEL,UNKNOWN,UNKNOWN,NOT ON SCENE (DESK REPORT),NO INJURY / DRIVE AWAY,,,,"$501 - $1,500",4/22/2019 14:40,UNABLE TO DETERMINE,UNABLE TO DETERMINE,5550,N,CENTRAL AVE,1622,,,,,,,2,NO INDICATION OF INJURY,0,0,0,0,0,2,0,14,2,4,41.9826243,-87.76849725,POINT (-87.768497250327 41.982624302778)
40d1f82187ed36b71a1409cd282be1de4f8f3a2181596e2bbeeb0ea5c409a831cc6c9ce4808b6bb57bc67e652e4219b4fcfd6a58f4bc7bb102de24fa5e63fa5e,JA484342,,10/24/2017 14:15,30,NO CONTROLS,NO CONTROLS,CLEAR,DAYLIGHT,PARKED MOTOR VEHICLE,NOT DIVIDED,2,STRAIGHT AND LEVEL,WET,NO DEFECTS,ON SCENE,NO INJURY / DRIVE AWAY,,,Y,"OVER $1,500",10/24/2017 16:13,IMPROPER BACKING,NOT APPLICABLE,115,E,44TH ST,215,,,,,,,2,NO INDICATION OF INJURY,0,0,0,0,0,1,0,14,3,10,41.81462762,-87.62225844,POINT (-87.622258441431 41.814627615857)
41508aff49868b9127b44cfcc1b9dc07b502eeaf8d56429d38cfef43e19585c1b30efd6455ad75a0fa46ac2cda35f58ecdd72ea726e9e6887e16e07fa54d3df9,JF195495,,4/3/2022 6:00,30,NO CONTROLS,NO CONTROLS,CLEAR,DAWN,PARKED MOTOR VEHICLE,ONE-WAY,,STRAIGHT AND LEVEL,WET,NO DEFECTS,ON SCENE,NO INJURY / DRIVE AWAY,,,Y,"OVER $1,500",4/3/2022 6:13,UNABLE TO DETERMINE,UNABLE TO DETERMINE,4147,S,ALBANY AVE,921,,,,,,,3,NO INDICATION OF INJURY,0,0,0,0,0,1,0,6,1,4,41.81762977,-87.70173285,POINT (-87.701732853473 41.817629769925)
419bbcd7807d08e9f1d9db51d0bea79383b437bf8a51aab07963caff7e89504e18a8c8fb565978e3d0f1de9845b717c0ce2388b59c82385ca7f758b48b1cb347,JA459803,,10/5/2017 18:30,15,NO CONTROLS,NO CONTROLS,CLEAR,DARKNESS,PARKED MOTOR VEHICLE,ONE-WAY,1,STRAIGHT AND LEVEL,DRY,UNKNOWN,ON SCENE,INJURY AND / OR TOW DUE TO CRASH,,,,"OVER $1,500",10/5/2017 18:41,ANIMAL,ANIMAL,817,N,PARKSIDE AVE,1511,,,,,,,2,NO INDICATION OF INJURY,0,0,0,0,0,1,0,18,5,10,41.89538055,-87.76648268,POINT (-87.766482677324 41.895380553902)
40b4fce0ee71308d2376865a6a064348d196abed19629d0b09ed0f966ceeffcc0f8503cc8ff3c107cf190d2308a9c40f90ab0d63c6ed2d00a674f3de7c34b895,JC228900,,4/18/2019 9:57,30,NO CONTROLS,NO CONTROLS,RAIN,DAYLIGHT,ANGLE,ALLEY,,STRAIGHT AND LEVEL,WET,NO DEFECTS,ON SCENE,INJURY AND / OR TOW DUE TO CRASH,,,Y,"OVER $1,500",4/18/2019 10:03,FAILING TO YIELD RIGHT-OF-WAY,NOT APPLICABLE,5252,W,HURON ST,1524,,,,,,,2,NO INDICATION OF INJURY,0,0,0,0,0,3,0,9,5,4,41.89309378,-87.75766479,POINT (-87.7576647865 41.893093775733)
43f19508f2f15a269844417e6345918cb90f012060074a2b24f0f1aa07976e6637e8686c956289d85a58e1509f6b15ae1f47971dbc8cdf38e8b29b3d729d3dd6,JF113598,,1/15/2022 10:57,30,NO CONTROLS,NO CONTROLS,OTHER,DAYLIGHT,TURNING,OTHER,,STRAIGHT AND LEVEL,WET,UNKNOWN,,NO INJURY / DRIVE AWAY,,,,"$501 - $1,500",1/15/2022 11:10,UNABLE TO DETERMINE,NOT APPLICABLE,5232,S,PULASKI RD,815,,,,,,,2,NO INDICATION OF INJURY,0,0,0,0,0,5,0,10,7,1,41.79768378,-87.72343457,POINT (-87.723434571272 41.797683784291)
44d6b081e2ca674674a2308b29104e51de433b76af07409b35cb62a69e7fbc8b9af7257e87b09958d510ab5e9053df96744bc3a7216764261d99abbced355790,JF201442,,4/8/2022 12:26,15,NO CONTROLS,NO CONTROLS,RAIN,DAYLIGHT,REAR END,ALLEY,,STRAIGHT AND LEVEL,WET,NO DEFECTS,NOT ON SCENE (DESK REPORT),NO INJURY / DRIVE AWAY,,,,$500 OR LESS,4/8/2022 12:27,WEATHER,NOT APPLICABLE,6810,S,WABASH AVE,322,,,,,,,2,NO INDICATION OF INJURY,0,0,0,0,0,4,0,12,6,4,41.77062741,-87.62358212,POINT (-87.623582116794 41.770627410255)
451ef6f15be28b34579a68f80373952e30d2380e76c245fccd618915c6d91f2e62047f6c78e10ee1771c03cd7547ae35c11bf494e335c62971a9fd0c18a277d0,JB285028,,5/30/2018 10:55,5,OTHER REG. SIGN,FUNCTIONING PROPERLY,CLOUDY/OVERCAST,DAYLIGHT,REAR END,DIVIDED - W/MEDIAN BARRIER,10,STRAIGHT AND LEVEL,DRY,NO DEFECTS,ON SCENE,INJURY AND / OR TOW DUE TO CRASH,,,,"OVER $1,500",5/30/2018 10:59,FAILING TO REDUCE SPEED TO AVOID CRASH,DISTRACTION - FROM INSIDE VEHICLE,8800,S,CHICAGO SKYWAY OB,412,,,,,,,2,NONINCAPACITATING INJURY,1,0,0,1,0,1,0,10,4,5,,,
44464344b5741ccb8bf0e1b6aa3f40c8577624b1ad27d295b7c482362754e45913d3bafe031f0cca3abbf0c636c58c3c43f7e1ea62608a444de155bac98092b5,JB258666,,5/10/2018 19:43,35,TRAFFIC SIGNAL,UNKNOWN,CLEAR,DUSK,REAR END,NOT DIVIDED,,STRAIGHT AND LEVEL,DRY,NO DEFECTS,ON SCENE,INJURY AND / OR TOW DUE TO CRASH,,,,"OVER $1,500",5/10/2018 20:12,UNABLE TO DETERMINE,UNABLE TO DETERMINE,1599,W,87TH ST,2221,,,,,,,2,"REPORTED, NOT EVIDENT",1,0,0,0,1,1,0,19,5,5,41.73568096,-87.66300137,POINT (-87.663001364915 41.735680954718)
4639746157a011d0994bb482ffdee7b2d1d92950cb14355616ced905898d25c83e2e3d3c8cc8767be55538c4c11299d1f42d48de574c87bf36dffb5b6cb542f4,JB232566,,4/21/2018 14:25,30,OTHER,OTHER,CLEAR,DAYLIGHT,FIXED OBJECT,OTHER,,STRAIGHT AND LEVEL,DRY,NO DEFECTS,ON SCENE,NO INJURY / DRIVE AWAY,,,,$500 OR LESS,4/21/2018 14:40,UNABLE TO DETERMINE,UNABLE TO DETERMINE,3202,N,NARRAGANSETT AVE,1632,,,,,,,1,NO INDICATION OF INJURY,0,0,0,0,0,1,0,14,7,4,41.93839865,-87.78620328,POINT (-87.786203277848 41.938398651911)
44106469259c5e1c271525cb00455cf099bf8ec601ad8aa75206562a3575624a457f8451326307cbcc0abbd2b4d43979ae95db8d30aa8ed7c9632b3f5658cd44,JD282887,,7/2/2020 0:45,30,UNKNOWN,UNKNOWN,CLEAR,UNKNOWN,ANGLE,UNKNOWN,,STRAIGHT AND LEVEL,UNKNOWN,UNKNOWN,ON SCENE,NO INJURY / DRIVE AWAY,,,Y,"OVER $1,500",7/2/2020 1:08,UNABLE TO DETERMINE,UNABLE TO DETERMINE,7500,S,SOUTH CHICAGO AVE,624,,,,,,,2,NO INDICATION OF INJURY,0,0,0,0,0,2,0,0,5,7,41.75860901,-87.59572136,POINT (-87.595721360538 41.758609006103)
4367f9f5503826278755f23b0ba447ebc7aeab4fc6c6236d21e798723a04f9978cecb62862cedc35ca496e5c47abe5a872cc742da225487ef7aa324055261353,JE420936,,10/24/2021 15:02,30,STOP SIGN/FLASHER,NO CONTROLS,RAIN,DAYLIGHT,ANGLE,NOT DIVIDED,,STRAIGHT AND LEVEL,WET,NO DEFECTS,ON SCENE,INJURY AND / OR TOW DUE TO CRASH,Y,,,"OVER $1,500",10/24/2021 15:02,UNABLE TO DETERMINE,WEATHER,2501,N,OAK PARK AVE,2512,,,,,,,2,NONINCAPACITATING INJURY,1,0,0,1,0,3,0,15,1,10,41.92551168,-87.79515455,POINT (-87.795154552014 41.925511677164)
43508f932fd035c617c9d99b5cd35c5c0632e75fdae66b2098d2e2b5d7001e18a933c025b9951d8abc9bcbeae9f3fca24f7a4cf321493574fa5a90e53ce2bea1,JD160861,,2/22/2020 11:06,10,NO CONTROLS,NO CONTROLS,CLEAR,DAYLIGHT,PARKED MOTOR VEHICLE,PARKING LOT,,STRAIGHT AND LEVEL,DRY,NO DEFECTS,ON SCENE,INJURY AND / OR TOW DUE TO CRASH,,,,"OVER $1,500",2/22/2020 11:06,IMPROPER BACKING,NOT APPLICABLE,5310,N,HARLEM AVE,1613,,,,,,,3,NO INDICATION OF INJURY,0,0,0,0,0,1,0,11,7,2,41.97668126,-87.8071647,POINT (-87.807164699489 41.976681261936)
43922e74290047211d55688994920214f62ab0e8861e9290807ae8959e4b8d7efb6862906071316230a897bfff01e37966e1b3ec519b7ecbc1e53f81c2923ad6,JA409225,,8/28/2017 11:24,25,NO CONTROLS,NO CONTROLS,CLEAR,DAYLIGHT,PARKED MOTOR VEHICLE,ONE-WAY,,STRAIGHT AND LEVEL,DRY,NO DEFECTS,ON SCENE,NO INJURY / DRIVE AWAY,,,,$500 OR LESS,8/28/2017 11:26,IMPROPER BACKING,NOT APPLICABLE,9449,S,LOOMIS ST,2222,,,,,,,2,NO INDICATION OF INJURY,0,0,0,0,0,2,0,11,2,8,41.72160484,-87.6576769,POINT (-87.657676898086 41.721604841503)
43d717fdd6ec6451729535f5fd447b45ddd99ddda8935fa47a477f35189dbb482428d4c5ef9ed0afedfc10ab56918bdcaccc9654b9d0f321064d48a8633b66e4,JE279337,,6/25/2021 15:30,30,TRAFFIC SIGNAL,FUNCTIONING PROPERLY,CLEAR,DAYLIGHT,TURNING,NOT DIVIDED,,STRAIGHT AND LEVEL,WET,NO DEFECTS,ON SCENE,NO INJURY / DRIVE AWAY,Y,,Y,"OVER $1,500",6/25/2021 15:34,IMPROPER TURNING/NO SIGNAL,FAILING TO YIELD RIGHT-OF-WAY,598,N,COLUMBUS DR,1834,Y,,,,,,2,NO INDICATION OF INJURY,0,0,0,0,0,3,0,15,6,6,,,
442a63b7fb2c53366e8b2de619cfb8f1b090a915551630e124181e5a244d2d5a676cb26c32d04fc53a67bd8e3e4a381adbc07bd4700bf99f35018511c36879b4,JD224053,,5/4/2020 13:50,30,NO CONTROLS,NO CONTROLS,CLEAR,DAYLIGHT,ANGLE,PARKING LOT,,STRAIGHT AND LEVEL,DRY,NO DEFECTS,ON SCENE,NO INJURY / DRIVE AWAY,,Y,,$500 OR LESS,5/4/2020 13:50,UNABLE TO DETERMINE,NOT APPLICABLE,1711,W,CERMAK RD,1034,,,,,,,2,NO INDICATION OF INJURY,0,0,0,0,0,7,0,13,2,5,41.85216786,-87.66897504,POINT (-87.668975040664 41.852167863628)
43e2804ea9551f42295211c3151d5aa1e8e68f9bd5e564a2de908688ddf32a8b162c5e560a66559e687760789925444874cdbb6a3a8bb640e8604f37d62acbe4,JF266135,,6/3/2022 11:27,25,NO CONTROLS,NO CONTROLS,CLEAR,DAYLIGHT,TURNING,NOT DIVIDED,,STRAIGHT AND LEVEL,DRY,NO DEFECTS,ON SCENE,NO INJURY / DRIVE AWAY,,,,"$501 - $1,500",6/3/2022 11:42,FAILING TO YIELD RIGHT-OF-WAY,NOT APPLICABLE,130,E,79TH ST,623,,,,,,,2,NO INDICATION OF INJURY,0,0,0,0,0,3,0,11,6,6,41.75114056,-87.61994429,POINT (-87.619944294233 41.751140560621)
4454b602d71d595b2f00eb1e4d1d12c66a7c674dcabb6fa51a10a2cdd5db7d47dd9f3b3adaeee1679ef6babf0777c639bf21ee502c1f67d063e7c827bf56f103,JB112649,,1/11/2018 16:09,30,NO CONTROLS,NO CONTROLS,RAIN,DUSK,PARKED MOTOR VEHICLE,NOT DIVIDED,2,STRAIGHT ON GRADE,WET,NO DEFECTS,ON SCENE,NO INJURY / DRIVE AWAY,,,Y,$500 OR LESS,1/11/2018 16:13,IMPROPER BACKING,NOT APPLICABLE,446,N,WABASH AVE,1834,,,,,,,2,NO INDICATION OF INJURY,0,0,0,0,0,2,0,16,5,1,41.89070303,-87.62683158,POINT (-87.626831579333 41.890703028421)
4383693598bd046f5aa8d8163c85c3ece2df24f97aeee5791d147cf803815098c246c1a42fc04bf3637627df6da46db68ab91debee7f2cb578f8ff16c0678753,JB433315,Y,9/13/2018 8:00,30,NO CONTROLS,UNKNOWN,CLEAR,DAYLIGHT,PEDALCYCLIST,NOT DIVIDED,1,STRAIGHT AND LEVEL,DRY,UNKNOWN,ON SCENE,NO INJURY / DRIVE AWAY,,,Y,$500 OR LESS,9/13/2018 8:05,NOT APPLICABLE,NOT APPLICABLE,230,E,79TH ST,623,,,,,,,2,NO INDICATION OF INJURY,0,0,0,0,0,2,0,8,5,9,41.75116792,-87.61840895,POINT (-87.618408948562 41.751167923543)
44ab98ad797b15de1a5de04ff3aa07d7f7793c3fc2b8c39146b5219ef248a5e2cd100016274ba6d2c869a2aa398094b9798c9480b1d5e836b31b0c3c989192c1,JD420655,,11/4/2020 11:30,30,UNKNOWN,UNKNOWN,CLEAR,DAYLIGHT,REAR END,NOT DIVIDED,,STRAIGHT AND LEVEL,DRY,UNKNOWN,NOT ON SCENE (DESK REPORT),NO INJURY / DRIVE AWAY,,,,"OVER $1,500",11/4/2020 13:21,FOLLOWING TOO CLOSELY,NOT APPLICABLE,1319,N,PULASKI RD,2535,,,,,,,2,NO INDICATION OF INJURY,0,0,0,0,0,2,0,11,4,11,41.90503729,-87.72622848,POINT (-87.726228480534 41.905037293597)
437e66f2a7ce6ba66b81ee4784f354041af9f25132dc0d0935c25f2d395ae4264109c4eaf92c68cb9da4659eb1d59325a8dbbe8959ebd4257e21d42adcd1f6f3,JD109929,,1/9/2020 15:44,25,NO CONTROLS,NO CONTROLS,CLEAR,DAYLIGHT,TURNING,NOT DIVIDED,,STRAIGHT AND LEVEL,DRY,"RUT, HOLES",ON SCENE,NO INJURY / DRIVE AWAY,,,,$500 OR LESS,1/9/2020 15:44,IMPROPER OVERTAKING/PASSING,NOT APPLICABLE,1800,W,DEVON AVE,2432,,,,,,,2,NO INDICATION OF INJURY,0,0,0,0,0,2,0,15,5,1,41.99809836,-87.67525337,POINT (-87.675253373877 41.998098359481)
462b2170cb1e368242d766302a4a695491b4367fc8b6f6367fb2b1f51d058bdc9f510fcb73513fbcc28f66e7680552eb842a655d79b67df2355bc469714ebef1,JB355260,,7/18/2018 16:35,30,NO CONTROLS,NO CONTROLS,CLEAR,DAYLIGHT,PEDESTRIAN,PARKING LOT,,STRAIGHT AND LEVEL,DRY,NO DEFECTS,ON SCENE,NO INJURY / DRIVE AWAY,,,,$500 OR LESS,7/18/2018 16:37,IMPROPER BACKING,NOT APPLICABLE,736,E,47TH ST,221,,,,,,,2,NO INDICATION OF INJURY,0,0,0,0,0,2,0,16,4,7,41.80962702,-87.60755595,POINT (-87.607555947666 41.809627017465)
46247b7c386a22265d656cf542dbd8562365cf5eddf2544b8fa635ce332289898a41e1ba486d2d5ff49f89090382102e1c781900e6c6eabc521afc5ee7de280b,JC428135,,9/10/2019 20:25,30,UNKNOWN,UNKNOWN,CLEAR,DARKNESS,REAR END,NOT DIVIDED,,STRAIGHT AND LEVEL,DRY,UNKNOWN,NOT ON SCENE (DESK REPORT),NO INJURY / DRIVE AWAY,,,Y,"$501 - $1,500",9/10/2019 20:45,UNABLE TO DETERMINE,NOT APPLICABLE,6300,S,EMERALD DR,723,,,,,,,2,NO INDICATION OF INJURY,0,0,0,0,0,2,0,20,3,9,41.77966949,-87.64379717,POINT (-87.643797165506 41.779669488376)