CRASH_RECORD_ID,RD_NO,CRASH_DATE_EST_I,CRASH_DATE,POSTED_SPEED_LIMIT,TRAFFIC_CONTROL_DEVICE,DEVICE_CONDITION,WEATHER_CONDITION,LIGHTING_CONDITION,FIRST_CRASH_TYPE,TRAFFICWAY_TYPE,LANE_CNT,ALIGNMENT,ROADWAY_SURFACE_COND,ROAD_DEFECT,REPORT_TYPE,CRASH_TYPE,INTERSECTION_RELATED_I,NOT_RIGHT_OF_WAY_I,HIT_AND_RUN_I,DAMAGE,DATE_POLICE_NOTIFIED,PRIM_CONTRIBUTORY_CAUSE,SEC_CONTRIBUTORY_CAUSE,STREET_NO,STREET_DIRECTION,STREET_NAME,BEAT_OF_OCCURRENCE,PHOTOS_TAKEN_I,STATEMENTS_TAKEN_I,DOORING_I,WORK_ZONE_I,WORK_ZONE_TYPE,WORKERS_PRESENT_I,NUM_UNITS,MOST_SEVERE_INJURY,INJURIES_TOTAL,INJURIES_FATAL,INJURIES_INCAPACITATING,INJURIES_NON_INCAPACITATING,INJURIES_REPORTED_NOT_EVIDENT,INJURIES_NO_INDICATION,INJURIES_UNKNOWN,CRASH_HOUR,CRASH_DAY_OF_WEEK,CRASH_MONTH,LATITUDE,LONGITUDE,LOCATION
451468306fbcdb6a734aea8cd1d1cbc04c66e7f388c2e8509461f8801a73de383acbb2b68af8d9e9203c2127bcd1c2e71d34a09ba2672db40c6817073c8432d1,JD473227,,12/30/2020 6:08,30,NO CONTROLS,NO CONTROLS,SNOW,DAWN,FIXED OBJECT,NOT DIVIDED,,STRAIGHT AND LEVEL,SNOW OR SLUSH,NO DEFECTS,ON SCENE,NO INJURY / DRIVE AWAY,Y,,,"OVER $1,500",12/30/2020 6:08,WEATHER,WEATHER,5698,N,RIDGE AVE,2013,,,,,,,1,NO INDICATION OF INJURY,0,0,0,0,0,1,0,6,4,12,41.98543916,-87.66325986,POINT (-87.663259855189 41.985439163004)
459db3a3c4f9f0ddb8a8537b75c5c826a6e7f8084b5f3cccb948817c1df5cf40a5c97e890922c293b8a83ebbe0f4ff63afd1aaac0cc33dd3782b3cf72282aefe,JE447886,,11/17/2021 8:22,25,NO CONTROLS,NO CONTROLS,CLEAR,DAYLIGHT,PARKED MOTOR VEHICLE,NOT DIVIDED,,STRAIGHT AND LEVEL,DRY,NO DEFECTS,ON SCENE,NO INJURY / DRIVE AWAY,,,,"OVER $1,500",11/17/2021 8:25,IMPROPER BACKING,IMPROPER BACKING,1769,W,LUNT AVE,2424,,,,,,,2,NO INDICATION OF INJURY,0,0,0,0,0,1,0,8,4,11,42.0088584,-87.67494878,POINT (-87.674948780253 42.008858401518)
490bf749809c36407b6a19b2eb2d73a64a00644492a9eaac893562906df81018d182a637e36f6d81c82c366aac30484ee8f2741d054636197cc495ab9deee402,JE380595,,9/20/2021 10:49,35,NO CONTROLS,NO CONTROLS,CLEAR,DAYLIGHT,PARKED MOTOR VEHICLE,OTHER,,STRAIGHT AND LEVEL,DRY,NO DEFECTS,ON SCENE,NO INJURY / DRIVE AWAY,,,N,"OVER $1,500",9/20/2021 10:50,UNABLE TO DETERMINE,UNABLE TO DETERMINE,1250,W,LOYOLA AVE,2432,,,,,,,2,,,,,,,,,10,2,9,42.00150933,-87.66283912,POINT (-87.662839121927 42.001509333549)
47875b413f9a3d1948ad8903b1eae2bf73209dd5ca76e315be53125f9164d02eaca074b2bdca08617683c1a17b00ae5b5f380ce919d0084913e13143bd7e317a,JC106006,,1/5/2019 17:44,35,NO CONTROLS,NO CONTROLS,CLEAR,DARKNESS,ANGLE,PARKING LOT,,STRAIGHT AND LEVEL,DRY,NO DEFECTS,ON SCENE,NO INJURY / DRIVE AWAY,,Y,,"$501 - $1,500",1/5/2019 17:55,NOT APPLICABLE,NOT APPLICABLE,210,W,103RD ST,511,,,,,,,2,NO INDICATION OF INJURY,0,0,0,0,0,3,0,17,7,1,41.70720612,-87.628815,POINT (-87.628815002368 41.707206116169)
489e0d4ca26ad2f35043f810c1f0242632a12d7465d027fee9bd94c8caf3d52d168ed6d3f2077eb042839aa5a5cb0e786e828d0f45de51fcf4766e2b16c21f7f,JC269937,,5/19/2019 18:13,30,NO CONTROLS,NO CONTROLS,CLEAR,DAYLIGHT,OTHER OBJECT,NOT DIVIDED,,"CURVE, LEVEL",DRY,NO DEFECTS,ON SCENE,INJURY AND / OR TOW DUE TO CRASH,,,Y,"OVER $1,500",5/19/2019 18:14,UNABLE TO DETERMINE,NOT APPLICABLE,10499,S,ELIZABETH ST,2232,,,,,,,1,NO INDICATION OF INJURY,0,0,0,0,0,1,0,18,1,5,41.70328218,-87.65341798,POINT (-87.653417981481 41.703282175286)
48d86d97c007a9048dcce9ab3bde7422ca882c84a3a703cccf5192777eed8a0491215ad62f1810e6725fccc48c8154c4fcc362986937cc534bd2d23c19304b25,JE231293,,5/15/2021 16:00,25,NO CONTROLS,NO CONTROLS,RAIN,DAYLIGHT,PARKED MOTOR VEHICLE,OTHER,,STRAIGHT AND LEVEL,WET,NO DEFECTS,ON SCENE,NO INJURY / DRIVE AWAY,,,Y,"OVER $1,500",5/15/2021 18:28,UNABLE TO DETERMINE,UNABLE TO DETERMINE,317,E,51ST ST,231,,,,,,,2,NO INDICATION OF INJURY,0,0,0,0,0,1,0,16,7,5,41.80195465,-87.61868296,POINT (-87.618682957422 41.801954646548)
4942d28553c6f62d188a7034352b91427dcc429000fc537d327e45e6c021467f63c3000467d67815e9a18356919e12bf174a25eb1767e81a63520fa83cfc74d5,JB546017,,12/9/2018 8:40,25,NO CONTROLS,NO CONTROLS,CLEAR,DAYLIGHT,PARKED MOTOR VEHICLE,ONE-WAY,,STRAIGHT AND LEVEL,DRY,NO DEFECTS,ON SCENE,NO INJURY / DRIVE AWAY,,,,"OVER $1,500",12/9/2018 9:25,UNABLE TO DETERMINE,UNABLE TO DETERMINE,5734,N,CAMPBELL AVE,2011,,,,,,,2,NO INDICATION OF INJURY,0,0,0,0,0,1,0,8,1,12,41.98602594,-87.69211021,POINT (-87.692110214384 41.986025940251)
493af341b6f43a5a484106a3b609978a3ce8fd19431c7785d3810eb9208534d88912c4af7bef77b7bb666bd94c69c4f418eb12104bfd0f687eaa04481429b93c,JC144206,,2/7/2019 20:10,30,NO CONTROLS,NO CONTROLS,OTHER,DARKNESS,OTHER OBJECT,ONE-WAY,1,STRAIGHT AND LEVEL,DRY,NO DEFECTS,ON SCENE,NO INJURY / DRIVE AWAY,,,,"OVER $1,500",2/7/2019 20:58,WEATHER,NOT APPLICABLE,4825,W,SCHOOL ST,1634,,,,,,,2,,,,,,,,,20,5,2,41.94052761,-87.74796049,POINT (-87.747960490937 41.940527605588)
47f76ceab68e4e4a5f4f8058c5101fc81c34c44b14d06b0b15dc381115e2f4c1d209cd85efe7a01aa8f7ebf7af13d4bae3707ad877cfa5d0841d3b7bbdc9f6f4,JC461984,,10/6/2019 9:30,20,NO CONTROLS,NO CONTROLS,CLEAR,DAYLIGHT,PARKED MOTOR VEHICLE,PARKING LOT,,STRAIGHT AND LEVEL,DRY,NO DEFECTS,ON SCENE,NO INJURY / DRIVE AWAY,,,Y,"OVER $1,500",10/6/2019 10:00,UNABLE TO DETERMINE,NOT APPLICABLE,2526,W,21ST PL,1023,,,,,,,2,NO INDICATION OF INJURY,0,0,0,0,0,1,0,9,1,10,,,
49dcafa7dcf211b99f1ffbff381374830abe4c147f96e870c7e3f3bd42f0d43f16c16c617c499c9ee9bf5589e8b498f54c23eb5e0e06b01daa92a8fb1a03c28a,JF130719,,2/1/2022 10:10,30,NO CONTROLS,NO CONTROLS,CLEAR,DAYLIGHT,FIXED OBJECT,RAMP,,STRAIGHT AND LEVEL,DRY,NO DEFECTS,ON SCENE,NO INJURY / DRIVE AWAY,,Y,,"$501 - $1,500",2/1/2022 11:15,UNABLE TO DETERMINE,UNABLE TO DETERMINE,1420,W,HUBBARD ST,1215,,,,,,,1,NO INDICATION OF INJURY,0,0,0,0,0,1,0,10,3,2,41.89005474,-87.66310241,POINT (-87.663102404761 41.890054741065)
46d472a734e344958c815d15e44b7bbaca35bdbe6f0114814eac520a084301e9df7f473a857ac91e68e2f3efffec55535cb7b92bb4516ebcc40d70da183c1bf5,JC447613,,9/23/2019 8:00,10,NO CONTROLS,NO CONTROLS,CLEAR,DAYLIGHT,ANGLE,ALLEY,,STRAIGHT AND LEVEL,DRY,NO DEFECTS,NOT ON SCENE (DESK REPORT),NO INJURY / DRIVE AWAY,,,,"OVER $1,500",9/25/2019 9:56,UNABLE TO DETERMINE,NOT APPLICABLE,1140,N,MONTICELLO AVE,1112,,,,,,,2,NO INDICATION OF INJURY,0,0,0,0,0,2,0,8,2,9,41.90214071,-87.71790632,POINT (-87.717906321578 41.902140705887)
4743d3d994a01d8f90e09fcb9344c46e7d681f12688dcdff7825e4c5f5984f1f2a400d92a6e185be31de7c6c50cecfb027c1e1dcdc3531425b04da4952e27f84,JB282716,,5/28/2018 19:40,30,UNKNOWN,UNKNOWN,CLEAR,DAYLIGHT,ANGLE,PARKING LOT,,STRAIGHT AND LEVEL,DRY,UNKNOWN,NOT ON SCENE (DESK REPORT),NO INJURY / DRIVE AWAY,,,Y,"$501 - $1,500",5/28/2018 19:55,UNABLE TO DETERMINE,NOT APPLICABLE,2600,N,NARRAGANSETT AVE,2512,,,,,,,2,NO INDICATION OF INJURY,0,0,0,0,0,2,0,19,2,5,41.92742709,-87.78573363,POINT (-87.785733627742 41.927427092188)
47b9c5985ff70893344821c7f1eaf5102ce5da387ac0c1502affcdd936c7da7757e18bdb4fb6669379ad68f834b73eed18d9fff254ad6353b862bf93d0241904,JF111429,,1/13/2022 10:15,20,NO CONTROLS,NO CONTROLS,CLEAR,DAYLIGHT,ANGLE,ONE-WAY,,STRAIGHT AND LEVEL,DRY,NO DEFECTS,NOT ON SCENE (DESK REPORT),NO INJURY / DRIVE AWAY,,,,"OVER $1,500",1/13/2022 11:28,UNABLE TO DETERMINE,NOT APPLICABLE,6900,S,PERRY AVE,731,,,,,,,2,NO INDICATION OF INJURY,0,0,0,0,0,3,0,10,5,1,41.76900803,-87.62840862,POINT (-87.628408617852 41.769008031113)
4812d65f658ed894710c982904782ad0da18ddfe8c8b0eaaa96847c8bf8d8ac88db9bcb28025bf3a8afbae370792c2ff196a402c2804858b8c1910f600b235e7,JB142117,,2/5/2018 14:40,30,NO CONTROLS,NO CONTROLS,CLEAR,DAYLIGHT,SIDESWIPE SAME DIRECTION,OTHER,,STRAIGHT AND LEVEL,WET,NO DEFECTS,ON SCENE,NO INJURY / DRIVE AWAY,,,,"OVER $1,500",2/5/2018 15:05,UNABLE TO DETERMINE,NOT APPLICABLE,640,E,103RD ST,511,,,,,,,2,NO INDICATION OF INJURY,0,0,0,0,0,2,0,14,2,2,41.70752253,-87.60745304,POINT (-87.6074530389 41.707522528386)
49de5b8c8e905baf7d34cfda19202362eeac88b39248fe0f578127839aa60c3ed508a5e8ee129b568cf5ca0049271ace8db7fe906427df305712ad4dfb045874,JC105852,,1/5/2019 15:00,30,UNKNOWN,UNKNOWN,CLEAR,DAYLIGHT,ANGLE,PARKING LOT,,STRAIGHT AND LEVEL,DRY,UNKNOWN,ON SCENE,NO INJURY / DRIVE AWAY,,,,"OVER $1,500",1/5/2019 15:15,NOT APPLICABLE,NOT APPLICABLE,11400,S,HALSTED ST,2234,,,,,,,2,NO INDICATION OF INJURY,0,0,0,0,0,2,0,15,7,1,41.68680945,-87.64235209,POINT (-87.642352094016 41.686809445343)
476dcc159ac2f152028cf9c28558f2606084a25c7db87bc1f03b5f0c5819af1d74400caa85dd873705cbafa51e6be5d0564ffdfedad5f1bf4416fc0eb4391669,JD106127,,1/6/2020 13:00,25,NO CONTROLS,NO CONTROLS,CLEAR,DAYLIGHT,FIXED OBJECT,NOT DIVIDED,,STRAIGHT AND LEVEL,DRY,NO DEFECTS,ON SCENE,NO INJURY / DRIVE AWAY,,Y,,"OVER $1,500",1/6/2020 13:15,UNABLE TO DETERMINE,NOT APPLICABLE,2720,S,PRINCETON AVE,914,,,,,,,1,NO INDICATION OF INJURY,0,0,0,0,0,1,0,13,2,1,41.84337173,-87.63438014,POINT (-87.634380135614 41.84337173283)
4990ac5ea4ea2ba6511c52b944855e675d24325143e9b93680947144b0a2cbdc1f36a565ceb344c3644f12ca35c8b26e06c2ca872e5c3f91724f5410c73178a1,JA424782,,9/9/2017 12:00,30,NO CONTROLS,NO CONTROLS,CLEAR,DAYLIGHT,PARKED MOTOR VEHICLE,ONE-WAY,1,STRAIGHT AND LEVEL,DRY,NO DEFECTS,ON SCENE,INJURY AND / OR TOW DUE TO CRASH,,,Y,"OVER $1,500",9/9/2017 12:15,UNABLE TO DETERMINE,UNABLE TO DETERMINE,5024,W,QUINCY ST,1533,,,,,,,2,,,,,,,,,12,7,9,41.87773488,-87.75043641,POINT (-87.750436409512 41.877734879027)
4753677dbfa3dec49d70acb8b51d43460c12a009d8d6ef5d54b9d87826010140df88a63083fe4ba3dde2cc76b4bfa24c1a20ea5872772793ab19c75d47580738,JC292758,,6/5/2019 7:35,30,NO CONTROLS,NO CONTROLS,CLEAR,DAYLIGHT,ANGLE,NOT DIVIDED,,STRAIGHT AND LEVEL,WET,NO DEFECTS,ON SCENE,INJURY AND / OR TOW DUE TO CRASH,Y,,,"OVER $1,500",6/5/2019 7:38,NOT APPLICABLE,NOT APPLICABLE,6600,W,HIGGINS AVE,1613,,,,,,,3,NO INDICATION OF INJURY,0,0,0,0,0,3,0,7,4,6,41.97796416,-87.79267746,POINT (-87.792677463665 41.977964161292)
4ca8206318c772d52775e9d91e95a5332b3832269d83d93710ef7605bf8cfbfb6ee2b6a2133e6317df8dc672f96e98eea171ea6c8d40abf64668f5e0587470f9,JA383053,,8/8/2017 18:30,30,UNKNOWN,UNKNOWN,CLEAR,DAYLIGHT,REAR END,UNKNOWN,,STRAIGHT AND LEVEL,DRY,UNKNOWN,NOT ON SCENE (DESK REPORT),NO INJURY / DRIVE AWAY,,,,"$501 - $1,500",8/8/2017 18:40,FOLLOWING TOO CLOSELY,FOLLOWING TOO CLOSELY,5733,W,DIVERSEY AVE,2514,,,,,,,2,NO INDICATION OF INJURY,0,0,0,0,0,2,0,18,3,8,41.93111419,-87.77002687,POINT (-87.770026869159 41.931114186174)
49e5c16c83832a215ee767c683b953163948b3dbb4cc81c12567521e3ced055bbc2bd8f0109deb4da113381cc68ad7777cb9bfd288e201227ee51a64cf5a4b82,JB543767,,12/7/2018 13:18,15,NO CONTROLS,NO CONTROLS,CLEAR,DAYLIGHT,FIXED OBJECT,ALLEY,,STRAIGHT AND LEVEL,DRY,NO DEFECTS,ON SCENE,NO INJURY / DRIVE AWAY,,Y,,$500 OR LESS,12/7/2018 13:32,NOT APPLICABLE,NOT APPLICABLE,5816,S,BISHOP ST,713,,Y,,,,,1,NO INDICATION OF INJURY,0,0,0,0,0,1,0,13,6,12,41.78808536,-87.66093694,POINT (-87.660936936574 41.788085364183)
4d2e700733c1a6f17aacb4ea6f4c8bac48ece9b814377cade9d56f5f8c0209b337af2fd78ba3340797de06b484c51d124a119046575ec6aa5eaf388a3fee17fe,JE444749,,11/14/2021 10:10,25,NO CONTROLS,NO CONTROLS,RAIN,DAYLIGHT,FIXED OBJECT,DIVIDED - W/MEDIAN BARRIER,,"CURVE, LEVEL",WET,NO DEFECTS,ON SCENE,NO INJURY / DRIVE AWAY,,,,"OVER $1,500",11/14/2021 10:15,WEATHER,NOT APPLICABLE,1000,N,LAKE SHORE DR NB,1824,,,,,,,1,NO INDICATION OF INJURY,0,0,0,0,0,2,0,10,1,11,41.90095892,-87.61992817,POINT (-87.619928173678 41.900958919109)
4cdb76aac3d3d318e7fe6a80de12490548767a24740e5eb94a5d94bbe00b0a5bd95f4a7faf3f2ea9f44b6592eb38523d6e425cfa14bc4fbb5ea80cb8d9afeca1,JF193799,,4/1/2022 14:35,20,NO CONTROLS,NO CONTROLS,CLEAR,DAYLIGHT,PARKED MOTOR VEHICLE,PARKING LOT,,STRAIGHT AND LEVEL,DRY,NO DEFECTS,ON SCENE,NO INJURY / DRIVE AWAY,,,,$500 OR LESS,4/1/2022 14:36,NOT APPLICABLE,NOT APPLICABLE,2000,W,43RD ST,924,,,,,,,2,NO INDICATION OF INJURY,0,0,0,0,0,3,0,14,6,4,41.8158991,-87.6748263,POINT (-87.674826301892 41.815899098328)
4a19d58c0957f953a235b9434518cf8d4148e875d316476a48975a071ceee8099b25f4881f85e3cb8f8be4ea64a0909a03775416662fc1e7132c44d0789f28dd,JD396962,,10/12/2020 13:07,30,NO CONTROLS,NO CONTROLS,RAIN,DAYLIGHT,FIXED OBJECT,NOT DIVIDED,,STRAIGHT AND LEVEL,WET,NO DEFECTS,ON SCENE,INJURY AND / OR TOW DUE TO CRASH,,Y,,"OVER $1,500",10/12/2020 13:07,UNABLE TO DETERMINE,WEATHER,1238,W,71ST ST,734,,,,,,,1,NO INDICATION OF INJURY,0,0,0,0,0,1,0,13,2,10,41.76513912,-87.655643,POINT (-87.65564300277 41.765139123559)
49fe3eeb3ec335112c41eb6feb33b35a7e9a84787fa2ec92ae292bc5ced0cb63aabb4ff37121222c3abb8258c66e0cc03690d76f30545fddfc0f5b9612891664,JA467262,,10/11/2017 13:20,30,NO CONTROLS,NO CONTROLS,RAIN,DAYLIGHT,PARKED MOTOR VEHICLE,OTHER,2,STRAIGHT AND LEVEL,WET,NO DEFECTS,ON SCENE,NO INJURY / DRIVE AWAY,,,Y,"OVER $1,500",10/11/2017 14:30,IMPROPER BACKING,IMPROPER BACKING,3138,N,BROADWAY,1934,,,,,,,2,NO INDICATION OF INJURY,0,0,0,0,0,1,0,13,4,10,41.93884697,-87.64450523,POINT (-87.644505229808 41.938846966225)
49fa2570afa1ac3928760447ec988c5a8375f6f47170c8c1433adaeedaa2e281684d05cfd8be50cddc5131cb5abf72a4898a575e37f3f0b0885809b93535bcca,JD181493,,3/11/2020 0:25,35,TRAFFIC SIGNAL,FUNCTIONING PROPERLY,CLEAR,"DARKNESS, LIGHTED ROAD",REAR END,DIVIDED - W/MEDIAN BARRIER,,STRAIGHT AND LEVEL,DRY,NO DEFECTS,ON SCENE,INJURY AND / OR TOW DUE TO CRASH,,,,$500 OR LESS,3/11/2020 0:30,DISTRACTION - FROM INSIDE VEHICLE,DRIVING SKILLS/KNOWLEDGE/EXPERIENCE,170,N,BESSIE COLEMAN DR,1654,,,,,,,2,"REPORTED, NOT EVIDENT",1,0,0,0,1,4,0,0,4,3,,,
4b72d1b7a604fda325f710c5973112030ea5c65edf8f8ea448073763d0afd51953b00e612aa37d793c9ecc951d2af8875d97da0863d571a56a342f54deef8164,JD341321,,8/22/2020 13:10,10,NO CONTROLS,NO CONTROLS,CLEAR,DAYLIGHT,REAR TO SIDE,PARKING LOT,,STRAIGHT AND LEVEL,DRY,NO DEFECTS,NOT ON SCENE (DESK REPORT),NO INJURY / DRIVE AWAY,,,,"OVER $1,500",8/22/2020 13:40,IMPROPER BACKING,NOT APPLICABLE,1615,S,CLARK ST,131,,,,,,,2,NO INDICATION OF INJURY,0,0,0,0,0,2,0,13,7,8,41.85962968,-87.6301249,POINT (-87.630124899277 41.859629677313)
49f9879148e5e45010128a1312e8a754b9aba8dbd5c2928b9045edba2d7e3e4f905a1f0dced001dce5beed14409dea076c4fe34863fd4265864311e4e68f40ff,JE346295,,8/22/2021 14:53,10,NO CONTROLS,NO CONTROLS,CLEAR,DAYLIGHT,REAR TO FRONT,OTHER,,STRAIGHT AND LEVEL,DRY,NO DEFECTS,ON SCENE,NO INJURY / DRIVE AWAY,,Y,,"OVER $1,500",8/22/2021 14:54,IMPROPER BACKING,NOT APPLICABLE,8500,W,BRYN MAWR AVE,1614,,,,,,,2,NO INDICATION OF INJURY,0,0,0,0,0,2,0,14,1,8,41.98118073,-87.83916756,POINT (-87.839167557705 41.981180724878)
4a5f57032758233b0e51d3a4c0da27079921943c801214a7dc2083ff1356c25f5f3e7e1fb8040deaa92d1cf8a08f6f1b26f12187b4ae8c4b01e058ed60eb5d4b,JB234971,,4/23/2018 15:30,30,NO CONTROLS,NO CONTROLS,CLEAR,DAYLIGHT,HEAD ON,NOT DIVIDED,2,STRAIGHT AND LEVEL,DRY,NO DEFECTS,ON SCENE,NO INJURY / DRIVE AWAY,,,,"OVER $1,500",4/23/2018 15:36,IMPROPER BACKING,NOT APPLICABLE,1460,N,HALSTED ST,1822,,,,,,,2,NO INDICATION OF INJURY,0,0,0,0,0,3,0,15,2,4,41.90816932,-87.64834802,POINT (-87.648348020104 41.908169320053)
4d05dd1a426abafd4030867493eae01d7cb86c9924c8012a57d1191a9aeed89784fb79637e2f81201e4a0975db4615fe5cb64fe1b2b331d7383609a5b89d1280,JE318873,,7/29/2021 17:00,30,OTHER,UNKNOWN,CLEAR,DAYLIGHT,FIXED OBJECT,NOT DIVIDED,,STRAIGHT AND LEVEL,DRY,NO DEFECTS,ON SCENE,NO INJURY / DRIVE AWAY,,,,$500 OR LESS,7/29/2021 17:19,UNABLE TO DETERMINE,UNABLE TO DETERMINE,4300,W,LAKE ST,1114,,Y,,,,,1,NO INDICATION OF INJURY,0,0,0,0,0,1,0,17,5,7,41.88600052,-87.73329708,POINT (-87.733297077936 41.886000524343)
4c0e2ff09d323b364f7437d8d32a627c88cba44a5f4b3a0f300da2f7f5a69524fd34fb77816339435d4964af5d49a66e2c8bef2f4101be88cfeb2f1a3e054580,JF119578,,1/21/2022 8:54,35,NO CONTROLS,NO CONTROLS,CLEAR,DAYLIGHT,REAR TO SIDE,PARKING LOT,,STRAIGHT AND LEVEL,DRY,NO DEFECTS,ON SCENE,NO INJURY / DRIVE AWAY,,,,"OVER $1,500",1/21/2022 9:11,UNABLE TO DETERMINE,UNABLE TO DETERMINE,4645,W,DIVERSEY AVE,2521,,,,,,,2,NO INDICATION OF INJURY,0,0,0,0,0,2,0,8,6,1,41.93146094,-87.74371731,POINT (-87.743717307031 41.931460938215)
4c1fe5902f798927d8af54a8e33f5ea9e4ba901c9ba91d77d694f01c07a9b132d76269b4588d0cc35b481e861a7e5008276a58afd7fc9a52b4dd639695d91c0b,JE178462,,3/25/2021 11:45,30,NO CONTROLS,NO CONTROLS,CLEAR,DAYLIGHT,TURNING,NOT DIVIDED,,STRAIGHT AND LEVEL,DRY,NO DEFECTS,ON SCENE,NO INJURY / DRIVE AWAY,,,Y,"$501 - $1,500",3/25/2021 14:30,UNABLE TO DETERMINE,UNABLE TO DETERMINE,1951,E,95TH ST,431,,,,,,,2,NO INDICATION OF INJURY,0,0,0,0,0,2,0,11,5,3,41.72235445,-87.57577806,POINT (-87.575778064147 41.722354448293)
4a0827b3e68f889c4b57f9cd8e1d2ecabc35a52d29e19e23cca3717ca31bf84d29119fd9cebeb35ae2bbca2b7ef59dddb30e9703ebb24c64fe311de8720c4163,JC381667,,8/6/2019 19:18,40,NO CONTROLS,NO CONTROLS,CLEAR,DAYLIGHT,REAR END,NOT DIVIDED,,STRAIGHT AND LEVEL,DRY,UNKNOWN,NOT ON SCENE (DESK REPORT),NO INJURY / DRIVE AWAY,,,,"$501 - $1,500",8/6/2019 20:20,FOLLOWING TOO CLOSELY,UNABLE TO DETERMINE,6250,S,LAKE SHORE DR,331,,,,,,,2,NO INDICATION OF INJURY,0,0,0,0,0,2,0,19,3,8,,,
4c96bc33b8406c091c3267d4f97c3a6949a804b0fa994d347def58f3ca1ca672f8666e243e58b9e6ed4d853472e5f16af2bd10de1bff6ab2588393d920dad9cc,JB474353,,10/13/2018 17:50,30,NO CONTROLS,NO CONTROLS,CLEAR,DUSK,PARKED MOTOR VEHICLE,PARKING LOT,,STRAIGHT AND LEVEL,DRY,NO DEFECTS,ON SCENE,NO INJURY / DRIVE AWAY,,,,$500 OR LESS,10/13/2018 17:52,IMPROPER BACKING,NOT APPLICABLE,4809,N,BROADWAY,2033,,,,,,,2,NO INDICATION OF INJURY,0,0,0,0,0,1,0,17,7,10,41.96931852,-87.65953134,POINT (-87.65953134166 41.969318519481)
4c5a074e5edccd05970972424830b941c47b30fc358ef9ceb50d4e9c7b8ab73ed9ae7d344b606a1e19f8404b05f8e97d1f5996a248b527b692eb3b8b9e90f2d2,JE146771,,2/20/2021 9:45,10,NO CONTROLS,NO CONTROLS,SNOW,DAYLIGHT,FIXED OBJECT,ALLEY,,STRAIGHT AND LEVEL,SNOW OR SLUSH,OTHER,ON SCENE,NO INJURY / DRIVE AWAY,,Y,,$500 OR LESS,2/20/2021 9:47,WEATHER,UNABLE TO DETERMINE,2231,W,BELDEN AVE,1432,,,,,,,1,NO INDICATION OF INJURY,0,0,0,0,0,1,0,9,7,2,41.92331272,-87.68396993,POINT (-87.683969925611 41.923312714661)
4c656187afcdd8002dbec8f1b4f0ffce4a330430fa20d0c8ac805a103596d390a6019822916e90153a74fa29b9a8d3652e15a93f6290501bf69f59600b03994f,JD320520,,8/4/2020 12:55,30,STOP SIGN/FLASHER,NO CONTROLS,CLEAR,DAYLIGHT,ANGLE,ONE-WAY,,STRAIGHT AND LEVEL,DRY,NO DEFECTS,ON SCENE,NO INJURY / DRIVE AWAY,Y,,Y,"$501 - $1,500",8/4/2020 12:57,UNABLE TO DETERMINE,NOT APPLICABLE,900,N,CENTRAL PARK AVE,1112,,,,,,,2,NO INDICATION OF INJURY,0,0,0,0,0,2,0,12,3,8,41.89737324,-87.716523,POINT (-87.71652299698 41.897373235662)
4a6d3199e90e4e8cf074b25cf8287805d640aeb936c4be540d658204cea66f1f50691dc5326aa28a08d9fa8a5970a012acdbce3e483a0e9b6cc40dd366c465f3,JE165688,,3/8/2021 9:52,10,UNKNOWN,UNKNOWN,CLEAR,DAYLIGHT,PARKED MOTOR VEHICLE,PARKING LOT,,CURVE ON GRADE,UNKNOWN,UNKNOWN,,NO INJURY / DRIVE AWAY,,Y,,"OVER $1,500",3/11/2021 10:00,UNABLE TO DETERMINE,UNABLE TO DETERMINE,1445,E,98TH PL,511,Y,,,,,,2,NO INDICATION OF INJURY,0,0,0,0,0,2,0,9,2,3,41.71574766,-87.58917207,POINT (-87.589172074408 41.715747658711)
a168e6bcf654afa3454aa7d0eea61f481ffac35d4313ece75ae238717f23498382679f2c1752396e74edcb0784ea60d6ed58afec5c73630b4891177dc6e08bf8,JA321198,,6/24/2017 1:00,30,NO CONTROLS,NO CONTROLS,CLEAR,DUSK,REAR END,NOT DIVIDED,,STRAIGHT AND LEVEL,DRY,NO DEFECTS,NOT ON SCENE (DESK REPORT),NO INJURY / DRIVE AWAY,,,,"OVER $1,500",6/24/2017 19:23,NOT APPLICABLE,NOT APPLICABLE,5131,S,ARCHER AVE,815,,,,,,,2,NO INDICATION OF INJURY,0,0,0,0,0,4,0,1,7,6,41.8004374,-87.73086479,POINT (-87.730864794019 41.800437403427)
4b479c33141263a0ce28bf633c21c24f2798ea287054863c78833a1418174164d34b742e66193f61715e75c656e4f2745417ac01ee4e2ccaca9b698868f31a9c,JB214887,,4/7/2018 12:09,30,UNKNOWN,UNKNOWN,CLEAR,DAYLIGHT,REAR END,NOT DIVIDED,,STRAIGHT AND LEVEL,DRY,UNKNOWN,,NO INJURY / DRIVE AWAY,,,,"OVER $1,500",4/7/2018 13:09,FOLLOWING TOO CLOSELY,NOT APPLICABLE,4801,W,DIVISION ST,1531,,,,,,,3,NO INDICATION OF INJURY,0,0,0,0,0,3,0,12,7,4,41.90224105,-87.74609796,POINT (-87.746097960898 41.902241046446)