CRASH_RECORD_ID,RD_NO,CRASH_DATE_EST_I,CRASH_DATE,POSTED_SPEED_LIMIT,TRAFFIC_CONTROL_DEVICE,DEVICE_CONDITION,WEATHER_CONDITION,LIGHTING_CONDITION,FIRST_CRASH_TYPE,TRAFFICWAY_TYPE,LANE_CNT,ALIGNMENT,ROADWAY_SURFACE_COND,ROAD_DEFECT,REPORT_TYPE,CRASH_TYPE,INTERSECTION_RELATED_I,NOT_RIGHT_OF_WAY_I,HIT_AND_RUN_I,DAMAGE,DATE_POLICE_NOTIFIED,PRIM_CONTRIBUTORY_CAUSE,SEC_CONTRIBUTORY_CAUSE,STREET_NO,STREET_DIRECTION,STREET_NAME,BEAT_OF_OCCURRENCE,PHOTOS_TAKEN_I,STATEMENTS_TAKEN_I,DOORING_I,WORK_ZONE_I,WORK_ZONE_TYPE,WORKERS_PRESENT_I,NUM_UNITS,MOST_SEVERE_INJURY,INJURIES_TOTAL,INJURIES_FATAL,INJURIES_INCAPACITATING,INJURIES_NON_INCAPACITATING,INJURIES_REPORTED_NOT_EVIDENT,INJURIES_NO_INDICATION,INJURIES_UNKNOWN,CRASH_HOUR,CRASH_DAY_OF_WEEK,CRASH_MONTH,LATITUDE,LONGITUDE,LOCATION
4cbba17efb4f7e3c7af2d18ba2e903c041c0e6c2649dc56cd3df07422b09da1ce6282474607c68be906cd3b3a68028f99bda179ed9403f4a1e34589420e896b3,JC299816,,6/10/2019 6:50,30,NO CONTROLS,NO CONTROLS,CLOUDY/OVERCAST,DAYLIGHT,REAR END,ONE-WAY,,STRAIGHT AND LEVEL,DRY,NO DEFECTS,ON SCENE,INJURY AND / OR TOW DUE TO CRASH,,,,"OVER $1,500",6/10/2019 6:51,UNABLE TO DETERMINE,UNABLE TO DETERMINE,10,W,I190 EXPY,1654,,,,,,,2,NO INDICATION OF INJURY,0,0,0,0,0,2,0,6,2,6,,,
4a6bb46165a4dc0638c5f031b5a96284d83fb28ca045dbda56b3d826998b53b4a64dcb0dbf4b5e81e807b99120cfc9574dd5ddc93822e88248badeb4a9277f75,JC410956,,8/28/2019 16:00,30,NO CONTROLS,NO CONTROLS,CLEAR,DAYLIGHT,REAR END,ONE-WAY,,STRAIGHT AND LEVEL,DRY,NO DEFECTS,NOT ON SCENE (DESK REPORT),NO INJURY / DRIVE AWAY,,,,"OVER $1,500",8/28/2019 16:30,IMPROPER BACKING,UNABLE TO DETERMINE,8341,S,SANGAMON ST,613,,,,,,,2,NO INDICATION OF INJURY,0,0,0,0,0,2,0,16,4,8,41.74208031,-87.64734458,POINT (-87.647344576194 41.742080309271)
49f89eaa37609c342315706395475a398e2bab4b49b3ec4907652a17830787a4369877295e51f701beacd1e3bf161753f3f62b224ecf547c2dd876d0dfee0bc8,JE197399,,4/12/2021 16:06,15,UNKNOWN,UNKNOWN,CLEAR,DAYLIGHT,PEDESTRIAN,PARKING LOT,,STRAIGHT AND LEVEL,DRY,UNKNOWN,ON SCENE,INJURY AND / OR TOW DUE TO CRASH,,Y,,$500 OR LESS,4/12/2021 16:06,UNABLE TO DETERMINE,UNABLE TO DETERMINE,4626,W,DIVERSEY AVE,2521,,,,,,,2,"REPORTED, NOT EVIDENT",1,0,0,0,1,1,0,16,2,4,41.93168892,-87.74301695,POINT (-87.743016946831 41.931688919351)
4cb1b1c307b72290c9d222e936486f2c0ae442ba4fc85820f28448b01fcf89aad521792908a1d7e3d93f87ee46711d7c414c3a1e1a1004bfc78058cb85abe37f,JC229656,,4/18/2019 20:05,15,NO CONTROLS,NO CONTROLS,CLEAR,DARKNESS,REAR END,NOT DIVIDED,,STRAIGHT AND LEVEL,DRY,UNKNOWN,ON SCENE,INJURY AND / OR TOW DUE TO CRASH,,,,"OVER $1,500",4/18/2019 20:16,NOT APPLICABLE,NOT APPLICABLE,55,N,CENTRAL AVE,1522,,Y,,,,,3,NONINCAPACITATING INJURY,1,0,0,1,0,3,0,20,5,4,41.88191459,-87.76476569,POINT (-87.764765691373 41.88191459083)
4b1d3aabb6d72317a731adc35050321c6c6681118789bba230db7ffc229a6d6bb11fd8eb5a14961e576fdb1e35007546a41f92a653fe42fb7b13b943f47258c5,JB361329,,7/23/2018 8:32,30,NO CONTROLS,NO CONTROLS,CLEAR,DAYLIGHT,ANGLE,ONE-WAY,1,STRAIGHT AND LEVEL,DRY,NO DEFECTS,,NO INJURY / DRIVE AWAY,,,,$500 OR LESS,7/23/2018 8:32,IMPROPER BACKING,PHYSICAL CONDITION OF DRIVER,8600,W,GREGORY ST,1614,,,,,,,2,NO INDICATION OF INJURY,0,0,0,0,0,1,0,8,2,7,41.98020843,-87.84163973,POINT (-87.841639730266 41.98020843106)
4b6d799242be162757ea32259da03c0cb1527ddb75a93dbec8ea22eab5f8d990eabbee3faf1c3efe489b7b0af7f2e3bb4d63179d4a78d843005654afc5840789,JD317838,,8/1/2020 20:13,15,NO CONTROLS,NO CONTROLS,CLEAR,"DARKNESS, LIGHTED ROAD",FIXED OBJECT,RAMP,,STRAIGHT AND LEVEL,DRY,NO DEFECTS,ON SCENE,NO INJURY / DRIVE AWAY,,,,"OVER $1,500",8/1/2020 20:15,DRIVING SKILLS/KNOWLEDGE/EXPERIENCE,UNABLE TO DETERMINE,1,W,PARKING LOT C ST,1654,,,,,,,1,NO INDICATION OF INJURY,0,0,0,0,0,1,0,20,7,8,,,
4edeade3774bcdaa8a68d42b171f86ca1a2a6ab417a75c11f126aa9b015847a10f19260586e9b4d4c453467c0db8cddf8b7bae732960de8aa05975aa2c53178e,JE444841,,11/5/2021 15:00,30,NO CONTROLS,NO CONTROLS,CLEAR,DAYLIGHT,ANGLE,NOT DIVIDED,,STRAIGHT AND LEVEL,DRY,UNKNOWN,NOT ON SCENE (DESK REPORT),NO INJURY / DRIVE AWAY,,,,$500 OR LESS,11/14/2021 12:10,UNABLE TO DETERMINE,UNABLE TO DETERMINE,393,E,BALBO DR,114,,,,,,,2,NO INDICATION OF INJURY,0,0,0,0,0,2,0,15,6,11,41.87314468,-87.61747426,POINT (-87.617474263239 41.873144681341)
4f67fadfec603ccac96b2fc7ff840b7f9c379ffae324adbc38a16130bd84acd8b36da4e34d9dc5c95cd57829eb152ab952ca9437241f53745be9745a7ce3c3c7,JC396186,,8/17/2019 12:10,20,NO CONTROLS,NO CONTROLS,RAIN,DAYLIGHT,PARKED MOTOR VEHICLE,ONE-WAY,,STRAIGHT AND LEVEL,WET,NO DEFECTS,ON SCENE,NO INJURY / DRIVE AWAY,,,,"$501 - $1,500",8/17/2019 12:10,NOT APPLICABLE,NOT APPLICABLE,8227,S,VERNON AVE,631,,,,,,,2,NO INDICATION OF INJURY,0,0,0,0,0,1,0,12,7,8,41.7448617,-87.61339296,POINT (-87.613392963153 41.744861703474)
4ffd0602b6bae4e38b6c9b494c334db67e6a180ecccc13e8d466b70a189228979d11e5b61280f54433cab67a05f741c7dac7641fc990467d6aae94df918322c1,JD406553,,10/21/2020 11:00,5,NO CONTROLS,NO CONTROLS,CLEAR,DAYLIGHT,PARKED MOTOR VEHICLE,PARKING LOT,,STRAIGHT AND LEVEL,DRY,NO DEFECTS,ON SCENE,NO INJURY / DRIVE AWAY,,,Y,"OVER $1,500",10/21/2020 16:56,UNABLE TO DETERMINE,UNABLE TO DETERMINE,259,E,ERIE ST,1834,,,,,,,2,NO INDICATION OF INJURY,0,0,0,0,0,1,0,11,4,10,41.89408538,-87.62040431,POINT (-87.620404310022 41.894085380663)
4fd6175184c2fb97fa8013ba6be27ca9b22676a381ae71c568361db640d0acb5c925aaa05ccd36e435cb1b5904d593f49c99f90a288d465702011c08435723b8,JE178514,,3/24/2021 12:30,30,NO CONTROLS,NO CONTROLS,CLEAR,DAYLIGHT,TURNING,RAMP,,STRAIGHT AND LEVEL,DRY,NO DEFECTS,ON SCENE,NO INJURY / DRIVE AWAY,,,,"OVER $1,500",3/24/2021 15:30,NOT APPLICABLE,NOT APPLICABLE,2635,S,WESTERN AVE,1034,,,,,,,2,NO INDICATION OF INJURY,0,0,0,0,0,2,0,12,4,3,41.84371051,-87.68523171,POINT (-87.685231707507 41.84371051304)
503d629fde1467166784a9d4393b82cd099e4a5c7faf5ddec796979c9acd7e4dd5d06b30638a3400fc6b3423afd61d98eef8044127cd7735b4eaf45f44e99480,JC306421,,6/14/2019 17:00,30,YIELD,NO CONTROLS,CLEAR,DAYLIGHT,ANGLE,NOT DIVIDED,,STRAIGHT AND LEVEL,DRY,NO DEFECTS,ON SCENE,NO INJURY / DRIVE AWAY,,,,"OVER $1,500",6/14/2019 17:05,FAILING TO YIELD RIGHT-OF-WAY,NOT APPLICABLE,800,W,27TH ST,913,,,,,,,2,NO INDICATION OF INJURY,0,0,0,0,0,2,0,17,6,6,41.84462113,-87.64649295,POINT (-87.646492954278 41.844621128366)
4dbb84cf7bbc6bb1f523b417ef9da1f8a3e36cad07960f56109d39ec29aa8e4291487649a012b61ac1a9837ca042866d78e9ecfe3fe7efe0d954c00c2fc340ec,JF147078,,2/17/2022 7:54,30,TRAFFIC SIGNAL,FUNCTIONING PROPERLY,CLEAR,DAYLIGHT,TURNING,FOUR WAY,,STRAIGHT AND LEVEL,WET,NO DEFECTS,ON SCENE,NO INJURY / DRIVE AWAY,Y,,Y,"OVER $1,500",2/17/2022 7:58,FAILING TO YIELD RIGHT-OF-WAY,NOT APPLICABLE,500,S,SACRAMENTO BLVD,1134,,,,,,,2,NO INDICATION OF INJURY,0,0,0,0,0,2,0,7,5,2,,,
a7d1771a7d05ded2984a7ba4e8357e9250fd50618a61da4f98bc31d9bdd2eee138f6f51ce29fd12da2536c28c72567fadbdcaecbe99b8c5291fb54f1a4217660,JC502892,,11/8/2019 9:10,30,NO CONTROLS,NO CONTROLS,CLEAR,DAYLIGHT,REAR END,NOT DIVIDED,,STRAIGHT AND LEVEL,DRY,NO DEFECTS,ON SCENE,INJURY AND / OR TOW DUE TO CRASH,,,,"OVER $1,500",11/8/2019 9:16,UNABLE TO DETERMINE,UNABLE TO DETERMINE,1700,E,57TH DR,331,,,,,,,3,NO INDICATION OF INJURY,0,0,0,0,0,4,0,9,6,11,41.79275553,-87.58380402,POINT (-87.583804015692 41.79275553348)
4f7a92774274a7ad40c34e9c8b0e70302ac74088791576b52e2905ba7f037a2b40fc7705e0941099ab7235ba28a0301aa89734e233894d1a3e274e7407cfcb87,JB516825,,11/15/2018 11:30,30,NO CONTROLS,UNKNOWN,SNOW,DAYLIGHT,TURNING,NOT DIVIDED,2,STRAIGHT AND LEVEL,WET,NO DEFECTS,ON SCENE,NO INJURY / DRIVE AWAY,,,Y,$500 OR LESS,11/15/2018 11:43,UNABLE TO DETERMINE,NOT APPLICABLE,3516,E,118TH ST,433,,,,,,,2,NO INDICATION OF INJURY,0,0,0,0,0,2,0,11,5,11,41.68105584,-87.53825068,POINT (-87.538250676397 41.681055835937)
4fe039f90a94f14852de67428264e92af1d251404da32927cc92655872768f3660ace32590f91b76cce2eb3b09b4f0b13adb1ca183880189b64a17120e10b554,JC379208,,8/5/2019 9:00,30,NO CONTROLS,NO CONTROLS,CLEAR,DAYLIGHT,OTHER OBJECT,NOT DIVIDED,,STRAIGHT AND LEVEL,DRY,NO DEFECTS,ON SCENE,NO INJURY / DRIVE AWAY,,,,"OVER $1,500",8/5/2019 9:30,NOT APPLICABLE,NOT APPLICABLE,140,N,STETSON AVE,114,,,,,,,1,NO INDICATION OF INJURY,0,0,0,0,0,1,0,9,2,8,41.88458503,-87.62243386,POINT (-87.622433859529 41.884585028987)
4dbe8ba4864a966110ab733652a05617a5f19f488883dea49e4f5831a2d2e79418598a81d4ec982bcf6193443bfe3faf0efab5cafb983a0cce6d85346068b5d8,JE395707,,10/2/2021 18:12,25,NO CONTROLS,NO CONTROLS,RAIN,DAWN,PARKED MOTOR VEHICLE,ONE-WAY,,STRAIGHT AND LEVEL,WET,NO DEFECTS,ON SCENE,NO INJURY / DRIVE AWAY,,,Y,"OVER $1,500",10/2/2021 18:15,UNABLE TO DETERMINE,UNABLE TO DETERMINE,1725,W,105TH ST,2212,,,,,,,2,NO INDICATION OF INJURY,0,0,0,0,0,1,0,18,7,10,41.7027834,-87.66565261,POINT (-87.665652610747 41.702783398184)
4e1f405122b05137230ca827153887c628dfd6478aa4e307feda114c6ecceca406ac5bd22d1cde1fee89ae6e7d2d0c17ce9312eafe5cad2fbb8b3ca120980a12,JF227877,,5/2/2022 17:18,25,NO CONTROLS,NO CONTROLS,CLEAR,DAYLIGHT,REAR END,FOUR WAY,,STRAIGHT AND LEVEL,DRY,UNKNOWN,ON SCENE,NO INJURY / DRIVE AWAY,,,,"OVER $1,500",5/2/2022 17:21,FOLLOWING TOO CLOSELY,NOT APPLICABLE,4627,N,WESTERN AVE,1911,,,,,,,3,NO INDICATION OF INJURY,0,0,0,0,0,3,0,17,2,5,41.96569716,-87.68866715,POINT (-87.688667154148 41.96569715874)
5049e46e62e879fe3a4b1fae0bbd8e68f860fa590bb8db646da865c3a822507076839f84632876e88d4b70f9922209ead5f3685fe861e15c519ac5c32028a93d,JC564358,,12/27/2019 5:30,20,NO CONTROLS,NO CONTROLS,CLEAR,DAWN,PARKED MOTOR VEHICLE,ONE-WAY,,STRAIGHT AND LEVEL,DRY,NO DEFECTS,ON SCENE,NO INJURY / DRIVE AWAY,,,Y,"OVER $1,500",12/29/2019 16:15,UNABLE TO DETERMINE,NOT APPLICABLE,4421,S,SACRAMENTO AVE,922,,,,,,,2,NO INDICATION OF INJURY,0,0,0,0,0,1,0,5,6,12,41.81300148,-87.69910709,POINT (-87.699107087524 41.813001475798)
4dab10f1c6d3342c8273c0df81ca9383f2315f23327483d47c88de60e3bc2d32d8ada964c4eacd006639c0cc2a1ccd870206a8046596617b4d9fc09d5037a277,JA554204,,12/18/2017 15:25,30,NO CONTROLS,NO CONTROLS,CLEAR,DAYLIGHT,PARKED MOTOR VEHICLE,NOT DIVIDED,,STRAIGHT AND LEVEL,DRY,NO DEFECTS,ON SCENE,NO INJURY / DRIVE AWAY,,,,"$501 - $1,500",12/18/2017 15:25,NOT APPLICABLE,NOT APPLICABLE,2133,W,63RD ST,726,,,,,,,2,NO INDICATION OF INJURY,0,0,0,0,0,1,0,15,2,12,41.77915597,-87.677507,POINT (-87.677506996355 41.779155972829)
4d6c0cff7262378b3ead0aab96b89bfe46187ee15348b8f38c1f468461391b2513ee667ef3c3a0a1f320f173f6d35f1693d985a5187d0ab4cde9086a9e524ff0,JD457267,,12/12/2020 15:50,30,NO CONTROLS,NO CONTROLS,RAIN,DUSK,ANGLE,ONE-WAY,,STRAIGHT AND LEVEL,WET,NO DEFECTS,ON SCENE,NO INJURY / DRIVE AWAY,,,,"$501 - $1,500",12/12/2020 15:53,FAILING TO YIELD RIGHT-OF-WAY,WEATHER,1420,W,FARGO AVE,2422,,,,,,,2,NO INDICATION OF INJURY,0,0,0,0,0,2,0,15,7,12,42.01725905,-87.66630811,POINT (-87.666308108864 42.017259052584)
5097e078a7345317fb93f0f43cf56779e3f91b6192aa5ec91f60676412c4a8825f0c42e2a69b0a71947c1d75b0a50472440915c28e97ccc378e653f4c2dfe9e1,JA481799,,10/22/2017 20:10,30,NO CONTROLS,NO CONTROLS,RAIN,"DARKNESS, LIGHTED ROAD",ANGLE,PARKING LOT,1,STRAIGHT AND LEVEL,WET,NO DEFECTS,ON SCENE,NO INJURY / DRIVE AWAY,,,,"$501 - $1,500",10/22/2017 20:15,IMPROPER BACKING,WEATHER,3407,N,HALSTED ST,1925,,,,,,,2,NO INDICATION OF INJURY,0,0,0,0,0,3,0,20,1,10,41.94385385,-87.6492348,POINT (-87.649234802285 41.943853852218)
4eabef3b2c3c01b4f9a9e66a276f267972b48a3d7ce1bddba354519ccdb28b023f6e439b7371fdd7af015dfc6075319a28b3523b13834c2d44adce5f82215834,JE389378,,9/27/2021 16:00,30,NO CONTROLS,NO CONTROLS,CLEAR,DAYLIGHT,FIXED OBJECT,OTHER,,STRAIGHT AND LEVEL,DRY,NO DEFECTS,ON SCENE,NO INJURY / DRIVE AWAY,,,,"OVER $1,500",9/27/2021 16:32,IMPROPER BACKING,IMPROPER BACKING,101,E,79TH ST,623,,,,,,,1,NO INDICATION OF INJURY,0,0,0,0,0,1,0,16,2,9,41.75089864,-87.62130209,POINT (-87.62130208856 41.750898639229)
4ea50df1c00072b7583027432af41f5a6ae7db477223c1b586b8c058d3a712f3af47dce01c4d7f259b47ba3cb022713719bbdd8450ed1069dae1e8c8145ebe02,JD236102,,5/18/2020 19:43,30,NO CONTROLS,NO CONTROLS,CLEAR,DUSK,REAR END,PARKING LOT,,STRAIGHT AND LEVEL,DRY,NO DEFECTS,ON SCENE,NO INJURY / DRIVE AWAY,,,,"$501 - $1,500",5/18/2020 19:53,IMPROPER BACKING,FAILING TO YIELD RIGHT-OF-WAY,2502,N,CENTRAL AVE,2515,,,,,,,2,NO INDICATION OF INJURY,0,0,0,0,0,3,0,19,2,5,41.92594946,-87.76620674,POINT (-87.76620673512 41.925949463981)
51a00101acd5449bcc17cadd9805d558f3fd12c21c0a4afbd6d51ea7229b12a9adda52dc3a7b9e3792b737337d479b8ed34d269c2e70a32e3cbfd86bdfc5d566,JB409563,,8/25/2018 5:50,30,NO CONTROLS,NO CONTROLS,CLEAR,DAYLIGHT,ANGLE,ALLEY,,STRAIGHT AND LEVEL,DRY,NO DEFECTS,NOT ON SCENE (DESK REPORT),NO INJURY / DRIVE AWAY,,,,"OVER $1,500",8/26/2018 14:12,NOT APPLICABLE,NOT APPLICABLE,5900,S,KOLIN AVE,813,,,,,,,2,NO INDICATION OF INJURY,0,0,0,0,0,2,0,5,7,8,41.78576161,-87.73166573,POINT (-87.7316657263 41.785761607691)
5390e674881a6393a14703383a8a1bd591f79876189f3f7609ce8e5763d755d8112d050fd459fe0e02dbc6ee5444e4fe816ec7504e61a9004de7df3064a1bc73,JD294069,,7/11/2020 16:21,30,NO CONTROLS,NO CONTROLS,CLEAR,DAYLIGHT,REAR TO SIDE,NOT DIVIDED,,STRAIGHT AND LEVEL,DRY,NO DEFECTS,ON SCENE,NO INJURY / DRIVE AWAY,,,Y,"OVER $1,500",7/11/2020 16:23,IMPROPER BACKING,NOT APPLICABLE,6430,S,WOLCOTT AVE,726,,,,,,,2,NO INDICATION OF INJURY,0,0,0,0,0,3,0,16,7,7,41.77667199,-87.67157321,POINT (-87.671573206896 41.776671988335)
5147e843cd1881382e4575fba6313087663f02ac700e26b0485a3cde2a47e292d1fba36131a08f19ae388b20aadebf162cdf3157b316f5f7132aec1f1498450e,JE188465,,4/3/2021 17:15,35,NO CONTROLS,NO CONTROLS,CLEAR,DAYLIGHT,REAR END,NOT DIVIDED,,STRAIGHT AND LEVEL,DRY,NO DEFECTS,ON SCENE,INJURY AND / OR TOW DUE TO CRASH,,,,"OVER $1,500",4/3/2021 17:25,NOT APPLICABLE,NOT APPLICABLE,4722,W,HARRISON ST,1131,,,,,,,2,NO INDICATION OF INJURY,0,0,0,0,0,2,0,17,7,4,41.87329972,-87.74352167,POINT (-87.74352167352 41.873299724066)
51ca2ec1f9ee1e9ce8d4251c4f3c7ad85a3ff9fcdb706082d9ec482d5f19cf4f2f0663d6f44839be10c00b4ae84fa88a7ce050fb81e998c092852c640d8f278d,JF147599,,2/17/2022 15:42,30,TRAFFIC SIGNAL,FUNCTIONING PROPERLY,SNOW,DAYLIGHT,REAR END,ONE-WAY,,STRAIGHT AND LEVEL,SNOW OR SLUSH,NO DEFECTS,ON SCENE,NO INJURY / DRIVE AWAY,Y,,Y,"OVER $1,500",2/17/2022 16:02,FAILING TO REDUCE SPEED TO AVOID CRASH,NOT APPLICABLE,5700,S,WENTWORTH AVE,232,,,,,,,2,NO INDICATION OF INJURY,0,0,0,0,0,2,0,15,5,2,,,
538155b5653ec23c15d68f1400783a04ae48db657a9acecdce30990972321433d7c9cb4934e0cb391b0b68222f79cb5ff3525ae4a906806df0efe1cd2daec7b5,JC188808,,3/17/2020 16:40,20,UNKNOWN,UNKNOWN,CLEAR,DAYLIGHT,PARKED MOTOR VEHICLE,NOT DIVIDED,,STRAIGHT AND LEVEL,DRY,NO DEFECTS,ON SCENE,NO INJURY / DRIVE AWAY,,,,"OVER $1,500",3/17/2020 16:40,UNABLE TO DETERMINE,NOT APPLICABLE,2148,W,71ST PL,735,,,,,,,2,NO INDICATION OF INJURY,0,0,0,0,0,1,0,16,3,3,41.76396697,-87.67754033,POINT (-87.677540334172 41.763966967885)
52de903a5c2a24ddc7ec2f2932889a7ce49180c7d71c8fc994e46d75cf0a4f7a78526a6f4ccb6376e2f66f21cce68a717e89df0e6faee2290eb1a6b32bbb49ae,JF108245,,1/10/2022 8:09,30,NO CONTROLS,NO CONTROLS,CLEAR,DAYLIGHT,REAR TO SIDE,FOUR WAY,,STRAIGHT AND LEVEL,SNOW OR SLUSH,UNKNOWN,ON SCENE,INJURY AND / OR TOW DUE TO CRASH,Y,,,"OVER $1,500",1/10/2022 8:10,UNABLE TO DETERMINE,NOT APPLICABLE,2100,W,71ST ST,735,,,,,,,4,NO INDICATION OF INJURY,0,0,0,0,0,2,0,8,2,1,41.76489269,-87.67601816,POINT (-87.676018157341 41.764892689879)
520ba2790b21c8d28172b00d55dacedc03d61a43b373d15b0c6b30d9ee8655a1586d3bcaecc3406995b4acd7557eb683b230a7b70b1738345e0e425c6c41f754,JE113967,,1/15/2021 19:30,15,NO CONTROLS,NO CONTROLS,RAIN,DARKNESS,PARKED MOTOR VEHICLE,PARKING LOT,,STRAIGHT AND LEVEL,WET,UNKNOWN,ON SCENE,NO INJURY / DRIVE AWAY,,,Y,"OVER $1,500",1/15/2021 20:17,IMPROPER BACKING,IMPROPER BACKING,199,E,PERSHING RD,213,,,,,,,2,NO INDICATION OF INJURY,0,0,0,0,0,1,0,19,6,1,41.82366455,-87.62167675,POINT (-87.621676752689 41.823664546517)
535fb7b0b0f875fa3a97f92d8d720022eca6555a9f01543e4c528ffca3539ad974c7a8842be9df875d597f5388dc30aa4cb097bddc65fbaaea65dcdba81b9317,JB341372,,7/8/2018 19:15,10,NO CONTROLS,NO CONTROLS,CLEAR,DUSK,PARKED MOTOR VEHICLE,PARKING LOT,10,STRAIGHT ON GRADE,DRY,UNKNOWN,ON SCENE,NO INJURY / DRIVE AWAY,,Y,Y,"OVER $1,500",7/8/2018 19:37,UNABLE TO DETERMINE,UNABLE TO DETERMINE,4327,S,ARCHER AVE,922,,,,,,,2,NO INDICATION OF INJURY,0,0,0,0,0,1,0,19,1,7,41.81483974,-87.70279305,POINT (-87.702793050179 41.814839737528)
5158b6fb45d9f5e651a7caa7b6d8e862a0bb4b73f31b3990e0581db64f118f4a0c92ef620800512efe7f82c9475cb82c0172bf8c4706cd75da1ffbeeca82460e,JD164259,,2/25/2020 11:24,30,TRAFFIC SIGNAL,FUNCTIONING PROPERLY,CLEAR,DAYLIGHT,TURNING,CENTER TURN LANE,,"CURVE, LEVEL",WET,NO DEFECTS,ON SCENE,NO INJURY / DRIVE AWAY,Y,,,"OVER $1,500",2/25/2020 11:50,UNABLE TO DETERMINE,UNABLE TO DETERMINE,1700,E,57TH DR,331,,,,,,,2,NO INDICATION OF INJURY,0,0,0,0,0,2,0,11,3,2,41.79275553,-87.58380402,POINT (-87.583804015692 41.79275553348)
511d9b310feac4c3a2cb97d6c0e765e0d4d6860b85bed14bd3938fec2467f793e24e789228e96ff693b3d2bdfdef536179309128298511cfd60e702388c260be,JC116070,,1/14/2019 6:15,30,TRAFFIC SIGNAL,FUNCTIONING PROPERLY,OTHER,"DARKNESS, LIGHTED ROAD",SIDESWIPE SAME DIRECTION,DIVIDED - W/MEDIAN BARRIER,4,STRAIGHT AND LEVEL,DRY,NO DEFECTS,ON SCENE,NO INJURY / DRIVE AWAY,Y,,,"$501 - $1,500",1/14/2019 6:15,DRIVING SKILLS/KNOWLEDGE/EXPERIENCE,NOT APPLICABLE,6299,S,LAKE SHORE DR,331,,,,,,,2,NO INDICATION OF INJURY,0,0,0,0,0,2,0,6,2,1,,,
53ce43d4f1beb7758ca9290f40e3b4a9a3740e1427de44d0475f58808e65f11297d1df7670bd084796b7db62108075bee9bba6a1bd68746723f5c9c3c208c568,JD171018,,3/2/2020 8:00,30,TRAFFIC SIGNAL,UNKNOWN,CLEAR,DAYLIGHT,REAR END,FOUR WAY,,STRAIGHT AND LEVEL,DRY,UNKNOWN,ON SCENE,NO INJURY / DRIVE AWAY,Y,,,"OVER $1,500",3/2/2020 8:03,UNABLE TO DETERMINE,UNABLE TO DETERMINE,4551,W,NORTH AVE,2533,,,,,,,2,NO INDICATION OF INJURY,0,0,0,0,0,2,0,8,2,3,41.90958506,-87.74059342,POINT (-87.740593421794 41.909585056158)
51a0def30cbe596c1a6507d647885bb492c98b68c809f9dc9b1a44bb720048220c13f1cafd6867f828273d82dc95d3c5f8213fcb1c8820c17ac2493edec106f8,JF122820,,1/24/2022 14:45,30,UNKNOWN,UNKNOWN,UNKNOWN,DAYLIGHT,TURNING,UNKNOWN,,STRAIGHT AND LEVEL,WET,UNKNOWN,ON SCENE,INJURY AND / OR TOW DUE TO CRASH,,,,"OVER $1,500",1/24/2022 14:50,UNABLE TO DETERMINE,UNABLE TO DETERMINE,4600,W,LAKE ST,1113,,,,,,,2,NONINCAPACITATING INJURY,1,0,0,1,0,3,0,14,2,1,41.88640484,-87.74028542,POINT (-87.740285417973 41.886404835909)
520258c00f07ea449a82725587cf5d3bf5c365af29fff3f81cad9749c5e8021c3f630e9ef88c938c18d0bb3684497870086c087580beacbe442b94410a326d81,JC350003,,7/15/2019 15:59,35,NO CONTROLS,NO CONTROLS,CLEAR,DAYLIGHT,SIDESWIPE SAME DIRECTION,NOT DIVIDED,,STRAIGHT AND LEVEL,DRY,NO DEFECTS,ON SCENE,NO INJURY / DRIVE AWAY,,,,"OVER $1,500",7/15/2019 16:01,NOT APPLICABLE,NOT APPLICABLE,3300,N,WESTERN AVE,1921,,,,,,,2,NO INDICATION OF INJURY,0,0,0,0,0,4,0,15,2,7,41.94136669,-87.68837213,POINT (-87.688372125518 41.941366693433)
5340d39afe490e0087765eeed068297dfba268518815231cb23d07a30a7359578edf07fdca631527e0228b3a1c86c517a46b1926c8e773a867b4048355c35ef2,JE186997,,4/2/2021 10:12,30,NO CONTROLS,NO CONTROLS,CLEAR,DAYLIGHT,PARKED MOTOR VEHICLE,NOT DIVIDED,,STRAIGHT AND LEVEL,DRY,UNKNOWN,ON SCENE,NO INJURY / DRIVE AWAY,,,,$500 OR LESS,4/2/2021 10:12,UNABLE TO DETERMINE,UNABLE TO DETERMINE,723,W,71ST ST,732,,,,,,,2,NO INDICATION OF INJURY,0,0,0,0,0,1,0,10,6,4,41.76512365,-87.64253143,POINT (-87.642531428396 41.765123650058)
537a7b0d9555c2c9e2de9f617f663d3f992a42708a9cbe57124bc07784bbda15eb44ba22742c27e13f06daed6a208205c7381ba509707dcf480718d38444334c,JE447281,,11/16/2021 15:39,20,NO CONTROLS,NO CONTROLS,CLEAR,DAYLIGHT,REAR END,NOT DIVIDED,,STRAIGHT AND LEVEL,DRY,NO DEFECTS,ON SCENE,NO INJURY / DRIVE AWAY,,,,$500 OR LESS,11/16/2021 15:55,FOLLOWING TOO CLOSELY,UNABLE TO DETERMINE,1107,E,55TH ST,235,,,,,,,2,NO INDICATION OF INJURY,0,0,0,0,0,3,0,15,3,11,41.79492525,-87.59942433,POINT (-87.599424325227 41.794925250989)