CRASH_RECORD_ID,RD_NO,CRASH_DATE_EST_I,CRASH_DATE,POSTED_SPEED_LIMIT,TRAFFIC_CONTROL_DEVICE,DEVICE_CONDITION,WEATHER_CONDITION,LIGHTING_CONDITION,FIRST_CRASH_TYPE,TRAFFICWAY_TYPE,LANE_CNT,ALIGNMENT,ROADWAY_SURFACE_COND,ROAD_DEFECT,REPORT_TYPE,CRASH_TYPE,INTERSECTION_RELATED_I,NOT_RIGHT_OF_WAY_I,HIT_AND_RUN_I,DAMAGE,DATE_POLICE_NOTIFIED,PRIM_CONTRIBUTORY_CAUSE,SEC_CONTRIBUTORY_CAUSE,STREET_NO,STREET_DIRECTION,STREET_NAME,BEAT_OF_OCCURRENCE,PHOTOS_TAKEN_I,STATEMENTS_TAKEN_I,DOORING_I,WORK_ZONE_I,WORK_ZONE_TYPE,WORKERS_PRESENT_I,NUM_UNITS,MOST_SEVERE_INJURY,INJURIES_TOTAL,INJURIES_FATAL,INJURIES_INCAPACITATING,INJURIES_NON_INCAPACITATING,INJURIES_REPORTED_NOT_EVIDENT,INJURIES_NO_INDICATION,INJURIES_UNKNOWN,CRASH_HOUR,CRASH_DAY_OF_WEEK,CRASH_MONTH,LATITUDE,LONGITUDE,LOCATION
51568e15e5253b786fa2793ec74bf524fea9ff978ea707809b58c6ef58d38a11d6b964b6eb4c68ad73adcbb128d66ae01102e9b6a41e4d8f031b4ada427cade9,JB474001,,10/13/2018 12:40,20,NO CONTROLS,NO CONTROLS,CLEAR,DAYLIGHT,ANGLE,ONE-WAY,,STRAIGHT AND LEVEL,DRY,NO DEFECTS,ON SCENE,NO INJURY / DRIVE AWAY,Y,,,"OVER $1,500",10/13/2018 12:50,UNABLE TO DETERMINE,UNABLE TO DETERMINE,7410,N,DAMEN AVE,2424,,,,,,,2,NO INDICATION OF INJURY,0,0,0,0,0,2,0,12,7,10,42.0162542,-87.68062039,POINT (-87.680620390258 42.016254197551)
52b1e7ccac10c3cfac9e6aa0b1a7edda9ba7ad05dd547b14f367ef57f74749652c764bffa65f4cca85fd4fe1f88b0aa1c902903259188662eb1fd46c6ecb3644,JB566563,,12/24/2018 22:35,35,UNKNOWN,UNKNOWN,CLEAR,DARKNESS,FIXED OBJECT,NOT DIVIDED,,STRAIGHT AND LEVEL,DRY,UNKNOWN,ON SCENE,NO INJURY / DRIVE AWAY,,,,"OVER $1,500",12/24/2018 22:40,NOT APPLICABLE,NOT APPLICABLE,3201,W,BRYN MAWR AVE,1712,,,,,,,1,NO INDICATION OF INJURY,0,0,0,0,0,2,0,22,2,12,41.98295697,-87.70893337,POINT (-87.708933370232 41.982956973822)
50b1eb7ef4cb687961d97f783df8b7202c3e4f22275a2c448e0633d9fba83a862d5ade9ad0049549e406cd6468e56b2ab2d2034e64e00028a814fe7a86e912a2,JE136678,,2/9/2021 10:30,30,TRAFFIC SIGNAL,FUNCTIONING PROPERLY,SNOW,DAYLIGHT,ANGLE,FOUR WAY,,STRAIGHT AND LEVEL,ICE,OTHER,ON SCENE,INJURY AND / OR TOW DUE TO CRASH,Y,,,"$501 - $1,500",2/9/2021 10:30,WEATHER,WEATHER,4500,W,AUGUSTA BLVD,1111,,,,,,,2,NONINCAPACITATING INJURY,2,0,0,1,1,1,0,10,3,2,41.89892838,-87.73857374,POINT (-87.738573744139 41.898928384006)
523dedc4e5c95635984ef7a562f5769836a12b245e79238ccef6ac7c5519584b98b9bcdbdffc697de2e4bc112d1f8171c8e2bf8f233fe1265b382b3ce622e2a9,JB138878,,2/2/2018 15:50,30,UNKNOWN,UNKNOWN,UNKNOWN,DAYLIGHT,REAR END,NOT DIVIDED,,STRAIGHT AND LEVEL,UNKNOWN,OTHER,NOT ON SCENE (DESK REPORT),NO INJURY / DRIVE AWAY,,,,$500 OR LESS,2/2/2018 16:36,UNABLE TO DETERMINE,NOT APPLICABLE,3601,N,MOBILE AVE,1633,,,,,,,2,NO INDICATION OF INJURY,0,0,0,0,0,2,0,15,6,2,41.94574554,-87.78366692,POINT (-87.783666919365 41.945745539486)
54097f3506d16d1f66919924a8d67ed61857e14fa08a4a686b11cc4a8f743cb1e6d7fec1f4556d5cecf8e72ba495640a2b20cf01b8668e5d10c7e43c222bec3f,JE438753,,10/29/2021 21:06,30,NO CONTROLS,NO CONTROLS,RAIN,"DARKNESS, LIGHTED ROAD",OTHER OBJECT,NOT DIVIDED,,STRAIGHT AND LEVEL,WET,"RUT, HOLES",NOT ON SCENE (DESK REPORT),NO INJURY / DRIVE AWAY,,,,"$501 - $1,500",11/8/2021 22:00,WEATHER,WEATHER,4306,N,CENTRAL AVE,1624,,,,,,,1,NO INDICATION OF INJURY,0,0,0,0,0,1,0,21,6,10,41.95888911,-87.76733921,POINT (-87.767339214204 41.958889110241)
561ad2c1855f0db525f7953d5e41b166b01e2b49bc9859b43a6bf22b2d568f3104440c58a9a5bf96f9e6b4cb3588b1bf41346dfa3b81c9ee48a72819118b3b7b,JD469299,,12/25/2020 15:14,30,NO CONTROLS,NO CONTROLS,CLEAR,DAYLIGHT,REAR TO SIDE,PARKING LOT,,STRAIGHT AND LEVEL,DRY,NO DEFECTS,ON SCENE,NO INJURY / DRIVE AWAY,,,Y,"$501 - $1,500",12/25/2020 15:20,IMPROPER BACKING,NOT APPLICABLE,5558,W,DIVISION ST,2532,,,,,,,2,NO INDICATION OF INJURY,0,0,0,0,0,1,0,15,6,12,41.90225538,-87.76556479,POINT (-87.765564790423 41.902255382511)
5715b7c167d048ff5c6b4d2139f092ce48d900b5b885713f89f4c54959e4253ff95b8240d42d4610ee79496fb9e49b88dca3a9b7ee67a461c3d13c1c3840cbec,JE287651,,7/2/2021 17:45,30,NO CONTROLS,NO CONTROLS,CLEAR,DAYLIGHT,TURNING,ONE-WAY,,STRAIGHT AND LEVEL,DRY,UNKNOWN,ON SCENE,NO INJURY / DRIVE AWAY,Y,,,"OVER $1,500",7/2/2021 17:45,UNABLE TO DETERMINE,NOT APPLICABLE,2301,W,GARFIELD BLVD,824,,,,,,,2,NO INDICATION OF INJURY,0,0,0,0,0,3,0,17,6,7,41.79336228,-87.6813269,POINT (-87.681326900929 41.793362276932)
547b373635e3406fbfa1e5530b6e2922b1bfdc79e968c00569db339bfe4e2a04ebbb02db6ebdbcce882cd393e3264105f7919b552161649b3d21631fbdb37ca2,JD289874,,7/7/2020 21:56,20,NO CONTROLS,NO CONTROLS,RAIN,DUSK,PARKED MOTOR VEHICLE,ONE-WAY,,STRAIGHT AND LEVEL,WET,UNKNOWN,ON SCENE,NO INJURY / DRIVE AWAY,,,Y,"OVER $1,500",7/7/2020 22:01,NOT APPLICABLE,NOT APPLICABLE,6453,S,MAPLEWOOD AVE,825,,,,,,,2,NO INDICATION OF INJURY,0,0,0,0,0,1,0,21,3,7,41.77582436,-87.68706853,POINT (-87.687068525309 41.775824361862)
555a4625bd578d266144d0c6d9fd4bc8c5cbe82168d39f4d405d48b76e52432fbd677b51be7b695969e4861bbd4c2dfef82219ee508d59e6ff7fbe55a7ee2016,JB446439,,9/22/2018 14:45,30,UNKNOWN,UNKNOWN,CLEAR,DAYLIGHT,ANGLE,ONE-WAY,1,STRAIGHT AND LEVEL,DRY,NO DEFECTS,NOT ON SCENE (DESK REPORT),NO INJURY / DRIVE AWAY,,,,"OVER $1,500",9/22/2018 15:00,NOT APPLICABLE,NOT APPLICABLE,3150,W,57TH ST,824,,,,,,,2,NO INDICATION OF INJURY,0,0,0,0,0,2,0,14,7,9,41.79000018,-87.70305722,POINT (-87.703057224151 41.790000184146)
55eb02a8dc203fcf937170eb36c9282e2c1390c5986f8c3832e7060908ceadf655d6306562771687dbbdfb105bba8fbfd5575c9a450ff83c0886db23e44b6499,JC121968,,1/18/2019 18:30,30,UNKNOWN,UNKNOWN,UNKNOWN,UNKNOWN,REAR END,UNKNOWN,,STRAIGHT AND LEVEL,ICE,UNKNOWN,NOT ON SCENE (DESK REPORT),NO INJURY / DRIVE AWAY,,,,"OVER $1,500",1/18/2019 18:50,UNABLE TO DETERMINE,NOT APPLICABLE,7313,W,TOUHY AVE,1611,,,,,,,2,NO INDICATION OF INJURY,0,0,0,0,0,3,0,18,6,1,42.01152891,-87.80961512,POINT (-87.809615122927 42.011528913136)
57067a4266c9f12742590d450e42c1df33a8050acbee891c056e045d881a83cfa7d30908ba657ec23d5c3e56024f930e6b356eed4f5b39e4085365533ce03bfe,JE382886,,9/22/2021 7:50,30,NO CONTROLS,NO CONTROLS,CLEAR,DAYLIGHT,TURNING,NOT DIVIDED,,STRAIGHT ON GRADE,DRY,UNKNOWN,ON SCENE,NO INJURY / DRIVE AWAY,,,,"OVER $1,500",9/22/2021 7:52,FAILING TO YIELD RIGHT-OF-WAY,NOT APPLICABLE,349,W,47TH ST,935,,,,,,,2,NO INDICATION OF INJURY,0,0,0,0,0,2,0,7,4,9,41.80894747,-87.63529546,POINT (-87.635295463007 41.808947464702)
5528744bc602d659cb5431439fb625c024582f4bb23ae969a102d720d6a84db205a3e7a8b109206660e9d690aba76ee89d84284221002f6c8078c0c39930d92e,JE240242,Y,5/23/2021 17:40,30,NO CONTROLS,NO CONTROLS,CLOUDY/OVERCAST,DAYLIGHT,REAR END,ONE-WAY,,STRAIGHT AND LEVEL,DRY,NO DEFECTS,ON SCENE,NO INJURY / DRIVE AWAY,,,Y,"$501 - $1,500",5/23/2021 17:44,UNABLE TO DETERMINE,UNABLE TO DETERMINE,3,W,TERMINAL ST,1653,,,,,,,2,NO INDICATION OF INJURY,0,0,0,0,0,2,0,17,1,5,,,
56091e032c9a8984c7637d95940acaaf45ff26a0833a2f0e99e74d14338f62633ea3016e2e923d94b92d3feff19e30fa2dc7f82f632dcb146b21d395ccbe816d,JE398537,,10/5/2021 6:40,20,NO CONTROLS,NO CONTROLS,CLEAR,DAYLIGHT,SIDESWIPE SAME DIRECTION,ONE-WAY,,STRAIGHT AND LEVEL,DRY,NO DEFECTS,ON SCENE,NO INJURY / DRIVE AWAY,,,,"$501 - $1,500",10/5/2021 7:25,FAILING TO YIELD RIGHT-OF-WAY,FAILING TO YIELD RIGHT-OF-WAY,1,W,TERMINAL ST,1651,,,,,,,2,NO INDICATION OF INJURY,0,0,0,0,0,2,0,6,3,10,,,
56306ae605c0c6d2c6772ceee97378d2945bb570a432936b0b7e81731c6a1bbbdeced58578698835f25b644941cc1bbced2a1238a894f93efd262ee859aadf2a,JC343944,,7/11/2019 8:00,25,NO CONTROLS,NO CONTROLS,CLEAR,DAYLIGHT,OTHER OBJECT,ONE-WAY,,STRAIGHT AND LEVEL,DRY,NO DEFECTS,ON SCENE,NO INJURY / DRIVE AWAY,,,,"OVER $1,500",7/11/2019 10:10,NOT APPLICABLE,NOT APPLICABLE,5805,S,RICHMOND ST,824,,,,,,,1,,,,,,,,,8,5,7,41.7879658,-87.69715123,POINT (-87.697151226125 41.78796580103)
56776336af127000447485bec6624474aa52214e1055db9b51bce0589378e6130bc52bd6ac9fe87e3818cdec3337dca6c67bcd82ff2d5a9fa5237be951f00b4d,JC221314,,4/12/2019 8:05,30,NO CONTROLS,NO CONTROLS,CLEAR,DAYLIGHT,REAR END,ONE-WAY,1,STRAIGHT AND LEVEL,DRY,NO DEFECTS,ON SCENE,NO INJURY / DRIVE AWAY,,,,$500 OR LESS,4/12/2019 8:12,IMPROPER BACKING,IMPROPER BACKING,4810,N,HARDING AVE,1712,,,,,,,3,NO INDICATION OF INJURY,0,0,0,0,0,2,0,8,6,4,41.96862478,-87.72697282,POINT (-87.726972817222 41.968624774586)
57131b31f4c37668630d091d0a9b50becea2214b2eb6750731d22be3301acc0242bb1a2261952a32cc204d6ab0ba2823953f532208967ca9ceeb56ffb2301487,JC536624,,12/6/2019 9:44,20,NO CONTROLS,NO CONTROLS,CLOUDY/OVERCAST,DAYLIGHT,PARKED MOTOR VEHICLE,ONE-WAY,,STRAIGHT AND LEVEL,DRY,NO DEFECTS,ON SCENE,INJURY AND / OR TOW DUE TO CRASH,,,,"OVER $1,500",12/6/2019 9:46,FOLLOWING TOO CLOSELY,DRIVING SKILLS/KNOWLEDGE/EXPERIENCE,3,W,TERMINAL ST,1653,,,,,,,2,NO INDICATION OF INJURY,0,0,0,0,0,1,0,9,6,12,,,
575b803ac905b08af5a789418f5833bcf59b701eb5326f4317dc27bdee2df7cf29c9814991d331b7384f422bd7cc038d05f760a172f84a14dd0ea742530fea78,JC530548,,12/1/2019 12:20,30,NO CONTROLS,NO CONTROLS,CLEAR,DAYLIGHT,ANGLE,NOT DIVIDED,,STRAIGHT AND LEVEL,DRY,NO DEFECTS,ON SCENE,NO INJURY / DRIVE AWAY,,,N,"OVER $1,500",12/1/2019 12:20,IMPROPER TURNING/NO SIGNAL,NOT APPLICABLE,437,S,HOMAN AVE,1134,,,,,,,2,NO INDICATION OF INJURY,0,0,0,0,0,2,0,12,1,12,41.87458644,-87.71066002,POINT (-87.710660018757 41.874586441133)
54fb484d852c3e046e53772ec07f603683f11c0243b2d05dc3a4db14db9f95f4fa17595da98555cfc6fa053fcb2f20e94dc541d29627a6dd8dc66ceba726f1bc,JB555726,,12/16/2018 12:05,35,NO CONTROLS,NO CONTROLS,CLEAR,DAYLIGHT,TURNING,NOT DIVIDED,2,STRAIGHT AND LEVEL,DRY,NO DEFECTS,ON SCENE,NO INJURY / DRIVE AWAY,Y,,,"OVER $1,500",12/16/2018 12:07,FAILING TO YIELD RIGHT-OF-WAY,UNABLE TO DETERMINE,1499,E,76TH ST,411,,,,,,,2,NO INDICATION OF INJURY,0,0,0,0,0,4,0,12,1,12,41.75681356,-87.5883782,POINT (-87.588378196151 41.756813560098)
561ab2bc3094be40ff45aeb9abb43e3af3b0d7b3f5f386d3f5c8bb0bc4f5b029fb3670c09111430d447bca1f0157fb05ca1cb57c02fc981fa3a50f67f70da2f3,JA506941,,11/10/2017 16:30,30,NO CONTROLS,NO CONTROLS,CLEAR,DAWN,REAR END,NOT DIVIDED,,STRAIGHT AND LEVEL,DRY,NO DEFECTS,NOT ON SCENE (DESK REPORT),NO INJURY / DRIVE AWAY,,,,"OVER $1,500",11/10/2017 18:18,NOT APPLICABLE,NOT APPLICABLE,8658,S,KEDZIE AVE,834,,,,,,,2,NO INDICATION OF INJURY,0,0,0,0,0,2,0,16,6,11,41.73528998,-87.70222673,POINT (-87.702226732143 41.735289979)
5697780210000b9a4fe4683c7c2526c6ccf7e0cc88cf8325edd87e10dd0ba8d2e748648eaab89bec106451774323d203a80f4f5f87bc3059c2bc87b90ccac69e,JE116959,,1/19/2021 10:51,25,STOP SIGN/FLASHER,FUNCTIONING PROPERLY,CLEAR,DAYLIGHT,PARKED MOTOR VEHICLE,OTHER,,STRAIGHT AND LEVEL,DRY,NO DEFECTS,ON SCENE,NO INJURY / DRIVE AWAY,,,,$500 OR LESS,1/19/2021 11:05,NOT APPLICABLE,NOT APPLICABLE,4608,S,PAULINA ST,924,,,,,,,2,NO INDICATION OF INJURY,0,0,0,0,0,1,0,10,3,1,41.81008191,-87.66759118,POINT (-87.667591183094 41.810081905583)
56c3cb69ec53c40ee986262385fe193a99a7ed58d8ceb927f3abda5a75f883bf8dba49974064cc08b4a49cb5fa0e04f63d45980d7defadf28296da432c70e5b5,JE210124,,4/26/2021 0:00,30,NO CONTROLS,NO CONTROLS,CLEAR,"DARKNESS, LIGHTED ROAD",PARKED MOTOR VEHICLE,NOT DIVIDED,,STRAIGHT AND LEVEL,DRY,NO DEFECTS,ON SCENE,INJURY AND / OR TOW DUE TO CRASH,,,Y,"OVER $1,500",4/26/2021 0:26,UNABLE TO DETERMINE,UNABLE TO DETERMINE,9839,S,VAN VLISSINGEN RD,431,,,,,,,2,,,,,,,,,0,2,4,41.71606144,-87.57459387,POINT (-87.574593869276 41.716061436406)
56f874c10c16a820edc1ea95331e760bb54ac44276a686057fb9c0469ccc6b08e9bc990f3ed7fc4661e1f4198343cedc477713d348a07e8edc3ecf4a89afe117,JE463163,,12/2/2021 5:00,30,NO CONTROLS,NO CONTROLS,CLEAR,DAWN,HEAD ON,NOT DIVIDED,,STRAIGHT AND LEVEL,DRY,NO DEFECTS,ON SCENE,INJURY AND / OR TOW DUE TO CRASH,,,,"OVER $1,500",12/2/2021 5:30,NOT APPLICABLE,NOT APPLICABLE,1106,W,GLENLAKE AVE,2433,,,,,,,2,NO INDICATION OF INJURY,0,0,0,0,0,2,0,5,5,12,41.99242269,-87.65862043,POINT (-87.658620429361 41.992422691665)
554d77854a0237c82dd303062df094385b1417aab541ad7b886812453f3bbcf30890db0ec1ee037157223515f566b28d9f369b44157d682432e618f4ba5ffd63,JE369114,,9/11/2021 1:00,30,NO CONTROLS,NO CONTROLS,CLEAR,DARKNESS,TURNING,ALLEY,,STRAIGHT AND LEVEL,DRY,UNKNOWN,ON SCENE,NO INJURY / DRIVE AWAY,N,,Y,"OVER $1,500",9/11/2021 1:05,IMPROPER BACKING,UNABLE TO DETERMINE,2341,S,KOSTNER AVE,1013,,,,,,,2,NO INDICATION OF INJURY,0,0,0,0,0,3,0,1,7,9,41.84826059,-87.73425969,POINT (-87.734259686484 41.848260592219)
595572beb7278299d17e7fec52d37264234c3f43eb607ed9a3fdc81baf3bf642b17a78b06d0120ba079ee0e575bd135962743166821e735e804deb78be48e085,JA281687,,5/27/2017 18:00,15,UNKNOWN,UNKNOWN,CLEAR,DAYLIGHT,REAR END,OTHER,0,STRAIGHT AND LEVEL,DRY,NO DEFECTS,ON SCENE,NO INJURY / DRIVE AWAY,,,,$500 OR LESS,5/27/2017 18:08,UNABLE TO DETERMINE,UNABLE TO DETERMINE,3759,W,CHICAGO AVE,1112,,,,,,,2,NO INDICATION OF INJURY,0,0,0,0,0,3,0,18,7,5,41.89530385,-87.7211291,POINT (-87.721129103593 41.895303846381)
5779f34060db304a01c3e32422b7a31d7f8e95f13e2a6ac6bdb6c162df50025d97ace80ca1a94ed63e27c3a3b78f864de73e8deb9c0f2ad05514fb5fad18ac36,JF122204,,1/24/2022 0:30,15,NO CONTROLS,NO CONTROLS,CLEAR,"DARKNESS, LIGHTED ROAD",SIDESWIPE SAME DIRECTION,OTHER,,CURVE ON GRADE,DRY,NO DEFECTS,ON SCENE,NO INJURY / DRIVE AWAY,,,,"OVER $1,500",1/24/2022 0:35,FAILING TO YIELD RIGHT-OF-WAY,DRIVING SKILLS/KNOWLEDGE/EXPERIENCE,1,S,DOOR 2 ST,813,,,,,,,2,NO INDICATION OF INJURY,0,0,0,0,0,2,0,0,2,1,,,
592ca3151653f84b430839669f58d1ee9af13d283fbe7f09755b5fa1ab6d348f37628b68446759651ed31af4a74eeefcb7240282f0a272082fa430079321a594,JD161243,,2/22/2020 16:15,30,NO CONTROLS,NO CONTROLS,CLEAR,DAYLIGHT,REAR END,NOT DIVIDED,,STRAIGHT AND LEVEL,DRY,NO DEFECTS,ON SCENE,NO INJURY / DRIVE AWAY,,,,"$501 - $1,500",2/22/2020 16:22,FOLLOWING TOO CLOSELY,NOT APPLICABLE,1125,W,BRYN MAWR AVE,2023,,,,,,,2,NO INDICATION OF INJURY,0,0,0,0,0,3,0,16,7,2,41.98353068,-87.65907347,POINT (-87.659073471489 41.98353068343)
5a12cd29031431a5af1076ca3e9021a5ad1ef98dff0a5ab1b65f6af4166f17be7540ab0ffb7d8e9fc52e2a6183c5246358f114e1a7407f98fb4554f86a86a24f,JD270262,,6/20/2020 12:15,30,NO CONTROLS,NO CONTROLS,CLEAR,DAYLIGHT,REAR END,NOT DIVIDED,,STRAIGHT AND LEVEL,DRY,NO DEFECTS,ON SCENE,NO INJURY / DRIVE AWAY,,,,"OVER $1,500",6/20/2020 12:19,FOLLOWING TOO CLOSELY,UNABLE TO DETERMINE,2105,W,DIVISION ST,1212,,,,,,,2,NO INDICATION OF INJURY,0,0,0,0,0,2,0,12,7,6,41.90303259,-87.67997015,POINT (-87.679970152598 41.9030325864)
58fba5c5624669df6543530749e7ea15009307791af73b91da6668be911ce724d791a8878d06a96cc149393d10416c324d0aedbe7c93a6ec579b568d00962353,JE207395,,4/23/2021 4:30,30,NO CONTROLS,NO CONTROLS,CLEAR,DARKNESS,PARKED MOTOR VEHICLE,ONE-WAY,,STRAIGHT AND LEVEL,DRY,NO DEFECTS,,NO INJURY / DRIVE AWAY,,,Y,"OVER $1,500",4/23/2021 4:48,NOT APPLICABLE,NOT APPLICABLE,953,E,78TH ST,624,,,,,,,2,NO INDICATION OF INJURY,0,0,0,0,0,1,0,4,6,4,41.75304923,-87.6006898,POINT (-87.600689800964 41.753049229703)
59beaf6af4332aabc9003f46bd8d62b1e0ce37c5d9c05c88e96b2ff1d05897c53eb88eaa6d2a306c36a8ed641533a1fc087a21a578b125f1766edcd2446c9b0c,HZ418062,,9/2/2016 17:00,10,NO CONTROLS,NO CONTROLS,CLEAR,DAYLIGHT,PARKED MOTOR VEHICLE,PARKING LOT,,STRAIGHT AND LEVEL,DRY,NO DEFECTS,ON SCENE,NO INJURY / DRIVE AWAY,,,Y,"OVER $1,500",9/2/2016 19:03,UNABLE TO DETERMINE,UNABLE TO DETERMINE,750,N,DEARBORN ST,1832,,,,,,,2,NO INDICATION OF INJURY,0,0,0,0,0,1,0,17,6,9,41.89641174,-87.62991777,POINT (-87.629917772851 41.896411739144)
595d4ebc29112bef2e8eee64822ecdba151028c774e0fb8f4725d177fbaa2c5f284779040a6ea75d3df82eabde24aabbe1a4eb9e087ded1d64e9d5e03a42d835,JC530753,,12/1/2019 14:30,30,NO CONTROLS,UNKNOWN,RAIN,DAYLIGHT,FIXED OBJECT,ALLEY,,STRAIGHT AND LEVEL,WET,NO DEFECTS,ON SCENE,NO INJURY / DRIVE AWAY,,,Y,"OVER $1,500",12/1/2019 14:35,NOT APPLICABLE,NOT APPLICABLE,7114,S,DREXEL AVE,324,,,,,,,2,NO INDICATION OF INJURY,0,0,0,0,0,1,0,14,1,12,41.76537219,-87.60324782,POINT (-87.603247820658 41.765372191251)
aed6177e9025c8b3b1712da2f9f5f1834c785cbfd5757fe0d00bd886a412c826d2e3b29e0b6902179d2e7866dd69f5de6e5e8e5cfdd9411a5f1c74b4a75a13f2,JF188529,,3/27/2022 18:23,35,NO CONTROLS,NO CONTROLS,CLEAR,DAYLIGHT,REAR TO FRONT,OTHER,,STRAIGHT AND LEVEL,DRY,NO DEFECTS,,NO INJURY / DRIVE AWAY,,,,"OVER $1,500",3/27/2022 19:05,DRIVING SKILLS/KNOWLEDGE/EXPERIENCE,NOT APPLICABLE,5700,S,CICERO AVE,813,,,,,,,2,NO INDICATION OF INJURY,0,0,0,0,0,2,0,18,1,3,41.78932932,-87.74164564,POINT (-87.741645644196 41.789329323265)
580fc251bba68b5160c201135b7be9ec4740def0dea4a700f819b8e86df9b5ca1f32bf9852d1ef5a54ff13ca6b3ea6514a6f3ff420d5815fd810235e6c2cef09,JE348855,,8/24/2021 19:10,30,NO CONTROLS,NO CONTROLS,RAIN,DUSK,ANGLE,NOT DIVIDED,,STRAIGHT AND LEVEL,WET,NO DEFECTS,NOT ON SCENE (DESK REPORT),NO INJURY / DRIVE AWAY,,,,"$501 - $1,500",8/24/2021 20:00,NOT APPLICABLE,NOT APPLICABLE,4748,W,79TH ST,834,,,,,,,2,NO INDICATION OF INJURY,0,0,0,0,0,2,0,19,3,8,41.74927276,-87.74088847,POINT (-87.740888466202 41.749272755442)
58700664d74d59e95a1fbccad8b6ccf0ade20a536ed74bf9c22f7c7c5e6b68194cabd610d16ee2b220e4dc53a00953a0c690d896f56e6982cb4f5e15d0577ad0,JE161068,,3/6/2021 15:28,30,STOP SIGN/FLASHER,FUNCTIONING PROPERLY,CLEAR,DAYLIGHT,TURNING,NOT DIVIDED,,STRAIGHT AND LEVEL,DRY,NO DEFECTS,ON SCENE,NO INJURY / DRIVE AWAY,,,,"OVER $1,500",3/6/2021 16:06,UNABLE TO DETERMINE,NOT APPLICABLE,12525,S,BURLEY AVE,433,,,,,,,2,NO INDICATION OF INJURY,0,0,0,0,0,2,0,15,7,3,41.66769723,-87.54422245,POINT (-87.54422244928 41.667697225035)
597c5160fff1bdb418d9950935013f804055e747e044569f79839e5c282eae300cdcd6c8c5f736fb426b5b5e2c38937a7edeeea81db5fc27734ad35447e255d5,JD232873,,5/14/2020 21:00,30,NO CONTROLS,NO CONTROLS,CLEAR,DARKNESS,ANGLE,FOUR WAY,,STRAIGHT AND LEVEL,DRY,NO DEFECTS,NOT ON SCENE (DESK REPORT),NO INJURY / DRIVE AWAY,Y,,,"OVER $1,500",5/15/2020 9:22,UNABLE TO DETERMINE,UNABLE TO DETERMINE,7800,S,COLES AVE,421,,,,,,,2,NO INDICATION OF INJURY,0,0,0,0,0,2,0,21,5,5,41.75434776,-87.55295836,POINT (-87.55295835534 41.754347754671)
59e957d0e5d8294e9ff9f488bad2ef5dc6db0fa0d40e92e1b79dada42a149300a1b3bb0bbe3dbc4dd77dc49facdb99eb9cb06b91eae6b676e63e1ea827c82a87,JD446973,,12/1/2020 18:10,15,NO CONTROLS,NO CONTROLS,CLEAR,"DARKNESS, LIGHTED ROAD",REAR TO FRONT,PARKING LOT,,STRAIGHT AND LEVEL,DRY,NO DEFECTS,ON SCENE,NO INJURY / DRIVE AWAY,,,,$500 OR LESS,12/1/2020 18:18,UNABLE TO DETERMINE,NOT APPLICABLE,630,W,OHARE ST,1654,,,,,,,2,NO INDICATION OF INJURY,0,0,0,0,0,2,0,18,3,12,,,
57b8b8afc03e207b4b13e7f386a825022a4963028265f9014d43dbfde590c853005896e250fd38e348602078c3d2f61893c172ccaa2b20021691b509696b84e8,JC352965,,7/17/2019 15:55,55,NO CONTROLS,NO CONTROLS,CLEAR,DAYLIGHT,SIDESWIPE SAME DIRECTION,DIVIDED - W/MEDIAN (NOT RAISED),,STRAIGHT AND LEVEL,DRY,NO DEFECTS,ON SCENE,NO INJURY / DRIVE AWAY,,,,"OVER $1,500",7/17/2019 15:57,NOT APPLICABLE,NOT APPLICABLE,10500,S,CHICAGO SKYWAY OB,432,,,,,,,2,NO INDICATION OF INJURY,0,0,0,0,0,4,0,15,4,7,,,
5a9f7f200bac549946110a87918e259193a8db8d171c4a203ac9915f8239ff6a7c19d755386d7ffd538147b3f4245240e3e540540120932c38281a241a74da16,JC142214,,2/6/2019 11:40,20,TRAFFIC SIGNAL,FUNCTIONING PROPERLY,CLEAR,DAYLIGHT,REAR END,NOT DIVIDED,2,STRAIGHT AND LEVEL,WET,NO DEFECTS,ON SCENE,NO INJURY / DRIVE AWAY,,,,"$501 - $1,500",2/6/2019 11:50,IMPROPER BACKING,UNABLE TO DETERMINE,850,W,OHARE ST,1654,,,,,,,2,NO INDICATION OF INJURY,0,0,0,0,0,2,0,11,4,2,,,
5a53f4c9178dd9f8321a390a225bef93f337d627a93d857fe43e3570a5d48a9adffaa6041b49d9d5985c62e9b62f0f52373df96b7a189bd3f9a63a303d30e010,JC547817,,12/15/2019 13:00,30,NO CONTROLS,NO CONTROLS,CLEAR,DAYLIGHT,REAR END,DIVIDED - W/MEDIAN (NOT RAISED),,STRAIGHT AND LEVEL,DRY,NO DEFECTS,NOT ON SCENE (DESK REPORT),NO INJURY / DRIVE AWAY,,,,"OVER $1,500",12/15/2019 13:01,FOLLOWING TOO CLOSELY,UNABLE TO DETERMINE,291,N,LOWER COLUMBUS DR,114,,,,,,,3,NO INDICATION OF INJURY,0,0,0,0,0,3,0,13,1,12,,,
5942d410b549fe8108443d5415e137b0fba1a82e3ec593b0377a73d812f6097a81587c07a786ea1632174a3837e0d651ce7eaa10e2bc290e3e0e371118c89737,JA187114,,3/14/2017 7:25,30,NO CONTROLS,NO CONTROLS,SNOW,DAYLIGHT,REAR END,NOT DIVIDED,,STRAIGHT AND LEVEL,SNOW OR SLUSH,NO DEFECTS,NOT ON SCENE (DESK REPORT),NO INJURY / DRIVE AWAY,,,,"$501 - $1,500",3/14/2017 17:03,WEATHER,WEATHER,9900,S,HALSTED ST,2232,,,,,,,2,NO INDICATION OF INJURY,0,0,0,0,0,2,0,7,3,3,41.71411887,-87.64314541,POINT (-87.643145408182 41.71411886809)