CRASH_RECORD_ID,RD_NO,CRASH_DATE_EST_I,CRASH_DATE,POSTED_SPEED_LIMIT,TRAFFIC_CONTROL_DEVICE,DEVICE_CONDITION,WEATHER_CONDITION,LIGHTING_CONDITION,FIRST_CRASH_TYPE,TRAFFICWAY_TYPE,LANE_CNT,ALIGNMENT,ROADWAY_SURFACE_COND,ROAD_DEFECT,REPORT_TYPE,CRASH_TYPE,INTERSECTION_RELATED_I,NOT_RIGHT_OF_WAY_I,HIT_AND_RUN_I,DAMAGE,DATE_POLICE_NOTIFIED,PRIM_CONTRIBUTORY_CAUSE,SEC_CONTRIBUTORY_CAUSE,STREET_NO,STREET_DIRECTION,STREET_NAME,BEAT_OF_OCCURRENCE,PHOTOS_TAKEN_I,STATEMENTS_TAKEN_I,DOORING_I,WORK_ZONE_I,WORK_ZONE_TYPE,WORKERS_PRESENT_I,NUM_UNITS,MOST_SEVERE_INJURY,INJURIES_TOTAL,INJURIES_FATAL,INJURIES_INCAPACITATING,INJURIES_NON_INCAPACITATING,INJURIES_REPORTED_NOT_EVIDENT,INJURIES_NO_INDICATION,INJURIES_UNKNOWN,CRASH_HOUR,CRASH_DAY_OF_WEEK,CRASH_MONTH,LATITUDE,LONGITUDE,LOCATION
5840af800857f9abe2a40346d9ac6f0b260a22a15605d1c13b020cb8704f6b07c1c435eaa0636099e86e7f179f3fc8715eb36fed0b5a2e4cd87469acc42852a8,JA443072,,9/22/2017 21:48,30,NO CONTROLS,NO CONTROLS,CLEAR,"DARKNESS, LIGHTED ROAD",SIDESWIPE SAME DIRECTION,ONE-WAY,,STRAIGHT AND LEVEL,DRY,NO DEFECTS,NOT ON SCENE (DESK REPORT),INJURY AND / OR TOW DUE TO CRASH,,,,"OVER $1,500",9/23/2017 7:11,NOT APPLICABLE,NOT APPLICABLE,5500,S,WENTWORTH AVE,225,,,,,,,2,INCAPACITATING INJURY,1,0,1,0,0,1,0,21,6,9,,,
5c492a34a6bfef403bf6dfe33c4a39f7a58e5037de3d3ef49e3cdb9e00f1c7652ab31d2caa4f807df8f2c667631be7978dd774976cd38a3e6967f4630a320936,JC422978,,9/6/2019 21:09,15,NO CONTROLS,NO CONTROLS,CLEAR,"DARKNESS, LIGHTED ROAD",PARKED MOTOR VEHICLE,PARKING LOT,,STRAIGHT AND LEVEL,DRY,NO DEFECTS,ON SCENE,INJURY AND / OR TOW DUE TO CRASH,,,,"OVER $1,500",9/6/2019 21:11,"OPERATING VEHICLE IN ERRATIC, RECKLESS, CARELESS, NEGLIGENT OR AGGRESSIVE MANNER",NOT APPLICABLE,524,W,OHARE ST,1654,,,,,,,5,NONINCAPACITATING INJURY,1,0,0,1,0,0,0,21,6,9,,,
5df009994c48913e4946b8fa1ac1d25c58f9f39171df3edafe4583273622c5d24bba4a8a6277e0a0b63c54a702817fc2c6e294618fca4c0549b935bd6be4449a,JB106776,,1/6/2018 15:53,30,NO CONTROLS,NO CONTROLS,CLEAR,DAYLIGHT,ANGLE,NOT DIVIDED,,STRAIGHT AND LEVEL,DRY,UNKNOWN,ON SCENE,NO INJURY / DRIVE AWAY,,,,"$501 - $1,500",1/6/2018 15:53,NOT APPLICABLE,NOT APPLICABLE,420,S,PULASKI RD,1132,,,,,,,2,NO INDICATION OF INJURY,0,0,0,0,0,3,0,15,7,1,41.87453731,-87.7255969,POINT (-87.725596901652 41.874537312209)
5b00c1c1866fe62a808d5b6654f8785cb85787bfa6fbb36ef843d19551eaa3e9373957e2027ef5efbbb7c15a90b6df9a7d0ac20cc354baf2bad529113d0b754c,JD159900,,2/21/2020 14:40,15,NO CONTROLS,NO CONTROLS,CLEAR,DAYLIGHT,REAR TO SIDE,PARKING LOT,,STRAIGHT AND LEVEL,DRY,NO DEFECTS,ON SCENE,NO INJURY / DRIVE AWAY,,,,"$501 - $1,500",2/21/2020 14:50,UNABLE TO DETERMINE,NOT APPLICABLE,4113,N,CLARENDON AVE,1915,,,,,,,2,NO INDICATION OF INJURY,0,0,0,0,0,24,0,14,6,2,41.95614063,-87.64960067,POINT (-87.649600673708 41.956140632546)
5dec59ab13ec6ea27cb2200dffbfe3de5d94254462c9a0afd071ee2355de4c57b1f5b5d654a29df06b62608d1f110e2063c45a96e7f443cda61152588bf16a1b,JC260963,,5/13/2019 9:35,30,NO CONTROLS,NO CONTROLS,CLEAR,DAYLIGHT,ANGLE,ONE-WAY,,STRAIGHT AND LEVEL,DRY,NO DEFECTS,ON SCENE,NO INJURY / DRIVE AWAY,,,,"$501 - $1,500",5/13/2019 9:55,IMPROPER BACKING,NOT APPLICABLE,18,W,GRAND AVE,1831,,,,,,,2,NO INDICATION OF INJURY,0,0,0,0,0,2,0,9,2,5,41.89176742,-87.62882147,POINT (-87.628821464702 41.891767414984)
5d8343d412f07d5b6792c3c5596eae23b5adf36813e2cd38018f8a6c05536d3da02b90726b5839ffdcefcd0fc43326b49f15a9141d6bc550423540ce5c639cb6,JD419757,,11/3/2020 15:00,30,UNKNOWN,UNKNOWN,CLEAR,DAYLIGHT,SIDESWIPE SAME DIRECTION,FOUR WAY,,STRAIGHT AND LEVEL,DRY,NO DEFECTS,,NO INJURY / DRIVE AWAY,,,,"OVER $1,500",11/3/2020 15:50,NOT APPLICABLE,NOT APPLICABLE,600,W,MADISON ST,121,,,,,,,2,NO INDICATION OF INJURY,0,0,0,0,0,2,0,15,3,11,41.88194657,-87.64273637,POINT (-87.642736368861 41.881946571519)
5ae8c316995bb5c6768cbaf61ad2b03bbfa9846c0a72b7fe122bf0749be9323428addae2ebef3936742a4c8c0d00777342cfe2dd4e037a5b9a9c2c1fd3c558cc,JB499086,,11/1/2018 13:00,30,NO CONTROLS,NO CONTROLS,CLOUDY/OVERCAST,DAYLIGHT,PARKED MOTOR VEHICLE,NOT DIVIDED,2,STRAIGHT AND LEVEL,DRY,NO DEFECTS,ON SCENE,NO INJURY / DRIVE AWAY,,,,$500 OR LESS,11/1/2018 13:00,IMPROPER BACKING,UNABLE TO DETERMINE,13239,S,BRANDON AVE,433,,,,,,,2,,,,,,,,,13,5,11,41.65433603,-87.54576693,POINT (-87.545766925879 41.654336025075)
5c2c4df64932201393d7d3ba6ba6af98e53e3b6f126e7b35410882c72b7b9321946d8a9a192789a7f905404716a1f90fe7c56ef26981fcf8a104eb3f3c136a19,JF224176,,4/29/2022 12:20,25,NO CONTROLS,NO CONTROLS,CLEAR,DAYLIGHT,SIDESWIPE SAME DIRECTION,ONE-WAY,,STRAIGHT AND LEVEL,DRY,NO DEFECTS,ON SCENE,NO INJURY / DRIVE AWAY,,,,"$501 - $1,500",4/29/2022 12:22,FAILING TO YIELD RIGHT-OF-WAY,UNABLE TO DETERMINE,1,W,TERMINAL ST,1651,,,,,,,2,NO INDICATION OF INJURY,0,0,0,0,0,2,0,12,6,4,,,
5b8b0bcf29f0246c85d0eb3304b276e513fdda1a17a584c63ddeca3ab42ca86e73a393f700f469f6bf6cc4c19312cdb8bdde416c5ff41b8c72cdb96be4b419f0,JD185646,,3/14/2020 15:00,30,TRAFFIC SIGNAL,FUNCTIONING PROPERLY,CLEAR,DAYLIGHT,REAR END,NOT DIVIDED,,STRAIGHT AND LEVEL,DRY,NO DEFECTS,NOT ON SCENE (DESK REPORT),NO INJURY / DRIVE AWAY,Y,,,"$501 - $1,500",3/14/2020 16:05,FOLLOWING TOO CLOSELY,FAILING TO REDUCE SPEED TO AVOID CRASH,2802,N,KIMBALL AVE,1412,,,,,,,2,NO INDICATION OF INJURY,0,0,0,0,0,2,0,15,7,3,,,
5b9c29e80f30e492065eb26d60caf9b92022d077fbd5b7e25e15d87270fcc5b33f3dda4c915bc6f4a95dfdeffeeb13a69bdbd6fe4467bc23cc2bd8ba359edfc8,JF162174,Y,3/3/2022 14:40,15,NO CONTROLS,NO CONTROLS,CLEAR,DAYLIGHT,FIXED OBJECT,ALLEY,,STRAIGHT AND LEVEL,DRY,NO DEFECTS,ON SCENE,NO INJURY / DRIVE AWAY,,Y,Y,"OVER $1,500",3/3/2022 16:30,IMPROPER BACKING,UNABLE TO DETERMINE,6620,S,BELL AVE,832,,,,,,,1,NO INDICATION OF INJURY,0,0,0,0,0,1,0,14,5,3,41.77310254,-87.67984463,POINT (-87.679844630237 41.773102534826)
5c66778641026555ac403e682f67b3c2bac95cf0946561b2c85bf402996573506217642da95e506f9ac31e288dcc38ea08601477217f058ed219d67ba611a185,JC271051,,5/20/2019 15:30,30,TRAFFIC SIGNAL,FUNCTIONING PROPERLY,CLEAR,DAYLIGHT,TURNING,OTHER,,STRAIGHT AND LEVEL,DRY,UNKNOWN,ON SCENE,NO INJURY / DRIVE AWAY,Y,,,"OVER $1,500",5/20/2019 15:34,IMPROPER TURNING/NO SIGNAL,NOT APPLICABLE,7200,W,DEVON AVE,1611,,,,,,,2,NO INDICATION OF INJURY,0,0,0,0,0,10,0,15,2,5,41.99787931,-87.80685054,POINT (-87.806850541081 41.997879310965)
5ca813bfb8588f0d3fe9a6571334ba2f504dfc239c28bf38ead63ac22982a293c6eb05601b7b0ad74ecfaabe66d387ebcc063e96c8dfc09b281e4e145f8b4551,JF312556,,7/10/2022 18:20,35,NO CONTROLS,NO CONTROLS,CLEAR,DAYLIGHT,TURNING,NOT DIVIDED,,STRAIGHT AND LEVEL,DRY,UNKNOWN,ON SCENE,INJURY AND / OR TOW DUE TO CRASH,Y,,,"OVER $1,500",7/10/2022 18:24,NOT APPLICABLE,NOT APPLICABLE,6325,W,63RD ST,812,,,,,,,2,NO INDICATION OF INJURY,0,0,0,0,0,3,0,18,1,7,41.77759324,-87.77975953,POINT (-87.779759531339 41.77759323992)
5e0075a6554782ac63a6cd828a01283d5aaf80971d8b553341adb01fb6e48df7562b51f8e0662ff3f4819de81a869e80208671464574ee6b3b807751061739f6,JF108563,,1/10/2022 13:45,25,NO CONTROLS,NO CONTROLS,CLEAR,DAYLIGHT,PARKED MOTOR VEHICLE,NOT DIVIDED,,STRAIGHT AND LEVEL,DRY,NO DEFECTS,ON SCENE,NO INJURY / DRIVE AWAY,,,,$500 OR LESS,1/10/2022 13:48,IMPROPER LANE USAGE,NOT APPLICABLE,7810,S,WESTERN AVE,835,,,,,,,2,NO INDICATION OF INJURY,0,0,0,0,0,1,0,13,2,1,41.75155736,-87.68303331,POINT (-87.683033307712 41.751557357095)
5f6aba4e6724c8b0921fe7de0697119b9f1fa47b9a6264fd8470f77e2bedd49eef6ed0e7a0e77bbe089a1e1abff1b7be668c8eaf70f64c7a73c9b90658df99ee,JE452459,,11/21/2021 11:45,35,NO CONTROLS,NO CONTROLS,CLEAR,DAYLIGHT,PARKED MOTOR VEHICLE,ONE-WAY,,STRAIGHT AND LEVEL,DRY,NO DEFECTS,ON SCENE,NO INJURY / DRIVE AWAY,,,,"$501 - $1,500",11/21/2021 11:47,UNABLE TO DETERMINE,UNABLE TO DETERMINE,6615,S,LOWE AVE,723,,,,,,,2,NO INDICATION OF INJURY,0,0,0,0,0,1,0,11,1,11,41.77386626,-87.64056532,POINT (-87.640565316453 41.773866259591)
611e1aa3eb9402873f069ba004f6c85e285bb2bfb3859ebbf4f9b28c515fc67c698dd725ecc34831c1abdc8af92f43b85f48bb576610423ef39d1ea6e490dc40,JB427231,,9/8/2018 11:00,30,NO CONTROLS,NO CONTROLS,CLEAR,DAYLIGHT,REAR END,PARKING LOT,,STRAIGHT AND LEVEL,DRY,NO DEFECTS,,NO INJURY / DRIVE AWAY,,,,$500 OR LESS,9/8/2018 11:45,IMPROPER BACKING,NOT APPLICABLE,13221,S,INDIANA AVE,533,,,,,,,2,NO INDICATION OF INJURY,0,0,0,0,0,2,0,11,7,9,41.65453689,-87.6169388,POINT (-87.616938801299 41.654536890868)
5f95818839e1a5b90d05e97f65fe0bce9b1dc20870d56afa32bca2a436016e319da911d7798b0c5f5dca7decd4a81141418caee26361433f30f34ce503de182a,JE296699,,7/10/2021 10:40,15,NO CONTROLS,NO CONTROLS,CLEAR,DAYLIGHT,REAR END,PARKING LOT,,STRAIGHT AND LEVEL,DRY,NO DEFECTS,,NO INJURY / DRIVE AWAY,,Y,,"OVER $1,500",7/10/2021 10:43,IMPROPER BACKING,FOLLOWING TOO CLOSELY,4759,W,FULLERTON AVE,2522,,,,,,,2,NO INDICATION OF INJURY,0,0,0,0,0,4,0,10,7,7,41.92413043,-87.74623743,POINT (-87.746237433534 41.92413043084)
5f7c690047355d09d27eb5038746164c108f3d40a6a5323d6c3d8802c02e9e182a970794d6d4b76bac5f6c01ae67b2ac276065ca817d5b5fe028774749712a4e,JC549933,,12/17/2019 8:45,30,NO CONTROLS,NO CONTROLS,CLEAR,DAYLIGHT,ANGLE,FOUR WAY,,STRAIGHT AND LEVEL,DRY,NO DEFECTS,NOT ON SCENE (DESK REPORT),NO INJURY / DRIVE AWAY,Y,,,"OVER $1,500",12/17/2019 9:30,UNABLE TO DETERMINE,UNABLE TO DETERMINE,857,N,CENTRAL AVE,1524,,,,,,,2,NO INDICATION OF INJURY,0,0,0,0,0,2,0,8,3,12,41.89656804,-87.76530918,POINT (-87.765309183014 41.896568038684)
6040909bc80f58117512661eab66782fc2a3a3e40450c418e6f2b050ed7991920eef67470402335faa76b3c0e0804550f69e41c667e517dc1c864694f7c8597a,JE140121,,2/12/2021 17:30,30,NO CONTROLS,NO CONTROLS,CLEAR,"DARKNESS, LIGHTED ROAD",ANGLE,OTHER,,STRAIGHT AND LEVEL,DRY,NO DEFECTS,,NO INJURY / DRIVE AWAY,,,Y,"$501 - $1,500",2/12/2021 18:45,UNABLE TO DETERMINE,NOT APPLICABLE,6718,S,PULASKI RD,833,,,,,,,2,NO INDICATION OF INJURY,0,0,0,0,0,2,0,17,6,2,41.77079668,-87.72270817,POINT (-87.72270816984 41.77079668442)
60082a101f18d55cd9dac885cc0e30e84e72a9779dfe48ee9fc8f551c8419fdbbdc5c59ad29551e8997569823b99827f5d5dfd01095179d223bd8f3b57b29294,JC253161,,5/7/2019 10:00,25,NO CONTROLS,NO CONTROLS,CLEAR,DAYLIGHT,PARKED MOTOR VEHICLE,NOT DIVIDED,,STRAIGHT AND LEVEL,WET,NO DEFECTS,ON SCENE,NO INJURY / DRIVE AWAY,,,,$500 OR LESS,5/7/2019 10:02,IMPROPER BACKING,UNABLE TO DETERMINE,6240,W,BERTEAU AVE,1624,,,,,,,2,NO INDICATION OF INJURY,0,0,0,0,0,1,0,10,3,5,41.95672141,-87.78343488,POINT (-87.783434881738 41.956721404888)
5ebefcf0ca71b08106798e6d2f71378535dc0cfd771e4926a96a1ae0923857e1ad63dd0b246fd4c32c0141d5cf551c6fe3a61d6342ffef8636d542b0c58c2da2,JC405792,,8/24/2019 18:30,45,NO CONTROLS,NO CONTROLS,CLEAR,DAYLIGHT,REAR END,DIVIDED - W/MEDIAN BARRIER,,STRAIGHT ON HILLCREST,DRY,NO DEFECTS,ON SCENE,INJURY AND / OR TOW DUE TO CRASH,,,Y,"OVER $1,500",8/24/2019 18:36,NOT APPLICABLE,NOT APPLICABLE,8801,S,CHICAGO SKYWAY IB,423,,,,,,,2,NO INDICATION OF INJURY,0,0,0,0,0,2,0,18,7,8,,,
5eb68ee511cb30c96488eba7238c7c7972c38887c24fe0e0c868164396a17879a318c43d3ea0698078ecd8964457342f73ef4da49c905b58920cea56248bec01,JD321739,,8/5/2020 15:20,20,NO CONTROLS,NO CONTROLS,CLEAR,DAYLIGHT,TURNING,NOT DIVIDED,,STRAIGHT AND LEVEL,DRY,NO DEFECTS,ON SCENE,NO INJURY / DRIVE AWAY,,,,"OVER $1,500",8/5/2020 15:23,IMPROPER TURNING/NO SIGNAL,NOT APPLICABLE,4647,W,85TH ST,834,,,,,,,2,NO INDICATION OF INJURY,0,0,0,0,0,2,0,15,4,8,41.73813096,-87.73797244,POINT (-87.737972435798 41.738130960309)
5f936596b1d9fd02bd4c4ae7d9bbe7e87b0f7123f74a4acebf543d047769337105a546b1a6d67b9bbbe5282b2d6045877d25a63b2b43b43675fb5915a559b80d,JD346179,,8/26/2020 17:49,15,NO CONTROLS,NO CONTROLS,CLEAR,DAYLIGHT,ANGLE,OTHER,,STRAIGHT AND LEVEL,DRY,NO DEFECTS,ON SCENE,NO INJURY / DRIVE AWAY,,,,"OVER $1,500",8/26/2020 17:50,UNABLE TO DETERMINE,UNABLE TO DETERMINE,1649,W,83RD ST,614,,,,,,,2,NO INDICATION OF INJURY,0,0,0,0,0,4,0,17,4,8,41.74293618,-87.66519808,POINT (-87.665198080905 41.742936176151)
60871a34eedcb1c1f3b9f4774d77165bc5f20711d44f5926edd8cdba032163fffbfb0a507b4673ecc747826d619334a0bf7ceff7626d1c6f1943765f17e74fa8,JD217834,Y,4/26/2020 16:00,30,NO CONTROLS,NO CONTROLS,CLEAR,DAYLIGHT,FIXED OBJECT,ALLEY,,STRAIGHT AND LEVEL,DRY,NO DEFECTS,ON SCENE,NO INJURY / DRIVE AWAY,,Y,Y,"OVER $1,500",4/26/2020 19:12,UNABLE TO DETERMINE,NOT APPLICABLE,6605,W,SCHREIBER AVE,1611,,,,,,,1,NO INDICATION OF INJURY,0,0,0,0,0,1,0,16,1,4,41.99812625,-87.79255201,POINT (-87.792552012331 41.998126253041)
5e72268cde539313d99a06cbbbcc4043f6e07885d81c8c14db424815314dda826dd37e581e73fc327ae2ccee3906780c2c5e26d450a05dcf9c8ec39a1713fd38,JF168072,,3/9/2022 10:15,30,NO CONTROLS,NO CONTROLS,CLEAR,DAYLIGHT,ANIMAL,ONE-WAY,,STRAIGHT AND LEVEL,DRY,NO DEFECTS,ON SCENE,NO INJURY / DRIVE AWAY,,,,$500 OR LESS,3/9/2022 10:20,ANIMAL,ANIMAL,732,E,72ND ST,323,,,,,,,1,NO INDICATION OF INJURY,0,0,0,0,0,1,0,10,4,3,41.76414232,-87.6066939,POINT (-87.606693898176 41.764142318384)
601a58488b2ddd2e5117e7db3c5329643206241c4a42a034bf6aec54a2fac41c2653ffbc537478d285e0e3f9a73f900a2e5f8d9fce6a5662b2870c5714c35900,JE450267,,11/19/2021 11:01,30,NO CONTROLS,NO CONTROLS,CLEAR,DAYLIGHT,PEDESTRIAN,NOT DIVIDED,,STRAIGHT ON GRADE,DRY,NO DEFECTS,ON SCENE,INJURY AND / OR TOW DUE TO CRASH,,,,"OVER $1,500",11/19/2021 11:02,NOT APPLICABLE,NOT APPLICABLE,2323,W,111TH ST,2212,,,,,,,2,INCAPACITATING INJURY,1,0,1,0,0,1,0,11,6,11,41.6916792,-87.67977917,POINT (-87.679779172526 41.691679204031)
5f71ff748245d978286f8d0a3dc97060ee53968b0ee4d8f59e7e2926899c973abc1c3681a518b61935222cf5cfa5c194c74fe043db365047b17f0be0e8544264,JC421813,,9/5/2019 21:00,55,NO CONTROLS,NO CONTROLS,CLEAR,"DARKNESS, LIGHTED ROAD",SIDESWIPE SAME DIRECTION,DIVIDED - W/MEDIAN (NOT RAISED),,STRAIGHT AND LEVEL,DRY,NO DEFECTS,ON SCENE,NO INJURY / DRIVE AWAY,,,Y,"$501 - $1,500",9/5/2019 22:00,UNABLE TO DETERMINE,NOT APPLICABLE,9300,S,CHICAGO SKYWAY OB,423,,,,,,,2,NO INDICATION OF INJURY,0,0,0,0,0,2,0,21,5,9,,,
5e69ecc81e9d3e271e3c0618ba69a30bae99aaef10d648d88e9190fb139d99b7e4cae2be2698c9ed939571fbce76bb420e4f741581c8162287691387c6520ed3,JC368707,,7/28/2019 12:06,30,NO CONTROLS,NO CONTROLS,CLEAR,DAYLIGHT,PARKED MOTOR VEHICLE,ONE-WAY,,STRAIGHT AND LEVEL,DRY,NO DEFECTS,ON SCENE,NO INJURY / DRIVE AWAY,,,Y,"OVER $1,500",7/28/2019 20:08,IMPROPER LANE USAGE,NOT APPLICABLE,5956,W,CORTLAND ST,2531,,,,N,,,2,NO INDICATION OF INJURY,0,0,0,0,0,1,0,12,1,7,41.91435195,-87.77518084,POINT (-87.775180841336 41.914351949855)
5f7a6f0e2afd77f3c1dd272f1d6aa7e9379db5aea6265b8d1de8a754879af08f0063983b5ca01860aca6a6d0106ab6437e9f8a981fcd1b7eb3993b18ff6dff8e,JE153965,,2/27/2021 12:00,30,NO CONTROLS,NO CONTROLS,CLEAR,DAYLIGHT,PARKED MOTOR VEHICLE,NOT DIVIDED,,STRAIGHT AND LEVEL,DRY,UNKNOWN,ON SCENE,NO INJURY / DRIVE AWAY,,,Y,$500 OR LESS,2/27/2021 12:02,IMPROPER BACKING,NOT APPLICABLE,830,N,WABASH AVE,1833,,,,,,,2,NO INDICATION OF INJURY,0,0,0,0,0,5,0,12,7,2,41.89757713,-87.62702011,POINT (-87.627020110586 41.897577132941)
60cfd6ac9e4ad6df46ba876fc585afe1168a7e52c4e28f7937c286e6d85968ed17208e9956996eded5bab8a5efa378330be8af3ee74629a32a431b69e3b04bdc,JD117303,,1/15/2020 23:20,15,NO CONTROLS,NO CONTROLS,CLEAR,"DARKNESS, LIGHTED ROAD",REAR END,OTHER,,STRAIGHT AND LEVEL,DRY,NO DEFECTS,NOT ON SCENE (DESK REPORT),NO INJURY / DRIVE AWAY,,,,"$501 - $1,500",1/15/2020 23:20,NOT APPLICABLE,NOT APPLICABLE,405,W,OHARE ST,1654,,,,,,,2,NO INDICATION OF INJURY,0,0,0,0,0,2,0,23,4,1,,,
6100bf259608165974d031ef5ef30171e2a4b4aaef75e92b64e32ad30a8f92241bc4990c8d1f7c1609c856b7afe303de82dc1bf5abd657d89bac816d3c05f37e,JE189170,,4/4/2021 12:30,30,TRAFFIC SIGNAL,FUNCTIONING PROPERLY,CLEAR,DAYLIGHT,REAR END,NOT DIVIDED,,STRAIGHT AND LEVEL,DRY,NO DEFECTS,,NO INJURY / DRIVE AWAY,Y,,,"OVER $1,500",4/4/2021 12:42,IMPROPER LANE USAGE,NOT APPLICABLE,3154,W,MONTROSE AVE,1724,,,,,,,2,NO INDICATION OF INJURY,0,0,0,0,0,3,0,12,1,4,41.96129775,-87.70803081,POINT (-87.708030812501 41.961297748165)
5fc6c82877819a6679865431f462df6be4d49a7cd068e321cd898db786f83d93c046b97a61e2a1fc527f7bd5486f93178a194d8498f2da24f669f0693ca732f3,JD126134,,1/23/2020 17:20,30,NO CONTROLS,NO CONTROLS,SNOW,DUSK,REAR END,NOT DIVIDED,,STRAIGHT AND LEVEL,WET,NO DEFECTS,NOT ON SCENE (DESK REPORT),NO INJURY / DRIVE AWAY,,,Y,$500 OR LESS,1/23/2020 17:32,NOT APPLICABLE,NOT APPLICABLE,6300,S,WOOD ST,726,,,,,,,2,NO INDICATION OF INJURY,0,0,0,0,0,2,0,17,5,1,41.77930153,-87.66923369,POINT (-87.669233692983 41.779301525282)
5fb07ff248db26999593083aabb0445f29bc68afcc7e856002c522c1b8a5099b333566176f9b846241c1d7e6a8bb8e1b4bfc56145636c070d621514f145a633a,JA178475,,3/7/2017 15:21,25,NO CONTROLS,NO CONTROLS,CLEAR,DAYLIGHT,ANGLE,ALLEY,,STRAIGHT AND LEVEL,DRY,NO DEFECTS,NOT ON SCENE (DESK REPORT),NO INJURY / DRIVE AWAY,,,,"$501 - $1,500",3/7/2017 16:22,IMPROPER BACKING,NOT APPLICABLE,1542,N,KEATING AVE,2533,,,,,,,2,NO INDICATION OF INJURY,0,0,0,0,0,2,0,15,3,3,41.90910012,-87.74497904,POINT (-87.744979044029 41.909100116179)
6000bd6a7bb4443ea88ac72f851488610edd060597938f9a05e41ac0bbbbc81be34ff899e9b481d2e89e345e6afdc9c5e7b3ad6c5c61fafa066081159feda831,JD327651,,8/10/2020 19:03,30,NO CONTROLS,NO CONTROLS,CLEAR,DAYLIGHT,REAR END,NOT DIVIDED,,STRAIGHT AND LEVEL,DRY,NO DEFECTS,ON SCENE,NO INJURY / DRIVE AWAY,,,,"OVER $1,500",8/10/2020 19:03,UNABLE TO DETERMINE,UNABLE TO DETERMINE,2527,N,HARLEM AVE,2512,,,,,,,2,NO INDICATION OF INJURY,0,0,0,0,0,2,0,19,2,8,41.92613191,-87.8061827,POINT (-87.806182697266 41.926131909926)
5ecf3abb48341c5ffe30e79f7dc57d08ebc08c76eeabb651937a936376732c55439bd065e648ef40b9e25260b878fc4318bffd7af31fc23ca5762a7a58b27677,JC407630,,8/26/2019 7:01,35,NO CONTROLS,NO CONTROLS,RAIN,DAYLIGHT,REAR END,ONE-WAY,,STRAIGHT AND LEVEL,WET,NO DEFECTS,NOT ON SCENE (DESK REPORT),NO INJURY / DRIVE AWAY,,,Y,"$501 - $1,500",8/26/2019 7:02,FAILING TO REDUCE SPEED TO AVOID CRASH,FOLLOWING TOO CLOSELY,13,W,I190 EXPY,1654,,,,,,,2,NO INDICATION OF INJURY,0,0,0,0,0,2,0,7,2,8,,,
60508fffee316dfdb895cd3dcd432898b1d33a55459ecdb2f7b48d0db9d54489505c3300fc8e607876b538c027501febaace1825e9691e0135a426fc5d21837c,JB413228,,8/29/2018 3:35,30,NO CONTROLS,NO CONTROLS,RAIN,"DARKNESS, LIGHTED ROAD",FIXED OBJECT,NOT DIVIDED,,STRAIGHT AND LEVEL,WET,UNKNOWN,ON SCENE,INJURY AND / OR TOW DUE TO CRASH,,,,"OVER $1,500",8/29/2018 3:35,WEATHER,NOT APPLICABLE,4951,N,CICERO AVE,1712,,,,,,,1,NO INDICATION OF INJURY,0,0,0,0,0,1,0,3,4,8,41.97139666,-87.7477507,POINT (-87.747750699889 41.97139665882)
5f7b16a9d355ed011a9997d6429af46de32772e1421b7baa36bf020d97db6e88973fece1319b4b26647a0b20d093a0af80300a6d7313ba61932444c5495ca179,JC346975,,7/13/2019 12:03,30,TRAFFIC SIGNAL,FUNCTIONING PROPERLY,CLEAR,DAYLIGHT,TURNING,T-INTERSECTION,,STRAIGHT AND LEVEL,DRY,NO DEFECTS,ON SCENE,NO INJURY / DRIVE AWAY,Y,,,"OVER $1,500",7/13/2019 12:19,NOT APPLICABLE,NOT APPLICABLE,1,S,MICHIGAN AVE,114,,,,,,,2,NO INDICATION OF INJURY,0,0,0,0,0,3,0,12,7,7,41.8820484,-87.62421733,POINT (-87.62421733025 41.882048397571)
6215afb3a74e27db6af1e0e908cc2acfd85c2721326ffad8eb2348bf80859f52e84d331324dd83a7f409167d5c416641202de077cf705c8d6a6c284103b3f2bb,JB476303,,10/15/2018 11:37,25,NO CONTROLS,NO CONTROLS,CLEAR,DAYLIGHT,REAR END,NOT DIVIDED,2,STRAIGHT AND LEVEL,DRY,NO DEFECTS,ON SCENE,NO INJURY / DRIVE AWAY,,,,"OVER $1,500",10/15/2018 11:42,IMPROPER BACKING,FAILING TO YIELD RIGHT-OF-WAY,2500,N,PULASKI RD,2524,,,,,,,2,NO INDICATION OF INJURY,0,0,0,0,0,3,0,11,2,10,41.92640958,-87.72697159,POINT (-87.726971584675 41.926409575286)
634cd7217e60b580b3fa240f52f921f50451a06b9da0a40fd7b64f18e43524a3b8ad599ca43427f24da1b2fb5138f335f8cc2b2522f5c10cd8474a0e1ad3b011,JB121794,,1/19/2018 12:50,20,NO CONTROLS,NO CONTROLS,CLEAR,DAYLIGHT,ANGLE,NOT DIVIDED,,STRAIGHT AND LEVEL,SNOW OR SLUSH,NO DEFECTS,ON SCENE,NO INJURY / DRIVE AWAY,,,,"OVER $1,500",1/19/2018 12:53,IMPROPER BACKING,WEATHER,821,W,116TH ST,524,,,,,,,4,NO INDICATION OF INJURY,0,0,0,0,0,2,0,12,6,1,41.68316764,-87.64291471,POINT (-87.642914707125 41.683167634552)
640db6f3e8ffd5be94503acdb2da817dd1331b8f75da1db1e3b75782226febbd8f1c67a303857a3b46a6e4c8ade3a41143995fc3a5b56f471ca84b89320b2517,JE133746,,2/5/2021 20:35,30,UNKNOWN,UNKNOWN,UNKNOWN,UNKNOWN,REAR END,ONE-WAY,,STRAIGHT AND LEVEL,ICE,UNKNOWN,NOT ON SCENE (DESK REPORT),NO INJURY / DRIVE AWAY,,,,"$501 - $1,500",2/5/2021 21:00,NOT APPLICABLE,NOT APPLICABLE,701,W,BRIAR PL,1934,,,,,,,2,NO INDICATION OF INJURY,0,0,0,0,0,2,0,20,6,2,41.93900773,-87.64692332,POINT (-87.646923315362 41.939007732842)