CRASH_RECORD_ID,RD_NO,CRASH_DATE_EST_I,CRASH_DATE,POSTED_SPEED_LIMIT,TRAFFIC_CONTROL_DEVICE,DEVICE_CONDITION,WEATHER_CONDITION,LIGHTING_CONDITION,FIRST_CRASH_TYPE,TRAFFICWAY_TYPE,LANE_CNT,ALIGNMENT,ROADWAY_SURFACE_COND,ROAD_DEFECT,REPORT_TYPE,CRASH_TYPE,INTERSECTION_RELATED_I,NOT_RIGHT_OF_WAY_I,HIT_AND_RUN_I,DAMAGE,DATE_POLICE_NOTIFIED,PRIM_CONTRIBUTORY_CAUSE,SEC_CONTRIBUTORY_CAUSE,STREET_NO,STREET_DIRECTION,STREET_NAME,BEAT_OF_OCCURRENCE,PHOTOS_TAKEN_I,STATEMENTS_TAKEN_I,DOORING_I,WORK_ZONE_I,WORK_ZONE_TYPE,WORKERS_PRESENT_I,NUM_UNITS,MOST_SEVERE_INJURY,INJURIES_TOTAL,INJURIES_FATAL,INJURIES_INCAPACITATING,INJURIES_NON_INCAPACITATING,INJURIES_REPORTED_NOT_EVIDENT,INJURIES_NO_INDICATION,INJURIES_UNKNOWN,CRASH_HOUR,CRASH_DAY_OF_WEEK,CRASH_MONTH,LATITUDE,LONGITUDE,LOCATION
63524f69844260a0cb6a7a70053939481a3895e6d6a8553650805e7cd4875e372cf59dd2ade23ee3516e7c664d38c6a222243647e990832eae62b8ee0a66ef8b,JC377749,,8/4/2019 6:21,35,NO CONTROLS,NO CONTROLS,CLEAR,DAWN,FIXED OBJECT,NOT DIVIDED,,STRAIGHT AND LEVEL,DRY,NO DEFECTS,ON SCENE,INJURY AND / OR TOW DUE TO CRASH,,,,"OVER $1,500",8/4/2019 6:21,UNABLE TO DETERMINE,NOT APPLICABLE,4321,W,LAKE ST,1114,,,,,,,1,"REPORTED, NOT EVIDENT",2,0,0,0,2,0,0,6,1,8,41.88582648,-87.73408367,POINT (-87.734083667793 41.885826478802)
6463c0b015470a691ad57d00512d79ce113b4a2c6f92c0a853631ee3e4238f94c444507bbbfefd9c5667f705acc24e79e66b7fd3aef085e590221a6a366e2077,JC561109,,12/26/2019 17:25,30,UNKNOWN,UNKNOWN,CLEAR,DUSK,REAR END,UNKNOWN,,STRAIGHT AND LEVEL,DRY,UNKNOWN,NOT ON SCENE (DESK REPORT),NO INJURY / DRIVE AWAY,,,,$500 OR LESS,12/26/2019 18:00,IMPROPER BACKING,NOT APPLICABLE,13770,S,AVENUE O,433,,,,,,,2,NO INDICATION OF INJURY,0,0,0,0,0,3,0,17,5,12,41.64467013,-87.54009461,POINT (-87.540094605377 41.644670132198)
63738eb5c7ad80385de8537cd0cee0b1c4b5eaddeb7b6a6d0a052cfb49a399a92b83ed938f6792ed1db7f3196fdba6b1bfe4e83828015b2c745ca710ae72cdd2,JD176212,,3/6/2020 13:30,30,TRAFFIC SIGNAL,OTHER,CLEAR,DAYLIGHT,REAR END,OTHER,,STRAIGHT AND LEVEL,DRY,UNKNOWN,NOT ON SCENE (DESK REPORT),NO INJURY / DRIVE AWAY,Y,,,"$501 - $1,500",3/6/2020 14:25,FOLLOWING TOO CLOSELY,NOT APPLICABLE,4000,W,COLUMBUS AVE,834,,,,,,,2,NO INDICATION OF INJURY,0,0,0,0,0,2,0,13,6,3,41.73563479,-87.72162239,POINT (-87.721622389173 41.73563478707)
62d219f5b3797b7ad26f3a4bb9bf4e672b68c9ea51fb5474f48f7dc068a114a5909da3651f6d5ffafa50ff734969d9f0b670d7b2207286e5464874736baab97a,JE423190,,10/26/2021 14:54,30,NO CONTROLS,NO CONTROLS,CLEAR,DAYLIGHT,REAR END,OTHER,,STRAIGHT AND LEVEL,DRY,NO DEFECTS,ON SCENE,NO INJURY / DRIVE AWAY,,,,"OVER $1,500",10/26/2021 15:10,UNABLE TO DETERMINE,UNABLE TO DETERMINE,901,S,ASHLAND AVE,1231,,,,,,,2,NO INDICATION OF INJURY,0,0,0,0,0,3,0,14,3,10,41.87038616,-87.66634066,POINT (-87.666340663907 41.870386161123)
61e805aaf1eaa7758d99895fccfec3c24cbc71ea6e0481baa0c9f915c1cd83d4cea0655cd3c320f9062cbb0ad6ab29825ea012d990832eba3d715b262f61c40f,HZ224662,,4/13/2016 15:30,20,NO CONTROLS,NO CONTROLS,CLEAR,DAYLIGHT,ANGLE,ALLEY,2,STRAIGHT AND LEVEL,DRY,UNKNOWN,NOT ON SCENE (DESK REPORT),NO INJURY / DRIVE AWAY,,,,"$501 - $1,500",4/13/2016 17:00,UNABLE TO DETERMINE,UNABLE TO DETERMINE,7618,N,SHERIDAN RD,2422,,,,,,,2,NO INDICATION OF INJURY,0,0,0,0,0,2,0,15,4,4,42.01986688,-87.66637545,POINT (-87.666375446259 42.019866879878)
6491f8f3dc8dd68c84307c868f86c99fd31e2c98b120ffc32ba05b0a25c39306d9566ecbfe09533accb361840e21275c941395bf38ddf53ce6acd5856e1ce846,JB109863,,1/9/2018 13:33,30,NO CONTROLS,NO CONTROLS,CLEAR,DAYLIGHT,REAR END,NOT DIVIDED,2,STRAIGHT AND LEVEL,DRY,NO DEFECTS,ON SCENE,NO INJURY / DRIVE AWAY,,,,"OVER $1,500",1/9/2018 13:33,FOLLOWING TOO CLOSELY,UNABLE TO DETERMINE,1547,N,CALIFORNIA AVE,1423,,,,,,,2,NO INDICATION OF INJURY,0,0,0,0,0,3,0,13,3,1,41.90978724,-87.69689972,POINT (-87.696899720258 41.909787237822)
6299a4895978ba395e6c7a7c51515cf490ce51b8f6c4f1ea0170b4dfe73a80adb7e1012afb36478010adedb1d439c0215f730ab8e4f1d3c97d9f9716090c20e8,JC275533,,5/23/2019 17:00,30,NO CONTROLS,NO CONTROLS,CLEAR,DAYLIGHT,TURNING,NOT DIVIDED,,STRAIGHT AND LEVEL,DRY,UNKNOWN,ON SCENE,NO INJURY / DRIVE AWAY,,,,"$501 - $1,500",5/23/2019 17:02,UNABLE TO DETERMINE,IMPROPER LANE USAGE,1454,W,47TH ST,924,,,,,,,2,NO INDICATION OF INJURY,0,0,0,0,0,3,0,17,5,5,41.80874937,-87.66230696,POINT (-87.662306960034 41.808749374011)
63a0e13955e765296e4ed50670f7cd40a5ecbbf1910f00dd4a64046b2d571f76f21e5943de81280da8fe3d3b9b90bdd9f61a9a3f33159157eaa37d7a07dfd5fa,JC121503,,1/18/2019 12:40,30,UNKNOWN,UNKNOWN,UNKNOWN,UNKNOWN,ANGLE,OTHER,,STRAIGHT AND LEVEL,UNKNOWN,UNKNOWN,NOT ON SCENE (DESK REPORT),NO INJURY / DRIVE AWAY,,,,"OVER $1,500",1/18/2019 13:10,UNABLE TO DETERMINE,NOT APPLICABLE,4402,N,CICERO AVE,1623,,,,,,,2,NO INDICATION OF INJURY,0,0,0,0,0,2,0,12,6,1,41.96084437,-87.74769464,POINT (-87.747694636661 41.960844368621)
636559f4d05c4f6479a699e5e56ced06a997590f8b90ea1ccb1dc5c7d6c12c7d2234917a250082c0d0de98ab03ed0f26774f276f235f66f21ac789736e1c0162,JB115982,,1/13/2018 18:00,30,UNKNOWN,UNKNOWN,CLEAR,"DARKNESS, LIGHTED ROAD",FIXED OBJECT,NOT DIVIDED,3,STRAIGHT AND LEVEL,DRY,NO DEFECTS,NOT ON SCENE (DESK REPORT),NO INJURY / DRIVE AWAY,,Y,,"OVER $1,500",1/14/2018 14:20,UNABLE TO DETERMINE,UNABLE TO DETERMINE,5708,N,OLEANDER AVE,1612,,,,,,,1,,,,,,,,,18,7,1,41.98360523,-87.81608631,POINT (-87.816086306829 41.983605227398)
633d74c7ef8a36350057fa384b71c704c87ff25adc411693ed5d11ad1f5133be3f0a4bd2a0b78a6458efbe77d53c1183ac44e7638522f2cbcaa7d49205874ce8,JA137828,,2/1/2017 1:11,25,NO CONTROLS,NO CONTROLS,CLEAR,DAYLIGHT,PARKED MOTOR VEHICLE,ONE-WAY,1,STRAIGHT AND LEVEL,DRY,NO DEFECTS,ON SCENE,NO INJURY / DRIVE AWAY,,,,"OVER $1,500",2/1/2017 1:11,NOT APPLICABLE,NOT APPLICABLE,6513,S,WOLCOTT AVE,726,,,,,,,2,NO INDICATION OF INJURY,0,0,0,0,0,1,0,1,4,2,41.77531103,-87.67124003,POINT (-87.671240025309 41.775311031669)
6463293e5d93ea0b0e3de8e6067a0452918a933dab21a6e94d2044d8c74270ddaffdbf6f97f860202b481da62afb48eeadd767fe6ea2cd2229525dd81585c65f,JC509169,,11/12/2019 17:30,30,TRAFFIC SIGNAL,UNKNOWN,CLEAR,DAYLIGHT,TURNING,ONE-WAY,,STRAIGHT AND LEVEL,ICE,NO DEFECTS,NOT ON SCENE (DESK REPORT),NO INJURY / DRIVE AWAY,,,,"OVER $1,500",11/13/2019 15:54,FOLLOWING TOO CLOSELY,NOT APPLICABLE,4301,S,LA SALLE ST,215,,,,,,,2,NO INDICATION OF INJURY,0,0,0,0,0,2,0,17,3,11,41.81644021,-87.62929314,POINT (-87.629293136164 41.816440210995)
618e96e564357053ca1a4d3bf09eecc5203b33b5417e93462f430f4c4846b3e6c36ff00836537e64163a133163f7b9382f0c2cfbeebb54731855e9c2d8a06222,JC337193,,7/5/2019 17:00,30,NO CONTROLS,NO CONTROLS,CLEAR,DAYLIGHT,PEDALCYCLIST,NOT DIVIDED,,STRAIGHT AND LEVEL,DRY,NO DEFECTS,,NO INJURY / DRIVE AWAY,,,,"$501 - $1,500",7/6/2019 11:40,UNABLE TO DETERMINE,NOT APPLICABLE,1520,W,NORTH AVE,1433,,,,,,,2,NO INDICATION OF INJURY,0,0,0,0,0,3,0,17,6,7,41.91076195,-87.666121,POINT (-87.666120995872 41.910761948707)
63185258fd6f4a3bab997ea972292eddcaaa2786ecb5ac11667a039a6b882dc2e028e8f333b8e2b57b00738acd95560f7454be2a1ad22a7f79859b7812fa8fd4,JC452227,,9/28/2019 18:13,30,NO CONTROLS,NO CONTROLS,CLEAR,DAYLIGHT,REAR END,NOT DIVIDED,,STRAIGHT AND LEVEL,DRY,NO DEFECTS,ON SCENE,NO INJURY / DRIVE AWAY,,,,"$501 - $1,500",9/28/2019 18:33,UNABLE TO DETERMINE,UNABLE TO DETERMINE,130,N,CENTRAL AVE,1512,,,,,,,2,NO INDICATION OF INJURY,0,0,0,0,0,3,0,18,7,9,41.88318077,-87.76510695,POINT (-87.765106953753 41.883180773455)
63e17e58421440c8fa45e73e77453799d795accef79df4a4873f7a7b57bf03d4d50e342d48f72a90bac23300396b900c96531c0039df982d00241e5f41f63485,JB257909,,5/10/2018 12:30,25,NO CONTROLS,NO CONTROLS,CLEAR,DAYLIGHT,PARKED MOTOR VEHICLE,ONE-WAY,,STRAIGHT AND LEVEL,DRY,NO DEFECTS,ON SCENE,NO INJURY / DRIVE AWAY,,,Y,"OVER $1,500",5/10/2018 12:40,UNABLE TO DETERMINE,NOT APPLICABLE,2847,W,CULLERTON ST,1023,,,,,,,2,NO INDICATION OF INJURY,0,0,0,0,0,1,0,12,5,5,41.85452589,-87.69742507,POINT (-87.697425066854 41.854525890682)
61dba233336c1b2764c19d9e8a28d602f943bc48b841cb189285a6dcf0b074cadcd6a11d8f407d9172ac672aa4d77acd504c713762e8399d1fb51f776b173724,JD147805,,2/11/2020 10:45,10,NO CONTROLS,NO CONTROLS,CLEAR,DAYLIGHT,ANGLE,PARKING LOT,,STRAIGHT AND LEVEL,DRY,NO DEFECTS,ON SCENE,NO INJURY / DRIVE AWAY,,Y,,"$501 - $1,500",2/11/2020 11:40,UNABLE TO DETERMINE,NOT APPLICABLE,2233,W,DIVISION ST,1212,,,,,,,2,NO INDICATION OF INJURY,0,0,0,0,0,2,0,10,3,2,41.90297191,-87.68348493,POINT (-87.683484931346 41.902971912262)
618b9a7b60422c5e17a9cc10075a9f2ac04a14bacca69e8b94fcd28f0621a206dbd98f7b29ec0bd500c1102359148ea112b0e38915147ffb2ba6c859f48bb89a,JB431030,,9/11/2018 12:34,10,NO CONTROLS,NO CONTROLS,CLEAR,DAYLIGHT,TURNING,PARKING LOT,1,STRAIGHT AND LEVEL,DRY,NO DEFECTS,ON SCENE,NO INJURY / DRIVE AWAY,,,,"$501 - $1,500",9/11/2018 12:34,IMPROPER TURNING/NO SIGNAL,NOT APPLICABLE,3159,W,CERMAK RD,1033,,,,,,,2,NO INDICATION OF INJURY,0,0,0,0,0,2,0,12,3,9,41.85165629,-87.70519089,POINT (-87.705190885558 41.85165629222)
62d661bda23bc30dc7a497b5302a896f67cc4c658cc8d1042a6dbb2ad47deeb03fb0699564a374856b0ddd05d4e9ab14d9fb9763d462834ef2c76f46f4514ec8,JB253186,,5/7/2018 7:45,15,NO CONTROLS,NO CONTROLS,CLEAR,DAYLIGHT,TURNING,PARKING LOT,0,STRAIGHT AND LEVEL,DRY,NO DEFECTS,NOT ON SCENE (DESK REPORT),NO INJURY / DRIVE AWAY,,N,,"OVER $1,500",5/7/2018 7:48,IMPROPER BACKING,NOT APPLICABLE,3601,W,GRAND AVE,1112,,,,,,,2,NO INDICATION OF INJURY,0,0,0,0,0,5,0,7,2,5,41.90216858,-87.7166763,POINT (-87.716676295771 41.902168574993)
67af3bde99ad12919c43fe71c5f753eb43af78c079d705906f6cb002d711eebd3fbdefafd8eeef3e7923ea45303aa9ecff4a509842e0b894eb7be5c93dda52bd,JD453378,,12/8/2020 16:00,30,UNKNOWN,UNKNOWN,UNKNOWN,UNKNOWN,REAR END,NOT DIVIDED,,STRAIGHT AND LEVEL,UNKNOWN,UNKNOWN,NOT ON SCENE (DESK REPORT),NO INJURY / DRIVE AWAY,,,,"OVER $1,500",12/8/2020 16:30,UNABLE TO DETERMINE,NOT APPLICABLE,1649,W,ADDISON ST,1922,,,,,,,3,NO INDICATION OF INJURY,0,0,0,0,0,3,0,16,3,12,41.94685643,-87.67080913,POINT (-87.67080913181 41.946856430289)
656e5f5a472b10b87cb42879e818f94543c8e1c8a8cae21f0e39ed1e5758393422bd05b242b3d6288f02f4efeaf563f4ff4c77e9baab5978b8096b6c580f0215,HZ560864,,12/22/2016 7:27,30,UNKNOWN,UNKNOWN,CLEAR,DAYLIGHT,TURNING,NOT DIVIDED,2,STRAIGHT AND LEVEL,WET,NO DEFECTS,,NO INJURY / DRIVE AWAY,Y,,,"$501 - $1,500",12/22/2016 8:10,UNABLE TO DETERMINE,UNABLE TO DETERMINE,5200,N,DAMEN AVE,2012,,,,,,,2,NO INDICATION OF INJURY,0,0,0,0,0,2,0,7,5,12,41.97607494,-87.67955246,POINT (-87.679552456208 41.976074934899)
67cb8682c0b099e84ab726006490fdd53b12a8355ae28265be850a7aa781c87a2df1713c9297d3bcb7b07fd50967049383afd4bafb232ddfc806b6e42b8d3eec,JF143804,Y,2/13/2022 22:00,20,UNKNOWN,UNKNOWN,UNKNOWN,UNKNOWN,REAR END,UNKNOWN,,STRAIGHT AND LEVEL,UNKNOWN,UNKNOWN,ON SCENE,NO INJURY / DRIVE AWAY,,,N,"$501 - $1,500",2/14/2022 8:35,NOT APPLICABLE,NOT APPLICABLE,3610,N,OLEANDER AVE,1631,,,,,,,2,NO INDICATION OF INJURY,0,0,0,0,0,2,0,22,1,2,41.94545311,-87.81571825,POINT (-87.815718247835 41.945453113381)
67d7cd7d088cca4182038d7f7e7e899cc16ab6797e886cbd9837c97b8ea65d5e7c6f3eb43a111bac62516fa9d60f4b4d1b8c46938c989767ef46a6bf25c45607,JC336729,,7/5/2019 23:21,30,STOP SIGN/FLASHER,FUNCTIONING PROPERLY,CLEAR,DUSK,PARKED MOTOR VEHICLE,ONE-WAY,,STRAIGHT AND LEVEL,DRY,NO DEFECTS,,INJURY AND / OR TOW DUE TO CRASH,,,,"OVER $1,500",7/5/2019 23:28,DISTRACTION - FROM OUTSIDE VEHICLE,NOT APPLICABLE,2658,N,MONITOR AVE,2514,,,,,,,2,,,,,,,,,23,6,7,41.92926932,-87.77240166,POINT (-87.772401664121 41.929269314847)
66f92167de815fedf836db07690df84fc3242a61716da16e21b9f8c651a6cd5925fc5325955e4149edf8f9b0ac7b1147def1d4899f5399f2a894ed22d4a1d584,JF200616,,4/7/2022 16:45,30,NO CONTROLS,NO CONTROLS,RAIN,DAYLIGHT,REAR END,DIVIDED - W/MEDIAN (NOT RAISED),,CURVE ON GRADE,WET,NO DEFECTS,ON SCENE,NO INJURY / DRIVE AWAY,,,,"OVER $1,500",4/7/2022 16:55,UNABLE TO DETERMINE,UNABLE TO DETERMINE,12700,W,IRVING PARK RD,1654,,,,,,,2,NO INDICATION OF INJURY,0,0,0,0,0,2,0,16,5,4,,,
667ae63bf6901e384cb762f927767ce0e024bddca220dfa01f40972f795baaf779f2ab76ee30a18f87243c5096485fca8f9d57252ca07d7bb55f0a923e71553b,JF229168,,5/3/2022 17:55,30,NO CONTROLS,NO CONTROLS,CLEAR,DAYLIGHT,ANGLE,ONE-WAY,,STRAIGHT AND LEVEL,WET,NO DEFECTS,NOT ON SCENE (DESK REPORT),NO INJURY / DRIVE AWAY,,,,"OVER $1,500",5/3/2022 18:40,UNABLE TO DETERMINE,NOT APPLICABLE,4232,W,WABANSIA AVE,2534,,,,,,,2,NO INDICATION OF INJURY,0,0,0,0,0,2,0,17,3,5,41.91173358,-87.73263964,POINT (-87.732639644207 41.911733580982)
675ba4d79903c0335f667b6efc97323abf352d23ac719740d71c9fa09fed456def8b055512d9711713b45e7639d28bb05c4c1546ec765df1eab41d57b446cbbe,JB417946,,9/1/2018 13:40,10,STOP SIGN/FLASHER,FUNCTIONING PROPERLY,CLEAR,DAYLIGHT,TURNING,OTHER,,STRAIGHT AND LEVEL,DRY,NO DEFECTS,ON SCENE,INJURY AND / OR TOW DUE TO CRASH,Y,,,"OVER $1,500",9/1/2018 13:41,DRIVING SKILLS/KNOWLEDGE/EXPERIENCE,IMPROPER TURNING/NO SIGNAL,600,E,ILLINOIS ST,1834,,,,,,,2,NO INDICATION OF INJURY,0,0,0,0,0,2,0,13,7,9,,,
64ead4cfddc25a588791f6f674efa634e1ed84689957d041eee67d365f16cca00a2df22178d1bd798c37a5bb5ec8ed61fe8f41016485178a156419afedf540e3,JC289212,,6/2/2019 16:58,15,NO CONTROLS,NO CONTROLS,CLEAR,DAYLIGHT,REAR END,ONE-WAY,,STRAIGHT AND LEVEL,DRY,NO DEFECTS,ON SCENE,NO INJURY / DRIVE AWAY,,,,"$501 - $1,500",6/2/2019 17:02,NOT APPLICABLE,NOT APPLICABLE,3736,N,CENTRAL PARK AVE,1732,,,,,,,2,NO INDICATION OF INJURY,0,0,0,0,0,4,0,16,1,6,41.94943269,-87.71784022,POINT (-87.717840223876 41.949432686099)
66515aa09a8e297b8a7bfd4b4b3c84ff0ca9cb300ca7370e028126747bff4a7ff50f027283bc207b4dec89b95389e971666e825fc8ec53607c3ea869fc5406ef,JC518878,,11/21/2019 11:10,25,NO CONTROLS,NO CONTROLS,RAIN,DAYLIGHT,PARKED MOTOR VEHICLE,OTHER,,STRAIGHT AND LEVEL,WET,NO DEFECTS,ON SCENE,INJURY AND / OR TOW DUE TO CRASH,,,,"$501 - $1,500",11/21/2019 11:17,NOT APPLICABLE,NOT APPLICABLE,6240,S,TROY ST,823,,,,,,,2,NO INDICATION OF INJURY,0,0,0,0,0,1,0,11,5,11,41.77958638,-87.70208237,POINT (-87.702082370969 41.779586380844)
657b1c9c1b393395620178cf52cfb65058af6c70d2272a0dea8a85027b8627bff9b436bca5e3ff20fa5292927925055b2c1acf15cc0e2b2b500c2b32fb72bbc0,JE455835,,11/24/2021 15:05,30,NO CONTROLS,NO CONTROLS,CLEAR,DAYLIGHT,TURNING,NOT DIVIDED,,STRAIGHT AND LEVEL,DRY,UNKNOWN,ON SCENE,NO INJURY / DRIVE AWAY,,,Y,"OVER $1,500",11/24/2021 15:10,IMPROPER TURNING/NO SIGNAL,NOT APPLICABLE,850,W,35TH ST,913,,,,,,,2,NO INDICATION OF INJURY,0,0,0,0,0,2,0,15,4,11,41.83083351,-87.64817145,POINT (-87.648171449527 41.83083350983)
6783e3445b0305895a577bc1161faf6861de22cb4843b3c2b11e6a6cf44cef4b4a4e9883f759e831a6f37021984b346be4a2998b2f2460efaef7b218931e854f,JC303326,,6/12/2019 13:45,20,NO CONTROLS,NO CONTROLS,RAIN,DAYLIGHT,SIDESWIPE SAME DIRECTION,ONE-WAY,,STRAIGHT AND LEVEL,WET,NO DEFECTS,ON SCENE,NO INJURY / DRIVE AWAY,,,,"OVER $1,500",6/12/2019 13:50,UNABLE TO DETERMINE,NOT APPLICABLE,3,W,TERMINAL ST,1653,,,,,,,2,NO INDICATION OF INJURY,0,0,0,0,0,2,0,13,4,6,,,
650d45d405251be360e2471ab0bae0636be17cc6e22c1dd63cec446a359c42a91a4437d44c8456a4867161d0888fe462d3600781acad9d21882444953a7474f1,JA532043,,12/1/2017 9:30,30,NO CONTROLS,NO CONTROLS,CLEAR,DAYLIGHT,REAR END,NOT DIVIDED,4,STRAIGHT AND LEVEL,DRY,NO DEFECTS,ON SCENE,NO INJURY / DRIVE AWAY,,,,"OVER $1,500",12/1/2017 9:40,FOLLOWING TOO CLOSELY,NOT APPLICABLE,1856,W,87TH ST,614,,,,,,,2,NO INDICATION OF INJURY,0,0,0,0,0,2,0,9,6,12,41.73580514,-87.67022098,POINT (-87.670220977135 41.735805139232)
67156b2a55f313d3ea53494c1d136bbf9bf27a075876cb742ca06d223ef212d96c04d9eea9e1b9abc8d594d828f56250966aa33c42bb9dd5a8d5bd77951701ac,JF271760,N,6/5/2022 2:00,30,UNKNOWN,UNKNOWN,UNKNOWN,DARKNESS,FIXED OBJECT,ALLEY,,STRAIGHT AND LEVEL,UNKNOWN,UNKNOWN,ON SCENE,NO INJURY / DRIVE AWAY,,,,"OVER $1,500",6/8/2022 8:48,UNABLE TO DETERMINE,NOT APPLICABLE,1330,S,KILDARE AVE,1011,,,,,,,1,NO INDICATION OF INJURY,0,0,0,0,0,1,0,2,1,6,41.86329842,-87.73257329,POINT (-87.732573287537 41.863298417267)
678933042061e034c04076e2f126499f0447106f08c9a37e4634aefabd60563fc05ea04136268c382b5a7e63bf512ba3fc1ef15a8d60c9324c1ab29a5f7b74d1,JA506744,,11/10/2017 15:56,30,STOP SIGN/FLASHER,FUNCTIONING PROPERLY,SNOW,DUSK,ANGLE,NOT DIVIDED,,STRAIGHT AND LEVEL,ICE,NO DEFECTS,NOT ON SCENE (DESK REPORT),NO INJURY / DRIVE AWAY,Y,,,"OVER $1,500",11/10/2017 15:57,WEATHER,WEATHER,399,W,LOCUST ST,1823,,,,,,,3,NO INDICATION OF INJURY,0,0,0,0,0,2,0,15,6,11,41.89881432,-87.63869048,POINT (-87.638690480473 41.898814317803)
6667726df8ac8bc49693e24df68451a1702a2359113b856f174f3cfc695e36edf5b825d67b770ef61f5ad0a18d58df95828e313cd467ca7d6d5ed03ac6ce9911,HZ399804,,8/20/2016 9:00,30,NO CONTROLS,NO CONTROLS,RAIN,DAYLIGHT,REAR END,NOT DIVIDED,4,STRAIGHT AND LEVEL,WET,NO DEFECTS,NOT ON SCENE (DESK REPORT),NO INJURY / DRIVE AWAY,,,,"OVER $1,500",8/20/2016 9:35,FOLLOWING TOO CLOSELY,WEATHER,2430,N,CANNON DR,1935,,,,,,,2,NO INDICATION OF INJURY,0,0,0,0,0,2,0,9,7,8,41.92669579,-87.63430645,POINT (-87.634306449945 41.926695784661)
66f31ed3ebec92c5d48d8227bf9eb32db551192b5b179431308f0ba6363e697886122fdcbdf84bc0424b056f257357d2f9b024c5908e3ba248f62009078e9c17,JE377517,,9/16/2021 23:15,30,NO CONTROLS,NO CONTROLS,CLEAR,UNKNOWN,PARKED MOTOR VEHICLE,OTHER,,STRAIGHT AND LEVEL,DRY,NO DEFECTS,,NO INJURY / DRIVE AWAY,,,Y,"OVER $1,500",9/17/2021 17:58,UNABLE TO DETERMINE,UNABLE TO DETERMINE,4907,S,DORCHESTER AVE,222,,,,,,,2,NO INDICATION OF INJURY,0,0,0,0,0,1,0,23,5,9,41.80579509,-87.59176583,POINT (-87.591765824677 41.805795087913)
6ac8470fb4df691db1d42a7ad59d389cbdb666cd7b1df38b17126e95dffcb1b5c89dcf70fce439c9929caf436db62dfc445c9228d6f08376a55b9eefdfc107bb,JC306848,,6/14/2019 22:15,30,NO CONTROLS,NO CONTROLS,CLEAR,DARKNESS,PARKED MOTOR VEHICLE,PARKING LOT,,STRAIGHT AND LEVEL,DRY,NO DEFECTS,NOT ON SCENE (DESK REPORT),NO INJURY / DRIVE AWAY,,Y,,$500 OR LESS,6/14/2019 22:25,UNABLE TO DETERMINE,UNABLE TO DETERMINE,1220,S,ASHLAND AVE,1233,N,Y,,,,,2,,,,,,,,,22,6,6,41.86625418,-87.66652414,POINT (-87.666524140131 41.866254176143)
6824bae9333fc6a2a9388ec38c14a891d8f88c983afc5ab6b2b5579874ecc5ab073fb53dc4479ff4cabb2ca482bd442569c51d7f6ea4adb0c99e4cfe4add01b8,JC234181,,4/22/2019 17:14,30,TRAFFIC SIGNAL,FUNCTIONING PROPERLY,CLEAR,DAYLIGHT,ANGLE,FOUR WAY,,STRAIGHT AND LEVEL,DRY,NO DEFECTS,ON SCENE,NO INJURY / DRIVE AWAY,Y,,,"OVER $1,500",4/22/2019 17:21,UNABLE TO DETERMINE,NOT APPLICABLE,4000,W,19TH ST,1012,,,,,,,2,NO INDICATION OF INJURY,0,0,0,0,0,2,0,17,2,4,41.85513003,-87.72488263,POINT (-87.724882632579 41.855130030231)
69a83aa92c5ec56a573fa35a59fa13563a6e0b7df4051b7976e2e040a6abb0650320d4c43416c525fe3bae33bd682282294fefe2ebad778c82bbe8046c6fbbc4,JE484497,,12/21/2021 7:25,30,UNKNOWN,UNKNOWN,CLEAR,DAYLIGHT,SIDESWIPE SAME DIRECTION,NOT DIVIDED,,STRAIGHT AND LEVEL,DRY,UNKNOWN,ON SCENE,NO INJURY / DRIVE AWAY,,,,"OVER $1,500",12/21/2021 7:48,NOT APPLICABLE,NOT APPLICABLE,5551,W,IRVING PARK RD,1633,,,,,,,2,NO INDICATION OF INJURY,0,0,0,0,0,2,0,7,3,12,41.95308498,-87.76656661,POINT (-87.766566611616 41.953084982119)
69f61c0b2be06e6b35a504babd9a717c28340b17b9a36be8e48528ffb4a0b160f59b84170a12ab173e04888cd05e8e34c729285468000b11eda232f12a248945,JC168950,,2/28/2019 14:30,30,NO CONTROLS,NO CONTROLS,CLEAR,DAYLIGHT,ANGLE,ALLEY,2,STRAIGHT AND LEVEL,DRY,NO DEFECTS,ON SCENE,NO INJURY / DRIVE AWAY,,,Y,"OVER $1,500",2/28/2019 14:50,UNABLE TO DETERMINE,NOT APPLICABLE,1844,N,WOOD ST,1434,,,,,,,2,NO INDICATION OF INJURY,0,0,0,0,0,2,0,14,5,2,41.91555219,-87.67284784,POINT (-87.672847838395 41.915552192101)
69e2eea2f7bc64f0fe349660c91869ea4828a0abd002d26b08ce032e1f9bd038c482b3ee1ac7011df6b251853c73cb1cd6ccf6b8a69643d2b9e9ae02d2001486,JB321690,,6/23/2018 0:01,25,OTHER,FUNCTIONING PROPERLY,CLEAR,"DARKNESS, LIGHTED ROAD",OTHER OBJECT,DIVIDED - W/MEDIAN BARRIER,,STRAIGHT ON GRADE,DRY,NO DEFECTS,NOT ON SCENE (DESK REPORT),NO INJURY / DRIVE AWAY,,,,$500 OR LESS,6/25/2018 10:30,UNABLE TO DETERMINE,UNABLE TO DETERMINE,9700,S,CHICAGO SKYWAY OB,431,,,,,,,1,NO INDICATION OF INJURY,0,0,0,0,0,1,0,0,7,6,,,