CRASH_RECORD_ID,RD_NO,CRASH_DATE_EST_I,CRASH_DATE,POSTED_SPEED_LIMIT,TRAFFIC_CONTROL_DEVICE,DEVICE_CONDITION,WEATHER_CONDITION,LIGHTING_CONDITION,FIRST_CRASH_TYPE,TRAFFICWAY_TYPE,LANE_CNT,ALIGNMENT,ROADWAY_SURFACE_COND,ROAD_DEFECT,REPORT_TYPE,CRASH_TYPE,INTERSECTION_RELATED_I,NOT_RIGHT_OF_WAY_I,HIT_AND_RUN_I,DAMAGE,DATE_POLICE_NOTIFIED,PRIM_CONTRIBUTORY_CAUSE,SEC_CONTRIBUTORY_CAUSE,STREET_NO,STREET_DIRECTION,STREET_NAME,BEAT_OF_OCCURRENCE,PHOTOS_TAKEN_I,STATEMENTS_TAKEN_I,DOORING_I,WORK_ZONE_I,WORK_ZONE_TYPE,WORKERS_PRESENT_I,NUM_UNITS,MOST_SEVERE_INJURY,INJURIES_TOTAL,INJURIES_FATAL,INJURIES_INCAPACITATING,INJURIES_NON_INCAPACITATING,INJURIES_REPORTED_NOT_EVIDENT,INJURIES_NO_INDICATION,INJURIES_UNKNOWN,CRASH_HOUR,CRASH_DAY_OF_WEEK,CRASH_MONTH,LATITUDE,LONGITUDE,LOCATION
6a46d4b4ea4baf6f78a5fc203b33ef3156cf3c9dc1cfb9c230219ba3d11247d31a4b90ef000abbb7792dd0ecf0d0e9ec19b96c69f8dd7f8db92d2b16ad8cf153,JD144267,,2/8/2020 5:57,15,NO CONTROLS,NO CONTROLS,CLEAR,"DARKNESS, LIGHTED ROAD",PARKED MOTOR VEHICLE,PARKING LOT,,STRAIGHT AND LEVEL,DRY,NO DEFECTS,ON SCENE,NO INJURY / DRIVE AWAY,,,N,"OVER $1,500",2/8/2020 6:21,FAILING TO REDUCE SPEED TO AVOID CRASH,UNABLE TO DETERMINE,13000,S,BRAINARD AVE,433,,,,,,,2,NO INDICATION OF INJURY,0,0,0,0,0,1,0,5,7,2,,,
6979a5a3cd5f8652c6d305dcc30d8c2c9cc61619cc8458245366582f7b99cd822c0230cb0cf1827a8dc4b5d831464a6a3d10fa487433f50b03c5c11bfa74f7b2,JC476646,,10/17/2019 19:48,20,NO CONTROLS,NO CONTROLS,CLEAR,DUSK,PARKED MOTOR VEHICLE,PARKING LOT,,STRAIGHT AND LEVEL,DRY,NO DEFECTS,ON SCENE,NO INJURY / DRIVE AWAY,,,,$500 OR LESS,10/17/2019 19:48,NOT APPLICABLE,NOT APPLICABLE,5428,S,LAKE PARK AVE,234,,N,,,,,2,NO INDICATION OF INJURY,0,0,0,0,0,3,0,19,5,10,41.79720538,-87.5874128,POINT (-87.587412796194 41.79720537455)
69758389b91b7ad52a9e200bdb2d43420c5fc3f598e0ef4c20ec118cadf09a17cc5bc46d3ec53972166bb457a270efde336a4aebeeb090c725d43693153865a6,JC547811,Y,12/15/2019 6:30,30,NO CONTROLS,NO CONTROLS,CLEAR,DAYLIGHT,FIXED OBJECT,PARKING LOT,,STRAIGHT AND LEVEL,DRY,"RUT, HOLES",ON SCENE,NO INJURY / DRIVE AWAY,,Y,,"OVER $1,500",12/15/2019 12:30,IMPROPER BACKING,DISREGARDING ROAD MARKINGS,12800,S,HALSTED ST,523,,,,,,,2,,,,,,,,,6,1,12,41.66132051,-87.64150297,POINT (-87.641502974491 41.661320509783)
68a64192e9a9ad1ecdd9d2418dbb8db313f09db3f83be0224b632720dbcef28c6f40740027929e503a4a118cfe408a43c9c750aa8663f5a1c7c308f09042f92f,JB145671,,2/8/2018 17:00,30,UNKNOWN,UNKNOWN,UNKNOWN,UNKNOWN,FIXED OBJECT,UNKNOWN,,STRAIGHT AND LEVEL,UNKNOWN,UNKNOWN,NOT ON SCENE (DESK REPORT),NO INJURY / DRIVE AWAY,,,,"OVER $1,500",2/8/2018 17:30,UNABLE TO DETERMINE,NOT APPLICABLE,7660,W,TOUHY AVE,1611,,,,,,,1,NO INDICATION OF INJURY,0,0,0,0,0,1,0,17,5,2,42.01151723,-87.81877292,POINT (-87.818772919105 42.01151723167)
68d561b308ead06ec5eb8c5dfb4c4755eb031a270d4ea24036fb1a073cce9c080374e7f3aad6095922c5be3cdfa04b2ca776b9931768c83146f95342371628c6,JF290200,,6/22/2022 18:00,30,NO CONTROLS,NO CONTROLS,CLEAR,DAYLIGHT,REAR END,OTHER,,STRAIGHT ON GRADE,DRY,NO DEFECTS,ON SCENE,NO INJURY / DRIVE AWAY,,,Y,"OVER $1,500",6/22/2022 18:19,IMPROPER LANE USAGE,NOT APPLICABLE,3400,E,100TH ST,432,,,,,,,3,NO INDICATION OF INJURY,0,0,0,0,0,3,0,18,4,6,41.7139445,-87.54118356,POINT (-87.541183554766 41.713944496853)
6a720420a1ded89687e4f55ce28dc59553fce3de38c930b09adaedcc9745aa3a764565d51c57dd0ae9915e382ad99b9f2eae6f4c23056b0c0098f89ef9fae48e,JE130494,,2/2/2021 15:46,15,NO CONTROLS,NO CONTROLS,SNOW,DAYLIGHT,FIXED OBJECT,ALLEY,,STRAIGHT AND LEVEL,SNOW OR SLUSH,UNKNOWN,ON SCENE,INJURY AND / OR TOW DUE TO CRASH,,,,"OVER $1,500",2/2/2021 15:47,WEATHER,NOT APPLICABLE,5332,S,UNION AVE,935,,,,,,,1,NO INDICATION OF INJURY,0,0,0,0,0,1,0,15,3,2,41.79699135,-87.64294229,POINT (-87.642942291685 41.796991352294)
6b09997c185e5faea081e0e55d1f940afb88737bff40d1c47a8af6d1770a95329fb8685fe9937adc19fd78a3e685c8dc7b19b06c126a24893a19973dc50766a2,JE112208,,1/14/2021 5:50,20,NO CONTROLS,NO CONTROLS,CLEAR,DARKNESS,PEDESTRIAN,PARKING LOT,,STRAIGHT ON GRADE,DRY,OTHER,ON SCENE,INJURY AND / OR TOW DUE TO CRASH,,Y,,$500 OR LESS,1/14/2021 6:28,NOT APPLICABLE,NOT APPLICABLE,2966,N,MILDRED AVE,1933,,,,,,,2,NONINCAPACITATING INJURY,1,0,0,1,0,1,0,5,5,1,41.93626935,-87.65171178,POINT (-87.651711777857 41.936269350403)
6afc4fd7f354a6373d6d6d22e9ac29dbaf3920952f6128b939b1fafe00f4c6ad322bb3fcf8fc98f747fe40a7d235315a87252949ca44dbe8ad870e59e4f76895,JE285614,,6/24/2021 14:15,45,TRAFFIC SIGNAL,FUNCTIONING PROPERLY,UNKNOWN,UNKNOWN,SIDESWIPE SAME DIRECTION,DIVIDED - W/MEDIAN (NOT RAISED),,STRAIGHT AND LEVEL,UNKNOWN,UNKNOWN,NOT ON SCENE (DESK REPORT),NO INJURY / DRIVE AWAY,,,,"OVER $1,500",7/1/2021 7:30,UNABLE TO DETERMINE,UNABLE TO DETERMINE,6299,S,LAKE SHORE DR,331,,,,,,,2,NO INDICATION OF INJURY,0,0,0,0,0,2,0,14,5,6,,,
69ba304eae28da8a20cfc8b579e0fc92e3c0d7436b083f3e2c2450f43e6ff0e26555fb47040c53f4919a0a4890737361330f4454c12a245c2f3a4dd8d5eead92,JA423233,,9/8/2017 8:53,0,STOP SIGN/FLASHER,FUNCTIONING PROPERLY,CLEAR,DAYLIGHT,REAR END,ONE-WAY,1,STRAIGHT AND LEVEL,DRY,OTHER,ON SCENE,NO INJURY / DRIVE AWAY,Y,,,$500 OR LESS,9/8/2017 9:45,IMPROPER BACKING,IMPROPER BACKING,1158,N,KEDVALE AVE,1111,,,,N,,,2,NO INDICATION OF INJURY,0,0,0,0,0,2,0,8,6,9,41.90251805,-87.73013397,POINT (-87.73013397123 41.902518052181)
6829a1e8b9695d44d8f959c7925758fdbaa6a2253aa69a8b34242bfa2cb14ed2a2c0f84190ee5325e1038f7d52256b9845de0f1e94ac70536336327217f05f51,JC128660,,1/24/2019 20:33,30,TRAFFIC SIGNAL,FUNCTIONING PROPERLY,CLEAR,"DARKNESS, LIGHTED ROAD",ANGLE,NOT DIVIDED,4,STRAIGHT AND LEVEL,DRY,NO DEFECTS,,INJURY AND / OR TOW DUE TO CRASH,Y,,,"OVER $1,500",1/24/2019 20:38,DISREGARDING TRAFFIC SIGNALS,FAILING TO REDUCE SPEED TO AVOID CRASH,5500,S,WENTWORTH AVE,225,,,,,,,2,"REPORTED, NOT EVIDENT",3,0,0,0,3,0,0,20,5,1,,,
6a449377ebba6aef7b701866d35fc5573fa56fd96a295353dd003820648564568a06cdbdbc29400d4469e424e1917046140e4ad5d8c0d5a8c0e6035fbb22fa59,JB478745,,10/17/2018 8:20,30,NO CONTROLS,NO CONTROLS,CLEAR,DAYLIGHT,PARKED MOTOR VEHICLE,NOT DIVIDED,2,STRAIGHT AND LEVEL,DRY,NO DEFECTS,ON SCENE,NO INJURY / DRIVE AWAY,,,,"$501 - $1,500",10/17/2018 8:45,NOT APPLICABLE,NOT APPLICABLE,3830,N,OAKLEY AVE,1921,,,,,,,2,NO INDICATION OF INJURY,0,0,0,0,0,1,0,8,4,10,41.95135047,-87.68610817,POINT (-87.686108170427 41.951350464796)
69639bf045ea5da8a66f873460701947ffcd1b711dad8c0c5f515cda4507d37732c9dbcc259c9b0a46fba544100d0981802834db2d217c9a05c6da441232223d,JD223092,,5/2/2020 14:00,0,NO CONTROLS,NO CONTROLS,CLEAR,DAYLIGHT,REAR END,OTHER,,STRAIGHT AND LEVEL,OTHER,UNKNOWN,NOT ON SCENE (DESK REPORT),NO INJURY / DRIVE AWAY,,,Y,"OVER $1,500",5/3/2020 11:00,NOT APPLICABLE,NOT APPLICABLE,7060,S,SOUTH CHICAGO AVE,322,,,,,,,2,NO INDICATION OF INJURY,0,0,0,0,0,2,0,14,7,5,41.76666063,-87.60689476,POINT (-87.606894759502 41.766660625537)
6a900573db8fbd1f173bfe15e5c426e104a6af41ed38d7e70611681a75b0c39e1882711ba251d065d06ae85c2ca210177f21ccf6edbce3025c5b60b7a9e650ef,HZ488839,,10/25/2016 17:40,30,NO CONTROLS,NO CONTROLS,CLEAR,DAWN,REAR END,NOT DIVIDED,,STRAIGHT AND LEVEL,DRY,NO DEFECTS,NOT ON SCENE (DESK REPORT),NO INJURY / DRIVE AWAY,,,,"OVER $1,500",10/25/2016 18:01,NOT APPLICABLE,NOT APPLICABLE,6600,S,PULASKI RD,833,,,,,,,2,NO INDICATION OF INJURY,0,0,0,0,0,4,0,17,3,10,41.77314488,-87.72276939,POINT (-87.722769384571 41.773144879199)
69d5d2a1558be5cb7f0f6e60c79e33ac1b74f9a9d7aff34ac391a08929aeef1da04d6a3224f4e984448691359fdcd1b20d8b27f7524ae9c16f7b15c3b567ab92,JF316219,,7/13/2022 15:05,15,NO CONTROLS,NO CONTROLS,CLEAR,DAYLIGHT,REAR END,OTHER,,STRAIGHT AND LEVEL,DRY,NO DEFECTS,ON SCENE,INJURY AND / OR TOW DUE TO CRASH,,,,"OVER $1,500",7/13/2022 15:05,UNABLE TO DETERMINE,NOT APPLICABLE,6340,N,BROADWAY,2433,,,,,,,2,NONINCAPACITATING INJURY,2,0,0,1,1,0,0,15,4,7,41.99759056,-87.66063912,POINT (-87.660639122729 41.997590557921)
6b38fc3b01e462c29397167f2e66fbacff63921d85f349953c88189d20029aec0d179efcc1d68b86a294e7badcaf9d6e0032e25b26f629424fc3258f49e9ccb2,JC477421,,10/18/2019 14:05,30,TRAFFIC SIGNAL,FUNCTIONING PROPERLY,CLEAR,DAYLIGHT,SIDESWIPE SAME DIRECTION,NOT DIVIDED,,STRAIGHT AND LEVEL,DRY,NO DEFECTS,NOT ON SCENE (DESK REPORT),NO INJURY / DRIVE AWAY,Y,,,"$501 - $1,500",10/18/2019 15:00,UNABLE TO DETERMINE,UNABLE TO DETERMINE,599,W,ONTARIO ST,1831,,,,,,,2,NO INDICATION OF INJURY,0,0,0,0,0,2,0,14,6,10,,,
69e567ebdbcf6d300792534f0b301470c6b50aff0c8fcc2065cb1cfd4b9ef6b661fd866f72c8c289f4b4faac52a3677789c0b59f8d9cd65fdac0fef19180dc2d,JF164874,,3/6/2022 5:30,25,NO CONTROLS,NO CONTROLS,CLEAR,DAWN,FIXED OBJECT,ONE-WAY,,CURVE ON HILLCREST,DRY,NO DEFECTS,ON SCENE,INJURY AND / OR TOW DUE TO CRASH,,,,"OVER $1,500",3/6/2022 5:35,IMPROPER LANE USAGE,DRIVING SKILLS/KNOWLEDGE/EXPERIENCE,1,W,TERMINAL ST,1651,,,,,,,1,NO INDICATION OF INJURY,0,0,0,0,0,2,0,5,1,3,,,
69988e4f4a1401a8b2bf31ab61303f8c00b539647a53fdbe7419124a21e1b691f4d62b5ce32bc3248d756f4c5e612215c389456a3d608ebc9576975c3582f5bf,JD310554,,7/25/2020 11:00,30,NO CONTROLS,NO CONTROLS,UNKNOWN,UNKNOWN,PARKED MOTOR VEHICLE,NOT DIVIDED,,STRAIGHT AND LEVEL,UNKNOWN,NO DEFECTS,ON SCENE,NO INJURY / DRIVE AWAY,,,Y,"OVER $1,500",7/26/2020 12:15,NOT APPLICABLE,NOT APPLICABLE,4630,S,LAKE PARK AVE,222,,,,,,,2,NO INDICATION OF INJURY,0,0,0,0,0,1,0,11,7,7,41.81070026,-87.59383851,POINT (-87.593838506907 41.810700262945)
695911af8930ae4bed102a8b599526070ded747461a563379e35978489c833005628d6b6b9d6689e64224b34acaffc9a419c1b1a28b681ed25c8ec9bb2b72737,JE431142,,11/2/2021 10:15,10,NO CONTROLS,NO CONTROLS,CLEAR,DAYLIGHT,PARKED MOTOR VEHICLE,PARKING LOT,,STRAIGHT AND LEVEL,DRY,NO DEFECTS,ON SCENE,NO INJURY / DRIVE AWAY,,Y,,"OVER $1,500",11/2/2021 10:20,NOT APPLICABLE,NOT APPLICABLE,6754,W,63RD ST,812,,,,,,,2,NO INDICATION OF INJURY,0,0,0,0,0,1,0,10,3,11,41.77764499,-87.79079419,POINT (-87.790794192483 41.777644994078)
6a55cb0ed76eb0e391ed0a3089f8758a27a54c8de2f534673657201b0380302043311db493fead22f22bfc424e8356ac1c30fbb83d13e2acec570663ad7a6dc0,JC237801,,4/25/2019 12:40,30,TRAFFIC SIGNAL,FUNCTIONING PROPERLY,CLEAR,DAYLIGHT,REAR END,NOT DIVIDED,,STRAIGHT AND LEVEL,DRY,NO DEFECTS,ON SCENE,NO INJURY / DRIVE AWAY,Y,,,"OVER $1,500",4/25/2019 12:50,FOLLOWING TOO CLOSELY,UNABLE TO DETERMINE,2400,W,47TH ST,922,,,,,,,2,NO INDICATION OF INJURY,0,0,0,0,0,2,0,12,5,4,41.80854224,-87.6845482,POINT (-87.684548201832 41.808542244315)
6ac6f0253aeb6a217243b4c87732ef68d7aea97379e00bbc2c5edff2efc17082c5a41ec89851a4b989ae185fc88be794238709f41d0037115960bb5825299f05,JE195683,,4/10/2021 19:05,25,NO CONTROLS,NO CONTROLS,RAIN,DAYLIGHT,ANGLE,ONE-WAY,,STRAIGHT AND LEVEL,WET,NO DEFECTS,ON SCENE,NO INJURY / DRIVE AWAY,Y,,Y,"OVER $1,500",4/10/2021 19:08,UNABLE TO DETERMINE,NOT APPLICABLE,4010,W,NELSON ST,2523,,,,,,,3,NO INDICATION OF INJURY,0,0,0,0,0,3,0,19,7,4,41.9364594,-87.72761316,POINT (-87.727613155081 41.936459403658)
691e916cf6d51a3d021d2bd2754306631a262d39d47e216d75ad4a041e0b219e3dd978836ba5d7388f8c07f3514b628b20d8a3e17324b5c6cbf2bc776c69131d,JD340049,,8/21/2020 11:15,30,NO CONTROLS,NO CONTROLS,CLEAR,DAYLIGHT,REAR END,NOT DIVIDED,,STRAIGHT AND LEVEL,DRY,NO DEFECTS,NOT ON SCENE (DESK REPORT),NO INJURY / DRIVE AWAY,,,,"$501 - $1,500",8/21/2020 11:30,UNABLE TO DETERMINE,NOT APPLICABLE,131,E,130TH ST,533,,,,,,,2,NO INDICATION OF INJURY,0,0,0,0,0,2,0,11,6,8,41.65899579,-87.61788835,POINT (-87.617888351639 41.658995785573)
68c94287db3b66928e9c607d9afad969f8e613c2d1c0098228e9e7778c290f394ed340c6d088d5b16c80447fbd209e35f754be75c67eae6a2d9ded40844791c7,JB565757,,12/24/2018 7:00,30,NO CONTROLS,NO CONTROLS,CLEAR,DAWN,ANGLE,ALLEY,,STRAIGHT AND LEVEL,DRY,NO DEFECTS,ON SCENE,INJURY AND / OR TOW DUE TO CRASH,,,,"OVER $1,500",12/24/2018 7:06,FAILING TO YIELD RIGHT-OF-WAY,NOT APPLICABLE,9275,S,LUELLA AVE,413,,,,,,,2,NO INDICATION OF INJURY,0,0,0,0,0,3,0,7,2,12,41.72624063,-87.56921363,POINT (-87.569213634237 41.72624062486)
6a26feb5d474491e8a56e2147cf3e87c296b441dc06be849cba7da9ea967c753d6bc4afeb0f923a6cc78aa332eaf676ae5a995239d3fe1a90eb36bb8ad2b91d1,JC333007,,7/3/2019 12:22,0,NO CONTROLS,NO CONTROLS,CLEAR,DAYLIGHT,REAR TO SIDE,OTHER,,STRAIGHT AND LEVEL,DRY,NO DEFECTS,ON SCENE,NO INJURY / DRIVE AWAY,,,Y,"$501 - $1,500",7/3/2019 12:29,IMPROPER BACKING,NOT APPLICABLE,4547,N,BROADWAY,1914,,,,,,,2,NO INDICATION OF INJURY,0,0,0,0,0,3,0,12,4,7,41.96498065,-87.6570432,POINT (-87.657043197886 41.96498064673)
6b7aed460d695c1493b40361aebe20e462e65826038b2a6e1e3ed0a00163ff7e0e5648880574c1f7002628dee2fe17dba9d58cdec42054a1a78d1787930a5dc0,JF331028,,7/24/2022 21:47,15,NO CONTROLS,NO CONTROLS,CLEAR,DARKNESS,PARKED MOTOR VEHICLE,PARKING LOT,,STRAIGHT AND LEVEL,DRY,NO DEFECTS,NOT ON SCENE (DESK REPORT),NO INJURY / DRIVE AWAY,,,,"$501 - $1,500",7/25/2022 15:00,DRIVING SKILLS/KNOWLEDGE/EXPERIENCE,FAILING TO REDUCE SPEED TO AVOID CRASH,6259,S,LAKE SHORE DR,331,,,,,,,2,NO INDICATION OF INJURY,0,0,0,0,0,1,0,21,1,7,,,
6ebe335a613025f9869cdad44c18589d7875d7c49c20357c20ff0ca9b00d0550e26ca499db9bd26b230ce635db89b2ea78174a703bed1f62f004c197d2779ff5,JD219648,,4/29/2020 7:36,30,NO CONTROLS,NO CONTROLS,RAIN,DAYLIGHT,ANGLE,ONE-WAY,,STRAIGHT AND LEVEL,WET,NO DEFECTS,ON SCENE,NO INJURY / DRIVE AWAY,N,,,"OVER $1,500",4/29/2020 7:40,UNABLE TO DETERMINE,NOT APPLICABLE,1644,W,JUNEWAY TER,2422,,,,,,,3,NO INDICATION OF INJURY,0,0,0,0,0,2,0,7,4,4,42.02263611,-87.67225335,POINT (-87.672253345832 42.022636108511)
6d7f09a34ae683ff30dd15cc7dc2df63651ffcac54df997a8d4180a994af09d1cc39d059cc63cb60fad47f47d4550d073173ef5ac345df6a3f46503bbad9f208,JE163136,,3/8/2021 19:00,30,NO CONTROLS,NO CONTROLS,CLEAR,DARKNESS,TURNING,NOT DIVIDED,,STRAIGHT AND LEVEL,DRY,NO DEFECTS,,INJURY AND / OR TOW DUE TO CRASH,,,Y,"OVER $1,500",3/8/2021 19:01,UNABLE TO DETERMINE,UNABLE TO DETERMINE,3158,W,47TH ST,922,,,,,,,4,NO INDICATION OF INJURY,0,0,0,0,0,6,0,19,2,3,41.80822394,-87.70391088,POINT (-87.703910874796 41.808223943591)
6c293c4e724cd3c86ee9d34eab277cc0f409bf446b6517ef4e6ee9ec3718a3a495797bd2439b2d911ff343a0b55d3527921fb862d018cff34b055ca1f72d3569,JD368795,,9/16/2020 8:15,35,NO CONTROLS,NO CONTROLS,CLEAR,DAYLIGHT,REAR END,NOT DIVIDED,,STRAIGHT AND LEVEL,DRY,NO DEFECTS,ON SCENE,NO INJURY / DRIVE AWAY,,,,$500 OR LESS,9/16/2020 8:20,UNABLE TO DETERMINE,UNABLE TO DETERMINE,4705,S,WESTERN BLVD,931,,,,,,,2,NO INDICATION OF INJURY,0,0,0,0,0,2,0,8,4,9,41.80823586,-87.68372245,POINT (-87.683722445788 41.80823585501)
6c4eef04248f4b4e02d863a392ff611be58266cfef1f31e5df899a0f0821075ba5a0a6e4f6884fb221ac4be0f173c8977714f44e0572e84d841303fe53d74993,JC433262,,9/14/2019 15:25,0,NO CONTROLS,NO CONTROLS,CLEAR,DAYLIGHT,PARKED MOTOR VEHICLE,OTHER,,STRAIGHT AND LEVEL,DRY,NO DEFECTS,ON SCENE,NO INJURY / DRIVE AWAY,,,,$500 OR LESS,9/14/2019 15:26,NOT APPLICABLE,NOT APPLICABLE,1358,W,63RD ST,713,,,,,,,2,NO INDICATION OF INJURY,0,0,0,0,0,1,0,15,7,9,41.77965347,-87.65930433,POINT (-87.659304332939 41.779653471503)
6ca5e09218b4e8f5a8b9fa1fb6f7e8426faec8d8728a31358e3e1d859f96546313d90e0685a4c83814eb6737c56d55e49d00416b1b6d1b8ae569f4d9d7ab29d4,JB313836,,6/19/2018 14:30,30,UNKNOWN,UNKNOWN,CLEAR,DAYLIGHT,HEAD ON,RAMP,2,CURVE ON GRADE,DRY,NO DEFECTS,ON SCENE,NO INJURY / DRIVE AWAY,,Y,,"OVER $1,500",6/19/2018 14:45,UNABLE TO DETERMINE,NOT APPLICABLE,2600,N,WESTERN AVE,1411,,,,,,,2,NO INDICATION OF INJURY,0,0,0,0,0,2,0,14,3,6,41.92866979,-87.68792224,POINT (-87.687922235539 41.92866978991)
6e08cb3689deae54fd4dc2d2db50ad7b6cfd7ff16b4f0176eeda43f590012fa5a6278ec1754c7df9c2a559b504ecc478a352ce1af2f1c4868122d47885730542,JE281024,,6/27/2021 3:00,30,NO CONTROLS,NO CONTROLS,RAIN,DARKNESS,HEAD ON,NOT DIVIDED,,STRAIGHT AND LEVEL,WET,NO DEFECTS,ON SCENE,NO INJURY / DRIVE AWAY,,,Y,"OVER $1,500",6/27/2021 8:42,IMPROPER LANE USAGE,NOT APPLICABLE,700,N,CENTRAL PARK AVE,1112,,,,,,,2,NO INDICATION OF INJURY,0,0,0,0,0,3,0,3,1,6,41.8937149,-87.71641135,POINT (-87.71641135363 41.893714896798)
6d09387f169ceec36eff018b0766af7b3e967eeaeaaea42ae843663ba662b9facbc703c8cd56982c5f0da6b430f98042814a12de5c798cfa3239206eeaa17cc9,JE214670,,4/30/2021 8:20,35,OTHER,OTHER,CLEAR,DAYLIGHT,REAR END,ONE-WAY,,STRAIGHT AND LEVEL,DRY,NO DEFECTS,ON SCENE,NO INJURY / DRIVE AWAY,,,,"$501 - $1,500",4/30/2021 8:21,IMPROPER BACKING,UNABLE TO DETERMINE,29,E,ADAMS ST,113,,,,,,,2,NO INDICATION OF INJURY,0,0,0,0,0,2,0,8,6,4,41.879397,-87.62663087,POINT (-87.626630872788 41.879397002094)
b0b2be917f5234631c45f2d19c113a5a2ec046dd3b67cecbee7f6728656a3c9296990166fa6c34b7afaae66d5c630899cd52e1aa9f06c40e0272fd7ab7d10d47,JC309828,,6/17/2019 8:50,10,NO CONTROLS,NO CONTROLS,CLEAR,DAYLIGHT,PARKED MOTOR VEHICLE,PARKING LOT,,STRAIGHT AND LEVEL,DRY,NO DEFECTS,ON SCENE,NO INJURY / DRIVE AWAY,,,N,$500 OR LESS,6/17/2019 9:37,NOT APPLICABLE,NOT APPLICABLE,5025,W,SCHOOL ST,1634,,,,,,,2,NO INDICATION OF INJURY,0,0,0,0,0,4,0,8,2,6,41.9404659,-87.75287987,POINT (-87.752879874434 41.940465898601)
6e1fe7cdcadcfc447b5cc6c3cd3836ffc46b0e0df1d40073d3a0ea05d2c589386e7806557a6caddde7782c90a01aa876e74bf6f080fda1ba934607b3a348588b,JB113309,,1/12/2018 7:45,20,NO CONTROLS,NO CONTROLS,CLEAR,DAWN,ANGLE,ONE-WAY,1,STRAIGHT AND LEVEL,DRY,UNKNOWN,ON SCENE,NO INJURY / DRIVE AWAY,,,Y,"OVER $1,500",1/12/2018 7:50,FAILING TO YIELD RIGHT-OF-WAY,NOT APPLICABLE,1615,N,KEELER AVE,2534,,,,,,,2,NO INDICATION OF INJURY,0,0,0,0,0,5,0,7,6,1,41.91030928,-87.73108294,POINT (-87.731082934536 41.910309276561)
6d37e282e62e8c624c40245ed77feedf12feae7eccfbb35ef831d8042c28cd096e9ec30997a7d11f008ad8d1cd4af0979e5ccc3492fe6679647a1c579914c129,JE355695,,8/30/2021 16:50,30,NO CONTROLS,NO CONTROLS,CLEAR,DAYLIGHT,SIDESWIPE SAME DIRECTION,ONE-WAY,,STRAIGHT AND LEVEL,DRY,NO DEFECTS,ON SCENE,NO INJURY / DRIVE AWAY,,,,"OVER $1,500",8/30/2021 16:50,IMPROPER TURNING/NO SIGNAL,NOT APPLICABLE,316,W,BARRY AVE,1934,,,,,,,2,NO INDICATION OF INJURY,0,0,0,0,0,3,0,16,2,8,41.93786274,-87.63749327,POINT (-87.637493270021 41.937862736091)
6e813449423c85086688b98c9721614f61f94d4ca321aada077048f952eaa898602f91936063c4b4c7c7ed845273040ceb6fc66ae0aefabe79afab41aaa9d802,JD463532,,12/19/2020 12:19,25,NO CONTROLS,NO CONTROLS,CLEAR,DAYLIGHT,PARKED MOTOR VEHICLE,ONE-WAY,,STRAIGHT AND LEVEL,DRY,NO DEFECTS,ON SCENE,NO INJURY / DRIVE AWAY,,,,$500 OR LESS,12/19/2020 12:19,IMPROPER BACKING,NOT APPLICABLE,10801,S,DRAKE AVE,2211,,,,,,,2,NO INDICATION OF INJURY,0,0,0,0,0,1,0,12,7,12,41.69682519,-87.70942859,POINT (-87.709428588372 41.69682518836)
6d813cfd17b85615b2e3e7cdbeef0746732df3bf32d971fac70253f22519c419b676b19b98b79bd793265d44352b981276ea20632708157ef994b3d92afaf741,JB289835,,6/2/2018 13:15,30,NO CONTROLS,NO CONTROLS,CLEAR,DAYLIGHT,HEAD ON,PARKING LOT,,STRAIGHT AND LEVEL,DRY,NO DEFECTS,NOT ON SCENE (DESK REPORT),NO INJURY / DRIVE AWAY,,,Y,"$501 - $1,500",6/2/2018 15:00,IMPROPER BACKING,IMPROPER BACKING,1108,E,53RD ST,233,,,,,,,2,NO INDICATION OF INJURY,0,0,0,0,0,2,0,13,7,6,41.79953736,-87.59931292,POINT (-87.599312917967 41.799537358353)
6d669b9559a7a13168fa680fe4f2512bb90ce1c7e8dd90aa03212fcb6689e4b005aa0fc55b5a07787c0d848c1d25fea2795c627349326f72b36c8fea0e9e4747,JC125669,,1/22/2019 14:20,35,NO CONTROLS,NO CONTROLS,RAIN,DAYLIGHT,REAR END,NOT DIVIDED,2,STRAIGHT AND LEVEL,WET,NO DEFECTS,ON SCENE,NO INJURY / DRIVE AWAY,,,Y,"OVER $1,500",1/22/2019 14:41,FOLLOWING TOO CLOSELY,NOT APPLICABLE,13000,S,DOTY AVE E,434,,,,,,,3,NO INDICATION OF INJURY,0,0,0,0,0,3,0,14,3,1,41.66100781,-87.58608174,POINT (-87.586081736631 41.661007808554)
6e614d7ab97c979082c0d1a1ad7ec04dbaf927a5ba03838d7afcba5f138b57ecbde6037def0b2fb2fc6df2b747c65945110d8d00adb3d29e7df35bb2747ff843,JC350258,,7/15/2019 18:21,35,NO CONTROLS,UNKNOWN,CLEAR,DAYLIGHT,PEDALCYCLIST,ONE-WAY,,STRAIGHT AND LEVEL,DRY,NO DEFECTS,ON SCENE,NO INJURY / DRIVE AWAY,,,,$500 OR LESS,7/15/2019 18:25,UNABLE TO DETERMINE,NOT APPLICABLE,8000,S,EMERALD AVE,621,,,,,,,2,NO INDICATION OF INJURY,0,0,0,0,0,2,0,18,2,7,41.74874572,-87.64291128,POINT (-87.642911276 41.748745721855)