CRASH_RECORD_ID,RD_NO,CRASH_DATE_EST_I,CRASH_DATE,POSTED_SPEED_LIMIT,TRAFFIC_CONTROL_DEVICE,DEVICE_CONDITION,WEATHER_CONDITION,LIGHTING_CONDITION,FIRST_CRASH_TYPE,TRAFFICWAY_TYPE,LANE_CNT,ALIGNMENT,ROADWAY_SURFACE_COND,ROAD_DEFECT,REPORT_TYPE,CRASH_TYPE,INTERSECTION_RELATED_I,NOT_RIGHT_OF_WAY_I,HIT_AND_RUN_I,DAMAGE,DATE_POLICE_NOTIFIED,PRIM_CONTRIBUTORY_CAUSE,SEC_CONTRIBUTORY_CAUSE,STREET_NO,STREET_DIRECTION,STREET_NAME,BEAT_OF_OCCURRENCE,PHOTOS_TAKEN_I,STATEMENTS_TAKEN_I,DOORING_I,WORK_ZONE_I,WORK_ZONE_TYPE,WORKERS_PRESENT_I,NUM_UNITS,MOST_SEVERE_INJURY,INJURIES_TOTAL,INJURIES_FATAL,INJURIES_INCAPACITATING,INJURIES_NON_INCAPACITATING,INJURIES_REPORTED_NOT_EVIDENT,INJURIES_NO_INDICATION,INJURIES_UNKNOWN,CRASH_HOUR,CRASH_DAY_OF_WEEK,CRASH_MONTH,LATITUDE,LONGITUDE,LOCATION
6ea0383bfa27b74a83747f9fdd2c22c246f51046fb14df8ada2baadb417c92d9ad2f8cf22a5dae7b194e35e3064491aa6a6c054f3a36d8d33b1a3db2f0a0f6d4,JD277186,,6/26/2020 16:17,30,NO CONTROLS,NO CONTROLS,RAIN,DAYLIGHT,ANGLE,NOT DIVIDED,,STRAIGHT AND LEVEL,WET,NO DEFECTS,ON SCENE,NO INJURY / DRIVE AWAY,Y,,,"OVER $1,500",6/26/2020 16:20,FAILING TO YIELD RIGHT-OF-WAY,NOT APPLICABLE,3303,N,LAMON AVE,1634,,,,,,,2,NO INDICATION OF INJURY,0,0,0,0,0,2,0,16,6,6,41.94072614,-87.74924853,POINT (-87.749248527635 41.940726140647)
6c174660005db9c4ff81028d14de7dcf0c615fc063f2bbe664c9e38cf373dec852144500dfaf267309714affcd43d0cf198791b31b9df662d830249540852811,JE278860,,6/25/2021 8:59,35,STOP SIGN/FLASHER,NO CONTROLS,RAIN,DAYLIGHT,ANGLE,NOT DIVIDED,,STRAIGHT AND LEVEL,WET,NO DEFECTS,ON SCENE,NO INJURY / DRIVE AWAY,Y,,Y,"$501 - $1,500",6/25/2021 9:00,DISREGARDING STOP SIGN,WEATHER,1329,E,76TH ST,411,,,,,,,2,NO INDICATION OF INJURY,0,0,0,0,0,2,0,8,6,6,41.75678346,-87.59202162,POINT (-87.592021618969 41.756783460407)
6c2cc8b62a0330a56919fa5b43247b9da8905e350f5049e9735c83dee38e2eec244160da691c7c4ac5d2e19b8326de0ef59926be73e29fdcb109afc6ca4e639c,JD252551,,6/3/2020 14:45,15,NO CONTROLS,NO CONTROLS,CLEAR,DAYLIGHT,FIXED OBJECT,PARKING LOT,,STRAIGHT AND LEVEL,DRY,NO DEFECTS,ON SCENE,NO INJURY / DRIVE AWAY,,Y,,"OVER $1,500",6/3/2020 14:51,IMPROPER BACKING,NOT APPLICABLE,5404,S,MICHIGAN AVE,225,,,,,,,1,NO INDICATION OF INJURY,0,0,0,0,0,1,0,14,4,6,41.79625319,-87.622654,POINT (-87.622654000908 41.796253185475)
6de96eebf550be75bca948bf110f5dde47ea0d98b9b7659d81b2bcd8a780c656766c34a30c06aecd9fc2404d5cdf405437fc17ef754c061c7d4d9a335666937d,JE171644,,3/17/2021 15:07,30,NO CONTROLS,NO CONTROLS,CLEAR,DAYLIGHT,REAR END,OTHER,,STRAIGHT AND LEVEL,DRY,UNKNOWN,NOT ON SCENE (DESK REPORT),NO INJURY / DRIVE AWAY,,,Y,$500 OR LESS,3/17/2021 15:40,UNABLE TO DETERMINE,NOT APPLICABLE,1538,E,95TH ST,413,,,,,,,2,NO INDICATION OF INJURY,0,0,0,0,0,2,0,15,4,3,41.72243948,-87.58618584,POINT (-87.586185836462 41.722439475881)
6ca2752b12db9168108ec3b8f34a62922aaf43e0bb17b4feef77673c8d7ab00a11cceb7532d99d60790fbf72855f74c50ca053afffe57ad51ebc422a97733fcf,JD215853,,4/23/2020 10:00,30,OTHER,UNKNOWN,UNKNOWN,UNKNOWN,FIXED OBJECT,UNKNOWN,,STRAIGHT AND LEVEL,UNKNOWN,UNKNOWN,ON SCENE,NO INJURY / DRIVE AWAY,,Y,Y,$500 OR LESS,4/24/2020 6:50,UNABLE TO DETERMINE,NOT APPLICABLE,4628,S,EVANS AVE,221,,,,,,,3,NO INDICATION OF INJURY,0,0,0,0,0,2,0,10,5,4,41.81045132,-87.60796719,POINT (-87.607967185392 41.810451319677)
7141d13ee8d98ce6edc2a4456e76c361b35e722f48e1f97951651b6ffff497d9459437b46afac83c5ae4fb4861278841ab15b4484aae838fb395bf9923988882,JD174754,,3/5/2020 9:50,30,NO CONTROLS,NO CONTROLS,CLEAR,DAYLIGHT,REAR END,ONE-WAY,,STRAIGHT AND LEVEL,DRY,NO DEFECTS,ON SCENE,NO INJURY / DRIVE AWAY,,,,"$501 - $1,500",3/5/2020 10:30,FOLLOWING TOO CLOSELY,NOT APPLICABLE,30,W,GRAND AVE,1831,,,,,,,2,NO INDICATION OF INJURY,0,0,0,0,0,2,0,9,5,3,41.89176035,-87.62932434,POINT (-87.629324340913 41.891760351873)
6f7a4a8697e0d5034322b59bfc9fa6e8268ac0845c7cb611c1f6e1741c6c56c1821db7c82f2229151f7dbcff995cdbe11f4df9cbcb0528e48ac3874f9b8127de,JD158320,,2/20/2020 8:00,30,UNKNOWN,UNKNOWN,CLEAR,DAYLIGHT,ANGLE,NOT DIVIDED,,STRAIGHT AND LEVEL,DRY,UNKNOWN,NOT ON SCENE (DESK REPORT),NO INJURY / DRIVE AWAY,Y,,Y,"OVER $1,500",2/20/2020 8:30,UNABLE TO DETERMINE,NOT APPLICABLE,8700,S,HALSTED ST,2223,,,,,,,2,NO INDICATION OF INJURY,0,0,0,0,0,2,0,8,5,2,41.73578527,-87.64375883,POINT (-87.643758829628 41.735785266472)
7119b05d3c1094e01407326a4166e1ad49a24069e70c00ba6982a5b1e2afd1085fb20e1fe1b5a784b14ccec3eaeb15bc1f586143c9db67417d601a65e040c494,JD221592,,5/1/2020 16:15,25,NO CONTROLS,NO CONTROLS,CLEAR,DAYLIGHT,PARKED MOTOR VEHICLE,PARKING LOT,,STRAIGHT AND LEVEL,DRY,NO DEFECTS,ON SCENE,NO INJURY / DRIVE AWAY,,,Y,"OVER $1,500",5/1/2020 16:15,UNABLE TO DETERMINE,UNABLE TO DETERMINE,3636,S,RHODES AVE,212,,,,,,,2,NO INDICATION OF INJURY,0,0,0,0,0,1,0,16,6,5,41.82825719,-87.61457209,POINT (-87.614572086284 41.828257186855)
6ff6c06b1385e71eb789d8dc57bd4786be236540350d810cb468d06098fc614a11acaa5bcba2fb8aa4cd9410f1ca8b3a542bbf8d0e303868258e0ca4504acb3c,JB574004,,12/31/2018 16:25,30,NO CONTROLS,NO CONTROLS,RAIN,DUSK,REAR END,NOT DIVIDED,4,STRAIGHT AND LEVEL,WET,NO DEFECTS,,INJURY AND / OR TOW DUE TO CRASH,,,,$500 OR LESS,12/31/2018 16:27,FOLLOWING TOO CLOSELY,NOT APPLICABLE,2410,N,CENTRAL AVE,2515,,,,,,,2,"REPORTED, NOT EVIDENT",1,0,0,0,1,1,0,16,2,12,41.92435183,-87.76615277,POINT (-87.766152765074 41.924351827108)
7185be00cb8be28bb249ce8b11ef574ac32342320a15fdc5561c52fa3bec8c36683f088e524e69092f24fde578e8cf0f45af334554423533b49eed57ed4beb31,JF156864,,2/26/2022 15:35,30,UNKNOWN,UNKNOWN,CLEAR,DAYLIGHT,REAR END,UNKNOWN,,STRAIGHT AND LEVEL,DRY,UNKNOWN,NOT ON SCENE (DESK REPORT),NO INJURY / DRIVE AWAY,Y,,,"OVER $1,500",2/26/2022 16:00,UNABLE TO DETERMINE,UNABLE TO DETERMINE,4700,S,SHIELDS AVE,935,,,,,,,2,NO INDICATION OF INJURY,0,0,0,0,0,2,0,15,7,2,41.80897693,-87.63472697,POINT (-87.634726964533 41.808976925035)
709adf89734feeb944fd78375eb2e9aa8aea3811c8c1ac0f4cfff452f645d22efba446583988901c874caa22ba2913a0b6ef445779c68140f6e1a77ff6f8f132,JE447780,Y,11/17/2021 2:00,30,NO CONTROLS,NO CONTROLS,CLEAR,"DARKNESS, LIGHTED ROAD",FIXED OBJECT,NOT DIVIDED,,STRAIGHT AND LEVEL,WET,NO DEFECTS,ON SCENE,INJURY AND / OR TOW DUE TO CRASH,,,Y,"OVER $1,500",11/17/2021 2:20,UNABLE TO DETERMINE,UNABLE TO DETERMINE,6598,S,DORCHESTER AVE,321,,,,,,,1,,,,,,,,,2,4,11,41.77520651,-87.59223863,POINT (-87.592238625004 41.77520650833)
6eff7564145cbcf5286d22fab29a18d28ba716dd96fa736ca619496cc58975869af6f6c486698b49f58af81517ccc9751dab1dfc2700bd416f005b3eb1438346,JC533559,,12/3/2019 19:30,30,UNKNOWN,UNKNOWN,UNKNOWN,UNKNOWN,REAR END,NOT DIVIDED,,STRAIGHT AND LEVEL,UNKNOWN,UNKNOWN,NOT ON SCENE (DESK REPORT),NO INJURY / DRIVE AWAY,,,,"OVER $1,500",12/3/2019 20:00,UNABLE TO DETERMINE,NOT APPLICABLE,930,W,DIVERSEY PKWY,1933,,,,,,,2,NO INDICATION OF INJURY,0,0,0,0,0,2,0,19,3,12,41.9327679,-87.65270389,POINT (-87.652703888777 41.932767900391)
716d031fcc991f56ad47a7daa998d1f0a1398047d4286f75f20c08d4a2ca656dac1bdf64014254a088a5e1b0ce5d06bb925b59e4aa5c13dcc2a5b9961a323494,JE462961,,12/1/2021 20:30,30,NO CONTROLS,NO CONTROLS,CLEAR,DUSK,FIXED OBJECT,NOT DIVIDED,,STRAIGHT AND LEVEL,DRY,UNKNOWN,ON SCENE,NO INJURY / DRIVE AWAY,,,,$500 OR LESS,12/1/2021 20:30,NOT APPLICABLE,NOT APPLICABLE,5800,S,COTTAGE GROVE AVE,233,,,,,,,1,NO INDICATION OF INJURY,0,0,0,0,0,2,0,20,4,12,41.78942072,-87.60626259,POINT (-87.606262588229 41.789420717811)
6f73992af0c0a55966d77fd3c5099c7b71b625ec4dc6e5bacb1f65833cf747ff1cdb06c609699fd5d54900f15f3a6f24d11dced1f815c48e03f2fba70a0168d1,JA506160,,11/10/2017 9:30,30,TRAFFIC SIGNAL,FUNCTIONING PROPERLY,SNOW,DAYLIGHT,REAR END,NOT DIVIDED,4,STRAIGHT AND LEVEL,SNOW OR SLUSH,NO DEFECTS,ON SCENE,NO INJURY / DRIVE AWAY,,,,"OVER $1,500",11/10/2017 9:40,WEATHER,WEATHER,1801,W,CHICAGO AVE,1221,,,,,,,2,NO INDICATION OF INJURY,0,0,0,0,0,3,0,9,6,11,41.89587989,-87.67229145,POINT (-87.672291449422 41.895879885229)
70afd59b3bc0a7b02469541fd3620b053536def008f46c15e404a53d91a523401438b8b8bd236306f3f793ffa49f61591dfbb7a33cf196d3be7d49bc4070687f,JD352432,Y,9/1/2020 5:13,30,NO CONTROLS,NO CONTROLS,CLEAR,DARKNESS,OTHER NONCOLLISION,UNKNOWN,,STRAIGHT AND LEVEL,OTHER,NO DEFECTS,ON SCENE,INJURY AND / OR TOW DUE TO CRASH,,,,"OVER $1,500",9/1/2020 5:14,NOT APPLICABLE,NOT APPLICABLE,2800,S,WESTERN AVE,1034,,,,,,,1,,,,,,,,,5,3,9,41.84111018,-87.68542555,POINT (-87.685425544687 41.841110175378)
71c601e0909573d0abce4d3697e76873ee4e0ec8beace42ab299bbcd850ca08266f3598b653187cf165686f089f2a951f269a1654741947403cdce87ea078f3a,JD437190,,11/20/2020 19:15,15,NO CONTROLS,NO CONTROLS,CLEAR,"DARKNESS, LIGHTED ROAD",SIDESWIPE SAME DIRECTION,ONE-WAY,,STRAIGHT AND LEVEL,DRY,NO DEFECTS,ON SCENE,NO INJURY / DRIVE AWAY,,,,"OVER $1,500",11/20/2020 19:17,UNABLE TO DETERMINE,UNABLE TO DETERMINE,1,W,TERMINAL ST,1651,,,,,,,3,NO INDICATION OF INJURY,0,0,0,0,0,3,0,19,6,11,,,
6fe62bfc9f190198c268cd5f631f8d879f1bb4fc4b5b0615ecdf8ffe1712381a37acff2431d0b8b64e73fa1d0fe21a368aa54c13f0352f5272d5d57c49aad92a,JD433798,,11/17/2020 11:25,30,NO CONTROLS,NO CONTROLS,CLEAR,DAYLIGHT,PARKED MOTOR VEHICLE,NOT DIVIDED,,STRAIGHT ON GRADE,DRY,NO DEFECTS,ON SCENE,NO INJURY / DRIVE AWAY,,,Y,"OVER $1,500",11/17/2020 11:31,IMPROPER BACKING,NOT APPLICABLE,6041,S,KEDZIE AVE,823,,,,,,,2,NO INDICATION OF INJURY,0,0,0,0,0,1,0,11,3,11,41.78320881,-87.70310975,POINT (-87.70310975339 41.783208810444)
712566e6bb0d29650ddb99274a2704372129b5bce1904662d9b39dfb9085ba880b8c582d177ea773124cd91b5b92414660bfdef438fcf835cf05a690eb3f0eff,JC348298,,7/14/2019 10:45,25,NO CONTROLS,NO CONTROLS,CLEAR,DAYLIGHT,PEDESTRIAN,PARKING LOT,,STRAIGHT AND LEVEL,DRY,NO DEFECTS,ON SCENE,NO INJURY / DRIVE AWAY,,Y,,$500 OR LESS,7/14/2019 10:47,UNABLE TO DETERMINE,UNABLE TO DETERMINE,3531,N,BROADWAY,1925,,,,,,,2,NO INDICATION OF INJURY,0,0,0,0,0,2,0,10,1,7,41.94638465,-87.64652486,POINT (-87.646524863347 41.946384651554)
71b1d48d2d9f1890c736bdb8807d488df5a5b63543ca9cec9ed619f8b77ec883e53c5e1990965dc519066671eae8f12c0357ea5aeca8646873e8618c81a4dc64,JD404835,,10/19/2020 23:50,30,UNKNOWN,UNKNOWN,CLEAR,DUSK,REAR END,NOT DIVIDED,,STRAIGHT AND LEVEL,WET,UNKNOWN,NOT ON SCENE (DESK REPORT),NO INJURY / DRIVE AWAY,Y,,,$500 OR LESS,10/20/2020 0:30,UNABLE TO DETERMINE,NOT APPLICABLE,800,W,ROOSEVELT RD,1232,,,,,,,2,NO INDICATION OF INJURY,0,0,0,0,0,2,0,23,2,10,41.8672631,-87.64697269,POINT (-87.646972686016 41.867263098369)
71761d3ea30a4190395993a9f5be96645b3125472265494dbf22a086b28dc641951fd8b7ed8298526482479329f13a7e1db9aaac124326ec4ca55a95aaca70df,JE404081,,10/9/2021 16:12,30,NO CONTROLS,NO CONTROLS,RAIN,DAYLIGHT,ANGLE,ONE-WAY,,STRAIGHT AND LEVEL,DRY,NO DEFECTS,NOT ON SCENE (DESK REPORT),NO INJURY / DRIVE AWAY,,,,$500 OR LESS,10/9/2021 17:20,IMPROPER BACKING,NOT APPLICABLE,110,E,DELAWARE PL,1833,,,,,,,2,NO INDICATION OF INJURY,0,0,0,0,0,2,0,16,7,10,41.89929858,-87.62559839,POINT (-87.625598385272 41.899298577687)
6f3a17fb68df97772b0805394bbdf362bbdf1d36c2fcc56d489809ca1948ade9e0aa2cd17f7f51c8a450b0698246f36cd512ea2242603005cea4ea48ab7eb661,JA549232,,12/14/2017 16:15,30,NO CONTROLS,NO CONTROLS,CLEAR,DUSK,HEAD ON,NOT DIVIDED,,STRAIGHT AND LEVEL,DRY,NO DEFECTS,ON SCENE,INJURY AND / OR TOW DUE TO CRASH,,,,"OVER $1,500",12/14/2017 16:20,IMPROPER LANE USAGE,UNABLE TO DETERMINE,6348,N,KEDZIE AVE,2413,,,,,,,2,NO INDICATION OF INJURY,0,0,0,0,0,5,0,16,5,12,41.99702441,-87.709482,POINT (-87.709482004304 41.997024414019)
707e3a30947640b256e0f6f41acfb8e11ae09eb2a17cd99198c70ff37c13de1975f745f2154d883bbd00308adeacadb20546667593f2dc4fd6184922bc74e934,JB129148,,1/25/2018 13:20,0,NO CONTROLS,NO CONTROLS,CLEAR,DAYLIGHT,FIXED OBJECT,OTHER,,STRAIGHT AND LEVEL,OTHER,OTHER,ON SCENE,INJURY AND / OR TOW DUE TO CRASH,,Y,,"OVER $1,500",1/25/2018 13:30,UNABLE TO DETERMINE,UNABLE TO DETERMINE,8113,S,COLFAX AVE,422,,,,,,,1,NO INDICATION OF INJURY,0,0,0,0,0,1,0,13,5,1,41.74773342,-87.56117,POINT (-87.561169999507 41.747733414648)
70ac7f5262186d99a1d08068d83711940de87881c143ee829ed7d5a798cc11b69f2c6785e49f2534884cc4aca70c42a53e508fdfd36b6e9b08d1c4ff22a35385,HZ414714,,8/31/2016 11:30,15,NO CONTROLS,NO CONTROLS,CLEAR,DAYLIGHT,PARKED MOTOR VEHICLE,PARKING LOT,2,STRAIGHT AND LEVEL,DRY,NO DEFECTS,NOT ON SCENE (DESK REPORT),NO INJURY / DRIVE AWAY,,,Y,"OVER $1,500",8/31/2016 12:27,UNABLE TO DETERMINE,NOT APPLICABLE,2440,S,INDIANA AVE,132,,,,,,,2,NO INDICATION OF INJURY,0,0,0,0,0,1,0,11,4,8,,,
7428a0a0959214fa819288f6bfd1b1e546288da9b55b06b624afb0f7fb6d486eb4822a79e7bd80a9f9b07adf9e53b5551b6a345a78626ac0a13defa1733208e1,JB559551,,12/19/2018 11:12,30,NO CONTROLS,NO CONTROLS,CLEAR,DAYLIGHT,REAR END,ONE-WAY,,STRAIGHT AND LEVEL,DRY,NO DEFECTS,ON SCENE,NO INJURY / DRIVE AWAY,,,,"$501 - $1,500",12/19/2018 11:22,UNABLE TO DETERMINE,UNABLE TO DETERMINE,2431,W,CONGRESS PKWY,1135,,,,,,,2,NO INDICATION OF INJURY,0,0,0,0,0,2,0,11,4,12,41.87488048,-87.68757061,POINT (-87.687570607843 41.87488048057)
74af229af091d540d9789ccfae1af73a9176b920abb9ec8b164f84f5d71de9d4b01e5aa28e4906ae40ec421a79a1042aaefb02419cd2a7bed1e31f7da2e158bc,JD364185,,9/11/2020 19:11,30,STOP SIGN/FLASHER,NO CONTROLS,CLEAR,DARKNESS,REAR END,NOT DIVIDED,,STRAIGHT AND LEVEL,DRY,UNKNOWN,ON SCENE,NO INJURY / DRIVE AWAY,,,,"$501 - $1,500",9/11/2020 19:13,UNABLE TO DETERMINE,UNABLE TO DETERMINE,5440,W,JACKSON BLVD,1522,,,,,,,2,NO INDICATION OF INJURY,0,0,0,0,0,4,0,19,6,9,41.87668233,-87.7612131,POINT (-87.76121309569 41.876682332818)
74defb6fedd0f93e4cada1d0c6da8cc1fd45814b33c9a7d150d2460b93de4b078884c6a0628cda2e5d7231a30884fbd888076b32b26bd604e8de0da097e9406b,JC446465,,9/24/2019 12:15,20,OTHER,FUNCTIONING PROPERLY,CLEAR,DAYLIGHT,FIXED OBJECT,PARKING LOT,,STRAIGHT AND LEVEL,DRY,NO DEFECTS,ON SCENE,NO INJURY / DRIVE AWAY,,Y,,"OVER $1,500",9/24/2019 12:25,NOT APPLICABLE,NOT APPLICABLE,1,W,PARKING LOT D ST,1654,,,,,,,1,NO INDICATION OF INJURY,0,0,0,0,0,1,0,12,3,9,,,
752c47127c993af59ec0c57f525482bbe3cd2aae9e83b025b2b91011b491f12cfcc2a15a0244d4ed7f6ecf1e9acaf47686ff1d2f7045d3d975ae75ab06c199a9,JE459505,,11/28/2021 16:19,30,NO CONTROLS,NO CONTROLS,CLEAR,DUSK,REAR TO FRONT,ONE-WAY,,STRAIGHT AND LEVEL,DRY,NO DEFECTS,NOT ON SCENE (DESK REPORT),NO INJURY / DRIVE AWAY,,,,"$501 - $1,500",11/28/2021 17:23,IMPROPER BACKING,NOT APPLICABLE,2242,N,MAJOR AVE,2515,,,,,,,3,NO INDICATION OF INJURY,0,0,0,0,0,2,0,16,1,11,41.92157196,-87.76848104,POINT (-87.768481042381 41.921571957873)
7458391565d0b97ca36c95a6efe75e49b6769666203bd5a3aa0bf2505f8338567ec0eedd12343d396241aa660cb5b4588c14f6b1f6fcbdfec8f79ab42e640c84,JB391196,,8/13/2018 8:00,30,NO CONTROLS,NO CONTROLS,CLEAR,DAYLIGHT,FIXED OBJECT,NOT DIVIDED,,STRAIGHT AND LEVEL,DRY,NO DEFECTS,ON SCENE,NO INJURY / DRIVE AWAY,,Y,,"OVER $1,500",8/13/2018 8:30,IMPROPER BACKING,NOT APPLICABLE,1839,S,SAWYER AVE,1022,,,,,,,1,NO INDICATION OF INJURY,0,0,0,0,0,1,0,8,2,8,41.85620692,-87.70645248,POINT (-87.706452484286 41.856206915455)
734742b961a160ccea632b369b418ac362c5ab5b932bcf33e1814dc36c3f6255897969d8c436f6e0ee8e07353b5f5a124648f62b4defd40c13435510d1c16bc4,JE375768,Y,9/16/2021 6:00,10,NO CONTROLS,NO CONTROLS,CLEAR,"DARKNESS, LIGHTED ROAD",PARKED MOTOR VEHICLE,PARKING LOT,,STRAIGHT AND LEVEL,DRY,NO DEFECTS,ON SCENE,NO INJURY / DRIVE AWAY,,,Y,"OVER $1,500",9/16/2021 12:44,UNABLE TO DETERMINE,UNABLE TO DETERMINE,2425,E,71ST ST,334,,,,,,,2,NO INDICATION OF INJURY,0,0,0,0,0,1,0,6,5,9,,,
afc8d5e23497d78f2b4d2f23e4f8e47de43999be3d1cf4e248d15fa93ee40c2b6a6c6ca234f71db5c8d1ffc9e0cf4ece920b74d11c9d8f0079712f3d61e43939,JB158978,,2/20/2018 15:00,0,NO CONTROLS,NO CONTROLS,RAIN,DAYLIGHT,FIXED OBJECT,NOT DIVIDED,4,STRAIGHT AND LEVEL,WET,NO DEFECTS,ON SCENE,INJURY AND / OR TOW DUE TO CRASH,,,,"OVER $1,500",2/20/2018 15:00,UNABLE TO DETERMINE,UNABLE TO DETERMINE,437,N,ORLEANS ST,1831,,,,,,,1,FATAL,1,1,0,0,0,0,0,15,3,2,41.89020246,-87.63684698,POINT (-87.636846974582 41.89020246182)
72562473a3ce197d7e161c86a03296a64efef55de2fccaf5fa63e008022a0b764e33a235180f267e71825dfe44789bce38e19704fe439051d7ca363ca664e043,JD256823,,6/7/2020 16:45,10,NO CONTROLS,NO CONTROLS,CLEAR,DAYLIGHT,SIDESWIPE SAME DIRECTION,PARKING LOT,,STRAIGHT AND LEVEL,DRY,UNKNOWN,ON SCENE,NO INJURY / DRIVE AWAY,,,,"OVER $1,500",6/7/2020 16:45,UNABLE TO DETERMINE,UNABLE TO DETERMINE,514,W,OHARE ST,1654,,,,,,,2,NO INDICATION OF INJURY,0,0,0,0,0,2,0,16,1,6,,,
750612b08db6680f159c58e83866528bd28fb6fbb8e5ed16d6a2cea3bee95343c700d47e80dad97a0a09c29409791cd90a230bdcc82bcefd7cb91f6022f2f6e8,JD458910,,12/14/2020 14:00,30,UNKNOWN,UNKNOWN,CLEAR,DAYLIGHT,REAR END,NOT DIVIDED,,STRAIGHT AND LEVEL,DRY,UNKNOWN,NOT ON SCENE (DESK REPORT),NO INJURY / DRIVE AWAY,,,Y,"$501 - $1,500",12/14/2020 14:45,UNABLE TO DETERMINE,UNABLE TO DETERMINE,233,W,87TH ST,634,,,,,,,2,NO INDICATION OF INJURY,0,0,0,0,0,2,0,14,2,12,41.73593587,-87.62982658,POINT (-87.629826578351 41.73593587109)
7343c27f84dd825fd3d01c67e67dad17e833569c58f408dde0f4fdd0e6f9374dea420b5a37d12e113d3fcbfc4d3374d23d0e776e3e807d203a1009e552588b69,JB230116,,4/19/2018 16:06,25,NO CONTROLS,NO CONTROLS,CLEAR,DAYLIGHT,REAR END,NOT DIVIDED,,STRAIGHT AND LEVEL,DRY,NO DEFECTS,NOT ON SCENE (DESK REPORT),NO INJURY / DRIVE AWAY,,,,"$501 - $1,500",4/19/2018 17:19,NOT APPLICABLE,NOT APPLICABLE,730,N,PULASKI RD,1111,,,,,,,2,NO INDICATION OF INJURY,0,0,0,0,0,2,0,16,5,4,41.89444828,-87.72620305,POINT (-87.726203047904 41.894448278337)
737dae5a2e9fa7b41b86dcdb926630f50f29ca75eaeb6d88c18714d31540d868e6852fb97aec18f5432aab4b8a20b9fa6923bf38c62217335de2e7ab8d98b3b3,JB503288,,11/4/2018 14:45,20,NO CONTROLS,NO CONTROLS,RAIN,DAYLIGHT,REAR END,NOT DIVIDED,,STRAIGHT AND LEVEL,WET,NO DEFECTS,ON SCENE,NO INJURY / DRIVE AWAY,,,Y,$500 OR LESS,11/4/2018 15:45,NOT APPLICABLE,NOT APPLICABLE,4900,S,LOOMIS BLVD,933,,,,,,,2,NO INDICATION OF INJURY,0,0,0,0,0,2,0,14,1,11,41.80501401,-87.66015876,POINT (-87.660158763295 41.805014005598)
74035ce891a1b1b02e1aec2de76bec8d82db026e7288eef80782285434d68ed300a29cce9b340c8e1ce358e8f973f0b51f09eef7245d5868f4a451fe30be4608,JB336708,,7/2/2018 15:48,10,NO CONTROLS,NO CONTROLS,CLEAR,DAYLIGHT,ANGLE,PARKING LOT,,STRAIGHT AND LEVEL,DRY,NO DEFECTS,ON SCENE,NO INJURY / DRIVE AWAY,,,,"OVER $1,500",7/5/2018 15:58,UNABLE TO DETERMINE,UNABLE TO DETERMINE,2211,W,DIVERSEY PKWY,1432,,,,,,,2,NO INDICATION OF INJURY,0,0,0,0,0,2,0,15,2,7,41.93210986,-87.68361585,POINT (-87.683615852498 41.932109855102)
737db34c4efb08dc15ccc68a01435675bb0aacdc84cfcfb7f88660256b8a37e6138ca0b9416167e87b367b7dfda03e333394bc0d665cadbcfde17c123fd339d6,JD452982,,12/8/2020 10:20,35,NO CONTROLS,NO CONTROLS,CLEAR,DAYLIGHT,FIXED OBJECT,ONE-WAY,,STRAIGHT AND LEVEL,DRY,NO DEFECTS,ON SCENE,NO INJURY / DRIVE AWAY,,,,$500 OR LESS,12/8/2020 10:21,NOT APPLICABLE,NOT APPLICABLE,6501,S,PROMONTORY DR,331,,,,,,,2,NO INDICATION OF INJURY,0,0,0,0,0,1,0,10,3,12,41.77665367,-87.57082461,POINT (-87.570824609782 41.776653672409)
781db2c01b19a77a43aa5feb47872019619f9999f7b7ec9440bc6368fc582c10cecfc8240fe413191e84ac0bdd77ab4e7ae99bd4a9d66e062e72432134d81927,JF272119,,6/8/2022 12:30,30,NO CONTROLS,NO CONTROLS,RAIN,DAYLIGHT,PARKED MOTOR VEHICLE,NOT DIVIDED,,STRAIGHT AND LEVEL,WET,NO DEFECTS,ON SCENE,NO INJURY / DRIVE AWAY,,,Y,"$501 - $1,500",6/8/2022 12:31,IMPROPER BACKING,NOT APPLICABLE,2970,W,NORTH AVE,1421,,,,,,,2,NO INDICATION OF INJURY,0,0,0,0,0,2,0,12,4,6,41.91028279,-87.70188374,POINT (-87.701883740125 41.910282786742)
76b035fb217943c5bbc8203f13b7b263d0125cfb01953ac0effca25ec5119ac49d0ad90d59fdb4683ef534347da2ac26d59e3ea850c668da3e5e912fa80b3971,JD160183,,2/21/2020 17:20,20,NO CONTROLS,NO CONTROLS,CLEAR,"DARKNESS, LIGHTED ROAD",PEDESTRIAN,ONE-WAY,,STRAIGHT AND LEVEL,DRY,NO DEFECTS,ON SCENE,INJURY AND / OR TOW DUE TO CRASH,,,,$500 OR LESS,2/21/2020 17:21,FAILING TO YIELD RIGHT-OF-WAY,FAILING TO YIELD RIGHT-OF-WAY,1,W,TERMINAL ST,1651,,,,,,,2,NONINCAPACITATING INJURY,1,0,0,1,0,1,0,17,6,2,,,
762d91f7847a7adb12d053426e9420c49c84fc944d8d12c48d4c53b1db5255ed6d1a285ffc86b8ddd7a5df1a8e5f7e81c61299ab3791807f450d3caf7cf9df90,JE365841,,9/8/2021 11:35,15,NO CONTROLS,NO CONTROLS,CLEAR,DAYLIGHT,SIDESWIPE SAME DIRECTION,ONE-WAY,,STRAIGHT AND LEVEL,DRY,NO DEFECTS,ON SCENE,NO INJURY / DRIVE AWAY,,,Y,"$501 - $1,500",9/8/2021 11:45,FAILING TO YIELD RIGHT-OF-WAY,FAILING TO YIELD RIGHT-OF-WAY,2,W,TERMINAL ST,1652,,,,,,,2,NO INDICATION OF INJURY,0,0,0,0,0,2,0,11,4,9,,,