CRASH_RECORD_ID,RD_NO,CRASH_DATE_EST_I,CRASH_DATE,POSTED_SPEED_LIMIT,TRAFFIC_CONTROL_DEVICE,DEVICE_CONDITION,WEATHER_CONDITION,LIGHTING_CONDITION,FIRST_CRASH_TYPE,TRAFFICWAY_TYPE,LANE_CNT,ALIGNMENT,ROADWAY_SURFACE_COND,ROAD_DEFECT,REPORT_TYPE,CRASH_TYPE,INTERSECTION_RELATED_I,NOT_RIGHT_OF_WAY_I,HIT_AND_RUN_I,DAMAGE,DATE_POLICE_NOTIFIED,PRIM_CONTRIBUTORY_CAUSE,SEC_CONTRIBUTORY_CAUSE,STREET_NO,STREET_DIRECTION,STREET_NAME,BEAT_OF_OCCURRENCE,PHOTOS_TAKEN_I,STATEMENTS_TAKEN_I,DOORING_I,WORK_ZONE_I,WORK_ZONE_TYPE,WORKERS_PRESENT_I,NUM_UNITS,MOST_SEVERE_INJURY,INJURIES_TOTAL,INJURIES_FATAL,INJURIES_INCAPACITATING,INJURIES_NON_INCAPACITATING,INJURIES_REPORTED_NOT_EVIDENT,INJURIES_NO_INDICATION,INJURIES_UNKNOWN,CRASH_HOUR,CRASH_DAY_OF_WEEK,CRASH_MONTH,LATITUDE,LONGITUDE,LOCATION
7650296e296df7a00cb5728cf1c24af7ce405e304cd427474af9214d7df06d8016beb21942831355e4dad921cfa4ebbd66957350c2326b27d2b612fb0525a7e7,JC386439,,8/10/2019 5:22,30,NO CONTROLS,UNKNOWN,CLEAR,UNKNOWN,PARKED MOTOR VEHICLE,NOT DIVIDED,,STRAIGHT AND LEVEL,DRY,UNKNOWN,ON SCENE,NO INJURY / DRIVE AWAY,,,Y,"$501 - $1,500",8/10/2019 5:22,NOT APPLICABLE,NOT APPLICABLE,7947,S,RACINE AVE,612,,,,,,,2,NO INDICATION OF INJURY,0,0,0,0,0,1,0,5,7,8,41.74908144,-87.6535556,POINT (-87.65355559947 41.74908144344)
75f1035cc44638295e5b717b9da8573947c813123c48f1d4409489ed11476c6218952d5470158591d4f5e440edcb1652884d4c7427799420454ce7924c3382ec,JD134415,,1/30/2020 18:46,30,NO CONTROLS,NO CONTROLS,CLEAR,DARKNESS,PARKED MOTOR VEHICLE,OTHER,,STRAIGHT AND LEVEL,DRY,NO DEFECTS,ON SCENE,NO INJURY / DRIVE AWAY,,,,"$501 - $1,500",1/30/2020 18:46,NOT APPLICABLE,NOT APPLICABLE,5236,W,CRYSTAL ST,2532,,,,,,,2,NO INDICATION OF INJURY,0,0,0,0,0,1,0,18,5,1,41.90324848,-87.7573033,POINT (-87.757303302109 41.903248478566)
78cb93fb9a13a6dc432c00f570b96e4926c0efe199ee5ff4d696951f229629fac8d1757961c3354ac006f1f903e899d58e0a7be84a24c72a01bf295990a8fa2a,JB494598,,10/29/2018 9:40,30,NO CONTROLS,NO CONTROLS,CLEAR,DAYLIGHT,REAR END,NOT DIVIDED,,STRAIGHT AND LEVEL,DRY,NO DEFECTS,,NO INJURY / DRIVE AWAY,,,Y,"$501 - $1,500",10/29/2018 10:25,IMPROPER BACKING,UNABLE TO DETERMINE,1821,S,KILBOURN AVE,1012,,,,,,,2,NO INDICATION OF INJURY,0,0,0,0,0,3,0,9,2,10,41.85615803,-87.73695174,POINT (-87.736951738062 41.856158027624)
76797359a9837a6ecf0726ae0bdadd9b820958b8653784f82c8a3ce3a3c7011bb8722df25e67bee27762353a4ec2788379e31c21e6052739a411de4884693997,JD186698,,3/15/2020 16:20,30,OTHER,OTHER,CLEAR,UNKNOWN,PEDESTRIAN,OTHER,,STRAIGHT AND LEVEL,UNKNOWN,UNKNOWN,ON SCENE,INJURY AND / OR TOW DUE TO CRASH,N,N,,$500 OR LESS,3/15/2020 16:24,NOT APPLICABLE,NOT APPLICABLE,1445,N,SANDBURG TER,1821,,,,,,,2,NONINCAPACITATING INJURY,1,0,0,1,0,1,0,16,1,3,41.90899348,-87.63206361,POINT (-87.632063607675 41.908993482134)
78a03c2744b042f5eb119c80980a3b8f54742127ff8233ea3cad55587f70bac1065d50ea47f16b9e15b76125359e10b52825af884623789bf968f3047abd818f,JA556749,,12/20/2017 12:49,30,NO CONTROLS,NO CONTROLS,CLEAR,DAYLIGHT,HEAD ON,ONE-WAY,,STRAIGHT AND LEVEL,DRY,NO DEFECTS,ON SCENE,NO INJURY / DRIVE AWAY,,,Y,"OVER $1,500",12/20/2017 13:00,IMPROPER LANE USAGE,NOT APPLICABLE,7155,S,CLAREMONT AVE,832,,,,,,,2,NO INDICATION OF INJURY,0,0,0,0,0,3,0,12,4,12,41.76310487,-87.68172848,POINT (-87.681728483624 41.76310486914)
788ee2aeb24226b444b9621ad94613b54a4bd3ada01c59165285c9276752fadffe7689987329ac548e97cf32152b2435329edcf3df3658f36f5ed92c121c76a9,JC307255,,6/15/2019 8:15,30,NO CONTROLS,NO CONTROLS,CLEAR,DAYLIGHT,PARKED MOTOR VEHICLE,NOT DIVIDED,,STRAIGHT AND LEVEL,DRY,NO DEFECTS,ON SCENE,NO INJURY / DRIVE AWAY,,,,"OVER $1,500",6/15/2019 8:25,UNABLE TO DETERMINE,NOT APPLICABLE,6204,W,IRVING PARK RD,1624,,,,,,,2,NO INDICATION OF INJURY,0,0,0,0,0,1,0,8,7,6,41.95308772,-87.78188449,POINT (-87.781884493134 41.953087724171)
75a5c95bd48ca8a61c7ac664c5fd542a5499d26a8de6ed8603a1dfea59253ef85f73dc2d1e9d33fb927eee07d75e2236f0b5ef4098937f854acfee48c878ee8e,JD354606,,9/3/2020 0:40,30,NO CONTROLS,NO CONTROLS,CLEAR,DARKNESS,TURNING,NOT DIVIDED,,STRAIGHT AND LEVEL,DRY,UNKNOWN,NOT ON SCENE (DESK REPORT),NO INJURY / DRIVE AWAY,,,,"OVER $1,500",9/3/2020 9:35,UNABLE TO DETERMINE,NOT APPLICABLE,720,E,131ST ST,533,,,,,,,2,NO INDICATION OF INJURY,0,0,0,0,0,3,0,0,5,9,41.65735717,-87.6037934,POINT (-87.60379339873 41.657357164559)
78184b67e755659e616a6115c8cf1558cde3cf4b83a014638a9b3ed5c06de1af9a0fc6438c0fcc4d214b5870467e35577c580335a548770b82939e07b5933777,JB289343,,6/2/2018 5:10,10,NO CONTROLS,NO CONTROLS,CLEAR,DAYLIGHT,SIDESWIPE SAME DIRECTION,ONE-WAY,3,STRAIGHT AND LEVEL,DRY,NO DEFECTS,ON SCENE,NO INJURY / DRIVE AWAY,,,,"OVER $1,500",6/2/2018 5:15,IMPROPER OVERTAKING/PASSING,DRIVING SKILLS/KNOWLEDGE/EXPERIENCE,1,W,TERMINAL ST,1651,,,,,,,2,NO INDICATION OF INJURY,0,0,0,0,0,2,0,5,7,6,,,
76951a110839eb36d5cf4bb8f65bcc4c4fcdf5878080a67a41f2455e2a4c2536da8428efe6364bb4378751e8ea51b69903649bf89ae7d6393ab6bc8bc5138e9a,JC463729,,10/7/2019 8:55,30,NO CONTROLS,NO CONTROLS,CLEAR,DAYLIGHT,OTHER OBJECT,NOT DIVIDED,,STRAIGHT AND LEVEL,DRY,NO DEFECTS,NOT ON SCENE (DESK REPORT),NO INJURY / DRIVE AWAY,,,,"OVER $1,500",10/7/2019 17:55,NOT APPLICABLE,NOT APPLICABLE,499,E,35TH ST,212,,,,,,,1,NO INDICATION OF INJURY,0,0,0,0,0,1,0,8,2,10,41.83108391,-87.61460652,POINT (-87.614606524201 41.831083907814)
7878f4fe24cebc5a76b6a8ff99dc3382bfdeee9c5f07c25d0646703f04c5804b22227bf48df2519adc562c072718d0d7fa8dbc3d917fb15440ac3467c5ec5f9a,JB237282,,4/25/2018 11:27,30,TRAFFIC SIGNAL,FUNCTIONING PROPERLY,CLEAR,DAYLIGHT,ANGLE,ONE-WAY,3,STRAIGHT AND LEVEL,DRY,NO DEFECTS,ON SCENE,INJURY AND / OR TOW DUE TO CRASH,Y,,,"OVER $1,500",4/25/2018 11:27,DISREGARDING TRAFFIC SIGNALS,NOT APPLICABLE,5500,S,WENTWORTH AVE,225,,,,,,,2,NONINCAPACITATING INJURY,1,0,0,1,0,1,0,11,4,4,,,
768fac9002e344143ffad680f9961d1f69143c9cd34152d13fec13673bd70de3e681a9b9fa00354971b2791ea0319d20fbefab4fb4cc1c039d1b2bf271c3dd28,JE418939,,10/21/2021 17:49,30,TRAFFIC SIGNAL,UNKNOWN,UNKNOWN,UNKNOWN,REAR END,NOT DIVIDED,,STRAIGHT AND LEVEL,UNKNOWN,UNKNOWN,,NO INJURY / DRIVE AWAY,Y,,N,"$501 - $1,500",10/22/2021 17:40,UNABLE TO DETERMINE,UNABLE TO DETERMINE,5200,W,CHICAGO AVE,1524,,,,,,,2,NO INDICATION OF INJURY,0,0,0,0,0,2,0,17,5,10,41.89504414,-87.75566533,POINT (-87.755665329048 41.895044142418)
78e06c9ca55d678ddd51448b45bb6ab320951c8efdd98a800d7048cb70f9fe577fc03aa16f4327e142dd00baf1b08f93de3afc2e520a0837ade0b81eaf0a8fc4,JE477020,,12/14/2021 9:59,30,NO CONTROLS,NO CONTROLS,CLEAR,DAYLIGHT,REAR END,NOT DIVIDED,,STRAIGHT AND LEVEL,DRY,NO DEFECTS,ON SCENE,NO INJURY / DRIVE AWAY,,,,"OVER $1,500",12/14/2021 10:45,FOLLOWING TOO CLOSELY,NOT APPLICABLE,620,N,FAIRBANKS CT,1834,,,,,,,2,NO INDICATION OF INJURY,0,0,0,0,0,2,0,9,3,12,41.8933654,-87.62042206,POINT (-87.620422057447 41.893365397139)
75aed9441f8420122710f750518f4ceb56ef37448540fb5c90e5aa07d96574faa65ca21038cb7de45468e873ca4ebcae174b30fa231b2dc07f3d4acdc52319bb,JE298648,,7/8/2021 14:00,30,TRAFFIC SIGNAL,FUNCTIONING PROPERLY,CLEAR,DAYLIGHT,REAR END,ONE-WAY,,STRAIGHT AND LEVEL,DRY,WORN SURFACE,NOT ON SCENE (DESK REPORT),NO INJURY / DRIVE AWAY,,,,"OVER $1,500",7/12/2021 10:00,UNABLE TO DETERMINE,NOT APPLICABLE,540,N,CLINTON ST,1214,,,,,,,2,NO INDICATION OF INJURY,0,0,0,0,0,2,0,14,5,7,,,
7581b0757a7603689af63eea3d0f45649c4f4111cfa3f7b56f02d9c20e60e0c6ecfb28d052c0dfc5f4c92524a232b1feb30ab98cad63ac4d598829bf3fcca219,JA509906,,11/13/2017 10:00,30,NO CONTROLS,NO CONTROLS,CLEAR,DAYLIGHT,REAR END,NOT DIVIDED,2,STRAIGHT AND LEVEL,DRY,NO DEFECTS,ON SCENE,NO INJURY / DRIVE AWAY,,,N,"OVER $1,500",11/13/2017 10:01,UNABLE TO DETERMINE,UNABLE TO DETERMINE,3809,W,55TH ST,822,,,,,,,2,NO INDICATION OF INJURY,0,0,0,0,0,2,0,10,2,11,41.79316156,-87.71863123,POINT (-87.718631231265 41.793161559458)
78af916cfb9c54c58e52c0038244895e48fdad00c9f537023757551ff9bd41eacaef8e260f51ffab0f375cf519d5915222e4b4332461f429c4f0a3b3bc0e070d,JC500176,,11/5/2019 21:43,20,NO CONTROLS,NO CONTROLS,CLEAR,"DARKNESS, LIGHTED ROAD",ANGLE,ONE-WAY,,STRAIGHT AND LEVEL,DRY,NO DEFECTS,ON SCENE,NO INJURY / DRIVE AWAY,,,,"$501 - $1,500",11/5/2019 21:58,UNABLE TO DETERMINE,NOT APPLICABLE,5510,S,MOZART ST,824,,,,,,,2,NO INDICATION OF INJURY,0,0,0,0,0,2,0,21,3,11,41.79329387,-87.69515616,POINT (-87.69515616184 41.793293872709)
789bc391915551671a56ec58fe1d854f52ab7d4548c7b3a447ca22348174a311c9340e22286d60251a71d9f78aacedc4a156a4e5523b581c64a0ca2c5582bcd4,JD371132,,9/18/2020 9:50,25,NO CONTROLS,NO CONTROLS,CLEAR,DAYLIGHT,REAR TO FRONT,ONE-WAY,,STRAIGHT AND LEVEL,DRY,NO DEFECTS,ON SCENE,NO INJURY / DRIVE AWAY,,,,"OVER $1,500",9/18/2020 10:01,IMPROPER BACKING,UNABLE TO DETERMINE,7935,S,WABASH AVE,623,,,,,,,2,NO INDICATION OF INJURY,0,0,0,0,0,2,0,9,6,9,41.74992609,-87.62282075,POINT (-87.62282074846 41.749926091486)
761b89371d5ffe2f40aa6f5291dbaf2c1cd771cb904ad67f43932ef0bff3a67e24f396a3121794d2acff389e0c0d509df85bbaa886c099268024a21269d2bdd5,JC342478,,7/10/2019 10:30,30,NO CONTROLS,NO CONTROLS,CLEAR,DAYLIGHT,PARKED MOTOR VEHICLE,NOT DIVIDED,,STRAIGHT AND LEVEL,DRY,NO DEFECTS,ON SCENE,NO INJURY / DRIVE AWAY,,,,"OVER $1,500",7/10/2019 10:34,NOT APPLICABLE,NOT APPLICABLE,4820,W,HUTCHINSON ST,1624,,,,,,,2,NO INDICATION OF INJURY,0,0,0,0,0,1,0,10,4,7,41.9580819,-87.74829755,POINT (-87.748297553161 41.958081900851)
77953353ed5176c15fe243c575de8dc587fdfd4175eb82157f2893843a6a7ee32c3776de8a2f3bae6e4d1f18f538db533fae5a913d710dc04addfe06f07cd29c,JC168481,,2/28/2019 7:35,35,NO CONTROLS,NO CONTROLS,CLEAR,DAYLIGHT,REAR END,NOT DIVIDED,2,STRAIGHT AND LEVEL,DRY,NO DEFECTS,ON SCENE,NO INJURY / DRIVE AWAY,,,,"OVER $1,500",2/28/2019 7:50,UNABLE TO DETERMINE,UNABLE TO DETERMINE,1931,S,STATE ST,131,,,,,,,2,NO INDICATION OF INJURY,0,0,0,0,0,2,0,7,5,2,41.85566929,-87.62700446,POINT (-87.627004463145 41.855669290863)
78783a553f539659e7fafe9cb202e0f4356bfc41bafb83278e1d1c763ef76c03b87ff9174432a1b83eacd86c2769e0c87842b037b3842ba46f8d97ef1879d977,JC458232,,10/3/2019 9:30,30,NO CONTROLS,NO CONTROLS,RAIN,DAYLIGHT,SIDESWIPE SAME DIRECTION,ONE-WAY,,STRAIGHT AND LEVEL,WET,NO DEFECTS,ON SCENE,NO INJURY / DRIVE AWAY,,,Y,$500 OR LESS,10/3/2019 9:35,IMPROPER LANE USAGE,NOT APPLICABLE,63,E,MADISON ST,112,,,,,,,2,NO INDICATION OF INJURY,0,0,0,0,0,2,0,9,5,10,41.88198314,-87.62557563,POINT (-87.625575627439 41.881983142712)
77cf02aa36b0f9e2c74afe0d1edc29c8c0a231fed3c0e6ebe415d4ebf76b7e0b73ef6d172a315e0cdc4196ceb24e6c23e9622e58097d934e6657d7523dd69b68,JD250006,,6/1/2020 15:15,50,NO CONTROLS,NO CONTROLS,CLOUDY/OVERCAST,DAYLIGHT,SIDESWIPE SAME DIRECTION,DIVIDED - W/MEDIAN BARRIER,,STRAIGHT AND LEVEL,DRY,NO DEFECTS,ON SCENE,NO INJURY / DRIVE AWAY,,,,"OVER $1,500",6/1/2020 15:20,FAILING TO YIELD RIGHT-OF-WAY,NOT APPLICABLE,13,W,I190 EXPY,1654,,,,,,,2,NO INDICATION OF INJURY,0,0,0,0,0,4,0,15,2,6,,,
778a912f923cf12c9a64c6fbb5ff466e4d36cce28ac79c4e817eb1cdfea01e4bd7156f84a013f953afb7d2c87bbc854947aa518b3ad0f51f4a3f3ee8552bc04b,JD310817,,7/26/2020 16:15,30,NO CONTROLS,NO CONTROLS,CLEAR,DAYLIGHT,ANGLE,NOT DIVIDED,,STRAIGHT AND LEVEL,DRY,UNKNOWN,NOT ON SCENE (DESK REPORT),NO INJURY / DRIVE AWAY,,,Y,"OVER $1,500",7/26/2020 16:40,UNABLE TO DETERMINE,NOT APPLICABLE,6300,S,ADA ST,724,N,,,,,,2,NO INDICATION OF INJURY,0,0,0,0,0,3,0,16,1,7,41.77946581,-87.65829677,POINT (-87.658296770824 41.779465808054)
931a772d307287271e80ea221e75775a0f3467163a9d74f41c267123919c28721d789d0f5604457603b0185071d85ccef282566e7c819a7dbbef819b81deb5ce,JB526222,,11/23/2018 13:16,30,NO CONTROLS,NO CONTROLS,CLEAR,DAYLIGHT,PARKED MOTOR VEHICLE,PARKING LOT,1,STRAIGHT AND LEVEL,DRY,NO DEFECTS,ON SCENE,NO INJURY / DRIVE AWAY,,Y,,$500 OR LESS,11/23/2018 13:17,IMPROPER BACKING,IMPROPER BACKING,1919,E,71ST ST,333,,,,,,,2,NO INDICATION OF INJURY,0,0,0,0,0,1,0,13,6,11,41.76594474,-87.57802589,POINT (-87.578025889299 41.765944737346)
9265129261ac2cabfd7563c22f3220408affac29a690e059f54c96c913bd31da6872950fa7604e62ef0646c4d856a76b47c2c5684fe8b706d562b685f6e0bb62,JD402146,,10/17/2020 10:20,15,NO CONTROLS,NO CONTROLS,CLEAR,DAYLIGHT,PARKED MOTOR VEHICLE,ALLEY,,STRAIGHT AND LEVEL,DRY,NO DEFECTS,ON SCENE,NO INJURY / DRIVE AWAY,,,,"OVER $1,500",10/17/2020 10:30,UNABLE TO DETERMINE,UNABLE TO DETERMINE,1835,S,MAY ST,1235,,,,,,,2,NO INDICATION OF INJURY,0,0,0,0,0,1,0,10,7,10,41.85689307,-87.65467333,POINT (-87.654673326553 41.856893065757)
9150808d5d609249f2834c30256d92b269eda5ef58bf03288b19f08e98c641a4ef4b188183e50f018f3506aab4e6a50d41d17b5a2c2afa6abbe2f2fbf3d9376a,JE117304,,1/19/2021 16:26,35,TRAFFIC SIGNAL,FUNCTIONING PROPERLY,CLEAR,DARKNESS,REAR END,NOT DIVIDED,,STRAIGHT AND LEVEL,DRY,NO DEFECTS,ON SCENE,NO INJURY / DRIVE AWAY,,,,"OVER $1,500",1/19/2021 16:27,UNABLE TO DETERMINE,UNABLE TO DETERMINE,6311,W,TOUHY AVE,1621,,,,,,,2,NO INDICATION OF INJURY,0,0,0,0,0,2,0,16,3,1,42.01189277,-87.78483227,POINT (-87.784832266475 42.011892764526)
92c14414f905d1da03ea0575413bc2108de86aae6880185400939b794ba8e49b91cefea90ff8812a16ba9ea374cbac9bb22dc38bc5c2a728e2781e8d8ee114ec,JB264149,,5/15/2018 9:13,30,NO CONTROLS,NO CONTROLS,CLEAR,DAYLIGHT,PARKED MOTOR VEHICLE,ONE-WAY,,STRAIGHT AND LEVEL,DRY,NO DEFECTS,ON SCENE,NO INJURY / DRIVE AWAY,,,,"$501 - $1,500",5/15/2018 9:18,IMPROPER LANE USAGE,UNABLE TO DETERMINE,398,S,CLARK ST,122,,,,,,,2,NO INDICATION OF INJURY,0,0,0,0,0,1,0,9,3,5,41.87694515,-87.63089793,POINT (-87.630897934047 41.876945144925)
9105f49184a291a6787cd246f0b4f388ecf340edf340179b068b36f59e8f46ccc35edf8af1362dccfc3f29d022e6387eceb752a9b5a18a4e62c6f8ed09cf7247,JB143813,Y,2/7/2018 1:00,30,UNKNOWN,UNKNOWN,SNOW,UNKNOWN,FIXED OBJECT,UNKNOWN,,STRAIGHT AND LEVEL,SNOW OR SLUSH,UNKNOWN,ON SCENE,NO INJURY / DRIVE AWAY,,,Y,"OVER $1,500",2/7/2018 1:00,NOT APPLICABLE,NOT APPLICABLE,7100,S,JEFFERY BLVD,333,,,,,,,2,NO INDICATION OF INJURY,0,0,0,0,0,2,0,1,4,2,41.76602778,-87.57644312,POINT (-87.576443122779 41.766027779516)
9346146994aba2bd14951a6d3acfc09531cd2efd8a72bde32d70f7ca248574de1a83a9e393d43ef4f0205b1fb7a22a443997f02d7716c268aaddde6cd632732e,JF175426,,3/16/2022 6:40,45,OTHER,FUNCTIONING PROPERLY,CLEAR,DAWN,SIDESWIPE OPPOSITE DIRECTION,DIVIDED - W/MEDIAN BARRIER,,STRAIGHT AND LEVEL,DRY,NO DEFECTS,ON SCENE,NO INJURY / DRIVE AWAY,,,Y,"$501 - $1,500",3/16/2022 6:41,IMPROPER BACKING,NOT APPLICABLE,8801,S,CHICAGO SKYWAY IB,423,,,,,,,2,NO INDICATION OF INJURY,0,0,0,0,0,2,0,6,4,3,,,
332fea8ccc4826c10a3cfc23b788f6875c9a9fbde48abc46af4c72383e5deabd4c5b0638477f311b8cca2f86907428dd6621bb96c1897f5950e807eb701cdc81,JG267209,,5/19/2023 19:53,30,TRAFFIC SIGNAL,NO CONTROLS,CLEAR,DARKNESS,ANGLE,NOT DIVIDED,,STRAIGHT AND LEVEL,DRY,NO DEFECTS,ON SCENE,NO INJURY / DRIVE AWAY,Y,,,"OVER $1,500",5/19/2023 20:19,DISREGARDING STOP SIGN,NOT APPLICABLE,5601,S,RACINE AVE,712,,,,,,,2,NO INDICATION OF INJURY,0,0,0,0,0,3,0,19,6,5,41.79225698,-87.65467967,POINT (-87.654679667751 41.792256978909)
926f1ab7a11f9420bcd91d95f5ea5fbedec00f9451681e109455ed18e7240b943d2eda35c0be718f0a3ebb46f829069d130e8a96eb98680881393c992befc1b7,JC258649,,5/11/2019 8:02,30,NO CONTROLS,NO CONTROLS,CLEAR,DAYLIGHT,FIXED OBJECT,NOT DIVIDED,,STRAIGHT AND LEVEL,DRY,NO DEFECTS,ON SCENE,NO INJURY / DRIVE AWAY,,,,"OVER $1,500",5/11/2019 8:30,IMPROPER BACKING,IMPROPER BACKING,1148,W,VAN BUREN ST,1232,,,,,,,1,NO INDICATION OF INJURY,0,0,0,0,0,1,0,8,7,5,41.87664187,-87.656285,POINT (-87.656284998945 41.87664187131)
96f6f0cfe4e51186480ed77e722d54157c8788c8660c615c01b7be1cdf8ad9ddd0fe5f69d1cf7cb4530746fedc865d0ec996966c71f792164fa3b54a36fdbef6,JE347556,,8/23/2021 18:00,30,NO CONTROLS,NO CONTROLS,CLEAR,DAYLIGHT,PARKED MOTOR VEHICLE,ALLEY,,"CURVE, LEVEL",DRY,UNKNOWN,ON SCENE,NO INJURY / DRIVE AWAY,,,,$500 OR LESS,8/23/2021 18:12,UNABLE TO DETERMINE,UNABLE TO DETERMINE,644,W,ALDINE AVE,1925,,,,,,,2,NO INDICATION OF INJURY,0,0,0,0,0,1,0,18,2,8,41.94195466,-87.64617678,POINT (-87.646176781049 41.941954654573)
973fcf99465150b2ff7f565054d603215962e2bafd54dba6a9f93ac449a8e568a57e0928837e658f53695b1609b454278cfc210a1bc9884954b7aca04df7fe13,JD378702,,9/25/2020 11:03,30,TRAFFIC SIGNAL,FUNCTIONING PROPERLY,CLEAR,DAYLIGHT,REAR END,FOUR WAY,,STRAIGHT AND LEVEL,DRY,NO DEFECTS,,NO INJURY / DRIVE AWAY,Y,,,$500 OR LESS,9/25/2020 11:04,UNABLE TO DETERMINE,UNABLE TO DETERMINE,2400,W,47TH ST,922,,Y,,,,,2,NO INDICATION OF INJURY,0,0,0,0,0,5,0,11,6,9,41.80854224,-87.6845482,POINT (-87.684548201832 41.808542244315)
96576aa797a12eb5a81f90ccf7b6a93ff21199d1b76b2d0b4a42a1097ce9f366a0341b2d50ac71671d4c595a8cdaa5677baa3a2b52d211a1ffb12b29cee6d70c,JA467565,,10/11/2017 17:38,30,NO CONTROLS,NO CONTROLS,RAIN,DUSK,REAR END,NOT DIVIDED,,STRAIGHT AND LEVEL,WET,NO DEFECTS,ON SCENE,INJURY AND / OR TOW DUE TO CRASH,,,,"OVER $1,500",10/11/2017 17:40,WEATHER,UNABLE TO DETERMINE,4800,W,GRAND AVE,2533,,,,,,,2,NO INDICATION OF INJURY,0,0,0,0,0,2,0,17,4,10,41.9140602,-87.74602773,POINT (-87.746027733918 41.914060195761)
95f3d75bcce41d4cc11c3bcc8b909690fbe1d622ddda6ab13e5bbb221177c46eaf8ef41af0da91efb338b9b43007beb8b21e1eb2d5f798fac69bd93cf81f455e,JE387177,,9/25/2021 17:46,15,NO CONTROLS,NO CONTROLS,CLEAR,DAYLIGHT,SIDESWIPE SAME DIRECTION,OTHER,,STRAIGHT AND LEVEL,DRY,NO DEFECTS,ON SCENE,NO INJURY / DRIVE AWAY,,,,"OVER $1,500",9/25/2021 17:47,RELATED TO BUS STOP,NOT APPLICABLE,1,W,TERMINAL ST,1651,,,,,,,2,NO INDICATION OF INJURY,0,0,0,0,0,2,0,17,7,9,,,
9727e86f8c741ace9f65556686f83bcee31d108a92ec089b802476eed4f14dd9e59b88fb2a12f85bce6cf3e4084bae279a060af18e0a43bd77555f8b761459e5,JE337119,,8/14/2021 12:55,30,STOP SIGN/FLASHER,OTHER,CLEAR,DAYLIGHT,ANGLE,OTHER,,STRAIGHT AND LEVEL,DRY,NO DEFECTS,ON SCENE,INJURY AND / OR TOW DUE TO CRASH,,,,"OVER $1,500",8/14/2021 12:59,UNABLE TO DETERMINE,UNABLE TO DETERMINE,2903,N,ELSTON AVE,1411,,,,,,,2,NONINCAPACITATING INJURY,1,0,0,1,0,1,0,12,7,8,41.93412502,-87.69040379,POINT (-87.690403790537 41.93412502116)
967ee8bf1d67cfbd0a8a42b0bc6c46490ebf26a313e66b5233ac0b0275154325db86e7cc3e25b19dbc94a1fde40d63977c15f0d6b19d60fe4dedcdd2628dde7e,JC211560,,4/4/2019 14:30,30,TRAFFIC SIGNAL,FUNCTIONING PROPERLY,RAIN,DAYLIGHT,REAR END,NOT DIVIDED,,STRAIGHT AND LEVEL,WET,NO DEFECTS,ON SCENE,NO INJURY / DRIVE AWAY,Y,,,"OVER $1,500",4/4/2019 14:45,FOLLOWING TOO CLOSELY,UNABLE TO DETERMINE,7658,S,KEDZIE AVE,835,,,,,,,2,NO INDICATION OF INJURY,0,0,0,0,0,3,0,14,5,4,41.75353904,-87.70264828,POINT (-87.702648276581 41.753539040494)
95d8665dc1d45efb9e7cadcde8bc1e2736e0050f8eb4f0034d72cab531185f1cc22f3cfcd2efe8256e59a23e007550e0f88207cf4eea628fef772bff431a7a39,JD425856,,11/9/2020 10:42,30,NO CONTROLS,NO CONTROLS,CLEAR,DAYLIGHT,ANGLE,NOT DIVIDED,,STRAIGHT AND LEVEL,DRY,NO DEFECTS,ON SCENE,NO INJURY / DRIVE AWAY,,,,"$501 - $1,500",11/9/2020 10:42,FAILING TO YIELD RIGHT-OF-WAY,NOT APPLICABLE,8325,S,INDIANA AVE,632,,,,,,,2,NO INDICATION OF INJURY,0,0,0,0,0,3,0,10,2,11,41.74296329,-87.61940257,POINT (-87.619402565856 41.742963293881)
96564bc80778d212890ce313896b64e8bc1ebedecc5cebef37b32458d2e6a2f204188b3f2935883c97716d4a3da070e0670889795ecf423c1f478ff1bda8816a,JC451620,,9/28/2019 10:20,30,NO CONTROLS,NO CONTROLS,RAIN,DAYLIGHT,TURNING,NOT DIVIDED,,STRAIGHT AND LEVEL,WET,NO DEFECTS,ON SCENE,NO INJURY / DRIVE AWAY,,,,"OVER $1,500",9/28/2019 10:25,IMPROPER TURNING/NO SIGNAL,WEATHER,10420,S,WESTERN AVE,2211,,,,,,,2,NO INDICATION OF INJURY,0,0,0,0,0,2,0,10,7,9,41.70389515,-87.68168935,POINT (-87.681689353409 41.703895154314)
9563f1df19a1b01b63adc11b7de63fe66a8f88569d735d6c9d128fe3dfb0b404afb1e09fc037d1a8b0dacec1d88d2517a0469bef9a2cfcc81984dfff9691102c,JB481725,,10/19/2018 13:05,35,TRAFFIC SIGNAL,FUNCTIONING PROPERLY,CLEAR,DAYLIGHT,REAR END,DIVIDED - W/MEDIAN BARRIER,,STRAIGHT AND LEVEL,DRY,NO DEFECTS,NOT ON SCENE (DESK REPORT),NO INJURY / DRIVE AWAY,,,Y,"$501 - $1,500",10/19/2018 14:13,UNABLE TO DETERMINE,UNABLE TO DETERMINE,6252,S,LAKE SHORE DR,331,,,,,,,3,NO INDICATION OF INJURY,0,0,0,0,0,4,0,13,6,10,,,