CRASH_RECORD_ID,RD_NO,CRASH_DATE_EST_I,CRASH_DATE,POSTED_SPEED_LIMIT,TRAFFIC_CONTROL_DEVICE,DEVICE_CONDITION,WEATHER_CONDITION,LIGHTING_CONDITION,FIRST_CRASH_TYPE,TRAFFICWAY_TYPE,LANE_CNT,ALIGNMENT,ROADWAY_SURFACE_COND,ROAD_DEFECT,REPORT_TYPE,CRASH_TYPE,INTERSECTION_RELATED_I,NOT_RIGHT_OF_WAY_I,HIT_AND_RUN_I,DAMAGE,DATE_POLICE_NOTIFIED,PRIM_CONTRIBUTORY_CAUSE,SEC_CONTRIBUTORY_CAUSE,STREET_NO,STREET_DIRECTION,STREET_NAME,BEAT_OF_OCCURRENCE,PHOTOS_TAKEN_I,STATEMENTS_TAKEN_I,DOORING_I,WORK_ZONE_I,WORK_ZONE_TYPE,WORKERS_PRESENT_I,NUM_UNITS,MOST_SEVERE_INJURY,INJURIES_TOTAL,INJURIES_FATAL,INJURIES_INCAPACITATING,INJURIES_NON_INCAPACITATING,INJURIES_REPORTED_NOT_EVIDENT,INJURIES_NO_INDICATION,INJURIES_UNKNOWN,CRASH_HOUR,CRASH_DAY_OF_WEEK,CRASH_MONTH,LATITUDE,LONGITUDE,LOCATION
9679bc7965394cfee66d17a439cba28dc487cc3bc4d24d808c90a2eb6b7b8311d5a0f56f558df3a6778f0e2fbef123647fe23be62572983ace35d08dbbcf966f,JE286009,,7/1/2021 13:10,30,NO CONTROLS,NO CONTROLS,CLEAR,DAYLIGHT,TURNING,NOT DIVIDED,,STRAIGHT AND LEVEL,DRY,NO DEFECTS,ON SCENE,NO INJURY / DRIVE AWAY,,,,"$501 - $1,500",7/1/2021 13:15,UNABLE TO DETERMINE,NOT APPLICABLE,9515,S,GENOA AVE,2223,,,,,,,2,NO INDICATION OF INJURY,0,0,0,0,0,2,0,13,5,7,41.72087712,-87.64933452,POINT (-87.649334516965 41.720877123931)
967ca928d07148680d877bb938dfa1378ea73f1474ca7fa34a8c0a708ae47a579e925aa06d653df3ae225ddc9d581a932333508f9837b0aeb3ac8b18628a533c,JA233431,,4/21/2017 12:30,0,NO CONTROLS,NO CONTROLS,CLEAR,DAYLIGHT,ANGLE,OTHER,,STRAIGHT AND LEVEL,DRY,NO DEFECTS,NOT ON SCENE (DESK REPORT),NO INJURY / DRIVE AWAY,,,,"OVER $1,500",4/21/2017 13:00,UNABLE TO DETERMINE,NOT APPLICABLE,5700,S,PAYNE DR,233,,,,,,,2,NO INDICATION OF INJURY,0,0,0,0,0,2,0,12,6,4,41.7911627,-87.60806112,POINT (-87.608061124321 41.791162703125)
96c9538533dc3fc25f36320cc2dfe9163e3596287b273ecdf941a1ac897f3e4097fba8484809c39e5e8f1dee77462c24590008ad543f8e5d08be08bc7e4d8c9d,JA509675,,11/13/2017 5:35,30,OTHER,OTHER,CLEAR,"DARKNESS, LIGHTED ROAD",REAR END,NOT DIVIDED,2,STRAIGHT AND LEVEL,DRY,UNKNOWN,ON SCENE,NO INJURY / DRIVE AWAY,,,Y,"OVER $1,500",11/13/2017 5:36,NOT APPLICABLE,NOT APPLICABLE,2400,S,DRAKE AVE,1024,,,,,,,2,NO INDICATION OF INJURY,0,0,0,0,0,3,0,5,2,11,41.84795117,-87.71381963,POINT (-87.713819634342 41.847951171837)
947e993d632eba9c8d2f837965b977291e490b0db16f05e546031877d6f3b4ba4bca587c5c5014c37efae38d088f516313022257e86647e15b551326104adff1,JD145542,,2/9/2020 10:38,20,NO CONTROLS,NO CONTROLS,CLEAR,DAYLIGHT,PARKED MOTOR VEHICLE,ONE-WAY,,STRAIGHT AND LEVEL,DRY,NO DEFECTS,ON SCENE,NO INJURY / DRIVE AWAY,,,Y,"$501 - $1,500",2/9/2020 10:59,UNABLE TO DETERMINE,NOT APPLICABLE,4130,W,NEWPORT AVE,1731,,,,,,,2,NO INDICATION OF INJURY,0,0,0,0,0,1,0,10,1,2,41.94405127,-87.7304182,POINT (-87.73041820419 41.944051273435)
957d70f85fb5ba009b518c01d4f5cfb68830703a47b9d010851702fa6c106da466397cf444d98b0f0f72673e82ccbd37ebfa7e9a644901681f9a3b7e6df01af6,JE194070,,4/9/2021 7:40,25,STOP SIGN/FLASHER,OTHER,RAIN,DAYLIGHT,ANGLE,FOUR WAY,,STRAIGHT AND LEVEL,WET,NO DEFECTS,ON SCENE,NO INJURY / DRIVE AWAY,Y,Y,,"$501 - $1,500",4/9/2021 7:43,UNABLE TO DETERMINE,UNABLE TO DETERMINE,358,W,WISCONSIN ST,1814,,,,,,,2,NO INDICATION OF INJURY,0,0,0,0,0,5,0,7,6,4,41.9166209,-87.63870411,POINT (-87.638704108322 41.916620902634)
9686e25325ffc38f0e77b30f52ec2bfd9c6291d4a74b7f698992ddbbaca3e94c5c3cf1ca62ea0d27f1592a80c6eca58e4f42fd150f5b9ed9ac8e2f8dead9e2ae,JF267422,,6/4/2022 11:42,30,NO CONTROLS,NO CONTROLS,CLEAR,DAYLIGHT,REAR END,PARKING LOT,,STRAIGHT AND LEVEL,DRY,NO DEFECTS,ON SCENE,NO INJURY / DRIVE AWAY,,Y,,"OVER $1,500",6/4/2022 11:56,NOT APPLICABLE,NOT APPLICABLE,3916,W,MAYPOLE AVE,1122,,,,,,,2,NO INDICATION OF INJURY,0,0,0,0,0,2,0,11,7,6,41.88415748,-87.72401203,POINT (-87.724012028034 41.884157480384)
975937e97f831a234c704a91725fe35f73ad9f2c3a82e06a6902a0f179a5693a68e2b2ce4f9b25da53d72f3082f2f2c2be87eca582dec04540139ee6a243043c,JE271984,,6/19/2021 14:00,30,NO CONTROLS,NO CONTROLS,CLEAR,DAYLIGHT,TURNING,NOT DIVIDED,,STRAIGHT AND LEVEL,DRY,NO DEFECTS,ON SCENE,NO INJURY / DRIVE AWAY,,,Y,"$501 - $1,500",6/19/2021 14:15,UNABLE TO DETERMINE,NOT APPLICABLE,3544,S,CALIFORNIA AVE,911,,,,,,,2,NO INDICATION OF INJURY,0,0,0,0,0,3,0,14,7,6,41.82875595,-87.69492613,POINT (-87.694926132778 41.82875594759)
94802563ba268b4672145ba982eb16511420f02aecc88ae34f0407f17be8402c460f3352e97546a0613274da9f691f06ad214a118f795c1d8c2b5acc2eb6f38c,JB238677,,4/26/2018 11:45,15,NO CONTROLS,NO CONTROLS,CLEAR,DAYLIGHT,PARKED MOTOR VEHICLE,PARKING LOT,,STRAIGHT AND LEVEL,DRY,NO DEFECTS,ON SCENE,NO INJURY / DRIVE AWAY,,,,"$501 - $1,500",4/26/2018 11:50,IMPROPER BACKING,NOT APPLICABLE,8017,W,ADDISON ST,1631,,,,,,,2,NO INDICATION OF INJURY,0,0,0,0,0,1,0,11,5,4,41.94489838,-87.82736571,POINT (-87.827365708183 41.944898380239)
974ef0c2097beb9b56bfa7e3ce43b2e1863f9f397b28906656b0eddfbe178abd3b7c2ff15985330c9d0154da9334d32b9ebae2621baa1dc0c271a8770593f7f1,JC486084,,10/25/2019 1:00,20,NO CONTROLS,NO CONTROLS,CLEAR,DARKNESS,OTHER OBJECT,ALLEY,,STRAIGHT AND LEVEL,UNKNOWN,UNKNOWN,ON SCENE,NO INJURY / DRIVE AWAY,,,,"$501 - $1,500",10/25/2019 15:35,UNABLE TO DETERMINE,UNABLE TO DETERMINE,3445,N,TRIPP AVE,1731,,,,,,,1,NO INDICATION OF INJURY,0,0,0,0,0,1,0,1,6,10,41.94393382,-87.73333434,POINT (-87.7333343365 41.943933820626)
9633b0df741dd6b3352e636c3d4b7cc9e923906ab3f8ec4fb69b4aa994197b06f06148136e67e4c36b70af5b59ac37c8aaaa23f56b364dfc8f5460be92b6ad65,JD392857,,10/8/2020 14:26,30,NO CONTROLS,NO CONTROLS,CLEAR,DAYLIGHT,REAR END,NOT DIVIDED,,STRAIGHT AND LEVEL,DRY,NO DEFECTS,ON SCENE,NO INJURY / DRIVE AWAY,,,,"OVER $1,500",10/8/2020 14:28,UNABLE TO DETERMINE,UNABLE TO DETERMINE,4636,W,LAKE ST,1113,,,,,,,2,NO INDICATION OF INJURY,0,0,0,0,0,2,0,14,5,10,41.88649242,-87.74182529,POINT (-87.741825285354 41.886492419954)
95980ac76f0d86cc3f1d429992ad09029bb3bc6c1250f48b985877808bf97ef109e9ec01220ad0c84e73b0249b5aaf4c45a98e05342b18ad44a6bb7dca89ffa9,JE284005,,6/29/2021 18:00,30,NO CONTROLS,NO CONTROLS,CLEAR,DAYLIGHT,ANGLE,ONE-WAY,,STRAIGHT AND LEVEL,DRY,NO DEFECTS,NOT ON SCENE (DESK REPORT),NO INJURY / DRIVE AWAY,,,,"OVER $1,500",6/29/2021 19:15,UNABLE TO DETERMINE,UNABLE TO DETERMINE,1550,N,MENARD AVE,2531,,,,,,,2,NO INDICATION OF INJURY,0,0,0,0,0,2,0,18,3,6,41.9089952,-87.7708911,POINT (-87.77089109543 41.908995199762)
945b59270eb76b7dfe2f3230580ababa99437771edad2a337b3549f6ec707fb844f25fbd0443d7e7b9e8f9a8e19aa75bb42be5e01ab41a7aaf4a3878f8fe0b94,JA335838,,7/5/2017 17:30,15,NO CONTROLS,NO CONTROLS,CLEAR,DAYLIGHT,REAR END,ALLEY,,STRAIGHT AND LEVEL,DRY,NO DEFECTS,NOT ON SCENE (DESK REPORT),NO INJURY / DRIVE AWAY,,,Y,$500 OR LESS,7/5/2017 17:45,IMPROPER BACKING,NOT APPLICABLE,2925,W,DEVON AVE,2413,,,,,,,2,NO INDICATION OF INJURY,0,0,0,0,0,2,0,17,4,7,41.99738943,-87.70314613,POINT (-87.703146130188 41.997389430668)
973a6d35c7199a6d1e4ecf05db2282052fd292d9704f13bb9a29181b8274138066ad32c389769be34541d55fa7c4277e4dc32913c5b3d425ff3e459abe16e96a,JC535184,,12/5/2019 6:22,30,TRAFFIC SIGNAL,FUNCTIONING PROPERLY,CLEAR,DAWN,REAR END,ONE-WAY,,STRAIGHT AND LEVEL,DRY,NO DEFECTS,ON SCENE,NO INJURY / DRIVE AWAY,,,Y,"OVER $1,500",12/5/2019 6:24,UNABLE TO DETERMINE,UNABLE TO DETERMINE,5458,S,WELLS ST,935,,,,,,,2,NO INDICATION OF INJURY,0,0,0,0,0,2,0,6,5,12,41.79456007,-87.63192848,POINT (-87.631928474832 41.794560070768)
94a2c3f9b45e326838be2c5fa02427f78883ebb0a7a7cd83513dce057d15a0b050b96ce9eac6bd5e0631b9fa21a70ce473729a52a561faf1a0bdd2e004696c1f,JD178333,,3/8/2020 12:40,30,NO CONTROLS,NO CONTROLS,CLEAR,DAYLIGHT,FIXED OBJECT,ALLEY,,STRAIGHT AND LEVEL,DRY,NO DEFECTS,ON SCENE,INJURY AND / OR TOW DUE TO CRASH,,,Y,"OVER $1,500",3/8/2020 12:51,UNABLE TO DETERMINE,UNABLE TO DETERMINE,730,W,17TH PL,1235,,,,,,,1,NO INDICATION OF INJURY,0,0,0,0,0,1,0,12,1,3,41.85846295,-87.64604733,POINT (-87.646047333984 41.858462947977)
962102901326fecb680258ca00dc28d3271fc0efa639dcc403bf7002066a83795d3fe8407faa0235ea55123cc374911c0c82ef6485a302fed96e97e2ae41e2c9,JC272800,,5/21/2019 18:45,30,NO CONTROLS,NO CONTROLS,CLEAR,DAYLIGHT,PARKED MOTOR VEHICLE,ONE-WAY,,STRAIGHT AND LEVEL,DRY,NO DEFECTS,ON SCENE,NO INJURY / DRIVE AWAY,,,,"$501 - $1,500",5/21/2019 18:50,UNABLE TO DETERMINE,UNABLE TO DETERMINE,2435,W,WARNER AVE,1911,,,,,,,2,NO INDICATION OF INJURY,0,0,0,0,0,1,0,18,3,5,41.9566398,-87.68995861,POINT (-87.689958610355 41.956639802802)
96ede860332dc24b67b5c14ea67e37cfe343220c18637cb84d5ba52edba568784e498b0a240d98162543fc6a33cd16eef23b93380aa4c085f8ea681fc4f17703,JE184454,,3/30/2021 16:10,30,NO CONTROLS,NO CONTROLS,CLEAR,DAYLIGHT,PEDESTRIAN,DRIVEWAY,,STRAIGHT AND LEVEL,DRY,UNKNOWN,ON SCENE,INJURY AND / OR TOW DUE TO CRASH,,,Y,$500 OR LESS,3/30/2021 16:10,UNABLE TO DETERMINE,NOT APPLICABLE,2045,W,HOWARD ST,2424,,,,,,,3,INCAPACITATING INJURY,2,0,1,1,0,1,0,16,3,3,42.01935226,-87.68218644,POINT (-87.682186439897 42.019352259486)
95e4ab6896a8faa1eab874d921c232716b4ac9cfe1e16fcf7859609f37514851a55a941de62e51ba11faa401c557e3edfc5e6af4edc6ab9b1fa733ead3490693,JE101054,,1/2/2021 8:30,35,NO CONTROLS,NO CONTROLS,SNOW,DAYLIGHT,PARKED MOTOR VEHICLE,ONE-WAY,,STRAIGHT AND LEVEL,SNOW OR SLUSH,UNKNOWN,ON SCENE,NO INJURY / DRIVE AWAY,,,,"OVER $1,500",1/2/2021 8:33,WEATHER,NOT APPLICABLE,742,E,87TH PL,632,,,,,,,2,NO INDICATION OF INJURY,0,0,0,0,0,1,0,8,7,1,41.7358387,-87.6054699,POINT (-87.605469900872 41.735838701971)
952d62b1996030cc99a79f59319753b438f4c18b8026aff1232823d3c4dbc37f947fc8d6f8a20f5e6d95f1a83b82970d6c0b420cfcac6b99796b0fdade7aa32d,JC375796,,8/2/2019 19:19,25,NO CONTROLS,NO CONTROLS,CLEAR,DAYLIGHT,REAR TO FRONT,NOT DIVIDED,,STRAIGHT AND LEVEL,DRY,NO DEFECTS,ON SCENE,NO INJURY / DRIVE AWAY,,,,$500 OR LESS,8/2/2019 19:35,IMPROPER BACKING,NOT APPLICABLE,5427,N,BROADWAY,2023,,,,,,,2,NO INDICATION OF INJURY,0,0,0,0,0,2,0,19,6,8,41.98080172,-87.65984391,POINT (-87.659843905035 41.980801717833)
982a83312f0bee1f845500aca08d5cec3fa50859007ecafb48a9d04ef1b45adbdca828b4a9d3f481cc9309cf943679cdcad99d30d2d0d2241d5ac3b18ee366d7,JF256879,,5/26/2022 7:30,30,UNKNOWN,UNKNOWN,UNKNOWN,UNKNOWN,PARKED MOTOR VEHICLE,ONE-WAY,,STRAIGHT AND LEVEL,UNKNOWN,UNKNOWN,,NO INJURY / DRIVE AWAY,,,Y,"$501 - $1,500",5/26/2022 19:30,UNABLE TO DETERMINE,UNABLE TO DETERMINE,2358,N,NORDICA AVE,2512,,,,,,,2,NO INDICATION OF INJURY,0,0,0,0,0,1,0,7,5,5,41.92287053,-87.80269748,POINT (-87.802697480572 41.922870527784)
98d62ed0871e173ae9b77e54abe6b9f7a5a3c5fa00a6f62fe377210d42c08662e9a5543dff7e2db1ca4d178dc020905c8958022cace0c156faee6661b3283e44,JC386913,,8/10/2019 14:30,30,NO CONTROLS,NO CONTROLS,CLEAR,DAYLIGHT,REAR END,NOT DIVIDED,,STRAIGHT AND LEVEL,DRY,NO DEFECTS,NOT ON SCENE (DESK REPORT),NO INJURY / DRIVE AWAY,,,,"$501 - $1,500",8/10/2019 15:01,NOT APPLICABLE,NOT APPLICABLE,5900,S,KEDZIE AVE,822,,,,,,,2,NO INDICATION OF INJURY,0,0,0,0,0,2,0,14,7,8,41.78615531,-87.70349314,POINT (-87.703493140571 41.786155307863)
998ce039d8ae3de76453a616fca7794b61e1c695e9f8dc792380eb7439da16ee8f53be442bb7e4aade1edabd0cf0c8f8c49fd348e9450df4f05cfb8d93d88656,JB392818,,8/14/2018 10:00,30,NO CONTROLS,NO CONTROLS,CLEAR,DAYLIGHT,PARKED MOTOR VEHICLE,OTHER,,STRAIGHT AND LEVEL,DRY,NO DEFECTS,ON SCENE,NO INJURY / DRIVE AWAY,,Y,Y,"OVER $1,500",8/14/2018 10:03,UNABLE TO DETERMINE,NOT APPLICABLE,3824,S,MORGAN ST,915,,,,,,,2,NO INDICATION OF INJURY,0,0,0,0,0,1,0,10,3,8,41.82449433,-87.65096041,POINT (-87.650960406088 41.824494327747)
97d7debe12367826a915fbf51424caa8613c4b77572083acd4a017de37e06dc9a5d5055372ae5166230e31a397e8c7ce1a86ab7c199d3e1d7d96ca8ee638e637,JB344694,,7/11/2018 5:34,30,NO CONTROLS,NO CONTROLS,CLEAR,DAYLIGHT,SIDESWIPE SAME DIRECTION,RAMP,2,STRAIGHT AND LEVEL,DRY,NO DEFECTS,ON SCENE,NO INJURY / DRIVE AWAY,,,,"OVER $1,500",7/11/2018 5:40,UNABLE TO DETERMINE,NOT APPLICABLE,1200,S,RUBLE ST,1232,,,,,,,2,NO INDICATION OF INJURY,0,0,0,0,0,2,0,5,4,7,41.86713421,-87.64423752,POINT (-87.644237519792 41.867134208293)
9aa177edcf57498632d6a6998f94c0699063f2c475af4691204048c5ad4cfb448103d2e0ef1ee4fbd2653451397c04917b7d013479368506d9f88c0c17bd5436,JD450778,,12/5/2020 20:50,30,TRAFFIC SIGNAL,FUNCTIONING PROPERLY,CLEAR,DARKNESS,TURNING,T-INTERSECTION,,STRAIGHT AND LEVEL,DRY,NO DEFECTS,NOT ON SCENE (DESK REPORT),NO INJURY / DRIVE AWAY,,,,"OVER $1,500",12/5/2020 20:57,IMPROPER TURNING/NO SIGNAL,UNABLE TO DETERMINE,841,S,AUSTIN BLVD,1513,,,,,,,2,NO INDICATION OF INJURY,0,0,0,0,0,3,0,20,7,12,,,
d9c50a6c81940ca7ff4519ae9f7a5c252a428ea9ad8c53df8c195cb1cb2ea38dfe4683a35900c811443157a5aa4a4d7d1454f1ffe38e36e983f69d06a8544843,JG265170,,5/15/2023 19:45,10,NO CONTROLS,NO CONTROLS,CLEAR,DUSK,PARKED MOTOR VEHICLE,PARKING LOT,,STRAIGHT AND LEVEL,DRY,NO DEFECTS,,NO INJURY / DRIVE AWAY,,,Y,"$501 - $1,500",5/18/2023 10:17,UNABLE TO DETERMINE,NOT APPLICABLE,3951,W,103RD ST,2211,,,,,,,2,NO INDICATION OF INJURY,0,0,0,0,0,1,0,19,2,5,41.70576966,-87.72053294,POINT (-87.720532937399 41.705769661372)
998c0a8171f562c4e59d7922054cbf3c043744d05f4d0a984e7b39a1011f36d413e85a03c59bf61ae598976a19b649ab0ec04263455137a7dcdcd9751792be3d,JB408174,Y,8/25/2018 13:00,30,NO CONTROLS,NO CONTROLS,CLEAR,DAYLIGHT,PARKED MOTOR VEHICLE,ONE-WAY,,"CURVE, LEVEL",DRY,NO DEFECTS,ON SCENE,NO INJURY / DRIVE AWAY,,,Y,"OVER $1,500",8/25/2018 14:00,NOT APPLICABLE,NOT APPLICABLE,1225,W,SUPERIOR ST,1215,,,,N,,,2,NO INDICATION OF INJURY,0,0,0,0,0,1,0,13,7,8,41.89518625,-87.65842024,POINT (-87.65842023757 41.895186251212)
97924b861eb35f2a4f397c32b3ae77460016046f6df1056847597eb74d669cafc242ceedb1ec66ecb09d415b1cb55708999cdbfa226db73c2bd5605430e6f7c2,JE425850,,10/28/2021 14:45,30,NO CONTROLS,NO CONTROLS,RAIN,DAYLIGHT,ANGLE,NOT DIVIDED,,STRAIGHT AND LEVEL,WET,NO DEFECTS,NOT ON SCENE (DESK REPORT),NO INJURY / DRIVE AWAY,,,,"$501 - $1,500",10/28/2021 18:48,NOT APPLICABLE,NOT APPLICABLE,4113,S,PULASKI RD,821,,,,,,,2,NO INDICATION OF INJURY,0,0,0,0,0,3,0,14,5,10,41.81801875,-87.72379038,POINT (-87.723790382171 41.818018746165)
985f549b9489816fa5ba6f0bbdc50d707817b11c80f61c3ed18281b3f92679b1cbb909bcfd1d6d6ec640fa4f50b467618e6ee53646c548e54899b87bd20acdad,JF168534,,3/9/2022 17:33,30,NO CONTROLS,NO CONTROLS,CLEAR,DUSK,REAR END,NOT DIVIDED,,STRAIGHT AND LEVEL,DRY,NO DEFECTS,ON SCENE,NO INJURY / DRIVE AWAY,,,Y,"$501 - $1,500",3/9/2022 17:34,UNABLE TO DETERMINE,NOT APPLICABLE,5733,W,WASHINGTON BLVD,1513,,,,,,,2,NO INDICATION OF INJURY,0,0,0,0,0,4,0,17,4,3,41.88206375,-87.7696573,POINT (-87.769657298853 41.882063749666)
9a3e5dfac5db975d8bc3977a94e8f746a33f53459341e4342361cb305a07c608ff57bf651efe28ae96c7ab93cea07085505f17bf06cfedcf481682f3368f22e5,JB104442,,12/18/2017 9:43,30,OTHER,OTHER,CLEAR,DAYLIGHT,OTHER OBJECT,DRIVEWAY,,STRAIGHT AND LEVEL,DRY,NO DEFECTS,ON SCENE,NO INJURY / DRIVE AWAY,,,,"OVER $1,500",1/4/2018 16:29,UNABLE TO DETERMINE,UNABLE TO DETERMINE,1205,W,JACKSON BLVD,1231,Y,,,,,,2,NO INDICATION OF INJURY,0,0,0,0,0,2,0,9,2,12,41.87767749,-87.65728898,POINT (-87.6572889811 41.877677484948)
980883f80fcad2870022831dc1679e2a7f6547b3f747471a0dc025ef1d3bdb28ea65ea3d685c3c8277eaa3745b4196ae040df5d9643b7ce524813fe3c4d3460a,JE364977,,9/7/2021 15:14,30,NO CONTROLS,NO CONTROLS,CLEAR,DAYLIGHT,REAR END,NOT DIVIDED,,STRAIGHT AND LEVEL,DRY,NO DEFECTS,NOT ON SCENE (DESK REPORT),NO INJURY / DRIVE AWAY,,,Y,"$501 - $1,500",9/7/2021 16:30,NOT APPLICABLE,NOT APPLICABLE,2150,S,LAFLIN ST,1235,,,,,,,2,NO INDICATION OF INJURY,0,0,0,0,0,2,0,15,3,9,41.85267306,-87.66376931,POINT (-87.663769311039 41.852673059156)
9ad1d8d6ed4ee4fa9772a4cf0eb87859abaa5f6bf9da6f3986122428e534fab339e60457bd585c29c1160a62845e1e47a9cba56f791fb62d0fff11f7fba8d118,JD178282,,3/8/2020 11:48,30,NO CONTROLS,NO CONTROLS,CLEAR,DAYLIGHT,PARKED MOTOR VEHICLE,ONE-WAY,,STRAIGHT AND LEVEL,DRY,NO DEFECTS,ON SCENE,NO INJURY / DRIVE AWAY,,,N,$500 OR LESS,3/8/2020 11:48,UNABLE TO DETERMINE,UNABLE TO DETERMINE,7651,S,SEELEY AVE,611,,,,,,,2,,,,,,,,,11,1,3,41.75418117,-87.67431462,POINT (-87.674314618961 41.754181164615)
9ce468c29683bccf0884fac8d9650e41a0e1594cbd3e050064ba5714486139fdf06d34d581a2757a7e0f5f06132882662e7b9e74b276f96a0cab6cc665124fdc,JB562052,,12/21/2018 6:50,30,NO CONTROLS,NO CONTROLS,RAIN,DAWN,REAR END,NOT DIVIDED,4,STRAIGHT AND LEVEL,WET,NO DEFECTS,NOT ON SCENE (DESK REPORT),NO INJURY / DRIVE AWAY,,,,"OVER $1,500",12/21/2018 7:45,FOLLOWING TOO CLOSELY,WEATHER,3531,W,ADDISON ST,1732,,,,,,,2,NO INDICATION OF INJURY,0,0,0,0,0,3,0,6,6,12,41.946411,-87.71625569,POINT (-87.716255686869 41.94641099617)
9c9e50a8cfa46ceb0d3221ad1e91a5621fcdbb492bc90f315e15451d29c0832e993bd631afa4e5217dfb21f7ff3ae7bb9fb4bfa4ba014861a8ee6aefabc84913,JE103247,,1/1/2021 1:00,30,NO CONTROLS,NO CONTROLS,OTHER,DARKNESS,PARKED MOTOR VEHICLE,NOT DIVIDED,,STRAIGHT AND LEVEL,ICE,UNKNOWN,NOT ON SCENE (DESK REPORT),NO INJURY / DRIVE AWAY,,,,"OVER $1,500",1/4/2021 17:00,WEATHER,NOT APPLICABLE,3435,W,26TH ST,1032,,,,,,,2,NO INDICATION OF INJURY,0,0,0,0,0,1,0,1,6,1,41.84432192,-87.71127366,POINT (-87.711273659209 41.844321916016)
9e05daa22007084d1afeb15fccec7d8ec686c205cef7c1304fbd23d947e8c0cf428950763c5d76f5fc3b12038c3854801ee1863f6b5d14becd6e57610767010e,JF229005,,5/3/2022 15:00,25,OTHER,FUNCTIONING PROPERLY,CLEAR,DAYLIGHT,REAR END,NOT DIVIDED,,STRAIGHT AND LEVEL,DRY,NO DEFECTS,,NO INJURY / DRIVE AWAY,,,,"OVER $1,500",5/3/2022 16:45,FOLLOWING TOO CLOSELY,FOLLOWING TOO CLOSELY,820,S,DAMEN AVE,1225,,,,,,,2,NO INDICATION OF INJURY,0,0,0,0,0,2,0,15,3,5,41.8708895,-87.67651265,POINT (-87.676512650226 41.870889496052)
9c13256a749abf70cfbc5d8830d49854cb2cef9119142947d06a96db4370681890f3c55459219fd78af105efcec8f4cd23191843d00f2a55d1c2d6b1f5ede97d,JD121212,,1/19/2020 13:24,30,NO CONTROLS,NO CONTROLS,CLEAR,DAYLIGHT,ANGLE,ALLEY,,STRAIGHT AND LEVEL,SNOW OR SLUSH,NO DEFECTS,,NO INJURY / DRIVE AWAY,,,Y,"$501 - $1,500",1/19/2020 13:26,FAILING TO YIELD RIGHT-OF-WAY,NOT APPLICABLE,700,W,80TH ST,621,,,,,,,2,NO INDICATION OF INJURY,0,0,0,0,0,2,0,13,1,1,41.74896582,-87.64161294,POINT (-87.641612934841 41.748965818634)
9da848948123097eaddd4f22d6a0bb8f864f6b68740cef9fca81626700a104b824df5ded9ee816bd9b0fce91c5fd7b4633e0619afbfc2217844113c3552573d3,JC322401,,6/26/2019 8:25,20,NO CONTROLS,NO CONTROLS,CLEAR,DAYLIGHT,PARKED MOTOR VEHICLE,ONE-WAY,,STRAIGHT AND LEVEL,DRY,NO DEFECTS,ON SCENE,NO INJURY / DRIVE AWAY,,,Y,"OVER $1,500",6/26/2019 8:27,IMPROPER LANE USAGE,DRIVING SKILLS/KNOWLEDGE/EXPERIENCE,1,W,TERMINAL ST,1651,,,,,,,2,NO INDICATION OF INJURY,0,0,0,0,0,1,0,8,4,6,,,
9d039432c8e968cc910a78559fd38d22a48c82af7ced001c7d14fe346f9c9a076558fd683f62e9fb9a77bf5ec887831a9f0d8edb28d6ba12bb1ab72dc7415949,JF248678,,5/20/2022 17:05,35,UNKNOWN,UNKNOWN,CLEAR,DAYLIGHT,REAR END,NOT DIVIDED,,STRAIGHT AND LEVEL,DRY,UNKNOWN,NOT ON SCENE (DESK REPORT),NO INJURY / DRIVE AWAY,,,,"$501 - $1,500",5/20/2022 17:50,UNABLE TO DETERMINE,NOT APPLICABLE,5050,W,FOSTER AVE,1623,,,,,,,2,NO INDICATION OF INJURY,0,0,0,0,0,2,0,17,6,5,41.97536031,-87.75491486,POINT (-87.754914856422 41.975360313196)
9db8c79daec67c3d9f30466992e955844e9dd55ab6cc45df5039cbd98d92bafe83fa207f5cb4e54ea5e84b9731a4a926ad482f89f05b7bbf3b19f8b3e4ae593b,JC297163,,6/8/2019 5:00,35,TRAFFIC SIGNAL,FUNCTIONING PROPERLY,CLEAR,DAYLIGHT,TURNING,NOT DIVIDED,,STRAIGHT AND LEVEL,DRY,NO DEFECTS,ON SCENE,NO INJURY / DRIVE AWAY,Y,,,"OVER $1,500",6/8/2019 5:18,NOT APPLICABLE,NOT APPLICABLE,3600,N,CUMBERLAND AVE,1631,,,,,,,2,NO INDICATION OF INJURY,0,0,0,0,0,2,0,5,7,6,41.94484818,-87.83658373,POINT (-87.836583732455 41.944848178426)
9ba6e2bc182d4391888a738a1aacc3420459be828c0806aad6122db4aba7e88ccd42c8d458f3826e9a72270305cf14fee86c971c6f7544b6b4f7b15ac23a6f30,JA467333,,10/11/2017 15:20,30,UNKNOWN,UNKNOWN,RAIN,DAYLIGHT,FIXED OBJECT,NOT DIVIDED,2,STRAIGHT AND LEVEL,WET,UNKNOWN,ON SCENE,NO INJURY / DRIVE AWAY,,,,$500 OR LESS,10/11/2017 15:33,NOT APPLICABLE,NOT APPLICABLE,3259,W,FOSTER AVE,1713,,,,,,,1,NO INDICATION OF INJURY,0,0,0,0,0,1,0,15,4,10,41.97561162,-87.71105606,POINT (-87.711056055758 41.975611619835)