CRASH_RECORD_ID,RD_NO,CRASH_DATE_EST_I,CRASH_DATE,POSTED_SPEED_LIMIT,TRAFFIC_CONTROL_DEVICE,DEVICE_CONDITION,WEATHER_CONDITION,LIGHTING_CONDITION,FIRST_CRASH_TYPE,TRAFFICWAY_TYPE,LANE_CNT,ALIGNMENT,ROADWAY_SURFACE_COND,ROAD_DEFECT,REPORT_TYPE,CRASH_TYPE,INTERSECTION_RELATED_I,NOT_RIGHT_OF_WAY_I,HIT_AND_RUN_I,DAMAGE,DATE_POLICE_NOTIFIED,PRIM_CONTRIBUTORY_CAUSE,SEC_CONTRIBUTORY_CAUSE,STREET_NO,STREET_DIRECTION,STREET_NAME,BEAT_OF_OCCURRENCE,PHOTOS_TAKEN_I,STATEMENTS_TAKEN_I,DOORING_I,WORK_ZONE_I,WORK_ZONE_TYPE,WORKERS_PRESENT_I,NUM_UNITS,MOST_SEVERE_INJURY,INJURIES_TOTAL,INJURIES_FATAL,INJURIES_INCAPACITATING,INJURIES_NON_INCAPACITATING,INJURIES_REPORTED_NOT_EVIDENT,INJURIES_NO_INDICATION,INJURIES_UNKNOWN,CRASH_HOUR,CRASH_DAY_OF_WEEK,CRASH_MONTH,LATITUDE,LONGITUDE,LOCATION
9bed0aba95e4a02e2bee526d98df54f60a512f3194545f7bd78dffa8965ef1309bd2045f32886d268bb8c4a71a009abad41910db188c6e312e6cdb15c515deec,JC437777,,9/17/2019 20:40,20,NO CONTROLS,NO CONTROLS,CLEAR,DARKNESS,FIXED OBJECT,ALLEY,,STRAIGHT AND LEVEL,DRY,NO DEFECTS,ON SCENE,NO INJURY / DRIVE AWAY,,,,"OVER $1,500",9/17/2019 20:45,NOT APPLICABLE,NOT APPLICABLE,8523,S,DANTE AVE,412,,,,,,,1,NO INDICATION OF INJURY,0,0,0,0,0,1,0,20,3,9,41.73979916,-87.5889814,POINT (-87.588981396775 41.739799163641)
9bda1331d67148d30160579d5392242666dcbc96d745da023ab22fea91f606e946c9e640b5e9a9292e472a330f6f6c62af3705090e6fe19eb1f874d0dda30178,JC398950,,8/19/2019 15:52,25,NO CONTROLS,NO CONTROLS,CLEAR,DAYLIGHT,TURNING,FOUR WAY,,STRAIGHT AND LEVEL,DRY,NO DEFECTS,ON SCENE,NO INJURY / DRIVE AWAY,Y,,,"OVER $1,500",8/19/2019 15:53,UNABLE TO DETERMINE,NOT APPLICABLE,4100,S,INDIANA AVE,213,,,,,,,3,NO INDICATION OF INJURY,0,0,0,0,0,3,0,15,2,8,41.82007718,-87.62165066,POINT (-87.621650664404 41.820077184221)
9d733bdaf64ecfb5c3a4db19da325c1455b38141764474f37e48b8473fc21c74a7ce17412552d31091d9547964768e7866dd9a433156d79cf857c7381fa9d96a,JD415386,,10/30/2020 12:45,35,UNKNOWN,UNKNOWN,CLEAR,DAYLIGHT,FIXED OBJECT,ONE-WAY,,STRAIGHT AND LEVEL,DRY,NO DEFECTS,ON SCENE,NO INJURY / DRIVE AWAY,,,,"OVER $1,500",10/30/2020 12:51,UNABLE TO DETERMINE,NOT APPLICABLE,3147,W,23RD ST,1033,,,,,,,1,NO INDICATION OF INJURY,0,0,0,0,0,1,0,12,6,10,41.84985017,-87.70462668,POINT (-87.704626680931 41.849850171735)
9d7bbba84f095f70734885790b0c7b86543559a67eb56e3123f0c614cc4998d426ee15d43a44b561cfd7ef7ccb060d563f668b4bf6d9b2f9eb3738fe1a582083,JC235355,,4/23/2019 15:20,30,TRAFFIC SIGNAL,FUNCTIONING PROPERLY,CLEAR,DAYLIGHT,REAR END,NOT DIVIDED,,STRAIGHT AND LEVEL,DRY,UNKNOWN,ON SCENE,NO INJURY / DRIVE AWAY,Y,,,"$501 - $1,500",4/23/2019 15:25,UNABLE TO DETERMINE,NOT APPLICABLE,2601,S,PULASKI RD,1031,,,,,,,2,NO INDICATION OF INJURY,0,0,0,0,0,9,0,15,3,4,41.84416837,-87.72440057,POINT (-87.724400567359 41.844168368692)
9b4eeb0e765cbc2542d24f21a01849cd8395f3c418c91bec8ccf69184a87a84db36f80c24658ccfe6833eded9ed71b4d4f15a70e065b0a5b8ce6eb4e35dc48ee,JE119241,,1/21/2021 16:25,30,UNKNOWN,UNKNOWN,CLEAR,DAYLIGHT,TURNING,NOT DIVIDED,,STRAIGHT AND LEVEL,DRY,NO DEFECTS,ON SCENE,INJURY AND / OR TOW DUE TO CRASH,,,,"OVER $1,500",1/21/2021 16:26,IMPROPER LANE USAGE,NOT APPLICABLE,1586,N,PULASKI RD,2534,,,,,,,2,NO INDICATION OF INJURY,0,0,0,0,0,2,0,16,5,1,41.90983883,-87.72647726,POINT (-87.726477259471 41.909838833283)
9bde5cd6d718cda576f197f088b29eef5948c6e7979f4c2988c25c24ecd68fbcb35b713ba6d60266e148bb12548128e39bdf8189ab6b26fafff28abe5a924092,JC283423,,5/29/2019 14:30,30,NO CONTROLS,NO CONTROLS,CLEAR,DAYLIGHT,REAR TO FRONT,NOT DIVIDED,,STRAIGHT AND LEVEL,WET,NO DEFECTS,ON SCENE,NO INJURY / DRIVE AWAY,,,,"OVER $1,500",5/29/2019 14:45,IMPROPER BACKING,FOLLOWING TOO CLOSELY,932,W,BELMONT AVE,1924,,,,,,,2,NO INDICATION OF INJURY,0,0,0,0,0,3,0,14,4,5,41.94003836,-87.65282809,POINT (-87.652828084699 41.940038360027)
9cee7ac73d59c5ba6bf7169ad46b84c19e886416dfbd00a239e6138e5f2e6562c998da0ebd05a19518dfa17bfd62f9d31ecab42f0ffd2dd98887480995fae391,JB423946,,9/5/2018 20:40,30,STOP SIGN/FLASHER,FUNCTIONING PROPERLY,CLEAR,"DARKNESS, LIGHTED ROAD",HEAD ON,NOT DIVIDED,4,STRAIGHT AND LEVEL,WET,NO DEFECTS,ON SCENE,INJURY AND / OR TOW DUE TO CRASH,Y,,,"OVER $1,500",9/5/2018 20:42,FAILING TO YIELD RIGHT-OF-WAY,UNABLE TO DETERMINE,1935,S,CANAL ST,1235,,,,,,,2,INCAPACITATING INJURY,3,0,3,0,0,0,0,20,4,9,,,
9b5f8e1bb8073793649cf651dda930e28522350ac3dc7ef2f3355f9812fc54a1dd4c6c4c1b166fa3a9285925a1ab683a702b90115af094fbe16b58d6fe094f94,JE137136,,2/9/2021 16:34,35,UNKNOWN,UNKNOWN,SNOW,DAYLIGHT,TURNING,FOUR WAY,,STRAIGHT AND LEVEL,SNOW OR SLUSH,UNKNOWN,ON SCENE,NO INJURY / DRIVE AWAY,Y,,,"OVER $1,500",2/9/2021 16:34,NOT APPLICABLE,NOT APPLICABLE,2099,W,71ST ST,735,,,,,,,2,NO INDICATION OF INJURY,0,0,0,0,0,2,0,16,3,2,41.76467473,-87.67589712,POINT (-87.675897122152 41.764674732137)
9b286af75a4bb8b9c8b02aba37be66e4a20604124115acac16e020308abae34de7b940aad9638589fd91710c45da9086eb6fe91e93f12d579271cb74def20edd,JE142850,,2/16/2021 7:00,30,NO CONTROLS,NO CONTROLS,SNOW,DAYLIGHT,REAR END,NOT DIVIDED,,STRAIGHT AND LEVEL,SNOW OR SLUSH,UNKNOWN,NOT ON SCENE (DESK REPORT),NO INJURY / DRIVE AWAY,,,,"OVER $1,500",2/16/2021 8:30,WEATHER,WEATHER,100,E,79TH ST,623,,,,,,,2,NO INDICATION OF INJURY,0,0,0,0,0,2,0,7,3,2,41.75111814,-87.62130733,POINT (-87.621307332466 41.751118140854)
9d3ca5f7569b4fa1af54b0cc5c123dd43152be256539b5dab9280d884cafbf3ab4e7033d6d4d861209a9014efe3148ed29b91e003d0756e80d9d863eac87d8d5,JF116982,,1/18/2022 7:40,30,TRAFFIC SIGNAL,UNKNOWN,CLEAR,DAYLIGHT,REAR END,FOUR WAY,,STRAIGHT AND LEVEL,DRY,UNKNOWN,,NO INJURY / DRIVE AWAY,,,Y,"$501 - $1,500",1/18/2022 17:30,UNABLE TO DETERMINE,UNABLE TO DETERMINE,4386,W,OGDEN AVE,1013,,,,,,,2,NO INDICATION OF INJURY,0,0,0,0,0,2,0,7,3,1,41.84781477,-87.73439651,POINT (-87.734396505748 41.847814772387)
9e488c63402c55d65f949e330237e5fdab4b360e00dd75345b1383d6b85922b5c20e55758fcdf899f492b14da4991369d2cae22da9594de0f44724312e733f69,JB197745,,3/24/2018 4:55,30,NO CONTROLS,NO CONTROLS,CLEAR,"DARKNESS, LIGHTED ROAD",PARKED MOTOR VEHICLE,ONE-WAY,1,STRAIGHT AND LEVEL,DRY,NO DEFECTS,ON SCENE,INJURY AND / OR TOW DUE TO CRASH,,,Y,"OVER $1,500",3/24/2018 5:01,UNABLE TO DETERMINE,NOT APPLICABLE,4415,N,SPAULDING AVE,1724,,,,,,,3,,,,,,,,,4,7,3,41.96165205,-87.71055481,POINT (-87.710554811075 41.961652044892)
9e409aca044d28ad132de9d1ac5baa20a2255cc904f6e8188af669dc0f792ca44afe620d51a90028518eb943cf6db4ca99ee5a8db897927ff4be7ecad0bbff41,JD128499,Y,1/25/2020 15:45,20,NO CONTROLS,NO CONTROLS,SNOW,DAYLIGHT,SIDESWIPE SAME DIRECTION,ONE-WAY,,STRAIGHT AND LEVEL,WET,NO DEFECTS,NOT ON SCENE (DESK REPORT),NO INJURY / DRIVE AWAY,,,,"OVER $1,500",1/25/2020 16:05,IMPROPER LANE USAGE,UNABLE TO DETERMINE,3,W,TERMINAL ST,1653,,,,,,,2,NO INDICATION OF INJURY,0,0,0,0,0,2,0,15,7,1,,,
9e782cd0edd4fc44436d3ad9fa41128754fe1b5bc2d1b89b5acba64ac8f9869844c8847e1a1e32ca2ee245afdc50856f9e16f765637529b2ee75eabdba3c4b80,JB101041,,1/1/2018 19:39,35,UNKNOWN,UNKNOWN,SNOW,"DARKNESS, LIGHTED ROAD",FIXED OBJECT,ONE-WAY,1,STRAIGHT AND LEVEL,SNOW OR SLUSH,NO DEFECTS,ON SCENE,INJURY AND / OR TOW DUE TO CRASH,,,Y,"OVER $1,500",1/1/2018 19:40,NOT APPLICABLE,NOT APPLICABLE,6925,S,YALE AVE,731,,,,,,,1,,,,,,,,,19,2,1,41.76824562,-87.63093333,POINT (-87.630933326343 41.768245624359)
a053bb36e3db6b29b9f74b927222d9d185760aa48a98fbdfc290be05193559bada025d8aab7d9cc3080e0d2653a13c9a2e4e7474b2373b1413546d8f6b497edf,JB465030,,10/6/2018 8:10,30,TRAFFIC SIGNAL,FUNCTIONING PROPERLY,RAIN,DAYLIGHT,REAR END,DIVIDED - W/MEDIAN (NOT RAISED),,STRAIGHT AND LEVEL,WET,NO DEFECTS,NOT ON SCENE (DESK REPORT),NO INJURY / DRIVE AWAY,,,,"OVER $1,500",10/6/2018 15:42,FOLLOWING TOO CLOSELY,FOLLOWING TOO CLOSELY,5899,N,ASHLAND AVE,2012,,,,,,,3,NO INDICATION OF INJURY,0,0,0,0,0,4,0,8,7,10,,,
a0012269786027864b0112523e7cb6967fada5cb3d14c90a2dbf74fe81f1a738bfb6497db371adb32bb1e0a2373b4ffbb31daf57e6394f7da41cc1f5668444e6,JC226871,,4/16/2019 16:10,20,UNKNOWN,UNKNOWN,CLEAR,DAYLIGHT,FIXED OBJECT,NOT DIVIDED,2,STRAIGHT AND LEVEL,DRY,UNKNOWN,ON SCENE,INJURY AND / OR TOW DUE TO CRASH,,Y,Y,"OVER $1,500",4/16/2019 16:15,UNABLE TO DETERMINE,UNABLE TO DETERMINE,655,W,60TH ST,711,,Y,,,,,1,,,,,,,,,16,3,4,41.78451782,-87.64226106,POINT (-87.642261064067 41.784517816273)
9f84355138a1b0ad8aea5b21c162dd8de9ff5ca248319dd4356e88b239886887e149d2adc2394de2688ed5d04c5ac31f4fec38340d657d35d1afdf9da4220a03,JF302852,,7/2/2022 15:36,20,NO CONTROLS,NO CONTROLS,CLEAR,DAYLIGHT,PARKED MOTOR VEHICLE,ONE-WAY,,STRAIGHT AND LEVEL,DRY,NO DEFECTS,ON SCENE,NO INJURY / DRIVE AWAY,,,Y,"$501 - $1,500",7/2/2022 16:13,UNABLE TO DETERMINE,UNABLE TO DETERMINE,6646,S,BISHOP ST,725,,,,,,,2,NO INDICATION OF INJURY,0,0,0,0,0,1,0,15,7,7,41.77267197,-87.66053102,POINT (-87.660531019525 41.772671968089)
9f0dd0256b39d0004a49895ee8902d59496db94e7c7fa14b8b2e1737e78a748bde06a62a4a49f75ef1bb1a67761cceeefe2ed004df75a7359c6a8eece4968703,HZ551512,,12/14/2016 15:10,20,STOP SIGN/FLASHER,NO CONTROLS,CLEAR,DAYLIGHT,REAR END,ONE-WAY,1,STRAIGHT AND LEVEL,ICE,NO DEFECTS,NOT ON SCENE (DESK REPORT),NO INJURY / DRIVE AWAY,,,,"OVER $1,500",12/14/2016 15:30,WEATHER,NOT APPLICABLE,2800,W,65TH ST,823,,,,,,,2,NO INDICATION OF INJURY,0,0,0,0,0,2,0,15,4,12,41.77556779,-87.69330192,POINT (-87.693301918747 41.775567788941)
9f225cd986e238a771d3ea46b8112f7520d15b3dd1afec12427418ffc878a0c29236a0d39cf846733038680c68c8c5b016a228a4b82fe1f7bf23b885fbb3df8d,JC224879,,4/15/2019 5:30,20,LANE USE MARKING,FUNCTIONING PROPERLY,CLEAR,DUSK,SIDESWIPE SAME DIRECTION,ONE-WAY,3,STRAIGHT AND LEVEL,WET,NO DEFECTS,ON SCENE,NO INJURY / DRIVE AWAY,,,,"OVER $1,500",4/15/2019 5:32,FAILING TO YIELD RIGHT-OF-WAY,DRIVING SKILLS/KNOWLEDGE/EXPERIENCE,1,W,TERMINAL ST,1651,,,,,,,2,NO INDICATION OF INJURY,0,0,0,0,0,3,0,5,2,4,,,
9f9b98ac182cb3fe59bbdf903f4346ecff83bd56ff56a94bd54b5d4215b961ad973b6177bb05853ea7a8fa80f6474d30c0aff6f21acdf91590f891ba000c34bd,JC344323,,7/11/2019 14:55,45,STOP SIGN/FLASHER,FUNCTIONING PROPERLY,CLEAR,DAYLIGHT,TURNING,L-INTERSECTION,,STRAIGHT AND LEVEL,DRY,NO DEFECTS,ON SCENE,NO INJURY / DRIVE AWAY,,,,"$501 - $1,500",7/11/2019 15:00,FAILING TO YIELD RIGHT-OF-WAY,UNABLE TO DETERMINE,891,W,OHARE ST,1654,,,,,,,2,NO INDICATION OF INJURY,0,0,0,0,0,2,0,14,5,7,,,
9e382dd9bac96d87b564dd6423eb85ba7a6da83b0fbfc9318ca2104229872ee05732b752000f50a5d6a930b61b9ed8d48a5df9b0df14462445b67ef00d7e0b99,JB294443,,6/5/2018 12:40,30,NO CONTROLS,NO CONTROLS,CLEAR,DAYLIGHT,ANGLE,ONE-WAY,,STRAIGHT AND LEVEL,DRY,NO DEFECTS,NOT ON SCENE (DESK REPORT),NO INJURY / DRIVE AWAY,,,Y,"$501 - $1,500",6/5/2018 18:17,NOT APPLICABLE,NOT APPLICABLE,5901,N,MAPLEWOOD AVE,2011,,,,,,,2,NO INDICATION OF INJURY,0,0,0,0,0,4,0,12,3,6,41.9887065,-87.69311418,POINT (-87.693114176674 41.988706495728)
a174aad26f047bb75c50cbafb429265ceb6efa75f7122fc3a0a7faa9741058fa266e627274a31444f434451dbb5ce42f79009193d48c9124be2c8f0073ca1ed8,JB237195,,4/25/2018 9:05,30,NO CONTROLS,NO CONTROLS,CLEAR,DAYLIGHT,TURNING,ONE-WAY,1,STRAIGHT AND LEVEL,DRY,NO DEFECTS,ON SCENE,NO INJURY / DRIVE AWAY,,,,$500 OR LESS,4/25/2018 9:15,IMPROPER BACKING,NOT APPLICABLE,861,W,ALDINE AVE,1924,,,,,,,2,NO INDICATION OF INJURY,0,0,0,0,0,2,0,9,4,4,41.94166298,-87.65181789,POINT (-87.651817891969 41.941662981993)
9fb6da3aaed14f3e60cc2e8e93dfbdeadda3881f10a4fb06c315fcf08af4ad4da5ead4a68d150fab92b885f7a787e6db612b793db3c84f9d910d0c8f1d5f77cd,JF251451,,5/22/2022 11:16,25,STOP SIGN/FLASHER,FUNCTIONING PROPERLY,CLEAR,DAYLIGHT,ANGLE,FOUR WAY,,STRAIGHT AND LEVEL,DRY,NO DEFECTS,ON SCENE,NO INJURY / DRIVE AWAY,,,,"OVER $1,500",5/22/2022 11:16,DISREGARDING STOP SIGN,NOT APPLICABLE,7099,S,RHODES AVE,322,,,,,,,2,NO INDICATION OF INJURY,0,0,0,0,0,2,0,11,1,5,41.76586603,-87.611492,POINT (-87.611491997941 41.765866034446)
a11905010a84f92b3459679c794625c20dcd72cf872ecd8295715c21744e552e82e918208d64ae646a674635d4c4790044efa9d21db74a9579d2346763d02a32,JC139006,,2/3/2019 18:00,30,NO CONTROLS,NO CONTROLS,RAIN,DARKNESS,REAR END,NOT DIVIDED,2,STRAIGHT AND LEVEL,WET,NO DEFECTS,ON SCENE,NO INJURY / DRIVE AWAY,,,Y,"OVER $1,500",2/3/2019 18:10,UNABLE TO DETERMINE,NOT APPLICABLE,411,S,CENTRAL AVE,1522,,,,,,,2,NO INDICATION OF INJURY,0,0,0,0,0,2,0,18,1,2,41.8743479,-87.76449819,POINT (-87.764498191462 41.874347903478)
9e71a3add3a56c4c69f3371bb5613f5729035169163b2ff27d2a6e6eeeb8b8d0c2a499ead3f05219e07f97518483343f2a56660b1c8dc1e78c2a5b16fcab6974,JC114348,,1/12/2019 14:35,25,NO CONTROLS,NO CONTROLS,SNOW,DAYLIGHT,PARKED MOTOR VEHICLE,ONE-WAY,1,STRAIGHT AND LEVEL,SNOW OR SLUSH,UNKNOWN,ON SCENE,NO INJURY / DRIVE AWAY,,,,"$501 - $1,500",1/12/2019 14:37,WEATHER,NOT APPLICABLE,2355,W,ESTES AVE,2411,,,,,,,2,NO INDICATION OF INJURY,0,0,0,0,0,1,0,14,7,1,42.01082355,-87.69010824,POINT (-87.69010824056 42.010823552742)
9ebb1f5e692cefd1efb5377a480635c35d2826f3e5d4bd00f4485e9c7e4896c7d078f51bfa4820a1f2a39c3e6fb9c25210e310953c8ac384827e8dd63784a6a8,JD346329,,8/26/2020 20:15,30,NO CONTROLS,UNKNOWN,CLEAR,DUSK,ANIMAL,DIVIDED - W/MEDIAN (NOT RAISED),,STRAIGHT AND LEVEL,DRY,UNKNOWN,ON SCENE,NO INJURY / DRIVE AWAY,,,,"$501 - $1,500",8/26/2020 20:20,ANIMAL,NOT APPLICABLE,11200,S,WESTERN AVE,2212,,,,,,,1,NO INDICATION OF INJURY,0,0,0,0,0,1,0,20,4,8,41.68975523,-87.6812366,POINT (-87.681236598626 41.689755227691)
a03c63152d3a5a3b1c7c59a6edc0eb8e545ac0600e3fd25bdd3ba0d4727cd61052ff6b9acf665b4ee8c3e58bfd2b88c7c3f472cd1cefe4ecfeb90195d6138a31,JC526837,,11/27/2019 16:13,35,UNKNOWN,UNKNOWN,CLEAR,"DARKNESS, LIGHTED ROAD",PARKED MOTOR VEHICLE,ONE-WAY,,STRAIGHT AND LEVEL,DRY,UNKNOWN,ON SCENE,NO INJURY / DRIVE AWAY,,,,"OVER $1,500",11/27/2019 16:20,NOT APPLICABLE,NOT APPLICABLE,10810,S,AVENUE N,432,,,,,,,2,NO INDICATION OF INJURY,0,0,0,0,0,1,0,16,4,11,41.69874853,-87.53905581,POINT (-87.539055811868 41.698748525604)
9f4108c7451a04b4aa388d6b7ffccc6985fc9cc4ef09bd531c83e587bbca14e17dce90f8fbf52b6a233d2f10672184ede2a9a0c052d3d762cedf05904f5e7431,JE460331,,11/29/2021 14:20,25,NO CONTROLS,NO CONTROLS,CLEAR,DAYLIGHT,ANGLE,ONE-WAY,,STRAIGHT AND LEVEL,DRY,NO DEFECTS,NOT ON SCENE (DESK REPORT),NO INJURY / DRIVE AWAY,,,Y,"OVER $1,500",11/29/2021 14:40,UNABLE TO DETERMINE,UNABLE TO DETERMINE,200,S,LOTUS AVE,1522,,,,,,,2,NO INDICATION OF INJURY,0,0,0,0,0,2,0,14,2,11,41.87833608,-87.7619003,POINT (-87.761900299691 41.878336079987)
9e66241439b8fb1045b0686f9b4017c865222409d662d96fcefe4c5d18046106a04d9cb6eed379580232e4bf885a0f68f358c1a0bd51e907bf5b0e7161cb49b7,JB405284,,8/22/2018 12:00,30,NO CONTROLS,NO CONTROLS,CLEAR,DAYLIGHT,PARKED MOTOR VEHICLE,ONE-WAY,,STRAIGHT AND LEVEL,DRY,NO DEFECTS,,NO INJURY / DRIVE AWAY,,,,"$501 - $1,500",8/23/2018 11:45,NOT APPLICABLE,NOT APPLICABLE,2264,S,RIDGEWAY AVE,1013,,,,,,,2,NO INDICATION OF INJURY,0,0,0,0,0,1,0,12,4,8,41.84978968,-87.71875122,POINT (-87.718751221052 41.849789675075)
a02e14ad3921a5f8be2f07d6e616a6529e88ccbfac969b53775e6b867305e4355c49676c214d33c6fc60351d6bac7c4dd694189b5b83a5b8d446c7dce42621b1,JF198011,,4/5/2022 12:35,25,NO CONTROLS,NO CONTROLS,CLEAR,DAYLIGHT,PARKED MOTOR VEHICLE,ONE-WAY,,STRAIGHT AND LEVEL,DRY,NO DEFECTS,ON SCENE,INJURY AND / OR TOW DUE TO CRASH,,,,"OVER $1,500",4/5/2022 12:40,NOT APPLICABLE,NOT APPLICABLE,5218,S,MOODY AVE,811,,,,,,,2,NO INDICATION OF INJURY,0,0,0,0,0,1,0,12,3,4,41.79737625,-87.77600933,POINT (-87.77600933219 41.797376245823)
a0719d1109bd752cefccbdcbb1cec23adbf31fe66b5456847e76ed6c466791f8d1dc6c7ecdcae76d0df9bfe63132d37c527dbc4554105fc5ce5f3cd714fb7c81,JB341216,,7/8/2018 17:45,30,NO CONTROLS,NO CONTROLS,CLEAR,DAYLIGHT,REAR END,NOT DIVIDED,,STRAIGHT ON GRADE,DRY,NO DEFECTS,NOT ON SCENE (DESK REPORT),NO INJURY / DRIVE AWAY,,,Y,"$501 - $1,500",7/8/2018 18:58,NOT APPLICABLE,NOT APPLICABLE,4900,W,43RD ST,814,,,,,,,2,NO INDICATION OF INJURY,0,0,0,0,0,3,0,17,1,7,41.81483512,-87.74602429,POINT (-87.746024291423 41.814835121829)
9ff355f2d699e2ee0c30977dbf37961719fc6841f6e2e1123fb329ae1aca6f539cfa3cb4738ee576c70bb5d2ea9efc5f65ea5c4cc6fe7c3a2273be7a87bdbf37,JB385393,,8/8/2018 20:50,30,NO CONTROLS,NO CONTROLS,CLEAR,DARKNESS,SIDESWIPE SAME DIRECTION,OTHER,2,STRAIGHT AND LEVEL,DRY,UNKNOWN,ON SCENE,NO INJURY / DRIVE AWAY,,,,"OVER $1,500",8/8/2018 21:19,UNABLE TO DETERMINE,UNABLE TO DETERMINE,5990,N,RIDGE AVE,2012,,,,,,,2,NO INDICATION OF INJURY,0,0,0,0,0,3,0,20,4,8,41.99052334,-87.67191267,POINT (-87.671912673255 41.990523338073)
a4bd85e6a974f6641d078cf2e3edba6d783631b3d58e05ee19c2530b588f5428a8d8fe368cdde9a785aef45113c0ec82c1444d7203aa9bc12be57e862c1567da,JA244094,,5/3/2017 15:00,9,NO CONTROLS,NO CONTROLS,RAIN,DAYLIGHT,REAR END,NOT DIVIDED,2,STRAIGHT AND LEVEL,WET,NO DEFECTS,ON SCENE,NO INJURY / DRIVE AWAY,,,,"OVER $1,500",5/3/2017 15:05,FOLLOWING TOO CLOSELY,WEATHER,1015,N,PULASKI RD,1112,,,,,,,2,NO INDICATION OF INJURY,0,0,0,0,0,2,0,15,4,5,41.89951117,-87.72606207,POINT (-87.726062068031 41.899511167744)
a26470544605d9852f0f130f96c8930d6b98e86d7a320f01f40f3530190ac99a7f7b24d74f4dc95271a2dc015530b7c2ca91b6df8d9c62699a4991de026d0386,JC433394,,9/14/2019 16:45,30,NO CONTROLS,NO CONTROLS,CLEAR,DAYLIGHT,REAR END,NOT DIVIDED,,STRAIGHT AND LEVEL,DRY,NO DEFECTS,NOT ON SCENE (DESK REPORT),NO INJURY / DRIVE AWAY,,,,"$501 - $1,500",9/14/2019 17:44,NOT APPLICABLE,NOT APPLICABLE,7800,S,HOMAN AVE,835,,,,,,,2,NO INDICATION OF INJURY,0,0,0,0,0,3,0,16,7,9,41.75145915,-87.70747518,POINT (-87.70747517523 41.751459148564)
a3226fe9634b1aa7d05136ee81ca48c2235dfb42db00e0800ed1a3ba89c3f27ab173795c2bf74a2628ef1404808e2a4d27f139721b8c9f28b210097fd9d45fc3,JC307653,,6/15/2019 14:10,30,NO CONTROLS,NO CONTROLS,RAIN,DUSK,TURNING,CENTER TURN LANE,,STRAIGHT AND LEVEL,WET,NO DEFECTS,ON SCENE,INJURY AND / OR TOW DUE TO CRASH,Y,,,"OVER $1,500",6/15/2019 14:14,FAILING TO YIELD RIGHT-OF-WAY,WEATHER,4000,W,60TH ST,813,,,,,,,2,NO INDICATION OF INJURY,0,0,0,0,0,4,0,14,7,6,41.78422369,-87.72297754,POINT (-87.722977534605 41.784223692235)
a231809277d9080967ea3d5fde0fb55cddc642c2f0fe1ce28563e5741741fc3ecd40b998e7bb0974c121859f8a4ee9ced111033ea7a44631ced0f308c449fe64,JC364079,,7/25/2019 14:45,35,UNKNOWN,UNKNOWN,CLEAR,DAYLIGHT,REAR END,NOT DIVIDED,,STRAIGHT AND LEVEL,UNKNOWN,UNKNOWN,NOT ON SCENE (DESK REPORT),NO INJURY / DRIVE AWAY,,,Y,$500 OR LESS,7/25/2019 15:02,UNABLE TO DETERMINE,UNABLE TO DETERMINE,28,E,87TH ST,632,,,,,,,2,NO INDICATION OF INJURY,0,0,0,0,0,2,0,14,5,7,41.73646911,-87.62302412,POINT (-87.623024124225 41.736469113027)
a30cf3325a1bf76d0352293755981a4a55a988363dfe33770c82a22bb14cc1c348b77b75667d74848a0916632d888e785ee701dfd1cfb5b66294ed78b33246a2,JC170475,,3/1/2019 19:18,30,NO CONTROLS,NO CONTROLS,CLEAR,DARKNESS,REAR END,NOT DIVIDED,,STRAIGHT AND LEVEL,DRY,NO DEFECTS,,NO INJURY / DRIVE AWAY,,,,"OVER $1,500",3/1/2019 19:29,NOT APPLICABLE,NOT APPLICABLE,6050,W,BELMONT AVE,1633,,,,,,,3,NO INDICATION OF INJURY,0,0,0,0,0,2,0,19,6,3,41.9385314,-87.77822388,POINT (-87.778223883325 41.938531400546)
a2b4248bbfd742d41f8eafb75b212faee958c5440076639e8ee60de1653edc269f3cae2afe002cf9d45f9e6a64431e61ed500b13f280b3c0bfc0eb8d9bc5b871,JE337158,,8/14/2021 13:18,30,UNKNOWN,UNKNOWN,UNKNOWN,UNKNOWN,REAR END,UNKNOWN,,STRAIGHT AND LEVEL,UNKNOWN,UNKNOWN,NOT ON SCENE (DESK REPORT),NO INJURY / DRIVE AWAY,,,,$500 OR LESS,8/14/2021 13:30,NOT APPLICABLE,NOT APPLICABLE,5800,S,KEDZIE AVE,822,,,,,,,2,NO INDICATION OF INJURY,0,0,0,0,0,2,0,13,7,8,41.7879702,-87.70354447,POINT (-87.703544465118 41.787970201401)
a3f73a522bb49bf09b440474dfeaf7c1645833ad1aac6a4d598f5f8e099c43c834bb6067ce182f7f1aa189e44615200045167b11c93184b3be2cb22a2b271ee5,JC492212,,10/30/2019 14:30,30,NO CONTROLS,NO CONTROLS,RAIN,DAYLIGHT,REAR END,NOT DIVIDED,,STRAIGHT AND LEVEL,DRY,NO DEFECTS,NOT ON SCENE (DESK REPORT),NO INJURY / DRIVE AWAY,,,,"$501 - $1,500",10/30/2019 15:26,NOT APPLICABLE,NOT APPLICABLE,5100,S,CENTRAL AVE,811,,,,,,,2,NO INDICATION OF INJURY,0,0,0,0,0,3,0,14,4,10,41.79996165,-87.76267247,POINT (-87.762672469341 41.799961650087)
a1a764186e1a4095490a91251581b27d5006e5c2b466a5db9c637eb15e308a33ed65c1060e8009bb7c77c5fbb0c7aac9c0a7d20e68a5c1d0dadbbc5a365f7602,JC488197,,10/27/2019 10:30,25,OTHER,OTHER,CLEAR,DAYLIGHT,REAR END,OTHER,,STRAIGHT AND LEVEL,DRY,NO DEFECTS,NOT ON SCENE (DESK REPORT),NO INJURY / DRIVE AWAY,,Y,,"$501 - $1,500",10/27/2019 10:50,IMPROPER BACKING,UNABLE TO DETERMINE,4620,S,DAMEN AVE,924,,,,,,,2,NO INDICATION OF INJURY,0,0,0,0,0,4,0,10,1,10,41.80966853,-87.6751157,POINT (-87.675115696387 41.809668528007)