CRASH_RECORD_ID,RD_NO,CRASH_DATE_EST_I,CRASH_DATE,POSTED_SPEED_LIMIT,TRAFFIC_CONTROL_DEVICE,DEVICE_CONDITION,WEATHER_CONDITION,LIGHTING_CONDITION,FIRST_CRASH_TYPE,TRAFFICWAY_TYPE,LANE_CNT,ALIGNMENT,ROADWAY_SURFACE_COND,ROAD_DEFECT,REPORT_TYPE,CRASH_TYPE,INTERSECTION_RELATED_I,NOT_RIGHT_OF_WAY_I,HIT_AND_RUN_I,DAMAGE,DATE_POLICE_NOTIFIED,PRIM_CONTRIBUTORY_CAUSE,SEC_CONTRIBUTORY_CAUSE,STREET_NO,STREET_DIRECTION,STREET_NAME,BEAT_OF_OCCURRENCE,PHOTOS_TAKEN_I,STATEMENTS_TAKEN_I,DOORING_I,WORK_ZONE_I,WORK_ZONE_TYPE,WORKERS_PRESENT_I,NUM_UNITS,MOST_SEVERE_INJURY,INJURIES_TOTAL,INJURIES_FATAL,INJURIES_INCAPACITATING,INJURIES_NON_INCAPACITATING,INJURIES_REPORTED_NOT_EVIDENT,INJURIES_NO_INDICATION,INJURIES_UNKNOWN,CRASH_HOUR,CRASH_DAY_OF_WEEK,CRASH_MONTH,LATITUDE,LONGITUDE,LOCATION
a203fbde3e4e334044967f3078a8ae455b1254ee94e299057df4cea46e0c5aeba5bc9b3d8eab300c07111993665668020ddc10bd0606af241e7b3f23501a7eba,JB360991,,7/22/2018 21:30,30,TRAFFIC SIGNAL,FUNCTIONING PROPERLY,CLEAR,"DARKNESS, LIGHTED ROAD",REAR END,NOT DIVIDED,2,STRAIGHT AND LEVEL,DRY,NO DEFECTS,NOT ON SCENE (DESK REPORT),NO INJURY / DRIVE AWAY,,,,"$501 - $1,500",7/22/2018 22:00,DISREGARDING TRAFFIC SIGNALS,FOLLOWING TOO CLOSELY,2200,N,GENEVA TER,1812,,,,,,,2,NO INDICATION OF INJURY,0,0,0,0,0,2,0,21,1,7,,,
a74441c24b2758da8e43a9786de59511d32aa8e9e61f47b0c677826d593983d7a782b89f504ba59265becd00fa26da8bf17e90529344dea17cd6553f57c6f418,JF345181,,8/5/2022 11:30,15,NO CONTROLS,NO CONTROLS,CLEAR,DAYLIGHT,ANGLE,ONE-WAY,,STRAIGHT AND LEVEL,DRY,NO DEFECTS,,NO INJURY / DRIVE AWAY,,,Y,"OVER $1,500",8/5/2022 11:55,FAILING TO YIELD RIGHT-OF-WAY,NOT APPLICABLE,3643,W,LELAND AVE,1723,,,,,,,2,NO INDICATION OF INJURY,0,0,0,0,0,2,0,11,6,8,41.96639977,-87.71994906,POINT (-87.719949060745 41.96639976508)
a45457758e5bb2bd9c03f349a9c0ee8255c686683a5f7db9e991ce987dd5086e717ac435d30c2ded2bbf7702dc850c8918478e1fd0b3618b607cd5b9863693d7,JD350574,Y,8/30/2020 10:10,30,NO CONTROLS,NO CONTROLS,CLEAR,DAYLIGHT,REAR END,NOT DIVIDED,,STRAIGHT AND LEVEL,DRY,NO DEFECTS,ON SCENE,NO INJURY / DRIVE AWAY,,,,"OVER $1,500",8/30/2020 14:00,FOLLOWING TOO CLOSELY,UNABLE TO DETERMINE,6816,W,GRAND AVE,2512,,,,,,,2,NO INDICATION OF INJURY,0,0,0,0,0,2,0,10,1,8,41.92370245,-87.7959321,POINT (-87.795932099651 41.923702452238)
a2b3fe2c2b3e305e549d91c43d0de0b64a58d8e3a6aeaa3d7fd0db1752f2718b8419343f5304348a518b9313014406141e6b3ae478e4fd942b3588299f74a2ba,JE481750,,12/18/2021 13:00,35,UNKNOWN,UNKNOWN,CLEAR,DAYLIGHT,REAR END,NOT DIVIDED,,STRAIGHT AND LEVEL,DRY,NO DEFECTS,NOT ON SCENE (DESK REPORT),NO INJURY / DRIVE AWAY,,,Y,"$501 - $1,500",12/18/2021 13:30,UNABLE TO DETERMINE,NOT APPLICABLE,5021,N,DAMEN AVE,2032,,,,,,,2,NO INDICATION OF INJURY,0,0,0,0,0,6,0,13,7,12,41.97308148,-87.67916631,POINT (-87.679166309058 41.973081482439)
a22fe6de94fde2a9e4b93821508b84d039214cd19e523c5c4c871327e382b2eee03ab8325099a879c56a432e40d2b8ed508ec664533876c2b92a725918ce4afd,JD324327,,8/7/2020 19:00,25,NO CONTROLS,NO CONTROLS,CLEAR,DAYLIGHT,FIXED OBJECT,ONE-WAY,,STRAIGHT AND LEVEL,DRY,NO DEFECTS,ON SCENE,INJURY AND / OR TOW DUE TO CRASH,,Y,,"$501 - $1,500",8/7/2020 19:05,"VISION OBSCURED (SIGNS, TREE LIMBS, BUILDINGS, ETC.)",UNABLE TO DETERMINE,524,W,OHARE ST,1654,,,,,,,1,NO INDICATION OF INJURY,0,0,0,0,0,1,0,19,6,8,,,
a470fc940b3130c2b231a52ce9c2389bfa0eafb555af7ec5315b7400450bef1fda272572b0fffef8703289da7023c897d70b00f0eb2d4c492fd20254773db39a,HZ133208,,1/29/2016 14:25,0,UNKNOWN,UNKNOWN,UNKNOWN,UNKNOWN,TURNING,UNKNOWN,,STRAIGHT AND LEVEL,UNKNOWN,UNKNOWN,NOT ON SCENE (DESK REPORT),NO INJURY / DRIVE AWAY,,,,"OVER $1,500",1/29/2016 15:25,NOT APPLICABLE,NOT APPLICABLE,5501,S,AUSTIN AVE,811,,,,,,,2,NO INDICATION OF INJURY,0,0,0,0,0,3,0,14,6,1,41.79245361,-87.77191646,POINT (-87.771916459887 41.792453607177)
a499969579d256c30b4112f00671b814f036cf8a13a7ecf5f1945ee6f0e8887cff60517a34b55adddd157f795c1158b75b1a751442f86416826dbdd1089306ed,JD411618,,10/26/2020 14:19,30,NO CONTROLS,NO CONTROLS,CLEAR,DAYLIGHT,TURNING,PARKING LOT,,STRAIGHT AND LEVEL,DRY,NO DEFECTS,ON SCENE,NO INJURY / DRIVE AWAY,,,,"$501 - $1,500",10/26/2020 14:25,FAILING TO YIELD RIGHT-OF-WAY,NOT APPLICABLE,4064,W,115TH ST,2211,,,,,,,2,NO INDICATION OF INJURY,0,0,0,0,0,2,0,14,2,10,41.68403775,-87.72240952,POINT (-87.722409516222 41.684037749739)
a4a9155669f4aa907696f958d4356d6e9969c2fc95225f3f7448f58b0001f52552c796857f341b2efadd3d518eaecfa29b0c9935c221b812392591b072f7b52f,JF268387,,6/5/2022 10:35,30,NO CONTROLS,NO CONTROLS,CLEAR,DAYLIGHT,ANGLE,NOT DIVIDED,,STRAIGHT AND LEVEL,DRY,NO DEFECTS,ON SCENE,NO INJURY / DRIVE AWAY,,,,"OVER $1,500",6/5/2022 10:40,UNABLE TO DETERMINE,UNABLE TO DETERMINE,7598,N,HARLEM AVE,1611,,,,,,,2,NO INDICATION OF INJURY,0,0,0,0,0,2,0,10,1,6,42.01890902,-87.80669552,POINT (-87.806695520367 42.018909014631)
a4876bcbbbf9f86aa8442a2c9ae1ebf28da2066b71221cb89990dce518ea57a46aab33734c1c7d98678848987350756a6a70e573b359eeac2c98f1cdc19e6215,JE450693,,11/19/2021 17:00,30,TRAFFIC SIGNAL,UNKNOWN,CLEAR,DARKNESS,REAR END,FOUR WAY,,STRAIGHT AND LEVEL,DRY,UNKNOWN,ON SCENE,NO INJURY / DRIVE AWAY,,,,$500 OR LESS,11/19/2021 17:17,IMPROPER BACKING,UNABLE TO DETERMINE,3200,W,OGDEN AVE,1022,,,,,,,2,NO INDICATION OF INJURY,0,0,0,0,0,2,0,17,6,11,41.85805326,-87.70555564,POINT (-87.705555636014 41.858053255297)
a783646da9936dcaf97a68904be24c4854ead5ef951d945c7010532bf6c81f27bfe872bd82c61d0cce4209bc771a78c9023f46e4fb4a92813a27b09ff3008c4d,JD201004,,4/3/2020 10:10,30,NO CONTROLS,NO CONTROLS,CLEAR,DAYLIGHT,PARKED MOTOR VEHICLE,NOT DIVIDED,,STRAIGHT AND LEVEL,DRY,NO DEFECTS,ON SCENE,NO INJURY / DRIVE AWAY,,,,$500 OR LESS,4/3/2020 10:30,IMPROPER LANE USAGE,NOT APPLICABLE,403,N,WABASH AVE,1834,,,,,,,2,NO INDICATION OF INJURY,0,0,0,0,0,1,0,10,6,4,41.88939336,-87.62651457,POINT (-87.626514567496 41.889393357851)
a622a45c54f9a460ff92374b884456af1b1b3df08fced7a86798cab950c1009d32ce47063c026beac9a84e60015ba0c50fb5d6e447e9d650dfbe059a2ccc83a6,JC531529,,12/2/2019 10:40,15,NO CONTROLS,NO CONTROLS,CLEAR,DAYLIGHT,REAR TO REAR,ALLEY,,STRAIGHT AND LEVEL,DRY,NO DEFECTS,ON SCENE,NO INJURY / DRIVE AWAY,,,,"$501 - $1,500",12/2/2019 10:45,IMPROPER BACKING,NOT APPLICABLE,7356,N,WESTERN AVE,2411,,,,,,,2,NO INDICATION OF INJURY,0,0,0,0,0,2,0,10,2,12,42.01567631,-87.69036335,POINT (-87.690363346165 42.015676305174)
a513f99e2a8410e2b3f8f3039b5c6ba2925879a469ac74c386d93e8c6562ef9e07be138ece5210d14934d2e32350c8e24f86719c48673bd2efca57856a6a97d9,JA328006,,6/29/2017 17:10,30,NO CONTROLS,NO CONTROLS,CLEAR,DAWN,REAR END,NOT DIVIDED,,STRAIGHT AND LEVEL,WET,NO DEFECTS,NOT ON SCENE (DESK REPORT),NO INJURY / DRIVE AWAY,,,,"OVER $1,500",6/29/2017 18:46,NOT APPLICABLE,NOT APPLICABLE,5500,S,MONITOR AVE,811,,,,,,,2,NO INDICATION OF INJURY,0,0,0,0,0,3,0,17,5,6,41.79251999,-87.76855238,POINT (-87.768552381051 41.792519993914)
a62641a23391cfd36bc7b749c5471aa1bf5a595a61874c212552828413fcae9dc1be48cf27262dccbe6fcebd10162edf5a77bac659bd7b2f51343c42ff349d64,JE314985,,7/26/2021 15:00,10,NO CONTROLS,NO CONTROLS,CLEAR,DAYLIGHT,REAR TO SIDE,PARKING LOT,,STRAIGHT AND LEVEL,DRY,NO DEFECTS,ON SCENE,NO INJURY / DRIVE AWAY,,,N,$500 OR LESS,7/26/2021 15:10,IMPROPER BACKING,UNABLE TO DETERMINE,6659,S,STATE ST,322,,,,,,,2,NO INDICATION OF INJURY,0,0,0,0,0,3,0,15,2,7,41.77319701,-87.62499283,POINT (-87.624992833948 41.773197005517)
a6a68d31389df1add6421cc66f78694adf1e98d4b5c2c554417c8e9fc7389a718a87fbe197056d7b4ed2db969e9399e9c2c0400264078c3279784a0bd08430f9,JC523548,,11/25/2019 6:30,10,NO CONTROLS,NO CONTROLS,UNKNOWN,UNKNOWN,PARKED MOTOR VEHICLE,UNKNOWN,,STRAIGHT AND LEVEL,UNKNOWN,UNKNOWN,ON SCENE,NO INJURY / DRIVE AWAY,,,Y,"OVER $1,500",11/25/2019 7:20,UNABLE TO DETERMINE,NOT APPLICABLE,831,E,65TH ST,321,,,,,,,2,NO INDICATION OF INJURY,0,0,0,0,0,6,0,6,2,11,41.77668238,-87.60456091,POINT (-87.604560910306 41.776682382737)
a569fccbf9d2b7845c51d86d830a7e2c01d04e52ceaba4f32adafd8aa4a2c8687bba9782262482325af5aa23437784b689c06cf5d82e062786fa79c3061f2f12,JC170642,,3/1/2019 20:45,30,TRAFFIC SIGNAL,FUNCTIONING PROPERLY,CLEAR,DARKNESS,TURNING,OTHER,0,STRAIGHT AND LEVEL,DRY,UNKNOWN,,NO INJURY / DRIVE AWAY,Y,,,"$501 - $1,500",3/1/2019 21:45,IMPROPER LANE USAGE,NOT APPLICABLE,2400,N,CLARK ST,1935,,,,,,,2,NO INDICATION OF INJURY,0,0,0,0,0,2,0,20,6,3,41.92559762,-87.64065097,POINT (-87.640650973099 41.925597623023)
a6370c3110e128a82688ee1eddb07e2cd06252f9f12c7b465e2be2764041ee2b2c546ea79d664879810affb3ad953d83bc68df3b5cab50b6f1d7749a8430fcbc,JB570085,,12/28/2018 12:00,30,NO CONTROLS,NO CONTROLS,CLEAR,DAYLIGHT,ANGLE,NOT DIVIDED,2,STRAIGHT AND LEVEL,DRY,NO DEFECTS,NOT ON SCENE (DESK REPORT),NO INJURY / DRIVE AWAY,,,,"$501 - $1,500",12/28/2018 12:30,NOT APPLICABLE,NOT APPLICABLE,3901,S,KEDZIE AVE,921,,,,,,,2,NO INDICATION OF INJURY,0,0,0,0,0,2,0,12,6,12,41.8225154,-87.70431578,POINT (-87.704315782621 41.822515403741)
a6931f5eb6b4b5dc64b49ef5e5c35bbf0677e2dd0617a0b6e69b95c100499ee1e0b90628ee9cfff8c3d517952d65a7d3d7e133ee82d9802c2656d811a9809c8d,JF178577,,3/18/2022 15:09,30,TRAFFIC SIGNAL,FUNCTIONING PROPERLY,RAIN,DAYLIGHT,REAR END,NOT DIVIDED,,STRAIGHT AND LEVEL,WET,NO DEFECTS,ON SCENE,NO INJURY / DRIVE AWAY,,,,"$501 - $1,500",3/18/2022 15:11,FOLLOWING TOO CLOSELY,WEATHER,760,W,69TH ST,723,,,,,,,2,NO INDICATION OF INJURY,0,0,0,0,0,3,0,15,6,3,41.76895322,-87.64413027,POINT (-87.644130272665 41.768953222271)
a511c73a633d8300f9b9f6c71a1a76f827f2ef5b48a35637c0e5e082a651666908e92966fe74e9c16011529a7bf332fbe31c9b3d2eaba0cb8458d340e084b67e,JD260510,,6/11/2020 6:36,20,NO CONTROLS,NO CONTROLS,CLEAR,DAYLIGHT,ANGLE,NOT DIVIDED,,STRAIGHT AND LEVEL,DRY,UNKNOWN,ON SCENE,NO INJURY / DRIVE AWAY,,,,"$501 - $1,500",6/11/2020 6:42,UNABLE TO DETERMINE,UNABLE TO DETERMINE,4341,N,CENTRAL PARK AVE,1723,,,,,,,2,NO INDICATION OF INJURY,0,0,0,0,0,2,0,6,5,6,41.96047284,-87.71787131,POINT (-87.717871310062 41.960472843576)
a60434a50fcd073a46e2cdb26ce4a5c0b9822ff68d5426218e59ad2b74746cac2d97fd56a3b013274d6b83d8f7cc01bd7f1d8d7a85a486549386debe64a69f40,JD101470,,1/2/2020 10:30,30,TRAFFIC SIGNAL,NOT FUNCTIONING,CLEAR,DAYLIGHT,ANGLE,FOUR WAY,,STRAIGHT AND LEVEL,DRY,NO DEFECTS,ON SCENE,NO INJURY / DRIVE AWAY,Y,,,$500 OR LESS,1/2/2020 10:45,NOT APPLICABLE,NOT APPLICABLE,2200,S,HALSTED ST,1235,,,,,,,2,NO INDICATION OF INJURY,0,0,0,0,0,2,0,10,5,1,41.85249445,-87.64663824,POINT (-87.646638240616 41.852494450547)
a57acc54260eb5cecd75831daf655acdcaf78728dee09111e211ef7e2812910d2f4e6c9a22b1a52456bf3765d366195023cb8e75e33ebd1642bbd4f113950ac4,JE469960,,12/8/2021 8:53,35,TRAFFIC SIGNAL,FUNCTIONING PROPERLY,CLEAR,DAYLIGHT,FIXED OBJECT,FOUR WAY,,STRAIGHT AND LEVEL,DRY,NO DEFECTS,ON SCENE,NO INJURY / DRIVE AWAY,,,,"OVER $1,500",12/8/2021 8:53,NOT APPLICABLE,NOT APPLICABLE,7900,S,DAMEN AVE,611,,,,,,,1,NO INDICATION OF INJURY,0,0,0,0,0,3,0,8,4,12,41.75018236,-87.67327886,POINT (-87.673278856776 41.750182355465)
a612c4b4194fc2df70314878c1d61b34e8e63cc45784e0ef1e58ad2ff6ed3b26d375fb55367ca55b5c2137412ea9b0a311c7d183547d4ea0b4335b6e4965170a,JE420658,,10/24/2021 10:05,10,NO CONTROLS,NO CONTROLS,CLEAR,DAYLIGHT,PARKED MOTOR VEHICLE,PARKING LOT,,STRAIGHT AND LEVEL,DRY,NO DEFECTS,NOT ON SCENE (DESK REPORT),NO INJURY / DRIVE AWAY,,,,$500 OR LESS,10/24/2021 10:30,UNABLE TO DETERMINE,UNABLE TO DETERMINE,1625,S,ALLPORT ST,1233,,,,,,,2,,,,,,,,,10,1,10,41.85898336,-87.65753444,POINT (-87.657534441324 41.85898335707)
a674f9728c47a70eacb77becb6db5d97721634085118d1b53823c152becc4d3e78420ffe54009d188a0e50619c282c4ce4bd18b14b68d8879c22f4d8f3e7eb95,JA482793,,10/23/2017 15:30,30,NO CONTROLS,NO CONTROLS,CLEAR,DAYLIGHT,FIXED OBJECT,ALLEY,,STRAIGHT AND LEVEL,DRY,NO DEFECTS,ON SCENE,NO INJURY / DRIVE AWAY,,Y,Y,"OVER $1,500",10/23/2017 15:50,UNABLE TO DETERMINE,UNABLE TO DETERMINE,3435,N,CICERO AVE,1731,,,,,,,1,NO INDICATION OF INJURY,0,0,0,0,0,1,0,15,2,10,41.94353848,-87.74684514,POINT (-87.746845143148 41.943538484443)
a73fb687f2692ee390b99aa5c4484a9883c92702f4d6599bd27d0a0894f4107cb7916c016b2a7c5745e964245f8c3ca2c1773fe08c56ef293087448e8239f2e4,JE146938,,2/20/2021 13:02,45,NO CONTROLS,NO CONTROLS,CLEAR,DAYLIGHT,REAR END,OTHER,,STRAIGHT AND LEVEL,DRY,NO DEFECTS,ON SCENE,NO INJURY / DRIVE AWAY,,,,"OVER $1,500",2/20/2021 13:03,FOLLOWING TOO CLOSELY,NOT APPLICABLE,10700,W,IRVING PARK RD,1654,,,,,,,3,NO INDICATION OF INJURY,0,0,0,0,0,8,0,13,7,2,41.95517597,-87.89307885,POINT (-87.893078845519 41.95517597002)
a61a01f5adeda49574651eed15222cf6a8dead2a7de500b6044b60cec6e1e51d840c1ffe1211bf639942f4a98b60a571fec695ce88c9aa5dafec5dfa5fd11520,JC485581,,10/25/2019 7:10,20,NO CONTROLS,NO CONTROLS,CLOUDY/OVERCAST,DAWN,SIDESWIPE SAME DIRECTION,OTHER,,STRAIGHT AND LEVEL,DRY,NO DEFECTS,ON SCENE,NO INJURY / DRIVE AWAY,,,,"OVER $1,500",10/25/2019 7:15,UNABLE TO DETERMINE,UNABLE TO DETERMINE,3,W,TERMINAL ST,1653,,,,,,,2,NO INDICATION OF INJURY,0,0,0,0,0,2,0,7,6,10,,,
a83653a09f0fdb9dc63034314c57d7b141acead72d969936f594aa260c5d0f9be0900d8223931deb4b2975be454f5f1f2c1550dd8d53fb3ef070c6b063bf9aae,JC428492,,9/11/2019 8:15,30,UNKNOWN,UNKNOWN,CLEAR,DAYLIGHT,ANGLE,ONE-WAY,,STRAIGHT AND LEVEL,DRY,NO DEFECTS,ON SCENE,NO INJURY / DRIVE AWAY,,,Y,"OVER $1,500",9/11/2019 8:25,UNABLE TO DETERMINE,NOT APPLICABLE,2000,W,WARREN BLVD,1223,,,,,,,2,NO INDICATION OF INJURY,0,0,0,0,0,2,0,8,4,9,41.88233986,-87.67678799,POINT (-87.676787987969 41.882339859326)
a7ecb2fa1a336dbad1937d15275febb5d82d89285889ba963936cef00be9beb25248b55b4ed603d86b926e89b736629884e1b70e17f6958858662b46f55052ca,JC276984,,5/24/2019 16:40,30,NO CONTROLS,NO CONTROLS,CLEAR,DAYLIGHT,TURNING,ONE-WAY,,STRAIGHT AND LEVEL,DRY,NO DEFECTS,NOT ON SCENE (DESK REPORT),NO INJURY / DRIVE AWAY,,,,"OVER $1,500",5/24/2019 17:00,IMPROPER LANE USAGE,UNABLE TO DETERMINE,5500,S,WENTWORTH AVE,225,,,,,,,2,NO INDICATION OF INJURY,0,0,0,0,0,2,0,16,6,5,,,
a83bdc10e334d60a6ec7306264c181387b4c04d29232a488a2c967eacf1e342106e88a9f6580e5334ae3870f33aaff36ca094743b299a40f261f04149796c617,JC530335,,12/1/2019 5:15,30,UNKNOWN,UNKNOWN,RAIN,DARKNESS,TURNING,NOT DIVIDED,,STRAIGHT AND LEVEL,WET,NO DEFECTS,ON SCENE,NO INJURY / DRIVE AWAY,,,,"OVER $1,500",12/1/2019 5:30,FAILING TO YIELD RIGHT-OF-WAY,IMPROPER TURNING/NO SIGNAL,1014,W,87TH ST,613,,,,,,,2,NO INDICATION OF INJURY,0,0,0,0,0,7,0,5,1,12,41.73610335,-87.64914278,POINT (-87.649142783373 41.736103352338)
a55716bb149cc23abb2c623388ff14db9467b5da8d86051afd47ced5cf7b08376b465e7ae2fcc6b193df3fdb2c4c0a7cbb07566bd585b2f5e7e2c61e8ac0376c,JC484695,,10/23/2019 16:45,30,UNKNOWN,UNKNOWN,UNKNOWN,UNKNOWN,REAR END,UNKNOWN,,STRAIGHT AND LEVEL,UNKNOWN,UNKNOWN,NOT ON SCENE (DESK REPORT),NO INJURY / DRIVE AWAY,,,,"OVER $1,500",10/24/2019 13:20,UNABLE TO DETERMINE,NOT APPLICABLE,5200,W,FOSTER AVE,1623,,,,,,,2,NO INDICATION OF INJURY,0,0,0,0,0,2,0,16,4,10,41.97532826,-87.75783826,POINT (-87.75783826009 41.975328264207)
a6cd07e3f948a4a056dbb8f486275d7750f4ee072adb5f6b67dd9ed14eb71696a1a2abfd859355da8133c7c70f6cefc9ac765a819f737a5d936be305fcfa4c33,JE194294,,4/9/2021 12:05,30,NO CONTROLS,NO CONTROLS,CLEAR,DAYLIGHT,FIXED OBJECT,ONE-WAY,,STRAIGHT AND LEVEL,DRY,NO DEFECTS,ON SCENE,NO INJURY / DRIVE AWAY,,,,"OVER $1,500",4/9/2021 12:08,UNABLE TO DETERMINE,UNABLE TO DETERMINE,5154,W,63RD PL,813,,,,,,,1,NO INDICATION OF INJURY,0,0,0,0,0,1,0,12,6,4,41.77753544,-87.75106637,POINT (-87.751066364626 41.777535439623)
a778e6d766626ed99378d4bad4bc79bb5fe99c556f3fa31c57e164850f60e0c57d5956c82cb6f380072108dfba6444b15c0431a174119dd3843f8d9232a12af5,JA314166,,6/19/2017 18:30,30,UNKNOWN,UNKNOWN,RAIN,DAYLIGHT,REAR END,NOT DIVIDED,2,STRAIGHT AND LEVEL,WET,NO DEFECTS,ON SCENE,NO INJURY / DRIVE AWAY,,,,"$501 - $1,500",6/19/2017 18:32,EXCEEDING SAFE SPEED FOR CONDITIONS,FOLLOWING TOO CLOSELY,1425,W,71ST ST,734,,,,,,,2,NO INDICATION OF INJURY,0,0,0,0,0,2,0,18,2,6,41.76485488,-87.65989672,POINT (-87.659896717386 41.764854882865)
a52b563b5518c139ee4c8108fdd8724aa0b9ca5c4b19b6ff6a910c9bf6f41eccc02ced83ae6d7016a1453f6661df4146db6faf93a76888f37022b6819e6f0005,JC411132,,8/28/2019 17:09,30,NO CONTROLS,NO CONTROLS,CLEAR,DAYLIGHT,TURNING,NOT DIVIDED,,STRAIGHT AND LEVEL,DRY,NO DEFECTS,ON SCENE,NO INJURY / DRIVE AWAY,,,,"$501 - $1,500",8/28/2019 18:09,UNABLE TO DETERMINE,UNABLE TO DETERMINE,2332,W,59TH ST,824,,,,,,,2,NO INDICATION OF INJURY,0,0,0,0,0,2,0,17,4,8,41.78663538,-87.68230293,POINT (-87.68230292889 41.786635384413)
a6032c90cbff31e6fed88f39cdd223e2c364c261b6050ad452ade996acbd53d4fd6699e427b488fdba145f96b7354518a0180942629cd636c67fdb0c8b31b749,JE406288,,10/11/2021 14:45,30,STOP SIGN/FLASHER,FUNCTIONING PROPERLY,RAIN,DAYLIGHT,ANGLE,T-INTERSECTION,,STRAIGHT AND LEVEL,WET,NO DEFECTS,ON SCENE,NO INJURY / DRIVE AWAY,,,,"OVER $1,500",10/11/2021 14:50,UNABLE TO DETERMINE,NOT APPLICABLE,2258,N,LARAMIE AVE,2515,Y,,,,,,2,NO INDICATION OF INJURY,0,0,0,0,0,2,0,14,2,10,41.92218667,-87.75623746,POINT (-87.756237459133 41.922186667325)
a82efc84b82ec897e044b8677e2031ed152d7fc38444fc1827eb94e9df4c13538d43a933554ee2705666c8da10c797449e6a5d6c975d46f9bf07d58a08022d56,JD264876,,6/15/2020 7:25,30,NO CONTROLS,NO CONTROLS,CLEAR,DAYLIGHT,REAR TO FRONT,ONE-WAY,,STRAIGHT AND LEVEL,DRY,UNKNOWN,NOT ON SCENE (DESK REPORT),NO INJURY / DRIVE AWAY,,,,"$501 - $1,500",6/15/2020 13:35,IMPROPER BACKING,NOT APPLICABLE,3123,S,KEELER AVE,1031,,,,,,,2,NO INDICATION OF INJURY,0,0,0,0,0,2,0,7,2,6,41.83611718,-87.72904737,POINT (-87.729047373091 41.836117179673)
a90446b4540e823145b81c6bd94e973f774449a103683a17e585dd6c95c0c13d578dd6a1e706c0b10cf5607d203c1b3f2e1d72e9a4792bde0f5407ba10b7b9e7,JD429995,,11/13/2020 10:00,20,NO CONTROLS,NO CONTROLS,CLEAR,DAYLIGHT,TURNING,NOT DIVIDED,,STRAIGHT AND LEVEL,DRY,NO DEFECTS,ON SCENE,NO INJURY / DRIVE AWAY,,,Y,$500 OR LESS,11/13/2020 10:00,FAILING TO YIELD RIGHT-OF-WAY,FAILING TO YIELD RIGHT-OF-WAY,7199,W,56TH ST,811,,,,,,,2,NO INDICATION OF INJURY,0,0,0,0,0,2,0,10,6,11,,,
a9243e3420bc5213d4518951b677c91f11781d17d130c5454d3eeb034be0076ccc2382ff122365faf3e24544b7660d16002469a29aa30f6f6d02498e0325c8ec,JE231057,,5/15/2021 14:00,20,TRAFFIC SIGNAL,UNKNOWN,CLEAR,DAYLIGHT,TURNING,FOUR WAY,,STRAIGHT AND LEVEL,DRY,UNKNOWN,NOT ON SCENE (DESK REPORT),NO INJURY / DRIVE AWAY,,,Y,"$501 - $1,500",5/15/2021 14:30,UNABLE TO DETERMINE,UNABLE TO DETERMINE,433,W,CERMAK RD,914,,,,,,,2,NO INDICATION OF INJURY,0,0,0,0,0,2,0,14,7,5,41.85268723,-87.6381741,POINT (-87.638174096823 41.852687228196)
ab20c491800978751071e180f0a86cbf60a14c5de3dbbb06b9ff6b30ce05c529256f102d63e18240469e52c36aaa1d30cab736a9ffcccea3f5101ed2b7169b71,JC543705,,12/12/2019 3:00,30,NO CONTROLS,NO CONTROLS,CLEAR,"DARKNESS, LIGHTED ROAD",PARKED MOTOR VEHICLE,ONE-WAY,,STRAIGHT AND LEVEL,DRY,NO DEFECTS,ON SCENE,INJURY AND / OR TOW DUE TO CRASH,,,Y,"OVER $1,500",12/12/2019 3:06,NOT APPLICABLE,NOT APPLICABLE,6812,S,EAST END AVE,332,,,,,,,6,,,,,,,,,3,5,12,41.77109113,-87.58394548,POINT (-87.583945476474 41.771091125679)
a858ae7f073b2572bb8168bc5a152d4aed7a266c0027b4af6596c4b717064800774dff49d70932712e297610fe0e24b57fb1c1645706ac00c954f37007de3962,JB177327,,3/7/2018 17:45,0,NO CONTROLS,NO CONTROLS,CLEAR,DAYLIGHT,HEAD ON,PARKING LOT,,STRAIGHT AND LEVEL,DRY,NO DEFECTS,ON SCENE,NO INJURY / DRIVE AWAY,,Y,,$500 OR LESS,3/7/2018 17:54,IMPROPER BACKING,NOT APPLICABLE,6300,S,CICERO AVE,813,,,,,,,2,NO INDICATION OF INJURY,0,0,0,0,0,8,0,17,4,3,41.77833539,-87.74243649,POINT (-87.74243649416 41.778335390453)
a8dea2367b87932691d2b5619071834bfb0c09af550d2fd41569c1c24298e188d4253f07b21a2c8a7429d992548eda45e42bc687f0aa122f1b2b26747f180f60,JD377373,,9/24/2020 5:00,15,NO CONTROLS,NO CONTROLS,CLEAR,UNKNOWN,PARKED MOTOR VEHICLE,NOT DIVIDED,,STRAIGHT AND LEVEL,DRY,NO DEFECTS,ON SCENE,NO INJURY / DRIVE AWAY,,,Y,"OVER $1,500",9/24/2020 6:40,UNABLE TO DETERMINE,UNABLE TO DETERMINE,349,W,108TH PL,513,,,,,,,2,NO INDICATION OF INJURY,0,0,0,0,0,1,0,5,5,9,41.69691978,-87.63231138,POINT (-87.632311376714 41.696919776951)