CRASH_RECORD_ID,RD_NO,CRASH_DATE_EST_I,CRASH_DATE,POSTED_SPEED_LIMIT,TRAFFIC_CONTROL_DEVICE,DEVICE_CONDITION,WEATHER_CONDITION,LIGHTING_CONDITION,FIRST_CRASH_TYPE,TRAFFICWAY_TYPE,LANE_CNT,ALIGNMENT,ROADWAY_SURFACE_COND,ROAD_DEFECT,REPORT_TYPE,CRASH_TYPE,INTERSECTION_RELATED_I,NOT_RIGHT_OF_WAY_I,HIT_AND_RUN_I,DAMAGE,DATE_POLICE_NOTIFIED,PRIM_CONTRIBUTORY_CAUSE,SEC_CONTRIBUTORY_CAUSE,STREET_NO,STREET_DIRECTION,STREET_NAME,BEAT_OF_OCCURRENCE,PHOTOS_TAKEN_I,STATEMENTS_TAKEN_I,DOORING_I,WORK_ZONE_I,WORK_ZONE_TYPE,WORKERS_PRESENT_I,NUM_UNITS,MOST_SEVERE_INJURY,INJURIES_TOTAL,INJURIES_FATAL,INJURIES_INCAPACITATING,INJURIES_NON_INCAPACITATING,INJURIES_REPORTED_NOT_EVIDENT,INJURIES_NO_INDICATION,INJURIES_UNKNOWN,CRASH_HOUR,CRASH_DAY_OF_WEEK,CRASH_MONTH,LATITUDE,LONGITUDE,LOCATION
ab6c2316958eb9b1b36fd630bb97e80078052209d151bbcb671bf4e9a99132e586a687abf38151806ce5d4c363adcb3e340fa289ba319273bd8d82f58a9d6619,JE343968,,8/20/2021 16:00,35,UNKNOWN,UNKNOWN,CLEAR,DAYLIGHT,REAR END,FOUR WAY,,STRAIGHT AND LEVEL,DRY,UNKNOWN,NOT ON SCENE (DESK REPORT),NO INJURY / DRIVE AWAY,,,,"OVER $1,500",8/20/2021 16:40,UNABLE TO DETERMINE,UNABLE TO DETERMINE,3977,W,COLUMBUS AVE,834,,,,,,,2,NO INDICATION OF INJURY,0,0,0,0,0,2,0,16,6,8,41.73585224,-87.72094571,POINT (-87.720945711007 41.73585223622)
a8c658fe769b7d65a245fcc509de3ea85ea7404eba8555983cfb9fb5454e218e4094e68fa1979dc363048cd41ecbe3366f05b98d226a1da590fcb5df7e0106de,JB228680,,4/18/2018 14:30,30,STOP SIGN/FLASHER,OTHER,CLEAR,DAYLIGHT,TURNING,OTHER,,STRAIGHT ON HILLCREST,DRY,UNKNOWN,ON SCENE,NO INJURY / DRIVE AWAY,Y,,,"OVER $1,500",4/18/2018 15:10,UNABLE TO DETERMINE,UNABLE TO DETERMINE,2298,W,DEVON AVE,2412,,Y,,,,,2,NO INDICATION OF INJURY,0,0,0,0,0,2,0,14,4,4,41.9978833,-87.68738928,POINT (-87.687389283911 41.997883298097)
aae550c51a30eff5edea1aa194a7b3c4e5cf55131cd8d76fe5d4b79df3fa5f252cb81800253ac894865a255a2e0c0762c726dfd6b3069375cf90ba52af6380a3,JD124556,,1/22/2020 12:50,30,TRAFFIC SIGNAL,FUNCTIONING PROPERLY,CLEAR,DAYLIGHT,REAR END,NOT DIVIDED,,STRAIGHT AND LEVEL,DRY,NO DEFECTS,ON SCENE,NO INJURY / DRIVE AWAY,,,,$500 OR LESS,1/22/2020 13:15,FOLLOWING TOO CLOSELY,NOT APPLICABLE,558,W,127TH ST,523,,,,,,,2,NO INDICATION OF INJURY,0,0,0,0,0,2,0,12,4,1,41.6633646,-87.6365484,POINT (-87.636548397944 41.663364600838)
a87c6cb3b01d99edf11e1527fb13cd322aeceb64d4a85fba39ca15ccd7208640924976182aaa3cd7a6f4b0be314cf5cf31053b05fb7f6d41986fdd7c4cd64934,JC239338,,4/26/2019 15:00,30,NO CONTROLS,NO CONTROLS,CLEAR,DAYLIGHT,REAR END,NOT DIVIDED,,STRAIGHT AND LEVEL,DRY,NO DEFECTS,ON SCENE,INJURY AND / OR TOW DUE TO CRASH,,,Y,"OVER $1,500",4/26/2019 15:20,UNABLE TO DETERMINE,UNABLE TO DETERMINE,1437,N,LARAMIE AVE,2533,,,,,,,2,NO INDICATION OF INJURY,0,0,0,0,0,2,0,15,6,4,41.90697939,-87.7557382,POINT (-87.755738197491 41.906979390982)
a8f9923c775972fcb821c29424fbd167a8254b9679c980164212fab24c81005f6bc4959897c0560eb5455e71e14a990149e94706ebd9e3dc1665df5077a98f9d,JC185609,,3/14/2019 17:30,30,TRAFFIC SIGNAL,FUNCTIONING PROPERLY,CLEAR,DAYLIGHT,REAR END,DIVIDED - W/MEDIAN BARRIER,1,STRAIGHT AND LEVEL,DRY,NO DEFECTS,NOT ON SCENE (DESK REPORT),NO INJURY / DRIVE AWAY,,,,"OVER $1,500",3/14/2019 18:26,FOLLOWING TOO CLOSELY,UNABLE TO DETERMINE,285,E,SOUTH WATER RAMP,114,,,,,,,2,NO INDICATION OF INJURY,0,0,0,0,0,3,0,17,5,3,,,
ab0c6b89b4d7dc899d1bfdf41248f7f6d064f8bac76061e6ae8a0b587c2e3ac156206e5a80af088e5565d0e179eb1ddef53f57a263e6917669b56e57b6be9430,JA460673,,10/6/2017 12:40,30,NO CONTROLS,NO CONTROLS,RAIN,DAYLIGHT,REAR END,NOT DIVIDED,2,STRAIGHT ON GRADE,WET,NO DEFECTS,,INJURY AND / OR TOW DUE TO CRASH,,,,"OVER $1,500",10/6/2017 12:45,IMPROPER TURNING/NO SIGNAL,NOT APPLICABLE,142,W,69TH ST,722,,,,,,,2,"REPORTED, NOT EVIDENT",1,0,0,0,1,1,0,12,6,10,41.7691953,-87.62909951,POINT (-87.629099507252 41.769195302655)
ab30c0918b7c61a2f436a51b1232fda85eec5f8d9ef79569860b7e278a9dabb724d123e7e3b6fda074a296b982470dca86b0cf94221e523ff8ec41882a62b0a3,JE386523,,9/25/2021 7:00,30,NO CONTROLS,NO CONTROLS,CLEAR,DAYLIGHT,PARKED MOTOR VEHICLE,ONE-WAY,,STRAIGHT AND LEVEL,DRY,NO DEFECTS,ON SCENE,NO INJURY / DRIVE AWAY,,,,"OVER $1,500",9/25/2021 7:10,NOT APPLICABLE,NOT APPLICABLE,3000,W,42ND ST,921,,,,,,,2,NO INDICATION OF INJURY,0,0,0,0,0,1,0,7,7,9,41.81738083,-87.69953055,POINT (-87.699530551048 41.817380829135)
a859e46f2bfc41a68a93f202693e1fa3401f97c4cc0e8b30cefb8adbe3e85235d20b3e219dc50bbf37829a8414a1e74ec982b63c5436c3f0f9037b02caef408f,JB298626,Y,6/8/2018 16:52,30,NO CONTROLS,NO CONTROLS,CLEAR,DAYLIGHT,REAR END,ONE-WAY,1,STRAIGHT AND LEVEL,DRY,NO DEFECTS,ON SCENE,NO INJURY / DRIVE AWAY,,,,$500 OR LESS,6/8/2018 16:52,UNABLE TO DETERMINE,NOT APPLICABLE,1699,W,ROSCOE ST,1922,,,,,,,2,NO INDICATION OF INJURY,0,0,0,0,0,2,0,16,6,6,41.94319993,-87.67112982,POINT (-87.671129824389 41.943199932028)
a9040017ca1137cd0306976a343d5f2788b76ff588b3045980968cfdebdf2b21c49471d92a57919b179af6d21a2ea5fa432aee44f94d622beec4c081c07c7f2a,JE324883,,8/3/2021 17:40,30,NO CONTROLS,NO CONTROLS,CLEAR,DAYLIGHT,REAR END,DIVIDED - W/MEDIAN (NOT RAISED),,STRAIGHT AND LEVEL,DRY,NO DEFECTS,ON SCENE,NO INJURY / DRIVE AWAY,,,,"$501 - $1,500",8/3/2021 17:41,NOT APPLICABLE,NOT APPLICABLE,3504,N,ASHLAND AVE,1922,,,,,,,2,NO INDICATION OF INJURY,0,0,0,0,0,2,0,17,3,8,41.94536837,-87.66896723,POINT (-87.668967232922 41.945368370266)
ade7ee979d0156b831a7b028d7a41ac5d79973c24c74270baf56ae88cc955e4c8f31ccb651d195c5d33a1426aaa5549b0bee07ccf95716a27bc58e1521f2e058,JC315537,,6/21/2019 11:30,25,NO CONTROLS,NO CONTROLS,CLEAR,DAYLIGHT,PARKED MOTOR VEHICLE,ONE-WAY,,STRAIGHT AND LEVEL,DRY,NO DEFECTS,ON SCENE,NO INJURY / DRIVE AWAY,,,Y,"$501 - $1,500",6/21/2019 11:35,UNABLE TO DETERMINE,NOT APPLICABLE,4505,W,ROSCOE ST,1731,,,,,,,2,NO INDICATION OF INJURY,0,0,0,0,0,1,0,11,6,6,41.94246696,-87.73982214,POINT (-87.739822135065 41.942466955582)
ac2f97ffb48df74bf4ab5cbfe5ed986acb4500a505d78d1966d3379795c8ca95cffcdfa81bd65032cc7f4899f474491e0a0ad767c2545a0de146c9df81f39075,JB231448,,4/20/2018 16:35,30,NO CONTROLS,NO CONTROLS,CLEAR,DAYLIGHT,PARKED MOTOR VEHICLE,NOT DIVIDED,2,"CURVE, LEVEL",DRY,NO DEFECTS,ON SCENE,NO INJURY / DRIVE AWAY,,,,"$501 - $1,500",4/20/2018 16:40,UNABLE TO DETERMINE,NOT APPLICABLE,2040,W,MAYPOLE AVE,1223,,,,,,,2,NO INDICATION OF INJURY,0,0,0,0,0,5,0,16,6,4,41.88413373,-87.67847813,POINT (-87.678478132347 41.884133729258)
ad756b773c2694a7fcf3222b561418feb39bda33b94209abc2668ff1a1bed35efc762f93d0b02ccd1be70cde3f6e40f8364d82fad56ffe993a96ff585d6f28f6,JE301950,,7/15/2021 3:46,30,NO CONTROLS,NO CONTROLS,UNKNOWN,DARKNESS,PEDESTRIAN,ONE-WAY,,STRAIGHT AND LEVEL,UNKNOWN,OTHER,ON SCENE,INJURY AND / OR TOW DUE TO CRASH,,,Y,$500 OR LESS,7/15/2021 7:08,UNABLE TO DETERMINE,UNABLE TO DETERMINE,8120,S,HOUSTON AVE,422,,Y,,,,,2,FATAL,1,1,0,0,0,1,0,3,5,7,41.74765213,-87.55054085,POINT (-87.550540848308 41.747652132378)
addecf6738525b728e45b21338df155a2d04b1bcfb8cb916bcd9fc2099d2f6ab308ed9615e31b5c62388c7bbf3d50c94c51dd1e889da934b9bc06b0967094509,JE300732,,7/14/2021 1:30,30,NO CONTROLS,NO CONTROLS,CLEAR,"DARKNESS, LIGHTED ROAD",PARKED MOTOR VEHICLE,ONE-WAY,,STRAIGHT AND LEVEL,DRY,NO DEFECTS,ON SCENE,INJURY AND / OR TOW DUE TO CRASH,,,Y,"OVER $1,500",7/14/2021 1:40,UNABLE TO DETERMINE,UNABLE TO DETERMINE,527,W,89TH ST,2223,,,,,,,2,,,,,,,,,1,4,7,41.73247917,-87.63737741,POINT (-87.637377409161 41.732479171257)
ac1ac1a42d31223317430497d11daab6fe6d5d72fbeab29f61cb80f38efc5036adb37c4077e5f85b7d525796010e8ae942b860781918aa2061d4c017f1f48b46,JB104264,,1/4/2018 13:31,25,NO CONTROLS,NO CONTROLS,CLEAR,DAYLIGHT,ANGLE,NOT DIVIDED,,STRAIGHT AND LEVEL,DRY,NO DEFECTS,ON SCENE,NO INJURY / DRIVE AWAY,,,,"OVER $1,500",1/4/2018 13:45,UNABLE TO DETERMINE,UNABLE TO DETERMINE,1514,W,JONQUIL TER,2422,,,,,,,2,NO INDICATION OF INJURY,0,0,0,0,0,2,0,13,5,1,42.02124842,-87.66885622,POINT (-87.668856221801 42.021248422782)
acbd1adaad283dc5f5c073210f1cbb752e936f69c00cbb44112f8319d3df90620115b3166eb00c403267da8e7f52590badb15bdb25b7a0190220ac9d8de55328,JB446978,,9/22/2018 22:15,30,UNKNOWN,UNKNOWN,CLEAR,DUSK,REAR END,NOT DIVIDED,6,STRAIGHT AND LEVEL,DRY,UNKNOWN,NOT ON SCENE (DESK REPORT),NO INJURY / DRIVE AWAY,,,,"$501 - $1,500",9/22/2018 22:45,NOT APPLICABLE,UNABLE TO DETERMINE,1659,W,OGDEN AVE,1224,,,,,,,2,NO INDICATION OF INJURY,0,0,0,0,0,2,0,22,7,9,41.87943051,-87.66831238,POINT (-87.668312382326 41.879430511003)
abf2c24fc176aabeaced1b9e7a85590252caf5fd1a02c285cdb5c2a89e7ec8bffbbc8611c8e1e240318e162a7405b5802d33311f06a660179247e3325a9fef39,JA169440,,2/24/2017 9:00,30,NO CONTROLS,NO CONTROLS,CLEAR,DAYLIGHT,PARKED MOTOR VEHICLE,PARKING LOT,,STRAIGHT AND LEVEL,DRY,NO DEFECTS,,NO INJURY / DRIVE AWAY,,,,"OVER $1,500",2/27/2017 22:27,NOT APPLICABLE,NOT APPLICABLE,2944,W,47TH ST,922,,,,,,,2,NO INDICATION OF INJURY,0,0,0,0,0,2,0,9,6,2,41.80832199,-87.6984052,POINT (-87.69840519824 41.808321986697)
ae5d47ae9e8039353dadf1aca8be30f5a52d17f6f4e05939550215799586de693f4b18573a3772fa2fc7899413fe90018bc492d6c5bdb30d25b5f098b8adeee5,JD392510,,10/8/2020 9:07,25,NO CONTROLS,NO CONTROLS,CLEAR,DAYLIGHT,PEDESTRIAN,ALLEY,,STRAIGHT AND LEVEL,DRY,NO DEFECTS,ON SCENE,NO INJURY / DRIVE AWAY,,,Y,$500 OR LESS,10/8/2020 9:21,UNABLE TO DETERMINE,UNABLE TO DETERMINE,1549,N,KOLIN AVE,2534,,,,,,,2,NO INDICATION OF INJURY,0,0,0,0,0,2,0,9,5,10,41.90914605,-87.73494694,POINT (-87.734946939616 41.909146051987)
ae1c0217f38135597e178d79ab467ec080367fbec0e7f42a4d8be9513f834060051c5d770ff4e778b51ef906d39a302c3e8e4f6370857ca7504944de4a9fe2a3,JE370819,Y,9/12/2021 13:40,30,NO CONTROLS,NO CONTROLS,CLEAR,DAYLIGHT,PEDESTRIAN,NOT DIVIDED,,STRAIGHT AND LEVEL,DRY,NO DEFECTS,,NO INJURY / DRIVE AWAY,,,,$500 OR LESS,9/12/2021 14:20,UNABLE TO DETERMINE,UNABLE TO DETERMINE,1600,E,79TH ST,411,,,,,,,2,NO INDICATION OF INJURY,0,0,0,0,0,2,0,13,1,9,41.75161152,-87.58559228,POINT (-87.585592284288 41.751611523273)
acb813f89813444f614d840897d6ecde95e694f486ac1d9d0b2cf0f0f425ef5d1946036023cc4a93129df478b85b4ae7419c95b15c674e42e4e82d45f5467506,JB119633,,1/16/2018 15:00,30,UNKNOWN,UNKNOWN,UNKNOWN,UNKNOWN,TURNING,NOT DIVIDED,,STRAIGHT AND LEVEL,UNKNOWN,UNKNOWN,NOT ON SCENE (DESK REPORT),NO INJURY / DRIVE AWAY,,,,"OVER $1,500",1/17/2018 18:01,UNABLE TO DETERMINE,NOT APPLICABLE,5198,W,ADDISON ST,1634,,,,,,,2,NO INDICATION OF INJURY,0,0,0,0,0,2,0,15,3,1,41.94611233,-87.75680271,POINT (-87.756802710219 41.94611232654)
ad19c63a794f55254fdc81b3da2f7f089f65fa4629da1cba1bc9c7aff88ec025e56a698dcba50b9dece7442038bbfeda5ccafd82535173a4bc49da4ca420f37d,JB423719,,9/5/2018 18:20,30,UNKNOWN,UNKNOWN,UNKNOWN,UNKNOWN,REAR END,UNKNOWN,,STRAIGHT AND LEVEL,UNKNOWN,UNKNOWN,NOT ON SCENE (DESK REPORT),NO INJURY / DRIVE AWAY,,,,"OVER $1,500",9/5/2018 18:36,UNABLE TO DETERMINE,NOT APPLICABLE,5900,W,LAWRENCE AVE,1622,,,,,,,2,NO INDICATION OF INJURY,0,0,0,0,0,4,0,18,4,9,41.96779433,-87.77494369,POINT (-87.774943685939 41.967794327288)
ad7acb8196b341157e2aa3bba9ec28f66d7166b20b519542a27a3f6c27120ca60843a68d32fa55b48c5f05c079cea904780988f368bab7f2d2e583ff40b4dbb2,JD199818,,4/1/2020 16:16,15,NO CONTROLS,NO CONTROLS,CLEAR,DAYLIGHT,REAR TO REAR,PARKING LOT,,STRAIGHT AND LEVEL,DRY,UNKNOWN,ON SCENE,NO INJURY / DRIVE AWAY,,,Y,$500 OR LESS,4/1/2020 16:57,UNABLE TO DETERMINE,NOT APPLICABLE,2953,W,HARRISON ST,1135,,,,,,,2,NO INDICATION OF INJURY,0,0,0,0,0,3,0,16,4,4,41.87364043,-87.70065995,POINT (-87.700659950608 41.873640426805)
aeddf6d2effee7fc1de7655e3697203065926feb82c23c9e9f528365cf89c194539ad454406b807e0a8ff1dadca14a341dbac75536c3effd51e8aeb836a57016,JD417758,,11/1/2020 15:02,30,NO CONTROLS,NO CONTROLS,CLEAR,DAYLIGHT,PARKED MOTOR VEHICLE,ONE-WAY,,STRAIGHT AND LEVEL,DRY,NO DEFECTS,ON SCENE,NO INJURY / DRIVE AWAY,,,,"$501 - $1,500",11/1/2020 15:15,UNABLE TO DETERMINE,UNABLE TO DETERMINE,3150,W,ARGYLE ST,1713,,,,,,,3,NO INDICATION OF INJURY,0,0,0,0,0,2,0,15,1,11,41.97220311,-87.70820536,POINT (-87.708205355369 41.972203111619)
acc94f63f582e30051c3cd35e9a411ac925ce6dcb07819c382f3e97107bddfeb28354d198f3e52ddfd77d654144862ef4f52ecdbfb4460fea522f4b0d7e1c249,JE264562,,6/13/2021 15:29,30,NO CONTROLS,NO CONTROLS,CLEAR,DAYLIGHT,REAR END,NOT DIVIDED,,STRAIGHT AND LEVEL,DRY,NO DEFECTS,ON SCENE,NO INJURY / DRIVE AWAY,,,,$500 OR LESS,6/13/2021 15:29,FOLLOWING TOO CLOSELY,NOT APPLICABLE,421,E,87TH ST,632,,,,,,,2,NO INDICATION OF INJURY,0,0,0,0,0,5,0,15,1,6,41.73640558,-87.61367575,POINT (-87.613675754052 41.736405583548)
aba80a0ecd22a5618b9bc1678d9bf8aa67c3a82c5d1cae484d39c24ac4c7c6aeb518985085299e20dadde42d611cbede080b3e237dfaa0b29ce31f11f703c4b6,JB235872,,4/24/2018 10:30,30,NO CONTROLS,NO CONTROLS,CLEAR,DAYLIGHT,PARKED MOTOR VEHICLE,NOT DIVIDED,,STRAIGHT AND LEVEL,DRY,NO DEFECTS,ON SCENE,NO INJURY / DRIVE AWAY,,,,$500 OR LESS,4/24/2018 10:50,UNABLE TO DETERMINE,UNABLE TO DETERMINE,4400,W,45TH ST,815,,,,,,,2,NO INDICATION OF INJURY,0,0,0,0,0,3,0,10,3,4,41.81151288,-87.73358268,POINT (-87.73358268379 41.811512877369)
abe592c59e453de454a150b84071588b9a57587459b489353ae05094a3e9d2232cbd460092f111ab98ba06d5f77d4bc0947d0a4ac9c12b45de80dc07f502b50a,JF185850,,3/25/2022 7:20,30,TRAFFIC SIGNAL,FUNCTIONING PROPERLY,RAIN,DAYLIGHT,REAR END,ONE-WAY,,STRAIGHT AND LEVEL,WET,UNKNOWN,ON SCENE,INJURY AND / OR TOW DUE TO CRASH,,,,"OVER $1,500",3/25/2022 7:40,NOT APPLICABLE,NOT APPLICABLE,505,E,ILLINOIS ST,1834,,,,,,,2,"REPORTED, NOT EVIDENT",1,0,0,0,1,1,0,7,6,3,41.89099213,-87.61491067,POINT (-87.614910669224 41.890992127159)
ac9b9d04fa229511f8daee2c2cd7a581042ff8ce08674b3587bb42ba11582980d3c016f9186c4925e17c230d77ff9ff02f51ed823e40c5135d61a2c3ccc7055e,JD156832,,2/18/2020 21:24,30,UNKNOWN,UNKNOWN,CLEAR,"DARKNESS, LIGHTED ROAD",PARKED MOTOR VEHICLE,ALLEY,,STRAIGHT AND LEVEL,DRY,NO DEFECTS,ON SCENE,NO INJURY / DRIVE AWAY,,,,$500 OR LESS,2/18/2020 21:30,UNABLE TO DETERMINE,NOT APPLICABLE,801,W,RANDOLPH ST,1224,,,,,,,2,NO INDICATION OF INJURY,0,0,0,0,0,1,0,21,3,2,41.88429596,-87.64749214,POINT (-87.64749214373 41.884295959832)
ac64eb58cbcfd6ac5c9b2640d1c8a7ca43e246f237ad88e1be64773fc8858e4610d28ad897ab524faa9690ee16c528b380705b05ed4cf77cbc9cd99bd937d023,JC321317,,6/25/2019 11:30,10,NO CONTROLS,NO CONTROLS,CLEAR,DAYLIGHT,FIXED OBJECT,PARKING LOT,,STRAIGHT AND LEVEL,DRY,NO DEFECTS,ON SCENE,NO INJURY / DRIVE AWAY,,Y,,"OVER $1,500",6/25/2019 13:37,UNABLE TO DETERMINE,UNABLE TO DETERMINE,3250,N,KEDZIE AVE,1733,,,,,,,1,NO INDICATION OF INJURY,0,0,0,0,0,1,0,11,3,6,41.94073083,-87.70780995,POINT (-87.707809945294 41.940730824539)
b0f919b282ea66c1ff55edf8b37bfa1cd71ba1e6bc6628f30631c7ab50b44d181697ab5793aef252d55ffe3c23b6a8395a636518e35d48c18803090eb1de35d5,JD243609,,5/26/2020 16:38,30,NO CONTROLS,NO CONTROLS,CLEAR,DAYLIGHT,REAR END,NOT DIVIDED,,STRAIGHT AND LEVEL,DRY,UNKNOWN,ON SCENE,NO INJURY / DRIVE AWAY,,,,$500 OR LESS,5/26/2020 16:38,UNABLE TO DETERMINE,UNABLE TO DETERMINE,376,N,CICERO AVE,1532,,,,,,,2,NO INDICATION OF INJURY,0,0,0,0,0,2,0,16,3,5,41.88741847,-87.74568077,POINT (-87.74568076855 41.887418473701)
b22880f83104f76b79c4e64a3508bc66ab833193d159ca7d549e606d133af610417c3ce8950bfc850807d1fb864c64996715f8cc33384f572c2d9207174512bf,JA404823,,8/24/2017 16:30,30,NO CONTROLS,NO CONTROLS,CLEAR,DAYLIGHT,REAR END,NOT DIVIDED,,STRAIGHT AND LEVEL,DRY,NO DEFECTS,NOT ON SCENE (DESK REPORT),NO INJURY / DRIVE AWAY,,,Y,"$501 - $1,500",8/24/2017 19:14,NOT APPLICABLE,NOT APPLICABLE,4200,S,PULASKI RD,815,,,,,,,2,NO INDICATION OF INJURY,0,0,0,0,0,3,0,16,5,8,41.81690171,-87.72405154,POINT (-87.724051536308 41.816901707548)
af973859343a7327489c9adc9f267192336f601f42599e8ff1845772300a55ecad4d4ec6b9b62cf7750ea9bfb57540d03a771d2f001d8ef7091b7f07b08932c2,JB221957,,4/13/2018 5:08,30,NO CONTROLS,NO CONTROLS,CLEAR,"DARKNESS, LIGHTED ROAD",OTHER OBJECT,DIVIDED - W/MEDIAN BARRIER,4,STRAIGHT AND LEVEL,DRY,NO DEFECTS,ON SCENE,INJURY AND / OR TOW DUE TO CRASH,,N,N,"OVER $1,500",4/13/2018 5:17,UNABLE TO DETERMINE,UNABLE TO DETERMINE,1734,E,71ST ST,332,,,,,,,1,,,,,,,,,5,6,4,41.76628981,-87.58231129,POINT (-87.582311289947 41.76628980462)
b06553b168173ae54f42a054274fa3c40687c5a79c24fcaf26ae7da552a8562e56be8256293ff9da54da97242b37d532ab3fdb2263a8fef276733f1b9b05192d,JA146348,,2/8/2017 7:50,30,UNKNOWN,UNKNOWN,UNKNOWN,UNKNOWN,ANGLE,UNKNOWN,4,STRAIGHT AND LEVEL,UNKNOWN,UNKNOWN,NOT ON SCENE (DESK REPORT),NO INJURY / DRIVE AWAY,,,,"OVER $1,500",2/8/2017 14:20,UNABLE TO DETERMINE,NOT APPLICABLE,3500,N,CICERO AVE,1634,,,,,,,2,NO INDICATION OF INJURY,0,0,0,0,0,2,0,7,4,2,41.944317,-87.74716146,POINT (-87.747161464123 41.944316997932)
afec7b62ecbee5b6091cc548ea2c01255b013ef122eda4a9033832a28d878043b88d66245bbbcb99380b36f21045dc0e08c9781b351e68f044ec43e80c520f48,JC384199,,8/8/2019 15:35,30,STOP SIGN/FLASHER,OTHER,CLEAR,DAYLIGHT,TURNING,NOT DIVIDED,,STRAIGHT AND LEVEL,DRY,NO DEFECTS,ON SCENE,NO INJURY / DRIVE AWAY,N,,,"OVER $1,500",8/8/2019 15:45,OBSTRUCTED CROSSWALKS,UNABLE TO DETERMINE,2159,W,21ST PL,1234,,,,,,,2,NO INDICATION OF INJURY,0,0,0,0,0,3,0,15,5,8,41.85291138,-87.68063964,POINT (-87.68063964111 41.852911377335)
afbde44f90ee3905e9fa6dc1ff3588364d6e3ffa5caea6dfc5b3ce6cb5d2bac149b3c2103865cf3aecd49dd67090708e6b213cf00d6fa02d4699fa5da0f9f84e,JE294766,,7/8/2021 14:30,10,NO CONTROLS,NO CONTROLS,CLOUDY/OVERCAST,DAYLIGHT,FIXED OBJECT,OTHER,,STRAIGHT AND LEVEL,DRY,NO DEFECTS,ON SCENE,NO INJURY / DRIVE AWAY,,,Y,"$501 - $1,500",7/8/2021 16:00,NOT APPLICABLE,NOT APPLICABLE,5050,W,55TH ST,814,,,,,,,1,NO INDICATION OF INJURY,0,0,0,0,0,1,0,14,5,7,41.79303724,-87.74964063,POINT (-87.749640626497 41.793037242627)
b113c30f592e42d74560267f4294772c26ba153ec06fa37598b0d2cf3d0a9046471cede7ae3333cd4e33b779109fd03db3598983b6a4cf791d27efdcbd525108,JB319099,,6/23/2018 11:00,15,NO CONTROLS,UNKNOWN,CLEAR,DAYLIGHT,PARKED MOTOR VEHICLE,PARKING LOT,2,STRAIGHT AND LEVEL,DRY,NO DEFECTS,ON SCENE,NO INJURY / DRIVE AWAY,,Y,,"$501 - $1,500",6/23/2018 11:15,NOT APPLICABLE,NOT APPLICABLE,4620,S,DAMEN AVE,924,,,,,,,2,NO INDICATION OF INJURY,0,0,0,0,0,1,0,11,7,6,41.80966853,-87.6751157,POINT (-87.675115696387 41.809668528007)
b0b05a51212f83f3b14f6b3c03ee37f9db8a01f6e8532e9d1e65f4d3d2a07c8429d27751a107f2eeaa61ee96d95017d14bd08df7be0627faed52a838eebb9012,JB356892,,7/18/2018 22:00,25,NO CONTROLS,NO CONTROLS,CLEAR,DARKNESS,ANGLE,ALLEY,1,STRAIGHT AND LEVEL,DRY,NO DEFECTS,NOT ON SCENE (DESK REPORT),NO INJURY / DRIVE AWAY,,,Y,"OVER $1,500",7/19/2018 20:00,NOT APPLICABLE,NOT APPLICABLE,913,N,ROCKWELL ST,1211,,,,,,,2,NO INDICATION OF INJURY,0,0,0,0,0,2,0,22,4,7,41.89796906,-87.69168081,POINT (-87.691680814485 41.897969063808)
b24dc42658cd40e814623322fc2ef36f49bbc407fe25244a791f1e5e5920054df89c58503e877acf108f640129b6cf10a01bf8fc9aa976b1e3fd7d3d1477b73d,JE272312,,6/19/2021 19:23,35,TRAFFIC SIGNAL,UNKNOWN,CLEAR,DAYLIGHT,TURNING,FOUR WAY,,STRAIGHT AND LEVEL,DRY,UNKNOWN,ON SCENE,NO INJURY / DRIVE AWAY,Y,,Y,"OVER $1,500",6/19/2021 19:40,UNABLE TO DETERMINE,UNABLE TO DETERMINE,1601,W,NORTH AVE,1433,,,,,,,2,NO INDICATION OF INJURY,0,0,0,0,0,2,0,19,7,6,41.91051964,-87.66774969,POINT (-87.667749686328 41.910519635296)
af1dce1069b0576eaf5ff15056d0b5d05963859f9e48890ac62e574589182a4febeb454e880b7303926ff18fcd20ab8b8a26e0fc22c591022b3551421d8b4e98,JB414190,,8/29/2018 17:20,30,NO CONTROLS,NO CONTROLS,CLEAR,DAYLIGHT,PARKED MOTOR VEHICLE,RAMP,,STRAIGHT AND LEVEL,DRY,NO DEFECTS,NOT ON SCENE (DESK REPORT),NO INJURY / DRIVE AWAY,,,,"OVER $1,500",8/29/2018 19:15,DRIVING SKILLS/KNOWLEDGE/EXPERIENCE,UNABLE TO DETERMINE,1,W,TERMINAL ST,1651,,,,,,,2,NO INDICATION OF INJURY,0,0,0,0,0,2,0,17,4,8,,,
af0baefcc31751e28cddf8f2b3cc86bd115a98cd9e6a6dde85b14d118bc819fbf09768c3e6bac38021fcee232cb4ae09f6f5a6a3a75f06648de472d811d07ec8,JC228986,,4/18/2019 11:05,30,NO CONTROLS,NO CONTROLS,RAIN,DAYLIGHT,PEDESTRIAN,ONE-WAY,,STRAIGHT AND LEVEL,WET,NO DEFECTS,ON SCENE,INJURY AND / OR TOW DUE TO CRASH,,,,$500 OR LESS,4/18/2019 11:18,NOT APPLICABLE,WEATHER,7944,S,CHAMPLAIN AVE,624,,,,,,,2,NONINCAPACITATING INJURY,1,0,0,1,0,1,0,11,5,4,41.74988077,-87.60898036,POINT (-87.608980358956 41.749880771603)