CRASH_RECORD_ID,RD_NO,CRASH_DATE_EST_I,CRASH_DATE,POSTED_SPEED_LIMIT,TRAFFIC_CONTROL_DEVICE,DEVICE_CONDITION,WEATHER_CONDITION,LIGHTING_CONDITION,FIRST_CRASH_TYPE,TRAFFICWAY_TYPE,LANE_CNT,ALIGNMENT,ROADWAY_SURFACE_COND,ROAD_DEFECT,REPORT_TYPE,CRASH_TYPE,INTERSECTION_RELATED_I,NOT_RIGHT_OF_WAY_I,HIT_AND_RUN_I,DAMAGE,DATE_POLICE_NOTIFIED,PRIM_CONTRIBUTORY_CAUSE,SEC_CONTRIBUTORY_CAUSE,STREET_NO,STREET_DIRECTION,STREET_NAME,BEAT_OF_OCCURRENCE,PHOTOS_TAKEN_I,STATEMENTS_TAKEN_I,DOORING_I,WORK_ZONE_I,WORK_ZONE_TYPE,WORKERS_PRESENT_I,NUM_UNITS,MOST_SEVERE_INJURY,INJURIES_TOTAL,INJURIES_FATAL,INJURIES_INCAPACITATING,INJURIES_NON_INCAPACITATING,INJURIES_REPORTED_NOT_EVIDENT,INJURIES_NO_INDICATION,INJURIES_UNKNOWN,CRASH_HOUR,CRASH_DAY_OF_WEEK,CRASH_MONTH,LATITUDE,LONGITUDE,LOCATION
aff493610799a9c7290b359b37235da945b20b7878c975f0bd4c8758376292d1e4773ff55673c23a11d1db3d7179fe7f8e49848544ae021b28e4b73363b09206,JE493713,,12/28/2021 13:30,30,TRAFFIC SIGNAL,FUNCTIONING PROPERLY,SNOW,DAYLIGHT,REAR END,FOUR WAY,,STRAIGHT AND LEVEL,SNOW OR SLUSH,NO DEFECTS,NOT ON SCENE (DESK REPORT),NO INJURY / DRIVE AWAY,,,Y,"OVER $1,500",12/31/2021 10:30,WEATHER,WEATHER,1199,E,75TH ST,624,,,,,,,2,NO INDICATION OF INJURY,0,0,0,0,0,2,0,13,3,12,41.75858596,-87.59567328,POINT (-87.595673277515 41.758585954934)
b1854938268eb374491412967f003a98e62823f131afb52dbe30a7e474d351421726fab67b15374c0247631abfa9016217d736febd5934cb1143eceeb7ba9a07,JE401146,,10/7/2021 9:10,30,NO CONTROLS,NO CONTROLS,RAIN,DAYLIGHT,FIXED OBJECT,ONE-WAY,,CURVE ON HILLCREST,WET,UNKNOWN,ON SCENE,INJURY AND / OR TOW DUE TO CRASH,,,,"OVER $1,500",10/7/2021 9:11,WEATHER,NOT APPLICABLE,635,N,LAKE SHORE DR,1834,,,,,,,1,NO INDICATION OF INJURY,0,0,0,0,0,1,0,9,5,10,41.8936316,-87.61480795,POINT (-87.614807951174 41.893631598407)
afef5249b973e0152adcdcf38202dd2f2b2083ce35547d80f89045a78c7bd2c46ebfb59ef2042bc03eba03bbfc21f02fb5da6c0f6074d0adc969d6e2a4c93ba7,JA314830,,6/20/2018 9:50,30,NO CONTROLS,NO CONTROLS,CLEAR,DAYLIGHT,ANGLE,ONE-WAY,,STRAIGHT AND LEVEL,WET,NO DEFECTS,ON SCENE,NO INJURY / DRIVE AWAY,,,,"OVER $1,500",6/20/2018 9:51,IMPROPER BACKING,IMPROPER BACKING,1836,W,RICE ST,1212,,,,,,,2,NO INDICATION OF INJURY,0,0,0,0,0,2,0,9,4,6,41.89698736,-87.67368944,POINT (-87.673689437032 41.896987358038)
b1b20e4ba78a3d408da2fc76c1b928975cfcdd48a3801a8794f1216d16c412ea94e679029d108b6c2a9fe885d7786a3d0b7724cd48c2b994a5d3d62e124c8bc4,JA544625,,12/11/2017 7:50,0,STOP SIGN/FLASHER,NO CONTROLS,CLEAR,DAYLIGHT,ANGLE,OTHER,,STRAIGHT AND LEVEL,DRY,NO DEFECTS,ON SCENE,NO INJURY / DRIVE AWAY,,,Y,"$501 - $1,500",12/11/2017 7:59,UNABLE TO DETERMINE,UNABLE TO DETERMINE,3700,N,KEELER AVE,1731,,,,,,,2,NO INDICATION OF INJURY,0,0,0,0,0,2,0,7,2,12,41.94822516,-87.73246209,POINT (-87.732462084545 41.948225161921)
b1501b0a18e8e643bd614395b207f5cc3841211ddba2a6d2b1cbc67a94797981e39ddaaaf50e5ce83fa223dc11c1d2133fd189906643161981f4f42a12e72553,JA521931,,11/22/2017 16:20,30,NO CONTROLS,NO CONTROLS,CLEAR,DAYLIGHT,ANGLE,NOT DIVIDED,,STRAIGHT AND LEVEL,DRY,NO DEFECTS,NOT ON SCENE (DESK REPORT),NO INJURY / DRIVE AWAY,,,,"OVER $1,500",11/22/2017 17:08,NOT APPLICABLE,NOT APPLICABLE,6200,S,KEDZIE AVE,823,,,,,,,2,NO INDICATION OF INJURY,0,0,0,0,0,2,0,16,4,11,41.78074785,-87.70333294,POINT (-87.703332937155 41.78074785433)
b246c6b5c4d0908b1eb2b882ca1633db2fdf40ab056f14c882d1498fccb973f6dd01b85ace3abf95b5789590db2fe9ea26ddb7c7938f4f46faac729428fe95ad,JD284396,,7/2/2020 23:10,35,NO CONTROLS,NO CONTROLS,CLEAR,DAYLIGHT,PARKED MOTOR VEHICLE,NOT DIVIDED,,STRAIGHT AND LEVEL,DRY,NO DEFECTS,ON SCENE,NO INJURY / DRIVE AWAY,,,Y,"$501 - $1,500",7/3/2020 11:21,NOT APPLICABLE,NOT APPLICABLE,2631,E,105TH ST,434,,,,,,,2,NO INDICATION OF INJURY,0,0,0,0,0,1,0,23,5,7,41.70447432,-87.55968983,POINT (-87.559689826698 41.704474315353)
afd02a56ff6abab3727db28d1112985391da7798721a9baa2552fe5a6cfb8ffa50a41b7efbf113fe4584dba9bc7a7f428a42a63ef9368d953bcbe0567339dfe9,JD404606,,10/18/2020 18:25,30,NO CONTROLS,NO CONTROLS,RAIN,DUSK,REAR END,NOT DIVIDED,,STRAIGHT AND LEVEL,WET,NO DEFECTS,NOT ON SCENE (DESK REPORT),NO INJURY / DRIVE AWAY,,,,"$501 - $1,500",10/19/2020 18:30,NOT APPLICABLE,NOT APPLICABLE,3350,W,47TH ST,821,,,,,,,2,NO INDICATION OF INJURY,0,0,0,0,0,2,0,18,1,10,41.80817261,-87.70848389,POINT (-87.708483889951 41.808172614433)
afaae27a5bcfa52871088a245b2688162472cd771c47af63a6c08719ac8ce427b9f8037ea4e13b102b427d5235e11266a19ce35c90392f5aa4c7031c6b847d96,JD221521,,5/1/2020 0:00,0,UNKNOWN,UNKNOWN,UNKNOWN,UNKNOWN,FIXED OBJECT,UNKNOWN,,STRAIGHT AND LEVEL,UNKNOWN,UNKNOWN,ON SCENE,NO INJURY / DRIVE AWAY,,,,$500 OR LESS,5/1/2020 0:00,NOT APPLICABLE,NOT APPLICABLE,200,W,MONROE ST,122,,,,,,,1,NO INDICATION OF INJURY,0,0,0,0,0,1,0,0,6,5,41.88076896,-87.63387497,POINT (-87.633874974095 41.880768960918)
b1c86b2385f8082ab2f0ebfcc874e5c5b14167110b0ed13e080bad9fbaf09d57cfbc55f12edcafde802906829951461384bd2b492f81f35b79fa053cf2cc5f68,JD112135,,1/11/2020 13:30,20,NO CONTROLS,NO CONTROLS,SLEET/HAIL,DAYLIGHT,SIDESWIPE SAME DIRECTION,ONE-WAY,,STRAIGHT AND LEVEL,WET,NO DEFECTS,ON SCENE,NO INJURY / DRIVE AWAY,,,,"$501 - $1,500",1/11/2020 13:35,UNABLE TO DETERMINE,UNABLE TO DETERMINE,5,W,TERMINAL ST,1655,,,,,,,2,NO INDICATION OF INJURY,0,0,0,0,0,2,0,13,7,1,,,
b2479534e11edb0a68bb9567a1bfa09559d4343e86607732b18778f490f2b5021b0a3a06063e6225f3fc18ae98396eefcd4d5fc509653d28f84379c4c3923772,JE385929,,9/24/2021 15:42,30,NO CONTROLS,NO CONTROLS,CLEAR,DAYLIGHT,REAR END,NOT DIVIDED,,STRAIGHT AND LEVEL,DRY,NO DEFECTS,NOT ON SCENE (DESK REPORT),NO INJURY / DRIVE AWAY,,,Y,"$501 - $1,500",9/24/2021 16:48,NOT APPLICABLE,NOT APPLICABLE,5694,S,ARCHER AVE,814,,,,,,,2,NO INDICATION OF INJURY,0,0,0,0,0,3,0,15,6,9,41.79713203,-87.75391597,POINT (-87.753915965842 41.797132033231)
af8fa5c9b94d98a0e543ef2cbbed2c5dd714d41d16edd3d7751690b5022566340e7f90892f04148c9f49858efa09a020c99339f20c78c4c660213677597d2f8b,JB477022,,10/15/2018 17:30,30,STOP SIGN/FLASHER,OTHER,CLEAR,DAYLIGHT,ANGLE,UNKNOWN,2,STRAIGHT AND LEVEL,DRY,UNKNOWN,,INJURY AND / OR TOW DUE TO CRASH,Y,,,"OVER $1,500",10/15/2018 20:00,UNABLE TO DETERMINE,NOT APPLICABLE,530,N,UNION AVE,1214,,,,,,,2,NONINCAPACITATING INJURY,1,0,0,1,0,1,0,17,2,10,41.89223769,-87.64599679,POINT (-87.645996788076 41.892237689568)
af0c5ee9263aad436acd4364ceef85c011f1ae3deaaf08643bf125a03b9b2468e3d3b03ab12a3dad184ce204cae0d2d5c46331add2d7193dcc8ef96afa53dd33,JF152827,,2/22/2022 16:00,20,OTHER,NO CONTROLS,RAIN,DAWN,PARKED MOTOR VEHICLE,ONE-WAY,,STRAIGHT AND LEVEL,WET,UNKNOWN,ON SCENE,NO INJURY / DRIVE AWAY,,,Y,"OVER $1,500",2/22/2022 18:00,NOT APPLICABLE,NOT APPLICABLE,8130,S,ESSEX AVE,422,,,,,,,2,NO INDICATION OF INJURY,0,0,0,0,0,1,0,16,3,2,41.74718966,-87.56388135,POINT (-87.563881350821 41.747189663687)
b181757fa58cbc3ee3a2ac77bea4a7724169e814f6ede1988cb5ee16d164f2772d03943c224efdcae374757e9313c16771eefcf959143926025468b4ba999372,JE161485,,3/7/2021 1:51,30,TRAFFIC SIGNAL,FUNCTIONING PROPERLY,CLEAR,"DARKNESS, LIGHTED ROAD",TURNING,T-INTERSECTION,,STRAIGHT AND LEVEL,DRY,NO DEFECTS,ON SCENE,INJURY AND / OR TOW DUE TO CRASH,Y,,,"OVER $1,500",3/7/2021 1:52,DISREGARDING TRAFFIC SIGNALS,UNABLE TO DETERMINE,8900,S,COLFAX AVE,423,,,,,,,2,"REPORTED, NOT EVIDENT",1,0,0,0,1,2,0,1,1,3,,,
b1247bca9f4e796ee5463fe4a91f2fcb1e210e4cd1c620fa7908aa31cbdcb03c2ad903533ed4d6519c5aec94cfc1a989b73261c7d5ff5b7127bd66eb587711da,JC370914,,7/30/2019 11:00,30,TRAFFIC SIGNAL,FUNCTIONING PROPERLY,CLEAR,DAYLIGHT,TURNING,DIVIDED - W/MEDIAN (NOT RAISED),,STRAIGHT AND LEVEL,DRY,NO DEFECTS,NOT ON SCENE (DESK REPORT),NO INJURY / DRIVE AWAY,Y,,,"$501 - $1,500",7/30/2019 11:30,IMPROPER TURNING/NO SIGNAL,IMPROPER OVERTAKING/PASSING,11,S,ASHLAND AVE,1224,,,,,,,2,NO INDICATION OF INJURY,0,0,0,0,0,3,0,11,3,7,,,
b203ca7015b106f50ca1c1ac9fa14018f077cf1ab7df6b49b7f99b81759b3d3f36258482712165b09275beba6a2560dd291a18de1717ad933e4963f19ee11974,JA388461,,8/12/2017 16:15,35,NO CONTROLS,NO CONTROLS,CLEAR,DAYLIGHT,REAR END,NOT DIVIDED,,STRAIGHT AND LEVEL,DRY,NO DEFECTS,ON SCENE,NO INJURY / DRIVE AWAY,Y,,,"$501 - $1,500",8/12/2017 17:00,UNABLE TO DETERMINE,UNABLE TO DETERMINE,4361,N,KEDZIE AVE,1724,,,,,,,2,NO INDICATION OF INJURY,0,0,0,0,0,3,0,16,7,8,41.96109872,-87.70809807,POINT (-87.708098068003 41.961098723691)
b46155dbcfc1c4018ba8933f396b04b20b0c228091b01816a389d8977440a094c56c8369cde1b145aca8ebe5811d7482c935f598d21d2bd30f8d45cd1006cf07,JE388033,,9/26/2021 14:55,30,NO CONTROLS,NO CONTROLS,CLEAR,DAYLIGHT,PARKED MOTOR VEHICLE,ONE-WAY,,STRAIGHT AND LEVEL,DRY,NO DEFECTS,ON SCENE,NO INJURY / DRIVE AWAY,,,,"$501 - $1,500",9/26/2021 15:29,UNABLE TO DETERMINE,DRIVING SKILLS/KNOWLEDGE/EXPERIENCE,141,S,CLARK ST,112,,,,,,,2,,,,,,,,,14,1,9,41.87965627,-87.63067969,POINT (-87.630679693579 41.879656273726)
b4ac93354fe814aa55a006d4bba3f14f802613b5ee35aa724813a3b761dc19d50720259faa1b140e1eea9788b6723a8bcbd2efe8fef3052cb3c0bc09fa5f433a,JC405937,,8/22/2019 13:10,30,TRAFFIC SIGNAL,FUNCTIONING PROPERLY,CLEAR,DAYLIGHT,REAR END,FOUR WAY,,STRAIGHT AND LEVEL,DRY,NO DEFECTS,,NO INJURY / DRIVE AWAY,,,Y,$500 OR LESS,8/24/2019 22:00,IMPROPER LANE USAGE,UNABLE TO DETERMINE,8700,S,ADA ST,2222,,,,,,,2,NO INDICATION OF INJURY,0,0,0,0,0,2,0,13,5,8,41.73578599,-87.65713119,POINT (-87.657131188694 41.735785991222)
b5621509f1ab70576b78cef57950eab509fbc15a7cafe92075667508e1e475d81d0d29411fc696ef7d3e621e14efbfabedc446e7c6de4135b36fbd5dc4077d59,JC354677,,7/16/2019 15:30,30,UNKNOWN,UNKNOWN,OTHER,UNKNOWN,TURNING,NOT DIVIDED,,STRAIGHT AND LEVEL,UNKNOWN,UNKNOWN,NOT ON SCENE (DESK REPORT),NO INJURY / DRIVE AWAY,,,,"OVER $1,500",7/18/2019 19:42,UNABLE TO DETERMINE,NOT APPLICABLE,7131,S,STONY ISLAND AVE,324,,,,,,,2,NO INDICATION OF INJURY,0,0,0,0,0,2,0,15,3,7,41.76510323,-87.58574868,POINT (-87.585748679706 41.765103230214)
b40be1504dff97bfe8f315a1933c5cedce998055175aba5dfeda773b20ea7a34a674e0307f9b970a4e5e0a67f5dd680df26b1eb33fd1d77a563bc441bb7a5d39,JD337502,,8/14/2020 13:14,20,NO CONTROLS,NO CONTROLS,CLEAR,DAYLIGHT,PARKED MOTOR VEHICLE,PARKING LOT,,STRAIGHT AND LEVEL,DRY,NO DEFECTS,NOT ON SCENE (DESK REPORT),NO INJURY / DRIVE AWAY,,,,$500 OR LESS,8/19/2020 7:30,IMPROPER BACKING,NOT APPLICABLE,450,W,OHARE ST,1654,,,,,,,2,NO INDICATION OF INJURY,0,0,0,0,0,1,0,13,6,8,,,
b2dd3c3a1ec0a8dd33b61ab44381a944602e21f694c0fb9a75a85747d0ec8395d68aafa51f4e92e9c28b044df3bc5ad2ffcde8b2d694073e506208513d97eebf,JF155521,,2/25/2022 10:00,30,STOP SIGN/FLASHER,FUNCTIONING PROPERLY,SNOW,DAYLIGHT,ANGLE,OTHER,,STRAIGHT AND LEVEL,SNOW OR SLUSH,NO DEFECTS,ON SCENE,NO INJURY / DRIVE AWAY,Y,,,"OVER $1,500",2/25/2022 10:07,WEATHER,NOT APPLICABLE,300,W,32ND ST,915,,,,,,,2,NO INDICATION OF INJURY,0,0,0,0,0,3,0,10,6,2,41.83647933,-87.63404831,POINT (-87.63404830543 41.836479330859)
b4e674459376c278f0af8d24984abd76a00b97158c187f92ca9817d70d248c114b986c2bb83bfd6f92ed4a1c0054a90a3e85b6395974afe41acd83b003183078,HZ136429,,2/1/2016 10:05,5,NO CONTROLS,NO CONTROLS,CLEAR,DAYLIGHT,ANGLE,PARKING LOT,1,STRAIGHT AND LEVEL,DRY,NO DEFECTS,NOT ON SCENE (DESK REPORT),NO INJURY / DRIVE AWAY,,Y,,"$501 - $1,500",2/1/2016 10:46,DRIVING SKILLS/KNOWLEDGE/EXPERIENCE,UNABLE TO DETERMINE,10900,E,DOTY AVE E,513,,,,,,,2,NO INDICATION OF INJURY,0,0,0,0,0,2,0,10,2,2,,,
b300620805165bd9558dadf3a63af945c8e273623a29111f7b308b1978744b55942c49cbd52ade2efd3c7f948e1ab9b1bae17adca9f9ac9ef5554d75a8f81d57,JA242996,Y,4/28/2017 16:00,30,NO CONTROLS,NO CONTROLS,CLEAR,DAYLIGHT,REAR END,NOT DIVIDED,,STRAIGHT AND LEVEL,DRY,NO DEFECTS,NOT ON SCENE (DESK REPORT),NO INJURY / DRIVE AWAY,,,,"$501 - $1,500",4/28/2017 17:22,FOLLOWING TOO CLOSELY,NOT APPLICABLE,560,N,COLUMBUS DR,1834,,,,,,,2,NO INDICATION OF INJURY,0,0,0,0,0,5,0,16,6,4,,,
b2d6cd2e7ad97ea2561077893eb2b02e56abbc6cd6739adb0a20b7b141357fdcdaa48907d33ef3eee39ebfc09e322e3a0cb515d807c7357e283c8dd6062d9150,JD340393,,8/21/2020 15:30,35,NO CONTROLS,NO CONTROLS,CLEAR,DAYLIGHT,REAR END,NOT DIVIDED,,STRAIGHT AND LEVEL,DRY,NO DEFECTS,ON SCENE,NO INJURY / DRIVE AWAY,,,,"OVER $1,500",8/21/2020 16:00,UNABLE TO DETERMINE,UNABLE TO DETERMINE,9050,S,ASHLAND AVE,2221,,,,,,,2,NO INDICATION OF INJURY,0,0,0,0,0,4,0,15,6,8,41.72879615,-87.66300654,POINT (-87.6630065429 41.728796145387)
b29ecf80f2eefad2a62259da4b36a8313997d3b6bddeddcb7da0aca428c6b10577478dae686febd94cdb72e6111532f4a3148eb4c6db5c6584ec11d918b3449d,JD168944,,2/29/2020 10:10,45,TRAFFIC SIGNAL,FUNCTIONING PROPERLY,CLEAR,DAYLIGHT,TURNING,FOUR WAY,,STRAIGHT AND LEVEL,DRY,NO DEFECTS,ON SCENE,INJURY AND / OR TOW DUE TO CRASH,Y,,,"OVER $1,500",2/29/2020 10:14,FAILING TO YIELD RIGHT-OF-WAY,DRIVING SKILLS/KNOWLEDGE/EXPERIENCE,10700,W,HIGGINS RD,1654,,,,,,,2,"REPORTED, NOT EVIDENT",1,0,0,0,1,1,0,10,7,2,,,
b34c3904aa157b389d8a0db15aa13c3eb29059da075dce54a22af2118847a527cfee2d5633fdb091c8eb05c9042853ce605f6f739f7d97fdf5c646d143cfbab5,JC225319,,4/15/2019 12:45,30,NO CONTROLS,NO CONTROLS,CLEAR,DAYLIGHT,REAR END,NOT DIVIDED,,STRAIGHT AND LEVEL,DRY,NO DEFECTS,ON SCENE,NO INJURY / DRIVE AWAY,,,Y,"OVER $1,500",4/15/2019 12:50,FOLLOWING TOO CLOSELY,NOT APPLICABLE,1200,W,DIVISION ST,1433,,,,,,,2,NO INDICATION OF INJURY,0,0,0,0,0,4,0,12,2,4,41.90361782,-87.65747364,POINT (-87.657473635421 41.903617817686)
b3aa23cd20738404856e20d1765809d24e68576bacfe8221edfc77b658f09d5a408446c5ea3f73be47c65e6549067a37e9bdeb08e52ad7631055cac257afc6e1,JE175622,,3/21/2021 20:15,30,NO CONTROLS,NO CONTROLS,CLEAR,DARKNESS,REAR END,NOT DIVIDED,,STRAIGHT AND LEVEL,DRY,NO DEFECTS,ON SCENE,NO INJURY / DRIVE AWAY,,,Y,"OVER $1,500",3/21/2021 20:20,UNABLE TO DETERMINE,UNABLE TO DETERMINE,5030,S,CICERO AVE,814,,,,,,,2,NO INDICATION OF INJURY,0,0,0,0,0,3,0,20,1,3,41.80120796,-87.74312757,POINT (-87.743127570959 41.801207959891)
b4487d361419982db663d861c1a0979357fa33b3b1f79da69b5e23f9c428cc327cef4a5ccaefc4e2a43fa8808fb866f90c90d1d7368a62d163f887a1f6ad9b76,JF196570,,4/4/2022 9:08,30,NO CONTROLS,NO CONTROLS,CLEAR,DAYLIGHT,PARKED MOTOR VEHICLE,NOT DIVIDED,,STRAIGHT AND LEVEL,WET,NO DEFECTS,ON SCENE,NO INJURY / DRIVE AWAY,,,,"OVER $1,500",4/4/2022 9:16,UNABLE TO DETERMINE,UNABLE TO DETERMINE,7515,S,PULASKI RD,833,,,,,,,2,NO INDICATION OF INJURY,0,0,0,0,0,1,0,9,2,4,41.75647108,-87.72202728,POINT (-87.722027283025 41.756471077326)
b46f58535f77fc00f9b94ef6f98134e1910d7ee4776e0e2a49efdc4b64f256e93ea459b80540c0e366703220759056d4852f2c65d8e3e053658ed8308e86ee77,JB262674,,5/14/2018 7:55,30,NO CONTROLS,NO CONTROLS,RAIN,DAYLIGHT,FIXED OBJECT,ALLEY,1,STRAIGHT AND LEVEL,WET,NO DEFECTS,ON SCENE,NO INJURY / DRIVE AWAY,,,Y,"OVER $1,500",5/14/2018 7:57,IMPROPER BACKING,UNABLE TO DETERMINE,2833,W,FLOURNOY ST,1135,,,,,,,1,NO INDICATION OF INJURY,0,0,0,0,0,1,0,7,2,5,41.87275676,-87.69741171,POINT (-87.697411705836 41.872756754801)
b279daf01ccd5ddf8de4a90a8572121c024194ef2d01a66d2af899b42e5a9c56c48c1540ce126a58670a397250b9a1308bd2f1ad82ac5411d2fe1c339d4fce00,JE140562,Y,2/13/2021 10:15,30,TRAFFIC SIGNAL,NO CONTROLS,SNOW,DAYLIGHT,REAR END,ONE-WAY,,STRAIGHT AND LEVEL,ICE,NO DEFECTS,NOT ON SCENE (DESK REPORT),NO INJURY / DRIVE AWAY,,,,"OVER $1,500",2/13/2021 11:15,WEATHER,WEATHER,8700,S,LOOMIS ST,2222,,Y,,,,,2,NO INDICATION OF INJURY,0,0,0,0,0,2,0,10,7,2,41.73576865,-87.65834927,POINT (-87.658349273218 41.735768653272)
b89da8e5aae34e762eb85beb4081f3a43beaa633ded545f9cf04ddca33a22f3757fb11bc24e1c46f7c8337aa517a71c46c923d87cbfd70d5c5870fbd7ce7a7d7,JE306953,,7/19/2021 17:01,15,NO CONTROLS,NO CONTROLS,CLEAR,DAYLIGHT,REAR TO FRONT,PARKING LOT,,STRAIGHT AND LEVEL,DRY,NO DEFECTS,ON SCENE,INJURY AND / OR TOW DUE TO CRASH,,N,,"OVER $1,500",7/19/2021 17:03,IMPROPER BACKING,NOT APPLICABLE,517,W,OHARE ST,1654,,,,,,,2,NO INDICATION OF INJURY,0,0,0,0,0,3,0,17,2,7,,,
b5ceeb076c2d4d63226fd1dcfa093a580e9fd9ace23b29c9bde3e5a845e33d04325483abe86ac539ae7ff972cd9e14dcb59dee4558aad6f2e340384eabc64eef,JE409410,,10/14/2021 12:00,10,OTHER WARNING SIGN,FUNCTIONING PROPERLY,CLEAR,DAYLIGHT,OTHER NONCOLLISION,DIVIDED - W/MEDIAN BARRIER,,STRAIGHT AND LEVEL,DRY,NO DEFECTS,ON SCENE,INJURY AND / OR TOW DUE TO CRASH,,,,"OVER $1,500",10/14/2021 12:22,FAILING TO REDUCE SPEED TO AVOID CRASH,NOT APPLICABLE,8800,S,CHICAGO SKYWAY OB,412,,,,,,,1,NO INDICATION OF INJURY,0,0,0,0,0,1,0,12,5,10,,,
b80a5efc5576d373e6b2ccf1c0789141165b685c85e792573e722fc84f3c1b8628cb59b565ebb80c1a5b0df2ea2a793f7732610a777685d2993eca155e065e42,JC436116,,9/15/2019 23:24,30,UNKNOWN,UNKNOWN,CLEAR,DARKNESS,PARKED MOTOR VEHICLE,NOT DIVIDED,,STRAIGHT AND LEVEL,DRY,UNKNOWN,ON SCENE,INJURY AND / OR TOW DUE TO CRASH,,,Y,"OVER $1,500",9/16/2019 16:45,NOT APPLICABLE,NOT APPLICABLE,4936,N,KEDZIE AVE,1713,,Y,,,,,3,NO INDICATION OF INJURY,0,0,0,0,0,1,0,23,1,9,41.97137657,-87.70870127,POINT (-87.708701273935 41.971376573042)
b683f840fa60c722cafea8d5ac82ad05991981217304f85aa1d779d28e1026734db0f13e6abb15b6f66f0aff992940147e6a20d66549eac83daca3f5eac51bea,JC166084,,2/26/2019 7:45,20,NO CONTROLS,OTHER,SNOW,DUSK,ANGLE,ONE-WAY,1,STRAIGHT AND LEVEL,WET,NO DEFECTS,ON SCENE,INJURY AND / OR TOW DUE TO CRASH,Y,,,"OVER $1,500",2/26/2019 7:55,UNABLE TO DETERMINE,UNABLE TO DETERMINE,6413,N,LEAVITT ST,2412,,Y,,,,,3,NO INDICATION OF INJURY,0,0,0,0,0,2,0,7,3,2,41.99824389,-87.68487845,POINT (-87.684878445093 41.998243884841)
b5ea4534896f575bfa766617cbd185f17c5eb64bb1456df5ac9581d11fb5fa1196694b9f7b28238c9c802caaf1a988fb3a66c525c8816d76308a31ba3431fbec,JB422526,,9/4/2018 20:30,30,NO CONTROLS,NO CONTROLS,CLEAR,DARKNESS,REAR END,PARKING LOT,,STRAIGHT AND LEVEL,DRY,NO DEFECTS,NOT ON SCENE (DESK REPORT),NO INJURY / DRIVE AWAY,,,,"OVER $1,500",9/4/2018 21:50,IMPROPER BACKING,NOT APPLICABLE,1345,N,PULASKI RD,2535,,,,,,,2,NO INDICATION OF INJURY,0,0,0,0,0,2,0,20,3,9,41.90579384,-87.72625114,POINT (-87.726251137072 41.905793840339)
b7253c7eac70c691a7526b48f104415fb3da4d0b0a2690eb21fb9477ca2e3919bc3ac28ab51da7c139132dfc11a28f823dfcac8e0399a4a8e2806f4b4ef54092,JD420781,,11/4/2020 14:03,30,NO CONTROLS,NO CONTROLS,CLEAR,DAYLIGHT,PARKED MOTOR VEHICLE,PARKING LOT,,STRAIGHT AND LEVEL,DRY,NO DEFECTS,ON SCENE,NO INJURY / DRIVE AWAY,,,,"OVER $1,500",11/4/2020 14:47,UNABLE TO DETERMINE,NOT APPLICABLE,3101,W,26TH ST,1033,,,,,,,2,NO INDICATION OF INJURY,0,0,0,0,0,1,0,14,4,11,41.84443751,-87.70262831,POINT (-87.702628313945 41.844437504988)
b619ff6cfacf35b9351ed8526f6e05fb5f4eee7e832be68384d6a290cc45577839ef787606d415835792260a869dbf2cb33a7ddca66bc20ad1102d18e2b1125d,JC530788,,12/1/2019 15:40,15,NO CONTROLS,NO CONTROLS,RAIN,DAYLIGHT,PEDESTRIAN,ALLEY,,STRAIGHT AND LEVEL,WET,NO DEFECTS,,INJURY AND / OR TOW DUE TO CRASH,,,Y,$500 OR LESS,12/1/2019 15:42,UNABLE TO DETERMINE,NOT APPLICABLE,1020,W,HOLLYWOOD AVE,2022,,N,,,,,2,"REPORTED, NOT EVIDENT",1,0,0,0,1,1,0,15,1,12,41.98562545,-87.65617468,POINT (-87.656174681587 41.985625454458)
b83b5b2e3b6e905077612221f54b44ebc417d86d1b68cc024513a3c4c80cfccccf484807c1500ff14a3a325b892b31eaee384684be8a9be84383cd4fea8d9c92,JC393698,,8/15/2019 14:42,20,NO CONTROLS,NO CONTROLS,CLEAR,DAYLIGHT,PARKED MOTOR VEHICLE,ONE-WAY,,STRAIGHT AND LEVEL,DRY,NO DEFECTS,ON SCENE,NO INJURY / DRIVE AWAY,,,,"OVER $1,500",8/15/2019 15:01,UNABLE TO DETERMINE,UNABLE TO DETERMINE,4759,N,TROY ST,1713,,,,,,,2,,,,,,,,,14,5,8,41.96837685,-87.70710669,POINT (-87.707106689608 41.968376848568)
b88540348917078040b7244d3e7484873f10f8081c6f3c46ca3470d66f50cfbe01bcd1af91a851d10688250ada07372d0c20c94c73eea4bfa05cf5b6de4c568c,JD193249,,3/23/2020 13:00,25,UNKNOWN,UNKNOWN,CLEAR,DAYLIGHT,ANGLE,OTHER,,STRAIGHT AND LEVEL,DRY,NO DEFECTS,NOT ON SCENE (DESK REPORT),NO INJURY / DRIVE AWAY,,,,"$501 - $1,500",3/23/2020 13:15,UNABLE TO DETERMINE,NOT APPLICABLE,2609,N,MENARD AVE,2514,,,,,,,2,NO INDICATION OF INJURY,0,0,0,0,0,2,0,13,2,3,41.92787783,-87.77084328,POINT (-87.770843282091 41.927877834231)
b7856fbc05ba34dc5d4274a01f82221ff2faf48e535cffb0fe3f4127fde3bd100a218402b85ec921c347d09f047498719f8227b6fe81521824ef0d13d806dd76,JC228661,Y,4/12/2019 4:18,30,NO CONTROLS,NO CONTROLS,OTHER,UNKNOWN,FIXED OBJECT,UNKNOWN,1,STRAIGHT AND LEVEL,UNKNOWN,UNKNOWN,ON SCENE,NO INJURY / DRIVE AWAY,,,,"OVER $1,500",4/18/2019 1:11,UNABLE TO DETERMINE,UNABLE TO DETERMINE,5720,W,55TH ST,811,,,,,,,2,NO INDICATION OF INJURY,0,0,0,0,0,2,0,4,6,4,41.7927796,-87.76567665,POINT (-87.765676653573 41.792779598446)