CRASH_RECORD_ID,RD_NO,CRASH_DATE_EST_I,CRASH_DATE,POSTED_SPEED_LIMIT,TRAFFIC_CONTROL_DEVICE,DEVICE_CONDITION,WEATHER_CONDITION,LIGHTING_CONDITION,FIRST_CRASH_TYPE,TRAFFICWAY_TYPE,LANE_CNT,ALIGNMENT,ROADWAY_SURFACE_COND,ROAD_DEFECT,REPORT_TYPE,CRASH_TYPE,INTERSECTION_RELATED_I,NOT_RIGHT_OF_WAY_I,HIT_AND_RUN_I,DAMAGE,DATE_POLICE_NOTIFIED,PRIM_CONTRIBUTORY_CAUSE,SEC_CONTRIBUTORY_CAUSE,STREET_NO,STREET_DIRECTION,STREET_NAME,BEAT_OF_OCCURRENCE,PHOTOS_TAKEN_I,STATEMENTS_TAKEN_I,DOORING_I,WORK_ZONE_I,WORK_ZONE_TYPE,WORKERS_PRESENT_I,NUM_UNITS,MOST_SEVERE_INJURY,INJURIES_TOTAL,INJURIES_FATAL,INJURIES_INCAPACITATING,INJURIES_NON_INCAPACITATING,INJURIES_REPORTED_NOT_EVIDENT,INJURIES_NO_INDICATION,INJURIES_UNKNOWN,CRASH_HOUR,CRASH_DAY_OF_WEEK,CRASH_MONTH,LATITUDE,LONGITUDE,LOCATION
b8cf8a3f07167148025b3661b6366de7670c0b2a8ffaef782f11e71934708264c72d254173720c1c0cc4b99155641e9ae1437e0b33da6f29780ce5510c0fb1c0,JB257523,,5/10/2018 7:00,30,STOP SIGN/FLASHER,FUNCTIONING PROPERLY,CLEAR,DAYLIGHT,ANGLE,OTHER,0,STRAIGHT AND LEVEL,DRY,NO DEFECTS,ON SCENE,NO INJURY / DRIVE AWAY,Y,,,"$501 - $1,500",5/10/2018 7:20,NOT APPLICABLE,NOT APPLICABLE,6100,S,PULASKI RD,813,,,,,,,2,NO INDICATION OF INJURY,0,0,0,0,0,2,0,7,5,5,41.78224834,-87.72300817,POINT (-87.723008171535 41.782248339738)
b7e30c5c34b8fd288bd60905cac5921547d1d067cc771c3974b0e5ad81d010b7d540491cccdae22d3df729ecdf8b9d7bb58d2e26470dad261ae120925b6662fe,JC321089,Y,6/25/2019 10:46,30,NO CONTROLS,NO CONTROLS,CLEAR,DAYLIGHT,PARKED MOTOR VEHICLE,NOT DIVIDED,,STRAIGHT AND LEVEL,DRY,NO DEFECTS,ON SCENE,NO INJURY / DRIVE AWAY,,Y,,"OVER $1,500",6/25/2019 11:00,NOT APPLICABLE,NOT APPLICABLE,3145,W,AUGUSTA BLVD,1211,,,,,,,2,,,,,,,,,10,3,6,41.89909202,-87.70601504,POINT (-87.706015044145 41.899092015501)
b8b1d2ed0aa7a9bdc4a43f8438f22c18ab9c7225e5fc346fa96976dfb77d36ef5e2a40094e366b322b00de9484182543fa244f2eefd506b2d9dd0e553441ec02,JD397782,,10/12/2020 10:00,30,NO CONTROLS,NO CONTROLS,CLEAR,DAYLIGHT,REAR END,NOT DIVIDED,,STRAIGHT AND LEVEL,UNKNOWN,UNKNOWN,ON SCENE,NO INJURY / DRIVE AWAY,,,,"OVER $1,500",10/13/2020 9:20,UNABLE TO DETERMINE,UNABLE TO DETERMINE,448,E,87TH ST,632,,,,,,,2,NO INDICATION OF INJURY,0,0,0,0,0,2,0,10,2,10,41.73664085,-87.61260287,POINT (-87.612602873725 41.73664084968)
b785a30628c18ca0021de6f4b4dc9300bf2b4be921145920dec30a28bc3581dd1fca7a27bff310c96222d9a3c6cca55bf77d62673ea7edcf37d7263ed5bdd7b3,JE215041,,4/30/2021 14:00,30,TRAFFIC SIGNAL,FUNCTIONING PROPERLY,CLEAR,DAYLIGHT,REAR END,OTHER,,STRAIGHT AND LEVEL,DRY,NO DEFECTS,,NO INJURY / DRIVE AWAY,,,,"OVER $1,500",4/30/2021 14:40,UNABLE TO DETERMINE,NOT APPLICABLE,4400,W,47TH ST,815,,,,,,,2,NO INDICATION OF INJURY,0,0,0,0,0,2,0,14,6,4,41.80785605,-87.73343455,POINT (-87.733434550527 41.807856044504)
b84ec92918aeca5d692091b63291e7046b49f73f5efbe4c854702b3a7f79afcc22c7504199d812ef1e7201a286a806ffd2cb44dfca2ba4ee3bdc403cf3a98e5e,JB218626,,4/10/2018 17:00,30,NO CONTROLS,UNKNOWN,CLEAR,DAYLIGHT,REAR END,NOT DIVIDED,,STRAIGHT AND LEVEL,DRY,NO DEFECTS,ON SCENE,NO INJURY / DRIVE AWAY,,,,"OVER $1,500",4/10/2018 17:15,NOT APPLICABLE,NOT APPLICABLE,5627,N,CENTRAL AVE,1623,,,,,,,2,NO INDICATION OF INJURY,0,0,0,0,0,2,0,17,3,4,41.98374145,-87.76817913,POINT (-87.768179131126 41.983741445885)
b9527f6fd60b5b81c7a75a7b296d4e57d2d219489822e563e5b25220547464ece74205d84aba0e45131860f429c01451a21f8e47b7b37e03f03aec3666a6e80e,JA507679,,11/10/2017 17:09,25,NO CONTROLS,NO CONTROLS,SNOW,DAYLIGHT,PARKED MOTOR VEHICLE,ONE-WAY,1,STRAIGHT AND LEVEL,SNOW OR SLUSH,UNKNOWN,ON SCENE,NO INJURY / DRIVE AWAY,,,,"$501 - $1,500",11/11/2017 10:53,WEATHER,NOT APPLICABLE,4659,N,RAVENSWOOD AVE,1912,,,,,,,2,NO INDICATION OF INJURY,0,0,0,0,0,1,0,17,6,11,41.96690706,-87.67397288,POINT (-87.673972875418 41.966907054737)
bf9431ad4bbbed855563ed5fc80bf056af53b48849d670ff939c290aae508ef0caeaa52c87d6eb9ba95145fd888ca3bad83be2b5df79937ec4a8df693caf45a3,JD187690,,3/16/2020 15:55,35,NO CONTROLS,NO CONTROLS,RAIN,DAYLIGHT,TURNING,NOT DIVIDED,,STRAIGHT AND LEVEL,WET,NO DEFECTS,ON SCENE,NO INJURY / DRIVE AWAY,,,,"OVER $1,500",3/16/2020 15:59,UNABLE TO DETERMINE,NOT APPLICABLE,5223,W,LAKE ST,1523,,,,,,,2,NO INDICATION OF INJURY,0,0,0,0,0,2,0,15,2,3,41.88714573,-87.75639102,POINT (-87.756391022153 41.887145725611)
bb071223b1d689bd89391ff7dbc5088a273a463e05526d58ac2c1767cec2f0f189b8ed96275d42c0f529900b5c501eac4d65c9d0fc9a4cbd9bea03a35334ca64,JC356882,,7/20/2019 11:30,15,NO CONTROLS,NO CONTROLS,CLEAR,DAYLIGHT,FIXED OBJECT,PARKING LOT,,STRAIGHT AND LEVEL,DRY,NO DEFECTS,ON SCENE,NO INJURY / DRIVE AWAY,,Y,,$500 OR LESS,7/20/2019 11:35,IMPROPER BACKING,NOT APPLICABLE,2919,S,WESTERN AVE,1034,,,,,,,1,NO INDICATION OF INJURY,0,0,0,0,0,1,0,11,7,7,41.83933226,-87.68508128,POINT (-87.685081283455 41.839332259659)
c1500c57871845a64c3e754827d544e77042822f6ebf31d6a030bfac8012c8c5372ce698db862e3e6d82abcabc2115808113f195425c719e9a0a452375dda375,JD277380,,6/26/2020 18:58,30,NO CONTROLS,NO CONTROLS,CLEAR,DUSK,ANGLE,OTHER,,STRAIGHT AND LEVEL,DRY,NO DEFECTS,ON SCENE,NO INJURY / DRIVE AWAY,,,,"$501 - $1,500",6/26/2020 19:02,FAILING TO YIELD RIGHT-OF-WAY,NOT APPLICABLE,345,N,WESTERN AVE,1223,,,,,,,2,NO INDICATION OF INJURY,0,0,0,0,0,3,0,18,6,6,41.88801941,-87.6864519,POINT (-87.68645189977 41.88801940995)
c63f56d15ce94e68b951aa94730f83fe9e967c15042c227028190f0906a267b17bf400604aa1bec02eea6419998b360fa10b08be3e6906bdec2d77e8ea206c83,JE408473,,10/13/2021 15:26,35,NO CONTROLS,NO CONTROLS,RAIN,DAYLIGHT,REAR END,NOT DIVIDED,,STRAIGHT AND LEVEL,WET,NO DEFECTS,ON SCENE,INJURY AND / OR TOW DUE TO CRASH,,,,"OVER $1,500",10/13/2021 15:30,WEATHER,NOT APPLICABLE,5832,S,HALSTED ST,712,,,,,,,2,NONINCAPACITATING INJURY,1,0,0,1,0,2,0,15,4,10,41.78779575,-87.64513559,POINT (-87.645135593756 41.787795751036)
ba2f7fc365dab33438167da4a696b7fa5184d6ed48cfeda588c9544347766dd0dad6a5b229c50e393b1d51d97119e14358649f97de6d447e775e0cb9c07cc14a,JE234453,,5/17/2021 9:45,30,UNKNOWN,UNKNOWN,CLEAR,DAYLIGHT,REAR END,ONE-WAY,,STRAIGHT AND LEVEL,DRY,UNKNOWN,NOT ON SCENE (DESK REPORT),NO INJURY / DRIVE AWAY,,,,"OVER $1,500",5/18/2021 17:40,UNABLE TO DETERMINE,NOT APPLICABLE,2658,S,SPAULDING AVE,1032,,,,,,,2,NO INDICATION OF INJURY,0,0,0,0,0,2,0,9,2,5,41.84274715,-87.70757324,POINT (-87.707573235893 41.84274714516)
ba16f246b27e5950f68dc50ec83fa2e6c15dcf23f2dfeaa99978b816b8415b11a24d75a2a7adddeb97a98658ecf78759239f4f2e94121a5876d5a6fafcf92708,JD439821,,11/23/2020 16:45,30,NO CONTROLS,NO CONTROLS,CLEAR,DUSK,REAR END,NOT DIVIDED,,STRAIGHT AND LEVEL,DRY,NO DEFECTS,ON SCENE,NO INJURY / DRIVE AWAY,,,Y,"$501 - $1,500",11/23/2020 16:50,UNABLE TO DETERMINE,UNABLE TO DETERMINE,1032,N,WESTERN AVE,1212,,,,,,,2,NO INDICATION OF INJURY,0,0,0,0,0,2,0,16,2,11,41.90033701,-87.68710735,POINT (-87.687107350736 41.900337009814)
b96a54e1174e5c5ba3169d9d0677aae9de104c57bb6b3c825b82f0ef37ffbb91ce8085d156e378c474c5923dabc5c8c7c939da7afdbf18557c202b3ab3f9efc7,JE425430,,10/28/2021 12:55,20,NO CONTROLS,NO CONTROLS,RAIN,DAYLIGHT,REAR END,NOT DIVIDED,,STRAIGHT AND LEVEL,WET,NO DEFECTS,ON SCENE,NO INJURY / DRIVE AWAY,,,,"OVER $1,500",10/28/2021 12:58,UNABLE TO DETERMINE,NOT APPLICABLE,5299,S,LARAMIE AVE,814,,,,,,,2,NO INDICATION OF INJURY,0,0,0,0,0,3,0,12,5,10,41.79727925,-87.75249797,POINT (-87.752497968492 41.797279245319)
ba811836eaf27256fcd9c7618d7874f8817369d7916379ce57cc13b341781b2757cab06a2af628853c8cbd0566ef55d3c38a1c002290df4c9d3696de590bfef9,JD121091,,1/19/2020 11:00,25,NO CONTROLS,NO CONTROLS,CLEAR,DAYLIGHT,PARKED MOTOR VEHICLE,ONE-WAY,,STRAIGHT AND LEVEL,DRY,NO DEFECTS,ON SCENE,NO INJURY / DRIVE AWAY,,,,"$501 - $1,500",1/19/2020 11:09,UNABLE TO DETERMINE,UNABLE TO DETERMINE,3410,W,ARDMORE AVE,1711,,,,,,,2,NO INDICATION OF INJURY,0,0,0,0,0,1,0,11,1,1,41.9867455,-87.71432351,POINT (-87.71432350976 41.986745498703)
bb946ddf0d81a783af9701a62309032a31766fa798f6ec2d2de6c8865caaf8862a6b2cba6c444a0512b25c12710bcc5d55014af50ed3b748c93f91c82f526333,JE172481,,3/18/2021 13:43,15,NO CONTROLS,NO CONTROLS,CLEAR,DAYLIGHT,REAR TO SIDE,ONE-WAY,,STRAIGHT AND LEVEL,DRY,NO DEFECTS,ON SCENE,NO INJURY / DRIVE AWAY,,,,$500 OR LESS,3/18/2021 14:00,UNABLE TO DETERMINE,UNABLE TO DETERMINE,4044,W,LEXINGTON ST,1132,,Y,,,,,2,NO INDICATION OF INJURY,0,0,0,0,0,3,0,13,5,3,41.87193405,-87.72717413,POINT (-87.727174131917 41.871934046795)
bb422826793ec33eb755b8f1b66f9e90e274a62be4ae07e0da1c3677bb97396fd4a3ca9ccad25e8651a90b5d930b723bdfc87596b687edcbf3710293a2dd83f5,JE100869,,1/1/2021 22:02,30,NO CONTROLS,NO CONTROLS,SNOW,DUSK,FIXED OBJECT,NOT DIVIDED,,STRAIGHT AND LEVEL,SNOW OR SLUSH,UNKNOWN,ON SCENE,NO INJURY / DRIVE AWAY,,,,"$501 - $1,500",1/1/2021 22:14,WEATHER,WEATHER,4039,N,CLARENDON AVE,1915,,,,,,,1,NO INDICATION OF INJURY,0,0,0,0,0,1,0,22,6,1,41.95560076,-87.64958367,POINT (-87.649583669862 41.955600755846)
b93fbb22ab22ee9970f5cc4772547f9d99d438d29a15f5584d6ffc4be6f7bb3630e8c44463cf0a12d19a00fb8d870ea89be0b97a950b890be8a9949a16c74384,JF114003,,1/15/2022 16:30,30,NO CONTROLS,NO CONTROLS,CLEAR,DUSK,ANGLE,NOT DIVIDED,,STRAIGHT AND LEVEL,DRY,NO DEFECTS,NOT ON SCENE (DESK REPORT),NO INJURY / DRIVE AWAY,,,,"$501 - $1,500",1/15/2022 17:33,NOT APPLICABLE,NOT APPLICABLE,2630,W,PERSHING RD,911,,,,,,,2,NO INDICATION OF INJURY,0,0,0,0,0,2,0,16,7,1,41.82296386,-87.69107959,POINT (-87.691079589579 41.822963861485)
bb0292f9f7f9d87f3a65b41b44b632b3445e730fe1a0e6183ad0e525cff808780a2373fea644ce5d93935a9b2507c94d66ed06c97e3ee3b5968c36bd961ced74,JC314466,,6/20/2019 14:49,30,NO CONTROLS,NO CONTROLS,CLOUDY/OVERCAST,DAYLIGHT,TURNING,NOT DIVIDED,,STRAIGHT AND LEVEL,DRY,NO DEFECTS,ON SCENE,INJURY AND / OR TOW DUE TO CRASH,,,,"OVER $1,500",6/20/2019 14:51,FAILING TO YIELD RIGHT-OF-WAY,NOT APPLICABLE,25,N,BESSIE COLEMAN DR,1654,,,,,,,2,"REPORTED, NOT EVIDENT",1,0,0,0,1,1,0,14,5,6,,,
ba0b4f8f82a9892664b0b7b39cb6c711fb1e86c148b69f683c3fa30bb7b3448990dd3c81a3ef536a80bb15d0c05d0313cfcba3ebd9ba44ae031909b604b958f2,JC385825,,8/9/2019 17:11,30,NO CONTROLS,NO CONTROLS,CLEAR,DAYLIGHT,REAR END,ONE-WAY,,STRAIGHT AND LEVEL,DRY,NO DEFECTS,NOT ON SCENE (DESK REPORT),NO INJURY / DRIVE AWAY,,,,"OVER $1,500",8/9/2019 18:10,FOLLOWING TOO CLOSELY,NOT APPLICABLE,433,N,WELLS ST,1831,,,,,,,2,NO INDICATION OF INJURY,0,0,0,0,0,2,0,17,6,8,41.89009694,-87.63388407,POINT (-87.633884065866 41.890096940119)
ba735b5fa138fc6776236dab831f1d78facd68824755159f2e921f16ed9797e032099f9e7c4727501c35ddefb82746c08e20bd24b0534098bb037c2901c90510,JF110410,,1/12/2022 11:40,30,NO CONTROLS,NO CONTROLS,CLEAR,DAYLIGHT,SIDESWIPE SAME DIRECTION,NOT DIVIDED,,STRAIGHT AND LEVEL,DRY,NO DEFECTS,NOT ON SCENE (DESK REPORT),NO INJURY / DRIVE AWAY,,,,"OVER $1,500",1/12/2022 11:55,IMPROPER LANE USAGE,IMPROPER LANE USAGE,436,N,OGDEN AVE,1215,,,,,,,2,NO INDICATION OF INJURY,0,0,0,0,0,3,0,11,4,1,,,
bad2760e9f8f946a1322369c68e5cccb4e362f978e263f4dd3ea8cb90924698be45b7dceef100d876be02ca27e0ebe98b12cb9fe49dc24bcc8b3a214ed0e9523,JB565475,,12/23/2018 20:00,30,TRAFFIC SIGNAL,FUNCTIONING PROPERLY,CLEAR,"DARKNESS, LIGHTED ROAD",TURNING,DIVIDED - W/MEDIAN (NOT RAISED),4,STRAIGHT AND LEVEL,DRY,NO DEFECTS,NOT ON SCENE (DESK REPORT),NO INJURY / DRIVE AWAY,Y,,N,"$501 - $1,500",12/23/2018 20:00,UNABLE TO DETERMINE,NOT APPLICABLE,1198,S,LARAMIE AVE,1522,,,,,,,2,NO INDICATION OF INJURY,0,0,0,0,0,4,0,20,1,12,,,
bc12370ab1697227667cc93ef457e1bc65851965d71c49637c4bc7f5faa5952474c704d3c35792d3c6a2fc8c630f864d47ca043eecd07271f052841f7128d828,JC211104,,4/4/2019 8:40,30,NO CONTROLS,NO CONTROLS,CLOUDY/OVERCAST,DAYLIGHT,ANGLE,NOT DIVIDED,2,STRAIGHT AND LEVEL,WET,NO DEFECTS,ON SCENE,INJURY AND / OR TOW DUE TO CRASH,,,,"OVER $1,500",4/4/2019 8:43,EXCEEDING AUTHORIZED SPEED LIMIT,FAILING TO YIELD RIGHT-OF-WAY,5179,N,AVONDALE AVE,1622,,,,,,,2,NO INDICATION OF INJURY,0,0,0,0,0,3,0,8,5,4,,,
bb8fd3cf74c8986ca57557aba4a5bf60cefda6e54ad082a5ce6dd82d0e6a40c40df29b06b47e5429ea0bdcc364d0596a4dbd16cbbce93bde589bf0c829e63117,JF261095,,5/30/2022 13:15,30,NO CONTROLS,NO CONTROLS,CLEAR,DAYLIGHT,PARKED MOTOR VEHICLE,NOT DIVIDED,,STRAIGHT AND LEVEL,DRY,NO DEFECTS,ON SCENE,NO INJURY / DRIVE AWAY,,,,"$501 - $1,500",5/30/2022 13:18,UNABLE TO DETERMINE,UNABLE TO DETERMINE,7706,N,ASHLAND AVE,2422,,,,,,,2,,,,,,,,,13,2,5,42.02136858,-87.67086458,POINT (-87.670864578172 42.021368580276)
bc6f0bcc205318d597bee1291f2fdc3db032d7783cedb24afb168bed00a6c874811b8e247e52d14b85a03532d62260d3e3200f1244ac334f0874b8db6befebba,JC153540,,2/15/2019 13:40,0,NO CONTROLS,NO CONTROLS,CLEAR,DAYLIGHT,FIXED OBJECT,OTHER,0,STRAIGHT AND LEVEL,WET,NO DEFECTS,ON SCENE,NO INJURY / DRIVE AWAY,,,,"OVER $1,500",2/15/2019 13:50,UNABLE TO DETERMINE,NOT APPLICABLE,349,W,31ST ST,915,,,,,,,1,NO INDICATION OF INJURY,0,0,0,0,0,1,0,13,6,2,41.83806671,-87.63601828,POINT (-87.636018282814 41.838066710967)
bb0444e94b169c7d41b22046602e32c7b7addf2b38b02bde7acd80bd037738495e25491379407ababae581f00b262312c861c835a6f8d48d8237ff3f7c482713,JC199386,,3/25/2019 18:00,25,NO CONTROLS,NO CONTROLS,CLEAR,DAYLIGHT,REAR END,ONE-WAY,1,STRAIGHT AND LEVEL,DRY,NO DEFECTS,ON SCENE,NO INJURY / DRIVE AWAY,,,,"OVER $1,500",3/25/2019 18:01,FOLLOWING TOO CLOSELY,NOT APPLICABLE,1462,E,55TH ST,234,,,,,,,2,NO INDICATION OF INJURY,0,0,0,0,0,5,0,18,2,3,41.79535148,-87.58911508,POINT (-87.589115080244 41.795351484398)
bb20623dc1e0248d411fce495739c9850de766784fbb0721ea225371594993bdd4b2830e4519720fc3229419bb1c80b6fb21c846974fa45017b5e1610da7930b,JF282031,,6/16/2022 14:00,25,NO CONTROLS,NO CONTROLS,CLEAR,DAYLIGHT,REAR END,NOT DIVIDED,,STRAIGHT AND LEVEL,DRY,NO DEFECTS,ON SCENE,NO INJURY / DRIVE AWAY,,,,"OVER $1,500",6/16/2022 14:06,UNABLE TO DETERMINE,NOT APPLICABLE,6600,N,LEHIGH AVE,1621,,,,,,,2,NO INDICATION OF INJURY,0,0,0,0,0,2,0,14,5,6,42.00104226,-87.76784229,POINT (-87.767842286428 42.001042259435)
bb841c0e7b9fcd67db6c70720529882a6eddc6071b90f00a000e7ec25669ec9f8f899e7f4520d6b29fe6ccaac51be0819bfcf4370714a37d239403dceb232c17,JD446781,,12/1/2020 15:51,30,UNKNOWN,UNKNOWN,CLEAR,DAYLIGHT,REAR END,ONE-WAY,,STRAIGHT AND LEVEL,DRY,UNKNOWN,ON SCENE,NO INJURY / DRIVE AWAY,,,Y,"OVER $1,500",12/1/2020 16:13,UNABLE TO DETERMINE,UNABLE TO DETERMINE,3899,S,LA SALLE ST,213,,,,,,,2,NO INDICATION OF INJURY,0,0,0,0,0,32,0,15,3,12,41.82369064,-87.62949429,POINT (-87.629494288434 41.82369063588)
ba06561df77e194b2b49e3b37d396ad3b672e28ecb0902999bf0e622dacfc994ec7853ba9e1da00c57eb10aef7deccc89b7519b30b93cbe3d185ffe9c28dc3fd,JA244289,,4/29/2017 15:49,30,TRAFFIC SIGNAL,UNKNOWN,UNKNOWN,DAYLIGHT,REAR END,NOT DIVIDED,4,STRAIGHT AND LEVEL,UNKNOWN,UNKNOWN,NOT ON SCENE (DESK REPORT),NO INJURY / DRIVE AWAY,Y,,,$500 OR LESS,4/29/2017 17:30,UNABLE TO DETERMINE,NOT APPLICABLE,3100,N,CLARK ST,1934,,,,,,,2,NO INDICATION OF INJURY,0,0,0,0,0,2,0,15,7,4,,,
be50e448c0f46da75f263d45a3d64eccb645abe8e25142bf0177710139668c9420fb4a2fa7fa73046c0327c23cb9670dd6acba26d99446d4152d46f8bf65d0e3,JE380501,,9/20/2021 9:35,20,NO CONTROLS,NO CONTROLS,CLEAR,DAYLIGHT,REAR END,NOT DIVIDED,,STRAIGHT AND LEVEL,DRY,NO DEFECTS,ON SCENE,INJURY AND / OR TOW DUE TO CRASH,Y,,,"OVER $1,500",9/20/2021 9:36,NOT APPLICABLE,UNABLE TO DETERMINE,6300,S,KOMENSKY AVE,813,,,,,,,2,NO INDICATION OF INJURY,0,0,0,0,0,3,0,9,2,9,41.77861562,-87.72412904,POINT (-87.724129039895 41.778615616452)
be7136d3b2f9e9d9a93a8cdeb9c7d2133a0c814d25d8a370e57266adac4672e588fd5a7002e3510bb542e4c982afb39782c58df6c771c1e1f755def3e7409393,JD180418,,3/10/2020 8:31,10,OTHER,OTHER,CLEAR,DAYLIGHT,OTHER OBJECT,PARKING LOT,,STRAIGHT AND LEVEL,DRY,NO DEFECTS,ON SCENE,NO INJURY / DRIVE AWAY,,N,,"$501 - $1,500",3/10/2020 8:32,NOT APPLICABLE,UNABLE TO DETERMINE,8658,S,SACRAMENTO AVE,835,,,,,,,1,NO INDICATION OF INJURY,0,0,0,0,0,1,0,8,3,3,41.73532397,-87.69725578,POINT (-87.69725577749 41.735323971113)
bf581ca0d7d80bcdb11283021ca1c18b3db09a423e1776b9e10ae35d4b9fb70db35a0ec25fbd265d589b422eae625e03b6669be483166f748a2c8ab3ca1eb421,JE105288,,1/6/2021 17:30,30,OTHER,OTHER,CLEAR,"DARKNESS, LIGHTED ROAD",REAR END,NOT DIVIDED,,STRAIGHT AND LEVEL,WET,OTHER,ON SCENE,NO INJURY / DRIVE AWAY,,,Y,"OVER $1,500",1/6/2021 17:32,NOT APPLICABLE,NOT APPLICABLE,3921,W,ADDISON ST,1732,,,,,,,2,NO INDICATION OF INJURY,0,0,0,0,0,2,0,17,4,1,41.94628511,-87.72584519,POINT (-87.725845189988 41.946285110382)
bd905c7b7a9c1c70d973842a463b3a28012aea969f3b27d8b15cd31d0e6d9a3c3e6ae977d692a2f495e5e9b87c35efb75a6cfd853b4ce41aae465b7f66933c44,JC432781,,9/14/2019 7:45,35,UNKNOWN,UNKNOWN,CLEAR,DAYLIGHT,TURNING,UNKNOWN,,STRAIGHT AND LEVEL,DRY,UNKNOWN,ON SCENE,NO INJURY / DRIVE AWAY,,,,"OVER $1,500",9/14/2019 8:13,IMPROPER OVERTAKING/PASSING,NOT APPLICABLE,222,W,47TH ST,925,Y,Y,,,,,2,NO INDICATION OF INJURY,0,0,0,0,0,2,0,7,7,9,41.80923467,-87.63193817,POINT (-87.631938164562 41.809234666526)
bf6d32e423cdbeef4f9b142ec6542e7259c4279740d147882ade2112ece78b5f55b7f6b95fdb305f4fe364e207bfe55ec51b9df5d76b9321b6af65c95fb75d02,JD274527,,6/24/2020 9:55,30,NO CONTROLS,NO CONTROLS,CLEAR,DAYLIGHT,PARKED MOTOR VEHICLE,NOT DIVIDED,,STRAIGHT AND LEVEL,DRY,NO DEFECTS,ON SCENE,NO INJURY / DRIVE AWAY,,,,$500 OR LESS,6/24/2020 10:20,UNABLE TO DETERMINE,UNABLE TO DETERMINE,5911,W,63RD ST,812,,,,,,,2,NO INDICATION OF INJURY,0,0,0,0,0,1,0,9,4,6,41.7777888,-87.76950132,POINT (-87.769501316641 41.777788797987)
be3382f35a2eea69c10c3af2f4266e37a557ed3a78bd3177b8a5bda793251d4c04c34fe21155642e325043901e727b6787a62e67d466b0fec1dab56f5f609d32,JC485096,,10/24/2019 16:25,35,UNKNOWN,UNKNOWN,UNKNOWN,UNKNOWN,REAR END,DIVIDED - W/MEDIAN BARRIER,,STRAIGHT AND LEVEL,UNKNOWN,UNKNOWN,ON SCENE,NO INJURY / DRIVE AWAY,,,,$500 OR LESS,10/24/2019 16:30,NOT APPLICABLE,NOT APPLICABLE,6600,S,STONY ISLAND AVE,321,,,,,,,2,NO INDICATION OF INJURY,0,0,0,0,0,2,0,16,5,10,41.77514086,-87.58644197,POINT (-87.586441971694 41.775140857742)
bd230f3d2602a5e789a6ff937f7830ccd9dc9d418fe056af72cd1e41eb3899e378d06229174aa75abaa91513108f946eed2c88c6fca4a6d5937ba1290cf0c353,JC239922,,4/26/2019 22:30,30,NO CONTROLS,NO CONTROLS,CLEAR,DARKNESS,TURNING,NOT DIVIDED,,STRAIGHT AND LEVEL,DRY,NO DEFECTS,ON SCENE,NO INJURY / DRIVE AWAY,,,,"OVER $1,500",4/26/2019 22:30,IMPROPER LANE USAGE,IMPROPER LANE USAGE,2200,S,MICHIGAN AVE,131,,Y,,,,,2,NO INDICATION OF INJURY,0,0,0,0,0,5,0,22,6,4,41.85277372,-87.62395241,POINT (-87.62395241303 41.852773715173)
bf60cea1ad60892f65ade571538ab105aeff96d061b299b7d600ea4994a8ebba19d2cdaf2c461783bf6004c7867d8aca98bf7fd52d2b1ede12c80c40b5e50ea6,JB529148,,11/26/2018 7:20,20,NO CONTROLS,NO CONTROLS,SNOW,DAYLIGHT,PARKED MOTOR VEHICLE,ONE-WAY,1,STRAIGHT AND LEVEL,SNOW OR SLUSH,NO DEFECTS,ON SCENE,NO INJURY / DRIVE AWAY,,,,$500 OR LESS,11/26/2018 7:25,WEATHER,NOT APPLICABLE,3143,N,OLCOTT AVE,2511,,,,,,,2,NO INDICATION OF INJURY,0,0,0,0,0,1,0,7,2,11,41.93743999,-87.81390989,POINT (-87.813909890721 41.937439991752)
bfbf746e57a8fb394152fcb391818c8a5d52e89ec27c80fd2a321e790e353a338ec3c7a77940122c6b24ca72e305bf5b45db43960a57f9157c9cdfc31d9bed6f,JB520979,,11/17/2018 12:00,30,NO CONTROLS,NO CONTROLS,RAIN,DAYLIGHT,ANGLE,PARKING LOT,,STRAIGHT AND LEVEL,WET,NO DEFECTS,NOT ON SCENE (DESK REPORT),NO INJURY / DRIVE AWAY,,,,"OVER $1,500",11/18/2018 19:35,IMPROPER BACKING,NOT APPLICABLE,1208,E,53RD ST,234,,,,,,,2,NO INDICATION OF INJURY,0,0,0,0,0,6,0,12,7,11,41.79957001,-87.59623911,POINT (-87.596239107831 41.799570005699)
bcdebb61d2dc2b3a79b6a61b70e003919098ec013ea8da33421e0e9c3ce654d7fdf40737d137eaa7c62eeb69c901cd9850eef859b2dd80e6057c39c63c8580c4,JB326441,,6/28/2018 14:45,20,NO CONTROLS,NO CONTROLS,CLEAR,DAYLIGHT,PARKED MOTOR VEHICLE,DRIVEWAY,,STRAIGHT AND LEVEL,DRY,UNKNOWN,ON SCENE,NO INJURY / DRIVE AWAY,,Y,Y,$500 OR LESS,6/28/2018 14:50,IMPROPER BACKING,IMPROPER BACKING,2453,W,HARRISON ST,1135,,,,,,,2,NO INDICATION OF INJURY,0,0,0,0,0,1,0,14,5,6,41.87375691,-87.68831421,POINT (-87.688314209073 41.87375691269)