CRASH_RECORD_ID,RD_NO,CRASH_DATE_EST_I,CRASH_DATE,POSTED_SPEED_LIMIT,TRAFFIC_CONTROL_DEVICE,DEVICE_CONDITION,WEATHER_CONDITION,LIGHTING_CONDITION,FIRST_CRASH_TYPE,TRAFFICWAY_TYPE,LANE_CNT,ALIGNMENT,ROADWAY_SURFACE_COND,ROAD_DEFECT,REPORT_TYPE,CRASH_TYPE,INTERSECTION_RELATED_I,NOT_RIGHT_OF_WAY_I,HIT_AND_RUN_I,DAMAGE,DATE_POLICE_NOTIFIED,PRIM_CONTRIBUTORY_CAUSE,SEC_CONTRIBUTORY_CAUSE,STREET_NO,STREET_DIRECTION,STREET_NAME,BEAT_OF_OCCURRENCE,PHOTOS_TAKEN_I,STATEMENTS_TAKEN_I,DOORING_I,WORK_ZONE_I,WORK_ZONE_TYPE,WORKERS_PRESENT_I,NUM_UNITS,MOST_SEVERE_INJURY,INJURIES_TOTAL,INJURIES_FATAL,INJURIES_INCAPACITATING,INJURIES_NON_INCAPACITATING,INJURIES_REPORTED_NOT_EVIDENT,INJURIES_NO_INDICATION,INJURIES_UNKNOWN,CRASH_HOUR,CRASH_DAY_OF_WEEK,CRASH_MONTH,LATITUDE,LONGITUDE,LOCATION
bcf44367cc2789246a6eb2d53b8c43483bde4093e8a72b1fba67a0b358981e2b0bc4225da7d891871844653328df64c7bc995c52f865a62b598516f155746683,JD413382,,10/28/2020 12:57,30,TRAFFIC SIGNAL,UNKNOWN,CLEAR,DAYLIGHT,ANGLE,FOUR WAY,,STRAIGHT AND LEVEL,DRY,NO DEFECTS,ON SCENE,NO INJURY / DRIVE AWAY,Y,,,"OVER $1,500",10/28/2020 12:59,UNABLE TO DETERMINE,UNABLE TO DETERMINE,232,W,GARFIELD BLVD,935,,Y,,,,,2,NO INDICATION OF INJURY,0,0,0,0,0,2,0,12,4,10,41.79464233,-87.63184342,POINT (-87.631843416063 41.794642330446)
befe604193fd025c7dacc86a19ff075120a2842c25d51cd6dc0b9c3684e9415cbeb0e4575f7213b513b2910a2b057b7ce6c2efec418d6c4682d56321fb34ff3b,JE448898,,11/18/2021 7:37,35,STOP SIGN/FLASHER,NO CONTROLS,CLEAR,DAYLIGHT,ANGLE,FOUR WAY,,STRAIGHT AND LEVEL,DRY,NO DEFECTS,ON SCENE,INJURY AND / OR TOW DUE TO CRASH,Y,,,"OVER $1,500",11/18/2021 7:38,DISREGARDING STOP SIGN,UNABLE TO DETERMINE,1799,W,70TH ST,735,,,,,,,2,NO INDICATION OF INJURY,0,0,0,0,0,9,0,7,5,11,41.76656649,-87.66866537,POINT (-87.668665366097 41.766566489912)
bf3ecd92e49162035f2db177881a361d515dda54906481285cf70f79bd4ca903bc108f1bfa6b8c10ec3f81122a4109432f2073d66bcded0137f71f14c7b7670e,JD229870,,5/11/2020 17:34,30,NO CONTROLS,NO CONTROLS,CLEAR,DAYLIGHT,FIXED OBJECT,ONE-WAY,,STRAIGHT AND LEVEL,DRY,UNKNOWN,ON SCENE,INJURY AND / OR TOW DUE TO CRASH,,,,"OVER $1,500",5/11/2020 17:36,NOT APPLICABLE,NOT APPLICABLE,4122,W,CERMAK RD,1012,,,,,,,2,NONINCAPACITATING INJURY,1,0,0,1,0,2,0,17,2,5,41.85160309,-87.72821631,POINT (-87.728216310723 41.851603084976)
c24197a2665bd93a584db4a06ffd8b0fa7f646ba488cb62c5c5e4a537a157f424533f23ce9baf3af9d285af07681d0645f13ef166bc85e8b74a98d67f604bbb3,JB462939,,10/4/2018 19:30,30,TRAFFIC SIGNAL,FUNCTIONING PROPERLY,CLEAR,DARKNESS,REAR END,UNKNOWN,,STRAIGHT AND LEVEL,DRY,NO DEFECTS,NOT ON SCENE (DESK REPORT),INJURY AND / OR TOW DUE TO CRASH,,,Y,"$501 - $1,500",10/4/2018 21:00,FOLLOWING TOO CLOSELY,UNABLE TO DETERMINE,5900,S,WENTWORTH AVE,232,,,,,,,2,"REPORTED, NOT EVIDENT",1,0,0,0,1,1,0,19,5,10,,,
c1a4c099305a051ba2cc25c60dc26a0cbebcd49f838a6df624eb546a6bd7d28a6116c8ec6f33befc590ce276a2c252491f7cd2e69426d1e4a09eb07122ba5d02,JC303452,,6/12/2019 15:24,30,UNKNOWN,UNKNOWN,CLEAR,DAYLIGHT,REAR TO FRONT,ONE-WAY,,STRAIGHT AND LEVEL,DRY,NO DEFECTS,ON SCENE,NO INJURY / DRIVE AWAY,,,,$500 OR LESS,6/12/2019 15:30,UNABLE TO DETERMINE,NOT APPLICABLE,9140,S,LA SALLE ST,634,,,,,,,2,NO INDICATION OF INJURY,0,0,0,0,0,2,0,15,4,6,41.72772681,-87.62775275,POINT (-87.627752746324 41.727726809603)
c1ce3a5b94559d77dbac2f144b99352e1b02685d83b7653621e23e60225a5bfb77895c85b64a90b01d5c79660a7bd6f66e23229aa17c6a5e881ffc6fa22c3d06,JA326588,,6/28/2017 18:00,30,NO CONTROLS,NO CONTROLS,CLEAR,DAYLIGHT,ANGLE,ALLEY,1,STRAIGHT AND LEVEL,DRY,NO DEFECTS,NOT ON SCENE (DESK REPORT),NO INJURY / DRIVE AWAY,,,,"OVER $1,500",6/28/2017 18:50,UNABLE TO DETERMINE,NOT APPLICABLE,2014,W,WABANSIA AVE,1434,,,,,,,2,NO INDICATION OF INJURY,0,0,0,0,0,3,0,18,4,6,41.91240364,-87.67816499,POINT (-87.678164985444 41.912403638494)
c25e1b0fd6446439d81c31400443536e32801de573b3a72803688b9c200cab5809b4c348733f480c5b714d33ca64e98492ae0f2d929294894d1a398e982a3a65,JC289260,,6/2/2019 17:30,30,NO CONTROLS,NO CONTROLS,CLEAR,DAYLIGHT,SIDESWIPE SAME DIRECTION,ONE-WAY,,"CURVE, LEVEL",DRY,NO DEFECTS,ON SCENE,NO INJURY / DRIVE AWAY,,,,"OVER $1,500",6/2/2019 17:35,IMPROPER OVERTAKING/PASSING,FOLLOWING TOO CLOSELY,3,W,TERMINAL ST,1653,,,,,,,2,NO INDICATION OF INJURY,0,0,0,0,0,2,0,17,1,6,,,
c18510a303143302f8605edc07e9a76dbf97a14c335b3dc34bfa7be8da46ccce52d12b2e06e2351357c35ccce25acfe5c7f33e23ed18962ccdc1d0c3ebfc4a7d,HZ531895,,11/28/2016 12:10,30,NO CONTROLS,NO CONTROLS,RAIN,DAYLIGHT,PARKED MOTOR VEHICLE,NOT DIVIDED,,STRAIGHT AND LEVEL,WET,NO DEFECTS,ON SCENE,INJURY AND / OR TOW DUE TO CRASH,,,Y,"OVER $1,500",11/28/2016 12:30,WEATHER,IMPROPER LANE USAGE,746,W,63RD ST,711,,,,,,,3,NO INDICATION OF INJURY,0,0,0,0,0,1,0,12,2,11,41.77986098,-87.64473192,POINT (-87.644731919935 41.779860977117)
c113679723bc0a08fa1164be18504d31dd22f5dc24d6ead88d2e496f6ecf52014e5cd8785b1d400b235c393e220c1e39fb3ae1dd3e18d4718ebda24dc0d5a8a3,JC404647,,8/23/2019 19:16,30,NO CONTROLS,NO CONTROLS,CLEAR,DUSK,PEDESTRIAN,OTHER,,STRAIGHT AND LEVEL,DRY,NO DEFECTS,ON SCENE,INJURY AND / OR TOW DUE TO CRASH,,,Y,"$501 - $1,500",8/23/2019 21:18,UNABLE TO DETERMINE,NOT APPLICABLE,529,E,71ST ST,323,,,,,,,2,NONINCAPACITATING INJURY,1,0,0,1,0,1,0,19,6,8,41.76566218,-87.61169279,POINT (-87.611692785411 41.765662175805)
c0cc8be7725fc3a787458c0e23b894c86d055f96b00e617cc1952afad7587a8127fe13a33b2873d1c9330a156093e20b9100eaa2d20b825cca3c4804fae3544b,JE274444,,6/21/2021 15:10,35,UNKNOWN,UNKNOWN,CLEAR,DAYLIGHT,REAR END,NOT DIVIDED,,STRAIGHT AND LEVEL,DRY,NO DEFECTS,NOT ON SCENE (DESK REPORT),NO INJURY / DRIVE AWAY,,,,"OVER $1,500",6/21/2021 16:00,UNABLE TO DETERMINE,NOT APPLICABLE,120,E,DELAWARE PL,1833,,,,,,,2,NO INDICATION OF INJURY,0,0,0,0,0,2,0,15,2,6,41.8993041,-87.62523649,POINT (-87.62523649148 41.899304096445)
c31d3a0fd7f569956bcb5d09ab75d917246e2a0121b83897e1ee050a5172f7dfdbd044695de53ca65cdba69418472079dddd43532a6a55af504bbc117f56c252,JA495858,,11/2/2017 12:35,30,NO CONTROLS,NO CONTROLS,RAIN,DAYLIGHT,PARKED MOTOR VEHICLE,DIVIDED - W/MEDIAN BARRIER,,STRAIGHT AND LEVEL,WET,NO DEFECTS,ON SCENE,NO INJURY / DRIVE AWAY,,,,"$501 - $1,500",11/2/2017 12:43,WEATHER,NOT APPLICABLE,4131,W,CERMAK RD,1013,,,,,,,3,NO INDICATION OF INJURY,0,0,0,0,0,1,0,12,5,11,41.85138167,-87.72839009,POINT (-87.728390093792 41.851381674187)
c173844b3f144113fc1f420f7a556c88383eaa64435bc62147b16696b0930af9f9ac65284d81dae4c66796f8037e5bb67137fac21792c6697851500f2984119d,JC336079,,7/5/2019 14:00,35,NO CONTROLS,NO CONTROLS,CLEAR,DAYLIGHT,OTHER OBJECT,ALLEY,,STRAIGHT AND LEVEL,DRY,NO DEFECTS,ON SCENE,NO INJURY / DRIVE AWAY,,Y,Y,"$501 - $1,500",7/5/2019 15:45,UNABLE TO DETERMINE,NOT APPLICABLE,13208,S,ESCANABA AVE,433,,,,,,,1,NO INDICATION OF INJURY,0,0,0,0,0,1,0,14,6,7,41.65518462,-87.5533499,POINT (-87.553349899594 41.655184617702)
c32715e29f1c20fbd81aca5c15d76acbfa818e06181d55b6da12c61558cb448842180b383ac4cfb423c5d25e7ba84558873a1d1e25fa0f84097a4a5e61c72bff,JD157690,,2/19/2020 15:15,30,UNKNOWN,UNKNOWN,CLEAR,DAYLIGHT,ANGLE,FOUR WAY,,STRAIGHT AND LEVEL,DRY,NO DEFECTS,NOT ON SCENE (DESK REPORT),NO INJURY / DRIVE AWAY,,,Y,"OVER $1,500",2/19/2020 16:20,NOT APPLICABLE,NOT APPLICABLE,4700,S,WASHTENAW AVE,922,,,,,,,2,NO INDICATION OF INJURY,0,0,0,0,0,2,0,15,4,2,41.80822893,-87.69190705,POINT (-87.691907054331 41.808228933564)
c2a30a6ad5af7d1bd6b53dc6b8d6e227fb6a8a9b61986212c9a7e948224e3b3b627a3a811436c7df4044556816115fe54c8128155d56f2963785bba8b51c73b7,JB518381,,11/16/2018 15:25,30,NO CONTROLS,NO CONTROLS,CLEAR,DUSK,REAR END,NOT DIVIDED,4,STRAIGHT AND LEVEL,DRY,NO DEFECTS,ON SCENE,NO INJURY / DRIVE AWAY,,,,"OVER $1,500",11/16/2018 15:54,FOLLOWING TOO CLOSELY,UNABLE TO DETERMINE,3456,S,WESTERN AVE,911,,,,,,,2,NO INDICATION OF INJURY,0,0,0,0,0,2,0,15,6,11,41.83032422,-87.68518233,POINT (-87.685182333559 41.830324216125)
c11451a732f6e736f8b434727ad1705d522c300cfc016723d57c675c46892cd59348b5487082ad92b83a632b5af5cc135bddcf37678e39f5e3b5a5a14b71c738,JC181043,,3/11/2019 6:35,20,LANE USE MARKING,FUNCTIONING PROPERLY,CLEAR,DAWN,SIDESWIPE SAME DIRECTION,ONE-WAY,,STRAIGHT AND LEVEL,DRY,NO DEFECTS,ON SCENE,NO INJURY / DRIVE AWAY,,,,"OVER $1,500",3/11/2019 6:40,FAILING TO YIELD RIGHT-OF-WAY,DRIVING SKILLS/KNOWLEDGE/EXPERIENCE,1,W,TERMINAL ST,1651,,,,,,,2,NO INDICATION OF INJURY,0,0,0,0,0,2,0,6,2,3,,,
c33fb87beabb3c25b44c282bd48564f712d458d931f8f45f16327b90da067b43ca183e8fec63d3f66d8a827a98ba38659e5038565ed97a878262165e2c47e56e,JC287317,,6/1/2019 4:59,50,OTHER,FUNCTIONING PROPERLY,CLEAR,DAYLIGHT,FIXED OBJECT,ONE-WAY,,STRAIGHT AND LEVEL,DRY,NO DEFECTS,ON SCENE,NO INJURY / DRIVE AWAY,,,,$500 OR LESS,6/1/2019 4:59,NOT APPLICABLE,NOT APPLICABLE,8800,S,CHICAGO SKYWAY OB,412,,,,,,,1,NO INDICATION OF INJURY,0,0,0,0,0,1,0,4,7,6,,,
c04cb93cfb3957c404afb98b5fc1a2d9d1f6434e688ac046381e351263fc80180158d01b36d4a5be1f235c2a8d465a65ecc1f3a1491c67f6c628a9b2f234290d,JC315500,,6/21/2019 10:08,15,NO CONTROLS,NO CONTROLS,CLEAR,DAYLIGHT,PARKED MOTOR VEHICLE,PARKING LOT,,STRAIGHT AND LEVEL,DRY,UNKNOWN,ON SCENE,NO INJURY / DRIVE AWAY,,,,"$501 - $1,500",6/21/2019 10:20,UNABLE TO DETERMINE,NOT APPLICABLE,2804,N,WESTERN AVE,1411,,,,,,,2,NO INDICATION OF INJURY,0,0,0,0,0,2,0,10,6,6,41.93221699,-87.68803328,POINT (-87.688033280895 41.932216987947)
c2068880a7ce4fe3a36f1c3803c8796592f821fad79b0fc98e71b9ffb2bb0cb5dbab2ed83854b10dcaa73cf87a29ad461c656dcaa3343f0b1c16633d6a024045,JC317024,,6/22/2019 12:10,30,NO CONTROLS,NO CONTROLS,CLEAR,DAYLIGHT,ANGLE,ONE-WAY,,STRAIGHT AND LEVEL,DRY,NO DEFECTS,NOT ON SCENE (DESK REPORT),NO INJURY / DRIVE AWAY,,,,"OVER $1,500",6/22/2019 12:25,NOT APPLICABLE,NOT APPLICABLE,7053,S,STATE ST,322,,,,,,,2,NO INDICATION OF INJURY,0,0,0,0,0,2,0,12,7,6,41.7658647,-87.62476994,POINT (-87.624769944208 41.765864696987)
c2f23bef48187a147e9af78210899870199937467d306d5e3f633ecd45490de97cef6ba2e300c9314974aaf6d043fa5e6c9e9054837f850aec4018bdd195d922,JD339936,,8/21/2020 9:45,30,NO CONTROLS,NO CONTROLS,CLEAR,DAYLIGHT,TURNING,NOT DIVIDED,,STRAIGHT AND LEVEL,DRY,NO DEFECTS,ON SCENE,NO INJURY / DRIVE AWAY,,,,"OVER $1,500",8/21/2020 9:50,NOT APPLICABLE,NOT APPLICABLE,4600,W,CHICAGO AVE,1111,,,,,,,2,NO INDICATION OF INJURY,0,0,0,0,0,5,0,9,6,8,41.8952008,-87.74161235,POINT (-87.74161235044 41.895200801337)
c15e46ae9b3e541476f6bde65c20214ed77815bd3b2b2b240410536adebc3cb82d1c3a5b90f614cd850646558f6ee98b81fdfa3aac375f70ec7856e65c824280,JC209304,,4/2/2019 17:30,30,NO CONTROLS,NO CONTROLS,CLEAR,DAYLIGHT,TURNING,NOT DIVIDED,2,STRAIGHT AND LEVEL,DRY,NO DEFECTS,ON SCENE,NO INJURY / DRIVE AWAY,,,,"$501 - $1,500",4/2/2019 17:43,UNABLE TO DETERMINE,UNABLE TO DETERMINE,2325,W,28TH ST,1034,,,,,,,2,NO INDICATION OF INJURY,0,0,0,0,0,2,0,17,3,4,41.84111733,-87.68393488,POINT (-87.683934883921 41.841117326749)
c08ccb4873ecee7d93ac05e05a6d13cfe57ad7d0bcf96ea94ef116fc73d7ed58c3c38f1edf7a4f55326a1faaa246d883856c17347e6beffcb4887d8aa2120a48,JC223206,,4/13/2019 14:49,35,NO CONTROLS,NO CONTROLS,CLEAR,DAYLIGHT,REAR END,NOT DIVIDED,2,STRAIGHT AND LEVEL,DRY,NO DEFECTS,ON SCENE,NO INJURY / DRIVE AWAY,,,,"OVER $1,500",4/13/2019 14:49,NOT APPLICABLE,NOT APPLICABLE,5199,N,LECLAIRE AVE,1623,,,,,,,2,NO INDICATION OF INJURY,0,0,0,0,0,2,0,14,7,4,41.9752012,-87.75513574,POINT (-87.755135743566 41.97520119566)
c20b7dab783cf06d11a3030d8b9f3c2743d227fbf7467600e8e507f5bdb3e6e7667426fc9963004a96d2cbacf0445eaebc9b7f1757f268abdc1600dafc7a6f32,JD428419,,11/11/2020 15:25,15,NO CONTROLS,NO CONTROLS,CLEAR,DAYLIGHT,PEDESTRIAN,ONE-WAY,,STRAIGHT ON HILLCREST,DRY,OTHER,NOT ON SCENE (DESK REPORT),NO INJURY / DRIVE AWAY,,,,$500 OR LESS,11/11/2020 15:25,NOT APPLICABLE,NOT APPLICABLE,9300,S,ST LAWRENCE AVE,633,,,,,,,2,NO INDICATION OF INJURY,0,0,0,0,0,2,0,15,4,11,,,
c41442409f04642e8187329ca9897cc5087b648169265c5c37ee77d21a91d3699081b693f1cd9511508b8e6c7408d4b37fb4a301a95afdc86f9183d506f20eb6,JE203187,,4/18/2021 17:10,15,NO CONTROLS,NO CONTROLS,CLEAR,DAYLIGHT,PEDESTRIAN,ONE-WAY,,STRAIGHT AND LEVEL,DRY,UNKNOWN,,NO INJURY / DRIVE AWAY,,,,$500 OR LESS,4/18/2021 17:29,UNABLE TO DETERMINE,UNABLE TO DETERMINE,3030,W,HOOD AVE,2413,,,,,,,2,NO INDICATION OF INJURY,0,0,0,0,0,2,0,17,1,4,41.99312743,-87.7056195,POINT (-87.705619495557 41.993127432146)
c6240370c3d22d919eafcbcf1947b7bc07d7e768493dbb684d386ca7499eba34756674db897bf3000b013058b8ba6eb55e24df5f8025915be7d12d2b238137ed,JE379396,,9/19/2021 11:00,30,NO CONTROLS,NO CONTROLS,CLEAR,DAYLIGHT,PARKED MOTOR VEHICLE,ONE-WAY,,STRAIGHT AND LEVEL,DRY,NO DEFECTS,ON SCENE,NO INJURY / DRIVE AWAY,,,,$500 OR LESS,9/19/2021 12:00,IMPROPER LANE USAGE,NOT APPLICABLE,154,E,GRAND AVE,1834,,,,,,,2,NO INDICATION OF INJURY,0,0,0,0,0,1,0,11,1,9,41.8918607,-87.62323983,POINT (-87.623239824965 41.891860702326)
c403727a4dba67c6207f53493336cb334940045b1276fdf92a60bcc9816a5c42a70d3729f4d0ffe28352b2d1e3256ec37635df304d75aedc4bade37e1cc37605,JF103865,,1/5/2022 9:00,15,NO CONTROLS,NO CONTROLS,SNOW,DAYLIGHT,FIXED OBJECT,ALLEY,,STRAIGHT AND LEVEL,SNOW OR SLUSH,NO DEFECTS,ON SCENE,NO INJURY / DRIVE AWAY,,Y,,"OVER $1,500",1/5/2022 9:05,WEATHER,WEATHER,1045,W,ALTGELD ST,1932,Y,,,,,,1,NO INDICATION OF INJURY,0,0,0,0,0,1,0,9,4,1,41.92705306,-87.65544318,POINT (-87.655443175671 41.927053054865)
c3872113f3f59e3f921d19bf59582586ca99ec708d3066bb0052283979bd177568e89867118bb39151e43036387f4926caa4bccf190bcf917abd7d4262c2770f,JB263999,,5/15/2018 6:51,15,NO CONTROLS,NO CONTROLS,CLEAR,DAWN,FIXED OBJECT,ALLEY,1,STRAIGHT AND LEVEL,WET,NO DEFECTS,ON SCENE,NO INJURY / DRIVE AWAY,,,,$500 OR LESS,5/15/2018 6:53,IMPROPER BACKING,NOT APPLICABLE,6646,W,FOSTER AVE,1613,,,,,,,1,NO INDICATION OF INJURY,0,0,0,0,0,3,0,6,3,5,41.97570721,-87.79458492,POINT (-87.794584918874 41.975707204951)
c3f323e8d023322b502ac115f51518757366ed49799fb93c04f3df96574640ba2332d0c61372370c659183101a3a9cfe6156967f042807b4478dde8fb0a80da9,JE271158,,6/18/2021 21:19,20,NO CONTROLS,NO CONTROLS,CLEAR,"DARKNESS, LIGHTED ROAD",REAR END,ONE-WAY,,STRAIGHT AND LEVEL,DRY,UNKNOWN,NOT ON SCENE (DESK REPORT),NO INJURY / DRIVE AWAY,,,,$500 OR LESS,6/18/2021 21:50,FOLLOWING TOO CLOSELY,NOT APPLICABLE,3,W,TERMINAL ST,1653,,,,Y,CONSTRUCTION,,2,NO INDICATION OF INJURY,0,0,0,0,0,2,0,21,6,6,,,
c641d192ec6aee24e157d305cc7664f10d73e552b049df5452ce43f8f8b5af08a6241affa8272dfae4c395f5c99e1964a46b37894eb8f60e44b898dcc6ab4164,JE468442,,12/6/2021 20:00,30,TRAFFIC SIGNAL,FUNCTIONING PROPERLY,CLEAR,"DARKNESS, LIGHTED ROAD",REAR END,NOT DIVIDED,,STRAIGHT AND LEVEL,DRY,NO DEFECTS,NOT ON SCENE (DESK REPORT),NO INJURY / DRIVE AWAY,,,Y,"OVER $1,500",12/6/2021 20:30,DISREGARDING TRAFFIC SIGNALS,FAILING TO REDUCE SPEED TO AVOID CRASH,5100,S,WENTWORTH AVE,225,,,,,,,2,NO INDICATION OF INJURY,0,0,0,0,0,2,0,20,2,12,,,
c69e3d4a2fdaea6a1f1b263274df19c3f9f64e3d1670a5194a00897b1a59c69fb94e3f303e2578a443e21d06d2572cce51419ce97cb0fe993b3bef590bf95523,JE134334,,2/6/2021 14:00,30,NO CONTROLS,NO CONTROLS,CLEAR,DAYLIGHT,PEDALCYCLIST,ONE-WAY,,STRAIGHT AND LEVEL,ICE,NO DEFECTS,ON SCENE,NO INJURY / DRIVE AWAY,,,,$500 OR LESS,2/6/2021 14:01,WEATHER,WEATHER,1038,W,ARDMORE AVE,2022,,,,,,,2,NO INDICATION OF INJURY,0,0,0,0,0,2,0,14,7,2,41.98743824,-87.65688176,POINT (-87.656881757786 41.987438239871)
c471895da235c2840d970959ac9ab7ca2fdd7f95544af0d5e653441aaae71cd0dea3fc94927610863f196c6429cce69d23dea70c61dc4aac1c90ca3f9f75bbe7,JC248636,,5/3/2019 17:30,30,UNKNOWN,UNKNOWN,UNKNOWN,UNKNOWN,REAR END,UNKNOWN,,STRAIGHT AND LEVEL,UNKNOWN,UNKNOWN,NOT ON SCENE (DESK REPORT),NO INJURY / DRIVE AWAY,,,,"OVER $1,500",5/3/2019 18:55,UNABLE TO DETERMINE,NOT APPLICABLE,3827,N,CUMBERLAND AVE,1631,,,,,,,2,NO INDICATION OF INJURY,0,0,0,0,0,2,0,17,6,5,41.94922775,-87.83643843,POINT (-87.836438428758 41.949227748663)
c3f4208cc395038b002777dd6eee508a27a0e6a03042e27c889bbe53c980601e8a0ccbd94f33c7408a19f948975fe699c22fcb0b8cdbbe09ffa267a1c7de7a31,JC159226,,2/20/2019 11:47,20,NO CONTROLS,NO CONTROLS,RAIN,DAYLIGHT,ANGLE,NOT DIVIDED,,STRAIGHT AND LEVEL,WET,NO DEFECTS,ON SCENE,NO INJURY / DRIVE AWAY,,,,"OVER $1,500",2/20/2019 12:00,UNABLE TO DETERMINE,PHYSICAL CONDITION OF DRIVER,6340,W,BELMONT AVE,1633,,,,,,,2,NO INDICATION OF INJURY,0,0,0,0,0,2,0,11,4,2,41.93843963,-87.78510058,POINT (-87.78510058167 41.938439630354)
c4dc96423d1bc4c50085c69552eadfc0f40b654d5ab1b6edfac9f10bebd49000d696950ae458da1005acdaa226444be3386f305301cfca770ec15ea60a1734c3,JD467895,,12/23/2020 19:00,30,NO CONTROLS,NO CONTROLS,RAIN,"DARKNESS, LIGHTED ROAD",REAR END,NOT DIVIDED,,STRAIGHT AND LEVEL,WET,NO DEFECTS,ON SCENE,NO INJURY / DRIVE AWAY,,,,"$501 - $1,500",12/23/2020 19:01,WEATHER,NOT APPLICABLE,1418,S,HALSTED ST,1232,,,,,,,2,NO INDICATION OF INJURY,0,0,0,0,0,2,0,19,4,12,41.86296442,-87.64694127,POINT (-87.646941272142 41.862964421267)
c4078e6c8515f33204a3b2a4cc4ff9e422491ede7abbb9deab8522190a359765d6fa74380131b4cfe07a9796604f61be2e17c7e25ceb73c54bf0dbf542c923cb,JD279639,,6/29/2020 0:05,35,NO CONTROLS,NO CONTROLS,CLEAR,"DARKNESS, LIGHTED ROAD",FIXED OBJECT,NOT DIVIDED,,STRAIGHT AND LEVEL,DRY,UNKNOWN,ON SCENE,INJURY AND / OR TOW DUE TO CRASH,,,,"OVER $1,500",6/29/2020 2:00,UNABLE TO DETERMINE,NOT APPLICABLE,2500,S,ASHLAND AVE,1034,,,,,,,1,,,,,,,,,0,2,6,41.84651932,-87.66606048,POINT (-87.666060484215 41.846519321236)
c46761434f9c143d69ae1438dc6d40adc334cd7b7d2ccd593ed54e807b05f0487a9698f1ed4994704482f5245e65bafcfb1e70c792a2b0b30e7ea21f9919393d,JA524508,,11/25/2017 9:45,30,TRAFFIC SIGNAL,FUNCTIONING PROPERLY,CLEAR,DUSK,REAR END,DIVIDED - W/MEDIAN (NOT RAISED),6,STRAIGHT AND LEVEL,DRY,NO DEFECTS,NOT ON SCENE (DESK REPORT),NO INJURY / DRIVE AWAY,,,,"OVER $1,500",11/25/2017 10:15,FOLLOWING TOO CLOSELY,FOLLOWING TOO CLOSELY,1,S,ASHLAND AVE,1224,,,,,,,2,NO INDICATION OF INJURY,0,0,0,0,0,2,0,9,7,11,,,
c3a446ad215d664b747546d8f45f8b32f25fc0dd2bd627169782225fc0caf8531afbd02ba51205375fbf749693c03679a0b08ee09028c594c37441d2c72955e1,JD231086,,5/13/2020 8:20,30,STOP SIGN/FLASHER,FUNCTIONING PROPERLY,CLEAR,DAYLIGHT,TURNING,T-INTERSECTION,,STRAIGHT AND LEVEL,DRY,UNKNOWN,ON SCENE,NO INJURY / DRIVE AWAY,Y,,,"OVER $1,500",5/13/2020 8:25,UNABLE TO DETERMINE,UNABLE TO DETERMINE,732,N,ST CLAIR ST,1834,,,,,,,2,NO INDICATION OF INJURY,0,0,0,0,0,4,0,8,4,5,,,
c3efebc9f5fdca88226eff173be99fe4f3b53e96d0034ae5def1acc587978847921b3a59c2f488ada9268b56ef77bd751ed0b804305501a56f94c36be929514f,JF191593,,3/30/2022 15:43,30,NO CONTROLS,NO CONTROLS,RAIN,DAYLIGHT,REAR END,NOT DIVIDED,,STRAIGHT AND LEVEL,WET,NO DEFECTS,ON SCENE,INJURY AND / OR TOW DUE TO CRASH,,,,"OVER $1,500",3/30/2022 16:02,UNABLE TO DETERMINE,NOT APPLICABLE,3218,N,KEDZIE AVE,1733,,,,,,,2,NO INDICATION OF INJURY,0,0,0,0,0,3,0,15,4,3,41.93985259,-87.70778011,POINT (-87.707780113293 41.939852594179)
c6ac3cd2978bfd723c616f2806cfed2b5e3a5d7d81a1dcc907c587760e736a09227833a5bf7a2ec328fcafa5b940809184f9c722fd318e8e569016cb91972093,JC356013,,7/19/2019 18:20,30,NO CONTROLS,NO CONTROLS,CLEAR,DAYLIGHT,REAR END,OTHER,,STRAIGHT AND LEVEL,DRY,NO DEFECTS,ON SCENE,NO INJURY / DRIVE AWAY,,,,"OVER $1,500",7/19/2019 18:28,FOLLOWING TOO CLOSELY,NOT APPLICABLE,5354,N,NAGLE AVE,1613,,,,,,,2,NO INDICATION OF INJURY,0,0,0,0,0,2,0,18,6,7,41.97907184,-87.78795654,POINT (-87.787956540591 41.979071838776)
c5a793f74d1eaaf66bb76f8d510c391dc9feb6c2f1f2e2adffb8747225f58a2c1d8524a8b1ebbe3482e44ee0de2c09518c28e22b77b0cf3d1dfcfe8e7006d13d,JD338086,,8/19/2020 16:40,30,UNKNOWN,UNKNOWN,CLEAR,DAYLIGHT,SIDESWIPE SAME DIRECTION,NOT DIVIDED,,STRAIGHT AND LEVEL,DRY,UNKNOWN,ON SCENE,NO INJURY / DRIVE AWAY,,,,$500 OR LESS,8/19/2020 16:42,IMPROPER LANE USAGE,NOT APPLICABLE,5356,W,ADDISON ST,1634,,,,,,,2,NO INDICATION OF INJURY,0,0,0,0,0,2,0,16,4,8,41.94605415,-87.76164021,POINT (-87.761640212084 41.946054150256)
c4d4b386314d4bfcdd6799c991799e54240f1ff453162a4d29df0163a1295c095ae402adb5380590981476acacc3ad7caf18aa31da32f70593ab052ee8b2c174,JD214756,,4/22/2020 17:21,30,TRAFFIC SIGNAL,UNKNOWN,RAIN,DAYLIGHT,PEDESTRIAN,FOUR WAY,,STRAIGHT AND LEVEL,WET,UNKNOWN,ON SCENE,INJURY AND / OR TOW DUE TO CRASH,,,Y,"OVER $1,500",4/22/2020 17:21,UNABLE TO DETERMINE,NOT APPLICABLE,3602,W,AUGUSTA BLVD,1112,,,,,,,2,NONINCAPACITATING INJURY,1,0,0,1,0,1,0,17,4,4,41.89921558,-87.71658872,POINT (-87.716588715354 41.899215580117)