CRASH_RECORD_ID,RD_NO,CRASH_DATE_EST_I,CRASH_DATE,POSTED_SPEED_LIMIT,TRAFFIC_CONTROL_DEVICE,DEVICE_CONDITION,WEATHER_CONDITION,LIGHTING_CONDITION,FIRST_CRASH_TYPE,TRAFFICWAY_TYPE,LANE_CNT,ALIGNMENT,ROADWAY_SURFACE_COND,ROAD_DEFECT,REPORT_TYPE,CRASH_TYPE,INTERSECTION_RELATED_I,NOT_RIGHT_OF_WAY_I,HIT_AND_RUN_I,DAMAGE,DATE_POLICE_NOTIFIED,PRIM_CONTRIBUTORY_CAUSE,SEC_CONTRIBUTORY_CAUSE,STREET_NO,STREET_DIRECTION,STREET_NAME,BEAT_OF_OCCURRENCE,PHOTOS_TAKEN_I,STATEMENTS_TAKEN_I,DOORING_I,WORK_ZONE_I,WORK_ZONE_TYPE,WORKERS_PRESENT_I,NUM_UNITS,MOST_SEVERE_INJURY,INJURIES_TOTAL,INJURIES_FATAL,INJURIES_INCAPACITATING,INJURIES_NON_INCAPACITATING,INJURIES_REPORTED_NOT_EVIDENT,INJURIES_NO_INDICATION,INJURIES_UNKNOWN,CRASH_HOUR,CRASH_DAY_OF_WEEK,CRASH_MONTH,LATITUDE,LONGITUDE,LOCATION
c7caeb48efa7112439070b682d4fef9388d0e78b8f2339c82973b9f96302138346beba6f6f1182ed5b4b01867f5f324365ca5df1383f51faebb702ef9c0ae544,JC420474,,9/4/2019 20:20,30,NO CONTROLS,NO CONTROLS,CLEAR,DARKNESS,REAR END,NOT DIVIDED,,STRAIGHT AND LEVEL,DRY,NO DEFECTS,ON SCENE,NO INJURY / DRIVE AWAY,,,Y,"$501 - $1,500",9/4/2019 20:25,NOT APPLICABLE,NOT APPLICABLE,2857,W,DIVERSEY AVE,1411,,,,,,,2,NO INDICATION OF INJURY,0,0,0,0,0,3,0,20,4,9,41.93197047,-87.69993162,POINT (-87.699931619044 41.931970469953)
c74684c6fb133e4894d5052fe3a27e2e18bd22218ac6a79ec82163f7a311452513ae54a0f2039571b38b2150c3af412453895e453dcd702dde0203055d0bef09,JB188772,,3/16/2018 23:50,30,TRAFFIC SIGNAL,FUNCTIONING PROPERLY,CLEAR,"DARKNESS, LIGHTED ROAD",REAR END,NOT DIVIDED,2,STRAIGHT AND LEVEL,DRY,UNKNOWN,ON SCENE,INJURY AND / OR TOW DUE TO CRASH,,,,$500 OR LESS,3/17/2018 0:05,FOLLOWING TOO CLOSELY,FAILING TO REDUCE SPEED TO AVOID CRASH,1599,W,RANDOLPH ST,1224,,,,,,,2,NO INDICATION OF INJURY,0,0,0,0,0,3,0,23,6,3,,,
c742e43efba867ebb221e7c401a8d388c39161492b4267fe057ae20147f8091be35a323a4bd0a0c57c356658551aaf73d4f962e0b4bb7e86d20902a5ed5c6ca3,JF190902,,3/29/2022 20:55,30,UNKNOWN,UNKNOWN,CLEAR,UNKNOWN,OTHER NONCOLLISION,ALLEY,,STRAIGHT AND LEVEL,DRY,UNKNOWN,ON SCENE,INJURY AND / OR TOW DUE TO CRASH,,,,"OVER $1,500",3/29/2022 20:55,UNABLE TO DETERMINE,UNABLE TO DETERMINE,233,W,108TH PL,513,,,,,,,1,,,,,,,,,20,3,3,41.69695695,-87.62933181,POINT (-87.629331812589 41.696956951136)
c92f643619c0585b706356c0c71d9133038fcd3f90aab907ed9c3e555ecda0fed2851109cfbcb88dc53953f475b9148c215a13daa43c483dc906dfe9fbf6cfed,JB338291,,7/6/2018 16:30,30,NO CONTROLS,NO CONTROLS,CLEAR,DAYLIGHT,REAR END,NOT DIVIDED,,STRAIGHT AND LEVEL,DRY,NO DEFECTS,,NO INJURY / DRIVE AWAY,,,,"$501 - $1,500",7/6/2018 17:05,NOT APPLICABLE,NOT APPLICABLE,7201,S,CICERO AVE,833,,,,,,,2,NO INDICATION OF INJURY,0,0,0,0,0,2,0,16,6,7,41.76184806,-87.74167065,POINT (-87.741670647349 41.761848063557)
c892ab4965340c868669b12c3b018a028b1908a015f8d847ec860eac5d701637e58859b794d68364baba1b05154ed44a56660f63a86ae7f20cf98eff05065f19,JA506090,,11/10/2017 8:00,30,TRAFFIC SIGNAL,FUNCTIONING PROPERLY,SNOW,DAYLIGHT,REAR END,DIVIDED - W/MEDIAN BARRIER,2,STRAIGHT AND LEVEL,SNOW OR SLUSH,NO DEFECTS,ON SCENE,NO INJURY / DRIVE AWAY,,,,"OVER $1,500",11/10/2017 9:10,WEATHER,NOT APPLICABLE,6258,S,LAKE SHORE DR,331,,,,,,,2,NO INDICATION OF INJURY,0,0,0,0,0,2,0,8,6,11,,,
c7809bdde0742892bc0799e856de9f6a5b20e231d6a94cc5c01c5c9741dd012c25bbd4ff0ef3dac499cd98a8ff720e368bafd82792b82102dc55bffb9c5df29f,JE303938,,7/16/2021 18:30,10,NO CONTROLS,NO CONTROLS,CLEAR,"DARKNESS, LIGHTED ROAD",PARKED MOTOR VEHICLE,PARKING LOT,,STRAIGHT AND LEVEL,DRY,NO DEFECTS,NOT ON SCENE (DESK REPORT),NO INJURY / DRIVE AWAY,,,,"$501 - $1,500",7/16/2021 21:35,UNABLE TO DETERMINE,UNABLE TO DETERMINE,300,W,35TH ST,915,,,,,,,2,,,,,,,,,18,6,7,41.83102144,-87.63413461,POINT (-87.634134606005 41.831021439581)
c70cb93a520a2f3bdd621566069de5b08bb37a72f3fcc99e26fc569ca06bf48eba3e94bce4292fc555109fab2cf78fd230e76e40a59931a8acf2fa47787ec5bc,JE170055,,3/15/2021 21:41,30,NO CONTROLS,NO CONTROLS,RAIN,DARKNESS,FIXED OBJECT,NOT DIVIDED,,STRAIGHT AND LEVEL,WET,NO DEFECTS,ON SCENE,INJURY AND / OR TOW DUE TO CRASH,Y,,,$500 OR LESS,3/15/2021 21:58,UNABLE TO DETERMINE,UNABLE TO DETERMINE,318,E,71ST ST,322,,,,,,,1,FATAL,1,1,0,0,0,0,0,21,2,3,41.76577253,-87.61763392,POINT (-87.617633917262 41.765772528879)
c8ca3069be51e1360a799b2341ce7a90d0ed43b68fa2fcc776bbbd0907b33c2abb827e76858c222fe482cb10ef388a60304cb6560800fa6010acaccae3a970a5,JC533930,,12/4/2019 7:50,30,NO CONTROLS,NO CONTROLS,CLEAR,DAYLIGHT,TURNING,OTHER,,STRAIGHT AND LEVEL,DRY,NO DEFECTS,ON SCENE,INJURY AND / OR TOW DUE TO CRASH,,,,"OVER $1,500",12/4/2019 7:50,UNABLE TO DETERMINE,NOT APPLICABLE,11100,S,INDIANA AVE,531,,,,,,,2,"REPORTED, NOT EVIDENT",1,0,0,0,1,1,0,7,4,12,41.69255566,-87.61842881,POINT (-87.618428811971 41.692555657356)
c9674196d43ae4458a2aabe3538287ecf3f544e33cf17c9b690a9ffacaf42d3631071ed3e4181f1bf682addad853a41671c88b15f538c368545f5b7cae9ccabe,JC327172,,6/29/2019 11:18,30,TRAFFIC SIGNAL,FUNCTIONING PROPERLY,CLEAR,DAYLIGHT,ANGLE,FOUR WAY,,STRAIGHT AND LEVEL,DRY,NO DEFECTS,ON SCENE,INJURY AND / OR TOW DUE TO CRASH,Y,,,"OVER $1,500",6/29/2019 11:18,DISREGARDING TRAFFIC SIGNALS,NOT APPLICABLE,501,S,SACRAMENTO BLVD,1135,,,,,,,2,NONINCAPACITATING INJURY,1,0,0,1,0,2,0,11,7,6,,,
c8ba2ff11284ec6dee4686a9a1709b210a02fb151fb30809fce7453bcc7a404a2b877ecf8db022eedcec56dbe83d8959f1178e6eafb6f69a7c0cfc2622e4b95e,JD333711,,8/15/2020 18:00,20,NO CONTROLS,NO CONTROLS,RAIN,DAYLIGHT,REAR END,ONE-WAY,,"CURVE, LEVEL",WET,NO DEFECTS,ON SCENE,NO INJURY / DRIVE AWAY,,,,"$501 - $1,500",8/15/2020 18:05,"OPERATING VEHICLE IN ERRATIC, RECKLESS, CARELESS, NEGLIGENT OR AGGRESSIVE MANNER",WEATHER,3,W,TERMINAL ST,1653,,,,,,,2,NO INDICATION OF INJURY,0,0,0,0,0,2,0,18,7,8,,,
c9ccb49866602bd9f66bdd56c751bcc662a3a87d56eb4aaf4730ceaa15474bc6ae3be7d3a9218f7bcdcbeff88ebf6378f793893e0a64dbf52f1c3903485103ab,JF295914,,6/27/2022 9:20,30,NO CONTROLS,NO CONTROLS,CLEAR,DAYLIGHT,PARKED MOTOR VEHICLE,UNKNOWN,,STRAIGHT AND LEVEL,DRY,NO DEFECTS,ON SCENE,NO INJURY / DRIVE AWAY,,,,"OVER $1,500",6/27/2022 12:05,DRIVING SKILLS/KNOWLEDGE/EXPERIENCE,UNABLE TO DETERMINE,1419,W,CARROLL AVE,1215,,,,,,,2,,,,,,,,,9,2,6,41.88732928,-87.66330569,POINT (-87.663305690052 41.887329275371)
c6b8f86e323913eef0e1c167d5bd66557b6950c78f7aa1070f5584cb71d82448df8e0270c4bb90d430715240378fb3d4d461f0d9866fcdc59a86229281ada641,JD216749,,4/25/2020 10:15,30,NO CONTROLS,NO CONTROLS,RAIN,DAYLIGHT,REAR END,NOT DIVIDED,,STRAIGHT AND LEVEL,WET,NO DEFECTS,ON SCENE,INJURY AND / OR TOW DUE TO CRASH,,,,"OVER $1,500",4/25/2020 10:15,EQUIPMENT - VEHICLE CONDITION,WEATHER,655,W,65TH ST,723,,,,,,,2,"REPORTED, NOT EVIDENT",1,0,0,0,1,1,0,10,7,4,41.77603811,-87.64186306,POINT (-87.641863062478 41.77603810771)
caa300c1d7210506174618ff10be364f5913ff7a8ba40386305a83afd6ec5aef2aec3d81c0b5fb18398cfec392a03080cf3a8507dcf575777bb2245e5e50d123,JB433336,,9/13/2018 8:15,20,NO CONTROLS,NO CONTROLS,CLEAR,DAYLIGHT,ANGLE,ONE-WAY,,STRAIGHT AND LEVEL,DRY,NO DEFECTS,ON SCENE,INJURY AND / OR TOW DUE TO CRASH,,,,"OVER $1,500",9/13/2018 8:17,FAILING TO YIELD RIGHT-OF-WAY,NOT APPLICABLE,6714,S,KENNETH AVE,833,,Y,,,,,3,NO INDICATION OF INJURY,0,0,0,0,0,3,0,8,5,9,41.77075422,-87.73367717,POINT (-87.733677170331 41.770754223622)
cd1f55330dda78da63337de9b55ee3fe5d3a3d95e4c21521bbaa08e32c3f54cef5068acbfd6565a4d79ad5333d1c23acf98fee2820a277ecae6f93a516018624,JD172382,,3/3/2020 11:05,30,NO CONTROLS,NO CONTROLS,CLEAR,DAYLIGHT,FIXED OBJECT,NOT DIVIDED,,STRAIGHT AND LEVEL,DRY,NO DEFECTS,ON SCENE,NO INJURY / DRIVE AWAY,,,,"OVER $1,500",3/3/2020 11:09,UNABLE TO DETERMINE,NOT APPLICABLE,3331,W,AUGUSTA BLVD,1121,,,,,,,1,NO INDICATION OF INJURY,0,0,0,0,0,1,0,11,3,3,41.89904693,-87.71014967,POINT (-87.710149666469 41.899046932511)
cc6bb13607c20616653acb58dec426ce9e82182d94de2c4189e9448ae0cfc429c211ca6f2350c520b2b4fb3f5418232db79fae2cb94b5e1116d58fcf4a9e3825,JE293680,,7/7/2021 16:52,15,NO CONTROLS,NO CONTROLS,CLEAR,DAYLIGHT,REAR END,ALLEY,,"CURVE, LEVEL",DRY,NO DEFECTS,ON SCENE,INJURY AND / OR TOW DUE TO CRASH,,,,"OVER $1,500",7/7/2021 16:57,UNABLE TO DETERMINE,UNABLE TO DETERMINE,2302,W,95TH ST,2221,,,,,,,2,NO INDICATION OF INJURY,0,0,0,0,0,4,0,16,4,7,41.72108295,-87.67978068,POINT (-87.679780676097 41.72108295396)
ca8232628c491dc5d2147625574005e9266d11660bff107e59d415bfcef1a1d574b2455425f65c757e7ebb84455316250a233acdd26dc6b874b9c180759d94c9,JA162434,,2/21/2017 18:20,5,LANE USE MARKING,FUNCTIONING PROPERLY,CLEAR,"DARKNESS, LIGHTED ROAD",SIDESWIPE SAME DIRECTION,DIVIDED - W/MEDIAN BARRIER,6,"CURVE, LEVEL",DRY,NO DEFECTS,ON SCENE,INJURY AND / OR TOW DUE TO CRASH,,Y,,"OVER $1,500",2/21/2017 18:20,UNABLE TO DETERMINE,UNABLE TO DETERMINE,8850,S,CHICAGO SKYWAY OB,423,,,,,,,2,NO INDICATION OF INJURY,0,0,0,0,0,2,0,18,3,2,,,
cc64006014bc6b2697e50dc5b91810a3c192fe88b482ee0ddb4d7fbb8078b780ec2fd57d6b5deca821d1fc9b382f09f316c61bc9de940db0a5d2d6bef5ac2d18,JE395450,,10/2/2021 13:59,10,NO CONTROLS,NO CONTROLS,CLEAR,DAYLIGHT,ANGLE,PARKING LOT,,STRAIGHT AND LEVEL,DRY,UNKNOWN,NOT ON SCENE (DESK REPORT),NO INJURY / DRIVE AWAY,,,,"$501 - $1,500",10/2/2021 14:35,UNABLE TO DETERMINE,NOT APPLICABLE,2904,W,87TH ST,835,,,,,,,2,NO INDICATION OF INJURY,0,0,0,0,0,2,0,13,7,10,41.73542527,-87.69492871,POINT (-87.694928705171 41.735425264952)
cc53d45f3daaeb8ab3eca6711979d364f90827d233526745ead26a669e040ef8521e0b92e07dae9b6ad9c94d3a1534ccfce89207fa6e5c0decc53fda92cd4003,JF185750,,3/25/2022 6:00,25,NO CONTROLS,NO CONTROLS,CLOUDY/OVERCAST,DAWN,PARKED MOTOR VEHICLE,ONE-WAY,,STRAIGHT AND LEVEL,WET,NO DEFECTS,ON SCENE,NO INJURY / DRIVE AWAY,,,Y,"OVER $1,500",3/25/2022 6:09,IMPROPER LANE USAGE,DRIVING SKILLS/KNOWLEDGE/EXPERIENCE,1,W,TERMINAL ST,1651,,,,,,,2,NO INDICATION OF INJURY,0,0,0,0,0,1,0,6,6,3,,,
ccf98ff6ed14baa0fae2cb230648c14fdcb2f0a5c383ac665a7743512db23919ec89c6f859b85da6d73ccb9f5801de3fa580e96ac36a0b2fd146a6b4302a6759,JE217932,,5/3/2021 8:40,35,NO CONTROLS,NO CONTROLS,RAIN,DAYLIGHT,ANGLE,OTHER,,"CURVE, LEVEL",WET,NO DEFECTS,ON SCENE,NO INJURY / DRIVE AWAY,,,,"$501 - $1,500",5/3/2021 8:40,UNABLE TO DETERMINE,UNABLE TO DETERMINE,6016,N,RAVENSWOOD AVE,2413,,,,,,,2,NO INDICATION OF INJURY,0,0,0,0,0,2,0,8,2,5,41.99126954,-87.67542112,POINT (-87.675421118425 41.991269537529)
cbd1155fcb93ffea0f6b93ce5250a948b53812030df83318c9b60d2363affab53294ad57b3ab7c12a864cac1b2777d18d0759a23bfdeeffd1ee71309fa479782,JE269678,,6/17/2021 17:12,30,NO CONTROLS,UNKNOWN,CLEAR,DAYLIGHT,SIDESWIPE SAME DIRECTION,NOT DIVIDED,,STRAIGHT AND LEVEL,DRY,UNKNOWN,ON SCENE,NO INJURY / DRIVE AWAY,,,,"$501 - $1,500",6/17/2021 18:00,IMPROPER BACKING,NOT APPLICABLE,3899,W,MADISON ST,1122,,,,,,,2,NO INDICATION OF INJURY,0,0,0,0,0,3,0,17,5,6,41.88064903,-87.72312472,POINT (-87.723124724118 41.880649029868)
ca423830b3c95a2997882916e828a8fa7e37728291d22c120a4ff2163043855e8cec0c9f3c9210bc348ca2884f9c467fa33f64e750b4d298de56b2c48b08dccf,JE434641,,11/5/2021 9:30,10,NO CONTROLS,NO CONTROLS,CLEAR,DAYLIGHT,REAR TO FRONT,PARKING LOT,,STRAIGHT AND LEVEL,DRY,NO DEFECTS,ON SCENE,NO INJURY / DRIVE AWAY,,,,$500 OR LESS,11/5/2021 9:40,IMPROPER BACKING,NOT APPLICABLE,8501,W,HIGGINS RD,1614,,,,,,,2,NO INDICATION OF INJURY,0,0,0,0,0,2,0,9,6,11,41.98667789,-87.83935861,POINT (-87.839358609257 41.986677891905)
cc8d57cac9f64482b858cbb593e5dec47a56e893662e4ae1117ddec5f671a256876f7f4b7e167bf2f04a77084df9d6cb8353b4f2edd995c3a21d844b198be97a,JC327846,,6/29/2019 20:39,30,NO CONTROLS,NO CONTROLS,CLEAR,DUSK,FIXED OBJECT,ONE-WAY,,STRAIGHT AND LEVEL,DRY,NO DEFECTS,ON SCENE,INJURY AND / OR TOW DUE TO CRASH,,,,"OVER $1,500",6/29/2019 20:40,UNABLE TO DETERMINE,UNABLE TO DETERMINE,5955,W,WALTON ST,1511,,,,,,,1,INCAPACITATING INJURY,1,0,1,0,0,0,0,20,7,6,41.89734385,-87.77455347,POINT (-87.774553469072 41.897343851644)
cbbc7e824cfb067b5c5f9275d786f3b9953c8dbd243e8032a57a7240b8ad8073554dddab1110319bea950195da4f6900bcc6228c73fd9039049379797550e637,JF178509,,3/18/2022 15:12,30,TRAFFIC SIGNAL,FUNCTIONING PROPERLY,RAIN,DAYLIGHT,TURNING,FOUR WAY,,STRAIGHT AND LEVEL,WET,NO DEFECTS,ON SCENE,NO INJURY / DRIVE AWAY,,,Y,"OVER $1,500",3/18/2022 15:52,UNABLE TO DETERMINE,NOT APPLICABLE,1600,W,119TH ST,2234,,,,,,,2,NO INDICATION OF INJURY,0,0,0,0,0,2,0,15,6,3,41.67765356,-87.66138892,POINT (-87.661388920263 41.6776535606)
cb83d41c384a8c5bbfe67c7e7fb2e05e6c43038c85646a59d50421604fe545e8a07bf882454439a64e1e264f5bde2397da97668adf48f4503c945f73ae6f7591,JE202877,,4/6/2021 17:04,10,NO CONTROLS,NO CONTROLS,CLEAR,DUSK,REAR END,OTHER,,STRAIGHT AND LEVEL,DRY,NO DEFECTS,,NO INJURY / DRIVE AWAY,,,,"OVER $1,500",4/18/2021 11:25,UNABLE TO DETERMINE,UNABLE TO DETERMINE,5701,N,BROADWAY,2022,,,,,,,2,NO INDICATION OF INJURY,0,0,0,0,0,2,0,17,3,4,41.98547919,-87.65997884,POINT (-87.659978842493 41.985479187915)
cbb75b93d6a773ad1e808f328e79bee87632942659db17d3f9f91bd2e3ab61eb8e52d134f66810fe53c0ee431efb80e6f116559dea4c8726ce8d2c65547fac55,JE258941,,6/8/2021 20:00,25,NO CONTROLS,NO CONTROLS,CLEAR,DAWN,OTHER NONCOLLISION,ONE-WAY,,STRAIGHT AND LEVEL,DRY,OTHER,ON SCENE,NO INJURY / DRIVE AWAY,,,,"$501 - $1,500",6/8/2021 20:22,UNABLE TO DETERMINE,NOT APPLICABLE,700,W,92ND ST,2223,,,,,,,1,NO INDICATION OF INJURY,0,0,0,0,0,1,0,20,3,6,41.72708206,-87.64100206,POINT (-87.641002057203 41.727082055389)
cc7c4640215c55b67732cb18921b3be303cffa43d4df9b4ad065261e9428fd9c4032f17d4bbeabd6c90e11bd3072ad4fa125a368e6701944bd5ec0e762b40fd1,JF129788,,1/31/2022 13:50,20,NO CONTROLS,NO CONTROLS,CLEAR,DAYLIGHT,ANGLE,PARKING LOT,,STRAIGHT AND LEVEL,DRY,NO DEFECTS,ON SCENE,NO INJURY / DRIVE AWAY,,,Y,"OVER $1,500",1/31/2022 15:06,FAILING TO YIELD RIGHT-OF-WAY,IMPROPER BACKING,7601,S,CICERO AVE,833,,,,,,,2,NO INDICATION OF INJURY,0,0,0,0,0,4,0,13,2,1,41.75466012,-87.74138476,POINT (-87.741384758605 41.754660124394)
caf422b4465957df2f27d98ed78cb2caa8963e62d0b6d70998b98ba9d7460c604569738bab0d07b326cf7472a2f4052114cad2ceac5f87761ad902077ad77db3,JC168974,,2/28/2019 12:34,15,NO CONTROLS,NO CONTROLS,CLEAR,DAYLIGHT,FIXED OBJECT,ALLEY,,STRAIGHT AND LEVEL,DRY,NO DEFECTS,ON SCENE,NO INJURY / DRIVE AWAY,,Y,,"OVER $1,500",2/28/2019 14:11,NOT APPLICABLE,NOT APPLICABLE,3415,W,37TH PL,911,,,,,,,1,NO INDICATION OF INJURY,0,0,0,0,0,1,0,12,5,2,41.82512489,-87.70997487,POINT (-87.709974872665 41.825124884762)
cb68c7ad26b3ca17324ddb9823507099ff797337aea9c11b81bebc37a2d7e40314564261ef703f8e05662018edb43c047700a52d39916e4c31d05288c38ff770,JD421522,,11/5/2020 9:17,30,NO CONTROLS,NO CONTROLS,CLEAR,DAYLIGHT,FIXED OBJECT,NOT DIVIDED,,STRAIGHT AND LEVEL,DRY,NO DEFECTS,ON SCENE,NO INJURY / DRIVE AWAY,,,,$500 OR LESS,11/5/2020 9:19,NOT APPLICABLE,NOT APPLICABLE,406,N,ST LOUIS AVE,1123,,,,,,,1,NO INDICATION OF INJURY,0,0,0,0,0,1,0,9,5,11,41.88855364,-87.7138164,POINT (-87.713816400478 41.888553643265)
cbd3dce6a61beb127cd889408936cf5b8a2c3145ff93e8b9d9ee7a8e15dd7c2a7d748eb0783ce450913ac73cfd81c87982a6ab09a469547c77701f104458579b,JB138043,,2/1/2018 19:50,0,TRAFFIC SIGNAL,FUNCTIONING PROPERLY,CLEAR,"DARKNESS, LIGHTED ROAD",REAR END,DIVIDED - W/MEDIAN (NOT RAISED),,STRAIGHT AND LEVEL,DRY,NO DEFECTS,NOT ON SCENE (DESK REPORT),NO INJURY / DRIVE AWAY,,,,"OVER $1,500",2/1/2018 20:20,FOLLOWING TOO CLOSELY,NOT APPLICABLE,1570,E,47TH DR,222,,,,,,,2,NO INDICATION OF INJURY,0,0,0,0,0,2,0,19,5,2,,,
ca736cb2ec38ca2ed766d9fa41d3697226d1009d984d8d9835a0ba67f4dbcebb801ca2ac5a05de5291c229d95dc8a94f7a3c9f262520953040f48f76b5d33b92,JC180661,,3/10/2019 19:10,30,NO CONTROLS,NO CONTROLS,CLEAR,DUSK,ANGLE,NOT DIVIDED,2,STRAIGHT AND LEVEL,DRY,NO DEFECTS,NOT ON SCENE (DESK REPORT),NO INJURY / DRIVE AWAY,Y,,Y,"$501 - $1,500",3/10/2019 19:30,IMPROPER BACKING,NOT APPLICABLE,1545,N,KOSTNER AVE,2534,,,,,,,2,NO INDICATION OF INJURY,0,0,0,0,0,5,0,19,1,3,41.90897915,-87.73617413,POINT (-87.736174133713 41.908979146585)
daeef31b74d6690d9e71f18c71d86a61b98dae4c03aed8923a78e6d85aabb3ab8873894a0ae969ac2757e73fb3eeb57c18b8571a52f31b7da41d546ba33a8c44,JE253141,,6/4/2021 7:05,15,NO CONTROLS,NO CONTROLS,CLEAR,DAYLIGHT,TURNING,PARKING LOT,,STRAIGHT ON GRADE,DRY,NO DEFECTS,ON SCENE,NO INJURY / DRIVE AWAY,Y,,,"OVER $1,500",6/4/2021 7:15,FAILING TO YIELD RIGHT-OF-WAY,IMPROPER TURNING/NO SIGNAL,1,W,PARKING LOT C ST,1654,,,,,,,2,NO INDICATION OF INJURY,0,0,0,0,0,2,0,7,6,6,,,
d92e938bc78d29401d5ebf0f4d98d12b387e40e5d2247617891d1579a9666c52b0457689e9268847b18ba16596ac59307f94ae560f447e5f29e3d78c6f868ea7,JD114983,,1/14/2020 8:00,30,TRAFFIC SIGNAL,FUNCTIONING PROPERLY,CLEAR,DAYLIGHT,TURNING,DIVIDED - W/MEDIAN (NOT RAISED),,STRAIGHT AND LEVEL,DRY,NO DEFECTS,NOT ON SCENE (DESK REPORT),NO INJURY / DRIVE AWAY,,,,"$501 - $1,500",1/14/2020 8:35,IMPROPER TURNING/NO SIGNAL,NOT APPLICABLE,530,N,COLUMBUS DR,1834,,,,,,,2,NO INDICATION OF INJURY,0,0,0,0,0,2,0,8,3,1,,,
cda3c54ebdba094aecbddc7e1e950635d740a4bcdd4fdd78d0097507cce12f6527e7db41edb289287d3baa67527dbe37caf4e2c6242fde9122c3ae063039a5f9,JD207384,,4/12/2020 5:45,15,NO CONTROLS,NO CONTROLS,CLEAR,DAWN,PARKED MOTOR VEHICLE,ONE-WAY,,STRAIGHT AND LEVEL,DRY,NO DEFECTS,ON SCENE,INJURY AND / OR TOW DUE TO CRASH,,,,"OVER $1,500",4/12/2020 5:48,UNABLE TO DETERMINE,NOT APPLICABLE,2414,W,57TH ST,824,,,,,,,2,NO INDICATION OF INJURY,0,0,0,0,0,1,0,5,1,4,41.79031153,-87.68464877,POINT (-87.684648765772 41.790311530426)
d07584023e156d465a7cb32f67fb0b1b1d190761a400cb290c5259d68208af76f45fae6453ddedff7de0f2b4d6f60684dad785c20082f73702f4c2bda443f099,JA468646,,10/12/2017 11:55,30,UNKNOWN,UNKNOWN,UNKNOWN,UNKNOWN,REAR END,UNKNOWN,1,STRAIGHT AND LEVEL,UNKNOWN,UNKNOWN,NOT ON SCENE (DESK REPORT),NO INJURY / DRIVE AWAY,,,,$500 OR LESS,10/12/2017 16:00,IMPROPER BACKING,NOT APPLICABLE,1041,N,MAYFIELD AVE,1511,,,,,,,2,NO INDICATION OF INJURY,0,0,0,0,0,2,0,11,5,10,41.89961462,-87.77271427,POINT (-87.772714271051 41.899614621546)
ce5ecae9555f96005905f51818101855eb30b626d494644f1f2868b016885dfb6b1027e228728880dea91a4ba307978a27d5f3041ca590d0829048b198d35846,JE243488,,5/26/2021 12:45,30,NO CONTROLS,NO CONTROLS,CLEAR,DAYLIGHT,TURNING,T-INTERSECTION,,STRAIGHT AND LEVEL,DRY,NO DEFECTS,ON SCENE,NO INJURY / DRIVE AWAY,Y,,Y,"OVER $1,500",5/26/2021 12:47,UNABLE TO DETERMINE,NOT APPLICABLE,6001,S,ASHLAND AVE,713,,,,,,,2,NO INDICATION OF INJURY,0,0,0,0,0,2,0,12,4,5,41.78484032,-87.66420419,POINT (-87.664204193636 41.784840316339)
cefea45228630edf247b8dde5738c3a60f66cbc86ae9c04bb00f5e2ba99a136f79f9afd0c1665818a69f72514886c16ff10e7b76142b8d389d1003c04ddd7fdf,JB302055,,8/6/2018 15:03,30,NO CONTROLS,NO CONTROLS,CLEAR,DAYLIGHT,PARKED MOTOR VEHICLE,NOT DIVIDED,,STRAIGHT AND LEVEL,DRY,NO DEFECTS,ON SCENE,NO INJURY / DRIVE AWAY,,,Y,"OVER $1,500",8/6/2018 15:15,UNABLE TO DETERMINE,NOT APPLICABLE,2853,N,TRIPP AVE,2523,Y,Y,,,,,4,NO INDICATION OF INJURY,0,0,0,0,0,1,0,15,2,8,41.93329223,-87.73302596,POINT (-87.733025960632 41.933292227666)
cff7a457aa4471df66bc36232207802f76ba73fe56dfb8fb6641e7492a8a8d3881642cd30ab86cd5d7fe5fceb43471d558693726a343e1c8973293fbe500d4db,JC291487,,6/4/2019 10:44,30,NO CONTROLS,NO CONTROLS,UNKNOWN,DAYLIGHT,ANGLE,NOT DIVIDED,,STRAIGHT AND LEVEL,UNKNOWN,UNKNOWN,ON SCENE,NO INJURY / DRIVE AWAY,,,Y,"OVER $1,500",6/4/2019 10:45,UNABLE TO DETERMINE,NOT APPLICABLE,1298,E,83RD ST,411,,,,,,,2,NO INDICATION OF INJURY,0,0,0,0,0,3,0,10,3,6,41.74422412,-87.59294345,POINT (-87.592943446076 41.744224123889)
d06c15844e65c5d4960838e88592e45b9f548de1e9c7cd20bb7dd19c88f03618cc50a667e258ddfb4b14b5d21dd6b05b849770cde2f31f9b0ba61d5d9dbd854d,JF147402,,2/17/2022 12:56,25,NO CONTROLS,NO CONTROLS,RAIN,DAYLIGHT,PARKED MOTOR VEHICLE,NOT DIVIDED,,STRAIGHT AND LEVEL,WET,UNKNOWN,ON SCENE,NO INJURY / DRIVE AWAY,,,,$500 OR LESS,2/17/2022 12:56,IMPROPER BACKING,NOT APPLICABLE,7452,N,WESTERN AVE,2411,,,,,,,2,NO INDICATION OF INJURY,0,0,0,0,0,1,0,12,5,2,42.0174068,-87.69034419,POINT (-87.690344192025 42.017406800731)
cdcc80926030ca0c18a726c9606d379a525e656323cab535d4c9d27b97900cbb38deb7688195d1b051945cef2aa8ce30038d4dd39f193569c486c712497c9118,JD187608,,3/16/2020 15:00,25,NO CONTROLS,NO CONTROLS,CLEAR,DAYLIGHT,REAR END,NOT DIVIDED,,STRAIGHT AND LEVEL,DRY,UNKNOWN,ON SCENE,NO INJURY / DRIVE AWAY,,,Y,"OVER $1,500",3/16/2020 15:09,UNABLE TO DETERMINE,UNABLE TO DETERMINE,1328,E,63RD ST,314,,,,,,,2,NO INDICATION OF INJURY,0,0,0,0,0,2,0,15,2,3,41.78065956,-87.59339321,POINT (-87.593393205165 41.780659564107)