CRASH_RECORD_ID,RD_NO,CRASH_DATE_EST_I,CRASH_DATE,POSTED_SPEED_LIMIT,TRAFFIC_CONTROL_DEVICE,DEVICE_CONDITION,WEATHER_CONDITION,LIGHTING_CONDITION,FIRST_CRASH_TYPE,TRAFFICWAY_TYPE,LANE_CNT,ALIGNMENT,ROADWAY_SURFACE_COND,ROAD_DEFECT,REPORT_TYPE,CRASH_TYPE,INTERSECTION_RELATED_I,NOT_RIGHT_OF_WAY_I,HIT_AND_RUN_I,DAMAGE,DATE_POLICE_NOTIFIED,PRIM_CONTRIBUTORY_CAUSE,SEC_CONTRIBUTORY_CAUSE,STREET_NO,STREET_DIRECTION,STREET_NAME,BEAT_OF_OCCURRENCE,PHOTOS_TAKEN_I,STATEMENTS_TAKEN_I,DOORING_I,WORK_ZONE_I,WORK_ZONE_TYPE,WORKERS_PRESENT_I,NUM_UNITS,MOST_SEVERE_INJURY,INJURIES_TOTAL,INJURIES_FATAL,INJURIES_INCAPACITATING,INJURIES_NON_INCAPACITATING,INJURIES_REPORTED_NOT_EVIDENT,INJURIES_NO_INDICATION,INJURIES_UNKNOWN,CRASH_HOUR,CRASH_DAY_OF_WEEK,CRASH_MONTH,LATITUDE,LONGITUDE,LOCATION
ce9bfe198b0fc5a34d61ddde335360df8c71ac5f9a89c8d6383a7ff5d55378ed9c19cbb04788d463b18e0ae43142db81fca952d2d32f400a4adff4a0428b8d04,JC343437,,7/10/2019 19:31,25,NO CONTROLS,NO CONTROLS,CLEAR,DAYLIGHT,PARKED MOTOR VEHICLE,ONE-WAY,,STRAIGHT AND LEVEL,UNKNOWN,UNKNOWN,ON SCENE,NO INJURY / DRIVE AWAY,,,Y,"OVER $1,500",7/10/2019 20:44,UNABLE TO DETERMINE,NOT APPLICABLE,2010,N,LA CROSSE AVE,2522,,,,,,,2,NO INDICATION OF INJURY,0,0,0,0,0,1,0,19,4,7,41.91728506,-87.74759606,POINT (-87.747596057301 41.917285062538)
cda8506e9d2f39d3c5c1afc4873ef0e012e9a1941a903ffae475100ee3219dda7613b40aa5dad659bcd5c77f08bdfcd3448d47ec2310856ff3dac1017f642c35,JD288166,,7/6/2020 20:09,30,NO CONTROLS,NO CONTROLS,CLEAR,DUSK,PARKED MOTOR VEHICLE,NOT DIVIDED,,STRAIGHT AND LEVEL,DRY,NO DEFECTS,ON SCENE,NO INJURY / DRIVE AWAY,,,,"$501 - $1,500",7/6/2020 20:09,UNABLE TO DETERMINE,UNABLE TO DETERMINE,258,E,47TH ST,215,,,,,,,2,NO INDICATION OF INJURY,0,0,0,0,0,1,0,20,2,7,41.80944434,-87.61967706,POINT (-87.619677059338 41.80944433866)
d09d1044096467aab8846d4ced16fef5c7e918d4914dd6acd686fa84f9d1177358597f772f105ab84e0b0c49c9e0626c3843d9aee84d72a0ddd6b294654a9104,HZ450516,,9/26/2016 9:32,30,TRAFFIC SIGNAL,FUNCTIONING PROPERLY,CLEAR,DAYLIGHT,REAR END,NOT DIVIDED,,STRAIGHT AND LEVEL,DRY,NO DEFECTS,NOT ON SCENE (DESK REPORT),NO INJURY / DRIVE AWAY,,,,"$501 - $1,500",9/26/2016 15:05,UNABLE TO DETERMINE,UNABLE TO DETERMINE,7258,S,ANTHONY AVE,323,,,,,,,2,NO INDICATION OF INJURY,0,0,0,0,0,4,0,9,2,9,,,
cec9d0e296851087fea997520ff74cfa5da33d36dc27e2a76f5e46d74e0b680d19526ba63c66acc28ec34a25a22d6bd9cd5978814c6e991231e30290fa94ca21,JE317386,,7/28/2021 13:20,15,NO CONTROLS,NO CONTROLS,CLEAR,DAYLIGHT,PARKED MOTOR VEHICLE,PARKING LOT,,STRAIGHT AND LEVEL,DRY,NO DEFECTS,,NO INJURY / DRIVE AWAY,,,,"OVER $1,500",7/28/2021 15:00,UNABLE TO DETERMINE,NOT APPLICABLE,20,E,RANDOLPH ST,111,,,,,,,2,NO INDICATION OF INJURY,0,0,0,0,0,1,0,13,4,7,41.88460286,-87.62718694,POINT (-87.627186940196 41.884602854888)
d0464eb497b5e568d035badc8d182fa3bf5f8f8a512c09408365e43d6841c88d0db36730a0b310c3abbef450e8cd0ba794b454774e273dc9db08f5a153cdfd7a,JD113490,,1/10/2020 22:15,20,NO CONTROLS,NO CONTROLS,RAIN,"DARKNESS, LIGHTED ROAD",REAR END,ONE-WAY,,STRAIGHT AND LEVEL,WET,UNKNOWN,NOT ON SCENE (DESK REPORT),NO INJURY / DRIVE AWAY,,,Y,"$501 - $1,500",1/12/2020 20:30,FOLLOWING TOO CLOSELY,UNABLE TO DETERMINE,412,W,OHARE ST,1654,,,,,,,2,NO INDICATION OF INJURY,0,0,0,0,0,2,0,22,6,1,,,
cde68148fc35873fa3f1efcf189fc0d5d8862a203803153f076bd078c2c006eb17c0ad1fa0d16fa767f72b8d5a601371353f84dac5ff90b8a7dc232c6c0e6b58,JA501699,,11/6/2017 19:15,30,NO CONTROLS,NO CONTROLS,UNKNOWN,UNKNOWN,REAR END,NOT DIVIDED,,STRAIGHT AND LEVEL,UNKNOWN,UNKNOWN,ON SCENE,NO INJURY / DRIVE AWAY,,,,"OVER $1,500",11/6/2017 19:20,UNABLE TO DETERMINE,UNABLE TO DETERMINE,2099,E,79TH ST,414,,,,,,,2,NO INDICATION OF INJURY,0,0,0,0,0,2,0,19,2,11,41.75152712,-87.57360178,POINT (-87.57360177756 41.751527115465)
d06cc46ff8b71e24aea835e73e6abcb5795db3f0ca89d8a53523a8a6f96156f151175a172874cdd0eaa4dfbf1e8f220b4afa2a04af94e4a114cb66fb5a218f95,JD238318,,5/21/2020 9:30,35,TRAFFIC SIGNAL,UNKNOWN,CLEAR,DAYLIGHT,ANGLE,FOUR WAY,,STRAIGHT ON GRADE,DRY,NO DEFECTS,ON SCENE,NO INJURY / DRIVE AWAY,Y,,,"OVER $1,500",5/21/2020 9:36,DISREGARDING TRAFFIC SIGNALS,NOT APPLICABLE,4700,S,STATE ST,224,,,,,,,2,NO INDICATION OF INJURY,0,0,0,0,0,2,0,9,5,5,41.80914302,-87.62622913,POINT (-87.626229132272 41.809143017867)
d04bfaa38097c7048003f6398eb06182771a384d687b2de4c99476d0c901aa8e005b666eb8073ca17cac75778d47363dbaa41268034e8386a9123a758fe182fa,JF253101,,5/23/2022 18:42,30,TRAFFIC SIGNAL,FUNCTIONING PROPERLY,CLEAR,DAYLIGHT,REAR END,FOUR WAY,,STRAIGHT AND LEVEL,DRY,UNKNOWN,ON SCENE,NO INJURY / DRIVE AWAY,,,,"OVER $1,500",5/23/2022 19:15,UNABLE TO DETERMINE,UNABLE TO DETERMINE,4804,N,PULASKI RD,1712,,,,,,,2,NO INDICATION OF INJURY,0,0,0,0,0,2,0,18,2,5,41.96839968,-87.7281796,POINT (-87.728179596101 41.968399682656)
ce7df99d591152f454f0ca3916b1e0bcf58340f353a0818871c60aaf0c67c8ce4fc2088275bfe878d34721b8e78ff5abaa99d826f3924c9de0e188340ab3a93f,JE315376,,7/25/2021 12:40,30,TRAFFIC SIGNAL,FUNCTIONING PROPERLY,CLEAR,DAYLIGHT,REAR END,FOUR WAY,,STRAIGHT AND LEVEL,DRY,NO DEFECTS,NOT ON SCENE (DESK REPORT),INJURY AND / OR TOW DUE TO CRASH,Y,,Y,"OVER $1,500",7/26/2021 21:30,UNABLE TO DETERMINE,NOT APPLICABLE,6299,S,LAKE SHORE DR,331,,,,,,,2,NONINCAPACITATING INJURY,2,0,0,2,0,1,0,12,1,7,,,
ce31555985817ff5bfef85663dec19b3b9d050ab83767424b53506b00a51dc47ec95c4e527af6e17e42a78e4908bef90b26f8c8b48a8af40543d38420b4176f4,JD357740,,9/5/2020 18:45,25,NO CONTROLS,NO CONTROLS,CLEAR,DAYLIGHT,PARKED MOTOR VEHICLE,ONE-WAY,,STRAIGHT AND LEVEL,DRY,NO DEFECTS,ON SCENE,NO INJURY / DRIVE AWAY,,,Y,$500 OR LESS,9/5/2020 19:00,UNABLE TO DETERMINE,NOT APPLICABLE,5320,W,CORNELIA AVE,1634,,,,,,,2,NO INDICATION OF INJURY,0,0,0,0,0,1,0,18,7,9,41.94424288,-87.76020673,POINT (-87.760206725598 41.944242877925)
ce9508e4be48ad8bc2b327a334d0f8eb229903e4103ed4d0d8155efaf301f42f4422766dcfe4a6c2a814cce57823f1819f778ee589d82724d3d40fffdc65ab2b,JE225924,,5/10/2021 17:10,30,TRAFFIC SIGNAL,FUNCTIONING PROPERLY,CLEAR,DAYLIGHT,REAR END,NOT DIVIDED,,STRAIGHT AND LEVEL,DRY,UNKNOWN,ON SCENE,NO INJURY / DRIVE AWAY,,,,"$501 - $1,500",5/10/2021 17:13,UNABLE TO DETERMINE,NOT APPLICABLE,4798,W,ROOSEVELT RD,1131,,,,,,,2,NO INDICATION OF INJURY,0,0,0,0,0,3,0,17,2,5,41.86600798,-87.74463377,POINT (-87.744633769856 41.86600797831)
cfd8c09f9174cd04c91490179065a3257a032528eedea90cca0aa835df781bdaf0ec4dec2ebbecab9a31244576bb1d1ceff18a9bfb5e8b321650f47aa78f4517,JD339384,,8/20/2020 18:05,25,NO CONTROLS,NO CONTROLS,CLEAR,DAYLIGHT,PEDESTRIAN,NOT DIVIDED,,STRAIGHT AND LEVEL,DRY,NO DEFECTS,ON SCENE,NO INJURY / DRIVE AWAY,,,Y,$500 OR LESS,8/20/2020 18:06,UNABLE TO DETERMINE,UNABLE TO DETERMINE,3401,W,26TH ST,1032,,,,,,,2,NO INDICATION OF INJURY,0,0,0,0,0,2,0,18,5,8,41.84433949,-87.70996871,POINT (-87.709968707317 41.844339492698)
d3dc203e2dad16f7857304f45a5f70c1a36fe7898e97743bba755d14d268cf3a2c61f4095d9a1f6fd9b2e56c21bb99cb32b79415fcfbe6c3718332a43424a1b6,JD280206,,6/29/2020 14:23,35,NO CONTROLS,NO CONTROLS,CLEAR,DAYLIGHT,REAR TO FRONT,ONE-WAY,,STRAIGHT AND LEVEL,DRY,NO DEFECTS,ON SCENE,NO INJURY / DRIVE AWAY,,,Y,$500 OR LESS,6/29/2020 14:45,NOT APPLICABLE,NOT APPLICABLE,1749,W,JARVIS AVE,2423,,,,,,,2,NO INDICATION OF INJURY,0,0,0,0,0,2,0,14,2,6,42.01580548,-87.67438244,POINT (-87.67438244072 42.015805484293)
d2179cd77e8357acb0b6328b68dc806a190275225cf68849d11e88d5b05c81014938263241127fef67083a7e25dc07584791fef0a2989af8ac91f2a4bba855bf,JE118197,,1/20/2021 14:20,15,NO CONTROLS,NO CONTROLS,CLEAR,DAYLIGHT,FIXED OBJECT,PARKING LOT,,STRAIGHT AND LEVEL,DRY,NO DEFECTS,NOT ON SCENE (DESK REPORT),NO INJURY / DRIVE AWAY,,,,"OVER $1,500",1/20/2021 16:35,NOT APPLICABLE,NOT APPLICABLE,4008,W,63RD ST,813,,,,,,,1,NO INDICATION OF INJURY,0,0,0,0,0,1,0,14,4,1,41.77876375,-87.72319014,POINT (-87.723190144294 41.778763752357)
d0f382389330f42078bc926692ec588364897171c2bf219f57a6e87b773880528bd22d880dd666902d50e74fa341324cf63f968f0ac89b5dd57eee95ea3f5002,JE283763,,6/29/2021 14:35,10,NO CONTROLS,NO CONTROLS,CLEAR,DAYLIGHT,REAR TO FRONT,PARKING LOT,,STRAIGHT AND LEVEL,DRY,NO DEFECTS,,NO INJURY / DRIVE AWAY,,Y,,"OVER $1,500",6/29/2021 15:36,IMPROPER BACKING,NOT APPLICABLE,1401,N,CICERO AVE,2533,,,,,,,2,NO INDICATION OF INJURY,0,0,0,0,0,2,0,14,3,6,41.90608046,-87.74589088,POINT (-87.745890878556 41.906080460151)
d3fc0172b3aa0482e7c205a783c65af203249955199762d3f6cf5f44e5a736c71c24074be918ab0ecfa25818bc97736df5f6eb5dead17f5fb696a9a7137df2aa,JE417764,,10/21/2021 16:00,30,NO CONTROLS,NO CONTROLS,CLEAR,DAYLIGHT,PARKED MOTOR VEHICLE,NOT DIVIDED,,STRAIGHT AND LEVEL,DRY,NO DEFECTS,ON SCENE,NO INJURY / DRIVE AWAY,,,,"OVER $1,500",10/21/2021 16:15,NOT APPLICABLE,NOT APPLICABLE,2100,W,62ND ST,714,,,,,,,2,NO INDICATION OF INJURY,0,0,0,0,0,1,0,16,5,10,41.78119701,-87.67640392,POINT (-87.6764039157 41.78119701422)
d2e939565bbc1d777569270ecb376de4c43f206ea61cd3cf873659f4fefa80cd0acecf1245ef8d20b29ff87403f085743603af4828a6b67c2f0dad27c5e88db6,JD269459,,6/19/2020 17:50,35,NO CONTROLS,UNKNOWN,CLEAR,DAYLIGHT,FIXED OBJECT,PARKING LOT,,STRAIGHT AND LEVEL,DRY,NO DEFECTS,ON SCENE,NO INJURY / DRIVE AWAY,,Y,,"OVER $1,500",6/19/2020 18:00,UNABLE TO DETERMINE,NOT APPLICABLE,5645,W,LAKE ST,1512,,,,,,,1,NO INDICATION OF INJURY,0,0,0,0,0,1,0,17,6,6,41.88767819,-87.76702042,POINT (-87.767020421616 41.887678186248)
d3028b33d9dbcb83bf9b7eea99accfeb09e1d185e9683cfc521fa0796a9da99c8bcdfdfad9ab43a0c880f734788e19e60e5290c279db9bd5d04b31291c67567f,JB257636,,5/10/2018 6:45,30,NO CONTROLS,NO CONTROLS,CLEAR,DAYLIGHT,FIXED OBJECT,OTHER,,STRAIGHT AND LEVEL,DRY,NO DEFECTS,ON SCENE,NO INJURY / DRIVE AWAY,,Y,,"OVER $1,500",5/10/2018 7:00,NOT APPLICABLE,NOT APPLICABLE,2147,S,LUMBER ST,1235,,,,,,,1,NO INDICATION OF INJURY,0,0,0,0,0,1,0,6,5,5,41.85294346,-87.64134828,POINT (-87.641348277019 41.852943462504)
d15f32acd106ce1c6fb9b11b1297f4c77ad905fdada995c6333e4c6afd3dfcca87b0be4e95994c373c660888959a8e1ff308057a7c5eefed069550f10b3243dc,JC347506,,7/13/2019 19:10,35,TRAFFIC SIGNAL,FUNCTIONING PROPERLY,CLEAR,DAYLIGHT,REAR END,DIVIDED - W/MEDIAN (NOT RAISED),,STRAIGHT AND LEVEL,DRY,NO DEFECTS,ON SCENE,NO INJURY / DRIVE AWAY,Y,,Y,$500 OR LESS,7/13/2019 19:15,FOLLOWING TOO CLOSELY,NOT APPLICABLE,530,N,COLUMBUS DR,1834,,,,,,,2,NO INDICATION OF INJURY,0,0,0,0,0,2,0,19,7,7,,,
d2d742dd2f55280dbefa7030630e53ba8ca426b3ecf7cd81b8006548d1fd3e17b3d53837d4e24a5614c7b8e0dd5a2ea362f6515ee1909a246336588be27a2a37,JF104302,,1/5/2022 16:00,20,NO CONTROLS,NO CONTROLS,CLEAR,DAYLIGHT,SIDESWIPE SAME DIRECTION,ONE-WAY,,STRAIGHT AND LEVEL,DRY,NO DEFECTS,ON SCENE,NO INJURY / DRIVE AWAY,,,,$500 OR LESS,1/5/2022 16:20,NOT APPLICABLE,NOT APPLICABLE,10255,W,ZEMKE RD,1654,,,,,,,2,NO INDICATION OF INJURY,0,0,0,0,0,2,0,16,4,1,41.99479339,-87.88270766,POINT (-87.882707659516 41.994793386112)
d5da4f8adb341b340e54360f8b44527c79c8fa0f538f36c1ee8aac094a1344ee3f11257aee29a2cbb2e4dd6845d6ae86a561f71042ac71c00986f87b2d6007bb,JD247686,,5/30/2020 15:45,30,NO CONTROLS,NO CONTROLS,CLEAR,DAYLIGHT,REAR END,NOT DIVIDED,,STRAIGHT AND LEVEL,DRY,NO DEFECTS,ON SCENE,NO INJURY / DRIVE AWAY,,,Y,"OVER $1,500",5/30/2020 16:08,FOLLOWING TOO CLOSELY,NOT APPLICABLE,6156,N,CLARK ST,2433,,,,,,,2,NO INDICATION OF INJURY,0,0,0,0,0,3,0,15,7,5,41.99433122,-87.67029442,POINT (-87.670294420835 41.994331217938)
d5a0ddcac4b4e7595fee8f53e35c69574c5ca777c327f195d16683379d0fd964f508b7aa6f9951eb73fcf26a865ea8ade3c41f371ddf3a4c28e82c11de14ace7,JA167096,,2/25/2017 17:20,30,NO CONTROLS,NO CONTROLS,CLEAR,DAYLIGHT,ANGLE,OTHER,,STRAIGHT AND LEVEL,DRY,NO DEFECTS,NOT ON SCENE (DESK REPORT),NO INJURY / DRIVE AWAY,,,,"$501 - $1,500",2/25/2017 17:41,NOT APPLICABLE,NOT APPLICABLE,7100,S,SPRINGFIELD AVE,833,,,,,,,2,NO INDICATION OF INJURY,0,0,0,0,0,6,0,17,7,2,41.76403419,-87.72008952,POINT (-87.720089514696 41.764034188743)
d5bf0a6d5f98a1ebc3e90749c0e8bce10b0c8b02935c942e7ef6f327203090b727f5a80d728d23be804e76e016966854d664c142c5bee36c490383d8e48de199,JE425549,,10/25/2021 22:00,30,NO CONTROLS,NOT FUNCTIONING,CLEAR,DAYLIGHT,OTHER OBJECT,NOT DIVIDED,,STRAIGHT AND LEVEL,DRY,NO DEFECTS,NOT ON SCENE (DESK REPORT),NO INJURY / DRIVE AWAY,,,,"OVER $1,500",10/28/2021 15:30,NOT APPLICABLE,NOT APPLICABLE,6701,S,PARNELL AVE,722,,,,,,,1,,,,,,,,,22,2,10,41.77248363,-87.63857972,POINT (-87.638579715078 41.772483633675)
d729d4f1396255841a81eca6bca384472c6ee58d045c347aadf13376b64c3dacf52901f15f70f120bb7b3b1e265867146126a1d059fa7b301e77c1d34eb0ff80,HZ468693,,10/10/2016 15:00,10,NO CONTROLS,NO CONTROLS,CLEAR,DAYLIGHT,PARKED MOTOR VEHICLE,PARKING LOT,,STRAIGHT AND LEVEL,DRY,NO DEFECTS,ON SCENE,NO INJURY / DRIVE AWAY,,,Y,"OVER $1,500",10/10/2016 15:32,NOT APPLICABLE,NOT APPLICABLE,6941,S,WESTERN AVE,832,,,,,,,2,NO INDICATION OF INJURY,0,0,0,0,0,1,0,15,2,10,41.76711646,-87.68316294,POINT (-87.68316294094 41.767116464396)
d52795b5c4985af364c2745b7239a7faa739e41677143592c26feeefeb56210dd9f36d9a2fa4ca364b59a8f5008d5e795721f073180ab3eafaedee24caf85ffd,JE118245,,1/20/2021 17:01,30,TRAFFIC SIGNAL,FUNCTIONING PROPERLY,CLEAR,DUSK,TURNING,FOUR WAY,,STRAIGHT AND LEVEL,DRY,NO DEFECTS,ON SCENE,NO INJURY / DRIVE AWAY,Y,,Y,$500 OR LESS,1/20/2021 17:01,NOT APPLICABLE,NOT APPLICABLE,1,N,PULASKI RD,1122,,,,,,,3,NO INDICATION OF INJURY,0,0,0,0,0,6,0,17,4,1,41.88078925,-87.72552469,POINT (-87.725524687149 41.880789246043)
d452e893d7f8a30b2290a322647801d4b9abb655e824443799188f174318ac08f6c2e2f84477555a74e2cb47762a38eb2298c2740ffa3a71ecd048231dcd679a,JA558058,,12/21/2017 13:00,5,NO CONTROLS,NOT FUNCTIONING,CLEAR,DAYLIGHT,ANGLE,PARKING LOT,,STRAIGHT AND LEVEL,DRY,NO DEFECTS,ON SCENE,NO INJURY / DRIVE AWAY,,,,$500 OR LESS,12/21/2017 13:15,IMPROPER BACKING,NOT APPLICABLE,1248,S,CANAL ST,124,,,,,,,2,NO INDICATION OF INJURY,0,0,0,0,0,4,0,13,5,12,41.86591279,-87.63935117,POINT (-87.639351174084 41.865912786337)
d43486053ecd6201c998dc7991e5b57f2129bda3ca673e2636779eb6fa7487e3aa9d3ab6c9b8fa59fea351d48ce9d8b4791d21f236aa56f527fc8b6888a41c71,JD218452,,4/27/2020 13:40,25,NO CONTROLS,NO CONTROLS,CLEAR,DAYLIGHT,REAR TO SIDE,ONE-WAY,,STRAIGHT AND LEVEL,DRY,NO DEFECTS,ON SCENE,NO INJURY / DRIVE AWAY,,,,"$501 - $1,500",4/27/2020 16:12,IMPROPER BACKING,NOT APPLICABLE,5952,W,SUPERIOR ST,1511,,,,,,,2,NO INDICATION OF INJURY,0,0,0,0,0,2,0,13,2,4,41.89392019,-87.77435751,POINT (-87.774357506673 41.893920192395)
d45caf979b7eda45c6d04747444e64b83e30d7a2b94df81f65f51c8ea047f7e14adbefec187c208ef8b89dfc73bf04aaeb1fcd9dcf1a483a85dadfb16aeda516,JC397190,,8/18/2019 7:20,30,NO CONTROLS,NO CONTROLS,RAIN,DAYLIGHT,FIXED OBJECT,OTHER,,STRAIGHT AND LEVEL,WET,NO DEFECTS,ON SCENE,INJURY AND / OR TOW DUE TO CRASH,,,,"OVER $1,500",8/18/2019 7:21,EQUIPMENT - VEHICLE CONDITION,WEATHER,1126,W,99TH ST,2223,,,,,,,1,NONINCAPACITATING INJURY,1,0,0,1,0,0,0,7,1,8,41.7142405,-87.6514644,POINT (-87.651464396165 41.714240500986)
d5b8a80d7f3337eda9940fe18b81e14b8ac48d50e11a828ac13cc2b53b100b3f6385ac05b02472e0aca05bb2a471fb3068850d42d30fa1b40cbd69fc585fe198,JF299974,,6/30/2022 13:20,20,NO CONTROLS,NO CONTROLS,CLEAR,DAYLIGHT,PARKED MOTOR VEHICLE,OTHER,,STRAIGHT AND LEVEL,DRY,NO DEFECTS,ON SCENE,NO INJURY / DRIVE AWAY,,,Y,$500 OR LESS,6/30/2022 13:29,UNABLE TO DETERMINE,UNABLE TO DETERMINE,415,W,SURF ST,1934,,,,,,,2,NO INDICATION OF INJURY,0,0,0,0,0,1,0,13,5,6,41.93422377,-87.6400027,POINT (-87.640002704271 41.934223769051)
d789ccc8f2aecc6b6e9250963212840657993a306dc02eed08e7912f0fc19e6671a34b12b37e1480f6c0c1a98a5518252f65025bfea4eace040094b0a16748bf,JE485059,,12/21/2021 15:45,35,UNKNOWN,UNKNOWN,CLEAR,DAYLIGHT,HEAD ON,NOT DIVIDED,,STRAIGHT AND LEVEL,DRY,NO DEFECTS,NOT ON SCENE (DESK REPORT),NO INJURY / DRIVE AWAY,,,,"$501 - $1,500",12/21/2021 16:25,UNABLE TO DETERMINE,NOT APPLICABLE,3400,W,MONTROSE AVE,1723,,,,,,,2,NO INDICATION OF INJURY,0,0,0,0,0,2,0,15,3,12,41.96123847,-87.71319938,POINT (-87.713199374979 41.961238465013)
d7179b642423a542ffd53c6968b321f474f57e8df547829bd5a8ef037926d31962c5f91be9653797b77d1053a8010f01fef3ad124b9667ad954653ade9959bbe,JA471753,,10/15/2017 3:13,30,UNKNOWN,UNKNOWN,RAIN,DUSK,PARKED MOTOR VEHICLE,NOT DIVIDED,,STRAIGHT AND LEVEL,WET,UNKNOWN,ON SCENE,INJURY AND / OR TOW DUE TO CRASH,,,Y,"OVER $1,500",10/15/2017 3:13,UNABLE TO DETERMINE,UNABLE TO DETERMINE,2042,W,CHICAGO AVE,1212,,,,,,,2,,,,,,,,,3,1,10,41.89598978,-87.67877354,POINT (-87.678773537818 41.895989777204)
d7123581f44b2c25582a8d458398478920dee9e46c33024e903bb2e6a84a79a5e364f6a7c6f79ccd5873c29e42091ec2fc57a1cf63e27e7fcd5ff50343a12bd5,JD327532,,8/10/2020 17:30,30,NO CONTROLS,UNKNOWN,UNKNOWN,UNKNOWN,ANGLE,UNKNOWN,,STRAIGHT AND LEVEL,WET,UNKNOWN,NOT ON SCENE (DESK REPORT),NO INJURY / DRIVE AWAY,,,,"OVER $1,500",8/10/2020 18:25,UNABLE TO DETERMINE,NOT APPLICABLE,6399,N,CENTRAL AVE,1621,,,,,,,2,NO INDICATION OF INJURY,0,0,0,0,0,4,0,17,2,8,41.99724054,-87.76366894,POINT (-87.763668943561 41.997240535902)
d565752ce907679f3b0da20ddaa45c01cfdce63203b923149f2f79d907a187adac48aecb9eb80eab2bcdfb0513244ed6dba61caf3e10bccbb2e7357416014ab9,JA506354,,11/10/2017 10:40,30,NO CONTROLS,NO CONTROLS,SNOW,DAYLIGHT,HEAD ON,NOT DIVIDED,2,STRAIGHT AND LEVEL,SNOW OR SLUSH,UNKNOWN,NOT ON SCENE (DESK REPORT),NO INJURY / DRIVE AWAY,,,,$500 OR LESS,11/10/2017 11:38,WEATHER,NOT APPLICABLE,4460,W,31ST ST,1031,,,,,,,3,NO INDICATION OF INJURY,0,0,0,0,0,5,0,10,6,11,41.83721662,-87.73645538,POINT (-87.736455377369 41.837216621179)
d5f9fa2c10d12499a87fb11eb05244f2bff7b8f457b93406db7c1f4742d1268705ff1e8379a3ece38e936d5059889343a905446071e9fbd52b2d5fb2a004bb19,JE446257,,11/15/2021 11:40,30,UNKNOWN,UNKNOWN,CLEAR,DAYLIGHT,TURNING,ONE-WAY,,STRAIGHT AND LEVEL,DRY,UNKNOWN,NOT ON SCENE (DESK REPORT),NO INJURY / DRIVE AWAY,,,,"OVER $1,500",11/15/2021 16:40,UNABLE TO DETERMINE,NOT APPLICABLE,6300,S,MARYLAND AVE,312,,,,,,,2,NO INDICATION OF INJURY,0,0,0,0,0,2,0,11,2,11,41.78038079,-87.60479354,POINT (-87.604793540929 41.780380786921)
d479285aefa27e892d9d71dfebf379a4acc7d4e9455748cbd5c1a59f1d69b598c3c30b52877091b4a68ad6b23c34813bdbed98b2ba657b6eb997398917e18ac1,JC179387,,3/9/2019 14:30,30,NO CONTROLS,NO CONTROLS,RAIN,DAYLIGHT,TURNING,NOT DIVIDED,,STRAIGHT AND LEVEL,WET,NO DEFECTS,ON SCENE,NO INJURY / DRIVE AWAY,,,,"$501 - $1,500",3/9/2019 14:35,IMPROPER TURNING/NO SIGNAL,NOT APPLICABLE,2801,E,87TH ST,423,,,,,,,2,NO INDICATION OF INJURY,0,0,0,0,0,3,0,14,7,3,41.73721108,-87.55625033,POINT (-87.556250330207 41.737211084308)
d77de0e57575c44504a8cd756a696d442defc17edb86ff4b39e04e5f1f7ef255fc8e0199b49474919c21906d51b31be312f3a43cf850126a79028dbd7ac41eff,JD269028,,6/19/2020 11:10,30,NO CONTROLS,NO CONTROLS,CLEAR,DAYLIGHT,PARKED MOTOR VEHICLE,ONE-WAY,,STRAIGHT AND LEVEL,DRY,UNKNOWN,ON SCENE,INJURY AND / OR TOW DUE TO CRASH,,,,"$501 - $1,500",6/19/2020 11:10,NOT APPLICABLE,NOT APPLICABLE,8147,S,EVANS AVE,631,,,,,,,4,FATAL,1,1,0,0,0,0,0,11,6,6,41.74621298,-87.60616067,POINT (-87.606160671114 41.746212980926)
d4f6703a333106d80ecbef08039340130e46defa862f04a5a808f6dfd9a8827371474db7a285be4d24f2791d39811518f1478b2492e1f98470286289401ce9fc,JB183692,,3/12/2018 22:30,30,UNKNOWN,UNKNOWN,CLEAR,DUSK,TURNING,UNKNOWN,,STRAIGHT AND LEVEL,DRY,UNKNOWN,ON SCENE,NO INJURY / DRIVE AWAY,Y,,Y,"$501 - $1,500",3/13/2018 0:03,IMPROPER TURNING/NO SIGNAL,NOT APPLICABLE,502,N,ORLEANS ST,1831,,,,,,,2,NO INDICATION OF INJURY,0,0,0,0,0,4,0,22,2,3,41.89085399,-87.63716008,POINT (-87.637160080224 41.890853992872)
d72edc17880bbc30b736d5b934ecd5041a00719b66afb399bc0d783358cfd6f09e803883a1bdf2fa14d59d25abfe448638f33701141255365e86a1c6cd747076,JB510850,,11/10/2018 11:45,35,NO CONTROLS,NO CONTROLS,CLEAR,DAYLIGHT,REAR END,NOT DIVIDED,,STRAIGHT AND LEVEL,DRY,NO DEFECTS,ON SCENE,NO INJURY / DRIVE AWAY,,,,"OVER $1,500",11/10/2018 12:00,FOLLOWING TOO CLOSELY,NOT APPLICABLE,175,N,DAMEN AVE,1223,,,,,,,3,NO INDICATION OF INJURY,0,0,0,0,0,3,0,11,7,11,41.8849396,-87.67659064,POINT (-87.676590636604 41.884939604018)