CRASH_RECORD_ID,RD_NO,CRASH_DATE_EST_I,CRASH_DATE,POSTED_SPEED_LIMIT,TRAFFIC_CONTROL_DEVICE,DEVICE_CONDITION,WEATHER_CONDITION,LIGHTING_CONDITION,FIRST_CRASH_TYPE,TRAFFICWAY_TYPE,LANE_CNT,ALIGNMENT,ROADWAY_SURFACE_COND,ROAD_DEFECT,REPORT_TYPE,CRASH_TYPE,INTERSECTION_RELATED_I,NOT_RIGHT_OF_WAY_I,HIT_AND_RUN_I,DAMAGE,DATE_POLICE_NOTIFIED,PRIM_CONTRIBUTORY_CAUSE,SEC_CONTRIBUTORY_CAUSE,STREET_NO,STREET_DIRECTION,STREET_NAME,BEAT_OF_OCCURRENCE,PHOTOS_TAKEN_I,STATEMENTS_TAKEN_I,DOORING_I,WORK_ZONE_I,WORK_ZONE_TYPE,WORKERS_PRESENT_I,NUM_UNITS,MOST_SEVERE_INJURY,INJURIES_TOTAL,INJURIES_FATAL,INJURIES_INCAPACITATING,INJURIES_NON_INCAPACITATING,INJURIES_REPORTED_NOT_EVIDENT,INJURIES_NO_INDICATION,INJURIES_UNKNOWN,CRASH_HOUR,CRASH_DAY_OF_WEEK,CRASH_MONTH,LATITUDE,LONGITUDE,LOCATION
d5ee6396b6ad132d9afff0d8821c818b8fd6564a6b7d9cfa932f5e8f37482df16ecea0d1b7d27564a7d6739c75e83ee7f4c22cb66d4875a4642b5168319ef165,JB359432,,7/21/2018 16:45,30,NO CONTROLS,NO CONTROLS,CLEAR,DAYLIGHT,TURNING,NOT DIVIDED,,STRAIGHT AND LEVEL,DRY,NO DEFECTS,NOT ON SCENE (DESK REPORT),NO INJURY / DRIVE AWAY,,,Y,"$501 - $1,500",7/21/2018 17:05,NOT APPLICABLE,NOT APPLICABLE,7100,S,KEDZIE AVE,831,,,,,,,2,NO INDICATION OF INJURY,0,0,0,0,0,2,0,16,7,7,41.76429504,-87.70295716,POINT (-87.702957162118 41.764295036757)
d6cd89d9823e48ed9f44c97d8a62c4539d5b7b18f91678d6d1a3f03757ea07977126250b95d9b8d9426c53eb0ab9f036d4d0da53e853cedeb7ee04e412eb5abb,JE329596,Y,8/7/2021 16:00,30,NO CONTROLS,NO CONTROLS,CLEAR,DAYLIGHT,REAR END,ONE-WAY,,STRAIGHT AND LEVEL,DRY,UNKNOWN,ON SCENE,NO INJURY / DRIVE AWAY,,,Y,"$501 - $1,500",8/7/2021 16:09,UNABLE TO DETERMINE,UNABLE TO DETERMINE,799,N,PINE AVE,1524,,,,,,,2,NO INDICATION OF INJURY,0,0,0,0,0,2,0,16,7,8,41.89477384,-87.76341756,POINT (-87.763417561415 41.894773839212)
d4315d720b88f0c66734ccdcf4fb6425fde34c7bacfa45b9e95a5315ee93c5966baa5a386d4ce36a2e4d4c430b9f00bb0ef839645193aec7c774b66320429f2d,JE174091,,3/20/2021 8:08,30,NO CONTROLS,NO CONTROLS,CLEAR,DAYLIGHT,REAR END,ONE-WAY,,STRAIGHT AND LEVEL,DRY,NO DEFECTS,ON SCENE,NO INJURY / DRIVE AWAY,,,,"OVER $1,500",3/20/2021 8:16,FOLLOWING TOO CLOSELY,FOLLOWING TOO CLOSELY,4322,W,JACKSON BLVD,1115,,,,,,,2,NO INDICATION OF INJURY,0,0,0,0,0,3,0,8,7,3,41.87709473,-87.73386095,POINT (-87.733860945269 41.877094733872)
d6dc0f0af76e5722a20456e33e6b0dd6f5621fbb75fe0b5359ae8c13e4d96c8d7b5acd05e68612eecec8e6ea8ca745e96c35d64adac64dc92cc5dd174ddf2c99,JE222499,,5/7/2021 11:30,35,NO CONTROLS,NO CONTROLS,CLEAR,DAYLIGHT,ANGLE,NOT DIVIDED,,STRAIGHT AND LEVEL,DRY,NO DEFECTS,ON SCENE,NO INJURY / DRIVE AWAY,,,,"OVER $1,500",5/7/2021 11:40,FAILING TO YIELD RIGHT-OF-WAY,NOT APPLICABLE,5900,N,CICERO AVE,1621,,,,,,,2,NO INDICATION OF INJURY,0,0,0,0,0,2,0,11,6,5,41.98881553,-87.74846965,POINT (-87.748469652358 41.988815524807)
d63d5748f6336b7b82a7718d9a114fb6b91521264b74eab791cd255e0e64ed8ea3a3caa6637f138d526c1b4d220513c2d5980c831574ff45dd11cfa28cd1f86c,JC413417,,8/30/2019 12:50,15,NO CONTROLS,NO CONTROLS,CLEAR,DAYLIGHT,FIXED OBJECT,OTHER,,STRAIGHT AND LEVEL,DRY,NO DEFECTS,ON SCENE,INJURY AND / OR TOW DUE TO CRASH,,,,"OVER $1,500",8/30/2019 12:55,UNABLE TO DETERMINE,NOT APPLICABLE,562,W,OHARE ST,1654,,,,,,,1,"REPORTED, NOT EVIDENT",1,0,0,0,1,0,0,12,6,8,,,
d78a931f5a543e3705f3e1bdec40c8315fe058e0eb491d5da975309a7a04227514032442fe48b841f1fe9e05426945699f334ed78e6167d0610665a225c3f400,JD127679,,1/24/2020 22:05,30,NO CONTROLS,NO CONTROLS,SNOW,"DARKNESS, LIGHTED ROAD",FIXED OBJECT,NOT DIVIDED,,STRAIGHT AND LEVEL,SNOW OR SLUSH,NO DEFECTS,ON SCENE,NO INJURY / DRIVE AWAY,,,,"OVER $1,500",1/24/2020 22:18,WEATHER,UNABLE TO DETERMINE,830,W,16TH ST,1232,,,,,,,1,NO INDICATION OF INJURY,0,0,0,0,0,1,0,22,6,1,41.86000584,-87.64783235,POINT (-87.647832348114 41.860005840268)
d90edc9790003884362b7a3996b41ccbea48921b799215d0b7b1dd664512002e95a363da11ce8f8174a0c1608a6c5940cbe83d27da0c1e8c2ea0545abacc6415,HY428836,,9/18/2015 18:00,99,NO CONTROLS,NO CONTROLS,RAIN,UNKNOWN,ANGLE,UNKNOWN,,STRAIGHT AND LEVEL,WET,UNKNOWN,ON SCENE,NO INJURY / DRIVE AWAY,,,,"OVER $1,500",9/18/2015 19:45,NOT APPLICABLE,NOT APPLICABLE,5893,S,ARCHER AVE,811,,,,,,,2,NO INDICATION OF INJURY,0,0,0,0,0,4,0,18,6,9,41.79557225,-87.76251629,POINT (-87.762516294322 41.795572249211)
d98b7e323e8fc9ab6a454dc8371b4db3e5fab94ca93fca41feaf9d3d501e71cbd0be0ae35883b374457c996d1ee6a0aa7e9cd2021a0548d6298fd9460023feac,JE142885,,2/16/2021 9:25,30,NO CONTROLS,NO CONTROLS,SNOW,DAYLIGHT,REAR END,NOT DIVIDED,,STRAIGHT ON GRADE,SNOW OR SLUSH,NO DEFECTS,ON SCENE,NO INJURY / DRIVE AWAY,,,,"OVER $1,500",2/16/2021 9:29,WEATHER,FOLLOWING TOO CLOSELY,3132,W,MARQUETTE RD,831,,,,,,,2,NO INDICATION OF INJURY,0,0,0,0,0,2,0,9,3,2,41.7718008,-87.70178584,POINT (-87.701785837436 41.771800795402)
da597c1acb5059e38f98642ba5cc72a4cbb1191931bb260aa6544c4ecb73c93c41ac986a828f554ecfcd62cd1d0a0f5d59f9f882f67df5f01f4af9816a8e633e,HZ549926,,12/13/2016 8:40,30,OTHER,OTHER,CLEAR,DAYLIGHT,ANGLE,OTHER,,STRAIGHT AND LEVEL,DRY,NO DEFECTS,ON SCENE,INJURY AND / OR TOW DUE TO CRASH,Y,,,"OVER $1,500",12/13/2016 9:40,FAILING TO YIELD RIGHT-OF-WAY,NOT APPLICABLE,7131,S,STONY ISLAND AVE,324,,Y,,,,,2,NO INDICATION OF INJURY,0,0,0,0,0,2,0,8,3,12,41.76510323,-87.58574868,POINT (-87.585748679706 41.765103230214)
d93b84ef3a0ea742d5481233fb6ff11ca8f4a52e28f61b582c6c784e13e8fd42374650010fea9d93ec38c8a156ce9588276a9866a5b4d2a49cb7d27f1e16de0b,JE134194,,2/6/2021 11:49,30,NO CONTROLS,NO CONTROLS,CLEAR,DAYLIGHT,PARKED MOTOR VEHICLE,ONE-WAY,,STRAIGHT AND LEVEL,ICE,OTHER,ON SCENE,NO INJURY / DRIVE AWAY,,,,"OVER $1,500",2/6/2021 11:51,NOT APPLICABLE,NOT APPLICABLE,1555,N,HOYNE AVE,1424,,Y,,,,,3,NO INDICATION OF INJURY,0,0,0,0,0,1,0,11,7,2,41.90979659,-87.67974228,POINT (-87.67974228333 41.909796588162)
d99980cb05c2ce9ad87ea6271766d9fc5a0e4a159be50eae3e06cb13c1b9d404c6fd837ca914eff4a934396ede7f72662ed4618081ac723342c8b38bf1a66704,JB223490,,4/14/2018 10:21,20,NO CONTROLS,NO CONTROLS,RAIN,DAYLIGHT,PARKED MOTOR VEHICLE,PARKING LOT,,STRAIGHT AND LEVEL,WET,NO DEFECTS,ON SCENE,NO INJURY / DRIVE AWAY,,Y,,$500 OR LESS,4/14/2018 10:21,UNABLE TO DETERMINE,UNABLE TO DETERMINE,3098,W,CERMAK RD,1022,,,,,,,2,NO INDICATION OF INJURY,0,0,0,0,0,1,0,10,7,4,41.85190974,-87.70275323,POINT (-87.702753229516 41.851909736852)
d9a9b652eeb675481206632307e650abbaaf66a8e55cb17f38cbf55ffae47b9cd09b77c475fa498b3d516ee53347f80225b5f9dcbb81297169de434619ba6a1c,JC531036,,12/1/2019 18:50,30,NO CONTROLS,NO CONTROLS,RAIN,DARKNESS,FIXED OBJECT,PARKING LOT,,STRAIGHT AND LEVEL,WET,NO DEFECTS,ON SCENE,NO INJURY / DRIVE AWAY,,,Y,"OVER $1,500",12/1/2019 18:54,IMPROPER BACKING,NOT APPLICABLE,6420,W,FULLERTON AVE,2512,,,,,,,1,NO INDICATION OF INJURY,0,0,0,0,0,1,0,18,1,12,41.9237818,-87.78625367,POINT (-87.786253674433 41.92378179667)
d925baae7d5553c26082409b1f5ba1afff8d72e561813001cd41c05f9a7267c6ff3f6e578803eee6fd1c9537f2b4670d6a82fcf0a59fa5e6de1068d54c04d415,JD138765,,1/25/2020 14:55,30,NO CONTROLS,UNKNOWN,UNKNOWN,UNKNOWN,REAR END,NOT DIVIDED,,STRAIGHT AND LEVEL,ICE,UNKNOWN,NOT ON SCENE (DESK REPORT),NO INJURY / DRIVE AWAY,,,,"OVER $1,500",2/3/2020 16:10,UNABLE TO DETERMINE,NOT APPLICABLE,2817,N,HARLEM AVE,2511,,,,,,,3,NO INDICATION OF INJURY,0,0,0,0,0,4,0,14,7,1,41.93133955,-87.80636676,POINT (-87.806366763135 41.931339545228)
d8b82da8410367ae1541b4f708e100a0e7f943175faed25aa07e209d5dc842382cc5f85f2b5fc03ffd45c6aec88db49fe3b23f26ce787de01c8dd8ce1c552cde,JE134475,,2/6/2021 11:00,30,NO CONTROLS,NO CONTROLS,SNOW,DAYLIGHT,PEDESTRIAN,ONE-WAY,,STRAIGHT AND LEVEL,UNKNOWN,UNKNOWN,ON SCENE,INJURY AND / OR TOW DUE TO CRASH,,,Y,$500 OR LESS,2/6/2021 13:55,UNABLE TO DETERMINE,NOT APPLICABLE,125,N,KILBOURN AVE,1113,,,,,,,2,INCAPACITATING INJURY,1,0,1,0,0,1,0,11,7,2,41.88280426,-87.73785432,POINT (-87.737854318841 41.882804262141)
dade1e9b8c5029f43476f2216c5b14dbe0c518e082a24bd356fb89cb73eeb849402fc17afa27f3f8430b03435178244420babf21f925cec03c11c6082ba0ebb6,JB453288,,9/27/2018 16:21,30,NO CONTROLS,NO CONTROLS,CLEAR,DAYLIGHT,TURNING,NOT DIVIDED,,STRAIGHT AND LEVEL,DRY,NO DEFECTS,ON SCENE,NO INJURY / DRIVE AWAY,,,,"OVER $1,500",9/27/2018 16:22,IMPROPER TURNING/NO SIGNAL,NOT APPLICABLE,5202,W,GRAND AVE,2515,,,,,,,2,NO INDICATION OF INJURY,0,0,0,0,0,2,0,16,5,9,41.91706775,-87.75604133,POINT (-87.75604133241 41.917067746493)
d9100c8612a23d766628d7f75a116b24fa5b53fb4cd64dafb499ad3796dc31d3745ee7796e190c1e57e784ad3ab2b0011c33450d4ec371a049b76e7a96f3f691,JB328770,,6/29/2018 22:45,25,STOP SIGN/FLASHER,UNKNOWN,CLEAR,UNKNOWN,PEDESTRIAN,UNKNOWN,,STRAIGHT AND LEVEL,DRY,NO DEFECTS,ON SCENE,INJURY AND / OR TOW DUE TO CRASH,,,Y,"OVER $1,500",6/30/2018 2:46,UNABLE TO DETERMINE,UNABLE TO DETERMINE,61,E,BANKS ST,1824,,,,,,,2,INCAPACITATING INJURY,1,0,1,0,0,1,0,22,6,6,41.90668926,-87.62650306,POINT (-87.626503064047 41.906689262636)
dacbbccbaa723f56351c20c9526905d24cef14884f81b7544dca800d4d515941f8158233e71514e00f46810beb2fce030cb6915c04e7379b8a5cd771b875544d,JD151693,,2/14/2020 15:00,30,STOP SIGN/FLASHER,NOT FUNCTIONING,SNOW,DAYLIGHT,REAR END,NOT DIVIDED,,STRAIGHT AND LEVEL,SNOW OR SLUSH,NO DEFECTS,ON SCENE,NO INJURY / DRIVE AWAY,,,Y,$500 OR LESS,2/14/2020 15:04,FOLLOWING TOO CLOSELY,WEATHER,4101,W,59TH ST,813,,,,,,,2,NO INDICATION OF INJURY,0,0,0,0,0,2,0,15,6,2,41.78580137,-87.72546652,POINT (-87.725466517378 41.785801369628)
d833f5865b314adf1d56c0605b1cb0647aa69b58aff26aa55e8a0eea959a26bbb357f19eaf9a1691ea5aabb831fe7004ce84b25996cd8eb0d1787b683890b080,JB259032,,5/11/2018 7:30,20,NO CONTROLS,NO CONTROLS,RAIN,DAYLIGHT,ANGLE,ONE-WAY,,STRAIGHT AND LEVEL,WET,NO DEFECTS,NOT ON SCENE (DESK REPORT),NO INJURY / DRIVE AWAY,,,,"$501 - $1,500",5/11/2018 8:12,UNABLE TO DETERMINE,NOT APPLICABLE,4127,W,KAMERLING AVE,2534,,,,,,,2,NO INDICATION OF INJURY,0,0,0,0,0,2,0,7,6,5,41.90521174,-87.72995113,POINT (-87.729951128694 41.905211738573)
d79f92fae18b3c2f05d0603b02875ec3097e91569364794f37672d71be905e19d6dcb484f15c115606ea04f8dfbaa89b9c42ad7c471a33404787329efbd7ae54,JD287069,,7/5/2020 14:22,30,NO CONTROLS,NO CONTROLS,CLEAR,DAYLIGHT,REAR END,NOT DIVIDED,,STRAIGHT AND LEVEL,DRY,NO DEFECTS,ON SCENE,NO INJURY / DRIVE AWAY,Y,,Y,$500 OR LESS,7/5/2020 15:55,FOLLOWING TOO CLOSELY,NOT APPLICABLE,1526,E,53RD ST,234,,,,,,,2,NO INDICATION OF INJURY,0,0,0,0,0,2,0,14,1,7,41.799662,-87.5880034,POINT (-87.588003398737 41.799662003766)
d9cd8da8bef8fb6728feb9a17209a0566e030e1a7c985f16b4c7ea04c0fc7cead8970b67981bc0263bfd33930d878a5a03277281f2f5ecf5d45d3d3d7bdba4d6,JB516579,,11/15/2018 9:21,35,NO CONTROLS,NO CONTROLS,SNOW,DAYLIGHT,REAR END,NOT DIVIDED,2,STRAIGHT AND LEVEL,SNOW OR SLUSH,NO DEFECTS,ON SCENE,INJURY AND / OR TOW DUE TO CRASH,,,,"OVER $1,500",11/15/2018 9:21,WEATHER,NOT APPLICABLE,948,W,83RD ST,613,,,,,,,2,NO INDICATION OF INJURY,0,0,0,0,0,3,0,9,5,11,41.74340575,-87.64821968,POINT (-87.648219681137 41.743405751997)
d9f9e4f56c2dd18d2c275eb8fe302ace7da6ca431a76a04fda9ed60d78591c1d05e25924296ab43946f161b3ce5f27ce89fa162523e149aab4a7dff1805973a5,JD313045,,7/28/2020 6:00,15,NO CONTROLS,NO CONTROLS,UNKNOWN,UNKNOWN,OTHER OBJECT,ALLEY,,STRAIGHT AND LEVEL,UNKNOWN,UNKNOWN,NOT ON SCENE (DESK REPORT),NO INJURY / DRIVE AWAY,,,N,"OVER $1,500",7/28/2020 16:10,UNABLE TO DETERMINE,NOT APPLICABLE,4016,W,VAN BUREN ST,1132,,,,,,,1,,,,,,,,,6,3,7,41.875369,-87.72621862,POINT (-87.726218622227 41.875368999868)
d8797838a431390c717bbd09738e2869bb38a23507bc0acb50046868e0a05b19c572c1c7774d79ce61869bb784c080e8fc3f2d52db3d12b7b529046928cae249,JD321111,,8/4/2020 22:10,15,NO CONTROLS,NO CONTROLS,CLEAR,"DARKNESS, LIGHTED ROAD",FIXED OBJECT,ALLEY,,STRAIGHT AND LEVEL,DRY,NO DEFECTS,ON SCENE,NO INJURY / DRIVE AWAY,,,,"OVER $1,500",8/4/2020 22:55,UNABLE TO DETERMINE,NOT APPLICABLE,2414,W,36TH ST,911,,,,,,,1,NO INDICATION OF INJURY,0,0,0,0,0,1,0,22,3,8,41.82855148,-87.68565644,POINT (-87.685656440179 41.828551481149)
d931c436ef40d0a839656020780e7d0dc49e942ff530d0dfd701f226e51f0efba539367da60974cc8e18d9d9c72fd2655a5911723f9181fb454db4e2670229c1,JE237968,,5/21/2021 19:37,30,NO CONTROLS,UNKNOWN,CLEAR,DAYLIGHT,SIDESWIPE SAME DIRECTION,ONE-WAY,,STRAIGHT AND LEVEL,DRY,UNKNOWN,ON SCENE,NO INJURY / DRIVE AWAY,,,,"OVER $1,500",5/21/2021 19:49,UNABLE TO DETERMINE,NOT APPLICABLE,5410,W,PARKER AVE,2514,,,,,,,2,NO INDICATION OF INJURY,0,0,0,0,0,2,0,19,6,5,41.93053054,-87.76180738,POINT (-87.761807377323 41.930530541602)
d7b5edd7ae204db022383e57478b56f08d94a2afcfa0c989d12647911ebf48223eafc6c2a1070b31e98ee7d23100362552558880a109c0e93ba9ce2170479b56,JE163703,,3/9/2021 12:00,30,TRAFFIC SIGNAL,FUNCTIONING PROPERLY,CLEAR,DAYLIGHT,REAR END,NOT DIVIDED,,STRAIGHT AND LEVEL,DRY,NO DEFECTS,ON SCENE,NO INJURY / DRIVE AWAY,,,,$500 OR LESS,3/9/2021 12:05,UNABLE TO DETERMINE,UNABLE TO DETERMINE,1,S,HOMAN AVE,1124,,,,,,,2,NO INDICATION OF INJURY,0,0,0,0,0,2,0,12,3,3,41.88085323,-87.71085657,POINT (-87.710856570143 41.880853227502)
dd38b968000aa8e37fbc9e4e3606f0053781a0e18e3de851f5c2e3c94c285afa655a59d9c02ec25f5de5b21be4a3198a55269e754769717adf7c134c27e8696b,JE350696,,8/25/2021 10:30,30,NO CONTROLS,NO CONTROLS,UNKNOWN,DAYLIGHT,PARKED MOTOR VEHICLE,NOT DIVIDED,,STRAIGHT AND LEVEL,DRY,UNKNOWN,NOT ON SCENE (DESK REPORT),NO INJURY / DRIVE AWAY,,,Y,"OVER $1,500",8/26/2021 14:00,UNABLE TO DETERMINE,NOT APPLICABLE,1224,N,MOZART DR,1423,,,,,,,2,NO INDICATION OF INJURY,0,0,0,0,0,1,0,10,4,8,,,
dcbbbf014f821c9ab632ce96cbc694fde670fe4c626994882cc416205e9226599c5339d80d52389bc2f2f761fc45dfcdd91074128f3b977fb78be3e6f093b31b,JE430929,,11/2/2021 4:56,30,OTHER,FUNCTIONING PROPERLY,CLEAR,DARKNESS,FIXED OBJECT,ONE-WAY,,STRAIGHT AND LEVEL,DRY,NO DEFECTS,ON SCENE,INJURY AND / OR TOW DUE TO CRASH,,,Y,"OVER $1,500",11/2/2021 5:02,DISREGARDING OTHER TRAFFIC SIGNS,NOT APPLICABLE,1205,S,KOLIN AVE,1011,,,,,,,1,,,,,,,,,4,3,11,41.86584707,-87.73358044,POINT (-87.733580442954 41.86584706845)
daff5f44c2e81ab06cdc2145f8643afac76c4392cb91632bd1e9205538ac00d864aa7e3f8437a0cda81173c8f159a45fe29891b39416ab1121024a46f0666210,JD169673,,2/29/2020 21:09,30,NO CONTROLS,NO CONTROLS,CLEAR,DARKNESS,REAR END,FOUR WAY,,STRAIGHT AND LEVEL,DRY,NO DEFECTS,ON SCENE,INJURY AND / OR TOW DUE TO CRASH,,Y,,"OVER $1,500",2/29/2020 21:10,FOLLOWING TOO CLOSELY,NOT APPLICABLE,4761,W,DEVON AVE,1711,,,,,,,2,NONINCAPACITATING INJURY,3,0,0,1,2,0,0,21,7,2,41.99717709,-87.74809218,POINT (-87.748092180166 41.997177094488)
ddc76cb3daebe5281da89c1c4a27446a79aab23a794f4c9ca7ecfd88882bdf4ccb32e0a5cb5dad5c5e35791d798978d8e44a86d9abaea8cf0e7503df90c5e0f8,JE248963,,5/31/2021 14:34,35,NO CONTROLS,NO CONTROLS,CLEAR,DAYLIGHT,ANGLE,NOT DIVIDED,,STRAIGHT AND LEVEL,DRY,NO DEFECTS,ON SCENE,INJURY AND / OR TOW DUE TO CRASH,,,,"OVER $1,500",5/31/2021 14:35,NOT APPLICABLE,NOT APPLICABLE,1736,W,76TH ST,611,,,,,,,2,NO INDICATION OF INJURY,0,0,0,0,0,2,0,14,2,5,41.75587561,-87.66744939,POINT (-87.667449390156 41.755875608254)
db1b403deaae6959c222ea87c682a9ae81d07dcddbb34037dab1e018b0a824b78d146c63695b79f21d2ec275431360c9f9532ed145f098ca624ff634a834df63,JC411143,Y,8/28/2019 18:09,35,STOP SIGN/FLASHER,FUNCTIONING PROPERLY,CLEAR,DAYLIGHT,ANGLE,OTHER,,STRAIGHT AND LEVEL,DRY,NO DEFECTS,ON SCENE,INJURY AND / OR TOW DUE TO CRASH,,,Y,"$501 - $1,500",8/28/2019 18:09,DISREGARDING STOP SIGN,NOT APPLICABLE,8300,S,COMMERCIAL AVE,424,,,,,,,2,"REPORTED, NOT EVIDENT",1,0,0,0,1,2,0,18,4,8,,,
dd7102f53f4a72aa72dfc9ad2f61ce09af824ffcae88f3dbcf74184056273c939536d9febb70a68462ca5ac7d19c8dcf00f16f2bc91238b28de4f6b29ce092dd,JE227925,,5/12/2021 15:15,30,UNKNOWN,UNKNOWN,UNKNOWN,UNKNOWN,REAR END,UNKNOWN,,STRAIGHT AND LEVEL,UNKNOWN,UNKNOWN,NOT ON SCENE (DESK REPORT),NO INJURY / DRIVE AWAY,,,,"OVER $1,500",5/12/2021 16:10,UNABLE TO DETERMINE,NOT APPLICABLE,6400,N,MILWAUKEE AVE,1611,,,,,,,2,NO INDICATION OF INJURY,0,0,0,0,0,4,0,15,4,5,41.99738217,-87.78807767,POINT (-87.78807767392 41.997382173454)
db9b223c45256aad921ff11d132de83c045a1074f7dfb5caa3111fcef2a744849599b8c2f0d41e82cf19beee15dc6d1e819cf057475e73e73e12afd0c36e7dfc,JC136237,,2/1/2019 11:00,20,NO CONTROLS,NO CONTROLS,CLEAR,DAYLIGHT,REAR END,NOT DIVIDED,2,STRAIGHT AND LEVEL,DRY,NO DEFECTS,NOT ON SCENE (DESK REPORT),NO INJURY / DRIVE AWAY,,,,$500 OR LESS,2/1/2019 11:14,UNABLE TO DETERMINE,UNABLE TO DETERMINE,5999,W,CATALPA AVE,1622,,,,,,,2,NO INDICATION OF INJURY,0,0,0,0,0,2,0,11,6,2,,,
dc37aebd6e4dd5c187c8fb249187caec84818adeec7111a1001cded13289ed0afa6d25486fcd7005898e4811d6c38d8612ef139bccfc4320a51a1f3b9abc3a9e,JB369588,,7/28/2018 22:30,30,UNKNOWN,UNKNOWN,CLEAR,DARKNESS,REAR END,NOT DIVIDED,,STRAIGHT AND LEVEL,DRY,NO DEFECTS,ON SCENE,NO INJURY / DRIVE AWAY,N,,,$500 OR LESS,7/28/2018 22:35,FOLLOWING TOO CLOSELY,FOLLOWING TOO CLOSELY,8654,S,HALSTED ST,613,,Y,,,,,2,NO INDICATION OF INJURY,0,0,0,0,0,2,0,22,7,7,41.73607868,-87.6437686,POINT (-87.643768594935 41.736078675137)
dc354c45ba934840848b7e935dfb12c29bbf742af0d8cd73bf897a287e6c94e9049d8c91d377f666584844aecabafb99459cf1015b4dc10c4e221a5ce3f8775f,JE128403,,1/31/2021 13:10,20,NO CONTROLS,NO CONTROLS,SNOW,DAYLIGHT,PARKED MOTOR VEHICLE,ONE-WAY,,STRAIGHT AND LEVEL,SNOW OR SLUSH,NO DEFECTS,ON SCENE,NO INJURY / DRIVE AWAY,,,,"$501 - $1,500",1/31/2021 13:26,WEATHER,WEATHER,5836,N,FAIRFIELD AVE,2011,,,,,,,2,NO INDICATION OF INJURY,0,0,0,0,0,1,0,13,1,1,41.9878689,-87.69824437,POINT (-87.698244369827 41.987868895073)
db5aa08004749cd7d1dfc7583e5a1052f2472d93ce8fc25da8b8cd0fe3f69246bb0dd3d748c17a870678486b0f049581020ad87b0f1c036b96155d0d4c61f443,JD240632,,5/23/2020 17:35,30,NO CONTROLS,UNKNOWN,CLEAR,DAYLIGHT,FIXED OBJECT,ALLEY,,STRAIGHT AND LEVEL,DRY,NO DEFECTS,ON SCENE,NO INJURY / DRIVE AWAY,,,Y,$500 OR LESS,5/23/2020 17:35,IMPROPER BACKING,IMPROPER BACKING,3515,N,LARAMIE AVE,1634,,,,,,,1,NO INDICATION OF INJURY,0,0,0,0,0,1,0,17,7,5,41.94464988,-87.75673031,POINT (-87.756730306959 41.944649874984)
ddbcc700c7645233df3a60e86d3a0de695e0bc4f5daf5c1a30494541342c06858db141ea2673269f8c5bbce2297347966d6ac37640cd0b3fb03946c587824063,JE188423,,4/3/2021 16:32,25,TRAFFIC SIGNAL,FUNCTIONING PROPERLY,CLEAR,DAYLIGHT,REAR END,FOUR WAY,,STRAIGHT AND LEVEL,DRY,NO DEFECTS,ON SCENE,NO INJURY / DRIVE AWAY,Y,,,$500 OR LESS,4/3/2021 16:39,UNABLE TO DETERMINE,NOT APPLICABLE,1601,N,LAKE SHORE DR,1814,,,,,,,2,NO INDICATION OF INJURY,0,0,0,0,0,4,0,16,7,4,41.9113056,-87.62620943,POINT (-87.626209432339 41.911305598351)
dbcad73ab79f7c9c1b0f4f917d40808a21d903b24b166841b76c09572710899f1b4de9ab99eb1ab1aba4fe386843775850282838fccdcd2f6b5bdb0a81263547,JF210030,,4/16/2022 17:35,15,NO CONTROLS,NO CONTROLS,CLEAR,DAYLIGHT,TURNING,PARKING LOT,,STRAIGHT AND LEVEL,DRY,NO DEFECTS,ON SCENE,NO INJURY / DRIVE AWAY,,Y,Y,"OVER $1,500",4/16/2022 17:42,UNABLE TO DETERMINE,UNABLE TO DETERMINE,4938,S,KEDZIE AVE,821,,,,,,,2,NO INDICATION OF INJURY,0,0,0,0,0,2,0,17,7,4,41.80330304,-87.70398271,POINT (-87.703982706766 41.803303040491)
db4890e656fc591162a53a952d88905b109a6607a79de593ca20b5bcfd3453467c3b70e7d669d943124493b728b295034e82588565ab044090329bc85b5cb145,JD445723,,11/30/2020 11:15,30,UNKNOWN,UNKNOWN,UNKNOWN,DAYLIGHT,SIDESWIPE SAME DIRECTION,UNKNOWN INTERSECTION TYPE,,STRAIGHT AND LEVEL,UNKNOWN,UNKNOWN,NOT ON SCENE (DESK REPORT),NO INJURY / DRIVE AWAY,,,,"$501 - $1,500",11/30/2020 13:30,NOT APPLICABLE,NOT APPLICABLE,13000,S,STONY ISLAND AVE,434,,,,,,,2,NO INDICATION OF INJURY,0,0,0,0,0,2,0,11,2,11,,,
dbc7ff4015fa888ad28b244b670816f1248a24bd81835bef1ab6e25a5d8460d912a30ed30afbf54f6ffe5176c04d614f9133f93c18d277e85a048eaa9fc846f0,HZ332383,,6/28/2016 14:00,0,TRAFFIC SIGNAL,FUNCTIONING PROPERLY,CLEAR,DAYLIGHT,TURNING,NOT DIVIDED,4,STRAIGHT AND LEVEL,DRY,NO DEFECTS,NOT ON SCENE (DESK REPORT),NO INJURY / DRIVE AWAY,,,,"OVER $1,500",7/2/2016 9:30,IMPROPER LANE USAGE,IMPROPER TURNING/NO SIGNAL,1650,W,111TH ST,2234,,,,,,,2,NO INDICATION OF INJURY,0,0,0,0,0,2,0,14,3,6,,,