CRASH_RECORD_ID,RD_NO,CRASH_DATE_EST_I,CRASH_DATE,POSTED_SPEED_LIMIT,TRAFFIC_CONTROL_DEVICE,DEVICE_CONDITION,WEATHER_CONDITION,LIGHTING_CONDITION,FIRST_CRASH_TYPE,TRAFFICWAY_TYPE,LANE_CNT,ALIGNMENT,ROADWAY_SURFACE_COND,ROAD_DEFECT,REPORT_TYPE,CRASH_TYPE,INTERSECTION_RELATED_I,NOT_RIGHT_OF_WAY_I,HIT_AND_RUN_I,DAMAGE,DATE_POLICE_NOTIFIED,PRIM_CONTRIBUTORY_CAUSE,SEC_CONTRIBUTORY_CAUSE,STREET_NO,STREET_DIRECTION,STREET_NAME,BEAT_OF_OCCURRENCE,PHOTOS_TAKEN_I,STATEMENTS_TAKEN_I,DOORING_I,WORK_ZONE_I,WORK_ZONE_TYPE,WORKERS_PRESENT_I,NUM_UNITS,MOST_SEVERE_INJURY,INJURIES_TOTAL,INJURIES_FATAL,INJURIES_INCAPACITATING,INJURIES_NON_INCAPACITATING,INJURIES_REPORTED_NOT_EVIDENT,INJURIES_NO_INDICATION,INJURIES_UNKNOWN,CRASH_HOUR,CRASH_DAY_OF_WEEK,CRASH_MONTH,LATITUDE,LONGITUDE,LOCATION
db64a2e62bff4d9475a4c27a9551af96260c06f3570b4da69be9c8b605bc37bfbe64b91535ec46375f0ee39002bc9782ac49c83d3c52d748a920b6cc454ebf6b,JE363469,,9/6/2021 12:20,0,NO CONTROLS,NO CONTROLS,CLEAR,DAYLIGHT,PARKED MOTOR VEHICLE,OTHER,,STRAIGHT AND LEVEL,DRY,NO DEFECTS,ON SCENE,NO INJURY / DRIVE AWAY,,,,$500 OR LESS,9/6/2021 12:24,UNABLE TO DETERMINE,NOT APPLICABLE,1840,N,CLYBOURN AVE,1811,,Y,,,,,2,NO INDICATION OF INJURY,0,0,0,0,0,1,0,12,2,9,41.91442371,-87.65462784,POINT (-87.65462784303 41.91442371409)
db3fba77066de16d56ca764b350a1218b7eecf61f22e7a16e4fe70c084ec382ffb6b7fdf49b650aeab0f8b8111b4e5cec541084729ef61fc204553cb0578ad35,JC361907,,7/23/2019 22:30,20,UNKNOWN,UNKNOWN,CLEAR,DARKNESS,REAR TO FRONT,NOT DIVIDED,,STRAIGHT AND LEVEL,DRY,UNKNOWN,NOT ON SCENE (DESK REPORT),NO INJURY / DRIVE AWAY,,,Y,"$501 - $1,500",7/23/2019 22:45,IMPROPER BACKING,NOT APPLICABLE,6131,N,FAIRFIELD AVE,2413,,,,,,,2,NO INDICATION OF INJURY,0,0,0,0,0,2,0,22,3,7,41.99312646,-87.69812168,POINT (-87.698121680444 41.993126457198)
d4a6e9ec44ef5dafc3a89592e28202fecf41235a4e4d5cd56c9b0883dd22b3f4b40f5aa4fa69eda8b11a88bf1de987bee3411e570a0c47b8c430723bbb967f85,JF376062,,8/30/2022 11:18,30,NO CONTROLS,NO CONTROLS,CLEAR,DAYLIGHT,REAR END,NOT DIVIDED,,STRAIGHT AND LEVEL,DRY,NO DEFECTS,ON SCENE,INJURY AND / OR TOW DUE TO CRASH,,,,"OVER $1,500",8/30/2022 11:19,UNABLE TO DETERMINE,UNABLE TO DETERMINE,2900,E,106TH ST,431,,,,,,,3,NO INDICATION OF INJURY,0,0,0,0,0,3,0,11,3,8,41.70287575,-87.55357405,POINT (-87.55357404463 41.702875749756)
dd664e3e7e135d1ed9189fd093a2221e009de8a4275bee57d04e72d1e3629aa00639af5477fed5215fff72b766849b87772d8b6c4aad8dbfed5e9172efe0cfb1,JF236303,,5/9/2022 20:49,30,NO CONTROLS,NO CONTROLS,CLEAR,UNKNOWN,PARKED MOTOR VEHICLE,ONE-WAY,,STRAIGHT AND LEVEL,DRY,NO DEFECTS,ON SCENE,NO INJURY / DRIVE AWAY,,,Y,"OVER $1,500",5/9/2022 20:49,UNABLE TO DETERMINE,NOT APPLICABLE,4922,W,PATTERSON AVE,1634,,,,,,,2,NO INDICATION OF INJURY,0,0,0,0,0,1,0,20,2,5,41.94710542,-87.75061212,POINT (-87.75061211743 41.947105423639)
dc47be8aa5ba08a177f34861b11a4370e90968e4f7d5b50b3bed75ff79c5cbbb9c1369b5fa04a14dc7f86a69ec173cb72a551df34558ecd79dee6165fedd286c,JE277240,,6/23/2021 18:30,30,NO CONTROLS,NO CONTROLS,CLEAR,DAYLIGHT,ANGLE,ONE-WAY,,STRAIGHT AND LEVEL,DRY,UNKNOWN,ON SCENE,NO INJURY / DRIVE AWAY,,,,"$501 - $1,500",6/23/2021 18:57,UNABLE TO DETERMINE,UNABLE TO DETERMINE,5201,W,HURON ST,1524,,,,,,,2,NO INDICATION OF INJURY,0,0,0,0,0,6,0,18,4,6,41.89288956,-87.75558738,POINT (-87.755587377319 41.892889561589)
df40f10d845082114df03830065149975334205f0218cf6801a14688cbc5c0c9c3b5a83fdb9b2bab88c5a05fa8356e576388d0c24fac2aad9b462a9f8abdb5c9,JD439558,,11/23/2020 13:40,25,NO CONTROLS,NO CONTROLS,CLEAR,DAYLIGHT,PARKED MOTOR VEHICLE,ONE-WAY,,STRAIGHT AND LEVEL,DRY,NO DEFECTS,ON SCENE,NO INJURY / DRIVE AWAY,,,Y,"OVER $1,500",11/23/2020 13:55,NOT APPLICABLE,NOT APPLICABLE,5205,W,BERTEAU AVE,1624,,,,,,,2,NO INDICATION OF INJURY,0,0,0,0,0,1,0,13,2,11,41.95683683,-87.75754226,POINT (-87.757542257058 41.956836828902)
de64ad6460d58e8669e4268d079d0688807ad07e2a7d252c0d08e57ccaa122ad07dce5e53e5e61020c235ffb012cc59db965d32b0e970571192cd91e863a024d,JE321510,,7/31/2021 21:40,15,TRAFFIC SIGNAL,FUNCTIONING PROPERLY,CLEAR,"DARKNESS, LIGHTED ROAD",REAR END,PARKING LOT,,STRAIGHT AND LEVEL,DRY,NO DEFECTS,ON SCENE,NO INJURY / DRIVE AWAY,,,,"OVER $1,500",7/31/2021 21:40,DISREGARDING TRAFFIC SIGNALS,UNABLE TO DETERMINE,6299,S,LAKE SHORE DR,331,,Y,,,,,2,NO INDICATION OF INJURY,0,0,0,0,0,2,0,21,7,7,,,
e19cf6e70068196d87e41a7968d3bbbfc462c5de02fa60b58844350f6c24cc16ba777d18566c059a84c736b912131a509e14c9d430dc0a8cd4e42f873bfbe07e,JE216793,,5/2/2021 5:35,35,TRAFFIC SIGNAL,UNKNOWN,CLEAR,DAYLIGHT,ANGLE,FOUR WAY,,STRAIGHT AND LEVEL,DRY,NO DEFECTS,ON SCENE,INJURY AND / OR TOW DUE TO CRASH,Y,,,"OVER $1,500",5/2/2021 5:45,NOT APPLICABLE,NOT APPLICABLE,11100,S,HAMLET AVE,2234,,,,,,,2,NO INDICATION OF INJURY,0,0,0,0,0,2,0,5,1,5,41.69211289,-87.65989895,POINT (-87.659898952054 41.692112887026)
e0420cc6cda3c6d7f8c84e6835e7194e20bda08d351c6849f68e0ce485f3dd9aeafb4e4dd934baf3a27c450f17d31e31399fdcca58a8380f8d93a8d5eb97d45c,JE202692,,4/18/2021 7:00,20,NO CONTROLS,NO CONTROLS,CLEAR,DAYLIGHT,REAR TO FRONT,PARKING LOT,,STRAIGHT AND LEVEL,DRY,NO DEFECTS,ON SCENE,NO INJURY / DRIVE AWAY,,,,$500 OR LESS,4/18/2021 7:06,UNABLE TO DETERMINE,NOT APPLICABLE,1,W,PARKING LOT A ST,1654,,Y,,,,,2,NO INDICATION OF INJURY,0,0,0,0,0,2,0,7,1,4,,,
dfc2d4eb8a3399224fc1c72a9d8c7d9800471212e09f2c86b5fb06be19bf404e0d7354d225c54dcf4887302f9ca52183f5543f83148507c3867be94da19f12dc,JE477993,,12/15/2021 7:58,30,STOP SIGN/FLASHER,FUNCTIONING PROPERLY,RAIN,DAYLIGHT,ANGLE,FOUR WAY,,STRAIGHT AND LEVEL,WET,NO DEFECTS,ON SCENE,NO INJURY / DRIVE AWAY,Y,,,"OVER $1,500",12/15/2021 7:58,WEATHER,WEATHER,1299,W,88TH ST,2222,,,,,,,2,NO INDICATION OF INJURY,0,0,0,0,0,2,0,7,4,12,41.7339657,-87.65565291,POINT (-87.655652914 41.733965695597)
dfd86a255aa889970ca98e9977cd7493eae1c58c770561929e6ed137c4e61961550618016702b79ffd4cad261ad9063907f2ca0538f7a066a601ca5f533bd53b,JA550647,,12/15/2017 17:50,10,NO CONTROLS,NO CONTROLS,CLEAR,DARKNESS,HEAD ON,PARKING LOT,,STRAIGHT AND LEVEL,DRY,NO DEFECTS,ON SCENE,NO INJURY / DRIVE AWAY,,Y,,"$501 - $1,500",12/15/2017 17:54,IMPROPER BACKING,NOT APPLICABLE,10314,S,KEDZIE AVE,2211,,,,,,,2,NO INDICATION OF INJURY,0,0,0,0,0,2,0,17,6,12,41.70568977,-87.70145879,POINT (-87.701458785325 41.705689768342)
e097493e940e6b6ab29d2611280edffdf495b4494fc15f9c86153b02abf53b1e79965d4873af925b50da0d11c91a827c4687c410ccacc48a1b9d739fed367339,JD244586,,5/27/2020 15:55,30,UNKNOWN,UNKNOWN,UNKNOWN,UNKNOWN,ANGLE,UNKNOWN,,STRAIGHT AND LEVEL,UNKNOWN,UNKNOWN,NOT ON SCENE (DESK REPORT),NO INJURY / DRIVE AWAY,,,,"OVER $1,500",5/27/2020 16:10,UNABLE TO DETERMINE,NOT APPLICABLE,5599,W,MONTROSE AVE,1624,,,,,,,2,NO INDICATION OF INJURY,0,0,0,0,0,2,0,15,4,5,41.96037595,-87.76711745,POINT (-87.767117449403 41.960375948082)
e0bee97093ad359378c69fb5a86baa396b0caa35338c5f352a83892cf65d4de4ffb7870bf6d37081a289e4b74064f5b3b3f3a40c8a9e63880c29e2ecb747750c,JC116825,,1/14/2019 15:55,15,NO CONTROLS,NO CONTROLS,SNOW,DUSK,ANGLE,ALLEY,,STRAIGHT AND LEVEL,ICE,NO DEFECTS,NOT ON SCENE (DESK REPORT),NO INJURY / DRIVE AWAY,,,,"OVER $1,500",1/14/2019 16:50,NOT APPLICABLE,NOT APPLICABLE,2238,W,FOSTER AVE,2012,,,,,,,2,NO INDICATION OF INJURY,0,0,0,0,0,2,0,15,2,1,41.97604903,-87.6858549,POINT (-87.685854901023 41.976049030028)
ded90bbf8a20e39775c8247d0226e0b7ee8fec954f7a68fd61990d6599b4dddf95c3b6f466ee2a1ca1834e49cc5263e86bb652a6105a27e574242017d5d0d9de,JD351588,,8/31/2020 12:54,30,NO CONTROLS,NO CONTROLS,CLEAR,DAYLIGHT,PARKED MOTOR VEHICLE,NOT DIVIDED,,STRAIGHT AND LEVEL,DRY,NO DEFECTS,ON SCENE,NO INJURY / DRIVE AWAY,,,Y,"OVER $1,500",8/31/2020 12:59,UNABLE TO DETERMINE,UNABLE TO DETERMINE,2363,E,70TH ST,331,,,,,,,2,NO INDICATION OF INJURY,0,0,0,0,0,1,0,12,2,8,41.76795922,-87.5672719,POINT (-87.567271895893 41.767959221275)
e06b462667904b2323358b5e170efdd2cf07bd0236c630bb5dc8d6b15998f5c37a9f63cece956943b69ee89742935c06b07c59d50ec22dd5a2a2b469159dec1c,JC259316,,5/11/2019 18:30,15,NO CONTROLS,NO CONTROLS,RAIN,DUSK,ANGLE,ALLEY,,STRAIGHT AND LEVEL,WET,NO DEFECTS,ON SCENE,INJURY AND / OR TOW DUE TO CRASH,,,Y,"OVER $1,500",5/11/2019 18:36,UNABLE TO DETERMINE,NOT APPLICABLE,6443,N,LEAVITT ST,2412,,,,,,,2,NO INDICATION OF INJURY,0,0,0,0,0,2,0,18,7,5,41.99908674,-87.68490127,POINT (-87.684901274215 41.999086742567)
e180159117040237e3b1e53f4ba9810194f8ae3e3c265f01cd9e73feb77b5d82188a5623e72204b6444d8494a4ae27766ef4829bcf97b9e77997f05275a6134d,HZ391870,,8/14/2016 11:50,30,NO CONTROLS,NO CONTROLS,CLEAR,DAYLIGHT,TURNING,UNKNOWN,,STRAIGHT AND LEVEL,DRY,NO DEFECTS,NOT ON SCENE (DESK REPORT),NO INJURY / DRIVE AWAY,,,,"$501 - $1,500",8/14/2016 15:30,NOT APPLICABLE,NOT APPLICABLE,1229,W,LAKE ST,1224,,,,,,,2,NO INDICATION OF INJURY,0,0,0,0,0,2,0,11,1,8,41.88537592,-87.65798088,POINT (-87.657980881977 41.885375924031)
de5cbcb61fd3bb7123a2733f8c59c11dd2c0a2d4164062cdf49bc8a19fb98eaa240f583b4d8bb5ba75c7c9df511fdffc8df6924cf67dd043171a2a0e59983ef5,JC558767,,12/24/2019 10:30,20,OTHER,UNKNOWN,CLEAR,DAYLIGHT,REAR END,PARKING LOT,,STRAIGHT AND LEVEL,DRY,NO DEFECTS,NOT ON SCENE (DESK REPORT),NO INJURY / DRIVE AWAY,,Y,,"OVER $1,500",12/24/2019 11:58,NOT APPLICABLE,NOT APPLICABLE,1500,W,WILSON AVE,1912,,,,,,,2,NO INDICATION OF INJURY,0,0,0,0,0,2,0,10,3,12,41.96536418,-87.66787952,POINT (-87.667879517599 41.965364176671)
e0786733fb04bc194d0bea4bb07fa019ffc43a92832c5d0e7d256bb6c315aee069a1e7ac2d1a89cdc9b2be030141dad587533bc093e162eb2903e2db2a03297e,JC243709,,4/30/2019 8:27,30,TRAFFIC SIGNAL,FUNCTIONING PROPERLY,CLOUDY/OVERCAST,DAYLIGHT,SIDESWIPE SAME DIRECTION,FOUR WAY,,STRAIGHT AND LEVEL,WET,UNKNOWN,ON SCENE,NO INJURY / DRIVE AWAY,Y,,,"OVER $1,500",4/30/2019 8:27,UNABLE TO DETERMINE,NOT APPLICABLE,5500,S,WENTWORTH AVE,225,,,,,,,2,NO INDICATION OF INJURY,0,0,0,0,0,2,0,8,3,4,,,
df1b70ce7b960573abd8b26b6184b622626d6672eb96c6f6289a481ba9d0e9c3a001cbfd51813d54f71b7da48edd821f752043df9cbca821c7ea219b1d576cd4,JB518468,,11/16/2018 15:15,35,NO CONTROLS,NO CONTROLS,CLEAR,DUSK,PARKED MOTOR VEHICLE,NOT DIVIDED,2,STRAIGHT AND LEVEL,DRY,NO DEFECTS,,NO INJURY / DRIVE AWAY,,,,"OVER $1,500",11/16/2018 16:30,NOT APPLICABLE,NOT APPLICABLE,9535,S,LOOMIS ST,2213,,,,,,,2,NO INDICATION OF INJURY,0,0,0,0,0,1,0,15,6,11,41.72025067,-87.65752453,POINT (-87.657524534075 41.720250664935)
dfcd80efef226a5da9cdf8fc3ce9dcccf3e810dfe6a53d44da9418b88dcb0eaebab94a6cea5d2243803bb6ea408ca7a87221f61173ac0690a76b91f08cfa2759,JE149108,,2/22/2021 15:35,30,NO CONTROLS,NO CONTROLS,CLEAR,DAWN,REAR END,NOT DIVIDED,,STRAIGHT AND LEVEL,WET,NO DEFECTS,ON SCENE,INJURY AND / OR TOW DUE TO CRASH,,,,"OVER $1,500",2/22/2021 17:41,WEATHER,NOT APPLICABLE,1626,W,GARFIELD BLVD,932,,,,,,,2,"REPORTED, NOT EVIDENT",1,0,0,0,1,1,0,15,2,2,41.79412249,-87.66573462,POINT (-87.665734614894 41.794122490299)
df809bc4377552cf4361daf515df8e03125b62807657be25aff6d3edeb5fec92c9bd554d5db70984d88de85286732ba9c9df04c4c50620c65ccee1cb56604845,HZ375035,,8/2/2016 11:55,30,NO CONTROLS,NO CONTROLS,CLEAR,DUSK,REAR END,NOT DIVIDED,,STRAIGHT AND LEVEL,DRY,NO DEFECTS,NOT ON SCENE (DESK REPORT),NO INJURY / DRIVE AWAY,,,,"OVER $1,500",8/2/2016 12:45,IMPROPER BACKING,NOT APPLICABLE,4950,S,PRAIRIE AVE,224,,,,,,,2,NO INDICATION OF INJURY,0,0,0,0,0,2,0,11,3,8,41.80418911,-87.61960509,POINT (-87.619605087586 41.804189111712)
e143b4a4b42c50e6be7be80656a7d999e925db3c564cbe9e2f983eb977ef4a33c2ca07862479a74c1d7970e4f28786bbc531b665fae3146fc3e7f9a107878682,JC509047,,11/13/2019 14:39,30,TRAFFIC SIGNAL,FUNCTIONING PROPERLY,CLEAR,DAYLIGHT,TURNING,"FIVE POINT, OR MORE",,"CURVE, LEVEL",DRY,NO DEFECTS,ON SCENE,NO INJURY / DRIVE AWAY,,,,"OVER $1,500",11/13/2019 14:49,UNABLE TO DETERMINE,UNABLE TO DETERMINE,3099,S,ROCKWELL ST,1034,,,,,,,2,NO INDICATION OF INJURY,0,0,0,0,0,2,0,14,4,11,,,
e336ed7253b662dca8074b4f12e3199dfa9313c60022a98713b79bec8cdae74208a7b7c2f60816fdfe10bb5632a4f0db2a709a330f2bcef17e9caa773716f9a4,JD472541,,12/22/2020 20:09,35,NO CONTROLS,NO CONTROLS,CLEAR,DARKNESS,ANGLE,ONE-WAY,,STRAIGHT AND LEVEL,UNKNOWN,UNKNOWN,NOT ON SCENE (DESK REPORT),NO INJURY / DRIVE AWAY,,,,"OVER $1,500",12/29/2020 13:20,UNABLE TO DETERMINE,NOT APPLICABLE,1020,W,ADAMS ST,1232,,,,,,,2,NO INDICATION OF INJURY,0,0,0,0,0,2,0,20,3,12,41.87923552,-87.65283509,POINT (-87.652835093311 41.879235520062)
e511249a9341fda06746a08df8fbee189ca9135fa644c260ffbc118830a856ae868157611c337cd50558a7ada1de2b9e7bed091c3c301c12b29a8912c176a53f,JF205455,,4/12/2022 11:02,30,TRAFFIC SIGNAL,FUNCTIONING PROPERLY,CLEAR,DAYLIGHT,PEDESTRIAN,DIVIDED - W/MEDIAN (NOT RAISED),,STRAIGHT AND LEVEL,DRY,NO DEFECTS,ON SCENE,INJURY AND / OR TOW DUE TO CRASH,,,,"$501 - $1,500",4/12/2022 11:02,RELATED TO BUS STOP,NOT APPLICABLE,4800,S,DR MARTIN LUTHER KING JR SD,224,,,,,,,2,"REPORTED, NOT EVIDENT",1,0,0,0,1,10,0,11,3,4,,,
e5055da9c0d2a5346f57a1d31dd1e30facc551433200884e46bc4d61b60dbaf35d1e123d9414242763b7be2bdbde4622a91bd08d6707bb1c00a9a65bd6e40f4f,JA521071,,11/19/2017 13:40,30,TRAFFIC SIGNAL,NO CONTROLS,CLEAR,DAYLIGHT,REAR END,DIVIDED - W/MEDIAN (NOT RAISED),2,STRAIGHT AND LEVEL,DRY,NO DEFECTS,NOT ON SCENE (DESK REPORT),NO INJURY / DRIVE AWAY,N,,,"$501 - $1,500",11/21/2017 22:55,FOLLOWING TOO CLOSELY,FOLLOWING TOO CLOSELY,5899,N,ASHLAND AVE,2012,,,,,,,2,NO INDICATION OF INJURY,0,0,0,0,0,2,0,13,1,11,,,
e346f30407240977dbe03aa27e3c03b2ee4410d1b685c563a0980ab690513ef708c1bdfdfb78bef7643123996f85e23a2d589750bb70ce241ad54e1af287b2d7,JE150606,,2/24/2021 7:36,30,NO CONTROLS,NO CONTROLS,SNOW,DAYLIGHT,PARKED MOTOR VEHICLE,NOT DIVIDED,,STRAIGHT AND LEVEL,WET,NO DEFECTS,ON SCENE,NO INJURY / DRIVE AWAY,,,Y,"OVER $1,500",2/24/2021 7:45,UNABLE TO DETERMINE,NOT APPLICABLE,607,E,65TH ST,321,,,,,,,2,NO INDICATION OF INJURY,0,0,0,0,0,1,0,7,4,2,41.7765874,-87.61040049,POINT (-87.610400485196 41.776587400692)
e3d41f7a6cddbcb35318d93d9d72cf22df01c7229e19fdc28c8d7de5934f805c231053931745ad358631c9f2fe6a350f8fd45a5a1b7f159ebfcb509d15a23aa5,JE392956,,9/30/2021 13:20,20,NO CONTROLS,NO CONTROLS,CLEAR,DAYLIGHT,SIDESWIPE SAME DIRECTION,ONE-WAY,,STRAIGHT AND LEVEL,DRY,NO DEFECTS,NOT ON SCENE (DESK REPORT),NO INJURY / DRIVE AWAY,,,,$500 OR LESS,9/30/2021 15:15,UNABLE TO DETERMINE,NOT APPLICABLE,2,W,TERMINAL ST,1652,,,,,,,2,NO INDICATION OF INJURY,0,0,0,0,0,3,0,13,5,9,,,
e2caebc5e1300610f0c81f0bb7a010610a4034c6dd15d7b6cda21b508dac98eda85a8cc50e78e3afdbaff2ba5badd1e890f6865f9f51e1df86817dc98a77c84e,HZ139499,,2/3/2016 20:00,30,OTHER,OTHER,CLEAR,DARKNESS,SIDESWIPE SAME DIRECTION,NOT DIVIDED,,STRAIGHT AND LEVEL,DRY,NO DEFECTS,ON SCENE,NO INJURY / DRIVE AWAY,,,,"OVER $1,500",2/3/2016 20:33,UNABLE TO DETERMINE,NOT APPLICABLE,350,N,CLARK ST,1831,,,,,,,2,NO INDICATION OF INJURY,0,0,0,0,0,2,0,20,4,2,41.88888671,-87.63119907,POINT (-87.631199066211 41.888886705928)
e1c69f1fd57808ca9951fd9534ea9f014d91173d14cb2526e52da7a17af7836ac095f82a1d2b8951a3fe137d669cd9b2ebcef4659364c39dac0732bc5555fc1a,JE282865,,6/28/2021 18:00,20,NO CONTROLS,NO CONTROLS,CLEAR,DAYLIGHT,FIXED OBJECT,NOT DIVIDED,,STRAIGHT AND LEVEL,WET,NO DEFECTS,ON SCENE,NO INJURY / DRIVE AWAY,,Y,,"OVER $1,500",6/28/2021 18:31,UNABLE TO DETERMINE,UNABLE TO DETERMINE,1428,S,EMERALD AVE,1232,,,,,,,3,NO INDICATION OF INJURY,0,0,0,0,0,2,0,18,2,6,41.86271005,-87.64577199,POINT (-87.64577198498 41.862710051885)
e348b4116bc79b32c4d6900376dd104ac70b423109585f4509dbc7735c360d3543ba02931aa225ceaa2f3e92a23a8ad2943228108e9284d2d6fe97ab1524beb5,HZ555003,,12/17/2016 12:40,25,NO CONTROLS,NO CONTROLS,CLEAR,DAYLIGHT,PARKED MOTOR VEHICLE,PARKING LOT,0,STRAIGHT AND LEVEL,DRY,NO DEFECTS,NOT ON SCENE (DESK REPORT),NO INJURY / DRIVE AWAY,,,,"$501 - $1,500",12/17/2016 13:38,UNABLE TO DETERMINE,UNABLE TO DETERMINE,4157,S,CALIFORNIA AVE,921,,,,,,,2,,,,,,,,,12,7,12,41.81751836,-87.69434315,POINT (-87.694343150053 41.817518357378)
501aafeb3e52e283017648a5ab533bfdf0dc71eb3ae209ddd3b04e2ec0e15b8d575c9e306d5db9b08838a08e354ae0d784e4832c7e10f6780fd0282d5f5951ca,JF376837,,8/30/2022 20:44,30,UNKNOWN,UNKNOWN,CLEAR,DARKNESS,REAR END,NOT DIVIDED,,STRAIGHT AND LEVEL,UNKNOWN,UNKNOWN,ON SCENE,NO INJURY / DRIVE AWAY,,,Y,"OVER $1,500",8/30/2022 21:15,UNABLE TO DETERMINE,NOT APPLICABLE,4647,W,MARQUETTE RD,833,,,,,,,2,NO INDICATION OF INJURY,0,0,0,0,0,2,0,20,3,8,41.77106635,-87.73892728,POINT (-87.738927277997 41.771066354408)
e44aad86a1f7bb4890dad86da59fe9cd7796db8d29e1c9b0d2e23eabfa08c658678df2fe86534aaf52e831bbe9b6a5d3500cdac2e1d71bb58b9b30cc8e3ce28c,JE210359,,4/26/2021 9:50,20,NO CONTROLS,NO CONTROLS,CLEAR,DAYLIGHT,FIXED OBJECT,ALLEY,,STRAIGHT AND LEVEL,DRY,NO DEFECTS,ON SCENE,NO INJURY / DRIVE AWAY,,,Y,"$501 - $1,500",4/26/2021 10:15,UNABLE TO DETERMINE,UNABLE TO DETERMINE,4226,W,CRYSTAL ST,2534,,,,,,,1,NO INDICATION OF INJURY,0,0,0,0,0,1,0,9,2,4,41.9035893,-87.73236645,POINT (-87.732366451661 41.903589297924)
e4105f309f92281024870d1afde803b14af235a4df2ff2917a0bfdcbd3499bdad5217e02c4bb8228b91ba1d25d497fed5ce57c3e9fb2308b6e9f3a2bf8876153,JE427948,,10/29/2021 20:12,30,TRAFFIC SIGNAL,FUNCTIONING PROPERLY,CLEAR,DAYLIGHT,TURNING,NOT DIVIDED,,STRAIGHT AND LEVEL,DRY,NO DEFECTS,,NO INJURY / DRIVE AWAY,Y,,,"$501 - $1,500",10/30/2021 14:30,UNABLE TO DETERMINE,UNABLE TO DETERMINE,5701,N,BROADWAY,2022,,,,,,,2,NO INDICATION OF INJURY,0,0,0,0,0,2,0,20,6,10,41.98547919,-87.65997884,POINT (-87.659978842493 41.985479187915)
e25d640b15fb8742b1e393c68bb98fdb35fd38c59dd9bdfe1865fae579d3403ec28a980f1a041ec2d8891588eb31735968dfc486f5662a398b5659d6fb4763e9,JE473546,Y,12/11/2021 6:30,30,NO CONTROLS,NO CONTROLS,UNKNOWN,UNKNOWN,FIXED OBJECT,RAMP,,CURVE ON GRADE,UNKNOWN,NO DEFECTS,ON SCENE,NO INJURY / DRIVE AWAY,,,,"OVER $1,500",12/11/2021 8:30,UNABLE TO DETERMINE,UNABLE TO DETERMINE,5459,N,MANNHEIM RD,1654,,,,,,,1,NO INDICATION OF INJURY,0,0,0,0,0,1,0,6,7,12,41.97906329,-87.87872883,POINT (-87.878728828809 41.979063291944)
e81e56f854896c3d24bc6b8e8ffa553e01bbbb0c76daf3995c04ba3b4d0f8553a70e570c085eaf6634ec57415c0a06ff6c5b0cf537bbb605efc6bb3f35f67f51,JA166995,,2/25/2017 14:40,35,NO CONTROLS,NO CONTROLS,CLEAR,DAYLIGHT,TURNING,NOT DIVIDED,,STRAIGHT AND LEVEL,DRY,NO DEFECTS,,NO INJURY / DRIVE AWAY,Y,,,"OVER $1,500",2/25/2017 15:05,UNABLE TO DETERMINE,UNABLE TO DETERMINE,3403,W,PETERSON AVE,1711,,,,,,,2,NO INDICATION OF INJURY,0,0,0,0,0,2,0,14,7,2,41.99021163,-87.71413506,POINT (-87.714135060701 41.990211625048)
e73c261ff8211ac9b72900eea2f3111589ab13c42e0128499552dd7080e5a0bde3d52982a31fc107c61d8672e9ab0699b80ebcab3f0ee48c42d046ba2d19b331,JC198495,,3/25/2019 5:34,20,NO CONTROLS,NO CONTROLS,CLEAR,"DARKNESS, LIGHTED ROAD",SIDESWIPE SAME DIRECTION,ONE-WAY,4,STRAIGHT AND LEVEL,DRY,NO DEFECTS,ON SCENE,NO INJURY / DRIVE AWAY,,,,"OVER $1,500",3/25/2019 5:40,FAILING TO YIELD RIGHT-OF-WAY,DRIVING SKILLS/KNOWLEDGE/EXPERIENCE,3,W,TERMINAL ST,1653,,,,,,,2,NO INDICATION OF INJURY,0,0,0,0,0,2,0,5,2,3,,,
e6d4d036ad931ff1a6fc4c4bc7429a9184359f5d7d9aca09ec640d5bdbb5d40031bc9cbeddde8dc9e55e14d77c28927b1f248717787cacd092866e35f8efdf19,JC431225,,9/13/2019 6:30,40,NO CONTROLS,NO CONTROLS,RAIN,DAWN,FIXED OBJECT,RAMP,,STRAIGHT ON GRADE,WET,NO DEFECTS,ON SCENE,INJURY AND / OR TOW DUE TO CRASH,,,,"OVER $1,500",9/13/2019 6:35,WEATHER,NOT APPLICABLE,1556,N,LAKE SHORE DR SB,1814,,,,,,,1,NO INDICATION OF INJURY,0,0,0,0,0,1,0,6,6,9,41.91113522,-87.62615083,POINT (-87.626150828894 41.911135219346)
e709fab596ab69979b3b531666374b25d58391e3d47debc23aa2df5d22740a45b961dcf60c20bcb649e8e7d42b3794ed60b517a81832f0cb0386128bf5a667af,JC181182,,3/10/2019 20:15,10,NO CONTROLS,NO CONTROLS,CLEAR,DAYLIGHT,REAR END,PARKING LOT,,STRAIGHT AND LEVEL,DRY,UNKNOWN,,NO INJURY / DRIVE AWAY,,,,"$501 - $1,500",3/11/2019 9:55,UNABLE TO DETERMINE,UNABLE TO DETERMINE,1201,N,AUSTIN BLVD,2531,,,,,,,2,NO INDICATION OF INJURY,0,0,0,0,0,2,0,20,1,3,41.90209124,-87.77521789,POINT (-87.77521789397 41.902091238174)
e72dc826981f22ce30b773e172113e4669d0eafd3389baa537eaa4ccf909a1718535265fdeeef7bb19ae78af1d4acebd80964414a0ddb03e197547c199d6e901,JB176353,,3/6/2018 21:35,35,NO CONTROLS,NO CONTROLS,RAIN,DARKNESS,PARKED MOTOR VEHICLE,ONE-WAY,1,STRAIGHT AND LEVEL,WET,NO DEFECTS,ON SCENE,NO INJURY / DRIVE AWAY,,,,$500 OR LESS,3/6/2018 21:42,NOT APPLICABLE,NOT APPLICABLE,8005,S,EMERALD AVE,621,,,,,,,2,NO INDICATION OF INJURY,0,0,0,0,0,1,0,21,3,3,41.7486368,-87.64261508,POINT (-87.642615079342 41.748636798643)