CRASH_RECORD_ID,RD_NO,CRASH_DATE_EST_I,CRASH_DATE,POSTED_SPEED_LIMIT,TRAFFIC_CONTROL_DEVICE,DEVICE_CONDITION,WEATHER_CONDITION,LIGHTING_CONDITION,FIRST_CRASH_TYPE,TRAFFICWAY_TYPE,LANE_CNT,ALIGNMENT,ROADWAY_SURFACE_COND,ROAD_DEFECT,REPORT_TYPE,CRASH_TYPE,INTERSECTION_RELATED_I,NOT_RIGHT_OF_WAY_I,HIT_AND_RUN_I,DAMAGE,DATE_POLICE_NOTIFIED,PRIM_CONTRIBUTORY_CAUSE,SEC_CONTRIBUTORY_CAUSE,STREET_NO,STREET_DIRECTION,STREET_NAME,BEAT_OF_OCCURRENCE,PHOTOS_TAKEN_I,STATEMENTS_TAKEN_I,DOORING_I,WORK_ZONE_I,WORK_ZONE_TYPE,WORKERS_PRESENT_I,NUM_UNITS,MOST_SEVERE_INJURY,INJURIES_TOTAL,INJURIES_FATAL,INJURIES_INCAPACITATING,INJURIES_NON_INCAPACITATING,INJURIES_REPORTED_NOT_EVIDENT,INJURIES_NO_INDICATION,INJURIES_UNKNOWN,CRASH_HOUR,CRASH_DAY_OF_WEEK,CRASH_MONTH,LATITUDE,LONGITUDE,LOCATION
e638a2d8599aed0d37fb46f242808ad08f6790f12b67194e5b4524c79a21e1e946827fd3e38460224dae1e9d85d01ac64d546621e04ddfc6352c63a3f868eab8,JC499213,,11/5/2019 9:30,35,NO CONTROLS,NO CONTROLS,CLEAR,DAYLIGHT,REAR END,DIVIDED - W/MEDIAN BARRIER,,STRAIGHT AND LEVEL,DRY,UNKNOWN,ON SCENE,NO INJURY / DRIVE AWAY,,,,"$501 - $1,500",11/5/2019 9:50,NOT APPLICABLE,NOT APPLICABLE,3801,W,PETERSON AVE,1711,,,,,,,3,NO INDICATION OF INJURY,0,0,0,0,0,3,0,9,3,11,41.99008298,-87.72409189,POINT (-87.724091890119 41.990082975589)
e7058c85194a67b342adbc1aeec61a1c0ba92ee2977f029f0551e0496aaf217fed00580a909f7a08353e03b970539d2f3f7d1461dd9a2250199db1c709a15755,JC495237,,11/1/2019 18:15,30,UNKNOWN,UNKNOWN,CLEAR,DAWN,REAR END,UNKNOWN,,STRAIGHT AND LEVEL,DRY,UNKNOWN,NOT ON SCENE (DESK REPORT),NO INJURY / DRIVE AWAY,,,,"OVER $1,500",11/1/2019 21:50,UNABLE TO DETERMINE,NOT APPLICABLE,150,N,LAKE SHORE DR SB,114,,,,,,,2,NO INDICATION OF INJURY,0,0,0,0,0,2,0,18,6,11,41.88434876,-87.61454978,POINT (-87.614549778133 41.884348763505)
e76c6215dd83392305a796cd67ca9c6a51964d577cfb12b1e3cdd05ade59019cd58aef688d71e7257e2ce622f73f22af87d8e066369c98e441266309eafc76e9,JB341481,,7/8/2018 19:00,30,UNKNOWN,UNKNOWN,CLEAR,UNKNOWN,FIXED OBJECT,UNKNOWN,,STRAIGHT AND LEVEL,DRY,UNKNOWN,ON SCENE,NO INJURY / DRIVE AWAY,,,,"OVER $1,500",7/8/2018 23:12,NOT APPLICABLE,UNABLE TO DETERMINE,250,W,47TH ST,925,,,,,,,1,NO INDICATION OF INJURY,0,0,0,0,0,1,0,19,1,7,41.80920224,-87.63286103,POINT (-87.632861029976 41.809202235112)
e5658d77a6dc5aaf188f6c8d494bd59dfd14950a19b96ac2e1c86fb305501d9c760fa49e8db10e93ae6c9069cf76a2b4c6881ba3b47fd0f0bd6a02a42ca8c0a3,JB263297,,5/14/2018 15:25,10,NO CONTROLS,NO CONTROLS,CLEAR,DAYLIGHT,REAR END,PARKING LOT,,STRAIGHT AND LEVEL,DRY,NO DEFECTS,ON SCENE,NO INJURY / DRIVE AWAY,,Y,,"$501 - $1,500",5/14/2018 15:33,IMPROPER BACKING,NOT APPLICABLE,2762,W,111TH ST,2212,,,,,,,2,NO INDICATION OF INJURY,0,0,0,0,0,2,0,15,2,5,41.69179908,-87.69076082,POINT (-87.690760818574 41.691799080857)
e72ff752355864b810e40f03aff23cef0cb98cbb97863472a803be248f9ba0be0b0cb25b3e40cb52b99df36f19a734933bbf284b4fc95240fb18878a48883391,JD179167,,3/9/2020 8:20,10,NO CONTROLS,OTHER,RAIN,DAYLIGHT,TURNING,NOT DIVIDED,,STRAIGHT AND LEVEL,WET,NO DEFECTS,ON SCENE,INJURY AND / OR TOW DUE TO CRASH,,,,"OVER $1,500",3/9/2020 8:26,FAILING TO REDUCE SPEED TO AVOID CRASH,FAILING TO REDUCE SPEED TO AVOID CRASH,3058,S,CALIFORNIA BLVD,1034,,,,,,,2,INCAPACITATING INJURY,6,0,4,0,2,2,0,8,2,3,,,
e7db262541647727f72b477c36aa92f7cf459af277371b3fca852e73e1b1fb38de97f731486307f83fc772b0f57acd0d9f36689e6714430861839110aea4f561,JE146895,,2/20/2021 11:15,25,NO CONTROLS,NO CONTROLS,CLEAR,DAYLIGHT,REAR END,OTHER,,STRAIGHT AND LEVEL,WET,NO DEFECTS,ON SCENE,NO INJURY / DRIVE AWAY,,,Y,"OVER $1,500",2/20/2021 12:10,NOT APPLICABLE,NOT APPLICABLE,4130,S,WESTERN AVE,921,,,,,,,3,NO INDICATION OF INJURY,0,0,0,0,0,7,0,11,7,2,41.81836991,-87.68484193,POINT (-87.684841926062 41.818369906166)
e649ef40bf5709e0aefe4c53f35e0b79170347ab4d10e48e9c7fca0f44b8f1172a2959dac28b9a0403f67ef5171211a4795c8e7fa1a76aa92d67cce82b2f79de,JB498674,Y,11/1/2018 6:30,30,UNKNOWN,UNKNOWN,CLEAR,DAWN,FIXED OBJECT,DRIVEWAY,1,STRAIGHT AND LEVEL,DRY,NO DEFECTS,ON SCENE,NO INJURY / DRIVE AWAY,,Y,,"$501 - $1,500",11/1/2018 7:01,NOT APPLICABLE,NOT APPLICABLE,11525,S,HALSTED ST,524,,,,,,,1,NO INDICATION OF INJURY,0,0,0,0,0,1,0,6,5,11,41.68424993,-87.6419809,POINT (-87.64198089691 41.684249929384)
e78660331040452e75b4219feaf547eb529404007958aeeeaaa2fb0257f86a79fab843dafae20a2805c667be05a36274cc3d06e2fdd6b804808d88e9782f115b,JD462812,,12/18/2020 16:00,25,NO CONTROLS,NO CONTROLS,CLEAR,DAYLIGHT,PARKED MOTOR VEHICLE,NOT DIVIDED,,STRAIGHT AND LEVEL,DRY,NO DEFECTS,ON SCENE,NO INJURY / DRIVE AWAY,,,Y,"$501 - $1,500",12/18/2020 17:00,UNABLE TO DETERMINE,NOT APPLICABLE,426,W,ELM ST,1823,,,,,,,3,NO INDICATION OF INJURY,0,0,0,0,0,1,0,16,6,12,41.90282167,-87.63954156,POINT (-87.639541555203 41.902821668292)
e6abc6b909ee67c48e9290614f75419c45950794730eede91535a3e8170e8ce794c44e3d492d9e48e52c3f31777ad684b9aebe71d0539885f6cc8baea959a0a3,JE345100,,8/21/2021 15:17,30,UNKNOWN,UNKNOWN,UNKNOWN,UNKNOWN,REAR END,UNKNOWN,,STRAIGHT AND LEVEL,UNKNOWN,UNKNOWN,NOT ON SCENE (DESK REPORT),NO INJURY / DRIVE AWAY,,,,"$501 - $1,500",8/21/2021 16:10,NOT APPLICABLE,NOT APPLICABLE,7300,S,WESTERN AVE,835,,,,,,,2,NO INDICATION OF INJURY,0,0,0,0,0,2,0,15,7,8,41.76096182,-87.68329468,POINT (-87.683294684333 41.76096181738)
e6c17e233571dc6e5094d991916abd04888ed553c26319347d0b103da435dc6899394862b4fd2262a7aee2d81579ac3f54e08ffe01b7885faad9d8e7fdf27724,JE279334,Y,6/25/2021 4:00,15,NO CONTROLS,NO CONTROLS,UNKNOWN,DARKNESS,FIXED OBJECT,ALLEY,,STRAIGHT AND LEVEL,UNKNOWN,UNKNOWN,ON SCENE,NO INJURY / DRIVE AWAY,,,Y,"OVER $1,500",6/25/2021 16:41,UNABLE TO DETERMINE,NOT APPLICABLE,4941,W,MAYPOLE AVE,1532,,,,,,,2,NO INDICATION OF INJURY,0,0,0,0,0,1,0,4,6,6,41.88428757,-87.74942878,POINT (-87.749428776069 41.884287566701)
e5b10c04dd7c1bdf9ad9ca6c395848ffce0c2a35e6b394fb578431017ca4fc36bdcf26feab4e94111557eaa7b15820029cebaae0f7b6360493e8db126dd322cc,JC224469,,4/14/2019 16:32,30,NO CONTROLS,NO CONTROLS,SNOW,DAYLIGHT,REAR END,ONE-WAY,,STRAIGHT AND LEVEL,WET,NO DEFECTS,ON SCENE,INJURY AND / OR TOW DUE TO CRASH,,,Y,$500 OR LESS,4/14/2019 16:45,UNABLE TO DETERMINE,NOT APPLICABLE,5528,W,WALTON ST,1524,,,,,,,2,NONINCAPACITATING INJURY,3,0,0,3,0,2,0,16,1,4,41.89770198,-87.76490898,POINT (-87.764908982023 41.897701976402)
eadf774798f5fa39bcee99182ce469fcd286738c771d3d55bd2150dc1e6ca4779f1fb2dde9a58eb8c223f507afcbbc3908583a3cc1b013e0a6919d6f162ffe2f,JD307278,,7/23/2020 14:06,30,UNKNOWN,UNKNOWN,UNKNOWN,UNKNOWN,REAR END,NOT DIVIDED,,STRAIGHT AND LEVEL,UNKNOWN,UNKNOWN,NOT ON SCENE (DESK REPORT),NO INJURY / DRIVE AWAY,,,,"OVER $1,500",7/23/2020 15:00,UNABLE TO DETERMINE,NOT APPLICABLE,1599,N,HALSTED ST,1822,,,,,,,3,NO INDICATION OF INJURY,0,0,0,0,0,3,0,14,5,7,41.91087573,-87.64812357,POINT (-87.648123565083 41.910875734288)
e8a3905552c65cadf61ed0e51c9e2f7497bd3ba799552182ca9592b0755b5b0b6ee285d6051fa48b9489050ec95b8abb5cba3310e6c94288578ad721751b3d98,JB160266,,2/21/2018 15:25,30,NO CONTROLS,NO CONTROLS,CLEAR,DAYLIGHT,PARKED MOTOR VEHICLE,OTHER,2,STRAIGHT AND LEVEL,WET,NO DEFECTS,ON SCENE,NO INJURY / DRIVE AWAY,,,,"OVER $1,500",2/21/2018 15:25,UNABLE TO DETERMINE,NOT APPLICABLE,1940,W,18TH ST,1234,,,,,,,2,NO INDICATION OF INJURY,0,0,0,0,0,1,0,15,4,2,41.85778248,-87.67519253,POINT (-87.675192530278 41.857782478702)
e91065095b95f44144c3e248592d1f82667ee12f519d698727e2af8b88d370060d0b1d91d72660df07e2fa7050f066e5b910e6c56a3d0b5af0941b34fca40b9c,JC468191,,10/11/2019 2:53,35,TRAFFIC SIGNAL,FUNCTIONING PROPERLY,RAIN,"DARKNESS, LIGHTED ROAD",FIXED OBJECT,NOT DIVIDED,,STRAIGHT AND LEVEL,WET,NO DEFECTS,ON SCENE,INJURY AND / OR TOW DUE TO CRASH,N,Y,N,"OVER $1,500",10/11/2019 2:58,UNABLE TO DETERMINE,UNABLE TO DETERMINE,2472,W,FOSTER AVE,2011,,,,,,,1,,,,,,,,,2,6,10,41.97597808,-87.69205929,POINT (-87.69205929311 41.975978082116)
eb321186bfd0a32cffda15c9f3e489193e784591b6d8a96d97f1f44ebc738099c6b2f04f7460e82e560a1ffcb45684096633bd6950cb3a1763edcd57ae7cce49,JA518809,,11/20/2017 9:28,0,NO CONTROLS,NO CONTROLS,CLEAR,DAYLIGHT,REAR END,ONE-WAY,,STRAIGHT AND LEVEL,DRY,NO DEFECTS,ON SCENE,NO INJURY / DRIVE AWAY,,,Y,"OVER $1,500",11/20/2017 9:47,NOT APPLICABLE,NOT APPLICABLE,5549,S,CORNELL AVE,235,,,,,,,2,NO INDICATION OF INJURY,0,0,0,0,0,3,0,9,2,11,41.79377375,-87.58522954,POINT (-87.585229536513 41.793773752468)
eba3c48ad60a2b06852c357627762d3245c5b1618d6229208b599545ae26acf3cb9ae2eeaedc8b1175645c09f345682af0f33c2fdb49a1dd25389228b97cb160,JE177923,,3/23/2021 23:11,0,NO CONTROLS,OTHER,RAIN,DARKNESS,PARKED MOTOR VEHICLE,PARKING LOT,,STRAIGHT AND LEVEL,WET,NO DEFECTS,ON SCENE,NO INJURY / DRIVE AWAY,,Y,,"OVER $1,500",3/23/2021 23:34,IMPROPER BACKING,IMPROPER BACKING,624,W,61ST ST,711,,,,,,,2,NO INDICATION OF INJURY,0,0,0,0,0,1,0,23,3,3,41.78355891,-87.6410929,POINT (-87.641092897471 41.783558909187)
e8dc8deef5dea4abbf4afe9ece8f8525b2ffea8689f93b3e83813962395a383667cb4a569d38deda2ceb5acb86f810ad4a4d14fb0cb5257d93a1c6b9a0a632cb,JC428086,,9/10/2019 18:49,20,NO CONTROLS,NO CONTROLS,CLEAR,DARKNESS,PARKED MOTOR VEHICLE,NOT DIVIDED,,STRAIGHT AND LEVEL,DRY,NO DEFECTS,ON SCENE,NO INJURY / DRIVE AWAY,,,,"OVER $1,500",9/10/2019 18:49,FOLLOWING TOO CLOSELY,NOT APPLICABLE,7329,W,GRACE ST,1631,,,,,,,2,,,,,,,,,18,3,9,41.94871827,-87.81071682,POINT (-87.81071682065 41.9487182689)
e93eede3fec92b571e408613956486546a2dc405300c183a95b7aa627ede7690483e62fc80a468e4e80a06c64a3a121ba11461cdf1abaa5dd279656a0e2d9f42,JE126468,,1/28/2021 11:32,30,NO CONTROLS,NO CONTROLS,CLEAR,DAYLIGHT,PARKED MOTOR VEHICLE,ONE-WAY,,STRAIGHT AND LEVEL,DRY,NO DEFECTS,,NO INJURY / DRIVE AWAY,,,Y,"$501 - $1,500",1/29/2021 11:20,IMPROPER LANE USAGE,NOT APPLICABLE,2930,S,WENTWORTH AVE,914,,,,,,,2,NO INDICATION OF INJURY,0,0,0,0,0,1,0,11,5,1,41.84018289,-87.63187081,POINT (-87.631870806665 41.840182894433)
eb14449fc0b3058af12a8f72bc01d4a2dd06a2bc9f342e6d34e7b80c97893298184904fcec09874b36ad37a53687d8bc0f29ed75f9c7ad4fca1c4515eb180fdd,JB251253,,5/5/2018 14:00,0,NO CONTROLS,NO CONTROLS,CLEAR,DAYLIGHT,PARKED MOTOR VEHICLE,ONE-WAY,,STRAIGHT AND LEVEL,DRY,UNKNOWN,ON SCENE,NO INJURY / DRIVE AWAY,,,,"$501 - $1,500",5/5/2018 14:09,UNABLE TO DETERMINE,UNABLE TO DETERMINE,2933,N,AVERS AVE,2523,,,,,,,2,NO INDICATION OF INJURY,0,0,0,0,0,1,0,14,7,5,41.93465092,-87.72323896,POINT (-87.723238962125 41.934650915893)
ea8513567936cfdc71ddb95c2635fce9c10171a80041a553483fb9b94b46fce60138f2c8163eca7b3acfa93ae971304f42fdbb8cb9bb44882220c44a9138d18d,JB200603,,3/26/2018 15:54,30,NO CONTROLS,NO CONTROLS,CLEAR,DAYLIGHT,TURNING,NOT DIVIDED,,STRAIGHT AND LEVEL,DRY,NO DEFECTS,NOT ON SCENE (DESK REPORT),NO INJURY / DRIVE AWAY,,,,"OVER $1,500",3/26/2018 16:30,NOT APPLICABLE,NOT APPLICABLE,5710,S,WESTERN AVE,824,,,,,,,2,NO INDICATION OF INJURY,0,0,0,0,0,5,0,15,2,3,41.78983019,-87.68407376,POINT (-87.684073756833 41.789830187847)
e8d924fc406d613c1abef859c39498a6db1d4a556132648514372dc0e9d97fe03d1ee0581e670601d94460af57a4965b2d18bb58825b34cdd22fc0ec253592df,JE132655,,2/4/2021 18:45,10,NO CONTROLS,NO CONTROLS,SNOW,DARKNESS,OTHER OBJECT,PARKING LOT,,STRAIGHT AND LEVEL,SNOW OR SLUSH,UNKNOWN,ON SCENE,NO INJURY / DRIVE AWAY,,,,"$501 - $1,500",2/4/2021 18:45,WEATHER,NOT APPLICABLE,7040,S,COTTAGE GROVE AVE,321,,,,,,,1,NO INDICATION OF INJURY,0,0,0,0,0,2,0,18,5,2,41.76643089,-87.60574786,POINT (-87.605747860649 41.766430892538)
e8c7dcd28114e9f5cc389eb2848be8d69a41e50fa3c39da70ecd41084029c105a1e309e25ad123171f2291348c9fb916545cb2e608f9d213e1b857c0fed893f6,JF265067,,6/2/2022 14:55,30,NO CONTROLS,NO CONTROLS,CLEAR,DAYLIGHT,ANGLE,ONE-WAY,,STRAIGHT AND LEVEL,DRY,NO DEFECTS,ON SCENE,NO INJURY / DRIVE AWAY,,,Y,"OVER $1,500",6/2/2022 14:58,FAILING TO YIELD RIGHT-OF-WAY,UNABLE TO DETERMINE,3210,W,23RD ST,1024,,,,,,,3,NO INDICATION OF INJURY,0,0,0,0,0,3,0,14,5,6,41.85005442,-87.70571945,POINT (-87.705719453202 41.850054423494)
e891b1d9dac08cfd72fc8c20c3608892341dd9242048fb3ce54e65891e05f98ccc774db750e0bb771a81ede791b8f91e732357938b3a4bdf1885513a183925b3,HZ336698,,7/5/2016 15:34,30,NO CONTROLS,NO CONTROLS,CLEAR,DAYLIGHT,TURNING,NOT DIVIDED,2,STRAIGHT AND LEVEL,DRY,NO DEFECTS,ON SCENE,NO INJURY / DRIVE AWAY,,,,"$501 - $1,500",7/5/2016 15:34,IMPROPER TURNING/NO SIGNAL,NOT APPLICABLE,533,E,63RD ST,312,,,,,,,2,NO INDICATION OF INJURY,0,0,0,0,0,2,0,15,3,7,41.78019479,-87.61195786,POINT (-87.611957859666 41.780194787081)
ebc0ca60eebc19abce6cc5f6c9b078bfa98834b3656edb9c68e5fd82d3373558df826e763694e959cd0d81828e264a712fa8b79fb04f5f52611d4496de92e509,JC161667,,2/22/2019 11:30,30,UNKNOWN,NO CONTROLS,CLEAR,DAYLIGHT,PEDESTRIAN,NOT DIVIDED,2,STRAIGHT AND LEVEL,DRY,NO DEFECTS,ON SCENE,NO INJURY / DRIVE AWAY,Y,,,"$501 - $1,500",2/22/2019 11:45,NOT APPLICABLE,NOT APPLICABLE,800,E,90TH ST,633,,,,,,,2,NO INDICATION OF INJURY,0,0,0,0,0,2,0,11,6,2,41.73128928,-87.6045796,POINT (-87.604579603534 41.731289276136)
e9a7423f3d66c061a4d7dd8415f922fd8d874f5dd6dc91c268a9686303c9a0e252c54464dcfb5a8128ca34a650f8890c790e0bc6e335b3e53d2aec0badad44b6,JC387148,,8/10/2019 18:27,30,NO CONTROLS,NO CONTROLS,CLEAR,DAYLIGHT,REAR END,DIVIDED - W/MEDIAN (NOT RAISED),,STRAIGHT AND LEVEL,DRY,NO DEFECTS,ON SCENE,NO INJURY / DRIVE AWAY,,,,"OVER $1,500",8/10/2019 18:33,IMPROPER BACKING,NOT APPLICABLE,4047,W,NORTH AVE,2534,,,,,,,2,NO INDICATION OF INJURY,0,0,0,0,0,2,0,18,7,8,41.90974891,-87.72833212,POINT (-87.728332121136 41.909748910184)
e964ee0cf2a608d6297d24bb1b89885cee141593cfc82a1b9a5ff741598d444c0ab498920d00f5e5250fc8ea6bb9795bd84763c9b0f97f47e20d96fef02aa144,JC374860,,8/2/2019 5:45,30,TRAFFIC SIGNAL,FUNCTIONING PROPERLY,CLEAR,DAYLIGHT,ANGLE,UNKNOWN INTERSECTION TYPE,,STRAIGHT AND LEVEL,DRY,NO DEFECTS,NOT ON SCENE (DESK REPORT),NO INJURY / DRIVE AWAY,Y,,,"OVER $1,500",8/2/2019 5:57,UNABLE TO DETERMINE,UNABLE TO DETERMINE,500,S,SACRAMENTO BLVD,1134,,,,,,,2,NO INDICATION OF INJURY,0,0,0,0,0,2,0,5,6,8,,,
ea13b20ca256f19ff81cd1cfe92b1ecaaf9433be4c025c3c9d245c3236a1bb90bb3f6fe7a4df295a304587df0467d4d23bf016b5e79c1455866fa32ce2ce92ed,JD234340,,5/15/2020 23:00,30,NO CONTROLS,NO CONTROLS,UNKNOWN,DARKNESS,PARKED MOTOR VEHICLE,OTHER,,STRAIGHT AND LEVEL,UNKNOWN,NO DEFECTS,ON SCENE,NO INJURY / DRIVE AWAY,,,Y,"OVER $1,500",5/16/2020 18:23,UNABLE TO DETERMINE,UNABLE TO DETERMINE,4444,W,54TH ST,815,,,,,,,2,NO INDICATION OF INJURY,0,0,0,0,0,1,0,23,6,5,,,
ec63c1026fd0e773818d116460cc9c95a0304e0375d9a158e99589bfff312d70e9c607b3f2b36c406bef0091804e85d8bb101972eb472ab30ba652815a27df0f,JC333207,,7/3/2019 15:00,25,NO CONTROLS,NO CONTROLS,CLEAR,DAYLIGHT,SIDESWIPE SAME DIRECTION,ONE-WAY,,STRAIGHT AND LEVEL,DRY,UNKNOWN,ON SCENE,NO INJURY / DRIVE AWAY,,,,"OVER $1,500",7/3/2019 15:00,UNABLE TO DETERMINE,UNABLE TO DETERMINE,3,W,TERMINAL ST,1653,,,,,,,2,NO INDICATION OF INJURY,0,0,0,0,0,3,0,15,4,7,,,
eebda48195dc7256bb3159d7fc31dffe2197f63f9f13b85abc5142bc8032f4f372917d43734e6680d2cb3c5a3e34739a3681ea4300e91cad83d51390f9d1d936,JE362360,,9/5/2021 10:00,30,UNKNOWN,UNKNOWN,CLEAR,DAYLIGHT,PARKED MOTOR VEHICLE,UNKNOWN,,STRAIGHT AND LEVEL,DRY,UNKNOWN,ON SCENE,NO INJURY / DRIVE AWAY,,,Y,"OVER $1,500",9/5/2021 10:54,NOT APPLICABLE,NOT APPLICABLE,4722,S,LANGLEY AVE,223,,,,,,,2,NO INDICATION OF INJURY,0,0,0,0,0,1,0,10,1,9,41.80878486,-87.60911621,POINT (-87.609116210719 41.808784856361)
ebf537c9a6f7080c81dc30a2a9379c864db04219bf7fca9654f3845a373f2c6097af7263ffe7e80ceb8f34d43b793d64ea6de1823b1eee6dd37e272d41c00593,JE278135,Y,6/24/2021 13:30,25,UNKNOWN,UNKNOWN,CLEAR,DAYLIGHT,ANGLE,UNKNOWN,,STRAIGHT ON GRADE,DRY,UNKNOWN,NOT ON SCENE (DESK REPORT),NO INJURY / DRIVE AWAY,,,Y,"$501 - $1,500",6/24/2021 14:00,UNABLE TO DETERMINE,NOT APPLICABLE,438,W,75TH ST,732,,,,,,,2,NO INDICATION OF INJURY,0,0,0,0,0,2,0,13,5,6,41.75816264,-87.63602162,POINT (-87.636021616818 41.758162636656)
edaed9ea2cf5fe91ce0b2aaf136f92a765068749a1cbf7b3a82ce2c316338c6d86b56e4e6b46a3ed2c270f3ffea5210e732ef3851def7457a04b49114c2b7259,JE357703,,9/1/2021 11:30,30,NO CONTROLS,NO CONTROLS,CLEAR,DAYLIGHT,ANGLE,ONE-WAY,,STRAIGHT AND LEVEL,DRY,NO DEFECTS,ON SCENE,INJURY AND / OR TOW DUE TO CRASH,Y,,,"OVER $1,500",9/1/2021 11:30,FAILING TO YIELD RIGHT-OF-WAY,NOT APPLICABLE,446,E,48TH ST,223,,,,,,,2,NO INDICATION OF INJURY,0,0,0,0,0,3,0,11,4,9,41.80770544,-87.61443198,POINT (-87.614431983146 41.807705437363)
ed6c493458fb5eda1c0cbaeddd46b1dba421b34e4b5c3ab09513e006b2e5a3ccdc27e7bc5e77963ab44aea7cfa5cb86c9eb08029934a9d46e51158f6ca3fd5bc,JD336622,,8/16/2020 13:40,30,NO CONTROLS,NO CONTROLS,CLEAR,DAYLIGHT,SIDESWIPE SAME DIRECTION,NOT DIVIDED,,STRAIGHT AND LEVEL,DRY,NO DEFECTS,NOT ON SCENE (DESK REPORT),NO INJURY / DRIVE AWAY,,,,"OVER $1,500",8/16/2020 13:50,IMPROPER LANE USAGE,FAILING TO REDUCE SPEED TO AVOID CRASH,250,N,LOWER COLUMBUS DR,114,,,,,,,2,NO INDICATION OF INJURY,0,0,0,0,0,2,0,13,1,8,,,
eed5593dcd9eaa77967415c9d703802f3eb5264152211998a5cffab4b6b385879683a6c08702923f36d0ec259a058bead8b44f824a82d8fc547b18c6c0229a93,JB391373,,8/13/2018 10:40,0,NO CONTROLS,NO CONTROLS,CLEAR,DAYLIGHT,ANGLE,NOT DIVIDED,,STRAIGHT AND LEVEL,DRY,NO DEFECTS,ON SCENE,NO INJURY / DRIVE AWAY,,,,"OVER $1,500",8/13/2018 10:45,DRIVING SKILLS/KNOWLEDGE/EXPERIENCE,NOT APPLICABLE,8352,S,PULASKI RD,834,,,,,,,2,NO INDICATION OF INJURY,0,0,0,0,0,4,0,10,2,8,41.74056837,-87.72177348,POINT (-87.721773481238 41.740568371921)
ec2e300adb06f8ac4f9697807e5a1eeeec0680379d4da71fd536e883f5b21ae451502970ceb8f994937afabf2fc5e93bae2fc434762ce429b75fa6323e026086,JF255104,,5/25/2022 12:50,25,NO CONTROLS,NO CONTROLS,RAIN,DAYLIGHT,SIDESWIPE SAME DIRECTION,ONE-WAY,,STRAIGHT AND LEVEL,WET,NO DEFECTS,ON SCENE,NO INJURY / DRIVE AWAY,,,,$500 OR LESS,5/25/2022 13:00,FAILING TO YIELD RIGHT-OF-WAY,UNABLE TO DETERMINE,1,W,TERMINAL ST,1651,,,,,,,2,NO INDICATION OF INJURY,0,0,0,0,0,2,0,12,4,5,,,
ec2637148c37888135714661cade75a71700e413e727c82226be9cc5790a47bcd44247e75c9b99ced0563c017ce08067fd5a64d833f2520b311a8c53d6a22dad,JE324748,,7/21/2021 1:00,30,NO CONTROLS,NO CONTROLS,CLEAR,"DARKNESS, LIGHTED ROAD",PARKED MOTOR VEHICLE,ONE-WAY,,STRAIGHT AND LEVEL,DRY,NO DEFECTS,NOT ON SCENE (DESK REPORT),NO INJURY / DRIVE AWAY,,,Y,"OVER $1,500",8/3/2021 14:00,IMPROPER OVERTAKING/PASSING,DRIVING SKILLS/KNOWLEDGE/EXPERIENCE,4259,S,DR MARTIN LUTHER KING JR SD,214,,,,,,,3,NO INDICATION OF INJURY,0,0,0,0,0,1,0,1,4,7,,,
eed157d9fc566f3b8a1058978711adb1f85f17a01e9342222bb92719736fccb9cccf7b2105d5a41f524bd5f14729167a914222e606c0d3730904d71de493458a,JE268922,,6/17/2021 5:45,30,NO CONTROLS,NO CONTROLS,CLEAR,DAYLIGHT,ANGLE,ONE-WAY,,STRAIGHT AND LEVEL,DRY,NO DEFECTS,ON SCENE,NO INJURY / DRIVE AWAY,,,,"$501 - $1,500",6/17/2021 5:50,UNABLE TO DETERMINE,UNABLE TO DETERMINE,6240,S,TROY ST,823,,,,,,,2,NO INDICATION OF INJURY,0,0,0,0,0,2,0,5,5,6,41.77958638,-87.70208237,POINT (-87.702082370969 41.779586380844)
ec3e5e513d3d8f3488f236f3917552abab8fea2d3cfe142aa43191c3ee80fb4128ad8ad734671bd9d7317453f0ba0a8fe481f81193b5286a0b7a35b49371763c,JB435047,,9/14/2018 11:41,25,NO CONTROLS,NO CONTROLS,CLEAR,DAYLIGHT,PARKED MOTOR VEHICLE,ONE-WAY,1,STRAIGHT AND LEVEL,DRY,NO DEFECTS,ON SCENE,NO INJURY / DRIVE AWAY,,,,$500 OR LESS,9/14/2018 12:00,NOT APPLICABLE,NOT APPLICABLE,3441,W,WALNUT ST,1123,,,,,,,2,NO INDICATION OF INJURY,0,0,0,0,0,2,0,11,6,9,41.88535071,-87.71277887,POINT (-87.712778867868 41.885350711871)
ee833ba197b4afdf70ba750ee60791771e5db761c48cf991865d00ba915fafbda3cb6560a45d3ebb57724bd106e750bad69ae21f69298edc4acaa8d31229b47c,JB333868,,7/3/2018 16:30,30,NO CONTROLS,NO CONTROLS,CLEAR,DAYLIGHT,REAR END,NOT DIVIDED,,STRAIGHT AND LEVEL,DRY,NO DEFECTS,ON SCENE,NO INJURY / DRIVE AWAY,,,,$500 OR LESS,7/3/2018 16:35,NOT APPLICABLE,NOT APPLICABLE,732,W,79TH ST,621,,,,,,,2,NO INDICATION OF INJURY,0,0,0,0,0,2,0,16,3,7,41.75076935,-87.64288577,POINT (-87.642885764788 41.75076934558)
ee0f7872c691824f4f1018e8b693e0431fa19cbee8ff2da5670674e16fd6168a7cfa3e02d72c75f70429f6e5ad0e79ac5b8b651c4aaee53135fd4885e1f20813,JE312579,,7/24/2021 14:44,5,NO CONTROLS,NO CONTROLS,CLEAR,DAYLIGHT,FIXED OBJECT,DRIVEWAY,,STRAIGHT AND LEVEL,DRY,NO DEFECTS,ON SCENE,NO INJURY / DRIVE AWAY,,,,$500 OR LESS,7/24/2021 15:08,NOT APPLICABLE,NOT APPLICABLE,2179,N,STAVE ST,1431,,,,,,,1,NO INDICATION OF INJURY,0,0,0,0,0,1,0,14,7,7,41.92088776,-87.69655619,POINT (-87.696556187587 41.920887757068)