CRASH_RECORD_ID,RD_NO,CRASH_DATE_EST_I,CRASH_DATE,POSTED_SPEED_LIMIT,TRAFFIC_CONTROL_DEVICE,DEVICE_CONDITION,WEATHER_CONDITION,LIGHTING_CONDITION,FIRST_CRASH_TYPE,TRAFFICWAY_TYPE,LANE_CNT,ALIGNMENT,ROADWAY_SURFACE_COND,ROAD_DEFECT,REPORT_TYPE,CRASH_TYPE,INTERSECTION_RELATED_I,NOT_RIGHT_OF_WAY_I,HIT_AND_RUN_I,DAMAGE,DATE_POLICE_NOTIFIED,PRIM_CONTRIBUTORY_CAUSE,SEC_CONTRIBUTORY_CAUSE,STREET_NO,STREET_DIRECTION,STREET_NAME,BEAT_OF_OCCURRENCE,PHOTOS_TAKEN_I,STATEMENTS_TAKEN_I,DOORING_I,WORK_ZONE_I,WORK_ZONE_TYPE,WORKERS_PRESENT_I,NUM_UNITS,MOST_SEVERE_INJURY,INJURIES_TOTAL,INJURIES_FATAL,INJURIES_INCAPACITATING,INJURIES_NON_INCAPACITATING,INJURIES_REPORTED_NOT_EVIDENT,INJURIES_NO_INDICATION,INJURIES_UNKNOWN,CRASH_HOUR,CRASH_DAY_OF_WEEK,CRASH_MONTH,LATITUDE,LONGITUDE,LOCATION
ee4dec1efeedb8dcd55c21d0c51467428bc8c21fe19e3faa5eb590ee4dfb32fcb5169e42283efea0836473c0ad4e3a53ff1eda9155c50b07c281edd3fda45044,JD341530,,8/22/2020 13:47,25,NO CONTROLS,NO CONTROLS,CLEAR,DAYLIGHT,PARKED MOTOR VEHICLE,ONE-WAY,,STRAIGHT AND LEVEL,DRY,UNKNOWN,NOT ON SCENE (DESK REPORT),NO INJURY / DRIVE AWAY,,,,"OVER $1,500",8/22/2020 17:00,UNABLE TO DETERMINE,UNABLE TO DETERMINE,7751,S,DOBSON AVE,624,,,,,,,2,,,,,,,,,13,7,8,41.75349422,-87.59903237,POINT (-87.599032365326 41.753494224314)
ebea6a51eed8fb3b176e6b3d09718765e4bbbb1781bc8b60ae097933727d3ea4aaf80bddf9f0360350300b035ac31fdb2a8f6696ff031aca9136c4b4d1c11b10,JC325654,,6/28/2019 12:50,30,NO CONTROLS,NO CONTROLS,RAIN,DAYLIGHT,FIXED OBJECT,NOT DIVIDED,,STRAIGHT AND LEVEL,WET,UNKNOWN,ON SCENE,INJURY AND / OR TOW DUE TO CRASH,,,,"OVER $1,500",6/28/2019 12:55,WEATHER,UNABLE TO DETERMINE,12203,S,TORRENCE AVE,434,,,,,,,1,NO INDICATION OF INJURY,0,0,0,0,0,3,0,12,6,6,41.67362381,-87.55910523,POINT (-87.559105229021 41.67362380986)
eec27bc0f462b7e58e169a3abfadf986eff19980acc44e965fdf1c5ebb4e091b5293e77bc17d18933ed3b33396cbf4327294fa552608bd861d2f61d07087e8c1,JD312301,,7/27/2020 22:45,30,NO CONTROLS,NO CONTROLS,CLEAR,"DARKNESS, LIGHTED ROAD",PEDALCYCLIST,NOT DIVIDED,,STRAIGHT AND LEVEL,DRY,NO DEFECTS,ON SCENE,NO INJURY / DRIVE AWAY,,,,$500 OR LESS,7/27/2020 22:50,NOT APPLICABLE,NOT APPLICABLE,21,S,CICERO AVE,1113,,,,,,,2,NO INDICATION OF INJURY,0,0,0,0,0,3,0,22,2,7,41.87975988,-87.7451072,POINT (-87.745107198358 41.879759883453)
ebe80149b15335b09735259f1310e9ba1c3d7a934b49ae80ab9c6e35b47ca8605816df263a459b2ab875429e4c3111c38760a3ad51e265b1c4114aec39bbad1a,JE132209,,2/4/2021 12:06,30,NO CONTROLS,NO CONTROLS,CLEAR,DAYLIGHT,FIXED OBJECT,ALLEY,,STRAIGHT AND LEVEL,SNOW OR SLUSH,NO DEFECTS,ON SCENE,NO INJURY / DRIVE AWAY,,,,$500 OR LESS,2/4/2021 12:06,UNABLE TO DETERMINE,NOT APPLICABLE,2434,W,MONTROSE AVE,1911,,,,,,,2,NO INDICATION OF INJURY,0,0,0,0,0,1,0,12,5,2,41.9614127,-87.69010741,POINT (-87.69010740968 41.961412697164)
ef16871bd73ce356b68ffd4edcfcf0ff6803099b3d5321770beea0fd7f1411bedcfabbd21427833393a11ad3abb6f9fbe3d298570845353446346f906bdccab2,JD158281,,2/20/2020 7:55,30,TRAFFIC SIGNAL,FUNCTIONING PROPERLY,CLEAR,DAYLIGHT,REAR END,T-INTERSECTION,,STRAIGHT ON GRADE,DRY,NO DEFECTS,ON SCENE,NO INJURY / DRIVE AWAY,,,,$500 OR LESS,2/20/2020 7:59,FOLLOWING TOO CLOSELY,FOLLOWING TOO CLOSELY,7198,W,ARCHER AVE,811,,,,,,,2,NO INDICATION OF INJURY,0,0,0,0,0,2,0,7,5,2,,,
eccc9030fc2e41e24f8fff8489dd8b667267ccf1d944acf7225a529a8b2b7eb74d62f46afaac492c2bead723f8f85c06d54ed3cbd1857821118a7b0420f759ff,JB452961,,9/23/2018 19:00,30,NO CONTROLS,NO CONTROLS,CLEAR,DUSK,HEAD ON,ONE-WAY,1,STRAIGHT AND LEVEL,DRY,NO DEFECTS,NOT ON SCENE (DESK REPORT),NO INJURY / DRIVE AWAY,,,,"OVER $1,500",9/27/2018 12:30,IMPROPER BACKING,NOT APPLICABLE,1962,E,73RD PL,333,,,,,,,2,NO INDICATION OF INJURY,0,0,0,0,0,2,0,19,1,9,41.76170804,-87.57681308,POINT (-87.576813079455 41.761708040866)
ece100635e878110049f20c4f3f131bec972d2f430dcba3823232868cc9b8d2029c7e77e25d3c43f24200849d42892f180e9adb2503a95f8dfa80c981fe474ad,JA217170,,4/1/2017 23:00,0,NO CONTROLS,NO CONTROLS,CLEAR,DARKNESS,OTHER OBJECT,OTHER,0,STRAIGHT AND LEVEL,UNKNOWN,UNKNOWN,NOT ON SCENE (DESK REPORT),NO INJURY / DRIVE AWAY,,Y,,"OVER $1,500",4/8/2017 11:45,NOT APPLICABLE,NOT APPLICABLE,7106,S,EUCLID AVE,333,,,,,,,1,NO INDICATION OF INJURY,0,0,0,0,0,1,0,23,7,4,41.76580329,-87.57828261,POINT (-87.578282609896 41.765803290332)
ec167394ef59fafa57926f92e67ac2d4de93d70b8daf785bc44ef5e173ee87627794239118a3cf7538e5a25f8d1be6d14f59b818a648f8b84e72f587ac4a24b7,JC132162,,1/28/2019 7:40,15,NO CONTROLS,NO CONTROLS,SNOW,DAYLIGHT,ANGLE,PARKING LOT,,STRAIGHT AND LEVEL,SNOW OR SLUSH,NO DEFECTS,ON SCENE,NO INJURY / DRIVE AWAY,,,,"OVER $1,500",1/28/2019 8:00,IMPROPER BACKING,NOT APPLICABLE,4300,N,NARRAGANSETT AVE,1632,,,,,,,2,NO INDICATION OF INJURY,0,0,0,0,0,2,0,7,2,1,41.95854835,-87.78691899,POINT (-87.786918988769 41.958548345645)
ed4a3afc8adde113acb4e453d8999750524e01e72810263dd5614d1da44356bca8a5f7e6e3397cd3cd63ebb2e559fabcddd0c3105eeb756b8d07226f04fdada3,JF296440,,6/27/2022 18:14,35,NO CONTROLS,NO CONTROLS,CLEAR,DAYLIGHT,SIDESWIPE SAME DIRECTION,ONE-WAY,,STRAIGHT AND LEVEL,DRY,NO DEFECTS,ON SCENE,INJURY AND / OR TOW DUE TO CRASH,,,,"OVER $1,500",6/27/2022 18:16,IMPROPER LANE USAGE,DRIVING SKILLS/KNOWLEDGE/EXPERIENCE,21,W,I190 EXPY,1654,,,,,,,2,NONINCAPACITATING INJURY,2,0,0,2,0,5,0,18,2,6,,,
ee9aefee4f9f6b45ad71e21b0292b605fc20d7b53ea7cd6da2626646a3fb9159dfdbe4cc73d43b77033cf1c1243c66c1f2800bb0dbca45e98cb572d134b2f738,JD311377,,7/27/2020 8:30,35,NO CONTROLS,NO CONTROLS,RAIN,DAYLIGHT,FIXED OBJECT,NOT DIVIDED,,STRAIGHT AND LEVEL,WET,NO DEFECTS,ON SCENE,NO INJURY / DRIVE AWAY,,,,"OVER $1,500",7/27/2020 8:45,IMPROPER LANE USAGE,IMPROPER LANE USAGE,8200,S,KEDZIE AVE,834,,,,,,,1,NO INDICATION OF INJURY,0,0,0,0,0,1,0,8,2,7,41.74423097,-87.70238569,POINT (-87.702385685116 41.744230973357)
ee833cd958de95471bc6896651a82513a534477da61ff3eb080dc5b9fa1957dad1e0768cd1d58d3c359e1b192b6bbaa1f96a3643c13799a2001a5e8db0bb3c16,JC310583,,6/17/2019 17:36,30,STOP SIGN/FLASHER,FUNCTIONING PROPERLY,CLEAR,DAYLIGHT,REAR END,ONE-WAY,,STRAIGHT AND LEVEL,DRY,NO DEFECTS,ON SCENE,NO INJURY / DRIVE AWAY,,,,$500 OR LESS,6/17/2019 17:36,UNABLE TO DETERMINE,NOT APPLICABLE,301,S,KARLOV AVE,1132,,,,,,,2,NO INDICATION OF INJURY,0,0,0,0,0,2,0,17,2,6,41.87701334,-87.72785055,POINT (-87.727850545423 41.877013339145)
ec5527edc0944d4fd124b16e75b65db1c70939ed57a287a456993376a450a01fc5d4267585d998023af842518fc7cbdb0d7c3d203f529ced77c2e3c156b11d2e,JE126287,,1/29/2021 7:42,30,TRAFFIC SIGNAL,FUNCTIONING PROPERLY,CLEAR,DAYLIGHT,TURNING,NOT DIVIDED,,STRAIGHT AND LEVEL,DRY,NO DEFECTS,ON SCENE,NO INJURY / DRIVE AWAY,,,,"OVER $1,500",1/29/2021 7:43,UNABLE TO DETERMINE,NOT APPLICABLE,5548,W,55TH ST,814,,,,,,,2,NO INDICATION OF INJURY,0,0,0,0,0,3,0,7,6,1,41.79285373,-87.76182262,POINT (-87.761822623955 41.792853732422)
ece444a2649ee2969d6f30645371782543ac1d1b2387fcbc7e77cbf3efba478a6bfff0dd9a2b5448df81ac77deee8fcc589de403a494165f9bbdb9040dac7087,JB146519,,2/9/2018 14:55,30,NO CONTROLS,NO CONTROLS,CLEAR,DAYLIGHT,PARKED MOTOR VEHICLE,NOT DIVIDED,1,STRAIGHT AND LEVEL,SNOW OR SLUSH,UNKNOWN,ON SCENE,NO INJURY / DRIVE AWAY,,,,$500 OR LESS,2/9/2018 14:58,WEATHER,NOT APPLICABLE,2926,N,RICHMOND ST,1411,,,,,,,2,NO INDICATION OF INJURY,0,0,0,0,0,1,0,14,6,2,41.93469851,-87.7015174,POINT (-87.701517399845 41.934698511543)
f10bc14061486bb8dec55aef8ed7579db840768cb65e4a56fc7d2bf98819e07d82664e4d841b42e6596acbfa469a0dae6aed252650a8761ff3fbc40a73c26a01,JE227876,,5/12/2021 15:30,30,NO CONTROLS,NO CONTROLS,CLEAR,DAYLIGHT,REAR END,NOT DIVIDED,,STRAIGHT AND LEVEL,DRY,NO DEFECTS,ON SCENE,NO INJURY / DRIVE AWAY,,,,"OVER $1,500",5/12/2021 15:40,FOLLOWING TOO CLOSELY,UNABLE TO DETERMINE,414,W,111TH ST,2233,,,,,,,2,NO INDICATION OF INJURY,0,0,0,0,0,3,0,15,4,5,41.69257281,-87.63342052,POINT (-87.633420514667 41.692572806247)
f0162eb31f42072438c5ae5376307974b746ff8736da84ce96659d4b84ab69948d04dff7df0d58bd74df7ec22f569df5a073fdc126305248b24abd2ad6efa6e6,JD369438,,9/16/2020 16:55,30,TRAFFIC SIGNAL,FUNCTIONING PROPERLY,CLEAR,DAYLIGHT,REAR END,NOT DIVIDED,,STRAIGHT AND LEVEL,DRY,NO DEFECTS,,NO INJURY / DRIVE AWAY,,,,"OVER $1,500",9/16/2020 17:51,FOLLOWING TOO CLOSELY,NOT APPLICABLE,800,W,ROOSEVELT RD,1232,,,,,,,2,NO INDICATION OF INJURY,0,0,0,0,0,3,0,16,4,9,41.8672631,-87.64697269,POINT (-87.646972686016 41.867263098369)
f285b2fd239aaaf9534d2d581b5a1238a1b250e47f73d7b8fb3d427d26c5f996d2d1d87c4aa9d7a7604a4ea33b16fa854a8e49accb2063080fe4ff01b6e415dd,JD275797,,6/25/2020 13:00,35,TRAFFIC SIGNAL,FUNCTIONING PROPERLY,CLEAR,DAYLIGHT,REAR END,NOT DIVIDED,,STRAIGHT AND LEVEL,DRY,NO DEFECTS,,NO INJURY / DRIVE AWAY,,,,"OVER $1,500",6/25/2020 13:25,NOT APPLICABLE,NOT APPLICABLE,5900,S,PULASKI RD,813,,,,,,,2,NO INDICATION OF INJURY,0,0,0,0,0,2,0,13,5,6,41.78588849,-87.72310659,POINT (-87.72310659145 41.785888494434)
f03dfdb57c93ffed36614b152e427775617dba32acfa87ad90b6c6e40af965cde73d85744b45d4d9a66be4f19b96a593a7427105843995508f0378e37554abce,JC184371,,3/13/2019 18:27,30,NO CONTROLS,NO CONTROLS,CLEAR,DAYLIGHT,PARKED MOTOR VEHICLE,NOT DIVIDED,,STRAIGHT AND LEVEL,DRY,NO DEFECTS,ON SCENE,NO INJURY / DRIVE AWAY,,,,"OVER $1,500",3/13/2019 18:30,NOT APPLICABLE,NOT APPLICABLE,3,S,WHIPPLE ST,1124,,,,,,,2,NO INDICATION OF INJURY,0,0,0,0,0,1,0,18,4,3,41.88088333,-87.70189841,POINT (-87.701898407301 41.880883333545)
f1caf7327eda61fafe5c389f7036a4a87118f525694a1d1ac39f2cdc37860d7f4af8134ec40790ae6d2cd9055b46c269b192a2abae3ce84e63798ade5087e25a,JE222475,,5/7/2021 11:11,30,NO CONTROLS,FUNCTIONING PROPERLY,CLEAR,DAYLIGHT,TURNING,NOT DIVIDED,,STRAIGHT AND LEVEL,DRY,NO DEFECTS,ON SCENE,NO INJURY / DRIVE AWAY,,,Y,$500 OR LESS,5/7/2021 11:11,UNABLE TO DETERMINE,UNABLE TO DETERMINE,901,E,104TH ST,512,,,,,,,2,NO INDICATION OF INJURY,0,0,0,0,0,2,0,11,6,5,41.70556659,-87.60107403,POINT (-87.601074030326 41.705566594182)
f0b9b2d920dd1b19685e9831a05527499c7d6f1ac387fdc941c7c3f740473c7addfe8975e619f65f771848622484b30ef49504a62395d32b5c3aa44316f62bda,JD405281,,10/20/2020 14:10,30,NO CONTROLS,NO CONTROLS,CLEAR,DAYLIGHT,PARKED MOTOR VEHICLE,NOT DIVIDED,,STRAIGHT AND LEVEL,DRY,NO DEFECTS,ON SCENE,NO INJURY / DRIVE AWAY,,,,"OVER $1,500",10/20/2020 14:10,FOLLOWING TOO CLOSELY,NOT APPLICABLE,3241,W,26TH ST,1032,,,,,,,2,NO INDICATION OF INJURY,0,0,0,0,0,2,0,14,3,10,41.84438672,-87.70658858,POINT (-87.706588580017 41.844386723461)
f0ec6ac691dc8903c65599e9c36ce3763cfe4c72f39e78122e682b590a93a6575fae8c579830eb374b1f76718fba93847c7a39051598050cb682d18ec96880a5,JA393835,,8/16/2017 15:15,15,NO CONTROLS,NO CONTROLS,CLEAR,DAYLIGHT,PARKED MOTOR VEHICLE,NOT DIVIDED,,STRAIGHT AND LEVEL,DRY,NO DEFECTS,ON SCENE,NO INJURY / DRIVE AWAY,,,Y,"OVER $1,500",8/16/2017 17:20,UNABLE TO DETERMINE,NOT APPLICABLE,1146,W,PRATT BLVD,2431,,,,,,,2,NO INDICATION OF INJURY,0,0,0,0,0,1,0,15,4,8,42.00565706,-87.66037856,POINT (-87.660378559443 42.005657059922)
f0a3f35f3e3a0c8d0412d8bc763674de6cc91d4bfd554d6e03057c4d9c5fa347f5012f9a890653aae8164d1872ad0552a9ee27734d7f1f402dde8c3aedc444ea,JE347581,,8/23/2021 17:35,30,NO CONTROLS,NO CONTROLS,CLEAR,DAYLIGHT,ANGLE,ONE-WAY,,STRAIGHT AND LEVEL,DRY,NO DEFECTS,ON SCENE,NO INJURY / DRIVE AWAY,,,,"OVER $1,500",8/23/2021 18:31,FAILING TO YIELD RIGHT-OF-WAY,UNABLE TO DETERMINE,3472,W,GRACE ST,1732,,,,,,,2,NO INDICATION OF INJURY,0,0,0,0,0,2,0,17,2,8,41.95029093,-87.71520298,POINT (-87.715202975775 41.95029093247)
f182407bd9442c45151fc1b3d25ff5e9106293c8f836d12e744e76a67a3227e74185f41ae8c2aa2f6530126fd6e19835ef579b9fc40cf1ec584c012634ac59d6,JF300408,,6/30/2022 18:30,30,TRAFFIC SIGNAL,FUNCTIONING PROPERLY,CLEAR,DAWN,REAR END,OTHER,,STRAIGHT AND LEVEL,DRY,UNKNOWN,ON SCENE,NO INJURY / DRIVE AWAY,,,,"OVER $1,500",6/30/2022 18:46,FOLLOWING TOO CLOSELY,NOT APPLICABLE,1758,W,GRAND AVE,1215,,,,,,,2,NO INDICATION OF INJURY,0,0,0,0,0,2,0,18,5,6,41.8910139,-87.6719848,POINT (-87.671984802897 41.891013896752)
f0ef7d4c35dd02ec51d08b816d6e2c663715663d5d2814df226d4ee87c262bf8c8e52ca78ec65c64e13099646e5b4791a9d103c890c014240f665e6753e6292f,JB539341,,12/4/2018 6:50,25,NO CONTROLS,NO CONTROLS,CLEAR,DAWN,FIXED OBJECT,RAMP,,STRAIGHT AND LEVEL,DRY,NO DEFECTS,ON SCENE,NO INJURY / DRIVE AWAY,,Y,,"OVER $1,500",12/4/2018 7:00,IMPROPER BACKING,DRIVING SKILLS/KNOWLEDGE/EXPERIENCE,4724,S,CHRISTIANA AVE,821,,,,,,,2,NO INDICATION OF INJURY,0,0,0,0,0,1,0,6,3,12,41.80730656,-87.70778288,POINT (-87.707782880049 41.807306559335)
f29d0d1931e1759c4091e81c3c422608e9965c8da35b9930abece075b153afd71a516e6b599f1d39c93ac6268929a1fb7b4e653419d8a7644bcd59b7ed20bfee,JD142561,,2/6/2020 14:35,15,UNKNOWN,UNKNOWN,CLEAR,DAYLIGHT,REAR END,ONE-WAY,,STRAIGHT AND LEVEL,WET,UNKNOWN,NOT ON SCENE (DESK REPORT),NO INJURY / DRIVE AWAY,,,,"OVER $1,500",2/6/2020 18:00,FOLLOWING TOO CLOSELY,UNABLE TO DETERMINE,5555,N,CUMBERLAND AVE,1614,,,,,,,2,NO INDICATION OF INJURY,0,0,0,0,0,2,0,14,5,2,41.98094251,-87.83643436,POINT (-87.836434355127 41.980942512151)
f0234a1ad660033d3ab069373419020f25df22c485e959fc2800420e3158635b054c693bb99344ce70dba68e6065297135a1c5c3d54fd72ca04c0fe55aa20837,JD243105,,5/26/2020 8:35,35,NO CONTROLS,NO CONTROLS,CLEAR,DAYLIGHT,FIXED OBJECT,NOT DIVIDED,,STRAIGHT AND LEVEL,DRY,NO DEFECTS,ON SCENE,INJURY AND / OR TOW DUE TO CRASH,,,,"OVER $1,500",5/26/2020 8:35,UNABLE TO DETERMINE,UNABLE TO DETERMINE,313,E,59TH ST,232,,,,,,,1,NO INDICATION OF INJURY,0,0,0,0,0,2,0,8,3,5,41.78737232,-87.61841224,POINT (-87.618412239051 41.787372319463)
ef75aae5edbe1221adc3d78687a38fa381e36edf342fa9fa1a400098b490875ea0bd2964d7a2e922a9d32e5b58ac45fec7d4818aa104a031b6f783e876438a3e,JE136061,,2/8/2021 14:30,30,NO CONTROLS,NO CONTROLS,SNOW,DAYLIGHT,REAR END,OTHER,,STRAIGHT AND LEVEL,SNOW OR SLUSH,NO DEFECTS,ON SCENE,NO INJURY / DRIVE AWAY,,,,"OVER $1,500",2/8/2021 14:58,UNABLE TO DETERMINE,WEATHER,1540,W,VAN BUREN ST,1231,,,,,,,2,NO INDICATION OF INJURY,0,0,0,0,0,2,0,14,2,2,41.8764686,-87.6659644,POINT (-87.665964401396 41.876468601388)
f1b96735e147eb5537f043bcbcce9fa97be308c360e068b2e0a6bc33a826762c9c69f96fb1034960073541e9ffdc86f9bb0570715ce412b0d4cb17dc143e5429,JF153887,,2/23/2022 17:10,30,NO CONTROLS,NO CONTROLS,CLEAR,DUSK,SIDESWIPE SAME DIRECTION,NOT DIVIDED,,STRAIGHT ON GRADE,DRY,NO DEFECTS,ON SCENE,NO INJURY / DRIVE AWAY,,,,"OVER $1,500",2/23/2022 17:15,UNABLE TO DETERMINE,UNABLE TO DETERMINE,745,W,111TH ST,2233,,,,,,,2,NO INDICATION OF INJURY,0,0,0,0,0,2,0,17,4,2,41.69225187,-87.6417284,POINT (-87.641728395241 41.692251866044)
ef7c598fd063fd2fdbc5aae9a3b8fbbd02b622b186cc0d02d1285b1df27bae3da0831e80a842cb0e4c59c0eaf422091dac205e7b5991e481da133973d967004c,JF187816,,3/27/2022 2:03,30,UNKNOWN,UNKNOWN,CLEAR,UNKNOWN,FIXED OBJECT,UNKNOWN,,STRAIGHT AND LEVEL,DRY,UNKNOWN,ON SCENE,NO INJURY / DRIVE AWAY,,,Y,"OVER $1,500",3/27/2022 2:03,UNABLE TO DETERMINE,UNABLE TO DETERMINE,4119,W,VAN BUREN ST,1132,,,,,,,1,NO INDICATION OF INJURY,0,0,0,0,0,1,0,2,1,3,41.87511636,-87.72874036,POINT (-87.728740359727 41.875116359207)
f17d238302004101a1db7335f64be35dfd14f046b2f9a86e928727b48ae9e6d8e6ba988293e4c043855b8f0ac3f906e4ef7c643e15018bc6da00b4f1d89403d8,JD433712,,11/17/2020 10:10,30,NO CONTROLS,NO CONTROLS,CLEAR,DAYLIGHT,REAR END,NOT DIVIDED,,STRAIGHT AND LEVEL,DRY,NO DEFECTS,NOT ON SCENE (DESK REPORT),NO INJURY / DRIVE AWAY,,,,"OVER $1,500",11/17/2020 10:19,NOT APPLICABLE,NOT APPLICABLE,4228,N,CICERO AVE,1624,,,,,,,2,NO INDICATION OF INJURY,0,0,0,0,0,2,0,10,3,11,41.95793393,-87.74759168,POINT (-87.74759167756 41.957933933069)
f393cd37e8c143033999adbc56c1723d87b0d51c62b03f4285c4baf0b846296040c8f022d2660d63699bc4a53a651c6ccf87b72b0effe64da320bb10e7e466eb,JC565630,,12/30/2019 17:30,30,TRAFFIC SIGNAL,FUNCTIONING PROPERLY,RAIN,"DARKNESS, LIGHTED ROAD",TURNING,FOUR WAY,,STRAIGHT AND LEVEL,WET,NO DEFECTS,ON SCENE,NO INJURY / DRIVE AWAY,Y,,,"$501 - $1,500",12/30/2019 17:35,IMPROPER TURNING/NO SIGNAL,NOT APPLICABLE,2546,E,71ST ST,334,,,,,,,2,NO INDICATION OF INJURY,0,0,0,0,0,4,0,17,2,12,,,
f4acf666ec972b3c5617694b90510378613ea6543703e0249c3265b9c829af46e6433882a932d1e2d85eca0759258c63d53fc932a1c742b8bf8ccc8b686226a6,JC289838,,6/3/2019 10:00,35,NO CONTROLS,NO CONTROLS,CLEAR,DAYLIGHT,REAR END,NOT DIVIDED,,STRAIGHT AND LEVEL,DRY,NO DEFECTS,ON SCENE,NO INJURY / DRIVE AWAY,,,,$500 OR LESS,6/3/2019 10:15,FOLLOWING TOO CLOSELY,NOT APPLICABLE,4698,N,KIMBALL AVE,1723,,,,,,,2,NO INDICATION OF INJURY,0,0,0,0,0,2,0,10,2,6,41.96652825,-87.71345359,POINT (-87.713453592275 41.966528254113)
f433df805189bbab018f13b12e0ea3351021062dad516a2008a70c0379d6ed03f9c53217a23dad1720e2a32c433bc19fa956ccb37202158f7dc2e5925e843470,JC488484,,10/27/2019 14:30,25,NO CONTROLS,NO CONTROLS,CLEAR,DAYLIGHT,PARKED MOTOR VEHICLE,ONE-WAY,,STRAIGHT ON GRADE,DRY,NO DEFECTS,ON SCENE,NO INJURY / DRIVE AWAY,,,,"OVER $1,500",10/27/2019 15:02,IMPROPER BACKING,UNABLE TO DETERMINE,11140,S,NORMAL AVE,2233,,,,,,,2,NO INDICATION OF INJURY,0,0,0,0,0,1,0,14,1,10,41.69122175,-87.63524407,POINT (-87.635244072843 41.69122175327)
f3c20dfb2982f11c21e26750e005195397981f7f514ccc399429f65d51bec9a71f54d50682a671f81745adfef0aefb9d845322cea1c38fbc0c3eaad85e21279a,JD385412,,10/1/2020 15:20,30,NO CONTROLS,NO CONTROLS,CLEAR,DAYLIGHT,HEAD ON,NOT DIVIDED,,"CURVE, LEVEL",DRY,NO DEFECTS,ON SCENE,NO INJURY / DRIVE AWAY,,,,"OVER $1,500",10/1/2020 15:30,IMPROPER LANE USAGE,NOT APPLICABLE,3042,S,CALIFORNIA BLVD,1034,,,,,,,2,NO INDICATION OF INJURY,0,0,0,0,0,2,0,15,5,10,41.83858757,-87.69435888,POINT (-87.694358882376 41.83858756782)
f4f6740f19d17a70acb2076e32465e26b3d00caf13d5bf16f4f8259df144b0bfe8a83e7204603bcb29c2626b9d834dfc688303f58b767a51c9b4565392693ee3,JD114047,,1/13/2020 11:54,30,NO CONTROLS,NO CONTROLS,CLEAR,DAYLIGHT,TURNING,ONE-WAY,,STRAIGHT AND LEVEL,DRY,NO DEFECTS,ON SCENE,INJURY AND / OR TOW DUE TO CRASH,,,,"OVER $1,500",1/13/2020 12:04,FAILING TO YIELD RIGHT-OF-WAY,NOT APPLICABLE,4801,W,RICE ST,1531,,,,,,,3,NO INDICATION OF INJURY,0,0,0,0,0,3,0,11,2,1,41.89584037,-87.74595108,POINT (-87.745951082048 41.895840371297)
f41d4cc7ab630957df27154f4ac7e0a9834dba2cfc7cd21c915cdc43e6be786d0a57cd76573d034c04c7cc69bb125ee06387084a782b1a1407355f04ffafb819,HY482411,,10/30/2015 14:25,30,UNKNOWN,UNKNOWN,UNKNOWN,UNKNOWN,ANGLE,UNKNOWN,1,STRAIGHT AND LEVEL,UNKNOWN,UNKNOWN,NOT ON SCENE (DESK REPORT),NO INJURY / DRIVE AWAY,,,,"OVER $1,500",10/30/2015 14:50,UNABLE TO DETERMINE,NOT APPLICABLE,4320,N,CICERO AVE,1624,,,,,,,2,NO INDICATION OF INJURY,0,0,0,0,0,8,0,14,6,10,41.9595751,-87.74764569,POINT (-87.747645687079 41.959575099443)
f30d54c82cae567db8832783e681b0a23f55a066f4d7520bc3e2692aaffb49028d0232c4961555f1914e47ec4c0ee1da2a9c4962fe7050e854df64fe99d2d937,JF277591,,6/13/2022 7:10,20,NO CONTROLS,NO CONTROLS,CLEAR,DAYLIGHT,SIDESWIPE SAME DIRECTION,ONE-WAY,,STRAIGHT AND LEVEL,DRY,NO DEFECTS,ON SCENE,NO INJURY / DRIVE AWAY,,,,"$501 - $1,500",6/13/2022 7:14,UNABLE TO DETERMINE,UNABLE TO DETERMINE,1,W,TERMINAL ST,1651,,,,,,,2,NO INDICATION OF INJURY,0,0,0,0,0,2,0,7,2,6,,,
f474fedfb59be53d449ad0a873a81022e40375880b21eb445c634208ee792e9cba21cbec464f0438e00a64790b0ea58d389fd8bde25cf769de756acf1243762a,JC520103,,11/22/2019 8:45,15,NO CONTROLS,NO CONTROLS,CLEAR,DAYLIGHT,REAR END,OTHER,,STRAIGHT AND LEVEL,DRY,UNKNOWN,NOT ON SCENE (DESK REPORT),NO INJURY / DRIVE AWAY,,Y,,"OVER $1,500",11/22/2019 10:45,IMPROPER BACKING,NOT APPLICABLE,1801,W,TAYLOR ST,1231,,,,,,,2,NO INDICATION OF INJURY,0,0,0,0,0,2,0,8,6,11,41.86908325,-87.67153169,POINT (-87.671531691578 41.869083252589)
f3b9553da5f4352876dfc9594859566e2bb60c5fbc786b9d88cbe3615bb7512c4adaba946c1da8e0acfa9475c2eeeeae431aea4328c052ed481a75b1a37ddacb,JD333296,,8/15/2020 11:50,30,NO CONTROLS,NO CONTROLS,CLEAR,DAYLIGHT,PARKED MOTOR VEHICLE,NOT DIVIDED,,STRAIGHT AND LEVEL,DRY,UNKNOWN,ON SCENE,NO INJURY / DRIVE AWAY,,,,"$501 - $1,500",8/15/2020 11:50,UNABLE TO DETERMINE,NOT APPLICABLE,7351,N,PAULINA ST,2423,,,,,,,2,NO INDICATION OF INJURY,0,0,0,0,0,1,0,11,7,8,42.01530104,-87.67231161,POINT (-87.672311613274 42.015301044482)