CRASH_RECORD_ID,RD_NO,CRASH_DATE_EST_I,CRASH_DATE,POSTED_SPEED_LIMIT,TRAFFIC_CONTROL_DEVICE,DEVICE_CONDITION,WEATHER_CONDITION,LIGHTING_CONDITION,FIRST_CRASH_TYPE,TRAFFICWAY_TYPE,LANE_CNT,ALIGNMENT,ROADWAY_SURFACE_COND,ROAD_DEFECT,REPORT_TYPE,CRASH_TYPE,INTERSECTION_RELATED_I,NOT_RIGHT_OF_WAY_I,HIT_AND_RUN_I,DAMAGE,DATE_POLICE_NOTIFIED,PRIM_CONTRIBUTORY_CAUSE,SEC_CONTRIBUTORY_CAUSE,STREET_NO,STREET_DIRECTION,STREET_NAME,BEAT_OF_OCCURRENCE,PHOTOS_TAKEN_I,STATEMENTS_TAKEN_I,DOORING_I,WORK_ZONE_I,WORK_ZONE_TYPE,WORKERS_PRESENT_I,NUM_UNITS,MOST_SEVERE_INJURY,INJURIES_TOTAL,INJURIES_FATAL,INJURIES_INCAPACITATING,INJURIES_NON_INCAPACITATING,INJURIES_REPORTED_NOT_EVIDENT,INJURIES_NO_INDICATION,INJURIES_UNKNOWN,CRASH_HOUR,CRASH_DAY_OF_WEEK,CRASH_MONTH,LATITUDE,LONGITUDE,LOCATION
f48e6f0911a35d0030568371958f8a6490ec382b9af90255a6de337efc979290a55cb25190da2c78f24a778dbbf099c8f5ff69505867881431235a0ba19d8250,JC225683,,4/14/2019 17:00,20,NO CONTROLS,NO CONTROLS,CLEAR,UNKNOWN,PARKED MOTOR VEHICLE,ONE-WAY,,STRAIGHT AND LEVEL,DRY,NO DEFECTS,NOT ON SCENE (DESK REPORT),NO INJURY / DRIVE AWAY,,,Y,$500 OR LESS,4/15/2019 17:00,NOT APPLICABLE,NOT APPLICABLE,3424,W,82ND ST,834,,,,,,,2,NO INDICATION OF INJURY,0,0,0,0,0,1,0,17,1,4,41.74434334,-87.70806991,POINT (-87.708069905362 41.744343339655)
f385a678b4ebe40b87d2fba7913369b97343b6d660bd82f14314d95f5d10d2d4f08c35ff478c18b6285d94cbe1fe619e83f8e21b8397407cd883b23807c41a68,JB485648,,10/22/2018 12:15,30,NO CONTROLS,NO CONTROLS,CLEAR,DAYLIGHT,REAR END,NOT DIVIDED,4,STRAIGHT AND LEVEL,DRY,NO DEFECTS,ON SCENE,NO INJURY / DRIVE AWAY,,,,"OVER $1,500",10/22/2018 16:00,FOLLOWING TOO CLOSELY,FOLLOWING TOO CLOSELY,1025,W,HOLLYWOOD AVE,2022,,,,,,,2,NO INDICATION OF INJURY,0,0,0,0,0,2,0,12,2,10,41.985403,-87.65633956,POINT (-87.656339557366 41.985402997809)
f5b9d98aa6255e77890228a3f7fd7194b23dcf4337d191e02a6e73f8f413d8dd038e7634e96761a9dabf136f7d25f669f8cdca8d2d0a921bbd982f232676b5fe,JC132710,,1/28/2019 12:00,20,NO CONTROLS,NO CONTROLS,SNOW,DAYLIGHT,PARKED MOTOR VEHICLE,NOT DIVIDED,,STRAIGHT AND LEVEL,SNOW OR SLUSH,UNKNOWN,ON SCENE,NO INJURY / DRIVE AWAY,,,Y,"OVER $1,500",1/28/2019 16:30,UNABLE TO DETERMINE,WEATHER,1501,W,90TH ST,2221,,,,,,,2,NO INDICATION OF INJURY,0,0,0,0,0,1,0,12,2,1,41.73025771,-87.66053049,POINT (-87.660530493728 41.730257709554)
f2ce2c091e579bf00d40f6967503aac28ad138de1b010d093a46adbcecb15a14119b2670d786851bd0d0b6ce0a9af5e6cbfe3da5727da1f93601a713cec3554f,JE300199,,7/13/2021 15:50,30,TRAFFIC SIGNAL,UNKNOWN,CLEAR,DAYLIGHT,ANGLE,FOUR WAY,,STRAIGHT AND LEVEL,DRY,UNKNOWN,ON SCENE,INJURY AND / OR TOW DUE TO CRASH,Y,,,"OVER $1,500",7/13/2021 15:54,UNABLE TO DETERMINE,NOT APPLICABLE,4000,N,AUSTIN AVE,1624,,,,,,,2,NO INDICATION OF INJURY,0,0,0,0,0,2,0,15,3,7,41.95314406,-87.77692528,POINT (-87.776925284234 41.953144059045)
f541f97e15c30fcc7242e6c69a379968303f88bfefa36b133951a8a4af6b65c1cc3cc376b1fdc53167693e1471e47e76a7ccaad42f7bc0b2fe273e9714fbaba8,JD150755,,2/13/2020 18:06,30,NO CONTROLS,NO CONTROLS,CLEAR,DAYLIGHT,REAR END,NOT DIVIDED,,STRAIGHT AND LEVEL,DRY,NO DEFECTS,,NO INJURY / DRIVE AWAY,,,,"$501 - $1,500",2/13/2020 18:06,NOT APPLICABLE,NOT APPLICABLE,5100,S,ST LOUIS AVE,822,,,,,,,2,NO INDICATION OF INJURY,0,0,0,0,0,2,0,18,5,2,41.80062192,-87.71126962,POINT (-87.71126961707 41.800621917861)
f39da331968577e5266fb33e275260a6811f9094b2934fc0616b03fa93d78c37486b9e430d10e736f8ac70ad7a3952f15b7246dbddd5f580c513a1b06764425e,JE119791,,1/22/2021 8:25,30,TRAFFIC SIGNAL,UNKNOWN,CLEAR,DAYLIGHT,ANGLE,FOUR WAY,,STRAIGHT AND LEVEL,DRY,NO DEFECTS,ON SCENE,INJURY AND / OR TOW DUE TO CRASH,Y,,,"OVER $1,500",1/22/2021 8:29,UNABLE TO DETERMINE,UNABLE TO DETERMINE,6400,N,CENTRAL AVE,1621,,,,,,,2,NO INDICATION OF INJURY,0,0,0,0,0,2,0,8,6,1,41.99738872,-87.76392152,POINT (-87.76392151928 41.997388720503)
f4233a6ec137ba3cd7c86a7555e0d4d42d68622e6d9e06f7fdfb2937c5756976826e263e902f53a24a4ea0dd76922c3e1abc1dd931b8f49a8691a19a352242d0,JC487271,,10/26/2019 13:40,30,TRAFFIC SIGNAL,FUNCTIONING PROPERLY,RAIN,DAYLIGHT,REAR END,NOT DIVIDED,,STRAIGHT AND LEVEL,WET,NO DEFECTS,NOT ON SCENE (DESK REPORT),NO INJURY / DRIVE AWAY,,,Y,"OVER $1,500",10/26/2019 14:30,FOLLOWING TOO CLOSELY,FOLLOWING TOO CLOSELY,220,W,38TH PL,915,,,,,,,2,NO INDICATION OF INJURY,0,0,0,0,0,2,0,13,7,10,,,
f45b4ddd2d5509c499db633d0fabd0324cccec627a193d6a345eb0ec914126e09fe5e3922107d793aeed1c7a1f61bec95c44d647b76ca641bf0271e3769bea2d,JB504817,,11/5/2018 17:30,25,NO CONTROLS,NO CONTROLS,RAIN,DARKNESS,SIDESWIPE SAME DIRECTION,ONE-WAY,,STRAIGHT AND LEVEL,WET,NO DEFECTS,ON SCENE,NO INJURY / DRIVE AWAY,,,Y,"OVER $1,500",11/5/2018 17:32,IMPROPER OVERTAKING/PASSING,"OPERATING VEHICLE IN ERRATIC, RECKLESS, CARELESS, NEGLIGENT OR AGGRESSIVE MANNER",1,W,TERMINAL ST,1651,Y,,,,,,2,NO INDICATION OF INJURY,0,0,0,0,0,2,0,17,2,11,,,
f4a127012177d65bde33e7816d1c7b1024da6b13c53485344f959498075b8913dfbf89979b4612229d1a3d38bac193c5bdcda1e1bd63319b5e1b8a37332f7874,JD415688,,10/30/2020 16:25,10,NO CONTROLS,NO CONTROLS,CLEAR,DAYLIGHT,TURNING,PARKING LOT,,STRAIGHT AND LEVEL,DRY,NO DEFECTS,NOT ON SCENE (DESK REPORT),NO INJURY / DRIVE AWAY,,,,"OVER $1,500",10/30/2020 16:25,UNABLE TO DETERMINE,UNABLE TO DETERMINE,521,W,OHARE ST,1654,,,,,,,2,NO INDICATION OF INJURY,0,0,0,0,0,2,0,16,6,10,,,
f56e0e210db02920ccf6c53be052a981c34f9133a84b44c2b8d680953cf5bf369ba2d4dac7fed3d626eea6c425b478ef1a6be240dfb7a339c0160e1e5781b55a,JA119272,Y,1/16/2017 14:00,30,NO CONTROLS,NO CONTROLS,RAIN,DAYLIGHT,ANGLE,NOT DIVIDED,,STRAIGHT AND LEVEL,WET,NO DEFECTS,NOT ON SCENE (DESK REPORT),NO INJURY / DRIVE AWAY,,,,"$501 - $1,500",1/17/2017 14:34,WEATHER,NOT APPLICABLE,5525,W,DEVON AVE,1621,,,,,,,2,NO INDICATION OF INJURY,0,0,0,0,0,3,0,14,2,1,41.99719615,-87.76663285,POINT (-87.766632847015 41.997196147514)
f584df1a39b79d84b067c2d0994a452a564b5ae44e6b83ab18c329c076a0a86be7fa00031f74409b2446b76ab592dda633b42f46eaf73463c34bd6e89a6dae91,JB369438,,7/28/2018 19:45,5,NO CONTROLS,NO CONTROLS,CLEAR,DAYLIGHT,PARKED MOTOR VEHICLE,ALLEY,,STRAIGHT AND LEVEL,DRY,NO DEFECTS,ON SCENE,NO INJURY / DRIVE AWAY,,,,"$501 - $1,500",7/28/2018 19:45,IMPROPER BACKING,NOT APPLICABLE,9572,S,COLFAX AVE,431,,,,,,,2,NO INDICATION OF INJURY,0,0,0,0,0,1,0,19,7,7,41.72119541,-87.56095382,POINT (-87.560953814515 41.721195407412)
f2d113d118b2e0046a4815495f02bb814ef6c5a3ce9911e0a81a9be7b68cf583c5b91f75caff4607b704eca421216c7b631644350c513d98f54983a4064c6388,JD180567,,3/10/2020 11:00,30,NO CONTROLS,NO CONTROLS,CLOUDY/OVERCAST,DAYLIGHT,TURNING,NOT DIVIDED,,STRAIGHT AND LEVEL,DRY,NO DEFECTS,ON SCENE,NO INJURY / DRIVE AWAY,,,,"$501 - $1,500",3/10/2020 11:05,NOT APPLICABLE,NOT APPLICABLE,6946,N,SHERIDAN RD,2431,,,,,,,2,NO INDICATION OF INJURY,0,0,0,0,0,2,0,11,3,3,42.00807329,-87.66187464,POINT (-87.661874638087 42.008073290523)
f64f63e54a7ded79cc3fe8e85c35f80dceccdc41132805d2e8e31a26da05b3b65626c3e0ecf452215f653c917ba60abc864a90204d39a6ef2f74d68b17972666,JE308295,,7/20/2021 18:48,30,NO CONTROLS,NO CONTROLS,CLEAR,DAYLIGHT,TURNING,ONE-WAY,,STRAIGHT AND LEVEL,DRY,NO DEFECTS,ON SCENE,NO INJURY / DRIVE AWAY,,,,"$501 - $1,500",7/20/2021 18:48,FOLLOWING TOO CLOSELY,NOT APPLICABLE,3852,S,WENTWORTH AVE,915,,,,,,,2,NO INDICATION OF INJURY,0,0,0,0,0,5,0,18,3,7,41.82417668,-87.63146496,POINT (-87.631464960188 41.824176676578)
f844ea6eff86d2d8d9f81e4e7ded1195c4365ded00e2e0a652949053f67e2a85f7887cdfa12710b90709f5c5266dd288409eb3aba38093f21c5310533318bd76,JD288013,,7/6/2020 11:30,30,NO CONTROLS,NO CONTROLS,CLEAR,DAYLIGHT,TURNING,NOT DIVIDED,,STRAIGHT AND LEVEL,DRY,NO DEFECTS,ON SCENE,NO INJURY / DRIVE AWAY,,,Y,"OVER $1,500",7/6/2020 12:30,UNABLE TO DETERMINE,UNABLE TO DETERMINE,2519,W,BALMORAL AVE,2011,,,,,,,2,NO INDICATION OF INJURY,0,0,0,0,0,3,0,11,2,7,41.97940037,-87.69264515,POINT (-87.692645146082 41.979400366214)
f68fffb4965a167d1bd532af674a90b2194db77f35dfb817d9adb946debbaa81b3a62cfe60024a6c239117e98b19efe9c6f20a0be201647c4d96ce001100aff7,JE253912,,6/4/2021 18:34,25,NO CONTROLS,NO CONTROLS,CLEAR,DAYLIGHT,REAR END,OTHER,,STRAIGHT AND LEVEL,DRY,NO DEFECTS,ON SCENE,INJURY AND / OR TOW DUE TO CRASH,,,,"OVER $1,500",6/4/2021 18:47,UNABLE TO DETERMINE,NOT APPLICABLE,50,W,PERSHING RD,213,,,,,,,3,"REPORTED, NOT EVIDENT",1,0,0,0,1,5,0,18,6,6,41.82379606,-87.62846583,POINT (-87.628465834234 41.823796057007)
f885ba31ae5c3d38dbba39e7a5a96138628c38742002894348c577e6a316a17ae8273bc680828387c77c2b15cb7499e161ff835e1b6c37aa5be6f604047c45da,JC507019,,11/11/2019 20:49,30,NO CONTROLS,UNKNOWN,SNOW,"DARKNESS, LIGHTED ROAD",ANGLE,NOT DIVIDED,,STRAIGHT AND LEVEL,ICE,NO DEFECTS,ON SCENE,NO INJURY / DRIVE AWAY,,,,$500 OR LESS,11/11/2019 20:50,WEATHER,UNABLE TO DETERMINE,601,W,ELM ST,1822,,,,,,,2,NO INDICATION OF INJURY,0,0,0,0,0,3,0,20,2,11,41.90253986,-87.6432368,POINT (-87.643236802157 41.902539859179)
f6f51ef9196fb92fdb8a8f0baba92c3dc2044c921a35a5e36c25ed07c40b9145d1a8466d58e51d5c7c501ff774f4d3ba778e62d988a318c2baa99b2f8561f877,JE289777,,7/4/2021 14:21,30,TRAFFIC SIGNAL,UNKNOWN,CLEAR,DAYLIGHT,PEDESTRIAN,NOT DIVIDED,,STRAIGHT AND LEVEL,DRY,NO DEFECTS,ON SCENE,INJURY AND / OR TOW DUE TO CRASH,,,,"OVER $1,500",7/4/2021 14:21,NOT APPLICABLE,NOT APPLICABLE,35,E,WACKER DR,111,,,,,,,2,INCAPACITATING INJURY,1,0,1,0,0,1,0,14,1,7,41.88683151,-87.62655609,POINT (-87.626556084936 41.886831512317)
f816388c1322c52c9029c771c847831c00941929ed20713a589147343d588a79e97eeeb3d1bd6829643bbaa99955a876de959b1ed4c157c3c49e426aa0898496,JC447981,N,9/25/2019 13:06,25,NO CONTROLS,NO CONTROLS,CLEAR,DAYLIGHT,PARKED MOTOR VEHICLE,NOT DIVIDED,,STRAIGHT AND LEVEL,DRY,NO DEFECTS,ON SCENE,NO INJURY / DRIVE AWAY,,,,"OVER $1,500",9/25/2019 14:00,IMPROPER BACKING,NOT APPLICABLE,5325,N,SHERIDAN RD,2023,,,,,,,2,NO INDICATION OF INJURY,0,0,0,0,0,1,0,13,4,9,41.97893359,-87.65490203,POINT (-87.654902029506 41.978933591162)
f65e39f64d337dc53db91d6a6801a720296f9eec135d289eb84ea5667f1bde424ed092df650b0c02fb8193a66482df50fcc0f82953494c27a2f217f4470c58c5,JE308418,,7/20/2021 20:30,20,NO CONTROLS,NO CONTROLS,CLEAR,DUSK,ANGLE,PARKING LOT,,STRAIGHT AND LEVEL,DRY,NO DEFECTS,ON SCENE,NO INJURY / DRIVE AWAY,,Y,,"OVER $1,500",7/20/2021 21:17,FAILING TO YIELD RIGHT-OF-WAY,NOT APPLICABLE,11812,S,MARSHFIELD AVE,2234,,,,,,,2,NO INDICATION OF INJURY,0,0,0,0,0,4,0,20,3,7,41.67891882,-87.66263435,POINT (-87.662634354202 41.678918824129)
f80313adb165b27c6b91559467f74bd67017d71d01662f32a4a4bc98130d7374e859be0e39e5da38bc087b73707a3d749e35e5194069e31caed13f59ab4336ef,JC538554,,12/7/2019 19:50,30,NO CONTROLS,NO CONTROLS,CLEAR,DARKNESS,ANGLE,NOT DIVIDED,,STRAIGHT AND LEVEL,DRY,NO DEFECTS,ON SCENE,NO INJURY / DRIVE AWAY,,,,"OVER $1,500",12/7/2019 19:52,FAILING TO YIELD RIGHT-OF-WAY,NOT APPLICABLE,1620,W,WILSON AVE,1912,,,,,,,2,NO INDICATION OF INJURY,0,0,0,0,0,2,0,19,7,12,41.96533092,-87.67026455,POINT (-87.67026454828 41.965330918056)
f740a5aab5bbf0b0453bbf41fa9b706a5a83f97009110aeede46faa821c331dfb99af6035e1376c040d6d9e58ea5e22f28129ecda3cc1d887202fa9b4eada868,JE146326,,2/19/2021 11:00,25,NO CONTROLS,NO CONTROLS,CLEAR,DAYLIGHT,PARKED MOTOR VEHICLE,NOT DIVIDED,,STRAIGHT AND LEVEL,DRY,NO DEFECTS,,NO INJURY / DRIVE AWAY,,,,"$501 - $1,500",2/19/2021 18:45,NOT APPLICABLE,NOT APPLICABLE,173,S,PULASKI RD,1122,,,,,,,2,NO INDICATION OF INJURY,0,0,0,0,0,3,0,11,6,2,41.87802682,-87.72543309,POINT (-87.725433088932 41.878026822384)
f879587635a91ac91612a023c22e835959a1ae15eb7a399d3d7266cdeccb271f33c520637f96db28eb2d88528042da4b9d515f61a3d44167dbe2eee32342348f,JB305332,,6/13/2018 15:27,30,TRAFFIC SIGNAL,UNKNOWN,CLEAR,DAYLIGHT,REAR END,NOT DIVIDED,,STRAIGHT AND LEVEL,UNKNOWN,UNKNOWN,,NO INJURY / DRIVE AWAY,,,Y,"OVER $1,500",6/13/2018 16:20,FOLLOWING TOO CLOSELY,UNABLE TO DETERMINE,303,N,COLUMBUS DR,114,,,,,,,2,NO INDICATION OF INJURY,0,0,0,0,0,3,0,15,4,6,41.88701783,-87.620555,POINT (-87.620554995609 41.887017827697)
f675b36ae8a3929b9862ecb0469b065ae8a506f41d3744afed52f650d11635ddc31629571c98802b5cb39c13cee096bd934b5fc61c54176e7bda0177abeef331,JD189747,,3/18/2020 16:00,10,NO CONTROLS,NO CONTROLS,RAIN,DAYLIGHT,PARKED MOTOR VEHICLE,PARKING LOT,,STRAIGHT AND LEVEL,WET,UNKNOWN,NOT ON SCENE (DESK REPORT),NO INJURY / DRIVE AWAY,,Y,Y,"OVER $1,500",3/18/2020 17:30,UNABLE TO DETERMINE,UNABLE TO DETERMINE,5104,S,WENTWORTH AVE,225,,,,,,,2,NO INDICATION OF INJURY,0,0,0,0,0,3,0,16,4,3,,,
f8944b16481561d9061ced6b2c2229bc865dd94212b66a62215140b506427529b290716199266ac0532e8bbe747f5bf8eb9e4f5cc7d294211099214ff80db8ef,JC241394,,4/28/2019 8:25,30,NO CONTROLS,NO CONTROLS,CLEAR,DAYLIGHT,PARKED MOTOR VEHICLE,NOT DIVIDED,,STRAIGHT AND LEVEL,DRY,NO DEFECTS,ON SCENE,NO INJURY / DRIVE AWAY,,,,"$501 - $1,500",4/28/2019 8:29,NOT APPLICABLE,NOT APPLICABLE,1314,W,JARVIS AVE,2422,,,,,,,2,NO INDICATION OF INJURY,0,0,0,0,0,4,0,8,1,4,42.01621034,-87.66515258,POINT (-87.665152580221 42.016210335395)
f952b656a211f76ef2fc187e4d130447da62fc7058f1c942864a3ce1135d36c1b1c00ead9b0d09945a48a4d38e6c1b6638eba67fad7189614b50d0fbf29b5c42,JF291552,,6/23/2022 19:28,20,TRAFFIC SIGNAL,FUNCTIONING PROPERLY,CLEAR,DAYLIGHT,SIDESWIPE SAME DIRECTION,ONE-WAY,,STRAIGHT AND LEVEL,DRY,NO DEFECTS,ON SCENE,NO INJURY / DRIVE AWAY,Y,,,"$501 - $1,500",6/23/2022 19:31,FAILING TO YIELD RIGHT-OF-WAY,NOT APPLICABLE,172,N,BESSIE COLEMAN DR,1654,,,,,,,2,NO INDICATION OF INJURY,0,0,0,0,0,5,0,19,5,6,,,
f70001c7efaff61d003576ee8c1f71366e9ce18e12a86c9b480c1504f5be1808dd6bf2b60d81c42b734a68233c3861e3cfcb065b800b14681c1991db0466c124,JA128539,,1/24/2017 6:16,45,NO CONTROLS,NO CONTROLS,CLEAR,DAWN,SIDESWIPE SAME DIRECTION,OTHER,4,STRAIGHT AND LEVEL,DRY,NO DEFECTS,NOT ON SCENE (DESK REPORT),NO INJURY / DRIVE AWAY,,,Y,"$501 - $1,500",1/24/2017 17:50,UNABLE TO DETERMINE,NOT APPLICABLE,1411,S,1411 S LAKE SHORE DR,132,,,,,,,2,NO INDICATION OF INJURY,0,0,0,0,0,2,0,6,3,1,,,
f66bbcdbdab4fecf934fa9df39d985fe6e4f29b0581eb6d8af17863a7c055afe50a62fa51eb465887f53c57cf13e9a2e68ef719d8d4f624b0edd6748779f6950,JD157212,,2/19/2020 10:00,20,NO CONTROLS,NO CONTROLS,CLEAR,DAYLIGHT,SIDESWIPE SAME DIRECTION,ONE-WAY,,STRAIGHT AND LEVEL,DRY,NO DEFECTS,ON SCENE,NO INJURY / DRIVE AWAY,,,,"$501 - $1,500",2/19/2020 10:05,FAILING TO YIELD RIGHT-OF-WAY,NOT APPLICABLE,2,W,TERMINAL ST,1652,,,,,,,2,NO INDICATION OF INJURY,0,0,0,0,0,2,0,10,4,2,,,
f8f1806efa308e41814b59f702c0015000a8ae1b209701ffc8ca0f5bfa9a3d2ffe6c2c2bbc5224096cb633d9aeda06d0179f281509aab96e4e946debac75f28f,JF139751,,2/10/2022 8:00,0,NO CONTROLS,NO CONTROLS,CLEAR,DAYLIGHT,FIXED OBJECT,PARKING LOT,,STRAIGHT AND LEVEL,DRY,NO DEFECTS,ON SCENE,NO INJURY / DRIVE AWAY,,Y,,"OVER $1,500",2/10/2022 8:18,UNABLE TO DETERMINE,UNABLE TO DETERMINE,3615,W,16TH ST,1014,,,,,,,2,NO INDICATION OF INJURY,0,0,0,0,0,1,0,8,5,2,41.85885599,-87.71574627,POINT (-87.715746264768 41.858855987577)
f95e0d93f1a7dd800ed6c99edf0d52c3d1480a7368aeb17a3a50ae85ad1d44f335a561083b6f1191b767b7f2712a91cad6d0023fc807424c301dab445fbf0dd7,JA509065,,11/12/2017 14:40,30,STOP SIGN/FLASHER,UNKNOWN,RAIN,DAYLIGHT,ANGLE,NOT DIVIDED,,STRAIGHT AND LEVEL,WET,NO DEFECTS,ON SCENE,INJURY AND / OR TOW DUE TO CRASH,Y,,,"OVER $1,500",11/12/2017 14:50,WEATHER,NOT APPLICABLE,5201,W,DICKENS AVE,2515,,,,,,,2,NO INDICATION OF INJURY,0,0,0,0,0,3,0,14,1,11,41.91854664,-87.75606487,POINT (-87.756064873511 41.918546641456)
f6de9ca4bbe8dd3767f51ea1cd52eb1b57f99ee1833cf9dee2a8679719674a6f610390c5344361851d5b89e08a02518dcbb149c9f2a5ed110a90e4a7a6566779,JA561660,,12/24/2017 10:34,0,NO CONTROLS,NO CONTROLS,SNOW,DAYLIGHT,FIXED OBJECT,ALLEY,1,STRAIGHT AND LEVEL,SNOW OR SLUSH,NO DEFECTS,ON SCENE,NO INJURY / DRIVE AWAY,,Y,,"$501 - $1,500",12/24/2017 10:36,WEATHER,NOT APPLICABLE,1556,W,61ST ST,713,,,,,,,1,NO INDICATION OF INJURY,0,0,0,0,0,2,0,10,1,12,41.78322069,-87.66425048,POINT (-87.664250481345 41.783220692484)
f8ea1834c033bb6997a2fceee4321be282c1437ae0b2b80ea104db648469432029e356a709ac840f3f4c2d5f08d7aab9cebdfdc5b46d1433226aa9e370ce680a,JD259972,,6/10/2020 15:00,25,NO CONTROLS,NO CONTROLS,CLEAR,DAYLIGHT,PARKED MOTOR VEHICLE,ONE-WAY,,STRAIGHT AND LEVEL,DRY,NO DEFECTS,ON SCENE,NO INJURY / DRIVE AWAY,,,,$500 OR LESS,6/10/2020 15:19,NOT APPLICABLE,NOT APPLICABLE,641,W,ALDINE AVE,1925,,,,,,,2,NO INDICATION OF INJURY,0,0,0,0,0,1,0,15,4,6,41.9417372,-87.64602686,POINT (-87.646026862838 41.941737196556)
f6f655c4226880c5945f267d05dc4cba5cbadadc38b8dea30d2a736abd86ceb6abffab54bdd1f2b458c9652be74367f4e0cd0533f0c25487560e8ae9462e2974,JD325312,,8/8/2020 18:00,30,TRAFFIC SIGNAL,FUNCTIONING PROPERLY,CLEAR,DAYLIGHT,REAR END,NOT DIVIDED,,STRAIGHT AND LEVEL,DRY,UNKNOWN,ON SCENE,NO INJURY / DRIVE AWAY,,,Y,"OVER $1,500",8/8/2020 18:12,FOLLOWING TOO CLOSELY,NOT APPLICABLE,5350,S,PAULINA ST,932,,,,,,,2,NO INDICATION OF INJURY,0,0,0,0,0,2,0,18,7,8,41.79614089,-87.66721909,POINT (-87.667219092631 41.796140891434)
f937570cd8e39542c7706b9f0faf72c655a8a59e4f6606e9560918db7dc3e6c33b06137e8b2689e9713d8851545ef21b64e37f77e3eea9dd2a9e03804401fce8,JB345760,,7/11/2018 20:39,30,NO CONTROLS,NO CONTROLS,CLEAR,DUSK,REAR END,NOT DIVIDED,2,STRAIGHT AND LEVEL,DRY,NO DEFECTS,ON SCENE,NO INJURY / DRIVE AWAY,,,,"$501 - $1,500",7/11/2018 20:40,IMPROPER BACKING,NOT APPLICABLE,5336,W,CHICAGO AVE,1524,,,,,,,2,NO INDICATION OF INJURY,0,0,0,0,0,2,0,20,4,7,41.89500849,-87.75962331,POINT (-87.75962331062 41.895008492279)
f7c7b6072d42ba2faec0f13733894e7d029209f7aa2c42318ed8321cd550518e20149810a062f717f87269eedf937bf2b0177479b53502e47091193ea65c496a,JA503123,,11/7/2017 20:00,30,NO CONTROLS,NO CONTROLS,CLEAR,DARKNESS,ANGLE,PARKING LOT,1,STRAIGHT AND LEVEL,DRY,NO DEFECTS,ON SCENE,NO INJURY / DRIVE AWAY,,Y,,$500 OR LESS,11/7/2017 20:10,UNABLE TO DETERMINE,NOT APPLICABLE,5559,S,KEDZIE AVE,824,,,,,,,2,NO INDICATION OF INJURY,0,0,0,0,0,2,0,20,3,11,41.79179138,-87.70336094,POINT (-87.703360943116 41.791791377092)
f6b4e6e3a9333f3e5dd562a12c36326d4c9e1410f588a9749d836ec76c8fed5e96e9f91407475e0787a943ffd4b592f1975a789ae749de98b009f8ebdca821f8,JC373895,,8/1/2019 12:50,30,UNKNOWN,UNKNOWN,CLEAR,DAYLIGHT,REAR END,NOT DIVIDED,,STRAIGHT AND LEVEL,UNKNOWN,UNKNOWN,NOT ON SCENE (DESK REPORT),NO INJURY / DRIVE AWAY,,,,"OVER $1,500",8/1/2019 13:50,UNABLE TO DETERMINE,NOT APPLICABLE,997,W,GEORGE ST,1933,,,,,,,2,NO INDICATION OF INJURY,0,0,0,0,0,2,0,12,5,8,41.93434464,-87.65379684,POINT (-87.653796842912 41.93434464386)
fb98aa81ef733a733c6b24884c0da99d1cecb9c074755ea50d50725490098df913228189bb61dbf54e6e150d07f7a510ab82bea7818025fa7ecc8725af4daf84,JC118677,,1/16/2019 8:00,10,NO CONTROLS,UNKNOWN,CLOUDY/OVERCAST,DAYLIGHT,TURNING,OTHER,0,STRAIGHT AND LEVEL,SNOW OR SLUSH,UNKNOWN,ON SCENE,NO INJURY / DRIVE AWAY,,Y,,"$501 - $1,500",1/16/2019 8:04,IMPROPER BACKING,NOT APPLICABLE,7575,S,KOSTNER AVE,833,,,,,,,2,NO INDICATION OF INJURY,0,0,0,0,0,2,0,8,4,1,41.75506193,-87.73222787,POINT (-87.73222786457 41.755061934412)
fa2b85dfac0f13373baa93d56d4d4ab666ea639d4808f4522edf8cfd8356bb1ba320a7b6986ed120a62fbb61fc34d4b09fb10fc0b817c08d327039ddd3ba03b9,JE458372,,11/27/2021 13:35,30,YIELD,NO CONTROLS,CLEAR,DAYLIGHT,PEDESTRIAN,PARKING LOT,,STRAIGHT ON GRADE,DRY,UNKNOWN,ON SCENE,INJURY AND / OR TOW DUE TO CRASH,,,,"$501 - $1,500",11/27/2021 13:37,UNABLE TO DETERMINE,NOT APPLICABLE,4241,S,COTTAGE GROVE AVE,214,,,,,,,2,INCAPACITATING INJURY,1,0,1,0,0,1,0,13,7,11,41.81744427,-87.60657312,POINT (-87.606573117539 41.817444269885)
fc9f261a3804fd4507b74f556c68d0ed9d50e5bf48c73231fa6bc6eaa25190c36c715b32de776d77db9e91696298aead3d40e4cef86865838fe2c28fcc01ff1e,JC282035,,5/28/2019 14:42,30,OTHER,OTHER,RAIN,DAYLIGHT,PEDESTRIAN,PARKING LOT,,STRAIGHT AND LEVEL,WET,NO DEFECTS,ON SCENE,NO INJURY / DRIVE AWAY,,Y,,$500 OR LESS,5/28/2019 15:05,UNABLE TO DETERMINE,NOT APPLICABLE,631,N,LA SALLE DR,1832,,,,,,,2,NO INDICATION OF INJURY,0,0,0,0,0,2,0,14,3,5,41.8932512,-87.63249301,POINT (-87.632493012229 41.893251198465)