CRASH_RECORD_ID,RD_NO,CRASH_DATE_EST_I,CRASH_DATE,POSTED_SPEED_LIMIT,TRAFFIC_CONTROL_DEVICE,DEVICE_CONDITION,WEATHER_CONDITION,LIGHTING_CONDITION,FIRST_CRASH_TYPE,TRAFFICWAY_TYPE,LANE_CNT,ALIGNMENT,ROADWAY_SURFACE_COND,ROAD_DEFECT,REPORT_TYPE,CRASH_TYPE,INTERSECTION_RELATED_I,NOT_RIGHT_OF_WAY_I,HIT_AND_RUN_I,DAMAGE,DATE_POLICE_NOTIFIED,PRIM_CONTRIBUTORY_CAUSE,SEC_CONTRIBUTORY_CAUSE,STREET_NO,STREET_DIRECTION,STREET_NAME,BEAT_OF_OCCURRENCE,PHOTOS_TAKEN_I,STATEMENTS_TAKEN_I,DOORING_I,WORK_ZONE_I,WORK_ZONE_TYPE,WORKERS_PRESENT_I,NUM_UNITS,MOST_SEVERE_INJURY,INJURIES_TOTAL,INJURIES_FATAL,INJURIES_INCAPACITATING,INJURIES_NON_INCAPACITATING,INJURIES_REPORTED_NOT_EVIDENT,INJURIES_NO_INDICATION,INJURIES_UNKNOWN,CRASH_HOUR,CRASH_DAY_OF_WEEK,CRASH_MONTH,LATITUDE,LONGITUDE,LOCATION
fc868cf09ac4c8237014aeae8ffd7d52c8585bac14673258300abae0acea2f87f80a199c02ba8357b11a7f0b8331c0fb5e3e95964aab51931d8f40bad92ae453,JC415147,,8/31/2019 18:56,30,NO CONTROLS,NO CONTROLS,RAIN,DUSK,PARKED MOTOR VEHICLE,NOT DIVIDED,,STRAIGHT AND LEVEL,WET,UNKNOWN,ON SCENE,NO INJURY / DRIVE AWAY,,,Y,"$501 - $1,500",8/31/2019 18:57,IMPROPER BACKING,NOT APPLICABLE,3627,E,103RD ST,432,,,,,,,2,NO INDICATION OF INJURY,0,0,0,0,0,1,0,18,7,8,41.70810682,-87.53534878,POINT (-87.535348782003 41.708106817841)
fbc85be44e693de4f6eb63a28955a84492e684e19d508b864c6075c4a4359f7e7c700249d32fb460119bb2c6d628293edc295e7c51eb5183a64562f44bb85422,JE122743,,1/25/2021 10:35,30,NO CONTROLS,NO CONTROLS,SNOW,DAYLIGHT,FIXED OBJECT,OTHER,,STRAIGHT AND LEVEL,SNOW OR SLUSH,UNKNOWN,ON SCENE,NO INJURY / DRIVE AWAY,,,,"$501 - $1,500",1/25/2021 10:40,UNABLE TO DETERMINE,NOT APPLICABLE,3746,S,IRON ST,912,,,,,,,1,NO INDICATION OF INJURY,0,0,0,0,0,1,0,10,2,1,41.82577417,-87.65952967,POINT (-87.659529664737 41.825774170904)
f9998c409fb7223a2cb588906f5a4b87013ad8269878dbe16a32c22969ffc0e3400b83cf40aedc1231812161c584c08dbfe82edee68ee89ef00ffc911c048693,JD260361,,6/10/2020 23:08,30,NO CONTROLS,NO CONTROLS,CLEAR,"DARKNESS, LIGHTED ROAD",PARKED MOTOR VEHICLE,ONE-WAY,,STRAIGHT AND LEVEL,DRY,WORN SURFACE,ON SCENE,INJURY AND / OR TOW DUE TO CRASH,,,Y,"$501 - $1,500",6/10/2020 23:17,UNABLE TO DETERMINE,NOT APPLICABLE,5604,S,WELLS ST,711,,,,,,,2,,,,,,,,,23,4,6,41.79239405,-87.63192844,POINT (-87.631928438466 41.792394051861)
f9bbe6d6d59f032f44c8eb5d04fa6f0e176dbaeec8d85b3db8d804a71fb8d49c1032634416b5c6b1eb94c92333905464b97d76e7082319bb445f6ba6aad86c80,JB383254,,8/7/2018 13:20,30,NO CONTROLS,NO CONTROLS,CLEAR,DAYLIGHT,PARKED MOTOR VEHICLE,ONE-WAY,,STRAIGHT AND LEVEL,DRY,NO DEFECTS,ON SCENE,NO INJURY / DRIVE AWAY,,,,"$501 - $1,500",8/7/2018 13:44,IMPROPER BACKING,NOT APPLICABLE,3041,S,QUINN ST,913,,,,,,,2,NO INDICATION OF INJURY,0,0,0,0,0,1,0,13,3,8,41.83846552,-87.6483109,POINT (-87.648310896342 41.838465523715)
4aad6f70ee1f3a10cda885bd237d0deee494d9a1d8650bb6febe57ee2d52fa844ffbf11d15e7d267eae4c047417c90bf9a723d0622b2873a07a073e4c1f132fa,JG159629,,2/20/2023 14:56,30,NO CONTROLS,NO CONTROLS,CLEAR,DAYLIGHT,REAR END,NOT DIVIDED,,STRAIGHT AND LEVEL,DRY,NO DEFECTS,ON SCENE,NO INJURY / DRIVE AWAY,,,,"OVER $1,500",2/20/2023 14:57,UNABLE TO DETERMINE,NOT APPLICABLE,4192,S,ARCHER AVE,921,,,,,,,2,NO INDICATION OF INJURY,0,0,0,0,0,2,0,14,2,2,41.81725811,-87.69931227,POINT (-87.69931226499 41.817258105847)
fbe1c64e7201d360716a2c2b70a55e29efd4e721462bed80e424882e29318b8e58942d974ddae07762082cdcc41c01b39ff971d61c4c06f2de74683a05951b7f,JE246214,,5/28/2021 19:00,30,NO CONTROLS,NO CONTROLS,RAIN,DAYLIGHT,PARKED MOTOR VEHICLE,PARKING LOT,,STRAIGHT AND LEVEL,WET,NO DEFECTS,ON SCENE,NO INJURY / DRIVE AWAY,,Y,Y,"$501 - $1,500",5/28/2021 19:13,UNABLE TO DETERMINE,NOT APPLICABLE,1345,N,PULASKI RD,2535,,,,,,,2,NO INDICATION OF INJURY,0,0,0,0,0,1,0,19,6,5,41.90579384,-87.72625114,POINT (-87.726251137072 41.905793840339)
fa275924870d808cdc9f34c36ea72b6e37fe6ed214d9ec49c11bf182c89926037780eb9b6e513815b75a849c70a3607fa34aa4ed5f29f26936a8af8d55db1bf8,JB231777,,4/20/2018 15:34,15,NO CONTROLS,NO CONTROLS,CLEAR,DAYLIGHT,SIDESWIPE SAME DIRECTION,OTHER,5,STRAIGHT AND LEVEL,DRY,NO DEFECTS,NOT ON SCENE (DESK REPORT),NO INJURY / DRIVE AWAY,,,,"$501 - $1,500",4/20/2018 21:30,IMPROPER LANE USAGE,NOT APPLICABLE,3,W,TERMINAL ST,1653,,,,,,,2,NO INDICATION OF INJURY,0,0,0,0,0,3,0,15,6,4,,,
fb892834287c15b4f9ec2e195fd7fd56b698fa645a66ee76784b30bcab7e66fe7493b5675d570852e4215bcdd8db5d5142c402a07b4deb4ccca5abe60e4d0308,JF216096,,4/22/2022 13:17,30,NO CONTROLS,NO CONTROLS,RAIN,DAYLIGHT,ANGLE,OTHER,,STRAIGHT AND LEVEL,WET,NO DEFECTS,ON SCENE,NO INJURY / DRIVE AWAY,,,,"$501 - $1,500",4/22/2022 13:19,UNABLE TO DETERMINE,UNABLE TO DETERMINE,8620,S,KEDZIE AVE,834,,,,,,,2,NO INDICATION OF INJURY,0,0,0,0,0,2,0,13,6,4,41.73630411,-87.70218995,POINT (-87.702189948472 41.736304106202)
fc916f244a69605e29f8dd657fbecbb2359318662e46f94ac334ae04827beec09e3f3b5f58018a6ff139cc865e18559a969fe2ba134799e04f8ba39d40c82ae8,JD220547,,4/30/2020 11:29,30,NO CONTROLS,NO CONTROLS,CLEAR,DAYLIGHT,ANGLE,PARKING LOT,,STRAIGHT AND LEVEL,DRY,NO DEFECTS,ON SCENE,NO INJURY / DRIVE AWAY,,,,"OVER $1,500",4/30/2020 11:30,FAILING TO REDUCE SPEED TO AVOID CRASH,NOT APPLICABLE,6320,S,VERNON AVE,312,,,,,,,2,NO INDICATION OF INJURY,0,0,0,0,0,3,0,11,5,4,41.77960448,-87.61454288,POINT (-87.614542876052 41.77960447984)
fcaf50a79fca192dcf7322f0d6da356a6b6c489261812a1e2576032f69f13f525334877f65cd5533c503febbd69fe59b1624034e5f4ceed080059ecd40ab500e,JE181155,,3/27/2021 9:25,20,NO CONTROLS,NO CONTROLS,CLEAR,DAYLIGHT,PEDESTRIAN,OTHER,,STRAIGHT ON GRADE,DRY,WORN SURFACE,ON SCENE,NO INJURY / DRIVE AWAY,,,Y,$500 OR LESS,3/27/2021 9:34,UNABLE TO DETERMINE,NOT APPLICABLE,1441,W,BARRY AVE,1933,,,,,,,2,NO INDICATION OF INJURY,0,0,0,0,0,2,0,9,7,3,41.93780734,-87.66548684,POINT (-87.66548683537 41.937807343704)
faaca5946c7e7cfa04ef5a3ed1e4182cfa88e2b88345940fc542752626711763070f632bafee3fff614d5267ddb3ea17889b106e0eb3745aec47a39523af18e4,JC548685,,12/16/2019 9:00,30,NO CONTROLS,NO CONTROLS,CLEAR,DAYLIGHT,REAR TO FRONT,NOT DIVIDED,,STRAIGHT AND LEVEL,DRY,NO DEFECTS,ON SCENE,NO INJURY / DRIVE AWAY,,,,"OVER $1,500",12/16/2019 9:34,IMPROPER BACKING,NOT APPLICABLE,7900,S,CALIFORNIA AVE,835,,,,,,,2,NO INDICATION OF INJURY,0,0,0,0,0,2,0,9,2,12,41.74976704,-87.6927691,POINT (-87.692769103799 41.74976703698)
fb297165e0a677b4b89da687d19e34c464447eb96989df50691c5f18799962803c48a28cdb8b874abcc1bac00713bf512435246a6086a5858129711784bb3507,JD321918,,8/5/2020 16:52,35,NO CONTROLS,NO CONTROLS,CLEAR,DAYLIGHT,REAR TO FRONT,NOT DIVIDED,,STRAIGHT AND LEVEL,DRY,NO DEFECTS,ON SCENE,NO INJURY / DRIVE AWAY,,,,$500 OR LESS,8/5/2020 16:52,IMPROPER BACKING,NOT APPLICABLE,2405,W,PETERSON AVE,2011,,,,,,,2,NO INDICATION OF INJURY,0,0,0,0,0,3,0,16,4,8,41.99038745,-87.68989819,POINT (-87.689898188965 41.990387452109)
f9fe5e71891941663c8a4101a450e7e50c96cc7353b5d9706de215f62737bf30834f00da8fb24acaab6f6a90589a05550e2c077c8fdd385096cd8cce08574073,JB323475,,6/26/2018 13:15,30,NO CONTROLS,NO CONTROLS,CLEAR,DAYLIGHT,FIXED OBJECT,ALLEY,1,STRAIGHT AND LEVEL,DRY,NO DEFECTS,ON SCENE,NO INJURY / DRIVE AWAY,,,,$500 OR LESS,6/26/2018 13:20,UNABLE TO DETERMINE,NOT APPLICABLE,5714,N,KEYSTONE AVE,1711,,,,,,,1,NO INDICATION OF INJURY,0,0,0,0,0,1,0,13,3,6,41.98478161,-87.72985015,POINT (-87.729850146852 41.984781609111)
fad23ff72713fe443693564b3c9200c171ffd0a59e5b2ed9b35f76f55c629c3eb8c80f77193a2a4882e4ba57ee87d890edecbe2d95cd8a33da34f8c86024bc78,JB463632,,10/5/2018 13:35,30,NO CONTROLS,NO CONTROLS,RAIN,DAYLIGHT,PEDESTRIAN,ONE-WAY,,STRAIGHT AND LEVEL,WET,NO DEFECTS,ON SCENE,INJURY AND / OR TOW DUE TO CRASH,,,,$500 OR LESS,10/5/2018 13:38,NOT APPLICABLE,NOT APPLICABLE,4035,W,HARRISON ST,1132,,,,,,,2,NONINCAPACITATING INJURY,1,0,0,1,0,1,0,13,6,10,41.87332208,-87.72683499,POINT (-87.726834986515 41.873322082106)
fbeb5e5c0a3915363c7f123559209d61281658f2cf7703248ce2b455bae03175e94ab0932262150e4b6ed4c871e403534849fe211bdb755d42fac732fb362411,JC392622,,8/14/2019 17:45,30,OTHER,OTHER,CLEAR,DAYLIGHT,PARKED MOTOR VEHICLE,NOT DIVIDED,,STRAIGHT AND LEVEL,DRY,NO DEFECTS,ON SCENE,NO INJURY / DRIVE AWAY,,,Y,"$501 - $1,500",8/14/2019 18:45,UNABLE TO DETERMINE,NOT APPLICABLE,15,W,HUBBARD ST,1831,,,,,,,2,NO INDICATION OF INJURY,0,0,0,0,0,2,0,17,4,8,41.8899462,-87.62858931,POINT (-87.628589306292 41.889946196684)
fbda84ce372a4f07c93d41b678b1aaf20ccdbda95c94c86feed4a81d036413de7e2b85aefbac46cbd29b3ecf2c0b67115b58417edd6cfcc33b430de98a7fb02b,JC315392,,6/21/2019 6:50,30,NO CONTROLS,NO CONTROLS,CLEAR,DAYLIGHT,ANGLE,NOT DIVIDED,,STRAIGHT AND LEVEL,DRY,NO DEFECTS,ON SCENE,INJURY AND / OR TOW DUE TO CRASH,,,,"OVER $1,500",6/21/2019 7:00,UNABLE TO DETERMINE,NOT APPLICABLE,1900,W,CONGRESS PKWY,1225,,,,,,,2,NO INDICATION OF INJURY,0,0,0,0,0,2,0,6,6,6,41.87516579,-87.67417708,POINT (-87.674177082984 41.875165792803)
fc9acf5b81c6b95cdee3e51d733b3a94b5db5ba7a002f55a07558fb399c0988bec0decc925b86aa20d727b64267c3ec3de884f6a887b73808b9c9ff10191a70c,JC312698,,6/19/2019 10:00,15,NO CONTROLS,NO CONTROLS,CLEAR,DAYLIGHT,OTHER OBJECT,ALLEY,,STRAIGHT ON GRADE,DRY,WORN SURFACE,ON SCENE,NO INJURY / DRIVE AWAY,,,,"OVER $1,500",6/19/2019 10:04,UNABLE TO DETERMINE,NOT APPLICABLE,1,E,WACKER DR,111,,,,,,,1,NO INDICATION OF INJURY,0,0,0,0,0,1,0,10,4,6,41.88670756,-87.62788348,POINT (-87.627883478402 41.88670755507)
fbaf81d5efe76230e1b0e4c2aea7e5b617ca88ea0ef4e2b791af797485aa26b98c131903ba715cde2d43360b6ce2a03f0c8acb480e6b2108b5cb2900f6788f15,JB337755,,7/6/2018 10:30,0,NO CONTROLS,NO CONTROLS,CLEAR,DAYLIGHT,PARKED MOTOR VEHICLE,PARKING LOT,,STRAIGHT AND LEVEL,DRY,NO DEFECTS,ON SCENE,NO INJURY / DRIVE AWAY,,Y,,$500 OR LESS,7/6/2018 11:23,IMPROPER BACKING,NOT APPLICABLE,4300,S,HALSTED ST,925,,,,,,,2,NO INDICATION OF INJURY,0,0,0,0,0,1,0,10,6,7,41.81611303,-87.64587156,POINT (-87.645871563037 41.816113029851)
fc50303347dc5c94a070f5c185a47f2e278ee9bb9cc4d58bf3b99dae2289ede3388fd543b754ea1a30fcf2326ed655825909d2d7dc9ed0e26f3d32f8a60f37a9,JE261340,,6/10/2021 20:10,35,TRAFFIC SIGNAL,UNKNOWN,CLEAR,DUSK,HEAD ON,FOUR WAY,,STRAIGHT AND LEVEL,DRY,UNKNOWN,ON SCENE,INJURY AND / OR TOW DUE TO CRASH,,,,"OVER $1,500",6/10/2021 20:15,NOT APPLICABLE,NOT APPLICABLE,1800,W,87TH ST,614,,,,,,,2,"REPORTED, NOT EVIDENT",2,0,0,0,2,3,0,20,5,6,41.7358339,-87.66798786,POINT (-87.667987863621 41.735833895809)
fb0dc1a988fc699a3f2319d8445b6b012c46f4cea981a0460749e4e4830c190ac99d6a73aed459c380642c3706307f3b429c0bac558e2dbb78492034d8f19f47,JC454546,Y,9/29/2019 22:00,15,NO CONTROLS,NO CONTROLS,RAIN,"DARKNESS, LIGHTED ROAD",FIXED OBJECT,PARKING LOT,,STRAIGHT AND LEVEL,WET,NO DEFECTS,NOT ON SCENE (DESK REPORT),NO INJURY / DRIVE AWAY,,Y,,"OVER $1,500",9/30/2019 15:05,UNABLE TO DETERMINE,NOT APPLICABLE,524,W,OHARE ST,1654,,,,,,,1,NO INDICATION OF INJURY,0,0,0,0,0,1,0,22,1,9,,,
fa4b47f3d07f313add9a29380c138e50c2741e82dd31bfaa67a28a12c73f9d3be517d38979281b9e73c5d873b34d93545ab12570a2644de8f5fde586a04c8d1f,JB543643,,12/7/2018 12:08,30,OTHER,OTHER,CLEAR,DAYLIGHT,TURNING,OTHER,,STRAIGHT AND LEVEL,DRY,NO DEFECTS,ON SCENE,NO INJURY / DRIVE AWAY,,,,"OVER $1,500",12/7/2018 12:08,IMPROPER TURNING/NO SIGNAL,NOT APPLICABLE,599,S,LOWER WACKER DR,123,,,,,,,2,NO INDICATION OF INJURY,0,0,0,0,0,2,0,12,6,12,41.87462255,-87.63498412,POINT (-87.634984123544 41.874622547614)
fb706c578c1d6a342c24218b826006bfe4d38762a41dfe8c2aa764d5726d58a472314d7544a81549be2793beab17ee7a1ed4c2f3a6c775570f56e3fb6857b1c1,JB339085,Y,7/6/2018 1:00,30,UNKNOWN,UNKNOWN,UNKNOWN,UNKNOWN,ANGLE,ONE-WAY,2,STRAIGHT AND LEVEL,UNKNOWN,UNKNOWN,,NO INJURY / DRIVE AWAY,Y,,,"$501 - $1,500",7/7/2018 8:24,NOT APPLICABLE,NOT APPLICABLE,6900,S,EAST END AVE,332,,,,,,,2,NO INDICATION OF INJURY,0,0,0,0,0,2,0,1,6,7,41.76964116,-87.58301898,POINT (-87.583018980112 41.769641155109)
fc117b6abf8503e5126b349acd623de3ed244cb2c0798ef0d6d9feb5b532fdfa2413d4db01895936cfa013f3fc6b2518381740b0c76e80686eb6822ecad9bf95,JF127644,,1/29/2022 10:16,30,NO CONTROLS,NO CONTROLS,CLEAR,DAYLIGHT,REAR END,FOUR WAY,,STRAIGHT AND LEVEL,WET,NO DEFECTS,ON SCENE,NO INJURY / DRIVE AWAY,Y,,Y,"OVER $1,500",1/29/2022 10:20,FOLLOWING TOO CLOSELY,UNABLE TO DETERMINE,2932,W,59TH ST,824,,,,,,,2,NO INDICATION OF INJURY,0,0,0,0,0,2,0,10,7,1,41.78645606,-87.69731796,POINT (-87.697317957166 41.78645605761)
ffe522aaf76c952b0cb688b4d4558397d0276d54bfca383e1fb1252436d9a26c1038fbc320102e205f4889d5297bccfda53c46e1665fed070483484749c96fd8,JC425270,,9/8/2019 19:45,35,NO CONTROLS,NO CONTROLS,CLEAR,"DARKNESS, LIGHTED ROAD",REAR END,DIVIDED - W/MEDIAN BARRIER,,"CURVE, LEVEL",DRY,NO DEFECTS,ON SCENE,NO INJURY / DRIVE AWAY,,,,"$501 - $1,500",9/8/2019 19:50,DISTRACTION - FROM OUTSIDE VEHICLE,NOT APPLICABLE,13,W,I190 EXPY,1654,,,,,,,2,NO INDICATION OF INJURY,0,0,0,0,0,2,0,19,1,9,,,
fe3fd8b9125addbbfc453a99de9a2dd0666b0bb8c1a15a5699bd2b792910259e4c274cde6dcbd022eea7029c5f31f4cfceeef3b2c05cb44baca6f12466801d47,JE285359,,6/30/2021 18:50,10,OTHER REG. SIGN,FUNCTIONING PROPERLY,CLEAR,DAYLIGHT,REAR END,RAMP,,STRAIGHT ON GRADE,DRY,NO DEFECTS,ON SCENE,NO INJURY / DRIVE AWAY,,,Y,"OVER $1,500",6/30/2021 18:58,FAILING TO REDUCE SPEED TO AVOID CRASH,NOT APPLICABLE,215,N,FIELD BLVD,114,,,,,,,2,NO INDICATION OF INJURY,0,0,0,0,0,3,0,18,4,6,,,
fe41b546e3e504db87d45c0b80ecce68190009fb8ef540df65c7418e4b8ccfc57f87213e3bb97d663abbdef3c5019f8893b328c53cd65b1a8cf0fdc3d63449df,JE175587,,3/21/2021 18:50,30,NO CONTROLS,NO CONTROLS,CLEAR,DAWN,PARKED MOTOR VEHICLE,NOT DIVIDED,,STRAIGHT AND LEVEL,DRY,NO DEFECTS,ON SCENE,NO INJURY / DRIVE AWAY,,,,"OVER $1,500",3/21/2021 18:57,UNABLE TO DETERMINE,UNABLE TO DETERMINE,8426,S,LAWNDALE AVE,834,,,,,,,2,,,,,,,,,18,1,3,41.73959546,-87.71443374,POINT (-87.714433743896 41.739595460371)
fe6625387584f228ef20baacbb17cab77c4cd6926a036c58f51a11dcd8750caba8e94a82b0742679a2731827ac7bad3c3a39199d0e42ecd17f2b4acd874ad055,JC280576,,5/27/2019 12:25,30,NO CONTROLS,NO CONTROLS,CLEAR,DAYLIGHT,PARKED MOTOR VEHICLE,PARKING LOT,,STRAIGHT AND LEVEL,DRY,NO DEFECTS,ON SCENE,NO INJURY / DRIVE AWAY,,,Y,"OVER $1,500",5/27/2019 12:31,IMPROPER BACKING,NOT APPLICABLE,500,W,ROOSEVELT RD,124,,,,,,,2,NO INDICATION OF INJURY,0,0,0,0,0,1,0,12,2,5,41.86736269,-87.6392932,POINT (-87.639293194642 41.867362692617)
ffad0d2506f0185b2198bbdf2f7a7eabde8d63cddc88028475f7cf2e0698f58da22ae6bea4b684d4b8ba327073b970c5222a3eff0aa91fc16513a6e796184635,JE458282,,11/27/2021 11:45,20,NO CONTROLS,NO CONTROLS,CLEAR,DAYLIGHT,TURNING,ALLEY,,STRAIGHT AND LEVEL,DRY,NO DEFECTS,ON SCENE,NO INJURY / DRIVE AWAY,,,Y,"OVER $1,500",11/27/2021 12:05,UNABLE TO DETERMINE,UNABLE TO DETERMINE,6800,S,OGLESBY AVE,331,,,,,,,2,NO INDICATION OF INJURY,0,0,0,0,0,2,0,11,7,11,41.77162272,-87.56843865,POINT (-87.568438649536 41.771622723313)
ffd1d26460137a0a8867e7f83eaaeba12f4641593c6250092cbaee84605fe11704124cb9e25f62d5f0df18b29c993f2d341049f480cbea5db3d672540c87c0d2,JE103985,,1/5/2021 13:10,30,NO CONTROLS,NO CONTROLS,CLEAR,DAYLIGHT,ANGLE,NOT DIVIDED,,STRAIGHT AND LEVEL,DRY,NO DEFECTS,ON SCENE,NO INJURY / DRIVE AWAY,,,Y,"OVER $1,500",1/5/2021 13:17,FAILING TO YIELD RIGHT-OF-WAY,NOT APPLICABLE,2008,W,DIVISION ST,1424,,,,,,,2,NO INDICATION OF INJURY,0,0,0,0,0,3,0,13,3,1,41.90329338,-87.67768674,POINT (-87.677686735058 41.903293384298)
ff12eb5f45b430aa4912542cbb41c6831ef0a89aae82b04d3b3c41eb44264bbb5b0c80e8006b6339713247fe8bdb8c5f7ce29c5b8c0995e36b13fc4a53422dc9,JB166241,Y,2/26/2018 15:30,0,NO CONTROLS,NO CONTROLS,CLEAR,DAYLIGHT,FIXED OBJECT,OTHER,0,STRAIGHT AND LEVEL,DRY,OTHER,ON SCENE,NO INJURY / DRIVE AWAY,,Y,,"OVER $1,500",2/26/2018 16:00,UNABLE TO DETERMINE,NOT APPLICABLE,4722,W,HARRISON ST,1131,,,,,,,1,NO INDICATION OF INJURY,0,0,0,0,0,1,0,15,2,2,41.87329972,-87.74352167,POINT (-87.74352167352 41.873299724066)
fd29b2fc157e690cab54262cd184ea54ed4e7aa2321b495bb0f4d5c6c9fd56ea8074f4eaadc148c17ce1325784060eee9e39dc5ff714055fda50ad5f774b896c,JE274166,,6/21/2021 11:42,10,NO CONTROLS,NO CONTROLS,CLEAR,DAYLIGHT,PARKED MOTOR VEHICLE,PARKING LOT,,STRAIGHT AND LEVEL,DRY,NO DEFECTS,ON SCENE,NO INJURY / DRIVE AWAY,,,Y,$500 OR LESS,6/21/2021 12:12,IMPROPER BACKING,NOT APPLICABLE,7155,W,FOSTER PL,1613,,,,,,,2,NO INDICATION OF INJURY,0,0,0,0,0,1,0,11,2,6,41.97455847,-87.80661056,POINT (-87.806610560476 41.974558468993)
fccc9df59873b0cf45dd6d1394ed6687415471771e0dfc655e8136411d0967d52057686344bf64d90615cdc4a065f83bf4f742cb0ff19e0aa68a30f8535d8e02,JB558189,,12/18/2018 11:00,30,TRAFFIC SIGNAL,FUNCTIONING PROPERLY,CLEAR,DAYLIGHT,TURNING,NOT DIVIDED,,STRAIGHT AND LEVEL,DRY,NO DEFECTS,,NO INJURY / DRIVE AWAY,Y,,,"OVER $1,500",12/18/2018 11:05,IMPROPER LANE USAGE,NOT APPLICABLE,1800,W,HARRISON ST,1231,,,,,,,2,NO INDICATION OF INJURY,0,0,0,0,0,2,0,11,3,12,41.87422869,-87.67162468,POINT (-87.671624675071 41.874228688852)
ff36efbae652286811a2f0267f2d0fe0194cf893c8b3e72a0ce2d672a4f1dbd9f0944415376f15849d62bef1be708ce98cafbe3b8397d705c59751cd32ff3cd6,JC450979,,9/27/2019 18:47,30,NO CONTROLS,NO CONTROLS,RAIN,DARKNESS,FIXED OBJECT,DIVIDED - W/MEDIAN BARRIER,,STRAIGHT AND LEVEL,WET,NO DEFECTS,ON SCENE,INJURY AND / OR TOW DUE TO CRASH,,,,"OVER $1,500",9/27/2019 18:56,WEATHER,WEATHER,455,N,ASHLAND AVE,1215,,,,,,,1,NO INDICATION OF INJURY,0,0,0,0,0,1,0,18,6,9,41.89034863,-87.66697848,POINT (-87.66697848094 41.89034863124)
fef599a0cc7857c639a76052b6bfac217b6fe7f7643cab062904d9a7777b44f0e92042e2b32808e078bf3a999715838186250e66d88e64a070158ca04d520219,JC338969,,7/7/2019 18:11,30,NO CONTROLS,NO CONTROLS,CLEAR,DAYLIGHT,FIXED OBJECT,OTHER,,STRAIGHT AND LEVEL,DRY,NO DEFECTS,ON SCENE,INJURY AND / OR TOW DUE TO CRASH,,,Y,"OVER $1,500",7/7/2019 18:12,UNABLE TO DETERMINE,NOT APPLICABLE,626,E,46TH ST,221,,,,,,,1,NO INDICATION OF INJURY,0,0,0,0,0,1,0,18,1,7,41.81140698,-87.61040266,POINT (-87.61040265527 41.81140697628)
fe15a049183929e19890b0d6f0323b9fd94dd1478a0cb5071f53b62d701a4b6b23a6a171a98c0b7136a104e207e4566321f24971ec030b0e7131b7845f4f2772,JE414875,,10/19/2021 8:00,30,NO CONTROLS,NO CONTROLS,CLEAR,DAYLIGHT,PARKED MOTOR VEHICLE,ONE-WAY,,STRAIGHT AND LEVEL,DRY,WORN SURFACE,ON SCENE,INJURY AND / OR TOW DUE TO CRASH,,,Y,"OVER $1,500",10/19/2021 9:24,UNABLE TO DETERMINE,NOT APPLICABLE,9302,S,RHODES AVE,633,,,,,,,2,,,,,,,,,8,3,10,41.72541774,-87.6107501,POINT (-87.610750100439 41.725417739361)
ff0521faf60f960238e5689276324521a83551ecba9ec1248e43c905263af02c9573ebd082de4a6d3953d1332cd32b18d80f592f6c942a6de46c5573413021ad,JE471674,,12/9/2021 14:47,30,NO CONTROLS,NO CONTROLS,CLEAR,DAYLIGHT,TURNING,NOT DIVIDED,,STRAIGHT AND LEVEL,DRY,NO DEFECTS,NOT ON SCENE (DESK REPORT),NO INJURY / DRIVE AWAY,,,Y,"$501 - $1,500",12/9/2021 16:39,NOT APPLICABLE,NOT APPLICABLE,5012,S,PULASKI RD,815,,,,,,,2,NO INDICATION OF INJURY,0,0,0,0,0,2,0,14,5,12,41.80189634,-87.72355764,POINT (-87.723557640851 41.801896334541)
fdba1833bf3f982d2b7756d1bc4abe14cd0db21bdf457002516bcf9834ca4fea528dee53e53f2ed20d506c7f425ba55f82da0bedcc50b51e04654d29d5fbb187,JD151443,,2/13/2020 22:00,0,NO CONTROLS,NO CONTROLS,CLEAR,DAYLIGHT,FIXED OBJECT,RAMP,,STRAIGHT AND LEVEL,DRY,NO DEFECTS,ON SCENE,NO INJURY / DRIVE AWAY,,Y,,"OVER $1,500",2/14/2020 11:00,UNABLE TO DETERMINE,UNABLE TO DETERMINE,500,W,CERMAK RD,1235,,,,,,,1,NO INDICATION OF INJURY,0,0,0,0,0,1,0,22,5,2,41.85287169,-87.64056366,POINT (-87.640563654904 41.852871687739)
fd0354f03e1577f3a78339cdb438ce320c1992faaf992a85fae1637776a256b1fee8a909fbed775177fb6f48e31fdb008f0a6a64a256be3d6e42fe1988148900,JE197337,,4/12/2021 15:28,30,NO CONTROLS,NO CONTROLS,CLEAR,DAYLIGHT,PEDESTRIAN,NOT DIVIDED,,STRAIGHT AND LEVEL,DRY,NO DEFECTS,ON SCENE,NO INJURY / DRIVE AWAY,Y,,,"OVER $1,500",4/12/2021 15:28,UNABLE TO DETERMINE,UNABLE TO DETERMINE,239,E,51ST ST,231,,,,,,,2,NO INDICATION OF INJURY,0,0,0,0,0,2,0,15,2,4,41.80194204,-87.61948518,POINT (-87.619485180885 41.801942038482)
fcdc6bfebf37013689d44ca5d1fb94a69c7a73379677b9a775bfe96346c1ad60c66d35cffc9215b78e0c5a338a49e4690dc11a9bd9ee331d067a220149dc881a,JD303879,Y,7/19/2020 16:00,30,NO CONTROLS,NO CONTROLS,CLEAR,UNKNOWN,PARKED MOTOR VEHICLE,OTHER,,"CURVE, LEVEL",DRY,NO DEFECTS,ON SCENE,NO INJURY / DRIVE AWAY,,Y,,"$501 - $1,500",7/20/2020 13:25,UNABLE TO DETERMINE,UNABLE TO DETERMINE,401,N,STATE ST,1834,,,,,,,2,NO INDICATION OF INJURY,0,0,0,0,0,1,0,16,1,7,41.88926542,-87.62786766,POINT (-87.627867657864 41.889265415961)