CRASH_RECORD_ID,RD_NO,CRASH_DATE_EST_I,CRASH_DATE,POSTED_SPEED_LIMIT,TRAFFIC_CONTROL_DEVICE,DEVICE_CONDITION,WEATHER_CONDITION,LIGHTING_CONDITION,FIRST_CRASH_TYPE,TRAFFICWAY_TYPE,LANE_CNT,ALIGNMENT,ROADWAY_SURFACE_COND,ROAD_DEFECT,REPORT_TYPE,CRASH_TYPE,INTERSECTION_RELATED_I,NOT_RIGHT_OF_WAY_I,HIT_AND_RUN_I,DAMAGE,DATE_POLICE_NOTIFIED,PRIM_CONTRIBUTORY_CAUSE,SEC_CONTRIBUTORY_CAUSE,STREET_NO,STREET_DIRECTION,STREET_NAME,BEAT_OF_OCCURRENCE,PHOTOS_TAKEN_I,STATEMENTS_TAKEN_I,DOORING_I,WORK_ZONE_I,WORK_ZONE_TYPE,WORKERS_PRESENT_I,NUM_UNITS,MOST_SEVERE_INJURY,INJURIES_TOTAL,INJURIES_FATAL,INJURIES_INCAPACITATING,INJURIES_NON_INCAPACITATING,INJURIES_REPORTED_NOT_EVIDENT,INJURIES_NO_INDICATION,INJURIES_UNKNOWN,CRASH_HOUR,CRASH_DAY_OF_WEEK,CRASH_MONTH,LATITUDE,LONGITUDE,LOCATION
feb2341d1b098ce5addb2e48325f9f38aa507db2b59dcd9c6ca81c8a02de663a4f482945dfeccc8b1cc166bbc0c04c4bcdbb9688e4ae7daefca7c551b244145a,JA135500,,1/30/2017 14:45,30,NO CONTROLS,NO CONTROLS,CLEAR,DAYLIGHT,REAR END,NOT DIVIDED,,STRAIGHT AND LEVEL,DRY,NO DEFECTS,NOT ON SCENE (DESK REPORT),NO INJURY / DRIVE AWAY,,,,"$501 - $1,500",1/30/2017 15:22,NOT APPLICABLE,NOT APPLICABLE,7200,S,PULASKI RD,833,,,,,,,2,NO INDICATION OF INJURY,0,0,0,0,0,3,0,14,2,1,41.76226472,-87.72245397,POINT (-87.722453971591 41.762264717729)
fcfb1f1be16dd5dce0420e38b6b6104a5426b826427bfc82174055609fbde63791282504c36e8cad01ec6152301eabaa00f94022e7fbb3f91170c095530d3a91,JE304560,,7/17/2021 13:30,30,NO CONTROLS,NO CONTROLS,CLEAR,DAYLIGHT,ANGLE,NOT DIVIDED,,STRAIGHT AND LEVEL,DRY,UNKNOWN,NOT ON SCENE (DESK REPORT),NO INJURY / DRIVE AWAY,,,,"OVER $1,500",7/17/2021 14:00,UNABLE TO DETERMINE,NOT APPLICABLE,4001,W,IRVING PARK RD,1732,,,,,,,2,NO INDICATION OF INJURY,0,0,0,0,0,3,0,13,7,7,41.95353736,-87.72769519,POINT (-87.727695188773 41.953537356864)
fdd688604e784a50bd9195cf861d73f536e88224d2ee1e0643a0d1556b34ae64fc34f4b073177590e103d4cad14c6b84ba89aa5badc8fdcd7340e9e8c424dd01,JF160970,,3/2/2022 14:00,30,NO CONTROLS,NO CONTROLS,CLEAR,DAYLIGHT,SIDESWIPE SAME DIRECTION,NOT DIVIDED,,STRAIGHT AND LEVEL,DRY,NO DEFECTS,NOT ON SCENE (DESK REPORT),NO INJURY / DRIVE AWAY,,,,"OVER $1,500",3/2/2022 14:38,IMPROPER OVERTAKING/PASSING,NOT APPLICABLE,2501,E,71ST ST,334,,,,,,,2,NO INDICATION OF INJURY,0,0,0,0,0,2,0,14,4,3,,,
fde9fe5d1221b373f523ef9ed833332d26b9551362f301852428600c191d4e8a2cdcc2f512251190a3b3b3090e9d00c152dfc8c3c5343a55c01cac01d85afa83,JF307569,,7/6/2022 12:55,15,NO CONTROLS,NO CONTROLS,CLEAR,DAYLIGHT,FIXED OBJECT,OTHER,,"CURVE, LEVEL",UNKNOWN,UNKNOWN,ON SCENE,NO INJURY / DRIVE AWAY,,,,$500 OR LESS,7/6/2022 14:55,NOT APPLICABLE,NOT APPLICABLE,5800,N,RAVENSWOOD AVE,2012,,,,,,,1,NO INDICATION OF INJURY,0,0,0,0,0,2,0,12,4,7,41.98679683,-87.67475406,POINT (-87.674754058202 41.986796828094)
fcd37e79abbe51d3ddef92d1de363abbaf05fb5febd3bab0891d54a7b6c4b56125068bf9481941a965bb8362f9c05a5402cea2da914e853f5e071733adbd8888,JC225272,,4/15/2019 12:00,30,STOP SIGN/FLASHER,FUNCTIONING PROPERLY,CLEAR,DAYLIGHT,TURNING,NOT DIVIDED,,STRAIGHT AND LEVEL,DRY,NO DEFECTS,ON SCENE,NO INJURY / DRIVE AWAY,Y,,,$500 OR LESS,4/15/2019 12:05,UNABLE TO DETERMINE,NOT APPLICABLE,10800,S,AVENUE O,432,,,,,,,2,NO INDICATION OF INJURY,0,0,0,0,0,2,0,12,2,4,41.69904227,-87.54023307,POINT (-87.540233070295 41.699042269751)
259a0c66ed14ce7e4905dd00489ceb53fc5bee314086a8405cb30e1563ea01d7a2a5133b324b920293c22ca04d0f887ccec296d3337624d09e1d4edc7287cf04,JG203201,,3/20/2023 14:58,20,NO CONTROLS,NO CONTROLS,CLEAR,DAYLIGHT,PARKED MOTOR VEHICLE,PARKING LOT,,STRAIGHT AND LEVEL,UNKNOWN,UNKNOWN,NOT ON SCENE (DESK REPORT),NO INJURY / DRIVE AWAY,,Y,Y,"OVER $1,500",3/29/2023 10:00,NOT APPLICABLE,NOT APPLICABLE,1232,W,NORTH AVE,1433,,,,,,,2,,,,,,,,,14,2,3,41.91087554,-87.65827824,POINT (-87.658278239858 41.910875543991)
72e98c363155fe23eb057066421cb641fdcb57287aa6bbf547503cd4d2d395bcbc5523237e55a7bff631725f363a251bd9acafebcd2f0d0b6bed5292fe2bdcfe,JF377120,,8/31/2022 7:20,30,NO CONTROLS,NO CONTROLS,CLEAR,DAYLIGHT,PEDESTRIAN,ONE-WAY,,STRAIGHT AND LEVEL,DRY,UNKNOWN,ON SCENE,INJURY AND / OR TOW DUE TO CRASH,,,,"$501 - $1,500",8/31/2022 7:30,NOT APPLICABLE,NOT APPLICABLE,653,N,ST CLAIR ST,1834,,,,,,,2,NONINCAPACITATING INJURY,1,0,0,1,0,1,0,7,4,8,41.89411838,-87.62258593,POINT (-87.622585930853 41.894118381117)
9f2e50a5084064f879f0b24a43abdee7e76a92cecb34a6e0c2eb42e98c14eda782a6d67e42eb9ed4cd928c29fca22dea7ed3781e135814e143dfbb7934ff2bae,JG116881,,1/15/2023 5:49,30,NO CONTROLS,NO CONTROLS,CLEAR,DAYLIGHT,FIXED OBJECT,ALLEY,,STRAIGHT AND LEVEL,DRY,UNKNOWN,ON SCENE,INJURY AND / OR TOW DUE TO CRASH,,,,"OVER $1,500",1/15/2023 5:49,NOT APPLICABLE,NOT APPLICABLE,8554,S,SANGAMON ST,613,,,,,,,1,NO INDICATION OF INJURY,0,0,0,0,0,1,0,5,1,1,41.73804043,-87.6474675,POINT (-87.647467502717 41.738040429713)
caff185b0e4b672cdeda9c6bc735bcbaee88247c69e7f2f7c6df63ed940946d6e3b7f7f7fba3e9321276a683b3f6981c5431a83cd9a51d153dcab20055fdcac1,JF428387,,10/9/2022 20:31,15,TRAFFIC SIGNAL,FUNCTIONING PROPERLY,CLEAR,"DARKNESS, LIGHTED ROAD",TURNING,"FIVE POINT, OR MORE",,STRAIGHT AND LEVEL,DRY,NO DEFECTS,NOT ON SCENE (DESK REPORT),NO INJURY / DRIVE AWAY,Y,,,"OVER $1,500",10/9/2022 20:43,FAILING TO YIELD RIGHT-OF-WAY,NOT APPLICABLE,172,N,BESSIE COLEMAN DR,1654,,,,,,,2,NO INDICATION OF INJURY,0,0,0,0,0,2,0,20,1,10,,,
769b482575a62679ad82e59f824c9d5adcb24374e01b91c1062883f1dff43eedd5ac43b9f326f5ff7c3735aaea9339baf69288f6327e5173508919b80981fdd2,JG131695,,1/27/2023 15:30,30,UNKNOWN,UNKNOWN,UNKNOWN,UNKNOWN,REAR END,UNKNOWN,,STRAIGHT AND LEVEL,UNKNOWN,UNKNOWN,NOT ON SCENE (DESK REPORT),NO INJURY / DRIVE AWAY,,,,"OVER $1,500",1/27/2023 16:20,UNABLE TO DETERMINE,NOT APPLICABLE,8130,W,CATHERINE AVE,1614,,,,,,,2,NO INDICATION OF INJURY,0,0,0,0,0,2,0,15,6,1,41.9774292,-87.83062462,POINT (-87.830624618164 41.977429199991)
2406647b2cb331d2186a4f985a675e89672cc16516e34025038d0debe1937f21f4535983ae4eedf90fdbdc42f8578a55584c76a41d4cd3b9422e09ccde8368bb,JF520355,,12/22/2022 20:35,30,NO CONTROLS,FUNCTIONING PROPERLY,SNOW,DARKNESS,FIXED OBJECT,NOT DIVIDED,,STRAIGHT AND LEVEL,SNOW OR SLUSH,UNKNOWN,ON SCENE,INJURY AND / OR TOW DUE TO CRASH,,,Y,"OVER $1,500",12/22/2022 20:39,UNABLE TO DETERMINE,NOT APPLICABLE,5106,N,BROADWAY,2033,,,,,,,1,,,,,,,,,20,5,12,41.97480546,-87.65997465,POINT (-87.659974651381 41.97480545516)
88f6f7a38a1537ab735fe50a31e96047d8d49f222da2109bf019ac4ecdcbd1196125b6ca2e96a0c37b4200596208d4187e16d0f0b2ae51dbd97dc802192aa014,JF473917,,11/14/2022 7:40,15,NO CONTROLS,NO CONTROLS,CLEAR,DAYLIGHT,OTHER OBJECT,PARKING LOT,,STRAIGHT AND LEVEL,DRY,WORN SURFACE,ON SCENE,NO INJURY / DRIVE AWAY,,,,"$501 - $1,500",11/14/2022 7:45,"VISION OBSCURED (SIGNS, TREE LIMBS, BUILDINGS, ETC.)",NOT APPLICABLE,1,W,PARKING LOT D ST,1654,,,,,,,1,NO INDICATION OF INJURY,0,0,0,0,0,1,0,7,2,11,,,
727faa0c9afc5b265e7dbc18861406c4ef34cff4ed888795db26b30627108336440e872340938a4842684cc3e2c64bac583cd0623711e468bacc37a1fb6d2256,JG120800,,1/18/2023 14:25,30,UNKNOWN,UNKNOWN,UNKNOWN,UNKNOWN,ANGLE,T-INTERSECTION,,STRAIGHT AND LEVEL,DRY,UNKNOWN,NOT ON SCENE (DESK REPORT),NO INJURY / DRIVE AWAY,Y,,,$500 OR LESS,1/18/2023 15:00,NOT APPLICABLE,NOT APPLICABLE,1300,N,SEDGWICK ST,1821,,,,,,,2,NO INDICATION OF INJURY,0,0,0,0,0,2,0,14,4,1,41.9055478,-87.63856412,POINT (-87.638564123055 41.905547800213)
6b3a0f6a9d419a9604f8fcd5001d03c881c7e095b63210f4d875610b1042625ab2f1a5f90198c22d6e254774df26e3e064aa9902f34e7962de0948d5a66a36e9,JF412246,,9/27/2022 8:41,35,NO CONTROLS,NO CONTROLS,CLEAR,DAYLIGHT,FIXED OBJECT,NOT DIVIDED,,STRAIGHT AND LEVEL,UNKNOWN,UNKNOWN,ON SCENE,NO INJURY / DRIVE AWAY,,,,"OVER $1,500",9/27/2022 8:51,NOT APPLICABLE,UNABLE TO DETERMINE,2130,S,KEDZIE AVE,1022,,,,,,,1,NO INDICATION OF INJURY,0,0,0,0,0,1,0,8,3,9,41.8527266,-87.70543011,POINT (-87.705430106337 41.852726595957)
358b23c90441e6bca5dfad12679c42e2ae0069c88016460450dcbfb36dc7d69470019bafca0861f44ab1288dd12c1c9623d045ce732bd0c35238bc1100b417ba,JG119597,,1/17/2023 15:05,55,NO CONTROLS,NO CONTROLS,CLEAR,DAYLIGHT,REAR END,DIVIDED - W/MEDIAN BARRIER,,"CURVE, LEVEL",DRY,NO DEFECTS,ON SCENE,INJURY AND / OR TOW DUE TO CRASH,,,Y,"OVER $1,500",1/17/2023 15:07,FAILING TO REDUCE SPEED TO AVOID CRASH,FOLLOWING TOO CLOSELY,6600,S,CHICAGO SKYWAY OB,312,,,,,,,2,NO INDICATION OF INJURY,0,0,0,0,0,2,0,15,3,1,,,
7434adcdb7ba5bbc6f95d69cac8aeb5a04e265d53c03ecd32ce2f1b56ffc4cbd15e9acd34b58b5bb4821f41f41c65b6c3333a98864e31d1166c132d27c48ff72,JF399439,,9/17/2022 7:40,30,NO CONTROLS,NO CONTROLS,CLEAR,DAYLIGHT,OTHER OBJECT,ONE-WAY,,STRAIGHT AND LEVEL,DRY,NO DEFECTS,ON SCENE,NO INJURY / DRIVE AWAY,,,,"$501 - $1,500",9/17/2022 8:30,NOT APPLICABLE,NOT APPLICABLE,5435,S,SAYRE AVE,811,,,,,,,1,,,,,,,,,7,7,9,41.79295942,-87.79633563,POINT (-87.796335627357 41.792959422071)
b78dc443b71e3730e75d33926dd3f730166916b0364b5e6ab0f72303be968919e38353e7e15014412913120838f66b48753c36a874bb528d6645244dae3468f2,JG333634,,7/9/2023 0:00,30,TRAFFIC SIGNAL,FUNCTIONING PROPERLY,CLEAR,"DARKNESS, LIGHTED ROAD",TURNING,"FIVE POINT, OR MORE",,STRAIGHT AND LEVEL,DRY,UNKNOWN,NOT ON SCENE (DESK REPORT),NO INJURY / DRIVE AWAY,Y,,Y,"OVER $1,500",7/9/2023 7:35,UNABLE TO DETERMINE,UNABLE TO DETERMINE,1798,N,LA SALLE DR,1814,,,,,,,2,NO INDICATION OF INJURY,0,0,0,0,0,3,0,0,1,7,,,
4203c3b49ce666ecb2fa52001df70c315b57902f1047606e39c5f5063bd5c7abf293f74140602c9bcabb8405b019a025837cbc5aabbb196ae46c90e523a71679,JG334451,,7/9/2023 20:26,30,UNKNOWN,UNKNOWN,UNKNOWN,UNKNOWN,SIDESWIPE SAME DIRECTION,NOT DIVIDED,,STRAIGHT AND LEVEL,UNKNOWN,UNKNOWN,ON SCENE,INJURY AND / OR TOW DUE TO CRASH,,,,"OVER $1,500",7/9/2023 21:14,NOT APPLICABLE,NOT APPLICABLE,600,N,WABASH AVE,1834,,,,,,,2,NO INDICATION OF INJURY,0,0,0,0,0,3,0,20,1,7,41.89253115,-87.62689596,POINT (-87.626895964473 41.892531148205)
58cf2386e97895730fdc554fae78bb56b242f3df01fb32b57a41d1f296313ed03508a038b61ce0a695eedf2828353a801675b3443a232cdeb43431ce6280f5ab,JF429801,,11/30/2022 8:15,35,UNKNOWN,UNKNOWN,UNKNOWN,UNKNOWN,REAR END,UNKNOWN,,STRAIGHT AND LEVEL,UNKNOWN,UNKNOWN,NOT ON SCENE (DESK REPORT),NO INJURY / DRIVE AWAY,,,Y,$500 OR LESS,11/30/2022 9:25,UNABLE TO DETERMINE,NOT APPLICABLE,1959,E,75TH ST,414,,,,,,,2,NO INDICATION OF INJURY,0,0,0,0,0,2,0,8,4,11,41.75876596,-87.57620054,POINT (-87.576200544465 41.758765955214)
5d144a4def2a3b1fd6ac29ce138574f0ad7f31c5372de43b89fe4a4f85ee0657b7183750907e582173d6c706a95475b500971cdef2f79fa0875506e78acafd9c,JF465036,,11/6/2022 20:45,35,UNKNOWN,UNKNOWN,CLEAR,"DARKNESS, LIGHTED ROAD",TURNING,FOUR WAY,,STRAIGHT AND LEVEL,DRY,UNKNOWN,ON SCENE,NO INJURY / DRIVE AWAY,Y,,,"OVER $1,500",11/6/2022 20:50,UNABLE TO DETERMINE,UNABLE TO DETERMINE,64,E,24TH ST,131,,,,,,,2,NO INDICATION OF INJURY,0,0,0,0,0,3,0,20,1,11,41.84938587,-87.62452807,POINT (-87.624528065297 41.849385872333)
5618befe0c9ce7ad42e92926d410c1f8f3c800e2a62b48e16db48c3ab8bdd260f78640e54cc7520bba3a93c8380d8f66c29a3c0bd2610eeb9a9382c242a6d793,JG122906,,1/20/2023 9:30,25,NO CONTROLS,NO CONTROLS,RAIN,DAYLIGHT,FIXED OBJECT,ONE-WAY,,"CURVE, LEVEL",WET,"RUT, HOLES",ON SCENE,INJURY AND / OR TOW DUE TO CRASH,,,,"OVER $1,500",1/20/2023 9:30,UNABLE TO DETERMINE,NOT APPLICABLE,969,N,LAKE SHORE DR,1833,,,,,,,1,NO INDICATION OF INJURY,0,0,0,0,0,1,0,9,6,1,41.90058941,-87.61942413,POINT (-87.619424132946 41.90058941085)
fb5be3462580508639bde048408d1679dbca4287e90d21fc29e2e7770e2a3de9c9199bd5608fc826113a00d1849b3297f9eef6fe8cea88eca053f84f7951ae67,JF492500,,11/29/2022 23:30,20,NO CONTROLS,NO CONTROLS,OTHER,"DARKNESS, LIGHTED ROAD",ANGLE,PARKING LOT,,STRAIGHT AND LEVEL,DRY,NO DEFECTS,ON SCENE,NO INJURY / DRIVE AWAY,,,,"OVER $1,500",11/29/2022 23:35,FAILING TO YIELD RIGHT-OF-WAY,FAILING TO YIELD RIGHT-OF-WAY,514,W,OHARE ST,1654,,,,,,,2,NO INDICATION OF INJURY,0,0,0,0,0,2,0,23,3,11,,,
bca4c72b6e4d251e999fb5ee3e01b0726781cc573057d9e3da088c617df26d7d0a9c50c3ed262c8015afc0c6540095d024c23d16bc888aaa4f82180f81952c6d,JF434661,,10/14/2022 17:00,30,TRAFFIC SIGNAL,UNKNOWN,CLEAR,DAYLIGHT,REAR END,ONE-WAY,,STRAIGHT AND LEVEL,DRY,UNKNOWN,NOT ON SCENE (DESK REPORT),NO INJURY / DRIVE AWAY,,,,"$501 - $1,500",10/14/2022 18:00,UNABLE TO DETERMINE,NOT APPLICABLE,858,N,CLARK ST,1832,,,,,,,2,NO INDICATION OF INJURY,0,0,0,0,0,2,0,17,6,10,41.89837983,-87.63143731,POINT (-87.631437310678 41.898379825778)
2a3ac071c14efd0bf6b918a7111748d75623b0fd98952366c8d981d79728732a2ad629ba4d9c7d946ab391737ad9ad9699c22bf6d0c7bb3060fd25c93d06577f,JG124326,,1/21/2023 13:38,20,NO CONTROLS,NO CONTROLS,CLEAR,DAYLIGHT,FIXED OBJECT,NOT DIVIDED,,STRAIGHT AND LEVEL,DRY,NO DEFECTS,ON SCENE,INJURY AND / OR TOW DUE TO CRASH,,,Y,"OVER $1,500",1/21/2023 13:38,UNABLE TO DETERMINE,NOT APPLICABLE,2102,W,MONROE ST,1223,,,,,,,1,,,,,,,,,13,7,1,41.88008155,-87.67925525,POINT (-87.679255249766 41.880081546495)
ad12629327097cdeb243dbcbc5d2151def3759ca44ae2035bb1e1b5cd6306fec0844c557f042ebbdb8cf4e6378887a77e2c50be7a6816490cee2876a2ed6f968,JF495269,,11/30/2022 19:00,20,NO CONTROLS,NO CONTROLS,UNKNOWN,UNKNOWN,PARKED MOTOR VEHICLE,ONE-WAY,,STRAIGHT AND LEVEL,UNKNOWN,UNKNOWN,,NO INJURY / DRIVE AWAY,,,Y,"OVER $1,500",12/2/2022 10:30,UNABLE TO DETERMINE,NOT APPLICABLE,808,W,JUNIOR TER,1915,,,,,,,2,NO INDICATION OF INJURY,0,0,0,0,0,1,0,19,4,11,41.96047272,-87.6502817,POINT (-87.650281702408 41.960472722508)
dcd425cc6b7a6b3d74f31ef42938467b4353fa3ef2f84414c412fd843a5d6685d6876a1575344df51db2d9c941dbe63d58228b6d663374ae4c66328940800128,JF494371,,12/1/2022 14:55,20,NO CONTROLS,NO CONTROLS,CLEAR,DAYLIGHT,PARKED MOTOR VEHICLE,NOT DIVIDED,,STRAIGHT ON GRADE,DRY,NO DEFECTS,ON SCENE,NO INJURY / DRIVE AWAY,,,,"$501 - $1,500",12/1/2022 14:56,UNABLE TO DETERMINE,UNABLE TO DETERMINE,5055,S,OAKLEY AVE,931,,,,,,,2,NO INDICATION OF INJURY,0,0,0,0,0,2,0,14,5,12,41.80131441,-87.68164132,POINT (-87.681641319745 41.801314412284)
97aa937efb951778a9e164c307cc5654583b68f0a1d153afd00d94f33e5473d8a4d41906f3c724a98a495f81f53c35bedbfd8c4b86719cc0dd694b2e9ede2956,JF495242,,11/29/2022 18:20,30,TRAFFIC SIGNAL,FUNCTIONING PROPERLY,CLEAR,DAYLIGHT,SIDESWIPE SAME DIRECTION,NOT DIVIDED,,STRAIGHT AND LEVEL,DRY,NO DEFECTS,NOT ON SCENE (DESK REPORT),NO INJURY / DRIVE AWAY,N,,,"OVER $1,500",12/2/2022 10:08,IMPROPER OVERTAKING/PASSING,NOT APPLICABLE,1799,E,57TH DR,331,,,,N,,,2,NO INDICATION OF INJURY,0,0,0,0,0,2,0,18,3,11,,,
383cfe6384e3304a09da14fa56825ff0c0fd15341e31b3047ba2b1f4b8c901da07284330ac246a659be9e007511716dc9f5676896bc1d1304f4c7b02e9f131f2,JG164555,,2/24/2023 17:27,25,NO CONTROLS,NO CONTROLS,CLEAR,DAWN,REAR END,NOT DIVIDED,,STRAIGHT AND LEVEL,DRY,NO DEFECTS,ON SCENE,INJURY AND / OR TOW DUE TO CRASH,,,,"OVER $1,500",2/24/2023 17:28,UNABLE TO DETERMINE,UNABLE TO DETERMINE,2318,W,TOUHY AVE,2411,,,,,,,2,NO INDICATION OF INJURY,0,0,0,0,0,2,0,17,6,2,42.01237046,-87.68836864,POINT (-87.688368640995 42.012370460395)
75857b19962513e0383dbf2cd48e7a066238eeed946c7166d1705119ca744f550c7cd150e6c0aa68b5e87b943e6ada06c66420a01e21df2ccd60b97ffaf00969,JF388531,,9/8/2022 17:30,30,STOP SIGN/FLASHER,OTHER,CLEAR,DAYLIGHT,TURNING,FOUR WAY,,STRAIGHT ON GRADE,DRY,NO DEFECTS,ON SCENE,INJURY AND / OR TOW DUE TO CRASH,,,,"OVER $1,500",9/8/2022 17:32,UNABLE TO DETERMINE,NOT APPLICABLE,7901,S,CENTRAL PARK AVE,834,,,,,,,2,NONINCAPACITATING INJURY,2,0,0,2,0,1,0,17,5,9,41.74955276,-87.7117442,POINT (-87.711744197762 41.749552758392)
bd31b5e91bbdfcfd4ee390abae361334740b32817473a9ae95045e6f875cdb631b805ef49b1dca5d8f7a9e75275d679f740b39a4118f37dce86d3cc03155f43b,JG223706,,4/14/2023 12:00,55,OTHER,OTHER,CLEAR,DAYLIGHT,REAR END,DIVIDED - W/MEDIAN BARRIER,,STRAIGHT AND LEVEL,DRY,UNKNOWN,NOT ON SCENE (DESK REPORT),NO INJURY / DRIVE AWAY,,,,"OVER $1,500",4/14/2023 20:00,DRIVING SKILLS/KNOWLEDGE/EXPERIENCE,DRIVING SKILLS/KNOWLEDGE/EXPERIENCE,8800,S,CHICAGO SKYWAY OB,412,,,,,,,2,NO INDICATION OF INJURY,0,0,0,0,0,2,0,12,6,4,,,
c65144c68970c7380452be0183657e83f266de9264ec0628996199157392602f1a4e32b97ed9290c2a5a4be7e30401ccb36819e2149bcde2aa641fb85775e071,JG192563,,3/20/2023 16:00,30,NO CONTROLS,NO CONTROLS,CLEAR,DAYLIGHT,SIDESWIPE SAME DIRECTION,ONE-WAY,,STRAIGHT AND LEVEL,DRY,NO DEFECTS,ON SCENE,INJURY AND / OR TOW DUE TO CRASH,,,,"OVER $1,500",3/20/2023 16:00,NOT APPLICABLE,NOT APPLICABLE,7499,S,LAFAYETTE AVE,731,,,,,,,4,NO INDICATION OF INJURY,0,0,0,0,0,5,0,16,2,3,41.75825008,-87.62622877,POINT (-87.62622877002 41.758250077838)
ccc0a7841b3407e7e65a28cae56e0f34031133a992bffd25b19f379a982ea7d6735c1cc13b39577f6f5557fd3957eb453c8e5172bb0f09b951c661af33c4c5ea,JG223074,,4/14/2023 11:45,35,NO CONTROLS,NO CONTROLS,CLEAR,DAYLIGHT,ANGLE,ALLEY,,STRAIGHT AND LEVEL,DRY,NO DEFECTS,ON SCENE,INJURY AND / OR TOW DUE TO CRASH,Y,,,"OVER $1,500",4/14/2023 12:01,IMPROPER BACKING,NOT APPLICABLE,7141,W,WAVELAND AVE,1632,,,,,,,2,NO INDICATION OF INJURY,0,0,0,0,0,2,0,11,6,4,41.94700802,-87.8050681,POINT (-87.805068096123 41.947008019996)
19fb496ab17610d0a864f392851bc335c5faa84e624a5d0ae0c3e389746a275f94de7d2cdf319ac5566902565ec8127216dd2469a4744ef49c8b2d3988771634,JF513320,,12/16/2022 18:26,30,STOP SIGN/FLASHER,NO CONTROLS,SNOW,DARKNESS,REAR END,ONE-WAY,,STRAIGHT AND LEVEL,ICE,NO DEFECTS,ON SCENE,NO INJURY / DRIVE AWAY,,,,$500 OR LESS,12/16/2022 18:30,WEATHER,WEATHER,898,N,HOYNE AVE,1212,,,,,,,2,NO INDICATION OF INJURY,0,0,0,0,0,2,0,18,6,12,41.89764178,-87.67969771,POINT (-87.679697712091 41.897641775951)
868d67eda73e5d58c318a02bcbc110617b078f6b4e47b48e80b0794d5ba847dc4d3d1c3329ee7f2d5cf44e2660451640b11f5b774c562724694b75455b6cb125,JF469143,,11/10/2022 6:52,65,NO CONTROLS,NO CONTROLS,CLEAR,DAWN,SIDESWIPE SAME DIRECTION,DIVIDED - W/MEDIAN BARRIER,,STRAIGHT AND LEVEL,DRY,UNKNOWN,NOT ON SCENE (DESK REPORT),NO INJURY / DRIVE AWAY,,,,"OVER $1,500",11/10/2022 7:35,FAILING TO REDUCE SPEED TO AVOID CRASH,FAILING TO YIELD RIGHT-OF-WAY,10556,S,CHICAGO SKYWAY OB,432,,,,,,,2,NO INDICATION OF INJURY,0,0,0,0,0,2,0,6,5,11,,,
251192133a7d4f28aaa328b6ac4968f14654d8b52e83b8682cb5d5b3354adbf419ef1ed00333dae80c71a60bc3f1f31173a15ddcb8500b6d67da88caf5ba2a70,JG333419,,7/9/2023 0:11,30,NO CONTROLS,NO CONTROLS,CLEAR,"DARKNESS, LIGHTED ROAD",FIXED OBJECT,DIVIDED - W/MEDIAN (NOT RAISED),,STRAIGHT AND LEVEL,WET,NO DEFECTS,ON SCENE,INJURY AND / OR TOW DUE TO CRASH,,,N,"OVER $1,500",7/9/2023 1:00,UNABLE TO DETERMINE,NOT APPLICABLE,13000,S,STONY ISLAND AVE,434,,,,,,,1,NO INDICATION OF INJURY,0,0,0,0,0,1,0,0,1,7,,,
ee5b1810a92dc724bdd49744511980c2779548d7721fc7fc07779520f38c9b13990d624a241ee6a1d5d6ba9f6e1d1c7c80d8d646a70f7863f502ace969fb8644,JF500131,Y,12/6/2022 12:36,25,OTHER,UNKNOWN,CLEAR,DAYLIGHT,REAR END,OTHER,,"CURVE, LEVEL",UNKNOWN,UNKNOWN,ON SCENE,NO INJURY / DRIVE AWAY,,,Y,"OVER $1,500",12/6/2022 12:42,UNABLE TO DETERMINE,NOT APPLICABLE,900,N,LAKE SHORE DR,1833,,,,,,,2,NO INDICATION OF INJURY,0,0,0,0,0,3,0,12,3,12,41.89928099,-87.61889451,POINT (-87.618894512302 41.89928099092)
3b851514e2f74a1564da0f80f3c58803b7dfc27bae0f0ca73dd1144484f24d90eabdae2ba1ef54de7ea43293e42693953f7aa1bbd19262432f5acb5c9eef09b9,JF483729,,11/22/2022 10:48,35,NO CONTROLS,NO CONTROLS,CLEAR,DAYLIGHT,PARKED MOTOR VEHICLE,NOT DIVIDED,,STRAIGHT AND LEVEL,DRY,NO DEFECTS,ON SCENE,NO INJURY / DRIVE AWAY,,,,$500 OR LESS,11/22/2022 10:50,NOT APPLICABLE,NOT APPLICABLE,71,E,100TH ST,511,N,Y,,,,,2,NO INDICATION OF INJURY,0,0,0,0,0,1,0,10,3,11,41.71255998,-87.62089531,POINT (-87.620895312672 41.712559981972)
4ca76fc144cad3befe4f73e6a385feb58499622e74c7d436a407810a11da0a70e66072530edbd0edcd8a9d6b53d25ce4aa2f0db6475b041dbb379ad1e2ab574b,JF439436,,10/18/2022 15:10,30,NO CONTROLS,NO CONTROLS,CLEAR,DAYLIGHT,TURNING,OTHER,,STRAIGHT AND LEVEL,DRY,NO DEFECTS,ON SCENE,NO INJURY / DRIVE AWAY,,,,"OVER $1,500",10/18/2022 15:15,FAILING TO YIELD RIGHT-OF-WAY,NOT APPLICABLE,1630,W,81ST ST,611,,,,,,,2,NO INDICATION OF INJURY,0,0,0,0,0,3,0,15,3,10,41.74680841,-87.6645004,POINT (-87.664500401496 41.746808409404)