CRASH_RECORD_ID,RD_NO,CRASH_DATE_EST_I,CRASH_DATE,POSTED_SPEED_LIMIT,TRAFFIC_CONTROL_DEVICE,DEVICE_CONDITION,WEATHER_CONDITION,LIGHTING_CONDITION,FIRST_CRASH_TYPE,TRAFFICWAY_TYPE,LANE_CNT,ALIGNMENT,ROADWAY_SURFACE_COND,ROAD_DEFECT,REPORT_TYPE,CRASH_TYPE,INTERSECTION_RELATED_I,NOT_RIGHT_OF_WAY_I,HIT_AND_RUN_I,DAMAGE,DATE_POLICE_NOTIFIED,PRIM_CONTRIBUTORY_CAUSE,SEC_CONTRIBUTORY_CAUSE,STREET_NO,STREET_DIRECTION,STREET_NAME,BEAT_OF_OCCURRENCE,PHOTOS_TAKEN_I,STATEMENTS_TAKEN_I,DOORING_I,WORK_ZONE_I,WORK_ZONE_TYPE,WORKERS_PRESENT_I,NUM_UNITS,MOST_SEVERE_INJURY,INJURIES_TOTAL,INJURIES_FATAL,INJURIES_INCAPACITATING,INJURIES_NON_INCAPACITATING,INJURIES_REPORTED_NOT_EVIDENT,INJURIES_NO_INDICATION,INJURIES_UNKNOWN,CRASH_HOUR,CRASH_DAY_OF_WEEK,CRASH_MONTH,LATITUDE,LONGITUDE,LOCATION
b6b171774012b4c41fc01ea162819192e93cdb0cafa3f04cf72f41355fabe22a8ccdf60f12b7ea282b3f5fa45ee1664ba53cc3e392ef22952b5af0e63b285e2f,JF452535,,10/28/2022 10:04,30,NO CONTROLS,NO CONTROLS,CLEAR,DAYLIGHT,REAR END,NOT DIVIDED,,STRAIGHT AND LEVEL,DRY,NO DEFECTS,ON SCENE,NO INJURY / DRIVE AWAY,,,,$500 OR LESS,10/28/2022 10:35,UNABLE TO DETERMINE,UNABLE TO DETERMINE,3212,N,HARLEM AVE,1631,,,,,,,2,NO INDICATION OF INJURY,0,0,0,0,0,3,0,10,6,10,41.93842225,-87.80690847,POINT (-87.806908468292 41.938422249738)
6168a1f0240a03ff83b63cb60af8515091480d41336c2614baa4c05c7d8ef03b939e24fa5e4ea03915235fee5cc91d309d09f6eb41805c395b2d4ff6d9ae521f,JG101069,,1/1/2023 18:25,25,NO CONTROLS,NO CONTROLS,CLEAR,DUSK,ANGLE,FOUR WAY,,STRAIGHT AND LEVEL,UNKNOWN,UNKNOWN,ON SCENE,INJURY AND / OR TOW DUE TO CRASH,Y,,,"OVER $1,500",1/1/2023 19:46,UNABLE TO DETERMINE,NOT APPLICABLE,2800,S,HARDING AVE,1031,,,,,,,2,"REPORTED, NOT EVIDENT",2,0,0,0,2,1,0,18,1,1,41.84049101,-87.72337326,POINT (-87.723373262584 41.840491005276)
468a41bca5ff538b6991869ea66a21bff5997f565bc6969c83f6f72c3242e34eb6626027debd085926a1c214d91652468c489b98d0be4a7917f8c05185a5ba77,JF514794,,12/18/2022 8:52,35,NO CONTROLS,NO CONTROLS,SNOW,DAYLIGHT,HEAD ON,NOT DIVIDED,,STRAIGHT AND LEVEL,ICE,NO DEFECTS,ON SCENE,INJURY AND / OR TOW DUE TO CRASH,,,,"OVER $1,500",12/18/2022 9:00,WEATHER,NOT APPLICABLE,2700,W,TOUHY AVE,2411,,,,,,,3,NO INDICATION OF INJURY,0,0,0,0,0,3,0,8,1,12,42.01222954,-87.69747499,POINT (-87.697474985947 42.012229542311)
cf54577c1b47c4486f9df0f843fa4cb5e5199ab26bf16ccfef772cdc6f41447cd416873ce1b4aa507edcb68a5b742a8b86a49803d662985d3efb0b5c356128fa,JG242952,,4/30/2023 14:55,25,NO CONTROLS,NO CONTROLS,RAIN,DAYLIGHT,TURNING,FOUR WAY,,STRAIGHT ON GRADE,WET,NO DEFECTS,ON SCENE,NO INJURY / DRIVE AWAY,Y,,,"OVER $1,500",4/30/2023 14:58,UNABLE TO DETERMINE,UNABLE TO DETERMINE,9900,S,WINSTON AVE,2213,,,,,,,2,NO INDICATION OF INJURY,0,0,0,0,0,2,0,14,1,4,41.71384732,-87.65805675,POINT (-87.658056748013 41.713847320707)
98d14652f378defe332d8375c704d13614e0c41c033055cbf89da4d481910311627f7a9b831e15739d05c7d9a35b32f8f5bb1bf7661b5ac6c9c76ad91c078369,JG140873,,2/4/2023 18:30,30,NO CONTROLS,NO CONTROLS,CLEAR,UNKNOWN,TURNING,FOUR WAY,,STRAIGHT AND LEVEL,UNKNOWN,UNKNOWN,,NO INJURY / DRIVE AWAY,,,,"OVER $1,500",2/4/2023 20:30,UNABLE TO DETERMINE,UNABLE TO DETERMINE,4101,W,DIVISION ST,1111,,,,,,,2,NO INDICATION OF INJURY,0,0,0,0,0,2,0,18,7,2,41.90252223,-87.72882176,POINT (-87.72882176137 41.902522230999)
3eab865f3079544a78342079c4520056b37b0136f51d48dc95dd888b35dedf43a18d121bc410260b679b0b2548b7549d9dd343777e76bbf62c0f2451ada2274c,JF424546,,10/6/2022 16:19,30,NO CONTROLS,NO CONTROLS,RAIN,DUSK,REAR END,NOT DIVIDED,,STRAIGHT AND LEVEL,WET,NO DEFECTS,ON SCENE,NO INJURY / DRIVE AWAY,,,Y,$500 OR LESS,10/6/2022 16:28,FOLLOWING TOO CLOSELY,UNABLE TO DETERMINE,24,W,CHICAGO AVE,1832,,,,,,,2,NO INDICATION OF INJURY,0,0,0,0,0,2,0,16,5,10,41.89677322,-87.62919831,POINT (-87.629198311188 41.89677321535)
8b14885512809e7b4ff5579025e0df6dfb2a1791ed688443d89104e6dbefef4e24565736843155242e618b07309de920390170f3a6efdcd479add0b8749958f7,JG195064,,3/22/2023 14:18,20,YIELD,UNKNOWN,CLEAR,DAYLIGHT,ANGLE,ALLEY,,STRAIGHT AND LEVEL,DRY,NO DEFECTS,ON SCENE,NO INJURY / DRIVE AWAY,,,,"OVER $1,500",3/22/2023 15:56,FAILING TO YIELD RIGHT-OF-WAY,UNABLE TO DETERMINE,2141,W,LE MOYNE ST,1424,,,,,,,4,NO INDICATION OF INJURY,0,0,0,0,0,2,0,14,4,3,41.90807192,-87.68147943,POINT (-87.681479425224 41.90807192199)
bd02022a86a9498f0d948d3b97d855b2a806bd88a08aa3752c32b5d30a0c953ceacdb79bac01de0005166cb5bb99d839b4d867a4c90636bde1d3127478658604,JG129943,,1/26/2023 8:05,25,STOP SIGN/FLASHER,FUNCTIONING PROPERLY,SNOW,DAYLIGHT,REAR END,ONE-WAY,,STRAIGHT AND LEVEL,ICE,NO DEFECTS,NOT ON SCENE (DESK REPORT),NO INJURY / DRIVE AWAY,Y,,N,"OVER $1,500",1/26/2023 9:00,WEATHER,WEATHER,3228,W,25TH ST,1024,,,,,,,2,NO INDICATION OF INJURY,0,0,0,0,0,6,0,8,5,1,41.84642143,-87.70625307,POINT (-87.70625306917 41.846421431211)
871b5da0fbe6e6bfb2849b51aa6321504fd7f60da27c908c1b80ff4225d392ad779ed10e24bf147e2e35f99be4f986be56cf743f2d3ea764da8e6f57437bb3ba,JG158319,,2/19/2023 12:14,30,NO CONTROLS,NO CONTROLS,CLEAR,DAYLIGHT,TURNING,NOT DIVIDED,,STRAIGHT AND LEVEL,DRY,NO DEFECTS,,NO INJURY / DRIVE AWAY,,,,"OVER $1,500",2/19/2023 12:50,UNABLE TO DETERMINE,NOT APPLICABLE,326,N,CENTRAL AVE,1512,,,,,,,2,NO INDICATION OF INJURY,0,0,0,0,0,2,0,12,1,2,41.8865545,-87.7652343,POINT (-87.765234302914 41.886554498524)
ead8dac4907323affd90f97c5e63fd5986ce21dae6d250123d1928b4cf9e4e352564c9e5e233c7298769d595a46df679f99a170e86526d846583e2e1c224beaf,JG141398,,2/5/2023 10:26,30,NO CONTROLS,NO CONTROLS,CLEAR,DAYLIGHT,REAR END,OTHER,,STRAIGHT AND LEVEL,WET,NO DEFECTS,NOT ON SCENE (DESK REPORT),NO INJURY / DRIVE AWAY,,,,"OVER $1,500",2/5/2023 11:16,UNABLE TO DETERMINE,NOT APPLICABLE,2407,W,23RD ST,1034,,,,,,,2,NO INDICATION OF INJURY,0,0,0,0,0,2,0,10,1,2,41.85010031,-87.6859143,POINT (-87.685914294757 41.850100309813)
998d5b07e56e6ccd055e41848d93a35faaaa1034a34a3f97460720e689193a62a87d3241cd098e199402fd9e50562c72445a4478792b8d77f550b75e6d55b8bd,JG226071,,4/16/2023 17:30,20,NO CONTROLS,NO CONTROLS,RAIN,DAYLIGHT,TURNING,NOT DIVIDED,,STRAIGHT AND LEVEL,WET,UNKNOWN,NOT ON SCENE (DESK REPORT),NO INJURY / DRIVE AWAY,,,,"OVER $1,500",4/16/2023 18:00,UNABLE TO DETERMINE,UNABLE TO DETERMINE,2008,W,DEVON AVE,2412,,,,,,,2,NO INDICATION OF INJURY,0,0,0,0,0,2,0,17,1,4,41.99799742,-87.68053735,POINT (-87.680537345917 41.997997419468)
422d6b5415d0b964a72e340d0e3f8122bb13bcae64ba12324a9347a59f29d6affec6383dfa43567c703e386dd70262604bba1fc0f003dedc39618c5c28c32b9f,JF445103,,10/22/2022 20:16,25,STOP SIGN/FLASHER,NO CONTROLS,CLEAR,DARKNESS,PEDESTRIAN,NOT DIVIDED,,STRAIGHT AND LEVEL,DRY,NO DEFECTS,ON SCENE,INJURY AND / OR TOW DUE TO CRASH,,,,$500 OR LESS,10/22/2022 20:16,IMPROPER TURNING/NO SIGNAL,IMPROPER TURNING/NO SIGNAL,2751,W,114TH ST,2212,N,Y,,,,,2,NONINCAPACITATING INJURY,1,0,0,1,0,1,0,20,7,10,,,
9b42c6db683872e60fa308ad247114d956235c060e476e50be8ac0001c06dff0f97b4ef20d5f3fa3afdb0337aa911f66cc58275d13a0434713450b768aaf3287,JG131975,,1/27/2023 19:19,30,STOP SIGN/FLASHER,FUNCTIONING PROPERLY,SNOW,"DARKNESS, LIGHTED ROAD",TURNING,FOUR WAY,,STRAIGHT AND LEVEL,WET,UNKNOWN,NOT ON SCENE (DESK REPORT),NO INJURY / DRIVE AWAY,Y,,,"OVER $1,500",1/27/2023 19:45,UNABLE TO DETERMINE,NOT APPLICABLE,7500,S,PEORIA DR,621,,,,,,,2,NO INDICATION OF INJURY,0,0,0,0,0,3,0,19,6,1,,,
eed0b81ddab426f1d3b3103a08de20d57990a63e3c224e00f013eb4bdf6683881c76048c748646f2205084289c6d66d1aa0a161c252d4f9bb86429f52d8e7772,JG316586,,6/26/2023 11:15,10,NO CONTROLS,NO CONTROLS,CLEAR,DAYLIGHT,TURNING,PARKING LOT,,STRAIGHT AND LEVEL,DRY,NO DEFECTS,ON SCENE,NO INJURY / DRIVE AWAY,,Y,,"OVER $1,500",6/26/2023 11:22,UNABLE TO DETERMINE,UNABLE TO DETERMINE,1851,N,CICERO AVE,2533,,,,,,,2,NO INDICATION OF INJURY,0,0,0,0,0,3,0,11,2,6,41.91474807,-87.74587212,POINT (-87.745872114699 41.914748071919)
b5b475a13aef49b906eff96b31353b5d3df35281136481ef0b7597f0ac6739b8a40fffc2455d24de19c48626a6307bd2706a54861e658779b23db0ae39843f1c,JF505333,,12/9/2022 17:00,30,TRAFFIC SIGNAL,UNKNOWN,RAIN,DUSK,REAR END,ONE-WAY,,STRAIGHT AND LEVEL,WET,UNKNOWN,NOT ON SCENE (DESK REPORT),NO INJURY / DRIVE AWAY,,,,"OVER $1,500",12/10/2022 13:35,NOT APPLICABLE,NOT APPLICABLE,300,W,ROOSEVELT RD,124,,Y,,,,,2,NO INDICATION OF INJURY,0,0,0,0,0,2,0,17,6,12,41.86742412,-87.63476485,POINT (-87.634764845439 41.867424120223)
3cce49ba80847e24ce5956d9264d532a3e2eab01d45a83afa7ce5530b3e442d7f1b5c0785a3b5724f8d85dbd9a60971758b74d54f7791b04f0e075b8a5a2f101,JG170107,,3/1/2023 11:30,30,NO CONTROLS,NO CONTROLS,CLEAR,DAYLIGHT,TURNING,ONE-WAY,,STRAIGHT AND LEVEL,DRY,NO DEFECTS,ON SCENE,NO INJURY / DRIVE AWAY,,,,$500 OR LESS,3/1/2023 11:40,FAILING TO YIELD RIGHT-OF-WAY,NOT APPLICABLE,3610,N,FREMONT ST,1923,,,,,,,2,NO INDICATION OF INJURY,0,0,0,0,0,2,0,11,4,3,41.94765038,-87.65206665,POINT (-87.652066644751 41.947650384023)
6ddf6831a2c4f57114e13f7f04e246f37de4bb192984fdf0b7e39ece7b053d6caf24a45b1cea8173d33b976468ca71ebbb211267f8e4cb3a063ac58a6132c0bc,JG159564,,2/20/2023 13:10,30,UNKNOWN,UNKNOWN,UNKNOWN,UNKNOWN,ANGLE,NOT DIVIDED,,STRAIGHT AND LEVEL,UNKNOWN,UNKNOWN,NOT ON SCENE (DESK REPORT),NO INJURY / DRIVE AWAY,Y,,,"OVER $1,500",2/20/2023 13:30,UNABLE TO DETERMINE,NOT APPLICABLE,6808,S,KEEFE AVE,321,,,,,,,2,NO INDICATION OF INJURY,0,0,0,0,0,2,0,13,2,2,41.77096294,-87.61192742,POINT (-87.611927422358 41.770962941246)
4a0cd04b6ae3b0acb3f4b18658053ade98e86e59cf0b581f6f8fc7b65ff231e5851139507a30f6ac88d6d5225fef661ef1763b3147431e4291d88e36a0ecdfea,JF407663,,9/23/2022 12:30,30,STOP SIGN/FLASHER,NO CONTROLS,CLEAR,DAYLIGHT,REAR END,NOT DIVIDED,,STRAIGHT AND LEVEL,DRY,NO DEFECTS,ON SCENE,NO INJURY / DRIVE AWAY,,,,"OVER $1,500",9/23/2022 13:00,IMPROPER BACKING,NOT APPLICABLE,1649,E,50TH ST,222,,,,,,,2,NO INDICATION OF INJURY,0,0,0,0,0,2,0,12,6,9,41.80427516,-87.58431654,POINT (-87.584316540086 41.804275156019)
a5c0205975ab0c387a1586a3e2fe7703f1251b118897ef671c1056aee01cc8ee5be309526b5e0fe9c27a39aa4da869bf2f269059046831cb74d4882283d41378,JG159644,,2/20/2023 14:58,20,NO CONTROLS,NO CONTROLS,CLEAR,DAYLIGHT,PARKED MOTOR VEHICLE,OTHER,,STRAIGHT AND LEVEL,DRY,NO DEFECTS,ON SCENE,NO INJURY / DRIVE AWAY,,,,"$501 - $1,500",2/20/2023 15:09,FAILING TO YIELD RIGHT-OF-WAY,NOT APPLICABLE,2,W,TERMINAL ST,1652,,,,,,,2,NO INDICATION OF INJURY,0,0,0,0,0,1,0,14,2,2,,,
3a19d0645596c6010613c007827c2805d1afdce116aba28dd905de9cf1a02296c5430d818aeb53207c8af30b9b8cd7e4c4e33d21c3631093f789998203493364,JG103219,,1/3/2023 16:30,30,NO CONTROLS,NO CONTROLS,CLEAR,DAWN,SIDESWIPE SAME DIRECTION,NOT DIVIDED,,STRAIGHT AND LEVEL,UNKNOWN,UNKNOWN,,NO INJURY / DRIVE AWAY,,,,"OVER $1,500",1/3/2023 17:00,UNABLE TO DETERMINE,NOT APPLICABLE,4200,W,NORTH AVE,2534,,,,,,,2,NO INDICATION OF INJURY,0,0,0,0,0,3,0,16,3,1,41.90992842,-87.73131794,POINT (-87.731317939089 41.909928420721)
4247db4192a22424be8d4c123d2260dc787f0eb1c8eda6f0d891e3e23b32d4178b45e1799f772bf34e3bbd46dde3cf7cb38d96403c4c3f2999737f98df078968,JG159719,,2/20/2023 15:00,40,UNKNOWN,UNKNOWN,CLEAR,DAYLIGHT,ANGLE,FOUR WAY,,STRAIGHT AND LEVEL,DRY,NO DEFECTS,NOT ON SCENE (DESK REPORT),NO INJURY / DRIVE AWAY,Y,,,"OVER $1,500",2/20/2023 16:00,FAILING TO YIELD RIGHT-OF-WAY,NOT APPLICABLE,6800,S,ASHLAND AVE,725,,,,,,,2,NO INDICATION OF INJURY,0,0,0,0,0,2,0,15,2,2,41.77027876,-87.66411243,POINT (-87.664112432605 41.770278756122)
6c313541a0b7947cb2b984bb108bfc39f826a0fcb202b73eee13c5d10ad03976a032d820deb640c35fc80822d28fdd3a0347b6365eab9c4d2f1182148f7810df,JF520113,,12/22/2022 14:30,30,NO CONTROLS,NO CONTROLS,SNOW,DAYLIGHT,PARKED MOTOR VEHICLE,PARKING LOT,,STRAIGHT AND LEVEL,SNOW OR SLUSH,UNKNOWN,NOT ON SCENE (DESK REPORT),NO INJURY / DRIVE AWAY,,Y,Y,"OVER $1,500",12/22/2022 16:09,UNABLE TO DETERMINE,UNABLE TO DETERMINE,1154,S,CLARK ST,123,,,,,,,2,,,,,,,,,14,5,12,41.86757102,-87.63058647,POINT (-87.630586473861 41.867571015433)
b8dc9e02b021ef8c60758a03925f7fdc4f2bcbe5fe7af136928b7e2e37fa5994188f91ea4e2d6384cd492a50c094ee41eecf08a09299902b9c04a5dc2000a4ea,JF474151,,11/14/2022 10:55,30,NO CONTROLS,NO CONTROLS,CLEAR,DAYLIGHT,ANGLE,DRIVEWAY,,STRAIGHT AND LEVEL,DRY,NO DEFECTS,ON SCENE,NO INJURY / DRIVE AWAY,N,,,"$501 - $1,500",11/14/2022 10:55,IMPROPER BACKING,NOT APPLICABLE,4808,W,WILSON AVE,1623,,,,,,,2,NO INDICATION OF INJURY,0,0,0,0,0,2,0,10,2,11,41.96447864,-87.74818396,POINT (-87.748183959422 41.964478637753)
ac9bd4555800bd7239fcb472729a24effc320692f1be0afb9d3cef489327335bc5426aeb3676d40b4e0eb5eec59124eadbaa6538cf01d3d3a4f9078f421d224a,JF457459,,11/1/2022 6:30,55,NO CONTROLS,NO CONTROLS,CLEAR,DAWN,SIDESWIPE SAME DIRECTION,ONE-WAY,,STRAIGHT AND LEVEL,DRY,NO DEFECTS,NOT ON SCENE (DESK REPORT),NO INJURY / DRIVE AWAY,,,Y,"OVER $1,500",11/1/2022 7:05,IMPROPER LANE USAGE,DRIVING SKILLS/KNOWLEDGE/EXPERIENCE,2,W,I190 EXPY,1654,,,,,,,2,NO INDICATION OF INJURY,0,0,0,0,0,2,0,6,3,11,,,
8599c4135ba8d6dd5d8c916569ef521abc72122410c8b277464e8a0b025c8bdb7b885cbf02b1502a05214d6c0b8e9c5b50e98171f26f983a07091ab42774864e,JG196387,,3/23/2023 16:43,35,NO CONTROLS,NO CONTROLS,CLEAR,DAYLIGHT,ANIMAL,NOT DIVIDED,,STRAIGHT AND LEVEL,DRY,NO DEFECTS,ON SCENE,INJURY AND / OR TOW DUE TO CRASH,,,,"OVER $1,500",3/23/2023 16:48,ANIMAL,ANIMAL,5948,W,DEVON AVE,1621,,,,,,,2,INCAPACITATING INJURY,1,0,1,0,0,1,0,16,5,3,41.99754676,-87.77739895,POINT (-87.777398952566 41.997546759974)
971d203e60ea534bed6649becd6a5749087f1ca492922744213729c21af46c35d3e61475cbe0c9726cf82d5a597172c39ca62686db583e071b912700af1e5d42,JG196429,,3/23/2023 17:14,30,UNKNOWN,UNKNOWN,UNKNOWN,DAWN,PEDALCYCLIST,NOT DIVIDED,,STRAIGHT AND LEVEL,UNKNOWN,UNKNOWN,ON SCENE,INJURY AND / OR TOW DUE TO CRASH,,,,"$501 - $1,500",3/23/2023 17:14,UNABLE TO DETERMINE,UNABLE TO DETERMINE,1841,N,HALSTED ST,1813,,,,,,,2,"REPORTED, NOT EVIDENT",1,0,0,0,1,1,0,17,5,3,41.91497526,-87.64823691,POINT (-87.648236907322 41.914975260132)
295748cf50852fcd1b38bceffc002a18a3f079bb28362c482bd70bb372b2ad3dcc49f30ab298cb5fc16a7241435b26b92192291a80a07e589b53761e46ab97a7,JF417798,,10/1/2022 12:15,30,NO CONTROLS,NO CONTROLS,CLEAR,DAYLIGHT,SIDESWIPE SAME DIRECTION,ONE-WAY,,STRAIGHT AND LEVEL,DRY,NO DEFECTS,ON SCENE,NO INJURY / DRIVE AWAY,Y,,N,"OVER $1,500",10/1/2022 12:44,NOT APPLICABLE,NOT APPLICABLE,5600,S,INDIANA AVE,231,,,,,,,3,NO INDICATION OF INJURY,0,0,0,0,0,7,0,12,7,10,41.79283073,-87.62094539,POINT (-87.620945394098 41.792830734133)
3a4a78315a42f7c6c1a31f1c67aff422f335d28bb5e595f8dee559cc4a54b8a39bb0df64a660a0ee598583c31fa582415f5980066b6d77c4a31f3ae0a61b1a13,JG335830,,7/10/2023 16:00,30,NO CONTROLS,NO CONTROLS,CLEAR,DAYLIGHT,FIXED OBJECT,ALLEY,,STRAIGHT AND LEVEL,DRY,UNKNOWN,NOT ON SCENE (DESK REPORT),NO INJURY / DRIVE AWAY,,Y,,"$501 - $1,500",7/10/2023 19:15,NOT APPLICABLE,NOT APPLICABLE,4132,S,LAKE PARK AVE,214,,,,,,,1,NO INDICATION OF INJURY,0,0,0,0,0,1,0,16,2,7,41.819034,-87.6004178,POINT (-87.600417803908 41.819034001577)
9b67d992f053163199072901ff81874b22e0844acde6f51bf2f5cd457d5f88c099ddbfbdbc31845fb998aedbe53be13cb09f66c02678db75f919c2245148a71c,JG197646,,3/24/2023 16:20,35,NO CONTROLS,NO CONTROLS,CLEAR,DAYLIGHT,TURNING,NOT DIVIDED,,STRAIGHT AND LEVEL,DRY,NO DEFECTS,ON SCENE,NO INJURY / DRIVE AWAY,,,,"OVER $1,500",3/24/2023 16:32,FAILING TO YIELD RIGHT-OF-WAY,NOT APPLICABLE,9500,S,EMERALD AVE,2223,,,,,,,2,NO INDICATION OF INJURY,0,0,0,0,0,2,0,16,6,3,41.72138377,-87.6421437,POINT (-87.642143699209 41.72138377153)
795c398ea4876544f4f75f1e7df831f66f9af6a29d640d0e8d1db9a0507999552d967dbe3040b1bb692273e9d4f76787fed50683e99dfc33a7579961046dfae3,JF522899,,12/26/2022 6:30,30,UNKNOWN,UNKNOWN,CLEAR,DAYLIGHT,ANGLE,T-INTERSECTION,,STRAIGHT AND LEVEL,DRY,UNKNOWN,NOT ON SCENE (DESK REPORT),NO INJURY / DRIVE AWAY,,,Y,"$501 - $1,500",12/26/2022 10:25,UNABLE TO DETERMINE,NOT APPLICABLE,824,S,KEDVALE AVE,1132,,,,,,,2,NO INDICATION OF INJURY,0,0,0,0,0,2,0,6,2,12,41.87025768,-87.72913682,POINT (-87.729136815421 41.870257678452)
3cdfe9e3abdcc28b4a820c5b4cb7551ef77f484cea195c28a1c00413d2e478f7295eb174d438322280157f0a901c930f7c7c0da4b69d908d8553626d46fcd0b0,JF420586,,10/2/2022 15:30,35,UNKNOWN,UNKNOWN,CLEAR,DAYLIGHT,REAR END,NOT DIVIDED,,STRAIGHT AND LEVEL,DRY,UNKNOWN,ON SCENE,NO INJURY / DRIVE AWAY,,,,"OVER $1,500",10/3/2022 15:56,UNABLE TO DETERMINE,NOT APPLICABLE,2014,W,19TH ST,1234,,N,,,,,2,NO INDICATION OF INJURY,0,0,0,0,0,4,0,15,1,10,41.85593475,-87.67660382,POINT (-87.676603814886 41.855934749324)
3fa43c8576b7e009b3a998a2a0954ec9cc2f2de1e9000e1e2fba8b61b4159f966d1e01c18c43cae42fe43a2550bf68d1a40030080decccd2827ba4488165442f,JF510457,,12/14/2022 13:30,30,UNKNOWN,UNKNOWN,UNKNOWN,UNKNOWN,REAR END,UNKNOWN,,STRAIGHT AND LEVEL,UNKNOWN,UNKNOWN,NOT ON SCENE (DESK REPORT),NO INJURY / DRIVE AWAY,,,,"OVER $1,500",12/14/2022 14:00,UNABLE TO DETERMINE,UNABLE TO DETERMINE,4800,S,KEDZIE AVE,821,,,,,,,2,NO INDICATION OF INJURY,0,0,0,0,0,2,0,13,4,12,41.80618456,-87.7040662,POINT (-87.704066200932 41.806184560305)
accd8e3d090942a0abacc83da191ca7f734aaeaeebb28b106cc81597fdbdfae0e89b7eaf2c69759b2845c29ef5388b0b93c9a636d9d8b0cd272ddbe42da77eae,JF449645,,10/26/2022 4:45,35,NO CONTROLS,NO CONTROLS,RAIN,"DARKNESS, LIGHTED ROAD",HEAD ON,NOT DIVIDED,,STRAIGHT AND LEVEL,WET,UNKNOWN,ON SCENE,NO INJURY / DRIVE AWAY,,,,"OVER $1,500",10/26/2022 4:50,NOT APPLICABLE,NOT APPLICABLE,2200,E,130TH ST,434,,,,,,,2,NO INDICATION OF INJURY,0,0,0,0,0,2,0,4,4,10,41.65929695,-87.57012905,POINT (-87.570129044549 41.659296952728)
9fb2b106a0ae09bf35d85a1988739c15b8b86fa80d46fc3a717c8e585f32ef30345dbdf696d629a9edcab5f9bdfd75aa4ba855344581685efb058bf0a44886ee,JG005245,,3/1/2023 9:54,25,NO CONTROLS,NO CONTROLS,CLEAR,DAYLIGHT,ANGLE,T-INTERSECTION,,STRAIGHT AND LEVEL,DRY,NO DEFECTS,,NO INJURY / DRIVE AWAY,N,,,"OVER $1,500",3/1/2023 10:41,UNABLE TO DETERMINE,UNABLE TO DETERMINE,5665,N,WAYNE AVE,2013,,,,,,,2,NO INDICATION OF INJURY,0,0,0,0,0,2,0,9,4,3,41.98542372,-87.66345679,POINT (-87.663456788507 41.985423716404)
c237d426c238a67df7d7da8291439ba967d1814de4ca7743e06c4c6a9c43c7a97b7c5bd3dd900471d4d3401d76bad1eab516dd3aa7e482e04278bfa101e9fe3b,JF461966,,11/4/2022 12:22,30,STOP SIGN/FLASHER,FUNCTIONING PROPERLY,RAIN,DAYLIGHT,TURNING,NOT DIVIDED,,STRAIGHT AND LEVEL,WET,NO DEFECTS,ON SCENE,NO INJURY / DRIVE AWAY,,,,"OVER $1,500",11/4/2022 12:30,UNABLE TO DETERMINE,NOT APPLICABLE,6501,W,GRAND AVE,2512,,,,,,,2,NO INDICATION OF INJURY,0,0,0,0,0,3,0,12,6,11,41.92317975,-87.78798509,POINT (-87.787985084968 41.923179745322)
e47ead9379e5a2384fae2df2c128eeaebaad57e46c95aa8d62fdeabbdfdbe452a60a9550d682381759302f2521982145b5b710cfd83b72fd2b8a54c4a6b39d9d,JF462055,,11/4/2022 13:20,30,TRAFFIC SIGNAL,FUNCTIONING PROPERLY,RAIN,DAYLIGHT,TURNING,NOT DIVIDED,,STRAIGHT AND LEVEL,WET,NO DEFECTS,ON SCENE,NO INJURY / DRIVE AWAY,Y,,Y,"OVER $1,500",11/4/2022 13:22,UNABLE TO DETERMINE,NOT APPLICABLE,5504,W,MONTROSE AVE,1623,,,,,,,2,NO INDICATION OF INJURY,0,0,0,0,0,2,0,13,6,11,41.96061748,-87.76505625,POINT (-87.765056253815 41.960617479808)
e8478924d620f1d09075f5a390b8acaf492c805115dab83792ed01f415a28aaa4214e0eaa4353b1b0aadc116538885b1029846f0acd3d5dd2907148efa234919,JG270692,,5/22/2023 6:00,30,NO CONTROLS,NO CONTROLS,CLEAR,DAYLIGHT,PARKED MOTOR VEHICLE,PARKING LOT,,STRAIGHT AND LEVEL,UNKNOWN,UNKNOWN,,NO INJURY / DRIVE AWAY,,,,"$501 - $1,500",5/22/2023 16:30,UNABLE TO DETERMINE,NOT APPLICABLE,2159,N,HARLEM AVE,2512,,,,,,,2,NO INDICATION OF INJURY,0,0,0,0,0,1,0,6,2,5,41.91976667,-87.80597248,POINT (-87.805972476944 41.919766669392)
b7d342be95b5326331c78cec53fe458ad56c923a1950f35d9314c64adbae0925a8104bccdf93e371981e1427505b1fc0c79b26e7a8a266e5493e2fcc443167b7,JF511761,,12/15/2022 15:30,30,TRAFFIC SIGNAL,FUNCTIONING PROPERLY,SNOW,DUSK,TURNING,NOT DIVIDED,,STRAIGHT AND LEVEL,WET,UNKNOWN,ON SCENE,NO INJURY / DRIVE AWAY,,,,"OVER $1,500",12/15/2022 15:34,FAILING TO YIELD RIGHT-OF-WAY,NOT APPLICABLE,4319,W,47TH ST,815,,,,,,,2,NO INDICATION OF INJURY,0,0,0,0,0,2,0,15,5,12,41.8076585,-87.73175533,POINT (-87.731755331397 41.807658499411)