CRASH_RECORD_ID,RD_NO,CRASH_DATE_EST_I,CRASH_DATE,POSTED_SPEED_LIMIT,TRAFFIC_CONTROL_DEVICE,DEVICE_CONDITION,WEATHER_CONDITION,LIGHTING_CONDITION,FIRST_CRASH_TYPE,TRAFFICWAY_TYPE,LANE_CNT,ALIGNMENT,ROADWAY_SURFACE_COND,ROAD_DEFECT,REPORT_TYPE,CRASH_TYPE,INTERSECTION_RELATED_I,NOT_RIGHT_OF_WAY_I,HIT_AND_RUN_I,DAMAGE,DATE_POLICE_NOTIFIED,PRIM_CONTRIBUTORY_CAUSE,SEC_CONTRIBUTORY_CAUSE,STREET_NO,STREET_DIRECTION,STREET_NAME,BEAT_OF_OCCURRENCE,PHOTOS_TAKEN_I,STATEMENTS_TAKEN_I,DOORING_I,WORK_ZONE_I,WORK_ZONE_TYPE,WORKERS_PRESENT_I,NUM_UNITS,MOST_SEVERE_INJURY,INJURIES_TOTAL,INJURIES_FATAL,INJURIES_INCAPACITATING,INJURIES_NON_INCAPACITATING,INJURIES_REPORTED_NOT_EVIDENT,INJURIES_NO_INDICATION,INJURIES_UNKNOWN,CRASH_HOUR,CRASH_DAY_OF_WEEK,CRASH_MONTH,LATITUDE,LONGITUDE,LOCATION
2972900c36f56717ad01d48b2a3284b5ce4c031840c334b7ee785d9e7729ba0c067610596c6de907e8c187295f5ddf192aa06d9609d8e13331e25ae7ccd854d6,JF494533,,12/1/2022 16:43,30,NO CONTROLS,NO CONTROLS,CLEAR,DAWN,REAR END,PARKING LOT,,STRAIGHT AND LEVEL,DRY,NO DEFECTS,ON SCENE,NO INJURY / DRIVE AWAY,,,,"$501 - $1,500",12/1/2022 16:53,IMPROPER BACKING,NOT APPLICABLE,5898,S,HALSTED ST,712,,,,,,,2,NO INDICATION OF INJURY,0,0,0,0,0,4,0,16,5,12,41.7870721,-87.64511673,POINT (-87.645116726809 41.787072096457)
12e5546b2962f995abfe364241c8b4ae2d68b23b13b794711c8b76d31ec3319dbd4cac45dff1b5e154487d89e2805360cefeb42b72ff0b271f35ec35ef72f568,JG215317,,4/8/2023 12:05,30,NO CONTROLS,NO CONTROLS,CLEAR,DAYLIGHT,TURNING,FOUR WAY,,STRAIGHT AND LEVEL,DRY,NO DEFECTS,ON SCENE,NO INJURY / DRIVE AWAY,,,Y,"OVER $1,500",4/8/2023 12:05,IMPROPER TURNING/NO SIGNAL,NOT APPLICABLE,5898,W,DIVISION ST,2531,,,,,,,2,NO INDICATION OF INJURY,0,0,0,0,0,2,0,12,7,4,41.90214506,-87.77288093,POINT (-87.772880926521 41.902145056177)
6d4a02cb40d6b265e0e6944f73ffbb72488806a97ab3604feb8d6b202b091fbee9a92d3a182528b82cc3cecf709b73d11962f3733a218c6c51cd5c3f835c7854,JG138335,Y,2/2/2023 13:58,35,NO CONTROLS,NO CONTROLS,CLEAR,DAYLIGHT,REAR END,CENTER TURN LANE,,STRAIGHT ON GRADE,DRY,NO DEFECTS,ON SCENE,NO INJURY / DRIVE AWAY,,,,"OVER $1,500",2/2/2023 13:59,FOLLOWING TOO CLOSELY,NOT APPLICABLE,3900,S,PULASKI RD,815,,,,,,,2,NO INDICATION OF INJURY,0,0,0,0,0,2,0,13,5,2,41.82256384,-87.72418748,POINT (-87.724187479133 41.822563835982)
6c5a886585b5ede0380bf0f4b25cf7783f97019a1315a2bb2f4dd68eba147e7e3108b66e0009a76d35992485097872908082b79815af68b777edc2b9507fe433,JF433590,,10/13/2022 19:55,25,NO CONTROLS,NO CONTROLS,CLEAR,"DARKNESS, LIGHTED ROAD",PEDESTRIAN,ONE-WAY,,STRAIGHT AND LEVEL,DRY,NO DEFECTS,ON SCENE,INJURY AND / OR TOW DUE TO CRASH,,,,$500 OR LESS,10/13/2022 20:00,UNABLE TO DETERMINE,UNABLE TO DETERMINE,3,W,TERMINAL ST,1653,,,,,,,2,NONINCAPACITATING INJURY,1,0,0,1,0,1,0,19,5,10,,,
b706da8df78fb6652884b721798baf5d45d3a14ec3873b5e298b5fb03bfb7af9790b8792a4152ef93bdcae7ab2b0446742deaa92aad20f726df70f59b9d64966,JF405405,,9/21/2022 12:30,30,UNKNOWN,UNKNOWN,CLEAR,DAYLIGHT,REAR END,NOT DIVIDED,,STRAIGHT AND LEVEL,DRY,NO DEFECTS,NOT ON SCENE (DESK REPORT),NO INJURY / DRIVE AWAY,,,Y,$500 OR LESS,9/21/2022 17:50,NOT APPLICABLE,NOT APPLICABLE,2357,N,DAMEN AVE,1432,,,,,,,2,NO INDICATION OF INJURY,0,0,0,0,0,2,0,12,4,9,41.92443221,-87.677719,POINT (-87.677719001927 41.924432207209)
6ab74914927dfb1fe37c5c750d23f30a21ccd840f297b97aaaf452c5f866605d2ad6970c7fee3d29c891d599573a53690a43b079ae64427fed7f39806111865b,JF452862,,10/28/2022 12:46,30,UNKNOWN,UNKNOWN,CLEAR,DAYLIGHT,SIDESWIPE SAME DIRECTION,UNKNOWN,,STRAIGHT AND LEVEL,DRY,UNKNOWN,NOT ON SCENE (DESK REPORT),NO INJURY / DRIVE AWAY,Y,,,"OVER $1,500",10/28/2022 15:00,UNABLE TO DETERMINE,UNABLE TO DETERMINE,5900,S,WENTWORTH AVE,232,,,,,,,2,NO INDICATION OF INJURY,0,0,0,0,0,2,0,12,6,10,,,
fd77b790779379f2f492ca1af1da8d84fcd700c48d734b88f6a84a582732f2066d48ea8e57500e7711b734cc49a46c02c92cbb980b49c65d18dd67723624966f,JF474906,,11/14/2022 16:20,25,TRAFFIC SIGNAL,UNKNOWN,CLEAR,DUSK,TURNING,FOUR WAY,,STRAIGHT AND LEVEL,UNKNOWN,UNKNOWN,NOT ON SCENE (DESK REPORT),NO INJURY / DRIVE AWAY,Y,,,"OVER $1,500",11/14/2022 21:30,IMPROPER LANE USAGE,UNABLE TO DETERMINE,430,N,WELLS ST,1831,,,,,,,2,NO INDICATION OF INJURY,0,0,0,0,0,2,0,16,2,11,41.89002091,-87.63417616,POINT (-87.634176162615 41.890020908064)
1edb17b36884f274dd6bbdc3a6f3598bf46912e213f07ccb1a43068b7a768ed8f2e5a99c4ab270a7c6ebf304729ff4df4c929dc83f4aedb420818d9e1b5c86db,JG272593,,5/23/2023 21:00,20,NO CONTROLS,NO CONTROLS,CLEAR,DAWN,PARKED MOTOR VEHICLE,PARKING LOT,,STRAIGHT AND LEVEL,DRY,NO DEFECTS,ON SCENE,NO INJURY / DRIVE AWAY,,,Y,"$501 - $1,500",5/23/2023 21:00,FOLLOWING TOO CLOSELY,NOT APPLICABLE,4359,N,PULASKI RD,1723,,,,,,,2,NO INDICATION OF INJURY,0,0,0,0,0,1,0,21,3,5,41.96088251,-87.72767924,POINT (-87.727679241979 41.960882513674)
70f7bcde4082c3373deeb88d7409c1cb69f9a07d1d949e483a0a8bacb152afb3ced09d93d884de6d86b6124b6fdd6df4b4fbd45dc4bebd103fc2939555549ebc,JG162656,,2/23/2023 7:35,30,NO CONTROLS,NO CONTROLS,CLEAR,DAYLIGHT,REAR END,NOT DIVIDED,,STRAIGHT AND LEVEL,WET,UNKNOWN,ON SCENE,NO INJURY / DRIVE AWAY,,,,"OVER $1,500",2/23/2023 7:59,WEATHER,DRIVING SKILLS/KNOWLEDGE/EXPERIENCE,125,E,31ST ST,211,,,,,,,2,NO INDICATION OF INJURY,0,0,0,0,0,5,0,7,5,2,41.83824911,-87.62233949,POINT (-87.622339485628 41.838249105189)
5742c154802d8a358da365fc0e4cc156a68e6315c72b634b3f5ce567a7554421ad74b0e74168adfb9f01b6590760f2cd2fe1a7f0db428078261c9717c8358f4a,JF455581,,10/30/2022 17:11,30,NO CONTROLS,NO CONTROLS,RAIN,DAYLIGHT,TURNING,OTHER,,STRAIGHT AND LEVEL,WET,UNKNOWN,ON SCENE,NO INJURY / DRIVE AWAY,,,,"OVER $1,500",10/30/2022 17:18,UNABLE TO DETERMINE,NOT APPLICABLE,9802,S,HALSTED ST,2223,,,,,,,2,NO INDICATION OF INJURY,0,0,0,0,0,2,0,17,1,10,41.71580477,-87.64320825,POINT (-87.643208253244 41.715804770128)
4f82f60b88222748bbc0050da1bff3264da956044f77ffcdd50f3830d1648cf043859a8cf18e6074ca26612c6867b0792c393783e948611e12424e272a0e6b13,JG189531,,3/17/2023 20:45,30,NO CONTROLS,NO CONTROLS,CLEAR,DARKNESS,SIDESWIPE SAME DIRECTION,NOT DIVIDED,,STRAIGHT AND LEVEL,DRY,NO DEFECTS,NOT ON SCENE (DESK REPORT),NO INJURY / DRIVE AWAY,,,Y,"OVER $1,500",3/17/2023 21:51,IMPROPER OVERTAKING/PASSING,IMPROPER OVERTAKING/PASSING,9300,S,ST LAWRENCE AVE,633,,,,,,,2,NO INDICATION OF INJURY,0,0,0,0,0,6,0,20,6,3,,,
928adaf5b571105979c4cbda569f21c4b5980eb32d547c4f4ef4088b16473f431594b7323208ca2dc89da7644cabb45729a7c159ea80d46d571433a47611ccd2,JG218287,,4/10/2023 18:50,30,NO CONTROLS,NO CONTROLS,CLEAR,DUSK,REAR END,ONE-WAY,,STRAIGHT AND LEVEL,DRY,NO DEFECTS,NOT ON SCENE (DESK REPORT),NO INJURY / DRIVE AWAY,,,,"OVER $1,500",4/10/2023 19:30,NOT APPLICABLE,NOT APPLICABLE,4004,N,TRIPP AVE,1722,,,,,,,2,NO INDICATION OF INJURY,0,0,0,0,0,2,0,18,2,4,41.95376128,-87.73412207,POINT (-87.734122065021 41.953761284083)
6365e4b40275aefcb08db1abdfdadf5f6c2bb9e875a1cbc68e07911d3d55d57940fc507894d6217605f184077cea32753141bb30c344ee097ace156b88dfa088,JG307033,,6/19/2023 10:30,35,UNKNOWN,UNKNOWN,UNKNOWN,UNKNOWN,REAR END,UNKNOWN,,STRAIGHT AND LEVEL,UNKNOWN,UNKNOWN,NOT ON SCENE (DESK REPORT),NO INJURY / DRIVE AWAY,,,,"OVER $1,500",6/19/2023 11:00,UNABLE TO DETERMINE,NOT APPLICABLE,9500,S,STATE ST,511,,,,,,,2,NO INDICATION OF INJURY,0,0,0,0,0,2,0,10,2,6,41.72157071,-87.62387335,POINT (-87.623873353867 41.721570706446)
968cff5cc10b20c59f8772f81aecc52fede475c792d56ca1c1ff10e485bce8ed06e1da3faaf9b8177c0714902095e62d084ade2eadb49fb80288986c823ac4cb,JG142464,,2/6/2023 9:10,30,UNKNOWN,UNKNOWN,CLEAR,DAYLIGHT,PARKED MOTOR VEHICLE,ONE-WAY,,STRAIGHT AND LEVEL,UNKNOWN,UNKNOWN,NOT ON SCENE (DESK REPORT),NO INJURY / DRIVE AWAY,,,Y,"OVER $1,500",2/6/2023 10:15,UNABLE TO DETERMINE,NOT APPLICABLE,225,S,CANAL ST,121,,,,,,,2,NO INDICATION OF INJURY,0,0,0,0,0,2,0,9,2,2,41.87853128,-87.63942746,POINT (-87.639427459627 41.878531278354)
00385c7f2ce2119d055a859d809d5ae63fc9c70bc897f61528c25307fee3633cade3e2816223bec1511d5e2fc86858c96d53812fa61f7f3d83dbc1aa0394b8a9,JG217488,,4/10/2023 10:20,30,TRAFFIC SIGNAL,FUNCTIONING PROPERLY,CLEAR,DAYLIGHT,SIDESWIPE SAME DIRECTION,DIVIDED - W/MEDIAN BARRIER,,STRAIGHT AND LEVEL,DRY,NO DEFECTS,NOT ON SCENE (DESK REPORT),NO INJURY / DRIVE AWAY,Y,,,"OVER $1,500",4/10/2023 10:40,UNABLE TO DETERMINE,NOT APPLICABLE,6299,S,LAKE SHORE DR,331,,,,,,,2,NO INDICATION OF INJURY,0,0,0,0,0,2,0,10,2,4,,,
88b5874eb51732b911b3ef91d0e3e738f59155b4654375f1d40477e485c22147dddc8233f9869ef9e1bba71322e44f314f8c499bd3162988656cf20aef66c812,JG219598,,4/11/2023 18:30,30,UNKNOWN,UNKNOWN,CLEAR,DAYLIGHT,ANGLE,UNKNOWN,,STRAIGHT AND LEVEL,DRY,UNKNOWN,NOT ON SCENE (DESK REPORT),NO INJURY / DRIVE AWAY,,,,"OVER $1,500",4/11/2023 19:30,UNABLE TO DETERMINE,UNABLE TO DETERMINE,9900,S,HALSTED ST,2232,,,,,,,2,NO INDICATION OF INJURY,0,0,0,0,0,2,0,18,3,4,41.71411887,-87.64314541,POINT (-87.643145408182 41.71411886809)
71a7b25d6e5f46b1e10079ba0856edd874164ffc30746cca946f2793ff3151c1fda9e6af4d1db3e09e0d2ad5e43d2bae2f74e529599d64250272151262abd372,JG274913,,5/24/2023 16:25,20,NO CONTROLS,NO CONTROLS,CLEAR,DAYLIGHT,TURNING,ONE-WAY,,STRAIGHT AND LEVEL,DRY,NO DEFECTS,NOT ON SCENE (DESK REPORT),NO INJURY / DRIVE AWAY,,,,"OVER $1,500",5/25/2023 17:14,UNABLE TO DETERMINE,UNABLE TO DETERMINE,4815,N,TROY ST,1713,,,,,,,2,NO INDICATION OF INJURY,0,0,0,0,0,2,0,16,4,5,41.96895347,-87.7071251,POINT (-87.707125099177 41.968953469067)
d9b0e0457dd22e7be4ad3b0845a16b305a0d7737f3604866af0fbc9d226d7baeaecdcc54967734e7e742f06e894219e2e0d206122015498f5dfb80d8bd083ade,JG171058,,3/2/2023 7:45,25,UNKNOWN,UNKNOWN,UNKNOWN,UNKNOWN,REAR END,NOT DIVIDED,,STRAIGHT AND LEVEL,UNKNOWN,UNKNOWN,,INJURY AND / OR TOW DUE TO CRASH,Y,,,"$501 - $1,500",3/2/2023 8:45,UNABLE TO DETERMINE,UNABLE TO DETERMINE,400,E,PERSHING RD,212,,,,,,,2,NONINCAPACITATING INJURY,2,0,0,2,0,1,0,7,5,3,41.82394884,-87.61667242,POINT (-87.61667241604 41.823948841721)
713eab44b744776761833d3e2749cdb56e7b8b99ffba5f810f0bfe87b9f01739104067780f0db98fd2196714109444e431974fe9986348330ba815eb50362829,JG203844,,3/29/2023 17:57,25,NO CONTROLS,NO CONTROLS,CLEAR,DAYLIGHT,ANGLE,NOT DIVIDED,,STRAIGHT AND LEVEL,DRY,NO DEFECTS,ON SCENE,NO INJURY / DRIVE AWAY,,,,"OVER $1,500",3/29/2023 17:57,UNABLE TO DETERMINE,UNABLE TO DETERMINE,2626,N,LARAMIE AVE,2514,,,,,,,2,NO INDICATION OF INJURY,0,0,0,0,0,2,0,17,4,3,41.92863562,-87.75645951,POINT (-87.7564595135 41.92863562219)
7629e131ce4855cf1f7d044aaf4d0827bbbb7f319cea968f88d787edc7fc698d8d95a28a8f20437f4e05af77356e7cccf0b4508edaf0feec0a65e031312e36a2,JG233224,,4/22/2023 12:00,30,NO CONTROLS,NO CONTROLS,CLEAR,DAYLIGHT,REAR END,NOT DIVIDED,,STRAIGHT AND LEVEL,WET,NO DEFECTS,NOT ON SCENE (DESK REPORT),NO INJURY / DRIVE AWAY,,,,"OVER $1,500",4/22/2023 12:40,FOLLOWING TOO CLOSELY,WEATHER,4363,S,ARCHER AVE,922,,,,,,,2,NO INDICATION OF INJURY,0,0,0,0,0,2,0,12,7,4,41.81421181,-87.7038199,POINT (-87.703819895437 41.814211810102)
6c7a458250d2ff7f6fd937b98fd90bcf916392c6590bc4d70de877a71af176c129e702c0cf73b662b71f8a7caad12416ba8d7b4702e6c8bb34537b88a833828b,JG195789,,3/23/2023 8:30,30,NO CONTROLS,NO CONTROLS,CLEAR,DAYLIGHT,ANGLE,NOT DIVIDED,,STRAIGHT AND LEVEL,WET,NO DEFECTS,ON SCENE,NO INJURY / DRIVE AWAY,,,,"OVER $1,500",3/23/2023 8:39,FAILING TO YIELD RIGHT-OF-WAY,NOT APPLICABLE,8620,W,FOSTER AVE,1614,,,,,,,2,NO INDICATION OF INJURY,0,0,0,0,0,2,0,8,5,3,41.97387796,-87.84245507,POINT (-87.842455072233 41.97387796119)
59e4fcc70cf8797471ac3aaa6a9f11ae157fddf7f16dfe611ec30937f425c742eb17495199453414cdc548849ba891eabd116acda83f3d4583f4c0da9a62373e,JG290049,Y,6/6/2023 8:48,30,NO CONTROLS,NO CONTROLS,CLEAR,DAYLIGHT,ANGLE,FOUR WAY,,STRAIGHT AND LEVEL,DRY,NO DEFECTS,ON SCENE,NO INJURY / DRIVE AWAY,Y,,,"OVER $1,500",6/6/2023 8:50,UNABLE TO DETERMINE,UNABLE TO DETERMINE,3601,N,RICHMOND ST,1733,,,,,,,2,NO INDICATION OF INJURY,0,0,0,0,0,2,0,8,3,6,41.94674321,-87.70156466,POINT (-87.701564660132 41.946743206914)
0b47fc01dfac9867c850828b4308c83974aeb928392d54678601a2194cf26338ed9bbea1858b718a005febd5ee4a9e68b264827c5d9b0dc69e846a50dba9e67b,JE356641,,8/31/2021 13:40,30,STOP SIGN/FLASHER,NO CONTROLS,CLEAR,DAYLIGHT,PARKED MOTOR VEHICLE,NOT DIVIDED,,STRAIGHT AND LEVEL,DRY,NO DEFECTS,ON SCENE,NO INJURY / DRIVE AWAY,,,,"OVER $1,500",8/31/2021 13:40,UNABLE TO DETERMINE,UNABLE TO DETERMINE,200,S,THROOP ST,1231,,,,,,,2,,,,,,,,,13,3,8,41.87897559,-87.65963553,POINT (-87.659635526987 41.878975588719)
1abaff1ff17e66965fd856dd94533a3818bfcda1e7399abd4b5248668880a025511c5c90026fe1e802babf0bf8f014bd0d7c7e19b30643e09d3e6960db77b7d1,JG275857,,5/26/2023 11:40,30,TRAFFIC SIGNAL,FUNCTIONING PROPERLY,CLEAR,DAYLIGHT,REAR END,NOT DIVIDED,,STRAIGHT AND LEVEL,DRY,NO DEFECTS,ON SCENE,INJURY AND / OR TOW DUE TO CRASH,,,,"OVER $1,500",5/26/2023 11:50,IMPROPER BACKING,NOT APPLICABLE,802,W,NORTH AVE,1813,,,,,,,2,NO INDICATION OF INJURY,0,0,0,0,0,2,0,11,6,5,41.91102732,-87.64842095,POINT (-87.648420948604 41.911027323561)
072597aebc24f483829f1b43530dd02e541a25b745cabc50d117dc35931f7d2f30ef4e0d498a19369e4f2f32d2b33d06225e19f30af00c0d4636e5237c43a7b1,JG309876,,6/21/2023 12:50,10,NO CONTROLS,NO CONTROLS,CLEAR,DAYLIGHT,ANGLE,ALLEY,,STRAIGHT AND LEVEL,DRY,NO DEFECTS,ON SCENE,NO INJURY / DRIVE AWAY,N,,,"$501 - $1,500",6/21/2023 12:56,UNABLE TO DETERMINE,UNABLE TO DETERMINE,6617,N,NORTHWEST HWY,1611,,,,,,,2,NO INDICATION OF INJURY,0,0,0,0,0,2,0,12,4,6,42.00117653,-87.81339871,POINT (-87.813398709969 42.001176532512)
04e836de7499f2c4cf3c7830734fbe8709743cc3c672398ae23401855aeef5945e08449aa968ecf41a2f0ba12533dcb086263e60b69d58100b394624fe8a7c45,JG309803,,6/21/2023 11:37,15,NO CONTROLS,NO CONTROLS,CLEAR,DAYLIGHT,FIXED OBJECT,OTHER,,STRAIGHT AND LEVEL,DRY,NO DEFECTS,ON SCENE,INJURY AND / OR TOW DUE TO CRASH,,Y,,"OVER $1,500",6/21/2023 12:15,UNABLE TO DETERMINE,NOT APPLICABLE,8851,W,HIGGINS RD,1614,,,,,,,1,NO INDICATION OF INJURY,0,0,0,0,0,1,0,11,4,6,41.98796638,-87.84804365,POINT (-87.848043652743 41.987966376392)
4ffa6aec7c3fba01c7461322e10bc7ddf01fd44fd8ebba48d52965acf650c73d2c4783d7784a366957f95d55fbe67eb50424070b7ae604536be2c64aeeb16c4c,JG242105,,4/29/2023 18:00,20,NO CONTROLS,NO CONTROLS,CLEAR,DAYLIGHT,ANGLE,PARKING LOT,,STRAIGHT AND LEVEL,DRY,UNKNOWN,ON SCENE,NO INJURY / DRIVE AWAY,,,,"OVER $1,500",4/29/2023 18:05,UNABLE TO DETERMINE,NOT APPLICABLE,10000,W,BRYN MAWR AVE,1654,,,,,,,2,NO INDICATION OF INJURY,0,0,0,0,0,2,0,18,7,4,41.97506756,-87.87599083,POINT (-87.875990827645 41.975067561101)
5fb0274611e73fe64edb66e2d1cf6998199235c1b2748613784ae82faf66f727d131c54029bbde0d25368c2341fcb1911dfa9223b669b02a5672c524801be7b2,JG241769,,4/29/2023 13:00,30,NO CONTROLS,NO CONTROLS,RAIN,DAYLIGHT,REAR END,NOT DIVIDED,,STRAIGHT AND LEVEL,WET,UNKNOWN,ON SCENE,NO INJURY / DRIVE AWAY,,,,"$501 - $1,500",4/29/2023 13:10,UNABLE TO DETERMINE,UNABLE TO DETERMINE,5729,W,HIGGINS AVE,1622,,,,,,,2,NO INDICATION OF INJURY,0,0,0,0,0,3,0,13,7,4,41.97137467,-87.77189865,POINT (-87.771898653631 41.971374674442)
81ed3a0f66128d83f166b85be0f5c2570645263f010e0dd514901056286f5a3da7aa5ea5a4fc2c7fd37e0540ec9cff45f0fa0d10b3a44507a63683c34ad1d32c,JG341898,,7/15/2023 11:05,30,NO CONTROLS,UNKNOWN,CLEAR,DAYLIGHT,SIDESWIPE SAME DIRECTION,NOT DIVIDED,,STRAIGHT AND LEVEL,DRY,UNKNOWN,ON SCENE,NO INJURY / DRIVE AWAY,,,,"OVER $1,500",7/15/2023 11:05,UNABLE TO DETERMINE,UNABLE TO DETERMINE,618,W,DIVERSEY PKWY,1934,,,,,,,2,NO INDICATION OF INJURY,0,0,0,0,0,3,0,11,7,7,41.93291557,-87.64463538,POINT (-87.644635380193 41.932915570416)
4f5f354e31bef5fe8594efdf43b45acd189ec53674f77c1634f38530d3580ed1f7e8d412fd60c98584ea15a536f2a2c097e3061c8a6c2469400c3aec0f5c37eb,JG244132,,5/1/2023 15:21,20,NO CONTROLS,NO CONTROLS,RAIN,DAYLIGHT,FIXED OBJECT,NOT DIVIDED,,STRAIGHT AND LEVEL,WET,NO DEFECTS,ON SCENE,NO INJURY / DRIVE AWAY,,,,$500 OR LESS,5/1/2023 15:30,UNABLE TO DETERMINE,NOT APPLICABLE,1154,W,BELMONT AVE,1924,,,,,,,1,NO INDICATION OF INJURY,0,0,0,0,0,1,0,15,2,5,41.93995156,-87.65874263,POINT (-87.658742632081 41.939951561362)
97eff73580a9060fc4d0d6c824230f3e049287ae2f5394cb180e8d53c434fcf518ae9a5104377dd4b77e3e22969fbe56ba73502930c5fca40380cb0de98b1f9f,,,7/18/2023 13:30,30,NO CONTROLS,NO CONTROLS,CLEAR,DAYLIGHT,PARKED MOTOR VEHICLE,ALLEY,,STRAIGHT AND LEVEL,DRY,NO DEFECTS,NOT ON SCENE (DESK REPORT),NO INJURY / DRIVE AWAY,,,,"$501 - $1,500",7/18/2023 16:20,IMPROPER BACKING,NOT APPLICABLE,5,E,14TH PL,131,,,,,,,2,NO INDICATION OF INJURY,0,0,0,0,0,1,0,13,3,7,41.86230383,-87.62705536,POINT (-87.627055359571 41.86230382993)
21d7a01f8a837d4899e5cbe722ad37af5a30fffaf67b875f9cd7d4f464ad9532897fb410d0e11de82bbff2739758a1eb26b2ebcd7f8d7b2d0131e9dee40d91ff,,,7/20/2023 19:31,30,NO CONTROLS,NO CONTROLS,CLEAR,DAYLIGHT,PEDESTRIAN,ONE-WAY,,STRAIGHT AND LEVEL,DRY,WORN SURFACE,ON SCENE,INJURY AND / OR TOW DUE TO CRASH,,,N,"OVER $1,500",7/20/2023 19:47,UNABLE TO DETERMINE,NOT APPLICABLE,4040,W,13TH ST,1011,,,,,,,2,INCAPACITATING INJURY,1,0,1,0,0,1,0,19,5,7,41.86442831,-87.72686016,POINT (-87.726860155113 41.864428305514)
4bf01c9c54926c2c3c703a604622d5c12d407d0cd2f4e65c9842488b582ab189798d014eb68f4b3fe779f06723ee704dc3e627e11e04b18f5c6217862e5d18f2,JG332542,,7/8/2023 10:12,30,NO CONTROLS,NO CONTROLS,RAIN,DAYLIGHT,REAR END,ONE-WAY,,STRAIGHT AND LEVEL,WET,NO DEFECTS,ON SCENE,NO INJURY / DRIVE AWAY,,,,"OVER $1,500",7/8/2023 10:12,UNABLE TO DETERMINE,UNABLE TO DETERMINE,6039,S,MICHIGAN AVE,311,,,,,,,2,NO INDICATION OF INJURY,0,0,0,0,0,2,0,10,7,7,41.78442514,-87.62205289,POINT (-87.622052893806 41.784425136925)
0ff0e59f03dddc972663a7d6eb025e91ef87f300c2b0370527208ac82ea96c19ffd3e264cd8e376d4420ad583d82653eae1b7a8ae51a623552468096898db43c,JG321429,,6/29/2023 6:30,30,NO CONTROLS,UNKNOWN,UNKNOWN,UNKNOWN,REAR END,NOT DIVIDED,,STRAIGHT AND LEVEL,UNKNOWN,UNKNOWN,NOT ON SCENE (DESK REPORT),NO INJURY / DRIVE AWAY,,,,$500 OR LESS,6/29/2023 21:23,IMPROPER BACKING,NOT APPLICABLE,6632,N,CLARK ST,2432,,,,,,,2,NO INDICATION OF INJURY,0,0,0,0,0,2,0,6,5,6,42.00262823,-87.67232835,POINT (-87.672328351294 42.002628232188)
3f453a68451b02db70e7d0eab59775576e2c3081555c1ce2f4f7fe19aae9c9d8ed7bad9c47fa55f2d9b4aa2fb605931d2667eb7323b28235fc289ae991e9ea76,JG285608,,6/2/2023 19:08,30,STOP SIGN/FLASHER,NO CONTROLS,CLEAR,DAYLIGHT,REAR END,NOT DIVIDED,,STRAIGHT AND LEVEL,DRY,UNKNOWN,ON SCENE,NO INJURY / DRIVE AWAY,,,Y,"OVER $1,500",6/2/2023 19:09,UNABLE TO DETERMINE,UNABLE TO DETERMINE,934,N,NOBLE ST,1213,,,,,,,2,NO INDICATION OF INJURY,0,0,0,0,0,2,0,19,6,6,41.89898512,-87.66262967,POINT (-87.662629668742 41.898985116538)
1f86bcd0d38e41c44373a0b3197669ad39625c8d028f28f8769619c2b4a57f8719909bdc4ccd7a1801b16e4c9cfaa6e9c1330af6ec48f537f55aa0b18a18ca8e,JD162564,,2/21/2020 17:00,30,TRAFFIC SIGNAL,UNKNOWN,UNKNOWN,UNKNOWN,TURNING,FOUR WAY,,STRAIGHT AND LEVEL,UNKNOWN,UNKNOWN,,NO INJURY / DRIVE AWAY,Y,,,"OVER $1,500",2/23/2020 21:20,IMPROPER TURNING/NO SIGNAL,NOT APPLICABLE,2200,S,INDIANA AVE,132,N,N,,,,,2,NO INDICATION OF INJURY,0,0,0,0,0,2,0,17,6,2,41.85279513,-87.62241541,POINT (-87.622415408801 41.852795124645)
cc56b85826212b94eb46327a02fd9dd4c8d08ec8362c4306c2f97b1d990338e8134bac9a0f7e4f92a4e8b4acf6080975320cc30e1a9870150eec9ae6aceb49d4,JG302693,,6/15/2023 19:27,30,NO CONTROLS,NO CONTROLS,CLEAR,DAYLIGHT,REAR END,PARKING LOT,,STRAIGHT AND LEVEL,DRY,NO DEFECTS,ON SCENE,NO INJURY / DRIVE AWAY,,,,"$501 - $1,500",6/15/2023 20:18,FOLLOWING TOO CLOSELY,NOT APPLICABLE,6622,W,FULLERTON AVE,2512,,,,,,,2,NO INDICATION OF INJURY,0,0,0,0,0,2,0,19,5,6,41.9237393,-87.79134898,POINT (-87.791348979169 41.9237392995)
8ef575c2fe2adef6ee46776a768baf55cf2ee81398a7aaed7328674962481fc43115bfc75532a71ee1c8f99f89d8aaa0942b820a3dce37349e3b2ab56f92d2ce,JG291696,,6/7/2023 11:05,30,TRAFFIC SIGNAL,FUNCTIONING PROPERLY,CLEAR,DAYLIGHT,REAR END,FOUR WAY,,STRAIGHT AND LEVEL,DRY,NO DEFECTS,ON SCENE,NO INJURY / DRIVE AWAY,,,,"OVER $1,500",6/7/2023 12:15,UNABLE TO DETERMINE,UNABLE TO DETERMINE,1001,S,CANAL ST,124,,,,,,,2,NO INDICATION OF INJURY,0,0,0,0,0,2,0,11,4,6,41.86971944,-87.63912864,POINT (-87.639128636908 41.869719442493)