CRASH_RECORD_ID,RD_NO,CRASH_DATE_EST_I,CRASH_DATE,POSTED_SPEED_LIMIT,TRAFFIC_CONTROL_DEVICE,DEVICE_CONDITION,WEATHER_CONDITION,LIGHTING_CONDITION,FIRST_CRASH_TYPE,TRAFFICWAY_TYPE,LANE_CNT,ALIGNMENT,ROADWAY_SURFACE_COND,ROAD_DEFECT,REPORT_TYPE,CRASH_TYPE,INTERSECTION_RELATED_I,NOT_RIGHT_OF_WAY_I,HIT_AND_RUN_I,DAMAGE,DATE_POLICE_NOTIFIED,PRIM_CONTRIBUTORY_CAUSE,SEC_CONTRIBUTORY_CAUSE,STREET_NO,STREET_DIRECTION,STREET_NAME,BEAT_OF_OCCURRENCE,PHOTOS_TAKEN_I,STATEMENTS_TAKEN_I,DOORING_I,WORK_ZONE_I,WORK_ZONE_TYPE,WORKERS_PRESENT_I,NUM_UNITS,MOST_SEVERE_INJURY,INJURIES_TOTAL,INJURIES_FATAL,INJURIES_INCAPACITATING,INJURIES_NON_INCAPACITATING,INJURIES_REPORTED_NOT_EVIDENT,INJURIES_NO_INDICATION,INJURIES_UNKNOWN,CRASH_HOUR,CRASH_DAY_OF_WEEK,CRASH_MONTH,LATITUDE,LONGITUDE,LOCATION
7b86d4ab1a4b5f0ed2d4fe954c2c2aa05da71ef6cc1bd128f1fa3d452b41047537d55ea8069289d3164a5bbd683d4b6028be2f3cce17aab6ad9df6c279f157fe,JG308473,,6/20/2023 12:19,30,NO CONTROLS,NO CONTROLS,CLEAR,DAYLIGHT,FIXED OBJECT,NOT DIVIDED,,STRAIGHT AND LEVEL,DRY,NO DEFECTS,ON SCENE,INJURY AND / OR TOW DUE TO CRASH,,,,"OVER $1,500",6/20/2023 12:21,NOT APPLICABLE,NOT APPLICABLE,3228,S,WOOD ST,912,,,,,,,1,NO INDICATION OF INJURY,0,0,0,0,0,1,0,12,3,6,41.83509751,-87.67066007,POINT (-87.670660070488 41.83509750988)
c7a70b165b0699c8280866208a049c655e83ef5f569f123254720fd44064a01d5b2454e767b6dd0d2ee0100858a7e823226216d94a725970f1c5fe28007d5f07,JG294782,,6/9/2023 17:15,30,UNKNOWN,UNKNOWN,UNKNOWN,DAYLIGHT,REAR END,NOT DIVIDED,,STRAIGHT AND LEVEL,UNKNOWN,UNKNOWN,NOT ON SCENE (DESK REPORT),NO INJURY / DRIVE AWAY,,,,"OVER $1,500",6/9/2023 18:39,NOT APPLICABLE,NOT APPLICABLE,681,N,LA SALLE DR,1832,,,,,,,2,NO INDICATION OF INJURY,0,0,0,0,0,2,0,17,6,6,41.8947732,-87.63252837,POINT (-87.632528374239 41.894773198169)
c16454adc87ed2d0787a319359bd0d946c58b5e881e0b30bc0457741f707634e7ade8370f6029c31a75c5f3c3d45ef94bffc148e9b5e2eed6d7beef9282e6390,JG275669,,5/26/2023 9:15,30,NO CONTROLS,NO CONTROLS,CLEAR,DAYLIGHT,PARKED MOTOR VEHICLE,ONE-WAY,,STRAIGHT AND LEVEL,DRY,UNKNOWN,ON SCENE,NO INJURY / DRIVE AWAY,,,Y,"OVER $1,500",5/26/2023 9:25,IMPROPER BACKING,FOLLOWING TOO CLOSELY,1500,N,KILDARE AVE,2534,,,,,,,2,NO INDICATION OF INJURY,0,0,0,0,0,1,0,9,6,5,41.90775316,-87.73396346,POINT (-87.733963458266 41.907753162175)
189af0d5fa1b8ee05794c3758779c6da26e78cd06d3a4872f2e55f67b2db64c1199f406d44e20c8c999881e398789feb3f83682faaaf5c2ab22e20c50187ff1c,JC560650,,12/26/2019 6:43,25,NO CONTROLS,NO CONTROLS,RAIN,DAWN,PEDESTRIAN,NOT DIVIDED,,STRAIGHT AND LEVEL,WET,NO DEFECTS,,NO INJURY / DRIVE AWAY,,,Y,$500 OR LESS,12/26/2019 11:00,NOT APPLICABLE,NOT APPLICABLE,2512,S,BLUE ISLAND AVE,1034,,,,,,,2,NO INDICATION OF INJURY,0,0,0,0,0,2,0,6,5,12,41.84687533,-87.68041088,POINT (-87.680410877859 41.846875325198)
bed8efbcec273b709dfbc6229f9afb1eb26d94781608e76d0cbb264fc30bc2ed04de711da9f54a9d59287d8083451bb655666a8f59a550b3d799df7b077ae919,JG300053,,6/13/2023 19:49,25,TRAFFIC SIGNAL,FUNCTIONING PROPERLY,RAIN,"DARKNESS, LIGHTED ROAD",REAR END,FOUR WAY,,STRAIGHT AND LEVEL,WET,NO DEFECTS,NOT ON SCENE (DESK REPORT),NO INJURY / DRIVE AWAY,Y,,,"$501 - $1,500",6/13/2023 19:51,FOLLOWING TOO CLOSELY,NOT APPLICABLE,173,N,BESSIE COLEMAN DR,1654,,,,,,,2,NO INDICATION OF INJURY,0,0,0,0,0,2,0,19,3,6,,,
0ffa32dc891268e098c4a8122e574e6d8629aa5fcfed24216f2b4363affdb2536f7db204e5b61cfbf126973117cb77dc99fcb49af92cbbbd32cd25dd82ff9c63,JG302216,,6/15/2023 14:10,30,NO CONTROLS,NO CONTROLS,CLEAR,DAYLIGHT,REAR END,NOT DIVIDED,,STRAIGHT AND LEVEL,UNKNOWN,UNKNOWN,NOT ON SCENE (DESK REPORT),NO INJURY / DRIVE AWAY,,,,"$501 - $1,500",6/15/2023 14:40,UNABLE TO DETERMINE,NOT APPLICABLE,7132,W,GRAND AVE,2512,,,,,,,2,NO INDICATION OF INJURY,0,0,0,0,0,2,0,14,5,6,41.92376227,-87.80395275,POINT (-87.803952749767 41.923762269729)
0b2727e8922eda06091399a10a5cb3520ec0d362628673402f2fae40a49ce42245cd61e7d1e8099201fb81f6694fa70108280f731f399c1b018dd3ad79877421,HZ471690,,10/12/2016 17:15,30,NO CONTROLS,NO CONTROLS,RAIN,DARKNESS,TURNING,NOT DIVIDED,2,STRAIGHT AND LEVEL,WET,UNKNOWN,NOT ON SCENE (DESK REPORT),NO INJURY / DRIVE AWAY,,,,"OVER $1,500",10/12/2016 18:14,FAILING TO YIELD RIGHT-OF-WAY,UNABLE TO DETERMINE,5501,S,HALSTED ST,711,,,,,,,2,NO INDICATION OF INJURY,0,0,0,0,0,3,0,17,4,10,41.79387391,-87.64500161,POINT (-87.645001610931 41.793873907747)
059da3917e29b783d965eef939fd1fa833593004f306d0e019f39caf42c3e0e1502d347448fc758f3b562dd7f1c16ee8e26c0a3ef72d6caee30b5e743595880d,HZ464448,,10/7/2016 4:20,30,TRAFFIC SIGNAL,FUNCTIONING PROPERLY,CLEAR,DAWN,REAR END,DIVIDED - W/MEDIAN (NOT RAISED),4,STRAIGHT AND LEVEL,DRY,NO DEFECTS,NOT ON SCENE (DESK REPORT),NO INJURY / DRIVE AWAY,,,,"$501 - $1,500",10/7/2016 5:00,IMPROPER BACKING,IMPROPER BACKING,1200,S,CANAL ST,124,,,,,,,2,NO INDICATION OF INJURY,0,0,0,0,0,2,0,4,6,10,41.86717513,-87.63937581,POINT (-87.639375812581 41.86717512472)
0cc26452022dce5b8fb5147bd87973690e456e4594992022e7d172f3604da12e1268af4e6178bc8c0add79bc36ac7bf47cd427a8f6408207af223040533916ea,JG250829,,5/6/2023 23:16,30,NO CONTROLS,NO CONTROLS,CLEAR,"DARKNESS, LIGHTED ROAD",PARKED MOTOR VEHICLE,NOT DIVIDED,,STRAIGHT AND LEVEL,DRY,NO DEFECTS,ON SCENE,NO INJURY / DRIVE AWAY,,,,"OVER $1,500",5/6/2023 23:16,CELL PHONE USE OTHER THAN TEXTING,DRIVING SKILLS/KNOWLEDGE/EXPERIENCE,2041,N,CENTRAL PARK AVE,1413,,,,,,,4,NO INDICATION OF INJURY,0,0,0,0,0,1,0,23,7,5,41.9185417,-87.71666291,POINT (-87.716662912599 41.91854170262)
09fd5c0d93f4400bcdf38f2650fe5f45ad44ff4b8548c28de6b7499e9ca3e3ab4ba53b29a3ea175d0515d86d9599bbdd228dfb94dc3ed3009eb3c9b77bcbd5d7,JG154466,,2/16/2023 8:09,35,TRAFFIC SIGNAL,FUNCTIONING PROPERLY,CLEAR,DAYLIGHT,REAR END,DIVIDED - W/MEDIAN (NOT RAISED),,STRAIGHT AND LEVEL,WET,NO DEFECTS,ON SCENE,NO INJURY / DRIVE AWAY,Y,,,"$501 - $1,500",2/16/2023 8:10,UNABLE TO DETERMINE,NOT APPLICABLE,103,N,PULASKI RD,1122,,,,,,,2,NO INDICATION OF INJURY,0,0,0,0,0,4,0,8,5,2,41.88198857,-87.72556084,POINT (-87.725560843628 41.881988572417)
04d801f73123e94c8882b4cc68d6e37a6cf3eb6973ed8d345dc8985efe13dac16cf8c36e8b934f7b879a7801820b5ddddfd39afaec8852c2f631c34fd2d688d2,JC287965,,6/1/2019 14:30,35,NO CONTROLS,NO CONTROLS,CLOUDY/OVERCAST,DAYLIGHT,SIDESWIPE SAME DIRECTION,DIVIDED - W/MEDIAN (NOT RAISED),,STRAIGHT AND LEVEL,WET,UNKNOWN,ON SCENE,NO INJURY / DRIVE AWAY,,,,"OVER $1,500",6/1/2019 15:15,UNABLE TO DETERMINE,NOT APPLICABLE,5130,W,NORTH AVE,2533,,,,,,,3,NO INDICATION OF INJURY,0,0,0,0,0,2,0,14,7,6,41.90963575,-87.75389813,POINT (-87.753898129309 41.909635750314)
00c7deb5acd151162f44910c9e98f4e294b2e0b819d4ace6e809ed641199d7ffe79ac1c371d58a428fac90acc50558de2ce4ccb56824711a74d125a9b1c84d35,JE474273,,12/11/2021 19:40,30,TRAFFIC SIGNAL,FUNCTIONING PROPERLY,CLEAR,DARKNESS,ANGLE,FOUR WAY,,STRAIGHT AND LEVEL,DRY,NO DEFECTS,ON SCENE,INJURY AND / OR TOW DUE TO CRASH,Y,,,"OVER $1,500",12/11/2021 19:40,UNABLE TO DETERMINE,UNABLE TO DETERMINE,380,E,71ST ST,322,,Y,,,,,3,NONINCAPACITATING INJURY,1,0,0,1,0,3,0,19,7,12,41.76581938,-87.61534677,POINT (-87.615346765287 41.765819375359)
0cb7fbe7d6539aced211139943843c43115973c8a166e417c402d70feb0db652e5c7c060e0ca46776cb7120bfb5fb698c546daac0296048276a1aee6c38145c8,JE289528,,7/1/2021 14:30,30,NO CONTROLS,NO CONTROLS,CLEAR,DAYLIGHT,TURNING,NOT DIVIDED,,STRAIGHT AND LEVEL,DRY,NO DEFECTS,NOT ON SCENE (DESK REPORT),INJURY AND / OR TOW DUE TO CRASH,Y,,,"OVER $1,500",7/4/2021 10:20,IMPROPER TURNING/NO SIGNAL,NOT APPLICABLE,3734,W,DIVISION ST,2535,,,,,,,2,NO INDICATION OF INJURY,0,0,0,0,0,2,0,14,5,7,41.90283076,-87.72043392,POINT (-87.720433922014 41.902830754554)
02f60e4299d3d7cd67ce7f112c969ba3f66fc80c45274ced09dc487ca6c02f093647761fa4f07702cc51fd90b272d06946daded6bcd7fe708fef8e520e7ee982,HZ545768,,12/9/2016 14:20,25,NO CONTROLS,NO CONTROLS,CLEAR,DAYLIGHT,FIXED OBJECT,ALLEY,1,STRAIGHT AND LEVEL,DRY,NO DEFECTS,NOT ON SCENE (DESK REPORT),NO INJURY / DRIVE AWAY,,Y,,"OVER $1,500",12/9/2016 14:44,UNABLE TO DETERMINE,UNABLE TO DETERMINE,6011,W,63RD ST,812,,,,,,,1,NO INDICATION OF INJURY,0,0,0,0,0,1,0,14,6,12,41.77774399,-87.77194626,POINT (-87.771946258408 41.7777439932)
08ca60be2881c0760b15cd9be1ba13f25f9f2bb9771d778e2b85815587fa4fd01c050b61725da673f5bb579685fd0ad0dab5464339dc6c99d68d0f2d8a43dab3,JB518995,,11/17/2018 1:52,30,NO CONTROLS,NO CONTROLS,CLEAR,"DARKNESS, LIGHTED ROAD",PARKED MOTOR VEHICLE,DIVIDED - W/MEDIAN BARRIER,2,STRAIGHT AND LEVEL,DRY,NO DEFECTS,ON SCENE,INJURY AND / OR TOW DUE TO CRASH,,,,"OVER $1,500",11/17/2018 1:54,UNDER THE INFLUENCE OF ALCOHOL/DRUGS (USE WHEN ARREST IS EFFECTED),UNDER THE INFLUENCE OF ALCOHOL/DRUGS (USE WHEN ARREST IS EFFECTED),1338,N,LA SALLE DR,1821,,,,,,,3,NO INDICATION OF INJURY,0,0,0,0,0,1,0,1,7,11,41.90689107,-87.63316818,POINT (-87.633168183768 41.906891067801)
003a60874359531787f1bebf94a0160e7128d8939a8c4d5c6a76f41a9374850c243a0221c43ac3b3adafd6fc4a37356c33a189c92979508079dc189b04add093,HZ467395,,10/9/2016 11:30,0,NO CONTROLS,NO CONTROLS,CLEAR,UNKNOWN,PARKED MOTOR VEHICLE,DIVIDED - W/MEDIAN (NOT RAISED),2,STRAIGHT AND LEVEL,DRY,NO DEFECTS,NOT ON SCENE (DESK REPORT),NO INJURY / DRIVE AWAY,,,Y,"OVER $1,500",10/9/2016 13:00,UNABLE TO DETERMINE,NOT APPLICABLE,5912,W,ADAMS BLVD,1513,,,,,,,2,NO INDICATION OF INJURY,0,0,0,0,0,1,0,11,1,10,41.87776097,-87.7718759,POINT (-87.771875898195 41.877760968976)
04beaff464aa5430d1b272c67cec91fa9171614fdb62c36430ff2e2c3fd494f22b43fd1384db81014b9f7ca91c35ddb642e877d3e3950c30417813ca7165484a,JE418846,,10/22/2021 16:00,30,TRAFFIC SIGNAL,FUNCTIONING PROPERLY,CLEAR,DAYLIGHT,TURNING,DIVIDED - W/MEDIAN (NOT RAISED),,STRAIGHT AND LEVEL,DRY,NO DEFECTS,NOT ON SCENE (DESK REPORT),NO INJURY / DRIVE AWAY,Y,,,"OVER $1,500",10/22/2021 16:25,UNABLE TO DETERMINE,UNABLE TO DETERMINE,733,W,31ST ST,915,,,,,,,2,NO INDICATION OF INJURY,0,0,0,0,0,4,0,16,6,10,41.83794946,-87.6451252,POINT (-87.645125195572 41.837949457934)
0ae5927a7ca60bd2549688ddb687a47421499726321b086cf01ff275aa48d5a6148900980ba52b549ab54212ad85d295c3ebce55292e66ae78866dbd8a24a93a,JB330403,,6/30/2018 17:30,30,NO CONTROLS,NO CONTROLS,CLEAR,DAYLIGHT,PARKED MOTOR VEHICLE,ONE-WAY,,STRAIGHT AND LEVEL,DRY,NO DEFECTS,NOT ON SCENE (DESK REPORT),NO INJURY / DRIVE AWAY,,,,"OVER $1,500",7/1/2018 10:26,UNABLE TO DETERMINE,UNABLE TO DETERMINE,6314,S,TROY ST,823,,,,,,,2,NO INDICATION OF INJURY,0,0,0,0,0,1,0,17,7,6,41.77848257,-87.70205054,POINT (-87.702050534881 41.778482567379)
071b310a9c8bfdb1319e929351e0aa0e6694e969c3a3c70e4b5bdce01f31f56af1908d899f61b41415d43587b31226a55f72e0febd82c02f17c0eb13e365a1ef,JE128158,,1/31/2021 7:08,30,UNKNOWN,UNKNOWN,SNOW,DAYLIGHT,SIDESWIPE SAME DIRECTION,ONE-WAY,,STRAIGHT AND LEVEL,SNOW OR SLUSH,UNKNOWN,ON SCENE,NO INJURY / DRIVE AWAY,,,,"$501 - $1,500",1/31/2021 7:36,WEATHER,WEATHER,6437,S,DREXEL AVE,314,,,,,,,2,NO INDICATION OF INJURY,0,0,0,0,0,1,0,7,1,1,41.77752314,-87.60267501,POINT (-87.602675008318 41.777523143848)
07e4bdddb45676efc22a05b320e463cd077c54e414b9b59de7b0666796f08ed5047940d2a0c74e8b1ab025e342ca814cda3a7a9fefa71f6f19e131eb031c573b,JC133978,,1/29/2019 17:01,30,NO CONTROLS,NO CONTROLS,CLEAR,"DARKNESS, LIGHTED ROAD",SIDESWIPE SAME DIRECTION,NOT DIVIDED,4,STRAIGHT ON GRADE,WET,UNKNOWN,ON SCENE,NO INJURY / DRIVE AWAY,,,,$500 OR LESS,1/29/2019 17:37,UNABLE TO DETERMINE,UNABLE TO DETERMINE,2314,W,47TH ST,924,,,,,,,2,NO INDICATION OF INJURY,0,0,0,0,0,3,0,17,3,1,41.80853528,-87.68264958,POINT (-87.682649579396 41.808535275893)
09b2fb4e04e0e2e22d722d013a4f4542f087b0e373957169d0265a1960eb6ed1e0b4a3b8448f8051197be1af10034be0400e7d105d1910f2fd309114a8a3ca2c,JC306873,,6/14/2019 22:00,30,TRAFFIC SIGNAL,FUNCTIONING PROPERLY,RAIN,"DARKNESS, LIGHTED ROAD",REAR END,DIVIDED - W/MEDIAN (NOT RAISED),,STRAIGHT AND LEVEL,WET,NO DEFECTS,NOT ON SCENE (DESK REPORT),NO INJURY / DRIVE AWAY,,,Y,"OVER $1,500",6/14/2019 23:00,FOLLOWING TOO CLOSELY,UNABLE TO DETERMINE,801,N,PULASKI RD,1112,,,,,,,3,NO INDICATION OF INJURY,0,0,0,0,0,3,0,22,6,6,41.89546215,-87.72593681,POINT (-87.725936808712 41.895462150386)
0a388a6f2969f5ad9344551a4c4cd280cc22ed9412a1f9a51a811cdda29adb87f4d46217d72386722582a7e350ef3ec1dfb3bcf6f93ec7b17564b4ef290d311b,JC307856,,6/15/2019 16:14,30,NO CONTROLS,NO CONTROLS,RAIN,DAYLIGHT,SIDESWIPE SAME DIRECTION,DIVIDED - W/MEDIAN (NOT RAISED),,STRAIGHT AND LEVEL,WET,UNKNOWN,NOT ON SCENE (DESK REPORT),NO INJURY / DRIVE AWAY,,,,"OVER $1,500",6/15/2019 16:45,FAILING TO YIELD RIGHT-OF-WAY,DRIVING SKILLS/KNOWLEDGE/EXPERIENCE,2400,W,71ST ST,832,,,,,,,2,NO INDICATION OF INJURY,0,0,0,0,0,5,0,16,7,6,41.76481039,-87.68330877,POINT (-87.683308769447 41.764810388279)
06c5006caa1c41b63ae36b40c5f051a1a3c7935d30fd22ea18f0d7b5623766eed13d7672cc29823628e70090fd329eb6c09128988209d5db8671447352d1414f,JB364746,,7/25/2018 14:40,30,TRAFFIC SIGNAL,FUNCTIONING PROPERLY,CLEAR,DAYLIGHT,REAR END,DIVIDED - W/MEDIAN (NOT RAISED),4,STRAIGHT AND LEVEL,DRY,NO DEFECTS,NOT ON SCENE (DESK REPORT),INJURY AND / OR TOW DUE TO CRASH,Y,,,"OVER $1,500",7/25/2018 14:46,FOLLOWING TOO CLOSELY,NOT APPLICABLE,3801,W,ARMITAGE AVE,2535,,,,,,,2,NONINCAPACITATING INJURY,1,0,0,1,0,2,0,14,4,7,41.91711238,-87.72172367,POINT (-87.721723667078 41.91711238123)
0c10d630e9d75bc0c9e3482e7c3f16cacccca6946d86009155443b13aad999410203cf7849f2a7afe92c4f18b03c98737b4db6aefd0d24871f53f8f331e22f38,JB122821,Y,1/20/2018 3:00,15,NO CONTROLS,NO CONTROLS,CLEAR,DAYLIGHT,PARKED MOTOR VEHICLE,ONE-WAY,1,STRAIGHT AND LEVEL,SNOW OR SLUSH,NO DEFECTS,ON SCENE,NO INJURY / DRIVE AWAY,,,N,"OVER $1,500",1/20/2018 9:25,UNABLE TO DETERMINE,UNABLE TO DETERMINE,2340,E,80TH ST,414,,,,,,,3,NO INDICATION OF INJURY,0,0,0,0,0,1,0,3,7,1,41.75001185,-87.56702518,POINT (-87.567025183639 41.750011851972)
062fa9a9e86812615a2688f44e38d5c8e371839d61a6665b93c7447113e6077ee057c62171d1aa0201c2c5aa09665b8d7be8c69851f6a852d7feddd2c7387245,JB486844,,10/23/2018 12:45,30,NO CONTROLS,OTHER,CLEAR,DAYLIGHT,REAR END,NOT DIVIDED,2,STRAIGHT AND LEVEL,DRY,NO DEFECTS,ON SCENE,INJURY AND / OR TOW DUE TO CRASH,,,Y,"OVER $1,500",10/23/2018 12:55,IMPROPER BACKING,NOT APPLICABLE,751,W,HUBBARD ST,1214,,,,,,,2,NO INDICATION OF INJURY,0,0,0,0,0,2,0,12,3,10,41.8899768,-87.64752259,POINT (-87.647522592039 41.889976802706)
059627d62c6e05f27216a94aeb140ab8a0798c521df6279c00d392465a4796bcbf56c9797d1f38f7139f8a04ee0a8abeba370ae25d65e97ce321678c774ba20e,HY537696,,12/15/2015 8:15,10,NO CONTROLS,NO CONTROLS,CLEAR,DAYLIGHT,ANGLE,PARKING LOT,2,STRAIGHT AND LEVEL,DRY,NO DEFECTS,ON SCENE,INJURY AND / OR TOW DUE TO CRASH,Y,,,"OVER $1,500",12/15/2015 8:15,EXCEEDING SAFE SPEED FOR CONDITIONS,"VISION OBSCURED (SIGNS, TREE LIMBS, BUILDINGS, ETC.)",6714,S,STONY ISLAND AVE,332,Y,Y,,,,,2,NO INDICATION OF INJURY,0,0,0,0,0,2,0,8,3,12,41.77285156,-87.58644192,POINT (-87.586441916336 41.772851560705)
0c7750a24acecda574b2b3abff7a3eba03ef309d0cf84716110362bbc588c2ccb0cf49a218c446ad8088166f2bcb50c476e667f289b3cd499656b430ca0d980f,JG231602,,4/20/2023 17:32,35,NO CONTROLS,NO CONTROLS,CLEAR,"DARKNESS, LIGHTED ROAD",TURNING,NOT DIVIDED,,STRAIGHT AND LEVEL,DRY,UNKNOWN,NOT ON SCENE (DESK REPORT),NO INJURY / DRIVE AWAY,,,,"OVER $1,500",4/21/2023 1:20,IMPROPER TURNING/NO SIGNAL,NOT APPLICABLE,4051,N,RAVENSWOOD AVE,1912,,,,,,,2,NO INDICATION OF INJURY,0,0,0,0,0,2,0,17,5,4,41.95574842,-87.67368652,POINT (-87.673686519728 41.955748421948)
0ae92411daea9adf2f89041dd083412071a93bbedaa91d5bd6ef7e14b8b33446447893e0f73476dd0428df339334f1ecdb36c8123cc397636b324fb4a69f72e6,JB374226,,8/1/2018 10:40,30,TRAFFIC SIGNAL,FUNCTIONING PROPERLY,CLEAR,DAYLIGHT,REAR END,NOT DIVIDED,2,STRAIGHT AND LEVEL,DRY,NO DEFECTS,NOT ON SCENE (DESK REPORT),NO INJURY / DRIVE AWAY,,,,"$501 - $1,500",8/1/2018 11:00,UNABLE TO DETERMINE,FAILING TO REDUCE SPEED TO AVOID CRASH,1400,W,LAKE ST,1215,,,,,,,2,NO INDICATION OF INJURY,0,0,0,0,0,2,0,10,4,8,41.88551896,-87.66276603,POINT (-87.662766028083 41.885518962155)
005088ba2c17d5cb462d84ed5969dd5f6ed459cb668e93b6ad15792cb87687a4ca6504904387e24ebf114f5591f7a5a53f1f46b48c1444f4034f51bb0424b1cf,JD102037,,1/2/2020 16:20,30,NO CONTROLS,NO CONTROLS,CLEAR,"DARKNESS, LIGHTED ROAD",TURNING,OTHER,,STRAIGHT AND LEVEL,DRY,NO DEFECTS,NOT ON SCENE (DESK REPORT),NO INJURY / DRIVE AWAY,,,,"OVER $1,500",1/2/2020 17:55,IMPROPER OVERTAKING/PASSING,UNABLE TO DETERMINE,3204,N,MILWAUKEE AVE,1732,,,,,,,2,NO INDICATION OF INJURY,0,0,0,0,0,3,0,16,5,1,41.93916974,-87.72420496,POINT (-87.724204960162 41.939169744055)
00077d93f6ccf27721f44424874e7099c150ec3b92ac829c9244f441efce896d2f2722d5c8cbdf0823ad5a3fe2393b6d88861f86240a127a2c2ecf0db8de0a98,JE143733,,2/17/2021 11:00,20,NO CONTROLS,NO CONTROLS,CLEAR,DAYLIGHT,PARKED MOTOR VEHICLE,NOT DIVIDED,,STRAIGHT AND LEVEL,DRY,NO DEFECTS,ON SCENE,NO INJURY / DRIVE AWAY,,,,"OVER $1,500",2/17/2021 11:02,IMPROPER TURNING/NO SIGNAL,NOT APPLICABLE,328,W,104TH ST,512,,,,,,,2,NO INDICATION OF INJURY,0,0,0,0,0,1,0,11,4,2,41.70533982,-87.63191088,POINT (-87.631910882766 41.705339816951)
0c234de97bb1c238fdb2adc929fca1643d0c55147def338538ba4247faea9eccfa22f6608bb21934a3f350d55a3e96ec9ad9a522819a248402adacd99570adbd,HZ473488,,10/14/2016 5:46,30,UNKNOWN,UNKNOWN,UNKNOWN,"DARKNESS, LIGHTED ROAD",PARKED MOTOR VEHICLE,NOT DIVIDED,2,STRAIGHT AND LEVEL,UNKNOWN,UNKNOWN,ON SCENE,NO INJURY / DRIVE AWAY,,,,"OVER $1,500",10/14/2016 5:46,NOT APPLICABLE,NOT APPLICABLE,1956,W,MAYPOLE AVE,1223,,,,,,,2,NO INDICATION OF INJURY,0,0,0,0,0,2,0,5,6,10,41.88417976,-87.67659645,POINT (-87.676596448675 41.884179758981)
03b3c3b04428192ed992760d50dcd1e45c5be3e67914a255963a90d682ce757d94a892ebcff5556746825fb346f66bb86d4abb68d11cd09bad37ee8a3ddc559e,JC264991,,5/16/2019 5:45,30,NO CONTROLS,NO CONTROLS,CLEAR,DAYLIGHT,PARKED MOTOR VEHICLE,ONE-WAY,,STRAIGHT AND LEVEL,DRY,NO DEFECTS,ON SCENE,NO INJURY / DRIVE AWAY,,,,"OVER $1,500",5/16/2019 5:55,UNABLE TO DETERMINE,UNABLE TO DETERMINE,6341,S,MOZART ST,823,,,,,,,4,NO INDICATION OF INJURY,0,0,0,0,0,1,0,5,5,5,41.77787797,-87.69443149,POINT (-87.694431494225 41.777877966547)
08f0cf87214301edd724f634265db4f2e27d64200e64cae3b06505b18d9f6232876c893292ce46d1748212bfe56c16c005f448992b8e0b3c8762225e8e9df354,JC305062,,6/13/2019 17:54,30,TRAFFIC SIGNAL,FUNCTIONING PROPERLY,CLEAR,DAYLIGHT,PEDESTRIAN,FOUR WAY,,STRAIGHT AND LEVEL,DRY,NO DEFECTS,ON SCENE,INJURY AND / OR TOW DUE TO CRASH,Y,,,$500 OR LESS,6/13/2019 17:56,NOT APPLICABLE,NOT APPLICABLE,4200,N,BROADWAY,1915,,,,,,,2,NONINCAPACITATING INJURY,1,0,0,1,0,1,0,17,5,6,41.95848356,-87.65321449,POINT (-87.653214489169 41.958483563302)
058581a11a9eab027c2975c3f08a417c1783f6f0a7783181ed73229cf9a68cb3e98ea5e68c888b0595c8ef92d771334fcb940c55e2f634013d462908d1287962,HZ429496,,9/11/2016 9:33,10,NO CONTROLS,NO CONTROLS,CLEAR,DAYLIGHT,PARKED MOTOR VEHICLE,NOT DIVIDED,1,STRAIGHT AND LEVEL,DRY,NO DEFECTS,NOT ON SCENE (DESK REPORT),INJURY AND / OR TOW DUE TO CRASH,,,,"OVER $1,500",9/11/2016 12:15,"OPERATING VEHICLE IN ERRATIC, RECKLESS, CARELESS, NEGLIGENT OR AGGRESSIVE MANNER","OPERATING VEHICLE IN ERRATIC, RECKLESS, CARELESS, NEGLIGENT OR AGGRESSIVE MANNER",3934,S,CALIFORNIA AVE,921,,,,,,,2,NONINCAPACITATING INJURY,1,0,0,1,0,1,0,9,1,9,41.82175123,-87.69477235,POINT (-87.694772353419 41.82175122872)
080990f6bcb79b5a2ce70106bc2241630a737749553f3b9f08702162cda3c91bff546c961d33cef90f4ea85a6e99e1cc17620e092b44003ca3bfd2206af4fd70,JD311972,,7/27/2020 17:07,35,NO CONTROLS,FUNCTIONING PROPERLY,CLEAR,DAYLIGHT,REAR END,DIVIDED - W/MEDIAN (NOT RAISED),,STRAIGHT AND LEVEL,DRY,NO DEFECTS,ON SCENE,INJURY AND / OR TOW DUE TO CRASH,,,,"OVER $1,500",7/27/2020 17:12,FAILING TO REDUCE SPEED TO AVOID CRASH,UNABLE TO DETERMINE,4039,S,ARCHER AVE,921,,,,,,,2,NO INDICATION OF INJURY,0,0,0,0,0,2,0,17,2,7,41.82025817,-87.69395351,POINT (-87.693953506012 41.820258168307)
08e15049d79bdf27de8af08be2f7a560bd17492148596f0a7a98dbdf4e0ec7b6a53cad9f760440600919db20a42e12fb3c4b120c0ec76918d5a296acc0603752,JF113897,,1/15/2022 15:43,45,TRAFFIC SIGNAL,FUNCTIONING PROPERLY,CLEAR,DAYLIGHT,REAR END,DIVIDED - W/MEDIAN (NOT RAISED),,STRAIGHT AND LEVEL,DRY,NO DEFECTS,ON SCENE,INJURY AND / OR TOW DUE TO CRASH,,,,"OVER $1,500",1/15/2022 15:45,EQUIPMENT - VEHICLE CONDITION,UNABLE TO DETERMINE,11100,W,IRVING PARK RD,1654,,,,,,,3,NONINCAPACITATING INJURY,1,0,0,1,0,4,0,15,7,1,41.95118942,-87.90078123,POINT (-87.900781228565 41.951189422548)