CRASH_RECORD_ID,RD_NO,CRASH_DATE_EST_I,CRASH_DATE,POSTED_SPEED_LIMIT,TRAFFIC_CONTROL_DEVICE,DEVICE_CONDITION,WEATHER_CONDITION,LIGHTING_CONDITION,FIRST_CRASH_TYPE,TRAFFICWAY_TYPE,LANE_CNT,ALIGNMENT,ROADWAY_SURFACE_COND,ROAD_DEFECT,REPORT_TYPE,CRASH_TYPE,INTERSECTION_RELATED_I,NOT_RIGHT_OF_WAY_I,HIT_AND_RUN_I,DAMAGE,DATE_POLICE_NOTIFIED,PRIM_CONTRIBUTORY_CAUSE,SEC_CONTRIBUTORY_CAUSE,STREET_NO,STREET_DIRECTION,STREET_NAME,BEAT_OF_OCCURRENCE,PHOTOS_TAKEN_I,STATEMENTS_TAKEN_I,DOORING_I,WORK_ZONE_I,WORK_ZONE_TYPE,WORKERS_PRESENT_I,NUM_UNITS,MOST_SEVERE_INJURY,INJURIES_TOTAL,INJURIES_FATAL,INJURIES_INCAPACITATING,INJURIES_NON_INCAPACITATING,INJURIES_REPORTED_NOT_EVIDENT,INJURIES_NO_INDICATION,INJURIES_UNKNOWN,CRASH_HOUR,CRASH_DAY_OF_WEEK,CRASH_MONTH,LATITUDE,LONGITUDE,LOCATION
081c611cf14d18ea8279d6e3f644341cfeeb06398dc3b0b22fdc975f77d0ee2269d0bd04dc3ec680051be076ed6b80705654c3290797a6b9886ab5c771a993e8,JE401037,,10/7/2021 7:35,30,STOP SIGN/FLASHER,FUNCTIONING PROPERLY,RAIN,DAYLIGHT,ANGLE,NOT DIVIDED,,STRAIGHT AND LEVEL,WET,NO DEFECTS,NOT ON SCENE (DESK REPORT),NO INJURY / DRIVE AWAY,,,,"OVER $1,500",10/7/2021 7:50,FAILING TO YIELD RIGHT-OF-WAY,NOT APPLICABLE,5800,N,CENTRAL AVE,1622,,,,,,,2,NO INDICATION OF INJURY,0,0,0,0,0,2,0,7,5,10,41.98614956,-87.76841997,POINT (-87.76841997193 41.986149564207)
0567b60196997480ad79f2a5ae50a10c7ce3542e01713a65bb5e106ded21ef57eb6a934f9230fc3457892dccedbb92caa23f5bb10d1a327cebaff01458e96258,JG294671,,6/9/2023 16:04,35,OTHER,FUNCTIONING PROPERLY,UNKNOWN,UNKNOWN,PARKED MOTOR VEHICLE,NOT DIVIDED,,STRAIGHT AND LEVEL,UNKNOWN,UNKNOWN,NOT ON SCENE (DESK REPORT),NO INJURY / DRIVE AWAY,,,,$500 OR LESS,6/9/2023 17:10,IMPROPER BACKING,UNABLE TO DETERMINE,2,W,RANDOLPH ST,111,,,,,,,2,NO INDICATION OF INJURY,0,0,0,0,0,1,0,16,6,6,41.88460018,-87.62798897,POINT (-87.627988967324 41.88460017778)
0c1385a36df7169b366cef421c869cfbcd918560f8099f8e37a7ff9171eeb3afeec1c9cfedf853d21f25c3444e95744e56f21d929af7831960ca9daa5240f18d,JG248639,,5/5/2023 7:25,30,OTHER,OTHER,CLEAR,DAYLIGHT,SIDESWIPE SAME DIRECTION,RAMP,,STRAIGHT AND LEVEL,DRY,NO DEFECTS,ON SCENE,NO INJURY / DRIVE AWAY,,,,"$501 - $1,500",5/5/2023 7:28,UNABLE TO DETERMINE,NOT APPLICABLE,3260,S,WESTERN AVE,911,,,,,,,2,NO INDICATION OF INJURY,0,0,0,0,0,2,0,7,6,5,41.83394968,-87.68535594,POINT (-87.685355942151 41.83394967489)
0bdf13433c3bda93eafd2891a00eee12acdcb2ac46c4b33d6025499c43ca59270b9a86def5c0508370ef018b158984bc54bb8bbb7bbaffa9969d6926813a29f1,JB377273,,8/3/2018 11:00,30,NO CONTROLS,NO CONTROLS,CLEAR,DAYLIGHT,TURNING,DIVIDED - W/MEDIAN BARRIER,3,STRAIGHT AND LEVEL,DRY,NO DEFECTS,NOT ON SCENE (DESK REPORT),NO INJURY / DRIVE AWAY,,,,"OVER $1,500",8/3/2018 11:45,IMPROPER LANE USAGE,NOT APPLICABLE,700,W,ROOSEVELT RD,1232,,,,,,,2,NO INDICATION OF INJURY,0,0,0,0,0,2,0,11,6,8,41.86728716,-87.64524694,POINT (-87.645246941532 41.867287162218)
01e261b6edae6862c8268942357a24e80f7c4ed5832cc03403598cec52d3756fd8c7d2ec27adee1406618e0ab548901004f7377bc1a5d96de63b249fdc07827e,JE262681,Y,6/11/2021 21:40,30,TRAFFIC SIGNAL,FUNCTIONING PROPERLY,CLEAR,DARKNESS,FIXED OBJECT,CENTER TURN LANE,,STRAIGHT AND LEVEL,DRY,NO DEFECTS,ON SCENE,INJURY AND / OR TOW DUE TO CRASH,Y,,,"OVER $1,500",6/11/2021 21:45,UNABLE TO DETERMINE,NOT APPLICABLE,402,W,BELMONT AVE,1925,,,,,,,1,NO INDICATION OF INJURY,0,0,0,0,0,1,0,21,6,6,41.94023419,-87.63972113,POINT (-87.639721132135 41.940234188434)
0207333e6aa1d26e0e3d5d21c7c51a2b073eb776d16aa89af327d2d8959a1b33cf1a097494ecbfc33dbc0c149b78befcb1ad1a5bbf26f623e33677c2d49d5d8f,JC253352,,5/1/2019 18:30,30,TRAFFIC SIGNAL,FUNCTIONING PROPERLY,CLEAR,DAYLIGHT,REAR END,NOT DIVIDED,,STRAIGHT AND LEVEL,UNKNOWN,UNKNOWN,NOT ON SCENE (DESK REPORT),NO INJURY / DRIVE AWAY,,,,"$501 - $1,500",5/7/2019 12:23,FOLLOWING TOO CLOSELY,FOLLOWING TOO CLOSELY,4000,N,ASHLAND AVE,1912,,,,,,,2,NO INDICATION OF INJURY,0,0,0,0,0,2,0,18,4,5,41.95437933,-87.66919912,POINT (-87.669199119804 41.954379326213)
028bcbd96f5bdfce580cd8115d62f8c0632e06b6f9e33928b1425b0ccf2b44bbe78a3c62112a363b17efc4e876cd66eab0b2f2a061e3dc47776466c2327b2b82,JC537995,,12/7/2019 11:21,30,NO CONTROLS,FUNCTIONING PROPERLY,CLEAR,DAYLIGHT,REAR END,NOT DIVIDED,,STRAIGHT AND LEVEL,DRY,NO DEFECTS,ON SCENE,INJURY AND / OR TOW DUE TO CRASH,,,,"OVER $1,500",12/7/2019 11:22,FOLLOWING TOO CLOSELY,NOT APPLICABLE,7724,S,SOUTH SHORE DR,421,,,,,,,3,NO INDICATION OF INJURY,0,0,0,0,0,8,0,11,7,12,41.7564036,-87.5529828,POINT (-87.552982796101 41.756403602538)
0ac2a90f7a3df3621433a87fa665dd8eafa699ba4671db9c62e9e3f8ed9e4d9d460bff764cddf356f8f1ef5d21366baed2580f2c5567f9c77db23a719eac2ad1,JE246136,,5/28/2021 17:45,35,TRAFFIC SIGNAL,FUNCTIONING PROPERLY,RAIN,DAYLIGHT,ANGLE,T-INTERSECTION,,STRAIGHT AND LEVEL,WET,NO DEFECTS,NOT ON SCENE (DESK REPORT),NO INJURY / DRIVE AWAY,Y,,Y,"OVER $1,500",5/28/2021 18:00,IMPROPER OVERTAKING/PASSING,FAILING TO YIELD RIGHT-OF-WAY,7300,S,SOUTH CHICAGO AVE,323,,,,,,,2,NO INDICATION OF INJURY,0,0,0,0,0,2,0,17,6,5,41.76211852,-87.60054649,POINT (-87.600546490421 41.762118521643)
0b0dae898da172e10af7d96790167846c5efce65a7fa3eedf60480b962379dedd42ffea551b031ff134ed31486b80ab0626f9c8f61b512fc1881d7da7be62685,JC379150,,8/5/2019 8:30,30,TRAFFIC SIGNAL,FUNCTIONING PROPERLY,CLEAR,DAYLIGHT,TURNING,NOT DIVIDED,,STRAIGHT AND LEVEL,DRY,NO DEFECTS,NOT ON SCENE (DESK REPORT),NO INJURY / DRIVE AWAY,Y,,,"OVER $1,500",8/5/2019 9:00,UNABLE TO DETERMINE,UNABLE TO DETERMINE,3159,W,ADDISON ST,1733,,,,,,,2,NO INDICATION OF INJURY,0,0,0,0,0,2,0,8,2,8,41.94652197,-87.70775808,POINT (-87.707758079983 41.946521971142)
0b71aab9eb20d61178cbacff88bb0730e0a09db58a2d762cddd9cb83d1169ec29d56e11e0698a1e17e880dce7be3b1c5445ff99c14af1164e42b3725b6cc73df,HZ204942,,3/29/2016 0:35,35,NO CONTROLS,NO CONTROLS,CLEAR,"DARKNESS, LIGHTED ROAD",FIXED OBJECT,NOT DIVIDED,2,STRAIGHT AND LEVEL,DRY,UNKNOWN,ON SCENE,INJURY AND / OR TOW DUE TO CRASH,,,,"OVER $1,500",3/29/2016 0:40,UNABLE TO DETERMINE,ROAD CONSTRUCTION/MAINTENANCE,504,E,71ST ST,322,,,,Y,CONSTRUCTION,,1,NO INDICATION OF INJURY,0,0,0,0,0,1,0,0,3,3,41.76586568,-87.61262037,POINT (-87.612620370613 41.765865674847)
01faeaba573eb45a4eb7fdab4c014ca7d06153c43f59a319866715a0b2002ccc41d685315fb3035e0a60167530363fb0ba4b171afe0f301300f614a044a444d5,JD396954,,10/12/2020 13:00,30,NO CONTROLS,NO CONTROLS,RAIN,DAYLIGHT,PARKED MOTOR VEHICLE,ONE-WAY,,STRAIGHT AND LEVEL,WET,NO DEFECTS,ON SCENE,INJURY AND / OR TOW DUE TO CRASH,,,Y,"OVER $1,500",10/12/2020 13:30,UNABLE TO DETERMINE,NOT APPLICABLE,1620,E,69TH ST,332,,,,,,,5,NO INDICATION OF INJURY,0,0,0,0,0,1,0,13,2,10,41.76981868,-87.58518057,POINT (-87.585180572464 41.769818684141)
0adaf07499654d44851943dc9577366912dc5360f0955eef6939f3e210e3c8fb00934a375df2a2abd951a84f5c9acfff61bfbec8ad99bd628a7b59815ae84ff1,JF462050,,11/4/2022 13:00,30,TRAFFIC SIGNAL,FUNCTIONING PROPERLY,RAIN,DAYLIGHT,PEDALCYCLIST,DIVIDED - W/MEDIAN (NOT RAISED),,STRAIGHT AND LEVEL,WET,NO DEFECTS,ON SCENE,NO INJURY / DRIVE AWAY,Y,,,$500 OR LESS,11/4/2022 13:14,FAILING TO YIELD RIGHT-OF-WAY,DISREGARDING OTHER TRAFFIC SIGNS,1601,W,CONGRESS PKWY,1231,,,,,,,2,NO INDICATION OF INJURY,0,0,0,0,0,4,0,13,6,11,41.87506476,-87.66674637,POINT (-87.666746366711 41.875064760708)
068858e560853d24541652b6f87011e81c143d253cfaae34110526011e6b405508766505e22fdeef2a3f22ac3c3b742fd133ecfa8443fa867c324a518e319035,JE239641,,5/23/2021 7:00,25,POLICE/FLAGMAN,NO CONTROLS,CLEAR,DAYLIGHT,PARKED MOTOR VEHICLE,ONE-WAY,,STRAIGHT AND LEVEL,DRY,NO DEFECTS,ON SCENE,INJURY AND / OR TOW DUE TO CRASH,,,,"OVER $1,500",5/23/2021 7:25,UNABLE TO DETERMINE,NOT APPLICABLE,3708,W,DOUGLAS BLVD,1011,,,,,,,3,NO INDICATION OF INJURY,0,0,0,0,0,1,0,7,1,5,41.86292973,-87.71811972,POINT (-87.718119716102 41.862929732132)
06dfb05f2f9c51f40cfb3adb404301ceb8d7be5d1621b7988ab784a85635abab93307bd57459cd3f7c8b1cddedcae84362971ae04b45b634e93da1ca9abaeab0,JD442540,,11/26/2020 16:31,30,TRAFFIC SIGNAL,FUNCTIONING PROPERLY,CLEAR,"DARKNESS, LIGHTED ROAD",REAR END,DIVIDED - W/MEDIAN BARRIER,,STRAIGHT AND LEVEL,DRY,NO DEFECTS,NOT ON SCENE (DESK REPORT),NO INJURY / DRIVE AWAY,Y,,,"OVER $1,500",11/26/2020 16:35,DISTRACTION - FROM INSIDE VEHICLE,UNABLE TO DETERMINE,9500,S,HALSTED ST,2223,,,,,,,2,NO INDICATION OF INJURY,0,0,0,0,0,5,0,16,5,11,41.72136506,-87.64335804,POINT (-87.643358042341 41.721365060783)
0bff1428fae20c6a7ff510ae74d8e43fda56a9d54ce5e0d02d243c40faab91a23d74e65f2ef1ff059ef9798b27e98bcb0b1e519d467501722f27aec4a806033a,JA278128,,5/25/2017 1:30,30,TRAFFIC SIGNAL,FUNCTIONING PROPERLY,CLEAR,"DARKNESS, LIGHTED ROAD",ANGLE,ONE-WAY,,STRAIGHT AND LEVEL,DRY,NO DEFECTS,NOT ON SCENE (DESK REPORT),NO INJURY / DRIVE AWAY,Y,,,"$501 - $1,500",5/25/2017 2:05,UNABLE TO DETERMINE,UNABLE TO DETERMINE,200,W,WASHINGTON ST,122,,,,,,,2,NO INDICATION OF INJURY,0,0,0,0,0,2,0,1,5,5,41.88332002,-87.63393327,POINT (-87.633933267711 41.883320022301)
0b62e9b758840e155c7f66fb41e3f94d8841960635e77ab6926fb70e8f916e022eb4cccdc9eac46f5d6a8ab990275a82fb6b895b9cc64e14eea595738c631ac3,JE138098,,2/10/2021 16:20,30,NO CONTROLS,NO CONTROLS,FOG/SMOKE/HAZE,DAYLIGHT,SIDESWIPE SAME DIRECTION,NOT DIVIDED,,STRAIGHT AND LEVEL,WET,NO DEFECTS,NOT ON SCENE (DESK REPORT),NO INJURY / DRIVE AWAY,,,,"OVER $1,500",2/10/2021 17:00,UNABLE TO DETERMINE,NOT APPLICABLE,4363,S,ARCHER AVE,922,,,,,,,2,NO INDICATION OF INJURY,0,0,0,0,0,2,0,16,4,2,41.81421181,-87.7038199,POINT (-87.703819895437 41.814211810102)
0516a02cfe064ebbb59c1677bb786c629004c6da87a11b9a737d0e559e0fdac5b29c444fcb994cdf9c68cf8e3e79a1eb19082638fb92e15105c2609e26179ea1,JB551069,,12/13/2018 5:20,30,NO CONTROLS,NO CONTROLS,CLEAR,"DARKNESS, LIGHTED ROAD",TURNING,NOT DIVIDED,,STRAIGHT AND LEVEL,WET,NO DEFECTS,ON SCENE,NO INJURY / DRIVE AWAY,,,Y,"$501 - $1,500",12/13/2018 5:30,UNABLE TO DETERMINE,DRIVING SKILLS/KNOWLEDGE/EXPERIENCE,6640,S,PULASKI RD,833,N,,,,,,2,NO INDICATION OF INJURY,0,0,0,0,0,2,0,5,5,12,41.77194042,-87.72273529,POINT (-87.722735290014 41.771940422244)
0b4df78093752e45b512ef74e6e814c1adea23e0feb3c4bbbcc2aae62240f68d81b73d010dcdf7b7864af9aae5ede769439fa8322f04a3ed65f8f78709332305,JD210118,,4/16/2020 10:00,30,NO CONTROLS,NO CONTROLS,CLEAR,DAYLIGHT,PARKED MOTOR VEHICLE,NOT DIVIDED,,STRAIGHT AND LEVEL,DRY,NO DEFECTS,ON SCENE,NO INJURY / DRIVE AWAY,,,Y,"$501 - $1,500",4/16/2020 10:48,UNABLE TO DETERMINE,UNABLE TO DETERMINE,2725,W,POLK ST,1135,,,,,,,2,NO INDICATION OF INJURY,0,0,0,0,0,1,0,10,5,4,41.87096572,-87.69460971,POINT (-87.694609710245 41.870965717989)
036834d3a0c7bb107a2f780983c8e914aea42ed6f1d29aff3319cc8d2af43979a9be0486ca3129cf53a881396db5fc66d6eb4e7a0181e562f9bf1c5400ae6a12,JD222017,,5/2/2020 5:13,30,NO CONTROLS,NO CONTROLS,CLEAR,DAYLIGHT,FIXED OBJECT,DIVIDED - W/MEDIAN BARRIER,,STRAIGHT AND LEVEL,DRY,NO DEFECTS,ON SCENE,INJURY AND / OR TOW DUE TO CRASH,,,,"OVER $1,500",5/2/2020 5:28,UNABLE TO DETERMINE,NOT APPLICABLE,602,W,95TH ST,2223,,,,,,,1,NO INDICATION OF INJURY,0,0,0,0,0,1,0,5,7,5,41.72163202,-87.63851504,POINT (-87.638515042428 41.721632015315)
040f2526616102c08223ea398d68367c335805dd354513ac9a08135f908f943a67a402b774940ed3853bccc864cfeca92bfa3c20ed7548cf1d91e31f49170ca2,JE417108,,10/21/2021 6:25,30,TRAFFIC SIGNAL,FUNCTIONING PROPERLY,CLEAR,"DARKNESS, LIGHTED ROAD",SIDESWIPE SAME DIRECTION,NOT DIVIDED,,STRAIGHT AND LEVEL,DRY,NO DEFECTS,NOT ON SCENE (DESK REPORT),NO INJURY / DRIVE AWAY,,,Y,"OVER $1,500",10/21/2021 7:06,IMPROPER OVERTAKING/PASSING,NOT APPLICABLE,300,S,CLINTON ST,121,,,,,,,2,NO INDICATION OF INJURY,0,0,0,0,0,2,0,6,5,10,41.87795757,-87.64121288,POINT (-87.641212879424 41.877957567719)
088a4dbd1401f96da28053e4e08493f36fc8146fa3087b75bac2fe4895c1bf174d6afc64668cf1fcc582a4bee15b05ec68e58327dc453fc71a91aba6294aac41,JB481986,,10/19/2018 14:50,20,NO CONTROLS,NO CONTROLS,CLEAR,DAYLIGHT,REAR END,NOT DIVIDED,2,STRAIGHT AND LEVEL,DRY,NO DEFECTS,NOT ON SCENE (DESK REPORT),NO INJURY / DRIVE AWAY,,,,$500 OR LESS,10/19/2018 16:35,UNABLE TO DETERMINE,UNABLE TO DETERMINE,4130,W,ADDISON ST,1732,,,,,,,2,NO INDICATION OF INJURY,0,0,0,0,0,2,0,14,6,10,41.94644574,-87.73035222,POINT (-87.730352219707 41.946445741106)
046a0b5de6fa75b1bbfcfcc58faa113d185423300daddee4e10fd95bf93a06b02700634937d5c1948990ad2d082e14f91a289c8e19b0ae4a38e2174265a5869d,JC428619,,9/11/2019 9:24,30,TRAFFIC SIGNAL,FUNCTIONING PROPERLY,CLEAR,DAYLIGHT,REAR END,NOT DIVIDED,,STRAIGHT AND LEVEL,DRY,NO DEFECTS,NOT ON SCENE (DESK REPORT),NO INJURY / DRIVE AWAY,,,,$500 OR LESS,9/11/2019 10:15,FOLLOWING TOO CLOSELY,NOT APPLICABLE,5941,N,HARLEM AVE,1612,,,,,,,2,NO INDICATION OF INJURY,0,0,0,0,0,2,0,9,4,9,41.98987545,-87.80672625,POINT (-87.806726247316 41.989875449591)
075a2dc7cfa4644ffb4642035751f4724ed2091083f8dc4d66d08876a6ce7eb0d13406c07b9ea4380861fc4c8ffb99691655cae81feb17115542ba6e7b47f4fb,HY525618,,12/5/2015 6:15,35,TRAFFIC SIGNAL,FUNCTIONING PROPERLY,CLEAR,"DARKNESS, LIGHTED ROAD",TURNING,NOT DIVIDED,4,STRAIGHT AND LEVEL,DRY,NO DEFECTS,NOT ON SCENE (DESK REPORT),NO INJURY / DRIVE AWAY,Y,,,"OVER $1,500",12/5/2015 9:30,IMPROPER TURNING/NO SIGNAL,IMPROPER LANE USAGE,6000,S,CORNELL DR,331,,,,,,,2,NO INDICATION OF INJURY,0,0,0,0,0,3,0,6,7,12,41.78580725,-87.58530095,POINT (-87.585300949195 41.785807246958)
06052649c6cabfd22a4556e71443986a45c947d9a64599c144317688a779830f782e19f42e49f4f6a1d55b2c470815940f8356ae37c90e2f20db4154b091a655,JD431789,,11/15/2020 6:35,30,TRAFFIC SIGNAL,FUNCTIONING PROPERLY,CLOUDY/OVERCAST,DUSK,TURNING,FOUR WAY,,STRAIGHT AND LEVEL,WET,WORN SURFACE,ON SCENE,INJURY AND / OR TOW DUE TO CRASH,Y,,Y,"OVER $1,500",11/15/2020 6:45,FAILING TO YIELD RIGHT-OF-WAY,FAILING TO YIELD RIGHT-OF-WAY,400,W,63RD ST,711,,,,,,,2,NONINCAPACITATING INJURY,1,0,0,1,0,1,0,6,1,11,41.78001804,-87.63511276,POINT (-87.635112763932 41.780018036652)
0c9d9e162beedef219a0c2618cfcff4c23329b31040252919d92d081a16ac30d677b83e3b9fdef16173dae72b01da4bf9cdf04517e6b6983b7e68819f3c208c6,HZ507136,,11/8/2016 6:15,30,NO CONTROLS,NO CONTROLS,CLEAR,"DARKNESS, LIGHTED ROAD",REAR END,NOT DIVIDED,2,STRAIGHT AND LEVEL,WET,NO DEFECTS,NOT ON SCENE (DESK REPORT),NO INJURY / DRIVE AWAY,,,,"OVER $1,500",11/8/2016 6:38,FOLLOWING TOO CLOSELY,NOT APPLICABLE,2314,W,PETERSON AVE,2413,,,,,,,2,NO INDICATION OF INJURY,0,0,0,0,0,2,0,6,3,11,41.99063858,-87.68786813,POINT (-87.687868129019 41.990638584209)
00ca6f22975ff804da69838c840d359b0511829538923b51a0df7abeb07954d1af08292533ebaf78c33a8f480f6006f38708106865cbfd2c8830ae3db709f7cf,JA116389,,1/14/2017 21:52,30,NO CONTROLS,UNKNOWN,CLEAR,"DARKNESS, LIGHTED ROAD",SIDESWIPE OPPOSITE DIRECTION,DIVIDED - W/MEDIAN (NOT RAISED),4,STRAIGHT AND LEVEL,DRY,UNKNOWN,ON SCENE,INJURY AND / OR TOW DUE TO CRASH,,,,"OVER $1,500",1/14/2017 21:55,IMPROPER LANE USAGE,NOT APPLICABLE,757,N,CICERO AVE,1111,,,,,,,2,NO INDICATION OF INJURY,0,0,0,0,0,2,0,21,7,1,41.89489328,-87.74565691,POINT (-87.745656913117 41.894893277969)
02c6726919e567559010048852e9af356a6f7dcbf60c62da8e2acbfa7451b7f1d487e027359425c290e3f19614455d68fea1b4834bba5058d7203fe5ac2a590e,HZ344768,,7/11/2016 15:15,25,STOP SIGN/FLASHER,FUNCTIONING PROPERLY,CLEAR,DAYLIGHT,TURNING,DIVIDED - W/MEDIAN (NOT RAISED),2,STRAIGHT AND LEVEL,DRY,NO DEFECTS,NOT ON SCENE (DESK REPORT),NO INJURY / DRIVE AWAY,Y,,,"OVER $1,500",7/11/2016 15:30,FAILING TO YIELD RIGHT-OF-WAY,NOT APPLICABLE,2200,W,GRANVILLE AVE,2413,,,,,,,2,NO INDICATION OF INJURY,0,0,0,0,0,2,0,15,2,7,41.99428598,-87.68490057,POINT (-87.684900567767 41.994285981096)
0897bc2440fa6226ccbf909417bb6d5f19a09a4b730e9e06980bb8707376184b591e04700c2d7ef1c3778394e6d52d44d4a92f57a9f8f38f621be08b22e131f8,HZ533547,,11/29/2016 15:13,40,STOP SIGN/FLASHER,NO CONTROLS,CLEAR,DAYLIGHT,REAR END,NOT DIVIDED,3,STRAIGHT AND LEVEL,DRY,NO DEFECTS,NOT ON SCENE (DESK REPORT),NO INJURY / DRIVE AWAY,,,Y,"$501 - $1,500",11/29/2016 16:25,UNABLE TO DETERMINE,UNABLE TO DETERMINE,5050,S,CICERO AVE,814,,,,,,,2,NO INDICATION OF INJURY,0,0,0,0,0,2,0,15,3,11,41.80064255,-87.74311347,POINT (-87.743113469205 41.800642553587)
0113edd9df5b1bead0bc227486a662d1f8e35793d52dbd39cbe1e82a61dd8d5eb7075429f0c0f3e554ab94cfeb5438260cf56cae673c6116d9d7146d7b1dfe0a,JB464853,,10/6/2018 12:55,30,NO CONTROLS,NO CONTROLS,CLEAR,DAYLIGHT,REAR END,NOT DIVIDED,4,STRAIGHT AND LEVEL,DRY,NO DEFECTS,ON SCENE,NO INJURY / DRIVE AWAY,,,,"$501 - $1,500",10/6/2018 12:55,FOLLOWING TOO CLOSELY,NOT APPLICABLE,1910,S,ASHLAND AVE,1234,,Y,,,,,2,NO INDICATION OF INJURY,0,0,0,0,0,2,0,12,7,10,41.85561296,-87.66623092,POINT (-87.666230917159 41.855612962493)
04a2ac62e31038e51e35a9cb0280c4cefa526e57e7a1cf27328435c7b5f0c7525d237373c1e5aec57785f2574a3e5d4b727edb5ca2a4826acf4cbc67e79840c8,HY534882,,12/12/2015 18:55,30,TRAFFIC SIGNAL,FUNCTIONING IMPROPERLY,FOG/SMOKE/HAZE,"DARKNESS, LIGHTED ROAD",TURNING,DIVIDED - W/MEDIAN BARRIER,6,STRAIGHT AND LEVEL,WET,NO DEFECTS,NOT ON SCENE (DESK REPORT),NO INJURY / DRIVE AWAY,,,,"OVER $1,500",12/12/2015 19:40,DRIVING SKILLS/KNOWLEDGE/EXPERIENCE,NOT APPLICABLE,915,N,MICHIGAN AVE,1833,,,,,,,2,NO INDICATION OF INJURY,0,0,0,0,0,4,0,18,7,12,41.89975703,-87.62399689,POINT (-87.62399688862 41.899757032066)
02f02b9d625121fd83bc055c285567590615226a180f18376d816f686e1e9f3f68a53338b2b93ea59447150a7ae8b86063659ee0c3624ed167188b48ce78c7e2,JE345434,,8/21/2021 9:00,30,TRAFFIC SIGNAL,FUNCTIONING PROPERLY,CLEAR,"DARKNESS, LIGHTED ROAD",REAR END,NOT DIVIDED,,STRAIGHT AND LEVEL,DRY,NO DEFECTS,ON SCENE,NO INJURY / DRIVE AWAY,,,,"OVER $1,500",8/21/2021 9:00,FOLLOWING TOO CLOSELY,UNABLE TO DETERMINE,51,W,CHICAGO AVE,1832,,,,,,,2,NO INDICATION OF INJURY,0,0,0,0,0,3,0,9,7,8,41.89654119,-87.63011021,POINT (-87.63011020789 41.896541187893)
01e6f21ff19296caa68da6d4ce252e71050845c1ea4fcbaff2d2a41d757d06b63eb6d12d317a7153b4d18defe4411e1ce5a1fb4565cb91558fb0ddae652ac5ab,JB354451,,7/17/2018 6:30,20,NO CONTROLS,NO CONTROLS,CLEAR,DAYLIGHT,PARKED MOTOR VEHICLE,ONE-WAY,1,STRAIGHT AND LEVEL,DRY,NO DEFECTS,NOT ON SCENE (DESK REPORT),NO INJURY / DRIVE AWAY,,,Y,"$501 - $1,500",7/18/2018 7:16,IMPROPER BACKING,NOT APPLICABLE,4823,W,MONROE ST,1533,,,,,,,2,NO INDICATION OF INJURY,0,0,0,0,0,1,0,6,3,7,41.87938069,-87.74616429,POINT (-87.746164286417 41.879380689782)
06e022196fb5b9a038cba4b39ca6f848b836c25c97182a0f345b6d60421e080e6725dc1c63942b0544b3ebbc68abae9f909891bf9d6e296723f12e2cb5b8f8e3,JA431684,,9/14/2017 20:50,20,NO CONTROLS,NO CONTROLS,CLEAR,"DARKNESS, LIGHTED ROAD",PARKED MOTOR VEHICLE,ONE-WAY,1,STRAIGHT AND LEVEL,DRY,NO DEFECTS,NOT ON SCENE (DESK REPORT),NO INJURY / DRIVE AWAY,,,,"$501 - $1,500",9/14/2017 21:30,DRIVING SKILLS/KNOWLEDGE/EXPERIENCE,UNABLE TO DETERMINE,5240,N,CAMPBELL AVE,2011,,,,,,,2,NO INDICATION OF INJURY,0,0,0,0,0,1,0,20,5,9,41.9772201,-87.69118745,POINT (-87.691187448814 41.977220096347)
007b707050c404bcc701481a1e3171d4b7ec50e204956c7f5a9e45d2bb7758fd853f53a79a7fe46eae153b9339b0c115279f508f1fae86bc6d25962ffb6f8d42,JA202165,Y,3/27/2017 6:05,10,NO CONTROLS,NO CONTROLS,CLEAR,DAYLIGHT,ANGLE,PARKING LOT,,STRAIGHT AND LEVEL,DRY,NO DEFECTS,NOT ON SCENE (DESK REPORT),NO INJURY / DRIVE AWAY,,,,"OVER $1,500",3/27/2017 11:10,UNABLE TO DETERMINE,UNABLE TO DETERMINE,5158,W,CHICAGO AVE,1531,,,,,,,2,NO INDICATION OF INJURY,0,0,0,0,0,2,0,6,2,3,41.89504738,-87.75554301,POINT (-87.755543010623 41.895047383085)
08bc34ce64b462766988944bd7c7723da4d1684ac27c38acf29c2601af6fdb74a7efbaf6ba4d48c0b6a9a05695ba3040fe7a989fd66b56abfd197d6826226e08,JE422011,,10/25/2021 13:41,30,TRAFFIC SIGNAL,FUNCTIONING PROPERLY,RAIN,DAYLIGHT,REAR END,FOUR WAY,,STRAIGHT AND LEVEL,WET,UNKNOWN,ON SCENE,INJURY AND / OR TOW DUE TO CRASH,Y,,,"OVER $1,500",10/25/2021 13:41,FOLLOWING TOO CLOSELY,UNABLE TO DETERMINE,2401,N,ASHLAND AVE,1932,,,,,,,2,NO INDICATION OF INJURY,0,0,0,0,0,2,0,13,2,10,41.92519975,-87.6680005,POINT (-87.668000503026 41.925199752469)