CRASH_RECORD_ID,RD_NO,CRASH_DATE_EST_I,CRASH_DATE,POSTED_SPEED_LIMIT,TRAFFIC_CONTROL_DEVICE,DEVICE_CONDITION,WEATHER_CONDITION,LIGHTING_CONDITION,FIRST_CRASH_TYPE,TRAFFICWAY_TYPE,LANE_CNT,ALIGNMENT,ROADWAY_SURFACE_COND,ROAD_DEFECT,REPORT_TYPE,CRASH_TYPE,INTERSECTION_RELATED_I,NOT_RIGHT_OF_WAY_I,HIT_AND_RUN_I,DAMAGE,DATE_POLICE_NOTIFIED,PRIM_CONTRIBUTORY_CAUSE,SEC_CONTRIBUTORY_CAUSE,STREET_NO,STREET_DIRECTION,STREET_NAME,BEAT_OF_OCCURRENCE,PHOTOS_TAKEN_I,STATEMENTS_TAKEN_I,DOORING_I,WORK_ZONE_I,WORK_ZONE_TYPE,WORKERS_PRESENT_I,NUM_UNITS,MOST_SEVERE_INJURY,INJURIES_TOTAL,INJURIES_FATAL,INJURIES_INCAPACITATING,INJURIES_NON_INCAPACITATING,INJURIES_REPORTED_NOT_EVIDENT,INJURIES_NO_INDICATION,INJURIES_UNKNOWN,CRASH_HOUR,CRASH_DAY_OF_WEEK,CRASH_MONTH,LATITUDE,LONGITUDE,LOCATION
0cacc0096498e6006c0c670751d79d6a7028278fcab60f2505b0bad290a65ea0847da5578dee5c65be9b85e6c3c77818eb16720817bced661e589d4c6ee67fb5,JA533550,,12/2/2017 10:00,35,STOP SIGN/FLASHER,FUNCTIONING PROPERLY,CLEAR,DAYLIGHT,PARKED MOTOR VEHICLE,NOT DIVIDED,2,STRAIGHT AND LEVEL,DRY,NO DEFECTS,NOT ON SCENE (DESK REPORT),NO INJURY / DRIVE AWAY,,,Y,"OVER $1,500",12/2/2017 11:12,UNABLE TO DETERMINE,UNABLE TO DETERMINE,5800,S,GREEN ST,712,,,,,,,2,NO INDICATION OF INJURY,0,0,0,0,0,1,0,10,7,12,41.7887911,-87.64637716,POINT (-87.646377156003 41.788791099448)
0851196a5c8e01eb9ddb54df63f389e3ed22a6ed7586449c96189065b49d841bb38fe125e44f780545b6aa135390722891a0a1313ae21adac9a82da0cf0c58f4,JC469571,,10/12/2019 2:35,35,UNKNOWN,UNKNOWN,UNKNOWN,UNKNOWN,SIDESWIPE SAME DIRECTION,NOT DIVIDED,,STRAIGHT AND LEVEL,DRY,UNKNOWN,NOT ON SCENE (DESK REPORT),NO INJURY / DRIVE AWAY,,,N,"OVER $1,500",10/12/2019 2:50,IMPROPER OVERTAKING/PASSING,NOT APPLICABLE,3156,W,CHICAGO AVE,1211,,,,,,,2,NO INDICATION OF INJURY,0,0,0,0,0,2,0,2,7,10,41.89566455,-87.70641148,POINT (-87.706411477325 41.895664552516)
0099fc9ba2e0136d7e14647dcff3e3d586719218854785a3c174753be20a6df9af12bf034a4b28df00f4da31b677e9ea24af965493062726457172b3364b2767,JF130129,,1/31/2022 17:50,30,NO CONTROLS,NO CONTROLS,CLEAR,DUSK,REAR END,PARKING LOT,,STRAIGHT AND LEVEL,DRY,NO DEFECTS,NOT ON SCENE (DESK REPORT),NO INJURY / DRIVE AWAY,,,Y,"OVER $1,500",1/31/2022 19:30,FOLLOWING TOO CLOSELY,DRIVING SKILLS/KNOWLEDGE/EXPERIENCE,7601,S,JEFFERY BLVD,414,,,,,,,2,NO INDICATION OF INJURY,0,0,0,0,0,2,0,17,2,1,41.7569701,-87.57595446,POINT (-87.575954462331 41.756970096425)
055fab105c9593e40825ae543be28ec76d9e7e7f2756b95a1f98af653734f0f492cc4b95acdd70b0e96737a897bb5083364882ddcec824f52b90d7154c717e44,JC295762,,6/7/2019 8:16,50,NO CONTROLS,NO CONTROLS,CLEAR,DAYLIGHT,REAR END,NOT DIVIDED,,STRAIGHT AND LEVEL,DRY,NO DEFECTS,ON SCENE,NO INJURY / DRIVE AWAY,,,,"$501 - $1,500",6/7/2019 8:20,UNABLE TO DETERMINE,UNABLE TO DETERMINE,12300,W,IRVING PARK RD,1654,,,,,,,2,NO INDICATION OF INJURY,0,0,0,0,0,2,0,8,6,6,41.95898695,-87.93399393,POINT (-87.933993928974 41.958986950953)
0bb9c108173474e2f3eb7226442f456caa5929dab491daceba945324232fca1a6f61428e08ebfe539fc0a0a8003624707aafa481c4ab598f52c7f7e57922c523,JC507959,,11/12/2019 15:42,30,TRAFFIC SIGNAL,FUNCTIONING PROPERLY,CLEAR,DAYLIGHT,REAR END,NOT DIVIDED,,STRAIGHT AND LEVEL,DRY,UNKNOWN,NOT ON SCENE (DESK REPORT),NO INJURY / DRIVE AWAY,Y,,,$500 OR LESS,11/12/2019 16:41,UNABLE TO DETERMINE,UNABLE TO DETERMINE,2300,S,WESTERN AVE,1034,,,,,,,2,NO INDICATION OF INJURY,0,0,0,0,0,2,0,15,3,11,41.85016605,-87.68573339,POINT (-87.685733391395 41.850166052914)
075badbe8aadbdbd8348d2443ec7da657b9c5bd6e8a9f5cbabf699d874d219045d66d9d55f6114c355cdde1d403699cb060d072e9647bd9a66a557dbf33b60be,JB486724,,10/22/2018 16:45,30,TRAFFIC SIGNAL,FUNCTIONING PROPERLY,CLEAR,DAYLIGHT,REAR END,UNKNOWN,,STRAIGHT AND LEVEL,DRY,NO DEFECTS,NOT ON SCENE (DESK REPORT),NO INJURY / DRIVE AWAY,,,,"OVER $1,500",10/23/2018 12:12,FAILING TO REDUCE SPEED TO AVOID CRASH,NOT APPLICABLE,111,W,MONROE ST,122,,,,,,,2,NO INDICATION OF INJURY,0,0,0,0,0,2,0,16,2,10,41.88058227,-87.63120101,POINT (-87.631201008935 41.880582266334)
01ece38501d493f8e2a610a1dd7ebc48383b33d8681e3fea55aa426238d25936a4cc772c923b3e402fa5582e7cc0107d178d51f65ef59a173bfedd4d6f32de87,JC146531,,2/9/2019 19:10,35,STOP SIGN/FLASHER,FUNCTIONING PROPERLY,CLEAR,"DARKNESS, LIGHTED ROAD",ANGLE,DIVIDED - W/MEDIAN (NOT RAISED),,STRAIGHT AND LEVEL,DRY,NO DEFECTS,NOT ON SCENE (DESK REPORT),NO INJURY / DRIVE AWAY,,,,"OVER $1,500",2/9/2019 20:28,FAILING TO YIELD RIGHT-OF-WAY,FAILING TO REDUCE SPEED TO AVOID CRASH,3558,N,LAWNDALE AVE,1732,,,,,,,2,NO INDICATION OF INJURY,0,0,0,0,0,2,0,19,7,2,41.94642296,-87.72020695,POINT (-87.72020694465 41.946422960611)
01fd2cd1f5e35e1c10ffa1d9e91cb0e8d89086d4256800d2bccd60043fe895fe3425904b95ed4818075b52e7075e141f8f98d32eb6d81b99f39a493e1011f879,JD198179,,3/30/2020 11:10,30,NO CONTROLS,NO CONTROLS,CLEAR,DAYLIGHT,FIXED OBJECT,ALLEY,,STRAIGHT AND LEVEL,DRY,NO DEFECTS,ON SCENE,NO INJURY / DRIVE AWAY,,,,"$501 - $1,500",3/30/2020 11:31,IMPROPER BACKING,UNABLE TO DETERMINE,1643,W,93RD ST,2221,,,,,,,2,NO INDICATION OF INJURY,0,0,0,0,0,1,0,11,2,3,41.72470077,-87.66452793,POINT (-87.664527924699 41.724700768443)
092e042ce4a4f71689c47d01937de0cec4903bdea43a393e1dcd498c3dc13dd225bb377822f3b308d27cf64b1d25ae051661ee9d5d6c59d0a9e58545a25ff6be,JA499979,,11/5/2017 14:00,25,NO CONTROLS,NO CONTROLS,CLEAR,DAYLIGHT,PARKED MOTOR VEHICLE,PARKING LOT,1,STRAIGHT AND LEVEL,DRY,NO DEFECTS,NOT ON SCENE (DESK REPORT),NO INJURY / DRIVE AWAY,,,,"$501 - $1,500",11/5/2017 14:36,UNABLE TO DETERMINE,UNABLE TO DETERMINE,5501,S,PULASKI RD,822,,,,,,,2,NO INDICATION OF INJURY,0,0,0,0,0,1,0,14,1,11,41.79316149,-87.72301053,POINT (-87.723010527492 41.793161486356)
005fbbed2167ef247a869b785457d9d4d0f0f8f5b9d796546642e56ef421ce2374cf3f687832d5b2ebae7c2914a04882bc83a5eeaab701bf57bebd595366ab64,JF137386,,2/8/2022 7:30,30,NO CONTROLS,NO CONTROLS,CLEAR,DAYLIGHT,FIXED OBJECT,DIVIDED - W/MEDIAN (NOT RAISED),,STRAIGHT AND LEVEL,DRY,NO DEFECTS,ON SCENE,INJURY AND / OR TOW DUE TO CRASH,,,,"OVER $1,500",2/8/2022 8:20,UNABLE TO DETERMINE,NOT APPLICABLE,1416,W,NORTH AVE,1433,,,,,,,1,NO INDICATION OF INJURY,0,0,0,0,0,1,0,7,3,2,41.91080388,-87.66351623,POINT (-87.663516232403 41.910803879968)
036c032a0cf0fa4fe8befa097fe0dabeabcceddc4f3b9f2f6ac211db9508ca8ddcad7bb8a2980062b5cd393a5c22b828676b9926000ede5b3accee02c8b2e958,JG301446,,6/14/2023 21:35,30,NO CONTROLS,NO CONTROLS,CLEAR,"DARKNESS, LIGHTED ROAD",SIDESWIPE SAME DIRECTION,CENTER TURN LANE,,STRAIGHT AND LEVEL,DRY,UNKNOWN,ON SCENE,INJURY AND / OR TOW DUE TO CRASH,,,,"OVER $1,500",6/14/2023 21:39,IMPROPER OVERTAKING/PASSING,FAILING TO YIELD RIGHT-OF-WAY,1111,N,WESTERN AVE,1212,,Y,,,,,2,INCAPACITATING INJURY,3,0,1,0,2,0,0,21,4,6,41.90153288,-87.68684256,POINT (-87.686842554696 41.901532882026)
01033db556aa8fb04cdabd0f09f48c5ef88157e858d0c2fe1f6f0f8ed5be9c2aa9a65191f5fecf3cfffa8209cfd287198c85e0390d50236317df98ba618bb741,JE223032,,5/7/2021 20:20,30,TRAFFIC SIGNAL,FUNCTIONING PROPERLY,CLEAR,"DARKNESS, LIGHTED ROAD",REAR END,FOUR WAY,,STRAIGHT AND LEVEL,DRY,OTHER,NOT ON SCENE (DESK REPORT),NO INJURY / DRIVE AWAY,Y,,,"OVER $1,500",5/7/2021 20:40,ROAD CONSTRUCTION/MAINTENANCE,NOT APPLICABLE,2101,W,111TH ST,2212,,,,,,,2,NO INDICATION OF INJURY,0,0,0,0,0,2,0,20,6,5,41.69178044,-87.67414005,POINT (-87.674140047823 41.69178043584)
0285be2edf4da3d77225e48e3d25d97dcec125fabd6035cc0126f4ce6e5d540abcadd9c28b725529fd23cc71d0bafcda3b41660503d2ec8e2053b060162dbad0,HZ436961,Y,9/16/2016 16:00,30,STOP SIGN/FLASHER,FUNCTIONING PROPERLY,CLEAR,DAYLIGHT,TURNING,NOT DIVIDED,2,STRAIGHT AND LEVEL,DRY,NO DEFECTS,NOT ON SCENE (DESK REPORT),NO INJURY / DRIVE AWAY,,,,"OVER $1,500",9/16/2016 17:11,UNABLE TO DETERMINE,UNABLE TO DETERMINE,5501,S,CENTRAL PARK AVE,813,,,,,,,2,NO INDICATION OF INJURY,0,0,0,0,0,2,0,16,6,9,41.79331576,-87.71343485,POINT (-87.713434854102 41.793315759587)
05b9af9e05dbee834ce4faa814787b18593862c259a18f05d9ee3de8abc78af32e8f5ecd57d2ebd664c9ec7ba955d3ab84a7d659cd7966f9eaab13dc99fc800a,JC386426,,8/10/2019 7:23,30,NO CONTROLS,NO CONTROLS,CLEAR,DAYLIGHT,PARKED MOTOR VEHICLE,NOT DIVIDED,,STRAIGHT AND LEVEL,DRY,NO DEFECTS,ON SCENE,NO INJURY / DRIVE AWAY,,,,"$501 - $1,500",8/10/2019 7:23,UNABLE TO DETERMINE,NOT APPLICABLE,4645,N,WESTERN AVE,1911,,N,,,,,2,NO INDICATION OF INJURY,0,0,0,0,0,1,0,7,7,8,41.96614835,-87.68868317,POINT (-87.688683165771 41.966148353697)
050d200e3993730857206260716c6628d2e4976e71715599477971ad77cbcc8232b570516f49a3123def8ca357372378f93481296e12d799b1af9f66741e0827,JB512583,Y,11/11/2018 23:51,30,STOP SIGN/FLASHER,NO CONTROLS,CLEAR,"DARKNESS, LIGHTED ROAD",FIXED OBJECT,DIVIDED - W/MEDIAN BARRIER,1,STRAIGHT AND LEVEL,DRY,NO DEFECTS,ON SCENE,INJURY AND / OR TOW DUE TO CRASH,,N,Y,"OVER $1,500",11/11/2018 23:56,NOT APPLICABLE,NOT APPLICABLE,299,E,LAKE LOWER ST,114,,,,,,,1,NO INDICATION OF INJURY,0,0,0,0,0,1,0,23,1,11,41.8856916,-87.62078825,POINT (-87.620788247922 41.885691594783)
06970f863ca952332f694f40a08403992af3904f20bc3d28cd83d45ba3daa8f4d0687ba2d69392eef277490a0fbae6c79a87be69fb44026cd5f9595327ae81df,JG332728,,7/8/2023 12:19,25,STOP SIGN/FLASHER,FUNCTIONING PROPERLY,CLOUDY/OVERCAST,DAYLIGHT,TURNING,T-INTERSECTION,,STRAIGHT AND LEVEL,DRY,NO DEFECTS,NOT ON SCENE (DESK REPORT),NO INJURY / DRIVE AWAY,Y,,,"OVER $1,500",7/8/2023 13:00,FAILING TO YIELD RIGHT-OF-WAY,DRIVING SKILLS/KNOWLEDGE/EXPERIENCE,4814,W,CATALPA AVE,1621,,,,,,,2,NO INDICATION OF INJURY,0,0,0,0,0,3,0,12,7,7,41.98013094,-87.74880397,POINT (-87.748803971053 41.980130939755)
0845441781c603d8f4abadf3d2353003f6cd29476eff0a8fff6aa278998a26ff830122e8232939838bc46bc1acc7c3cb58173f4dd54670a888941cb3ad8a4c59,JF132909,,1/28/2022 18:30,30,NO CONTROLS,NO CONTROLS,CLEAR,"DARKNESS, LIGHTED ROAD",SIDESWIPE SAME DIRECTION,NOT DIVIDED,,STRAIGHT AND LEVEL,DRY,NO DEFECTS,NOT ON SCENE (DESK REPORT),NO INJURY / DRIVE AWAY,Y,,,"OVER $1,500",2/3/2022 17:30,UNABLE TO DETERMINE,NOT APPLICABLE,1733,N,DAMEN AVE,1434,,,,,,,2,NO INDICATION OF INJURY,0,0,0,0,0,2,0,18,6,1,41.9132839,-87.67738028,POINT (-87.677380278332 41.913283895965)
036dcd734ecf28f9f0ec53df2ed6cf805c67d4d8377e4252ad8f65e8d9745dd71315132094e598a97f83fe81e91ba64da335eb172cd2901fdba6b70dedf04c2b,JC271218,,5/20/2019 17:00,20,NO CONTROLS,NO CONTROLS,CLEAR,DAYLIGHT,PARKED MOTOR VEHICLE,PARKING LOT,,STRAIGHT AND LEVEL,DRY,NO DEFECTS,ON SCENE,INJURY AND / OR TOW DUE TO CRASH,,,Y,"OVER $1,500",5/20/2019 17:27,UNABLE TO DETERMINE,NOT APPLICABLE,4126,W,115TH ST,2211,,,,,,,2,NO INDICATION OF INJURY,0,0,0,0,0,1,0,17,2,5,41.68401742,-87.72354831,POINT (-87.723548314144 41.684017417573)
03242f9b4dc3a1bcf757a21fc38e01f1eb06637aa80e3ae10baeb4fe79a9b93d588d0def0341399a4ba91451e15021d9074cba95bae0513758712e125bf8f9b7,JC460276,,10/4/2019 19:20,30,TRAFFIC SIGNAL,FUNCTIONING PROPERLY,CLEAR,"DARKNESS, LIGHTED ROAD",SIDESWIPE SAME DIRECTION,DIVIDED - W/MEDIAN (NOT RAISED),,STRAIGHT AND LEVEL,DRY,NO DEFECTS,NOT ON SCENE (DESK REPORT),NO INJURY / DRIVE AWAY,,,,"$501 - $1,500",10/4/2019 19:45,FAILING TO YIELD RIGHT-OF-WAY,UNABLE TO DETERMINE,3137,N,DAMEN AVE,1931,,,,,,,2,NO INDICATION OF INJURY,0,0,0,0,0,3,0,19,6,10,41.93883508,-87.67818664,POINT (-87.678186639268 41.938835078618)
0a0f5a572189709f22112b6c9f3a48a801992f892006e9b0809833c8e3ff1871b0a15d46f9df8edb0938fd9bc49f919b7e8c91fc90f17bf28cf679e2f9a0aa3e,JE444744,,11/14/2021 1:00,25,STOP SIGN/FLASHER,FUNCTIONING PROPERLY,CLOUDY/OVERCAST,"DARKNESS, LIGHTED ROAD",PARKED MOTOR VEHICLE,ONE-WAY,,STRAIGHT AND LEVEL,WET,NO DEFECTS,ON SCENE,NO INJURY / DRIVE AWAY,Y,,Y,"OVER $1,500",11/14/2021 10:08,UNABLE TO DETERMINE,UNABLE TO DETERMINE,2301,S,DRAKE AVE,1024,,,,,,,2,NO INDICATION OF INJURY,0,0,0,0,0,1,0,1,1,11,41.84977373,-87.71357498,POINT (-87.713574976254 41.849773724928)
0be1c5380c1a331ed08235612b6f0eb06fd5a24d63338da5f5b6d3864253ae4a4604453fa226055e971bbfe19180c2fc8a1e01525796284fadbea19725fb0b76,JA558470,,12/21/2017 17:04,25,NO CONTROLS,NO CONTROLS,CLEAR,"DARKNESS, LIGHTED ROAD",SIDESWIPE SAME DIRECTION,NOT DIVIDED,2,STRAIGHT AND LEVEL,DRY,NO DEFECTS,NOT ON SCENE (DESK REPORT),NO INJURY / DRIVE AWAY,,,,$500 OR LESS,12/21/2017 18:30,IMPROPER OVERTAKING/PASSING,IMPROPER LANE USAGE,821,E,87TH ST,632,,,,,,,2,NO INDICATION OF INJURY,0,0,0,0,0,3,0,17,5,12,41.73655057,-87.6039774,POINT (-87.603977400382 41.736550571584)
00f2bbdfe65e9c62076de2e8e77136d4e002ae947ba44f4bae0f6f1d5c157c4179573c26cf71bbef753b0103b4e10024bced234c9fb21cc68288de403cd3f73d,JF478819,,11/18/2022 5:35,35,TRAFFIC SIGNAL,FUNCTIONING PROPERLY,SNOW,"DARKNESS, LIGHTED ROAD",REAR END,DIVIDED - W/MEDIAN (NOT RAISED),,STRAIGHT AND LEVEL,ICE,NO DEFECTS,ON SCENE,NO INJURY / DRIVE AWAY,,,,$500 OR LESS,11/18/2022 5:37,FOLLOWING TOO CLOSELY,WEATHER,3905,S,ASHLAND AVE,924,,,,,,,2,NO INDICATION OF INJURY,0,0,0,0,0,2,0,5,6,11,41.82290992,-87.66513501,POINT (-87.665135009904 41.822909916301)
07640c1f25d76623fbb62dd612462248e6fc70f62c0255263e54ffb9f3439dfc38f538b551ba419460ed6a063255e69676f27b432e552317358185892b1d6197,JA318792,,6/23/2017 1:25,30,UNKNOWN,FUNCTIONING PROPERLY,CLEAR,"DARKNESS, LIGHTED ROAD",SIDESWIPE SAME DIRECTION,NOT DIVIDED,2,STRAIGHT AND LEVEL,DRY,NO DEFECTS,NOT ON SCENE (DESK REPORT),NO INJURY / DRIVE AWAY,,,Y,"$501 - $1,500",6/23/2017 1:35,FAILING TO REDUCE SPEED TO AVOID CRASH,"OPERATING VEHICLE IN ERRATIC, RECKLESS, CARELESS, NEGLIGENT OR AGGRESSIVE MANNER",2944,W,ARMITAGE AVE,1414,,,,,,,2,NO INDICATION OF INJURY,0,0,0,0,0,3,0,1,6,6,41.91756173,-87.70109823,POINT (-87.701098228224 41.917561725556)
047302a7e55222cdf810e23a808db29cd453ac3b4f6ab7a8b04813d8f43b772b825cc4b8dae2288deb394f0b737f43187aa1bc9ee31337e9a0413cb2e9dd4462,JF313041,,7/11/2022 7:14,30,NO CONTROLS,NO CONTROLS,CLEAR,DAYLIGHT,REAR END,NOT DIVIDED,,STRAIGHT AND LEVEL,DRY,NO DEFECTS,NOT ON SCENE (DESK REPORT),NO INJURY / DRIVE AWAY,,,,$500 OR LESS,7/11/2022 8:10,UNABLE TO DETERMINE,NOT APPLICABLE,2229,W,FULLERTON AVE,1432,,,,,,,2,NO INDICATION OF INJURY,0,0,0,0,0,2,0,7,2,7,41.92483899,-87.68416341,POINT (-87.684163407967 41.924838989786)
0562c6c5df4c395f82aa23a8ce3d8e3836d624fc19938ec0f62bf11ee1b8866febd20d82547f3215b425c6327002c9cbf17619e9b02d5151728a634d7f92558e,JC220263,,4/11/2019 11:30,30,NO CONTROLS,NO CONTROLS,CLEAR,DAYLIGHT,SIDESWIPE SAME DIRECTION,PARKING LOT,1,STRAIGHT AND LEVEL,DRY,NO DEFECTS,NOT ON SCENE (DESK REPORT),NO INJURY / DRIVE AWAY,,,,"OVER $1,500",4/11/2019 12:35,IMPROPER LANE USAGE,FAILING TO REDUCE SPEED TO AVOID CRASH,10000,W,OHARE ST,1651,,,,,,,2,NO INDICATION OF INJURY,0,0,0,0,0,2,0,11,5,4,41.97620114,-87.90530913,POINT (-87.905309125103 41.976201139024)
0a1f1c6ed0f587e230fc12b93d2201f69ade8927bf15d7d9f60463ea72cecea52de71aef4aef1fdd5e8a0d5cf307226ef7a4662e986861b02547ade5f825390e,JE405837,,10/9/2021 18:03,30,NO CONTROLS,NO CONTROLS,CLEAR,DUSK,SIDESWIPE SAME DIRECTION,NOT DIVIDED,,STRAIGHT AND LEVEL,DRY,NO DEFECTS,NOT ON SCENE (DESK REPORT),NO INJURY / DRIVE AWAY,,,,"OVER $1,500",10/11/2021 11:00,UNABLE TO DETERMINE,NOT APPLICABLE,7900,S,HALSTED ST,621,,,,,,,2,NO INDICATION OF INJURY,0,0,0,0,0,2,0,18,7,10,41.75054956,-87.64418837,POINT (-87.644188367841 41.750549559439)
08246484d2f04ad0208882b9c008cc6e8f594b1c5cd1b7b77267c6669aea55cba0e6bdc299f570e6a8f617e0342c1c308ea68afc272e9fe4cb804bb1dc2c9ab3,JC289679,,6/3/2019 0:34,30,TRAFFIC SIGNAL,FUNCTIONING PROPERLY,CLEAR,"DARKNESS, LIGHTED ROAD",PARKED MOTOR VEHICLE,NOT DIVIDED,,STRAIGHT AND LEVEL,DRY,NO DEFECTS,,INJURY AND / OR TOW DUE TO CRASH,,,,"OVER $1,500",6/3/2019 0:34,UNDER THE INFLUENCE OF ALCOHOL/DRUGS (USE WHEN ARREST IS EFFECTED),NOT APPLICABLE,3900,W,49TH ST,821,,,,,,,5,NONINCAPACITATING INJURY,1,0,0,1,0,0,0,0,2,6,41.8043507,-87.72107938,POINT (-87.721079383443 41.804350697044)
0885b2fa04c6a6ab6c64936d8fe2d6e5d3d02382ea637341e4c78e23468917cd6f56e5ba4b99299ccfa4f6d24cf4181f452259974404be0133cb127fde5ba630,HY469313,,10/20/2015 12:45,30,STOP SIGN/FLASHER,FUNCTIONING PROPERLY,CLEAR,DAYLIGHT,REAR END,DIVIDED - W/MEDIAN (NOT RAISED),2,STRAIGHT AND LEVEL,DRY,NO DEFECTS,NOT ON SCENE (DESK REPORT),NO INJURY / DRIVE AWAY,Y,,,"$501 - $1,500",10/20/2015 13:00,UNABLE TO DETERMINE,NOT APPLICABLE,400,S,CICERO AVE,1533,,,,,,,2,NO INDICATION OF INJURY,0,0,0,0,0,2,0,12,3,10,41.8749523,-87.74521225,POINT (-87.745212246332 41.874952302696)
021bff8f86f856ff20eef75d1d628dd35f2482c2d752667e82dbf0c88fecb2fb9c0c4f3716f8b224d658b746f8a5b654ee3c4610aefc18a4437e0541bd73f1ba,JA162138,,2/20/2017 12:50,30,NO CONTROLS,NO CONTROLS,CLEAR,DAYLIGHT,PARKED MOTOR VEHICLE,DIVIDED - W/MEDIAN (NOT RAISED),,STRAIGHT AND LEVEL,DRY,UNKNOWN,NOT ON SCENE (DESK REPORT),NO INJURY / DRIVE AWAY,,,,"OVER $1,500",2/21/2017 15:15,UNABLE TO DETERMINE,UNABLE TO DETERMINE,212,E,CULLERTON ST,132,,,,,,,2,NO INDICATION OF INJURY,0,0,0,0,0,1,0,12,2,2,41.85562996,-87.62173466,POINT (-87.621734661138 41.855629959606)
0900d0069f19749f55f6e3d9c291dfef69b5bd908c3f65177729138ff2c4be44f2272cd83cde6df20a9357dd917411845b37887b69ea744b1bbdeb57fe2d0eb4,JF193031,,3/31/2022 20:00,30,STOP SIGN/FLASHER,FUNCTIONING PROPERLY,SNOW,"DARKNESS, LIGHTED ROAD",ANGLE,NOT DIVIDED,,STRAIGHT AND LEVEL,WET,UNKNOWN,ON SCENE,INJURY AND / OR TOW DUE TO CRASH,Y,,N,"OVER $1,500",3/31/2022 20:24,FAILING TO YIELD RIGHT-OF-WAY,NOT APPLICABLE,4300,W,59TH ST,813,,,,,,,2,NO INDICATION OF INJURY,0,0,0,0,0,2,0,20,5,3,41.78597164,-87.7303609,POINT (-87.730360895839 41.785971635777)
0a22adae2b334b5cffbf914a521976bbc11f0d0d9dae98c3c4727f8a347c8b400ac4805c9070662761c64517d6993ae8b7e6b6250d7dadd803df60bfff29c520,HZ519950,,11/14/2016 20:00,20,UNKNOWN,UNKNOWN,UNKNOWN,UNKNOWN,PARKED MOTOR VEHICLE,NOT DIVIDED,,STRAIGHT AND LEVEL,UNKNOWN,UNKNOWN,NOT ON SCENE (DESK REPORT),NO INJURY / DRIVE AWAY,,,Y,"OVER $1,500",11/18/2016 7:30,DRIVING SKILLS/KNOWLEDGE/EXPERIENCE,DRIVING SKILLS/KNOWLEDGE/EXPERIENCE,1015,W,108TH PL,2234,,,,,,,2,NO INDICATION OF INJURY,0,0,0,0,0,1,0,20,2,11,41.69673186,-87.64806345,POINT (-87.648063450105 41.696731860911)
048592166032b5ac9363a96399f79145799367431774da7ad63246cceccdb9083e035cd8ab994de84ab0ce854f063e502c76d98acedd644bdca7930e649886ba,JD141344,,2/5/2020 18:07,35,TRAFFIC SIGNAL,FUNCTIONING PROPERLY,SNOW,"DARKNESS, LIGHTED ROAD",TURNING,FOUR WAY,,STRAIGHT AND LEVEL,SNOW OR SLUSH,NO DEFECTS,ON SCENE,INJURY AND / OR TOW DUE TO CRASH,Y,,,"OVER $1,500",2/5/2020 18:10,FAILING TO YIELD RIGHT-OF-WAY,NOT APPLICABLE,4000,W,79TH ST,834,,,,,,,2,NONINCAPACITATING INJURY,1,0,0,1,0,1,0,18,4,2,41.74967936,-87.72197835,POINT (-87.721978345242 41.749679358835)
096b85dec02113a4cf4fa1559fad440be1da0dce5e01d27f376ff3e0bc310a156f213c1606fa2ecf7373896ffcc8e3014f6b3faa1027c12745eefe1babc2bc8e,JD100961,,12/25/2019 7:00,30,NO CONTROLS,NO CONTROLS,UNKNOWN,UNKNOWN,TURNING,FOUR WAY,,STRAIGHT AND LEVEL,UNKNOWN,NO DEFECTS,NOT ON SCENE (DESK REPORT),NO INJURY / DRIVE AWAY,,,Y,"OVER $1,500",1/1/2020 18:01,UNABLE TO DETERMINE,UNABLE TO DETERMINE,134,N,LARAMIE AVE,1523,,,,,,,2,NO INDICATION OF INJURY,0,0,0,0,0,2,0,7,4,12,41.88339698,-87.75532211,POINT (-87.755322107888 41.883396984161)
015eb54670f4e0e6c13c66e0068420edf603303086a7dee5edc96e7a0e4605de4e95e2a60d558f3a9dd35f5fa6dc40492c8723f237e6287ec0aafb91a1a7c7b3,JG142558,,2/6/2023 10:10,30,NO CONTROLS,NO CONTROLS,CLEAR,DAYLIGHT,TURNING,ONE-WAY,,STRAIGHT AND LEVEL,DRY,NO DEFECTS,NOT ON SCENE (DESK REPORT),INJURY AND / OR TOW DUE TO CRASH,,,,"OVER $1,500",2/6/2023 11:00,UNABLE TO DETERMINE,UNABLE TO DETERMINE,3143,S,MICHIGAN AVE,211,,,,,,,2,NONINCAPACITATING INJURY,1,0,0,1,0,2,0,10,2,2,41.83702117,-87.62326578,POINT (-87.623265775242 41.837021167476)
09ca5cb1e744bf4117a9bf36ef92620760c1e6d6a9fd28f4cbe7052ad2cba5fd5286254320bcf2044a16ee9559f8d6b750707799de3d0165fd5b084e09b720ce,JB165680,,2/26/2018 8:30,35,NO CONTROLS,NO CONTROLS,CLEAR,DAYLIGHT,TURNING,DIVIDED - W/MEDIAN BARRIER,2,STRAIGHT AND LEVEL,DRY,NO DEFECTS,ON SCENE,NO INJURY / DRIVE AWAY,,,,"$501 - $1,500",2/26/2018 8:37,IMPROPER OVERTAKING/PASSING,IMPROPER LANE USAGE,3201,N,WESTERN AVE,1921,,,,,,,2,NO INDICATION OF INJURY,0,0,0,0,0,2,0,8,2,2,41.93950746,-87.68776521,POINT (-87.68776520764 41.939507463765)