CRASH_RECORD_ID,RD_NO,CRASH_DATE_EST_I,CRASH_DATE,POSTED_SPEED_LIMIT,TRAFFIC_CONTROL_DEVICE,DEVICE_CONDITION,WEATHER_CONDITION,LIGHTING_CONDITION,FIRST_CRASH_TYPE,TRAFFICWAY_TYPE,LANE_CNT,ALIGNMENT,ROADWAY_SURFACE_COND,ROAD_DEFECT,REPORT_TYPE,CRASH_TYPE,INTERSECTION_RELATED_I,NOT_RIGHT_OF_WAY_I,HIT_AND_RUN_I,DAMAGE,DATE_POLICE_NOTIFIED,PRIM_CONTRIBUTORY_CAUSE,SEC_CONTRIBUTORY_CAUSE,STREET_NO,STREET_DIRECTION,STREET_NAME,BEAT_OF_OCCURRENCE,PHOTOS_TAKEN_I,STATEMENTS_TAKEN_I,DOORING_I,WORK_ZONE_I,WORK_ZONE_TYPE,WORKERS_PRESENT_I,NUM_UNITS,MOST_SEVERE_INJURY,INJURIES_TOTAL,INJURIES_FATAL,INJURIES_INCAPACITATING,INJURIES_NON_INCAPACITATING,INJURIES_REPORTED_NOT_EVIDENT,INJURIES_NO_INDICATION,INJURIES_UNKNOWN,CRASH_HOUR,CRASH_DAY_OF_WEEK,CRASH_MONTH,LATITUDE,LONGITUDE,LOCATION
03bbf08a3071391f4897c983c2443ac5e304e9c800a11ae1b0c5797112c000f5e422d581653da36b846cfad7c1eb2e6b4c58f2dd4df5fd5c3bf6dcf3324eb244,JB201652,,3/27/2018 12:44,30,NO CONTROLS,NO CONTROLS,CLOUDY/OVERCAST,DAYLIGHT,SIDESWIPE SAME DIRECTION,NOT DIVIDED,,STRAIGHT AND LEVEL,WET,NO DEFECTS,NOT ON SCENE (DESK REPORT),NO INJURY / DRIVE AWAY,,,N,"$501 - $1,500",3/27/2018 14:15,UNABLE TO DETERMINE,UNABLE TO DETERMINE,8201,S,ASHLAND AVE,614,,,,,,,2,NO INDICATION OF INJURY,0,0,0,0,0,2,0,12,3,3,41.74480525,-87.66315354,POINT (-87.663153541092 41.744805252566)
01791b01cd1a322d68c6a0e88f92356d21268b3fb22f38c7e73fc136649e1e24d5677e33f82002f71e07a332b5e6c4bbe58d9de6fed57c579818ec066199ef4d,JA492163,,10/30/2017 16:10,30,UNKNOWN,UNKNOWN,CLEAR,DAYLIGHT,REAR END,DIVIDED - W/MEDIAN (NOT RAISED),4,STRAIGHT AND LEVEL,UNKNOWN,UNKNOWN,NOT ON SCENE (DESK REPORT),NO INJURY / DRIVE AWAY,,,,"OVER $1,500",10/30/2017 17:25,FOLLOWING TOO CLOSELY,DRIVING SKILLS/KNOWLEDGE/EXPERIENCE,18,N,MICHIGAN AVE,112,,,,,,,2,NO INDICATION OF INJURY,0,0,0,0,0,2,0,16,2,10,41.8824982,-87.62452875,POINT (-87.624528752428 41.882498198183)
0552a90b4fa9e4ff3f365902c66582b83a1757fced805e45903ee1e88182b54faece9093ae26ba31b79f8a3b863750a69478c2c64ce2bf96d2116c3f5cc786c0,JF373121,Y,8/28/2022 0:25,30,NO CONTROLS,NO CONTROLS,CLEAR,DARKNESS,ANGLE,DIVIDED - W/MEDIAN BARRIER,,STRAIGHT AND LEVEL,DRY,NO DEFECTS,,INJURY AND / OR TOW DUE TO CRASH,,,Y,"OVER $1,500",8/28/2022 0:25,FAILING TO REDUCE SPEED TO AVOID CRASH,UNABLE TO DETERMINE,8600,S,LAKE SHORE DR,424,,,,,,,2,NO INDICATION OF INJURY,0,0,0,0,0,3,0,0,1,8,41.73926304,-87.54049518,POINT (-87.540495182659 41.739263038857)
06e5ce735dd0f1b1adddab5c8a5055964fd199da8ed932a45c8be62da7fc79b20d557f1df7ea443eeed0d06beffd24bdf82761af742aae7d754faec4f9f95aec,JB237591,,4/25/2018 13:50,25,NO CONTROLS,NO CONTROLS,CLEAR,DAYLIGHT,ANGLE,PARKING LOT,1,STRAIGHT AND LEVEL,DRY,NO DEFECTS,NOT ON SCENE (DESK REPORT),NO INJURY / DRIVE AWAY,,,,"$501 - $1,500",4/25/2018 15:14,UNABLE TO DETERMINE,UNABLE TO DETERMINE,5897,S,ARCHER AVE,811,,,,,,,2,NO INDICATION OF INJURY,0,0,0,0,0,2,0,13,4,4,41.79554052,-87.76276028,POINT (-87.762760284172 41.795540523432)
00938f2f5efd128a245faf3ed60fef15e73a43d4cc3c78e160b8aca5f114b9d973c3d579c7f0bd66afd45fab84f30573eb6f93024d3f62288bba65da77e34a57,JA336070,,7/5/2017 17:00,25,NO CONTROLS,NO CONTROLS,CLEAR,DAYLIGHT,REAR END,DIVIDED - W/MEDIAN (NOT RAISED),4,STRAIGHT AND LEVEL,DRY,NO DEFECTS,NOT ON SCENE (DESK REPORT),NO INJURY / DRIVE AWAY,,,Y,"$501 - $1,500",7/5/2017 20:11,UNABLE TO DETERMINE,UNABLE TO DETERMINE,7100,S,ARTESIAN AVE,832,,,,,,,2,NO INDICATION OF INJURY,0,0,0,0,0,2,0,17,4,7,41.76458607,-87.68461082,POINT (-87.68461081529 41.764586072668)
08ccd723d630e073200c1f4a400dc4435c5e65888b9cc4375fe97f86e4b9ef7a621c34283332c72763d0d86a3190b5b070b56b9af6d311aef5f3f796819298fa,JG144179,,2/7/2023 15:25,30,NO CONTROLS,NO CONTROLS,CLEAR,DAYLIGHT,TURNING,NOT DIVIDED,,STRAIGHT AND LEVEL,SNOW OR SLUSH,NO DEFECTS,ON SCENE,NO INJURY / DRIVE AWAY,,,,"$501 - $1,500",2/7/2023 15:30,FOLLOWING TOO CLOSELY,UNABLE TO DETERMINE,1659,W,35TH ST,912,,,,,,,2,NO INDICATION OF INJURY,0,0,0,0,0,4,0,15,3,2,41.83036497,-87.66788992,POINT (-87.667889919714 41.830364968626)
02f6cad915497069345c9379f5cecb823d83841e17c5c5d12f30fd5c6cc7c26392f2685dc7689f06ce69d5cf295fc32c08895260d2d614fea93599cd83ed4ba2,JC522804,,11/21/2019 16:10,30,TRAFFIC SIGNAL,FUNCTIONING PROPERLY,CLEAR,DAYLIGHT,SIDESWIPE SAME DIRECTION,DIVIDED - W/MEDIAN (NOT RAISED),,STRAIGHT AND LEVEL,DRY,NO DEFECTS,NOT ON SCENE (DESK REPORT),NO INJURY / DRIVE AWAY,,,Y,"$501 - $1,500",11/24/2019 14:00,UNABLE TO DETERMINE,NOT APPLICABLE,3750,W,JACKSON BLVD,1122,,,,,,,2,NO INDICATION OF INJURY,0,0,0,0,0,3,0,16,5,11,41.87727097,-87.71973944,POINT (-87.719739435709 41.877270974082)
0908fcb42c66f00c0a8ec921ec041f57b87de581385979ea31756ce00974cf204ba888ccad07d0d61154bd44ddc7580a3bf63adc93ff4f6eb827e2ab7e6ddd25,JC235754,,4/23/2019 19:00,30,NO CONTROLS,NO CONTROLS,CLEAR,DUSK,SIDESWIPE SAME DIRECTION,NOT DIVIDED,,STRAIGHT AND LEVEL,DRY,NO DEFECTS,NOT ON SCENE (DESK REPORT),NO INJURY / DRIVE AWAY,,,Y,"OVER $1,500",4/23/2019 20:00,UNABLE TO DETERMINE,UNABLE TO DETERMINE,200,E,76TH ST,623,,,,,,,2,NO INDICATION OF INJURY,0,0,0,0,0,2,0,19,3,4,41.75660931,-87.6198112,POINT (-87.619811203834 41.756609309098)
0c7265d246fdd72699f3caa76c963f87349dfc79f4cb2335ef476238491ec8e3b9255e26b42da0f423ed3390472dc35615293346e42baeb5d5d6733ee16db60f,JA473370,,10/16/2017 15:00,30,NO CONTROLS,NO CONTROLS,CLEAR,DAYLIGHT,ANGLE,DRIVEWAY,,STRAIGHT AND LEVEL,DRY,NO DEFECTS,NOT ON SCENE (DESK REPORT),NO INJURY / DRIVE AWAY,,,,"OVER $1,500",10/16/2017 15:20,UNABLE TO DETERMINE,UNABLE TO DETERMINE,775,N,GREEN ST,1214,,,,,,,2,NO INDICATION OF INJURY,0,0,0,0,0,2,0,15,2,10,41.89633458,-87.64877822,POINT (-87.648778221603 41.896334583166)
0a17ca5e273684c9147b26d27198b7f8821e76e040bbdc6fd8e56fdd1d02874421967d2bc3b37765142eb6c4c231f7e6ec0877c80a92fe3d8197cccaef7973e0,JE299376,,7/11/2021 20:00,30,NO CONTROLS,NO CONTROLS,CLEAR,DAYLIGHT,PARKED MOTOR VEHICLE,PARKING LOT,,STRAIGHT AND LEVEL,DRY,NO DEFECTS,NOT ON SCENE (DESK REPORT),NO INJURY / DRIVE AWAY,,,,"$501 - $1,500",7/12/2021 19:50,DRIVING SKILLS/KNOWLEDGE/EXPERIENCE,NOT APPLICABLE,6100,W,BELMONT AVE,1633,,,,,,,2,NO INDICATION OF INJURY,0,0,0,0,0,1,0,20,1,7,41.93852388,-87.77876851,POINT (-87.778768507363 41.938523877271)
0826bb7d6e51491f8d32cefbe4456aa8b2cc1c9cc56b621df07d525487026499efa4c83bfd55be0c6485c6f7701b70c40f2d9b70bce803e238f82ee5d9c2f7c8,HY473883,Y,10/23/2015 18:15,30,UNKNOWN,UNKNOWN,UNKNOWN,UNKNOWN,REAR END,UNKNOWN,4,STRAIGHT AND LEVEL,UNKNOWN,UNKNOWN,NOT ON SCENE (DESK REPORT),NO INJURY / DRIVE AWAY,,,,"OVER $1,500",10/23/2015 19:50,NOT APPLICABLE,NOT APPLICABLE,7631,W,DEVON AVE,1612,,,,,,,2,NO INDICATION OF INJURY,0,0,0,0,0,3,0,18,6,10,41.99683576,-87.81788294,POINT (-87.817882935462 41.996835757561)
08fad7d1915e50d6e8a5da5dad88e6cd6a4eb8d0be62a1ba594e8027ada86b38bf9b9ff0efb6b720e450732e803c8bcf40b63b658f15d7b16c1ef04691082b8a,JE259258,,6/9/2021 8:00,15,NO CONTROLS,NO CONTROLS,CLEAR,DAYLIGHT,PEDESTRIAN,PARKING LOT,,STRAIGHT AND LEVEL,DRY,NO DEFECTS,NOT ON SCENE (DESK REPORT),INJURY AND / OR TOW DUE TO CRASH,,,,$500 OR LESS,6/9/2021 8:01,UNABLE TO DETERMINE,NOT APPLICABLE,437,E,PERSHING RD,214,,,,,,,2,NONINCAPACITATING INJURY,1,0,0,1,0,1,0,8,4,6,41.82374783,-87.61529192,POINT (-87.615291920496 41.823747833037)
0577d1bcdabc5da06f1c1b91fedebd8d171723a0ce3df60105bc68623a8c64b0f7074333aa608d5129790f031506bc2e926d2e659e5bc703913538ddc71fc01b,JE117286,,1/19/2021 16:00,30,TRAFFIC SIGNAL,FUNCTIONING PROPERLY,CLEAR,DAYLIGHT,REAR END,RAMP,,CURVE ON GRADE,DRY,NO DEFECTS,ON SCENE,NO INJURY / DRIVE AWAY,,,,"$501 - $1,500",1/19/2021 16:11,UNABLE TO DETERMINE,NOT APPLICABLE,4100,S,PULASKI RD,815,,,,,,,2,NO INDICATION OF INJURY,0,0,0,0,0,2,0,16,3,1,41.81834902,-87.72409641,POINT (-87.724096405469 41.818349016985)
09fc48c90298585c2ab35a2dffe62b6b2412d154d02cb385dc293f26c8f8f62de2cb8145ed44990fae418353ce22d2cc15be72c9d464c49a54e62aa89b8faa65,JF345668,,8/5/2022 16:30,25,STOP SIGN/FLASHER,FUNCTIONING PROPERLY,CLEAR,DAYLIGHT,ANGLE,FOUR WAY,,STRAIGHT AND LEVEL,DRY,NO DEFECTS,NOT ON SCENE (DESK REPORT),NO INJURY / DRIVE AWAY,Y,,,"OVER $1,500",8/5/2022 18:00,FAILING TO YIELD RIGHT-OF-WAY,DISREGARDING STOP SIGN,9200,S,CONSTANCE AVE,413,,,,,,,2,NO INDICATION OF INJURY,0,0,0,0,0,2,0,16,6,8,41.72779836,-87.57928809,POINT (-87.579288091746 41.727798358541)
008acadb030cc76463a5db299161740858bd6ea4d4a6778f49d4db6742e93e8f57641183de41f42ad7c8519e81bb4383aed354087ace960596a7408181291956,JB374615,,8/1/2018 14:00,30,TRAFFIC SIGNAL,FUNCTIONING PROPERLY,CLEAR,DAYLIGHT,REAR END,NOT DIVIDED,4,STRAIGHT AND LEVEL,DRY,NO DEFECTS,ON SCENE,NO INJURY / DRIVE AWAY,,,Y,$500 OR LESS,8/1/2018 15:30,FOLLOWING TOO CLOSELY,UNABLE TO DETERMINE,6200,N,WESTERN AVE,2413,,,,,,,2,NO INDICATION OF INJURY,0,0,0,0,0,2,0,14,4,8,41.99418118,-87.68991422,POINT (-87.689914219179 41.994181177113)
0c2dee162034a7449fb33069689b67eda9362423c60caf5af272012859f8d5960ac13f8bb3966ff13f3e73131b0e8edcdafd21cc51807db9efae934ac15454f0,JC238776,,5/21/2020 17:25,30,NO CONTROLS,NO CONTROLS,CLEAR,DAYLIGHT,SIDESWIPE SAME DIRECTION,NOT DIVIDED,,STRAIGHT AND LEVEL,DRY,NO DEFECTS,NOT ON SCENE (DESK REPORT),NO INJURY / DRIVE AWAY,,,Y,"$501 - $1,500",5/21/2020 19:48,IMPROPER OVERTAKING/PASSING,FAILING TO REDUCE SPEED TO AVOID CRASH,4459,W,DIVERSEY AVE,2524,,,,,,,2,NO INDICATION OF INJURY,0,0,0,0,0,5,0,17,5,5,41.9315209,-87.73918542,POINT (-87.739185417621 41.931520900785)
06acd9c4a9dd5873ed832d5f37854c7d5c5d63a49a12c7c512b74d5e5424f8510789297384573cfb105267d31967211cbdae9d46b356da3acab9d66592b5da93,HZ526240,,11/22/2016 17:00,0,TRAFFIC SIGNAL,FUNCTIONING PROPERLY,CLEAR,DUSK,TURNING,DIVIDED - W/MEDIAN (NOT RAISED),2,STRAIGHT AND LEVEL,DRY,NO DEFECTS,NOT ON SCENE (DESK REPORT),NO INJURY / DRIVE AWAY,N,N,N,$500 OR LESS,11/23/2016 8:30,UNABLE TO DETERMINE,UNABLE TO DETERMINE,455,N,COLUMBUS DR,1834,,,,,,,3,NO INDICATION OF INJURY,0,0,0,0,0,2,0,17,3,11,41.8902152,-87.62015088,POINT (-87.620150881862 41.890215195113)
0a61ed151599ca795015372f59f670b1a06db072afa08f8b41f565c8d79849ff212b7b4d2166209261ab07762ffb3beee734913b341e16b80dd41c8519a8858d,JE335214,,8/12/2021 17:00,25,NO CONTROLS,NO CONTROLS,CLOUDY/OVERCAST,DAYLIGHT,REAR TO FRONT,ONE-WAY,,STRAIGHT AND LEVEL,DRY,NO DEFECTS,ON SCENE,NO INJURY / DRIVE AWAY,,,,$500 OR LESS,8/12/2021 17:10,UNABLE TO DETERMINE,UNABLE TO DETERMINE,1649,W,BALMORAL AVE,2012,,,,,,,2,NO INDICATION OF INJURY,0,0,0,0,0,2,0,17,5,8,41.97968328,-87.67166314,POINT (-87.671663141374 41.979683275189)
066136468398e4e40cfae1e747ca9a3b767701421ad4d0df3555eeb4cc14caf28bee376595a83ea5ab860577ae55d0e2af30e30edff6119d08881b758aa8bc2f,JD291581,,7/9/2020 12:15,30,STOP SIGN/FLASHER,FUNCTIONING PROPERLY,CLEAR,DAYLIGHT,TURNING,NOT DIVIDED,,STRAIGHT AND LEVEL,DRY,NO DEFECTS,NOT ON SCENE (DESK REPORT),NO INJURY / DRIVE AWAY,Y,,,$500 OR LESS,7/9/2020 14:12,UNABLE TO DETERMINE,NOT APPLICABLE,3032,N,PULASKI RD,2523,,,,,,,2,NO INDICATION OF INJURY,0,0,0,0,0,2,0,12,5,7,41.93639438,-87.72725427,POINT (-87.727254267586 41.936394376769)
0969aa3718eadd7e40c5513cf53a5f35db7f6499117f7aab288528bc383aee5a705cd661a796444c280df8efbcd66755fc281e5b2663a1bd33f5aac5c15e89ad,JA422387,,9/7/2017 14:50,25,NO CONTROLS,NO CONTROLS,CLEAR,DAYLIGHT,OVERTURNED,NOT DIVIDED,2,"CURVE, LEVEL",DRY,NO DEFECTS,ON SCENE,INJURY AND / OR TOW DUE TO CRASH,,,,"OVER $1,500",9/7/2017 14:55,EXCEEDING SAFE SPEED FOR CONDITIONS,NOT APPLICABLE,6714,S,SOUTH SHORE DR,331,,,,,,,1,NO INDICATION OF INJURY,0,0,0,0,0,1,0,14,5,9,41.77308227,-87.56678339,POINT (-87.566783390357 41.773082271368)
09422a2ddd95538b00892f657a5b19a66a07a81965a2549926504d9606c6fc1dcb8c636a6077e52a6ba21038d09e9bf7870f3f95f68feb34e5738e28e1d689a6,JC237089,,4/24/2019 19:49,30,NO CONTROLS,NO CONTROLS,CLEAR,"DARKNESS, LIGHTED ROAD",SIDESWIPE SAME DIRECTION,NOT DIVIDED,,STRAIGHT AND LEVEL,DRY,NO DEFECTS,ON SCENE,NO INJURY / DRIVE AWAY,,,,"OVER $1,500",4/24/2019 19:49,FAILING TO YIELD RIGHT-OF-WAY,NOT APPLICABLE,3437,S,HALSTED ST,915,,Y,,,,,2,NO INDICATION OF INJURY,0,0,0,0,0,3,0,19,4,4,41.83140112,-87.64597704,POINT (-87.645977037367 41.831401115468)
017a8d750363e52c38d43aed5560d2b852f1703650e7ef0a8acd598c9fe6a4dc379d4d1d188eb18aae3ce4efaffd157849f8d13a38d3346d476ef8cf7959842d,JA333911,,7/4/2017 11:00,30,NO CONTROLS,NO CONTROLS,CLEAR,DAYLIGHT,SIDESWIPE OPPOSITE DIRECTION,PARKING LOT,2,STRAIGHT AND LEVEL,DRY,NO DEFECTS,NOT ON SCENE (DESK REPORT),NO INJURY / DRIVE AWAY,,,,"OVER $1,500",7/4/2017 11:50,IMPROPER BACKING,IMPROPER BACKING,7155,W,FOSTER PL,1613,,,,,,,2,NO INDICATION OF INJURY,0,0,0,0,0,2,0,11,3,7,41.97455847,-87.80661056,POINT (-87.806610560476 41.974558468993)
0589f6602f8cdb7124872870a15b228be0ba8beeea62f4b9fbff17c36b8b603f3222719df2870e6f1f41962de5f74a4d748df814f2db9fa517a401771b78fc2a,JB341763,,7/9/2018 7:20,30,NO CONTROLS,NO CONTROLS,CLEAR,DAYLIGHT,REAR END,DIVIDED - W/MEDIAN (NOT RAISED),,STRAIGHT AND LEVEL,DRY,NO DEFECTS,NOT ON SCENE (DESK REPORT),NO INJURY / DRIVE AWAY,,,,$500 OR LESS,7/9/2018 8:20,UNABLE TO DETERMINE,UNABLE TO DETERMINE,2918,W,GRAND AVE,1211,,,,,,,2,NO INDICATION OF INJURY,0,0,0,0,0,2,0,7,2,7,41.89574062,-87.69987952,POINT (-87.699879515009 41.895740616098)
0b2a7978b999c0a6f258d3c58b0985d8b58011890a8a86622dfa5dde2aa55d95875f8fd03768d6289999e2fbf48eb4f64b405e8c8b0d65d65337f1781cc54f4f,JB542087,Y,12/6/2018 8:20,30,TRAFFIC SIGNAL,FUNCTIONING PROPERLY,CLEAR,DAYLIGHT,REAR END,DIVIDED - W/MEDIAN BARRIER,4,STRAIGHT AND LEVEL,WET,NO DEFECTS,ON SCENE,INJURY AND / OR TOW DUE TO CRASH,Y,,,"OVER $1,500",12/6/2018 8:37,FOLLOWING TOO CLOSELY,NOT APPLICABLE,7531,S,STONY ISLAND AVE,411,,,,,,,2,INCAPACITATING INJURY,1,0,1,0,0,5,0,8,5,12,41.75781542,-87.58556922,POINT (-87.585569221511 41.757815422072)
00e33cb8e3d345bcb84007ca0f822f40dcef9fe0d6d4aa118a57844af49f40a4ff3b37a916f7f3f89a0413d8e3af0372c234a66913b32903d60f087344c4ecfa,JA339150,,6/29/2017 6:30,30,STOP SIGN/FLASHER,FUNCTIONING PROPERLY,CLEAR,DAYLIGHT,PARKED MOTOR VEHICLE,NOT DIVIDED,2,STRAIGHT AND LEVEL,DRY,NO DEFECTS,NOT ON SCENE (DESK REPORT),NO INJURY / DRIVE AWAY,,,,"OVER $1,500",7/7/2017 2:50,DRIVING SKILLS/KNOWLEDGE/EXPERIENCE,UNABLE TO DETERMINE,2908,S,THROOP ST,913,,,,,,,2,NO INDICATION OF INJURY,0,0,0,0,0,1,0,6,5,6,41.84115043,-87.65229149,POINT (-87.652291488483 41.841150432168)
0c3e05bd2177208c04db0b6382be89a5fb7cac14e44583b957b0d210111dec0b4129f6ea65ff62cb8da01a421e1582bd212d1f531434ea6b88a6f408d95a812d,JD113161,,1/12/2020 14:25,15,NO CONTROLS,NO CONTROLS,CLEAR,DAYLIGHT,ANGLE,NOT DIVIDED,,STRAIGHT AND LEVEL,WET,NO DEFECTS,ON SCENE,NO INJURY / DRIVE AWAY,,,,"OVER $1,500",1/12/2020 14:30,FAILING TO YIELD RIGHT-OF-WAY,NOT APPLICABLE,5515,S,KOSTNER AVE,813,,,,,,,2,NO INDICATION OF INJURY,0,0,0,0,0,3,0,14,1,1,41.79261965,-87.73280238,POINT (-87.732802374884 41.792619645908)
0740e91ed564ad22199869ccd3902aab02d8f4d84ac97c3098c65dba1a78986b88f4f7e0933cd607f2f0ce210a7c8ff69cd85775e73409512a71cab3051dc63a,JF390726,,9/10/2022 12:18,30,STOP SIGN/FLASHER,UNKNOWN,CLEAR,DAYLIGHT,REAR END,DIVIDED - W/MEDIAN (NOT RAISED),,STRAIGHT AND LEVEL,UNKNOWN,UNKNOWN,NOT ON SCENE (DESK REPORT),NO INJURY / DRIVE AWAY,,,,"$501 - $1,500",9/10/2022 13:30,UNABLE TO DETERMINE,NOT APPLICABLE,7255,N,ROGERS AVE,2424,,,,,,,2,NO INDICATION OF INJURY,0,0,0,0,0,2,0,12,7,9,42.01321629,-87.68092191,POINT (-87.680921908278 42.013216290552)
06c6a350ac52deff362067f9c981a3c3471806d1db973a0d6f438a12aa4dee9570265529189b6a3a37daad612af4fdc86cc71aa33a0f0970803075e8edf84f5f,JC383808,,8/7/2019 21:11,30,NO CONTROLS,FUNCTIONING IMPROPERLY,CLEAR,"DARKNESS, LIGHTED ROAD",TURNING,ONE-WAY,,STRAIGHT AND LEVEL,DRY,NO DEFECTS,NOT ON SCENE (DESK REPORT),NO INJURY / DRIVE AWAY,,,,$500 OR LESS,8/8/2019 12:25,IMPROPER LANE USAGE,NOT APPLICABLE,130,E,GRAND AVE,1834,,,,,,,2,NO INDICATION OF INJURY,0,0,0,0,0,2,0,21,4,8,41.89184069,-87.62425342,POINT (-87.624253422208 41.891840692154)
0314e00f298001bbe68bde5e634bbfc6f84b48b3c36f651ac918a39a46428b67fae672871285292e479bf6683d1c4550385166a3041704741253117c9a59be83,JC296148,,6/7/2019 13:15,30,TRAFFIC SIGNAL,FUNCTIONING PROPERLY,CLEAR,DAYLIGHT,REAR END,DIVIDED - W/MEDIAN (NOT RAISED),,STRAIGHT AND LEVEL,DRY,NO DEFECTS,NOT ON SCENE (DESK REPORT),NO INJURY / DRIVE AWAY,Y,,,"OVER $1,500",6/7/2019 14:20,UNABLE TO DETERMINE,UNABLE TO DETERMINE,7200,N,WESTERN AVE,2411,,,,,,,2,NO INDICATION OF INJURY,0,0,0,0,0,2,0,13,6,6,42.01237134,-87.69039392,POINT (-87.690393917379 42.012371334792)
052718a61d01cce203d928dfd8b11031322bb5ba4de72e7be2ee621ef2df8326288bea025a76b6e72332b61001e28936c35311b176c2555c8e4bdd165d4c1026,JE142671,,2/15/2021 19:20,40,NO CONTROLS,NO CONTROLS,BLOWING SNOW,"DARKNESS, LIGHTED ROAD",ANGLE,DIVIDED - W/MEDIAN BARRIER,,STRAIGHT AND LEVEL,ICE,NO DEFECTS,NOT ON SCENE (DESK REPORT),NO INJURY / DRIVE AWAY,,,,"$501 - $1,500",2/15/2021 20:10,WEATHER,NOT APPLICABLE,3943,N,LAKE SHORE DR NB,1925,,,,,,,2,NO INDICATION OF INJURY,0,0,0,0,0,2,0,19,2,2,41.95411338,-87.64439222,POINT (-87.644392222957 41.954113381837)
033af6cfdcd7e28c752e889705533682d77d9bc0bceb9b7ade059611c3aebf66b90544290fc8127fb6f342e3951e116740dc07c4b24662ce84ea923b87809b99,JF444766,,10/22/2022 15:18,30,TRAFFIC SIGNAL,FUNCTIONING PROPERLY,CLEAR,DAYLIGHT,PEDALCYCLIST,ONE-WAY,,STRAIGHT AND LEVEL,DRY,NO DEFECTS,ON SCENE,INJURY AND / OR TOW DUE TO CRASH,,,,$500 OR LESS,10/22/2022 15:32,UNABLE TO DETERMINE,UNABLE TO DETERMINE,801,W,81ST ST,613,,,,,,,2,NONINCAPACITATING INJURY,1,0,0,1,0,1,0,15,7,10,41.74688748,-87.64399138,POINT (-87.643991383217 41.746887475004)
0049b63dface4370982b00420763753eeaf877688230248b906eaa39601cdfd85b0356803fe4f00e683b4c6cd58cd29df778a26308a4d0ad8334e3bb2498aa68,JA344441,Y,7/12/2017 2:00,35,NO CONTROLS,NO CONTROLS,RAIN,"DARKNESS, LIGHTED ROAD",PARKED MOTOR VEHICLE,ONE-WAY,1,STRAIGHT AND LEVEL,WET,NO DEFECTS,ON SCENE,INJURY AND / OR TOW DUE TO CRASH,,,,"OVER $1,500",7/12/2017 2:03,DRIVING SKILLS/KNOWLEDGE/EXPERIENCE,EXCEEDING AUTHORIZED SPEED LIMIT,5003,S,LARAMIE AVE,814,,,,,,,2,NO INDICATION OF INJURY,0,0,0,0,0,1,0,2,4,7,41.80186928,-87.75263539,POINT (-87.75263539382 41.801869284381)
028bbd06e40807f3578101d85e3e1946aba5bedd89b09d9bba7a606f5e985957a2a2fcf2e4d29513f2be8d0c5f49c6d9cea0e926d0c7f5315ddc940424626a45,JE315600,Y,7/27/2021 5:28,45,NO CONTROLS,NO CONTROLS,CLEAR,DAWN,HEAD ON,DIVIDED - W/MEDIAN BARRIER,,STRAIGHT AND LEVEL,DRY,NO DEFECTS,ON SCENE,INJURY AND / OR TOW DUE TO CRASH,,,,"OVER $1,500",7/27/2021 5:31,UNDER THE INFLUENCE OF ALCOHOL/DRUGS (USE WHEN ARREST IS EFFECTED),DRIVING ON WRONG SIDE/WRONG WAY,2400,N,LAKE SHORE DR SB,1935,,,,,,,2,NONINCAPACITATING INJURY,1,0,0,1,0,3,0,5,3,7,41.92616072,-87.63151467,POINT (-87.631514664826 41.926160719812)
08c96bb3ee4a0f319c1f06a716e30562f1bc7487a27d5752af723c2fe0900946b8751fb56d2c459312c3d7f6a0c4760e2d15200646b7e15ffd9a2fcfda5e7b51,HZ414116,,8/25/2016 16:15,20,NO CONTROLS,NO CONTROLS,CLEAR,DAYLIGHT,PARKED MOTOR VEHICLE,DIVIDED - W/MEDIAN (NOT RAISED),2,STRAIGHT AND LEVEL,DRY,NO DEFECTS,NOT ON SCENE (DESK REPORT),NO INJURY / DRIVE AWAY,,,,"OVER $1,500",8/30/2016 21:30,IMPROPER LANE USAGE,NOT APPLICABLE,2350,S,DAMEN AVE,1034,,,,,,,2,NO INDICATION OF INJURY,0,0,0,0,0,1,0,16,5,8,41.8488537,-87.6759035,POINT (-87.675903498422 41.848853703172)
07fdbdbf3adcbf4d34a9115e34a58736a11ab50da6d1d71b14dd08b5367cf60ffada0f6bf4d12d068faa3ac3b38c4e1226198ee26185d5d0c951c1728e45ee77,JC255267,,5/8/2019 18:15,30,TRAFFIC SIGNAL,FUNCTIONING PROPERLY,CLEAR,DAYLIGHT,PEDESTRIAN,DIVIDED - W/MEDIAN (NOT RAISED),,STRAIGHT AND LEVEL,UNKNOWN,UNKNOWN,ON SCENE,INJURY AND / OR TOW DUE TO CRASH,,,Y,$500 OR LESS,5/8/2019 18:19,UNABLE TO DETERMINE,UNABLE TO DETERMINE,7558,S,HALSTED ST,621,,,,,,,2,NONINCAPACITATING INJURY,1,0,0,1,0,1,0,18,4,5,41.75616923,-87.6443321,POINT (-87.644332104248 41.756169227743)
0637edb202b682f3bece993eb1706b53db4c7dc3aab96c5abdedc697ed3bc7e3e37f8b52a7ab4dd8cf042bdcd76e0af1d146b1a89dc073839da2ee62ca015b9b,JD212519,,4/19/2020 16:30,30,NO CONTROLS,NO CONTROLS,RAIN,DAYLIGHT,REAR END,DIVIDED - W/MEDIAN (NOT RAISED),,STRAIGHT AND LEVEL,DRY,NO DEFECTS,ON SCENE,INJURY AND / OR TOW DUE TO CRASH,,,,"OVER $1,500",4/19/2020 16:30,UNABLE TO DETERMINE,NOT APPLICABLE,50,N,LARAMIE AVE,1522,,,,,,,3,NONINCAPACITATING INJURY,2,0,0,2,0,8,0,16,1,4,41.88194928,-87.75527017,POINT (-87.755270170264 41.881949281322)