CRASH_RECORD_ID,RD_NO,CRASH_DATE_EST_I,CRASH_DATE,POSTED_SPEED_LIMIT,TRAFFIC_CONTROL_DEVICE,DEVICE_CONDITION,WEATHER_CONDITION,LIGHTING_CONDITION,FIRST_CRASH_TYPE,TRAFFICWAY_TYPE,LANE_CNT,ALIGNMENT,ROADWAY_SURFACE_COND,ROAD_DEFECT,REPORT_TYPE,CRASH_TYPE,INTERSECTION_RELATED_I,NOT_RIGHT_OF_WAY_I,HIT_AND_RUN_I,DAMAGE,DATE_POLICE_NOTIFIED,PRIM_CONTRIBUTORY_CAUSE,SEC_CONTRIBUTORY_CAUSE,STREET_NO,STREET_DIRECTION,STREET_NAME,BEAT_OF_OCCURRENCE,PHOTOS_TAKEN_I,STATEMENTS_TAKEN_I,DOORING_I,WORK_ZONE_I,WORK_ZONE_TYPE,WORKERS_PRESENT_I,NUM_UNITS,MOST_SEVERE_INJURY,INJURIES_TOTAL,INJURIES_FATAL,INJURIES_INCAPACITATING,INJURIES_NON_INCAPACITATING,INJURIES_REPORTED_NOT_EVIDENT,INJURIES_NO_INDICATION,INJURIES_UNKNOWN,CRASH_HOUR,CRASH_DAY_OF_WEEK,CRASH_MONTH,LATITUDE,LONGITUDE,LOCATION
059235047431e1df25ec51e196cef1023622100b3e39f089d0b413947360cd924235f7599d40de7e13c16ffa975d7c4864e55796d48edbf75ca8d5a6ada768c5,JA559952,,12/22/2017 15:50,30,STOP SIGN/FLASHER,FUNCTIONING PROPERLY,CLEAR,DAYLIGHT,TURNING,NOT DIVIDED,,STRAIGHT AND LEVEL,DRY,UNKNOWN,NOT ON SCENE (DESK REPORT),NO INJURY / DRIVE AWAY,,,,"OVER $1,500",12/22/2017 20:40,UNABLE TO DETERMINE,NOT APPLICABLE,3358,W,WABANSIA AVE,1422,,,,,,,2,NO INDICATION OF INJURY,0,0,0,0,0,2,0,15,6,12,41.91198701,-87.71166253,POINT (-87.711662524804 41.911987005392)
0541d0681e4be7e15005e7b6d7c9262a3b3e3e6bdb9c94b67c166c531ac8f718b984b866508be277d1599a1b1c13f406daf7bf6fad753971b54defcb0cdb1f83,JA436591,,9/15/2017 1:30,30,NO CONTROLS,NO CONTROLS,CLEAR,"DARKNESS, LIGHTED ROAD",TURNING,DIVIDED - W/MEDIAN (NOT RAISED),,STRAIGHT AND LEVEL,DRY,NO DEFECTS,NOT ON SCENE (DESK REPORT),NO INJURY / DRIVE AWAY,,,,$500 OR LESS,9/18/2017 16:15,IMPROPER TURNING/NO SIGNAL,FAILING TO YIELD RIGHT-OF-WAY,700,W,LAKE ST,1214,,,,,,,2,NO INDICATION OF INJURY,0,0,0,0,0,2,0,1,6,9,41.88579694,-87.64570081,POINT (-87.645700808301 41.885796941486)
083f6841097b07c72239e438c3d6dd93e5c95a68f54029f9cded856b10e66c739f57528ce7eb96777ecef5aca6ddcb6799c4e12ad11c8c64d2abff048c1937ff,HY466792,Y,10/18/2015 8:50,30,TRAFFIC SIGNAL,FUNCTIONING PROPERLY,CLEAR,DAYLIGHT,ANGLE,DIVIDED - W/MEDIAN BARRIER,2,STRAIGHT AND LEVEL,DRY,NO DEFECTS,NOT ON SCENE (DESK REPORT),NO INJURY / DRIVE AWAY,Y,,Y,"OVER $1,500",10/18/2015 13:15,DISREGARDING TRAFFIC SIGNALS,FAILING TO REDUCE SPEED TO AVOID CRASH,3400,W,WARREN DR,1123,,,,,,,2,NO INDICATION OF INJURY,0,0,0,0,0,2,0,8,1,10,41.88192396,-87.71111134,POINT (-87.711111343753 41.881923960459)
09aec5287703e3be8878570b3136189fe61239dcfac1b89df6247ca551bfd7f7d7aeb66874d838920d8b68ac7004c9c7653e3f54e4ae88debee2a1c03d8fa46b,JD204089,,4/7/2020 15:50,10,NO CONTROLS,NO CONTROLS,CLEAR,DAYLIGHT,FIXED OBJECT,PARKING LOT,,STRAIGHT AND LEVEL,DRY,NO DEFECTS,ON SCENE,NO INJURY / DRIVE AWAY,,Y,,"OVER $1,500",4/7/2020 16:06,IMPROPER BACKING,UNABLE TO DETERMINE,7141,N,KEDZIE AVE,2411,,,,,,,2,NO INDICATION OF INJURY,0,0,0,0,0,1,0,15,3,4,42.01127677,-87.70895668,POINT (-87.708956676772 42.011276767884)
03127ab3aac5bf960c40f54e41817adb565336a61487e479fb32ae7060147658bdef5130b14c412d249b3f43e41d694ef5b04ee8c29b0b3a06d12b177366f926,HZ455406,,9/29/2016 19:45,30,NO CONTROLS,NO CONTROLS,RAIN,"DARKNESS, LIGHTED ROAD",REAR END,NOT DIVIDED,4,STRAIGHT AND LEVEL,WET,NO DEFECTS,NOT ON SCENE (DESK REPORT),NO INJURY / DRIVE AWAY,,,,"OVER $1,500",9/30/2016 9:25,FOLLOWING TOO CLOSELY,FAILING TO REDUCE SPEED TO AVOID CRASH,5326,N,CUMBERLAND AVE,1614,,,,,,,2,NO INDICATION OF INJURY,0,0,0,0,0,2,0,19,5,9,41.97642339,-87.83676465,POINT (-87.83676465262 41.976423385774)
087cee14979d3916445e1e7912b639493e782df33035ffd8a50932acb2393ff5d6fa32cae3194955f7b22f4bc3911df62227de18598d75e97ff7569e5df4b5d7,HZ243093,,4/28/2016 7:00,30,NO CONTROLS,NO CONTROLS,RAIN,DAYLIGHT,SIDESWIPE SAME DIRECTION,ONE-WAY,2,STRAIGHT AND LEVEL,WET,NO DEFECTS,ON SCENE,NO INJURY / DRIVE AWAY,,,,"OVER $1,500",4/28/2016 9:00,IMPROPER OVERTAKING/PASSING,UNABLE TO DETERMINE,150,W,MONROE ST,122,,,,,,,2,NO INDICATION OF INJURY,0,0,0,0,0,2,0,7,5,4,41.88078681,-87.63240446,POINT (-87.63240445739 41.880786810461)
061d96c2f94d0ee5df4c64705ef7c947516d2a753c35f624aec0c686fbb9c8484827c169c006982db45424febada0d8add09c4c1dcc2b3549ad0137e92f4923f,JF430219,,10/11/2022 9:55,30,NO CONTROLS,NO CONTROLS,CLEAR,DAYLIGHT,SIDESWIPE SAME DIRECTION,NOT DIVIDED,,STRAIGHT AND LEVEL,DRY,NO DEFECTS,NOT ON SCENE (DESK REPORT),NO INJURY / DRIVE AWAY,,,,"OVER $1,500",10/11/2022 9:55,"OPERATING VEHICLE IN ERRATIC, RECKLESS, CARELESS, NEGLIGENT OR AGGRESSIVE MANNER",IMPROPER OVERTAKING/PASSING,442,W,79TH ST,621,,,,,,,2,NO INDICATION OF INJURY,0,0,0,0,0,2,0,9,3,10,41.75086712,-87.63600001,POINT (-87.636000010442 41.750867117349)
0ba0d02c9e955d75221f7af8b6d582e0a33231435266650d073f36dc6ed81ac7c68058dffdcdb9c744ef2e5c45f3950527e8378b513d0e9999b0a2c00ba4a908,JB224865,,4/15/2018 14:11,40,NO CONTROLS,NO CONTROLS,RAIN,DAYLIGHT,REAR END,DIVIDED - W/MEDIAN BARRIER,11,STRAIGHT AND LEVEL,WET,NO DEFECTS,ON SCENE,NO INJURY / DRIVE AWAY,,,,"OVER $1,500",4/15/2018 14:20,UNABLE TO DETERMINE,UNABLE TO DETERMINE,700,S,LAKE SHORE DR E,114,,,,,,,2,NO INDICATION OF INJURY,0,0,0,0,0,3,0,14,1,4,41.87319361,-87.61722829,POINT (-87.617228294467 41.873193608809)
019899005687e414a0b88c983a6ec0178bd850fb4be42d83ff30750d46c614a19f94c239cfc01d5b60008ededc2959da79b0649774b9363afdb1210c42bbdbc1,JD176057,,3/6/2020 12:00,30,NO CONTROLS,NO CONTROLS,CLEAR,DAYLIGHT,SIDESWIPE SAME DIRECTION,DIVIDED - W/MEDIAN (NOT RAISED),,STRAIGHT AND LEVEL,DRY,NO DEFECTS,NOT ON SCENE (DESK REPORT),NO INJURY / DRIVE AWAY,,,,"OVER $1,500",3/6/2020 12:15,UNABLE TO DETERMINE,NOT APPLICABLE,10935,S,HALSTED ST,2233,,,,,,,2,NO INDICATION OF INJURY,0,0,0,0,0,3,0,12,6,3,41.69494895,-87.64231341,POINT (-87.642313409796 41.694948946275)
05f6d9911b6be039d2a9768c0b63ce2db2ee1c8c0b2e739698e97c3b8f00239fb7f21cd336138b9b2cb0b9dce82462e3a4fe6ad4a3f7c7b3f708655e95fc0c87,JE368761,,9/10/2021 17:50,30,NO CONTROLS,NO CONTROLS,CLEAR,DAYLIGHT,ANGLE,DRIVEWAY,,STRAIGHT AND LEVEL,DRY,NO DEFECTS,ON SCENE,NO INJURY / DRIVE AWAY,N,,,"OVER $1,500",9/10/2021 17:51,FAILING TO YIELD RIGHT-OF-WAY,DRIVING SKILLS/KNOWLEDGE/EXPERIENCE,5434,N,HARLEM AVE,1613,,,,,,,2,NO INDICATION OF INJURY,0,0,0,0,0,3,0,17,6,9,41.9792746,-87.80713186,POINT (-87.807131855514 41.979274602148)
02ad281ea605405260e1e0d698a143cc767730f5afdb8558dbfc3d67c0ef4f68261fd58626dc5cd04e8eba4d7d3348217e11e883c5a8afe1c49d226dddca2ea0,JD429460,,11/10/2020 12:00,30,NO CONTROLS,NO CONTROLS,CLEAR,DAYLIGHT,PARKED MOTOR VEHICLE,ONE-WAY,,STRAIGHT AND LEVEL,DRY,NO DEFECTS,NOT ON SCENE (DESK REPORT),NO INJURY / DRIVE AWAY,,,Y,"$501 - $1,500",11/12/2020 17:20,UNABLE TO DETERMINE,UNABLE TO DETERMINE,1455,W,FRY ST,1213,,,,,,,2,NO INDICATION OF INJURY,0,0,0,0,0,1,0,12,3,11,41.89691424,-87.66456959,POINT (-87.664569585505 41.896914240675)
0c384dc8b3a13af192f915ebc6f392f937590c0fd6c0675112418289a2d712e24ea27f5c1c8b36715c07d221b2822eb08081b4ac5e3416e50fef5644f201f1de,JA460588,,10/6/2017 11:38,30,NO CONTROLS,NO CONTROLS,RAIN,DAYLIGHT,TURNING,NOT DIVIDED,,STRAIGHT AND LEVEL,WET,NO DEFECTS,ON SCENE,NO INJURY / DRIVE AWAY,,,,"OVER $1,500",10/6/2017 11:38,FAILING TO YIELD RIGHT-OF-WAY,UNABLE TO DETERMINE,6698,W,ARCHER AVE,811,,,,,,,2,NO INDICATION OF INJURY,0,0,0,0,0,3,0,11,6,10,41.79231385,-87.78907516,POINT (-87.789075155597 41.792313849221)
060cca21bc3c14f926af0997d7d4ec7bc8e8d63c5ef1eecc23e1e5274d888d0944b333130f8fa97e8370ded183ff942b6c5d975dcc6163c2d5b1fc3192aea193,JD420884,,11/4/2020 16:00,35,NO CONTROLS,NO CONTROLS,CLEAR,DAYLIGHT,PARKED MOTOR VEHICLE,ONE-WAY,,STRAIGHT AND LEVEL,DRY,NO DEFECTS,ON SCENE,NO INJURY / DRIVE AWAY,,,Y,"$501 - $1,500",11/4/2020 16:04,UNABLE TO DETERMINE,NOT APPLICABLE,420,S,CLARK ST,122,,,,,,,2,NO INDICATION OF INJURY,0,0,0,0,0,1,0,16,4,11,41.87643561,-87.6308831,POINT (-87.63088309864 41.876435609963)
04710347843388f97763e4d98eb7232ad703159df27164e0648d9d033e26cd9d321a3915f794bb32599b4eb197c105b90f9c1f0ceeb1e90feba63db9f8566e09,JC210946,,4/4/2019 1:06,20,NO CONTROLS,NO CONTROLS,RAIN,"DARKNESS, LIGHTED ROAD",PARKED MOTOR VEHICLE,NOT DIVIDED,1,STRAIGHT AND LEVEL,WET,NO DEFECTS,ON SCENE,INJURY AND / OR TOW DUE TO CRASH,,,,"OVER $1,500",4/4/2019 1:08,EXCEEDING SAFE SPEED FOR CONDITIONS,FAILING TO REDUCE SPEED TO AVOID CRASH,7844,S,GREENWOOD AVE,624,,,,,,,4,NO INDICATION OF INJURY,0,0,0,0,0,1,0,1,5,4,41.75184861,-87.59807327,POINT (-87.598073266748 41.75184860863)
0888c5ed82c1a2d4a573be866de7c031c4563a301a7844787b94b4f8fc2142686ffd36d4438583acaa9c6c947e6210d5a4e7c678c77e6943f61cc9e39a4b250f,JF252025,,5/22/2022 22:14,30,STOP SIGN/FLASHER,FUNCTIONING PROPERLY,CLEAR,"DARKNESS, LIGHTED ROAD",ANGLE,FOUR WAY,,STRAIGHT AND LEVEL,DRY,NO DEFECTS,ON SCENE,INJURY AND / OR TOW DUE TO CRASH,Y,,,"OVER $1,500",5/22/2022 22:14,FAILING TO YIELD RIGHT-OF-WAY,FAILING TO YIELD RIGHT-OF-WAY,998,N,LOREL AVE,1524,,,,,,,3,NONINCAPACITATING INJURY,1,0,0,1,0,1,0,22,1,5,41.89845982,-87.75957578,POINT (-87.75957577635 41.898459815154)
018eff4bb1b771f682e1c39ebb4047ecc5a058020b81aacacd9e7ac8eeeb0c9984a1009976d69a08cb0442e4a9df956620d8075e7c80a9ca80c0f3283face983,JF176889,,3/17/2022 10:40,30,NO CONTROLS,NO CONTROLS,CLEAR,DAYLIGHT,TURNING,NOT DIVIDED,,STRAIGHT AND LEVEL,DRY,NO DEFECTS,ON SCENE,INJURY AND / OR TOW DUE TO CRASH,,,,"OVER $1,500",3/17/2022 10:43,FAILING TO YIELD RIGHT-OF-WAY,DISREGARDING ROAD MARKINGS,2301,S,ASHLAND AVE,1235,,,,,,,2,NO INDICATION OF INJURY,0,0,0,0,0,2,0,10,5,3,41.8502353,-87.66586416,POINT (-87.665864156849 41.850235296181)
09bb704c2311bcda7a1e178e8e1bf1c0b5bae3f36de2b6a21140b4a9c85fe942eab85ed5e7ef19606eea334e108e8ae9b42717efc8e54ee840fdd335d057d783,JD391498,,10/7/2020 10:30,30,TRAFFIC SIGNAL,FUNCTIONING PROPERLY,CLEAR,DAYLIGHT,REAR END,DIVIDED - W/MEDIAN (NOT RAISED),,STRAIGHT AND LEVEL,DRY,NO DEFECTS,NOT ON SCENE (DESK REPORT),INJURY AND / OR TOW DUE TO CRASH,,,,"OVER $1,500",10/7/2020 10:50,UNABLE TO DETERMINE,UNABLE TO DETERMINE,3500,S,KEDZIE AVE,911,,,,,,,2,NONINCAPACITATING INJURY,1,0,0,1,0,1,0,10,4,10,41.82977496,-87.70475352,POINT (-87.704753514706 41.829774959784)
0bc897923af94eed90ae548a58d34bbb35293f1ad45979cbbf8b728c7bfdb6a90ba49503e3bfe6b07ad28d86908c4c7f1c3d1164d8a7e049bc7bee2f0cd85e8c,JE442682,Y,11/10/2021 15:00,30,UNKNOWN,UNKNOWN,CLEAR,DAYLIGHT,PARKED MOTOR VEHICLE,DIVIDED - W/MEDIAN (NOT RAISED),,STRAIGHT AND LEVEL,UNKNOWN,UNKNOWN,NOT ON SCENE (DESK REPORT),NO INJURY / DRIVE AWAY,,,Y,$500 OR LESS,11/12/2021 11:30,UNABLE TO DETERMINE,NOT APPLICABLE,5950,S,DR MARTIN LUTHER KING JR DR,232,,,,,,,2,NO INDICATION OF INJURY,0,0,0,0,0,1,0,15,4,11,41.78601469,-87.61591399,POINT (-87.615913994286 41.78601468899)
0b4c9bea71fd39e04f4501ebe8450e6144f14170497fb2f377209dbb9e750f5139c3eb7bf1961696b319996d5fbf2909e5d9b9c80b8a70a1412c23a0673b22b1,JC339641,,7/8/2019 9:00,30,NO CONTROLS,NO CONTROLS,CLEAR,DAYLIGHT,PARKED MOTOR VEHICLE,NOT DIVIDED,,STRAIGHT AND LEVEL,DRY,NO DEFECTS,NOT ON SCENE (DESK REPORT),NO INJURY / DRIVE AWAY,,,Y,"$501 - $1,500",7/8/2019 10:38,UNABLE TO DETERMINE,UNABLE TO DETERMINE,7118,S,RICHMOND ST,831,,,,,,,2,NO INDICATION OF INJURY,0,0,0,0,0,1,0,9,2,7,41.76387425,-87.69682579,POINT (-87.696825786258 41.763874252881)
08a014ebd54423c33e81c9ef90def4bcedb052d9c020d7b747509f2a1f3f4f0322c4d433875189aa8c45c01e3abc553b0cbe293804cce01c70f887507fa4737f,JD414821,,10/29/2020 19:15,30,TRAFFIC SIGNAL,FUNCTIONING PROPERLY,CLEAR,DARKNESS,REAR END,DIVIDED - W/MEDIAN (NOT RAISED),,STRAIGHT AND LEVEL,DRY,NO DEFECTS,ON SCENE,INJURY AND / OR TOW DUE TO CRASH,,,,"$501 - $1,500",10/29/2020 19:30,FOLLOWING TOO CLOSELY,NOT APPLICABLE,11042,S,KEDZIE AVE,2211,,,,,,,2,NONINCAPACITATING INJURY,1,0,0,1,0,1,0,19,5,10,41.69211063,-87.7009911,POINT (-87.700991095481 41.69211062687)
06fb80ebb989ba49f58918b3ede370334e84e38c44869f37d6d8fb65650337776cb46ef85c2d2ffd42d818a76b7f12c373322a47e348d6d8c64824497ffdcc0d,JD350829,,8/30/2020 4:36,25,NO CONTROLS,NO CONTROLS,CLEAR,"DARKNESS, LIGHTED ROAD",PARKED MOTOR VEHICLE,ONE-WAY,,STRAIGHT AND LEVEL,DRY,UNKNOWN,NOT ON SCENE (DESK REPORT),NO INJURY / DRIVE AWAY,,,,$500 OR LESS,8/30/2020 18:28,DRIVING SKILLS/KNOWLEDGE/EXPERIENCE,UNABLE TO DETERMINE,5036,W,OAKDALE AVE,2521,,,,,,,2,NO INDICATION OF INJURY,0,0,0,0,0,1,0,4,1,8,41.93429415,-87.75311037,POINT (-87.753110364688 41.934294146238)
01650b8b9d41c3f4144138f3ce850dd8528a153c9b2cdbe71471ad29c87815583fe7f8040be0cf56b434213f136701c07b76cc66ac8043972413423fe2cc2de2,JG339911,,7/10/2023 10:30,5,NO CONTROLS,NO CONTROLS,UNKNOWN,DAYLIGHT,PARKED MOTOR VEHICLE,PARKING LOT,,STRAIGHT AND LEVEL,UNKNOWN,UNKNOWN,NOT ON SCENE (DESK REPORT),NO INJURY / DRIVE AWAY,,N,,"$501 - $1,500",7/13/2023 20:00,UNABLE TO DETERMINE,NOT APPLICABLE,4926,S,KEDZIE AVE,821,,,,,,,2,NO INDICATION OF INJURY,0,0,0,0,0,2,0,10,2,7,41.80365224,-87.70399211,POINT (-87.703992113494 41.803652235958)
0936a677786687d2fe4afeaa07578fd456bb0eded363f5141c0f4ff198de49c030f86fd7bc7e60ef32d72e0068d93e1f27383276d5c1ebb89bc5e4e2ad4bb541,JD234312,,5/16/2020 17:25,30,STOP SIGN/FLASHER,FUNCTIONING PROPERLY,CLEAR,DAYLIGHT,REAR END,FOUR WAY,,STRAIGHT AND LEVEL,DRY,NO DEFECTS,ON SCENE,INJURY AND / OR TOW DUE TO CRASH,Y,,,"OVER $1,500",5/16/2020 17:27,NOT APPLICABLE,NOT APPLICABLE,5627,N,CLARK ST,2013,,,,,,,3,"REPORTED, NOT EVIDENT",1,0,0,0,1,3,0,17,7,5,41.98435759,-87.66879565,POINT (-87.668795646438 41.984357589148)
08e3715a14a39782c5bf49aa7e2b80ed7aaf995174eac878ae7fae46b4ec1e0f801b1cb99ea37f80c178813fc9b4421e72d5cf9b14779c366b3bca69dcf7c25d,JB339925,,7/7/2018 18:33,10,NO CONTROLS,NO CONTROLS,CLEAR,DAYLIGHT,PARKED MOTOR VEHICLE,NOT DIVIDED,0,STRAIGHT AND LEVEL,DRY,NO DEFECTS,NOT ON SCENE (DESK REPORT),NO INJURY / DRIVE AWAY,,Y,,"OVER $1,500",7/7/2018 19:59,"OPERATING VEHICLE IN ERRATIC, RECKLESS, CARELESS, NEGLIGENT OR AGGRESSIVE MANNER",NOT APPLICABLE,1011,S,DELANO CT E,123,,,,,,,2,NO INDICATION OF INJURY,0,0,0,0,0,1,0,18,7,7,41.86967389,-87.63236767,POINT (-87.632367670736 41.86967388968)
0c1ea086e63b2f497004561c194fd7e2d23336307258491b7752ceb6b55f6e6de4d3f289e8e89afb1d81165fd00bc3afe3d7f6ba0fcde665ceb5282a7dd5b4c0,JB384021,,8/7/2018 20:30,30,TRAFFIC SIGNAL,FUNCTIONING PROPERLY,CLEAR,"DARKNESS, LIGHTED ROAD",ANGLE,NOT DIVIDED,,STRAIGHT ON GRADE,DRY,UNKNOWN,NOT ON SCENE (DESK REPORT),INJURY AND / OR TOW DUE TO CRASH,,,Y,"OVER $1,500",8/7/2018 23:15,"OPERATING VEHICLE IN ERRATIC, RECKLESS, CARELESS, NEGLIGENT OR AGGRESSIVE MANNER",UNABLE TO DETERMINE,2,W,115TH ST,522,,,,,,,2,NO INDICATION OF INJURY,0,0,0,0,0,2,0,20,3,8,41.6854311,-87.62295302,POINT (-87.622953015665 41.685431103522)
00ae2453e2fa4239304aabbe8502082c2462f3943db97afb4772f26282916e3b5305f9cfd0fdb0bd8f7cf7bd3e7e20f25aba4c0857c776cb0ec2f3a861001106,JC132630,,1/28/2019 6:50,35,TRAFFIC SIGNAL,FUNCTIONING PROPERLY,SNOW,DAWN,SIDESWIPE SAME DIRECTION,DIVIDED - W/MEDIAN (NOT RAISED),4,STRAIGHT AND LEVEL,SNOW OR SLUSH,NO DEFECTS,NOT ON SCENE (DESK REPORT),NO INJURY / DRIVE AWAY,Y,,,"$501 - $1,500",1/28/2019 15:40,IMPROPER OVERTAKING/PASSING,IMPROPER TURNING/NO SIGNAL,1801,W,PETERSON AVE,2012,,,,,,,2,NO INDICATION OF INJURY,0,0,0,0,0,2,0,6,2,1,41.99064167,-87.67534701,POINT (-87.675347008411 41.990641671362)
05f689aeee991619f63c42d8301eddc24b36c320219e2cc160f5963d4ad337751e938ff9f33ef0af8e3d38a3ff57275872ba867679e1b372e70907a872f4a781,JE193511,,4/6/2021 5:00,30,TRAFFIC SIGNAL,FUNCTIONING PROPERLY,CLEAR,DARKNESS,ANGLE,FOUR WAY,,STRAIGHT AND LEVEL,DRY,NO DEFECTS,NOT ON SCENE (DESK REPORT),INJURY AND / OR TOW DUE TO CRASH,Y,,,"$501 - $1,500",4/8/2021 15:30,DISREGARDING TRAFFIC SIGNALS,NOT APPLICABLE,5500,S,WABASH AVE,225,,,,,,,2,NO INDICATION OF INJURY,0,0,0,0,0,2,0,5,3,4,41.79426034,-87.62422442,POINT (-87.624224419257 41.794260343739)
01e5afb497ea0840097d6cd7b15c0660b39fb611186e64af7b71c9f040f33c83db90d1cb3bb6f9fddd80c1d02da20c4eefc1869da36fc2c5c4d59d302b79cb6c,JF477949,,11/17/2022 11:03,30,NO CONTROLS,NO CONTROLS,CLOUDY/OVERCAST,DAYLIGHT,ANGLE,DIVIDED - W/MEDIAN (NOT RAISED),,STRAIGHT AND LEVEL,WET,NO DEFECTS,ON SCENE,INJURY AND / OR TOW DUE TO CRASH,,,,"OVER $1,500",11/17/2022 11:05,FAILING TO YIELD RIGHT-OF-WAY,FAILING TO YIELD RIGHT-OF-WAY,3310,W,NORTH AVE,1422,,,,,,,2,NONINCAPACITATING INJURY,1,0,0,1,0,1,0,11,5,11,41.91018614,-87.70983962,POINT (-87.709839622879 41.91018614408)
08ee9d342010e3b0258107c2cd6522a98a92d6ffa03e6c12d4c1649275d99c75fb5a432ab8b4933ac02fd045d74148036e63ed47e89c2056a497e3a38714ea63,JF418050,,10/1/2022 15:30,30,TRAFFIC SIGNAL,FUNCTIONING PROPERLY,CLEAR,DAYLIGHT,TURNING,FOUR WAY,,STRAIGHT AND LEVEL,DRY,NO DEFECTS,,INJURY AND / OR TOW DUE TO CRASH,Y,,Y,"OVER $1,500",10/1/2022 15:38,FAILING TO YIELD RIGHT-OF-WAY,FAILING TO YIELD RIGHT-OF-WAY,1800,S,CANAL ST,1235,,,,,,,2,NONINCAPACITATING INJURY,2,0,0,2,0,1,0,15,7,10,41.85756407,-87.63907891,POINT (-87.639078910579 41.857564070819)
03ee8c1eabba159eaea7e94dbc02d40249256d64867b49ec7d9f36a9e3f462ca3de1dcfd21afecc3fc0a66fa75b83a98ce06e18a2f16da97a30bd123e39e4cbb,JD163059,,2/24/2020 11:44,30,NO CONTROLS,NO CONTROLS,CLEAR,DAYLIGHT,PARKED MOTOR VEHICLE,NOT DIVIDED,,STRAIGHT AND LEVEL,DRY,NO DEFECTS,ON SCENE,INJURY AND / OR TOW DUE TO CRASH,,,,"OVER $1,500",2/24/2020 11:44,UNABLE TO DETERMINE,UNABLE TO DETERMINE,2871,W,23RD ST,1033,,,,,,,2,NO INDICATION OF INJURY,0,0,0,0,0,1,0,11,2,2,41.84993134,-87.69837424,POINT (-87.698374239013 41.849931338108)
007c60d75b31b841f5525269499b8ee9c040334478ef04d81d205eaa1f1c0399e695ac72231cc6a127b6ed2830309af43f5a263e7e78bfcd1658036508226af6,JF462377,,11/4/2022 17:18,30,TRAFFIC SIGNAL,FUNCTIONING PROPERLY,CLEAR,DAYLIGHT,REAR END,FOUR WAY,,STRAIGHT AND LEVEL,DRY,NO DEFECTS,ON SCENE,NO INJURY / DRIVE AWAY,Y,,Y,"OVER $1,500",11/4/2022 18:00,FOLLOWING TOO CLOSELY,FAILING TO REDUCE SPEED TO AVOID CRASH,601,W,CHICAGO AVE,1831,,,,,,,2,NO INDICATION OF INJURY,0,0,0,0,0,3,0,17,6,11,41.89636569,-87.64299108,POINT (-87.642991082216 41.896365692487)
050f45d870818ba7fd0503ad696c5555c7dfe7f97e72e19d9525b6bdd993f0ff17ec6639148035c3271af4dcbc87e4ba403fdab750aa47315d521a50658538e8,JF506135,,12/11/2022 5:30,30,NO CONTROLS,NO CONTROLS,CLEAR,DARKNESS,PARKED MOTOR VEHICLE,NOT DIVIDED,,STRAIGHT AND LEVEL,DRY,NO DEFECTS,ON SCENE,INJURY AND / OR TOW DUE TO CRASH,,,N,"OVER $1,500",12/11/2022 7:19,UNABLE TO DETERMINE,NOT APPLICABLE,1752,E,73RD ST,324,,,,,,,2,NO INDICATION OF INJURY,0,0,0,0,0,2,0,5,1,12,41.76256723,-87.58153592,POINT (-87.581535919182 41.762567231018)
03a10083ccb2dd0f008089bafb48127200627c7d9e4df1b412e27f4a14701603b014404f02bb7e27dcfd6417e404edf5f0758b84f25e402e2ff695fb1dab279e,JE174573,,3/20/2021 17:32,30,TRAFFIC SIGNAL,FUNCTIONING PROPERLY,CLEAR,DAYLIGHT,SIDESWIPE SAME DIRECTION,FOUR WAY,,STRAIGHT AND LEVEL,DRY,UNKNOWN,NOT ON SCENE (DESK REPORT),NO INJURY / DRIVE AWAY,Y,,Y,"$501 - $1,500",3/20/2021 17:45,IMPROPER OVERTAKING/PASSING,NOT APPLICABLE,3058,S,HALSTED ST,913,,,,,,,2,NO INDICATION OF INJURY,0,0,0,0,0,2,0,17,7,3,41.83813423,-87.64642743,POINT (-87.646427432684 41.838134224586)
0ac6549ff676504545d46ddecf0c847247fa5db0412279829843d63271361eb38b26cb54a390367bbdfd57a8ccf8a5f717ff1ffd817eed95b42ecfcc75956415,JC143988,,2/7/2019 17:25,35,NO CONTROLS,NO CONTROLS,CLEAR,DARKNESS,PARKED MOTOR VEHICLE,ONE-WAY,1,STRAIGHT AND LEVEL,DRY,NO DEFECTS,NOT ON SCENE (DESK REPORT),NO INJURY / DRIVE AWAY,,,Y,"OVER $1,500",2/7/2019 17:30,EXCEEDING SAFE SPEED FOR CONDITIONS,NOT APPLICABLE,7028,S,CLYDE AVE,331,,,,,,,2,NO INDICATION OF INJURY,0,0,0,0,0,1,0,17,5,2,41.7671591,-87.57402844,POINT (-87.574028436625 41.767159103031)
048a26e82e260d8d71a5b67e209027a6324e6ce8b70074fa5c3958a791bf7e79c3c09f015e5719f14db9e39d2bea39ae0a7edc02dca860860077fa4a5315d9ea,HY433449,,8/31/2015 16:00,35,TRAFFIC SIGNAL,FUNCTIONING PROPERLY,CLEAR,DAYLIGHT,REAR END,DIVIDED - W/MEDIAN BARRIER,6,STRAIGHT AND LEVEL,DRY,NO DEFECTS,NOT ON SCENE (DESK REPORT),NO INJURY / DRIVE AWAY,,,,"$501 - $1,500",9/22/2015 11:08,FOLLOWING TOO CLOSELY,UNABLE TO DETERMINE,7901,S,CICERO AVE,834,,,,,,,2,NO INDICATION OF INJURY,0,0,0,0,0,5,0,16,2,8,41.74906506,-87.7412039,POINT (-87.741203904025 41.749065056465)