CRASH_RECORD_ID,RD_NO,CRASH_DATE_EST_I,CRASH_DATE,POSTED_SPEED_LIMIT,TRAFFIC_CONTROL_DEVICE,DEVICE_CONDITION,WEATHER_CONDITION,LIGHTING_CONDITION,FIRST_CRASH_TYPE,TRAFFICWAY_TYPE,LANE_CNT,ALIGNMENT,ROADWAY_SURFACE_COND,ROAD_DEFECT,REPORT_TYPE,CRASH_TYPE,INTERSECTION_RELATED_I,NOT_RIGHT_OF_WAY_I,HIT_AND_RUN_I,DAMAGE,DATE_POLICE_NOTIFIED,PRIM_CONTRIBUTORY_CAUSE,SEC_CONTRIBUTORY_CAUSE,STREET_NO,STREET_DIRECTION,STREET_NAME,BEAT_OF_OCCURRENCE,PHOTOS_TAKEN_I,STATEMENTS_TAKEN_I,DOORING_I,WORK_ZONE_I,WORK_ZONE_TYPE,WORKERS_PRESENT_I,NUM_UNITS,MOST_SEVERE_INJURY,INJURIES_TOTAL,INJURIES_FATAL,INJURIES_INCAPACITATING,INJURIES_NON_INCAPACITATING,INJURIES_REPORTED_NOT_EVIDENT,INJURIES_NO_INDICATION,INJURIES_UNKNOWN,CRASH_HOUR,CRASH_DAY_OF_WEEK,CRASH_MONTH,LATITUDE,LONGITUDE,LOCATION
0a1136750638aeddcfd9e2a268b0f525351b13c28682eefd4689beed0239dc187aee715bd26fefcc28467ebd69833cc33b44a1b442765ae4f0195ac1cd8678ec,JD250038,,5/31/2020 23:45,35,NO CONTROLS,NO CONTROLS,UNKNOWN,DARKNESS,PARKED MOTOR VEHICLE,ONE-WAY,,STRAIGHT AND LEVEL,DRY,NO DEFECTS,NOT ON SCENE (DESK REPORT),NO INJURY / DRIVE AWAY,,,Y,"OVER $1,500",6/1/2020 16:00,NOT APPLICABLE,NOT APPLICABLE,1937,S,TRUMBULL AVE,1024,,,,,,,2,NO INDICATION OF INJURY,0,0,0,0,0,1,0,23,1,5,41.85461884,-87.71108476,POINT (-87.71108475853 41.854618838087)
009f127c053e0c2695aa2591bc3eca1a20f51baabcdee70e45482a583c648d32d01ea0e6974f1fe4ed39b187f91bce4431fcc58c4194c4277f0cc85ec438f30f,JC367640,,7/28/2019 0:01,30,STOP SIGN/FLASHER,UNKNOWN,CLEAR,DARKNESS,SIDESWIPE SAME DIRECTION,FOUR WAY,,STRAIGHT AND LEVEL,DRY,UNKNOWN,NOT ON SCENE (DESK REPORT),NO INJURY / DRIVE AWAY,,,Y,"$501 - $1,500",7/28/2019 0:40,DISREGARDING STOP SIGN,NOT APPLICABLE,1200,W,WELLINGTON AVE,1933,,,,,,,2,NO INDICATION OF INJURY,0,0,0,0,0,2,0,0,1,7,41.93630456,-87.6589626,POINT (-87.658962596834 41.936304560064)
09101ce337f110a6752a643c93df9c12056730c2fe4d0be6015fecb6039955c43c93aace97bb3579c9bbc82aa6bf85f6f32dd068d7851ed44454b5661e444bf7,JG153773,,2/15/2023 15:04,30,NO CONTROLS,NO CONTROLS,CLEAR,DAYLIGHT,PEDESTRIAN,NOT DIVIDED,,STRAIGHT AND LEVEL,DRY,NO DEFECTS,ON SCENE,INJURY AND / OR TOW DUE TO CRASH,,,,$500 OR LESS,2/15/2023 15:04,UNABLE TO DETERMINE,NOT APPLICABLE,6740,S,CALIFORNIA AVE,831,,,,,,,2,NONINCAPACITATING INJURY,1,0,0,1,0,2,0,15,4,2,41.7705845,-87.69332402,POINT (-87.693324023911 41.77058449748)
0b3129b3425f49ae71cf42173efa025955482960c78d732aec69e2b8b912322bf0abf1dfac25ca50ea1be89c78d7dbb8f74da44de8f0a27eb115f3613b626a78,JB115619,,1/14/2018 3:12,30,NO CONTROLS,NO CONTROLS,CLEAR,"DARKNESS, LIGHTED ROAD",PARKED MOTOR VEHICLE,ONE-WAY,,STRAIGHT ON GRADE,DRY,NO DEFECTS,ON SCENE,INJURY AND / OR TOW DUE TO CRASH,,,,"OVER $1,500",1/14/2018 3:12,DRIVING SKILLS/KNOWLEDGE/EXPERIENCE,UNDER THE INFLUENCE OF ALCOHOL/DRUGS (USE WHEN ARREST IS EFFECTED),1941,W,KINZIE ST,1223,Y,,,,,,2,NO INDICATION OF INJURY,0,0,0,0,0,1,0,3,1,1,41.88862482,-87.67600757,POINT (-87.676007566427 41.888624815883)
0a99b43ad5fb21aaa34be960a4e50af8e72d795299eb88ef0929d9c44431d7ea0534529a35983e185c40b70e75814ce3c948dfbc0afaa888ff29df9ead69eb1f,,,7/20/2023 6:59,30,TRAFFIC SIGNAL,FUNCTIONING PROPERLY,CLEAR,DAYLIGHT,SIDESWIPE SAME DIRECTION,ONE-WAY,,STRAIGHT AND LEVEL,DRY,NO DEFECTS,ON SCENE,NO INJURY / DRIVE AWAY,,,,"$501 - $1,500",7/20/2023 6:59,IMPROPER OVERTAKING/PASSING,FOLLOWING TOO CLOSELY,499,W,MADISON ST,121,,,,,,,2,NO INDICATION OF INJURY,0,0,0,0,0,2,0,6,5,7,41.88177389,-87.63963922,POINT (-87.639639219635 41.881773892528)
06024b896bb7278e587e7c2571d4b3888680a4f3aa1566cc12c912d5d66fa895d2b1278908589a603de7a7857256d03658d2be2b210849d87b31965b675ef963,JG125532,,1/21/2023 15:59,30,UNKNOWN,UNKNOWN,UNKNOWN,UNKNOWN,TURNING,DIVIDED - W/MEDIAN (NOT RAISED),,STRAIGHT AND LEVEL,UNKNOWN,UNKNOWN,NOT ON SCENE (DESK REPORT),NO INJURY / DRIVE AWAY,,,,"$501 - $1,500",1/22/2023 14:40,UNABLE TO DETERMINE,NOT APPLICABLE,2734,W,PETERSON AVE,2413,,,,,,,2,NO INDICATION OF INJURY,0,0,0,0,0,2,0,15,7,1,41.9905587,-87.69840026,POINT (-87.698400262339 41.990558701478)
07efee2bc723ea6de067637878703e3b2b3d5e89d74a16dc1f8554916fcbad0a36ddfc559a1ea259fec28a50900aa086c6e0d29d2fc69ea5b1ff12a06b4d0a54,JF454690,,10/29/2022 18:10,30,NO CONTROLS,NO CONTROLS,CLEAR,"DARKNESS, LIGHTED ROAD",PEDALCYCLIST,ONE-WAY,,STRAIGHT AND LEVEL,DRY,NO DEFECTS,ON SCENE,INJURY AND / OR TOW DUE TO CRASH,,,,$500 OR LESS,10/29/2022 22:53,UNABLE TO DETERMINE,UNABLE TO DETERMINE,5631,W,BELMONT AVE,2514,,,,,,,2,NONINCAPACITATING INJURY,1,0,0,1,0,1,0,18,7,10,41.93844982,-87.76777052,POINT (-87.767770515779 41.938449820454)
04c6f67e4108544369b49f3e0e45f2b7c5b85dcfed2abdb4c063e60b68da43614c867e510a07efda3ac4f08cf9f5ef68fed11c0944aa3755aeb9befea7c52f84,JC488041,,10/27/2019 1:55,30,NO CONTROLS,NO CONTROLS,RAIN,"DARKNESS, LIGHTED ROAD",PEDESTRIAN,NOT DIVIDED,,STRAIGHT AND LEVEL,WET,UNKNOWN,NOT ON SCENE (DESK REPORT),INJURY AND / OR TOW DUE TO CRASH,,,,$500 OR LESS,10/27/2019 6:12,FAILING TO YIELD RIGHT-OF-WAY,UNABLE TO DETERMINE,1531,N,KINGSBURY ST,1822,,,,,,,2,INCAPACITATING INJURY,2,0,1,0,1,0,0,1,1,10,41.90905475,-87.6524222,POINT (-87.652422204366 41.909054754457)
0878cd8b8661b46f54107616586395efcf82851340969a11d0d023c006675f7bb1104aa2a131cfec630459f7fb9202348a90ef098d2bf07b73c4f876f663316c,JC476349,,10/17/2019 14:14,30,STOP SIGN/FLASHER,FUNCTIONING PROPERLY,CLEAR,DAYLIGHT,TURNING,FOUR WAY,,STRAIGHT AND LEVEL,DRY,NO DEFECTS,NOT ON SCENE (DESK REPORT),NO INJURY / DRIVE AWAY,Y,,Y,"$501 - $1,500",10/17/2019 16:36,FAILING TO YIELD RIGHT-OF-WAY,UNABLE TO DETERMINE,215,W,31ST ST,915,,,,,,,2,NO INDICATION OF INJURY,0,0,0,0,0,2,0,14,5,10,41.83811668,-87.63232011,POINT (-87.63232010922 41.838116679651)
05ae9f391afe82ef9a5b7e508d41ac7b3d0a701364be4b1d1b55f8238fccac43a4561ff57f002de57b44c30ea2790f6cc50a73aeccbe7df98de8ccbaf492d990,HZ133625,Y,1/29/2016 20:54,30,TRAFFIC SIGNAL,FUNCTIONING PROPERLY,CLEAR,"DARKNESS, LIGHTED ROAD",SIDESWIPE SAME DIRECTION,NOT DIVIDED,4,STRAIGHT AND LEVEL,DRY,NO DEFECTS,NOT ON SCENE (DESK REPORT),NO INJURY / DRIVE AWAY,,,,$500 OR LESS,1/29/2016 21:28,UNABLE TO DETERMINE,NOT APPLICABLE,600,N,MC CLURG CT,1834,,,,,,,2,NO INDICATION OF INJURY,0,0,0,0,0,2,0,20,6,1,41.89267922,-87.61786371,POINT (-87.617863711646 41.892679220073)
00c0fbe8e754973b4002b85b7e65b02fc258a79314f3c6d021b684ba6e50532fecdb2c90b324cc0bc66f02b6be4c73fb6250808ea06efe768bf290ea1b1b2ddd,JC253628,,5/7/2019 14:20,30,NO CONTROLS,NO CONTROLS,CLEAR,DAYLIGHT,SIDESWIPE SAME DIRECTION,ALLEY,,STRAIGHT AND LEVEL,DRY,NO DEFECTS,ON SCENE,NO INJURY / DRIVE AWAY,,,Y,$500 OR LESS,5/7/2019 14:35,IMPROPER OVERTAKING/PASSING,UNABLE TO DETERMINE,7914,S,CHAMPLAIN AVE,624,,,,,,,3,NO INDICATION OF INJURY,0,0,0,0,0,5,0,14,3,5,41.75072983,-87.60900146,POINT (-87.609001463532 41.750729832096)
0b790894037f43e54d3420c5eb8bc9022785840b7b64b34953f5b4f1cad38121aab54c134ee9f2d3619f6eb83cf4bb040d0e0be89a94eceeb717be9e1872bf3d,JD180612,,3/6/2020 16:00,30,NO CONTROLS,NO CONTROLS,CLEAR,DAYLIGHT,REAR END,NOT DIVIDED,,STRAIGHT AND LEVEL,DRY,NO DEFECTS,NOT ON SCENE (DESK REPORT),NO INJURY / DRIVE AWAY,,,Y,"OVER $1,500",3/10/2020 11:50,FOLLOWING TOO CLOSELY,UNABLE TO DETERMINE,7155,W,DEVON AVE,1611,,,,,,,2,NO INDICATION OF INJURY,0,0,0,0,0,2,0,16,6,3,41.99766275,-87.80669319,POINT (-87.806693185942 41.997662754201)
025e21291c5b360159e123ae6fc3c2068439bc825e8d4fa899ae308a7e8a5783b00138c07a23bbbe22f62dc0d76771f07727e260e432e7bbf69869965a312c13,JC424931,,9/8/2019 14:30,10,NO CONTROLS,NO CONTROLS,CLEAR,DAYLIGHT,PARKED MOTOR VEHICLE,PARKING LOT,,STRAIGHT AND LEVEL,DRY,NO DEFECTS,NOT ON SCENE (DESK REPORT),NO INJURY / DRIVE AWAY,,,,"OVER $1,500",9/8/2019 15:20,UNABLE TO DETERMINE,UNABLE TO DETERMINE,7530,S,STONY ISLAND AVE,411,,,,,,,2,NO INDICATION OF INJURY,0,0,0,0,0,3,0,14,1,9,41.75780566,-87.58626826,POINT (-87.586268258019 41.757805658543)
0a39a2fb2a7dcc26fba647efe52226d7aa6594cbc626a35b19bfb770744cfc4745acaa91a05c2849f234cb6e12122f733eacc8e6fee91baddf134be349336fb3,JD110558,,1/10/2020 7:50,30,TRAFFIC SIGNAL,FUNCTIONING PROPERLY,CLEAR,DAYLIGHT,ANGLE,FOUR WAY,,STRAIGHT AND LEVEL,WET,UNKNOWN,ON SCENE,INJURY AND / OR TOW DUE TO CRASH,Y,,,"OVER $1,500",1/10/2020 7:51,IMPROPER TURNING/NO SIGNAL,UNABLE TO DETERMINE,5,E,GARFIELD BLVD,225,,Y,,,,,2,NO INDICATION OF INJURY,0,0,0,0,0,3,0,7,6,1,41.79419832,-87.62545917,POINT (-87.625459173896 41.794198318281)
01e923b3df77e2ae8a415e36ee7a4179ac3b0d929eefec1c230d6eb249fa69b81f0663d1c108968dd16cd8251a93b1cee391e8be2a454a3d8320eb9bb339a956,JA562158,,12/24/2017 19:00,25,NO CONTROLS,NO CONTROLS,SNOW,"DARKNESS, LIGHTED ROAD",PARKED MOTOR VEHICLE,ONE-WAY,1,STRAIGHT AND LEVEL,SNOW OR SLUSH,NO DEFECTS,ON SCENE,NO INJURY / DRIVE AWAY,,,,"OVER $1,500",12/24/2017 19:03,WEATHER,UNABLE TO DETERMINE,4833,N,WASHTENAW AVE,2031,,,,,,,3,NO INDICATION OF INJURY,0,0,0,0,0,1,0,19,1,12,41.96953759,-87.69612756,POINT (-87.696127560989 41.969537593512)
048df47a7d9ed0c8f3324ad8a109869848bf3f2c4462d06688fc244e4342478613e60999bb39b7347f9d7b7d8fd87b1a90bad6bd63e2b57bfce80c12ea859d7b,JA194696,,3/21/2017 7:30,30,TRAFFIC SIGNAL,FUNCTIONING PROPERLY,CLEAR,DAYLIGHT,REAR END,ONE-WAY,,STRAIGHT AND LEVEL,DRY,NO DEFECTS,NOT ON SCENE (DESK REPORT),NO INJURY / DRIVE AWAY,,,,"$501 - $1,500",3/21/2017 8:30,UNABLE TO DETERMINE,NOT APPLICABLE,9459,S,STATE ST,634,,,,,,,2,NO INDICATION OF INJURY,0,0,0,0,0,2,0,7,3,3,41.72172767,-87.62358399,POINT (-87.623583986265 41.721727668469)
082e805640ea4961a9c2c47d59ea228d00b70945ff2337b5943fea779f64c3735a7be79e4687cc35bb3f7e1243b7b980e63d536f4a4ddf2d947f87f79724b615,JC279888,,5/25/2019 21:00,30,NO CONTROLS,NO CONTROLS,CLEAR,DUSK,SIDESWIPE SAME DIRECTION,NOT DIVIDED,,STRAIGHT AND LEVEL,DRY,NO DEFECTS,NOT ON SCENE (DESK REPORT),NO INJURY / DRIVE AWAY,Y,,,"OVER $1,500",5/26/2019 20:00,FOLLOWING TOO CLOSELY,UNABLE TO DETERMINE,7059,S,SOUTH SHORE DR,334,,,,,,,2,NO INDICATION OF INJURY,0,0,0,0,0,2,0,21,7,5,41.76660302,-87.56632372,POINT (-87.566323722736 41.766603022169)
032b2099cf153e4297bea51c94c01aa4a7059a62c47b5b7b507efcfa289a0403ac1d8b9a157a6c61588a32b184c0262fdb408cadeef8a7de0aaa5227e24a7fd7,JE362954,,9/5/2021 21:32,35,UNKNOWN,UNKNOWN,UNKNOWN,UNKNOWN,REAR END,NOT DIVIDED,,STRAIGHT AND LEVEL,UNKNOWN,UNKNOWN,NOT ON SCENE (DESK REPORT),NO INJURY / DRIVE AWAY,,,,"$501 - $1,500",9/5/2021 22:00,NOT APPLICABLE,NOT APPLICABLE,9000,S,STONY ISLAND AVE,413,,,,,,,2,NO INDICATION OF INJURY,0,0,0,0,0,2,0,21,1,9,41.73135421,-87.58567513,POINT (-87.585675126771 41.731354209915)
068d4a0f196c201c2b8d7a907142413cd50ce1a8b18cfa3740e5fb2f0bdfe6dfda77d231c20b276b4528666f9244d121baab66018d48cdc9f5447abc5e1e9175,JC507607,,11/12/2019 11:05,30,TRAFFIC SIGNAL,FUNCTIONING PROPERLY,CLEAR,DAYLIGHT,REAR END,ONE-WAY,,STRAIGHT AND LEVEL,ICE,NO DEFECTS,ON SCENE,NO INJURY / DRIVE AWAY,,,,"OVER $1,500",11/12/2019 11:53,FOLLOWING TOO CLOSELY,NOT APPLICABLE,2401,W,HIRSCH ST,1423,,,,,,,2,NO INDICATION OF INJURY,0,0,0,0,0,2,0,11,3,11,41.90655627,-87.68718352,POINT (-87.687183517019 41.906556269167)
0825fe31984b69d3f7aa6b19e1148da60a9215aa58d6cd216229d94b7b2f2835b74cd45c12e2c96a9d479f240141c25f5d48f5ac652a27eeff1aa887b2185819,JF229382,,5/3/2022 22:25,30,NO CONTROLS,NO CONTROLS,RAIN,"DARKNESS, LIGHTED ROAD",PARKED MOTOR VEHICLE,DIVIDED - W/MEDIAN BARRIER,,STRAIGHT AND LEVEL,WET,NO DEFECTS,ON SCENE,INJURY AND / OR TOW DUE TO CRASH,Y,,Y,"OVER $1,500",5/3/2022 22:28,UNABLE TO DETERMINE,UNABLE TO DETERMINE,5631,N,MARMORA AVE,1622,,,,,,,2,NONINCAPACITATING INJURY,1,0,0,1,0,0,0,22,3,5,41.98394216,-87.77544726,POINT (-87.775447258852 41.983942157402)
0cb040e012e4701d5286d1224c82206d4e18c0db01d9c27198467fa4b65fe02fbe1216cb81fa7422f4dec75575dc33714b7eec05e20833d95a5573e2e9c33489,JC323267,,6/26/2019 17:40,30,NO CONTROLS,NO CONTROLS,CLEAR,DAYLIGHT,TURNING,NOT DIVIDED,,STRAIGHT AND LEVEL,DRY,NO DEFECTS,ON SCENE,NO INJURY / DRIVE AWAY,N,,Y,"OVER $1,500",6/26/2019 18:16,FAILING TO YIELD RIGHT-OF-WAY,NOT APPLICABLE,5330,W,ADDISON ST,1634,,,,,,,2,NO INDICATION OF INJURY,0,0,0,0,0,2,0,17,4,6,41.94606547,-87.76064592,POINT (-87.760645921962 41.94606546603)
0163fd3d852569fad3265189e363018bf1a07976de463b940c8d1c88e880bf3a288814282d64719618d0d594e9c9ebceb77910bef197da725c0c59439c70e55e,JD426519,,11/9/2020 19:50,30,TRAFFIC SIGNAL,FUNCTIONING PROPERLY,CLEAR,"DARKNESS, LIGHTED ROAD",REAR END,NOT DIVIDED,,STRAIGHT AND LEVEL,DRY,NO DEFECTS,NOT ON SCENE (DESK REPORT),NO INJURY / DRIVE AWAY,,,,$500 OR LESS,11/9/2020 20:00,FOLLOWING TOO CLOSELY,NOT APPLICABLE,3740,N,HALSTED ST,1923,,,,,,,2,NO INDICATION OF INJURY,0,0,0,0,0,4,0,19,2,11,41.95029038,-87.64973152,POINT (-87.649731523109 41.950290379189)
088c7aec9f3c2626e24db21a10d33e0bc92b57430ffaab0124055ebdcd191e832a5e29356a9987120ad91e9a1446f665ddc15575cc72c28d50e7b03a3151402f,JF391856,,9/10/2022 18:15,30,NO CONTROLS,NO CONTROLS,CLEAR,DAYLIGHT,PARKED MOTOR VEHICLE,DIVIDED - W/MEDIAN (NOT RAISED),,STRAIGHT AND LEVEL,DRY,NO DEFECTS,NOT ON SCENE (DESK REPORT),NO INJURY / DRIVE AWAY,,,N,"$501 - $1,500",9/11/2022 13:04,IMPROPER OVERTAKING/PASSING,IMPROPER OVERTAKING/PASSING,2965,N,LAWNDALE AVE,2523,,,,,,,2,NO INDICATION OF INJURY,0,0,0,0,0,1,0,18,7,9,41.93558188,-87.7205143,POINT (-87.720514301095 41.935581876852)
0a48ea178b25f556048927085d51d1b2b0938eebc5d7af4e820ae169ea1e61155544005e41a1f5d1f776a8c5d82eef9bc65d4fd6900c61208d8b90949058c2d1,JF516476,,12/19/2022 16:50,35,TRAFFIC SIGNAL,FUNCTIONING PROPERLY,CLEAR,"DARKNESS, LIGHTED ROAD",REAR END,NOT DIVIDED,,STRAIGHT AND LEVEL,DRY,NO DEFECTS,ON SCENE,NO INJURY / DRIVE AWAY,,,,"OVER $1,500",12/19/2022 17:10,UNABLE TO DETERMINE,UNABLE TO DETERMINE,2101,W,107TH ST,2212,,,,,,,2,NO INDICATION OF INJURY,0,0,0,0,0,2,0,16,2,12,41.69904296,-87.67440634,POINT (-87.674406341959 41.699042961864)
0b9af2e1f4cbd2fa531c66496f6696f627c450189c42618eaa0c1977d8806b8dcba76b44eb68e4ad226682ee6d86660af1a9e7cd1186e83bbc231672854055b2,JD178693,,3/8/2020 17:55,30,NO CONTROLS,NO CONTROLS,CLEAR,DAYLIGHT,REAR END,NOT DIVIDED,,STRAIGHT AND LEVEL,DRY,NO DEFECTS,ON SCENE,INJURY AND / OR TOW DUE TO CRASH,,,Y,"OVER $1,500",3/8/2020 18:00,UNABLE TO DETERMINE,UNABLE TO DETERMINE,3719,W,63RD ST,823,,,,,,,3,NONINCAPACITATING INJURY,1,0,0,1,0,2,0,17,1,3,41.77865052,-87.716206,POINT (-87.716205998263 41.778650520384)
008335b9d0833ece0d3b381a0c622d178eccad9b6f2a3d833a82008e7fcd7e251547546f7ff12b84bb977fc840e242a618f79ced861ce81a8e40258bf103397a,JA236353,Y,4/23/2017 19:00,30,STOP SIGN/FLASHER,FUNCTIONING PROPERLY,CLEAR,DAYLIGHT,PEDALCYCLIST,NOT DIVIDED,2,STRAIGHT AND LEVEL,DRY,NO DEFECTS,ON SCENE,INJURY AND / OR TOW DUE TO CRASH,,,Y,$500 OR LESS,4/23/2017 19:05,FAILING TO YIELD RIGHT-OF-WAY,UNABLE TO DETERMINE,5158,N,SIMONDS DR,2024,,,,,,,2,NONINCAPACITATING INJURY,1,0,0,1,0,1,0,19,1,4,41.97672058,-87.64952741,POINT (-87.649527409786 41.97672057909)
0506d565655e24acff251fc5befe080b424dc93af36e4c657ddeb5650d4b31423d7285d6c212055aaf50aec3d6d512f71ef4f56a4dfd0518171846b0039fb46d,JC480414,,10/21/2019 5:33,20,NO CONTROLS,NO CONTROLS,CLEAR,DAWN,SIDESWIPE SAME DIRECTION,ONE-WAY,,STRAIGHT AND LEVEL,DRY,NO DEFECTS,ON SCENE,NO INJURY / DRIVE AWAY,,,,"OVER $1,500",10/21/2019 5:35,FAILING TO YIELD RIGHT-OF-WAY,DRIVING SKILLS/KNOWLEDGE/EXPERIENCE,2,W,TERMINAL ST,1652,,,,,,,2,NO INDICATION OF INJURY,0,0,0,0,0,2,0,5,2,10,,,
02908d3d5596fc8734001cec9e0cee81753fe25d59a932c403654cafe4a396c7ff5c474983bf3db462dc95c84f2ede5f1cd849e12cf5a2ec4c040453201fb9b4,JC484167,,10/23/2019 23:09,35,NO CONTROLS,NO CONTROLS,RAIN,"DARKNESS, LIGHTED ROAD",REAR END,DIVIDED - W/MEDIAN (NOT RAISED),,STRAIGHT AND LEVEL,WET,NO DEFECTS,ON SCENE,INJURY AND / OR TOW DUE TO CRASH,,,,"OVER $1,500",10/23/2019 23:09,FOLLOWING TOO CLOSELY,FAILING TO REDUCE SPEED TO AVOID CRASH,8120,S,ASHLAND AVE,614,,,,,,,2,"REPORTED, NOT EVIDENT",1,0,0,0,1,3,0,23,4,10,41.74605673,-87.66347562,POINT (-87.663475618761 41.746056725136)
08dfd0edd6569e744cf683d92af62e71577020e99fd3975d60db3130030e585ae50c4f697c6081aaa2a4921dc07921277774a4efaecd0a505260a1666bf457c7,JB206722,,3/31/2018 17:00,25,NO CONTROLS,NO CONTROLS,CLEAR,DAYLIGHT,SIDESWIPE SAME DIRECTION,NOT DIVIDED,2,STRAIGHT AND LEVEL,DRY,NO DEFECTS,ON SCENE,NO INJURY / DRIVE AWAY,,,,"OVER $1,500",3/31/2018 17:10,UNABLE TO DETERMINE,UNABLE TO DETERMINE,3314,E,133RD ST,433,,,,,,,2,NO INDICATION OF INJURY,0,0,0,0,0,2,0,17,7,3,41.6537825,-87.54286636,POINT (-87.542866355275 41.653782504024)
0c2451cd3995d969181c5ca2e194f45afa92bc69b5d1b323db3389fb0f16c9fd30b674cf8041f7d8bccc654cfc46c43a00a4a89b280450c7d940209979750cc1,JE392507,,9/30/2021 8:10,30,NO CONTROLS,NO CONTROLS,CLEAR,DAYLIGHT,REAR END,DIVIDED - W/MEDIAN (NOT RAISED),,STRAIGHT AND LEVEL,DRY,NO DEFECTS,ON SCENE,NO INJURY / DRIVE AWAY,,,,"OVER $1,500",9/30/2021 8:10,UNABLE TO DETERMINE,UNABLE TO DETERMINE,2480,N,LINCOLN AVE,1932,,,,,,,2,NO INDICATION OF INJURY,0,0,0,0,0,3,0,8,5,9,41.92708499,-87.65126565,POINT (-87.651265648481 41.927084986208)
0741c778c740749127cfc4a4741e47266e5c1b78b449bf58b7bc3323329476f241a1b2f05f8f80496e79a8fd7a174852c8ff30a39dcc409454b9baac5c58e2c0,JB142381,,2/5/2018 18:18,30,UNKNOWN,UNKNOWN,SNOW,"DARKNESS, LIGHTED ROAD",REAR END,DIVIDED - W/MEDIAN (NOT RAISED),,STRAIGHT AND LEVEL,SNOW OR SLUSH,UNKNOWN,ON SCENE,NO INJURY / DRIVE AWAY,,,,"$501 - $1,500",2/5/2018 18:18,NOT APPLICABLE,NOT APPLICABLE,5100,S,STATE ST,225,,,,,,,2,NO INDICATION OF INJURY,0,0,0,0,0,2,0,18,2,2,41.8018903,-87.62603526,POINT (-87.626035264137 41.801890297885)
03a43ca9639b020eaa3206b307c63b763909d3474afd1e395744df8951274579f993152e7ea77f6a39675cb691f0ab71e781d9b825d8fe694220c2eb0ebd98bc,JB529300,,11/26/2018 8:45,30,TRAFFIC SIGNAL,FUNCTIONING PROPERLY,SNOW,DAYLIGHT,REAR END,DIVIDED - W/MEDIAN BARRIER,4,STRAIGHT AND LEVEL,SNOW OR SLUSH,NO DEFECTS,NOT ON SCENE (DESK REPORT),NO INJURY / DRIVE AWAY,Y,,,"OVER $1,500",11/26/2018 10:35,UNABLE TO DETERMINE,UNABLE TO DETERMINE,156,W,CONGRESS PKWY,122,,,,,,,2,NO INDICATION OF INJURY,0,0,0,0,0,2,0,8,2,11,41.87569908,-87.63262859,POINT (-87.63262858655 41.875699081661)
05501b73935d2537f0e3b98e4b61794162acc060ed7f659189eb08bf756b28baf1d14bcff7a82aea1714f6439067e449c6517ed714aac4e4e24f293d04c98f53,JF520882,,12/22/2022 15:45,30,NO CONTROLS,NO CONTROLS,BLOWING SNOW,DAWN,REAR END,NOT DIVIDED,,STRAIGHT AND LEVEL,SNOW OR SLUSH,NO DEFECTS,NOT ON SCENE (DESK REPORT),NO INJURY / DRIVE AWAY,,,,"OVER $1,500",12/23/2022 14:45,FOLLOWING TOO CLOSELY,WEATHER,4201,N,KEDZIE AVE,1724,,,,,,,2,NO INDICATION OF INJURY,0,0,0,0,0,2,0,15,5,12,41.95764732,-87.7079859,POINT (-87.70798589855 41.957647320612)
08efe03fdaabec203df3c7fb8a4e87eefbe0f0c9632437048cd373e6488b70fee5cf4c3d1c417cae008e2d82e3291adff1fad047afa26552bf239a70ff28cf8d,JF126331,,1/27/2022 22:06,30,TRAFFIC SIGNAL,FUNCTIONING PROPERLY,SNOW,DARKNESS,TURNING,NOT DIVIDED,,STRAIGHT AND LEVEL,SNOW OR SLUSH,NO DEFECTS,,NO INJURY / DRIVE AWAY,Y,,Y,"OVER $1,500",1/27/2022 22:06,UNABLE TO DETERMINE,UNABLE TO DETERMINE,1200,W,63RD ST,713,,,,,,,2,NO INDICATION OF INJURY,0,0,0,0,0,2,0,22,5,1,41.77971768,-87.65456553,POINT (-87.654565524531 41.779717682556)
01e14e0bc09be285f608d7f0d1fd4018503ba35967fe24a535e1d0daedd996e7579df1cbd3d0a5ff491561f37ab2d4e2a27170a88402573f14b224c478eb9a81,JC465267,,10/8/2019 19:10,30,NO CONTROLS,NO CONTROLS,CLEAR,DARKNESS,REAR END,DIVIDED - W/MEDIAN (NOT RAISED),,STRAIGHT AND LEVEL,DRY,NO DEFECTS,,NO INJURY / DRIVE AWAY,,,,"OVER $1,500",10/8/2019 19:40,IMPROPER BACKING,UNABLE TO DETERMINE,7900,S,WOOD ST,611,,,,,,,2,NO INDICATION OF INJURY,0,0,0,0,0,2,0,19,3,10,41.75020012,-87.6684359,POINT (-87.66843589987 41.750200118353)
0236955c34e13f9a596fe4480f089ccda5f9873efecdb7a326794e918d96ecdefef73ad1158ae9c3bb9d2b8f0f865b468723698e6edbf5ca2cb266490cbea003,JD411299,,10/26/2020 9:30,10,NO CONTROLS,NO CONTROLS,SNOW,DAYLIGHT,PARKED MOTOR VEHICLE,OTHER,,STRAIGHT AND LEVEL,WET,NO DEFECTS,NOT ON SCENE (DESK REPORT),NO INJURY / DRIVE AWAY,,,Y,"OVER $1,500",10/26/2020 10:25,IMPROPER TURNING/NO SIGNAL,UNABLE TO DETERMINE,1934,W,21ST ST,1234,,,,,,,2,NO INDICATION OF INJURY,0,0,0,0,0,1,0,9,2,10,41.85413662,-87.67486187,POINT (-87.674861864727 41.854136616908)