CRASH_RECORD_ID,RD_NO,CRASH_DATE_EST_I,CRASH_DATE,POSTED_SPEED_LIMIT,TRAFFIC_CONTROL_DEVICE,DEVICE_CONDITION,WEATHER_CONDITION,LIGHTING_CONDITION,FIRST_CRASH_TYPE,TRAFFICWAY_TYPE,LANE_CNT,ALIGNMENT,ROADWAY_SURFACE_COND,ROAD_DEFECT,REPORT_TYPE,CRASH_TYPE,INTERSECTION_RELATED_I,NOT_RIGHT_OF_WAY_I,HIT_AND_RUN_I,DAMAGE,DATE_POLICE_NOTIFIED,PRIM_CONTRIBUTORY_CAUSE,SEC_CONTRIBUTORY_CAUSE,STREET_NO,STREET_DIRECTION,STREET_NAME,BEAT_OF_OCCURRENCE,PHOTOS_TAKEN_I,STATEMENTS_TAKEN_I,DOORING_I,WORK_ZONE_I,WORK_ZONE_TYPE,WORKERS_PRESENT_I,NUM_UNITS,MOST_SEVERE_INJURY,INJURIES_TOTAL,INJURIES_FATAL,INJURIES_INCAPACITATING,INJURIES_NON_INCAPACITATING,INJURIES_REPORTED_NOT_EVIDENT,INJURIES_NO_INDICATION,INJURIES_UNKNOWN,CRASH_HOUR,CRASH_DAY_OF_WEEK,CRASH_MONTH,LATITUDE,LONGITUDE,LOCATION
0039031291485c3501b75a507fb10b8225ed1a84fc9e7487a5e352d5ced834a0025f4841088e87fecc1e452e7c69e3feef15e2081e345128f77fc2b302797e62,JD216298,,4/24/2020 16:35,25,NO CONTROLS,NO CONTROLS,CLEAR,DAYLIGHT,TURNING,ONE-WAY,,STRAIGHT AND LEVEL,DRY,NO DEFECTS,ON SCENE,NO INJURY / DRIVE AWAY,,,,"OVER $1,500",4/24/2020 17:07,FAILING TO YIELD RIGHT-OF-WAY,NOT APPLICABLE,14,N,LOREL AVE,1522,,,,,,,2,NO INDICATION OF INJURY,0,0,0,0,0,2,0,16,6,4,41.88077032,-87.75889379,POINT (-87.758893786444 41.880770324063)
0a0c6a7fe3eec0ed433b367834bbce47eb7ada6752e60d8a6802bc544b39852ebd88cdac0a7466ec0f406d461ef9e08248b4ee6715808660199a03700251005b,JA554889,,12/19/2017 3:15,30,TRAFFIC SIGNAL,FUNCTIONING PROPERLY,CLEAR,"DARKNESS, LIGHTED ROAD",FIXED OBJECT,NOT DIVIDED,4,STRAIGHT AND LEVEL,DRY,NO DEFECTS,ON SCENE,INJURY AND / OR TOW DUE TO CRASH,Y,,,"OVER $1,500",12/19/2017 3:20,UNABLE TO DETERMINE,NOT APPLICABLE,2200,S,INDIANA AVE,132,,Y,,,,,2,NO INDICATION OF INJURY,0,0,0,0,0,1,0,3,3,12,41.85279513,-87.62241541,POINT (-87.622415408801 41.852795124645)
0876a4f9573e14b1f298d8fbde3a3415aeb1692e7657989a58dafca7f45ef7afc67a791aa9d0d172b14345a1887e965ba24df37e2eaa513fee6a84480f98ddce,JG230919,,4/20/2023 12:45,30,STOP SIGN/FLASHER,FUNCTIONING PROPERLY,UNKNOWN,DAYLIGHT,ANGLE,NOT DIVIDED,,STRAIGHT AND LEVEL,UNKNOWN,UNKNOWN,NOT ON SCENE (DESK REPORT),INJURY AND / OR TOW DUE TO CRASH,,,,"$501 - $1,500",4/20/2023 14:17,UNABLE TO DETERMINE,UNABLE TO DETERMINE,5105,S,KOLIN AVE,815,,,,,,,2,"REPORTED, NOT EVIDENT",2,0,0,0,2,2,0,12,5,4,41.80039182,-87.7317958,POINT (-87.731795801882 41.800391817984)
0b717398b1669bbf20a0fae87b7eb436e763eb14ea79df97c408ba4eb7bcb11e61698e67cde0805a2e6547e2e1e5cd3e1f05e0b09b0b56d8d33b1181d7755fcc,JB366437,,7/26/2018 16:50,30,OTHER REG. SIGN,NOT FUNCTIONING,CLEAR,DAYLIGHT,ANGLE,OTHER,2,STRAIGHT AND LEVEL,DRY,NO DEFECTS,ON SCENE,INJURY AND / OR TOW DUE TO CRASH,,,Y,"OVER $1,500",7/26/2018 17:08,DISREGARDING OTHER TRAFFIC SIGNS,FAILING TO YIELD RIGHT-OF-WAY,11200,S,WENTWORTH AVE,522,,,,,,,2,NO INDICATION OF INJURY,0,0,0,0,0,2,0,16,5,7,41.69066477,-87.62800262,POINT (-87.628002615674 41.690664764985)
06b259e0e0f7e847f58dd0ce34d2fac3a3e58f3857f81262d231f29922ab3f40d65e7877fed5806d8272c80eb94cda604af3dbaa03be77378c409cf1abd47595,JE127564,,1/30/2021 12:15,15,NO CONTROLS,NO CONTROLS,CLOUDY/OVERCAST,DAYLIGHT,PARKED MOTOR VEHICLE,PARKING LOT,,STRAIGHT AND LEVEL,SNOW OR SLUSH,NO DEFECTS,ON SCENE,NO INJURY / DRIVE AWAY,,,Y,"$501 - $1,500",1/30/2021 12:23,UNABLE TO DETERMINE,NOT APPLICABLE,90,E,103RD ST,511,,,,,,,2,NO INDICATION OF INJURY,0,0,0,0,0,1,0,12,7,1,41.70732288,-87.62031857,POINT (-87.620318567741 41.7073228814)
04bf1fb70b8cdb3db239429679296a57c60af1213104b278f9a8598e275abeeff048523975f2e3b5471fbe4fd1b3ad5c848e60d7b2962947a2e70f462b6fb35f,JB359543,,7/21/2018 17:31,30,UNKNOWN,NO CONTROLS,CLEAR,DAYLIGHT,TURNING,NOT DIVIDED,,STRAIGHT AND LEVEL,DRY,UNKNOWN,NOT ON SCENE (DESK REPORT),NO INJURY / DRIVE AWAY,,,,"OVER $1,500",7/21/2018 18:42,UNABLE TO DETERMINE,NOT APPLICABLE,2798,N,KOSTNER AVE,2524,,,,,,,2,NO INDICATION OF INJURY,0,0,0,0,0,2,0,17,7,7,41.93161754,-87.73696289,POINT (-87.736962886329 41.931617537709)
070a335a9e68ba06bc1ceabd5eee900b799336b91c5db7f7f53068cef2f0990d1c2289429787a37b2fcaf8177d2a0d5ce5b42451610793c1f8a16ef878cb9bb1,JB403771,,8/18/2018 13:30,25,NO CONTROLS,NO CONTROLS,CLEAR,DAYLIGHT,PARKED MOTOR VEHICLE,NOT DIVIDED,2,STRAIGHT AND LEVEL,DRY,NO DEFECTS,NOT ON SCENE (DESK REPORT),NO INJURY / DRIVE AWAY,,,,"OVER $1,500",8/22/2018 10:15,UNABLE TO DETERMINE,NOT APPLICABLE,631,S,TRIPP AVE,1132,,,,,,,2,NO INDICATION OF INJURY,0,0,0,0,0,1,0,13,7,8,41.87242842,-87.73136325,POINT (-87.731363246328 41.872428420138)
08fd11d3ecf58305ff41b8a567d1cfd0d1c1608357fc50ee40766756bbdb167401642c62360ad68158c81d7190d584935383626fbf2a6236498e83c2f4bb7c17,JD295283,,7/12/2020 20:40,30,NO CONTROLS,NO CONTROLS,CLEAR,"DARKNESS, LIGHTED ROAD",ANGLE,NOT DIVIDED,,STRAIGHT AND LEVEL,DRY,NO DEFECTS,NOT ON SCENE (DESK REPORT),NO INJURY / DRIVE AWAY,,,Y,"OVER $1,500",7/12/2020 21:15,UNABLE TO DETERMINE,NOT APPLICABLE,3815,W,JACKSON BLVD,1133,,Y,,,,,2,NO INDICATION OF INJURY,0,0,0,0,0,2,0,20,1,7,41.87703285,-87.72130989,POINT (-87.72130988654 41.877032851882)
02d37425de173fc0a81d176c177ebae40308f751c2bca452e49486343dab7cbbc12feda48244befbd1eeffdacc52c5ae1c96226ffe2bc2b99264fb2470c1f1d7,HZ493538,,10/29/2016 2:48,30,TRAFFIC SIGNAL,FUNCTIONING PROPERLY,CLEAR,"DARKNESS, LIGHTED ROAD",REAR END,NOT DIVIDED,2,STRAIGHT AND LEVEL,DRY,NO DEFECTS,ON SCENE,INJURY AND / OR TOW DUE TO CRASH,,,Y,"OVER $1,500",10/29/2016 2:48,FOLLOWING TOO CLOSELY,NOT APPLICABLE,2801,W,LAWRENCE AVE,1911,,,,,,,2,NO INDICATION OF INJURY,0,0,0,0,0,2,0,2,7,10,41.96842189,-87.69872185,POINT (-87.698721846509 41.968421886926)
0c95d9e39f74a3e536458b6a5bdacdf61c5dfb165c3af2cb6fa544990dd1495d59f5e8c81f117109eec85789cd52215688b2c17d81325dfae485a6a4d0538b2c,JF386387,,9/6/2022 18:00,30,TRAFFIC SIGNAL,FUNCTIONING PROPERLY,CLEAR,DUSK,TURNING,NOT DIVIDED,,STRAIGHT AND LEVEL,DRY,NO DEFECTS,NOT ON SCENE (DESK REPORT),INJURY AND / OR TOW DUE TO CRASH,,,Y,"OVER $1,500",9/7/2022 9:25,UNABLE TO DETERMINE,NOT APPLICABLE,2800,N,WESTERN AVE,1411,,,,,,,2,NO INDICATION OF INJURY,0,0,0,0,0,2,0,18,3,9,41.93221699,-87.68803328,POINT (-87.688033280895 41.932216987947)
0c566acf33a14269628af150b4f17727ff478de892409d12657379049e080e777f21d65f1b9717b465c03ae37f69c3c7a48e34d25a1a13bdcc066b94b3cd6fa0,JE384647,,9/23/2021 16:02,30,OTHER,FUNCTIONING IMPROPERLY,CLEAR,DAYLIGHT,PARKED MOTOR VEHICLE,NOT DIVIDED,,STRAIGHT AND LEVEL,DRY,NO DEFECTS,ON SCENE,INJURY AND / OR TOW DUE TO CRASH,,,,"OVER $1,500",9/23/2021 16:19,FAILING TO REDUCE SPEED TO AVOID CRASH,FAILING TO REDUCE SPEED TO AVOID CRASH,4000,W,80TH PL,834,,,,,,,3,"REPORTED, NOT EVIDENT",1,0,0,0,1,3,0,16,5,9,41.74668793,-87.72187973,POINT (-87.721879731113 41.746687932787)
0896f443cf603adc2728890a1cd73d4adb9e42479800873ad83e1a3225b2eaad78f6fa372e5d23a6e3d54f102deb56a46ac5f3f18f29d38af7a48ae7e9d5c5ba,JB282728,,5/28/2018 19:50,25,NO CONTROLS,NO CONTROLS,CLEAR,DAYLIGHT,SIDESWIPE SAME DIRECTION,NOT DIVIDED,2,STRAIGHT AND LEVEL,DRY,NO DEFECTS,ON SCENE,NO INJURY / DRIVE AWAY,,,,"OVER $1,500",5/28/2018 19:55,FAILING TO YIELD RIGHT-OF-WAY,UNABLE TO DETERMINE,4738,N,KIONA AVE,1722,,,,,,,2,NO INDICATION OF INJURY,0,0,0,0,0,4,0,19,2,5,41.96711691,-87.73282488,POINT (-87.73282487887 41.967116909734)
0843db68431906281ee3e0457e29c6f475120c58ee26c8ae3e98621f0118b1bf9c487aff6814509522f57937d0e943089b5f3c3efc765d4d9957167c00e85303,JF323483,,7/19/2022 12:20,30,STOP SIGN/FLASHER,FUNCTIONING PROPERLY,CLEAR,DAYLIGHT,ANGLE,FOUR WAY,,STRAIGHT AND LEVEL,UNKNOWN,UNKNOWN,NOT ON SCENE (DESK REPORT),NO INJURY / DRIVE AWAY,Y,,,"$501 - $1,500",7/19/2022 14:16,IMPROPER OVERTAKING/PASSING,UNABLE TO DETERMINE,2455,N,SHEFFIELD AVE,1932,,,,,,,2,NO INDICATION OF INJURY,0,0,0,0,0,2,0,12,3,7,41.92702549,-87.65351743,POINT (-87.653517426528 41.927025490634)
015fd39963b39b208dec896f43009b2e6ec852a6066256c869c17cd807aa2e4f0d2c4a34266b003d18b464737f23f61e65a830d8d53db2c31db831e87934c58d,JE345355,,8/21/2021 18:30,30,NO CONTROLS,NO CONTROLS,CLEAR,DAYLIGHT,PARKED MOTOR VEHICLE,DIVIDED - W/MEDIAN (NOT RAISED),,STRAIGHT AND LEVEL,DRY,NO DEFECTS,ON SCENE,INJURY AND / OR TOW DUE TO CRASH,,,,"$501 - $1,500",8/21/2021 18:51,FAILING TO REDUCE SPEED TO AVOID CRASH,UNDER THE INFLUENCE OF ALCOHOL/DRUGS (USE WHEN ARREST IS EFFECTED),4411,W,MADISON ST,1113,,,,,,,2,NO INDICATION OF INJURY,0,0,0,0,0,1,0,18,7,8,41.88049506,-87.73597657,POINT (-87.735976572462 41.880495055059)
066a024b075864db5038a5e6cb43238fe028aad9b77bd09f2fcae63551c3065f1ce59acf365076392afffd04c0eb5d88772ed77f9f799c59bdafebda5ba549fc,JD143502,,2/7/2020 14:01,30,STOP SIGN/FLASHER,FUNCTIONING PROPERLY,CLEAR,DAYLIGHT,SIDESWIPE SAME DIRECTION,NOT DIVIDED,,STRAIGHT AND LEVEL,DRY,NO DEFECTS,ON SCENE,NO INJURY / DRIVE AWAY,,,,$500 OR LESS,2/7/2020 14:01,FAILING TO YIELD RIGHT-OF-WAY,NOT APPLICABLE,11100,S,STATE ST,522,,,,,,,2,NO INDICATION OF INJURY,0,0,0,0,0,2,0,14,6,2,41.69253704,-87.62324927,POINT (-87.623249265298 41.692537041934)
0bddfc494f27a024b55282966ba67e81c96ee049795a7c2f81862b15288daba0ced24b2dbba8297f099324d78750673a74be977c5f2e690664458983c1f11dd6,JC489732,,10/26/2019 23:15,35,TRAFFIC SIGNAL,FUNCTIONING PROPERLY,RAIN,DARKNESS,TURNING,DIVIDED - W/MEDIAN BARRIER,,STRAIGHT ON HILLCREST,WET,NO DEFECTS,NOT ON SCENE (DESK REPORT),NO INJURY / DRIVE AWAY,,,Y,"OVER $1,500",10/28/2019 15:30,IMPROPER TURNING/NO SIGNAL,NOT APPLICABLE,7500,S,STONY ISLAND AVE,411,,,,,,,2,NO INDICATION OF INJURY,0,0,0,0,0,2,0,23,7,10,41.75871547,-87.58628097,POINT (-87.586280964844 41.758715466706)
09c4e980ce1dbeac486bbe58c713f0d8a3c2fdaa241a52d58339b70a6af4dbb4879e152f2a24301f9147f9d7338c5b346511e09969786314df77d9be0cd99e0a,JD165166,,2/26/2020 8:15,20,STOP SIGN/FLASHER,FUNCTIONING PROPERLY,SNOW,DAYLIGHT,REAR END,NOT DIVIDED,,STRAIGHT AND LEVEL,SNOW OR SLUSH,NO DEFECTS,NOT ON SCENE (DESK REPORT),NO INJURY / DRIVE AWAY,,,,"$501 - $1,500",2/26/2020 8:30,WEATHER,WEATHER,4557,N,MOZART ST,1724,,,,,,,2,NO INDICATION OF INJURY,0,0,0,0,0,5,0,8,4,2,41.96463029,-87.69964375,POINT (-87.699643750453 41.964630291648)
08dbc6288c02a13f1c3549263a62d13eab1d55cc3534f4800e200b4d91dc45abcc4ac4fdb5b4f5da0581998484a299358b5c7f62faeebce39e5641583102d904,JB491822,,10/27/2018 2:16,30,LANE USE MARKING,OTHER,CLEAR,"DARKNESS, LIGHTED ROAD",PARKED MOTOR VEHICLE,DIVIDED - W/MEDIAN (NOT RAISED),2,STRAIGHT AND LEVEL,DRY,NO DEFECTS,ON SCENE,INJURY AND / OR TOW DUE TO CRASH,,,,"OVER $1,500",10/27/2018 2:19,FAILING TO REDUCE SPEED TO AVOID CRASH,IMPROPER LANE USAGE,1738,W,BELMONT AVE,1922,,,,,,,2,NO INDICATION OF INJURY,0,0,0,0,0,1,0,2,7,10,41.93975353,-87.67259738,POINT (-87.672597381163 41.939753528686)
0610b6b21113b94fb773bf9dff9d4a9120603ba645159698566d72b1e5e84105faf423e6e072e97da8e716c37ba9c2216a72dfe022e0e1f56aabd8f3ffd78a18,JC213084,,4/5/2019 17:45,30,NO CONTROLS,NO CONTROLS,CLEAR,DAYLIGHT,PARKED MOTOR VEHICLE,ONE-WAY,1,STRAIGHT AND LEVEL,DRY,NO DEFECTS,NOT ON SCENE (DESK REPORT),NO INJURY / DRIVE AWAY,,,,$500 OR LESS,4/5/2019 18:20,UNABLE TO DETERMINE,NOT APPLICABLE,3656,N,MARSHFIELD AVE,1922,,,,,,,2,NO INDICATION OF INJURY,0,0,0,0,0,1,0,17,6,4,41.94864766,-87.67026759,POINT (-87.670267594492 41.948647662136)
064fe971676f5499158571c896494498bc9c1a0f31eaf48076f4b8b97ef46d7ffb72d75816efabf6a2a13fbd009b0d03cc4451f9f7ed6b3b96071d627d42a8ab,JC359501,,7/22/2019 11:30,30,TRAFFIC SIGNAL,FUNCTIONING PROPERLY,CLEAR,DAYLIGHT,REAR END,NOT DIVIDED,,STRAIGHT AND LEVEL,DRY,NO DEFECTS,NOT ON SCENE (DESK REPORT),NO INJURY / DRIVE AWAY,,,,"$501 - $1,500",7/22/2019 11:50,UNABLE TO DETERMINE,UNABLE TO DETERMINE,2401,W,OGDEN AVE,1023,,,,,,,2,NO INDICATION OF INJURY,0,0,0,0,0,2,0,11,2,7,41.86464673,-87.68600251,POINT (-87.686002512195 41.864646729616)
08cb0f4820642cb58c7bb0b86cc3148bcd24af168fe1b6fac4b0a77f301d837b8560cbf7828adb0174ca5c1a405e02a33a75d5c8ec51eaffaba4c8e669683a98,JF396357,,9/14/2022 9:05,45,NO CONTROLS,NO CONTROLS,CLEAR,DAYLIGHT,REAR END,NOT DIVIDED,,STRAIGHT AND LEVEL,DRY,NO DEFECTS,NOT ON SCENE (DESK REPORT),NO INJURY / DRIVE AWAY,,,Y,"OVER $1,500",9/14/2022 21:00,FOLLOWING TOO CLOSELY,UNABLE TO DETERMINE,3001,N,LAKE SHORE DR,1934,,,,,,,2,NO INDICATION OF INJURY,0,0,0,0,0,2,0,9,4,9,41.93669448,-87.63671903,POINT (-87.636719026064 41.936694480997)
01ca9354204b398b4edfb7a1888b462c3506f72ea37b3339a9e4dcf186af839e96746d386ccb06132c8b00e4d7b54c1d8fdcf7ab0a6ee12d074b0c7362be89f3,JD302171,,7/18/2020 21:10,30,STOP SIGN/FLASHER,FUNCTIONING PROPERLY,CLEAR,"DARKNESS, LIGHTED ROAD",ANGLE,NOT DIVIDED,,STRAIGHT AND LEVEL,DRY,NO DEFECTS,ON SCENE,INJURY AND / OR TOW DUE TO CRASH,Y,,,"OVER $1,500",7/18/2020 21:17,FAILING TO YIELD RIGHT-OF-WAY,DRIVING SKILLS/KNOWLEDGE/EXPERIENCE,3428,N,CICERO AVE,1634,,,,,,,2,NO INDICATION OF INJURY,0,0,0,0,0,2,0,21,7,7,41.94333999,-87.74713367,POINT (-87.74713366532 41.943339994113)
03911f7bd56eff765a20f0d823026463348bfea1464278bf902f3a3f71b3081f78ea66395bcf317e831b63f38d4fa6a1cd54ec62c7f7296960acfd62ebaf7572,JE397517,,10/4/2021 4:08,30,TRAFFIC SIGNAL,NO CONTROLS,CLOUDY/OVERCAST,DARKNESS,REAR END,NOT DIVIDED,,STRAIGHT AND LEVEL,DRY,NO DEFECTS,NOT ON SCENE (DESK REPORT),NO INJURY / DRIVE AWAY,,,Y,"OVER $1,500",10/4/2021 11:05,FOLLOWING TOO CLOSELY,NOT APPLICABLE,2800,N,PULASKI RD,2523,,,,,,,2,NO INDICATION OF INJURY,0,0,0,0,0,2,0,4,2,10,41.93183103,-87.72712687,POINT (-87.727126873005 41.931831025615)
0237d036dd9901cc9e866909a9d69ec053ee74e38cb2fde1d25a643978ba9ee7a099bfe29267bc67c729935bdd0fd4091f20e4e77f65cdd414459a33b35ff6ea,JD385264,,10/1/2020 13:00,30,NO CONTROLS,NO CONTROLS,CLEAR,DAYLIGHT,SIDESWIPE SAME DIRECTION,NOT DIVIDED,,STRAIGHT AND LEVEL,DRY,NO DEFECTS,NOT ON SCENE (DESK REPORT),NO INJURY / DRIVE AWAY,,,,"OVER $1,500",10/1/2020 13:15,DRIVING SKILLS/KNOWLEDGE/EXPERIENCE,NOT APPLICABLE,3205,W,63RD ST,823,,,,,,,2,NO INDICATION OF INJURY,0,0,0,0,0,2,0,13,5,10,41.77885938,-87.70340468,POINT (-87.703404683115 41.778859382865)
0696b03975457146a7250c7010f5f9b576fdc936a92d906bc53a73e94399a1fbbd74891ad5866e1344d76587e3ea5888b5ea06f04c97257a6e0e9880c82d7bd9,JF132747,,2/3/2022 13:57,30,NO CONTROLS,NO CONTROLS,CLOUDY/OVERCAST,DAYLIGHT,PARKED MOTOR VEHICLE,DIVIDED - W/MEDIAN (NOT RAISED),,STRAIGHT AND LEVEL,SNOW OR SLUSH,UNKNOWN,ON SCENE,NO INJURY / DRIVE AWAY,,,,"$501 - $1,500",2/3/2022 13:57,UNABLE TO DETERMINE,UNABLE TO DETERMINE,903,S,KEDZIE AVE,1134,,,,,,,2,NO INDICATION OF INJURY,0,0,0,0,0,2,0,13,5,2,41.86994207,-87.70563731,POINT (-87.705637309665 41.869942069632)
04a0173252cc10769b5d32ba8ea19f80dac1103e56f4e214e3852fe7379a67ea5b62368425a86159c815e63a9280113434352020a025644541ec8a843c9ab8f6,HZ515875,,11/15/2016 9:07,30,TRAFFIC SIGNAL,NO CONTROLS,FOG/SMOKE/HAZE,DAYLIGHT,REAR END,DIVIDED - W/MEDIAN (NOT RAISED),2,STRAIGHT AND LEVEL,DRY,NO DEFECTS,NOT ON SCENE (DESK REPORT),NO INJURY / DRIVE AWAY,,,Y,"$501 - $1,500",11/15/2016 9:22,UNABLE TO DETERMINE,UNABLE TO DETERMINE,1718,S,LOOMIS ST,1233,,,,,,,2,NO INDICATION OF INJURY,0,0,0,0,0,2,0,9,3,11,41.85817001,-87.66147475,POINT (-87.661474746997 41.858170007431)
057ef8e4e8131e30ab36602dc83d17b4b9dc2477f5b1969f471267bed2d723152f43aef30741aa1e698033beb2a106b3c9ffa80d17590f54907e120be34a9c6b,JB318702,,6/23/2018 1:27,30,TRAFFIC SIGNAL,FUNCTIONING PROPERLY,RAIN,DARKNESS,HEAD ON,DIVIDED - W/MEDIAN (NOT RAISED),4,STRAIGHT AND LEVEL,WET,NO DEFECTS,ON SCENE,INJURY AND / OR TOW DUE TO CRASH,Y,,,"OVER $1,500",6/23/2018 1:39,IMPROPER OVERTAKING/PASSING,FAILING TO REDUCE SPEED TO AVOID CRASH,102,E,95TH ST,634,,,,,,,2,NO INDICATION OF INJURY,0,0,0,0,0,2,0,1,7,6,41.72189473,-87.62042325,POINT (-87.620423249284 41.721894728259)
033eee0a8689ff217c14eda625bdda08b274c3664d459a5f657c62d66833099a5679f6d124c6648eb9eea796a28b5ab1c1eb33b08f85d59511abf7f7e421783b,JF107196,,1/8/2022 21:10,30,TRAFFIC SIGNAL,FUNCTIONING PROPERLY,OTHER,"DARKNESS, LIGHTED ROAD",PARKED MOTOR VEHICLE,NOT DIVIDED,,STRAIGHT AND LEVEL,ICE,UNKNOWN,ON SCENE,INJURY AND / OR TOW DUE TO CRASH,,,,"OVER $1,500",1/8/2022 21:13,WEATHER,NOT APPLICABLE,2798,W,CHICAGO AVE,1211,,,,,,,2,NO INDICATION OF INJURY,0,0,0,0,0,1,0,21,7,1,41.89576324,-87.69664074,POINT (-87.696640738554 41.895763242415)
01f123caf770b1b75657bc18ee1934ae319c21aad9a68accbdf42139b93df3468b8460cc88657fa38110e0411cde4c1a9e6b03eaf626fea29419b97a7623c3b1,JG211451,,4/5/2023 2:26,30,NO CONTROLS,NO CONTROLS,RAIN,DARKNESS,OTHER OBJECT,ONE-WAY,,STRAIGHT AND LEVEL,WET,NO DEFECTS,ON SCENE,NO INJURY / DRIVE AWAY,,,,"OVER $1,500",4/5/2023 2:36,WEATHER,WEATHER,6119,N,HERMITAGE AVE,2433,,,,,,,3,NO INDICATION OF INJURY,0,0,0,0,0,1,0,2,4,4,41.99343535,-87.67323072,POINT (-87.67323072372 41.993435349174)
063f73fa449f275735eee667df9790a5f2e24502fe1950ea2e9175eaebb942be4338a8c71ae07a12d726524488273c05304dec05ef140b6150af6dccff1165ce,JC436078,,9/16/2019 17:20,30,TRAFFIC SIGNAL,FUNCTIONING PROPERLY,CLEAR,DAYLIGHT,TURNING,NOT DIVIDED,,STRAIGHT AND LEVEL,DRY,NO DEFECTS,ON SCENE,NO INJURY / DRIVE AWAY,Y,,,"OVER $1,500",9/16/2019 17:25,UNABLE TO DETERMINE,UNABLE TO DETERMINE,1599,N,KEDZIE AVE,1423,,,,,,,2,NO INDICATION OF INJURY,0,0,0,0,0,2,0,17,2,9,41.91003373,-87.70684419,POINT (-87.70684419376 41.910033726424)
0aa70ef8542505800c20a486abda5274cf81cb11ede2d357401f387725da4cf3e3c9b0856e7dc5df332e5dfb875adf07a00d236bc61d833dea9735e8d4a61d83,JE310348,,7/22/2021 15:36,30,NO CONTROLS,NO CONTROLS,CLEAR,DAYLIGHT,TURNING,NOT DIVIDED,,STRAIGHT AND LEVEL,DRY,NO DEFECTS,ON SCENE,INJURY AND / OR TOW DUE TO CRASH,,,,"OVER $1,500",7/22/2021 16:02,EQUIPMENT - VEHICLE CONDITION,UNABLE TO DETERMINE,3150,W,56TH ST,824,,,,,,,3,NO INDICATION OF INJURY,0,0,0,0,0,2,0,15,5,7,41.79181539,-87.70310932,POINT (-87.703109322583 41.7918153934)
07d3393b22fa0cd0b55d096c26adbdf33f72373883c65a27cb4c72b4c05254796da4e22543717051b92a893f68722163a09a280f6c971f12387d53d0cebf8e3a,HZ237311,Y,4/23/2016 15:15,45,NO CONTROLS,NO CONTROLS,CLEAR,DAYLIGHT,SIDESWIPE SAME DIRECTION,DIVIDED - W/MEDIAN BARRIER,8,STRAIGHT AND LEVEL,DRY,NO DEFECTS,NOT ON SCENE (DESK REPORT),NO INJURY / DRIVE AWAY,N,,,"$501 - $1,500",4/23/2016 16:00,UNABLE TO DETERMINE,UNABLE TO DETERMINE,4800,N,LAKE SHORE DR NB,2024,,,,,,,2,NO INDICATION OF INJURY,0,0,0,0,0,2,0,15,7,4,41.96940862,-87.64831726,POINT (-87.648317263699 41.969408617919)
0ae2f64954ea33f33d2345615d7d9026cfd9908127dea73d9fe3d49e138ffa6b20168c037260d186bc608fe324f2613b2947460d01f2718a84f30b18525bc962,JD409720,,10/24/2020 15:00,30,NO CONTROLS,NO CONTROLS,CLEAR,DAYLIGHT,SIDESWIPE SAME DIRECTION,DIVIDED - W/MEDIAN (NOT RAISED),,STRAIGHT AND LEVEL,DRY,NO DEFECTS,NOT ON SCENE (DESK REPORT),NO INJURY / DRIVE AWAY,,,,"OVER $1,500",10/24/2020 15:18,FAILING TO YIELD RIGHT-OF-WAY,UNABLE TO DETERMINE,7500,S,PERRY AVE,623,,,,,,,2,NO INDICATION OF INJURY,0,0,0,0,0,2,0,15,7,10,41.75808744,-87.62814823,POINT (-87.628148233896 41.758087441721)
0a67b99d1a676d46a07de9c85254076309fe61d016a5bd107d693f96df29736720cdd057afe3b4be53583a5a8a37409664d1c867870ca019a6c691228962db66,JG293606,,6/8/2023 19:07,15,UNKNOWN,UNKNOWN,CLEAR,DAYLIGHT,PEDESTRIAN,PARKING LOT,,STRAIGHT AND LEVEL,DRY,NO DEFECTS,ON SCENE,INJURY AND / OR TOW DUE TO CRASH,,,Y,"OVER $1,500",6/8/2023 19:15,UNABLE TO DETERMINE,NOT APPLICABLE,7030,S,ASHLAND AVE,735,,,,,,,3,"REPORTED, NOT EVIDENT",2,0,0,0,2,1,0,19,5,6,41.76579077,-87.66396689,POINT (-87.663966886455 41.765790770432)
026a78f6401168ad8e62c66ff442bd0c6792391b816953c5a4755f8cd4a3f52e202a962120a57c1568b9b5eb0290f1d9feaa68ff38cc6ba183d01c4838fcd44d,JA506597,Y,11/10/2017 14:20,30,TRAFFIC SIGNAL,FUNCTIONING PROPERLY,RAIN,DAYLIGHT,TURNING,NOT DIVIDED,2,STRAIGHT AND LEVEL,WET,NO DEFECTS,NOT ON SCENE (DESK REPORT),NO INJURY / DRIVE AWAY,,,,"OVER $1,500",11/10/2017 14:40,FAILING TO REDUCE SPEED TO AVOID CRASH,DISREGARDING TRAFFIC SIGNALS,1800,S,CANAL ST,1235,,,,,,,2,NO INDICATION OF INJURY,0,0,0,0,0,2,0,14,6,11,41.85756407,-87.63907891,POINT (-87.639078910579 41.857564070819)