CRASH_RECORD_ID,RD_NO,CRASH_DATE_EST_I,CRASH_DATE,POSTED_SPEED_LIMIT,TRAFFIC_CONTROL_DEVICE,DEVICE_CONDITION,WEATHER_CONDITION,LIGHTING_CONDITION,FIRST_CRASH_TYPE,TRAFFICWAY_TYPE,LANE_CNT,ALIGNMENT,ROADWAY_SURFACE_COND,ROAD_DEFECT,REPORT_TYPE,CRASH_TYPE,INTERSECTION_RELATED_I,NOT_RIGHT_OF_WAY_I,HIT_AND_RUN_I,DAMAGE,DATE_POLICE_NOTIFIED,PRIM_CONTRIBUTORY_CAUSE,SEC_CONTRIBUTORY_CAUSE,STREET_NO,STREET_DIRECTION,STREET_NAME,BEAT_OF_OCCURRENCE,PHOTOS_TAKEN_I,STATEMENTS_TAKEN_I,DOORING_I,WORK_ZONE_I,WORK_ZONE_TYPE,WORKERS_PRESENT_I,NUM_UNITS,MOST_SEVERE_INJURY,INJURIES_TOTAL,INJURIES_FATAL,INJURIES_INCAPACITATING,INJURIES_NON_INCAPACITATING,INJURIES_REPORTED_NOT_EVIDENT,INJURIES_NO_INDICATION,INJURIES_UNKNOWN,CRASH_HOUR,CRASH_DAY_OF_WEEK,CRASH_MONTH,LATITUDE,LONGITUDE,LOCATION
084a3daa23a7c77cd2de9e0edab95c9bb0f0a4f246b73cc4c7d6d25f13792f4f0c5750d4c5438319e8f1891f1c41f46c1e3581735efa1a47c4ea3a465f81f37e,JC320948,,6/25/2019 8:45,25,NO CONTROLS,NO CONTROLS,CLEAR,DAYLIGHT,REAR TO FRONT,OTHER,,STRAIGHT AND LEVEL,DRY,NO DEFECTS,NOT ON SCENE (DESK REPORT),NO INJURY / DRIVE AWAY,,,,$500 OR LESS,6/25/2019 9:30,IMPROPER BACKING,NOT APPLICABLE,4200,W,115TH ST,2211,,,,,,,2,NO INDICATION OF INJURY,0,0,0,0,0,2,0,8,3,6,41.68399182,-87.72501728,POINT (-87.725017275758 41.683991815644)
06a72c1587470eb2d71207ae30206aabe63851c22f51abc8fbc2057c87ec68f059ec1149dda37623c3da30e3516e5e128868f21426d2cbba3766d38702ef5692,JG283617,,5/30/2023 3:30,20,NO CONTROLS,NO CONTROLS,CLEAR,DAYLIGHT,PARKED MOTOR VEHICLE,ONE-WAY,,STRAIGHT AND LEVEL,DRY,NO DEFECTS,NOT ON SCENE (DESK REPORT),NO INJURY / DRIVE AWAY,,,Y,"OVER $1,500",6/1/2023 12:20,UNABLE TO DETERMINE,NOT APPLICABLE,5100,W,THOMAS ST,1531,,,,,,,2,NO INDICATION OF INJURY,0,0,0,0,0,1,0,3,3,5,41.90055201,-87.7533452,POINT (-87.753345199874 41.900552007357)
06cf54396da55599d594c6b9ca657d8bd8bbdf24d09ea6201b15303cff6e2ff818a04fd66367ed3e4018c95388886d891d91b690ff288da134405fee81d3d2a9,JC536070,,12/5/2019 19:00,30,TRAFFIC SIGNAL,FUNCTIONING PROPERLY,CLEAR,DUSK,SIDESWIPE SAME DIRECTION,NOT DIVIDED,,STRAIGHT AND LEVEL,DRY,NO DEFECTS,NOT ON SCENE (DESK REPORT),NO INJURY / DRIVE AWAY,Y,,Y,$500 OR LESS,12/5/2019 19:36,UNABLE TO DETERMINE,UNABLE TO DETERMINE,833,N,MICHIGAN AVE,1833,,,,,,,2,NO INDICATION OF INJURY,0,0,0,0,0,2,0,19,5,12,41.89767504,-87.62396939,POINT (-87.623969386385 41.897675037795)
0b920ab243363a86dd467562e8893e3df027614bb94af2c16399b9263346f2aa3c802ee13ba112f8f5944764a9eb7bf6b52350a3790a4dbb9b67a82003305e10,JB298814,,6/8/2018 8:00,10,NO CONTROLS,NO CONTROLS,CLEAR,DAYLIGHT,PARKED MOTOR VEHICLE,PARKING LOT,,STRAIGHT AND LEVEL,DRY,NO DEFECTS,NOT ON SCENE (DESK REPORT),NO INJURY / DRIVE AWAY,,Y,,"OVER $1,500",6/8/2018 19:30,DRIVING SKILLS/KNOWLEDGE/EXPERIENCE,NOT APPLICABLE,5515,W,IRVING PARK RD,1633,,,,,,,2,NO INDICATION OF INJURY,0,0,0,0,0,1,0,8,6,6,41.95309127,-87.76519557,POINT (-87.765195568592 41.953091267848)
05aa6e8e75db9619735211f9e57e9621ea66246a2a231d41c36bc6b194f4f6a17dd75b8bd49fc71dcfa7a263e67fd69f1667f156f9e827e4e4bdf74403e88770,JD435984,,11/19/2020 14:55,25,TRAFFIC SIGNAL,FUNCTIONING PROPERLY,CLEAR,DAYLIGHT,TURNING,NOT DIVIDED,,STRAIGHT AND LEVEL,DRY,NO DEFECTS,ON SCENE,INJURY AND / OR TOW DUE TO CRASH,Y,,,"OVER $1,500",11/19/2020 14:57,FAILING TO YIELD RIGHT-OF-WAY,NOT APPLICABLE,2200,W,AUGUSTA BLVD,1212,,,,,,,2,NO INDICATION OF INJURY,0,0,0,0,0,2,0,14,5,11,41.89957356,-87.68217148,POINT (-87.682171478312 41.899573555865)
00f1946a5a23217fe4bbca82c5fe1f1a0e5b41680f8869f73fd22036c149166ddfbafe488ccda27cb02a1d00e7473342590d96b5ac104ced125222a745c584df,HZ113804,,1/13/2016 9:10,35,TRAFFIC SIGNAL,FUNCTIONING PROPERLY,CLEAR,DAYLIGHT,SIDESWIPE SAME DIRECTION,DIVIDED - W/MEDIAN BARRIER,6,STRAIGHT AND LEVEL,ICE,NO DEFECTS,NOT ON SCENE (DESK REPORT),NO INJURY / DRIVE AWAY,,,,"$501 - $1,500",1/13/2016 9:25,WEATHER,NOT APPLICABLE,6700,S,STONY ISLAND AVE,332,,,,,,,2,NO INDICATION OF INJURY,0,0,0,0,0,2,0,9,4,1,41.7732929,-87.58644237,POINT (-87.586442368314 41.773292895851)
04e2a191ec5f8a0bdcc25176afe8b35eb7b1b55dbe42688f0661ba58c20d46f01b80567d556ba1f41fef708d63336c7943ae6c1d17312bc168eca29ed6f8f3b6,JB329103,,6/30/2018 10:55,30,TRAFFIC SIGNAL,FUNCTIONING PROPERLY,CLEAR,DAYLIGHT,TURNING,NOT DIVIDED,4,STRAIGHT AND LEVEL,DRY,NO DEFECTS,ON SCENE,INJURY AND / OR TOW DUE TO CRASH,Y,,,"OVER $1,500",6/30/2018 11:00,UNABLE TO DETERMINE,NOT APPLICABLE,1600,W,AUGUSTA BLVD,1213,,,,,,,2,NO INDICATION OF INJURY,0,0,0,0,0,2,0,10,7,6,41.89981659,-87.66745657,POINT (-87.667456572786 41.899816593782)
0be8a9f7808ae77fd793a8246a2a4b16ea297ae6e62704ddf15d7a019674975ef01c010dbcdfcc8fd8ba10fd4f2be3d63f4d865d651287a30e5a08576e8e64c9,HZ545642,,12/9/2016 12:00,15,NO CONTROLS,NO CONTROLS,CLOUDY/OVERCAST,DAYLIGHT,ANGLE,PARKING LOT,1,STRAIGHT AND LEVEL,DRY,NO DEFECTS,NOT ON SCENE (DESK REPORT),NO INJURY / DRIVE AWAY,,,,"$501 - $1,500",12/9/2016 13:05,UNABLE TO DETERMINE,UNABLE TO DETERMINE,8560,S,COTTAGE GROVE AVE,632,,,,,,,2,NO INDICATION OF INJURY,0,0,0,0,0,2,0,12,6,12,41.73855093,-87.60502361,POINT (-87.605023605204 41.738550928713)
06228032805b6cb05ba4337f6ac1b12adfd28617056fc1db7acfc413b254f257af93f3f289b3b129de6cbc2d40ed5da2ae1ca7c52072bffe0fc1605feab349a3,JA338577,,7/7/2017 16:55,30,TRAFFIC SIGNAL,FUNCTIONING PROPERLY,CLEAR,DAYLIGHT,PEDALCYCLIST,DIVIDED - W/MEDIAN (NOT RAISED),4,STRAIGHT AND LEVEL,DRY,NO DEFECTS,ON SCENE,INJURY AND / OR TOW DUE TO CRASH,Y,,,"OVER $1,500",7/7/2017 16:56,FAILING TO YIELD RIGHT-OF-WAY,NOT APPLICABLE,5200,N,BROADWAY,2013,,,,,,,2,"REPORTED, NOT EVIDENT",1,0,0,0,1,2,0,16,6,7,41.97641214,-87.66001508,POINT (-87.660015082054 41.976412142948)
05d025fea4ff3d1ba7a52b12fe4ae21049acf9aba6bc618e5fccc3ed99516020d6bd14d9d7828e637404e19fdb6b3c58d499c03c06ff54294838a0b3ec41b26e,JE395524,,10/1/2021 5:20,30,TRAFFIC SIGNAL,FUNCTIONING PROPERLY,CLEAR,"DARKNESS, LIGHTED ROAD",SIDESWIPE SAME DIRECTION,DIVIDED - W/MEDIAN (NOT RAISED),,STRAIGHT AND LEVEL,DRY,NO DEFECTS,NOT ON SCENE (DESK REPORT),NO INJURY / DRIVE AWAY,,,,"$501 - $1,500",10/2/2021 15:55,IMPROPER OVERTAKING/PASSING,UNABLE TO DETERMINE,4042,W,FOSTER AVE,1712,,,,,,,2,NO INDICATION OF INJURY,0,0,0,0,0,2,0,5,6,10,41.97562411,-87.72984456,POINT (-87.72984456157 41.975624112446)
017000ace530703d3a673fdb7c5fd43145520caf3220c9913fb5ab3543647140a95cc62985398ef9055d0abd25d19bc4c070c0a8869ed2fe2e72c65bedcc9e55,JE209093,,4/24/2021 19:59,35,TRAFFIC SIGNAL,FUNCTIONING PROPERLY,CLEAR,DUSK,SIDESWIPE OPPOSITE DIRECTION,NOT DIVIDED,,STRAIGHT AND LEVEL,WET,NO DEFECTS,ON SCENE,INJURY AND / OR TOW DUE TO CRASH,Y,,,"OVER $1,500",4/24/2021 20:06,UNABLE TO DETERMINE,NOT APPLICABLE,1698,N,CLARK ST,1814,,,,,,,2,NO INDICATION OF INJURY,0,0,0,0,0,2,0,19,7,4,41.9129661,-87.63288936,POINT (-87.63288935804 41.912966097484)
022304394969f2ba9ac9f28d4fc061e0b416b1f6bafabc7d765bebc66fc4ef9b4ce0a3a519d5a52fd8c962c892baa75f49b75eccc1aa2cc72f6db084a176b6f8,JD335934,,8/17/2020 18:20,30,NO CONTROLS,NO CONTROLS,CLEAR,DAYLIGHT,PARKED MOTOR VEHICLE,NOT DIVIDED,,STRAIGHT AND LEVEL,DRY,UNKNOWN,NOT ON SCENE (DESK REPORT),NO INJURY / DRIVE AWAY,,,,$500 OR LESS,8/17/2020 19:00,DISTRACTION - FROM INSIDE VEHICLE,FAILING TO REDUCE SPEED TO AVOID CRASH,8955,S,RACINE AVE,2222,,,,,,,2,NO INDICATION OF INJURY,0,0,0,0,0,1,0,18,2,8,41.73066138,-87.65303987,POINT (-87.653039870345 41.730661375669)
08e609d95a3a9134398d912383b09111fafe5a5e2e60230ea0338202563c76c4d2037087b9d041470b95cab2178bb9ad2694ea149f0f83b5d85a6d649f42dd44,JB103281,,1/3/2019 5:10,35,NO CONTROLS,NO CONTROLS,CLEAR,"DARKNESS, LIGHTED ROAD",SIDESWIPE SAME DIRECTION,DIVIDED - W/MEDIAN (NOT RAISED),2,STRAIGHT AND LEVEL,DRY,UNKNOWN,NOT ON SCENE (DESK REPORT),NO INJURY / DRIVE AWAY,,,,"$501 - $1,500",1/3/2019 15:35,UNABLE TO DETERMINE,UNABLE TO DETERMINE,3659,W,ADDISON ST,1732,,,,,,,2,NO INDICATION OF INJURY,0,0,0,0,0,2,0,5,5,1,41.94636141,-87.720044,POINT (-87.720044001505 41.946361413083)
0c11e113ddac46e0e20cefeeed8147da38220896472cc6c3260c7b151ee46bee999a86f330ed22288209334ab578388575708b7194556401086745f3dbffbb32,HZ172159,,3/2/2016 15:30,30,NO CONTROLS,NO CONTROLS,CLEAR,DAYLIGHT,PARKED MOTOR VEHICLE,PARKING LOT,0,STRAIGHT AND LEVEL,DRY,NO DEFECTS,NOT ON SCENE (DESK REPORT),NO INJURY / DRIVE AWAY,,,Y,"$501 - $1,500",3/2/2016 16:30,UNABLE TO DETERMINE,UNABLE TO DETERMINE,2036,S,MICHIGAN AVE,131,,,,,,,2,NO INDICATION OF INJURY,0,0,0,0,0,1,0,15,4,3,41.85439989,-87.62400107,POINT (-87.624001074303 41.854399891558)
005d9f7e3524fe2e34fb8260f67b126a6402acdecdaa1049d0650f0279eab3308a679fdb7012ec51b564db7cd582882b882f689fe91012c1d858ab2e052b370c,JB103355,,1/3/2018 18:00,30,NO CONTROLS,NO CONTROLS,CLEAR,"DARKNESS, LIGHTED ROAD",ANGLE,NOT DIVIDED,4,STRAIGHT AND LEVEL,DRY,NO DEFECTS,NOT ON SCENE (DESK REPORT),NO INJURY / DRIVE AWAY,,,Y,"OVER $1,500",1/3/2018 18:51,FAILING TO YIELD RIGHT-OF-WAY,UNABLE TO DETERMINE,5911,S,CALIFORNIA AVE,824,,,,,,,2,NO INDICATION OF INJURY,0,0,0,0,0,2,0,18,4,1,41.78603535,-87.69343704,POINT (-87.693437044016 41.786035351515)
02103f757ac6a977b46d91ad2c317dc561e3b85d21992fc3b3047ec1182d5b08ecaad4f452ee2da32e5112ffe259fce2fe326f9d7da1ecef551dc562520d3368,JA201948,,3/27/2017 6:35,30,TRAFFIC SIGNAL,FUNCTIONING PROPERLY,RAIN,DAYLIGHT,TURNING,ONE-WAY,3,STRAIGHT AND LEVEL,WET,NO DEFECTS,NOT ON SCENE (DESK REPORT),NO INJURY / DRIVE AWAY,Y,,,"OVER $1,500",3/27/2017 6:55,UNABLE TO DETERMINE,NOT APPLICABLE,637,N,RACINE AVE,1215,,,,,,,2,NO INDICATION OF INJURY,0,0,0,0,0,2,0,6,2,3,41.89324775,-87.65729103,POINT (-87.657291027278 41.89324774487)
047b26686579238b812c750212b82eff9c548cd6a1c7bf308adc287b88aeacd70292dddc6a55b3569c7b0b583a13960cbecf1be53755c5d404720f977e0f2e9b,JD192213,,3/21/2020 16:45,30,STOP SIGN/FLASHER,FUNCTIONING PROPERLY,CLEAR,DAYLIGHT,ANGLE,NOT DIVIDED,,STRAIGHT AND LEVEL,DRY,NO DEFECTS,NOT ON SCENE (DESK REPORT),NO INJURY / DRIVE AWAY,Y,,N,"OVER $1,500",3/21/2020 17:30,UNABLE TO DETERMINE,UNABLE TO DETERMINE,8700,S,SANGAMON ST,2222,,,,,,,2,NO INDICATION OF INJURY,0,0,0,0,0,2,0,16,7,3,41.73593012,-87.64742896,POINT (-87.647428959217 41.735930121441)
0088250a2a29ad9c7b9aaec1108f73ac374ed5569001e340857aa0e977222503afdd1959666dd540ff100bcaff632675091bf068dc563a76b51eeb55f3ea0bdc,JD444127,,11/28/2020 13:24,30,TRAFFIC SIGNAL,FUNCTIONING PROPERLY,CLEAR,DAYLIGHT,REAR END,DIVIDED - W/MEDIAN (NOT RAISED),,STRAIGHT AND LEVEL,DRY,NO DEFECTS,NOT ON SCENE (DESK REPORT),NO INJURY / DRIVE AWAY,Y,,,"$501 - $1,500",11/28/2020 15:00,UNABLE TO DETERMINE,NOT APPLICABLE,3600,N,CICERO AVE,1634,,,,,,,2,NO INDICATION OF INJURY,0,0,0,0,0,4,0,13,7,11,41.94616352,-87.74721517,POINT (-87.74721516897 41.946163523626)
07a60d832c54b5a642f20a649fd4d41c6f56f9cc8291292595e1420d2297fbc9188df0e90dba6954fe8c432123fcb5e00b468bec742003525a271977960dd853,JF214201,,4/20/2022 19:40,30,NO CONTROLS,NO CONTROLS,RAIN,DARKNESS,SIDESWIPE SAME DIRECTION,ONE-WAY,,STRAIGHT AND LEVEL,WET,UNKNOWN,NOT ON SCENE (DESK REPORT),NO INJURY / DRIVE AWAY,,,,"$501 - $1,500",4/20/2022 20:13,IMPROPER OVERTAKING/PASSING,DRIVING SKILLS/KNOWLEDGE/EXPERIENCE,912,W,SCHOOL ST,1924,,,,,,,2,NO INDICATION OF INJURY,0,0,0,0,0,3,0,19,4,4,41.94187122,-87.65266744,POINT (-87.652667439915 41.9418712245)
047c744e167baddb86b6ea9ef44b786530cc4b67f164beeef8399d54aabc830642f7996076112ab612cc72e677fdb9752ca39af963637ca7ee3b24b7abfc753d,JC342620,N,7/10/2019 10:00,10,NO CONTROLS,NO CONTROLS,CLEAR,DAYLIGHT,PARKED MOTOR VEHICLE,PARKING LOT,,STRAIGHT AND LEVEL,DRY,NO DEFECTS,NOT ON SCENE (DESK REPORT),NO INJURY / DRIVE AWAY,,Y,Y,"$501 - $1,500",7/10/2019 12:00,UNABLE TO DETERMINE,NOT APPLICABLE,2801,S,WESTERN AVE,1034,,,,,,,2,NO INDICATION OF INJURY,0,0,0,0,0,1,0,10,4,7,41.84111499,-87.68513204,POINT (-87.685132034759 41.841114991692)
0982efa175212c45ad3ca892f198815ae0886a71a7b7e175e1efbacd884506f44d7d3dc848982b54e5feffbba240709b202235956b24d718f647c5e49e323a60,JF443172,,10/21/2022 13:10,30,NO CONTROLS,NO CONTROLS,CLEAR,DAYLIGHT,PARKED MOTOR VEHICLE,ONE-WAY,,STRAIGHT AND LEVEL,DRY,NO DEFECTS,ON SCENE,NO INJURY / DRIVE AWAY,,,,"$501 - $1,500",10/21/2022 14:00,DRIVING SKILLS/KNOWLEDGE/EXPERIENCE,NOT APPLICABLE,8117,S,MARSHFIELD AVE,614,,,,,,,2,NO INDICATION OF INJURY,0,0,0,0,0,1,0,13,6,10,41.74615688,-87.66439778,POINT (-87.664397774715 41.746156875871)
02839efa2aec2a2d3294d22209c2f2f70523baba1e0a0f45cf33c6530df19829b940d0e2f387cfbc69371218c1dd32a5267933012ac75259aeac9f70a4a2a101,JE118884,,1/21/2021 10:45,30,TRAFFIC SIGNAL,FUNCTIONING PROPERLY,CLEAR,DAYLIGHT,PEDALCYCLIST,FOUR WAY,,STRAIGHT AND LEVEL,DRY,NO DEFECTS,ON SCENE,INJURY AND / OR TOW DUE TO CRASH,Y,,,$500 OR LESS,1/21/2021 10:46,FAILING TO YIELD RIGHT-OF-WAY,UNABLE TO DETERMINE,1600,W,18TH ST,1234,,,,,,,2,NONINCAPACITATING INJURY,1,0,0,1,0,1,0,10,5,1,41.85790198,-87.66618095,POINT (-87.66618095292 41.857901984402)
0805d3f50027f8e8001888cd1f48cbf6fc7841326b3f3c7e94cf222417476734b93ce9662a729a900412568722b27037785611f09500b317f9d1c026c6035a4a,JD433212,,11/16/2020 16:30,30,NO CONTROLS,NO CONTROLS,CLEAR,DUSK,SIDESWIPE SAME DIRECTION,NOT DIVIDED,,STRAIGHT AND LEVEL,DRY,UNKNOWN,NOT ON SCENE (DESK REPORT),NO INJURY / DRIVE AWAY,Y,,,"$501 - $1,500",11/16/2020 17:00,IMPROPER TURNING/NO SIGNAL,NOT APPLICABLE,7759,N,SHERIDAN RD,2422,,,,,,,2,NO INDICATION OF INJURY,0,0,0,0,0,2,0,16,2,11,42.02241469,-87.66631767,POINT (-87.666317667047 42.022414693923)
0a048f68ede40ff2012c67bff44c5adc824ac0ce1ff821e21c80cc567b397275a9a6565d543a1a23d955b755fc63a576d08ec1b9362a5b8f108f9d259b1f35fb,JF175897,,3/16/2022 13:00,35,TRAFFIC SIGNAL,FUNCTIONING PROPERLY,CLEAR,DAYLIGHT,SIDESWIPE SAME DIRECTION,DIVIDED - W/MEDIAN (NOT RAISED),,STRAIGHT AND LEVEL,DRY,NO DEFECTS,NOT ON SCENE (DESK REPORT),NO INJURY / DRIVE AWAY,Y,,Y,"OVER $1,500",3/16/2022 14:30,IMPROPER OVERTAKING/PASSING,UNABLE TO DETERMINE,8800,S,HALSTED ST,2223,,,,,,,2,NO INDICATION OF INJURY,0,0,0,0,0,2,0,13,4,3,41.73422263,-87.64371259,POINT (-87.643712589891 41.734222630546)
047fe3b8cef40f653c05ee5c0d8212ed775f0b2186435cf9c2e62da515ef662c01c36ae9aecb9c2d766d36f83b7047b4911b9ed8a6d07e5b3a5bc9c38f921ed0,JC351227,,7/16/2019 12:55,30,NO CONTROLS,NO CONTROLS,CLOUDY/OVERCAST,DAYLIGHT,TURNING,NOT DIVIDED,,STRAIGHT AND LEVEL,DRY,NO DEFECTS,ON SCENE,INJURY AND / OR TOW DUE TO CRASH,,,,"OVER $1,500",7/16/2019 12:56,FAILING TO YIELD RIGHT-OF-WAY,NOT APPLICABLE,6771,N,NORTHWEST HWY,1611,,,,,,,2,NONINCAPACITATING INJURY,1,0,0,1,0,1,0,12,3,7,42.0041136,-87.81803471,POINT (-87.818034710045 42.004113595271)
02e4d922c05a0094c581172c1f3cafb1a6c2a76c662c3d3fd32d44ed6d30869e543e79e182fa0a8bd9f2b5517d382f67d7205f5bca6431889c4fc357091e6349,JD239913,,5/22/2020 22:40,30,NO CONTROLS,NO CONTROLS,CLEAR,"DARKNESS, LIGHTED ROAD",TURNING,NOT DIVIDED,,STRAIGHT AND LEVEL,DRY,NO DEFECTS,NOT ON SCENE (DESK REPORT),NO INJURY / DRIVE AWAY,,,Y,"OVER $1,500",5/22/2020 22:50,UNABLE TO DETERMINE,UNABLE TO DETERMINE,1438,W,63RD ST,713,,,,,,,2,NO INDICATION OF INJURY,0,0,0,0,0,4,0,22,6,5,41.77963154,-87.66088702,POINT (-87.660887017333 41.779631535941)
06e7158b6b86cc897e99160c3444c1e84e542181ececec6bb30727943e525e5cd87d12ba32a58194088568807e5ec70abf91b58e49f8737de5aaafcab7582ad7,JC375645,,8/2/2019 12:00,30,NO CONTROLS,NO CONTROLS,CLEAR,DAYLIGHT,PARKED MOTOR VEHICLE,ONE-WAY,,STRAIGHT AND LEVEL,DRY,UNKNOWN,NOT ON SCENE (DESK REPORT),NO INJURY / DRIVE AWAY,,,Y,"OVER $1,500",8/2/2019 17:35,IMPROPER BACKING,DRIVING SKILLS/KNOWLEDGE/EXPERIENCE,9244,S,MAY ST,2222,,,,,,,2,NO INDICATION OF INJURY,0,0,0,0,0,1,0,12,6,8,41.72549121,-87.65198197,POINT (-87.651981967718 41.725491210404)
08b371fdd7ffbf1ee134dea7e7845f93a8bab0ab090a00ceadde1e84bec3f25bb9c224d1a17d094c32df503b44d7f115a167f8ec818a821f26fe61e99de411de,JB233992,,4/22/2018 20:30,30,NO CONTROLS,NO CONTROLS,CLEAR,"DARKNESS, LIGHTED ROAD",PARKED MOTOR VEHICLE,ONE-WAY,,STRAIGHT AND LEVEL,DRY,NO DEFECTS,ON SCENE,NO INJURY / DRIVE AWAY,,,,"OVER $1,500",4/22/2018 21:00,UNABLE TO DETERMINE,NOT APPLICABLE,445,W,117TH ST,522,,,,,,,2,NO INDICATION OF INJURY,0,0,0,0,0,1,0,20,1,4,41.68142635,-87.63418104,POINT (-87.634181040481 41.681426347779)
0ca18b5fee3e8bd03c18b2f3ea7a573a4ab8c65fe780126343736d0e3a65f0eb69896d410ce57597232a0a070ea40493f608a453ecd18941e1f2384489e59e62,JA543968,,12/10/2017 13:25,30,NO CONTROLS,NO CONTROLS,CLEAR,DAYLIGHT,SIDESWIPE SAME DIRECTION,NOT DIVIDED,4,STRAIGHT AND LEVEL,DRY,NO DEFECTS,ON SCENE,NO INJURY / DRIVE AWAY,,,,"OVER $1,500",12/10/2017 13:34,UNABLE TO DETERMINE,UNABLE TO DETERMINE,2600,E,104TH ST,434,,,,,,,2,NO INDICATION OF INJURY,0,0,0,0,0,2,0,13,1,12,41.70651219,-87.56080192,POINT (-87.560801922432 41.706512187615)
05f9802e0da61f9ed78ba3e599281b3315cc12b391fb3f5627daa3d67c2528b6577e3516c1103707bc800af7178ebe991653188b28b5bc3d2924e1dda2aa1ad4,JB358106,,7/18/2018 17:15,30,NO CONTROLS,NO CONTROLS,UNKNOWN,DAYLIGHT,SIDESWIPE OPPOSITE DIRECTION,NOT DIVIDED,1,STRAIGHT AND LEVEL,UNKNOWN,UNKNOWN,NOT ON SCENE (DESK REPORT),NO INJURY / DRIVE AWAY,,,,"OVER $1,500",7/20/2018 17:40,UNABLE TO DETERMINE,UNABLE TO DETERMINE,6021,N,LAWNDALE AVE,1711,,,,,,,2,NO INDICATION OF INJURY,0,0,0,0,0,3,0,17,4,7,41.99085319,-87.72122462,POINT (-87.721224621203 41.990853188383)
04205ab5c3a674612afa7c7e501bc8ceb68621cae7d96c411a3e9b3407410a8a94b26d4b11f2862405e83e3100384ade6980cb82b5cf7109a3a5ab3a44659d3c,JC275429,,5/23/2019 15:59,30,TRAFFIC SIGNAL,FUNCTIONING PROPERLY,CLEAR,DAYLIGHT,REAR END,DIVIDED - W/MEDIAN (NOT RAISED),,STRAIGHT AND LEVEL,DRY,NO DEFECTS,ON SCENE,NO INJURY / DRIVE AWAY,,,,"$501 - $1,500",5/23/2019 16:01,UNABLE TO DETERMINE,NOT APPLICABLE,3398,W,FULLERTON AVE,1413,,,,,,,2,NO INDICATION OF INJURY,0,0,0,0,0,2,0,15,5,5,41.92477195,-87.71204147,POINT (-87.712041471313 41.924771945371)
0732e8bdabcc1e59d51061e91050d1a0a44cdeaa9b46fb47fbfed3e63b02916973e544e3649223f5d2461627d830a969a0ecf02c379bfdafed043c534910739a,JC443914,,9/22/2019 13:40,30,NO CONTROLS,NO CONTROLS,RAIN,DAYLIGHT,REAR END,NOT DIVIDED,,STRAIGHT AND LEVEL,WET,NO DEFECTS,ON SCENE,NO INJURY / DRIVE AWAY,Y,,,"OVER $1,500",9/22/2019 13:47,WEATHER,NOT APPLICABLE,1101,S,PULASKI RD,1132,,Y,,,,,2,NO INDICATION OF INJURY,0,0,0,0,0,3,0,13,1,9,41.86794854,-87.72509749,POINT (-87.725097485067 41.86794854303)
06f52d9c10979c5204d5f83499bc4c5e941b219f7a5c0f90f455d3e230dc0d3f0dede950b4facc4e62d62e6ddcab4fafd389f7773ca09c2c3f5eff8685df1188,JD357709,,9/5/2020 17:30,30,NO CONTROLS,NO CONTROLS,CLEAR,DAYLIGHT,REAR END,NOT DIVIDED,,STRAIGHT AND LEVEL,UNKNOWN,UNKNOWN,NOT ON SCENE (DESK REPORT),NO INJURY / DRIVE AWAY,,,,$500 OR LESS,9/5/2020 18:10,IMPROPER BACKING,NOT APPLICABLE,9458,S,EWING AVE,432,,,,,,,2,NO INDICATION OF INJURY,0,0,0,0,0,2,0,17,7,9,41.72351289,-87.53718139,POINT (-87.537181387721 41.723512892869)
00205d7a22db2efaf64c78623f6bcc3ffe92c19e39c3475bcf258577b6844eae465ea315abed5e179597aa306a3703c90e3a6d739e1d09691b7a1c15e25ad12c,JD289142,Y,7/7/2020 11:00,30,TRAFFIC SIGNAL,FUNCTIONING PROPERLY,CLEAR,DAYLIGHT,ANGLE,FOUR WAY,,STRAIGHT AND LEVEL,DRY,NO DEFECTS,ON SCENE,INJURY AND / OR TOW DUE TO CRASH,Y,,Y,$500 OR LESS,7/7/2020 11:07,DISREGARDING TRAFFIC SIGNALS,"OPERATING VEHICLE IN ERRATIC, RECKLESS, CARELESS, NEGLIGENT OR AGGRESSIVE MANNER",2400,W,LOGAN BLVD,1411,,,,,,,2,NO INDICATION OF INJURY,0,0,0,0,0,2,0,11,3,7,41.92871132,-87.68788275,POINT (-87.687882751439 41.928711321724)
0a36462442a91093324899bfa98d6cdb952d87017b1081008b4996371321ba5631f8791a26478f2a5468ef631bd3655e0efeb5bc5a7a3e96cf55ac1a076da236,JF282802,Y,6/16/2022 20:00,30,NO CONTROLS,NO CONTROLS,CLEAR,"DARKNESS, LIGHTED ROAD",PARKED MOTOR VEHICLE,DIVIDED - W/MEDIAN (NOT RAISED),,STRAIGHT AND LEVEL,DRY,NO DEFECTS,ON SCENE,NO INJURY / DRIVE AWAY,,,Y,"OVER $1,500",6/17/2022 1:45,IMPROPER BACKING,IMPROPER BACKING,4114,W,NORTH AVE,2534,,,,,,,2,NO INDICATION OF INJURY,0,0,0,0,0,1,0,20,5,6,41.90995211,-87.72953056,POINT (-87.729530562135 41.909952112328)