CRASH_RECORD_ID,RD_NO,CRASH_DATE_EST_I,CRASH_DATE,POSTED_SPEED_LIMIT,TRAFFIC_CONTROL_DEVICE,DEVICE_CONDITION,WEATHER_CONDITION,LIGHTING_CONDITION,FIRST_CRASH_TYPE,TRAFFICWAY_TYPE,LANE_CNT,ALIGNMENT,ROADWAY_SURFACE_COND,ROAD_DEFECT,REPORT_TYPE,CRASH_TYPE,INTERSECTION_RELATED_I,NOT_RIGHT_OF_WAY_I,HIT_AND_RUN_I,DAMAGE,DATE_POLICE_NOTIFIED,PRIM_CONTRIBUTORY_CAUSE,SEC_CONTRIBUTORY_CAUSE,STREET_NO,STREET_DIRECTION,STREET_NAME,BEAT_OF_OCCURRENCE,PHOTOS_TAKEN_I,STATEMENTS_TAKEN_I,DOORING_I,WORK_ZONE_I,WORK_ZONE_TYPE,WORKERS_PRESENT_I,NUM_UNITS,MOST_SEVERE_INJURY,INJURIES_TOTAL,INJURIES_FATAL,INJURIES_INCAPACITATING,INJURIES_NON_INCAPACITATING,INJURIES_REPORTED_NOT_EVIDENT,INJURIES_NO_INDICATION,INJURIES_UNKNOWN,CRASH_HOUR,CRASH_DAY_OF_WEEK,CRASH_MONTH,LATITUDE,LONGITUDE,LOCATION
088d5c500fd31f0395ca4d5a31a63fb8ffed61fc95bd030895af205e66723ad4841ccaac0e582270bb3d836ffdb3115aa95b72f39639f7ecc060098d1ffe1f7c,JD345519,Y,8/26/2020 7:41,30,NO CONTROLS,NO CONTROLS,CLEAR,DAYLIGHT,REAR END,DIVIDED - W/MEDIAN (NOT RAISED),,STRAIGHT AND LEVEL,DRY,NO DEFECTS,ON SCENE,INJURY AND / OR TOW DUE TO CRASH,,,,$500 OR LESS,8/26/2020 7:45,FOLLOWING TOO CLOSELY,PHYSICAL CONDITION OF DRIVER,5819,W,BELMONT AVE,2514,,,,,,,2,NONINCAPACITATING INJURY,1,0,0,1,0,1,0,7,4,8,41.93839141,-87.77211895,POINT (-87.772118945331 41.93839141039)
01c7f54ec35c587b6cb3d18765d9ee35029e4e10fc63f31393d0bfe3b591f457ed6712f81a0d328a593863a5a825018c23775bbd19872fc9173fbf7e41bb4bfa,JF519907,,12/22/2022 11:55,30,TRAFFIC SIGNAL,FUNCTIONING PROPERLY,SNOW,DAYLIGHT,TURNING,NOT DIVIDED,,STRAIGHT AND LEVEL,SNOW OR SLUSH,NO DEFECTS,NOT ON SCENE (DESK REPORT),NO INJURY / DRIVE AWAY,,,,"OVER $1,500",12/22/2022 13:00,FOLLOWING TOO CLOSELY,FAILING TO REDUCE SPEED TO AVOID CRASH,1608,E,71ST ST,332,,,,,,,2,NO INDICATION OF INJURY,0,0,0,0,0,2,0,11,5,12,41.76626179,-87.58552519,POINT (-87.585525185908 41.766261791579)
0c61710f9cc9db91cc8bff2aebe9d2529bdccb71588420cbae2722f736e7f2218c992e1ccd16d1603c7e51d679a62da599f83a96794141263247ae71c91c09a4,JC269278,,5/19/2019 5:30,30,NO CONTROLS,NO CONTROLS,CLOUDY/OVERCAST,"DARKNESS, LIGHTED ROAD",PARKED MOTOR VEHICLE,ONE-WAY,,STRAIGHT AND LEVEL,WET,NO DEFECTS,,NO INJURY / DRIVE AWAY,,,Y,"OVER $1,500",5/19/2019 10:25,UNABLE TO DETERMINE,UNABLE TO DETERMINE,3016,N,AVERS AVE,2523,,,,,,,4,NO INDICATION OF INJURY,0,0,0,0,0,1,0,5,1,5,41.9359466,-87.72305381,POINT (-87.723053809225 41.935946597099)
032ff92516cb0e689a791897fb647a2df657d03506b0d073c1a45f813f5881f85ed1665d99b0fde220e330067b951a87b6619ea812846388637f693795815433,JD422895,,11/6/2020 12:55,30,NO CONTROLS,NO CONTROLS,CLEAR,DAYLIGHT,REAR END,NOT DIVIDED,,STRAIGHT AND LEVEL,DRY,NO DEFECTS,NOT ON SCENE (DESK REPORT),NO INJURY / DRIVE AWAY,,,,"$501 - $1,500",11/6/2020 16:30,FOLLOWING TOO CLOSELY,FAILING TO YIELD RIGHT-OF-WAY,9041,S,ASHLAND AVE,2221,,,,,,,2,NO INDICATION OF INJURY,0,0,0,0,0,2,0,12,6,11,41.72908229,-87.66272107,POINT (-87.662721072382 41.729082288923)
037bec1bcd0776bd31ba226e15e7efa06875b34fbb329feb4e62a8bdf4c2259a0b7e32d020c3616e3ec6f0bbc7ef01f6ddcb303c9839a53047adbfef1dd76df3,JD458957,,12/14/2020 14:32,25,TRAFFIC SIGNAL,FUNCTIONING PROPERLY,CLEAR,DAYLIGHT,REAR END,T-INTERSECTION,,STRAIGHT AND LEVEL,DRY,UNKNOWN,NOT ON SCENE (DESK REPORT),NO INJURY / DRIVE AWAY,Y,,,$500 OR LESS,12/14/2020 15:25,UNABLE TO DETERMINE,UNABLE TO DETERMINE,7039,S,COTTAGE GROVE AVE,321,,,,,,,2,NO INDICATION OF INJURY,0,0,0,0,0,2,0,14,2,12,41.7664876,-87.6054558,POINT (-87.605455795914 41.766487601506)
0a32377861be906af990f1d895c6b7791623da3c5a0d8cca453f916d95ea2d283d18c7583dee35ecb8f44c733cb8fed2615291c708cae45c7ff04bb16d85bc16,JA286226,,5/31/2017 9:30,30,TRAFFIC SIGNAL,FUNCTIONING PROPERLY,CLEAR,DAYLIGHT,REAR END,NOT DIVIDED,2,STRAIGHT AND LEVEL,DRY,NO DEFECTS,NOT ON SCENE (DESK REPORT),NO INJURY / DRIVE AWAY,,,,$500 OR LESS,5/31/2017 9:45,FOLLOWING TOO CLOSELY,NOT APPLICABLE,140,W,47TH ST,215,,,,,,,2,NO INDICATION OF INJURY,0,0,0,0,0,3,0,9,4,5,41.80933796,-87.6297559,POINT (-87.629755901236 41.809337959787)
00fc7c90919f9bc30a876521a5c2d75bffdc25121039ebf836706f3db04b5543182eba030c277c0f4cbc0da28e45fbde426765320a981c047ee67be63fa34841,JE186335,,4/1/2021 14:45,30,NO CONTROLS,NO CONTROLS,CLEAR,DAYLIGHT,SIDESWIPE SAME DIRECTION,NOT DIVIDED,,STRAIGHT AND LEVEL,DRY,NO DEFECTS,NOT ON SCENE (DESK REPORT),NO INJURY / DRIVE AWAY,,,,"OVER $1,500",4/1/2021 15:20,IMPROPER OVERTAKING/PASSING,NOT APPLICABLE,4640,S,MICHIGAN AVE,215,,,,,,,2,NO INDICATION OF INJURY,0,0,0,0,0,2,0,14,5,4,41.8098819,-87.62300087,POINT (-87.623000866272 41.809881897379)
0c029472ca2c42dc5901372edc24cf40ce73d5b1e56d35d8dc2cb0df3d8d960cad1a5d395a869a5304db6c88d91b01f00151a4416b4711447ff552226e53d11f,JE209388,,4/25/2021 4:08,25,NO CONTROLS,NO CONTROLS,CLEAR,"DARKNESS, LIGHTED ROAD",PARKED MOTOR VEHICLE,NOT DIVIDED,,STRAIGHT AND LEVEL,DRY,NO DEFECTS,ON SCENE,INJURY AND / OR TOW DUE TO CRASH,,,Y,"OVER $1,500",4/25/2021 4:09,FAILING TO REDUCE SPEED TO AVOID CRASH,NOT APPLICABLE,6659,S,MORGAN ST,723,,,,,,,3,NO INDICATION OF INJURY,0,0,0,0,0,1,0,4,1,4,41.77249751,-87.6493107,POINT (-87.649310695321 41.772497508498)
007edb94ff307b318e6b2d2d185f2492908772af1cac5a0d8978fa9b5a6a1246de72d7b36b6b07038766063d4e2cbe28247b6f4ed4c6911bad04d919b86ed85d,JF107469,Y,1/8/2022 23:00,30,NO CONTROLS,NO CONTROLS,FREEZING RAIN/DRIZZLE,UNKNOWN,PARKED MOTOR VEHICLE,ONE-WAY,,STRAIGHT AND LEVEL,ICE,NO DEFECTS,ON SCENE,NO INJURY / DRIVE AWAY,,,Y,"OVER $1,500",1/9/2022 9:32,UNABLE TO DETERMINE,UNABLE TO DETERMINE,4505,S,CHRISTIANA AVE,821,,,,,,,2,NO INDICATION OF INJURY,0,0,0,0,0,1,0,23,7,1,41.81161571,-87.70784798,POINT (-87.707847981671 41.811615713348)
044ce9d79e381b0da67496510fac511c9294a5d77de3f660f7baf133b1d18e2ece440ddd7718b83ae62ec6140f2797b62da0f417a3f9fd6e191c24aef52e13b0,JE237369,,5/21/2021 10:30,30,NO CONTROLS,NO CONTROLS,CLEAR,DAYLIGHT,SIDESWIPE SAME DIRECTION,DIVIDED - W/MEDIAN (NOT RAISED),,STRAIGHT AND LEVEL,DRY,NO DEFECTS,ON SCENE,NO INJURY / DRIVE AWAY,,,,"$501 - $1,500",5/21/2021 10:45,UNABLE TO DETERMINE,UNABLE TO DETERMINE,5900,W,IRVING PARK RD,1624,,,,,,,2,NO INDICATION OF INJURY,0,0,0,0,0,2,0,10,6,5,41.95319299,-87.77439875,POINT (-87.774398752567 41.953192984844)
01b16c8c915fbb9125d6f2ce137b5908679a80919228dfcbe8f4ca9393c529d3f0fa487b6953da24b5b98420d2cf7632b01be8bc6a51d68ecc48cc094f398b24,JA229300,,4/17/2017 15:56,30,NO CONTROLS,NO CONTROLS,CLEAR,DAYLIGHT,PARKED MOTOR VEHICLE,NOT DIVIDED,2,STRAIGHT AND LEVEL,DRY,NO DEFECTS,NOT ON SCENE (DESK REPORT),NO INJURY / DRIVE AWAY,,,,"$501 - $1,500",4/18/2017 10:30,UNABLE TO DETERMINE,FAILING TO YIELD RIGHT-OF-WAY,1101,S,CANAL ST,124,,,,,,,2,NO INDICATION OF INJURY,0,0,0,0,0,2,0,15,2,4,41.86888971,-87.63909893,POINT (-87.639098928088 41.868889711112)
0728b978f3ced1e152597d7fb0a2b98bee039e9dc395e64f53bb9a4d1a1961a531fc85d3093709b01b3fcfb758ecc59c404f068123e960faa7eeeb18b2e3c023,JB262126,,5/13/2018 0:30,25,NO CONTROLS,NO CONTROLS,RAIN,"DARKNESS, LIGHTED ROAD",OTHER OBJECT,NOT DIVIDED,2,STRAIGHT AND LEVEL,WET,NO DEFECTS,NOT ON SCENE (DESK REPORT),NO INJURY / DRIVE AWAY,,N,,"$501 - $1,500",5/13/2018 17:31,UNABLE TO DETERMINE,UNABLE TO DETERMINE,6558,S,LOOMIS BLVD,725,,,,,,,1,NO INDICATION OF INJURY,0,0,0,0,0,1,0,0,1,5,41.77416629,-87.65936581,POINT (-87.659365809367 41.774166288269)
000e459bf6858cb68fa9b96a9b73683277a17d4bd7eaf6fdc1b1e4b8c73b48af0e8b0b5468812df72d5f86326b1f27788626962e82f237a0eb414e26f8b77377,JG166409,,2/25/2023 23:05,30,UNKNOWN,UNKNOWN,UNKNOWN,UNKNOWN,SIDESWIPE SAME DIRECTION,NOT DIVIDED,,STRAIGHT AND LEVEL,UNKNOWN,UNKNOWN,NOT ON SCENE (DESK REPORT),NO INJURY / DRIVE AWAY,,,,"$501 - $1,500",2/26/2023 9:50,UNABLE TO DETERMINE,NOT APPLICABLE,4711,W,59TH ST,813,,,,,,,2,NO INDICATION OF INJURY,0,0,0,0,0,3,0,23,7,2,41.78416143,-87.74051718,POINT (-87.740517180564 41.784161428269)
0c490e5f29e19c5a741fc8b8da62ebcb0ac8ff39dc9b9525a78e1bb29733d08feaae18e74d6a23b57378df0236b0310ba5a541fbcdbdeeeaaaf1fefc0e613265,JB124434,,1/20/2018 19:00,30,NO CONTROLS,NO CONTROLS,UNKNOWN,"DARKNESS, LIGHTED ROAD",REAR END,NOT DIVIDED,2,STRAIGHT AND LEVEL,UNKNOWN,UNKNOWN,NOT ON SCENE (DESK REPORT),NO INJURY / DRIVE AWAY,,,,"$501 - $1,500",1/21/2018 17:15,UNABLE TO DETERMINE,UNABLE TO DETERMINE,4534,W,DIVERSEY AVE,2521,,,,,,,2,NO INDICATION OF INJURY,0,0,0,0,0,2,0,19,7,1,41.93172071,-87.7406679,POINT (-87.740667900841 41.93172071073)
0895141a03f769e22ebb60c53c2be221ce99b5be94b1a0605d599d57eb6337250fbe3456a0615739a6b33a79dda0b642e58e7ce7bfe69d573a320bc94b939ba4,JD127391,,1/24/2020 17:15,30,STOP SIGN/FLASHER,FUNCTIONING PROPERLY,RAIN,DAYLIGHT,SIDESWIPE SAME DIRECTION,NOT DIVIDED,,STRAIGHT AND LEVEL,WET,NO DEFECTS,NOT ON SCENE (DESK REPORT),NO INJURY / DRIVE AWAY,,,Y,"$501 - $1,500",1/24/2020 17:55,FAILING TO REDUCE SPEED TO AVOID CRASH,UNABLE TO DETERMINE,1819,N,CICERO AVE,2533,,,,,,,2,NO INDICATION OF INJURY,0,0,0,0,0,2,0,17,6,1,41.91389467,-87.7458425,POINT (-87.745842497475 41.913894666503)
0455a8d4eb37a686b8c07003c85fd503fa2f40bdcb73654a68f545a56731c6e272ff9002acbf8f2c2ae596b4e394f9f14d6a50fcd0f42f94a40870bb30eba46f,JA554837,,12/19/2017 0:15,35,STOP SIGN/FLASHER,FUNCTIONING PROPERLY,CLEAR,"DARKNESS, LIGHTED ROAD",ANGLE,ONE-WAY,,STRAIGHT AND LEVEL,DRY,NO DEFECTS,NOT ON SCENE (DESK REPORT),NO INJURY / DRIVE AWAY,Y,,,"$501 - $1,500",12/19/2017 1:00,UNABLE TO DETERMINE,UNABLE TO DETERMINE,31,E,SUPERIOR ST,1834,,,,,,,2,NO INDICATION OF INJURY,0,0,0,0,0,2,0,0,3,12,41.89558798,-87.62689015,POINT (-87.626890146317 41.89558798167)
024e5476d8f892cab5e1ca5570aae7ade1480325cef0a8f5002f560cee96f86f4e9169340d46704b379f6692ea769cab46a77dab7692df7bade7bc5af7bdcf93,JD234137,,5/16/2020 14:10,30,TRAFFIC SIGNAL,FUNCTIONING PROPERLY,CLEAR,DAYLIGHT,TURNING,NOT DIVIDED,,STRAIGHT AND LEVEL,DRY,NO DEFECTS,NOT ON SCENE (DESK REPORT),NO INJURY / DRIVE AWAY,,,,"OVER $1,500",5/16/2020 14:20,FAILING TO YIELD RIGHT-OF-WAY,FAILING TO YIELD RIGHT-OF-WAY,6500,S,HALSTED ST,723,,,,,,,2,NO INDICATION OF INJURY,0,0,0,0,0,2,0,14,7,5,41.77609576,-87.64489095,POINT (-87.644890947336 41.776095755648)
078cd0d0a12923303a521a8fd0a04ca5813eb2f3e609d8f14cfcf5736d828db8c532a04aa36b6a79df5220e664b097b7a7b600f0b4b620d27952d6337e9ea2b9,JE468908,,12/7/2021 10:05,30,NO CONTROLS,NO CONTROLS,CLEAR,DAYLIGHT,PEDALCYCLIST,NOT DIVIDED,,STRAIGHT AND LEVEL,DRY,NO DEFECTS,ON SCENE,INJURY AND / OR TOW DUE TO CRASH,,,,$500 OR LESS,12/7/2021 10:08,UNABLE TO DETERMINE,UNABLE TO DETERMINE,950,W,35TH ST,913,,,,,,,2,NONINCAPACITATING INJURY,1,0,0,1,0,2,0,10,3,12,41.83080599,-87.65018452,POINT (-87.650184514565 41.830805986901)
0a59736232c3b68513304a8fd6610e1a192cb9ae68084d890affa97eea8a15a74a525404b9881fed17b8b580627e89871a5de9a9eace85d01d1638392de47381,JE244933,,5/27/2021 16:00,30,STOP SIGN/FLASHER,FUNCTIONING PROPERLY,RAIN,DAYLIGHT,ANGLE,UNKNOWN INTERSECTION TYPE,,STRAIGHT AND LEVEL,WET,NO DEFECTS,ON SCENE,INJURY AND / OR TOW DUE TO CRASH,Y,,Y,"OVER $1,500",5/27/2021 16:02,FAILING TO YIELD RIGHT-OF-WAY,NOT APPLICABLE,3400,N,NOTTINGHAM AVE,1632,,,,,,,2,NO INDICATION OF INJURY,0,0,0,0,0,3,0,16,5,5,41.94176005,-87.80455415,POINT (-87.804554148489 41.941760047192)
044dcb9a4da5062cef6a30fdab465e42c74cd63a34083d814f52a19d93d5201af4beb746ec971ad2c6deb56638a1ef6112cc7079447afa359fd29bf74f2fbffa,JB283558,,5/26/2018 13:10,30,TRAFFIC SIGNAL,FUNCTIONING PROPERLY,CLEAR,DAYLIGHT,REAR END,CENTER TURN LANE,2,STRAIGHT AND LEVEL,DRY,NO DEFECTS,NOT ON SCENE (DESK REPORT),NO INJURY / DRIVE AWAY,,,,"OVER $1,500",5/29/2018 11:55,UNABLE TO DETERMINE,NOT APPLICABLE,4001,W,55TH ST,813,,,,,,,2,NO INDICATION OF INJURY,0,0,0,0,0,2,0,13,7,5,41.79309383,-87.72321786,POINT (-87.723217856271 41.793093830183)
02337b7f7649947f9eb2f8823adc4adbfc13050cbe5b0e470b8cd22328f1975ead245556fb2edfefea40cbfb01b7cbd89e401a7160357b7cc1200cf96f0c5e7b,JB523870,,11/21/2018 8:10,25,NO CONTROLS,NO CONTROLS,CLEAR,DAYLIGHT,ANGLE,NOT DIVIDED,,STRAIGHT AND LEVEL,DRY,NO DEFECTS,NOT ON SCENE (DESK REPORT),NO INJURY / DRIVE AWAY,,,,"$501 - $1,500",11/21/2018 8:25,FAILING TO YIELD RIGHT-OF-WAY,FAILING TO YIELD RIGHT-OF-WAY,757,N,ORLEANS ST,1831,,,,,,,2,NO INDICATION OF INJURY,0,0,0,0,0,2,0,8,4,11,41.89650311,-87.63702357,POINT (-87.637023570947 41.896503110759)
05fa3f876c619eb2afab71c9abd3f7aefe78c1d1d1ba7e73698562e10df6082827798d726785621355f9f5cf2bd00bcbabf19b1993c66914a70cd1cc78220ac2,JF386016,,9/6/2022 21:27,35,NO CONTROLS,NO CONTROLS,CLEAR,"DARKNESS, LIGHTED ROAD",PARKED MOTOR VEHICLE,NOT DIVIDED,,STRAIGHT AND LEVEL,DRY,NO DEFECTS,ON SCENE,INJURY AND / OR TOW DUE TO CRASH,,,,"OVER $1,500",9/6/2022 21:41,UNABLE TO DETERMINE,NOT APPLICABLE,1537,N,ORLEANS ST,1821,,,,,,,3,NO INDICATION OF INJURY,0,0,0,0,0,1,0,21,3,9,41.91043191,-87.63745749,POINT (-87.637457494043 41.910431913128)
0832a47be77e9bbc293f67cea2fdac6ee0df89312671dd310e8c5f0f39c3f7a1e1bf230c2b8c0884aa4f69f7b389d67a8b2ce6a056c631274fd53f74df801ed0,JA221315,,4/11/2017 18:47,30,NO CONTROLS,NO CONTROLS,CLEAR,DAYLIGHT,PARKED MOTOR VEHICLE,ONE-WAY,1,STRAIGHT AND LEVEL,DRY,NO DEFECTS,NOT ON SCENE (DESK REPORT),NO INJURY / DRIVE AWAY,,,,"$501 - $1,500",4/11/2017 19:27,UNABLE TO DETERMINE,UNABLE TO DETERMINE,2458,S,DRAKE AVE,1024,,,,,,,2,NO INDICATION OF INJURY,0,0,0,0,0,1,0,18,3,4,41.84631658,-87.71376931,POINT (-87.713769304707 41.846316584095)
042081b41f420ffe7822022114fd594ce539c9e33301aee34a0158d78050759554992c4e5f4a52464696db873397bbe48ff90b4d5ed825b5889eddd8dfd4d7cc,JF134628,,2/5/2022 11:55,10,NO CONTROLS,NO CONTROLS,CLEAR,DAYLIGHT,PARKED MOTOR VEHICLE,OTHER,,STRAIGHT AND LEVEL,WET,NO DEFECTS,NOT ON SCENE (DESK REPORT),NO INJURY / DRIVE AWAY,,Y,,"OVER $1,500",2/5/2022 13:30,UNABLE TO DETERMINE,UNABLE TO DETERMINE,600,S,PAULINA ST,1231,,,,,,,2,NO INDICATION OF INJURY,0,0,0,0,0,1,0,11,7,2,41.87409301,-87.66925602,POINT (-87.669256020023 41.874093009902)
0c99ad30f12ba7a8a8fde331bc44269187e83d2cb9b065fd7eebf4f5def5be4e4dcff4c56ccad2f5a0a0c1b41051a28e78bfa26b430b42ecf7f68ed0a2db5409,JD249714,,5/31/2020 16:00,30,TRAFFIC SIGNAL,FUNCTIONING PROPERLY,CLEAR,DAYLIGHT,ANGLE,FOUR WAY,,STRAIGHT AND LEVEL,DRY,UNKNOWN,NOT ON SCENE (DESK REPORT),INJURY AND / OR TOW DUE TO CRASH,Y,,Y,"OVER $1,500",6/1/2020 11:50,FAILING TO YIELD RIGHT-OF-WAY,DISREGARDING TRAFFIC SIGNALS,7300,S,COTTAGE GROVE AVE,323,,,,,,,2,NONINCAPACITATING INJURY,3,0,0,3,0,2,0,16,1,5,41.76213628,-87.60563349,POINT (-87.605633490465 41.762136276864)
01092d0f3aa036c1c304f477d80f4372137c3f155195d1a48c175ea14e31af744406693aef6d4270ddb073e1894eff14f3a3bac2f3afd630bfb78f4ad2dab613,JG192121,,3/19/2023 21:30,30,NO CONTROLS,NO CONTROLS,UNKNOWN,"DARKNESS, LIGHTED ROAD",SIDESWIPE SAME DIRECTION,NOT DIVIDED,,STRAIGHT AND LEVEL,UNKNOWN,NO DEFECTS,NOT ON SCENE (DESK REPORT),NO INJURY / DRIVE AWAY,,,,"OVER $1,500",3/20/2023 10:30,UNABLE TO DETERMINE,NOT APPLICABLE,10426,S,WESTERN AVE,2211,,,,,,,2,NO INDICATION OF INJURY,0,0,0,0,0,2,0,21,1,3,41.70372586,-87.6816838,POINT (-87.681683799661 41.703725857371)
0445db3f7b8aea70b6338b29291ad3f0bddb06ee52ffc3b515f206e03bb58e29698a5f0142076b84e5248e75a863812ab4823a4671fac921e528a0224422b3b3,JC448942,,9/26/2019 8:32,30,NO CONTROLS,NO CONTROLS,CLEAR,DAYLIGHT,SIDESWIPE SAME DIRECTION,ONE-WAY,,STRAIGHT AND LEVEL,DRY,NO DEFECTS,ON SCENE,NO INJURY / DRIVE AWAY,,,,"$501 - $1,500",9/26/2019 8:45,IMPROPER LANE USAGE,NOT APPLICABLE,130,E,RANDOLPH ST,114,,,,,,,2,NO INDICATION OF INJURY,0,0,0,0,0,3,0,8,5,9,41.88458837,-87.62327256,POINT (-87.623272561055 41.884588371969)
04b5058c015886ccf77fbf6ce57954c0e3d9f959dd9c9b95a2095edeea71fe2b4b39a095ff9e509d5c2888eeb107d35777cdcc22f748b699bd4668ba4851d94b,JD133859,,1/30/2020 12:40,30,NO CONTROLS,NO CONTROLS,CLOUDY/OVERCAST,DAYLIGHT,PARKED MOTOR VEHICLE,DIVIDED - W/MEDIAN BARRIER,,STRAIGHT AND LEVEL,DRY,NO DEFECTS,ON SCENE,NO INJURY / DRIVE AWAY,,,,"OVER $1,500",1/30/2020 12:42,UNABLE TO DETERMINE,NOT APPLICABLE,1305,W,95TH ST,2213,,,,,,,2,NO INDICATION OF INJURY,0,0,0,0,0,1,0,12,5,1,41.721196,-87.65560922,POINT (-87.65560921515 41.721196002313)
00a8f2796d197416ece204b7e97a3a02f77f1e36106ad981a8658a19c6303cb72003bfd429b6dc90c610184310eed218c4fc04f448b5f6349bf0baa04b614e45,JF439648,,10/11/2022 16:30,25,NO CONTROLS,NO CONTROLS,RAIN,DAYLIGHT,SIDESWIPE SAME DIRECTION,ONE-WAY,,STRAIGHT AND LEVEL,WET,NO DEFECTS,NOT ON SCENE (DESK REPORT),NO INJURY / DRIVE AWAY,,,,"OVER $1,500",10/18/2022 18:00,UNABLE TO DETERMINE,UNABLE TO DETERMINE,5200,N,ST LOUIS AVE,1712,,,,,,,2,NO INDICATION OF INJURY,0,0,0,0,0,2,0,16,3,10,41.97575453,-87.71612619,POINT (-87.716126191666 41.975754533117)
006dbf120450a355c2598479614a2396e6fe789f6392780b98f824850eccbdf689accf5813ddf831c55494bc07bdf892ff20a69ecaa319e57f2be3b9b1bc7a39,JC352556,,7/17/2019 11:00,30,NO CONTROLS,NO CONTROLS,CLEAR,DAYLIGHT,REAR TO FRONT,NOT DIVIDED,,STRAIGHT AND LEVEL,DRY,NO DEFECTS,NOT ON SCENE (DESK REPORT),NO INJURY / DRIVE AWAY,,,,"$501 - $1,500",7/17/2019 11:40,IMPROPER BACKING,NOT APPLICABLE,2334,S,WENTWORTH AVE,914,,,,,,,2,NO INDICATION OF INJURY,0,0,0,0,0,4,0,11,4,7,41.849954,-87.6320942,POINT (-87.632094195591 41.849954001923)
0bcee97e091b5cf3741f4aeab9308b5773551867762eb10234d13b10fc9c9dafdd3b9739a18e678c1dff86ddfe7a2662c521266e6045485297ec88637790f232,JB389232,,8/11/2018 13:40,30,UNKNOWN,UNKNOWN,CLEAR,DAYLIGHT,TURNING,DIVIDED - W/MEDIAN (NOT RAISED),2,STRAIGHT AND LEVEL,DRY,NO DEFECTS,NOT ON SCENE (DESK REPORT),NO INJURY / DRIVE AWAY,,,,"OVER $1,500",8/11/2018 17:15,UNABLE TO DETERMINE,UNABLE TO DETERMINE,2735,W,LAWRENCE AVE,1911,,,,,,,2,NO INDICATION OF INJURY,0,0,0,0,0,2,0,13,7,8,41.96843004,-87.69765591,POINT (-87.697655905505 41.968430036173)
0384748f5bcd5ea1eb023313f186e91bffe38829fbdb9fa009b07be9dcc6792f5f28c9542fbbb4f80819a89f56049ab277d3da46cc6425440e2bcd315caddea2,JA518641,,11/20/2017 7:45,30,NO CONTROLS,NO CONTROLS,CLEAR,DAYLIGHT,TURNING,NOT DIVIDED,2,STRAIGHT AND LEVEL,DRY,NO DEFECTS,ON SCENE,INJURY AND / OR TOW DUE TO CRASH,,,,"OVER $1,500",11/20/2017 7:46,IMPROPER TURNING/NO SIGNAL,IMPROPER LANE USAGE,3810,W,WASHINGTON BLVD,1122,,,,,,,2,"REPORTED, NOT EVIDENT",4,0,0,0,4,0,0,7,2,11,41.88200353,-87.7213037,POINT (-87.721303702748 41.882003526592)
038dafe12b66d66f3faa82dd75d05955061e2604f35a215e150fd32cdd2d3b965de692e3820f8e65d6e286745c807ee34ce3b9e755f739da20e43b9826828d21,JF518835,,12/21/2022 15:25,30,TRAFFIC SIGNAL,FUNCTIONING PROPERLY,CLEAR,DAYLIGHT,TURNING,NOT DIVIDED,,STRAIGHT AND LEVEL,DRY,NO DEFECTS,ON SCENE,NO INJURY / DRIVE AWAY,,,Y,"OVER $1,500",12/21/2022 15:40,IMPROPER TURNING/NO SIGNAL,UNABLE TO DETERMINE,7020,S,MORGAN ST,733,,,,,,,2,NO INDICATION OF INJURY,0,0,0,0,0,3,0,15,4,12,41.7662916,-87.64944182,POINT (-87.649441814944 41.7662915963)
095d575c511a6ffe4755fa1ddbfa7418bef42693dff2961c7e3145035c583ba68d58da211b382b7f27647696f5c6db77dc31d06868d6dded1d09ceeed5ed6716,JE307862,,7/20/2021 13:12,30,TRAFFIC SIGNAL,FUNCTIONING PROPERLY,CLEAR,DAYLIGHT,REAR END,DIVIDED - W/MEDIAN (NOT RAISED),,STRAIGHT AND LEVEL,DRY,NO DEFECTS,ON SCENE,NO INJURY / DRIVE AWAY,N,,,"OVER $1,500",7/20/2021 13:22,UNABLE TO DETERMINE,UNABLE TO DETERMINE,3541,N,ELSTON AVE,1733,,,,,,,3,NO INDICATION OF INJURY,0,0,0,0,0,4,0,13,3,7,41.94569884,-87.70726482,POINT (-87.707264821479 41.945698840867)
03ec9a5f2a64f7fe445517deae003c8a861a7cd43db1aa31abfb88df3b4ad59100ee06dae5e2ed599e1643ca4bcc047a992a1088d37cf9880f55592dc0276c58,JD331295,,8/13/2020 16:50,30,NO CONTROLS,NO CONTROLS,CLEAR,DAYLIGHT,PARKED MOTOR VEHICLE,NOT DIVIDED,,STRAIGHT AND LEVEL,DRY,NO DEFECTS,NOT ON SCENE (DESK REPORT),NO INJURY / DRIVE AWAY,,,Y,"$501 - $1,500",8/13/2020 17:20,UNABLE TO DETERMINE,NOT APPLICABLE,1614,N,LARAMIE AVE,2532,,,,,,,2,NO INDICATION OF INJURY,0,0,0,0,0,1,0,16,5,8,41.90997701,-87.75582265,POINT (-87.755822648009 41.909977009294)
006b35c52676b5bfc42411e38c13fee9b1b981433eb84d65314e4a2874d0aab85d7f86b811bd51624dd037fbd429791f0222171775a6a8284f55771b95cec384,JC161482,,2/22/2019 8:35,30,NO CONTROLS,NO CONTROLS,CLEAR,DAYLIGHT,SIDESWIPE SAME DIRECTION,NOT DIVIDED,2,STRAIGHT AND LEVEL,DRY,NO DEFECTS,,NO INJURY / DRIVE AWAY,,,,$500 OR LESS,2/22/2019 8:37,DRIVING SKILLS/KNOWLEDGE/EXPERIENCE,UNABLE TO DETERMINE,2904,N,CALIFORNIA AVE,1411,,,,,,,2,NO INDICATION OF INJURY,0,0,0,0,0,2,0,8,6,2,41.9340796,-87.69782474,POINT (-87.6978247347 41.934079597815)