CRASH_RECORD_ID,RD_NO,CRASH_DATE_EST_I,CRASH_DATE,POSTED_SPEED_LIMIT,TRAFFIC_CONTROL_DEVICE,DEVICE_CONDITION,WEATHER_CONDITION,LIGHTING_CONDITION,FIRST_CRASH_TYPE,TRAFFICWAY_TYPE,LANE_CNT,ALIGNMENT,ROADWAY_SURFACE_COND,ROAD_DEFECT,REPORT_TYPE,CRASH_TYPE,INTERSECTION_RELATED_I,NOT_RIGHT_OF_WAY_I,HIT_AND_RUN_I,DAMAGE,DATE_POLICE_NOTIFIED,PRIM_CONTRIBUTORY_CAUSE,SEC_CONTRIBUTORY_CAUSE,STREET_NO,STREET_DIRECTION,STREET_NAME,BEAT_OF_OCCURRENCE,PHOTOS_TAKEN_I,STATEMENTS_TAKEN_I,DOORING_I,WORK_ZONE_I,WORK_ZONE_TYPE,WORKERS_PRESENT_I,NUM_UNITS,MOST_SEVERE_INJURY,INJURIES_TOTAL,INJURIES_FATAL,INJURIES_INCAPACITATING,INJURIES_NON_INCAPACITATING,INJURIES_REPORTED_NOT_EVIDENT,INJURIES_NO_INDICATION,INJURIES_UNKNOWN,CRASH_HOUR,CRASH_DAY_OF_WEEK,CRASH_MONTH,LATITUDE,LONGITUDE,LOCATION
0ba2341ca948e40fe0fa42b6519ff4f969f32780af5c75c9904c8d2a79f7aff6bcea66537eb6f9a875baad14c87a3a04a207b1a9adbd38a38002232fb093739a,HZ248893,,5/2/2016 19:20,15,NO CONTROLS,NO CONTROLS,CLEAR,"DARKNESS, LIGHTED ROAD",PARKED MOTOR VEHICLE,PARKING LOT,,STRAIGHT AND LEVEL,DRY,UNKNOWN,NOT ON SCENE (DESK REPORT),NO INJURY / DRIVE AWAY,,Y,Y,"$501 - $1,500",5/2/2016 20:10,UNABLE TO DETERMINE,NOT APPLICABLE,1834,N,MOHAWK ST,1813,,,,,,,2,NO INDICATION OF INJURY,0,0,0,0,0,1,0,19,2,5,41.91568914,-87.64251661,POINT (-87.642516604732 41.915689143253)
0a4d227953fff9d7786201ae7c254652ca2f067678d686632c8c3c3c87dd601f58cc337e1059c1d32d4e7c400ee9aa7fe3ff9a08995c6206ee0a2a8ebbefbc99,JC117452,,1/15/2019 8:45,30,STOP SIGN/FLASHER,FUNCTIONING PROPERLY,CLOUDY/OVERCAST,DAYLIGHT,ANGLE,NOT DIVIDED,2,STRAIGHT AND LEVEL,WET,NO DEFECTS,ON SCENE,NO INJURY / DRIVE AWAY,Y,,,"OVER $1,500",1/15/2019 8:49,FAILING TO YIELD RIGHT-OF-WAY,IMPROPER LANE USAGE,998,E,HYDE PARK BLVD,222,,,,,,,2,NO INDICATION OF INJURY,0,0,0,0,0,3,0,8,3,1,41.80242191,-87.60162671,POINT (-87.601626710196 41.802421906705)
00d455369abb1baa789f8e60df1f8e7e7a2dccf872b4f60540d9be2c9e8b365a61d92e9bddd40f8d6ae5cdea2e2653b9b7a63c05b8ecbe9a47f4e10ac5d7ad04,JA417104,,9/3/2017 0:30,30,NO CONTROLS,NO CONTROLS,CLEAR,"DARKNESS, LIGHTED ROAD",PARKED MOTOR VEHICLE,ONE-WAY,,STRAIGHT AND LEVEL,DRY,UNKNOWN,ON SCENE,NO INJURY / DRIVE AWAY,,,Y,"OVER $1,500",9/3/2017 11:15,UNABLE TO DETERMINE,NOT APPLICABLE,5246,S,KILBOURN AVE,815,,Y,,,,,2,NO INDICATION OF INJURY,0,0,0,0,0,1,0,0,1,9,41.79718465,-87.73567205,POINT (-87.735672052509 41.797184646598)
0a345e96f6b0bc5ab54ce101e3c487d0e64c242b24b2a4cc1f7b391eb8eaf92cc9f82a825b36577da3fc8a9acd3bc9b421091ca51aa3a95f0658917a8c27eaf3,JA275615,,5/23/2017 10:15,30,TRAFFIC SIGNAL,FUNCTIONING PROPERLY,CLEAR,DAYLIGHT,SIDESWIPE SAME DIRECTION,NOT DIVIDED,5,STRAIGHT AND LEVEL,WET,NO DEFECTS,NOT ON SCENE (DESK REPORT),NO INJURY / DRIVE AWAY,,,Y,"$501 - $1,500",5/23/2017 10:40,UNABLE TO DETERMINE,UNABLE TO DETERMINE,3158,W,ROOSEVELT RD,1134,,,,,,,2,NO INDICATION OF INJURY,0,0,0,0,0,2,0,10,3,5,41.8665162,-87.70561177,POINT (-87.705611772637 41.86651619878)
0b8f7ed089d3d87b8b00ae396b73b67834e7bc8951ac228412757c628c5a65c56be06cbf6fac16ae5dedeb28fa5bb8a0024a613402091a117181f865b3acd054,HZ101731,,1/2/2016 15:15,30,UNKNOWN,UNKNOWN,UNKNOWN,UNKNOWN,ANGLE,PARKING LOT,1,STRAIGHT AND LEVEL,UNKNOWN,UNKNOWN,NOT ON SCENE (DESK REPORT),NO INJURY / DRIVE AWAY,,,,"OVER $1,500",1/2/2016 15:40,UNABLE TO DETERMINE,NOT APPLICABLE,5601,W,MONTROSE AVE,1624,,,,,,,2,NO INDICATION OF INJURY,0,0,0,0,0,2,0,15,7,1,41.96037399,-87.76730208,POINT (-87.767302075969 41.960373985481)
00d50d251e12cb2e0eacbb0cc54ffa973a2c286c7396631e04b31ba7b955c4ebf32d9c05f5a5216dae5d2e8f35d6e6ede48d622d9b94f9bee9ec0fdc60461aa6,JE175898,Y,3/22/2021 2:00,30,NO CONTROLS,NO CONTROLS,CLEAR,DARKNESS,PARKED MOTOR VEHICLE,NOT DIVIDED,,STRAIGHT ON GRADE,DRY,NO DEFECTS,ON SCENE,NO INJURY / DRIVE AWAY,,,Y,"OVER $1,500",3/22/2021 7:30,DRIVING SKILLS/KNOWLEDGE/EXPERIENCE,FAILING TO REDUCE SPEED TO AVOID CRASH,5704,S,CAMPBELL AVE,824,,,,,,,3,NO INDICATION OF INJURY,0,0,0,0,0,1,0,2,2,3,41.78997043,-87.6865231,POINT (-87.686523098244 41.789970431758)
02b7106dd39b7d41ae0259811c32b068db388dde8ad67abfd4e4b204a9b482cd88e111e7449c102a3b5907d9cf21e7b967b05cdc7a532dff8cca51b7d68f0e04,HZ349932,,7/15/2016 9:45,15,NO CONTROLS,NO CONTROLS,CLOUDY/OVERCAST,DAYLIGHT,PARKED MOTOR VEHICLE,ALLEY,1,STRAIGHT AND LEVEL,DRY,NO DEFECTS,NOT ON SCENE (DESK REPORT),NO INJURY / DRIVE AWAY,,,,"$501 - $1,500",7/15/2016 11:20,DRIVING SKILLS/KNOWLEDGE/EXPERIENCE,UNABLE TO DETERMINE,2626,W,DEVON AVE,2412,,,,,,,2,NO INDICATION OF INJURY,0,0,0,0,0,1,0,9,6,7,41.99773591,-87.69592888,POINT (-87.695928880488 41.997735909101)
0199e7a9b9fa2cce58ca1b82f1e544429df5fc532aae1a4c481968268a78dd9182b92c8da6f026f468721fa0273ec6f4a1ea3200f41afb0da8e9e6176c575644,JC463070,,10/7/2019 9:30,30,NO CONTROLS,NO CONTROLS,CLEAR,DAYLIGHT,SIDESWIPE SAME DIRECTION,DIVIDED - W/MEDIAN (NOT RAISED),,STRAIGHT AND LEVEL,DRY,NO DEFECTS,NOT ON SCENE (DESK REPORT),NO INJURY / DRIVE AWAY,,,,"OVER $1,500",10/7/2019 10:00,UNABLE TO DETERMINE,UNABLE TO DETERMINE,7035,S,PULASKI RD,833,,,,,,,2,NO INDICATION OF INJURY,0,0,0,0,0,2,0,9,2,10,41.76490324,-87.72226224,POINT (-87.722262236093 41.764903235102)
0115d32e4a06564f15e6a815ba0b624a5819e9a252d0e092926269dc684eade0b578c8d975475fce87d4b81248e20cab5818536e4f7a98bfed35dc2048c924a6,JG315982,,6/25/2023 23:30,35,TRAFFIC SIGNAL,FUNCTIONING PROPERLY,CLEAR,"DARKNESS, LIGHTED ROAD",TURNING,NOT DIVIDED,,STRAIGHT AND LEVEL,DRY,NO DEFECTS,ON SCENE,NO INJURY / DRIVE AWAY,,,,$500 OR LESS,6/25/2023 23:31,UNABLE TO DETERMINE,UNABLE TO DETERMINE,7056,S,KEDZIE AVE,831,,,,,,,2,NO INDICATION OF INJURY,0,0,0,0,0,3,0,23,1,6,41.76449484,-87.70296197,POINT (-87.702961970462 41.764494844045)
0170855b3513a89d237bd2d4d64e68172b78f74330234a98a6cb1e9fc9ebb6f747a177f4bb3e658048f3a96b6d26c15a0046f460555c052f89e46609f89a9207,JC369734,,7/29/2019 13:57,30,NO CONTROLS,NO CONTROLS,CLOUDY/OVERCAST,DAYLIGHT,PARKED MOTOR VEHICLE,NOT DIVIDED,,STRAIGHT AND LEVEL,WET,UNKNOWN,NOT ON SCENE (DESK REPORT),INJURY AND / OR TOW DUE TO CRASH,,,Y,"OVER $1,500",7/29/2019 15:05,IMPROPER BACKING,UNABLE TO DETERMINE,3408,N,SHEFFIELD AVE,1924,,,,,,,2,NO INDICATION OF INJURY,0,0,0,0,0,1,0,13,2,7,41.94386203,-87.65437506,POINT (-87.654375064087 41.943862025881)
05c6222d2f92a5f56a9c74f47e4874f895f31f6c1a1f25ae0e8d49c3c757e127fb695b933ccf4448041710f55615da5b2b87758c9031fd148bbe75630d843411,JG312824,,6/23/2023 15:15,25,NO CONTROLS,NO CONTROLS,CLEAR,DAYLIGHT,SIDESWIPE SAME DIRECTION,DIVIDED - W/MEDIAN BARRIER,,STRAIGHT AND LEVEL,DRY,NO DEFECTS,ON SCENE,NO INJURY / DRIVE AWAY,,,,"OVER $1,500",6/23/2023 15:20,NOT APPLICABLE,NOT APPLICABLE,2200,W,95TH ST,2221,,,,,,,2,NO INDICATION OF INJURY,0,0,0,0,0,2,0,15,6,6,41.72111941,-87.67728282,POINT (-87.677282823239 41.721119413196)
018f2ce58ff4f907e04d2fb0df853de44892b19907b8d7dd4b29ae3cedca71829f86f99358d5bfc54d838baf7348c9df1e1c2c3c07ddab2292d5a2b6195e4a87,JA434383,,9/16/2017 22:15,30,STOP SIGN/FLASHER,FUNCTIONING PROPERLY,CLEAR,"DARKNESS, LIGHTED ROAD",ANGLE,NOT DIVIDED,0,STRAIGHT AND LEVEL,DRY,NO DEFECTS,ON SCENE,INJURY AND / OR TOW DUE TO CRASH,Y,,,"OVER $1,500",9/16/2017 22:16,FAILING TO REDUCE SPEED TO AVOID CRASH,NOT APPLICABLE,7700,S,COTTAGE GROVE AVE,624,,Y,,,,,2,NONINCAPACITATING INJURY,1,0,0,1,0,1,0,22,7,9,41.75483813,-87.60543975,POINT (-87.60543974949 41.754838134157)
04aaa888c94c91f22655925ca9108f94d12a24ed2dc6323f3b04ab2487e1c1f434f1ddd043709d788da91dc3aa3e399d6f1ef84d2db7529b593d959cfca62ef7,JE441351,Y,11/11/2021 8:20,30,TRAFFIC SIGNAL,FUNCTIONING PROPERLY,RAIN,DAWN,TURNING,OTHER,,STRAIGHT AND LEVEL,WET,NO DEFECTS,NOT ON SCENE (DESK REPORT),INJURY AND / OR TOW DUE TO CRASH,,,,"OVER $1,500",11/11/2021 9:00,IMPROPER TURNING/NO SIGNAL,IMPROPER LANE USAGE,5501,S,MICHIGAN AVE,231,,,,,,,2,NO INDICATION OF INJURY,0,0,0,0,0,2,0,8,5,11,41.79429926,-87.62230967,POINT (-87.622309669765 41.794299262858)
07910890eaf447bcf824784a05624904ce924fce78b10388615b745b02604ee302224cf336d2ae40520d6ec916924b3bbbaf8d14311d90b9e3de7f3ab44ad7bf,JD457321,,12/12/2020 16:31,30,STOP SIGN/FLASHER,FUNCTIONING PROPERLY,SNOW,DARKNESS,TURNING,Y-INTERSECTION,,STRAIGHT ON GRADE,WET,NO DEFECTS,ON SCENE,INJURY AND / OR TOW DUE TO CRASH,Y,,,"OVER $1,500",12/12/2020 16:32,UNABLE TO DETERMINE,NOT APPLICABLE,1299,S,SACRAMENTO DR,1022,,,,,,,2,NO INDICATION OF INJURY,0,0,0,0,0,4,0,16,7,12,41.86468253,-87.70208553,POINT (-87.702085532856 41.864682527103)
035b10780fc68bced8082eeefe75762713309b641842dd9b30a33f4fe9f07229aae2c5a2c93f0b694d5fb9a2e3187b749d5a66e7cb5b202aba74a50ba53551fa,JD255067,Y,6/5/2020 18:20,30,UNKNOWN,UNKNOWN,CLEAR,DAYLIGHT,PEDALCYCLIST,T-INTERSECTION,,STRAIGHT AND LEVEL,UNKNOWN,UNKNOWN,ON SCENE,INJURY AND / OR TOW DUE TO CRASH,Y,,N,"OVER $1,500",6/5/2020 19:53,NOT APPLICABLE,NOT APPLICABLE,1229,N,CENTRAL AVE,2532,,,,,,,2,NONINCAPACITATING INJURY,1,0,0,1,0,1,0,18,6,6,41.90300522,-87.76553803,POINT (-87.765538030018 41.903005222561)
05eaf1c494e2704b7b8a0c56c93e3c8a085eb6a93395016fc97a3e08d2c85a6ef6d2a66ee9406ee58dad1fbc44b2038ceeb4b9c9422ff6bf3cbb854364271868,JD364327,,9/11/2020 21:45,25,NO CONTROLS,NO CONTROLS,CLEAR,"DARKNESS, LIGHTED ROAD",PARKED MOTOR VEHICLE,ONE-WAY,,STRAIGHT AND LEVEL,DRY,NO DEFECTS,NOT ON SCENE (DESK REPORT),NO INJURY / DRIVE AWAY,,,,"OVER $1,500",9/11/2020 22:20,UNABLE TO DETERMINE,NOT APPLICABLE,3640,W,61ST PL,823,,,,,,,2,NO INDICATION OF INJURY,0,0,0,0,0,1,0,21,6,9,41.7816258,-87.71474357,POINT (-87.714743568552 41.781625796502)
0530b692112a88a64424469a82502ece530c504b88124a950f08fb02b3d0110b529faab15eefc2548b57c4de6142fb083b4bb2100101450a26a9f9e740386d08,JB476113,,10/15/2018 9:51,30,NO CONTROLS,NO CONTROLS,CLEAR,DAYLIGHT,TURNING,DIVIDED - W/MEDIAN (NOT RAISED),2,STRAIGHT AND LEVEL,DRY,NO DEFECTS,NOT ON SCENE (DESK REPORT),NO INJURY / DRIVE AWAY,,,,"OVER $1,500",10/15/2018 9:51,IMPROPER TURNING/NO SIGNAL,IMPROPER TURNING/NO SIGNAL,1201,E,67TH ST,321,,,,,,,2,NO INDICATION OF INJURY,0,0,0,0,0,2,0,9,2,10,41.77312698,-87.5959626,POINT (-87.595962603495 41.773126978721)
08e4df80dc4b6481dc8cc96be80bb7471f51868d28869498cb910d861a09c9d2cdda846d5b0fc5a108fd70ff94a1dbb8f24cda96dd635bd224718d276494e099,JB139058,,2/2/2018 18:09,15,NO CONTROLS,NO CONTROLS,CLEAR,"DARKNESS, LIGHTED ROAD",PEDESTRIAN,PARKING LOT,0,STRAIGHT AND LEVEL,DRY,NO DEFECTS,ON SCENE,INJURY AND / OR TOW DUE TO CRASH,,Y,,"OVER $1,500",2/2/2018 18:20,NOT APPLICABLE,NOT APPLICABLE,1204,E,53RD ST,234,,,,,,,2,INCAPACITATING INJURY,1,0,1,0,0,1,0,18,6,2,41.79956891,-87.59640075,POINT (-87.596400749828 41.79956891013)
0b212d0252e8580cb71f2946f33ee2ec494de6dce71773668e68feb3d98bbb514a0682dfbc098eb839520ec03053655675c7adf8cbdddc3c57d5ff4c4e87b11b,JF437043,,10/16/2022 17:50,30,TRAFFIC SIGNAL,FUNCTIONING PROPERLY,CLEAR,DUSK,REAR END,NOT DIVIDED,,STRAIGHT AND LEVEL,DRY,UNKNOWN,ON SCENE,NO INJURY / DRIVE AWAY,,,,"OVER $1,500",10/16/2022 17:59,DISTRACTION - FROM INSIDE VEHICLE,NOT APPLICABLE,5218,N,CICERO AVE,1621,,,,,,,2,NO INDICATION OF INJURY,0,0,0,0,0,2,0,17,1,10,41.9759112,-87.74816344,POINT (-87.748163444016 41.975911200091)
0a42f4d94f55a9322566cf6b5f1795d53ed4a24fedfcea9277d59df0fa16900b2d62198b027cead7a49e1bed810ecbc6c680050b183ccb23e8cc361eced6198f,HY533406,,12/11/2015 14:30,10,NO CONTROLS,NO CONTROLS,CLEAR,DAYLIGHT,REAR END,OTHER,,STRAIGHT AND LEVEL,DRY,NO DEFECTS,NOT ON SCENE (DESK REPORT),NO INJURY / DRIVE AWAY,,N,,$500 OR LESS,12/11/2015 17:21,NOT APPLICABLE,NOT APPLICABLE,3021,W,CARROLL AVE,1222,,,,,,,2,NO INDICATION OF INJURY,0,0,0,0,0,3,0,14,6,12,41.88746153,-87.7021614,POINT (-87.702161401462 41.887461530495)
013004d27acbd2917747cf4725171c6a2cb63f661eb8e6524c123535a24502e9f3683310ac1961f85f549fba6cd24d1b54cee06dcdc965e3c0a9fbc6abe5c5fe,JA406253,,8/25/2017 20:00,30,STOP SIGN/FLASHER,FUNCTIONING PROPERLY,CLEAR,DARKNESS,ANGLE,NOT DIVIDED,,STRAIGHT AND LEVEL,DRY,NO DEFECTS,ON SCENE,INJURY AND / OR TOW DUE TO CRASH,Y,,,"OVER $1,500",8/25/2017 20:01,FAILING TO YIELD RIGHT-OF-WAY,UNABLE TO DETERMINE,632,W,35TH ST,915,,,,,,,2,NO INDICATION OF INJURY,0,0,0,0,0,2,0,20,6,8,41.83090888,-87.64251887,POINT (-87.642518868866 41.830908878634)
0c0498f691c615930cabac3830cbd3597fd3a605f8ead4505ba3508025ce18e72688e1179764c3ab13516f3d950e143a61eee1cd4c9601e8ea52bf48bd8bad0c,JE378379,,9/17/2021 16:56,30,NO CONTROLS,NO CONTROLS,CLEAR,DAYLIGHT,SIDESWIPE SAME DIRECTION,NOT DIVIDED,,STRAIGHT AND LEVEL,DRY,NO DEFECTS,NOT ON SCENE (DESK REPORT),NO INJURY / DRIVE AWAY,,,Y,"$501 - $1,500",9/18/2021 12:38,IMPROPER LANE USAGE,NOT APPLICABLE,6600,S,KEDZIE AVE,831,,,,,,,2,NO INDICATION OF INJURY,0,0,0,0,0,2,0,16,6,9,41.77345339,-87.70315684,POINT (-87.703156834596 41.77345338842)
034f6325621d1de8046d36923b8c760d2d049f1041296fa466537a2c469811cc001022d252d6ac3859f736643d1204833da0b58fea011eeb84cd8b209fd8f46b,JA520784,,11/21/2017 17:35,30,STOP SIGN/FLASHER,FUNCTIONING PROPERLY,CLEAR,"DARKNESS, LIGHTED ROAD",ANGLE,PARKING LOT,,STRAIGHT AND LEVEL,DRY,NO DEFECTS,NOT ON SCENE (DESK REPORT),NO INJURY / DRIVE AWAY,,Y,,"OVER $1,500",11/21/2017 18:10,UNABLE TO DETERMINE,NOT APPLICABLE,1420,S,ASHLAND AVE,1233,,,,,,,2,NO INDICATION OF INJURY,0,0,0,0,0,2,0,17,3,11,41.86267508,-87.66642668,POINT (-87.666426683773 41.862675075186)
095519623564804ca71414c1a6c382ccf83ea107ce03e1a2eee22f71db6f360d22c916b6ecbaf809acc7d036a746183d870ca5a32e3138de55619877c9fe54fc,JC374558,,8/1/2019 21:03,30,STOP SIGN/FLASHER,FUNCTIONING PROPERLY,CLEAR,"DARKNESS, LIGHTED ROAD",ANGLE,FOUR WAY,,STRAIGHT AND LEVEL,DRY,NO DEFECTS,ON SCENE,INJURY AND / OR TOW DUE TO CRASH,Y,,,"OVER $1,500",8/1/2019 21:03,DISREGARDING STOP SIGN,FAILING TO REDUCE SPEED TO AVOID CRASH,600,E,64TH ST,312,,,,,,,2,"REPORTED, NOT EVIDENT",1,0,0,0,1,1,0,21,5,8,41.77861859,-87.61070179,POINT (-87.610701793223 41.778618592641)
04e4b09beb1714bec6ffac1bf49a9e9f18165fad4d23bb64cd69a24aa5c764bac0c8bf4099dbe7675806aa17ac00c74ab02a78d7124045595373845d79f8c9c3,JG133487,,1/29/2023 7:00,30,NO CONTROLS,NO CONTROLS,CLEAR,DAYLIGHT,PARKED MOTOR VEHICLE,DIVIDED - W/MEDIAN (NOT RAISED),,STRAIGHT AND LEVEL,SNOW OR SLUSH,NO DEFECTS,NOT ON SCENE (DESK REPORT),INJURY AND / OR TOW DUE TO CRASH,,,,"OVER $1,500",1/29/2023 8:00,WEATHER,UNABLE TO DETERMINE,5680,N,NORTHWEST HWY,1622,,,,,,,2,NONINCAPACITATING INJURY,1,0,0,1,0,0,0,7,1,1,41.98469551,-87.78568964,POINT (-87.785689643739 41.984695508583)
0a2fb250fdc3a34199de1a2a771f5c1556bb119a67d2a1855a91be6d03f74bee05dcb479d981b41743df2b98dbadd42a90407e735b0c9aba02b54b533ea61ad6,JD324247,,8/7/2020 18:10,30,TRAFFIC SIGNAL,FUNCTIONING IMPROPERLY,CLEAR,DAWN,TURNING,UNKNOWN INTERSECTION TYPE,,STRAIGHT AND LEVEL,DRY,NO DEFECTS,ON SCENE,INJURY AND / OR TOW DUE TO CRASH,Y,,,"OVER $1,500",8/7/2020 18:13,FAILING TO YIELD RIGHT-OF-WAY,UNABLE TO DETERMINE,29,W,75TH ST,623,,,,,,,2,NONINCAPACITATING INJURY,1,0,0,1,0,3,0,18,6,8,41.75805746,-87.62591262,POINT (-87.625912616359 41.758057462068)
004570a884c2bac6f60507bb13273530fb738e27ab3a0bff483b9e4fae35ba2e406f813c43d8e1a9bb274b616c7f79ad3de6a2c51bd8cb4182912e9586885e8c,JF132495,,2/3/2022 10:00,20,NO CONTROLS,NO CONTROLS,CLEAR,DAYLIGHT,TURNING,DIVIDED - W/MEDIAN BARRIER,,STRAIGHT AND LEVEL,SNOW OR SLUSH,NO DEFECTS,NOT ON SCENE (DESK REPORT),NO INJURY / DRIVE AWAY,,,,"OVER $1,500",2/3/2022 10:08,WEATHER,UNABLE TO DETERMINE,4429,W,CORTLAND ST,2533,,,,,,,2,NO INDICATION OF INJURY,0,0,0,0,0,2,0,10,5,2,41.91510464,-87.73743547,POINT (-87.737435468658 41.915104642982)
016901dcc27f655d8035c81187a20e983c3b32768fa575433603a3c75438d69f14506974ea0a30503f691b7a3c16df1f5519f19780aa5b09d0a771a64931adda,JD146695,Y,2/10/2020 12:45,30,STOP SIGN/FLASHER,FUNCTIONING PROPERLY,CLEAR,DAYLIGHT,ANGLE,FOUR WAY,,STRAIGHT AND LEVEL,DRY,NO DEFECTS,ON SCENE,NO INJURY / DRIVE AWAY,Y,,,"OVER $1,500",2/10/2020 12:48,FAILING TO YIELD RIGHT-OF-WAY,NOT APPLICABLE,5601,N,AVONDALE AVE,1622,,,,,,,2,NO INDICATION OF INJURY,0,0,0,0,0,3,0,12,2,2,41.98306309,-87.78408194,POINT (-87.784081943797 41.983063085428)
020b3559719a591acc9a1e560f73d76f65e65f42c19a64fb7ee1756db50940004ec74a9b91b1f41b7e666fe07ce20c070a99f85bc300669729980b6fd9903099,JE327731,Y,8/5/2021 23:25,30,NO CONTROLS,NO CONTROLS,CLEAR,"DARKNESS, LIGHTED ROAD",FIXED OBJECT,DIVIDED - W/MEDIAN (NOT RAISED),,STRAIGHT AND LEVEL,DRY,NO DEFECTS,ON SCENE,INJURY AND / OR TOW DUE TO CRASH,,,,"OVER $1,500",8/5/2021 23:28,DISTRACTION - FROM INSIDE VEHICLE,UNABLE TO DETERMINE,1359,S,INDEPENDENCE BLVD,1011,,,,,,,1,NONINCAPACITATING INJURY,2,0,0,2,0,0,0,23,5,8,41.86261329,-87.72018969,POINT (-87.720189686895 41.862613288677)
01901007facdca875666ab08b2fdf666319d197b4561e3a632e620a9925bc15af583fa1b0312cafcb1c0e76ca5a88545d9210a32a0b37516b6f33d5261edc560,JD225759,,5/6/2020 14:52,30,TRAFFIC SIGNAL,FUNCTIONING PROPERLY,CLEAR,DAYLIGHT,TURNING,ONE-WAY,,STRAIGHT AND LEVEL,DRY,NO DEFECTS,ON SCENE,INJURY AND / OR TOW DUE TO CRASH,Y,,,"OVER $1,500",5/6/2020 15:02,IMPROPER TURNING/NO SIGNAL,IMPROPER LANE USAGE,140,W,OHIO ST,1832,,,,,,,2,NO INDICATION OF INJURY,0,0,0,0,0,2,0,14,4,5,41.89251708,-87.6326842,POINT (-87.632684197901 41.892517078168)
0574b8b20ea83c633793ec4ec7925ac753bfbd661700c3de9b8eeefe6ed8e9042e0f8553e2ba5d7582a729d9a49b28af7b8f08fbfc4cc5a2553b3975f540c100,JF333031,,7/27/2022 1:09,30,NO CONTROLS,NO CONTROLS,CLEAR,"DARKNESS, LIGHTED ROAD",PARKED MOTOR VEHICLE,ONE-WAY,,STRAIGHT AND LEVEL,DRY,NO DEFECTS,ON SCENE,INJURY AND / OR TOW DUE TO CRASH,,,,"OVER $1,500",7/27/2022 1:13,UNABLE TO DETERMINE,UNABLE TO DETERMINE,10641,S,HOXIE AVE,434,,,,,,,3,NO INDICATION OF INJURY,0,0,0,0,0,1,0,1,4,7,41.70156346,-87.56064622,POINT (-87.560646217513 41.701563461875)
0693ddd29c904ed0db17ded8539ab33a2e9e6516afb7692ad5d83d2b81a150847682a4db0ccde6ea692b495d85d8b960484e65d9b27bb63f49eec8d8c3fa6505,JA300658,,6/9/2017 16:15,15,NO CONTROLS,NO CONTROLS,CLEAR,DAYLIGHT,SIDESWIPE SAME DIRECTION,ONE-WAY,1,STRAIGHT AND LEVEL,DRY,NO DEFECTS,NOT ON SCENE (DESK REPORT),NO INJURY / DRIVE AWAY,,,Y,"OVER $1,500",6/10/2017 11:45,FAILING TO REDUCE SPEED TO AVOID CRASH,FAILING TO REDUCE SPEED TO AVOID CRASH,2107,S,KOSTNER AVE,1012,,,,,,,2,NO INDICATION OF INJURY,0,0,0,0,0,2,0,16,6,6,41.85311172,-87.73440816,POINT (-87.734408156287 41.853111716993)
0363e8b2dce1347f4505dcd6c464ac9ccbc5497a9b70a73fce44b5f67bd6394273794f5ce755ce539642cc98692d4cda0e562b3591bbb90f8b33c1560f20ab0e,HZ512808,,11/12/2016 15:05,30,NO CONTROLS,NO CONTROLS,CLEAR,DAYLIGHT,SIDESWIPE SAME DIRECTION,DIVIDED - W/MEDIAN (NOT RAISED),2,STRAIGHT AND LEVEL,DRY,NO DEFECTS,NOT ON SCENE (DESK REPORT),NO INJURY / DRIVE AWAY,,,,"OVER $1,500",11/12/2016 15:30,UNABLE TO DETERMINE,NOT APPLICABLE,4400,W,LAWRENCE AVE,1712,,,,,,,2,NO INDICATION OF INJURY,0,0,0,0,0,2,0,15,7,11,41.96824277,-87.73796878,POINT (-87.737968778247 41.968242773953)
0c6e0d665f160885b2154b06469d23dd4b66e8e0b1a288cf793446fbe9afd47c7fcdbeeeffd30cc8b56e6a2340f35d0347ef49809e3f912d93e6a3b19180fc90,HZ531584,,11/28/2016 7:40,30,TRAFFIC SIGNAL,FUNCTIONING PROPERLY,CLOUDY/OVERCAST,DAYLIGHT,ANGLE,NOT DIVIDED,4,STRAIGHT AND LEVEL,WET,NO DEFECTS,NOT ON SCENE (DESK REPORT),NO INJURY / DRIVE AWAY,,,Y,"$501 - $1,500",11/28/2016 8:15,FAILING TO YIELD RIGHT-OF-WAY,NOT APPLICABLE,3801,W,ROOSEVELT RD,1011,,,,,,,2,NO INDICATION OF INJURY,0,0,0,0,0,2,0,7,2,11,41.86612909,-87.72019028,POINT (-87.720190278683 41.866129089066)
0a1a4870775d79820c4b684c36109f50297e62c9c8653cad1d885928db84b4349bee353d33aa72d9aa1cfeffa3ae68a9a2f4d30779eacfab6758282b1ae470c0,JA285721,Y,5/30/2017 19:33,30,NO CONTROLS,NO CONTROLS,CLEAR,DAYLIGHT,SIDESWIPE SAME DIRECTION,NOT DIVIDED,3,STRAIGHT AND LEVEL,DRY,NO DEFECTS,NOT ON SCENE (DESK REPORT),NO INJURY / DRIVE AWAY,,,,"$501 - $1,500",5/30/2017 20:15,IMPROPER OVERTAKING/PASSING,NOT APPLICABLE,225,S,CANAL ST,121,,,,,,,2,NO INDICATION OF INJURY,0,0,0,0,0,2,0,19,3,5,41.87853128,-87.63942746,POINT (-87.639427459627 41.878531278354)