CRASH_RECORD_ID,RD_NO,CRASH_DATE_EST_I,CRASH_DATE,POSTED_SPEED_LIMIT,TRAFFIC_CONTROL_DEVICE,DEVICE_CONDITION,WEATHER_CONDITION,LIGHTING_CONDITION,FIRST_CRASH_TYPE,TRAFFICWAY_TYPE,LANE_CNT,ALIGNMENT,ROADWAY_SURFACE_COND,ROAD_DEFECT,REPORT_TYPE,CRASH_TYPE,INTERSECTION_RELATED_I,NOT_RIGHT_OF_WAY_I,HIT_AND_RUN_I,DAMAGE,DATE_POLICE_NOTIFIED,PRIM_CONTRIBUTORY_CAUSE,SEC_CONTRIBUTORY_CAUSE,STREET_NO,STREET_DIRECTION,STREET_NAME,BEAT_OF_OCCURRENCE,PHOTOS_TAKEN_I,STATEMENTS_TAKEN_I,DOORING_I,WORK_ZONE_I,WORK_ZONE_TYPE,WORKERS_PRESENT_I,NUM_UNITS,MOST_SEVERE_INJURY,INJURIES_TOTAL,INJURIES_FATAL,INJURIES_INCAPACITATING,INJURIES_NON_INCAPACITATING,INJURIES_REPORTED_NOT_EVIDENT,INJURIES_NO_INDICATION,INJURIES_UNKNOWN,CRASH_HOUR,CRASH_DAY_OF_WEEK,CRASH_MONTH,LATITUDE,LONGITUDE,LOCATION
0549c67017dd49779a5ca8d634c155d9a5f8ac4a669659d9439a4e5b88eb213c2fab0b8a49ed68cc8b8cdb4aca0493159d1187a39fc0b577170b05582a9c7ce4,HZ112472,,1/11/2016 20:30,30,NO CONTROLS,NO CONTROLS,SNOW,"DARKNESS, LIGHTED ROAD",PARKED MOTOR VEHICLE,DIVIDED - W/MEDIAN (NOT RAISED),2,STRAIGHT AND LEVEL,SNOW OR SLUSH,WORN SURFACE,NOT ON SCENE (DESK REPORT),NO INJURY / DRIVE AWAY,,,Y,"$501 - $1,500",1/12/2016 3:30,IMPROPER LANE USAGE,DRIVING SKILLS/KNOWLEDGE/EXPERIENCE,2215,W,HOWARD ST,2411,,,,,,,3,NO INDICATION OF INJURY,0,0,0,0,0,1,0,20,2,1,42.01938479,-87.68530596,POINT (-87.685305956217 42.019384789233)
0a36697b8f067839d46b3b478b3d4118599ab6829e60ebc85ac4127162a91fe2914941e08b76db16ec84446752eebda3ced8ba086eb93710bc5a10a51c9f7d75,JF325639,,7/20/2022 12:50,30,TRAFFIC SIGNAL,FUNCTIONING PROPERLY,CLEAR,DAYLIGHT,TURNING,DIVIDED - W/MEDIAN BARRIER,,STRAIGHT AND LEVEL,DRY,NO DEFECTS,NOT ON SCENE (DESK REPORT),NO INJURY / DRIVE AWAY,Y,,,"OVER $1,500",7/21/2022 8:15,DISREGARDING TRAFFIC SIGNALS,NOT APPLICABLE,398,E,ROOSEVELT DR,114,,,,,,,2,NO INDICATION OF INJURY,0,0,0,0,0,2,0,12,4,7,41.86759001,-87.61880824,POINT (-87.618808242223 41.86759001246)
03b0b142e18b62fddfcebe38cad928fafe94e9bed3fe38e0edd6224582e4147ffd6a9412965fc310302e3beef8a32a20a92a8013f6901d7f7885fd08301fb60d,JC503454,,11/8/2019 16:50,30,STOP SIGN/FLASHER,FUNCTIONING PROPERLY,CLEAR,DUSK,REAR END,DIVIDED - W/MEDIAN (NOT RAISED),,STRAIGHT AND LEVEL,DRY,UNKNOWN,NOT ON SCENE (DESK REPORT),NO INJURY / DRIVE AWAY,Y,,,"OVER $1,500",11/8/2019 17:10,FOLLOWING TOO CLOSELY,UNABLE TO DETERMINE,533,E,76TH ST,624,,,,,,,2,NO INDICATION OF INJURY,0,0,0,0,0,2,0,16,6,11,41.75653935,-87.61135903,POINT (-87.611359034095 41.756539351084)
0c27b2e4ac10792cf1e3ba93e2fca9feb3e424fcdf40bc20be85d46cad7adf61b4b4ae4d126dd1d8458f94602939b3f41e76d8fef13991bb5a9c11746127200d,JG316040,,6/25/2023 23:44,25,NO CONTROLS,OTHER,CLEAR,"DARKNESS, LIGHTED ROAD",PARKED MOTOR VEHICLE,ONE-WAY,,STRAIGHT AND LEVEL,DRY,NO DEFECTS,ON SCENE,INJURY AND / OR TOW DUE TO CRASH,,,,"OVER $1,500",6/26/2023 0:09,UNABLE TO DETERMINE,UNABLE TO DETERMINE,1423,N,KEELER AVE,2534,,,,,,,3,NO INDICATION OF INJURY,0,0,0,0,0,1,0,23,1,6,41.90688891,-87.73117857,POINT (-87.731178565769 41.90688891433)
00d82f3789406992a881694cd1a0a9b72d15cabc93af30b82465f44eb79bcc97a8963639e6bbbab25b37833e811f3476935ba6013a88b051759a618ed726a719,JC282804,,5/29/2019 6:07,30,NO CONTROLS,NO CONTROLS,CLEAR,DAYLIGHT,REAR TO FRONT,NOT DIVIDED,,STRAIGHT AND LEVEL,WET,UNKNOWN,ON SCENE,NO INJURY / DRIVE AWAY,,,Y,"OVER $1,500",5/29/2019 6:18,UNABLE TO DETERMINE,UNABLE TO DETERMINE,3116,W,GRACE ST,1733,,,,,,,2,NO INDICATION OF INJURY,0,0,0,0,0,2,0,6,4,5,41.95039918,-87.70621196,POINT (-87.706211960884 41.950399177368)
03a3cdeebf70e9a7891df7bc539ee395995a043472c907f6e17495b8573f751a79cc99df625c8025388a61eb38e3629837b0d2e59b1a2363b011455569ffa921,JB276771,,5/24/2018 14:58,30,TRAFFIC SIGNAL,FUNCTIONING PROPERLY,CLEAR,DAYLIGHT,REAR END,DIVIDED - W/MEDIAN BARRIER,6,STRAIGHT AND LEVEL,DRY,NO DEFECTS,ON SCENE,NO INJURY / DRIVE AWAY,,,,"$501 - $1,500",5/24/2018 14:59,FAILING TO REDUCE SPEED TO AVOID CRASH,DISTRACTION - FROM OUTSIDE VEHICLE,10498,S,INDIANAPOLIS AVE,432,,,,,,,2,NO INDICATION OF INJURY,0,0,0,0,0,3,0,14,5,5,41.7045245,-87.52663541,POINT (-87.526635407367 41.704524499921)
060dba92d98a75a6b6379cc2b3f497e25735afa2f5250d94e8c4dcba48d6e10d73b8781df919df4cf506bd0943e82c9707f414bbec896ada591c8b2b97c5bf80,JD240557,,5/23/2020 14:24,35,TRAFFIC SIGNAL,FUNCTIONING PROPERLY,CLEAR,DAYLIGHT,REAR END,DIVIDED - W/MEDIAN (NOT RAISED),,STRAIGHT AND LEVEL,DRY,NO DEFECTS,NOT ON SCENE (DESK REPORT),NO INJURY / DRIVE AWAY,,,,"$501 - $1,500",5/23/2020 16:10,UNABLE TO DETERMINE,UNABLE TO DETERMINE,3920,W,OGDEN AVE,1014,,,,,,,2,NO INDICATION OF INJURY,0,0,0,0,0,2,0,14,7,5,41.85181666,-87.72320218,POINT (-87.723202175463 41.851816655566)
0a269e6a7463b2356b85deb7c882a6364a129713fb0ac8684ecdc7fb792f1041eddb7e4dd8b035ee6252c90ec858646111ce71f94f61ee64032356594f6e4901,HY453709,,10/8/2015 2:44,30,NO CONTROLS,NO CONTROLS,CLEAR,"DARKNESS, LIGHTED ROAD",PARKED MOTOR VEHICLE,NOT DIVIDED,2,STRAIGHT AND LEVEL,DRY,NO DEFECTS,ON SCENE,INJURY AND / OR TOW DUE TO CRASH,,,,"OVER $1,500",10/8/2015 2:48,UNABLE TO DETERMINE,UNABLE TO DETERMINE,2625,N,OAK PARK AVE,2512,,,,,,,3,NO INDICATION OF INJURY,0,0,0,0,0,1,0,2,5,10,41.92801136,-87.79523153,POINT (-87.795231530616 41.928011362467)
000ad0fe31584d916fe19d35482fee9661c255e7205376599a59f450b1860b598ed4e507310cdc6fefc968e7c4a9ca1621c05e9f3c22c4f0d364f073eda996b6,HZ557504,,12/19/2016 16:05,30,NO CONTROLS,NO CONTROLS,CLEAR,DUSK,SIDESWIPE SAME DIRECTION,NOT DIVIDED,2,STRAIGHT AND LEVEL,DRY,NO DEFECTS,ON SCENE,INJURY AND / OR TOW DUE TO CRASH,,,,$500 OR LESS,12/19/2016 16:11,DISTRACTION - FROM INSIDE VEHICLE,NOT APPLICABLE,6504,S,HALSTED ST,723,,,,,,,2,"REPORTED, NOT EVIDENT",1,0,0,0,1,1,0,16,2,12,41.77597006,-87.64488916,POINT (-87.644889162611 41.775970062476)
00d7d40265621493f84fc91b22a08c14ff867dfdd0b509c7e206b8805290c86930d7b4ff0cb70b676c7d712d749481d12f1f8d215789bdddc1db0a33f56d9931,JD112501,,1/11/2020 18:15,15,OTHER,OTHER,SNOW,DARKNESS,REAR TO SIDE,PARKING LOT,,STRAIGHT AND LEVEL,SNOW OR SLUSH,NO DEFECTS,NOT ON SCENE (DESK REPORT),NO INJURY / DRIVE AWAY,,,,"$501 - $1,500",1/11/2020 20:07,PHYSICAL CONDITION OF DRIVER,NOT APPLICABLE,1533,E,67TH ST,332,,,,,,,2,NO INDICATION OF INJURY,0,0,0,0,0,2,0,18,7,1,41.77321255,-87.58741375,POINT (-87.58741375167 41.773212548669)
031f03e7e3fa3ccabf5dd4f04ddd9252ba253463cc8f4959d872f1f151552cf4c44540401eea01891eba90c2dd98cce31f0669b80d7fc4745214a3bb3d0e5cc1,JF250415,,5/21/2022 11:10,30,TRAFFIC SIGNAL,FUNCTIONING PROPERLY,RAIN,DAYLIGHT,REAR END,DIVIDED - W/MEDIAN (NOT RAISED),,STRAIGHT AND LEVEL,WET,NO DEFECTS,NOT ON SCENE (DESK REPORT),NO INJURY / DRIVE AWAY,,,,"$501 - $1,500",5/21/2022 11:20,FOLLOWING TOO CLOSELY,FAILING TO REDUCE SPEED TO AVOID CRASH,10656,S,WESTERN AVE,2211,,,,,,,2,NO INDICATION OF INJURY,0,0,0,0,0,2,0,11,7,5,41.69922429,-87.68153908,POINT (-87.68153908173 41.699224288837)
0112b7d8b6db48d96c4c869ca4b2ad1bb2655adb64e239c4debe48712c09b5c30789f162ca68ff01cab7ce10a4cef35cfc4febd79e2efb1848253ed6d0809f94,JF107975,,1/9/2022 18:05,30,TRAFFIC SIGNAL,FUNCTIONING PROPERLY,CLEAR,"DARKNESS, LIGHTED ROAD",FIXED OBJECT,FOUR WAY,,STRAIGHT AND LEVEL,DRY,NO DEFECTS,ON SCENE,INJURY AND / OR TOW DUE TO CRASH,Y,,,"OVER $1,500",1/9/2022 18:15,UNABLE TO DETERMINE,NOT APPLICABLE,199,N,WACKER DR,122,,,,,,,1,NO INDICATION OF INJURY,0,0,0,0,0,1,0,18,1,1,41.8856955,-87.63668072,POINT (-87.636680716526 41.885695503017)
08e09a354e2cd879cc527ee58a13bf07b7a063d4b02ee382f1cea334028c09b73640e99bc5703b0e5283b55421b1d2c119aa00be8d1de8e6f1ffa389f91e55d7,JA130344,,1/26/2017 8:55,30,NO CONTROLS,NO CONTROLS,RAIN,DAYLIGHT,REAR END,DIVIDED - W/MEDIAN (NOT RAISED),4,STRAIGHT AND LEVEL,WET,NO DEFECTS,NOT ON SCENE (DESK REPORT),NO INJURY / DRIVE AWAY,,,,"$501 - $1,500",1/26/2017 9:10,FOLLOWING TOO CLOSELY,FOLLOWING TOO CLOSELY,613,W,ROOSEVELT RD,124,,,,,,,2,NO INDICATION OF INJURY,0,0,0,0,0,2,0,8,5,1,41.86710278,-87.64270079,POINT (-87.642700793925 41.867102778419)
00c220e72b7a1a7aad24003e047fd197c04e8927b3dc6772861d2322da731b78ecc4fc04b6deaa445616bab3198dc25be991194a64cb543a9b6bc18c874f5312,JC494442,,11/1/2019 11:01,30,STOP SIGN/FLASHER,OTHER,CLEAR,DAYLIGHT,ANGLE,NOT DIVIDED,,STRAIGHT AND LEVEL,DRY,NO DEFECTS,ON SCENE,INJURY AND / OR TOW DUE TO CRASH,,,,"$501 - $1,500",11/1/2019 11:36,FAILING TO YIELD RIGHT-OF-WAY,NOT APPLICABLE,7600,S,CHAPPEL AVE,414,,,,,,,2,NO INDICATION OF INJURY,0,0,0,0,0,3,0,11,6,11,41.7569808,-87.57502464,POINT (-87.575024642837 41.7569808015)
01afb9f917ea27ed5cc5e6033261dd0edc3500884d82572c22172d0e93f95339865b3426add1e2d2a6ae1da72183e11fc82d40da0c90a49fad84c2ffa8948ee6,JE353065,,8/28/2021 11:07,15,NO CONTROLS,NO CONTROLS,CLEAR,DAYLIGHT,PARKED MOTOR VEHICLE,PARKING LOT,,STRAIGHT AND LEVEL,DRY,NO DEFECTS,NOT ON SCENE (DESK REPORT),NO INJURY / DRIVE AWAY,,,Y,"$501 - $1,500",8/28/2021 13:20,UNABLE TO DETERMINE,UNABLE TO DETERMINE,5401,S,WENTWORTH AVE,225,,,,,,,2,NO INDICATION OF INJURY,0,0,0,0,0,1,0,11,7,8,41.79623488,-87.63040492,POINT (-87.630404924387 41.796234875219)
080c6a09456ddea72b6ead2c7c00558c10b93516b22933966b77c8bbe7cf3fd80552af68bf2d6f7597bfb635ba6a6f2372616f6d6b024fad47bc998472b3f956,JF446220,,10/23/2022 17:25,30,NO CONTROLS,NO CONTROLS,CLEAR,DAYLIGHT,FIXED OBJECT,PARKING LOT,,STRAIGHT AND LEVEL,DRY,NO DEFECTS,ON SCENE,NO INJURY / DRIVE AWAY,,Y,Y,"OVER $1,500",10/23/2022 17:30,"OPERATING VEHICLE IN ERRATIC, RECKLESS, CARELESS, NEGLIGENT OR AGGRESSIVE MANNER",FAILING TO REDUCE SPEED TO AVOID CRASH,9902,S,VINCENNES AVE,2213,,,,,,,2,NO INDICATION OF INJURY,0,0,0,0,0,3,0,17,1,10,41.71392807,-87.65353197,POINT (-87.65353196959 41.713928065475)
08d31c3f1cd4084627e3ec6d21971f1436681d163aa70f2b19f6013b8249d943ae14e7664e4fa74b040094e59c71127321076d511870c17efa16ce3f16cf95df,JE294139,,7/8/2021 2:20,30,NO CONTROLS,NO CONTROLS,CLEAR,"DARKNESS, LIGHTED ROAD",FIXED OBJECT,DIVIDED - W/MEDIAN BARRIER,,STRAIGHT AND LEVEL,DRY,NO DEFECTS,ON SCENE,INJURY AND / OR TOW DUE TO CRASH,,Y,,"OVER $1,500",7/8/2021 2:27,UNDER THE INFLUENCE OF ALCOHOL/DRUGS (USE WHEN ARREST IS EFFECTED),FAILING TO REDUCE SPEED TO AVOID CRASH,1658,W,HARRISON ST,1231,,,,,,,1,NO INDICATION OF INJURY,0,0,0,0,0,1,0,2,5,7,41.87427103,-87.66895564,POINT (-87.668955641864 41.874271028475)
09e7f66f55a5069514682cd3a9f5b4511f4b7fa41c81302a8bc0918aec3f302d6563f0aa5f6af238d32d9299c8cc6e8fd3b43c6a9a2ab96ff56cee86f87b7f26,JB286272,,5/31/2018 9:05,30,TRAFFIC SIGNAL,UNKNOWN,CLEAR,DAYLIGHT,TURNING,ONE-WAY,4,STRAIGHT AND LEVEL,DRY,UNKNOWN,ON SCENE,NO INJURY / DRIVE AWAY,Y,,,"OVER $1,500",5/31/2018 9:07,IMPROPER TURNING/NO SIGNAL,UNABLE TO DETERMINE,732,S,CICERO AVE,1533,,,,,,,2,NO INDICATION OF INJURY,0,0,0,0,0,3,0,9,5,5,41.87119633,-87.74507247,POINT (-87.745072465564 41.871196327219)
044a959cae7e4137f0621a5cf3692a1ed97e8db74f8ca44d3f91bee88a5e438268cefbf9786b1e35c28dbafa6005497992c4353cc71a1bbebf3f3146d1e6e714,JE431561,,11/2/2021 15:45,35,NO CONTROLS,NO CONTROLS,CLEAR,DAYLIGHT,SIDESWIPE SAME DIRECTION,DIVIDED - W/MEDIAN (NOT RAISED),,STRAIGHT AND LEVEL,DRY,NO DEFECTS,ON SCENE,NO INJURY / DRIVE AWAY,,,,"OVER $1,500",11/2/2021 15:50,IMPROPER BACKING,UNABLE TO DETERMINE,5645,W,FULLERTON AVE,2515,,,,,,,2,NO INDICATION OF INJURY,0,0,0,0,0,2,0,15,3,11,41.92384267,-87.76781104,POINT (-87.767811043224 41.923842674214)
0c17c21564546c15ff98cd3e1f5eab4780deae77f4e141d42c91caca1f1556657b464f17b2f7cd723f4cd54e1346ad3941bd42e6a5b7ac97c3fda793e06c0c42,JC252440,,5/6/2019 15:20,30,NO CONTROLS,NO CONTROLS,CLEAR,DAYLIGHT,PARKED MOTOR VEHICLE,ALLEY,,STRAIGHT AND LEVEL,DRY,NO DEFECTS,ON SCENE,NO INJURY / DRIVE AWAY,,,,"$501 - $1,500",5/6/2019 17:25,UNABLE TO DETERMINE,NOT APPLICABLE,1800,E,92ND ST,413,,,,,,,2,NO INDICATION OF INJURY,0,0,0,0,0,2,0,15,2,5,41.7279851,-87.5803043,POINT (-87.580304302842 41.727985098878)
0bb4a3dde2def17a06db91891d5ccf867aab5c73f561f8bfed6ba15269e2301bcf26cf284b14eee3a3d06157bbe0d9e24439c338247c8e071c7edf27485cdd95,JD210324,,4/16/2020 15:01,30,NO CONTROLS,NO CONTROLS,CLEAR,DAYLIGHT,PARKED MOTOR VEHICLE,NOT DIVIDED,,STRAIGHT AND LEVEL,DRY,WORN SURFACE,ON SCENE,INJURY AND / OR TOW DUE TO CRASH,,,,"OVER $1,500",4/16/2020 15:01,EQUIPMENT - VEHICLE CONDITION,FAILING TO REDUCE SPEED TO AVOID CRASH,5424,N,WESTERN AVE,2011,,,,,,,5,"REPORTED, NOT EVIDENT",1,0,0,0,1,2,0,15,5,4,41.98028175,-87.68946996,POINT (-87.689469959997 41.980281749392)
01f546f19c1a9af44d1cfd4d426ecf7b031e9ce0f0ee84bb30fe3e28fbf1356b9fb6a4846e00f395b43839e989cdcea1f87c9db8290b28d12c509ad461641cd9,JF275533,,6/10/2022 23:00,30,TRAFFIC SIGNAL,FUNCTIONING PROPERLY,CLEAR,"DARKNESS, LIGHTED ROAD",REAR END,NOT DIVIDED,,STRAIGHT AND LEVEL,DRY,NO DEFECTS,NOT ON SCENE (DESK REPORT),NO INJURY / DRIVE AWAY,Y,,Y,"OVER $1,500",6/11/2022 10:30,FAILING TO REDUCE SPEED TO AVOID CRASH,FOLLOWING TOO CLOSELY,1602,N,HALSTED ST,1813,,,,,,,3,NO INDICATION OF INJURY,0,0,0,0,0,3,0,23,6,6,41.91100952,-87.64842067,POINT (-87.648420669363 41.911009523506)
08d88d1f56338c13fdb8e501fdbcacba9c714336ffea977b306889d136d09984f0d4eeecf6454bb22a73b75f26b1ff3bf0cc5567924401b71dbf92853a6aa934,JD312249,,7/27/2020 17:55,30,TRAFFIC SIGNAL,FUNCTIONING PROPERLY,CLEAR,DAYLIGHT,ANGLE,DIVIDED - W/MEDIAN (NOT RAISED),,STRAIGHT AND LEVEL,DRY,NO DEFECTS,NOT ON SCENE (DESK REPORT),NO INJURY / DRIVE AWAY,Y,,Y,"OVER $1,500",7/27/2020 17:55,UNABLE TO DETERMINE,UNABLE TO DETERMINE,1465,E,55TH ST,235,,,,,,,2,NO INDICATION OF INJURY,0,0,0,0,0,2,0,17,2,7,41.79521947,-87.5893648,POINT (-87.589364804008 41.795219472865)
06baeeae4f611be95f48a930164c80cf1e879ece29a3d13b72f1bdcc7c489e8786eac330dfb10b41afadf35efb84e1935cb1daa8f7886b8a4bdfab2a9528cca8,JA432051,,9/15/2017 9:00,30,NO CONTROLS,NO CONTROLS,CLEAR,DAYLIGHT,REAR END,NOT DIVIDED,,STRAIGHT AND LEVEL,DRY,NO DEFECTS,NOT ON SCENE (DESK REPORT),NO INJURY / DRIVE AWAY,,,,"OVER $1,500",9/15/2017 9:40,UNABLE TO DETERMINE,UNABLE TO DETERMINE,2421,W,ARMITAGE AVE,1434,,,,,,,2,NO INDICATION OF INJURY,0,0,0,0,0,2,0,9,6,9,41.91745331,-87.68853645,POINT (-87.688536453028 41.917453305196)
07fb4185a02232d9fab8f402e1e3e6aa9284fc203fc5b877c04bd6dde82326b43992bc1818313e7212fb759b41c7e6b7b894ad67290136cfaa8028cfd7e4b396,JF523957,,12/22/2022 18:00,30,TRAFFIC SIGNAL,UNKNOWN,SNOW,UNKNOWN,TURNING,FOUR WAY,,STRAIGHT AND LEVEL,SNOW OR SLUSH,NO DEFECTS,NOT ON SCENE (DESK REPORT),NO INJURY / DRIVE AWAY,,,Y,"OVER $1,500",12/27/2022 11:50,WEATHER,NOT APPLICABLE,1600,W,95TH ST,2221,,,,,,,2,NO INDICATION OF INJURY,0,0,0,0,0,2,0,18,5,12,41.72132441,-87.66272415,POINT (-87.662724152651 41.721324411975)
061cd0256d2de65491934dec3cbd90fd6163a51fe234750e8da62390ad42cb2989fc43526232025c27d751606347b741dae2f0a0bbcd0be3d855ef145ad6661e,HZ497770,Y,11/1/2016 9:00,30,NO CONTROLS,NO CONTROLS,UNKNOWN,DARKNESS,PARKED MOTOR VEHICLE,NOT DIVIDED,4,STRAIGHT AND LEVEL,UNKNOWN,NO DEFECTS,NOT ON SCENE (DESK REPORT),NO INJURY / DRIVE AWAY,,,Y,"OVER $1,500",11/1/2016 10:00,FOLLOWING TOO CLOSELY,UNABLE TO DETERMINE,645,W,115TH ST,524,,,,,,,2,NO INDICATION OF INJURY,0,0,0,0,0,1,0,9,3,11,41.68500912,-87.63904112,POINT (-87.639041118006 41.685009116841)
05d219f51892cf7d524b924bf5eb43b6db35a1d34bdc58715f0ccd661ed29be60d456608de11a3e9ca43d0f21f84fc96cc7e4a5cfa12d1a97450b50cf60d03db,JF376156,,8/30/2022 12:59,30,NO CONTROLS,NO CONTROLS,CLEAR,DAYLIGHT,SIDESWIPE SAME DIRECTION,DIVIDED - W/MEDIAN BARRIER,,STRAIGHT AND LEVEL,DRY,NO DEFECTS,ON SCENE,INJURY AND / OR TOW DUE TO CRASH,,,,"OVER $1,500",8/30/2022 13:00,IMPROPER LANE USAGE,NOT APPLICABLE,1640,W,ROOSEVELT RD,1231,,,,,,,2,NONINCAPACITATING INJURY,1,0,0,1,0,3,0,12,3,8,41.86696936,-87.66807355,POINT (-87.668073547523 41.866969358832)
00c49d4cf97e02170c17e4b3affc86fb3735a2646d5b9ffa502a6fffc6b8685afbd53ec612fe953f26085980416fc3e3964ea6c86d9c0c3b4a07b98411ef737d,RD447271,,9/23/2018 8:00,35,TRAFFIC SIGNAL,FUNCTIONING PROPERLY,CLEAR,DAYLIGHT,REAR END,DIVIDED - W/MEDIAN BARRIER,,STRAIGHT ON GRADE,DRY,NO DEFECTS,ON SCENE,INJURY AND / OR TOW DUE TO CRASH,,,,"OVER $1,500",9/23/2018 8:00,FOLLOWING TOO CLOSELY,DRIVING SKILLS/KNOWLEDGE/EXPERIENCE,4301,S,CICERO AVE,815,,,,,,,3,NO INDICATION OF INJURY,0,0,0,0,0,3,0,8,1,9,41.81484189,-87.7432081,POINT (-87.743208098805 41.814841893143)
0b7ee76acbeb5b03e57e35bfdd41d618347da4c8d5141e8fa6dd27305c8848ce5a36e1d66fb7a1015d23a8af2618412c684644d8b31834654ccb076ebb1a865b,JF168121,,3/9/2022 11:15,30,TRAFFIC SIGNAL,FUNCTIONING PROPERLY,CLEAR,DAYLIGHT,TURNING,NOT DIVIDED,,STRAIGHT AND LEVEL,DRY,NO DEFECTS,NOT ON SCENE (DESK REPORT),NO INJURY / DRIVE AWAY,Y,,,"OVER $1,500",3/9/2022 11:20,IMPROPER OVERTAKING/PASSING,UNABLE TO DETERMINE,3400,W,OGDEN AVE,1021,,,,,,,2,NO INDICATION OF INJURY,0,0,0,0,0,2,0,11,4,3,41.85635054,-87.71037525,POINT (-87.710375249191 41.856350538058)
0bb73d60b5e2042ce0e6f416fed99e2f3f449cd78ae5bea51d5343b842a4ec13760919aa0a32f11072db6665a3e57eb1686b8f04d35724681273034acfcb7706,JE318841,,7/29/2021 14:00,25,STOP SIGN/FLASHER,FUNCTIONING PROPERLY,CLEAR,DAYLIGHT,PARKED MOTOR VEHICLE,ONE-WAY,,STRAIGHT AND LEVEL,DRY,NO DEFECTS,ON SCENE,NO INJURY / DRIVE AWAY,,,Y,"OVER $1,500",7/29/2021 16:35,UNABLE TO DETERMINE,NOT APPLICABLE,707,S,LAWNDALE AVE,1133,Y,,,,,,3,NO INDICATION OF INJURY,0,0,0,0,0,1,0,14,5,7,41.87237891,-87.71790869,POINT (-87.717908691021 41.87237890667)
087eecb69933590aafdede02510a844c3aeadab42075859112232b6db4534e93d3200d1a93fde8d47dfd01b55163e2fc4bf4d0ec8f2cc8d80a8e9250480e5456,JF191735,,3/30/2022 17:30,20,NO CONTROLS,NO CONTROLS,RAIN,DAYLIGHT,PARKED MOTOR VEHICLE,NOT DIVIDED,,STRAIGHT AND LEVEL,WET,NO DEFECTS,ON SCENE,NO INJURY / DRIVE AWAY,,,Y,"$501 - $1,500",3/30/2022 17:35,UNABLE TO DETERMINE,UNABLE TO DETERMINE,5335,S,AUSTIN AVE,811,,,,,,,2,NO INDICATION OF INJURY,0,0,0,0,0,1,0,17,4,3,41.79514489,-87.77199387,POINT (-87.771993869638 41.795144886666)
0086d7f8faa0ae92705ea3246f22d446e9515c2af22ac5f3cf5e9555c124e65d5d2031977083ab3c5dff6f80cddb1c0e6f78b8f60eadd9376247eb1f280c4efe,JE204534,,4/20/2021 8:15,30,NO CONTROLS,NO CONTROLS,CLOUDY/OVERCAST,DAYLIGHT,PARKED MOTOR VEHICLE,NOT DIVIDED,,STRAIGHT AND LEVEL,DRY,NO DEFECTS,ON SCENE,INJURY AND / OR TOW DUE TO CRASH,,,,"$501 - $1,500",4/20/2021 8:20,UNABLE TO DETERMINE,UNABLE TO DETERMINE,319,S,CALIFORNIA AVE,1125,,,,,,,2,NO INDICATION OF INJURY,0,0,0,0,0,1,0,8,3,4,41.87680945,-87.69602813,POINT (-87.696028125888 41.87680945199)
06b75d44404485fd048384e2c4a5d241047a0be5f9246bccdc89e553149e31c1e5dd577bacecef74673b87cea7c6b9647a94660ec948ae007f61d219db0cbcad,JB312016,,6/18/2018 9:35,30,NO CONTROLS,UNKNOWN,CLEAR,DAYLIGHT,PARKED MOTOR VEHICLE,NOT DIVIDED,2,STRAIGHT AND LEVEL,"SAND, MUD, DIRT","RUT, HOLES",ON SCENE,NO INJURY / DRIVE AWAY,Y,,Y,$500 OR LESS,6/18/2018 11:50,IMPROPER LANE USAGE,UNABLE TO DETERMINE,4600,W,KINZIE ST,1111,,,,,,,2,NO INDICATION OF INJURY,0,0,0,0,0,1,0,9,2,6,41.88804689,-87.74124316,POINT (-87.741243164126 41.888046889957)
02b4f7b0f6f328357f7eafa7cf7859b0282ece6ff489e866d1d4bcece6e41d56ca8377ee6dad153835fb465080778ec1d22d8c7d89b2b3050f10dfc6f26aec4d,JA392801,,8/15/2017 21:55,30,STOP SIGN/FLASHER,FUNCTIONING PROPERLY,CLEAR,DARKNESS,PARKED MOTOR VEHICLE,ONE-WAY,1,STRAIGHT AND LEVEL,DRY,NO DEFECTS,ON SCENE,NO INJURY / DRIVE AWAY,,,Y,"OVER $1,500",8/15/2017 22:29,UNABLE TO DETERMINE,UNABLE TO DETERMINE,2514,S,KEDVALE AVE,1013,,,,,,,2,NO INDICATION OF INJURY,0,0,0,0,0,1,0,21,3,8,41.84550972,-87.72797742,POINT (-87.727977424064 41.845509716229)
086f778d97fb0bb8bab54984b72ac1c40d4069073987f3c37a00a7071ba21ab5c40cfa4675d60fceac35711fd78d746f3ec0aff96e26519cebd2b016dee2da9f,JF415014,,9/29/2022 9:25,30,TRAFFIC SIGNAL,FUNCTIONING IMPROPERLY,CLEAR,DAYLIGHT,ANGLE,FOUR WAY,,STRAIGHT ON HILLCREST,DRY,NO DEFECTS,ON SCENE,NO INJURY / DRIVE AWAY,Y,,,"OVER $1,500",9/29/2022 10:50,FAILING TO YIELD RIGHT-OF-WAY,UNABLE TO DETERMINE,4400,W,CERMAK RD,1012,,,,,,,2,NO INDICATION OF INJURY,0,0,0,0,0,2,0,9,5,9,41.8515092,-87.73455933,POINT (-87.734559326014 41.851509196295)
04a6cc177f186ccd16648dbe4ab77f8d407a9fe3b21bef078ed789e2cc5382f8ae55b31d8ba71d03238574ddc5351ff219223cb43809dd19fbbf7382653eda9e,JB504818,,11/5/2018 15:34,0,TRAFFIC SIGNAL,FUNCTIONING PROPERLY,CLOUDY/OVERCAST,DAYLIGHT,REAR END,NOT DIVIDED,1,STRAIGHT AND LEVEL,DRY,NO DEFECTS,NOT ON SCENE (DESK REPORT),NO INJURY / DRIVE AWAY,,,Y,"OVER $1,500",11/5/2018 17:45,UNABLE TO DETERMINE,UNABLE TO DETERMINE,3858,S,COTTAGE GROVE AVE,212,,,,,,,2,NO INDICATION OF INJURY,0,0,0,0,0,2,0,15,2,11,41.82445581,-87.60731698,POINT (-87.607316980718 41.824455808502)