CRASH_RECORD_ID,RD_NO,CRASH_DATE_EST_I,CRASH_DATE,POSTED_SPEED_LIMIT,TRAFFIC_CONTROL_DEVICE,DEVICE_CONDITION,WEATHER_CONDITION,LIGHTING_CONDITION,FIRST_CRASH_TYPE,TRAFFICWAY_TYPE,LANE_CNT,ALIGNMENT,ROADWAY_SURFACE_COND,ROAD_DEFECT,REPORT_TYPE,CRASH_TYPE,INTERSECTION_RELATED_I,NOT_RIGHT_OF_WAY_I,HIT_AND_RUN_I,DAMAGE,DATE_POLICE_NOTIFIED,PRIM_CONTRIBUTORY_CAUSE,SEC_CONTRIBUTORY_CAUSE,STREET_NO,STREET_DIRECTION,STREET_NAME,BEAT_OF_OCCURRENCE,PHOTOS_TAKEN_I,STATEMENTS_TAKEN_I,DOORING_I,WORK_ZONE_I,WORK_ZONE_TYPE,WORKERS_PRESENT_I,NUM_UNITS,MOST_SEVERE_INJURY,INJURIES_TOTAL,INJURIES_FATAL,INJURIES_INCAPACITATING,INJURIES_NON_INCAPACITATING,INJURIES_REPORTED_NOT_EVIDENT,INJURIES_NO_INDICATION,INJURIES_UNKNOWN,CRASH_HOUR,CRASH_DAY_OF_WEEK,CRASH_MONTH,LATITUDE,LONGITUDE,LOCATION
01b88b78ba9cb45646f470218d3b86757947324bb2346d37d56886f5cbe302622af737ed96ae4de02132098958f09fb20dbb04ae7987db4dd69484faa031f6f2,JD455094,,12/10/2020 12:02,30,STOP SIGN/FLASHER,FUNCTIONING PROPERLY,CLEAR,DAYLIGHT,TURNING,NOT DIVIDED,,STRAIGHT AND LEVEL,DRY,NO DEFECTS,ON SCENE,INJURY AND / OR TOW DUE TO CRASH,,,,"OVER $1,500",12/10/2020 12:03,NOT APPLICABLE,NOT APPLICABLE,1100,W,BELMONT AVE,1924,,,,,,,2,INCAPACITATING INJURY,1,0,1,0,0,1,0,12,5,12,41.93998239,-87.65660031,POINT (-87.656600310231 41.939982388877)
00bb09b694aa5bc776f7a9bdb9c0c96e408623add64098c972ab28ba38bf973f76d720c813cd097710def21e6340f63d710b9520a3e834d22ab4d3aed5ea745f,JE305250,,7/18/2021 3:54,20,NO CONTROLS,NO CONTROLS,CLEAR,"DARKNESS, LIGHTED ROAD",SIDESWIPE OPPOSITE DIRECTION,ONE-WAY,,STRAIGHT AND LEVEL,DRY,NO DEFECTS,ON SCENE,NO INJURY / DRIVE AWAY,,,,$500 OR LESS,7/18/2021 3:54,DRIVING ON WRONG SIDE/WRONG WAY,NOT APPLICABLE,650,N,LECLAIRE AVE,1532,,,,,,,2,NO INDICATION OF INJURY,0,0,0,0,0,3,0,3,1,7,41.89286367,-87.75322657,POINT (-87.753226570446 41.892863664665)
0a4017a9e2693866594f8c1434a0d0fba8b76e3b76cfaa776b6f395cd58154f069d205e9e6a262e81283d6a29add4bc40763632790287750391fe792fea85646,JA530713,,11/30/2017 9:21,30,TRAFFIC SIGNAL,FUNCTIONING PROPERLY,CLEAR,DAYLIGHT,ANGLE,NOT DIVIDED,2,STRAIGHT AND LEVEL,DRY,NO DEFECTS,ON SCENE,INJURY AND / OR TOW DUE TO CRASH,,,,"OVER $1,500",11/30/2017 9:21,DISREGARDING OTHER TRAFFIC SIGNS,DISREGARDING TRAFFIC SIGNALS,700,W,TAYLOR ST,124,,,,,,,3,INCAPACITATING INJURY,3,0,2,0,1,1,0,9,5,11,41.86980522,-87.6437763,POINT (-87.643776301838 41.869805222061)
0be618d47b08440f54b8dd7283b31325c0d5ffedb64742e16bd381efb1bd1170545a00823588212088037e33f1fb18c9a5e77c00b569b5fb35263b703d3b7dfb,JA544651,,12/11/2017 8:15,30,TRAFFIC SIGNAL,FUNCTIONING PROPERLY,CLEAR,DAYLIGHT,REAR END,DIVIDED - W/MEDIAN (NOT RAISED),4,STRAIGHT AND LEVEL,DRY,NO DEFECTS,NOT ON SCENE (DESK REPORT),NO INJURY / DRIVE AWAY,Y,,Y,"$501 - $1,500",12/11/2017 8:25,FOLLOWING TOO CLOSELY,NOT APPLICABLE,4100,S,HALSTED ST,925,,,,,,,2,NO INDICATION OF INJURY,0,0,0,0,0,2,0,8,2,12,41.82021639,-87.64598428,POINT (-87.645984281536 41.820216393394)
0b17d91ea93c45bbc2af9982e4eabdab19e94d5bd9e0832084ab5b41b825864295fc4582efed2e6c252dfd10742b6e65c47903e99033837775a56f987838882b,JF278205,,6/13/2022 14:45,30,STOP SIGN/FLASHER,UNKNOWN,CLEAR,DAYLIGHT,REAR END,DIVIDED - W/MEDIAN (NOT RAISED),,STRAIGHT AND LEVEL,UNKNOWN,UNKNOWN,NOT ON SCENE (DESK REPORT),NO INJURY / DRIVE AWAY,,,,"OVER $1,500",6/13/2022 16:05,UNABLE TO DETERMINE,NOT APPLICABLE,2832,N,LARAMIE AVE,2514,,,,,,,2,NO INDICATION OF INJURY,0,0,0,0,0,2,0,14,2,6,41.93241695,-87.75660385,POINT (-87.756603854226 41.932416948461)
09b8680f5f1a2177d882fe8a5d3c2338327ced16cfbcbfec6c97d7b78cda98cdc14bca79665df7241c6c4e99c3c88fcdc9b5c5e566cbc55c51d89da4af39732d,JD272331,,6/21/2020 23:00,30,NO CONTROLS,NO CONTROLS,CLEAR,DARKNESS,PARKED MOTOR VEHICLE,ONE-WAY,,STRAIGHT AND LEVEL,DRY,NO DEFECTS,NOT ON SCENE (DESK REPORT),NO INJURY / DRIVE AWAY,,,Y,$500 OR LESS,6/22/2020 11:27,UNABLE TO DETERMINE,NOT APPLICABLE,9341,S,CALUMET AVE,633,,,,,,,2,NO INDICATION OF INJURY,0,0,0,0,0,1,0,23,1,6,41.72430135,-87.61526904,POINT (-87.615269035715 41.724301349212)
01ccceb776e37026bd697e39a0c20d3612f43d2a9c9839495bf7c302018f12fb567824de4e382534fb7ee74162f3f89724305ab2fdf90a4380adc55f7aa92cf2,JC244322,,4/30/2019 15:04,30,NO CONTROLS,UNKNOWN,RAIN,DAYLIGHT,ANGLE,NOT DIVIDED,,STRAIGHT AND LEVEL,WET,NO DEFECTS,NOT ON SCENE (DESK REPORT),NO INJURY / DRIVE AWAY,,,,$500 OR LESS,4/30/2019 15:49,FAILING TO YIELD RIGHT-OF-WAY,FAILING TO YIELD RIGHT-OF-WAY,6451,N,NORTHWEST HWY,1611,,,,,,,2,NO INDICATION OF INJURY,0,0,0,0,0,2,0,15,3,4,41.99808325,-87.8083977,POINT (-87.808397702977 41.998083251992)
090ccc061eed8300acb568fb695978237eca6d182627c6fdc2e43baba5cf91047d1986756c2853bb3cb5f44a12d6ad68d6fb0d5edb644b5129ff63a284519bc5,JB506659,,11/7/2018 2:30,25,NO CONTROLS,NO CONTROLS,CLEAR,"DARKNESS, LIGHTED ROAD",FIXED OBJECT,DIVIDED - W/MEDIAN (NOT RAISED),2,STRAIGHT AND LEVEL,DRY,NO DEFECTS,ON SCENE,INJURY AND / OR TOW DUE TO CRASH,,,Y,"$501 - $1,500",11/7/2018 2:53,NOT APPLICABLE,NOT APPLICABLE,2540,W,JACKSON BLVD,1125,,,,,,,1,NO INDICATION OF INJURY,0,0,0,0,0,1,0,2,4,11,41.87761463,-87.69027539,POINT (-87.690275389657 41.87761463138)
08df010c189d31aeb8ca85ab563fc29708bad2955899fb2da2a7ae7500f83388a2ac9737c25a709058f4ef72caab5c314d82cca0d781e826f8ac22db786efdb6,JD291120,,7/9/2020 3:22,30,NO CONTROLS,NO CONTROLS,CLEAR,"DARKNESS, LIGHTED ROAD",PARKED MOTOR VEHICLE,DIVIDED - W/MEDIAN BARRIER,,STRAIGHT AND LEVEL,DRY,NO DEFECTS,ON SCENE,INJURY AND / OR TOW DUE TO CRASH,,,Y,"OVER $1,500",7/9/2020 3:34,UNABLE TO DETERMINE,UNABLE TO DETERMINE,9145,S,HALSTED ST,2223,,,,,,,2,NO INDICATION OF INJURY,0,0,0,0,0,1,0,3,5,7,41.72742939,-87.6432295,POINT (-87.643229494804 41.727429386855)
02cf7dc38fec9aa1b984e32dfcf5be1be5f2c5e1fe61ba52df9b10b895e58ef5554bf3de00a5fd6838dc5e4e37c79e2d46277bb8c7b7502f1d22031418eca3fd,HZ339844,,7/5/2016 23:50,30,NO CONTROLS,NO CONTROLS,CLEAR,DAYLIGHT,REAR END,NOT DIVIDED,2,STRAIGHT AND LEVEL,DRY,NO DEFECTS,NOT ON SCENE (DESK REPORT),INJURY AND / OR TOW DUE TO CRASH,,,Y,"$501 - $1,500",7/7/2016 18:15,UNABLE TO DETERMINE,UNABLE TO DETERMINE,1824,W,DIVISION ST,1424,,,,,,,2,NONINCAPACITATING INJURY,1,0,0,1,0,1,0,23,3,7,41.90335951,-87.67339734,POINT (-87.673397337883 41.903359510004)
0620b84f6b74afc1a57d3e96370c48692e7562f47d1946b6c74cab2523cea592b8773c2b0dfe90b8d70ee1dcc3d8ae7363445118e3a4f655768211bded9fd157,JE382873,,9/22/2021 7:30,30,NO CONTROLS,NO CONTROLS,RAIN,DAWN,TURNING,NOT DIVIDED,,STRAIGHT AND LEVEL,WET,NO DEFECTS,NOT ON SCENE (DESK REPORT),NO INJURY / DRIVE AWAY,,,,"$501 - $1,500",9/22/2021 8:05,IMPROPER TURNING/NO SIGNAL,FAILING TO YIELD RIGHT-OF-WAY,2900,S,ASHLAND AVE,912,,,,,,,2,NO INDICATION OF INJURY,0,0,0,0,0,5,0,7,4,9,41.83941016,-87.6659382,POINT (-87.665938198129 41.839410164155)
04563a07bb7ee88d006b74d8ee79a8847aa1c9afab26a993d456f98d3083115a9f34978688a069d7cf8b7f62946687e56da1cf7771a9f710ae2d9f5373c2c9ba,JB305826,,6/13/2018 21:35,10,NO CONTROLS,NO CONTROLS,CLEAR,"DARKNESS, LIGHTED ROAD",FIXED OBJECT,PARKING LOT,,STRAIGHT AND LEVEL,DRY,NO DEFECTS,ON SCENE,INJURY AND / OR TOW DUE TO CRASH,,Y,,"OVER $1,500",6/13/2018 21:39,PHYSICAL CONDITION OF DRIVER,UNABLE TO DETERMINE,8639,S,CICERO AVE,834,,,,,,,1,"REPORTED, NOT EVIDENT",1,0,0,0,1,0,0,21,4,6,41.73524228,-87.74084402,POINT (-87.740844016818 41.735242276938)
08b97548858e2568d2035b29f1c4ccdccbf3a1ae7317ed421e09c031a107658b13ff6292ef2dc547fa75a8bbdbeebee8f50e6ffecbf1f91f583f146521f73352,HZ429818,,9/11/2016 17:00,25,TRAFFIC SIGNAL,FUNCTIONING PROPERLY,CLEAR,DAYLIGHT,TURNING,NOT DIVIDED,2,"CURVE, LEVEL",DRY,NO DEFECTS,NOT ON SCENE (DESK REPORT),NO INJURY / DRIVE AWAY,Y,,,"OVER $1,500",9/11/2016 17:30,UNABLE TO DETERMINE,NOT APPLICABLE,6358,N,RIDGE AVE,2413,,,,,,,2,NO INDICATION OF INJURY,0,0,0,0,0,5,0,17,1,9,41.99721265,-87.67664635,POINT (-87.676646348829 41.997212648396)
055b371d6f0d9cb1565c710c5eb15831d0ad5d83025837c58bff14e63ca1c5616bff489e7b5434c3c6325b0e1fc0d0f8c5df07b3fd325f339aef8571cc891d06,HZ170789,Y,2/29/2016 1:00,25,NO CONTROLS,NO CONTROLS,UNKNOWN,UNKNOWN,PARKED MOTOR VEHICLE,NOT DIVIDED,2,STRAIGHT AND LEVEL,UNKNOWN,NO DEFECTS,NOT ON SCENE (DESK REPORT),INJURY AND / OR TOW DUE TO CRASH,,,Y,"OVER $1,500",3/1/2016 16:20,UNABLE TO DETERMINE,NOT APPLICABLE,1036,W,GRANVILLE AVE,2433,,,,,,,2,NO INDICATION OF INJURY,0,0,0,0,0,1,0,1,2,2,41.99470206,-87.65702498,POINT (-87.657024979145 41.994702064125)
037da1cb294246853516c1b15019ca60c00829febcc7f5aacda18fb6d3991338f55beaffd43df24cf2a1fe126b53ab2b7051da1ec4791cf64486b631b18e4c8c,JA569314,,12/31/2017 18:36,30,NO CONTROLS,NO CONTROLS,CLEAR,DUSK,FIXED OBJECT,DIVIDED - W/MEDIAN BARRIER,4,STRAIGHT AND LEVEL,DRY,NO DEFECTS,ON SCENE,INJURY AND / OR TOW DUE TO CRASH,,,Y,"$501 - $1,500",12/31/2017 20:00,UNABLE TO DETERMINE,NOT APPLICABLE,1004,S,CICERO AVE,1533,,,,,,,1,NO INDICATION OF INJURY,0,0,0,0,0,1,0,18,1,12,41.86821392,-87.74497306,POINT (-87.744973064175 41.868213915023)
07629194f655c5a28b54009b7161efe6ca2874fd287844f8eec456c490aee416eba6f9e165f2edc2824d651ac72f833f1ffb3cac439632c1f3949658a8253103,JB209923,,4/3/2018 14:00,25,NO CONTROLS,NO CONTROLS,RAIN,DAYLIGHT,SIDESWIPE SAME DIRECTION,NOT DIVIDED,4,STRAIGHT AND LEVEL,WET,UNKNOWN,NOT ON SCENE (DESK REPORT),INJURY AND / OR TOW DUE TO CRASH,,,,"OVER $1,500",4/3/2018 15:53,FAILING TO YIELD RIGHT-OF-WAY,NOT APPLICABLE,3323,W,DIVISION ST,1121,,,,,,,2,"REPORTED, NOT EVIDENT",1,0,0,0,1,3,0,14,3,4,41.90268435,-87.71039643,POINT (-87.71039642938 41.902684353016)
02bdfc407abda89fa3db7c9cee0c42013946045f49f1648de76c976419926e081a3a95a7015b7809c397c58a9da2336703ccef113b2f942fbacfb926f05cb757,JA259435,,5/11/2017 13:14,30,NO CONTROLS,NO CONTROLS,CLEAR,DAYLIGHT,FIXED OBJECT,RAMP,1,STRAIGHT AND LEVEL,DRY,NO DEFECTS,NOT ON SCENE (DESK REPORT),NO INJURY / DRIVE AWAY,,Y,,"$501 - $1,500",5/11/2017 14:41,UNABLE TO DETERMINE,UNABLE TO DETERMINE,355,E,ERIE ST,1834,,,,,,,1,NO INDICATION OF INJURY,0,0,0,0,0,1,0,13,5,5,41.8941336,-87.61817915,POINT (-87.61817914958 41.894133600184)
06176d7c4791a32eeae0625c813694e565faf95d84ad879667c2b10d3bed1ee0adaf65d68df48ce28937e5513775de7eb3beabf781b9ad0a09ff555ec8dac771,JA446494,,9/25/2017 15:30,30,NO CONTROLS,NO CONTROLS,CLEAR,DAYLIGHT,SIDESWIPE OPPOSITE DIRECTION,DIVIDED - W/MEDIAN (NOT RAISED),2,STRAIGHT AND LEVEL,DRY,NO DEFECTS,NOT ON SCENE (DESK REPORT),NO INJURY / DRIVE AWAY,,,,"$501 - $1,500",9/25/2017 18:15,IMPROPER BACKING,UNABLE TO DETERMINE,1360,E,49TH ST,222,,,,,,,2,NO INDICATION OF INJURY,0,0,0,0,0,2,0,15,2,9,41.80615729,-87.59280828,POINT (-87.592808281596 41.806157286582)
0241d72866f70608010f52d370eb864517f785ded8b7334d7d47a0c7627ca2686021ce091367e0c6183d21fc2796b6651b574bbb8d47e9cadd86c921778028d1,JC246378,,5/2/2019 7:55,20,NO CONTROLS,NO CONTROLS,RAIN,DAYLIGHT,PARKED MOTOR VEHICLE,OTHER,,STRAIGHT AND LEVEL,WET,UNKNOWN,ON SCENE,NO INJURY / DRIVE AWAY,,,,$500 OR LESS,5/2/2019 8:00,NOT APPLICABLE,NOT APPLICABLE,1338,N,CLAREMONT AVE,1424,,,,,,,2,NO INDICATION OF INJURY,0,0,0,0,0,1,0,7,5,5,41.9060357,-87.68603541,POINT (-87.686035405827 41.906035701029)
03d5e01c2f40318d50bdd717aa7871926e0e59ef5103e697f734423b99f30e744b0c495a16d9f237c8f4405238c1074081b65be3408e48024a630936565258f7,JE387982,,9/26/2021 11:40,30,STOP SIGN/FLASHER,FUNCTIONING PROPERLY,CLEAR,DAYLIGHT,SIDESWIPE SAME DIRECTION,NOT DIVIDED,,STRAIGHT AND LEVEL,DRY,NO DEFECTS,NOT ON SCENE (DESK REPORT),NO INJURY / DRIVE AWAY,,,,"OVER $1,500",9/26/2021 14:30,UNABLE TO DETERMINE,UNABLE TO DETERMINE,6650,S,ST LOUIS AVE,831,,,,,,,2,NO INDICATION OF INJURY,0,0,0,0,0,6,0,11,1,9,41.77186188,-87.71039061,POINT (-87.710390607603 41.771861881259)
05d3ac2fd206022dd58ceb61a444624899f64d2cf313622a056b934cd21e770f9aa86cf2f857215e29b169698322898b8abaf50b394bf6f240dc622aefe5defd,JA114819,,1/13/2017 15:00,15,NO CONTROLS,NO CONTROLS,CLEAR,DAYLIGHT,ANGLE,PARKING LOT,1,STRAIGHT AND LEVEL,DRY,NO DEFECTS,NOT ON SCENE (DESK REPORT),NO INJURY / DRIVE AWAY,,Y,,"OVER $1,500",1/13/2017 16:35,IMPROPER BACKING,NOT APPLICABLE,8546,S,COTTAGE GROVE AVE,632,,,,,,,2,NO INDICATION OF INJURY,0,0,0,0,0,3,0,15,6,1,41.73893049,-87.60503327,POINT (-87.605033266303 41.738930484926)
0b69711d9a28f57fc34d1675b3522a6caa2b2ef175f9655a7be2ecdd782a5e1eaeec11b4c06c1ebd63cd643fab7852ecc3af4519edbdf9ef338262a10042f16d,JC239285,,4/22/2019 17:20,30,NO CONTROLS,NO CONTROLS,CLEAR,DAYLIGHT,REAR END,NOT DIVIDED,,STRAIGHT AND LEVEL,DRY,NO DEFECTS,NOT ON SCENE (DESK REPORT),NO INJURY / DRIVE AWAY,,,,"OVER $1,500",4/26/2019 14:50,FOLLOWING TOO CLOSELY,NOT APPLICABLE,8229,W,FOREST PRESERVE AVE,1631,,,,,,,2,NO INDICATION OF INJURY,0,0,0,0,0,2,0,17,2,4,41.94164749,-87.83238871,POINT (-87.832388709026 41.941647490883)
029c246a68649f640146b862b65607fda03adab3c56cb42c6ad1c611c73723f7fac73e909dd7d8b614d804e234f2aaab4d4044b27a8b88aea81bc3ee6fa01f68,JC399957,Y,8/19/2019 9:00,30,NO CONTROLS,NO CONTROLS,CLEAR,DAYLIGHT,PARKED MOTOR VEHICLE,NOT DIVIDED,,STRAIGHT AND LEVEL,DRY,NO DEFECTS,NOT ON SCENE (DESK REPORT),INJURY AND / OR TOW DUE TO CRASH,,,Y,"OVER $1,500",8/20/2019 11:51,UNABLE TO DETERMINE,NOT APPLICABLE,116,N,HALSTED ST,1224,,,,,,,2,NO INDICATION OF INJURY,0,0,0,0,0,1,0,9,2,8,41.88371971,-87.64756332,POINT (-87.647563321637 41.883719707021)
020ed86b645bc87763776ddf14ec4a30b3409c6848f71209d74a0f421d9fb9e08ad62de32cc9b3e823f38228ee7428c3665163892774edc1c6336e33e30e728b,JF292324,,6/24/2022 13:00,30,TRAFFIC SIGNAL,FUNCTIONING PROPERLY,CLEAR,DAYLIGHT,ANGLE,FOUR WAY,,STRAIGHT AND LEVEL,DRY,NO DEFECTS,ON SCENE,INJURY AND / OR TOW DUE TO CRASH,Y,,,"OVER $1,500",6/24/2022 13:12,DISREGARDING TRAFFIC SIGNALS,FAILING TO YIELD RIGHT-OF-WAY,5100,S,PRINCETON AVE,935,,,,,,,2,NONINCAPACITATING INJURY,1,0,0,1,0,3,0,13,6,6,41.80176175,-87.63332872,POINT (-87.633328719836 41.801761751509)
0c1d48ba9c5963a64e30505c8c950a3bfcd15286f01fcef25455ebaea6cfbf5bd25ef48c89620a3ef04269b31d667b50726f0409fe32dfc4462c88331e71d386,JF378640,,9/1/2022 8:45,30,TRAFFIC SIGNAL,FUNCTIONING PROPERLY,CLEAR,DAYLIGHT,ANGLE,DIVIDED - W/MEDIAN (NOT RAISED),,STRAIGHT AND LEVEL,DRY,NO DEFECTS,NOT ON SCENE (DESK REPORT),INJURY AND / OR TOW DUE TO CRASH,,,N,"$501 - $1,500",9/1/2022 10:00,DISREGARDING OTHER TRAFFIC SIGNS,NOT APPLICABLE,2601,S,STATE ST,133,,,,,,,2,NONINCAPACITATING INJURY,1,0,0,1,0,1,0,8,5,9,41.8455283,-87.62661114,POINT (-87.626611141041 41.845528298716)
009708c736cd9568658bec23e8156b1422a3fb8baaada30d88b4c9407b5c644cb521d957a6f83ed684f1cfcfbeb6876183cfbe9182a4564dd958f2fabe1c6ab2,JB445122,,9/21/2018 15:00,30,NO CONTROLS,NO CONTROLS,CLEAR,DAYLIGHT,SIDESWIPE SAME DIRECTION,NOT DIVIDED,,STRAIGHT AND LEVEL,DRY,NO DEFECTS,NOT ON SCENE (DESK REPORT),NO INJURY / DRIVE AWAY,,,Y,"$501 - $1,500",9/21/2018 15:35,IMPROPER LANE USAGE,UNABLE TO DETERMINE,6000,N,HARLEM AVE,1612,,,,,,,2,NO INDICATION OF INJURY,0,0,0,0,0,2,0,15,6,9,41.99010145,-87.8070184,POINT (-87.807018401784 41.990101454023)
02283f2fd6ef7bc13ac378e480987bf0e7eacbe054fc7ad3f0e11306a5755f9deca69429ac5e7189123b5e34c2b78633fb3ebb2fdb2a7759dd36037314614692,JB101359,,1/2/2018 7:27,30,NO CONTROLS,NO CONTROLS,CLEAR,DAYLIGHT,FIXED OBJECT,NOT DIVIDED,4,STRAIGHT ON HILLCREST,ICE,NO DEFECTS,NOT ON SCENE (DESK REPORT),NO INJURY / DRIVE AWAY,,,,"OVER $1,500",1/2/2018 9:30,WEATHER,WEATHER,2100,E,103RD ST,431,,,,,,,1,NO INDICATION OF INJURY,0,0,0,0,0,1,0,7,3,1,41.70807305,-87.57386257,POINT (-87.573862566855 41.708073049807)
08b988f2896fdd3d1a6e2db8ac038d84751e8043dcd30a35078d9776edfd4d9658198e47097247af75098cbef4b6d290e22c788442f99f6d954b8af7343cd622,JC529830,,11/30/2019 18:12,30,NO CONTROLS,NO CONTROLS,RAIN,"DARKNESS, LIGHTED ROAD",REAR END,DIVIDED - W/MEDIAN (NOT RAISED),,STRAIGHT AND LEVEL,WET,NO DEFECTS,NOT ON SCENE (DESK REPORT),NO INJURY / DRIVE AWAY,,,,$500 OR LESS,11/30/2019 18:24,FOLLOWING TOO CLOSELY,NOT APPLICABLE,4800,S,DAMEN AVE,931,,,,,,,2,NO INDICATION OF INJURY,0,0,0,0,0,2,0,18,7,11,41.80659375,-87.67478564,POINT (-87.674785643758 41.806593753387)
00ff8c41ab8ed858dc23fcb3b6fcb117906e8cbc3cf1c64b9533d539aca6568bb1ed6fd4de366a5415b931a58d4eb4bf78585de6e18b5c0ee8528a4957a741b8,JC484391,,10/21/2019 21:44,30,NO CONTROLS,NO CONTROLS,CLEAR,DARKNESS,PARKED MOTOR VEHICLE,ONE-WAY,,STRAIGHT AND LEVEL,DRY,NO DEFECTS,NOT ON SCENE (DESK REPORT),NO INJURY / DRIVE AWAY,,,,"$501 - $1,500",10/24/2019 8:28,IMPROPER BACKING,NOT APPLICABLE,148,N,MAYFIELD AVE,1512,,,,,,,2,NO INDICATION OF INJURY,0,0,0,0,0,2,0,21,2,10,41.88363584,-87.77205264,POINT (-87.772052642113 41.883635840436)
048fbdd52b9285d74d1b34b6f542f28a139bcb45502828f2e64d14e5cfa8fac8b8eb455ee3dd6ed446500b6c9f37ec456e0e667b776befed521d48cf656025c7,JE181592,,3/27/2021 17:08,30,STOP SIGN/FLASHER,FUNCTIONING PROPERLY,CLEAR,DAYLIGHT,REAR END,T-INTERSECTION,,STRAIGHT AND LEVEL,DRY,NO DEFECTS,ON SCENE,INJURY AND / OR TOW DUE TO CRASH,Y,,,"OVER $1,500",3/27/2021 17:12,FOLLOWING TOO CLOSELY,UNABLE TO DETERMINE,1700,E,67TH ST,331,,,,,,,2,"REPORTED, NOT EVIDENT",1,0,0,0,1,2,0,17,7,3,41.77347172,-87.58380294,POINT (-87.583802942959 41.773471719164)
05197ae31a5780f4447ccfdad352f823b362386dc5dbf0175536709e90b90f983ec835614243dce9ff9743cfbc0cdd54c6504f7ead88a6859d9c2328db39d6c6,HZ201584,,3/26/2016 7:50,30,NO CONTROLS,NO CONTROLS,CLEAR,DAYLIGHT,PARKED MOTOR VEHICLE,PARKING LOT,2,STRAIGHT AND LEVEL,DRY,NO DEFECTS,ON SCENE,NO INJURY / DRIVE AWAY,,Y,,"OVER $1,500",3/26/2016 7:52,IMPROPER BACKING,FAILING TO REDUCE SPEED TO AVOID CRASH,105,S,HALSTED ST,1232,,,,,,,2,NO INDICATION OF INJURY,0,0,0,0,0,1,0,7,7,3,41.88030994,-87.6471698,POINT (-87.647169796071 41.880309936954)
02db828ee8b631fe83adeea6557741112ec73a3577aff5a94cb7d87ebf989cca4f81fc983461d0d434c0549203006373ae5cf5682e6065be4f935d5eb9bc9c65,JB237825,,4/25/2018 16:51,30,TRAFFIC SIGNAL,FUNCTIONING PROPERLY,CLEAR,DAYLIGHT,REAR END,NOT DIVIDED,,STRAIGHT AND LEVEL,DRY,NO DEFECTS,NOT ON SCENE (DESK REPORT),NO INJURY / DRIVE AWAY,,,,"$501 - $1,500",4/25/2018 18:00,FAILING TO REDUCE SPEED TO AVOID CRASH,FAILING TO REDUCE SPEED TO AVOID CRASH,2000,W,69TH ST,726,,,,,,,2,NO INDICATION OF INJURY,0,0,0,0,0,2,0,16,4,4,41.76854893,-87.67374952,POINT (-87.673749517646 41.768548932083)
053d99ee0c2012c4de2e9bc506a321bb6f34e1869f3069fc79ef2b383d1727a137c6df0c0f47a5bcf3ac8c4ff5889529d1fb0cfc3f5b7bd1c97b3fc29d806cc8,JG267305,,5/19/2023 15:40,25,UNKNOWN,UNKNOWN,UNKNOWN,UNKNOWN,SIDESWIPE SAME DIRECTION,NOT DIVIDED,,STRAIGHT AND LEVEL,UNKNOWN,UNKNOWN,NOT ON SCENE (DESK REPORT),NO INJURY / DRIVE AWAY,,,Y,$500 OR LESS,5/19/2023 22:00,NOT APPLICABLE,NOT APPLICABLE,10600,S,YATES AVE,434,,,,,,,2,NO INDICATION OF INJURY,0,0,0,0,0,2,0,15,6,5,41.70266928,-87.56411901,POINT (-87.564119004511 41.702669275986)
04b498e8cd88bfa70fcb67e67ad9cfa2325c955e23721c612851d7527bec0c0d59bbf2fdd1af261bad261d69bf2dfe46bb261b3c4600dcc0e8f0d5c715af56a8,JB107541,,1/7/2018 1:00,15,NO CONTROLS,NO CONTROLS,CLEAR,"DARKNESS, LIGHTED ROAD",PARKED MOTOR VEHICLE,ONE-WAY,1,STRAIGHT AND LEVEL,UNKNOWN,NO DEFECTS,ON SCENE,NO INJURY / DRIVE AWAY,Y,,Y,"OVER $1,500",1/7/2018 11:44,EXCEEDING SAFE SPEED FOR CONDITIONS,EXCEEDING AUTHORIZED SPEED LIMIT,4034,W,DICKENS AVE,2525,,,,,,,3,NO INDICATION OF INJURY,0,0,0,0,0,1,0,1,1,1,41.91908776,-87.7280575,POINT (-87.728057498417 41.919087756308)
02a7619bbaf21ac72210b2d93ec4d2423fc040d54fe5557fd0d2345c99b99a63013b8ff604fcb778b92490b518bc3134ad6b9fcab1c82f3e2f674cd84f3b91b6,JB522558,,11/19/2018 17:30,0,TRAFFIC SIGNAL,FUNCTIONING PROPERLY,CLEAR,DAYLIGHT,TURNING,ONE-WAY,3,STRAIGHT AND LEVEL,DRY,NO DEFECTS,,NO INJURY / DRIVE AWAY,Y,,,"OVER $1,500",11/20/2018 7:30,IMPROPER TURNING/NO SIGNAL,NOT APPLICABLE,3300,S,MICHIGAN AVE,211,,,,,,,2,NO INDICATION OF INJURY,0,0,0,0,0,3,0,17,2,11,41.83460712,-87.62347145,POINT (-87.623471450519 41.834607119639)