CRASH_RECORD_ID,RD_NO,CRASH_DATE_EST_I,CRASH_DATE,POSTED_SPEED_LIMIT,TRAFFIC_CONTROL_DEVICE,DEVICE_CONDITION,WEATHER_CONDITION,LIGHTING_CONDITION,FIRST_CRASH_TYPE,TRAFFICWAY_TYPE,LANE_CNT,ALIGNMENT,ROADWAY_SURFACE_COND,ROAD_DEFECT,REPORT_TYPE,CRASH_TYPE,INTERSECTION_RELATED_I,NOT_RIGHT_OF_WAY_I,HIT_AND_RUN_I,DAMAGE,DATE_POLICE_NOTIFIED,PRIM_CONTRIBUTORY_CAUSE,SEC_CONTRIBUTORY_CAUSE,STREET_NO,STREET_DIRECTION,STREET_NAME,BEAT_OF_OCCURRENCE,PHOTOS_TAKEN_I,STATEMENTS_TAKEN_I,DOORING_I,WORK_ZONE_I,WORK_ZONE_TYPE,WORKERS_PRESENT_I,NUM_UNITS,MOST_SEVERE_INJURY,INJURIES_TOTAL,INJURIES_FATAL,INJURIES_INCAPACITATING,INJURIES_NON_INCAPACITATING,INJURIES_REPORTED_NOT_EVIDENT,INJURIES_NO_INDICATION,INJURIES_UNKNOWN,CRASH_HOUR,CRASH_DAY_OF_WEEK,CRASH_MONTH,LATITUDE,LONGITUDE,LOCATION
03d4145c8f34996be7571f5feb28682393fb08fb9c6799780161a78f1c4f550f04e9c01937f1b67ebfb78bccceb7530894d30ab84c38334aad27106fb844f74f,JF103457,,1/4/2022 18:00,30,NO CONTROLS,NO CONTROLS,CLEAR,"DARKNESS, LIGHTED ROAD",SIDESWIPE SAME DIRECTION,NOT DIVIDED,,STRAIGHT AND LEVEL,UNKNOWN,UNKNOWN,NOT ON SCENE (DESK REPORT),NO INJURY / DRIVE AWAY,,,,"OVER $1,500",1/4/2022 19:00,UNABLE TO DETERMINE,NOT APPLICABLE,2825,N,CICERO AVE,2521,,,,,,,2,NO INDICATION OF INJURY,0,0,0,0,0,2,0,18,3,1,41.93228756,-87.74647536,POINT (-87.746475358498 41.932287558043)
0bd0c210e4c4137c249aef0305ff9474197e63a4bab088cc1d78d855ec58018ea04f4c22963f96de0639bd813a24e508aa39b6941e82981f6ceacb549974f352,JA253092,,5/6/2017 13:11,30,NO CONTROLS,NO CONTROLS,CLEAR,DAYLIGHT,TURNING,DIVIDED - W/MEDIAN (NOT RAISED),2,STRAIGHT AND LEVEL,DRY,NO DEFECTS,NOT ON SCENE (DESK REPORT),NO INJURY / DRIVE AWAY,,,,"OVER $1,500",5/6/2017 14:00,FAILING TO YIELD RIGHT-OF-WAY,UNABLE TO DETERMINE,5950,N,WESTERN AVE,2011,,,,,,,2,NO INDICATION OF INJURY,0,0,0,0,0,2,0,13,7,5,41.99017216,-87.68980927,POINT (-87.689809271203 41.990172161204)
05b01319202f7f913bc82e9fcc84b2b4eb1d7df243f50bd800f9dd501b3e18bc4aecc90fe950e7db5248c40b6f00e9736c80354e73733cd706488ef25e6f34db,JB274466,,5/22/2018 21:15,30,UNKNOWN,UNKNOWN,CLEAR,DARKNESS,REAR END,NOT DIVIDED,2,STRAIGHT AND LEVEL,DRY,UNKNOWN,ON SCENE,NO INJURY / DRIVE AWAY,,,,"OVER $1,500",5/22/2018 21:20,UNABLE TO DETERMINE,NOT APPLICABLE,3531,W,71ST ST,831,,,,,,,2,NO INDICATION OF INJURY,0,0,0,0,0,2,0,21,3,5,41.76414781,-87.71140015,POINT (-87.711400145006 41.764147809542)
0b3f90679b12bcbeaaad181c23e69f8983ac93a82999d9f31f2f0eeab37a09ed0730042fbab956cc7fb9d73f767e05e61a02bf62e43b214c87c3d01d28497b1b,JF202500,,4/9/2022 12:41,30,TRAFFIC SIGNAL,FUNCTIONING PROPERLY,CLEAR,DAYLIGHT,SIDESWIPE SAME DIRECTION,ONE-WAY,,STRAIGHT AND LEVEL,DRY,NO DEFECTS,ON SCENE,INJURY AND / OR TOW DUE TO CRASH,,,Y,"OVER $1,500",4/9/2022 12:41,"OPERATING VEHICLE IN ERRATIC, RECKLESS, CARELESS, NEGLIGENT OR AGGRESSIVE MANNER",FAILING TO REDUCE SPEED TO AVOID CRASH,1,E,HURON ST,1834,,,,,,,3,NO INDICATION OF INJURY,0,0,0,0,0,4,0,12,7,4,41.8947673,-87.62808317,POINT (-87.628083169556 41.894767299063)
00bf69d7677dc237ed20281407b370cf0d02ddb76dbcf6b26b20842269ead6d70ff2881777e5d03a2616acc52d12768005ddf01b35b0ee33fc310658aae3d022,JF186331,,3/25/2022 8:28,30,NO CONTROLS,NO CONTROLS,CLEAR,DAYLIGHT,REAR END,ONE-WAY,,STRAIGHT AND LEVEL,DRY,NO DEFECTS,NOT ON SCENE (DESK REPORT),NO INJURY / DRIVE AWAY,,,Y,"OVER $1,500",3/25/2022 15:25,FAILING TO YIELD RIGHT-OF-WAY,FOLLOWING TOO CLOSELY,7059,S,STATE ST,322,,,,,,,2,NO INDICATION OF INJURY,0,0,0,0,0,2,0,8,6,3,41.76546907,-87.62475894,POINT (-87.624758940498 41.765469066053)
01d8271190112dfa2c5e29b23a5cc1b34078b7db73ce1ba865c5a86affe953c13da33d2519072695b3b2df69d43c3095cedc2b24431f2e35246879948c5d7e5b,JF282526,,6/16/2022 17:30,30,NO CONTROLS,NO CONTROLS,CLEAR,DAYLIGHT,PARKED MOTOR VEHICLE,NOT DIVIDED,,STRAIGHT AND LEVEL,DRY,NO DEFECTS,NOT ON SCENE (DESK REPORT),NO INJURY / DRIVE AWAY,,,Y,"$501 - $1,500",6/16/2022 20:00,UNABLE TO DETERMINE,NOT APPLICABLE,5973,N,CLARK ST,2013,,,,,,,2,NO INDICATION OF INJURY,0,0,0,0,0,1,0,17,5,6,41.99058563,-87.66986968,POINT (-87.66986968197 41.990585629173)
04f7d134a51d1c607e362cb513b10688197f5a5b8c93f578a5e09e2c5bd4e35594503698ea1dccdc679d23b76dae29ee8334fd6c9b068b50f14a5ee55810200b,JG321794,,6/29/2023 18:20,30,NO CONTROLS,NO CONTROLS,CLEAR,DUSK,TURNING,ONE-WAY,,STRAIGHT AND LEVEL,DRY,NO DEFECTS,NOT ON SCENE (DESK REPORT),NO INJURY / DRIVE AWAY,,,,"OVER $1,500",6/30/2023 7:30,UNABLE TO DETERMINE,NOT APPLICABLE,176,N,WELLS ST,122,,,,,,,2,NO INDICATION OF INJURY,0,0,0,0,0,2,0,18,5,6,41.88525273,-87.63406352,POINT (-87.634063516161 41.885252730721)
017f0b8a1ac38139c12a4278560128961ef09de21be09f5a41d24c079d5cd0aef99673be6ac88be4496f29afd4984ce53afdaa74d4a8ea5a9a14d02f5ddf89d7,JG293587,,6/8/2023 18:42,30,NO CONTROLS,NO CONTROLS,CLEAR,DAYLIGHT,SIDESWIPE SAME DIRECTION,DIVIDED - W/MEDIAN BARRIER,,STRAIGHT AND LEVEL,DRY,NO DEFECTS,NOT ON SCENE (DESK REPORT),NO INJURY / DRIVE AWAY,,,,"OVER $1,500",6/8/2023 19:10,NOT APPLICABLE,NOT APPLICABLE,746,S,PULASKI RD,1132,Y,,,,,,2,NO INDICATION OF INJURY,0,0,0,0,0,2,0,18,5,6,41.87109425,-87.72550126,POINT (-87.725501254702 41.871094246921)
07ca139c40a66f0733e8d109fe4d2f6ce755ee66bf0a12f6b1b723630a87d2b36e2a61c01794c9b195b165f28242943d7c13cc05c05591d49f0f55ac16d6e33d,JB335140,,7/4/2018 14:17,30,TRAFFIC SIGNAL,FUNCTIONING PROPERLY,CLEAR,DAYLIGHT,SIDESWIPE SAME DIRECTION,NOT DIVIDED,,STRAIGHT AND LEVEL,DRY,NO DEFECTS,ON SCENE,NO INJURY / DRIVE AWAY,,,,"OVER $1,500",7/4/2018 15:46,FAILING TO YIELD RIGHT-OF-WAY,IMPROPER LANE USAGE,1212,S,MICHIGAN AVE,131,,,,,,,2,NO INDICATION OF INJURY,0,0,0,0,0,2,0,14,4,7,41.86706145,-87.62429156,POINT (-87.624291556574 41.867061452934)
077d3ccf3437f9a7712b9f4e89cb10dee8ab4e309f695ef8fbab30179ae78af14efa8e23e868cfcafecd2962cf3abce0286f9923aa34b78b9ab43b78b4d05c7c,JA267906,,5/17/2017 16:45,35,STOP SIGN/FLASHER,FUNCTIONING PROPERLY,CLEAR,DAYLIGHT,TURNING,DIVIDED - W/MEDIAN (NOT RAISED),4,STRAIGHT AND LEVEL,DRY,NO DEFECTS,ON SCENE,INJURY AND / OR TOW DUE TO CRASH,,,,"OVER $1,500",5/17/2017 17:00,UNABLE TO DETERMINE,UNABLE TO DETERMINE,1200,S,AVERS AVE,1011,,,,,,,2,NO INDICATION OF INJURY,0,0,0,0,0,6,0,16,4,5,41.8661276,-87.72165993,POINT (-87.721659932061 41.866127600154)
083e875faca529b17050aefb2379fabc1d5131bba052de23cd4ef7f9b8cd7c318680656fb156f07953cc6505907aeac498d2b9a36d37b901ade8d75c480cda0f,JD318201,,8/1/2020 18:30,35,NO CONTROLS,NO CONTROLS,CLEAR,"DARKNESS, LIGHTED ROAD",PARKED MOTOR VEHICLE,ONE-WAY,,STRAIGHT AND LEVEL,UNKNOWN,NO DEFECTS,NOT ON SCENE (DESK REPORT),NO INJURY / DRIVE AWAY,,,Y,"OVER $1,500",8/2/2020 8:59,UNABLE TO DETERMINE,UNABLE TO DETERMINE,7028,S,BELL AVE,832,,,,,,,2,NO INDICATION OF INJURY,0,0,0,0,0,1,0,18,7,8,41.76567879,-87.67966513,POINT (-87.679665126757 41.765678785596)
03e666576c199ea2eced0172773af26044d8649a7647c0f8caa90366aceb894b0ba3ed813339c960bd27d43a5d8995af8e8a81aa8d5c36c4636ce9595d41b89f,JD382044,,9/27/2020 4:00,10,NO CONTROLS,NO CONTROLS,CLEAR,DARKNESS,FIXED OBJECT,ALLEY,,STRAIGHT AND LEVEL,DRY,NO DEFECTS,NOT ON SCENE (DESK REPORT),NO INJURY / DRIVE AWAY,,Y,Y,"OVER $1,500",9/28/2020 13:00,UNABLE TO DETERMINE,UNABLE TO DETERMINE,3547,W,VAN BUREN ST,1133,,,,,,,2,NO INDICATION OF INJURY,0,0,0,0,0,2,0,4,1,9,41.87529202,-87.71506222,POINT (-87.715062217048 41.875292023881)
0b06ad63f9a89cc7c19836a6f5fdc58a12992fd54750207fad0c00239484625223021a54b6861c847756b0bb26ff24c8d082cdeee6b5fb36e7d7b662f7d343ed,JD143227,,2/7/2020 10:43,35,NO CONTROLS,NO CONTROLS,CLEAR,DAYLIGHT,TURNING,NOT DIVIDED,,STRAIGHT AND LEVEL,WET,UNKNOWN,ON SCENE,NO INJURY / DRIVE AWAY,,,,"OVER $1,500",2/7/2020 11:04,UNABLE TO DETERMINE,UNABLE TO DETERMINE,7531,S,PULASKI RD,833,,,,,,,2,NO INDICATION OF INJURY,0,0,0,0,0,2,0,10,6,2,41.75596017,-87.72201439,POINT (-87.722014394457 41.755960171263)
06299968065b295fd0fcafca95d011cb5250d1f58d49396b0d51a42bc1caf3a06058436d71618f1e57e37dd815ce542e64eed1489cc99fbbd287d23e40445dc0,JE422357,,10/25/2021 18:45,30,NO CONTROLS,NO CONTROLS,CLEAR,"DARKNESS, LIGHTED ROAD",SIDESWIPE SAME DIRECTION,DIVIDED - W/MEDIAN (NOT RAISED),,STRAIGHT AND LEVEL,DRY,NO DEFECTS,ON SCENE,INJURY AND / OR TOW DUE TO CRASH,,,,"OVER $1,500",10/25/2021 18:48,UNABLE TO DETERMINE,NOT APPLICABLE,5825,N,NORTHWEST HWY,1611,,,,,,,2,NO INDICATION OF INJURY,0,0,0,0,0,2,0,18,2,10,41.98738187,-87.79000487,POINT (-87.790004865323 41.987381866005)
0508e2fa27f313207c30e65ddd008cbbd943a9a59129cb521685a383996ba4f9ee56589207fe0dda1618e95c1c40ea45b0c0e08987f27a07629b77392212e725,JF122832,,1/23/2022 17:00,15,NO CONTROLS,NO CONTROLS,SNOW,"DARKNESS, LIGHTED ROAD",FIXED OBJECT,ALLEY,,STRAIGHT AND LEVEL,ICE,NO DEFECTS,NOT ON SCENE (DESK REPORT),NO INJURY / DRIVE AWAY,,,,"OVER $1,500",1/24/2022 16:00,UNABLE TO DETERMINE,UNABLE TO DETERMINE,2300,W,WARREN BLVD,1223,,,,,,,1,NO INDICATION OF INJURY,0,0,0,0,0,1,0,17,1,1,41.88222382,-87.68410895,POINT (-87.684108948677 41.882223824444)
01ddb7041b13355eb33d0a91683a39b4efae3df9e7de4344780837d79dad1333078a8f7f58cf2316812a99a98e72e392bd39064666bbe531b01d9f79d24042b6,JC461290,,10/5/2019 16:00,30,TRAFFIC SIGNAL,UNKNOWN,CLEAR,DAYLIGHT,SIDESWIPE SAME DIRECTION,DIVIDED - W/MEDIAN (NOT RAISED),,STRAIGHT AND LEVEL,DRY,UNKNOWN,NOT ON SCENE (DESK REPORT),NO INJURY / DRIVE AWAY,,,,"OVER $1,500",10/5/2019 17:00,FAILING TO YIELD RIGHT-OF-WAY,FAILING TO YIELD RIGHT-OF-WAY,6210,N,WESTERN AVE,2413,,,,,,,2,NO INDICATION OF INJURY,0,0,0,0,0,2,0,16,7,10,41.99446336,-87.68992344,POINT (-87.689923437916 41.994463357564)
02fa83242700bfb32b6eb27dde6010786644425662c2589bed2c3314feef03961d85c25937f86a95592484424807756996b5bf862b7f1068080df5e4d6caf205,JD409069,,10/23/2020 21:12,10,NO CONTROLS,NO CONTROLS,CLEAR,DARKNESS,REAR TO FRONT,PARKING LOT,,STRAIGHT AND LEVEL,DRY,UNKNOWN,ON SCENE,NO INJURY / DRIVE AWAY,,Y,,"OVER $1,500",10/23/2020 21:13,FAILING TO REDUCE SPEED TO AVOID CRASH,IMPROPER BACKING,1381,W,GRAND AVE,1215,,,,,,,2,NO INDICATION OF INJURY,0,0,0,0,0,2,0,21,6,10,41.89091933,-87.66218858,POINT (-87.662188582985 41.890919329242)
02c9908b17e6895df171954e33d9f9bf8dc7ad0524122177d42d19058534870b52b0b165caf0afdb5eddc0d1a036d9b01614fa8498c57fab00055a5e27393b06,JA481710,,10/22/2017 18:30,30,TRAFFIC SIGNAL,FUNCTIONING PROPERLY,RAIN,"DARKNESS, LIGHTED ROAD",REAR END,NOT DIVIDED,,STRAIGHT AND LEVEL,WET,NO DEFECTS,NOT ON SCENE (DESK REPORT),NO INJURY / DRIVE AWAY,Y,,,"$501 - $1,500",10/22/2017 19:00,UNABLE TO DETERMINE,NOT APPLICABLE,2017,N,ASHLAND AVE,1432,,,,,,,2,NO INDICATION OF INJURY,0,0,0,0,0,2,0,18,1,10,41.9184706,-87.6679292,POINT (-87.66792919485 41.918470604446)
0a55bf1c7ef11919d59c8367006445f04c45d29f690de0ec4b2e0ecf51ec3ca2cefe39f107f77f4a3578c60053a0dafd15f950b3aea6f4cce3fec55dd6a8f2b8,JD466588,,12/19/2020 19:00,10,NO CONTROLS,NO CONTROLS,UNKNOWN,"DARKNESS, LIGHTED ROAD",PARKED MOTOR VEHICLE,PARKING LOT,,STRAIGHT AND LEVEL,DRY,NO DEFECTS,NOT ON SCENE (DESK REPORT),NO INJURY / DRIVE AWAY,,Y,Y,"OVER $1,500",12/22/2020 16:45,IMPROPER LANE USAGE,NOT APPLICABLE,1000,S,CLARK ST,123,,,,,,,2,NO INDICATION OF INJURY,0,0,0,0,0,1,0,19,7,12,41.8698488,-87.63065553,POINT (-87.630655526344 41.869848798097)
034f330edc7af10df5cdc5ba661cadf446812f622fc24e6f8ce0d62ac3898d992fb6888175a9f2f2df92832c31f3d82b6e4845f95567e4794f0f86929b0cbe32,JE307358,,7/19/2021 23:53,30,NO CONTROLS,NO CONTROLS,CLEAR,"DARKNESS, LIGHTED ROAD",SIDESWIPE SAME DIRECTION,NOT DIVIDED,,STRAIGHT AND LEVEL,DRY,NO DEFECTS,NOT ON SCENE (DESK REPORT),NO INJURY / DRIVE AWAY,,,Y,"$501 - $1,500",7/20/2021 0:20,IMPROPER OVERTAKING/PASSING,UNABLE TO DETERMINE,5451,S,WENTWORTH AVE,225,,,,,,,2,NO INDICATION OF INJURY,0,0,0,0,0,2,0,23,2,7,41.79491574,-87.63037667,POINT (-87.630376665403 41.794915740831)
026a38b4478b5fecc3d530bfa4c7bd201ab008e285c859bca5556a02e00fb83b2cfce7c9a66e53cece281f3e954c0cc5db9c0143c45200947a9d70351d4e1855,JE320114,,7/30/2021 17:00,35,NO CONTROLS,NO CONTROLS,CLEAR,DAYLIGHT,REAR END,NOT DIVIDED,,STRAIGHT AND LEVEL,DRY,NO DEFECTS,NOT ON SCENE (DESK REPORT),NO INJURY / DRIVE AWAY,,,,"OVER $1,500",7/30/2021 17:25,NOT APPLICABLE,NOT APPLICABLE,4100,S,KEDZIE AVE,821,,,,,,,2,NO INDICATION OF INJURY,0,0,0,0,0,2,0,17,6,7,41.81894133,-87.70454484,POINT (-87.704544839189 41.818941328539)
014a23e7c69e4a8d7b4091c4dacb1bd7cbc7b0d1f06c2fe0a4ac84fe357aedd201f17c1bcd78ac069d21f71d4bd74cc231f2257b01de31c6ff96fad28b818fc0,JD226126,Y,5/6/2020 21:00,10,NO CONTROLS,NO CONTROLS,UNKNOWN,UNKNOWN,FIXED OBJECT,DRIVEWAY,,"CURVE, LEVEL",UNKNOWN,NO DEFECTS,ON SCENE,INJURY AND / OR TOW DUE TO CRASH,,Y,,"OVER $1,500",5/6/2020 22:51,ANIMAL,UNABLE TO DETERMINE,6144,S,AUSTIN AVE,812,,,,,,,1,NO INDICATION OF INJURY,0,0,0,0,0,1,0,21,4,5,41.78018561,-87.77173029,POINT (-87.771730290439 41.780185612015)
05c908671ed9368d93e3d43eb571ba13dd56e9791422bf2f9054151c24795bc035a35a65a0e6bd74bd25d0226bc31a1e96c2ce89ea591e43eefba9c5e151af4f,JE309244,,7/21/2021 15:35,30,NO CONTROLS,NO CONTROLS,CLEAR,DAYLIGHT,SIDESWIPE OPPOSITE DIRECTION,OTHER,,STRAIGHT AND LEVEL,DRY,NO DEFECTS,ON SCENE,INJURY AND / OR TOW DUE TO CRASH,,,Y,"$501 - $1,500",7/21/2021 15:43,"OPERATING VEHICLE IN ERRATIC, RECKLESS, CARELESS, NEGLIGENT OR AGGRESSIVE MANNER",NOT APPLICABLE,7901,S,DAMEN AVE,611,,,,,,,3,NONINCAPACITATING INJURY,3,0,0,3,0,1,0,15,4,7,41.75018934,-87.67298584,POINT (-87.672985839772 41.750189342293)
04122315c58d15d2f51d4030d3b305b2bf1f1e05818d5b6de77991416e1f73323af22fc4fa23f346882f37f1f8e1e26033947fbd717e1ba53833cf956ebbab87,JB455772,,9/29/2018 13:30,35,NO CONTROLS,NO CONTROLS,CLEAR,DAYLIGHT,PARKED MOTOR VEHICLE,DIVIDED - W/MEDIAN BARRIER,,STRAIGHT AND LEVEL,DRY,NO DEFECTS,ON SCENE,NO INJURY / DRIVE AWAY,,,,$500 OR LESS,9/29/2018 13:37,DRIVING SKILLS/KNOWLEDGE/EXPERIENCE,NOT APPLICABLE,9235,S,WESTERN AVE,2221,,,,,,,2,NO INDICATION OF INJURY,0,0,0,0,0,2,0,13,7,9,41.72532676,-87.68205465,POINT (-87.682054644529 41.725326759071)
0291c93fe6efdcd60c6b81f8cba0ac44f6533e0fed9cecd168ce72fc803d48399c0234308cad84b0b71f51d010a647661ca027cc67912763916be2fce7d9e643,JA336018,,7/5/2017 18:30,25,NO CONTROLS,NO CONTROLS,CLEAR,DAYLIGHT,REAR END,DIVIDED - W/MEDIAN (NOT RAISED),4,STRAIGHT AND LEVEL,DRY,NO DEFECTS,NOT ON SCENE (DESK REPORT),NO INJURY / DRIVE AWAY,,,,"$501 - $1,500",7/5/2017 19:33,UNABLE TO DETERMINE,UNABLE TO DETERMINE,5100,S,WESTERN AVE,923,,,,,,,2,NO INDICATION OF INJURY,0,0,0,0,0,2,0,18,4,7,41.80105284,-87.68436765,POINT (-87.684367648824 41.801052835623)
07e2da03452a2fd393074f07b402a3845777e0a01b08ac3c794aea6bc45a991af853358212eba66a566943f9e8de88db722740a7b726b998e93afaf54f997ddb,JC511884,,11/13/2019 18:25,30,NO CONTROLS,NO CONTROLS,CLEAR,DARKNESS,REAR TO FRONT,NOT DIVIDED,,STRAIGHT AND LEVEL,DRY,UNKNOWN,NOT ON SCENE (DESK REPORT),NO INJURY / DRIVE AWAY,,,Y,"OVER $1,500",11/15/2019 16:30,UNABLE TO DETERMINE,UNABLE TO DETERMINE,2132,E,71ST ST,331,,,,,,,2,NO INDICATION OF INJURY,0,0,0,0,0,3,0,18,4,11,41.76638513,-87.57257191,POINT (-87.572571905341 41.766385125615)
0ab40cfdc5ac7f3d3c39e67efe4882d89bad106667973a8030657fb7c4509da1577c7154e026d8536256fa734f6fe18cbb9771f81e1e5dd849191d107e51a560,JF512946,,12/16/2022 10:45,30,TRAFFIC SIGNAL,FUNCTIONING PROPERLY,SNOW,DAYLIGHT,REAR END,DIVIDED - W/MEDIAN (NOT RAISED),,STRAIGHT AND LEVEL,SNOW OR SLUSH,NO DEFECTS,NOT ON SCENE (DESK REPORT),NO INJURY / DRIVE AWAY,,,,"OVER $1,500",12/16/2022 15:50,FOLLOWING TOO CLOSELY,NOT APPLICABLE,5155,N,CENTRAL AVE,1623,,,,,,,2,NO INDICATION OF INJURY,0,0,0,0,0,2,0,10,6,12,41.97517487,-87.7683442,POINT (-87.768344200415 41.975174873583)
091281420adb87742ea0e8e62f2ba69e0394a2644939f2f11480a957de02134e8df4720d88f97dcc8aead5c3edc335c26e61d877cde2a9cef3833d15b83c5a2b,JC350281,,7/15/2019 19:16,25,NO CONTROLS,NO CONTROLS,CLEAR,DAYLIGHT,PARKED MOTOR VEHICLE,ONE-WAY,,STRAIGHT AND LEVEL,DRY,NO DEFECTS,ON SCENE,NO INJURY / DRIVE AWAY,,,,"$501 - $1,500",7/15/2019 19:16,DISTRACTION - FROM INSIDE VEHICLE,NOT APPLICABLE,1650,E,84TH ST,412,,,,,,,2,NO INDICATION OF INJURY,0,0,0,0,0,1,0,19,2,7,41.74252246,-87.58329991,POINT (-87.583299908378 41.742522462926)
06d029937613c257292850c2cc35005aaddcab9ca8110571163a999f5ef9304c6a4269820aa087db34714b9e2f302b19ac700fce5981c68867aef2e763610925,JE173405,,3/19/2021 13:39,30,NO CONTROLS,NO CONTROLS,CLEAR,DUSK,PARKED MOTOR VEHICLE,NOT DIVIDED,,STRAIGHT AND LEVEL,DRY,NO DEFECTS,NOT ON SCENE (DESK REPORT),NO INJURY / DRIVE AWAY,,,,"$501 - $1,500",3/19/2021 14:30,NOT APPLICABLE,NOT APPLICABLE,2012,E,71ST ST,331,,,,,,,2,NO INDICATION OF INJURY,0,0,0,0,0,1,0,13,6,3,41.7663578,-87.5757359,POINT (-87.575735904075 41.766357803373)
0b9911efc58d80a1da583281b54d9aedd24e0cc3329c1cf5ebc9d2db6553d213f355a99af7fbda387f40bc27e9f4c9808971089e382f0f720b29b5f366c0c453,JD264128,,6/14/2020 18:15,30,NO CONTROLS,NO CONTROLS,CLEAR,DAYLIGHT,SIDESWIPE SAME DIRECTION,DIVIDED - W/MEDIAN (NOT RAISED),,STRAIGHT AND LEVEL,DRY,NO DEFECTS,NOT ON SCENE (DESK REPORT),NO INJURY / DRIVE AWAY,,,,"OVER $1,500",6/14/2020 18:45,FAILING TO YIELD RIGHT-OF-WAY,FAILING TO YIELD RIGHT-OF-WAY,9800,S,HALSTED ST,2223,,,,,,,2,NO INDICATION OF INJURY,0,0,0,0,0,2,0,18,1,6,41.7158702,-87.64321014,POINT (-87.643210139548 41.715870203216)
077d1eadd2cdfcdca792f66081369284b66fc5cdf39a9a1993c5648a513beb150d56fbd372349b4378c8a2509c133f33ea809194c069ca3c43becaa6f72b8136,JB473395,,10/12/2018 18:19,30,TRAFFIC SIGNAL,FUNCTIONING PROPERLY,CLEAR,"DARKNESS, LIGHTED ROAD",TURNING,DIVIDED - W/MEDIAN (NOT RAISED),,STRAIGHT AND LEVEL,DRY,NO DEFECTS,ON SCENE,INJURY AND / OR TOW DUE TO CRASH,Y,,,"OVER $1,500",10/12/2018 18:21,UNABLE TO DETERMINE,NOT APPLICABLE,5599,N,NAGLE AVE,1622,,,,,,,2,NO INDICATION OF INJURY,0,0,0,0,0,4,0,18,6,10,41.98288295,-87.78758816,POINT (-87.787588154962 41.982882946329)
0606529bbea7dc0c028a423c0ea8ac6c8d651e1f5a90236f2c73e50ce5210dc58178208b0439ce89a20fe49a139ab19931dc55a606d41ae8d59699ff66e69e4b,JC561021,,12/25/2019 23:00,30,STOP SIGN/FLASHER,FUNCTIONING PROPERLY,CLEAR,"DARKNESS, LIGHTED ROAD",ANGLE,NOT DIVIDED,,STRAIGHT AND LEVEL,DRY,NO DEFECTS,NOT ON SCENE (DESK REPORT),NO INJURY / DRIVE AWAY,,,,"OVER $1,500",12/26/2019 17:00,UNABLE TO DETERMINE,UNABLE TO DETERMINE,4600,W,WASHINGTON BLVD,1113,,,,,,,2,NO INDICATION OF INJURY,0,0,0,0,0,5,0,23,4,12,41.88198444,-87.74016301,POINT (-87.740163011434 41.881984434835)
03d39c3818ebf9e1875d6f095b8576e2b1c925758b193014b0c15514a0e69e3063cf3a32dd7b5a8ff6c1fef95b1689001f8a6258386e8d01bc5fad2d4ec22609,JC108974,,1/7/2019 6:30,30,TRAFFIC SIGNAL,FUNCTIONING PROPERLY,CLEAR,DAYLIGHT,REAR END,NOT DIVIDED,,STRAIGHT AND LEVEL,DRY,NO DEFECTS,NOT ON SCENE (DESK REPORT),NO INJURY / DRIVE AWAY,,,,"OVER $1,500",1/7/2019 9:36,FOLLOWING TOO CLOSELY,FAILING TO REDUCE SPEED TO AVOID CRASH,8500,S,LAFAYETTE AVE,622,,,,,,,2,NO INDICATION OF INJURY,0,0,0,0,0,2,0,6,2,1,41.73986618,-87.62568002,POINT (-87.625680022386 41.73986617455)
091b963b579b520e7bc3276ecf3bf4c18cce5003bc0ea623bc2efc6de6341f772127daac806560d2359833780bfa4cb1d758f29765bff41bf4977acae9b767e1,JF154398,,2/24/2022 8:50,10,NO CONTROLS,NO CONTROLS,CLEAR,DAYLIGHT,ANGLE,OTHER,,STRAIGHT AND LEVEL,DRY,NO DEFECTS,ON SCENE,NO INJURY / DRIVE AWAY,,,,"$501 - $1,500",2/24/2022 9:20,UNABLE TO DETERMINE,UNABLE TO DETERMINE,2986,S,ARCHER AVE,913,,,,,,,2,NO INDICATION OF INJURY,0,0,0,0,0,2,0,8,5,2,41.84045224,-87.66069964,POINT (-87.660699642205 41.840452241923)
069534a09b0e18669a8024adab379b0398a644eaef5da117b0a764780860c75d232081b191d2b727d53ffb94962a8c902e58a153b31faf5226ac2ddc355f9574,JD107606,,1/7/2020 16:50,20,NO CONTROLS,NO CONTROLS,CLEAR,"DARKNESS, LIGHTED ROAD",REAR END,ONE-WAY,,STRAIGHT AND LEVEL,DRY,NO DEFECTS,ON SCENE,NO INJURY / DRIVE AWAY,,,Y,$500 OR LESS,1/7/2020 17:00,UNABLE TO DETERMINE,NOT APPLICABLE,3,W,TERMINAL ST,1653,,,,,,,2,NO INDICATION OF INJURY,0,0,0,0,0,3,0,16,3,1,,,
079b2f1651ccb1601a1047d20eddffb26add58f19eb7090982fc805c88e928442d82982da35602b42fe6ced94328a618439a85738149aeb0e5b363848c515583,JF126179,,1/27/2022 19:20,35,UNKNOWN,NO CONTROLS,CLEAR,"DARKNESS, LIGHTED ROAD",REAR END,NOT DIVIDED,,STRAIGHT AND LEVEL,DRY,NO DEFECTS,ON SCENE,NO INJURY / DRIVE AWAY,,,,"$501 - $1,500",1/27/2022 19:20,FOLLOWING TOO CLOSELY,NOT APPLICABLE,10301,S,DR MARTIN LUTHER KING JR DR,512,,,,,,,2,NO INDICATION OF INJURY,0,0,0,0,0,2,0,19,5,1,41.70722605,-87.61361869,POINT (-87.613618684744 41.707226050474)