CRASH_RECORD_ID,RD_NO,CRASH_DATE_EST_I,CRASH_DATE,POSTED_SPEED_LIMIT,TRAFFIC_CONTROL_DEVICE,DEVICE_CONDITION,WEATHER_CONDITION,LIGHTING_CONDITION,FIRST_CRASH_TYPE,TRAFFICWAY_TYPE,LANE_CNT,ALIGNMENT,ROADWAY_SURFACE_COND,ROAD_DEFECT,REPORT_TYPE,CRASH_TYPE,INTERSECTION_RELATED_I,NOT_RIGHT_OF_WAY_I,HIT_AND_RUN_I,DAMAGE,DATE_POLICE_NOTIFIED,PRIM_CONTRIBUTORY_CAUSE,SEC_CONTRIBUTORY_CAUSE,STREET_NO,STREET_DIRECTION,STREET_NAME,BEAT_OF_OCCURRENCE,PHOTOS_TAKEN_I,STATEMENTS_TAKEN_I,DOORING_I,WORK_ZONE_I,WORK_ZONE_TYPE,WORKERS_PRESENT_I,NUM_UNITS,MOST_SEVERE_INJURY,INJURIES_TOTAL,INJURIES_FATAL,INJURIES_INCAPACITATING,INJURIES_NON_INCAPACITATING,INJURIES_REPORTED_NOT_EVIDENT,INJURIES_NO_INDICATION,INJURIES_UNKNOWN,CRASH_HOUR,CRASH_DAY_OF_WEEK,CRASH_MONTH,LATITUDE,LONGITUDE,LOCATION
014a772e71fc3496dda452839cede20896ab8c6221ec9bbcc8da4de0abfcfb92ad90c543ef2150b70448d224435ca89211117f0f800bfd79a7546f8d7220dc7e,JC260989,,5/12/2019 13:30,15,NO CONTROLS,NO CONTROLS,CLEAR,DAYLIGHT,HEAD ON,NOT DIVIDED,,STRAIGHT AND LEVEL,DRY,NO DEFECTS,NOT ON SCENE (DESK REPORT),NO INJURY / DRIVE AWAY,,,Y,"OVER $1,500",5/13/2019 10:14,UNABLE TO DETERMINE,NOT APPLICABLE,2223,S,PRINCETON AVE,914,,,,,,,2,NO INDICATION OF INJURY,0,0,0,0,0,2,0,13,1,5,41.85217335,-87.63463869,POINT (-87.634638685101 41.852173346397)
01a7dbe4e61272936416b0ad2839847a00113d92aa556fce4757657aa1722484b02dff3626bf901ef4795b6e29f4851b9823b5bbba8194e99f7caedc1f41764d,JF295948,,6/27/2022 11:30,30,NO CONTROLS,NO CONTROLS,CLEAR,DAYLIGHT,PARKED MOTOR VEHICLE,ONE-WAY,,STRAIGHT AND LEVEL,DRY,NO DEFECTS,NOT ON SCENE (DESK REPORT),NO INJURY / DRIVE AWAY,,,Y,"OVER $1,500",6/27/2022 13:00,UNABLE TO DETERMINE,UNABLE TO DETERMINE,5005,W,PARKER AVE,2521,,,,,,,2,NO INDICATION OF INJURY,0,0,0,0,0,1,0,11,2,6,41.93044741,-87.75174119,POINT (-87.75174119252 41.930447406355)
0727a9a75f8c47cbd00846c6c99af4ccf88a75eef5a253f1135a8b97c19c9fc947d7e689b76451e191853ddf9bf461a9a3622449e81eb83b59e75541bdea9a52,JG154511,,2/16/2023 9:05,45,NO CONTROLS,NO CONTROLS,SLEET/HAIL,DAYLIGHT,SIDESWIPE SAME DIRECTION,DIVIDED - W/MEDIAN BARRIER,,STRAIGHT ON HILLCREST,SNOW OR SLUSH,NO DEFECTS,ON SCENE,NO INJURY / DRIVE AWAY,,,,"$501 - $1,500",2/16/2023 9:10,IMPROPER LANE USAGE,NOT APPLICABLE,1700,S,LAKE SHORE DR E,132,,,,,,,2,NO INDICATION OF INJURY,0,0,0,0,0,2,0,9,5,2,41.85900353,-87.61713079,POINT (-87.61713079399 41.859003526246)
0169ee0fa52c11522aab60ad041de8dbce58322e6e68572651e267dfe91ba8caf4207e7f6c03701eb7c5384e132832d96c7c9ddf798028e36a2b1478c3fd2732,JC321637,,6/25/2019 17:06,35,TRAFFIC SIGNAL,FUNCTIONING PROPERLY,CLEAR,DAYLIGHT,PEDESTRIAN,NOT DIVIDED,,STRAIGHT AND LEVEL,DRY,NO DEFECTS,ON SCENE,INJURY AND / OR TOW DUE TO CRASH,,,,$500 OR LESS,6/25/2019 17:06,UNABLE TO DETERMINE,NOT APPLICABLE,2809,W,63RD ST,823,,,,,,,2,NONINCAPACITATING INJURY,1,0,0,1,0,1,0,17,3,6,41.77899968,-87.69378834,POINT (-87.693788343496 41.778999681611)
08bd05508e5da5b44544492069cb7359dbe35414a358fe8eb19b782be55cb08ec95f35ca5c40651153add7c62abb39e432230e3ac835eefd17b9ed66b57f4b9a,JA543187,,12/9/2017 15:45,35,UNKNOWN,UNKNOWN,SNOW,DUSK,PARKED MOTOR VEHICLE,NOT DIVIDED,4,STRAIGHT AND LEVEL,WET,NO DEFECTS,NOT ON SCENE (DESK REPORT),NO INJURY / DRIVE AWAY,,,,$500 OR LESS,12/9/2017 17:45,UNABLE TO DETERMINE,DRIVING SKILLS/KNOWLEDGE/EXPERIENCE,8020,S,COTTAGE GROVE AVE,631,,,,,,,2,NO INDICATION OF INJURY,0,0,0,0,0,2,0,15,7,12,41.74879505,-87.60531632,POINT (-87.605316317804 41.748795052608)
046e253b12fe81e1f8b648d8dd33aec1b620f8026dd3ea1f8282c17741810f4187417dd2a4e60c3e4aaec5071b6d6f559893a03566e98c8e52fd51a74c533113,JD161026,,2/22/2020 11:40,30,NO CONTROLS,NO CONTROLS,CLEAR,DAYLIGHT,PARKED MOTOR VEHICLE,NOT DIVIDED,,STRAIGHT AND LEVEL,DRY,NO DEFECTS,NOT ON SCENE (DESK REPORT),NO INJURY / DRIVE AWAY,,,Y,"$501 - $1,500",2/22/2020 13:23,NOT APPLICABLE,NOT APPLICABLE,4620,S,WOOD ST,924,,,,,,,2,NO INDICATION OF INJURY,0,0,0,0,0,1,0,11,7,2,41.80972022,-87.67000926,POINT (-87.670009257233 41.80972022222)
067c1cdfd591cd2296bbca891c67c41661ed4445c946458ba67c75c7de831b2b3b4d4ed0221b5db8abcc96bb9c2d47976b80c3e45beaf6798580177c4733ddec,JE312999,,7/24/2021 21:10,30,TRAFFIC SIGNAL,FUNCTIONING PROPERLY,CLEAR,"DARKNESS, LIGHTED ROAD",REAR END,NOT DIVIDED,,STRAIGHT AND LEVEL,DRY,NO DEFECTS,NOT ON SCENE (DESK REPORT),NO INJURY / DRIVE AWAY,,,,"$501 - $1,500",7/24/2021 21:40,FOLLOWING TOO CLOSELY,FAILING TO REDUCE SPEED TO AVOID CRASH,3647,W,83RD ST,834,,,,,,,2,NO INDICATION OF INJURY,0,0,0,0,0,2,0,21,7,7,41.74219651,-87.71386409,POINT (-87.713864091127 41.742196506851)
0938d6bdce38823b239a7b3b184c42340d10552200ee8956138ddcbb5fba47076ed0e8b2206ca92d86f55fd6aec18124c4105e948479f59f376b54c410e01aff,JC236515,,4/24/2019 12:30,30,NO CONTROLS,NO CONTROLS,CLEAR,DAYLIGHT,PARKED MOTOR VEHICLE,NOT DIVIDED,,STRAIGHT AND LEVEL,DRY,NO DEFECTS,ON SCENE,NO INJURY / DRIVE AWAY,,,Y,"OVER $1,500",4/24/2019 12:31,DRIVING ON WRONG SIDE/WRONG WAY,IMPROPER LANE USAGE,2046,W,ERIE ST,1221,,,,,,,3,NO INDICATION OF INJURY,0,0,0,0,0,1,0,12,4,4,41.89325667,-87.6788493,POINT (-87.678849297784 41.893256664611)
0c160c3e70d44e8d3c9239a7fbbf16ab3797538819e2665e08ad3983b4def63514bfada3bc2c8ae4df6e90a14d4f31173294d2f8d42bbdfbb84cc67d7c749627,JE391418,,9/29/2021 9:22,30,TRAFFIC SIGNAL,FUNCTIONING PROPERLY,CLEAR,DAYLIGHT,REAR END,NOT DIVIDED,,STRAIGHT AND LEVEL,DRY,NO DEFECTS,NOT ON SCENE (DESK REPORT),NO INJURY / DRIVE AWAY,,,,"OVER $1,500",9/29/2021 10:25,FAILING TO REDUCE SPEED TO AVOID CRASH,NOT APPLICABLE,8430,W,IRVING PARK RD,1614,,,,,,,2,NO INDICATION OF INJURY,0,0,0,0,0,2,0,9,4,9,41.95223421,-87.83789817,POINT (-87.837898166443 41.952234208785)
075859a5faf88070c4758909208a8ff618f50c1546d7d70a6ca21c5a4b8fa7b72fb36d5080c2ff389a7cc02d9434997de4cd7f7bec889d0270f96213ff3f0965,JC322412,,6/26/2019 8:50,35,TRAFFIC SIGNAL,FUNCTIONING PROPERLY,CLEAR,DAYLIGHT,SIDESWIPE SAME DIRECTION,DIVIDED - W/MEDIAN (NOT RAISED),,STRAIGHT AND LEVEL,DRY,NO DEFECTS,ON SCENE,NO INJURY / DRIVE AWAY,,,,"OVER $1,500",6/26/2019 9:04,NOT APPLICABLE,NOT APPLICABLE,5231,N,BROADWAY,2023,,,,,,,2,NO INDICATION OF INJURY,0,0,0,0,0,2,0,8,4,6,41.9772643,-87.65974438,POINT (-87.659744379117 41.977264304137)
03440826a5d60ebb65e87296a4529e41dd863bde210513f539ba415af7128591d02a8cdd53aa52423305b162876b7aba2edb82dd1a176678979cbcd972e36be7,JE307820,,7/18/2021 13:40,30,NO CONTROLS,NO CONTROLS,CLEAR,DAYLIGHT,PARKED MOTOR VEHICLE,DIVIDED - W/MEDIAN (NOT RAISED),,STRAIGHT AND LEVEL,DRY,NO DEFECTS,NOT ON SCENE (DESK REPORT),NO INJURY / DRIVE AWAY,,,,"OVER $1,500",7/20/2021 13:10,UNABLE TO DETERMINE,NOT APPLICABLE,322,S,LARAMIE AVE,1522,,,,,,,2,NO INDICATION OF INJURY,0,0,0,0,0,1,0,13,1,7,41.87586472,-87.7550454,POINT (-87.755045399982 41.875864714786)
0329a882ba5e693115b2c552d4296ea56457fe8a2b994c194fdafffeca625b592cd8ef644ce31fe96ad7bd7a501bd4ae6a332ea9a114946f36f67da5d36150d0,JC438788,,9/18/2019 15:45,25,NO CONTROLS,NO CONTROLS,CLEAR,DAYLIGHT,TURNING,DIVIDED - W/MEDIAN (NOT RAISED),,STRAIGHT AND LEVEL,DRY,NO DEFECTS,NOT ON SCENE (DESK REPORT),NO INJURY / DRIVE AWAY,,,,"$501 - $1,500",9/18/2019 17:10,IMPROPER TURNING/NO SIGNAL,NOT APPLICABLE,2320,W,47TH ST,924,,,,,,,2,NO INDICATION OF INJURY,0,0,0,0,0,7,0,15,4,9,41.80853258,-87.68289214,POINT (-87.682892138166 41.808532582036)
0c3daa199a986f51ef890fc6d38a6774757d75abcce21edac7f188f6bcf2c6f20ceb6f2da3e7940e1ec0ec0f789ddfc75824bfcdcb06cb7476f19f1220ac3594,JC112596,,1/11/2019 8:30,30,NO CONTROLS,NO CONTROLS,CLEAR,DAYLIGHT,SIDESWIPE OPPOSITE DIRECTION,NOT DIVIDED,2,STRAIGHT AND LEVEL,UNKNOWN,UNKNOWN,NOT ON SCENE (DESK REPORT),NO INJURY / DRIVE AWAY,,,,"OVER $1,500",1/11/2019 9:00,UNABLE TO DETERMINE,UNABLE TO DETERMINE,10221,S,AVENUE L,432,,,,,,,2,NO INDICATION OF INJURY,0,0,0,0,0,2,0,8,6,1,41.7093847,-87.53634194,POINT (-87.536341938591 41.709384695329)
03904d844889ef9be5f0f65939dc9bde06b15c58bf7dd483c8b9f1efead9f35a2c5e30773df98934330953758098a27e9a6130265deb0b01a06c86d3f9ddec68,JG274346,Y,5/25/2023 9:00,15,NO CONTROLS,NO CONTROLS,CLEAR,DAYLIGHT,PARKED MOTOR VEHICLE,PARKING LOT,,STRAIGHT AND LEVEL,DRY,NO DEFECTS,ON SCENE,NO INJURY / DRIVE AWAY,,Y,Y,"$501 - $1,500",5/25/2023 10:16,UNABLE TO DETERMINE,UNABLE TO DETERMINE,7035,S,ASHLAND AVE,734,,,,,,,2,NO INDICATION OF INJURY,0,0,0,0,0,1,0,9,5,5,41.76567942,-87.66367245,POINT (-87.663672452528 41.765679422018)
09ba44bddea4fb6c15c5cbe3d62d9206e5c1a3d804bfc811a9647adc34b657b73dc45266c1852989cd71eb310765e88ea36a7af24da40c69ee819e50392e1e70,JD336052,,8/17/2020 20:43,30,NO CONTROLS,NO CONTROLS,CLEAR,"DARKNESS, LIGHTED ROAD",PARKED MOTOR VEHICLE,FOUR WAY,,STRAIGHT AND LEVEL,DRY,NO DEFECTS,ON SCENE,INJURY AND / OR TOW DUE TO CRASH,Y,,Y,"OVER $1,500",8/17/2020 20:43,FAILING TO REDUCE SPEED TO AVOID CRASH,NOT APPLICABLE,398,W,81ST ST,623,,,,,,,3,NO INDICATION OF INJURY,0,0,0,0,0,1,0,20,2,8,41.74725566,-87.63415162,POINT (-87.63415162422 41.747255659974)
04f4ff5bf8fde84447f6e5dcab8530491870f9a5e971385d03e658a35174dec695532af62987387fbe00343ff96c85bf3d48907079dc9a53c4485969e41ac11b,JD396406,,10/11/2020 21:20,30,NO CONTROLS,NO CONTROLS,CLEAR,DARKNESS,PARKED MOTOR VEHICLE,NOT DIVIDED,,STRAIGHT AND LEVEL,DRY,NO DEFECTS,ON SCENE,INJURY AND / OR TOW DUE TO CRASH,,,Y,"OVER $1,500",10/11/2020 21:41,FAILING TO REDUCE SPEED TO AVOID CRASH,NOT APPLICABLE,11100,S,STONY ISLAND AVE,434,,,,,,,3,NONINCAPACITATING INJURY,1,0,0,1,0,1,0,21,1,10,41.69364008,-87.57668458,POINT (-87.576684574852 41.693640077185)
042c1f40ff70a27ae945f156ad0a8a1378ea4f0ab9b6ccdc7c295d1aca7f0578dbcd2c296b39e903488b648a7ffec23760f49bd30bc05cdb888795e164ad00cd,JC182368,,3/12/2019 8:10,30,NO CONTROLS,NO CONTROLS,CLEAR,DAYLIGHT,PEDESTRIAN,NOT DIVIDED,,STRAIGHT AND LEVEL,DRY,NO DEFECTS,ON SCENE,INJURY AND / OR TOW DUE TO CRASH,,,Y,$500 OR LESS,3/12/2019 8:10,UNABLE TO DETERMINE,UNABLE TO DETERMINE,5714,W,FULLERTON AVE,2515,,,,,,,2,NONINCAPACITATING INJURY,1,0,0,1,0,1,0,8,3,3,41.92404171,-87.76912344,POINT (-87.769123441729 41.924041713761)
0cc429b47fd5a2248de14efd803a4b0f548921514b247bfb70dcc9a9bad8455ec2db5424743b2f53635885a9d601870e507d3703f07057c072ab79c37b398f17,JF248464,,5/19/2022 17:57,30,TRAFFIC SIGNAL,FUNCTIONING PROPERLY,CLEAR,DAYLIGHT,SIDESWIPE SAME DIRECTION,NOT DIVIDED,,STRAIGHT AND LEVEL,DRY,NO DEFECTS,NOT ON SCENE (DESK REPORT),NO INJURY / DRIVE AWAY,,,,"OVER $1,500",5/19/2022 18:47,FAILING TO YIELD RIGHT-OF-WAY,FAILING TO REDUCE SPEED TO AVOID CRASH,2416,S,BLUE ISLAND AVE,1034,,,,,,,2,NO INDICATION OF INJURY,0,0,0,0,0,2,0,17,5,5,41.84845863,-87.67627127,POINT (-87.676271269123 41.848458633353)
069ff2b75400a34c4d756b8ddb6055f3f4843fc303f0ca2b4f820ca7e75da888b23a56ec0513ac6ce51ff3d6069f717f681876a0d69b47c975db953b4e5b3e40,JA397678,,8/19/2017 12:00,30,TRAFFIC SIGNAL,FUNCTIONING PROPERLY,CLEAR,DAYLIGHT,SIDESWIPE SAME DIRECTION,NOT DIVIDED,2,STRAIGHT AND LEVEL,DRY,NO DEFECTS,NOT ON SCENE (DESK REPORT),NO INJURY / DRIVE AWAY,Y,,,"OVER $1,500",8/19/2017 12:39,FOLLOWING TOO CLOSELY,FOLLOWING TOO CLOSELY,810,W,NORTH AVE,1813,,,,,,,2,NO INDICATION OF INJURY,0,0,0,0,0,3,0,12,7,8,41.91102258,-87.64876152,POINT (-87.648761518914 41.911022577924)
03f1a30d99d160deef6ccdfbd74df6bc3e66eff3ef15d8716556813f44541459422c2eeaf589baa1308a3f623164f31f2817405366f267b1315d378ec6894542,JD299301,,7/16/2020 12:00,30,STOP SIGN/FLASHER,FUNCTIONING PROPERLY,CLEAR,DAYLIGHT,REAR END,NOT DIVIDED,,STRAIGHT AND LEVEL,DRY,NO DEFECTS,NOT ON SCENE (DESK REPORT),NO INJURY / DRIVE AWAY,,,Y,"OVER $1,500",7/16/2020 12:15,"OPERATING VEHICLE IN ERRATIC, RECKLESS, CARELESS, NEGLIGENT OR AGGRESSIVE MANNER",NOT APPLICABLE,5800,W,LAKE ST,1512,,,,,,,2,NO INDICATION OF INJURY,0,0,0,0,0,2,0,12,5,7,41.88798159,-87.7700029,POINT (-87.770002903389 41.887981585623)
04143f483bc35ea08bd44cf94dac19d8748477186c9eb86aa6ea5ea3422320b82c49bee13de9eca7678e291b7bcb3528dff4b0991c8336e6e15c216e543af20c,JF467921,,11/7/2022 14:30,30,NO CONTROLS,NO CONTROLS,CLEAR,DAYLIGHT,PARKED MOTOR VEHICLE,PARKING LOT,,STRAIGHT AND LEVEL,DRY,NO DEFECTS,NOT ON SCENE (DESK REPORT),NO INJURY / DRIVE AWAY,,Y,Y,"OVER $1,500",11/9/2022 8:30,UNABLE TO DETERMINE,UNABLE TO DETERMINE,2656,N,ELSTON AVE,1432,,,,,,,2,NO INDICATION OF INJURY,0,0,0,0,0,1,0,14,2,11,41.929849,-87.68464378,POINT (-87.684643783527 41.929848996597)
059c03b8c3e678193a2b9f263583f466023bc9a730f5e1fcdab7e914d621570a607c2049d3f0188eb8491c4723326a7404757695d087f06ab9af1ab61b1deaa8,JB214067,,4/6/2018 16:45,30,NO CONTROLS,NO CONTROLS,CLEAR,DAYLIGHT,REAR END,NOT DIVIDED,,STRAIGHT AND LEVEL,DRY,NO DEFECTS,NOT ON SCENE (DESK REPORT),NO INJURY / DRIVE AWAY,,,,$500 OR LESS,4/6/2018 17:39,UNABLE TO DETERMINE,NOT APPLICABLE,937,N,WOOD ST,1213,,,,,,,2,NO INDICATION OF INJURY,0,0,0,0,0,2,0,16,6,4,41.89891251,-87.67211642,POINT (-87.672116416499 41.898912513372)
09c7cda66235f09544f763a9d36aae32d25f0e9c38f13c6802edfaec55f038e0c56fcaed97a8f439177bfa7c07a0300b976b34d0ab842fe7449779fe7b74ea2a,JC543325,,12/10/2019 7:00,30,NO CONTROLS,NO CONTROLS,CLEAR,DAYLIGHT,PARKED MOTOR VEHICLE,NOT DIVIDED,,STRAIGHT AND LEVEL,DRY,NO DEFECTS,NOT ON SCENE (DESK REPORT),NO INJURY / DRIVE AWAY,,,Y,"$501 - $1,500",12/11/2019 18:50,NOT APPLICABLE,NOT APPLICABLE,3535,W,NORTH AVE,1422,,,,,,,2,NO INDICATION OF INJURY,0,0,0,0,0,1,0,7,3,12,41.90989492,-87.71581479,POINT (-87.715814787705 41.909894917074)
009fce0ef37c9a83963237e44e8945bf3dce610fb5a57313a73c955cfadd57bba1ebe548f16a2b19862c65745d9d38ec056a4028eb80c523a54ab92151dff8d4,JC464128,,10/7/2019 23:00,30,TRAFFIC SIGNAL,UNKNOWN,CLEAR,"DARKNESS, LIGHTED ROAD",ANGLE,FOUR WAY,,STRAIGHT AND LEVEL,DRY,NO DEFECTS,ON SCENE,INJURY AND / OR TOW DUE TO CRASH,Y,,,"OVER $1,500",10/7/2019 23:00,DISREGARDING TRAFFIC SIGNALS,NOT APPLICABLE,140,W,43RD ST,925,,,,,,,2,NONINCAPACITATING INJURY,1,0,0,1,0,2,0,23,2,10,41.81654246,-87.63026813,POINT (-87.630268133818 41.816542463675)
08ecf985ce3d718a3859e6c78ed73f97426129761b70a5cd58fa373779095fccdc2e5c2cabae4a707c41d9eef0ea99587ebd10d0a6b29e95c28f7beccc1cd494,JD214551,,4/22/2020 12:00,10,NO CONTROLS,NO CONTROLS,CLEAR,DAYLIGHT,PARKED MOTOR VEHICLE,PARKING LOT,,STRAIGHT AND LEVEL,DRY,NO DEFECTS,NOT ON SCENE (DESK REPORT),NO INJURY / DRIVE AWAY,,,Y,"OVER $1,500",4/22/2020 13:15,UNABLE TO DETERMINE,UNABLE TO DETERMINE,1808,W,THOME AVE,2433,,,,,,,2,NO INDICATION OF INJURY,0,0,0,0,0,1,0,12,4,4,41.99565933,-87.67570063,POINT (-87.675700626868 41.995659329197)
0bfbb797c7c069ea014253e57be175eaf46c9ccf89a8298cd2b9fdb665c12dfbd2af67933bd5abca2615391b3beb3ce07063d3afe25f13f112b27f65a5095a3a,JE469436,Y,12/7/2021 16:30,30,NO CONTROLS,NO CONTROLS,CLEAR,DARKNESS,PARKED MOTOR VEHICLE,ONE-WAY,,STRAIGHT AND LEVEL,DRY,NO DEFECTS,ON SCENE,INJURY AND / OR TOW DUE TO CRASH,,,Y,"OVER $1,500",12/7/2021 17:33,NOT APPLICABLE,NOT APPLICABLE,1647,W,86TH ST,614,,,,,,,2,NO INDICATION OF INJURY,0,0,0,0,0,1,0,16,3,12,41.73747872,-87.66497428,POINT (-87.664974277319 41.737478716884)
052db106e1499fbcecc8f2186bfbced5cbee8eb8f6913658c3c8b333a67fa4ab19631c178dd08951215ebab880a7a5dd565f863109478b987fd365ccc85a14f7,JD151891,,2/14/2020 16:20,30,TRAFFIC SIGNAL,FUNCTIONING PROPERLY,CLEAR,DAYLIGHT,ANGLE,PARKING LOT,,STRAIGHT AND LEVEL,DRY,NO DEFECTS,NOT ON SCENE (DESK REPORT),NO INJURY / DRIVE AWAY,,,,"$501 - $1,500",2/14/2020 17:10,IMPROPER BACKING,IMPROPER BACKING,4920,S,CHICAGO BEACH DR,222,,,,,,,2,NO INDICATION OF INJURY,0,0,0,0,0,2,0,16,6,2,41.80557733,-87.58496948,POINT (-87.584969482509 41.805577327833)
0532635a804bbd04fe934bf13aaffd7bcae2454d70d985045d3c9ed6b4fda6553dadcd8b1dddc077bee256f9805608849520c9275ba3460bfe49c2cd305ace77,JB173496,,3/4/2018 15:00,30,TRAFFIC SIGNAL,FUNCTIONING IMPROPERLY,CLEAR,DAYLIGHT,TURNING,CENTER TURN LANE,4,STRAIGHT AND LEVEL,DRY,NO DEFECTS,ON SCENE,INJURY AND / OR TOW DUE TO CRASH,Y,,,"OVER $1,500",3/4/2018 15:04,UNABLE TO DETERMINE,UNABLE TO DETERMINE,160,W,CERMAK RD,914,,,,,,,6,NONINCAPACITATING INJURY,2,0,0,2,0,4,0,15,1,3,41.8529657,-87.63175599,POINT (-87.631755989104 41.852965703857)
05122411a4e5784757096856a777be3b75f326f611c4e5ba48e6da1e59fd764b570d54bbef077155e517b1c089989cb0436e3ed4e0bee726f752f48b9aef331f,JF392895,Y,9/11/2022 19:00,30,NO CONTROLS,NO CONTROLS,UNKNOWN,UNKNOWN,PARKED MOTOR VEHICLE,PARKING LOT,,STRAIGHT AND LEVEL,DRY,NO DEFECTS,,NO INJURY / DRIVE AWAY,,,Y,"OVER $1,500",9/12/2022 10:44,UNABLE TO DETERMINE,UNABLE TO DETERMINE,2251,S,WHIPPLE ST,1033,,,,,,,2,NO INDICATION OF INJURY,0,0,0,0,0,1,0,19,1,9,41.85031924,-87.7013852,POINT (-87.70138519801 41.850319243423)
098abd93bda8f233986a443ab11b05493ebb83af62dddf9dd74e5516aeab7baec520d6cace1c5a178f9aa4f586fa8b1a9f01111514d3bb4489a29a3d5fa47f0b,JD113609,,1/9/2020 17:45,30,UNKNOWN,UNKNOWN,CLEAR,"DARKNESS, LIGHTED ROAD",REAR END,NOT DIVIDED,,STRAIGHT AND LEVEL,DRY,UNKNOWN,NOT ON SCENE (DESK REPORT),NO INJURY / DRIVE AWAY,,,,$500 OR LESS,1/13/2020 0:30,FOLLOWING TOO CLOSELY,NOT APPLICABLE,5406,W,WASHINGTON BLVD,1523,,,,,,,2,NO INDICATION OF INJURY,0,0,0,0,0,2,0,17,5,1,41.88241255,-87.76051898,POINT (-87.760518982805 41.882412554084)
021234114b6bc54f9c433ca2ed85074a6e03c1e0f2c828614f958d460e1e257eaeb713eb776e57724e080d62153b112dd6796d979c673f53427ff6ce4d25183d,JB135297,,1/30/2018 15:00,30,NO CONTROLS,NO CONTROLS,CLOUDY/OVERCAST,DAYLIGHT,TURNING,NOT DIVIDED,2,STRAIGHT AND LEVEL,DRY,NO DEFECTS,ON SCENE,INJURY AND / OR TOW DUE TO CRASH,Y,,,$500 OR LESS,1/30/2018 15:05,FOLLOWING TOO CLOSELY,NOT APPLICABLE,1100,S,PULASKI RD,1132,,,,,,,2,"REPORTED, NOT EVIDENT",1,0,0,0,1,4,0,15,3,1,41.86794512,-87.72539115,POINT (-87.725391153844 41.86794511498)
05aac6ee41cf24d40eb8bdb20ffef51f43f46c15b7b17a0f30844d4e8570ddbe1af7c7b00583d4854d94994cfcf681905aa69cc284e0161b36e0c21f99694d26,JE345147,,8/21/2021 16:39,35,NO CONTROLS,NO CONTROLS,RAIN,DAYLIGHT,SIDESWIPE SAME DIRECTION,DIVIDED - W/MEDIAN BARRIER,,STRAIGHT AND LEVEL,WET,NO DEFECTS,ON SCENE,NO INJURY / DRIVE AWAY,,,Y,"$501 - $1,500",8/21/2021 16:39,DRIVING SKILLS/KNOWLEDGE/EXPERIENCE,UNABLE TO DETERMINE,10532,S,INDIANAPOLIS AVE,432,,,,,,,2,NO INDICATION OF INJURY,0,0,0,0,0,2,0,16,7,8,41.70366236,-87.52571243,POINT (-87.52571242676 41.703662360894)
03f2cc6200ed5ecc1145f144a5d31bd3877e1d28de38282e4dc9f4256bec466932a81c2586fc40e2eaeff73f353350d61808b6ff5271bde8adfc3ae9f03732b7,JE329054,,8/7/2021 4:56,30,TRAFFIC SIGNAL,FUNCTIONING PROPERLY,CLEAR,"DARKNESS, LIGHTED ROAD",TURNING,DIVIDED - W/MEDIAN (NOT RAISED),,STRAIGHT AND LEVEL,DRY,UNKNOWN,ON SCENE,INJURY AND / OR TOW DUE TO CRASH,,,Y,"OVER $1,500",8/7/2021 4:57,FAILING TO YIELD RIGHT-OF-WAY,FAILING TO YIELD RIGHT-OF-WAY,6300,S,KEDZIE AVE,823,,,,,,,2,NO INDICATION OF INJURY,0,0,0,0,0,2,0,4,7,8,41.77894575,-87.70328312,POINT (-87.703283119003 41.77894575018)
024cf2fd782c1da4897ed0db1182788760408ee92b6cf610fa364733822c141ec6c74d4b8481f8310060436e4652249c889b0b72f9ebda591f8d3699a8172f25,JA417221,,8/31/2017 17:15,15,NO CONTROLS,NO CONTROLS,CLEAR,DAYLIGHT,REAR END,PARKING LOT,0,STRAIGHT AND LEVEL,DRY,NO DEFECTS,NOT ON SCENE (DESK REPORT),NO INJURY / DRIVE AWAY,,,Y,"$501 - $1,500",9/3/2017 13:20,FAILING TO YIELD RIGHT-OF-WAY,IMPROPER BACKING,4748,W,NORTH AVE,2533,,,,,,,2,NO INDICATION OF INJURY,0,0,0,0,0,2,0,17,5,8,41.90974167,-87.74563748,POINT (-87.745637481111 41.909741671332)
050fcd99119aa9a709e58194052b4d4bef7b637b6858088e26787f573e1f43f462901d1a637dc4fc2f52775bde1cddfaa11d3fba9ec8527ba9b9490501b2cfd7,JD113265,,1/12/2020 15:47,30,NO CONTROLS,NO CONTROLS,SNOW,DUSK,SIDESWIPE SAME DIRECTION,DIVIDED - W/MEDIAN (NOT RAISED),,STRAIGHT AND LEVEL,WET,NO DEFECTS,ON SCENE,INJURY AND / OR TOW DUE TO CRASH,,,Y,"OVER $1,500",1/12/2020 15:47,UNABLE TO DETERMINE,UNABLE TO DETERMINE,8101,S,STONY ISLAND AVE,411,,,,,,,2,NO INDICATION OF INJURY,0,0,0,0,0,3,0,15,1,1,41.74775885,-87.58530024,POINT (-87.585300235514 41.747758854371)
0b8165bd81d72ed466676c4c384bd40bc701f127faa8b3bd6b7521d356c38f790baf1c6979c05332e33b572e899fd8f06d33f27c48d8243f6051e1ac69f0ac56,JA488566,,10/27/2017 17:40,30,STOP SIGN/FLASHER,FUNCTIONING PROPERLY,CLEAR,"DARKNESS, LIGHTED ROAD",ANGLE,DIVIDED - W/MEDIAN (NOT RAISED),,STRAIGHT AND LEVEL,DRY,NO DEFECTS,,NO INJURY / DRIVE AWAY,,,,"OVER $1,500",10/27/2017 18:35,FAILING TO YIELD RIGHT-OF-WAY,NOT APPLICABLE,7300,W,ADDISON ST,1631,,,,,,,2,NO INDICATION OF INJURY,0,0,0,0,0,3,0,17,6,10,41.94532431,-87.8094862,POINT (-87.809486202022 41.945324313441)