CRASH_RECORD_ID,RD_NO,CRASH_DATE_EST_I,CRASH_DATE,POSTED_SPEED_LIMIT,TRAFFIC_CONTROL_DEVICE,DEVICE_CONDITION,WEATHER_CONDITION,LIGHTING_CONDITION,FIRST_CRASH_TYPE,TRAFFICWAY_TYPE,LANE_CNT,ALIGNMENT,ROADWAY_SURFACE_COND,ROAD_DEFECT,REPORT_TYPE,CRASH_TYPE,INTERSECTION_RELATED_I,NOT_RIGHT_OF_WAY_I,HIT_AND_RUN_I,DAMAGE,DATE_POLICE_NOTIFIED,PRIM_CONTRIBUTORY_CAUSE,SEC_CONTRIBUTORY_CAUSE,STREET_NO,STREET_DIRECTION,STREET_NAME,BEAT_OF_OCCURRENCE,PHOTOS_TAKEN_I,STATEMENTS_TAKEN_I,DOORING_I,WORK_ZONE_I,WORK_ZONE_TYPE,WORKERS_PRESENT_I,NUM_UNITS,MOST_SEVERE_INJURY,INJURIES_TOTAL,INJURIES_FATAL,INJURIES_INCAPACITATING,INJURIES_NON_INCAPACITATING,INJURIES_REPORTED_NOT_EVIDENT,INJURIES_NO_INDICATION,INJURIES_UNKNOWN,CRASH_HOUR,CRASH_DAY_OF_WEEK,CRASH_MONTH,LATITUDE,LONGITUDE,LOCATION
0398f82f6c16391a3f3c35d4d5350ab607a79d437ac5bbb1949f8c67f13ea36bdb4927c6a5a0ccdb9f89df5f77cfa9984268dd7a84ebf1ad22ba4e2baa2da64c,JE261477,,6/10/2021 21:54,30,STOP SIGN/FLASHER,FUNCTIONING PROPERLY,CLEAR,"DARKNESS, LIGHTED ROAD",REAR END,DIVIDED - W/MEDIAN (NOT RAISED),,STRAIGHT AND LEVEL,DRY,NO DEFECTS,ON SCENE,INJURY AND / OR TOW DUE TO CRASH,Y,,Y,"OVER $1,500",6/10/2021 23:13,FOLLOWING TOO CLOSELY,NOT APPLICABLE,2858,S,CENTRAL PARK AVE,1032,,,,,,,2,"REPORTED, NOT EVIDENT",1,0,0,0,1,1,0,21,5,6,41.83897693,-87.71479102,POINT (-87.714791019547 41.838976929231)
01371093c6ed757d2f238a2ee0acc9d3da18ece109cea83d84a81363e7929451261fc521100aae15ef6f1b2a029c9df6c7595bc073e5fa9c7b9876eb663b1508,JF131718,,2/2/2022 9:00,30,TRAFFIC SIGNAL,FUNCTIONING PROPERLY,SNOW,DAYLIGHT,REAR END,DIVIDED - W/MEDIAN (NOT RAISED),,STRAIGHT AND LEVEL,SNOW OR SLUSH,NO DEFECTS,NOT ON SCENE (DESK REPORT),NO INJURY / DRIVE AWAY,,,,$500 OR LESS,2/2/2022 10:15,UNABLE TO DETERMINE,UNABLE TO DETERMINE,2801,W,NORTH AVE,1423,,,,,,,2,NO INDICATION OF INJURY,0,0,0,0,0,3,0,9,4,2,41.91010715,-87.69708207,POINT (-87.697082070151 41.91010715092)
04e73fff1e96459dfa8f6d01033417fba2d75d07699e48e0cb168115c8aa0f56d21742e9e6bf2fa8f1e0b767886e1ad956531812544cff7bccfad573d823e432,JE380936,,9/20/2021 14:28,30,TRAFFIC SIGNAL,FUNCTIONING PROPERLY,CLEAR,DAYLIGHT,ANGLE,FOUR WAY,,STRAIGHT AND LEVEL,DRY,NO DEFECTS,ON SCENE,INJURY AND / OR TOW DUE TO CRASH,Y,,,"OVER $1,500",9/20/2021 14:47,DISREGARDING TRAFFIC SIGNALS,UNABLE TO DETERMINE,249,W,47TH ST,935,,,,,,,2,"REPORTED, NOT EVIDENT",1,0,0,0,1,1,0,14,2,9,41.80898713,-87.63272798,POINT (-87.632727981093 41.808987134285)
085d2198db6f46bd7d827e108c9f8f02267307ef076359fb93c2a26fb9e82971764e558b11c444b0eacf5697afa1c114a0dacab089e132d3843dfbef17a0a492,JG204988,,3/30/2023 16:00,30,TRAFFIC SIGNAL,FUNCTIONING PROPERLY,CLEAR,DAYLIGHT,HEAD ON,FOUR WAY,,STRAIGHT AND LEVEL,DRY,NO DEFECTS,NOT ON SCENE (DESK REPORT),NO INJURY / DRIVE AWAY,N,,,"OVER $1,500",3/30/2023 16:00,FAILING TO YIELD RIGHT-OF-WAY,UNABLE TO DETERMINE,6254,S,DAMEN AVE,714,,,,,,,2,NO INDICATION OF INJURY,0,0,0,0,0,3,0,16,5,3,41.77952033,-87.67405097,POINT (-87.674050974204 41.779520331347)
065341e2b16e4c7a78270c7274cfa5732f5209d0ac83ca82d50ad2ee7bc8613fd818f2dc9a0e8c2f452219746727834a43f5707906de3fbbf4c44b9e8ef3e707,JD363666,,9/11/2020 7:50,30,NO CONTROLS,NO CONTROLS,CLEAR,DAYLIGHT,REAR END,DIVIDED - W/MEDIAN (NOT RAISED),,STRAIGHT AND LEVEL,DRY,NO DEFECTS,NOT ON SCENE (DESK REPORT),NO INJURY / DRIVE AWAY,,,,"$501 - $1,500",9/11/2020 11:45,FOLLOWING TOO CLOSELY,UNABLE TO DETERMINE,3955,W,PETERSON AVE,1711,,,,,,,2,NO INDICATION OF INJURY,0,0,0,0,0,2,0,7,6,9,41.99002618,-87.72860289,POINT (-87.728602892402 41.990026177342)
094907244f8ce95332dd28f7718b9498ccd971848c017145f4e026eb57d59deba3cebdce763314e1bb6f90f6604240a213a13396c58b5ce9f64836a604594c77,JB423562,,9/4/2018 15:35,30,NO CONTROLS,NO CONTROLS,CLEAR,DAYLIGHT,REAR END,OTHER,4,STRAIGHT AND LEVEL,DRY,UNKNOWN,NOT ON SCENE (DESK REPORT),NO INJURY / DRIVE AWAY,,,,"$501 - $1,500",9/5/2018 16:45,UNABLE TO DETERMINE,UNABLE TO DETERMINE,2400,N,LAKE SHORE DR NB,1935,,,,,,,2,NO INDICATION OF INJURY,0,0,0,0,0,2,0,15,3,9,41.92616072,-87.63151467,POINT (-87.631514664826 41.926160719812)
0c70a54b861fc8978a867004358b58a890416097ae0378da777dd66c907c87a3f4af36b60f309b7cc42a4faf0fee75e9438782329dc539d48e45428ae5afc76f,JC448577,,9/25/2019 20:31,30,TRAFFIC SIGNAL,FUNCTIONING PROPERLY,CLEAR,"DARKNESS, LIGHTED ROAD",SIDESWIPE SAME DIRECTION,ROUNDABOUT,,STRAIGHT AND LEVEL,DRY,NO DEFECTS,NOT ON SCENE (DESK REPORT),NO INJURY / DRIVE AWAY,Y,,,"OVER $1,500",9/25/2019 22:00,IMPROPER OVERTAKING/PASSING,UNABLE TO DETERMINE,3129,W,LOGAN BLVD,1414,,,,,,,2,NO INDICATION OF INJURY,0,0,0,0,0,4,0,20,4,9,41.9278642,-87.70616188,POINT (-87.706161881884 41.927864202687)
085e6243d0a63b67b48fdd6269d1498c471d394efde2b3e1cece3d98aee90a300c1696ea5e1dfc346f35014a7730998871615d1be422a107d343aa4982c15524,JA190131,,3/17/2017 10:55,30,TRAFFIC SIGNAL,FUNCTIONING PROPERLY,RAIN,DAYLIGHT,TURNING,NOT DIVIDED,4,STRAIGHT AND LEVEL,WET,NO DEFECTS,NOT ON SCENE (DESK REPORT),NO INJURY / DRIVE AWAY,Y,,,"$501 - $1,500",3/17/2017 11:10,IMPROPER LANE USAGE,IMPROPER LANE USAGE,151,W,CERMAK RD,914,,,,,,,2,NO INDICATION OF INJURY,0,0,0,0,0,3,0,10,6,3,41.85275332,-87.63130038,POINT (-87.631300377216 41.852753320059)
0b811f73d2d8e1d78f666e81352e81727bc77e6bceb50efea3b461dac531be0352638418a647f4580050e21f93e7174e7be6b926666663265274db4b8c5d0b48,JD414579,,10/29/2020 15:20,30,TRAFFIC SIGNAL,FUNCTIONING PROPERLY,CLEAR,DAYLIGHT,ANGLE,T-INTERSECTION,,STRAIGHT AND LEVEL,DRY,NO DEFECTS,ON SCENE,INJURY AND / OR TOW DUE TO CRASH,N,,N,"OVER $1,500",10/29/2020 16:00,DISREGARDING TRAFFIC SIGNALS,NOT APPLICABLE,232,W,59TH ST,711,,,,,,,2,NO INDICATION OF INJURY,0,0,0,0,0,2,0,15,5,10,41.78732836,-87.63193686,POINT (-87.631936859085 41.787328356252)
01208f703a21d2c280d86d9502eaa3e2adff32caef1f92f6712f6f0a4374daefd276b3f33b09053e5e2967375d16eca6974b0d5439066b19fc15ed614bcbfcd3,JF419371,,10/2/2022 14:30,15,NO CONTROLS,NO CONTROLS,CLEAR,DAYLIGHT,SIDESWIPE OPPOSITE DIRECTION,PARKING LOT,,STRAIGHT AND LEVEL,DRY,NO DEFECTS,NOT ON SCENE (DESK REPORT),NO INJURY / DRIVE AWAY,,,Y,"OVER $1,500",10/2/2022 17:55,DRIVING SKILLS/KNOWLEDGE/EXPERIENCE,NOT APPLICABLE,4100,S,ASHLAND AVE,924,,,,,,,2,NO INDICATION OF INJURY,0,0,0,0,0,3,0,14,1,10,41.81944143,-87.66537555,POINT (-87.665375544909 41.819441426296)
05f70187a274b142561dd8c349a2c355c16a8073e64a9da7a71d9fad580381fa0500a87f76ec05d72c5669817bf82af721a18f4ec206f36d4fb991d9e3f486b5,JB446792,,10/8/2018 7:18,35,NO CONTROLS,NO CONTROLS,RAIN,DAYLIGHT,FIXED OBJECT,NOT DIVIDED,2,STRAIGHT AND LEVEL,WET,NO DEFECTS,ON SCENE,INJURY AND / OR TOW DUE TO CRASH,,,,"OVER $1,500",10/8/2018 7:22,FAILING TO YIELD RIGHT-OF-WAY,WEATHER,6618,N,CENTRAL AVE,1621,,,,,,,1,NO INDICATION OF INJURY,0,0,0,0,0,1,0,7,2,10,42.00145729,-87.76250095,POINT (-87.762500949698 42.001457289749)
0bcfa586992991463ddc68dd89416ffa56b9fe84449055662efa5d91b4a48953e81a34e9eda663825c17e844def0bafa222e299a4e39373be0ff2c8f7ee18cca,JG127539,,1/23/2023 20:00,30,NO CONTROLS,NO CONTROLS,CLEAR,"DARKNESS, LIGHTED ROAD",SIDESWIPE SAME DIRECTION,NOT DIVIDED,,STRAIGHT AND LEVEL,UNKNOWN,NO DEFECTS,NOT ON SCENE (DESK REPORT),NO INJURY / DRIVE AWAY,,,Y,"OVER $1,500",1/24/2023 9:41,UNABLE TO DETERMINE,NOT APPLICABLE,598,W,31ST ST,914,,,,,,,2,NO INDICATION OF INJURY,0,0,0,0,0,2,0,20,2,1,41.8382181,-87.64135794,POINT (-87.641357941898 41.838218104483)
084d661d955f570c5ec0b01a2f3e613f715df4acc7c3db988269bbda425f3de032921b1825fed122a4f524cca4bb2e6db1b2e7e81a7c7261954a306a8bd26a0e,JB381617,,8/5/2018 12:30,30,STOP SIGN/FLASHER,NO CONTROLS,CLEAR,DAYLIGHT,ANGLE,NOT DIVIDED,,STRAIGHT AND LEVEL,DRY,NO DEFECTS,NOT ON SCENE (DESK REPORT),NO INJURY / DRIVE AWAY,,,Y,$500 OR LESS,8/6/2018 12:12,FAILING TO YIELD RIGHT-OF-WAY,NOT APPLICABLE,1934,W,79TH ST,611,,,,,,,2,NO INDICATION OF INJURY,0,0,0,0,0,2,0,12,1,8,41.75035275,-87.67220246,POINT (-87.672202458121 41.750352745624)
02b98e6cef9201810a81459aaaa598b1fb17ff6f5ef93392dda35f6dda1d5bc5d89ee92c7a9b0e0eb6c39a42a8183e62185f0ef2715f23afed41e30349c3913f,JB308918,,6/16/2018 2:12,30,STOP SIGN/FLASHER,NO CONTROLS,CLEAR,"DARKNESS, LIGHTED ROAD",REAR END,NOT DIVIDED,2,STRAIGHT AND LEVEL,DRY,NO DEFECTS,ON SCENE,INJURY AND / OR TOW DUE TO CRASH,Y,,Y,"OVER $1,500",6/16/2018 2:13,FOLLOWING TOO CLOSELY,FAILING TO REDUCE SPEED TO AVOID CRASH,258,E,75TH ST,323,,,,,,,3,"REPORTED, NOT EVIDENT",1,0,0,0,1,2,0,2,7,6,41.75845943,-87.61838999,POINT (-87.618389986428 41.758459425572)
04adf8dde86502552ffe1cc23926a5de4cef35e6cadcc8d9d74b21b41b40339676e82ad34375e0431fcc7060780ace967693b38524f2e8423f36ee9140052c2e,JB563992,,12/22/2018 13:45,30,NO CONTROLS,NO CONTROLS,CLEAR,DAYLIGHT,PARKED MOTOR VEHICLE,DIVIDED - W/MEDIAN (NOT RAISED),,STRAIGHT AND LEVEL,DRY,NO DEFECTS,ON SCENE,INJURY AND / OR TOW DUE TO CRASH,,,Y,"OVER $1,500",12/22/2018 15:24,UNABLE TO DETERMINE,UNABLE TO DETERMINE,5639,W,AUGUSTA BLVD,1511,,,,,,,2,NO INDICATION OF INJURY,0,0,0,0,0,1,0,13,7,12,41.89836551,-87.76704619,POINT (-87.767046189846 41.898365508159)
0a080bee9119ca287717607527a6a45d94b892c2dc73fc4037ce32378501d15c0fdf355252ce16e9f7dacbc54206de95e496d5f25d1ed41cbbae9212d928a92e,JA379300,,8/6/2017 4:26,30,OTHER,FUNCTIONING PROPERLY,CLEAR,"DARKNESS, LIGHTED ROAD",OTHER OBJECT,CENTER TURN LANE,2,STRAIGHT AND LEVEL,DRY,NO DEFECTS,ON SCENE,INJURY AND / OR TOW DUE TO CRASH,Y,,,"OVER $1,500",8/6/2017 4:26,PHYSICAL CONDITION OF DRIVER,PHYSICAL CONDITION OF DRIVER,4600,S,KEDZIE AVE,821,,,,Y,UTILITY,,3,NO INDICATION OF INJURY,0,0,0,0,0,2,0,4,1,8,41.80984548,-87.70419017,POINT (-87.70419017109 41.809845477587)
062807bbfcaa01cc8ab7dc2711d380f65c47ab01c80f9d23f256a8f6ac65dcbce9bbfea519128b05fef4554ff85f2b563559444fba2e033c60c08d7e446d65ee,JF367437,,8/23/2022 13:30,30,STOP SIGN/FLASHER,UNKNOWN,CLEAR,DAYLIGHT,ANGLE,T-INTERSECTION,,STRAIGHT AND LEVEL,DRY,UNKNOWN,ON SCENE,NO INJURY / DRIVE AWAY,Y,,,"$501 - $1,500",8/23/2022 13:49,UNABLE TO DETERMINE,UNABLE TO DETERMINE,5800,S,INDIANA AVE,232,,,,,,,2,NO INDICATION OF INJURY,0,0,0,0,0,2,0,13,3,8,41.7891756,-87.62084906,POINT (-87.620849058528 41.789175595836)
0a247d1eed89cd3145ecd250af8cd54a55a780be151c9bdb623ba5e7abd3fe546a211dc04f496d576ce2787208ec6dfa34a4ee01ef3322639bd7e64a4e42acb0,JD318880,,6/7/2020 20:10,30,NO CONTROLS,NO CONTROLS,CLEAR,DAYLIGHT,SIDESWIPE SAME DIRECTION,NOT DIVIDED,,STRAIGHT AND LEVEL,DRY,NO DEFECTS,NOT ON SCENE (DESK REPORT),INJURY AND / OR TOW DUE TO CRASH,,,N,"$501 - $1,500",6/7/2020 20:10,IMPROPER OVERTAKING/PASSING,NOT APPLICABLE,401,W,MARQUETTE RD,722,,,,N,,,2,NO INDICATION OF INJURY,0,0,0,0,0,2,0,20,1,6,41.77252171,-87.63497199,POINT (-87.634971991565 41.772521708912)
0b99dc8d686606bcae8e2cf199069a9a46000dfd263617accdc690716bce0ff5555bca7e20ffc7f4bab2c7df8535445b475f4f32b06e457daa0e5dfc7f157823,JC240253,,4/25/2019 15:20,30,STOP SIGN/FLASHER,FUNCTIONING PROPERLY,CLEAR,DAYLIGHT,ANGLE,FOUR WAY,,STRAIGHT AND LEVEL,DRY,NO DEFECTS,NOT ON SCENE (DESK REPORT),NO INJURY / DRIVE AWAY,Y,,,"OVER $1,500",4/27/2019 8:30,UNABLE TO DETERMINE,UNABLE TO DETERMINE,9400,S,EMERALD AVE,2223,,,,,,,2,NO INDICATION OF INJURY,0,0,0,0,0,2,0,15,5,4,41.72320702,-87.6421928,POINT (-87.64219279542 41.723207021421)
0380aeaf48686e5b47360f3303941aca38cb8d6ee153c19251c0e3a5e13a67c911585c936cad106d6e70d2e79694fd119dfabfde737fc5ca922e3de7674a59fc,JD189900,,3/17/2020 22:45,30,NO CONTROLS,NO CONTROLS,CLEAR,"DARKNESS, LIGHTED ROAD",PARKED MOTOR VEHICLE,ONE-WAY,,STRAIGHT AND LEVEL,DRY,NO DEFECTS,NOT ON SCENE (DESK REPORT),NO INJURY / DRIVE AWAY,,,Y,"OVER $1,500",3/18/2020 20:35,UNABLE TO DETERMINE,NOT APPLICABLE,4115,W,MELROSE ST,1731,,,,,,,2,NO INDICATION OF INJURY,0,0,0,0,0,1,0,22,3,3,41.93985236,-87.73030421,POINT (-87.730304205738 41.939852363852)
0ace8f353a2f0ccda0f0bf7eb45002b76495e0bf1e82a908a96a2e0469f03e1e649a76fb111f2bbc153fdbd706acb6df15e46b3b3049dbdf07d9e91c3846025d,JD273443,,6/23/2020 12:00,30,NO CONTROLS,NO CONTROLS,CLEAR,DAYLIGHT,TURNING,NOT DIVIDED,,STRAIGHT AND LEVEL,DRY,NO DEFECTS,NOT ON SCENE (DESK REPORT),NO INJURY / DRIVE AWAY,,,,"OVER $1,500",6/23/2020 12:15,FAILING TO YIELD RIGHT-OF-WAY,NOT APPLICABLE,7180,W,GRAND AVE,2512,,,,,,,2,NO INDICATION OF INJURY,0,0,0,0,0,2,0,12,3,6,41.92402118,-87.80562441,POINT (-87.805624406301 41.92402117963)
02cb273940d767083a6bdae669b1dbe329b3e725bb2e29c240e41a1d215d7ce654031d1478578f2922297782c133fd4fe4717b3494073eab5a1ca75cd9431faa,JE270284,,6/18/2021 8:43,30,STOP SIGN/FLASHER,FUNCTIONING PROPERLY,CLEAR,DAYLIGHT,ANGLE,FOUR WAY,,STRAIGHT AND LEVEL,DRY,NO DEFECTS,ON SCENE,NO INJURY / DRIVE AWAY,Y,,,$500 OR LESS,6/18/2021 8:59,FAILING TO YIELD RIGHT-OF-WAY,FAILING TO YIELD RIGHT-OF-WAY,3000,S,KOSTNER AVE,1031,,,,,,,2,NO INDICATION OF INJURY,0,0,0,0,0,2,0,8,6,6,41.83853247,-87.73426777,POINT (-87.734267772157 41.838532465925)
0bd2eb1049a2c975ac24332ee796a1ff25e175b97bd26d516fc3d258da11027139de42d6a3e33a6c3b5b333bf6bc5d2b29e00f2f67e2519bc3544eebc641994d,JF313587,,7/9/2022 10:45,30,NO CONTROLS,NO CONTROLS,CLEAR,DAYLIGHT,REAR END,OTHER,,STRAIGHT AND LEVEL,DRY,NO DEFECTS,NOT ON SCENE (DESK REPORT),NO INJURY / DRIVE AWAY,,,Y,"$501 - $1,500",7/11/2022 15:28,IMPROPER BACKING,NOT APPLICABLE,5155,S,PULASKI RD,822,,,,,,,2,NO INDICATION OF INJURY,0,0,0,0,0,2,0,10,7,7,41.79890961,-87.72317802,POINT (-87.723178018595 41.798909607107)
02eeca535e86cb130902417d0a91b31ab7fa1935dac382d5e01c79eee618b1249332788d890e41179eac9047b7122e6b4608d2c32018047786617ff85ff9bd37,JE234511,,5/18/2021 18:00,30,NO CONTROLS,NO CONTROLS,CLOUDY/OVERCAST,DAYLIGHT,REAR END,FOUR WAY,,STRAIGHT AND LEVEL,WET,NO DEFECTS,ON SCENE,NO INJURY / DRIVE AWAY,Y,,Y,"OVER $1,500",5/18/2021 18:07,FOLLOWING TOO CLOSELY,UNABLE TO DETERMINE,5700,W,IRVING PARK RD,1624,,,,,,,2,NO INDICATION OF INJURY,0,0,0,0,0,3,0,18,3,5,41.95325817,-87.76951203,POINT (-87.769512027417 41.95325816953)
03584570e4bd59e00d6591c15477d682062b090f43bc59333b510a374e2ea97a917889b341fd1cd40b005f1ab9739d9b1abbff60e3b370e768d5f94d79f88c68,JA180068,,3/8/2017 17:50,30,NO CONTROLS,NO CONTROLS,CLEAR,"DARKNESS, LIGHTED ROAD",PARKED MOTOR VEHICLE,OTHER,,STRAIGHT AND LEVEL,DRY,UNKNOWN,NOT ON SCENE (DESK REPORT),NO INJURY / DRIVE AWAY,,,Y,"OVER $1,500",3/8/2017 18:30,IMPROPER LANE USAGE,NOT APPLICABLE,2114,W,18TH PL,1234,,,,,,,2,NO INDICATION OF INJURY,0,0,0,0,0,1,0,17,4,3,41.85682208,-87.67907621,POINT (-87.679076210201 41.856822081475)
06cc1e7946ff8823ea334fb322fc4ef28a57da54bf3b85a5b47c3ce25a2b34d85d0fca9e51e7a24c9b521ccba2b1e8319df0dcae89e71055484025bb34197b72,JE273285,,6/20/2021 16:00,20,NO CONTROLS,NO CONTROLS,CLEAR,DAYLIGHT,PARKED MOTOR VEHICLE,NOT DIVIDED,,STRAIGHT AND LEVEL,DRY,NO DEFECTS,NOT ON SCENE (DESK REPORT),NO INJURY / DRIVE AWAY,,,Y,"$501 - $1,500",6/20/2021 16:05,NOT APPLICABLE,NOT APPLICABLE,4799,W,HARRISON ST,1131,,,,,,,2,NO INDICATION OF INJURY,0,0,0,0,0,1,0,16,1,6,41.87303601,-87.74486864,POINT (-87.744868640528 41.87303600621)
09aa2ce7e41888187adf27f6ca82a43ffae3ea1a565c6fff0a2e0be0f0fa35e84000eefae0e9b385fd0cb7a078be0953ddef7cd0faadc3219016640ac04631d7,JB228782,,4/18/2018 16:30,30,TRAFFIC SIGNAL,FUNCTIONING PROPERLY,RAIN,DAYLIGHT,REAR END,NOT DIVIDED,2,STRAIGHT AND LEVEL,WET,NO DEFECTS,ON SCENE,INJURY AND / OR TOW DUE TO CRASH,Y,,,"OVER $1,500",4/18/2018 16:35,FAILING TO REDUCE SPEED TO AVOID CRASH,NOT APPLICABLE,6318,W,BRYN MAWR AVE,1622,,,,,,,2,NO INDICATION OF INJURY,0,0,0,0,0,3,0,16,4,4,41.98300632,-87.78615671,POINT (-87.786156711251 41.983006319675)
0772d8add1d2ad19e18254410e9c8ee3465f93da4d96876c6f3608e3c046f42ecc21cb9ac38a517b9aa29819f9ba0e3722bca3eae0cfd40b12ce2f699d2bb63e,JE343678,,8/20/2021 10:00,30,NO CONTROLS,FUNCTIONING PROPERLY,CLEAR,DAYLIGHT,OTHER NONCOLLISION,PARKING LOT,,STRAIGHT AND LEVEL,DRY,NO DEFECTS,NOT ON SCENE (DESK REPORT),INJURY AND / OR TOW DUE TO CRASH,,Y,,$500 OR LESS,8/20/2021 10:00,NOT APPLICABLE,NOT APPLICABLE,210,S,CANAL ST,121,,N,,,,,1,NONINCAPACITATING INJURY,1,0,0,1,0,3,0,10,6,8,41.87896179,-87.63973261,POINT (-87.639732611844 41.878961784808)
07ee24ee56de6954a90f63475279ba6eed0ddf9fb94749d152ceee289978694ef568bb8a5cef3c3e80e3a57800e9002a9ec5571b32b200c36a9b941bba1f29af,JC231757,,4/20/2019 10:50,35,NO CONTROLS,NO CONTROLS,CLEAR,DAYLIGHT,SIDESWIPE OPPOSITE DIRECTION,NOT DIVIDED,,STRAIGHT AND LEVEL,DRY,NO DEFECTS,NOT ON SCENE (DESK REPORT),NO INJURY / DRIVE AWAY,,,Y,"OVER $1,500",4/20/2019 16:36,UNABLE TO DETERMINE,UNABLE TO DETERMINE,4200,S,WESTERN AVE,921,,,,,,,2,NO INDICATION OF INJURY,0,0,0,0,0,2,0,10,7,4,41.81741987,-87.68481948,POINT (-87.684819475725 41.817419869684)
0a570172219ded2d13923483d776a69c7f3a75025e5d421ee3a14a6a5763c2ff1f421dc4036b0101110db3a29743306ef329c2d59876f4f3fc6aa8d31c189d3c,JF298704,,6/29/2022 13:39,15,STOP SIGN/FLASHER,NO CONTROLS,CLEAR,DAYLIGHT,HEAD ON,ONE-WAY,,STRAIGHT AND LEVEL,DRY,UNKNOWN,ON SCENE,INJURY AND / OR TOW DUE TO CRASH,,,,"OVER $1,500",6/29/2022 13:40,DRIVING ON WRONG SIDE/WRONG WAY,DRIVING ON WRONG SIDE/WRONG WAY,2901,N,SPRINGFIELD AVE,2523,,Y,,,,,2,NO INDICATION OF INJURY,0,0,0,0,0,4,0,13,4,6,41.93374041,-87.72444089,POINT (-87.724440885142 41.933740405125)
08beaac81ddc2f5443387d50f579c1f5cabffc8aac854340f3dd0a6937d4603671404b32f6ae976910de4078c08f2eb468a8464cae5017d2b9f3548732b03b45,JC137933,,2/2/2019 17:16,30,UNKNOWN,UNKNOWN,CLEAR,UNKNOWN,SIDESWIPE OPPOSITE DIRECTION,NOT DIVIDED,,STRAIGHT AND LEVEL,DRY,UNKNOWN,NOT ON SCENE (DESK REPORT),NO INJURY / DRIVE AWAY,,,,"$501 - $1,500",2/2/2019 18:20,UNABLE TO DETERMINE,NOT APPLICABLE,10255,W,ZEMKE RD,1654,,,,,,,2,NO INDICATION OF INJURY,0,0,0,0,0,2,0,17,7,2,41.99479339,-87.88270766,POINT (-87.882707659516 41.994793386112)
00de504058995d300621ed05756eadd07d1fd888a9f2ab739fbd28ef3246f3e74cbf920849601b3176d7844ebb2567ca0b33b6cb5ccda974b2df29398307aae0,JB472746,,10/12/2018 12:28,30,NO CONTROLS,NO CONTROLS,CLEAR,DAYLIGHT,REAR END,NOT DIVIDED,,STRAIGHT AND LEVEL,DRY,NO DEFECTS,NOT ON SCENE (DESK REPORT),NO INJURY / DRIVE AWAY,,,,"$501 - $1,500",10/12/2018 13:20,UNABLE TO DETERMINE,NOT APPLICABLE,2211,W,TAYLOR ST,1225,,,,,,,2,NO INDICATION OF INJURY,0,0,0,0,0,3,0,12,6,10,41.86892756,-87.68183242,POINT (-87.68183242113 41.868927560665)
088cc57c2a8b65df8be07fe9b85f2fc03739b910ce3171cb7575e535c4a11d9b9cabeddfa07691d2c3bda5aee636fcafbdc348d3f85729c51133ccda0f4c4080,JE235434,,5/19/2021 12:00,30,NO CONTROLS,NO CONTROLS,CLEAR,DAYLIGHT,PARKED MOTOR VEHICLE,ONE-WAY,,STRAIGHT AND LEVEL,DRY,NO DEFECTS,NOT ON SCENE (DESK REPORT),NO INJURY / DRIVE AWAY,,,Y,"$501 - $1,500",5/19/2021 16:02,NOT APPLICABLE,NOT APPLICABLE,6155,S,SPAULDING AVE,823,,,,,,,2,NO INDICATION OF INJURY,0,0,0,0,0,1,0,12,4,5,41.78093603,-87.70547,POINT (-87.705469999338 41.780936026142)
0316a89fa3203e98570a96cf2c8764a5e6b4ca85b1f7f0109bb2cb82086a435a5dec49890e285899865c18d24aafe2bba1261477aad5a5079e5c8598c3b13f3a,JA385964,,8/10/2017 0:01,35,NO CONTROLS,NO CONTROLS,UNKNOWN,UNKNOWN,PARKED MOTOR VEHICLE,ONE-WAY,1,STRAIGHT AND LEVEL,UNKNOWN,UNKNOWN,NOT ON SCENE (DESK REPORT),NO INJURY / DRIVE AWAY,,,Y,"$501 - $1,500",8/10/2017 19:00,UNABLE TO DETERMINE,UNABLE TO DETERMINE,2340,W,110TH ST,2212,,,,,,,2,NO INDICATION OF INJURY,0,0,0,0,0,1,0,0,5,8,41.69409386,-87.68025892,POINT (-87.680258917815 41.694093855749)
01080e7f51f8ebbfaf1de1a7f7c3659aabd2b35fd7fe8cd167391917743f7f673f2938f70d4117a4f1f4ead5160aa5ce4b12d50e1e9c7f31e8fafd37d6370c2e,JG319560,,6/28/2023 13:30,30,NO CONTROLS,NO CONTROLS,CLEAR,DAYLIGHT,ANGLE,NOT DIVIDED,,STRAIGHT AND LEVEL,DRY,UNKNOWN,ON SCENE,INJURY AND / OR TOW DUE TO CRASH,,,,"OVER $1,500",6/28/2023 13:37,FAILING TO YIELD RIGHT-OF-WAY,UNABLE TO DETERMINE,4333,N,MILWAUKEE AVE,1624,,,,,,,2,NONINCAPACITATING INJURY,2,0,0,2,0,0,0,13,4,6,41.95974782,-87.75353665,POINT (-87.753536645092 41.95974782248)