CRASH_RECORD_ID,RD_NO,CRASH_DATE_EST_I,CRASH_DATE,POSTED_SPEED_LIMIT,TRAFFIC_CONTROL_DEVICE,DEVICE_CONDITION,WEATHER_CONDITION,LIGHTING_CONDITION,FIRST_CRASH_TYPE,TRAFFICWAY_TYPE,LANE_CNT,ALIGNMENT,ROADWAY_SURFACE_COND,ROAD_DEFECT,REPORT_TYPE,CRASH_TYPE,INTERSECTION_RELATED_I,NOT_RIGHT_OF_WAY_I,HIT_AND_RUN_I,DAMAGE,DATE_POLICE_NOTIFIED,PRIM_CONTRIBUTORY_CAUSE,SEC_CONTRIBUTORY_CAUSE,STREET_NO,STREET_DIRECTION,STREET_NAME,BEAT_OF_OCCURRENCE,PHOTOS_TAKEN_I,STATEMENTS_TAKEN_I,DOORING_I,WORK_ZONE_I,WORK_ZONE_TYPE,WORKERS_PRESENT_I,NUM_UNITS,MOST_SEVERE_INJURY,INJURIES_TOTAL,INJURIES_FATAL,INJURIES_INCAPACITATING,INJURIES_NON_INCAPACITATING,INJURIES_REPORTED_NOT_EVIDENT,INJURIES_NO_INDICATION,INJURIES_UNKNOWN,CRASH_HOUR,CRASH_DAY_OF_WEEK,CRASH_MONTH,LATITUDE,LONGITUDE,LOCATION
06e9b09d0ec45f96ea680600d2b330a0fe94b6f8086e867df8be4d7de1e627fb12fac593cbb2f0d82d0da5f05ab3db82b540bc9d988db14824a21ccc75e2e851,JE352229,,8/27/2021 13:52,40,NO CONTROLS,NO CONTROLS,CLEAR,DAYLIGHT,SIDESWIPE SAME DIRECTION,ONE-WAY,,STRAIGHT AND LEVEL,DRY,NO DEFECTS,NOT ON SCENE (DESK REPORT),NO INJURY / DRIVE AWAY,,,,"$501 - $1,500",8/27/2021 17:45,IMPROPER LANE USAGE,NOT APPLICABLE,2400,N,LAKE SHORE DR NB,1935,,,,,,,2,NO INDICATION OF INJURY,0,0,0,0,0,2,0,13,6,8,41.92616072,-87.63151467,POINT (-87.631514664826 41.926160719812)
074321ceef5a0fb1607eb73343b6517671bd3433309818b8ede540f2e01efc7b841b8cdab263bd99f9b6c06735f81ba28105f2ad03847eb479baa595c908fd38,JA372871,,7/30/2017 16:30,20,NO CONTROLS,NO CONTROLS,CLEAR,DAYLIGHT,SIDESWIPE SAME DIRECTION,ONE-WAY,2,STRAIGHT AND LEVEL,DRY,NO DEFECTS,NOT ON SCENE (DESK REPORT),NO INJURY / DRIVE AWAY,,,,$500 OR LESS,8/1/2017 17:30,DRIVING SKILLS/KNOWLEDGE/EXPERIENCE,FAILING TO REDUCE SPEED TO AVOID CRASH,48,N,LONG AVE,1522,,,,,,,2,NO INDICATION OF INJURY,0,0,0,0,0,2,0,16,1,7,41.88174019,-87.76031576,POINT (-87.760315763861 41.881740191207)
04ecbb299821025cefacdbd07afa7aabe392ecd6beb99215b2fcb5779cea56fba5601c50848253af555a4317144b2579d043c19f44a164b59e80ad6754cdda31,JC350629,,7/15/2019 23:25,30,TRAFFIC SIGNAL,UNKNOWN,CLEAR,"DARKNESS, LIGHTED ROAD",REAR END,DIVIDED - W/MEDIAN (NOT RAISED),,STRAIGHT AND LEVEL,UNKNOWN,UNKNOWN,NOT ON SCENE (DESK REPORT),NO INJURY / DRIVE AWAY,,,,"$501 - $1,500",7/15/2019 23:45,FOLLOWING TOO CLOSELY,FOLLOWING TOO CLOSELY,1515,W,FULLERTON AVE,1811,,,,,,,2,NO INDICATION OF INJURY,0,0,0,0,0,2,0,23,2,7,41.92506559,-87.6664183,POINT (-87.666418298547 41.92506558791)
0073206f092c195374d8ed6ed0fe12b6303d1ddceb9f4d7a2b9135b80f8bab2a3d1b58c9f657e8238d9f18791412aa26a5290fbab5b97e1c9f2f245d5d9e801e,JE226846,,5/11/2021 15:15,30,NO CONTROLS,NO CONTROLS,CLEAR,DAYLIGHT,SIDESWIPE SAME DIRECTION,DIVIDED - W/MEDIAN (NOT RAISED),,STRAIGHT AND LEVEL,DRY,NO DEFECTS,NOT ON SCENE (DESK REPORT),NO INJURY / DRIVE AWAY,,,,$500 OR LESS,5/11/2021 15:45,UNABLE TO DETERMINE,NOT APPLICABLE,5960,W,LAKE ST,1512,,,,,,,2,NO INDICATION OF INJURY,0,0,0,0,0,2,0,15,3,5,41.88811792,-87.77445925,POINT (-87.774459247396 41.888117914602)
05e5ba8f708535f6303d542f391aade9675599fa6e33689deefb888e46b21a40539bdf2182dd5486703941d5fb9ad051c4a8aeb1b4425e76e1d777538138a918,JD297372,Y,7/14/2020 16:30,25,NO CONTROLS,NO CONTROLS,CLEAR,DAYLIGHT,PARKED MOTOR VEHICLE,ONE-WAY,,STRAIGHT AND LEVEL,DRY,NO DEFECTS,ON SCENE,INJURY AND / OR TOW DUE TO CRASH,,,Y,"OVER $1,500",7/14/2020 16:56,UNABLE TO DETERMINE,UNABLE TO DETERMINE,4326,W,ADAMS ST,1115,,,,,,,3,NO INDICATION OF INJURY,0,0,0,0,0,1,0,16,3,7,41.87798604,-87.73404426,POINT (-87.734044257907 41.877986038363)
0aaa011ceb8db4838571be5e7a9f9cbaa6c3a144ecb40b159597892919551c45d477bca0ac550a098a4ca52dc7c96c0c32746aa65f057cd5fdb5418a67427c9f,JB267280,,5/17/2018 12:00,10,NO CONTROLS,NO CONTROLS,CLEAR,DAYLIGHT,PARKED MOTOR VEHICLE,OTHER,,STRAIGHT AND LEVEL,DRY,NO DEFECTS,ON SCENE,NO INJURY / DRIVE AWAY,,,,"OVER $1,500",5/17/2018 12:30,UNABLE TO DETERMINE,NOT APPLICABLE,3100,W,77TH ST,835,,,,,,,2,NO INDICATION OF INJURY,0,0,0,0,0,1,0,12,5,5,41.75359697,-87.70008142,POINT (-87.700081419736 41.753596964993)
02a603c9eb2968b8d2d99a015b954919a8462acb117f10316f8ae44c5a5e4e8949851709af92f706a1eaaacdda9e2d0da10e8b7ac8d40c447a37309946d86ce8,JE442662,,11/12/2021 12:15,30,STOP SIGN/FLASHER,FUNCTIONING PROPERLY,FREEZING RAIN/DRIZZLE,DAYLIGHT,ANGLE,NOT DIVIDED,,STRAIGHT AND LEVEL,SNOW OR SLUSH,NO DEFECTS,ON SCENE,INJURY AND / OR TOW DUE TO CRASH,,,Y,"$501 - $1,500",11/12/2021 12:35,DISREGARDING STOP SIGN,UNABLE TO DETERMINE,513,E,114TH PL,531,,,,,,,2,NO INDICATION OF INJURY,0,0,0,0,0,2,0,12,6,11,41.6862366,-87.61075751,POINT (-87.610757514206 41.686236596855)
05422193cfba0848fd65cb95f5d936d1c7ee2ab54dada4f31bc35a31719311398ad754061ae6707a69639908620b727bbc395afd50fbed64afecaf795eccac71,JC205356,,3/30/2019 11:52,30,TRAFFIC SIGNAL,FUNCTIONING PROPERLY,CLEAR,DAYLIGHT,ANGLE,NOT DIVIDED,4,STRAIGHT AND LEVEL,DRY,NO DEFECTS,ON SCENE,INJURY AND / OR TOW DUE TO CRASH,Y,,,"OVER $1,500",3/30/2019 11:54,UNABLE TO DETERMINE,NOT APPLICABLE,3800,W,DIVISION ST,2535,,,,,,,4,NONINCAPACITATING INJURY,2,0,0,2,0,3,0,11,7,3,41.9028221,-87.72149315,POINT (-87.721493150831 41.902822101502)
0cb09a1dcbab0579eab8a037c1ac65722b5a326e1a3cc688baf3343f7ea7ee86f1629c10e24471ff3f36fab6c845fcb69f8b90b8b188a5de97044fc5493b9ffd,JD343728,,8/21/2020 11:40,30,UNKNOWN,UNKNOWN,UNKNOWN,UNKNOWN,PARKED MOTOR VEHICLE,ONE-WAY,,STRAIGHT AND LEVEL,UNKNOWN,UNKNOWN,NOT ON SCENE (DESK REPORT),NO INJURY / DRIVE AWAY,,,Y,"$501 - $1,500",8/24/2020 16:45,UNABLE TO DETERMINE,NOT APPLICABLE,1543,W,GEORGE ST,1932,,,,,,,2,NO INDICATION OF INJURY,0,0,0,0,0,1,0,11,6,8,41.93412662,-87.66773964,POINT (-87.667739638736 41.934126618857)
09775817ca8a7a95bccb32c9d4ae285a1f3622d4c718b463519a5433083aea3e475bf03c0c46a9721b929acdd91c15e96af9d73126a124a64836ebefa02fb57a,JG307163,,6/15/2023 19:00,30,NO CONTROLS,NO CONTROLS,UNKNOWN,UNKNOWN,PARKED MOTOR VEHICLE,ONE-WAY,,STRAIGHT AND LEVEL,UNKNOWN,UNKNOWN,NOT ON SCENE (DESK REPORT),NO INJURY / DRIVE AWAY,,,,"$501 - $1,500",6/19/2023 13:00,UNABLE TO DETERMINE,NOT APPLICABLE,7525,N,DAMEN AVE,2424,,,,,,,2,NO INDICATION OF INJURY,0,0,0,0,0,1,0,19,5,6,42.01868395,-87.6803069,POINT (-87.680306898219 42.0186839475)
0c7619bf5ffe0fccb2a6a49589f5e8c77615c8686e3cc23e42bbbca242e387fd980bd1838fcd9e3186f2f7268805b90b188b2e266456ad2163def9e28c83aa0c,JE438655,,11/8/2021 18:15,30,NO CONTROLS,NO CONTROLS,CLEAR,"DARKNESS, LIGHTED ROAD",PARKED MOTOR VEHICLE,DIVIDED - W/MEDIAN (NOT RAISED),,STRAIGHT AND LEVEL,DRY,NO DEFECTS,ON SCENE,NO INJURY / DRIVE AWAY,,,,$500 OR LESS,11/8/2021 19:15,UNABLE TO DETERMINE,UNABLE TO DETERMINE,2455,N,GREENVIEW AVE,1932,,,,,,,2,NO INDICATION OF INJURY,0,0,0,0,0,2,0,18,2,11,41.92683853,-87.66564573,POINT (-87.665645724666 41.926838531266)
0ab2e7c5fe02afa8365101e4dc3ce89ba2df566c964cd386acb6ec3c42785ddfe355e6e6efecf5b204f4deb54b7310741e1ed0d71db6dfedde8838fdf0436afb,JE316332,,7/27/2021 16:00,15,NO CONTROLS,NO CONTROLS,CLEAR,DAYLIGHT,PARKED MOTOR VEHICLE,PARKING LOT,,STRAIGHT AND LEVEL,DRY,NO DEFECTS,NOT ON SCENE (DESK REPORT),NO INJURY / DRIVE AWAY,,Y,Y,"OVER $1,500",7/27/2021 17:20,UNABLE TO DETERMINE,NOT APPLICABLE,87,W,87TH ST,634,,,,,,,2,NO INDICATION OF INJURY,0,0,0,0,0,1,0,16,3,7,41.73614513,-87.62691784,POINT (-87.626917843973 41.736145128237)
0707c71cb19619554e63c91459f2e34d6f706ae0efce839bed5c6683e761601213c2651d549d3a2c152a024a941ca4ad0a95b602c902d7de5193aa47d46a2c08,JA191889,,3/18/2017 17:30,25,NO CONTROLS,NO CONTROLS,CLEAR,DAYLIGHT,REAR END,PARKING LOT,1,STRAIGHT AND LEVEL,DRY,NO DEFECTS,NOT ON SCENE (DESK REPORT),NO INJURY / DRIVE AWAY,,,Y,"$501 - $1,500",3/18/2017 18:33,UNABLE TO DETERMINE,UNABLE TO DETERMINE,5901,S,PULASKI RD,822,,,,,,,2,NO INDICATION OF INJURY,0,0,0,0,0,2,0,17,7,3,41.7858939,-87.72281335,POINT (-87.722813350541 41.785893895635)
004cd14d0303a9163aad69a2d7f341b7da2a8572b2ab3378594bfae8ac53dcb604dd8d414f93c290b55862f9f2517ad32e6209cbc8034c2e26eb3c2bc9724390,JC524901,,11/26/2019 8:38,25,NO CONTROLS,NO CONTROLS,CLEAR,DAYLIGHT,PEDESTRIAN,ONE-WAY,,CURVE ON GRADE,DRY,NO DEFECTS,ON SCENE,INJURY AND / OR TOW DUE TO CRASH,,,,"OVER $1,500",11/26/2019 8:38,UNABLE TO DETERMINE,NOT APPLICABLE,5,W,TERMINAL ST,1655,Y,Y,,,,,2,FATAL,1,1,0,0,0,1,0,8,3,11,,,
072536a2d13754c6af062a1f36a68a5d1af186714506eabe310d22789317551f4917e5911dd685435e8e970f9a65e387e3a20b3b5c80e4ced20b93dd77cc6166,JG126501,,1/21/2023 11:37,30,NO CONTROLS,NO CONTROLS,CLEAR,DAYLIGHT,PARKED MOTOR VEHICLE,NOT DIVIDED,,STRAIGHT AND LEVEL,UNKNOWN,UNKNOWN,NOT ON SCENE (DESK REPORT),NO INJURY / DRIVE AWAY,,,Y,"OVER $1,500",1/23/2023 12:35,UNABLE TO DETERMINE,UNABLE TO DETERMINE,3401,W,115TH PL,2211,,,,,,,2,NO INDICATION OF INJURY,0,0,0,0,0,1,0,11,7,1,41.68316547,-87.70549731,POINT (-87.705497306947 41.683165472658)
0bf9c233ce47df236474982625231c6252aa6e431026d96e2d4d827760dffaca687a7ceb08ce2a2d59612a7014c13901ac228f75c9d8905782e62a23121bf501,JF432152,,10/12/2022 16:20,30,UNKNOWN,UNKNOWN,CLEAR,DAYLIGHT,SIDESWIPE SAME DIRECTION,UNKNOWN,,STRAIGHT AND LEVEL,DRY,UNKNOWN,NOT ON SCENE (DESK REPORT),NO INJURY / DRIVE AWAY,Y,,,"OVER $1,500",10/12/2022 17:50,UNABLE TO DETERMINE,UNABLE TO DETERMINE,4800,S,LAKE PARK AVE,222,,,,,,,2,NO INDICATION OF INJURY,0,0,0,0,0,2,0,16,4,10,41.80792179,-87.59069311,POINT (-87.590693109099 41.807921792248)
03d8dc49a814cb57cf933b0114e0aeb5883f241ad8f6bd7d411893147f92919693bed0fae3c7b5f6fd6f66d8e29b0d679d060fe744b83612e6d2daf68f226afe,JF309917,,7/8/2022 12:00,30,NO CONTROLS,NO CONTROLS,CLOUDY/OVERCAST,DAYLIGHT,TURNING,NOT DIVIDED,,STRAIGHT AND LEVEL,DRY,NO DEFECTS,NOT ON SCENE (DESK REPORT),NO INJURY / DRIVE AWAY,,,,"OVER $1,500",7/8/2022 12:45,DRIVING SKILLS/KNOWLEDGE/EXPERIENCE,FAILING TO YIELD RIGHT-OF-WAY,2450,W,115TH ST,2212,,,,,,,2,NO INDICATION OF INJURY,0,0,0,0,0,2,0,12,6,7,41.68462263,-87.6829831,POINT (-87.682983096744 41.68462262537)
04247b6eaa685e4e0d089ae8956d58d6ad7f7db1ca66287c03e1ab4f25aa396bb517476f506df15eea0946b1c5d2e7d872c2cbc1427d57ee1742a325b08fc9d2,JG139424,,1/28/2023 7:40,30,NO CONTROLS,NO CONTROLS,CLOUDY/OVERCAST,DAYLIGHT,OTHER NONCOLLISION,DRIVEWAY,,STRAIGHT ON GRADE,DRY,OTHER,NOT ON SCENE (DESK REPORT),NO INJURY / DRIVE AWAY,,,,$500 OR LESS,1/28/2023 7:40,"VISION OBSCURED (SIGNS, TREE LIMBS, BUILDINGS, ETC.)",NOT APPLICABLE,10516,S,INDIANA AVE,512,,,,,,,1,NO INDICATION OF INJURY,0,0,0,0,0,2,0,7,7,1,41.70302068,-87.61867432,POINT (-87.618674322094 41.703020683692)
06afc8ced98b26a8a068d1fb5e03d846839ac6e9b015d65780680d78329cc5b8c4c2e9550e460a5d29be617c918b73412962f9ccac4c361616e71dd512ca979e,JB200683,,3/26/2018 16:25,30,NO CONTROLS,NO CONTROLS,CLEAR,DAYLIGHT,PARKED MOTOR VEHICLE,NOT DIVIDED,,STRAIGHT AND LEVEL,DRY,NO DEFECTS,NOT ON SCENE (DESK REPORT),NO INJURY / DRIVE AWAY,,,,"OVER $1,500",3/26/2018 17:45,UNABLE TO DETERMINE,NOT APPLICABLE,1203,W,BRYN MAWR AVE,2013,,,,,,,2,NO INDICATION OF INJURY,0,0,0,0,0,1,0,16,2,3,41.98351026,-87.66021147,POINT (-87.660211473732 41.983510260746)
0729888e8a6f1c90d8816dc189a730456b516f9f6a8908b1f2a4967e669948e2a495bf3740d4202b941c65a85afde970f99cd79bea24fbc3f700fd198eaa5c73,JE110537,,1/12/2021 11:24,30,TRAFFIC SIGNAL,FUNCTIONING PROPERLY,CLEAR,DAYLIGHT,TURNING,NOT DIVIDED,,STRAIGHT AND LEVEL,DRY,NO DEFECTS,NOT ON SCENE (DESK REPORT),NO INJURY / DRIVE AWAY,,,,"OVER $1,500",1/12/2021 12:02,FAILING TO REDUCE SPEED TO AVOID CRASH,UNABLE TO DETERMINE,803,N,LARAMIE AVE,1531,,,,,,,2,NO INDICATION OF INJURY,0,0,0,0,0,2,0,11,3,1,41.89508852,-87.75545857,POINT (-87.755458571885 41.895088523533)
07c3e9a1e63057db75aa58041ea47d8ea92ae3e336e53d024bf2dd99bd2e029ff4121db62ae13c9b96cae4d83f315682b9e3433f71afc92f8de354ee456b59cf,JF285812,,6/19/2022 11:07,30,NO CONTROLS,NO CONTROLS,CLEAR,DAYLIGHT,TURNING,NOT DIVIDED,,STRAIGHT AND LEVEL,DRY,NO DEFECTS,NOT ON SCENE (DESK REPORT),NO INJURY / DRIVE AWAY,,,Y,"OVER $1,500",6/19/2022 12:35,IMPROPER TURNING/NO SIGNAL,UNABLE TO DETERMINE,2314,S,DAMEN AVE,1034,,,,,,,2,NO INDICATION OF INJURY,0,0,0,0,0,2,0,11,1,6,41.84990513,-87.67592736,POINT (-87.675927360678 41.849905124918)
097f10c5d2f5cc9beab64f5d553a16334430ab24e38ca7b8b0dbe753a01698d0bf1d0520b8b97f4a8730cede9f503d3236f8ea1e8b9f10761ca46e7b0a11d5fc,JC162638,,2/23/2019 1:40,35,UNKNOWN,UNKNOWN,UNKNOWN,UNKNOWN,PARKED MOTOR VEHICLE,NOT DIVIDED,,STRAIGHT AND LEVEL,DRY,NO DEFECTS,NOT ON SCENE (DESK REPORT),NO INJURY / DRIVE AWAY,,,Y,"OVER $1,500",2/23/2019 2:00,UNABLE TO DETERMINE,DRIVING SKILLS/KNOWLEDGE/EXPERIENCE,1800,N,CENTRAL AVE,2531,,,,,,,2,NO INDICATION OF INJURY,0,0,0,0,0,1,0,1,7,2,41.91309264,-87.76578125,POINT (-87.765781246153 41.913092642715)
0a7a04d20aa076bf30e1701302823575406c4f8f9b7a2a17361cf6025c0312c357820f6ccb20f16a603f8bcb76d77328228b33a8174f1cadc3e3c50e22957a23,JF134130,,2/4/2022 20:25,30,TRAFFIC SIGNAL,FUNCTIONING PROPERLY,CLEAR,"DARKNESS, LIGHTED ROAD",TURNING,NOT DIVIDED,,STRAIGHT AND LEVEL,WET,NO DEFECTS,ON SCENE,INJURY AND / OR TOW DUE TO CRASH,Y,,,"OVER $1,500",2/4/2022 20:27,FAILING TO YIELD RIGHT-OF-WAY,UNABLE TO DETERMINE,3200,W,79TH ST,835,,,,,,,3,NONINCAPACITATING INJURY,1,0,0,1,0,3,0,20,6,2,41.749952,-87.70244848,POINT (-87.702448478087 41.749952001423)
035f4f630a2366c308b752da6a424d52c919167dae3ca845e9a7309a067dfc92150a914cb71a15b887b8e49bd956b3d8e7b0f772cc731f759e808daf33d6aee4,JD142004,,2/6/2020 11:00,25,TRAFFIC SIGNAL,FUNCTIONING PROPERLY,SNOW,DAYLIGHT,REAR END,FOUR WAY,,STRAIGHT AND LEVEL,WET,NO DEFECTS,ON SCENE,NO INJURY / DRIVE AWAY,,,Y,"$501 - $1,500",2/6/2020 11:05,UNABLE TO DETERMINE,NOT APPLICABLE,1800,S,ASHLAND AVE,1234,,,,,,,2,NO INDICATION OF INJURY,0,0,0,0,0,2,0,11,5,2,41.85774877,-87.66628522,POINT (-87.666285217697 41.857748769318)
06aca19c12059c2e577c93e46cdba733dbdff68ee45413229ccff898ca07e6490156220bab143e7021124c18009c9ce042c3d85a29a0b24fa579374ed7127a1f,JC338772,,7/6/2019 15:00,30,STOP SIGN/FLASHER,FUNCTIONING PROPERLY,CLEAR,DAYLIGHT,ANGLE,NOT DIVIDED,,STRAIGHT AND LEVEL,DRY,NO DEFECTS,ON SCENE,NO INJURY / DRIVE AWAY,Y,,Y,"OVER $1,500",7/7/2019 16:29,DRIVING SKILLS/KNOWLEDGE/EXPERIENCE,UNABLE TO DETERMINE,8300,S,INGLESIDE AVE,632,,,,,,,2,NO INDICATION OF INJURY,0,0,0,0,0,4,0,15,7,7,41.74393233,-87.60152722,POINT (-87.601527223906 41.743932331985)
01dc9f0fd662c937ffe5a168f984767d4a477430e339a85caf6f1c450f6afa37736ce857f0dc8173c136a534f3ea85d1cf80c7f7e425649925c4dbf21ea3bc6d,JC242471,,4/29/2019 9:00,30,STOP SIGN/FLASHER,FUNCTIONING PROPERLY,RAIN,DAYLIGHT,REAR END,NOT DIVIDED,,STRAIGHT AND LEVEL,WET,NO DEFECTS,NOT ON SCENE (DESK REPORT),NO INJURY / DRIVE AWAY,,,,"$501 - $1,500",4/29/2019 9:40,UNABLE TO DETERMINE,UNABLE TO DETERMINE,1400,N,CENTRAL AVE,2531,,,,,,,2,NO INDICATION OF INJURY,0,0,0,0,0,3,0,9,2,4,41.90584606,-87.76593525,POINT (-87.765935250667 41.905846054894)
022cfceae98717822ee57c41162aa1d1e120febddb2dd3edfffdd35b52f8ab03b82b2ad1cad7f8ee457567bebbaa929fb11dd04115d25cc15f2bb596f2c6c9a5,JA174673,,3/4/2017 7:30,30,NO CONTROLS,NO CONTROLS,CLEAR,DAYLIGHT,PARKED MOTOR VEHICLE,NOT DIVIDED,2,STRAIGHT AND LEVEL,DRY,NO DEFECTS,NOT ON SCENE (DESK REPORT),NO INJURY / DRIVE AWAY,,,Y,"OVER $1,500",3/4/2017 12:04,UNABLE TO DETERMINE,UNABLE TO DETERMINE,459,W,DIVISION ST,1823,,,,,,,2,NO INDICATION OF INJURY,0,0,0,0,0,1,0,7,7,3,41.90364882,-87.64046322,POINT (-87.640463219277 41.903648817129)
01788c217d0a366f63c866c3d6fbcbce27e3be06c507f01b23100a78c0e0aacfc6869138200121e9c6433a36716d8621aea3ca6db0bf2ff89564c32614580926,JD307372,,7/17/2020 8:00,30,NO CONTROLS,NO CONTROLS,UNKNOWN,DAYLIGHT,PARKED MOTOR VEHICLE,NOT DIVIDED,,STRAIGHT AND LEVEL,DRY,NO DEFECTS,NOT ON SCENE (DESK REPORT),NO INJURY / DRIVE AWAY,,,Y,"OVER $1,500",7/23/2020 15:55,UNABLE TO DETERMINE,UNABLE TO DETERMINE,4251,W,FILLMORE ST,1132,,,,,,,2,NO INDICATION OF INJURY,0,0,0,0,0,1,0,8,6,7,41.86778399,-87.73211754,POINT (-87.732117534985 41.867783993692)
03e00cb72e1e1c0e6668f4b587154bab5bad202a2349cc532b387dcd2cc9dfb609e2b2c69eeb444da05cc19de36fe9f0cde763f1b2bd4f82205e20167d901ab9,JB553360,,12/13/2018 22:00,30,NO CONTROLS,NO CONTROLS,UNKNOWN,"DARKNESS, LIGHTED ROAD",PARKED MOTOR VEHICLE,NOT DIVIDED,,STRAIGHT AND LEVEL,UNKNOWN,UNKNOWN,NOT ON SCENE (DESK REPORT),NO INJURY / DRIVE AWAY,,,Y,"OVER $1,500",12/14/2018 17:00,UNABLE TO DETERMINE,NOT APPLICABLE,6455,S,CENTRAL AVE,813,,,,,,,2,NO INDICATION OF INJURY,0,0,0,0,0,1,0,22,5,12,41.7745676,-87.76144478,POINT (-87.761444775908 41.774567600511)
0ae56a19efd84d55d240cdc32f273af4417eb976c711b1b094d86e458da2cf8b8ceab1b507526d718632a4f0d7061d5018838b66833b984f26455cb13b237302,JG299141,,6/13/2023 9:45,30,NO CONTROLS,NO CONTROLS,CLEAR,DAYLIGHT,REAR END,NOT DIVIDED,,STRAIGHT AND LEVEL,DRY,NO DEFECTS,ON SCENE,NO INJURY / DRIVE AWAY,,,,"OVER $1,500",6/13/2023 9:50,FAILING TO REDUCE SPEED TO AVOID CRASH,UNABLE TO DETERMINE,4030,W,47TH ST,815,,,,,,,2,NO INDICATION OF INJURY,0,0,0,0,0,3,0,9,3,6,41.80796443,-87.72474743,POINT (-87.724747432405 41.807964429274)
0052ce46c5d94e3f231970ed38d28bbd7b1a7ee4364e423c6469958a2be44069076b5ef1b76a89f09ffb57113fab9f814bed57ca72ca79bbbefdee60e4648b64,JE482659,,12/19/2021 11:30,10,NO CONTROLS,NO CONTROLS,CLEAR,DAYLIGHT,PARKED MOTOR VEHICLE,PARKING LOT,,STRAIGHT AND LEVEL,DRY,NO DEFECTS,ON SCENE,NO INJURY / DRIVE AWAY,,,,"$501 - $1,500",12/19/2021 12:10,UNABLE TO DETERMINE,UNABLE TO DETERMINE,4049,S,CALIFORNIA AVE,921,,,,,,,2,NO INDICATION OF INJURY,0,0,0,0,0,1,0,11,1,12,41.81945368,-87.69440175,POINT (-87.694401744802 41.819453680046)
010b34adeb11474ead4ed34cb63ef9169cf3a4303a4504d16ed4d53768cb8434767dab850912ec29dc13862bbbb2c504a1cae369eeffc3436df052964011cad9,HZ558520,,12/20/2016 11:45,20,NO CONTROLS,NO CONTROLS,CLEAR,DAYLIGHT,ANGLE,ONE-WAY,1,STRAIGHT AND LEVEL,SNOW OR SLUSH,NO DEFECTS,NOT ON SCENE (DESK REPORT),NO INJURY / DRIVE AWAY,,,,"OVER $1,500",12/20/2016 13:17,FAILING TO REDUCE SPEED TO AVOID CRASH,FAILING TO YIELD RIGHT-OF-WAY,1148,N,LAWLER AVE,1531,,,,,,,2,NO INDICATION OF INJURY,0,0,0,0,0,4,0,11,3,12,41.90191057,-87.75223737,POINT (-87.752237369178 41.901910565283)
0340f0c4fe0ab5d14a2e7a52b53ecb2e84442ade166a18b6c0e2f20ca8621a4bf4648d1fe72e5223fcd602005cec9679a4a5de524cc254e0b733b7b41f12145f,JB427559,,9/8/2018 15:35,30,NO CONTROLS,NO CONTROLS,CLOUDY/OVERCAST,DUSK,SIDESWIPE SAME DIRECTION,NOT DIVIDED,2,STRAIGHT AND LEVEL,DRY,NO DEFECTS,ON SCENE,INJURY AND / OR TOW DUE TO CRASH,,,,"OVER $1,500",9/8/2018 15:36,IMPROPER TURNING/NO SIGNAL,IMPROPER LANE USAGE,2447,W,MADISON ST,1125,,,,,,,4,NONINCAPACITATING INJURY,1,0,0,1,0,3,0,15,7,9,41.88103424,-87.68810951,POINT (-87.688109507522 41.881034238285)
08f979919e035936e0e1c4f8c77184f9bd6a080e8b3d87e2f53c0a7376da5d986db653598aa42b8c8757ac9cf9488963806bafacca2ebbdcea50cb6599b67976,JD427589,,11/10/2020 17:55,30,TRAFFIC SIGNAL,FUNCTIONING PROPERLY,CLEAR,DARKNESS,REAR END,DIVIDED - W/MEDIAN BARRIER,,STRAIGHT AND LEVEL,DRY,UNKNOWN,NOT ON SCENE (DESK REPORT),INJURY AND / OR TOW DUE TO CRASH,,,,"OVER $1,500",11/10/2020 18:10,FOLLOWING TOO CLOSELY,UNABLE TO DETERMINE,1000,W,HOLLYWOOD AVE,2022,,,,,,,2,"REPORTED, NOT EVIDENT",1,0,0,0,1,1,0,17,3,11,41.9856498,-87.65533581,POINT (-87.655335806551 41.985649798593)
0ab1fb3a2f4bcb3534491f5dc520567364826086cc649e8a3986ae72a9c158b4cdc89951b5b61b3ba824136f8b00057fa1ddf1619768b89b46fd0300096b40c0,JG139165,,2/3/2023 10:00,30,UNKNOWN,UNKNOWN,CLEAR,DAYLIGHT,REAR TO REAR,PARKING LOT,,STRAIGHT AND LEVEL,UNKNOWN,UNKNOWN,NOT ON SCENE (DESK REPORT),NO INJURY / DRIVE AWAY,,,,"$501 - $1,500",2/3/2023 11:00,UNABLE TO DETERMINE,UNABLE TO DETERMINE,4925,N,BROADWAY,2033,,,,,,,2,NO INDICATION OF INJURY,0,0,0,0,0,2,0,10,6,2,41.97221356,-87.6596091,POINT (-87.659609100107 41.972213556991)
08339143a157d8bc4b4f8c99b2460408ce6f160587c1a030c1b2659e4b923dd9860c208b51f2baf656f35b12cdd66ecf384e46cb755e42d8573e7e7c9380a725,JB524226,,11/21/2018 12:40,30,NO CONTROLS,NO CONTROLS,CLEAR,DAYLIGHT,PARKED MOTOR VEHICLE,NOT DIVIDED,2,STRAIGHT AND LEVEL,DRY,NO DEFECTS,ON SCENE,INJURY AND / OR TOW DUE TO CRASH,,,,"OVER $1,500",11/21/2018 12:49,PHYSICAL CONDITION OF DRIVER,UNABLE TO DETERMINE,613,W,43RD ST,925,,,,,,,3,INCAPACITATING INJURY,1,0,1,0,0,0,0,12,4,11,41.81614611,-87.64137158,POINT (-87.641371579133 41.816146113547)