CRASH_RECORD_ID,RD_NO,CRASH_DATE_EST_I,CRASH_DATE,POSTED_SPEED_LIMIT,TRAFFIC_CONTROL_DEVICE,DEVICE_CONDITION,WEATHER_CONDITION,LIGHTING_CONDITION,FIRST_CRASH_TYPE,TRAFFICWAY_TYPE,LANE_CNT,ALIGNMENT,ROADWAY_SURFACE_COND,ROAD_DEFECT,REPORT_TYPE,CRASH_TYPE,INTERSECTION_RELATED_I,NOT_RIGHT_OF_WAY_I,HIT_AND_RUN_I,DAMAGE,DATE_POLICE_NOTIFIED,PRIM_CONTRIBUTORY_CAUSE,SEC_CONTRIBUTORY_CAUSE,STREET_NO,STREET_DIRECTION,STREET_NAME,BEAT_OF_OCCURRENCE,PHOTOS_TAKEN_I,STATEMENTS_TAKEN_I,DOORING_I,WORK_ZONE_I,WORK_ZONE_TYPE,WORKERS_PRESENT_I,NUM_UNITS,MOST_SEVERE_INJURY,INJURIES_TOTAL,INJURIES_FATAL,INJURIES_INCAPACITATING,INJURIES_NON_INCAPACITATING,INJURIES_REPORTED_NOT_EVIDENT,INJURIES_NO_INDICATION,INJURIES_UNKNOWN,CRASH_HOUR,CRASH_DAY_OF_WEEK,CRASH_MONTH,LATITUDE,LONGITUDE,LOCATION
07f230f77e662e5af7baaaa2c60dbafaff40f9a1e3869129a289b2f9b5dfd679ff0a89324ed55657655f45c5bc20817ebf64d364f26735e933faa84ca49a77a2,JA340220,,7/8/2017 21:26,30,NO CONTROLS,NO CONTROLS,CLEAR,"DARKNESS, LIGHTED ROAD",PARKED MOTOR VEHICLE,NOT DIVIDED,2,STRAIGHT AND LEVEL,DRY,NO DEFECTS,,INJURY AND / OR TOW DUE TO CRASH,,,,"OVER $1,500",7/8/2017 21:26,UNDER THE INFLUENCE OF ALCOHOL/DRUGS (USE WHEN ARREST IS EFFECTED),UNABLE TO DETERMINE,2223,W,AUGUSTA BLVD,1212,,,,,,,5,NO INDICATION OF INJURY,0,0,0,0,0,1,0,21,7,7,41.89933971,-87.68299771,POINT (-87.682997713988 41.899339709767)
08c4de497d9937832c601e30dd51587a26b37def6cba6b12555fb47e82213c5527615dad9407f20ecbfebca7241bd617bc1dd79bcbe0879b376c51f6fe2a8b19,JA484735,,10/24/2017 20:25,30,STOP SIGN/FLASHER,NO CONTROLS,RAIN,"DARKNESS, LIGHTED ROAD",ANGLE,ONE-WAY,1,STRAIGHT AND LEVEL,WET,NO DEFECTS,NOT ON SCENE (DESK REPORT),NO INJURY / DRIVE AWAY,,,,"OVER $1,500",10/24/2017 21:30,FAILING TO YIELD RIGHT-OF-WAY,DRIVING ON WRONG SIDE/WRONG WAY,10063,S,EWING AVE,432,,,,,,,2,NO INDICATION OF INJURY,0,0,0,0,0,3,0,20,3,10,41.71210885,-87.53513166,POINT (-87.535131659236 41.712108846828)
0473606c259b18137dd60fdd160f5ed6e7729ca7dd76ea3bdcad0d709de37f5303d172f928f16874378d5574c1ad29f8681c602d51cb6c8aeee75f48e9588fe0,JB257547,,5/10/2018 7:30,30,NO CONTROLS,NO CONTROLS,CLEAR,DAYLIGHT,REAR END,NOT DIVIDED,2,STRAIGHT AND LEVEL,DRY,NO DEFECTS,NOT ON SCENE (DESK REPORT),NO INJURY / DRIVE AWAY,,,,"OVER $1,500",5/10/2018 8:05,UNABLE TO DETERMINE,UNABLE TO DETERMINE,5299,W,ADDISON ST,1634,,,,,,,2,NO INDICATION OF INJURY,0,0,0,0,0,2,0,7,5,5,41.94586231,-87.75925092,POINT (-87.759250921218 41.945862307089)
0bb2d6c2cccb3713624781b41fcdbd0b56fe8492b79bb88e7556a9eb8a84ca16bec3f667819fd62840b08beb60867815b9b3ecd64867746e580c11ce542af4e4,JA536544,,12/4/2017 17:05,30,TRAFFIC SIGNAL,FUNCTIONING PROPERLY,CLEAR,"DARKNESS, LIGHTED ROAD",PARKED MOTOR VEHICLE,DIVIDED - W/MEDIAN (NOT RAISED),4,STRAIGHT AND LEVEL,DRY,NO DEFECTS,ON SCENE,NO INJURY / DRIVE AWAY,,,,"$501 - $1,500",12/4/2017 17:45,PHYSICAL CONDITION OF DRIVER,DISTRACTION - FROM OUTSIDE VEHICLE,4759,N,WESTERN AVE,1911,,,,,,,2,NO INDICATION OF INJURY,0,0,0,0,0,1,0,17,2,12,41.96846814,-87.68875631,POINT (-87.688756313644 41.968468135052)
07ce1766adcfc6b9a95fc63228ed09a0a41b5c78df8aa6fc439af61bbbfcee15ec75fb2aace30d16c57b00aa103a5ec63bb9e784c9a9e38ba19d11a9aa96c19b,JC253305,,5/7/2019 11:41,30,NO CONTROLS,NO CONTROLS,CLOUDY/OVERCAST,DAYLIGHT,SIDESWIPE SAME DIRECTION,NOT DIVIDED,,STRAIGHT AND LEVEL,DRY,NO DEFECTS,ON SCENE,INJURY AND / OR TOW DUE TO CRASH,,,,"OVER $1,500",5/7/2019 11:51,DISTRACTION - FROM OUTSIDE VEHICLE,DRIVING SKILLS/KNOWLEDGE/EXPERIENCE,1650,W,OGDEN AVE,1224,,Y,,,,,2,NONINCAPACITATING INJURY,2,0,0,2,0,1,0,11,3,5,41.87974693,-87.66831969,POINT (-87.668319688532 41.879746934032)
0c9508ee7e3713d9b4c0d0887bf9aedfec7135fe28c530cc3140b1d8b7dc194e4a71c2e4840e88313846bcb865af0ec8aa25816f8d9afde720ffac7a3b4052b9,JB465347,,10/6/2018 20:15,30,TRAFFIC SIGNAL,FUNCTIONING PROPERLY,CLEAR,"DARKNESS, LIGHTED ROAD",TURNING,NOT DIVIDED,2,STRAIGHT AND LEVEL,DRY,NO DEFECTS,,NO INJURY / DRIVE AWAY,,,,"OVER $1,500",10/6/2018 21:00,IMPROPER TURNING/NO SIGNAL,UNABLE TO DETERMINE,1200,W,69TH ST,724,Y,,,,,,2,NO INDICATION OF INJURY,0,0,0,0,0,2,0,20,7,10,41.76880097,-87.65427671,POINT (-87.654276713895 41.768800973212)
0a9ee0f6d4cff892f41d3ae08131bcef3c02f5080306e98d6f4477a46a75a9f85fcea1e612c5885a0bf4bfff99878ceadf4cf0f3691d4f17b7bd5180009e51c1,JD152714,,2/15/2020 12:34,25,TRAFFIC SIGNAL,FUNCTIONING PROPERLY,CLEAR,DAYLIGHT,REAR END,NOT DIVIDED,,STRAIGHT AND LEVEL,DRY,NO DEFECTS,ON SCENE,NO INJURY / DRIVE AWAY,Y,,,"OVER $1,500",2/15/2020 12:37,FOLLOWING TOO CLOSELY,DRIVING SKILLS/KNOWLEDGE/EXPERIENCE,16,N,CENTRAL AVE,1513,,,,,,,2,NO INDICATION OF INJURY,0,0,0,0,0,2,0,12,7,2,41.88074925,-87.76502091,POINT (-87.765020913433 41.880749244652)
05dddba76d4c276a4cf102d07420d611739ffa14043c83616e46adb911f2c28299cbf4282551bf9f5900b2caa786b8a91622a469e98936dbb3f32d2985f972de,JD230893,,5/12/2020 22:44,30,TRAFFIC SIGNAL,FUNCTIONING PROPERLY,CLEAR,"DARKNESS, LIGHTED ROAD",ANGLE,FOUR WAY,,STRAIGHT AND LEVEL,DRY,NO DEFECTS,ON SCENE,INJURY AND / OR TOW DUE TO CRASH,Y,,,"OVER $1,500",5/12/2020 22:47,DISREGARDING TRAFFIC SIGNALS,NOT APPLICABLE,1599,W,MARQUETTE RD,725,,,,,,,2,NO INDICATION OF INJURY,0,0,0,0,0,3,0,22,3,5,41.77208327,-87.66395686,POINT (-87.663956857364 41.772083268831)
0a813e78a071f6fbd8141dd7b3f12fe1faa55362bc835e0433ac1a2fae45a84222d8d4b7efb46205f3bc67ed5f974147d9c9c3942b575227236938a9f4f4c479,JC441177,,9/20/2019 8:15,30,TRAFFIC SIGNAL,FUNCTIONING PROPERLY,CLEAR,DAYLIGHT,REAR END,CENTER TURN LANE,,STRAIGHT AND LEVEL,DRY,NO DEFECTS,NOT ON SCENE (DESK REPORT),NO INJURY / DRIVE AWAY,Y,,,"$501 - $1,500",9/20/2019 12:14,FAILING TO REDUCE SPEED TO AVOID CRASH,NOT APPLICABLE,6301,S,CENTRAL AVE,813,,,,,,,2,NO INDICATION OF INJURY,0,0,0,0,0,2,0,8,6,9,41.77801224,-87.76156624,POINT (-87.761566237843 41.778012238505)
0181ce89d826d7284bfdc59565c0c54b4c59bbe772a26975f5aafa4f0ef3eddfbb76815ea6eb6ccbb4184074e9e366f7f48a8ab8c116819bdfca3bd4a59bef9b,JC417205,Y,9/2/2019 10:40,30,STOP SIGN/FLASHER,FUNCTIONING PROPERLY,CLEAR,DAYLIGHT,PARKED MOTOR VEHICLE,NOT DIVIDED,,STRAIGHT AND LEVEL,DRY,NO DEFECTS,NOT ON SCENE (DESK REPORT),NO INJURY / DRIVE AWAY,,,Y,"OVER $1,500",9/2/2019 14:00,FAILING TO YIELD RIGHT-OF-WAY,UNABLE TO DETERMINE,2423,S,STEWART AVE,914,,,,,,,2,NO INDICATION OF INJURY,0,0,0,0,0,1,0,10,2,9,41.84841029,-87.63648105,POINT (-87.636481047456 41.848410285456)
0afd67dc8771cb8b9cb372e3d140698aad183ad18776229b25ca28df9d21abf538823b3ec677b464ab9d3503df26dbaa8ca28b9507b8a7324b602b0712c75e65,JC288138,,6/1/2019 18:06,30,TRAFFIC SIGNAL,FUNCTIONING PROPERLY,RAIN,DAYLIGHT,REAR END,NOT DIVIDED,,STRAIGHT AND LEVEL,WET,NO DEFECTS,ON SCENE,INJURY AND / OR TOW DUE TO CRASH,Y,,Y,"OVER $1,500",6/1/2019 18:16,FAILING TO REDUCE SPEED TO AVOID CRASH,NOT APPLICABLE,1601,W,87TH ST,2221,,Y,,,,,2,NO INDICATION OF INJURY,0,0,0,0,0,2,0,18,7,6,41.73567912,-87.66312288,POINT (-87.663122884069 41.735679123095)
02e0502370d7d2308037f254b7f3c0cf58fc2d77d6eeb8dc27e3889317a3b0c6fd0a8f35bb74f2913555506080555cc49f5744eeabf77c43e0f446cd592fc596,JB243726,,4/30/2018 11:09,30,NO CONTROLS,NO CONTROLS,CLEAR,DAYLIGHT,REAR END,NOT DIVIDED,2,STRAIGHT AND LEVEL,DRY,NO DEFECTS,NOT ON SCENE (DESK REPORT),NO INJURY / DRIVE AWAY,,,Y,"$501 - $1,500",4/30/2018 11:59,UNABLE TO DETERMINE,NOT APPLICABLE,3139,W,51ST ST,923,,,,,,,2,NO INDICATION OF INJURY,0,0,0,0,0,3,0,11,2,4,41.80072372,-87.70291592,POINT (-87.702915916868 41.800723720905)
03ac15d46ddb79527e406fbda877f0e90df750476d23260547b14d7ea5d3c227c193194d72c4dfd86a907255a624529e7c590a8ce052b0782fb78bae2dcf3161,JC426557,,9/9/2019 17:47,30,STOP SIGN/FLASHER,FUNCTIONING PROPERLY,CLEAR,DAWN,REAR END,DIVIDED - W/MEDIAN (NOT RAISED),,STRAIGHT AND LEVEL,DRY,NO DEFECTS,ON SCENE,NO INJURY / DRIVE AWAY,,,,"OVER $1,500",9/9/2019 17:50,FAILING TO REDUCE SPEED TO AVOID CRASH,FAILING TO REDUCE SPEED TO AVOID CRASH,9800,S,WENTWORTH AVE,511,,,,,,,2,NO INDICATION OF INJURY,0,0,0,0,0,3,0,17,2,9,41.71620542,-87.62869636,POINT (-87.628696357244 41.716205420203)
013ab74e6bb021617c8596d7eeb8125ee8227f358ce5fe97e212d763b76d7115b0a0fd8e0d3ef49c77591971376dda3059c3ce519bd86977262139dcc151ae2a,JD179783,,3/9/2020 15:30,30,TRAFFIC SIGNAL,FUNCTIONING PROPERLY,RAIN,DAYLIGHT,REAR END,DIVIDED - W/MEDIAN (NOT RAISED),,STRAIGHT AND LEVEL,WET,UNKNOWN,NOT ON SCENE (DESK REPORT),INJURY AND / OR TOW DUE TO CRASH,,,,"$501 - $1,500",3/9/2020 16:51,FOLLOWING TOO CLOSELY,NOT APPLICABLE,5700,S,PULASKI RD,813,,,,,,,2,"REPORTED, NOT EVIDENT",1,0,0,0,1,1,0,15,2,3,41.78953063,-87.72320717,POINT (-87.723207174023 41.789530633118)
05494c003d1d2741d50a06d7c9bbe695be839a49d7a283fb136830770729e50adc904a5856358a7776912d7d5806fa27108c62934b8030ab892998dde4f81522,JB104226,,1/4/2018 13:00,30,NO CONTROLS,NO CONTROLS,SNOW,DAYLIGHT,TURNING,NOT DIVIDED,4,STRAIGHT AND LEVEL,UNKNOWN,NO DEFECTS,ON SCENE,NO INJURY / DRIVE AWAY,Y,,,"$501 - $1,500",1/4/2018 13:15,FAILING TO REDUCE SPEED TO AVOID CRASH,NOT APPLICABLE,635,W,GRAND AVE,1214,,,,,,,2,NO INDICATION OF INJURY,0,0,0,0,0,2,0,13,5,1,41.89111944,-87.64430185,POINT (-87.644301851923 41.891119435991)
0645b045f47d53d9d93b7353e6c4d507513ff8ed2c158a3caa5d8b462ac8636a8f74ecc82a075f20226ff4ac38e5493a8f73cbeae5fbb9a57626b286a29fe002,JE131403,,2/2/2021 19:25,5,NO CONTROLS,NO CONTROLS,SNOW,DARKNESS,PARKED MOTOR VEHICLE,PARKING LOT,,STRAIGHT AND LEVEL,SNOW OR SLUSH,UNKNOWN,NOT ON SCENE (DESK REPORT),NO INJURY / DRIVE AWAY,,Y,,$500 OR LESS,2/3/2021 15:15,IMPROPER BACKING,IMPROPER BACKING,6603,W,BELMONT AVE,2511,,,,,,,2,NO INDICATION OF INJURY,0,0,0,0,0,2,0,19,3,2,41.93812243,-87.7911327,POINT (-87.79113269993 41.938122427487)
014ec5c85463659373d4e2e933ee20c64d7206de837ca4a60a09b9ea2f82a67a776ea49c97fff69c75563fbc74e66f172b46e1e89c5f6e4f2f95fe6fc2895989,JD382421,,9/28/2020 17:55,30,TRAFFIC SIGNAL,FUNCTIONING PROPERLY,CLEAR,DAYLIGHT,TURNING,DIVIDED - W/MEDIAN (NOT RAISED),,STRAIGHT AND LEVEL,DRY,NO DEFECTS,ON SCENE,NO INJURY / DRIVE AWAY,Y,,Y,"$501 - $1,500",9/28/2020 17:57,UNABLE TO DETERMINE,NOT APPLICABLE,4001,W,31ST ST,1031,,,,,,,2,NO INDICATION OF INJURY,0,0,0,0,0,2,0,17,2,9,41.83677168,-87.72440871,POINT (-87.724408712503 41.836771675607)
07d60e0872d3019a0f598dab91bae8347fc47071c075c0d91f2dfadab7929f19a017f34931c237e3e4fbf24f705e753aa733fb483d3ac4e2c6bd3bcb472bbf0a,JF274380,,6/10/2022 11:20,30,OTHER REG. SIGN,NO CONTROLS,CLEAR,DAYLIGHT,TURNING,DIVIDED - W/MEDIAN (NOT RAISED),,STRAIGHT ON HILLCREST,DRY,NO DEFECTS,NOT ON SCENE (DESK REPORT),NO INJURY / DRIVE AWAY,Y,,,"OVER $1,500",6/10/2022 11:40,FAILING TO YIELD RIGHT-OF-WAY,DISREGARDING STOP SIGN,1700,W,63RD ST,714,,,,,,,2,NO INDICATION OF INJURY,0,0,0,0,0,2,0,11,6,6,41.77952701,-87.66673098,POINT (-87.666730977486 41.77952700803)
071da89cd172bbb29972a6676c3e4816d34ba3091876281db4375997d66e2a143d08517b2c7213dac95244752f07d5eb3ea23ce985cf92107466a39cd3e87262,JC153596,,2/15/2019 14:00,30,UNKNOWN,UNKNOWN,CLEAR,DAYLIGHT,PARKED MOTOR VEHICLE,NOT DIVIDED,,STRAIGHT AND LEVEL,DRY,NO DEFECTS,NOT ON SCENE (DESK REPORT),NO INJURY / DRIVE AWAY,,,Y,"OVER $1,500",2/15/2019 14:30,UNABLE TO DETERMINE,NOT APPLICABLE,6400,S,LOOMIS BLVD,725,,,,,,,2,NO INDICATION OF INJURY,0,0,0,0,0,1,0,14,6,2,41.7776281,-87.65945436,POINT (-87.659454359041 41.777628095239)
0c5309124deee40a75df3b61410a9d132a189c4aab45505b5d5cb8e205cffdccf7b029100e060e8daf8b96a73a3a6474ebde4ae43339bb7e12fe9a6229559648,JF273938,,6/9/2022 22:05,30,NO CONTROLS,UNKNOWN,CLEAR,"DARKNESS, LIGHTED ROAD",REAR TO FRONT,RAMP,,STRAIGHT AND LEVEL,UNKNOWN,UNKNOWN,NOT ON SCENE (DESK REPORT),NO INJURY / DRIVE AWAY,,,,"OVER $1,500",6/9/2022 22:45,UNABLE TO DETERMINE,NOT APPLICABLE,3200,N,LAKE SHORE DR SB,1925,,,,,,,2,NO INDICATION OF INJURY,0,0,0,0,0,3,0,22,5,6,41.9404429,-87.63863354,POINT (-87.638633539238 41.940442902597)
059a5fc3a4d7316c9e1e8c18ced1814732da74732f0e63270f849afbc1c65a4320c32f1cdef99dd8307236ee7bb29a0b53678bc5358dfbb2eace9cc1cff1d379,JD360273,,9/8/2020 7:20,30,TRAFFIC SIGNAL,FUNCTIONING PROPERLY,RAIN,DAYLIGHT,TURNING,DIVIDED - W/MEDIAN (NOT RAISED),,STRAIGHT AND LEVEL,WET,NO DEFECTS,ON SCENE,INJURY AND / OR TOW DUE TO CRASH,Y,,,$500 OR LESS,9/8/2020 7:25,IMPROPER TURNING/NO SIGNAL,UNABLE TO DETERMINE,2759,N,HARLEM AVE,2512,,,,,,,2,NO INDICATION OF INJURY,0,0,0,0,0,2,0,7,3,9,41.93074442,-87.80634529,POINT (-87.80634529093 41.930744417308)
06aea475dc9221744f2e1d138302b72fffa4f4264f0880aa077d742cd5c50d5dbd638fbed0acd55801e33d44ec84a30fe29608a701e94b24a34c049bdb154da2,JB238712,,4/26/2018 11:30,20,NO CONTROLS,NO CONTROLS,CLEAR,DAYLIGHT,SIDESWIPE SAME DIRECTION,PARKING LOT,,STRAIGHT AND LEVEL,DRY,NO DEFECTS,NOT ON SCENE (DESK REPORT),NO INJURY / DRIVE AWAY,,,,"$501 - $1,500",4/26/2018 12:45,IMPROPER OVERTAKING/PASSING,IMPROPER OVERTAKING/PASSING,10400,S,WESTERN AVE,2211,,,,,,,2,NO INDICATION OF INJURY,0,0,0,0,0,2,0,11,5,4,41.70446089,-87.68170835,POINT (-87.681708351662 41.704460890848)
04d2bfbe5c30a7805c57c4c8f66ec6174274463dce035c95f0680e218ed5df39a4b2d42eef180a3c7fe0e77dc34b331a7397976aa94f4c4053de1aec5fd1d767,JB216814,,4/9/2018 2:00,30,NO CONTROLS,NO CONTROLS,RAIN,"DARKNESS, LIGHTED ROAD",PARKED MOTOR VEHICLE,ONE-WAY,,STRAIGHT AND LEVEL,WET,NO DEFECTS,ON SCENE,INJURY AND / OR TOW DUE TO CRASH,,,Y,"OVER $1,500",4/9/2018 10:00,UNABLE TO DETERMINE,NOT APPLICABLE,4904,S,KEDVALE AVE,815,,Y,,,,,2,NO INDICATION OF INJURY,0,0,0,0,0,1,0,2,2,4,41.80395937,-87.72729157,POINT (-87.727291566651 41.803959371285)
001e174f1d5424736f4032fcc39520a5bdb81dec480227d62b1085827bc6b2004266f9d46deed1e18e33c347f93c0ca5d076238f7b8d3eff32b15af95bd222db,JE421374,,10/25/2021 0:15,30,NO CONTROLS,NO CONTROLS,RAIN,"DARKNESS, LIGHTED ROAD",OTHER OBJECT,NOT DIVIDED,,STRAIGHT AND LEVEL,WET,"RUT, HOLES",NOT ON SCENE (DESK REPORT),INJURY AND / OR TOW DUE TO CRASH,,,,"$501 - $1,500",10/25/2021 5:00,ROAD ENGINEERING/SURFACE/MARKING DEFECTS,WEATHER,600,S,HOMAN AVE,1133,,,,,,,1,NO INDICATION OF INJURY,0,0,0,0,0,1,0,0,2,10,41.87358175,-87.71092787,POINT (-87.71092786952 41.873581747107)
09cc4853fae6b1e8a75513f5baf02c27938e02c9db3373ca6833ba652d994642c4ccd1d3c1534bdea3425ba640a3ceb387740d47616dcbcdcd9995351464c340,JA291289,,6/3/2017 18:45,30,NO CONTROLS,NO CONTROLS,CLEAR,DAYLIGHT,PARKED MOTOR VEHICLE,NOT DIVIDED,,STRAIGHT AND LEVEL,DRY,NO DEFECTS,NOT ON SCENE (DESK REPORT),NO INJURY / DRIVE AWAY,,,,"OVER $1,500",6/3/2017 19:14,UNABLE TO DETERMINE,UNABLE TO DETERMINE,4325,W,ADAMS ST,1115,,,,,,,2,NO INDICATION OF INJURY,0,0,0,0,0,1,0,18,7,6,41.8777676,-87.73396276,POINT (-87.73396275454 41.877767603093)
0038eb73edff476b8e2f4d4ad29246b53c2a42ae2529c46b11093112bbefdb814761317281608049b53e1111896186de76c2cdafc244a391309b5e0534810142,JF414393,,9/28/2022 18:30,30,TRAFFIC SIGNAL,FUNCTIONING PROPERLY,CLEAR,DAWN,SIDESWIPE SAME DIRECTION,DIVIDED - W/MEDIAN (NOT RAISED),,STRAIGHT AND LEVEL,DRY,NO DEFECTS,NOT ON SCENE (DESK REPORT),NO INJURY / DRIVE AWAY,,,Y,"OVER $1,500",9/28/2022 18:45,UNABLE TO DETERMINE,NOT APPLICABLE,2800,W,26TH ST,1033,,,,,,,2,NO INDICATION OF INJURY,0,0,0,0,0,2,0,18,4,9,41.84480079,-87.69525259,POINT (-87.695252593724 41.844800785514)
016749828703c6a362adee99cf42c2bef6a2c058cb8624adb5ac32e3a099c9e7b5fda9dd98f238ba5af1a1ae5178383e6500022f43b2d62e0a65f61169b5b2b3,JE269710,,6/17/2021 18:10,30,TRAFFIC SIGNAL,FUNCTIONING PROPERLY,CLEAR,DAYLIGHT,PARKED MOTOR VEHICLE,FOUR WAY,,STRAIGHT AND LEVEL,DRY,NO DEFECTS,ON SCENE,NO INJURY / DRIVE AWAY,Y,,,"OVER $1,500",6/17/2021 18:10,IMPROPER OVERTAKING/PASSING,IMPROPER OVERTAKING/PASSING,1,S,CENTRAL AVE,1522,,,,,,,2,NO INDICATION OF INJURY,0,0,0,0,0,1,0,18,5,6,41.88019686,-87.76471639,POINT (-87.764716389906 41.880196859672)
0cb4bbff44125f4321d1cdd4036bdca7ba2fda5f443f8214044ba57d0dc7634f6ef0059101ca63b31ccc7dad3cf37b690b804485a6464d525bd6735b8b30daef,JF344978,,8/5/2022 8:50,35,TRAFFIC SIGNAL,FUNCTIONING PROPERLY,CLEAR,DAYLIGHT,SIDESWIPE SAME DIRECTION,FOUR WAY,,STRAIGHT AND LEVEL,DRY,UNKNOWN,ON SCENE,NO INJURY / DRIVE AWAY,,,Y,"OVER $1,500",8/5/2022 8:56,IMPROPER OVERTAKING/PASSING,FAILING TO REDUCE SPEED TO AVOID CRASH,1611,E,95TH ST,431,,,,,,,2,NO INDICATION OF INJURY,0,0,0,0,0,3,0,8,6,8,41.72223496,-87.58461147,POINT (-87.584611469545 41.722234960447)
0be9de508cd6c66850f09a6365a0d56418c61d9e080a6bc077f0ca2fa8937c25b7e39b4e89b5c6f5fb5abcc4a7766c60778bcd1ce4e7f80879b36fa097818f85,HZ183783,,3/11/2016 16:00,30,NO CONTROLS,NO CONTROLS,CLEAR,DAYLIGHT,ANGLE,NOT DIVIDED,4,STRAIGHT AND LEVEL,DRY,NO DEFECTS,NOT ON SCENE (DESK REPORT),NO INJURY / DRIVE AWAY,,,,"OVER $1,500",3/11/2016 22:10,UNABLE TO DETERMINE,NOT APPLICABLE,10250,S,WESTERN AVE,2211,,,,,,,2,NO INDICATION OF INJURY,0,0,0,0,0,2,0,16,6,3,41.70669135,-87.68177704,POINT (-87.681777038932 41.706691348907)
0b1e373e74fff9cbc0a381441f12869b41021468df4108045d1187078ccd30078d13e36dc38b903dba1af0324df2c387f6df0fca4e00ce1565d3a477d56b5f30,HZ189386,,3/10/2016 17:00,30,TRAFFIC SIGNAL,FUNCTIONING PROPERLY,UNKNOWN,UNKNOWN,SIDESWIPE SAME DIRECTION,NOT DIVIDED,,STRAIGHT AND LEVEL,UNKNOWN,UNKNOWN,NOT ON SCENE (DESK REPORT),NO INJURY / DRIVE AWAY,,,,"$501 - $1,500",3/16/2016 13:50,IMPROPER OVERTAKING/PASSING,UNABLE TO DETERMINE,5600,W,55TH ST,811,,,,,,,2,NO INDICATION OF INJURY,0,0,0,0,0,2,0,17,5,3,41.79284431,-87.76236668,POINT (-87.76236667864 41.792844313458)
005e679c0eda449a73b89aa7c856bfa7587ac6a74b6df8240abcdf190c91fe69b5acafdad3f815a094e693a7237a306ee0a3f5d00e4a3a6cbe88aefa4606734e,JG250557,,5/6/2023 17:43,30,NO CONTROLS,NO CONTROLS,CLEAR,DAYLIGHT,REAR END,NOT DIVIDED,,STRAIGHT AND LEVEL,DRY,NO DEFECTS,ON SCENE,INJURY AND / OR TOW DUE TO CRASH,,,,"OVER $1,500",5/6/2023 17:44,UNABLE TO DETERMINE,NOT APPLICABLE,1156,W,63RD ST,712,,,,,,,5,INCAPACITATING INJURY,4,0,1,3,0,1,0,17,7,5,41.77971938,-87.65435877,POINT (-87.654358773794 41.779719384353)
00164b25d886d43e60c758ba47475128cecd4769a61923cb6586d33d7b28e1deef30e4a8de7d56291f25e9c2d59ba5257cb4e434d66e5357450151bd76b21b50,JF291764,,6/23/2022 23:45,30,NO CONTROLS,NO CONTROLS,CLEAR,"DARKNESS, LIGHTED ROAD",PARKED MOTOR VEHICLE,PARKING LOT,,STRAIGHT AND LEVEL,DRY,NO DEFECTS,ON SCENE,NO INJURY / DRIVE AWAY,,N,,"$501 - $1,500",6/23/2022 23:50,"VISION OBSCURED (SIGNS, TREE LIMBS, BUILDINGS, ETC.)",NOT APPLICABLE,10000,W,OHARE ST,1651,,,,,,,2,NO INDICATION OF INJURY,0,0,0,0,0,1,0,23,5,6,41.97620114,-87.90530913,POINT (-87.905309125103 41.976201139024)
03d19df8700d63f1638085a4babb586ed4f28de1761c050c3cdf8f35f8b9830acffe2c37dd67670533a909c21500f7ed526c2fdaf3f2d05090c594bb0de1084c,HZ544773,,12/8/2016 15:30,30,NO CONTROLS,NO CONTROLS,CLEAR,DAYLIGHT,SIDESWIPE SAME DIRECTION,DIVIDED - W/MEDIAN (NOT RAISED),4,STRAIGHT AND LEVEL,DRY,NO DEFECTS,NOT ON SCENE (DESK REPORT),NO INJURY / DRIVE AWAY,,,,"OVER $1,500",12/8/2016 17:10,FAILING TO YIELD RIGHT-OF-WAY,NOT APPLICABLE,7600,N,SHERIDAN RD,2422,,,,,,,2,NO INDICATION OF INJURY,0,0,0,0,0,3,0,15,5,12,42.01927623,-87.66619739,POINT (-87.666197388437 42.019276231472)
074dfb1a66923bfa9663c803ff1e383b9787b3e0436d5d778aa8cf0fd0bcbf5703b0a82f6b445a7ad0dd94b568189b07a30b80a9ed5b2a4924c07025c305cb67,JA210133,,4/2/2017 19:15,30,TRAFFIC SIGNAL,FUNCTIONING PROPERLY,CLEAR,"DARKNESS, LIGHTED ROAD",REAR END,NOT DIVIDED,4,STRAIGHT AND LEVEL,DRY,NO DEFECTS,NOT ON SCENE (DESK REPORT),NO INJURY / DRIVE AWAY,,,,"OVER $1,500",4/2/2017 19:40,FOLLOWING TOO CLOSELY,DISTRACTION - FROM OUTSIDE VEHICLE,1801,E,79TH ST,414,,,,,,,2,NO INDICATION OF INJURY,0,0,0,0,0,2,0,19,1,4,41.75143573,-87.58082345,POINT (-87.580823444926 41.751435733832)
0cb1b197df014d25d70c03a233219cf41401b5e4ab2c535cd9e75eb2fa21159cde3921fae6308475fdc8f2cd9754ff7cebe602f7638c7d08d7a9b83059815f31,JA311252,,6/17/2017 16:20,30,NO CONTROLS,NO CONTROLS,CLEAR,DAYLIGHT,PARKED MOTOR VEHICLE,DIVIDED - W/MEDIAN (NOT RAISED),4,STRAIGHT AND LEVEL,DRY,NO DEFECTS,NOT ON SCENE (DESK REPORT),NO INJURY / DRIVE AWAY,,,Y,"$501 - $1,500",6/17/2017 16:40,UNABLE TO DETERMINE,UNABLE TO DETERMINE,1202,N,DEARBORN ST,1824,,,,,,,2,NO INDICATION OF INJURY,0,0,0,0,0,1,0,16,7,6,41.90406934,-87.63013731,POINT (-87.630137306072 41.904069341725)