CRASH_RECORD_ID,RD_NO,CRASH_DATE_EST_I,CRASH_DATE,POSTED_SPEED_LIMIT,TRAFFIC_CONTROL_DEVICE,DEVICE_CONDITION,WEATHER_CONDITION,LIGHTING_CONDITION,FIRST_CRASH_TYPE,TRAFFICWAY_TYPE,LANE_CNT,ALIGNMENT,ROADWAY_SURFACE_COND,ROAD_DEFECT,REPORT_TYPE,CRASH_TYPE,INTERSECTION_RELATED_I,NOT_RIGHT_OF_WAY_I,HIT_AND_RUN_I,DAMAGE,DATE_POLICE_NOTIFIED,PRIM_CONTRIBUTORY_CAUSE,SEC_CONTRIBUTORY_CAUSE,STREET_NO,STREET_DIRECTION,STREET_NAME,BEAT_OF_OCCURRENCE,PHOTOS_TAKEN_I,STATEMENTS_TAKEN_I,DOORING_I,WORK_ZONE_I,WORK_ZONE_TYPE,WORKERS_PRESENT_I,NUM_UNITS,MOST_SEVERE_INJURY,INJURIES_TOTAL,INJURIES_FATAL,INJURIES_INCAPACITATING,INJURIES_NON_INCAPACITATING,INJURIES_REPORTED_NOT_EVIDENT,INJURIES_NO_INDICATION,INJURIES_UNKNOWN,CRASH_HOUR,CRASH_DAY_OF_WEEK,CRASH_MONTH,LATITUDE,LONGITUDE,LOCATION
02a4501b9b1dc36f634a1e8bb4b3e185d8037c0fdff96279f9bfcfdbd863280ca587974b0ceb5ed71b5f3c891f9b6a6d4eecb1e309a22ebcd67d28d3738d21dd,JE362123,N,9/5/2021 5:00,35,NO CONTROLS,NO CONTROLS,CLEAR,"DARKNESS, LIGHTED ROAD",FIXED OBJECT,NOT DIVIDED,,STRAIGHT AND LEVEL,DRY,NO DEFECTS,ON SCENE,INJURY AND / OR TOW DUE TO CRASH,,,,"OVER $1,500",9/5/2021 5:03,IMPROPER OVERTAKING/PASSING,FAILING TO REDUCE SPEED TO AVOID CRASH,1645,W,ARMITAGE AVE,1433,,,,,,,1,NO INDICATION OF INJURY,0,0,0,0,0,2,0,5,1,9,41.91780659,-87.6691748,POINT (-87.669174795875 41.917806584786)
08b21de736d02e9395a642304e24c008b100d51aede8abc2412396068778ebe992d12718a036d4ae9118261533cb9ff145ce5bda8c9caa012f0ad3a31dd47508,JC429354,,9/11/2019 18:00,30,TRAFFIC SIGNAL,FUNCTIONING PROPERLY,CLOUDY/OVERCAST,DUSK,SIDESWIPE SAME DIRECTION,DIVIDED - W/MEDIAN (NOT RAISED),,STRAIGHT AND LEVEL,DRY,NO DEFECTS,NOT ON SCENE (DESK REPORT),NO INJURY / DRIVE AWAY,Y,,,"$501 - $1,500",9/11/2019 18:25,UNABLE TO DETERMINE,UNABLE TO DETERMINE,7900,S,PERRY AVE,623,,,,,,,2,NO INDICATION OF INJURY,0,0,0,0,0,2,0,18,4,9,41.75081611,-87.62717754,POINT (-87.62717754304 41.75081610788)
061a1732adb16468ed2d02159ab55a0ff58cee896dd410c13fc2db405e0b4608f3f40d609f5e795299bf90d7795afc4c4edd7908e65723aa6035726fda59ee26,JD228842,,5/10/2020 11:40,30,NO CONTROLS,NO CONTROLS,RAIN,DAYLIGHT,REAR END,NOT DIVIDED,,STRAIGHT AND LEVEL,WET,NO DEFECTS,ON SCENE,NO INJURY / DRIVE AWAY,,,Y,$500 OR LESS,5/10/2020 11:45,IMPROPER BACKING,DRIVING SKILLS/KNOWLEDGE/EXPERIENCE,3501,W,LAWRENCE AVE,1723,,,,,,,2,NO INDICATION OF INJURY,0,0,0,0,0,3,0,11,1,5,41.96826586,-87.71586772,POINT (-87.71586772009 41.968265859038)
0275349a51a9ed65d7881b698853b58a224d57ea88945028e1042476f3d05f2bcc05f78c822aa003f0afcf5f2f4a1edc2a326f6d054432646dbee8bd18cf74ae,JG290061,,6/6/2023 8:30,35,STOP SIGN/FLASHER,FUNCTIONING PROPERLY,CLEAR,DAYLIGHT,REAR END,DIVIDED - W/MEDIAN (NOT RAISED),,STRAIGHT AND LEVEL,DRY,NO DEFECTS,ON SCENE,INJURY AND / OR TOW DUE TO CRASH,Y,,,"OVER $1,500",6/6/2023 8:36,FOLLOWING TOO CLOSELY,EQUIPMENT - VEHICLE CONDITION,10500,S,STATE ST,512,,,,,,,2,NO INDICATION OF INJURY,0,0,0,0,0,2,0,8,3,6,41.70336744,-87.62355983,POINT (-87.623559828756 41.703367434839)
083421012238ccd4d52cea7522390692017c55b8e9afff6ce2a45db0fa103719117debfff8cb1ca9c404456d86edeb3a4218a420c5b5891562b508754a67ddeb,JF171405,,3/12/2022 11:00,30,NO CONTROLS,NO CONTROLS,CLEAR,DAYLIGHT,PARKED MOTOR VEHICLE,DIVIDED - W/MEDIAN (NOT RAISED),,STRAIGHT AND LEVEL,DRY,NO DEFECTS,NOT ON SCENE (DESK REPORT),NO INJURY / DRIVE AWAY,,,Y,"OVER $1,500",3/12/2022 12:00,UNABLE TO DETERMINE,NOT APPLICABLE,5152,W,DIVISION ST,2533,,,,,,,2,NO INDICATION OF INJURY,0,0,0,0,0,1,0,11,7,3,41.90236423,-87.75546229,POINT (-87.755462293911 41.902364230949)
05bab4bd73d2123b67c0b1664835469395309bd23c752f1ea28effe7f103b80814283ff5442a0a32e7de1eaeea9221282a71b043899891144dc2aa2e4694896f,JG260234,,5/14/2023 11:00,30,NO CONTROLS,NO CONTROLS,CLOUDY/OVERCAST,DAYLIGHT,ANGLE,NOT DIVIDED,,STRAIGHT AND LEVEL,DRY,NO DEFECTS,NOT ON SCENE (DESK REPORT),NO INJURY / DRIVE AWAY,,,,"$501 - $1,500",5/14/2023 13:00,UNABLE TO DETERMINE,UNABLE TO DETERMINE,1648,N,WINCHESTER AVE,1434,,,,,,,2,NO INDICATION OF INJURY,0,0,0,0,0,2,0,11,1,5,41.91195093,-87.67642889,POINT (-87.676428893193 41.911950925901)
0b3dfd5afda28d678fa034f1d048022a2ee84f267856b2848564d836dd2a02ba571f4fc610058086cfc062b2bd1e3ab2d61651f95036605e12fcfe14f9f359f7,JE117662,,1/20/2021 1:00,30,NO CONTROLS,NO CONTROLS,SNOW,DARKNESS,SIDESWIPE OPPOSITE DIRECTION,NOT DIVIDED,,STRAIGHT AND LEVEL,SNOW OR SLUSH,UNKNOWN,NOT ON SCENE (DESK REPORT),NO INJURY / DRIVE AWAY,,,Y,"OVER $1,500",1/20/2021 1:25,WEATHER,NOT APPLICABLE,848,S,SACRAMENTO BLVD,1134,,,,,,,2,NO INDICATION OF INJURY,0,0,0,0,0,2,0,1,4,1,41.87014401,-87.70104468,POINT (-87.701044679379 41.870144008559)
06fe8da94e7c85b11bf955f2c8ab6ac39750ed4d8cbb90363d7e121bd4e32948cf6f1784dc7096ad2fa4d50f65680b269d7ce9c42a7904f1d566a3b9376bb860,JA299469,,6/3/2017 16:00,20,UNKNOWN,UNKNOWN,CLEAR,DAWN,FIXED OBJECT,NOT DIVIDED,2,STRAIGHT AND LEVEL,DRY,OTHER,NOT ON SCENE (DESK REPORT),NO INJURY / DRIVE AWAY,,,,$500 OR LESS,6/9/2017 14:31,NOT APPLICABLE,NOT APPLICABLE,4000,S,COTTAGE GROVE AVE,214,,,,Y,CONSTRUCTION,,1,NO INDICATION OF INJURY,0,0,0,0,0,1,0,16,7,6,41.82145019,-87.60697852,POINT (-87.606978516936 41.82145019364)
091a054a1653aeafb9cc90715151ffc40e16f308fa3b24d8d7c50d121725a0cbd7369edea5722359811b465df90c026718248b79812ff7204021a173a90a2fed,JB143900,,2/7/2018 7:45,30,TRAFFIC SIGNAL,FUNCTIONING PROPERLY,SNOW,DAYLIGHT,SIDESWIPE SAME DIRECTION,NOT DIVIDED,,STRAIGHT AND LEVEL,SNOW OR SLUSH,NO DEFECTS,NOT ON SCENE (DESK REPORT),NO INJURY / DRIVE AWAY,,,Y,"OVER $1,500",2/7/2018 8:15,IMPROPER LANE USAGE,IMPROPER LANE USAGE,8400,S,VINCENNES AVE,622,,,,,,,2,NO INDICATION OF INJURY,0,0,0,0,0,2,0,7,4,2,41.74140959,-87.63843149,POINT (-87.638431490943 41.741409588823)
05ee8ca219b4d9f85c90ecd032551d4cf5c87eb896009407acf86db9103bb33346f0ec61b420775f79e4eee814b390412d563eea0c33c3472a70f357e1bd463d,JE141580,,2/14/2021 13:40,30,NO CONTROLS,NO CONTROLS,CLEAR,DAYLIGHT,PARKED MOTOR VEHICLE,NOT DIVIDED,,STRAIGHT AND LEVEL,ICE,UNKNOWN,NOT ON SCENE (DESK REPORT),NO INJURY / DRIVE AWAY,,,,"$501 - $1,500",2/14/2021 15:00,IMPROPER LANE USAGE,WEATHER,3016,S,KEDVALE AVE,1031,,,,,,,2,NO INDICATION OF INJURY,0,0,0,0,0,1,0,13,1,2,41.83816619,-87.72817781,POINT (-87.728177809534 41.838166188322)
0af8ccbb489d15087483587c57739d245c722d8c0541d6d96d4d59be9b3f201df70a41facbce8d5e25292dd9308849c0336ec865316d1b4152071891e3324a5f,JG157926,,2/19/2023 2:20,30,NO CONTROLS,NO CONTROLS,CLEAR,"DARKNESS, LIGHTED ROAD",TURNING,NOT DIVIDED,,STRAIGHT AND LEVEL,DRY,NO DEFECTS,ON SCENE,INJURY AND / OR TOW DUE TO CRASH,,,Y,"OVER $1,500",2/19/2023 2:20,NOT APPLICABLE,NOT APPLICABLE,428,E,71ST ST,322,,,,,,,2,NO INDICATION OF INJURY,0,0,0,0,0,2,0,2,1,2,41.76584079,-87.61411967,POINT (-87.614119667706 41.765840794017)
01e296167f0c9fc8e82f965459039f9057b047f6d58a3a34a8fdd6564013649d7bdd2f40cb7b78c6a339a1767d5475bb4e146c871103e410f2ddcda355a39ee9,JA355879,,7/20/2017 12:12,35,TRAFFIC SIGNAL,FUNCTIONING PROPERLY,CLEAR,DAYLIGHT,ANGLE,DIVIDED - W/MEDIAN (NOT RAISED),4,STRAIGHT AND LEVEL,DRY,NO DEFECTS,ON SCENE,NO INJURY / DRIVE AWAY,Y,,,"OVER $1,500",7/20/2017 12:15,DISREGARDING TRAFFIC SIGNALS,NOT APPLICABLE,5201,N,HARLEM AVE,1613,,,,,,,2,NO INDICATION OF INJURY,0,0,0,0,0,2,0,12,5,7,41.97553426,-87.80691186,POINT (-87.806911864007 41.975534260243)
0bccdc217dd434640253be2550331c4069b15ffc0f5accaad1211bb9339c66ab50e754d4b0f37eaa560139d5449272418415f409c4703935f23eadd2da62ec45,JD152206,N,2/14/2020 12:30,30,TRAFFIC SIGNAL,FUNCTIONING PROPERLY,SLEET/HAIL,DAYLIGHT,SIDESWIPE SAME DIRECTION,NOT DIVIDED,,STRAIGHT AND LEVEL,ICE,NO DEFECTS,NOT ON SCENE (DESK REPORT),INJURY AND / OR TOW DUE TO CRASH,,,,"OVER $1,500",2/14/2020 21:45,IMPROPER OVERTAKING/PASSING,UNABLE TO DETERMINE,4590,N,BROADWAY,1913,,,,,,,2,NO INDICATION OF INJURY,0,0,0,0,0,3,0,12,6,2,41.96527014,-87.65755429,POINT (-87.657554292026 41.965270144389)
0b5c29be481c542db1959768d79eb01951f4d48dc6e41d0b5183010437d7a98ee5892eb0e48a1d56faee9498ba8ffba7cd999437f577aac9c2428bba15bff5b6,JF301593,,7/1/2022 15:30,30,NO CONTROLS,NO CONTROLS,CLEAR,DAYLIGHT,SIDESWIPE SAME DIRECTION,NOT DIVIDED,,STRAIGHT AND LEVEL,DRY,NO DEFECTS,NOT ON SCENE (DESK REPORT),NO INJURY / DRIVE AWAY,,,,"OVER $1,500",7/1/2022 16:40,FAILING TO YIELD RIGHT-OF-WAY,FAILING TO YIELD RIGHT-OF-WAY,4511,W,CHICAGO AVE,1111,,,,,,,2,NO INDICATION OF INJURY,0,0,0,0,0,2,0,15,6,7,41.89502209,-87.73886954,POINT (-87.738869535214 41.895022087973)
022d3693d032cfc5f737b3796e83d7cf84a34095d0ac4522cf1f8400b683c25c12586446d7befb3772c0a1d865a00f4fd37972f5243434a7c34f249cd35b030b,JE476681,,12/14/2021 0:28,30,TRAFFIC SIGNAL,FUNCTIONING PROPERLY,CLEAR,"DARKNESS, LIGHTED ROAD",REAR END,NOT DIVIDED,,STRAIGHT AND LEVEL,DRY,UNKNOWN,ON SCENE,INJURY AND / OR TOW DUE TO CRASH,,,,"OVER $1,500",12/14/2021 0:30,FOLLOWING TOO CLOSELY,UNABLE TO DETERMINE,537,W,ROOSEVELT RD,124,,,,,,,2,"REPORTED, NOT EVIDENT",1,0,0,0,1,1,0,0,3,12,41.86713212,-87.64064468,POINT (-87.640644675361 41.867132121331)
03970cb240f80be6805467179a6a8cb22541019772e24190db707f758444e9072014810415aade6c5afbc2d74cb1d31d1ace9ebf22ae2933902663360d44fd3e,JF408095,,9/23/2022 18:05,30,NO CONTROLS,NO CONTROLS,CLEAR,DUSK,OTHER NONCOLLISION,NOT DIVIDED,,STRAIGHT AND LEVEL,DRY,UNKNOWN,ON SCENE,NO INJURY / DRIVE AWAY,,,,"OVER $1,500",9/23/2022 18:07,DRIVING SKILLS/KNOWLEDGE/EXPERIENCE,DRIVING SKILLS/KNOWLEDGE/EXPERIENCE,4250,N,CENTRAL AVE,1624,,,,,,,1,NO INDICATION OF INJURY,0,0,0,0,0,1,0,18,6,9,41.95837385,-87.76732076,POINT (-87.767320762401 41.958373845887)
02db01e7f3a2fa4d127ada8e41c56ab63f917725c5878c1c2c4040f13ccdba880773aaf1be31b0410d2fcfe71dc2beac49cc8c74fde2513c4fd17b4b969796c8,JB561332,,12/19/2018 20:00,30,STOP SIGN/FLASHER,FUNCTIONING PROPERLY,CLEAR,"DARKNESS, LIGHTED ROAD",PEDESTRIAN,NOT DIVIDED,2,STRAIGHT AND LEVEL,DRY,NO DEFECTS,NOT ON SCENE (DESK REPORT),INJURY AND / OR TOW DUE TO CRASH,,,Y,"OVER $1,500",12/20/2018 15:42,DISREGARDING STOP SIGN,NOT APPLICABLE,2233,W,69TH ST,832,,,,,,,2,INCAPACITATING INJURY,1,0,1,0,0,2,0,20,4,12,41.76826238,-87.67988791,POINT (-87.679887905834 41.76826238101)
00e3a1b8cd2d94ff68a25a82b8b8efbc89c42530cc93e4c6b53ea331ebe426b689a1ad2873c7d46fbab344d34815961aa17d6d8ee4077e86f3776b9ba75a9eaa,JC563404,,12/28/2019 18:47,30,NO CONTROLS,NO CONTROLS,CLEAR,"DARKNESS, LIGHTED ROAD",PARKED MOTOR VEHICLE,NOT DIVIDED,,STRAIGHT AND LEVEL,DRY,NO DEFECTS,ON SCENE,NO INJURY / DRIVE AWAY,,,Y,"OVER $1,500",12/28/2019 18:50,IMPROPER BACKING,"OPERATING VEHICLE IN ERRATIC, RECKLESS, CARELESS, NEGLIGENT OR AGGRESSIVE MANNER",1243,W,111TH PL,2234,,,,,,,2,NO INDICATION OF INJURY,0,0,0,0,0,1,0,18,7,12,41.69119966,-87.65378339,POINT (-87.653783385675 41.691199661964)
02afb8576fd8cbb48ff05779215754a4aa45fc4b20d06e3d3c4fe154631c9fc9de758ee78709371fe4a68224cd6382ee473d5ca483fd63cd46b67acc27f38010,JA478458,,10/19/2017 14:30,30,STOP SIGN/FLASHER,FUNCTIONING PROPERLY,CLEAR,DAYLIGHT,PARKED MOTOR VEHICLE,DRIVEWAY,1,STRAIGHT AND LEVEL,DRY,NO DEFECTS,NOT ON SCENE (DESK REPORT),NO INJURY / DRIVE AWAY,,,,"OVER $1,500",10/20/2017 11:30,EQUIPMENT - VEHICLE CONDITION,UNABLE TO DETERMINE,4758,N,LEAVITT ST,1911,,,,,,,2,NO INDICATION OF INJURY,0,0,0,0,0,2,0,14,5,10,41.96863615,-87.68418692,POINT (-87.684186920155 41.968636154237)
0134a64e24f27adc7e78b777a962528a940a38570f18d4fb99f810c1f4e06bb99e1ca97ac6fb8041e8eb033969202080806fca4e620cdc089aae48fad3fb2185,JD120712,,1/18/2020 19:53,15,NO CONTROLS,NO CONTROLS,CLEAR,"DARKNESS, LIGHTED ROAD",PARKED MOTOR VEHICLE,PARKING LOT,,STRAIGHT AND LEVEL,DRY,NO DEFECTS,ON SCENE,NO INJURY / DRIVE AWAY,,Y,,"$501 - $1,500",1/18/2020 19:55,UNABLE TO DETERMINE,NOT APPLICABLE,3900,S,ASHLAND AVE,924,,,,,,,2,NO INDICATION OF INJURY,0,0,0,0,0,1,0,19,7,1,41.82302766,-87.66574403,POINT (-87.665744031095 41.82302765704)
02ee1c28ba4bfd7cb165156e8318fdaf740de452e96b0290721369c0d3e51851960ff98c918154b0790b906598c1099d28b42392f3949f3b3010b64dcc491b67,JB434215,,9/13/2018 18:00,30,TRAFFIC SIGNAL,FUNCTIONING PROPERLY,CLEAR,DAYLIGHT,ANGLE,OTHER,0,STRAIGHT ON GRADE,DRY,NO DEFECTS,NOT ON SCENE (DESK REPORT),NO INJURY / DRIVE AWAY,Y,,,"$501 - $1,500",9/13/2018 18:50,DISREGARDING TRAFFIC SIGNALS,FAILING TO REDUCE SPEED TO AVOID CRASH,8700,S,INDIANA AVE,632,,,,,,,2,NO INDICATION OF INJURY,0,0,0,0,0,2,0,18,5,9,41.73633731,-87.61951863,POINT (-87.619518631015 41.736337306233)
06f82f3e51cddb2df3537de6da4917c8b335aa116cf1737715e34ebccd99ffdaefecb6416ab6b32cf7351ee37361b32677ef4455694138303c577382329d79f2,JE402713,,10/8/2021 0:50,30,NO CONTROLS,NO CONTROLS,UNKNOWN,"DARKNESS, LIGHTED ROAD",PARKED MOTOR VEHICLE,ONE-WAY,,STRAIGHT AND LEVEL,UNKNOWN,NO DEFECTS,NOT ON SCENE (DESK REPORT),NO INJURY / DRIVE AWAY,,,Y,"$501 - $1,500",10/8/2021 14:00,IMPROPER OVERTAKING/PASSING,UNABLE TO DETERMINE,507,W,43RD PL,925,,,,,,,2,NO INDICATION OF INJURY,0,0,0,0,0,1,0,0,6,10,41.81527322,-87.63884112,POINT (-87.638841122464 41.815273214994)
0a1683ae42f1ee30cbabbe96d450e1f9bfa3642d11e0941cff8a7b3ddb14894a2a8dbc0b6d84486806dc23650137563439422ff43ed691b72f5b67bdb93a7c2f,JF382129,,9/3/2022 20:30,30,NO CONTROLS,NO CONTROLS,CLEAR,"DARKNESS, LIGHTED ROAD",PARKED MOTOR VEHICLE,NOT DIVIDED,,STRAIGHT AND LEVEL,DRY,UNKNOWN,NOT ON SCENE (DESK REPORT),NO INJURY / DRIVE AWAY,,,,"OVER $1,500",9/3/2022 20:50,UNABLE TO DETERMINE,UNABLE TO DETERMINE,3911,W,26TH ST,1031,,,,,,,2,NO INDICATION OF INJURY,0,0,0,0,0,1,0,20,7,9,41.84416771,-87.72262754,POINT (-87.722627543837 41.844167706975)
0b738f67e5771349d6bc46fcaa54821e460ccb1a5a406ecea7489a9e3719ad04fbb93db4cebc7799bfd4c718dcdfed4c107e6ce19093188da8322b266625ad1d,JB471345,,10/11/2018 12:36,30,NO CONTROLS,NO CONTROLS,CLEAR,DAYLIGHT,TURNING,NOT DIVIDED,,STRAIGHT AND LEVEL,DRY,NO DEFECTS,NOT ON SCENE (DESK REPORT),NO INJURY / DRIVE AWAY,,,,"OVER $1,500",10/11/2018 12:36,UNABLE TO DETERMINE,UNABLE TO DETERMINE,5954,S,PULASKI RD,813,,,,,,,2,NO INDICATION OF INJURY,0,0,0,0,0,3,0,12,5,10,41.78428526,-87.72306407,POINT (-87.723064064854 41.784285254629)
07236bd894116341d7693f7b11a1441e98b3bdda883d4246aa957a57afe662aca5a2ffcb544018e62cc0e8a6b431e530de52fd0dd61c3108c51350a13512f294,HZ325351,N,6/27/2016 10:35,30,NO CONTROLS,NO CONTROLS,CLEAR,DAYLIGHT,HEAD ON,NOT DIVIDED,4,STRAIGHT AND LEVEL,DRY,NO DEFECTS,AMENDED,INJURY AND / OR TOW DUE TO CRASH,,,,"OVER $1,500",6/27/2016 10:37,NOT APPLICABLE,UNABLE TO DETERMINE,6640,S,LAKE SHORE DR,331,,,,,,,2,"REPORTED, NOT EVIDENT",1,0,0,0,1,2,0,10,2,6,,,
0379608a9ef489cc98d32ff2a243c8ac13f246bba40d835a0698b2880989d59cec02ad86aa279b0cba3c264f1916d5a8e8a561303cb9e1d27d3bff4434c44738,JD347149,,8/27/2020 14:40,30,UNKNOWN,UNKNOWN,CLEAR,DAYLIGHT,ANGLE,FOUR WAY,,STRAIGHT AND LEVEL,DRY,NO DEFECTS,ON SCENE,INJURY AND / OR TOW DUE TO CRASH,Y,,,"OVER $1,500",8/27/2020 15:05,UNABLE TO DETERMINE,UNABLE TO DETERMINE,4501,W,AUGUSTA BLVD,1111,,,,,,,2,NO INDICATION OF INJURY,0,0,0,0,0,2,0,14,5,8,41.8987089,-87.73856727,POINT (-87.738567271721 41.898708903297)
0627d6cefe8eee9c0798a7b286070bee17a00cab547618d5342d40a5f4cd88c3156fccf7560370a26820c220ee7c855b3e8ddc57ed5fa718d796eb5e756b1381,HY521899,,12/2/2015 9:30,30,NO CONTROLS,NO CONTROLS,RAIN,DAYLIGHT,PARKED MOTOR VEHICLE,NOT DIVIDED,2,STRAIGHT AND LEVEL,WET,NO DEFECTS,NOT ON SCENE (DESK REPORT),NO INJURY / DRIVE AWAY,,,,"$501 - $1,500",12/2/2015 10:30,IMPROPER BACKING,IMPROPER BACKING,5141,S,KEDZIE AVE,923,,,,,,,2,NO INDICATION OF INJURY,0,0,0,0,0,1,0,9,4,12,41.79959746,-87.70358496,POINT (-87.70358495558 41.799597459689)
04c88004dedbef95c01ba8d1f8571433aa557c4e5ce239bf251e350d0cc0fa62405fa93da2823d636ba8f29162cc681d6fc49e3aedbacc506ee3fc553356ee26,JA279286,,5/25/2017 4:05,30,NO CONTROLS,NO CONTROLS,CLEAR,DAYLIGHT,TURNING,NOT DIVIDED,,STRAIGHT AND LEVEL,DRY,NO DEFECTS,NOT ON SCENE (DESK REPORT),NO INJURY / DRIVE AWAY,,,,$500 OR LESS,5/25/2017 21:06,NOT APPLICABLE,NOT APPLICABLE,5900,S,CALIFORNIA AVE,824,,,,,,,2,NO INDICATION OF INJURY,0,0,0,0,0,3,0,4,5,5,41.78631361,-87.69373919,POINT (-87.693739184818 41.786313611306)
04596d1dd0d4c1a038964b9f95af92ff5eb6b47a01b4fbfe96c6d061623b3accd3006bc08e3dad0d753877a78d63f2e6fc7b6aba03a55b8e3cb377b58b3af9e2,JB273243,,5/22/2018 0:20,35,STOP SIGN/FLASHER,OTHER,CLEAR,"DARKNESS, LIGHTED ROAD",ANGLE,DIVIDED - W/MEDIAN (NOT RAISED),,STRAIGHT AND LEVEL,DRY,NO DEFECTS,ON SCENE,INJURY AND / OR TOW DUE TO CRASH,Y,,,"$501 - $1,500",5/22/2018 0:20,FAILING TO YIELD RIGHT-OF-WAY,DISREGARDING STOP SIGN,1600,E,86TH PL,412,,,,,,,2,INCAPACITATING INJURY,1,0,1,0,0,1,0,0,3,5,41.73794017,-87.58510283,POINT (-87.58510283191 41.73794017266)
06609129786cc65016299db65322955b50b1942cdace3e004ad9763090dde5922c028cf15fb7c294221355c8e7d4e4ded15f701e9243eb535d213d26e8c0eed2,JF232296,,4/26/2022 9:30,25,NO CONTROLS,NO CONTROLS,CLEAR,DAYLIGHT,FIXED OBJECT,NOT DIVIDED,,STRAIGHT AND LEVEL,DRY,NO DEFECTS,NOT ON SCENE (DESK REPORT),NO INJURY / DRIVE AWAY,,,,"$501 - $1,500",5/6/2022 12:05,ROAD ENGINEERING/SURFACE/MARKING DEFECTS,NOT APPLICABLE,365,N,WOOD ST,1215,,,,,,,1,NO INDICATION OF INJURY,0,0,0,0,0,1,0,9,3,4,41.88875791,-87.67181158,POINT (-87.671811580681 41.888757907592)
066d0090eca7996a4ecbc7e2f5cf802867f82ae0bda86d953d739f5751e223026a3dcd2c080f4cc0fb87992bca60f79e67a0ca1727638b672456420f1fb23a91,JB467689,,10/7/2018 11:50,30,TRAFFIC SIGNAL,FUNCTIONING PROPERLY,CLEAR,DAYLIGHT,REAR END,DIVIDED - W/MEDIAN (NOT RAISED),4,STRAIGHT AND LEVEL,DRY,NO DEFECTS,NOT ON SCENE (DESK REPORT),NO INJURY / DRIVE AWAY,Y,,,"$501 - $1,500",10/8/2018 18:40,UNABLE TO DETERMINE,NOT APPLICABLE,999,W,HOLLYWOOD AVE,2022,,,,,,,2,NO INDICATION OF INJURY,0,0,0,0,0,2,0,11,1,10,41.98545061,-87.65513441,POINT (-87.655134405071 41.985450609912)
0c264b239690a8e2971d7309155787b8383f99b568a01e603a58277fe778ecc30174a99038fc74bf748f98be6e67a32e96609f160f9faea7a0bd31278e9441dc,JE337431,,8/14/2021 18:03,30,TRAFFIC SIGNAL,FUNCTIONING PROPERLY,CLEAR,DAYLIGHT,REAR END,DIVIDED - W/MEDIAN BARRIER,,STRAIGHT AND LEVEL,DRY,NO DEFECTS,ON SCENE,INJURY AND / OR TOW DUE TO CRASH,,,,$500 OR LESS,8/14/2021 18:03,FOLLOWING TOO CLOSELY,FOLLOWING TOO CLOSELY,9525,S,HALSTED ST,2223,,,,,,,4,NONINCAPACITATING INJURY,1,0,0,1,0,3,0,18,7,8,41.72069489,-87.64304817,POINT (-87.643048172133 41.720694885749)
052c423ae5701e41c98355899075c6bedbf144e5edb6642a22ecebc95ed74c3a5faadf613e7bc5c825ada68c418024dc9bf20831cca1471159b8ca39915d92d6,JB273071,,5/21/2018 8:30,30,NO CONTROLS,NO CONTROLS,RAIN,DAYLIGHT,REAR END,NOT DIVIDED,,STRAIGHT AND LEVEL,WET,NO DEFECTS,NOT ON SCENE (DESK REPORT),NO INJURY / DRIVE AWAY,,,,"OVER $1,500",5/21/2018 20:40,UNABLE TO DETERMINE,UNABLE TO DETERMINE,66,W,ILLINOIS ST,1831,,,,,,,2,NO INDICATION OF INJURY,0,0,0,0,0,2,0,8,2,5,41.8909384,-87.63059034,POINT (-87.630590334568 41.890938396903)
00b0a70fc9e08236564b08cd464906eb5c25c9402f3b4e5f8dbf3de9eeab72167f1ec949e64b95bd2ea445171227ca5e139d2d8ed43f54cd1849ff3bdde958cb,JD151566,,2/14/2020 13:20,30,NO CONTROLS,NO CONTROLS,CLEAR,DAYLIGHT,REAR END,NOT DIVIDED,,STRAIGHT AND LEVEL,DRY,NO DEFECTS,NOT ON SCENE (DESK REPORT),NO INJURY / DRIVE AWAY,,,,"OVER $1,500",2/14/2020 13:28,FOLLOWING TOO CLOSELY,NOT APPLICABLE,7100,S,ASHLAND AVE,735,,,,,,,2,NO INDICATION OF INJURY,0,0,0,0,0,2,0,13,6,2,41.76485938,-87.66394018,POINT (-87.663940176305 41.764859382425)
06c9541e5b62b3bc2b6b5c257b0109807f8a7911b7229e4178a721b58c9b09b1a9ad895086b26321fd5cc3f5c46ec2a16be8cbdc8a5f986561ca2bd8f582eeb7,JC538780,,12/7/2019 23:54,30,NO CONTROLS,NO CONTROLS,CLEAR,"DARKNESS, LIGHTED ROAD",PARKED MOTOR VEHICLE,ONE-WAY,,STRAIGHT AND LEVEL,DRY,NO DEFECTS,ON SCENE,INJURY AND / OR TOW DUE TO CRASH,,,,"OVER $1,500",12/8/2019 0:10,IMPROPER BACKING,DRIVING SKILLS/KNOWLEDGE/EXPERIENCE,1816,S,TROY ST,1022,,,,,,,2,NO INDICATION OF INJURY,0,0,0,0,0,1,0,23,7,12,41.85666852,-87.70432779,POINT (-87.704327789704 41.856668515584)
059d066aaad8bbacf2bf7991211d04dbaff17be9dcf4297e204796e23538f879b1d812879fd1e9e3b4c02dca173691fe95958212c8bcea868df62c1b51d22fdd,JF487041,,11/23/2022 19:32,30,NO CONTROLS,NO CONTROLS,CLEAR,"DARKNESS, LIGHTED ROAD",SIDESWIPE SAME DIRECTION,DIVIDED - W/MEDIAN BARRIER,,STRAIGHT AND LEVEL,DRY,NO DEFECTS,NOT ON SCENE (DESK REPORT),NO INJURY / DRIVE AWAY,,,,"$501 - $1,500",11/25/2022 10:51,UNABLE TO DETERMINE,UNABLE TO DETERMINE,6340,S,STONY ISLAND AVE,314,,,,,,,2,NO INDICATION OF INJURY,0,0,0,0,0,2,0,19,4,11,41.77937626,-87.58658304,POINT (-87.586583037799 41.779376255921)