CRASH_RECORD_ID,RD_NO,CRASH_DATE_EST_I,CRASH_DATE,POSTED_SPEED_LIMIT,TRAFFIC_CONTROL_DEVICE,DEVICE_CONDITION,WEATHER_CONDITION,LIGHTING_CONDITION,FIRST_CRASH_TYPE,TRAFFICWAY_TYPE,LANE_CNT,ALIGNMENT,ROADWAY_SURFACE_COND,ROAD_DEFECT,REPORT_TYPE,CRASH_TYPE,INTERSECTION_RELATED_I,NOT_RIGHT_OF_WAY_I,HIT_AND_RUN_I,DAMAGE,DATE_POLICE_NOTIFIED,PRIM_CONTRIBUTORY_CAUSE,SEC_CONTRIBUTORY_CAUSE,STREET_NO,STREET_DIRECTION,STREET_NAME,BEAT_OF_OCCURRENCE,PHOTOS_TAKEN_I,STATEMENTS_TAKEN_I,DOORING_I,WORK_ZONE_I,WORK_ZONE_TYPE,WORKERS_PRESENT_I,NUM_UNITS,MOST_SEVERE_INJURY,INJURIES_TOTAL,INJURIES_FATAL,INJURIES_INCAPACITATING,INJURIES_NON_INCAPACITATING,INJURIES_REPORTED_NOT_EVIDENT,INJURIES_NO_INDICATION,INJURIES_UNKNOWN,CRASH_HOUR,CRASH_DAY_OF_WEEK,CRASH_MONTH,LATITUDE,LONGITUDE,LOCATION
0356783f197a418e64c248098d9d65aa6ed12d38d5093d11649fa905e34ad2f93c7e22393ba606ce10e4b8399af3d9b193e93376b566e955fd6210bf9d052485,JF396176,,9/14/2022 17:20,30,NO CONTROLS,NO CONTROLS,CLEAR,DAWN,SIDESWIPE SAME DIRECTION,DIVIDED - W/MEDIAN (NOT RAISED),,STRAIGHT AND LEVEL,UNKNOWN,UNKNOWN,NOT ON SCENE (DESK REPORT),NO INJURY / DRIVE AWAY,,,,"OVER $1,500",9/14/2022 18:00,UNABLE TO DETERMINE,NOT APPLICABLE,3224,N,DAMEN AVE,1921,,,,,,,2,NO INDICATION OF INJURY,0,0,0,0,0,2,0,17,4,9,41.94037401,-87.67852421,POINT (-87.678524206371 41.940374008312)
005091f199c95d15326db6ecf4d6710551b26554db03f661f9d3aaa6e8220fca7bae1deba1ebc913c35d2d64e89ada5731b9ea239985841a28e9c96c681eb263,JD352984,,9/1/2020 14:38,30,NO CONTROLS,NO CONTROLS,RAIN,DAYLIGHT,REAR END,NOT DIVIDED,,STRAIGHT AND LEVEL,WET,NO DEFECTS,NOT ON SCENE (DESK REPORT),NO INJURY / DRIVE AWAY,,,,"$501 - $1,500",9/1/2020 15:40,WEATHER,NOT APPLICABLE,7438,N,RIDGE BLVD,2411,,,,,,,2,NO INDICATION OF INJURY,0,0,0,0,0,2,0,14,3,9,42.01708563,-87.68451209,POINT (-87.684512094109 42.017085630147)
0af7bd9067c4fa304d2f35cc9e2eb397d0b95d3fb84c43cd5ec18cbff3cef95d0a4a81c948f73cbb99cfdb78e5f62d6ab792e3b9640f442b9c6fcadc441ef5b0,JF466175,,10/30/2022 19:08,30,NO CONTROLS,NO CONTROLS,RAIN,"DARKNESS, LIGHTED ROAD",SIDESWIPE SAME DIRECTION,DIVIDED - W/MEDIAN (NOT RAISED),,STRAIGHT AND LEVEL,WET,NO DEFECTS,NOT ON SCENE (DESK REPORT),NO INJURY / DRIVE AWAY,,,,"OVER $1,500",11/7/2022 17:30,IMPROPER OVERTAKING/PASSING,FAILING TO YIELD RIGHT-OF-WAY,1158,W,ROOSEVELT RD,1232,,,,,,,2,NO INDICATION OF INJURY,0,0,0,0,0,2,0,19,1,10,41.86710868,-87.656525,POINT (-87.656524999907 41.86710867469)
0bcd02024bd1d11206ec645c6e0031d791c552fa40e8df5460a79b204579b190a7b08bd29e2e201bba183f0d500e3ac5be9eeae5ab6c5aa9df0bf6ebcafa1099,JF516580,,12/19/2022 17:46,30,NO CONTROLS,NO CONTROLS,CLEAR,"DARKNESS, LIGHTED ROAD",PARKED MOTOR VEHICLE,ONE-WAY,,STRAIGHT AND LEVEL,DRY,NO DEFECTS,NOT ON SCENE (DESK REPORT),NO INJURY / DRIVE AWAY,,,Y,"OVER $1,500",12/19/2022 18:29,UNABLE TO DETERMINE,UNABLE TO DETERMINE,2520,S,KEDVALE AVE,1013,N,Y,,,,,3,NO INDICATION OF INJURY,0,0,0,0,0,1,0,17,2,12,41.84530359,-87.72797132,POINT (-87.727971323145 41.845303586531)
05477096c727ac5ece56d75bf3e6701dd21f5a3cd65065286076e867c994a32848684507925c740078919eb21fcc2e1b22817a8cf21fef15d78aa841748e4549,JC395273,,8/16/2019 17:40,30,UNKNOWN,UNKNOWN,UNKNOWN,UNKNOWN,ANGLE,UNKNOWN,,STRAIGHT AND LEVEL,UNKNOWN,UNKNOWN,NOT ON SCENE (DESK REPORT),NO INJURY / DRIVE AWAY,,,,"OVER $1,500",8/16/2019 18:00,UNABLE TO DETERMINE,NOT APPLICABLE,6312,N,HARLEM AVE,1612,,,,,,,2,NO INDICATION OF INJURY,0,0,0,0,0,3,0,17,6,8,41.99578959,-87.80695976,POINT (-87.80695975617 41.995789593895)
0774fd935705b6f231079d3c0aad9fbf61a93be83de525036d111026d2fd962f65b7ca40a108c787ebc6167ca0a6d73dd7d0b7e1f0f8e2a24f7d56b417c61d84,JB192128,,3/19/2018 16:10,30,NO CONTROLS,NO CONTROLS,CLEAR,DAYLIGHT,REAR END,NOT DIVIDED,,STRAIGHT AND LEVEL,DRY,NO DEFECTS,NOT ON SCENE (DESK REPORT),NO INJURY / DRIVE AWAY,,,,"$501 - $1,500",3/19/2018 18:35,UNABLE TO DETERMINE,UNABLE TO DETERMINE,3696,S,ARCHER AVE,912,,,,,,,2,NO INDICATION OF INJURY,0,0,0,0,0,4,0,16,2,3,41.82651854,-87.68420498,POINT (-87.684204982395 41.826518542923)
0c33e2993d74a22bf0ea3d6da101bfce8b025d05e4881be91f0aaffb6b8cabeb5f799011ba0eba117358e1b0ad46f069baa204683aced1c0813fa3c5559bea7d,JC525941,,11/26/2019 21:50,30,STOP SIGN/FLASHER,FUNCTIONING PROPERLY,RAIN,"DARKNESS, LIGHTED ROAD",TURNING,FOUR WAY,,STRAIGHT AND LEVEL,WET,UNKNOWN,NOT ON SCENE (DESK REPORT),NO INJURY / DRIVE AWAY,,,,"OVER $1,500",11/26/2019 21:52,UNABLE TO DETERMINE,UNABLE TO DETERMINE,2,S,HOYNE AVE,1223,,,,,,,2,NO INDICATION OF INJURY,0,0,0,0,0,3,0,21,3,11,41.88121602,-87.67923244,POINT (-87.679232443667 41.881216023578)
0b18f581ce447618f91ff9a601ee6c67daef364f62e2543620494aae807a62b4b38a434aae278d8a94a1d88786537ba3a1d412d6ba200b70714472db16929538,JE200692,,4/15/2021 23:34,30,TRAFFIC SIGNAL,FUNCTIONING PROPERLY,CLEAR,"DARKNESS, LIGHTED ROAD",FIXED OBJECT,FOUR WAY,,STRAIGHT AND LEVEL,DRY,NO DEFECTS,ON SCENE,NO INJURY / DRIVE AWAY,Y,,,"$501 - $1,500",4/15/2021 23:34,DRIVING SKILLS/KNOWLEDGE/EXPERIENCE,IMPROPER TURNING/NO SIGNAL,878,N,MICHIGAN AVE,1833,,,,,,,1,NO INDICATION OF INJURY,0,0,0,0,0,2,0,23,5,4,41.89909334,-87.62427245,POINT (-87.624272447628 41.89909333829)
00aa46688cfc55826cbc5b3590c176e61a76827fad6dc2cc04973515c96c11dec7053cd5cd543c75d17b2aee650a55252d7249e3b0305474f75fbd03d4fe4b87,JB130737,Y,1/26/2018 16:30,15,NO CONTROLS,NO CONTROLS,CLEAR,DAYLIGHT,PARKED MOTOR VEHICLE,PARKING LOT,1,STRAIGHT AND LEVEL,DRY,NO DEFECTS,NOT ON SCENE (DESK REPORT),NO INJURY / DRIVE AWAY,,Y,Y,"$501 - $1,500",1/26/2018 17:21,UNABLE TO DETERMINE,UNABLE TO DETERMINE,6631,N,BOSWORTH AVE,2432,,,,,,,2,NO INDICATION OF INJURY,0,0,0,0,0,1,0,16,6,1,42.00268694,-87.66915533,POINT (-87.669155325395 42.002686936389)
05c43ed4b09e29fe99ad3b8e5b3c2d9a4ddc0e7e5f31d3da2c71a583cea836de023cdeebd2d3f5228bb162c298400941564ce1dfab40b87202f79968840abda2,JF278518,,6/11/2022 21:00,30,TRAFFIC SIGNAL,UNKNOWN,UNKNOWN,"DARKNESS, LIGHTED ROAD",REAR END,NOT DIVIDED,,STRAIGHT AND LEVEL,DRY,UNKNOWN,,INJURY AND / OR TOW DUE TO CRASH,,,,"OVER $1,500",6/13/2022 19:40,UNABLE TO DETERMINE,NOT APPLICABLE,3601,W,NORTH AVE,2535,,,,,,,2,"REPORTED, NOT EVIDENT",2,0,0,0,2,2,0,21,7,6,41.90988375,-87.71675134,POINT (-87.716751343041 41.909883748015)
05959405ec5547af2094a9002c8ca14dd5edb0314fa09d1cd9e11b25814e7087ecbe6c36544a24cdae4aa4e99f4a7fdca9579cac1e4eea294e0dc8fd05171336,JE119466,,1/21/2021 15:32,10,NO CONTROLS,NO CONTROLS,CLEAR,DAYLIGHT,PARKED MOTOR VEHICLE,PARKING LOT,,STRAIGHT AND LEVEL,DRY,NO DEFECTS,NOT ON SCENE (DESK REPORT),NO INJURY / DRIVE AWAY,,Y,Y,"$501 - $1,500",1/21/2021 19:20,UNABLE TO DETERMINE,UNABLE TO DETERMINE,1000,W,NORTH AVE,1811,,,,,,,2,NO INDICATION OF INJURY,0,0,0,0,0,1,0,15,5,1,41.91094876,-87.65315955,POINT (-87.653159551272 41.910948762561)
0578529379d96e8a2040369ac13bf2f4c28a0237de654f1e6c5534946d067cb15b8a430c109636e7c3660cb0cdb1915bdb0e47ac2ea8415ff1d5410625405819,JG222322,,4/13/2023 18:29,30,NO CONTROLS,NO CONTROLS,CLEAR,DAYLIGHT,REAR END,DIVIDED - W/MEDIAN (NOT RAISED),,STRAIGHT AND LEVEL,DRY,NO DEFECTS,NOT ON SCENE (DESK REPORT),INJURY AND / OR TOW DUE TO CRASH,,,,"OVER $1,500",4/13/2023 19:15,UNABLE TO DETERMINE,NOT APPLICABLE,1343,E,55TH ST,235,,,,,,,2,NONINCAPACITATING INJURY,1,0,0,1,0,1,0,18,5,4,41.79499721,-87.59342339,POINT (-87.593423386308 41.79499720586)
03f77f49eee527b6c2acdf77c35dd36c9de4b37b8dbfaacc51b4c7bf77c704de6fa35753711ed1987dc8c38a17f15d4200f2a7c1a0238eadd47fde3fdc3e4e55,JB542131,,12/6/2018 9:00,25,NO CONTROLS,NO CONTROLS,CLEAR,DAYLIGHT,REAR END,NOT DIVIDED,,STRAIGHT AND LEVEL,DRY,NO DEFECTS,NOT ON SCENE (DESK REPORT),NO INJURY / DRIVE AWAY,,,,"OVER $1,500",12/6/2018 9:30,FOLLOWING TOO CLOSELY,NOT APPLICABLE,6525,W,DIVERSEY AVE,2512,,,,,,,2,NO INDICATION OF INJURY,0,0,0,0,0,2,0,9,5,12,41.93083392,-87.78913379,POINT (-87.789133787544 41.93083391524)
0142f4b2da05d75df26f6102b0bcf9a0076ea08e9333ecb41a318ac4d951df5e20fc526802b527378994e6f8d37bb079706fa3187f2e7de5b5624448b190ae3b,JC467727,,10/10/2019 17:20,30,TRAFFIC SIGNAL,FUNCTIONING PROPERLY,CLEAR,DAYLIGHT,TURNING,NOT DIVIDED,,STRAIGHT AND LEVEL,DRY,NO DEFECTS,NOT ON SCENE (DESK REPORT),NO INJURY / DRIVE AWAY,Y,,,"$501 - $1,500",10/10/2019 17:40,FOLLOWING TOO CLOSELY,FAILING TO REDUCE SPEED TO AVOID CRASH,1203,N,PULASKI RD,2535,,,,,,,2,NO INDICATION OF INJURY,0,0,0,0,0,2,0,17,5,10,41.90278273,-87.72615998,POINT (-87.72615997889 41.902782728093)
026079b1bf10890da394592789147e25d16470f4a8ae9fc8d0c8f64aca70213734121ca2da524b414fb6aaf425142143544f88f09e8005461d3d3039b0f61952,JC123137,,1/20/2019 0:45,35,TRAFFIC SIGNAL,FUNCTIONING PROPERLY,SNOW,"DARKNESS, LIGHTED ROAD",TURNING,NOT DIVIDED,2,STRAIGHT AND LEVEL,SNOW OR SLUSH,NO DEFECTS,NOT ON SCENE (DESK REPORT),NO INJURY / DRIVE AWAY,Y,,,"OVER $1,500",1/20/2019 1:10,IMPROPER LANE USAGE,NOT APPLICABLE,6400,W,BRYN MAWR AVE,1612,,,,,,,2,NO INDICATION OF INJURY,0,0,0,0,0,3,0,0,1,1,41.98301214,-87.78776351,POINT (-87.787763513853 41.983012134609)
074c589cefed32a12bb4fc0fceb1eb87ef8df29705dbc135b81219d9505e88c3d411869c3041db65741930cbfdc867268927cf46f3bc063055b44a45a24ba941,HZ258913,,5/9/2016 18:15,30,TRAFFIC SIGNAL,FUNCTIONING PROPERLY,CLEAR,DAYLIGHT,REAR END,DIVIDED - W/MEDIAN (NOT RAISED),2,STRAIGHT AND LEVEL,DRY,NO DEFECTS,NOT ON SCENE (DESK REPORT),NO INJURY / DRIVE AWAY,Y,,,"OVER $1,500",5/10/2016 15:10,FAILING TO YIELD RIGHT-OF-WAY,UNABLE TO DETERMINE,4243,W,BELMONT AVE,2523,,,,,,,2,NO INDICATION OF INJURY,0,0,0,0,0,2,0,18,2,5,41.93888272,-87.73474435,POINT (-87.73474435438 41.9388827242)
09b1c9edd5cf03633d94c27051da7e43e7e84218acd03e1885290316f08dad744003e98a6295c9b270781d55229d49872470d8d50d158f5a43011aa6b0ac29d2,JD367228,,9/14/2020 16:30,30,UNKNOWN,UNKNOWN,CLEAR,DAYLIGHT,PARKED MOTOR VEHICLE,DIVIDED - W/MEDIAN (NOT RAISED),,STRAIGHT AND LEVEL,DRY,NO DEFECTS,NOT ON SCENE (DESK REPORT),NO INJURY / DRIVE AWAY,,,,"OVER $1,500",9/14/2020 17:30,UNABLE TO DETERMINE,UNABLE TO DETERMINE,3660,N,MILWAUKEE AVE,1731,,,,,,,2,NO INDICATION OF INJURY,0,0,0,0,0,2,0,16,2,9,41.94720291,-87.73739424,POINT (-87.737394239932 41.94720291091)
0a5a3f90d3e38ce0a5d123eed698a3edfc9da9136dec99aea751136d3b74cb6dcc9aa1cd8efa615fb868daaa86f2707835eae3d04fe484c68fd2750f10f2009c,JB173313,,3/4/2018 11:55,30,TRAFFIC SIGNAL,FUNCTIONING PROPERLY,CLEAR,DAYLIGHT,REAR END,DIVIDED - W/MEDIAN (NOT RAISED),,STRAIGHT AND LEVEL,DRY,UNKNOWN,ON SCENE,NO INJURY / DRIVE AWAY,,,,"$501 - $1,500",3/4/2018 12:03,UNABLE TO DETERMINE,NOT APPLICABLE,812,W,LAWRENCE AVE,2024,,,,,,,2,NO INDICATION OF INJURY,0,0,0,0,0,3,0,11,1,3,41.96925383,-87.65082992,POINT (-87.650829917694 41.96925383097)
06fe0f6f6c465a0de7635829d566c11517fd5bdbefafc1848dccbffc927313a8955c9677b0d23cff0eefd11554c37543952f3a3200f56c4caf04d21d96529c8d,JC510053,,11/14/2019 10:40,30,TRAFFIC SIGNAL,FUNCTIONING PROPERLY,CLEAR,DAYLIGHT,SIDESWIPE SAME DIRECTION,DIVIDED - W/MEDIAN BARRIER,,STRAIGHT ON GRADE,DRY,NO DEFECTS,ON SCENE,NO INJURY / DRIVE AWAY,Y,,Y,"$501 - $1,500",11/14/2019 10:42,DRIVING SKILLS/KNOWLEDGE/EXPERIENCE,RELATED TO BUS STOP,11101,S,HALSTED ST,2233,,,,,,,2,NO INDICATION OF INJURY,0,0,0,0,0,2,0,10,5,11,41.69226709,-87.64222983,POINT (-87.642229834104 41.692267088937)
09b5317a593dd73846bf8f5773058e8787d1c01ed471d57c020352f1bc47b8006dbf8b9aa8549f8fa903270cb1e15283cf5ddcce31337afe945a00643aebf7f1,JD249484,,6/1/2020 6:50,20,TRAFFIC SIGNAL,FUNCTIONING PROPERLY,CLEAR,DAYLIGHT,ANGLE,FOUR WAY,,STRAIGHT AND LEVEL,DRY,NO DEFECTS,NOT ON SCENE (DESK REPORT),NO INJURY / DRIVE AWAY,Y,,,"OVER $1,500",6/1/2020 8:30,DISREGARDING TRAFFIC SIGNALS,NOT APPLICABLE,11200,S,HAMLET AVE,2234,,,,,,,2,NO INDICATION OF INJURY,0,0,0,0,0,2,0,6,2,6,41.69034607,-87.66055603,POINT (-87.660556030835 41.690346065123)
04d7dd314bf5277f9b5d8fc5376850630a35071b12c1d996248708d03a5d28d770c05d35b0763b900e819407472147069e8f1f635acf6c152fb42605a9a0c96f,JG165602,,2/25/2023 13:00,25,NO CONTROLS,NO CONTROLS,UNKNOWN,UNKNOWN,TURNING,FOUR WAY,,STRAIGHT AND LEVEL,UNKNOWN,UNKNOWN,NOT ON SCENE (DESK REPORT),NO INJURY / DRIVE AWAY,,,,"OVER $1,500",2/25/2023 15:00,UNABLE TO DETERMINE,UNABLE TO DETERMINE,5224,S,LAKE PARK AVE,234,,,,,,,2,NO INDICATION OF INJURY,0,0,0,0,0,2,0,13,7,2,41.80028432,-87.58752839,POINT (-87.587528386755 41.800284321126)
092a046aefd3f8120053e6ac8d721b325659bf94dd244c3ae128eed963e5cc83640137c9243cc0cf69ba822662ae75cc1831ecd42eeffd3fd21289b23f9aaffb,JD388305,,10/4/2020 11:15,25,STOP SIGN/FLASHER,FUNCTIONING PROPERLY,CLEAR,DAYLIGHT,PEDALCYCLIST,FOUR WAY,,STRAIGHT AND LEVEL,DRY,NO DEFECTS,ON SCENE,INJURY AND / OR TOW DUE TO CRASH,Y,,,$500 OR LESS,10/4/2020 11:17,FAILING TO YIELD RIGHT-OF-WAY,NOT APPLICABLE,3900,N,PINE GROVE AVE,1925,,,,,,,2,"REPORTED, NOT EVIDENT",1,0,0,0,1,1,0,11,1,10,41.95293853,-87.64804114,POINT (-87.648041138725 41.952938529458)
04f61b7d55187a4ff582930f8c9ead7df6107bb1566926cbdb9eed11d07204c801f10f6e29c92fc366111af870e71061bdb2183f74c6209398a6b7fdc46d003e,JA326549,,6/28/2017 18:11,30,STOP SIGN/FLASHER,FUNCTIONING PROPERLY,CLEAR,DAYLIGHT,ANGLE,DIVIDED - W/MEDIAN (NOT RAISED),4,STRAIGHT AND LEVEL,DRY,NO DEFECTS,ON SCENE,NO INJURY / DRIVE AWAY,Y,,,"OVER $1,500",6/28/2017 18:12,DRIVING SKILLS/KNOWLEDGE/EXPERIENCE,UNABLE TO DETERMINE,3950,W,CHICAGO AVE,1112,,,,,,,2,NO INDICATION OF INJURY,0,0,0,0,0,4,0,18,4,6,41.89548111,-87.72565573,POINT (-87.725655725095 41.895481113328)
04bc59d30363069606d3e502fb2e5a586066774ece945ed59b154cc32870644bf2ee54204357634d22e0eae4ba0709e9b169022322091efb5b1974b81179050b,JA486336,,10/26/2017 7:40,30,NO CONTROLS,NO CONTROLS,CLEAR,DAYLIGHT,ANGLE,DIVIDED - W/MEDIAN (NOT RAISED),,STRAIGHT AND LEVEL,DRY,NO DEFECTS,NOT ON SCENE (DESK REPORT),NO INJURY / DRIVE AWAY,Y,,,"$501 - $1,500",10/26/2017 7:50,DRIVING SKILLS/KNOWLEDGE/EXPERIENCE,NOT APPLICABLE,5932,W,NORTH AVE,2531,,,,,,,2,NO INDICATION OF INJURY,0,0,0,0,0,3,0,7,5,10,41.90938315,-87.77398969,POINT (-87.77398969362 41.909383153725)
07cb3974e24cbe8f4a849f7c8e6aa89f33b8d10abb2e60855c7c46051047a7deba08adb1a120dfc637e063ac27535374abf64795bff37667f19b5cc4cb192e02,JA511741,,11/14/2017 16:10,30,NO CONTROLS,NO CONTROLS,CLEAR,DAYLIGHT,SIDESWIPE SAME DIRECTION,NOT DIVIDED,,STRAIGHT AND LEVEL,DRY,NO DEFECTS,NOT ON SCENE (DESK REPORT),NO INJURY / DRIVE AWAY,,,,"OVER $1,500",11/14/2017 16:50,UNABLE TO DETERMINE,UNABLE TO DETERMINE,3132,W,DEVON AVE,2412,,,,,,,2,NO INDICATION OF INJURY,0,0,0,0,0,2,0,16,3,11,41.9975183,-87.70822416,POINT (-87.708224163769 41.997518303002)
01b389311b1e5f5fe283500807bccf8e09e094ff76a5a8ed4ee785ba5fcfa827fb2687a89b63d31af842db3d9d4f6047b75207dc5a6a7eca2eef4416b88b1c82,JG248748,Y,4/30/2023 4:30,20,NO CONTROLS,NO CONTROLS,CLEAR,"DARKNESS, LIGHTED ROAD",PARKED MOTOR VEHICLE,ONE-WAY,,STRAIGHT AND LEVEL,DRY,NO DEFECTS,NOT ON SCENE (DESK REPORT),NO INJURY / DRIVE AWAY,,,Y,"OVER $1,500",5/5/2023 9:45,UNABLE TO DETERMINE,NOT APPLICABLE,4451,W,VAN BUREN ST,1131,,,,,,,2,NO INDICATION OF INJURY,0,0,0,0,0,1,0,4,1,4,41.87500938,-87.73730498,POINT (-87.737304978009 41.875009377888)
0c51428fb058b2cb5040a1801f604c14d51145c2eca5b0412540825480df8de5e15b4021f0995ee1c7e5be8315273a1abe0c7b2957933ae634bb955628ad7755,JE478721,,12/15/2021 18:15,30,NO CONTROLS,FUNCTIONING PROPERLY,RAIN,DARKNESS,REAR END,NOT DIVIDED,,STRAIGHT AND LEVEL,WET,UNKNOWN,NOT ON SCENE (DESK REPORT),NO INJURY / DRIVE AWAY,,,Y,"OVER $1,500",12/15/2021 19:40,UNABLE TO DETERMINE,NOT APPLICABLE,95,N,WESTERN AVE,1223,,,,,,,2,NO INDICATION OF INJURY,0,0,0,0,0,2,0,18,4,12,41.88295267,-87.68633659,POINT (-87.686336585698 41.882952670853)
02781c46f60f438f63e4df5e070697b275d3b038d11333f737c7d88044142cde932a3308cc51025702ff0782392d3e89d1a98c6ee141aa25389b3e3f69821cb0,JG145565,,2/8/2023 17:11,30,STOP SIGN/FLASHER,FUNCTIONING PROPERLY,RAIN,DUSK,SIDESWIPE SAME DIRECTION,NOT DIVIDED,,STRAIGHT AND LEVEL,UNKNOWN,UNKNOWN,ON SCENE,NO INJURY / DRIVE AWAY,,,,"OVER $1,500",2/8/2023 17:11,UNABLE TO DETERMINE,UNABLE TO DETERMINE,4399,S,ROCKWELL ST,922,,,,,,,2,NO INDICATION OF INJURY,0,0,0,0,0,3,0,17,4,2,41.8138981,-87.68933119,POINT (-87.689331187928 41.813898102581)
06371a5a6df8c4cad467bb2c116da24afce87672a31ee75fb1dd00a52b27f98ec9253a7060ae45bcef58cd764ed3e24703a1af174da9974cc74317301d7322c1,JA517445,,11/19/2017 2:25,30,NO CONTROLS,NO CONTROLS,CLEAR,"DARKNESS, LIGHTED ROAD",TURNING,NOT DIVIDED,2,STRAIGHT AND LEVEL,DRY,NO DEFECTS,ON SCENE,INJURY AND / OR TOW DUE TO CRASH,,,N,"OVER $1,500",11/19/2017 2:29,IMPROPER OVERTAKING/PASSING,IMPROPER TURNING/NO SIGNAL,1529,W,MARQUETTE RD,725,,Y,,,,,2,NO INDICATION OF INJURY,0,0,0,0,0,5,0,2,1,11,41.77210215,-87.66273691,POINT (-87.66273690766 41.77210214487)
06be00feba506051f8b6eaa215ddea8f30218b50d245ee52378f4a515c025af92021e2f442e6d32d25589fc33273e0f1236aa5073b462e9491c3f50df394151f,JA126081,,1/22/2017 21:53,30,STOP SIGN/FLASHER,FUNCTIONING PROPERLY,FOG/SMOKE/HAZE,"DARKNESS, LIGHTED ROAD",ANGLE,NOT DIVIDED,2,STRAIGHT AND LEVEL,WET,NO DEFECTS,ON SCENE,INJURY AND / OR TOW DUE TO CRASH,Y,,Y,"OVER $1,500",1/22/2017 22:07,FAILING TO YIELD RIGHT-OF-WAY,UNABLE TO DETERMINE,7400,S,SOUTH SHORE DR,334,,,,,,,2,NO INDICATION OF INJURY,0,0,0,0,0,4,0,21,1,1,41.76217412,-87.55892746,POINT (-87.558927463962 41.762174118016)
007b09246bf924ba045e340e8b7b6c118ba9289e974a52009b0bc18496136d0485def4f25b32a1640c966fa8b97a04721aa4473af888104582f28a16c37741df,JG159120,,2/20/2023 7:35,30,TRAFFIC SIGNAL,UNKNOWN,CLEAR,UNKNOWN,PARKED MOTOR VEHICLE,ONE-WAY,,STRAIGHT AND LEVEL,UNKNOWN,UNKNOWN,ON SCENE,NO INJURY / DRIVE AWAY,,,Y,"OVER $1,500",2/20/2023 7:40,UNABLE TO DETERMINE,UNABLE TO DETERMINE,50,W,OHIO ST,1832,,,,,,,2,NO INDICATION OF INJURY,0,0,0,0,0,1,0,7,2,2,41.8925555,-87.62993028,POINT (-87.629930280793 41.892555498624)
015df9cd5cff1f1a129c8845c5273934ead9f95cc6890b1122eefee383ee4fbd9ed6de88e583d59b202d72dd2d5f4df699f80d55e24f56537f76db9b21b45eb1,JF504834,,12/10/2022 1:12,30,NO CONTROLS,NO CONTROLS,CLEAR,"DARKNESS, LIGHTED ROAD",OTHER OBJECT,NOT DIVIDED,,STRAIGHT AND LEVEL,WET,NO DEFECTS,ON SCENE,INJURY AND / OR TOW DUE TO CRASH,,,,"OVER $1,500",12/10/2022 1:12,UNABLE TO DETERMINE,NOT APPLICABLE,2740,N,PULASKI RD,2524,,,,,,,1,FATAL,1,1,0,0,0,0,0,1,7,12,41.93121325,-87.72710906,POINT (-87.727109054828 41.931213251801)
05a9e64e57eab7e82bd018a60643750a000bde73c188e0f3529cda667056437067c1e64432626d8e578f3ea462f0049c139b95ff8e848ce8c4546f54fb5f041e,JC274444,,5/12/2019 16:00,35,NO CONTROLS,NO CONTROLS,CLEAR,DAYLIGHT,FIXED OBJECT,PARKING LOT,,STRAIGHT AND LEVEL,DRY,NO DEFECTS,NOT ON SCENE (DESK REPORT),NO INJURY / DRIVE AWAY,,,,"OVER $1,500",5/22/2019 21:00,DRIVING SKILLS/KNOWLEDGE/EXPERIENCE,DRIVING SKILLS/KNOWLEDGE/EXPERIENCE,11101,S,HALSTED ST,2233,,Y,,,,,2,NO INDICATION OF INJURY,0,0,0,0,0,1,0,16,1,5,41.69226709,-87.64222983,POINT (-87.642229834104 41.692267088937)
03068737f14600090d0fdafdedddc3bb4c721b5ad4aa327da4e79fe776d29a49887895a1e79432b5c2f7ae0f3f9314171dbc02245ef7fc488d2d88298c8bc1e4,JE184392,,3/30/2021 15:20,30,NO CONTROLS,NO CONTROLS,CLEAR,DAYLIGHT,SIDESWIPE OPPOSITE DIRECTION,ONE-WAY,,STRAIGHT AND LEVEL,DRY,NO DEFECTS,NOT ON SCENE (DESK REPORT),NO INJURY / DRIVE AWAY,,,Y,"$501 - $1,500",3/30/2021 15:40,FAILING TO REDUCE SPEED TO AVOID CRASH,NOT APPLICABLE,5147,W,ALTGELD ST,2521,,,,,,,2,NO INDICATION OF INJURY,0,0,0,0,0,3,0,15,3,3,41.92586138,-87.75563006,POINT (-87.75563006411 41.925861377416)
080e73a7d10e579f0122087c982e395eeeae0b11b525f81f724a968494547d6c6061c24245c32e9c41de26e4d8589024075c09deaed06aed5375c362ae603670,JA278654,,12/11/2016 2:30,30,NO CONTROLS,NO CONTROLS,CLOUDY/OVERCAST,"DARKNESS, LIGHTED ROAD",PARKED MOTOR VEHICLE,DIVIDED - W/MEDIAN (NOT RAISED),2,STRAIGHT AND LEVEL,DRY,NO DEFECTS,NOT ON SCENE (DESK REPORT),INJURY AND / OR TOW DUE TO CRASH,,,Y,"OVER $1,500",5/25/2017 13:30,"OPERATING VEHICLE IN ERRATIC, RECKLESS, CARELESS, NEGLIGENT OR AGGRESSIVE MANNER",FAILING TO REDUCE SPEED TO AVOID CRASH,2300,W,24TH ST,1034,,,,,,,2,NO INDICATION OF INJURY,0,0,0,0,0,1,0,2,1,12,41.84854313,-87.68321943,POINT (-87.68321942837 41.848543131816)