CRASH_RECORD_ID,RD_NO,CRASH_DATE_EST_I,CRASH_DATE,POSTED_SPEED_LIMIT,TRAFFIC_CONTROL_DEVICE,DEVICE_CONDITION,WEATHER_CONDITION,LIGHTING_CONDITION,FIRST_CRASH_TYPE,TRAFFICWAY_TYPE,LANE_CNT,ALIGNMENT,ROADWAY_SURFACE_COND,ROAD_DEFECT,REPORT_TYPE,CRASH_TYPE,INTERSECTION_RELATED_I,NOT_RIGHT_OF_WAY_I,HIT_AND_RUN_I,DAMAGE,DATE_POLICE_NOTIFIED,PRIM_CONTRIBUTORY_CAUSE,SEC_CONTRIBUTORY_CAUSE,STREET_NO,STREET_DIRECTION,STREET_NAME,BEAT_OF_OCCURRENCE,PHOTOS_TAKEN_I,STATEMENTS_TAKEN_I,DOORING_I,WORK_ZONE_I,WORK_ZONE_TYPE,WORKERS_PRESENT_I,NUM_UNITS,MOST_SEVERE_INJURY,INJURIES_TOTAL,INJURIES_FATAL,INJURIES_INCAPACITATING,INJURIES_NON_INCAPACITATING,INJURIES_REPORTED_NOT_EVIDENT,INJURIES_NO_INDICATION,INJURIES_UNKNOWN,CRASH_HOUR,CRASH_DAY_OF_WEEK,CRASH_MONTH,LATITUDE,LONGITUDE,LOCATION
0352232d23a6df7665ec0ef27d438e59d232f36fc8c29e7f57560b641df26fe9ece469ca96d059bf519d062fc0e5d2b6710b0ed1280b5786a98fc704cf450e6b,JD420933,,11/4/2020 7:35,30,TRAFFIC SIGNAL,FUNCTIONING PROPERLY,CLEAR,DAYLIGHT,REAR END,NOT DIVIDED,,STRAIGHT AND LEVEL,DRY,NO DEFECTS,NOT ON SCENE (DESK REPORT),NO INJURY / DRIVE AWAY,,,,"$501 - $1,500",11/4/2020 16:37,NOT APPLICABLE,NOT APPLICABLE,7859,S,CICERO AVE,834,,,,,,,2,NO INDICATION OF INJURY,0,0,0,0,0,2,0,7,4,11,41.74924634,-87.74122014,POINT (-87.741220140926 41.749246334623)
03b3091e01ad6acd63dbf214f125ff55950054bcb3cee2e70714f82b485ce3b7ec49bc3e2e1d71cf5cf01987007cd892df61eb15056ca9ff6313818c428ebc0d,JE104008,,1/5/2021 13:40,30,TRAFFIC SIGNAL,FUNCTIONING PROPERLY,CLEAR,DAYLIGHT,REAR END,NOT DIVIDED,,STRAIGHT AND LEVEL,DRY,NO DEFECTS,ON SCENE,INJURY AND / OR TOW DUE TO CRASH,,,,"OVER $1,500",1/5/2021 13:45,UNABLE TO DETERMINE,UNABLE TO DETERMINE,2600,N,NARRAGANSETT AVE,2512,,,,,,,2,"REPORTED, NOT EVIDENT",1,0,0,0,1,1,0,13,3,1,41.92742709,-87.78573363,POINT (-87.785733627742 41.927427092188)
06ce1a0e9a582c22ec00f7edee90759f51e6b324d1767526f6ee57b4178dd30ef286e31f2de6045e03e956583b855b0c2170e3ca8d47764dc1473c83a23846bf,JB184497,,3/13/2018 5:40,30,NO CONTROLS,NO CONTROLS,CLEAR,DAYLIGHT,REAR END,NOT DIVIDED,,STRAIGHT AND LEVEL,DRY,NO DEFECTS,NOT ON SCENE (DESK REPORT),NO INJURY / DRIVE AWAY,,,,"$501 - $1,500",3/13/2018 16:30,FOLLOWING TOO CLOSELY,FOLLOWING TOO CLOSELY,7301,W,TOUHY AVE,1611,,,,,,,2,NO INDICATION OF INJURY,0,0,0,0,0,2,0,5,3,3,42.01154165,-87.80915425,POINT (-87.809154248554 42.011541646088)
03acf232b27f603d8bfaaf1462c1fbe67cb9fa8e7524bda984c2215bbad05fe443e28f9dd312f9d43e697d1db0aac37e57ccda916e4cc55a3d8bac9c48baad94,JD117607,,1/16/2020 9:06,30,NO CONTROLS,FUNCTIONING PROPERLY,CLEAR,DAYLIGHT,ANGLE,NOT DIVIDED,,STRAIGHT AND LEVEL,DRY,NO DEFECTS,NOT ON SCENE (DESK REPORT),NO INJURY / DRIVE AWAY,,,,"$501 - $1,500",1/16/2020 10:45,FAILING TO YIELD RIGHT-OF-WAY,NOT APPLICABLE,229,N,LARAMIE AVE,1532,,,,,,,2,NO INDICATION OF INJURY,0,0,0,0,0,4,0,9,5,1,41.88531237,-87.75510064,POINT (-87.755100638822 41.88531237302)
06f0778da446ae66fa525b39ac85fd2b3031f824a5f0759df7cf4a24add8c55b3d741273d16cc22a2dc0570e5f223db31d5b96c909391b32268d01ace21bbcf5,JE250032,,6/1/2021 14:00,30,NO CONTROLS,UNKNOWN,CLEAR,DAYLIGHT,SIDESWIPE SAME DIRECTION,NOT DIVIDED,,STRAIGHT AND LEVEL,UNKNOWN,UNKNOWN,NOT ON SCENE (DESK REPORT),NO INJURY / DRIVE AWAY,,,Y,"$501 - $1,500",6/1/2021 14:40,IMPROPER OVERTAKING/PASSING,NOT APPLICABLE,1633,N,CENTRAL AVE,2532,,,,,,,2,NO INDICATION OF INJURY,0,0,0,0,0,2,0,14,3,6,41.91037223,-87.76539347,POINT (-87.765393466646 41.910372226499)
078a9f63e40d1702c036aaaa8678e19bf273f735a15a83f33658c67a9aa1a6d960531c23dded9cde049fda2fcb26169c0246813e3ac838e55ce21cd79b85830a,HZ107917,,1/8/2016 1:45,30,TRAFFIC SIGNAL,FUNCTIONING PROPERLY,CLEAR,"DARKNESS, LIGHTED ROAD",SIDESWIPE SAME DIRECTION,NOT DIVIDED,4,STRAIGHT AND LEVEL,DRY,NO DEFECTS,NOT ON SCENE (DESK REPORT),NO INJURY / DRIVE AWAY,,,Y,"OVER $1,500",1/8/2016 2:26,IMPROPER LANE USAGE,IMPROPER OVERTAKING/PASSING,5500,S,WESTERN AVE,824,,,,,,,2,NO INDICATION OF INJURY,0,0,0,0,0,2,0,1,6,1,41.79337055,-87.68417538,POINT (-87.684175376759 41.79337055433)
04417f54cbefbf9602c1a5a042d6f0c2e4e6a8c8c28483bc2b6472c2a7823b0d7c6021c49b6ab2f6f3b98ed99a86030e930fc549709d9fd5ac9920dee7ca2dab,JA125935,,1/22/2017 19:10,30,TRAFFIC SIGNAL,FUNCTIONING PROPERLY,CLEAR,"DARKNESS, LIGHTED ROAD",REAR END,DIVIDED - W/MEDIAN (NOT RAISED),2,STRAIGHT AND LEVEL,DRY,NO DEFECTS,NOT ON SCENE (DESK REPORT),NO INJURY / DRIVE AWAY,Y,,,"OVER $1,500",1/22/2017 19:30,FOLLOWING TOO CLOSELY,UNABLE TO DETERMINE,1250,W,DIVISION ST,1433,,,,,,,2,NO INDICATION OF INJURY,0,0,0,0,0,2,0,19,1,1,41.90359031,-87.65921321,POINT (-87.659213209195 41.903590314092)
0bd339db28cb4486e2fe17acc4db6056412f074056dfe41785131c8292210afbb046888d869965407d44182a3604a7eaace34fb39dbde271354456abdb4c1f65,JE390848,,9/28/2021 8:13,30,TRAFFIC SIGNAL,FUNCTIONING PROPERLY,CLEAR,DAYLIGHT,SIDESWIPE SAME DIRECTION,NOT DIVIDED,,STRAIGHT AND LEVEL,UNKNOWN,UNKNOWN,NOT ON SCENE (DESK REPORT),NO INJURY / DRIVE AWAY,,,,"$501 - $1,500",9/28/2021 19:12,IMPROPER LANE USAGE,IMPROPER OVERTAKING/PASSING,5091,N,CICERO AVE,1712,,,,,,,2,NO INDICATION OF INJURY,0,0,0,0,0,2,0,8,3,9,41.97355375,-87.74779883,POINT (-87.747798827504 41.973553749872)
049013970cafff2c0afa1acd3c2d653f3b31fd845290530354f67be5e1f303c4ee8e380ba2494d2a569ed2b1cbe0efe8206a0e103432d8db65978d5adc53da2a,JC301845,,6/11/2019 14:25,30,NO CONTROLS,NO CONTROLS,CLEAR,DAYLIGHT,REAR END,DIVIDED - W/MEDIAN (NOT RAISED),,STRAIGHT AND LEVEL,DRY,NO DEFECTS,ON SCENE,NO INJURY / DRIVE AWAY,,,,"$501 - $1,500",6/11/2019 14:40,NOT APPLICABLE,NOT APPLICABLE,10000,S,EWING AVE,432,,,,,,,2,NO INDICATION OF INJURY,0,0,0,0,0,2,0,14,3,6,41.71387606,-87.53542261,POINT (-87.535422608574 41.713876063173)
0cadb9d8adb2fa2fd22aec5180cb6dea3b344ede3ee88d4e8a50b9176e901da80cf5756e8b588170a56b08cc706ced42672cf13dfc572d195370f79467203d94,JC514843,,11/18/2019 6:00,30,NO CONTROLS,NO CONTROLS,UNKNOWN,DAWN,FIXED OBJECT,NOT DIVIDED,,STRAIGHT AND LEVEL,UNKNOWN,UNKNOWN,NOT ON SCENE (DESK REPORT),NO INJURY / DRIVE AWAY,,,,"OVER $1,500",11/18/2019 10:00,UNABLE TO DETERMINE,NOT APPLICABLE,2900,E,126TH ST,433,,,,,,,1,NO INDICATION OF INJURY,0,0,0,0,0,1,0,6,2,11,41.66670441,-87.55330138,POINT (-87.553301379527 41.666704412105)
0862b5cbf7c95cffa58558746ef0a3b7ecae6d8cd2737413017bc169bbd5866848ab077f4d05832fcb8ce967d8239a7e87be4a1d1089f70a685e22172b94258d,JD304195,,7/20/2020 17:30,30,NO CONTROLS,UNKNOWN,CLEAR,DAYLIGHT,SIDESWIPE SAME DIRECTION,ONE-WAY,,STRAIGHT AND LEVEL,UNKNOWN,UNKNOWN,NOT ON SCENE (DESK REPORT),NO INJURY / DRIVE AWAY,,,,"$501 - $1,500",7/20/2020 17:45,UNABLE TO DETERMINE,UNABLE TO DETERMINE,3739,N,ODELL AVE,1631,,,,,,,2,NO INDICATION OF INJURY,0,0,0,0,0,2,0,17,2,7,41.94779835,-87.81059982,POINT (-87.810599819703 41.947798353695)
0a912cb31b1b14edaaded91f8e1d1633c8dd3505e97ca29930a37310c08e801e57ab66c3b6953c58fb948a048edc6377afa412faf763a8b4f08a21add26c4f74,JD340185,,8/21/2020 12:50,35,TRAFFIC SIGNAL,FUNCTIONING PROPERLY,CLEAR,DAYLIGHT,SIDESWIPE SAME DIRECTION,DIVIDED - W/MEDIAN (NOT RAISED),,STRAIGHT AND LEVEL,DRY,NO DEFECTS,NOT ON SCENE (DESK REPORT),NO INJURY / DRIVE AWAY,Y,,,"OVER $1,500",8/21/2020 14:40,IMPROPER OVERTAKING/PASSING,UNABLE TO DETERMINE,9800,S,HALSTED ST,2223,,,,,,,2,NO INDICATION OF INJURY,0,0,0,0,0,2,0,12,6,8,41.7158702,-87.64321014,POINT (-87.643210139548 41.715870203216)
04573a6539e6b9520bc7dcfc63fb9beb2d5a423af1e02e578da3c709ab1fb16800cfa7088ec23333569e9eb98f11d9d9c5564788dbdc721ca1f251ea756be321,JG132430,,1/28/2023 8:08,20,STOP SIGN/FLASHER,FUNCTIONING PROPERLY,CLEAR,DAYLIGHT,REAR END,ONE-WAY,,STRAIGHT AND LEVEL,WET,NO DEFECTS,NOT ON SCENE (DESK REPORT),NO INJURY / DRIVE AWAY,,,,"OVER $1,500",1/28/2023 8:40,FOLLOWING TOO CLOSELY,DRIVING SKILLS/KNOWLEDGE/EXPERIENCE,5960,W,FULTON ST,1512,,,,,,,2,NO INDICATION OF INJURY,0,0,0,0,0,3,0,8,7,1,41.8856943,-87.77442096,POINT (-87.774420954764 41.885694299633)
015b5d8cf8bf62164c943d2d8c87fc9b260b86e653c0b4682171d74cc5d1a350ea37ce29def9ec94bfd587e78e1399c939b26509cb1123a31b61464e20140c70,JF225663,,4/30/2022 15:31,30,STOP SIGN/FLASHER,FUNCTIONING PROPERLY,RAIN,DUSK,ANGLE,FOUR WAY,,STRAIGHT AND LEVEL,WET,NO DEFECTS,ON SCENE,INJURY AND / OR TOW DUE TO CRASH,Y,,,"$501 - $1,500",4/30/2022 16:29,DRIVING SKILLS/KNOWLEDGE/EXPERIENCE,WEATHER,3666,E,108TH ST,432,,,,,,,2,NONINCAPACITATING INJURY,1,0,0,1,0,1,0,15,7,4,41.699209,-87.53413463,POINT (-87.534134634037 41.699208999321)
0ba4dd6db085db0b8c0cbc77258be9a15cb2cdacbc97edf1f4afaa43fe51f8ff14e640e05b40b7cc1b55e46628946747c50184da48631674b29bd41caf7a3111,JB288249,Y,6/1/2018 12:20,35,NO CONTROLS,NO CONTROLS,CLEAR,DAYLIGHT,SIDESWIPE SAME DIRECTION,NOT DIVIDED,2,STRAIGHT AND LEVEL,DRY,NO DEFECTS,NOT ON SCENE (DESK REPORT),INJURY AND / OR TOW DUE TO CRASH,,,Y,"OVER $1,500",6/1/2018 12:47,UNABLE TO DETERMINE,UNABLE TO DETERMINE,4443,S,ASHLAND AVE,924,,N,,,,,2,"REPORTED, NOT EVIDENT",1,0,0,0,1,5,0,12,6,6,41.81277267,-87.6649302,POINT (-87.664930198189 41.812772667861)
023a50d0c288e9499d984e124efe4d654393590eddeff389141bed011b8bfb36664783782f782107d0fe1ee9cc2114877a35eef9e1756abb3da19fbbfcaa78ff,JE356076,,8/31/2021 2:05,30,STOP SIGN/FLASHER,FUNCTIONING PROPERLY,CLEAR,"DARKNESS, LIGHTED ROAD",ANGLE,FOUR WAY,,STRAIGHT AND LEVEL,DRY,NO DEFECTS,ON SCENE,INJURY AND / OR TOW DUE TO CRASH,Y,,,"OVER $1,500",8/31/2021 2:06,DISREGARDING STOP SIGN,FAILING TO REDUCE SPEED TO AVOID CRASH,1600,W,HUBBARD ST,1215,,,,,,,2,NONINCAPACITATING INJURY,2,0,0,2,0,1,0,2,3,8,41.889996,-87.66716037,POINT (-87.667160366454 41.889996001809)
054ac95f14c8eff12c037cb15abdc1a8e1012877427f065657d473ee29b39dcc580b581fe0b287514541748773b44129d6f993dda26bed889d1ef953bad60d77,JD272522,,6/22/2020 14:04,30,STOP SIGN/FLASHER,FUNCTIONING PROPERLY,RAIN,DAYLIGHT,ANGLE,FOUR WAY,,STRAIGHT AND LEVEL,DRY,NO DEFECTS,ON SCENE,NO INJURY / DRIVE AWAY,,,,"OVER $1,500",6/22/2020 14:18,UNABLE TO DETERMINE,UNABLE TO DETERMINE,9800,S,ESCANABA AVE,431,,,,,,,2,NO INDICATION OF INJURY,0,0,0,0,0,3,0,14,2,6,41.71720197,-87.55390574,POINT (-87.553905737256 41.717201970606)
01009da3849960cbecce075a0e3bb4be42098bad0138f256fd9e7a495ad0dc74f0a1eb31b4f9e97201a76c4ed49e3272c28064fea654231f7d77516b0d3058d4,JD367063,,9/14/2020 14:20,15,NO CONTROLS,NO CONTROLS,CLEAR,DAYLIGHT,PARKED MOTOR VEHICLE,PARKING LOT,,STRAIGHT AND LEVEL,DRY,NO DEFECTS,NOT ON SCENE (DESK REPORT),NO INJURY / DRIVE AWAY,,Y,Y,"$501 - $1,500",9/14/2020 15:20,UNABLE TO DETERMINE,NOT APPLICABLE,5467,W,MADISON ST,1522,,,,,,,2,NO INDICATION OF INJURY,0,0,0,0,0,1,0,14,2,9,41.88016817,-87.76253909,POINT (-87.762539092099 41.880168173617)
0405f0aa1d4be7a482d632574a2da087260497edca428061e41fcb14c34b021d8e8c31a9e9d8cc5d79a7363bdbd21283ab44c5ecb47442dfadf75793d9e1bbd5,JA557370,,12/20/2017 19:55,35,NO CONTROLS,NO CONTROLS,CLEAR,"DARKNESS, LIGHTED ROAD",SIDESWIPE SAME DIRECTION,DIVIDED - W/MEDIAN BARRIER,4,STRAIGHT ON GRADE,DRY,NO DEFECTS,ON SCENE,NO INJURY / DRIVE AWAY,,,Y,$500 OR LESS,12/20/2017 20:15,UNABLE TO DETERMINE,NOT APPLICABLE,11058,S,HALSTED ST,2233,,,,,,,2,NO INDICATION OF INJURY,0,0,0,0,0,2,0,19,4,12,41.69244519,-87.64252708,POINT (-87.642527076347 41.692445188459)
01fa19105946392a1ef8b0191034e4d52a68d08b8cfbfdde82bd450d18f9955cb4cb20fd624d03f750e6fef9afdfe01b0c70f941095d3be67a383faa95c3c716,HZ507799,,11/8/2016 15:17,30,STOP SIGN/FLASHER,FUNCTIONING PROPERLY,CLEAR,DAYLIGHT,TURNING,NOT DIVIDED,2,STRAIGHT AND LEVEL,DRY,UNKNOWN,NOT ON SCENE (DESK REPORT),NO INJURY / DRIVE AWAY,Y,,,"OVER $1,500",11/8/2016 15:47,UNABLE TO DETERMINE,UNABLE TO DETERMINE,2001,W,34TH ST,912,,,,,,,2,NO INDICATION OF INJURY,0,0,0,0,0,2,0,15,3,11,41.83209632,-87.67538255,POINT (-87.6753825499 41.83209631979)
0b08d245bf0e5f374106efcf5171539be4583ca388ff6cc6f1a68a3e7b35fa4651c52ede8b31bb7811475c95c0bd8bb6896d91b1c826c33a7468a845199ed82a,JF458233,,10/30/2022 19:26,30,TRAFFIC SIGNAL,FUNCTIONING PROPERLY,RAIN,"DARKNESS, LIGHTED ROAD",REAR END,DIVIDED - W/MEDIAN (NOT RAISED),,STRAIGHT AND LEVEL,WET,NO DEFECTS,NOT ON SCENE (DESK REPORT),NO INJURY / DRIVE AWAY,,,,"OVER $1,500",11/1/2022 15:50,FOLLOWING TOO CLOSELY,DRIVING SKILLS/KNOWLEDGE/EXPERIENCE,2657,N,CLYBOURN AVE,1931,,,,,,,2,NO INDICATION OF INJURY,0,0,0,0,0,4,0,19,1,10,41.93002546,-87.67533354,POINT (-87.675333536486 41.930025458044)
07e8161ee5b444384e811b017177f174bceaafc7d3c03e60ec3206e6790480d77b0e32dd1fce4a293d238f8257f5a061c067ba790f0c57f72acb763a0fd20701,JC351887,,7/16/2019 19:15,30,TRAFFIC SIGNAL,FUNCTIONING PROPERLY,CLEAR,DAYLIGHT,SIDESWIPE SAME DIRECTION,DIVIDED - W/MEDIAN (NOT RAISED),,STRAIGHT AND LEVEL,DRY,NO DEFECTS,NOT ON SCENE (DESK REPORT),NO INJURY / DRIVE AWAY,,,,"OVER $1,500",7/16/2019 20:00,IMPROPER OVERTAKING/PASSING,UNABLE TO DETERMINE,8100,S,PEORIA ST,613,,,,,,,2,NO INDICATION OF INJURY,0,0,0,0,0,2,0,19,3,7,41.74686782,-87.64650671,POINT (-87.646506708583 41.746867818678)
01fc493c89adeebee575514cbabf6dfeb3d35d0a7dbd508c50923a96f2edc7e69e1a2ead9dd4ae8455cd2db83732476604d75b9691fb02bf90c09b55511e9bfd,JD255610,,6/6/2020 11:45,30,STOP SIGN/FLASHER,NO CONTROLS,CLEAR,DAYLIGHT,TURNING,NOT DIVIDED,,STRAIGHT AND LEVEL,DRY,NO DEFECTS,NOT ON SCENE (DESK REPORT),NO INJURY / DRIVE AWAY,Y,,,"$501 - $1,500",6/6/2020 12:04,FAILING TO YIELD RIGHT-OF-WAY,NOT APPLICABLE,497,N,PAULINA ST,1215,,,,,,,2,NO INDICATION OF INJURY,0,0,0,0,0,3,0,11,7,6,41.89092661,-87.66943033,POINT (-87.669430329047 41.890926613532)
0c92c3fc8d6161e47eef74fd34cce718ec8d2ef40ab2eec6b2e3a45ad4ed7f2029e550face7600150236c4f38fb0e98195043e47bfcab497f4e5d22a0747baa7,JF501826,,12/7/2022 17:20,30,NO CONTROLS,NO CONTROLS,CLEAR,"DARKNESS, LIGHTED ROAD",FIXED OBJECT,PARKING LOT,,STRAIGHT AND LEVEL,DRY,NO DEFECTS,ON SCENE,INJURY AND / OR TOW DUE TO CRASH,,Y,,"OVER $1,500",12/7/2022 17:23,PHYSICAL CONDITION OF DRIVER,IMPROPER LANE USAGE,1602,W,CERMAK RD,1234,,,,,,,2,NONINCAPACITATING INJURY,2,0,0,2,0,0,0,17,4,12,41.85243636,-87.66622899,POINT (-87.666228993532 41.852436356754)
099eab39362aa22c734defb139a05a0850832a26d7ce07305c272112a830d07117d9a65d36c5c69573dccc1fb925db55d1f9aa9c2cf06146d9c504c862c413ab,HZ310610,,6/16/2016 19:30,30,TRAFFIC SIGNAL,FUNCTIONING PROPERLY,CLEAR,DAYLIGHT,REAR END,DIVIDED - W/MEDIAN (NOT RAISED),2,STRAIGHT AND LEVEL,DRY,UNKNOWN,NOT ON SCENE (DESK REPORT),NO INJURY / DRIVE AWAY,,,,"OVER $1,500",6/16/2016 19:38,FOLLOWING TOO CLOSELY,FAILING TO REDUCE SPEED TO AVOID CRASH,5300,S,CENTRAL AVE,811,,,,,,,2,NO INDICATION OF INJURY,0,0,0,0,0,2,0,19,5,6,41.79639689,-87.76257721,POINT (-87.762577213996 41.796396888788)
00ef4f4968d85044123e7e3ffb6b2b29d61c0df1446585e75141fd5ca105e887f38e33d5ede0d0edab3707912fd9c1a806af56ef5498780e9a677b8952ef3767,JB249349,,5/4/2018 9:12,30,NO CONTROLS,NO CONTROLS,CLOUDY/OVERCAST,DAYLIGHT,REAR END,DIVIDED - W/MEDIAN (NOT RAISED),2,STRAIGHT AND LEVEL,DRY,NO DEFECTS,,NO INJURY / DRIVE AWAY,Y,,,"OVER $1,500",5/4/2018 9:20,FAILING TO REDUCE SPEED TO AVOID CRASH,DISTRACTION - FROM INSIDE VEHICLE,830,W,79TH ST,621,,,,,,,2,NO INDICATION OF INJURY,0,0,0,0,0,2,0,9,6,5,41.75073555,-87.64519847,POINT (-87.645198470558 41.750735551059)
0b13d6ef799066296767a6033e5b165cb2aca92816be5d73d63042fe4f0b9e20a58e630ab72b24fb077bf04836df8776200daf9c7629a273d95ab36733bc27ed,JF302996,,7/2/2022 18:35,30,STOP SIGN/FLASHER,FUNCTIONING PROPERLY,CLEAR,DAYLIGHT,ANGLE,NOT DIVIDED,,STRAIGHT AND LEVEL,DRY,UNKNOWN,NOT ON SCENE (DESK REPORT),NO INJURY / DRIVE AWAY,Y,,,"$501 - $1,500",7/2/2022 19:25,FAILING TO YIELD RIGHT-OF-WAY,NOT APPLICABLE,4000,W,DICKENS AVE,2525,,,,,,,2,NO INDICATION OF INJURY,0,0,0,0,0,2,0,18,7,7,41.91910276,-87.72667815,POINT (-87.726678146627 41.919102758259)
022fe2f110d466d825dd28217510c3e93c06a5feb5e4b4dbdb363ac42f49e60dce89a5292289a9198bff8ffd160444337fcb73ee05ebe75c4cb240ac3a270506,JF234099,,5/7/2022 23:10,30,TRAFFIC SIGNAL,FUNCTIONING PROPERLY,CLEAR,"DARKNESS, LIGHTED ROAD",TURNING,NOT DIVIDED,,STRAIGHT AND LEVEL,UNKNOWN,UNKNOWN,NOT ON SCENE (DESK REPORT),NO INJURY / DRIVE AWAY,Y,,,"OVER $1,500",5/8/2022 0:00,IMPROPER TURNING/NO SIGNAL,FAILING TO YIELD RIGHT-OF-WAY,6700,S,STONY ISLAND AVE,332,,,,,,,2,NO INDICATION OF INJURY,0,0,0,0,0,2,0,23,7,5,41.7732929,-87.58644237,POINT (-87.586442368314 41.773292895851)
04df1e1edc396fb494206ebfb6ff9d0035ca7f38420c692f43e44930f694f3e2a705d843df753acab3ce0b95a2b1254c8a609ee73fbb32bafe8f85f11ea0381d,JC223265,,4/13/2019 15:35,45,NO CONTROLS,NO CONTROLS,CLEAR,DAYLIGHT,REAR END,ONE-WAY,3,STRAIGHT AND LEVEL,DRY,NO DEFECTS,NOT ON SCENE (DESK REPORT),NO INJURY / DRIVE AWAY,,,,"$501 - $1,500",4/13/2019 16:00,FOLLOWING TOO CLOSELY,NOT APPLICABLE,900,N,LAKE SHORE DR SB,1833,,,,,,,2,NO INDICATION OF INJURY,0,0,0,0,0,3,0,15,7,4,41.89932228,-87.61873843,POINT (-87.618738433114 41.899322278833)
002ea077ee34692c89a4cfe1e793d90ac06f85efae7d50d79715affcb130f6b429882616f24b42d8138d5792cafa612b74a315acb470d549fc60bb3ba9c087fe,HZ484618,,10/22/2016 14:00,30,NO CONTROLS,NO CONTROLS,CLEAR,DAYLIGHT,REAR END,NOT DIVIDED,4,STRAIGHT AND LEVEL,DRY,NO DEFECTS,NOT ON SCENE (DESK REPORT),NO INJURY / DRIVE AWAY,,,,"$501 - $1,500",10/22/2016 14:50,FOLLOWING TOO CLOSELY,FAILING TO REDUCE SPEED TO AVOID CRASH,3825,N,HARLEM AVE,1632,,,,,,,2,NO INDICATION OF INJURY,0,0,0,0,0,6,0,14,7,10,41.94967303,-87.80701246,POINT (-87.80701246178 41.949673027301)
02bf99e1704c1ee0c88f52b1508bee9b00ecf6d3e96e048fd0da2674e417fd9a5e24853a48965b0c4a61265542fa4d636496e08955e1964c2d2d43ea09279475,JA339388,,7/7/2017 20:37,30,NO CONTROLS,NO CONTROLS,CLEAR,"DARKNESS, LIGHTED ROAD",PARKED MOTOR VEHICLE,PARKING LOT,,STRAIGHT AND LEVEL,DRY,NO DEFECTS,NOT ON SCENE (DESK REPORT),NO INJURY / DRIVE AWAY,,,,$500 OR LESS,7/8/2017 9:53,IMPROPER BACKING,UNABLE TO DETERMINE,1400,E,47TH DR,222,,,,,,,2,NO INDICATION OF INJURY,0,0,0,0,0,3,0,20,6,7,41.80979548,-87.59237387,POINT (-87.592373866633 41.809795482717)
099e1347cfbd12e45268b5638de54ef7956e31030d3e940104e04d0256340b2387c060c3b7464d17ba085f85bb92c9e41f5b45280bcabba72e3bf1142fc33f5f,JF362127,Y,8/19/2022 5:07,25,NO CONTROLS,NO CONTROLS,CLEAR,DAWN,FIXED OBJECT,NOT DIVIDED,,STRAIGHT AND LEVEL,UNKNOWN,NO DEFECTS,ON SCENE,INJURY AND / OR TOW DUE TO CRASH,,Y,Y,"OVER $1,500",8/19/2022 6:09,UNABLE TO DETERMINE,UNABLE TO DETERMINE,918,W,60TH ST,712,,,,,,,1,NO INDICATION OF INJURY,0,0,0,0,0,1,0,5,6,8,41.78526556,-87.64824022,POINT (-87.648240220212 41.785265556495)
08d697064638fac856f60c7680fb034c871d79acba916ccce5ed7ebc8fa18df30adc1faa6a19323a87f698250e359aab46a115de72178d88ced0afe7691f265a,JB459284,,10/2/2018 1:10,30,NO CONTROLS,NO CONTROLS,RAIN,"DARKNESS, LIGHTED ROAD",OTHER OBJECT,NOT DIVIDED,1,STRAIGHT AND LEVEL,WET,NO DEFECTS,NOT ON SCENE (DESK REPORT),NO INJURY / DRIVE AWAY,,,,"OVER $1,500",10/2/2018 10:00,NOT APPLICABLE,NOT APPLICABLE,9120,S,CRANDON AVE,413,Y,,,,,,1,,,,,,,,,1,3,10,41.72921856,-87.56838012,POINT (-87.568380114603 41.729218558168)
00aacaa33dc7055c507f8b423dfb4c1e23e944ce273af735f56eefe5a0481192566a5161b1a268432447f79a6ccf344147c40bc346621e0c007679c55f8902c6,JG336280,,7/11/2023 6:50,30,TRAFFIC SIGNAL,FUNCTIONING PROPERLY,CLEAR,DAYLIGHT,SIDESWIPE SAME DIRECTION,DIVIDED - W/MEDIAN BARRIER,,STRAIGHT AND LEVEL,DRY,NO DEFECTS,NOT ON SCENE (DESK REPORT),NO INJURY / DRIVE AWAY,,,,"OVER $1,500",7/11/2023 7:40,IMPROPER OVERTAKING/PASSING,NOT APPLICABLE,375,E,LOWER WACKER DR,114,,,,,,,2,NO INDICATION OF INJURY,0,0,0,0,0,2,0,6,3,7,41.88743254,-87.61771557,POINT (-87.61771556853 41.88743254106)
00e6de3b5365d60ebad9e13d586926435d96dbe186a78799b416bd5aa0afee96814fe861242b5ade0d634ff65d1df82c01bacb2111b592a4fd4546f23861cf4e,JC283692,,5/29/2019 16:45,30,STOP SIGN/FLASHER,NO CONTROLS,CLEAR,DAYLIGHT,ANGLE,T-INTERSECTION,,STRAIGHT AND LEVEL,DRY,UNKNOWN,ON SCENE,INJURY AND / OR TOW DUE TO CRASH,Y,,,"OVER $1,500",5/29/2019 16:51,FAILING TO YIELD RIGHT-OF-WAY,NOT APPLICABLE,2899,W,LAKE ST,1222,,,,,,,2,NO INDICATION OF INJURY,0,0,0,0,0,2,0,16,4,5,41.88404921,-87.69875873,POINT (-87.698758727738 41.884049211881)