CRASH_RECORD_ID,RD_NO,CRASH_DATE_EST_I,CRASH_DATE,POSTED_SPEED_LIMIT,TRAFFIC_CONTROL_DEVICE,DEVICE_CONDITION,WEATHER_CONDITION,LIGHTING_CONDITION,FIRST_CRASH_TYPE,TRAFFICWAY_TYPE,LANE_CNT,ALIGNMENT,ROADWAY_SURFACE_COND,ROAD_DEFECT,REPORT_TYPE,CRASH_TYPE,INTERSECTION_RELATED_I,NOT_RIGHT_OF_WAY_I,HIT_AND_RUN_I,DAMAGE,DATE_POLICE_NOTIFIED,PRIM_CONTRIBUTORY_CAUSE,SEC_CONTRIBUTORY_CAUSE,STREET_NO,STREET_DIRECTION,STREET_NAME,BEAT_OF_OCCURRENCE,PHOTOS_TAKEN_I,STATEMENTS_TAKEN_I,DOORING_I,WORK_ZONE_I,WORK_ZONE_TYPE,WORKERS_PRESENT_I,NUM_UNITS,MOST_SEVERE_INJURY,INJURIES_TOTAL,INJURIES_FATAL,INJURIES_INCAPACITATING,INJURIES_NON_INCAPACITATING,INJURIES_REPORTED_NOT_EVIDENT,INJURIES_NO_INDICATION,INJURIES_UNKNOWN,CRASH_HOUR,CRASH_DAY_OF_WEEK,CRASH_MONTH,LATITUDE,LONGITUDE,LOCATION
086abbb745ee773e09acd1bc2fbb047be73a4b11a92841f3540d27cab853d3499345f718209b3a3e4e1b38c57de929c89886dc779def445da1297e47c5d2b0b6,JB123575,,1/20/2018 20:58,30,NO CONTROLS,NO CONTROLS,CLEAR,"DARKNESS, LIGHTED ROAD",REAR END,NOT DIVIDED,2,STRAIGHT AND LEVEL,DRY,NO DEFECTS,ON SCENE,INJURY AND / OR TOW DUE TO CRASH,,,N,"OVER $1,500",1/20/2018 21:00,UNDER THE INFLUENCE OF ALCOHOL/DRUGS (USE WHEN ARREST IS EFFECTED),FAILING TO REDUCE SPEED TO AVOID CRASH,2709,N,MILWAUKEE AVE,1412,,Y,,,,,2,NO INDICATION OF INJURY,0,0,0,0,0,4,0,20,7,1,41.93049653,-87.70951132,POINT (-87.709511324466 41.930496531877)
024070aa2bafa36945b90678fb8cb77c13f867e1f11467798fe32704d948ff299ce322cd01fd767eb0dec28d9817dfadd0ae10df84bfee5af6ffe79a9e641c27,JE412528,Y,10/13/2021 11:00,30,NO CONTROLS,NO CONTROLS,UNKNOWN,UNKNOWN,PARKED MOTOR VEHICLE,NOT DIVIDED,,STRAIGHT AND LEVEL,UNKNOWN,UNKNOWN,NOT ON SCENE (DESK REPORT),NO INJURY / DRIVE AWAY,,,Y,"OVER $1,500",10/17/2021 9:20,UNABLE TO DETERMINE,NOT APPLICABLE,2552,W,HUTCHINSON ST,1911,,,,,,,2,NO INDICATION OF INJURY,0,0,0,0,0,1,0,11,4,10,41.95865896,-87.69369006,POINT (-87.693690061952 41.958658961959)
096b51b9e274f3f6b87812630e1d9b2f0e6555dca21f82bc7deb8b6812fca93de0ac36b87a7160e53b9a9f7c120d7501e631509724c52fbe118408fa7ec48389,JB512763,,11/12/2018 8:00,35,NO CONTROLS,NO CONTROLS,CLEAR,DAYLIGHT,REAR END,NOT DIVIDED,4,STRAIGHT AND LEVEL,DRY,NO DEFECTS,NOT ON SCENE (DESK REPORT),NO INJURY / DRIVE AWAY,,,,"OVER $1,500",11/12/2018 8:30,UNABLE TO DETERMINE,UNABLE TO DETERMINE,6720,W,ARCHER AVE,811,,,,,,,2,NO INDICATION OF INJURY,0,0,0,0,0,2,0,8,2,11,41.7922934,-87.79011271,POINT (-87.790112708861 41.7922933994)
00e0e77e5cddeb9b5adfd6b0d50244c100c2774e145e29e8338460082650800800107d6890199bfb3a09e982050cb2ce947ed713af2753f617f6d1fd86693c48,JA520283,,11/21/2017 11:25,30,TRAFFIC SIGNAL,FUNCTIONING PROPERLY,RAIN,DAYLIGHT,REAR END,NOT DIVIDED,,STRAIGHT AND LEVEL,WET,NO DEFECTS,ON SCENE,INJURY AND / OR TOW DUE TO CRASH,,,,"OVER $1,500",11/21/2017 11:52,FAILING TO REDUCE SPEED TO AVOID CRASH,WEATHER,5201,S,PULASKI RD,822,,,,,,,2,NO INDICATION OF INJURY,0,0,0,0,0,2,0,11,3,11,41.79850995,-87.72316542,POINT (-87.723165423106 41.798509947768)
07de9462391efefabe185abb45093d039eccf47b5cd01550b83f3d819eb36b40d762f9cebba3388245e1dedbfd7e7d4bd426fbdac2108ac5a8e1b4756942c0d9,HZ308197,,6/15/2016 8:00,35,NO CONTROLS,NO CONTROLS,CLEAR,DAYLIGHT,SIDESWIPE SAME DIRECTION,NOT DIVIDED,2,STRAIGHT AND LEVEL,DRY,NO DEFECTS,NOT ON SCENE (DESK REPORT),NO INJURY / DRIVE AWAY,,,,"$501 - $1,500",6/15/2016 8:25,UNABLE TO DETERMINE,UNABLE TO DETERMINE,7453,N,SHERIDAN RD,2422,,,,,,,2,NO INDICATION OF INJURY,0,0,0,0,0,2,0,8,4,6,42.01779188,-87.66545173,POINT (-87.665451730819 42.017791883319)
00e5bcea3981ca720f9b4378d5afaef521000a3a28f504a3fe169b1007913bf778c2f8cac37f57e4cd90d50a5480ea9a5b715bbd552aa086ccaf4503312129ab,JD159417,,2/21/2020 7:40,30,NO CONTROLS,NO CONTROLS,CLEAR,DAYLIGHT,REAR END,ONE-WAY,,STRAIGHT AND LEVEL,DRY,NO DEFECTS,ON SCENE,NO INJURY / DRIVE AWAY,,,Y,"$501 - $1,500",2/21/2020 7:48,FOLLOWING TOO CLOSELY,IMPROPER OVERTAKING/PASSING,7450,N,PAULINA ST,2422,,,,,,,2,NO INDICATION OF INJURY,0,0,0,0,0,2,0,7,6,2,42.0172212,-87.67320961,POINT (-87.673209610621 42.017221199613)
07092e61385b2c14f2788da4907ca9e127be934dff0e3a30281bf1db4114df9da0af80a568ccfd0cee36255b9e958ea573cbc846474c5f2d7936b4248d30972a,HZ284988,,5/29/2016 15:00,15,NO CONTROLS,NO CONTROLS,CLEAR,DAYLIGHT,SIDESWIPE OPPOSITE DIRECTION,PARKING LOT,1,STRAIGHT AND LEVEL,DRY,NO DEFECTS,NOT ON SCENE (DESK REPORT),NO INJURY / DRIVE AWAY,,,,"$501 - $1,500",5/29/2016 17:15,NOT APPLICABLE,NOT APPLICABLE,120,W,87TH ST,622,,,,,,,2,NO INDICATION OF INJURY,0,0,0,0,0,2,0,15,1,5,41.7363802,-87.62769924,POINT (-87.627699234706 41.736380201841)
0bb9e332fc31438f32fc10ea2b02e989b207be541ecca12f8fc3f5b9af16f7755815561132f17627652a9a9258657e5367be48618d620bc81a3c36ef4e10236f,JA560227,,12/23/2017 2:04,45,NO CONTROLS,NO CONTROLS,CLEAR,DARKNESS,SIDESWIPE SAME DIRECTION,DIVIDED - W/MEDIAN (NOT RAISED),,STRAIGHT AND LEVEL,DRY,NO DEFECTS,ON SCENE,INJURY AND / OR TOW DUE TO CRASH,,,,"OVER $1,500",12/23/2017 2:15,NOT APPLICABLE,NOT APPLICABLE,8443,S,DR MARTIN LUTHER KING JR DR,632,,,,,,,2,NO INDICATION OF INJURY,0,0,0,0,0,1,0,2,7,12,41.74070289,-87.6144945,POINT (-87.614494501541 41.740702885744)
0a05ac13bd89356f4af7a701cee26996fa12dfff31fc14cba6c317b1776446ca4bcf0c5831616e89a0b99d3a766b5b2860d7c23143a5768e5d7b53974ee095fd,JC164993,,2/25/2019 10:00,15,NO CONTROLS,NO CONTROLS,CLEAR,DAYLIGHT,HEAD ON,ALLEY,,STRAIGHT AND LEVEL,DRY,NO DEFECTS,NOT ON SCENE (DESK REPORT),NO INJURY / DRIVE AWAY,,,Y,"OVER $1,500",2/25/2019 10:50,EXCEEDING AUTHORIZED SPEED LIMIT,DRIVING SKILLS/KNOWLEDGE/EXPERIENCE,515,E,88TH PL,632,,,,,,,2,NO INDICATION OF INJURY,0,0,0,0,0,3,0,10,2,2,41.73370035,-87.61137787,POINT (-87.611377869288 41.733700345057)
0b97b6847be0d798d45733d68bc4840a36d3d34be6504c0a9798cc06e433b19451a95e50e0c36a81c75f5f8bef5f702e7d4b3a8de53c8b6acbf84de854cd3f14,JB412250,,8/28/2018 12:50,30,NO CONTROLS,NO CONTROLS,CLEAR,DAYLIGHT,REAR END,NOT DIVIDED,,STRAIGHT AND LEVEL,DRY,NO DEFECTS,ON SCENE,INJURY AND / OR TOW DUE TO CRASH,,,,$500 OR LESS,8/28/2018 12:51,FOLLOWING TOO CLOSELY,UNABLE TO DETERMINE,6900,W,63RD ST,812,,,,,,,4,"REPORTED, NOT EVIDENT",1,0,0,0,1,3,0,12,3,8,41.77757335,-87.79353436,POINT (-87.793534364156 41.77757334706)
0be92bb89a38a9427da174b69e1b8328120f689abe1bfebe453e3860b0086b708ae2b82c4a3c0c2ffb68b3e0bb65f34cbac0defde0ea274ad2e41b5e59dfe01c,JF250791,,5/21/2022 17:00,30,TRAFFIC SIGNAL,FUNCTIONING PROPERLY,CLEAR,DAYLIGHT,REAR END,DIVIDED - W/MEDIAN BARRIER,,STRAIGHT ON GRADE,WET,NO DEFECTS,NOT ON SCENE (DESK REPORT),NO INJURY / DRIVE AWAY,Y,,,"OVER $1,500",5/21/2022 17:30,DISTRACTION - FROM INSIDE VEHICLE,NOT APPLICABLE,11456,S,HALSTED ST,2234,,,,,,,2,NO INDICATION OF INJURY,0,0,0,0,0,2,0,17,7,5,41.68522804,-87.64230145,POINT (-87.642301451232 41.685228035896)
051d516e3c8d7e8a0d4792de775c05396875da87a43831c8c8d360ae8077e5cb886a09dc3ff0814ead93c91373c9083b18dea6026fcc02d072dda6d39011dd96,JC513252,,11/16/2019 19:41,5,NO CONTROLS,NO CONTROLS,CLEAR,"DARKNESS, LIGHTED ROAD",PARKED MOTOR VEHICLE,PARKING LOT,,STRAIGHT AND LEVEL,DRY,NO DEFECTS,ON SCENE,NO INJURY / DRIVE AWAY,,,Y,$500 OR LESS,11/16/2019 20:41,NOT APPLICABLE,NOT APPLICABLE,5233,N,LINCOLN AVE,2011,,,,,,,2,NO INDICATION OF INJURY,0,0,0,0,0,2,0,19,7,11,41.9768951,-87.69227967,POINT (-87.692279667764 41.976895098405)
0165b3aa5534da9be69c73d663791ff82cdbc0151f34cbd87c30a3c64f19a9ae7fb8715e0e31ffe5fa25d3cb7ea5cd996d61950de76dc9bc44691b46f605c54f,HZ496811,,10/31/2016 15:40,30,TRAFFIC SIGNAL,FUNCTIONING PROPERLY,CLEAR,DAYLIGHT,SIDESWIPE SAME DIRECTION,ONE-WAY,,STRAIGHT AND LEVEL,DRY,NO DEFECTS,NOT ON SCENE (DESK REPORT),NO INJURY / DRIVE AWAY,,,,"OVER $1,500",10/31/2016 16:14,FAILING TO YIELD RIGHT-OF-WAY,NOT APPLICABLE,200,S,CLARK ST,122,,,,,,,2,NO INDICATION OF INJURY,0,0,0,0,0,2,0,15,2,10,41.87938042,-87.63096596,POINT (-87.630965956951 41.879380424119)
03be3f22fea66a2e9bf57255bf4887c3d99d70ef6957acc40f07e5aafd9d21a74ef5b9573a286f0f8e6b99feec5af90aa7ba7a53949b8f8ae9d7b0934dd153d0,JA494812,,11/1/2017 16:30,30,STOP SIGN/FLASHER,UNKNOWN,RAIN,DAYLIGHT,ANGLE,NOT DIVIDED,2,STRAIGHT AND LEVEL,WET,UNKNOWN,NOT ON SCENE (DESK REPORT),NO INJURY / DRIVE AWAY,Y,,,"OVER $1,500",11/1/2017 17:43,UNABLE TO DETERMINE,UNABLE TO DETERMINE,10701,S,PARNELL AVE,2233,,,,,,,2,NO INDICATION OF INJURY,0,0,0,0,0,2,0,16,4,11,41.69962289,-87.63641191,POINT (-87.636411912426 41.699622890513)
072713caf9e0964885d284c54bb175055440e4783e51e6b3ef893cfcf4d4d5f001c761e7d33940443ba4359003080f466ab8d32132ff5a171823fd9b255961d6,JB291515,,6/3/2018 17:59,30,TRAFFIC SIGNAL,FUNCTIONING PROPERLY,CLEAR,DAYLIGHT,SIDESWIPE SAME DIRECTION,NOT DIVIDED,2,STRAIGHT AND LEVEL,DRY,UNKNOWN,NOT ON SCENE (DESK REPORT),NO INJURY / DRIVE AWAY,,,,"OVER $1,500",6/3/2018 18:55,UNABLE TO DETERMINE,UNABLE TO DETERMINE,1500,W,LAWRENCE AVE,2032,,,,,,,2,NO INDICATION OF INJURY,0,0,0,0,0,4,0,17,1,6,41.96900726,-87.66759963,POINT (-87.667599626099 41.969007256679)
02c3fdb360c10b372748f542d44d48e9bb29fe3c4effb898bf80d7c51df8a4fe98dd9d599facf15719cc3ba03f58ff9a03cb7aa1659d391d57940157b7a7f359,JE461325,,11/30/2021 12:45,30,TRAFFIC SIGNAL,FUNCTIONING PROPERLY,CLEAR,DAYLIGHT,REAR END,NOT DIVIDED,,STRAIGHT AND LEVEL,DRY,NO DEFECTS,ON SCENE,NO INJURY / DRIVE AWAY,Y,,,"OVER $1,500",11/30/2021 12:51,FAILING TO REDUCE SPEED TO AVOID CRASH,NOT APPLICABLE,1800,S,CLARK ST,131,,,,,,,2,NO INDICATION OF INJURY,0,0,0,0,0,2,0,12,3,11,41.85769201,-87.63037124,POINT (-87.630371238942 41.857692011499)
04d016c74ddd1c44f059be350580c8b3aadb878cd42494382f02f380d2a69c4e0703130751656a736dc46a009d88fc51c3f83a19a37deeebe0a8f11c6787d714,JC150196,,2/12/2019 20:30,30,NO CONTROLS,NO CONTROLS,SNOW,"DARKNESS, LIGHTED ROAD",SIDESWIPE OPPOSITE DIRECTION,DIVIDED - W/MEDIAN (NOT RAISED),2,STRAIGHT AND LEVEL,SNOW OR SLUSH,NO DEFECTS,ON SCENE,NO INJURY / DRIVE AWAY,,,Y,"OVER $1,500",2/12/2019 20:42,IMPROPER LANE USAGE,UNABLE TO DETERMINE,4816,N,NAGLE AVE,1613,,,,,,,2,NO INDICATION OF INJURY,0,0,0,0,0,2,0,20,3,2,41.96899259,-87.78815449,POINT (-87.788154490291 41.968992593575)
0b0476fcc37b2028e3abe3e3052a31c601d500819e4cdfa6d811884e3032ca476ccd8f0bbef4837d874fb273e37deaf2c0169ef5ee9702a3a8d754ca726bad8d,JC540705,,12/7/2019 20:00,10,NO CONTROLS,NO CONTROLS,UNKNOWN,UNKNOWN,PARKED MOTOR VEHICLE,PARKING LOT,,STRAIGHT AND LEVEL,UNKNOWN,UNKNOWN,NOT ON SCENE (DESK REPORT),NO INJURY / DRIVE AWAY,,,Y,"$501 - $1,500",12/9/2019 16:10,UNABLE TO DETERMINE,UNABLE TO DETERMINE,2601,N,CLYBOURN AVE,1931,,,,,,,2,NO INDICATION OF INJURY,0,0,0,0,0,1,0,20,7,12,41.92883739,-87.67397132,POINT (-87.673971319994 41.928837384913)
0bbeb578f52025120996052fead51c44fc60fd92cf80df9c0627597540ec667463398e166656c983c7f2289126324567b77baca4622cdee6bb4521b90a1dc1d8,JB233508,,4/22/2018 13:22,20,NO CONTROLS,NO CONTROLS,CLEAR,DAYLIGHT,ANGLE,ONE-WAY,1,STRAIGHT AND LEVEL,DRY,NO DEFECTS,ON SCENE,NO INJURY / DRIVE AWAY,,,Y,$500 OR LESS,4/22/2018 13:25,UNABLE TO DETERMINE,UNABLE TO DETERMINE,6232,S,MULLIGAN AVE,812,,,,,,,2,NO INDICATION OF INJURY,0,0,0,0,0,2,0,13,1,4,41.77852643,-87.78022103,POINT (-87.780221027042 41.778526434379)
0854f403282b4b4f4a8da124096baa2ccc0c721c692562c7b6ade5ac1b8944ac1d5c5d6daf473e985b3eaf6af850027beeecd5d7c02932fc59ddd24e5fbd96b0,JD152733,,2/15/2020 12:48,30,UNKNOWN,UNKNOWN,UNKNOWN,UNKNOWN,REAR END,UNKNOWN,,STRAIGHT AND LEVEL,UNKNOWN,UNKNOWN,NOT ON SCENE (DESK REPORT),NO INJURY / DRIVE AWAY,,,,"OVER $1,500",2/15/2020 13:15,UNABLE TO DETERMINE,NOT APPLICABLE,4930,W,MONTROSE AVE,1623,,,,,,,2,NO INDICATION OF INJURY,0,0,0,0,0,3,0,12,7,2,41.96078992,-87.75115002,POINT (-87.751150024332 41.960789916552)
0ac8967e419e65b0455c5a8026aba64d4b897599c356ac166ad482a03ba785680fff34375c8aa04cffc1a1395a4493da67e50e7248b54f63aac2fb4206f7b9da,JB259804,,5/11/2018 8:00,30,TRAFFIC SIGNAL,FUNCTIONING PROPERLY,CLEAR,DAYLIGHT,REAR END,ONE-WAY,,STRAIGHT AND LEVEL,DRY,NO DEFECTS,NOT ON SCENE (DESK REPORT),NO INJURY / DRIVE AWAY,Y,,,"OVER $1,500",5/11/2018 17:23,UNABLE TO DETERMINE,UNABLE TO DETERMINE,249,N,CLARK ST,111,,,,,,,2,NO INDICATION OF INJURY,0,0,0,0,0,2,0,8,6,5,41.88695983,-87.63085868,POINT (-87.630858676034 41.886959830232)
0428701c0aed32d30d5b0bbfcd8a76478fb656eb3bd55b633ab94745836e5c66278e9975f2402dff10c61f52a7b5856b8db727ae89e91a965b77bc5e446ee482,JG315370,,6/25/2023 13:55,30,TRAFFIC SIGNAL,FUNCTIONING PROPERLY,CLEAR,DAYLIGHT,PEDESTRIAN,DIVIDED - W/MEDIAN BARRIER,,STRAIGHT AND LEVEL,DRY,NO DEFECTS,ON SCENE,INJURY AND / OR TOW DUE TO CRASH,,,,$500 OR LESS,6/25/2023 13:57,UNABLE TO DETERMINE,UNABLE TO DETERMINE,11100,S,HALSTED ST,2233,,,,,,,2,NONINCAPACITATING INJURY,1,0,0,1,0,1,0,13,1,6,41.69226312,-87.64252269,POINT (-87.642522687627 41.692263123425)
0974355ae8d10a804695ad5ee4d87750565ba1dc5d7bcd4dc2ea7d072e4a1783a6bea516909e7783430424f39f91d449dbcfe6fe638131b16685554ed1b73059,JB114874,,1/13/2018 12:28,30,TRAFFIC SIGNAL,FUNCTIONING PROPERLY,CLEAR,DAYLIGHT,TURNING,DIVIDED - W/MEDIAN (NOT RAISED),,STRAIGHT AND LEVEL,DRY,NO DEFECTS,NOT ON SCENE (DESK REPORT),NO INJURY / DRIVE AWAY,Y,,,"$501 - $1,500",1/13/2018 12:28,DISREGARDING TRAFFIC SIGNALS,NOT APPLICABLE,200,W,CERMAK RD,914,,,,,,,2,NO INDICATION OF INJURY,0,0,0,0,0,4,0,12,7,1,41.85295968,-87.632152,POINT (-87.632152004271 41.852959678693)
05d94a145209eacddd66ec55697ac581531bb72d27212b8388fee05d31f7b2ef45e76c13a60be095ca44da95325ae080a08efd9915e06365db5df21622655cc0,JB454687,,9/27/2018 15:30,30,STOP SIGN/FLASHER,NO CONTROLS,CLEAR,DAYLIGHT,ANGLE,NOT DIVIDED,,STRAIGHT AND LEVEL,DRY,NO DEFECTS,NOT ON SCENE (DESK REPORT),NO INJURY / DRIVE AWAY,,,,"$501 - $1,500",9/28/2018 16:44,NOT APPLICABLE,NOT APPLICABLE,5500,S,ALBANY AVE,824,,,,,,,2,NO INDICATION OF INJURY,0,0,0,0,0,3,0,15,5,9,41.79346771,-87.70126313,POINT (-87.70126312639 41.793467708748)
0c56fbcead87e3b48c2e0d1a1b1c0aee324d47b999703cbcbde1881151a05c7d554de94f51731332a54e4014e5e357afc1d1c90a5b11f8449091c31b438c2ec5,JA481674,,10/22/2017 18:10,30,TRAFFIC SIGNAL,FUNCTIONING PROPERLY,RAIN,"DARKNESS, LIGHTED ROAD",REAR END,NOT DIVIDED,,STRAIGHT AND LEVEL,WET,UNKNOWN,NOT ON SCENE (DESK REPORT),NO INJURY / DRIVE AWAY,,,Y,"OVER $1,500",10/22/2017 18:25,DRIVING SKILLS/KNOWLEDGE/EXPERIENCE,NOT APPLICABLE,4700,S,KEDZIE AVE,821,,,,,,,2,NO INDICATION OF INJURY,0,0,0,0,0,2,0,18,1,10,41.80804727,-87.70411882,POINT (-87.704118822299 41.80804727165)
0876f2103758b88c2328a5e69525cf51f15fa1548ba62df94d79cb83280a0fe77086a6c50dcb2997a32eb508aaa77f1a8280cdd5b84ab14f7cdb85cddb496c47,JB190071,,3/18/2018 2:00,30,TRAFFIC SIGNAL,FUNCTIONING PROPERLY,CLEAR,"DARKNESS, LIGHTED ROAD",TURNING,DIVIDED - W/MEDIAN (NOT RAISED),2,STRAIGHT AND LEVEL,DRY,NO DEFECTS,NOT ON SCENE (DESK REPORT),NO INJURY / DRIVE AWAY,Y,,Y,"OVER $1,500",3/18/2018 2:43,DISREGARDING TRAFFIC SIGNALS,FAILING TO YIELD RIGHT-OF-WAY,2357,N,LINCOLN AVE,1812,,,,,,,2,NO INDICATION OF INJURY,0,0,0,0,0,5,0,2,1,3,41.92497346,-87.64788675,POINT (-87.647886749443 41.924973459547)
031ef76b1ac95663d9c01cceef9744c83c640759dd819b8e564e971d4716495101d7eafc750862ab0cab4c2d2607843ee0ce58b0e58aeeee38dfde752e86e023,JE311625,,7/23/2021 16:51,30,NO CONTROLS,NO CONTROLS,CLEAR,DAWN,REAR END,NOT DIVIDED,,STRAIGHT AND LEVEL,DRY,NO DEFECTS,ON SCENE,NO INJURY / DRIVE AWAY,,,,"OVER $1,500",7/23/2021 17:00,FOLLOWING TOO CLOSELY,UNABLE TO DETERMINE,4627,N,KEDZIE AVE,1713,,,,,,,3,NO INDICATION OF INJURY,0,0,0,0,0,3,0,16,6,7,41.96554246,-87.70823737,POINT (-87.708237365074 41.965542455846)
07500eb6560eebfb33a9fe56dce60585cf2530c135ea6dc55bfd6928f5d46a75e81f170e175a2b0b2a59eec256ecc285f543f7ab9016d97c62717a44a0408713,JB322695,,6/25/2018 19:15,30,TRAFFIC SIGNAL,FUNCTIONING PROPERLY,CLEAR,DAYLIGHT,REAR END,NOT DIVIDED,3,STRAIGHT AND LEVEL,DRY,NO DEFECTS,,INJURY AND / OR TOW DUE TO CRASH,Y,,,$500 OR LESS,6/25/2018 21:10,FOLLOWING TOO CLOSELY,NOT APPLICABLE,2450,S,DR MARTIN LUTHER KING JR DR,133,,,,,,,2,NONINCAPACITATING INJURY,1,0,0,1,0,1,0,19,2,6,41.84786995,-87.61787427,POINT (-87.617874272669 41.84786994468)
030af62f7ee4ac890135837f41c62b4c18fb03bd963f0463269bc95d18dbbb28f0efa92eb76f74fc9a5600bb8252dcfb78d914f0d35424e5d6ec30f38c95b2e3,JB272048,,5/21/2018 8:55,30,NO CONTROLS,NO CONTROLS,RAIN,DAYLIGHT,REAR END,NOT DIVIDED,2,STRAIGHT AND LEVEL,WET,NO DEFECTS,NOT ON SCENE (DESK REPORT),NO INJURY / DRIVE AWAY,,,,"$501 - $1,500",5/21/2018 9:17,FOLLOWING TOO CLOSELY,NOT APPLICABLE,2170,N,CLYBOURN AVE,1811,,,,,,,2,NO INDICATION OF INJURY,0,0,0,0,0,2,0,8,2,5,41.92088101,-87.66358941,POINT (-87.663589411685 41.920881010003)
0c063e42f288e87baf4895c5c4789c228e32206d36f65488c30f89e194d4a8ccee6916b2796842ee9813fdd5e7977b70595e6a8557a803395d1a6868948ecf1a,JB555334,,12/16/2018 4:06,30,TRAFFIC SIGNAL,FUNCTIONING PROPERLY,FOG/SMOKE/HAZE,"DARKNESS, LIGHTED ROAD",FIXED OBJECT,NOT DIVIDED,,STRAIGHT AND LEVEL,WET,NO DEFECTS,ON SCENE,INJURY AND / OR TOW DUE TO CRASH,Y,,Y,"OVER $1,500",12/16/2018 4:08,WEATHER,UNABLE TO DETERMINE,10500,S,AVENUE B,432,,,,,,,1,NO INDICATION OF INJURY,0,0,0,0,0,1,0,4,1,12,41.70446651,-87.52663573,POINT (-87.526635724926 41.704466511267)
082366d6592bf8b89d7b00302ca27a0180d1dd634b4d590d1af9fef94ec3a76f2e3d6d187acb8a4c522e9a23298d064ed0aad25b6b2d1590e7de7ef9067b259e,JD434089,,11/17/2020 16:07,30,NO CONTROLS,NO CONTROLS,CLEAR,DAYLIGHT,PARKED MOTOR VEHICLE,NOT DIVIDED,,STRAIGHT AND LEVEL,DRY,NO DEFECTS,ON SCENE,INJURY AND / OR TOW DUE TO CRASH,,,,"OVER $1,500",11/17/2020 16:07,FAILING TO REDUCE SPEED TO AVOID CRASH,UNABLE TO DETERMINE,511,N,CENTRAL AVE,1523,,,,,,,2,NO INDICATION OF INJURY,0,0,0,0,0,1,0,16,3,11,41.88966273,-87.765047,POINT (-87.765047001048 41.889662726272)
0c827792d145e7c370f82e99b490b7a7dce7e236dc50883a6adce706f126843e52f4254541a9b97dda18b1d211af955137c2922c3406f1d11a0ec8a98a31136f,JG331896,,7/7/2023 18:30,30,NO CONTROLS,NO CONTROLS,CLEAR,DAWN,OTHER NONCOLLISION,ALLEY,,STRAIGHT AND LEVEL,UNKNOWN,UNKNOWN,NOT ON SCENE (DESK REPORT),NO INJURY / DRIVE AWAY,,,,"$501 - $1,500",7/7/2023 19:15,UNABLE TO DETERMINE,NOT APPLICABLE,4928,W,NELSON ST,2521,,,,,,,1,NO INDICATION OF INJURY,0,0,0,0,0,1,0,18,6,7,41.93615713,-87.75042097,POINT (-87.750420967991 41.936157129012)
0621c12453ba7ed2ab2b22eb51857e04ce998dbfe5fdba45837bb4f9ff4e9e82c12adfaf57ccc5df1e669697ff93c0d562c8e443bb66769bc9db85545bae9ead,JB432008,,9/12/2018 7:30,30,NO CONTROLS,NO CONTROLS,CLEAR,DAYLIGHT,REAR END,NOT DIVIDED,2,STRAIGHT AND LEVEL,DRY,NO DEFECTS,NOT ON SCENE (DESK REPORT),NO INJURY / DRIVE AWAY,,,,$500 OR LESS,9/12/2018 7:50,FOLLOWING TOO CLOSELY,FOLLOWING TOO CLOSELY,2002,W,LAWRENCE AVE,2032,,,,,,,2,NO INDICATION OF INJURY,0,0,0,0,0,2,0,7,4,9,41.96886393,-87.679341,POINT (-87.679341000327 41.968863932818)
0905361f3f0142c7d07f775812d303a5554e51f8d7a8c84b7f94006bf4d88d42974ba6306010325e3ed8121b4eb2c7759759221c2626874d1a8c39922b564124,JE110218,,1/11/2021 22:50,30,TRAFFIC SIGNAL,FUNCTIONING PROPERLY,CLEAR,"DARKNESS, LIGHTED ROAD",TURNING,NOT DIVIDED,,STRAIGHT AND LEVEL,DRY,NO DEFECTS,ON SCENE,NO INJURY / DRIVE AWAY,Y,,,"OVER $1,500",1/11/2021 23:00,UNABLE TO DETERMINE,NOT APPLICABLE,3100,W,FULLERTON AVE,1414,,,,,,,2,NO INDICATION OF INJURY,0,0,0,0,0,2,0,22,2,1,41.92485061,-87.70475596,POINT (-87.704755958287 41.924850614016)
0c8c1660f73a7dc3189b918ed986ab498b6075f0787aa9a281b80d53cf1d09a34057566ae9b1e07719eeda79ed31f95d1e40f4f73f0222262e102812d30cb4a4,JF428689,,10/10/2022 6:43,30,TRAFFIC SIGNAL,FUNCTIONING PROPERLY,CLEAR,DAYLIGHT,ANGLE,NOT DIVIDED,,STRAIGHT AND LEVEL,DRY,NO DEFECTS,ON SCENE,INJURY AND / OR TOW DUE TO CRASH,Y,,,"OVER $1,500",10/10/2022 8:00,FAILING TO YIELD RIGHT-OF-WAY,NOT APPLICABLE,7600,S,DR MARTIN LUTHER KING JR DR,623,,,,,,,2,NO INDICATION OF INJURY,0,0,0,0,0,2,0,6,2,10,41.75649015,-87.61522679,POINT (-87.61522679361 41.756490149368)
0062f44b59e95215f5299d9b67a74a1c151c73bdc65359f32076d23815dc4598149a125275c5d000e6771f363db230f80a0b886fea1bdaa1a9047b1a5cc3db6a,HZ453670,,9/28/2016 17:00,25,NO CONTROLS,NO CONTROLS,CLEAR,DAYLIGHT,TURNING,DIVIDED - W/MEDIAN (NOT RAISED),4,STRAIGHT AND LEVEL,DRY,NO DEFECTS,NOT ON SCENE (DESK REPORT),NO INJURY / DRIVE AWAY,,,Y,"$501 - $1,500",9/28/2016 19:20,UNABLE TO DETERMINE,UNABLE TO DETERMINE,4300,S,ARCHER AVE,922,,,,,,,2,NO INDICATION OF INJURY,0,0,0,0,0,2,0,17,4,9,41.81547066,-87.70222735,POINT (-87.702227345139 41.815470659169)