CRASH_RECORD_ID,RD_NO,CRASH_DATE_EST_I,CRASH_DATE,POSTED_SPEED_LIMIT,TRAFFIC_CONTROL_DEVICE,DEVICE_CONDITION,WEATHER_CONDITION,LIGHTING_CONDITION,FIRST_CRASH_TYPE,TRAFFICWAY_TYPE,LANE_CNT,ALIGNMENT,ROADWAY_SURFACE_COND,ROAD_DEFECT,REPORT_TYPE,CRASH_TYPE,INTERSECTION_RELATED_I,NOT_RIGHT_OF_WAY_I,HIT_AND_RUN_I,DAMAGE,DATE_POLICE_NOTIFIED,PRIM_CONTRIBUTORY_CAUSE,SEC_CONTRIBUTORY_CAUSE,STREET_NO,STREET_DIRECTION,STREET_NAME,BEAT_OF_OCCURRENCE,PHOTOS_TAKEN_I,STATEMENTS_TAKEN_I,DOORING_I,WORK_ZONE_I,WORK_ZONE_TYPE,WORKERS_PRESENT_I,NUM_UNITS,MOST_SEVERE_INJURY,INJURIES_TOTAL,INJURIES_FATAL,INJURIES_INCAPACITATING,INJURIES_NON_INCAPACITATING,INJURIES_REPORTED_NOT_EVIDENT,INJURIES_NO_INDICATION,INJURIES_UNKNOWN,CRASH_HOUR,CRASH_DAY_OF_WEEK,CRASH_MONTH,LATITUDE,LONGITUDE,LOCATION
07cd230394002205284ff36c97376f801e955ec5b30e345de4a162d1a5a646cd654e549452ed2549420c290b59e651b94c03bf8886a08db7c66c066d1159654e,JB220377,,4/11/2018 22:10,30,TRAFFIC SIGNAL,FUNCTIONING PROPERLY,RAIN,"DARKNESS, LIGHTED ROAD",TURNING,CENTER TURN LANE,2,STRAIGHT AND LEVEL,WET,NO DEFECTS,ON SCENE,NO INJURY / DRIVE AWAY,Y,,Y,"OVER $1,500",4/11/2018 22:12,DISREGARDING TRAFFIC SIGNALS,FAILING TO YIELD RIGHT-OF-WAY,2200,S,KEELER AVE,1013,,,,,,,2,NO INDICATION OF INJURY,0,0,0,0,0,4,0,22,4,4,41.85136616,-87.72974138,POINT (-87.729741380285 41.851366161874)
0c47a0bf205a4774899adfbb20475f5abe8763e669e3e7981ceb543bbbd822963633d64336e820e108ac9da045667702a2e697eef70b4a23f47c30343509175a,JD304171,,7/20/2020 16:08,25,NO CONTROLS,NO CONTROLS,CLEAR,DAYLIGHT,PARKED MOTOR VEHICLE,DIVIDED - W/MEDIAN (NOT RAISED),,STRAIGHT AND LEVEL,DRY,NO DEFECTS,NOT ON SCENE (DESK REPORT),NO INJURY / DRIVE AWAY,,,,"$501 - $1,500",7/20/2020 17:19,UNABLE TO DETERMINE,NOT APPLICABLE,6451,S,COTTAGE GROVE AVE,312,,,,,,,2,NO INDICATION OF INJURY,0,0,0,0,0,1,0,16,2,7,41.77709551,-87.60571052,POINT (-87.605710523437 41.777095512043)
09d29a35eb9ae65111d29147b73e07e5647e2ceb35bc54e3aeba8623349cc85968093fcd9ac26459ceeac9f2cc10aa59506b9ce097b45a8e628470304aae8893,JF241303,,5/13/2022 16:30,30,STOP SIGN/FLASHER,FUNCTIONING IMPROPERLY,CLEAR,DAYLIGHT,ANGLE,OTHER,,STRAIGHT AND LEVEL,DRY,NO DEFECTS,NOT ON SCENE (DESK REPORT),NO INJURY / DRIVE AWAY,,,,"OVER $1,500",5/13/2022 20:45,UNABLE TO DETERMINE,UNABLE TO DETERMINE,9900,S,PROSPECT AVE,2213,,,,,,,2,NO INDICATION OF INJURY,0,0,0,0,0,3,0,16,6,5,41.71387845,-87.66345399,POINT (-87.663453986593 41.713878450892)
044f22177238146c5b6e71d39953fc54dc854f5f81abd730364f497b6d0af9f6a00007cefb4fdc5d484a1718c30d00a5a6c7f190a3d340b8049d7f070575e5dc,JC231089,,4/20/2019 2:20,30,NO CONTROLS,UNKNOWN,CLEAR,"DARKNESS, LIGHTED ROAD",PARKED MOTOR VEHICLE,ONE-WAY,,STRAIGHT AND LEVEL,DRY,NO DEFECTS,ON SCENE,NO INJURY / DRIVE AWAY,,,Y,"OVER $1,500",4/20/2019 2:22,"OPERATING VEHICLE IN ERRATIC, RECKLESS, CARELESS, NEGLIGENT OR AGGRESSIVE MANNER",UNABLE TO DETERMINE,3323,S,BELL AVE,912,,,,,,,2,NO INDICATION OF INJURY,0,0,0,0,0,1,0,2,7,4,41.83324632,-87.68132221,POINT (-87.681322206719 41.833246317632)
005724685e6a5b51aa7bf71463ff364619bedc9afc0ff7906f5106ce5bfaab7533a4297decfb6e3e96adccc5108cfc911d55c710fe7af0599cbe1ffc6c71934b,JC264342,Y,5/15/2019 15:45,30,STOP SIGN/FLASHER,NO CONTROLS,CLEAR,DAYLIGHT,PARKED MOTOR VEHICLE,NOT DIVIDED,,STRAIGHT AND LEVEL,DRY,NO DEFECTS,ON SCENE,NO INJURY / DRIVE AWAY,,,Y,"OVER $1,500",5/15/2019 16:27,UNABLE TO DETERMINE,UNABLE TO DETERMINE,10298,S,SANGAMON ST,2232,,,,,,,2,NO INDICATION OF INJURY,0,0,0,0,0,1,0,15,4,5,41.70697139,-87.64662951,POINT (-87.646629504501 41.706971393445)
0833155bb9b755ed28edc63c71b83fb0d1a5accdaf260f6ccfafc231ad4f4dc04a4d3ece39c078c3882681a1d5769a1991a672824cef3479dbd44b885f2ef5f2,JF424774,,10/6/2022 19:09,35,UNKNOWN,UNKNOWN,RAIN,"DARKNESS, LIGHTED ROAD",ANGLE,FOUR WAY,,STRAIGHT AND LEVEL,WET,UNKNOWN,ON SCENE,INJURY AND / OR TOW DUE TO CRASH,Y,,,"OVER $1,500",10/6/2022 19:50,UNABLE TO DETERMINE,UNABLE TO DETERMINE,2,N,DESPLAINES ST,121,,,,,,,4,NO INDICATION OF INJURY,0,0,0,0,0,4,0,19,5,10,41.88185013,-87.64427549,POINT (-87.644275489064 41.881850130994)
00b755c7f5dfb2694c772347f7c9c6607cc3f56a38607536f14b31557251bf91f5ef5665a74cbe9fad013bd81a949876c3417964db4652bad3764f35d77c5255,JB295423,,6/4/2018 12:05,30,TRAFFIC SIGNAL,FUNCTIONING PROPERLY,CLEAR,DAYLIGHT,SIDESWIPE OPPOSITE DIRECTION,NOT DIVIDED,2,STRAIGHT AND LEVEL,DRY,UNKNOWN,NOT ON SCENE (DESK REPORT),NO INJURY / DRIVE AWAY,,,,"OVER $1,500",6/6/2018 13:21,IMPROPER LANE USAGE,NOT APPLICABLE,6423,W,BLOOMINGDALE AVE,2513,,,,,,,2,NO INDICATION OF INJURY,0,0,0,0,0,2,0,12,2,6,41.91265103,-87.78614475,POINT (-87.786144754206 41.912651030467)
002a1424662652414347d5d5b62a686acfa1804fc885e94669a00dec29ddda2e6da172588565b41e2ef16593d1b52d04547a4181504c4bab54b90cc32de670df,JD145743,,2/9/2020 13:45,30,TRAFFIC SIGNAL,FUNCTIONING PROPERLY,SNOW,DAYLIGHT,REAR END,DIVIDED - W/MEDIAN (NOT RAISED),,STRAIGHT AND LEVEL,SNOW OR SLUSH,NO DEFECTS,NOT ON SCENE (DESK REPORT),NO INJURY / DRIVE AWAY,,,,"OVER $1,500",2/9/2020 14:20,PHYSICAL CONDITION OF DRIVER,NOT APPLICABLE,6300,S,CICERO AVE,813,,,,,,,2,NO INDICATION OF INJURY,0,0,0,0,0,2,0,13,1,2,41.77833539,-87.74243649,POINT (-87.74243649416 41.778335390453)
06dc29c4ba5ca6c872e3d8327f0efff1682db4f0659ad6cffc18631e236b93a92648b64f6c2297aa125ce0bdee17d825cec20f0077fdba91d9c10132302a1699,JF174875,,3/6/2022 2:20,30,NO CONTROLS,NO CONTROLS,CLEAR,"DARKNESS, LIGHTED ROAD",OTHER OBJECT,OTHER,,STRAIGHT AND LEVEL,DRY,"RUT, HOLES",NOT ON SCENE (DESK REPORT),INJURY AND / OR TOW DUE TO CRASH,,,,"$501 - $1,500",3/15/2022 16:05,ROAD CONSTRUCTION/MAINTENANCE,UNABLE TO DETERMINE,925,W,CHICAGO AVE,1214,,,,,,,1,NO INDICATION OF INJURY,0,0,0,0,0,1,0,2,1,3,41.89623151,-87.65082896,POINT (-87.650828962708 41.896231513781)
0a128b74cebf618a9f9720a12442463b981167b8f6867680640818c538a46d980fa3df831d1a2557a6ee53d088f6c1975e866ca69145e6c1fbdcd48f2385ffd1,JE293943,,7/7/2021 19:15,20,NO CONTROLS,NO CONTROLS,UNKNOWN,DAYLIGHT,FIXED OBJECT,PARKING LOT,,STRAIGHT AND LEVEL,DRY,UNKNOWN,NOT ON SCENE (DESK REPORT),NO INJURY / DRIVE AWAY,,,,$500 OR LESS,7/7/2021 19:15,UNABLE TO DETERMINE,NOT APPLICABLE,2301,S,DR MARTIN LUTHER KING JR DR,132,,,,,,,1,NO INDICATION OF INJURY,0,0,0,0,0,1,0,19,4,7,41.85119984,-87.61881948,POINT (-87.618819484211 41.851199836578)
0438dc054306274a8c6bba9a8f364b72c47ae379c3dbc59cf25b106fb08f63071ea739bc5f9ce3bd307c4fdd7b05dad8995d82996f11c7d21062d836262ba965,JC164136,,2/24/2019 13:10,30,NO CONTROLS,NO CONTROLS,CLEAR,DAYLIGHT,REAR END,DIVIDED - W/MEDIAN (NOT RAISED),4,STRAIGHT AND LEVEL,DRY,NO DEFECTS,ON SCENE,INJURY AND / OR TOW DUE TO CRASH,,,,"OVER $1,500",2/24/2019 13:16,FOLLOWING TOO CLOSELY,UNABLE TO DETERMINE,5544,W,55TH ST,814,,,,,,,2,NO INDICATION OF INJURY,0,0,0,0,0,2,0,13,1,2,41.79285575,-87.76165437,POINT (-87.761654374456 41.792855754061)
02d9bb160ab8316a22747852935d12f76167a8a92e303866d6d9c66260e0d0e7493c465347e0098fe935d8c9d4ba3d5c99334bf75a8d3606786a6d74f2a5b5a8,JA524937,,11/25/2017 15:15,30,TRAFFIC SIGNAL,FUNCTIONING PROPERLY,CLEAR,DAYLIGHT,REAR END,NOT DIVIDED,2,STRAIGHT AND LEVEL,DRY,NO DEFECTS,NOT ON SCENE (DESK REPORT),NO INJURY / DRIVE AWAY,,,,"OVER $1,500",11/25/2017 17:20,FOLLOWING TOO CLOSELY,NOT APPLICABLE,5837,W,TOUHY AVE,1621,,,,,,,2,NO INDICATION OF INJURY,0,0,0,0,0,2,0,15,7,11,42.01184872,-87.77339057,POINT (-87.773390570434 42.011848719935)
00eb9b7a9a6e063edc6ffda609caf4ef299faeb9fc5e6b56fafb8c8e5ba24a9984ea0211106fd200be25d979a0ff3b81d6d517581d88628145bd44370ec713d0,JA343859,,7/11/2017 15:00,30,NO CONTROLS,NO CONTROLS,CLEAR,DAYLIGHT,PARKED MOTOR VEHICLE,NOT DIVIDED,2,STRAIGHT AND LEVEL,UNKNOWN,UNKNOWN,NOT ON SCENE (DESK REPORT),NO INJURY / DRIVE AWAY,,,Y,"$501 - $1,500",7/11/2017 16:20,IMPROPER TURNING/NO SIGNAL,NOT APPLICABLE,51,E,71ST ST,323,,,,,,,2,NO INDICATION OF INJURY,0,0,0,0,0,1,0,15,3,7,41.76544527,-87.62289032,POINT (-87.622890317286 41.765445271116)
0705894300f779ab31395569258ed692159f348187081a118aa7681ac355a92b2a82bc39e06c428f82ddaad73ebc7a71bba97ebd0ada9434abb8323c0bfb712d,JC113282,,1/11/2019 17:59,30,STOP SIGN/FLASHER,FUNCTIONING PROPERLY,CLEAR,DARKNESS,ANGLE,NOT DIVIDED,4,STRAIGHT AND LEVEL,DRY,NO DEFECTS,ON SCENE,INJURY AND / OR TOW DUE TO CRASH,Y,,,"OVER $1,500",1/11/2019 18:00,DRIVING SKILLS/KNOWLEDGE/EXPERIENCE,FAILING TO REDUCE SPEED TO AVOID CRASH,6800,S,LOOMIS BLVD,725,,,,,,,2,NONINCAPACITATING INJURY,2,0,0,1,1,2,0,17,6,1,41.77034829,-87.65925731,POINT (-87.659257311012 41.770348285714)
0be010819e07b4322d43f52e05a6ba6cabf3941a724ac7f75011a9e8395c323b7fd614baee7d172687f03e75182d8403b24667400f7eea06e8d4df1e3e8b5781,JE290419,,7/5/2021 2:20,30,TRAFFIC SIGNAL,FUNCTIONING PROPERLY,CLEAR,"DARKNESS, LIGHTED ROAD",REAR END,DIVIDED - W/MEDIAN (NOT RAISED),,STRAIGHT AND LEVEL,DRY,NO DEFECTS,NOT ON SCENE (DESK REPORT),NO INJURY / DRIVE AWAY,Y,,,"OVER $1,500",7/5/2021 2:35,FOLLOWING TOO CLOSELY,NOT APPLICABLE,3940,W,FULLERTON AVE,2524,,,,,,,2,NO INDICATION OF INJURY,0,0,0,0,0,2,0,2,2,7,41.9246021,-87.72595061,POINT (-87.725950606183 41.924602103712)
0a1b3796ebf494b0cb1872c74b5f71ec57dacda425a56c56c9cc1efaeec3a40c0a99445fa819440dbb364d8f84423426c9063761605cbe0f057856c869fba143,JB399653,Y,8/19/2018 2:00,30,NO CONTROLS,NO CONTROLS,CLEAR,"DARKNESS, LIGHTED ROAD",PARKED MOTOR VEHICLE,ONE-WAY,1,STRAIGHT AND LEVEL,DRY,NO DEFECTS,ON SCENE,NO INJURY / DRIVE AWAY,,,Y,"OVER $1,500",8/19/2018 3:54,UNABLE TO DETERMINE,UNABLE TO DETERMINE,1642,N,KILDARE AVE,2534,,,,,,,2,NO INDICATION OF INJURY,0,0,0,0,0,1,0,2,1,8,41.9110649,-87.73383946,POINT (-87.733839462088 41.911064904071)
0b8b221cc07c4bf76e224348ef44cd2c90a09cf5815943fb413c0174cf4feb0ed467fa10681cde08830db6bdf4aca192034f73074b32240156a707fecd8020c1,JC359595,,7/22/2019 12:13,15,NO CONTROLS,NO CONTROLS,CLEAR,DAYLIGHT,PARKED MOTOR VEHICLE,PARKING LOT,,STRAIGHT AND LEVEL,DRY,NO DEFECTS,NOT ON SCENE (DESK REPORT),NO INJURY / DRIVE AWAY,,Y,Y,"OVER $1,500",7/22/2019 13:00,UNABLE TO DETERMINE,NOT APPLICABLE,520,W,TAYLOR ST,124,,,,,,,2,NO INDICATION OF INJURY,0,0,0,0,0,2,0,12,2,7,41.8698556,-87.64027031,POINT (-87.640270307865 41.869855596599)
0c086292356c15d68dbb38593b4aaf34dc861d83feea3c32c9a36af32fcd395728e1fa1c651b76c3390e50781991c717c430fb6ccf19b517c268c1e676bc4da6,JB510945,,11/10/2018 12:31,30,NO CONTROLS,NO CONTROLS,CLEAR,DAYLIGHT,TURNING,DIVIDED - W/MEDIAN BARRIER,4,STRAIGHT AND LEVEL,DRY,NO DEFECTS,NOT ON SCENE (DESK REPORT),NO INJURY / DRIVE AWAY,,,,"OVER $1,500",11/10/2018 13:25,IMPROPER TURNING/NO SIGNAL,FAILING TO YIELD RIGHT-OF-WAY,9400,S,ASHLAND AVE,2221,,,,,,,2,NO INDICATION OF INJURY,0,0,0,0,0,2,0,12,7,11,41.72294122,-87.66286287,POINT (-87.662862871273 41.72294121821)
01d3bdee6a84af80bf50e9fa78bbb78fc952cead98fcf44beb6c139b5e855fdfe7676f8047fbc4ab3513253c514cf0036e8dcbd4e14bb46f54047f699681e0c4,JB218497,,4/4/2018 14:30,30,TRAFFIC SIGNAL,FUNCTIONING PROPERLY,UNKNOWN,DAYLIGHT,TURNING,NOT DIVIDED,,STRAIGHT AND LEVEL,UNKNOWN,NO DEFECTS,NOT ON SCENE (DESK REPORT),NO INJURY / DRIVE AWAY,Y,,,"$501 - $1,500",4/10/2018 15:30,IMPROPER OVERTAKING/PASSING,BICYCLE ADVANCING LEGALLY ON RED LIGHT,8700,S,COMMERCIAL AVE,423,,,,,,,2,NO INDICATION OF INJURY,0,0,0,0,0,2,0,14,4,4,41.73728557,-87.55157514,POINT (-87.551575144327 41.73728557189)
021f15d60f567c5a93c11323532921859ddb350a9e69f1dec59c5da200081024b1fe7318d6443314bf55234195748d70e4e21f7488bdb304677ea9cde1117b06,JC441531,,9/20/2019 15:55,30,TRAFFIC SIGNAL,FUNCTIONING PROPERLY,CLEAR,DAYLIGHT,PARKED MOTOR VEHICLE,NOT DIVIDED,,STRAIGHT AND LEVEL,DRY,NO DEFECTS,ON SCENE,INJURY AND / OR TOW DUE TO CRASH,,,,"OVER $1,500",9/20/2019 15:57,FAILING TO REDUCE SPEED TO AVOID CRASH,DRIVING SKILLS/KNOWLEDGE/EXPERIENCE,99,E,14TH ST,131,,,,,,,3,NONINCAPACITATING INJURY,6,0,0,2,4,0,0,15,6,9,41.86398337,-87.62414428,POINT (-87.624144279946 41.863983370887)
07c7122b1c2e94fca2e11a5214f5692c3c991cd8b5fa5faac134f91df46bcda21d9775691ae68d0f5986502c96a39f603a8346f4be87853e27406e25e78b53e4,JB156936,,2/18/2018 19:34,30,TRAFFIC SIGNAL,FUNCTIONING PROPERLY,CLEAR,"DARKNESS, LIGHTED ROAD",ANGLE,NOT DIVIDED,2,STRAIGHT AND LEVEL,WET,WORN SURFACE,ON SCENE,INJURY AND / OR TOW DUE TO CRASH,Y,,,"OVER $1,500",2/18/2018 19:34,DISREGARDING TRAFFIC SIGNALS,FAILING TO REDUCE SPEED TO AVOID CRASH,800,N,HAMLIN AVE,1112,,,,,,,3,"REPORTED, NOT EVIDENT",1,0,0,0,1,6,0,19,1,2,41.89550064,-87.72134269,POINT (-87.721342687975 41.895500637566)
01389f2b98443a71924b5eef7faa2002eb2cf7134034adab8f8726d9baa12544ef1f5290c7c1482555a70a408de46c86c363bfebf0299be9cb8ae7b498f86bc2,JC495811,,11/1/2019 20:30,25,STOP SIGN/FLASHER,FUNCTIONING PROPERLY,CLEAR,"DARKNESS, LIGHTED ROAD",ANGLE,FOUR WAY,,STRAIGHT AND LEVEL,DRY,NO DEFECTS,NOT ON SCENE (DESK REPORT),NO INJURY / DRIVE AWAY,,,,"$501 - $1,500",11/2/2019 12:52,UNABLE TO DETERMINE,UNABLE TO DETERMINE,1353,E,72ND ST,324,,,,,,,2,NO INDICATION OF INJURY,0,0,0,0,0,3,0,20,6,11,41.76408353,-87.59129117,POINT (-87.591291172068 41.764083526493)
046aa0f93645336e70c25f2c024d0ab1a00e4bc5422052d2f8a355685f18dc1b59067caf176a22cc99fd6749a46551e3a07df47a79b1c70764a95d96ef5e7590,JB114149,,1/12/2018 17:58,30,NO CONTROLS,NO CONTROLS,SNOW,"DARKNESS, LIGHTED ROAD",SIDESWIPE SAME DIRECTION,NOT DIVIDED,,STRAIGHT AND LEVEL,WET,NO DEFECTS,ON SCENE,NO INJURY / DRIVE AWAY,,,Y,"OVER $1,500",1/12/2018 19:15,IMPROPER LANE USAGE,UNABLE TO DETERMINE,410,N,ORLEANS ST,1831,,,,,,,2,NO INDICATION OF INJURY,0,0,0,0,0,3,0,17,6,1,41.88953597,-87.63711794,POINT (-87.637117940266 41.88953596964)
0bb3957f023a6fe8d7fc2966e2cac7e12ae790ba63bb17653d04067ea456d883a666b99b2d235167e5fa6e2f6f6d97d851c0e1154f778c1323c39028f706d41e,JD314564,,7/29/2020 21:30,30,NO CONTROLS,NO CONTROLS,CLEAR,"DARKNESS, LIGHTED ROAD",ANGLE,DIVIDED - W/MEDIAN (NOT RAISED),,STRAIGHT AND LEVEL,DRY,NO DEFECTS,NOT ON SCENE (DESK REPORT),NO INJURY / DRIVE AWAY,,,,"$501 - $1,500",7/29/2020 22:00,IMPROPER OVERTAKING/PASSING,NOT APPLICABLE,901,N,CENTRAL AVE,1524,,,,,,,2,NO INDICATION OF INJURY,0,0,0,0,0,2,0,21,4,7,41.89672167,-87.76531387,POINT (-87.76531387331 41.89672166938)
0abcd2af9a83582585ec9a09b72682679891b63655eb7e096ae0086323985e4b5e0a37f496d1d68cf4437324a2a11822d0e8eb9b94bb5502c052545718c947aa,JB284151,,5/29/2018 16:15,30,NO CONTROLS,NO CONTROLS,CLEAR,DAYLIGHT,FIXED OBJECT,ALLEY,1,STRAIGHT AND LEVEL,DRY,UNKNOWN,ON SCENE,INJURY AND / OR TOW DUE TO CRASH,,Y,N,"OVER $1,500",5/29/2018 17:21,"OPERATING VEHICLE IN ERRATIC, RECKLESS, CARELESS, NEGLIGENT OR AGGRESSIVE MANNER",FAILING TO REDUCE SPEED TO AVOID CRASH,38,W,107TH ST,512,,N,,,,,1,NO INDICATION OF INJURY,0,0,0,0,0,1,0,16,3,5,41.69996468,-87.62473193,POINT (-87.624731925584 41.699964677727)
0223b4e03d3fc5d91df42f8997cc620097e84479b120ccf62f83b544e94ec4d6dd0a71ca43e63201b1e456e54cba6be85b8f204cc13ef3282d8f4458e68beecc,JD184316,,3/12/2020 20:40,30,TRAFFIC SIGNAL,FUNCTIONING PROPERLY,CLEAR,DARKNESS,REAR END,NOT DIVIDED,,STRAIGHT AND LEVEL,DRY,UNKNOWN,NOT ON SCENE (DESK REPORT),INJURY AND / OR TOW DUE TO CRASH,,,,"OVER $1,500",3/13/2020 13:30,FOLLOWING TOO CLOSELY,UNABLE TO DETERMINE,4853,N,WESTERN AVE,2031,,,,,,,2,"REPORTED, NOT EVIDENT",1,0,0,0,1,1,0,20,5,3,41.97021073,-87.6888116,POINT (-87.688811595606 41.970210731022)
016980b3ccb588870ee5cb9f4c67e5da17d2683d08fd01621ae895ab201f45e5a4ee132f5ffaee5895f5e789543ac9925d4d956852b278c7d980fcd719a929c4,JC346328,,7/12/2019 20:50,5,NO CONTROLS,NO CONTROLS,CLEAR,DARKNESS,REAR END,OTHER,,STRAIGHT AND LEVEL,DRY,NO DEFECTS,NOT ON SCENE (DESK REPORT),NO INJURY / DRIVE AWAY,,,,"$501 - $1,500",7/12/2019 22:20,FOLLOWING TOO CLOSELY,DRIVING SKILLS/KNOWLEDGE/EXPERIENCE,4200,W,MADISON ST,1115,,,,,,,2,NO INDICATION OF INJURY,0,0,0,0,0,2,0,20,6,7,41.88077601,-87.73069838,POINT (-87.730698383664 41.880776007835)
0684af5fab92ef93b7d101d815b06298cd5412d5a30baed365f403fecd6eb310d5648adbd1787d70d5ac9b201ab2825319d8f390a223c77cd133f98d5d5c513f,JE114756,Y,1/16/2021 16:30,30,TRAFFIC SIGNAL,FUNCTIONING PROPERLY,OTHER,"DARKNESS, LIGHTED ROAD",REAR TO FRONT,DIVIDED - W/MEDIAN BARRIER,,STRAIGHT AND LEVEL,WET,NO DEFECTS,NOT ON SCENE (DESK REPORT),NO INJURY / DRIVE AWAY,,,,"$501 - $1,500",1/16/2021 17:20,UNABLE TO DETERMINE,UNABLE TO DETERMINE,8900,S,STONY ISLAND AVE,413,,,,,,,2,NO INDICATION OF INJURY,0,0,0,0,0,2,0,16,7,1,41.73318797,-87.5857127,POINT (-87.585712697936 41.733187965898)
0950e720cd1be78f352592bf5c6d2f1681ac95d0de09d17b43bc1fce85378ef1d35dee13a97ba3d5ecdf025ff9de064db62677cbc4afbd4f87d98eff2837f0e4,JB108503,Y,1/8/2018 12:00,30,NO CONTROLS,NO CONTROLS,OTHER,DAYLIGHT,ANGLE,OTHER,,STRAIGHT AND LEVEL,WET,NO DEFECTS,NOT ON SCENE (DESK REPORT),NO INJURY / DRIVE AWAY,,,,"OVER $1,500",1/8/2018 12:20,IMPROPER BACKING,UNABLE TO DETERMINE,1804,W,LAWRENCE AVE,2032,,,,,,,2,NO INDICATION OF INJURY,0,0,0,0,0,2,0,12,2,1,41.96892356,-87.67482236,POINT (-87.674822359376 41.968923564032)
080d46f721f5f11a2844225697962300fe137145786d45746622de67a7af61338e04c8fdf9a660f91f1afb3b7df856659d84b2fe8ca00e9d3a731944007ecf84,JC111625,,1/10/2019 7:30,30,STOP SIGN/FLASHER,FUNCTIONING PROPERLY,CLEAR,DAYLIGHT,TURNING,NOT DIVIDED,2,STRAIGHT AND LEVEL,DRY,NO DEFECTS,NOT ON SCENE (DESK REPORT),NO INJURY / DRIVE AWAY,Y,,,"OVER $1,500",1/10/2019 13:30,ROAD CONSTRUCTION/MAINTENANCE,UNABLE TO DETERMINE,4228,W,WELLINGTON AVE,2523,,,,,,,2,NO INDICATION OF INJURY,0,0,0,0,0,2,0,7,5,1,41.93548929,-87.73401247,POINT (-87.734012471515 41.935489289846)
06a7721a9bec1d0a7c89f420fe09d64c7553f4193d0d6e7a3132c6e4127a3ce3e89c4969c7491d18330d5094c19f71814072f0d914c8a9d75d9930c92a808a4e,JC181878,,3/9/2019 23:00,35,NO CONTROLS,NO CONTROLS,CLEAR,"DARKNESS, LIGHTED ROAD",PARKED MOTOR VEHICLE,ONE-WAY,1,STRAIGHT AND LEVEL,DRY,NO DEFECTS,NOT ON SCENE (DESK REPORT),NO INJURY / DRIVE AWAY,,,Y,"OVER $1,500",3/11/2019 18:44,FAILING TO REDUCE SPEED TO AVOID CRASH,ANIMAL,3346,N,KILPATRICK AVE,1731,,,,,,,2,NO INDICATION OF INJURY,0,0,0,0,0,1,0,23,7,3,41.94208794,-87.74413328,POINT (-87.744133279644 41.942087934899)
0adb8e698fa97af83801e2fe49c5084004b5d83dca08f421aa158e5499434c0f252de2e9026a876a3031a465bdcb630522ea7cdf81aa5d17289b9011a8de72f1,JA568969,,12/31/2017 13:00,5,NO CONTROLS,NO CONTROLS,CLEAR,DAYLIGHT,FIXED OBJECT,ALLEY,,"CURVE, LEVEL",DRY,NO DEFECTS,ON SCENE,NO INJURY / DRIVE AWAY,,Y,Y,"OVER $1,500",12/31/2017 13:12,"OPERATING VEHICLE IN ERRATIC, RECKLESS, CARELESS, NEGLIGENT OR AGGRESSIVE MANNER","OPERATING VEHICLE IN ERRATIC, RECKLESS, CARELESS, NEGLIGENT OR AGGRESSIVE MANNER",4850,N,WESTERN AVE,2031,,,,,,,1,NO INDICATION OF INJURY,0,0,0,0,0,1,0,13,1,12,41.97014678,-87.68910313,POINT (-87.689103125423 41.970146784383)
0b376f4e385aaf4dd8b386ec0cf4941af7104010e46b598d6ab8a7e5ce8c7d04c5e60e44fb734457dc57d58f98f601d2c1ae438d463774cf690064197cea0ca1,JF229799,,5/4/2022 11:15,30,NO CONTROLS,NO CONTROLS,CLEAR,DAYLIGHT,PARKED MOTOR VEHICLE,DIVIDED - W/MEDIAN (NOT RAISED),,STRAIGHT AND LEVEL,DRY,NO DEFECTS,ON SCENE,INJURY AND / OR TOW DUE TO CRASH,,,Y,"OVER $1,500",5/4/2022 11:25,UNABLE TO DETERMINE,UNABLE TO DETERMINE,1712,N,KIMBALL AVE,1422,,,,,,,2,NO INDICATION OF INJURY,0,0,0,0,0,1,0,11,4,5,41.91228304,-87.71190282,POINT (-87.711902823828 41.912283037071)
092f657aa71e9e769d522fa57640c3bb9be2bb9327b697b882a80d7e8c6ed8c5055ad0bae3e4363fb6e243cd9b41806d7aad222b44cee41367562b0f3dbdea5c,JA558513,,12/21/2017 18:00,30,NO CONTROLS,NO CONTROLS,CLEAR,"DARKNESS, LIGHTED ROAD",REAR END,ONE-WAY,3,STRAIGHT AND LEVEL,DRY,NO DEFECTS,NOT ON SCENE (DESK REPORT),NO INJURY / DRIVE AWAY,N,,,"$501 - $1,500",12/21/2017 19:15,UNABLE TO DETERMINE,UNABLE TO DETERMINE,300,W,MADISON ST,122,,,,,,,2,NO INDICATION OF INJURY,0,0,0,0,0,2,0,18,5,12,41.88204264,-87.63538668,POINT (-87.635386678974 41.882042644219)