CRASH_RECORD_ID,RD_NO,CRASH_DATE_EST_I,CRASH_DATE,POSTED_SPEED_LIMIT,TRAFFIC_CONTROL_DEVICE,DEVICE_CONDITION,WEATHER_CONDITION,LIGHTING_CONDITION,FIRST_CRASH_TYPE,TRAFFICWAY_TYPE,LANE_CNT,ALIGNMENT,ROADWAY_SURFACE_COND,ROAD_DEFECT,REPORT_TYPE,CRASH_TYPE,INTERSECTION_RELATED_I,NOT_RIGHT_OF_WAY_I,HIT_AND_RUN_I,DAMAGE,DATE_POLICE_NOTIFIED,PRIM_CONTRIBUTORY_CAUSE,SEC_CONTRIBUTORY_CAUSE,STREET_NO,STREET_DIRECTION,STREET_NAME,BEAT_OF_OCCURRENCE,PHOTOS_TAKEN_I,STATEMENTS_TAKEN_I,DOORING_I,WORK_ZONE_I,WORK_ZONE_TYPE,WORKERS_PRESENT_I,NUM_UNITS,MOST_SEVERE_INJURY,INJURIES_TOTAL,INJURIES_FATAL,INJURIES_INCAPACITATING,INJURIES_NON_INCAPACITATING,INJURIES_REPORTED_NOT_EVIDENT,INJURIES_NO_INDICATION,INJURIES_UNKNOWN,CRASH_HOUR,CRASH_DAY_OF_WEEK,CRASH_MONTH,LATITUDE,LONGITUDE,LOCATION
0b59ac331e255a502dae379ec8fb00aca2d7bb3b5ab490195c2e61a24c63ebc54ee94fbbc4551874091660fea89eae1e59377017d356f9dae36411fe45815bce,JF401151,,9/18/2022 15:30,20,NO CONTROLS,NO CONTROLS,CLEAR,DAYLIGHT,REAR TO SIDE,PARKING LOT,,STRAIGHT AND LEVEL,UNKNOWN,UNKNOWN,NOT ON SCENE (DESK REPORT),NO INJURY / DRIVE AWAY,,,,"OVER $1,500",9/18/2022 17:15,UNABLE TO DETERMINE,NOT APPLICABLE,4501,W,NORTH AVE,2533,,,,,,,2,NO INDICATION OF INJURY,0,0,0,0,0,2,0,15,1,9,41.90960039,-87.73935647,POINT (-87.739356466533 41.909600386011)
0cc6cd1037f452108d3bdeb833336dea3fd160f6cda5cb8bfe347be9e61306b37960270c0f0ca4b9eef299806ab829bbd3e62dad395ea1504d691c41ded2f30b,JG241857,,4/29/2023 14:20,30,TRAFFIC SIGNAL,FUNCTIONING PROPERLY,RAIN,DAYLIGHT,REAR END,NOT DIVIDED,,STRAIGHT AND LEVEL,WET,NO DEFECTS,NOT ON SCENE (DESK REPORT),NO INJURY / DRIVE AWAY,,,,"$501 - $1,500",4/29/2023 14:35,FAILING TO REDUCE SPEED TO AVOID CRASH,EQUIPMENT - VEHICLE CONDITION,4031,W,OGDEN AVE,1013,,,,,,,2,NO INDICATION OF INJURY,0,0,0,0,0,2,0,14,7,4,41.85060557,-87.72577984,POINT (-87.725779836719 41.850605566154)
03747396aa6fd60402a3f09f792874541331afb8166034561cb8f6b6b8700628d87419e23648a7e8b22617261bf1fb363248aa884b9ded1a3779102391132ced,JC126031,Y,1/22/2019 19:30,30,NO CONTROLS,NO CONTROLS,RAIN,"DARKNESS, LIGHTED ROAD",PARKED MOTOR VEHICLE,PARKING LOT,4,STRAIGHT AND LEVEL,SNOW OR SLUSH,NO DEFECTS,NOT ON SCENE (DESK REPORT),NO INJURY / DRIVE AWAY,,,Y,"OVER $1,500",1/22/2019 19:50,UNABLE TO DETERMINE,UNABLE TO DETERMINE,7100,S,ASHLAND AVE,735,,,,,,,2,NO INDICATION OF INJURY,0,0,0,0,0,1,0,19,3,1,41.76485938,-87.66394018,POINT (-87.663940176305 41.764859382425)
0bf213f28d364d279c455e4c11e584135b91f31048cfb33161dd9381e6061c5f638431d0001fa17aced77576e1e5cca8c432ed711e1854b243b9f63d48acd280,JB523619,,11/20/2018 19:45,30,UNKNOWN,UNKNOWN,UNKNOWN,"DARKNESS, LIGHTED ROAD",SIDESWIPE OPPOSITE DIRECTION,PARKING LOT,,STRAIGHT AND LEVEL,UNKNOWN,UNKNOWN,NOT ON SCENE (DESK REPORT),NO INJURY / DRIVE AWAY,,,,"$501 - $1,500",11/20/2018 22:00,IMPROPER TURNING/NO SIGNAL,IMPROPER TURNING/NO SIGNAL,2746,N,CLYBOURN AVE,1931,,,,,,,2,NO INDICATION OF INJURY,0,0,0,0,0,2,0,19,3,11,41.93102101,-87.67686402,POINT (-87.676864018134 41.931021005798)
0abc9bfd21d88329c7d9175119b8e390908a85c3d10b80676536aeae489e11e4083691e94f59655188b82039504f25b831ee8bcaad8ce7c260f51f16e64c6924,JD249688,,5/31/2020 19:00,30,NO CONTROLS,NO CONTROLS,CLEAR,"DARKNESS, LIGHTED ROAD",PARKED MOTOR VEHICLE,DRIVEWAY,,STRAIGHT AND LEVEL,DRY,NO DEFECTS,NOT ON SCENE (DESK REPORT),NO INJURY / DRIVE AWAY,,,Y,"OVER $1,500",6/1/2020 11:22,UNABLE TO DETERMINE,UNABLE TO DETERMINE,11858,S,ARTESIAN AVE,2212,,,,,,,2,NO INDICATION OF INJURY,0,0,0,0,0,1,0,19,1,5,41.67738309,-87.68207768,POINT (-87.682077674637 41.677383090591)
03ada1daa997914d033d0209ba8faf56b904e284e5ee9834f04b0919ced30969e7c8d0103cf35214abefd487362fd7f84c56c2de9db7b8b16ee836566ce22716,JC296479,,6/7/2019 17:15,30,TRAFFIC SIGNAL,FUNCTIONING PROPERLY,CLEAR,DAYLIGHT,SIDESWIPE SAME DIRECTION,NOT DIVIDED,,STRAIGHT AND LEVEL,DRY,UNKNOWN,NOT ON SCENE (DESK REPORT),NO INJURY / DRIVE AWAY,,,,"OVER $1,500",6/7/2019 17:45,IMPROPER LANE USAGE,NOT APPLICABLE,2400,W,LOGAN BLVD,1411,,,,,,,2,NO INDICATION OF INJURY,0,0,0,0,0,4,0,17,6,6,41.92871132,-87.68788275,POINT (-87.687882751439 41.928711321724)
0a2e3d80376bd29ab36882d7a8fd08c70e553d03ce31613e589059a17c63cb65818920fe24f4efa5a0823284b97a7f9c186472aff0836da3d906798af6d854e1,JE491206,,12/28/2021 15:30,10,NO CONTROLS,NO CONTROLS,SNOW,DAYLIGHT,PARKED MOTOR VEHICLE,NOT DIVIDED,,STRAIGHT AND LEVEL,WET,NO DEFECTS,NOT ON SCENE (DESK REPORT),NO INJURY / DRIVE AWAY,,Y,,"$501 - $1,500",12/28/2021 16:30,IMPROPER OVERTAKING/PASSING,NOT APPLICABLE,2134,N,WESTERN AVE,1431,Y,Y,,,,,2,NO INDICATION OF INJURY,0,0,0,0,0,1,0,15,3,12,41.92093215,-87.68766601,POINT (-87.687666008832 41.920932146979)
021af47ba60ab767150077845a3086dc140bb4c583f98b335a013e6c980b86fcb0732145b2ff20cc5b6fd24f22c8d76a48cb592ce4d0f950727b0136fd9da1af,JA467130,,10/11/2017 13:05,30,STOP SIGN/FLASHER,NO CONTROLS,RAIN,DAYLIGHT,PEDALCYCLIST,ONE-WAY,1,STRAIGHT AND LEVEL,WET,NO DEFECTS,,INJURY AND / OR TOW DUE TO CRASH,,,,$500 OR LESS,10/11/2017 13:15,FAILING TO YIELD RIGHT-OF-WAY,DRIVING ON WRONG SIDE/WRONG WAY,1399,W,CATALPA AVE,2013,,,,N,,,2,NONINCAPACITATING INJURY,1,0,0,1,0,1,0,13,4,10,41.98161493,-87.66484156,POINT (-87.664841562699 41.981614933235)
025c5934080dde1b523a3c94b0dcd316951a9560dd7103e56f2e200e81afc6b8b185a50d08ab6ec7e36ad440712a9c94504b877c1cb60bb5fe5adcfc73634d99,JA270066,,5/19/2017 4:19,45,NO CONTROLS,NO CONTROLS,CLEAR,"DARKNESS, LIGHTED ROAD",FIXED OBJECT,OTHER,4,STRAIGHT AND LEVEL,DRY,NO DEFECTS,ON SCENE,INJURY AND / OR TOW DUE TO CRASH,,,,"OVER $1,500",5/19/2017 4:20,UNDER THE INFLUENCE OF ALCOHOL/DRUGS (USE WHEN ARREST IS EFFECTED),PHYSICAL CONDITION OF DRIVER,4700,S,LAKE SHORE DR NB,222,,,,,,,1,"REPORTED, NOT EVIDENT",1,0,0,0,1,0,0,4,6,5,41.8105925,-87.58937111,POINT (-87.589371111902 41.810592498867)
00156d6202dbeccd3bb72c8260b220903d97c5aff9b92de32a040abc122d7b74655cde69b3a57e7ac607ed6a4114b1a52f6ad76972c9492e0e35299739820117,JE407615,,10/12/2021 19:25,30,NO CONTROLS,NO CONTROLS,CLEAR,"DARKNESS, LIGHTED ROAD",PEDALCYCLIST,DIVIDED - W/MEDIAN (NOT RAISED),,STRAIGHT AND LEVEL,WET,NO DEFECTS,ON SCENE,INJURY AND / OR TOW DUE TO CRASH,,,,"OVER $1,500",10/12/2021 19:35,FAILING TO YIELD RIGHT-OF-WAY,UNABLE TO DETERMINE,2000,W,SUNNYSIDE AVE,1911,,,,,,,2,NONINCAPACITATING INJURY,1,0,0,1,0,1,0,19,3,10,41.96338284,-87.679112,POINT (-87.679111996142 41.963382837096)
0573636b1651f7628d8c57ae5dfb899a94923a8d67838d8abbb58e06105cfde22fda388e0a46175baf284ad85e187b305478b5a2d9f12cd90f4c23cb12d07f21,JC494841,,11/1/2019 16:20,35,STOP SIGN/FLASHER,FUNCTIONING PROPERLY,CLEAR,DAYLIGHT,ANGLE,NOT DIVIDED,,STRAIGHT AND LEVEL,DRY,NO DEFECTS,ON SCENE,INJURY AND / OR TOW DUE TO CRASH,Y,,,"OVER $1,500",11/1/2019 16:23,FAILING TO YIELD RIGHT-OF-WAY,NOT APPLICABLE,1850,W,CONGRESS PKWY,1225,,,,,,,2,NO INDICATION OF INJURY,0,0,0,0,0,2,0,16,6,11,41.87517436,-87.67356672,POINT (-87.673566720064 41.87517435823)
090d56cda82d2441c54d1cec05b995499be8071db4a8496500ef986a25536a327d22c19848a2d521d29cdbb77a5dc5f0ffd95e1a7841eb3f48434b0db2079ecd,JD370187,,9/17/2020 2:30,30,TRAFFIC SIGNAL,FUNCTIONING PROPERLY,CLEAR,"DARKNESS, LIGHTED ROAD",REAR END,DIVIDED - W/MEDIAN (NOT RAISED),,STRAIGHT AND LEVEL,DRY,NO DEFECTS,,NO INJURY / DRIVE AWAY,,,,"OVER $1,500",9/17/2020 11:30,UNABLE TO DETERMINE,NOT APPLICABLE,5520,S,PULASKI RD,813,,,,,,,2,NO INDICATION OF INJURY,0,0,0,0,0,4,0,2,5,9,41.79246406,-87.7232832,POINT (-87.7232832043 41.792464058269)
06955d3f9a59174e805e273d089694183130b4056d2238452bf0577e61e12b0b337581dca33fbda3036e664c7d495a320fbb1256c1fa78067abbcbaa0cabfb8c,HZ459576,,10/3/2016 12:00,30,NO CONTROLS,NO CONTROLS,CLEAR,DAYLIGHT,PARKED MOTOR VEHICLE,DIVIDED - W/MEDIAN BARRIER,2,STRAIGHT AND LEVEL,DRY,NO DEFECTS,NOT ON SCENE (DESK REPORT),NO INJURY / DRIVE AWAY,,,Y,"OVER $1,500",10/3/2016 15:52,UNABLE TO DETERMINE,UNABLE TO DETERMINE,1333,N,MILWAUKEE AVE,1433,,,,,,,2,NO INDICATION OF INJURY,0,0,0,0,0,1,0,12,2,10,41.90616287,-87.67064602,POINT (-87.67064602391 41.906162865673)
0c076a3241899ec13ec3efcfa9a225e7b33261b59166916e797b5a7eb49459571e19a036456d46034ca599fdfa39766b571696fd1ac2c7092faeb7e88b6be59b,HZ161516,,2/22/2016 18:10,30,TRAFFIC SIGNAL,FUNCTIONING PROPERLY,CLEAR,"DARKNESS, LIGHTED ROAD",PEDESTRIAN,OTHER,0,STRAIGHT AND LEVEL,DRY,NO DEFECTS,NOT ON SCENE (DESK REPORT),NO INJURY / DRIVE AWAY,Y,,,$500 OR LESS,2/22/2016 19:55,UNABLE TO DETERMINE,NOT APPLICABLE,200,S,WACKER DR,122,,,,,,,2,NO INDICATION OF INJURY,0,0,0,0,0,3,0,18,2,2,41.87928364,-87.6371007,POINT (-87.637100704438 41.879283639964)
07aba13f57baef8d017a4df6274f2b156978bf919e9c04f97b4b3b18cfb48d1d0f193595d1bf95ecdf10df1ac8a9a3f602534b53003af90ce6d841b9e4a9eb33,JC145410,,2/8/2019 20:20,30,NO CONTROLS,NO CONTROLS,CLEAR,"DARKNESS, LIGHTED ROAD",REAR END,OTHER,,STRAIGHT AND LEVEL,WET,NO DEFECTS,NOT ON SCENE (DESK REPORT),NO INJURY / DRIVE AWAY,,Y,Y,"OVER $1,500",2/8/2019 21:00,ROAD ENGINEERING/SURFACE/MARKING DEFECTS,FOLLOWING TOO CLOSELY,5949,N,RIDGE AVE,2012,,,,,,,2,NO INDICATION OF INJURY,0,0,0,0,0,3,0,20,6,2,41.98990057,-87.67012661,POINT (-87.670126604708 41.989900564957)
00eaf7a1193d5a8fcb37ee6d715afbb5dc300458be1b2deff89144a68bf3503aecd5734a6f283a334d998eba408bd21e4a158e899516a4b990552e29075fd848,JC326435,,6/28/2019 20:00,30,TRAFFIC SIGNAL,FUNCTIONING PROPERLY,CLEAR,DUSK,SIDESWIPE SAME DIRECTION,DIVIDED - W/MEDIAN BARRIER,,STRAIGHT AND LEVEL,DRY,NO DEFECTS,ON SCENE,NO INJURY / DRIVE AWAY,,,,"OVER $1,500",6/28/2019 20:15,UNABLE TO DETERMINE,NOT APPLICABLE,9200,S,STONY ISLAND AVE,413,,,,,,,2,NO INDICATION OF INJURY,0,0,0,0,0,2,0,20,6,6,41.72772744,-87.58559431,POINT (-87.585594309293 41.727727438391)
04886bde4d7f2fd8373a79c9efdd6d8060528b6b272a266005d6c634a0f755b315452c2a66aefa1795940e19ef80aedeb1f6e39b8bd8d2de307355d7a8b7ed2e,JC201815,,3/27/2019 15:23,30,NO CONTROLS,NO CONTROLS,CLEAR,DAYLIGHT,HEAD ON,NOT DIVIDED,2,STRAIGHT AND LEVEL,DRY,NO DEFECTS,,NO INJURY / DRIVE AWAY,,,Y,"$501 - $1,500",3/27/2019 17:00,UNABLE TO DETERMINE,UNABLE TO DETERMINE,2330,S,FEDERAL ST,131,,,,,,,2,NO INDICATION OF INJURY,0,0,0,0,0,2,0,15,4,3,41.85010914,-87.62942558,POINT (-87.629425578765 41.850109141574)
023bd3148b95dbe7ba02567aaa3a01e1c80807a74ae020e9f49814cecc9c3df6c085259c20ac702d3e812d4ddc72dfdf4eba9559878f9ea1cb89c24af0ae849b,JF435722,,10/15/2022 15:35,30,NO CONTROLS,NO CONTROLS,CLEAR,DAYLIGHT,PARKED MOTOR VEHICLE,ONE-WAY,,STRAIGHT AND LEVEL,UNKNOWN,UNKNOWN,NOT ON SCENE (DESK REPORT),NO INJURY / DRIVE AWAY,,,Y,$500 OR LESS,10/15/2022 15:45,UNABLE TO DETERMINE,UNABLE TO DETERMINE,3150,W,FLOURNOY ST,1134,,,,,,,2,NO INDICATION OF INJURY,0,0,0,0,0,1,0,15,7,10,41.87289273,-87.70546271,POINT (-87.705462707305 41.872892727767)
02148ad7f0e07914da5928c37c18b0a5e6940baca6beaf14fcaa5df5cd655b67c5cf07a0d785e59c4219acff61d9646701290fbccdce1e74cd5eeed217cf7ab5,JF235607,,5/7/2022 21:30,30,NO CONTROLS,NO CONTROLS,CLEAR,DARKNESS,REAR END,NOT DIVIDED,,STRAIGHT AND LEVEL,DRY,NO DEFECTS,NOT ON SCENE (DESK REPORT),NO INJURY / DRIVE AWAY,,,Y,"OVER $1,500",5/9/2022 13:40,FOLLOWING TOO CLOSELY,FOLLOWING TOO CLOSELY,9800,S,HALSTED ST,2223,,,,,,,2,NO INDICATION OF INJURY,0,0,0,0,0,2,0,21,7,5,41.7158702,-87.64321014,POINT (-87.643210139548 41.715870203216)
0971c0e0b4c64fbbc11dc7795cfbeca2fecb3dccd6fac5fc06d94a0215c67166fe6461b5dbfe1772094c173172af0474d1ba14ea788ca2b89b88f550b5d5fe44,JE188176,,4/3/2021 11:25,30,NO CONTROLS,NO CONTROLS,CLEAR,DAYLIGHT,PARKED MOTOR VEHICLE,UNKNOWN,,STRAIGHT AND LEVEL,UNKNOWN,UNKNOWN,NOT ON SCENE (DESK REPORT),NO INJURY / DRIVE AWAY,,,,"$501 - $1,500",4/3/2021 13:14,IMPROPER OVERTAKING/PASSING,IMPROPER OVERTAKING/PASSING,3817,W,14TH ST,1011,,,,,,,2,NO INDICATION OF INJURY,0,0,0,0,0,2,0,11,7,4,41.8624606,-87.72096792,POINT (-87.720967920798 41.862460599649)
043c88b34a8a3d5639f8103f7512faf0ab2706eef6fa899c363aff09821964ea0cd9edd1afdd75dae4f3441f47bb953465e9688057e2565ef9c6b5adf305adee,JC210594,,4/3/2019 17:51,30,TRAFFIC SIGNAL,FUNCTIONING PROPERLY,CLEAR,DAYLIGHT,TURNING,ONE-WAY,4,STRAIGHT AND LEVEL,DRY,NO DEFECTS,ON SCENE,INJURY AND / OR TOW DUE TO CRASH,Y,,Y,"OVER $1,500",4/3/2019 18:09,IMPROPER TURNING/NO SIGNAL,IMPROPER LANE USAGE,799,S,JEFFERSON ST,124,,,,,,,2,NO INDICATION OF INJURY,0,0,0,0,0,2,0,17,4,4,41.87203283,-87.6422015,POINT (-87.642201502259 41.87203283107)
0b7d4a69c77e3fd32625e3c959224f88ce377dc910399fb8465aee0c11aa90604ac37b5d9c10458f14940d10d0741d78b165265203d8785a1943ae0f687faa61,JD286997,,7/5/2020 3:00,25,NO CONTROLS,NO CONTROLS,CLEAR,DARKNESS,PARKED MOTOR VEHICLE,NOT DIVIDED,,STRAIGHT AND LEVEL,DRY,NO DEFECTS,ON SCENE,NO INJURY / DRIVE AWAY,,,Y,"$501 - $1,500",7/5/2020 14:54,UNABLE TO DETERMINE,NOT APPLICABLE,998,E,130TH PL,533,,,,,,,2,NO INDICATION OF INJURY,0,0,0,0,0,1,0,3,1,7,41.65873923,-87.59775082,POINT (-87.597750817105 41.658739227156)
0cc942b6c64318ab7e610d31a4917b9c4fed13f818ef38723c4f61787aa1a5b41c1a61373675aa7f59d8bd7abb622b0ad2baceb8a60b72cbb40819de10168d5e,JB114974,,1/13/2018 12:00,30,NO CONTROLS,FUNCTIONING PROPERLY,CLEAR,DAYLIGHT,SIDESWIPE SAME DIRECTION,NOT DIVIDED,,STRAIGHT AND LEVEL,DRY,NO DEFECTS,NOT ON SCENE (DESK REPORT),NO INJURY / DRIVE AWAY,,,Y,"OVER $1,500",1/13/2018 14:00,UNABLE TO DETERMINE,UNABLE TO DETERMINE,355,N,CICERO AVE,1113,,,,,,,2,NO INDICATION OF INJURY,0,0,0,0,0,2,0,12,7,1,41.88688882,-87.74536137,POINT (-87.745361373429 41.88688882031)
068179597658244aa1d40cd342804da2712b45fd407e222fa5788898eb147fe5ee63e1309ec961056d0c3b47851f0796f9d59a33ddaf3371a7a44dd7d2851b13,JB281606,,5/27/2018 23:50,45,NO CONTROLS,NO CONTROLS,CLEAR,"DARKNESS, LIGHTED ROAD",SIDESWIPE SAME DIRECTION,ONE-WAY,3,"CURVE, LEVEL",DRY,UNKNOWN,NOT ON SCENE (DESK REPORT),NO INJURY / DRIVE AWAY,,,,"OVER $1,500",5/27/2018 23:51,FAILING TO YIELD RIGHT-OF-WAY,UNABLE TO DETERMINE,2350,N,LAKE SHORE DR NB,1814,,,,,,,2,NO INDICATION OF INJURY,0,0,0,0,0,2,0,23,1,5,41.92570129,-87.63136805,POINT (-87.631368050773 41.925701287024)
0799ba307be7dabeabc54d1fb6750b02fe3f8ad92c5f52e4be509128d1ffd78d1a88dd3fd14e6b80efd27abd9af754955e8592591f3e779396957668dce53746,JG244228,,5/1/2023 14:40,30,TRAFFIC SIGNAL,FUNCTIONING PROPERLY,RAIN,DAYLIGHT,REAR END,NOT DIVIDED,,STRAIGHT AND LEVEL,WET,NO DEFECTS,NOT ON SCENE (DESK REPORT),NO INJURY / DRIVE AWAY,,,,"$501 - $1,500",5/1/2023 16:29,FOLLOWING TOO CLOSELY,NOT APPLICABLE,7100,S,WESTERN AVE,832,,,,,,,2,NO INDICATION OF INJURY,0,0,0,0,0,4,0,14,2,5,41.76460891,-87.68338705,POINT (-87.683387053281 41.764608912236)
06fc4acec432acc437e2adfebfa5078042a16d8843c8d91c650676fe38fd640dc98afeb4cef06d33c6d04dd4e5fd7f46a14071883e142a174680566d1d68a2f7,JE220859,,5/5/2021 18:00,30,NO CONTROLS,NO CONTROLS,CLEAR,DAYLIGHT,TURNING,DIVIDED - W/MEDIAN BARRIER,,STRAIGHT AND LEVEL,DRY,UNKNOWN,ON SCENE,INJURY AND / OR TOW DUE TO CRASH,,,,"OVER $1,500",5/5/2021 18:44,UNABLE TO DETERMINE,UNABLE TO DETERMINE,1111,S,WESTERN AVE,1225,Y,Y,,,,,2,NO INDICATION OF INJURY,0,0,0,0,0,2,0,18,4,5,41.86804793,-87.68592806,POINT (-87.685928060817 41.868047934318)
06245898bccd6cedae797b6f33170e40a9f03ccbdf6d83a0102884c0271c2d7877775a59ae7ec3d2cc93c0a8f7271f99f91656273238e53b6d8a8af1b42eece1,JA321213,,6/24/2017 19:20,30,NO CONTROLS,NO CONTROLS,CLEAR,DAYLIGHT,SIDESWIPE SAME DIRECTION,DIVIDED - W/MEDIAN (NOT RAISED),4,STRAIGHT AND LEVEL,DRY,NO DEFECTS,NOT ON SCENE (DESK REPORT),NO INJURY / DRIVE AWAY,,,,$500 OR LESS,6/24/2017 19:25,UNABLE TO DETERMINE,UNABLE TO DETERMINE,1650,W,NORTH AVE,1433,,,,,,,2,NO INDICATION OF INJURY,0,0,0,0,0,4,0,19,7,6,41.91071246,-87.66973718,POINT (-87.669737178735 41.910712457174)
0c4a1204c5b71018547d02adbe51b389f323d91a5601244b1ecb868ca398c3a7db9bcfa4939e694b335d81bc9e152990d16179c881a61edffab3afb5faf91273,HY417730,,9/10/2015 9:20,30,NO CONTROLS,NO CONTROLS,CLEAR,DAYLIGHT,TURNING,NOT DIVIDED,2,STRAIGHT AND LEVEL,DRY,NO DEFECTS,NOT ON SCENE (DESK REPORT),NO INJURY / DRIVE AWAY,,,,"OVER $1,500",9/10/2015 10:00,FAILING TO YIELD RIGHT-OF-WAY,UNABLE TO DETERMINE,757,N,ORLEANS ST,1831,,,,,,,2,NO INDICATION OF INJURY,0,0,0,0,0,2,0,9,5,9,41.89650311,-87.63702357,POINT (-87.637023570947 41.896503110759)
083bfc46453374f1eb7bfbd3780364ccedb64cc1527015467475b0fde28075665cc7ff8f65760a3e66d05e90fc63fe6120edbb3c16e55c8922f4925912244539,JD456374,,12/11/2020 17:17,30,TRAFFIC SIGNAL,FUNCTIONING PROPERLY,RAIN,UNKNOWN,REAR END,DIVIDED - W/MEDIAN (NOT RAISED),,STRAIGHT AND LEVEL,WET,UNKNOWN,NOT ON SCENE (DESK REPORT),NO INJURY / DRIVE AWAY,Y,,Y,"OVER $1,500",12/11/2020 17:30,UNABLE TO DETERMINE,UNABLE TO DETERMINE,3705,S,WESTERN BLVD,912,,,,,,,2,NO INDICATION OF INJURY,0,0,0,0,0,2,0,17,6,12,41.82621082,-87.68419989,POINT (-87.684199887907 41.826210816385)
05dc77224a5c982db5fe5b0753a0e3cbbdf2930a63e689c00bbb7ed062fe94835921f71638db6bb54f9720798df8d700303d1aa2eefff397286eb68a029261db,JC156755,Y,2/16/2019 2:00,20,NO CONTROLS,NO CONTROLS,CLOUDY/OVERCAST,UNKNOWN,PARKED MOTOR VEHICLE,NOT DIVIDED,2,STRAIGHT AND LEVEL,UNKNOWN,NO DEFECTS,NOT ON SCENE (DESK REPORT),NO INJURY / DRIVE AWAY,,,Y,"OVER $1,500",2/18/2019 11:35,UNABLE TO DETERMINE,NOT APPLICABLE,9752,S,CHARLES ST,2213,,,,,,,2,NO INDICATION OF INJURY,0,0,0,0,0,1,0,2,7,2,41.71685755,-87.66278664,POINT (-87.662786644197 41.716857549549)
097cc62e07dc68658d368010766e2ca70cea6c280b1de06a52000189f2089fe195bb08fe8482d9deb788900b87a63ac4f572d38c59f0ba39e13101c721f39a2f,JF244920,,5/6/2022 22:12,30,STOP SIGN/FLASHER,FUNCTIONING PROPERLY,CLEAR,"DARKNESS, LIGHTED ROAD",SIDESWIPE SAME DIRECTION,ONE-WAY,,STRAIGHT AND LEVEL,DRY,NO DEFECTS,ON SCENE,NO INJURY / DRIVE AWAY,Y,,Y,"OVER $1,500",5/6/2022 22:12,"OPERATING VEHICLE IN ERRATIC, RECKLESS, CARELESS, NEGLIGENT OR AGGRESSIVE MANNER",NOT APPLICABLE,2800,W,56TH ST,824,,,,,,,2,NO INDICATION OF INJURY,0,0,0,0,0,4,0,22,6,5,41.79197934,-87.69381201,POINT (-87.693812013188 41.791979337502)
041b6d373020160d2d0fc499b32d467d79df3c536f1735cceb23e9db5986f52bf07e32de951549410177f750747ba0110c6598daf4e38069b9bbb973043ea6d0,JE271806,,6/19/2021 10:54,30,TRAFFIC SIGNAL,FUNCTIONING PROPERLY,CLEAR,DAYLIGHT,REAR END,DIVIDED - W/MEDIAN BARRIER,,STRAIGHT AND LEVEL,DRY,NO DEFECTS,NOT ON SCENE (DESK REPORT),INJURY AND / OR TOW DUE TO CRASH,,,Y,"OVER $1,500",6/19/2021 12:15,FOLLOWING TOO CLOSELY,FOLLOWING TOO CLOSELY,11,W,63RD ST,312,,,,,,,2,"REPORTED, NOT EVIDENT",1,0,0,0,1,2,0,10,7,6,41.77994506,-87.62582682,POINT (-87.625826814702 41.77994506104)
062ba98c04701b5f9ed5f80d0af5c7354dd6cfeaa0309cb6c12325852530abc6c453126e48ccd6e8b0d7055c9a4272eadccd576f87be02be9ed0c7dfacc7042b,JD456405,,12/11/2020 17:19,30,TRAFFIC SIGNAL,FUNCTIONING PROPERLY,RAIN,"DARKNESS, LIGHTED ROAD",PEDESTRIAN,NOT DIVIDED,,STRAIGHT AND LEVEL,WET,NO DEFECTS,ON SCENE,INJURY AND / OR TOW DUE TO CRASH,,,Y,"OVER $1,500",12/11/2020 17:21,NOT APPLICABLE,NOT APPLICABLE,3353,W,MADISON ST,1124,,,,,,,2,INCAPACITATING INJURY,1,0,1,0,0,1,0,17,6,12,41.88080997,-87.71051522,POINT (-87.710515223673 41.880809972484)
05657bd876496e0ef974de06e4fe79312e749bb0e4847dc4fe2984e7b9761960e2e5c5785c9fb609c08ad5e1187fafa01613e84e70964d7b70b6c543766a8e43,JB512147,,11/11/2018 6:30,30,NO CONTROLS,NO CONTROLS,CLEAR,DAYLIGHT,TURNING,DIVIDED - W/MEDIAN (NOT RAISED),,STRAIGHT AND LEVEL,DRY,NO DEFECTS,NOT ON SCENE (DESK REPORT),NO INJURY / DRIVE AWAY,,,,"OVER $1,500",11/11/2018 15:45,IMPROPER TURNING/NO SIGNAL,NOT APPLICABLE,5266,W,55TH ST,814,,,,,,,2,NO INDICATION OF INJURY,0,0,0,0,0,2,0,6,1,11,41.79295946,-87.7549162,POINT (-87.75491620426 41.79295945892)
081f6bb0306045633d8fb142f2142dc4dba6cdb8035261604de2429a1105f8b5035b58c4f3cba407905eb1c7b6c80f81ec57de13ea18410a33a2f785df281fde,JA537607,,12/5/2017 13:00,25,UNKNOWN,UNKNOWN,CLEAR,DAYLIGHT,OTHER OBJECT,UNKNOWN,,STRAIGHT AND LEVEL,DRY,UNKNOWN,ON SCENE,NO INJURY / DRIVE AWAY,,,,"OVER $1,500",12/5/2017 13:03,UNABLE TO DETERMINE,UNABLE TO DETERMINE,12409,S,PARNELL AVE,523,,,,,,,2,NO INDICATION OF INJURY,0,0,0,0,0,1,0,13,3,12,41.66847268,-87.63543762,POINT (-87.635437616856 41.668472681998)