CRASH_RECORD_ID,RD_NO,CRASH_DATE_EST_I,CRASH_DATE,POSTED_SPEED_LIMIT,TRAFFIC_CONTROL_DEVICE,DEVICE_CONDITION,WEATHER_CONDITION,LIGHTING_CONDITION,FIRST_CRASH_TYPE,TRAFFICWAY_TYPE,LANE_CNT,ALIGNMENT,ROADWAY_SURFACE_COND,ROAD_DEFECT,REPORT_TYPE,CRASH_TYPE,INTERSECTION_RELATED_I,NOT_RIGHT_OF_WAY_I,HIT_AND_RUN_I,DAMAGE,DATE_POLICE_NOTIFIED,PRIM_CONTRIBUTORY_CAUSE,SEC_CONTRIBUTORY_CAUSE,STREET_NO,STREET_DIRECTION,STREET_NAME,BEAT_OF_OCCURRENCE,PHOTOS_TAKEN_I,STATEMENTS_TAKEN_I,DOORING_I,WORK_ZONE_I,WORK_ZONE_TYPE,WORKERS_PRESENT_I,NUM_UNITS,MOST_SEVERE_INJURY,INJURIES_TOTAL,INJURIES_FATAL,INJURIES_INCAPACITATING,INJURIES_NON_INCAPACITATING,INJURIES_REPORTED_NOT_EVIDENT,INJURIES_NO_INDICATION,INJURIES_UNKNOWN,CRASH_HOUR,CRASH_DAY_OF_WEEK,CRASH_MONTH,LATITUDE,LONGITUDE,LOCATION
0a3dccbfafa06525016fb990cd6cab5bfdf78ff90e43fadee479237f85a8add5d2e64299b02eb912691e617e5435579e9ac3eed6faa1df90c253cdadc3d1ccce,JF342070,,8/2/2022 17:00,35,NO CONTROLS,NO CONTROLS,UNKNOWN,UNKNOWN,FIXED OBJECT,NOT DIVIDED,,STRAIGHT AND LEVEL,UNKNOWN,UNKNOWN,,NO INJURY / DRIVE AWAY,,,Y,"OVER $1,500",8/2/2022 17:00,NOT APPLICABLE,NOT APPLICABLE,10900,S,AVENUE G,432,,,,,,,1,NO INDICATION OF INJURY,0,0,0,0,0,1,0,17,3,8,41.697181,-87.53180584,POINT (-87.531805841172 41.697180999931)
0204cd9f808691446e0dcc5345b6bc6fc17cc64229dd6e49b2ab4ef1e3672ec08c136af26c5a1a153c5ec39e09fd4a076d5a1dc29dcd3b709ac7ba8ebf65d6e8,JD467821,,12/23/2020 16:50,30,TRAFFIC SIGNAL,FUNCTIONING PROPERLY,RAIN,UNKNOWN,REAR END,NOT DIVIDED,,STRAIGHT AND LEVEL,WET,UNKNOWN,NOT ON SCENE (DESK REPORT),NO INJURY / DRIVE AWAY,,,,"$501 - $1,500",12/23/2020 18:33,FOLLOWING TOO CLOSELY,WEATHER,2504,S,CENTRAL PARK AVE,1013,,,,,,,3,NO INDICATION OF INJURY,0,0,0,0,0,4,0,16,4,12,41.84601187,-87.71498125,POINT (-87.714981249478 41.846011866433)
0ca976027e5dc9a8311e0c0d78bdf833131c7084abf8508fb072ddba9540f7e1fa546cf3d44a511e3f173a7dfbb0b43eb5bab8520a3a9880c0fe668c0e0a3884,JG210703,,4/4/2023 12:35,20,STOP SIGN/FLASHER,FUNCTIONING PROPERLY,CLEAR,DAYLIGHT,REAR TO FRONT,ONE-WAY,,STRAIGHT AND LEVEL,DRY,NO DEFECTS,ON SCENE,NO INJURY / DRIVE AWAY,,,Y,$500 OR LESS,4/4/2023 12:49,UNABLE TO DETERMINE,NOT APPLICABLE,11452,S,ADA ST,2234,,,,,,,2,NO INDICATION OF INJURY,0,0,0,0,0,3,0,12,3,4,41.68513332,-87.6556783,POINT (-87.655678300553 41.685133324297)
082a24c30104b98d161f60e1ebce6cd44382aa95c9703eca100c9d2aaad2715efe7a64d3c4c3528fc36fcf671c113c91c9e4eb629b2110d8981df0a2739ce8ad,,,7/24/2023 13:30,20,UNKNOWN,UNKNOWN,CLEAR,DAYLIGHT,PARKED MOTOR VEHICLE,PARKING LOT,,STRAIGHT AND LEVEL,DRY,UNKNOWN,NOT ON SCENE (DESK REPORT),NO INJURY / DRIVE AWAY,,Y,,"OVER $1,500",7/24/2023 18:30,FOLLOWING TOO CLOSELY,FOLLOWING TOO CLOSELY,1810,S,BLUE ISLAND AVE,1233,,,,,,,2,NO INDICATION OF INJURY,0,0,0,0,0,2,0,13,2,7,41.85745275,-87.66168833,POINT (-87.661688331064 41.857452746396)
0c0756d8230dae6d1c8bf763176c18835c3683e11fa5ec1b0aaff904f34b0282b26e9e27367b9cb87cc4fdb9886a056461f17e0c3cd35657c2811ec180e9ff3a,JE474607,,12/12/2021 4:00,15,NO CONTROLS,NO CONTROLS,CLEAR,"DARKNESS, LIGHTED ROAD",OTHER OBJECT,ALLEY,,STRAIGHT AND LEVEL,DRY,NO DEFECTS,NOT ON SCENE (DESK REPORT),INJURY AND / OR TOW DUE TO CRASH,,,,"OVER $1,500",12/12/2021 4:00,UNABLE TO DETERMINE,UNABLE TO DETERMINE,3711,W,FULLERTON AVE,2525,,,,,,,1,NONINCAPACITATING INJURY,2,0,0,2,0,0,0,4,1,12,41.92445797,-87.7198898,POINT (-87.719889796601 41.924457966238)
0055148bef71607d2f44da0135127aedeebdcd240a1477c41735d15f76955327f581f307ce52d3d0fcd19f827a6a8bc81c10266b2e0a187cedb94d0be94bab08,JC253148,,5/7/2019 10:00,35,TRAFFIC SIGNAL,FUNCTIONING PROPERLY,RAIN,DAYLIGHT,SIDESWIPE SAME DIRECTION,FOUR WAY,,STRAIGHT AND LEVEL,WET,NO DEFECTS,ON SCENE,NO INJURY / DRIVE AWAY,Y,,,"OVER $1,500",5/7/2019 10:02,FOLLOWING TOO CLOSELY,NOT APPLICABLE,13000,S,TORRENCE AVE,434,,,,,,,2,NO INDICATION OF INJURY,0,0,0,0,0,2,0,10,3,5,41.65912619,-87.55943274,POINT (-87.559432741943 41.659126189932)
0243d8a19b8cc1a678074642cfe8cdead5adf4c29587acbe40a7cd690eaecefd5ac84899103f74735f4751ff0c3f0ce3097a77d51e983b31c5e651da3a82c539,HZ164457,,2/24/2016 17:00,20,NO CONTROLS,NO CONTROLS,SNOW,DAYLIGHT,PARKED MOTOR VEHICLE,ONE-WAY,1,STRAIGHT AND LEVEL,SNOW OR SLUSH,NO DEFECTS,NOT ON SCENE (DESK REPORT),NO INJURY / DRIVE AWAY,,,Y,"$501 - $1,500",2/25/2016 11:12,UNABLE TO DETERMINE,NOT APPLICABLE,11318,S,FORRESTVILLE AVE,531,,,,,,,2,NO INDICATION OF INJURY,0,0,0,0,0,1,0,17,4,2,41.68857478,-87.60968193,POINT (-87.60968193166 41.688574782888)
06ecb515d2dac31a92d8d24abd778864124ef6927ed30c989e05f65880526cb4c370007e684bfbb8477e23e8f26405cd793ecc8242cb6c7793a428489baeeaca,JB372533,,7/31/2018 7:45,25,TRAFFIC SIGNAL,FUNCTIONING PROPERLY,CLEAR,DAYLIGHT,TURNING,DIVIDED - W/MEDIAN (NOT RAISED),4,STRAIGHT AND LEVEL,DRY,NO DEFECTS,ON SCENE,INJURY AND / OR TOW DUE TO CRASH,Y,,,"OVER $1,500",7/31/2018 7:50,FAILING TO YIELD RIGHT-OF-WAY,IMPROPER LANE USAGE,1221,S,CANAL ST,124,,,,,,,2,NONINCAPACITATING INJURY,1,0,0,1,0,1,0,7,3,7,41.86664961,-87.63908158,POINT (-87.639081579506 41.866649605944)
083b716aa23b6959e3ad4d1e4d975b5c3750166231b0fac08e455803d234e0314c58fbd43692ff576ce9d960d0f828e4d3d071f8fdb7f44df1cdd455c95bd41c,HZ561402,,12/22/2016 14:35,30,NO CONTROLS,NO CONTROLS,CLEAR,DAYLIGHT,REAR END,NOT DIVIDED,2,STRAIGHT AND LEVEL,DRY,NO DEFECTS,NOT ON SCENE (DESK REPORT),NO INJURY / DRIVE AWAY,,,,"OVER $1,500",12/22/2016 15:00,DRIVING SKILLS/KNOWLEDGE/EXPERIENCE,FAILING TO REDUCE SPEED TO AVOID CRASH,2135,N,MILWAUKEE AVE,1431,,,,,,,2,NO INDICATION OF INJURY,0,0,0,0,0,2,0,14,5,12,41.92005453,-87.69246183,POINT (-87.692461829853 41.920054533106)
038950467771e102bc473e2c6a907e40552daac9755840047ad6869685a07751c499e49295af9ff4ee9134aa102830ce8502cc74300c87022895ff575a0ce766,JC510500,,11/14/2019 13:15,30,UNKNOWN,UNKNOWN,CLEAR,DAYLIGHT,REAR END,NOT DIVIDED,,STRAIGHT AND LEVEL,DRY,UNKNOWN,NOT ON SCENE (DESK REPORT),NO INJURY / DRIVE AWAY,,,,"$501 - $1,500",11/14/2019 17:05,FOLLOWING TOO CLOSELY,FOLLOWING TOO CLOSELY,4350,N,KIMBALL AVE,1723,,,,,,,2,NO INDICATION OF INJURY,0,0,0,0,0,2,0,13,5,11,41.96084962,-87.71327775,POINT (-87.713277751281 41.960849617681)
0cc7b479f707d6cd42616e2616138d2e9201718d9b631c7caebb9b1394f6a48393df6222e2f6fd04a4397fe53b71f5ddcd91b5957bfae50df64370bf07991c48,JC423484,,9/7/2019 11:00,35,TRAFFIC SIGNAL,FUNCTIONING PROPERLY,CLEAR,DAYLIGHT,REAR END,NOT DIVIDED,,STRAIGHT AND LEVEL,DRY,NO DEFECTS,ON SCENE,NO INJURY / DRIVE AWAY,,,,"$501 - $1,500",9/7/2019 11:05,FOLLOWING TOO CLOSELY,NOT APPLICABLE,3201,W,WILSON AVE,1724,,,,,,,2,NO INDICATION OF INJURY,0,0,0,0,0,2,0,11,7,9,41.96458802,-87.70841339,POINT (-87.708413392304 41.964588015089)
0654c7c1dfeebb82b807ece73c0bd4e01fe96810859d620500f23019d7be3ac14ec050ac3eb9fee55e17bfe68bc5ecb6c01fedce9fd19f406d3ac64eb59dc10e,JA454201,,10/1/2017 12:05,30,STOP SIGN/FLASHER,FUNCTIONING PROPERLY,CLEAR,DAYLIGHT,REAR END,NOT DIVIDED,2,STRAIGHT AND LEVEL,DRY,NO DEFECTS,NOT ON SCENE (DESK REPORT),NO INJURY / DRIVE AWAY,,,Y,$500 OR LESS,10/1/2017 16:00,IMPROPER BACKING,NOT APPLICABLE,440,W,66TH ST,722,,,,,,,2,NO INDICATION OF INJURY,0,0,0,0,0,3,0,12,1,10,41.77450651,-87.63659775,POINT (-87.63659775111 41.774506510293)
0351808b1ba2dbc621f7561d45656d722c89fd77c8f1d2c7b3fa2b3011fb4bc598b373095fce515b3fed7a633de503c7127f7cde87046473cca683a1c9b584c9,JE123745,,1/25/2021 12:55,35,TRAFFIC SIGNAL,FUNCTIONING PROPERLY,CLEAR,DAYLIGHT,REAR END,NOT DIVIDED,,STRAIGHT AND LEVEL,DRY,NO DEFECTS,NOT ON SCENE (DESK REPORT),NO INJURY / DRIVE AWAY,,,,"OVER $1,500",1/26/2021 13:45,DISTRACTION - FROM INSIDE VEHICLE,NOT APPLICABLE,8620,S,PULASKI RD,834,,,,,,,2,NO INDICATION OF INJURY,0,0,0,0,0,6,0,12,2,1,41.73605547,-87.72162202,POINT (-87.72162201639 41.736055467217)
000013b0123279411e0ec856dae95ab9f0851764350b7feaeb982c7707c6722066910e9391e60f45cec4b7a7a6643eeedb5de39e7245b03447a44c793680dc4b,JD433095,,11/16/2020 13:50,35,NO CONTROLS,NO CONTROLS,CLEAR,DAYLIGHT,PARKED MOTOR VEHICLE,PARKING LOT,,STRAIGHT AND LEVEL,DRY,UNKNOWN,NOT ON SCENE (DESK REPORT),NO INJURY / DRIVE AWAY,,,,"$501 - $1,500",11/16/2020 15:53,IMPROPER OVERTAKING/PASSING,IMPROPER OVERTAKING/PASSING,2600,S,CALIFORNIA AVE,1033,,,,,,,2,NO INDICATION OF INJURY,0,0,0,0,0,1,0,13,2,11,41.8445843,-87.69535984,POINT (-87.695359843215 41.844584300311)
05a4030e28ef5b0edca591d070d5af95f6a549bbee2b0e9d3ebc1d5d073e5909ae789e0ca3fbc8f6ae090ae742434f8c00f47a102235a3c2a2ccbd48f686ce71,JF199832,,4/6/2022 22:10,15,TRAFFIC SIGNAL,NO CONTROLS,CLEAR,"DARKNESS, LIGHTED ROAD",SIDESWIPE SAME DIRECTION,ONE-WAY,,STRAIGHT AND LEVEL,DRY,NO DEFECTS,NOT ON SCENE (DESK REPORT),NO INJURY / DRIVE AWAY,,,,"$501 - $1,500",4/6/2022 23:10,NOT APPLICABLE,NOT APPLICABLE,3148,W,WASHINGTON BLVD,1222,,,,,,,2,NO INDICATION OF INJURY,0,0,0,0,0,2,0,22,4,4,41.8829095,-87.70566819,POINT (-87.705668192819 41.882909501356)
08a14e0bad5a4a4d889493399d325cfb3e152ec68ad2f7fb90de3e84581987adbc3cf7ea02ac2aa0c64cb212933e3fe5dc3d6230079f5706d55ff82ee6d80bc4,JB314051,,6/20/2018 12:30,30,UNKNOWN,UNKNOWN,UNKNOWN,DAYLIGHT,PARKED MOTOR VEHICLE,NOT DIVIDED,4,STRAIGHT AND LEVEL,DRY,NO DEFECTS,ON SCENE,NO INJURY / DRIVE AWAY,,,Y,"$501 - $1,500",6/20/2018 18:18,UNABLE TO DETERMINE,UNABLE TO DETERMINE,2643,W,FULLERTON AVE,1431,,,,,,,2,NO INDICATION OF INJURY,0,0,0,0,0,1,0,12,4,6,41.924729,-87.69415386,POINT (-87.694153857809 41.924728997827)
09711924560f8fe9a33d67c6994a4cd5fb933a3d166979d7ecdc0ac32e673f6860bc0355c05c162fe2519ac462c2d4dac6807ccc3dcdb1bf9c26e00aa0a58461,JC193105,,3/20/2019 16:30,30,NO CONTROLS,NO CONTROLS,CLEAR,DAYLIGHT,SIDESWIPE SAME DIRECTION,NOT DIVIDED,2,STRAIGHT AND LEVEL,DRY,NO DEFECTS,NOT ON SCENE (DESK REPORT),NO INJURY / DRIVE AWAY,,,,"$501 - $1,500",3/20/2019 16:58,FOLLOWING TOO CLOSELY,UNABLE TO DETERMINE,2300,S,WESTERN AVE,1034,,,,,,,2,NO INDICATION OF INJURY,0,0,0,0,0,2,0,16,4,3,41.85016605,-87.68573339,POINT (-87.685733391395 41.850166052914)
04124976259b99b93cd3fc2380a49da112b60e5ae77995137dc774f80e61c4e69577ed306e447fbdd2307f171d8e486d5c926490f5fd9227ef27938f435541fd,JE210661,,4/26/2021 12:30,25,NO CONTROLS,NO CONTROLS,CLEAR,DAYLIGHT,PARKED MOTOR VEHICLE,ONE-WAY,,STRAIGHT AND LEVEL,DRY,NO DEFECTS,NOT ON SCENE (DESK REPORT),NO INJURY / DRIVE AWAY,,,,"$501 - $1,500",4/26/2021 15:00,UNABLE TO DETERMINE,UNABLE TO DETERMINE,2417,W,GREENLEAF AVE,2411,,,,,,,2,NO INDICATION OF INJURY,0,0,0,0,0,1,0,12,2,4,42.00939548,-87.69060255,POINT (-87.690602550414 42.009395479011)
0afa226fd543023a3a400e2915fb00559380129976a75b4c9947c43efaf212f52e817ad7cc53d9f185aad00ba15322ff29f9693b66f6a01aa5df50cc7a522c5d,JB258922,,5/11/2018 2:45,30,NO CONTROLS,NO CONTROLS,CLEAR,"DARKNESS, LIGHTED ROAD",SIDESWIPE SAME DIRECTION,NOT DIVIDED,,STRAIGHT AND LEVEL,DRY,NO DEFECTS,ON SCENE,NO INJURY / DRIVE AWAY,,,,"OVER $1,500",5/11/2018 2:56,IMPROPER OVERTAKING/PASSING,NOT APPLICABLE,715,N,FRANKLIN ST,1831,,,,,,,2,NO INDICATION OF INJURY,0,0,0,0,0,3,0,2,6,5,41.89531792,-87.63553159,POINT (-87.635531592037 41.895317917165)
0162c8ae7bb8f2eadbfaa550e6415100643b8e8ff58f57a9cf0a0c970c05db520b74a0059d45a685871ecc404c7e0287b31df68600c177b30ab64f483913baf0,JF194556,,4/2/2022 9:00,25,NO CONTROLS,NO CONTROLS,CLEAR,DAYLIGHT,REAR TO SIDE,NOT DIVIDED,,STRAIGHT AND LEVEL,DRY,NO DEFECTS,NOT ON SCENE (DESK REPORT),NO INJURY / DRIVE AWAY,,,,"$501 - $1,500",4/2/2022 9:30,FAILING TO YIELD RIGHT-OF-WAY,NOT APPLICABLE,5595,W,BARRY AVE,2514,,,,,,,2,NO INDICATION OF INJURY,0,0,0,0,0,3,0,9,7,4,41.93664349,-87.76637119,POINT (-87.76637118474 41.936643490772)
097e5b7d1ac44d62be71a65bb529c72ebfbd1efc467605f159e90b32f4fea6ce38c683ee87f5078d0ffac17e04628b9b1ce12c01685f468493f2b936a05c9bb1,JF521800,,12/24/2022 17:40,30,STOP SIGN/FLASHER,FUNCTIONING PROPERLY,SNOW,DUSK,ANGLE,FOUR WAY,,STRAIGHT AND LEVEL,SNOW OR SLUSH,NO DEFECTS,ON SCENE,INJURY AND / OR TOW DUE TO CRASH,Y,,,"OVER $1,500",12/24/2022 17:45,FAILING TO YIELD RIGHT-OF-WAY,DISREGARDING STOP SIGN,8012,S,STONY ISLAND AVE,411,,,,,,,2,NO INDICATION OF INJURY,0,0,0,0,0,3,0,17,7,12,41.74922197,-87.58600626,POINT (-87.586006260629 41.749221964665)
0c7a3e907e91ba401a834775678bc6659685ef5c2b768b785c4fc9dd91918577ee2575b85c14f3b31e215fa0a371df7c97b4cf5e39c55377b58613220f21db85,JE349804,,8/25/2021 9:00,30,TRAFFIC SIGNAL,FUNCTIONING PROPERLY,CLEAR,DAYLIGHT,REAR END,DIVIDED - W/MEDIAN BARRIER,,STRAIGHT AND LEVEL,DRY,NO DEFECTS,NOT ON SCENE (DESK REPORT),NO INJURY / DRIVE AWAY,,,,"OVER $1,500",8/25/2021 17:00,UNABLE TO DETERMINE,UNABLE TO DETERMINE,400,E,MC FETRIDGE DR,132,,,,,,,2,NO INDICATION OF INJURY,0,0,0,0,0,2,0,9,4,8,41.86510625,-87.61819714,POINT (-87.618197138307 41.865106252263)
0a7d9c044d8de3fffab575048a35d90ab6061600bdf3f6059b1d74fc098f47177090795bb3aed77cb8e9e40a3aae900e2896ec9fbc0056202bb5a42e2b7a9fe2,JE246238,,5/28/2021 18:18,30,TRAFFIC SIGNAL,FUNCTIONING PROPERLY,RAIN,"DARKNESS, LIGHTED ROAD",REAR END,CENTER TURN LANE,,STRAIGHT AND LEVEL,WET,UNKNOWN,NOT ON SCENE (DESK REPORT),NO INJURY / DRIVE AWAY,,,,"OVER $1,500",5/28/2021 20:00,FOLLOWING TOO CLOSELY,WEATHER,7602,S,HALSTED ST,621,,,,,,,2,NO INDICATION OF INJURY,0,0,0,0,0,2,0,18,6,5,41.75593944,-87.64432698,POINT (-87.644326982862 41.755939434992)
077e3aa4e2b0e0d1b550a6714c65c876694036ebadb5634db49ec3b2ed3c35a3ee0c3db54339dfc76adb0b1a24236667a54342795b9152c4f17cc4566a6bf3e4,JB348434,,7/13/2018 15:30,30,LANE USE MARKING,FUNCTIONING PROPERLY,CLEAR,DAYLIGHT,TURNING,DIVIDED - W/MEDIAN (NOT RAISED),2,STRAIGHT AND LEVEL,DRY,NO DEFECTS,NOT ON SCENE (DESK REPORT),NO INJURY / DRIVE AWAY,N,,Y,"OVER $1,500",7/13/2018 16:50,IMPROPER OVERTAKING/PASSING,UNABLE TO DETERMINE,730,W,COUCH PL,1224,,,,,,,2,NO INDICATION OF INJURY,0,0,0,0,0,2,0,15,6,7,41.885213,-87.6469963,POINT (-87.646996297653 41.885213004275)
0ba54a91d2b9c2c758d03e2c2efdc01ae43f26b75ad071489a3604ced545f4f604a6036a068cc32d2ac74f0e6be63c0e77e42077a454e5bdebb4e92e027c9429,JC524114,,11/25/2019 14:30,30,NO CONTROLS,NO CONTROLS,CLEAR,DAYLIGHT,PARKED MOTOR VEHICLE,NOT DIVIDED,,STRAIGHT AND LEVEL,DRY,NO DEFECTS,NOT ON SCENE (DESK REPORT),NO INJURY / DRIVE AWAY,,,Y,"$501 - $1,500",11/25/2019 15:40,UNABLE TO DETERMINE,UNABLE TO DETERMINE,1945,E,75TH ST,414,,,,,,,2,NO INDICATION OF INJURY,0,0,0,0,0,1,0,14,2,11,41.75875921,-87.57678983,POINT (-87.576789832585 41.758759213397)
0bedccb6ff0f085c3dcb98012cf22cf8d8eeb241b5e0e7c89a9be63e8177740ccdfe2d8f4242cff3f40cb911792913b6533b7eac821ee02c4ab0404d2ba1a0b8,JC288052,,6/1/2019 16:44,35,NO CONTROLS,NO CONTROLS,RAIN,DAYLIGHT,ANGLE,FOUR WAY,,STRAIGHT AND LEVEL,WET,OTHER,ON SCENE,INJURY AND / OR TOW DUE TO CRASH,Y,,Y,"OVER $1,500",6/1/2019 16:44,FAILING TO YIELD RIGHT-OF-WAY,WEATHER,2300,S,WESTERN AVE,1034,,,,Y,CONSTRUCTION,,2,NO INDICATION OF INJURY,0,0,0,0,0,2,0,16,7,6,41.85016605,-87.68573339,POINT (-87.685733391395 41.850166052914)
0bc98764a420cb6d55d40650b816aab869f4cfb2a3e5e18939cbbaf2351e9da3bda4c6339cfb0755339518bd19a4f565d856d6829d17f4a766be6f8c8184226d,JA413964,,8/31/2017 21:35,30,STOP SIGN/FLASHER,FUNCTIONING PROPERLY,CLEAR,"DARKNESS, LIGHTED ROAD",ANGLE,DIVIDED - W/MEDIAN (NOT RAISED),2,STRAIGHT AND LEVEL,DRY,NO DEFECTS,ON SCENE,NO INJURY / DRIVE AWAY,,,,"OVER $1,500",8/31/2017 21:39,DISREGARDING STOP SIGN,FAILING TO REDUCE SPEED TO AVOID CRASH,5700,W,63RD ST,812,,,,,,,2,NO INDICATION OF INJURY,0,0,0,0,0,4,0,21,5,8,41.77811393,-87.76423343,POINT (-87.764233426877 41.778113933338)
06fd095c9ec5a3e8bb454a2ad5af4771758a69209967dc67fe6ed63f13bfcfc6760383f51ed3feeb67ffaa0e65cda374219ece0e24e8edea01b16a0c10294559,JF286520,,6/20/2022 0:31,35,NO CONTROLS,NO CONTROLS,CLEAR,"DARKNESS, LIGHTED ROAD",PARKED MOTOR VEHICLE,NOT DIVIDED,,STRAIGHT AND LEVEL,DRY,NO DEFECTS,ON SCENE,INJURY AND / OR TOW DUE TO CRASH,,,,"OVER $1,500",6/20/2022 0:31,IMPROPER OVERTAKING/PASSING,IMPROPER OVERTAKING/PASSING,3846,N,HARLEM AVE,1631,,,,,,,4,NO INDICATION OF INJURY,0,0,0,0,0,2,0,0,2,6,41.95029137,-87.80732764,POINT (-87.807327635172 41.950291369534)
03623423cde4d78769df72a8ce909b1b8cef3a7a24e1225cb590ec7d4a81ef0fe6e18801599f8b867ff33b878c0d8df29963aa222d1b4437ffec81b0a289bf19,JE354471,,8/29/2021 10:50,30,NO CONTROLS,NO CONTROLS,CLEAR,DAYLIGHT,SIDESWIPE SAME DIRECTION,ONE-WAY,,STRAIGHT AND LEVEL,DRY,NO DEFECTS,NOT ON SCENE (DESK REPORT),NO INJURY / DRIVE AWAY,,,Y,"$501 - $1,500",8/29/2021 17:57,IMPROPER LANE USAGE,UNABLE TO DETERMINE,8640,S,LAFAYETTE AVE,622,,,,,,,2,NO INDICATION OF INJURY,0,0,0,0,0,2,0,10,1,8,41.73687017,-87.62560729,POINT (-87.62560729062 41.736870166364)
0c3baa06a091d461a85eeb2ef69c0ef3585ef23b22d912c9f75075b0d6ca407415e4a39d78d391ef4af8fab25de7d96cb5746131c327d39ce0d8cbcf298500e2,JA124039,,1/21/2017 8:20,15,NO CONTROLS,NO CONTROLS,CLEAR,DAYLIGHT,PARKED MOTOR VEHICLE,ALLEY,1,STRAIGHT AND LEVEL,DRY,NO DEFECTS,NOT ON SCENE (DESK REPORT),NO INJURY / DRIVE AWAY,,,Y,$500 OR LESS,1/21/2017 8:49,IMPROPER OVERTAKING/PASSING,UNABLE TO DETERMINE,540,W,ROSCOE ST,1925,,,,,,,2,NO INDICATION OF INJURY,0,0,0,0,0,1,0,8,7,1,41.94344568,-87.64358675,POINT (-87.64358675018 41.943445678105)
06b05eed033fa1ee57f8189ac686b7d4b9e7a9673e5f07866903a10eb71b62234d90390c30111a9c0b1a4881b5c6716d0b66b225b324ddef2285044c4b19e8e4,JA516706,,11/18/2017 12:15,30,TRAFFIC SIGNAL,FUNCTIONING PROPERLY,RAIN,DAYLIGHT,REAR END,NOT DIVIDED,4,STRAIGHT AND LEVEL,WET,NO DEFECTS,NOT ON SCENE (DESK REPORT),NO INJURY / DRIVE AWAY,Y,,,"$501 - $1,500",11/18/2017 13:05,WEATHER,EXCEEDING SAFE SPEED FOR CONDITIONS,9458,S,VINCENNES AVE,2222,,,,,,,2,NO INDICATION OF INJURY,0,0,0,0,0,2,0,12,7,11,41.72154405,-87.65072613,POINT (-87.650726132296 41.721544048195)
06b939ed9a10b8caa2b52c9f377334bbe548cbb210032451ba86958ecb0813a930721650b9cd5404e9c4361249d5344ce17ab74abb7978c97e6c2f004327965b,JG195384,,3/22/2023 19:12,10,NO CONTROLS,NO CONTROLS,RAIN,"DARKNESS, LIGHTED ROAD",PARKED MOTOR VEHICLE,PARKING LOT,,STRAIGHT AND LEVEL,WET,UNKNOWN,NOT ON SCENE (DESK REPORT),NO INJURY / DRIVE AWAY,,,Y,"OVER $1,500",3/22/2023 20:10,IMPROPER BACKING,UNABLE TO DETERMINE,3517,N,SPAULDING AVE,1733,,,,,,,2,NO INDICATION OF INJURY,0,0,0,0,0,2,0,19,4,3,41.94534721,-87.7096562,POINT (-87.709656198289 41.945347213718)
025f956b726d1a52e300cf376f6c85f97275db7fba6010e07731362a57bf2bdb9acd57886222c05cb2f0b2cfb34f72020822f0557b5530f3e7d9f720c1e431da,JC325746,,6/28/2019 13:15,5,NO CONTROLS,NO CONTROLS,CLEAR,DAYLIGHT,FIXED OBJECT,OTHER,,STRAIGHT AND LEVEL,DRY,NO DEFECTS,ON SCENE,NO INJURY / DRIVE AWAY,,Y,,"OVER $1,500",6/28/2019 13:30,"VISION OBSCURED (SIGNS, TREE LIMBS, BUILDINGS, ETC.)",UNABLE TO DETERMINE,4253,W,47TH ST,815,,,,,,,1,NO INDICATION OF INJURY,0,0,0,0,0,1,0,13,6,6,41.80767249,-87.7306099,POINT (-87.730609902683 41.807672493185)
0b4137a995233696456adb61e9df6d6ca206c5f96c7de575a86aa4663e724a8bc4551cef3664f566d83023a924d86e0344ab74fb31d9b2672aaed7ecceb22fe4,JC114754,,1/12/2019 10:30,30,STOP SIGN/FLASHER,FUNCTIONING PROPERLY,SNOW,DAYLIGHT,ANGLE,NOT DIVIDED,,STRAIGHT AND LEVEL,SNOW OR SLUSH,NO DEFECTS,NOT ON SCENE (DESK REPORT),NO INJURY / DRIVE AWAY,,,Y,"OVER $1,500",1/12/2019 20:10,DISREGARDING STOP SIGN,DISREGARDING STOP SIGN,2300,S,CALIFORNIA AVE,1033,,,,,,,2,NO INDICATION OF INJURY,0,0,0,0,0,2,0,10,7,1,41.85003172,-87.69554347,POINT (-87.695543472666 41.850031719008)
0ae24c1b7825033ba5c2fe0b5c69006e761e23b81754f4ef7e4d0dd893e37eda9bda481dabd253b2d5d571c4d1584c97658b4648a82ccb0c88ad9995902f18b0,JG126205,,1/23/2023 8:40,35,TRAFFIC SIGNAL,FUNCTIONING PROPERLY,CLOUDY/OVERCAST,DAYLIGHT,TURNING,FOUR WAY,,STRAIGHT AND LEVEL,UNKNOWN,UNKNOWN,ON SCENE,INJURY AND / OR TOW DUE TO CRASH,Y,,,"OVER $1,500",1/23/2023 8:40,UNABLE TO DETERMINE,UNABLE TO DETERMINE,11100,S,WESTERN AVE,2212,,,,,,,2,"REPORTED, NOT EVIDENT",1,0,0,0,1,4,0,8,2,1,41.69172739,-87.68130013,POINT (-87.681300128278 41.691727387818)
08c1651f703aff7e87c8c7153ed480c80816df34398059d5c0230e57a12ea4221788cd3d3b6184c865598b639e24a5bbac3c9f8d4018d072f0af4125116740ab,JE451851,,11/20/2021 19:50,30,STOP SIGN/FLASHER,FUNCTIONING PROPERLY,CLEAR,"DARKNESS, LIGHTED ROAD",TURNING,FOUR WAY,,STRAIGHT AND LEVEL,DRY,NO DEFECTS,ON SCENE,NO INJURY / DRIVE AWAY,Y,,,"OVER $1,500",11/20/2021 19:52,UNABLE TO DETERMINE,UNABLE TO DETERMINE,5526,N,CLARK ST,2012,,,,,,,2,NO INDICATION OF INJURY,0,0,0,0,0,3,0,19,7,11,41.98249322,-87.66870183,POINT (-87.668701832046 41.982493220431)