CRASH_RECORD_ID,RD_NO,CRASH_DATE_EST_I,CRASH_DATE,POSTED_SPEED_LIMIT,TRAFFIC_CONTROL_DEVICE,DEVICE_CONDITION,WEATHER_CONDITION,LIGHTING_CONDITION,FIRST_CRASH_TYPE,TRAFFICWAY_TYPE,LANE_CNT,ALIGNMENT,ROADWAY_SURFACE_COND,ROAD_DEFECT,REPORT_TYPE,CRASH_TYPE,INTERSECTION_RELATED_I,NOT_RIGHT_OF_WAY_I,HIT_AND_RUN_I,DAMAGE,DATE_POLICE_NOTIFIED,PRIM_CONTRIBUTORY_CAUSE,SEC_CONTRIBUTORY_CAUSE,STREET_NO,STREET_DIRECTION,STREET_NAME,BEAT_OF_OCCURRENCE,PHOTOS_TAKEN_I,STATEMENTS_TAKEN_I,DOORING_I,WORK_ZONE_I,WORK_ZONE_TYPE,WORKERS_PRESENT_I,NUM_UNITS,MOST_SEVERE_INJURY,INJURIES_TOTAL,INJURIES_FATAL,INJURIES_INCAPACITATING,INJURIES_NON_INCAPACITATING,INJURIES_REPORTED_NOT_EVIDENT,INJURIES_NO_INDICATION,INJURIES_UNKNOWN,CRASH_HOUR,CRASH_DAY_OF_WEEK,CRASH_MONTH,LATITUDE,LONGITUDE,LOCATION
06a2667468b23ef83d2d33983e3794dd8cd706df8776955482125c4397ed08e0ea0793696060e1dfbedfa53d7a74b8a769308019236634c5b2d65ff30d638e46,JC522072,,11/23/2019 19:45,30,NO CONTROLS,NO CONTROLS,CLEAR,DAYLIGHT,REAR END,ONE-WAY,,STRAIGHT AND LEVEL,DRY,NO DEFECTS,NOT ON SCENE (DESK REPORT),NO INJURY / DRIVE AWAY,,,,"OVER $1,500",11/23/2019 20:40,FOLLOWING TOO CLOSELY,UNABLE TO DETERMINE,7445,S,STATE ST,323,,,,,,,2,NO INDICATION OF INJURY,0,0,0,0,0,4,0,19,7,11,41.75872001,-87.62462454,POINT (-87.624624543653 41.758720013411)
0ba5336ecdba5d4fe40541dcfb5567faa16615cdf7e9ca22b61c55bcc2fcd965eacc59a9dc47b27459fe385d5de67e88db898adb312e6cc693f7eae6b0820dae,JB267371,,5/17/2018 13:15,35,TRAFFIC SIGNAL,UNKNOWN,CLEAR,DAYLIGHT,SIDESWIPE SAME DIRECTION,NOT DIVIDED,,STRAIGHT AND LEVEL,UNKNOWN,UNKNOWN,NOT ON SCENE (DESK REPORT),NO INJURY / DRIVE AWAY,,,,"$501 - $1,500",5/17/2018 14:15,UNABLE TO DETERMINE,UNABLE TO DETERMINE,8700,S,VINCENNES AVE,2222,,,,,,,2,NO INDICATION OF INJURY,0,0,0,0,0,3,0,13,5,5,41.73600657,-87.64534182,POINT (-87.64534181898 41.736006564585)
026b22f335122f75220e2d53143cadc379701c76bdff25f99b3ae492cab1e43dafe7a62e4e84a748e1005892625d3b949785dd328e88a6795f9dfcdc916b8eec,JB370367,,7/29/2018 14:12,30,TRAFFIC SIGNAL,FUNCTIONING PROPERLY,CLEAR,DAYLIGHT,REAR END,DIVIDED - W/MEDIAN BARRIER,4,STRAIGHT AND LEVEL,DRY,NO DEFECTS,NOT ON SCENE (DESK REPORT),NO INJURY / DRIVE AWAY,,,,"OVER $1,500",7/29/2018 15:30,UNABLE TO DETERMINE,NOT APPLICABLE,600,N,MICHIGAN AVE,1834,,,,,,,2,NO INDICATION OF INJURY,0,0,0,0,0,2,0,14,1,7,41.89259323,-87.62433405,POINT (-87.624334047949 41.892593225538)
0a3963f575213084bfc39cb5d766e2d9bcffa9e07380165ae314857dd1faf81de7942d49e50330e2eb032a9e6d5cc33cc896846aff5a0ac05692a8187aa31e11,JF388993,,9/9/2022 7:30,30,TRAFFIC SIGNAL,FUNCTIONING PROPERLY,CLEAR,DAYLIGHT,SIDESWIPE SAME DIRECTION,NOT DIVIDED,,STRAIGHT AND LEVEL,DRY,NO DEFECTS,NOT ON SCENE (DESK REPORT),NO INJURY / DRIVE AWAY,Y,,,"$501 - $1,500",9/9/2022 8:00,IMPROPER LANE USAGE,NOT APPLICABLE,6201,W,ADDISON ST,1633,,,,,,,2,NO INDICATION OF INJURY,0,0,0,0,0,2,0,7,6,9,41.94561028,-87.78149312,POINT (-87.781493119571 41.945610277678)
02731fdc1b7aa986c5ae6d5249477406eed70ac280bf755201a51118509e1d1227419be6b576ce5ae6bb316a14081387a99572a3696ac414585b4ca686643999,JA231998,,4/20/2017 10:25,30,NO CONTROLS,NO CONTROLS,CLEAR,DAYLIGHT,PARKED MOTOR VEHICLE,UNKNOWN,,STRAIGHT AND LEVEL,DRY,NO DEFECTS,NOT ON SCENE (DESK REPORT),NO INJURY / DRIVE AWAY,,,,"OVER $1,500",4/20/2017 10:55,IMPROPER BACKING,IMPROPER BACKING,432,E,71ST ST,322,,,,,,,2,NO INDICATION OF INJURY,0,0,0,0,0,1,0,10,5,4,41.76584281,-87.61399881,POINT (-87.613998811078 41.765842813624)
09425da361507bf23c559c4dbb268193a12dfdafa5c74e8690d21c5d2e55cec4e473caf8d59b85b5c6c43d31248bec7d29eff2e873898de0dc7235d42704b024,JD188033,,3/16/2020 19:00,30,TRAFFIC SIGNAL,FUNCTIONING PROPERLY,CLEAR,"DARKNESS, LIGHTED ROAD",REAR END,DIVIDED - W/MEDIAN (NOT RAISED),,STRAIGHT AND LEVEL,DRY,NO DEFECTS,NOT ON SCENE (DESK REPORT),NO INJURY / DRIVE AWAY,,,Y,"$501 - $1,500",3/16/2020 21:30,UNABLE TO DETERMINE,NOT APPLICABLE,3001,N,PULASKI RD,2523,,,,,,,2,NO INDICATION OF INJURY,0,0,0,0,0,2,0,19,2,3,41.93547936,-87.72693406,POINT (-87.72693405518 41.935479359458)
048ff3b0a4cf6a64e6a5704074262ea3e0add74aac30789cc5307f59a98ad2ce8b5e6513d56dc5f57bd3709722e0adf6bd0becee4b1649eb98a6eede3722af18,HZ492619,,10/28/2016 12:48,30,OTHER,OTHER,CLEAR,DAYLIGHT,SIDESWIPE SAME DIRECTION,DIVIDED - W/MEDIAN (NOT RAISED),3,STRAIGHT ON GRADE,DRY,NO DEFECTS,NOT ON SCENE (DESK REPORT),NO INJURY / DRIVE AWAY,,,,"$501 - $1,500",10/28/2016 13:45,ROAD CONSTRUCTION/MAINTENANCE,NOT APPLICABLE,5253,S,PULASKI RD,822,,,,,,,2,NO INDICATION OF INJURY,0,0,0,0,0,4,0,12,6,10,41.79710974,-87.72312435,POINT (-87.723124350529 41.797109735429)
050af5283efecf4b93932ef2083756ec0f87a73aa9ab9d9f17dfda87411030076e5ec2806efb3c3eb304011b63164ec11a80adcf2d31606bc2611173b24dc0a8,JG211364,,4/4/2023 21:42,10,NO CONTROLS,NO CONTROLS,RAIN,UNKNOWN,PARKED MOTOR VEHICLE,OTHER,,STRAIGHT AND LEVEL,WET,UNKNOWN,NOT ON SCENE (DESK REPORT),NO INJURY / DRIVE AWAY,,Y,,"OVER $1,500",4/4/2023 23:00,"EVASIVE ACTION DUE TO ANIMAL, OBJECT, NONMOTORIST",UNABLE TO DETERMINE,6447,N,RAVENSWOOD AVE,2432,Y,N,,,,,2,NO INDICATION OF INJURY,0,0,0,0,0,1,0,21,3,4,41.9993813,-87.67491118,POINT (-87.674911182986 41.999381294826)
02f9a78af64c0e339c2b1e41b8456069d28c7bd556022e94063cb2b92c9f076b6631477eff7e62cd6ecbf3f830b87b28904a3f22abffe02815949990f836e1a3,JF404763,,9/20/2022 17:00,20,STOP SIGN/FLASHER,FUNCTIONING PROPERLY,CLEAR,"DARKNESS, LIGHTED ROAD",PARKED MOTOR VEHICLE,NOT DIVIDED,,STRAIGHT AND LEVEL,DRY,NO DEFECTS,ON SCENE,NO INJURY / DRIVE AWAY,,,Y,"OVER $1,500",9/21/2022 9:26,UNABLE TO DETERMINE,NOT APPLICABLE,7953,S,CARPENTER ST,612,,,,,,,3,NO INDICATION OF INJURY,0,0,0,0,0,1,0,17,3,9,41.74899191,-87.64991207,POINT (-87.649912065898 41.748991908201)
0633268c9f5a0a075142f07f766afd288a5ad854c19d7a9192412d27d5492781e746e056bfeb74d7ce9c0aa918cc05359644e5394cbdff73c99e86d940a2ec35,JF280599,,6/6/2022 19:35,30,TRAFFIC SIGNAL,FUNCTIONING PROPERLY,CLOUDY/OVERCAST,DAYLIGHT,REAR END,NOT DIVIDED,,STRAIGHT AND LEVEL,DRY,NO DEFECTS,NOT ON SCENE (DESK REPORT),NO INJURY / DRIVE AWAY,Y,,,"OVER $1,500",6/15/2022 12:30,FOLLOWING TOO CLOSELY,NOT APPLICABLE,429,E,47TH ST,223,,,,,,,2,NO INDICATION OF INJURY,0,0,0,0,0,2,0,19,2,6,41.80929606,-87.61512474,POINT (-87.615124744133 41.809296060561)
038ca2bb4700f0a52675f5dc111ee84bac80df3d9ce31565d8d64a625c1061a453d6ffeabc6323ebe7bbf2fae08ac6dffd2744d3936045d6440325808eb3de25,JB382765,,8/7/2018 7:00,30,LANE USE MARKING,FUNCTIONING PROPERLY,CLEAR,DAYLIGHT,SIDESWIPE SAME DIRECTION,DIVIDED - W/MEDIAN BARRIER,4,CURVE ON GRADE,DRY,NO DEFECTS,ON SCENE,NO INJURY / DRIVE AWAY,Y,,,"$501 - $1,500",8/7/2018 7:20,IMPROPER LANE USAGE,IMPROPER LANE USAGE,6400,N,SHERIDAN RD,2432,,,,,,,2,NO INDICATION OF INJURY,0,0,0,0,0,2,0,7,3,8,41.99821792,-87.66069526,POINT (-87.660695255572 41.998217920532)
0c204b2d4dcd3d7c797c02a52247a34e2385afd91cd38b2d95c639e408915656ee36452c14380d0ce5587afc5e0a5b48029ab913cc6f171cd1d6c1949633775c,JA546384,,12/12/2017 13:40,30,STOP SIGN/FLASHER,FUNCTIONING PROPERLY,CLEAR,DAYLIGHT,REAR END,ONE-WAY,,STRAIGHT AND LEVEL,ICE,NO DEFECTS,ON SCENE,NO INJURY / DRIVE AWAY,Y,,,$500 OR LESS,12/12/2017 13:46,WEATHER,NOT APPLICABLE,5446,N,LIEB AVE,1623,,,,,,,2,NO INDICATION OF INJURY,0,0,0,0,0,3,0,13,3,12,41.97949031,-87.76010321,POINT (-87.76010321084 41.97949031313)
0a72af355df1340d8603e65aa6e4ff60b6249e2a2fd3f8b8fd0c7ffc1289627b6d26787ead1f706476ad1e05740fb8a24aacad0bd73ad96570921e5de53acc52,JF215090,,4/21/2022 15:30,15,STOP SIGN/FLASHER,FUNCTIONING PROPERLY,CLEAR,DAYLIGHT,PEDESTRIAN,NOT DIVIDED,,STRAIGHT AND LEVEL,DRY,NO DEFECTS,ON SCENE,INJURY AND / OR TOW DUE TO CRASH,,,Y,$500 OR LESS,4/21/2022 15:49,FAILING TO YIELD RIGHT-OF-WAY,DISREGARDING STOP SIGN,4300,N,KILDARE AVE,1722,,,,,,,2,INCAPACITATING INJURY,1,0,1,0,0,2,0,15,5,4,41.95912397,-87.7357559,POINT (-87.735755896891 41.959123967798)
0b6ddca767676be749a074e41bf1ea9e7d26ebabfa018cfd893699da9bce9e0f2d733bf5a085bfc8f7547551b1f081944ed79930abf587ee6891a49ccc61f991,JC229544,,4/18/2019 18:40,30,NO CONTROLS,NO CONTROLS,CLOUDY/OVERCAST,DAYLIGHT,REAR TO FRONT,ONE-WAY,,STRAIGHT AND LEVEL,DRY,NO DEFECTS,ON SCENE,NO INJURY / DRIVE AWAY,,,,$500 OR LESS,4/18/2019 18:45,IMPROPER BACKING,NOT APPLICABLE,1532,S,KOMENSKY AVE,1012,Y,,,,,,2,NO INDICATION OF INJURY,0,0,0,0,0,4,0,18,5,4,41.85967737,-87.72634792,POINT (-87.726347914772 41.8596773713)
0b2d709e1f4d4a469ccc94e3a780bfb8cb874fb87fde6c38532888e1e88b3159f18ed218bd748724880f5fffdab7a92dbe32ba8c408ae9c6394f7312b37b5c6a,JB461905,,10/4/2018 6:00,30,UNKNOWN,UNKNOWN,CLEAR,"DARKNESS, LIGHTED ROAD",PARKED MOTOR VEHICLE,OTHER,2,STRAIGHT AND LEVEL,DRY,NO DEFECTS,NOT ON SCENE (DESK REPORT),NO INJURY / DRIVE AWAY,,,,"$501 - $1,500",10/4/2018 6:55,NOT APPLICABLE,NOT APPLICABLE,3303,W,ARMITAGE AVE,1422,,,,,,,2,NO INDICATION OF INJURY,0,0,0,0,0,3,0,6,5,10,41.91724892,-87.71043714,POINT (-87.71043714286 41.91724891654)
006c3b7c1c4c6e566cfb14e4c1a88a442d7c326631a800892b59a9311e5af3ac994b3bd8410e9e68936d34306476ac7ce5572fdc04f8f14e30328191f720c353,JE460397,,11/25/2021 16:30,30,NO CONTROLS,NO CONTROLS,CLEAR,DAYLIGHT,PARKED MOTOR VEHICLE,PARKING LOT,,STRAIGHT AND LEVEL,DRY,NO DEFECTS,NOT ON SCENE (DESK REPORT),NO INJURY / DRIVE AWAY,,Y,Y,"$501 - $1,500",11/29/2021 15:51,NOT APPLICABLE,NOT APPLICABLE,5320,S,PULASKI RD,815,,,,,,,2,NO INDICATION OF INJURY,0,0,0,0,0,1,0,16,5,11,41.79619759,-87.72339188,POINT (-87.723391883445 41.796197591416)
03663e88395d26e5e1d15e87a256e6158ee5d632bcdf82d7bceda1693c5a364f7e1d2acc739aae65ca7b5460bc6d48450aa8d7f1b3d5b202e837399648c729a6,JF288969,,6/21/2022 18:42,35,NO CONTROLS,NO CONTROLS,CLEAR,DAYLIGHT,PEDALCYCLIST,NOT DIVIDED,,STRAIGHT AND LEVEL,DRY,NO DEFECTS,ON SCENE,INJURY AND / OR TOW DUE TO CRASH,,,Y,$500 OR LESS,6/21/2022 18:42,DRIVING SKILLS/KNOWLEDGE/EXPERIENCE,DRIVING SKILLS/KNOWLEDGE/EXPERIENCE,733,W,59TH ST,711,,,,,,,2,"REPORTED, NOT EVIDENT",1,0,0,0,1,1,0,18,3,6,41.78693409,-87.6438185,POINT (-87.643818498212 41.786934092746)
057c601da4754fa485f7450c3c77c4cfbd75887f57ca9fc8bc7110209f3d160c7401a6c0302b3ef271cec7614d22f67bbfebe71af7dc80899ece46b330e90dca,JE336616,,8/13/2021 18:38,30,TRAFFIC SIGNAL,FUNCTIONING PROPERLY,CLEAR,DAYLIGHT,PEDESTRIAN,NOT DIVIDED,,STRAIGHT AND LEVEL,DRY,NO DEFECTS,,INJURY AND / OR TOW DUE TO CRASH,Y,,Y,$500 OR LESS,8/13/2021 18:39,DISREGARDING TRAFFIC SIGNALS,NOT APPLICABLE,6199,W,FULLERTON AVE,2512,,,,,,,3,NONINCAPACITATING INJURY,2,0,0,2,0,1,0,18,6,8,41.92364289,-87.78051367,POINT (-87.78051367304 41.923642891376)
033b5b57ab75c63778d92224d2300d1697d35cacc7700f4ea41120505462a885ac41207c6056d7acd730de2d0c5ecef1a1cb0213e82c0592c4fef34f107b902b,JD474847,,12/31/2020 18:51,30,NO CONTROLS,NO CONTROLS,CLEAR,"DARKNESS, LIGHTED ROAD",REAR END,DIVIDED - W/MEDIAN (NOT RAISED),,STRAIGHT AND LEVEL,SNOW OR SLUSH,NO DEFECTS,ON SCENE,INJURY AND / OR TOW DUE TO CRASH,,,,"OVER $1,500",12/31/2020 18:54,NOT APPLICABLE,NOT APPLICABLE,4098,N,CLARK ST,1912,,,,,,,3,"REPORTED, NOT EVIDENT",1,0,0,0,1,2,0,18,5,12,41.9562504,-87.66357292,POINT (-87.663572920316 41.956250399624)
0c0b4640488c0d87f79d1d87208ef7b66eaa0d01975b61968dfaaa1242ae885f642d8191e6a7731bd9702db2e6cc10de98ac9e3635c7875bd1cec990213ccd2b,HZ149602,,2/12/2016 18:15,0,NO CONTROLS,NO CONTROLS,UNKNOWN,UNKNOWN,PARKED MOTOR VEHICLE,ONE-WAY,1,STRAIGHT AND LEVEL,UNKNOWN,NO DEFECTS,NOT ON SCENE (DESK REPORT),NO INJURY / DRIVE AWAY,,,Y,"$501 - $1,500",2/12/2016 18:45,UNABLE TO DETERMINE,NOT APPLICABLE,5520,W,MONROE ST,1522,,,,,,,2,NO INDICATION OF INJURY,0,0,0,0,0,1,0,18,6,2,41.87938976,-87.7626832,POINT (-87.762683196278 41.879389762803)
0250a00a46f85bec3142c7383952ef0b6024a144863ba88032ff29217051fbbf11149808119d5814e6e36133e84bc0eb699fe1159b0bc1c2f7c49cc0494fb68c,JC550164,,12/17/2019 12:52,30,NO CONTROLS,NO CONTROLS,CLEAR,DAYLIGHT,PARKED MOTOR VEHICLE,ONE-WAY,,STRAIGHT AND LEVEL,DRY,NO DEFECTS,ON SCENE,NO INJURY / DRIVE AWAY,,,,"$501 - $1,500",12/17/2019 12:52,UNABLE TO DETERMINE,NOT APPLICABLE,310,W,SUPERIOR ST,1831,,,,,,,2,NO INDICATION OF INJURY,0,0,0,0,0,1,0,12,3,12,41.8956755,-87.63619433,POINT (-87.636194326166 41.895675496776)
021839ab4fd650514f244087afff47dd20acfef25d2ef78d3b23b2920c4c1f9debc37f39cc10b73c6b23444ff710e7a0c1905e97b3a8f708eabc2be7ed1b6ad8,JD358417,,9/6/2020 11:50,30,NO CONTROLS,NO CONTROLS,RAIN,DAYLIGHT,TURNING,ONE-WAY,,STRAIGHT AND LEVEL,WET,NO DEFECTS,ON SCENE,NO INJURY / DRIVE AWAY,,,,$500 OR LESS,9/6/2020 11:58,FAILING TO YIELD RIGHT-OF-WAY,NOT APPLICABLE,1100,N,WALLER AVE,1511,,,,,,,3,NO INDICATION OF INJURY,0,0,0,0,0,4,0,11,1,9,41.90037151,-87.76816469,POINT (-87.768164694157 41.900371505885)
057e009d963f496b2bafaf88c81af5af7563638b02ec44f6841a84ea17d4c306a65de71cc5edea700d3336b5bb165b5b3fc80efc85c7ffe5acbd310fa3736bcd,JG223084,,4/14/2023 12:00,20,STOP SIGN/FLASHER,WORN REFLECTIVE MATERIAL,CLEAR,DAYLIGHT,REAR END,FOUR WAY,,STRAIGHT AND LEVEL,DRY,WORN SURFACE,NOT ON SCENE (DESK REPORT),NO INJURY / DRIVE AWAY,Y,,,"$501 - $1,500",4/14/2023 12:20,DRIVING SKILLS/KNOWLEDGE/EXPERIENCE,UNABLE TO DETERMINE,6159,N,GLENWOOD AVE,2433,,,,,,,2,NO INDICATION OF INJURY,0,0,0,0,0,2,0,12,6,4,41.99445321,-87.66513277,POINT (-87.665132765262 41.994453210553)
09a0d65e1d44c200197987fed00229f96c8b83fa8d5c239851ad8f0c3ef659e9ab8ddbf4c49e93ec8b2f5db4a7a0c127f5cb40509bff9e06197024058b6e4707,JF329808,,7/24/2022 14:42,30,NO CONTROLS,NO CONTROLS,CLEAR,DAYLIGHT,TURNING,DIVIDED - W/MEDIAN BARRIER,,STRAIGHT AND LEVEL,DRY,NO DEFECTS,ON SCENE,INJURY AND / OR TOW DUE TO CRASH,Y,,,"$501 - $1,500",7/24/2022 14:42,FAILING TO YIELD RIGHT-OF-WAY,FAILING TO YIELD RIGHT-OF-WAY,825,W,CHICAGO AVE,1214,,N,,,,,2,NONINCAPACITATING INJURY,3,0,0,3,0,0,0,14,1,7,41.89626855,-87.64887693,POINT (-87.648876929268 41.896268550108)
0a4473e822517c77dcb48f65912b635abd4c19bf3aa7254560021b093c9a5cb8f9e8a6d46fd6d4199f25caf766daecd0dfa783edf827d279052230c3dbd3b3fc,JC173126,,3/4/2019 11:05,0,NO CONTROLS,NO CONTROLS,CLEAR,DAYLIGHT,SIDESWIPE SAME DIRECTION,NOT DIVIDED,,STRAIGHT AND LEVEL,DRY,NO DEFECTS,ON SCENE,NO INJURY / DRIVE AWAY,,,,"$501 - $1,500",3/4/2019 11:07,IMPROPER OVERTAKING/PASSING,NOT APPLICABLE,3135,W,DEVON AVE,2413,,,,,,,2,NO INDICATION OF INJURY,0,0,0,0,0,2,0,11,2,3,41.99729748,-87.7082995,POINT (-87.708299504476 41.997297476207)
02e63b3bb17e4e94763e3f164c28b6e72e77e62ce976248fbce4d80265e546f9388c7d8a9dfbcaa606d5357bec4b1fd0b1d18b200f10e0d20cb327971d05cd67,JB197234,,3/23/2018 16:53,30,NO CONTROLS,NO CONTROLS,CLEAR,DAYLIGHT,REAR END,NOT DIVIDED,2,STRAIGHT AND LEVEL,DRY,NO DEFECTS,NOT ON SCENE (DESK REPORT),NO INJURY / DRIVE AWAY,,,,"$501 - $1,500",3/23/2018 17:30,FAILING TO REDUCE SPEED TO AVOID CRASH,FOLLOWING TOO CLOSELY,737,N,CENTRAL AVE,1524,,,,,,,2,NO INDICATION OF INJURY,0,0,0,0,0,2,0,16,6,3,41.89406608,-87.76521756,POINT (-87.765217563059 41.894066077619)
0856de45b7c18dfaaf4af5efbc6d8701b24aabdc65e1f6c7527bd688a0b67ace4fdbc93dffd89e467b3e00e9d89259a15b7bf0763cedfeea479977cf648f9412,JC140104,,2/4/2019 7:30,30,NO CONTROLS,NO CONTROLS,RAIN,DAYLIGHT,FIXED OBJECT,ONE-WAY,,STRAIGHT AND LEVEL,DRY,NO DEFECTS,NOT ON SCENE (DESK REPORT),NO INJURY / DRIVE AWAY,,,,"OVER $1,500",2/4/2019 16:45,NOT APPLICABLE,NOT APPLICABLE,6300,S,KENWOOD AVE,314,,,,,,,1,NO INDICATION OF INJURY,0,0,0,0,0,1,0,7,2,2,41.78046179,-87.59320636,POINT (-87.593206361043 41.780461786239)
00d775f2303bc410101253be762e13ea097e68ae671b7adbe6f35d019ce55237211b5396eaa0c23267fb544b518f18412656c28abc508d6a040914f32774b1cf,JD147249,,2/10/2020 19:45,30,TRAFFIC SIGNAL,FUNCTIONING PROPERLY,CLEAR,"DARKNESS, LIGHTED ROAD",REAR END,DIVIDED - W/MEDIAN (NOT RAISED),,STRAIGHT AND LEVEL,DRY,NO DEFECTS,NOT ON SCENE (DESK REPORT),NO INJURY / DRIVE AWAY,,,,"$501 - $1,500",2/10/2020 20:08,FOLLOWING TOO CLOSELY,NOT APPLICABLE,800,N,RACINE AVE,1213,,,,,,,2,NO INDICATION OF INJURY,0,0,0,0,0,2,0,19,2,2,41.8962463,-87.65765806,POINT (-87.657658064227 41.896246296103)
04068c563a80002d615d739345ef0f7c821f26d6422fe6b789651cf947e2ef0c9c92ece226fe02ac1c2e52e6008d170a7cca6eb324528bb2a27f1ab813d302ae,HZ548019,,12/10/2016 15:40,30,STOP SIGN/FLASHER,FUNCTIONING PROPERLY,CLEAR,DAYLIGHT,HEAD ON,DIVIDED - W/MEDIAN (NOT RAISED),2,STRAIGHT AND LEVEL,DRY,NO DEFECTS,NOT ON SCENE (DESK REPORT),NO INJURY / DRIVE AWAY,Y,,,"$501 - $1,500",12/11/2016 14:55,DISREGARDING STOP SIGN,FAILING TO REDUCE SPEED TO AVOID CRASH,3001,W,26TH ST,1033,,,,,,,2,NO INDICATION OF INJURY,0,0,0,0,0,2,0,15,7,12,41.84450023,-87.70019817,POINT (-87.700198172346 41.844500227014)
01a348ca10b1113a6688a9e0c5223058d1ec8d686223a28d245f397c1de3392cf59cd79d02df3edcb5371f5ebb6679c6a6887e14029ca65fe062d5e14e6b42b8,JB511024,,11/10/2018 12:50,30,TRAFFIC SIGNAL,FUNCTIONING PROPERLY,CLEAR,DAYLIGHT,SIDESWIPE SAME DIRECTION,NOT DIVIDED,2,STRAIGHT AND LEVEL,UNKNOWN,UNKNOWN,NOT ON SCENE (DESK REPORT),NO INJURY / DRIVE AWAY,,,Y,"$501 - $1,500",11/10/2018 14:39,FAILING TO YIELD RIGHT-OF-WAY,IMPROPER LANE USAGE,1013,W,LAWRENCE AVE,1914,,,,,,,2,NO INDICATION OF INJURY,0,0,0,0,0,3,0,12,7,11,41.96897251,-87.65539255,POINT (-87.655392554412 41.968972510351)
06ab06c7badaac95b7bdb82907040e0dcd2b63fcfbc628eada4b477deb0ed86df4f08f5b55d6e3e46c53e8d30fb7657ec6d448c1d79e2957f42978b969890b5a,JB528380,,11/25/2018 12:30,30,NO CONTROLS,NO CONTROLS,RAIN,DAYLIGHT,SIDESWIPE SAME DIRECTION,NOT DIVIDED,2,STRAIGHT AND LEVEL,WET,UNKNOWN,NOT ON SCENE (DESK REPORT),NO INJURY / DRIVE AWAY,,,,"$501 - $1,500",11/25/2018 12:38,IMPROPER OVERTAKING/PASSING,IMPROPER OVERTAKING/PASSING,500,W,BELMONT AVE,1925,,,,,,,2,NO INDICATION OF INJURY,0,0,0,0,0,2,0,12,1,11,41.94019151,-87.64204371,POINT (-87.64204371446 41.940191509645)
02013e806c2c4080f684a92077bcbf454544e39eee913af61bf48554cdd1d31c1605783a9d3d34423481495c328fcc41fd2528998c8da8ddf112a4158cf0ea0f,HZ370697,N,7/30/2016 6:00,15,NO CONTROLS,NO CONTROLS,CLOUDY/OVERCAST,DAWN,PARKED MOTOR VEHICLE,PARKING LOT,1,STRAIGHT AND LEVEL,DRY,NO DEFECTS,ON SCENE,NO INJURY / DRIVE AWAY,,Y,Y,"$501 - $1,500",7/30/2016 7:00,IMPROPER BACKING,FAILING TO REDUCE SPEED TO AVOID CRASH,1411,W,MADISON ST,1224,,,,,,,2,NO INDICATION OF INJURY,0,0,0,0,0,1,0,6,7,7,41.88141888,-87.66248298,POINT (-87.662482980676 41.88141888121)
03e075297e517eaa32a74d51d2cc87f860945b6c755410e4b67b0610d93085fb3a8e6041998b380656b5d61d02c925af2c4665992b31842d1ccb21fc43bc0303,JF235211,,5/9/2022 7:50,30,NO CONTROLS,NO CONTROLS,CLEAR,DAYLIGHT,TURNING,ALLEY,,STRAIGHT AND LEVEL,DRY,NO DEFECTS,NOT ON SCENE (DESK REPORT),NO INJURY / DRIVE AWAY,,,Y,"$501 - $1,500",5/9/2022 8:25,UNABLE TO DETERMINE,NOT APPLICABLE,8670,S,PAULINA ST,614,,,,,,,2,NO INDICATION OF INJURY,0,0,0,0,0,2,0,7,2,5,41.73584734,-87.66564492,POINT (-87.665644919882 41.735847343498)
08fd44175c67ff85bde464509a7cd3fbc791494c36a00a792e0e692fbea5edd02d7913c3720a0efdfab2d4c912cb79f9b247f93eeb707fc3a0db9df496addd9e,JF327805,,7/22/2022 18:00,30,UNKNOWN,UNKNOWN,CLEAR,DAYLIGHT,SIDESWIPE SAME DIRECTION,NOT DIVIDED,,STRAIGHT AND LEVEL,DRY,UNKNOWN,NOT ON SCENE (DESK REPORT),NO INJURY / DRIVE AWAY,,,,"OVER $1,500",7/22/2022 20:10,IMPROPER OVERTAKING/PASSING,NOT APPLICABLE,512,E,75TH ST,323,,,,,,,2,NO INDICATION OF INJURY,0,0,0,0,0,2,0,18,6,7,41.75857225,-87.61211561,POINT (-87.612115611548 41.758572248131)
02f8fa283562da40f850d5c974526cc505a660d6289284017560e1bac4aa27084b11f8f731ade047e93b5c97ed3c2d239c61496e3f0e8e8710a97ffc99db6513,JB258895,,5/11/2018 1:23,30,NO CONTROLS,NO CONTROLS,CLEAR,"DARKNESS, LIGHTED ROAD",PARKED MOTOR VEHICLE,NOT DIVIDED,1,STRAIGHT AND LEVEL,DRY,UNKNOWN,ON SCENE,INJURY AND / OR TOW DUE TO CRASH,,,Y,"$501 - $1,500",5/11/2018 1:25,UNABLE TO DETERMINE,UNABLE TO DETERMINE,4032,W,JACKSON BLVD,1115,,,,,,,2,NO INDICATION OF INJURY,0,0,0,0,0,3,0,1,6,5,41.87718059,-87.72688884,POINT (-87.726888834748 41.877180590316)