CRASH_RECORD_ID,RD_NO,CRASH_DATE_EST_I,CRASH_DATE,POSTED_SPEED_LIMIT,TRAFFIC_CONTROL_DEVICE,DEVICE_CONDITION,WEATHER_CONDITION,LIGHTING_CONDITION,FIRST_CRASH_TYPE,TRAFFICWAY_TYPE,LANE_CNT,ALIGNMENT,ROADWAY_SURFACE_COND,ROAD_DEFECT,REPORT_TYPE,CRASH_TYPE,INTERSECTION_RELATED_I,NOT_RIGHT_OF_WAY_I,HIT_AND_RUN_I,DAMAGE,DATE_POLICE_NOTIFIED,PRIM_CONTRIBUTORY_CAUSE,SEC_CONTRIBUTORY_CAUSE,STREET_NO,STREET_DIRECTION,STREET_NAME,BEAT_OF_OCCURRENCE,PHOTOS_TAKEN_I,STATEMENTS_TAKEN_I,DOORING_I,WORK_ZONE_I,WORK_ZONE_TYPE,WORKERS_PRESENT_I,NUM_UNITS,MOST_SEVERE_INJURY,INJURIES_TOTAL,INJURIES_FATAL,INJURIES_INCAPACITATING,INJURIES_NON_INCAPACITATING,INJURIES_REPORTED_NOT_EVIDENT,INJURIES_NO_INDICATION,INJURIES_UNKNOWN,CRASH_HOUR,CRASH_DAY_OF_WEEK,CRASH_MONTH,LATITUDE,LONGITUDE,LOCATION
03fa83ecbdac897b2b34a114013fdb104a5ed11de51f045110d0d685bdc8ea829100a140329b34191e7e4f4679ef7ba2a912637a070e059295a49712790789dc,JA519305,,11/20/2017 15:30,30,TRAFFIC SIGNAL,FUNCTIONING PROPERLY,CLEAR,DAYLIGHT,REAR END,NOT DIVIDED,4,STRAIGHT AND LEVEL,DRY,NO DEFECTS,NOT ON SCENE (DESK REPORT),NO INJURY / DRIVE AWAY,,,,"$501 - $1,500",11/20/2017 16:00,UNABLE TO DETERMINE,NOT APPLICABLE,226,N,ASHLAND AVE,1215,,,,,,,2,NO INDICATION OF INJURY,0,0,0,0,0,4,0,15,2,11,41.8861093,-87.66714698,POINT (-87.667146981319 41.886109302657)
05f649abce18f803fa29bc94e16ce82dec11431f899e200c84abb3842292591446da3149e0e78c4856a359e98e7428a06be60d545c719bceef61ef786ba82c22,JD268412,,6/18/2020 18:40,30,STOP SIGN/FLASHER,FUNCTIONING PROPERLY,CLEAR,DAYLIGHT,ANGLE,NOT DIVIDED,,STRAIGHT AND LEVEL,DRY,NO DEFECTS,ON SCENE,INJURY AND / OR TOW DUE TO CRASH,Y,,,"OVER $1,500",6/18/2020 18:46,DRIVING SKILLS/KNOWLEDGE/EXPERIENCE,NOT APPLICABLE,3433,N,CENTRAL AVE,1633,,,,,,,2,NO INDICATION OF INJURY,0,0,0,0,0,2,0,18,5,6,41.94324528,-87.76651788,POINT (-87.766517878091 41.943245276522)
066bc30d00e8957c53cbaad951731b93f78b330a9a502496eb3e527fa7a55dbbaed0c811c34f32d95e1aa59e1aabad75ff8705cef4bd2e5e8e2b2c31b8c4a8c2,JC480660,,10/20/2019 17:31,30,NO CONTROLS,NO CONTROLS,CLEAR,DAYLIGHT,PARKED MOTOR VEHICLE,DIVIDED - W/MEDIAN (NOT RAISED),,STRAIGHT AND LEVEL,DRY,NO DEFECTS,NOT ON SCENE (DESK REPORT),NO INJURY / DRIVE AWAY,,,,$500 OR LESS,10/21/2019 11:10,IMPROPER BACKING,UNABLE TO DETERMINE,4825,N,WESTERN AVE,2031,,,,,,,2,NO INDICATION OF INJURY,0,0,0,0,0,3,0,17,1,10,41.96938326,-87.68878285,POINT (-87.688782852432 41.969383256719)
036abe026605bc85de4f95f3549c3e81274d2dc8dd9b6477589295b5f3cd3b1d473fb17d89f3d1018f5ac3c64018dca06382ae55588fa7eccfae2ca605083eab,JB434285,,9/13/2018 19:20,30,NO CONTROLS,NO CONTROLS,CLEAR,"DARKNESS, LIGHTED ROAD",SIDESWIPE SAME DIRECTION,NOT DIVIDED,,STRAIGHT AND LEVEL,DRY,NO DEFECTS,NOT ON SCENE (DESK REPORT),NO INJURY / DRIVE AWAY,,,,"$501 - $1,500",9/13/2018 19:50,UNABLE TO DETERMINE,UNABLE TO DETERMINE,132,E,LA SALLE DR,1814,,,,,,,2,NO INDICATION OF INJURY,0,0,0,0,0,3,0,19,5,9,41.91310201,-87.62639021,POINT (-87.626390208936 41.913102005581)
050ba86a98925bd138a9627a5e1bf8dea6f1ffd5f80b301ecdacb7f10f59dbc9022ab97ac16495c75aea6f32c6f3d341460d98715bd4ab4708e7e6883769d326,JC300911,,6/10/2019 19:30,30,TRAFFIC SIGNAL,FUNCTIONING PROPERLY,CLEAR,DAYLIGHT,ANGLE,NOT DIVIDED,,STRAIGHT AND LEVEL,DRY,NO DEFECTS,ON SCENE,INJURY AND / OR TOW DUE TO CRASH,Y,,,"OVER $1,500",6/10/2019 22:00,DISREGARDING TRAFFIC SIGNALS,NOT APPLICABLE,4900,S,DR MARTIN LUTHER KING JR DR,224,,,,,,,2,"REPORTED, NOT EVIDENT",1,0,0,0,1,1,0,19,2,6,41.80564871,-87.61664067,POINT (-87.616640667441 41.805648708559)
092d2d58ccc90ebff35d756eba4e07203b0d29bc6ae212114686b7a177d2b1b8268e86baf591770a373cc8a26f3d7c5c018e7f583667bdfc1d8e82ff2e74b77f,HZ365355,,7/26/2016 10:30,25,NO CONTROLS,NO CONTROLS,CLEAR,DAYLIGHT,PARKED MOTOR VEHICLE,ONE-WAY,1,STRAIGHT AND LEVEL,DRY,"RUT, HOLES",NOT ON SCENE (DESK REPORT),NO INJURY / DRIVE AWAY,,,Y,"$501 - $1,500",7/26/2016 14:36,UNABLE TO DETERMINE,UNABLE TO DETERMINE,8333,S,MARYLAND AVE,632,,,,,,,2,NO INDICATION OF INJURY,0,0,0,0,0,1,0,10,3,7,41.74297674,-87.60364279,POINT (-87.603642792567 41.742976739715)
065dbf9e0b82295799cee5182707cb86e5327e95cf119c7cab81ab5d3e62f327539fcd9789d36054d5820568635d8043482110bd73f8234427ff9a697b6676a4,JD307610,,7/23/2020 18:30,30,TRAFFIC SIGNAL,FUNCTIONING PROPERLY,CLEAR,DAYLIGHT,REAR END,DIVIDED - W/MEDIAN (NOT RAISED),,STRAIGHT AND LEVEL,DRY,NO DEFECTS,ON SCENE,NO INJURY / DRIVE AWAY,N,,,"OVER $1,500",7/23/2020 18:33,DISTRACTION - FROM OUTSIDE VEHICLE,UNABLE TO DETERMINE,7100,S,KEDZIE AVE,831,,,,,,,2,NO INDICATION OF INJURY,0,0,0,0,0,2,0,18,5,7,41.76429504,-87.70295716,POINT (-87.702957162118 41.764295036757)
05b9e1682cefdf597dc807e156a471927d69527ae2a5eddbfad3d8b1378ed28fc6507db0d8f9a93e036d3ffef83204374136cd7f8cfffe487761dd12d5f09cb0,JE364564,,9/7/2021 11:15,30,TRAFFIC SIGNAL,FUNCTIONING PROPERLY,CLEAR,DAYLIGHT,REAR END,DIVIDED - W/MEDIAN (NOT RAISED),,STRAIGHT AND LEVEL,DRY,NO DEFECTS,ON SCENE,INJURY AND / OR TOW DUE TO CRASH,,,,$500 OR LESS,9/7/2021 11:15,FAILING TO REDUCE SPEED TO AVOID CRASH,PHYSICAL CONDITION OF DRIVER,1700,W,PETERSON AVE,2433,,,,,,,2,NONINCAPACITATING INJURY,1,0,0,1,0,2,0,11,3,9,41.99087434,-87.67178565,POINT (-87.671785647024 41.990874337159)
0add1406b558546974e39698b07673c344d060e16e5b16995b38807d509b6bdc043c3376a5d31d0a7f4716f7e472bb90572afbef550431b2aad1733aa42b6067,JA531291,Y,11/30/2017 16:20,20,LANE USE MARKING,NO CONTROLS,CLEAR,DAYLIGHT,PARKED MOTOR VEHICLE,PARKING LOT,,STRAIGHT AND LEVEL,DRY,NO DEFECTS,ON SCENE,INJURY AND / OR TOW DUE TO CRASH,,Y,,"OVER $1,500",11/30/2017 16:25,IMPROPER TURNING/NO SIGNAL,NOT APPLICABLE,1630,W,119TH ST,2234,,,,,,,2,NO INDICATION OF INJURY,0,0,0,0,0,1,0,16,5,11,41.67763065,-87.66245071,POINT (-87.662450711185 41.677630649115)
05652e66f6a60d2a5ef5e699d3fbe1c123096787aa185ae32553ce8189775893e408ccdcdf5328d8fedd81e4d91964ac336f3c4339526fdf34175e73747a9014,JB121167,,1/18/2018 21:00,35,NO CONTROLS,NO CONTROLS,CLEAR,"DARKNESS, LIGHTED ROAD",PARKED MOTOR VEHICLE,PARKING LOT,,STRAIGHT AND LEVEL,DRY,NO DEFECTS,NOT ON SCENE (DESK REPORT),NO INJURY / DRIVE AWAY,,,,"OVER $1,500",1/18/2018 21:35,UNABLE TO DETERMINE,UNABLE TO DETERMINE,754,W,BELDEN AVE,1812,,,,,,,2,NO INDICATION OF INJURY,0,0,0,0,0,1,0,21,5,1,41.92374248,-87.6484822,POINT (-87.648482195994 41.92374248366)
0c69318114d411690ac24bc3879a73bed04d028a706d8f02cb0d7c1fc90e6e06b84c36ead1690439e402740d303e1d6a2a480f6bc38cb9d1d5273c206f2590c6,JB280165,,5/26/2018 21:24,30,NO CONTROLS,NOT FUNCTIONING,UNKNOWN,DARKNESS,PARKED MOTOR VEHICLE,ONE-WAY,,STRAIGHT AND LEVEL,DRY,"RUT, HOLES",ON SCENE,NO INJURY / DRIVE AWAY,,,,$500 OR LESS,5/26/2018 21:24,NOT APPLICABLE,BICYCLE ADVANCING LEGALLY ON RED LIGHT,5052,S,JUSTINE ST,933,,,,,,,2,NO INDICATION OF INJURY,0,0,0,0,0,1,0,21,7,5,41.80159202,-87.66371492,POINT (-87.663714924379 41.801592017474)
090c54c237407f284585325f6cc2fdff7ac3a11fe4a4eb4555616fc8a439fdef26c1e6c36f84c3c7e36202263e2198e38381c48f968c606e9b72e9abda711a7e,JC221515,,4/12/2019 10:22,5,NO CONTROLS,NO CONTROLS,CLEAR,DAYLIGHT,PARKED MOTOR VEHICLE,OTHER,,STRAIGHT AND LEVEL,DRY,NO DEFECTS,NOT ON SCENE (DESK REPORT),NO INJURY / DRIVE AWAY,,,Y,$500 OR LESS,4/12/2019 11:16,IMPROPER BACKING,UNABLE TO DETERMINE,8903,S,SOUTH CHICAGO AVE,423,,,,,,,2,NO INDICATION OF INJURY,0,0,0,0,0,1,0,10,6,4,41.73364645,-87.56055303,POINT (-87.560553033776 41.733646449027)
09ec46aa0f12e3102774017bcd1f580c7d177e8e1dffdc017751bbd4c3fd8cc0c67c9942bb7dd6cb394dcda6cde2c2a806f5c9cc3d688a31c709381ca15b8fbc,JD312302,,7/27/2020 12:00,30,TRAFFIC SIGNAL,FUNCTIONING PROPERLY,CLEAR,DAYLIGHT,REAR END,NOT DIVIDED,,STRAIGHT AND LEVEL,DRY,NO DEFECTS,NOT ON SCENE (DESK REPORT),NO INJURY / DRIVE AWAY,,,,"OVER $1,500",7/27/2020 22:30,UNABLE TO DETERMINE,UNABLE TO DETERMINE,4700,W,59TH ST,813,,,,,,,2,NO INDICATION OF INJURY,0,0,0,0,0,4,0,12,2,7,41.78438569,-87.74006595,POINT (-87.740065945952 41.784385693962)
022af8e75d5510a2730d9aaefda9a8095ede1ff4d2c6d28bff994cd358959990b347808293572b833cb4e3457857c5a2cd88134c97f342cbbf00d3e05e00ed06,JE108507,,1/10/2021 2:20,40,NO CONTROLS,NO CONTROLS,CLEAR,"DARKNESS, LIGHTED ROAD",FIXED OBJECT,DIVIDED - W/MEDIAN BARRIER,,STRAIGHT AND LEVEL,DRY,UNKNOWN,ON SCENE,INJURY AND / OR TOW DUE TO CRASH,,,Y,"OVER $1,500",1/10/2021 2:25,UNABLE TO DETERMINE,UNABLE TO DETERMINE,3200,S,LAKE SHORE DR NB,211,,,,,,,1,NO INDICATION OF INJURY,0,0,0,0,0,1,0,2,1,1,41.83573011,-87.60829523,POINT (-87.608295228755 41.835730111988)
02eb8257caff26730895d01977a8cef68cec95b12378fb74e06d82a1dede7927313a39c8b498a292c69f4f670822b633a2f002223805235456afee4182847efa,HZ227708,Y,4/15/2016 20:30,30,UNKNOWN,UNKNOWN,CLEAR,"DARKNESS, LIGHTED ROAD",REAR END,NOT DIVIDED,,STRAIGHT AND LEVEL,DRY,UNKNOWN,NOT ON SCENE (DESK REPORT),NO INJURY / DRIVE AWAY,,,,"OVER $1,500",4/15/2016 23:00,NOT APPLICABLE,NOT APPLICABLE,4469,W,LAWRENCE AVE,1722,,,,,,,2,NO INDICATION OF INJURY,0,0,0,0,0,2,0,20,6,4,41.96799424,-87.74064316,POINT (-87.740643160063 41.967994241871)
06b89edff7304f582ac9e674d320c08a806dafd8805dcbe81e6bb5e040d3c7a5b66573b529e331e6e4cb2c7f880dcd3660849cace82df1bf39987c7971a99fec,JA320847,,6/24/2017 14:30,15,NO CONTROLS,NO CONTROLS,CLEAR,DAYLIGHT,REAR END,NOT DIVIDED,,STRAIGHT AND LEVEL,DRY,UNKNOWN,NOT ON SCENE (DESK REPORT),NO INJURY / DRIVE AWAY,,,,"OVER $1,500",6/24/2017 14:50,DRIVING SKILLS/KNOWLEDGE/EXPERIENCE,NOT APPLICABLE,6925,S,PULASKI RD,833,,,,,,,2,NO INDICATION OF INJURY,0,0,0,0,0,2,0,14,7,6,41.76687145,-87.72231684,POINT (-87.722316839225 41.7668714494)
0aab13e21aaf70605166e73880912245b92e18762578ba1087a44c53c843fbaa0e83b3a01895a2239395dd4b99b427256ede5099c0550240e3cb588cac90a6aa,JD234574,,5/16/2020 23:45,30,NO CONTROLS,NO CONTROLS,RAIN,"DARKNESS, LIGHTED ROAD",PARKED MOTOR VEHICLE,DIVIDED - W/MEDIAN (NOT RAISED),,STRAIGHT AND LEVEL,WET,NO DEFECTS,ON SCENE,INJURY AND / OR TOW DUE TO CRASH,,,Y,"OVER $1,500",5/16/2020 23:55,UNABLE TO DETERMINE,UNABLE TO DETERMINE,7622,W,BELMONT AVE,1631,,,,,,,3,NO INDICATION OF INJURY,0,0,0,0,0,1,0,23,7,5,41.93802848,-87.81751328,POINT (-87.817513278385 41.938028477982)
0046f5aaaad7963d80815891f7b83be235bb5c9cc3c64acd1710d26319a158361140f4479dc01c01a8b72aee9c747a82295d6ef59634778da1eaac589900980a,JE424152,,10/27/2021 11:50,30,NO CONTROLS,NO CONTROLS,CLEAR,DAYLIGHT,OTHER OBJECT,ONE-WAY,,STRAIGHT AND LEVEL,DRY,NO DEFECTS,ON SCENE,NO INJURY / DRIVE AWAY,,,,"OVER $1,500",10/27/2021 12:00,UNABLE TO DETERMINE,NOT APPLICABLE,1512,S,WASHTENAW AVE,1023,,,,,,,1,NO INDICATION OF INJURY,0,0,0,0,0,1,0,11,4,10,41.86064962,-87.69339014,POINT (-87.693390140266 41.86064961573)
08078cbeac04d4fb11da1292db3a2109c74b17a9bcec9d53d983fd46efb044cbde6ad3e048dcb9a86fc36de3ff270c16439e2e5572e11a5223be809c429f6903,JB285307,,5/30/2018 14:15,30,TRAFFIC SIGNAL,FUNCTIONING PROPERLY,CLEAR,DAYLIGHT,TURNING,DIVIDED - W/MEDIAN (NOT RAISED),2,STRAIGHT AND LEVEL,DRY,NO DEFECTS,,INJURY AND / OR TOW DUE TO CRASH,,,,"OVER $1,500",5/30/2018 14:17,DRIVING SKILLS/KNOWLEDGE/EXPERIENCE,NOT APPLICABLE,2201,S,CALIFORNIA AVE,1034,,,,,,,5,NONINCAPACITATING INJURY,2,0,0,2,0,2,0,14,4,5,41.85185799,-87.69529781,POINT (-87.695297806149 41.851857985149)
053cdc7a2fe7a2e4e116fa8712ff1c0339d37aa186bdee5f63c54d708822b64c2db74710757d3962fc1d6a3e038841f1b2835be51b926a028ada163890fa78ca,JF454420,,10/29/2022 16:00,30,STOP SIGN/FLASHER,FUNCTIONING PROPERLY,CLEAR,DAYLIGHT,PEDALCYCLIST,FOUR WAY,,STRAIGHT AND LEVEL,DRY,NO DEFECTS,ON SCENE,INJURY AND / OR TOW DUE TO CRASH,Y,,,"OVER $1,500",10/29/2022 16:05,DISREGARDING STOP SIGN,NOT APPLICABLE,7321,W,BELMONT AVE,2511,,,,,,,2,INCAPACITATING INJURY,1,0,1,0,0,1,0,16,7,10,41.93788048,-87.81007828,POINT (-87.810078278319 41.937880483018)
030e44347793946cb55b5ddcecba8843dfdd3924a779b6308aff687c2525b64dd44a6ce036e515188e004d2e112e567d9ed1dfe816ac0e1429ce2a7fa718231c,HZ479838,,10/18/2016 17:15,30,STOP SIGN/FLASHER,NO CONTROLS,CLEAR,DAYLIGHT,SIDESWIPE SAME DIRECTION,ONE-WAY,1,STRAIGHT AND LEVEL,DRY,NO DEFECTS,NOT ON SCENE (DESK REPORT),NO INJURY / DRIVE AWAY,,,,"OVER $1,500",10/18/2016 19:30,IMPROPER OVERTAKING/PASSING,DRIVING SKILLS/KNOWLEDGE/EXPERIENCE,6500,N,ONARGA AVE,1611,,,,,,,2,NO INDICATION OF INJURY,0,0,0,0,0,2,0,17,3,10,41.9985832,-87.80694438,POINT (-87.806944381918 41.99858319604)
0a9df5af1a4c9c5b9732fb6faa271a35b1d368b8ec70ed6af1b20270f8043417906b4fd9cc7db0616746aff4fa4f807c394810035fc3a1bc2caa0866860fc74c,JC451536,,9/28/2019 9:00,30,NO CONTROLS,NO CONTROLS,CLOUDY/OVERCAST,DAYLIGHT,SIDESWIPE SAME DIRECTION,NOT DIVIDED,,STRAIGHT AND LEVEL,WET,NO DEFECTS,NOT ON SCENE (DESK REPORT),NO INJURY / DRIVE AWAY,,,,"OVER $1,500",9/28/2019 9:25,WEATHER,IMPROPER OVERTAKING/PASSING,1551,N,KEDZIE AVE,1423,,,,,,,2,NO INDICATION OF INJURY,0,0,0,0,0,2,0,9,7,9,41.90983272,-87.7068537,POINT (-87.706853697186 41.909832723118)
04e3ca34c3ceeba4b2d461b3322980b55ec589bf4ba62f63e75d9e6f3b99ed060fa65c5bcbdbc1c2a711f697b9620c1631dbd08c3a21a72b7aa4f96a0c45509e,JF203926,,4/10/2022 20:16,25,TRAFFIC SIGNAL,FUNCTIONING PROPERLY,CLEAR,"DARKNESS, LIGHTED ROAD",ANGLE,FOUR WAY,,STRAIGHT AND LEVEL,DRY,NO DEFECTS,ON SCENE,INJURY AND / OR TOW DUE TO CRASH,Y,,,"OVER $1,500",4/10/2022 20:16,DISREGARDING TRAFFIC SIGNALS,UNABLE TO DETERMINE,1400,W,CERMAK RD,1235,,Y,,,,,2,INCAPACITATING INJURY,2,0,2,0,0,3,0,20,1,4,41.85252617,-87.66129007,POINT (-87.661290064695 41.852526165608)
0bbd7934551e8ac859bccfe3daa554e3125a4f4da4cba7fabda2331cbd97568c8b7ef5c23c90fa9094183f613796bf285550c2fa2fe68fbcdacad34c0b2dba8a,JB119426,,1/17/2018 14:40,30,STOP SIGN/FLASHER,FUNCTIONING PROPERLY,CLEAR,DAYLIGHT,PARKED MOTOR VEHICLE,ONE-WAY,1,STRAIGHT AND LEVEL,SNOW OR SLUSH,NO DEFECTS,ON SCENE,NO INJURY / DRIVE AWAY,,,Y,"OVER $1,500",1/17/2018 14:44,EQUIPMENT - VEHICLE CONDITION,DRIVING SKILLS/KNOWLEDGE/EXPERIENCE,740,E,50TH PL,223,,,,,,,2,NO INDICATION OF INJURY,0,0,0,0,0,2,0,14,4,1,41.80326704,-87.6071753,POINT (-87.607175302996 41.80326703579)
0c8942fac79f73ac4a06b81966f53ad3ddfab30d5665a96e6beea7eaec1fc6478a5dc383179840d1f2864fc3d392ffccf1bc4a4c9007959bcba2cf997d76dfa1,JE389489,,9/27/2021 17:47,30,TRAFFIC SIGNAL,UNKNOWN,CLEAR,DAYLIGHT,PEDALCYCLIST,FOUR WAY,,STRAIGHT AND LEVEL,DRY,UNKNOWN,ON SCENE,INJURY AND / OR TOW DUE TO CRASH,Y,,Y,"OVER $1,500",9/27/2021 18:07,DISREGARDING TRAFFIC SIGNALS,NOT APPLICABLE,3400,W,DIVISION ST,1422,,,,,,,2,NONINCAPACITATING INJURY,1,0,0,1,0,2,0,17,2,9,41.90289611,-87.71180644,POINT (-87.711806442708 41.902896105393)
073e4a236dfba2f590d299b119f5622af43709b6f29216115aa96a26a509027a1897b43984a4c38d346ab07bad8c3a43e862b861007930d04312da3f0d1e9946,JE407967,,10/13/2021 7:55,30,TRAFFIC SIGNAL,FUNCTIONING PROPERLY,CLEAR,DAYLIGHT,SIDESWIPE SAME DIRECTION,FOUR WAY,,STRAIGHT AND LEVEL,DRY,NO DEFECTS,ON SCENE,NO INJURY / DRIVE AWAY,Y,,,"OVER $1,500",10/13/2021 8:40,IMPROPER OVERTAKING/PASSING,NOT APPLICABLE,1610,S,KOSTNER AVE,1012,,,,,,,2,NO INDICATION OF INJURY,0,0,0,0,0,2,0,7,4,10,41.85838643,-87.73487194,POINT (-87.734871936605 41.858386429517)
0abe1e6f80a11c6304ce47981ca95d18c09440f47d2fa231d89a29edcfc35b26fa20c0611bd8d3ecddf54eb176aa3eeab890ea8282bc81dcdbcb286dcbb204f3,JD397458,,10/12/2020 19:45,30,STOP SIGN/FLASHER,FUNCTIONING PROPERLY,CLEAR,"DARKNESS, LIGHTED ROAD",TURNING,NOT DIVIDED,,STRAIGHT AND LEVEL,DRY,NO DEFECTS,NOT ON SCENE (DESK REPORT),NO INJURY / DRIVE AWAY,Y,,,"$501 - $1,500",10/12/2020 20:20,FAILING TO YIELD RIGHT-OF-WAY,FAILING TO REDUCE SPEED TO AVOID CRASH,6434,W,GRAND AVE,2512,,,,,,,2,NO INDICATION OF INJURY,0,0,0,0,0,3,0,19,2,10,41.92312814,-87.78665103,POINT (-87.786651032016 41.923128144299)
0141970a712a3c7543a7a6fc39874bb95318c905a4624e688d82a987025754158eaca676ebfdbe1850ee295c167084de6edca665b993ac979080b0dffaf53684,JE313069,,7/24/2021 23:41,30,NO CONTROLS,NO CONTROLS,CLEAR,"DARKNESS, LIGHTED ROAD",PEDESTRIAN,ALLEY,,STRAIGHT AND LEVEL,DRY,NO DEFECTS,ON SCENE,INJURY AND / OR TOW DUE TO CRASH,,,Y,"OVER $1,500",7/24/2021 23:45,UNABLE TO DETERMINE,NOT APPLICABLE,11601,S,LOOMIS ST,524,,,,,,,2,NONINCAPACITATING INJURY,1,0,0,1,0,1,0,23,7,7,41.68298019,-87.65653563,POINT (-87.65653562621 41.682980191091)
0ac1f339f5d5e8ac6246bfe3c2f3cc4f29d9dea7406f6aca36d3fdc872be604fad6c25ead07a3982c4975a4daf63b201b480ec02c2a5c3f6a917d132d80f6390,JB229730,,4/19/2018 12:04,30,TRAFFIC SIGNAL,FUNCTIONING PROPERLY,CLEAR,DAYLIGHT,ANGLE,ONE-WAY,,STRAIGHT AND LEVEL,DRY,NO DEFECTS,ON SCENE,INJURY AND / OR TOW DUE TO CRASH,Y,,,"OVER $1,500",4/19/2018 12:31,DISREGARDING TRAFFIC SIGNALS,EXCEEDING AUTHORIZED SPEED LIMIT,121,E,ILLINOIS ST,1834,,,,,,,2,INCAPACITATING INJURY,1,0,1,0,0,2,0,12,5,4,41.89082252,-87.62421385,POINT (-87.62421385445 41.890822517804)
060ad7589dbaaab949bf6ec9e7734c1f01fd7e8c531e00048d3dbaca188437c145266a945cc7b6a8772bade6c80d37561cf76fc44e66f3acd408d177e714ebc6,JF232413,Y,5/6/2022 13:15,30,TRAFFIC SIGNAL,FUNCTIONING PROPERLY,RAIN,DAYLIGHT,REAR END,DIVIDED - W/MEDIAN (NOT RAISED),,STRAIGHT AND LEVEL,WET,NO DEFECTS,NOT ON SCENE (DESK REPORT),NO INJURY / DRIVE AWAY,,,,"OVER $1,500",5/6/2022 13:45,WEATHER,NOT APPLICABLE,8300,S,STONY ISLAND AVE,412,,,,,,,3,NO INDICATION OF INJURY,0,0,0,0,0,4,0,13,6,5,41.74415164,-87.58594507,POINT (-87.585945066953 41.744151639042)
0bd775782a1788ed5fa0b2f8dc1135d1deb04e3da7a7479080cd2533c5705ed49f541d99a596ee786fa31e26766e867144b99b3d6954d973670a911a2391428e,JA522439,,11/23/2017 3:20,30,NO CONTROLS,NO CONTROLS,CLEAR,"DARKNESS, LIGHTED ROAD",PARKED MOTOR VEHICLE,NOT DIVIDED,2,STRAIGHT AND LEVEL,DRY,NO DEFECTS,ON SCENE,NO INJURY / DRIVE AWAY,,,N,"OVER $1,500",11/23/2017 3:33,UNABLE TO DETERMINE,NOT APPLICABLE,234,N,PULASKI RD,1114,,,,,,,2,NO INDICATION OF INJURY,0,0,0,0,0,2,0,3,5,11,41.8845775,-87.72592668,POINT (-87.725926676537 41.884577497188)
06d94b00c30a615d7d9b8c28b27a81a54db239d3570f5dbe6882c9297d4c933c6f61d52bd927204cee4dad6a891b75ab1b7e209934743f46533c4284ce0b6aef,JB573146,,12/30/2018 20:45,30,TRAFFIC SIGNAL,FUNCTIONING PROPERLY,CLEAR,"DARKNESS, LIGHTED ROAD",REAR END,DIVIDED - W/MEDIAN BARRIER,4,STRAIGHT AND LEVEL,DRY,NO DEFECTS,NOT ON SCENE (DESK REPORT),NO INJURY / DRIVE AWAY,Y,,,"OVER $1,500",12/30/2018 21:45,EXCEEDING SAFE SPEED FOR CONDITIONS,NOT APPLICABLE,1551,E,53RD ST,234,,,,,,,2,NO INDICATION OF INJURY,0,0,0,0,0,6,0,20,1,12,41.79945497,-87.58716895,POINT (-87.587168945253 41.799454972668)
05a5fe81c5cacf383fed71321d1fb8413082500de674abefeb69d3911d53af157548328bd283f2e877469dabe2a0456987a6d30791c1e8872c7d6513da1a4fd1,HZ444453,,9/22/2016 7:05,0,TRAFFIC SIGNAL,FUNCTIONING PROPERLY,CLEAR,DAYLIGHT,TURNING,NOT DIVIDED,6,STRAIGHT AND LEVEL,DRY,WORN SURFACE,NOT ON SCENE (DESK REPORT),NO INJURY / DRIVE AWAY,Y,,,"$501 - $1,500",9/22/2016 7:50,IMPROPER OVERTAKING/PASSING,NOT APPLICABLE,753,W,GRAND AVE,1214,,,,Y,MAINTENANCE,Y,2,NO INDICATION OF INJURY,0,0,0,0,0,6,0,7,5,9,41.89107589,-87.64752724,POINT (-87.647527240137 41.891075889311)
081369766841420a7ea9a73a2fe461cd596e90dfad8c8b1447673b99fdaf44cf16304c89fd2085faa731f12343c075199b0f1e6a87d430624be7494ec0fec65a,JC270552,,5/17/2019 13:30,30,NO CONTROLS,NO CONTROLS,CLEAR,DAYLIGHT,FIXED OBJECT,PARKING LOT,,STRAIGHT AND LEVEL,DRY,NO DEFECTS,NOT ON SCENE (DESK REPORT),NO INJURY / DRIVE AWAY,,Y,,"OVER $1,500",5/20/2019 10:15,UNABLE TO DETERMINE,UNABLE TO DETERMINE,9901,S,DR MARTIN LUTHER KING JR DR,511,,,,,,,1,NO INDICATION OF INJURY,0,0,0,0,0,1,0,13,6,5,41.71457403,-87.61383053,POINT (-87.613830526229 41.714574031879)
03c18bdf77ef9059290843ecd00b8e6c6cf95496cd0af7b14781d5d4569067ca23e9109086ca8c3c89a8e6bdff0ef35a0db39576f8ca42b2094d1e0952d8b880,HZ166752,,2/27/2016 6:45,30,TRAFFIC SIGNAL,FUNCTIONING PROPERLY,CLEAR,DAYLIGHT,FIXED OBJECT,DIVIDED - W/MEDIAN (NOT RAISED),2,STRAIGHT AND LEVEL,DRY,NO DEFECTS,NOT ON SCENE (DESK REPORT),INJURY AND / OR TOW DUE TO CRASH,,,,"OVER $1,500",2/27/2016 8:15,FAILING TO REDUCE SPEED TO AVOID CRASH,DRIVING SKILLS/KNOWLEDGE/EXPERIENCE,6700,S,SOUTH SHORE DR,331,,,,,,,2,NO INDICATION OF INJURY,0,0,0,0,0,2,0,6,7,2,41.77343857,-87.56689931,POINT (-87.566899305833 41.773438566009)
03e8f82321b1418b9fda5cb70e185cb41bc8bd19db306df55bca32ce6c452ecfd6aea95bc5658a76f57b4ffbca67d5e49fc801ea475b047c1b43cd72fe74266c,JC307359,,6/15/2019 9:00,30,TRAFFIC SIGNAL,NOT FUNCTIONING,CLEAR,DAYLIGHT,SIDESWIPE SAME DIRECTION,CENTER TURN LANE,,STRAIGHT AND LEVEL,DRY,NO DEFECTS,NOT ON SCENE (DESK REPORT),NO INJURY / DRIVE AWAY,Y,,,"OVER $1,500",6/15/2019 10:10,IMPROPER LANE USAGE,DRIVING SKILLS/KNOWLEDGE/EXPERIENCE,726,S,CENTRAL AVE,1513,,,,,,,2,NO INDICATION OF INJURY,0,0,0,0,0,3,0,9,7,6,41.87114533,-87.76461515,POINT (-87.764615152286 41.871145334441)