CRASH_RECORD_ID,RD_NO,CRASH_DATE_EST_I,CRASH_DATE,POSTED_SPEED_LIMIT,TRAFFIC_CONTROL_DEVICE,DEVICE_CONDITION,WEATHER_CONDITION,LIGHTING_CONDITION,FIRST_CRASH_TYPE,TRAFFICWAY_TYPE,LANE_CNT,ALIGNMENT,ROADWAY_SURFACE_COND,ROAD_DEFECT,REPORT_TYPE,CRASH_TYPE,INTERSECTION_RELATED_I,NOT_RIGHT_OF_WAY_I,HIT_AND_RUN_I,DAMAGE,DATE_POLICE_NOTIFIED,PRIM_CONTRIBUTORY_CAUSE,SEC_CONTRIBUTORY_CAUSE,STREET_NO,STREET_DIRECTION,STREET_NAME,BEAT_OF_OCCURRENCE,PHOTOS_TAKEN_I,STATEMENTS_TAKEN_I,DOORING_I,WORK_ZONE_I,WORK_ZONE_TYPE,WORKERS_PRESENT_I,NUM_UNITS,MOST_SEVERE_INJURY,INJURIES_TOTAL,INJURIES_FATAL,INJURIES_INCAPACITATING,INJURIES_NON_INCAPACITATING,INJURIES_REPORTED_NOT_EVIDENT,INJURIES_NO_INDICATION,INJURIES_UNKNOWN,CRASH_HOUR,CRASH_DAY_OF_WEEK,CRASH_MONTH,LATITUDE,LONGITUDE,LOCATION
0032632b2f33fcbeec5f673a650f8638a9a89692676ec1caa22f92922497ad876eb0614c5193a0034e636d750d203eb0372a35d4f5702af2f1f44a006c9bac19,JE441744,,11/2/2021 16:27,30,NO CONTROLS,NO CONTROLS,CLEAR,DAYLIGHT,REAR END,UNKNOWN,,STRAIGHT AND LEVEL,DRY,UNKNOWN,NOT ON SCENE (DESK REPORT),NO INJURY / DRIVE AWAY,,,,"OVER $1,500",11/11/2021 15:00,IMPROPER OVERTAKING/PASSING,NOT APPLICABLE,5202,N,CLARK ST,2012,,,,,,,2,NO INDICATION OF INJURY,0,0,0,0,0,2,0,16,3,11,41.97629869,-87.66857041,POINT (-87.668570412765 41.976298691267)
07413d1a14757bb0183100e90c54a73b9f03fa894ae64ec6a1ad65f438d082cad4fa2d6a0078874a82b52d48113df48e2e845251f72423f1553bdc38fa1f1fb5,JB163879,,2/24/2018 5:00,30,NO CONTROLS,NO CONTROLS,CLEAR,DARKNESS,PARKED MOTOR VEHICLE,ONE-WAY,1,STRAIGHT AND LEVEL,DRY,NO DEFECTS,NOT ON SCENE (DESK REPORT),NO INJURY / DRIVE AWAY,,,Y,"$501 - $1,500",2/24/2018 15:04,UNABLE TO DETERMINE,UNABLE TO DETERMINE,2701,W,ADAMS ST,1125,,,,,,,2,NO INDICATION OF INJURY,0,0,0,0,0,1,0,5,7,2,41.87825875,-87.69390425,POINT (-87.693904251885 41.878258749642)
096a9f472126119581a697e8a772569ebaebe57dfba50307b0f290eb5ef7702e8be3a26c310e95ade566a82f0fc79c024c137e680efd7f3ce69b969dc42a3c23,JG228806,,4/18/2023 20:15,10,NO CONTROLS,NO CONTROLS,CLEAR,"DARKNESS, LIGHTED ROAD",PARKED MOTOR VEHICLE,PARKING LOT,,STRAIGHT AND LEVEL,DRY,NO DEFECTS,NOT ON SCENE (DESK REPORT),NO INJURY / DRIVE AWAY,,Y,Y,"OVER $1,500",4/18/2023 21:00,UNABLE TO DETERMINE,UNABLE TO DETERMINE,424,W,DIVISION ST,1821,,,,,,,2,NO INDICATION OF INJURY,0,0,0,0,0,1,0,20,3,4,41.90388396,-87.6394372,POINT (-87.639437201552 41.90388396114)
03c28bc3ff9dc10ed119c00852b1ec83cd1b47942ed37b5d84435916d06591767b1225e19f081e5ccfd81bfd5a043989b6cc3f82d4ef9e11017196da402ff4c6,JG124990,,1/22/2023 1:35,30,TRAFFIC SIGNAL,FUNCTIONING PROPERLY,CLEAR,"DARKNESS, LIGHTED ROAD",REAR END,DIVIDED - W/MEDIAN (NOT RAISED),,STRAIGHT AND LEVEL,DRY,NO DEFECTS,NOT ON SCENE (DESK REPORT),NO INJURY / DRIVE AWAY,Y,,,"OVER $1,500",1/22/2023 2:45,FOLLOWING TOO CLOSELY,NOT APPLICABLE,1000,N,HAMLIN AVE,1112,,,,,,,2,NO INDICATION OF INJURY,0,0,0,0,0,2,0,1,1,1,41.89915059,-87.72146229,POINT (-87.721462285974 41.899150586232)
01c32a9983bf769fe1177eadb3bcb3105f8e061883d69e18342eb7306f15ad708e8aacd10091e7c034ed74828a1a6bf682b07ae20d1d6bbb4ffb09f47cdfa824,JB139051,,2/2/2018 18:02,30,NO CONTROLS,NO CONTROLS,CLEAR,"DARKNESS, LIGHTED ROAD",PEDESTRIAN,ONE-WAY,1,STRAIGHT AND LEVEL,DRY,NO DEFECTS,ON SCENE,INJURY AND / OR TOW DUE TO CRASH,,,,$500 OR LESS,2/2/2018 18:02,UNABLE TO DETERMINE,UNABLE TO DETERMINE,750,E,50TH PL,223,,,,,,,2,"REPORTED, NOT EVIDENT",1,0,0,0,1,1,0,18,6,2,41.80327116,-87.60675641,POINT (-87.606756404996 41.803271162105)
0c4be8c45621120272916fdaff0806fa16f919ce1fa88f06536532e1b2bb7fe5e8aeceb497c73c07aef3dd450b0eea382477b8d114b46e09a99920430d2263ef,JC214234,,4/6/2019 15:50,30,NO CONTROLS,NO CONTROLS,CLEAR,DAYLIGHT,REAR END,NOT DIVIDED,2,STRAIGHT AND LEVEL,DRY,NO DEFECTS,NOT ON SCENE (DESK REPORT),NO INJURY / DRIVE AWAY,,,,"OVER $1,500",4/6/2019 17:00,UNABLE TO DETERMINE,UNABLE TO DETERMINE,600,N,CENTRAL AVE,1511,,,,,,,2,NO INDICATION OF INJURY,0,0,0,0,0,2,0,15,7,4,41.89118587,-87.76539853,POINT (-87.765398533209 41.891185870372)
0244e2ca3afcd75d63987dc2ad69a4f8e3714b99170398df93aa6dc3d423b276142e89ef35c15b8c420fd1ba0b85301e580dcf4e624879afe648e694126d11ac,JF203006,,4/9/2022 20:27,30,NO CONTROLS,NO CONTROLS,CLEAR,"DARKNESS, LIGHTED ROAD",SIDESWIPE SAME DIRECTION,NOT DIVIDED,,STRAIGHT AND LEVEL,DRY,NO DEFECTS,,NO INJURY / DRIVE AWAY,,,Y,"OVER $1,500",4/9/2022 20:31,IMPROPER OVERTAKING/PASSING,IMPROPER OVERTAKING/PASSING,435,W,DIVERSEY PKWY,1935,Y,Y,,,,,2,NO INDICATION OF INJURY,0,0,0,0,0,2,0,20,7,4,41.93277261,-87.64076403,POINT (-87.640764030251 41.932772606941)
0a62b601f122ecadb76a9f0e88328d8f16d31549881b844105b105844f60baee20e144cbf999ea86b3f87773fed95f17cc0f6cfacc6786835d8aef8aee7582ba,HZ278123,,5/24/2016 17:00,30,NO CONTROLS,NO CONTROLS,CLEAR,DAYLIGHT,REAR END,NOT DIVIDED,5,STRAIGHT AND LEVEL,DRY,NO DEFECTS,NOT ON SCENE (DESK REPORT),INJURY AND / OR TOW DUE TO CRASH,,,,"OVER $1,500",5/24/2016 18:00,FOLLOWING TOO CLOSELY,NOT APPLICABLE,1600,W,ROOSEVELT RD,1231,,,,,,,2,"REPORTED, NOT EVIDENT",1,0,0,0,1,1,0,17,3,5,41.86697112,-87.66650974,POINT (-87.666509743796 41.86697111645)
03e7e59d6bfc59d8126dde7b3d1543ec7c19d167b235dc7776c719e0bef70721f8940dca1a25fb5187aec7ff7111e392acbddd2ebc97642962d7a5f7e893381e,HY513944,,11/24/2015 20:10,0,NO CONTROLS,NO CONTROLS,UNKNOWN,UNKNOWN,REAR END,UNKNOWN,,STRAIGHT AND LEVEL,UNKNOWN,UNKNOWN,NOT ON SCENE (DESK REPORT),NO INJURY / DRIVE AWAY,,,,"OVER $1,500",11/24/2015 20:45,NOT APPLICABLE,NOT APPLICABLE,5030,S,CICERO AVE,814,,,,,,,2,NO INDICATION OF INJURY,0,0,0,0,0,2,0,20,3,11,41.80120796,-87.74312757,POINT (-87.743127570959 41.801207959891)
09b64c627c2ffd3aea59a68520362ab98d8c5f871d4a4642e5032f656ca0d577326706517669ea5aee3d6102864737009ade701d2f7e5ca7463a26ceb55387a3,JG296291,,6/10/2023 23:47,25,NO CONTROLS,NO CONTROLS,CLEAR,"DARKNESS, LIGHTED ROAD",PARKED MOTOR VEHICLE,NOT DIVIDED,,STRAIGHT AND LEVEL,DRY,NO DEFECTS,ON SCENE,NO INJURY / DRIVE AWAY,,,,"OVER $1,500",6/10/2023 23:47,CELL PHONE USE OTHER THAN TEXTING,NOT APPLICABLE,4232,W,64TH ST,813,,,,,,,3,NO INDICATION OF INJURY,0,0,0,0,0,1,0,23,7,6,41.77687312,-87.72887913,POINT (-87.728879130188 41.776873121079)
09bec6cbcba8bfa5f4ce0555096d437ae9ad1ad013c673156d0da7e783ca3c950267b3076342cde5f0426109fea9b168e018eca81e5939415f45ffd7b5fbe6b9,JD298882,,7/15/2020 9:30,0,NO CONTROLS,NO CONTROLS,CLEAR,DAYLIGHT,PARKED MOTOR VEHICLE,PARKING LOT,,STRAIGHT AND LEVEL,DRY,NO DEFECTS,NOT ON SCENE (DESK REPORT),NO INJURY / DRIVE AWAY,,Y,,"OVER $1,500",7/15/2020 23:30,UNABLE TO DETERMINE,UNABLE TO DETERMINE,5000,W,BLOOMINGDALE AVE,2533,,,,,,,2,NO INDICATION OF INJURY,0,0,0,0,0,1,0,9,4,7,41.91332325,-87.75132719,POINT (-87.751327188929 41.91332324636)
072fedbc533533c0d97664e6758eb776499e66d1839f313a1a598f1e4121b98d87faa04fe6d0bd9fc675c0bcc3a7ee8ad675aea5909dc65efa2344a8edc783d3,JC550514,,12/17/2019 16:40,30,TRAFFIC SIGNAL,FUNCTIONING PROPERLY,CLEAR,"DARKNESS, LIGHTED ROAD",REAR END,NOT DIVIDED,,STRAIGHT AND LEVEL,DRY,NO DEFECTS,ON SCENE,NO INJURY / DRIVE AWAY,Y,,,"OVER $1,500",12/17/2019 17:00,FOLLOWING TOO CLOSELY,UNABLE TO DETERMINE,3450,S,CALIFORNIA AVE,911,,,,,,,2,NO INDICATION OF INJURY,0,0,0,0,0,2,0,16,3,12,41.83040282,-87.69495247,POINT (-87.694952467868 41.830402822602)
01a7c12500562d1d54753ee6a8f570cb83e7d3d368a37553b28ff9913e535f6d6ab82d2571ea2ed1a55fad28ab7bca7647da385a42146dce37042c72e8c2f1d8,JF301844,,7/1/2022 19:57,30,NO CONTROLS,UNKNOWN,CLEAR,DAYLIGHT,FIXED OBJECT,NOT DIVIDED,,STRAIGHT AND LEVEL,DRY,NO DEFECTS,ON SCENE,INJURY AND / OR TOW DUE TO CRASH,,,N,"OVER $1,500",7/1/2022 20:13,UNABLE TO DETERMINE,NOT APPLICABLE,3852,W,LAKE ST,1122,,,,,,,1,NO INDICATION OF INJURY,0,0,0,0,0,1,0,19,6,7,41.88542828,-87.72294419,POINT (-87.722944187186 41.885428283947)
09606867dedbed28dd935262bebb88218582ae3ab6dfb0710b9d278f0115360870755c0a20c7a1a4c9239107f12139fcfb2e6b8e2de42a96607cb5b24ee3960b,JF144552,,2/14/2022 19:40,30,NO CONTROLS,NO CONTROLS,CLEAR,"DARKNESS, LIGHTED ROAD",REAR END,NOT DIVIDED,,STRAIGHT AND LEVEL,DRY,NO DEFECTS,ON SCENE,NO INJURY / DRIVE AWAY,,,,"OVER $1,500",2/14/2022 20:02,UNABLE TO DETERMINE,UNABLE TO DETERMINE,1520,W,NORTH AVE,1433,,,,,,,2,NO INDICATION OF INJURY,0,0,0,0,0,3,0,19,2,2,41.91076195,-87.666121,POINT (-87.666120995872 41.910761948707)
0443e65ffa1b41e0d2e29c677aee39783fbb98f84427dee478b976e781022567d54fedef8a6013d97699ca01c3916dffceaf4a328dd162ab265b3bc00668377e,JF113504,,1/15/2022 1:30,30,NO CONTROLS,NO CONTROLS,SNOW,"DARKNESS, LIGHTED ROAD",PARKED MOTOR VEHICLE,ONE-WAY,,STRAIGHT AND LEVEL,SNOW OR SLUSH,NO DEFECTS,ON SCENE,NO INJURY / DRIVE AWAY,,,Y,"OVER $1,500",1/15/2022 9:45,UNABLE TO DETERMINE,UNABLE TO DETERMINE,5651,S,INDIANA AVE,231,,,,,,,2,NO INDICATION OF INJURY,0,0,0,0,0,1,0,1,7,1,41.79141297,-87.62061448,POINT (-87.62061447821 41.791412970692)
05690bc6552f6f27f05d0b17683fb1bde7990eb8c47ec1c25e0dac56a0e8817b911f269c5475bb4103c11535b3b85006cca9c49c1f1bad5ef2966d16d1c2b3cf,JA250774,,5/4/2017 17:30,30,NO CONTROLS,NO CONTROLS,CLEAR,DAYLIGHT,SIDESWIPE SAME DIRECTION,NOT DIVIDED,,STRAIGHT AND LEVEL,DRY,NO DEFECTS,NOT ON SCENE (DESK REPORT),NO INJURY / DRIVE AWAY,,,,"$501 - $1,500",5/4/2017 17:55,IMPROPER LANE USAGE,IMPROPER LANE USAGE,10300,S,VERNON AVE,512,,,,,,,2,NO INDICATION OF INJURY,0,0,0,0,0,2,0,17,5,5,41.70723923,-87.61269333,POINT (-87.612693334381 41.70723923133)
0aa69c445cb6affcf45922d01a6de7ad2f3be3bb9f9117f05f317341979ef9ad3733cd1a4c8f132bc31d42473f2c721bd7e32d76f0fa26cbe57ad1d5522bb1ca,HZ465479,,10/7/2016 17:05,30,NO CONTROLS,NO CONTROLS,CLEAR,DAYLIGHT,ANGLE,NOT DIVIDED,2,STRAIGHT AND LEVEL,DRY,NO DEFECTS,NOT ON SCENE (DESK REPORT),NO INJURY / DRIVE AWAY,,,,"OVER $1,500",10/7/2016 19:22,UNABLE TO DETERMINE,UNABLE TO DETERMINE,5199,W,WABANSIA AVE,2533,,,,,,,2,NO INDICATION OF INJURY,0,0,0,0,0,2,0,17,6,10,41.9112291,-87.7555748,POINT (-87.755574801956 41.911229103592)
0810e003cf34b39c390c4e21cd9e4be0f0cdd055d81af6242d1d5bb674fba249b54e560e75caeb9382f183c8faac179418070bab10d9f3e0722758b8b271c909,JE478752,,12/15/2021 19:57,15,NO CONTROLS,NO CONTROLS,CLOUDY/OVERCAST,"DARKNESS, LIGHTED ROAD",FIXED OBJECT,ONE-WAY,,STRAIGHT AND LEVEL,WET,NO DEFECTS,ON SCENE,INJURY AND / OR TOW DUE TO CRASH,,,,"OVER $1,500",12/15/2021 19:59,DRIVING SKILLS/KNOWLEDGE/EXPERIENCE,UNABLE TO DETERMINE,1,W,PARKING LOT A ST,1654,,,,,,,1,NO INDICATION OF INJURY,0,0,0,0,0,1,0,19,4,12,,,
0c030dc21fa8fd8a2bb0f8378b0b722c2f68d744d627d395e5956ed4d9aec6b3a9cd1eb0e62ff4f01989459a15d774c13c1f8a4b03bd43fc1d558c39e1c58525,JB154670,,2/16/2018 17:05,30,TRAFFIC SIGNAL,FUNCTIONING PROPERLY,CLEAR,DAYLIGHT,SIDESWIPE SAME DIRECTION,NOT DIVIDED,,STRAIGHT AND LEVEL,DRY,NO DEFECTS,NOT ON SCENE (DESK REPORT),NO INJURY / DRIVE AWAY,,,,"OVER $1,500",2/16/2018 17:40,IMPROPER OVERTAKING/PASSING,NOT APPLICABLE,525,S,STATE ST,123,,,,,,,2,NO INDICATION OF INJURY,0,0,0,0,0,2,0,17,6,2,41.87517906,-87.62747379,POINT (-87.627473789449 41.875179056058)
0aed00c7d960f3755f2fa1e502353c840937523c062b02dd5732cf022f94126a5a400e80fff2726174cc5d82d70c00bd79fcbd56dd76017c1e11879620e258cd,HZ395064,,8/16/2016 18:33,30,NO CONTROLS,NO CONTROLS,CLEAR,"DARKNESS, LIGHTED ROAD",ANGLE,NOT DIVIDED,,STRAIGHT AND LEVEL,DRY,NO DEFECTS,NOT ON SCENE (DESK REPORT),NO INJURY / DRIVE AWAY,Y,,,"OVER $1,500",8/16/2016 21:30,FAILING TO YIELD RIGHT-OF-WAY,NOT APPLICABLE,5146,S,ARCHER AVE,815,,,,,,,2,NO INDICATION OF INJURY,0,0,0,0,0,2,0,18,3,8,41.80053573,-87.7316915,POINT (-87.731691497046 41.800535725928)
08e1b0589af54b48a502f529b21a78aba85361bf68690d0f501909d7fed8ed58034cdd171281ecc8a9d363a3a97108540a1ad3e4dd3522bf7eb1dc5cbf513de7,JF469296,Y,11/9/2022 22:40,20,NO CONTROLS,NO CONTROLS,CLEAR,UNKNOWN,PARKED MOTOR VEHICLE,ONE-WAY,,STRAIGHT AND LEVEL,DRY,NO DEFECTS,ON SCENE,NO INJURY / DRIVE AWAY,,,Y,"OVER $1,500",11/10/2022 9:20,UNABLE TO DETERMINE,UNABLE TO DETERMINE,2731,W,22ND PL,1034,,,,,,,2,NO INDICATION OF INJURY,0,0,0,0,0,1,0,22,4,11,41.85089194,-87.69423194,POINT (-87.694231943104 41.850891942757)
0268116f065ae0906d1ff5d59b3fd51e871df5c4435e514dc7c00d3a8cab4eeafe4394dff55b7557cb8ee814c35b6cae1f88746d31d372eeca618899bfe9adff,JC175308,,3/6/2019 9:41,30,NO CONTROLS,NO CONTROLS,CLEAR,DAYLIGHT,REAR END,NOT DIVIDED,2,STRAIGHT AND LEVEL,DRY,NO DEFECTS,ON SCENE,INJURY AND / OR TOW DUE TO CRASH,,,,"OVER $1,500",3/6/2019 9:41,FOLLOWING TOO CLOSELY,DRIVING SKILLS/KNOWLEDGE/EXPERIENCE,1121,W,MONTROSE AVE,1915,,,,,,,2,NO INDICATION OF INJURY,0,0,0,0,0,2,0,9,4,3,41.96162533,-87.65820865,POINT (-87.658208646656 41.96162533432)
062dcd122c083198192951b66bd689131e33715d5e70034d05db48d7f5268aa122faae464a182e04a0915b51e603e71ace0f3e1f6646b7d9e50b702dc8eed1ab,JG160298,,2/13/2023 16:35,30,UNKNOWN,UNKNOWN,UNKNOWN,DAYLIGHT,FIXED OBJECT,UNKNOWN,,STRAIGHT AND LEVEL,UNKNOWN,UNKNOWN,NOT ON SCENE (DESK REPORT),NO INJURY / DRIVE AWAY,,,N,"$501 - $1,500",2/21/2023 7:50,UNABLE TO DETERMINE,UNABLE TO DETERMINE,1800,W,LAWRENCE AVE,2032,,,,,,,1,NO INDICATION OF INJURY,0,0,0,0,0,1,0,16,2,2,41.96892624,-87.67458649,POINT (-87.674586492122 41.96892623665)
069e7080aea0780f5f5d50aa132b76015ecebd8c251c31687a1f1669d819d1b4d4d88c1a52dd2059c0713fac9f2b74d2254dab1dae7f1acbcf6f1541e92fc862,JB547396,,12/10/2018 10:25,30,TRAFFIC SIGNAL,FUNCTIONING PROPERLY,CLEAR,DAYLIGHT,REAR END,NOT DIVIDED,,STRAIGHT AND LEVEL,DRY,NO DEFECTS,NOT ON SCENE (DESK REPORT),NO INJURY / DRIVE AWAY,,,Y,"$501 - $1,500",12/10/2018 12:20,UNABLE TO DETERMINE,UNABLE TO DETERMINE,8700,S,COTTAGE GROVE AVE,632,,,,,,,2,NO INDICATION OF INJURY,0,0,0,0,0,2,0,10,2,12,41.73660156,-87.6049681,POINT (-87.604968100168 41.736601558476)
02848e15e02ee9233fd1ae2b9f8b344934bd53487c116c641bba36b84e7cd77bd06b943beb5c69c0fd676fd3d21de6081386bb10a1cacc5b898977279e1e18fc,JD234748,Y,5/17/2020 8:10,25,NO CONTROLS,NO CONTROLS,UNKNOWN,UNKNOWN,OTHER OBJECT,ONE-WAY,,STRAIGHT AND LEVEL,UNKNOWN,UNKNOWN,ON SCENE,INJURY AND / OR TOW DUE TO CRASH,Y,,Y,"OVER $1,500",5/17/2020 8:10,UNABLE TO DETERMINE,NOT APPLICABLE,2433,S,WASHTENAW AVE,1034,,,,,,,1,NO INDICATION OF INJURY,0,0,0,0,0,1,0,8,1,5,41.84729197,-87.69271727,POINT (-87.692717265464 41.847291970959)
003c69e54895e28893c446f85552906e421a31cdbc2ba06d5a3f49b42ff459b23c8f94b9f9aeaebf575cf402817f4d88582036399ace003f88248b73811b7738,JF463918,,11/5/2022 23:00,30,NO CONTROLS,NO CONTROLS,CLEAR,"DARKNESS, LIGHTED ROAD",REAR END,DIVIDED - W/MEDIAN BARRIER,,STRAIGHT AND LEVEL,DRY,NO DEFECTS,NOT ON SCENE (DESK REPORT),NO INJURY / DRIVE AWAY,,,,"OVER $1,500",11/5/2022 23:00,UNABLE TO DETERMINE,NOT APPLICABLE,1414,N,LA SALLE DR,1821,,,,,,,2,NO INDICATION OF INJURY,0,0,0,0,0,6,0,23,7,11,41.90815737,-87.6332066,POINT (-87.633206597257 41.9081573655)
094404a1ee14956cb2e2dd70fa6d987a38fcd7c2cfd4a9323d0917ead4cc86d9a399d171975657ef4dc4531f3a4551bdf264fb5f045695968fd0f370c13a8b0d,JD377861,,9/24/2020 15:15,30,TRAFFIC SIGNAL,FUNCTIONING PROPERLY,CLEAR,DAYLIGHT,ANGLE,NOT DIVIDED,,STRAIGHT AND LEVEL,DRY,NO DEFECTS,NOT ON SCENE (DESK REPORT),NO INJURY / DRIVE AWAY,Y,,Y,"$501 - $1,500",9/24/2020 15:32,FAILING TO YIELD RIGHT-OF-WAY,NOT APPLICABLE,5200,W,WASHINGTON BLVD,1523,,,,,,,2,NO INDICATION OF INJURY,0,0,0,0,0,2,0,15,5,9,41.88247687,-87.75519503,POINT (-87.755195030001 41.882476867498)
01b6610ae762b50edc67f4d63c60e2a576d49769f70ff5088e130391c25265047bd64c2faa3fd0bdf5de22095e82f6fdb0277bd73992c8e135aeaa3f5e02df33,JG312263,,6/23/2023 8:05,20,NO CONTROLS,NO CONTROLS,CLEAR,DAYLIGHT,TURNING,NOT DIVIDED,,STRAIGHT AND LEVEL,DRY,NO DEFECTS,ON SCENE,INJURY AND / OR TOW DUE TO CRASH,N,,,"$501 - $1,500",6/23/2023 8:09,UNABLE TO DETERMINE,UNABLE TO DETERMINE,630,S,KEDZIE AVE,1134,,,,,,,2,NO INDICATION OF INJURY,0,0,0,0,0,2,0,8,6,6,41.87282093,-87.70603587,POINT (-87.706035868143 41.872820933366)
0caf86eb96f5fca70dc978f638c116a0d873a6b799e423cc1c8b74d7c0abaff9f67099e3780408754bebe5cf10a90d650ae094ccfd74737485ed4633485c6bd8,JA345510,,7/12/2017 17:25,30,TRAFFIC SIGNAL,FUNCTIONING PROPERLY,CLOUDY/OVERCAST,DAYLIGHT,REAR END,ONE-WAY,,STRAIGHT AND LEVEL,DRY,UNKNOWN,NOT ON SCENE (DESK REPORT),NO INJURY / DRIVE AWAY,Y,,,"OVER $1,500",7/12/2017 18:25,UNABLE TO DETERMINE,UNABLE TO DETERMINE,100,E,OHIO ST,1834,,,,,,,2,NO INDICATION OF INJURY,0,0,0,0,0,2,0,17,4,7,41.8926379,-87.62534141,POINT (-87.625341405856 41.89263789576)
05136445f92c5a0e0c835d9f4cbb5c9734d88155ed519ecd9ac054bb4330e6b46bc13f67b62a679f59ba75bad7a458c577f42356cf36f1efd36d05fae9d63121,JB417865,,8/29/2018 8:30,30,UNKNOWN,UNKNOWN,UNKNOWN,DAYLIGHT,SIDESWIPE SAME DIRECTION,NOT DIVIDED,,STRAIGHT AND LEVEL,WET,UNKNOWN,NOT ON SCENE (DESK REPORT),NO INJURY / DRIVE AWAY,,,,"$501 - $1,500",9/1/2018 13:02,UNABLE TO DETERMINE,NOT APPLICABLE,20,N,COLUMBUS DR,114,,,,,,,2,NO INDICATION OF INJURY,0,0,0,0,0,2,0,8,4,8,41.8825693,-87.6207999,POINT (-87.620799897064 41.882569303533)
098131814607e0d79b1a5585f64a3bd7e06149f6042006c134ba89c572210c5b634ebad585fe21e9756045476d44488305cec9329b4bfb86a7db254694dec985,JG245233,,5/2/2023 12:20,10,NO CONTROLS,NO CONTROLS,CLOUDY/OVERCAST,DAYLIGHT,FIXED OBJECT,PARKING LOT,,STRAIGHT AND LEVEL,DRY,NO DEFECTS,ON SCENE,NO INJURY / DRIVE AWAY,,Y,,"$501 - $1,500",5/2/2023 12:24,NOT APPLICABLE,UNABLE TO DETERMINE,5041,S,PRINCETON AVE,935,,,,,,,1,NO INDICATION OF INJURY,0,0,0,0,0,2,0,12,3,5,41.80241312,-87.63305258,POINT (-87.633052582582 41.802413118447)
08ef049137a619ba0525b4421e9a48cfbdd5b2b335b5bde804bdfcfd529d205447904ec574f2b86d4430b68555c5b27df7cac74fd14adb05d079efbddc0c768a,JD437760,Y,11/21/2020 11:00,30,NO CONTROLS,NO CONTROLS,CLEAR,DAYLIGHT,PARKED MOTOR VEHICLE,NOT DIVIDED,,STRAIGHT AND LEVEL,DRY,NO DEFECTS,NOT ON SCENE (DESK REPORT),NO INJURY / DRIVE AWAY,,,Y,"$501 - $1,500",11/21/2020 12:00,UNABLE TO DETERMINE,UNABLE TO DETERMINE,11948,S,CALUMET AVE,532,,,,,,,2,NO INDICATION OF INJURY,0,0,0,0,0,1,0,11,7,11,41.67662466,-87.61554282,POINT (-87.61554281599 41.676624656359)
0303bd4a1e1732757b7b2eb7f6c09ef5eebb7f877752a86771462c4843de1c8fc452709bf5c578295f240efd134e06a96b96f60442fa54626c622b9702a4cec0,JF288794,,6/21/2022 16:33,10,NO CONTROLS,NO CONTROLS,CLEAR,DAYLIGHT,ANGLE,PARKING LOT,,STRAIGHT AND LEVEL,DRY,NO DEFECTS,ON SCENE,NO INJURY / DRIVE AWAY,,,Y,"OVER $1,500",6/21/2022 16:37,UNABLE TO DETERMINE,NOT APPLICABLE,5440,W,MADISON ST,1522,,,,,,,2,NO INDICATION OF INJURY,0,0,0,0,0,2,0,16,3,6,41.88039647,-87.76181157,POINT (-87.761811571834 41.880396470091)
00a87625875d1a6f449bed85c31b174547f99bcfae9d692bffef5a17e2d64c8cd2ff0ee422c0e3c369649f2ed294364a3caff4f60eebc51b37c3e7341b33ec78,JA337195,,7/6/2017 16:53,30,TRAFFIC SIGNAL,FUNCTIONING PROPERLY,CLEAR,DAYLIGHT,REAR END,NOT DIVIDED,2,STRAIGHT AND LEVEL,UNKNOWN,UNKNOWN,NOT ON SCENE (DESK REPORT),NO INJURY / DRIVE AWAY,,,,"OVER $1,500",7/6/2017 17:13,EQUIPMENT - VEHICLE CONDITION,EQUIPMENT - VEHICLE CONDITION,2585,N,CLARK ST,1935,,,,,,,2,NO INDICATION OF INJURY,0,0,0,0,0,2,0,16,5,7,41.93003288,-87.64325434,POINT (-87.643254334859 41.930032879745)
03202855f8f0073e5e742533dac6bcb9e84fff8a76ad548e0f91d07caf0849143e93038f2f08e1a5324dc6b36f4276d021a62bd18210d29e0fb78be7767cfe3d,JF521384,,12/23/2022 17:30,25,NO CONTROLS,NO CONTROLS,CLEAR,DAYLIGHT,PARKED MOTOR VEHICLE,DRIVEWAY,,STRAIGHT AND LEVEL,SNOW OR SLUSH,NO DEFECTS,NOT ON SCENE (DESK REPORT),NO INJURY / DRIVE AWAY,,,,"$501 - $1,500",12/24/2022 9:45,IMPROPER TURNING/NO SIGNAL,IMPROPER TURNING/NO SIGNAL,1033,W,14TH PL,1232,,,,,,,2,NO INDICATION OF INJURY,0,0,0,0,0,1,0,17,6,12,41.8624248,-87.65217717,POINT (-87.652177169343 41.86242479691)
088d9a99a4da1a2aae5acd5289d639f62d3c15531e8ab9f932d475cd5996e449cecba598a859195ba27e48b33106b047f16ad225117f54a2fccfeff446c73d72,HY482455,,10/30/2015 15:22,25,TRAFFIC SIGNAL,FUNCTIONING PROPERLY,CLEAR,DAYLIGHT,TURNING,NOT DIVIDED,2,STRAIGHT ON GRADE,DRY,NO DEFECTS,ON SCENE,INJURY AND / OR TOW DUE TO CRASH,Y,,,"OVER $1,500",10/30/2015 15:32,DISREGARDING OTHER TRAFFIC SIGNS,UNABLE TO DETERMINE,6900,S,JEFFERY BLVD,332,,,,,,,2,NO INDICATION OF INJURY,0,0,0,0,0,2,0,15,6,10,41.76970786,-87.57654226,POINT (-87.576542259917 41.769707856796)