CRASH_RECORD_ID,RD_NO,CRASH_DATE_EST_I,CRASH_DATE,POSTED_SPEED_LIMIT,TRAFFIC_CONTROL_DEVICE,DEVICE_CONDITION,WEATHER_CONDITION,LIGHTING_CONDITION,FIRST_CRASH_TYPE,TRAFFICWAY_TYPE,LANE_CNT,ALIGNMENT,ROADWAY_SURFACE_COND,ROAD_DEFECT,REPORT_TYPE,CRASH_TYPE,INTERSECTION_RELATED_I,NOT_RIGHT_OF_WAY_I,HIT_AND_RUN_I,DAMAGE,DATE_POLICE_NOTIFIED,PRIM_CONTRIBUTORY_CAUSE,SEC_CONTRIBUTORY_CAUSE,STREET_NO,STREET_DIRECTION,STREET_NAME,BEAT_OF_OCCURRENCE,PHOTOS_TAKEN_I,STATEMENTS_TAKEN_I,DOORING_I,WORK_ZONE_I,WORK_ZONE_TYPE,WORKERS_PRESENT_I,NUM_UNITS,MOST_SEVERE_INJURY,INJURIES_TOTAL,INJURIES_FATAL,INJURIES_INCAPACITATING,INJURIES_NON_INCAPACITATING,INJURIES_REPORTED_NOT_EVIDENT,INJURIES_NO_INDICATION,INJURIES_UNKNOWN,CRASH_HOUR,CRASH_DAY_OF_WEEK,CRASH_MONTH,LATITUDE,LONGITUDE,LOCATION
070674944e58a50f7acb45425c94f437e690308cf9948e80d6812b1e61deda7bb85ec96273ac7183a734981703a21ea59a67f42b3281c655685d68d848897270,JE348191,,8/24/2021 10:15,30,NO CONTROLS,NO CONTROLS,CLEAR,DAYLIGHT,PARKED MOTOR VEHICLE,NOT DIVIDED,,STRAIGHT AND LEVEL,DRY,NO DEFECTS,ON SCENE,INJURY AND / OR TOW DUE TO CRASH,,,Y,"OVER $1,500",8/24/2021 11:20,FAILING TO YIELD RIGHT-OF-WAY,DISREGARDING ROAD MARKINGS,423,E,71ST ST,323,,,,,,,2,NO INDICATION OF INJURY,0,0,0,0,0,1,0,10,3,8,41.76561852,-87.61428011,POINT (-87.614280113186 41.765618522094)
030a30a9fec0f4d22c918e13848f00859605bf719f7a9c738aa78f7de5de27a9ca3b95e0c386f07ea02b8ac01f0a2da9476513c9c7b4fd3e249e2f841116bf1b,JC500352,,11/6/2019 6:30,30,NO CONTROLS,NO CONTROLS,CLEAR,"DARKNESS, LIGHTED ROAD",SIDESWIPE SAME DIRECTION,DIVIDED - W/MEDIAN BARRIER,,STRAIGHT AND LEVEL,DRY,NO DEFECTS,ON SCENE,NO INJURY / DRIVE AWAY,,,,$500 OR LESS,11/6/2019 6:32,UNABLE TO DETERMINE,NOT APPLICABLE,504,W,95TH ST,2223,,,,,,,2,NO INDICATION OF INJURY,0,0,0,0,0,2,0,6,4,11,41.72166783,-87.63618234,POINT (-87.636182335091 41.721667827039)
0b6f372da9ed25cfb72d2e0e8a1d8288172dee04989ad286ca7f2ae5ef0a4e685942542249bded34f8a3929cf7e1b442f6ff2a09186ed0e35ce50171b6b1f34e,JE117590,,1/19/2021 21:13,30,TRAFFIC SIGNAL,FUNCTIONING PROPERLY,SNOW,"DARKNESS, LIGHTED ROAD",REAR END,FOUR WAY,,STRAIGHT AND LEVEL,SNOW OR SLUSH,NO DEFECTS,NOT ON SCENE (DESK REPORT),NO INJURY / DRIVE AWAY,Y,,Y,"OVER $1,500",1/19/2021 22:04,UNABLE TO DETERMINE,UNABLE TO DETERMINE,5658,S,COTTAGE GROVE AVE,233,,,,,,,2,NO INDICATION OF INJURY,0,0,0,0,0,3,0,21,3,1,41.79141533,-87.60630132,POINT (-87.606301316753 41.791415330789)
0ca181e7a000deff2ac2804ff351a50788a6b25ef79b38c85e5f71deaff49996be1ea90efff98b28342863e6849908a6e1caac17f3094f86ca64f5747d799101,JA497991,,11/3/2017 22:10,25,NO CONTROLS,NO CONTROLS,CLEAR,DARKNESS,TURNING,NOT DIVIDED,2,STRAIGHT AND LEVEL,DRY,NO DEFECTS,NOT ON SCENE (DESK REPORT),NO INJURY / DRIVE AWAY,,,,"$501 - $1,500",11/3/2017 22:53,FAILING TO REDUCE SPEED TO AVOID CRASH,"OPERATING VEHICLE IN ERRATIC, RECKLESS, CARELESS, NEGLIGENT OR AGGRESSIVE MANNER",700,S,CENTRAL AVE,1513,,,,,,,2,NO INDICATION OF INJURY,0,0,0,0,0,2,0,22,6,11,41.87178124,-87.76471429,POINT (-87.764714290938 41.87178124117)
0711ddedcb1ddb98dd3d7f2da964474e7950821aa3bff798e2add77978ae4c249956997d5c2c5bcb750aa5a2ea603156e5c640b72cde3060984b39c65217b5f0,JE244813,,5/27/2021 13:00,30,NO CONTROLS,NO CONTROLS,CLEAR,DAYLIGHT,TURNING,FOUR WAY,,STRAIGHT AND LEVEL,DRY,NO DEFECTS,ON SCENE,NO INJURY / DRIVE AWAY,Y,,,"$501 - $1,500",5/27/2021 13:21,UNABLE TO DETERMINE,UNABLE TO DETERMINE,2058,N,RACINE AVE,1811,,,,,,,2,NO INDICATION OF INJURY,0,0,0,0,0,2,0,13,5,5,41.91969973,-87.65842211,POINT (-87.658422105659 41.919699729223)
0a289f12bce7e0f060301370a3e23a8eb9586c7c427db1e96478e3752636745fdb597a0844b596dbd9803d9e28b488836b2ff043a3796f4b98e1e500f5cf5fa8,JC217929,,4/9/2019 15:30,35,NO CONTROLS,NO CONTROLS,CLEAR,DAYLIGHT,REAR END,NOT DIVIDED,4,STRAIGHT AND LEVEL,DRY,NO DEFECTS,,NO INJURY / DRIVE AWAY,,,,"OVER $1,500",4/9/2019 16:00,"OPERATING VEHICLE IN ERRATIC, RECKLESS, CARELESS, NEGLIGENT OR AGGRESSIVE MANNER",UNABLE TO DETERMINE,3632,W,COLUMBUS AVE,834,,,,,,,2,NO INDICATION OF INJURY,0,0,0,0,0,2,0,15,3,4,41.74243803,-87.71298477,POINT (-87.712984773429 41.742438034372)
028e06b0d9a8a1d9fc0a20a76e5eda47cd6b00fa6146c596c2a999163a549668030a7a5b903cab95953ef8a1d316c7008d830a6f2f165b3c98539ae2a7c0d62c,JC510179,,11/13/2019 19:00,30,NO CONTROLS,NO CONTROLS,CLEAR,DAYLIGHT,PARKED MOTOR VEHICLE,NOT DIVIDED,,STRAIGHT AND LEVEL,DRY,NO DEFECTS,NOT ON SCENE (DESK REPORT),NO INJURY / DRIVE AWAY,,,N,"$501 - $1,500",11/14/2019 12:20,UNABLE TO DETERMINE,NOT APPLICABLE,824,N,WOOD ST,1212,,,,,,,2,NO INDICATION OF INJURY,0,0,0,0,0,1,0,19,4,11,41.89679596,-87.67234842,POINT (-87.672348424194 41.896795954672)
02156bbd79b4fbaac7d7f907b2f3ed4d3aa018eccb95a312dc1aa9c6ac6110b5ef77509ee882ef12bac2231a6496cb5548f7498128c91894afce3970fa9b8543,JA413471,,8/31/2017 12:53,30,NO CONTROLS,NO CONTROLS,CLEAR,DAYLIGHT,PARKED MOTOR VEHICLE,ONE-WAY,2,STRAIGHT AND LEVEL,DRY,NO DEFECTS,NOT ON SCENE (DESK REPORT),NO INJURY / DRIVE AWAY,,,,"$501 - $1,500",8/31/2017 15:00,FAILING TO YIELD RIGHT-OF-WAY,IMPROPER OVERTAKING/PASSING,3528,S,LA SALLE ST,213,,,,,,,2,NO INDICATION OF INJURY,0,0,0,0,0,2,0,12,5,8,41.82997036,-87.62994432,POINT (-87.629944318816 41.829970362948)
033257fc1b36e58e73a32e521a559937f8c15abd17851311a32bf8d6d893e301a5ec244c17e985d20e34998c7f3aac9a3fc4ccf6f81d581fabfbab52f1eb31d3,JB265552,,5/16/2018 8:06,30,TRAFFIC SIGNAL,FUNCTIONING PROPERLY,CLEAR,DAYLIGHT,TURNING,NOT DIVIDED,4,STRAIGHT AND LEVEL,DRY,"RUT, HOLES",NOT ON SCENE (DESK REPORT),NO INJURY / DRIVE AWAY,Y,,,"OVER $1,500",5/16/2018 9:15,IMPROPER TURNING/NO SIGNAL,ROAD ENGINEERING/SURFACE/MARKING DEFECTS,652,W,18TH ST,1235,,,,,,,2,NO INDICATION OF INJURY,0,0,0,0,0,2,0,8,4,5,41.85769751,-87.64396679,POINT (-87.643966792881 41.857697511495)
03bae04b4849064d03c520eccd5bdbf9c31293b9149e7d1f77afc99d860d54a9ef8204a9a57a0ea4cb62517320bfcf69174126e3fed82fa68f1af76bde992773,JD151237,,2/14/2020 8:00,30,TRAFFIC SIGNAL,FUNCTIONING PROPERLY,CLEAR,DAYLIGHT,ANGLE,NOT DIVIDED,,STRAIGHT AND LEVEL,DRY,NO DEFECTS,NOT ON SCENE (DESK REPORT),NO INJURY / DRIVE AWAY,,,,"OVER $1,500",2/14/2020 8:45,FAILING TO YIELD RIGHT-OF-WAY,NOT APPLICABLE,3532,W,111TH ST,2211,,,,,,,2,NO INDICATION OF INJURY,0,0,0,0,0,2,0,8,6,2,41.69154182,-87.70943218,POINT (-87.709432180964 41.691541818676)
0078a4c6159fcc5ef9d7c8ae9a4016a4358538ae67738ce1416b55aac370bb0063e4bff497b9d9fcce5dd627f6e884a2b7b6f052c802b1a8009910c6feaa0ab0,JG105815,,1/5/2023 19:30,30,NO CONTROLS,NO CONTROLS,FREEZING RAIN/DRIZZLE,"DARKNESS, LIGHTED ROAD",TURNING,NOT DIVIDED,,STRAIGHT AND LEVEL,WET,NO DEFECTS,ON SCENE,NO INJURY / DRIVE AWAY,,,,"OVER $1,500",1/5/2023 19:30,IMPROPER TURNING/NO SIGNAL,NOT APPLICABLE,1180,S,HALSTED ST,1232,,,,,,,2,NO INDICATION OF INJURY,0,0,0,0,0,2,0,19,5,1,41.86723997,-87.6470655,POINT (-87.647065496446 41.86723997334)
06adf257ce912bba16c6195dd1daa48ee49acf768a711220f7d328fea5e874c1dce64b5b9d20195cd386532fa3a4b37f1dc0acbfe3f6aebbdd0e6735a95bc752,JB437368,,9/16/2018 1:35,30,TRAFFIC SIGNAL,FUNCTIONING PROPERLY,CLEAR,"DARKNESS, LIGHTED ROAD",ANGLE,ONE-WAY,1,STRAIGHT AND LEVEL,DRY,UNKNOWN,NOT ON SCENE (DESK REPORT),NO INJURY / DRIVE AWAY,Y,,Y,"OVER $1,500",9/16/2018 1:41,DISREGARDING TRAFFIC SIGNALS,NOT APPLICABLE,8300,S,LOOMIS BLVD,614,,,,,,,2,NO INDICATION OF INJURY,0,0,0,0,0,3,0,1,1,9,41.74305162,-87.65854303,POINT (-87.658543028321 41.743051618434)
03f353f582efd99c65d0242ac5a36db19b3bff3f188b9e3c56847ed6002f45794fbd3597a17ff4fea092a435833f552a47c7dd0bdd5316f4066c73198fed6229,JG149255,,2/11/2023 19:30,30,TRAFFIC SIGNAL,FUNCTIONING PROPERLY,CLEAR,DUSK,TURNING,FOUR WAY,,STRAIGHT AND LEVEL,DRY,UNKNOWN,ON SCENE,NO INJURY / DRIVE AWAY,Y,,,$500 OR LESS,2/11/2023 19:38,UNABLE TO DETERMINE,UNABLE TO DETERMINE,1204,N,PULASKI RD,2534,,,,,,,2,NO INDICATION OF INJURY,0,0,0,0,0,5,0,19,7,2,41.90285119,-87.72645586,POINT (-87.72645585597 41.902851187225)
070e92d32ba44efe5e0338159fcdb3119bd9fd2dfa8ade331a669f54da39a91d35052eeda35c780109ad35f7f16ce83a90039133dd18f30804b95c9115f43eb0,JC229822,,4/19/2019 0:10,30,NO CONTROLS,UNKNOWN,UNKNOWN,"DARKNESS, LIGHTED ROAD",TURNING,OTHER,,STRAIGHT AND LEVEL,UNKNOWN,UNKNOWN,ON SCENE,NO INJURY / DRIVE AWAY,N,,Y,"OVER $1,500",4/19/2019 0:45,ROAD CONSTRUCTION/MAINTENANCE,NOT APPLICABLE,300,E,63RD ST,311,,,,,,,2,NO INDICATION OF INJURY,0,0,0,0,0,2,0,0,6,4,41.78029139,-87.61882023,POINT (-87.618820231187 41.780291393174)
0454a68554f351a31774473e43f08600cfdc29b460c8ac941819fcb026fd27487b2712cbf5c9ecc291eddd264e6556b58380042afcc8650a8211990e03e88289,JB374919,,7/27/2018 18:30,30,NO CONTROLS,NO CONTROLS,UNKNOWN,UNKNOWN,PARKED MOTOR VEHICLE,PARKING LOT,0,STRAIGHT AND LEVEL,UNKNOWN,UNKNOWN,NOT ON SCENE (DESK REPORT),NO INJURY / DRIVE AWAY,,Y,,"$501 - $1,500",8/1/2018 18:44,UNABLE TO DETERMINE,UNABLE TO DETERMINE,1658,N,MILWAUKEE AVE,1434,,,,,,,2,NO INDICATION OF INJURY,0,0,0,0,0,1,0,18,6,7,41.91144287,-87.67933447,POINT (-87.679334471847 41.911442870211)
024180cec0f9d1ea1a0f5f6b3fe18345b42f4cf019af7ec224b0fd37031f0a06a0ff491c2d294a8a17145cf512c7f96a33b80e57ca51c4f5b9d6143b6c2d438d,JB350835,,7/15/2018 14:11,30,NO CONTROLS,NO CONTROLS,CLEAR,DAYLIGHT,SIDESWIPE SAME DIRECTION,ONE-WAY,2,STRAIGHT ON GRADE,DRY,NO DEFECTS,ON SCENE,NO INJURY / DRIVE AWAY,,,Y,"$501 - $1,500",7/15/2018 14:38,IMPROPER OVERTAKING/PASSING,NOT APPLICABLE,199,W,RANDOLPH ST,122,,,,,,,2,NO INDICATION OF INJURY,0,0,0,0,0,2,0,14,1,7,41.88435994,-87.63382138,POINT (-87.633821382385 41.884359942311)
032c6cb178752b9514189851754ca7ce9f04861a91c7b8b40c4de2b665b1a9e7c8a25f87fa4322976d6997fcfa23461125ea8755d9a5101eb745928d4826a720,JB476812,,10/15/2018 16:40,35,TRAFFIC SIGNAL,FUNCTIONING PROPERLY,CLEAR,DAYLIGHT,TURNING,DIVIDED - W/MEDIAN BARRIER,,STRAIGHT AND LEVEL,DRY,NO DEFECTS,ON SCENE,NO INJURY / DRIVE AWAY,,,,"OVER $1,500",10/15/2018 17:20,IMPROPER OVERTAKING/PASSING,FAILING TO REDUCE SPEED TO AVOID CRASH,4000,W,79TH ST,834,,,,,,,2,NO INDICATION OF INJURY,0,0,0,0,0,2,0,16,2,10,41.74967936,-87.72197835,POINT (-87.721978345242 41.749679358835)
00b584c66afc76b944d828155f0cd54298ad24e05a1ab03fb4be4ab05641bb512aedc053f274f7a122b7919eb07b1596f9845f1ddf33e5020917f0082f3110bd,JF364044,,8/20/2022 16:05,35,TRAFFIC SIGNAL,FUNCTIONING PROPERLY,CLOUDY/OVERCAST,DAYLIGHT,REAR END,NOT DIVIDED,,STRAIGHT AND LEVEL,WET,NO DEFECTS,ON SCENE,INJURY AND / OR TOW DUE TO CRASH,,,,"OVER $1,500",8/20/2022 16:45,FOLLOWING TOO CLOSELY,DRIVING SKILLS/KNOWLEDGE/EXPERIENCE,2737,W,103RD ST,2211,,,,,,,2,NO INDICATION OF INJURY,0,0,0,0,0,3,0,16,7,8,41.706219,-87.69039087,POINT (-87.690390866335 41.706218995906)
0782eb6c97831015c381672e239005c9d3a65e33ba72d71b0aa08c1feff2133ba23903c925f1b9fe855515fc88535a08c0da1dc3492390b55110f6dc31740481,JF410338,,9/25/2022 17:05,30,NO CONTROLS,NO CONTROLS,CLEAR,DAYLIGHT,PARKED MOTOR VEHICLE,ONE-WAY,,STRAIGHT AND LEVEL,DRY,NO DEFECTS,ON SCENE,NO INJURY / DRIVE AWAY,,,Y,"OVER $1,500",9/25/2022 17:06,UNABLE TO DETERMINE,NOT APPLICABLE,6401,S,ABERDEEN ST,724,,,,,,,2,NO INDICATION OF INJURY,0,0,0,0,0,1,0,17,1,9,41.77773764,-87.65187608,POINT (-87.65187608445 41.777737641913)
0b561700e51b177c2384debf736177e4f7df2d5b06377e862e71ede3c9f91b95bbab70149e8c6c3f41bd3051c5f26af08da9a9bca5775c3e4d3c208fda0178f3,JF260354,,5/29/2022 16:55,15,NO CONTROLS,NO CONTROLS,CLEAR,DAYLIGHT,PARKED MOTOR VEHICLE,PARKING LOT,,STRAIGHT ON GRADE,DRY,NO DEFECTS,NOT ON SCENE (DESK REPORT),NO INJURY / DRIVE AWAY,,,Y,"$501 - $1,500",5/29/2022 20:00,NOT APPLICABLE,NOT APPLICABLE,53,W,79TH ST,623,,,,,,,2,NO INDICATION OF INJURY,0,0,0,0,0,1,0,16,1,5,41.75080871,-87.62679461,POINT (-87.626794610896 41.750808712615)
0447178f179f780f818b6883a9765be2292b8b1a7609d321a77b7df8521a9075ec51c10dcf921571e062eee880c6c46620945f959a7e55420229e1e3b2112785,HZ482836,,10/19/2016 7:25,30,NO CONTROLS,NO CONTROLS,CLOUDY/OVERCAST,DAYLIGHT,TURNING,NOT DIVIDED,4,STRAIGHT AND LEVEL,WET,NO DEFECTS,NOT ON SCENE (DESK REPORT),NO INJURY / DRIVE AWAY,,,,"OVER $1,500",10/21/2016 8:10,IMPROPER LANE USAGE,NOT APPLICABLE,4532,N,MILWAUKEE AVE,1623,,,,,,,2,NO INDICATION OF INJURY,0,0,0,0,0,2,0,7,4,10,41.96321791,-87.75689388,POINT (-87.756893878998 41.963217907582)
0bf689607b918dcb506a86c468e6544a6c17d0ce533f63961279dfe7c88deae4c3f8729993d63e7cad800e0ef72376b2462eb2ae6c250b709378c43b18062f49,JF149628,Y,2/19/2022 1:00,25,NO CONTROLS,NO CONTROLS,BLOWING SNOW,"DARKNESS, LIGHTED ROAD",OTHER OBJECT,ONE-WAY,,STRAIGHT AND LEVEL,WET,UNKNOWN,NOT ON SCENE (DESK REPORT),NO INJURY / DRIVE AWAY,,,,"OVER $1,500",2/19/2022 15:30,WEATHER,WEATHER,8604,S,PAULINA ST,614,,,,,,,1,,,,,,,,,1,7,2,41.73737451,-87.66568369,POINT (-87.665683687325 41.737374508671)
09cf4705307f024c1913a755c2df890b8fe0983d1bb6c8eb8c058108a838f917a8306352b67d5be5d81885d91b17d95a44184a6f2aca34068657603746b5417b,JA114867,,1/13/2017 7:55,30,STOP SIGN/FLASHER,FUNCTIONING PROPERLY,CLEAR,DAYLIGHT,PARKED MOTOR VEHICLE,NOT DIVIDED,1,STRAIGHT AND LEVEL,ICE,NO DEFECTS,NOT ON SCENE (DESK REPORT),NO INJURY / DRIVE AWAY,,,,"OVER $1,500",1/13/2017 16:45,UNABLE TO DETERMINE,NOT APPLICABLE,8555,S,GREEN BAY AVE,424,,,,,,,2,NO INDICATION OF INJURY,0,0,0,0,0,1,0,7,6,1,41.73953984,-87.54159322,POINT (-87.54159322168 41.739539837019)
0644bcaa95e99de205dbc8d6edf8bd59bde7677fc993e2c42183b09afaeb6cf8a0d8e21c1ade520b154472431a04873f38a5e4e732db0c58493fe95db4fb471c,JB151651,,2/14/2018 10:05,30,TRAFFIC SIGNAL,FUNCTIONING PROPERLY,CLEAR,DAYLIGHT,REAR END,DIVIDED - W/MEDIAN (NOT RAISED),4,STRAIGHT AND LEVEL,DRY,NO DEFECTS,NOT ON SCENE (DESK REPORT),NO INJURY / DRIVE AWAY,Y,,,"$501 - $1,500",2/14/2018 11:15,UNABLE TO DETERMINE,NOT APPLICABLE,1001,S,HALSTED ST,1232,,,,,,,2,NO INDICATION OF INJURY,0,0,0,0,0,2,0,10,4,2,41.8695671,-87.64681299,POINT (-87.646812992454 41.869567098658)
01f372e711bf92d0c683eaf3e428419b68f89690b03b093fd39085359aea1d672221da6bc08c365afcf9f2957b8d09ef8020ef6ed71701e6bd9f9c26baa14d16,JB550686,,12/12/2018 18:10,30,TRAFFIC SIGNAL,FUNCTIONING PROPERLY,CLEAR,"DARKNESS, LIGHTED ROAD",SIDESWIPE SAME DIRECTION,DIVIDED - W/MEDIAN (NOT RAISED),4,STRAIGHT AND LEVEL,DRY,NO DEFECTS,ON SCENE,INJURY AND / OR TOW DUE TO CRASH,,,,"OVER $1,500",12/12/2018 18:11,IMPROPER LANE USAGE,NOT APPLICABLE,771,N,MILWAUKEE AVE,1214,,,,,,,2,NO INDICATION OF INJURY,0,0,0,0,0,4,0,18,4,12,41.89591575,-87.65468981,POINT (-87.654689811561 41.895915749684)
03b12e783845a3d710c31bef374be9034c8e68ca905af35545e18983b8b06e299912daf4dc4ccef2709d9b9f251384f17ab34b97d790fd0b14bf45fcd62a5416,JF336379,,7/29/2022 9:30,30,NO CONTROLS,NO CONTROLS,CLEAR,DAYLIGHT,PARKED MOTOR VEHICLE,PARKING LOT,,STRAIGHT AND LEVEL,DRY,NO DEFECTS,NOT ON SCENE (DESK REPORT),NO INJURY / DRIVE AWAY,,,,"$501 - $1,500",7/29/2022 16:30,UNABLE TO DETERMINE,UNABLE TO DETERMINE,4837,N,CENTRAL AVE,1623,,,,,,,2,NO INDICATION OF INJURY,0,0,0,0,0,1,0,9,6,7,41.96889146,-87.76736462,POINT (-87.767364619706 41.968891460218)
0c210e10714ddac579b3427523f78ca902d3f60ff71bbc301aa1e1f45910c386eb5a541c4e7d63fa5e4be94c564df363d46b17c06a43752904f251ffef7d74d1,JF456537,,10/31/2022 12:39,30,TRAFFIC SIGNAL,FUNCTIONING PROPERLY,CLEAR,DAYLIGHT,REAR END,NOT DIVIDED,,STRAIGHT AND LEVEL,WET,NO DEFECTS,ON SCENE,NO INJURY / DRIVE AWAY,Y,,,"$501 - $1,500",10/31/2022 12:40,UNABLE TO DETERMINE,UNABLE TO DETERMINE,4821,W,DIVERSEY AVE,2521,,,,,,,2,NO INDICATION OF INJURY,0,0,0,0,0,3,0,12,2,10,41.93141294,-87.74747869,POINT (-87.747478687659 41.931412942453)
063a6d6252ad03ea3d96c1836f37adb2819ecaa4ecfabfa7546b9bff1f58d25a5a8790305ee11f1795d0eadd4c4367fff0bd788366617903588d1697d82c7cc4,JA844640,,9/4/2017 16:30,30,STOP SIGN/FLASHER,FUNCTIONING PROPERLY,CLEAR,DAYLIGHT,TURNING,NOT DIVIDED,,STRAIGHT AND LEVEL,DRY,NO DEFECTS,ON SCENE,NO INJURY / DRIVE AWAY,,,Y,"OVER $1,500",9/5/2017 17:20,FAILING TO YIELD RIGHT-OF-WAY,FAILING TO YIELD RIGHT-OF-WAY,7100,S,RIDGEWAY AVE,833,,,,,,,2,NO INDICATION OF INJURY,0,0,0,0,0,3,0,16,2,9,41.76409151,-87.71641321,POINT (-87.71641321276 41.764091505331)
00b507f4972f6053d0ea6b09a9f7bcd6230ad2d3d32f88d1b757cb134aa420cbc3daf4949f05a930fe1394c2b37a6ac45707e9b797ec1503a598f85a094c859e,HZ311091,Y,6/16/2016 6:00,30,NO CONTROLS,NO CONTROLS,CLEAR,DAYLIGHT,PARKED MOTOR VEHICLE,DIVIDED - W/MEDIAN BARRIER,2,STRAIGHT AND LEVEL,DRY,SHOULDER DEFECT,NOT ON SCENE (DESK REPORT),NO INJURY / DRIVE AWAY,,,Y,"$501 - $1,500",6/17/2016 8:00,UNABLE TO DETERMINE,UNABLE TO DETERMINE,7750,N,HASKINS AVE,2422,,,,,,,2,NO INDICATION OF INJURY,0,0,0,0,0,1,0,6,5,6,42.02224791,-87.67527497,POINT (-87.675274968152 42.022247904954)
0b6440eb356d03082cbf778389d5ee7d8aa0cf6155438c82192ce2db7b02174b24c5ae9323f58ec4a221bfe04d2072453a1ad3081878c5448b990e6342d5bce3,JC269231,,5/19/2019 8:45,15,NO CONTROLS,NO CONTROLS,RAIN,DAYLIGHT,PARKED MOTOR VEHICLE,PARKING LOT,,STRAIGHT AND LEVEL,WET,NO DEFECTS,ON SCENE,INJURY AND / OR TOW DUE TO CRASH,,Y,,"OVER $1,500",5/19/2019 9:10,FAILING TO REDUCE SPEED TO AVOID CRASH,NOT APPLICABLE,3636,W,WOLFRAM ST,2523,,,,,,,3,NO INDICATION OF INJURY,0,0,0,0,0,1,0,8,1,5,41.93292251,-87.71870395,POINT (-87.718703950264 41.932922507507)
0ca6b050abe740ed543c2b3f882cd092059a7b43e2c7696f481d625ceaa86f8e1de8e2db5f87de511e54b3e4e03b9a9f4d0636514de578a0e5ebc2eb813468a6,JC485091,,10/24/2019 17:50,35,TRAFFIC SIGNAL,FUNCTIONING PROPERLY,CLEAR,DUSK,TURNING,FOUR WAY,,STRAIGHT AND LEVEL,DRY,NO DEFECTS,ON SCENE,INJURY AND / OR TOW DUE TO CRASH,,,Y,"OVER $1,500",10/24/2019 17:57,IMPROPER OVERTAKING/PASSING,FOLLOWING TOO CLOSELY,2629,E,130TH ST,434,,,,,,,2,NO INDICATION OF INJURY,0,0,0,0,0,2,0,17,5,10,41.65907608,-87.5593648,POINT (-87.559364801272 41.659076074599)
045ed3bb40daf37ab33901b6016e3dc669b7e81d0542119488740eca4e3f068680b2d23a1b54280355f5af458cb6a20530821361c127bd50027aac87892b0d93,JC551796,,11/15/2019 17:20,30,TRAFFIC SIGNAL,NO CONTROLS,CLEAR,"DARKNESS, LIGHTED ROAD",REAR END,NOT DIVIDED,,STRAIGHT AND LEVEL,WET,NO DEFECTS,ON SCENE,INJURY AND / OR TOW DUE TO CRASH,,,,"OVER $1,500",11/15/2019 17:25,UNABLE TO DETERMINE,UNABLE TO DETERMINE,5830,S,PULASKI RD,813,,,,,,,2,"REPORTED, NOT EVIDENT",2,0,0,0,2,2,0,17,6,11,41.78688937,-87.72313703,POINT (-87.723137026807 41.786889373588)
01bf1cafe155b5c57d02edcc78657e5024888486f3ca44be0bf8c190195d38f19977bcf6a3d5b6b111298087eb71b919e580495b266598902796418d96721ddc,JB502160,,11/3/2018 16:36,30,TRAFFIC SIGNAL,FUNCTIONING PROPERLY,CLEAR,DUSK,REAR END,NOT DIVIDED,4,STRAIGHT AND LEVEL,DRY,NO DEFECTS,ON SCENE,NO INJURY / DRIVE AWAY,N,,Y,$500 OR LESS,11/3/2018 16:41,FOLLOWING TOO CLOSELY,UNABLE TO DETERMINE,5505,S,HALSTED ST,711,,,,,,,2,NO INDICATION OF INJURY,0,0,0,0,0,2,0,16,7,11,41.79375396,-87.64499808,POINT (-87.644998076594 41.793753959448)
05144e26e6ff00f8086c7c0fec3fee4102eb0cfe92b9e8464e559b07df3ab3fc3ec996ee062932d6c84253bb912bfd346128064d8c9068d1667badbd1dbf86e3,JF129489,,1/31/2022 9:30,30,NO CONTROLS,NO CONTROLS,SNOW,DAYLIGHT,PARKED MOTOR VEHICLE,ONE-WAY,,STRAIGHT AND LEVEL,SNOW OR SLUSH,NO DEFECTS,NOT ON SCENE (DESK REPORT),INJURY AND / OR TOW DUE TO CRASH,,,Y,"OVER $1,500",1/31/2022 10:45,UNABLE TO DETERMINE,UNABLE TO DETERMINE,4936,W,KINZIE ST,1532,,,,,,,2,NO INDICATION OF INJURY,0,0,0,0,0,1,0,9,2,1,41.88798032,-87.7494015,POINT (-87.749401500496 41.887980323107)
01cc043e0a0c2d0167f84859121dda373c39a6da2b91cef8d7fe80bc4555e0449d4d6dcb1adfe6ae79406e38a757bfaad4e454c73efe919410f7eebc4b2a85ac,JF394083,,9/13/2022 8:31,15,NO CONTROLS,NO CONTROLS,CLEAR,DAYLIGHT,PARKED MOTOR VEHICLE,PARKING LOT,,STRAIGHT AND LEVEL,DRY,NO DEFECTS,ON SCENE,NO INJURY / DRIVE AWAY,,,,"OVER $1,500",9/13/2022 8:32,UNABLE TO DETERMINE,NOT APPLICABLE,4042,W,FOSTER AVE,1712,,,,,,,2,NO INDICATION OF INJURY,0,0,0,0,0,1,0,8,3,9,41.97562411,-87.72984456,POINT (-87.72984456157 41.975624112446)