CRASH_RECORD_ID,RD_NO,CRASH_DATE_EST_I,CRASH_DATE,POSTED_SPEED_LIMIT,TRAFFIC_CONTROL_DEVICE,DEVICE_CONDITION,WEATHER_CONDITION,LIGHTING_CONDITION,FIRST_CRASH_TYPE,TRAFFICWAY_TYPE,LANE_CNT,ALIGNMENT,ROADWAY_SURFACE_COND,ROAD_DEFECT,REPORT_TYPE,CRASH_TYPE,INTERSECTION_RELATED_I,NOT_RIGHT_OF_WAY_I,HIT_AND_RUN_I,DAMAGE,DATE_POLICE_NOTIFIED,PRIM_CONTRIBUTORY_CAUSE,SEC_CONTRIBUTORY_CAUSE,STREET_NO,STREET_DIRECTION,STREET_NAME,BEAT_OF_OCCURRENCE,PHOTOS_TAKEN_I,STATEMENTS_TAKEN_I,DOORING_I,WORK_ZONE_I,WORK_ZONE_TYPE,WORKERS_PRESENT_I,NUM_UNITS,MOST_SEVERE_INJURY,INJURIES_TOTAL,INJURIES_FATAL,INJURIES_INCAPACITATING,INJURIES_NON_INCAPACITATING,INJURIES_REPORTED_NOT_EVIDENT,INJURIES_NO_INDICATION,INJURIES_UNKNOWN,CRASH_HOUR,CRASH_DAY_OF_WEEK,CRASH_MONTH,LATITUDE,LONGITUDE,LOCATION
0c5f9d8b9fa303f17bb59638e87b6baf849a8ea8e886eb75f4ab38c94f566d771e87b571bbdf9d591ffa675faf3f488832d85634c2cac5bdf9c649a848262571,JC311763,,6/18/2019 15:00,30,TRAFFIC SIGNAL,FUNCTIONING PROPERLY,CLEAR,DAYLIGHT,TURNING,ONE-WAY,,STRAIGHT AND LEVEL,DRY,NO DEFECTS,NOT ON SCENE (DESK REPORT),NO INJURY / DRIVE AWAY,Y,,,"$501 - $1,500",6/18/2019 16:10,IMPROPER TURNING/NO SIGNAL,IMPROPER TURNING/NO SIGNAL,36,W,RANDOLPH ST,111,,,,,,,2,NO INDICATION OF INJURY,0,0,0,0,0,2,0,15,3,6,41.88459085,-87.62923601,POINT (-87.629236011711 41.884590846977)
06b5297c7fbcd09f0bfb15e9a527eba775af02ec6ac62c71785a85fbbf9283b15770e5d37ae9e39349959886965c99094eec20c92c838f572e30b6bcc96db25b,JB565365,,12/23/2018 18:17,30,NO CONTROLS,NO CONTROLS,CLEAR,"DARKNESS, LIGHTED ROAD",TURNING,DIVIDED - W/MEDIAN (NOT RAISED),4,STRAIGHT ON GRADE,DRY,NO DEFECTS,ON SCENE,INJURY AND / OR TOW DUE TO CRASH,Y,,,"OVER $1,500",12/23/2018 18:18,FAILING TO YIELD RIGHT-OF-WAY,IMPROPER LANE USAGE,6500,N,MILWAUKEE AVE,1611,,,,,,,2,NONINCAPACITATING INJURY,1,0,0,1,0,1,0,18,1,12,41.99922806,-87.78975729,POINT (-87.789757287106 41.99922805793)
04acf69acadc69d0dd38e9e922d228395df2fbcf11b68091264f199d0e9fb91a1deba92fe7a2bfc93117b1cf5cc40d50899d92b74cfa8a5ba73cc00282117ffa,JB122678,,1/20/2018 4:00,25,NO CONTROLS,NO CONTROLS,CLEAR,"DARKNESS, LIGHTED ROAD",PARKED MOTOR VEHICLE,NOT DIVIDED,2,STRAIGHT AND LEVEL,WET,NO DEFECTS,ON SCENE,INJURY AND / OR TOW DUE TO CRASH,,,,"OVER $1,500",1/20/2018 4:05,WEATHER,UNABLE TO DETERMINE,5456,N,RAVENSWOOD AVE,2012,,,,,,,2,NO INDICATION OF INJURY,0,0,0,0,0,1,0,4,7,1,41.98145685,-87.67470268,POINT (-87.674702682985 41.981456848835)
09e34e40f7c52654d18bc0c1e494378de5febe81f4d74dd51089d82ddf4215c50bcf7d400ea7fbb8f84fab9fa6055c47c811d400836a7255d5ab0326def4ffea,JA150535,,2/12/2017 0:01,30,NO CONTROLS,NO CONTROLS,CLEAR,"DARKNESS, LIGHTED ROAD",SIDESWIPE SAME DIRECTION,ONE-WAY,4,STRAIGHT AND LEVEL,DRY,NO DEFECTS,NOT ON SCENE (DESK REPORT),NO INJURY / DRIVE AWAY,,,Y,$500 OR LESS,2/12/2017 0:30,FOLLOWING TOO CLOSELY,FOLLOWING TOO CLOSELY,355,E,OHIO ST,1834,,,,,,,2,NO INDICATION OF INJURY,0,0,0,0,0,2,0,0,1,2,41.89252476,-87.61813383,POINT (-87.618133826548 41.892524760767)
0235adf3901d233b8ce40b63903c84409d654402498fd10e90479115f04c1fcbd6166a7f818e8ec30d9d1da61d33accc2a5f47c46d520c13a8ce5a44bd95dd73,JC213301,,4/5/2019 19:00,30,NO CONTROLS,NO CONTROLS,CLEAR,DUSK,SIDESWIPE SAME DIRECTION,DIVIDED - W/MEDIAN (NOT RAISED),4,STRAIGHT AND LEVEL,DRY,UNKNOWN,NOT ON SCENE (DESK REPORT),NO INJURY / DRIVE AWAY,,,,"OVER $1,500",4/5/2019 22:00,IMPROPER LANE USAGE,NOT APPLICABLE,8640,S,JEFFERY BLVD,412,,,,,,,2,NO INDICATION OF INJURY,0,0,0,0,0,2,0,19,6,4,41.73765363,-87.57587587,POINT (-87.575875865246 41.737653633631)
000932804c8c29e1e989daf7f0e0e9b91ed21ad8928bb2dd5fdd3d055d13780591db32b456dc1a38da2f07b3829e14a67ca1af2843c88f50f30beb01e51f42bb,JF231421,,5/5/2022 16:50,30,NO CONTROLS,NO CONTROLS,RAIN,DAYLIGHT,TURNING,NOT DIVIDED,,STRAIGHT AND LEVEL,WET,NO DEFECTS,ON SCENE,INJURY AND / OR TOW DUE TO CRASH,,,,"OVER $1,500",5/5/2022 17:02,NOT APPLICABLE,NOT APPLICABLE,4599,W,KINZIE ST,1113,,,,,,,2,"REPORTED, NOT EVIDENT",2,0,0,0,2,2,0,16,5,5,,,
05bd4511545e30b81de8b831151537ce5f3494cae3398de87affd7e5b6c477a7dcaa34ca3c61dc5d1bc7e56d207175cf7e312c40bb6400bcd9fe84be5ff3b091,JD138405,,2/3/2020 8:45,30,NO CONTROLS,NO CONTROLS,CLEAR,DAYLIGHT,SIDESWIPE SAME DIRECTION,NOT DIVIDED,,STRAIGHT AND LEVEL,DRY,NO DEFECTS,NOT ON SCENE (DESK REPORT),NO INJURY / DRIVE AWAY,,,,"OVER $1,500",2/3/2020 9:00,UNABLE TO DETERMINE,UNABLE TO DETERMINE,7591,N,SHERIDAN RD,2422,,,,,,,2,NO INDICATION OF INJURY,0,0,0,0,0,3,0,8,2,2,42.01922122,-87.66587906,POINT (-87.66587905939 42.019221223901)
02c7a58b5018859a9d44a64f4a0cf4ff5f087208df2efb3976cdf613e244dde7cf8df8c465ea8dd07742ebf8b683a613fbb7ec7ca966f5dae3d93da19674dbb3,JF517753,,12/20/2022 18:10,35,STOP SIGN/FLASHER,FUNCTIONING PROPERLY,CLEAR,"DARKNESS, LIGHTED ROAD",TURNING,FOUR WAY,,STRAIGHT AND LEVEL,DRY,NO DEFECTS,ON SCENE,INJURY AND / OR TOW DUE TO CRASH,Y,,,"OVER $1,500",12/20/2022 18:10,IMPROPER TURNING/NO SIGNAL,NOT APPLICABLE,2600,W,59TH ST,824,,,,,,,2,"REPORTED, NOT EVIDENT",1,0,0,0,1,1,0,18,3,12,41.78659584,-87.6887819,POINT (-87.688781895372 41.786595843368)
057b5aae6f9aeee30f8a3835f68b18c8f7dfca4417f673335a8adb4e5c4bbbfdba181b5cef88fccfb5dd74df0aff8a1cd3e68ebe138b4080b7394a4a86299510,JE118166,,1/20/2021 15:07,10,NO CONTROLS,NO CONTROLS,CLEAR,DAYLIGHT,SIDESWIPE OPPOSITE DIRECTION,DRIVEWAY,,STRAIGHT AND LEVEL,DRY,NO DEFECTS,NOT ON SCENE (DESK REPORT),NO INJURY / DRIVE AWAY,,Y,,"$501 - $1,500",1/20/2021 16:00,UNABLE TO DETERMINE,UNABLE TO DETERMINE,6438,N,SHERIDAN RD,2432,,,,,,,2,NO INDICATION OF INJURY,0,0,0,0,0,2,0,15,4,1,41.99933518,-87.66081692,POINT (-87.660816921032 41.999335181529)
05557e7f174b20f403a1c69d8f090b89945ce80a0c1791c645255a70ac37ac1f976403c43e8c704c6ce026b9d42dfd9f0cd5e675d292a0f8eb48db8a496aae23,JE350064,,8/25/2021 19:15,30,TRAFFIC SIGNAL,FUNCTIONING PROPERLY,RAIN,"DARKNESS, LIGHTED ROAD",REAR END,FOUR WAY,,STRAIGHT AND LEVEL,WET,NO DEFECTS,ON SCENE,INJURY AND / OR TOW DUE TO CRASH,Y,,,"OVER $1,500",8/25/2021 19:20,FAILING TO REDUCE SPEED TO AVOID CRASH,NOT APPLICABLE,8300,S,KEDZIE AVE,834,,,,,,,2,NONINCAPACITATING INJURY,1,0,0,1,0,2,0,19,4,8,41.74247144,-87.70234438,POINT (-87.702344382642 41.742471437585)
02b7d067ebe40efa1703c5d4c0dfe44fe2ce53ddea6f2a6f6b5557180890ea349bf8b93115910e090ef058684ec26658f7045ebe482053cb4168fa9dd3471a3a,JG275486,,5/26/2023 6:47,30,NO CONTROLS,NO CONTROLS,CLEAR,DAYLIGHT,ANGLE,NOT DIVIDED,,STRAIGHT AND LEVEL,DRY,UNKNOWN,ON SCENE,INJURY AND / OR TOW DUE TO CRASH,,,,"OVER $1,500",5/26/2023 6:47,FAILING TO YIELD RIGHT-OF-WAY,UNABLE TO DETERMINE,3431,W,63RD ST,823,,Y,,,,,2,NONINCAPACITATING INJURY,2,0,0,2,0,1,0,6,6,5,41.77876163,-87.70923339,POINT (-87.709233385319 41.778761632343)
04fe887c8fbe40f4b211a66004adcbafa74ae2c1d691d7dcc37b88dcb9e05487c7652748211102bfd2a43fc309c62764f87e6e1af7e58542bc014b31cbe10f8d,JF155142,,2/24/2022 9:30,25,TRAFFIC SIGNAL,FUNCTIONING PROPERLY,SNOW,"DARKNESS, LIGHTED ROAD",REAR END,NOT DIVIDED,,STRAIGHT AND LEVEL,SNOW OR SLUSH,NO DEFECTS,NOT ON SCENE (DESK REPORT),NO INJURY / DRIVE AWAY,Y,,,"$501 - $1,500",2/24/2022 9:35,FOLLOWING TOO CLOSELY,WEATHER,1258,W,63RD ST,713,,,,,,,2,NO INDICATION OF INJURY,0,0,0,0,0,2,0,9,5,2,41.77968658,-87.65687388,POINT (-87.656873882001 41.779686581288)
06b87f90f175db41fff3afcf075383029093d76b089f928fa91829ae2da09dff80f10c78e1ba083010599a1a9c1abba4f1aeac44fe2c0c7bbda1dee30a3ee757,HZ318932,Y,6/22/2016 13:00,15,NO CONTROLS,NO CONTROLS,CLOUDY/OVERCAST,DAYLIGHT,PARKED MOTOR VEHICLE,PARKING LOT,1,STRAIGHT AND LEVEL,DRY,NO DEFECTS,NOT ON SCENE (DESK REPORT),NO INJURY / DRIVE AWAY,,,Y,"$501 - $1,500",6/22/2016 15:30,UNABLE TO DETERMINE,UNABLE TO DETERMINE,11730,S,MARSHFIELD AVE,2234,,,,,,,2,NO INDICATION OF INJURY,0,0,0,0,0,1,0,13,4,6,41.68033221,-87.66258468,POINT (-87.662584678739 41.680332205335)
0895bf95106771e480a6f379785b1492b66caabbf80995dcd12d72dc41aea19482edb4e04e62608a1d77602bf759d68214aa9441bec975dc0c6758702ed9cad7,JC508923,,11/11/2019 16:45,30,NO CONTROLS,NO CONTROLS,SNOW,DUSK,SIDESWIPE SAME DIRECTION,NOT DIVIDED,,STRAIGHT AND LEVEL,SNOW OR SLUSH,NO DEFECTS,NOT ON SCENE (DESK REPORT),NO INJURY / DRIVE AWAY,,,,"OVER $1,500",11/13/2019 12:30,"OPERATING VEHICLE IN ERRATIC, RECKLESS, CARELESS, NEGLIGENT OR AGGRESSIVE MANNER",WEATHER,3445,N,CENTRAL AVE,1633,,,,,,,2,NO INDICATION OF INJURY,0,0,0,0,0,5,0,16,2,11,41.94359781,-87.76653045,POINT (-87.76653045213 41.943597811652)
04538283ddacd271001785ca4bce73fc0345fd7098b50d26cda7c215be71e7f93547c140a0e0a150100371a79e97d49bb54e87ffa729d2db48adff0a7db09a9a,JC251779,,5/6/2019 7:05,15,NO CONTROLS,NO CONTROLS,CLEAR,DAYLIGHT,FIXED OBJECT,PARKING LOT,,STRAIGHT AND LEVEL,DRY,NO DEFECTS,NOT ON SCENE (DESK REPORT),NO INJURY / DRIVE AWAY,,Y,,"$501 - $1,500",5/6/2019 7:30,UNABLE TO DETERMINE,NOT APPLICABLE,4701,S,WESTERN BLVD,931,,,,,,,1,NO INDICATION OF INJURY,0,0,0,0,0,1,0,7,2,5,41.80837313,-87.68372601,POINT (-87.683726004712 41.808373127744)
085a1e7393a337adaf0f5398efc6a9cce93fbc7be10e9f32ae2c40f6541f4aabe15ede61e0a7d9be61ab21130cd192fdddd74c1e07d8d384ec319da510b0707d,JF363685,,8/19/2022 19:00,30,NO CONTROLS,NO CONTROLS,CLEAR,DARKNESS,PARKED MOTOR VEHICLE,PARKING LOT,,STRAIGHT AND LEVEL,DRY,NO DEFECTS,NOT ON SCENE (DESK REPORT),NO INJURY / DRIVE AWAY,,Y,,"OVER $1,500",8/20/2022 11:27,UNABLE TO DETERMINE,NOT APPLICABLE,10001,S,PULASKI RD,2211,,,,,,,2,NO INDICATION OF INJURY,0,0,0,0,0,1,0,19,6,8,41.71125823,-87.72093947,POINT (-87.720939473403 41.711258232205)
008fce91e55c58c521e7bcd0cf914ce92f75b0f14604d5a6fb7ea73987d3dd554f7c690fb9f0e780c659144302a56f83f76514be28deb816ce20c6687ac32e59,JE414643,,10/19/2021 3:23,30,NO CONTROLS,NO CONTROLS,CLEAR,"DARKNESS, LIGHTED ROAD",FIXED OBJECT,DIVIDED - W/MEDIAN (NOT RAISED),,STRAIGHT AND LEVEL,DRY,NO DEFECTS,ON SCENE,INJURY AND / OR TOW DUE TO CRASH,,,,"OVER $1,500",10/19/2021 3:25,UNABLE TO DETERMINE,NOT APPLICABLE,8710,S,DR MARTIN LUTHER KING JR DR,632,,,,,,,1,NONINCAPACITATING INJURY,1,0,0,1,0,0,0,3,3,10,41.73616501,-87.61466332,POINT (-87.614663316369 41.736165008896)
0c38204c1424c58c23f3365e24b44e9f7c84ab042e43eea1669687c67d924907da1515c349b67df5e4680a6b39752a8cd554ea108cd899780e51a330a42a546f,HZ526886,,11/23/2016 15:45,30,STOP SIGN/FLASHER,FUNCTIONING PROPERLY,RAIN,DAYLIGHT,ANGLE,NOT DIVIDED,,STRAIGHT AND LEVEL,WET,UNKNOWN,NOT ON SCENE (DESK REPORT),NO INJURY / DRIVE AWAY,,,,"OVER $1,500",11/23/2016 16:53,DRIVING SKILLS/KNOWLEDGE/EXPERIENCE,NOT APPLICABLE,5207,S,ARCHER AVE,815,,,,,,,2,NO INDICATION OF INJURY,0,0,0,0,0,3,0,15,4,11,41.79984493,-87.73474014,POINT (-87.734740138168 41.799844930667)
098ca4678c3238791212ee9443b7861ea1ada21c1a2b32d024014408704dccf9f4cf74184a15094751baf21618528dcf0b49421ac3f388c6a3d2ddc95eba6b9e,JA406680,,8/26/2017 5:45,15,NO CONTROLS,NO CONTROLS,CLEAR,DAWN,PARKED MOTOR VEHICLE,ONE-WAY,1,STRAIGHT AND LEVEL,DRY,NO DEFECTS,ON SCENE,INJURY AND / OR TOW DUE TO CRASH,,,N,"OVER $1,500",8/26/2017 6:14,UNDER THE INFLUENCE OF ALCOHOL/DRUGS (USE WHEN ARREST IS EFFECTED),PHYSICAL CONDITION OF DRIVER,5610,S,NATOMA AVE,811,,,,,,,5,NO INDICATION OF INJURY,0,0,0,0,0,1,0,5,7,8,41.79003139,-87.78797885,POINT (-87.787978853621 41.790031386678)
03fdd82366099cec656febc4eef49da9ce3c9f5d23a36c223366b0270a7600566286eb73a55f6853b2e0d74beb72e0203a4072f6f4f89c15dacada8791b333bf,JA408808,,8/27/2017 18:00,30,NO CONTROLS,NO CONTROLS,CLEAR,DAYLIGHT,PARKED MOTOR VEHICLE,NOT DIVIDED,1,STRAIGHT AND LEVEL,DRY,NO DEFECTS,ON SCENE,NO INJURY / DRIVE AWAY,,,Y,"OVER $1,500",8/27/2017 23:59,UNABLE TO DETERMINE,UNABLE TO DETERMINE,1501,N,DAYTON ST,1822,,,,,,,2,NO INDICATION OF INJURY,0,0,0,0,0,1,0,18,1,8,41.90861973,-87.64929457,POINT (-87.649294570943 41.908619727323)
086634ddfff45cf865deee689572c728ce391b2cbbb58c33143e089535d6f6728de9895cf4c01622e95b007011c61af70c96a9911c8f58c6e38063c0ad4dd1fd,HZ500953,,11/3/2016 12:55,15,NO CONTROLS,NO CONTROLS,CLEAR,DAYLIGHT,SIDESWIPE SAME DIRECTION,NOT DIVIDED,,STRAIGHT AND LEVEL,DRY,UNKNOWN,NOT ON SCENE (DESK REPORT),NO INJURY / DRIVE AWAY,,,,"OVER $1,500",11/3/2016 13:55,DRIVING SKILLS/KNOWLEDGE/EXPERIENCE,NOT APPLICABLE,5700,S,CICERO AVE,813,,,,,,,2,NO INDICATION OF INJURY,0,0,0,0,0,2,0,12,5,11,41.78932932,-87.74164564,POINT (-87.741645644196 41.789329323265)
099d06155fd28fbf449cca69dd5d368f3fff99c5a5025bbd2ff3dbc169d2d8667b7ce066fa1019be83e7fbba4d3c7e0c601ac93119a80f91fe4aa68626876fe4,JE322487,,7/31/2021 20:00,30,TRAFFIC SIGNAL,FUNCTIONING PROPERLY,CLEAR,DAYLIGHT,REAR END,DIVIDED - W/MEDIAN BARRIER,,STRAIGHT AND LEVEL,DRY,NO DEFECTS,NOT ON SCENE (DESK REPORT),NO INJURY / DRIVE AWAY,,,Y,"$501 - $1,500",8/1/2021 18:25,DRIVING SKILLS/KNOWLEDGE/EXPERIENCE,DRIVING SKILLS/KNOWLEDGE/EXPERIENCE,9400,S,STONY ISLAND AVE,413,,,,,,,2,NO INDICATION OF INJURY,0,0,0,0,0,2,0,20,7,7,41.72407478,-87.58530323,POINT (-87.585303232497 41.724074783765)
061afb6b36849439e64ef45d1775d72812889732865c9aa522af0b2f28cda248dee64bba0242f70e0a7a4b0490bbaacb7f7649a09fee08b5a26043142fe8678d,JA186578,Y,3/14/2017 10:00,35,NO CONTROLS,NO CONTROLS,SNOW,DARKNESS,PARKED MOTOR VEHICLE,DIVIDED - W/MEDIAN (NOT RAISED),,STRAIGHT AND LEVEL,SNOW OR SLUSH,NO DEFECTS,NOT ON SCENE (DESK REPORT),NO INJURY / DRIVE AWAY,,,Y,"OVER $1,500",3/14/2017 11:15,WEATHER,WEATHER,1540,W,17TH ST,1233,,,,,,,2,NO INDICATION OF INJURY,0,0,0,0,0,1,0,10,3,3,41.85882399,-87.66539369,POINT (-87.665393690084 41.858823994239)
082914013715cea2cfec3feb1416300308cb84f476353cc67c2da60108ccd0e87ebeae611de7fa089114f792fb46d9e08fe19ae0a4a7ffb0ac135c53ea51ab2f,JC348966,,7/14/2019 19:45,30,NO CONTROLS,NO CONTROLS,CLEAR,DARKNESS,TURNING,NOT DIVIDED,,STRAIGHT AND LEVEL,DRY,NO DEFECTS,ON SCENE,NO INJURY / DRIVE AWAY,,,,"OVER $1,500",7/14/2019 19:55,UNABLE TO DETERMINE,UNABLE TO DETERMINE,5530,S,SHORE DR,235,,,,,,,2,NO INDICATION OF INJURY,0,0,0,0,0,3,0,19,1,7,41.7943513,-87.58057838,POINT (-87.580578378043 41.794351298103)
00d2bca07c7604a496d7ca6ee8a994b340e431b535698c18f8e6a7122c0bcf69eacd04e4da1c5107a4049b82528daa9d760a5a48f2ef355b5c777ad60e1531f8,JG188894,,3/17/2023 12:00,30,UNKNOWN,UNKNOWN,CLEAR,DAYLIGHT,PARKED MOTOR VEHICLE,NOT DIVIDED,,STRAIGHT AND LEVEL,UNKNOWN,UNKNOWN,NOT ON SCENE (DESK REPORT),NO INJURY / DRIVE AWAY,,,Y,"OVER $1,500",3/17/2023 12:36,NOT APPLICABLE,NOT APPLICABLE,3729,W,LELAND AVE,1723,,,,,,,2,NO INDICATION OF INJURY,0,0,0,0,0,1,0,12,6,3,41.96637821,-87.72182581,POINT (-87.721825807395 41.966378212943)
06395d4bfe3c2c82ecf5057cb4c5a02d17edbf0c951961de77076cbc17fd01da8686e065f107707e47da6d5f997d368f39f58546f8b9567fe2fd85852514f5f3,JD309699,Y,7/25/2020 15:50,30,NO CONTROLS,NO CONTROLS,CLEAR,DAYLIGHT,TURNING,NOT DIVIDED,,STRAIGHT AND LEVEL,DRY,NO DEFECTS,ON SCENE,INJURY AND / OR TOW DUE TO CRASH,Y,,,"OVER $1,500",7/25/2020 15:53,IMPROPER TURNING/NO SIGNAL,NOT APPLICABLE,8300,S,CRANDON AVE,412,,,,,,,2,NONINCAPACITATING INJURY,2,0,0,2,0,0,0,15,7,7,41.74440992,-87.56870284,POINT (-87.568702834959 41.744409915139)
05237fb8371a5cfecede7edded4d66bdcaadc5b73c6f4ac47d7289fd75ebb055b48d6cfc0f199cf203062de1e91be69b7ea12c30177fcb16fa859ca50fa67884,JB349187,,7/14/2018 9:15,30,OTHER RAILROAD CROSSING,FUNCTIONING PROPERLY,CLEAR,DAYLIGHT,TRAIN,ONE-WAY,,STRAIGHT AND LEVEL,DRY,NO DEFECTS,ON SCENE,INJURY AND / OR TOW DUE TO CRASH,,,,$500 OR LESS,7/14/2018 9:16,HAD BEEN DRINKING (USE WHEN ARREST IS NOT MADE),UNABLE TO DETERMINE,958,W,LAKE ST,1214,,,,,,,2,"REPORTED, NOT EVIDENT",1,0,0,0,1,1,0,9,7,7,41.88569482,-87.65208577,POINT (-87.652085769794 41.885694817708)
0385cce2c2074dc82e8d2703855482e3e737ecdc63643e61d7d8815e4d25dc68bf2dbdb51b407cc483aad0ee36fa78c5855ffc026da542711ee5b3c35f095c50,JE127838,,1/30/2021 16:50,30,NO CONTROLS,NO CONTROLS,SNOW,DUSK,ANGLE,ONE-WAY,,STRAIGHT AND LEVEL,SNOW OR SLUSH,NO DEFECTS,NOT ON SCENE (DESK REPORT),NO INJURY / DRIVE AWAY,,,N,"$501 - $1,500",1/30/2021 17:13,NOT APPLICABLE,NOT APPLICABLE,5843,S,FRANCISCO AVE,824,,,,,,,2,NO INDICATION OF INJURY,0,0,0,0,0,2,0,16,7,1,41.7869119,-87.69590344,POINT (-87.695903440091 41.786911902346)
05395e9c30cc821c09ab404552fdea3d210c4b66bfc675b1b6a5bc1d74eb6a47735c6c12c2c2170b1aeeb4f70d50977ca1b64d1500fb4e3d913eec4d89c2259a,JD278887,,6/28/2020 9:55,30,NO CONTROLS,NO CONTROLS,CLEAR,DAYLIGHT,PARKED MOTOR VEHICLE,NOT DIVIDED,,STRAIGHT AND LEVEL,DRY,NO DEFECTS,ON SCENE,INJURY AND / OR TOW DUE TO CRASH,,,Y,"OVER $1,500",6/28/2020 10:15,IMPROPER OVERTAKING/PASSING,FOLLOWING TOO CLOSELY,2525,W,63RD ST,825,,,,,,,2,NO INDICATION OF INJURY,0,0,0,0,0,1,0,9,1,6,41.77909635,-87.68723998,POINT (-87.687239977121 41.779096350315)
08feb4ac10802465398ef985d551acf552a080903c6aac2f52b59ae8d723d8ffcab8e6becc6a7b35a5bdd027c2c73391f29462fab39310378194f59c900d1d8b,JC230240,,4/19/2019 9:15,30,TRAFFIC SIGNAL,FUNCTIONING PROPERLY,CLEAR,DAYLIGHT,REAR END,NOT DIVIDED,2,STRAIGHT AND LEVEL,DRY,NO DEFECTS,NOT ON SCENE (DESK REPORT),INJURY AND / OR TOW DUE TO CRASH,Y,,,"OVER $1,500",4/19/2019 13:00,UNABLE TO DETERMINE,NOT APPLICABLE,1980,N,CLYBOURN AVE,1811,,,,,,,2,"REPORTED, NOT EVIDENT",1,0,0,0,1,1,0,9,6,4,41.9170815,-87.65833646,POINT (-87.658336458451 41.91708149485)
0b0e35e9428604bc8e40b94a5379076613ad052dac5f7100c7900d0e1f9e5d09c8b362a4f7e06ee580b4d6ced66614bdaf6f49551ac60c7ed04fc97fdcdc1581,JE104705,,1/6/2021 6:21,30,TRAFFIC SIGNAL,FUNCTIONING PROPERLY,CLEAR,DAYLIGHT,TURNING,DIVIDED - W/MEDIAN (NOT RAISED),,STRAIGHT AND LEVEL,DRY,NO DEFECTS,ON SCENE,INJURY AND / OR TOW DUE TO CRASH,Y,,,"OVER $1,500",1/6/2021 6:29,DISREGARDING OTHER TRAFFIC SIGNS,DRIVING SKILLS/KNOWLEDGE/EXPERIENCE,3122,S,ASHLAND AVE,912,,,,,,,2,NO INDICATION OF INJURY,0,0,0,0,0,2,0,6,4,1,41.83721824,-87.66587908,POINT (-87.665879080891 41.837218236759)
029a92eec3c3be05eed195aa64d6a8b0f296be8bf17e5069e0069cb8326d168fbc9e254f09546da9a54644d00b1fb5438f9b88ab05710a6add9d871e531f19cd,JB268359,,5/18/2018 9:30,30,TRAFFIC SIGNAL,FUNCTIONING PROPERLY,CLEAR,DAYLIGHT,REAR END,NOT DIVIDED,2,STRAIGHT AND LEVEL,DRY,NO DEFECTS,NOT ON SCENE (DESK REPORT),NO INJURY / DRIVE AWAY,Y,,,"$501 - $1,500",5/18/2018 9:55,FOLLOWING TOO CLOSELY,UNABLE TO DETERMINE,2409,W,CHICAGO AVE,1221,,,,,,,2,NO INDICATION OF INJURY,0,0,0,0,0,3,0,9,6,5,41.89562683,-87.68726978,POINT (-87.687269781323 41.895626829045)
06877e0a3f21f441c0e88ed34cee74d598777ee4034fe848944e8bf4bee5c5df54e6b587e5b3db3d7f407ef972cd6daba5ae829cbb9ed20365bc78067e1db3ae,JC227087,,4/16/2019 18:35,30,TRAFFIC SIGNAL,FUNCTIONING PROPERLY,CLEAR,DAYLIGHT,SIDESWIPE SAME DIRECTION,DIVIDED - W/MEDIAN (NOT RAISED),,STRAIGHT AND LEVEL,DRY,NO DEFECTS,NOT ON SCENE (DESK REPORT),INJURY AND / OR TOW DUE TO CRASH,,,,"OVER $1,500",4/16/2019 18:42,IMPROPER LANE USAGE,DRIVING SKILLS/KNOWLEDGE/EXPERIENCE,359,S,WESTERN AVE,1225,,,,,,,2,NO INDICATION OF INJURY,0,0,0,0,0,2,0,18,3,4,41.87616053,-87.68612588,POINT (-87.686125874985 41.876160528374)
07c5804b2d082eb4ae6124baf644448a38f1beab191118b25ec040ed1ca610a84db43169038ee469652f383aac990df067c7a61195552eb1e16ceb8fdc24eb30,JA521528,,11/21/2017 14:15,30,TRAFFIC SIGNAL,FUNCTIONING PROPERLY,CLEAR,DAYLIGHT,SIDESWIPE SAME DIRECTION,CENTER TURN LANE,,STRAIGHT AND LEVEL,DRY,NO DEFECTS,NOT ON SCENE (DESK REPORT),NO INJURY / DRIVE AWAY,Y,,,"OVER $1,500",11/22/2017 11:57,IMPROPER OVERTAKING/PASSING,UNABLE TO DETERMINE,900,N,MICHIGAN AVE,1833,,,,,,,2,NO INDICATION OF INJURY,0,0,0,0,0,2,0,14,3,11,41.8992486,-87.62427498,POINT (-87.624274978205 41.899248597036)
079511ac1f138b7bf92b3f176dbe3c08b2a4818162db83c52592f8e154a73e496315f6cabfdc82d0305ef04aa32bc44edc354ce6a150ad054025ae275b7f1cbc,JE443957,,11/12/2021 13:15,30,NO CONTROLS,NO CONTROLS,UNKNOWN,DAYLIGHT,ANGLE,NOT DIVIDED,,STRAIGHT AND LEVEL,WET,UNKNOWN,NOT ON SCENE (DESK REPORT),INJURY AND / OR TOW DUE TO CRASH,,,,"OVER $1,500",11/13/2021 15:10,FAILING TO YIELD RIGHT-OF-WAY,FAILING TO YIELD RIGHT-OF-WAY,1198,W,40TH ST,925,,,,,,,2,NONINCAPACITATING INJURY,2,0,0,1,1,1,0,13,6,11,41.82115025,-87.6556748,POINT (-87.655674798066 41.821150248372)