CRASH_RECORD_ID,RD_NO,CRASH_DATE_EST_I,CRASH_DATE,POSTED_SPEED_LIMIT,TRAFFIC_CONTROL_DEVICE,DEVICE_CONDITION,WEATHER_CONDITION,LIGHTING_CONDITION,FIRST_CRASH_TYPE,TRAFFICWAY_TYPE,LANE_CNT,ALIGNMENT,ROADWAY_SURFACE_COND,ROAD_DEFECT,REPORT_TYPE,CRASH_TYPE,INTERSECTION_RELATED_I,NOT_RIGHT_OF_WAY_I,HIT_AND_RUN_I,DAMAGE,DATE_POLICE_NOTIFIED,PRIM_CONTRIBUTORY_CAUSE,SEC_CONTRIBUTORY_CAUSE,STREET_NO,STREET_DIRECTION,STREET_NAME,BEAT_OF_OCCURRENCE,PHOTOS_TAKEN_I,STATEMENTS_TAKEN_I,DOORING_I,WORK_ZONE_I,WORK_ZONE_TYPE,WORKERS_PRESENT_I,NUM_UNITS,MOST_SEVERE_INJURY,INJURIES_TOTAL,INJURIES_FATAL,INJURIES_INCAPACITATING,INJURIES_NON_INCAPACITATING,INJURIES_REPORTED_NOT_EVIDENT,INJURIES_NO_INDICATION,INJURIES_UNKNOWN,CRASH_HOUR,CRASH_DAY_OF_WEEK,CRASH_MONTH,LATITUDE,LONGITUDE,LOCATION
04094e086f97cc1acc769d35e8cd902ce70a471e8671937e60a9cf8d2b1d7da363e6aafb4ec7f237f5af2ef175bfdb0a717818cc0db2fede9303823548b50587,JF117601,,1/18/2022 17:15,30,NO CONTROLS,NO CONTROLS,CLEAR,DAYLIGHT,REAR END,NOT DIVIDED,,STRAIGHT AND LEVEL,UNKNOWN,UNKNOWN,NOT ON SCENE (DESK REPORT),NO INJURY / DRIVE AWAY,,,,"OVER $1,500",1/19/2022 10:25,UNABLE TO DETERMINE,UNABLE TO DETERMINE,3555,W,FOSTER AVE,1712,,,,,,,2,NO INDICATION OF INJURY,0,0,0,0,0,2,0,17,3,1,41.97553168,-87.71811363,POINT (-87.718113626673 41.975531676208)
06429d914f42c99935cbac7f9d6a284863b501684a78c8b5d0a68bb186a589f373ea6c43ce15aa203f47f89e4d89c23613586ea1e0af6a7f121e65cbc52c5bca,JF435816,,10/14/2022 12:00,45,NO CONTROLS,NO CONTROLS,CLEAR,DAYLIGHT,REAR END,DIVIDED - W/MEDIAN BARRIER,,STRAIGHT AND LEVEL,DRY,NO DEFECTS,NOT ON SCENE (DESK REPORT),INJURY AND / OR TOW DUE TO CRASH,,,,"OVER $1,500",10/15/2022 17:00,UNABLE TO DETERMINE,UNABLE TO DETERMINE,55,N,LAKE SHORE DR SB,114,,,,,,,2,NO INDICATION OF INJURY,0,0,0,0,0,2,0,12,6,10,41.88277908,-87.61617421,POINT (-87.616174213092 41.882779079923)
0a8f91520e66bb07ac32502ff3fa1368b7f9cd70d790481fe3373e1b5e3ed80a04f9364130aead8eed3b87ce3703b8f841c8577bcd51659d674e5b8df5e21d6a,JE173695,,3/19/2021 18:34,25,STOP SIGN/FLASHER,FUNCTIONING PROPERLY,CLEAR,DAYLIGHT,REAR END,ONE-WAY,,STRAIGHT AND LEVEL,DRY,NO DEFECTS,ON SCENE,NO INJURY / DRIVE AWAY,,,,$500 OR LESS,3/19/2021 18:35,FOLLOWING TOO CLOSELY,UNABLE TO DETERMINE,1558,W,68TH ST,725,,,,,,,2,NO INDICATION OF INJURY,0,0,0,0,0,2,0,18,6,3,41.77048261,-87.66391027,POINT (-87.663910265925 41.770482610895)
0c2d5ff511441adf4959fe10c09ead577704af4212e83b0eb272f490d614117e014d9bca65612e98f5e1ce75886c7ee5ad556fd5f088affe65600eb93d3f050f,JB447425,,9/23/2018 11:05,30,TRAFFIC SIGNAL,FUNCTIONING PROPERLY,CLEAR,DAYLIGHT,TURNING,NOT DIVIDED,2,STRAIGHT AND LEVEL,DRY,NO DEFECTS,NOT ON SCENE (DESK REPORT),NO INJURY / DRIVE AWAY,,,,"OVER $1,500",9/23/2018 11:20,IMPROPER OVERTAKING/PASSING,IMPROPER LANE USAGE,1300,S,HALSTED ST,1232,,,,,,,2,NO INDICATION OF INJURY,0,0,0,0,0,2,0,11,1,9,41.86535609,-87.64701104,POINT (-87.647011035905 41.865356088885)
0b57501c1e2b1a42d514536baf76e2706c9849caa472c14c3185f6348ed3413153c9cec170c95ec54a668f1695f7c90304f22b9898d6286a544ff1f37957519b,JB287971,,6/1/2018 9:35,30,NO CONTROLS,NO CONTROLS,CLEAR,DAYLIGHT,REAR END,NOT DIVIDED,2,STRAIGHT AND LEVEL,DRY,NO DEFECTS,ON SCENE,NO INJURY / DRIVE AWAY,,,,"OVER $1,500",6/1/2018 9:35,IMPROPER BACKING,IMPROPER BACKING,600,E,115TH ST,531,,,,,,,2,NO INDICATION OF INJURY,0,0,0,0,0,2,0,9,6,6,41.68558118,-87.60820712,POINT (-87.608207115299 41.685581178306)
0c3a1fc6ed2ad13e0e719a5c0dc8418f306e945f30c8a832a75f0722090052f9f70c1b33cc86d862e7fa9f681ed05bbffdf6d76703e0b4f6161eb8d176d75ed9,JE443177,,11/12/2021 18:44,30,TRAFFIC SIGNAL,FUNCTIONING PROPERLY,RAIN,DARKNESS,TURNING,DIVIDED - W/MEDIAN (NOT RAISED),,STRAIGHT AND LEVEL,WET,NO DEFECTS,NOT ON SCENE (DESK REPORT),NO INJURY / DRIVE AWAY,Y,,,"OVER $1,500",11/12/2021 20:10,IMPROPER OVERTAKING/PASSING,IMPROPER OVERTAKING/PASSING,3946,S,COTTAGE GROVE AVE,214,,,,,,,2,NO INDICATION OF INJURY,0,0,0,0,0,2,0,18,6,11,41.82266656,-87.60700153,POINT (-87.607001533084 41.822666558669)
009039d8570053061c98e54656db6f6e79aac090ce4848d9c3183e2065d373c5e3230b912cc8f39c13f9ab493af558c668b566e61bc7e392642d611977dc48f9,JB505157,,11/5/2018 21:55,30,NO CONTROLS,NO CONTROLS,RAIN,"DARKNESS, LIGHTED ROAD",PARKED MOTOR VEHICLE,NOT DIVIDED,4,STRAIGHT AND LEVEL,WET,NO DEFECTS,ON SCENE,NO INJURY / DRIVE AWAY,,,,"$501 - $1,500",11/5/2018 22:09,WEATHER,UNABLE TO DETERMINE,146,N,CENTRAL AVE,1512,,,,,,,2,NO INDICATION OF INJURY,0,0,0,0,0,6,0,21,2,11,41.88362882,-87.76512373,POINT (-87.765123729344 41.883628817358)
097bfbe8f2c8e8b80b9162d6f9beddc12ec81841e0b54b3e59b3b0ab34de7155e832d67b939607fe856e528cb1be05affe387da5956402f7e0b8dfd65a34d664,JA464401,,10/9/2017 12:30,30,TRAFFIC SIGNAL,FUNCTIONING PROPERLY,CLEAR,DAYLIGHT,TURNING,DIVIDED - W/MEDIAN (NOT RAISED),2,STRAIGHT AND LEVEL,DRY,NO DEFECTS,ON SCENE,NO INJURY / DRIVE AWAY,Y,,Y,"OVER $1,500",10/9/2017 13:30,FAILING TO YIELD RIGHT-OF-WAY,NOT APPLICABLE,2600,E,87TH ST,423,,,,,,,2,NO INDICATION OF INJURY,0,0,0,0,0,2,0,12,2,10,41.73736923,-87.56109559,POINT (-87.561095585346 41.737369231562)
0994e463369bf5e105216d041e7b5d81de79b963bf2b1b3ee9afa05657f6e664b2049f57e75d10638b492b09d05559d2aacd570be35f43f4054014d67939bc71,JA553563,,12/18/2017 7:30,30,NO CONTROLS,NO CONTROLS,CLOUDY/OVERCAST,DAYLIGHT,PARKED MOTOR VEHICLE,NOT DIVIDED,2,STRAIGHT AND LEVEL,DRY,NO DEFECTS,ON SCENE,NO INJURY / DRIVE AWAY,,,,"$501 - $1,500",12/18/2017 8:54,IMPROPER TURNING/NO SIGNAL,DRIVING SKILLS/KNOWLEDGE/EXPERIENCE,6199,W,ADDISON ST,1633,,,,,,,2,NO INDICATION OF INJURY,0,0,0,0,0,1,0,7,2,12,41.94561291,-87.78124947,POINT (-87.781249472044 41.945612912979)
060dff41fbd57ed96e0e3ba7cba4b480c207cec6c85c60c7ceb3c84447b489d1fa91a98dc1f89be68f5db3a67e2fb7ba93930705992c868f05067a39905d2546,JF448315,,10/25/2022 7:54,25,OTHER REG. SIGN,UNKNOWN,RAIN,"DARKNESS, LIGHTED ROAD",TURNING,ONE-WAY,,STRAIGHT AND LEVEL,WET,UNKNOWN,ON SCENE,NO INJURY / DRIVE AWAY,,,Y,"$501 - $1,500",10/25/2022 7:54,FAILING TO YIELD RIGHT-OF-WAY,NOT APPLICABLE,4737,S,DR MARTIN LUTHER KING JR DR,223,,,,,,,2,NO INDICATION OF INJURY,0,0,0,0,0,2,0,7,3,10,41.80827777,-87.61641215,POINT (-87.616412151237 41.808277774283)
06d713b9b90ad4ea29fa22b39ad66e74eb1945097acbe25a36155d4dd51b3d084d8b80d28d8bfb57c5d2346b9943a01ab4a32da4f0b135d2b2357a5a2ea5ad2c,JC291430,,6/4/2019 9:58,30,TRAFFIC SIGNAL,FUNCTIONING PROPERLY,RAIN,DAYLIGHT,SIDESWIPE SAME DIRECTION,OTHER,,STRAIGHT AND LEVEL,WET,NO DEFECTS,ON SCENE,INJURY AND / OR TOW DUE TO CRASH,Y,,,"$501 - $1,500",6/4/2019 9:58,FAILING TO YIELD RIGHT-OF-WAY,FAILING TO REDUCE SPEED TO AVOID CRASH,65,E,ONTARIO ST,1834,,,,,,,2,"REPORTED, NOT EVIDENT",1,0,0,0,1,2,0,9,3,6,41.89320435,-87.62548219,POINT (-87.625482185792 41.893204345311)
05c7f48d274841390939d2ea45f8166bf7ba24dbf33e3a81e5bd94452014b2599ea87d8f23a9790e4ece48148f4d38c4ff4c73e8b3c87041ef94be30ccb63883,HZ563430,,12/24/2016 2:00,35,TRAFFIC SIGNAL,FUNCTIONING PROPERLY,RAIN,"DARKNESS, LIGHTED ROAD",SIDESWIPE SAME DIRECTION,DIVIDED - W/MEDIAN (NOT RAISED),2,STRAIGHT AND LEVEL,WET,NO DEFECTS,NOT ON SCENE (DESK REPORT),NO INJURY / DRIVE AWAY,Y,,,"OVER $1,500",12/24/2016 3:15,EXCEEDING SAFE SPEED FOR CONDITIONS,FAILING TO REDUCE SPEED TO AVOID CRASH,1158,N,STATE ST,1824,,,,,,,2,NO INDICATION OF INJURY,0,0,0,0,0,2,0,2,7,12,41.9035563,-87.62881835,POINT (-87.628818347932 41.903556300757)
0ad7bef2fe867d1cedd810e3488bcd939db71da702a06aa312781e2076f2e9f0cb42c913f454349afa3fa606e159a603c544c3a8e3b8e1415ef82bd247ab90a0,JD406733,,10/21/2020 19:51,30,TRAFFIC SIGNAL,FUNCTIONING PROPERLY,RAIN,"DARKNESS, LIGHTED ROAD",PARKED MOTOR VEHICLE,NOT DIVIDED,,STRAIGHT AND LEVEL,WET,NO DEFECTS,,INJURY AND / OR TOW DUE TO CRASH,,,Y,"OVER $1,500",10/21/2020 19:51,UNABLE TO DETERMINE,UNABLE TO DETERMINE,525,S,LARAMIE AVE,1533,,,,,,,2,NO INDICATION OF INJURY,0,0,0,0,0,1,0,19,4,10,41.87312606,-87.75466201,POINT (-87.754662005124 41.873126061255)
01b852b45a90ffc7203aac87f0606551c4aa3df2ccca9d10d9ad4744ba707530ce145fc15bd9638604b1cb4bb5a56ec6a4028100ca778fb1f3bafff653202371,JC443092,,9/21/2019 18:53,30,NO CONTROLS,FUNCTIONING PROPERLY,CLEAR,"DARKNESS, LIGHTED ROAD",SIDESWIPE SAME DIRECTION,NOT DIVIDED,,STRAIGHT AND LEVEL,DRY,UNKNOWN,NOT ON SCENE (DESK REPORT),NO INJURY / DRIVE AWAY,,,Y,"OVER $1,500",9/21/2019 19:23,IMPROPER LANE USAGE,NOT APPLICABLE,409,N,CICERO AVE,1111,,,,,,,2,NO INDICATION OF INJURY,0,0,0,0,0,2,0,18,7,9,41.8881914,-87.74541668,POINT (-87.745416674552 41.888191394609)
081188babe86afe6e91d1b0bcb50847d04749ec44d4d7b0faf2c99442d6ebd8bca0e6cd4e85e81bc888132f38da6b2e8477b50c4fc9718243f412d8e56a0506f,JD353042,,9/1/2020 15:20,30,STOP SIGN/FLASHER,FUNCTIONING PROPERLY,RAIN,DAYLIGHT,REAR END,DIVIDED - W/MEDIAN (NOT RAISED),,STRAIGHT AND LEVEL,WET,NO DEFECTS,NOT ON SCENE (DESK REPORT),NO INJURY / DRIVE AWAY,,,,"OVER $1,500",9/1/2020 16:15,UNABLE TO DETERMINE,UNABLE TO DETERMINE,4855,N,PULASKI RD,1712,,,,,,,2,NO INDICATION OF INJURY,0,0,0,0,0,2,0,15,3,9,41.96983758,-87.72792731,POINT (-87.727927304821 41.969837578504)
02d43679d9df67fed0fde6b0a926ed33c993c41f303bfe02ac99cbc50669420222f983abfde069e006bcdcdee97303be68bd2cd0c5c3b95e92cfa535f1d4bb3d,HZ556838,,12/16/2016 20:30,30,TRAFFIC SIGNAL,FUNCTIONING PROPERLY,SNOW,"DARKNESS, LIGHTED ROAD",REAR END,NOT DIVIDED,2,STRAIGHT AND LEVEL,SNOW OR SLUSH,NO DEFECTS,,NO INJURY / DRIVE AWAY,,,,"OVER $1,500",12/19/2016 9:35,FOLLOWING TOO CLOSELY,WEATHER,5998,W,HIGGINS AVE,1622,,,,,,,2,NO INDICATION OF INJURY,0,0,0,0,0,2,0,20,6,12,41.97325856,-87.77812074,POINT (-87.778120742233 41.973258556762)
0a6cad29de8748ef1224c60421e1d94ad211d32882284ea6ee94b2c4e47e1fd0173a036725980019c293830921e7abd6576890bdb20790475759167a4e32d3cf,JE342921,,8/19/2021 17:33,20,NO CONTROLS,NO CONTROLS,CLEAR,DAYLIGHT,REAR TO FRONT,PARKING LOT,,STRAIGHT AND LEVEL,DRY,NO DEFECTS,ON SCENE,NO INJURY / DRIVE AWAY,,Y,Y,"OVER $1,500",8/19/2021 17:36,IMPROPER BACKING,NOT APPLICABLE,8300,S,HOLLAND RD,622,,,,,,,2,NO INDICATION OF INJURY,0,0,0,0,0,2,0,17,5,8,41.74342733,-87.63218113,POINT (-87.632181132025 41.743427333057)
0c5881e7751ad5f763e8efbc92b1125ff280a10c0ac7aa12079c8b62e7cabe4e6e000a0cf193b8d7591cfea669d6ab0ccca85f8104584dbc1c4e20f3184f6b16,JD464512,,12/20/2020 13:30,30,UNKNOWN,UNKNOWN,CLEAR,DAYLIGHT,REAR END,UNKNOWN,,STRAIGHT AND LEVEL,DRY,UNKNOWN,NOT ON SCENE (DESK REPORT),NO INJURY / DRIVE AWAY,Y,,,"OVER $1,500",12/20/2020 14:00,UNABLE TO DETERMINE,UNABLE TO DETERMINE,6700,S,STONY ISLAND AVE,332,,,,,,,2,NO INDICATION OF INJURY,0,0,0,0,0,2,0,13,1,12,41.7732929,-87.58644237,POINT (-87.586442368314 41.773292895851)
07250a8b346b24743342efc5a13eef9b8675bc1d3b54985a9acca8cbede1585ed0123e5b6544be7d45aa158642e6c98e24ed2b46dd146bc9465c49ed1535396e,JC166484,,2/26/2019 13:30,30,TRAFFIC SIGNAL,FUNCTIONING PROPERLY,CLEAR,DAYLIGHT,PARKED MOTOR VEHICLE,NOT DIVIDED,4,STRAIGHT AND LEVEL,DRY,NO DEFECTS,NOT ON SCENE (DESK REPORT),NO INJURY / DRIVE AWAY,,,,"$501 - $1,500",2/26/2019 13:50,FOLLOWING TOO CLOSELY,FOLLOWING TOO CLOSELY,2120,S,CANAL ST,914,,,,,,,2,NO INDICATION OF INJURY,0,0,0,0,0,1,0,13,3,2,41.853702,-87.63870833,POINT (-87.638708328432 41.853701997361)
04d42aa12f8bcc46f7cee5629ffb358163fa04d9d9deac9462f75856bb8d8a11c43439359d10c8c5f243145559839d633a3986b7a23ad808bc87d85242011143,JE152101,,2/25/2021 14:45,35,TRAFFIC SIGNAL,FUNCTIONING PROPERLY,CLEAR,DAYLIGHT,REAR END,NOT DIVIDED,,STRAIGHT AND LEVEL,DRY,NO DEFECTS,NOT ON SCENE (DESK REPORT),NO INJURY / DRIVE AWAY,Y,,,"OVER $1,500",2/25/2021 15:15,FOLLOWING TOO CLOSELY,NOT APPLICABLE,10800,S,WESTERN AVE,2212,,,,,,,2,NO INDICATION OF INJURY,0,0,0,0,0,2,0,14,5,2,41.69723821,-87.6814748,POINT (-87.681474804182 41.69723820878)
04582fae073f69281b8f62b708a492a435e48405f8db94c0d3a30a6213030a42340f06b5018794451aa0bcefe0361f384d7fd242387a26693029f033d5f56df2,JE213021,,4/28/2021 12:55,30,NO CONTROLS,NO CONTROLS,CLEAR,DAYLIGHT,SIDESWIPE SAME DIRECTION,DIVIDED - W/MEDIAN BARRIER,,STRAIGHT AND LEVEL,DRY,NO DEFECTS,ON SCENE,INJURY AND / OR TOW DUE TO CRASH,,,,"OVER $1,500",4/28/2021 14:45,FAILING TO YIELD RIGHT-OF-WAY,FAILING TO YIELD RIGHT-OF-WAY,1732,W,LAWRENCE AVE,2032,,,,,,,2,NONINCAPACITATING INJURY,1,0,0,1,0,1,0,12,4,4,41.96895496,-87.6724386,POINT (-87.67243860045 41.968954957457)
0065f57f9017654f1a2627a6d4dc27bea7ac641ac2b83ac7e44c65ac3405949a0ec2aad79374df13b636fa4a2e0dfa55cf04103ae718e7ce65c49b0f22875f5e,JD445530,,11/30/2020 10:10,30,TRAFFIC SIGNAL,FUNCTIONING PROPERLY,CLEAR,DAYLIGHT,TURNING,OTHER,,STRAIGHT AND LEVEL,DRY,NO DEFECTS,ON SCENE,INJURY AND / OR TOW DUE TO CRASH,Y,,,"OVER $1,500",11/30/2020 10:13,DISREGARDING TRAFFIC SIGNALS,FAILING TO YIELD RIGHT-OF-WAY,3001,N,SACRAMENTO AVE,1411,,,,,,,2,NO INDICATION OF INJURY,0,0,0,0,0,2,0,10,2,11,41.93572483,-87.7024665,POINT (-87.702466501075 41.935724825967)
09a0a5b1ca7f564a88769ce0b513c65ad56101c1a1c222504d6567de63df48d43c154a723210257a94087bd643bea939a59d2e56d0e22613b2e1a07ff7694f66,JA429975,,9/13/2017 15:40,30,NO CONTROLS,NO CONTROLS,CLEAR,DAYLIGHT,ANGLE,NOT DIVIDED,2,STRAIGHT AND LEVEL,DRY,NO DEFECTS,NOT ON SCENE (DESK REPORT),NO INJURY / DRIVE AWAY,,,,"OVER $1,500",9/13/2017 16:28,UNABLE TO DETERMINE,UNABLE TO DETERMINE,2369,S,KOSTNER AVE,1013,,,,,,,2,NO INDICATION OF INJURY,0,0,0,0,0,2,0,15,4,9,41.84778969,-87.73424421,POINT (-87.734244208158 41.847789687673)
09f1582c556080250f50427fe8a0e0c90eca92d584f9029f72048a03658a4e6af3fbd47af433ceb06dffb8c994a0292fad20f47e7cac2fb21f7f95af11cccd71,JF472609,,11/12/2022 21:50,20,NO CONTROLS,NO CONTROLS,CLEAR,"DARKNESS, LIGHTED ROAD",PARKED MOTOR VEHICLE,NOT DIVIDED,,STRAIGHT AND LEVEL,DRY,NO DEFECTS,ON SCENE,INJURY AND / OR TOW DUE TO CRASH,,,,"OVER $1,500",11/12/2022 21:55,UNABLE TO DETERMINE,NOT APPLICABLE,2620,W,72ND ST,831,,,,,,,4,NO INDICATION OF INJURY,0,0,0,0,0,1,0,21,7,11,41.76288759,-87.68906635,POINT (-87.689066352296 41.762887589004)
0120f79698c28f867b3e1ca7748ad7d5f6f75303c9978524ba7f890cae2f0ca563c4fc99a243abe3bb01d2b13529e88d634d34f085bdeacab786aeb5a7a89f88,JG315487,,6/23/2023 22:05,30,TRAFFIC SIGNAL,FUNCTIONING PROPERLY,CLEAR,DARKNESS,REAR END,NOT DIVIDED,,STRAIGHT AND LEVEL,DRY,NO DEFECTS,NOT ON SCENE (DESK REPORT),INJURY AND / OR TOW DUE TO CRASH,,,,"OVER $1,500",6/25/2023 15:45,UNABLE TO DETERMINE,UNABLE TO DETERMINE,5000,W,AUGUSTA BLVD,1531,,,,,,,2,NONINCAPACITATING INJURY,1,0,0,1,0,3,0,22,6,6,41.89874174,-87.75085337,POINT (-87.750853371412 41.89874173832)
0ab8632ba6ae6bcced318479695400a8cb4963c2f6b1ea0ef7d6994460144dbab10ab6e59602b759c664416db36834ec7a5da73ef45a720a91f920e40523be3b,JA129596,,1/25/2017 14:55,30,NO CONTROLS,NO CONTROLS,CLEAR,DAYLIGHT,PARKED MOTOR VEHICLE,ONE-WAY,1,STRAIGHT AND LEVEL,DRY,NO DEFECTS,NOT ON SCENE (DESK REPORT),NO INJURY / DRIVE AWAY,,,Y,$500 OR LESS,1/25/2017 15:30,UNABLE TO DETERMINE,NOT APPLICABLE,3031,W,NORTH SHORE AVE,2412,,,,,,,2,NO INDICATION OF INJURY,0,0,0,0,0,1,0,14,4,1,42.00279562,-87.70574151,POINT (-87.705741504994 42.002795616683)
0ab9d782cc588da0d059b3096a21236e033176d0dd5d515b210b15ccca8afc5db19f0293a5db866e9e862dd9b6f0c2cf9dab5a22ffd50e46fd37c4905bff510f,JE290085,,7/4/2021 20:39,30,TRAFFIC SIGNAL,FUNCTIONING PROPERLY,CLEAR,DUSK,ANGLE,NOT DIVIDED,,STRAIGHT AND LEVEL,DRY,NO DEFECTS,ON SCENE,INJURY AND / OR TOW DUE TO CRASH,Y,,,"OVER $1,500",7/4/2021 20:39,DISREGARDING TRAFFIC SIGNALS,FAILING TO YIELD RIGHT-OF-WAY,6899,S,SOUTH CHICAGO AVE,321,,,,,,,3,NO INDICATION OF INJURY,0,0,0,0,0,2,0,20,1,7,41.76954518,-87.61049936,POINT (-87.610499358833 41.769545177072)
060f2fcf58a5ce0c6789a6eebd43e49e1c0c0985df95a705ea1ede018431c00cdd83d3e506924d6ce8b04153ecdd1ba176d7234051c454d7bd873ab0af90cf57,HZ164471,,2/23/2016 18:00,25,NO CONTROLS,NO CONTROLS,CLEAR,DAYLIGHT,PARKED MOTOR VEHICLE,ONE-WAY,1,STRAIGHT AND LEVEL,DRY,NO DEFECTS,NOT ON SCENE (DESK REPORT),NO INJURY / DRIVE AWAY,,,,"OVER $1,500",2/25/2016 11:22,UNABLE TO DETERMINE,UNABLE TO DETERMINE,6501,S,KEATING AVE,831,,,,,,,2,NO INDICATION OF INJURY,0,0,0,0,0,1,0,18,3,2,41.77471568,-87.74081018,POINT (-87.740810174817 41.774715680342)
0545facfcb8acd16ef527ce10654c94ae09e103da06eaa36a2c8b258ca61061a4cee88a78a5b19cc023b7ff685c4c96d580a4865c2f9439070526e86aca80483,JC173077,,3/4/2019 10:00,20,NO CONTROLS,NO CONTROLS,CLEAR,DAYLIGHT,PARKED MOTOR VEHICLE,OTHER,,STRAIGHT AND LEVEL,DRY,NO DEFECTS,NOT ON SCENE (DESK REPORT),NO INJURY / DRIVE AWAY,,,,"OVER $1,500",3/4/2019 10:07,UNABLE TO DETERMINE,UNABLE TO DETERMINE,5701,S,WOOD ST,715,,,,,,,2,NO INDICATION OF INJURY,0,0,0,0,0,1,0,10,2,3,41.79024342,-87.66919581,POINT (-87.669195808107 41.79024341787)
0ad8da5c6c85c5db8d53debfb6ad8ad453ba8fbf5155a1d567c745dc377042cb3788079a2dadab94cddbede4e7154991e008ed3679d29082b4897476ccf93716,JA559678,Y,12/22/2017 16:00,30,TRAFFIC SIGNAL,FUNCTIONING PROPERLY,CLEAR,"DARKNESS, LIGHTED ROAD",PARKED MOTOR VEHICLE,NOT DIVIDED,,STRAIGHT AND LEVEL,DRY,NO DEFECTS,ON SCENE,NO INJURY / DRIVE AWAY,,,Y,"OVER $1,500",12/22/2017 16:15,FAILING TO REDUCE SPEED TO AVOID CRASH,NOT APPLICABLE,4009,N,LARAMIE AVE,1624,,,,,,,2,NO INDICATION OF INJURY,0,0,0,0,0,1,0,16,6,12,41.95358229,-87.75700876,POINT (-87.757008759698 41.953582286134)
0a2d7c02571c7d3f5ff648f67653006cf0df35366cb7504b48e84fadc14ccd9f49a0b7c6388c893140e8085ec21cad396673cbdbb69520a643af13f989cfdbe3,JA131162,,1/26/2017 16:30,25,NO CONTROLS,NO CONTROLS,CLEAR,DAYLIGHT,TURNING,DIVIDED - W/MEDIAN (NOT RAISED),4,STRAIGHT AND LEVEL,DRY,NO DEFECTS,NOT ON SCENE (DESK REPORT),NO INJURY / DRIVE AWAY,,,Y,"$501 - $1,500",1/26/2017 19:17,UNABLE TO DETERMINE,UNABLE TO DETERMINE,2400,S,KEDZIE AVE,1024,,,,,,,2,NO INDICATION OF INJURY,0,0,0,0,0,2,0,16,5,1,41.84804957,-87.70529466,POINT (-87.705294663572 41.848049568878)
033d6ccb529acd5761d434d81f7bb18e8e9df85e61751b83db65eb6cd92b3cafeb9ccb7859fc0d87e033d54e39bbbac15a04514404760a1a66b75c161fdcc5a5,JE493768,,12/31/2021 9:40,30,TRAFFIC SIGNAL,FUNCTIONING PROPERLY,CLEAR,DAYLIGHT,TURNING,FOUR WAY,,STRAIGHT AND LEVEL,DRY,NO DEFECTS,NOT ON SCENE (DESK REPORT),NO INJURY / DRIVE AWAY,Y,,Y,"OVER $1,500",12/31/2021 10:15,IMPROPER TURNING/NO SIGNAL,IMPROPER LANE USAGE,100,N,JEFFERSON ST,121,,,,,,,2,NO INDICATION OF INJURY,0,0,0,0,0,3,0,9,6,12,41.88323332,-87.64284806,POINT (-87.642848062968 41.883233316295)
095769cb972fb7e2e63c858a1bbadf12eed0cc1d8f91c35018516c16f535d00d2b752e8d4f581024ee15f5f61585547c914fb4c29a9f241bd42615b9f3daa41a,JD104616,,1/4/2020 20:11,30,STOP SIGN/FLASHER,FUNCTIONING PROPERLY,CLEAR,"DARKNESS, LIGHTED ROAD",ANGLE,FOUR WAY,,STRAIGHT AND LEVEL,DRY,NO DEFECTS,ON SCENE,INJURY AND / OR TOW DUE TO CRASH,,,,"$501 - $1,500",1/4/2020 21:41,FAILING TO YIELD RIGHT-OF-WAY,NOT APPLICABLE,6699,S,SPRINGFIELD AVE,833,,,,,,,2,NO INDICATION OF INJURY,0,0,0,0,0,4,0,20,7,1,41.77145951,-87.71997869,POINT (-87.719978691443 41.771459507939)
062f1386265e4fad9b38792858a49845939b7a2a5be482985c32e996f64c1811ddc433bf220ddb2290247c7383b6522ae5ddfd2a3a3b1f0c9215829bf4f9823f,JA288518,,6/1/2017 17:45,30,STOP SIGN/FLASHER,FUNCTIONING PROPERLY,CLEAR,DAYLIGHT,PEDALCYCLIST,NOT DIVIDED,2,STRAIGHT AND LEVEL,DRY,NO DEFECTS,NOT ON SCENE (DESK REPORT),INJURY AND / OR TOW DUE TO CRASH,Y,,,"$501 - $1,500",6/1/2017 19:30,FAILING TO YIELD RIGHT-OF-WAY,NOT APPLICABLE,4500,W,PARKER AVE,2521,,,,,,,2,NONINCAPACITATING INJURY,1,0,0,1,0,1,0,17,5,6,41.93072683,-87.73933688,POINT (-87.739336875931 41.93072683108)
031b1626e5fe31b837be2a5925d1d4f4feae5853115ed6fe749207c8cb301f75fb04fbaf2fddef63203d49634d99184582fc1fdfab6c112e4a46a2f962d0e929,JA461213,,10/6/2017 17:50,25,STOP SIGN/FLASHER,FUNCTIONING PROPERLY,RAIN,"DARKNESS, LIGHTED ROAD",REAR END,DIVIDED - W/MEDIAN (NOT RAISED),2,STRAIGHT AND LEVEL,DRY,NO DEFECTS,NOT ON SCENE (DESK REPORT),NO INJURY / DRIVE AWAY,,,,"$501 - $1,500",10/6/2017 18:43,UNABLE TO DETERMINE,UNABLE TO DETERMINE,4500,S,WASHTENAW AVE,922,,,,,,,2,NO INDICATION OF INJURY,0,0,0,0,0,2,0,17,6,10,41.81185596,-87.6920148,POINT (-87.692014797823 41.811855958282)
058809977610fb75a8d4e33367ff37da2f25f28bce2022d51ce669b04a87480964b353d113c97122d9eeb1ffe4e370198dfe6c1562a754ded847a07f61593e95,HZ122256,,1/20/2016 16:12,35,TRAFFIC SIGNAL,FUNCTIONING PROPERLY,CLEAR,DAYLIGHT,TURNING,DIVIDED - W/MEDIAN (NOT RAISED),4,STRAIGHT AND LEVEL,DRY,NO DEFECTS,NOT ON SCENE (DESK REPORT),NO INJURY / DRIVE AWAY,,,,"OVER $1,500",1/20/2016 16:54,NOT APPLICABLE,BICYCLE ADVANCING LEGALLY ON RED LIGHT,98,E,ROOSEVELT RD,123,,,,,,,2,NO INDICATION OF INJURY,0,0,0,0,0,3,0,16,4,1,41.86756593,-87.62421743,POINT (-87.624217424809 41.867565926761)