CRASH_RECORD_ID,RD_NO,CRASH_DATE_EST_I,CRASH_DATE,POSTED_SPEED_LIMIT,TRAFFIC_CONTROL_DEVICE,DEVICE_CONDITION,WEATHER_CONDITION,LIGHTING_CONDITION,FIRST_CRASH_TYPE,TRAFFICWAY_TYPE,LANE_CNT,ALIGNMENT,ROADWAY_SURFACE_COND,ROAD_DEFECT,REPORT_TYPE,CRASH_TYPE,INTERSECTION_RELATED_I,NOT_RIGHT_OF_WAY_I,HIT_AND_RUN_I,DAMAGE,DATE_POLICE_NOTIFIED,PRIM_CONTRIBUTORY_CAUSE,SEC_CONTRIBUTORY_CAUSE,STREET_NO,STREET_DIRECTION,STREET_NAME,BEAT_OF_OCCURRENCE,PHOTOS_TAKEN_I,STATEMENTS_TAKEN_I,DOORING_I,WORK_ZONE_I,WORK_ZONE_TYPE,WORKERS_PRESENT_I,NUM_UNITS,MOST_SEVERE_INJURY,INJURIES_TOTAL,INJURIES_FATAL,INJURIES_INCAPACITATING,INJURIES_NON_INCAPACITATING,INJURIES_REPORTED_NOT_EVIDENT,INJURIES_NO_INDICATION,INJURIES_UNKNOWN,CRASH_HOUR,CRASH_DAY_OF_WEEK,CRASH_MONTH,LATITUDE,LONGITUDE,LOCATION
06754fb42c3ae8f7f89e1db462aca1fee6294f982233ec8288dec88af375cbf807bd9816f4371fe812fa6402b81b4bba0007429f274d2b4c8f7d22f573d4a746,JG198177,,3/25/2023 2:20,30,TRAFFIC SIGNAL,FUNCTIONING PROPERLY,RAIN,"DARKNESS, LIGHTED ROAD",SIDESWIPE SAME DIRECTION,FOUR WAY,,STRAIGHT AND LEVEL,WET,NO DEFECTS,ON SCENE,NO INJURY / DRIVE AWAY,Y,,Y,"OVER $1,500",3/25/2023 2:46,IMPROPER OVERTAKING/PASSING,UNABLE TO DETERMINE,500,N,ASHLAND AVE,1215,,,,,,,2,NO INDICATION OF INJURY,0,0,0,0,0,3,0,2,7,3,41.89100765,-87.66729026,POINT (-87.667290262506 41.891007652449)
063c30e1223168d72152882727d9d599b7813d3fce853f2b81b3b8c43f30aa8582e2f38bc50b7d8d05108cb7e6311c4c94fb2c8dfdeafca17507109c924b59e1,JA391982,,8/15/2017 12:15,30,STOP SIGN/FLASHER,NOT FUNCTIONING,CLEAR,DAYLIGHT,PEDALCYCLIST,NOT DIVIDED,2,STRAIGHT AND LEVEL,DRY,SHOULDER DEFECT,ON SCENE,NO INJURY / DRIVE AWAY,,,,$500 OR LESS,8/15/2017 12:17,UNABLE TO DETERMINE,UNABLE TO DETERMINE,399,E,59TH ST,232,,,,,,,2,NO INDICATION OF INJURY,0,0,0,0,0,2,0,12,3,8,41.78741176,-87.61588019,POINT (-87.615880189113 41.78741176309)
04e8b4b2d69ab9b4fc6dd4703fad09f0006ab9f5db38118329f951ec10740cfc57a3860d87c978f544d562a541655d2d6242a1afa380a757d4b6c6921c2183a2,JC355091,,7/19/2019 5:25,30,TRAFFIC SIGNAL,UNKNOWN,CLEAR,DAWN,SIDESWIPE SAME DIRECTION,DIVIDED - W/MEDIAN (NOT RAISED),,STRAIGHT AND LEVEL,DRY,UNKNOWN,NOT ON SCENE (DESK REPORT),NO INJURY / DRIVE AWAY,Y,,Y,"OVER $1,500",7/19/2019 7:00,UNABLE TO DETERMINE,UNABLE TO DETERMINE,4000,W,FULLERTON AVE,2524,,,,,,,2,NO INDICATION OF INJURY,0,0,0,0,0,2,0,5,6,7,41.92459302,-87.72681927,POINT (-87.726819268403 41.924593021753)
044a016135e8439b65bcc18e200fcd9f7629529d6298d920a41f4aac6c1810b38aef7667fab3f83108810971e71e30b9879b33a0661ef2a0f34836bd1b70d8ea,JC108854,,1/9/2019 6:45,30,TRAFFIC SIGNAL,FUNCTIONING PROPERLY,CLEAR,DAYLIGHT,REAR END,NOT DIVIDED,,STRAIGHT AND LEVEL,DRY,NO DEFECTS,ON SCENE,NO INJURY / DRIVE AWAY,Y,,Y,"OVER $1,500",1/9/2019 6:50,FOLLOWING TOO CLOSELY,FAILING TO REDUCE SPEED TO AVOID CRASH,200,S,HALSTED ST,1232,,,,,,,2,NO INDICATION OF INJURY,0,0,0,0,0,2,0,6,4,1,41.87918309,-87.64742623,POINT (-87.647426234468 41.879183092691)
009bc6f895559df1e1ff27d6d7d356f017dd3f15100f79b2a70e563b3a7cedf10e955f4e3fc3e645a61522e2aad2b334ee7594c73df040ac464bedcec43d8a5b,JB561571,,12/15/2018 1:00,30,NO CONTROLS,NO CONTROLS,UNKNOWN,"DARKNESS, LIGHTED ROAD",FIXED OBJECT,DIVIDED - W/MEDIAN (NOT RAISED),,STRAIGHT AND LEVEL,OTHER,"RUT, HOLES",NOT ON SCENE (DESK REPORT),NO INJURY / DRIVE AWAY,,,,"$501 - $1,500",12/20/2018 18:45,UNABLE TO DETERMINE,UNABLE TO DETERMINE,4409,N,MILWAUKEE AVE,1623,,,,,,,1,NO INDICATION OF INJURY,0,0,0,0,0,1,0,1,7,12,41.96095429,-87.75457974,POINT (-87.754579738448 41.960954285904)
002b25fc644cb12cf64b6e39d789766cfe5b99de6e5ce0fcb96339b133ddfadea50651dc0c20bd3eaf66d8981a5be7c9cdd6cd7dd2800dfbb4609b45b34aeaa2,JE110604,,1/12/2021 12:31,30,NO CONTROLS,NO CONTROLS,CLEAR,DAYLIGHT,PARKED MOTOR VEHICLE,PARKING LOT,,STRAIGHT AND LEVEL,DRY,NO DEFECTS,ON SCENE,INJURY AND / OR TOW DUE TO CRASH,,Y,,"OVER $1,500",1/12/2021 12:33,UNABLE TO DETERMINE,UNABLE TO DETERMINE,7918,S,WESTERN AVE,835,,,,,,,2,NO INDICATION OF INJURY,0,0,0,0,0,1,0,12,3,1,41.74953362,-87.68297971,POINT (-87.682979710583 41.749533615489)
07bd51af4d6b2738d703220c6ed6c4d80b3e947878180492918ad65a0f30ce4295b8501e8220b508989365498e2570340870f826cc39c06e0b3c164fb9f07c58,JE346542,,8/22/2021 20:50,30,UNKNOWN,UNKNOWN,CLEAR,DARKNESS,FIXED OBJECT,NOT DIVIDED,,STRAIGHT AND LEVEL,DRY,UNKNOWN,ON SCENE,INJURY AND / OR TOW DUE TO CRASH,,,Y,"$501 - $1,500",8/22/2021 20:50,NOT APPLICABLE,NOT APPLICABLE,7001,S,MORGAN ST,733,,,,,,,1,NO INDICATION OF INJURY,0,0,0,0,0,2,0,20,1,8,41.7668608,-87.64916175,POINT (-87.649161750702 41.766860803065)
0176cbfb4298c014a06c7262e89446485092a3b2181517f290aeb537ddc5640ea99b728d745ab3df1c818ee0cd468cc269c5362d94ae5aa5a7292c49df4660d0,JA226568,,4/15/2017 23:45,0,NO CONTROLS,NO CONTROLS,CLEAR,DARKNESS,SIDESWIPE OPPOSITE DIRECTION,PARKING LOT,2,STRAIGHT AND LEVEL,WET,UNKNOWN,NOT ON SCENE (DESK REPORT),NO INJURY / DRIVE AWAY,,,,$500 OR LESS,4/16/2017 0:30,IMPROPER BACKING,IMPROPER BACKING,740,E,47TH ST,221,,,,,,,2,NO INDICATION OF INJURY,0,0,0,0,0,2,0,23,7,4,41.8096287,-87.60736974,POINT (-87.607369737858 41.809628697878)
086deeb5619564a2fd5d65f2528893a4f8cf5773026f5146f7181471ed096e30c277cc75583eb21aa03a15464ec26ec03cc3b56ad2f41a56dc957bc21db9c557,JE203968,,4/19/2021 12:40,30,NO CONTROLS,NO CONTROLS,CLOUDY/OVERCAST,DAYLIGHT,PARKED MOTOR VEHICLE,ONE-WAY,,STRAIGHT AND LEVEL,UNKNOWN,UNKNOWN,NOT ON SCENE (DESK REPORT),NO INJURY / DRIVE AWAY,,,,"$501 - $1,500",4/19/2021 14:52,IMPROPER OVERTAKING/PASSING,DRIVING SKILLS/KNOWLEDGE/EXPERIENCE,930,W,GORDON TER,1915,,,,,,,2,NO INDICATION OF INJURY,0,0,0,0,0,2,0,12,2,4,41.95748429,-87.65376627,POINT (-87.653766265175 41.957484292285)
09873554aeee16ba18c6c53cdce6eca60f5aed300e05345be73b838954bd3a680505303c7d74cd4945a7601e4e8bf6708f1c1182ed9421e12649550d1ecb79b5,HY445509,Y,9/24/2015 11:25,30,UNKNOWN,UNKNOWN,UNKNOWN,DAYLIGHT,SIDESWIPE SAME DIRECTION,NOT DIVIDED,3,STRAIGHT AND LEVEL,UNKNOWN,UNKNOWN,NOT ON SCENE (DESK REPORT),NO INJURY / DRIVE AWAY,Y,,,"OVER $1,500",10/1/2015 14:00,NOT APPLICABLE,NOT APPLICABLE,3900,S,PRAIRIE AVE,213,,,,,,,2,NO INDICATION OF INJURY,0,0,0,0,0,2,0,11,5,9,41.82370511,-87.62013258,POINT (-87.620132577779 41.823705111348)
001f107c69ba37793fe311f667bd493c4e9870448f47ccd847a1d4a1579dcddf7cb0f6a99a16abb2213177fa00e0977fe7c3421af47946e1499203489601496b,JE207920,,4/23/2021 15:30,30,STOP SIGN/FLASHER,FUNCTIONING PROPERLY,CLEAR,DAYLIGHT,REAR END,NOT DIVIDED,,STRAIGHT AND LEVEL,DRY,NO DEFECTS,ON SCENE,NO INJURY / DRIVE AWAY,,,Y,"OVER $1,500",4/23/2021 15:39,FOLLOWING TOO CLOSELY,UNABLE TO DETERMINE,1735,W,63RD ST,725,,,,,,,2,NO INDICATION OF INJURY,0,0,0,0,0,2,0,15,6,4,41.77928827,-87.66801775,POINT (-87.66801774873 41.779288273582)
087585210365de73b1a547fa507414f82fe5fb79c55a7ad0335187a4db8143cc87646edf40d7d487376835feb65644052406a89eed08a5f7d9b8628bd0ff98b9,JD427352,,11/10/2020 14:45,15,NO CONTROLS,NO CONTROLS,CLEAR,DAYLIGHT,PARKED MOTOR VEHICLE,ONE-WAY,,STRAIGHT AND LEVEL,DRY,NO DEFECTS,,INJURY AND / OR TOW DUE TO CRASH,,,Y,"OVER $1,500",11/10/2020 14:54,FOLLOWING TOO CLOSELY,IMPROPER OVERTAKING/PASSING,2536,W,57TH ST,824,,,,,,,2,NO INDICATION OF INJURY,0,0,0,0,0,1,0,14,3,11,41.79026021,-87.68783112,POINT (-87.687831118369 41.790260208113)
0a34921d64e357e432132cf89188985fadff9ef6e155e71620f661538c41d1cf916b52399f2ef506db64b9053d01a723b54cdbaa0ab01eee648bb7b49199d01c,JB495149,,10/29/2018 15:05,30,NO CONTROLS,NO CONTROLS,CLEAR,DAYLIGHT,PARKED MOTOR VEHICLE,NOT DIVIDED,2,STRAIGHT AND LEVEL,DRY,NO DEFECTS,ON SCENE,NO INJURY / DRIVE AWAY,,,,$500 OR LESS,10/29/2018 16:09,NOT APPLICABLE,UNABLE TO DETERMINE,3000,W,47TH ST,922,,,,,,,2,NO INDICATION OF INJURY,0,0,0,0,0,4,0,15,2,10,41.80830923,-87.69915681,POINT (-87.699156807634 41.808309227298)
0a2d89a3916de654f9f321edcd92235161abcae8c0f62f25a662273ed7a638859d767aac988c63d5b7410783b58b2b0feb37f42af50062c6dd0f8e1692aae3ca,JB310234,,6/17/2018 2:15,30,NO CONTROLS,NO CONTROLS,CLEAR,"DARKNESS, LIGHTED ROAD",SIDESWIPE SAME DIRECTION,NOT DIVIDED,4,STRAIGHT AND LEVEL,DRY,NO DEFECTS,ON SCENE,INJURY AND / OR TOW DUE TO CRASH,,,Y,"OVER $1,500",6/17/2018 2:30,UNABLE TO DETERMINE,NOT APPLICABLE,5928,N,CICERO AVE,1621,,,,,,,2,NONINCAPACITATING INJURY,2,0,0,2,0,1,0,2,1,6,41.98961301,-87.74847297,POINT (-87.748472969493 41.989613008595)
06c0d59015e41896062d11dbd620c9d3bbb027ff1b478289635be5baf66e868b234f4bb0950c8b5a038b7eb577a4358f47eee0c16051b1b9aad570e21823c9b8,JB323125,,6/26/2018 9:10,30,NO CONTROLS,NO CONTROLS,RAIN,DAYLIGHT,REAR END,CENTER TURN LANE,2,STRAIGHT AND LEVEL,WET,NO DEFECTS,ON SCENE,INJURY AND / OR TOW DUE TO CRASH,,,,"$501 - $1,500",6/26/2018 9:13,DISTRACTION - FROM INSIDE VEHICLE,FAILING TO REDUCE SPEED TO AVOID CRASH,5820,S,KEDZIE AVE,822,,,,,,,2,NONINCAPACITATING INJURY,2,0,0,1,1,2,0,9,3,6,41.7874074,-87.70352623,POINT (-87.703526227448 41.787407404355)
025b3b8253a5f5a7eb4a7808a8a495e585ba62944c271262025457200e3471c739d616243a02459dec5c6754dc7d66c0add78dd13409aa7d30650521e4b756ab,JG270347,,5/22/2023 10:00,30,TRAFFIC SIGNAL,FUNCTIONING PROPERLY,CLEAR,DAYLIGHT,TURNING,ONE-WAY,,STRAIGHT AND LEVEL,UNKNOWN,UNKNOWN,NOT ON SCENE (DESK REPORT),NO INJURY / DRIVE AWAY,,,Y,"OVER $1,500",5/22/2023 12:10,IMPROPER TURNING/NO SIGNAL,FAILING TO YIELD RIGHT-OF-WAY,645,W,ROOSEVELT RD,124,,,,,,,2,NO INDICATION OF INJURY,0,0,0,0,0,2,0,10,2,5,41.86708522,-87.64396844,POINT (-87.643968438055 41.867085223165)
0bc5322c910d9b0d46a142e6304c3f91589ec1873d055814820392add66d1446867b628b6a2dedaf2fd3d7e355b54fc0ab4f39ca81d6e2add9b27c75c080cf2e,JD154991,,2/17/2020 13:55,30,TRAFFIC SIGNAL,FUNCTIONING PROPERLY,RAIN,DAYLIGHT,REAR END,DIVIDED - W/MEDIAN (NOT RAISED),,STRAIGHT AND LEVEL,WET,NO DEFECTS,ON SCENE,NO INJURY / DRIVE AWAY,,,,"OVER $1,500",2/17/2020 13:58,FAILING TO REDUCE SPEED TO AVOID CRASH,WEATHER,1391,N,MILWAUKEE AVE,1433,,,,,,,2,NO INDICATION OF INJURY,0,0,0,0,0,2,0,13,2,2,41.90717459,-87.67222836,POINT (-87.672228360977 41.907174585629)
0397ef6943ac06f3ee0827c5d6bb8cffda01bd54d9db2de75f1ddc57d6eaab3cd5b86d2cf9eab4bd857d7757d5758cde63ce94ca567286d80c75e8eac04928f7,HZ334752,,7/3/2016 16:00,30,NO CONTROLS,NO CONTROLS,CLEAR,DAYLIGHT,SIDESWIPE SAME DIRECTION,NOT DIVIDED,2,STRAIGHT AND LEVEL,DRY,NO DEFECTS,NOT ON SCENE (DESK REPORT),NO INJURY / DRIVE AWAY,,,,"$501 - $1,500",7/4/2016 9:15,UNABLE TO DETERMINE,NOT APPLICABLE,121,N,CICERO AVE,1113,,,,,,,2,NO INDICATION OF INJURY,0,0,0,0,0,4,0,16,1,7,41.88257967,-87.74521055,POINT (-87.745210549615 41.882579668235)
00cf00c4fb404616564e479d21f8c773377810bc5123d2a6b957fd6b12e94632db5d192dad93d876e9a282f7745acdf5b56cb4930726201169d8c0c113258fa1,JD429784,,11/13/2020 1:39,30,TRAFFIC SIGNAL,FUNCTIONING IMPROPERLY,CLEAR,"DARKNESS, LIGHTED ROAD",FIXED OBJECT,FOUR WAY,,STRAIGHT AND LEVEL,WET,NO DEFECTS,ON SCENE,NO INJURY / DRIVE AWAY,Y,,Y,"OVER $1,500",11/13/2020 1:39,NOT APPLICABLE,NOT APPLICABLE,7101,S,DAMEN AVE,735,Y,,,,,,1,NO INDICATION OF INJURY,0,0,0,0,0,2,0,1,6,11,41.7647171,-87.6733853,POINT (-87.673385304113 41.76471709543)
07a8f2d0a0f996857aebf7fa902814e61a36240f0b342d7e00b0673ed39af72d6c98c35377b7374a1e5026b14b1654d09e42cf7e06583fe38c95556855ebf74c,JG170253,,3/1/2023 12:53,25,NO CONTROLS,NO CONTROLS,CLEAR,DAYLIGHT,FIXED OBJECT,UNKNOWN,,STRAIGHT AND LEVEL,DRY,UNKNOWN,NOT ON SCENE (DESK REPORT),NO INJURY / DRIVE AWAY,,,,"OVER $1,500",3/1/2023 13:31,UNABLE TO DETERMINE,UNABLE TO DETERMINE,8005,S,RACINE AVE,612,,,,,,,1,NO INDICATION OF INJURY,0,0,0,0,0,1,0,12,4,3,41.74847529,-87.65353751,POINT (-87.653537509173 41.748475289784)
0c8330076050b2de6157bbd463ec3b759ce5378ceb3149eb680cb1b734163139e888126d5d4b505b9f322a1236d9292f662b4d66fd9f5d03a5fc4cc5debbece9,JC267544,,5/17/2019 21:28,30,STOP SIGN/FLASHER,FUNCTIONING PROPERLY,FREEZING RAIN/DRIZZLE,"DARKNESS, LIGHTED ROAD",TURNING,OTHER,,STRAIGHT AND LEVEL,WET,NO DEFECTS,ON SCENE,INJURY AND / OR TOW DUE TO CRASH,Y,,,"OVER $1,500",5/17/2019 22:23,IMPROPER OVERTAKING/PASSING,NOT APPLICABLE,140,W,43RD ST,925,,,,,,,3,NO INDICATION OF INJURY,0,0,0,0,0,4,0,21,6,5,41.81654246,-87.63026813,POINT (-87.630268133818 41.816542463675)
07f80c76cd3473aa741102a20dde9ec4f7b75662547568ed75ba939f5c8a1b4bad004e83e562c22ee304f8510ddd42ecb34b0ce5426ca5fd844a90d99d766623,JD387467,,10/3/2020 6:00,25,NO CONTROLS,NO CONTROLS,CLEAR,DAYLIGHT,PARKED MOTOR VEHICLE,DIVIDED - W/MEDIAN (NOT RAISED),,STRAIGHT AND LEVEL,DRY,NO DEFECTS,NOT ON SCENE (DESK REPORT),NO INJURY / DRIVE AWAY,,,Y,"OVER $1,500",10/3/2020 15:00,UNABLE TO DETERMINE,UNABLE TO DETERMINE,3939,N,HAMLIN AVE,1732,,,,,,,2,NO INDICATION OF INJURY,0,0,0,0,0,1,0,6,7,10,41.95307079,-87.72254432,POINT (-87.722544316144 41.953070784601)
00da70c8fb38dbff770d3560d5e11533151808c994ea227240972d21438aa6733c8b6d3c1b0cd9a2051dcd62ea0d2747f5f23499070c1b5a508b58aa433107d1,JA150940,,2/10/2017 12:00,30,UNKNOWN,UNKNOWN,UNKNOWN,DAYLIGHT,REAR END,NOT DIVIDED,,STRAIGHT AND LEVEL,UNKNOWN,UNKNOWN,NOT ON SCENE (DESK REPORT),NO INJURY / DRIVE AWAY,,,,"$501 - $1,500",2/12/2017 12:47,FOLLOWING TOO CLOSELY,FOLLOWING TOO CLOSELY,3932,W,IRVING PARK RD,1723,,,,,,,2,NO INDICATION OF INJURY,0,0,0,0,0,3,0,12,6,2,41.95377451,-87.72645871,POINT (-87.726458706758 41.953774509765)
082e7566ca9c12ead50050309d55b9fa0fed3d2c0b4105b47770744645ed3f73d4cca446d8c6adbbd99f9a94d2bf736996c26c4997428eefd38da86ad2cb1ffe,JA559375,,12/22/2017 13:36,30,STOP SIGN/FLASHER,FUNCTIONING PROPERLY,CLEAR,DAYLIGHT,ANGLE,NOT DIVIDED,2,STRAIGHT AND LEVEL,DRY,NO DEFECTS,ON SCENE,INJURY AND / OR TOW DUE TO CRASH,Y,,,"OVER $1,500",12/22/2017 13:41,FAILING TO YIELD RIGHT-OF-WAY,NOT APPLICABLE,732,W,69TH ST,723,,,,,,,2,NO INDICATION OF INJURY,0,0,0,0,0,2,0,13,6,12,41.76897092,-87.64310667,POINT (-87.643106665732 41.768970922333)
0b5a7129b2cbc9148b5079bd077651db51367f103fe57bca38552cab0329fc7b897c015828f7bde017d22c540d180ec5e6628eb882c5c7c42187fd2dcd898d2b,JD283785,,7/2/2020 18:57,30,NO CONTROLS,NO CONTROLS,CLEAR,DAYLIGHT,SIDESWIPE OPPOSITE DIRECTION,DIVIDED - W/MEDIAN (NOT RAISED),,STRAIGHT AND LEVEL,DRY,NO DEFECTS,ON SCENE,INJURY AND / OR TOW DUE TO CRASH,,,,"OVER $1,500",7/2/2020 18:59,NOT APPLICABLE,NOT APPLICABLE,3428,W,JACKSON BLVD,1123,,,,,,,2,NONINCAPACITATING INJURY,1,0,0,1,0,7,0,18,5,7,41.87737103,-87.71207614,POINT (-87.712076142681 41.87737103411)
0a8430e188ad2306b41fadc9e3eaee381284e19bff90978889ec0ec7dd7116fc87d44cb964bcb2c7fef3ca7b2a16d218d088d97ea46f048a891bf2a929e12a0f,JE409491,,10/14/2021 13:10,30,NO CONTROLS,NO CONTROLS,CLEAR,DAYLIGHT,ANGLE,NOT DIVIDED,,STRAIGHT AND LEVEL,DRY,NO DEFECTS,NOT ON SCENE (DESK REPORT),NO INJURY / DRIVE AWAY,,,,"$501 - $1,500",10/14/2021 13:50,FAILING TO YIELD RIGHT-OF-WAY,IMPROPER BACKING,3900,W,85TH ST,834,,,,,,,2,NO INDICATION OF INJURY,0,0,0,0,0,2,0,13,5,10,41.73866733,-87.71924949,POINT (-87.719249489948 41.738667329516)
03c3ef48c84afd6940e0fc7c11feeb47b5eb678b06b8fde724d0d1955506179c016232de45d889b10c3629547fa231ce4a5a37f279a1dc0a7ab66a6bedaf1134,JF462676,,11/4/2022 22:27,30,TRAFFIC SIGNAL,FUNCTIONING PROPERLY,CLEAR,"DARKNESS, LIGHTED ROAD",FIXED OBJECT,NOT DIVIDED,,STRAIGHT AND LEVEL,DRY,NO DEFECTS,ON SCENE,INJURY AND / OR TOW DUE TO CRASH,,,,"OVER $1,500",11/4/2022 22:27,UNABLE TO DETERMINE,NOT APPLICABLE,2656,W,111TH ST,2212,,,,,,,1,NO INDICATION OF INJURY,0,0,0,0,0,2,0,22,6,11,41.6918258,-87.68838808,POINT (-87.688388084039 41.691825798503)
06046fa81078fad2d89ee152c98be7887f470de5350233b3fc2aaa49c3bd8bb21700276b1662a434e92b764c5dd1e5571a385384f32a2a254866203220d6c5a9,JF388078,,9/7/2022 13:00,25,NO CONTROLS,NO CONTROLS,CLEAR,DAYLIGHT,SIDESWIPE SAME DIRECTION,NOT DIVIDED,,STRAIGHT AND LEVEL,DRY,NO DEFECTS,NOT ON SCENE (DESK REPORT),NO INJURY / DRIVE AWAY,,,,"$501 - $1,500",9/8/2022 13:00,UNABLE TO DETERMINE,UNABLE TO DETERMINE,2801,W,HOWARD ST,2411,,,,,,,2,NO INDICATION OF INJURY,0,0,0,0,0,2,0,13,4,9,42.01921374,-87.69970316,POINT (-87.699703162736 42.01921374227)
0c9c935a8de7ef07de853a97c045430c9cd115cea7ac70f58b4f042f0d2cd739544a88228a2061559b252d7b8068e506fc7af28cff8ea8fd8c53759eada31536,JC327665,,6/29/2019 18:10,25,NO CONTROLS,NO CONTROLS,CLEAR,DAYLIGHT,PARKED MOTOR VEHICLE,ONE-WAY,,STRAIGHT AND LEVEL,DRY,NO DEFECTS,ON SCENE,NO INJURY / DRIVE AWAY,,,Y,$500 OR LESS,6/29/2019 18:12,UNABLE TO DETERMINE,NOT APPLICABLE,4806,N,ST LOUIS AVE,1712,,,,,,,2,NO INDICATION OF INJURY,0,0,0,0,0,1,0,18,7,6,41.96863422,-87.71596313,POINT (-87.715963126308 41.968634217724)
0c0243c03caca65965eeb015dbbeb425206c7ef0c6910dc71c05853072c62be27d290102c68d12c9ef6bde713cc25cadd0ab829884ff5e39d4cfea62d452ea64,JG170340,,3/1/2023 13:50,20,NO CONTROLS,NO CONTROLS,CLEAR,DAYLIGHT,PARKED MOTOR VEHICLE,NOT DIVIDED,,STRAIGHT ON GRADE,DRY,NO DEFECTS,NOT ON SCENE (DESK REPORT),NO INJURY / DRIVE AWAY,,,,$500 OR LESS,3/1/2023 14:32,UNABLE TO DETERMINE,UNABLE TO DETERMINE,5458,S,LARAMIE AVE,814,,,,,,,2,NO INDICATION OF INJURY,0,0,0,0,0,1,0,13,4,3,41.79297605,-87.75265615,POINT (-87.752656149507 41.792976051381)
0b456993aa3c582136e9c023a429a164a1208c9c10e5d97b509844ea0b11e3bff0862a9a6e3fd3ee050565f9563405745e992692f1302e18000324a3f29cce50,JG173687,,3/4/2023 12:17,20,STOP SIGN/FLASHER,FUNCTIONING PROPERLY,CLEAR,DAYLIGHT,TURNING,PARKING LOT,,STRAIGHT AND LEVEL,DRY,NO DEFECTS,ON SCENE,INJURY AND / OR TOW DUE TO CRASH,,,,"OVER $1,500",3/4/2023 12:22,FAILING TO YIELD RIGHT-OF-WAY,UNABLE TO DETERMINE,10000,W,OHARE ST,1651,,,,,,,2,NO INDICATION OF INJURY,0,0,0,0,0,2,0,12,7,3,41.97620114,-87.90530913,POINT (-87.905309125103 41.976201139024)
00ab2de6ad1fb7f93ac6f9496a7e5b683a510b101dc346af0243d61d8b97321eb7244d16de695d9ac3b819cfc23b852ee03bf1862c4796b5861c81bd94dbb30d,JD368388,,9/15/2020 19:36,30,TRAFFIC SIGNAL,FUNCTIONING PROPERLY,CLEAR,"DARKNESS, LIGHTED ROAD",REAR END,NOT DIVIDED,,STRAIGHT AND LEVEL,DRY,NO DEFECTS,ON SCENE,INJURY AND / OR TOW DUE TO CRASH,,,Y,"OVER $1,500",9/15/2020 19:36,FAILING TO REDUCE SPEED TO AVOID CRASH,UNABLE TO DETERMINE,8305,S,YATES BLVD,423,,,,,,,3,"REPORTED, NOT EVIDENT",1,0,0,0,1,4,0,19,3,9,41.74425895,-87.56597595,POINT (-87.565975951875 41.744258953197)
05468bd6d8281971e51a9f6a9af9f8acd26cb501771112418807156e1a216f114c9bdbb513f77048ea605be5ed01e556813ea8123c9bf537a6f06b1266302081,JA131674,,1/27/2017 7:45,35,NO CONTROLS,NO CONTROLS,CLEAR,DAYLIGHT,PEDESTRIAN,NOT DIVIDED,2,STRAIGHT AND LEVEL,DRY,NO DEFECTS,NOT ON SCENE (DESK REPORT),INJURY AND / OR TOW DUE TO CRASH,,,Y,$500 OR LESS,1/27/2017 9:45,NOT APPLICABLE,NOT APPLICABLE,438,N,LARAMIE AVE,1523,,,,,,,2,NONINCAPACITATING INJURY,1,0,0,1,0,1,0,7,6,1,41.8887868,-87.75552198,POINT (-87.755521977981 41.888786795401)
0746fad4cd1389bdab72680df6dbc6fe185651d2b90b132170db4a82012b545344ce3ae6baf8e5d92ee5b55d4ed2691bc59c04a38c310d5e926b46ff8a472227,JE151384,,2/24/2021 21:26,40,NO CONTROLS,NO CONTROLS,CLEAR,"DARKNESS, LIGHTED ROAD",SIDESWIPE SAME DIRECTION,DIVIDED - W/MEDIAN BARRIER,,"CURVE, LEVEL",WET,NO DEFECTS,ON SCENE,INJURY AND / OR TOW DUE TO CRASH,,,Y,"OVER $1,500",2/24/2021 21:26,IMPROPER LANE USAGE,NOT APPLICABLE,153,N,LAKE SHORE DR SB,114,,,,,,,2,NO INDICATION OF INJURY,0,0,0,0,0,3,0,21,4,2,41.88447427,-87.61356137,POINT (-87.613561367179 41.88447427434)
074d32e64716a2d0108535cd5d6bacf8a55a2f7d865d7840e44b54ed430945675cc19780142988a2a89f33ee5d9927687fc8f35f92682f28cacc1e58daa30fdd,JC446201,,9/24/2019 8:50,30,TRAFFIC SIGNAL,FUNCTIONING PROPERLY,CLEAR,DAYLIGHT,REAR END,NOT DIVIDED,,STRAIGHT AND LEVEL,DRY,NO DEFECTS,NOT ON SCENE (DESK REPORT),NO INJURY / DRIVE AWAY,,,,"OVER $1,500",9/24/2019 9:25,IMPROPER OVERTAKING/PASSING,DRIVING SKILLS/KNOWLEDGE/EXPERIENCE,5921,N,RIDGE AVE,2013,,,,,,,2,NO INDICATION OF INJURY,0,0,0,0,0,2,0,8,3,9,41.98955806,-87.66952528,POINT (-87.669525281764 41.989558060265)