CRASH_RECORD_ID,RD_NO,CRASH_DATE_EST_I,CRASH_DATE,POSTED_SPEED_LIMIT,TRAFFIC_CONTROL_DEVICE,DEVICE_CONDITION,WEATHER_CONDITION,LIGHTING_CONDITION,FIRST_CRASH_TYPE,TRAFFICWAY_TYPE,LANE_CNT,ALIGNMENT,ROADWAY_SURFACE_COND,ROAD_DEFECT,REPORT_TYPE,CRASH_TYPE,INTERSECTION_RELATED_I,NOT_RIGHT_OF_WAY_I,HIT_AND_RUN_I,DAMAGE,DATE_POLICE_NOTIFIED,PRIM_CONTRIBUTORY_CAUSE,SEC_CONTRIBUTORY_CAUSE,STREET_NO,STREET_DIRECTION,STREET_NAME,BEAT_OF_OCCURRENCE,PHOTOS_TAKEN_I,STATEMENTS_TAKEN_I,DOORING_I,WORK_ZONE_I,WORK_ZONE_TYPE,WORKERS_PRESENT_I,NUM_UNITS,MOST_SEVERE_INJURY,INJURIES_TOTAL,INJURIES_FATAL,INJURIES_INCAPACITATING,INJURIES_NON_INCAPACITATING,INJURIES_REPORTED_NOT_EVIDENT,INJURIES_NO_INDICATION,INJURIES_UNKNOWN,CRASH_HOUR,CRASH_DAY_OF_WEEK,CRASH_MONTH,LATITUDE,LONGITUDE,LOCATION
0b159038c20b32ade588101cbac96e39295e0e51d9d668f5c4f103436101d26c3bffeff0c944c51df6eaec338adadfdefcf287ce693377e4409c8f2f9558e9d5,JF219059,Y,4/25/2022 6:13,30,NO CONTROLS,NO CONTROLS,CLEAR,DAWN,PARKED MOTOR VEHICLE,NOT DIVIDED,,STRAIGHT AND LEVEL,DRY,NO DEFECTS,ON SCENE,INJURY AND / OR TOW DUE TO CRASH,,,,"OVER $1,500",4/25/2022 6:13,FAILING TO REDUCE SPEED TO AVOID CRASH,UNABLE TO DETERMINE,2040,W,CULLERTON ST,1234,,,,,,,3,NONINCAPACITATING INJURY,1,0,0,1,0,0,0,6,2,4,41.85501216,-87.67756493,POINT (-87.67756492475 41.855012162821)
014cfdd348146870ceb281f7675c577cba4486a3caf404d4c7191bf78d60b318122b9763b628a3fb72fb0f215555897159c40c128101b75ec8c92302fbcc8691,JB258343,,5/9/2018 16:00,25,STOP SIGN/FLASHER,FUNCTIONING PROPERLY,CLEAR,DAYLIGHT,REAR END,DIVIDED - W/MEDIAN (NOT RAISED),2,STRAIGHT AND LEVEL,DRY,NO DEFECTS,NOT ON SCENE (DESK REPORT),NO INJURY / DRIVE AWAY,,,,"OVER $1,500",5/10/2018 17:00,DISTRACTION - FROM OUTSIDE VEHICLE,PASSING STOPPED SCHOOL BUS,2121,W,DIVISION ST,1212,,,,,,,2,NO INDICATION OF INJURY,0,0,0,0,0,2,0,16,4,5,41.90302249,-87.68057589,POINT (-87.680575885082 41.903022486237)
0659b854e08b83a1f2eca6871d20ef81798e860736b966e28b866ab78383601f5df0ad0b3cdd3087b730acf2aac232d1e17ccf1b5c29d43f21b90c81b1e370e1,JC409989,,8/27/2019 18:40,30,STOP SIGN/FLASHER,FUNCTIONING PROPERLY,CLEAR,DAYLIGHT,ANGLE,DIVIDED - W/MEDIAN (NOT RAISED),,STRAIGHT AND LEVEL,DRY,NO DEFECTS,,NO INJURY / DRIVE AWAY,,,,"OVER $1,500",8/27/2019 21:45,DISREGARDING STOP SIGN,NOT APPLICABLE,930,W,DIVISION ST,1822,,,,,,,2,NO INDICATION OF INJURY,0,0,0,0,0,2,0,18,3,8,41.90369297,-87.65231126,POINT (-87.652311256233 41.903692966481)
0c4f80aa5454bd30a31a557622f1b4b4c7199d1938b5435c2b5982f61a3399747464f2cd1760e84dd761f27d29931c5adf3203d49c0f35ec904bd4b854bf20f4,JB245200,,5/1/2018 8:40,30,NO CONTROLS,NO CONTROLS,CLEAR,DAYLIGHT,REAR END,NOT DIVIDED,1,STRAIGHT AND LEVEL,DRY,NO DEFECTS,NOT ON SCENE (DESK REPORT),NO INJURY / DRIVE AWAY,,,Y,"$501 - $1,500",5/1/2018 10:21,FOLLOWING TOO CLOSELY,UNABLE TO DETERMINE,1319,N,LAVERGNE AVE,2533,,,,,,,2,NO INDICATION OF INJURY,0,0,0,0,0,2,0,8,3,5,41.90477589,-87.7507824,POINT (-87.750782402857 41.904775892468)
08dd9ddba588ba8c779fa54dc2fb883d74704a46647d71998b4dc5914251ab16e8d49c6b686e2ce0f1e11b9d3c97c05a52a38214984d7f004958ed8b666c79ef,JD308127,,7/24/2020 9:20,30,NO CONTROLS,NO CONTROLS,CLEAR,DAWN,SIDESWIPE SAME DIRECTION,NOT DIVIDED,,STRAIGHT AND LEVEL,DRY,NO DEFECTS,NOT ON SCENE (DESK REPORT),NO INJURY / DRIVE AWAY,,,,"OVER $1,500",7/24/2020 10:15,UNABLE TO DETERMINE,UNABLE TO DETERMINE,30,W,87TH ST,622,,,,,,,2,NO INDICATION OF INJURY,0,0,0,0,0,2,0,9,6,7,41.73637604,-87.62562131,POINT (-87.625621310926 41.736376036605)
0446a576dd6d56e9c2a4217fdcf9c9ad71e347d396c67e566238119472a9ce7ce3f0fb8bc66bb972c0d43c5d6c62c3d8ac31ac838c91f94d1c5c0c3ca59316a1,JB360838,,7/22/2018 19:05,30,NO CONTROLS,NO CONTROLS,CLEAR,DAYLIGHT,SIDESWIPE OPPOSITE DIRECTION,NOT DIVIDED,,STRAIGHT AND LEVEL,DRY,NO DEFECTS,NOT ON SCENE (DESK REPORT),NO INJURY / DRIVE AWAY,,,,$500 OR LESS,7/22/2018 19:15,UNABLE TO DETERMINE,NOT APPLICABLE,1300,N,STATE PKWY,1824,,,,,,,2,NO INDICATION OF INJURY,0,0,0,0,0,2,0,19,1,7,41.9058631,-87.62889163,POINT (-87.628891625947 41.905863097654)
006efcfb8c00ebb381317667e9410572e65c1148fe0ef386f1fc63e48d62c64e0f88d0d63eafbfd1ac56a52e3d6af94a3b864a71bce57bf14869bcb451cf4a6c,JE374769,,9/14/2021 15:30,30,NO CONTROLS,NO CONTROLS,CLEAR,DAYLIGHT,PARKED MOTOR VEHICLE,DIVIDED - W/MEDIAN (NOT RAISED),,STRAIGHT AND LEVEL,DRY,NO DEFECTS,NOT ON SCENE (DESK REPORT),NO INJURY / DRIVE AWAY,,,,"$501 - $1,500",9/15/2021 16:30,UNABLE TO DETERMINE,NOT APPLICABLE,5959,W,CORCORAN PL,1512,,,,,,,2,NO INDICATION OF INJURY,0,0,0,0,0,2,0,15,3,9,41.8869985,-87.7743793,POINT (-87.774379303459 41.886998497044)
03d2d168e5ef1da05d40042a450be3d130d8cae687a3abf6ec186111c1d93a345c6f38bec56b36a4a713aefbc315294252026aa54bdb0f78f48698e4c53f8179,JC438150,,9/18/2019 7:45,25,STOP SIGN/FLASHER,NO CONTROLS,CLEAR,DAYLIGHT,REAR END,NOT DIVIDED,,STRAIGHT AND LEVEL,DRY,NO DEFECTS,NOT ON SCENE (DESK REPORT),NO INJURY / DRIVE AWAY,,,,"OVER $1,500",9/18/2019 8:50,FOLLOWING TOO CLOSELY,FAILING TO REDUCE SPEED TO AVOID CRASH,6807,W,WAVELAND AVE,1632,,,,,,,2,NO INDICATION OF INJURY,0,0,0,0,0,4,0,7,4,9,41.94717719,-87.79637028,POINT (-87.796370278188 41.947177190955)
0a314911ce3b10ff5eabc9d37570161f43f4bf22d1779b44e383c8b111e0b233ee9d3fd61ea9c35b294a4ac675a072424947588a4f9f365fa9ff15f15472bad5,JG252353,Y,5/8/2023 6:00,25,NO CONTROLS,NO CONTROLS,CLEAR,DAWN,PARKED MOTOR VEHICLE,NOT DIVIDED,,STRAIGHT AND LEVEL,DRY,NO DEFECTS,NOT ON SCENE (DESK REPORT),NO INJURY / DRIVE AWAY,,,Y,"OVER $1,500",5/8/2023 10:15,UNABLE TO DETERMINE,UNABLE TO DETERMINE,4855,W,CRYSTAL ST,2533,,,,,,,2,NO INDICATION OF INJURY,0,0,0,0,0,1,0,6,2,5,41.90312982,-87.74821197,POINT (-87.748211964652 41.903129817302)
0b6a7491deec483dc85f83da9b96bc81a425ff4476eef42c1b0d998517ac4feb94b1d3b7e1d0b170a27eb4c37df5c9ab5b789dc2330f78f83832f77b84c12a38,JD401727,,10/16/2020 19:55,30,TRAFFIC SIGNAL,FUNCTIONING PROPERLY,CLEAR,"DARKNESS, LIGHTED ROAD",SIDESWIPE SAME DIRECTION,DIVIDED - W/MEDIAN (NOT RAISED),,STRAIGHT AND LEVEL,DRY,NO DEFECTS,ON SCENE,NO INJURY / DRIVE AWAY,,,Y,"$501 - $1,500",10/16/2020 20:00,IMPROPER LANE USAGE,NOT APPLICABLE,2337,N,CICERO AVE,2522,,,,,,,2,NO INDICATION OF INJURY,0,0,0,0,0,2,0,19,6,10,41.92354969,-87.74613388,POINT (-87.746133875298 41.923549688404)
090d8246f82f4787644cf97f3ac9422cc0044f45bc58252b624cacb26e8b8d0a5b924cfeeb63679d0ae11ff510d46d41cd5138027d14c9bb34fb669efb5e2012,JB276869,,5/24/2018 15:30,15,NO CONTROLS,NO CONTROLS,CLEAR,DAYLIGHT,PARKED MOTOR VEHICLE,OTHER,1,STRAIGHT AND LEVEL,DRY,NO DEFECTS,NOT ON SCENE (DESK REPORT),NO INJURY / DRIVE AWAY,,,,"OVER $1,500",5/24/2018 16:20,IMPROPER BACKING,UNABLE TO DETERMINE,7600,S,SOUTH CHICAGO AVE,411,,,,,,,2,NO INDICATION OF INJURY,0,0,0,0,0,2,0,15,5,5,41.7567361,-87.59307096,POINT (-87.593070955379 41.756736099049)
03b58fb7ed3acb9a5e94b187283b77f74a4cc70eddad4773be6cede58db1ef4786e4dc983d36403204a88bd193513880ce0357af5e18fd9ad33c7c22d0c66af0,JB348509,,7/13/2018 18:15,30,TRAFFIC SIGNAL,FUNCTIONING PROPERLY,CLEAR,DAYLIGHT,SIDESWIPE SAME DIRECTION,DIVIDED - W/MEDIAN (NOT RAISED),2,STRAIGHT AND LEVEL,DRY,NO DEFECTS,NOT ON SCENE (DESK REPORT),NO INJURY / DRIVE AWAY,,,Y,"$501 - $1,500",7/13/2018 19:15,UNABLE TO DETERMINE,NOT APPLICABLE,600,S,CENTRAL AVE,1513,,,,,,,2,NO INDICATION OF INJURY,0,0,0,0,0,2,0,18,6,7,41.87277222,-87.76473185,POINT (-87.764731850479 41.872772222189)
06b3c7eaabebaa82d4eed90e0fa6e6a2a4b281082f20f5d57401a07d9145a36408ee9aa981a615f8f6b9b5a4f56eb4fd72d82ff24303ad138f472a4c5f366b9c,JC224246,,4/14/2019 12:30,30,TRAFFIC SIGNAL,OTHER,SNOW,DAYLIGHT,ANGLE,DIVIDED - W/MEDIAN (NOT RAISED),6,STRAIGHT AND LEVEL,SNOW OR SLUSH,UNKNOWN,ON SCENE,INJURY AND / OR TOW DUE TO CRASH,Y,,,"OVER $1,500",4/14/2019 12:35,WEATHER,"VISION OBSCURED (SIGNS, TREE LIMBS, BUILDINGS, ETC.)",4500,S,PULASKI RD,815,,,,,,,2,NO INDICATION OF INJURY,0,0,0,0,0,2,0,12,1,4,41.81144674,-87.72386803,POINT (-87.723868030607 41.811446743513)
05c343d071ba4197866f9874f48a04a104e1886c32da872f863edb4d2fd0fe8ff368acbb895fb19eedb8df919f25a5d5f29edb96cf1edb524a58a65d6c2ae4ac,HZ290048,,6/2/2016 9:10,30,STOP SIGN/FLASHER,FUNCTIONING PROPERLY,CLEAR,DAYLIGHT,ANGLE,NOT DIVIDED,2,STRAIGHT AND LEVEL,DRY,NO DEFECTS,NOT ON SCENE (DESK REPORT),NO INJURY / DRIVE AWAY,,,,"$501 - $1,500",6/2/2016 9:55,FAILING TO YIELD RIGHT-OF-WAY,NOT APPLICABLE,3500,W,CHICAGO AVE,1121,,,,,,,2,NO INDICATION OF INJURY,0,0,0,0,0,2,0,9,5,6,41.89559246,-87.71393592,POINT (-87.713935918146 41.895592461645)
01e78ca3ff223b383bbb7dd5fed6917e273592453d83f367a7f3ba9329214c1672a5f29fe964c45855ebd9adc9d7d8f29a726b033e9d65a362db7aede3d9deb0,JC533870,,12/4/2019 5:30,30,TRAFFIC SIGNAL,FUNCTIONING PROPERLY,CLEAR,DAYLIGHT,PEDESTRIAN,FOUR WAY,,STRAIGHT AND LEVEL,DRY,NO DEFECTS,ON SCENE,INJURY AND / OR TOW DUE TO CRASH,,,,"OVER $1,500",12/4/2019 6:06,DISREGARDING TRAFFIC SIGNALS,DISREGARDING TRAFFIC SIGNALS,7200,W,BRYN MAWR AVE,1612,,,,,,,2,"REPORTED, NOT EVIDENT",1,0,0,0,1,1,0,5,4,12,41.98287647,-87.80707684,POINT (-87.807076841426 41.982876468384)
00bfa28f38df10a5315b25e67aa4706111722082277dab78f4115adb94bfb6103589db994c761281e50fa10915adb776a96703c00a597bbb5a378835e8a634c5,JA504752,,11/9/2017 6:00,0,NO CONTROLS,NO CONTROLS,CLEAR,UNKNOWN,PARKED MOTOR VEHICLE,PARKING LOT,,STRAIGHT AND LEVEL,DRY,NO DEFECTS,ON SCENE,NO INJURY / DRIVE AWAY,,Y,,$500 OR LESS,11/9/2017 7:29,IMPROPER BACKING,NOT APPLICABLE,3701,S,SPAULDING AVE,911,,,,,,,2,NO INDICATION OF INJURY,0,0,0,0,0,1,0,6,5,11,41.82600493,-87.70678077,POINT (-87.706780765984 41.826004929913)
032d9aeb5ed931a6d5142d2eb5a4f1a995a909e32abd456772e1e7e02f7f70e78c8d02e5b2cb417d747896e83d52d74c67a1fcede4f0dd49621014a1f7f91bcc,JB462845,,10/4/2018 19:10,30,TRAFFIC SIGNAL,FUNCTIONING PROPERLY,CLEAR,"DARKNESS, LIGHTED ROAD",PEDALCYCLIST,NOT DIVIDED,2,STRAIGHT AND LEVEL,DRY,UNKNOWN,ON SCENE,INJURY AND / OR TOW DUE TO CRASH,Y,,,$500 OR LESS,10/4/2018 19:19,IMPROPER TURNING/NO SIGNAL,FAILING TO REDUCE SPEED TO AVOID CRASH,4400,N,SHERIDAN RD,1914,,,,,,,2,NONINCAPACITATING INJURY,1,0,0,1,0,1,0,19,5,10,41.96182307,-87.65489608,POINT (-87.654896083223 41.961823071539)
03a55d616802019ab6f5bf9cb28bf19ea234f95223225213efd475973f0f70ba8aaf2e5fa14c4a64dd28401d0fd577ca955dcac25879e95a58d3bd6bd1cf85f7,JE343726,,8/20/2021 9:00,30,NO CONTROLS,NO CONTROLS,CLEAR,DAYLIGHT,FIXED OBJECT,NOT DIVIDED,,STRAIGHT AND LEVEL,DRY,NO DEFECTS,NOT ON SCENE (DESK REPORT),NO INJURY / DRIVE AWAY,Y,,,"OVER $1,500",8/20/2021 13:30,IMPROPER BACKING,NOT APPLICABLE,2327,N,CICERO AVE,2522,,,,,,,1,NO INDICATION OF INJURY,0,0,0,0,0,1,0,9,6,8,41.92322351,-87.74612602,POINT (-87.746126020785 41.92322351041)
016bba409766bcd24e2c6de11fbca60a88e2981c66a3cd79d98cacb9d031c7c91e3a9cbb3dc98aaf959ea2e2e46a1702c88f81ddd64ad2fb90148b6e6ee1b751,JD302072,,7/18/2020 19:08,35,NO CONTROLS,NO CONTROLS,CLEAR,DAYLIGHT,REAR END,NOT DIVIDED,,STRAIGHT ON GRADE,DRY,NO DEFECTS,ON SCENE,INJURY AND / OR TOW DUE TO CRASH,,,Y,"$501 - $1,500",7/18/2020 19:08,DRIVING SKILLS/KNOWLEDGE/EXPERIENCE,UNABLE TO DETERMINE,1654,E,92ND PL,413,,,,,,,2,NO INDICATION OF INJURY,0,0,0,0,0,2,0,19,7,7,41.7270491,-87.58284734,POINT (-87.582847341421 41.727049102327)
04b5e9c5e9aadfb8fd82f062505b4ed22781ed524c0566683cc5cb6bd6d7184ad42874da24cd16035ef0aec01d209596e7e302992246604099b767b108b65ed3,JB547599,,12/7/2018 19:45,30,NO CONTROLS,NO CONTROLS,CLEAR,DAYLIGHT,FIXED OBJECT,PARKING LOT,1,STRAIGHT AND LEVEL,DRY,NO DEFECTS,NOT ON SCENE (DESK REPORT),NO INJURY / DRIVE AWAY,,,,"$501 - $1,500",12/10/2018 15:05,UNABLE TO DETERMINE,NOT APPLICABLE,5431,N,EAST RIVER RD,1614,,,,,,,1,NO INDICATION OF INJURY,0,0,0,0,0,1,0,19,6,12,41.97795547,-87.84631989,POINT (-87.846319888343 41.977955465241)
013f91045255da1451ae5f54a9b71cb9aa200c54bdb64dae58d2422621834055efbabffb3ed5cc88505496cb15a293cb443f26ff8d4ee74adeacfb0c7c1ce6e2,JE253185,,5/28/2021 23:30,30,NO CONTROLS,NO CONTROLS,CLEAR,"DARKNESS, LIGHTED ROAD",REAR END,ONE-WAY,,STRAIGHT AND LEVEL,DRY,NO DEFECTS,NOT ON SCENE (DESK REPORT),NO INJURY / DRIVE AWAY,,,,$500 OR LESS,6/4/2021 8:41,DRIVING SKILLS/KNOWLEDGE/EXPERIENCE,UNABLE TO DETERMINE,222,W,ONTARIO ST,1831,,,,,,,2,NO INDICATION OF INJURY,0,0,0,0,0,2,0,23,6,5,41.89328327,-87.63511922,POINT (-87.635119224306 41.893283273326)
05e7a11cd276555898a69cdf2aeaf20919f661c2a7dbd9e91f4413fb4e42181a1d4a62fd0feb039093bec26c05574a541b5decb38a4489d9e242f26565d0493c,JC168796,,2/28/2019 12:40,30,TRAFFIC SIGNAL,FUNCTIONING PROPERLY,CLEAR,DAYLIGHT,REAR END,NOT DIVIDED,2,STRAIGHT AND LEVEL,DRY,NO DEFECTS,NOT ON SCENE (DESK REPORT),NO INJURY / DRIVE AWAY,,,Y,"$501 - $1,500",2/28/2019 12:50,FAILING TO REDUCE SPEED TO AVOID CRASH,FAILING TO REDUCE SPEED TO AVOID CRASH,701,E,111TH ST,531,,,,,,,2,NO INDICATION OF INJURY,0,0,0,0,0,2,0,12,5,2,41.6927062,-87.60596874,POINT (-87.605968741054 41.692706200767)
0220912122930e1d7235eeb41f733f791a150250c62d5f2ecd187fa951f682ef4430f1ec51e76a6a45097787a90631d46fb6b71a2b301cfe4d55e193870b0390,JB356035,,7/19/2018 8:46,30,NO CONTROLS,NO CONTROLS,CLEAR,DAYLIGHT,TURNING,NOT DIVIDED,2,STRAIGHT AND LEVEL,DRY,UNKNOWN,ON SCENE,INJURY AND / OR TOW DUE TO CRASH,Y,,,"OVER $1,500",7/19/2018 8:46,UNABLE TO DETERMINE,UNABLE TO DETERMINE,99,S,LARAMIE AVE,1533,,,,,,,2,NO INDICATION OF INJURY,0,0,0,0,0,4,0,8,5,7,41.87942896,-87.75488407,POINT (-87.754884073369 41.879428957194)
01b9d2d69274be1e11289d3c5e91f2c79f9ff25df50a61f22d1b0eaf5e0f8dc58f9d879c3c44b1953c22e5dd1bf23284a87af62213e73b229cc5d7c65014ecc2,JA461841,,10/6/2017 22:00,15,NO CONTROLS,NO CONTROLS,RAIN,"DARKNESS, LIGHTED ROAD",REAR END,PARKING LOT,2,STRAIGHT AND LEVEL,WET,NO DEFECTS,NOT ON SCENE (DESK REPORT),NO INJURY / DRIVE AWAY,,Y,Y,"$501 - $1,500",10/7/2017 11:00,UNABLE TO DETERMINE,UNABLE TO DETERMINE,1554,E,55TH ST,234,,,,,,,2,NO INDICATION OF INJURY,0,0,0,0,0,2,0,22,6,10,41.79529732,-87.58782256,POINT (-87.587822555467 41.79529731814)
06b2f206c7f5d2184a364c0edc817d9aa4426bdcdc7d4fa48f84ff51bc712b065ee7ee24255286dcee31d0afd214d55a05dc111768283be4e6514bf84dfba18d,JC223688,,4/13/2019 22:30,30,NO CONTROLS,NO CONTROLS,CLEAR,"DARKNESS, LIGHTED ROAD",REAR END,NOT DIVIDED,2,STRAIGHT AND LEVEL,DRY,NO DEFECTS,ON SCENE,NO INJURY / DRIVE AWAY,,,Y,"$501 - $1,500",4/13/2019 22:30,FOLLOWING TOO CLOSELY,EXCEEDING SAFE SPEED FOR CONDITIONS,7124,N,CLARK ST,2424,,,,,,,2,NO INDICATION OF INJURY,0,0,0,0,0,3,0,22,7,4,42.01219415,-87.67471606,POINT (-87.67471606126 42.012194145952)
029e8246f0181ee70b26247a8b04ae2feb6462315979efa8d809f10daf0cfb7981538581810c15af0142ccda3d3633f5056b5dbbcabca10f83fd2ca8b10f2c11,JE141759,Y,2/11/2021 12:33,30,NO CONTROLS,NO CONTROLS,UNKNOWN,UNKNOWN,PARKED MOTOR VEHICLE,NOT DIVIDED,,STRAIGHT AND LEVEL,UNKNOWN,NO DEFECTS,ON SCENE,NO INJURY / DRIVE AWAY,,,Y,"$501 - $1,500",2/14/2021 17:48,UNABLE TO DETERMINE,UNABLE TO DETERMINE,10226,S,HOYNE AVE,2213,,,,,,,2,NO INDICATION OF INJURY,0,0,0,0,0,1,0,12,5,2,41.70747262,-87.67539371,POINT (-87.675393711447 41.707472624321)
0c4065f3b6a1c1802edb4f611b7b496e031ace0276b2b1ebf8fe6553c5502e7d2130a5164cf38066776280dafbe950a3cd8760e2c934130c2446dae195d95c26,JD168665,,2/29/2020 1:05,35,NO CONTROLS,NO CONTROLS,CLEAR,"DARKNESS, LIGHTED ROAD",TURNING,DIVIDED - W/MEDIAN (NOT RAISED),,STRAIGHT AND LEVEL,DRY,NO DEFECTS,ON SCENE,INJURY AND / OR TOW DUE TO CRASH,,,,"OVER $1,500",2/29/2020 1:13,"OPERATING VEHICLE IN ERRATIC, RECKLESS, CARELESS, NEGLIGENT OR AGGRESSIVE MANNER",FAILING TO YIELD RIGHT-OF-WAY,2451,N,ELSTON AVE,1432,,,,,,,2,NONINCAPACITATING INJURY,2,0,0,2,0,4,0,1,7,2,41.92603765,-87.67868124,POINT (-87.678681244178 41.926037653311)
0335a740c06e4a4ea564ef21a85dfe9b8e962534811067dad77be619d88506d49e1d39b6b65a33481ae826e124045655efb16f2270366c1fa5904ca5422ebe4b,JE320071,,7/30/2021 15:55,30,TRAFFIC SIGNAL,FUNCTIONING PROPERLY,CLEAR,DAYLIGHT,TURNING,DIVIDED - W/MEDIAN (NOT RAISED),,STRAIGHT AND LEVEL,DRY,NO DEFECTS,ON SCENE,INJURY AND / OR TOW DUE TO CRASH,Y,,Y,"OVER $1,500",7/30/2021 15:57,FAILING TO YIELD RIGHT-OF-WAY,NOT APPLICABLE,1198,S,CLARK ST,123,,,,,,,2,NONINCAPACITATING INJURY,2,0,0,2,0,1,0,15,6,7,41.86746088,-87.63058401,POINT (-87.630584012642 41.867460876064)
0913f96261740823172b13ccf26f1b4fd3552182cdf3d73896c36d7ba81d07b8a1e7a9b45310f887246e19e65f0976b743d37901b7838d36f15885d646d1e7b7,JD269419,,6/19/2020 17:14,30,NO CONTROLS,NO CONTROLS,CLEAR,DAYLIGHT,PARKED MOTOR VEHICLE,ONE-WAY,,STRAIGHT AND LEVEL,DRY,NO DEFECTS,ON SCENE,INJURY AND / OR TOW DUE TO CRASH,,,,"OVER $1,500",6/19/2020 17:14,DRIVING SKILLS/KNOWLEDGE/EXPERIENCE,"OPERATING VEHICLE IN ERRATIC, RECKLESS, CARELESS, NEGLIGENT OR AGGRESSIVE MANNER",4104,W,VAN BUREN ST,1132,,,,,,,2,NO INDICATION OF INJURY,0,0,0,0,0,3,0,17,6,6,41.87534338,-87.72821311,POINT (-87.728213110276 41.875343378858)
0c3023cd072cf67aca896f8949ff80aee30f81df96571dc2c8feec494c8c36f92a5c7d3f37eff74ea93052de460f38e0e5d48c952dad7b896294949a23b4b3df,JD401247,,10/16/2020 12:09,30,UNKNOWN,UNKNOWN,CLEAR,DAYLIGHT,PEDESTRIAN,T-INTERSECTION,,STRAIGHT AND LEVEL,DRY,NO DEFECTS,ON SCENE,INJURY AND / OR TOW DUE TO CRASH,Y,,Y,"OVER $1,500",10/16/2020 12:09,UNABLE TO DETERMINE,UNABLE TO DETERMINE,3877,N,ELSTON AVE,1732,,,,,,,2,NONINCAPACITATING INJURY,1,0,0,1,0,2,0,12,6,10,41.95189755,-87.71631401,POINT (-87.716314004568 41.951897553869)
0c7f8940077bb25898776d857861126286b6e378e0578366e70f4e1d3569d87692c2bcbadafb2650fe40220bebab95f1e11c67015c0407d176a962325b7a93de,JB393357,,8/14/2018 16:30,30,NO CONTROLS,NO CONTROLS,CLEAR,DAYLIGHT,OTHER NONCOLLISION,NOT DIVIDED,,STRAIGHT ON GRADE,DRY,NO DEFECTS,ON SCENE,INJURY AND / OR TOW DUE TO CRASH,,,,$500 OR LESS,8/14/2018 16:31,"EVASIVE ACTION DUE TO ANIMAL, OBJECT, NONMOTORIST",NOT APPLICABLE,3840,N,KEDZIE AVE,1733,,,,,,,2,NONINCAPACITATING INJURY,1,0,0,1,0,1,0,16,3,8,41.95150412,-87.70809685,POINT (-87.708096851946 41.951504117736)
0c26e0dc44a9d65ad60ddcd7b0c2e6dd5e54f7ad0086d576902f43e381529fe040cf6cef27a716c386e9f5a6074a91c91ef46bd9a6c172c3630d894454bd9a7a,JG292945,,6/8/2023 9:00,30,NO CONTROLS,NOT FUNCTIONING,CLEAR,DAYLIGHT,TURNING,NOT DIVIDED,,STRAIGHT AND LEVEL,DRY,UNKNOWN,NOT ON SCENE (DESK REPORT),NO INJURY / DRIVE AWAY,Y,,,"OVER $1,500",6/8/2023 11:30,IMPROPER LANE USAGE,NOT APPLICABLE,120,W,WACKER DR,122,,,,,,,2,NO INDICATION OF INJURY,0,0,0,0,0,2,0,9,5,6,41.88704141,-87.63163382,POINT (-87.631633821471 41.887041410533)
09e169e8877aaf8b95bc3a8a3b410826d60d0876846c55b8b807ff2f00022e9275cc4d798e0a5daed4cd543cebddf125041595d2b61cd504ce8303a34540bf63,JB128594,,1/24/2018 22:15,10,NO CONTROLS,NO CONTROLS,CLEAR,"DARKNESS, LIGHTED ROAD",ANGLE,PARKING LOT,0,STRAIGHT AND LEVEL,DRY,NO DEFECTS,ON SCENE,NO INJURY / DRIVE AWAY,,Y,,"$501 - $1,500",1/24/2018 22:18,FAILING TO YIELD RIGHT-OF-WAY,NOT APPLICABLE,1837,W,WASHINGTON BLVD,1223,,,,,,,2,NO INDICATION OF INJURY,0,0,0,0,0,3,0,22,4,1,41.88308927,-87.67327939,POINT (-87.673279384695 41.883089270621)
08637e43608180826fdec84009e92f5b75142ccb88b7fa1e6202016c8a71a340cd5d54c581d05b57a9d00ed6242c31ad33e56d2fef2f293fb5bececaed1f7120,JD422346,,11/5/2020 23:05,30,NO CONTROLS,NO CONTROLS,CLEAR,"DARKNESS, LIGHTED ROAD",FIXED OBJECT,DIVIDED - W/MEDIAN BARRIER,,STRAIGHT ON GRADE,DRY,NO DEFECTS,ON SCENE,INJURY AND / OR TOW DUE TO CRASH,Y,,,"$501 - $1,500",11/5/2020 23:07,IMPROPER OVERTAKING/PASSING,UNABLE TO DETERMINE,4033,W,FULLERTON AVE,2525,Y,,,,,,2,FATAL,1,1,0,0,0,1,0,23,5,11,41.92435892,-87.72813323,POINT (-87.728133230805 41.924358917872)
04e6d68a46929a9c01ce4b521e995606df08778bd51d0e4b4e4c991de5727641b792548bbe90305a8f6bf06b1ccd50b44bea5688b724241006e9737646466955,JA157012,,2/16/2017 12:00,30,TRAFFIC SIGNAL,FUNCTIONING PROPERLY,CLEAR,DAYLIGHT,TURNING,OTHER,2,STRAIGHT AND LEVEL,DRY,NO DEFECTS,NOT ON SCENE (DESK REPORT),NO INJURY / DRIVE AWAY,Y,,,"OVER $1,500",2/17/2017 11:45,UNABLE TO DETERMINE,UNABLE TO DETERMINE,100,N,LONG AVE,1523,,,,,,,3,NO INDICATION OF INJURY,0,0,0,0,0,3,0,12,5,2,41.88238759,-87.76034137,POINT (-87.760341365247 41.882387591814)