CRASH_RECORD_ID,RD_NO,CRASH_DATE_EST_I,CRASH_DATE,POSTED_SPEED_LIMIT,TRAFFIC_CONTROL_DEVICE,DEVICE_CONDITION,WEATHER_CONDITION,LIGHTING_CONDITION,FIRST_CRASH_TYPE,TRAFFICWAY_TYPE,LANE_CNT,ALIGNMENT,ROADWAY_SURFACE_COND,ROAD_DEFECT,REPORT_TYPE,CRASH_TYPE,INTERSECTION_RELATED_I,NOT_RIGHT_OF_WAY_I,HIT_AND_RUN_I,DAMAGE,DATE_POLICE_NOTIFIED,PRIM_CONTRIBUTORY_CAUSE,SEC_CONTRIBUTORY_CAUSE,STREET_NO,STREET_DIRECTION,STREET_NAME,BEAT_OF_OCCURRENCE,PHOTOS_TAKEN_I,STATEMENTS_TAKEN_I,DOORING_I,WORK_ZONE_I,WORK_ZONE_TYPE,WORKERS_PRESENT_I,NUM_UNITS,MOST_SEVERE_INJURY,INJURIES_TOTAL,INJURIES_FATAL,INJURIES_INCAPACITATING,INJURIES_NON_INCAPACITATING,INJURIES_REPORTED_NOT_EVIDENT,INJURIES_NO_INDICATION,INJURIES_UNKNOWN,CRASH_HOUR,CRASH_DAY_OF_WEEK,CRASH_MONTH,LATITUDE,LONGITUDE,LOCATION
0442e728679c5bed820993531297fca49a813d76e3b5ea8d1c2eca4d1738c5e1eac4e86acc34f8f601d3e9794ed6ae3f7f2f3e359ea48bbb676011c8baab8860,JF100570,,1/1/2022 12:45,30,STOP SIGN/FLASHER,FUNCTIONING PROPERLY,CLOUDY/OVERCAST,DAYLIGHT,REAR END,NOT DIVIDED,,STRAIGHT AND LEVEL,DRY,NO DEFECTS,NOT ON SCENE (DESK REPORT),NO INJURY / DRIVE AWAY,,,,"$501 - $1,500",1/1/2022 13:40,FOLLOWING TOO CLOSELY,NOT APPLICABLE,11001,S,AVENUE O,433,,,,,,,2,NO INDICATION OF INJURY,0,0,0,0,0,2,0,12,7,1,41.6953993,-87.53995698,POINT (-87.539956976919 41.69539929736)
0537d0070abfe917bc83a842b2d8f49efaf71809db3af0a2ef7521d2b1a968aa9c1df12e18be32c71d9a4f5b89e88a2aaa10388fecaff3486e10056eb1f906ea,HZ474764,,10/14/2016 23:00,25,TRAFFIC SIGNAL,FUNCTIONING PROPERLY,CLEAR,"DARKNESS, LIGHTED ROAD",TURNING,ONE-WAY,,STRAIGHT AND LEVEL,DRY,NO DEFECTS,NOT ON SCENE (DESK REPORT),NO INJURY / DRIVE AWAY,Y,,Y,$500 OR LESS,10/14/2016 23:45,IMPROPER LANE USAGE,NOT APPLICABLE,101,S,DEARBORN ST,112,,,,,,,2,NO INDICATION OF INJURY,0,0,0,0,0,2,0,23,6,10,41.88068819,-87.6292215,POINT (-87.629221504258 41.880688192149)
07e7fe5a3836cb11a30b62cda3393464dee78ad9737b5e9eaa5cda88b3a717807bd8a092adc3fffb5a568cf7a0085236f789665f677b64d97b1e775cb74b3f41,HZ384216,Y,8/8/2016 21:30,30,NO CONTROLS,NO CONTROLS,CLEAR,"DARKNESS, LIGHTED ROAD",PARKED MOTOR VEHICLE,NOT DIVIDED,2,STRAIGHT AND LEVEL,DRY,NO DEFECTS,NOT ON SCENE (DESK REPORT),NO INJURY / DRIVE AWAY,,,Y,"OVER $1,500",8/8/2016 23:20,DRIVING SKILLS/KNOWLEDGE/EXPERIENCE,UNABLE TO DETERMINE,4535,W,WEST END AVE,1113,,,,,,,2,NO INDICATION OF INJURY,0,0,0,0,0,1,0,21,2,8,41.88308762,-87.7394763,POINT (-87.739476298741 41.883087623736)
07acf2037fb392e5d6f0a0efc4b20b3cd6b52881030a4ae6b7cd2408325f187b385e164a3699334743c54b52e9f52a44346be7589e1dd8ad6a0300bffee64af3,JD376032,,9/22/2020 19:20,30,NO CONTROLS,NO CONTROLS,CLEAR,"DARKNESS, LIGHTED ROAD",SIDESWIPE SAME DIRECTION,NOT DIVIDED,,STRAIGHT AND LEVEL,DRY,UNKNOWN,,NO INJURY / DRIVE AWAY,,,,"OVER $1,500",9/22/2020 21:30,NOT APPLICABLE,NOT APPLICABLE,4820,W,63RD ST,813,,,,,,,2,NO INDICATION OF INJURY,0,0,0,0,0,2,0,19,3,9,41.77852125,-87.743266,POINT (-87.74326599546 41.778521244576)
038f6c04a3eac509960a3d2681640b53f53399efa9745ceec38d609bb76bf79e64ed4a23f0fd5eb30024049c978ee2d0ce47ae0701432de0c9963ef093160dce,JC131540,,1/27/2019 12:18,30,TRAFFIC SIGNAL,FUNCTIONING PROPERLY,CLEAR,DAYLIGHT,REAR END,DIVIDED - W/MEDIAN (NOT RAISED),,STRAIGHT ON GRADE,WET,NO DEFECTS,NOT ON SCENE (DESK REPORT),NO INJURY / DRIVE AWAY,,,,"$501 - $1,500",1/27/2019 14:00,FOLLOWING TOO CLOSELY,FAILING TO REDUCE SPEED TO AVOID CRASH,600,S,LARAMIE AVE,1522,,,,,,,2,NO INDICATION OF INJURY,0,0,0,0,0,2,0,12,1,1,41.87289554,-87.75495203,POINT (-87.754952034216 41.872895536655)
04de2861c8689c41fb3f928e09b9ad0e37df2095c02d651b21920f427d0e58dfb538664588061d57c667f5e3c279b71e9f5fcd405501c57c71330b4698defa79,JB443587,,9/20/2018 14:30,30,NO CONTROLS,NO CONTROLS,CLEAR,DAYLIGHT,SIDESWIPE SAME DIRECTION,DIVIDED - W/MEDIAN BARRIER,6,STRAIGHT AND LEVEL,DRY,NO DEFECTS,ON SCENE,INJURY AND / OR TOW DUE TO CRASH,,,,"OVER $1,500",9/20/2018 14:57,IMPROPER OVERTAKING/PASSING,NOT APPLICABLE,50,N,WACKER DR,122,,,,,,,5,NONINCAPACITATING INJURY,1,0,0,1,0,8,0,14,5,9,41.8831343,-87.63719153,POINT (-87.637191526021 41.883134295898)
07da6ad058a55afd9687507d264c016b731742c0d7b1dbc763300aa758c3bf5f0726d36efcdd3a0d3934a3c21ce66503221a3998bb407d6329cc89d479fd462a,JC560378,Y,12/26/2019 6:00,35,TRAFFIC SIGNAL,FUNCTIONING PROPERLY,CLEAR,"DARKNESS, LIGHTED ROAD",SIDESWIPE SAME DIRECTION,T-INTERSECTION,,STRAIGHT AND LEVEL,DRY,NO DEFECTS,NOT ON SCENE (DESK REPORT),NO INJURY / DRIVE AWAY,,,,$500 OR LESS,12/26/2019 6:30,IMPROPER OVERTAKING/PASSING,DISREGARDING TRAFFIC SIGNALS,6700,S,SOUTH SHORE DR,331,,,,,,,2,NO INDICATION OF INJURY,0,0,0,0,0,2,0,6,5,12,41.77343857,-87.56689931,POINT (-87.566899305833 41.773438566009)
01e85cf7e54611a2faa4d93d93fa773329cac932df577878e7a389bec4a3957dfa74cfe784a8148c17f1ee6a7f98927aa3aaf9e2c15af7a476ca93ef4cb95606,JB380983,,8/5/2018 21:20,35,TRAFFIC SIGNAL,FUNCTIONING PROPERLY,CLEAR,"DARKNESS, LIGHTED ROAD",PEDALCYCLIST,NOT DIVIDED,12,STRAIGHT AND LEVEL,DRY,NO DEFECTS,ON SCENE,INJURY AND / OR TOW DUE TO CRASH,Y,,,$500 OR LESS,8/5/2018 21:21,UNABLE TO DETERMINE,UNABLE TO DETERMINE,2401,N,LINCOLN AVE,1935,,,Y,,,,2,NONINCAPACITATING INJURY,1,0,0,1,0,3,0,21,1,8,41.9255964,-87.64875031,POINT (-87.648750311861 41.925596395868)
021996b50df739f3e6cc62d5c0fe896475e0aa9d0d444f099dd352a45c45c4c7114f69394a0f94f10bd148e734448f16bd0737eb06ded364d9aeca3bb381054b,JF181761,Y,3/21/2022 12:15,15,NO CONTROLS,NO CONTROLS,UNKNOWN,UNKNOWN,PARKED MOTOR VEHICLE,PARKING LOT,,STRAIGHT AND LEVEL,UNKNOWN,UNKNOWN,NOT ON SCENE (DESK REPORT),NO INJURY / DRIVE AWAY,,,Y,"OVER $1,500",3/21/2022 18:00,UNABLE TO DETERMINE,UNABLE TO DETERMINE,3924,S,ARCHER AVE,921,,,,,,,2,NO INDICATION OF INJURY,0,0,0,0,0,1,0,12,2,3,41.82240864,-87.69091192,POINT (-87.690911923859 41.822408640659)
07a397b5f191d4cae8c32ff73074596dff1b44fdb6be9a4bfb7a096199d09166d04d331011b6737456fd9ef443a63e7a6247c33c367c54d0d3bb60c77b277f58,JG268061,,5/20/2023 12:00,35,NO CONTROLS,NO CONTROLS,CLEAR,DAYLIGHT,SIDESWIPE OPPOSITE DIRECTION,PARKING LOT,,STRAIGHT AND LEVEL,DRY,NO DEFECTS,NOT ON SCENE (DESK REPORT),NO INJURY / DRIVE AWAY,,Y,,"OVER $1,500",5/20/2023 15:00,DRIVING SKILLS/KNOWLEDGE/EXPERIENCE,UNABLE TO DETERMINE,7900,S,LANGLEY AVE,624,,,,,,,2,NO INDICATION OF INJURY,0,0,0,0,0,2,0,12,7,5,41.75115018,-87.60780204,POINT (-87.607802036151 41.7511501753)
09a29235e419c207f3c050ed0cc07d87e94009cad0749234e7a209302f810eb7d963f715acd23120a59cf5f582f59744e0449f2a0851a2bfbf6fd832797b66a2,JG141067,,2/5/2023 0:58,30,TRAFFIC SIGNAL,FUNCTIONING PROPERLY,CLEAR,"DARKNESS, LIGHTED ROAD",REAR END,FOUR WAY,,STRAIGHT AND LEVEL,DRY,NO DEFECTS,ON SCENE,NO INJURY / DRIVE AWAY,,,,"OVER $1,500",2/5/2023 0:58,FAILING TO REDUCE SPEED TO AVOID CRASH,FOLLOWING TOO CLOSELY,7900,S,STONY ISLAND AVE,411,,Y,,,,,2,NO INDICATION OF INJURY,0,0,0,0,0,2,0,0,1,2,41.7514606,-87.58597199,POINT (-87.585971992965 41.751460603167)
08a457795f3968773e45ece1fdbfd1dc5b14b9171a215155fb6b39c8138beecb6fd4243abfc37f955fdb672104b2b9d2857d3064e228a0464f9978e5e04c39e5,JD275932,,6/25/2020 15:00,30,NO CONTROLS,NO CONTROLS,CLEAR,DAYLIGHT,FIXED OBJECT,NOT DIVIDED,,STRAIGHT AND LEVEL,DRY,NO DEFECTS,NOT ON SCENE (DESK REPORT),NO INJURY / DRIVE AWAY,,,,"$501 - $1,500",6/25/2020 15:38,IMPROPER OVERTAKING/PASSING,FAILING TO YIELD RIGHT-OF-WAY,1400,E,130TH ST,434,,,,,,,1,NO INDICATION OF INJURY,0,0,0,0,0,1,0,15,5,6,41.66050151,-87.58898338,POINT (-87.588983383849 41.660501509043)
00a174ac16d893a2fd68707d1329bf672a7eb0d37938b5031911503cdd01a3050b5a06de9c718e8d3abadb76fcf61d807eec43c82a5d5dec3731c1902c2b91d3,JE184297,,3/30/2021 13:10,30,NO CONTROLS,NO CONTROLS,CLEAR,DAYLIGHT,REAR END,PARKING LOT,,STRAIGHT AND LEVEL,DRY,NO DEFECTS,NOT ON SCENE (DESK REPORT),NO INJURY / DRIVE AWAY,,,,"$501 - $1,500",3/30/2021 14:30,UNABLE TO DETERMINE,NOT APPLICABLE,7150,W,ARCHER AVE,811,,,,,,,2,NO INDICATION OF INJURY,0,0,0,0,0,2,0,13,3,3,41.79205648,-87.80105899,POINT (-87.801058993326 41.792056479464)
095a4a476ceab6c8062eeb4b7e1fd0c4f0ff70a7e217995d532948d2c49ad0531f9fb927cc0b5b6bec06a4f0d3276181f8f2e09165d62130dcd0414280e23695,JF304111,,7/3/2022 16:20,30,NO CONTROLS,NO CONTROLS,CLEAR,DAYLIGHT,PARKED MOTOR VEHICLE,NOT DIVIDED,,STRAIGHT AND LEVEL,DRY,NO DEFECTS,NOT ON SCENE (DESK REPORT),NO INJURY / DRIVE AWAY,,,,"OVER $1,500",7/3/2022 17:10,DRIVING SKILLS/KNOWLEDGE/EXPERIENCE,NOT APPLICABLE,1755,W,GRANVILLE AVE,2433,,,,,,,2,NO INDICATION OF INJURY,0,0,0,0,0,2,0,16,1,7,41.9942604,-87.67402721,POINT (-87.674027206752 41.994260400218)
01226977678446269e2eef85d2e9e7f3e3270ebbc134ac738bd1406fb6a4649e225f0b6cc6f46deebc95b1f4f55be88f9bf79e938c13965e709904924fd04ac4,JF152990,,2/22/2022 20:30,30,NO CONTROLS,NO CONTROLS,CLEAR,"DARKNESS, LIGHTED ROAD",SIDESWIPE SAME DIRECTION,PARKING LOT,,STRAIGHT AND LEVEL,WET,NO DEFECTS,ON SCENE,NO INJURY / DRIVE AWAY,,,,"OVER $1,500",2/22/2022 21:00,FAILING TO YIELD RIGHT-OF-WAY,NOT APPLICABLE,3601,N,LARAMIE AVE,1634,,,,,,,2,NO INDICATION OF INJURY,0,0,0,0,0,2,0,20,3,2,41.94604892,-87.75677571,POINT (-87.756775710857 41.946048922699)
06689e9e7304b6253d9984cff4866039c6b3b11cd5492787ff5920df4079f76bbd13c4fe7054e57f71f7554ab9038ef40f0b904703dd6ca1ff6300d25dff6738,JA153877,,2/6/2017 7:15,30,NO CONTROLS,NO CONTROLS,UNKNOWN,DAYLIGHT,SIDESWIPE SAME DIRECTION,DIVIDED - W/MEDIAN (NOT RAISED),4,STRAIGHT AND LEVEL,UNKNOWN,UNKNOWN,NOT ON SCENE (DESK REPORT),NO INJURY / DRIVE AWAY,,,,"OVER $1,500",2/14/2017 18:29,IMPROPER OVERTAKING/PASSING,IMPROPER LANE USAGE,3900,W,FOSTER AVE,1712,,,,,,,2,NO INDICATION OF INJURY,0,0,0,0,0,2,0,7,2,2,41.97566578,-87.72588104,POINT (-87.725881044203 41.975665776711)
0868e6851cd9f54c423e8ac965a6f404d81a6cb4a6cce4a53051dbc2fd10b979cb1656cccc50e913fb543f2849beda88b0f5d1483556e8db5463a9c162a8cfdc,JE278436,,6/24/2021 19:25,30,TRAFFIC SIGNAL,FUNCTIONING PROPERLY,RAIN,DUSK,REAR END,FOUR WAY,,STRAIGHT AND LEVEL,WET,NO DEFECTS,NOT ON SCENE (DESK REPORT),NO INJURY / DRIVE AWAY,,,,"OVER $1,500",6/24/2021 19:36,FOLLOWING TOO CLOSELY,FAILING TO REDUCE SPEED TO AVOID CRASH,7221,S,CICERO AVE,833,,,,,,,3,NO INDICATION OF INJURY,0,0,0,0,0,3,0,19,5,6,41.76141949,-87.74164594,POINT (-87.741645937391 41.761419485511)
0b1969a41932a47941b52fa5ec13a05e95a443c1cc29406924cb3cb601baa965f79e3239181ebbae314007d1197800bb668fb0326d3200077d8585c80d69e754,JB423941,,9/5/2018 20:23,30,TRAFFIC SIGNAL,FUNCTIONING PROPERLY,RAIN,"DARKNESS, LIGHTED ROAD",REAR END,NOT DIVIDED,4,STRAIGHT AND LEVEL,WET,NO DEFECTS,NOT ON SCENE (DESK REPORT),NO INJURY / DRIVE AWAY,Y,,,"$501 - $1,500",9/5/2018 21:30,UNABLE TO DETERMINE,UNABLE TO DETERMINE,454,N,COLUMBUS DR,1834,,,,,,,2,NO INDICATION OF INJURY,0,0,0,0,0,4,0,20,4,9,41.89023766,-87.62044314,POINT (-87.62044314295 41.890237658089)
051a85017ff2d29cf2debc0c4ca2e393c3ee4d87912a1f35d22ebd44e82dd0c15798a120b686b5105485ead3c478efc71ca8d7925e9458377f79b7f1e09e1da0,JE192944,,4/7/2021 23:45,30,NO CONTROLS,NO CONTROLS,CLEAR,"DARKNESS, LIGHTED ROAD",FIXED OBJECT,DIVIDED - W/MEDIAN (NOT RAISED),,STRAIGHT AND LEVEL,DRY,NO DEFECTS,ON SCENE,INJURY AND / OR TOW DUE TO CRASH,,,,"OVER $1,500",4/7/2021 23:45,UNDER THE INFLUENCE OF ALCOHOL/DRUGS (USE WHEN ARREST IS EFFECTED),NOT APPLICABLE,5867,N,HARLEM AVE,1612,,,,,,,1,NO INDICATION OF INJURY,0,0,0,0,0,1,0,23,4,4,41.98777714,-87.80674701,POINT (-87.806747008798 41.987777139136)
03d7a5f171ccc43100a20ae2b7666e5aa1f41d743ff7a114bb58d9daedadcd396366a6ba7a2b9d5fb56fd1954dcfd82d0e055ce9ed7f831c16d942204837b015,JC566983,,12/31/2019 22:00,30,NO CONTROLS,NO CONTROLS,CLEAR,"DARKNESS, LIGHTED ROAD",FIXED OBJECT,ONE-WAY,,STRAIGHT AND LEVEL,ICE,NO DEFECTS,ON SCENE,INJURY AND / OR TOW DUE TO CRASH,,,,"OVER $1,500",12/31/2019 22:15,WEATHER,UNABLE TO DETERMINE,8701,S,ELIZABETH ST,2222,,,,,,,1,NO INDICATION OF INJURY,0,0,0,0,0,1,0,22,3,12,41.73582692,-87.65440693,POINT (-87.654406933295 41.735826917545)
08b663971cac53bb8344716f44b6946a4770379d1ac36e89cf5161f3f51c8d40a6f2eefcccc34529e18a7820d187e4b5a0a69d2f5457710b20c6cd51260d84c8,JB251339,,5/5/2018 15:35,30,NO CONTROLS,NO CONTROLS,CLEAR,DAYLIGHT,TURNING,NOT DIVIDED,,STRAIGHT AND LEVEL,DRY,NO DEFECTS,NOT ON SCENE (DESK REPORT),NO INJURY / DRIVE AWAY,Y,,,"$501 - $1,500",5/5/2018 16:42,UNABLE TO DETERMINE,UNABLE TO DETERMINE,1022,W,CHICAGO AVE,1213,,,,,,,2,NO INDICATION OF INJURY,0,0,0,0,0,2,0,15,7,5,41.89640301,-87.65356009,POINT (-87.653560091853 41.896403013596)
068263383639b79facbc6c53e522a7a6bfc55968316ab513da4507131cff0d4186647bb198b25ae8ef4ca037ab281284f46a3f44f1d2d061783150e33f98f85e,JD165981,,2/26/2020 8:50,20,NO CONTROLS,NO CONTROLS,CLEAR,DAYLIGHT,FIXED OBJECT,ALLEY,,STRAIGHT AND LEVEL,DRY,NO DEFECTS,NOT ON SCENE (DESK REPORT),NO INJURY / DRIVE AWAY,,,,"$501 - $1,500",2/26/2020 16:20,UNABLE TO DETERMINE,UNABLE TO DETERMINE,2010,N,KIMBALL AVE,1413,,,,,,,1,NO INDICATION OF INJURY,0,0,0,0,0,1,0,8,4,2,41.91768191,-87.71204737,POINT (-87.712047366986 41.917681905109)
0400a3320f63ab9bf40a46ad8b34c505c1aecc6fed1bb8428bdccf4b1451616ff547e98640dbb5aa47e46a360572d19e62c05573874ea8f3214dcd15a75a3e5f,JF217945,,4/24/2022 2:00,30,NO CONTROLS,NO CONTROLS,CLEAR,"DARKNESS, LIGHTED ROAD",PARKED MOTOR VEHICLE,ONE-WAY,,STRAIGHT AND LEVEL,DRY,NO DEFECTS,NOT ON SCENE (DESK REPORT),NO INJURY / DRIVE AWAY,,N,Y,"OVER $1,500",4/24/2022 3:30,FAILING TO REDUCE SPEED TO AVOID CRASH,FOLLOWING TOO CLOSELY,207,W,SUPERIOR ST,1831,,,,,,,2,NO INDICATION OF INJURY,0,0,0,0,0,1,0,2,1,4,41.89548017,-87.6345011,POINT (-87.63450109738 41.895480167468)
0aadca3e6d406eaecfa6990047021388fdb37e10df0b4873b65fc1e2ad2788a1311dd69d464c0fe8e230ade819ba5aa75c3e62a1e1877cc278294f1f80cd6192,JB201577,,3/27/2018 13:14,30,NO CONTROLS,NO CONTROLS,CLEAR,DAYLIGHT,SIDESWIPE SAME DIRECTION,NOT DIVIDED,4,STRAIGHT AND LEVEL,DRY,NO DEFECTS,ON SCENE,INJURY AND / OR TOW DUE TO CRASH,,,,"OVER $1,500",3/27/2018 13:15,DRIVING SKILLS/KNOWLEDGE/EXPERIENCE,IMPROPER LANE USAGE,1750,W,PETERSON AVE,2433,,,,,,,2,NO INDICATION OF INJURY,0,0,0,0,0,4,0,13,3,3,41.9908917,-87.67367523,POINT (-87.673675230799 41.990891695235)
07bcb6dde76b9eb401a453b6aa33331da1f7f278fe7bfd721da1b119eb9952147352c7c670e7ad72b3c1964f492bfc2b41a6566e5345d272f2db6efb131463e2,JE463278,,12/2/2021 5:00,30,NO CONTROLS,NO CONTROLS,CLEAR,DARKNESS,PARKED MOTOR VEHICLE,NOT DIVIDED,,STRAIGHT AND LEVEL,DRY,NO DEFECTS,ON SCENE,NO INJURY / DRIVE AWAY,,,Y,"OVER $1,500",12/2/2021 8:13,UNABLE TO DETERMINE,UNABLE TO DETERMINE,6947,S,JEFFERY BLVD,331,,,,,,,2,NO INDICATION OF INJURY,0,0,0,0,0,1,0,5,5,12,41.76841322,-87.57621422,POINT (-87.576214214823 41.768413214937)
07d0df1c8c5c813444cb30278845fb6775304a9b332d48ec5cd8a1e6bc4a2edb68d3226292541f89ed9513c9d80edc7c3a0ab437f186cdc95ccb62b02060c1f1,JC525604,,11/26/2019 14:30,30,STOP SIGN/FLASHER,FUNCTIONING PROPERLY,CLEAR,DAYLIGHT,TURNING,NOT DIVIDED,,STRAIGHT AND LEVEL,DRY,NO DEFECTS,NOT ON SCENE (DESK REPORT),NO INJURY / DRIVE AWAY,Y,,,"$501 - $1,500",11/26/2019 18:09,UNABLE TO DETERMINE,UNABLE TO DETERMINE,25,E,PEARSON ST,1833,,,,,,,2,NO INDICATION OF INJURY,0,0,0,0,0,2,0,14,3,11,41.8974266,-87.62711023,POINT (-87.627110225795 41.897426601941)
030bbdc577420e8d30ca51dcca767ea9fd06ea20cc1a9b8999029105e0a4f91c1907b17547707e00ca08606cb330c34863de73e493601d735e2953c3ddc32842,JC366777,,7/27/2019 12:05,35,TRAFFIC SIGNAL,FUNCTIONING PROPERLY,CLEAR,DAYLIGHT,REAR END,T-INTERSECTION,,STRAIGHT AND LEVEL,DRY,NO DEFECTS,ON SCENE,NO INJURY / DRIVE AWAY,Y,,,"OVER $1,500",7/27/2019 12:15,FOLLOWING TOO CLOSELY,DRIVING SKILLS/KNOWLEDGE/EXPERIENCE,8758,W,BRYN MAWR AVE,1614,,,,,,,2,NO INDICATION OF INJURY,0,0,0,0,0,5,0,12,7,7,41.98105847,-87.84593021,POINT (-87.845930207558 41.981058466978)
0ade52d6319a27b8a0f0e78d937a3410ec3f9a4fa95b94009856f9341e92b2d798d0767c06227785e86bf6e0afe32825f673910e2d1be186b78a769aebe5b361,JD342152,,8/13/2020 11:41,20,NO CONTROLS,NO CONTROLS,UNKNOWN,DAYLIGHT,REAR TO FRONT,DIVIDED - W/MEDIAN (NOT RAISED),,STRAIGHT AND LEVEL,UNKNOWN,NO DEFECTS,NOT ON SCENE (DESK REPORT),NO INJURY / DRIVE AWAY,,,Y,"OVER $1,500",8/23/2020 8:56,UNABLE TO DETERMINE,UNABLE TO DETERMINE,7199,N,ORIOLE AVE,1611,,,,,,,2,NO INDICATION OF INJURY,0,0,0,0,0,2,0,11,5,8,42.0113693,-87.81624267,POINT (-87.816242665563 42.011369299481)
0a352f981e9bbb1a528f54da38d0d8a628c8482371fcb27e5fac9a6399c9c45f35d8ec7d5676d3646f308f375766a9f017a7e58456b269f44e763732c865c23f,JC107851,,1/7/2019 9:00,30,NO CONTROLS,NO CONTROLS,RAIN,DAYLIGHT,PARKED MOTOR VEHICLE,ONE-WAY,1,STRAIGHT AND LEVEL,WET,NO DEFECTS,NOT ON SCENE (DESK REPORT),NO INJURY / DRIVE AWAY,,,,"OVER $1,500",1/7/2019 11:55,UNABLE TO DETERMINE,UNABLE TO DETERMINE,4635,W,ALTGELD ST,2521,,,,,,,2,NO INDICATION OF INJURY,0,0,0,0,0,1,0,9,2,1,41.9261604,-87.74320312,POINT (-87.743203122599 41.926160396346)
0025234d91df88fc3df97621ad7b4becf282dab7588c388c62b220dbe749a279e70cf2e4dc42c0aca7540cf415c5d2eabc041a244bcff5800434fe09cd0bb3a7,JC498654,,11/4/2019 18:25,30,NO CONTROLS,NO CONTROLS,CLEAR,"DARKNESS, LIGHTED ROAD",PEDESTRIAN,NOT DIVIDED,,STRAIGHT AND LEVEL,DRY,NO DEFECTS,ON SCENE,INJURY AND / OR TOW DUE TO CRASH,,,,$500 OR LESS,11/4/2019 18:32,NOT APPLICABLE,NOT APPLICABLE,7045,S,KEDZIE AVE,831,,,,,,,2,NONINCAPACITATING INJURY,1,0,0,1,0,1,0,18,2,11,41.76491577,-87.70267867,POINT (-87.702678672974 41.764915766798)
005926e4f611801bc4a649b1a81ee25236fdcd8739502d07954bcc8846f7fc4377aefcafab171c1451c9c8016712735a40babe609b969c09f0c18e0efea5a996,JE400125,,10/5/2021 13:45,30,TRAFFIC SIGNAL,FUNCTIONING PROPERLY,CLEAR,DAYLIGHT,REAR END,NOT DIVIDED,,STRAIGHT AND LEVEL,DRY,NO DEFECTS,NOT ON SCENE (DESK REPORT),NO INJURY / DRIVE AWAY,Y,,,"OVER $1,500",10/6/2021 13:00,UNABLE TO DETERMINE,NOT APPLICABLE,100,N,ASHLAND AVE,1224,,,,,,,2,NO INDICATION OF INJURY,0,0,0,0,0,2,0,13,3,10,41.88334602,-87.66701923,POINT (-87.667019224707 41.883346017771)
0c426a7ba83caf1e325e4d39d3c3db99b5d8f27e834a79670b8cdfb06d1c1d114dda64feed9861cbec8bbfa514a056f7e1b5e227c3ad57523bc22fd1196a6d7f,JF101665,,1/2/2022 22:00,30,NO CONTROLS,NO CONTROLS,CLOUDY/OVERCAST,"DARKNESS, LIGHTED ROAD",PARKED MOTOR VEHICLE,NOT DIVIDED,,STRAIGHT AND LEVEL,SNOW OR SLUSH,NO DEFECTS,ON SCENE,INJURY AND / OR TOW DUE TO CRASH,,,Y,"OVER $1,500",1/2/2022 22:02,FAILING TO REDUCE SPEED TO AVOID CRASH,FAILING TO REDUCE SPEED TO AVOID CRASH,2340,N,CENTRAL PARK AVE,2525,,,,,,,5,NO INDICATION OF INJURY,0,0,0,0,0,1,0,22,1,1,41.92402717,-87.71712361,POINT (-87.717123609793 41.924027168864)
02c1aa307b39aa68718aebc36909f4b953ad6c93657fbf2727c444a8f582a5870ef1a46d9484bffe637d326c22e387ea763aba5421387de1ac4878e9ecf7ec9f,HZ330384,,6/28/2016 8:00,30,TRAFFIC SIGNAL,FUNCTIONING PROPERLY,CLEAR,DAYLIGHT,REAR END,NOT DIVIDED,2,STRAIGHT AND LEVEL,DRY,NO DEFECTS,NOT ON SCENE (DESK REPORT),NO INJURY / DRIVE AWAY,,,,"$501 - $1,500",6/30/2016 19:45,UNABLE TO DETERMINE,UNABLE TO DETERMINE,2000,E,HAYES DR,331,,,,,,,2,NO INDICATION OF INJURY,0,0,0,0,0,2,0,8,3,6,41.78050324,-87.57754788,POINT (-87.577547876387 41.780503235854)
0789f2079b060739f3d98fe2629ce28cbbf8689ad3428860e49e19d0dabcfb1e34815365a4fb8e241eec0912bcf27c066e1dd5919dc5a16e26696bd6a8751786,JE251706,,6/2/2021 22:03,35,TRAFFIC SIGNAL,FUNCTIONING PROPERLY,CLEAR,DARKNESS,TURNING,NOT DIVIDED,,STRAIGHT AND LEVEL,DRY,NO DEFECTS,ON SCENE,INJURY AND / OR TOW DUE TO CRASH,Y,,,"OVER $1,500",6/2/2021 22:03,FAILING TO YIELD RIGHT-OF-WAY,UNABLE TO DETERMINE,850,E,47TH ST,221,,,,,,,2,"REPORTED, NOT EVIDENT",1,0,0,0,1,1,0,22,4,6,41.80966732,-87.60448624,POINT (-87.604486235504 41.80966731775)
0010d6af3933fd71d299191d813878f772f2a6269c579b77655188b134e9d04e8f374a1de607c3f57ea1ad0d11b50f2a085288b5a01301ab607e1b38c9dd0dd1,JD213521,Y,4/21/2020 1:26,30,TRAFFIC SIGNAL,FUNCTIONING PROPERLY,CLEAR,"DARKNESS, LIGHTED ROAD",FIXED OBJECT,FOUR WAY,,STRAIGHT AND LEVEL,WET,NO DEFECTS,ON SCENE,INJURY AND / OR TOW DUE TO CRASH,Y,,,"OVER $1,500",4/21/2020 1:26,FAILING TO REDUCE SPEED TO AVOID CRASH,UNABLE TO DETERMINE,4400,W,JACKSON BLVD,1113,,,,,,,1,NO INDICATION OF INJURY,0,0,0,0,0,1,0,1,3,4,41.87707459,-87.73547397,POINT (-87.735473968311 41.877074587616)