CRASH_RECORD_ID,RD_NO,CRASH_DATE_EST_I,CRASH_DATE,POSTED_SPEED_LIMIT,TRAFFIC_CONTROL_DEVICE,DEVICE_CONDITION,WEATHER_CONDITION,LIGHTING_CONDITION,FIRST_CRASH_TYPE,TRAFFICWAY_TYPE,LANE_CNT,ALIGNMENT,ROADWAY_SURFACE_COND,ROAD_DEFECT,REPORT_TYPE,CRASH_TYPE,INTERSECTION_RELATED_I,NOT_RIGHT_OF_WAY_I,HIT_AND_RUN_I,DAMAGE,DATE_POLICE_NOTIFIED,PRIM_CONTRIBUTORY_CAUSE,SEC_CONTRIBUTORY_CAUSE,STREET_NO,STREET_DIRECTION,STREET_NAME,BEAT_OF_OCCURRENCE,PHOTOS_TAKEN_I,STATEMENTS_TAKEN_I,DOORING_I,WORK_ZONE_I,WORK_ZONE_TYPE,WORKERS_PRESENT_I,NUM_UNITS,MOST_SEVERE_INJURY,INJURIES_TOTAL,INJURIES_FATAL,INJURIES_INCAPACITATING,INJURIES_NON_INCAPACITATING,INJURIES_REPORTED_NOT_EVIDENT,INJURIES_NO_INDICATION,INJURIES_UNKNOWN,CRASH_HOUR,CRASH_DAY_OF_WEEK,CRASH_MONTH,LATITUDE,LONGITUDE,LOCATION
020ee2a411d05826d2d6681973f988ee5937bf83b7b70fd1ac044a2449d32075a921517c74523dbbc8def1b85a613a6a83f642bdb3d2e53547ac87ff268eb8e2,JD171555,,3/2/2020 13:30,20,NO CONTROLS,NO CONTROLS,CLEAR,DAYLIGHT,TURNING,DIVIDED - W/MEDIAN (NOT RAISED),,STRAIGHT AND LEVEL,DRY,NO DEFECTS,NOT ON SCENE (DESK REPORT),NO INJURY / DRIVE AWAY,,,,"OVER $1,500",3/2/2020 16:40,IMPROPER OVERTAKING/PASSING,UNABLE TO DETERMINE,5000,S,FORRESTVILLE AVE,223,,,,,,,2,NO INDICATION OF INJURY,0,0,0,0,0,2,0,13,2,3,41.80393484,-87.61269121,POINT (-87.612691209997 41.80393484233)
0853f42fdfec660b352da842acc793025f4d93cf5d0d9d3428234b2baf6207c909ebf397b40d466023d38149e5db5ce8373e28ecdf4f0850f091124d4a1cb3d6,HY420194,,9/9/2015 18:00,30,NO CONTROLS,NO CONTROLS,CLEAR,DAYLIGHT,REAR END,DIVIDED - W/MEDIAN BARRIER,6,STRAIGHT AND LEVEL,DRY,NO DEFECTS,NOT ON SCENE (DESK REPORT),NO INJURY / DRIVE AWAY,,,,"OVER $1,500",9/12/2015 9:00,FOLLOWING TOO CLOSELY,UNABLE TO DETERMINE,200,N,LAKE SHORE DR NB,114,,,,,,,2,NO INDICATION OF INJURY,0,0,0,0,0,4,0,18,4,9,41.88505246,-87.61421574,POINT (-87.614215739327 41.885052462405)
0751c81a62d88bb9c5a6048d8043028609a1fcd797680dcaca7202cba69d30a8efe491d9a62be2dd31fe54399e23ecff4933cf522e51c5ff77254d5bd51440e7,JB493228,,10/28/2018 3:40,30,TRAFFIC SIGNAL,FUNCTIONING PROPERLY,CLEAR,"DARKNESS, LIGHTED ROAD",REAR END,NOT DIVIDED,4,STRAIGHT AND LEVEL,DRY,NO DEFECTS,ON SCENE,NO INJURY / DRIVE AWAY,,,,"OVER $1,500",10/28/2018 4:08,UNABLE TO DETERMINE,NOT APPLICABLE,4000,W,59TH ST,813,,,,,,,2,NO INDICATION OF INJURY,0,0,0,0,0,5,0,3,1,10,41.78604516,-87.72302643,POINT (-87.72302642597 41.78604516253)
021651a17e355c28466b26cef8851a5060a55aeb96cfdb088623aa374fa098ff9c039ea5a45c16bc7adff53a203d376119e40028888b7e6eef89de9cfa4660a1,JE131457,,2/3/2021 12:15,30,NO CONTROLS,NO CONTROLS,CLEAR,DAYLIGHT,REAR TO FRONT,NOT DIVIDED,,STRAIGHT AND LEVEL,DRY,NO DEFECTS,NOT ON SCENE (DESK REPORT),NO INJURY / DRIVE AWAY,Y,,,"OVER $1,500",2/3/2021 12:20,IMPROPER BACKING,UNABLE TO DETERMINE,7600,S,LAFAYETTE AVE,623,,,,,,,2,NO INDICATION OF INJURY,0,0,0,0,0,4,0,12,4,2,41.75632001,-87.62647558,POINT (-87.626475577283 41.756320005823)
014d12d19a75b6ab61fabfd00b251e54cd515497854d32eb95e1031609cf40d01dc3974a37ef70fcbd74b8db0a3117d66385564c95b7823a96032fb57badb875,JD394211,,10/8/2020 15:10,30,TRAFFIC SIGNAL,FUNCTIONING PROPERLY,CLEAR,DAYLIGHT,REAR END,OTHER,,STRAIGHT AND LEVEL,DRY,NO DEFECTS,NOT ON SCENE (DESK REPORT),INJURY AND / OR TOW DUE TO CRASH,,,,"OVER $1,500",10/9/2020 19:10,FOLLOWING TOO CLOSELY,NOT APPLICABLE,7301,W,IRVING PARK RD,1631,,,,,,,2,"REPORTED, NOT EVIDENT",1,0,0,0,1,1,0,15,5,10,41.95259687,-87.80977679,POINT (-87.809776789627 41.9525968686)
08ce2303b1a9b35a4d1a1507465f6988fb51e0b6bc2668b12c9be14ac9555ef260132c210c9cea4085e52da64f6129dc2cfb26f54695b26aafb8e27948c69bba,JE474042,,12/11/2021 0:00,35,NO CONTROLS,NO CONTROLS,RAIN,"DARKNESS, LIGHTED ROAD",PARKED MOTOR VEHICLE,ONE-WAY,,STRAIGHT AND LEVEL,WET,NO DEFECTS,NOT ON SCENE (DESK REPORT),NO INJURY / DRIVE AWAY,,,Y,"OVER $1,500",12/11/2021 16:30,IMPROPER OVERTAKING/PASSING,UNABLE TO DETERMINE,8800,S,STATE ST,632,,,,,,,2,NO INDICATION OF INJURY,0,0,0,0,0,1,0,0,7,12,41.73443577,-87.62426338,POINT (-87.624263378233 41.734435770202)
073e04af1250b40decb219ab1dd3053acd3a8dd80c2c4ba947ae27f0ebf7afed4f577220f3950fe4b01c43e78b780004d7cd6b8375669143f4c9900103ff7d87,HZ351825,,7/16/2016 18:30,10,TRAFFIC SIGNAL,FUNCTIONING PROPERLY,CLEAR,DAYLIGHT,SIDESWIPE OPPOSITE DIRECTION,DIVIDED - W/MEDIAN (NOT RAISED),,STRAIGHT AND LEVEL,DRY,UNKNOWN,NOT ON SCENE (DESK REPORT),NO INJURY / DRIVE AWAY,,,Y,"OVER $1,500",7/16/2016 19:05,FOLLOWING TOO CLOSELY,NOT APPLICABLE,400,E,MONROE DR,114,,,,,,,2,NO INDICATION OF INJURY,0,0,0,0,0,2,0,18,7,7,41.88102972,-87.61728157,POINT (-87.617281566405 41.881029716883)
07cf8b845534957256f1c0dafd4f95c08037233f3d367db726f9f56686ec31ce7bc3f24e350ae9d93cde2387a6606093775ac87dfb78685050e5ef0f096f67c9,JB237031,,4/24/2018 18:45,30,TRAFFIC SIGNAL,FUNCTIONING PROPERLY,CLEAR,DAYLIGHT,REAR END,NOT DIVIDED,,STRAIGHT AND LEVEL,DRY,NO DEFECTS,NOT ON SCENE (DESK REPORT),NO INJURY / DRIVE AWAY,Y,,,"OVER $1,500",4/25/2018 8:05,FOLLOWING TOO CLOSELY,DRIVING SKILLS/KNOWLEDGE/EXPERIENCE,11,S,AUSTIN BLVD,1513,,,,,,,2,NO INDICATION OF INJURY,0,0,0,0,0,3,0,18,3,4,41.87971436,-87.77449622,POINT (-87.774496220954 41.879714361958)
0246b1781fdfb50c8639395c2081ca8996e2cbad7aff5eecd8d9f60c71712f17856391b2398fecb8aacc42d2fd8dcdabb0fb181a56c4f554e464527ed8bffdc8,JE110238,,1/11/2021 23:20,25,NO CONTROLS,NO CONTROLS,CLEAR,DARKNESS,FIXED OBJECT,NOT DIVIDED,,STRAIGHT AND LEVEL,DRY,NO DEFECTS,ON SCENE,INJURY AND / OR TOW DUE TO CRASH,,,,"OVER $1,500",1/11/2021 23:25,FAILING TO REDUCE SPEED TO AVOID CRASH,UNABLE TO DETERMINE,104,N,CENTRAL AVE,1512,,,,,,,1,NO INDICATION OF INJURY,0,0,0,0,0,1,0,23,2,1,41.88245293,-87.76508245,POINT (-87.765082452571 41.882452928492)
08f4c39976c87008fa17e8217d1e5501b5a698948a919b3dc9360382ec241d217f919a3da9291cb3bf8e6a5efc76ef4e8fc7bf5557d5ef84d93b8dd1024e676d,JD471443,,12/28/2020 11:10,10,NO CONTROLS,NO CONTROLS,CLEAR,DAYLIGHT,ANGLE,PARKING LOT,,STRAIGHT AND LEVEL,DRY,NO DEFECTS,ON SCENE,NO INJURY / DRIVE AWAY,,Y,,"OVER $1,500",12/28/2020 11:10,FAILING TO REDUCE SPEED TO AVOID CRASH,NOT APPLICABLE,6940,S,ASHLAND AVE,735,,,,,,,2,NO INDICATION OF INJURY,0,0,0,0,0,2,0,11,2,12,41.7673282,-87.66400243,POINT (-87.664002427358 41.76732820094)
0c5b82e8828d47cf83e80f6d0199e16eefa68126fe50a4cf718bc1a418662d681aa502f69919e20b7a3404be8655b9a3cceb5b2b7d6a60ae0e08373a9629f21d,HZ245135,,4/29/2016 17:45,30,NO CONTROLS,NO CONTROLS,CLEAR,DAYLIGHT,REAR END,NOT DIVIDED,,STRAIGHT AND LEVEL,DRY,NO DEFECTS,NOT ON SCENE (DESK REPORT),NO INJURY / DRIVE AWAY,,,,"$501 - $1,500",4/29/2016 18:10,DISTRACTION - FROM OUTSIDE VEHICLE,UNABLE TO DETERMINE,7200,S,SOUTH CHICAGO AVE,323,,,,,,,2,NO INDICATION OF INJURY,0,0,0,0,0,2,0,17,6,4,41.76430252,-87.60359202,POINT (-87.603592022818 41.764302516945)
0bb4d73513985f9f871230bea5885fd6c4a0a01022320318098d2432687e69aea02d80d8c500925401b651f626941bbd4794b644afab1dfde8c4b8b04fbdefae,JD150307,,2/13/2020 12:30,30,STOP SIGN/FLASHER,FUNCTIONING PROPERLY,SNOW,DAYLIGHT,REAR END,FOUR WAY,,STRAIGHT AND LEVEL,SNOW OR SLUSH,NO DEFECTS,NOT ON SCENE (DESK REPORT),NO INJURY / DRIVE AWAY,Y,,,"OVER $1,500",2/13/2020 12:40,WEATHER,UNABLE TO DETERMINE,1301,W,15TH ST,1233,,,,,,,2,NO INDICATION OF INJURY,0,0,0,0,0,2,0,12,5,2,41.86145929,-87.65909385,POINT (-87.659093846012 41.861459284848)
05403282c8c9a5870e4c479ba854c2192df50684fcf1b21ee7e63336111973184532774c8fae12dc3188d091a653e55c6485a768e975a17fcc5696be9a561b8c,JF449078,,10/25/2022 16:40,30,TRAFFIC SIGNAL,FUNCTIONING PROPERLY,RAIN,DAYLIGHT,REAR END,ONE-WAY,,STRAIGHT AND LEVEL,WET,UNKNOWN,ON SCENE,NO INJURY / DRIVE AWAY,,,,"OVER $1,500",10/25/2022 16:41,NOT APPLICABLE,NOT APPLICABLE,6420,W,WELLINGTON AVE,2511,,,,,,,2,NO INDICATION OF INJURY,0,0,0,0,0,2,0,16,3,10,41.93475693,-87.78679183,POINT (-87.786791825881 41.9347569277)
0ac9e4368b56867ce9ea5c8eeaa8614628a0350ab4ecd6d6af9fee0217268c129112ffc3af1c80dd87deb1d342b49925b57a0f3e3824ccf88989cae82bebea10,JA217903,,4/8/2017 23:00,30,NO CONTROLS,NO CONTROLS,CLEAR,DARKNESS,PEDESTRIAN,UNKNOWN,2,STRAIGHT AND LEVEL,DRY,NO DEFECTS,NOT ON SCENE (DESK REPORT),NO INJURY / DRIVE AWAY,,,N,"OVER $1,500",4/8/2017 23:25,UNABLE TO DETERMINE,UNABLE TO DETERMINE,6400,S,PULASKI RD,813,,,N,,,,4,NO INDICATION OF INJURY,0,0,0,0,0,7,0,23,7,4,41.77677818,-87.72285872,POINT (-87.722858718441 41.77677817895)
03df8e58bc8cca5ef2c56c6bf36396ae7949cce5a8abe751086c04ea0b1995a4cbc73b6ee426e5c6a66d84830ea13f451fd70ea3ea2b28beebcb4ba14601f2cc,JA289732,,6/2/2017 6:15,15,NO CONTROLS,NO CONTROLS,CLEAR,UNKNOWN,PARKED MOTOR VEHICLE,ONE-WAY,1,STRAIGHT AND LEVEL,DRY,NO DEFECTS,NOT ON SCENE (DESK REPORT),NO INJURY / DRIVE AWAY,,,Y,"$501 - $1,500",6/2/2017 17:00,UNABLE TO DETERMINE,NOT APPLICABLE,4901,W,POLK ST,1533,,,,,,,2,NO INDICATION OF INJURY,0,0,0,0,0,1,0,6,6,6,41.87012771,-87.74722543,POINT (-87.747225433229 41.87012770461)
09d39315f6412f5c0f5ad851d6d47b24e5dd7db83a63b27b04912f4660f09bdbb8c925f7cc4b340dd95c5bc0075fdb7cbcdb86a05772a38510218792d8128c27,HZ542102,,12/6/2016 12:20,30,NO CONTROLS,NO CONTROLS,CLEAR,DAYLIGHT,SIDESWIPE SAME DIRECTION,NOT DIVIDED,2,STRAIGHT AND LEVEL,DRY,NO DEFECTS,NOT ON SCENE (DESK REPORT),NO INJURY / DRIVE AWAY,,,Y,"OVER $1,500",12/6/2016 12:30,IMPROPER OVERTAKING/PASSING,IMPROPER OVERTAKING/PASSING,1600,W,71ST ST,735,,,,,,,2,NO INDICATION OF INJURY,0,0,0,0,0,3,0,12,3,12,41.76501831,-87.66385923,POINT (-87.663859230126 41.765018305558)
02700fb8befa7b68f4121821dca0c6fb2d29e8d5cfd99766709c64734fcb9f5a2117ff6f1c34608bbdbf3d63be25521b8f44266a0c8fe4d94b348ee11c9ab8c9,JE149026,,2/22/2021 16:20,30,NO CONTROLS,NO CONTROLS,CLEAR,DAYLIGHT,PARKED MOTOR VEHICLE,NOT DIVIDED,,STRAIGHT AND LEVEL,DRY,NO DEFECTS,ON SCENE,NO INJURY / DRIVE AWAY,,,,$500 OR LESS,2/22/2021 16:30,DRIVING SKILLS/KNOWLEDGE/EXPERIENCE,NOT APPLICABLE,4310,N,WESTERN AVE,1911,,,,,,,2,NO INDICATION OF INJURY,0,0,0,0,0,2,0,16,2,2,41.95984983,-87.68878665,POINT (-87.688786648838 41.959849834203)
0259a6fcf31b0b92a3f5b1749cde22ef01a864072e75e5ec246b62e6d5d130c84554a6d3fa105091f1049dd4d18f5519bce0c62ca0fa3b4788252ab28b4c0d7a,JA205175,,3/29/2017 17:05,30,NO CONTROLS,NO CONTROLS,CLEAR,DAYLIGHT,TURNING,NOT DIVIDED,2,STRAIGHT AND LEVEL,DRY,NO DEFECTS,NOT ON SCENE (DESK REPORT),NO INJURY / DRIVE AWAY,Y,,Y,"OVER $1,500",3/29/2017 17:05,UNABLE TO DETERMINE,NOT APPLICABLE,4001,W,MAYPOLE AVE,1114,,,,,,,2,NO INDICATION OF INJURY,0,0,0,0,0,3,0,17,4,3,41.88456793,-87.72584396,POINT (-87.725843956507 41.884567924892)
044b5ed8e67747587b84ff84ce323bed5013111ec7e67617825e9b04a1eed484f736a112997e8b0dc53f61961e7c0bd4fbed8aecbfe686a024637a035d52d5b3,JC530664,,12/1/2019 13:40,35,NO CONTROLS,NO CONTROLS,CLOUDY/OVERCAST,DAYLIGHT,TURNING,NOT DIVIDED,,STRAIGHT AND LEVEL,WET,NO DEFECTS,ON SCENE,NO INJURY / DRIVE AWAY,,,,"OVER $1,500",12/1/2019 13:46,IMPROPER LANE USAGE,NOT APPLICABLE,10722,S,TORRENCE AVE,434,,,,,,,2,NO INDICATION OF INJURY,0,0,0,0,0,3,0,13,1,12,41.70026388,-87.5597112,POINT (-87.559711199701 41.700263879071)
02e66fdd0977818fb534bdc24f5c5090a4b7201b31e3f556749f68326051ccd58d8154e44eef51eba93e3418ff552910209877f2a5e110c93bf02ab1731479a5,JF128887,,1/30/2022 16:20,30,NO CONTROLS,NO CONTROLS,CLEAR,DAYLIGHT,REAR END,PARKING LOT,,STRAIGHT AND LEVEL,WET,NO DEFECTS,NOT ON SCENE (DESK REPORT),NO INJURY / DRIVE AWAY,,,,"OVER $1,500",1/30/2022 16:45,UNABLE TO DETERMINE,UNABLE TO DETERMINE,4130,S,WESTERN AVE,921,,,,,,,2,NO INDICATION OF INJURY,0,0,0,0,0,5,0,16,1,1,41.81836991,-87.68484193,POINT (-87.684841926062 41.818369906166)
03e3d51b62b2cbacedf70b9b324c03792bdc39769aeba50ff1298e873a66486b4f42bc940b75c778b5bab69ed40ddd5416da373ab89a6d1c532fd2d26295db40,JD195369,,3/26/2020 11:05,30,NO CONTROLS,NO CONTROLS,CLEAR,DAYLIGHT,SIDESWIPE SAME DIRECTION,NOT DIVIDED,,STRAIGHT AND LEVEL,DRY,NO DEFECTS,ON SCENE,NO INJURY / DRIVE AWAY,,,,"$501 - $1,500",3/26/2020 11:15,IMPROPER LANE USAGE,UNABLE TO DETERMINE,2245,N,CICERO AVE,2522,,,,,,,2,NO INDICATION OF INJURY,0,0,0,0,0,2,0,11,5,3,41.92192836,-87.74609638,POINT (-87.746096381528 41.921928358567)
006fc22ad9cdb3cd909218951dfdd9ca9878bcde14adfcc5e8a1261b38c4cf5666c7dfee3666c18674595f2852d9206b68bcac7ea86d3bc8447e2bc8d42627fc,JE105060,,1/5/2021 15:00,30,NO CONTROLS,NO CONTROLS,CLEAR,DAYLIGHT,SIDESWIPE SAME DIRECTION,NOT DIVIDED,,STRAIGHT AND LEVEL,DRY,NO DEFECTS,NOT ON SCENE (DESK REPORT),NO INJURY / DRIVE AWAY,,,,"OVER $1,500",1/6/2021 14:00,IMPROPER LANE USAGE,IMPROPER LANE USAGE,201,S,WESTERN AVE,1225,,,,,,,2,NO INDICATION OF INJURY,0,0,0,0,0,2,0,15,3,1,41.87853901,-87.6862167,POINT (-87.686216701342 41.878539005792)
044f6668d24c5515f9445be389f972dd92a9d7d2634d9dd113c8a1a3fd47efd47b464599336c2084685fb2a68da623bbe19d375f92a22ad6582da53c4d6de024,JC333286,,7/3/2019 15:49,35,NO CONTROLS,NO CONTROLS,CLEAR,DAYLIGHT,TURNING,NOT DIVIDED,,STRAIGHT AND LEVEL,DRY,NO DEFECTS,ON SCENE,NO INJURY / DRIVE AWAY,Y,,,"OVER $1,500",7/3/2019 15:50,FAILING TO YIELD RIGHT-OF-WAY,IMPROPER TURNING/NO SIGNAL,3582,W,COLUMBUS AVE,834,,,,,,,2,NO INDICATION OF INJURY,0,0,0,0,0,2,0,15,4,7,41.7434425,-87.71179296,POINT (-87.711792962475 41.743442504466)
057ebe5a56249f20ebaa791020afb65fd238170bafe1da5e997c8f5055dec9870118cf7a0dcc66e34ac8df714fa52360d3911111c54a38219f73e9970bcbe8fa,JG295430,,6/10/2023 7:15,30,TRAFFIC SIGNAL,UNKNOWN,CLEAR,DAYLIGHT,PEDESTRIAN,T-INTERSECTION,,STRAIGHT AND LEVEL,DRY,UNKNOWN,ON SCENE,INJURY AND / OR TOW DUE TO CRASH,Y,,Y,$500 OR LESS,6/10/2023 8:36,FAILING TO YIELD RIGHT-OF-WAY,UNABLE TO DETERMINE,100,E,14TH ST,132,,,,,,,2,"REPORTED, NOT EVIDENT",1,0,0,0,1,1,0,7,7,6,41.86422426,-87.62407456,POINT (-87.624074560949 41.864224258304)
0167d0bf7aa127ba822b5a502bc4a6632a075f2cccb3c7dc7bd1ea8647df9687ad88189e39a6cde64c4e1b9106a555dc7a87ef24967bba7c36c583a188d25571,JC157765,,2/19/2019 6:21,30,TRAFFIC SIGNAL,FUNCTIONING PROPERLY,CLEAR,DARKNESS,ANGLE,NOT DIVIDED,4,STRAIGHT AND LEVEL,DRY,NO DEFECTS,ON SCENE,INJURY AND / OR TOW DUE TO CRASH,Y,,,"OVER $1,500",2/19/2019 6:26,UNABLE TO DETERMINE,UNABLE TO DETERMINE,1,E,79TH ST,623,,,,,,,2,"REPORTED, NOT EVIDENT",1,0,0,0,1,4,0,6,3,2,41.7508521,-87.62446383,POINT (-87.624463832103 41.750852095511)
0c2a7857519a7c1f799ceb8e08945179dd82643aca17df2d043ef5ccaaf362df0f01bed75266288f430e3c4af7ff431a45b52dbcf1dc421ef7ae3d1ecae05028,JE326336,,8/4/2021 20:03,25,TRAFFIC SIGNAL,FUNCTIONING PROPERLY,CLEAR,DAYLIGHT,ANGLE,NOT DIVIDED,,STRAIGHT AND LEVEL,DRY,NO DEFECTS,ON SCENE,INJURY AND / OR TOW DUE TO CRASH,,,Y,"OVER $1,500",8/4/2021 20:03,DISREGARDING TRAFFIC SIGNALS,FAILING TO YIELD RIGHT-OF-WAY,4800,W,MAYPOLE AVE,1532,,,,,,,2,"REPORTED, NOT EVIDENT",1,0,0,0,1,2,0,20,4,8,41.88456108,-87.74548687,POINT (-87.745486872773 41.884561077576)
031a5e978e718ba513250cae09f48f7d2af9aa007802ac64706f17bf6004e02cdac520415940218b386d29b105158ca730ab900fd5f4d08f3fcfa02359d00c35,JE403262,,10/8/2021 21:15,30,NO CONTROLS,NO CONTROLS,CLEAR,DARKNESS,REAR END,DIVIDED - W/MEDIAN BARRIER,,STRAIGHT AND LEVEL,DRY,NO DEFECTS,ON SCENE,NO INJURY / DRIVE AWAY,,,,"OVER $1,500",10/8/2021 21:20,FOLLOWING TOO CLOSELY,FOLLOWING TOO CLOSELY,2428,N,CICERO AVE,2521,,,,,,,2,NO INDICATION OF INJURY,0,0,0,0,0,2,0,21,6,10,41.92512966,-87.74647734,POINT (-87.746477339773 41.925129662962)
02b6f1586a833e68d42981380600b2083637199bf50cf20f61ca87bb0de3a4f125c751a94b1832339ff74c45c0bb482ceb562855ee70be3708dfe58dff1114e2,JG179612,Y,3/9/2023 16:25,30,STOP SIGN/FLASHER,NO CONTROLS,CLOUDY/OVERCAST,DAYLIGHT,ANGLE,FOUR WAY,,STRAIGHT AND LEVEL,DRY,UNKNOWN,ON SCENE,INJURY AND / OR TOW DUE TO CRASH,Y,,,"OVER $1,500",3/9/2023 16:30,DISREGARDING STOP SIGN,NOT APPLICABLE,1300,E,MARQUETTE RD,321,,Y,,,,,2,NONINCAPACITATING INJURY,1,0,0,1,0,1,0,16,5,3,41.77517592,-87.59444959,POINT (-87.594449584731 41.775175923603)
0c8c4f4fe87b458ec47ca96b7da4e8dfb26cc10e2bc9c8866b89677cccea5ce7ea27902441b10c667562379685bceda9624f6eb1a92176f5b9abf57b694a1edd,JF494772,,12/1/2022 18:55,30,UNKNOWN,UNKNOWN,UNKNOWN,UNKNOWN,REAR END,DIVIDED - W/MEDIAN BARRIER,,STRAIGHT AND LEVEL,UNKNOWN,UNKNOWN,NOT ON SCENE (DESK REPORT),NO INJURY / DRIVE AWAY,,,Y,"OVER $1,500",12/1/2022 20:00,UNABLE TO DETERMINE,UNABLE TO DETERMINE,800,N,LAKE SHORE DR SB,1833,,,,,,,2,NO INDICATION OF INJURY,0,0,0,0,0,2,0,18,5,12,41.89680497,-87.61702742,POINT (-87.617027423234 41.896804972416)
0925fe505605db10111e6ea035a51c4d2e9fc37b5ea8cf165ed3b2865ed9d473752dd9b286c10ee0a0a7870facd258e7e54b9ed7ce7d5c5eb99372373c2a345e,JF277005,,6/12/2022 14:41,30,NO CONTROLS,NO CONTROLS,CLEAR,DAYLIGHT,PEDESTRIAN,DIVIDED - W/MEDIAN (NOT RAISED),,STRAIGHT AND LEVEL,DRY,NO DEFECTS,ON SCENE,INJURY AND / OR TOW DUE TO CRASH,Y,,Y,"OVER $1,500",6/12/2022 15:00,FAILING TO REDUCE SPEED TO AVOID CRASH,FAILING TO YIELD RIGHT-OF-WAY,935,W,87TH ST,2222,,,,,,,2,INCAPACITATING INJURY,1,0,1,0,0,1,0,14,1,6,41.73590841,-87.64742288,POINT (-87.64742288027 41.735908405707)
09b9f5bcf39d65af731bfeaee0d2045e4e8f7779b2f3617c48c49fae19ac07c32f6274a4c1de76a9ec146e761fb390741484ac6ba85099619592c654fa30aee6,JB556915,,12/17/2018 11:55,30,STOP SIGN/FLASHER,FUNCTIONING PROPERLY,CLEAR,DAYLIGHT,TURNING,NOT DIVIDED,,STRAIGHT AND LEVEL,DRY,NO DEFECTS,ON SCENE,INJURY AND / OR TOW DUE TO CRASH,Y,,,"OVER $1,500",12/17/2018 12:10,FAILING TO YIELD RIGHT-OF-WAY,NOT APPLICABLE,1700,N,SHEFFIELD AVE,1811,,,,,,,2,NO INDICATION OF INJURY,0,0,0,0,0,2,0,11,2,12,41.9119935,-87.65329668,POINT (-87.653296680676 41.911993495697)
089d1a5a7cd38bd3f28e2e5caec2a758dcb1e06411f4720b66b288ca8369a89e38e13bb584533b899e3dfa2fa87a52b76ae4d3a1f07cb8e2bbde6e320b4d62ce,JE176147,,3/22/2021 11:28,30,TRAFFIC SIGNAL,FUNCTIONING PROPERLY,CLEAR,DAYLIGHT,TURNING,CENTER TURN LANE,,STRAIGHT AND LEVEL,DRY,NO DEFECTS,ON SCENE,INJURY AND / OR TOW DUE TO CRASH,,,,"OVER $1,500",3/22/2021 11:50,IMPROPER TURNING/NO SIGNAL,FAILING TO YIELD RIGHT-OF-WAY,4129,S,CICERO AVE,815,,,,,,,2,NO INDICATION OF INJURY,0,0,0,0,0,2,0,11,2,3,41.81743424,-87.74327914,POINT (-87.743279142402 41.817434241355)
0839c9917600e61084be97fc97f943e00507c599baa0962b243502b0edb17f83787e54f0500e0f62e49e07a22e7af52a2b9ee2e3893f2712f62f64fc8899d595,JB154892,,2/16/2018 20:16,30,STOP SIGN/FLASHER,NO CONTROLS,CLEAR,DARKNESS,PARKED MOTOR VEHICLE,NOT DIVIDED,,STRAIGHT AND LEVEL,DRY,NO DEFECTS,ON SCENE,NO INJURY / DRIVE AWAY,,,,$500 OR LESS,2/16/2018 20:18,"OPERATING VEHICLE IN ERRATIC, RECKLESS, CARELESS, NEGLIGENT OR AGGRESSIVE MANNER",FAILING TO REDUCE SPEED TO AVOID CRASH,1302,E,74TH ST,324,,,,,,,2,NO INDICATION OF INJURY,0,0,0,0,0,1,0,20,6,2,41.76063939,-87.59313453,POINT (-87.593134528211 41.760639391305)
07b32e9aa8743c49ae89695060646fbc7a66b8b6cecef607c06f354c962c13388a9846ea4948342574d428911ba93925edc84d96a9a869aa1159f447005e5f0b,JB321446,,6/25/2018 6:00,25,STOP SIGN/FLASHER,NO CONTROLS,CLEAR,DAYLIGHT,ANGLE,DIVIDED - W/MEDIAN (NOT RAISED),,STRAIGHT AND LEVEL,DRY,NO DEFECTS,NOT ON SCENE (DESK REPORT),NO INJURY / DRIVE AWAY,,,N,"OVER $1,500",6/25/2018 6:35,NOT APPLICABLE,FAILING TO YIELD RIGHT-OF-WAY,2500,N,CENTRAL AVE,2515,,,,,,,2,NO INDICATION OF INJURY,0,0,0,0,0,2,0,6,2,6,41.92589288,-87.76620483,POINT (-87.766204825838 41.925892880213)
0452bb030fd4544dbfc503a1cc471f11ffff6a28f353b196125eda8a0ad6ce26e44a42020842c9c5deea231d12d8575ce464ad87758a3ce4ae965ec152ee370b,JA304654,,6/13/2017 7:48,30,STOP SIGN/FLASHER,FUNCTIONING PROPERLY,CLEAR,DAYLIGHT,ANGLE,NOT DIVIDED,2,STRAIGHT AND LEVEL,DRY,OTHER,NOT ON SCENE (DESK REPORT),NO INJURY / DRIVE AWAY,,,,"$501 - $1,500",6/13/2017 8:07,FAILING TO YIELD RIGHT-OF-WAY,FAILING TO REDUCE SPEED TO AVOID CRASH,8000,S,HALSTED ST,621,,,,,,,2,NO INDICATION OF INJURY,0,0,0,0,0,2,0,7,3,6,41.74872543,-87.64413194,POINT (-87.644131939896 41.748725425387)
0793ad94db7cb17945b24318b3435051af527b8593de3e61adbdfd173be8f7f3226d8ae01bb4cefa6db79bbea205d0ef4a485eb977debde2604063b2bf7a96e7,JE263425,,6/12/2021 14:53,30,TRAFFIC SIGNAL,FUNCTIONING PROPERLY,RAIN,DAYLIGHT,ANGLE,NOT DIVIDED,,STRAIGHT AND LEVEL,WET,NO DEFECTS,ON SCENE,INJURY AND / OR TOW DUE TO CRASH,Y,,,"OVER $1,500",6/12/2021 14:53,UNABLE TO DETERMINE,UNABLE TO DETERMINE,5500,S,LOOMIS BLVD,713,,,,,,,2,INCAPACITATING INJURY,1,0,1,0,0,4,0,14,7,6,41.79365848,-87.65986592,POINT (-87.659865916322 41.793658482756)