CRASH_RECORD_ID,RD_NO,CRASH_DATE_EST_I,CRASH_DATE,POSTED_SPEED_LIMIT,TRAFFIC_CONTROL_DEVICE,DEVICE_CONDITION,WEATHER_CONDITION,LIGHTING_CONDITION,FIRST_CRASH_TYPE,TRAFFICWAY_TYPE,LANE_CNT,ALIGNMENT,ROADWAY_SURFACE_COND,ROAD_DEFECT,REPORT_TYPE,CRASH_TYPE,INTERSECTION_RELATED_I,NOT_RIGHT_OF_WAY_I,HIT_AND_RUN_I,DAMAGE,DATE_POLICE_NOTIFIED,PRIM_CONTRIBUTORY_CAUSE,SEC_CONTRIBUTORY_CAUSE,STREET_NO,STREET_DIRECTION,STREET_NAME,BEAT_OF_OCCURRENCE,PHOTOS_TAKEN_I,STATEMENTS_TAKEN_I,DOORING_I,WORK_ZONE_I,WORK_ZONE_TYPE,WORKERS_PRESENT_I,NUM_UNITS,MOST_SEVERE_INJURY,INJURIES_TOTAL,INJURIES_FATAL,INJURIES_INCAPACITATING,INJURIES_NON_INCAPACITATING,INJURIES_REPORTED_NOT_EVIDENT,INJURIES_NO_INDICATION,INJURIES_UNKNOWN,CRASH_HOUR,CRASH_DAY_OF_WEEK,CRASH_MONTH,LATITUDE,LONGITUDE,LOCATION
0c800923e705b1c3ef429f629e9629bee7968c9d8d08295be0d6e70bcce0a8d564924826f83ac0deecb32ecd5bd928c3eb22c10c3ff33cb81b2eccf65e80f24d,JC513739,,11/16/2019 10:32,30,NO CONTROLS,UNKNOWN,UNKNOWN,DARKNESS,PARKED MOTOR VEHICLE,NOT DIVIDED,,STRAIGHT AND LEVEL,UNKNOWN,NO DEFECTS,ON SCENE,NO INJURY / DRIVE AWAY,,,Y,"OVER $1,500",11/17/2019 9:50,UNABLE TO DETERMINE,UNABLE TO DETERMINE,1215,E,44TH PL,222,,,,,,,2,NO INDICATION OF INJURY,0,0,0,0,0,1,0,10,7,11,41.8142975,-87.59619964,POINT (-87.596199636707 41.81429749814)
0219dfbc1052a8a56f28abd2dd40b39c3480fd3910e1258315250737fa2681de0a16f228f5f28e10f6253876a06776221b4bf22aa89d0700b205c90f0ca10573,JE212037,,4/27/2021 17:10,30,NO CONTROLS,NO CONTROLS,CLEAR,DAYLIGHT,PEDALCYCLIST,DIVIDED - W/MEDIAN (NOT RAISED),,STRAIGHT AND LEVEL,DRY,NO DEFECTS,ON SCENE,INJURY AND / OR TOW DUE TO CRASH,Y,,,"OVER $1,500",4/27/2021 17:34,UNABLE TO DETERMINE,UNABLE TO DETERMINE,8129,W,BYRON ST,1631,,,,,,,2,NONINCAPACITATING INJURY,1,0,0,1,0,1,0,17,3,4,41.95026857,-87.83044044,POINT (-87.830440437046 41.950268565073)
0572075b5954a6934343b8a0042ccefea83782ee034db8b6090744451a67272448860c49cb0ab6b4d7c6528ac868aa376790d3dd545b7cb65853987e6ff50670,JF495236,,12/2/2022 9:27,30,NO CONTROLS,NO CONTROLS,CLEAR,DAYLIGHT,SIDESWIPE SAME DIRECTION,NOT DIVIDED,,STRAIGHT AND LEVEL,DRY,NO DEFECTS,ON SCENE,INJURY AND / OR TOW DUE TO CRASH,,,Y,"OVER $1,500",12/2/2022 9:29,IMPROPER OVERTAKING/PASSING,IMPROPER OVERTAKING/PASSING,4847,N,ELSTON AVE,1712,,,,,,,4,"REPORTED, NOT EVIDENT",1,0,0,0,1,1,0,9,6,12,41.96904488,-87.74144868,POINT (-87.741448682511 41.969044880846)
08b71911fbf0943880a3630222124534dd79daedaec942b7257b9b6a8530937c0d7b84ddf1f69455cc50e23445e11c7e244a9023bc4702334ec2490756dac4dc,JB464527,,10/6/2018 7:07,35,NO CONTROLS,NO CONTROLS,RAIN,DAWN,FIXED OBJECT,CENTER TURN LANE,4,STRAIGHT AND LEVEL,WET,UNKNOWN,NOT ON SCENE (DESK REPORT),INJURY AND / OR TOW DUE TO CRASH,Y,,,"OVER $1,500",10/6/2018 7:07,UNABLE TO DETERMINE,UNABLE TO DETERMINE,6800,S,ASHLAND AVE,725,,,,,,,1,NONINCAPACITATING INJURY,1,0,0,1,0,0,0,7,7,10,41.77027876,-87.66411243,POINT (-87.664112432605 41.770278756122)
051e3f702a608fbe0e4abf77face3b47fd6b592ca9d9b96b3d9ac3a7c9dca611a2f6a4d69eb989bda3173ab1e79502be6356a403acbc58969806a59af6ae5345,JE256320,,6/6/2021 20:00,25,NO CONTROLS,UNKNOWN,CLEAR,"DARKNESS, LIGHTED ROAD",PARKED MOTOR VEHICLE,ONE-WAY,,STRAIGHT AND LEVEL,DRY,NO DEFECTS,ON SCENE,NO INJURY / DRIVE AWAY,,,,"OVER $1,500",6/6/2021 20:00,IMPROPER BACKING,IMPROPER BACKING,10021,S,EXCHANGE AVE,431,,,,,,,3,NO INDICATION OF INJURY,0,0,0,0,0,1,0,20,1,6,41.71270528,-87.55217178,POINT (-87.552171783184 41.712705284253)
01a5fc4baaf33055d3a61d5f312d30e1d38ebd6cd0a6a6d4c0df91294b420ddeb237939d31b16225e0f40aa914006cd8ea82791474317abdf1f544e9fb77128e,JC256228,,5/7/2019 21:11,30,NO CONTROLS,NO CONTROLS,CLEAR,DAYLIGHT,PARKED MOTOR VEHICLE,DIVIDED - W/MEDIAN (NOT RAISED),,STRAIGHT AND LEVEL,UNKNOWN,UNKNOWN,NOT ON SCENE (DESK REPORT),NO INJURY / DRIVE AWAY,,,,"OVER $1,500",5/9/2019 14:09,UNABLE TO DETERMINE,UNABLE TO DETERMINE,2304,W,GRANVILLE AVE,2413,,,,,,,2,NO INDICATION OF INJURY,0,0,0,0,0,1,0,21,3,5,41.99423966,-87.68755071,POINT (-87.687550707521 41.994239663299)
0cac6c0a61df9c5fcb4bf1a7959d69db484e36a31186300fa8c60f74220269b5d36b1fcb54e7a05c7934894a6d1f9f3f7059b14f961b1e8729f68dcbc71fa35b,JA238807,,4/25/2017 16:15,30,NO CONTROLS,NO CONTROLS,CLEAR,DAYLIGHT,REAR END,NOT DIVIDED,2,STRAIGHT AND LEVEL,DRY,NO DEFECTS,NOT ON SCENE (DESK REPORT),NO INJURY / DRIVE AWAY,,,,"$501 - $1,500",4/25/2017 16:40,EXCEEDING AUTHORIZED SPEED LIMIT,NOT APPLICABLE,6399,W,ADDISON ST,1633,,,,,,,2,NO INDICATION OF INJURY,0,0,0,0,0,2,0,16,3,4,41.94555509,-87.78617997,POINT (-87.786179967376 41.945555091968)
002f3bc3b79584ad0f06c0a93d1ec44e845435d704c5cedfe9b159fe5f2249fd1bbf81cec00e24cfa105e632eb515119cd86c0bf1e5d4801420cb37610e0b683,JD382401,,9/28/2020 17:10,30,NO CONTROLS,NO CONTROLS,CLEAR,DAYLIGHT,TURNING,RAMP,,CURVE ON GRADE,DRY,UNKNOWN,ON SCENE,INJURY AND / OR TOW DUE TO CRASH,,,Y,"OVER $1,500",9/28/2020 17:15,UNABLE TO DETERMINE,NOT APPLICABLE,5200,N,LAKE SHORE DR SB,2024,,,,,,,2,NONINCAPACITATING INJURY,2,0,0,2,0,1,0,17,2,9,41.97662163,-87.65079003,POINT (-87.650790026249 41.976621627865)
03e3bf74ff6d1258740ded8a0a8a3029cc75292820336cf84bda681d6a877f601706f0367de0e76d0b62cc9aabf1ee2e8dd8a9eff9c261cf68acc256ff73e053,JD305180,,7/21/2020 15:30,30,NO CONTROLS,NO CONTROLS,CLEAR,DAYLIGHT,TURNING,NOT DIVIDED,,STRAIGHT AND LEVEL,DRY,NO DEFECTS,ON SCENE,INJURY AND / OR TOW DUE TO CRASH,,,,"OVER $1,500",7/21/2020 15:38,IMPROPER TURNING/NO SIGNAL,UNABLE TO DETERMINE,2829,W,PRATT BLVD,2412,,,,,,,2,NO INDICATION OF INJURY,0,0,0,0,0,2,0,15,3,7,42.00471941,-87.70095136,POINT (-87.700951357636 42.004719409667)
034c6342a36ba0dcce2480d237af4f069b5c0991c94cf3bf1f69b1948069f73aa33cff56afff78e005eab838bc95da5e45776abf0f9bf2db899ff31e5e8a45e6,JF115554,,1/17/2022 12:53,30,TRAFFIC SIGNAL,FUNCTIONING PROPERLY,CLEAR,DAYLIGHT,FIXED OBJECT,NOT DIVIDED,,STRAIGHT AND LEVEL,DRY,NO DEFECTS,ON SCENE,NO INJURY / DRIVE AWAY,Y,,,"OVER $1,500",1/17/2022 12:56,UNABLE TO DETERMINE,UNABLE TO DETERMINE,7900,S,MORGAN ST,612,N,,,,,,1,NO INDICATION OF INJURY,0,0,0,0,0,2,0,12,2,1,41.75047519,-87.64903192,POINT (-87.649031919951 41.750475192888)
016b391f0b28e0330f4009b9a11d46b063f422bdcab0e72678e901de81865a93df3ad3947d4b7aaacd8cb864f0c122cb240d56bf9c18118328c0423185f709b6,JD109708,,1/9/2020 12:15,30,TRAFFIC SIGNAL,FUNCTIONING PROPERLY,CLEAR,DAYLIGHT,REAR END,DIVIDED - W/MEDIAN (NOT RAISED),,STRAIGHT AND LEVEL,DRY,NO DEFECTS,NOT ON SCENE (DESK REPORT),NO INJURY / DRIVE AWAY,,,,"$501 - $1,500",1/9/2020 13:45,FAILING TO YIELD RIGHT-OF-WAY,UNABLE TO DETERMINE,4204,N,WESTERN AVE,1911,,,,,,,2,NO INDICATION OF INJURY,0,0,0,0,0,2,0,12,5,1,41.95783806,-87.68872635,POINT (-87.688726349833 41.95783805511)
09e25f4ea48335be5cbe505a32375ca751c26ede9f3c209c1e5869ea5bde35364860aa0fedb66b0ebfbd8643ecbdfc51f8b55f5876f39a1e6a4a17bce1aefc09,JG135221,,1/30/2023 18:00,10,NO CONTROLS,NO CONTROLS,CLEAR,"DARKNESS, LIGHTED ROAD",TURNING,PARKING LOT,,STRAIGHT AND LEVEL,DRY,NO DEFECTS,NOT ON SCENE (DESK REPORT),NO INJURY / DRIVE AWAY,,Y,,"OVER $1,500",1/30/2023 18:45,FOLLOWING TOO CLOSELY,UNABLE TO DETERMINE,2340,W,MADISON ST,1223,,,,,,,2,NO INDICATION OF INJURY,0,0,0,0,0,2,0,18,2,1,41.8812841,-87.68562042,POINT (-87.685620417822 41.88128410252)
0bc092a5267ffaf65b5ffa7ff4a5b2ddb36759ddfa8a3ce40ee088e66085b3e23de23a95444157ce112644e82ec98301b1ebe761e25ca5443e2df96328a2bc92,JB502625,,11/3/2018 23:40,30,UNKNOWN,UNKNOWN,RAIN,"DARKNESS, LIGHTED ROAD",OTHER OBJECT,NOT DIVIDED,2,STRAIGHT AND LEVEL,WET,NO DEFECTS,ON SCENE,INJURY AND / OR TOW DUE TO CRASH,,,,"OVER $1,500",11/3/2018 23:50,UNDER THE INFLUENCE OF ALCOHOL/DRUGS (USE WHEN ARREST IS EFFECTED),UNDER THE INFLUENCE OF ALCOHOL/DRUGS (USE WHEN ARREST IS EFFECTED),619,W,TAYLOR ST,124,,,,,,,2,INCAPACITATING INJURY,3,0,1,2,0,0,0,23,7,11,41.86959751,-87.64304241,POINT (-87.643042404654 41.869597512988)
05c1b174f1f98d9bbe37e746ddde8357cc62c726fdaecd500bbce49a478e8ca17a633c14d85a3d0b8b6a86fbc71d00c134d660833dccd6f6e6e104483742f70a,JB499700,,11/1/2018 19:25,30,NO CONTROLS,NO CONTROLS,CLEAR,"DARKNESS, LIGHTED ROAD",REAR END,DIVIDED - W/MEDIAN (NOT RAISED),2,STRAIGHT AND LEVEL,DRY,UNKNOWN,ON SCENE,NO INJURY / DRIVE AWAY,,,,"$501 - $1,500",11/1/2018 19:30,NOT APPLICABLE,NOT APPLICABLE,5199,S,PAYNE DR,233,,,,,,,2,NO INDICATION OF INJURY,0,0,0,0,0,2,0,19,5,11,41.8002944,-87.60744328,POINT (-87.607443275555 41.800294400416)
09470efcd8f86301b8af9d723d5378b097d988084afab0f7180e9b1ab15d8549d51d4025932fb912ad72eda338dfa58a1998104459a199aa42dfbca88e683c53,JC478196,,10/19/2019 5:29,35,NO CONTROLS,NO CONTROLS,CLEAR,"DARKNESS, LIGHTED ROAD",ANGLE,NOT DIVIDED,,STRAIGHT AND LEVEL,DRY,NO DEFECTS,ON SCENE,INJURY AND / OR TOW DUE TO CRASH,Y,,,"OVER $1,500",10/19/2019 5:29,DRIVING ON WRONG SIDE/WRONG WAY,FAILING TO YIELD RIGHT-OF-WAY,440,E,75TH ST,323,Y,,,,,,2,NO INDICATION OF INJURY,0,0,0,0,0,2,0,5,7,10,41.75854742,-87.61349044,POINT (-87.613490441792 41.75854742003)
08388d05ad30f030f8f8215ddb4b4f624f60d6dbb331278974f49e94aaa022f5231b1b185de53a36a00fa7eaf48be2e5c223b85dc70af2f794c53f883d74d963,JE153617,,2/27/2021 1:45,30,NO CONTROLS,NO CONTROLS,CLEAR,"DARKNESS, LIGHTED ROAD",TURNING,DIVIDED - W/MEDIAN (NOT RAISED),,STRAIGHT AND LEVEL,WET,NO DEFECTS,ON SCENE,INJURY AND / OR TOW DUE TO CRASH,,,,"$501 - $1,500",2/27/2021 1:48,FAILING TO YIELD RIGHT-OF-WAY,FOLLOWING TOO CLOSELY,2345,N,KOSTNER AVE,2522,,,,,,,2,NO INDICATION OF INJURY,0,0,0,0,0,4,0,1,7,2,41.9238792,-87.73639558,POINT (-87.736395574555 41.923879203236)
087b147652c0d487ae5ca98ebee0e782aa122caca1f8e7d1036644888d4b62422f015f745d4de9a4778c57717afab5927a0bba305df0a606d3bda36d1a73c961,JE373564,,9/14/2021 16:50,30,TRAFFIC SIGNAL,FUNCTIONING PROPERLY,CLEAR,DAYLIGHT,TURNING,NOT DIVIDED,,STRAIGHT AND LEVEL,DRY,NO DEFECTS,ON SCENE,INJURY AND / OR TOW DUE TO CRASH,Y,,,"OVER $1,500",9/14/2021 16:50,FAILING TO YIELD RIGHT-OF-WAY,DISREGARDING TRAFFIC SIGNALS,6700,S,ASHLAND AVE,725,,,,,,,2,NO INDICATION OF INJURY,0,0,0,0,0,2,0,16,3,9,41.77209823,-87.66416462,POINT (-87.664164617596 41.77209823278)
0ab777141f4c41edc3ea5616a48e6ab805e7afe17c55fb78e42e48a2c8aa5c87dde5c651682c92309de88bcf4b871782ed7793b7e6480be69dc8438bc422cefa,JA413556,,8/31/2017 16:04,30,NO CONTROLS,NO CONTROLS,CLEAR,DAYLIGHT,SIDESWIPE SAME DIRECTION,NOT DIVIDED,2,STRAIGHT AND LEVEL,DRY,NO DEFECTS,ON SCENE,INJURY AND / OR TOW DUE TO CRASH,,,,"OVER $1,500",8/31/2017 16:04,FAILING TO YIELD RIGHT-OF-WAY,IMPROPER TURNING/NO SIGNAL,1899,W,18TH ST,1234,,,,,,,2,NO INDICATION OF INJURY,0,0,0,0,0,2,0,16,5,8,41.8575846,-87.67342753,POINT (-87.673427531704 41.857584602055)
046c1ec96f0aab933109cd35a4fb6e5b850cc63bbf7ec4bd917e63271aa4df3c9eb0076c13ab4fec7100e7979d987c83c06c9cae0bf72e57e19b6f38769dff49,JB475329,,10/14/2018 13:27,30,STOP SIGN/FLASHER,FUNCTIONING PROPERLY,CLEAR,DAYLIGHT,TURNING,UNKNOWN,,STRAIGHT AND LEVEL,UNKNOWN,UNKNOWN,ON SCENE,INJURY AND / OR TOW DUE TO CRASH,Y,,,"OVER $1,500",10/14/2018 13:30,FAILING TO YIELD RIGHT-OF-WAY,UNABLE TO DETERMINE,1878,W,OGDEN AVE,1225,,,,,,,2,"REPORTED, NOT EVIDENT",1,0,0,0,1,2,0,13,1,10,41.87515478,-87.67375588,POINT (-87.673755881513 41.875154779829)
09400d8442c63508296f3a30d148ad5a722f23c925aa4d3ea3392e988b11bbe826b45f43575567e0e81f3e47f527b9e8a3cb92c2f22c13d20ac07778c8f43e79,JC105989,,1/5/2019 17:09,30,STOP SIGN/FLASHER,FUNCTIONING PROPERLY,CLEAR,DARKNESS,PEDESTRIAN,ONE-WAY,1,STRAIGHT AND LEVEL,DRY,NO DEFECTS,ON SCENE,INJURY AND / OR TOW DUE TO CRASH,,,,"OVER $1,500",1/5/2019 17:15,UNABLE TO DETERMINE,NOT APPLICABLE,5289,W,MONROE ST,1522,,N,,,,,2,NONINCAPACITATING INJURY,1,0,0,1,0,1,0,17,7,1,41.8792361,-87.75752118,POINT (-87.757521175918 41.879236096888)
02b6c5a35ebd640b35005b6caa6367870da90ff81109a9fddb6316d897f0ff7341a92c51755cc1bac6f782aacfa7984e6e191e35045e2f6cefeaae0cc35ae6f0,JA394121,,8/16/2017 14:30,25,STOP SIGN/FLASHER,FUNCTIONING PROPERLY,CLEAR,DAYLIGHT,REAR END,NOT DIVIDED,2,STRAIGHT AND LEVEL,DRY,NO DEFECTS,NOT ON SCENE (DESK REPORT),NO INJURY / DRIVE AWAY,,,,"$501 - $1,500",8/16/2017 20:50,FOLLOWING TOO CLOSELY,UNABLE TO DETERMINE,2400,S,WENTWORTH AVE,914,,,,,,,2,NO INDICATION OF INJURY,0,0,0,0,0,2,0,14,4,8,41.84911545,-87.63207812,POINT (-87.632078116692 41.849115448204)
006a48a58866cc6b6030cbc58187498922c570c1f417f9995d467a5358adc2d02f4b298c6954df1cb75580bb74150c0ff35c3d34451da79423d61d2ef47827b5,JD279199,N,6/28/2020 5:00,30,NO CONTROLS,NO CONTROLS,UNKNOWN,UNKNOWN,PARKED MOTOR VEHICLE,NOT DIVIDED,,STRAIGHT AND LEVEL,UNKNOWN,NO DEFECTS,ON SCENE,INJURY AND / OR TOW DUE TO CRASH,,,Y,"OVER $1,500",6/28/2020 16:09,UNABLE TO DETERMINE,UNABLE TO DETERMINE,315,W,123RD ST,523,,,,,,,2,NO INDICATION OF INJURY,0,0,0,0,0,1,0,5,1,6,41.67054328,-87.63025036,POINT (-87.630250357922 41.670543280804)
087a4c4d1cff5af45304e95a4ba8365e4342d9e58a5c4cf120780fb6d8dfd304e04094cec26a2493bcc248274e962909536620c0b04b417f3130d6a18490ee2f,JD459991,,12/15/2020 16:30,30,NO CONTROLS,UNKNOWN,CLEAR,DARKNESS,PARKED MOTOR VEHICLE,NOT DIVIDED,,STRAIGHT AND LEVEL,DRY,UNKNOWN,ON SCENE,INJURY AND / OR TOW DUE TO CRASH,,,,"OVER $1,500",12/15/2020 16:40,UNABLE TO DETERMINE,DRIVING SKILLS/KNOWLEDGE/EXPERIENCE,1532,E,72ND ST,324,,,,,,,2,"REPORTED, NOT EVIDENT",1,0,0,0,1,0,0,16,3,12,41.76433458,-87.5872926,POINT (-87.587292597654 41.7643345838)
08c5f80e5d5cecd0faa315157304a295d3c788c7b0930a936525f5567c60fb0460fb8efca8bc14f1699ad9493214cf11a6ece3edd994bf11e941182d69381d5e,JB197421,,3/23/2018 19:17,30,NO CONTROLS,NO CONTROLS,CLEAR,"DARKNESS, LIGHTED ROAD",SIDESWIPE SAME DIRECTION,ONE-WAY,3,STRAIGHT AND LEVEL,DRY,NO DEFECTS,ON SCENE,NO INJURY / DRIVE AWAY,,,,"OVER $1,500",3/23/2018 19:22,"OPERATING VEHICLE IN ERRATIC, RECKLESS, CARELESS, NEGLIGENT OR AGGRESSIVE MANNER",UNABLE TO DETERMINE,534,N,CLARK ST,1831,,,,,,,2,NO INDICATION OF INJURY,0,0,0,0,0,3,0,19,6,3,41.89182683,-87.63127921,POINT (-87.631279210382 41.891826827681)
00d59392deb8cffcc982cbb7a4d9c76eeb070223edd19b4818efa49f42868e7bdfd237fb4d066da35ff68dc470d5813d6109ccd84b3659591838eb3a5cae7510,JF101794,,1/1/2023 3:00,30,UNKNOWN,UNKNOWN,RAIN,"DARKNESS, LIGHTED ROAD",ANGLE,T-INTERSECTION,,STRAIGHT AND LEVEL,WET,NO DEFECTS,NOT ON SCENE (DESK REPORT),NO INJURY / DRIVE AWAY,,,,"OVER $1,500",1/2/2023 14:35,NOT APPLICABLE,NOT APPLICABLE,3600,W,66TH ST,833,,,,,,,2,NO INDICATION OF INJURY,0,0,0,0,0,4,0,3,1,1,41.7734521,-87.71309075,POINT (-87.713090747181 41.773452103004)
0b14f864436d574a1b711b0bcaea509b46bbdd48e13374692692e472a750c501a8437f9722757ea3e5778695d0451e0df5da0355719ef8d322e3ec19f4018a3f,JB437692,,9/16/2018 8:12,30,NO CONTROLS,NO CONTROLS,CLEAR,DAYLIGHT,SIDESWIPE SAME DIRECTION,NOT DIVIDED,2,STRAIGHT AND LEVEL,DRY,NO DEFECTS,NOT ON SCENE (DESK REPORT),NO INJURY / DRIVE AWAY,,,Y,"OVER $1,500",9/16/2018 10:29,"OPERATING VEHICLE IN ERRATIC, RECKLESS, CARELESS, NEGLIGENT OR AGGRESSIVE MANNER","OPERATING VEHICLE IN ERRATIC, RECKLESS, CARELESS, NEGLIGENT OR AGGRESSIVE MANNER",600,S,KEDZIE AVE,1134,,,,,,,2,NO INDICATION OF INJURY,0,0,0,0,0,5,0,8,1,9,41.87363915,-87.70606189,POINT (-87.706061892749 41.873639149472)
00e7c332c316dde5033d51bdf88af6d312c9767063bb4ad984539815377a0a6652fee1d18b6c3e24b845a7efe8b53afc741e41129559cd31ebb9796f26b0fef6,HZ521351,,11/19/2016 0:01,30,NO CONTROLS,NO CONTROLS,UNKNOWN,"DARKNESS, LIGHTED ROAD",PARKED MOTOR VEHICLE,NOT DIVIDED,2,STRAIGHT AND LEVEL,UNKNOWN,UNKNOWN,NOT ON SCENE (DESK REPORT),NO INJURY / DRIVE AWAY,,,Y,"OVER $1,500",11/19/2016 5:00,UNABLE TO DETERMINE,UNABLE TO DETERMINE,7808,S,HALSTED ST,621,,,,,,,2,NO INDICATION OF INJURY,0,0,0,0,0,1,0,0,7,11,41.75213684,-87.64422891,POINT (-87.644228906559 41.752136837768)
0b9f5b206922e831316a446c9bcfc600c6610228753372353bf95a84b4b0ff26f2dae896b1652121ab979dd54fa4d7d805a25d6bfd946e0bbe98715d1080ef89,JG241146,,4/28/2023 20:00,30,TRAFFIC SIGNAL,UNKNOWN,UNKNOWN,UNKNOWN,REAR END,NOT DIVIDED,,STRAIGHT AND LEVEL,UNKNOWN,UNKNOWN,NOT ON SCENE (DESK REPORT),NO INJURY / DRIVE AWAY,,,Y,"$501 - $1,500",4/28/2023 20:40,NOT APPLICABLE,NOT APPLICABLE,3800,W,GRAND AVE,2535,,,,,,,2,NO INDICATION OF INJURY,0,0,0,0,0,2,0,20,6,4,41.90432679,-87.72146699,POINT (-87.721466987369 41.90432678888)
0034652b21938a137f4d2b371706b201ae590b9bb52c87850406782ccd4ef49f90f5bdde634210fc53a6ac0acdec299f3edfa1c3c10ae7827b45f94a78a75d23,JF136872,,2/7/2022 16:15,30,NO CONTROLS,NO CONTROLS,CLEAR,DAYLIGHT,ANGLE,OTHER,,STRAIGHT AND LEVEL,DRY,NO DEFECTS,NOT ON SCENE (DESK REPORT),NO INJURY / DRIVE AWAY,,Y,,"OVER $1,500",2/7/2022 16:45,UNABLE TO DETERMINE,UNABLE TO DETERMINE,2407,W,23RD ST,1034,,,,,,,2,NO INDICATION OF INJURY,0,0,0,0,0,2,0,16,2,2,41.85010031,-87.6859143,POINT (-87.685914294757 41.850100309813)
09e980de795ee2de7160f8434e9b628a33935f37d015a827f2b446530f7f3ee8f41a42a6541f4d38a4f361186edc954376b17b084afacfaa7550d11355876abf,JA129295,,1/25/2017 11:15,30,NO CONTROLS,NO CONTROLS,CLEAR,DAYLIGHT,SIDESWIPE SAME DIRECTION,ONE-WAY,4,STRAIGHT AND LEVEL,DRY,NO DEFECTS,NOT ON SCENE (DESK REPORT),NO INJURY / DRIVE AWAY,,,,"$501 - $1,500",1/25/2017 11:45,IMPROPER LANE USAGE,NOT APPLICABLE,118,N,CLARK ST,122,,,,,,,2,NO INDICATION OF INJURY,0,0,0,0,0,2,0,11,4,1,41.88370017,-87.63106512,POINT (-87.631065123099 41.883700172548)
011066d2811094348ba3f8104493ae6b7e99dd03d5e945474251b354bf0387a2eda30ad6136090a29acdff933d5ef9c4604db80ee53ade1b61b8424aac958f7e,JD279649,,6/29/2020 1:55,30,NO CONTROLS,NO CONTROLS,CLEAR,"DARKNESS, LIGHTED ROAD",PEDESTRIAN,DIVIDED - W/MEDIAN BARRIER,,STRAIGHT AND LEVEL,DRY,NO DEFECTS,ON SCENE,INJURY AND / OR TOW DUE TO CRASH,,,Y,"OVER $1,500",6/29/2020 2:00,UNDER THE INFLUENCE OF ALCOHOL/DRUGS (USE WHEN ARREST IS EFFECTED),NOT APPLICABLE,1259,S,INDEPENDENCE BLVD,1011,,,,,,,3,NONINCAPACITATING INJURY,2,0,0,2,0,1,0,1,2,6,41.86451048,-87.71932475,POINT (-87.719324746836 41.86451048187)
06b6562a732d4efeb0bbd6ed3255011503980f81fe4b67a0911507d5adca56697a0ce3ab4e6cbea84bc58b5494ce5446129e6a5ed71bb7ac021d5c837649acda,JA481629,N,10/22/2017 15:45,30,STOP SIGN/FLASHER,FUNCTIONING PROPERLY,RAIN,DARKNESS,TURNING,DIVIDED - W/MEDIAN (NOT RAISED),2,STRAIGHT AND LEVEL,WET,NO DEFECTS,ON SCENE,INJURY AND / OR TOW DUE TO CRASH,Y,,Y,"OVER $1,500",10/22/2017 16:00,DISREGARDING STOP SIGN,EXCEEDING SAFE SPEED FOR CONDITIONS,2222,W,69TH ST,832,,,,,,,2,NO INDICATION OF INJURY,0,0,0,0,0,2,0,15,1,10,41.76848498,-87.67954942,POINT (-87.679549423326 41.768484981095)
0a2901d6b0a522e6d82789a6c5cb4feab1570120bf73926cb9caad5ffee64042bd28d656253918eecb08c75b1688b92cc08eee84b5243de5ce762f28ddc13ea7,JG152606,,2/14/2023 15:11,30,UNKNOWN,UNKNOWN,UNKNOWN,UNKNOWN,PARKED MOTOR VEHICLE,PARKING LOT,,STRAIGHT AND LEVEL,UNKNOWN,UNKNOWN,NOT ON SCENE (DESK REPORT),NO INJURY / DRIVE AWAY,,Y,Y,"OVER $1,500",2/14/2023 15:20,UNABLE TO DETERMINE,NOT APPLICABLE,4801,N,CENTRAL AVE,1623,,,,,,,2,NO INDICATION OF INJURY,0,0,0,0,0,3,0,15,3,2,41.96783,-87.76733074,POINT (-87.767330740918 41.967829999529)
03b1b3737a2a8d3588a83655656d55777a67024b9adc49edcb56871970817ded21d8f30ee09cee94f9bc1189f50ecc8b912cd40989bcc46999f61ee37608e4e0,JG347618,,7/8/2023 21:10,30,NO CONTROLS,NO CONTROLS,UNKNOWN,"DARKNESS, LIGHTED ROAD",PARKED MOTOR VEHICLE,NOT DIVIDED,,STRAIGHT ON GRADE,UNKNOWN,NO DEFECTS,NOT ON SCENE (DESK REPORT),NO INJURY / DRIVE AWAY,,,Y,"OVER $1,500",7/19/2023 15:00,DRIVING SKILLS/KNOWLEDGE/EXPERIENCE,NOT APPLICABLE,12000,S,HALSTED ST,524,,,,,,,2,NO INDICATION OF INJURY,0,0,0,0,0,1,0,21,7,7,41.67589656,-87.64199078,POINT (-87.641990781206 41.675896558815)
0045ad5432c8be6dce7c219ddb5b3a6972af69d8769fa5b774c785b1cb582698d0c3df35c705b2bd5eda046cd36c40bc13045a71f7dd7118ec9f37b7b19c9978,JA289145,,6/2/2017 9:37,30,NO CONTROLS,NO CONTROLS,CLEAR,DAYLIGHT,REAR END,DIVIDED - W/MEDIAN (NOT RAISED),2,STRAIGHT AND LEVEL,DRY,NO DEFECTS,NOT ON SCENE (DESK REPORT),NO INJURY / DRIVE AWAY,,,,$500 OR LESS,6/2/2017 10:00,UNABLE TO DETERMINE,NOT APPLICABLE,300,E,35TH ST,211,,,,,,,2,NO INDICATION OF INJURY,0,0,0,0,0,4,0,9,6,6,41.83119241,-87.6192892,POINT (-87.619289199481 41.831192408738)