CRASH_RECORD_ID,RD_NO,CRASH_DATE_EST_I,CRASH_DATE,POSTED_SPEED_LIMIT,TRAFFIC_CONTROL_DEVICE,DEVICE_CONDITION,WEATHER_CONDITION,LIGHTING_CONDITION,FIRST_CRASH_TYPE,TRAFFICWAY_TYPE,LANE_CNT,ALIGNMENT,ROADWAY_SURFACE_COND,ROAD_DEFECT,REPORT_TYPE,CRASH_TYPE,INTERSECTION_RELATED_I,NOT_RIGHT_OF_WAY_I,HIT_AND_RUN_I,DAMAGE,DATE_POLICE_NOTIFIED,PRIM_CONTRIBUTORY_CAUSE,SEC_CONTRIBUTORY_CAUSE,STREET_NO,STREET_DIRECTION,STREET_NAME,BEAT_OF_OCCURRENCE,PHOTOS_TAKEN_I,STATEMENTS_TAKEN_I,DOORING_I,WORK_ZONE_I,WORK_ZONE_TYPE,WORKERS_PRESENT_I,NUM_UNITS,MOST_SEVERE_INJURY,INJURIES_TOTAL,INJURIES_FATAL,INJURIES_INCAPACITATING,INJURIES_NON_INCAPACITATING,INJURIES_REPORTED_NOT_EVIDENT,INJURIES_NO_INDICATION,INJURIES_UNKNOWN,CRASH_HOUR,CRASH_DAY_OF_WEEK,CRASH_MONTH,LATITUDE,LONGITUDE,LOCATION
0188c17be14a2d854fba485c688e742ca556a3e5273422d69351a30dd1cf27cef619f09d1a8fe7d6392be451c66006ef536eb22ca34bcea3742620102d218b72,JF147573,,2/17/2022 15:45,30,TRAFFIC SIGNAL,FUNCTIONING PROPERLY,SNOW,DAYLIGHT,SIDESWIPE SAME DIRECTION,NOT DIVIDED,,STRAIGHT AND LEVEL,SNOW OR SLUSH,NO DEFECTS,NOT ON SCENE (DESK REPORT),NO INJURY / DRIVE AWAY,,,Y,$500 OR LESS,2/17/2022 16:00,WEATHER,NOT APPLICABLE,6659,S,WENTWORTH AVE,722,,,,,,,2,NO INDICATION OF INJURY,0,0,0,0,0,2,0,15,5,2,41.77280932,-87.62981979,POINT (-87.629819787263 41.772809318114)
041e7d9d444f8bd54415bd8d9d5e6507d8104d2c1b58790223ba6ceb24fa7fb93b09110e81ee348728a356e4315a4f8a958b244400ed6c62a829771507a7cd7f,JB387214,,8/10/2018 10:15,0,TRAFFIC SIGNAL,FUNCTIONING PROPERLY,CLEAR,DAYLIGHT,TURNING,NOT DIVIDED,,STRAIGHT AND LEVEL,DRY,NO DEFECTS,ON SCENE,NO INJURY / DRIVE AWAY,Y,,,"OVER $1,500",8/10/2018 10:17,IMPROPER TURNING/NO SIGNAL,NOT APPLICABLE,1000,W,WAVELAND AVE,1923,,,,,,,2,NO INDICATION OF INJURY,0,0,0,0,0,3,0,10,6,8,41.94915254,-87.65444659,POINT (-87.654446588599 41.94915254326)
0743cee6eb0561787c6331a990adb487382b1de3964d23612fb3e721258d6ccdd18b89856620075bee36dda9140197e67269a1cebfe621bd36e0c94a6f1e72ef,JC421286,,9/5/2019 15:20,30,NO CONTROLS,NO CONTROLS,CLEAR,DAYLIGHT,REAR TO FRONT,ONE-WAY,,STRAIGHT AND LEVEL,DRY,NO DEFECTS,NOT ON SCENE (DESK REPORT),NO INJURY / DRIVE AWAY,,,,"$501 - $1,500",9/5/2019 15:45,IMPROPER BACKING,NOT APPLICABLE,525,W,MONROE ST,121,,,,,,,2,NO INDICATION OF INJURY,0,0,0,0,0,2,0,15,5,9,41.88046315,-87.64080388,POINT (-87.640803884278 41.880463147078)
02460331ab6b51fdc48cf90ad962dcf443baa239f38af7d7e0c555137fc0d2e6c96f7c80df45937ccb2a806ab66d1cd354f636ae7a156a3aefb61fdc8bfb1ce8,HZ178381,,3/7/2016 16:50,20,NO CONTROLS,NO CONTROLS,CLEAR,DAYLIGHT,PARKED MOTOR VEHICLE,PARKING LOT,1,STRAIGHT AND LEVEL,DRY,NO DEFECTS,NOT ON SCENE (DESK REPORT),NO INJURY / DRIVE AWAY,,,,$500 OR LESS,3/7/2016 18:00,DRIVING SKILLS/KNOWLEDGE/EXPERIENCE,UNABLE TO DETERMINE,2124,W,82ND PL,614,,,,,,,2,NO INDICATION OF INJURY,0,0,0,0,0,1,0,16,2,3,41.74395002,-87.67639209,POINT (-87.676392091552 41.743950023121)
082d750ab14f9ec002526530f714c32d6c5dda814d6487a66f51b4a87398541d62738ead100a1b56a6db3ac547a9fed48f762ae2e7275cfa233a2f0fd2f10ce5,JA138329,,2/1/2017 18:20,30,UNKNOWN,UNKNOWN,CLEAR,DARKNESS,TURNING,ONE-WAY,,STRAIGHT AND LEVEL,UNKNOWN,UNKNOWN,NOT ON SCENE (DESK REPORT),NO INJURY / DRIVE AWAY,,,,"$501 - $1,500",2/1/2017 18:30,IMPROPER BACKING,IMPROPER BACKING,3751,N,SEMINARY AVE,1923,,,,,,,2,NO INDICATION OF INJURY,0,0,0,0,0,4,0,18,4,2,41.95048573,-87.65665132,POINT (-87.656651315201 41.9504857327)
0294ae9e3cfc2d391b5fecf8cf8ad5832b8f3abc2e8cfd29dd391e629ba10ace841e8c1872be67ed5a59a466e962e47ab5faf08f50896364a6999f21549c02d9,JE153497,,2/26/2021 21:30,30,STOP SIGN/FLASHER,FUNCTIONING PROPERLY,CLEAR,"DARKNESS, LIGHTED ROAD",ANGLE,FOUR WAY,,STRAIGHT AND LEVEL,DRY,UNKNOWN,ON SCENE,INJURY AND / OR TOW DUE TO CRASH,Y,,,"OVER $1,500",2/26/2021 21:33,UNABLE TO DETERMINE,NOT APPLICABLE,4736,W,ROSCOE ST,1731,,,,,,,2,NO INDICATION OF INJURY,0,0,0,0,0,2,0,21,6,2,41.942612,-87.74524005,POINT (-87.745240054006 41.942611996578)
0387e0bd07625003350318b0c26cb1b597f2791a379c8cbfc232ec92f96713fd193ce3e7c32a09f08e9034a4fe3f2bce59da592c0eb87825c50a49385069cf6b,JA461316,,10/6/2017 19:45,30,TRAFFIC SIGNAL,FUNCTIONING PROPERLY,RAIN,"DARKNESS, LIGHTED ROAD",REAR END,NOT DIVIDED,2,STRAIGHT AND LEVEL,WET,NO DEFECTS,NOT ON SCENE (DESK REPORT),NO INJURY / DRIVE AWAY,,,,"OVER $1,500",10/6/2017 20:00,FAILING TO REDUCE SPEED TO AVOID CRASH,DRIVING SKILLS/KNOWLEDGE/EXPERIENCE,6300,S,KOSTNER AVE,813,,,,,,,2,NO INDICATION OF INJURY,0,0,0,0,0,2,0,19,6,10,41.77851853,-87.73267231,POINT (-87.732672305973 41.778518528532)
0117ae074df56a12a34a95026d291511a9c1eca76a186e5358cdcfce7acae46121442ec70cdb7bd4850ac29bfa70c2ddea188c63e5e2f57001058cd6bad7954e,HZ523067,,11/20/2016 17:15,30,TRAFFIC SIGNAL,FUNCTIONING PROPERLY,CLEAR,"DARKNESS, LIGHTED ROAD",TURNING,NOT DIVIDED,2,STRAIGHT AND LEVEL,DRY,NO DEFECTS,NOT ON SCENE (DESK REPORT),NO INJURY / DRIVE AWAY,Y,,,"OVER $1,500",11/20/2016 18:15,UNABLE TO DETERMINE,NOT APPLICABLE,499,N,HALSTED ST,1214,,,,,,,2,NO INDICATION OF INJURY,0,0,0,0,0,5,0,17,1,11,41.89112692,-87.64747245,POINT (-87.647472445636 41.891126914712)
02b8546fa817454764cc60085e4ca851b607cfbf99e5364046b50a0c0532b86464daca1f98d958e25e25c7b9dda71667f3a9b77e1be75c7fe7393d9c42985a51,HZ233524,,4/20/2016 3:00,30,NO CONTROLS,NO CONTROLS,CLEAR,"DARKNESS, LIGHTED ROAD",SIDESWIPE SAME DIRECTION,NOT DIVIDED,4,STRAIGHT AND LEVEL,DRY,NO DEFECTS,NOT ON SCENE (DESK REPORT),NO INJURY / DRIVE AWAY,Y,,,"$501 - $1,500",4/20/2016 15:00,IMPROPER LANE USAGE,UNABLE TO DETERMINE,7256,S,VINCENNES AVE,731,,,,,,,2,NO INDICATION OF INJURY,0,0,0,0,0,2,0,3,4,4,41.76203455,-87.62969416,POINT (-87.629694162703 41.762034553276)
0aad118717bd3612428edbf2ac4a2f23b71c8e672567242c111a97838e0336ac3bd755585ab224d9faf50b5640ece257cae2d6f6aa5e2b15354d6298f8367f49,HY505266,,11/15/2015 18:00,20,UNKNOWN,UNKNOWN,CLEAR,DAWN,OTHER OBJECT,DIVIDED - W/MEDIAN (NOT RAISED),2,STRAIGHT AND LEVEL,DRY,UNKNOWN,NOT ON SCENE (DESK REPORT),NO INJURY / DRIVE AWAY,,,Y,"OVER $1,500",11/17/2015 18:00,NOT APPLICABLE,NOT APPLICABLE,1300,W,PRATT BLVD,2431,,,,,,,1,,,,,,,,,18,1,11,42.00560593,-87.66371429,POINT (-87.663714293424 42.005605929791)
09ec04fb210033562216b31ed4d01207e976363628928fa8ffe2c4af35378d25cf95d0502d79eb7a4ec7112004d80b01c102ef0bdb003e3d25d3096251260664,JC348510,,7/12/2019 9:00,15,NO CONTROLS,NO CONTROLS,CLEAR,DAYLIGHT,PARKED MOTOR VEHICLE,ALLEY,,STRAIGHT AND LEVEL,DRY,NO DEFECTS,NOT ON SCENE (DESK REPORT),NO INJURY / DRIVE AWAY,,Y,Y,"OVER $1,500",7/14/2019 15:00,UNABLE TO DETERMINE,NOT APPLICABLE,2451,N,HARDING AVE,2524,,,,,,,2,NO INDICATION OF INJURY,0,0,0,0,0,1,0,9,6,7,41.92606843,-87.72544806,POINT (-87.72544805827 41.926068433274)
062d85b9038bba640febea378d9c83993b8c0db6918e83b6cb5d19add77ceb2848c1bba168d02de4b7c5e6b6894a4a6d80ada70ab45452e60be765c4c56b026f,JC201983,,3/27/2019 17:00,30,NO CONTROLS,NO CONTROLS,CLEAR,DAYLIGHT,SIDESWIPE SAME DIRECTION,ONE-WAY,,STRAIGHT AND LEVEL,DRY,NO DEFECTS,NOT ON SCENE (DESK REPORT),NO INJURY / DRIVE AWAY,,,Y,"$501 - $1,500",3/27/2019 18:55,NOT APPLICABLE,NOT APPLICABLE,3700,W,ADDISON ST,1732,,,,,,,2,NO INDICATION OF INJURY,0,0,0,0,0,3,0,17,4,3,41.94657906,-87.72018626,POINT (-87.720186259046 41.946579056193)
0ad2d45b61c47570bcc317dba9becf1b0cd8b1bc2ec1a733d8a7e0ab23c25ba0f566420774707221139149a2804af547e1b7c6af58b8333b44257196bee6a645,JE287785,,7/2/2021 19:30,30,STOP SIGN/FLASHER,FUNCTIONING PROPERLY,CLEAR,DAYLIGHT,TURNING,DIVIDED - W/MEDIAN (NOT RAISED),,STRAIGHT AND LEVEL,DRY,NO DEFECTS,NOT ON SCENE (DESK REPORT),NO INJURY / DRIVE AWAY,Y,,,"OVER $1,500",7/2/2021 20:30,FAILING TO YIELD RIGHT-OF-WAY,NOT APPLICABLE,7758,S,KENTON AVE,834,,,,,,,2,NO INDICATION OF INJURY,0,0,0,0,0,2,0,19,6,7,41.75113788,-87.73670538,POINT (-87.736705381243 41.751137879211)
0474f8c489a7eb55a401245ba7032dbc87ae2eea6bdac05fa6f220998ea2de949abad0eeceb0219f96943ca7569475e506d57e3d3bdb6e9896df75eba23f8b02,JA534770,,12/3/2017 9:45,45,NO CONTROLS,NO CONTROLS,CLEAR,DAYLIGHT,SIDESWIPE SAME DIRECTION,OTHER,4,"CURVE, LEVEL",DRY,NO DEFECTS,ON SCENE,NO INJURY / DRIVE AWAY,,,Y,"OVER $1,500",12/3/2017 10:00,UNABLE TO DETERMINE,UNABLE TO DETERMINE,1000,N,LAKE SHORE DR,1824,,,,,,,2,NO INDICATION OF INJURY,0,0,0,0,0,4,0,9,1,12,41.90075297,-87.624235,POINT (-87.62423499978 41.900752974042)
0aea73ffde1611f29f6ee510010dbaa5a9834f10e81ed88754436433c726d91d8202d99b04678fe1ff1bda74742fb3c7aaefa9da809395a9d4c8179c6cad2dc7,JE392931,,9/30/2021 13:40,30,TRAFFIC SIGNAL,FUNCTIONING PROPERLY,CLEAR,DAYLIGHT,SIDESWIPE SAME DIRECTION,DIVIDED - W/MEDIAN BARRIER,,STRAIGHT AND LEVEL,DRY,NO DEFECTS,NOT ON SCENE (DESK REPORT),NO INJURY / DRIVE AWAY,,,,"$501 - $1,500",9/30/2021 14:40,IMPROPER LANE USAGE,IMPROPER LANE USAGE,150,N,LAKE SHORE DR SB,114,,,,,,,2,NO INDICATION OF INJURY,0,0,0,0,0,2,0,13,5,9,41.88434876,-87.61454978,POINT (-87.614549778133 41.884348763505)
055890bbf151482b2e5240ce4b8e8de50f3235a1a81e139727e1ad73bea0a5775c2ba7bb55d6146cf7e2f12c77543fa08a4df5d2eebac176f976e2ac6283a5f4,JB253894,,5/7/2018 15:35,30,TRAFFIC SIGNAL,FUNCTIONING PROPERLY,CLEAR,DAYLIGHT,TURNING,NOT DIVIDED,,STRAIGHT AND LEVEL,DRY,NO DEFECTS,NOT ON SCENE (DESK REPORT),NO INJURY / DRIVE AWAY,,,,"OVER $1,500",5/7/2018 16:00,IMPROPER TURNING/NO SIGNAL,NOT APPLICABLE,10258,S,WESTERN AVE,2211,,,,,,,2,NO INDICATION OF INJURY,0,0,0,0,0,2,0,15,2,5,41.70646456,-87.68177,POINT (-87.681770004194 41.706464557469)
08b7e35b17c5d607039ee755222126dbbcc244960a4ba9ebcc6a994d2dbac2bd457cacba68ed8e51232a421ae9ffd14ccdd079f139bf984e45e190c4eaa34995,JC195371,,3/22/2019 12:06,20,NO CONTROLS,NO CONTROLS,CLEAR,DAYLIGHT,REAR END,OTHER,1,STRAIGHT AND LEVEL,WET,UNKNOWN,ON SCENE,NO INJURY / DRIVE AWAY,,,,$500 OR LESS,3/22/2019 13:15,UNABLE TO DETERMINE,NOT APPLICABLE,1598,E,95TH ST,413,,,,,,,3,NO INDICATION OF INJURY,0,0,0,0,0,3,0,12,6,3,41.72244838,-87.58521161,POINT (-87.585211605863 41.722448382529)
098e2d1f4683dfabbe35732148a7d0305620edc7e4b14b9f18ff9e6880e48d645055f63d4cbc430a67c3dcfd5303bceb904bfb9ad40e881decff08d77de3816d,JF329442,Y,7/23/2022 22:30,30,NO CONTROLS,NO CONTROLS,CLEAR,DARKNESS,PARKED MOTOR VEHICLE,NOT DIVIDED,,STRAIGHT AND LEVEL,DRY,NO DEFECTS,ON SCENE,NO INJURY / DRIVE AWAY,,,,"OVER $1,500",7/24/2022 9:14,UNABLE TO DETERMINE,NOT APPLICABLE,969,W,MONTANA ST,1932,,,,,,,2,NO INDICATION OF INJURY,0,0,0,0,0,1,0,22,7,7,41.9262439,-87.65291157,POINT (-87.652911567053 41.926243902855)
0ba6ae1a56508307133c2b3e3dd83defbb471a40af2e58b01f9395d3c15f151f03398296a7de57162dbb8c7feed91efa2488a187c1b120a2ef4977d3f716e0fd,HZ352195,Y,7/16/2016 23:30,35,NO CONTROLS,NO CONTROLS,CLEAR,UNKNOWN,PARKED MOTOR VEHICLE,PARKING LOT,1,STRAIGHT AND LEVEL,DRY,NO DEFECTS,NOT ON SCENE (DESK REPORT),NO INJURY / DRIVE AWAY,,,Y,"OVER $1,500",7/17/2016 2:15,NOT APPLICABLE,NOT APPLICABLE,5214,S,LAKE PARK AVE,234,,,,,,,2,NO INDICATION OF INJURY,0,0,0,0,0,1,0,23,7,7,41.80055834,-87.58757356,POINT (-87.587573555415 41.800558343996)
085d66574ec0707d901b0fe39fc95382b3d5fec26d4de8feade9b8d23fdb70c3ad4cca052cfe619acb57cc69a9c8c9039e02f6762233192e846a881497b4611e,JC291025,,6/3/2019 20:45,30,NO CONTROLS,NO CONTROLS,CLEAR,"DARKNESS, LIGHTED ROAD",REAR END,DIVIDED - W/MEDIAN (NOT RAISED),,STRAIGHT AND LEVEL,DRY,NO DEFECTS,NOT ON SCENE (DESK REPORT),NO INJURY / DRIVE AWAY,,,Y,"OVER $1,500",6/3/2019 22:00,FOLLOWING TOO CLOSELY,NOT APPLICABLE,4728,W,MONTROSE AVE,1722,,,,,,,2,NO INDICATION OF INJURY,0,0,0,0,0,2,0,20,2,6,41.96084702,-87.74633271,POINT (-87.746332708875 41.960847015614)
030e096f08cad46719c99bf5c490e47b653ecc1657e30693e21bb38785030560485c68159eabfcd11a85ac3619516c6d62b850d1b196f4c634cc313fb1a63c05,JA511112,,11/14/2017 8:10,25,STOP SIGN/FLASHER,NO CONTROLS,CLEAR,DAYLIGHT,HEAD ON,NOT DIVIDED,,STRAIGHT AND LEVEL,DRY,NO DEFECTS,NOT ON SCENE (DESK REPORT),NO INJURY / DRIVE AWAY,,,,"OVER $1,500",11/14/2017 8:30,IMPROPER BACKING,NOT APPLICABLE,4791,N,NARRAGANSETT AVE,1622,,,,,,,2,NO INDICATION OF INJURY,0,0,0,0,0,2,0,8,3,11,41.96839162,-87.78661248,POINT (-87.786612481187 41.968391615671)
054843627fe9bb29220d185671eaaf2b5179060decd638e6b8da39ae96446b0ae2afdb9d13591f996035bb36f1c3b68c72214356ae4decd1d9bfd0dfee6d43b9,JB382029,,8/6/2018 16:44,30,TRAFFIC SIGNAL,FUNCTIONING PROPERLY,CLOUDY/OVERCAST,DAYLIGHT,TURNING,NOT DIVIDED,,STRAIGHT AND LEVEL,DRY,NO DEFECTS,ON SCENE,NO INJURY / DRIVE AWAY,Y,,,"OVER $1,500",8/6/2018 16:44,FAILING TO YIELD RIGHT-OF-WAY,NOT APPLICABLE,7600,S,LOOMIS BLVD,612,,,,,,,2,NO INDICATION OF INJURY,0,0,0,0,0,6,0,16,2,8,41.75579046,-87.65887512,POINT (-87.65887512225 41.755790457308)
0ab60f6b905195e2b7005b54968998a60de2ca6553434d049762ecf30cf6ee6c0a0b64463c8ae7a642fa2279ec1fc49cd4d4ed3d9f3943ac9d4bb83134f07b14,JB241989,,4/28/2018 19:50,30,NO CONTROLS,NO CONTROLS,CLEAR,"DARKNESS, LIGHTED ROAD",TURNING,NOT DIVIDED,,STRAIGHT AND LEVEL,DRY,UNKNOWN,NOT ON SCENE (DESK REPORT),NO INJURY / DRIVE AWAY,,,,"OVER $1,500",4/28/2018 22:20,NOT APPLICABLE,NOT APPLICABLE,7032,S,DAMEN AVE,735,,,,,,,2,NO INDICATION OF INJURY,0,0,0,0,0,3,0,19,7,4,41.76566982,-87.67370046,POINT (-87.673700458424 41.76566982226)
0b62272229b5dcd48cec34b172c3d9ac82ca02db61f9a7eb1c8b7a482054e90de2a2f13a7118e909877d5720c61c48f8bf67ddd0fae5aabb827f3b71fa9b5527,JE153374,,2/26/2021 18:46,35,TRAFFIC SIGNAL,FUNCTIONING PROPERLY,CLEAR,"DARKNESS, LIGHTED ROAD",TURNING,DIVIDED - W/MEDIAN BARRIER,,STRAIGHT AND LEVEL,WET,NO DEFECTS,ON SCENE,INJURY AND / OR TOW DUE TO CRASH,Y,,,"OVER $1,500",2/26/2021 18:46,FOLLOWING TOO CLOSELY,IMPROPER TURNING/NO SIGNAL,3279,W,79TH ST,834,,Y,,,,,2,NONINCAPACITATING INJURY,4,0,0,2,2,2,0,18,6,2,41.74959427,-87.70476854,POINT (-87.704768537436 41.749594268529)
051098aad9ace461fbbeae2f8e068839e46c5aa3e2800aec9b36755aeafafc60baca6fe49102d9d8a1b622cfa80f3f517441ec58ea66326a0b52bf53b8d5708f,JA481895,,10/22/2017 20:30,30,NO CONTROLS,NO CONTROLS,RAIN,"DARKNESS, LIGHTED ROAD",PARKED MOTOR VEHICLE,NOT DIVIDED,,STRAIGHT AND LEVEL,WET,NO DEFECTS,NOT ON SCENE (DESK REPORT),NO INJURY / DRIVE AWAY,,,,$500 OR LESS,10/22/2017 22:10,IMPROPER BACKING,NOT APPLICABLE,1246,W,CATALPA AVE,2013,,,,,,,2,NO INDICATION OF INJURY,0,0,0,0,0,1,0,20,1,10,41.9818765,-87.66198991,POINT (-87.661989910406 41.981876501353)
02e914df6e89f74e97c35ef2e1834da7a78d81d358028f64b8c214c4ad11e3b5b58c36afed5d87818d7b1206623da1b3ec8a0ee84caa6314be83cde210bdd9cf,JA433111,,9/15/2017 23:21,30,TRAFFIC SIGNAL,FUNCTIONING PROPERLY,CLEAR,"DARKNESS, LIGHTED ROAD",REAR END,ONE-WAY,3,STRAIGHT AND LEVEL,DRY,NO DEFECTS,ON SCENE,INJURY AND / OR TOW DUE TO CRASH,,,,"OVER $1,500",9/15/2017 23:21,FAILING TO REDUCE SPEED TO AVOID CRASH,UNABLE TO DETERMINE,3101,S,LA SALLE ST,211,,,,,,,3,NO INDICATION OF INJURY,0,0,0,0,0,3,0,23,6,9,41.83822796,-87.62987908,POINT (-87.629879077912 41.838227955404)
043ff4a088fd498776f665fbf4479dea8b99bd6eadd31c0b35ce7cfdd4938b750278d3d3439aa8bd1b18ce01f303050e5eb1da62d4b9cde0ec5bea95feff5c4b,JF235973,,5/9/2022 16:30,30,TRAFFIC SIGNAL,FUNCTIONING PROPERLY,CLEAR,DAYLIGHT,TURNING,T-INTERSECTION,,STRAIGHT AND LEVEL,DRY,NO DEFECTS,,NO INJURY / DRIVE AWAY,Y,,,"OVER $1,500",5/9/2022 17:29,DRIVING SKILLS/KNOWLEDGE/EXPERIENCE,NOT APPLICABLE,7900,S,STONY ISLAND AVE,411,,,,,,,2,NO INDICATION OF INJURY,0,0,0,0,0,3,0,16,2,5,41.7514606,-87.58597199,POINT (-87.585971992965 41.751460603167)
0b7bc52653c4557062ed098c42bfdc193145f3ffe65d8e4c3db4a2690dd8437682846a03c48e22415f64349a8ed6628f87d0eac0ae3e1b757a646adde70582d7,HZ265282,,5/15/2016 9:30,30,STOP SIGN/FLASHER,FUNCTIONING PROPERLY,CLEAR,DAYLIGHT,SIDESWIPE SAME DIRECTION,NOT DIVIDED,1,STRAIGHT AND LEVEL,UNKNOWN,UNKNOWN,NOT ON SCENE (DESK REPORT),NO INJURY / DRIVE AWAY,,,Y,"OVER $1,500",5/15/2016 9:50,IMPROPER OVERTAKING/PASSING,FOLLOWING TOO CLOSELY,5401,W,FERDINAND ST,1523,,,,,,,2,NO INDICATION OF INJURY,0,0,0,0,0,2,0,9,1,5,41.88878893,-87.76056352,POINT (-87.760563524074 41.88878893147)
056653daefc0e46c617b374f3c24bf7426403aa26403cc689823dbcfa26132753e849e1cccb2919242170eef9d1efee5c7d279a545daef47fd30b9e4818a957b,JE262519,,6/11/2021 18:27,35,NO CONTROLS,NO CONTROLS,CLEAR,DAYLIGHT,PARKED MOTOR VEHICLE,NOT DIVIDED,,STRAIGHT AND LEVEL,DRY,NO DEFECTS,ON SCENE,INJURY AND / OR TOW DUE TO CRASH,,,,"OVER $1,500",6/11/2021 18:30,"OPERATING VEHICLE IN ERRATIC, RECKLESS, CARELESS, NEGLIGENT OR AGGRESSIVE MANNER",DISTRACTION - FROM INSIDE VEHICLE,8329,S,RACINE AVE,613,,,,,,,4,NO INDICATION OF INJURY,0,0,0,0,0,1,0,18,6,6,41.74233625,-87.65337432,POINT (-87.653374321708 41.742336245106)
0348b0d1eac10672a741fdf9b04154c5647c619586abedbb78e02a94d970a271a6f4a69b918512151a92c32d20953bdeb7edf98a0af54482fc852dbffe765694,JG300213,Y,6/14/2023 0:38,30,TRAFFIC SIGNAL,FUNCTIONING PROPERLY,CLEAR,"DARKNESS, LIGHTED ROAD",TURNING,ONE-WAY,,STRAIGHT AND LEVEL,DRY,NO DEFECTS,ON SCENE,INJURY AND / OR TOW DUE TO CRASH,Y,,,"OVER $1,500",6/14/2023 0:42,DRIVING ON WRONG SIDE/WRONG WAY,NOT APPLICABLE,8698,S,STATE ST,632,,,,,,,2,"REPORTED, NOT EVIDENT",2,0,0,0,2,1,0,0,4,6,41.73635506,-87.62430813,POINT (-87.624308132539 41.736355062607)
086cbeb41733bdaff4a181704a16e1bac7136adf37a785c4efe7af398052fb9784dacb2b63c5f51a5e8a539dde00f1dc2bd1fb2a3bbc2fcd08eed81ff31c18d7,JF334843,,7/28/2022 13:30,30,NO CONTROLS,NO CONTROLS,CLEAR,DAYLIGHT,OTHER NONCOLLISION,DIVIDED - W/MEDIAN BARRIER,,STRAIGHT AND LEVEL,DRY,NO DEFECTS,ON SCENE,NO INJURY / DRIVE AWAY,,,,"$501 - $1,500",7/28/2022 13:30,EQUIPMENT - VEHICLE CONDITION,UNABLE TO DETERMINE,4101,S,WESTERN BLVD,924,,,,,,,1,NO INDICATION OF INJURY,0,0,0,0,0,1,0,13,5,7,41.81925119,-87.6840119,POINT (-87.684011903192 41.819251192987)
0520699d5850a0ad97d9055cedeabcf3ed0d9125df6f018f5c2bf31bc2378e34e5767b9c8b2a448752ef7213b94a7c1f004b4841a9218b0b7573e80f6ca6bdf3,JG296638,N,6/11/2023 9:15,20,NO CONTROLS,NO CONTROLS,RAIN,DAYLIGHT,TURNING,ALLEY,,STRAIGHT AND LEVEL,WET,NO DEFECTS,ON SCENE,INJURY AND / OR TOW DUE TO CRASH,Y,,,"OVER $1,500",6/11/2023 9:30,FAILING TO YIELD RIGHT-OF-WAY,DRIVING SKILLS/KNOWLEDGE/EXPERIENCE,2740,N,WAYNE AVE,1932,,,,,,,3,NO INDICATION OF INJURY,0,0,0,0,0,2,0,9,1,6,41.93189806,-87.66247695,POINT (-87.662476950692 41.931898059889)
00b2b78b78bdd583414318a226a7668f9f8c06ec7999e5cfc270d08936930373fb0ad9a5fba5e3de9c08d9e38ba298927a52565ed5da8f176003f419b35f9539,JB342705,,7/9/2018 18:00,30,NO CONTROLS,NO CONTROLS,CLEAR,DAYLIGHT,TURNING,NOT DIVIDED,,STRAIGHT AND LEVEL,DRY,NO DEFECTS,NOT ON SCENE (DESK REPORT),NO INJURY / DRIVE AWAY,,,,"$501 - $1,500",7/9/2018 18:47,NOT APPLICABLE,NOT APPLICABLE,3600,S,PULASKI RD,1031,,,,,,,2,NO INDICATION OF INJURY,0,0,0,0,0,2,0,18,2,7,41.82871806,-87.72432061,POINT (-87.724320604623 41.828718064452)
078d35c14a187db12d8f91acac33499ff17bd188b61729d6ceaeaca28113211354c2e70bb2ac7dc30c176a45449cf4d47a8acab8799fe8751dd097fdbf0cc733,JA312603,,6/18/2017 17:25,30,NO CONTROLS,NO CONTROLS,CLEAR,DAYLIGHT,ANGLE,NOT DIVIDED,2,STRAIGHT AND LEVEL,DRY,NO DEFECTS,NOT ON SCENE (DESK REPORT),NO INJURY / DRIVE AWAY,,,,"$501 - $1,500",6/18/2017 18:20,FAILING TO YIELD RIGHT-OF-WAY,NOT APPLICABLE,4748,W,FULLERTON AVE,2521,Y,,,,,,2,NO INDICATION OF INJURY,0,0,0,0,0,2,0,17,1,6,41.92435593,-87.74584951,POINT (-87.745849511135 41.924355928882)
0c5a621acaae177870cac4880f88b12fc99979e6c771546ec0fd11901db0da356e6a4226b32084a5f13eb4bc1536f27e7e4c4e314b49c0c26026b4c86336e67a,JF486058,,11/24/2022 3:19,30,STOP SIGN/FLASHER,FUNCTIONING PROPERLY,CLEAR,"DARKNESS, LIGHTED ROAD",PARKED MOTOR VEHICLE,NOT DIVIDED,,STRAIGHT AND LEVEL,DRY,NO DEFECTS,ON SCENE,INJURY AND / OR TOW DUE TO CRASH,,,Y,"OVER $1,500",11/24/2022 7:53,UNABLE TO DETERMINE,NOT APPLICABLE,1117,W,31ST ST,913,,,,,,,2,NO INDICATION OF INJURY,0,0,0,0,0,1,0,3,5,11,41.83782799,-87.65431773,POINT (-87.654317730645 41.837827994101)
0c8067bcdcafc033442e32f21ac68498964d828075841f14c9e295827a0806e48c9a9873cf897b6e358a80416052c1843a858513060277c9128fefae220aa04b,JB573873,,12/31/2018 14:32,30,NO CONTROLS,NO CONTROLS,RAIN,DAYLIGHT,TURNING,NOT DIVIDED,1,STRAIGHT AND LEVEL,WET,NO DEFECTS,ON SCENE,INJURY AND / OR TOW DUE TO CRASH,,,Y,"OVER $1,500",12/31/2018 14:32,UNABLE TO DETERMINE,UNABLE TO DETERMINE,7603,S,SOUTH CHICAGO AVE,411,,,,,,,2,NO INDICATION OF INJURY,0,0,0,0,0,2,0,14,2,12,41.75685584,-87.59281417,POINT (-87.592814173444 41.756855834805)