CRASH_RECORD_ID,RD_NO,CRASH_DATE_EST_I,CRASH_DATE,POSTED_SPEED_LIMIT,TRAFFIC_CONTROL_DEVICE,DEVICE_CONDITION,WEATHER_CONDITION,LIGHTING_CONDITION,FIRST_CRASH_TYPE,TRAFFICWAY_TYPE,LANE_CNT,ALIGNMENT,ROADWAY_SURFACE_COND,ROAD_DEFECT,REPORT_TYPE,CRASH_TYPE,INTERSECTION_RELATED_I,NOT_RIGHT_OF_WAY_I,HIT_AND_RUN_I,DAMAGE,DATE_POLICE_NOTIFIED,PRIM_CONTRIBUTORY_CAUSE,SEC_CONTRIBUTORY_CAUSE,STREET_NO,STREET_DIRECTION,STREET_NAME,BEAT_OF_OCCURRENCE,PHOTOS_TAKEN_I,STATEMENTS_TAKEN_I,DOORING_I,WORK_ZONE_I,WORK_ZONE_TYPE,WORKERS_PRESENT_I,NUM_UNITS,MOST_SEVERE_INJURY,INJURIES_TOTAL,INJURIES_FATAL,INJURIES_INCAPACITATING,INJURIES_NON_INCAPACITATING,INJURIES_REPORTED_NOT_EVIDENT,INJURIES_NO_INDICATION,INJURIES_UNKNOWN,CRASH_HOUR,CRASH_DAY_OF_WEEK,CRASH_MONTH,LATITUDE,LONGITUDE,LOCATION
005bb6ba5370ba1643ebf3c7fd1a3dae8fe135e748fbfada42acf42befa09f5f94c3b89314bfd59423a9e8843eaa50c840d19ae3eec08f7373b3b23f9bc99ac7,JA376160,,8/3/2017 20:47,30,NO CONTROLS,NO CONTROLS,RAIN,DUSK,SIDESWIPE SAME DIRECTION,DIVIDED - W/MEDIAN (NOT RAISED),4,STRAIGHT AND LEVEL,WET,NO DEFECTS,NOT ON SCENE (DESK REPORT),NO INJURY / DRIVE AWAY,,,,"OVER $1,500",8/3/2017 21:37,UNABLE TO DETERMINE,NOT APPLICABLE,849,N,FRANKLIN ST,1823,,,,,,,2,NO INDICATION OF INJURY,0,0,0,0,0,2,0,20,5,8,41.89814709,-87.63559306,POINT (-87.635593058417 41.898147084566)
0b1bf33f241491f57549d983a0c53244e47cf7ac8aab90b2da010598d1c5dcd419eb40357b95005a6a1b40612094d6f17c4401784353bb6c9f633cd82b0d2cf1,JB139987,,2/3/2018 13:30,30,NO CONTROLS,NO CONTROLS,CLEAR,DAYLIGHT,REAR END,NOT DIVIDED,,STRAIGHT AND LEVEL,DRY,NO DEFECTS,NOT ON SCENE (DESK REPORT),INJURY AND / OR TOW DUE TO CRASH,,,,"OVER $1,500",2/3/2018 14:52,UNABLE TO DETERMINE,UNABLE TO DETERMINE,505,N,LAKE SHORE DR,1834,,,,,,,3,NONINCAPACITATING INJURY,1,0,0,1,0,5,0,13,7,2,41.89127929,-87.61410753,POINT (-87.61410753333 41.891279293492)
00cb28918faac1022aa74190e31d6759d5238c402fbd55892cbf10b04e16975cd7e66a34fab4fef7f80cca17920c74e96d02f3f474cfdf65cc62c5489b865b67,JC508006,,11/12/2019 7:15,35,STOP SIGN/FLASHER,FUNCTIONING PROPERLY,CLEAR,DAYLIGHT,REAR TO FRONT,NOT DIVIDED,,STRAIGHT AND LEVEL,SNOW OR SLUSH,UNKNOWN,NOT ON SCENE (DESK REPORT),NO INJURY / DRIVE AWAY,,,,"$501 - $1,500",11/12/2019 17:00,UNABLE TO DETERMINE,UNABLE TO DETERMINE,600,N,LEAVITT ST,1221,,,,,,,2,NO INDICATION OF INJURY,0,0,0,0,0,2,0,7,3,11,41.89223085,-87.68199247,POINT (-87.681992465508 41.892230852945)
037ab5a68b81fc9dd08f7b9db8651dea3a3a2dba674008d1df348afccbfc3dadf947b3f72a2d430dd86dda9a9c097e4bcbff5511e7f3e73bfbb2889fedc9c1d7,JD158883,,2/14/2020 15:30,30,STOP SIGN/FLASHER,UNKNOWN,CLEAR,DAYLIGHT,REAR END,NOT DIVIDED,,STRAIGHT AND LEVEL,DRY,NO DEFECTS,NOT ON SCENE (DESK REPORT),NO INJURY / DRIVE AWAY,,,,$500 OR LESS,2/20/2020 16:48,FOLLOWING TOO CLOSELY,NOT APPLICABLE,2003,W,HOWARD ST,2424,,,,,,,2,NO INDICATION OF INJURY,0,0,0,0,0,2,0,15,6,2,42.01933916,-87.68059797,POINT (-87.680597968504 42.019339157174)
062310e21510771f5bae244e0af43f62f6d2d4bdcee03805578427216190705f46cfd3be15a61c4f6e54f7903db2a6526054fe75cf72669969ae06e6ea8114e5,JB347200,,7/12/2018 18:20,30,NO CONTROLS,NO CONTROLS,CLEAR,"DARKNESS, LIGHTED ROAD",SIDESWIPE SAME DIRECTION,DIVIDED - W/MEDIAN (NOT RAISED),,STRAIGHT AND LEVEL,DRY,NO DEFECTS,NOT ON SCENE (DESK REPORT),NO INJURY / DRIVE AWAY,,,,"$501 - $1,500",7/12/2018 21:15,IMPROPER OVERTAKING/PASSING,UNABLE TO DETERMINE,6724,N,SHERIDAN RD,2432,,,,,,,2,NO INDICATION OF INJURY,0,0,0,0,0,2,0,18,5,7,42.00435945,-87.66098926,POINT (-87.660989255226 42.004359451897)
04b2db603c3c14e3e997283ea81ad1e3998c6d2fd27a841d6d4b2334d095892293c00a72f351927518923e68ee1a4640fc905558031cb8a3b5b463256c553687,JC466646,,10/9/2019 19:00,30,TRAFFIC SIGNAL,FUNCTIONING PROPERLY,CLEAR,"DARKNESS, LIGHTED ROAD",TURNING,FOUR WAY,,STRAIGHT ON GRADE,DRY,NO DEFECTS,ON SCENE,NO INJURY / DRIVE AWAY,Y,,,$500 OR LESS,10/9/2019 19:02,IMPROPER TURNING/NO SIGNAL,DRIVING SKILLS/KNOWLEDGE/EXPERIENCE,6200,W,MONTROSE AVE,1622,,,,,,,2,NO INDICATION OF INJURY,0,0,0,0,0,3,0,19,4,10,41.96039361,-87.78197008,POINT (-87.781970074638 41.960393609526)
029e3f77b9436729b2a79ac304ad3ddc16752975a0ac30ba101d9b0c2f4a232c1cde0cedf522bb48d6057852bd953c0671199f188c15a6e7e5fd5b28ba6241e5,JF396729,,9/15/2022 8:00,35,NO CONTROLS,NO CONTROLS,CLEAR,DAYLIGHT,REAR END,NOT DIVIDED,,STRAIGHT AND LEVEL,DRY,NO DEFECTS,ON SCENE,INJURY AND / OR TOW DUE TO CRASH,,,,"OVER $1,500",9/15/2022 8:35,FOLLOWING TOO CLOSELY,UNABLE TO DETERMINE,5429,W,DEVON AVE,1621,,,,,,,2,NO INDICATION OF INJURY,0,0,0,0,0,2,0,8,5,9,41.99722388,-87.76494345,POINT (-87.764943449767 41.997223878224)
0745fc9533f9c43b2998944021266ab87387d997270c3621549704e8259799682a59017d163f2b7980c3f2487f64fee2c4f830ecbd88b279a32465f275580f77,JE108700,,1/10/2021 8:00,30,NO CONTROLS,NO CONTROLS,CLEAR,UNKNOWN,PARKED MOTOR VEHICLE,ONE-WAY,,STRAIGHT AND LEVEL,DRY,NO DEFECTS,NOT ON SCENE (DESK REPORT),NO INJURY / DRIVE AWAY,,,Y,"OVER $1,500",1/10/2021 10:50,UNABLE TO DETERMINE,UNABLE TO DETERMINE,6001,S,HAMLIN AVE,823,,,,,,,2,NO INDICATION OF INJURY,0,0,0,0,0,1,0,8,1,1,41.78414836,-87.71786011,POINT (-87.717860112928 41.784148356943)
035bb2a313cf4eb6eb15faa21141c1e7cbfa4b5e89e47e9d0b4ad11f35c4a3cff7cd2a2ef7f5c9b4623d1de822b602e4c43f01729f7b970248990c78040140d4,JA227271,,4/16/2015 22:00,30,NO CONTROLS,NO CONTROLS,CLEAR,"DARKNESS, LIGHTED ROAD",PARKED MOTOR VEHICLE,NOT DIVIDED,,STRAIGHT AND LEVEL,DRY,NO DEFECTS,NOT ON SCENE (DESK REPORT),NO INJURY / DRIVE AWAY,,,Y,"$501 - $1,500",4/16/2017 17:48,UNABLE TO DETERMINE,UNABLE TO DETERMINE,11139,S,DR MARTIN LUTHER KING JR DR,531,,,,,,,2,NO INDICATION OF INJURY,0,0,0,0,0,1,0,22,5,4,41.69157265,-87.61319364,POINT (-87.613193639698 41.6915726543)
0656093895f4a398790f738a90e18a420e876e305a4fec8be35abcf4f1e541e180bb9ca47c03c95dce5bcdb1166841abf0afd708405df3c46c3f880fe6b1d262,JB405388,,8/23/2018 12:00,15,NO CONTROLS,NO CONTROLS,CLEAR,DAYLIGHT,FIXED OBJECT,ALLEY,,STRAIGHT AND LEVEL,DRY,NO DEFECTS,ON SCENE,INJURY AND / OR TOW DUE TO CRASH,,Y,Y,"OVER $1,500",8/23/2018 12:23,"OPERATING VEHICLE IN ERRATIC, RECKLESS, CARELESS, NEGLIGENT OR AGGRESSIVE MANNER",FAILING TO REDUCE SPEED TO AVOID CRASH,9648,S,EGGLESTON AVE,2223,,,,,,,2,NO INDICATION OF INJURY,0,0,0,0,0,1,0,12,5,8,41.71830245,-87.6340415,POINT (-87.634041504214 41.718302450768)
075d46aeba46cede365a1003a3a1019f44541f9b5f7de729a7eec6f7f02f3dd9758f29ba8a51328eafa27ce97380b6146ccf9c597558b4972fe923e81410216a,JB408254,,8/25/2018 14:50,30,NO CONTROLS,NO CONTROLS,CLEAR,DAYLIGHT,PARKED MOTOR VEHICLE,ONE-WAY,1,STRAIGHT AND LEVEL,DRY,NO DEFECTS,ON SCENE,INJURY AND / OR TOW DUE TO CRASH,,,Y,"OVER $1,500",8/25/2018 15:00,NOT APPLICABLE,NOT APPLICABLE,4047,N,HARDING AVE,1723,,,,,,,2,NO INDICATION OF INJURY,0,0,0,0,0,1,0,14,7,8,41.95506404,-87.72628517,POINT (-87.726285166563 41.955064043575)
0b038648c00a9728b6e81a33da7881e3ded2fd1802bfbb81c805038cc232ac1c1e16cd0ab1c2764c2d43a08eae7781b5a4df6c702933d3d6d04cc1f24ae9a36b,JC102973,,1/3/2019 12:15,20,NO CONTROLS,NO CONTROLS,CLEAR,DAYLIGHT,TURNING,NOT DIVIDED,,STRAIGHT AND LEVEL,DRY,NO DEFECTS,ON SCENE,NO INJURY / DRIVE AWAY,,,,"OVER $1,500",1/3/2019 12:20,DISREGARDING YIELD SIGN,UNABLE TO DETERMINE,3534,S,KOSTNER AVE,1031,,,,,,,2,NO INDICATION OF INJURY,0,0,0,0,0,2,0,12,5,1,41.82863916,-87.73557359,POINT (-87.73557359398 41.828639164278)
048382278e7c995dd3308a70be905789f90de3d49aa43cb4acc8c0740c521bf86d4f7d904c99553ec7e7cfe1bca99799c4196153028ff5c7072aef35bda1726e,JB245869,,5/1/2018 18:42,30,TRAFFIC SIGNAL,FUNCTIONING PROPERLY,CLEAR,DAYLIGHT,REAR END,DIVIDED - W/MEDIAN BARRIER,4,STRAIGHT AND LEVEL,DRY,NO DEFECTS,ON SCENE,INJURY AND / OR TOW DUE TO CRASH,Y,,,"$501 - $1,500",5/1/2018 18:42,FOLLOWING TOO CLOSELY,NOT APPLICABLE,2602,N,WESTERN AVE,1411,,,,,,,2,NONINCAPACITATING INJURY,1,0,0,1,0,2,0,18,3,5,41.92874536,-87.68792502,POINT (-87.687925016967 41.928745354788)
02cc718b41be4997cba1c478a3c228b4e6fdd7979298d15a2bfc523514f76765c25ec7b31465429e5656080f5045f6f650cb48350326dc158f923b679ca560fb,JF105736,,1/7/2022 10:00,30,NO CONTROLS,NO CONTROLS,SNOW,DAYLIGHT,PARKED MOTOR VEHICLE,ONE-WAY,,STRAIGHT AND LEVEL,SNOW OR SLUSH,NO DEFECTS,ON SCENE,NO INJURY / DRIVE AWAY,,,,$500 OR LESS,1/7/2022 10:11,UNABLE TO DETERMINE,UNABLE TO DETERMINE,3020,W,LOGAN BLVD,1411,,,,,,,2,,,,,,,,,10,6,1,41.92852557,-87.70327412,POINT (-87.70327411542 41.928525573338)
08b2fb359449f5a99605fd0ceaaed642bfc8407f5fac25ce0fc1bec60ed81c5a551c1f633ee02967efd558eccff401036aaae3e83525df9ff0b2701aca2d68be,JE420065,,10/23/2021 17:47,45,NO CONTROLS,NO CONTROLS,CLEAR,DAYLIGHT,SIDESWIPE SAME DIRECTION,DIVIDED - W/MEDIAN BARRIER,,STRAIGHT AND LEVEL,DRY,NO DEFECTS,ON SCENE,INJURY AND / OR TOW DUE TO CRASH,,,,"OVER $1,500",10/23/2021 17:47,NOT APPLICABLE,UNDER THE INFLUENCE OF ALCOHOL/DRUGS (USE WHEN ARREST IS EFFECTED),3531,S,LAKE SHORE DR NB,212,,,,,,,2,"REPORTED, NOT EVIDENT",3,0,0,0,3,0,0,17,7,10,41.83058654,-87.60516783,POINT (-87.605167824973 41.830586536272)
09787700b3738a17c4255db3f20be3d4e1e01c0b382ba4dcec6b4e80b98dcec604fbfa5d334bac4fc12b325cb780656d105d2737b4536acd072b6a0608a46194,JF246460,,5/18/2022 8:02,30,NO CONTROLS,NO CONTROLS,RAIN,DAYLIGHT,SIDESWIPE OPPOSITE DIRECTION,NOT DIVIDED,,"CURVE, LEVEL",WET,UNKNOWN,ON SCENE,INJURY AND / OR TOW DUE TO CRASH,,,,"OVER $1,500",5/18/2022 8:10,WEATHER,UNABLE TO DETERMINE,12801,S,DOTY AVE E,434,,,,,,,2,"REPORTED, NOT EVIDENT",1,0,0,0,1,1,0,8,4,5,41.66224344,-87.58980203,POINT (-87.589802031325 41.662243442807)
05221bfacb5d8ce2dab5d7624318cebfb4691f46a0babd7d83a4d03b26849b38a39d5a7ab0b0fed3831b75c1cc258545f910b9ed00c2d79d4ba70206e179d098,JA249416,,5/3/2017 16:30,30,NO CONTROLS,NO CONTROLS,CLEAR,DAYLIGHT,PARKED MOTOR VEHICLE,ONE-WAY,,STRAIGHT AND LEVEL,DRY,NO DEFECTS,NOT ON SCENE (DESK REPORT),NO INJURY / DRIVE AWAY,,,Y,"OVER $1,500",5/3/2017 16:57,NOT APPLICABLE,NOT APPLICABLE,6034,S,HOMAN AVE,823,,,,,,,2,NO INDICATION OF INJURY,0,0,0,0,0,2,0,16,4,5,41.78327911,-87.70826705,POINT (-87.708267049788 41.783279110065)
00c324aa27a1579792ccf91e1999644e08aa79f6fee009609b98f82f8a122084c34923a7a7c8395922daea42e9c4e5fd9b08bea905f8415567f96b72d68779b2,JA457951,,10/4/2017 12:51,30,NO CONTROLS,UNKNOWN,CLEAR,DAYLIGHT,ANGLE,NOT DIVIDED,2,STRAIGHT AND LEVEL,WET,NO DEFECTS,ON SCENE,INJURY AND / OR TOW DUE TO CRASH,,,,"OVER $1,500",10/4/2017 13:33,FAILING TO YIELD RIGHT-OF-WAY,NOT APPLICABLE,535,W,HARRISON ST,124,,,,,,,2,NONINCAPACITATING INJURY,1,0,0,1,0,1,0,12,4,10,41.87428057,-87.6408911,POINT (-87.640891102681 41.874280569172)
085ece578dac986686be57a4f45d75e2ed0d56941742936aa1f7ee84bd8f78f84ac14d1755f137df7d5e841a5f2c1f4c3fbcee5a732ce30cf20e83e02571400d,JA290491,,6/2/2017 8:00,30,TRAFFIC SIGNAL,FUNCTIONING PROPERLY,CLEAR,DAYLIGHT,TURNING,NOT DIVIDED,2,STRAIGHT AND LEVEL,DRY,NO DEFECTS,NOT ON SCENE (DESK REPORT),NO INJURY / DRIVE AWAY,,,,"$501 - $1,500",6/3/2017 7:15,IMPROPER TURNING/NO SIGNAL,UNABLE TO DETERMINE,5799,N,HARLEM AVE,1612,,,,,,,2,NO INDICATION OF INJURY,0,0,0,0,0,2,0,8,6,6,41.98579047,-87.80676781,POINT (-87.80676780611 41.985790473296)
02bb9165bdb4dd7a9440960793dc0c6b66414d6c5a129c9a0d973c24c08c26f99622eb62d8ad2296e85057a19d4a45851a4857cdd57911766a89bcb2c8169210,JB358620,,7/21/2018 2:04,30,TRAFFIC SIGNAL,FUNCTIONING PROPERLY,RAIN,"DARKNESS, LIGHTED ROAD",REAR END,NOT DIVIDED,3,STRAIGHT AND LEVEL,WET,NO DEFECTS,ON SCENE,NO INJURY / DRIVE AWAY,Y,,,$500 OR LESS,7/21/2018 2:04,FAILING TO REDUCE SPEED TO AVOID CRASH,UNDER THE INFLUENCE OF ALCOHOL/DRUGS (USE WHEN ARREST IS EFFECTED),1800,W,LAWRENCE AVE,2032,,,,,,,3,NO INDICATION OF INJURY,0,0,0,0,0,3,0,2,7,7,41.96892624,-87.67458649,POINT (-87.674586492122 41.96892623665)
0223f9d3ad450e74f85404acda8003d37a91abc5db8dd72d62ad1e8b90f697866fe773273d9b2282b02285d6b70c28996e767dd8f0a01c149cfbc9b63cddfa1a,JA420045,,9/2/2017 3:30,35,TRAFFIC SIGNAL,UNKNOWN,UNKNOWN,"DARKNESS, LIGHTED ROAD",REAR END,NOT DIVIDED,,STRAIGHT AND LEVEL,UNKNOWN,UNKNOWN,NOT ON SCENE (DESK REPORT),NO INJURY / DRIVE AWAY,,,Y,"$501 - $1,500",9/5/2017 18:00,FOLLOWING TOO CLOSELY,FAILING TO REDUCE SPEED TO AVOID CRASH,7158,W,GRAND AVE,2512,,,,,,,2,NO INDICATION OF INJURY,0,0,0,0,0,3,0,3,7,9,41.92389829,-87.80482539,POINT (-87.804825392997 41.923898293185)
044d41b2b2da4cb3fb4dc58b067ff1ae762e90f7bbee1dc7057d20408b3d1c076c6292b9d5690fd58cec5243b1ce1e156ba2e61d4aa719da68234cd5b794488b,HZ343220,,7/10/2016 10:50,30,TRAFFIC SIGNAL,FUNCTIONING PROPERLY,CLEAR,DAYLIGHT,REAR END,DIVIDED - W/MEDIAN BARRIER,4,STRAIGHT AND LEVEL,DRY,NO DEFECTS,NOT ON SCENE (DESK REPORT),NO INJURY / DRIVE AWAY,,,,"OVER $1,500",7/10/2016 11:10,FOLLOWING TOO CLOSELY,FOLLOWING TOO CLOSELY,5000,W,BELMONT AVE,1634,,,,,,,2,NO INDICATION OF INJURY,0,0,0,0,0,2,0,10,1,7,41.93887227,-87.75191489,POINT (-87.751914887179 41.938872265669)
010ce736a4132b55838a118454c32826f08375a98bcbd5be034c42f01b5901c0f47da670aea2cd5ddc94ee87b8d07fb18de01badba25016d8df60457fe2d8fdd,JC215700,,4/7/2019 21:30,30,TRAFFIC SIGNAL,FUNCTIONING PROPERLY,CLEAR,"DARKNESS, LIGHTED ROAD",TURNING,NOT DIVIDED,,STRAIGHT AND LEVEL,DRY,NO DEFECTS,NOT ON SCENE (DESK REPORT),NO INJURY / DRIVE AWAY,Y,,Y,"OVER $1,500",4/7/2019 22:35,UNABLE TO DETERMINE,NOT APPLICABLE,100,N,PULASKI RD,1114,,,,,,,2,NO INDICATION OF INJURY,0,0,0,0,0,3,0,21,1,4,41.88198557,-87.72585459,POINT (-87.72585458505 41.88198557029)
062313bbf89f11628fcb655f5fd86bf1667a9e0746f9995a36ea4fbb3c67831bb1a1a79f64ef9de403b16f5945c261e32ec444741db8d0bef7602de98519ea42,JB466180,,10/7/2018 14:53,30,TRAFFIC SIGNAL,FUNCTIONING PROPERLY,CLEAR,DAYLIGHT,TURNING,OTHER,,STRAIGHT AND LEVEL,DRY,NO DEFECTS,NOT ON SCENE (DESK REPORT),NO INJURY / DRIVE AWAY,,,,"OVER $1,500",10/7/2018 15:41,NOT APPLICABLE,NOT APPLICABLE,50,E,11TH ST,123,,,,,,,2,NO INDICATION OF INJURY,0,0,0,0,0,2,0,14,1,10,41.86938644,-87.62558691,POINT (-87.625586904544 41.86938644365)
07b61b94a1deb3ab35f8dc702338dad2d269bc4ba8f7cab1a587849b35386f7420789a11eb760749f6cdf91bb193f9f98b2364f32ec4d4a78c54f1619a4c104c,JC205499,,3/30/2019 14:00,30,NO CONTROLS,NO CONTROLS,CLEAR,DAYLIGHT,ANGLE,NOT DIVIDED,2,STRAIGHT AND LEVEL,UNKNOWN,UNKNOWN,NOT ON SCENE (DESK REPORT),NO INJURY / DRIVE AWAY,,,,$500 OR LESS,3/30/2019 15:00,IMPROPER BACKING,IMPROPER BACKING,2844,N,BROADWAY,1934,,,,,,,2,NO INDICATION OF INJURY,0,0,0,0,0,4,0,14,7,3,41.93403617,-87.64455373,POINT (-87.644553728916 41.934036165104)
02bb48d851ed8287950dc48f11f5f1d7c6880829b10f18b763ca2ca711e12be16bbab804e0f15c313b853fa3d933ccb72c9f33e348aaa4bb72b4132fe0e6153d,JF437958,,10/17/2022 12:00,30,NO CONTROLS,NO CONTROLS,CLEAR,DAYLIGHT,PARKED MOTOR VEHICLE,NOT DIVIDED,,STRAIGHT AND LEVEL,DRY,NO DEFECTS,NOT ON SCENE (DESK REPORT),NO INJURY / DRIVE AWAY,,,Y,"OVER $1,500",10/17/2022 13:00,UNABLE TO DETERMINE,"OPERATING VEHICLE IN ERRATIC, RECKLESS, CARELESS, NEGLIGENT OR AGGRESSIVE MANNER",770,W,109TH ST,2233,,,,,,,2,NO INDICATION OF INJURY,0,0,0,0,0,2,0,12,2,10,41.69610827,-87.64243361,POINT (-87.642433607521 41.696108264517)
00946a4713637a12146c0fa07a7954645698839e13bdd7faf0ba0f78b32ac5e0e69e6b680b6f37d6219ecfeabf4f9437576acac503dcd8e1b75679c2df2d2e25,JF444052,,10/22/2022 2:55,30,NO CONTROLS,NO CONTROLS,CLEAR,"DARKNESS, LIGHTED ROAD",FIXED OBJECT,NOT DIVIDED,,STRAIGHT AND LEVEL,DRY,NO DEFECTS,ON SCENE,INJURY AND / OR TOW DUE TO CRASH,,,Y,"OVER $1,500",10/22/2022 2:55,UNABLE TO DETERMINE,NOT APPLICABLE,2237,W,47TH PL,931,,,,,,,1,NO INDICATION OF INJURY,0,0,0,0,0,4,0,2,7,10,41.80742574,-87.6812616,POINT (-87.681261604038 41.807425735369)
01ccf22946289af1631067beba353230a05982cfb32c0907d4915ec7a0924021cb8ee5f22ea33edc69d8bfefc48203407f6a2cf2e06d4722f883c9351b1caba3,JB512979,,11/2/2018 19:00,30,NO CONTROLS,NO CONTROLS,CLEAR,DAYLIGHT,SIDESWIPE SAME DIRECTION,NOT DIVIDED,,STRAIGHT AND LEVEL,DRY,NO DEFECTS,NOT ON SCENE (DESK REPORT),NO INJURY / DRIVE AWAY,,,,"$501 - $1,500",11/12/2018 11:45,IMPROPER OVERTAKING/PASSING,UNABLE TO DETERMINE,1400,E,53RD ST,234,,,,,,,2,NO INDICATION OF INJURY,0,0,0,0,0,2,0,19,6,11,41.79962235,-87.59172041,POINT (-87.591720409883 41.79962235142)
053c2a6afbefeb7501118d6892a1d78bbea915e4430d77cd23c756575b63f1ee744bfe63cfd7d97120ad0be62f53b4dfc6d591a9e0b12a82d9587fdb8c6d5713,JF194988,,4/2/2022 15:35,30,UNKNOWN,UNKNOWN,RAIN,UNKNOWN,PARKED MOTOR VEHICLE,ONE-WAY,,STRAIGHT AND LEVEL,WET,UNKNOWN,NOT ON SCENE (DESK REPORT),NO INJURY / DRIVE AWAY,,,,"OVER $1,500",4/2/2022 16:57,UNABLE TO DETERMINE,UNABLE TO DETERMINE,334,E,OHIO ST,1834,,,,,,,2,NO INDICATION OF INJURY,0,0,0,0,0,2,0,15,7,4,41.89273132,-87.61887791,POINT (-87.618877910596 41.892731321805)
0bd1de462597888d14cdbd80aa65c911d4529ae530ac64fa20459f9c3deedc6c8df54003d4acdf5d8fe15053eaf6ba2f6322a58f74cf397e2564fc2c24c47e7d,JF372647,,8/27/2022 6:20,30,NO CONTROLS,NO CONTROLS,CLEAR,DAYLIGHT,SIDESWIPE SAME DIRECTION,DIVIDED - W/MEDIAN (NOT RAISED),,STRAIGHT AND LEVEL,DRY,NO DEFECTS,NOT ON SCENE (DESK REPORT),NO INJURY / DRIVE AWAY,,,,"OVER $1,500",8/27/2022 16:00,IMPROPER OVERTAKING/PASSING,NOT APPLICABLE,2334,E,95TH ST,413,,,,,,,2,NO INDICATION OF INJURY,0,0,0,0,0,2,0,6,7,8,41.72268519,-87.56672858,POINT (-87.566728583198 41.722685193191)
00829063252a2b3c3507a07252cc991bceb01a485b4f7a63d4018760be65d7094d06c7479117d953dc27e4533e56ba285bdb905897826943a9314fbb3130e8d7,JD153436,N,2/16/2020 2:00,30,NO CONTROLS,NO CONTROLS,CLEAR,"DARKNESS, LIGHTED ROAD",REAR END,DIVIDED - W/MEDIAN (NOT RAISED),,STRAIGHT AND LEVEL,DRY,NO DEFECTS,,INJURY AND / OR TOW DUE TO CRASH,,,Y,"$501 - $1,500",2/16/2020 2:14,UNABLE TO DETERMINE,UNABLE TO DETERMINE,4244,W,ARMITAGE AVE,2522,,,,,,,2,"REPORTED, NOT EVIDENT",1,0,0,0,1,2,0,2,1,2,41.91718762,-87.73328129,POINT (-87.733281286393 41.917187621161)
0955805c2f642f72ef464a4b4f1bca399059619df61def230091eb2b3286dba155978afce40bed30048e1f65b8892648be993024637bc28a6952972a2ed20de5,JB572359,Y,12/30/2018 1:00,30,NO CONTROLS,NO CONTROLS,CLEAR,DARKNESS,PARKED MOTOR VEHICLE,NOT DIVIDED,2,STRAIGHT AND LEVEL,DRY,NO DEFECTS,ON SCENE,NO INJURY / DRIVE AWAY,,,N,"OVER $1,500",12/30/2018 8:30,IMPROPER BACKING,NOT APPLICABLE,6312,S,CALUMET AVE,312,,,,,,,2,NO INDICATION OF INJURY,0,0,0,0,0,1,0,1,1,12,41.77975926,-87.61746736,POINT (-87.617467355219 41.779759262674)
0a73f97ee26ac04b5e40f56e2c92b21e3a2b98e3901eee09d1b34522f578a0de05ff5e99458b3f126fb7041fb21655c707504651483b8d3707eaaadd626131fe,JA443415,,9/23/2017 12:45,25,STOP SIGN/FLASHER,FUNCTIONING PROPERLY,CLEAR,DAYLIGHT,PEDALCYCLIST,OTHER,0,STRAIGHT AND LEVEL,DRY,NO DEFECTS,ON SCENE,INJURY AND / OR TOW DUE TO CRASH,Y,,,$500 OR LESS,9/23/2017 12:46,DRIVING ON WRONG SIDE/WRONG WAY,UNABLE TO DETERMINE,3800,N,TROY ST,1733,,,,,,,2,NONINCAPACITATING INJURY,1,0,0,1,0,3,0,12,7,9,41.95037637,-87.70684441,POINT (-87.70684441294 41.950376364695)
05b3532717e8a27a705aabaf3424c0d9528b0004c563a60af647083a5f1f3bb81d71fa1c2b3de0b7e507b4088b785a094c6fc56d3d91ec7f6113b7e316ca9ec0,JF231319,,5/5/2022 13:50,30,NO CONTROLS,NO CONTROLS,RAIN,DAYLIGHT,PARKED MOTOR VEHICLE,DIVIDED - W/MEDIAN (NOT RAISED),,STRAIGHT AND LEVEL,WET,NO DEFECTS,ON SCENE,NO INJURY / DRIVE AWAY,,,,"OVER $1,500",5/5/2022 13:57,UNABLE TO DETERMINE,UNABLE TO DETERMINE,5549,N,BROADWAY,2023,,,,,,,2,NO INDICATION OF INJURY,0,0,0,0,0,1,0,13,5,5,41.98325023,-87.65991099,POINT (-87.659910989749 41.983250231974)
000ca44696f39d33f23b145bd1d5bc0215fe58fd5f92af0a7abab04512b231163c7fd9756cff0f0ecb131388c6e128d08016469bc607569e1bca9b2a97a86775,HZ494314,,10/26/2016 18:00,30,UNKNOWN,UNKNOWN,RAIN,DAYLIGHT,ANGLE,NOT DIVIDED,,STRAIGHT AND LEVEL,WET,NO DEFECTS,NOT ON SCENE (DESK REPORT),NO INJURY / DRIVE AWAY,,,,"OVER $1,500",10/29/2016 17:00,UNABLE TO DETERMINE,UNABLE TO DETERMINE,5298,S,CENTRAL AVE,811,,,,,,,2,NO INDICATION OF INJURY,0,0,0,0,0,2,0,18,4,10,41.79652378,-87.76257683,POINT (-87.762576833547 41.796523780694)