CRASH_RECORD_ID,RD_NO,CRASH_DATE_EST_I,CRASH_DATE,POSTED_SPEED_LIMIT,TRAFFIC_CONTROL_DEVICE,DEVICE_CONDITION,WEATHER_CONDITION,LIGHTING_CONDITION,FIRST_CRASH_TYPE,TRAFFICWAY_TYPE,LANE_CNT,ALIGNMENT,ROADWAY_SURFACE_COND,ROAD_DEFECT,REPORT_TYPE,CRASH_TYPE,INTERSECTION_RELATED_I,NOT_RIGHT_OF_WAY_I,HIT_AND_RUN_I,DAMAGE,DATE_POLICE_NOTIFIED,PRIM_CONTRIBUTORY_CAUSE,SEC_CONTRIBUTORY_CAUSE,STREET_NO,STREET_DIRECTION,STREET_NAME,BEAT_OF_OCCURRENCE,PHOTOS_TAKEN_I,STATEMENTS_TAKEN_I,DOORING_I,WORK_ZONE_I,WORK_ZONE_TYPE,WORKERS_PRESENT_I,NUM_UNITS,MOST_SEVERE_INJURY,INJURIES_TOTAL,INJURIES_FATAL,INJURIES_INCAPACITATING,INJURIES_NON_INCAPACITATING,INJURIES_REPORTED_NOT_EVIDENT,INJURIES_NO_INDICATION,INJURIES_UNKNOWN,CRASH_HOUR,CRASH_DAY_OF_WEEK,CRASH_MONTH,LATITUDE,LONGITUDE,LOCATION
00c2021638925419ca7b213add1f3a15b13a2ea959eb947f5c5983221d92009a26def9f73b101c22d1bcc2271564e2c02339e4ef94c325e657ad29c2f71564da,JE470954,,12/9/2021 0:31,30,NO CONTROLS,NO CONTROLS,CLEAR,"DARKNESS, LIGHTED ROAD",SIDESWIPE SAME DIRECTION,DIVIDED - W/MEDIAN BARRIER,,STRAIGHT AND LEVEL,DRY,NO DEFECTS,ON SCENE,NO INJURY / DRIVE AWAY,,,,$500 OR LESS,12/9/2021 0:33,IMPROPER OVERTAKING/PASSING,UNABLE TO DETERMINE,10000,W,OHARE ST,1651,,,,,,,2,NO INDICATION OF INJURY,0,0,0,0,0,2,0,0,5,12,41.97620114,-87.90530913,POINT (-87.905309125103 41.976201139024)
09e85d00c2dbd5780297153aadc2d0e15e437947bcfdae677d0a4af029f9a300e2660984484ecc95ec71e3faf2668524270e41d4fb8be7c4ae4236fa38fe741b,HZ351877,,7/16/2016 18:54,30,NO CONTROLS,NO CONTROLS,CLEAR,DAYLIGHT,TURNING,DIVIDED - W/MEDIAN (NOT RAISED),2,STRAIGHT AND LEVEL,DRY,UNKNOWN,NOT ON SCENE (DESK REPORT),NO INJURY / DRIVE AWAY,,,,"$501 - $1,500",7/16/2016 19:11,UNABLE TO DETERMINE,UNABLE TO DETERMINE,5950,S,DR MARTIN LUTHER KING JR DR,232,,,,,,,2,NO INDICATION OF INJURY,0,0,0,0,0,2,0,18,7,7,41.78601469,-87.61591399,POINT (-87.615913994286 41.78601468899)
0aea618fae943ac85bb4bfcd5d98b237c25618dd69be843e60443ca542d49648558a8776dbe156fe16549f1a0992846b8214dd531acc0eaf6de2564aca6ae6e4,JB114823,,1/13/2018 11:41,30,STOP SIGN/FLASHER,FUNCTIONING PROPERLY,CLEAR,DAYLIGHT,ANGLE,DIVIDED - W/MEDIAN (NOT RAISED),1,STRAIGHT AND LEVEL,DRY,NO DEFECTS,ON SCENE,NO INJURY / DRIVE AWAY,Y,,,"$501 - $1,500",1/13/2018 11:41,FAILING TO YIELD RIGHT-OF-WAY,NOT APPLICABLE,3930,W,LAWRENCE AVE,1712,,,,,,,2,NO INDICATION OF INJURY,0,0,0,0,0,3,0,11,7,1,41.96836304,-87.72687647,POINT (-87.726876465311 41.968363040372)
042342be301666db4cbc089e3474d2ec86dfa560ace810e6281578a5f1aaed9210acaf932050229031c254b9fd1d423861248ebe8a98651bda7a97cb318303f6,JD266212,,6/16/2020 17:35,30,NO CONTROLS,NO CONTROLS,CLEAR,DAYLIGHT,REAR END,NOT DIVIDED,,STRAIGHT AND LEVEL,DRY,NO DEFECTS,ON SCENE,NO INJURY / DRIVE AWAY,,,,"OVER $1,500",6/16/2020 17:40,IMPROPER OVERTAKING/PASSING,FAILING TO REDUCE SPEED TO AVOID CRASH,5650,N,WESTERN AVE,2011,,,,,,,2,NO INDICATION OF INJURY,0,0,0,0,0,2,0,17,3,6,41.9846698,-87.68962633,POINT (-87.689626331684 41.984669801466)
08bffde13593706321093440f4fe7921ac9dedf8ead1e63fb5569b5e9c03e46bf41b8e693033b7b81d5345d9c15ae6828da1ef65fc386cf6d504723c4b02234e,JB164702,,2/25/2018 10:30,30,NO CONTROLS,NO CONTROLS,CLEAR,DAYLIGHT,ANGLE,ONE-WAY,1,STRAIGHT AND LEVEL,DRY,NO DEFECTS,NOT ON SCENE (DESK REPORT),NO INJURY / DRIVE AWAY,,,,"OVER $1,500",2/25/2018 10:42,FAILING TO YIELD RIGHT-OF-WAY,UNABLE TO DETERMINE,1914,N,LA CROSSE AVE,2533,,,,,,,2,NO INDICATION OF INJURY,0,0,0,0,0,4,0,10,1,2,41.91554378,-87.74743925,POINT (-87.747439251595 41.915543777056)
01d561344aa8d8e0c9632461529227bd9414def78704fc41dc91657ea2828458eb0a2a046d545296cc6e59f29d34acb7fd7559008e2fe502613660fc37781455,JD412325,,10/27/2020 11:10,30,TRAFFIC SIGNAL,FUNCTIONING PROPERLY,RAIN,DAYLIGHT,REAR END,NOT DIVIDED,,STRAIGHT AND LEVEL,WET,NO DEFECTS,ON SCENE,NO INJURY / DRIVE AWAY,Y,,,"OVER $1,500",10/27/2020 11:23,FOLLOWING TOO CLOSELY,NOT APPLICABLE,8700,S,VINCENNES AVE,2222,,,,,,,2,NO INDICATION OF INJURY,0,0,0,0,0,2,0,11,3,10,41.73600657,-87.64534182,POINT (-87.64534181898 41.736006564585)
0a9be975dc8053cd466188955d764296f191d0131e359771dd199dba88c7f8b0a29dd912054ecf12c03955b9d04a71e09a88858b52b0828185911c2627ac4fce,JC511555,,11/15/2019 14:20,30,TRAFFIC SIGNAL,FUNCTIONING PROPERLY,CLEAR,DAYLIGHT,TURNING,NOT DIVIDED,,STRAIGHT AND LEVEL,WET,NO DEFECTS,ON SCENE,INJURY AND / OR TOW DUE TO CRASH,Y,,,"OVER $1,500",11/15/2019 14:40,FAILING TO YIELD RIGHT-OF-WAY,FAILING TO YIELD RIGHT-OF-WAY,3000,W,LOGAN BLVD,1411,,,,,,,2,NO INDICATION OF INJURY,0,0,0,0,0,2,0,14,6,11,41.92853326,-87.70248316,POINT (-87.702483159303 41.92853325507)
0c36354bb3c6dd3c9748f5b65c26ad72d963995ee9c13b0bba562c99f7133cb6f430059ff663b0b6ebf368418a9fb5f539d26aa57f74cbc75bc463f37f6b44f5,JF154386,,2/24/2022 8:45,35,STOP SIGN/FLASHER,NO CONTROLS,CLEAR,DAYLIGHT,TURNING,UNKNOWN,,STRAIGHT AND LEVEL,DRY,UNKNOWN,NOT ON SCENE (DESK REPORT),NO INJURY / DRIVE AWAY,Y,,,"OVER $1,500",2/24/2022 9:30,UNABLE TO DETERMINE,UNABLE TO DETERMINE,4700,S,GREENWOOD AVE,222,,,,,,,2,NO INDICATION OF INJURY,0,0,0,0,0,2,0,8,5,2,41.80952205,-87.59941065,POINT (-87.599410648045 41.809522052561)
096ee2eb1517fd51c1b3bbf76779ec569ce949609aa9477a28ab4244d86970b8dafbfc420871c6ef17f236f0be63cb194a7ed361a15f90445c1fdf1c7021c5c9,JF232633,,5/6/2022 13:45,30,UNKNOWN,UNKNOWN,UNKNOWN,UNKNOWN,SIDESWIPE SAME DIRECTION,UNKNOWN,,STRAIGHT AND LEVEL,UNKNOWN,UNKNOWN,NOT ON SCENE (DESK REPORT),NO INJURY / DRIVE AWAY,,,,$500 OR LESS,5/6/2022 17:00,UNABLE TO DETERMINE,UNABLE TO DETERMINE,3158,W,DEVON AVE,2412,,,,,,,2,NO INDICATION OF INJURY,0,0,0,0,0,2,0,13,6,5,41.9974999,-87.709288,POINT (-87.709287996679 41.99749989776)
08a5f041ad651e06dfd51563f3d7021285cc22ff00592fb21edca0c133d46af703c0bf66f73b1d846218a70ea985e447778886b573e93b0ba243b3dc48bee91e,JB424506,,9/6/2018 11:17,30,TRAFFIC SIGNAL,FUNCTIONING PROPERLY,RAIN,DAYLIGHT,PEDESTRIAN,DIVIDED - W/MEDIAN (NOT RAISED),,STRAIGHT AND LEVEL,WET,NO DEFECTS,ON SCENE,INJURY AND / OR TOW DUE TO CRASH,Y,,,$500 OR LESS,9/6/2018 11:20,FAILING TO YIELD RIGHT-OF-WAY,NOT APPLICABLE,6038,S,ARCHER AVE,811,,Y,,,,,2,NONINCAPACITATING INJURY,1,0,0,1,0,1,0,11,5,9,41.79493631,-87.7681812,POINT (-87.768181199232 41.794936307395)
05e5dd27f99ed77440806c8049acada4c17e8903ed370d319e50a21f3db22b7f93d32f48b05c123ab174575be15c611a6bcfdae7055ce6a2e277c12697393558,JE103314,,1/4/2021 17:17,30,NO CONTROLS,NO CONTROLS,CLEAR,DARKNESS,REAR END,NOT DIVIDED,,STRAIGHT AND LEVEL,DRY,NO DEFECTS,ON SCENE,NO INJURY / DRIVE AWAY,,,Y,"$501 - $1,500",1/4/2021 17:42,UNABLE TO DETERMINE,UNABLE TO DETERMINE,8400,S,KINGSTON AVE,423,,,,,,,2,NO INDICATION OF INJURY,0,0,0,0,0,2,0,17,2,1,41.74260158,-87.56259299,POINT (-87.562592988939 41.742601575373)
037f954643a82b599287ce68bbc60555b615941babe61eddfba5e33edf1a62ad644905f20e17481ad4ee9a0338042f8ae820cab02e425bc76e5dc1272c076441,JB483296,,10/15/2018 12:00,30,NO CONTROLS,NO CONTROLS,CLEAR,DAYLIGHT,TURNING,ALLEY,,STRAIGHT AND LEVEL,DRY,NO DEFECTS,NOT ON SCENE (DESK REPORT),NO INJURY / DRIVE AWAY,,,,"$501 - $1,500",10/20/2018 16:29,UNABLE TO DETERMINE,NOT APPLICABLE,1429,W,TAYLOR ST,1231,,,,,,,2,NO INDICATION OF INJURY,0,0,0,0,0,3,0,12,2,10,41.86921148,-87.66281151,POINT (-87.662811506159 41.86921147469)
064b3e72e55200aaeda20765eaa72c80eb8de7c347ca393259012e1a0853339670b783ba9099222606076e03c223cbf4d0d280a2840dcd5c704151727ec17256,JF484960,,11/23/2022 10:45,30,NO CONTROLS,FUNCTIONING PROPERLY,CLEAR,DAYLIGHT,REAR END,NOT DIVIDED,,STRAIGHT AND LEVEL,DRY,NO DEFECTS,NOT ON SCENE (DESK REPORT),NO INJURY / DRIVE AWAY,,,,"OVER $1,500",11/23/2022 11:15,EQUIPMENT - VEHICLE CONDITION,NOT APPLICABLE,1014,W,HOLLYWOOD AVE,2022,,,,,,,2,NO INDICATION OF INJURY,0,0,0,0,0,2,0,10,4,11,41.98563048,-87.65591759,POINT (-87.655917589934 41.985630475363)
0273e55c4df52e123784ca5a40dd8e66f10013d2054f60fb706187f2dd431fdb9ef3d5f2773563cc20448496ae97ab11eda201b580234af3ca1c9be2d2b2b864,JA551286,,12/16/2017 9:36,30,NO CONTROLS,NO CONTROLS,CLEAR,DAYLIGHT,TURNING,DIVIDED - W/MEDIAN (NOT RAISED),,STRAIGHT AND LEVEL,DRY,NO DEFECTS,NOT ON SCENE (DESK REPORT),NO INJURY / DRIVE AWAY,,,,"$501 - $1,500",12/16/2017 9:50,FOLLOWING TOO CLOSELY,UNABLE TO DETERMINE,1140,W,JACKSON BLVD,1232,,,,,,,2,NO INDICATION OF INJURY,0,0,0,0,0,2,0,9,7,12,41.8779156,-87.65621646,POINT (-87.656216461066 41.877915599961)
085d4dacd539c9580555e3beeec07f74927bac055b77ae1e4d6c5965efe7577e5ffc354f74645e266d8fb1fc6139165322332ce032737a3a2a02932ab7b32b8c,JA486824,,10/26/2017 14:10,30,STOP SIGN/FLASHER,FUNCTIONING PROPERLY,CLEAR,DAYLIGHT,ANGLE,NOT DIVIDED,,STRAIGHT AND LEVEL,DRY,NO DEFECTS,ON SCENE,INJURY AND / OR TOW DUE TO CRASH,,,,"OVER $1,500",10/26/2017 14:42,FAILING TO YIELD RIGHT-OF-WAY,FAILING TO YIELD RIGHT-OF-WAY,3868,N,ELSTON AVE,1732,,,,,,,2,NO INDICATION OF INJURY,0,0,0,0,0,2,0,14,5,10,41.95159267,-87.71630479,POINT (-87.716304792814 41.951592666613)
02672e266c779775fbb90fb8e5249f5976dfb65b587d9fd933005cf9e99d02b34a844ddb7c8c69462dfe88bbf1afdfea10e60d34f7f0492ad2ac6035ec06dc94,JE228875,,5/6/2021 7:45,30,STOP SIGN/FLASHER,FUNCTIONING PROPERLY,CLEAR,DAYLIGHT,TURNING,NOT DIVIDED,,STRAIGHT AND LEVEL,DRY,NO DEFECTS,NOT ON SCENE (DESK REPORT),NO INJURY / DRIVE AWAY,Y,,,"OVER $1,500",5/13/2021 15:10,UNABLE TO DETERMINE,UNABLE TO DETERMINE,5900,W,ROOSEVELT RD,1513,,,,,,,2,NO INDICATION OF INJURY,0,0,0,0,0,2,0,7,5,5,41.86560372,-87.77173659,POINT (-87.771736593429 41.865603723807)
07c02398f989faddfca46a86f1b0e47e3801942edce69bad9dc0b2dc26239f474d5782cbd485df2c01f42b3e5a76a183c47dc3d77e537cc6564902fbe00a220e,JA292334,,6/4/2017 12:15,30,TRAFFIC SIGNAL,FUNCTIONING PROPERLY,CLEAR,DAYLIGHT,SIDESWIPE OPPOSITE DIRECTION,NOT DIVIDED,4,STRAIGHT AND LEVEL,DRY,NO DEFECTS,NOT ON SCENE (DESK REPORT),NO INJURY / DRIVE AWAY,Y,,,"OVER $1,500",6/4/2017 15:34,IMPROPER BACKING,FAILING TO YIELD RIGHT-OF-WAY,999,W,ROOSEVELT RD,1232,,,,,,,2,NO INDICATION OF INJURY,0,0,0,0,0,4,0,12,1,6,41.86697921,-87.65094404,POINT (-87.650944040598 41.866979205235)
03db0c4bde90a80cdc056dc3ac12e86338ea5a0c69b8651029eae14b72ec5660c108d7032439df0e9d3744239148955b3a6da13db06ecc5d360fa55f99ab064f,JG246524,,5/3/2023 11:50,20,NO CONTROLS,NO CONTROLS,CLEAR,DAYLIGHT,PARKED MOTOR VEHICLE,DIVIDED - W/MEDIAN (NOT RAISED),,STRAIGHT AND LEVEL,DRY,UNKNOWN,NOT ON SCENE (DESK REPORT),NO INJURY / DRIVE AWAY,,,,"$501 - $1,500",5/3/2023 14:15,UNABLE TO DETERMINE,UNABLE TO DETERMINE,2057,W,SUMMERDALE AVE,2012,,,,,,,2,NO INDICATION OF INJURY,0,0,0,0,0,1,0,11,4,5,41.97861776,-87.68173353,POINT (-87.681733525152 41.978617764492)
0528242ca23de8c299a18abf39be5a8a44df45c270c2bb84659373ee1ae7e1354d4bede33ab519d62222bfda2face9a167229bc0d53b2999f26c74871648546e,JF189851,,3/28/2022 22:29,35,NO CONTROLS,NO CONTROLS,CLEAR,"DARKNESS, LIGHTED ROAD",FIXED OBJECT,NOT DIVIDED,,STRAIGHT AND LEVEL,DRY,NO DEFECTS,ON SCENE,INJURY AND / OR TOW DUE TO CRASH,,Y,,"OVER $1,500",3/28/2022 22:29,FAILING TO REDUCE SPEED TO AVOID CRASH,UNABLE TO DETERMINE,3101,W,ADDISON ST,1733,,,,,,,1,INCAPACITATING INJURY,1,0,1,0,0,2,0,22,2,3,41.94653585,-87.70542957,POINT (-87.70542956556 41.946535847143)
094b04d1e76be9cae65d9c1cef957383b67910d378d2b4a62799da14cd0736f9e00ed10fbe3bbfd141ef17397daf28a7434e88b0c678d9ce071cd19c07cb7c59,JE487679,,12/24/2021 10:20,30,NO CONTROLS,NO CONTROLS,CLOUDY/OVERCAST,DAYLIGHT,PARKED MOTOR VEHICLE,NOT DIVIDED,,STRAIGHT AND LEVEL,WET,NO DEFECTS,ON SCENE,INJURY AND / OR TOW DUE TO CRASH,,,,"OVER $1,500",12/24/2021 10:20,PHYSICAL CONDITION OF DRIVER,NOT APPLICABLE,2502,S,ALBANY AVE,1033,,,,,,,3,NONINCAPACITATING INJURY,2,0,0,1,1,1,0,10,6,12,41.84621541,-87.70278036,POINT (-87.702780355135 41.846215407707)
051699efcf7ca4cf1baf1cc389fa524bc1ed1406b6e43685b210909c51c758a17f28f8328a86ce4b2c9304c1e61882008916fb09f9977c6144c0a2578744aa89,JC565875,,12/30/2019 20:54,30,NO CONTROLS,NO CONTROLS,SNOW,"DARKNESS, LIGHTED ROAD",PARKED MOTOR VEHICLE,NOT DIVIDED,,STRAIGHT AND LEVEL,WET,NO DEFECTS,ON SCENE,INJURY AND / OR TOW DUE TO CRASH,,,,"OVER $1,500",12/30/2019 21:13,FAILING TO REDUCE SPEED TO AVOID CRASH,UNABLE TO DETERMINE,5627,N,RAVENSWOOD AVE,2012,,,,,,,2,NO INDICATION OF INJURY,0,0,0,0,0,1,0,20,2,12,41.98417614,-87.67448428,POINT (-87.674484274902 41.984176141179)
0824fd8e1e9144ec53d74e9245d84d407dc056e3c2c3f8f5974bd3eab2205c24bd96d7d02a1b744b1ded65a839984807e0dfd7bfec6fa8a415f73ce6fbcbaab9,HZ104071,,1/4/2016 17:20,30,UNKNOWN,UNKNOWN,UNKNOWN,UNKNOWN,SIDESWIPE SAME DIRECTION,NOT DIVIDED,4,STRAIGHT AND LEVEL,UNKNOWN,UNKNOWN,ON SCENE,NO INJURY / DRIVE AWAY,,,,"OVER $1,500",1/4/2016 19:10,UNABLE TO DETERMINE,NOT APPLICABLE,5101,S,CENTRAL AVE,814,,,,,,,2,NO INDICATION OF INJURY,0,0,0,0,0,4,0,17,2,1,41.79997212,-87.76237941,POINT (-87.762379408163 41.799972120489)
08579c142e36f98c234f50cdd70cb7dd9602c6ba8bf800128193ee25e1838a115cf3be4646912f26c5c275360f6ef3fa7ad320f1501c88d9b2e13179a7375f32,JE285944,,7/1/2021 11:30,30,NO CONTROLS,NO CONTROLS,CLEAR,DAYLIGHT,REAR END,DIVIDED - W/MEDIAN (NOT RAISED),,STRAIGHT AND LEVEL,DRY,NO DEFECTS,NOT ON SCENE (DESK REPORT),NO INJURY / DRIVE AWAY,,,,"OVER $1,500",7/1/2021 12:03,FOLLOWING TOO CLOSELY,UNABLE TO DETERMINE,142,W,35TH ST,915,,,,,,,2,NO INDICATION OF INJURY,0,0,0,0,0,2,0,11,5,7,41.83106201,-87.63073935,POINT (-87.630739346453 41.831062009276)
043828c1c5fb2847e4d54e28f59ec97209e2fa4596ca013f4410fe69d0a40c2a4ad5bff5998dce4b58392e8e80efbb4fe32b5a5e58bdade63c54cf74d2a916ae,JA367266,,7/27/2017 17:30,30,NO CONTROLS,NO CONTROLS,CLEAR,DAYLIGHT,REAR END,DIVIDED - W/MEDIAN BARRIER,2,STRAIGHT AND LEVEL,DRY,NO DEFECTS,NOT ON SCENE (DESK REPORT),NO INJURY / DRIVE AWAY,,,,$500 OR LESS,7/28/2017 14:00,NOT APPLICABLE,NOT APPLICABLE,6300,S,STATE ST,312,,,,,,,2,NO INDICATION OF INJURY,0,0,0,0,0,2,0,17,5,7,41.78000828,-87.62552251,POINT (-87.625522511916 41.780008277408)
08cbc314d8927dc6433f55d90ac358199e86e26b8ff21bd84392ee03ea9665d4b8186b0d95fab9a9c8caf01c1d35017b73ff2fdfa46176b667367f35d86a3538,JD252401,,6/3/2020 13:40,30,TRAFFIC SIGNAL,FUNCTIONING PROPERLY,CLEAR,DAYLIGHT,FIXED OBJECT,NOT DIVIDED,,STRAIGHT AND LEVEL,DRY,"RUT, HOLES",ON SCENE,NO INJURY / DRIVE AWAY,,,,"OVER $1,500",6/3/2020 13:40,PHYSICAL CONDITION OF DRIVER,UNABLE TO DETERMINE,5157,N,CENTRAL AVE,1623,,,,,,,1,NO INDICATION OF INJURY,0,0,0,0,0,1,0,13,4,6,41.97517487,-87.7683442,POINT (-87.768344200415 41.975174873583)
0426734d4380300e5077938186960516852c8f365db899ad24aef5f4027780ff8a828fc5fdc3d54e968a3c100872776a5516bfabfa2efd1aefce611e09f2868b,JC125911,,1/22/2019 17:10,30,NO CONTROLS,NO CONTROLS,CLEAR,DAYLIGHT,ANGLE,PARKING LOT,,STRAIGHT AND LEVEL,DRY,NO DEFECTS,NOT ON SCENE (DESK REPORT),NO INJURY / DRIVE AWAY,,,Y,"$501 - $1,500",1/22/2019 18:10,UNABLE TO DETERMINE,UNABLE TO DETERMINE,1601,W,PETERSON AVE,2012,,,,,,,2,NO INDICATION OF INJURY,0,0,0,0,0,2,0,17,3,1,41.99068682,-87.67010939,POINT (-87.670109387671 41.990686821513)
012dac049daeccceeb8a5218522db61c15636faf4862ff799390208e344e4b4e6de4e0f525f93d29bb84394ac90c57e5da5b18d047e2d3de1dd7364cc20052ff,JG140475,,1/31/2023 18:30,30,NO CONTROLS,NO CONTROLS,UNKNOWN,"DARKNESS, LIGHTED ROAD",TURNING,DIVIDED - W/MEDIAN (NOT RAISED),,STRAIGHT AND LEVEL,UNKNOWN,UNKNOWN,NOT ON SCENE (DESK REPORT),NO INJURY / DRIVE AWAY,,,,"OVER $1,500",2/4/2023 14:05,UNABLE TO DETERMINE,NOT APPLICABLE,5700,W,FULLERTON AVE,2515,,,,,,,2,NO INDICATION OF INJURY,0,0,0,0,0,2,0,18,3,1,41.92405115,-87.76848554,POINT (-87.768485539921 41.924051148079)
04ece11856f7f84d115e17b5c56ed966a0e3f435c618377bcbd2765ed52fb06be26ca70fb3e9fb3f3b063b897b5689eb86e01613f3a380b4dc6adf47012c35ca,HZ554685,,12/17/2016 8:00,30,NO CONTROLS,NO CONTROLS,CLEAR,DAYLIGHT,PARKED MOTOR VEHICLE,DIVIDED - W/MEDIAN (NOT RAISED),2,STRAIGHT AND LEVEL,WET,NO DEFECTS,NOT ON SCENE (DESK REPORT),NO INJURY / DRIVE AWAY,,,,$500 OR LESS,12/17/2016 8:24,UNABLE TO DETERMINE,UNABLE TO DETERMINE,1653,W,CONGRESS PKWY,1231,,,,,,,2,NO INDICATION OF INJURY,0,0,0,0,0,1,0,8,7,12,41.87503334,-87.668753,POINT (-87.668753001303 41.875033341441)
067ecf23680517865d36c12a485e52282b3616450a2b02d0a16828c86aec04b2f04203abcef479ea8337cc7376aca25aa9cda4ffba4e858198478f3e112efd18,JF523534,,12/26/2022 21:31,15,UNKNOWN,UNKNOWN,CLEAR,UNKNOWN,SIDESWIPE SAME DIRECTION,OTHER,,STRAIGHT AND LEVEL,UNKNOWN,UNKNOWN,NOT ON SCENE (DESK REPORT),NO INJURY / DRIVE AWAY,,,,$500 OR LESS,12/26/2022 22:30,UNABLE TO DETERMINE,UNABLE TO DETERMINE,5700,S,CICERO AVE,813,,,,,,,2,NO INDICATION OF INJURY,0,0,0,0,0,2,0,21,2,12,41.78932932,-87.74164564,POINT (-87.741645644196 41.789329323265)
0393d9c05bd560c80d1de9eacdd8b03b8e97aa9352e05c063b6a974ec63d04bec6792d919a4bf9b173421dbbd0f2eadd389382df47ede1ecfd1244270172c167,JA433937,,9/16/2017 16:03,30,UNKNOWN,NO CONTROLS,CLEAR,DAYLIGHT,ANGLE,DIVIDED - W/MEDIAN (NOT RAISED),4,STRAIGHT AND LEVEL,DRY,NO DEFECTS,ON SCENE,NO INJURY / DRIVE AWAY,Y,,,"OVER $1,500",9/16/2017 16:10,UNABLE TO DETERMINE,NOT APPLICABLE,3000,W,PALMER BLVD,1414,,,,,,,2,NO INDICATION OF INJURY,0,0,0,0,0,3,0,16,7,9,41.92161169,-87.70237965,POINT (-87.702379651845 41.921611692897)
02c511aaf153c67a33f711039d6fff1f4acbab568a994d4d130bef1485f9522d0250667f9633639f28d1d8ae0a02fe95487bbf4b1303a5589cf8765ad63c9431,JB567718,,12/26/2018 12:05,30,NO CONTROLS,NO CONTROLS,CLEAR,DAYLIGHT,REAR END,DIVIDED - W/MEDIAN (NOT RAISED),2,STRAIGHT AND LEVEL,DRY,NO DEFECTS,ON SCENE,INJURY AND / OR TOW DUE TO CRASH,Y,,,"OVER $1,500",12/26/2018 12:06,FOLLOWING TOO CLOSELY,FAILING TO REDUCE SPEED TO AVOID CRASH,2550,W,MADISON ST,1222,,Y,,,,,2,NONINCAPACITATING INJURY,1,0,0,1,0,2,0,12,4,12,41.88123342,-87.69038959,POINT (-87.690389586208 41.881233423719)
01d00ff117647b6c6f2011b88a930fb3f52d3436c09f48f5805344f08e2bc6012fdba61614c11bfb23fddd5baf024a16b3ed0d9fed3f939047bae733f8a878dc,HZ366555,,7/27/2016 11:15,30,TRAFFIC SIGNAL,FUNCTIONING PROPERLY,CLEAR,DAYLIGHT,TURNING,NOT DIVIDED,2,STRAIGHT AND LEVEL,UNKNOWN,UNKNOWN,NOT ON SCENE (DESK REPORT),NO INJURY / DRIVE AWAY,Y,,,$500 OR LESS,7/27/2016 11:25,UNABLE TO DETERMINE,UNABLE TO DETERMINE,5900,N,SHERIDAN RD,2022,,,,,,,2,NO INDICATION OF INJURY,0,0,0,0,0,2,0,11,4,7,41.98925038,-87.65550675,POINT (-87.655506749074 41.989250381963)
099a7149012b4e4b3e7bee69a392a0bf83f2a2e05e98edcbc582f40b1f384d3adb460f488e57e9793eaef757e852a5f881ca8b7f25645716e9e2653121cc8b21,JC368817,Y,7/28/2019 20:50,30,TRAFFIC SIGNAL,FUNCTIONING IMPROPERLY,CLEAR,"DARKNESS, LIGHTED ROAD",TURNING,DIVIDED - W/MEDIAN (NOT RAISED),,STRAIGHT AND LEVEL,DRY,NO DEFECTS,,NO INJURY / DRIVE AWAY,,,N,"OVER $1,500",7/28/2019 21:27,IMPROPER OVERTAKING/PASSING,NOT APPLICABLE,807,W,79TH ST,621,,,,,,,2,NO INDICATION OF INJURY,0,0,0,0,0,3,0,20,1,7,41.7505274,-87.64435404,POINT (-87.644354038968 41.750527396655)
0b1ef777798154082bd9a151400ae085c4c58901ad7f415a38356f0275bd7a4d5804747ffcb1d8bbb5b5f8de9fe3d776bf3b5bbdbb6bf4d3cde21d10a8b360d9,JF277037,,6/12/2022 15:35,30,TRAFFIC SIGNAL,FUNCTIONING IMPROPERLY,CLEAR,DAYLIGHT,SIDESWIPE SAME DIRECTION,FOUR WAY,,STRAIGHT AND LEVEL,DRY,UNKNOWN,ON SCENE,NO INJURY / DRIVE AWAY,,,Y,"$501 - $1,500",6/12/2022 16:23,UNABLE TO DETERMINE,NOT APPLICABLE,3200,W,87TH ST,834,,,,,,,2,NO INDICATION OF INJURY,0,0,0,0,0,6,0,15,1,6,41.73529567,-87.70221902,POINT (-87.702219018846 41.735295669627)
0667f5e613929ae6f5cd3925b80178050f74fcdfe2f9d2f3d29dc754933f3b10a16900f5e44e65e436c720421adaa67561a2b7a01246c4206e9a28c8e2e22756,JA110935,,1/10/2017 17:32,30,TRAFFIC SIGNAL,FUNCTIONING PROPERLY,RAIN,DUSK,REAR END,NOT DIVIDED,2,STRAIGHT AND LEVEL,WET,NO DEFECTS,NOT ON SCENE (DESK REPORT),NO INJURY / DRIVE AWAY,,,,"OVER $1,500",1/10/2017 17:52,FOLLOWING TOO CLOSELY,NOT APPLICABLE,5749,N,CUMBERLAND AVE,1614,,,,,,,2,NO INDICATION OF INJURY,0,0,0,0,0,3,0,17,3,1,41.98413457,-87.836434,POINT (-87.836434003035 41.984134565931)
0450f290b7c2b1d010e988b62c232d06b0e3eb787b790e2b6c2b79137af3f9a1902e8b8296a7ecd4ca5ca14ef8bfe2d7930e5bfbe3edb0781c22145be9dfbd15,JB231874,,4/20/2018 23:15,20,NO CONTROLS,NO CONTROLS,CLEAR,"DARKNESS, LIGHTED ROAD",PARKED MOTOR VEHICLE,ONE-WAY,1,STRAIGHT AND LEVEL,DRY,NO DEFECTS,ON SCENE,INJURY AND / OR TOW DUE TO CRASH,,,,"OVER $1,500",4/20/2018 23:15,DISTRACTION - FROM INSIDE VEHICLE,NOT APPLICABLE,1020,N,MAYFIELD AVE,1511,,,,,,,3,NO INDICATION OF INJURY,0,0,0,0,0,1,0,23,6,4,41.89904274,-87.77298945,POINT (-87.772989450595 41.899042738622)