CRASH_RECORD_ID,RD_NO,CRASH_DATE_EST_I,CRASH_DATE,POSTED_SPEED_LIMIT,TRAFFIC_CONTROL_DEVICE,DEVICE_CONDITION,WEATHER_CONDITION,LIGHTING_CONDITION,FIRST_CRASH_TYPE,TRAFFICWAY_TYPE,LANE_CNT,ALIGNMENT,ROADWAY_SURFACE_COND,ROAD_DEFECT,REPORT_TYPE,CRASH_TYPE,INTERSECTION_RELATED_I,NOT_RIGHT_OF_WAY_I,HIT_AND_RUN_I,DAMAGE,DATE_POLICE_NOTIFIED,PRIM_CONTRIBUTORY_CAUSE,SEC_CONTRIBUTORY_CAUSE,STREET_NO,STREET_DIRECTION,STREET_NAME,BEAT_OF_OCCURRENCE,PHOTOS_TAKEN_I,STATEMENTS_TAKEN_I,DOORING_I,WORK_ZONE_I,WORK_ZONE_TYPE,WORKERS_PRESENT_I,NUM_UNITS,MOST_SEVERE_INJURY,INJURIES_TOTAL,INJURIES_FATAL,INJURIES_INCAPACITATING,INJURIES_NON_INCAPACITATING,INJURIES_REPORTED_NOT_EVIDENT,INJURIES_NO_INDICATION,INJURIES_UNKNOWN,CRASH_HOUR,CRASH_DAY_OF_WEEK,CRASH_MONTH,LATITUDE,LONGITUDE,LOCATION
08f860a03b230764bef85be8ebd9f2d75d3e16f99d6c9ea0020fc8c7949a81c498bf8285231c33f357cf699a8cef231a415bb37d0f87808ca78fd599c586f1f6,JA447237,,9/26/2017 9:20,0,NO CONTROLS,NO CONTROLS,CLEAR,DAYLIGHT,SIDESWIPE SAME DIRECTION,PARKING LOT,1,STRAIGHT AND LEVEL,DRY,NO DEFECTS,ON SCENE,NO INJURY / DRIVE AWAY,,Y,,"$501 - $1,500",9/26/2017 10:11,DRIVING SKILLS/KNOWLEDGE/EXPERIENCE,NOT APPLICABLE,2019,W,79TH ST,611,,,,,,,3,NO INDICATION OF INJURY,0,0,0,0,0,2,0,9,3,9,41.75011317,-87.6738986,POINT (-87.673898598534 41.750113166349)
028b05f217863563fd73d2fa329fc031e1a0409482dd468f3985ac818bdb223ade59e0b9d62a5e3a2fcca15ea80968fe9ceb4c9a5ea21a1c8e4140b3b5d9f7a3,JG187978,,3/16/2023 15:00,30,TRAFFIC SIGNAL,FUNCTIONING PROPERLY,CLOUDY/OVERCAST,DAYLIGHT,TURNING,NOT DIVIDED,,STRAIGHT AND LEVEL,DRY,NO DEFECTS,NOT ON SCENE (DESK REPORT),NO INJURY / DRIVE AWAY,,,,"$501 - $1,500",3/16/2023 16:00,IMPROPER TURNING/NO SIGNAL,IMPROPER TURNING/NO SIGNAL,2405,S,BLUE ISLAND AVE,1034,,,,,,,2,NO INDICATION OF INJURY,0,0,0,0,0,2,0,15,5,3,41.84849258,-87.67553866,POINT (-87.675538659126 41.848492582236)
057abae8408a04209287bac74408a39121520744f94e7b80e8d4f259aaaa8413d84c034ba6f33c6a96dec320477c3130ab029ad1db3cc2c942b7c148eafa2a37,JC141612,,2/5/2019 16:00,30,NO CONTROLS,NO CONTROLS,CLEAR,DUSK,ANGLE,ALLEY,,STRAIGHT AND LEVEL,DRY,NO DEFECTS,NOT ON SCENE (DESK REPORT),NO INJURY / DRIVE AWAY,,,,"$501 - $1,500",2/5/2019 19:09,NOT APPLICABLE,NOT APPLICABLE,5500,S,FAIRFIELD AVE,824,,,,,,,2,NO INDICATION OF INJURY,0,0,0,0,0,2,0,16,3,2,41.79362148,-87.69272591,POINT (-87.692725913927 41.793621482393)
03fba687ebba0d1ede445db438f4ae8ca7f0b21b2ebbfe9d4b1b90a87d77d6a2cabf499a5803970a029f6a7919ae3193ff651b1d9d4051dd82d4b3c845ad0fcb,JA166941,,2/25/2017 14:22,30,NO CONTROLS,NO CONTROLS,CLEAR,DAYLIGHT,TURNING,NOT DIVIDED,,STRAIGHT AND LEVEL,DRY,NO DEFECTS,NOT ON SCENE (DESK REPORT),INJURY AND / OR TOW DUE TO CRASH,,,,"OVER $1,500",2/25/2017 15:23,NOT APPLICABLE,NOT APPLICABLE,4385,S,ARCHER AVE,821,,,,,,,2,NO INDICATION OF INJURY,0,0,0,0,0,3,0,14,7,2,41.81369495,-87.70465802,POINT (-87.704658015436 41.813694950921)
08c3b17c811db2266b0d4e71eb182e6ef3730abf10a575891d60fabedb02b9f533c840d06b6a6ce170a14fa6862b48679aacad19082fa33e2efd20526241c766,JB345164,,7/11/2018 13:30,30,TRAFFIC SIGNAL,FUNCTIONING PROPERLY,CLEAR,DAYLIGHT,TURNING,NOT DIVIDED,2,STRAIGHT AND LEVEL,DRY,NO DEFECTS,NOT ON SCENE (DESK REPORT),NO INJURY / DRIVE AWAY,,,,$500 OR LESS,7/11/2018 14:00,NOT APPLICABLE,NOT APPLICABLE,2000,W,69TH ST,726,,,,,,,2,NO INDICATION OF INJURY,0,0,0,0,0,2,0,13,4,7,41.76854893,-87.67374952,POINT (-87.673749517646 41.768548932083)
0264e6ef86c765909eed6788dab58a419171694c74fb95c5c81d27653f2b88abed339a63989b3acc8c7595de47868837057e2a26a5eca7d7c76807bec53567b1,JC538656,,12/7/2019 21:50,30,TRAFFIC SIGNAL,FUNCTIONING PROPERLY,CLEAR,"DARKNESS, LIGHTED ROAD",ANGLE,FOUR WAY,,STRAIGHT AND LEVEL,DRY,NO DEFECTS,ON SCENE,INJURY AND / OR TOW DUE TO CRASH,Y,,,"OVER $1,500",12/7/2019 21:52,DISREGARDING TRAFFIC SIGNALS,UNDER THE INFLUENCE OF ALCOHOL/DRUGS (USE WHEN ARREST IS EFFECTED),3000,W,MADISON ST,1222,,,,,,,3,NONINCAPACITATING INJURY,1,0,0,1,0,1,0,21,7,12,41.88113513,-87.70125091,POINT (-87.701250913492 41.881135134187)
02981c910fdfd72cacb23f0adf6c0e9e3f6e32e676a696f99e3ce6d5d88a3c8f8af4980788add4e72d7a74e1d98e403060d313d71eb3fa10d75f2bb38f6502b5,HZ223267,,4/12/2016 14:45,30,NO CONTROLS,NO CONTROLS,CLEAR,DAYLIGHT,SIDESWIPE SAME DIRECTION,ONE-WAY,4,STRAIGHT AND LEVEL,DRY,NO DEFECTS,NOT ON SCENE (DESK REPORT),NO INJURY / DRIVE AWAY,,,,"OVER $1,500",4/12/2016 15:30,DRIVING SKILLS/KNOWLEDGE/EXPERIENCE,NOT APPLICABLE,140,W,RANDOLPH ST,122,,,,,,,2,NO INDICATION OF INJURY,0,0,0,0,0,3,0,14,3,4,41.88458269,-87.6321357,POINT (-87.632135696568 41.88458269043)
019358aaf06b69555b7f7740f558669f3c4ac37096e29c34bda800e473108d705e9a9dd662ffb41a47da3bd53d5a5aba3847882e63cfdcc83bc4cf7e72f2ee70,JA438071,,9/19/2017 16:27,30,TRAFFIC SIGNAL,FUNCTIONING PROPERLY,CLEAR,DAYLIGHT,TURNING,DIVIDED - W/MEDIAN (NOT RAISED),0,STRAIGHT AND LEVEL,DRY,NO DEFECTS,ON SCENE,INJURY AND / OR TOW DUE TO CRASH,Y,,,"OVER $1,500",9/19/2017 16:27,UNABLE TO DETERMINE,NOT APPLICABLE,2799,S,ARCHER AVE,913,,,,,,,2,NONINCAPACITATING INJURY,1,0,0,1,0,2,0,16,3,9,41.84342479,-87.65399866,POINT (-87.653998661037 41.843424793816)
06d370bd1dee5461baeab1b1ebc80045e196891fafd7667e9c585ba3a6579d750ecde5f6cd04a18f0567a33af7f8613ca7d533fdbb52d52c434b96f4d659dec7,JA155078,,2/15/2017 17:37,30,TRAFFIC SIGNAL,FUNCTIONING PROPERLY,CLEAR,"DARKNESS, LIGHTED ROAD",PEDESTRIAN,NOT DIVIDED,6,STRAIGHT AND LEVEL,DRY,NO DEFECTS,ON SCENE,INJURY AND / OR TOW DUE TO CRASH,Y,,,$500 OR LESS,2/15/2017 17:37,FAILING TO YIELD RIGHT-OF-WAY,NOT APPLICABLE,150,N,STATE ST,111,,,,,,,2,NONINCAPACITATING INJURY,1,0,0,1,0,1,0,17,4,2,41.88452056,-87.62805828,POINT (-87.628058282128 41.8845205564)
03005da0484b3ad8777d368ab9670511fb36e0d6f3257a959f7f78cea4e527612841b10bf471995a8fd4f63fac6a37a340ebf57563ee34f8359cb7bf84e9170c,JE332889,Y,8/10/2021 13:00,10,NO CONTROLS,NO CONTROLS,CLEAR,DAYLIGHT,PARKED MOTOR VEHICLE,PARKING LOT,,STRAIGHT AND LEVEL,DRY,UNKNOWN,NOT ON SCENE (DESK REPORT),NO INJURY / DRIVE AWAY,,,Y,"$501 - $1,500",8/10/2021 16:00,UNABLE TO DETERMINE,NOT APPLICABLE,2555,N,NORMANDY AVE,2512,,,,,,,2,NO INDICATION OF INJURY,0,0,0,0,0,1,0,13,3,8,41.92692481,-87.79275105,POINT (-87.792751048065 41.926924805601)
07144bbce6060a9366307acb23e85d3f0e7cc8d22a9b33ec4d8071fef0b782a884ba11bbb4c6e3bade6ab90806d35591a40cbcbd0c2daa90b74660f47a20e7e2,JG248807,,5/4/2023 10:45,30,TRAFFIC SIGNAL,FUNCTIONING PROPERLY,CLEAR,DAYLIGHT,SIDESWIPE SAME DIRECTION,FOUR WAY,,STRAIGHT AND LEVEL,DRY,NO DEFECTS,NOT ON SCENE (DESK REPORT),NO INJURY / DRIVE AWAY,,,,"OVER $1,500",5/5/2023 10:30,FAILING TO YIELD RIGHT-OF-WAY,FAILING TO YIELD RIGHT-OF-WAY,7155,W,ARCHER AVE,811,,,,,,,2,NO INDICATION OF INJURY,0,0,0,0,0,2,0,10,5,5,41.79183438,-87.80121615,POINT (-87.801216148265 41.791834377613)
02e7a18ee5d533a9a616df3e1d5f6088bc2cbd29dfcd5cd63583cf5e35f681160e7fc0790746d132758fad4bf12bbb69cc56683e16843106bed67944677ef9a5,JD113577,Y,1/12/2020 22:50,30,NO CONTROLS,NO CONTROLS,FREEZING RAIN/DRIZZLE,"DARKNESS, LIGHTED ROAD",ANGLE,NOT DIVIDED,,STRAIGHT AND LEVEL,WET,NO DEFECTS,ON SCENE,INJURY AND / OR TOW DUE TO CRASH,,,,"OVER $1,500",1/12/2020 23:52,IMPROPER TURNING/NO SIGNAL,NOT APPLICABLE,301,E,131ST PL,533,,,,,,,2,NO INDICATION OF INJURY,0,0,0,0,0,5,0,22,1,1,41.65622716,-87.61482497,POINT (-87.61482497018 41.656227163566)
0279b65427fdb6e8cd35de1b1c67421dfd137af8d7195d35e0baf2b6091b029067e32961753b045ee74292d54d9e81557db635f82c7954bbb7c3e9f1a89890d3,JC383099,,8/7/2019 18:13,25,TRAFFIC SIGNAL,FUNCTIONING PROPERLY,CLEAR,DAYLIGHT,TURNING,FOUR WAY,,STRAIGHT AND LEVEL,DRY,NO DEFECTS,NOT ON SCENE (DESK REPORT),NO INJURY / DRIVE AWAY,Y,,,"OVER $1,500",8/7/2019 19:30,IMPROPER TURNING/NO SIGNAL,FAILING TO YIELD RIGHT-OF-WAY,4320,W,FIFTH AVE,1131,,,,,,,2,NO INDICATION OF INJURY,0,0,0,0,0,4,0,18,4,8,41.87084922,-87.73355414,POINT (-87.733554135762 41.870849224089)
0b4d702b0885e08ebfd88e0f3f96ba14943cce89019a20ff92d7eff0b42d46211e5f1b6d9880cc72da2129bdf2212a697137197344625f8c4271d126b1f4a9c5,JC529312,,11/30/2019 7:00,30,NO CONTROLS,NO CONTROLS,RAIN,DAYLIGHT,PARKED MOTOR VEHICLE,ONE-WAY,,STRAIGHT AND LEVEL,WET,NO DEFECTS,ON SCENE,NO INJURY / DRIVE AWAY,,,Y,"OVER $1,500",11/30/2019 10:20,UNABLE TO DETERMINE,UNABLE TO DETERMINE,4104,S,EMERALD AVE,925,,,,,,,2,NO INDICATION OF INJURY,0,0,0,0,0,1,0,7,7,11,41.82011375,-87.64476004,POINT (-87.644760042997 41.820113749777)
0382a9c758afd6d595c83f3e8453583cd17d9d3e6c73411e9cde0a1857b8a6e9c73caac3b5fb40961f24294bde678ae8c4be3c3019df529e3fbf0a3954fcd3b8,JE240926,,5/24/2021 11:07,30,NO CONTROLS,NO CONTROLS,CLEAR,DAYLIGHT,PARKED MOTOR VEHICLE,DIVIDED - W/MEDIAN (NOT RAISED),,STRAIGHT AND LEVEL,DRY,NO DEFECTS,ON SCENE,NO INJURY / DRIVE AWAY,,,Y,"$501 - $1,500",5/24/2021 11:20,NOT APPLICABLE,UNABLE TO DETERMINE,3900,W,79TH ST,833,,,,,,,2,NO INDICATION OF INJURY,0,0,0,0,0,1,0,11,2,5,41.74970292,-87.72037958,POINT (-87.720379581144 41.749702918023)
04988595a5614480faee4b53336c04d0a505e4d7cc6278d0eaa392100f93e41a402dc735856a643f073765128917a8eb102a9124dcd19f4d91abc45df6736850,JB199159,,3/25/2018 11:30,30,TRAFFIC SIGNAL,FUNCTIONING PROPERLY,CLEAR,DAYLIGHT,TURNING,NOT DIVIDED,4,STRAIGHT AND LEVEL,DRY,NO DEFECTS,ON SCENE,NO INJURY / DRIVE AWAY,,,Y,$500 OR LESS,3/25/2018 13:30,UNABLE TO DETERMINE,UNABLE TO DETERMINE,4100,S,PULASKI RD,815,,,,,,,2,NO INDICATION OF INJURY,0,0,0,0,0,2,0,11,1,3,41.81834902,-87.72409641,POINT (-87.724096405469 41.818349016985)
0ad75dfd3f7c2fcf787f7a7ff7b99cab17bfc9445b1e8bf6c25917febd63047039cf588b657432d11516e81ede11cca633851c59ce288354aa4e9267be7420aa,JF354622,,8/12/2022 20:35,30,TRAFFIC SIGNAL,FUNCTIONING PROPERLY,CLEAR,"DARKNESS, LIGHTED ROAD",REAR END,DIVIDED - W/MEDIAN (NOT RAISED),,STRAIGHT AND LEVEL,DRY,UNKNOWN,ON SCENE,NO INJURY / DRIVE AWAY,,,,"OVER $1,500",8/12/2022 20:35,FOLLOWING TOO CLOSELY,FAILING TO REDUCE SPEED TO AVOID CRASH,6658,W,GRAND AVE,2512,,,,,,,2,NO INDICATION OF INJURY,0,0,0,0,0,3,0,20,6,8,41.92372832,-87.79277661,POINT (-87.792776613874 41.923728323715)
0a993cef5be459a2a31e9c6da78ae2be41da3df2f2804b9a78cc8fa8bba85a24361308365227de8a4937aa88e54f2e4643ffaf1db3253eb8c7fe293d1ea7e5c0,JB461994,,10/4/2018 8:30,30,NO CONTROLS,NO CONTROLS,CLOUDY/OVERCAST,DAYLIGHT,FIXED OBJECT,DIVIDED - W/MEDIAN BARRIER,6,STRAIGHT AND LEVEL,DRY,WORN SURFACE,ON SCENE,INJURY AND / OR TOW DUE TO CRASH,,,,"OVER $1,500",10/4/2018 8:41,UNABLE TO DETERMINE,UNABLE TO DETERMINE,340,W,GARFIELD BLVD,935,,,,,,,1,NO INDICATION OF INJURY,0,0,0,0,0,1,0,8,5,10,41.79460152,-87.63461341,POINT (-87.634613411391 41.794601516356)
0a7988bf8e7d9cd372413bdb6aeac6532b5c4710d047ef5862a57403cf998f6e94e2a3b0bd75a140019c407d17d1df4a8aea325ad2c41fd6034bd463def32e85,JG222312,,4/13/2023 18:00,5,NO CONTROLS,NO CONTROLS,CLEAR,DAYLIGHT,REAR END,ONE-WAY,,STRAIGHT AND LEVEL,WET,NO DEFECTS,NOT ON SCENE (DESK REPORT),NO INJURY / DRIVE AWAY,,,,"OVER $1,500",4/13/2023 19:14,UNABLE TO DETERMINE,NOT APPLICABLE,2146,S,ROCKWELL ST,1023,,,,,,,2,NO INDICATION OF INJURY,0,0,0,0,0,2,0,18,5,4,41.85235348,-87.69070143,POINT (-87.690701429284 41.85235348338)
028ed473d241f44a0ab25f2b60de8292c908d85670d1fcfb55faf3759def45c6d85afe8f59a8388a8d32f9a24a546f995052b8758c1d1100f174f994d1141563,HY516690,,11/24/2015 18:00,30,NO CONTROLS,NO CONTROLS,CLEAR,DARKNESS,OTHER NONCOLLISION,NOT DIVIDED,2,STRAIGHT AND LEVEL,DRY,"RUT, HOLES",NOT ON SCENE (DESK REPORT),NO INJURY / DRIVE AWAY,,,,$500 OR LESS,11/27/2015 15:49,ROAD CONSTRUCTION/MAINTENANCE,NOT APPLICABLE,7100,S,WOODLAWN AVE,324,,,,,,,1,NO INDICATION OF INJURY,0,0,0,0,0,1,0,18,3,11,41.76585804,-87.59598843,POINT (-87.595988427317 41.765858035771)
0c8834d3be5c27cc41748d2a31c59a3b08ecaa630b4c9850b246bb844799265c05552f9bc83ed01f336db8b7aabe2fee9f94ea5081f874e98451802fd6087e62,JB108762,,1/8/2018 14:30,30,STOP SIGN/FLASHER,FUNCTIONING PROPERLY,CLEAR,DAYLIGHT,PEDESTRIAN,DIVIDED - W/MEDIAN (NOT RAISED),2,STRAIGHT AND LEVEL,DRY,NO DEFECTS,ON SCENE,INJURY AND / OR TOW DUE TO CRASH,Y,,,"OVER $1,500",1/8/2018 14:40,FAILING TO YIELD RIGHT-OF-WAY,FAILING TO REDUCE SPEED TO AVOID CRASH,2600,S,HALSTED ST,913,,,,,,,2,NONINCAPACITATING INJURY,1,0,0,1,0,1,0,14,2,1,41.8452854,-87.64659508,POINT (-87.646595078608 41.845285396803)
06fc7365229b76841d826271b30709bc66d44e3942fa7d60f46b85f8d02bc09387faa0aa9ed54f5a5a61967438e5e7625683ea73092d80c8b9231aae410435bf,JA548531,,12/14/2017 7:20,30,NO CONTROLS,NO CONTROLS,CLEAR,DAYLIGHT,TURNING,NOT DIVIDED,4,STRAIGHT AND LEVEL,DRY,NO DEFECTS,ON SCENE,INJURY AND / OR TOW DUE TO CRASH,,,,"OVER $1,500",12/14/2017 7:30,UNABLE TO DETERMINE,NOT APPLICABLE,6140,N,CENTRAL AVE,1621,,,,,,,2,"REPORTED, NOT EVIDENT",1,0,0,0,1,3,0,7,5,12,41.99375762,-87.76525932,POINT (-87.765259318095 41.99375761507)
07daeaf0663ab8299118ed995856d7f6ed1d40dd72d421c8b1efc80b0fb76a61c4b3f45edabb1cb9f0af11fd94a2ec2e6c3888b5e6890a866730b74bed067504,JA489683,,10/22/2017 20:00,25,TRAFFIC SIGNAL,FUNCTIONING PROPERLY,RAIN,"DARKNESS, LIGHTED ROAD",REAR END,DIVIDED - W/MEDIAN (NOT RAISED),,STRAIGHT AND LEVEL,WET,NO DEFECTS,NOT ON SCENE (DESK REPORT),NO INJURY / DRIVE AWAY,,,,"OVER $1,500",10/28/2017 16:40,EXCEEDING SAFE SPEED FOR CONDITIONS,FOLLOWING TOO CLOSELY,131,W,CONGRESS PKWY,123,,,,,,,2,NO INDICATION OF INJURY,0,0,0,0,0,3,0,20,1,10,41.87548668,-87.6317932,POINT (-87.631793201142 41.875486677706)
0ac3b8cb781c042173e1b855dfab129552827cb2f751fd200eb306fda583d94e8007107c7195e5fac94cb9a9b3d9a787faabed8c61209cc13a6747a893a484df,JD466266,,12/21/2020 15:30,30,TRAFFIC SIGNAL,FUNCTIONING PROPERLY,CLEAR,DAYLIGHT,SIDESWIPE SAME DIRECTION,NOT DIVIDED,,STRAIGHT AND LEVEL,DRY,NO DEFECTS,NOT ON SCENE (DESK REPORT),INJURY AND / OR TOW DUE TO CRASH,Y,,Y,"OVER $1,500",12/22/2020 12:00,UNABLE TO DETERMINE,NOT APPLICABLE,7500,S,DR MARTIN LUTHER KING JR DR,623,,,,,,,2,"REPORTED, NOT EVIDENT",1,0,0,0,1,1,0,15,2,12,41.75831465,-87.61526504,POINT (-87.615265042581 41.758314648927)
0392c20f74a45773fe750de044d75a7096480bd80abfdd145b396ced2044984b18e6f019be5bb63f4d458c40e46d99d8098963582d53d7dfe356c63722d38cf2,JD461976,,12/17/2020 18:50,30,TRAFFIC SIGNAL,FUNCTIONING PROPERLY,CLEAR,"DARKNESS, LIGHTED ROAD",REAR END,NOT DIVIDED,,STRAIGHT AND LEVEL,DRY,NO DEFECTS,ON SCENE,NO INJURY / DRIVE AWAY,,,Y,"OVER $1,500",12/17/2020 18:51,FAILING TO REDUCE SPEED TO AVOID CRASH,FOLLOWING TOO CLOSELY,5401,W,IRVING PARK RD,1633,,,,,,,2,NO INDICATION OF INJURY,0,0,0,0,0,2,0,18,5,12,41.95313059,-87.76219518,POINT (-87.762195180914 41.953130584956)
0207feaf8ec3c1e166dc2ea25c8de83cc1e6e423a09edd80b827b019ec3d8bc168d16321e465f843b79051a99dd3247c39de6247ab6da6f361c71359a688fb35,JD246729,,5/29/2020 16:30,30,NO CONTROLS,NO CONTROLS,CLEAR,DAYLIGHT,PARKED MOTOR VEHICLE,NOT DIVIDED,,STRAIGHT AND LEVEL,DRY,NO DEFECTS,ON SCENE,INJURY AND / OR TOW DUE TO CRASH,,,Y,"$501 - $1,500",5/29/2020 16:45,UNABLE TO DETERMINE,UNABLE TO DETERMINE,19,S,HOYNE AVE,1223,,,,,,,2,NO INDICATION OF INJURY,0,0,0,0,0,1,0,16,6,5,41.88066053,-87.67892767,POINT (-87.678927671426 41.880660531004)
0bf34f84d029af5cbc292a08dc59b5a29fd931c9b1cf9946ce90afdab9eeb3bf2fc1e605559f20045db3ac01d380c589e0d863c175619d58adc9f3d67dd7996f,JF221176,,4/26/2022 19:30,25,NO CONTROLS,NO CONTROLS,CLEAR,DUSK,REAR TO FRONT,FOUR WAY,,STRAIGHT AND LEVEL,DRY,NO DEFECTS,ON SCENE,NO INJURY / DRIVE AWAY,Y,,,"OVER $1,500",4/26/2022 19:36,NOT APPLICABLE,NOT APPLICABLE,2504,W,BALMORAL AVE,2011,N,,,,,,2,NO INDICATION OF INJURY,0,0,0,0,0,2,0,19,3,4,41.97962392,-87.69197722,POINT (-87.691977217602 41.979623915439)
07a1da97e5e1bfbe5bbfd429fea97e153e7666b17a98459ab53813ac6458f0f1160498fd78602da1bfd55cddb4d26675c34ec8648b10280f89e241c84b9d0cb2,JD358942,,9/6/2020 19:15,15,NO CONTROLS,NO CONTROLS,CLEAR,DARKNESS,PARKED MOTOR VEHICLE,ALLEY,,STRAIGHT AND LEVEL,DRY,NO DEFECTS,NOT ON SCENE (DESK REPORT),NO INJURY / DRIVE AWAY,,,,$500 OR LESS,9/6/2020 20:41,"VISION OBSCURED (SIGNS, TREE LIMBS, BUILDINGS, ETC.)",DRIVING SKILLS/KNOWLEDGE/EXPERIENCE,215,W,COUCH PL,122,,,,,,,2,NO INDICATION OF INJURY,0,0,0,0,0,1,0,19,1,9,41.88498988,-87.63437428,POINT (-87.634374274988 41.88498987598)
01861a7cbdaac2c3702b8016ed0c56e9ef8f33e72fd5e221fa48c9544a72f6eb62b8a317655f7ef602b31aa0942f9fdcf3d9adcb19f4ae052fcb21c01250f2f8,JC291621,Y,6/4/2019 12:25,30,NO CONTROLS,NO CONTROLS,CLEAR,DAYLIGHT,PARKED MOTOR VEHICLE,NOT DIVIDED,,STRAIGHT AND LEVEL,DRY,NO DEFECTS,ON SCENE,NO INJURY / DRIVE AWAY,,,Y,"$501 - $1,500",6/4/2019 12:45,UNABLE TO DETERMINE,UNABLE TO DETERMINE,1527,W,HUBBARD ST,1215,,,,,,,2,NO INDICATION OF INJURY,0,0,0,0,0,1,0,12,3,6,41.88978259,-87.66662077,POINT (-87.666620764823 41.889782590173)
07ddd30865c5307f6dcef730d7aec8a5fa8cb1fb819dcc9d1284514b56f41a3d6c4468a9b870bfd482cdb2e3d1bafab21c0958d3f224d66a048cda125036977d,JD390670,,9/26/2020 12:30,30,NO CONTROLS,NO CONTROLS,CLEAR,DAYLIGHT,REAR END,NOT DIVIDED,,STRAIGHT AND LEVEL,UNKNOWN,UNKNOWN,NOT ON SCENE (DESK REPORT),NO INJURY / DRIVE AWAY,,,,"OVER $1,500",10/6/2020 15:20,UNABLE TO DETERMINE,UNABLE TO DETERMINE,1901,W,LAWRENCE AVE,1912,,,,,,,2,NO INDICATION OF INJURY,0,0,0,0,0,2,0,12,7,9,41.96868409,-87.6762767,POINT (-87.676276700603 41.968684090266)
02000f6818df4c6e6f328dc00fb65c268863a8a0e6b3616fc93d425bb4b5aae76f8e7f1d88e9aea1cde654d5ca2bf937ea7c598c8f87edb4333f015b2d634ff8,JB244650,Y,4/30/2018 23:21,30,NO CONTROLS,NO CONTROLS,CLEAR,"DARKNESS, LIGHTED ROAD",PARKED MOTOR VEHICLE,DIVIDED - W/MEDIAN (NOT RAISED),2,STRAIGHT AND LEVEL,DRY,NO DEFECTS,ON SCENE,INJURY AND / OR TOW DUE TO CRASH,,,,"OVER $1,500",4/30/2018 23:21,UNABLE TO DETERMINE,NOT APPLICABLE,11611,S,STATE ST,532,,,,,,,2,"REPORTED, NOT EVIDENT",1,0,0,0,1,0,0,23,2,4,41.68218691,-87.62264646,POINT (-87.622646458915 41.68218690688)
076389a66168ce70af6ef4048c6cc5d85fd5af326ad208f72767def3f6a7d6efd7e2ae67c08c54644ac5a0cf362c5c992aa69d4ef48875f660bfdaab91da1a8e,JA565556,,12/28/2017 12:40,30,NO CONTROLS,NO CONTROLS,CLOUDY/OVERCAST,DAYLIGHT,PARKED MOTOR VEHICLE,NOT DIVIDED,4,STRAIGHT AND LEVEL,WET,NO DEFECTS,,NO INJURY / DRIVE AWAY,,,,"OVER $1,500",12/28/2017 12:43,DISTRACTION - FROM OUTSIDE VEHICLE,UNABLE TO DETERMINE,5611,W,FULLERTON AVE,2515,,,,,,,2,NO INDICATION OF INJURY,0,0,0,0,0,1,0,12,5,12,41.92386442,-87.7665042,POINT (-87.766504199301 41.92386442042)
0b42caf020d58e1c872b27911bfe663f88c9c0b674f91ffab75a3392f7ca9592dc356fe65b72e030cd77c97e187307f22af1943d8a5d1d685f8e5f6e771e19e3,JE391420,,9/29/2021 8:39,20,NO CONTROLS,NO CONTROLS,CLEAR,DAYLIGHT,PEDALCYCLIST,NOT DIVIDED,,STRAIGHT AND LEVEL,DRY,NO DEFECTS,NOT ON SCENE (DESK REPORT),NO INJURY / DRIVE AWAY,,,,"$501 - $1,500",9/29/2021 10:15,UNABLE TO DETERMINE,UNABLE TO DETERMINE,11121,S,MAPLEWOOD AVE,2212,,,,,,,2,NO INDICATION OF INJURY,0,0,0,0,0,2,0,8,4,9,41.69110123,-87.68469658,POINT (-87.684696580511 41.691101224507)
04701449c59fc795b7952325b38dd2098786a47e53329082e129f0430fec6f076c2f6dc797d3a9495847564ff2d9b1430be33185763c7875a79c197e8ae758a4,JA272150,,5/20/2017 15:50,30,TRAFFIC SIGNAL,FUNCTIONING PROPERLY,CLEAR,DAYLIGHT,REAR END,NOT DIVIDED,,STRAIGHT AND LEVEL,DRY,NO DEFECTS,NOT ON SCENE (DESK REPORT),NO INJURY / DRIVE AWAY,,,,"$501 - $1,500",5/20/2017 16:38,UNABLE TO DETERMINE,NOT APPLICABLE,2634,E,100TH ST,431,,,,,,,2,NO INDICATION OF INJURY,0,0,0,0,0,7,0,15,7,5,41.7135479,-87.55964747,POINT (-87.559647470504 41.713547900261)
07be4f9253d576d99e5e1bfbfbcca6f877de9be097fa46b9c889accd4d0728e5979937de1093ada577638ef6241646a849b3d05d3dcf1fe5ea25de04de682a1b,JF518640,,12/21/2022 12:45,30,NO CONTROLS,NO CONTROLS,CLEAR,DAYLIGHT,HEAD ON,NOT DIVIDED,,STRAIGHT AND LEVEL,DRY,NO DEFECTS,ON SCENE,INJURY AND / OR TOW DUE TO CRASH,,,Y,"OVER $1,500",12/21/2022 12:49,PHYSICAL CONDITION OF DRIVER,UNABLE TO DETERMINE,3017,W,NORTH AVE,1423,,Y,,,,,2,NONINCAPACITATING INJURY,1,0,0,1,0,1,0,12,4,12,41.91005948,-87.70286871,POINT (-87.70286871298 41.910059480291)