CRASH_RECORD_ID,RD_NO,CRASH_DATE_EST_I,CRASH_DATE,POSTED_SPEED_LIMIT,TRAFFIC_CONTROL_DEVICE,DEVICE_CONDITION,WEATHER_CONDITION,LIGHTING_CONDITION,FIRST_CRASH_TYPE,TRAFFICWAY_TYPE,LANE_CNT,ALIGNMENT,ROADWAY_SURFACE_COND,ROAD_DEFECT,REPORT_TYPE,CRASH_TYPE,INTERSECTION_RELATED_I,NOT_RIGHT_OF_WAY_I,HIT_AND_RUN_I,DAMAGE,DATE_POLICE_NOTIFIED,PRIM_CONTRIBUTORY_CAUSE,SEC_CONTRIBUTORY_CAUSE,STREET_NO,STREET_DIRECTION,STREET_NAME,BEAT_OF_OCCURRENCE,PHOTOS_TAKEN_I,STATEMENTS_TAKEN_I,DOORING_I,WORK_ZONE_I,WORK_ZONE_TYPE,WORKERS_PRESENT_I,NUM_UNITS,MOST_SEVERE_INJURY,INJURIES_TOTAL,INJURIES_FATAL,INJURIES_INCAPACITATING,INJURIES_NON_INCAPACITATING,INJURIES_REPORTED_NOT_EVIDENT,INJURIES_NO_INDICATION,INJURIES_UNKNOWN,CRASH_HOUR,CRASH_DAY_OF_WEEK,CRASH_MONTH,LATITUDE,LONGITUDE,LOCATION
003e2985fb5f10e0409cf0c783b7e04c26409f6706498fa6413dc88c6de188719a4e090c4b40fd13458f113dd5b4c6a9745910df9e5870fec04950732cc97e21,JE455932,,11/24/2021 15:40,40,NO CONTROLS,NO CONTROLS,CLEAR,DAYLIGHT,SIDESWIPE SAME DIRECTION,DIVIDED - W/MEDIAN BARRIER,,STRAIGHT AND LEVEL,DRY,NO DEFECTS,ON SCENE,INJURY AND / OR TOW DUE TO CRASH,,,,"OVER $1,500",11/24/2021 15:55,IMPROPER OVERTAKING/PASSING,FAILING TO YIELD RIGHT-OF-WAY,5600,S,LAKE SHORE DR NB,331,,,,,,,2,NO INDICATION OF INJURY,0,0,0,0,0,2,0,15,4,11,41.79345625,-87.58031854,POINT (-87.580318541655 41.793456251099)
04a82dab834036bb250a2636744854fd4dccca091322a861b862e2dcd2c607f6f42e9935e358fcd8f88c590fd75ac7c03f43dfe37b32295d67004d09513f4048,JA205029,Y,3/29/2017 13:30,30,NO CONTROLS,NO CONTROLS,CLOUDY/OVERCAST,UNKNOWN,PARKED MOTOR VEHICLE,UNKNOWN,1,STRAIGHT AND LEVEL,DRY,UNKNOWN,NOT ON SCENE (DESK REPORT),NO INJURY / DRIVE AWAY,,,Y,"$501 - $1,500",3/29/2017 15:45,UNABLE TO DETERMINE,UNABLE TO DETERMINE,6941,S,WESTERN AVE,832,,,,,,,2,NO INDICATION OF INJURY,0,0,0,0,0,1,0,13,4,3,41.76711646,-87.68316294,POINT (-87.68316294094 41.767116464396)
0ca70a19cde5fb1833d690ad8345e0c0994a46151f7ed369d383bee4ad9a04beea196bd215028bb1b305f496900e85e80de5b4b3d8beab3cac8d1f2385f7ab48,JE342407,,8/19/2021 8:00,40,NO CONTROLS,NO CONTROLS,CLEAR,DAYLIGHT,SIDESWIPE SAME DIRECTION,DIVIDED - W/MEDIAN BARRIER,,STRAIGHT AND LEVEL,DRY,NO DEFECTS,NOT ON SCENE (DESK REPORT),NO INJURY / DRIVE AWAY,,,,"OVER $1,500",8/19/2021 10:00,IMPROPER OVERTAKING/PASSING,NOT APPLICABLE,6232,S,LAKE SHORE DR,331,,Y,,,,,2,NO INDICATION OF INJURY,0,0,0,0,0,2,0,8,5,8,41.78132031,-87.57507937,POINT (-87.575079365418 41.781320311894)
072e6b8fce43787a7217663fe59f431377e5e1608de7e32f5c62bac50891742c8a4d22cef58cbac6abd634027b63ff846dd75e569be4c34a6494f2b05fcd58ce,JB159635,,2/21/2018 3:10,30,TRAFFIC SIGNAL,FUNCTIONING PROPERLY,RAIN,"DARKNESS, LIGHTED ROAD",FIXED OBJECT,NOT DIVIDED,2,STRAIGHT AND LEVEL,WET,NO DEFECTS,ON SCENE,INJURY AND / OR TOW DUE TO CRASH,Y,,,"OVER $1,500",2/21/2018 3:15,WEATHER,EXCEEDING SAFE SPEED FOR CONDITIONS,11859,S,STATE ST,532,,,,,,,1,NO INDICATION OF INJURY,0,0,0,0,0,1,0,3,4,2,41.67807499,-87.62251379,POINT (-87.622513791896 41.678074986861)
0c0556cb5bd6aaedb5a568b9ba84015f760f5053232961e5f36a089181c417a099bfc0b2bf941b4694edbd7d2b11ba5ee6fcfd69be91198efd5f7cde3c6a65ba,JE462088,,12/1/2021 7:45,30,TRAFFIC SIGNAL,FUNCTIONING PROPERLY,CLOUDY/OVERCAST,DAYLIGHT,SIDESWIPE SAME DIRECTION,ONE-WAY,,STRAIGHT AND LEVEL,DRY,UNKNOWN,ON SCENE,NO INJURY / DRIVE AWAY,,,,"OVER $1,500",12/1/2021 7:52,ROAD CONSTRUCTION/MAINTENANCE,ROAD CONSTRUCTION/MAINTENANCE,3402,W,HARRISON ST,1133,,,,Y,CONSTRUCTION,,2,NO INDICATION OF INJURY,0,0,0,0,0,3,0,7,4,12,41.87373588,-87.71098174,POINT (-87.710981743296 41.873735879846)
0bc661e262663c2cd53befc96255f897819370d58fccbe8b9aeb741f5aadbcb9bba21e97c92bc338509643cc11ea12234c63cb339343c93f7813dcda7b4b1b0d,JC350321,,7/15/2019 18:20,30,TRAFFIC SIGNAL,FUNCTIONING PROPERLY,CLEAR,DAYLIGHT,TURNING,NOT DIVIDED,,STRAIGHT AND LEVEL,DRY,OTHER,ON SCENE,NO INJURY / DRIVE AWAY,,,Y,"OVER $1,500",7/15/2019 19:20,IMPROPER OVERTAKING/PASSING,NOT APPLICABLE,2300,S,WESTERN AVE,1034,,,,,,,2,NO INDICATION OF INJURY,0,0,0,0,0,3,0,18,2,7,41.85016605,-87.68573339,POINT (-87.685733391395 41.850166052914)
0bab8f6eeb2c26a3015e3594f117fc5eff2a76869b50697e7f543495cb5ad1d9db19940f60410a0e59ff4748b4d52706adc85ef2e660c095dbcca47676998a89,JC529692,,11/30/2019 15:30,30,TRAFFIC SIGNAL,FUNCTIONING PROPERLY,RAIN,"DARKNESS, LIGHTED ROAD",REAR END,NOT DIVIDED,,STRAIGHT AND LEVEL,WET,NO DEFECTS,NOT ON SCENE (DESK REPORT),INJURY AND / OR TOW DUE TO CRASH,,,,"$501 - $1,500",11/30/2019 16:15,UNABLE TO DETERMINE,UNABLE TO DETERMINE,5799,N,NAGLE AVE,1622,,,,,,,2,"REPORTED, NOT EVIDENT",2,0,0,0,2,1,0,15,7,11,41.98648114,-87.787521,POINT (-87.787521002991 41.986481135653)
0478309284490b87969cb78c4793b66746098e961cd1c3aaabdc6d3a458178e45643fe4388ecc2acf7c425816509d0d5e7beed34da8f4440f9465710be8252a1,JE111445,,1/13/2021 10:05,30,TRAFFIC SIGNAL,FUNCTIONING PROPERLY,CLEAR,DAYLIGHT,SIDESWIPE SAME DIRECTION,DIVIDED - W/MEDIAN (NOT RAISED),,STRAIGHT AND LEVEL,DRY,NO DEFECTS,ON SCENE,INJURY AND / OR TOW DUE TO CRASH,,,,"OVER $1,500",1/13/2021 10:12,UNABLE TO DETERMINE,UNABLE TO DETERMINE,2400,W,26TH ST,1034,,,,,,,2,NO INDICATION OF INJURY,0,0,0,0,0,3,0,10,4,1,41.84493463,-87.68553152,POINT (-87.68553151932 41.844934632259)
0c73a542320d6b793bc1bc7601a2aa1f75cc4ab4f9915eea4ba81992ab6af3d1d0a41da28bd4f6241881e9456f4b4dfe253a39f5dbf33f2a027fd476273114c6,JA185834,,3/13/2017 17:00,30,TRAFFIC SIGNAL,FUNCTIONING PROPERLY,CLEAR,DAYLIGHT,REAR END,DIVIDED - W/MEDIAN BARRIER,,STRAIGHT AND LEVEL,WET,UNKNOWN,NOT ON SCENE (DESK REPORT),NO INJURY / DRIVE AWAY,Y,,Y,"OVER $1,500",3/13/2017 17:15,UNABLE TO DETERMINE,UNABLE TO DETERMINE,600,S,CLARK ST,123,,,,,,,2,NO INDICATION OF INJURY,0,0,0,0,0,2,0,17,2,3,41.87446138,-87.63082044,POINT (-87.630820444034 41.874461383541)
0683f71fa54d5bb0204fdaf6cd03ff6b908ef72cbc650d61d6bc6950d9a8a61e7f06bd6ea96ce5fd534183ba0279213b8ce0a87ee8728a1f78bf0b8218a27d02,HZ199220,,3/24/2016 7:50,30,NO CONTROLS,NO CONTROLS,RAIN,UNKNOWN,PARKED MOTOR VEHICLE,NOT DIVIDED,4,STRAIGHT AND LEVEL,UNKNOWN,UNKNOWN,NOT ON SCENE (DESK REPORT),NO INJURY / DRIVE AWAY,,,Y,"$501 - $1,500",3/24/2016 11:20,UNABLE TO DETERMINE,UNABLE TO DETERMINE,130,S,HALSTED ST,1232,,,,,,,2,NO INDICATION OF INJURY,0,0,0,0,0,1,0,7,5,3,41.87951952,-87.64743782,POINT (-87.647437822494 41.87951951721)
0c7bc9b845045cff6cd525b03aa5c2003ef6f33a0dfc9c41aabccd5e2238968811d4d1684c1602bee1104d409ec90ef2d4e651efaf879e3b01c69ad551181a99,JC252138,,5/6/2019 13:01,30,NO CONTROLS,NO CONTROLS,CLEAR,DAYLIGHT,REAR END,NOT DIVIDED,,STRAIGHT AND LEVEL,WET,NO DEFECTS,NOT ON SCENE (DESK REPORT),NO INJURY / DRIVE AWAY,,,,"$501 - $1,500",5/6/2019 14:20,UNABLE TO DETERMINE,UNABLE TO DETERMINE,1942,N,ASHLAND AVE,1433,,,,,,,2,NO INDICATION OF INJURY,0,0,0,0,0,4,0,13,2,5,41.91736856,-87.66794151,POINT (-87.667941513964 41.91736856341)
0517a89b725cb44f4828e7ea0ed5ed1ef8f482dced827745cc13573f2f358f10f4062dcdc3de7f29a2182a2440927bff0c69030542c5b7e2d172156a66305528,JA226128,,4/15/2017 13:30,30,STOP SIGN/FLASHER,UNKNOWN,CLEAR,DAYLIGHT,OTHER OBJECT,DIVIDED - W/MEDIAN (NOT RAISED),1,STRAIGHT AND LEVEL,DRY,"RUT, HOLES",NOT ON SCENE (DESK REPORT),NO INJURY / DRIVE AWAY,,,,$500 OR LESS,4/15/2017 15:58,UNABLE TO DETERMINE,NOT APPLICABLE,430,E,MARQUETTE RD,312,,,,,,,1,NO INDICATION OF INJURY,0,0,0,0,0,1,0,13,7,4,41.77309792,-87.61431857,POINT (-87.614318566978 41.773097922097)
04954a54450edb78a933b148d84538e453686023ac54ea3231724a50a5e65f67c4cd02c4dff36de35ced4fa8bfbba50c986d3ded187ae3b594a207e8515bd297,JG334185,,7/9/2023 14:06,30,NO CONTROLS,NO CONTROLS,CLEAR,DAYLIGHT,SIDESWIPE SAME DIRECTION,DIVIDED - W/MEDIAN (NOT RAISED),,STRAIGHT AND LEVEL,DRY,NO DEFECTS,ON SCENE,NO INJURY / DRIVE AWAY,,,Y,"OVER $1,500",7/9/2023 14:08,UNDER THE INFLUENCE OF ALCOHOL/DRUGS (USE WHEN ARREST IS EFFECTED),UNDER THE INFLUENCE OF ALCOHOL/DRUGS (USE WHEN ARREST IS EFFECTED),2633,W,IRVING PARK RD,1733,,,,,,,2,NO INDICATION OF INJURY,0,0,0,0,0,4,0,14,1,7,41.95388233,-87.6945847,POINT (-87.694584699775 41.95388233297)
04e82a9beace0206d2d0a3c0828775bea1d4c0628fff8073dea5a1a9e22641f3f101df80430ffe86ed830ba17f0f3841f7c50f914a9dafd202d8e8bbdb1c24b2,JE481825,,12/18/2021 7:40,30,TRAFFIC SIGNAL,FUNCTIONING PROPERLY,CLEAR,DAYLIGHT,REAR END,NOT DIVIDED,,STRAIGHT AND LEVEL,DRY,NO DEFECTS,NOT ON SCENE (DESK REPORT),NO INJURY / DRIVE AWAY,,,,"OVER $1,500",12/18/2021 15:00,UNABLE TO DETERMINE,NOT APPLICABLE,4700,S,PULASKI RD,815,,,,,,,2,NO INDICATION OF INJURY,0,0,0,0,0,2,0,7,7,12,41.80778877,-87.72373033,POINT (-87.72373033158 41.807788769095)
0c752a37c87ac1a27eb36e51995450d0822f4d0ef8d9ef5c5c8996c506e949b6496e252766d91d953b38843031fa9b4c64eca564c84498ceb7366402d48ae7d8,JB220781,,4/12/2018 5:45,30,TRAFFIC SIGNAL,FUNCTIONING PROPERLY,CLEAR,"DARKNESS, LIGHTED ROAD",REAR END,ONE-WAY,,STRAIGHT AND LEVEL,DRY,NO DEFECTS,NOT ON SCENE (DESK REPORT),NO INJURY / DRIVE AWAY,,,,"$501 - $1,500",4/12/2018 10:17,FAILING TO REDUCE SPEED TO AVOID CRASH,UNABLE TO DETERMINE,4700,S,WENTWORTH AVE,224,,,,,,,2,NO INDICATION OF INJURY,0,0,0,0,0,3,0,5,5,4,41.80908244,-87.63103087,POINT (-87.63103087365 41.809082436649)
0042378b9f104af619f207e7f52bbaf52125771ea8321c3145fb7074e84eec13b931e0be6bec69f57793a900fc5e0b91869b94880bc3d2c79cd438a8197de736,JD195377,Y,3/22/2020 13:00,25,NO CONTROLS,NO CONTROLS,UNKNOWN,UNKNOWN,PARKED MOTOR VEHICLE,PARKING LOT,,STRAIGHT AND LEVEL,UNKNOWN,UNKNOWN,NOT ON SCENE (DESK REPORT),NO INJURY / DRIVE AWAY,,,Y,"$501 - $1,500",3/26/2020 11:30,UNABLE TO DETERMINE,UNABLE TO DETERMINE,4817,W,CORNELIA AVE,1634,,,,,,,2,NO INDICATION OF INJURY,0,0,0,0,0,1,0,13,1,3,41.94418107,-87.74772041,POINT (-87.747720410498 41.944181070617)
0a08c704186a8514d4d36af626151704a1df441486ba8f56846b9b63be8f9064022c395971ff62ccebf9d1819325721dff99f40714d26c2890d2baf18bb2300d,JA546667,,12/12/2017 16:53,30,NO CONTROLS,NO CONTROLS,CLEAR,DUSK,PARKED MOTOR VEHICLE,NOT DIVIDED,2,STRAIGHT AND LEVEL,DRY,NO DEFECTS,ON SCENE,INJURY AND / OR TOW DUE TO CRASH,,,,"OVER $1,500",12/12/2017 17:06,"OPERATING VEHICLE IN ERRATIC, RECKLESS, CARELESS, NEGLIGENT OR AGGRESSIVE MANNER",DRIVING ON WRONG SIDE/WRONG WAY,2740,S,PRAIRIE AVE,133,,,,,,,2,NO INDICATION OF INJURY,0,0,0,0,0,1,0,16,3,12,41.84338689,-87.62056655,POINT (-87.620566552697 41.843386887198)
016e97d9bd6691e99ba831d8e88476d3c1204d6b8d1b9f71684baee410fd8783d8c38bd3be4c4c1d0dd95743a933c26d1bd27ad25adb89d83b2dbf39c6a3da86,JC552252,,12/19/2019 6:14,10,NO CONTROLS,NO CONTROLS,CLEAR,DARKNESS,PEDESTRIAN,NOT DIVIDED,,STRAIGHT AND LEVEL,DRY,NO DEFECTS,ON SCENE,NO INJURY / DRIVE AWAY,,,,"OVER $1,500",12/19/2019 6:15,UNABLE TO DETERMINE,NOT APPLICABLE,7599,S,KOSTNER AVE,833,,,,,,,2,NO INDICATION OF INJURY,0,0,0,0,0,2,0,6,5,12,41.75506193,-87.73222787,POINT (-87.73222786457 41.755061934412)
0a9d068c8ad8b818023c8e99025e8ee9adfb84a644e6ffa6f9f10d746716405f7e294647367de3ffd35c3a73219a68142847807ea6385fc1c3984e344b1e1085,JD180648,,3/10/2020 9:49,35,NO CONTROLS,NO CONTROLS,CLEAR,DAYLIGHT,SIDESWIPE SAME DIRECTION,UNKNOWN,,"CURVE, LEVEL",UNKNOWN,UNKNOWN,NOT ON SCENE (DESK REPORT),NO INJURY / DRIVE AWAY,,,,"$501 - $1,500",3/10/2020 12:20,UNABLE TO DETERMINE,UNABLE TO DETERMINE,536,E,MORGAN DR,233,,,,,,,2,NO INDICATION OF INJURY,0,0,0,0,0,3,0,9,3,3,41.79349265,-87.61187597,POINT (-87.611875970136 41.793492645897)
0077e1fe567509544b96ffece609e5632ccff95e4f2bda8a325e47194f2509e2ca388823f57edff37dc8e2bf0dd12dffc506cd93306e3630ccf804df7ff87d06,HZ413710,,8/30/2016 16:30,30,STOP SIGN/FLASHER,FUNCTIONING PROPERLY,CLEAR,DAYLIGHT,SIDESWIPE SAME DIRECTION,ONE-WAY,1,STRAIGHT AND LEVEL,DRY,NO DEFECTS,NOT ON SCENE (DESK REPORT),NO INJURY / DRIVE AWAY,,,,"OVER $1,500",8/30/2016 16:50,FAILING TO YIELD RIGHT-OF-WAY,UNABLE TO DETERMINE,1944,W,MELROSE ST,1922,,,,,,,2,NO INDICATION OF INJURY,0,0,0,0,0,2,0,16,3,8,41.94060348,-87.67773592,POINT (-87.677735919081 41.940603479196)
00ae9a9a375e3cf5263a73a1375f35f762599b38f4918a8840432288ba46bef08d7db7a88c79045fbe3c2fa4dc59bac0f564c093caf7d73b0ac2aaadd8c94154,JE251130,,6/1/2021 20:30,30,STOP SIGN/FLASHER,FUNCTIONING PROPERLY,CLEAR,"DARKNESS, LIGHTED ROAD",ANGLE,NOT DIVIDED,,STRAIGHT AND LEVEL,DRY,NO DEFECTS,NOT ON SCENE (DESK REPORT),NO INJURY / DRIVE AWAY,,,Y,$500 OR LESS,6/2/2021 14:00,FAILING TO YIELD RIGHT-OF-WAY,NOT APPLICABLE,3100,W,TAYLOR ST,1134,,,,,,,2,NO INDICATION OF INJURY,0,0,0,0,0,2,0,20,3,6,41.86927094,-87.70344157,POINT (-87.703441566425 41.869270939491)
08c9ebec20dec3a5c36e6f392803c4bc67e8c43abdfbef6525130ae0e5bfe3eed6935b2d60b911106a548395741e3fd1cbd297b6050c7bc367b03196c434ab33,JG267246,,5/19/2023 18:30,30,TRAFFIC SIGNAL,FUNCTIONING PROPERLY,CLEAR,DAYLIGHT,ANGLE,FOUR WAY,,STRAIGHT AND LEVEL,DRY,UNKNOWN,,INJURY AND / OR TOW DUE TO CRASH,Y,,,"OVER $1,500",5/19/2023 21:16,UNABLE TO DETERMINE,NOT APPLICABLE,10300,S,STATE ST,512,,,,,,,2,NONINCAPACITATING INJURY,2,0,0,2,0,1,0,18,6,5,41.70711658,-87.62366762,POINT (-87.6236676203 41.707116579239)
0014f2fabb4abfed6da43929a474fa7cd3bf5dce9a24e6b153dbd453ea5ffe2bd635394110f01d80266f50b319ba31b6ac5a62fbb2471b1ea9650458787ad35d,JF207790,,4/13/2022 8:35,30,TRAFFIC SIGNAL,FUNCTIONING PROPERLY,CLEAR,DAYLIGHT,REAR END,NOT DIVIDED,,STRAIGHT AND LEVEL,DRY,UNKNOWN,NOT ON SCENE (DESK REPORT),INJURY AND / OR TOW DUE TO CRASH,,,,"$501 - $1,500",4/14/2022 14:30,UNABLE TO DETERMINE,NOT APPLICABLE,2125,N,LINCOLN AVE,1812,,,,,,,2,"REPORTED, NOT EVIDENT",1,0,0,0,1,2,0,8,4,4,41.92078277,-87.6420333,POINT (-87.642033298804 41.920782768289)
0a68a7daadc71c5841716a1001765a11a9fc2904c118f8f0d989994fd50cf662840406d9a6d4f215c4dbd461c6249798468df0b15da1a222cae125e375dfcdfd,JA468536,,10/12/2017 10:00,30,NO CONTROLS,NO CONTROLS,CLOUDY/OVERCAST,DAYLIGHT,ANGLE,DRIVEWAY,2,STRAIGHT AND LEVEL,DRY,NO DEFECTS,NOT ON SCENE (DESK REPORT),NO INJURY / DRIVE AWAY,,,,"$501 - $1,500",10/12/2017 14:30,IMPROPER BACKING,NOT APPLICABLE,300,E,OHIO ST,1834,,,,,,,2,NO INDICATION OF INJURY,0,0,0,0,0,4,0,10,5,10,41.89271059,-87.62013066,POINT (-87.620130658406 41.892710584594)
03b49d5d9d1b86ae36a00718616e7adda796dee42b201e8abe927d1202643a53fc16af34d994e7905ee1ab6a04cafcf2dbe2a058a6d48c7f7cb7f60dfacc9137,JB395313,,8/15/2018 21:10,30,NO CONTROLS,NO CONTROLS,CLEAR,"DARKNESS, LIGHTED ROAD",PARKED MOTOR VEHICLE,PARKING LOT,,STRAIGHT AND LEVEL,DRY,NO DEFECTS,NOT ON SCENE (DESK REPORT),NO INJURY / DRIVE AWAY,,,Y,"$501 - $1,500",8/15/2018 23:00,IMPROPER BACKING,NOT APPLICABLE,7900,S,LAFAYETTE AVE,623,,,,,,,2,NO INDICATION OF INJURY,0,0,0,0,0,3,0,21,4,8,41.75089105,-87.62596851,POINT (-87.625968505423 41.750891046593)
0675a10c9c994c90aa9c19d29c63466764f92f51de631b97e04e83b682e3b69871cdc54c749ca16e065713d5bfcd539c789063bd0b5300579e84636c13c601e9,JB216341,,4/8/2018 19:25,25,NO CONTROLS,NO CONTROLS,CLEAR,DAYLIGHT,REAR END,DIVIDED - W/MEDIAN (NOT RAISED),4,STRAIGHT AND LEVEL,DRY,NO DEFECTS,NOT ON SCENE (DESK REPORT),NO INJURY / DRIVE AWAY,,,,"$501 - $1,500",4/8/2018 19:34,UNABLE TO DETERMINE,UNABLE TO DETERMINE,6300,S,PULASKI RD,813,,,,,,,2,NO INDICATION OF INJURY,0,0,0,0,0,2,0,19,1,4,41.77863647,-87.72290636,POINT (-87.722906355685 41.778636468781)
0a87dfb6b032c0bebb497c590bd23271677c7f7d35a21f39fecd1fe73dfde6015dadc2c89c4b8bdab1b57308e6e87d2b0af3559921ac373cc9330956ab32d65a,JC481739,,10/22/2019 4:48,30,NO CONTROLS,NO CONTROLS,RAIN,"DARKNESS, LIGHTED ROAD",PARKED MOTOR VEHICLE,NOT DIVIDED,,STRAIGHT AND LEVEL,WET,NO DEFECTS,ON SCENE,INJURY AND / OR TOW DUE TO CRASH,,,,"OVER $1,500",10/22/2019 4:48,TEXTING,NOT APPLICABLE,2745,W,44TH ST,922,,,,,,,3,NO INDICATION OF INJURY,0,0,0,0,0,1,0,4,3,10,41.81364281,-87.69371465,POINT (-87.693714650559 41.813642809638)
04d950dee5e598a0cc3b0b99fe55bd5c88ab2c4a7439973202c78eb8d2814ffacae4f6f043135564a60b23cfa0be7a20b92975d34d0cf9ed48ecefd4c7dfe6c5,JF104567,,12/29/2021 16:00,35,TRAFFIC SIGNAL,FUNCTIONING PROPERLY,CLEAR,DAYLIGHT,SIDESWIPE SAME DIRECTION,NOT DIVIDED,,STRAIGHT AND LEVEL,DRY,NO DEFECTS,NOT ON SCENE (DESK REPORT),NO INJURY / DRIVE AWAY,,,,"$501 - $1,500",1/6/2022 0:05,IMPROPER OVERTAKING/PASSING,FAILING TO REDUCE SPEED TO AVOID CRASH,944,W,NORTH AVE,1813,,,,,,,2,NO INDICATION OF INJURY,0,0,0,0,0,2,0,16,4,12,41.91095403,-87.65286073,POINT (-87.652860730516 41.910954026224)
098d7de29f3b0ecfd1b07b82409c28d1e507e733f7d540960d3ae53eb21a4c8c64c511631a7cddc1b1bcc62214a81cce6f4b1d83aad501161859bb8a1f7e15ab,JB327271,,6/29/2018 5:25,30,NO CONTROLS,NO CONTROLS,CLEAR,DAYLIGHT,ANGLE,NOT DIVIDED,1,STRAIGHT AND LEVEL,DRY,NO DEFECTS,NOT ON SCENE (DESK REPORT),NO INJURY / DRIVE AWAY,,,,"OVER $1,500",6/29/2018 6:35,FAILING TO YIELD RIGHT-OF-WAY,"VISION OBSCURED (SIGNS, TREE LIMBS, BUILDINGS, ETC.)",2550,N,LONG AVE,2515,,,,,,,2,NO INDICATION OF INJURY,0,0,0,0,0,2,0,5,6,6,41.92742503,-87.76133767,POINT (-87.761337665037 41.927425028291)
0b762639795f6442d344478ba282c821d7044f362f7f0156ab785e365924955ed97a275d06059bc52acaae9e4ff1ca5a0b805c08fe178b9fc33e2e0623c981b5,JC536659,,12/1/2019 13:45,35,NO CONTROLS,NO CONTROLS,RAIN,DAYLIGHT,PARKED MOTOR VEHICLE,DIVIDED - W/MEDIAN (NOT RAISED),,STRAIGHT AND LEVEL,WET,UNKNOWN,NOT ON SCENE (DESK REPORT),NO INJURY / DRIVE AWAY,,,,"$501 - $1,500",12/1/2019 14:00,NOT APPLICABLE,NOT APPLICABLE,8127,S,ASHLAND AVE,614,,Y,,,,,2,NO INDICATION OF INJURY,0,0,0,0,0,1,0,13,1,12,41.74589127,-87.66317833,POINT (-87.663178324629 41.745891272559)
09de44bcebf99472ecca276bd636a88374d88d911f27365afdc6248e423816b43fc88df74d216b29a89948faf7e8c48cb56fbd4e480669185c50da7cf3389e78,JB146188,,2/9/2018 8:52,55,NO CONTROLS,NO CONTROLS,SNOW,DAYLIGHT,FIXED OBJECT,DIVIDED - W/MEDIAN BARRIER,6,STRAIGHT ON HILLCREST,SNOW OR SLUSH,NO DEFECTS,ON SCENE,INJURY AND / OR TOW DUE TO CRASH,,,,"OVER $1,500",2/9/2018 8:52,WEATHER,NOT APPLICABLE,6900,S,CHICAGO SKYWAY OB,322,,,,,,,1,NO INDICATION OF INJURY,0,0,0,0,0,2,0,8,6,2,,,
08027f2468e3753d29c40771698ffea965771bd72b25463c6381a96365665ac8ed3d4785e24fad555a0005dd8f34a607a7dd706336c06dcbbf3e8c781174151d,JB468173,Y,10/9/2018 6:30,25,NO CONTROLS,NO CONTROLS,CLEAR,DAYLIGHT,SIDESWIPE OPPOSITE DIRECTION,NOT DIVIDED,,STRAIGHT AND LEVEL,DRY,NO DEFECTS,ON SCENE,NO INJURY / DRIVE AWAY,Y,,,"$501 - $1,500",10/9/2018 6:55,IMPROPER OVERTAKING/PASSING,IMPROPER OVERTAKING/PASSING,12626,S,CARONDOLET AVE,433,,,,,,,2,NO INDICATION OF INJURY,0,0,0,0,0,2,0,6,3,10,41.6657576,-87.54970867,POINT (-87.549708674332 41.665757595416)
06a40d781c5dba2dd7376fd3f821c677bcf2c6f71278fe68f8e6e144cc19b85d51d6b60cba3ae2395d899580034dd35b52c8cffa6d5e238d10b7f6e31c6a3b0b,JC403685,,8/23/2019 9:14,35,NO CONTROLS,NO CONTROLS,CLEAR,DAYLIGHT,TURNING,DIVIDED - W/MEDIAN (NOT RAISED),,STRAIGHT AND LEVEL,DRY,NO DEFECTS,ON SCENE,INJURY AND / OR TOW DUE TO CRASH,,,,"OVER $1,500",8/23/2019 9:27,FAILING TO YIELD RIGHT-OF-WAY,NOT APPLICABLE,6428,S,CICERO AVE,813,,,,,,,2,NONINCAPACITATING INJURY,1,0,0,1,0,3,0,9,6,8,41.77572004,-87.74232869,POINT (-87.742328684943 41.775720038896)
0ae28d7ba294dcb757e567dcff42d9bc36dd0d2ee3965e8cc1c0f2d9671df4e9f8d95fc5bd08d3cd4173137e6249dd1a3ba46bf1d4db000710e852cf87219481,JA276174,,5/23/2017 14:25,30,NO CONTROLS,NO CONTROLS,CLEAR,DAYLIGHT,SIDESWIPE SAME DIRECTION,NOT DIVIDED,4,STRAIGHT AND LEVEL,DRY,NO DEFECTS,,NO INJURY / DRIVE AWAY,,,,"OVER $1,500",5/23/2017 16:57,UNABLE TO DETERMINE,NOT APPLICABLE,1200,S,HALSTED ST,1232,,,,,,,2,NO INDICATION OF INJURY,0,0,0,0,0,4,0,14,3,5,41.86712525,-87.64706481,POINT (-87.647064808299 41.867125250673)
075e5357e1085bea64f2eb415fef2e1bf7f56762cc5c4b908138e0d36850c141a2577115608ea42a2ec54710595fc467b273d6e0617a89dd07ef3ed42e304183,JB166374,,2/26/2018 15:00,30,STOP SIGN/FLASHER,FUNCTIONING PROPERLY,CLEAR,DAYLIGHT,PARKED MOTOR VEHICLE,NOT DIVIDED,,STRAIGHT AND LEVEL,DRY,NO DEFECTS,NOT ON SCENE (DESK REPORT),NO INJURY / DRIVE AWAY,,,Y,"OVER $1,500",2/26/2018 17:25,UNABLE TO DETERMINE,UNABLE TO DETERMINE,340,N,CARPENTER ST,1214,,,,,,,2,NO INDICATION OF INJURY,0,0,0,0,0,1,0,15,2,2,41.88785015,-87.65351596,POINT (-87.653515954839 41.887850148943)