CRASH_RECORD_ID,RD_NO,CRASH_DATE_EST_I,CRASH_DATE,POSTED_SPEED_LIMIT,TRAFFIC_CONTROL_DEVICE,DEVICE_CONDITION,WEATHER_CONDITION,LIGHTING_CONDITION,FIRST_CRASH_TYPE,TRAFFICWAY_TYPE,LANE_CNT,ALIGNMENT,ROADWAY_SURFACE_COND,ROAD_DEFECT,REPORT_TYPE,CRASH_TYPE,INTERSECTION_RELATED_I,NOT_RIGHT_OF_WAY_I,HIT_AND_RUN_I,DAMAGE,DATE_POLICE_NOTIFIED,PRIM_CONTRIBUTORY_CAUSE,SEC_CONTRIBUTORY_CAUSE,STREET_NO,STREET_DIRECTION,STREET_NAME,BEAT_OF_OCCURRENCE,PHOTOS_TAKEN_I,STATEMENTS_TAKEN_I,DOORING_I,WORK_ZONE_I,WORK_ZONE_TYPE,WORKERS_PRESENT_I,NUM_UNITS,MOST_SEVERE_INJURY,INJURIES_TOTAL,INJURIES_FATAL,INJURIES_INCAPACITATING,INJURIES_NON_INCAPACITATING,INJURIES_REPORTED_NOT_EVIDENT,INJURIES_NO_INDICATION,INJURIES_UNKNOWN,CRASH_HOUR,CRASH_DAY_OF_WEEK,CRASH_MONTH,LATITUDE,LONGITUDE,LOCATION
08ae4bab9ade16056cd4406ee15d386a120257152128649eb972588179376b3e1e786f5fee3b5d846fe090881bff8e36688f1ecd210d2b3ab5df57cb50d54f99,JC487444,,10/25/2019 18:00,30,NO CONTROLS,NO CONTROLS,CLEAR,DAYLIGHT,REAR END,NOT DIVIDED,,STRAIGHT AND LEVEL,DRY,NO DEFECTS,NOT ON SCENE (DESK REPORT),NO INJURY / DRIVE AWAY,,,,"$501 - $1,500",10/26/2019 17:30,FOLLOWING TOO CLOSELY,FAILING TO REDUCE SPEED TO AVOID CRASH,6033,W,GRAND AVE,2512,,,,,,,2,NO INDICATION OF INJURY,0,0,0,0,0,2,0,18,6,10,41.92071445,-87.77706401,POINT (-87.777064006445 41.920714449738)
00190dd4e4743249c2befd67e8716e3d17e78758c1696c98d9f683d5a128e52c909470875ea3009aad7e43e85c65ba4d74f057348439d7c8b66fca4c407da04a,JE470801,,12/7/2021 19:00,30,NO CONTROLS,NO CONTROLS,CLEAR,"DARKNESS, LIGHTED ROAD",PARKED MOTOR VEHICLE,NOT DIVIDED,,STRAIGHT AND LEVEL,DRY,NO DEFECTS,NOT ON SCENE (DESK REPORT),NO INJURY / DRIVE AWAY,,,Y,"$501 - $1,500",12/8/2021 20:20,UNABLE TO DETERMINE,NOT APPLICABLE,5316,N,MILWAUKEE AVE,1622,,,,,,,2,NO INDICATION OF INJURY,0,0,0,0,0,1,0,19,3,12,41.97693689,-87.76907431,POINT (-87.76907431197 41.976936887697)
0cb728ae307ef284c87a952e96154e3df12006c4c698559b5243de3f71b7dd0e6c4afe37ace63f1224f8d65b5ff7f7f4ef03f00cd08edfedd5c903f660eade71,JD143902,,2/7/2020 19:15,25,TRAFFIC SIGNAL,FUNCTIONING PROPERLY,CLEAR,"DARKNESS, LIGHTED ROAD",TURNING,OTHER,,STRAIGHT AND LEVEL,DRY,NO DEFECTS,ON SCENE,INJURY AND / OR TOW DUE TO CRASH,,,,"OVER $1,500",2/7/2020 19:17,IMPROPER OVERTAKING/PASSING,FAILING TO YIELD RIGHT-OF-WAY,10000,W,OHARE ST,1651,,,,,,,2,"REPORTED, NOT EVIDENT",1,0,0,0,1,1,0,19,6,2,41.97620114,-87.90530913,POINT (-87.905309125103 41.976201139024)
05865e593095d7d4ce4a853d758ede075d45efe6a0d9d21997cf6c9b548e6c4b279fa8e23f884e45884b65fb61d9a0e29b2a65f6fc2882b85b8391a8569f116b,JC210944,,4/4/2019 0:47,30,OTHER,FUNCTIONING PROPERLY,RAIN,"DARKNESS, LIGHTED ROAD",OTHER OBJECT,ONE-WAY,,STRAIGHT AND LEVEL,WET,NO DEFECTS,ON SCENE,INJURY AND / OR TOW DUE TO CRASH,,,,"OVER $1,500",4/4/2019 0:47,"OPERATING VEHICLE IN ERRATIC, RECKLESS, CARELESS, NEGLIGENT OR AGGRESSIVE MANNER",NOT APPLICABLE,2401,N,LAKE SHORE DR NB,1935,,,,,,,1,NO INDICATION OF INJURY,0,0,0,0,0,7,0,0,5,4,41.92625161,-87.63104491,POINT (-87.631044912171 41.926251609692)
02617185d0e9340b9658af1422e9721d0551a9a53f909ff3b95850e4fec8eb8b20ef2205f761d942c5f9b21752d6ae326d6bb3c6e01f10b891a1d5c584cdbde8,JA455426,,10/2/2017 15:12,30,STOP SIGN/FLASHER,FUNCTIONING PROPERLY,CLEAR,DAYLIGHT,ANGLE,NOT DIVIDED,2,STRAIGHT AND LEVEL,DRY,NO DEFECTS,ON SCENE,INJURY AND / OR TOW DUE TO CRASH,Y,,,"OVER $1,500",10/2/2017 15:13,FAILING TO YIELD RIGHT-OF-WAY,FAILING TO REDUCE SPEED TO AVOID CRASH,7600,S,EXCHANGE AVE,421,,,,,,,2,NO INDICATION OF INJURY,0,0,0,0,0,2,0,15,2,10,41.75715636,-87.55840891,POINT (-87.55840891305 41.757156359802)
0ad876d4e2190cc6db7eecd70f415f9a9bff7641d3bea002b6ed85eab42609e6436a4be18dab656a3513f9ccb12b47609ac33a96e83fc4998f9880f979562a39,JA384147,N,8/9/2017 14:33,30,TRAFFIC SIGNAL,FUNCTIONING PROPERLY,CLEAR,DAYLIGHT,PEDESTRIAN,NOT DIVIDED,2,STRAIGHT AND LEVEL,DRY,NO DEFECTS,,INJURY AND / OR TOW DUE TO CRASH,Y,,,"OVER $1,500",8/9/2017 14:34,DISREGARDING TRAFFIC SIGNALS,PHYSICAL CONDITION OF DRIVER,1900,S,CENTRAL PARK AVE,1014,N,,,,,,2,NONINCAPACITATING INJURY,2,0,0,2,0,0,0,14,4,8,41.85430791,-87.71522315,POINT (-87.715223152992 41.85430791162)
03281bf179d1ff45e2b4f1bd7e764d8f9e68f803cb89e6537a5b010ab32a166a7d2aeb746196d7e312c6659d5024b3fa4e2ee96a5914f34e8ae150678b24056a,JG124058,,1/20/2023 17:30,5,NO CONTROLS,NO CONTROLS,CLEAR,DUSK,PARKED MOTOR VEHICLE,PARKING LOT,,STRAIGHT AND LEVEL,DRY,NO DEFECTS,NOT ON SCENE (DESK REPORT),NO INJURY / DRIVE AWAY,,Y,Y,"OVER $1,500",1/21/2023 9:45,UNABLE TO DETERMINE,UNABLE TO DETERMINE,11040,S,MICHIGAN AVE,513,,,,,,,2,NO INDICATION OF INJURY,0,0,0,0,0,1,0,17,6,1,41.69322382,-87.62118667,POINT (-87.621186673805 41.693223821675)
04f93cad9ffd2e74886056dfb29c35c8cc73ccf438512f9b2d2d299646f395844ef95c1d07673fe6f946aed3be96c272971d85af0f8d61ec34812aa240daf54b,JD250512,Y,6/1/2020 23:58,30,TRAFFIC SIGNAL,FUNCTIONING PROPERLY,CLEAR,"DARKNESS, LIGHTED ROAD",FIXED OBJECT,FOUR WAY,,STRAIGHT AND LEVEL,DRY,NO DEFECTS,ON SCENE,INJURY AND / OR TOW DUE TO CRASH,N,,N,"OVER $1,500",6/2/2020 0:39,UNABLE TO DETERMINE,NOT APPLICABLE,1601,N,KIMBALL AVE,1422,,,,,,,1,NO INDICATION OF INJURY,0,0,0,0,0,1,0,23,2,6,41.9101187,-87.71170973,POINT (-87.711709731342 41.910118701358)
09041cba06d9de7284ba41b953c1cde8fb5a93fd1767ea2aea5f0ae0cd98c35a5230bf31ed9f4016c5a2d1d24506cc801d1105623c670c413db126c9ae42df37,JG184445,,3/13/2023 17:44,30,NO CONTROLS,NO CONTROLS,CLEAR,DAYLIGHT,SIDESWIPE SAME DIRECTION,NOT DIVIDED,,STRAIGHT AND LEVEL,DRY,NO DEFECTS,NOT ON SCENE (DESK REPORT),NO INJURY / DRIVE AWAY,,,,"$501 - $1,500",3/13/2023 18:45,IMPROPER OVERTAKING/PASSING,NOT APPLICABLE,4530,W,47TH ST,815,,,,,,,2,NO INDICATION OF INJURY,0,0,0,0,0,2,0,17,2,3,41.80780944,-87.737001,POINT (-87.737000995993 41.807809442407)
0b67cd934473731a75d9b70e3052a33fd6d360613eae6b2d4a46e1fc12056bf644c228689895e6e88cec5593004b4c7b91596d4394ded6c2df04705084a405b9,JB384164,Y,8/8/2018 4:07,30,NO CONTROLS,NO CONTROLS,CLEAR,"DARKNESS, LIGHTED ROAD",PARKED MOTOR VEHICLE,DIVIDED - W/MEDIAN (NOT RAISED),2,STRAIGHT AND LEVEL,DRY,NO DEFECTS,,INJURY AND / OR TOW DUE TO CRASH,,,Y,"OVER $1,500",8/8/2018 4:07,UNABLE TO DETERMINE,UNABLE TO DETERMINE,5326,S,KEDZIE AVE,822,,,,,,,3,NO INDICATION OF INJURY,0,0,0,0,0,1,0,4,4,8,41.796355,-87.70378416,POINT (-87.703784157113 41.79635499944)
0cb2a45ff5a4e30db6ee68cd16dc7851bc83a69ff60b4d24b92e14895fefd2e5d67d643bf47b0cdd76c308fc0c17edfaee81b9befb087735a36235c4d7be1ba1,JG153472,,2/15/2023 9:49,30,TRAFFIC SIGNAL,FUNCTIONING PROPERLY,CLEAR,DAYLIGHT,REAR END,NOT DIVIDED,,STRAIGHT AND LEVEL,DRY,NO DEFECTS,ON SCENE,NO INJURY / DRIVE AWAY,,,,"OVER $1,500",2/15/2023 9:55,FOLLOWING TOO CLOSELY,FAILING TO REDUCE SPEED TO AVOID CRASH,2249,W,111TH ST,2212,,,,,,,3,NO INDICATION OF INJURY,0,0,0,0,0,4,0,9,4,2,41.69170753,-87.67820212,POINT (-87.678202118446 41.691707532235)
00cd46c2027b206571f99d7baf71df6a29bf67285b71dcd08ab8e50440a8f070a9d32994e6cbeb7fac2f72f5d0d6905a5e1ff0166329f53970184e32a63bb446,JD351880,,8/31/2020 16:49,30,NO CONTROLS,NO CONTROLS,CLEAR,DAYLIGHT,REAR END,DIVIDED - W/MEDIAN BARRIER,,STRAIGHT AND LEVEL,DRY,NO DEFECTS,ON SCENE,NO INJURY / DRIVE AWAY,,,Y,$500 OR LESS,8/31/2020 16:50,FOLLOWING TOO CLOSELY,UNABLE TO DETERMINE,3121,N,WESTERN AVE,1931,,,,,,,2,NO INDICATION OF INJURY,0,0,0,0,0,2,0,16,2,8,41.93827057,-87.68775043,POINT (-87.687750427326 41.938270564658)
07568bf8d966b4a53212d5879def49fc9f46ff09c3ad00c9c6b133f29f72d3dbe1e6fac4e195ab6366e5d71105630c80d9ac373b4bf93f003691d8bdcc4730ca,JC446411,,9/24/2019 11:38,30,STOP SIGN/FLASHER,UNKNOWN,CLEAR,DAYLIGHT,PEDESTRIAN,DIVIDED - W/MEDIAN (NOT RAISED),,STRAIGHT AND LEVEL,DRY,UNKNOWN,ON SCENE,NO INJURY / DRIVE AWAY,,,,$500 OR LESS,9/24/2019 11:38,UNABLE TO DETERMINE,UNABLE TO DETERMINE,4454,N,KIMBALL AVE,1723,,,,,,,2,NO INDICATION OF INJURY,0,0,0,0,0,2,0,11,3,9,41.96274733,-87.71333847,POINT (-87.713338470119 41.962747334321)
00f25b8737ad4dca0f0ad4c6994e17623329aaa959ae28a81440c14ac9818433e34462db7aa50deb94ed4eadbb7ccab2347053ea0c6518c68f5f3b3398e1cfbf,JB296959,,6/7/2018 10:20,30,TRAFFIC SIGNAL,FUNCTIONING PROPERLY,CLEAR,DAYLIGHT,SIDESWIPE SAME DIRECTION,NOT DIVIDED,4,STRAIGHT AND LEVEL,UNKNOWN,UNKNOWN,NOT ON SCENE (DESK REPORT),NO INJURY / DRIVE AWAY,,,,"$501 - $1,500",6/7/2018 14:14,IMPROPER LANE USAGE,IMPROPER OVERTAKING/PASSING,6100,N,CALDWELL AVE,1621,,,,,,,2,NO INDICATION OF INJURY,0,0,0,0,0,2,0,10,5,6,41.99186717,-87.75534574,POINT (-87.755345738978 41.991867173008)
0932cd539c7c42b9daa6ef6c4d7dba215d8b6195793469886cbb1a1bbaeb8edbe81d3d05ab04e3b1e7768e3874df3c1f8c955237409a97241ceaf1e88275291a,JB495856,,10/30/2018 8:00,35,NO CONTROLS,NO CONTROLS,CLEAR,DAYLIGHT,REAR END,NOT DIVIDED,,STRAIGHT AND LEVEL,DRY,NO DEFECTS,ON SCENE,INJURY AND / OR TOW DUE TO CRASH,,,,"OVER $1,500",10/30/2018 8:10,FOLLOWING TOO CLOSELY,NOT APPLICABLE,2626,W,PETERSON AVE,2413,,,,,,,2,NO INDICATION OF INJURY,0,0,0,0,0,2,0,8,3,10,41.99057402,-87.69569028,POINT (-87.695690283154 41.990574017808)
0337e229bd5dfb606577fd40a358fc0013b4f61b68639080d6ec3edcdda45b837a801379ccec19ae80b73e75a267b8d601cbc10c25296f7c72b1c6754a898e3d,JC445448,,9/23/2019 15:30,30,NO CONTROLS,NO CONTROLS,UNKNOWN,DAYLIGHT,TURNING,DIVIDED - W/MEDIAN (NOT RAISED),,STRAIGHT AND LEVEL,UNKNOWN,UNKNOWN,NOT ON SCENE (DESK REPORT),NO INJURY / DRIVE AWAY,,,,"OVER $1,500",9/23/2019 16:50,FAILING TO YIELD RIGHT-OF-WAY,IMPROPER LANE USAGE,2800,S,ASHLAND AVE,912,,,,,,,2,NO INDICATION OF INJURY,0,0,0,0,0,2,0,15,2,9,41.84083718,-87.66597033,POINT (-87.665970331742 41.840837181762)
0222a4d38611f0a860b4f2e357adfb895523ef18835addc1c02fc68f258878275975e40d1a3c49a87c9df2d1373c2c2947d2a66ccdbdfc38c8b0a29d79ac9e2a,HY534907,,12/12/2015 19:30,30,TRAFFIC SIGNAL,FUNCTIONING PROPERLY,FOG/SMOKE/HAZE,"DARKNESS, LIGHTED ROAD",SIDESWIPE SAME DIRECTION,DIVIDED - W/MEDIAN BARRIER,6,STRAIGHT AND LEVEL,DRY,NO DEFECTS,NOT ON SCENE (DESK REPORT),NO INJURY / DRIVE AWAY,,,Y,"OVER $1,500",12/12/2015 20:11,UNABLE TO DETERMINE,UNABLE TO DETERMINE,1000,N,LAKE SHORE DR,1824,,,,,,,2,NO INDICATION OF INJURY,0,0,0,0,0,2,0,19,7,12,41.90075297,-87.624235,POINT (-87.62423499978 41.900752974042)
09307422665a279ee697188670a25513cee29576444f7408f43534cfe2029e4beadee69dd994a1d7176e5462019405fd9b1a9a7275413871d4fb193b2c6e40cd,JB467940,Y,10/8/2018 22:00,30,NO CONTROLS,NO CONTROLS,UNKNOWN,UNKNOWN,PARKED MOTOR VEHICLE,ONE-WAY,1,STRAIGHT AND LEVEL,UNKNOWN,NO DEFECTS,ON SCENE,NO INJURY / DRIVE AWAY,,,Y,"$501 - $1,500",10/8/2018 22:23,FAILING TO REDUCE SPEED TO AVOID CRASH,UNABLE TO DETERMINE,2226,W,CORTEZ ST,1212,,,,,,,2,NO INDICATION OF INJURY,0,0,0,0,0,1,0,22,2,10,41.90046461,-87.68317967,POINT (-87.683179668711 41.900464611542)
0336104f0fa0f6664b29f51c4b9c3cda556aae0f8ec11314db361d94bb6b9b46471289bd244428ab6e0edefb4596b80815319f7ebe81320120bd8f3061501f94,JG105793,,1/5/2023 18:44,30,NO CONTROLS,NO CONTROLS,CLEAR,"DARKNESS, LIGHTED ROAD",SIDESWIPE SAME DIRECTION,OTHER,,STRAIGHT AND LEVEL,DRY,NO DEFECTS,ON SCENE,NO INJURY / DRIVE AWAY,,,,"OVER $1,500",1/5/2023 18:45,FOLLOWING TOO CLOSELY,NOT APPLICABLE,5500,S,THROOP ST,713,,,,,,,2,NO INDICATION OF INJURY,0,0,0,0,0,3,0,18,5,1,41.79368769,-87.65743714,POINT (-87.657437142001 41.793687693692)
0b863dcbf40f7c1e2eaedd45b3227f4dcee218bcc29bbf434eb625e0614ddb97a81ff89f78e3a4dc3b9ba64307780dc3678f93f2ab61a5933431b3bfaa081ec7,JD198518,,3/29/2020 3:30,30,NO CONTROLS,NO CONTROLS,CLEAR,"DARKNESS, LIGHTED ROAD",PEDALCYCLIST,NOT DIVIDED,,STRAIGHT AND LEVEL,UNKNOWN,UNKNOWN,NOT ON SCENE (DESK REPORT),INJURY AND / OR TOW DUE TO CRASH,,,Y,$500 OR LESS,3/30/2020 19:10,UNABLE TO DETERMINE,UNABLE TO DETERMINE,4621,N,RAVENSWOOD AVE,1912,,,,,,,2,NONINCAPACITATING INJURY,1,0,0,1,0,1,0,3,1,3,41.96582956,-87.67394282,POINT (-87.673942821949 41.965829556034)
079be5c7d5c9fafdbb660528ad646137a41a3fe89e0009224b3c85ff9b199adee4249ced60b8b4f21ac21aa9579a7b49f9f2cfb7a9596cee252f8ba9785fdcf0,JB368095,,7/27/2018 18:05,25,NO CONTROLS,NO CONTROLS,CLEAR,DAYLIGHT,PARKED MOTOR VEHICLE,ONE-WAY,1,STRAIGHT AND LEVEL,DRY,NO DEFECTS,ON SCENE,INJURY AND / OR TOW DUE TO CRASH,,,,"OVER $1,500",7/27/2018 18:25,EQUIPMENT - VEHICLE CONDITION,EXCEEDING SAFE SPEED FOR CONDITIONS,4732,S,ELIZABETH ST,933,,,,,,,2,NO INDICATION OF INJURY,0,0,0,0,0,1,0,18,6,7,41.8077188,-87.65658128,POINT (-87.656581277946 41.807718800551)
03c7342cf94877b6b033d2fdd8564d7931e72fa8ef778349c1d253f99c9a407c7c296c131141c37d7698ebae08387025f4dcf304c9fc120f7c5a93b87f98eb02,HZ298568,,6/7/2016 21:45,30,NO CONTROLS,NO CONTROLS,CLEAR,DAYLIGHT,SIDESWIPE SAME DIRECTION,DIVIDED - W/MEDIAN BARRIER,2,STRAIGHT AND LEVEL,DRY,NO DEFECTS,NOT ON SCENE (DESK REPORT),NO INJURY / DRIVE AWAY,,,Y,"OVER $1,500",6/8/2016 13:45,UNABLE TO DETERMINE,UNABLE TO DETERMINE,3000,N,LAKE SHORE DR,1934,,,,,,,2,NO INDICATION OF INJURY,0,0,0,0,0,2,0,21,3,6,41.93665835,-87.63700903,POINT (-87.637009034085 41.936658352704)
084047be1d9e9c4705838a6a5b700249bed048376f80ddfe2484d57e3e261a4e9106e663b708c5a83601db6448eb8e5b0d800ae57b8c1a3c71921d6a38eaff7f,JA311310,,6/12/2017 16:15,30,NO CONTROLS,NO CONTROLS,CLEAR,DAYLIGHT,ANGLE,ONE-WAY,1,STRAIGHT AND LEVEL,DRY,UNKNOWN,NOT ON SCENE (DESK REPORT),NO INJURY / DRIVE AWAY,,,,"$501 - $1,500",6/17/2017 17:30,FAILING TO YIELD RIGHT-OF-WAY,UNABLE TO DETERMINE,3100,W,AINSLIE ST,1713,,,,,,,2,NO INDICATION OF INJURY,0,0,0,0,0,2,0,16,2,6,41.97040191,-87.7061473,POINT (-87.706147295397 41.970401909482)
0410ce3956dc4d9a9856d854165eeb43c82c545359841be46aaf60fdef20af2b36e3ab36c24aff5d21b276e9a30e74385d99874ec702dce506b84c8762319f91,JE321940,,8/1/2021 7:24,30,TRAFFIC SIGNAL,FUNCTIONING PROPERLY,CLEAR,DAYLIGHT,FIXED OBJECT,T-INTERSECTION,,STRAIGHT AND LEVEL,DRY,NO DEFECTS,ON SCENE,NO INJURY / DRIVE AWAY,,,,"OVER $1,500",8/1/2021 7:30,UNABLE TO DETERMINE,UNABLE TO DETERMINE,1201,S,COLUMBUS DR,132,,,,,,,1,NO INDICATION OF INJURY,0,0,0,0,0,2,0,7,1,8,41.86747078,-87.62021906,POINT (-87.620219059938 41.867470775841)
050f1ab697bff5aea8269222d210be18ba2f213393c2d5ef0b2c06744452248dcf3cd75cda2ba1abd87c39321aa87d44630c8214cc35e15c1aece0465fa1df68,JD315224,,7/30/2020 13:50,30,NO CONTROLS,NO CONTROLS,CLEAR,DAYLIGHT,PARKED MOTOR VEHICLE,ONE-WAY,,STRAIGHT AND LEVEL,DRY,NO DEFECTS,ON SCENE,NO INJURY / DRIVE AWAY,,,Y,"OVER $1,500",7/30/2020 13:56,UNABLE TO DETERMINE,UNABLE TO DETERMINE,2625,N,MAJOR AVE,2514,,,,,,,2,NO INDICATION OF INJURY,0,0,0,0,0,1,0,13,5,7,41.92836687,-87.76842957,POINT (-87.768429566678 41.928366867152)
07106fdc4c6ec70a0f624356501619944a3693c3ab4728fef52f71bcafaf60e5861fcc39e2b661d5910088240e7d5200d42a4d0c39d5d2de691dd41814b90b0d,JA136424,,1/31/2017 11:38,30,NO CONTROLS,NO CONTROLS,CLEAR,DAYLIGHT,ANGLE,NOT DIVIDED,,STRAIGHT AND LEVEL,DRY,NO DEFECTS,ON SCENE,INJURY AND / OR TOW DUE TO CRASH,,,,"OVER $1,500",1/31/2017 11:38,UNABLE TO DETERMINE,UNABLE TO DETERMINE,1551,E,87TH ST,412,,,,,,,3,NO INDICATION OF INJURY,0,0,0,0,0,3,0,11,3,1,41.7368012,-87.58581258,POINT (-87.585812579152 41.736801200976)
023f1519a497a42ee9341777ad746c64c269114e860065a57ab41bf6f771877f07ee6ad80ae9c5660dc7694fe78e3ead5abf6626cf131ad994db20c8d18fb5e1,JF337109,,7/30/2022 7:50,40,NO CONTROLS,NO CONTROLS,CLEAR,DAYLIGHT,SIDESWIPE SAME DIRECTION,DIVIDED - W/MEDIAN BARRIER,,"CURVE, LEVEL",DRY,NO DEFECTS,ON SCENE,NO INJURY / DRIVE AWAY,,,,"$501 - $1,500",7/30/2022 7:58,IMPROPER LANE USAGE,NOT APPLICABLE,1250,S,LAKE SHORE DR E,132,,,,,,,2,NO INDICATION OF INJURY,0,0,0,0,0,5,0,7,7,7,41.86609072,-87.61936489,POINT (-87.619364888827 41.86609072024)
0caf0810b6bb8e266540e03bb973c936b97e74e29a5b268f8a1d08c49bf57447e632ce3f33a0d79bd3b5c00372539461a857106105db410de14d1c899079c4ec,JE487265,,12/12/2021 6:00,30,NO CONTROLS,NO CONTROLS,CLEAR,DAYLIGHT,PARKED MOTOR VEHICLE,NOT DIVIDED,,STRAIGHT AND LEVEL,DRY,NO DEFECTS,NOT ON SCENE (DESK REPORT),NO INJURY / DRIVE AWAY,,,N,"OVER $1,500",12/23/2021 20:29,FAILING TO REDUCE SPEED TO AVOID CRASH,DRIVING SKILLS/KNOWLEDGE/EXPERIENCE,7150,W,ARCHER AVE,811,,,,,,,2,NO INDICATION OF INJURY,0,0,0,0,0,1,0,6,1,12,41.79205648,-87.80105899,POINT (-87.801058993326 41.792056479464)
06bf272acd068a31c88842421042985cadcf5aa528403044d689be2f770e800460a787ca8f102b1b67670fb66d3279736b4ff8a215b9b1938ffed6ff6318d332,JA108223,,1/8/2017 12:00,30,STOP SIGN/FLASHER,FUNCTIONING PROPERLY,CLEAR,DAYLIGHT,TURNING,NOT DIVIDED,5,STRAIGHT AND LEVEL,DRY,NO DEFECTS,,NO INJURY / DRIVE AWAY,,,,"OVER $1,500",1/8/2017 12:19,FAILING TO YIELD RIGHT-OF-WAY,NOT APPLICABLE,6322,N,CENTRAL AVE,1621,,,,,,,2,NO INDICATION OF INJURY,0,0,0,0,0,3,0,12,1,1,41.99663043,-87.76418727,POINT (-87.764187270582 41.996630430568)
067531bd0ff0d1e6dd50ae1077e853991247bd84f04c9e54cb45423fe183ae2e9f901aa25499f54d84e43d7f3f59d517d7e12744384d43fed25864a325e750e5,JA417595,,9/3/2017 18:10,30,NO CONTROLS,NO CONTROLS,CLEAR,DAYLIGHT,SIDESWIPE SAME DIRECTION,ONE-WAY,,STRAIGHT AND LEVEL,DRY,UNKNOWN,NOT ON SCENE (DESK REPORT),NO INJURY / DRIVE AWAY,,,Y,"OVER $1,500",9/3/2017 18:25,UNABLE TO DETERMINE,UNABLE TO DETERMINE,350,S,WELLS ST,122,,,,,,,2,NO INDICATION OF INJURY,0,0,0,0,0,2,0,18,1,9,41.87691126,-87.6338418,POINT (-87.633841798947 41.876911254892)
03cccd9ac7114922d4f607f4a1dc0a27e5887bc51bcfaf723579f0059b54c163ee7e1521db09b78f2eee0b66a89f6bf91c1c6fd2c1578a520ce21ea576e2e05c,JE443029,,11/12/2021 17:50,30,TRAFFIC SIGNAL,FUNCTIONING PROPERLY,RAIN,"DARKNESS, LIGHTED ROAD",PEDESTRIAN,DIVIDED - W/MEDIAN (NOT RAISED),,STRAIGHT AND LEVEL,WET,NO DEFECTS,ON SCENE,INJURY AND / OR TOW DUE TO CRASH,,,,$500 OR LESS,11/12/2021 17:50,UNABLE TO DETERMINE,UNABLE TO DETERMINE,1607,W,FULLERTON AVE,1811,,,,,,,2,NONINCAPACITATING INJURY,1,0,0,1,0,1,0,17,6,11,41.92503697,-87.66851499,POINT (-87.668514990308 41.925036971007)
0b48daab4cee3613ece4fd6a8bfafd2509345c1cbb819648cccd12b783de98e4b00037388141ac1383319a881c3a2942cf2ae07393250b095852cb18fb0bf2b9,JG105488,,1/5/2023 14:20,30,STOP SIGN/FLASHER,FUNCTIONING PROPERLY,CLOUDY/OVERCAST,DAYLIGHT,SIDESWIPE SAME DIRECTION,ONE-WAY,,STRAIGHT AND LEVEL,OTHER,UNKNOWN,NOT ON SCENE (DESK REPORT),NO INJURY / DRIVE AWAY,,,,"$501 - $1,500",1/5/2023 14:54,IMPROPER OVERTAKING/PASSING,UNABLE TO DETERMINE,506,W,OAKDALE AVE,1934,,,,,,,2,NO INDICATION OF INJURY,0,0,0,0,0,2,0,14,5,1,41.9356655,-87.64217366,POINT (-87.642173660759 41.935665496494)
0abaa1af3997047cc2a89fb441b58ac0e58a241bdb53c6a65e3631809e5f7538a3d5c870c44c0227e5687dc5a02595ac9db20b89990cbb23b8cca9828ef28c08,JE178445,,3/23/2021 18:00,30,NO CONTROLS,NO CONTROLS,CLEAR,DAYLIGHT,SIDESWIPE SAME DIRECTION,NOT DIVIDED,,STRAIGHT AND LEVEL,WET,UNKNOWN,NOT ON SCENE (DESK REPORT),NO INJURY / DRIVE AWAY,Y,,,"OVER $1,500",3/24/2021 14:33,IMPROPER OVERTAKING/PASSING,NOT APPLICABLE,700,W,NORTH AVE,1813,,,,,,,2,NO INDICATION OF INJURY,0,0,0,0,0,2,0,18,3,3,41.91106505,-87.6458681,POINT (-87.645868097243 41.911065052646)
0823c9103c0a298fd0928f7255de48d53313deb317a2746833b74df5be1c9107d852d08033e9cb2455e64c6e75d5f5d0b9ab51059a44a050e6ee8eb533da4547,JF202479,,4/9/2022 1:00,20,NO CONTROLS,NO CONTROLS,CLEAR,"DARKNESS, LIGHTED ROAD",PARKED MOTOR VEHICLE,NOT DIVIDED,,STRAIGHT AND LEVEL,WET,NO DEFECTS,NOT ON SCENE (DESK REPORT),NO INJURY / DRIVE AWAY,,,Y,"OVER $1,500",4/9/2022 12:10,UNABLE TO DETERMINE,NOT APPLICABLE,1615,N,ROCKWELL ST,1434,,,,,,,2,NO INDICATION OF INJURY,0,0,0,0,0,1,0,1,7,4,41.91075602,-87.6919677,POINT (-87.691967702616 41.910756017051)
0a51ee812a1d3ce5691d2629674822225b6a69f3413156f0de723ff35f76befe0e6d62eca8752930c1fa6850e137a1a430bf34ae50fe3866b008657069c395f5,JF396033,,9/14/2022 16:20,30,NO CONTROLS,NO CONTROLS,CLEAR,DAYLIGHT,PARKED MOTOR VEHICLE,PARKING LOT,,STRAIGHT AND LEVEL,DRY,NO DEFECTS,NOT ON SCENE (DESK REPORT),NO INJURY / DRIVE AWAY,,,Y,"OVER $1,500",9/14/2022 16:45,UNABLE TO DETERMINE,UNABLE TO DETERMINE,9945,S,COMMERCIAL AVE,431,,,,,,,2,NO INDICATION OF INJURY,0,0,0,0,0,2,0,16,4,9,41.71411441,-87.55080406,POINT (-87.550804061438 41.714114408441)
0061dcb91ddbc7c87b7a2b22013b507a58a561a0ff74a0f63ed3729c7981fe275f6fae13be5ec1b89b3d648b655a7cf2605a3c2d97165c506628720379815141,JF233584,,5/7/2022 14:10,30,TRAFFIC SIGNAL,FUNCTIONING PROPERLY,CLEAR,DAYLIGHT,ANGLE,FOUR WAY,,STRAIGHT AND LEVEL,DRY,NO DEFECTS,ON SCENE,INJURY AND / OR TOW DUE TO CRASH,Y,,,"OVER $1,500",5/7/2022 14:10,DISREGARDING TRAFFIC SIGNALS,NOT APPLICABLE,6700,S,WENTWORTH AVE,722,,,,,,,2,NO INDICATION OF INJURY,0,0,0,0,0,6,0,14,7,5,41.77261544,-87.63009968,POINT (-87.630099677564 41.77261543566)