CRASH_RECORD_ID,RD_NO,CRASH_DATE_EST_I,CRASH_DATE,POSTED_SPEED_LIMIT,TRAFFIC_CONTROL_DEVICE,DEVICE_CONDITION,WEATHER_CONDITION,LIGHTING_CONDITION,FIRST_CRASH_TYPE,TRAFFICWAY_TYPE,LANE_CNT,ALIGNMENT,ROADWAY_SURFACE_COND,ROAD_DEFECT,REPORT_TYPE,CRASH_TYPE,INTERSECTION_RELATED_I,NOT_RIGHT_OF_WAY_I,HIT_AND_RUN_I,DAMAGE,DATE_POLICE_NOTIFIED,PRIM_CONTRIBUTORY_CAUSE,SEC_CONTRIBUTORY_CAUSE,STREET_NO,STREET_DIRECTION,STREET_NAME,BEAT_OF_OCCURRENCE,PHOTOS_TAKEN_I,STATEMENTS_TAKEN_I,DOORING_I,WORK_ZONE_I,WORK_ZONE_TYPE,WORKERS_PRESENT_I,NUM_UNITS,MOST_SEVERE_INJURY,INJURIES_TOTAL,INJURIES_FATAL,INJURIES_INCAPACITATING,INJURIES_NON_INCAPACITATING,INJURIES_REPORTED_NOT_EVIDENT,INJURIES_NO_INDICATION,INJURIES_UNKNOWN,CRASH_HOUR,CRASH_DAY_OF_WEEK,CRASH_MONTH,LATITUDE,LONGITUDE,LOCATION
015da02e99deac5eb4d3893775eca1734c0671247b470ab766a7cad9262d673a78bc145fc527f0532ee4d4576acb9244e32badba3b2c09efb3fe9299aa1b0638,HZ568150,,12/28/2016 17:31,10,NO CONTROLS,NO CONTROLS,CLEAR,DUSK,PARKED MOTOR VEHICLE,PARKING LOT,,STRAIGHT AND LEVEL,DRY,NO DEFECTS,NOT ON SCENE (DESK REPORT),NO INJURY / DRIVE AWAY,,,Y,"OVER $1,500",12/28/2016 18:13,NOT APPLICABLE,NOT APPLICABLE,5687,S,ARCHER AVE,814,,,,,,,2,NO INDICATION OF INJURY,0,0,0,0,0,1,0,17,4,12,41.79696861,-87.75352367,POINT (-87.75352366806 41.796968605758)
050404f0f89df4457dfeb5d3db35fec5ce53d41b43ef0d84b8cfa220bee6c207cdb659892e1010554d9bb92bc84ae6454a1fea8b5b7011e231c24fdd3ce1a0a4,JD314218,,7/29/2020 15:40,30,STOP SIGN/FLASHER,FUNCTIONING PROPERLY,CLEAR,DAYLIGHT,ANGLE,T-INTERSECTION,,STRAIGHT AND LEVEL,DRY,NO DEFECTS,ON SCENE,NO INJURY / DRIVE AWAY,Y,,,"OVER $1,500",7/29/2020 16:17,"VISION OBSCURED (SIGNS, TREE LIMBS, BUILDINGS, ETC.)",UNABLE TO DETERMINE,55,W,79TH ST,623,,,,,,,2,NO INDICATION OF INJURY,0,0,0,0,0,3,0,15,4,7,41.75080565,-87.62688474,POINT (-87.626884742737 41.750805653599)
028bf389eb41756a9256754ef66a0be56d992876dae210447676a0636ba0d320a51b0e4b083acb713410cb276dc31649196bd014fcf5ca79406acae510bfc000,JE231589,,5/16/2021 1:37,30,TRAFFIC SIGNAL,FUNCTIONING PROPERLY,CLEAR,DARKNESS,TURNING,DIVIDED - W/MEDIAN (NOT RAISED),,STRAIGHT AND LEVEL,DRY,NO DEFECTS,NOT ON SCENE (DESK REPORT),NO INJURY / DRIVE AWAY,,,Y,"$501 - $1,500",5/16/2021 2:00,DISREGARDING TRAFFIC SIGNALS,UNABLE TO DETERMINE,2051,N,AUSTIN AVE,2515,,,,,,,3,NO INDICATION OF INJURY,0,0,0,0,0,4,0,1,1,5,41.91784503,-87.77536612,POINT (-87.775366119559 41.917845024892)
0478dbfb7e792a1a15bd6e9afcdbd7a783d95a3f8ca889d081115b1829f14a5ff65b18d8c1b4d6397f66913d2168239c6c25e0da031aedbf27f6ae33c4b68162,JE222610,,5/7/2021 13:20,30,TRAFFIC SIGNAL,FUNCTIONING PROPERLY,CLEAR,DAYLIGHT,SIDESWIPE SAME DIRECTION,DIVIDED - W/MEDIAN (NOT RAISED),,STRAIGHT AND LEVEL,DRY,NO DEFECTS,ON SCENE,INJURY AND / OR TOW DUE TO CRASH,,,Y,"OVER $1,500",5/7/2021 13:30,UNABLE TO DETERMINE,UNABLE TO DETERMINE,5531,S,CICERO AVE,813,,,,,,,2,NO INDICATION OF INJURY,0,0,0,0,0,2,0,13,6,5,41.79221565,-87.74147245,POINT (-87.741472447094 41.792215646466)
09124fe1f6c86941ad62f10a8f78271f7b816755d230bda353ba43fc1073d7faa994965d651e3c9f4e330a3bb033d4f306b0e26cdc1059b51119395c683ffe4b,JB274577,,5/22/2018 23:07,30,STOP SIGN/FLASHER,FUNCTIONING PROPERLY,CLEAR,DARKNESS,PEDALCYCLIST,NOT DIVIDED,2,STRAIGHT AND LEVEL,DRY,NO DEFECTS,ON SCENE,INJURY AND / OR TOW DUE TO CRASH,Y,,,"OVER $1,500",5/22/2018 23:07,UNABLE TO DETERMINE,UNABLE TO DETERMINE,1700,W,POLK ST,1231,,,,,,,2,NONINCAPACITATING INJURY,1,0,0,1,0,1,0,23,3,5,41.87169752,-87.66906631,POINT (-87.669066310341 41.871697514937)
059ac817009d263a3b19767a168a6d57b9aa04b70cc1ad4aaef277d52446ba092cd5510bed56107f1c5a1aedc9282e70cf2499b5a7e3585fb21e211e75c102ba,JF458322,,11/1/2022 16:00,30,NO CONTROLS,NO CONTROLS,CLEAR,DAYLIGHT,TURNING,NOT DIVIDED,,STRAIGHT AND LEVEL,DRY,NO DEFECTS,NOT ON SCENE (DESK REPORT),NO INJURY / DRIVE AWAY,,,,"OVER $1,500",11/1/2022 17:55,FAILING TO YIELD RIGHT-OF-WAY,NOT APPLICABLE,5274,S,WOODLAWN AVE,233,,,,,,,2,NO INDICATION OF INJURY,0,0,0,0,0,2,0,16,3,11,41.79952888,-87.59679025,POINT (-87.596790246549 41.799528883127)
026d9edff466c7c60bebc68f3b149ba38e3b69305272c16db2f196cff14fe303014c618cebc4ede852fcd00301c5c807ea01c1333a4bf2d5c42655e5747c713c,JE423698,,10/26/2021 21:30,30,NO CONTROLS,NO CONTROLS,CLEAR,"DARKNESS, LIGHTED ROAD",PARKED MOTOR VEHICLE,ONE-WAY,,STRAIGHT AND LEVEL,DRY,NO DEFECTS,ON SCENE,NO INJURY / DRIVE AWAY,,,Y,"OVER $1,500",10/26/2021 23:41,UNABLE TO DETERMINE,UNABLE TO DETERMINE,2552,N,MASON AVE,2515,,,,,,,2,NO INDICATION OF INJURY,0,0,0,0,0,1,0,21,3,10,41.92723703,-87.77476311,POINT (-87.774763113195 41.927237027098)
0c6b6dab1b8cf4c3c2afd102c2127e012dd1929807859eb10778d990fd0cd56f171157ddfa2bbfb7afd2d1786b8228de49d550202cee3899f8095cb63073a742,JA281615,,5/27/2017 17:00,30,TRAFFIC SIGNAL,FUNCTIONING PROPERLY,CLEAR,DAYLIGHT,FIXED OBJECT,NOT DIVIDED,2,STRAIGHT AND LEVEL,DRY,NO DEFECTS,ON SCENE,INJURY AND / OR TOW DUE TO CRASH,Y,,,"OVER $1,500",5/27/2017 17:00,"VISION OBSCURED (SIGNS, TREE LIMBS, BUILDINGS, ETC.)",UNABLE TO DETERMINE,8259,S,HALSTED ST,622,,,,,,,1,NO INDICATION OF INJURY,0,0,0,0,0,1,0,17,7,5,41.74345181,-87.64368669,POINT (-87.643686685621 41.743451810224)
0a9cc545e97df4b212b778fff5f8a2b90425ff35e81b653f1754fc704f4fa5faec22ba772a00df88b675f9cb21130ebafea79d7871096168d5800f80942bae44,JB536489,,12/1/2018 20:30,30,NO CONTROLS,NO CONTROLS,RAIN,"DARKNESS, LIGHTED ROAD",REAR END,DIVIDED - W/MEDIAN BARRIER,2,STRAIGHT AND LEVEL,WET,NO DEFECTS,ON SCENE,INJURY AND / OR TOW DUE TO CRASH,N,,Y,"OVER $1,500",12/1/2018 20:38,"OPERATING VEHICLE IN ERRATIC, RECKLESS, CARELESS, NEGLIGENT OR AGGRESSIVE MANNER",NOT APPLICABLE,2505,W,79TH ST,835,,,,,,,3,NO INDICATION OF INJURY,0,0,0,0,0,3,0,20,7,12,41.74989055,-87.68551534,POINT (-87.685515341297 41.749890544609)
071f6f765f6fd69afc153270f6af8e93d8473b086252f5739941f8f066f81dc1b79303896bd2724276acb6f6a279a45462d6d4aec49133cd57f9248e5012ebf8,JF129535,Y,1/29/2022 1:00,30,NO CONTROLS,NO CONTROLS,UNKNOWN,UNKNOWN,PARKED MOTOR VEHICLE,ONE-WAY,,STRAIGHT AND LEVEL,UNKNOWN,UNKNOWN,NOT ON SCENE (DESK REPORT),NO INJURY / DRIVE AWAY,,,Y,"OVER $1,500",1/31/2022 11:20,UNABLE TO DETERMINE,UNABLE TO DETERMINE,3645,W,CORNELIA AVE,1732,,,,,,,2,NO INDICATION OF INJURY,0,0,0,0,0,1,0,1,7,1,41.94455089,-87.71939487,POINT (-87.719394864786 41.944550892335)
0b7118b7e4be7b6c2df83606ddb314e1e3f238b85014657d9128c3499486d54a62cdd296b0c280c991078e390eb3eda8ed608735b0e3dd990014f2b4465d92d0,JG153918,,2/15/2023 12:45,30,NO CONTROLS,NO CONTROLS,CLEAR,DAYLIGHT,PARKED MOTOR VEHICLE,NOT DIVIDED,,STRAIGHT AND LEVEL,DRY,NO DEFECTS,NOT ON SCENE (DESK REPORT),NO INJURY / DRIVE AWAY,,,,"$501 - $1,500",2/15/2023 17:40,UNABLE TO DETERMINE,UNABLE TO DETERMINE,5310,W,PATTERSON AVE,1634,,,,,,,2,NO INDICATION OF INJURY,0,0,0,0,0,1,0,12,4,2,41.94698892,-87.75991402,POINT (-87.759914021278 41.946988923783)
09c1bc6e58a2fe4dc4d73e1c4f5bf52fa2c7c04702d70dc5e6451f01dbc36b478024f7888bd9a408a2937e80500c7e8c4681d2067dc56defc701030c1c1e04f7,JC274784,,5/23/2019 7:10,20,STOP SIGN/FLASHER,NO CONTROLS,CLEAR,DAYLIGHT,REAR END,FOUR WAY,,STRAIGHT AND LEVEL,DRY,NO DEFECTS,NOT ON SCENE (DESK REPORT),NO INJURY / DRIVE AWAY,,,,"$501 - $1,500",5/23/2019 7:53,FOLLOWING TOO CLOSELY,NOT APPLICABLE,5003,N,DAMEN AVE,2032,,,,,,,2,NO INDICATION OF INJURY,0,0,0,0,0,2,0,7,5,5,41.97250661,-87.67915193,POINT (-87.679151928947 41.97250661047)
07313f8c7ea9f90e1b0c68e7d83b82d6c313c28011c6c842f795278a4fcb782bd1d737a7809b4037251a2020e0e8f1e3e46c91300ae1044ae8b59ff2e289550c,JA484248,,10/24/2017 15:25,30,STOP SIGN/FLASHER,NO CONTROLS,RAIN,DAYLIGHT,TURNING,NOT DIVIDED,,STRAIGHT AND LEVEL,WET,NO DEFECTS,ON SCENE,NO INJURY / DRIVE AWAY,,,,"OVER $1,500",10/24/2017 15:51,UNABLE TO DETERMINE,NOT APPLICABLE,935,N,CLARK ST,1832,,,,,,,2,NO INDICATION OF INJURY,0,0,0,0,0,2,0,15,3,10,41.89976512,-87.63118234,POINT (-87.631182343062 41.89976511608)
0c4ce75e043d6fd96820eb7359ded2ce2a28662e1213224e4234c431915855c1778426e4c0d6ff3f6c16933a22c06e65895bb8033db098a7d64e47a0aaebefe1,JB240046,,4/27/2018 11:30,30,TRAFFIC SIGNAL,FUNCTIONING PROPERLY,CLEAR,DAYLIGHT,REAR END,OTHER,0,STRAIGHT AND LEVEL,DRY,NO DEFECTS,NOT ON SCENE (DESK REPORT),NO INJURY / DRIVE AWAY,Y,,,"$501 - $1,500",4/27/2018 12:40,EQUIPMENT - VEHICLE CONDITION,NOT APPLICABLE,7158,W,65TH ST,812,,,,,,,2,NO INDICATION OF INJURY,0,0,0,0,0,2,0,11,6,4,41.77380943,-87.80068278,POINT (-87.800682775238 41.77380942733)
082714283998bba5e326d8349105c73b564ba88d1b02b4b20e2c3249186862afb9c14d1a190e4b2a5faf29baed67aea759fc0fd4d41fd2b504c0590975c3ad93,JC264129,,5/5/2019 15:45,20,STOP SIGN/FLASHER,FUNCTIONING PROPERLY,CLEAR,DAYLIGHT,REAR END,ONE-WAY,,STRAIGHT AND LEVEL,DRY,NO DEFECTS,NOT ON SCENE (DESK REPORT),NO INJURY / DRIVE AWAY,,,,"OVER $1,500",5/15/2019 14:05,FOLLOWING TOO CLOSELY,UNABLE TO DETERMINE,3799,N,OTTAWA AVE,1631,,,,,,,2,NO INDICATION OF INJURY,0,0,0,0,0,2,0,15,1,5,41.94832026,-87.81823871,POINT (-87.818238710958 41.948320255951)
032e36aa94ec2a4bd3bf5469abd4d3d028c5db03995f89ebe83108aba737c8db769e25a6efb7cc4028444274e2ec6187ec15814167bf06abb739d12245c133d9,JG257780,,5/12/2023 8:00,30,NO CONTROLS,NO CONTROLS,CLEAR,DAYLIGHT,PARKED MOTOR VEHICLE,NOT DIVIDED,,STRAIGHT AND LEVEL,DRY,NO DEFECTS,NOT ON SCENE (DESK REPORT),NO INJURY / DRIVE AWAY,,,Y,"$501 - $1,500",5/12/2023 10:30,UNABLE TO DETERMINE,UNABLE TO DETERMINE,2353,E,70TH ST,331,,,,,,,2,NO INDICATION OF INJURY,0,0,0,0,0,1,0,8,6,5,41.76795582,-87.56765243,POINT (-87.56765243319 41.7679558225)
0183cc5a01bd7078e8f243453b5e4d8b6ebd4146d6161585643ffc363f3c0b9dc5aab07e007ba760df2b68aa0cefbf11d7cbd7002c7f4b981fd47d30b0a150d2,JB431456,,9/11/2018 17:20,30,NO CONTROLS,NO CONTROLS,CLEAR,DAYLIGHT,REAR END,DIVIDED - W/MEDIAN (NOT RAISED),4,STRAIGHT AND LEVEL,DRY,NO DEFECTS,ON SCENE,NO INJURY / DRIVE AWAY,,,,"$501 - $1,500",9/11/2018 17:24,FOLLOWING TOO CLOSELY,"DISTRACTION - OTHER ELECTRONIC DEVICE (NAVIGATION DEVICE, DVD PLAYER, ETC.)",4013,W,MONTROSE AVE,1722,,,,,,,2,NO INDICATION OF INJURY,0,0,0,0,0,4,0,17,3,9,41.96082999,-87.7283889,POINT (-87.728388894865 41.9608299854)
01022aed400419917008850ddd8989603336c33763ceb0a5947ce6a5b58dd0e2ede64811057566789cce1920b76da99987431b3ddc35ffda96155a290927caf3,JC243916,,4/30/2019 10:30,30,TRAFFIC SIGNAL,UNKNOWN,RAIN,DAYLIGHT,REAR END,DIVIDED - W/MEDIAN (NOT RAISED),,STRAIGHT AND LEVEL,WET,UNKNOWN,ON SCENE,INJURY AND / OR TOW DUE TO CRASH,Y,,,"$501 - $1,500",4/30/2019 11:00,FOLLOWING TOO CLOSELY,UNABLE TO DETERMINE,5156,W,CHICAGO AVE,1531,,,,,,,2,"REPORTED, NOT EVIDENT",1,0,0,0,1,1,0,10,3,4,41.89504946,-87.75546456,POINT (-87.755464556517 41.895049461537)
01612c4b9ffeaf8446d36deadf6c408621cb9ef84bc3c7790103f3fa339ff28cbacc036be4ca1c9ea924e88bf0e485d1bd12b5b6c0b7feaffcf42580515068eb,JB504677,,11/5/2018 7:20,30,NO CONTROLS,NO CONTROLS,CLEAR,DAYLIGHT,TURNING,NOT DIVIDED,4,STRAIGHT AND LEVEL,DRY,NO DEFECTS,NOT ON SCENE (DESK REPORT),NO INJURY / DRIVE AWAY,Y,,,"$501 - $1,500",11/5/2018 16:20,FAILING TO YIELD RIGHT-OF-WAY,NOT APPLICABLE,2500,N,PULASKI RD,2524,,,,,,,2,NO INDICATION OF INJURY,0,0,0,0,0,2,0,7,2,11,41.92640958,-87.72697159,POINT (-87.726971584675 41.926409575286)
008d8bba82bc8e3dc10fcf2c33d21c5f8b9cbd50a5ed8181cee60f70abffd5c1a4a3cbe35a99b29de85a408880740139f0a759c01a1df8cbd267c10b42dca390,JF387588,,9/8/2022 5:40,30,NO CONTROLS,NO CONTROLS,CLEAR,DAYLIGHT,SIDESWIPE OPPOSITE DIRECTION,NOT DIVIDED,,STRAIGHT AND LEVEL,DRY,"RUT, HOLES",NOT ON SCENE (DESK REPORT),NO INJURY / DRIVE AWAY,,,,"OVER $1,500",9/8/2022 7:27,UNABLE TO DETERMINE,NOT APPLICABLE,899,S,KILPATRICK AVE,1131,,,,,,,2,NO INDICATION OF INJURY,0,0,0,0,0,2,0,5,5,9,41.86962622,-87.74229087,POINT (-87.742290866383 41.869626220895)
05040d94ffad1d70dc0502344179d6d6d48df3213324020e9e434dcea7326d05ed50908cb77b60e7133352d99cc0a75e9b9b35cd72b8bac10e9e227e1e7f45d9,JF235571,,5/9/2022 10:13,30,NO CONTROLS,NO CONTROLS,CLEAR,DAYLIGHT,TURNING,DIVIDED - W/MEDIAN (NOT RAISED),,STRAIGHT AND LEVEL,DRY,NO DEFECTS,NOT ON SCENE (DESK REPORT),NO INJURY / DRIVE AWAY,,,,"OVER $1,500",5/9/2022 13:00,UNABLE TO DETERMINE,UNABLE TO DETERMINE,3659,W,ADDISON ST,1732,,,,,,,2,NO INDICATION OF INJURY,0,0,0,0,0,2,0,10,2,5,41.94636141,-87.720044,POINT (-87.720044001505 41.946361413083)
07d82a17fba3361364ccd6e7cdb880706ba3155e96bc9c074fb2bc3abab1be7aa757a9bfa37e9c82316a4e103ab9397a3a7002556c96390cb8c097de9149775d,JF273960,,6/9/2022 23:28,35,NO CONTROLS,NO CONTROLS,CLEAR,"DARKNESS, LIGHTED ROAD",PARKED MOTOR VEHICLE,DIVIDED - W/MEDIAN (NOT RAISED),,STRAIGHT AND LEVEL,DRY,NO DEFECTS,ON SCENE,INJURY AND / OR TOW DUE TO CRASH,,,Y,"OVER $1,500",6/9/2022 23:29,IMPROPER LANE USAGE,UNABLE TO DETERMINE,6830,S,WESTERN AVE,832,,,,,,,2,NO INDICATION OF INJURY,0,0,0,0,0,1,0,23,5,6,41.76921055,-87.68351445,POINT (-87.683514453615 41.769210549431)
021debda27c837ca436b2cbaf1e206ae0c78bc817a51a0382ed4687a67189365c33030878f876b0527173b265cba4126ef79850ce6943784aea01b8c88bc2661,JB374689,,8/1/2018 16:15,30,TRAFFIC SIGNAL,FUNCTIONING PROPERLY,CLEAR,DAYLIGHT,PARKED MOTOR VEHICLE,NOT DIVIDED,,STRAIGHT AND LEVEL,DRY,NO DEFECTS,ON SCENE,NO INJURY / DRIVE AWAY,,,,"OVER $1,500",8/1/2018 16:25,UNABLE TO DETERMINE,NOT APPLICABLE,4949,S,COTTAGE GROVE AVE,223,,,,,,,3,NO INDICATION OF INJURY,0,0,0,0,0,1,0,16,4,8,41.80445498,-87.60630958,POINT (-87.606309575608 41.804454981523)
0641f935d880113e97949a15722b4de603acadbde4a0c417ae3ccf79ed200ae78c4a03675eb72f47284822af0a21a35374a0522c398026f070b419d2bdb2f5d3,JA515377,,11/16/2017 17:33,30,TRAFFIC SIGNAL,FUNCTIONING PROPERLY,CLEAR,DARKNESS,SIDESWIPE SAME DIRECTION,NOT DIVIDED,3,STRAIGHT AND LEVEL,DRY,NO DEFECTS,NOT ON SCENE (DESK REPORT),NO INJURY / DRIVE AWAY,Y,,,"$501 - $1,500",11/17/2017 14:40,UNABLE TO DETERMINE,UNABLE TO DETERMINE,780,W,ADAMS ST,1232,,,,,,,2,NO INDICATION OF INJURY,0,0,0,0,0,4,0,17,5,11,41.87932863,-87.64716435,POINT (-87.647164348861 41.87932863039)
08ad015c047696d2342e3b6f320d97baef379a4cc72d6bc15476107e9709cd72651350e9a524b12e2c1602c43a46b77893742f85cb605da510a858e790911907,JG102679,,1/2/2023 9:15,30,NO CONTROLS,UNKNOWN,UNKNOWN,DARKNESS,PARKED MOTOR VEHICLE,ONE-WAY,,STRAIGHT AND LEVEL,UNKNOWN,UNKNOWN,NOT ON SCENE (DESK REPORT),NO INJURY / DRIVE AWAY,,,Y,"$501 - $1,500",1/3/2023 10:41,UNABLE TO DETERMINE,UNABLE TO DETERMINE,8614,W,BERWYN AVE,1614,,,,,,,2,NO INDICATION OF INJURY,0,0,0,0,0,1,0,9,2,1,41.97524741,-87.84220348,POINT (-87.842203477859 41.975247404995)
068d9ee23cd5ec874d6e8ed36ca29248560a4c58f2ae18cc56c3e2ab744a13cab6c0f73bbb7f2503902025fb8d69c5ef06145b7dc73ab311bc796fede7a8b041,JF408038,,9/23/2022 13:00,25,NO CONTROLS,NO CONTROLS,CLEAR,DAYLIGHT,PARKED MOTOR VEHICLE,NOT DIVIDED,,STRAIGHT AND LEVEL,DRY,NO DEFECTS,NOT ON SCENE (DESK REPORT),NO INJURY / DRIVE AWAY,,,Y,"OVER $1,500",9/23/2022 17:26,FAILING TO REDUCE SPEED TO AVOID CRASH,NOT APPLICABLE,6277,N,LEONA AVE,1621,,,,,,,2,NO INDICATION OF INJURY,0,0,0,0,0,1,0,13,6,9,41.99523184,-87.75516449,POINT (-87.755164492733 41.995231837026)
0acb3c2a31a4bba3c8324a3349d8a925ac2cff8b0bf825c44cd21f2b5eed54e2c661bc24df33b617be7eede9c505e5d1fbb06a59d099be0027e7aea071c2efd8,JE291502,,7/5/2021 23:05,30,NO CONTROLS,NO CONTROLS,CLEAR,DARKNESS,PARKED MOTOR VEHICLE,NOT DIVIDED,,STRAIGHT AND LEVEL,DRY,NO DEFECTS,ON SCENE,NO INJURY / DRIVE AWAY,,,Y,$500 OR LESS,7/5/2021 23:10,IMPROPER BACKING,FAILING TO REDUCE SPEED TO AVOID CRASH,13367,S,CORLISS AVE,533,,,,,,,2,NO INDICATION OF INJURY,0,0,0,0,0,1,0,23,2,7,41.65349171,-87.60189089,POINT (-87.601890891648 41.653491709807)
01fdca83f451a9734ba199a11158fd73f25e999b9772261393166c0f7ee470ee85adc3bc29ae01307b907b319ac57d075ebebd8b3d888b21ce249a15195bcdc3,JD110773,,1/9/2020 9:00,30,NO CONTROLS,NO CONTROLS,RAIN,DAYLIGHT,PARKED MOTOR VEHICLE,NOT DIVIDED,,STRAIGHT AND LEVEL,WET,UNKNOWN,NOT ON SCENE (DESK REPORT),NO INJURY / DRIVE AWAY,,,Y,"OVER $1,500",1/10/2020 11:15,UNABLE TO DETERMINE,UNABLE TO DETERMINE,5350,W,WASHINGTON BLVD,1523,,,,,,,2,NO INDICATION OF INJURY,0,0,0,0,0,1,0,9,5,1,41.88242513,-87.75958971,POINT (-87.759589710292 41.882425127937)
0c39fc05a78320317ce0b5c7254eb8099d81c398f6f809cf82faec8752dcecd3339f7a8e1490131cf5aeec5f307a21fc2e7ee1b9b2231b1808a16e296bdd68b5,JC315235,,6/21/2019 3:50,35,NO CONTROLS,NO CONTROLS,CLEAR,"DARKNESS, LIGHTED ROAD",PARKED MOTOR VEHICLE,NOT DIVIDED,,STRAIGHT AND LEVEL,DRY,NO DEFECTS,ON SCENE,INJURY AND / OR TOW DUE TO CRASH,,,,"OVER $1,500",6/21/2019 3:55,IMPROPER TURNING/NO SIGNAL,DRIVING SKILLS/KNOWLEDGE/EXPERIENCE,10432,S,WENTWORTH AVE,512,,,,,,,2,NONINCAPACITATING INJURY,1,0,0,1,0,0,0,3,6,6,41.70441312,-87.62834935,POINT (-87.628349344855 41.704413114823)
05181255b84c79fdd53bc9af9511142e81da88b3f64a7981db637ebcf7327f65cb435634de5476604960f1b17c07c7024d75f9816ef871770ec6ad119aa8a138,JE244381,,5/27/2021 8:05,30,STOP SIGN/FLASHER,FUNCTIONING PROPERLY,CLEAR,DAYLIGHT,ANGLE,FOUR WAY,,STRAIGHT AND LEVEL,DRY,NO DEFECTS,ON SCENE,INJURY AND / OR TOW DUE TO CRASH,Y,,,"OVER $1,500",5/27/2021 8:05,FAILING TO YIELD RIGHT-OF-WAY,DISREGARDING STOP SIGN,4159,W,HARRISON ST,1132,,,,,,,2,INCAPACITATING INJURY,3,0,3,0,0,1,0,8,5,5,41.87327735,-87.73024872,POINT (-87.730248714812 41.873277352223)
0818d74a01c6a320db03fc194ca9f64c1cb0786ce07483c72b8f53cb8fd3ecb64845453896396e87900a4286571a615f94ed9ad17b5955be59e75e08e621f7fb,JB214998,,4/6/2018 8:15,30,NO CONTROLS,NO CONTROLS,CLEAR,DAYLIGHT,REAR END,DIVIDED - W/MEDIAN (NOT RAISED),2,STRAIGHT AND LEVEL,DRY,NO DEFECTS,NOT ON SCENE (DESK REPORT),NO INJURY / DRIVE AWAY,Y,,,"$501 - $1,500",4/7/2018 14:43,UNABLE TO DETERMINE,NOT APPLICABLE,5700,S,CORNELL DR,331,,,,,,,2,NO INDICATION OF INJURY,0,0,0,0,0,2,0,8,6,4,41.7915802,-87.58556422,POINT (-87.585564215195 41.791580204331)
0367c7f2d92b06593686a41dc615dd756ce5838c9b2d8e8ad308ab26ac845fff8b39120b11f2f3390ad72b8549c6ed41d63ff5341dae3448030deb00582e01ae,JE149976,,2/23/2021 14:15,15,NO CONTROLS,NO CONTROLS,CLEAR,DAYLIGHT,SIDESWIPE SAME DIRECTION,DIVIDED - W/MEDIAN (NOT RAISED),,STRAIGHT AND LEVEL,SNOW OR SLUSH,NO DEFECTS,ON SCENE,NO INJURY / DRIVE AWAY,,,Y,"OVER $1,500",2/23/2021 14:22,UNABLE TO DETERMINE,NOT APPLICABLE,205,W,87TH ST,634,,,,,,,2,NO INDICATION OF INJURY,0,0,0,0,0,2,0,14,3,2,41.73603018,-87.62909451,POINT (-87.629094508576 41.736030175198)
09c30ec8a52ee284580047e553ec60a2281decf67f27bdae383a4a9be23e268e62b593735fb1b8062118dbbe9f45b4d0dbd0ac8760e5cec8cfb9b8b1dbc9a631,JB529272,,11/26/2018 10:00,30,TRAFFIC SIGNAL,FUNCTIONING PROPERLY,SNOW,DAYLIGHT,TURNING,NOT DIVIDED,,STRAIGHT AND LEVEL,WET,NO DEFECTS,ON SCENE,NO INJURY / DRIVE AWAY,,,,"$501 - $1,500",11/26/2018 10:05,UNABLE TO DETERMINE,UNABLE TO DETERMINE,2300,S,DR MARTIN LUTHER KING JR DR,132,,,,,,,2,NO INDICATION OF INJURY,0,0,0,0,0,2,0,10,2,11,41.85118706,-87.61911261,POINT (-87.619112611242 41.851187063739)
03078f062e9482ca7d6ab3d2b8a5a242990ec3fad13bdd4e8648371f8e291d54b08beaca0fd22f9d206433603d7c2b3023e8ea5da9276bdc3b82c48507491e25,JG267823,,5/20/2023 11:00,30,NO CONTROLS,NO CONTROLS,CLEAR,DAYLIGHT,PARKED MOTOR VEHICLE,ALLEY,,STRAIGHT AND LEVEL,DRY,NO DEFECTS,ON SCENE,NO INJURY / DRIVE AWAY,,,,"$501 - $1,500",5/20/2023 11:07,IMPROPER OVERTAKING/PASSING,DRIVING SKILLS/KNOWLEDGE/EXPERIENCE,619,W,JACKSON BLVD,121,,,,,,,2,NO INDICATION OF INJURY,0,0,0,0,0,1,0,11,7,5,41.87788593,-87.64339895,POINT (-87.643398949877 41.877885926493)
0c78e7b4fd2f111e76f12d166959fa9815d2653cc8852c863891b14641043bbbafa5378a35fcf6d3ceb5411e95d9f9f70815eaf58b4215633f84d6a5124598a7,JG308755,,6/20/2023 15:50,35,NO CONTROLS,NO CONTROLS,CLEAR,DAYLIGHT,PARKED MOTOR VEHICLE,NOT DIVIDED,,STRAIGHT AND LEVEL,DRY,NO DEFECTS,ON SCENE,NO INJURY / DRIVE AWAY,,,,$500 OR LESS,6/20/2023 16:00,UNABLE TO DETERMINE,UNABLE TO DETERMINE,5842,S,ARCHER AVE,814,,,,,,,2,NO INDICATION OF INJURY,0,0,0,0,0,1,0,15,3,6,41.79613355,-87.76038586,POINT (-87.760385862119 41.796133546891)