CRASH_RECORD_ID,RD_NO,CRASH_DATE_EST_I,CRASH_DATE,POSTED_SPEED_LIMIT,TRAFFIC_CONTROL_DEVICE,DEVICE_CONDITION,WEATHER_CONDITION,LIGHTING_CONDITION,FIRST_CRASH_TYPE,TRAFFICWAY_TYPE,LANE_CNT,ALIGNMENT,ROADWAY_SURFACE_COND,ROAD_DEFECT,REPORT_TYPE,CRASH_TYPE,INTERSECTION_RELATED_I,NOT_RIGHT_OF_WAY_I,HIT_AND_RUN_I,DAMAGE,DATE_POLICE_NOTIFIED,PRIM_CONTRIBUTORY_CAUSE,SEC_CONTRIBUTORY_CAUSE,STREET_NO,STREET_DIRECTION,STREET_NAME,BEAT_OF_OCCURRENCE,PHOTOS_TAKEN_I,STATEMENTS_TAKEN_I,DOORING_I,WORK_ZONE_I,WORK_ZONE_TYPE,WORKERS_PRESENT_I,NUM_UNITS,MOST_SEVERE_INJURY,INJURIES_TOTAL,INJURIES_FATAL,INJURIES_INCAPACITATING,INJURIES_NON_INCAPACITATING,INJURIES_REPORTED_NOT_EVIDENT,INJURIES_NO_INDICATION,INJURIES_UNKNOWN,CRASH_HOUR,CRASH_DAY_OF_WEEK,CRASH_MONTH,LATITUDE,LONGITUDE,LOCATION
07eae43c21f544557fc2422e676dba2ccf42ce62c1a221dff25353e4d01113d186c4e9df1a83f1ff5726fa793a2775a9f5c52027b29caf8cb6856a6506c391e0,HZ399191,,8/19/2016 14:45,30,NO CONTROLS,NO CONTROLS,CLEAR,DAYLIGHT,PARKED MOTOR VEHICLE,ONE-WAY,3,STRAIGHT AND LEVEL,DRY,NO DEFECTS,NOT ON SCENE (DESK REPORT),NO INJURY / DRIVE AWAY,,,Y,"$501 - $1,500",8/19/2016 20:15,FAILING TO YIELD RIGHT-OF-WAY,IMPROPER LANE USAGE,5639,S,MICHIGAN AVE,231,,,,,,,2,NO INDICATION OF INJURY,0,0,0,0,0,1,0,14,6,8,41.79173275,-87.62224141,POINT (-87.622241413486 41.791732749709)
0154e16aef7b79fb5a090efd3b72bf7940416a4921b4be0106611b8abf0e1c135b43516493af750bcaca0ea2b14170c469748ff52f5dfe8ade46692f7f4ddd88,JC483200,,10/23/2019 10:05,30,NO CONTROLS,NOT FUNCTIONING,CLOUDY/OVERCAST,DAYLIGHT,REAR END,DIVIDED - W/MEDIAN BARRIER,,STRAIGHT AND LEVEL,DRY,NO DEFECTS,NOT ON SCENE (DESK REPORT),NO INJURY / DRIVE AWAY,,,,"OVER $1,500",10/23/2019 10:30,FOLLOWING TOO CLOSELY,UNABLE TO DETERMINE,2001,W,PETERSON AVE,2012,,,,,,,2,NO INDICATION OF INJURY,0,0,0,0,0,2,0,10,4,10,41.99056355,-87.67995666,POINT (-87.679956660563 41.990563551764)
0c58b07df4fe47ec6d1968c785b4d99ccefe5165bdb15845ea177ad8ac88e170dc7dbdfa2b445825b8947b9b42f0cec0ba0d57bebe1d744d6bc2bfca2a9012ae,JC355556,,7/19/2019 12:50,30,TRAFFIC SIGNAL,FUNCTIONING PROPERLY,CLEAR,DAYLIGHT,REAR END,NOT DIVIDED,,STRAIGHT AND LEVEL,DRY,NO DEFECTS,ON SCENE,INJURY AND / OR TOW DUE TO CRASH,,,,"OVER $1,500",7/19/2019 12:55,DISTRACTION - FROM OUTSIDE VEHICLE,DISTRACTION - FROM OUTSIDE VEHICLE,6829,W,IRVING PARK RD,1632,,,,,,,3,NONINCAPACITATING INJURY,1,0,0,1,0,2,0,12,6,7,41.95263328,-87.79742116,POINT (-87.797421163037 41.952633283396)
03bcfbc6ebacd0b1bfb5da91b05b34344194fa4073a89593657907955eb462ad12b0cb9865adde20ca04dff830e16998eb7329cbb92d40824b1283c59e286ab5,JD455197,,12/9/2020 17:10,30,NO CONTROLS,NO CONTROLS,CLEAR,"DARKNESS, LIGHTED ROAD",PARKED MOTOR VEHICLE,ONE-WAY,,STRAIGHT AND LEVEL,UNKNOWN,UNKNOWN,NOT ON SCENE (DESK REPORT),NO INJURY / DRIVE AWAY,,,,$500 OR LESS,12/10/2020 13:40,UNABLE TO DETERMINE,UNABLE TO DETERMINE,6131,N,HERMITAGE AVE,2433,,,,,,,2,NO INDICATION OF INJURY,0,0,0,0,0,1,0,17,4,12,41.99378433,-87.67324056,POINT (-87.673240564272 41.993784328456)
0af6228778b4a8e194d50989a27d846484760dca71b6d51f758cc2ab4766abc5267586c83e207431c8bd3bf929d2ebec31dbecb82fe81cccf52aebe07a8bb105,JF175253,,3/15/2022 20:00,30,NO CONTROLS,NO CONTROLS,CLEAR,"DARKNESS, LIGHTED ROAD",ANGLE,ALLEY,,STRAIGHT AND LEVEL,DRY,NO DEFECTS,ON SCENE,INJURY AND / OR TOW DUE TO CRASH,,,,"OVER $1,500",3/15/2022 20:01,NOT APPLICABLE,NOT APPLICABLE,7544,N,BELL AVE,2411,,,,,,,2,INCAPACITATING INJURY,2,0,1,0,1,1,0,20,3,3,42.01879494,-87.68666506,POINT (-87.686665059508 42.018794936407)
047e06ac3c7504b790c1839c3289e7c682362e740670d3e2d445d3a7a07523c8433c81d2349f4d834c47ca62eeab20066b69784b7d64721c384e92586c4b3242,JE272274,,6/19/2021 17:40,30,TRAFFIC SIGNAL,FUNCTIONING PROPERLY,CLEAR,DAYLIGHT,ANGLE,FOUR WAY,,STRAIGHT AND LEVEL,DRY,NO DEFECTS,ON SCENE,NO INJURY / DRIVE AWAY,Y,,,"$501 - $1,500",6/19/2021 17:48,DISREGARDING TRAFFIC SIGNALS,NOT APPLICABLE,136,E,LOWER ILLINOIS ST,1834,,,,,,,2,NO INDICATION OF INJURY,0,0,0,0,0,4,0,17,7,6,41.8910217,-87.62409634,POINT (-87.624096343768 41.891021704025)
0bbc0f80a3b1ee6467fd0ae3c3e7721393762ae0d4f7f5cdba4a11f0d705e6f9199985f3b62ea9ac3257421a4b1705e9269476f8353521a3ce7bfa89b3943ee6,JF216968,,4/9/2023 20:51,30,TRAFFIC SIGNAL,FUNCTIONING PROPERLY,CLEAR,"DARKNESS, LIGHTED ROAD",TURNING,OTHER,,STRAIGHT AND LEVEL,DRY,NO DEFECTS,ON SCENE,INJURY AND / OR TOW DUE TO CRASH,Y,,,"OVER $1,500",4/9/2023 20:55,IMPROPER TURNING/NO SIGNAL,FAILING TO REDUCE SPEED TO AVOID CRASH,622,N,WELLS ST,1831,,,,,,,2,NO INDICATION OF INJURY,0,0,0,0,0,2,0,20,1,4,41.8931467,-87.63425648,POINT (-87.634256481947 41.893146694613)
00f400c50cf3c2f501386908220065f6d2f2670947e5b8025071be7bcea945930a32fc9ad979c7cb435526a920b7def8df4abfc0a68d08789f364a4893782892,JF399617,Y,9/17/2022 10:20,30,TRAFFIC SIGNAL,FUNCTIONING PROPERLY,CLEAR,DAYLIGHT,SIDESWIPE SAME DIRECTION,NOT DIVIDED,,STRAIGHT AND LEVEL,DRY,NO DEFECTS,NOT ON SCENE (DESK REPORT),NO INJURY / DRIVE AWAY,Y,,,"OVER $1,500",9/17/2022 11:30,IMPROPER LANE USAGE,NOT APPLICABLE,1200,S,WABASH AVE,131,,,,,,,2,NO INDICATION OF INJURY,0,0,0,0,0,3,0,10,7,9,41.86734642,-87.62597476,POINT (-87.625974764137 41.86734641752)
0940e074ea330a67667b471c0322d3a0d68eba2a13a3de2912423100ed6b1058cdee723ee8897abd1ed6f676b20670ce2bd070a5aa8fb913f9a51e3e22611b96,JC197869,,3/24/2019 13:45,20,NO CONTROLS,NO CONTROLS,CLEAR,DAYLIGHT,PARKED MOTOR VEHICLE,PARKING LOT,,STRAIGHT AND LEVEL,DRY,NO DEFECTS,NOT ON SCENE (DESK REPORT),NO INJURY / DRIVE AWAY,,,Y,"OVER $1,500",3/24/2019 14:30,UNABLE TO DETERMINE,UNABLE TO DETERMINE,6730,N,CLARK ST,2432,,,,,,,2,NO INDICATION OF INJURY,0,0,0,0,0,1,0,13,1,3,42.00441035,-87.67293929,POINT (-87.672939287222 42.004410346312)
04ce4f00732311e368261c8db98ea3f13b85731945e2356c9feab294c6445b539b2508886e4a5cef2a1ccfc8042117e0b4778621ddd7e6afd56645993a7d10db,JB120803,Y,1/17/2018 19:00,15,NO CONTROLS,NO CONTROLS,CLEAR,DAYLIGHT,PARKED MOTOR VEHICLE,NOT DIVIDED,,STRAIGHT AND LEVEL,SNOW OR SLUSH,NO DEFECTS,ON SCENE,INJURY AND / OR TOW DUE TO CRASH,,,Y,$500 OR LESS,1/18/2018 16:11,NOT APPLICABLE,NOT APPLICABLE,6200,N,RAVENSWOOD AVE,2413,,,,,,,2,NO INDICATION OF INJURY,0,0,0,0,0,1,0,19,4,1,41.99435776,-87.67553906,POINT (-87.675539058324 41.994357757823)
094637fbaa3f080d0ba3df1518a1b841b7d2116f27f0dcf46526eda97e9ffeaa53f4d90aa800fb3aa980fc9219143752f6db298960b4e443a4241e3310ce8a38,JA529468,,11/29/2017 8:40,30,NO CONTROLS,NO CONTROLS,CLEAR,DAYLIGHT,TURNING,NOT DIVIDED,,STRAIGHT AND LEVEL,DRY,NO DEFECTS,NOT ON SCENE (DESK REPORT),NO INJURY / DRIVE AWAY,,,,"OVER $1,500",11/29/2017 11:00,DRIVING SKILLS/KNOWLEDGE/EXPERIENCE,UNABLE TO DETERMINE,615,E,103RD ST,512,,,,,,,2,NO INDICATION OF INJURY,0,0,0,0,0,2,0,8,4,11,41.70728812,-87.60831957,POINT (-87.608319574424 41.707288117672)
0aa70a0baf42337138dc710dc7ad6a299f889d71f14fee1483b679ea1a6dc3805f38278774b974c421613c4bcbf3a22b708d5661f013bb7302045d2415de6fd3,JE309340,,7/21/2021 17:07,30,NO CONTROLS,NO CONTROLS,CLEAR,DAYLIGHT,PARKED MOTOR VEHICLE,ONE-WAY,,STRAIGHT AND LEVEL,DRY,NO DEFECTS,ON SCENE,NO INJURY / DRIVE AWAY,,,,$500 OR LESS,7/21/2021 17:13,UNABLE TO DETERMINE,UNABLE TO DETERMINE,2598,W,42ND ST,921,,,,,,,2,NO INDICATION OF INJURY,0,0,0,0,0,1,0,17,4,7,41.81754169,-87.68950776,POINT (-87.689507758536 41.817541689871)
0251226c780d42a6b32214ba76505afbb3df9829bbc74abb284f0540a5ffb4591dbaac7da3db7a3e859054b81ca6a73a0c7044e1f0383a2eca3387f016a9930e,JA425440,,9/9/2017 23:28,30,NO CONTROLS,NO CONTROLS,CLEAR,"DARKNESS, LIGHTED ROAD",SIDESWIPE SAME DIRECTION,NOT DIVIDED,2,STRAIGHT AND LEVEL,DRY,NO DEFECTS,ON SCENE,NO INJURY / DRIVE AWAY,,,,"OVER $1,500",9/9/2017 23:30,UNABLE TO DETERMINE,UNABLE TO DETERMINE,131,S,DEARBORN ST,112,,,,,,,2,NO INDICATION OF INJURY,0,0,0,0,0,2,0,23,7,9,41.87988544,-87.6292116,POINT (-87.629211594803 41.879885440301)
069ae217667d9a48794e92c117180a18bc725240326dd630c9a95dbc52ff031b5b32ae99bbc28ceed2ffae7829b3c197f264086cf9fdbcf1ec3c0b386c4b4b1f,JC467361,,10/10/2019 13:00,10,OTHER,OTHER,CLEAR,DAYLIGHT,PARKED MOTOR VEHICLE,PARKING LOT,,STRAIGHT AND LEVEL,DRY,NO DEFECTS,ON SCENE,NO INJURY / DRIVE AWAY,,Y,,"OVER $1,500",10/10/2019 13:08,DRIVING SKILLS/KNOWLEDGE/EXPERIENCE,NOT APPLICABLE,7030,S,ASHLAND AVE,735,,,,,,,2,NO INDICATION OF INJURY,0,0,0,0,0,1,0,13,5,10,41.76579077,-87.66396689,POINT (-87.663966886455 41.765790770432)
01943d9c9df92ac41d3665e6a958cc6ddde4038efcf80249eb134cd0b9af5af93023bf03fe76c1af14e5be3c2a73d5023377797238178e803b7d457c9e9cd0ef,JA496135,,11/2/2017 13:36,35,TRAFFIC SIGNAL,UNKNOWN,RAIN,DAYLIGHT,TURNING,UNKNOWN,,STRAIGHT AND LEVEL,WET,UNKNOWN,ON SCENE,INJURY AND / OR TOW DUE TO CRASH,Y,,,$500 OR LESS,11/2/2017 13:36,UNABLE TO DETERMINE,UNABLE TO DETERMINE,1657,N,PULASKI RD,2535,,,,,,,2,"REPORTED, NOT EVIDENT",2,0,0,0,2,2,0,13,5,11,41.91156189,-87.72623889,POINT (-87.726238894325 41.911561889584)
08d0bea0c5e3153adaf0857d4f68d7e97103f82f51f096fe2b31f59a2c0f7538133d3ba869fa42151ca0973886c7b12f067d914df99bf50775d9565fd502e292,JE371371,,9/13/2021 1:54,35,NO CONTROLS,NO CONTROLS,CLEAR,"DARKNESS, LIGHTED ROAD",PARKED MOTOR VEHICLE,NOT DIVIDED,,STRAIGHT AND LEVEL,DRY,NO DEFECTS,ON SCENE,INJURY AND / OR TOW DUE TO CRASH,,,,"OVER $1,500",9/13/2021 1:57,IMPROPER LANE USAGE,FAILING TO REDUCE SPEED TO AVOID CRASH,7621,S,LOOMIS BLVD,612,,,,,,,5,NONINCAPACITATING INJURY,1,0,0,1,0,0,0,1,2,9,41.75523023,-87.65856706,POINT (-87.658567055018 41.75523023357)
06e60f40dc095edd59bf79e5c42d6820f4d1d686b303906e01da07dbd0c215ed6146cc65fb3d997ab9fe5634286d883bf1f8687fd6670416fd74c830d5eed7d0,JC318223,,6/22/2019 20:53,30,TRAFFIC SIGNAL,FUNCTIONING PROPERLY,CLEAR,"DARKNESS, LIGHTED ROAD",REAR END,DIVIDED - W/MEDIAN (NOT RAISED),,STRAIGHT AND LEVEL,DRY,UNKNOWN,NOT ON SCENE (DESK REPORT),NO INJURY / DRIVE AWAY,,,,"$501 - $1,500",6/23/2019 12:20,UNABLE TO DETERMINE,UNABLE TO DETERMINE,6210,N,SHERIDAN RD,2433,,,,,,,2,NO INDICATION OF INJURY,0,0,0,0,0,2,0,20,7,6,41.99496977,-87.65568443,POINT (-87.655684433464 41.994969773834)
0a60378461ee8dea471ff51820b42edbb607e0b5c2500fb32836ddfd49509e4fda38b8d6b77e3a513d537114f64824f8aca6807b089dc455356b5359f8bc860b,JD313310,,7/28/2020 18:42,30,NO CONTROLS,NO CONTROLS,CLEAR,DAYLIGHT,ANGLE,DIVIDED - W/MEDIAN (NOT RAISED),,STRAIGHT AND LEVEL,DRY,NO DEFECTS,ON SCENE,NO INJURY / DRIVE AWAY,,,,"OVER $1,500",7/28/2020 18:43,DRIVING SKILLS/KNOWLEDGE/EXPERIENCE,UNABLE TO DETERMINE,5611,N,LINCOLN AVE,2011,,,,,,,2,NO INDICATION OF INJURY,0,0,0,0,0,4,0,18,3,7,41.98346923,-87.69544876,POINT (-87.69544875484 41.983469226074)
07043d85c374b3713a91073cd798bb69ed0cab6c0f58dab0c8ecbf2332ab4401f4b7fce6d602822f832a3aad82a73ed8f139015160f096f89f381137bbea3c62,JA510431,,11/10/2017 15:45,30,STOP SIGN/FLASHER,FUNCTIONING PROPERLY,SNOW,DAYLIGHT,REAR END,ONE-WAY,1,STRAIGHT AND LEVEL,WET,NO DEFECTS,NOT ON SCENE (DESK REPORT),NO INJURY / DRIVE AWAY,Y,,,"OVER $1,500",11/13/2017 16:10,FOLLOWING TOO CLOSELY,WEATHER,4359,N,HERMITAGE AVE,1912,,,,,,,2,NO INDICATION OF INJURY,0,0,0,0,0,4,0,15,6,11,41.96146086,-87.67226812,POINT (-87.672268118891 41.961460862032)
0ab09a7801dca67df257c1f4c407edcd765586693a8ee94dad02bcf65d41e5c33dec5600a1e0bf0ccbbf5fb7d21a1fdf78562b9463f0f1891c7939e4f10e654d,JG310322,,6/21/2023 17:58,30,TRAFFIC SIGNAL,FUNCTIONING PROPERLY,CLEAR,DAYLIGHT,REAR END,DIVIDED - W/MEDIAN (NOT RAISED),,STRAIGHT AND LEVEL,DRY,UNKNOWN,NOT ON SCENE (DESK REPORT),NO INJURY / DRIVE AWAY,,,Y,"OVER $1,500",6/21/2023 18:40,UNABLE TO DETERMINE,UNABLE TO DETERMINE,2260,N,LARAMIE AVE,2515,,,,,,,2,NO INDICATION OF INJURY,0,0,0,0,0,2,0,17,4,6,41.92218667,-87.75623746,POINT (-87.756237459133 41.922186667325)
034a184db73f7dbb1a287106d8eb355cee150547da57fc46163f79696ea902c008125e05c5724a3a828c3079b8589d54d18f4d3358a3799c1d4121e5dcb4b68a,JB292334,,6/4/2018 11:10,30,NO CONTROLS,NO CONTROLS,CLEAR,DAYLIGHT,PARKED MOTOR VEHICLE,DIVIDED - W/MEDIAN (NOT RAISED),4,STRAIGHT AND LEVEL,DRY,NO DEFECTS,ON SCENE,NO INJURY / DRIVE AWAY,,,Y,"OVER $1,500",6/4/2018 11:15,IMPROPER LANE USAGE,NOT APPLICABLE,5545,N,BROADWAY,2023,,,,,,,2,NO INDICATION OF INJURY,0,0,0,0,0,1,0,11,2,6,41.98313696,-87.65990781,POINT (-87.659907811498 41.983136962141)
015a40a948fa35b52f1a79b135bf89a27d8d6b5f55591e640c1407562f69605882ee5f80f41f83992b5f70a59a3d394b00c86e228c579be57f0081c044e38f21,JD390450,,10/6/2020 12:00,10,NO CONTROLS,NO CONTROLS,CLEAR,DAYLIGHT,FIXED OBJECT,OTHER,,STRAIGHT AND LEVEL,DRY,NO DEFECTS,ON SCENE,NO INJURY / DRIVE AWAY,,,,$500 OR LESS,10/6/2020 12:10,IMPROPER BACKING,NOT APPLICABLE,10000,W,OHARE ST,1651,,,,,,,1,NO INDICATION OF INJURY,0,0,0,0,0,1,0,12,3,10,41.97620114,-87.90530913,POINT (-87.905309125103 41.976201139024)
0c0d56ee53f6f800407f59b20c6d66a5817757d0c7cde6c8cd85e5bb6a4abd4e63513f44573cedabb2a0b5a0fb8805524ee7215518c068534f065566d4e9fa12,JE413794,,10/18/2021 11:42,30,STOP SIGN/FLASHER,FUNCTIONING PROPERLY,CLEAR,DAYLIGHT,TURNING,T-INTERSECTION,,STRAIGHT AND LEVEL,DRY,NO DEFECTS,ON SCENE,NO INJURY / DRIVE AWAY,Y,,,"OVER $1,500",10/18/2021 11:44,UNABLE TO DETERMINE,UNABLE TO DETERMINE,2600,W,35TH ST,911,,,,,,,2,NO INDICATION OF INJURY,0,0,0,0,0,3,0,11,2,10,41.83029607,-87.69005861,POINT (-87.690058613483 41.830296068038)
00e6b4c4a0061446d582bb5a4294c1911230f373fd1224915661c36415794991ee938bd6b92303406fd6ed0df41a876999400f3094cfb2e7bcf3043804d3d4ea,JC396602,,8/17/2019 15:58,35,NO CONTROLS,NO CONTROLS,CLEAR,DAYLIGHT,PEDESTRIAN,ONE-WAY,,STRAIGHT AND LEVEL,DRY,NO DEFECTS,NOT ON SCENE (DESK REPORT),INJURY AND / OR TOW DUE TO CRASH,,,,$500 OR LESS,8/17/2019 16:02,UNABLE TO DETERMINE,NOT APPLICABLE,7021,S,PAULINA ST,735,,,,,,,2,NONINCAPACITATING INJURY,1,0,0,1,0,1,0,15,7,8,41.76604887,-87.66613023,POINT (-87.666130224631 41.766048873059)
0451f5e3d5eebdfa96982ecaa92026165fd4170f8f96aebb146958bd12a51b3ee9c506a323e7cf5237328e950262659474c71b06ab7235494d8ddbf4fe2d6a4e,JG220921,,4/12/2023 16:45,25,OTHER,OTHER,CLEAR,DAYLIGHT,TURNING,DIVIDED - W/MEDIAN (NOT RAISED),,STRAIGHT AND LEVEL,DRY,NO DEFECTS,ON SCENE,NO INJURY / DRIVE AWAY,Y,,,"OVER $1,500",4/12/2023 17:27,DISREGARDING ROAD MARKINGS,IMPROPER OVERTAKING/PASSING,2299,N,CLYBOURN AVE,1811,,,,,,,3,NO INDICATION OF INJURY,0,0,0,0,0,3,0,16,4,4,41.92370803,-87.66710492,POINT (-87.667104920264 41.923708032822)
012694c545236a6a01425e54ed144569e06acb3f98df78f40c0896798e5113b57386049068597499e79b56f72a13e0c18c9ec5acfd47e2b4db7dea0b1f48f5ec,JA173929,,3/3/2017 17:00,30,NO CONTROLS,NO CONTROLS,CLEAR,DUSK,REAR END,ALLEY,2,STRAIGHT AND LEVEL,DRY,"RUT, HOLES",NOT ON SCENE (DESK REPORT),NO INJURY / DRIVE AWAY,,,Y,$500 OR LESS,3/3/2017 18:20,FOLLOWING TOO CLOSELY,FOLLOWING TOO CLOSELY,3842,S,ELLIS AVE,212,,,,,,,2,NO INDICATION OF INJURY,0,0,0,0,0,2,0,17,6,3,41.82505235,-87.60589339,POINT (-87.60589338863 41.825052348991)
071aab28542e46c9d18c3b876b80447191bd0d15e3944025b9648c32c214059e55cf7c118e4287faa1c015fb37ecf6b5a5c17566da674e736df46b6aab7b9eba,JE239335,,5/22/2021 22:51,30,NO CONTROLS,NO CONTROLS,CLEAR,"DARKNESS, LIGHTED ROAD",REAR END,DIVIDED - W/MEDIAN (NOT RAISED),,STRAIGHT ON HILLCREST,DRY,NO DEFECTS,NOT ON SCENE (DESK REPORT),NO INJURY / DRIVE AWAY,,,,"OVER $1,500",5/22/2021 23:30,FOLLOWING TOO CLOSELY,DRIVING SKILLS/KNOWLEDGE/EXPERIENCE,1600,S,CANAL ST,1235,,,,,,,2,NO INDICATION OF INJURY,0,0,0,0,0,2,0,22,7,5,41.8599567,-87.63915859,POINT (-87.639158593214 41.85995670002)
00dbd63509f38e72b187796ac90168da6d9ce07b9225ebd6d717ad9fcf5fbc43289b12543f3870c1c9fd7642391eab70ed048dba844fdf78ddfcd8b954f5fbe1,JA541034,,12/8/2017 7:42,30,TRAFFIC SIGNAL,FUNCTIONING PROPERLY,CLEAR,DAYLIGHT,SIDESWIPE SAME DIRECTION,ONE-WAY,4,STRAIGHT AND LEVEL,DRY,NO DEFECTS,ON SCENE,INJURY AND / OR TOW DUE TO CRASH,Y,,,"OVER $1,500",12/8/2017 7:42,FAILING TO REDUCE SPEED TO AVOID CRASH,NOT APPLICABLE,400,S,CLARK ST,122,,,,,,,2,NO INDICATION OF INJURY,0,0,0,0,0,2,0,7,6,12,41.87681825,-87.6308945,POINT (-87.630894500009 41.876818253091)
048c18b9c929183d3bb9bb397c1ae3dc859252962eff17bd4e2843fcfacf1255be35d5ba7da074b2910531381d79005958810e9041fcf5f86b18ace263e79ec5,JD324643,,8/8/2020 1:38,30,TRAFFIC SIGNAL,FUNCTIONING PROPERLY,CLEAR,"DARKNESS, LIGHTED ROAD",ANGLE,DIVIDED - W/MEDIAN (NOT RAISED),,STRAIGHT AND LEVEL,DRY,UNKNOWN,ON SCENE,INJURY AND / OR TOW DUE TO CRASH,,,Y,"OVER $1,500",8/8/2020 1:38,DISREGARDING TRAFFIC SIGNALS,FAILING TO REDUCE SPEED TO AVOID CRASH,3200,W,JACKSON BLVD,1124,,,,,,,2,NO INDICATION OF INJURY,0,0,0,0,0,3,0,1,7,8,41.87743621,-87.7061343,POINT (-87.706134300119 41.877436205091)
0483083ba5e23c58554cdc47cca696e920bdecd911f54c7abb4d95be83747a9c6f11167b242c10a601e0956f8dd5074d3a05c94eedcadd4cc6f2cdbbbbef231e,JC260182,Y,5/11/2019 21:30,30,NO CONTROLS,NO CONTROLS,UNKNOWN,UNKNOWN,PARKED MOTOR VEHICLE,DIVIDED - W/MEDIAN (NOT RAISED),,STRAIGHT AND LEVEL,UNKNOWN,WORN SURFACE,ON SCENE,NO INJURY / DRIVE AWAY,,,Y,"OVER $1,500",5/12/2019 1:30,UNABLE TO DETERMINE,NOT APPLICABLE,1306,W,69TH ST,724,,,,,,,2,NO INDICATION OF INJURY,0,0,0,0,0,1,0,21,7,5,41.76876267,-87.65695399,POINT (-87.656953992813 41.768762664864)
0b7674f6af617028e48177b96d8989123cea068dbc246761049ede2e71c02ff3ea894eda6c68eb049cab0b29cb58d9ff7a459665c3e50a68c7311328b94bff39,JA482989,,10/23/2017 16:40,30,STOP SIGN/FLASHER,UNKNOWN,RAIN,DARKNESS,HEAD ON,DIVIDED - W/MEDIAN (NOT RAISED),4,STRAIGHT AND LEVEL,WET,UNKNOWN,ON SCENE,INJURY AND / OR TOW DUE TO CRASH,Y,,,"OVER $1,500",10/23/2017 16:45,UNABLE TO DETERMINE,UNABLE TO DETERMINE,600,N,SACRAMENTO BLVD,1221,,,,,,,3,NO INDICATION OF INJURY,0,0,0,0,0,4,0,16,2,10,41.8920311,-87.70215055,POINT (-87.702150553396 41.892031101411)
05829e89cdf9897be6ea49fea3899601608534e09d5990d66415a99ebcbfc4b7ed085f6be999e049c910804c8593bc60ce042b4b1062c644832cfb82906c2ea2,JC544164,Y,12/12/2019 13:40,15,NO CONTROLS,NO CONTROLS,CLEAR,DAYLIGHT,PARKED MOTOR VEHICLE,PARKING LOT,,STRAIGHT AND LEVEL,DRY,NO DEFECTS,ON SCENE,NO INJURY / DRIVE AWAY,,N,,"$501 - $1,500",12/12/2019 13:40,NOT APPLICABLE,NOT APPLICABLE,3340,W,FILLMORE ST,1134,N,,,,,,2,NO INDICATION OF INJURY,0,0,0,0,0,1,0,13,5,12,41.8682854,-87.70979986,POINT (-87.709799857895 41.86828539742)
06c2a311ac0c47d5d1019dfef229b1d6a0b8df257d1b71f6b14a2e8df26b4ebfe13cd957dbadad9868b338a9419cbc2b64e45513881249eabef16fb296342a89,JE182488,,3/28/2021 17:20,30,NO CONTROLS,NO CONTROLS,CLEAR,DAYLIGHT,TURNING,NOT DIVIDED,,STRAIGHT AND LEVEL,DRY,NO DEFECTS,ON SCENE,INJURY AND / OR TOW DUE TO CRASH,,,,"OVER $1,500",3/28/2021 17:26,IMPROPER TURNING/NO SIGNAL,NOT APPLICABLE,5480,S,ARCHER AVE,814,,,,,,,2,NO INDICATION OF INJURY,0,0,0,0,0,2,0,17,1,3,41.7983426,-87.74598485,POINT (-87.745984845926 41.798342602188)
02c87a1c0ce5b7dcf76c1926c980dddcee7e719889b806a5b705f42a2fdb07ee3e58ce2fe158da947aa7fa1435e5acd85eebdce3815e3c144235932d804ae54b,JD373369,Y,9/20/2020 1:30,30,NO CONTROLS,NO CONTROLS,CLEAR,"DARKNESS, LIGHTED ROAD",PARKED MOTOR VEHICLE,ONE-WAY,,STRAIGHT AND LEVEL,DRY,NO DEFECTS,ON SCENE,NO INJURY / DRIVE AWAY,,,Y,"$501 - $1,500",9/20/2020 12:00,UNABLE TO DETERMINE,UNABLE TO DETERMINE,2811,N,NEW ENGLAND AVE,2511,,,,,,,3,NO INDICATION OF INJURY,0,0,0,0,0,1,0,1,1,9,41.93122836,-87.79778008,POINT (-87.797780076394 41.931228355877)
0a941371530b785c41858b0e55f6ce834a09f94a2b7ed9eebec879e13046b24434fb03096295daa6a78ae572f4ced344e0176e1d78b1ff9ef7789d61cde4a27b,JB353570,,7/17/2018 15:45,30,UNKNOWN,UNKNOWN,CLEAR,DAYLIGHT,REAR END,UNKNOWN,,STRAIGHT AND LEVEL,DRY,UNKNOWN,NOT ON SCENE (DESK REPORT),NO INJURY / DRIVE AWAY,,,,$500 OR LESS,7/17/2018 16:00,UNABLE TO DETERMINE,NOT APPLICABLE,1600,N,ASHLAND AVE,1433,,,,,,,2,NO INDICATION OF INJURY,0,0,0,0,0,2,0,15,3,7,41.91071924,-87.66784081,POINT (-87.66784080722 41.910719243344)
0555cd5eec6dba617256c92c39107faead0e698d45d3d241883be3c4f466d6ea13020bedc8beff3cb25fa88cf54b434661c594372161fa221d319d905ee678dc,JE326013,,8/4/2021 11:00,30,UNKNOWN,UNKNOWN,UNKNOWN,UNKNOWN,PARKED MOTOR VEHICLE,PARKING LOT,,STRAIGHT AND LEVEL,UNKNOWN,UNKNOWN,NOT ON SCENE (DESK REPORT),NO INJURY / DRIVE AWAY,,Y,,"OVER $1,500",8/4/2021 15:50,UNABLE TO DETERMINE,NOT APPLICABLE,5401,N,ELSTON AVE,1621,,,,,,,2,NO INDICATION OF INJURY,0,0,0,0,0,2,0,11,4,8,41.97959355,-87.75858927,POINT (-87.758589271767 41.979593550153)