CRASH_RECORD_ID,RD_NO,CRASH_DATE_EST_I,CRASH_DATE,POSTED_SPEED_LIMIT,TRAFFIC_CONTROL_DEVICE,DEVICE_CONDITION,WEATHER_CONDITION,LIGHTING_CONDITION,FIRST_CRASH_TYPE,TRAFFICWAY_TYPE,LANE_CNT,ALIGNMENT,ROADWAY_SURFACE_COND,ROAD_DEFECT,REPORT_TYPE,CRASH_TYPE,INTERSECTION_RELATED_I,NOT_RIGHT_OF_WAY_I,HIT_AND_RUN_I,DAMAGE,DATE_POLICE_NOTIFIED,PRIM_CONTRIBUTORY_CAUSE,SEC_CONTRIBUTORY_CAUSE,STREET_NO,STREET_DIRECTION,STREET_NAME,BEAT_OF_OCCURRENCE,PHOTOS_TAKEN_I,STATEMENTS_TAKEN_I,DOORING_I,WORK_ZONE_I,WORK_ZONE_TYPE,WORKERS_PRESENT_I,NUM_UNITS,MOST_SEVERE_INJURY,INJURIES_TOTAL,INJURIES_FATAL,INJURIES_INCAPACITATING,INJURIES_NON_INCAPACITATING,INJURIES_REPORTED_NOT_EVIDENT,INJURIES_NO_INDICATION,INJURIES_UNKNOWN,CRASH_HOUR,CRASH_DAY_OF_WEEK,CRASH_MONTH,LATITUDE,LONGITUDE,LOCATION
05f1d2a58eb173c714b4e09a4701940e7ca732359f8359b54880150540eec5b66d28247bf0c48739a209749b9a73e7ad17c260e31285abda6ad8adbdba25d5d1,HZ400015,,8/20/2016 12:30,15,NO CONTROLS,NO CONTROLS,CLOUDY/OVERCAST,DAYLIGHT,ANGLE,PARKING LOT,1,STRAIGHT AND LEVEL,WET,NO DEFECTS,NOT ON SCENE (DESK REPORT),NO INJURY / DRIVE AWAY,,,,"OVER $1,500",8/20/2016 13:06,UNABLE TO DETERMINE,UNABLE TO DETERMINE,6040,S,HARPER AVE,314,,,,,,,2,NO INDICATION OF INJURY,0,0,0,0,0,3,0,12,7,8,41.78478381,-87.58828903,POINT (-87.588289029886 41.784783812205)
078519e590a240bf9b6e9fb78b10a21fb4d7c34e678851610e5bd5f344fb82d1c78468a114d3dcc71b00d1f7e4231ed6b5739f9be247c420a1be30ac922a951a,HY500245,Y,11/12/2015 7:00,30,NO CONTROLS,NO CONTROLS,CLEAR,DAYLIGHT,PARKED MOTOR VEHICLE,NOT DIVIDED,4,STRAIGHT AND LEVEL,DRY,NO DEFECTS,NOT ON SCENE (DESK REPORT),NO INJURY / DRIVE AWAY,,,Y,"OVER $1,500",11/13/2015 16:00,UNABLE TO DETERMINE,UNABLE TO DETERMINE,642,N,CICERO AVE,1532,,,,,,,2,NO INDICATION OF INJURY,0,0,0,0,0,1,0,7,5,11,41.89264647,-87.74587477,POINT (-87.74587477149 41.892646468856)
07157af41998f793c8b64ada58842ccfdcf7b6a18c261c7d8f1bc0b3c52ad013ab367891346a331ddfe6c3546036d95cc2107ced1480e2e705091cd34529ceb4,JB381352,,8/4/2018 22:30,30,TRAFFIC SIGNAL,FUNCTIONING PROPERLY,CLEAR,DARKNESS,REAR END,NOT DIVIDED,4,STRAIGHT AND LEVEL,DRY,NO DEFECTS,NOT ON SCENE (DESK REPORT),NO INJURY / DRIVE AWAY,,,,"$501 - $1,500",8/6/2018 9:28,UNABLE TO DETERMINE,NOT APPLICABLE,430,E,31ST ST,133,,,,,,,2,NO INDICATION OF INJURY,0,0,0,0,0,2,0,22,7,8,41.83855173,-87.6157076,POINT (-87.615707600706 41.838551733923)
0c558642a459e447b338f12914b75c996b2da17824baaa77f4fbf89f1a463e6831cd0a985a4a7112f4f6e553d0f40180428bd7a5917c5109ad35cdc633af26e5,JB286473,,5/31/2018 9:50,30,STOP SIGN/FLASHER,FUNCTIONING PROPERLY,CLEAR,DAYLIGHT,REAR END,DIVIDED - W/MEDIAN BARRIER,6,STRAIGHT AND LEVEL,DRY,NO DEFECTS,ON SCENE,NO INJURY / DRIVE AWAY,Y,,,"OVER $1,500",5/31/2018 11:00,IMPROPER BACKING,NOT APPLICABLE,100,W,CONGRESS PKWY,122,,,,,,,2,NO INDICATION OF INJURY,0,0,0,0,0,2,0,9,5,5,41.87571942,-87.63076281,POINT (-87.63076280757 41.875719414832)
086bb6dbe48522969a6f818e5a5e719e50f54ff454fd2845756614b6566c05c7768bdf30fbe5aadc1846e09078252047927f52ce103e3a098fb55bc273595a84,HZ548561,,12/11/2016 23:00,30,UNKNOWN,UNKNOWN,SNOW,UNKNOWN,PARKED MOTOR VEHICLE,NOT DIVIDED,1,STRAIGHT AND LEVEL,UNKNOWN,UNKNOWN,NOT ON SCENE (DESK REPORT),NO INJURY / DRIVE AWAY,,,Y,"OVER $1,500",12/12/2016 6:40,UNABLE TO DETERMINE,UNABLE TO DETERMINE,8657,S,WOOD ST,614,,,,,,,2,NO INDICATION OF INJURY,0,0,0,0,0,1,0,23,1,12,41.73587347,-87.66777972,POINT (-87.667779717049 41.735873466266)
05dd491780b6c344ef26bf46e74307574c02d6f48301332a4336d4ed9aed78f9defc1a8154be61a7d4fa7827d9b7f49d1fce9eb0f067563958347f9ceece8162,JC417151,,8/30/2019 13:20,5,NO CONTROLS,NO CONTROLS,CLEAR,DAYLIGHT,PARKED MOTOR VEHICLE,ALLEY,,STRAIGHT AND LEVEL,DRY,NO DEFECTS,NOT ON SCENE (DESK REPORT),NO INJURY / DRIVE AWAY,,,Y,"$501 - $1,500",9/2/2019 12:45,NOT APPLICABLE,NOT APPLICABLE,1460,W,CHESTNUT ST,1213,,,,,,,2,NO INDICATION OF INJURY,0,0,0,0,0,1,0,13,6,8,41.89804076,-87.66480163,POINT (-87.664801630782 41.898040758207)
01da4b0ff89a75bca9dbae63a3cd537f5c4aa9d39628f9fd03f0853d305d256583319dfd9a772c4d4fc2a253a598ae83ac498a4a547e7d2d21b89a73edc959cf,JD418167,Y,11/2/2020 1:00,20,NO CONTROLS,NO CONTROLS,CLEAR,"DARKNESS, LIGHTED ROAD",PARKED MOTOR VEHICLE,NOT DIVIDED,,STRAIGHT AND LEVEL,DRY,NO DEFECTS,ON SCENE,NO INJURY / DRIVE AWAY,,,Y,"OVER $1,500",11/2/2020 2:25,UNABLE TO DETERMINE,NOT APPLICABLE,5729,N,NEW HAMPSHIRE AVE,1612,,,,,,,2,NO INDICATION OF INJURY,0,0,0,0,0,1,0,1,2,11,41.98588265,-87.7988167,POINT (-87.798816696336 41.985882649758)
039b6104d975759e57c9de9eaafc85ea4de46693ddf33dadbfb3d554ef8e910db5636d717965a49eaa59f7f8a4b6f78785d7243c4c2094ce0196ab52fa1dfef0,JB496360,,10/19/2018 20:14,30,NO CONTROLS,NOT FUNCTIONING,CLEAR,"DARKNESS, LIGHTED ROAD",PEDESTRIAN,NOT DIVIDED,2,STRAIGHT AND LEVEL,DRY,NO DEFECTS,ON SCENE,INJURY AND / OR TOW DUE TO CRASH,,,,"OVER $1,500",10/19/2018 20:17,NOT APPLICABLE,NOT APPLICABLE,1610,W,AUGUSTA BLVD,1213,,,,,,,2,FATAL,1,1,0,0,0,1,0,20,6,10,41.89980887,-87.66787532,POINT (-87.667875315761 41.899808865236)
0b2daa2b5f947ae2214f84ca9de376aa1eb7e5db2b102b751ea7f6aaa7cf843267fdded45936daf836a381e241a966bbc6e533365ea49b656b0488a1a3f32b87,JA365096,,7/27/2017 1:58,30,STOP SIGN/FLASHER,FUNCTIONING PROPERLY,RAIN,"DARKNESS, LIGHTED ROAD",FIXED OBJECT,ONE-WAY,3,STRAIGHT AND LEVEL,WET,NO DEFECTS,ON SCENE,INJURY AND / OR TOW DUE TO CRASH,Y,,N,"OVER $1,500",7/27/2017 2:10,IMPROPER OVERTAKING/PASSING,IMPROPER LANE USAGE,7599,S,STATE ST,623,,,,,,,1,NONINCAPACITATING INJURY,4,0,0,4,0,0,0,1,5,7,41.75652598,-87.62457852,POINT (-87.624578523389 41.756525977459)
052eb8a278ff90e4ce43f522fcc40d4f198abeadf85dc6107f6428cd8bf319d5928ff83d3b73d6bc782dd39557b851c144285d6507fed2067161479c6bbb80bb,JA182249,,3/10/2017 13:50,30,UNKNOWN,UNKNOWN,CLEAR,DAYLIGHT,REAR END,UNKNOWN,,STRAIGHT AND LEVEL,DRY,UNKNOWN,NOT ON SCENE (DESK REPORT),NO INJURY / DRIVE AWAY,,,,"$501 - $1,500",3/10/2017 15:15,FOLLOWING TOO CLOSELY,FOLLOWING TOO CLOSELY,4128,W,NORTH AVE,2534,,,,,,,2,NO INDICATION OF INJURY,0,0,0,0,0,2,0,13,6,3,41.90994655,-87.72995037,POINT (-87.729950371397 41.909946550262)
0b6188ce48cddc244e3e861743b24ffa24e75ffbbe1aa5824e4560c5f84da93e9876242d30e7efe1cb8e71976fade3308c91a54cff8f7529537f598977646853,,,7/24/2023 14:28,30,UNKNOWN,UNKNOWN,UNKNOWN,UNKNOWN,REAR END,UNKNOWN,,STRAIGHT AND LEVEL,UNKNOWN,UNKNOWN,NOT ON SCENE (DESK REPORT),NO INJURY / DRIVE AWAY,,,,"OVER $1,500",7/24/2023 15:00,UNABLE TO DETERMINE,NOT APPLICABLE,5106,N,NAGLE AVE,1613,,,,,,,2,NO INDICATION OF INJURY,0,0,0,0,0,2,0,14,2,7,41.97410263,-87.78805233,POINT (-87.788052327013 41.974102627194)
0cbce72f7b02d9540ebaeb4a07b951a643b3f0bf7804bae702a310f471233dcd3c6f9395d29f6afa93ed3a8f9771de4166afa2cd98e557a1d437742495e5ef45,JC430632,,9/12/2019 15:06,5,NO CONTROLS,NO CONTROLS,CLEAR,DAYLIGHT,PARKED MOTOR VEHICLE,PARKING LOT,,STRAIGHT AND LEVEL,DRY,NO DEFECTS,ON SCENE,NO INJURY / DRIVE AWAY,,Y,,"$501 - $1,500",9/12/2019 17:23,UNABLE TO DETERMINE,UNABLE TO DETERMINE,3501,W,63RD ST,823,,,,,,,2,NO INDICATION OF INJURY,0,0,0,0,0,1,0,15,5,9,41.77874211,-87.71052301,POINT (-87.710523012264 41.778742106034)
0c7b583b78cf9ce01d9553872b852dacef6da0032e96fbe0359b9f011c6e92e575d989372c2eea9d43fdb9da5fb4838e66284cf9b7c0867180b5245f530753b0,JC116983,Y,1/14/2019 11:00,30,NO CONTROLS,NO CONTROLS,CLEAR,DAYLIGHT,PARKED MOTOR VEHICLE,NOT DIVIDED,2,STRAIGHT AND LEVEL,DRY,NO DEFECTS,NOT ON SCENE (DESK REPORT),NO INJURY / DRIVE AWAY,,,Y,"OVER $1,500",1/14/2019 18:34,DRIVING SKILLS/KNOWLEDGE/EXPERIENCE,UNABLE TO DETERMINE,2000,W,34TH ST,912,,,,,,,2,NO INDICATION OF INJURY,0,0,0,0,0,1,0,11,2,1,41.83231584,-87.67538617,POINT (-87.675386167825 41.832315838153)
0c972ec2d8a9214692bb3a716b54dbd97d38bd7bc1a29c88407a53d7471b2ed4af9727eb1f8f57e136a9c2f89fa48bc5e09adeb26585e857f2bac97f1361a2a2,JA516993,,11/18/2017 17:35,30,TRAFFIC SIGNAL,FUNCTIONING PROPERLY,CLEAR,"DARKNESS, LIGHTED ROAD",TURNING,NOT DIVIDED,2,STRAIGHT AND LEVEL,DRY,NO DEFECTS,ON SCENE,INJURY AND / OR TOW DUE TO CRASH,,,,"OVER $1,500",11/18/2017 17:40,FAILING TO YIELD RIGHT-OF-WAY,NOT APPLICABLE,6427,N,HARLEM AVE,1611,,,,,,,2,NONINCAPACITATING INJURY,1,0,0,1,0,1,0,17,7,11,41.99773029,-87.80664512,POINT (-87.806645117018 41.997730287008)
026250743ed57e727ba18c10ed9f5712e6d7d2bd50b606a45c2f61ff0de0ac4c838e43b1ac1fe08d6c11259038c856507c0e8e41e6cc7518f867e6ee30460421,JB349741,,7/14/2018 15:34,30,NO CONTROLS,NO CONTROLS,CLEAR,DAYLIGHT,REAR END,PARKING LOT,,STRAIGHT AND LEVEL,DRY,NO DEFECTS,NOT ON SCENE (DESK REPORT),NO INJURY / DRIVE AWAY,,,,"OVER $1,500",7/14/2018 17:00,IMPROPER BACKING,NOT APPLICABLE,2730,N,NARRAGANSETT AVE,2512,,,,,,,2,NO INDICATION OF INJURY,0,0,0,0,0,2,0,15,7,7,41.93011063,-87.7858235,POINT (-87.785823503339 41.930110626002)
0a8f5948aa301bd264817bad2f83955971841d01b35e0bb0a574dceb3c775237ae4d27235cd6fb59d641d75babcbd0a6d9905c8b5eedd88afe95755e6085ec0b,JE395677,,10/2/2021 16:25,30,NO CONTROLS,NO CONTROLS,CLEAR,DAYLIGHT,PARKED MOTOR VEHICLE,NOT DIVIDED,,STRAIGHT AND LEVEL,UNKNOWN,UNKNOWN,NOT ON SCENE (DESK REPORT),NO INJURY / DRIVE AWAY,,,Y,"$501 - $1,500",10/2/2021 18:00,UNABLE TO DETERMINE,UNABLE TO DETERMINE,5001,N,ASHLAND AVE,2032,,,,,,,2,NO INDICATION OF INJURY,0,0,0,0,0,1,0,16,7,10,41.97256118,-87.66939407,POINT (-87.669394064743 41.972561181343)
02a228c109bb06f2c52290db8dec772b537c7fd97ec7a39d0a593c07f3ce996bebafab2464f5f61f9df00527c8492fa143477215c37e9e1cea3ebbf660e2720c,JC550112,,12/17/2019 11:30,30,TRAFFIC SIGNAL,FUNCTIONING PROPERLY,CLEAR,DAYLIGHT,SIDESWIPE SAME DIRECTION,DIVIDED - W/MEDIAN BARRIER,,STRAIGHT AND LEVEL,DRY,NO DEFECTS,ON SCENE,NO INJURY / DRIVE AWAY,,,Y,"$501 - $1,500",12/17/2019 12:07,IMPROPER OVERTAKING/PASSING,NOT APPLICABLE,9500,S,JEFFERY AVE,431,,,,,,,2,NO INDICATION OF INJURY,0,0,0,0,0,2,0,11,3,12,41.72237591,-87.5754999,POINT (-87.575499903328 41.722375907041)
05dae3c8d8e1cd9c39457fdb15bd9d6682125711fa9c52e408e669a923a0877b3bd818d7846a12aa7ab63f0b00e1943da1e6abbbe4a50768b2dbb695f2d9b863,JB502499,Y,11/3/2018 9:00,20,NO CONTROLS,NO CONTROLS,RAIN,"DARKNESS, LIGHTED ROAD",FIXED OBJECT,NOT DIVIDED,1,STRAIGHT AND LEVEL,DRY,NO DEFECTS,ON SCENE,NO INJURY / DRIVE AWAY,,Y,,"OVER $1,500",11/3/2018 21:30,UNABLE TO DETERMINE,UNABLE TO DETERMINE,3607,W,63RD PL,823,,,,,,,1,NO INDICATION OF INJURY,0,0,0,0,0,1,0,9,7,11,41.77777046,-87.71347464,POINT (-87.713474637487 41.777770457213)
0256072c131cf57958ecbabd31f8b750cf4ba9b963f3432a752234170d2f1183c4924ff5e2363a4773be42ad7c59a53e6346258afbdc0806cc333d142a6c5743,HZ368395,Y,7/28/2016 13:30,30,NO CONTROLS,NO CONTROLS,CLEAR,DAYLIGHT,PARKED MOTOR VEHICLE,DIVIDED - W/MEDIAN (NOT RAISED),2,STRAIGHT AND LEVEL,DRY,NO DEFECTS,NOT ON SCENE (DESK REPORT),NO INJURY / DRIVE AWAY,,,,"$501 - $1,500",7/28/2016 15:45,IMPROPER BACKING,IMPROPER BACKING,2032,W,DEVON AVE,2412,,,,,,,2,NO INDICATION OF INJURY,0,0,0,0,0,1,0,13,5,7,41.99798375,-87.68142045,POINT (-87.68142044789 41.997983750252)
010a4400875c1438beab0e2947e24085c5b9cfb70a8fd487f8b988a47e4c0475f8f5ad97468b78a374fc3752b982b746977d23e29d26a7fcc4eeb234becfda9a,JF101913,,1/3/2022 9:29,30,NO CONTROLS,NO CONTROLS,CLEAR,DAYLIGHT,REAR END,NOT DIVIDED,,STRAIGHT AND LEVEL,DRY,NO DEFECTS,,INJURY AND / OR TOW DUE TO CRASH,,,,"OVER $1,500",1/3/2022 9:29,NOT APPLICABLE,NOT APPLICABLE,5710,W,DIVERSEY AVE,2514,,,,,,,3,"REPORTED, NOT EVIDENT",3,0,0,0,3,2,0,9,2,1,41.93134592,-87.76919529,POINT (-87.769195290347 41.93134592086)
048b8ec2e029765b3c6289b1427eae920f6839fa16af9e7bcc9b5040a454996a918861c1f25db49e0287678e9118248d7dce764b7f4d8080e3198ecb382e1571,JC462389,,10/1/2019 18:45,30,NO CONTROLS,NO CONTROLS,CLEAR,DAYLIGHT,PARKED MOTOR VEHICLE,NOT DIVIDED,,STRAIGHT AND LEVEL,DRY,NO DEFECTS,NOT ON SCENE (DESK REPORT),NO INJURY / DRIVE AWAY,,,,"$501 - $1,500",10/6/2019 17:20,UNABLE TO DETERMINE,UNABLE TO DETERMINE,1615,N,WELLS ST,1814,,,,,,,2,NO INDICATION OF INJURY,0,0,0,0,0,3,0,18,3,10,41.911619,-87.63457796,POINT (-87.634577956378 41.911618998459)
0936b86f532864af62956bb2b66b7e7ec04350fa7d7c058bdf7ce4586ec230e93cd5c82e15dc56d8548f79746e8008a60ea8b2a8e61d919d819d7e01d63a92c4,JD157120,Y,2/18/2020 19:40,30,NO CONTROLS,NO CONTROLS,CLEAR,DARKNESS,PARKED MOTOR VEHICLE,ONE-WAY,,STRAIGHT AND LEVEL,DRY,NO DEFECTS,NOT ON SCENE (DESK REPORT),NO INJURY / DRIVE AWAY,,,Y,"$501 - $1,500",2/19/2020 8:50,UNABLE TO DETERMINE,NOT APPLICABLE,2218,N,HAMILTON AVE,1432,,,,,,,2,NO INDICATION OF INJURY,0,0,0,0,0,1,0,19,3,2,41.92192456,-87.68159804,POINT (-87.681598042798 41.921924564243)
08aa29d29e14839200534df01b73f119dcf63f79e3cb80480e47229b470f5cb81c5b25a4626db9fe29dfd1add2cbffe9a02db52efd30a9efdd2616b4bf6a6f53,JE421852,,10/25/2021 12:45,30,NO CONTROLS,NO CONTROLS,RAIN,DAYLIGHT,SIDESWIPE SAME DIRECTION,NOT DIVIDED,,STRAIGHT AND LEVEL,WET,UNKNOWN,ON SCENE,NO INJURY / DRIVE AWAY,,,,"$501 - $1,500",10/25/2021 12:51,NOT APPLICABLE,NOT APPLICABLE,2501,E,103RD ST,434,,,,,,,2,NO INDICATION OF INJURY,0,0,0,0,0,2,0,12,2,10,41.70801175,-87.56323999,POINT (-87.563239991388 41.708011747627)
07a65dfb4c9ab9f27a90223359699cc3b1a75b900bf70d2ce2823ebfd95d93af52091f5dd784e3cbbd86d96e63176af0d512228b6200ced3b37b4a953be624eb,JA359499,,7/23/2017 2:00,30,TRAFFIC SIGNAL,FUNCTIONING PROPERLY,CLEAR,"DARKNESS, LIGHTED ROAD",ANGLE,NOT DIVIDED,6,STRAIGHT AND LEVEL,DRY,NO DEFECTS,ON SCENE,NO INJURY / DRIVE AWAY,,,Y,"$501 - $1,500",7/23/2017 2:02,DISREGARDING TRAFFIC SIGNALS,UNABLE TO DETERMINE,6301,S,HARLEM AVE,812,,,,,,,2,NO INDICATION OF INJURY,0,0,0,0,0,4,0,2,1,7,41.77726177,-87.80074963,POINT (-87.800749629191 41.77726177253)
03f950b1dbe2177e773fca438b58da82ccfde31f9af2656a727c1f32f9df9ccbd3bbbbf0be056bdf02d66c5b5896e03aed03de90a6b596606e9f1d2234daabe5,HY415817,,9/7/2015 14:00,30,NO CONTROLS,NO CONTROLS,CLEAR,DAYLIGHT,PARKED MOTOR VEHICLE,ONE-WAY,1,STRAIGHT AND LEVEL,DRY,NO DEFECTS,NOT ON SCENE (DESK REPORT),NO INJURY / DRIVE AWAY,,,,"$501 - $1,500",9/8/2015 19:15,DRIVING SKILLS/KNOWLEDGE/EXPERIENCE,DISTRACTION - FROM INSIDE VEHICLE,11630,S,SANGAMON ST,524,,,,,,,2,NO INDICATION OF INJURY,0,0,0,0,0,1,0,14,2,9,41.68231125,-87.64586051,POINT (-87.645860512885 41.682311246688)
041f49fa1dd41b41aa9eed727744d4b37badd097e01ddb00973b5e5bb9df4b59656683c58134d1bead1651d3c3060ac4a7d32e3659c8ff6a91add0568c469f45,JB212637,,4/5/2018 15:07,30,NO CONTROLS,NO CONTROLS,CLEAR,DAYLIGHT,PARKED MOTOR VEHICLE,OTHER,0,STRAIGHT AND LEVEL,DRY,NO DEFECTS,ON SCENE,NO INJURY / DRIVE AWAY,,,Y,"$501 - $1,500",4/5/2018 15:12,IMPROPER BACKING,IMPROPER TURNING/NO SIGNAL,8300,S,STONY ISLAND AVE,412,Y,,,,,,2,NO INDICATION OF INJURY,0,0,0,0,0,1,0,15,5,4,41.74415164,-87.58594507,POINT (-87.585945066953 41.744151639042)
01c6aff6173de31f4bfe7d7cba54f2869892d0722ea8f15671a8a0ddc4707b8239b6917154c2fa8a71cd80d4acf5d2eb3bb69eca40343a9f865d3919e8038495,JF482403,,11/20/2022 22:30,5,NO CONTROLS,NO CONTROLS,CLEAR,UNKNOWN,PARKED MOTOR VEHICLE,PARKING LOT,,STRAIGHT AND LEVEL,UNKNOWN,NO DEFECTS,ON SCENE,NO INJURY / DRIVE AWAY,,,Y,"OVER $1,500",11/21/2022 9:04,UNABLE TO DETERMINE,UNABLE TO DETERMINE,303,W,DIVISION ST,1823,,,,,,,3,NO INDICATION OF INJURY,0,0,0,0,0,1,0,22,1,11,41.90371812,-87.63620862,POINT (-87.636208619109 41.90371812032)
06ce667029aeca6f7f0bbf17509c050fbecf291257d7e7a817fb33dda9b0610dbe8e9b64bb5e4537ac9725eb1c2298664df3fc9069d045b8c47253ff71d81c0b,JF257629,,5/27/2022 12:08,30,NO CONTROLS,NO CONTROLS,CLEAR,DAYLIGHT,PARKED MOTOR VEHICLE,PARKING LOT,,STRAIGHT AND LEVEL,WET,UNKNOWN,ON SCENE,NO INJURY / DRIVE AWAY,,Y,,$500 OR LESS,5/27/2022 12:10,IMPROPER BACKING,NOT APPLICABLE,1857,S,WESTERN AVE,1234,,,,,,,2,NO INDICATION OF INJURY,0,0,0,0,0,1,0,12,6,5,41.85582655,-87.6855926,POINT (-87.685592597233 41.855826549588)
01f9416039412540e4f7c27afdb841955f09a6b5b4405fe7824e7be9ff6624706465e458e4ac1462e5b2e79f8de97bb17a5d44e7b88ffedead21a7f619225160,JC509503,,11/13/2019 19:33,30,TRAFFIC SIGNAL,FUNCTIONING PROPERLY,CLEAR,"DARKNESS, LIGHTED ROAD",TURNING,FOUR WAY,,STRAIGHT AND LEVEL,DRY,NO DEFECTS,ON SCENE,NO INJURY / DRIVE AWAY,Y,,,"OVER $1,500",11/13/2019 19:34,UNABLE TO DETERMINE,UNABLE TO DETERMINE,7899,S,RACINE AVE,612,,,,,,,2,NO INDICATION OF INJURY,0,0,0,0,0,3,0,19,4,11,41.75054494,-87.653592,POINT (-87.653592003679 41.750544941695)
04225b49e640a246b12cb3e1a9c7efb2974be6cf67d9dad76f55c70724458ed1623a1aff2a2a89aee4fc5def269f496089d7268428621e92dbea13ab1dfac3d0,JB504283,,11/5/2018 11:30,30,NO CONTROLS,NO CONTROLS,CLEAR,DAYLIGHT,SIDESWIPE SAME DIRECTION,DIVIDED - W/MEDIAN (NOT RAISED),4,STRAIGHT AND LEVEL,DRY,NO DEFECTS,ON SCENE,NO INJURY / DRIVE AWAY,,,,"OVER $1,500",11/5/2018 11:31,FAILING TO YIELD RIGHT-OF-WAY,DRIVING SKILLS/KNOWLEDGE/EXPERIENCE,7070,N,SHERIDAN RD,2423,,,,,,,2,NO INDICATION OF INJURY,0,0,0,0,0,2,0,11,2,11,42.01118202,-87.66289497,POINT (-87.662894966403 42.011182018127)
061e4bbc2114e23a3f8c117e93062514e168dcc134c99e9247ab549d553ba94a0d70079f28c95df53137869b79e5dcc4c649792fb240ba53e6f6ffb0747724fc,JA560700,,12/23/2017 12:31,0,NO CONTROLS,NO CONTROLS,CLEAR,DAYLIGHT,FIXED OBJECT,OTHER,0,STRAIGHT AND LEVEL,"SAND, MUD, DIRT","RUT, HOLES",NOT ON SCENE (DESK REPORT),NO INJURY / DRIVE AWAY,,,,"OVER $1,500",12/23/2017 12:50,"EVASIVE ACTION DUE TO ANIMAL, OBJECT, NONMOTORIST","EVASIVE ACTION DUE TO ANIMAL, OBJECT, NONMOTORIST",512,N,KILBOURN AVE,1111,,,,,,,1,NO INDICATION OF INJURY,0,0,0,0,0,2,0,12,7,12,41.89004429,-87.73839676,POINT (-87.738396763502 41.890044284861)
05e33a1b4e5c5bc933271ded40834a764164ea2385b9bb2c231587390b8aa466d387f8db155f01537b27cc7eddded3abd74357effe188c1fcd065ab79703f738,JG176849,,3/7/2023 9:00,30,TRAFFIC SIGNAL,FUNCTIONING PROPERLY,CLEAR,DAYLIGHT,SIDESWIPE SAME DIRECTION,NOT DIVIDED,,STRAIGHT AND LEVEL,UNKNOWN,UNKNOWN,NOT ON SCENE (DESK REPORT),NO INJURY / DRIVE AWAY,,,Y,"OVER $1,500",3/7/2023 9:27,FAILING TO YIELD RIGHT-OF-WAY,DRIVING SKILLS/KNOWLEDGE/EXPERIENCE,5051,N,CICERO AVE,1712,,,,,,,2,NO INDICATION OF INJURY,0,0,0,0,0,3,0,9,3,3,41.97300289,-87.74777576,POINT (-87.747775760257 41.973002887122)
0bb69e1366308e6421de317d22e9635534a5783f0eadcef47e0f444661bc62d266e79407f3c27f12d9e178441d4c4350710100d8b249ab5bd35e6512e9a00153,JC308461,Y,6/16/2019 3:55,30,NO CONTROLS,NO CONTROLS,RAIN,"DARKNESS, LIGHTED ROAD",PARKED MOTOR VEHICLE,DIVIDED - W/MEDIAN (NOT RAISED),,STRAIGHT AND LEVEL,WET,NO DEFECTS,ON SCENE,INJURY AND / OR TOW DUE TO CRASH,,,,"OVER $1,500",6/16/2019 3:59,FAILING TO REDUCE SPEED TO AVOID CRASH,UNABLE TO DETERMINE,5023,W,FULLERTON AVE,2522,,N,,,,,3,NO INDICATION OF INJURY,0,0,0,0,0,1,0,3,1,6,41.92405205,-87.75218516,POINT (-87.752185156214 41.924052051275)
0ae12dfbc291e300da568b9bba79633f4816cc1c8a6adf9e32415894e49e24bf0ea7d75885b97c36982d9c0b29a377242ad2493cf3d36b3236bbfc2434c08e4b,JB353815,,7/17/2018 15:45,30,TRAFFIC SIGNAL,FUNCTIONING PROPERLY,CLEAR,DAYLIGHT,ANGLE,NOT DIVIDED,,STRAIGHT AND LEVEL,DRY,NO DEFECTS,NOT ON SCENE (DESK REPORT),NO INJURY / DRIVE AWAY,,,,"OVER $1,500",7/17/2018 17:00,UNABLE TO DETERMINE,NOT APPLICABLE,7301,W,IRVING PARK RD,1631,,,,,,,2,NO INDICATION OF INJURY,0,0,0,0,0,2,0,15,3,7,41.95259687,-87.80977679,POINT (-87.809776789627 41.9525968686)
02bc9449fbdcac53f47a7d9fa26ff9ad25352172134bca07472eca8b968f23813442a2e679dafc22203190e3211ea2e407b760ad6cc4a62dbedfe5e0227de336,JB449061,,9/24/2018 15:38,30,TRAFFIC SIGNAL,FUNCTIONING PROPERLY,RAIN,DAYLIGHT,SIDESWIPE SAME DIRECTION,NOT DIVIDED,,STRAIGHT AND LEVEL,WET,NO DEFECTS,ON SCENE,NO INJURY / DRIVE AWAY,,,Y,"$501 - $1,500",9/24/2018 15:45,IMPROPER OVERTAKING/PASSING,NOT APPLICABLE,150,S,WESTERN AVE,1125,,,,,,,2,NO INDICATION OF INJURY,0,0,0,0,0,3,0,15,2,9,41.87883824,-87.6865179,POINT (-87.68651790278 41.878838237319)
05b7cf290de76c05c4020a75fb4c6d98b7d6b55a49952ffc058f4957fb5f2824e4ca5181be8a3e66e8d195e9826b2aaf93af9e345598d313a7dff18152f37b5d,JG139740,,2/2/2023 13:30,30,TRAFFIC SIGNAL,UNKNOWN,CLEAR,DAYLIGHT,REAR END,FOUR WAY,,STRAIGHT AND LEVEL,UNKNOWN,UNKNOWN,NOT ON SCENE (DESK REPORT),NO INJURY / DRIVE AWAY,,,,$500 OR LESS,2/3/2023 17:10,UNABLE TO DETERMINE,NOT APPLICABLE,1207,W,63RD ST,724,,,,,,,3,NO INDICATION OF INJURY,0,0,0,0,0,3,0,13,5,2,41.77949571,-87.65481857,POINT (-87.654818564643 41.779495714402)