CRASH_RECORD_ID,RD_NO,CRASH_DATE_EST_I,CRASH_DATE,POSTED_SPEED_LIMIT,TRAFFIC_CONTROL_DEVICE,DEVICE_CONDITION,WEATHER_CONDITION,LIGHTING_CONDITION,FIRST_CRASH_TYPE,TRAFFICWAY_TYPE,LANE_CNT,ALIGNMENT,ROADWAY_SURFACE_COND,ROAD_DEFECT,REPORT_TYPE,CRASH_TYPE,INTERSECTION_RELATED_I,NOT_RIGHT_OF_WAY_I,HIT_AND_RUN_I,DAMAGE,DATE_POLICE_NOTIFIED,PRIM_CONTRIBUTORY_CAUSE,SEC_CONTRIBUTORY_CAUSE,STREET_NO,STREET_DIRECTION,STREET_NAME,BEAT_OF_OCCURRENCE,PHOTOS_TAKEN_I,STATEMENTS_TAKEN_I,DOORING_I,WORK_ZONE_I,WORK_ZONE_TYPE,WORKERS_PRESENT_I,NUM_UNITS,MOST_SEVERE_INJURY,INJURIES_TOTAL,INJURIES_FATAL,INJURIES_INCAPACITATING,INJURIES_NON_INCAPACITATING,INJURIES_REPORTED_NOT_EVIDENT,INJURIES_NO_INDICATION,INJURIES_UNKNOWN,CRASH_HOUR,CRASH_DAY_OF_WEEK,CRASH_MONTH,LATITUDE,LONGITUDE,LOCATION
0777f7894c7c4242e8c873eabc2e52818359fa49a54045cf792634d248b97243534c082652e646a9150fdeb490f3333a175ecbf4582fa1c807f6746126c8fe10,JB266820,,5/17/2018 5:36,30,NO CONTROLS,NO CONTROLS,CLEAR,DAYLIGHT,SIDESWIPE SAME DIRECTION,NOT DIVIDED,,STRAIGHT AND LEVEL,DRY,NO DEFECTS,NOT ON SCENE (DESK REPORT),NO INJURY / DRIVE AWAY,,,,"$501 - $1,500",5/17/2018 6:15,IMPROPER OVERTAKING/PASSING,IMPROPER OVERTAKING/PASSING,4301,S,PULASKI RD,821,,,,,,,2,NO INDICATION OF INJURY,0,0,0,0,0,2,0,5,5,5,41.81510701,-87.72371188,POINT (-87.723711879533 41.815107007217)
07ec49794b64506d1d8b6a101b10fe61433079469ffef19d25232e7ab340910710d81b922868be91e4637d2f80ca11f4ee8fa8a93e5adb12459067e9137712d1,JD363826,,9/11/2020 14:05,30,NO CONTROLS,NO CONTROLS,CLEAR,DAYLIGHT,TURNING,DIVIDED - W/MEDIAN (NOT RAISED),,STRAIGHT AND LEVEL,DRY,NO DEFECTS,ON SCENE,INJURY AND / OR TOW DUE TO CRASH,,,,"OVER $1,500",9/11/2020 14:16,UNABLE TO DETERMINE,NOT APPLICABLE,7100,S,WABASH AVE,323,,,,,,,2,NO INDICATION OF INJURY,0,0,0,0,0,2,0,14,6,9,41.7654514,-87.62344125,POINT (-87.623441254312 41.765451395655)
082a69abfaafd2a44eb7a151c992457aa193f93c693a7f09aa67f5669b50667a9a5850678eb92b1dee330e07df0e09f2d05f1e5c9a888a094d7c36d4d411378e,JG309487,,6/21/2023 6:35,30,TRAFFIC SIGNAL,FUNCTIONING PROPERLY,CLEAR,DAYLIGHT,REAR END,NOT DIVIDED,,STRAIGHT AND LEVEL,DRY,NO DEFECTS,NOT ON SCENE (DESK REPORT),NO INJURY / DRIVE AWAY,Y,,,"OVER $1,500",6/21/2023 7:36,FOLLOWING TOO CLOSELY,NOT APPLICABLE,4500,S,COTTAGE GROVE AVE,221,,,,,,,2,NO INDICATION OF INJURY,0,0,0,0,0,2,0,6,4,6,41.81308092,-87.60679221,POINT (-87.606792214289 41.813080924358)
0630a4ddfe6ca4e8199d8b6fec6989d52a34c9b23553ac695d3eab738d78fdb5a4461ce8a462e653202c8eaa741a34fa291f0b4bbfe18a988e635b2032b3164b,JB423556,,9/5/2018 15:40,0,NO CONTROLS,NO CONTROLS,CLEAR,DAYLIGHT,FIXED OBJECT,OTHER,0,STRAIGHT AND LEVEL,DRY,NO DEFECTS,ON SCENE,NO INJURY / DRIVE AWAY,,Y,,"OVER $1,500",9/5/2018 16:14,IMPROPER BACKING,DRIVING SKILLS/KNOWLEDGE/EXPERIENCE,7600,S,SOUTH CHICAGO AVE,411,,,,,,,1,NO INDICATION OF INJURY,0,0,0,0,0,1,0,15,4,9,41.7567361,-87.59307096,POINT (-87.593070955379 41.756736099049)
0ae5e847cb4908dce1ebc2bbe73883fb75776169aaab4228c52ef89a61156132dcc8016ba55085530df0bc00ccb69ba5dde96fcb2376b8a64d7f5454cd6372cd,JF156129,,2/25/2022 19:30,30,NO CONTROLS,NO CONTROLS,CLEAR,"DARKNESS, LIGHTED ROAD",PARKED MOTOR VEHICLE,ONE-WAY,,STRAIGHT AND LEVEL,SNOW OR SLUSH,UNKNOWN,NOT ON SCENE (DESK REPORT),INJURY AND / OR TOW DUE TO CRASH,,,Y,"OVER $1,500",2/25/2022 21:00,NOT APPLICABLE,UNABLE TO DETERMINE,4700,W,FLOURNOY ST,1131,,,,,,,2,NONINCAPACITATING INJURY,1,0,0,1,0,2,0,19,6,2,41.87241907,-87.74260042,POINT (-87.742600421981 41.872419074484)
00dd5552754c5e9a5bee2c447ff976aa2e78ad0a84837da7f6c968271fbb442dda241b8b94c008783a28c056b3dcf2cb688ec4cbd81825c752e8d74fbc1220ac,JB234266,,4/23/2018 7:17,30,NO CONTROLS,NO CONTROLS,CLEAR,DAYLIGHT,REAR END,NOT DIVIDED,,STRAIGHT AND LEVEL,DRY,NO DEFECTS,NOT ON SCENE (DESK REPORT),NO INJURY / DRIVE AWAY,,,Y,"OVER $1,500",4/23/2018 7:39,FOLLOWING TOO CLOSELY,NOT APPLICABLE,112,W,87TH ST,622,,,,,,,2,NO INDICATION OF INJURY,0,0,0,0,0,3,0,7,2,4,41.73638005,-87.62750922,POINT (-87.627509219026 41.736380045588)
03f6a7c532f6ff4662cb4ed0f745fa62ef676e74ed3bbd5d0efb0b6341d2b8641915ed82d2ff43a7c228615b52a32f700fd1bb4cd811eac46e2ecc0485d03bf7,JG123485,,1/20/2023 16:56,30,TRAFFIC SIGNAL,UNKNOWN,CLEAR,"DARKNESS, LIGHTED ROAD",REAR END,DIVIDED - W/MEDIAN (NOT RAISED),,STRAIGHT AND LEVEL,UNKNOWN,UNKNOWN,NOT ON SCENE (DESK REPORT),NO INJURY / DRIVE AWAY,,,,"OVER $1,500",1/20/2023 17:35,FAILING TO REDUCE SPEED TO AVOID CRASH,NOT APPLICABLE,4400,W,CERMAK RD,1012,,,,,,,2,NO INDICATION OF INJURY,0,0,0,0,0,2,0,16,6,1,41.8515092,-87.73455933,POINT (-87.734559326014 41.851509196295)
034b0fea489e69957dd47956d3fd860466a6c91755e9fdc033b4a3c73be629071d6d7325d33fdef70fc828f4266297b3217a66cb3bf890cce90ffe6a8dfeda38,JB540843,,12/5/2018 9:09,30,NO CONTROLS,NO CONTROLS,CLEAR,DAYLIGHT,PEDESTRIAN,ALLEY,1,STRAIGHT AND LEVEL,WET,NO DEFECTS,ON SCENE,INJURY AND / OR TOW DUE TO CRASH,,,Y,"OVER $1,500",12/5/2018 9:21,UNABLE TO DETERMINE,UNABLE TO DETERMINE,3234,W,NORTH AVE,1421,,,,,,,2,"REPORTED, NOT EVIDENT",1,0,0,0,1,1,0,9,4,12,41.91020813,-87.70822833,POINT (-87.708228325363 41.91020813057)
0841cfe78ba030b5dcbd2000804f46a9d734bfba9b585fa91ee89c5fd9c0777a9c97a1d4c19bbf5c22cad406e8f03f337dba6f567aacfca428a21ca1b3f093d0,JC556818,,12/22/2019 16:54,30,NO CONTROLS,NO CONTROLS,CLEAR,DAYLIGHT,ANGLE,NOT DIVIDED,,STRAIGHT AND LEVEL,DRY,NO DEFECTS,ON SCENE,INJURY AND / OR TOW DUE TO CRASH,,,,"OVER $1,500",12/22/2019 16:56,DRIVING SKILLS/KNOWLEDGE/EXPERIENCE,UNABLE TO DETERMINE,1199,W,DICKENS AVE,1811,,,,,,,2,NO INDICATION OF INJURY,0,0,0,0,0,3,0,16,1,12,41.91973822,-87.65821534,POINT (-87.658215335653 41.91973821967)
0209d80ddaef62b88be80e22a7fc13fa474a3fba4f71a8341383cb8f4741efc4c70e1f50f8006ba51a239e0e6ea47c3e242097b4718e8131b061e61c88f4a882,JE395506,,10/2/2021 14:40,30,TRAFFIC SIGNAL,FUNCTIONING PROPERLY,CLOUDY/OVERCAST,DAYLIGHT,ANGLE,NOT DIVIDED,,STRAIGHT AND LEVEL,DRY,NO DEFECTS,,INJURY AND / OR TOW DUE TO CRASH,Y,,,"OVER $1,500",10/2/2021 15:29,UNABLE TO DETERMINE,NOT APPLICABLE,3100,S,STATE ST,211,,,,,,,2,NO INDICATION OF INJURY,0,0,0,0,0,4,0,14,7,10,41.83821029,-87.62692174,POINT (-87.626921735742 41.838210284902)
05abd0288bee4cb5ff3c9cf488424692bfd09c080b8793b617b8869885a638b6dcca87ac41db8ee0780ee8edf920167f3a8de6bdb6d6614c1fa6c5adbb02ffef,JE240115,,5/23/2021 12:00,30,NO CONTROLS,NO CONTROLS,CLEAR,DAYLIGHT,PARKED MOTOR VEHICLE,ONE-WAY,,STRAIGHT AND LEVEL,DRY,NO DEFECTS,NOT ON SCENE (DESK REPORT),NO INJURY / DRIVE AWAY,,,Y,"OVER $1,500",5/23/2021 15:30,UNABLE TO DETERMINE,UNABLE TO DETERMINE,5700,S,RACINE AVE,713,,,,,,,2,NO INDICATION OF INJURY,0,0,0,0,0,1,0,12,1,5,41.7904302,-87.65492424,POINT (-87.654924241424 41.790430199198)
03a7075e049077225e90bf02ac5eb8fc2d7b94945a16336940957cc6bd8923726605373202286d23ab28b035b30317b1d0cfbd796f4ab860d2b6c3e002c434ea,JF141315,,2/11/2022 0:30,30,NO CONTROLS,NO CONTROLS,CLEAR,DAYLIGHT,TURNING,PARKING LOT,,STRAIGHT AND LEVEL,DRY,NO DEFECTS,NOT ON SCENE (DESK REPORT),NO INJURY / DRIVE AWAY,,,Y,"OVER $1,500",2/11/2022 15:30,FOLLOWING TOO CLOSELY,UNABLE TO DETERMINE,11,E,83RD ST,632,,,,,,,2,NO INDICATION OF INJURY,0,0,0,0,0,3,0,0,6,2,41.74355303,-87.62384703,POINT (-87.623847029517 41.743553030347)
05bc8b9be7711cd64cfdb4d3a58ff01f70931c34ed2ae73d3668da74bdc2f4cc4a7edc77729b964ca8500a5a31e11baab2a81b0b575a3efbc9e37c48f4921565,JB165649,,2/26/2018 8:09,20,TRAFFIC SIGNAL,UNKNOWN,CLEAR,DAYLIGHT,ANGLE,NOT DIVIDED,,STRAIGHT AND LEVEL,DRY,UNKNOWN,ON SCENE,INJURY AND / OR TOW DUE TO CRASH,Y,,Y,"OVER $1,500",2/26/2018 8:14,DISREGARDING TRAFFIC SIGNALS,DISREGARDING TRAFFIC SIGNALS,4000,W,15TH ST,1011,,,,,,,2,NONINCAPACITATING INJURY,2,0,0,2,0,3,0,8,2,2,41.86080377,-87.72507316,POINT (-87.725073163773 41.860803771261)
00be924ba66df487ac374ee06c71f74e69891fe59910711ff5b923f1736d4e54f87a3938126199247221944d38868b8ac7c0a6b2791d839e85abdef12f4908aa,JB218005,,4/10/2018 8:34,45,TRAFFIC SIGNAL,FUNCTIONING PROPERLY,CLEAR,DAYLIGHT,SIDESWIPE SAME DIRECTION,DIVIDED - W/MEDIAN BARRIER,0,STRAIGHT AND LEVEL,DRY,NO DEFECTS,NOT ON SCENE (DESK REPORT),NO INJURY / DRIVE AWAY,Y,,,"$501 - $1,500",4/10/2018 9:40,UNABLE TO DETERMINE,NOT APPLICABLE,100,S,LAKE SHORE DR NB,114,,,,,,,2,NO INDICATION OF INJURY,0,0,0,0,0,2,0,8,3,4,41.88085605,-87.61763589,POINT (-87.617635891755 41.880856047671)
0140964afd787d57003fc99a69ce28a1aad53f0541af145157a4dc64b6fc188015e91a297da51816138422db748f8e590abe770212bce725d7cf9314a550250c,JA125375,,1/22/2017 2:30,10,NO CONTROLS,NO CONTROLS,CLEAR,DARKNESS,PARKED MOTOR VEHICLE,ONE-WAY,1,STRAIGHT AND LEVEL,DRY,NO DEFECTS,ON SCENE,NO INJURY / DRIVE AWAY,,,Y,"OVER $1,500",1/22/2017 9:45,NOT APPLICABLE,NOT APPLICABLE,7232,S,RIDGELAND AVE,324,,,,,,,2,NO INDICATION OF INJURY,0,0,0,0,0,1,0,2,1,1,41.76327978,-87.58252158,POINT (-87.582521574695 41.763279775159)
076d56aaa095d6e6d054754ee9969307e52d51b9e11c0c193106e8da9a84153d95e71e48cd24546fd3c2a040d7d5a73a2180c7c52b3f13a78298a7f2637c40ac,JB255884,,5/8/2018 20:44,30,TRAFFIC SIGNAL,UNKNOWN,CLEAR,"DARKNESS, LIGHTED ROAD",SIDESWIPE SAME DIRECTION,NOT DIVIDED,2,STRAIGHT AND LEVEL,UNKNOWN,UNKNOWN,NOT ON SCENE (DESK REPORT),NO INJURY / DRIVE AWAY,Y,,,"OVER $1,500",5/8/2018 21:10,UNABLE TO DETERMINE,NOT APPLICABLE,421,W,DIVERSEY PKWY,1935,,,,,,,2,NO INDICATION OF INJURY,0,0,0,0,0,2,0,20,3,5,41.93278398,-87.64021111,POINT (-87.640211111066 41.932783975934)
0ba457f4820aaf5a69c871ff71881c55bfc0d858ef88066014028641c238f6f65d57d986cc0f4dc5ac3c186482f8f768a60dbe9f596555aefdef7d6ae62c5693,JA388923,,8/12/2017 23:11,30,NO CONTROLS,NO CONTROLS,CLEAR,"DARKNESS, LIGHTED ROAD",PARKED MOTOR VEHICLE,ONE-WAY,1,STRAIGHT AND LEVEL,DRY,NO DEFECTS,ON SCENE,INJURY AND / OR TOW DUE TO CRASH,,,Y,"OVER $1,500",8/13/2017 0:14,NOT APPLICABLE,UNABLE TO DETERMINE,7112,S,HARVARD AVE,731,,,,,,,2,NO INDICATION OF INJURY,0,0,0,0,0,1,0,23,7,8,41.76494331,-87.63357732,POINT (-87.633577317553 41.764943309975)
023d191614aff0df0983781f85e660daea87a067733d40246549bf75e5e82d8fa4d48f2c3a13bfa45140a86dc8b4a90b45a915af3aa55a87df53a887e112009a,JE246953,,5/29/2021 15:35,35,NO CONTROLS,NO CONTROLS,CLEAR,DAYLIGHT,REAR END,CENTER TURN LANE,,STRAIGHT AND LEVEL,DRY,NO DEFECTS,ON SCENE,INJURY AND / OR TOW DUE TO CRASH,,,Y,"OVER $1,500",5/29/2021 15:45,UNABLE TO DETERMINE,UNABLE TO DETERMINE,9400,S,STONY ISLAND AVE,413,,,,,,,2,"REPORTED, NOT EVIDENT",1,0,0,0,1,1,0,15,7,5,41.72407478,-87.58530323,POINT (-87.585303232497 41.724074783765)
042ad6c6211350d6f01abf96a09556ed0afeaa2145ef15b7ee263eaed358e2add73150ee328b487ec394620358aea8febb03868af11562a964a8e381d2e453aa,JF341796,,8/2/2022 16:40,30,TRAFFIC SIGNAL,FUNCTIONING PROPERLY,CLEAR,DAYLIGHT,REAR END,NOT DIVIDED,,STRAIGHT AND LEVEL,UNKNOWN,UNKNOWN,NOT ON SCENE (DESK REPORT),NO INJURY / DRIVE AWAY,Y,,,"$501 - $1,500",8/2/2022 17:50,FOLLOWING TOO CLOSELY,NOT APPLICABLE,2,N,PULASKI RD,1115,,,,,,,2,NO INDICATION OF INJURY,0,0,0,0,0,2,0,16,3,8,41.8807858,-87.72581841,POINT (-87.725818414306 41.880785797888)
0a45fa4d97729ccf4fea4bd219508e40d76d5bdf31f6d413759b2732825c311ff872aac583c77265514bd10d86751d281829eca5031dbf53bc622d81c905ea2b,JB107110,,1/6/2018 21:16,30,NO CONTROLS,NO CONTROLS,CLEAR,"DARKNESS, LIGHTED ROAD",TURNING,NOT DIVIDED,,STRAIGHT AND LEVEL,DRY,NO DEFECTS,,NO INJURY / DRIVE AWAY,,,,"OVER $1,500",1/6/2018 22:02,FAILING TO YIELD RIGHT-OF-WAY,UNDER THE INFLUENCE OF ALCOHOL/DRUGS (USE WHEN ARREST IS EFFECTED),4434,W,55TH ST,815,,,,,,,2,NO INDICATION OF INJURY,0,0,0,0,0,2,0,21,7,1,41.79321853,-87.73434029,POINT (-87.73434028456 41.793218531116)
0757725a0e9766002d9fdd4ad02336916b3188334bd5a8eb2dd041aed9a26c0a8197ccbf96ee7f5ee033bf7de2fc65a999adf99c398265c9fa0d8992eaf9e7ca,JF416156,,9/30/2022 6:00,25,NO CONTROLS,NO CONTROLS,CLEAR,DAWN,PARKED MOTOR VEHICLE,NOT DIVIDED,,STRAIGHT AND LEVEL,DRY,UNKNOWN,ON SCENE,NO INJURY / DRIVE AWAY,,,Y,"$501 - $1,500",9/30/2022 7:34,UNABLE TO DETERMINE,NOT APPLICABLE,4916,W,AUGUSTA BLVD,1531,,,,,,,2,NO INDICATION OF INJURY,0,0,0,0,0,1,0,6,6,9,41.89875788,-87.74907381,POINT (-87.749073805476 41.898757878608)
0533d252586f78cfc066199872e0d7ebb8d36089a9102903a208a849c95d547dcc057a0573e88a6f44db837ec4bf32c4ad138515a3d91a8371943ccd0690ab8c,JE273253,,6/19/2021 20:30,30,NO CONTROLS,NO CONTROLS,CLEAR,DARKNESS,REAR END,DIVIDED - W/MEDIAN (NOT RAISED),,STRAIGHT AND LEVEL,DRY,NO DEFECTS,NOT ON SCENE (DESK REPORT),NO INJURY / DRIVE AWAY,,,,"OVER $1,500",6/20/2021 15:20,FOLLOWING TOO CLOSELY,UNABLE TO DETERMINE,4432,W,55TH ST,815,,,,,,,2,NO INDICATION OF INJURY,0,0,0,0,0,3,0,20,7,6,41.7932194,-87.73425429,POINT (-87.734254290821 41.793219397128)
06295b80739f7a7fa0527ccd394d706334ada6cf15a5a31a8bb18cda0808d5771e781e60af7d2609d666cccf2e0cc69daa46348e6640bb09c7c5caeb8535129f,JG318071,,6/26/2023 15:00,30,NO CONTROLS,NO CONTROLS,CLEAR,DAYLIGHT,SIDESWIPE SAME DIRECTION,NOT DIVIDED,,STRAIGHT AND LEVEL,DRY,NO DEFECTS,NOT ON SCENE (DESK REPORT),NO INJURY / DRIVE AWAY,,,Y,"$501 - $1,500",6/27/2023 12:09,UNABLE TO DETERMINE,UNABLE TO DETERMINE,1650,E,79TH ST,414,,,,,,,2,NO INDICATION OF INJURY,0,0,0,0,0,2,0,15,2,6,41.75161868,-87.5837251,POINT (-87.583725099143 41.751618681797)
089d5d3d1a370238737865b2498b4a8eb80e02a8175dbc90e2ef5fe7eb79d57430aec58f55c461fd240a72cf5b10c4611dd3c1f18c33296eb32b548b81dbb7dc,JE364880,,9/7/2021 15:01,30,NO CONTROLS,NO CONTROLS,CLEAR,DAYLIGHT,REAR END,NOT DIVIDED,,STRAIGHT AND LEVEL,DRY,NO DEFECTS,NOT ON SCENE (DESK REPORT),NO INJURY / DRIVE AWAY,,,,"$501 - $1,500",9/7/2021 15:35,NOT APPLICABLE,NOT APPLICABLE,7900,S,KILPATRICK AVE,834,,,,,,,2,NO INDICATION OF INJURY,0,0,0,0,0,3,0,15,3,9,41.74919988,-87.73729656,POINT (-87.737296564109 41.749199883406)
00861d9d2c5758a24307eddb93b511015b0b45909551d1c9d1517ea8f810701d48f2fab5b3f125d7ebb0b12cb2e34a4cc2e7371765c462e779bba3a3347d3aeb,JF475135,,11/15/2022 6:30,30,NO CONTROLS,NO CONTROLS,SNOW,DAWN,TURNING,NOT DIVIDED,,STRAIGHT AND LEVEL,WET,NO DEFECTS,ON SCENE,INJURY AND / OR TOW DUE TO CRASH,N,,,"OVER $1,500",11/15/2022 6:35,FAILING TO YIELD RIGHT-OF-WAY,NOT APPLICABLE,2245,S,PULASKI RD,1013,,,,,,,2,NO INDICATION OF INJURY,0,0,0,0,0,2,0,6,3,11,41.85012186,-87.72457393,POINT (-87.724573931304 41.850121859795)
0a1477b04912f3ca624192887cda553c5060c8777d28760aeacf1e89265bdb72cc331d54ccfe781e4f4535397bfb82bd57b24f03e7ca0778efe36abd8fd52333,JC504583,,11/9/2019 16:35,30,TRAFFIC SIGNAL,FUNCTIONING PROPERLY,CLEAR,DUSK,PEDESTRIAN,NOT DIVIDED,,STRAIGHT AND LEVEL,DRY,NO DEFECTS,ON SCENE,INJURY AND / OR TOW DUE TO CRASH,Y,,,"$501 - $1,500",11/9/2019 16:36,FAILING TO YIELD RIGHT-OF-WAY,NOT APPLICABLE,2501,S,KEDZIE AVE,1033,,,,,,,2,NONINCAPACITATING INJURY,1,0,0,1,0,1,0,16,7,11,41.84624564,-87.70494537,POINT (-87.704945372336 41.846245643862)
09a183801da519e8a77f63c876935635e08c539dc2231e588799897591b502b19bb934e9c011d10a16727358a7c6b935f2e56741708fdd7a6e0a6e3874feebff,HZ567375,,12/27/2016 14:40,30,NO CONTROLS,NO CONTROLS,CLEAR,DAYLIGHT,TURNING,ONE-WAY,1,STRAIGHT AND LEVEL,DRY,NO DEFECTS,NOT ON SCENE (DESK REPORT),NO INJURY / DRIVE AWAY,Y,,,"$501 - $1,500",12/28/2016 4:00,FAILING TO YIELD RIGHT-OF-WAY,IMPROPER OVERTAKING/PASSING,9500,S,UNION AVE,2223,,,,,,,2,NO INDICATION OF INJURY,0,0,0,0,0,2,0,14,3,12,41.72139758,-87.6409316,POINT (-87.640931598443 41.721397580522)
01bffc2a68bc7a781ac1c732adeda105eb1d336e471dbc0ce03ca2373dfec525f2bb53a72919ad488be19c79c25ccf86dc44816f6b3875b1f2238e818733982b,JF377524,,8/31/2022 12:46,35,NO CONTROLS,NO CONTROLS,CLEAR,DAYLIGHT,REAR END,NOT DIVIDED,,STRAIGHT AND LEVEL,DRY,NO DEFECTS,ON SCENE,NO INJURY / DRIVE AWAY,,,,"OVER $1,500",8/31/2022 12:49,"EVASIVE ACTION DUE TO ANIMAL, OBJECT, NONMOTORIST",NOT APPLICABLE,4505,S,CICERO AVE,815,,,,,,,2,NO INDICATION OF INJURY,0,0,0,0,0,2,0,12,4,8,41.81107159,-87.74310185,POINT (-87.743101849582 41.81107158735)
02fec0dd000a1716632626240b955ee49070f5db106c0f64f5917f6307c64551eef9c66d014c4783bbb65a98e369f538113b696063347d43a7cb2ba1ef22013b,JC437633,,9/17/2019 18:58,30,TRAFFIC SIGNAL,FUNCTIONING PROPERLY,CLEAR,DAYLIGHT,ANGLE,NOT DIVIDED,,STRAIGHT AND LEVEL,DRY,NO DEFECTS,ON SCENE,NO INJURY / DRIVE AWAY,Y,,Y,"OVER $1,500",9/17/2019 19:02,UNABLE TO DETERMINE,UNABLE TO DETERMINE,2751,N,CENTRAL AVE,2514,,,,,,,2,NO INDICATION OF INJURY,0,0,0,0,0,2,0,18,3,9,41.93100018,-87.76608941,POINT (-87.766089407959 41.931000176021)
043bff5b7043e16bab3b892829f597ef88c4ceecfc6e547c0f74ae587ff1b7dff148e7cd954700255180e92b9f7feb25a9aa834b96ae5cbe78fb9775c7dabcb0,JB320664,,6/24/2018 15:19,30,TRAFFIC SIGNAL,FUNCTIONING PROPERLY,CLEAR,DAYLIGHT,ANGLE,NOT DIVIDED,4,STRAIGHT AND LEVEL,DRY,NO DEFECTS,ON SCENE,INJURY AND / OR TOW DUE TO CRASH,Y,,,"OVER $1,500",6/24/2018 15:21,DISREGARDING TRAFFIC SIGNALS,"OPERATING VEHICLE IN ERRATIC, RECKLESS, CARELESS, NEGLIGENT OR AGGRESSIVE MANNER",4100,W,MADISON ST,1115,,,,,,,2,NONINCAPACITATING INJURY,1,0,0,1,0,3,0,15,1,6,41.88080416,-87.72824442,POINT (-87.728244421697 41.880804158177)
0c3b79a96535f06d488a0b864498c23548659ade5217ef7b1f8ecd0b3a8492365d42378279377f0368847a7cd164fb9a716526673adc6d0cc1484d9d2d642b81,JD324645,,8/8/2020 2:00,30,NO CONTROLS,NO CONTROLS,CLEAR,"DARKNESS, LIGHTED ROAD",REAR END,OTHER,,STRAIGHT AND LEVEL,DRY,NO DEFECTS,NOT ON SCENE (DESK REPORT),NO INJURY / DRIVE AWAY,,,,"OVER $1,500",8/8/2020 2:30,NOT APPLICABLE,NOT APPLICABLE,11500,S,STEWART AVE,522,,,,,,,2,NO INDICATION OF INJURY,0,0,0,0,0,2,0,2,7,8,41.68511035,-87.63262479,POINT (-87.632624789256 41.685110353116)
03a71ffb9dfba23dfb295841e1c90113dc57b72631dd9a4b49ccf9d82084be49308a8995b0cdba1c8bfc7a52a03135f7336b64d2877de15da289ac30d273890b,JD144155,Y,2/8/2020 0:50,30,NO CONTROLS,NO CONTROLS,CLEAR,"DARKNESS, LIGHTED ROAD",PARKED MOTOR VEHICLE,ONE-WAY,,STRAIGHT AND LEVEL,SNOW OR SLUSH,NO DEFECTS,ON SCENE,NO INJURY / DRIVE AWAY,,,Y,"OVER $1,500",2/8/2020 0:53,UNABLE TO DETERMINE,UNABLE TO DETERMINE,13139,S,BURLEY AVE,433,,,,,,,5,NO INDICATION OF INJURY,0,0,0,0,0,1,0,0,7,2,41.65615844,-87.54457075,POINT (-87.544570754088 41.656158441117)
04846436650fbc8ac5801e2cab8ba11fd14e1660590bc9cde71bc56e539d6924fabf8bcabe34d728c31ce7b0d6169d63b2e8d0169e5bd9ed575b6488099e3005,JC219301,,4/10/2019 11:30,30,NO CONTROLS,NO CONTROLS,CLEAR,DAYLIGHT,PARKED MOTOR VEHICLE,ALLEY,,STRAIGHT AND LEVEL,DRY,NO DEFECTS,NOT ON SCENE (DESK REPORT),NO INJURY / DRIVE AWAY,,,Y,"OVER $1,500",4/10/2019 16:40,IMPROPER BACKING,NOT APPLICABLE,111,W,MONROE ST,122,,,,,,,2,NO INDICATION OF INJURY,0,0,0,0,0,2,0,11,4,4,41.88058227,-87.63120101,POINT (-87.631201008935 41.880582266334)
0434d6dcbd62066a1268cddd7080c62bd339ef23375cffa99e1fb06ab66709227018ba419a6acbc618e8438377f6470745e144f8cc0b2a90cfce813972abe5eb,JE260517,,6/10/2021 7:45,30,NO CONTROLS,NO CONTROLS,CLEAR,DAYLIGHT,PARKED MOTOR VEHICLE,PARKING LOT,,"CURVE, LEVEL",DRY,UNKNOWN,ON SCENE,NO INJURY / DRIVE AWAY,,,,"$501 - $1,500",6/10/2021 8:28,UNABLE TO DETERMINE,NOT APPLICABLE,100,E,WALTON ST,1833,,,,,,,3,NO INDICATION OF INJURY,0,0,0,0,0,2,0,7,5,6,41.90009663,-87.62535934,POINT (-87.625359340701 41.900096625177)
0885fdc34cff1003ccc3addcde01eed248c63cea0221e3976b4a904b1ada1de8577845e8d7677a19cf70bf6d0d10e23d975db4af57ad776627e47501df5448fb,JE118064,,1/20/2021 14:05,30,STOP SIGN/FLASHER,FUNCTIONING PROPERLY,CLEAR,DAYLIGHT,TURNING,DIVIDED - W/MEDIAN (NOT RAISED),,STRAIGHT ON GRADE,DRY,UNKNOWN,ON SCENE,NO INJURY / DRIVE AWAY,,,Y,$500 OR LESS,1/20/2021 14:06,FAILING TO YIELD RIGHT-OF-WAY,NOT APPLICABLE,10600,S,HALSTED ST,2233,,,,,,,2,NO INDICATION OF INJURY,0,0,0,0,0,2,0,14,4,1,41.70136473,-87.64280754,POINT (-87.642807537152 41.701364724583)
00ff6805215930501ac946cd07d083e7802fb9b898d733570cb4d9ecd28f0e6d10a5d4379493f29135344dde43a18cb81616abe74c62ad554263fa58e32c7599,JE364482,,9/7/2021 10:20,30,NO CONTROLS,NO CONTROLS,CLEAR,DAYLIGHT,TURNING,FOUR WAY,,STRAIGHT AND LEVEL,DRY,NO DEFECTS,ON SCENE,INJURY AND / OR TOW DUE TO CRASH,Y,,,"OVER $1,500",9/7/2021 10:29,IMPROPER TURNING/NO SIGNAL,FAILING TO YIELD RIGHT-OF-WAY,6000,S,KEDZIE AVE,823,,,,,,,2,NO INDICATION OF INJURY,0,0,0,0,0,2,0,10,3,9,41.78433325,-87.7034373,POINT (-87.70343729709 41.784333248946)