CRASH_RECORD_ID,RD_NO,CRASH_DATE_EST_I,CRASH_DATE,POSTED_SPEED_LIMIT,TRAFFIC_CONTROL_DEVICE,DEVICE_CONDITION,WEATHER_CONDITION,LIGHTING_CONDITION,FIRST_CRASH_TYPE,TRAFFICWAY_TYPE,LANE_CNT,ALIGNMENT,ROADWAY_SURFACE_COND,ROAD_DEFECT,REPORT_TYPE,CRASH_TYPE,INTERSECTION_RELATED_I,NOT_RIGHT_OF_WAY_I,HIT_AND_RUN_I,DAMAGE,DATE_POLICE_NOTIFIED,PRIM_CONTRIBUTORY_CAUSE,SEC_CONTRIBUTORY_CAUSE,STREET_NO,STREET_DIRECTION,STREET_NAME,BEAT_OF_OCCURRENCE,PHOTOS_TAKEN_I,STATEMENTS_TAKEN_I,DOORING_I,WORK_ZONE_I,WORK_ZONE_TYPE,WORKERS_PRESENT_I,NUM_UNITS,MOST_SEVERE_INJURY,INJURIES_TOTAL,INJURIES_FATAL,INJURIES_INCAPACITATING,INJURIES_NON_INCAPACITATING,INJURIES_REPORTED_NOT_EVIDENT,INJURIES_NO_INDICATION,INJURIES_UNKNOWN,CRASH_HOUR,CRASH_DAY_OF_WEEK,CRASH_MONTH,LATITUDE,LONGITUDE,LOCATION
00a7bfe50067eed5dca6a1238211e9a7a8248e05cf254e7bac8fe2bbaaacd6cef928c9157486dc38c75c4d82be621ce742bcb0887fe7ecf00a690b2572f278e4,JF360130,,8/17/2022 12:58,30,TRAFFIC SIGNAL,NO CONTROLS,CLEAR,DAYLIGHT,SIDESWIPE SAME DIRECTION,DIVIDED - W/MEDIAN (NOT RAISED),,STRAIGHT AND LEVEL,DRY,NO DEFECTS,NOT ON SCENE (DESK REPORT),NO INJURY / DRIVE AWAY,Y,,,"$501 - $1,500",8/17/2022 13:30,IMPROPER OVERTAKING/PASSING,NOT APPLICABLE,1,N,HALSTED ST,1224,,,,,,,2,NO INDICATION OF INJURY,0,0,0,0,0,3,0,12,4,8,41.88181563,-87.64721472,POINT (-87.647214717041 41.881815631642)
04c20d6b915d9b01eabaa16a88e3b6640236b6076fe2ff79cbc5629136c722441f0d4565cc3b3e8230bcc3fa9925430089b191630b89f63e9c053c597764c188,JD184265,,3/2/2020 17:50,30,NO CONTROLS,NO CONTROLS,UNKNOWN,UNKNOWN,PARKED MOTOR VEHICLE,DIVIDED - W/MEDIAN (NOT RAISED),,STRAIGHT AND LEVEL,UNKNOWN,UNKNOWN,NOT ON SCENE (DESK REPORT),NO INJURY / DRIVE AWAY,,,Y,"OVER $1,500",3/13/2020 12:45,UNABLE TO DETERMINE,UNABLE TO DETERMINE,1635,W,DIVISION ST,1213,,,,,,,2,NO INDICATION OF INJURY,0,0,0,0,0,1,0,17,2,3,41.90321607,-87.66877805,POINT (-87.668778044804 41.90321607161)
00f5564fdc5f87b45c691aec15afed5611adddc8f5b177a81e80575b1869430f3f14d59715ca16bf99172bd9c12ab53d7455080f49bd9b7453a96013ebdafabf,JD364444,,9/11/2020 23:40,30,TRAFFIC SIGNAL,FUNCTIONING PROPERLY,CLEAR,"DARKNESS, LIGHTED ROAD",SIDESWIPE SAME DIRECTION,NOT DIVIDED,,STRAIGHT AND LEVEL,DRY,NO DEFECTS,ON SCENE,NO INJURY / DRIVE AWAY,Y,,,"OVER $1,500",9/11/2020 23:46,IMPROPER OVERTAKING/PASSING,UNABLE TO DETERMINE,3532,N,ELSTON AVE,1733,,,,,,,2,NO INDICATION OF INJURY,0,0,0,0,0,3,0,23,6,9,41.94545555,-87.70734602,POINT (-87.70734602129 41.945455554095)
0135bc412fed88f50cff933e5bf08a3b9ddc8872b1c30b3fd36eefb955a3fe4efc2d80b376e90b731a57b6fc6ff0830323670eb650ee243d7b5ff5b5921a706f,HZ124946,,1/22/2016 18:00,30,NO CONTROLS,NO CONTROLS,CLEAR,DAYLIGHT,REAR END,ONE-WAY,2,STRAIGHT AND LEVEL,DRY,NO DEFECTS,NOT ON SCENE (DESK REPORT),NO INJURY / DRIVE AWAY,,,,"$501 - $1,500",1/22/2016 18:40,FOLLOWING TOO CLOSELY,FOLLOWING TOO CLOSELY,3726,W,CONGRESS PKWY,1133,,,,,,,2,NO INDICATION OF INJURY,0,0,0,0,0,2,0,18,6,1,41.87458027,-87.71904581,POINT (-87.719045809726 41.874580269377)
06da18c1c20d309bec16d0c34bdd2e22f708e61bca8fc68655ce5d7ad0ac579631050c6aff8806bf5c7011ee499cbe52e2333b1a069194c9c118ee448117c41e,JC139912,N,2/4/2019 14:09,15,NO CONTROLS,NO CONTROLS,RAIN,DAYLIGHT,FIXED OBJECT,OTHER,1,STRAIGHT AND LEVEL,WET,NO DEFECTS,ON SCENE,NO INJURY / DRIVE AWAY,,Y,,"OVER $1,500",2/4/2019 14:15,UNABLE TO DETERMINE,BICYCLE ADVANCING LEGALLY ON RED LIGHT,1540,E,97TH ST,511,,,,,,,2,NO INDICATION OF INJURY,0,0,0,0,0,2,0,14,2,2,41.71937412,-87.58664344,POINT (-87.586643439918 41.719374119863)
0749c43dea0f461aaf2384835f8392f27d385aff47a1e3b29d62b56a05d508a4a4b4080637bee03022cc009daa8bcca32383679e97efef3bae3e32bf86fd88c9,JE401364,,10/7/2021 11:55,30,STOP SIGN/FLASHER,FUNCTIONING PROPERLY,RAIN,DAYLIGHT,TURNING,FOUR WAY,,STRAIGHT AND LEVEL,WET,NO DEFECTS,ON SCENE,INJURY AND / OR TOW DUE TO CRASH,Y,,,"OVER $1,500",10/7/2021 11:59,UNABLE TO DETERMINE,WEATHER,403,N,PARKSIDE AVE,1512,,,,,,,2,"REPORTED, NOT EVIDENT",3,0,0,0,3,1,0,11,5,10,41.88728956,-87.76661877,POINT (-87.766618767474 41.887289562248)
0bb101ae2386a6709546d93154e1b1fb4a2c8afdc36b116100e6498a736444c6ac703f33d1151369b8ced2a3eccbe82570034d283b6ab18f7bbe3dcd12f86a92,JE112449,Y,1/14/2021 11:30,25,TRAFFIC SIGNAL,FUNCTIONING PROPERLY,CLEAR,DAYLIGHT,FIXED OBJECT,NOT DIVIDED,,STRAIGHT AND LEVEL,DRY,NO DEFECTS,ON SCENE,NO INJURY / DRIVE AWAY,,,,$500 OR LESS,1/14/2021 11:59,NOT APPLICABLE,NOT APPLICABLE,9501,S,COTTAGE GROVE AVE,511,,,,,,,1,NO INDICATION OF INJURY,0,0,0,0,0,1,0,11,5,1,41.72193448,-87.60305897,POINT (-87.603058968556 41.721934480956)
033921ad595194c77ad9e85eba75babacf9943d4c665093a5e159ce78a42647a4a841f04fc9e0b685a130af7d423a544b738e394c6688d7e59a48041d9dacb00,HZ397118,,8/18/2016 11:25,30,NO CONTROLS,NO CONTROLS,CLEAR,DAYLIGHT,TURNING,OTHER,3,STRAIGHT AND LEVEL,DRY,NO DEFECTS,AMENDED,INJURY AND / OR TOW DUE TO CRASH,,,,"OVER $1,500",8/18/2016 11:45,FAILING TO YIELD RIGHT-OF-WAY,NOT APPLICABLE,6927,S,STONY ISLAND AVE,332,,,,,,,2,NONINCAPACITATING INJURY,1,0,0,1,0,1,0,11,5,8,41.76898521,-87.58584417,POINT (-87.585844168734 41.768985206429)
02275c8f13b4ef1a3e9d527baf4e6cc46b8826ed7d6385852060324221e4eccd310d70fa6d3c9f986d9fa61b9937bd905718760d89a534fb71bdf166bc83093c,HY545320,,12/21/2015 14:00,0,NO CONTROLS,NO CONTROLS,RAIN,DAYLIGHT,REAR END,PARKING LOT,,STRAIGHT AND LEVEL,WET,UNKNOWN,NOT ON SCENE (DESK REPORT),NO INJURY / DRIVE AWAY,,,,"OVER $1,500",12/21/2015 14:30,NOT APPLICABLE,NOT APPLICABLE,4959,S,ARCHER AVE,821,,,,,,,2,NO INDICATION OF INJURY,0,0,0,0,0,2,0,14,2,12,41.80304615,-87.72200673,POINT (-87.722006733579 41.803046146366)
09ca8c9aa29bc1ffecac9f7951f46fe0f0da977288919d60637f5f39c3e90742d2fadaa89ccd4d1ee7ae8c73f923564b0d7e91d1f0419d62e97f2dfbfd539ee2,JA404330,,8/24/2017 12:50,30,NO CONTROLS,NO CONTROLS,CLEAR,DAYLIGHT,REAR END,NOT DIVIDED,,STRAIGHT AND LEVEL,DRY,NO DEFECTS,NOT ON SCENE (DESK REPORT),NO INJURY / DRIVE AWAY,,,,"OVER $1,500",8/24/2017 13:20,UNABLE TO DETERMINE,UNABLE TO DETERMINE,2565,W,LAWRENCE AVE,1911,,,,,,,2,NO INDICATION OF INJURY,0,0,0,0,0,2,0,12,5,8,41.96846267,-87.69373414,POINT (-87.693734141087 41.968462668641)
0a76cbfe45b8022e6f7139a92fc69d9aae29b1e4ba2049c3e360b44a884e1d0321dc3ac60324898099aaa79873755a1fe1e829c60835bb97b5c881da49399dc1,JG191720,,3/2/2023 16:00,30,STOP SIGN/FLASHER,FUNCTIONING PROPERLY,CLEAR,DAYLIGHT,SIDESWIPE OPPOSITE DIRECTION,NOT DIVIDED,,STRAIGHT AND LEVEL,DRY,NO DEFECTS,NOT ON SCENE (DESK REPORT),NO INJURY / DRIVE AWAY,Y,,,"OVER $1,500",3/19/2023 23:00,IMPROPER OVERTAKING/PASSING,FAILING TO YIELD RIGHT-OF-WAY,301,E,61ST ST,311,Y,,,,,,2,NO INDICATION OF INJURY,0,0,0,0,0,2,0,16,5,3,41.78371879,-87.6188598,POINT (-87.61885979895 41.783718793926)
0b4a79a8447695496ee07e22343db2a70be21a1a81d90c7c365efabb3752862023db76c473aa0cd53ac9475137bff9a5db904ad99409027c053d9bf2ee345913,JD267261,,6/17/2020 17:00,30,NO CONTROLS,NO CONTROLS,CLEAR,DAYLIGHT,REAR END,NOT DIVIDED,,STRAIGHT AND LEVEL,DRY,NO DEFECTS,NOT ON SCENE (DESK REPORT),NO INJURY / DRIVE AWAY,,,Y,"$501 - $1,500",6/17/2020 17:51,UNABLE TO DETERMINE,UNABLE TO DETERMINE,1700,N,NARRAGANSETT AVE,2513,,,,,,,2,NO INDICATION OF INJURY,0,0,0,0,0,2,0,17,4,6,41.91104706,-87.78521036,POINT (-87.785210361835 41.911047057406)
0395c49abdb0e747dd27f2c0a2f66ce464db6338fd6b48e47a62a18bf88daa85f7b5143218606abc1f2301a966b640bc3376b960b33b87919e05f749592bce7b,HZ509931,Y,11/9/2016 14:50,30,TRAFFIC SIGNAL,FUNCTIONING PROPERLY,CLEAR,DAYLIGHT,TURNING,DIVIDED - W/MEDIAN (NOT RAISED),2,STRAIGHT AND LEVEL,DRY,NO DEFECTS,NOT ON SCENE (DESK REPORT),INJURY AND / OR TOW DUE TO CRASH,,,Y,"OVER $1,500",11/10/2016 12:15,EXCEEDING AUTHORIZED SPEED LIMIT,"OPERATING VEHICLE IN ERRATIC, RECKLESS, CARELESS, NEGLIGENT OR AGGRESSIVE MANNER",4801,W,DIVERSEY AVE,2521,Y,,,,,,2,NONINCAPACITATING INJURY,1,0,0,1,0,2,0,14,4,11,41.93142191,-87.74671546,POINT (-87.746715457234 41.931421912693)
0bf0f8d56c0cddb5ae1a7c0e069d574b5dac782e369179c66fcffc8ff723c218c4e6944fece1a3e8ae9c85e4a3d147b4ea0ec9e7700828778ad147ca3bedaac3,HZ563200,,12/23/2016 10:00,30,NO CONTROLS,NO CONTROLS,UNKNOWN,DAYLIGHT,PARKED MOTOR VEHICLE,NOT DIVIDED,2,STRAIGHT AND LEVEL,UNKNOWN,NO DEFECTS,NOT ON SCENE (DESK REPORT),NO INJURY / DRIVE AWAY,,,Y,"$501 - $1,500",12/23/2016 23:00,UNABLE TO DETERMINE,NOT APPLICABLE,7335,S,STEWART AVE,731,,,,,,,2,NO INDICATION OF INJURY,0,0,0,0,0,1,0,10,6,12,41.76066947,-87.63440371,POINT (-87.634403706187 41.760669472376)
0cc47671b6f3ebbbf59377c79603fe4948f076c98d60604224e4cf2bab7969be36e55468ac24d4253a27e782d5c4f23f5b18ed0e43de7df2e1b09b231ad55bdc,JE413974,Y,10/14/2021 17:00,30,NO CONTROLS,NO CONTROLS,UNKNOWN,UNKNOWN,PARKED MOTOR VEHICLE,NOT DIVIDED,,STRAIGHT AND LEVEL,UNKNOWN,UNKNOWN,NOT ON SCENE (DESK REPORT),INJURY AND / OR TOW DUE TO CRASH,,,Y,"OVER $1,500",10/18/2021 14:55,UNABLE TO DETERMINE,NOT APPLICABLE,99,E,122ND ST,532,,,,,,,2,NO INDICATION OF INJURY,0,0,0,0,0,1,0,17,5,10,41.67247357,-87.62044994,POINT (-87.620449943841 41.672473573584)
0779e797e2e589e8d596715d74cc5838d8b87076394fa324c915e1c7e9ffd039294a0d78a98d34ae19cf5da7287abbf7c7a09809ec4be6480c264c0399559a93,JD105337,,1/5/2020 15:20,30,TRAFFIC SIGNAL,FUNCTIONING PROPERLY,CLEAR,DUSK,TURNING,NOT DIVIDED,,STRAIGHT AND LEVEL,DRY,NO DEFECTS,NOT ON SCENE (DESK REPORT),NO INJURY / DRIVE AWAY,Y,,Y,"$501 - $1,500",1/5/2020 16:00,IMPROPER TURNING/NO SIGNAL,IMPROPER LANE USAGE,400,W,BELMONT AVE,1925,Y,,,,,,2,NO INDICATION OF INJURY,0,0,0,0,0,3,0,15,1,1,41.94024119,-87.63963911,POINT (-87.639639114276 41.940241193256)
08c8c9075532ea9fd4cba7982285f91872630119ad288bd2a8edc24eb0dbd4ce288ba576be1a76799c18ca04b52f73be3bd9c5a19a2db514112774d6b455b4b5,JC460730,,10/5/2019 8:00,30,TRAFFIC SIGNAL,FUNCTIONING PROPERLY,CLEAR,DAYLIGHT,ANGLE,FOUR WAY,,STRAIGHT AND LEVEL,DRY,NO DEFECTS,ON SCENE,INJURY AND / OR TOW DUE TO CRASH,Y,,,"OVER $1,500",10/5/2019 8:02,DISREGARDING TRAFFIC SIGNALS,UNABLE TO DETERMINE,3398,W,WASHINGTON BLVD,1123,,,,,,,2,NO INDICATION OF INJURY,0,0,0,0,0,6,0,8,7,10,41.88285329,-87.71094832,POINT (-87.710948320267 41.882853285545)
013cd1975354c05fb80a82cc7920e5b68c4c0dc6d70701ade9bb45a79e0cae413d8671fd5e0eb9a0d14ada24961846b888d796655b649aa0b3fbae1613aa7ce9,JC507100,,11/11/2019 23:16,30,TRAFFIC SIGNAL,FUNCTIONING PROPERLY,CLEAR,"DARKNESS, LIGHTED ROAD",TURNING,FOUR WAY,,STRAIGHT AND LEVEL,WET,NO DEFECTS,ON SCENE,INJURY AND / OR TOW DUE TO CRASH,Y,,,"OVER $1,500",11/11/2019 23:23,FAILING TO REDUCE SPEED TO AVOID CRASH,DISREGARDING TRAFFIC SIGNALS,8712,S,STONY ISLAND AVE,412,,,,,,,2,NONINCAPACITATING INJURY,2,0,0,2,0,0,0,23,2,11,41.73648161,-87.58578401,POINT (-87.585784013468 41.736481612063)
0b3a6f9ce8e8459749049427f48fd66ae518706ad68a95f78ac100a21bce93c86fb96b60fc440796f367a1cde619a099bb232bf6c6e00df3a25cb0a1dfdfa782,JE384815,,9/23/2021 17:00,30,TRAFFIC SIGNAL,FUNCTIONING PROPERLY,CLEAR,DAYLIGHT,TURNING,NOT DIVIDED,,STRAIGHT AND LEVEL,DRY,NO DEFECTS,ON SCENE,INJURY AND / OR TOW DUE TO CRASH,Y,,Y,"OVER $1,500",9/23/2021 17:53,FAILING TO YIELD RIGHT-OF-WAY,IMPROPER TURNING/NO SIGNAL,4750,W,CHICAGO AVE,1111,,,,,,,2,NO INDICATION OF INJURY,0,0,0,0,0,2,0,17,5,9,41.89511756,-87.74554354,POINT (-87.745543539696 41.895117561542)
055fe7691271883be15da76cdf79e0b2bd52fd9c7c663d99a1026effb606921cbd287e1c7f5039910295174256f914baad1513fe83b22dab76bbff2272477fca,JF435322,,10/15/2022 9:50,25,STOP SIGN/FLASHER,FUNCTIONING PROPERLY,CLEAR,DAYLIGHT,ANGLE,FOUR WAY,,STRAIGHT AND LEVEL,DRY,NO DEFECTS,ON SCENE,INJURY AND / OR TOW DUE TO CRASH,Y,,,"OVER $1,500",10/15/2022 10:00,FAILING TO YIELD RIGHT-OF-WAY,UNABLE TO DETERMINE,1500,E,MARQUETTE RD,321,,,,,,,2,NO INDICATION OF INJURY,0,0,0,0,0,4,0,9,7,10,41.7752632,-87.58871544,POINT (-87.588715436679 41.775263198805)
07baed2b0ae24296d4b9856a1ff3724a3b8713627668da9c893b43dbe853240fb935b0a0a982198ad4b6645e40426e2a48c159adbbac79bd274fe006b292dfa1,JD371837,,9/18/2020 20:04,30,TRAFFIC SIGNAL,FUNCTIONING PROPERLY,CLEAR,"DARKNESS, LIGHTED ROAD",REAR END,FOUR WAY,,STRAIGHT AND LEVEL,DRY,NO DEFECTS,NOT ON SCENE (DESK REPORT),NO INJURY / DRIVE AWAY,Y,,Y,"$501 - $1,500",9/18/2020 21:10,UNABLE TO DETERMINE,UNABLE TO DETERMINE,5367,W,NORTH AVE,2532,,,,,,,2,NO INDICATION OF INJURY,0,0,0,0,0,2,0,20,6,9,41.90932885,-87.76056337,POINT (-87.760563368519 41.909328850913)
09eaba0203acc37ec84270e9afb55f02e43c919ad32d753af9cdd3abcda98eaa2618ec60f715e0991614e73ac3a9beb72ec5e9e2a8f37da04e0eab313d087e31,JF366888,Y,8/23/2022 6:30,30,TRAFFIC SIGNAL,FUNCTIONING PROPERLY,CLEAR,DAYLIGHT,SIDESWIPE SAME DIRECTION,UNKNOWN INTERSECTION TYPE,,STRAIGHT AND LEVEL,DRY,NO DEFECTS,ON SCENE,INJURY AND / OR TOW DUE TO CRASH,Y,,,"OVER $1,500",8/23/2022 6:36,UNABLE TO DETERMINE,UNABLE TO DETERMINE,9500,S,EWING AVE,432,,Y,,,,,2,NO INDICATION OF INJURY,0,0,0,0,0,3,0,6,3,8,41.72280516,-87.53660301,POINT (-87.536603008571 41.722805155882)
01d69cf425ba0c9afd7cc755cc3ae66210443158fe210e47b10d546ffaff302d7142ea4eb69eaa935923afa7cf6568b150a79db3ecf421c4da80b63aebfaea08,JF384824,Y,9/6/2022 8:20,30,NO CONTROLS,NO CONTROLS,CLEAR,DAYLIGHT,SIDESWIPE SAME DIRECTION,DIVIDED - W/MEDIAN (NOT RAISED),,STRAIGHT AND LEVEL,DRY,NO DEFECTS,ON SCENE,INJURY AND / OR TOW DUE TO CRASH,,,,"OVER $1,500",9/6/2022 8:31,DRIVING SKILLS/KNOWLEDGE/EXPERIENCE,NOT APPLICABLE,2043,N,CICERO AVE,2522,,,,,,,3,NO INDICATION OF INJURY,0,0,0,0,0,4,0,8,3,9,41.91824298,-87.74600897,POINT (-87.746008971495 41.918242982444)
033edbe423867c4ac33c07825b95f53e17dfd07775b3144815a7d5d8433d5415448e2fb8d247e06fddc04b9b7958b5f9486bdb5da3eb632a10b272d2e9378386,JA442918,,9/23/2017 2:20,30,NO CONTROLS,NO CONTROLS,CLEAR,"DARKNESS, LIGHTED ROAD",PARKED MOTOR VEHICLE,NOT DIVIDED,2,STRAIGHT AND LEVEL,DRY,NO DEFECTS,ON SCENE,INJURY AND / OR TOW DUE TO CRASH,,,Y,"OVER $1,500",9/23/2017 2:20,UNABLE TO DETERMINE,UNABLE TO DETERMINE,5026,W,DIVERSEY AVE,2521,,,,,,,3,NO INDICATION OF INJURY,0,0,0,0,0,2,0,2,7,9,41.93156108,-87.75262119,POINT (-87.752621193795 41.931561080566)
063371bca7f3ff4dae2b4407d74d22dbea5140da03a26ee3cb0cd064e823710a8435270c421043e49e35452e7251259ca783db505b352046b4ad9c09b1cf8a82,JF251865,,5/22/2022 18:15,30,NO CONTROLS,NO CONTROLS,CLEAR,DAYLIGHT,SIDESWIPE SAME DIRECTION,ONE-WAY,,STRAIGHT AND LEVEL,DRY,NO DEFECTS,NOT ON SCENE (DESK REPORT),NO INJURY / DRIVE AWAY,,,,$500 OR LESS,5/22/2022 19:11,FAILING TO YIELD RIGHT-OF-WAY,UNABLE TO DETERMINE,15,E,OHIO ST,1834,,,,,,,2,NO INDICATION OF INJURY,0,0,0,0,0,3,0,18,1,5,41.89237092,-87.62741589,POINT (-87.627415892018 41.892370924192)
0c90488900dedc504cb16a80c560eb5700c23a893aaffc4d013ae179bc1f7e00e67836f3d62740196c669760960d897828e20babd27654389b4729f3c4e04b3c,JG189644,,3/18/2023 0:00,30,NO CONTROLS,NO CONTROLS,CLEAR,"DARKNESS, LIGHTED ROAD",FIXED OBJECT,ONE-WAY,,STRAIGHT AND LEVEL,DRY,UNKNOWN,ON SCENE,INJURY AND / OR TOW DUE TO CRASH,,,,"OVER $1,500",3/18/2023 0:02,EQUIPMENT - VEHICLE CONDITION,EQUIPMENT - VEHICLE CONDITION,8841,S,UNION AVE,2223,,,,,,,2,NO INDICATION OF INJURY,0,0,0,0,0,1,0,0,7,3,41.73310859,-87.64095573,POINT (-87.640955729659 41.733108594454)
05cced4b248a37281b5efb61827103669a9643d7ab985f5c086242f0a6ef74d9d8bd616c0c96b4769544516e4caf6e87e20cff539773abaa32581c832b33ea35,JC175606,,3/6/2019 11:00,30,TRAFFIC SIGNAL,UNKNOWN,CLEAR,DAYLIGHT,TURNING,ONE-WAY,3,STRAIGHT ON GRADE,DRY,UNKNOWN,NOT ON SCENE (DESK REPORT),NO INJURY / DRIVE AWAY,Y,,,"$501 - $1,500",3/6/2019 13:40,IMPROPER TURNING/NO SIGNAL,NOT APPLICABLE,344,W,RANDOLPH ST,122,,,,,,,2,NO INDICATION OF INJURY,0,0,0,0,0,2,0,11,4,3,41.88457034,-87.63664441,POINT (-87.636644405814 41.88457034014)
058edb249b710344d51b748c34a7b0575df295591343a6e44b638b2132d77695446f42b2050932bfdb3bdd5fc2dc593f1473a237caf961e5406cf427f6805b2c,JB316070,,6/21/2018 1:58,30,TRAFFIC SIGNAL,FUNCTIONING PROPERLY,RAIN,"DARKNESS, LIGHTED ROAD",PEDALCYCLIST,DIVIDED - W/MEDIAN (NOT RAISED),4,STRAIGHT AND LEVEL,WET,NO DEFECTS,ON SCENE,INJURY AND / OR TOW DUE TO CRASH,Y,,,$500 OR LESS,6/21/2018 1:58,FAILING TO YIELD RIGHT-OF-WAY,UNABLE TO DETERMINE,3412,S,ARCHER AVE,912,,,,,,,2,"REPORTED, NOT EVIDENT",1,0,0,0,1,1,0,1,5,6,41.83192152,-87.67537934,POINT (-87.675379340782 41.831921521573)
03dc95e204f0e6ed34a968a18cc8985c9588941378c02ed72e6c51b29ab0992bd170ed52f961a827463bdaaf4885f2a1ba88547d84badbdc86dd5b8d8c37dc27,JG232021,,4/11/2023 12:40,30,NO CONTROLS,NO CONTROLS,CLEAR,DAYLIGHT,REAR TO SIDE,PARKING LOT,,STRAIGHT AND LEVEL,DRY,NO DEFECTS,NOT ON SCENE (DESK REPORT),NO INJURY / DRIVE AWAY,,Y,,"OVER $1,500",4/21/2023 12:40,IMPROPER BACKING,FAILING TO REDUCE SPEED TO AVOID CRASH,5630,W,BELMONT AVE,1633,,,,,,,2,NO INDICATION OF INJURY,0,0,0,0,0,2,0,12,3,4,41.93866932,-87.76777554,POINT (-87.767775543408 41.938669321443)
08a2ebdb90bdb69179408242a776bf7c2247bb344afd1fd3a22896aa3386f19a56cb25d35ad8b70392532b111a2caa70b09ff064ccf00cb0beade282a6401a8a,JE441364,,11/11/2021 9:10,30,TRAFFIC SIGNAL,FUNCTIONING PROPERLY,RAIN,DAYLIGHT,PEDESTRIAN,FOUR WAY,,STRAIGHT AND LEVEL,WET,NO DEFECTS,ON SCENE,INJURY AND / OR TOW DUE TO CRASH,,,,$500 OR LESS,11/11/2021 9:19,FAILING TO YIELD RIGHT-OF-WAY,UNABLE TO DETERMINE,1000,W,ARMITAGE AVE,1811,,,,,,,2,NONINCAPACITATING INJURY,1,0,0,1,0,1,0,9,5,11,41.91821388,-87.65342198,POINT (-87.653421975384 41.918213879899)
038641e06d18a376bfd8231e8a5f8bb15e0a458c3979bb976952ef996afdd4b6be9e743bfbd150f3569b333a40555758a3a07f9ea17a988fc31e7878b7493a4f,JE281685,,6/27/2021 19:20,30,TRAFFIC SIGNAL,FUNCTIONING PROPERLY,CLEAR,DAYLIGHT,TURNING,CENTER TURN LANE,,STRAIGHT AND LEVEL,DRY,NO DEFECTS,,INJURY AND / OR TOW DUE TO CRASH,Y,,Y,"OVER $1,500",6/27/2021 19:31,DISREGARDING OTHER TRAFFIC SIGNS,IMPROPER OVERTAKING/PASSING,558,S,WESTERN AVE,1135,,,,,,,2,NO INDICATION OF INJURY,0,0,0,0,0,4,0,19,1,6,41.87394566,-87.6863821,POINT (-87.686382103234 41.873945657047)
0834d2d9b219953e3def8e74f7d848853075cd54b2797c9b0db656d31250ba46adf16ef691d89db5c927ae8650b22f6ed32e30ad080a8862d9baf23eb76f1030,JG322541,,6/30/2023 13:40,30,NO CONTROLS,NO CONTROLS,CLEAR,DAYLIGHT,SIDESWIPE OPPOSITE DIRECTION,NOT DIVIDED,,STRAIGHT AND LEVEL,DRY,NO DEFECTS,NOT ON SCENE (DESK REPORT),NO INJURY / DRIVE AWAY,,,,$500 OR LESS,6/30/2023 17:00,UNABLE TO DETERMINE,NOT APPLICABLE,2811,W,WABANSIA AVE,1421,,,,,,,2,NO INDICATION OF INJURY,0,0,0,0,0,3,0,13,6,6,41.91224676,-87.69756043,POINT (-87.697560427821 41.912246757645)
079051d95149194efc8548d38b47280a7bf88469608cb9174f8b83a39555189e55df291181d30961ad8c69bef3eff0829994b861853526c431a059ff4c7f04c2,JB472310,,10/12/2018 6:30,20,NO CONTROLS,NO CONTROLS,CLEAR,DAWN,PARKED MOTOR VEHICLE,DIVIDED - W/MEDIAN (NOT RAISED),3,STRAIGHT AND LEVEL,DRY,NO DEFECTS,ON SCENE,NO INJURY / DRIVE AWAY,,,,"$501 - $1,500",10/12/2018 6:35,IMPROPER OVERTAKING/PASSING,DRIVING SKILLS/KNOWLEDGE/EXPERIENCE,3,W,TERMINAL ST,1653,,,,,,,2,NO INDICATION OF INJURY,0,0,0,0,0,1,0,6,6,10,,,
0b103abcf7b6c26ab7bdacc52e63e6520dd13f90b5d3588b8d177ab5963e0eefb7680c3050e1e7d01db6dcc761da7671f0714bd35a6a9847669f79cae9773e0c,HZ100863,,1/1/2017 16:30,15,NO CONTROLS,NO CONTROLS,CLEAR,"DARKNESS, LIGHTED ROAD",PARKED MOTOR VEHICLE,ONE-WAY,1,STRAIGHT AND LEVEL,DRY,NO DEFECTS,ON SCENE,NO INJURY / DRIVE AWAY,,,Y,"OVER $1,500",1/1/2017 17:32,DRIVING ON WRONG SIDE/WRONG WAY,IMPROPER BACKING,6639,S,KENWOOD AVE,321,,,,,,,2,NO INDICATION OF INJURY,0,0,0,0,0,4,0,16,1,1,41.77392209,-87.5927804,POINT (-87.592780394856 41.773922086943)
0a60c95a1ea042b5cace097e06eba39f4b1239d2e341ba8de3d5fb3f9c98f6b684a6e11ed028be100180e29b311b184dc15ba488d9b1afaaef8f1f8c1f13a3a9,JF488822,,11/26/2022 23:50,30,TRAFFIC SIGNAL,FUNCTIONING PROPERLY,CLEAR,"DARKNESS, LIGHTED ROAD",REAR END,NOT DIVIDED,,STRAIGHT AND LEVEL,DRY,NO DEFECTS,,NO INJURY / DRIVE AWAY,,,N,"OVER $1,500",11/26/2022 23:50,FAILING TO REDUCE SPEED TO AVOID CRASH,FOLLOWING TOO CLOSELY,10701,S,WESTERN AVE,2212,,,,,,,2,NO INDICATION OF INJURY,0,0,0,0,0,3,0,23,7,11,41.69901803,-87.68123917,POINT (-87.681239167602 41.699018029218)