CRASH_RECORD_ID,RD_NO,CRASH_DATE_EST_I,CRASH_DATE,POSTED_SPEED_LIMIT,TRAFFIC_CONTROL_DEVICE,DEVICE_CONDITION,WEATHER_CONDITION,LIGHTING_CONDITION,FIRST_CRASH_TYPE,TRAFFICWAY_TYPE,LANE_CNT,ALIGNMENT,ROADWAY_SURFACE_COND,ROAD_DEFECT,REPORT_TYPE,CRASH_TYPE,INTERSECTION_RELATED_I,NOT_RIGHT_OF_WAY_I,HIT_AND_RUN_I,DAMAGE,DATE_POLICE_NOTIFIED,PRIM_CONTRIBUTORY_CAUSE,SEC_CONTRIBUTORY_CAUSE,STREET_NO,STREET_DIRECTION,STREET_NAME,BEAT_OF_OCCURRENCE,PHOTOS_TAKEN_I,STATEMENTS_TAKEN_I,DOORING_I,WORK_ZONE_I,WORK_ZONE_TYPE,WORKERS_PRESENT_I,NUM_UNITS,MOST_SEVERE_INJURY,INJURIES_TOTAL,INJURIES_FATAL,INJURIES_INCAPACITATING,INJURIES_NON_INCAPACITATING,INJURIES_REPORTED_NOT_EVIDENT,INJURIES_NO_INDICATION,INJURIES_UNKNOWN,CRASH_HOUR,CRASH_DAY_OF_WEEK,CRASH_MONTH,LATITUDE,LONGITUDE,LOCATION
05618d3d65fe2012935639b059a5a5678dd89abb7c6a7370acbfd080420e4d7a3d9aab218c191eb5cd81b4e37f855fffcd00031fc6af963e0b6ceeed67999d99,JE421015,,10/24/2021 16:12,30,TRAFFIC SIGNAL,FUNCTIONING PROPERLY,RAIN,DUSK,REAR END,ONE-WAY,,STRAIGHT AND LEVEL,WET,NO DEFECTS,NOT ON SCENE (DESK REPORT),NO INJURY / DRIVE AWAY,,,,$500 OR LESS,10/24/2021 16:55,FAILING TO YIELD RIGHT-OF-WAY,UNABLE TO DETERMINE,3176,W,57TH ST,824,,,,,,,2,NO INDICATION OF INJURY,0,0,0,0,0,5,0,16,1,10,41.78999469,-87.70339707,POINT (-87.703397071058 41.789994689691)
0b23020ce6861a6635d81d580cf71046175ed8e13dcfd227ef67bcf32d603d085c4473ee3fb9e7dc14159606653df6cb7d7cc38b6c4831621b3060c50510cce8,JG271174,,5/22/2023 21:45,30,TRAFFIC SIGNAL,FUNCTIONING PROPERLY,CLEAR,"DARKNESS, LIGHTED ROAD",REAR END,NOT DIVIDED,,STRAIGHT AND LEVEL,DRY,NO DEFECTS,NOT ON SCENE (DESK REPORT),NO INJURY / DRIVE AWAY,,,Y,"$501 - $1,500",5/22/2023 22:45,UNABLE TO DETERMINE,NOT APPLICABLE,3555,N,PULASKI RD,1732,,,,,,,2,NO INDICATION OF INJURY,0,0,0,0,0,2,0,21,2,5,41.94621359,-87.727249,POINT (-87.727249000949 41.946213588827)
02e50c4a9a15bfc2f9ed117e0a2baaabed2853737aab0b6f197a9c339c83ec741c3decd818c4a18911b04b7b15d0501a7a6d30e1cf85e74fa1d657ae832bad1e,JF499890,Y,12/5/2022 20:20,30,TRAFFIC SIGNAL,FUNCTIONING PROPERLY,CLEAR,"DARKNESS, LIGHTED ROAD",SIDESWIPE SAME DIRECTION,FOUR WAY,,STRAIGHT AND LEVEL,DRY,NO DEFECTS,NOT ON SCENE (DESK REPORT),NO INJURY / DRIVE AWAY,,,,"OVER $1,500",12/6/2022 9:30,UNABLE TO DETERMINE,NOT APPLICABLE,800,N,LAKE SHORE DR NB,1833,,,,,,,2,NO INDICATION OF INJURY,0,0,0,0,0,2,0,20,2,12,41.89680497,-87.61702742,POINT (-87.617027423234 41.896804972416)
06466635ac16b927e7a39656d78c45aa2111542b0dd18c6db299d55670e201e2a6763033f0227a4eefe51801115c2be372a299f6761c812c772e4fb4a18e12f7,JE259814,,6/9/2021 14:57,35,TRAFFIC SIGNAL,FUNCTIONING PROPERLY,CLEAR,DAYLIGHT,REAR END,DIVIDED - W/MEDIAN (NOT RAISED),,STRAIGHT AND LEVEL,DRY,NO DEFECTS,ON SCENE,INJURY AND / OR TOW DUE TO CRASH,Y,,,"OVER $1,500",6/9/2021 15:25,CELL PHONE USE OTHER THAN TEXTING,DRIVING SKILLS/KNOWLEDGE/EXPERIENCE,2327,N,ASHLAND AVE,1811,,,,,,,4,NO INDICATION OF INJURY,0,0,0,0,0,4,0,14,4,6,41.92424273,-87.66796299,POINT (-87.66796298865 41.924242733631)
07a335ba81ae7ff12bbd425ef4b7a0a73d9fd65f503815e864970fd120de82212486660ba75e92f04265313a5286a575ee6c716d16908bc73883bd6db788c0eb,HZ360091,,7/22/2016 18:18,10,NO CONTROLS,NO CONTROLS,CLEAR,DAYLIGHT,SIDESWIPE OPPOSITE DIRECTION,ALLEY,1,STRAIGHT AND LEVEL,DRY,NO DEFECTS,NOT ON SCENE (DESK REPORT),NO INJURY / DRIVE AWAY,,,,"OVER $1,500",7/22/2016 18:44,IMPROPER BACKING,NOT APPLICABLE,2258,S,KOLIN AVE,1013,,,,,,,2,NO INDICATION OF INJURY,0,0,0,0,0,3,0,18,6,7,41.84968152,-87.73242473,POINT (-87.732424726372 41.849681521201)
0523f11293c740216736e86fd95e9b33a994d2da211b839cef01a28a56b1bd53a176bb504d04606bb1aa38a71565ffbf96da677fd26a5ae26718ffe1d73beead,HY481375,,10/27/2015 21:18,30,UNKNOWN,UNKNOWN,UNKNOWN,UNKNOWN,TURNING,UNKNOWN,5,STRAIGHT AND LEVEL,UNKNOWN,UNKNOWN,NOT ON SCENE (DESK REPORT),INJURY AND / OR TOW DUE TO CRASH,Y,,,"OVER $1,500",10/29/2015 18:30,UNABLE TO DETERMINE,UNABLE TO DETERMINE,51,W,87TH ST,634,,,,,,,2,INCAPACITATING INJURY,1,0,1,0,0,2,0,21,3,10,41.73614648,-87.62607589,POINT (-87.62607588709 41.736146483145)
00962021390fed95cf379d18c8654850da489afd6ea23c18facee0eb6790073573f38d070b784bd40db719b4b05afefbe7d7989e1a4bd36aba54c0847848cf30,JD294042,Y,7/11/2020 15:00,30,NO CONTROLS,NO CONTROLS,CLEAR,DAYLIGHT,ANGLE,NOT DIVIDED,,STRAIGHT AND LEVEL,DRY,UNKNOWN,NOT ON SCENE (DESK REPORT),NO INJURY / DRIVE AWAY,,,Y,"OVER $1,500",7/11/2020 16:00,UNABLE TO DETERMINE,NOT APPLICABLE,1148,S,WESTERN AVE,1135,,,,,,,2,NO INDICATION OF INJURY,0,0,0,0,0,2,0,15,7,7,41.86697065,-87.68619681,POINT (-87.686196807313 41.866970648947)
03ea0ba7df01df1db191b136321c017082c4a2a7fac3a877413ba79ce67188ce01f63eba7d098cdec445922584f5469461bae98075594e8df16f3fcd26bfc675,JC346507,,7/13/2019 1:30,30,NO CONTROLS,NO CONTROLS,CLEAR,"DARKNESS, LIGHTED ROAD",FIXED OBJECT,OTHER,,STRAIGHT AND LEVEL,DRY,NO DEFECTS,ON SCENE,NO INJURY / DRIVE AWAY,,Y,,"OVER $1,500",7/13/2019 1:47,"VISION OBSCURED (SIGNS, TREE LIMBS, BUILDINGS, ETC.)",NOT APPLICABLE,3200,N,KIMBALL AVE,1732,,,,,,,2,NO INDICATION OF INJURY,0,0,0,0,0,2,0,1,7,7,41.93931966,-87.71264129,POINT (-87.712641285082 41.939319663188)
027785ac7f7b3a5f9c2f300f5e1d70d8ff2c90a15018c43e9842ca6525d88629bb62755066729b3c947ac5d4277e75f213966d3f96ea87bfb5c33a7f208e1bc7,HZ430717,,9/12/2016 10:50,30,TRAFFIC SIGNAL,FUNCTIONING PROPERLY,CLEAR,DAYLIGHT,SIDESWIPE SAME DIRECTION,DIVIDED - W/MEDIAN BARRIER,4,STRAIGHT AND LEVEL,DRY,NO DEFECTS,ON SCENE,NO INJURY / DRIVE AWAY,,,Y,$500 OR LESS,9/12/2016 11:30,IMPROPER OVERTAKING/PASSING,IMPROPER LANE USAGE,800,S,HALSTED ST,1232,,,,,,,2,NO INDICATION OF INJURY,0,0,0,0,0,2,0,10,2,9,41.87185038,-87.64716647,POINT (-87.647166465184 41.871850374852)
06e6bc2613330dd12fdd683338930e41fd462472d0b5341287dd019699155a025eb092d3bb15f46c4c15289c7508e7af09703a5fd868d9027bcfc2cecdca8a2c,JF278120,,6/13/2022 12:50,15,NO CONTROLS,NO CONTROLS,CLEAR,DAYLIGHT,SIDESWIPE SAME DIRECTION,RAMP,,STRAIGHT AND LEVEL,DRY,UNKNOWN,NOT ON SCENE (DESK REPORT),NO INJURY / DRIVE AWAY,,,,"OVER $1,500",6/13/2022 15:00,UNABLE TO DETERMINE,NOT APPLICABLE,1629,S,PRAIRIE AVE,132,,,,,,,2,NO INDICATION OF INJURY,0,0,0,0,0,2,0,12,2,6,41.85964842,-87.62066054,POINT (-87.620660538725 41.859648420245)
024a4ee63f0503bb69e71aa697938269e454007a403cc20d339e458ae9542c885ab4ec6bc3dc325f908c6be7f201910e98bcbf015309dcad6272c6b749f88d1b,JD254168,,6/5/2020 0:40,30,TRAFFIC SIGNAL,FUNCTIONING PROPERLY,CLEAR,"DARKNESS, LIGHTED ROAD",REAR END,FOUR WAY,,STRAIGHT ON GRADE,DRY,NO DEFECTS,NOT ON SCENE (DESK REPORT),INJURY AND / OR TOW DUE TO CRASH,,,Y,"OVER $1,500",6/5/2020 0:47,DISREGARDING ROAD MARKINGS,IMPROPER OVERTAKING/PASSING,9501,S,STONY ISLAND AVE,431,,,,,,,2,NO INDICATION OF INJURY,0,0,0,0,0,2,0,0,6,6,41.72224382,-87.58496912,POINT (-87.584969118484 41.722243814964)
0c0c99d5aec9ce512a2bc5d97385a5db2c3fe4e00e30d6e94e59a6b4aa1c39986f72fc26659f65f3d7b2cbded1d7d2cdb52822cc8031124946860b9d6dd55590,HY519461,,11/30/2015 11:00,0,TRAFFIC SIGNAL,FUNCTIONING PROPERLY,CLEAR,DAYLIGHT,TURNING,NOT DIVIDED,4,STRAIGHT AND LEVEL,DRY,NO DEFECTS,NOT ON SCENE (DESK REPORT),NO INJURY / DRIVE AWAY,,,,"OVER $1,500",11/30/2015 11:20,IMPROPER TURNING/NO SIGNAL,NOT APPLICABLE,1000,N,ASHLAND AVE,1213,,,,,,,2,NO INDICATION OF INJURY,0,0,0,0,0,2,0,11,2,11,41.89975116,-87.66754062,POINT (-87.667540614866 41.899751161011)
03b066ca32a209c72800c6011d9b6948fbcca60b41bad6bf2815490c4d00d7f291c013b4e3191acc17ae86a8c8284fd8c0e7f7ae75f981abf9db81039b945777,JE112940,,1/14/2021 19:26,30,NO CONTROLS,NO CONTROLS,FREEZING RAIN/DRIZZLE,"DARKNESS, LIGHTED ROAD",FIXED OBJECT,NOT DIVIDED,,STRAIGHT AND LEVEL,WET,NO DEFECTS,ON SCENE,INJURY AND / OR TOW DUE TO CRASH,,,,"OVER $1,500",1/14/2021 19:26,UNABLE TO DETERMINE,NOT APPLICABLE,4031,W,CHICAGO AVE,1111,,,,,,,1,NO INDICATION OF INJURY,0,0,0,0,0,6,0,19,5,1,41.89523722,-87.72724987,POINT (-87.727249871139 41.895237222609)
039dc187d9a5d426119340a457991f5c67b6c720a7aaf6ae79e32309778486d063b8720c99e9968ffd560f7c9b2c7468ad19e371f6c85a9746d02bdc8729f34b,JC475739,,10/17/2019 7:25,30,TRAFFIC SIGNAL,FUNCTIONING PROPERLY,CLEAR,DAYLIGHT,ANGLE,FOUR WAY,,STRAIGHT AND LEVEL,DRY,NO DEFECTS,ON SCENE,INJURY AND / OR TOW DUE TO CRASH,Y,,Y,"OVER $1,500",10/17/2019 7:30,FAILING TO YIELD RIGHT-OF-WAY,FAILING TO REDUCE SPEED TO AVOID CRASH,600,S,INDEPENDENCE BLVD,1133,,,,,,,2,NO INDICATION OF INJURY,0,0,0,0,0,2,0,7,5,10,41.87346742,-87.72051086,POINT (-87.72051085957 41.873467423537)
0cb5ec8a61eb2fa5f5c09abe9eae4314cd4e9e0f6caf65b53ca2b1ef525a32aaccfd48d5e4c97127420e7fd918b8d324676505c9c64bf8299a5bd3a7386f898f,JG136992,,2/1/2023 11:00,30,TRAFFIC SIGNAL,FUNCTIONING PROPERLY,CLEAR,DAYLIGHT,REAR END,NOT DIVIDED,,STRAIGHT AND LEVEL,DRY,UNKNOWN,NOT ON SCENE (DESK REPORT),NO INJURY / DRIVE AWAY,,,,"OVER $1,500",2/1/2023 12:30,FOLLOWING TOO CLOSELY,FOLLOWING TOO CLOSELY,6300,S,STATE ST,312,,,,,,,2,NO INDICATION OF INJURY,0,0,0,0,0,2,0,11,4,2,41.78000828,-87.62552251,POINT (-87.625522511916 41.780008277408)
07c3892903c8cdf0a4808d859c5e02b8af064dff799e44f7dd35ebb1da5e936d08d4554e6c9e8b8b711390f22e97166d8ec9da00a080ab28ee55d3ea36d09009,JG268683,,5/21/2023 1:45,25,NO CONTROLS,NO CONTROLS,CLEAR,"DARKNESS, LIGHTED ROAD",PARKED MOTOR VEHICLE,DIVIDED - W/MEDIAN BARRIER,,STRAIGHT AND LEVEL,DRY,NO DEFECTS,ON SCENE,INJURY AND / OR TOW DUE TO CRASH,,,Y,"OVER $1,500",5/21/2023 1:51,UNABLE TO DETERMINE,UNABLE TO DETERMINE,1839,W,GARFIELD BLVD,715,,,,,,,3,NO INDICATION OF INJURY,0,0,0,0,0,1,0,1,1,5,41.79347499,-87.67095042,POINT (-87.670950418427 41.793474990944)
0365f134639211dd2eff2b8774c4a15257965bd9cf43c0b953b9824ece6c91bc390b6899ef50fd0572f0262c1c8ff67e34b4e4b8fad68cfb476ba2cc6cd194f6,HZ556847,,12/19/2016 9:16,30,TRAFFIC SIGNAL,FUNCTIONING PROPERLY,SNOW,DAYLIGHT,REAR END,NOT DIVIDED,2,STRAIGHT AND LEVEL,SNOW OR SLUSH,NO DEFECTS,NOT ON SCENE (DESK REPORT),NO INJURY / DRIVE AWAY,,,,"$501 - $1,500",12/19/2016 9:40,UNABLE TO DETERMINE,UNABLE TO DETERMINE,837,W,LAWRENCE AVE,1914,,,,,,,2,NO INDICATION OF INJURY,0,0,0,0,0,2,0,9,2,12,41.96902169,-87.65159846,POINT (-87.651598462169 41.969021685811)
05a6bc328d1fde6919c48c7102194189d8fbec5ae87653057ea4bc07ba6507a997f9f8a8caea7acaaedac5f58008757ff664c22416d25bea4cf5aa2953ee6603,JF358927,,8/16/2022 11:15,30,NO CONTROLS,NO CONTROLS,CLEAR,DAYLIGHT,OTHER NONCOLLISION,NOT DIVIDED,,STRAIGHT AND LEVEL,DRY,NO DEFECTS,NOT ON SCENE (DESK REPORT),NO INJURY / DRIVE AWAY,,,,"OVER $1,500",8/16/2022 14:30,UNABLE TO DETERMINE,UNABLE TO DETERMINE,1750,E,90TH ST,413,,,,,,,1,NO INDICATION OF INJURY,0,0,0,0,0,1,0,11,3,8,41.73162433,-87.58066668,POINT (-87.580666679437 41.731624328722)
0c2c2861d65b2e59f1b6798319bf839da6df919d4bc5c514096007e4e92f72abee5914edbf05f93ed6f89046d4231b3b3bafe164cba2c845ff81bedc7531553c,HZ476530,,10/16/2016 9:40,30,STOP SIGN/FLASHER,FUNCTIONING PROPERLY,CLEAR,DAYLIGHT,SIDESWIPE OPPOSITE DIRECTION,NOT DIVIDED,2,STRAIGHT AND LEVEL,WET,NO DEFECTS,NOT ON SCENE (DESK REPORT),NO INJURY / DRIVE AWAY,Y,,Y,"OVER $1,500",10/16/2016 12:00,IMPROPER LANE USAGE,"DISTRACTION - OTHER ELECTRONIC DEVICE (NAVIGATION DEVICE, DVD PLAYER, ETC.)",1,S,ROCKWELL ST,1125,,,,,,,2,NO INDICATION OF INJURY,0,0,0,0,0,2,0,9,1,10,41.88107364,-87.69092898,POINT (-87.690928979331 41.881073643074)
0be45cc80197bc86f0cb44a93171a18e4a42bacedd6940aedaae84c5635ea898c569726e6a656760a00fe6cc10a4d2027169e884ec1f597b1c5ca8142f443af4,JF184181,,3/23/2022 16:30,30,TRAFFIC SIGNAL,FUNCTIONING PROPERLY,RAIN,DAWN,SIDESWIPE SAME DIRECTION,NOT DIVIDED,,STRAIGHT AND LEVEL,WET,NO DEFECTS,NOT ON SCENE (DESK REPORT),NO INJURY / DRIVE AWAY,,,,"$501 - $1,500",3/23/2022 18:10,IMPROPER OVERTAKING/PASSING,IMPROPER OVERTAKING/PASSING,100,E,127TH ST,532,,,,,,,2,NO INDICATION OF INJURY,0,0,0,0,0,3,0,16,4,3,41.66358598,-87.61988918,POINT (-87.61988918223 41.663585975856)
06eecd8f9b4a6f98e7e1f73e655d5e0520c0530738263e7b2a59dc12100c8b0d76f6a0c6ce448422564e41745ccbc6baad14d2c780443eee811e46e90e1aa287,JB563827,,12/14/2018 14:30,10,NO CONTROLS,NO CONTROLS,CLEAR,DAYLIGHT,PARKED MOTOR VEHICLE,PARKING LOT,,STRAIGHT AND LEVEL,DRY,NO DEFECTS,NOT ON SCENE (DESK REPORT),NO INJURY / DRIVE AWAY,,,,"$501 - $1,500",12/22/2018 13:10,UNABLE TO DETERMINE,UNABLE TO DETERMINE,310,S,RACINE AVE,1231,,,,,,,2,NO INDICATION OF INJURY,0,0,0,0,0,1,0,14,6,12,41.8774307,-87.65715799,POINT (-87.657157984668 41.877430701681)
0b2cd563650226d17b26aac1a11a5bc83eec9d613b96e2746695ee3ce7dcb2a50e2052a8dc13834771c88c256f629c4ea7b21360fc2ca85623bed86659875216,JF291230,,6/23/2022 14:00,30,NO CONTROLS,NO CONTROLS,CLEAR,DAYLIGHT,ANGLE,PARKING LOT,,STRAIGHT AND LEVEL,DRY,NO DEFECTS,ON SCENE,INJURY AND / OR TOW DUE TO CRASH,,Y,,"OVER $1,500",6/23/2022 14:15,UNABLE TO DETERMINE,NOT APPLICABLE,6312,N,NAGLE AVE,1611,,,,,,,2,NO INDICATION OF INJURY,0,0,0,0,0,2,0,14,5,6,41.99598529,-87.78763712,POINT (-87.787637117071 41.995985286062)
012aa562ed59e447a0ef141962bf61274f503bc8a74fee47d4152b07280c06d20306872a12241ef55c3a6ad68414305b984f8ce75b38b11eb4c2844c2040cb74,JG151315,,2/13/2023 15:10,30,NO CONTROLS,NO CONTROLS,CLEAR,DAYLIGHT,ANGLE,ONE-WAY,,STRAIGHT AND LEVEL,DRY,NO DEFECTS,NOT ON SCENE (DESK REPORT),NO INJURY / DRIVE AWAY,Y,,,"OVER $1,500",2/13/2023 15:40,FAILING TO YIELD RIGHT-OF-WAY,NOT APPLICABLE,3351,W,OHIO ST,1121,,,,,,,2,NO INDICATION OF INJURY,0,0,0,0,0,2,0,15,2,2,41.89173645,-87.71095065,POINT (-87.710950645431 41.891736449129)
094d6ab3c64969d833b72cfb385dd0f917328e3eab2543f6c45dd1dfe2be4c300017c647a4094117e17ac5bda9e5929322c39d406649203d51d2268ab3c4329e,JF507251,,12/12/2022 7:20,30,NO CONTROLS,NO CONTROLS,RAIN,DAYLIGHT,SIDESWIPE SAME DIRECTION,DIVIDED - W/MEDIAN BARRIER,,STRAIGHT AND LEVEL,WET,NO DEFECTS,ON SCENE,NO INJURY / DRIVE AWAY,,,,"OVER $1,500",12/12/2022 7:30,WEATHER,NOT APPLICABLE,950,N,LAKE SHORE DR NB,1833,,,,,,,2,NO INDICATION OF INJURY,0,0,0,0,0,2,0,7,2,12,41.90067344,-87.61960895,POINT (-87.619608953516 41.900673442296)
0225795cf3ac2bd6fab8e4776d3d4c6688ef34bab551a91548c1f74b620acd13ee2598950f8b3859b8db15a2693b36192c294af949f013ecf53a05ee4b98d06d,JC514162,,11/17/2019 16:15,30,TRAFFIC SIGNAL,FUNCTIONING PROPERLY,CLEAR,DAYLIGHT,REAR END,NOT DIVIDED,,STRAIGHT AND LEVEL,DRY,NO DEFECTS,NOT ON SCENE (DESK REPORT),NO INJURY / DRIVE AWAY,,,,"$501 - $1,500",11/17/2019 16:35,FOLLOWING TOO CLOSELY,NOT APPLICABLE,1000,S,CLARK ST,123,,,,,,,3,NO INDICATION OF INJURY,0,0,0,0,0,5,0,16,1,11,41.8698488,-87.63065553,POINT (-87.630655526344 41.869848798097)
025b83ad0b75560ec50e8cd56425b221e410f5b8247ebb6ae31bdd3f8c2ce2cd04e3ba76a14054ebba378d9f49cccaf8353939efbe5165bcaec08a266588a011,JD441724,,11/25/2020 7:05,30,TRAFFIC SIGNAL,FUNCTIONING PROPERLY,RAIN,DAYLIGHT,REAR END,DIVIDED - W/MEDIAN BARRIER,,STRAIGHT AND LEVEL,WET,NO DEFECTS,NOT ON SCENE (DESK REPORT),NO INJURY / DRIVE AWAY,,,,"OVER $1,500",11/25/2020 7:05,FOLLOWING TOO CLOSELY,FAILING TO REDUCE SPEED TO AVOID CRASH,7121,S,ASHLAND AVE,734,,,,,,,2,NO INDICATION OF INJURY,0,0,0,0,0,2,0,7,4,11,41.76423748,-87.66361204,POINT (-87.663612042421 41.764237480373)
01331f974e01447f52a3a9b855a80d0fda88fb6629c47e34e18461dad4e7c60b670b192b615e5b39278933446c20007df6fa117a65377c0c33bc5789da550170,JE453631,,11/22/2021 5:20,10,NO CONTROLS,NO CONTROLS,CLEAR,"DARKNESS, LIGHTED ROAD",PARKED MOTOR VEHICLE,PARKING LOT,,STRAIGHT AND LEVEL,DRY,NO DEFECTS,NOT ON SCENE (DESK REPORT),NO INJURY / DRIVE AWAY,,Y,,"$501 - $1,500",11/22/2021 14:40,UNABLE TO DETERMINE,UNABLE TO DETERMINE,6057,N,LINCOLN AVE,1711,,,,,,,2,NO INDICATION OF INJURY,0,0,0,0,0,1,0,5,2,11,41.99186565,-87.70954508,POINT (-87.709545082613 41.991865649518)
08e8c3d8e28ed9e65b419ce768ba87c4c00b21238af1e0813d6fb9924098b0129059960bc0f4da5eb2e4913b383935f8a9a5bcdbb8752a829b51464c3b1f352b,JE205004,,4/20/2021 14:00,30,TRAFFIC SIGNAL,FUNCTIONING PROPERLY,CLEAR,DAYLIGHT,SIDESWIPE SAME DIRECTION,UNKNOWN,,STRAIGHT AND LEVEL,UNKNOWN,UNKNOWN,NOT ON SCENE (DESK REPORT),NO INJURY / DRIVE AWAY,,,,"$501 - $1,500",4/20/2021 16:50,IMPROPER OVERTAKING/PASSING,IMPROPER OVERTAKING/PASSING,770,N,MILWAUKEE AVE,1214,,,,,,,2,NO INDICATION OF INJURY,0,0,0,0,0,3,0,14,3,4,41.89579624,-87.6549536,POINT (-87.654953595644 41.895796244484)
03cb697ebca5fb435f0a98e4c362c18b39574bb93ecb2f4ffab1697c454a428e43041dff4319359a0ec762937304aa4465ece027d954dc344f3930eb44f2f4ca,HY516653,,11/27/2015 13:00,30,NO CONTROLS,NO CONTROLS,RAIN,DAYLIGHT,SIDESWIPE SAME DIRECTION,ONE-WAY,2,STRAIGHT AND LEVEL,WET,NO DEFECTS,NOT ON SCENE (DESK REPORT),NO INJURY / DRIVE AWAY,,,,"OVER $1,500",11/27/2015 15:05,FAILING TO YIELD RIGHT-OF-WAY,NOT APPLICABLE,100,N,WABASH AVE,111,,,,,,,2,NO INDICATION OF INJURY,0,0,0,0,0,2,0,13,6,11,41.88328816,-87.62637434,POINT (-87.626374339524 41.883288154521)
0770de7938bd3ad368f0da410d40d24e9208e3f276c42e17f69f0296648a8457d85e3d133eb108ba78d0d18b78d565b410e19e14bef9f50276f61ed43fb35373,JF142100,,2/12/2022 9:36,30,TRAFFIC SIGNAL,FUNCTIONING PROPERLY,CLEAR,DAYLIGHT,TURNING,T-INTERSECTION,,STRAIGHT AND LEVEL,SNOW OR SLUSH,NO DEFECTS,,INJURY AND / OR TOW DUE TO CRASH,Y,,,"OVER $1,500",2/12/2022 9:40,UNDER THE INFLUENCE OF ALCOHOL/DRUGS (USE WHEN ARREST IS EFFECTED),IMPROPER TURNING/NO SIGNAL,500,W,103RD ST,2232,,,,,,,2,NO INDICATION OF INJURY,0,0,0,0,0,5,0,9,7,2,41.70712001,-87.63561933,POINT (-87.635619325225 41.707120006352)
063fb877d41a1ff24544017c3fe3fd2fbd3d2490a3dc36732741c379837a2b33a1b2258ef8577dc72e571e50bb45af8d6b064d5b6d8bd6d6a67d459b5a29230f,JC233985,,4/18/2019 20:20,35,TRAFFIC SIGNAL,FUNCTIONING PROPERLY,CLEAR,DAYLIGHT,TURNING,DIVIDED - W/MEDIAN (NOT RAISED),,STRAIGHT AND LEVEL,DRY,NO DEFECTS,NOT ON SCENE (DESK REPORT),NO INJURY / DRIVE AWAY,,,,"OVER $1,500",4/22/2019 15:10,IMPROPER TURNING/NO SIGNAL,UNABLE TO DETERMINE,7100,S,SOUTH SHORE DR,334,,,,,,,2,NO INDICATION OF INJURY,0,0,0,0,0,2,0,20,5,4,41.7661952,-87.56290818,POINT (-87.562908182042 41.76619520231)
09a7eca990690041b0071acd83a4bf3280d21c08c90fcafea2b70833291438fb72d5f3ef436e8ea042da67ade29a7c654ac8cc182d505664aa34e441991aa919,JG117396,,1/15/2023 17:15,30,TRAFFIC SIGNAL,FUNCTIONING PROPERLY,UNKNOWN,UNKNOWN,REAR END,FOUR WAY,,STRAIGHT AND LEVEL,UNKNOWN,UNKNOWN,NOT ON SCENE (DESK REPORT),NO INJURY / DRIVE AWAY,Y,,Y,"OVER $1,500",1/15/2023 17:45,UNABLE TO DETERMINE,NOT APPLICABLE,15,W,87TH ST,634,,,,,,,2,NO INDICATION OF INJURY,0,0,0,0,0,2,0,17,1,1,41.73617002,-87.62501116,POINT (-87.625011156926 41.736170020176)
005a57ce8468bb1843227565029b3fa5d4b56b97e10475ebed36e07a1cb6631d544f5a5720692d7a422a2c902c8eb8618701e9d2868b7a27991532e45db045a5,JD399187,,10/14/2020 13:21,30,NO CONTROLS,NO CONTROLS,CLEAR,DAYLIGHT,FIXED OBJECT,ONE-WAY,,STRAIGHT AND LEVEL,DRY,NO DEFECTS,,INJURY AND / OR TOW DUE TO CRASH,,Y,,"OVER $1,500",10/14/2020 13:21,PHYSICAL CONDITION OF DRIVER,UNABLE TO DETERMINE,1329,W,57TH ST,713,,,,,,,1,NONINCAPACITATING INJURY,1,0,0,1,0,1,0,13,4,10,41.79036509,-87.65836054,POINT (-87.658360540255 41.790365088322)
060261b837a172631def631a2fb9c6ada108020ae7496c834f3a0f05038c31fab35917a0172c5028412cf3d7270d3334a552f210432f38f9abf550266ba881e6,JD446496,,12/1/2020 11:10,30,TRAFFIC SIGNAL,FUNCTIONING PROPERLY,CLOUDY/OVERCAST,DAYLIGHT,SIDESWIPE SAME DIRECTION,DIVIDED - W/MEDIAN (NOT RAISED),,STRAIGHT AND LEVEL,DRY,NO DEFECTS,ON SCENE,NO INJURY / DRIVE AWAY,,,,"$501 - $1,500",12/1/2020 11:16,UNABLE TO DETERMINE,NOT APPLICABLE,3223,W,79TH ST,834,,,,,,,2,NO INDICATION OF INJURY,0,0,0,0,0,4,0,11,3,12,41.74962397,-87.70338333,POINT (-87.703383330347 41.749623967491)
047416c511af2ef3fca40fdf62b89cda2d96431fc5cfc695def2aacdcbaa0d3982b1e504a3b9c72c79bf8d7ea85ce41dfd7605f03086cfc3988a65e03f0a8bbc,JF520207,,12/22/2022 17:00,25,TRAFFIC SIGNAL,UNKNOWN,SNOW,UNKNOWN,TURNING,OTHER,,STRAIGHT AND LEVEL,UNKNOWN,UNKNOWN,NOT ON SCENE (DESK REPORT),NO INJURY / DRIVE AWAY,,,,"OVER $1,500",12/22/2022 17:30,UNABLE TO DETERMINE,NOT APPLICABLE,6300,S,STATE ST,312,,,,,,,2,NO INDICATION OF INJURY,0,0,0,0,0,2,0,17,5,12,41.78000828,-87.62552251,POINT (-87.625522511916 41.780008277408)